Name,Day,Time,Date,lc,Count,Time Offset,LocNumber,Failures,Hauled Out,Satellites,InitLat,InitLon,InitTime,InitType,Latitude,Longitude,Height,Bad Sats,Residual,Time Error,TWIC Power,Fastloc Power,Noise,Range Bits,Id,Range,Signal,Doppler,CNR,Id,Range,Signal,Doppler,CNR,Id,Range,Signal,Doppler,CNR,Id,Range,Signal,Doppler,CNR,Id,Range,Signal,Doppler,CNR,Id,Range,Signal,Doppler,CNR,Id,Range,Signal,Doppler,CNR,Id,Range,Signal,Doppler,CNR,Id,Range,Signal,Doppler,CNR,Id,Range,Signal,Doppler,CNR,Id,Range,Signal,Doppler,CNR,Id,Range,Signal,Doppler,CNR,Id,Range,Signal,Doppler,CNR,Id,Range,Signal,Doppler,CNR,Id,Range,Signal,Doppler,CNR
173713,8-Jul-15,17:26:15,2015-07-08 17:26:15,G,1,,172,237,0,3,,,,,,,,,,,,,,15,32,15207,,,,18,8120,,,,27,4265,,,,,,,,,,,,,,,,,,,,,,,,,,,,,,,,,,,,,,,,,,,,,,,,,,,,,,,,,,,,,,,
173713,15-Jul-15,12:59:01,2015-07-15 12:59:01,G,1,,398,265,0,3,,,,,,,,,,,,,,15,17,7062,,,,10,12986,,,,15,16138,,,,,,,,,,,,,,,,,,,,,,,,,,,,,,,,,,,,,,,,,,,,,,,,,,,,,,,,,,,,,,,
173713,23-Apr-18,3:04:54,2018-04-23 03:04:54,G,1,136,,,,7,-62.464,-60.784,4/28/2018 21:16,P,,,,,,,,,,15,3,11107,,,,11,16971,,,,14,21558,,,,9,9461,,,,22,7670,,,,8,4990,,,,32,0,,,,,,,,,,,,,,,,,,,,,,,,,,,,,,,,,,,,,,,,,,,
173713,28-Apr-18,20:25:04,2018-04-28 20:25:04,G,5,141,547,514,0,7,-62.4773,-60.7918,27:28.2,FastGPS,-62.4773,-60.7918,,1,2.8,3.2,,,,15,9,8852,,,,3,5972,,,,23,17369,,,,16,5888,,,,4,11296,,,,6,29052,,,,26,25650,,,,,,,,,,,,,,,,,,,,,,,,,,,,,,,,,,,,,,,,,,,
173713,28-Apr-18,20:55:38,2018-04-28 20:55:38,G,7,141,548,514,0,6,-62.4737,-60.8099,58:01.2,FastGPS,-62.4737,-60.8099,,,4.5,2.2,,,,15,7,21187,,,,23,12885,,,,9,24224,,,,3,24298,,,,16,27548,,,,2,28616,,,,,,,,,,,,,,,,,,,,,,,,,,,,,,,,,,,,,,,,,,,,,,,,
173713,28-Apr-18,23:44:35,2018-04-28 23:44:35,G,4,141,552,517,0,8,-62.4449,-60.6942,46:59.7,FastGPS,-62.4449,-60.6942,,,8.2,3.7,,,,15,5,28904,,,,8,22132,,,,7,24171,,,,27,25505,,,,30,28131,,,,13,30971,,,,9,26184,,,,21,6602,,,,,,,,,,,,,,,,,,,,,,,,,,,,,,,,,,,,,,
173713,29-Apr-18,1:18:07,2018-04-29 01:18:07,G,3,141,554,519,0,7,-62.4433,-60.585,20:30.2,FastGPS,-62.4433,-60.585,,,2,2.2,,,,15,13,31406,,,,15,20029,,,,7,18412,,,,11,23381,,,,8,30736,,,,20,27539,,,,30,20055,,,,,,,,,,,,,,,,,,,,,,,,,,,,,,,,,,,,,,,,,,,
173713,29-Apr-18,1:52:30,2018-04-29 01:52:30,G,1,141,555,,0,9,-62.4475,-60.5456,54:53.7,FastGPS,-62.4475,-60.5456,,,12.1,2.7,,,,15,15,15314,,,,30,10343,,,,7,26062,,,,8,1299,,,,28,2016,,,,11,12442,,,,20,394,,,,13,5232,,,,17,5868,,,,,,,,,,,,,,,,,,,,,,,,,,,,,,,,,
173713,29-Apr-18,4:52:48,2018-04-29 04:52:48,G,5,142,558,523,0,6,-62.4777,-60.4273,55:11.7,FastGPS,-62.4777,-60.4273,,,8,1.7,,,,15,12,19043,,,,17,17284,,,,6,9173,,,,19,8007,,,,24,11492,,,,32,21339,,,,,,,,,,,,,,,,,,,,,,,,,,,,,,,,,,,,,,,,,,,,,,,,
173713,29-Apr-18,6:58:37,2018-04-29 06:58:37,G,3,142,559,,0,9,-62.49,-60.3535,01:01.7,FastGPS,-62.49,-60.3535,,,9.2,2.7,,,,15,31,9339,,,,32,18038,,,,14,20664,,,,29,20214,,,,6,30502,,,,19,11402,,,,2,28601,,,,3,13805,,,,12,12041,,,,,,,,,,,,,,,,,,,,,,,,,,,,,,,,,
173713,29-Apr-18,7:48:17,2018-04-29 07:48:17,G,6,142,560,524,0,8,-62.4904,-60.3341,50:40.7,FastGPS,-62.4904,-60.3341,,2,2.4,1.7,,,,15,12,23237,,,,2,31710,,,,29,14094,,,,5,9763,,,,31,16969,,,,25,17155,,,,4,26716,,,,7,30981,,,,,,,,,,,,,,,,,,,,,,,,,,,,,,,,,,,,,,
173713,29-Apr-18,8:21:16,2018-04-29 08:21:16,G,2,142,561,524,0,7,-62.49,-60.3271,23:39.7,FastGPS,-62.49,-60.3271,,1,2.4,1.7,,,,15,29,10707,,,,31,20341,,,,25,926,,,,4,11411,,,,12,10974,,,,5,21864,,,,23,4898,,,,,,,,,,,,,,,,,,,,,,,,,,,,,,,,,,,,,,,,,,,
173713,29-Apr-18,10:34:01,2018-04-29 10:34:01,G,4,142,562,525,0,6,-62.5122,-60.2783,36:24.2,FastGPS,-62.5122,-60.2783,,1,10.1,1.2,,,,15,5,183,,,,16,10014,,,,26,323,,,,21,6945,,,,4,1576,,,,20,15598,,,,,,,,,,,,,,,,,,,,,,,,,,,,,,,,,,,,,,,,,,,,,,,,
173713,29-Apr-18,11:19:09,2018-04-29 11:19:09,G,2,142,563,,0,9,-62.5138,-60.2832,21:32.7,FastGPS,-62.5138,-60.2832,,1,5.1,1.7,,,,15,29,2829,,,,15,18639,,,,4,11308,,,,27,13143,,,,26,15989,,,,16,6490,,,,21,21027,,,,20,14440,,,,5,17512,,,,,,,,,,,,,,,,,,,,,,,,,,,,,,,,,
173713,29-Apr-18,11:53:56,2018-04-29 11:53:56,G,2,142,564,,0,9,-62.5165,-60.2849,56:19.2,FastGPS,-62.5165,-60.2849,,1,10.8,1.2,,,,15,4,11173,,,,26,3511,,,,21,22397,,,,20,5722,,,,16,29624,,,,10,30938,,,,15,3719,,,,27,15458,,,,29,14888,,,,,,,,,,,,,,,,,,,,,,,,,,,,,,,,,
173713,29-Apr-18,13:36:00,2018-04-29 13:36:00,G,3,142,565,530,0,7,-62.516,-60.2845,38:24.7,FastGPS,-62.516,-60.2845,,,5.7,2.7,,,,15,15,8573,,,,21,28634,,,,20,15751,,,,27,22250,,,,8,21252,,,,10,24487,,,,32,3986,,,,,,,,,,,,,,,,,,,,,,,,,,,,,,,,,,,,,,,,,,,
173713,29-Apr-18,14:28:48,2018-04-29 14:28:48,G,3,142,566,531,0,7,-62.5156,-60.2847,31:11.2,FastGPS,-62.5156,-60.2847,,,10.2,1.2,,,,15,15,5574,,,,8,23528,,,,10,6530,,,,18,25730,,,,11,22754,,,,20,10048,,,,24,13133,,,,,,,,,,,,,,,,,,,,,,,,,,,,,,,,,,,,,,,,,,,
173713,29-Apr-18,16:11:36,2018-04-29 16:11:36,G,1,142,567,,0,9,-62.5158,-60.2842,13:59.2,FastGPS,-62.5158,-60.2842,,,7.6,1.2,,,,15,1,19030,,,,22,677,,,,10,9145,,,,32,2928,,,,14,13537,,,,18,18625,,,,11,28307,,,,24,29383,,,,17,25940,,,,,,,,,,,,,,,,,,,,,,,,,,,,,,,,,
173713,29-Apr-18,17:05:21,2018-04-29 17:05:21,G,1,142,568,536,0,8,-62.5159,-60.2844,07:44.2,FastGPS,-62.5159,-60.2844,,,12.2,1.2,,,,15,31,10464,,,,32,24442,,,,1,26629,,,,22,15753,,,,14,22564,,,,17,12368,,,,19,16665,,,,18,8118,,,,,,,,,,,,,,,,,,,,,,,,,,,,,,,,,,,,,,
173713,29-Apr-18,18:42:16,2018-04-29 18:42:16,G,1,142,570,538,0,7,-62.5158,-60.2839,44:40.2,FastGPS,-62.5158,-60.2839,,,9.7,2.2,,,,15,31,27499,,,,23,10,,,,14,583,,,,3,2018,,,,22,6958,,,,6,4884,,,,25,27088,,,,,,,,,,,,,,,,,,,,,,,,,,,,,,,,,,,,,,,,,,,
173713,29-Apr-18,19:14:02,2018-04-29 19:14:02,G,1,142,571,,0,9,-62.5157,-60.2845,16:26.7,FastGPS,-62.5157,-60.2845,,,8.2,2.7,,,,15,23,9415,,,,3,24793,,,,17,22107,,,,9,16365,,,,22,23642,,,,19,2957,,,,26,11322,,,,1,8659,,,,14,11517,,,,,,,,,,,,,,,,,,,,,,,,,,,,,,,,,
173713,29-Apr-18,21:14:45,2018-04-29 21:14:45,G,2,142,572,543,0,7,-62.5092,-60.2684,17:08.7,FastGPS,-62.5092,-60.2684,,1,6.3,1.7,,,,15,23,16012,,,,4,5935,,,,7,635,,,,26,1383,,,,16,20964,,,,29,22475,,,,5,9721,,,,,,,,,,,,,,,,,,,,,,,,,,,,,,,,,,,,,,,,,,,
173713,29-Apr-18,22:21:04,2018-04-29 22:21:04,G,2,142,573,545,0,7,-62.4829,-60.2291,23:28.7,FastGPS,-62.4829,-60.2291,,,6.5,2.7,,,,15,7,28724,,,,23,17680,,,,9,1379,,,,30,23271,,,,16,5616,,,,2,14255,,,,5,7108,,,,,,,,,,,,,,,,,,,,,,,,,,,,,,,,,,,,,,,,,,,
173713,29-Apr-18,22:51:00,2018-04-29 22:51:00,G,1,142,574,545,0,7,-62.4826,-60.2301,53:24.2,FastGPS,-62.4826,-60.2301,,,7.6,2.2,,,,15,7,16876,,,,9,6111,,,,30,13849,,,,27,18183,,,,5,27950,,,,16,24139,,,,2,1856,,,,,,,,,,,,,,,,,,,,,,,,,,,,,,,,,,,,,,,,,,,
173713,29-Apr-18,23:42:00,2018-04-29 23:42:00,G,3,142,575,546,0,6,-62.4825,-60.2298,44:24.2,FastGPS,-62.4825,-60.2298,,,5.8,2.2,,,,15,30,19977,,,,7,13212,,,,8,20579,,,,27,19587,,,,5,16563,,,,9,12011,,,,,,,,,,,,,,,,,,,,,,,,,,,,,,,,,,,,,,,,,,,,,,,,
173713,30-Apr-18,0:12:00,2018-04-30 00:12:00,G,1,142,576,,0,9,-62.4824,-60.2286,14:24.2,FastGPS,-62.4824,-60.2286,,,6.7,2.2,,,,15,27,24668,,,,8,10326,,,,9,12525,,,,7,9843,,,,30,2256,,,,15,18527,,,,13,8406,,,,28,17680,,,,21,15569,,,,,,,,,,,,,,,,,,,,,,,,,,,,,,,,,
173713,30-Apr-18,1:06:19,2018-04-30 01:06:19,G,3,142,577,547,0,6,-62.4831,-60.2254,08:43.3,FastGPS,-62.4831,-60.2254,,,3.8,2.3,,,,15,15,3800,,,,5,16265,,,,20,27039,,,,7,32306,,,,13,449,,,,30,19577,,,,,,,,,,,,,,,,,,,,,,,,,,,,,,,,,,,,,,,,,,,,,,,,
173713,30-Apr-18,2:31:20,2018-04-30 02:31:20,G,2,142,579,548,0,5,-62.4811,-60.2223,33:44.8,FastGPS,-62.4811,-60.2223,,,2.5,2.8,,,,15,30,21015,,,,28,9933,,,,10,1546,,,,15,13210,,,,13,17787,,,,,,,,,,,,,,,,,,,,,,,,,,,,,,,,,,,,,,,,,,,,,,,,,,,,,
173713,30-Apr-18,3:01:00,2018-04-30 03:01:00,G,1,142,580,,0,9,-62.4833,-60.226,03:24.2,FastGPS,-62.4833,-60.226,,,7.1,2.2,,,,15,28,13596,,,,10,22688,,,,19,14429,,,,15,15784,,,,13,11914,,,,24,6059,,,,30,8024,,,,17,18847,,,,11,30809,,,,,,,,,,,,,,,,,,,,,,,,,,,,,,,,,
173713,30-Apr-18,4:35:21,2018-04-30 04:35:21,G,2,142,583,548,0,5,-62.4834,-60.2258,37:45.7,FastGPS,-62.4834,-60.2258,,,5.8,2.7,,,,15,17,8120,,,,32,20198,,,,24,12574,,,,1,10821,,,,15,28089,,,,,,,,,,,,,,,,,,,,,,,,,,,,,,,,,,,,,,,,,,,,,,,,,,,,,
173713,30-Apr-18,7:23:25,2018-04-30 07:23:25,G,4,143,586,552,0,4,-62.473,-60.758,5/1/2018 3:20,A,-62.4961,-60.2292,,,1.8,1.9,,,,15,29,1916,,,,31,31724,,,,12,12754,,,,25,4078,,,,,,,,,,,,,,,,,,,,,,,,,,,,,,,,,,,,,,,,,,,,,,,,,,,,,,,,,,
173713,30-Apr-18,8:08:54,2018-04-30 08:08:54,G,2,143,587,553,0,8,-62.5157,-60.2841,11:18.7,FastGPS,-62.5157,-60.2841,,1,6.7,1.7,,,,15,12,10375,,,,2,6403,,,,29,25299,,,,5,22956,,,,25,11551,,,,4,10663,,,,31,18945,,,,26,17576,,,,,,,,,,,,,,,,,,,,,,,,,,,,,,,,,,,,,,
173713,30-Apr-18,8:44:23,2018-04-30 08:44:23,G,1,143,588,,0,9,-62.529,-60.3131,46:46.7,FastGPS,-62.529,-60.3131,,1,8.4,0.7,,,,15,31,20158,,,,29,6846,,,,25,32554,,,,26,31394,,,,23,16351,,,,4,1552,,,,5,3990,,,,12,14807,,,,2,23860,,,,,,,,,,,,,,,,,,,,,,,,,,,,,,,,,
173713,30-Apr-18,11:30:01,2018-04-30 11:30:01,G,1,143,591,,0,9,-62.5631,-60.504,32:24.2,FastGPS,-62.5631,-60.504,,1,15.8,0.2,,,,15,29,2574,,,,20,9750,,,,15,3988,,,,4,23251,,,,21,28020,,,,10,27333,,,,16,9510,,,,7,12365,,,,13,25305,,,,,,,,,,,,,,,,,,,,,,,,,,,,,,,,,
173713,30-Apr-18,13:34:01,2018-04-30 13:34:01,G,1,143,593,559,0,8,-62.5663,-60.5033,36:25.2,FastGPS,-62.5663,-60.5033,,,12.3,1.2,,,,15,10,16693,,,,8,17062,,,,28,28282,,,,27,9649,,,,20,1808,,,,13,10090,,,,18,20044,,,,30,14929,,,,,,,,,,,,,,,,,,,,,,,,,,,,,,,,,,,,,,
173713,30-Apr-18,14:40:20,2018-04-30 14:40:20,G,2,143,595,559,0,6,-62.5624,-60.5075,42:44.2,FastGPS,-62.5624,-60.5075,,,14,1.2,,,,15,10,19609,,,,32,18105,,,,11,11692,,,,28,3653,,,,1,15857,,,,24,19321,,,,,,,,,,,,,,,,,,,,,,,,,,,,,,,,,,,,,,,,,,,,,,,,
173713,30-Apr-18,16:47:27,2018-04-30 16:47:27,G,1,143,599,559,0,8,-62.5624,-60.5075,49:51.7,FastGPS,-62.5624,-60.5075,,,15.9,1.7,,,,15,12,93,,,,32,8413,,,,10,28300,,,,14,3333,,,,17,30664,,,,24,20332,,,,31,31492,,,,22,7219,,,,,,,,,,,,,,,,,,,,,,,,,,,,,,,,,,,,,,
173713,30-Apr-18,18:01:32,2018-04-30 18:01:32,G,1,143,600,561,0,8,-62.5618,-60.5089,03:56.2,FastGPS,-62.5618,-60.5089,,,8.2,1.2,,,,15,17,9926,,,,3,11773,,,,22,8343,,,,31,19121,,,,19,5156,,,,6,9064,,,,1,20194,,,,14,31395,,,,,,,,,,,,,,,,,,,,,,,,,,,,,,,,,,,,,,
173713,30-Apr-18,18:46:00,2018-04-30 18:46:00,G,1,143,601,562,0,6,-62.5621,-60.5086,48:24.2,FastGPS,-62.5621,-60.5086,,,3.3,1.2,,,,15,3,4983,,,,1,3022,,,,23,32539,,,,22,23808,,,,31,31824,,,,17,3880,,,,,,,,,,,,,,,,,,,,,,,,,,,,,,,,,,,,,,,,,,,,,,,,
173713,30-Apr-18,19:35:03,2018-04-30 19:35:03,G,1,143,602,563,0,7,-62.5621,-60.5122,37:27.2,FastGPS,-62.5621,-60.5122,,1,6.6,1.2,,,,15,22,841,,,,3,16708,,,,31,12545,,,,9,3732,,,,23,26408,,,,4,5399,,,,26,18687,,,,,,,,,,,,,,,,,,,,,,,,,,,,,,,,,,,,,,,,,,,
173713,30-Apr-18,20:09:57,2018-04-30 20:09:57,G,4,143,603,563,0,6,-62.5622,-60.5151,12:21.2,FastGPS,-62.5622,-60.5151,,,1.9,1.2,,,,15,6,4725,,,,23,28148,,,,9,25624,,,,3,4649,,,,7,7167,,,,26,18245,,,,,,,,,,,,,,,,,,,,,,,,,,,,,,,,,,,,,,,,,,,,,,,,
173713,30-Apr-18,20:40:01,2018-04-30 20:40:01,G,2,143,604,563,0,7,-62.5625,-60.5207,42:24.2,FastGPS,-62.5625,-60.5207,,,6.9,0.2,,,,15,7,6152,,,,23,21029,,,,3,17009,,,,9,2643,,,,16,30890,,,,6,32628,,,,26,30035,,,,,,,,,,,,,,,,,,,,,,,,,,,,,,,,,,,,,,,,,,,
173713,30-Apr-18,21:11:56,2018-04-30 21:11:56,G,4,143,605,,0,9,-62.5575,-60.5496,14:19.7,FastGPS,-62.5575,-60.5496,,1,15.1,0.7,,,,15,7,22981,,,,23,27087,,,,16,5928,,,,26,15953,,,,3,26527,,,,30,931,,,,4,19894,,,,9,1099,,,,6,1401,,,,,,,,,,,,,,,,,,,,,,,,,,,,,,,,,
173713,30-Apr-18,22:29:46,2018-04-30 22:29:46,G,1,143,607,563,0,7,-62.5421,-60.61,32:10.7,FastGPS,-62.5421,-60.61,,,3.4,1.7,,,,15,7,22082,,,,5,15571,,,,30,11371,,,,9,8568,,,,23,26533,,,,16,20144,,,,2,1878,,,,,,,,,,,,,,,,,,,,,,,,,,,,,,,,,,,,,,,,,,,
173713,30-Apr-18,23:00:00,2018-04-30 23:00:00,G,1,143,608,563,0,5,-62.5475,-60.6486,02:23.2,FastGPS,-62.5475,-60.6486,,,6,0.2,,,,15,5,32086,,,,7,3314,,,,30,2394,,,,9,11543,,,,13,15548,,,,,,,,,,,,,,,,,,,,,,,,,,,,,,,,,,,,,,,,,,,,,,,,,,,,,
173713,1-May-18,2:22:18,2018-05-01 02:22:18,G,2,143,612,568,0,6,-62.4828,-60.7472,24:42.7,FastGPS,-62.4828,-60.7472,,,14.6,1.7,,,,15,13,29563,,,,28,17553,,,,15,13049,,,,20,27737,,,,17,15227,,,,24,16408,,,,,,,,,,,,,,,,,,,,,,,,,,,,,,,,,,,,,,,,,,,,,,,,
173713,1-May-18,4:54:21,2018-05-01 04:54:21,G,3,143,615,571,0,7,-62.4629,-60.7713,56:45.2,FastGPS,-62.4629,-60.7713,,,3.8,1.2,,,,15,12,5133,,,,17,14290,,,,24,26968,,,,3,310,,,,22,30168,,,,1,3718,,,,32,30279,,,,,,,,,,,,,,,,,,,,,,,,,,,,,,,,,,,,,,,,,,,
173713,1-May-18,5:24:00,2018-05-01 05:24:00,G,3,143,616,571,0,6,-62.4691,-60.7645,26:23.2,FastGPS,-62.4691,-60.7645,,,6.6,0.2,,,,15,12,17470,,,,17,27976,,,,19,2582,,,,24,22609,,,,3,18267,,,,25,8792,,,,,,,,,,,,,,,,,,,,,,,,,,,,,,,,,,,,,,,,,,,,,,,,
173713,1-May-18,7:03:16,2018-05-01 07:03:16,G,1,144,618,,0,9,-62.472,-60.7592,05:39.7,FastGPS,-62.472,-60.7592,,,8.6,-0.3,,,,15,12,7530,,,,2,4219,,,,29,30374,,,,31,10310,,,,6,24487,,,,25,11627,,,,14,13850,,,,32,25448,,,,24,5990,,,,,,,,,,,,,,,,,,,,,,,,,,,,,,,,,
173713,1-May-18,7:34:20,2018-05-01 07:34:20,G,1,144,619,573,0,5,-62.4723,-60.7611,36:44.7,FastGPS,-62.4723,-60.7611,,,0.3,0.7,,,,15,12,23223,,,,29,12895,,,,2,17233,,,,25,812,,,,6,478,,,,,,,,,,,,,,,,,,,,,,,,,,,,,,,,,,,,,,,,,,,,,,,,,,,,,
173713,1-May-18,8:04:01,2018-05-01 08:04:01,G,1,144,620,573,0,6,-62.4634,-60.7748,06:25.2,FastGPS,-62.4634,-60.7748,,,8.4,0.2,,,,15,12,19299,,,,5,25119,,,,2,13726,,,,29,32103,,,,31,28106,,,,25,20015,,,,,,,,,,,,,,,,,,,,,,,,,,,,,,,,,,,,,,,,,,,,,,,,
173713,1-May-18,8:36:39,2018-05-01 08:36:39,G,2,144,621,573,0,8,-62.4674,-60.7673,39:03.7,FastGPS,-62.4674,-60.7673,,1,10.1,0.7,,,,15,31,31919,,,,25,13293,,,,4,28190,,,,29,8189,,,,23,24695,,,,5,28298,,,,26,22874,,,,9,21844,,,,,,,,,,,,,,,,,,,,,,,,,,,,,,,,,,,,,,
173713,1-May-18,9:08:46,2018-05-01 09:08:46,G,1,144,622,573,0,7,-62.4727,-60.7607,11:10.7,FastGPS,-62.4727,-60.7607,,1,2.3,0.7,,,,15,4,26900,,,,29,25354,,,,2,13350,,,,9,4572,,,,31,1314,,,,26,15350,,,,5,12241,,,,,,,,,,,,,,,,,,,,,,,,,,,,,,,,,,,,,,,,,,,
173713,1-May-18,9:45:07,2018-05-01 09:45:07,G,1,144,623,573,0,7,-62.4861,-60.7453,47:31.3,FastGPS,-62.4861,-60.7453,,1,1.4,0.3,,,,15,4,2454,,,,26,26177,,,,21,28441,,,,29,7115,,,,5,28774,,,,2,22578,,,,9,12296,,,,,,,,,,,,,,,,,,,,,,,,,,,,,,,,,,,,,,,,,,,
173713,1-May-18,10:15:57,2018-05-01 10:15:57,G,1,144,624,573,0,5,-62.4986,-60.7008,54:44.2,FastGPS,-62.4791,-60.7644,,1,0.1,0.2,,,,15,29,30818,,,,5,31484,,,,20,16098,,,,4,28867,,,,21,22330,,,,,,,,,,,,,,,,,,,,,,,,,,,,,,,,,,,,,,,,,,,,,,,,,,,,,
173713,1-May-18,11:51:06,2018-05-01 11:51:06,G,1,144,627,,0,9,-62.4648,-60.7772,53:30.7,FastGPS,-62.4648,-60.7772,,1,10,0.7,,,,15,26,13116,,,,15,11865,,,,10,21535,,,,4,18241,,,,20,4710,,,,21,12214,,,,29,17586,,,,16,20206,,,,27,30834,,,,,,,,,,,,,,,,,,,,,,,,,,,,,,,,,
173713,1-May-18,13:10:13,2018-05-01 13:10:13,G,1,144,629,574,0,8,-62.4603,-60.8005,12:37.2,FastGPS,-62.4603,-60.8005,,,13.9,0.2,,,,15,15,10361,,,,21,23962,,,,20,25887,,,,10,7100,,,,16,15187,,,,27,15958,,,,8,22371,,,,18,31508,,,,,,,,,,,,,,,,,,,,,,,,,,,,,,,,,,,,,,
173713,1-May-18,16:01:55,2018-05-01 16:01:55,G,3,144,632,,0,9,-62.486,-60.7426,04:19.2,FastGPS,-62.486,-60.7426,,,3.5,0.2,,,,15,11,29785,,,,22,29390,,,,1,17382,,,,32,2468,,,,17,21792,,,,18,19552,,,,24,31181,,,,14,9057,,,,10,13123,,,,,,,,,,,,,,,,,,,,,,,,,,,,,,,,,
173713,1-May-18,17:38:02,2018-05-01 17:38:02,G,2,144,633,582,0,7,-62.4856,-60.7433,40:26.7,FastGPS,-62.4856,-60.7433,,,3.8,0.7,,,,15,32,12689,,,,31,19338,,,,14,31383,,,,22,4648,,,,18,23454,,,,3,26821,,,,12,30938,,,,,,,,,,,,,,,,,,,,,,,,,,,,,,,,,,,,,,,,,,,
173713,1-May-18,18:58:21,2018-05-01 18:58:21,G,1,144,634,,0,9,-62.4856,-60.7433,00:45.2,FastGPS,-62.4856,-60.7433,,1,10.2,0.2,,,,15,31,29452,,,,3,1486,,,,22,15980,,,,17,20708,,,,23,25415,,,,9,16445,,,,1,9308,,,,19,20842,,,,4,15074,,,,,,,,,,,,,,,,,,,,,,,,,,,,,,,,,
173713,1-May-18,20:18:01,2018-05-01 20:18:01,G,2,144,636,586,0,7,-62.4856,-60.7423,20:25.2,FastGPS,-62.4856,-60.7423,,,7.2,0.2,,,,15,9,5817,,,,6,6607,,,,2,31539,,,,23,26779,,,,29,21555,,,,3,2662,,,,31,22480,,,,,,,,,,,,,,,,,,,,,,,,,,,,,,,,,,,,,,,,,,,
173713,1-May-18,20:48:26,2018-05-01 20:48:26,G,3,144,637,586,0,6,-62.4782,-60.7539,50:50.3,FastGPS,-62.4782,-60.7539,,1,11.9,0.3,,,,15,7,2427,,,,23,21283,,,,26,29561,,,,9,20442,,,,4,16495,,,,16,30912,,,,,,,,,,,,,,,,,,,,,,,,,,,,,,,,,,,,,,,,,,,,,,,,
173713,1-May-18,21:38:02,2018-05-01 21:38:02,G,3,144,638,,0,9,-62.4636,-60.7745,40:26.7,FastGPS,-62.4636,-60.7745,,1,13.1,0.7,,,,15,23,6015,,,,16,28819,,,,5,23779,,,,4,1534,,,,9,22552,,,,2,7148,,,,26,17635,,,,29,8474,,,,7,5273,,,,,,,,,,,,,,,,,,,,,,,,,,,,,,,,,
173713,1-May-18,22:08:22,2018-05-01 22:08:22,G,2,144,639,587,0,7,-62.4486,-60.7708,10:46.2,FastGPS,-62.4486,-60.7708,,,6.5,0.2,,,,15,9,4464,,,,16,4454,,,,23,29720,,,,27,4630,,,,7,15204,,,,30,1556,,,,26,12600,,,,,,,,,,,,,,,,,,,,,,,,,,,,,,,,,,,,,,,,,,,
173713,2-May-18,0:24:01,2018-05-02 00:24:01,G,2,144,642,587,0,5,-62.4438,-60.6147,26:25.2,FastGPS,-62.4438,-60.6147,,,1.6,0.2,,,,15,5,18411,,,,28,9942,,,,13,5288,,,,15,9679,,,,30,21151,,,,,,,,,,,,,,,,,,,,,,,,,,,,,,,,,,,,,,,,,,,,,,,,,,,,,
173713,2-May-18,2:06:27,2018-05-02 02:06:27,G,1,144,644,587,0,8,-62.4417,-60.6332,08:51.2,FastGPS,-62.4417,-60.6332,,,11.6,0.2,,,,15,15,22923,,,,28,21467,,,,13,6679,,,,17,10210,,,,30,8875,,,,11,20743,,,,20,3133,,,,24,16620,,,,,,,,,,,,,,,,,,,,,,,,,,,,,,,,,,,,,,
173713,2-May-18,2:36:34,2018-05-02 02:36:34,G,1,144,645,587,0,8,-62.4273,-60.6516,38:58.2,FastGPS,-62.4273,-60.6516,,,10.5,0.2,,,,15,17,16918,,,,28,25149,,,,15,28337,,,,13,30124,,,,24,8856,,,,19,5501,,,,20,32115,,,,10,6208,,,,,,,,,,,,,,,,,,,,,,,,,,,,,,,,,,,,,,
173713,2-May-18,3:40:32,2018-05-02 03:40:32,G,2,144,647,,0,9,-62.435,-60.6558,42:56.2,FastGPS,-62.435,-60.6558,,,14.1,0.2,,,,15,15,26499,,,,17,26474,,,,12,6025,,,,19,5174,,,,10,8993,,,,32,31921,,,,24,4918,,,,18,31753,,,,11,32725,,,,,,,,,,,,,,,,,,,,,,,,,,,,,,,,,
173713,2-May-18,4:44:18,2018-05-02 04:44:18,G,2,144,649,587,0,5,-62.4867,-60.6736,46:42.7,FastGPS,-62.4867,-60.6736,,,3.3,0.7,,,,15,12,32661,,,,24,10549,,,,32,31076,,,,19,7841,,,,17,8121,,,,,,,,,,,,,,,,,,,,,,,,,,,,,,,,,,,,,,,,,,,,,,,,,,,,,
173713,2-May-18,5:17:19,2018-05-02 05:17:19,G,1,144,650,587,0,5,-62.4967,-60.7004,19:43.6,FastGPS,-62.4967,-60.7004,,,10.1,0.6,,,,15,17,14700,,,,12,22606,,,,32,12236,,,,6,19597,,,,19,17310,,,,,,,,,,,,,,,,,,,,,,,,,,,,,,,,,,,,,,,,,,,,,,,,,,,,,
173713,2-May-18,5:52:20,2018-05-02 05:52:20,G,1,144,651,,0,9,-62.4986,-60.7008,54:44.2,FastGPS,-62.4986,-60.7008,,,32.7,0.2,,,,15,12,31116,,,,25,10272,,,,32,22258,,,,14,10194,,,,17,31108,,,,24,2325,,,,22,3907,,,,19,32439,,,,31,27353,,,,,,,,,,,,,,,,,,,,,,,,,,,,,,,,,
173713,2-May-18,6:53:25,2018-05-02 06:53:25,G,3,145,652,589,0,6,-62.499,-60.7005,55:48.7,FastGPS,-62.499,-60.7005,,,11.1,-1.3,,,,15,31,5767,,,,25,17761,,,,12,865,,,,19,15991,,,,29,20680,,,,2,10204,,,,,,,,,,,,,,,,,,,,,,,,,,,,,,,,,,,,,,,,,,,,,,,,
173713,2-May-18,7:23:00,2018-05-02 07:23:00,G,1,145,653,589,0,5,-62.4986,-60.7008,54:44.2,FastGPS,-62.4994,-60.6997,,1,1.7,-1.7,,,,15,31,13508,,,,6,28665,,,,2,23269,,,,4,23996,,,,14,10273,,,,,,,,,,,,,,,,,,,,,,,,,,,,,,,,,,,,,,,,,,,,,,,,,,,,,
173713,2-May-18,7:53:01,2018-05-02 07:53:01,G,2,145,654,589,0,6,-62.4995,-60.7,55:25.7,FastGPS,-62.4995,-60.7,,,8.1,-0.3,,,,15,12,17763,,,,2,32622,,,,5,3337,,,,31,29313,,,,29,20392,,,,25,32080,,,,,,,,,,,,,,,,,,,,,,,,,,,,,,,,,,,,,,,,,,,,,,,,
173713,2-May-18,8:24:13,2018-05-02 08:24:13,G,2,145,655,589,0,6,-62.4977,-60.7006,26:36.7,FastGPS,-62.4977,-60.7006,,,12.3,-1.3,,,,15,5,30460,,,,2,30686,,,,12,123,,,,31,3845,,,,25,27813,,,,23,26291,,,,,,,,,,,,,,,,,,,,,,,,,,,,,,,,,,,,,,,,,,,,,,,,
173713,2-May-18,8:55:15,2018-05-02 08:55:15,G,2,145,656,589,0,8,-62.4984,-60.7006,57:38.7,FastGPS,-62.4984,-60.7006,,1,9.2,-1.2,,,,15,29,18116,,,,25,10380,,,,31,17911,,,,23,21467,,,,26,8422,,,,4,28151,,,,5,19067,,,,21,26123,,,,,,,,,,,,,,,,,,,,,,,,,,,,,,,,,,,,,,
173713,2-May-18,9:25:37,2018-05-02 09:25:37,G,4,145,657,589,0,7,-62.4998,-60.6994,28:00.2,FastGPS,-62.4998,-60.6994,,1,3.4,-1.8,,,,15,4,25424,,,,26,1104,,,,9,31558,,,,16,28671,,,,29,3075,,,,25,29052,,,,31,23539,,,,,,,,,,,,,,,,,,,,,,,,,,,,,,,,,,,,,,,,,,,
173713,2-May-18,13:55:00,2018-05-02 13:55:00,G,1,145,663,594,0,8,-62.5001,-60.7,57:24.2,FastGPS,-62.5001,-60.7,,,4.8,-0.8,,,,15,10,24508,,,,15,13931,,,,8,22822,,,,24,19026,,,,18,24828,,,,27,11453,,,,20,21390,,,,11,20382,,,,,,,,,,,,,,,,,,,,,,,,,,,,,,,,,,,,,,
173713,2-May-18,15:48:28,2018-05-02 15:48:28,G,1,145,666,,0,9,-62.4998,-60.6998,50:52.7,FastGPS,-62.4998,-60.6998,,,7.9,-0.3,,,,15,18,14414,,,,32,1075,,,,1,24568,,,,10,15462,,,,22,25367,,,,24,10701,,,,3,1346,,,,11,23404,,,,8,4266,,,,,,,,,,,,,,,,,,,,,,,,,,,,,,,,,
173713,2-May-18,16:18:00,2018-05-02 16:18:00,G,1,145,667,595,0,5,-62.5,-60.7006,20:23.2,FastGPS,-62.5,-60.7006,,,0.6,-1.8,,,,15,32,30360,,,,3,13861,,,,24,32571,,,,1,1992,,,,14,30922,,,,,,,,,,,,,,,,,,,,,,,,,,,,,,,,,,,,,,,,,,,,,,,,,,,,,
173713,2-May-18,16:50:46,2018-05-02 16:50:46,G,2,145,668,,0,9,-62.5014,-60.7008,53:10.7,FastGPS,-62.5014,-60.7008,,,6.3,-0.3,,,,15,17,14215,,,,11,1929,,,,18,17028,,,,1,31558,,,,3,11636,,,,22,16538,,,,19,13360,,,,12,22048,,,,14,26455,,,,,,,,,,,,,,,,,,,,,,,,,,,,,,,,,
173713,2-May-18,17:23:47,2018-05-02 17:23:47,G,3,145,669,595,0,6,-62.5019,-60.702,26:11.8,FastGPS,-62.5019,-60.702,,,11.9,-0.2,,,,15,22,12664,,,,17,19090,,,,19,12509,,,,3,10999,,,,12,26678,,,,1,7784,,,,,,,,,,,,,,,,,,,,,,,,,,,,,,,,,,,,,,,,,,,,,,,,
173713,2-May-18,17:54:20,2018-05-02 17:54:20,G,3,145,670,,0,9,-62.5019,-60.7016,56:44.2,FastGPS,-62.5019,-60.7016,,,13,-0.8,,,,15,14,1184,,,,12,30709,,,,22,13289,,,,31,26102,,,,3,19101,,,,1,23854,,,,32,19316,,,,25,7218,,,,23,24728,,,,,,,,,,,,,,,,,,,,,,,,,,,,,,,,,
173713,2-May-18,19:29:15,2018-05-02 19:29:15,G,2,145,672,597,0,7,-62.4985,-60.7003,31:39.2,FastGPS,-62.4985,-60.7003,,1,8,-0.8,,,,15,31,18590,,,,4,24457,,,,26,7005,,,,23,9878,,,,22,5323,,,,6,9328,,,,3,24730,,,,,,,,,,,,,,,,,,,,,,,,,,,,,,,,,,,,,,,,,,,
173713,2-May-18,20:16:25,2018-05-02 20:16:25,G,1,145,673,598,0,8,-62.4942,-60.7068,18:49.7,FastGPS,-62.4942,-60.7068,,1,8.6,-0.3,,,,15,23,22037,,,,3,24600,,,,26,20718,,,,16,17769,,,,6,2110,,,,4,32110,,,,9,10778,,,,7,31971,,,,,,,,,,,,,,,,,,,,,,,,,,,,,,,,,,,,,,
173713,3-May-18,0:03:38,2018-05-03 00:03:38,G,1,145,680,598,0,5,-62.4901,-60.738,06:01.2,FastGPS,-62.4901,-60.738,,,3.7,-1.8,,,,15,5,192,,,,30,2723,,,,7,31109,,,,28,5136,,,,13,25355,,,,,,,,,,,,,,,,,,,,,,,,,,,,,,,,,,,,,,,,,,,,,,,,,,,,,
173713,3-May-18,0:33:50,2018-05-03 00:33:50,G,2,145,681,598,0,5,-62.4881,-60.7396,36:14.3,FastGPS,-62.4881,-60.7396,,,5.2,-0.7,,,,15,7,25101,,,,30,5262,,,,8,26138,,,,13,10294,,,,15,5679,,,,,,,,,,,,,,,,,,,,,,,,,,,,,,,,,,,,,,,,,,,,,,,,,,,,,
173713,3-May-18,1:38:00,2018-05-03 01:38:00,G,2,145,682,600,0,5,-62.4843,-60.7558,40:24.2,FastGPS,-62.4843,-60.7558,,,13.6,-0.7,,,,15,15,11453,,,,28,26698,,,,13,29037,,,,30,28569,,,,24,32706,,,,,,,,,,,,,,,,,,,,,,,,,,,,,,,,,,,,,,,,,,,,,,,,,,,,,
173713,3-May-18,2:08:12,2018-05-03 02:08:12,G,1,145,683,600,0,8,-62.4718,-60.7623,10:36.7,FastGPS,-62.4718,-60.7623,,,14.2,-0.3,,,,15,20,21633,,,,17,760,,,,24,4676,,,,13,22892,,,,15,22870,,,,28,7887,,,,30,12082,,,,19,20466,,,,,,,,,,,,,,,,,,,,,,,,,,,,,,,,,,,,,,
173713,3-May-18,6:47:36,2018-05-03 06:47:36,G,1,145,689,606,0,6,-62.4873,-60.8221,49:59.7,FastGPS,-62.4873,-60.8221,,,6.1,-1.3,,,,15,19,26030,,,,25,18512,,,,2,10031,,,,12,6961,,,,6,24530,,,,29,16990,,,,,,,,,,,,,,,,,,,,,,,,,,,,,,,,,,,,,,,,,,,,,,,,
173713,3-May-18,7:36:27,2018-05-03 07:36:27,G,1,145,690,607,0,8,-62.484,-60.8184,38:50.7,FastGPS,-62.484,-60.8184,,1,12.3,-1.3,,,,15,31,3660,,,,29,6449,,,,6,23083,,,,25,26806,,,,12,16121,,,,23,10083,,,,2,3977,,,,4,26488,,,,,,,,,,,,,,,,,,,,,,,,,,,,,,,,,,,,,,
173713,3-May-18,11:08:59,2018-05-03 11:08:59,G,3,145,695,610,0,5,-62.525,-60.827,5/4/2018 7:24,N,-62.4874,-60.8222,,1,0.1,-0.8,,,,15,4,5365,,,,16,24957,,,,26,14645,,,,20,2630,,,,21,6810,,,,,,,,,,,,,,,,,,,,,,,,,,,,,,,,,,,,,,,,,,,,,,,,,,,,,
173713,3-May-18,11:39:07,2018-05-03 11:39:07,G,1,145,696,,0,9,-62.4854,-60.8184,41:31.7,FastGPS,-62.4854,-60.8184,,,7.9,-0.3,,,,15,27,12553,,,,16,19573,,,,7,12482,,,,13,23332,,,,21,10562,,,,20,28491,,,,30,18124,,,,15,27972,,,,29,29173,,,,,,,,,,,,,,,,,,,,,,,,,,,,,,,,,
173713,3-May-18,12:25:25,2018-05-03 12:25:25,G,1,145,697,,0,9,-62.4767,-60.7947,27:48.3,FastGPS,-62.4767,-60.7947,,,12.7,-1.7,,,,15,10,25043,,,,21,30804,,,,16,27275,,,,27,19291,,,,8,16587,,,,20,7708,,,,7,4681,,,,30,20808,,,,26,5577,,,,,,,,,,,,,,,,,,,,,,,,,,,,,,,,,
173713,3-May-18,17:45:08,2018-05-03 17:45:08,G,1,145,705,616,0,7,-62.5228,-60.8307,47:32.2,FastGPS,-62.5228,-60.8307,,1,12,-0.8,,,,15,22,22791,,,,11,26648,,,,1,8822,,,,23,5722,,,,3,16204,,,,19,11653,,,,17,26765,,,,,,,,,,,,,,,,,,,,,,,,,,,,,,,,,,,,,,,,,,,
173713,3-May-18,19:47:15,2018-05-03 19:47:15,G,1,145,709,,0,9,-62.5353,-60.8474,49:39.3,FastGPS,-62.5353,-60.8474,,2,12,-0.7,,,,15,9,28831,,,,31,537,,,,6,10214,,,,2,30710,,,,23,1362,,,,4,26692,,,,16,6676,,,,29,9721,,,,22,24259,,,,,,,,,,,,,,,,,,,,,,,,,,,,,,,,,
173713,3-May-18,22:09:00,2018-05-03 22:09:00,G,1,145,713,617,0,6,-62.5469,-60.829,11:24.3,FastGPS,-62.5469,-60.829,,,9.7,-0.7,,,,15,16,15669,,,,7,22781,,,,9,9041,,,,5,8084,,,,2,19492,,,,26,4316,,,,,,,,,,,,,,,,,,,,,,,,,,,,,,,,,,,,,,,,,,,,,,,,
173713,3-May-18,22:55:00,2018-05-03 22:55:00,G,1,145,714,618,0,7,-62.5449,-60.8451,57:24.7,FastGPS,-62.5449,-60.8451,,,3.5,-0.3,,,,15,8,7552,,,,5,27989,,,,27,9366,,,,9,6105,,,,7,22373,,,,16,30140,,,,30,8646,,,,,,,,,,,,,,,,,,,,,,,,,,,,,,,,,,,,,,,,,,,
173713,3-May-18,23:25:11,2018-05-03 23:25:11,G,1,145,715,618,0,8,-62.5311,-60.8439,27:35.7,FastGPS,-62.5311,-60.8439,,,9.6,-0.3,,,,15,8,5691,,,,5,8407,,,,7,1852,,,,30,8717,,,,9,32453,,,,13,16303,,,,27,6331,,,,28,10960,,,,,,,,,,,,,,,,,,,,,,,,,,,,,,,,,,,,,,
173713,4-May-18,0:12:22,2018-05-04 00:12:22,G,2,145,716,619,0,6,-62.5218,-60.8524,14:46.3,FastGPS,-62.5218,-60.8524,,,7.8,-0.7,,,,15,7,8875,,,,30,13806,,,,28,16657,,,,5,18666,,,,8,27485,,,,13,18966,,,,,,,,,,,,,,,,,,,,,,,,,,,,,,,,,,,,,,,,,,,,,,,,
173713,4-May-18,0:42:02,2018-05-04 00:42:02,G,1,145,717,619,0,6,-62.5267,-60.8577,44:26.8,FastGPS,-62.5267,-60.8577,,,5.2,-0.2,,,,15,7,25054,,,,8,12398,,,,30,31693,,,,28,25014,,,,15,5368,,,,5,12526,,,,,,,,,,,,,,,,,,,,,,,,,,,,,,,,,,,,,,,,,,,,,,,,
173713,4-May-18,1:12:00,2018-05-04 01:12:00,G,1,145,718,619,0,7,-62.5264,-60.8578,14:24.3,FastGPS,-62.5264,-60.8578,,,10.3,-0.7,,,,15,13,16787,,,,15,7334,,,,28,26257,,,,30,19894,,,,5,18523,,,,7,26561,,,,11,5462,,,,,,,,,,,,,,,,,,,,,,,,,,,,,,,,,,,,,,,,,,,
173713,4-May-18,6:14:00,2018-05-04 06:14:00,G,2,145,726,623,0,7,-62.523,-60.8314,16:24.3,FastGPS,-62.523,-60.8314,,,16.9,-0.7,,,,15,3,10848,,,,25,71,,,,12,23975,,,,14,9038,,,,32,18336,,,,31,30414,,,,29,27097,,,,,,,,,,,,,,,,,,,,,,,,,,,,,,,,,,,,,,,,,,,
173713,4-May-18,7:29:00,2018-05-04 07:29:00,G,1,145,728,624,0,5,-62.494,-60.843,5/5/2018 7:13,N,-62.5228,-60.8319,,1,0.9,-0.7,,,,15,29,2007,,,,31,4815,,,,25,742,,,,4,18021,,,,23,10318,,,,,,,,,,,,,,,,,,,,,,,,,,,,,,,,,,,,,,,,,,,,,,,,,,,,,
173713,4-May-18,9:50:46,2018-05-04 09:50:46,G,1,145,729,631,0,6,-62.5175,-60.8456,53:10.8,FastGPS,-62.5175,-60.8456,,1,2.2,-0.2,,,,15,5,32183,,,,26,29491,,,,21,21675,,,,4,19899,,,,16,6045,,,,29,15726,,,,,,,,,,,,,,,,,,,,,,,,,,,,,,,,,,,,,,,,,,,,,,,,
173713,4-May-18,10:21:04,2018-05-04 10:21:04,G,1,145,730,631,0,7,-62.5217,-60.8335,23:28.3,FastGPS,-62.5217,-60.8335,,1,5.6,-0.7,,,,15,16,29127,,,,5,11678,,,,26,27737,,,,4,21185,,,,21,27051,,,,20,25189,,,,29,24555,,,,,,,,,,,,,,,,,,,,,,,,,,,,,,,,,,,,,,,,,,,
173713,4-May-18,11:36:29,2018-05-04 11:36:29,G,1,145,732,,0,9,-62.5408,-60.8372,38:53.8,FastGPS,-62.5408,-60.8372,,1,3.8,-0.2,,,,15,15,12960,,,,27,31337,,,,21,22815,,,,10,17558,,,,16,31264,,,,20,10541,,,,13,6717,,,,4,2919,,,,26,29499,,,,,,,,,,,,,,,,,,,,,,,,,,,,,,,,,
173713,4-May-18,12:07:39,2018-05-04 12:07:39,G,1,145,733,632,0,8,-62.5413,-60.836,10:03.8,FastGPS,-62.5413,-60.836,,,7,-0.2,,,,15,15,17734,,,,27,21583,,,,21,102,,,,7,29545,,,,13,27506,,,,20,17589,,,,8,19269,,,,16,32376,,,,,,,,,,,,,,,,,,,,,,,,,,,,,,,,,,,,,,
173713,4-May-18,20:58:13,2018-05-04 20:58:13,G,1,145,746,640,0,6,-62.5227,-60.8532,00:37.3,FastGPS,-62.5227,-60.8532,,,1.6,-0.7,,,,15,9,6728,,,,5,17876,,,,29,10744,,,,23,20320,,,,2,7095,,,,16,13204,,,,,,,,,,,,,,,,,,,,,,,,,,,,,,,,,,,,,,,,,,,,,,,,
173713,4-May-18,21:58:03,2018-05-04 21:58:03,G,1,145,747,642,0,5,-62.522,-60.8606,00:27.6,FastGPS,-62.522,-60.8606,,,3.1,-0.4,,,,15,7,21269,,,,23,21496,,,,9,2176,,,,26,8158,,,,30,10530,,,,,,,,,,,,,,,,,,,,,,,,,,,,,,,,,,,,,,,,,,,,,,,,,,,,,
173713,4-May-18,22:49:29,2018-05-04 22:49:29,G,2,145,748,643,0,5,-62.5234,-60.8601,51:53.8,FastGPS,-62.5234,-60.8601,,,3.6,-0.2,,,,15,5,20200,,,,7,16281,,,,9,4361,,,,30,31295,,,,8,27835,,,,,,,,,,,,,,,,,,,,,,,,,,,,,,,,,,,,,,,,,,,,,,,,,,,,,
173713,5-May-18,3:17:19,2018-05-05 03:17:19,G,2,145,754,,0,9,-62.5302,-60.8446,19:42.3,FastGPS,-62.5302,-60.8446,,,11.3,-1.7,,,,15,15,6641,,,,1,21146,,,,24,25182,,,,12,4456,,,,11,5647,,,,10,7894,,,,18,29835,,,,17,21583,,,,28,30640,,,,,,,,,,,,,,,,,,,,,,,,,,,,,,,,,
173713,5-May-18,3:50:29,2018-05-05 03:50:29,G,1,145,755,,0,9,-62.5432,-60.8432,52:52.8,FastGPS,-62.5432,-60.8432,,,10.3,-1.2,,,,15,12,22964,,,,24,32625,,,,17,27485,,,,1,21436,,,,28,14919,,,,32,13304,,,,15,2119,,,,10,13795,,,,18,5166,,,,,,,,,,,,,,,,,,,,,,,,,,,,,,,,,
173713,5-May-18,5:13:48,2018-05-05 05:13:48,G,1,145,756,651,0,7,-62.5343,-60.8595,16:11.8,FastGPS,-62.5343,-60.8595,,,4.6,-1.2,,,,15,17,12661,,,,19,1405,,,,6,10901,,,,2,3540,,,,12,5746,,,,3,6776,,,,32,14176,,,,,,,,,,,,,,,,,,,,,,,,,,,,,,,,,,,,,,,,,,,
173713,5-May-18,9:10:00,2018-05-05 09:10:00,G,1,145,761,,0,9,-62.4874,-60.822,12:23.3,FastGPS,-62.4874,-60.822,,1,5.3,-1.7,,,,15,5,15732,,,,26,14598,,,,4,9051,,,,31,24230,,,,29,27542,,,,2,11721,,,,21,28523,,,,16,3185,,,,9,20835,,,,,,,,,,,,,,,,,,,,,,,,,,,,,,,,,
173713,5-May-18,9:55:38,2018-05-05 09:55:38,G,1,145,762,657,0,7,-62.4765,-60.7982,58:02.8,FastGPS,-62.4765,-60.7982,,1,15.8,-0.2,,,,15,29,4818,,,,5,273,,,,31,30826,,,,16,14974,,,,20,13120,,,,4,27571,,,,21,2979,,,,,,,,,,,,,,,,,,,,,,,,,,,,,,,,,,,,,,,,,,,
173713,5-May-18,10:27:40,2018-05-05 10:27:40,G,2,145,763,657,0,8,-62.4638,-60.8154,30:04.8,FastGPS,-62.4638,-60.8154,,1,8.2,-0.2,,,,15,21,18924,,,,4,30288,,,,27,5723,,,,26,13645,,,,20,26662,,,,29,17389,,,,5,13364,,,,16,16197,,,,,,,,,,,,,,,,,,,,,,,,,,,,,,,,,,,,,,
173713,5-May-18,10:57:00,2018-05-05 10:57:00,G,1,145,764,,0,9,-62.4584,-60.7988,59:24.8,FastGPS,-62.4584,-60.7988,,1,8.1,-0.2,,,,15,20,29441,,,,4,24816,,,,26,31345,,,,29,11739,,,,16,29755,,,,15,11516,,,,7,16778,,,,27,12050,,,,21,10446,,,,,,,,,,,,,,,,,,,,,,,,,,,,,,,,,
173713,5-May-18,11:30:13,2018-05-05 11:30:13,G,2,145,765,657,0,5,-62.4633,-60.7736,32:36.8,FastGPS,-62.4633,-60.7736,,,1.4,-1.2,,,,15,27,19167,,,,15,2732,,,,13,31684,,,,20,4258,,,,29,9760,,,,,,,,,,,,,,,,,,,,,,,,,,,,,,,,,,,,,,,,,,,,,,,,,,,,,
173713,5-May-18,12:00:18,2018-05-05 12:00:18,G,3,145,766,,0,9,-62.4823,-60.7621,02:41.8,FastGPS,-62.4823,-60.7621,,,6.3,-1.2,,,,15,27,16669,,,,16,11555,,,,13,30365,,,,15,15444,,,,10,20821,,,,21,11483,,,,7,4370,,,,20,23578,,,,30,13537,,,,,,,,,,,,,,,,,,,,,,,,,,,,,,,,,
173713,5-May-18,12:30:07,2018-05-05 12:30:07,G,3,145,767,,0,9,-62.4909,-60.7427,32:30.8,FastGPS,-62.4909,-60.7427,,,11.7,-1.2,,,,15,15,9791,,,,27,30959,,,,21,15100,,,,13,3650,,,,20,20819,,,,8,31582,,,,16,7697,,,,10,32467,,,,30,10389,,,,,,,,,,,,,,,,,,,,,,,,,,,,,,,,,
173713,5-May-18,13:23:34,2018-05-05 13:23:34,G,1,145,768,,0,9,-62.4894,-60.705,25:57.8,FastGPS,-62.4894,-60.705,,,9.9,-1.2,,,,15,32,30824,,,,10,7057,,,,21,3395,,,,18,7557,,,,27,8226,,,,8,18895,,,,20,32451,,,,15,18835,,,,11,2443,,,,,,,,,,,,,,,,,,,,,,,,,,,,,,,,,
173713,5-May-18,14:56:36,2018-05-05 14:56:36,G,1,145,769,662,0,8,-62.5346,-60.6611,58:59.3,FastGPS,-62.5346,-60.6611,,,9.4,-1.7,,,,15,11,26388,,,,8,31719,,,,18,22195,,,,1,18290,,,,22,11000,,,,28,20299,,,,24,18456,,,,10,13603,,,,,,,,,,,,,,,,,,,,,,,,,,,,,,,,,,,,,,
173713,5-May-18,17:19:10,2018-05-05 17:19:10,G,1,145,772,665,0,7,-62.5589,-60.6288,21:33.8,FastGPS,-62.5589,-60.6288,,,13.8,-1.2,,,,15,31,607,,,,14,26459,,,,11,11673,,,,1,8192,,,,3,8688,,,,18,19240,,,,23,7572,,,,,,,,,,,,,,,,,,,,,,,,,,,,,,,,,,,,,,,,,,,
173713,5-May-18,17:49:02,2018-05-05 17:49:02,G,1,145,773,,0,9,-62.5565,-60.6303,51:25.3,FastGPS,-62.5565,-60.6303,,,6.2,-1.7,,,,15,17,24390,,,,31,27466,,,,23,11275,,,,1,24725,,,,22,26306,,,,14,2184,,,,18,32063,,,,11,32726,,,,6,9766,,,,,,,,,,,,,,,,,,,,,,,,,,,,,,,,,
173713,5-May-18,19:36:15,2018-05-05 19:36:15,G,1,145,774,,0,9,-62.5566,-60.6309,38:38.3,FastGPS,-62.5566,-60.6309,,1,12.1,-1.7,,,,15,4,1228,,,,26,31365,,,,29,11713,,,,31,22413,,,,23,13434,,,,3,31733,,,,25,7640,,,,2,32146,,,,16,7209,,,,,,,,,,,,,,,,,,,,,,,,,,,,,,,,,
173713,5-May-18,20:51:02,2018-05-05 20:51:02,G,2,145,776,671,0,8,-62.5565,-60.629,53:25.3,FastGPS,-62.5565,-60.629,,1,14.9,-1.7,,,,15,7,13425,,,,29,32025,,,,16,29900,,,,2,30507,,,,23,19894,,,,9,26153,,,,4,12956,,,,6,27927,,,,,,,,,,,,,,,,,,,,,,,,,,,,,,,,,,,,,,
173713,5-May-18,21:23:50,2018-05-05 21:23:50,G,2,145,777,,0,9,-62.5566,-60.6274,26:13.8,FastGPS,-62.5566,-60.6274,,1,13.2,-1.2,,,,15,23,23443,,,,16,23535,,,,26,6700,,,,7,5075,,,,5,25625,,,,9,13963,,,,4,22438,,,,2,26992,,,,29,32042,,,,,,,,,,,,,,,,,,,,,,,,,,,,,,,,,
173713,6-May-18,1:17:45,2018-05-06 01:17:45,G,2,145,783,,0,9,-62.4543,-60.4615,20:08.8,FastGPS,-62.4543,-60.4615,,,3.9,-1.2,,,,15,15,1671,,,,7,23204,,,,11,1587,,,,8,15790,,,,13,9179,,,,30,2408,,,,20,31611,,,,28,912,,,,5,13931,,,,,,,,,,,,,,,,,,,,,,,,,,,,,,,,,
173713,6-May-18,2:54:52,2018-05-06 02:54:52,G,1,145,784,,0,9,-62.4702,-60.4279,57:15.3,FastGPS,-62.4702,-60.4279,,,12.5,-1.7,,,,15,15,26829,,,,13,15578,,,,17,21968,,,,18,24179,,,,19,29476,,,,24,12627,,,,10,31365,,,,1,12833,,,,11,16208,,,,,,,,,,,,,,,,,,,,,,,,,,,,,,,,,
173713,6-May-18,4:44:22,2018-05-06 04:44:22,G,2,145,787,679,0,8,-62.5039,-60.3825,46:46.8,FastGPS,-62.5039,-60.3825,,,11.1,-0.2,,,,15,12,14128,,,,17,32167,,,,24,29015,,,,32,26391,,,,3,13385,,,,22,24142,,,,1,18498,,,,19,2364,,,,,,,,,,,,,,,,,,,,,,,,,,,,,,,,,,,,,,
173713,6-May-18,5:15:13,2018-05-06 05:15:13,G,2,145,788,679,0,5,-62.5189,-60.3643,17:36.3,FastGPS,-62.5189,-60.3643,,,6.5,-1.7,,,,15,12,7137,,,,17,18823,,,,22,25830,,,,24,29915,,,,32,4356,,,,,,,,,,,,,,,,,,,,,,,,,,,,,,,,,,,,,,,,,,,,,,,,,,,,,
173713,6-May-18,7:51:56,2018-05-06 07:51:56,G,1,145,790,685,0,5,-62.5495,-60.364,54:20.3,FastGPS,-62.5495,-60.364,,,3.8,-0.7,,,,15,5,10185,,,,12,2419,,,,29,32573,,,,2,14091,,,,25,25366,,,,,,,,,,,,,,,,,,,,,,,,,,,,,,,,,,,,,,,,,,,,,,,,,,,,,
173713,6-May-18,9:38:20,2018-05-06 09:38:20,G,1,145,792,688,0,6,-62.5504,-60.3586,40:44.3,FastGPS,-62.5504,-60.3586,,1,7.5,-0.7,,,,15,5,11545,,,,29,427,,,,4,25339,,,,21,8409,,,,26,30386,,,,31,15974,,,,,,,,,,,,,,,,,,,,,,,,,,,,,,,,,,,,,,,,,,,,,,,,
173713,6-May-18,10:41:08,2018-05-06 10:41:08,G,1,145,793,690,0,7,-62.5464,-60.4054,43:32.3,FastGPS,-62.5464,-60.4054,,1,6.3,-0.7,,,,15,4,14527,,,,29,15414,,,,20,14373,,,,26,12186,,,,16,6233,,,,21,16320,,,,5,24562,,,,,,,,,,,,,,,,,,,,,,,,,,,,,,,,,,,,,,,,,,,
173713,6-May-18,11:41:02,2018-05-06 11:41:02,G,1,145,795,,0,9,-62.546,-60.4099,43:26.8,FastGPS,-62.546,-60.4099,,,12.3,-0.2,,,,15,15,31915,,,,21,23391,,,,7,2746,,,,29,29323,,,,20,4719,,,,10,29924,,,,16,25448,,,,30,9438,,,,26,26931,,,,,,,,,,,,,,,,,,,,,,,,,,,,,,,,,
173713,6-May-18,12:44:05,2018-05-06 12:44:05,G,1,145,797,,0,9,-62.5534,-60.4351,46:29.3,FastGPS,-62.5534,-60.4351,,,9,-0.7,,,,15,10,11348,,,,15,1865,,,,27,360,,,,21,3494,,,,8,22934,,,,30,14408,,,,13,27649,,,,16,22742,,,,18,23944,,,,,,,,,,,,,,,,,,,,,,,,,,,,,,,,,
173713,6-May-18,13:17:14,2018-05-06 13:17:14,G,1,145,798,,0,9,-62.5556,-60.4558,19:38.3,FastGPS,-62.5556,-60.4558,,,6.1,-0.7,,,,15,10,15125,,,,27,21249,,,,15,2416,,,,18,7616,,,,8,24222,,,,28,16355,,,,11,2802,,,,30,15804,,,,20,23540,,,,,,,,,,,,,,,,,,,,,,,,,,,,,,,,,
173713,6-May-18,13:48:31,2018-05-06 13:48:31,G,1,145,799,690,0,8,-62.563,-60.4846,50:55.8,FastGPS,-62.563,-60.4846,,,12.4,-0.2,,,,15,10,694,,,,18,5683,,,,11,2835,,,,27,28531,,,,8,8289,,,,15,30515,,,,1,9308,,,,32,22704,,,,,,,,,,,,,,,,,,,,,,,,,,,,,,,,,,,,,,
173713,6-May-18,14:19:02,2018-05-06 14:19:02,G,1,145,800,690,0,5,-62.5644,-60.508,21:26.8,FastGPS,-62.5644,-60.508,,,2.9,-0.2,,,,15,18,28207,,,,10,19558,,,,11,28454,,,,8,20015,,,,32,3146,,,,,,,,,,,,,,,,,,,,,,,,,,,,,,,,,,,,,,,,,,,,,,,,,,,,,
173713,6-May-18,15:21:58,2018-05-06 15:21:58,G,1,145,802,,0,9,-62.5621,-60.5081,24:22.8,FastGPS,-62.5621,-60.5081,,,15.2,-0.2,,,,15,32,17603,,,,8,29268,,,,10,9697,,,,14,31409,,,,11,2353,,,,1,15716,,,,18,27400,,,,27,27001,,,,22,2993,,,,,,,,,,,,,,,,,,,,,,,,,,,,,,,,,
173713,6-May-18,15:52:38,2018-05-06 15:52:38,G,1,145,803,,0,9,-62.5619,-60.5089,55:02.8,FastGPS,-62.5619,-60.5089,,,13,-0.2,,,,15,32,24122,,,,11,23982,,,,18,12663,,,,22,25169,,,,3,22003,,,,1,2193,,,,14,29962,,,,28,884,,,,24,5131,,,,,,,,,,,,,,,,,,,,,,,,,,,,,,,,,
173713,6-May-18,17:54:56,2018-05-06 17:54:56,G,1,145,806,,0,9,-62.562,-60.5086,57:20.3,FastGPS,-62.562,-60.5086,,,7,-0.7,,,,15,31,8601,,,,1,25316,,,,18,24212,,,,17,2459,,,,22,10382,,,,23,20591,,,,11,27755,,,,19,7837,,,,14,1611,,,,,,,,,,,,,,,,,,,,,,,,,,,,,,,,,
173713,6-May-18,18:56:13,2018-05-06 18:56:13,G,1,145,808,692,0,6,-62.5619,-60.5086,58:37.3,FastGPS,-62.5619,-60.5086,,,7.4,-0.7,,,,15,3,3812,,,,22,15519,,,,1,20656,,,,31,31951,,,,23,27087,,,,17,5693,,,,,,,,,,,,,,,,,,,,,,,,,,,,,,,,,,,,,,,,,,,,,,,,
173713,6-May-18,19:26:55,2018-05-06 19:26:55,G,2,145,809,692,0,4,-62.473,-60.797,5/7/2018 14:30,A,-62.5638,-60.5161,,,1.1,-1.2,,,,15,22,13934,,,,3,20580,,,,23,17858,,,,9,16358,,,,,,,,,,,,,,,,,,,,,,,,,,,,,,,,,,,,,,,,,,,,,,,,,,,,,,,,,,
173713,6-May-18,19:57:04,2018-05-06 19:57:04,G,2,145,810,692,0,4,-62.473,-60.797,5/7/2018 14:30,A,-62.5628,-60.5082,,,0.7,-0.6,,,,15,9,31120,,,,7,9958,,,,6,107,,,,23,21650,,,,,,,,,,,,,,,,,,,,,,,,,,,,,,,,,,,,,,,,,,,,,,,,,,,,,,,,,,
173713,6-May-18,20:28:40,2018-05-06 20:28:40,G,1,145,811,692,0,6,-62.562,-60.5086,31:04.8,FastGPS,-62.562,-60.5086,,1,2.9,-0.2,,,,15,7,3982,,,,23,19640,,,,9,20678,,,,4,17004,,,,3,22620,,,,26,30611,,,,,,,,,,,,,,,,,,,,,,,,,,,,,,,,,,,,,,,,,,,,,,,,
173713,6-May-18,20:59:47,2018-05-06 20:59:47,G,1,145,812,692,0,8,-62.5618,-60.5087,02:11.8,FastGPS,-62.5618,-60.5087,,1,9.2,-0.2,,,,15,7,5486,,,,9,32218,,,,6,15760,,,,16,19912,,,,23,12510,,,,4,22037,,,,2,15165,,,,30,22300,,,,,,,,,,,,,,,,,,,,,,,,,,,,,,,,,,,,,,
173713,7-May-18,0:55:41,2018-05-07 00:55:41,G,2,145,816,694,0,7,-62.4894,-60.5171,58:05.3,FastGPS,-62.4894,-60.5171,,,6.5,-0.7,,,,15,15,1160,,,,13,22086,,,,5,10455,,,,20,6096,,,,7,21370,,,,28,28354,,,,27,15638,,,,,,,,,,,,,,,,,,,,,,,,,,,,,,,,,,,,,,,,,,,
173713,7-May-18,3:06:42,2018-05-07 03:06:42,G,2,145,817,,0,9,-62.5537,-60.6129,09:06.8,FastGPS,-62.5537,-60.6129,,,5.4,-0.2,,,,15,15,24383,,,,17,29483,,,,12,4740,,,,19,21458,,,,10,22081,,,,24,30004,,,,13,15979,,,,18,12689,,,,1,32391,,,,,,,,,,,,,,,,,,,,,,,,,,,,,,,,,
173713,7-May-18,3:39:03,2018-05-07 03:39:03,G,2,145,818,,0,9,-62.5569,-60.6395,41:27.3,FastGPS,-62.5569,-60.6395,,,10.9,-0.7,,,,15,17,25958,,,,15,12098,,,,12,7712,,,,19,2362,,,,10,19689,,,,24,25979,,,,32,31760,,,,1,23420,,,,13,26824,,,,,,,,,,,,,,,,,,,,,,,,,,,,,,,,,
173713,7-May-18,4:12:56,2018-05-07 04:12:56,G,3,145,819,694,0,5,-62.5581,-60.6404,15:20.9,FastGPS,-62.5581,-60.6404,,,8.2,-0.1,,,,15,12,9748,,,,19,17278,,,,24,24410,,,,32,17436,,,,17,6586,,,,,,,,,,,,,,,,,,,,,,,,,,,,,,,,,,,,,,,,,,,,,,,,,,,,,
173713,7-May-18,4:44:11,2018-05-07 04:44:11,G,2,145,820,694,0,7,-62.5581,-60.6403,46:34.3,FastGPS,-62.5581,-60.6403,,,4.8,-1.7,,,,15,17,6430,,,,6,27034,,,,19,18001,,,,12,11682,,,,32,19535,,,,2,4797,,,,3,10721,,,,,,,,,,,,,,,,,,,,,,,,,,,,,,,,,,,,,,,,,,,
173713,7-May-18,5:45:36,2018-05-07 05:45:36,G,1,145,821,,0,9,-62.5555,-60.6383,47:59.3,FastGPS,-62.5555,-60.6383,,,12.3,-1.7,,,,15,12,11991,,,,29,28268,,,,2,47,,,,24,26080,,,,6,18587,,,,19,807,,,,25,536,,,,17,7503,,,,14,27783,,,,,,,,,,,,,,,,,,,,,,,,,,,,,,,,,
173713,7-May-18,6:15:06,2018-05-07 06:15:06,G,3,145,822,696,0,5,-62.5566,-60.6394,17:29.3,FastGPS,-62.5566,-60.6394,,,0.9,-1.7,,,,15,12,16618,,,,31,26197,,,,6,1343,,,,19,13851,,,,25,5012,,,,,,,,,,,,,,,,,,,,,,,,,,,,,,,,,,,,,,,,,,,,,,,,,,,,,
173713,7-May-18,6:47:28,2018-05-07 06:47:28,G,1,145,823,696,0,7,-62.5578,-60.6384,49:51.3,FastGPS,-62.5578,-60.6384,,,7.5,-1.7,,,,15,6,16763,,,,19,19714,,,,12,32573,,,,25,2170,,,,29,10913,,,,2,27157,,,,14,3286,,,,,,,,,,,,,,,,,,,,,,,,,,,,,,,,,,,,,,,,,,,
173713,7-May-18,7:48:47,2018-05-07 07:48:47,G,2,145,824,698,0,7,-62.5575,-60.6218,51:11.8,FastGPS,-62.5575,-60.6218,,1,4.6,-0.2,,,,15,2,23370,,,,25,3392,,,,12,9714,,,,29,14522,,,,31,25348,,,,26,30557,,,,4,17469,,,,,,,,,,,,,,,,,,,,,,,,,,,,,,,,,,,,,,,,,,,
173713,7-May-18,8:19:00,2018-05-07 08:19:00,G,1,145,825,,0,9,-62.556,-60.6156,21:24.3,FastGPS,-62.556,-60.6156,,1,5.2,-0.7,,,,15,29,17607,,,,5,19962,,,,2,20521,,,,31,24251,,,,25,31126,,,,26,22203,,,,23,21389,,,,12,4801,,,,4,21304,,,,,,,,,,,,,,,,,,,,,,,,,,,,,,,,,
173713,7-May-18,8:49:00,2018-05-07 08:49:00,G,2,145,826,698,0,8,-62.5575,-60.6237,51:24.8,FastGPS,-62.5575,-60.6237,,1,10.2,-0.2,,,,15,31,16214,,,,5,18173,,,,29,20979,,,,21,8982,,,,25,30978,,,,26,28101,,,,16,27220,,,,4,1691,,,,,,,,,,,,,,,,,,,,,,,,,,,,,,,,,,,,,,
173713,7-May-18,10:06:11,2018-05-07 10:06:11,G,2,145,828,699,0,5,-62.547,-60.88,5/8/2018 7:11,P,-62.5388,-60.68,,1,0.3,-1.2,,,,15,29,22651,,,,4,13824,,,,5,7224,,,,20,26661,,,,21,7562,,,,,,,,,,,,,,,,,,,,,,,,,,,,,,,,,,,,,,,,,,,,,,,,,,,,,
173713,7-May-18,17:25:07,2018-05-07 17:25:07,G,1,145,839,,0,9,-62.4816,-60.8088,27:31.3,FastGPS,-62.4816,-60.8088,,,5,-0.7,,,,15,3,18268,,,,22,2055,,,,17,6172,,,,14,6936,,,,19,14748,,,,1,26465,,,,23,27408,,,,11,14343,,,,31,19418,,,,,,,,,,,,,,,,,,,,,,,,,,,,,,,,,
173713,7-May-18,18:12:06,2018-05-07 18:12:06,G,3,145,840,,0,9,-62.4951,-60.8297,14:30.8,FastGPS,-62.4951,-60.8297,,,7.6,-0.2,,,,15,23,16397,,,,17,22180,,,,3,8104,,,,22,8069,,,,19,11232,,,,1,25548,,,,12,27394,,,,6,24365,,,,25,477,,,,,,,,,,,,,,,,,,,,,,,,,,,,,,,,,
173713,7-May-18,18:58:48,2018-05-07 18:58:48,G,3,145,841,707,0,8,-62.5185,-60.8405,01:12.3,FastGPS,-62.5185,-60.8405,,,11.2,-0.7,,,,15,23,3540,,,,6,29,,,,31,14974,,,,3,21565,,,,25,15230,,,,9,26712,,,,26,8377,,,,2,25151,,,,,,,,,,,,,,,,,,,,,,,,,,,,,,,,,,,,,,
173713,7-May-18,19:29:01,2018-05-07 19:29:01,G,1,145,842,707,0,5,-62.5233,-60.8314,31:25.3,FastGPS,-62.5233,-60.8314,,,4.2,-0.7,,,,15,9,25417,,,,3,19783,,,,23,4169,,,,19,2617,,,,6,12168,,,,,,,,,,,,,,,,,,,,,,,,,,,,,,,,,,,,,,,,,,,,,,,,,,,,,
173713,7-May-18,19:59:02,2018-05-07 19:59:02,G,2,145,843,,0,9,-62.5226,-60.8347,01:26.3,FastGPS,-62.5226,-60.8347,,1,4.1,-0.7,,,,15,26,17625,,,,3,6559,,,,4,26337,,,,9,11951,,,,16,21563,,,,2,218,,,,7,8503,,,,23,10658,,,,6,23972,,,,,,,,,,,,,,,,,,,,,,,,,,,,,,,,,
173713,7-May-18,20:29:04,2018-05-07 20:29:04,G,2,145,844,707,0,4,-62.57,-60.837,5/8/2018 19:26,P,-62.5227,-60.8315,,,2.6,-0.7,,,,15,7,3384,,,,6,27878,,,,23,16432,,,,5,14711,,,,,,,,,,,,,,,,,,,,,,,,,,,,,,,,,,,,,,,,,,,,,,,,,,,,,,,,,,
173713,7-May-18,21:29:02,2018-05-07 21:29:02,G,1,145,846,707,0,8,-62.5373,-60.8641,31:26.3,FastGPS,-62.5373,-60.8641,,1,7.8,-0.7,,,,15,7,20326,,,,30,11776,,,,5,17087,,,,9,4904,,,,2,27205,,,,29,13112,,,,4,16265,,,,23,6372,,,,,,,,,,,,,,,,,,,,,,,,,,,,,,,,,,,,,,
173713,7-May-18,21:59:11,2018-05-07 21:59:11,G,1,145,847,707,0,7,-62.5326,-60.8774,01:35.8,FastGPS,-62.5326,-60.8774,,,7.8,-0.2,,,,15,30,24771,,,,9,613,,,,2,1027,,,,5,308,,,,7,8229,,,,16,10901,,,,23,23249,,,,,,,,,,,,,,,,,,,,,,,,,,,,,,,,,,,,,,,,,,,
173713,7-May-18,23:04:05,2018-05-07 23:04:05,G,1,145,849,707,0,5,-62.5294,-60.864,06:29.4,FastGPS,-62.5294,-60.864,,,2.9,-0.6,,,,15,30,23648,,,,5,32490,,,,7,30651,,,,27,22154,,,,16,1251,,,,,,,,,,,,,,,,,,,,,,,,,,,,,,,,,,,,,,,,,,,,,,,,,,,,,
173713,7-May-18,23:34:07,2018-05-07 23:34:07,G,2,145,850,707,0,8,-62.5296,-60.8546,36:31.3,FastGPS,-62.5296,-60.8546,,,21.2,-0.7,,,,15,7,7298,,,,5,3660,,,,28,9346,,,,30,20321,,,,21,3811,,,,13,11723,,,,15,14525,,,,27,10860,,,,,,,,,,,,,,,,,,,,,,,,,,,,,,,,,,,,,,
173713,8-May-18,0:36:01,2018-05-08 00:36:01,G,1,145,851,709,0,8,-62.5252,-60.8487,38:25.3,FastGPS,-62.5252,-60.8487,,,5.6,-0.7,,,,15,15,16286,,,,28,27489,,,,30,15918,,,,7,21297,,,,20,18219,,,,8,14635,,,,13,7998,,,,5,11011,,,,,,,,,,,,,,,,,,,,,,,,,,,,,,,,,,,,,,
173713,8-May-18,1:06:02,2018-05-08 01:06:02,G,1,145,852,709,0,7,-62.5253,-60.8534,08:26.3,FastGPS,-62.5253,-60.8534,,,17.2,-0.7,,,,15,15,20339,,,,8,15676,,,,7,30247,,,,13,3528,,,,20,24529,,,,11,17556,,,,28,23398,,,,,,,,,,,,,,,,,,,,,,,,,,,,,,,,,,,,,,,,,,,
173713,8-May-18,11:38:48,2018-05-08 11:38:48,G,1,145,865,720,0,6,-62.554,-60.8715,41:12.3,FastGPS,-62.554,-60.8715,,,6,-0.7,,,,15,15,12851,,,,21,14508,,,,27,9110,,,,20,9224,,,,13,11140,,,,16,16946,,,,,,,,,,,,,,,,,,,,,,,,,,,,,,,,,,,,,,,,,,,,,,,,
173713,8-May-18,16:50:55,2018-05-08 16:50:55,G,2,145,871,,0,9,-62.5687,-60.8428,53:19.3,FastGPS,-62.5687,-60.8428,,,7.3,-0.7,,,,15,11,16170,,,,1,23402,,,,22,14402,,,,23,12960,,,,18,27062,,,,3,26498,,,,14,13249,,,,17,22373,,,,32,27244,,,,,,,,,,,,,,,,,,,,,,,,,,,,,,,,,
173713,8-May-18,17:22:40,2018-05-08 17:22:40,G,3,145,872,727,0,4,-62.563,-60.585,5/9/2018 11:21,N,-62.5611,-60.8354,,,0.7,0.2,,,,15,11,13309,,,,3,26354,,,,22,6174,,,,1,27365,,,,,,,,,,,,,,,,,,,,,,,,,,,,,,,,,,,,,,,,,,,,,,,,,,,,,,,,,,
173713,8-May-18,18:12:56,2018-05-08 18:12:56,G,3,145,873,,0,9,-62.5684,-60.843,15:20.4,FastGPS,-62.5684,-60.843,,,15.1,-0.6,,,,15,31,5580,,,,6,18081,,,,19,13604,,,,17,13146,,,,23,6680,,,,14,17471,,,,22,2254,,,,3,13689,,,,25,11175,,,,,,,,,,,,,,,,,,,,,,,,,,,,,,,,,
173713,8-May-18,18:43:00,2018-05-08 18:43:00,G,3,145,874,728,0,7,-62.5688,-60.841,45:24.9,FastGPS,-62.5688,-60.841,,,8.4,-0.1,,,,15,22,22753,,,,31,28365,,,,3,1212,,,,23,6548,,,,1,32162,,,,6,31135,,,,25,21162,,,,,,,,,,,,,,,,,,,,,,,,,,,,,,,,,,,,,,,,,,,
173713,8-May-18,19:13:00,2018-05-08 19:13:00,G,1,145,875,728,0,5,-62.5704,-60.8415,15:24.3,FastGPS,-62.5704,-60.8415,,,1.5,-0.7,,,,15,3,29285,,,,23,8063,,,,22,31109,,,,6,12423,,,,31,20488,,,,,,,,,,,,,,,,,,,,,,,,,,,,,,,,,,,,,,,,,,,,,,,,,,,,,
173713,8-May-18,19:43:00,2018-05-08 19:43:00,G,3,145,876,,0,9,-62.5701,-60.8421,45:24.3,FastGPS,-62.5701,-60.8421,,1,6.3,-0.7,,,,15,22,24058,,,,3,26268,,,,23,31351,,,,9,19925,,,,2,15240,,,,6,10593,,,,16,14811,,,,4,23671,,,,31,12376,,,,,,,,,,,,,,,,,,,,,,,,,,,,,,,,,
173713,8-May-18,20:13:01,2018-05-08 20:13:01,G,1,145,877,728,0,8,-62.57,-60.8391,15:25.8,FastGPS,-62.57,-60.8391,,,10.2,-0.2,,,,15,9,11339,,,,23,5647,,,,6,18173,,,,16,12043,,,,26,29181,,,,7,775,,,,3,24211,,,,2,16791,,,,,,,,,,,,,,,,,,,,,,,,,,,,,,,,,,,,,,
173713,8-May-18,21:16:49,2018-05-08 21:16:49,G,3,145,878,730,0,6,-62.5648,-60.8449,19:13.3,FastGPS,-62.5648,-60.8449,,,2.6,-0.7,,,,15,9,21251,,,,7,2358,,,,5,26449,,,,16,2740,,,,23,15108,,,,2,26102,,,,,,,,,,,,,,,,,,,,,,,,,,,,,,,,,,,,,,,,,,,,,,,,
173713,9-May-18,0:08:28,2018-05-09 00:08:28,G,2,145,882,733,0,6,-62.4946,-60.8391,10:52.9,FastGPS,-62.4946,-60.8391,,,11.9,-0.1,,,,15,30,32205,,,,28,22807,,,,7,19986,,,,15,26845,,,,5,4323,,,,13,1504,,,,,,,,,,,,,,,,,,,,,,,,,,,,,,,,,,,,,,,,,,,,,,,,
173713,9-May-18,0:38:01,2018-05-09 00:38:01,G,2,145,883,733,0,7,-62.4841,-60.8218,40:25.9,FastGPS,-62.4841,-60.8218,,,8.9,-0.1,,,,15,13,32665,,,,5,3877,,,,28,27060,,,,15,21770,,,,30,18708,,,,7,12993,,,,20,9868,,,,,,,,,,,,,,,,,,,,,,,,,,,,,,,,,,,,,,,,,,,
173713,9-May-18,1:08:23,2018-05-09 01:08:23,G,2,145,884,733,0,7,-62.4766,-60.8323,10:47.4,FastGPS,-62.4766,-60.8323,,,9.1,-0.6,,,,15,30,23613,,,,20,29780,,,,13,7996,,,,28,1085,,,,15,8802,,,,7,6927,,,,24,19718,,,,,,,,,,,,,,,,,,,,,,,,,,,,,,,,,,,,,,,,,,,
173713,9-May-18,1:38:52,2018-05-09 01:38:52,G,3,145,885,733,0,6,-62.4671,-60.8323,41:16.8,FastGPS,-62.4671,-60.8323,,,4,-0.2,,,,15,17,26306,,,,13,13486,,,,28,28597,,,,15,140,,,,19,11120,,,,30,14374,,,,,,,,,,,,,,,,,,,,,,,,,,,,,,,,,,,,,,,,,,,,,,,,
173713,9-May-18,2:09:53,2018-05-09 02:09:53,G,2,145,886,,0,9,-62.4588,-60.8057,12:16.3,FastGPS,-62.4588,-60.8057,,,8,-1.7,,,,15,15,23416,,,,13,19588,,,,10,5430,,,,24,13857,,,,20,539,,,,18,3955,,,,28,15476,,,,1,24654,,,,11,27862,,,,,,,,,,,,,,,,,,,,,,,,,,,,,,,,,
173713,9-May-18,7:13:21,2018-05-09 07:13:21,G,1,145,893,,0,9,-62.5586,-60.5883,15:45.8,FastGPS,-62.5586,-60.5883,,1,3.4,-0.2,,,,15,31,23081,,,,29,27041,,,,6,3187,,,,23,30437,,,,4,16970,,,,26,16823,,,,12,27965,,,,25,11115,,,,14,14833,,,,,,,,,,,,,,,,,,,,,,,,,,,,,,,,,
173713,9-May-18,8:13:49,2018-05-09 08:13:49,G,1,145,895,735,0,8,-62.5611,-60.581,16:13.3,FastGPS,-62.5611,-60.581,,1,10.6,-0.7,,,,15,29,26838,,,,5,2725,,,,4,4957,,,,26,8481,,,,31,25873,,,,25,29887,,,,23,24857,,,,2,16998,,,,,,,,,,,,,,,,,,,,,,,,,,,,,,,,,,,,,,
173713,9-May-18,8:45:25,2018-05-09 08:45:25,G,1,145,896,735,0,8,-62.5609,-60.5803,47:49.8,FastGPS,-62.5609,-60.5803,,1,2.8,-0.2,,,,15,29,2995,,,,31,18721,,,,5,9322,,,,26,26171,,,,16,323,,,,25,30818,,,,4,28017,,,,21,17524,,,,,,,,,,,,,,,,,,,,,,,,,,,,,,,,,,,,,,
173713,9-May-18,10:54:31,2018-05-09 10:54:31,G,1,145,898,,0,9,-62.5651,-60.5838,56:55.3,FastGPS,-62.5651,-60.5838,,1,6.3,-0.7,,,,15,29,839,,,,20,4394,,,,21,31335,,,,4,21795,,,,7,16795,,,,15,10480,,,,27,15737,,,,16,12603,,,,26,4240,,,,,,,,,,,,,,,,,,,,,,,,,,,,,,,,,
173713,9-May-18,14:40:10,2018-05-09 14:40:10,G,1,145,903,,0,9,-62.5394,-60.6775,42:34.8,FastGPS,-62.5394,-60.6775,,,4.9,-0.2,,,,15,32,15910,,,,10,18250,,,,11,31438,,,,22,12601,,,,14,17242,,,,27,13047,,,,8,2950,,,,1,22665,,,,28,25113,,,,,,,,,,,,,,,,,,,,,,,,,,,,,,,,,
173713,9-May-18,15:26:54,2018-05-09 15:26:54,G,3,145,904,,0,9,-62.5134,-60.6909,29:18.8,FastGPS,-62.5134,-60.6909,,,9.4,-0.2,,,,15,32,24401,,,,1,107,,,,14,22903,,,,18,7481,,,,10,10578,,,,11,17525,,,,22,5317,,,,8,28570,,,,3,21337,,,,,,,,,,,,,,,,,,,,,,,,,,,,,,,,,
173713,9-May-18,16:14:50,2018-05-09 16:14:50,G,4,145,905,,0,9,-62.4922,-60.7108,17:14.3,FastGPS,-62.4922,-60.7108,,,7.4,-0.7,,,,15,32,27425,,,,11,22435,,,,31,14141,,,,3,25188,,,,14,2215,,,,17,8552,,,,18,6352,,,,22,10696,,,,1,5786,,,,,,,,,,,,,,,,,,,,,,,,,,,,,,,,,
173713,9-May-18,16:46:40,2018-05-09 16:46:40,G,3,145,906,,0,9,-62.4881,-60.7204,49:04.8,FastGPS,-62.4881,-60.7204,,,6.2,-0.2,,,,15,17,24293,,,,1,26674,,,,3,28400,,,,11,19737,,,,12,21263,,,,18,31032,,,,19,31293,,,,22,17165,,,,31,8369,,,,,,,,,,,,,,,,,,,,,,,,,,,,,,,,,
173713,9-May-18,17:16:00,2018-05-09 17:16:00,G,1,145,907,743,1,6,-62.4904,-60.7178,18:24.4,FastGPS,-62.4904,-60.7178,,,2.7,-0.6,,,,15,12,31400,,,,6,10549,,,,19,3295,,,,17,29689,,,,14,585,,,,31,7826,,,,,,,,,,,,,,,,,,,,,,,,,,,,,,,,,,,,,,,,,,,,,,,,
173713,11-May-18,20:44:49,2018-05-11 20:44:49,G,1,145,908,,0,9,-62.4881,-60.7121,47:13.4,FastGPS,-62.4881,-60.7121,,,10.5,-0.6,,,,15,23,10157,,,,9,14724,,,,16,7562,,,,5,24139,,,,2,21769,,,,3,21232,,,,7,11600,,,,29,9489,,,,26,31361,,,,,,,,,,,,,,,,,,,,,,,,,,,,,,,,,
173713,11-May-18,21:16:14,2018-05-11 21:16:14,G,1,145,909,744,0,7,-62.4895,-60.7047,18:38.9,FastGPS,-62.4895,-60.7047,,,5.3,-0.1,,,,15,5,16995,,,,16,13150,,,,23,15590,,,,9,21262,,,,7,19060,,,,29,25674,,,,26,16565,,,,,,,,,,,,,,,,,,,,,,,,,,,,,,,,,,,,,,,,,,,
173713,11-May-18,22:13:28,2018-05-11 22:13:28,G,2,145,910,744,0,6,-62.4645,-60.6558,15:52.4,FastGPS,-62.4645,-60.6558,,,7,-0.6,,,,15,9,30252,,,,7,18561,,,,30,12027,,,,5,12157,,,,16,18615,,,,27,14387,,,,,,,,,,,,,,,,,,,,,,,,,,,,,,,,,,,,,,,,,,,,,,,,
173713,11-May-18,22:44:37,2018-05-11 22:44:37,G,1,145,911,744,0,7,-62.4456,-60.6309,47:01.4,FastGPS,-62.4456,-60.6309,,,6.8,-0.6,,,,15,7,19018,,,,8,17322,,,,5,16247,,,,30,2447,,,,27,1905,,,,13,20140,,,,9,3234,,,,,,,,,,,,,,,,,,,,,,,,,,,,,,,,,,,,,,,,,,,
173713,11-May-18,23:17:46,2018-05-11 23:17:46,G,2,145,912,744,0,7,-62.4381,-60.5732,20:10.9,FastGPS,-62.4381,-60.5732,,,7,-0.1,,,,15,13,4626,,,,5,29752,,,,7,1973,,,,8,9163,,,,27,4978,,,,30,14727,,,,9,11398,,,,,,,,,,,,,,,,,,,,,,,,,,,,,,,,,,,,,,,,,,,
173713,11-May-18,23:48:42,2018-05-11 23:48:42,G,1,145,913,744,0,7,-62.436,-60.5046,51:05.4,FastGPS,-62.436,-60.5046,,,6.4,-1.6,,,,15,7,26829,,,,13,25690,,,,15,3563,,,,5,6444,,,,8,22884,,,,30,21406,,,,27,28021,,,,,,,,,,,,,,,,,,,,,,,,,,,,,,,,,,,,,,,,,,,
173713,12-May-18,0:19:36,2018-05-12 00:19:36,G,1,145,914,744,0,7,-62.4197,-60.4602,22:00.9,FastGPS,-62.4197,-60.4602,,,4.2,-0.1,,,,15,15,28540,,,,7,5787,,,,30,576,,,,13,22540,,,,8,30162,,,,5,26330,,,,28,10958,,,,,,,,,,,,,,,,,,,,,,,,,,,,,,,,,,,,,,,,,,,
173713,12-May-18,2:57:33,2018-05-12 02:57:33,G,2,145,917,747,0,7,-62.3524,-60.4129,59:57.4,FastGPS,-62.3524,-60.4129,,,3.6,-0.6,,,,15,17,14750,,,,12,21755,,,,15,23511,,,,13,30984,,,,19,22246,,,,24,22523,,,,28,2456,,,,,,,,,,,,,,,,,,,,,,,,,,,,,,,,,,,,,,,,,,,
173713,12-May-18,3:47:24,2018-05-12 03:47:24,G,3,145,918,748,0,5,-62.3475,-60.4234,49:47.4,FastGPS,-62.3475,-60.4234,,,6.9,-1.6,,,,15,12,26633,,,,24,24725,,,,17,14045,,,,1,17523,,,,19,16054,,,,,,,,,,,,,,,,,,,,,,,,,,,,,,,,,,,,,,,,,,,,,,,,,,,,,
173713,12-May-18,5:07:56,2018-05-12 05:07:56,G,3,145,920,749,0,6,-62.3279,-60.398,10:20.9,FastGPS,-62.3279,-60.398,,,2.1,-0.1,,,,15,17,29321,,,,2,2977,,,,19,31725,,,,24,2323,,,,12,16694,,,,6,12296,,,,,,,,,,,,,,,,,,,,,,,,,,,,,,,,,,,,,,,,,,,,,,,,
173713,12-May-18,5:38:10,2018-05-12 05:38:10,G,3,145,921,,0,9,-62.3343,-60.4149,40:34.4,FastGPS,-62.3343,-60.4149,,,10.6,-0.6,,,,15,12,10662,,,,31,31625,,,,2,19689,,,,6,23336,,,,32,9188,,,,14,25305,,,,24,9423,,,,19,23743,,,,25,7843,,,,,,,,,,,,,,,,,,,,,,,,,,,,,,,,,
173713,12-May-18,6:24:29,2018-05-12 06:24:29,G,3,145,922,750,0,8,-62.33,-60.4267,26:53.4,FastGPS,-62.33,-60.4267,,,12.1,-0.6,,,,15,29,14502,,,,31,22164,,,,25,12921,,,,6,2586,,,,14,23057,,,,12,19852,,,,19,12294,,,,2,6636,,,,,,,,,,,,,,,,,,,,,,,,,,,,,,,,,,,,,,
173713,12-May-18,6:54:16,2018-05-12 06:54:16,G,2,145,923,750,0,7,-62.3279,-60.4161,56:39.4,FastGPS,-62.3279,-60.4161,,,14.2,-1.6,,,,15,29,10328,,,,31,15304,,,,23,18737,,,,12,22902,,,,2,32311,,,,25,16985,,,,6,30132,,,,,,,,,,,,,,,,,,,,,,,,,,,,,,,,,,,,,,,,,,,
173713,12-May-18,8:26:11,2018-05-12 08:26:11,G,1,145,925,752,0,7,-62.3199,-60.4207,28:35.9,FastGPS,-62.3199,-60.4207,,1,8.6,-0.1,,,,15,29,11295,,,,5,4152,,,,25,30573,,,,31,12122,,,,21,18819,,,,26,8594,,,,4,17093,,,,,,,,,,,,,,,,,,,,,,,,,,,,,,,,,,,,,,,,,,,
173713,12-May-18,13:09:15,2018-05-12 13:09:15,G,1,145,930,755,0,7,-62.4306,-60.2879,11:38.4,FastGPS,-62.4306,-60.2879,,,7.4,-1.6,,,,15,15,14410,,,,8,2915,,,,27,8403,,,,10,10193,,,,32,30066,,,,20,10020,,,,18,23320,,,,,,,,,,,,,,,,,,,,,,,,,,,,,,,,,,,,,,,,,,,
173713,12-May-18,15:14:03,2018-05-12 15:14:03,G,1,145,932,,0,9,-62.5017,-60.2465,16:27.9,FastGPS,-62.5017,-60.2465,,,2.8,-0.1,,,,15,1,32438,,,,18,9280,,,,32,28363,,,,22,2428,,,,11,18632,,,,10,17350,,,,17,4045,,,,24,27276,,,,8,31552,,,,,,,,,,,,,,,,,,,,,,,,,,,,,,,,,
173713,12-May-18,16:34:01,2018-05-12 16:34:01,G,1,145,934,,0,9,-62.5163,-60.2803,36:24.9,FastGPS,-62.5163,-60.2803,,,8,-1.1,,,,15,17,11963,,,,31,30891,,,,22,5465,,,,18,21086,,,,14,8368,,,,11,8458,,,,3,14390,,,,1,15610,,,,19,17968,,,,,,,,,,,,,,,,,,,,,,,,,,,,,,,,,
173713,12-May-18,17:22:56,2018-05-12 17:22:56,G,2,145,935,,0,9,-62.5017,-60.3037,25:19.9,FastGPS,-62.5017,-60.3037,,,8.6,-1.1,,,,15,23,1154,,,,31,15285,,,,14,12601,,,,22,7366,,,,1,32580,,,,18,4992,,,,3,249,,,,17,32548,,,,11,4750,,,,,,,,,,,,,,,,,,,,,,,,,,,,,,,,,
173713,12-May-18,19:02:33,2018-05-12 19:02:33,G,2,145,936,765,0,8,-62.4579,-60.3594,04:56.4,FastGPS,-62.4579,-60.3594,,1,17.1,-1.6,,,,15,23,24563,,,,3,29138,,,,9,24087,,,,31,16671,,,,6,28496,,,,4,2519,,,,2,22496,,,,26,29459,,,,,,,,,,,,,,,,,,,,,,,,,,,,,,,,,,,,,,
173713,12-May-18,19:47:46,2018-05-12 19:47:46,G,3,145,937,766,0,6,-62.4551,-60.3676,50:10.9,FastGPS,-62.4551,-60.3676,,1,4,0,,,,15,7,14140,,,,23,19849,,,,9,21020,,,,3,27419,,,,4,18848,,,,6,28653,,,,,,,,,,,,,,,,,,,,,,,,,,,,,,,,,,,,,,,,,,,,,,,,
173713,12-May-18,20:51:30,2018-05-12 20:51:30,G,2,145,938,768,0,5,-62.4269,-60.3957,53:53.4,FastGPS,-62.4269,-60.3957,,,10,-1.6,,,,15,23,12291,,,,7,27559,,,,9,18623,,,,16,24236,,,,30,26019,,,,,,,,,,,,,,,,,,,,,,,,,,,,,,,,,,,,,,,,,,,,,,,,,,,,,
173713,13-May-18,10:58:01,2018-05-13 10:58:01,G,1,145,944,,0,9,-62.3563,-60.3594,00:25.9,FastGPS,-62.3563,-60.3594,,1,5.8,-0.1,,,,15,15,28546,,,,7,9176,,,,13,23423,,,,20,25049,,,,10,29841,,,,21,11481,,,,16,17668,,,,4,29909,,,,30,14362,,,,,,,,,,,,,,,,,,,,,,,,,,,,,,,,,
173713,13-May-18,14:00:30,2018-05-13 14:00:30,G,3,145,945,,0,9,-62.4513,-60.3206,02:54.9,FastGPS,-62.4513,-60.3206,,,10,-0.1,,,,15,32,8912,,,,28,20113,,,,18,26074,,,,1,14548,,,,11,27981,,,,27,7381,,,,8,8417,,,,14,25007,,,,22,16667,,,,,,,,,,,,,,,,,,,,,,,,,,,,,,,,,
173713,13-May-18,14:30:00,2018-05-13 14:30:00,G,3,145,946,773,0,8,-62.4567,-60.3423,32:24.4,FastGPS,-62.4567,-60.3423,,,7,-0.6,,,,15,32,20183,,,,10,23503,,,,14,2537,,,,1,1506,,,,24,15959,,,,11,412,,,,27,8486,,,,18,27944,,,,,,,,,,,,,,,,,,,,,,,,,,,,,,,,,,,,,,
173713,13-May-18,15:00:07,2018-05-13 15:00:07,G,2,145,947,773,0,8,-62.4437,-60.3635,02:31.9,FastGPS,-62.4437,-60.3635,,,13.9,-0.1,,,,15,32,22742,,,,22,26494,,,,14,22361,,,,8,2423,,,,18,752,,,,3,1209,,,,11,9234,,,,10,17888,,,,,,,,,,,,,,,,,,,,,,,,,,,,,,,,,,,,,,
173713,13-May-18,15:45:04,2018-05-13 15:45:04,G,1,145,948,774,0,6,-62.4616,-60.3525,47:28.9,FastGPS,-62.4616,-60.3525,,,11.2,0,,,,15,17,27069,,,,32,14121,,,,14,16710,,,,10,22547,,,,18,15415,,,,1,18112,,,,,,,,,,,,,,,,,,,,,,,,,,,,,,,,,,,,,,,,,,,,,,,,
173713,14-May-18,0:22:07,2018-05-14 00:22:07,G,1,145,958,784,0,6,-62.3762,-60.2491,24:30.5,FastGPS,-62.3762,-60.2491,,,2.9,-1.5,,,,15,5,2767,,,,30,28379,,,,7,14684,,,,28,23697,,,,13,21820,,,,15,18896,,,,,,,,,,,,,,,,,,,,,,,,,,,,,,,,,,,,,,,,,,,,,,,,
173713,14-May-18,0:53:46,2018-05-14 00:53:46,G,1,145,959,784,0,5,-62.3589,-60.2802,56:09.4,FastGPS,-62.3589,-60.2802,,,12.6,-1.5,,,,15,30,2967,,,,28,264,,,,17,24455,,,,15,14442,,,,20,18041,,,,,,,,,,,,,,,,,,,,,,,,,,,,,,,,,,,,,,,,,,,,,,,,,,,,,
173713,14-May-18,1:25:08,2018-05-14 01:25:08,G,1,145,960,784,0,7,-62.3459,-60.2915,27:31.9,FastGPS,-62.3459,-60.2915,,,12.1,-1.1,,,,15,17,22862,,,,30,15894,,,,28,12531,,,,11,30022,,,,18,13306,,,,1,23503,,,,19,3736,,,,,,,,,,,,,,,,,,,,,,,,,,,,,,,,,,,,,,,,,,,
173713,14-May-18,4:41:02,2018-05-14 04:41:02,G,1,145,965,786,0,6,-62.347,-60.2807,43:25.9,FastGPS,-62.347,-60.2807,,,7.1,-1,,,,15,25,21079,,,,12,6679,,,,2,20137,,,,6,19142,,,,32,4801,,,,24,2476,,,,,,,,,,,,,,,,,,,,,,,,,,,,,,,,,,,,,,,,,,,,,,,,
173713,14-May-18,5:11:15,2018-05-14 05:11:15,G,2,145,966,,0,9,-62.3524,-60.2871,13:38.9,FastGPS,-62.3524,-60.2871,,,6.6,-1,,,,15,12,8727,,,,19,18006,,,,17,28237,,,,25,10907,,,,6,12820,,,,3,4007,,,,24,13497,,,,32,13641,,,,2,7692,,,,,,,,,,,,,,,,,,,,,,,,,,,,,,,,,
173713,14-May-18,5:41:43,2018-05-14 05:41:43,G,3,145,967,,0,9,-62.3571,-60.3065,44:07.0,FastGPS,-62.3571,-60.3065,,,9.9,-1,,,,15,29,4590,,,,12,21553,,,,32,27614,,,,2,12026,,,,6,5191,,,,31,4082,,,,14,2699,,,,24,10678,,,,19,946,,,,,,,,,,,,,,,,,,,,,,,,,,,,,,,,,
173713,14-May-18,6:27:00,2018-05-14 06:27:00,G,2,145,968,787,0,6,-62.3533,-60.2794,29:23.9,FastGPS,-62.3533,-60.2794,,,8.8,-1.1,,,,15,29,29647,,,,25,30555,,,,31,26975,,,,12,895,,,,6,14494,,,,2,22740,,,,,,,,,,,,,,,,,,,,,,,,,,,,,,,,,,,,,,,,,,,,,,,,
173713,14-May-18,7:16:24,2018-05-14 07:16:24,G,1,145,969,788,0,7,-62.3522,-60.2849,18:47.9,FastGPS,-62.3522,-60.2849,,1,12.1,-1.1,,,,15,12,29507,,,,2,5483,,,,5,17218,,,,25,13840,,,,4,4227,,,,29,10483,,,,31,28171,,,,,,,,,,,,,,,,,,,,,,,,,,,,,,,,,,,,,,,,,,,
173713,14-May-18,7:46:14,2018-05-14 07:46:14,G,3,145,970,,0,9,-62.3533,-60.2811,48:37.5,FastGPS,-62.3533,-60.2811,,1,6.4,-1.5,,,,15,31,14456,,,,4,23242,,,,29,31366,,,,2,22170,,,,23,8646,,,,26,21591,,,,9,16118,,,,25,28063,,,,5,27541,,,,,,,,,,,,,,,,,,,,,,,,,,,,,,,,,
173713,14-May-18,8:17:48,2018-05-14 08:17:48,G,2,145,971,,0,9,-62.373,-60.2437,20:11.9,FastGPS,-62.373,-60.2437,,1,11.6,-1.1,,,,15,31,10666,,,,4,15156,,,,26,6722,,,,2,26479,,,,29,10452,,,,5,3725,,,,25,29898,,,,21,15510,,,,23,20452,,,,,,,,,,,,,,,,,,,,,,,,,,,,,,,,,
173713,14-May-18,8:48:00,2018-05-14 08:48:00,G,1,145,972,788,0,8,-62.3799,-60.2392,50:23.5,FastGPS,-62.3799,-60.2392,,1,9.6,-1.5,,,,15,29,2570,,,,31,24334,,,,5,17980,,,,21,27279,,,,25,27399,,,,26,5471,,,,4,17975,,,,16,24981,,,,,,,,,,,,,,,,,,,,,,,,,,,,,,,,,,,,,,
173713,14-May-18,9:18:02,2018-05-14 09:18:02,G,1,145,973,788,0,6,-62.3867,-60.2034,20:25.9,FastGPS,-62.3867,-60.2034,,1,5.6,-1.1,,,,15,16,23910,,,,5,16609,,,,26,24810,,,,4,7455,,,,21,11382,,,,29,22764,,,,,,,,,,,,,,,,,,,,,,,,,,,,,,,,,,,,,,,,,,,,,,,,
173713,14-May-18,11:59:29,2018-05-14 11:59:29,G,1,145,976,792,0,5,-62.4257,-60.1562,01:53.0,FastGPS,-62.4257,-60.1562,,,5.3,-1,,,,15,15,15043,,,,21,30258,,,,20,3866,,,,27,3685,,,,10,21477,,,,,,,,,,,,,,,,,,,,,,,,,,,,,,,,,,,,,,,,,,,,,,,,,,,,,
173713,14-May-18,20:18:13,2018-05-14 20:18:13,G,1,145,988,799,0,8,-62.4264,-60.1551,20:37.5,FastGPS,-62.4264,-60.1551,,,7.7,-0.5,,,,15,23,26445,,,,16,19512,,,,9,8964,,,,29,10578,,,,26,18021,,,,7,12569,,,,6,25035,,,,2,4119,,,,,,,,,,,,,,,,,,,,,,,,,,,,,,,,,,,,,,
173713,14-May-18,20:48:00,2018-05-14 20:48:00,G,2,145,989,799,0,8,-62.4253,-60.1566,50:24.4,FastGPS,-62.4253,-60.1566,,1,5.7,-0.6,,,,15,7,14199,,,,23,32154,,,,9,18759,,,,5,31069,,,,26,9274,,,,16,29860,,,,29,755,,,,4,24446,,,,,,,,,,,,,,,,,,,,,,,,,,,,,,,,,,,,,,
173713,14-May-18,21:34:46,2018-05-14 21:34:46,G,2,145,990,800,0,5,-62.4094,-60.1553,37:10.9,FastGPS,-62.4094,-60.1553,,,0.7,-0.1,,,,15,7,4394,,,,9,14257,,,,16,25705,,,,5,29598,,,,30,27737,,,,,,,,,,,,,,,,,,,,,,,,,,,,,,,,,,,,,,,,,,,,,,,,,,,,,
173713,14-May-18,22:05:15,2018-05-14 22:05:15,G,2,145,991,800,0,4,-62.552,-60.407,5/15/2018 12:59,R,-62.3856,-60.1837,,,0.4,-0.5,,,,15,7,3240,,,,9,2552,,,,5,31887,,,,30,6337,,,,,,,,,,,,,,,,,,,,,,,,,,,,,,,,,,,,,,,,,,,,,,,,,,,,,,,,,,
173713,14-May-18,22:35:04,2018-05-14 22:35:04,G,2,145,992,800,0,5,-62.3671,-60.2162,37:28.9,FastGPS,-62.3671,-60.2162,,,8.2,-0.1,,,,15,7,1056,,,,9,11710,,,,5,31588,,,,28,6724,,,,30,24030,,,,,,,,,,,,,,,,,,,,,,,,,,,,,,,,,,,,,,,,,,,,,,,,,,,,,
173713,15-May-18,1:23:25,2018-05-15 01:23:25,G,1,145,996,803,0,7,-62.3323,-60.3333,25:49.9,FastGPS,-62.3323,-60.3333,,,12.3,-0.1,,,,15,17,15872,,,,28,22516,,,,30,20231,,,,15,10699,,,,13,1611,,,,11,12766,,,,10,20249,,,,,,,,,,,,,,,,,,,,,,,,,,,,,,,,,,,,,,,,,,,
173713,15-May-18,1:53:23,2018-05-15 01:53:23,G,2,145,997,803,0,6,-62.3381,-60.3449,55:47.0,FastGPS,-62.3381,-60.3449,,,13.7,-1,,,,15,15,28441,,,,28,5619,,,,11,4677,,,,24,22500,,,,1,26451,,,,30,12466,,,,,,,,,,,,,,,,,,,,,,,,,,,,,,,,,,,,,,,,,,,,,,,,
173713,15-May-18,2:23:56,2018-05-15 02:23:56,G,1,145,998,803,0,8,-62.3246,-60.3059,26:19.9,FastGPS,-62.3246,-60.3059,,,9,-1.1,,,,15,17,12925,,,,28,2238,,,,24,3834,,,,15,20736,,,,1,25201,,,,10,31741,,,,11,10196,,,,18,24072,,,,,,,,,,,,,,,,,,,,,,,,,,,,,,,,,,,,,,
173713,15-May-18,2:54:05,2018-05-15 02:54:05,G,1,145,999,803,0,6,-62.3206,-60.2773,56:30.0,FastGPS,-62.3206,-60.2773,,,3.6,0,,,,15,24,22759,,,,17,6449,,,,12,9461,,,,28,9770,,,,1,14498,,,,19,27693,,,,,,,,,,,,,,,,,,,,,,,,,,,,,,,,,,,,,,,,,,,,,,,,
173713,15-May-18,3:39:06,2018-05-15 03:39:06,G,1,145,1000,804,0,6,-62.326,-60.258,41:29.5,FastGPS,-62.326,-60.258,,,4.7,-1.5,,,,15,12,23754,,,,24,8430,,,,1,24772,,,,32,28175,,,,17,23822,,,,22,949,,,,,,,,,,,,,,,,,,,,,,,,,,,,,,,,,,,,,,,,,,,,,,,,
173713,15-May-18,4:09:46,2018-05-15 04:09:46,G,3,145,1001,804,0,7,-62.3408,-60.2307,12:09.5,FastGPS,-62.3408,-60.2307,,,15.9,-1.5,,,,15,12,19846,,,,17,20776,,,,24,25249,,,,22,22373,,,,3,15985,,,,32,26546,,,,19,212,,,,,,,,,,,,,,,,,,,,,,,,,,,,,,,,,,,,,,,,,,,
173713,15-May-18,4:42:47,2018-05-15 04:42:47,G,1,145,1002,,0,9,-62.3565,-60.1878,45:11.0,FastGPS,-62.3565,-60.1878,,,12.1,-1,,,,15,12,21647,,,,19,17897,,,,17,4228,,,,24,26361,,,,25,18370,,,,32,8923,,,,22,29090,,,,2,23863,,,,14,19188,,,,,,,,,,,,,,,,,,,,,,,,,,,,,,,,,
173713,15-May-18,5:47:46,2018-05-15 05:47:46,G,1,145,1004,804,0,6,-62.4005,-60.1677,50:09.5,FastGPS,-62.4005,-60.1677,,,5.8,-1.5,,,,15,29,3325,,,,25,1520,,,,14,7188,,,,31,31079,,,,12,28317,,,,32,12891,,,,,,,,,,,,,,,,,,,,,,,,,,,,,,,,,,,,,,,,,,,,,,,,
173713,15-May-18,6:21:26,2018-05-15 06:21:26,G,1,145,1005,804,0,6,-62.4221,-60.1563,23:49.4,FastGPS,-62.4221,-60.1563,,,1.1,-1.6,,,,15,29,31490,,,,31,31350,,,,25,4755,,,,12,12898,,,,23,30781,,,,2,30656,,,,,,,,,,,,,,,,,,,,,,,,,,,,,,,,,,,,,,,,,,,,,,,,
173713,15-May-18,7:21:18,2018-05-15 07:21:18,G,2,145,1007,804,0,7,-62.4328,-60.143,23:43.0,FastGPS,-62.4328,-60.143,,1,5.1,0,,,,15,31,30553,,,,29,31832,,,,4,10737,,,,2,20834,,,,25,3847,,,,5,22361,,,,26,27991,,,,,,,,,,,,,,,,,,,,,,,,,,,,,,,,,,,,,,,,,,,
173713,15-May-18,7:52:32,2018-05-15 07:52:32,G,2,145,1008,804,0,7,-62.4462,-60.1477,54:56.4,FastGPS,-62.4462,-60.1477,,1,8.1,-0.6,,,,15,31,20501,,,,29,31269,,,,25,23968,,,,23,21229,,,,5,16007,,,,26,21943,,,,4,15396,,,,,,,,,,,,,,,,,,,,,,,,,,,,,,,,,,,,,,,,,,,
173713,15-May-18,8:23:01,2018-05-15 08:23:01,G,4,145,1009,,0,9,-62.4655,-60.171,25:25.5,FastGPS,-62.4655,-60.171,,1,10,-0.5,,,,15,31,22430,,,,29,14460,,,,26,10464,,,,4,10109,,,,25,3010,,,,21,7303,,,,16,20995,,,,5,25978,,,,9,2247,,,,,,,,,,,,,,,,,,,,,,,,,,,,,,,,,
173713,15-May-18,8:53:55,2018-05-15 08:53:55,G,2,145,1010,,0,9,-62.4833,-60.1804,56:19.5,FastGPS,-62.4833,-60.1804,,1,6.7,-0.5,,,,15,26,3819,,,,29,32650,,,,9,4785,,,,21,22036,,,,4,6088,,,,16,15022,,,,5,31974,,,,31,30050,,,,25,29077,,,,,,,,,,,,,,,,,,,,,,,,,,,,,,,,,
173713,15-May-18,9:40:34,2018-05-15 09:40:34,G,2,145,1011,,0,9,-62.4979,-60.2237,42:57.9,FastGPS,-62.4979,-60.2237,,1,17.2,-1,,,,15,4,17846,,,,26,27977,,,,16,11066,,,,21,10649,,,,29,18533,,,,5,8883,,,,20,13395,,,,7,28904,,,,27,15430,,,,,,,,,,,,,,,,,,,,,,,,,,,,,,,,,
173713,15-May-18,21:13:47,2018-05-15 21:13:47,G,1,145,1019,805,0,4,-62.552,-60.407,5/15/2018 12:59,R,-62.5467,-60.4092,,,1.4,-1.5,,,,15,30,15142,,,,7,28225,,,,5,5179,,,,2,27052,,,,,,,,,,,,,,,,,,,,,,,,,,,,,,,,,,,,,,,,,,,,,,,,,,,,,,,,,,
173713,15-May-18,21:44:39,2018-05-15 21:44:39,G,1,145,1020,805,0,5,-62.54,-60.4575,47:03.0,FastGPS,-62.54,-60.4575,,,6.4,-1,,,,15,5,29475,,,,7,18722,,,,9,8111,,,,30,10730,,,,2,11373,,,,,,,,,,,,,,,,,,,,,,,,,,,,,,,,,,,,,,,,,,,,,,,,,,,,,
173713,16-May-18,2:02:51,2018-05-16 02:02:51,G,1,145,1026,807,0,8,-62.4004,-60.6343,05:15.0,FastGPS,-62.4004,-60.6343,,,7,-1,,,,15,15,25972,,,,24,20813,,,,11,6205,,,,18,4518,,,,28,5692,,,,10,11194,,,,17,486,,,,1,3168,,,,,,,,,,,,,,,,,,,,,,,,,,,,,,,,,,,,,,
173713,16-May-18,2:34:34,2018-05-16 02:34:34,G,1,145,1027,,0,9,-62.4035,-60.602,36:58.0,FastGPS,-62.4035,-60.602,,,12.5,-1,,,,15,17,24013,,,,24,27200,,,,28,18398,,,,15,30607,,,,1,18207,,,,11,27666,,,,19,21217,,,,18,21764,,,,10,31878,,,,,,,,,,,,,,,,,,,,,,,,,,,,,,,,,
173713,16-May-18,4:45:07,2018-05-16 04:45:07,G,3,145,1028,810,0,8,-62.4518,-60.5712,47:30.5,FastGPS,-62.4518,-60.5712,,,7.3,-1.5,,,,15,17,26033,,,,12,14228,,,,32,23976,,,,25,30096,,,,14,17619,,,,19,19365,,,,6,3568,,,,3,13785,,,,,,,,,,,,,,,,,,,,,,,,,,,,,,,,,,,,,,
173713,16-May-18,7:50:14,2018-05-16 07:50:14,G,1,145,1031,812,0,7,-62.4172,-60.6295,52:38.5,FastGPS,-62.4172,-60.6295,,1,6.2,-0.5,,,,15,31,12805,,,,2,26955,,,,4,16170,,,,26,24517,,,,29,26148,,,,5,11988,,,,23,13249,,,,,,,,,,,,,,,,,,,,,,,,,,,,,,,,,,,,,,,,,,,
173713,16-May-18,8:35:32,2018-05-16 08:35:32,G,1,145,1032,,0,9,-62.4071,-60.654,37:56.0,FastGPS,-62.4071,-60.654,,1,5.7,-1,,,,15,5,25813,,,,31,20349,,,,29,18611,,,,21,17612,,,,4,25320,,,,25,22305,,,,26,9213,,,,16,19823,,,,2,32320,,,,,,,,,,,,,,,,,,,,,,,,,,,,,,,,,
173713,16-May-18,9:05:18,2018-05-16 09:05:18,G,1,145,1033,813,0,6,-62.4112,-60.6351,07:41.5,FastGPS,-62.4112,-60.6351,,1,3.1,-1.5,,,,15,4,2858,,,,26,16283,,,,16,3083,,,,31,26483,,,,5,13217,,,,21,19236,,,,,,,,,,,,,,,,,,,,,,,,,,,,,,,,,,,,,,,,,,,,,,,,
173713,16-May-18,13:53:42,2018-05-16 13:53:42,G,2,145,1034,816,0,8,-62.4981,-60.7,56:05.5,FastGPS,-62.4981,-60.7,,,6.2,-1.5,,,,15,18,3745,,,,11,6900,,,,28,17651,,,,24,21898,,,,10,16442,,,,1,1259,,,,8,26760,,,,27,11762,,,,,,,,,,,,,,,,,,,,,,,,,,,,,,,,,,,,,,
173713,16-May-18,14:26:01,2018-05-16 14:26:01,G,1,145,1035,,0,9,-62.4945,-60.707,28:26.0,FastGPS,-62.4945,-60.707,,,7.3,0,,,,15,11,23308,,,,18,16538,,,,1,6724,,,,28,1296,,,,10,2023,,,,24,22560,,,,32,7248,,,,22,6009,,,,8,21343,,,,,,,,,,,,,,,,,,,,,,,,,,,,,,,,,
173713,16-May-18,19:28:03,2018-05-16 19:28:03,G,1,145,1043,,0,9,-62.4863,-60.7157,30:28.0,FastGPS,-62.4863,-60.7157,,1,7.3,0,,,,15,4,2365,,,,26,31914,,,,2,13985,,,,3,26272,,,,31,4913,,,,23,10866,,,,7,14241,,,,16,17475,,,,29,12695,,,,,,,,,,,,,,,,,,,,,,,,,,,,,,,,,
173713,16-May-18,20:13:00,2018-05-16 20:13:00,G,1,145,1044,818,0,7,-62.4862,-60.7155,15:23.5,FastGPS,-62.4862,-60.7155,,1,4.3,-1.5,,,,15,16,13294,,,,7,17413,,,,23,6969,,,,26,4161,,,,3,32347,,,,4,3781,,,,9,1621,,,,,,,,,,,,,,,,,,,,,,,,,,,,,,,,,,,,,,,,,,,
173713,16-May-18,20:46:40,2018-05-16 20:46:40,G,1,145,1045,,0,9,-62.4898,-60.7045,49:03.5,FastGPS,-62.4898,-60.7045,,1,2.4,-1.5,,,,15,5,7420,,,,23,15524,,,,16,7748,,,,26,2303,,,,7,16601,,,,4,14799,,,,9,24022,,,,29,3368,,,,2,23955,,,,,,,,,,,,,,,,,,,,,,,,,,,,,,,,,
173713,17-May-18,6:00:44,2018-05-17 06:00:44,G,3,145,1046,818,0,8,-62.4784,-60.7438,03:07.5,FastGPS,-62.4784,-60.7438,,,10.2,-1.5,,,,15,12,20290,,,,29,28918,,,,2,29385,,,,25,4855,,,,32,3101,,,,31,9711,,,,3,18895,,,,6,4970,,,,,,,,,,,,,,,,,,,,,,,,,,,,,,,,,,,,,,
173713,17-May-18,6:32:06,2018-05-17 06:32:06,G,2,145,1047,818,0,7,-62.4895,-60.719,34:30.0,FastGPS,-62.4895,-60.719,,1,6.9,-1,,,,15,31,21339,,,,29,11518,,,,25,23736,,,,6,9733,,,,23,23307,,,,2,7007,,,,4,23505,,,,,,,,,,,,,,,,,,,,,,,,,,,,,,,,,,,,,,,,,,,
173713,17-May-18,8:59:17,2018-05-17 08:59:17,G,2,145,1049,821,0,7,-62.4979,-60.7013,01:40.5,FastGPS,-62.4979,-60.7013,,1,2.8,-1.5,,,,15,29,20004,,,,21,954,,,,5,5600,,,,4,26155,,,,31,24661,,,,16,20078,,,,26,5264,,,,,,,,,,,,,,,,,,,,,,,,,,,,,,,,,,,,,,,,,,,
173713,17-May-18,9:59:01,2018-05-17 09:59:01,G,1,145,1051,821,0,8,-62.4981,-60.7018,01:25.0,FastGPS,-62.4981,-60.7018,,1,4,-1,,,,15,4,3978,,,,20,25423,,,,29,1119,,,,21,17133,,,,5,10905,,,,26,3706,,,,27,22743,,,,15,26894,,,,,,,,,,,,,,,,,,,,,,,,,,,,,,,,,,,,,,
173713,17-May-18,11:44:38,2018-05-17 11:44:38,G,3,145,1053,,0,9,-62.4897,-60.7238,47:02.0,FastGPS,-62.4897,-60.7238,,,7.9,-1,,,,15,20,18775,,,,21,11401,,,,15,18833,,,,16,32468,,,,10,19384,,,,27,8746,,,,7,27201,,,,30,15123,,,,8,24890,,,,,,,,,,,,,,,,,,,,,,,,,,,,,,,,,
173713,17-May-18,12:48:00,2018-05-17 12:48:00,G,2,145,1055,822,1,4,-62.492,-60.717,5/17/2018 20:06,R,-62.4922,-60.72,,,0.9,-1.5,,,,15,32,30903,,,,20,7460,,,,15,22481,,,,10,15379,,,,,,,,,,,,,,,,,,,,,,,,,,,,,,,,,,,,,,,,,,,,,,,,,,,,,,,,,,
173713,17-May-18,13:18:00,2018-05-17 13:18:00,G,2,145,1056,822,1,4,-62.492,-60.717,5/17/2018 20:06,R,-62.4921,-60.7191,,,0.2,-1.5,,,,15,20,19210,,,,32,26445,,,,10,28353,,,,27,24394,,,,,,,,,,,,,,,,,,,,,,,,,,,,,,,,,,,,,,,,,,,,,,,,,,,,,,,,,,
173713,17-May-18,13:48:00,2018-05-17 13:48:00,G,2,145,1057,822,1,4,-62.492,-60.717,5/17/2018 20:06,R,-62.4923,-60.7196,,,0.9,-1.5,,,,15,10,2450,,,,32,29574,,,,14,19029,,,,24,1893,,,,,,,,,,,,,,,,,,,,,,,,,,,,,,,,,,,,,,,,,,,,,,,,,,,,,,,,,,
173713,18-May-18,1:38:34,2018-05-18 01:38:34,G,1,145,1059,822,0,8,-62.4904,-60.722,5/18/2018 1:40,FastGPS,-62.4904,-60.722,,,8.2,-1,,,,15,15,21268,,,,17,16642,,,,13,3790,,,,28,2423,,,,24,5052,,,,10,13542,,,,19,905,,,,20,32395,,,,,,,,,,,,,,,,,,,,,,,,,,,,,,,,,,,,,,
173713,18-May-18,4:08:33,2018-05-18 04:08:33,G,1,145,1060,823,0,7,-62.4332,-60.5713,10:58.0,FastGPS,-62.4332,-60.5713,,,4.1,0,,,,15,17,17221,,,,12,15290,,,,6,8483,,,,2,1987,,,,19,21444,,,,24,8663,,,,32,7585,,,,,,,,,,,,,,,,,,,,,,,,,,,,,,,,,,,,,,,,,,,
173713,18-May-18,8:26:12,2018-05-18 08:26:12,G,1,145,1065,826,0,5,-62.492,-60.717,5/17/2018 20:06,R,-62.2487,-60.4482,,1,2.5,0,,,,15,5,23873,,,,29,18859,,,,31,22850,,,,21,10465,,,,4,21530,,,,,,,,,,,,,,,,,,,,,,,,,,,,,,,,,,,,,,,,,,,,,,,,,,,,,
173713,18-May-18,10:22:04,2018-05-18 10:22:04,G,1,145,1067,,0,9,-62.2653,-60.4197,24:28.5,FastGPS,-62.2653,-60.4197,,1,8.6,-0.5,,,,15,29,31205,,,,10,11772,,,,15,5735,,,,20,15640,,,,4,21066,,,,13,20170,,,,16,23998,,,,26,4798,,,,21,12496,,,,,,,,,,,,,,,,,,,,,,,,,,,,,,,,,
173713,18-May-18,11:35:35,2018-05-18 11:35:35,G,1,145,1069,,0,9,-62.2729,-60.3998,37:58.6,FastGPS,-62.2729,-60.3998,,,7.7,-1.4,,,,15,15,18262,,,,27,3618,,,,10,5553,,,,8,4264,,,,13,12143,,,,7,6312,,,,21,31609,,,,16,20059,,,,30,16198,,,,,,,,,,,,,,,,,,,,,,,,,,,,,,,,,
173713,18-May-18,14:21:58,2018-05-18 14:21:58,G,1,145,1073,829,0,8,-62.2925,-60.3905,24:22.1,FastGPS,-62.2925,-60.3905,,1,4.7,-0.9,,,,15,10,8667,,,,8,27786,,,,32,1689,,,,27,11591,,,,18,8988,,,,1,6082,,,,14,16422,,,,11,15767,,,,,,,,,,,,,,,,,,,,,,,,,,,,,,,,,,,,,,
173713,18-May-18,15:04:54,2018-05-18 15:04:54,G,3,145,1074,,0,9,-62.2658,-60.4147,07:18.5,FastGPS,-62.2658,-60.4147,,,9.7,-0.4,,,,15,32,17164,,,,8,28633,,,,14,27879,,,,10,16021,,,,11,18543,,,,18,7300,,,,22,18673,,,,28,21531,,,,1,31022,,,,,,,,,,,,,,,,,,,,,,,,,,,,,,,,,
173713,18-May-18,15:38:37,2018-05-18 15:38:37,G,1,145,1075,829,0,7,-62.2454,-60.4314,41:01.0,FastGPS,-62.2454,-60.4314,,,9,-1,,,,15,32,250,,,,14,11317,,,,1,12877,,,,11,28768,,,,31,26691,,,,22,16310,,,,18,13595,,,,,,,,,,,,,,,,,,,,,,,,,,,,,,,,,,,,,,,,,,,
173713,18-May-18,16:29:54,2018-05-18 16:29:54,G,1,145,1076,,0,9,-62.2483,-60.4289,32:18.6,FastGPS,-62.2483,-60.4289,,,10.8,-0.4,,,,15,17,2952,,,,12,23873,,,,19,18359,,,,32,656,,,,3,20916,,,,31,19554,,,,18,14723,,,,25,24040,,,,1,8583,,,,,,,,,,,,,,,,,,,,,,,,,,,,,,,,,
173713,18-May-18,20:53:09,2018-05-18 20:53:09,G,1,145,1081,832,0,4,-62.492,-60.731,5/17/2018 22:47,P,-62.259,-60.3981,,,0.6,-0.9,,,,15,7,1087,,,,16,7267,,,,23,29832,,,,9,12368,,,,,,,,,,,,,,,,,,,,,,,,,,,,,,,,,,,,,,,,,,,,,,,,,,,,,,,,,,
173713,19-May-18,0:37:54,2018-05-19 00:37:54,G,2,145,1086,833,0,4,-62.367,-60.378,5/19/2018 23:58,P,-62.2606,-60.3089,,,0.3,-0.4,,,,15,15,10023,,,,13,17508,,,,8,23630,,,,28,20422,,,,,,,,,,,,,,,,,,,,,,,,,,,,,,,,,,,,,,,,,,,,,,,,,,,,,,,,,,
173713,19-May-18,2:41:35,2018-05-19 02:41:35,G,3,145,1088,836,0,8,-62.2523,-60.3333,43:59.0,FastGPS,-62.2523,-60.3333,,,5.7,-0.9,,,,15,18,15969,,,,17,12155,,,,28,27288,,,,11,8106,,,,24,754,,,,1,15317,,,,32,16640,,,,19,7464,,,,,,,,,,,,,,,,,,,,,,,,,,,,,,,,,,,,,,
173713,19-May-18,3:11:36,2018-05-19 03:11:36,G,3,145,1089,836,0,5,-62.2615,-60.3246,13:59.5,FastGPS,-62.2615,-60.3246,,,1,-1.4,,,,15,17,22722,,,,19,11268,,,,15,4744,,,,24,22755,,,,12,3798,,,,,,,,,,,,,,,,,,,,,,,,,,,,,,,,,,,,,,,,,,,,,,,,,,,,,
173713,19-May-18,14:13:19,2018-05-19 14:13:19,G,2,145,1090,,0,9,-62.4554,-60.3251,15:43.0,FastGPS,-62.4554,-60.3251,,,11.1,-0.9,,,,15,11,12409,,,,8,12180,,,,22,24441,,,,18,5966,,,,1,27063,,,,10,28294,,,,28,23700,,,,32,31491,,,,14,463,,,,,,,,,,,,,,,,,,,,,,,,,,,,,,,,,
173713,19-May-18,14:43:00,2018-05-19 14:43:00,G,3,145,1091,837,1,5,-62.4568,-60.3242,45:23.5,FastGPS,-62.4568,-60.3242,,,1.5,-1.5,,,,15,32,13872,,,,24,15505,,,,1,11851,,,,18,26976,,,,11,3620,,,,,,,,,,,,,,,,,,,,,,,,,,,,,,,,,,,,,,,,,,,,,,,,,,,,,
173713,19-May-18,15:43:00,2018-05-19 15:43:00,G,1,145,1093,837,1,8,-62.4565,-60.324,45:23.6,FastGPS,-62.4565,-60.324,,,8,-1.4,,,,15,14,16113,,,,32,16566,,,,3,31624,,,,1,18100,,,,17,7469,,,,22,2099,,,,18,646,,,,11,16682,,,,,,,,,,,,,,,,,,,,,,,,,,,,,,,,,,,,,,
173713,19-May-18,21:03:57,2018-05-19 21:03:57,G,2,145,1094,839,0,6,-62.4454,-60.3522,06:21.1,FastGPS,-62.4454,-60.3522,,,14.2,-0.9,,,,15,16,1125,,,,5,25494,,,,23,8321,,,,7,10729,,,,9,27316,,,,26,21578,,,,,,,,,,,,,,,,,,,,,,,,,,,,,,,,,,,,,,,,,,,,,,,,
173713,19-May-18,23:55:13,2018-05-19 23:55:13,G,1,145,1096,,0,9,-62.3614,-60.3782,57:36.6,FastGPS,-62.3614,-60.3782,,,11.4,-1.4,,,,15,15,2453,,,,7,16100,,,,13,12222,,,,8,1452,,,,30,27407,,,,28,10807,,,,20,29932,,,,27,3235,,,,11,13259,,,,,,,,,,,,,,,,,,,,,,,,,,,,,,,,,
173713,20-May-18,0:56:55,2018-05-20 00:56:55,G,2,145,1097,,0,9,-62.3454,-60.3671,59:19.1,FastGPS,-62.3454,-60.3671,,,6.7,-0.9,,,,15,17,673,,,,11,20291,,,,1,3678,,,,18,32727,,,,28,11612,,,,13,26396,,,,30,25957,,,,19,11777,,,,15,18625,,,,,,,,,,,,,,,,,,,,,,,,,,,,,,,,,
173713,20-May-18,2:01:57,2018-05-20 02:01:57,G,2,145,1099,,0,9,-62.3338,-60.3779,04:21.1,FastGPS,-62.3338,-60.3779,,,10.8,-0.9,,,,15,28,23578,,,,15,7030,,,,11,27368,,,,17,24744,,,,24,14953,,,,13,19446,,,,1,5538,,,,19,697,,,,10,15634,,,,,,,,,,,,,,,,,,,,,,,,,,,,,,,,,
173713,20-May-18,3:19:08,2018-05-20 03:19:08,G,1,145,1101,845,0,4,-62.544,-60.42,5/21/2018 2:28,N,-62.3579,-60.4094,,,0.3,0.1,,,,15,17,2826,,,,12,8630,,,,24,22729,,,,19,16296,,,,,,,,,,,,,,,,,,,,,,,,,,,,,,,,,,,,,,,,,,,,,,,,,,,,,,,,,,
173713,20-May-18,4:34:25,2018-05-20 04:34:25,G,2,145,1102,845,0,6,-62.3623,-60.4238,36:49.6,FastGPS,-62.3623,-60.4238,,,19.1,-0.4,,,,15,17,12914,,,,19,18985,,,,6,27575,,,,12,185,,,,3,30979,,,,24,20662,,,,,,,,,,,,,,,,,,,,,,,,,,,,,,,,,,,,,,,,,,,,,,,,
173713,20-May-18,5:21:58,2018-05-20 05:21:58,G,3,145,1103,846,0,8,-62.3689,-60.4343,24:23.1,FastGPS,-62.3689,-60.4343,,,8.1,0.1,,,,15,31,6670,,,,12,30304,,,,25,19585,,,,29,8403,,,,2,6611,,,,14,12744,,,,32,28020,,,,24,3407,,,,,,,,,,,,,,,,,,,,,,,,,,,,,,,,,,,,,,
173713,20-May-18,7:58:09,2018-05-20 07:58:09,G,3,145,1104,847,0,5,-62.544,-60.42,5/21/2018 2:28,N,-62.3788,-60.491,,1,0.4,-1.4,,,,15,31,30926,,,,29,9486,,,,4,27524,,,,26,24335,,,,5,11220,,,,,,,,,,,,,,,,,,,,,,,,,,,,,,,,,,,,,,,,,,,,,,,,,,,,,
173713,20-May-18,8:28:08,2018-05-20 08:28:08,G,5,145,1105,847,0,5,-62.544,-60.42,5/21/2018 2:28,N,-62.3706,-60.4907,,1,1.7,-1.4,,,,15,26,9989,,,,29,22369,,,,31,1682,,,,4,17221,,,,21,11522,,,,,,,,,,,,,,,,,,,,,,,,,,,,,,,,,,,,,,,,,,,,,,,,,,,,,
173713,20-May-18,12:51:10,2018-05-20 12:51:10,G,4,145,1106,849,0,8,-62.4776,-60.4528,53:33.6,FastGPS,-62.4776,-60.4528,,,5.4,-1.4,,,,15,8,31445,,,,11,27117,,,,18,28231,,,,28,21944,,,,15,21827,,,,27,19248,,,,1,30488,,,,10,22918,,,,,,,,,,,,,,,,,,,,,,,,,,,,,,,,,,,,,,
173713,20-May-18,13:21:06,2018-05-20 13:21:06,G,3,145,1107,849,0,7,-62.493,-60.4414,23:29.6,FastGPS,-62.493,-60.4414,,,15.3,-1.4,,,,15,1,25990,,,,11,22496,,,,28,5037,,,,8,14105,,,,18,20820,,,,27,9306,,,,32,28913,,,,,,,,,,,,,,,,,,,,,,,,,,,,,,,,,,,,,,,,,,,
173713,20-May-18,16:45:00,2018-05-20 16:45:00,G,2,145,1108,,0,9,-62.5561,-60.3554,47:23.6,FastGPS,-62.5561,-60.3554,,,9.1,-1.4,,,,15,17,30517,,,,31,27637,,,,12,22018,,,,19,5573,,,,14,19207,,,,23,27222,,,,32,27292,,,,3,15005,,,,6,2937,,,,,,,,,,,,,,,,,,,,,,,,,,,,,,,,,
173713,20-May-18,18:48:00,2018-05-20 18:48:00,G,1,145,1111,,0,9,-62.5416,-60.2748,50:23.6,FastGPS,-62.5416,-60.2748,,1,10.3,-1.4,,,,15,3,13798,,,,23,31376,,,,16,20644,,,,26,21231,,,,4,11919,,,,22,21272,,,,9,28681,,,,7,7408,,,,31,28883,,,,,,,,,,,,,,,,,,,,,,,,,,,,,,,,,
173713,20-May-18,19:23:22,2018-05-20 19:23:22,G,1,145,1112,855,0,7,-62.5314,-60.2743,25:45.6,FastGPS,-62.5314,-60.2743,,1,6.8,-1.4,,,,15,4,5471,,,,26,12536,,,,16,27589,,,,7,11329,,,,3,14552,,,,23,26232,,,,9,24455,,,,,,,,,,,,,,,,,,,,,,,,,,,,,,,,,,,,,,,,,,,
173713,20-May-18,20:28:23,2018-05-20 20:28:23,G,4,145,1114,,0,9,-62.5092,-60.2727,30:47.1,FastGPS,-62.5092,-60.2727,,1,8,-0.9,,,,15,7,1276,,,,26,427,,,,23,18653,,,,9,17633,,,,16,992,,,,30,9497,,,,4,13741,,,,5,22222,,,,29,30298,,,,,,,,,,,,,,,,,,,,,,,,,,,,,,,,,
173713,20-May-18,21:17:23,2018-05-20 21:17:23,G,2,145,1115,856,0,6,-62.4958,-60.2472,19:46.6,FastGPS,-62.4958,-60.2472,,,3.7,-1.4,,,,15,5,17357,,,,16,13242,,,,7,16007,,,,9,30226,,,,27,30354,,,,23,8399,,,,,,,,,,,,,,,,,,,,,,,,,,,,,,,,,,,,,,,,,,,,,,,,
173713,20-May-18,22:17:16,2018-05-20 22:17:16,G,1,145,1116,857,0,6,-62.4933,-60.2458,19:39.6,FastGPS,-62.4933,-60.2458,,,0.6,-1.4,,,,15,5,26859,,,,28,8776,,,,7,22030,,,,13,10086,,,,30,31288,,,,9,13700,,,,,,,,,,,,,,,,,,,,,,,,,,,,,,,,,,,,,,,,,,,,,,,,
173713,21-May-18,1:31:53,2018-05-21 01:31:53,G,2,145,1118,857,0,8,-62.5382,-60.388,34:17.6,FastGPS,-62.5382,-60.388,,,10.1,-0.4,,,,15,15,29682,,,,17,21450,,,,10,32242,,,,24,6951,,,,13,31872,,,,20,2465,,,,19,7111,,,,11,8674,,,,,,,,,,,,,,,,,,,,,,,,,,,,,,,,,,,,,,
173713,21-May-18,2:02:07,2018-05-21 02:02:07,G,2,145,1119,857,0,7,-62.5427,-60.4139,04:32.1,FastGPS,-62.5427,-60.4139,,,10.5,0.1,,,,15,15,29431,,,,19,14565,,,,17,1871,,,,24,28620,,,,13,32695,,,,28,7351,,,,12,26752,,,,,,,,,,,,,,,,,,,,,,,,,,,,,,,,,,,,,,,,,,,
173713,21-May-18,2:32:08,2018-05-21 02:32:08,G,1,145,1120,857,0,7,-62.542,-60.4218,34:32.6,FastGPS,-62.542,-60.4218,,,4.8,-0.4,,,,15,15,562,,,,17,7538,,,,19,32155,,,,13,23799,,,,12,22196,,,,24,28371,,,,10,26835,,,,,,,,,,,,,,,,,,,,,,,,,,,,,,,,,,,,,,,,,,,
173713,21-May-18,3:03:10,2018-05-21 03:03:10,G,4,145,1121,857,0,6,-62.5528,-60.4412,05:35.1,FastGPS,-62.5528,-60.4412,,,5,0.1,,,,15,17,16428,,,,12,29494,,,,19,3639,,,,15,29940,,,,24,15958,,,,32,9613,,,,,,,,,,,,,,,,,,,,,,,,,,,,,,,,,,,,,,,,,,,,,,,,
173713,21-May-18,3:33:46,2018-05-21 03:33:46,G,4,145,1122,857,0,8,-62.5529,-60.4425,36:10.6,FastGPS,-62.5529,-60.4425,,,15.8,-0.4,,,,15,17,29840,,,,19,18731,,,,12,2322,,,,25,31093,,,,24,15615,,,,15,3997,,,,32,23724,,,,6,2325,,,,,,,,,,,,,,,,,,,,,,,,,,,,,,,,,,,,,,
173713,21-May-18,4:04:00,2018-05-21 04:04:00,G,2,145,1123,,0,9,-62.5516,-60.4386,06:25.1,FastGPS,-62.5516,-60.4386,,,8.8,0.1,,,,15,17,13989,,,,12,22125,,,,6,24254,,,,32,2778,,,,22,26513,,,,14,10449,,,,24,16500,,,,2,538,,,,3,22173,,,,,,,,,,,,,,,,,,,,,,,,,,,,,,,,,
173713,21-May-18,4:34:41,2018-05-21 04:34:41,G,1,145,1124,,0,9,-62.5485,-60.4174,37:05.6,FastGPS,-62.5485,-60.4174,,,11.8,-0.4,,,,15,17,27299,,,,25,15312,,,,12,3298,,,,19,8324,,,,3,3135,,,,6,1544,,,,32,25824,,,,14,13202,,,,2,32407,,,,,,,,,,,,,,,,,,,,,,,,,,,,,,,,,
173713,21-May-18,5:37:00,2018-05-21 05:37:00,G,1,145,1126,857,0,7,-62.5461,-60.4404,39:24.6,FastGPS,-62.5461,-60.4404,,,7.1,-0.4,,,,15,29,7769,,,,31,28908,,,,12,13966,,,,25,5237,,,,14,25506,,,,2,30284,,,,32,8029,,,,,,,,,,,,,,,,,,,,,,,,,,,,,,,,,,,,,,,,,,,
173713,21-May-18,8:37:00,2018-05-21 08:37:00,G,1,145,1129,,0,9,-62.5641,-60.4883,39:25.1,FastGPS,-62.5641,-60.4883,,1,15.9,0.1,,,,15,29,21570,,,,5,32275,,,,26,19681,,,,16,18932,,,,21,27539,,,,4,13548,,,,31,3538,,,,25,29881,,,,20,1651,,,,,,,,,,,,,,,,,,,,,,,,,,,,,,,,,
173713,21-May-18,9:38:18,2018-05-21 09:38:18,G,1,145,1131,858,0,8,-62.5637,-60.5024,40:42.6,FastGPS,-62.5637,-60.5024,,1,23.1,-0.4,,,,15,29,27939,,,,4,24673,,,,20,7131,,,,26,20946,,,,5,3058,,,,7,18004,,,,16,11094,,,,21,19027,,,,,,,,,,,,,,,,,,,,,,,,,,,,,,,,,,,,,,
173713,21-May-18,11:46:29,2018-05-21 11:46:29,G,4,145,1134,,0,9,-62.5609,-60.6036,48:53.6,FastGPS,-62.5609,-60.6036,,,13.4,-0.4,,,,15,10,20225,,,,27,32552,,,,21,21556,,,,16,4166,,,,15,32001,,,,8,7391,,,,20,15864,,,,18,8703,,,,7,16113,,,,,,,,,,,,,,,,,,,,,,,,,,,,,,,,,
173713,21-May-18,12:16:36,2018-05-21 12:16:36,G,5,145,1135,860,0,6,-62.5608,-60.6144,19:01.1,FastGPS,-62.5608,-60.6144,,,5.1,0.1,,,,15,10,31219,,,,27,2990,,,,15,17652,,,,20,442,,,,8,12076,,,,18,27950,,,,,,,,,,,,,,,,,,,,,,,,,,,,,,,,,,,,,,,,,,,,,,,,
173713,21-May-18,12:46:26,2018-05-21 12:46:26,G,6,145,1136,860,0,7,-62.5558,-60.6573,48:50.1,FastGPS,-62.5558,-60.6573,,,38.4,-0.9,,,,15,10,26384,,,,32,12884,,,,27,24234,,,,8,2692,,,,18,30708,,,,11,29925,,,,1,32503,,,,,,,,,,,,,,,,,,,,,,,,,,,,,,,,,,,,,,,,,,,
173713,21-May-18,13:18:14,2018-05-21 13:18:14,G,3,145,1137,,0,9,-62.5371,-60.6812,20:38.6,FastGPS,-62.5371,-60.6812,,,8.1,-0.4,,,,15,10,4297,,,,32,24857,,,,27,29494,,,,18,17886,,,,22,14622,,,,14,23867,,,,28,32569,,,,8,5588,,,,20,6329,,,,,,,,,,,,,,,,,,,,,,,,,,,,,,,,,
173713,21-May-18,13:48:11,2018-05-21 13:48:11,G,1,145,1138,860,0,6,-62.5207,-60.6969,50:35.6,FastGPS,-62.5207,-60.6969,,,4.2,-0.4,,,,15,10,18650,,,,32,2382,,,,14,27868,,,,8,1046,,,,24,13428,,,,18,14167,,,,,,,,,,,,,,,,,,,,,,,,,,,,,,,,,,,,,,,,,,,,,,,,
173713,21-May-18,14:19:49,2018-05-21 14:19:49,G,1,145,1139,860,0,8,-62.4999,-60.6995,22:14.1,FastGPS,-62.4999,-60.6995,,,10.6,0.1,,,,15,32,4395,,,,10,31037,,,,18,14881,,,,14,14720,,,,24,29505,,,,8,16294,,,,1,1122,,,,11,23392,,,,,,,,,,,,,,,,,,,,,,,,,,,,,,,,,,,,,,
173713,21-May-18,14:50:00,2018-05-21 14:50:00,G,1,145,1140,860,0,7,-62.4954,-60.7104,52:25.1,FastGPS,-62.4954,-60.7104,,,5.6,0.1,,,,15,8,21034,,,,14,4316,,,,18,23818,,,,3,22746,,,,11,2611,,,,1,10381,,,,22,25435,,,,,,,,,,,,,,,,,,,,,,,,,,,,,,,,,,,,,,,,,,,
173713,21-May-18,15:20:00,2018-05-21 15:20:00,G,2,145,1141,860,1,5,-62.4947,-60.7098,22:24.6,FastGPS,-62.4947,-60.7098,,,0.3,-0.4,,,,15,3,1242,,,,11,30968,,,,18,16175,,,,22,28958,,,,17,31238,,,,,,,,,,,,,,,,,,,,,,,,,,,,,,,,,,,,,,,,,,,,,,,,,,,,,
173713,21-May-18,15:50:00,2018-05-21 15:50:00,G,3,145,1142,860,1,5,-62.4946,-60.7107,52:24.6,FastGPS,-62.4946,-60.7107,,,3.4,-0.4,,,,15,11,16117,,,,18,29808,,,,23,10958,,,,1,12126,,,,3,15414,,,,,,,,,,,,,,,,,,,,,,,,,,,,,,,,,,,,,,,,,,,,,,,,,,,,,
173713,21-May-18,16:20:00,2018-05-21 16:20:00,G,3,145,1143,860,1,5,-62.4949,-60.7111,22:24.6,FastGPS,-62.4949,-60.7111,,,1.8,-0.4,,,,15,17,20316,,,,25,15768,,,,19,8995,,,,3,9462,,,,32,7854,,,,,,,,,,,,,,,,,,,,,,,,,,,,,,,,,,,,,,,,,,,,,,,,,,,,,
173713,21-May-18,16:50:00,2018-05-21 16:50:00,G,4,145,1144,860,1,6,-62.4947,-60.7109,52:23.6,FastGPS,-62.4947,-60.7109,,,4.3,-1.4,,,,15,17,16933,,,,25,30310,,,,6,15906,,,,19,14070,,,,32,22159,,,,23,6412,,,,,,,,,,,,,,,,,,,,,,,,,,,,,,,,,,,,,,,,,,,,,,,,
173713,22-May-18,18:32:06,2018-05-22 18:32:06,G,1,145,1145,861,0,7,-62.4973,-60.7022,34:29.6,FastGPS,-62.4973,-60.7022,,1,13.1,-1.3,,,,15,2,5752,,,,31,27713,,,,9,12043,,,,23,7168,,,,6,14762,,,,4,3579,,,,29,21194,,,,,,,,,,,,,,,,,,,,,,,,,,,,,,,,,,,,,,,,,,,
173713,22-May-18,19:32:00,2018-05-22 19:32:00,G,1,145,1146,,0,9,-62.5201,-60.6882,34:24.1,FastGPS,-62.5201,-60.6882,,1,21.6,-0.9,,,,15,7,15571,,,,4,7191,,,,26,27766,,,,16,22686,,,,3,21765,,,,23,2223,,,,9,32438,,,,29,7391,,,,2,16152,,,,,,,,,,,,,,,,,,,,,,,,,,,,,,,,,
173713,22-May-18,20:32:00,2018-05-22 20:32:00,G,2,145,1148,863,0,6,-62.5359,-60.6758,34:23.7,FastGPS,-62.5359,-60.6758,,,1.5,-1.3,,,,15,7,4678,,,,23,2277,,,,5,2735,,,,9,2882,,,,30,31422,,,,16,28728,,,,,,,,,,,,,,,,,,,,,,,,,,,,,,,,,,,,,,,,,,,,,,,,
173713,22-May-18,21:02:02,2018-05-22 21:02:02,G,2,145,1149,863,0,5,-62.5421,-60.6502,04:25.7,FastGPS,-62.5421,-60.6502,,,3.8,-1.3,,,,15,7,29768,,,,16,17356,,,,5,24641,,,,9,4272,,,,30,19231,,,,,,,,,,,,,,,,,,,,,,,,,,,,,,,,,,,,,,,,,,,,,,,,,,,,,
173713,22-May-18,22:17:01,2018-05-22 22:17:01,G,2,145,1151,864,0,8,-62.5622,-60.6108,19:24.7,FastGPS,-62.5622,-60.6108,,,4.4,-1.3,,,,15,7,23127,,,,5,5097,,,,30,23681,,,,9,27818,,,,28,2689,,,,8,15146,,,,27,20891,,,,13,28629,,,,,,,,,,,,,,,,,,,,,,,,,,,,,,,,,,,,,,
173713,22-May-18,23:02:00,2018-05-22 23:02:00,G,2,145,1152,865,0,8,-62.5766,-60.5819,04:23.7,FastGPS,-62.5766,-60.5818,,,2.9,-1.3,,,,15,15,19549,,,,5,3769,,,,30,16204,,,,28,21728,,,,7,24355,,,,13,14324,,,,21,22564,,,,20,24293,,,,,,,,,,,,,,,,,,,,,,,,,,,,,,,,,,,,,,
173713,23-May-18,1:16:39,2018-05-23 01:16:39,G,2,145,1156,865,0,6,-62.5578,-60.5798,19:02.7,FastGPS,-62.5578,-60.5798,,,15.1,-1.3,,,,15,15,5163,,,,17,28397,,,,13,23925,,,,28,23879,,,,10,28870,,,,30,3941,,,,,,,,,,,,,,,,,,,,,,,,,,,,,,,,,,,,,,,,,,,,,,,,
173713,23-May-18,1:46:01,2018-05-23 01:46:01,G,2,145,1157,,0,9,-62.5543,-60.565,48:24.7,FastGPS,-62.5543,-60.565,,,12.3,-1.3,,,,15,15,21296,,,,17,21010,,,,12,30630,,,,28,12573,,,,19,24371,,,,13,6320,,,,10,27441,,,,24,12012,,,,1,8581,,,,,,,,,,,,,,,,,,,,,,,,,,,,,,,,,
173713,23-May-18,2:16:00,2018-05-23 02:16:00,G,4,145,1158,,0,9,-62.5436,-60.5478,18:24.2,FastGPS,-62.5436,-60.5478,,,5.2,-0.8,,,,15,17,14017,,,,24,26901,,,,1,30420,,,,10,24729,,,,11,12833,,,,19,25191,,,,32,25570,,,,28,15736,,,,15,8447,,,,,,,,,,,,,,,,,,,,,,,,,,,,,,,,,
173713,23-May-18,2:48:54,2018-05-23 02:48:54,G,1,145,1159,865,0,6,-62.543,-60.5449,51:19.1,FastGPS,-62.543,-60.5449,,,10.1,0.2,,,,15,24,10485,,,,12,6304,,,,17,19615,,,,32,21418,,,,15,20682,,,,1,4295,,,,,,,,,,,,,,,,,,,,,,,,,,,,,,,,,,,,,,,,,,,,,,,,
173713,23-May-18,3:21:44,2018-05-23 03:21:44,G,3,145,1160,865,0,7,-62.5431,-60.545,24:08.6,FastGPS,-62.5431,-60.545,,,2.8,-0.3,,,,15,12,31939,,,,17,12873,,,,32,24218,,,,24,25928,,,,19,26809,,,,25,21344,,,,6,26453,,,,,,,,,,,,,,,,,,,,,,,,,,,,,,,,,,,,,,,,,,,
173713,23-May-18,4:57:26,2018-05-23 04:57:26,G,2,145,1163,865,0,8,-62.5539,-60.5092,59:51.2,FastGPS,-62.5539,-60.5092,,,14.7,0.2,,,,15,12,25275,,,,25,6381,,,,2,16759,,,,19,29600,,,,31,6355,,,,17,1251,,,,24,6387,,,,29,31645,,,,,,,,,,,,,,,,,,,,,,,,,,,,,,,,,,,,,,
173713,23-May-18,7:28:00,2018-05-23 07:28:00,G,2,145,1166,,0,9,-62.5466,-60.4707,30:24.7,FastGPS,-62.5466,-60.4707,,1,11.4,-0.3,,,,15,29,10064,,,,2,19305,,,,12,17511,,,,25,5476,,,,4,15863,,,,5,9760,,,,23,19000,,,,26,30470,,,,21,6610,,,,,,,,,,,,,,,,,,,,,,,,,,,,,,,,,
173713,23-May-18,7:59:02,2018-05-23 07:59:02,G,1,145,1167,868,0,5,-62.48,-60.812,5/24/2018 6:59,A,-62.5426,-60.4625,,1,0.6,-0.3,,,,15,5,17896,,,,29,23588,,,,2,4336,,,,26,19481,,,,4,9719,,,,,,,,,,,,,,,,,,,,,,,,,,,,,,,,,,,,,,,,,,,,,,,,,,,,,
173713,23-May-18,8:29:00,2018-05-23 08:29:00,G,3,145,1168,,0,9,-62.545,-60.4537,31:25.2,FastGPS,-62.545,-60.4537,,1,6.5,0.2,,,,15,5,26075,,,,16,13303,,,,29,15136,,,,26,13592,,,,20,20704,,,,31,29135,,,,25,22867,,,,21,21942,,,,4,7256,,,,,,,,,,,,,,,,,,,,,,,,,,,,,,,,,
173713,23-May-18,9:32:00,2018-05-23 09:32:00,G,1,145,1169,,0,9,-62.5437,-60.4449,34:23.6,FastGPS,-62.5437,-60.4449,,1,9.1,-1.3,,,,15,7,13124,,,,20,32123,,,,5,21101,,,,29,12321,,,,21,13176,,,,26,8242,,,,4,10710,,,,27,10461,,,,16,4241,,,,,,,,,,,,,,,,,,,,,,,,,,,,,,,,,
173713,23-May-18,10:17:24,2018-05-23 10:17:24,G,3,145,1170,,0,9,-62.537,-60.4338,19:47.7,FastGPS,-62.537,-60.4338,,1,13.5,-1.3,,,,15,15,1949,,,,13,31011,,,,21,17798,,,,16,22932,,,,29,5784,,,,20,21228,,,,26,25232,,,,27,15696,,,,4,1031,,,,,,,,,,,,,,,,,,,,,,,,,,,,,,,,,
173713,23-May-18,13:07:51,2018-05-23 13:07:51,G,3,145,1174,874,0,8,-62.5646,-60.4738,10:15.2,FastGPS,-62.5646,-60.4738,,,2.5,-0.8,,,,15,32,18905,,,,10,10269,,,,11,14440,,,,18,12348,,,,8,8797,,,,1,16113,,,,27,6491,,,,28,31432,,,,,,,,,,,,,,,,,,,,,,,,,,,,,,,,,,,,,,
173713,23-May-18,13:54:00,2018-05-23 13:54:00,G,1,145,1175,875,0,8,-62.5675,-60.4912,56:23.7,FastGPS,-62.5675,-60.4912,,,11.9,-1.3,,,,15,18,10579,,,,11,17278,,,,32,2024,,,,8,28966,,,,22,17624,,,,1,26321,,,,14,29312,,,,24,23453,,,,,,,,,,,,,,,,,,,,,,,,,,,,,,,,,,,,,,
173713,23-May-18,15:09:00,2018-05-23 15:09:00,G,1,145,1177,,0,9,-62.5653,-60.4791,11:23.7,FastGPS,-62.5653,-60.4791,,,6.1,-1.3,,,,15,17,29572,,,,18,25223,,,,14,4902,,,,11,6428,,,,1,6346,,,,32,21110,,,,22,26710,,,,3,26882,,,,19,31035,,,,,,,,,,,,,,,,,,,,,,,,,,,,,,,,,
173713,23-May-18,16:09:35,2018-05-23 16:09:35,G,1,145,1179,,0,9,-62.5595,-60.4687,11:59.2,FastGPS,-62.5595,-60.4687,,,10,-0.8,,,,15,17,6700,,,,19,23118,,,,22,1290,,,,3,22484,,,,12,29886,,,,14,28710,,,,32,3774,,,,31,21281,,,,1,8452,,,,,,,,,,,,,,,,,,,,,,,,,,,,,,,,,
173713,23-May-18,16:39:00,2018-05-23 16:39:00,G,1,145,1180,,0,9,-62.5592,-60.4682,41:23.7,FastGPS,-62.5592,-60.4682,,,8.6,-1.3,,,,15,17,3052,,,,31,21467,,,,18,4845,,,,23,6055,,,,1,1496,,,,22,12969,,,,19,26509,,,,3,6370,,,,11,3933,,,,,,,,,,,,,,,,,,,,,,,,,,,,,,,,,
173713,23-May-18,17:13:00,2018-05-23 17:13:00,G,1,145,1181,,0,9,-62.5594,-60.4679,15:24.2,FastGPS,-62.5594,-60.4679,,,6.7,-0.8,,,,15,31,8547,,,,17,5580,,,,22,7284,,,,23,7805,,,,3,16756,,,,9,12339,,,,14,17687,,,,1,8903,,,,6,26500,,,,,,,,,,,,,,,,,,,,,,,,,,,,,,,,,
173713,23-May-18,18:36:51,2018-05-23 18:36:51,G,1,145,1183,877,0,8,-62.5621,-60.5081,39:14.7,FastGPS,-62.5621,-60.5081,,1,7.8,-1.3,,,,15,23,25399,,,,26,17288,,,,6,177,,,,4,7080,,,,9,27783,,,,3,4687,,,,31,18416,,,,16,18719,,,,,,,,,,,,,,,,,,,,,,,,,,,,,,,,,,,,,,
173713,23-May-18,19:07:02,2018-05-23 19:07:02,G,1,145,1184,,0,9,-62.5619,-60.5088,09:25.7,FastGPS,-62.5619,-60.5088,,1,7,-1.3,,,,15,7,15895,,,,23,27351,,,,16,6523,,,,4,31636,,,,9,10579,,,,26,2282,,,,3,24941,,,,6,111,,,,2,16857,,,,,,,,,,,,,,,,,,,,,,,,,,,,,,,,,
173713,23-May-18,20:28:29,2018-05-23 20:28:29,G,1,145,1186,878,0,8,-62.5466,-60.5299,30:53.2,FastGPS,-62.5466,-60.5299,,1,20.4,-0.8,,,,15,16,25399,,,,23,30265,,,,7,2576,,,,26,25965,,,,9,31384,,,,30,29754,,,,4,1766,,,,5,647,,,,,,,,,,,,,,,,,,,,,,,,,,,,,,,,,,,,,,
173713,23-May-18,21:51:26,2018-05-23 21:51:26,G,1,145,1188,879,0,6,-62.5511,-60.5949,53:49.7,FastGPS,-62.5511,-60.5949,,,15.3,-1.3,,,,15,5,15699,,,,7,23193,,,,30,26095,,,,9,15277,,,,13,2389,,,,28,12832,,,,,,,,,,,,,,,,,,,,,,,,,,,,,,,,,,,,,,,,,,,,,,,,
173713,23-May-18,22:21:01,2018-05-23 22:21:01,G,1,145,1189,879,0,7,-62.5536,-60.6282,23:25.2,FastGPS,-62.5536,-60.6282,,,7.4,-0.8,,,,15,7,13520,,,,30,4855,,,,9,1087,,,,5,2870,,,,8,15121,,,,13,3045,,,,28,21473,,,,,,,,,,,,,,,,,,,,,,,,,,,,,,,,,,,,,,,,,,,
173713,23-May-18,22:52:11,2018-05-23 22:52:11,G,1,145,1190,879,0,7,-62.5455,-60.6595,54:35.2,FastGPS,-62.5455,-60.6595,,,9.5,-0.8,,,,15,7,15426,,,,30,26171,,,,5,25881,,,,13,3284,,,,28,2283,,,,8,10096,,,,27,5064,,,,,,,,,,,,,,,,,,,,,,,,,,,,,,,,,,,,,,,,,,,
173713,23-May-18,23:37:10,2018-05-23 23:37:10,G,2,145,1191,,0,9,-62.5319,-60.6936,39:33.7,FastGPS,-62.5319,-60.6936,,,7,-1.3,,,,15,15,22346,,,,13,2878,,,,28,30232,,,,27,2265,,,,5,4219,,,,30,22787,,,,7,12971,,,,20,11350,,,,8,27006,,,,,,,,,,,,,,,,,,,,,,,,,,,,,,,,,
173713,24-May-18,0:24:47,2018-05-24 00:24:47,G,2,145,1192,881,0,5,-62.5164,-60.6893,27:11.2,FastGPS,-62.5164,-60.6893,,,2,-0.8,,,,15,28,5457,,,,13,30287,,,,17,30847,,,,15,12411,,,,7,27383,,,,,,,,,,,,,,,,,,,,,,,,,,,,,,,,,,,,,,,,,,,,,,,,,,,,,
173713,24-May-18,2:47:00,2018-05-24 02:47:00,G,1,145,1196,882,0,4,-62.437,-60.878,5/25/2018 2:17,P,-62.4891,-60.7203,,,0.4,-0.4,,,,15,17,16017,,,,12,14614,,,,19,28760,,,,24,11577,,,,,,,,,,,,,,,,,,,,,,,,,,,,,,,,,,,,,,,,,,,,,,,,,,,,,,,,,,
173713,24-May-18,3:17:00,2018-05-24 03:17:00,G,1,145,1197,882,0,6,-62.4878,-60.7292,19:24.7,FastGPS,-62.4878,-60.7292,,,5.9,-0.3,,,,15,12,20730,,,,19,16236,,,,24,16538,,,,17,2989,,,,6,13142,,,,32,12997,,,,,,,,,,,,,,,,,,,,,,,,,,,,,,,,,,,,,,,,,,,,,,,,
173713,24-May-18,4:02:52,2018-05-24 04:02:52,G,1,145,1198,883,0,7,-62.4894,-60.7269,05:16.2,FastGPS,-62.4894,-60.7269,,,4.9,-0.8,,,,15,12,9916,,,,25,435,,,,32,4772,,,,19,15427,,,,17,2444,,,,14,7868,,,,24,24384,,,,,,,,,,,,,,,,,,,,,,,,,,,,,,,,,,,,,,,,,,,
173713,24-May-18,5:09:00,2018-05-24 05:09:00,G,1,145,1199,,0,9,-62.4773,-60.7541,11:24.7,FastGPS,-62.4773,-60.7541,,,5.6,-0.3,,,,15,29,15200,,,,12,16046,,,,2,4963,,,,6,1137,,,,32,9912,,,,31,13927,,,,25,19387,,,,14,1146,,,,19,8571,,,,,,,,,,,,,,,,,,,,,,,,,,,,,,,,,
173713,24-May-18,6:27:29,2018-05-24 06:27:29,G,2,145,1201,,0,9,-62.4591,-60.815,29:54.2,FastGPS,-62.4591,-60.815,,1,5.1,0.2,,,,15,31,10001,,,,12,4004,,,,29,7007,,,,25,4202,,,,2,4130,,,,26,30851,,,,23,19480,,,,4,21454,,,,5,30036,,,,,,,,,,,,,,,,,,,,,,,,,,,,,,,,,
173713,24-May-18,12:06:06,2018-05-24 12:06:06,G,3,145,1210,890,0,4,-62.431,-60.799,5/25/2018 11:39,A,-62.5053,-60.8154,,,0.4,0.2,,,,15,27,22067,,,,10,21431,,,,20,27340,,,,8,5060,,,,,,,,,,,,,,,,,,,,,,,,,,,,,,,,,,,,,,,,,,,,,,,,,,,,,,,,,,
173713,24-May-18,12:36:01,2018-05-24 12:36:01,G,5,145,1211,890,0,7,-62.5103,-60.8376,38:26.2,FastGPS,-62.5103,-60.8376,,,8.3,0.2,,,,15,10,29765,,,,8,8734,,,,18,10193,,,,27,24077,,,,32,25726,,,,11,9875,,,,15,26151,,,,,,,,,,,,,,,,,,,,,,,,,,,,,,,,,,,,,,,,,,,
173713,24-May-18,13:06:15,2018-05-24 13:06:15,G,1,145,1212,,0,9,-62.5267,-60.8365,08:39.7,FastGPS,-62.5267,-60.8365,,,7.6,-0.3,,,,15,8,30022,,,,27,20510,,,,18,11346,,,,32,17462,,,,10,27866,,,,11,13889,,,,14,18054,,,,1,18937,,,,28,24951,,,,,,,,,,,,,,,,,,,,,,,,,,,,,,,,,
173713,24-May-18,13:36:01,2018-05-24 13:36:01,G,3,145,1213,,0,9,-62.5335,-60.8538,38:25.7,FastGPS,-62.5335,-60.8538,,,12.5,-0.3,,,,15,10,10764,,,,22,9053,,,,32,27959,,,,8,26252,,,,18,7992,,,,14,21876,,,,11,13669,,,,27,12672,,,,24,6037,,,,,,,,,,,,,,,,,,,,,,,,,,,,,,,,,
173713,24-May-18,14:06:09,2018-05-24 14:06:09,G,2,145,1214,,0,9,-62.546,-60.8255,08:33.7,FastGPS,-62.546,-60.8255,,,6.8,-0.3,,,,15,11,19743,,,,18,11029,,,,1,27391,,,,32,144,,,,22,2453,,,,10,165,,,,28,18360,,,,8,17853,,,,24,27888,,,,,,,,,,,,,,,,,,,,,,,,,,,,,,,,,
173713,24-May-18,14:37:19,2018-05-24 14:37:19,G,2,145,1215,,0,9,-62.5549,-60.8181,39:42.7,FastGPS,-62.5549,-60.8181,,,5.9,-1.3,,,,15,1,14645,,,,22,27646,,,,11,7550,,,,32,7038,,,,18,28574,,,,10,15215,,,,17,16156,,,,24,22045,,,,14,7974,,,,,,,,,,,,,,,,,,,,,,,,,,,,,,,,,
173713,24-May-18,15:55:17,2018-05-24 15:55:17,G,1,145,1217,,0,9,-62.5772,-60.8788,57:41.7,FastGPS,-62.5772,-60.8788,,,8.9,-0.3,,,,15,22,16131,,,,17,26467,,,,18,28386,,,,14,30263,,,,31,4143,,,,1,8951,,,,3,15048,,,,11,18086,,,,32,23208,,,,,,,,,,,,,,,,,,,,,,,,,,,,,,,,,
173713,24-May-18,16:29:29,2018-05-24 16:29:29,G,1,145,1218,,0,9,-62.5782,-60.8862,31:53.7,FastGPS,-62.5782,-60.8862,,,5.8,-0.3,,,,15,31,31657,,,,23,2627,,,,1,5558,,,,22,7476,,,,18,13384,,,,17,3447,,,,3,21294,,,,14,18039,,,,11,11640,,,,,,,,,,,,,,,,,,,,,,,,,,,,,,,,,
173713,24-May-18,17:32:07,2018-05-24 17:32:07,G,1,145,1219,893,0,5,-62.5855,-60.8972,34:31.7,FastGPS,-62.5855,-60.8972,,,4.2,-0.3,,,,15,23,14709,,,,3,2363,,,,19,14206,,,,22,6855,,,,31,26288,,,,,,,,,,,,,,,,,,,,,,,,,,,,,,,,,,,,,,,,,,,,,,,,,,,,,
173713,24-May-18,18:37:01,2018-05-24 18:37:01,G,1,145,1220,,0,9,-62.5854,-60.8814,39:26.2,FastGPS,-62.5854,-60.8814,,1,9.3,0.2,,,,15,4,12387,,,,23,23717,,,,31,2600,,,,9,10167,,,,26,25978,,,,3,22778,,,,29,21258,,,,16,2905,,,,6,474,,,,,,,,,,,,,,,,,,,,,,,,,,,,,,,,,
173713,24-May-18,19:27:32,2018-05-24 19:27:32,G,1,145,1221,896,0,6,-62.5876,-60.8678,29:57.2,FastGPS,-62.5876,-60.8678,,,5.2,0.2,,,,15,23,3219,,,,2,26879,,,,7,11603,,,,9,14470,,,,6,4710,,,,16,8817,,,,,,,,,,,,,,,,,,,,,,,,,,,,,,,,,,,,,,,,,,,,,,,,
173713,24-May-18,21:41:58,2018-05-24 21:41:58,G,1,145,1223,900,0,8,-62.548,-60.9301,44:22.7,FastGPS,-62.548,-60.9301,,,7.5,-0.3,,,,15,30,31058,,,,5,31183,,,,7,10243,,,,16,11028,,,,21,5605,,,,27,32265,,,,9,16478,,,,13,28032,,,,,,,,,,,,,,,,,,,,,,,,,,,,,,,,,,,,,,
173713,24-May-18,22:12:22,2018-05-24 22:12:22,G,1,145,1224,900,0,8,-62.5299,-60.9258,14:47.2,FastGPS,-62.5299,-60.9258,,,6.7,0.2,,,,15,7,31355,,,,30,10495,,,,5,18820,,,,27,5107,,,,28,5834,,,,8,8624,,,,13,27912,,,,9,27870,,,,,,,,,,,,,,,,,,,,,,,,,,,,,,,,,,,,,,
173713,25-May-18,1:15:29,2018-05-25 01:15:29,G,1,145,1228,902,0,5,-62.4277,-60.8847,17:53.7,FastGPS,-62.4277,-60.8847,,,1.7,-0.3,,,,15,17,20783,,,,28,31393,,,,19,5618,,,,13,32140,,,,11,4719,,,,,,,,,,,,,,,,,,,,,,,,,,,,,,,,,,,,,,,,,,,,,,,,,,,,,
173713,25-May-18,1:45:46,2018-05-25 01:45:46,G,1,145,1229,902,0,8,-62.4226,-60.866,48:11.2,FastGPS,-62.4226,-60.866,,,7.5,0.2,,,,15,17,26566,,,,12,23229,,,,19,6478,,,,15,24060,,,,28,29973,,,,10,7698,,,,13,26080,,,,20,31510,,,,,,,,,,,,,,,,,,,,,,,,,,,,,,,,,,,,,,
173713,25-May-18,2:16:52,2018-05-25 02:16:52,G,2,145,1230,902,0,7,-62.4209,-60.8795,19:16.7,FastGPS,-62.4209,-60.8795,,,8.1,-0.3,,,,15,15,23338,,,,17,30466,,,,12,21567,,,,19,25124,,,,24,22733,,,,28,14168,,,,13,10910,,,,,,,,,,,,,,,,,,,,,,,,,,,,,,,,,,,,,,,,,,,
173713,25-May-18,2:49:01,2018-05-25 02:49:01,G,1,145,1231,902,0,8,-62.4183,-60.8687,51:25.7,FastGPS,-62.4183,-60.8687,,,4.3,-0.3,,,,15,12,2188,,,,24,12507,,,,17,5803,,,,15,18520,,,,19,32250,,,,1,16638,,,,32,11010,,,,22,13714,,,,,,,,,,,,,,,,,,,,,,,,,,,,,,,,,,,,,,
173713,25-May-18,3:21:25,2018-05-25 03:21:25,G,1,145,1232,902,0,6,-62.421,-60.8767,23:50.2,FastGPS,-62.421,-60.8767,,,7,0.2,,,,15,12,32556,,,,32,15378,,,,24,29591,,,,17,32431,,,,19,18,,,,25,3780,,,,,,,,,,,,,,,,,,,,,,,,,,,,,,,,,,,,,,,,,,,,,,,,
173713,25-May-18,4:27:41,2018-05-25 04:27:41,G,2,145,1233,904,0,6,-62.4014,-60.831,30:06.2,FastGPS,-62.4014,-60.831,,,7.2,0.2,,,,15,6,19457,,,,19,21185,,,,2,17321,,,,12,16713,,,,32,21780,,,,17,21596,,,,,,,,,,,,,,,,,,,,,,,,,,,,,,,,,,,,,,,,,,,,,,,,
173713,25-May-18,5:09:45,2018-05-25 05:09:45,G,2,145,1234,904,0,8,-62.3958,-60.8477,12:09.7,FastGPS,-62.3958,-60.8477,,,4.4,-0.3,,,,15,29,22912,,,,12,26806,,,,2,2025,,,,32,11936,,,,24,6461,,,,31,17680,,,,14,11103,,,,25,14730,,,,,,,,,,,,,,,,,,,,,,,,,,,,,,,,,,,,,,
173713,25-May-18,5:59:55,2018-05-25 05:59:55,G,1,145,1235,905,0,7,-62.3966,-60.8549,02:18.7,FastGPS,-62.3966,-60.8549,,1,2.2,-1.2,,,,15,31,9873,,,,12,15492,,,,25,11092,,,,2,26775,,,,29,571,,,,4,12852,,,,6,25312,,,,,,,,,,,,,,,,,,,,,,,,,,,,,,,,,,,,,,,,,,,
173713,25-May-18,6:33:46,2018-05-25 06:33:46,G,2,145,1236,905,0,8,-62.4001,-60.8577,36:09.7,FastGPS,-62.4001,-60.8577,,1,7.8,-1.3,,,,15,31,15042,,,,5,7020,,,,29,32665,,,,12,31002,,,,4,216,,,,25,26434,,,,26,15277,,,,2,16977,,,,,,,,,,,,,,,,,,,,,,,,,,,,,,,,,,,,,,
173713,25-May-18,7:04:51,2018-05-25 07:04:51,G,2,145,1237,905,0,8,-62.3923,-60.8737,07:14.7,FastGPS,-62.3923,-60.8737,,1,8.8,-1.3,,,,15,31,30025,,,,29,20658,,,,4,23160,,,,5,20871,,,,25,2794,,,,2,28494,,,,9,9239,,,,26,26093,,,,,,,,,,,,,,,,,,,,,,,,,,,,,,,,,,,,,,
173713,25-May-18,7:35:06,2018-05-25 07:35:06,G,2,145,1238,905,0,6,-62.3937,-60.84,37:30.2,FastGPS,-62.3937,-60.84,,1,2.5,-0.8,,,,15,29,9528,,,,31,6564,,,,5,5038,,,,4,22236,,,,21,28216,,,,26,17549,,,,,,,,,,,,,,,,,,,,,,,,,,,,,,,,,,,,,,,,,,,,,,,,
173713,25-May-18,8:06:18,2018-05-25 08:06:18,G,1,145,1239,905,0,8,-62.381,-60.8638,08:41.7,FastGPS,-62.381,-60.8638,,1,4.4,-1.3,,,,15,31,14906,,,,29,30331,,,,5,17050,,,,4,23419,,,,26,15529,,,,21,11710,,,,16,11142,,,,25,11718,,,,,,,,,,,,,,,,,,,,,,,,,,,,,,,,,,,,,,
173713,25-May-18,10:58:56,2018-05-25 10:58:56,G,2,145,1242,910,0,7,-62.4355,-60.8253,01:19.7,FastGPS,-62.4355,-60.8253,,,8.6,-1.2,,,,15,15,3898,,,,27,18113,,,,8,2064,,,,21,16879,,,,20,2204,,,,16,7679,,,,13,14166,,,,,,,,,,,,,,,,,,,,,,,,,,,,,,,,,,,,,,,,,,,
173713,25-May-18,11:31:15,2018-05-25 11:31:15,G,1,145,1243,,0,9,-62.4551,-60.806,33:39.2,FastGPS,-62.4551,-60.806,,,10.3,-0.8,,,,15,27,21815,,,,8,1324,,,,10,12379,,,,15,18888,,,,21,5236,,,,13,1400,,,,20,12607,,,,18,4016,,,,30,27756,,,,,,,,,,,,,,,,,,,,,,,,,,,,,,,,,
173713,25-May-18,12:06:16,2018-05-25 12:06:16,G,1,145,1244,910,0,5,-62.4622,-60.8148,08:39.7,FastGPS,-62.4622,-60.8148,,,16.4,-1.3,,,,15,8,18217,,,,10,30603,,,,15,31118,,,,21,4544,,,,20,24334,,,,,,,,,,,,,,,,,,,,,,,,,,,,,,,,,,,,,,,,,,,,,,,,,,,,,
173713,25-May-18,12:36:09,2018-05-25 12:36:09,G,3,145,1245,,0,9,-62.4765,-60.7939,38:33.2,FastGPS,-62.4765,-60.7939,,,6.5,-0.8,,,,15,18,16696,,,,8,1549,,,,10,19038,,,,11,16737,,,,15,4743,,,,20,11296,,,,27,3730,,,,32,3680,,,,28,3614,,,,,,,,,,,,,,,,,,,,,,,,,,,,,,,,,
173713,25-May-18,13:06:00,2018-05-25 13:06:00,G,1,145,1246,910,1,8,-62.477,-60.791,08:23.7,FastGPS,-62.477,-60.791,,,3.2,-1.3,,,,15,18,11102,,,,28,16394,,,,1,24035,,,,11,14012,,,,24,6745,,,,8,13967,,,,22,14123,,,,20,23565,,,,,,,,,,,,,,,,,,,,,,,,,,,,,,,,,,,,,,
173713,26-May-18,22:42:59,2018-05-26 22:42:59,G,1,145,1247,,0,9,-62.4767,-60.7943,45:22.8,FastGPS,-62.4767,-60.7943,,,16.7,-1.2,,,,15,5,9016,,,,30,14607,,,,13,3406,,,,28,6923,,,,7,28058,,,,15,2768,,,,21,22003,,,,27,23263,,,,20,27548,,,,,,,,,,,,,,,,,,,,,,,,,,,,,,,,,
173713,27-May-18,9:40:36,2018-05-27 09:40:36,G,1,145,1250,,0,9,-62.357,-60.8304,43:00.8,FastGPS,-62.357,-60.8304,,1,12.7,-0.2,,,,15,20,18466,,,,21,13563,,,,16,28145,,,,29,18685,,,,4,7604,,,,15,21217,,,,27,28006,,,,26,21520,,,,10,21882,,,,,,,,,,,,,,,,,,,,,,,,,,,,,,,,,
173713,27-May-18,11:01:50,2018-05-27 11:01:50,G,2,145,1252,915,0,7,-62.3449,-60.8519,04:14.3,FastGPS,-62.3449,-60.8519,,,5.7,-0.7,,,,15,10,16407,,,,20,7856,,,,21,20879,,,,27,8464,,,,8,22798,,,,15,19000,,,,16,9283,,,,,,,,,,,,,,,,,,,,,,,,,,,,,,,,,,,,,,,,,,,
173713,27-May-18,11:32:08,2018-05-27 11:32:08,G,4,145,1253,915,0,8,-62.3523,-60.8456,34:32.3,FastGPS,-62.3523,-60.8456,,,7.7,-0.7,,,,15,20,15645,,,,10,14577,,,,15,25203,,,,18,25039,,,,27,2128,,,,8,10709,,,,21,13588,,,,11,22284,,,,,,,,,,,,,,,,,,,,,,,,,,,,,,,,,,,,,,
173713,27-May-18,12:57:01,2018-05-27 12:57:01,G,4,145,1254,917,0,6,-62.3799,-60.8151,59:25.3,FastGPS,-62.3799,-60.8151,,,8.6,-0.7,,,,15,18,11120,,,,11,13936,,,,1,22603,,,,8,17409,,,,10,12937,,,,28,17084,,,,,,,,,,,,,,,,,,,,,,,,,,,,,,,,,,,,,,,,,,,,,,,,
173713,27-May-18,13:29:43,2018-05-27 13:29:43,G,1,145,1255,917,0,7,-62.4042,-60.7937,32:07.3,FastGPS,-62.4042,-60.7937,,,5.3,-0.7,,,,15,11,32463,,,,18,26197,,,,22,9478,,,,1,26765,,,,14,25013,,,,10,32134,,,,24,14756,,,,,,,,,,,,,,,,,,,,,,,,,,,,,,,,,,,,,,,,,,,
173713,27-May-18,14:00:51,2018-05-27 14:00:51,G,2,145,1256,917,0,8,-62.4288,-60.7916,03:14.8,FastGPS,-62.4288,-60.7916,,,6.6,-1.2,,,,15,22,16073,,,,1,1336,,,,18,3494,,,,11,12853,,,,32,24075,,,,8,10377,,,,17,22090,,,,28,18337,,,,,,,,,,,,,,,,,,,,,,,,,,,,,,,,,,,,,,
173713,27-May-18,14:31:00,2018-05-27 14:31:00,G,4,145,1257,,0,9,-62.452,-60.8025,33:24.3,FastGPS,-62.452,-60.8025,,,7.6,-0.7,,,,15,17,15545,,,,1,2099,,,,22,22337,,,,10,31876,,,,18,3139,,,,14,30484,,,,32,10783,,,,31,4918,,,,11,15384,,,,,,,,,,,,,,,,,,,,,,,,,,,,,,,,,
173713,27-May-18,15:49:01,2018-05-27 15:49:01,G,2,145,1259,,0,9,-62.4841,-60.7548,51:25.3,FastGPS,-62.4841,-60.7548,,,11.6,-0.7,,,,15,14,6825,,,,12,28656,,,,32,22064,,,,31,11974,,,,3,17228,,,,18,31153,,,,22,5595,,,,11,21638,,,,23,7210,,,,,,,,,,,,,,,,,,,,,,,,,,,,,,,,,
173713,27-May-18,16:50:00,2018-05-27 16:50:00,G,1,145,1261,,0,9,-62.4843,-60.7546,52:23.9,FastGPS,-62.4843,-60.7546,,1,14.3,-1.1,,,,15,31,19217,,,,3,30148,,,,22,3966,,,,14,20172,,,,25,20477,,,,4,2484,,,,1,14711,,,,19,31863,,,,18,382,,,,,,,,,,,,,,,,,,,,,,,,,,,,,,,,,
173713,27-May-18,17:36:01,2018-05-27 17:36:01,G,1,145,1262,,0,9,-62.4845,-60.7545,38:24.8,FastGPS,-62.4845,-60.7545,,1,9,-1.2,,,,15,31,13568,,,,23,29879,,,,1,23599,,,,3,25524,,,,22,32560,,,,4,26733,,,,26,3964,,,,6,29784,,,,9,24066,,,,,,,,,,,,,,,,,,,,,,,,,,,,,,,,,
173713,27-May-18,18:22:54,2018-05-27 18:22:54,G,2,145,1263,,0,9,-62.4826,-60.7517,25:18.3,FastGPS,-62.4826,-60.7517,,1,13.4,-0.7,,,,15,4,27857,,,,23,10812,,,,26,7630,,,,3,16351,,,,22,21430,,,,6,18982,,,,16,14249,,,,9,22953,,,,31,26743,,,,,,,,,,,,,,,,,,,,,,,,,,,,,,,,,
173713,27-May-18,22:25:14,2018-05-27 22:25:14,G,2,145,1267,,0,9,-62.4207,-60.7689,27:39.3,FastGPS,-62.4207,-60.7689,,,5.8,0.3,,,,15,5,12733,,,,13,27030,,,,30,23178,,,,27,6301,,,,8,14703,,,,28,11162,,,,15,5661,,,,21,2522,,,,7,6363,,,,,,,,,,,,,,,,,,,,,,,,,,,,,,,,,
173713,27-May-18,22:55:10,2018-05-27 22:55:10,G,3,145,1268,924,0,8,-62.4082,-60.7545,57:34.9,FastGPS,-62.4082,-60.7545,,,4.9,-0.1,,,,15,7,17011,,,,30,9446,,,,5,4561,,,,13,25966,,,,15,20846,,,,8,32240,,,,28,20603,,,,27,6261,,,,,,,,,,,,,,,,,,,,,,,,,,,,,,,,,,,,,,
173713,27-May-18,23:27:04,2018-05-27 23:27:04,G,2,145,1269,924,0,7,-62.4173,-60.7792,29:28.9,FastGPS,-62.4173,-60.7792,,,5.8,-0.1,,,,15,15,14776,,,,13,14332,,,,28,16305,,,,20,18296,,,,30,12431,,,,8,23189,,,,5,17826,,,,,,,,,,,,,,,,,,,,,,,,,,,,,,,,,,,,,,,,,,,
173713,27-May-18,23:57:47,2018-05-27 23:57:47,G,1,145,1270,924,0,6,-62.4196,-60.8168,00:12.3,FastGPS,-62.4196,-60.8168,,,5.7,0.3,,,,15,28,5394,,,,15,23126,,,,30,5223,,,,13,6352,,,,17,8148,,,,24,23933,,,,,,,,,,,,,,,,,,,,,,,,,,,,,,,,,,,,,,,,,,,,,,,,
173713,28-May-18,0:28:46,2018-05-28 00:28:46,G,3,145,1271,924,0,8,-62.4044,-60.8527,31:11.3,FastGPS,-62.4044,-60.8527,,,11.2,0.3,,,,15,15,7503,,,,17,8336,,,,30,23923,,,,28,20865,,,,13,1589,,,,24,4654,,,,1,2016,,,,20,10114,,,,,,,,,,,,,,,,,,,,,,,,,,,,,,,,,,,,,,
173713,28-May-18,5:36:59,2018-05-28 05:36:59,G,4,145,1272,927,0,7,-62.4171,-60.8934,39:23.8,FastGPS,-62.4171,-60.8934,,1,4,-0.2,,,,15,29,17267,,,,12,1821,,,,31,8833,,,,25,29214,,,,4,18404,,,,2,16825,,,,14,4866,,,,,,,,,,,,,,,,,,,,,,,,,,,,,,,,,,,,,,,,,,,
173713,28-May-18,6:07:41,2018-05-28 06:07:41,G,4,145,1273,,0,9,-62.413,-60.9082,10:06.3,FastGPS,-62.413,-60.9082,,1,4.4,0.3,,,,15,12,28875,,,,29,11836,,,,25,20833,,,,31,21525,,,,4,20542,,,,23,28309,,,,26,28802,,,,2,23626,,,,5,29197,,,,,,,,,,,,,,,,,,,,,,,,,,,,,,,,,
173713,28-May-18,6:59:05,2018-05-28 06:59:05,G,3,145,1274,,0,9,-62.4113,-60.9133,01:29.9,FastGPS,-62.4113,-60.9133,,1,2.5,-0.1,,,,15,29,20994,,,,5,1433,,,,25,12719,,,,31,14299,,,,4,6804,,,,26,15183,,,,23,14621,,,,12,2518,,,,2,583,,,,,,,,,,,,,,,,,,,,,,,,,,,,,,,,,
173713,28-May-18,7:31:42,2018-05-28 07:31:42,G,2,145,1275,928,0,8,-62.4116,-60.9031,34:05.8,FastGPS,-62.4116,-60.9031,,1,10,-1.1,,,,15,29,513,,,,25,14351,,,,5,12963,,,,31,7640,,,,4,3490,,,,26,7296,,,,21,6063,,,,16,22316,,,,,,,,,,,,,,,,,,,,,,,,,,,,,,,,,,,,,,
173713,28-May-18,8:05:15,2018-05-28 08:05:15,G,1,145,1276,928,0,7,-62.4061,-60.8998,07:39.3,FastGPS,-62.4061,-60.8998,,1,2.4,-0.7,,,,15,29,27679,,,,5,32180,,,,4,14488,,,,26,17929,,,,31,19539,,,,16,8876,,,,21,15589,,,,,,,,,,,,,,,,,,,,,,,,,,,,,,,,,,,,,,,,,,,
173713,28-May-18,8:35:01,2018-05-28 08:35:01,G,5,145,1277,928,0,6,-62.4049,-60.9125,37:24.8,FastGPS,-62.4049,-60.9125,,1,8.8,-1.2,,,,15,5,21070,,,,16,3034,,,,4,26008,,,,26,25414,,,,29,11079,,,,21,26693,,,,,,,,,,,,,,,,,,,,,,,,,,,,,,,,,,,,,,,,,,,,,,,,
173713,28-May-18,9:05:01,2018-05-28 09:05:01,G,3,145,1278,,0,9,-62.4078,-60.9035,07:25.3,FastGPS,-62.4078,-60.9035,,1,12.5,-0.7,,,,15,5,912,,,,16,24518,,,,27,9951,,,,29,30497,,,,21,29629,,,,26,17043,,,,20,18547,,,,4,24459,,,,13,30656,,,,,,,,,,,,,,,,,,,,,,,,,,,,,,,,,
173713,28-May-18,9:37:22,2018-05-28 09:37:22,G,4,145,1279,,0,9,-62.413,-60.907,39:46.8,FastGPS,-62.413,-60.907,,,7,-0.2,,,,15,27,28669,,,,16,25009,,,,7,27713,,,,15,20468,,,,26,15462,,,,20,15084,,,,5,31128,,,,29,11333,,,,13,8681,,,,,,,,,,,,,,,,,,,,,,,,,,,,,,,,,
173713,28-May-18,10:41:00,2018-05-28 10:41:00,G,2,145,1281,,0,9,-62.4433,-60.8725,43:25.3,FastGPS,-62.4433,-60.8725,,,5.4,0.3,,,,15,8,14739,,,,27,10883,,,,15,310,,,,7,5380,,,,13,21241,,,,21,3957,,,,16,28797,,,,10,14806,,,,20,7586,,,,,,,,,,,,,,,,,,,,,,,,,,,,,,,,,
173713,28-May-18,11:11:24,2018-05-28 11:11:24,G,2,145,1282,928,0,6,-62.4573,-60.8567,13:49.3,FastGPS,-62.4573,-60.8567,,,6.5,0.3,,,,15,15,2366,,,,8,22897,,,,27,268,,,,21,16549,,,,10,5930,,,,13,31468,,,,,,,,,,,,,,,,,,,,,,,,,,,,,,,,,,,,,,,,,,,,,,,,
173713,28-May-18,11:41:38,2018-05-28 11:41:38,G,1,145,1283,928,0,8,-62.4622,-60.8133,44:03.3,FastGPS,-62.4622,-60.8133,,,11.3,0.3,,,,15,15,32573,,,,8,4788,,,,27,15861,,,,10,28285,,,,11,6023,,,,20,13561,,,,18,8166,,,,21,8984,,,,,,,,,,,,,,,,,,,,,,,,,,,,,,,,,,,,,,
173713,28-May-18,12:12:06,2018-05-28 12:12:06,G,2,145,1284,,0,9,-62.4739,-60.7973,14:29.8,FastGPS,-62.4739,-60.7973,,,6,-1.2,,,,15,8,25711,,,,15,4555,,,,10,20723,,,,27,364,,,,11,3461,,,,18,4073,,,,32,13182,,,,24,27658,,,,28,617,,,,,,,,,,,,,,,,,,,,,,,,,,,,,,,,,
173713,28-May-18,12:42:00,2018-05-28 12:42:00,G,3,145,1285,,1,9,-62.4754,-60.7937,44:23.8,FastGPS,-62.4754,-60.7937,,1,3.9,-1.2,,,,15,1,11982,,,,18,15635,,,,27,13299,,,,22,25154,,,,11,17607,,,,28,10131,,,,8,55,,,,14,6688,,,,3,27125,,,,,,,,,,,,,,,,,,,,,,,,,,,,,,,,,
173713,28-May-18,20:43:02,2018-05-28 20:43:02,G,2,145,1286,928,0,6,-62.4752,-60.7949,45:26.8,FastGPS,-62.4752,-60.7949,,,7.2,-0.1,,,,15,7,16360,,,,5,17174,,,,30,18412,,,,9,1036,,,,23,19910,,,,2,23581,,,,,,,,,,,,,,,,,,,,,,,,,,,,,,,,,,,,,,,,,,,,,,,,
173713,29-May-18,1:46:04,2018-05-29 01:46:04,G,2,145,1292,930,0,8,-62.3919,-60.9683,48:28.3,FastGPS,-62.3919,-60.9683,,,7.8,-0.7,,,,15,17,12289,,,,19,15148,,,,15,1098,,,,24,22044,,,,10,7618,,,,13,7266,,,,12,22887,,,,28,10839,,,,,,,,,,,,,,,,,,,,,,,,,,,,,,,,,,,,,,
173713,29-May-18,2:19:38,2018-05-29 02:19:38,G,3,145,1293,930,0,7,-62.3838,-60.9683,22:02.4,FastGPS,-62.3838,-60.9683,,,13,-0.6,,,,15,17,31749,,,,12,3987,,,,24,18923,,,,32,16579,,,,19,31320,,,,15,21719,,,,1,19797,,,,,,,,,,,,,,,,,,,,,,,,,,,,,,,,,,,,,,,,,,,
173713,29-May-18,2:49:00,2018-05-29 02:49:00,G,5,145,1294,930,0,6,-62.3842,-60.9587,51:24.8,FastGPS,-62.3842,-60.9587,,,3.8,-0.2,,,,15,12,32357,,,,32,29071,,,,17,16789,,,,24,20378,,,,19,15271,,,,6,13705,,,,,,,,,,,,,,,,,,,,,,,,,,,,,,,,,,,,,,,,,,,,,,,,
173713,29-May-18,3:37:11,2018-05-29 03:37:11,G,2,145,1295,931,0,8,-62.399,-60.9085,39:34.9,FastGPS,-62.399,-60.9085,,,13.6,-1.1,,,,15,32,8177,,,,12,4806,,,,17,21453,,,,14,30929,,,,25,14925,,,,6,10082,,,,22,27403,,,,3,696,,,,,,,,,,,,,,,,,,,,,,,,,,,,,,,,,,,,,,
173713,29-May-18,5:12:30,2018-05-29 05:12:30,G,1,145,1296,,0,9,-62.4387,-60.8046,14:54.4,FastGPS,-62.4387,-60.8046,,1,7.7,-0.6,,,,15,31,31568,,,,29,17626,,,,25,25108,,,,14,13421,,,,12,1977,,,,32,18981,,,,4,3943,,,,2,16097,,,,19,6597,,,,,,,,,,,,,,,,,,,,,,,,,,,,,,,,,
173713,29-May-18,6:43:28,2018-05-29 06:43:28,G,1,145,1299,,0,9,-62.4784,-60.7373,45:53.3,FastGPS,-62.4784,-60.7373,,1,9.1,0.3,,,,15,4,26513,,,,29,2975,,,,31,24400,,,,5,26890,,,,25,2432,,,,2,3149,,,,26,26325,,,,9,21414,,,,23,19688,,,,,,,,,,,,,,,,,,,,,,,,,,,,,,,,,
173713,29-May-18,7:14:55,2018-05-29 07:14:55,G,1,145,1300,935,0,8,-62.4853,-60.7095,17:18.9,FastGPS,-62.4853,-60.7095,,1,5.6,-1.1,,,,15,4,30274,,,,26,22694,,,,29,27592,,,,31,975,,,,2,21028,,,,5,16355,,,,25,16483,,,,16,16965,,,,,,,,,,,,,,,,,,,,,,,,,,,,,,,,,,,,,,
173713,29-May-18,8:00:40,2018-05-29 08:00:40,G,1,145,1301,936,0,8,-62.5001,-60.6711,03:04.4,FastGPS,-62.5001,-60.6711,,1,6.9,-0.6,,,,15,5,26505,,,,4,6295,,,,26,9337,,,,29,21784,,,,21,4722,,,,9,28865,,,,16,32166,,,,2,13464,,,,,,,,,,,,,,,,,,,,,,,,,,,,,,,,,,,,,,
173713,29-May-18,8:32:57,2018-05-29 08:32:57,G,1,145,1302,936,0,7,-62.5146,-60.6496,35:22.3,FastGPS,-62.5146,-60.6496,,1,9.7,0.3,,,,15,4,19162,,,,26,20489,,,,21,28973,,,,5,15633,,,,7,11226,,,,16,4930,,,,29,2386,,,,,,,,,,,,,,,,,,,,,,,,,,,,,,,,,,,,,,,,,,,
173713,29-May-18,9:18:22,2018-05-29 09:18:22,G,2,145,1303,937,0,7,-62.52,-60.6393,20:46.9,FastGPS,-62.52,-60.6393,,1,4.4,-0.1,,,,15,20,18636,,,,4,8513,,,,29,31674,,,,27,22400,,,,5,13491,,,,16,11593,,,,26,13766,,,,,,,,,,,,,,,,,,,,,,,,,,,,,,,,,,,,,,,,,,,
173713,29-May-18,9:49:59,2018-05-29 09:49:59,G,2,145,1304,,0,9,-62.5303,-60.6605,52:22.9,FastGPS,-62.5303,-60.6605,,1,11.8,-1.1,,,,15,20,14292,,,,21,28235,,,,4,21863,,,,27,14333,,,,10,30999,,,,26,11944,,,,7,26485,,,,15,36,,,,29,26610,,,,,,,,,,,,,,,,,,,,,,,,,,,,,,,,,
173713,29-May-18,10:20:16,2018-05-29 10:20:16,G,3,145,1305,,0,9,-62.5228,-60.6908,22:40.3,FastGPS,-62.5228,-60.6908,,,8.9,-0.7,,,,15,15,13775,,,,21,20168,,,,10,15497,,,,7,8794,,,,16,15923,,,,26,24302,,,,13,32368,,,,8,11435,,,,27,12293,,,,,,,,,,,,,,,,,,,,,,,,,,,,,,,,,
173713,29-May-18,11:06:22,2018-05-29 11:06:22,G,6,145,1306,938,0,6,-62.5054,-60.6954,08:46.3,FastGPS,-62.5054,-60.6954,,,1.3,-0.7,,,,15,15,11308,,,,21,28808,,,,10,10825,,,,20,22343,,,,27,7160,,,,16,11752,,,,,,,,,,,,,,,,,,,,,,,,,,,,,,,,,,,,,,,,,,,,,,,,
173713,29-May-18,11:57:01,2018-05-29 11:57:01,G,2,145,1307,939,0,6,-62.4919,-60.7076,59:25.4,FastGPS,-62.4919,-60.7076,,,4.6,-0.6,,,,15,20,15543,,,,10,30471,,,,15,12022,,,,27,3324,,,,21,31912,,,,32,5368,,,,,,,,,,,,,,,,,,,,,,,,,,,,,,,,,,,,,,,,,,,,,,,,
173713,29-May-18,12:27:10,2018-05-29 12:27:10,G,2,145,1308,,0,9,-62.4895,-60.7196,29:33.9,FastGPS,-62.4895,-60.7196,,,7,-1.1,,,,15,11,9795,,,,18,8733,,,,8,589,,,,10,12190,,,,20,3281,,,,15,14106,,,,28,19487,,,,1,24301,,,,24,22982,,,,,,,,,,,,,,,,,,,,,,,,,,,,,,,,,
173713,29-May-18,13:42:00,2018-05-29 13:42:00,G,1,145,1309,942,1,4,-62.49,-60.727,5/30/2018 10:00,K,-62.4908,-60.7144,,,0.2,-1,,,,15,32,13847,,,,14,11361,,,,10,29955,,,,24,13707,,,,,,,,,,,,,,,,,,,,,,,,,,,,,,,,,,,,,,,,,,,,,,,,,,,,,,,,,,
173713,29-May-18,14:27:00,2018-05-29 14:27:00,G,1,145,1310,943,1,4,-62.49,-60.727,5/30/2018 10:00,K,-62.489,-60.7229,,,0.3,-1.4,,,,15,14,18706,,,,32,19483,,,,24,20269,,,,17,12025,,,,,,,,,,,,,,,,,,,,,,,,,,,,,,,,,,,,,,,,,,,,,,,,,,,,,,,,,,
173713,29-May-18,15:12:00,2018-05-29 15:12:00,G,4,145,1311,944,1,4,-62.49,-60.727,5/30/2018 10:00,K,-62.4903,-60.7195,,,1.3,-1.1,,,,15,32,14163,,,,14,4900,,,,12,3762,,,,31,935,,,,,,,,,,,,,,,,,,,,,,,,,,,,,,,,,,,,,,,,,,,,,,,,,,,,,,,,,,
173713,29-May-18,15:42:00,2018-05-29 15:42:00,G,3,145,1312,944,1,4,-62.49,-60.727,5/30/2018 10:00,K,-62.4903,-60.7173,,,0.2,-1.1,,,,15,18,28066,,,,12,30813,,,,22,6413,,,,1,19387,,,,,,,,,,,,,,,,,,,,,,,,,,,,,,,,,,,,,,,,,,,,,,,,,,,,,,,,,,
173713,29-May-18,16:27:00,2018-05-29 16:27:00,G,4,145,1313,945,1,7,-62.4903,-60.7183,29:23.9,FastGPS,-62.4903,-60.7183,,,10.1,-1.1,,,,15,31,22162,,,,22,13411,,,,14,20505,,,,12,11339,,,,3,3731,,,,25,14661,,,,1,13551,,,,,,,,,,,,,,,,,,,,,,,,,,,,,,,,,,,,,,,,,,,
173713,30-May-18,22:15:17,2018-05-30 22:15:17,G,3,145,1318,947,0,6,-62.4572,-60.8219,17:40.9,FastGPS,-62.4572,-60.8219,,,5,-1.1,,,,15,28,16055,,,,7,26269,,,,30,16820,,,,13,29366,,,,15,10349,,,,5,1657,,,,,,,,,,,,,,,,,,,,,,,,,,,,,,,,,,,,,,,,,,,,,,,,
173713,30-May-18,22:45:00,2018-05-30 22:45:00,G,1,145,1319,947,0,7,-62.4552,-60.846,47:23.9,FastGPS,-62.4552,-60.846,,,12.4,-1.1,,,,15,7,252,,,,5,21801,,,,13,22650,,,,15,21117,,,,8,24310,,,,30,30722,,,,28,19294,,,,,,,,,,,,,,,,,,,,,,,,,,,,,,,,,,,,,,,,,,,
173713,30-May-18,23:16:13,2018-05-30 23:16:13,G,2,145,1320,947,0,6,-62.4407,-60.8834,18:37.4,FastGPS,-62.4407,-60.8834,,,8,-0.6,,,,15,7,23625,,,,5,19077,,,,30,15728,,,,13,22583,,,,15,26199,,,,28,25668,,,,,,,,,,,,,,,,,,,,,,,,,,,,,,,,,,,,,,,,,,,,,,,,
173713,31-May-18,0:22:01,2018-05-31 00:22:01,G,1,145,1321,949,0,7,-62.4603,-60.948,24:24.9,FastGPS,-62.4603,-60.948,,,6.3,-1.1,,,,15,15,11590,,,,24,30097,,,,10,30320,,,,13,22737,,,,20,6234,,,,1,21737,,,,28,12201,,,,,,,,,,,,,,,,,,,,,,,,,,,,,,,,,,,,,,,,,,,
173713,31-May-18,2:07:24,2018-05-31 02:07:24,G,1,145,1322,,0,9,-62.4888,-61.084,09:47.9,FastGPS,-62.4888,-61.084,,,13.3,-1.1,,,,15,24,26095,,,,12,425,,,,32,14915,,,,18,15625,,,,10,26010,,,,1,4334,,,,17,11608,,,,11,29178,,,,19,2581,,,,,,,,,,,,,,,,,,,,,,,,,,,,,,,,,
173713,31-May-18,2:39:46,2018-05-31 02:39:46,G,3,145,1323,949,0,4,-62.441,-60.97,6/1/2018 2:39,A,-62.506,-61.1125,,,0.2,-1.1,,,,15,12,11383,,,,24,1991,,,,19,28833,,,,22,5915,,,,,,,,,,,,,,,,,,,,,,,,,,,,,,,,,,,,,,,,,,,,,,,,,,,,,,,,,,
173713,31-May-18,3:13:41,2018-05-31 03:13:41,G,1,145,1324,949,0,8,-62.5326,-61.1182,16:05.4,FastGPS,-62.5326,-61.1182,,,6.5,-0.6,,,,15,12,27857,,,,24,23901,,,,32,22796,,,,14,8296,,,,19,3616,,,,17,29346,,,,25,1616,,,,6,14125,,,,,,,,,,,,,,,,,,,,,,,,,,,,,,,,,,,,,,
173713,31-May-18,4:52:46,2018-05-31 04:52:46,G,1,145,1327,,0,9,-62.5648,-61.1175,55:10.4,FastGPS,-62.5648,-61.1175,,,6.2,-0.6,,,,15,29,20231,,,,12,9617,,,,6,29002,,,,25,27075,,,,2,13959,,,,31,12948,,,,19,7044,,,,32,16717,,,,14,28362,,,,,,,,,,,,,,,,,,,,,,,,,,,,,,,,,
173713,31-May-18,5:39:59,2018-05-31 05:39:59,G,1,145,1328,950,0,5,-62.5664,-61.1504,42:22.9,FastGPS,-62.5664,-61.1504,,,18.7,-1.1,,,,15,12,15586,,,,29,944,,,,2,9640,,,,31,5589,,,,4,21493,,,,,,,,,,,,,,,,,,,,,,,,,,,,,,,,,,,,,,,,,,,,,,,,,,,,,
173713,31-May-18,7:15:01,2018-05-31 07:15:01,G,1,145,1331,950,0,8,-62.5788,-61.1052,17:25.4,FastGPS,-62.5788,-61.1052,,1,4.3,-0.6,,,,15,29,11518,,,,4,4415,,,,31,30478,,,,5,15336,,,,21,22532,,,,26,4941,,,,2,3911,,,,25,4724,,,,,,,,,,,,,,,,,,,,,,,,,,,,,,,,,,,,,,
173713,31-May-18,7:45:00,2018-05-31 07:45:00,G,2,145,1332,950,0,7,-62.5991,-61.0991,47:24.9,FastGPS,-62.5991,-61.0991,,1,3.4,-0.1,,,,15,29,29180,,,,5,21999,,,,4,31077,,,,21,30384,,,,26,27490,,,,25,31579,,,,16,32524,,,,,,,,,,,,,,,,,,,,,,,,,,,,,,,,,,,,,,,,,,,
173713,31-May-18,8:33:42,2018-05-31 08:33:42,G,3,145,1333,951,0,4,-62.5,-60.853,6/1/2018 7:34,A,,,,,,,,,,15,29,1773,,,,5,24830,,,,26,12793,,,,4,2766,,,,,,,,,,,,,,,,,,,,,,,,,,,,,,,,,,,,,,,,,,,,,,,,,,,,,,,,,,
173713,31-May-18,9:21:00,2018-05-31 09:21:00,G,1,145,1334,952,0,7,-62.5998,-61.0962,23:24.4,FastGPS,-62.5998,-61.0962,,1,8.7,-0.6,,,,15,20,12797,,,,29,13866,,,,16,12633,,,,15,24018,,,,26,13744,,,,27,401,,,,4,1161,,,,,,,,,,,,,,,,,,,,,,,,,,,,,,,,,,,,,,,,,,,
173713,31-May-18,10:22:00,2018-05-31 10:22:00,G,1,145,1336,952,0,4,-62.5,-60.853,6/1/2018 7:34,A,-62.6064,-61.0726,,,2.6,-1.1,,,,15,21,13743,,,,20,29549,,,,16,7675,,,,10,10683,,,,,,,,,,,,,,,,,,,,,,,,,,,,,,,,,,,,,,,,,,,,,,,,,,,,,,,,,,
173713,31-May-18,14:00:00,2018-05-31 14:00:00,G,1,145,1340,,0,9,-62.6079,-61.0697,02:23.9,FastGPS,-62.6079,-61.0697,,,12.5,-1.1,,,,15,17,3380,,,,10,2185,,,,32,29868,,,,14,5430,,,,18,15479,,,,3,4014,,,,28,10822,,,,22,14132,,,,1,15527,,,,,,,,,,,,,,,,,,,,,,,,,,,,,,,,,
173713,31-May-18,15:35:01,2018-05-31 15:35:01,G,1,145,1343,,0,9,-62.6085,-61.0688,37:24.9,FastGPS,-62.6085,-61.0688,,,8.8,-1.1,,,,15,31,20058,,,,17,17545,,,,32,15308,,,,1,18708,,,,14,3046,,,,22,8150,,,,3,25657,,,,23,20072,,,,11,16076,,,,,,,,,,,,,,,,,,,,,,,,,,,,,,,,,
173713,31-May-18,16:05:24,2018-05-31 16:05:24,G,1,145,1344,,0,9,-62.6083,-61.0686,07:48.0,FastGPS,-62.6083,-61.0686,,,7,-1,,,,15,31,4788,,,,14,32651,,,,11,25933,,,,23,19614,,,,18,26532,,,,22,1639,,,,17,27109,,,,3,25670,,,,1,23695,,,,,,,,,,,,,,,,,,,,,,,,,,,,,,,,,
173713,31-May-18,16:37:54,2018-05-31 16:37:54,G,1,145,1345,957,0,8,-62.6084,-61.0684,40:18.4,FastGPS,-62.6084,-61.0684,,,15.6,-0.6,,,,15,31,5964,,,,17,14484,,,,25,11320,,,,3,16977,,,,14,21021,,,,6,20854,,,,22,13524,,,,9,4281,,,,,,,,,,,,,,,,,,,,,,,,,,,,,,,,,,,,,,
173713,31-May-18,17:53:01,2018-05-31 17:53:01,G,1,145,1347,958,0,4,-62.46,-60.793,6/1/2018 12:32,A,,,,,,,,,,15,31,16386,,,,3,2327,,,,23,21850,,,,4,12616,,,,,,,,,,,,,,,,,,,,,,,,,,,,,,,,,,,,,,,,,,,,,,,,,,,,,,,,,,
173713,31-May-18,22:25:20,2018-05-31 22:25:20,G,1,145,1354,961,0,7,-62.5449,-60.8857,27:44.4,FastGPS,-62.5449,-60.8857,,,4.3,-0.6,,,,15,7,8134,,,,30,2350,,,,27,9563,,,,8,30239,,,,5,23692,,,,13,1987,,,,28,8215,,,,,,,,,,,,,,,,,,,,,,,,,,,,,,,,,,,,,,,,,,,
173713,31-May-18,22:56:15,2018-05-31 22:56:15,G,2,145,1355,961,0,6,-62.5183,-60.885,58:39.0,FastGPS,-62.5183,-60.885,,,9,-1,,,,15,7,11246,,,,30,8115,,,,28,7746,,,,5,3713,,,,8,29154,,,,13,24116,,,,,,,,,,,,,,,,,,,,,,,,,,,,,,,,,,,,,,,,,,,,,,,,
173713,31-May-18,23:27:23,2018-05-31 23:27:23,G,2,145,1356,961,0,8,-62.49,-60.8975,29:47.0,FastGPS,-62.49,-60.8975,,,11.2,-1,,,,15,15,17880,,,,30,15712,,,,7,969,,,,20,23816,,,,5,30806,,,,17,28100,,,,28,26081,,,,13,7109,,,,,,,,,,,,,,,,,,,,,,,,,,,,,,,,,,,,,,
173713,31-May-18,23:59:21,2018-05-31 23:59:21,G,1,145,1357,961,0,7,-62.4634,-60.9208,01:45.5,FastGPS,-62.4634,-60.9208,,,6.8,-0.5,,,,15,15,24970,,,,28,2336,,,,30,8945,,,,17,7835,,,,20,15754,,,,24,11858,,,,13,23037,,,,,,,,,,,,,,,,,,,,,,,,,,,,,,,,,,,,,,,,,,,
173713,1-Jun-18,0:29:05,2018-06-01 00:29:05,G,1,145,1358,961,0,7,-62.4365,-60.9547,31:29.9,FastGPS,-62.4365,-60.9547,,,12.2,-0.1,,,,15,17,20667,,,,28,20450,,,,30,20726,,,,19,27663,,,,15,12745,,,,20,23591,,,,10,17099,,,,,,,,,,,,,,,,,,,,,,,,,,,,,,,,,,,,,,,,,,,
173713,1-Jun-18,1:02:43,2018-06-01 01:02:43,G,1,145,1359,961,0,8,-62.4144,-61.0055,05:08.5,FastGPS,-62.4144,-61.0055,,,11.3,0.5,,,,15,15,1024,,,,24,23832,,,,18,17334,,,,13,31013,,,,11,12150,,,,10,27491,,,,20,1893,,,,1,25926,,,,,,,,,,,,,,,,,,,,,,,,,,,,,,,,,,,,,,
173713,1-Jun-18,1:35:54,2018-06-01 01:35:54,G,1,146,1360,,0,9,-62.4323,-61.0212,38:18.4,FastGPS,-62.4323,-61.0212,,,10.1,-1.6,,,,15,15,18689,,,,12,24355,,,,24,18244,,,,17,5882,,,,18,15721,,,,1,24226,,,,11,14083,,,,10,28407,,,,19,11686,,,,,,,,,,,,,,,,,,,,,,,,,,,,,,,,,
173713,1-Jun-18,4:23:42,2018-06-01 04:23:42,G,1,146,1365,962,0,8,-62.4569,-61.0068,26:05.9,FastGPS,-62.4569,-61.0068,,,6.6,-2.1,,,,15,19,8513,,,,25,7910,,,,2,15917,,,,12,12955,,,,6,27534,,,,17,2499,,,,14,1417,,,,31,12199,,,,,,,,,,,,,,,,,,,,,,,,,,,,,,,,,,,,,,
173713,1-Jun-18,5:09:02,2018-06-01 05:09:02,G,1,146,1366,963,0,8,-62.472,-60.9365,11:26.0,FastGPS,-62.472,-60.9365,,,10.9,-2,,,,15,29,12504,,,,31,18461,,,,25,27517,,,,12,5210,,,,2,17474,,,,6,22456,,,,14,14579,,,,32,10420,,,,,,,,,,,,,,,,,,,,,,,,,,,,,,,,,,,,,,
173713,1-Jun-18,5:41:37,2018-06-01 05:41:37,G,1,146,1367,963,0,5,-62.4862,-60.8894,44:01.9,FastGPS,-62.4862,-60.8894,,,4.4,-1.1,,,,15,29,29032,,,,31,23641,,,,6,17528,,,,2,16654,,,,25,5894,,,,,,,,,,,,,,,,,,,,,,,,,,,,,,,,,,,,,,,,,,,,,,,,,,,,,
173713,1-Jun-18,6:43:27,2018-06-01 06:43:27,G,1,146,1369,,0,9,-62.4835,-60.8296,45:52.5,FastGPS,-62.4835,-60.8296,,1,9.7,-0.5,,,,15,29,8976,,,,5,24250,,,,31,117,,,,25,30277,,,,21,31614,,,,4,29372,,,,26,6131,,,,12,17754,,,,23,2327,,,,,,,,,,,,,,,,,,,,,,,,,,,,,,,,,
173713,1-Jun-18,7:13:12,2018-06-01 07:13:12,G,1,146,1370,,0,9,-62.4775,-60.8213,15:36.4,FastGPS,-62.4775,-60.8213,,1,5.8,-1.5,,,,15,31,5670,,,,26,26019,,,,4,23751,,,,2,10348,,,,29,26458,,,,21,17913,,,,5,2700,,,,16,5001,,,,25,13285,,,,,,,,,,,,,,,,,,,,,,,,,,,,,,,,,
173713,1-Jun-18,7:43:00,2018-06-01 07:43:00,G,2,146,1371,963,0,7,-62.48,-60.8124,45:23.9,FastGPS,-62.48,-60.8124,,1,2.8,-2,,,,15,4,4288,,,,21,12816,,,,29,31619,,,,5,27714,,,,26,2270,,,,16,11651,,,,31,2832,,,,,,,,,,,,,,,,,,,,,,,,,,,,,,,,,,,,,,,,,,,
173713,1-Jun-18,8:58:45,2018-06-01 08:58:45,G,1,146,1373,964,0,8,-62.4634,-60.8074,01:09.0,FastGPS,-62.4634,-60.8074,,1,8.3,-2,,,,15,16,17326,,,,5,15982,,,,27,1878,,,,26,9986,,,,7,28168,,,,21,26565,,,,29,5854,,,,4,9859,,,,,,,,,,,,,,,,,,,,,,,,,,,,,,,,,,,,,,
173713,1-Jun-18,11:48:21,2018-06-01 11:48:21,G,3,146,1378,965,0,6,-62.4634,-60.8087,50:45.0,FastGPS,-62.4634,-60.8087,,,6.1,-2,,,,15,27,24951,,,,18,16456,,,,10,27661,,,,32,18843,,,,8,26277,,,,11,15768,,,,,,,,,,,,,,,,,,,,,,,,,,,,,,,,,,,,,,,,,,,,,,,,
173713,1-Jun-18,12:18:50,2018-06-01 12:18:50,G,1,146,1379,,0,9,-62.4596,-60.7968,21:14.9,FastGPS,-62.4596,-60.7968,,,10.8,-1.1,,,,15,10,11726,,,,18,26362,,,,15,4842,,,,32,22405,,,,8,3657,,,,11,28048,,,,28,31074,,,,20,7009,,,,24,4249,,,,,,,,,,,,,,,,,,,,,,,,,,,,,,,,,
173713,1-Jun-18,12:50:46,2018-06-01 12:50:46,G,1,146,1380,,0,9,-62.4592,-60.7959,53:10.0,FastGPS,-62.4592,-60.7959,,,2.8,-2,,,,15,32,9455,,,,10,24347,,,,8,2294,,,,18,26173,,,,27,17377,,,,28,32587,,,,14,11188,,,,22,23119,,,,1,26736,,,,,,,,,,,,,,,,,,,,,,,,,,,,,,,,,
173713,1-Jun-18,17:23:49,2018-06-01 17:23:49,G,1,146,1386,,0,9,-62.5005,-60.844,26:13.5,FastGPS,-62.5005,-60.844,,,5.2,-1.5,,,,15,22,11369,,,,23,17572,,,,9,3925,,,,6,20900,,,,3,17807,,,,25,7346,,,,31,3353,,,,2,24041,,,,4,28376,,,,,,,,,,,,,,,,,,,,,,,,,,,,,,,,,
173713,1-Jun-18,18:46:38,2018-06-01 18:46:38,G,1,146,1387,973,0,7,-62.4893,-60.8332,49:03.5,FastGPS,-62.4893,-60.8332,,,5.9,-0.5,,,,15,23,16924,,,,7,27083,,,,9,28206,,,,16,11051,,,,29,2669,,,,6,17495,,,,2,16421,,,,,,,,,,,,,,,,,,,,,,,,,,,,,,,,,,,,,,,,,,,
173713,1-Jun-18,19:19:10,2018-06-01 19:19:10,G,1,146,1388,,0,9,-62.4732,-60.8376,21:35.5,FastGPS,-62.4732,-60.8376,,,7.7,-0.5,,,,15,2,31942,,,,5,414,,,,29,18406,,,,7,22841,,,,26,6953,,,,4,32257,,,,16,16298,,,,9,23840,,,,23,28275,,,,,,,,,,,,,,,,,,,,,,,,,,,,,,,,,
173713,2-Jun-18,14:21:27,2018-06-02 14:21:27,G,1,146,1391,,0,9,-62.3677,-60.2227,23:52.0,FastGPS,-62.3677,-60.2227,,,10.8,-1,,,,15,17,29060,,,,1,17936,,,,22,25212,,,,11,32323,,,,18,19855,,,,32,19836,,,,3,15721,,,,10,31646,,,,14,18328,,,,,,,,,,,,,,,,,,,,,,,,,,,,,,,,,
173713,2-Jun-18,14:56:34,2018-06-02 14:56:34,G,2,146,1392,,0,9,-62.3789,-60.1708,58:59.5,FastGPS,-62.3789,-60.1708,,,11.4,-0.5,,,,15,17,6712,,,,12,24404,,,,22,28377,,,,3,11882,,,,1,28477,,,,14,23500,,,,11,6230,,,,18,22533,,,,32,31014,,,,,,,,,,,,,,,,,,,,,,,,,,,,,,,,,
173713,2-Jun-18,15:31:39,2018-06-02 15:31:39,G,1,146,1393,,0,9,-62.3925,-60.1204,6/2/2018 15:34,FastGPS,-62.3925,-60.1204,,,4.3,-1,,,,15,17,24874,,,,32,14580,,,,3,16204,,,,12,19679,,,,1,25275,,,,19,14007,,,,31,20435,,,,14,9481,,,,22,23418,,,,,,,,,,,,,,,,,,,,,,,,,,,,,,,,,
173713,2-Jun-18,17:39:00,2018-06-02 17:39:00,G,2,146,1394,,0,9,-62.4062,-60.0851,41:25.5,FastGPS,-62.4062,-60.0851,,,5.2,-0.5,,,,15,3,18056,,,,23,15379,,,,9,25397,,,,31,31155,,,,6,18690,,,,4,30914,,,,19,23685,,,,26,28423,,,,22,16025,,,,,,,,,,,,,,,,,,,,,,,,,,,,,,,,,
173713,2-Jun-18,18:26:41,2018-06-02 18:26:41,G,1,146,1395,982,0,8,-62.4271,-60.1019,29:06.0,FastGPS,-62.4271,-60.1019,,1,9.8,-1,,,,15,16,82,,,,26,26013,,,,4,21437,,,,7,8860,,,,23,19402,,,,3,17371,,,,9,1477,,,,2,3000,,,,,,,,,,,,,,,,,,,,,,,,,,,,,,,,,,,,,,
173713,2-Jun-18,18:57:01,2018-06-02 18:57:01,G,1,146,1396,,0,9,-62.4358,-60.1356,59:26.0,FastGPS,-62.4358,-60.1356,,,7.5,-1,,,,15,23,14098,,,,7,31548,,,,9,9419,,,,5,2777,,,,6,4220,,,,16,15251,,,,3,16086,,,,30,31089,,,,2,8892,,,,,,,,,,,,,,,,,,,,,,,,,,,,,,,,,
173713,3-Jun-18,3:08:00,2018-06-03 03:08:00,G,4,146,1400,983,0,8,-62.2488,-60.5544,10:24.0,FastGPS,-62.2488,-60.5544,,,13.8,-2,,,,15,6,15729,,,,12,18092,,,,17,15607,,,,25,5154,,,,2,16074,,,,24,22871,,,,19,6155,,,,32,32713,,,,,,,,,,,,,,,,,,,,,,,,,,,,,,,,,,,,,,
173713,3-Jun-18,4:10:04,2018-06-03 04:10:04,G,1,146,1401,,0,9,-62.2627,-60.5199,12:28.5,FastGPS,-62.2627,-60.5199,,,12.3,-1.5,,,,15,12,2509,,,,31,2241,,,,19,14598,,,,6,15767,,,,32,31939,,,,3,24439,,,,17,13893,,,,2,17296,,,,25,9420,,,,,,,,,,,,,,,,,,,,,,,,,,,,,,,,,
173713,3-Jun-18,5:21:00,2018-06-03 05:21:00,G,3,146,1402,986,0,5,-62.2828,-60.4856,23:24.5,FastGPS,-62.2828,-60.4856,,,1.1,-1.5,,,,15,29,22989,,,,25,8903,,,,2,27618,,,,12,19131,,,,6,29691,,,,,,,,,,,,,,,,,,,,,,,,,,,,,,,,,,,,,,,,,,,,,,,,,,,,,
173713,3-Jun-18,5:55:01,2018-06-03 05:55:01,G,1,146,1403,986,0,8,-62.2943,-60.4666,57:25.5,FastGPS,-62.2943,-60.4666,,1,3.7,-1.5,,,,15,29,3102,,,,31,21516,,,,25,4887,,,,2,32571,,,,6,13125,,,,5,10105,,,,12,13078,,,,4,30906,,,,,,,,,,,,,,,,,,,,,,,,,,,,,,,,,,,,,,
173713,3-Jun-18,7:35:47,2018-06-03 07:35:47,G,1,146,1405,988,0,6,-62.3271,-60.392,38:12.5,FastGPS,-62.3271,-60.392,,1,2.6,-0.5,,,,15,26,15249,,,,5,8929,,,,4,16941,,,,21,30212,,,,29,11351,,,,16,26045,,,,,,,,,,,,,,,,,,,,,,,,,,,,,,,,,,,,,,,,,,,,,,,,
173713,3-Jun-18,8:06:00,2018-06-03 08:06:00,G,2,146,1406,988,0,6,-62.3338,-60.3756,6/3/2018 8:08,FastGPS,-62.3338,-60.3756,,1,8.8,-2,,,,15,5,21011,,,,21,171,,,,26,14687,,,,4,20013,,,,16,10842,,,,29,16183,,,,,,,,,,,,,,,,,,,,,,,,,,,,,,,,,,,,,,,,,,,,,,,,
173713,3-Jun-18,8:37:18,2018-06-03 08:37:18,G,1,146,1407,988,0,8,-62.3467,-60.3389,39:42.0,FastGPS,-62.3467,-60.3389,,1,10.4,-2,,,,15,5,22445,,,,4,9238,,,,21,106,,,,7,24355,,,,26,31289,,,,16,27818,,,,29,22407,,,,27,1995,,,,,,,,,,,,,,,,,,,,,,,,,,,,,,,,,,,,,,
173713,3-Jun-18,9:19:14,2018-06-03 09:19:14,G,1,146,1408,,0,9,-62.3788,-60.2774,21:38.0,FastGPS,-62.3788,-60.2774,,,10,-2,,,,15,16,9659,,,,27,6525,,,,13,14769,,,,26,15399,,,,21,318,,,,7,20188,,,,5,30008,,,,15,1470,,,,30,27268,,,,,,,,,,,,,,,,,,,,,,,,,,,,,,,,,
173713,3-Jun-18,9:54:51,2018-06-03 09:54:51,G,1,146,1409,,0,9,-62.4035,-60.2402,57:15.0,FastGPS,-62.4035,-60.2402,,1,11.6,-2,,,,15,27,12142,,,,16,9171,,,,21,14303,,,,10,9385,,,,7,27611,,,,26,28039,,,,8,2538,,,,20,11622,,,,4,30154,,,,,,,,,,,,,,,,,,,,,,,,,,,,,,,,,
173713,3-Jun-18,11:27:01,2018-06-03 11:27:01,G,1,146,1412,988,0,6,-62.4706,-60.21,29:25.0,FastGPS,-62.4706,-60.21,,,9.2,-2,,,,15,8,26913,,,,27,4900,,,,10,10029,,,,15,20263,,,,28,20973,,,,13,10603,,,,,,,,,,,,,,,,,,,,,,,,,,,,,,,,,,,,,,,,,,,,,,,,
173713,3-Jun-18,12:00:24,2018-06-03 12:00:24,G,2,146,1413,988,0,8,-62.4869,-60.2135,02:48.5,FastGPS,-62.4869,-60.2135,,,12.3,-1.5,,,,15,8,2314,,,,10,21295,,,,27,2329,,,,18,20578,,,,11,21502,,,,15,6955,,,,28,6722,,,,1,28040,,,,,,,,,,,,,,,,,,,,,,,,,,,,,,,,,,,,,,
173713,3-Jun-18,12:32:22,2018-06-03 12:32:22,G,4,146,1414,,0,9,-62.4959,-60.2221,34:47.0,FastGPS,-62.4959,-60.2221,,,13.4,-1,,,,15,10,23584,,,,11,8541,,,,1,21054,,,,18,4852,,,,8,25951,,,,27,1152,,,,32,19004,,,,28,2960,,,,22,8252,,,,,,,,,,,,,,,,,,,,,,,,,,,,,,,,,
173713,3-Jun-18,13:02:00,2018-06-03 13:02:00,G,3,146,1415,,0,9,-62.4992,-60.2244,6/3/2018 13:04,FastGPS,-62.4992,-60.2244,,,7.4,-2,,,,15,32,18625,,,,10,31164,,,,8,10285,,,,22,6588,,,,14,30901,,,,1,27557,,,,28,10401,,,,27,21009,,,,11,55,,,,,,,,,,,,,,,,,,,,,,,,,,,,,,,,,
173713,3-Jun-18,14:18:03,2018-06-03 14:18:03,G,4,146,1416,991,0,6,-62.5001,-60.2289,20:28.0,FastGPS,-62.5001,-60.2289,,,6.9,-1,,,,15,32,9270,,,,3,8306,,,,11,21284,,,,18,8748,,,,22,16738,,,,14,9028,,,,,,,,,,,,,,,,,,,,,,,,,,,,,,,,,,,,,,,,,,,,,,,,
173713,3-Jun-18,15:35:31,2018-06-03 15:35:31,G,2,146,1418,,0,9,-62.5036,-60.2413,37:55.5,FastGPS,-62.5036,-60.2413,,,8.4,-1.5,,,,15,31,530,,,,32,9406,,,,3,25366,,,,22,13675,,,,17,11927,,,,14,15314,,,,19,21198,,,,18,23296,,,,1,504,,,,,,,,,,,,,,,,,,,,,,,,,,,,,,,,,
173713,3-Jun-18,16:06:36,2018-06-03 16:06:36,G,3,146,1419,,0,9,-62.5041,-60.2416,09:00.0,FastGPS,-62.5041,-60.2416,,,10.3,-2,,,,15,23,16455,,,,17,30187,,,,1,19774,,,,3,10041,,,,22,21873,,,,12,17152,,,,19,20357,,,,6,2037,,,,31,30626,,,,,,,,,,,,,,,,,,,,,,,,,,,,,,,,,
173713,3-Jun-18,16:36:39,2018-06-03 16:36:39,G,2,146,1420,,0,9,-62.504,-60.2421,39:03.5,FastGPS,-62.504,-60.2421,,,7.7,-1.5,,,,15,22,12828,,,,23,24233,,,,3,5708,,,,17,29321,,,,31,30044,,,,19,24443,,,,6,16254,,,,1,31645,,,,9,16899,,,,,,,,,,,,,,,,,,,,,,,,,,,,,,,,,
173713,3-Jun-18,17:37:01,2018-06-03 17:37:01,G,3,146,1421,994,0,6,-62.5045,-60.2413,6/3/2018 17:39,FastGPS,-62.5045,-60.2413,,,8.3,-2,,,,15,9,6013,,,,31,30084,,,,6,25774,,,,23,21273,,,,2,27767,,,,4,7807,,,,,,,,,,,,,,,,,,,,,,,,,,,,,,,,,,,,,,,,,,,,,,,,
173713,3-Jun-18,18:25:27,2018-06-03 18:25:27,G,3,146,1422,995,0,6,-62.5031,-60.2429,27:52.5,FastGPS,-62.5031,-60.2429,,,4.3,-0.5,,,,15,9,15435,,,,6,21843,,,,2,15066,,,,23,22330,,,,7,31982,,,,29,25702,,,,,,,,,,,,,,,,,,,,,,,,,,,,,,,,,,,,,,,,,,,,,,,,
173713,3-Jun-18,19:40:01,2018-06-03 19:40:01,G,1,146,1424,996,0,7,-62.5043,-60.2417,42:26.0,FastGPS,-62.5043,-60.2417,,,4.7,-1,,,,15,7,23649,,,,5,16307,,,,9,973,,,,30,8770,,,,23,17252,,,,2,21063,,,,29,7755,,,,,,,,,,,,,,,,,,,,,,,,,,,,,,,,,,,,,,,,,,,
173713,3-Jun-18,20:10:02,2018-06-03 20:10:02,G,1,146,1425,996,0,5,-62.5033,-60.242,6/3/2018 20:12,FastGPS,-62.5033,-60.242,,,2,-1,,,,15,7,22707,,,,30,1940,,,,5,11480,,,,9,7606,,,,2,8425,,,,,,,,,,,,,,,,,,,,,,,,,,,,,,,,,,,,,,,,,,,,,,,,,,,,,
173713,3-Jun-18,20:40:06,2018-06-03 20:40:06,G,1,146,1426,996,0,5,-62.5054,-60.2577,42:31.5,FastGPS,-62.5054,-60.2577,,,10.6,-0.5,,,,15,9,31341,,,,7,25897,,,,30,16559,,,,5,17781,,,,13,1004,,,,,,,,,,,,,,,,,,,,,,,,,,,,,,,,,,,,,,,,,,,,,,,,,,,,,
173713,3-Jun-18,23:35:00,2018-06-03 23:35:00,G,1,146,1430,999,0,5,-62.496,-60.24,6/3/2018 23:37,FastGPS,-62.496,-60.24,,,2.3,-1,,,,15,13,22410,,,,28,28363,,,,24,4953,,,,15,20953,,,,30,10481,,,,,,,,,,,,,,,,,,,,,,,,,,,,,,,,,,,,,,,,,,,,,,,,,,,,,
173713,4-Jun-18,1:16:07,2018-06-04 01:16:07,G,1,146,1432,1001,0,7,-62.496,-60.2399,18:32.5,FastGPS,-62.496,-60.2399,,,4.6,-0.5,,,,15,17,10723,,,,12,1729,,,,19,3467,,,,15,18608,,,,13,1213,,,,24,11445,,,,10,18017,,,,,,,,,,,,,,,,,,,,,,,,,,,,,,,,,,,,,,,,,,,
173713,4-Jun-18,1:46:01,2018-06-04 01:46:01,G,1,146,1433,,0,9,-62.5008,-60.2406,48:26.5,FastGPS,-62.5008,-60.2406,,,8.5,-0.5,,,,15,12,12075,,,,17,15859,,,,24,18979,,,,15,667,,,,19,28923,,,,32,28034,,,,18,30052,,,,1,12730,,,,11,14228,,,,,,,,,,,,,,,,,,,,,,,,,,,,,,,,,
173713,4-Jun-18,2:33:51,2018-06-04 02:33:51,G,1,146,1434,1002,0,5,-62.5074,-60.2647,36:16.0,FastGPS,-62.5074,-60.2647,,,2.8,-1,,,,15,12,31314,,,,17,1000,,,,19,21742,,,,24,18560,,,,32,19458,,,,,,,,,,,,,,,,,,,,,,,,,,,,,,,,,,,,,,,,,,,,,,,,,,,,,
173713,4-Jun-18,3:04:04,2018-06-04 03:04:04,G,1,146,1435,,0,9,-62.5216,-60.2815,06:29.5,FastGPS,-62.5216,-60.2815,,,15.7,-0.5,,,,15,12,30705,,,,32,13414,,,,24,737,,,,14,17479,,,,25,17535,,,,22,5133,,,,6,29702,,,,17,30322,,,,3,28099,,,,,,,,,,,,,,,,,,,,,,,,,,,,,,,,,
173713,4-Jun-18,4:22:11,2018-06-04 04:22:11,G,1,146,1437,1003,0,8,-62.5456,-60.269,24:36.0,FastGPS,-62.5456,-60.2691,,,4.5,-1,,,,15,12,11724,,,,25,8968,,,,31,32311,,,,2,26817,,,,29,30227,,,,6,31591,,,,14,28497,,,,32,7431,,,,,,,,,,,,,,,,,,,,,,,,,,,,,,,,,,,,,,
173713,4-Jun-18,5:37:00,2018-06-04 05:37:00,G,3,146,1439,1004,0,6,-62.5459,-60.3282,39:25.0,FastGPS,-62.5459,-60.3282,,1,3.8,-1,,,,15,31,28716,,,,29,14989,,,,25,23,,,,4,20253,,,,12,13455,,,,23,4604,,,,,,,,,,,,,,,,,,,,,,,,,,,,,,,,,,,,,,,,,,,,,,,,
173713,4-Jun-18,7:27:13,2018-06-04 07:27:13,G,1,146,1442,1005,0,7,-62.546,-60.452,29:38.0,FastGPS,-62.546,-60.452,,1,4.4,-1,,,,15,29,28103,,,,5,19749,,,,31,4686,,,,26,18065,,,,16,19175,,,,21,16989,,,,4,23490,,,,,,,,,,,,,,,,,,,,,,,,,,,,,,,,,,,,,,,,,,,
173713,4-Jun-18,9:09:22,2018-06-04 09:09:22,G,2,146,1443,,0,9,-62.5627,-60.5188,11:47.5,FastGPS,-62.5627,-60.5188,,1,5.2,-0.5,,,,15,20,17607,,,,21,28964,,,,7,14954,,,,4,15299,,,,27,15046,,,,16,8986,,,,26,29792,,,,29,28398,,,,15,9622,,,,,,,,,,,,,,,,,,,,,,,,,,,,,,,,,
173713,4-Jun-18,9:39:13,2018-06-04 09:39:13,G,2,146,1444,1009,0,5,-62.5628,-60.5371,41:37.5,FastGPS,-62.5628,-60.5371,,,6.2,-1.5,,,,15,21,16210,,,,20,4962,,,,27,28580,,,,10,2726,,,,16,16476,,,,,,,,,,,,,,,,,,,,,,,,,,,,,,,,,,,,,,,,,,,,,,,,,,,,,
173713,4-Jun-18,10:09:00,2018-06-04 10:09:00,G,4,146,1445,1009,0,8,-62.5604,-60.5498,11:24.0,FastGPS,-62.5604,-60.5498,,,6.6,-2,,,,15,21,1993,,,,15,17351,,,,20,28727,,,,27,22704,,,,7,31667,,,,10,20133,,,,16,23870,,,,8,21603,,,,,,,,,,,,,,,,,,,,,,,,,,,,,,,,,,,,,,
173713,4-Jun-18,11:48:09,2018-06-04 11:48:09,G,4,146,1448,,0,9,-62.5627,-60.5533,50:33.5,FastGPS,-62.5627,-60.5533,,,5.3,-1.5,,,,15,10,25061,,,,27,25426,,,,18,26028,,,,20,19738,,,,8,984,,,,32,7273,,,,11,26728,,,,1,25399,,,,28,19896,,,,,,,,,,,,,,,,,,,,,,,,,,,,,,,,,
173713,4-Jun-18,12:14:10,2018-06-04 12:14:10,G,1,146,,,,5,-62.49,-60.758,6/5/2018 10:47,K,,,,,,,,,,15,25,27245,,,,21,31126,,,,4,16977,,,,24,0,,,,32,0,,,,,,,,,,,,,,,,,,,,,,,,,,,,,,,,,,,,,,,,,,,,,,,,,,,,,
173713,4-Jun-18,12:20:35,2018-06-04 12:20:35,G,4,146,1449,1009,0,4,-62.49,-60.758,6/5/2018 10:47,K,-62.5654,-60.5581,,,0.6,-1.9,,,,15,18,30360,,,,11,1020,,,,8,17616,,,,10,17972,,,,,,,,,,,,,,,,,,,,,,,,,,,,,,,,,,,,,,,,,,,,,,,,,,,,,,,,,,
173713,4-Jun-18,13:11:41,2018-06-04 13:11:41,G,2,146,1450,,0,9,-62.5603,-60.6239,14:05.5,FastGPS,-62.5603,-60.6239,,,6.5,-1.5,,,,15,32,1563,,,,10,11778,,,,14,16924,,,,22,31385,,,,1,6774,,,,11,18750,,,,18,10693,,,,8,26278,,,,28,17001,,,,,,,,,,,,,,,,,,,,,,,,,,,,,,,,,
173713,4-Jun-18,18:30:03,2018-06-04 18:30:03,G,1,146,1459,1012,0,8,-62.5039,-60.6951,32:28.0,FastGPS,-62.5039,-60.6951,,1,7,-1,,,,15,9,13808,,,,6,19428,,,,16,24117,,,,23,19647,,,,26,20578,,,,7,28907,,,,4,7078,,,,29,21820,,,,,,,,,,,,,,,,,,,,,,,,,,,,,,,,,,,,,,
173713,4-Jun-18,20:05:00,2018-06-04 20:05:00,G,1,146,1462,1012,0,8,-62.4885,-60.7401,07:25.0,FastGPS,-62.4885,-60.7401,,,9.6,-1,,,,15,7,4985,,,,9,24660,,,,23,1846,,,,2,31315,,,,30,15767,,,,16,3446,,,,27,23585,,,,5,26998,,,,,,,,,,,,,,,,,,,,,,,,,,,,,,,,,,,,,,
173713,4-Jun-18,21:09:41,2018-06-04 21:09:41,G,1,146,1464,1012,0,7,-62.4491,-60.7523,12:06.5,FastGPS,-62.4491,-60.7523,,,6.9,-0.5,,,,15,7,28885,,,,27,20319,,,,28,4995,,,,30,20800,,,,8,14808,,,,5,30521,,,,9,31496,,,,,,,,,,,,,,,,,,,,,,,,,,,,,,,,,,,,,,,,,,,
173713,4-Jun-18,21:40:37,2018-06-04 21:40:37,G,1,146,1465,1012,0,4,-62.49,-60.758,6/5/2018 10:47,K,-62.4312,-60.7666,,,0.1,-1,,,,15,7,4004,,,,5,2455,,,,30,21175,,,,13,16273,,,,,,,,,,,,,,,,,,,,,,,,,,,,,,,,,,,,,,,,,,,,,,,,,,,,,,,,,,
173713,4-Jun-18,22:12:49,2018-06-04 22:12:49,G,1,146,1466,1012,0,4,-62.49,-60.758,6/5/2018 10:47,K,-62.409,-60.7913,,,0.5,-0.9,,,,15,7,16315,,,,30,20427,,,,13,640,,,,8,22490,,,,,,,,,,,,,,,,,,,,,,,,,,,,,,,,,,,,,,,,,,,,,,,,,,,,,,,,,,
173713,4-Jun-18,23:29:01,2018-06-04 23:29:01,G,1,146,1468,1013,0,5,-62.3958,-60.8318,31:26.0,FastGPS,-62.3958,-60.8318,,,8.5,-1,,,,15,28,13956,,,,13,11739,,,,15,5597,,,,17,7901,,,,30,1457,,,,,,,,,,,,,,,,,,,,,,,,,,,,,,,,,,,,,,,,,,,,,,,,,,,,,
173713,5-Jun-18,0:45:01,2018-06-05 00:45:01,G,3,146,1470,,0,9,-62.3912,-60.8379,47:26.5,FastGPS,-62.3912,-60.8379,,,13.4,-0.5,,,,15,24,2579,,,,15,19277,,,,10,10488,,,,17,14807,,,,11,30077,,,,18,1326,,,,1,7522,,,,19,7454,,,,30,14598,,,,,,,,,,,,,,,,,,,,,,,,,,,,,,,,,
173713,5-Jun-18,1:45:08,2018-06-05 01:45:08,G,2,146,1471,1016,0,5,-62.3556,-60.7816,47:33.0,FastGPS,-62.3556,-60.7816,,,2.4,-1,,,,15,17,5240,,,,15,16234,,,,12,19687,,,,19,26027,,,,28,23260,,,,,,,,,,,,,,,,,,,,,,,,,,,,,,,,,,,,,,,,,,,,,,,,,,,,,
173713,5-Jun-18,2:15:02,2018-06-05 02:15:02,G,1,146,1472,1016,0,7,-62.3353,-60.7723,17:26.0,FastGPS,-62.3353,-60.7723,,,8.7,-2,,,,15,17,1392,,,,15,23078,,,,12,24873,,,,19,22513,,,,32,23421,,,,6,246,,,,24,29449,,,,,,,,,,,,,,,,,,,,,,,,,,,,,,,,,,,,,,,,,,,
173713,5-Jun-18,3:46:20,2018-06-05 03:46:20,G,1,146,1474,1018,0,8,-62.3396,-60.8207,48:45.5,FastGPS,-62.3396,-60.8207,,,13,-0.5,,,,15,25,5600,,,,12,15891,,,,31,6445,,,,32,13556,,,,3,10835,,,,17,30265,,,,19,10168,,,,14,32350,,,,,,,,,,,,,,,,,,,,,,,,,,,,,,,,,,,,,,
173713,5-Jun-18,4:16:56,2018-06-05 04:16:56,G,2,146,1475,1018,0,6,-62.3381,-60.8017,19:20.0,FastGPS,-62.3381,-60.8017,,,15.1,-2,,,,15,25,19245,,,,12,24132,,,,31,6624,,,,14,10349,,,,6,8482,,,,19,27156,,,,,,,,,,,,,,,,,,,,,,,,,,,,,,,,,,,,,,,,,,,,,,,,
173713,5-Jun-18,5:18:09,2018-06-05 05:18:09,G,1,146,1476,1020,0,8,-62.3419,-60.8061,20:34.5,FastGPS,-62.3419,-60.8061,,1,6.1,-0.5,,,,15,29,15323,,,,12,7299,,,,31,20222,,,,4,31373,,,,25,16058,,,,23,18743,,,,2,31170,,,,14,3878,,,,,,,,,,,,,,,,,,,,,,,,,,,,,,,,,,,,,,
173713,5-Jun-18,8:27:04,2018-06-05 08:27:04,G,1,146,1480,,0,9,-62.4224,-60.751,29:28.5,FastGPS,-62.4224,-60.751,,1,13.1,-1.5,,,,15,4,29120,,,,16,8137,,,,5,9910,,,,26,17323,,,,21,10529,,,,20,25191,,,,13,5001,,,,29,9947,,,,15,19927,,,,,,,,,,,,,,,,,,,,,,,,,,,,,,,,,
173713,5-Jun-18,8:58:15,2018-06-05 08:58:15,G,1,146,1481,,0,9,-62.4523,-60.7484,00:40.0,FastGPS,-62.4523,-60.7484,,1,14.8,-1,,,,15,4,24640,,,,26,2297,,,,20,6957,,,,7,21771,,,,16,25761,,,,27,2799,,,,21,9204,,,,5,25701,,,,13,27316,,,,,,,,,,,,,,,,,,,,,,,,,,,,,,,,,
173713,5-Jun-18,9:29:43,2018-06-05 09:29:43,G,2,146,1482,1024,0,8,-62.478,-60.7477,32:07.1,FastGPS,-62.478,-60.7477,,,15.4,-1.9,,,,15,27,12212,,,,15,25778,,,,16,26946,,,,7,27242,,,,13,14737,,,,26,16155,,,,20,24975,,,,21,23257,,,,,,,,,,,,,,,,,,,,,,,,,,,,,,,,,,,,,,
173713,5-Jun-18,10:15:27,2018-06-05 10:15:27,G,1,146,1483,,0,9,-62.4895,-60.7367,17:51.1,FastGPS,-62.4895,-60.7367,,,12.9,-1.9,,,,15,15,15726,,,,7,28104,,,,16,10565,,,,21,23256,,,,30,23620,,,,13,22785,,,,20,21270,,,,10,16495,,,,8,22186,,,,,,,,,,,,,,,,,,,,,,,,,,,,,,,,,
173713,5-Jun-18,11:31:15,2018-06-05 11:31:15,G,1,146,1485,1026,0,6,-62.488,-60.7259,33:39.5,FastGPS,-62.488,-60.7259,,,10.7,-1.5,,,,15,10,24489,,,,27,23277,,,,32,12538,,,,11,10348,,,,18,10544,,,,8,22615,,,,,,,,,,,,,,,,,,,,,,,,,,,,,,,,,,,,,,,,,,,,,,,,
173713,5-Jun-18,12:03:40,2018-06-05 12:03:40,G,1,146,1486,,0,9,-62.4911,-60.732,06:04.0,FastGPS,-62.4911,-60.732,,,10.5,-2,,,,15,10,4505,,,,32,21529,,,,27,26853,,,,18,24440,,,,28,27405,,,,1,12809,,,,11,26695,,,,8,29654,,,,20,16791,,,,,,,,,,,,,,,,,,,,,,,,,,,,,,,,,
173713,7-Jun-18,2:43:01,2018-06-07 02:43:01,G,4,146,1493,,0,9,-62.401,-60.6712,45:26.1,FastGPS,-62.401,-60.6712,,,18,-0.9,,,,15,17,17617,,,,19,23627,,,,12,6895,,,,24,10683,,,,6,25797,,,,3,30485,,,,22,24885,,,,25,7048,,,,32,1872,,,,,,,,,,,,,,,,,,,,,,,,,,,,,,,,,
173713,7-Jun-18,12:04:00,2018-06-07 12:04:00,G,1,146,1498,,0,9,-62.4935,-60.7096,06:25.1,FastGPS,-62.4935,-60.7096,,,8,-0.9,,,,15,10,18932,,,,32,15783,,,,27,23022,,,,18,12373,,,,11,15576,,,,8,16946,,,,28,1257,,,,20,21855,,,,1,11624,,,,,,,,,,,,,,,,,,,,,,,,,,,,,,,,,
173713,7-Jun-18,12:50:28,2018-06-07 12:50:28,G,1,146,1499,1029,0,8,-62.489,-60.7243,52:53.1,FastGPS,-62.489,-60.7243,,,2,-0.9,,,,15,32,21839,,,,10,9282,,,,18,31648,,,,11,6382,,,,14,15008,,,,27,27129,,,,22,24175,,,,1,9825,,,,,,,,,,,,,,,,,,,,,,,,,,,,,,,,,,,,,,
173713,7-Jun-18,13:24:21,2018-06-07 13:24:21,G,1,146,1500,,0,9,-62.4914,-60.7198,26:46.6,FastGPS,-62.4914,-60.7198,,,10.4,-0.4,,,,15,1,9081,,,,17,18435,,,,11,3361,,,,14,343,,,,18,25821,,,,10,10557,,,,22,28643,,,,32,11520,,,,24,13869,,,,,,,,,,,,,,,,,,,,,,,,,,,,,,,,,
173713,8-Jun-18,14:27:10,2018-06-08 14:27:10,G,1,146,1509,,0,9,-62.4843,-60.5871,29:34.6,FastGPS,-62.4843,-60.5871,,,10.1,-1.3,,,,15,17,15037,,,,32,23284,,,,22,32501,,,,1,9226,,,,14,3645,,,,18,11443,,,,11,27774,,,,19,13379,,,,3,7614,,,,,,,,,,,,,,,,,,,,,,,,,,,,,,,,,
173713,8-Jun-18,14:59:47,2018-06-08 14:59:47,G,1,146,1510,,0,9,-62.4862,-60.5888,02:11.2,FastGPS,-62.4862,-60.5888,,,10.7,-1.8,,,,15,22,7352,,,,17,15260,,,,3,16734,,,,14,6821,,,,31,14025,,,,32,24965,,,,1,22617,,,,11,22013,,,,19,18459,,,,,,,,,,,,,,,,,,,,,,,,,,,,,,,,,
173713,8-Jun-18,19:02:58,2018-06-08 19:02:58,G,2,146,1512,,0,9,-62.4882,-60.5328,05:23.2,FastGPS,-62.4882,-60.5328,,,15.3,-0.8,,,,15,23,25794,,,,16,32079,,,,5,24126,,,,9,24184,,,,7,10330,,,,26,20699,,,,2,10579,,,,6,4218,,,,4,6256,,,,,,,,,,,,,,,,,,,,,,,,,,,,,,,,,
173713,8-Jun-18,19:47:14,2018-06-08 19:47:14,G,3,146,1513,1034,0,6,-62.4898,-60.525,49:39.2,FastGPS,-62.4898,-60.525,,,6.8,-0.8,,,,15,7,17111,,,,5,3434,,,,30,23425,,,,16,20790,,,,2,17972,,,,9,9446,,,,,,,,,,,,,,,,,,,,,,,,,,,,,,,,,,,,,,,,,,,,,,,,
173713,8-Jun-18,20:20:02,2018-06-08 20:20:02,G,4,146,1514,1034,0,6,-62.4889,-60.5244,22:27.6,FastGPS,-62.4889,-60.5244,,,10,-0.4,,,,15,5,7657,,,,7,14482,,,,30,6421,,,,13,26048,,,,9,16768,,,,16,8322,,,,,,,,,,,,,,,,,,,,,,,,,,,,,,,,,,,,,,,,,,,,,,,,
173713,8-Jun-18,23:58:07,2018-06-08 23:58:07,G,3,146,1516,,0,9,-62.461,-60.6177,00:31.6,FastGPS,-62.461,-60.6177,,,8.3,-1.4,,,,15,15,16240,,,,13,26021,,,,17,3874,,,,18,25694,,,,24,22360,,,,1,3499,,,,11,20682,,,,28,22916,,,,10,24678,,,,,,,,,,,,,,,,,,,,,,,,,,,,,,,,,
173713,9-Jun-18,0:46:24,2018-06-09 00:46:24,G,6,146,1517,,0,9,-62.4651,-60.6132,48:48.6,FastGPS,-62.4651,-60.6132,,,14.7,-1.4,,,,15,15,6868,,,,24,16203,,,,17,20569,,,,12,24307,,,,28,11393,,,,19,32371,,,,1,24910,,,,10,25415,,,,11,27109,,,,,,,,,,,,,,,,,,,,,,,,,,,,,,,,,
173713,9-Jun-18,8:10:08,2018-06-09 08:10:08,G,1,146,1520,1035,0,7,-62.4454,-60.6002,12:32.2,FastGPS,-62.4454,-60.6002,,1,4.5,-1.8,,,,15,21,22629,,,,5,26541,,,,20,20701,,,,29,26503,,,,4,11177,,,,26,31506,,,,16,20550,,,,,,,,,,,,,,,,,,,,,,,,,,,,,,,,,,,,,,,,,,,
173713,9-Jun-18,14:40:39,2018-06-09 14:40:39,G,1,146,1525,1035,0,7,-62.4917,-60.4783,43:04.6,FastGPS,-62.4917,-60.4783,,,8.4,-0.3,,,,15,31,13135,,,,17,28426,,,,22,15401,,,,14,15440,,,,3,24727,,,,1,25844,,,,32,29142,,,,,,,,,,,,,,,,,,,,,,,,,,,,,,,,,,,,,,,,,,,
173713,9-Jun-18,15:59:18,2018-06-09 15:59:18,G,1,146,1527,,0,9,-62.4922,-60.4809,01:42.7,FastGPS,-62.4922,-60.4809,,,8.8,-1.3,,,,15,23,11047,,,,22,13559,,,,31,31342,,,,17,6523,,,,3,8967,,,,19,6664,,,,1,16102,,,,6,2779,,,,11,8553,,,,,,,,,,,,,,,,,,,,,,,,,,,,,,,,,
173713,9-Jun-18,17:25:08,2018-06-09 17:25:08,G,4,146,1528,1037,0,6,-62.4751,-60.5417,27:32.7,FastGPS,-62.4751,-60.5417,,,6.9,-1.3,,,,15,23,29915,,,,9,26293,,,,3,18932,,,,31,26525,,,,4,5045,,,,6,2871,,,,,,,,,,,,,,,,,,,,,,,,,,,,,,,,,,,,,,,,,,,,,,,,
173713,9-Jun-18,17:58:27,2018-06-09 17:58:27,G,3,146,1529,,0,9,-62.4882,-60.5329,00:51.7,FastGPS,-62.4882,-60.5329,,1,6.7,-1.3,,,,15,9,23260,,,,6,6443,,,,23,6177,,,,7,31208,,,,26,11749,,,,4,7238,,,,2,24124,,,,16,18867,,,,31,4552,,,,,,,,,,,,,,,,,,,,,,,,,,,,,,,,,
173713,9-Jun-18,18:35:09,2018-06-09 18:35:09,G,3,146,1530,,0,9,-62.4771,-60.529,37:33.7,FastGPS,-62.4771,-60.529,,1,8.7,-1.3,,,,15,23,4235,,,,26,24973,,,,16,2149,,,,4,24874,,,,9,22358,,,,6,24122,,,,30,9046,,,,2,13718,,,,29,22034,,,,,,,,,,,,,,,,,,,,,,,,,,,,,,,,,
173713,9-Jun-18,19:06:25,2018-06-09 19:06:25,G,4,146,1531,,0,9,-62.4775,-60.5232,08:49.2,FastGPS,-62.4775,-60.5232,,,5,-1.8,,,,15,7,26010,,,,30,28828,,,,16,23123,,,,9,7474,,,,26,23987,,,,4,5852,,,,23,19645,,,,6,27618,,,,5,11294,,,,,,,,,,,,,,,,,,,,,,,,,,,,,,,,,
173713,9-Jun-18,19:54:58,2018-06-09 19:54:58,G,5,146,1532,1037,0,6,-62.4793,-60.513,57:23.2,FastGPS,-62.4793,-60.513,,,10.8,-0.8,,,,15,7,13644,,,,30,15221,,,,5,13422,,,,16,9801,,,,9,25370,,,,27,24060,,,,,,,,,,,,,,,,,,,,,,,,,,,,,,,,,,,,,,,,,,,,,,,,
173713,9-Jun-18,20:43:20,2018-06-09 20:43:20,G,2,146,1533,1037,0,8,-62.4804,-60.5071,45:45.7,FastGPS,-62.4804,-60.5071,,,14.4,-0.3,,,,15,30,31132,,,,5,18638,,,,27,1036,,,,7,25033,,,,16,5722,,,,13,12635,,,,28,24634,,,,8,15759,,,,,,,,,,,,,,,,,,,,,,,,,,,,,,,,,,,,,,
173713,9-Jun-18,22:32:49,2018-06-09 22:32:49,G,2,146,1535,1037,0,8,-62.4598,-60.5373,35:13.2,FastGPS,-62.4598,-60.5373,,,21.1,-1.8,,,,15,30,14996,,,,13,9989,,,,28,10997,,,,8,19994,,,,7,25189,,,,20,11982,,,,15,4282,,,,5,19136,,,,,,,,,,,,,,,,,,,,,,,,,,,,,,,,,,,,,,
173713,10-Jun-18,10:13:58,2018-06-10 10:13:58,G,2,146,1537,1041,0,8,-62.4286,-60.6592,16:22.7,FastGPS,-62.4286,-60.6592,,,9.2,-1.3,,,,15,27,20012,,,,10,17352,,,,15,27135,,,,16,7105,,,,20,27045,,,,13,29686,,,,21,25636,,,,8,1244,,,,,,,,,,,,,,,,,,,,,,,,,,,,,,,,,,,,,,
173713,10-Jun-18,13:18:34,2018-06-10 13:18:34,G,1,146,1538,,0,9,-62.4901,-60.4852,20:58.7,FastGPS,-62.4901,-60.4852,,,9.5,-1.3,,,,15,22,18584,,,,1,24856,,,,32,11979,,,,11,5500,,,,18,27768,,,,10,19098,,,,17,14940,,,,14,20012,,,,24,4365,,,,,,,,,,,,,,,,,,,,,,,,,,,,,,,,,
173713,10-Jun-18,19:11:02,2018-06-10 19:11:02,G,2,146,1544,1043,0,8,-62.4996,-60.6996,13:26.2,FastGPS,-62.4996,-60.6996,,,18.3,-1.7,,,,15,7,20959,,,,9,30244,,,,5,13285,,,,16,21149,,,,2,22763,,,,30,4573,,,,23,17624,,,,26,32315,,,,,,,,,,,,,,,,,,,,,,,,,,,,,,,,,,,,,,
173713,10-Jun-18,20:20:13,2018-06-10 20:20:13,G,2,146,1546,1043,0,7,-62.4719,-60.7515,22:38.2,FastGPS,-62.4719,-60.7515,,,10.6,-0.8,,,,15,7,4729,,,,27,25092,,,,30,20873,,,,9,11496,,,,8,1471,,,,16,5072,,,,5,9333,,,,,,,,,,,,,,,,,,,,,,,,,,,,,,,,,,,,,,,,,,,
173713,10-Jun-18,21:21:18,2018-06-10 21:21:18,G,1,146,1547,1043,0,4,-62.499,-60.685,6/11/2018 19:28,P,-62.4292,-60.7474,,,0.3,-0.3,,,,15,7,23604,,,,27,9566,,,,30,23209,,,,8,32598,,,,,,,,,,,,,,,,,,,,,,,,,,,,,,,,,,,,,,,,,,,,,,,,,,,,,,,,,,
173713,10-Jun-18,23:23:00,2018-06-10 23:23:00,G,3,146,1548,,0,9,-62.3883,-60.6886,25:25.2,FastGPS,-62.3883,-60.6886,,,16.7,-0.8,,,,15,15,30320,,,,28,464,,,,13,17548,,,,11,32269,,,,18,8603,,,,30,29208,,,,8,12001,,,,1,4382,,,,17,4678,,,,,,,,,,,,,,,,,,,,,,,,,,,,,,,,,
173713,10-Jun-18,23:53:10,2018-06-10 23:53:10,G,3,146,1549,1045,0,4,-62.445,-60.795,6/11/2018 23:53,N,-62.4073,-60.688,,,5.6,-1.2,,,,15,15,12229,,,,13,13686,,,,17,14761,,,,24,32261,,,,,,,,,,,,,,,,,,,,,,,,,,,,,,,,,,,,,,,,,,,,,,,,,,,,,,,,,,
173713,11-Jun-18,1:05:11,2018-06-11 01:05:11,G,3,146,1550,1047,0,6,-62.414,-60.6885,07:36.7,FastGPS,-62.414,-60.6885,,,11.7,-0.3,,,,15,17,21154,,,,19,11331,,,,15,24323,,,,12,9883,,,,24,11024,,,,10,11859,,,,,,,,,,,,,,,,,,,,,,,,,,,,,,,,,,,,,,,,,,,,,,,,
173713,11-Jun-18,2:57:28,2018-06-11 02:57:28,G,3,146,1551,1047,0,6,-62.4861,-60.7068,59:53.7,FastGPS,-62.4861,-60.7068,,,1.8,-0.3,,,,15,12,3204,,,,17,7698,,,,24,14535,,,,25,17071,,,,6,22167,,,,19,14236,,,,,,,,,,,,,,,,,,,,,,,,,,,,,,,,,,,,,,,,,,,,,,,,
173713,11-Jun-18,3:57:36,2018-06-11 03:57:36,G,1,146,1553,,0,9,-62.4901,-60.7229,00:00.2,FastGPS,-62.4901,-60.7229,,,8.3,-1.8,,,,15,25,5666,,,,29,3895,,,,6,10490,,,,12,23562,,,,19,16974,,,,31,3449,,,,32,15705,,,,2,21875,,,,24,10977,,,,,,,,,,,,,,,,,,,,,,,,,,,,,,,,,
173713,11-Jun-18,4:43:17,2018-06-11 04:43:17,G,2,146,1554,1048,0,6,-62.4942,-60.7115,45:41.7,FastGPS,-62.4942,-60.7115,,,13.8,-1.3,,,,15,12,7991,,,,31,4293,,,,25,18076,,,,2,6027,,,,29,15706,,,,6,24034,,,,,,,,,,,,,,,,,,,,,,,,,,,,,,,,,,,,,,,,,,,,,,,,
173713,11-Jun-18,5:50:21,2018-06-11 05:50:21,G,1,146,1556,1048,0,7,-62.4934,-60.7076,52:45.2,FastGPS,-62.4934,-60.7076,,1,2.9,-1.8,,,,15,31,29152,,,,29,7617,,,,5,31837,,,,4,31132,,,,2,11886,,,,25,6061,,,,26,32516,,,,,,,,,,,,,,,,,,,,,,,,,,,,,,,,,,,,,,,,,,,
173713,11-Jun-18,6:20:09,2018-06-11 06:20:09,G,2,146,1557,1048,0,7,-62.4935,-60.7074,22:34.2,FastGPS,-62.4935,-60.7074,,1,10.8,-0.8,,,,15,29,27573,,,,4,25993,,,,31,5121,,,,21,12522,,,,25,20210,,,,26,18278,,,,2,32352,,,,,,,,,,,,,,,,,,,,,,,,,,,,,,,,,,,,,,,,,,,
173713,11-Jun-18,6:51:30,2018-06-11 06:51:30,G,2,146,1558,1048,0,8,-62.4935,-60.7067,53:55.7,FastGPS,-62.4935,-60.7067,,,15,-0.3,,,,15,5,23837,,,,29,11947,,,,26,12281,,,,4,23998,,,,31,7140,,,,25,4283,,,,21,22185,,,,16,30105,,,,,,,,,,,,,,,,,,,,,,,,,,,,,,,,,,,,,,
173713,11-Jun-18,7:21:00,2018-06-11 07:21:00,G,1,146,1559,1048,0,8,-62.4942,-60.7069,23:24.2,FastGPS,-62.4942,-60.7069,,,13,-1.8,,,,15,29,22051,,,,4,3091,,,,26,19786,,,,16,14339,,,,25,4164,,,,21,25829,,,,5,13577,,,,20,15088,,,,,,,,,,,,,,,,,,,,,,,,,,,,,,,,,,,,,,
173713,11-Jun-18,7:51:00,2018-06-11 07:51:00,G,2,146,1560,1048,0,8,-62.4942,-60.707,53:24.2,FastGPS,-62.4942,-60.707,,1,10.1,-1.8,,,,15,29,10047,,,,21,6863,,,,16,11106,,,,20,6119,,,,5,1904,,,,4,12434,,,,26,23853,,,,13,20154,,,,,,,,,,,,,,,,,,,,,,,,,,,,,,,,,,,,,,
173713,11-Jun-18,8:21:13,2018-06-11 08:21:13,G,3,146,1561,,0,9,-62.4957,-60.704,23:38.7,FastGPS,-62.4957,-60.704,,1,8.6,-0.3,,,,15,29,4360,,,,16,31044,,,,21,8915,,,,15,27711,,,,4,10733,,,,20,15843,,,,27,26233,,,,26,12913,,,,5,17516,,,,,,,,,,,,,,,,,,,,,,,,,,,,,,,,,
173713,11-Jun-18,8:54:33,2018-06-11 08:54:33,G,2,146,1562,,0,9,-62.498,-60.6999,56:57.7,FastGPS,-62.498,-60.6999,,,11.2,-1.3,,,,15,15,8689,,,,16,21491,,,,27,22190,,,,26,4613,,,,13,13492,,,,21,14094,,,,4,16254,,,,29,21543,,,,30,546,,,,,,,,,,,,,,,,,,,,,,,,,,,,,,,,,
173713,11-Jun-18,10:12:00,2018-06-11 10:12:00,G,2,146,1564,,0,9,-62.498,-60.6998,14:24.2,FastGPS,-62.498,-60.6998,,,7.1,-1.8,,,,15,27,4013,,,,15,10079,,,,10,5806,,,,20,9964,,,,8,25028,,,,16,13422,,,,13,8952,,,,21,87,,,,30,27879,,,,,,,,,,,,,,,,,,,,,,,,,,,,,,,,,
173713,11-Jun-18,12:16:01,2018-06-11 12:16:01,G,1,146,1567,,0,9,-62.4981,-60.6998,18:26.7,FastGPS,-62.4981,-60.6998,,,9.7,-0.3,,,,15,32,11080,,,,18,25218,,,,10,25695,,,,8,3771,,,,11,31313,,,,28,15151,,,,1,2667,,,,20,32075,,,,27,7741,,,,,,,,,,,,,,,,,,,,,,,,,,,,,,,,,
173713,11-Jun-18,12:48:07,2018-06-11 12:48:07,G,3,146,1568,,0,9,-62.4978,-60.7007,50:32.2,FastGPS,-62.4978,-60.7007,,,5.7,-0.8,,,,15,10,12669,,,,11,12772,,,,18,3960,,,,32,26980,,,,8,26721,,,,14,25131,,,,20,17920,,,,1,10007,,,,22,4176,,,,,,,,,,,,,,,,,,,,,,,,,,,,,,,,,
173713,11-Jun-18,14:21:01,2018-06-11 14:21:01,G,1,146,1571,,0,9,-62.4979,-60.7003,23:26.2,FastGPS,-62.4979,-60.7003,,,6.9,-0.8,,,,15,31,8414,,,,22,9677,,,,14,622,,,,18,31312,,,,1,8565,,,,11,15871,,,,3,29257,,,,17,26051,,,,32,6338,,,,,,,,,,,,,,,,,,,,,,,,,,,,,,,,,
173713,11-Jun-18,14:53:31,2018-06-11 14:53:31,G,1,146,1572,,0,9,-62.498,-60.7006,55:56.2,FastGPS,-62.498,-60.7006,,,6.7,-0.8,,,,15,22,1807,,,,18,7056,,,,31,25203,,,,3,24688,,,,1,5816,,,,14,19739,,,,23,25908,,,,11,30203,,,,17,7417,,,,,,,,,,,,,,,,,,,,,,,,,,,,,,,,,
173713,11-Jun-18,15:26:42,2018-06-11 15:26:42,G,2,146,1573,1051,0,7,-62.4988,-60.7009,29:06.7,FastGPS,-62.4988,-60.7009,,,4.5,-1.3,,,,15,31,4374,,,,17,32645,,,,18,24374,,,,19,4830,,,,22,17826,,,,3,20881,,,,14,30966,,,,,,,,,,,,,,,,,,,,,,,,,,,,,,,,,,,,,,,,,,,
173713,11-Jun-18,15:57:13,2018-06-11 15:57:13,G,3,146,1574,1051,0,5,-62.495,-60.74,6/12/2018 13:23,R,-62.4988,-60.7004,,1,0.9,-1.3,,,,15,31,8954,,,,3,19802,,,,22,10318,,,,4,29769,,,,14,3111,,,,,,,,,,,,,,,,,,,,,,,,,,,,,,,,,,,,,,,,,,,,,,,,,,,,,
173713,11-Jun-18,16:27:31,2018-06-11 16:27:31,G,5,146,1575,1051,0,6,-62.4987,-60.7006,29:55.7,FastGPS,-62.4987,-60.7006,,,7.9,-1.3,,,,15,3,29167,,,,31,15965,,,,6,4018,,,,23,2862,,,,22,20946,,,,19,29988,,,,,,,,,,,,,,,,,,,,,,,,,,,,,,,,,,,,,,,,,,,,,,,,
173713,11-Jun-18,17:00:34,2018-06-11 17:00:34,G,4,146,1576,1051,0,6,-62.4992,-60.7009,02:58.7,FastGPS,-62.4992,-60.7009,,,1.7,-1.3,,,,15,31,11587,,,,4,1868,,,,26,30807,,,,3,32665,,,,22,1524,,,,9,552,,,,,,,,,,,,,,,,,,,,,,,,,,,,,,,,,,,,,,,,,,,,,,,,
173713,11-Jun-18,17:35:47,2018-06-11 17:35:47,G,2,146,1577,1051,0,8,-62.4986,-60.7009,38:12.7,FastGPS,-62.4986,-60.7009,,,6.2,-0.3,,,,15,23,18729,,,,9,16407,,,,26,19441,,,,16,23938,,,,6,22863,,,,4,27218,,,,3,19175,,,,22,14946,,,,,,,,,,,,,,,,,,,,,,,,,,,,,,,,,,,,,,
173713,11-Jun-18,18:11:14,2018-06-11 18:11:14,G,1,146,1578,1051,0,6,-62.4988,-60.7008,13:39.7,FastGPS,-62.4988,-60.7008,,1,2.3,-0.3,,,,15,9,7652,,,,23,12337,,,,4,12104,,,,16,31093,,,,26,588,,,,7,27394,,,,,,,,,,,,,,,,,,,,,,,,,,,,,,,,,,,,,,,,,,,,,,,,
173713,11-Jun-18,18:43:20,2018-06-11 18:43:20,G,4,146,1579,1051,0,7,-62.498,-60.7002,45:45.7,FastGPS,-62.498,-60.7002,,,9.4,-0.3,,,,15,9,27547,,,,23,20596,,,,7,15642,,,,16,26785,,,,29,19585,,,,5,25850,,,,6,1458,,,,,,,,,,,,,,,,,,,,,,,,,,,,,,,,,,,,,,,,,,,
173713,11-Jun-18,19:13:00,2018-06-11 19:13:00,G,2,146,1580,1051,0,5,-62.4981,-60.6996,15:25.8,FastGPS,-62.4981,-60.6996,,,3.7,-0.2,,,,15,9,23296,,,,5,4404,,,,7,7142,,,,23,27738,,,,16,19505,,,,,,,,,,,,,,,,,,,,,,,,,,,,,,,,,,,,,,,,,,,,,,,,,,,,,
173713,11-Jun-18,19:43:00,2018-06-11 19:43:00,G,2,146,1581,1051,0,5,-62.4992,-60.7022,45:24.6,FastGPS,-62.4992,-60.7022,,,2,-1.4,,,,15,7,8552,,,,9,1009,,,,30,836,,,,27,9128,,,,23,2935,,,,,,,,,,,,,,,,,,,,,,,,,,,,,,,,,,,,,,,,,,,,,,,,,,,,,
173713,11-Jun-18,23:04:24,2018-06-11 23:04:24,G,1,146,1584,1053,0,6,-62.4525,-60.7752,06:48.2,FastGPS,-62.4525,-60.7752,,,5.4,-1.7,,,,15,15,18223,,,,13,13956,,,,30,27530,,,,17,4658,,,,28,19757,,,,20,13003,,,,,,,,,,,,,,,,,,,,,,,,,,,,,,,,,,,,,,,,,,,,,,,,
173713,11-Jun-18,23:36:23,2018-06-11 23:36:23,G,2,146,1585,1053,0,8,-62.4582,-60.7834,38:47.7,FastGPS,-62.4582,-60.7834,,,8.4,-1.3,,,,15,15,1114,,,,28,28859,,,,17,12994,,,,13,3742,,,,24,2467,,,,30,14084,,,,19,13338,,,,20,24723,,,,,,,,,,,,,,,,,,,,,,,,,,,,,,,,,,,,,,
173713,12-Jun-18,0:09:14,2018-06-12 00:09:14,G,2,146,1586,,0,9,-62.461,-60.7734,11:38.2,FastGPS,-62.461,-60.7734,,,12.2,-1.8,,,,15,17,3021,,,,10,20216,,,,28,26045,,,,24,21311,,,,15,6755,,,,19,19473,,,,11,15657,,,,1,4259,,,,30,25224,,,,,,,,,,,,,,,,,,,,,,,,,,,,,,,,,
173713,12-Jun-18,0:44:13,2018-06-12 00:44:13,G,2,146,1587,,0,9,-62.4699,-60.7623,46:37.2,FastGPS,-62.4699,-60.7623,,,13,-1.8,,,,15,17,31381,,,,15,6645,,,,19,24786,,,,18,27567,,,,24,3383,,,,32,12616,,,,10,6338,,,,28,25514,,,,11,30437,,,,,,,,,,,,,,,,,,,,,,,,,,,,,,,,,
173713,12-Jun-18,1:17:58,2018-06-12 01:17:58,G,2,146,1588,1053,0,7,-62.4709,-60.763,20:22.2,FastGPS,-62.4709,-60.763,,,5.8,-1.8,,,,15,17,13991,,,,15,20745,,,,19,5036,,,,24,27910,,,,32,15562,,,,1,7516,,,,12,4481,,,,,,,,,,,,,,,,,,,,,,,,,,,,,,,,,,,,,,,,,,,
173713,12-Jun-18,1:51:28,2018-06-12 01:51:28,G,1,146,1589,1053,0,7,-62.4708,-60.7628,53:53.2,FastGPS,-62.4708,-60.7628,,,11.1,-0.8,,,,15,17,12935,,,,19,14346,,,,15,24735,,,,12,32664,,,,24,17942,,,,32,27198,,,,6,12109,,,,,,,,,,,,,,,,,,,,,,,,,,,,,,,,,,,,,,,,,,,
173713,12-Jun-18,2:23:32,2018-06-12 02:23:32,G,2,146,1590,1053,0,7,-62.4833,-60.7602,25:57.7,FastGPS,-62.4833,-60.7602,,,12.9,-0.3,,,,15,12,26983,,,,17,29635,,,,24,25266,,,,6,12867,,,,19,7107,,,,32,20590,,,,22,10480,,,,,,,,,,,,,,,,,,,,,,,,,,,,,,,,,,,,,,,,,,,
173713,12-Jun-18,2:54:30,2018-06-12 02:54:30,G,1,146,1591,1053,0,6,-62.4837,-60.7596,56:54.2,FastGPS,-62.4837,-60.7596,,,8.2,-1.8,,,,15,12,4048,,,,19,11171,,,,6,23738,,,,17,1892,,,,24,10787,,,,2,17661,,,,,,,,,,,,,,,,,,,,,,,,,,,,,,,,,,,,,,,,,,,,,,,,
173713,12-Jun-18,3:26:22,2018-06-12 03:26:22,G,1,146,1592,1053,0,8,-62.4839,-60.757,28:47.7,FastGPS,-62.4839,-60.757,,,23.2,-0.3,,,,15,12,21369,,,,29,11216,,,,6,31983,,,,2,4379,,,,24,3326,,,,19,24312,,,,25,7978,,,,17,27207,,,,,,,,,,,,,,,,,,,,,,,,,,,,,,,,,,,,,,
173713,12-Jun-18,4:29:00,2018-06-12 04:29:00,G,1,146,1594,1053,0,8,-62.4841,-60.7575,31:25.3,FastGPS,-62.4841,-60.7575,,,11.4,-0.7,,,,15,29,13987,,,,12,6479,,,,2,5491,,,,25,15480,,,,6,24824,,,,14,13853,,,,32,6356,,,,31,15317,,,,,,,,,,,,,,,,,,,,,,,,,,,,,,,,,,,,,,
173713,12-Jun-18,5:02:47,2018-06-12 05:02:47,G,4,146,1595,1053,0,8,-62.4841,-60.7558,05:12.2,FastGPS,-62.4841,-60.7558,,,17,-0.8,,,,15,29,948,,,,31,18088,,,,25,22856,,,,23,23075,,,,12,4008,,,,6,13653,,,,4,4302,,,,2,31961,,,,,,,,,,,,,,,,,,,,,,,,,,,,,,,,,,,,,,
173713,12-Jun-18,5:36:36,2018-06-12 05:36:36,G,1,146,1596,1053,0,8,-62.4843,-60.7554,39:01.7,FastGPS,-62.4843,-60.7554,,,9.5,-0.3,,,,15,29,5136,,,,5,10304,,,,31,17348,,,,25,5304,,,,12,30725,,,,2,20082,,,,4,6991,,,,26,1850,,,,,,,,,,,,,,,,,,,,,,,,,,,,,,,,,,,,,,
173713,12-Jun-18,6:53:12,2018-06-12 06:53:12,G,2,146,1598,1054,0,5,-62.4868,-60.7573,55:35.8,FastGPS,-62.4868,-60.7573,,,10.9,-2.2,,,,15,29,12495,,,,5,1278,,,,25,21109,,,,26,32641,,,,4,5994,,,,,,,,,,,,,,,,,,,,,,,,,,,,,,,,,,,,,,,,,,,,,,,,,,,,,
173713,12-Jun-18,7:23:01,2018-06-12 07:23:01,G,2,146,1599,1054,0,7,-62.485,-60.7537,25:25.7,FastGPS,-62.485,-60.7537,,,9.2,-1.3,,,,15,5,31568,,,,29,32317,,,,21,10269,,,,31,16889,,,,4,25940,,,,26,15765,,,,16,27955,,,,,,,,,,,,,,,,,,,,,,,,,,,,,,,,,,,,,,,,,,,
173713,12-Jun-18,7:55:31,2018-06-12 07:55:31,G,1,146,1600,1054,0,8,-62.4851,-60.7555,57:55.7,FastGPS,-62.4851,-60.7555,,1,10.9,-1.3,,,,15,29,28942,,,,16,11892,,,,5,27944,,,,21,11941,,,,20,25124,,,,7,3473,,,,26,29858,,,,4,11185,,,,,,,,,,,,,,,,,,,,,,,,,,,,,,,,,,,,,,
173713,12-Jun-18,8:46:05,2018-06-12 08:46:05,G,1,146,1601,,0,9,-62.4847,-60.755,48:29.3,FastGPS,-62.4847,-60.755,,,13.9,-1.7,,,,15,15,8488,,,,20,29373,,,,21,30148,,,,16,6890,,,,29,22104,,,,4,15389,,,,13,19139,,,,26,1715,,,,7,22737,,,,,,,,,,,,,,,,,,,,,,,,,,,,,,,,,
173713,12-Jun-18,9:32:45,2018-06-12 09:32:45,G,1,146,1602,1056,0,7,-62.485,-60.7548,35:10.7,FastGPS,-62.485,-60.7548,,,5.1,-0.3,,,,15,15,23136,,,,21,23529,,,,20,2755,,,,13,23910,,,,27,27623,,,,10,19010,,,,7,17873,,,,,,,,,,,,,,,,,,,,,,,,,,,,,,,,,,,,,,,,,,,
173713,12-Jun-18,10:51:47,2018-06-12 10:51:47,G,1,146,1604,1057,0,6,-62.4905,-60.7402,54:11.7,FastGPS,-62.4905,-60.7402,,,12.4,-1.3,,,,15,10,23287,,,,20,19581,,,,15,29359,,,,27,15413,,,,21,4657,,,,8,12683,,,,,,,,,,,,,,,,,,,,,,,,,,,,,,,,,,,,,,,,,,,,,,,,
173713,12-Jun-18,11:37:11,2018-06-12 11:37:11,G,1,146,1605,,0,9,-62.4903,-60.7383,39:35.7,FastGPS,-62.4903,-60.7383,,,6,-1.3,,,,15,15,18101,,,,10,29220,,,,11,30015,,,,18,26964,,,,1,17405,,,,20,4676,,,,24,2516,,,,27,14667,,,,8,23190,,,,,,,,,,,,,,,,,,,,,,,,,,,,,,,,,
173713,12-Jun-18,12:10:02,2018-06-12 12:10:02,G,1,146,1606,1058,0,6,-62.4904,-60.7389,12:27.7,FastGPS,-62.4904,-60.7389,,,4.6,-0.3,,,,15,32,9279,,,,8,11442,,,,10,992,,,,27,19509,,,,14,22584,,,,18,24345,,,,,,,,,,,,,,,,,,,,,,,,,,,,,,,,,,,,,,,,,,,,,,,,
173713,12-Jun-18,12:40:53,2018-06-12 12:40:53,G,1,146,1607,,0,9,-62.4901,-60.7379,43:18.7,FastGPS,-62.4901,-60.7379,,,5.4,-0.3,,,,15,32,26571,,,,10,26612,,,,18,3510,,,,22,26198,,,,14,16476,,,,11,12153,,,,1,3101,,,,8,8285,,,,3,30283,,,,,,,,,,,,,,,,,,,,,,,,,,,,,,,,,
173713,12-Jun-18,14:34:43,2018-06-12 14:34:43,G,1,146,1608,,0,9,-62.49,-60.7376,37:08.7,FastGPS,-62.49,-60.7376,,,7.1,-0.3,,,,15,1,12426,,,,22,13535,,,,3,3920,,,,11,23578,,,,18,3375,,,,12,29371,,,,17,26042,,,,14,31079,,,,23,28529,,,,,,,,,,,,,,,,,,,,,,,,,,,,,,,,,
173713,12-Jun-18,16:37:01,2018-06-12 16:37:01,G,1,146,1612,1063,0,5,-62.4907,-60.7353,39:25.8,FastGPS,-62.4907,-60.7353,,,4.4,-1.2,,,,15,23,23843,,,,3,1103,,,,6,27828,,,,31,17474,,,,22,832,,,,,,,,,,,,,,,,,,,,,,,,,,,,,,,,,,,,,,,,,,,,,,,,,,,,,
173713,12-Jun-18,20:15:20,2018-06-12 20:15:20,G,1,146,1617,1067,0,6,-62.4916,-60.7304,17:44.7,FastGPS,-62.4916,-60.7304,,,6.6,-1.3,,,,15,5,3304,,,,7,27401,,,,9,23297,,,,30,20036,,,,13,31239,,,,8,7129,,,,,,,,,,,,,,,,,,,,,,,,,,,,,,,,,,,,,,,,,,,,,,,,
173713,12-Jun-18,20:46:11,2018-06-12 20:46:11,G,2,146,1618,1067,0,7,-62.487,-60.7073,48:35.7,FastGPS,-62.487,-60.7073,,,10,-1.3,,,,15,5,29838,,,,30,4819,,,,8,20475,,,,7,18447,,,,27,2845,,,,13,29323,,,,9,29145,,,,,,,,,,,,,,,,,,,,,,,,,,,,,,,,,,,,,,,,,,,
173713,12-Jun-18,21:16:36,2018-06-12 21:16:36,G,2,146,1619,1067,0,6,-62.4929,-60.6794,19:00.2,FastGPS,-62.4929,-60.6794,,,4.5,-1.8,,,,15,5,7130,,,,7,2439,,,,30,11477,,,,13,4022,,,,28,14298,,,,8,29194,,,,,,,,,,,,,,,,,,,,,,,,,,,,,,,,,,,,,,,,,,,,,,,,
173713,12-Jun-18,21:46:01,2018-06-12 21:46:01,G,2,146,1620,1067,0,8,-62.4864,-60.6103,48:25.3,FastGPS,-62.4864,-60.6103,,,13,-1.7,,,,15,13,30071,,,,7,10111,,,,30,29002,,,,15,12944,,,,5,29558,,,,8,9882,,,,28,18408,,,,27,28233,,,,,,,,,,,,,,,,,,,,,,,,,,,,,,,,,,,,,,
173713,12-Jun-18,22:16:04,2018-06-12 22:16:04,G,2,146,1621,1067,0,7,-62.472,-60.5463,18:28.2,FastGPS,-62.472,-60.5463,,,2.3,-1.8,,,,15,15,28094,,,,7,18408,,,,13,12869,,,,30,1109,,,,28,8474,,,,8,31869,,,,11,12873,,,,,,,,,,,,,,,,,,,,,,,,,,,,,,,,,,,,,,,,,,,
173713,12-Jun-18,22:46:32,2018-06-12 22:46:32,G,1,146,1622,1067,0,7,-62.4638,-60.4958,48:56.8,FastGPS,-62.4638,-60.4958,,,15.7,-1.2,,,,15,7,30905,,,,13,5351,,,,15,2524,,,,28,655,,,,11,10650,,,,30,26065,,,,8,24708,,,,,,,,,,,,,,,,,,,,,,,,,,,,,,,,,,,,,,,,,,,
173713,13-Jun-18,1:17:18,2018-06-13 01:17:18,G,2,146,1626,1069,0,6,-62.3576,-60.3975,19:42.7,FastGPS,-62.3576,-60.3975,,,6.7,-1.3,,,,15,15,16740,,,,17,22271,,,,12,25857,,,,19,20970,,,,28,20691,,,,24,7173,,,,,,,,,,,,,,,,,,,,,,,,,,,,,,,,,,,,,,,,,,,,,,,,
173713,13-Jun-18,2:17:30,2018-06-13 02:17:30,G,2,146,1628,1069,0,7,-62.3234,-60.4128,19:54.7,FastGPS,-62.3234,-60.4128,,,15.4,-1.3,,,,15,17,25430,,,,12,11512,,,,24,18440,,,,32,5669,,,,22,29274,,,,3,939,,,,25,8543,,,,,,,,,,,,,,,,,,,,,,,,,,,,,,,,,,,,,,,,,,,
173713,13-Jun-18,3:18:01,2018-06-13 03:18:01,G,1,146,1629,1071,0,5,-62.3216,-60.3724,20:25.7,FastGPS,-62.3216,-60.3724,,,8,-1.3,,,,15,12,10915,,,,25,14315,,,,19,27447,,,,6,20080,,,,29,10475,,,,,,,,,,,,,,,,,,,,,,,,,,,,,,,,,,,,,,,,,,,,,,,,,,,,,
173713,13-Jun-18,5:03:08,2018-06-13 05:03:08,G,1,146,1632,1072,0,7,-62.3443,-60.3742,05:32.7,FastGPS,-62.3443,-60.3742,,,5.1,-1.3,,,,15,12,14171,,,,29,4257,,,,25,11801,,,,4,12773,,,,2,18593,,,,5,27068,,,,23,18993,,,,,,,,,,,,,,,,,,,,,,,,,,,,,,,,,,,,,,,,,,,
173713,13-Jun-18,5:33:23,2018-06-13 05:33:23,G,1,146,1633,1072,0,4,-62.363,-60.427,6/14/2018 2:53,N,-62.3388,-60.3709,,,0.1,-1.2,,,,15,31,22403,,,,29,13534,,,,25,11943,,,,4,15318,,,,,,,,,,,,,,,,,,,,,,,,,,,,,,,,,,,,,,,,,,,,,,,,,,,,,,,,,,
173713,13-Jun-18,6:03:06,2018-06-13 06:03:06,G,1,146,1634,1072,0,6,-62.335,-60.3597,05:30.7,FastGPS,-62.335,-60.3597,,1,0.9,-1.3,,,,15,31,30906,,,,29,31222,,,,4,5378,,,,5,728,,,,2,9237,,,,26,22589,,,,,,,,,,,,,,,,,,,,,,,,,,,,,,,,,,,,,,,,,,,,,,,,
173713,13-Jun-18,8:18:05,2018-06-13 08:18:05,G,1,146,1638,,0,9,-62.3158,-60.3327,20:29.7,FastGPS,-62.3158,-60.3327,,1,12.7,-1.3,,,,15,26,16522,,,,4,11713,,,,20,14436,,,,5,15408,,,,21,30727,,,,29,2543,,,,13,2102,,,,16,16135,,,,15,32227,,,,,,,,,,,,,,,,,,,,,,,,,,,,,,,,,
173713,13-Jun-18,9:33:10,2018-06-13 09:33:10,G,1,146,1640,1074,0,8,-62.3027,-60.336,35:34.2,FastGPS,-62.3027,-60.336,,,7.7,-1.8,,,,15,10,17291,,,,27,13860,,,,13,32537,,,,16,11773,,,,15,9325,,,,20,20046,,,,21,24043,,,,30,22841,,,,,,,,,,,,,,,,,,,,,,,,,,,,,,,,,,,,,,
173713,13-Jun-18,16:06:03,2018-06-13 16:06:03,G,1,146,1646,,0,9,-62.4253,-60.1762,08:27.3,FastGPS,-62.4253,-60.1762,,1,6,-1.7,,,,15,31,2187,,,,3,12879,,,,9,18703,,,,4,7706,,,,23,764,,,,14,2134,,,,22,504,,,,17,2622,,,,19,21029,,,,,,,,,,,,,,,,,,,,,,,,,,,,,,,,,
173713,13-Jun-18,17:41:15,2018-06-13 17:41:15,G,2,146,1648,1081,0,5,-62.4258,-60.1772,43:39.7,FastGPS,-62.4258,-60.1772,,,12.4,-1.3,,,,15,3,9931,,,,6,7496,,,,23,10357,,,,4,9073,,,,16,18950,,,,,,,,,,,,,,,,,,,,,,,,,,,,,,,,,,,,,,,,,,,,,,,,,,,,,
173713,13-Jun-18,18:27:52,2018-06-13 18:27:52,G,2,146,1649,1082,0,6,-62.4256,-60.1772,30:16.7,FastGPS,-62.4255,-60.1772,,,3.6,-1.3,,,,15,7,8478,,,,9,18982,,,,26,7737,,,,16,11370,,,,6,17415,,,,23,5829,,,,,,,,,,,,,,,,,,,,,,,,,,,,,,,,,,,,,,,,,,,,,,,,
173713,13-Jun-18,19:13:00,2018-06-13 19:13:00,G,2,146,1650,1083,0,5,-62.4257,-60.178,15:25.7,FastGPS,-62.4257,-60.178,,,1.5,-0.2,,,,15,7,12281,,,,9,27901,,,,23,14397,,,,16,30798,,,,27,3428,,,,,,,,,,,,,,,,,,,,,,,,,,,,,,,,,,,,,,,,,,,,,,,,,,,,,
173713,13-Jun-18,21:42:03,2018-06-13 21:42:03,G,1,146,1651,1085,0,6,-62.417,-60.2898,44:27.3,FastGPS,-62.417,-60.2898,,,4.1,-1.7,,,,15,7,21458,,,,30,7340,,,,5,6176,,,,8,21253,,,,28,29981,,,,27,5576,,,,,,,,,,,,,,,,,,,,,,,,,,,,,,,,,,,,,,,,,,,,,,,,
173713,13-Jun-18,23:01:07,2018-06-13 23:01:07,G,2,146,1653,,0,9,-62.4034,-60.3457,03:32.8,FastGPS,-62.4034,-60.3457,,,9.1,-0.2,,,,15,15,12240,,,,11,18419,,,,18,17702,,,,13,28254,,,,30,32305,,,,28,6213,,,,17,19932,,,,8,8742,,,,10,29377,,,,,,,,,,,,,,,,,,,,,,,,,,,,,,,,,
173713,14-Jun-18,1:35:12,2018-06-14 01:35:12,G,1,146,1656,1090,0,7,-62.363,-60.4541,37:36.3,FastGPS,-62.363,-60.4541,,,5.4,-1.7,,,,15,12,17745,,,,24,30191,,,,17,7295,,,,19,23232,,,,15,5133,,,,1,16051,,,,32,16178,,,,,,,,,,,,,,,,,,,,,,,,,,,,,,,,,,,,,,,,,,,
173713,14-Jun-18,5:55:22,2018-06-14 05:55:22,G,2,146,1662,1094,0,6,-62.4106,-60.5438,57:46.3,FastGPS,-62.4106,-60.5438,,1,0.8,-1.7,,,,15,5,2316,,,,29,8176,,,,2,2276,,,,25,11356,,,,4,6886,,,,21,23282,,,,,,,,,,,,,,,,,,,,,,,,,,,,,,,,,,,,,,,,,,,,,,,,
173713,14-Jun-18,6:25:24,2018-06-14 06:25:24,G,1,146,1663,1094,0,7,-62.4063,-60.5519,27:48.3,FastGPS,-62.4063,-60.5519,,1,12.4,-1.7,,,,15,5,14315,,,,29,27088,,,,31,23914,,,,25,28518,,,,2,28024,,,,21,16583,,,,4,3757,,,,,,,,,,,,,,,,,,,,,,,,,,,,,,,,,,,,,,,,,,,
173713,14-Jun-18,7:57:04,2018-06-14 07:57:04,G,1,146,1665,1096,0,7,-62.41,-60.5289,59:28.8,FastGPS,-62.41,-60.5289,,1,9.7,-1.2,,,,15,5,24651,,,,21,24468,,,,16,18722,,,,29,19661,,,,4,12952,,,,26,6166,,,,27,6268,,,,,,,,,,,,,,,,,,,,,,,,,,,,,,,,,,,,,,,,,,,
173713,14-Jun-18,12:02:57,2018-06-14 12:02:57,G,1,146,1666,,0,9,-62.5346,-60.6754,05:21.3,FastGPS,-62.5346,-60.6754,,,11,-1.7,,,,15,10,23579,,,,32,4760,,,,22,20912,,,,8,746,,,,20,14680,,,,24,26724,,,,14,20633,,,,11,25576,,,,18,19330,,,,,,,,,,,,,,,,,,,,,,,,,,,,,,,,,
173713,14-Jun-18,14:08:00,2018-06-14 14:08:00,G,1,146,1670,1096,1,7,-62.4963,-60.7073,10:24.2,FastGPS,-62.4963,-60.7073,,,5.5,-1.8,,,,15,3,17684,,,,31,29362,,,,1,208,,,,11,8640,,,,22,32270,,,,17,16961,,,,18,24310,,,,,,,,,,,,,,,,,,,,,,,,,,,,,,,,,,,,,,,,,,,
173713,15-Jun-18,19:58:45,2018-06-15 19:58:45,G,1,146,1671,1096,0,6,-62.4944,-60.7075,01:09.8,FastGPS,-62.4944,-60.7075,,,2.7,-1.2,,,,15,5,4892,,,,7,1896,,,,30,14286,,,,9,10454,,,,16,5173,,,,27,19672,,,,,,,,,,,,,,,,,,,,,,,,,,,,,,,,,,,,,,,,,,,,,,,,
173713,15-Jun-18,20:44:35,2018-06-15 20:44:35,G,1,146,1672,1097,0,8,-62.4813,-60.7399,47:00.8,FastGPS,-62.4813,-60.7399,,,6.6,-0.2,,,,15,7,30891,,,,5,20338,,,,30,16347,,,,9,17231,,,,13,8595,,,,8,22869,,,,28,21851,,,,27,10573,,,,,,,,,,,,,,,,,,,,,,,,,,,,,,,,,,,,,,
173713,15-Jun-18,21:16:19,2018-06-15 21:16:19,G,2,146,1673,1097,0,8,-62.4641,-60.7774,18:44.3,FastGPS,-62.4641,-60.7774,,,4.9,-0.7,,,,15,7,20177,,,,5,775,,,,30,29361,,,,15,17310,,,,8,6895,,,,13,32522,,,,27,7154,,,,28,27484,,,,,,,,,,,,,,,,,,,,,,,,,,,,,,,,,,,,,,
173713,15-Jun-18,21:46:04,2018-06-15 21:46:04,G,2,146,1674,1097,0,7,-62.4602,-60.8122,48:29.8,FastGPS,-62.4602,-60.8122,,,6,-0.2,,,,15,15,23411,,,,5,12743,,,,13,16498,,,,28,21098,,,,30,1801,,,,20,29738,,,,21,24556,,,,,,,,,,,,,,,,,,,,,,,,,,,,,,,,,,,,,,,,,,,
173713,15-Jun-18,22:17:51,2018-06-15 22:17:51,G,1,146,1675,1097,0,8,-62.4597,-60.8151,20:16.8,FastGPS,-62.4597,-60.8151,,,6.2,-0.2,,,,15,8,13881,,,,30,32190,,,,13,27257,,,,7,25159,,,,15,12477,,,,28,5158,,,,5,23769,,,,11,22990,,,,,,,,,,,,,,,,,,,,,,,,,,,,,,,,,,,,,,
173713,16-Jun-18,0:31:52,2018-06-16 00:31:52,G,1,146,1678,,0,9,-62.437,-60.9209,34:16.3,FastGPS,-62.437,-60.9209,,,5.9,-1.7,,,,15,15,31760,,,,24,16349,,,,12,21717,,,,28,9764,,,,17,6846,,,,19,6583,,,,18,23366,,,,1,27267,,,,11,22521,,,,,,,,,,,,,,,,,,,,,,,,,,,,,,,,,
173713,16-Jun-18,1:17:23,2018-06-16 01:17:23,G,1,146,1679,1100,0,6,-62.4272,-60.9188,19:47.3,FastGPS,-62.4272,-60.9188,,,3.6,-1.7,,,,15,17,19750,,,,12,19532,,,,15,12830,,,,19,13867,,,,6,9333,,,,24,28122,,,,,,,,,,,,,,,,,,,,,,,,,,,,,,,,,,,,,,,,,,,,,,,,
173713,16-Jun-18,2:17:00,2018-06-16 02:17:00,G,3,146,1680,1102,0,8,-62.415,-60.9448,19:24.8,FastGPS,-62.415,-60.9448,,,8.6,-1.2,,,,15,6,22997,,,,19,5909,,,,17,4482,,,,12,27125,,,,24,19031,,,,32,6296,,,,25,20873,,,,14,16388,,,,,,,,,,,,,,,,,,,,,,,,,,,,,,,,,,,,,,
173713,16-Jun-18,2:47:46,2018-06-16 02:47:46,G,2,146,1681,,0,9,-62.4114,-60.9671,50:10.3,FastGPS,-62.4114,-60.9671,,,23.3,-1.7,,,,15,12,6784,,,,25,21124,,,,32,32071,,,,17,16947,,,,19,13880,,,,14,19745,,,,22,16794,,,,2,25424,,,,6,1136,,,,,,,,,,,,,,,,,,,,,,,,,,,,,,,,,
173713,16-Jun-18,3:18:23,2018-06-16 03:18:23,G,3,146,1682,,0,9,-62.4249,-60.9705,20:47.3,FastGPS,-62.4249,-60.9705,,,6.9,-1.7,,,,15,12,5822,,,,25,22381,,,,17,5536,,,,14,28256,,,,6,19672,,,,2,23736,,,,31,17976,,,,32,4035,,,,29,10024,,,,,,,,,,,,,,,,,,,,,,,,,,,,,,,,,
173713,16-Jun-18,3:48:36,2018-06-16 03:48:36,G,3,146,1683,,0,9,-62.4438,-60.964,51:01.3,FastGPS,-62.4438,-60.964,,,11.1,-0.7,,,,15,29,10726,,,,31,1812,,,,25,15670,,,,12,23503,,,,14,9330,,,,19,24002,,,,2,1994,,,,6,11343,,,,32,30202,,,,,,,,,,,,,,,,,,,,,,,,,,,,,,,,,
173713,16-Jun-18,4:20:03,2018-06-16 04:20:03,G,1,146,1684,1102,0,6,-62.4633,-60.9213,22:27.8,FastGPS,-62.4633,-60.9213,,,8.6,-1.2,,,,15,31,21042,,,,29,28880,,,,25,7073,,,,2,27910,,,,6,21300,,,,12,3921,,,,,,,,,,,,,,,,,,,,,,,,,,,,,,,,,,,,,,,,,,,,,,,,
173713,16-Jun-18,4:52:25,2018-06-16 04:52:25,G,2,146,1685,1102,0,8,-62.4847,-60.8708,54:49.3,FastGPS,-62.4847,-60.8708,,,21.1,-1.7,,,,15,31,16048,,,,29,9705,,,,5,30974,,,,4,22964,,,,25,10478,,,,12,5438,,,,2,16121,,,,23,23453,,,,,,,,,,,,,,,,,,,,,,,,,,,,,,,,,,,,,,
173713,16-Jun-18,6:24:00,2018-06-16 06:24:00,G,2,146,1686,1106,0,8,-62.4836,-60.8183,26:24.8,FastGPS,-62.4836,-60.8183,,1,9.9,-1.2,,,,15,5,13863,,,,31,28188,,,,26,24342,,,,29,14644,,,,4,9659,,,,21,13487,,,,2,23706,,,,16,27402,,,,,,,,,,,,,,,,,,,,,,,,,,,,,,,,,,,,,,
173713,16-Jun-18,6:59:07,2018-06-16 06:59:07,G,2,146,1687,1106,0,6,-62.4823,-60.8233,01:31.3,FastGPS,-62.4823,-60.8233,,,11.8,-1.7,,,,15,21,16459,,,,4,336,,,,5,11362,,,,26,15881,,,,29,21692,,,,16,6617,,,,,,,,,,,,,,,,,,,,,,,,,,,,,,,,,,,,,,,,,,,,,,,,
173713,16-Jun-18,7:29:00,2018-06-16 07:29:00,G,2,146,1688,1106,0,8,-62.4847,-60.8248,31:25.8,FastGPS,-62.4847,-60.8248,,,10,-0.2,,,,15,5,11438,,,,26,31617,,,,16,14115,,,,21,8435,,,,4,21428,,,,27,13150,,,,29,20666,,,,7,27874,,,,,,,,,,,,,,,,,,,,,,,,,,,,,,,,,,,,,,
173713,16-Jun-18,8:29:38,2018-06-16 08:29:38,G,1,146,1689,,0,9,-62.4851,-60.8265,32:03.8,FastGPS,-62.4851,-60.8265,,1,6.8,-0.2,,,,15,21,17512,,,,20,5448,,,,4,3330,,,,10,16907,,,,27,7347,,,,16,27140,,,,8,19904,,,,7,10063,,,,26,22265,,,,,,,,,,,,,,,,,,,,,,,,,,,,,,,,,
173713,16-Jun-18,9:50:34,2018-06-16 09:50:34,G,2,146,1690,1111,0,7,-62.4854,-60.8216,52:58.8,FastGPS,-62.4854,-60.8216,,,7.3,-1.1,,,,15,27,26878,,,,15,438,,,,10,26644,,,,8,14174,,,,21,27232,,,,20,6039,,,,16,8049,,,,,,,,,,,,,,,,,,,,,,,,,,,,,,,,,,,,,,,,,,,
173713,16-Jun-18,10:24:01,2018-06-16 10:24:01,G,1,146,1691,1111,0,6,-62.4838,-60.8212,26:25.8,FastGPS,-62.4838,-60.8212,,,8.9,-1.2,,,,15,27,32528,,,,10,12876,,,,8,26010,,,,20,21705,,,,32,8344,,,,15,19250,,,,,,,,,,,,,,,,,,,,,,,,,,,,,,,,,,,,,,,,,,,,,,,,
173713,16-Jun-18,12:19:11,2018-06-16 12:19:11,G,2,146,1693,,0,9,-62.4775,-60.8041,21:35.8,FastGPS,-62.4775,-60.8041,,,10.3,-1.2,,,,15,11,15588,,,,18,7159,,,,1,28507,,,,10,22075,,,,32,29959,,,,20,29623,,,,22,11496,,,,8,3731,,,,14,6742,,,,,,,,,,,,,,,,,,,,,,,,,,,,,,,,,
173713,16-Jun-18,13:06:41,2018-06-16 13:06:41,G,1,146,1694,,0,9,-62.4702,-60.7987,09:05.8,FastGPS,-62.4702,-60.7987,,,14.7,-1.2,,,,15,17,9483,,,,22,2380,,,,1,25750,,,,3,6337,,,,28,17324,,,,11,11863,,,,18,32654,,,,10,4081,,,,32,9424,,,,,,,,,,,,,,,,,,,,,,,,,,,,,,,,,
173713,16-Jun-18,16:12:10,2018-06-16 16:12:10,G,1,146,1697,,0,9,-62.4699,-60.7987,14:34.3,FastGPS,-62.4699,-60.7987,,1,9.9,-1.6,,,,15,6,8432,,,,31,31450,,,,23,5337,,,,3,14079,,,,25,27546,,,,22,30049,,,,26,11047,,,,4,985,,,,9,2707,,,,,,,,,,,,,,,,,,,,,,,,,,,,,,,,,
173713,16-Jun-18,18:45:00,2018-06-16 18:45:00,G,2,146,1701,1123,0,7,-62.4797,-60.8067,47:24.4,FastGPS,-62.4797,-60.8067,,,7.8,-1.6,,,,15,7,6369,,,,30,18864,,,,5,29377,,,,2,18086,,,,9,20854,,,,29,32113,,,,23,15472,,,,,,,,,,,,,,,,,,,,,,,,,,,,,,,,,,,,,,,,,,,
173713,16-Jun-18,19:17:08,2018-06-16 19:17:08,G,2,146,1702,1123,0,6,-62.4794,-60.806,19:32.3,FastGPS,-62.4794,-60.806,,,3.9,-1.7,,,,15,5,17734,,,,7,28431,,,,9,7835,,,,23,23685,,,,16,21404,,,,30,6998,,,,,,,,,,,,,,,,,,,,,,,,,,,,,,,,,,,,,,,,,,,,,,,,
173713,16-Jun-18,20:58:09,2018-06-16 20:58:09,G,2,146,1703,1127,0,7,-62.4718,-60.8248,00:34.4,FastGPS,-62.4718,-60.8248,,,6,-0.6,,,,15,7,5533,,,,5,10301,,,,30,9479,,,,27,28055,,,,28,1790,,,,8,21946,,,,13,28278,,,,,,,,,,,,,,,,,,,,,,,,,,,,,,,,,,,,,,,,,,,
173713,16-Jun-18,21:58:07,2018-06-16 21:58:07,G,2,146,1705,1127,0,7,-62.4386,-60.8853,00:32.4,FastGPS,-62.4386,-60.8853,,,3.2,-0.6,,,,15,7,1767,,,,30,15905,,,,5,31879,,,,13,23487,,,,28,15899,,,,8,9939,,,,15,1485,,,,,,,,,,,,,,,,,,,,,,,,,,,,,,,,,,,,,,,,,,,
173713,16-Jun-18,22:29:09,2018-06-16 22:29:09,G,3,146,1706,1127,0,7,-62.4467,-60.8999,31:34.4,FastGPS,-62.4467,-60.8999,,,12.4,-0.6,,,,15,15,4900,,,,28,3473,,,,30,32692,,,,13,10520,,,,20,6768,,,,24,28978,,,,7,4393,,,,,,,,,,,,,,,,,,,,,,,,,,,,,,,,,,,,,,,,,,,
173713,16-Jun-18,22:59:58,2018-06-16 22:59:58,G,1,146,1707,1127,0,8,-62.4443,-60.9476,02:22.3,FastGPS,-62.4443,-60.9476,,,11.4,-1.7,,,,15,15,14662,,,,13,29844,,,,18,26425,,,,24,25187,,,,8,19644,,,,11,15442,,,,10,15495,,,,20,20405,,,,,,,,,,,,,,,,,,,,,,,,,,,,,,,,,,,,,,
173713,17-Jun-18,0:01:18,2018-06-17 00:01:18,G,1,146,1708,,0,9,-62.4575,-60.9681,03:42.8,FastGPS,-62.4575,-60.9681,,,10.5,-1.2,,,,15,15,23997,,,,13,10960,,,,17,12251,,,,24,2621,,,,18,12890,,,,11,2604,,,,19,7120,,,,1,29540,,,,12,26755,,,,,,,,,,,,,,,,,,,,,,,,,,,,,,,,,
173713,17-Jun-18,0:31:11,2018-06-17 00:31:11,G,1,146,1709,1129,0,7,-62.4644,-60.9921,33:35.3,FastGPS,-62.4644,-60.9921,,,3.9,-1.7,,,,15,12,15714,,,,17,22015,,,,24,2931,,,,15,306,,,,28,5535,,,,19,27452,,,,1,6492,,,,,,,,,,,,,,,,,,,,,,,,,,,,,,,,,,,,,,,,,,,
173713,17-Jun-18,1:46:05,2018-06-17 01:46:05,G,2,146,1711,,0,9,-62.4848,-61.0195,48:29.3,FastGPS,-62.4848,-61.0195,,,8.3,-1.7,,,,15,12,4988,,,,24,312,,,,17,31433,,,,32,18176,,,,22,8736,,,,19,4712,,,,3,18133,,,,14,31474,,,,25,5103,,,,,,,,,,,,,,,,,,,,,,,,,,,,,,,,,
173713,17-Jun-18,2:16:35,2018-06-17 02:16:35,G,1,146,1712,,0,9,-62.4899,-61.0271,18:59.8,FastGPS,-62.4899,-61.0271,,,4.5,-1.2,,,,15,12,13177,,,,32,20158,,,,19,12299,,,,25,16587,,,,24,22614,,,,3,6287,,,,6,12590,,,,17,2681,,,,22,7083,,,,,,,,,,,,,,,,,,,,,,,,,,,,,,,,,
173713,17-Jun-18,2:46:03,2018-06-17 02:46:03,G,2,146,1713,,0,9,-62.4877,-61.0218,48:27.3,FastGPS,-62.4877,-61.0218,,,26.9,-1.7,,,,15,17,12591,,,,19,14141,,,,12,14431,,,,6,10615,,,,32,3065,,,,24,5938,,,,3,12650,,,,25,3788,,,,2,9224,,,,,,,,,,,,,,,,,,,,,,,,,,,,,,,,,
173713,17-Jun-18,4:03:06,2018-06-17 04:03:06,G,1,146,1715,,0,9,-62.4992,-61.0345,05:30.9,FastGPS,-62.4992,-61.0345,,1,7.2,-1.1,,,,15,31,32010,,,,29,24336,,,,12,16469,,,,6,3943,,,,14,29233,,,,25,9350,,,,4,16743,,,,2,31125,,,,32,27377,,,,,,,,,,,,,,,,,,,,,,,,,,,,,,,,,
173713,17-Jun-18,5:51:01,2018-06-17 05:51:01,G,1,146,1717,1134,0,7,-62.5209,-61.049,53:25.8,FastGPS,-62.5209,-61.049,,1,2.5,-1.2,,,,15,29,31147,,,,5,6336,,,,2,23833,,,,31,22409,,,,4,19137,,,,25,5218,,,,26,8265,,,,,,,,,,,,,,,,,,,,,,,,,,,,,,,,,,,,,,,,,,,
173713,17-Jun-18,6:21:10,2018-06-17 06:21:10,G,3,146,1718,,0,9,-62.5346,-61.0273,23:34.9,FastGPS,-62.5346,-61.0273,,2,5.6,-1.1,,,,15,26,28203,,,,16,1523,,,,5,14069,,,,4,12005,,,,29,12891,,,,31,24307,,,,2,17671,,,,9,10106,,,,15,30731,,,,,,,,,,,,,,,,,,,,,,,,,,,,,,,,,
173713,17-Jun-18,6:51:13,2018-06-17 06:51:13,G,1,146,1719,1134,0,6,-62.5231,-61.0444,53:37.4,FastGPS,-62.5231,-61.0444,,,20.6,-1.6,,,,15,5,31896,,,,29,14593,,,,16,11789,,,,26,31177,,,,31,22881,,,,4,18965,,,,,,,,,,,,,,,,,,,,,,,,,,,,,,,,,,,,,,,,,,,,,,,,
173713,17-Jun-18,7:21:57,2018-06-17 07:21:57,G,1,146,1720,1134,0,5,-62.5202,-61.1025,24:21.8,FastGPS,-62.5202,-61.1025,,,3.2,-1.2,,,,15,29,5703,,,,5,27003,,,,21,9371,,,,26,11256,,,,16,17601,,,,,,,,,,,,,,,,,,,,,,,,,,,,,,,,,,,,,,,,,,,,,,,,,,,,,
173713,17-Jun-18,8:24:43,2018-06-17 08:24:43,G,1,146,1722,,0,9,-62.5258,-61.1267,27:07.8,FastGPS,-62.5258,-61.1267,,,6.7,-1.2,,,,15,15,12070,,,,21,6399,,,,16,17587,,,,13,24866,,,,29,479,,,,27,27312,,,,10,1402,,,,26,14512,,,,20,20893,,,,,,,,,,,,,,,,,,,,,,,,,,,,,,,,,
173713,17-Jun-18,10:26:47,2018-06-17 10:26:47,G,1,146,1724,1135,0,7,-62.5767,-61.0802,29:11.4,FastGPS,-62.5767,-61.0802,,,5.1,-1.6,,,,15,10,4790,,,,20,28976,,,,8,25634,,,,15,24723,,,,27,8392,,,,18,8880,,,,21,11490,,,,,,,,,,,,,,,,,,,,,,,,,,,,,,,,,,,,,,,,,,,
173713,17-Jun-18,12:09:58,2018-06-17 12:09:58,G,1,146,1725,1135,0,7,-62.6083,-61.0065,12:22.9,FastGPS,-62.6083,-61.0065,,,10.9,-1.1,,,,15,32,2115,,,,10,19784,,,,18,13917,,,,28,16141,,,,11,22320,,,,1,25834,,,,22,2154,,,,,,,,,,,,,,,,,,,,,,,,,,,,,,,,,,,,,,,,,,,
173713,17-Jun-18,13:31:48,2018-06-17 13:31:48,G,1,146,1727,,0,9,-62.5912,-60.948,34:12.9,FastGPS,-62.5912,-60.948,,,6.9,-1.1,,,,15,17,8820,,,,32,31421,,,,1,160,,,,3,32359,,,,11,21505,,,,31,26695,,,,18,6867,,,,14,29273,,,,22,22330,,,,,,,,,,,,,,,,,,,,,,,,,,,,,,,,,
173713,17-Jun-18,14:02:02,2018-06-17 14:02:02,G,2,146,1728,,0,9,-62.5868,-60.9143,04:26.4,FastGPS,-62.5868,-60.9143,,,8.6,-1.6,,,,15,17,10809,,,,22,25027,,,,12,31635,,,,32,30545,,,,31,4907,,,,18,25780,,,,1,14279,,,,3,23143,,,,14,3382,,,,,,,,,,,,,,,,,,,,,,,,,,,,,,,,,
173713,17-Jun-18,14:47:00,2018-06-17 14:47:00,G,1,146,1729,,0,9,-62.5762,-60.8926,49:24.4,FastGPS,-62.5762,-60.8926,,,22.9,-1.6,,,,15,17,3515,,,,31,17339,,,,14,17849,,,,3,8034,,,,12,20268,,,,19,1760,,,,32,4804,,,,22,8870,,,,25,504,,,,,,,,,,,,,,,,,,,,,,,,,,,,,,,,,
173713,17-Jun-18,15:17:52,2018-06-17 15:17:52,G,2,146,1730,1136,0,8,-62.5758,-60.8663,20:16.8,FastGPS,-62.5758,-60.8663,,,12.2,-1.2,,,,15,31,1569,,,,6,10237,,,,22,7518,,,,3,14620,,,,19,21157,,,,25,32677,,,,12,6014,,,,23,15044,,,,,,,,,,,,,,,,,,,,,,,,,,,,,,,,,,,,,,
173713,17-Jun-18,15:51:54,2018-06-17 15:51:54,G,2,146,1731,1136,0,8,-62.5738,-60.8539,54:18.4,FastGPS,-62.5738,-60.8539,,,8.6,-1.6,,,,15,31,15775,,,,3,27746,,,,22,10086,,,,23,24417,,,,17,14341,,,,6,25686,,,,25,2251,,,,9,18002,,,,,,,,,,,,,,,,,,,,,,,,,,,,,,,,,,,,,,
173713,17-Jun-18,16:42:04,2018-06-17 16:42:04,G,3,146,1732,1137,0,5,-62.3973,-61.1138,03:52.5,FastGPS,-62.5753,-60.859,,1,0.2,-1.7,,,,15,26,6504,,,,31,16396,,,,4,5691,,,,9,14852,,,,2,30127,,,,,,,,,,,,,,,,,,,,,,,,,,,,,,,,,,,,,,,,,,,,,,,,,,,,,
173713,17-Jun-18,17:14:17,2018-06-17 17:14:17,G,2,146,1733,1137,0,4,-62.3973,-61.1138,03:52.5,FastGPS,-62.5776,-60.8625,,,1.2,-1.6,,,,15,9,27446,,,,23,18361,,,,2,2246,,,,6,21610,,,,,,,,,,,,,,,,,,,,,,,,,,,,,,,,,,,,,,,,,,,,,,,,,,,,,,,,,,
173713,17-Jun-18,18:15:06,2018-06-17 18:15:06,G,1,146,1734,,0,9,-62.5788,-60.865,17:30.4,FastGPS,-62.5788,-60.865,,,6.8,-1.6,,,,15,7,18779,,,,23,20492,,,,9,13530,,,,5,28021,,,,2,21013,,,,16,8344,,,,29,8999,,,,6,1129,,,,30,29542,,,,,,,,,,,,,,,,,,,,,,,,,,,,,,,,,
173713,17-Jun-18,18:45:00,2018-06-17 18:45:00,G,1,146,1735,,0,9,-62.5764,-60.8582,47:24.9,FastGPS,-62.5764,-60.8582,,,21.7,-1.1,,,,15,7,12235,,,,16,3450,,,,5,6994,,,,4,19667,,,,30,31252,,,,9,9241,,,,23,25875,,,,26,9003,,,,29,19370,,,,,,,,,,,,,,,,,,,,,,,,,,,,,,,,,
173713,17-Jun-18,19:17:13,2018-06-17 19:17:13,G,2,146,1736,1139,0,7,-62.5638,-60.8442,19:37.3,FastGPS,-62.5638,-60.8442,,,2.5,-1.7,,,,15,5,2557,,,,30,28573,,,,7,7683,,,,16,20081,,,,23,11363,,,,9,3095,,,,27,4865,,,,,,,,,,,,,,,,,,,,,,,,,,,,,,,,,,,,,,,,,,,
173713,17-Jun-18,19:49:16,2018-06-17 19:49:16,G,3,146,1737,1139,0,5,-62.5463,-60.8485,51:40.9,FastGPS,-62.5463,-60.8485,,,0.6,-1.1,,,,15,7,23098,,,,30,31732,,,,5,25169,,,,27,4383,,,,9,1900,,,,,,,,,,,,,,,,,,,,,,,,,,,,,,,,,,,,,,,,,,,,,,,,,,,,,
173713,17-Jun-18,20:22:59,2018-06-17 20:22:59,G,2,146,1738,1139,0,5,-62.5274,-60.8552,25:23.8,FastGPS,-62.5274,-60.8552,,,1.9,-1.2,,,,15,7,11806,,,,30,22867,,,,27,21675,,,,5,21309,,,,8,109,,,,,,,,,,,,,,,,,,,,,,,,,,,,,,,,,,,,,,,,,,,,,,,,,,,,,
173713,17-Jun-18,22:00:15,2018-06-17 22:00:15,G,2,146,1740,1141,0,6,-62.4659,-60.8109,02:39.9,FastGPS,-62.4659,-60.8109,,,6,-1.1,,,,15,30,2793,,,,28,31435,,,,13,31490,,,,7,10353,,,,5,8114,,,,15,24630,,,,,,,,,,,,,,,,,,,,,,,,,,,,,,,,,,,,,,,,,,,,,,,,
173713,17-Jun-18,22:49:33,2018-06-17 22:49:33,G,1,146,1741,1142,0,6,-62.4308,-60.8203,51:58.8,FastGPS,-62.4308,-60.8203,,,5.3,-0.2,,,,15,15,405,,,,28,14241,,,,13,1650,,,,30,25235,,,,11,2732,,,,17,24137,,,,,,,,,,,,,,,,,,,,,,,,,,,,,,,,,,,,,,,,,,,,,,,,
173713,17-Jun-18,23:21:38,2018-06-17 23:21:38,G,1,146,1742,,0,9,-62.4028,-60.851,24:03.4,FastGPS,-62.4028,-60.851,,,9.2,-0.6,,,,15,28,14046,,,,15,9154,,,,13,17915,,,,17,17,,,,11,11497,,,,20,22926,,,,24,18139,,,,18,17243,,,,19,648,,,,,,,,,,,,,,,,,,,,,,,,,,,,,,,,,
173713,17-Jun-18,23:51:58,2018-06-17 23:51:58,G,1,146,1743,,0,9,-62.3809,-60.9135,54:23.9,FastGPS,-62.3809,-60.9135,,,20.1,-0.1,,,,15,28,19825,,,,17,14645,,,,15,17256,,,,11,25819,,,,12,19394,,,,1,4356,,,,24,1951,,,,13,16036,,,,19,3818,,,,,,,,,,,,,,,,,,,,,,,,,,,,,,,,,
173713,18-Jun-18,0:22:44,2018-06-18 00:22:44,G,1,146,1744,,0,9,-62.3644,-60.9676,25:08.4,FastGPS,-62.3644,-60.9676,,,9.8,-1.6,,,,15,15,8003,,,,17,11018,,,,10,9814,,,,12,24205,,,,24,19722,,,,18,29162,,,,19,9353,,,,1,31413,,,,13,13247,,,,,,,,,,,,,,,,,,,,,,,,,,,,,,,,,
173713,18-Jun-18,3:30:41,2018-06-18 03:30:41,G,1,146,1748,1146,0,6,-62.4077,-61.1078,33:06.8,FastGPS,-62.4077,-61.1078,,,3,-0.2,,,,15,29,19898,,,,12,25850,,,,6,12508,,,,19,15864,,,,25,17115,,,,2,31067,,,,,,,,,,,,,,,,,,,,,,,,,,,,,,,,,,,,,,,,,,,,,,,,
173713,18-Jun-18,4:01:27,2018-06-18 04:01:27,G,2,146,1749,1146,0,6,-62.3977,-61.1098,03:51.9,FastGPS,-62.3977,-61.1098,,,10.6,-1.1,,,,15,12,16395,,,,2,6700,,,,29,8164,,,,6,2495,,,,31,12126,,,,25,17996,,,,,,,,,,,,,,,,,,,,,,,,,,,,,,,,,,,,,,,,,,,,,,,,
173713,18-Jun-18,5:01:03,2018-06-18 05:01:03,G,2,146,1751,1146,0,8,-62.4065,-61.1325,03:27.3,FastGPS,-62.4065,-61.1325,,,11.7,-1.7,,,,15,2,22166,,,,5,6356,,,,29,24245,,,,31,29503,,,,25,30254,,,,12,12596,,,,4,3172,,,,26,24515,,,,,,,,,,,,,,,,,,,,,,,,,,,,,,,,,,,,,,
173713,18-Jun-18,5:31:02,2018-06-18 05:31:02,G,2,146,1752,1146,0,7,-62.405,-61.1337,33:27.9,FastGPS,-62.405,-61.1337,,,5.5,-0.1,,,,15,29,19896,,,,31,19912,,,,4,768,,,,5,27624,,,,2,15226,,,,26,9789,,,,25,16981,,,,,,,,,,,,,,,,,,,,,,,,,,,,,,,,,,,,,,,,,,,
173713,18-Jun-18,6:16:34,2018-06-18 06:16:34,G,3,146,1753,,0,9,-62.4287,-61.1541,18:58.4,FastGPS,-62.4287,-61.1541,,1,7.8,-1.6,,,,15,4,29873,,,,29,31665,,,,26,12764,,,,31,12901,,,,21,4076,,,,5,31186,,,,9,27421,,,,16,17385,,,,2,4762,,,,,,,,,,,,,,,,,,,,,,,,,,,,,,,,,
173713,18-Jun-18,6:47:05,2018-06-18 06:47:05,G,1,146,1754,1147,0,4,-62.49,-61.291,6/18/2018 10:16,K,-62.4637,-61.1742,,,0.1,-1,,,,15,29,2773,,,,5,19536,,,,26,19903,,,,16,147,,,,,,,,,,,,,,,,,,,,,,,,,,,,,,,,,,,,,,,,,,,,,,,,,,,,,,,,,,
173713,18-Jun-18,7:17:39,2018-06-18 07:17:39,G,1,146,1755,1147,0,6,-62.4666,-61.1789,20:03.4,FastGPS,-62.4666,-61.1789,,,3,-1.6,,,,15,26,28267,,,,29,22723,,,,4,20576,,,,21,25523,,,,16,893,,,,5,10676,,,,,,,,,,,,,,,,,,,,,,,,,,,,,,,,,,,,,,,,,,,,,,,,
173713,18-Jun-18,7:47:45,2018-06-18 07:47:45,G,1,146,1756,1147,0,8,-62.4773,-61.1885,50:10.9,FastGPS,-62.4773,-61.1885,,1,7.7,-0.1,,,,15,29,31293,,,,4,3435,,,,16,5581,,,,26,2478,,,,5,10071,,,,21,12382,,,,27,16809,,,,20,11736,,,,,,,,,,,,,,,,,,,,,,,,,,,,,,,,,,,,,,
173713,18-Jun-18,9:19:01,2018-06-18 09:19:01,G,1,146,1759,1147,0,7,-62.465,-61.2267,21:25.4,FastGPS,-62.465,-61.2267,,,3.5,-1.6,,,,15,15,25128,,,,21,14817,,,,27,6806,,,,20,1813,,,,10,20002,,,,8,30178,,,,13,5867,,,,,,,,,,,,,,,,,,,,,,,,,,,,,,,,,,,,,,,,,,,
173713,18-Jun-18,10:19:09,2018-06-18 10:19:09,G,1,146,1761,1147,0,6,-62.4871,-61.2812,21:34.8,FastGPS,-62.4871,-61.2812,,,11.1,-0.2,,,,15,8,23717,,,,20,8745,,,,15,1223,,,,27,18005,,,,10,5403,,,,18,32605,,,,,,,,,,,,,,,,,,,,,,,,,,,,,,,,,,,,,,,,,,,,,,,,
173713,18-Jun-18,11:20:38,2018-06-18 11:20:38,G,1,146,1763,,0,9,-62.536,-61.2549,23:02.9,FastGPS,-62.536,-61.2549,,,8.7,-1.1,,,,15,11,28168,,,,18,23603,,,,28,8474,,,,8,19233,,,,24,21075,,,,1,24812,,,,10,17801,,,,20,4882,,,,32,23776,,,,,,,,,,,,,,,,,,,,,,,,,,,,,,,,,
173713,18-Jun-18,11:51:35,2018-06-18 11:51:35,G,1,146,1764,1147,0,4,-62.3973,-61.1138,03:52.5,FastGPS,-62.55,-61.2271,,,0.8,-1.2,,,,15,10,14512,,,,28,17768,,,,1,23968,,,,20,19932,,,,,,,,,,,,,,,,,,,,,,,,,,,,,,,,,,,,,,,,,,,,,,,,,,,,,,,,,,
173713,18-Jun-18,12:59:12,2018-06-18 12:59:12,G,2,146,1766,,0,9,-62.5824,-61.177,01:36.4,FastGPS,-62.5824,-61.177,,,14.7,-1.6,,,,15,11,718,,,,17,3706,,,,18,20799,,,,14,12024,,,,22,26171,,,,1,16613,,,,8,26343,,,,3,31644,,,,32,29004,,,,,,,,,,,,,,,,,,,,,,,,,,,,,,,,,
173713,18-Jun-18,13:29:00,2018-06-18 13:29:00,G,1,146,1767,,0,9,-62.5863,-61.179,31:25.4,FastGPS,-62.5863,-61.179,,,6.1,-0.6,,,,15,32,23522,,,,1,29864,,,,14,25045,,,,17,8841,,,,22,21367,,,,19,6950,,,,3,1132,,,,18,658,,,,11,15855,,,,,,,,,,,,,,,,,,,,,,,,,,,,,,,,,
173713,18-Jun-18,14:29:00,2018-06-18 14:29:00,G,1,146,1769,1147,1,8,-62.5885,-61.1743,31:25.4,FastGPS,-62.5885,-61.1743,,,7.9,-0.6,,,,15,31,26486,,,,32,3791,,,,14,31913,,,,22,26197,,,,3,26237,,,,17,32189,,,,25,5012,,,,1,22303,,,,,,,,,,,,,,,,,,,,,,,,,,,,,,,,,,,,,,
173713,18-Jun-18,20:13:20,2018-06-18 20:13:20,G,2,146,1770,1147,0,6,-62.5884,-61.1773,15:45.4,FastGPS,-62.5884,-61.1773,,,9.6,-0.6,,,,15,5,28230,,,,7,22923,,,,30,17942,,,,9,17493,,,,13,22207,,,,28,4456,,,,,,,,,,,,,,,,,,,,,,,,,,,,,,,,,,,,,,,,,,,,,,,,
173713,18-Jun-18,21:10:13,2018-06-18 21:10:13,G,1,146,1771,1148,0,8,-62.5753,-61.261,12:38.9,FastGPS,-62.5753,-61.261,,,10.1,-0.1,,,,15,7,25941,,,,15,10187,,,,30,19813,,,,28,16206,,,,13,15539,,,,5,13404,,,,21,29135,,,,8,9200,,,,,,,,,,,,,,,,,,,,,,,,,,,,,,,,,,,,,,
173713,19-Jun-18,4:44:51,2018-06-19 04:44:51,G,1,146,1775,1150,0,8,-62.6548,-61.8035,47:16.4,FastGPS,-62.6548,-61.8035,,,15.2,-0.6,,,,15,31,27206,,,,29,27341,,,,4,19377,,,,12,19212,,,,2,10126,,,,25,8848,,,,26,1823,,,,23,2941,,,,,,,,,,,,,,,,,,,,,,,,,,,,,,,,,,,,,,
173713,19-Jun-18,6:25:07,2018-06-19 06:25:07,G,1,146,1776,1151,0,7,-62.7047,-61.8366,27:32.9,FastGPS,-62.7047,-61.8366,,1,9.5,-0.1,,,,15,29,12658,,,,21,1021,,,,26,8736,,,,16,10563,,,,25,17014,,,,31,31690,,,,4,12568,,,,,,,,,,,,,,,,,,,,,,,,,,,,,,,,,,,,,,,,,,,
173713,19-Jun-18,6:58:27,2018-06-19 06:58:27,G,1,146,1777,1151,0,6,-62.7225,-61.8952,00:52.9,FastGPS,-62.7225,-61.8952,,,4.3,-0.1,,,,15,29,31837,,,,21,7767,,,,4,6387,,,,5,5554,,,,26,1721,,,,16,28417,,,,,,,,,,,,,,,,,,,,,,,,,,,,,,,,,,,,,,,,,,,,,,,,
173713,19-Jun-18,7:28:05,2018-06-19 07:28:05,G,1,146,1778,,0,9,-62.748,-61.9058,30:29.4,FastGPS,-62.748,-61.9058,,,6.4,-1.6,,,,15,16,9235,,,,26,20730,,,,4,32262,,,,27,6675,,,,21,4984,,,,7,1343,,,,5,14350,,,,29,9630,,,,13,25550,,,,,,,,,,,,,,,,,,,,,,,,,,,,,,,,,
173713,19-Jun-18,7:58:02,2018-06-19 07:58:02,G,1,146,1779,,0,9,-62.7737,-61.8786,00:27.9,FastGPS,-62.7737,-61.8786,,1,4.4,-0.1,,,,15,15,17916,,,,29,19130,,,,16,1307,,,,7,28857,,,,27,1208,,,,21,11694,,,,5,10961,,,,13,20985,,,,4,6942,,,,,,,,,,,,,,,,,,,,,,,,,,,,,,,,,
173713,19-Jun-18,8:59:37,2018-06-19 08:59:37,G,1,146,1781,,0,9,-62.8146,-61.8096,02:01.4,FastGPS,-62.8146,-61.8096,,,13.3,-1.6,,,,15,15,20014,,,,27,29323,,,,21,7950,,,,20,28066,,,,13,51,,,,7,8541,,,,8,19820,,,,16,4233,,,,10,6158,,,,,,,,,,,,,,,,,,,,,,,,,,,,,,,,,
173713,19-Jun-18,10:38:11,2018-06-19 10:38:11,G,2,146,1782,,0,9,-62.8738,-61.6484,40:36.4,FastGPS,-62.8738,-61.6484,,,11.6,-0.6,,,,15,8,17242,,,,10,8996,,,,11,21460,,,,15,10580,,,,20,19552,,,,18,18854,,,,28,16529,,,,21,5608,,,,27,31133,,,,,,,,,,,,,,,,,,,,,,,,,,,,,,,,,
173713,19-Jun-18,13:21:33,2018-06-19 13:21:33,G,1,146,1785,1157,0,8,-62.8397,-61.4706,23:57.4,FastGPS,-62.8397,-61.4706,,,4.3,-1.6,,,,15,32,20351,,,,1,17488,,,,14,11774,,,,18,26665,,,,11,9351,,,,3,11000,,,,22,3051,,,,31,31804,,,,,,,,,,,,,,,,,,,,,,,,,,,,,,,,,,,,,,
173713,19-Jun-18,14:10:02,2018-06-19 14:10:02,G,2,146,1786,,0,9,-62.8396,-61.4726,12:26.4,FastGPS,-62.8396,-61.4726,,,5.6,-1.6,,,,15,31,13206,,,,1,15078,,,,22,24274,,,,18,29808,,,,14,30687,,,,17,8585,,,,3,24740,,,,19,31864,,,,11,19101,,,,,,,,,,,,,,,,,,,,,,,,,,,,,,,,,
173713,19-Jun-18,15:47:55,2018-06-19 15:47:55,G,3,146,1787,,0,9,-62.8313,-61.4809,50:20.4,FastGPS,-62.8313,-61.4809,,1,11.8,-0.6,,,,15,22,1142,,,,3,28606,,,,23,9147,,,,31,16671,,,,19,8569,,,,17,7173,,,,9,14068,,,,1,28858,,,,4,18494,,,,,,,,,,,,,,,,,,,,,,,,,,,,,,,,,
173713,19-Jun-18,16:18:11,2018-06-19 16:18:11,G,1,146,1788,,0,9,-62.8312,-61.4813,20:36.4,FastGPS,-62.8312,-61.4813,,1,2.9,-0.6,,,,15,23,8196,,,,3,15482,,,,6,18524,,,,9,25150,,,,31,31424,,,,2,7779,,,,25,9880,,,,22,31863,,,,4,32407,,,,,,,,,,,,,,,,,,,,,,,,,,,,,,,,,
173713,19-Jun-18,18:14:35,2018-06-19 18:14:35,G,2,146,1791,,0,9,-62.8243,-61.4869,17:00.9,FastGPS,-62.8243,-61.4869,,1,6.3,-0.1,,,,15,29,24190,,,,5,18127,,,,9,27753,,,,23,9291,,,,4,21654,,,,7,630,,,,2,27731,,,,16,31221,,,,26,32547,,,,,,,,,,,,,,,,,,,,,,,,,,,,,,,,,
173713,20-Jun-18,0:11:29,2018-06-20 00:11:29,G,1,146,1797,,0,9,-62.8336,-61.1517,13:53.4,FastGPS,-62.8336,-61.1517,,,3.7,-1.6,,,,15,17,17159,,,,10,31143,,,,24,25752,,,,19,8321,,,,15,26465,,,,28,13290,,,,12,22170,,,,20,12478,,,,11,19849,,,,,,,,,,,,,,,,,,,,,,,,,,,,,,,,,
173713,20-Jun-18,0:45:15,2018-06-20 00:45:15,G,2,146,1798,,0,9,-62.8224,-61.1447,47:40.9,FastGPS,-62.8224,-61.1447,,,11,-0.1,,,,15,17,17976,,,,15,25803,,,,12,13527,,,,24,1713,,,,19,8348,,,,1,16034,,,,10,4559,,,,32,26636,,,,28,32630,,,,,,,,,,,,,,,,,,,,,,,,,,,,,,,,,
173713,20-Jun-18,1:31:01,2018-06-20 01:31:01,G,1,146,1799,1164,0,5,-62.8045,-61.1545,33:26.4,FastGPS,-62.8045,-61.1545,,,9.2,-0.6,,,,15,17,6320,,,,12,30612,,,,19,5470,,,,24,1424,,,,32,16345,,,,,,,,,,,,,,,,,,,,,,,,,,,,,,,,,,,,,,,,,,,,,,,,,,,,,
173713,20-Jun-18,2:05:03,2018-06-20 02:05:03,G,1,146,1800,1164,0,8,-62.7917,-61.1698,07:28.4,FastGPS,-62.7917,-61.1698,,,4.4,-0.6,,,,15,17,13314,,,,6,26717,,,,24,31771,,,,19,25047,,,,12,27872,,,,2,1649,,,,32,2971,,,,25,1255,,,,,,,,,,,,,,,,,,,,,,,,,,,,,,,,,,,,,,
173713,20-Jun-18,3:06:27,2018-06-20 03:06:27,G,1,146,1802,1164,0,8,-62.7721,-61.1766,08:52.4,FastGPS,-62.7721,-61.1766,,,5.4,-0.6,,,,15,29,4225,,,,31,16012,,,,32,427,,,,25,9954,,,,2,10286,,,,14,2423,,,,12,8359,,,,24,8037,,,,,,,,,,,,,,,,,,,,,,,,,,,,,,,,,,,,,,
173713,20-Jun-18,3:57:34,2018-06-20 03:57:34,G,1,146,1803,1165,0,7,-62.7531,-61.1823,59:59.9,FastGPS,-62.7531,-61.1823,,,14.1,-0.1,,,,15,6,17800,,,,2,1568,,,,12,27879,,,,31,18438,,,,29,15413,,,,25,13400,,,,23,8575,,,,,,,,,,,,,,,,,,,,,,,,,,,,,,,,,,,,,,,,,,,
173713,20-Jun-18,4:30:48,2018-06-20 04:30:48,G,1,146,1804,1165,0,8,-62.7402,-61.1687,33:12.9,FastGPS,-62.7402,-61.1687,,,9,-1.1,,,,15,29,9342,,,,2,5142,,,,12,1838,,,,25,27555,,,,23,521,,,,31,27447,,,,6,17319,,,,5,20026,,,,,,,,,,,,,,,,,,,,,,,,,,,,,,,,,,,,,,
173713,20-Jun-18,5:30:20,2018-06-20 05:30:20,G,1,146,1805,1166,0,7,-62.7259,-61.1397,32:44.5,FastGPS,-62.7259,-61.1397,,,1.7,-1.5,,,,15,23,2714,,,,29,12196,,,,5,2652,,,,9,17858,,,,2,10586,,,,25,13588,,,,4,12806,,,,,,,,,,,,,,,,,,,,,,,,,,,,,,,,,,,,,,,,,,,
173713,20-Jun-18,6:00:36,2018-06-20 06:00:36,G,1,146,1806,1166,0,7,-62.723,-61.1065,03:01.9,FastGPS,-62.723,-61.1065,,1,5.2,-0.1,,,,15,5,19042,,,,29,89,,,,9,27925,,,,26,20774,,,,4,11643,,,,2,5397,,,,16,11280,,,,,,,,,,,,,,,,,,,,,,,,,,,,,,,,,,,,,,,,,,,
173713,20-Jun-18,6:30:02,2018-06-20 06:30:02,G,1,146,1807,,0,9,-62.7159,-61.0775,32:27.4,FastGPS,-62.7159,-61.0775,,1,9.8,-0.6,,,,15,4,30830,,,,29,13476,,,,26,2338,,,,5,18930,,,,16,25945,,,,21,23714,,,,9,22500,,,,25,26250,,,,31,7062,,,,,,,,,,,,,,,,,,,,,,,,,,,,,,,,,
173713,20-Jun-18,8:19:41,2018-06-20 08:19:41,G,1,146,1810,1167,0,8,-62.6942,-60.9737,22:05.4,FastGPS,-62.6942,-60.9737,,1,3.9,-1.6,,,,15,7,6229,,,,15,5737,,,,27,23403,,,,13,10148,,,,20,5602,,,,16,12835,,,,4,725,,,,26,22778,,,,,,,,,,,,,,,,,,,,,,,,,,,,,,,,,,,,,,
173713,20-Jun-18,8:51:02,2018-06-20 08:51:02,G,2,146,1811,,0,9,-62.6841,-60.9585,53:26.4,FastGPS,-62.6841,-60.9585,,,16.5,-1.6,,,,15,21,22900,,,,15,17317,,,,10,22236,,,,20,21906,,,,8,29854,,,,27,17662,,,,13,3429,,,,26,23944,,,,16,16482,,,,,,,,,,,,,,,,,,,,,,,,,,,,,,,,,
173713,20-Jun-18,9:24:03,2018-06-20 09:24:03,G,2,146,1812,,0,9,-62.6739,-60.9836,26:28.4,FastGPS,-62.6739,-60.9836,,,6.2,-0.6,,,,15,15,31421,,,,21,31524,,,,20,5638,,,,16,14059,,,,27,18335,,,,13,19827,,,,10,26531,,,,7,12207,,,,18,23938,,,,,,,,,,,,,,,,,,,,,,,,,,,,,,,,,
173713,20-Jun-18,10:24:12,2018-06-20 10:24:12,G,2,146,1813,1169,0,7,-62.6732,-61.0217,26:37.9,FastGPS,-62.6732,-61.0217,,,7.3,-0.1,,,,15,15,12998,,,,10,18472,,,,20,25510,,,,8,15406,,,,28,22121,,,,27,31077,,,,32,12986,,,,,,,,,,,,,,,,,,,,,,,,,,,,,,,,,,,,,,,,,,,
173713,20-Jun-18,10:55:56,2018-06-20 10:55:56,G,1,146,1814,,0,9,-62.6738,-61.0762,58:21.9,FastGPS,-62.6738,-61.0762,,,9.1,-0.1,,,,15,10,3524,,,,20,398,,,,32,19177,,,,27,7511,,,,11,2992,,,,1,11921,,,,8,25659,,,,28,10423,,,,18,32182,,,,,,,,,,,,,,,,,,,,,,,,,,,,,,,,,
173713,20-Jun-18,11:43:00,2018-06-20 11:43:00,G,3,146,1815,,0,9,-62.6843,-61.1054,45:25.4,FastGPS,-62.6843,-61.1054,,,10.5,-0.6,,,,15,10,30935,,,,8,9732,,,,11,27063,,,,18,19528,,,,32,3215,,,,28,414,,,,22,29407,,,,1,4070,,,,24,19030,,,,,,,,,,,,,,,,,,,,,,,,,,,,,,,,,
173713,20-Jun-18,12:13:03,2018-06-20 12:13:03,G,2,146,1816,,0,9,-62.6839,-61.1404,15:28.9,FastGPS,-62.6839,-61.1404,,,11.7,-0.1,,,,15,32,18685,,,,10,28606,,,,18,30926,,,,11,8118,,,,22,32602,,,,14,22927,,,,3,8242,,,,28,16514,,,,8,8800,,,,,,,,,,,,,,,,,,,,,,,,,,,,,,,,,
173713,20-Jun-18,12:44:35,2018-06-20 12:44:35,G,3,146,1817,,0,9,-62.6764,-61.1687,47:00.9,FastGPS,-62.6764,-61.1687,,,16.4,-0.1,,,,15,32,20503,,,,22,22190,,,,18,8650,,,,3,21187,,,,14,17011,,,,10,1069,,,,11,20854,,,,1,23072,,,,24,5413,,,,,,,,,,,,,,,,,,,,,,,,,,,,,,,,,
173713,20-Jun-18,13:44:00,2018-06-20 13:44:00,G,2,146,1819,1170,0,8,-62.6714,-61.1791,46:24.4,FastGPS,-62.6714,-61.1791,,,5.1,-1.6,,,,15,1,29365,,,,11,3082,,,,18,17998,,,,14,19246,,,,22,29268,,,,31,25383,,,,32,26826,,,,3,16691,,,,,,,,,,,,,,,,,,,,,,,,,,,,,,,,,,,,,,
173713,20-Jun-18,14:14:00,2018-06-20 14:14:00,G,4,146,1820,1170,1,7,-62.6716,-61.179,16:24.4,FastGPS,-62.6716,-61.179,,,6.6,-1.6,,,,15,31,2444,,,,1,30403,,,,3,6256,,,,22,21809,,,,17,32422,,,,14,10071,,,,32,25680,,,,,,,,,,,,,,,,,,,,,,,,,,,,,,,,,,,,,,,,,,,
173713,20-Jun-18,16:56:38,2018-06-20 16:56:38,G,1,146,1821,1170,0,8,-62.6719,-61.1811,59:03.9,FastGPS,-62.6719,-61.1811,,,12.2,-0.1,,,,15,9,24570,,,,2,2177,,,,31,10662,,,,6,6283,,,,23,632,,,,4,3982,,,,3,6679,,,,16,24227,,,,,,,,,,,,,,,,,,,,,,,,,,,,,,,,,,,,,,
173713,20-Jun-18,17:57:17,2018-06-20 17:57:17,G,1,146,1822,1172,0,8,-62.6747,-61.1887,59:42.4,FastGPS,-62.6747,-61.1887,,,11,-0.6,,,,15,7,25483,,,,29,10732,,,,5,1686,,,,9,10880,,,,2,28810,,,,23,3301,,,,6,19755,,,,30,30533,,,,,,,,,,,,,,,,,,,,,,,,,,,,,,,,,,,,,,
173713,20-Jun-18,18:27:00,2018-06-20 18:27:00,G,3,146,1823,,0,9,-62.6746,-61.1886,29:24.4,FastGPS,-62.6746,-61.1886,,1,6.2,-1.6,,,,15,7,16605,,,,5,8359,,,,9,4549,,,,29,21466,,,,23,4794,,,,30,25721,,,,2,8383,,,,4,28341,,,,26,14877,,,,,,,,,,,,,,,,,,,,,,,,,,,,,,,,,
173713,20-Jun-18,18:57:36,2018-06-20 18:57:36,G,3,146,1824,,0,9,-62.6744,-61.19,00:00.4,FastGPS,-62.6744,-61.19,,,15.6,-1.6,,,,15,5,2684,,,,7,14530,,,,30,18020,,,,2,24025,,,,26,1301,,,,16,18954,,,,29,1236,,,,23,28915,,,,27,26952,,,,,,,,,,,,,,,,,,,,,,,,,,,,,,,,,
173713,20-Jun-18,20:01:01,2018-06-20 20:01:01,G,3,146,1825,1174,0,7,-62.6745,-61.1903,03:25.4,FastGPS,-62.6745,-61.1903,,,10.3,-1.6,,,,15,5,25163,,,,30,6741,,,,13,775,,,,7,24509,,,,8,28465,,,,16,32105,,,,21,21776,,,,,,,,,,,,,,,,,,,,,,,,,,,,,,,,,,,,,,,,,,,
173713,20-Jun-18,20:48:06,2018-06-20 20:48:06,G,1,146,1826,1175,0,7,-62.6984,-61.1798,50:30.4,FastGPS,-62.6984,-61.1798,,,9.7,-1.6,,,,15,5,3642,,,,28,4150,,,,21,31301,,,,15,31369,,,,13,25786,,,,7,25253,,,,30,14863,,,,,,,,,,,,,,,,,,,,,,,,,,,,,,,,,,,,,,,,,,,
173713,20-Jun-18,21:48:01,2018-06-20 21:48:01,G,1,146,1827,1177,0,8,-62.7275,-61.1807,50:25.5,FastGPS,-62.7275,-61.1807,,,10.4,-1.5,,,,15,15,23311,,,,28,26524,,,,5,4174,,,,30,30995,,,,20,2727,,,,13,28763,,,,8,2235,,,,7,4545,,,,,,,,,,,,,,,,,,,,,,,,,,,,,,,,,,,,,,
173713,20-Jun-18,22:37:05,2018-06-20 22:37:05,G,1,146,1828,1178,0,8,-62.7583,-61.1681,39:29.5,FastGPS,-62.7583,-61.1681,,,8.7,-1.5,,,,15,15,18646,,,,17,4773,,,,13,17967,,,,28,31040,,,,24,10260,,,,20,28997,,,,10,13153,,,,30,8821,,,,,,,,,,,,,,,,,,,,,,,,,,,,,,,,,,,,,,
173713,20-Jun-18,23:23:57,2018-06-20 23:23:57,G,1,146,1829,,0,9,-62.7922,-61.1512,26:21.5,FastGPS,-62.7922,-61.1512,,,10.4,-1.5,,,,15,15,14421,,,,10,18923,,,,17,2867,,,,20,21895,,,,24,24892,,,,13,14793,,,,1,16231,,,,11,21681,,,,18,11357,,,,,,,,,,,,,,,,,,,,,,,,,,,,,,,,,
173713,20-Jun-18,23:54:08,2018-06-20 23:54:08,G,1,146,1830,1179,0,8,-62.811,-61.1328,56:32.9,FastGPS,-62.811,-61.1328,,,14.7,-1.1,,,,15,15,4035,,,,12,4532,,,,24,32355,,,,1,11397,,,,10,22478,,,,18,10088,,,,28,13505,,,,11,22989,,,,,,,,,,,,,,,,,,,,,,,,,,,,,,,,,,,,,,
173713,21-Jun-18,0:24:00,2018-06-21 00:24:00,G,1,146,1831,1179,0,7,-62.8322,-61.1379,26:24.5,FastGPS,-62.8322,-61.1379,,,9.5,-1.5,,,,15,12,17383,,,,28,24322,,,,17,23548,,,,10,22016,,,,24,16856,,,,11,31903,,,,1,3266,,,,,,,,,,,,,,,,,,,,,,,,,,,,,,,,,,,,,,,,,,,
173713,21-Jun-18,0:54:01,2018-06-21 00:54:01,G,1,146,1832,1179,0,6,-62.8222,-61.1316,56:25.9,FastGPS,-62.8222,-61.1316,,,2.4,-1.1,,,,15,17,14747,,,,24,18671,,,,12,2775,,,,19,1318,,,,15,14758,,,,1,4157,,,,,,,,,,,,,,,,,,,,,,,,,,,,,,,,,,,,,,,,,,,,,,,,
173713,21-Jun-18,1:56:18,2018-06-21 01:56:18,G,2,146,1834,1179,0,8,-62.8353,-61.1103,58:42.5,FastGPS,-62.8353,-61.1103,,,11.2,-1.6,,,,15,17,15501,,,,19,17405,,,,12,4469,,,,24,26389,,,,6,30689,,,,25,31238,,,,32,19393,,,,2,25970,,,,,,,,,,,,,,,,,,,,,,,,,,,,,,,,,,,,,,
173713,21-Jun-18,2:26:02,2018-06-21 02:26:02,G,2,146,1835,1179,0,7,-62.8196,-61.1102,28:27.9,FastGPS,-62.8196,-61.1102,,,4.5,-0.1,,,,15,12,23108,,,,24,25605,,,,32,20333,,,,14,7387,,,,19,3893,,,,29,25619,,,,25,2432,,,,,,,,,,,,,,,,,,,,,,,,,,,,,,,,,,,,,,,,,,,
173713,21-Jun-18,3:12:00,2018-06-21 03:12:00,G,2,146,1836,1180,0,8,-62.8253,-61.0907,14:24.4,FastGPS,-62.8253,-61.0907,,,10.6,-1.6,,,,15,12,13877,,,,29,245,,,,31,7854,,,,6,2423,,,,2,24253,,,,25,16743,,,,19,24249,,,,3,10500,,,,,,,,,,,,,,,,,,,,,,,,,,,,,,,,,,,,,,
173713,21-Jun-18,3:42:55,2018-06-21 03:42:55,G,1,146,1837,1180,0,6,-62.8401,-61.0638,45:19.5,FastGPS,-62.8401,-61.0638,,,5.1,-1.5,,,,15,29,2087,,,,31,17931,,,,12,18521,,,,14,3016,,,,25,298,,,,19,28514,,,,,,,,,,,,,,,,,,,,,,,,,,,,,,,,,,,,,,,,,,,,,,,,
173713,21-Jun-18,4:13:02,2018-06-21 04:13:02,G,2,146,1838,1180,0,4,-62.72,-61.254,6/22/2018 2:56,N,-62.8512,-61.0426,,,0.4,-1.6,,,,15,25,4349,,,,2,22067,,,,29,4008,,,,12,19911,,,,,,,,,,,,,,,,,,,,,,,,,,,,,,,,,,,,,,,,,,,,,,,,,,,,,,,,,,
173713,21-Jun-18,5:14:00,2018-06-21 05:14:00,G,1,146,1839,,0,9,-62.89,-60.9899,16:24.9,FastGPS,-62.89,-60.9899,,,4,-1.1,,,,15,31,12459,,,,29,1177,,,,4,5227,,,,26,11702,,,,5,56,,,,25,12590,,,,2,22781,,,,9,31548,,,,23,17093,,,,,,,,,,,,,,,,,,,,,,,,,,,,,,,,,
173713,21-Jun-18,5:44:36,2018-06-21 05:44:36,G,1,146,1840,1182,0,4,-62.72,-61.254,6/22/2018 2:56,N,,,,,,,,,,15,31,12413,,,,29,16025,,,,4,30013,,,,26,28743,,,,,,,,,,,,,,,,,,,,,,,,,,,,,,,,,,,,,,,,,,,,,,,,,,,,,,,,,,
173713,21-Jun-18,7:15:11,2018-06-21 07:15:11,G,2,146,1843,1182,0,7,-62.9183,-60.9697,17:35.5,FastGPS,-62.9183,-60.9697,,,8.6,-1.5,,,,15,26,6936,,,,4,22819,,,,21,7670,,,,5,14918,,,,7,5011,,,,29,12473,,,,16,13420,,,,,,,,,,,,,,,,,,,,,,,,,,,,,,,,,,,,,,,,,,,
173713,21-Jun-18,7:45:16,2018-06-21 07:45:16,G,2,146,1844,,0,9,-62.9067,-61.0176,47:40.4,FastGPS,-62.9067,-61.0176,,1,14.1,-1.6,,,,15,21,901,,,,29,1784,,,,4,13155,,,,16,22819,,,,27,4300,,,,5,25194,,,,13,5958,,,,15,30602,,,,26,19409,,,,,,,,,,,,,,,,,,,,,,,,,,,,,,,,,
173713,21-Jun-18,10:35:19,2018-06-21 10:35:19,G,1,146,1849,,0,9,-62.8008,-61.216,37:44.9,FastGPS,-62.8008,-61.216,,,11.5,-0.1,,,,15,10,9354,,,,20,14633,,,,15,30176,,,,27,18247,,,,18,4061,,,,24,23073,,,,8,19871,,,,32,6664,,,,21,14050,,,,,,,,,,,,,,,,,,,,,,,,,,,,,,,,,
173713,21-Jun-18,12:01:01,2018-06-21 12:01:01,G,2,146,1850,,0,9,-62.7765,-61.2334,03:26.0,FastGPS,-62.7765,-61.2334,,,9,-1,,,,15,11,28181,,,,1,13329,,,,18,18629,,,,32,5810,,,,28,31419,,,,8,743,,,,27,27288,,,,10,20481,,,,22,27002,,,,,,,,,,,,,,,,,,,,,,,,,,,,,,,,,
173713,21-Jun-18,12:47:10,2018-06-21 12:47:10,G,2,146,1851,,0,9,-62.7762,-61.2338,49:34.4,FastGPS,-62.7762,-61.2338,,,10.4,-1.6,,,,15,32,17230,,,,18,8242,,,,14,39,,,,11,21065,,,,1,5513,,,,22,13723,,,,17,28765,,,,28,27011,,,,3,19861,,,,,,,,,,,,,,,,,,,,,,,,,,,,,,,,,
173713,21-Jun-18,13:17:53,2018-06-21 13:17:53,G,1,146,1852,1184,0,8,-62.7697,-61.236,20:18.9,FastGPS,-62.7697,-61.236,,,4.5,-0.1,,,,15,32,20760,,,,18,29540,,,,1,29467,,,,11,12170,,,,14,24261,,,,3,4087,,,,22,22244,,,,17,13347,,,,,,,,,,,,,,,,,,,,,,,,,,,,,,,,,,,,,,
173713,21-Jun-18,16:09:01,2018-06-21 16:09:01,G,2,146,1857,1184,0,7,-62.7198,-61.2228,11:26.5,FastGPS,-62.7198,-61.2228,,,3.8,-0.5,,,,15,23,8310,,,,31,2411,,,,3,20459,,,,9,22365,,,,19,8451,,,,6,17192,,,,22,6687,,,,,,,,,,,,,,,,,,,,,,,,,,,,,,,,,,,,,,,,,,,
173713,21-Jun-18,17:25:39,2018-06-21 17:25:39,G,1,146,1859,,0,9,-62.72,-61.2351,28:03.9,FastGPS,-62.72,-61.2351,,,7.4,-1.1,,,,15,9,16350,,,,23,5359,,,,29,24073,,,,7,16305,,,,2,3406,,,,16,30111,,,,26,14629,,,,4,30764,,,,3,30205,,,,,,,,,,,,,,,,,,,,,,,,,,,,,,,,,
173713,21-Jun-18,17:56:45,2018-06-21 17:56:45,G,1,146,1860,,0,9,-62.7198,-61.2693,59:09.5,FastGPS,-62.7198,-61.2693,,1,3.3,-1.5,,,,15,23,24395,,,,16,2195,,,,9,10667,,,,7,7654,,,,2,24025,,,,26,29978,,,,6,6523,,,,5,18384,,,,4,24349,,,,,,,,,,,,,,,,,,,,,,,,,,,,,,,,,
173713,21-Jun-18,18:29:39,2018-06-21 18:29:39,G,1,146,1861,,0,9,-62.7162,-61.278,32:05.0,FastGPS,-62.7162,-61.278,,1,12.4,0,,,,15,9,21079,,,,2,14618,,,,7,29725,,,,16,16945,,,,5,27467,,,,30,17298,,,,26,21365,,,,23,3503,,,,4,32364,,,,,,,,,,,,,,,,,,,,,,,,,,,,,,,,,
173713,21-Jun-18,19:01:16,2018-06-21 19:01:16,G,4,146,1862,1185,0,8,-62.716,-61.2784,03:41.5,FastGPS,-62.716,-61.2784,,,9.6,-0.5,,,,15,9,22345,,,,7,30732,,,,23,31826,,,,5,28374,,,,30,19765,,,,27,27534,,,,2,31121,,,,16,9133,,,,,,,,,,,,,,,,,,,,,,,,,,,,,,,,,,,,,,
173713,21-Jun-18,19:31:53,2018-06-21 19:31:53,G,4,146,1863,1185,0,5,-62.7156,-61.2805,34:18.9,FastGPS,-62.7156,-61.2805,,,5.5,-0.1,,,,15,7,6396,,,,30,12344,,,,5,9579,,,,9,18490,,,,21,15904,,,,,,,,,,,,,,,,,,,,,,,,,,,,,,,,,,,,,,,,,,,,,,,,,,,,,
173713,21-Jun-18,20:15:05,2018-06-21 20:15:05,G,3,146,1864,1185,0,6,-62.7166,-61.2657,17:31.0,FastGPS,-62.7166,-61.2657,,,3.8,0,,,,15,5,4742,,,,30,21360,,,,7,16830,,,,13,2258,,,,28,1783,,,,27,18123,,,,,,,,,,,,,,,,,,,,,,,,,,,,,,,,,,,,,,,,,,,,,,,,
173713,21-Jun-18,20:45:50,2018-06-21 20:45:50,G,1,146,1865,,0,9,-62.7181,-61.24,48:14.5,FastGPS,-62.7181,-61.24,,,13.4,-1.5,,,,15,5,30369,,,,7,17600,,,,13,30179,,,,30,12416,,,,8,9622,,,,15,5325,,,,28,10774,,,,27,28572,,,,9,21086,,,,,,,,,,,,,,,,,,,,,,,,,,,,,,,,,
173713,22-Jun-18,2:00:04,2018-06-22 02:00:04,G,1,146,1869,1188,0,8,-62.7159,-61.2088,02:29.0,FastGPS,-62.7159,-61.2088,,,7.9,-1,,,,15,12,4228,,,,6,6472,,,,17,3164,,,,32,6506,,,,25,18946,,,,24,28194,,,,19,23060,,,,14,4749,,,,,,,,,,,,,,,,,,,,,,,,,,,,,,,,,,,,,,
173713,22-Jun-18,3:00:00,2018-06-22 03:00:00,G,1,146,1871,1188,0,5,-62.717,-61.2642,02:24.5,FastGPS,-62.717,-61.2642,,,4.2,-1.5,,,,15,12,29100,,,,2,5732,,,,6,13904,,,,29,3113,,,,24,23468,,,,,,,,,,,,,,,,,,,,,,,,,,,,,,,,,,,,,,,,,,,,,,,,,,,,,
173713,22-Jun-18,4:27:36,2018-06-22 04:27:36,G,2,146,1872,1188,0,7,-62.6811,-61.274,30:00.9,FastGPS,-62.6811,-61.274,,1,13.1,-1.1,,,,15,29,2868,,,,2,10388,,,,25,3290,,,,4,17860,,,,5,20201,,,,23,19099,,,,31,11611,,,,,,,,,,,,,,,,,,,,,,,,,,,,,,,,,,,,,,,,,,,
173713,22-Jun-18,7:23:19,2018-06-22 07:23:19,G,2,146,1873,1190,0,8,-62.6462,-61.2199,25:43.4,FastGPS,-62.6462,-61.2199,,1,4.6,-1.6,,,,15,29,4742,,,,5,13843,,,,21,7037,,,,7,6355,,,,27,22984,,,,16,5089,,,,15,23372,,,,4,9415,,,,,,,,,,,,,,,,,,,,,,,,,,,,,,,,,,,,,,
173713,22-Jun-18,7:53:25,2018-06-22 07:53:25,G,2,146,1874,,0,9,-62.6437,-61.2104,55:49.5,FastGPS,-62.6437,-61.2104,,1,9.6,-1.5,,,,15,29,10934,,,,7,23180,,,,20,28745,,,,27,15825,,,,21,3471,,,,15,3821,,,,16,19649,,,,13,30983,,,,26,13867,,,,,,,,,,,,,,,,,,,,,,,,,,,,,,,,,
173713,22-Jun-18,8:45:27,2018-06-22 08:45:27,G,1,146,1875,1190,0,8,-62.6355,-61.1457,47:51.5,FastGPS,-62.6355,-61.1457,,,6.1,-1.5,,,,15,27,13980,,,,15,10790,,,,16,32702,,,,8,32606,,,,21,6171,,,,7,31803,,,,13,24914,,,,10,23869,,,,,,,,,,,,,,,,,,,,,,,,,,,,,,,,,,,,,,
173713,22-Jun-18,9:44:01,2018-06-22 09:44:01,G,2,146,1876,1190,0,6,-62.6383,-61.1521,46:25.9,FastGPS,-62.6383,-61.1521,,,8.8,-1.1,,,,15,10,32267,,,,15,19959,,,,20,1594,,,,8,3978,,,,21,11998,,,,27,24139,,,,,,,,,,,,,,,,,,,,,,,,,,,,,,,,,,,,,,,,,,,,,,,,
173713,22-Jun-18,11:20:01,2018-06-22 11:20:01,G,1,146,1878,,0,9,-62.6358,-61.1468,22:25.5,FastGPS,-62.6358,-61.1468,,,6.2,-1.5,,,,15,10,18319,,,,32,10404,,,,28,18970,,,,27,21517,,,,22,4550,,,,14,8031,,,,8,25920,,,,1,25335,,,,18,736,,,,,,,,,,,,,,,,,,,,,,,,,,,,,,,,,
173713,22-Jun-18,11:51:37,2018-06-22 11:51:37,G,2,146,1879,,0,9,-62.6351,-61.1453,54:01.5,FastGPS,-62.6351,-61.1453,,,9.6,-1.5,,,,15,32,28782,,,,10,3080,,,,18,8517,,,,28,4434,,,,11,17472,,,,22,327,,,,8,16882,,,,14,31361,,,,1,24636,,,,,,,,,,,,,,,,,,,,,,,,,,,,,,,,,
173713,22-Jun-18,12:21:09,2018-06-22 12:21:09,G,2,146,1880,1192,0,8,-62.6346,-61.1446,23:33.5,FastGPS,-62.6346,-61.1446,,,7.3,-1.5,,,,15,32,21860,,,,17,30594,,,,18,4314,,,,1,17152,,,,14,7023,,,,11,15430,,,,10,26775,,,,8,4205,,,,,,,,,,,,,,,,,,,,,,,,,,,,,,,,,,,,,,
173713,22-Jun-18,13:07:00,2018-06-22 13:07:00,G,1,146,1881,,0,9,-62.6247,-61.1417,09:24.5,FastGPS,-62.6247,-61.1417,,,9.8,-1.5,,,,15,1,29641,,,,18,12409,,,,19,20665,,,,11,26942,,,,22,10515,,,,32,7044,,,,17,32131,,,,14,25712,,,,31,5617,,,,,,,,,,,,,,,,,,,,,,,,,,,,,,,,,
173713,22-Jun-18,13:37:00,2018-06-22 13:37:00,G,3,146,1882,,0,9,-62.6226,-61.1431,39:24.5,FastGPS,-62.6226,-61.1431,,,9.6,-1.5,,,,15,14,517,,,,12,16436,,,,1,11237,,,,32,5586,,,,22,12986,,,,18,30483,,,,31,12740,,,,17,2069,,,,11,15605,,,,,,,,,,,,,,,,,,,,,,,,,,,,,,,,,
173713,22-Jun-18,14:07:00,2018-06-22 14:07:00,G,1,146,1883,,0,9,-62.6141,-61.1423,09:25.0,FastGPS,-62.6141,-61.1423,,,8.6,-1,,,,15,17,9682,,,,31,17110,,,,23,11988,,,,19,22086,,,,3,19692,,,,22,218,,,,18,8450,,,,32,32038,,,,14,17941,,,,,,,,,,,,,,,,,,,,,,,,,,,,,,,,,
173713,22-Jun-18,15:12:54,2018-06-22 15:12:54,G,3,146,1884,,0,9,-62.6086,-61.1585,15:19.0,FastGPS,-62.6086,-61.1585,,,9.3,-1,,,,15,31,3287,,,,3,15796,,,,22,6092,,,,23,7195,,,,6,7675,,,,12,12017,,,,14,23083,,,,17,25459,,,,19,11360,,,,,,,,,,,,,,,,,,,,,,,,,,,,,,,,,
173713,22-Jun-18,15:44:03,2018-06-22 15:44:03,G,1,146,1885,,0,9,-62.6087,-61.1578,46:28.0,FastGPS,-62.6087,-61.1578,,,10.6,-1,,,,15,3,11490,,,,23,21669,,,,31,29332,,,,6,27404,,,,22,2038,,,,9,13936,,,,2,16894,,,,19,13734,,,,17,30184,,,,,,,,,,,,,,,,,,,,,,,,,,,,,,,,,
173713,22-Jun-18,17:01:00,2018-06-22 17:01:00,G,1,146,1887,,0,9,-62.6085,-61.1579,03:24.5,FastGPS,-62.6085,-61.1579,,,14.3,-1.5,,,,15,9,5099,,,,4,26592,,,,29,11658,,,,23,2360,,,,2,7755,,,,31,9296,,,,7,28929,,,,6,4219,,,,26,26917,,,,,,,,,,,,,,,,,,,,,,,,,,,,,,,,,
173713,22-Jun-18,19:36:01,2018-06-22 19:36:01,G,2,146,1892,1196,0,8,-62.6126,-61.151,38:25.5,FastGPS,-62.6126,-61.151,,,7.4,-1.5,,,,15,30,7588,,,,7,10434,,,,5,23062,,,,16,29556,,,,9,29682,,,,21,14309,,,,27,11316,,,,13,26472,,,,,,,,,,,,,,,,,,,,,,,,,,,,,,,,,,,,,,
173713,22-Jun-18,20:06:00,2018-06-22 20:06:00,G,1,146,1893,1196,0,8,-62.6124,-61.1504,08:25.5,FastGPS,-62.6124,-61.1504,,,10,-0.5,,,,15,5,13902,,,,30,20985,,,,8,5095,,,,7,31550,,,,13,18572,,,,27,18618,,,,9,3115,,,,28,12809,,,,,,,,,,,,,,,,,,,,,,,,,,,,,,,,,,,,,,
173713,22-Jun-18,21:54:49,2018-06-22 21:54:49,G,2,146,1896,,0,9,-62.6297,-61.146,57:13.5,FastGPS,-62.6297,-61.146,,,5.9,-1.5,,,,15,30,3,,,,13,13744,,,,28,28918,,,,15,13937,,,,7,15274,,,,8,19736,,,,24,20742,,,,20,16096,,,,5,17936,,,,,,,,,,,,,,,,,,,,,,,,,,,,,,,,,
173713,22-Jun-18,22:25:08,2018-06-22 22:25:08,G,2,146,1897,1197,0,6,-62.6423,-61.1583,27:33.0,FastGPS,-62.6423,-61.1583,,,10.7,-1,,,,15,17,29134,,,,15,21673,,,,13,301,,,,28,10132,,,,10,9642,,,,30,102,,,,,,,,,,,,,,,,,,,,,,,,,,,,,,,,,,,,,,,,,,,,,,,,
173713,22-Jun-18,22:58:13,2018-06-22 22:58:13,G,2,146,1898,1197,0,8,-62.6611,-61.1697,00:37.5,FastGPS,-62.6611,-61.1697,,,13.4,-1.5,,,,15,15,6745,,,,13,21350,,,,17,15447,,,,10,13995,,,,19,12630,,,,20,27977,,,,24,5916,,,,28,17921,,,,,,,,,,,,,,,,,,,,,,,,,,,,,,,,,,,,,,
173713,22-Jun-18,23:28:19,2018-06-22 23:28:19,G,3,146,1899,,0,9,-62.6698,-61.1801,30:43.5,FastGPS,-62.6698,-61.1801,,,12.4,-1.5,,,,15,24,6357,,,,15,2257,,,,17,16360,,,,10,24792,,,,20,3818,,,,1,12341,,,,11,11426,,,,28,11931,,,,13,5691,,,,,,,,,,,,,,,,,,,,,,,,,,,,,,,,,
173713,22-Jun-18,23:58:03,2018-06-22 23:58:03,G,2,146,1900,1197,0,5,-62.6731,-61.1755,00:28.0,FastGPS,-62.6732,-61.1755,,,0.3,-1,,,,15,17,3557,,,,24,10764,,,,19,25894,,,,15,18937,,,,13,28407,,,,,,,,,,,,,,,,,,,,,,,,,,,,,,,,,,,,,,,,,,,,,,,,,,,,,
173713,23-Jun-18,0:29:00,2018-06-23 00:29:00,G,2,146,1901,1197,0,7,-62.6831,-61.1753,31:24.5,FastGPS,-62.6831,-61.1753,,,7.7,-1.5,,,,15,15,26446,,,,19,17817,,,,17,2403,,,,24,13775,,,,12,16216,,,,32,27113,,,,10,31095,,,,,,,,,,,,,,,,,,,,,,,,,,,,,,,,,,,,,,,,,,,
173713,23-Jun-18,0:59:17,2018-06-23 00:59:17,G,2,146,1902,1197,0,7,-62.6919,-61.1686,01:42.0,FastGPS,-62.6919,-61.1686,,,3.9,-1,,,,15,12,21812,,,,17,31652,,,,24,26922,,,,19,18238,,,,6,18920,,,,15,31358,,,,32,21008,,,,,,,,,,,,,,,,,,,,,,,,,,,,,,,,,,,,,,,,,,,
173713,23-Jun-18,1:59:00,2018-06-23 01:59:00,G,4,146,1903,1199,0,6,-62.7106,-61.1753,01:24.4,FastGPS,-62.7106,-61.1753,,,15.5,-1.6,,,,15,12,3491,,,,17,18536,,,,25,26312,,,,19,12528,,,,6,9285,,,,32,699,,,,,,,,,,,,,,,,,,,,,,,,,,,,,,,,,,,,,,,,,,,,,,,,
173713,23-Jun-18,2:30:43,2018-06-23 02:30:43,G,2,146,1904,1199,0,8,-62.7112,-61.1772,6/23/2018 2:33,FastGPS,-62.7112,-61.1772,,,6.6,-1,,,,15,12,10956,,,,19,15992,,,,6,14271,,,,29,11048,,,,25,31502,,,,32,16426,,,,24,30046,,,,2,8949,,,,,,,,,,,,,,,,,,,,,,,,,,,,,,,,,,,,,,
173713,23-Jun-18,3:01:00,2018-06-23 03:01:00,G,2,146,1905,1199,0,8,-62.7104,-61.1787,6/23/2018 3:03,FastGPS,-62.7104,-61.1787,,,6.8,-1,,,,15,12,8378,,,,25,1859,,,,2,7031,,,,6,28050,,,,31,19415,,,,19,25414,,,,32,20406,,,,14,2172,,,,,,,,,,,,,,,,,,,,,,,,,,,,,,,,,,,,,,
173713,23-Jun-18,3:31:00,2018-06-23 03:31:00,G,1,146,1906,1199,0,7,-62.7105,-61.1786,33:24.5,FastGPS,-62.7105,-61.1786,,,3.8,-1.5,,,,15,12,20787,,,,31,32437,,,,29,14369,,,,25,22896,,,,2,9757,,,,14,7219,,,,4,4411,,,,,,,,,,,,,,,,,,,,,,,,,,,,,,,,,,,,,,,,,,,
173713,23-Jun-18,5:03:00,2018-06-23 05:03:00,G,1,146,1909,1199,0,7,-62.7104,-61.1789,05:25.5,FastGPS,-62.7104,-61.1789,,,5.5,-0.5,,,,15,29,1872,,,,31,21050,,,,4,31653,,,,5,26628,,,,2,1784,,,,25,23825,,,,26,3299,,,,,,,,,,,,,,,,,,,,,,,,,,,,,,,,,,,,,,,,,,,
173713,23-Jun-18,5:33:01,2018-06-23 05:33:01,G,2,146,1910,1199,0,7,-62.7105,-61.1789,6/23/2018 5:35,FastGPS,-62.7105,-61.1789,,,12.4,-1,,,,15,4,17830,,,,29,12250,,,,31,19320,,,,26,13486,,,,16,10733,,,,23,6556,,,,25,27394,,,,,,,,,,,,,,,,,,,,,,,,,,,,,,,,,,,,,,,,,,,
173713,23-Jun-18,6:03:00,2018-06-23 06:03:00,G,2,146,1911,1199,0,5,-62.694,-61.172,6/23/2018 6:39,K,-62.7106,-61.1785,,1,0.9,-0.5,,,,15,29,26897,,,,31,22797,,,,4,9807,,,,21,8064,,,,16,21097,,,,,,,,,,,,,,,,,,,,,,,,,,,,,,,,,,,,,,,,,,,,,,,,,,,,,
173713,23-Jun-18,6:33:01,2018-06-23 06:33:01,G,2,146,1912,1199,0,6,-62.7106,-61.1787,35:26.5,FastGPS,-62.7106,-61.1787,,1,5.2,-0.5,,,,15,29,31282,,,,21,10320,,,,4,16841,,,,31,27051,,,,26,3084,,,,16,2705,,,,,,,,,,,,,,,,,,,,,,,,,,,,,,,,,,,,,,,,,,,,,,,,
173713,23-Jun-18,8:04:45,2018-06-23 08:04:45,G,1,146,1913,,0,9,-62.7101,-61.1789,07:10.0,FastGPS,-62.7101,-61.1789,,,8.1,-1,,,,15,27,20223,,,,20,31576,,,,16,21860,,,,21,12901,,,,15,1747,,,,7,12187,,,,29,20607,,,,26,5779,,,,13,10453,,,,,,,,,,,,,,,,,,,,,,,,,,,,,,,,,
173713,23-Jun-18,8:35:12,2018-06-23 08:35:12,G,4,146,1914,1203,0,7,-62.7167,-61.1986,6/23/2018 8:37,FastGPS,-62.7167,-61.1986,,,9.9,,,,,15,7,22186,,,,20,16010,,,,21,32664,,,,27,11901,,,,16,28659,,,,10,9089,,,,8,18700,,,,,,,,,,,,,,,,,,,,,,,,,,,,,,,,,,,,,,,,,,,
173713,23-Jun-18,9:05:19,2018-06-23 09:05:19,G,6,146,1915,,0,9,-62.7194,-61.2174,07:44.5,FastGPS,-62.7194,-61.2174,,,4.6,-0.5,,,,15,21,30843,,,,10,14852,,,,7,9179,,,,8,32729,,,,20,13629,,,,16,16200,,,,15,4640,,,,27,21549,,,,30,12943,,,,,,,,,,,,,,,,,,,,,,,,,,,,,,,,,
173713,23-Jun-18,9:35:00,2018-06-23 09:35:00,G,3,146,1916,1203,0,7,-62.7199,-61.2219,37:24.5,FastGPS,-62.7199,-61.2219,,,18.5,-1.5,,,,15,27,1407,,,,8,32322,,,,10,30199,,,,15,441,,,,20,13387,,,,21,9279,,,,18,446,,,,,,,,,,,,,,,,,,,,,,,,,,,,,,,,,,,,,,,,,,,
173713,23-Jun-18,10:05:00,2018-06-23 10:05:00,G,2,146,1917,,0,9,-62.7199,-61.2221,6/23/2018 10:07,FastGPS,-62.7199,-61.2221,,,4,-1,,,,15,8,722,,,,10,8098,,,,27,5035,,,,18,23110,,,,20,7719,,,,11,24676,,,,15,22648,,,,32,5820,,,,21,31644,,,,,,,,,,,,,,,,,,,,,,,,,,,,,,,,,
173713,23-Jun-18,10:52:00,2018-06-23 10:52:00,G,2,146,1918,1204,0,8,-62.7167,-61.2359,54:25.5,FastGPS,-62.7167,-61.2359,,,6.9,-0.5,,,,15,10,10101,,,,18,11700,,,,8,5700,,,,11,16232,,,,20,32184,,,,15,4678,,,,32,3723,,,,28,11007,,,,,,,,,,,,,,,,,,,,,,,,,,,,,,,,,,,,,,
173713,23-Jun-18,11:22:01,2018-06-23 11:22:01,G,3,146,1919,,0,9,-62.7165,-61.2364,24:26.5,FastGPS,-62.7165,-61.2364,,,8.3,-0.5,,,,15,10,21165,,,,32,12770,,,,18,1127,,,,11,8209,,,,28,5198,,,,27,12570,,,,20,26822,,,,22,19080,,,,1,3287,,,,,,,,,,,,,,,,,,,,,,,,,,,,,,,,,
173713,23-Jun-18,11:52:01,2018-06-23 11:52:01,G,3,146,1920,,0,9,-62.7168,-61.2369,54:25.5,FastGPS,-62.7168,-61.2369,,,10.6,-1.5,,,,15,22,11780,,,,18,6795,,,,8,25500,,,,32,26736,,,,11,16295,,,,1,32280,,,,3,17079,,,,28,21819,,,,10,12123,,,,,,,,,,,,,,,,,,,,,,,,,,,,,,,,,
173713,23-Jun-18,14:25:00,2018-06-23 14:25:00,G,2,146,1925,,0,9,-62.7072,-61.3438,27:24.5,FastGPS,-62.7072,-61.3438,,,4.9,-1.5,,,,15,31,10955,,,,17,24757,,,,22,29851,,,,19,29966,,,,3,2687,,,,18,920,,,,23,31633,,,,14,30600,,,,32,16711,,,,,,,,,,,,,,,,,,,,,,,,,,,,,,,,,
173713,23-Jun-18,14:55:00,2018-06-23 14:55:00,G,2,146,1926,1204,0,6,-62.7082,-61.3326,57:24.5,FastGPS,-62.7082,-61.3326,,,4,-1.5,,,,15,14,28813,,,,31,18641,,,,6,5640,,,,12,22627,,,,25,19652,,,,3,222,,,,,,,,,,,,,,,,,,,,,,,,,,,,,,,,,,,,,,,,,,,,,,,,
173713,23-Jun-18,15:40:00,2018-06-23 15:40:00,G,1,146,1927,1205,1,4,-62.711,-61.339,6/24/2018 12:09,R,-62.7079,-61.3328,,,1.2,-1.5,,,,15,31,23531,,,,6,22917,,,,19,9027,,,,25,19644,,,,,,,,,,,,,,,,,,,,,,,,,,,,,,,,,,,,,,,,,,,,,,,,,,,,,,,,,,
173713,24-Jun-18,18:14:09,2018-06-24 18:14:09,G,1,146,1929,1206,0,5,-62.7075,-61.335,16:33.6,FastGPS,-62.7075,-61.335,,,9.2,-1.4,,,,15,5,29083,,,,9,6451,,,,23,31825,,,,7,1792,,,,2,6456,,,,,,,,,,,,,,,,,,,,,,,,,,,,,,,,,,,,,,,,,,,,,,,,,,,,,
173713,24-Jun-18,19:32:00,2018-06-24 19:32:00,G,2,146,1931,1207,0,4,-62.797,-60.732,6/25/2018 9:46,P,-62.7081,-61.3183,,,1,-1.5,,,,15,5,25850,,,,7,7026,,,,30,16588,,,,13,13575,,,,,,,,,,,,,,,,,,,,,,,,,,,,,,,,,,,,,,,,,,,,,,,,,,,,,,,,,,
173713,24-Jun-18,20:36:47,2018-06-24 20:36:47,G,3,146,1933,1207,0,5,-62.7181,-61.2398,39:12.1,FastGPS,-62.7181,-61.2398,,,7.8,-1,,,,15,7,32547,,,,13,163,,,,30,3650,,,,5,14907,,,,8,7663,,,,,,,,,,,,,,,,,,,,,,,,,,,,,,,,,,,,,,,,,,,,,,,,,,,,,
173713,24-Jun-18,22:29:49,2018-06-24 22:29:49,G,2,146,1934,,0,9,-62.7154,-61.1059,32:14.6,FastGPS,-62.7154,-61.1059,,,6.3,-0.4,,,,15,15,3686,,,,20,8306,,,,17,27175,,,,10,12585,,,,24,25773,,,,28,29595,,,,30,15092,,,,11,5869,,,,13,10260,,,,,,,,,,,,,,,,,,,,,,,,,,,,,,,,,
173713,24-Jun-18,23:05:14,2018-06-24 23:05:14,G,1,146,1935,,0,9,-62.7166,-61.0622,07:38.6,FastGPS,-62.7166,-61.0622,,,12.3,-1.4,,,,15,28,9905,,,,17,11544,,,,13,6421,,,,15,32194,,,,10,31996,,,,11,5702,,,,19,15027,,,,18,25643,,,,30,22091,,,,,,,,,,,,,,,,,,,,,,,,,,,,,,,,,
173713,24-Jun-18,23:40:46,2018-06-24 23:40:46,G,4,146,1936,1209,0,7,-62.7201,-61.0072,43:10.6,FastGPS,-62.7201,-61.0072,,,10.2,-1.4,,,,15,24,11626,,,,10,22213,,,,15,1425,,,,17,12565,,,,19,20322,,,,28,5405,,,,12,23732,,,,,,,,,,,,,,,,,,,,,,,,,,,,,,,,,,,,,,,,,,,
173713,25-Jun-18,1:11:32,2018-06-25 01:11:32,G,4,146,1937,1209,0,7,-62.7462,-60.8771,13:57.5,FastGPS,-62.7462,-60.8771,,,9,-0.5,,,,15,12,24776,,,,32,7576,,,,24,24083,,,,25,20603,,,,6,16148,,,,17,26677,,,,19,29909,,,,,,,,,,,,,,,,,,,,,,,,,,,,,,,,,,,,,,,,,,,
173713,25-Jun-18,3:29:53,2018-06-25 03:29:53,G,5,146,1938,1209,0,5,-62.82,-60.7631,32:18.0,FastGPS,-62.82,-60.7631,,,3.3,-1,,,,15,29,5190,,,,31,17178,,,,12,832,,,,25,27007,,,,2,16699,,,,,,,,,,,,,,,,,,,,,,,,,,,,,,,,,,,,,,,,,,,,,,,,,,,,,
173713,25-Jun-18,4:19:23,2018-06-25 04:19:23,G,5,146,1939,1210,0,6,-62.8368,-60.7746,21:49.0,FastGPS,-62.8368,-60.7746,,1,3.5,0,,,,15,29,11620,,,,31,12399,,,,25,31455,,,,23,25427,,,,4,802,,,,26,16089,,,,,,,,,,,,,,,,,,,,,,,,,,,,,,,,,,,,,,,,,,,,,,,,
173713,25-Jun-18,5:04:36,2018-06-25 05:04:36,G,3,146,1940,1211,0,8,-62.8665,-60.7766,07:02.0,FastGPS,-62.8665,-60.7766,,,14.4,0,,,,15,31,20549,,,,29,27797,,,,4,14851,,,,25,14312,,,,9,31813,,,,23,30222,,,,26,26787,,,,2,20931,,,,,,,,,,,,,,,,,,,,,,,,,,,,,,,,,,,,,,
173713,25-Jun-18,5:34:07,2018-06-25 05:34:07,G,6,146,1941,1211,0,8,-62.8672,-60.7556,36:33.1,FastGPS,-62.8672,-60.7556,,1,9.9,0.1,,,,15,29,14253,,,,31,27018,,,,5,23169,,,,2,14559,,,,4,9425,,,,26,13440,,,,16,26281,,,,3,31133,,,,,,,,,,,,,,,,,,,,,,,,,,,,,,,,,,,,,,
173713,25-Jun-18,6:04:20,2018-06-25 06:04:20,G,4,146,1942,1211,0,8,-62.8816,-60.7643,06:45.6,FastGPS,-62.8816,-60.7643,,1,2.7,-0.4,,,,15,4,9234,,,,21,11877,,,,29,5426,,,,26,8785,,,,5,4203,,,,31,8087,,,,9,13300,,,,16,20023,,,,,,,,,,,,,,,,,,,,,,,,,,,,,,,,,,,,,,
173713,25-Jun-18,6:34:01,2018-06-25 06:34:01,G,2,146,1943,1211,0,6,-62.8777,-60.7408,36:27.1,FastGPS,-62.8777,-60.7408,,1,5,0.1,,,,15,5,15174,,,,29,6158,,,,4,7323,,,,21,8923,,,,26,2184,,,,16,29354,,,,,,,,,,,,,,,,,,,,,,,,,,,,,,,,,,,,,,,,,,,,,,,,
173713,25-Jun-18,7:04:09,2018-06-25 07:04:09,G,2,146,1944,1211,0,7,-62.8792,-60.7417,06:34.6,FastGPS,-62.8792,-60.7417,,,7.2,-0.4,,,,15,5,28891,,,,20,22912,,,,4,5826,,,,29,22086,,,,7,14547,,,,26,26674,,,,16,17010,,,,,,,,,,,,,,,,,,,,,,,,,,,,,,,,,,,,,,,,,,,
173713,25-Jun-18,7:34:00,2018-06-25 07:34:00,G,1,146,1945,1211,0,7,-62.8701,-60.7229,36:25.6,FastGPS,-62.8701,-60.7229,,,8.5,-0.4,,,,15,16,6654,,,,4,12095,,,,27,6788,,,,26,21075,,,,20,19796,,,,7,5397,,,,21,21220,,,,,,,,,,,,,,,,,,,,,,,,,,,,,,,,,,,,,,,,,,,
173713,25-Jun-18,8:06:46,2018-06-25 08:06:46,G,1,146,1946,,0,9,-62.8633,-60.7272,09:12.1,FastGPS,-62.8633,-60.7272,,1,18.3,0.1,,,,15,26,21876,,,,21,29293,,,,27,12430,,,,16,30998,,,,4,29787,,,,10,6686,,,,20,22939,,,,30,15603,,,,15,25806,,,,,,,,,,,,,,,,,,,,,,,,,,,,,,,,,
173713,25-Jun-18,8:37:21,2018-06-25 08:37:21,G,1,146,1947,1211,0,7,-62.8449,-60.7386,39:46.6,FastGPS,-62.8449,-60.7386,,,5.5,-0.4,,,,15,13,27289,,,,20,23787,,,,27,22036,,,,15,20122,,,,21,29551,,,,10,6703,,,,16,17805,,,,,,,,,,,,,,,,,,,,,,,,,,,,,,,,,,,,,,,,,,,
173713,25-Jun-18,9:39:02,2018-06-25 09:39:02,G,1,146,1949,1211,0,6,-62.8101,-60.7675,41:27.5,FastGPS,-62.8101,-60.7675,,,8.8,-0.5,,,,15,10,25037,,,,27,31487,,,,20,8358,,,,8,2572,,,,18,20666,,,,11,22312,,,,,,,,,,,,,,,,,,,,,,,,,,,,,,,,,,,,,,,,,,,,,,,,
173713,25-Jun-18,10:45:09,2018-06-25 10:45:09,G,2,146,1950,,0,9,-62.7828,-60.7989,47:35.1,FastGPS,-62.7828,-60.7989,,,10.1,0.1,,,,15,10,14356,,,,8,8328,,,,11,24242,,,,32,14730,,,,20,1983,,,,27,28427,,,,1,10593,,,,18,19536,,,,22,3829,,,,,,,,,,,,,,,,,,,,,,,,,,,,,,,,,
173713,25-Jun-18,11:22:18,2018-06-25 11:22:18,G,3,146,1951,1213,0,5,-62.7676,-60.8208,24:44.1,FastGPS,-62.7676,-60.8208,,,10.5,0.1,,,,15,10,22280,,,,8,30848,,,,18,8421,,,,32,25625,,,,11,15999,,,,,,,,,,,,,,,,,,,,,,,,,,,,,,,,,,,,,,,,,,,,,,,,,,,,,
173713,25-Jun-18,12:06:26,2018-06-25 12:06:26,G,4,146,1952,1213,0,8,-62.7529,-60.8548,08:52.1,FastGPS,-62.7529,-60.8548,,,13,0.1,,,,15,18,15545,,,,3,12637,,,,11,26164,,,,32,2437,,,,22,28023,,,,8,24639,,,,1,22802,,,,14,12711,,,,,,,,,,,,,,,,,,,,,,,,,,,,,,,,,,,,,,
173713,25-Jun-18,14:20:34,2018-06-25 14:20:34,G,3,146,1953,,0,9,-62.7054,-60.9187,23:00.1,FastGPS,-62.7054,-60.9187,,,9.6,0.1,,,,15,23,13255,,,,3,5715,,,,1,14713,,,,17,14105,,,,18,18070,,,,14,18449,,,,11,14238,,,,25,5366,,,,19,29749,,,,,,,,,,,,,,,,,,,,,,,,,,,,,,,,,
173713,25-Jun-18,15:04:49,2018-06-25 15:04:49,G,3,146,1954,,0,9,-62.6888,-60.9389,07:14.6,FastGPS,-62.6888,-60.9389,,,16.3,-0.4,,,,15,31,20070,,,,3,31317,,,,9,8245,,,,23,3964,,,,22,13188,,,,17,25987,,,,14,23384,,,,25,30804,,,,1,28159,,,,,,,,,,,,,,,,,,,,,,,,,,,,,,,,,
173713,25-Jun-18,15:53:34,2018-06-25 15:53:34,G,4,146,1955,,0,9,-62.6767,-60.9384,56:00.1,FastGPS,-62.6767,-60.9384,,1,6.7,0.1,,,,15,9,13017,,,,6,3893,,,,31,20303,,,,23,28648,,,,26,11129,,,,3,6458,,,,19,23872,,,,22,25340,,,,4,22029,,,,,,,,,,,,,,,,,,,,,,,,,,,,,,,,,
173713,25-Jun-18,16:23:00,2018-06-25 16:23:00,G,4,146,1956,,0,9,-62.6814,-60.9108,25:25.6,FastGPS,-62.6814,-60.9108,,,9.2,-0.4,,,,15,2,18499,,,,6,2146,,,,23,28921,,,,3,8401,,,,9,6776,,,,16,23572,,,,22,21116,,,,31,14705,,,,26,20618,,,,,,,,,,,,,,,,,,,,,,,,,,,,,,,,,
173713,25-Jun-18,17:05:21,2018-06-25 17:05:21,G,3,146,1957,1214,0,8,-62.6937,-60.8786,07:46.1,FastGPS,-62.6937,-60.8786,,,7.1,-0.9,,,,15,7,17140,,,,9,32471,,,,6,30650,,,,4,23342,,,,26,4444,,,,16,9547,,,,23,4943,,,,2,21396,,,,,,,,,,,,,,,,,,,,,,,,,,,,,,,,,,,,,,
173713,25-Jun-18,17:38:09,2018-06-25 17:38:09,G,1,146,1958,,0,9,-62.6982,-60.8603,40:33.6,FastGPS,-62.6982,-60.8603,,,4.6,-1.4,,,,15,2,6017,,,,7,11121,,,,5,18783,,,,6,26245,,,,9,24076,,,,29,23187,,,,16,14310,,,,23,15475,,,,26,15345,,,,,,,,,,,,,,,,,,,,,,,,,,,,,,,,,
173713,25-Jun-18,18:11:30,2018-06-25 18:11:30,G,1,146,1959,1214,0,7,-62.6885,-60.8278,13:55.1,FastGPS,-62.6885,-60.8278,,,13.6,-0.9,,,,15,7,8634,,,,9,8148,,,,23,31735,,,,16,3425,,,,5,2392,,,,26,12002,,,,30,24058,,,,,,,,,,,,,,,,,,,,,,,,,,,,,,,,,,,,,,,,,,,
173713,25-Jun-18,18:43:29,2018-06-25 18:43:29,G,2,146,1960,1214,0,7,-62.6785,-60.7967,45:54.1,FastGPS,-62.6785,-60.7967,,,17.6,-0.9,,,,15,5,9119,,,,9,13442,,,,7,15821,,,,23,29540,,,,16,32620,,,,30,32364,,,,2,21991,,,,,,,,,,,,,,,,,,,,,,,,,,,,,,,,,,,,,,,,,,,
173713,25-Jun-18,19:16:35,2018-06-25 19:16:35,G,2,146,1961,1214,0,7,-62.6698,-60.7675,19:00.1,FastGPS,-62.6698,-60.7675,,,9.5,-0.9,,,,15,5,11089,,,,30,16752,,,,7,9462,,,,9,18408,,,,16,17882,,,,27,24643,,,,21,21638,,,,,,,,,,,,,,,,,,,,,,,,,,,,,,,,,,,,,,,,,,,
173713,25-Jun-18,22:07:50,2018-06-25 22:07:50,G,1,146,1965,,0,9,-62.6306,-60.6744,10:14.6,FastGPS,-62.6306,-60.6744,,,10.5,-1.4,,,,15,15,15915,,,,17,10526,,,,8,31185,,,,20,1409,,,,28,18631,,,,13,11065,,,,10,31062,,,,30,26652,,,,11,23083,,,,,,,,,,,,,,,,,,,,,,,,,,,,,,,,,
173713,25-Jun-18,23:08:00,2018-06-25 23:08:00,G,2,146,1967,,1,9,-62.6233,-60.673,10:24.6,FastGPS,-62.6233,-60.673,,,6.4,-1.4,,,,15,15,29811,,,,17,10605,,,,13,21176,,,,28,27328,,,,1,15947,,,,11,6437,,,,24,27575,,,,18,546,,,,10,6550,,,,,,,,,,,,,,,,,,,,,,,,,,,,,,,,,
173713,25-Jun-18,23:38:00,2018-06-25 23:38:00,G,2,146,1968,,0,9,-62.6218,-60.6786,40:24.6,FastGPS,-62.6218,-60.6786,,,9.7,-1.4,,,,15,17,1562,,,,28,18672,,,,12,14131,,,,15,15549,,,,24,31731,,,,1,4499,,,,11,2308,,,,19,11182,,,,13,7282,,,,,,,,,,,,,,,,,,,,,,,,,,,,,,,,,
173713,26-Jun-18,0:10:49,2018-06-26 00:10:49,G,2,146,1969,1215,0,8,-62.6276,-60.7027,13:13.6,FastGPS,-62.6276,-60.7027,,,8.8,-1.4,,,,15,15,19518,,,,17,8598,,,,1,12527,,,,12,29509,,,,19,11476,,,,11,22891,,,,28,5535,,,,18,5736,,,,,,,,,,,,,,,,,,,,,,,,,,,,,,,,,,,,,,
173713,26-Jun-18,0:41:01,2018-06-26 00:41:01,G,3,146,1970,1215,0,7,-62.6286,-60.7229,43:25.6,FastGPS,-62.6286,-60.7229,,,5.9,-1.4,,,,15,32,29108,,,,12,28081,,,,17,3586,,,,19,9089,,,,24,19879,,,,1,19975,,,,10,8902,,,,,,,,,,,,,,,,,,,,,,,,,,,,,,,,,,,,,,,,,,,
173713,26-Jun-18,2:14:36,2018-06-26 02:14:36,G,1,146,1971,,0,9,-62.6345,-60.7308,17:00.6,FastGPS,-62.6345,-60.7308,,,4.8,-1.4,,,,15,12,12658,,,,32,23093,,,,25,19208,,,,24,14109,,,,31,10708,,,,22,11708,,,,3,13532,,,,14,31438,,,,17,15753,,,,,,,,,,,,,,,,,,,,,,,,,,,,,,,,,
173713,26-Jun-18,2:44:18,2018-06-26 02:44:18,G,4,146,1972,1217,0,8,-62.6354,-60.7303,46:43.1,FastGPS,-62.6354,-60.7303,,,16.9,-0.9,,,,15,12,32402,,,,31,16785,,,,2,12928,,,,25,8831,,,,6,18781,,,,19,30060,,,,32,17490,,,,29,8312,,,,,,,,,,,,,,,,,,,,,,,,,,,,,,,,,,,,,,
173713,26-Jun-18,3:14:00,2018-06-26 03:14:00,G,3,146,1973,1217,0,8,-62.6365,-60.7303,16:25.6,FastGPS,-62.6365,-60.7303,,,6.6,-0.4,,,,15,29,10190,,,,25,259,,,,12,16083,,,,6,7763,,,,19,10318,,,,31,31528,,,,2,20683,,,,14,846,,,,,,,,,,,,,,,,,,,,,,,,,,,,,,,,,,,,,,
173713,26-Jun-18,3:44:00,2018-06-26 03:44:00,G,2,146,1974,1217,0,6,-62.6376,-60.7293,46:24.6,FastGPS,-62.6376,-60.7293,,,6.3,-1.4,,,,15,31,26834,,,,29,6723,,,,12,13914,,,,25,3403,,,,2,24767,,,,5,26626,,,,,,,,,,,,,,,,,,,,,,,,,,,,,,,,,,,,,,,,,,,,,,,,
173713,26-Jun-18,4:16:42,2018-06-26 04:16:42,G,3,146,1975,1217,0,7,-62.6419,-60.7329,19:07.1,FastGPS,-62.6419,-60.7329,,1,5.4,-0.9,,,,15,29,14502,,,,25,29609,,,,31,11488,,,,12,6877,,,,4,4505,,,,2,3010,,,,5,11631,,,,,,,,,,,,,,,,,,,,,,,,,,,,,,,,,,,,,,,,,,,
173713,26-Jun-18,4:48:03,2018-06-26 04:48:03,G,4,146,1976,,0,9,-62.6526,-60.7466,50:29.1,FastGPS,-62.6526,-60.7466,,,11.8,0.1,,,,15,5,12290,,,,29,23163,,,,31,14873,,,,4,12319,,,,25,22927,,,,12,25439,,,,26,14743,,,,2,4963,,,,23,13528,,,,,,,,,,,,,,,,,,,,,,,,,,,,,,,,,
173713,26-Jun-18,5:18:00,2018-06-26 05:18:00,G,1,146,1977,,1,9,-62.6556,-60.7518,20:24.6,FastGPS,-62.6556,-60.7518,,,9.9,-1.4,,,,15,29,13319,,,,26,3191,,,,5,30488,,,,21,24775,,,,31,25901,,,,4,10090,,,,2,28546,,,,25,5497,,,,9,28057,,,,,,,,,,,,,,,,,,,,,,,,,,,,,,,,,
173713,26-Jun-18,5:48:00,2018-06-26 05:48:00,G,3,146,1978,,0,9,-62.6565,-60.7534,50:24.6,FastGPS,-62.6565,-60.7535,,1,4,-1.4,,,,15,26,26435,,,,4,6266,,,,5,8643,,,,16,8211,,,,21,27069,,,,29,31993,,,,31,32406,,,,2,29467,,,,25,26704,,,,,,,,,,,,,,,,,,,,,,,,,,,,,,,,,
173713,26-Jun-18,6:18:00,2018-06-26 06:18:00,G,1,146,1979,1217,0,7,-62.6582,-60.7502,20:24.6,FastGPS,-62.6582,-60.7502,,1,5.6,-1.4,,,,15,5,31149,,,,16,24472,,,,26,426,,,,4,17205,,,,29,6703,,,,31,5176,,,,21,31405,,,,,,,,,,,,,,,,,,,,,,,,,,,,,,,,,,,,,,,,,,,
173713,26-Jun-18,6:48:00,2018-06-26 06:48:00,G,1,146,1980,1217,1,8,-62.6588,-60.7483,50:24.6,FastGPS,-62.6588,-60.7483,,,5.7,-1.4,,,,15,5,29977,,,,29,3404,,,,16,29801,,,,26,13823,,,,21,22360,,,,4,3406,,,,7,12702,,,,20,4840,,,,,,,,,,,,,,,,,,,,,,,,,,,,,,,,,,,,,,
173713,26-Jun-18,8:18:00,2018-06-26 08:18:00,G,2,146,1983,,0,9,-62.6614,-60.749,20:24.6,FastGPS,-62.6614,-60.749,,,5,-1.4,,,,15,7,23480,,,,27,26738,,,,21,8082,,,,30,7591,,,,15,34,,,,13,1009,,,,16,3646,,,,10,17265,,,,8,24493,,,,,,,,,,,,,,,,,,,,,,,,,,,,,,,,,
173713,26-Jun-18,8:48:00,2018-06-26 08:48:00,G,2,146,1984,,1,9,-62.6627,-60.7524,50:24.6,FastGPS,-62.6627,-60.7524,,,7.9,-1.4,,,,15,27,3631,,,,21,7102,,,,15,25589,,,,20,325,,,,10,20687,,,,7,10386,,,,8,1862,,,,13,3119,,,,30,3228,,,,,,,,,,,,,,,,,,,,,,,,,,,,,,,,,
173713,26-Jun-18,9:35:00,2018-06-26 09:35:00,G,2,146,1985,1218,0,8,-62.6735,-60.7689,37:24.6,FastGPS,-62.6735,-60.7689,,,11.7,-1.4,,,,15,15,9664,,,,10,8625,,,,20,23837,,,,21,9206,,,,8,18064,,,,27,14728,,,,18,3771,,,,16,16490,,,,,,,,,,,,,,,,,,,,,,,,,,,,,,,,,,,,,,
173713,26-Jun-18,10:05:00,2018-06-26 10:05:00,G,1,146,1986,,0,9,-62.674,-60.7735,07:24.6,FastGPS,-62.674,-60.7735,,,10.8,-1.4,,,,15,10,5666,,,,32,23986,,,,8,6537,,,,20,7195,,,,15,20147,,,,18,26556,,,,11,28663,,,,27,4993,,,,28,25419,,,,,,,,,,,,,,,,,,,,,,,,,,,,,,,,,
173713,26-Jun-18,10:35:01,2018-06-26 10:35:01,G,1,146,1987,1218,0,7,-62.6766,-60.7901,37:26.1,FastGPS,-62.6766,-60.7901,,,3.5,-0.9,,,,15,10,32396,,,,32,1791,,,,27,27915,,,,8,22914,,,,18,10468,,,,28,16447,,,,11,14537,,,,,,,,,,,,,,,,,,,,,,,,,,,,,,,,,,,,,,,,,,,
173713,26-Jun-18,11:08:01,2018-06-26 11:08:01,G,1,146,1988,,0,9,-62.6815,-60.8172,10:25.6,FastGPS,-62.6815,-60.8172,,,5.5,-1.4,,,,15,11,31016,,,,1,22567,,,,18,24308,,,,28,32005,,,,32,4907,,,,10,22319,,,,8,28954,,,,27,16132,,,,20,30724,,,,,,,,,,,,,,,,,,,,,,,,,,,,,,,,,
173713,26-Jun-18,12:08:00,2018-06-26 12:08:00,G,1,146,1990,,0,9,-62.6979,-60.867,10:24.6,FastGPS,-62.6979,-60.867,,,4.2,-1.4,,,,15,1,14596,,,,11,6031,,,,18,27794,,,,22,27200,,,,10,5305,,,,32,12988,,,,14,7210,,,,17,3480,,,,8,11250,,,,,,,,,,,,,,,,,,,,,,,,,,,,,,,,,
173713,26-Jun-18,12:41:01,2018-06-26 12:41:01,G,1,146,1991,,0,9,-62.6989,-60.8722,43:26.1,FastGPS,-62.6989,-60.8722,,,7,-0.9,,,,15,11,3822,,,,22,15542,,,,1,19200,,,,3,6133,,,,18,23407,,,,32,25772,,,,17,5004,,,,10,7179,,,,19,12834,,,,,,,,,,,,,,,,,,,,,,,,,,,,,,,,,
173713,26-Jun-18,13:12:46,2018-06-26 13:12:46,G,1,146,1992,,0,9,-62.6952,-60.8841,15:12.1,FastGPS,-62.6952,-60.8841,,,5.4,0.1,,,,15,32,27340,,,,14,3213,,,,17,21555,,,,11,28529,,,,18,12391,,,,31,11547,,,,1,10588,,,,22,29918,,,,3,4375,,,,,,,,,,,,,,,,,,,,,,,,,,,,,,,,,
173713,26-Jun-18,13:46:03,2018-06-26 13:46:03,G,2,146,1993,1218,0,7,-62.6934,-60.893,48:29.1,FastGPS,-62.6934,-60.893,,,9.6,0.1,,,,15,31,10034,,,,14,1164,,,,32,23968,,,,22,5107,,,,3,13604,,,,17,16901,,,,1,20044,,,,,,,,,,,,,,,,,,,,,,,,,,,,,,,,,,,,,,,,,,,
173713,26-Jun-18,14:16:00,2018-06-26 14:16:00,G,2,146,1994,,0,9,-62.693,-60.8925,18:24.6,FastGPS,-62.693,-60.8925,,,7.6,-1.4,,,,15,1,32280,,,,12,24992,,,,31,650,,,,3,21090,,,,23,26651,,,,18,3350,,,,22,9338,,,,11,31991,,,,17,30885,,,,,,,,,,,,,,,,,,,,,,,,,,,,,,,,,
173713,26-Jun-18,15:49:00,2018-06-26 15:49:00,G,1,146,1997,,0,9,-62.6932,-60.8933,51:24.6,FastGPS,-62.6932,-60.8933,,1,5.6,-1.4,,,,15,23,3255,,,,3,15777,,,,2,28385,,,,31,29931,,,,22,2942,,,,9,19170,,,,6,11221,,,,4,28958,,,,26,17726,,,,,,,,,,,,,,,,,,,,,,,,,,,,,,,,,
173713,26-Jun-18,16:22:27,2018-06-26 16:22:27,G,1,146,1998,1218,0,8,-62.6958,-60.8922,24:52.1,FastGPS,-62.6958,-60.8922,,,8.1,-0.9,,,,15,9,25128,,,,23,2568,,,,3,4188,,,,29,29694,,,,6,7715,,,,31,9786,,,,2,3126,,,,7,11562,,,,,,,,,,,,,,,,,,,,,,,,,,,,,,,,,,,,,,
173713,26-Jun-18,16:54:38,2018-06-26 16:54:38,G,1,146,1999,,0,9,-62.699,-60.8712,57:03.1,FastGPS,-62.699,-60.8712,,,12.6,-0.9,,,,15,2,13951,,,,23,15548,,,,9,19446,,,,6,10878,,,,3,30475,,,,26,32225,,,,16,19622,,,,29,27492,,,,4,23698,,,,,,,,,,,,,,,,,,,,,,,,,,,,,,,,,
173713,26-Jun-18,17:24:00,2018-06-26 17:24:00,G,2,146,2000,,0,9,-62.6984,-60.8667,26:24.6,FastGPS,-62.6984,-60.8667,,,6.8,-1.4,,,,15,7,10445,,,,4,8894,,,,29,3271,,,,9,375,,,,5,15644,,,,2,28987,,,,26,6842,,,,6,7704,,,,16,9872,,,,,,,,,,,,,,,,,,,,,,,,,,,,,,,,,
173713,26-Jun-18,17:54:55,2018-06-26 17:54:55,G,1,146,2001,1218,0,8,-62.7075,-60.8566,57:20.1,FastGPS,-62.7075,-60.8566,,,11.6,-0.9,,,,15,23,24770,,,,7,10779,,,,16,14320,,,,9,31591,,,,2,14231,,,,26,22969,,,,6,26309,,,,30,6322,,,,,,,,,,,,,,,,,,,,,,,,,,,,,,,,,,,,,,
173713,26-Jun-18,20:49:00,2018-06-26 20:49:00,G,1,146,2005,1218,0,7,-62.7841,-60.7776,51:24.6,FastGPS,-62.7841,-60.7776,,,9.2,-1.4,,,,15,7,4092,,,,5,25217,,,,30,25777,,,,28,12994,,,,8,6629,,,,27,27547,,,,13,28687,,,,,,,,,,,,,,,,,,,,,,,,,,,,,,,,,,,,,,,,,,,
173713,26-Jun-18,21:19:04,2018-06-26 21:19:04,G,1,146,2006,1218,0,6,-62.7936,-60.7664,21:29.1,FastGPS,-62.7936,-60.7664,,,6.1,-0.9,,,,15,15,5418,,,,8,8643,,,,30,11774,,,,28,17404,,,,13,24202,,,,20,22166,,,,,,,,,,,,,,,,,,,,,,,,,,,,,,,,,,,,,,,,,,,,,,,,
173713,26-Jun-18,21:49:02,2018-06-26 21:49:02,G,1,146,2007,,0,9,-62.7921,-60.7779,51:26.6,FastGPS,-62.7921,-60.7779,,,15.9,-1.4,,,,15,15,19760,,,,28,18037,,,,13,23576,,,,30,13616,,,,24,15805,,,,8,9940,,,,7,14630,,,,5,14996,,,,20,17669,,,,,,,,,,,,,,,,,,,,,,,,,,,,,,,,,
173713,26-Jun-18,22:39:37,2018-06-26 22:39:37,G,1,146,2008,,0,9,-62.7964,-60.7829,42:01.6,FastGPS,-62.7964,-60.7829,,,10.3,-1.4,,,,15,15,24735,,,,28,11811,,,,18,32121,,,,17,26555,,,,11,30959,,,,1,31237,,,,13,13253,,,,10,30997,,,,30,21265,,,,,,,,,,,,,,,,,,,,,,,,,,,,,,,,,
173713,26-Jun-18,23:11:56,2018-06-26 23:11:56,G,2,146,2009,1219,0,8,-62.8138,-60.7796,14:21.1,FastGPS,-62.8138,-60.7796,,,16.4,-0.9,,,,15,15,25033,,,,28,6154,,,,24,29878,,,,13,28647,,,,1,6800,,,,11,5626,,,,10,16729,,,,17,9141,,,,,,,,,,,,,,,,,,,,,,,,,,,,,,,,,,,,,,
173713,26-Jun-18,23:45:26,2018-06-26 23:45:26,G,1,146,2010,,0,9,-62.7908,-60.8037,47:50.6,FastGPS,-62.7908,-60.8037,,,8.2,-1.4,,,,15,17,23657,,,,12,3863,,,,19,18087,,,,24,32572,,,,15,20609,,,,28,5111,,,,18,15577,,,,1,16295,,,,13,23895,,,,,,,,,,,,,,,,,,,,,,,,,,,,,,,,,
173713,27-Jun-18,1:03:42,2018-06-27 01:03:42,G,2,146,2012,1219,0,5,-62.7753,-60.7457,06:06.6,FastGPS,-62.7753,-60.7457,,,5.8,-1.4,,,,15,17,7017,,,,12,7043,,,,19,11519,,,,24,4691,,,,6,32001,,,,,,,,,,,,,,,,,,,,,,,,,,,,,,,,,,,,,,,,,,,,,,,,,,,,,
173713,27-Jun-18,1:59:54,2018-06-27 01:59:54,G,2,146,2013,,0,9,-62.7841,-60.7387,02:19.1,FastGPS,-62.7841,-60.7387,,,16.6,-0.9,,,,15,19,2935,,,,17,5895,,,,24,23455,,,,3,17165,,,,12,14995,,,,32,13274,,,,14,30076,,,,2,16040,,,,25,21352,,,,,,,,,,,,,,,,,,,,,,,,,,,,,,,,,
173713,27-Jun-18,2:30:20,2018-06-27 02:30:20,G,2,146,2014,,0,9,-62.7713,-60.7424,32:46.1,FastGPS,-62.7713,-60.7424,,,9.5,0.1,,,,15,12,11526,,,,2,13809,,,,32,16407,,,,31,11003,,,,6,26978,,,,19,4819,,,,29,28823,,,,25,19484,,,,24,4027,,,,,,,,,,,,,,,,,,,,,,,,,,,,,,,,,
173713,27-Jun-18,3:02:06,2018-06-27 03:02:06,G,2,146,2015,,0,9,-62.7859,-60.7494,04:31.6,FastGPS,-62.7859,-60.7494,,,17.3,-0.4,,,,15,25,10075,,,,29,30237,,,,31,27277,,,,6,13025,,,,32,31051,,,,14,8836,,,,12,20288,,,,19,32285,,,,2,26808,,,,,,,,,,,,,,,,,,,,,,,,,,,,,,,,,
173713,27-Jun-18,4:07:00,2018-06-27 04:07:00,G,1,146,2017,1219,0,7,-62.7918,-60.6775,09:25.1,FastGPS,-62.7918,-60.6775,,1,4.3,-0.9,,,,15,29,15584,,,,31,24271,,,,25,17935,,,,12,10113,,,,23,1849,,,,4,29677,,,,6,27371,,,,,,,,,,,,,,,,,,,,,,,,,,,,,,,,,,,,,,,,,,,
173713,27-Jun-18,4:37:33,2018-06-27 04:37:33,G,1,146,2018,1219,0,8,-62.8047,-60.6578,39:58.6,FastGPS,-62.8047,-60.6578,,1,10.1,-0.4,,,,15,31,30775,,,,29,23519,,,,4,31570,,,,25,13324,,,,12,28392,,,,23,27453,,,,9,10987,,,,26,29858,,,,,,,,,,,,,,,,,,,,,,,,,,,,,,,,,,,,,,
173713,27-Jun-18,5:11:06,2018-06-27 05:11:06,G,1,146,2019,,0,9,-62.8254,-60.6416,13:31.6,FastGPS,-62.8254,-60.6416,,,10.6,-0.4,,,,15,29,9720,,,,31,28825,,,,25,10312,,,,21,3730,,,,4,32305,,,,26,23352,,,,2,6169,,,,16,12852,,,,23,15271,,,,,,,,,,,,,,,,,,,,,,,,,,,,,,,,,
173713,27-Jun-18,6:25:58,2018-06-27 06:25:58,G,1,146,2020,1220,0,6,-62.8239,-60.5461,28:23.1,FastGPS,-62.8239,-60.5461,,1,1.5,-0.9,,,,15,29,19159,,,,4,19684,,,,21,21904,,,,26,14387,,,,16,8752,,,,5,28181,,,,,,,,,,,,,,,,,,,,,,,,,,,,,,,,,,,,,,,,,,,,,,,,
173713,27-Jun-18,7:27:01,2018-06-27 07:27:01,G,1,146,2022,,0,9,-62.8515,-60.5348,29:26.1,FastGPS,-62.8515,-60.5348,,,11.6,-0.9,,,,15,5,3381,,,,29,10033,,,,7,22433,,,,10,10990,,,,21,5314,,,,27,26562,,,,16,22159,,,,26,578,,,,20,8451,,,,,,,,,,,,,,,,,,,,,,,,,,,,,,,,,
173713,27-Jun-18,7:57:51,2018-06-27 07:57:51,G,1,146,2023,,0,9,-62.836,-60.5061,00:16.1,FastGPS,-62.836,-60.5061,,,8.1,-0.9,,,,15,27,4788,,,,7,31293,,,,15,20497,,,,16,27338,,,,29,503,,,,21,26358,,,,8,8874,,,,30,9412,,,,10,32004,,,,,,,,,,,,,,,,,,,,,,,,,,,,,,,,,
173713,27-Jun-18,8:28:22,2018-06-27 08:28:22,G,2,146,2024,,0,9,-62.8302,-60.4549,30:47.1,FastGPS,-62.8302,-60.4549,,,8.7,-0.9,,,,15,7,18716,,,,15,13805,,,,30,7492,,,,27,13076,,,,13,21916,,,,20,16638,,,,21,26261,,,,8,8199,,,,10,30059,,,,,,,,,,,,,,,,,,,,,,,,,,,,,,,,,
173713,27-Jun-18,10:22:06,2018-06-27 10:22:06,G,2,146,2027,1220,0,8,-62.8754,-60.5182,24:31.1,FastGPS,-62.8754,-60.5182,,,7.3,-0.9,,,,15,27,24163,,,,32,31600,,,,8,26791,,,,10,10982,,,,20,29635,,,,28,1485,,,,18,15233,,,,1,20654,,,,,,,,,,,,,,,,,,,,,,,,,,,,,,,,,,,,,,
173713,27-Jun-18,10:53:11,2018-06-27 10:53:11,G,3,146,2028,,0,9,-62.8629,-60.5093,55:36.1,FastGPS,-62.8629,-60.5093,,,11.4,-0.9,,,,15,18,735,,,,8,19714,,,,11,6785,,,,32,8539,,,,24,29661,,,,27,31164,,,,20,12262,,,,10,19781,,,,28,1942,,,,,,,,,,,,,,,,,,,,,,,,,,,,,,,,,
173713,27-Jun-18,11:23:00,2018-06-27 11:23:00,G,1,146,2029,,0,9,-62.8758,-60.5356,25:25.1,FastGPS,-62.8758,-60.5356,,,2.8,-0.9,,,,15,32,25591,,,,8,16493,,,,14,7336,,,,18,4666,,,,27,133,,,,10,9775,,,,1,4238,,,,11,12830,,,,28,26188,,,,,,,,,,,,,,,,,,,,,,,,,,,,,,,,,
173713,27-Jun-18,12:29:38,2018-06-27 12:29:38,G,4,146,2031,1220,0,8,-62.8423,-60.6112,32:03.6,FastGPS,-62.8423,-60.6112,,,2.9,-0.4,,,,15,32,29631,,,,1,640,,,,10,31939,,,,18,21192,,,,17,6841,,,,14,31869,,,,3,31125,,,,22,17180,,,,,,,,,,,,,,,,,,,,,,,,,,,,,,,,,,,,,,
173713,27-Jun-18,12:59:00,2018-06-27 12:59:00,G,1,146,2032,,0,9,-62.8339,-60.6335,01:25.6,FastGPS,-62.8339,-60.6335,,,7.6,-0.4,,,,15,32,8489,,,,14,25168,,,,17,23959,,,,1,28894,,,,11,32160,,,,18,17649,,,,31,22934,,,,3,20350,,,,22,30245,,,,,,,,,,,,,,,,,,,,,,,,,,,,,,,,,
173713,27-Jun-18,13:29:00,2018-06-27 13:29:00,G,2,146,2033,1220,0,7,-62.8326,-60.6561,31:25.6,FastGPS,-62.8326,-60.6561,,2,2.1,-0.4,,,,15,12,21599,,,,31,5157,,,,32,11323,,,,14,29872,,,,25,15105,,,,21,22113,,,,5,11145,,,,,,,,,,,,,,,,,,,,,,,,,,,,,,,,,,,,,,,,,,,
173713,27-Jun-18,13:59:00,2018-06-27 13:59:00,G,2,146,2034,1220,1,5,-62.8318,-60.6809,01:25.6,FastGPS,-62.8318,-60.6809,,,4.3,-0.4,,,,15,32,25261,,,,12,11613,,,,25,7545,,,,6,14074,,,,31,24058,,,,,,,,,,,,,,,,,,,,,,,,,,,,,,,,,,,,,,,,,,,,,,,,,,,,,
173713,27-Jun-18,14:29:00,2018-06-27 14:29:00,G,1,146,2035,1220,1,8,-62.8322,-60.7047,31:25.6,FastGPS,-62.8322,-60.7047,,,10.7,-0.4,,,,15,31,17218,,,,12,5745,,,,25,13237,,,,32,8024,,,,19,11049,,,,6,31862,,,,14,3847,,,,17,15749,,,,,,,,,,,,,,,,,,,,,,,,,,,,,,,,,,,,,,
173713,27-Jun-18,19:30:00,2018-06-27 19:30:00,G,2,146,2036,1220,0,8,-62.8434,-60.8563,32:24.6,FastGPS,-62.8434,-60.8563,,,9.6,-1.4,,,,15,7,21697,,,,5,17640,,,,30,27552,,,,9,29735,,,,13,16121,,,,8,16101,,,,28,19393,,,,27,508,,,,,,,,,,,,,,,,,,,,,,,,,,,,,,,,,,,,,,
173713,27-Jun-18,20:00:16,2018-06-27 20:00:16,G,2,146,2037,1220,0,8,-62.8552,-60.8507,02:40.6,FastGPS,-62.8552,-60.8507,,,9.1,-1.4,,,,15,30,1847,,,,7,2565,,,,5,29346,,,,13,12576,,,,27,30749,,,,28,26004,,,,9,5346,,,,8,21107,,,,,,,,,,,,,,,,,,,,,,,,,,,,,,,,,,,,,,
173713,27-Jun-18,22:33:35,2018-06-27 22:33:35,G,1,146,2042,,0,9,-62.8134,-61.0169,35:59.6,FastGPS,-62.8134,-61.0169,,,7.4,-1.4,,,,15,28,27590,,,,15,4641,,,,17,29640,,,,18,8368,,,,13,30621,,,,24,21022,,,,11,9116,,,,1,3403,,,,30,7965,,,,,,,,,,,,,,,,,,,,,,,,,,,,,,,,,
173713,27-Jun-18,23:51:54,2018-06-27 23:51:54,G,1,146,2044,1221,0,7,-62.7796,-61.065,54:18.6,FastGPS,-62.7796,-61.065,,,11.2,-1.4,,,,15,17,3584,,,,24,25476,,,,15,24300,,,,19,17326,,,,13,11030,,,,10,10644,,,,32,166,,,,,,,,,,,,,,,,,,,,,,,,,,,,,,,,,,,,,,,,,,,
173713,28-Jun-18,0:56:55,2018-06-28 00:56:55,G,1,146,2046,1221,0,7,-62.7564,-61.0901,59:20.1,FastGPS,-62.7564,-61.0901,,,4,-0.9,,,,15,12,19873,,,,17,31450,,,,24,26372,,,,15,28757,,,,32,4445,,,,19,30154,,,,25,11624,,,,,,,,,,,,,,,,,,,,,,,,,,,,,,,,,,,,,,,,,,,
173713,28-Jun-18,1:27:00,2018-06-28 01:27:00,G,4,146,2047,1221,0,7,-62.7472,-61.1091,29:25.6,FastGPS,-62.7472,-61.1091,,,9,-0.4,,,,15,12,3381,,,,32,17728,,,,24,26963,,,,25,28490,,,,14,29196,,,,2,19639,,,,19,17832,,,,,,,,,,,,,,,,,,,,,,,,,,,,,,,,,,,,,,,,,,,
173713,28-Jun-18,2:12:14,2018-06-28 02:12:14,G,2,146,2048,1222,0,8,-62.7459,-61.1319,14:39.6,FastGPS,-62.7459,-61.1319,,,10.4,-0.3,,,,15,12,1669,,,,19,2073,,,,17,8380,,,,24,12797,,,,2,6849,,,,25,29339,,,,6,6814,,,,29,11266,,,,,,,,,,,,,,,,,,,,,,,,,,,,,,,,,,,,,,
173713,28-Jun-18,2:42:56,2018-06-28 02:42:56,G,1,146,2049,,0,9,-62.7431,-61.14,45:21.6,FastGPS,-62.7431,-61.14,,,14.4,-0.4,,,,15,12,19542,,,,29,4773,,,,31,11238,,,,2,28231,,,,6,8159,,,,14,13713,,,,32,27704,,,,3,16979,,,,25,22622,,,,,,,,,,,,,,,,,,,,,,,,,,,,,,,,,
173713,28-Jun-18,3:43:00,2018-06-28 03:43:00,G,1,146,2051,1222,0,8,-62.7065,-61.1797,45:24.7,FastGPS,-62.7065,-61.1797,,1,9,-1.3,,,,15,2,16438,,,,12,15806,,,,29,26499,,,,25,31143,,,,4,11903,,,,14,22440,,,,31,4300,,,,6,3945,,,,,,,,,,,,,,,,,,,,,,,,,,,,,,,,,,,,,,
173713,28-Jun-18,4:58:59,2018-06-28 04:58:59,G,1,146,2053,1223,0,7,-62.7196,-61.2225,01:25.1,FastGPS,-62.7196,-61.2225,,1,6.5,0.1,,,,15,29,10331,,,,31,20654,,,,4,14481,,,,21,28958,,,,25,5822,,,,5,3258,,,,2,5470,,,,,,,,,,,,,,,,,,,,,,,,,,,,,,,,,,,,,,,,,,,
173713,28-Jun-18,5:29:00,2018-06-28 05:29:00,G,2,146,2054,1223,0,6,-62.7198,-61.2229,31:25.6,FastGPS,-62.7198,-61.2229,,1,5.5,-0.4,,,,15,29,10007,,,,31,7538,,,,21,4612,,,,5,31030,,,,4,24835,,,,25,3764,,,,,,,,,,,,,,,,,,,,,,,,,,,,,,,,,,,,,,,,,,,,,,,,
173713,28-Jun-18,5:59:00,2018-06-28 05:59:00,G,1,146,2055,1223,0,7,-62.7187,-61.2267,01:25.7,FastGPS,-62.7187,-61.2267,,1,9.3,-0.3,,,,15,29,22084,,,,5,30586,,,,4,11373,,,,26,17650,,,,21,11166,,,,16,13229,,,,31,13346,,,,,,,,,,,,,,,,,,,,,,,,,,,,,,,,,,,,,,,,,,,
173713,28-Jun-18,6:29:01,2018-06-28 06:29:01,G,3,146,2056,1223,0,7,-62.7187,-61.2267,31:26.6,FastGPS,-62.7187,-61.2267,,1,14.5,-0.4,,,,15,29,25933,,,,26,12201,,,,21,12581,,,,5,9532,,,,16,28021,,,,4,10652,,,,27,2382,,,,,,,,,,,,,,,,,,,,,,,,,,,,,,,,,,,,,,,,,,,
173713,28-Jun-18,7:14:00,2018-06-28 07:14:00,G,1,146,2057,1224,0,8,-62.7171,-61.2288,16:25.6,FastGPS,-62.7171,-61.2288,,,15,-0.3,,,,15,4,30023,,,,21,4817,,,,26,1515,,,,20,11549,,,,16,28354,,,,7,15110,,,,29,18569,,,,5,6384,,,,,,,,,,,,,,,,,,,,,,,,,,,,,,,,,,,,,,
173713,28-Jun-18,7:44:01,2018-06-28 07:44:01,G,1,146,2058,,0,9,-62.7174,-61.2322,46:25.6,FastGPS,-62.7174,-61.2322,,1,10.9,-1.4,,,,15,16,4441,,,,20,13132,,,,21,27996,,,,27,1201,,,,4,1250,,,,26,21990,,,,8,25146,,,,15,14936,,,,10,12749,,,,,,,,,,,,,,,,,,,,,,,,,,,,,,,,,
173713,28-Jun-18,8:15:50,2018-06-28 08:15:50,G,1,146,2059,,0,9,-62.7164,-61.2362,18:14.7,FastGPS,-62.7164,-61.2362,,,9.8,-1.3,,,,15,15,30715,,,,27,31774,,,,16,10490,,,,13,22085,,,,10,31657,,,,20,3272,,,,26,22469,,,,7,5337,,,,21,15059,,,,,,,,,,,,,,,,,,,,,,,,,,,,,,,,,
173713,28-Jun-18,9:02:52,2018-06-28 09:02:52,G,2,146,2060,1225,0,7,-62.7159,-61.2384,05:17.1,FastGPS,-62.7159,-61.2384,,,5,-0.9,,,,15,8,20029,,,,27,22626,,,,15,28454,,,,21,15563,,,,10,24375,,,,20,6850,,,,16,28621,,,,,,,,,,,,,,,,,,,,,,,,,,,,,,,,,,,,,,,,,,,
173713,28-Jun-18,9:48:01,2018-06-28 09:48:01,G,2,146,2061,,0,9,-62.7159,-61.238,50:25.6,FastGPS,-62.7159,-61.238,,,7.8,-1.4,,,,15,10,23448,,,,18,17413,,,,20,13644,,,,11,19434,,,,8,19563,,,,15,29018,,,,32,2776,,,,30,5137,,,,28,16940,,,,,,,,,,,,,,,,,,,,,,,,,,,,,,,,,
173713,28-Jun-18,10:36:23,2018-06-28 10:36:23,G,2,146,2062,,0,9,-62.7183,-61.2396,38:47.7,FastGPS,-62.7183,-61.2396,,,6.1,-1.3,,,,15,10,15359,,,,18,6874,,,,8,13754,,,,11,12090,,,,20,28012,,,,27,24074,,,,1,2726,,,,32,2349,,,,28,30767,,,,,,,,,,,,,,,,,,,,,,,,,,,,,,,,,
173713,28-Jun-18,11:06:01,2018-06-28 11:06:01,G,2,146,2063,,0,9,-62.7185,-61.2394,08:25.6,FastGPS,-62.7185,-61.2394,,,7,-1.3,,,,15,32,5692,,,,10,22670,,,,11,32642,,,,28,17369,,,,18,24971,,,,1,1650,,,,8,206,,,,20,22208,,,,22,19084,,,,,,,,,,,,,,,,,,,,,,,,,,,,,,,,,
173713,28-Jun-18,11:36:00,2018-06-28 11:36:00,G,1,146,2064,,0,9,-62.7225,-61.2427,38:24.7,FastGPS,-62.7225,-61.2427,,,10.8,-1.3,,,,15,32,2192,,,,10,31462,,,,11,24885,,,,1,16505,,,,18,14923,,,,14,28820,,,,27,2691,,,,28,15531,,,,8,11017,,,,,,,,,,,,,,,,,,,,,,,,,,,,,,,,,
173713,28-Jun-18,12:06:00,2018-06-28 12:06:00,G,1,146,2065,,0,9,-62.7228,-61.2449,08:24.6,FastGPS,-62.7228,-61.2449,,,12.5,-1.4,,,,15,32,21350,,,,18,7051,,,,14,1263,,,,11,19016,,,,22,29058,,,,1,8455,,,,3,23929,,,,10,22043,,,,24,14363,,,,,,,,,,,,,,,,,,,,,,,,,,,,,,,,,
173713,28-Jun-18,12:36:01,2018-06-28 12:36:01,G,1,146,2066,1227,0,8,-62.723,-61.2454,38:26.1,FastGPS,-62.723,-61.2454,,,5.8,-0.9,,,,15,32,28009,,,,18,28680,,,,14,28495,,,,11,10009,,,,3,29369,,,,1,32371,,,,22,975,,,,17,25538,,,,,,,,,,,,,,,,,,,,,,,,,,,,,,,,,,,,,,
173713,28-Jun-18,13:06:24,2018-06-28 13:06:24,G,1,146,2067,,0,9,-62.7229,-61.2451,08:49.1,FastGPS,-62.7229,-61.2451,,,12.3,-0.9,,,,15,17,18282,,,,32,12985,,,,31,9263,,,,22,25201,,,,14,25856,,,,1,2599,,,,18,39,,,,19,12304,,,,11,17077,,,,,,,,,,,,,,,,,,,,,,,,,,,,,,,,,
173713,28-Jun-18,14:07:17,2018-06-28 14:07:17,G,1,146,2069,,0,9,-62.7144,-61.2843,09:42.2,FastGPS,-62.7144,-61.2843,,,11.2,-0.8,,,,15,31,11215,,,,14,15771,,,,22,22757,,,,3,1281,,,,23,4857,,,,17,14155,,,,11,14277,,,,18,17811,,,,1,14149,,,,,,,,,,,,,,,,,,,,,,,,,,,,,,,,,
173713,28-Jun-18,15:08:35,2018-06-28 15:08:35,G,1,146,2071,,0,9,-62.7045,-61.3323,11:00.7,FastGPS,-62.7045,-61.3323,,,18.5,-0.3,,,,15,23,23917,,,,3,23091,,,,22,3282,,,,31,9816,,,,9,28082,,,,25,31260,,,,1,31012,,,,6,30613,,,,17,4564,,,,,,,,,,,,,,,,,,,,,,,,,,,,,,,,,
173713,29-Jun-18,20:59:06,2018-06-29 20:59:06,G,1,146,2076,1228,0,8,-62.709,-61.3005,01:30.7,FastGPS,-62.709,-61.3005,,,5.9,-1.3,,,,15,7,21587,,,,13,16129,,,,15,11032,,,,30,28150,,,,5,22029,,,,28,30494,,,,8,12098,,,,20,30961,,,,,,,,,,,,,,,,,,,,,,,,,,,,,,,,,,,,,,
173713,29-Jun-18,21:31:08,2018-06-29 21:31:08,G,1,146,2077,1228,0,7,-62.717,-61.2503,33:32.7,FastGPS,-62.717,-61.2503,,,9.4,-1.3,,,,15,15,31220,,,,7,29307,,,,13,18202,,,,28,5434,,,,30,22679,,,,11,6121,,,,8,12600,,,,,,,,,,,,,,,,,,,,,,,,,,,,,,,,,,,,,,,,,,,
173713,29-Jun-18,22:34:03,2018-06-29 22:34:03,G,1,146,2079,1228,0,8,-62.7267,-61.1723,36:28.2,FastGPS,-62.7267,-61.1723,,,7,-0.8,,,,15,15,31065,,,,30,29864,,,,13,453,,,,24,17546,,,,17,28474,,,,28,172,,,,11,1884,,,,18,10551,,,,,,,,,,,,,,,,,,,,,,,,,,,,,,,,,,,,,,
173713,29-Jun-18,23:04:00,2018-06-29 23:04:00,G,3,146,2080,,0,9,-62.7362,-61.1333,06:24.7,FastGPS,-62.7361,-61.1333,,,9.5,-1.3,,,,15,24,25649,,,,15,32273,,,,17,1864,,,,19,20603,,,,28,1433,,,,13,25147,,,,10,29485,,,,20,31628,,,,1,25067,,,,,,,,,,,,,,,,,,,,,,,,,,,,,,,,,
173713,29-Jun-18,23:34:00,2018-06-29 23:34:00,G,1,146,2081,1228,0,7,-62.7453,-61.0931,36:24.7,FastGPS,-62.7453,-61.0931,,,9.7,-1.3,,,,15,17,26662,,,,24,5382,,,,15,22262,,,,13,23002,,,,19,22693,,,,12,12933,,,,10,28678,,,,,,,,,,,,,,,,,,,,,,,,,,,,,,,,,,,,,,,,,,,
173713,30-Jun-18,0:29:44,2018-06-30 00:29:44,G,3,146,2082,1228,0,6,-62.762,-61.0157,32:10.2,FastGPS,-62.762,-61.0157,,,6.2,0.2,,,,15,12,31752,,,,24,5164,,,,17,11215,,,,19,29429,,,,15,14311,,,,32,30242,,,,,,,,,,,,,,,,,,,,,,,,,,,,,,,,,,,,,,,,,,,,,,,,
173713,30-Jun-18,2:31:51,2018-06-30 02:31:51,G,1,146,2084,1228,0,8,-62.7943,-60.8446,34:16.7,FastGPS,-62.7943,-60.8446,,,9.8,-0.3,,,,15,12,11177,,,,6,62,,,,19,878,,,,2,7543,,,,29,10250,,,,3,10227,,,,25,3245,,,,24,22367,,,,,,,,,,,,,,,,,,,,,,,,,,,,,,,,,,,,,,
173713,30-Jun-18,3:42:46,2018-06-30 03:42:46,G,1,146,2086,,0,9,-62.8085,-60.7679,45:12.2,FastGPS,-62.8085,-60.7679,,1,7.1,0.2,,,,15,31,8250,,,,25,21716,,,,29,10341,,,,12,14849,,,,4,6192,,,,2,6365,,,,23,11576,,,,6,3380,,,,5,13671,,,,,,,,,,,,,,,,,,,,,,,,,,,,,,,,,
173713,30-Jun-18,4:13:02,2018-06-30 04:13:02,G,2,146,2087,1228,0,7,-62.7864,-60.7744,15:27.7,FastGPS,-62.7864,-60.7744,,1,5.9,-0.3,,,,15,2,5856,,,,5,23256,,,,29,4824,,,,31,8177,,,,12,14693,,,,25,6220,,,,4,19832,,,,,,,,,,,,,,,,,,,,,,,,,,,,,,,,,,,,,,,,,,,
173713,30-Jun-18,4:45:05,2018-06-30 04:45:05,G,1,146,2088,,0,9,-62.7905,-60.796,47:31.2,FastGPS,-62.7905,-60.796,,,6.6,0.2,,,,15,29,9385,,,,4,30973,,,,25,25166,,,,9,13495,,,,31,33,,,,23,9499,,,,2,32520,,,,26,11139,,,,5,25361,,,,,,,,,,,,,,,,,,,,,,,,,,,,,,,,,
173713,30-Jun-18,5:15:20,2018-06-30 05:15:20,G,2,146,2089,1228,0,8,-62.7872,-60.7892,17:45.7,FastGPS,-62.7872,-60.7892,,,10.2,-0.2,,,,15,26,485,,,,29,28337,,,,4,27588,,,,5,7648,,,,31,4752,,,,25,6191,,,,23,1461,,,,16,16161,,,,,,,,,,,,,,,,,,,,,,,,,,,,,,,,,,,,,,
173713,30-Jun-18,6:25:03,2018-06-30 06:25:03,G,1,146,2090,1228,0,7,-62.7451,-60.7805,27:28.7,FastGPS,-62.7451,-60.7805,,1,9.7,-0.3,,,,15,5,24601,,,,16,26171,,,,29,3036,,,,21,13820,,,,26,30285,,,,4,25350,,,,20,16436,,,,,,,,,,,,,,,,,,,,,,,,,,,,,,,,,,,,,,,,,,,
173713,30-Jun-18,7:31:28,2018-06-30 07:31:28,G,2,146,2092,,0,9,-62.7517,-60.7049,33:53.7,FastGPS,-62.7517,-60.7049,,,6.4,-0.3,,,,15,7,27927,,,,27,18653,,,,29,28162,,,,16,9374,,,,5,27706,,,,13,21719,,,,15,6289,,,,21,498,,,,26,6208,,,,,,,,,,,,,,,,,,,,,,,,,,,,,,,,,
173713,30-Jun-18,10:06:20,2018-06-30 10:06:20,G,1,146,2096,,0,9,-62.6714,-60.763,08:44.7,FastGPS,-62.6714,-60.763,,,8.1,-1.3,,,,15,10,8441,,,,20,750,,,,27,31820,,,,18,32294,,,,32,13110,,,,1,838,,,,15,10945,,,,8,23189,,,,11,3006,,,,,,,,,,,,,,,,,,,,,,,,,,,,,,,,,
173713,30-Jun-18,10:36:32,2018-06-30 10:36:32,G,1,146,2097,,0,9,-62.6723,-60.7784,38:56.7,FastGPS,-62.6723,-60.7784,,,8.8,-1.3,,,,15,32,3350,,,,10,3742,,,,27,27086,,,,28,7015,,,,8,4085,,,,18,31317,,,,14,16502,,,,11,4289,,,,1,5345,,,,,,,,,,,,,,,,,,,,,,,,,,,,,,,,,
173713,30-Jun-18,11:06:45,2018-06-30 11:06:45,G,1,146,2098,,0,9,-62.6798,-60.8113,09:09.8,FastGPS,-62.6798,-60.8113,,,9.1,-1.2,,,,15,32,28239,,,,10,31124,,,,14,2658,,,,28,8562,,,,1,761,,,,18,8970,,,,11,17020,,,,27,31814,,,,20,20608,,,,,,,,,,,,,,,,,,,,,,,,,,,,,,,,,
173713,30-Jun-18,11:39:08,2018-06-30 11:39:08,G,1,146,2099,,0,9,-62.688,-60.8439,41:33.2,FastGPS,-62.688,-60.8439,,,9.9,-0.8,,,,15,14,27649,,,,8,21775,,,,18,14428,,,,32,2778,,,,22,1313,,,,11,24664,,,,1,6283,,,,24,22863,,,,17,7099,,,,,,,,,,,,,,,,,,,,,,,,,,,,,,,,,
173713,30-Jun-18,12:12:02,2018-06-30 12:12:02,G,1,146,2100,1228,0,8,-62.6901,-60.8452,14:27.2,FastGPS,-62.6901,-60.8452,,,7.3,-0.8,,,,15,22,29749,,,,11,1345,,,,1,21807,,,,18,21884,,,,32,31413,,,,10,16616,,,,3,5624,,,,14,19713,,,,,,,,,,,,,,,,,,,,,,,,,,,,,,,,,,,,,,
173713,30-Jun-18,12:46:53,2018-06-30 12:46:53,G,1,146,2101,,0,9,-62.6931,-60.8538,49:17.7,FastGPS,-62.6931,-60.8538,,,6.5,-1.3,,,,15,31,10946,,,,14,12234,,,,32,27118,,,,18,5789,,,,17,12371,,,,1,17240,,,,3,9252,,,,22,18390,,,,11,20675,,,,,,,,,,,,,,,,,,,,,,,,,,,,,,,,,
173713,30-Jun-18,13:17:48,2018-06-30 13:17:48,G,3,146,2102,,0,9,-62.6935,-60.8819,20:13.2,FastGPS,-62.6935,-60.8819,,,8.2,-0.8,,,,15,14,20792,,,,1,3204,,,,31,2410,,,,32,32663,,,,3,13307,,,,22,30362,,,,18,30541,,,,11,16713,,,,19,20114,,,,,,,,,,,,,,,,,,,,,,,,,,,,,,,,,
173713,30-Jun-18,14:21:00,2018-06-30 14:21:00,G,2,146,2104,,0,9,-62.685,-60.9241,23:24.7,FastGPS,-62.685,-60.9241,,,7,-1.3,,,,15,31,26264,,,,22,11200,,,,3,7450,,,,17,11403,,,,14,24687,,,,23,22091,,,,19,17213,,,,1,28327,,,,6,23889,,,,,,,,,,,,,,,,,,,,,,,,,,,,,,,,,
173713,30-Jun-18,15:10:00,2018-06-30 15:10:00,G,1,146,2105,,0,9,-62.6786,-60.9529,12:25.2,FastGPS,-62.6786,-60.9529,,,4.7,-0.8,,,,15,23,6964,,,,6,13968,,,,9,32234,,,,26,4838,,,,4,30177,,,,3,4370,,,,22,32192,,,,19,6025,,,,31,22890,,,,,,,,,,,,,,,,,,,,,,,,,,,,,,,,,
173713,30-Jun-18,17:44:41,2018-06-30 17:44:41,G,1,146,2109,1231,0,8,-62.6786,-60.953,47:06.2,FastGPS,-62.6786,-60.953,,1,5.2,-0.8,,,,15,7,6542,,,,16,21661,,,,9,32337,,,,23,9997,,,,5,27242,,,,26,14350,,,,4,28545,,,,29,17621,,,,,,,,,,,,,,,,,,,,,,,,,,,,,,,,,,,,,,
173713,30-Jun-18,19:37:12,2018-06-30 19:37:12,G,1,146,2111,1234,0,8,-62.6956,-60.936,39:37.2,FastGPS,-62.6956,-60.936,,,6.4,-0.8,,,,15,7,15602,,,,30,16030,,,,5,816,,,,21,3053,,,,28,24470,,,,9,7842,,,,13,25695,,,,27,14357,,,,,,,,,,,,,,,,,,,,,,,,,,,,,,,,,,,,,,
173713,30-Jun-18,20:07:00,2018-06-30 20:07:00,G,1,146,2112,1234,0,7,-62.7105,-60.9409,09:24.7,FastGPS,-62.7105,-60.9409,,,6.1,-1.3,,,,15,7,234,,,,28,9485,,,,30,22245,,,,21,5311,,,,5,10586,,,,13,31533,,,,15,32689,,,,,,,,,,,,,,,,,,,,,,,,,,,,,,,,,,,,,,,,,,,
173713,30-Jun-18,21:55:01,2018-06-30 21:55:01,G,2,146,2114,1237,0,7,-62.7767,-60.9324,57:25.7,FastGPS,-62.7767,-60.9324,,,7.6,-1.3,,,,15,13,5434,,,,15,843,,,,28,18942,,,,20,15138,,,,10,29142,,,,17,21502,,,,24,24177,,,,,,,,,,,,,,,,,,,,,,,,,,,,,,,,,,,,,,,,,,,
173713,30-Jun-18,22:27:29,2018-06-30 22:27:29,G,3,146,2115,,0,9,-62.7708,-60.9311,29:54.2,FastGPS,-62.7708,-60.9311,,,8.3,-0.8,,,,15,15,12353,,,,17,427,,,,13,21640,,,,1,30664,,,,18,23720,,,,24,21274,,,,28,21783,,,,10,25266,,,,11,17782,,,,,,,,,,,,,,,,,,,,,,,,,,,,,,,,,
173713,30-Jun-18,22:58:49,2018-06-30 22:58:49,G,1,146,2116,1237,0,7,-62.769,-60.9273,01:15.2,FastGPS,-62.769,-60.9273,,,8.4,0.2,,,,15,17,4641,,,,19,21644,,,,15,5938,,,,24,26813,,,,28,11852,,,,13,1534,,,,10,1918,,,,,,,,,,,,,,,,,,,,,,,,,,,,,,,,,,,,,,,,,,,
173713,30-Jun-18,23:29:00,2018-06-30 23:29:00,G,3,146,2117,1237,0,8,-62.7691,-60.9278,31:24.7,FastGPS,-62.7691,-60.9278,,,9.7,-1.3,,,,15,17,2204,,,,28,16680,,,,24,11864,,,,1,27071,,,,15,612,,,,12,17526,,,,19,29046,,,,11,25387,,,,,,,,,,,,,,,,,,,,,,,,,,,,,,,,,,,,,,
173713,1-Jul-18,0:00:36,2018-07-01 00:00:36,G,3,146,2118,1237,0,7,-62.773,-60.9378,03:00.7,FastGPS,-62.773,-60.9378,,,8.1,-1.3,,,,15,17,29714,,,,15,6194,,,,12,30767,,,,19,21713,,,,24,14417,,,,28,12518,,,,10,14416,,,,,,,,,,,,,,,,,,,,,,,,,,,,,,,,,,,,,,,,,,,
173713,1-Jul-18,0:31:19,2018-07-01 00:31:19,G,2,146,2119,1237,0,8,-62.7907,-60.9197,33:43.7,FastGPS,-62.7907,-60.9197,,,14.1,-1.3,,,,15,12,20975,,,,17,4530,,,,24,8061,,,,15,26951,,,,19,3891,,,,25,22015,,,,32,15876,,,,14,31043,,,,,,,,,,,,,,,,,,,,,,,,,,,,,,,,,,,,,,
173713,1-Jul-18,1:03:49,2018-07-01 01:03:49,G,2,146,2120,1237,0,8,-62.8131,-60.89,06:13.7,FastGPS,-62.8131,-60.89,,,6,-1.3,,,,15,12,8493,,,,24,8210,,,,19,26262,,,,32,4437,,,,25,6640,,,,17,13555,,,,6,20064,,,,14,23873,,,,,,,,,,,,,,,,,,,,,,,,,,,,,,,,,,,,,,
173713,1-Jul-18,3:22:40,2018-07-01 03:22:40,G,2,146,2124,1238,0,7,-62.809,-61.0549,25:05.2,FastGPS,-62.809,-61.0549,,1,5,-0.8,,,,15,29,8438,,,,31,31432,,,,25,7739,,,,6,9613,,,,12,17672,,,,2,28591,,,,4,17776,,,,,,,,,,,,,,,,,,,,,,,,,,,,,,,,,,,,,,,,,,,
173713,1-Jul-18,4:32:59,2018-07-01 04:32:59,G,1,146,2125,1239,0,6,-62.8258,-61.1057,35:24.2,FastGPS,-62.8258,-61.1057,,1,2.3,-0.8,,,,15,29,5841,,,,31,18148,,,,4,9344,,,,25,16796,,,,5,3677,,,,23,22097,,,,,,,,,,,,,,,,,,,,,,,,,,,,,,,,,,,,,,,,,,,,,,,,
173713,1-Jul-18,5:03:00,2018-07-01 05:03:00,G,2,146,2126,,0,9,-62.8487,-61.1109,05:24.7,FastGPS,-62.8487,-61.1109,,1,7.5,-1.3,,,,15,29,24697,,,,4,4423,,,,5,19220,,,,25,28739,,,,2,19936,,,,9,13346,,,,26,3147,,,,23,16250,,,,31,24243,,,,,,,,,,,,,,,,,,,,,,,,,,,,,,,,,
173713,1-Jul-18,5:35:56,2018-07-01 05:35:56,G,2,146,2127,1239,0,8,-62.8764,-61.1113,38:20.7,FastGPS,-62.8764,-61.1113,,1,12.5,-1.3,,,,15,21,16888,,,,5,25885,,,,29,1112,,,,4,30272,,,,26,26614,,,,31,15413,,,,25,1948,,,,16,28876,,,,,,,,,,,,,,,,,,,,,,,,,,,,,,,,,,,,,,
173713,1-Jul-18,7:09:39,2018-07-01 07:09:39,G,1,146,2130,1239,0,8,-62.8959,-61.1539,12:04.2,FastGPS,-62.8959,-61.1539,,,5,-0.8,,,,15,5,3175,,,,4,25010,,,,29,7978,,,,20,634,,,,15,11669,,,,13,16121,,,,26,1648,,,,16,20834,,,,,,,,,,,,,,,,,,,,,,,,,,,,,,,,,,,,,,
173713,1-Jul-18,9:45:05,2018-07-01 09:45:05,G,1,146,2135,,0,9,-62.7826,-61.2443,47:31.2,FastGPS,-62.7826,-61.2443,,,8.3,0.2,,,,15,10,23027,,,,20,22375,,,,21,9916,,,,32,10022,,,,8,27178,,,,18,16916,,,,15,4587,,,,27,21698,,,,11,19799,,,,,,,,,,,,,,,,,,,,,,,,,,,,,,,,,
173713,1-Jul-18,10:17:12,2018-07-01 10:17:12,G,1,146,2136,1239,0,6,-62.7836,-61.2793,19:37.7,FastGPS,-62.7836,-61.2793,,,10.8,-0.3,,,,15,10,14675,,,,20,7669,,,,32,29968,,,,24,13681,,,,15,16575,,,,27,5129,,,,,,,,,,,,,,,,,,,,,,,,,,,,,,,,,,,,,,,,,,,,,,,,
173713,1-Jul-18,12:03:00,2018-07-01 12:03:00,G,3,146,2138,,0,9,-62.7849,-61.2859,05:25.7,FastGPS,-62.7849,-61.2859,,,14.1,-0.3,,,,15,17,32166,,,,11,1452,,,,18,21535,,,,32,32209,,,,22,11566,,,,1,11445,,,,8,1796,,,,14,6251,,,,3,15697,,,,,,,,,,,,,,,,,,,,,,,,,,,,,,,,,
173713,1-Jul-18,12:51:24,2018-07-01 12:51:24,G,1,146,2139,,0,9,-62.7849,-61.286,53:48.7,FastGPS,-62.7849,-61.286,,,8.9,-1.3,,,,15,11,1871,,,,17,27803,,,,1,15475,,,,22,32597,,,,31,9843,,,,3,6381,,,,19,15746,,,,14,6578,,,,32,635,,,,,,,,,,,,,,,,,,,,,,,,,,,,,,,,,
173713,1-Jul-18,13:24:21,2018-07-01 13:24:21,G,2,146,2140,,0,9,-62.785,-61.2859,26:46.2,FastGPS,-62.785,-61.2859,,,12,-0.8,,,,15,17,5158,,,,22,22746,,,,3,29212,,,,31,22240,,,,14,19675,,,,11,5273,,,,25,1096,,,,18,16370,,,,1,7262,,,,,,,,,,,,,,,,,,,,,,,,,,,,,,,,,
173713,1-Jul-18,13:59:38,2018-07-01 13:59:38,G,2,146,2141,1243,0,7,-62.7987,-61.2745,02:03.2,FastGPS,-62.7987,-61.2745,,,8.8,-0.7,,,,15,23,573,,,,17,13022,,,,3,15256,,,,22,26170,,,,31,27330,,,,1,8155,,,,32,23142,,,,,,,,,,,,,,,,,,,,,,,,,,,,,,,,,,,,,,,,,,,
173713,1-Jul-18,14:33:49,2018-07-01 14:33:49,G,1,146,2142,1243,0,6,-62.8116,-61.3061,36:13.7,FastGPS,-62.8116,-61.3061,,,6.7,-1.3,,,,15,22,30218,,,,3,981,,,,31,21334,,,,23,13389,,,,17,16722,,,,14,13862,,,,,,,,,,,,,,,,,,,,,,,,,,,,,,,,,,,,,,,,,,,,,,,,
173713,1-Jul-18,15:26:43,2018-07-01 15:26:43,G,2,146,2143,1244,0,8,-62.8235,-61.3619,29:09.2,FastGPS,-62.8235,-61.3619,,,4.8,0.2,,,,15,23,7630,,,,3,26175,,,,9,21703,,,,6,18151,,,,2,28329,,,,22,16494,,,,26,16009,,,,19,15725,,,,,,,,,,,,,,,,,,,,,,,,,,,,,,,,,,,,,,
173713,1-Jul-18,16:16:49,2018-07-01 16:16:49,G,1,146,2144,1245,0,7,-62.8207,-61.3629,19:14.8,FastGPS,-62.8207,-61.3629,,,10.2,-0.2,,,,15,7,24852,,,,2,1384,,,,23,18519,,,,9,28507,,,,6,21793,,,,3,10152,,,,29,2114,,,,,,,,,,,,,,,,,,,,,,,,,,,,,,,,,,,,,,,,,,,
173713,1-Jul-18,16:47:04,2018-07-01 16:47:04,G,3,146,2145,,0,9,-62.8315,-61.3707,49:29.8,FastGPS,-62.8315,-61.3707,,,9.8,-0.2,,,,15,2,30156,,,,7,21011,,,,9,13051,,,,26,8510,,,,5,28200,,,,3,14695,,,,16,29174,,,,29,20903,,,,4,23279,,,,,,,,,,,,,,,,,,,,,,,,,,,,,,,,,
173713,1-Jul-18,17:32:25,2018-07-01 17:32:25,G,1,146,2146,,0,9,-62.848,-61.421,34:51.2,FastGPS,-62.848,-61.421,,,9.2,0.2,,,,15,7,16531,,,,5,2414,,,,9,12156,,,,29,5969,,,,2,2977,,,,30,8585,,,,4,26978,,,,23,11901,,,,26,8381,,,,,,,,,,,,,,,,,,,,,,,,,,,,,,,,,
173713,1-Jul-18,18:21:04,2018-07-01 18:21:04,G,1,146,2147,1247,0,7,-62.8421,-61.4651,23:29.8,FastGPS,-62.8421,-61.4651,,,7.6,-0.2,,,,15,30,18358,,,,7,29381,,,,9,14959,,,,16,5882,,,,5,28208,,,,23,29984,,,,2,29051,,,,,,,,,,,,,,,,,,,,,,,,,,,,,,,,,,,,,,,,,,,
173713,1-Jul-18,19:27:10,2018-07-01 19:27:10,G,1,146,2149,1247,0,7,-62.8267,-61.4953,29:35.7,FastGPS,-62.8267,-61.4953,,,10.9,-0.2,,,,15,7,11527,,,,5,26585,,,,30,27888,,,,27,27235,,,,13,23356,,,,8,8088,,,,28,8822,,,,,,,,,,,,,,,,,,,,,,,,,,,,,,,,,,,,,,,,,,,
173713,1-Jul-18,20:31:53,2018-07-01 20:31:53,G,1,146,2151,,0,9,-62.8294,-61.5336,34:19.2,FastGPS,-62.8294,-61.5336,,,14.3,0.2,,,,15,5,26929,,,,13,15953,,,,27,29476,,,,28,1580,,,,8,14845,,,,30,29782,,,,15,2071,,,,7,30388,,,,21,938,,,,,,,,,,,,,,,,,,,,,,,,,,,,,,,,,
173713,2-Jul-18,1:12:24,2018-07-02 01:12:24,G,1,146,2153,1248,0,8,-62.9822,-61.3384,14:50.2,FastGPS,-62.9822,-61.3384,,,11.2,0.2,,,,15,6,29423,,,,17,3950,,,,12,4862,,,,14,2890,,,,32,18291,,,,19,13155,,,,24,18884,,,,3,31992,,,,,,,,,,,,,,,,,,,,,,,,,,,,,,,,,,,,,,
173713,2-Jul-18,3:08:30,2018-07-02 03:08:30,G,1,146,2154,1248,0,5,-62.9708,-61.2835,10:56.2,FastGPS,-62.9708,-61.2835,,,2.1,0.2,,,,15,12,10482,,,,31,7106,,,,6,5847,,,,2,21533,,,,25,1054,,,,,,,,,,,,,,,,,,,,,,,,,,,,,,,,,,,,,,,,,,,,,,,,,,,,,
173713,2-Jul-18,5:07:59,2018-07-02 05:07:59,G,1,146,2155,,0,9,-62.9781,-61.2064,10:25.2,FastGPS,-62.9781,-61.2064,,,7.4,0.3,,,,15,5,123,,,,26,30633,,,,4,23440,,,,16,16118,,,,29,19963,,,,31,28478,,,,21,16852,,,,2,13193,,,,9,16376,,,,,,,,,,,,,,,,,,,,,,,,,,,,,,,,,
173713,2-Jul-18,9:16:00,2018-07-02 09:16:00,G,2,146,2160,1250,0,7,-62.8141,-61.3435,18:26.2,FastGPS,-62.8141,-61.3435,,,14.9,0.3,,,,15,10,9302,,,,20,8484,,,,18,23557,,,,27,3059,,,,8,27436,,,,11,25787,,,,16,16613,,,,,,,,,,,,,,,,,,,,,,,,,,,,,,,,,,,,,,,,,,,
173713,2-Jul-18,9:46:09,2018-07-02 09:46:09,G,1,146,2161,1250,0,8,-62.8251,-61.364,48:35.2,FastGPS,-62.8251,-61.364,,,9.2,0.2,,,,15,27,16059,,,,10,29553,,,,8,5644,,,,15,30850,,,,18,10643,,,,20,16172,,,,24,29083,,,,11,14012,,,,,,,,,,,,,,,,,,,,,,,,,,,,,,,,,,,,,,
173713,2-Jul-18,10:46:02,2018-07-02 10:46:02,G,1,146,2163,,0,9,-62.8461,-61.4241,48:28.3,FastGPS,-62.8461,-61.4241,,,11.1,0.3,,,,15,32,31194,,,,8,11482,,,,10,2496,,,,14,11720,,,,27,25095,,,,28,23901,,,,1,24662,,,,22,3153,,,,18,21273,,,,,,,,,,,,,,,,,,,,,,,,,,,,,,,,,
173713,2-Jul-18,11:16:13,2018-07-02 11:16:13,G,1,146,2164,,0,9,-62.84,-61.4626,18:38.8,FastGPS,-62.84,-61.4626,,,4.6,-0.2,,,,15,32,9342,,,,10,22174,,,,14,27440,,,,1,18571,,,,18,23489,,,,22,27363,,,,28,3956,,,,11,946,,,,8,1363,,,,,,,,,,,,,,,,,,,,,,,,,,,,,,,,,
173713,2-Jul-18,11:46:31,2018-07-02 11:46:31,G,3,146,2165,,0,9,-62.826,-61.4927,48:56.8,FastGPS,-62.826,-61.4927,,,9.1,-0.2,,,,15,32,9348,,,,14,13156,,,,11,6820,,,,10,21337,,,,18,27339,,,,3,30110,,,,1,22509,,,,8,27766,,,,22,4247,,,,,,,,,,,,,,,,,,,,,,,,,,,,,,,,,
173713,2-Jul-18,12:46:29,2018-07-02 12:46:29,G,1,146,2167,,0,9,-62.7956,-61.5265,48:55.2,FastGPS,-62.7956,-61.5265,,,9.9,0.3,,,,15,32,29418,,,,1,10482,,,,14,784,,,,22,26001,,,,11,31143,,,,18,14094,,,,3,31598,,,,17,22307,,,,31,32646,,,,,,,,,,,,,,,,,,,,,,,,,,,,,,,,,
173713,2-Jul-18,13:16:22,2018-07-02 13:16:22,G,1,146,2168,,0,9,-62.7795,-61.5344,18:48.3,FastGPS,-62.7795,-61.5344,,,9.8,0.3,,,,15,1,27707,,,,14,7625,,,,31,22821,,,,22,2658,,,,18,9755,,,,11,31169,,,,23,26660,,,,12,26576,,,,32,7398,,,,,,,,,,,,,,,,,,,,,,,,,,,,,,,,,
173713,2-Jul-18,15:40:24,2018-07-02 15:40:24,G,1,146,2169,1257,0,7,-62.7623,-61.5146,42:49.8,FastGPS,-62.7623,-61.5146,,,11.5,-0.2,,,,15,23,13907,,,,3,4341,,,,9,15755,,,,2,24755,,,,6,24116,,,,4,32222,,,,26,32513,,,,,,,,,,,,,,,,,,,,,,,,,,,,,,,,,,,,,,,,,,,
173713,2-Jul-18,16:30:02,2018-07-02 16:30:02,G,3,146,2170,1258,0,8,-62.7623,-61.5144,32:28.2,FastGPS,-62.7623,-61.5144,,1,4.1,0.3,,,,15,7,26248,,,,9,1834,,,,6,26970,,,,23,28989,,,,29,8720,,,,2,29733,,,,3,10774,,,,4,3322,,,,,,,,,,,,,,,,,,,,,,,,,,,,,,,,,,,,,,
173713,2-Jul-18,17:00:16,2018-07-02 17:00:16,G,2,146,2171,1258,0,8,-62.7478,-61.5205,02:41.8,FastGPS,-62.7478,-61.5205,,,11.7,-0.2,,,,15,7,5957,,,,4,30352,,,,23,13314,,,,16,32111,,,,26,28105,,,,9,24309,,,,29,27905,,,,30,1767,,,,,,,,,,,,,,,,,,,,,,,,,,,,,,,,,,,,,,
173713,2-Jul-18,19:08:37,2018-07-02 19:08:37,G,2,146,2173,1262,0,6,-62.7464,-61.4768,11:02.3,FastGPS,-62.7464,-61.4768,,,5,-0.7,,,,15,7,9254,,,,30,14272,,,,27,16138,,,,5,7659,,,,9,17166,,,,16,25488,,,,,,,,,,,,,,,,,,,,,,,,,,,,,,,,,,,,,,,,,,,,,,,,
173713,2-Jul-18,19:41:02,2018-07-02 19:41:02,G,1,146,2174,1262,0,7,-62.7462,-61.475,43:27.3,FastGPS,-62.7462,-61.475,,,8.4,-0.7,,,,15,7,16807,,,,5,17193,,,,30,22134,,,,8,8227,,,,9,15484,,,,28,19858,,,,13,6756,,,,,,,,,,,,,,,,,,,,,,,,,,,,,,,,,,,,,,,,,,,
173713,2-Jul-18,20:31:09,2018-07-02 20:31:09,G,1,146,2175,1263,0,7,-62.7477,-61.4476,33:34.3,FastGPS,-62.7477,-61.4476,,,3.7,-0.7,,,,15,13,20,,,,7,27799,,,,30,2236,,,,15,24866,,,,8,25501,,,,28,24193,,,,5,25718,,,,,,,,,,,,,,,,,,,,,,,,,,,,,,,,,,,,,,,,,,,
173713,3-Jul-18,0:49:14,2018-07-03 00:49:14,G,2,146,2176,1264,0,8,-62.5863,-61.3286,51:39.8,FastGPS,-62.5863,-61.3286,,,12,-0.2,,,,15,17,26780,,,,12,24613,,,,32,26802,,,,19,26493,,,,14,30471,,,,24,15562,,,,22,13625,,,,3,4223,,,,,,,,,,,,,,,,,,,,,,,,,,,,,,,,,,,,,,
173713,3-Jul-18,1:19:05,2018-07-03 01:19:05,G,1,146,2177,,0,9,-62.564,-61.3209,21:31.2,FastGPS,-62.564,-61.3209,,,9.8,0.3,,,,15,19,17766,,,,12,13123,,,,17,15867,,,,2,9931,,,,24,20086,,,,3,6658,,,,32,7562,,,,22,26054,,,,6,18267,,,,,,,,,,,,,,,,,,,,,,,,,,,,,,,,,
173713,3-Jul-18,1:52:41,2018-07-03 01:52:41,G,1,146,2178,1264,0,7,-62.5574,-61.2739,55:07.3,FastGPS,-62.5574,-61.2739,,,11.4,0.3,,,,15,31,25731,,,,12,27026,,,,25,26019,,,,32,27469,,,,14,17996,,,,22,14189,,,,2,2969,,,,,,,,,,,,,,,,,,,,,,,,,,,,,,,,,,,,,,,,,,,
173713,3-Jul-18,2:53:11,2018-07-03 02:53:11,G,1,146,2180,1264,0,8,-62.5416,-61.2009,55:37.3,FastGPS,-62.5416,-61.2009,,,11,0.3,,,,15,6,17282,,,,12,25786,,,,25,8788,,,,2,28340,,,,31,22223,,,,29,9588,,,,32,16350,,,,14,11793,,,,,,,,,,,,,,,,,,,,,,,,,,,,,,,,,,,,,,
173713,3-Jul-18,3:23:00,2018-07-03 03:23:00,G,1,146,2181,1264,0,8,-62.5321,-61.1754,25:26.3,FastGPS,-62.5321,-61.1754,,1,10.5,0.3,,,,15,29,9777,,,,31,18023,,,,4,26434,,,,25,12587,,,,23,13184,,,,14,888,,,,6,14388,,,,2,30529,,,,,,,,,,,,,,,,,,,,,,,,,,,,,,,,,,,,,,
173713,3-Jul-18,3:55:32,2018-07-03 03:55:32,G,1,146,2182,1264,0,6,-62.5227,-61.1834,57:57.8,FastGPS,-62.5227,-61.1834,,1,2.7,-0.2,,,,15,29,15674,,,,2,3574,,,,12,22328,,,,25,2744,,,,31,30465,,,,4,19306,,,,,,,,,,,,,,,,,,,,,,,,,,,,,,,,,,,,,,,,,,,,,,,,
173713,3-Jul-18,5:19:14,2018-07-03 05:19:14,G,1,146,2184,1264,0,7,-62.5365,-61.1604,21:40.2,FastGPS,-62.5365,-61.1604,,1,7.6,0.2,,,,15,4,16152,,,,26,3793,,,,29,7748,,,,5,15833,,,,16,17896,,,,2,6976,,,,21,4503,,,,,,,,,,,,,,,,,,,,,,,,,,,,,,,,,,,,,,,,,,,
173713,3-Jul-18,7:10:53,2018-07-03 07:10:53,G,1,146,2187,,0,9,-62.546,-61.0424,13:18.8,FastGPS,-62.546,-61.0424,,,10.1,-0.2,,,,15,27,2734,,,,16,30626,,,,26,18981,,,,13,16269,,,,15,24179,,,,7,3307,,,,29,13576,,,,21,16382,,,,20,19453,,,,,,,,,,,,,,,,,,,,,,,,,,,,,,,,,
173713,3-Jul-18,7:42:21,2018-07-03 07:42:21,G,1,146,2188,,0,9,-62.5557,-60.9956,44:46.8,FastGPS,-62.5557,-60.9956,,,8.9,-0.2,,,,15,7,29195,,,,27,6063,,,,15,13761,,,,16,19161,,,,13,26463,,,,8,27118,,,,10,18313,,,,20,17407,,,,30,27300,,,,,,,,,,,,,,,,,,,,,,,,,,,,,,,,,
173713,3-Jul-18,8:12:11,2018-07-03 08:12:11,G,1,146,2189,,0,9,-62.5666,-60.9538,14:36.8,FastGPS,-62.5666,-60.9538,,,8.9,-0.2,,,,15,27,21663,,,,15,13737,,,,13,4680,,,,10,24702,,,,8,5043,,,,7,24322,,,,21,26023,,,,30,31774,,,,16,13879,,,,,,,,,,,,,,,,,,,,,,,,,,,,,,,,,
173713,3-Jul-18,8:42:10,2018-07-03 08:42:10,G,2,146,2190,1265,0,8,-62.5873,-60.9341,44:35.7,FastGPS,-62.5873,-60.9341,,,11.4,-0.2,,,,15,27,10340,,,,8,7172,,,,15,17808,,,,10,13024,,,,13,14774,,,,21,6674,,,,20,28832,,,,30,3434,,,,,,,,,,,,,,,,,,,,,,,,,,,,,,,,,,,,,,
173713,3-Jul-18,9:38:34,2018-07-03 09:38:34,G,1,146,2191,,0,9,-62.5873,-60.9361,40:59.8,FastGPS,-62.5873,-60.9361,,,11.9,-0.2,,,,15,27,23634,,,,8,32536,,,,18,26294,,,,15,4668,,,,28,21774,,,,20,23803,,,,10,28709,,,,21,8387,,,,32,25109,,,,,,,,,,,,,,,,,,,,,,,,,,,,,,,,,
173713,3-Jul-18,10:08:00,2018-07-03 10:08:00,G,2,146,2192,,0,9,-62.58,-60.9053,10:25.8,FastGPS,-62.58,-60.9053,,,8,-0.2,,,,15,18,4034,,,,8,9855,,,,10,17497,,,,11,8523,,,,20,12572,,,,27,10973,,,,1,21060,,,,15,20221,,,,28,5948,,,,,,,,,,,,,,,,,,,,,,,,,,,,,,,,,
173713,3-Jul-18,10:38:17,2018-07-03 10:38:17,G,1,146,2193,,0,9,-62.5741,-60.8762,40:43.3,FastGPS,-62.5741,-60.8762,,,8.9,0.3,,,,15,10,10122,,,,18,7891,,,,32,20941,,,,28,17077,,,,1,3538,,,,8,16812,,,,27,7969,,,,11,14764,,,,14,27685,,,,,,,,,,,,,,,,,,,,,,,,,,,,,,,,,
173713,3-Jul-18,13:10:00,2018-07-03 13:10:00,G,2,146,2198,,0,9,-62.5638,-60.8392,12:25.8,FastGPS,-62.5638,-60.8392,,,10.6,-0.2,,,,15,12,9380,,,,17,4945,,,,1,19285,,,,31,6583,,,,22,21879,,,,3,13662,,,,32,4882,,,,14,1082,,,,11,26130,,,,,,,,,,,,,,,,,,,,,,,,,,,,,,,,,
173713,3-Jul-18,13:40:01,2018-07-03 13:40:01,G,1,146,2199,,0,9,-62.564,-60.8394,42:27.3,FastGPS,-62.564,-60.8394,,,16.3,0.3,,,,15,31,9175,,,,17,10,,,,12,14645,,,,22,6546,,,,18,21788,,,,14,12947,,,,3,32440,,,,23,12037,,,,1,10537,,,,,,,,,,,,,,,,,,,,,,,,,,,,,,,,,
173713,3-Jul-18,16:34:27,2018-07-03 16:34:27,G,1,146,2204,,0,9,-62.5355,-60.8568,36:52.8,FastGPS,-62.5355,-60.8568,,1,10.6,-0.2,,,,15,7,24304,,,,23,31764,,,,4,17062,,,,9,31717,,,,16,10495,,,,26,32652,,,,29,3319,,,,2,16193,,,,6,22005,,,,,,,,,,,,,,,,,,,,,,,,,,,,,,,,,
173713,3-Jul-18,17:35:08,2018-07-03 17:35:08,G,1,146,2205,1268,0,8,-62.5213,-60.8464,37:33.8,FastGPS,-62.5213,-60.8464,,,11.3,-0.2,,,,15,7,17399,,,,9,30417,,,,30,25150,,,,16,21912,,,,5,4144,,,,23,2686,,,,2,93,,,,6,31753,,,,,,,,,,,,,,,,,,,,,,,,,,,,,,,,,,,,,,
173713,3-Jul-18,18:05:00,2018-07-03 18:05:00,G,2,146,2206,1268,0,8,-62.5203,-60.8391,07:25.8,FastGPS,-62.5203,-60.8391,,,9,-0.2,,,,15,7,32683,,,,9,18080,,,,5,16622,,,,23,18272,,,,30,1891,,,,16,1163,,,,2,6386,,,,29,12919,,,,,,,,,,,,,,,,,,,,,,,,,,,,,,,,,,,,,,
173713,3-Jul-18,18:35:00,2018-07-03 18:35:00,G,1,146,2207,1268,0,8,-62.5204,-60.8395,37:24.8,FastGPS,-62.5204,-60.8395,,,7.3,-1.2,,,,15,30,1437,,,,7,19777,,,,5,9016,,,,16,20494,,,,9,23217,,,,27,9112,,,,13,22631,,,,21,31936,,,,,,,,,,,,,,,,,,,,,,,,,,,,,,,,,,,,,,
173713,3-Jul-18,19:23:23,2018-07-03 19:23:23,G,2,146,2208,1269,0,4,-62.468,-60.144,7/4/2018 18:29,R,-62.5097,-60.8347,,,1,-1.2,,,,15,7,17372,,,,30,13420,,,,5,986,,,,27,10747,,,,,,,,,,,,,,,,,,,,,,,,,,,,,,,,,,,,,,,,,,,,,,,,,,,,,,,,,,
173713,4-Jul-18,2:13:08,2018-07-04 02:13:08,G,1,146,2213,1269,0,7,-62.2662,-60.8334,15:32.8,FastGPS,-62.2662,-60.8334,,,5.4,-1.1,,,,15,19,10309,,,,12,17303,,,,2,5111,,,,6,2562,,,,29,5740,,,,25,603,,,,3,10243,,,,,,,,,,,,,,,,,,,,,,,,,,,,,,,,,,,,,,,,,,,
173713,4-Jul-18,3:02:27,2018-07-04 03:02:27,G,1,146,2214,1269,0,5,-62.2443,-60.808,04:51.8,FastGPS,-62.2443,-60.808,,,7.8,-1.1,,,,15,29,29051,,,,31,23729,,,,25,19994,,,,2,9518,,,,19,17154,,,,,,,,,,,,,,,,,,,,,,,,,,,,,,,,,,,,,,,,,,,,,,,,,,,,,
173713,4-Jul-18,3:33:00,2018-07-04 03:33:00,G,1,146,2215,,0,9,-62.232,-60.7531,35:25.3,FastGPS,-62.232,-60.7531,,1,3.9,-0.7,,,,15,31,1123,,,,4,18879,,,,29,18501,,,,26,29708,,,,2,18966,,,,12,13075,,,,23,2374,,,,5,31065,,,,25,6756,,,,,,,,,,,,,,,,,,,,,,,,,,,,,,,,,
173713,4-Jul-18,4:03:50,2018-07-04 04:03:50,G,1,146,2216,1269,0,8,-62.2362,-60.6647,06:15.3,FastGPS,-62.2362,-60.6647,,1,6.2,-0.7,,,,15,31,32015,,,,5,13414,,,,4,6635,,,,2,14160,,,,26,1365,,,,29,13633,,,,12,15320,,,,25,23515,,,,,,,,,,,,,,,,,,,,,,,,,,,,,,,,,,,,,,
173713,4-Jul-18,4:34:00,2018-07-04 04:34:00,G,1,146,2217,1269,0,7,-62.2524,-60.6064,36:25.8,FastGPS,-62.2524,-60.6064,,1,4.7,-0.2,,,,15,31,2070,,,,29,24966,,,,4,23652,,,,2,23721,,,,5,19448,,,,26,7145,,,,21,10742,,,,,,,,,,,,,,,,,,,,,,,,,,,,,,,,,,,,,,,,,,,
173713,4-Jul-18,5:54:29,2018-07-04 05:54:29,G,1,146,2219,1270,0,6,-62.2881,-60.5493,56:54.8,FastGPS,-62.2881,-60.5493,,1,1,-0.2,,,,15,21,14862,,,,4,24692,,,,26,15534,,,,5,30426,,,,16,30833,,,,29,28502,,,,,,,,,,,,,,,,,,,,,,,,,,,,,,,,,,,,,,,,,,,,,,,,
173713,4-Jul-18,6:24:19,2018-07-04 06:24:19,G,4,146,2220,1270,0,5,-62.466,-60.103,7/5/2018 5:26,N,-62.289,-60.5257,,1,0.6,-1.2,,,,15,5,14093,,,,29,15176,,,,4,28759,,,,26,12823,,,,13,12460,,,,,,,,,,,,,,,,,,,,,,,,,,,,,,,,,,,,,,,,,,,,,,,,,,,,,
173713,4-Jul-18,6:54:02,2018-07-04 06:54:02,G,1,146,2221,,0,9,-62.292,-60.5294,56:26.8,FastGPS,-62.292,-60.5294,,,5.9,-1.2,,,,15,29,18704,,,,15,27149,,,,4,32091,,,,16,9392,,,,20,16989,,,,13,30726,,,,27,26686,,,,21,24182,,,,5,3439,,,,,,,,,,,,,,,,,,,,,,,,,,,,,,,,,
173713,4-Jul-18,7:24:03,2018-07-04 07:24:03,G,3,146,2222,1270,0,7,-62.2972,-60.5527,26:28.3,FastGPS,-62.2972,-60.5527,,,7.9,-0.7,,,,15,20,26789,,,,4,13173,,,,16,25237,,,,26,1628,,,,10,1415,,,,21,20620,,,,13,26232,,,,,,,,,,,,,,,,,,,,,,,,,,,,,,,,,,,,,,,,,,,
173713,4-Jul-18,7:54:02,2018-07-04 07:54:02,G,1,146,2223,1270,0,7,-62.3091,-60.5214,56:27.3,FastGPS,-62.3091,-60.5214,,1,6.2,-0.7,,,,15,15,29754,,,,21,2560,,,,13,12347,,,,10,5920,,,,26,4544,,,,4,6906,,,,27,26442,,,,,,,,,,,,,,,,,,,,,,,,,,,,,,,,,,,,,,,,,,,
173713,4-Jul-18,9:41:14,2018-07-04 09:41:14,G,1,146,2225,1273,0,8,-62.3362,-60.4033,43:39.8,FastGPS,-62.3362,-60.4033,,,4.4,-0.2,,,,15,8,16502,,,,15,32171,,,,18,29046,,,,10,10008,,,,11,31259,,,,27,21971,,,,20,21767,,,,28,19711,,,,,,,,,,,,,,,,,,,,,,,,,,,,,,,,,,,,,,
173713,4-Jul-18,10:14:30,2018-07-04 10:14:30,G,4,146,2226,1273,0,6,-62.3479,-60.3635,16:55.8,FastGPS,-62.3479,-60.3635,,,4.5,-0.2,,,,15,8,11655,,,,18,13586,,,,11,18262,,,,24,16555,,,,20,23387,,,,10,15073,,,,,,,,,,,,,,,,,,,,,,,,,,,,,,,,,,,,,,,,,,,,,,,,
173713,4-Jul-18,11:58:36,2018-07-04 11:58:36,G,1,146,2228,1275,0,8,-62.3812,-60.2534,01:01.8,FastGPS,-62.3812,-60.2534,,,10.6,-0.2,,,,15,32,840,,,,1,28950,,,,22,7713,,,,11,3322,,,,10,10594,,,,3,19141,,,,18,24804,,,,31,12201,,,,,,,,,,,,,,,,,,,,,,,,,,,,,,,,,,,,,,
173713,4-Jul-18,12:28:00,2018-07-04 12:28:00,G,4,146,2229,1275,0,7,-62.3772,-60.2448,30:26.3,FastGPS,-62.3772,-60.2448,,,8,0.3,,,,15,31,22132,,,,32,19437,,,,3,14794,,,,14,31635,,,,18,29938,,,,17,21130,,,,12,20878,,,,,,,,,,,,,,,,,,,,,,,,,,,,,,,,,,,,,,,,,,,
173713,4-Jul-18,16:34:30,2018-07-04 16:34:30,G,2,146,2236,1275,0,4,-62.466,-60.103,7/5/2018 5:26,N,,,,,,,,,,15,23,3346,,,,26,13260,,,,9,14743,,,,4,26529,,,,,,,,,,,,,,,,,,,,,,,,,,,,,,,,,,,,,,,,,,,,,,,,,,,,,,,,,,
173713,4-Jul-18,17:19:00,2018-07-04 17:19:00,G,1,146,2237,1276,0,8,-62.4687,-60.1429,21:25.8,FastGPS,-62.4687,-60.1429,,,10.1,-0.2,,,,15,23,2728,,,,7,25541,,,,16,7282,,,,9,26795,,,,2,11034,,,,5,593,,,,6,29939,,,,30,13889,,,,,,,,,,,,,,,,,,,,,,,,,,,,,,,,,,,,,,
173713,4-Jul-18,17:49:16,2018-07-04 17:49:16,G,1,146,2238,1276,0,4,-62.466,-60.103,7/5/2018 5:26,N,-62.4691,-60.1412,,,1.2,-0.1,,,,15,5,8912,,,,7,8353,,,,9,10639,,,,30,15841,,,,,,,,,,,,,,,,,,,,,,,,,,,,,,,,,,,,,,,,,,,,,,,,,,,,,,,,,,
173713,4-Jul-18,19:34:00,2018-07-04 19:34:00,G,1,146,2241,1277,0,6,-62.4684,-60.1428,36:25.8,FastGPS,-62.4684,-60.1428,,,2.7,-0.2,,,,15,5,728,,,,13,26707,,,,7,7285,,,,30,12865,,,,27,5936,,,,28,18225,,,,,,,,,,,,,,,,,,,,,,,,,,,,,,,,,,,,,,,,,,,,,,,,
173713,4-Jul-18,21:04:00,2018-07-04 21:04:00,G,1,146,2244,1277,0,6,-62.4688,-60.1432,06:24.8,FastGPS,-62.4688,-60.1432,,,10.2,-1.2,,,,15,15,31375,,,,13,9346,,,,28,25928,,,,8,19414,,,,20,5891,,,,30,8194,,,,,,,,,,,,,,,,,,,,,,,,,,,,,,,,,,,,,,,,,,,,,,,,
173713,4-Jul-18,21:34:00,2018-07-04 21:34:00,G,1,146,2245,1277,1,4,-62.49,-60.162,7/5/2018 19:58,P,-62.4687,-60.1425,,,0.1,-1.2,,,,15,15,22099,,,,13,12221,,,,28,23597,,,,20,5950,,,,,,,,,,,,,,,,,,,,,,,,,,,,,,,,,,,,,,,,,,,,,,,,,,,,,,,,,,
173713,4-Jul-18,22:05:33,2018-07-04 22:05:33,G,1,146,2246,1277,0,7,-62.4654,-60.1623,07:58.3,FastGPS,-62.4654,-60.1623,,,9.1,-0.7,,,,15,15,15361,,,,13,11503,,,,20,4941,,,,28,9492,,,,24,574,,,,10,16967,,,,17,20309,,,,,,,,,,,,,,,,,,,,,,,,,,,,,,,,,,,,,,,,,,,
173713,4-Jul-18,23:20:32,2018-07-04 23:20:32,G,1,146,2248,1278,0,6,-62.4496,-60.1931,22:56.8,FastGPS,-62.4496,-60.1931,,,6.2,-1.2,,,,15,15,15589,,,,17,18914,,,,12,23979,,,,19,27911,,,,28,21517,,,,24,32345,,,,,,,,,,,,,,,,,,,,,,,,,,,,,,,,,,,,,,,,,,,,,,,,
173713,4-Jul-18,23:50:16,2018-07-04 23:50:16,G,1,146,2249,1278,0,4,-62.49,-60.162,7/5/2018 19:58,P,-62.4339,-60.1844,,,0.5,-1.2,,,,15,17,20439,,,,19,27711,,,,1,10760,,,,15,10642,,,,,,,,,,,,,,,,,,,,,,,,,,,,,,,,,,,,,,,,,,,,,,,,,,,,,,,,,,
173713,5-Jul-18,0:20:03,2018-07-05 00:20:03,G,1,146,2250,1278,0,7,-62.4405,-60.1469,22:27.8,FastGPS,-62.4405,-60.1469,,,4.1,-1.2,,,,15,12,5464,,,,17,28847,,,,24,8712,,,,6,20025,,,,19,10221,,,,32,24440,,,,1,5053,,,,,,,,,,,,,,,,,,,,,,,,,,,,,,,,,,,,,,,,,,,
173713,5-Jul-18,0:50:07,2018-07-05 00:50:07,G,1,146,2251,1278,0,6,-62.4438,-60.1354,52:32.3,FastGPS,-62.4438,-60.1354,,,6.7,-0.7,,,,15,12,11192,,,,24,2590,,,,17,1285,,,,32,31570,,,,22,22794,,,,3,32096,,,,,,,,,,,,,,,,,,,,,,,,,,,,,,,,,,,,,,,,,,,,,,,,
173713,5-Jul-18,1:20:00,2018-07-05 01:20:00,G,2,146,2252,,1,9,-62.4454,-60.1208,22:25.8,FastGPS,-62.4454,-60.1208,,,9.1,-0.2,,,,15,12,19563,,,,24,25092,,,,6,7870,,,,19,32395,,,,14,26021,,,,2,24914,,,,25,2245,,,,17,11293,,,,3,17471,,,,,,,,,,,,,,,,,,,,,,,,,,,,,,,,,
173713,5-Jul-18,1:51:50,2018-07-05 01:51:50,G,2,146,2253,,0,9,-62.4401,-60.1218,54:16.3,FastGPS,-62.4401,-60.1218,,,13.1,0.3,,,,15,12,9641,,,,25,28674,,,,32,22013,,,,14,29064,,,,31,6005,,,,6,22930,,,,2,20874,,,,17,10494,,,,19,21448,,,,,,,,,,,,,,,,,,,,,,,,,,,,,,,,,
173713,5-Jul-18,2:22:00,2018-07-05 02:22:00,G,2,146,2254,,0,9,-62.4488,-60.1356,24:25.8,FastGPS,-62.4488,-60.1356,,,11.6,-0.2,,,,15,12,2397,,,,25,29750,,,,2,12966,,,,29,31250,,,,19,119,,,,31,28299,,,,32,22706,,,,14,20327,,,,6,26450,,,,,,,,,,,,,,,,,,,,,,,,,,,,,,,,,
173713,5-Jul-18,2:52:00,2018-07-05 02:52:00,G,2,146,2255,1278,1,8,-62.4472,-60.1249,54:25.8,FastGPS,-62.4472,-60.1249,,1,8.5,-0.2,,,,15,25,787,,,,29,20613,,,,12,30117,,,,31,24421,,,,2,26150,,,,6,21372,,,,14,4352,,,,4,11417,,,,,,,,,,,,,,,,,,,,,,,,,,,,,,,,,,,,,,
173713,5-Jul-18,3:22:00,2018-07-05 03:22:00,G,1,146,2256,1278,0,6,-62.4458,-60.1171,24:24.8,FastGPS,-62.4458,-60.1171,,,4.4,-1.2,,,,15,2,4675,,,,29,4442,,,,12,13977,,,,25,18265,,,,31,32155,,,,6,31636,,,,,,,,,,,,,,,,,,,,,,,,,,,,,,,,,,,,,,,,,,,,,,,,
173713,5-Jul-18,3:52:01,2018-07-05 03:52:01,G,2,146,2257,1278,0,5,-62.4437,-60.1173,54:26.3,FastGPS,-62.4437,-60.1173,,,13.8,-0.7,,,,15,2,29380,,,,12,6646,,,,29,23009,,,,25,28682,,,,5,11918,,,,,,,,,,,,,,,,,,,,,,,,,,,,,,,,,,,,,,,,,,,,,,,,,,,,,
173713,5-Jul-18,4:22:00,2018-07-05 04:22:00,G,1,146,2258,1278,0,5,-62.275,-60.377,7/6/2018 3:50,A,-62.4481,-60.125,,1,0.8,-1.2,,,,15,29,21473,,,,5,2515,,,,25,16658,,,,4,32573,,,,2,26000,,,,,,,,,,,,,,,,,,,,,,,,,,,,,,,,,,,,,,,,,,,,,,,,,,,,,
173713,5-Jul-18,4:52:00,2018-07-05 04:52:00,G,2,146,2259,,1,9,-62.4472,-60.1121,54:24.8,FastGPS,-62.4472,-60.1121,,,4.7,-1.2,,,,15,4,10610,,,,31,4116,,,,26,12740,,,,29,22357,,,,16,21865,,,,5,30440,,,,2,31027,,,,25,12129,,,,9,8310,,,,,,,,,,,,,,,,,,,,,,,,,,,,,,,,,
173713,5-Jul-18,5:28:06,2018-07-05 05:28:06,G,1,146,2260,1278,0,8,-62.4474,-60.0997,30:32.3,FastGPS,-62.4474,-60.0997,,,9.9,0.3,,,,15,29,31681,,,,5,4778,,,,4,10467,,,,26,13169,,,,21,2155,,,,16,741,,,,25,12275,,,,31,22079,,,,,,,,,,,,,,,,,,,,,,,,,,,,,,,,,,,,,,
173713,5-Jul-18,6:29:42,2018-07-05 06:29:42,G,1,146,2262,1278,0,7,-62.4513,-60.1378,32:07.8,FastGPS,-62.4513,-60.1378,,1,14.1,-0.1,,,,15,29,2302,,,,4,25395,,,,21,29518,,,,26,16836,,,,16,24169,,,,5,10193,,,,27,4430,,,,,,,,,,,,,,,,,,,,,,,,,,,,,,,,,,,,,,,,,,,
173713,5-Jul-18,12:24:49,2018-07-05 12:24:49,G,1,146,2263,1278,0,6,-62.4623,-60.1515,27:14.3,FastGPS,-62.4623,-60.1515,,,14.7,-0.7,,,,15,1,16474,,,,18,10403,,,,31,8623,,,,32,595,,,,11,23549,,,,14,14449,,,,,,,,,,,,,,,,,,,,,,,,,,,,,,,,,,,,,,,,,,,,,,,,
173713,5-Jul-18,18:29:00,2018-07-05 18:29:00,G,1,146,2267,1278,0,4,-62.456,-60.178,7/6/2018 13:43,A,-62.4822,-60.1886,,,0.2,0.3,,,,15,7,29114,,,,30,15136,,,,9,26305,,,,5,17814,,,,,,,,,,,,,,,,,,,,,,,,,,,,,,,,,,,,,,,,,,,,,,,,,,,,,,,,,,
173713,5-Jul-18,18:59:14,2018-07-05 18:59:14,G,2,146,2268,1278,0,7,-62.4858,-60.1887,01:38.8,FastGPS,-62.4858,-60.1887,,,6.5,-1.2,,,,15,30,12958,,,,7,2195,,,,5,29372,,,,27,18204,,,,28,15721,,,,16,9127,,,,13,2600,,,,,,,,,,,,,,,,,,,,,,,,,,,,,,,,,,,,,,,,,,,
173713,5-Jul-18,19:45:59,2018-07-05 19:45:59,G,1,146,2269,1279,0,7,-62.491,-60.2029,48:24.3,FastGPS,-62.491,-60.2029,,,6.9,-0.7,,,,15,7,10981,,,,30,30395,,,,28,15741,,,,27,14341,,,,13,820,,,,9,15426,,,,8,24622,,,,,,,,,,,,,,,,,,,,,,,,,,,,,,,,,,,,,,,,,,,
173713,5-Jul-18,20:18:34,2018-07-05 20:18:34,G,1,146,2270,1279,0,7,-62.491,-60.2201,20:58.8,FastGPS,-62.491,-60.2201,,,8.1,-1.2,,,,15,28,28560,,,,30,8939,,,,7,4493,,,,5,27549,,,,13,31344,,,,20,16412,,,,15,18482,,,,,,,,,,,,,,,,,,,,,,,,,,,,,,,,,,,,,,,,,,,
173713,5-Jul-18,20:51:02,2018-07-05 20:51:02,G,2,146,2271,1279,0,5,-62.475,-60.2477,53:27.3,FastGPS,-62.475,-60.2477,,,3.6,-0.7,,,,15,7,4843,,,,8,10011,,,,11,3881,,,,13,13654,,,,28,20013,,,,,,,,,,,,,,,,,,,,,,,,,,,,,,,,,,,,,,,,,,,,,,,,,,,,,
173713,5-Jul-18,21:22:57,2018-07-05 21:22:57,G,1,146,2272,1279,0,7,-62.4535,-60.2685,25:21.8,FastGPS,-62.4535,-60.2685,,,6,-1.2,,,,15,15,1582,,,,30,8933,,,,28,17541,,,,17,25682,,,,13,12188,,,,7,28721,,,,11,14823,,,,,,,,,,,,,,,,,,,,,,,,,,,,,,,,,,,,,,,,,,,
173713,5-Jul-18,22:09:02,2018-07-05 22:09:02,G,1,146,2273,,0,9,-62.4241,-60.3047,11:26.8,FastGPS,-62.4241,-60.3047,,,11.2,-1.2,,,,15,28,31143,,,,17,27199,,,,15,23056,,,,13,30719,,,,30,5,,,,19,20679,,,,11,30022,,,,18,4563,,,,1,17562,,,,,,,,,,,,,,,,,,,,,,,,,,,,,,,,,
173713,6-Jul-18,0:13:11,2018-07-06 00:13:11,G,1,146,2277,1280,0,4,-62.456,-60.178,7/6/2018 13:43,A,-62.3284,-60.3741,,,1.7,-1.1,,,,15,17,6758,,,,12,4238,,,,19,15045,,,,6,13687,,,,,,,,,,,,,,,,,,,,,,,,,,,,,,,,,,,,,,,,,,,,,,,,,,,,,,,,,,
173713,6-Jul-18,0:43:36,2018-07-06 00:43:36,G,1,146,2278,,0,9,-62.304,-60.3807,46:00.8,FastGPS,-62.304,-60.3807,,,18.7,-1.2,,,,15,17,32112,,,,12,31549,,,,32,21559,,,,24,32271,,,,25,28185,,,,6,14192,,,,19,16575,,,,22,10813,,,,3,15444,,,,,,,,,,,,,,,,,,,,,,,,,,,,,,,,,
173713,6-Jul-18,1:43:13,2018-07-06 01:43:13,G,1,146,2280,,0,9,-62.296,-60.3495,45:38.3,FastGPS,-62.296,-60.3495,,,10.4,-0.7,,,,15,12,15951,,,,31,21843,,,,25,20514,,,,29,12098,,,,2,7434,,,,22,26018,,,,24,16221,,,,3,13064,,,,32,5376,,,,,,,,,,,,,,,,,,,,,,,,,,,,,,,,,
173713,6-Jul-18,3:58:11,2018-07-06 03:58:11,G,3,146,2284,1281,0,7,-62.2681,-60.3801,00:36.3,FastGPS,-62.2681,-60.3801,,1,4.5,-0.7,,,,15,31,2925,,,,29,23855,,,,2,15500,,,,4,21640,,,,5,30072,,,,12,11189,,,,25,24957,,,,,,,,,,,,,,,,,,,,,,,,,,,,,,,,,,,,,,,,,,,
173713,6-Jul-18,4:29:31,2018-07-06 04:29:31,G,2,146,2285,1281,0,7,-62.2558,-60.3721,31:56.3,FastGPS,-62.2558,-60.3721,,,8.2,-0.7,,,,15,5,6487,,,,2,20814,,,,25,23724,,,,29,3443,,,,31,2678,,,,26,29761,,,,21,8221,,,,,,,,,,,,,,,,,,,,,,,,,,,,,,,,,,,,,,,,,,,
173713,6-Jul-18,4:59:19,2018-07-06 04:59:19,G,3,146,2286,1281,0,8,-62.2522,-60.3942,01:44.3,FastGPS,-62.2522,-60.3942,,,8.2,-0.7,,,,15,5,6627,,,,31,31332,,,,29,11288,,,,21,24775,,,,26,8855,,,,25,31390,,,,4,29377,,,,2,6668,,,,,,,,,,,,,,,,,,,,,,,,,,,,,,,,,,,,,,
173713,6-Jul-18,5:31:20,2018-07-06 05:31:20,G,2,146,2287,1281,0,7,-62.2485,-60.4073,33:45.3,FastGPS,-62.2485,-60.4073,,,4.7,-0.7,,,,15,5,8421,,,,29,26126,,,,21,13794,,,,26,32465,,,,4,23031,,,,16,5485,,,,31,3889,,,,,,,,,,,,,,,,,,,,,,,,,,,,,,,,,,,,,,,,,,,
173713,6-Jul-18,6:03:52,2018-07-06 06:03:52,G,2,146,2288,1281,0,6,-62.255,-60.4176,06:17.8,FastGPS,-62.255,-60.4176,,1,13,-0.1,,,,15,21,7281,,,,4,3704,,,,26,10058,,,,29,9125,,,,13,16536,,,,16,12834,,,,,,,,,,,,,,,,,,,,,,,,,,,,,,,,,,,,,,,,,,,,,,,,
173713,6-Jul-18,6:34:01,2018-07-06 06:34:01,G,1,146,2289,,0,9,-62.2369,-60.4237,36:27.3,FastGPS,-62.2369,-60.4237,,1,7.5,0.3,,,,15,7,11542,,,,29,4331,,,,16,3943,,,,21,13700,,,,20,2451,,,,4,6543,,,,27,11139,,,,26,3904,,,,15,18068,,,,,,,,,,,,,,,,,,,,,,,,,,,,,,,,,
173713,6-Jul-18,7:06:11,2018-07-06 07:06:11,G,1,146,2290,,0,9,-62.245,-60.4378,08:37.3,FastGPS,-62.245,-60.4378,,,8.5,0.3,,,,15,16,20280,,,,15,15101,,,,26,22678,,,,4,6108,,,,13,28376,,,,27,22744,,,,29,12698,,,,20,13056,,,,21,11916,,,,,,,,,,,,,,,,,,,,,,,,,,,,,,,,,
173713,6-Jul-18,7:36:11,2018-07-06 07:36:11,G,1,146,2291,,0,9,-62.2573,-60.4114,38:36.9,FastGPS,-62.2573,-60.4114,,,15,-0.1,,,,15,20,3691,,,,15,31321,,,,16,6503,,,,21,11133,,,,27,21459,,,,10,17337,,,,26,2553,,,,13,30966,,,,7,18992,,,,,,,,,,,,,,,,,,,,,,,,,,,,,,,,,
173713,6-Jul-18,9:23:05,2018-07-06 09:23:05,G,2,146,2294,1282,0,8,-62.279,-60.346,25:31.3,FastGPS,-62.279,-60.346,,,11.6,0.3,,,,15,27,10148,,,,8,5850,,,,15,23327,,,,10,7754,,,,20,10731,,,,18,22221,,,,24,18050,,,,28,16856,,,,,,,,,,,,,,,,,,,,,,,,,,,,,,,,,,,,,,
173713,6-Jul-18,9:57:48,2018-07-06 09:57:48,G,1,146,2295,,0,9,-62.3029,-60.3235,00:13.8,FastGPS,-62.3029,-60.3235,,,13,-0.2,,,,15,8,488,,,,18,1097,,,,10,9013,,,,11,5096,,,,27,31680,,,,24,11087,,,,20,275,,,,32,1460,,,,15,5605,,,,,,,,,,,,,,,,,,,,,,,,,,,,,,,,,
173713,6-Jul-18,10:49:31,2018-07-06 10:49:31,G,4,146,2296,,0,9,-62.3371,-60.2984,51:56.8,FastGPS,-62.3371,-60.2984,,,10.3,-0.1,,,,15,11,14088,,,,1,9515,,,,18,6166,,,,10,27572,,,,22,8524,,,,20,9649,,,,8,3834,,,,32,31123,,,,28,13093,,,,,,,,,,,,,,,,,,,,,,,,,,,,,,,,,
173713,6-Jul-18,11:23:41,2018-07-06 11:23:41,G,1,146,2297,,0,9,-62.3606,-60.2902,26:06.8,FastGPS,-62.3606,-60.2902,,,9.5,-0.1,,,,15,18,23032,,,,22,5013,,,,11,205,,,,32,11548,,,,1,32298,,,,14,31304,,,,24,12336,,,,8,21271,,,,3,25364,,,,,,,,,,,,,,,,,,,,,,,,,,,,,,,,,
173713,6-Jul-18,11:56:11,2018-07-06 11:56:11,G,1,146,2298,,0,9,-62.3819,-60.2751,58:36.3,FastGPS,-62.3819,-60.2751,,,5.2,-0.7,,,,15,11,10419,,,,1,16094,,,,22,3362,,,,32,4122,,,,18,31530,,,,3,21731,,,,10,29695,,,,17,26845,,,,14,18412,,,,,,,,,,,,,,,,,,,,,,,,,,,,,,,,,
173713,6-Jul-18,12:29:06,2018-07-06 12:29:06,G,1,146,2299,,0,9,-62.4063,-60.2557,31:31.3,FastGPS,-62.4063,-60.2557,,,8.9,-0.7,,,,15,1,5212,,,,22,17220,,,,11,28562,,,,18,14412,,,,3,18174,,,,31,31192,,,,14,32562,,,,32,30782,,,,17,9129,,,,,,,,,,,,,,,,,,,,,,,,,,,,,,,,,
173713,6-Jul-18,13:52:18,2018-07-06 13:52:18,G,2,146,2301,,0,9,-62.4561,-60.1825,54:43.3,FastGPS,-62.4561,-60.1825,,,6.5,-0.7,,,,15,17,14739,,,,23,31188,,,,3,1277,,,,31,21886,,,,19,9632,,,,22,18191,,,,6,30870,,,,12,2578,,,,1,8454,,,,,,,,,,,,,,,,,,,,,,,,,,,,,,,,,
173713,6-Jul-18,21:40:50,2018-07-06 21:40:50,G,1,146,2305,1286,0,7,-62.4075,-60.3097,43:15.8,FastGPS,-62.4075,-60.3097,,,15.3,-0.1,,,,15,28,17921,,,,1,9413,,,,15,18252,,,,11,26633,,,,30,7553,,,,17,22480,,,,19,10730,,,,,,,,,,,,,,,,,,,,,,,,,,,,,,,,,,,,,,,,,,,
173713,6-Jul-18,22:11:02,2018-07-06 22:11:02,G,1,146,2306,,0,9,-62.3849,-60.338,13:27.8,FastGPS,-62.3849,-60.338,,,8.1,-0.2,,,,15,28,20982,,,,17,25587,,,,11,1321,,,,13,18727,,,,15,27448,,,,30,12704,,,,24,3916,,,,1,7614,,,,19,22005,,,,,,,,,,,,,,,,,,,,,,,,,,,,,,,,,
173713,7-Jul-18,0:14:23,2018-07-07 00:14:23,G,1,146,2309,1288,0,5,-62.3036,-60.4238,16:48.8,FastGPS,-62.3036,-60.4238,,,9.2,-0.2,,,,15,17,18625,,,,12,12394,,,,19,7761,,,,6,27896,,,,24,6045,,,,,,,,,,,,,,,,,,,,,,,,,,,,,,,,,,,,,,,,,,,,,,,,,,,,,
173713,7-Jul-18,0:44:01,2018-07-07 00:44:01,G,3,146,2310,1288,0,8,-62.2878,-60.4472,46:26.3,FastGPS,-62.2878,-60.4472,,,15.8,-0.7,,,,15,17,26944,,,,12,19655,,,,24,2883,,,,19,22525,,,,32,3767,,,,25,27102,,,,2,15929,,,,3,4888,,,,,,,,,,,,,,,,,,,,,,,,,,,,,,,,,,,,,,
173713,7-Jul-18,1:49:12,2018-07-07 01:49:12,G,2,146,2311,,0,9,-62.2967,-60.3906,51:36.9,FastGPS,-62.2967,-60.3906,,,5.4,-1.1,,,,15,12,31917,,,,19,26485,,,,6,14047,,,,25,5826,,,,31,23774,,,,32,2288,,,,14,19872,,,,24,28669,,,,2,1926,,,,,,,,,,,,,,,,,,,,,,,,,,,,,,,,,
173713,7-Jul-18,2:19:00,2018-07-07 02:19:00,G,5,146,2312,,0,9,-62.3006,-60.3665,21:25.4,FastGPS,-62.3006,-60.3665,,,8.4,-0.6,,,,15,19,26930,,,,6,32597,,,,12,9164,,,,25,23662,,,,2,8594,,,,29,6964,,,,31,31088,,,,3,29485,,,,14,26750,,,,,,,,,,,,,,,,,,,,,,,,,,,,,,,,,
173713,7-Jul-18,2:50:44,2018-07-07 02:50:44,G,5,146,2313,1290,0,6,-62.3059,-60.3445,53:08.9,FastGPS,-62.3059,-60.3445,,,11.2,-1.1,,,,15,29,4246,,,,25,27567,,,,12,31856,,,,31,31319,,,,2,19086,,,,6,20702,,,,,,,,,,,,,,,,,,,,,,,,,,,,,,,,,,,,,,,,,,,,,,,,
173713,7-Jul-18,3:21:06,2018-07-07 03:21:06,G,5,146,2314,1290,0,6,-62.3113,-60.3262,23:31.3,FastGPS,-62.3113,-60.3262,,,4.3,-0.6,,,,15,12,2292,,,,2,11450,,,,31,23446,,,,29,8926,,,,5,24823,,,,23,27113,,,,,,,,,,,,,,,,,,,,,,,,,,,,,,,,,,,,,,,,,,,,,,,,
173713,7-Jul-18,3:51:09,2018-07-07 03:51:09,G,4,146,2315,,0,9,-62.3115,-60.3207,53:34.3,FastGPS,-62.3115,-60.3207,,1,8.1,-0.7,,,,15,29,12498,,,,2,18057,,,,25,24120,,,,12,16587,,,,23,19362,,,,5,13420,,,,31,31003,,,,9,23764,,,,4,3930,,,,,,,,,,,,,,,,,,,,,,,,,,,,,,,,,
173713,7-Jul-18,4:36:08,2018-07-07 04:36:08,G,4,146,2316,,0,9,-62.3488,-60.2561,38:32.8,FastGPS,-62.3488,-60.2561,,1,8.1,-1.1,,,,15,29,15229,,,,31,18364,,,,2,21900,,,,5,7537,,,,21,12488,,,,4,16760,,,,26,12253,,,,25,30871,,,,23,3445,,,,,,,,,,,,,,,,,,,,,,,,,,,,,,,,,
173713,7-Jul-18,5:07:10,2018-07-07 05:07:10,G,5,146,2317,1291,0,6,-62.3767,-60.2424,09:34.9,FastGPS,-62.3767,-60.2424,,,8.4,-1.1,,,,15,4,13402,,,,29,31529,,,,26,4118,,,,21,19761,,,,5,16195,,,,25,14735,,,,,,,,,,,,,,,,,,,,,,,,,,,,,,,,,,,,,,,,,,,,,,,,
173713,7-Jul-18,5:37:39,2018-07-07 05:37:39,G,2,146,2318,1291,0,7,-62.4034,-60.2417,40:03.9,FastGPS,-62.4034,-60.2417,,,7.5,-1.1,,,,15,21,15326,,,,4,12893,,,,26,32303,,,,5,25391,,,,29,27565,,,,16,2146,,,,31,15453,,,,,,,,,,,,,,,,,,,,,,,,,,,,,,,,,,,,,,,,,,,
173713,7-Jul-18,6:08:16,2018-07-07 06:08:16,G,2,146,2319,,0,9,-62.43,-60.2443,10:41.3,FastGPS,-62.43,-60.2443,,1,16.6,-0.7,,,,15,26,18861,,,,4,5098,,,,21,14710,,,,16,16657,,,,7,4440,,,,5,29427,,,,27,24985,,,,29,31494,,,,20,11543,,,,,,,,,,,,,,,,,,,,,,,,,,,,,,,,,
173713,7-Jul-18,6:38:03,2018-07-07 06:38:03,G,3,146,2320,,0,9,-62.449,-60.2002,40:27.8,FastGPS,-62.449,-60.2002,,1,9.6,-1.2,,,,15,16,14456,,,,4,17637,,,,29,9727,,,,26,20691,,,,21,28177,,,,27,17754,,,,13,30494,,,,7,1271,,,,5,27981,,,,,,,,,,,,,,,,,,,,,,,,,,,,,,,,,
173713,7-Jul-18,13:21:18,2018-07-07 13:21:18,G,3,146,2321,1291,0,8,-62.4652,-60.1476,7/7/2018 13:23,FastGPS,-62.4652,-60.1476,,,14.6,-1,,,,15,17,23768,,,,31,30940,,,,3,18122,,,,1,8095,,,,22,124,,,,18,22795,,,,11,13672,,,,23,21124,,,,,,,,,,,,,,,,,,,,,,,,,,,,,,,,,,,,,,
173713,7-Jul-18,22:09:59,2018-07-07 22:09:59,G,4,146,2322,1292,0,5,-62.4649,-60.1657,12:24.3,FastGPS,-62.4649,-60.1657,,,1.4,-0.7,,,,15,15,21479,,,,17,1214,,,,13,4687,,,,28,9653,,,,24,11615,,,,,,,,,,,,,,,,,,,,,,,,,,,,,,,,,,,,,,,,,,,,,,,,,,,,,
173713,7-Jul-18,22:40:55,2018-07-07 22:40:55,G,1,146,2323,1292,0,6,-62.4608,-60.1968,43:19.9,FastGPS,-62.4608,-60.1968,,,8.6,-1.1,,,,15,17,7546,,,,19,3757,,,,12,1918,,,,15,21306,,,,24,28085,,,,28,8599,,,,,,,,,,,,,,,,,,,,,,,,,,,,,,,,,,,,,,,,,,,,,,,,
173713,7-Jul-18,23:11:00,2018-07-07 23:11:00,G,2,146,2324,1292,0,8,-62.4698,-60.1963,13:24.9,FastGPS,-62.4698,-60.1963,,,13.4,-1.1,,,,15,17,13895,,,,24,31038,,,,19,27917,,,,18,2451,,,,13,21012,,,,12,29780,,,,1,25183,,,,32,2065,,,,,,,,,,,,,,,,,,,,,,,,,,,,,,,,,,,,,,
173713,7-Jul-18,23:57:47,2018-07-07 23:57:47,G,3,146,2325,1293,0,4,-62.474,-60.159,7/8/2018 13:12,R,-62.4726,-60.208,,,0.2,-0.8,,,,15,19,17116,,,,17,27143,,,,6,19988,,,,24,21925,,,,,,,,,,,,,,,,,,,,,,,,,,,,,,,,,,,,,,,,,,,,,,,,,,,,,,,,,,
173713,8-Jul-18,0:28:34,2018-07-08 00:28:34,G,3,146,2326,1293,0,6,-62.4861,-60.1981,30:59.4,FastGPS,-62.4861,-60.1981,,,9.7,-0.6,,,,15,12,29886,,,,17,4163,,,,24,22597,,,,32,28692,,,,6,4244,,,,19,4840,,,,,,,,,,,,,,,,,,,,,,,,,,,,,,,,,,,,,,,,,,,,,,,,
173713,8-Jul-18,1:13:12,2018-07-08 01:13:12,G,3,146,2327,,0,9,-62.4789,-60.1783,15:37.4,FastGPS,-62.4789,-60.1783,,,5.2,-0.6,,,,15,12,7481,,,,17,2257,,,,19,2883,,,,6,635,,,,24,23521,,,,2,1306,,,,25,7227,,,,3,6460,,,,22,27920,,,,,,,,,,,,,,,,,,,,,,,,,,,,,,,,,
173713,8-Jul-18,3:22:56,2018-07-08 03:22:56,G,3,146,2328,1294,0,8,-62.4733,-60.1576,25:21.9,FastGPS,-62.4733,-60.1576,,1,3.2,-0.1,,,,15,12,29750,,,,25,8894,,,,31,12873,,,,29,8659,,,,5,1578,,,,2,21885,,,,4,19669,,,,6,12826,,,,,,,,,,,,,,,,,,,,,,,,,,,,,,,,,,,,,,
173713,8-Jul-18,4:07:10,2018-07-08 04:07:10,G,2,146,2329,,0,9,-62.4734,-60.1574,09:35.9,FastGPS,-62.4734,-60.1574,,1,8.8,-0.1,,,,15,31,8523,,,,4,11540,,,,29,6545,,,,25,10283,,,,26,20200,,,,2,23480,,,,5,14859,,,,12,27984,,,,21,2199,,,,,,,,,,,,,,,,,,,,,,,,,,,,,,,,,
173713,8-Jul-18,4:37:00,2018-07-08 04:37:00,G,1,146,2330,1294,1,5,-62.487,-60.202,7/9/2018 4:31,A,-62.4734,-60.1577,,1,0.9,-1.1,,,,15,31,18384,,,,4,10633,,,,29,29192,,,,25,27168,,,,26,10635,,,,,,,,,,,,,,,,,,,,,,,,,,,,,,,,,,,,,,,,,,,,,,,,,,,,,
173713,8-Jul-18,5:07:00,2018-07-08 05:07:00,G,3,146,2331,1294,1,6,-62.4732,-60.1571,09:24.9,FastGPS,-62.4732,-60.1571,,,11,-1.1,,,,15,4,31971,,,,26,26562,,,,31,19390,,,,29,8194,,,,21,20366,,,,25,11887,,,,,,,,,,,,,,,,,,,,,,,,,,,,,,,,,,,,,,,,,,,,,,,,
173713,8-Jul-18,18:46:24,2018-07-08 18:46:24,G,4,146,2332,1294,0,4,-62.453,-60.257,7/9/2018 5:19,P,-62.4693,-60.1596,,,0.3,-0.6,,,,15,7,11388,,,,5,5015,,,,30,20354,,,,27,25875,,,,,,,,,,,,,,,,,,,,,,,,,,,,,,,,,,,,,,,,,,,,,,,,,,,,,,,,,,
173713,8-Jul-18,19:16:48,2018-07-08 19:16:48,G,3,146,2333,1294,0,7,-62.47,-60.1863,19:13.4,FastGPS,-62.47,-60.1863,,,7.3,-0.6,,,,15,30,14330,,,,5,4266,,,,28,15565,,,,7,10813,,,,13,25777,,,,21,29655,,,,27,7775,,,,,,,,,,,,,,,,,,,,,,,,,,,,,,,,,,,,,,,,,,,
173713,8-Jul-18,19:49:58,2018-07-08 19:49:58,G,4,146,2334,1294,0,7,-62.4716,-60.2149,52:23.4,FastGPS,-62.4716,-60.2149,,,8.1,-0.6,,,,15,7,11926,,,,5,28881,,,,30,9971,,,,15,25897,,,,8,3074,,,,28,11970,,,,13,5499,,,,,,,,,,,,,,,,,,,,,,,,,,,,,,,,,,,,,,,,,,,
173713,8-Jul-18,20:24:37,2018-07-08 20:24:37,G,3,146,2335,,0,9,-62.4675,-60.2256,27:02.4,FastGPS,-62.4675,-60.2256,,,10.5,-0.6,,,,15,15,15059,,,,13,20945,,,,28,10141,,,,5,16468,,,,7,20214,,,,30,31328,,,,8,15244,,,,27,8361,,,,20,5382,,,,,,,,,,,,,,,,,,,,,,,,,,,,,,,,,
173713,8-Jul-18,20:54:38,2018-07-08 20:54:38,G,1,146,2336,1294,0,8,-62.4559,-60.2413,57:03.4,FastGPS,-62.4559,-60.2413,,,12,-0.6,,,,15,28,5347,,,,15,22295,,,,30,24484,,,,13,14562,,,,20,25574,,,,7,29580,,,,5,30949,,,,11,9177,,,,,,,,,,,,,,,,,,,,,,,,,,,,,,,,,,,,,,
173713,8-Jul-18,21:45:38,2018-07-08 21:45:38,G,2,146,2337,1295,0,7,-62.4369,-60.2945,48:02.9,FastGPS,-62.4369,-60.2945,,,2.4,-1.1,,,,15,17,10473,,,,28,21693,,,,30,12876,,,,13,25991,,,,24,24879,,,,15,19489,,,,20,12319,,,,,,,,,,,,,,,,,,,,,,,,,,,,,,,,,,,,,,,,,,,
173713,8-Jul-18,22:16:41,2018-07-08 22:16:41,G,2,146,2338,,0,9,-62.4335,-60.3315,19:06.4,FastGPS,-62.4335,-60.3315,,,7.4,-0.6,,,,15,17,22049,,,,15,27875,,,,13,15903,,,,19,28004,,,,28,23138,,,,10,5011,,,,24,1776,,,,20,28788,,,,12,13861,,,,,,,,,,,,,,,,,,,,,,,,,,,,,,,,,
173713,8-Jul-18,22:47:03,2018-07-08 22:47:03,G,1,146,2339,1295,0,6,-62.4437,-60.3639,49:27.9,FastGPS,-62.4437,-60.3639,,,8.9,-1.1,,,,15,19,3522,,,,17,24900,,,,15,28122,,,,24,21499,,,,13,15299,,,,12,13472,,,,,,,,,,,,,,,,,,,,,,,,,,,,,,,,,,,,,,,,,,,,,,,,
173713,8-Jul-18,23:19:48,2018-07-08 23:19:48,G,2,146,2340,,0,9,-62.4493,-60.4137,22:13.9,FastGPS,-62.4493,-60.4137,,,8.5,-0.1,,,,15,17,3897,,,,19,12334,,,,12,5353,,,,32,8406,,,,15,10029,,,,10,2512,,,,6,2468,,,,1,4489,,,,13,13759,,,,,,,,,,,,,,,,,,,,,,,,,,,,,,,,,
173713,9-Jul-18,0:09:37,2018-07-09 00:09:37,G,4,146,2341,1295,0,7,-62.4313,-60.4192,12:03.4,FastGPS,-62.4313,-60.4192,,,11.1,0.4,,,,15,17,951,,,,12,13321,,,,19,31302,,,,15,8586,,,,24,26819,,,,6,32274,,,,32,26321,,,,,,,,,,,,,,,,,,,,,,,,,,,,,,,,,,,,,,,,,,,
173713,9-Jul-18,0:39:12,2018-07-09 00:39:12,G,5,146,2342,,0,9,-62.4595,-60.3762,41:37.9,FastGPS,-62.4595,-60.3762,,,5,-0.1,,,,15,12,7157,,,,25,22780,,,,32,20188,,,,17,29320,,,,19,29,,,,22,9833,,,,3,28593,,,,24,8894,,,,6,31541,,,,,,,,,,,,,,,,,,,,,,,,,,,,,,,,,
173713,9-Jul-18,1:11:02,2018-07-09 01:11:02,G,4,146,2343,1295,0,8,-62.4856,-60.3344,13:28.4,FastGPS,-62.4856,-60.3344,,,6.7,0.4,,,,15,12,29985,,,,25,3670,,,,32,24682,,,,17,13861,,,,19,18770,,,,6,24169,,,,14,9508,,,,22,14372,,,,,,,,,,,,,,,,,,,,,,,,,,,,,,,,,,,,,,
173713,9-Jul-18,1:41:08,2018-07-09 01:41:08,G,3,146,2344,1295,0,8,-62.4978,-60.2748,43:34.4,FastGPS,-62.4978,-60.2748,,,15.8,0.4,,,,15,12,5342,,,,25,12852,,,,19,2006,,,,31,32158,,,,32,8276,,,,6,21692,,,,2,7558,,,,14,27184,,,,,,,,,,,,,,,,,,,,,,,,,,,,,,,,,,,,,,
173713,9-Jul-18,2:11:03,2018-07-09 02:11:03,G,4,146,2345,1295,0,8,-62.5101,-60.2679,13:28.9,FastGPS,-62.5101,-60.2679,,,8.8,-0.1,,,,15,12,20139,,,,29,18419,,,,25,3519,,,,2,20537,,,,31,12481,,,,3,11316,,,,32,337,,,,14,5947,,,,,,,,,,,,,,,,,,,,,,,,,,,,,,,,,,,,,,
173713,9-Jul-18,2:41:07,2018-07-09 02:41:07,G,3,146,2346,1295,0,6,-62.5269,-60.2872,43:31.9,FastGPS,-62.5269,-60.2872,,,7.9,-1.1,,,,15,29,20948,,,,31,19204,,,,25,17014,,,,12,25027,,,,23,9872,,,,2,8916,,,,,,,,,,,,,,,,,,,,,,,,,,,,,,,,,,,,,,,,,,,,,,,,
173713,9-Jul-18,3:11:54,2018-07-09 03:11:54,G,1,146,2347,1295,0,7,-62.5148,-60.2732,14:18.9,FastGPS,-62.5148,-60.2732,,,9.6,-1.1,,,,15,2,26187,,,,25,9420,,,,5,32210,,,,29,17816,,,,31,2560,,,,6,2488,,,,23,7724,,,,,,,,,,,,,,,,,,,,,,,,,,,,,,,,,,,,,,,,,,,
173713,9-Jul-18,3:58:01,2018-07-09 03:58:01,G,2,146,2348,1296,0,7,-62.4983,-60.2325,00:25.9,FastGPS,-62.4983,-60.2325,,1,2.3,-1.1,,,,15,5,10142,,,,2,19168,,,,29,12432,,,,31,27478,,,,4,5744,,,,26,10893,,,,25,1294,,,,,,,,,,,,,,,,,,,,,,,,,,,,,,,,,,,,,,,,,,,
173713,9-Jul-18,4:29:03,2018-07-09 04:29:03,G,2,146,2349,,0,9,-62.4816,-60.2039,31:27.9,FastGPS,-62.4816,-60.2039,,1,8.8,-1.1,,,,15,4,15508,,,,29,11016,,,,5,5938,,,,26,12285,,,,25,21606,,,,9,26462,,,,23,31458,,,,16,11120,,,,2,15255,,,,,,,,,,,,,,,,,,,,,,,,,,,,,,,,,
173713,9-Jul-18,4:59:00,2018-07-09 04:59:00,G,2,146,2350,1296,0,8,-62.477,-60.1674,01:24.9,FastGPS,-62.477,-60.1674,,,14.3,-1.1,,,,15,4,23192,,,,26,14177,,,,29,8824,,,,5,27007,,,,16,4255,,,,21,28919,,,,2,31034,,,,31,29550,,,,,,,,,,,,,,,,,,,,,,,,,,,,,,,,,,,,,,
173713,9-Jul-18,5:29:01,2018-07-09 05:29:01,G,4,146,2351,1296,0,7,-62.4761,-60.1667,31:26.4,FastGPS,-62.4761,-60.1667,,,8.7,-0.6,,,,15,29,6273,,,,5,4412,,,,26,9399,,,,4,22983,,,,16,11117,,,,21,23249,,,,31,26925,,,,,,,,,,,,,,,,,,,,,,,,,,,,,,,,,,,,,,,,,,,
173713,9-Jul-18,5:59:43,2018-07-09 05:59:43,G,2,146,2352,1296,0,8,-62.4796,-60.1741,02:08.4,FastGPS,-62.4796,-60.1741,,1,13,-0.6,,,,15,29,12884,,,,21,26231,,,,5,11402,,,,26,31735,,,,16,28621,,,,4,18219,,,,20,22228,,,,27,2916,,,,,,,,,,,,,,,,,,,,,,,,,,,,,,,,,,,,,,
173713,9-Jul-18,6:51:35,2018-07-09 06:51:35,G,3,146,2353,,0,9,-62.479,-60.1783,54:01.4,FastGPS,-62.479,-60.1783,,,11.1,0.4,,,,15,20,11907,,,,7,8634,,,,4,21684,,,,26,4438,,,,16,29376,,,,27,22399,,,,10,32026,,,,21,21204,,,,29,31741,,,,,,,,,,,,,,,,,,,,,,,,,,,,,,,,,
173713,9-Jul-18,7:36:07,2018-07-09 07:36:07,G,1,146,2354,,0,9,-62.481,-60.1773,38:32.9,FastGPS,-62.481,-60.1773,,,18.9,-0.1,,,,15,13,1803,,,,15,23170,,,,27,18379,,,,21,17256,,,,16,4968,,,,30,14748,,,,20,27880,,,,10,2116,,,,7,1464,,,,,,,,,,,,,,,,,,,,,,,,,,,,,,,,,
173713,9-Jul-18,8:06:03,2018-07-09 08:06:03,G,4,146,2355,1298,0,8,-62.4878,-60.1752,08:28.4,FastGPS,-62.4878,-60.1752,,,11.4,-0.6,,,,15,10,1021,,,,27,21598,,,,21,9965,,,,30,634,,,,20,16508,,,,7,13065,,,,13,25720,,,,16,19373,,,,,,,,,,,,,,,,,,,,,,,,,,,,,,,,,,,,,,
173713,9-Jul-18,10:50:30,2018-07-09 10:50:30,G,3,146,2356,1298,0,8,-62.4947,-60.1743,52:56.4,FastGPS,-62.4947,-60.1743,,,15.2,0.4,,,,15,32,8366,,,,10,6870,,,,1,12665,,,,11,24260,,,,18,15437,,,,14,2954,,,,28,13190,,,,8,12603,,,,,,,,,,,,,,,,,,,,,,,,,,,,,,,,,,,,,,
173713,9-Jul-18,11:24:15,2018-07-09 11:24:15,G,2,146,2357,,0,9,-62.4837,-60.1687,26:40.4,FastGPS,-62.4837,-60.1687,,,13.4,-0.6,,,,15,32,13640,,,,10,3270,,,,22,23501,,,,1,2088,,,,18,29300,,,,11,7019,,,,14,4065,,,,8,1002,,,,3,21615,,,,,,,,,,,,,,,,,,,,,,,,,,,,,,,,,
173713,9-Jul-18,12:44:35,2018-07-09 12:44:35,G,3,146,2358,1298,0,6,-62.4874,-60.1641,47:01.4,FastGPS,-62.4874,-60.1641,,,1.1,0.4,,,,15,31,19051,,,,3,20977,,,,1,32501,,,,14,15957,,,,32,22965,,,,22,278,,,,,,,,,,,,,,,,,,,,,,,,,,,,,,,,,,,,,,,,,,,,,,,,
173713,9-Jul-18,13:14:00,2018-07-09 13:14:00,G,4,146,2359,1298,1,7,-62.4871,-60.1636,16:25.9,FastGPS,-62.4871,-60.1636,,,8.3,-0.1,,,,15,12,15725,,,,17,965,,,,25,25608,,,,32,17534,,,,6,5219,,,,19,23540,,,,14,20375,,,,,,,,,,,,,,,,,,,,,,,,,,,,,,,,,,,,,,,,,,,
173713,11-Jul-18,11:28:20,2018-07-11 11:28:20,G,2,146,2360,1298,0,7,-62.495,-60.1788,30:46.4,FastGPS,-62.495,-60.1788,,,13.5,0.5,,,,15,32,18502,,,,14,11255,,,,1,8244,,,,11,18573,,,,18,7491,,,,10,32642,,,,3,25212,,,,,,,,,,,,,,,,,,,,,,,,,,,,,,,,,,,,,,,,,,,
173713,11-Jul-18,12:13:39,2018-07-11 12:13:39,G,1,146,2361,,0,9,-62.4824,-60.1712,16:05.5,FastGPS,-62.4824,-60.1712,,,8.3,0.5,,,,15,31,2249,,,,14,13286,,,,32,1082,,,,11,740,,,,1,20320,,,,18,19070,,,,22,8418,,,,3,18124,,,,17,1233,,,,,,,,,,,,,,,,,,,,,,,,,,,,,,,,,
173713,11-Jul-18,12:43:31,2018-07-11 12:43:31,G,2,146,2362,1298,0,8,-62.4796,-60.167,45:57.5,FastGPS,-62.4796,-60.167,,,5.9,0.5,,,,15,31,6721,,,,17,11075,,,,18,30547,,,,3,4508,,,,22,1668,,,,11,16570,,,,1,19695,,,,14,32229,,,,,,,,,,,,,,,,,,,,,,,,,,,,,,,,,,,,,,
173713,11-Jul-18,13:14:09,2018-07-11 13:14:09,G,1,146,2363,,0,9,-62.4797,-60.1664,7/11/2018 13:16,FastGPS,-62.4797,-60.1664,,,6.7,0,,,,15,31,11476,,,,23,27099,,,,22,21692,,,,3,27981,,,,14,11075,,,,32,290,,,,17,3209,,,,11,8993,,,,19,15868,,,,,,,,,,,,,,,,,,,,,,,,,,,,,,,,,
173713,11-Jul-18,17:53:08,2018-07-11 17:53:08,G,2,146,2366,1299,0,7,-62.5053,-60.2397,55:34.0,FastGPS,-62.5053,-60.2397,,,3.2,0,,,,15,5,20766,,,,7,14534,,,,30,1039,,,,27,14807,,,,9,17069,,,,16,12776,,,,2,8511,,,,,,,,,,,,,,,,,,,,,,,,,,,,,,,,,,,,,,,,,,,
173713,11-Jul-18,18:23:03,2018-07-11 18:23:03,G,3,146,2367,1299,0,5,-62.5161,-60.271,25:29.0,FastGPS,-62.5161,-60.271,,,3.7,0,,,,15,7,19607,,,,5,17,,,,30,27411,,,,9,20460,,,,13,22992,,,,,,,,,,,,,,,,,,,,,,,,,,,,,,,,,,,,,,,,,,,,,,,,,,,,,
173713,11-Jul-18,18:53:22,2018-07-11 18:53:22,G,5,146,2368,1299,0,7,-62.5288,-60.2759,55:48.5,FastGPS,-62.5288,-60.2759,,,1.8,0.5,,,,15,7,19362,,,,30,22098,,,,5,2671,,,,9,7192,,,,28,4317,,,,8,24005,,,,21,6620,,,,,,,,,,,,,,,,,,,,,,,,,,,,,,,,,,,,,,,,,,,
173713,11-Jul-18,19:23:05,2018-07-11 19:23:05,G,1,146,2369,1299,0,7,-62.5418,-60.3129,25:31.0,FastGPS,-62.5418,-60.3129,,,1.8,0,,,,15,5,11029,,,,30,26671,,,,28,19476,,,,21,5066,,,,15,205,,,,27,9933,,,,13,3605,,,,,,,,,,,,,,,,,,,,,,,,,,,,,,,,,,,,,,,,,,,
173713,11-Jul-18,19:55:59,2018-07-11 19:55:59,G,3,146,2370,1299,0,7,-62.5529,-60.3576,58:25.0,FastGPS,-62.5529,-60.3576,,,9,0,,,,15,30,28775,,,,28,24736,,,,15,15431,,,,7,18605,,,,13,26046,,,,5,11614,,,,8,21045,,,,,,,,,,,,,,,,,,,,,,,,,,,,,,,,,,,,,,,,,,,
173713,11-Jul-18,20:28:47,2018-07-11 20:28:47,G,1,146,2371,1299,0,7,-62.548,-60.4014,31:13.5,FastGPS,-62.548,-60.4014,,,6.7,0.5,,,,15,30,798,,,,5,25823,,,,7,25027,,,,28,22343,,,,13,14132,,,,15,17235,,,,8,4210,,,,,,,,,,,,,,,,,,,,,,,,,,,,,,,,,,,,,,,,,,,
173713,11-Jul-18,21:00:46,2018-07-11 21:00:46,G,2,146,2372,,0,9,-62.5415,-60.4492,7/11/2018 21:03,FastGPS,-62.5415,-60.4492,,,11.2,-1,,,,15,13,22653,,,,15,18741,,,,28,29764,,,,17,18660,,,,10,2302,,,,30,13430,,,,20,8493,,,,24,19072,,,,8,8603,,,,,,,,,,,,,,,,,,,,,,,,,,,,,,,,,
173713,12-Jul-18,0:44:05,2018-07-12 00:44:05,G,2,146,2374,1300,0,8,-62.4199,-60.6557,46:31.5,FastGPS,-62.4199,-60.6557,,,11.8,0.5,,,,15,19,8758,,,,17,31116,,,,6,17153,,,,12,7193,,,,2,10747,,,,14,9840,,,,25,4187,,,,24,6984,,,,,,,,,,,,,,,,,,,,,,,,,,,,,,,,,,,,,,
173713,12-Jul-18,1:33:42,2018-07-12 01:33:42,G,1,146,2375,,0,9,-62.3748,-60.718,36:08.5,FastGPS,-62.3748,-60.718,,,7.9,0.5,,,,15,12,32069,,,,29,14204,,,,31,19645,,,,6,16484,,,,2,22368,,,,19,14055,,,,32,28697,,,,24,11326,,,,25,26179,,,,,,,,,,,,,,,,,,,,,,,,,,,,,,,,,
173713,12-Jul-18,6:53:25,2018-07-12 06:53:25,G,1,146,2377,,0,9,-62.3253,-60.6619,55:50.1,FastGPS,-62.3253,-60.6619,,,14.4,-0.9,,,,15,27,12671,,,,16,21380,,,,26,25559,,,,21,17425,,,,13,27580,,,,20,32305,,,,7,14233,,,,15,29596,,,,4,3646,,,,,,,,,,,,,,,,,,,,,,,,,,,,,,,,,
173713,12-Jul-18,9:36:55,2018-07-12 09:36:55,G,3,146,2378,1304,0,8,-62.3673,-60.6008,39:20.0,FastGPS,-62.3673,-60.6008,,,7.2,-1,,,,15,10,11981,,,,8,6930,,,,27,27671,,,,15,3442,,,,18,23406,,,,11,28211,,,,20,28372,,,,24,27968,,,,,,,,,,,,,,,,,,,,,,,,,,,,,,,,,,,,,,
173713,12-Jul-18,10:14:29,2018-07-12 10:14:29,G,2,146,2379,,0,9,-62.3888,-60.5682,16:55.5,FastGPS,-62.3888,-60.5682,,,8.3,0.5,,,,15,32,1392,,,,10,18177,,,,22,16040,,,,28,18989,,,,8,26692,,,,1,29944,,,,27,28101,,,,11,21104,,,,14,5150,,,,,,,,,,,,,,,,,,,,,,,,,,,,,,,,,
173713,12-Jul-18,13:05:47,2018-07-12 13:05:47,G,1,146,2380,,0,9,-62.4704,-60.4177,08:13.0,FastGPS,-62.4704,-60.4177,,,10.5,0.1,,,,15,17,6130,,,,23,821,,,,3,15772,,,,31,29023,,,,22,18922,,,,14,17019,,,,19,6689,,,,18,25640,,,,1,17238,,,,,,,,,,,,,,,,,,,,,,,,,,,,,,,,,
173713,12-Jul-18,14:38:06,2018-07-12 14:38:06,G,2,146,2382,1306,0,8,-62.484,-60.369,40:32.5,FastGPS,-62.484,-60.369,,,9.6,0.5,,,,15,23,13466,,,,3,17901,,,,9,19599,,,,2,12482,,,,22,18632,,,,6,19483,,,,25,28938,,,,31,29900,,,,,,,,,,,,,,,,,,,,,,,,,,,,,,,,,,,,,,
173713,12-Jul-18,15:56:44,2018-07-12 15:56:44,G,2,146,2384,,0,9,-62.4966,-60.318,59:10.0,FastGPS,-62.4966,-60.318,,1,5.7,0,,,,15,7,8757,,,,9,19921,,,,6,11077,,,,23,26609,,,,4,8700,,,,2,1388,,,,16,32477,,,,29,23439,,,,26,24071,,,,,,,,,,,,,,,,,,,,,,,,,,,,,,,,,
173713,12-Jul-18,16:29:23,2018-07-12 16:29:23,G,1,146,2385,1307,0,8,-62.5044,-60.2764,31:49.0,FastGPS,-62.5044,-60.2764,,1,1.6,0,,,,15,7,32369,,,,9,7583,,,,2,18420,,,,16,761,,,,23,4998,,,,5,30440,,,,4,26281,,,,29,3021,,,,,,,,,,,,,,,,,,,,,,,,,,,,,,,,,,,,,,
173713,12-Jul-18,17:18:31,2018-07-12 17:18:31,G,1,146,2386,1308,0,8,-62.4981,-60.2631,20:56.5,FastGPS,-62.4981,-60.2631,,,11.5,-0.5,,,,15,9,14250,,,,23,9551,,,,30,32700,,,,5,24099,,,,7,22482,,,,16,25584,,,,2,16449,,,,27,19227,,,,,,,,,,,,,,,,,,,,,,,,,,,,,,,,,,,,,,
173713,12-Jul-18,18:07:40,2018-07-12 18:07:40,G,2,146,2387,1309,0,6,-62.4971,-60.2675,7/12/2018 18:10,FastGPS,-62.4971,-60.2675,,,3.1,0,,,,15,7,14444,,,,30,21095,,,,9,17428,,,,5,12659,,,,27,31685,,,,16,19515,,,,,,,,,,,,,,,,,,,,,,,,,,,,,,,,,,,,,,,,,,,,,,,,
173713,12-Jul-18,18:54:04,2018-07-12 18:54:04,G,4,146,2388,,0,9,-62.4968,-60.2669,56:30.0,FastGPS,-62.4968,-60.2669,,,12,0,,,,15,7,3919,,,,5,24889,,,,30,21286,,,,28,25276,,,,21,5277,,,,9,14093,,,,13,13378,,,,27,17921,,,,8,294,,,,,,,,,,,,,,,,,,,,,,,,,,,,,,,,,
173713,12-Jul-18,20:04:06,2018-07-12 20:04:06,G,2,146,2389,1312,0,6,-62.4744,-60.3012,06:32.0,FastGPS,-62.4744,-60.3012,,,3.5,0.1,,,,15,7,11351,,,,5,8205,,,,30,15116,,,,13,22929,,,,28,6176,,,,8,25087,,,,,,,,,,,,,,,,,,,,,,,,,,,,,,,,,,,,,,,,,,,,,,,,
173713,12-Jul-18,21:14:05,2018-07-12 21:14:05,G,1,146,2390,1314,0,8,-62.4482,-60.3902,16:31.0,FastGPS,-62.4482,-60.3902,,,9.3,0,,,,15,11,4159,,,,17,25178,,,,18,15857,,,,15,27652,,,,30,29219,,,,13,13284,,,,28,270,,,,1,13287,,,,,,,,,,,,,,,,,,,,,,,,,,,,,,,,,,,,,,
173713,12-Jul-18,21:44:33,2018-07-12 21:44:33,G,3,146,2391,1314,0,7,-62.4231,-60.4156,46:59.5,FastGPS,-62.4231,-60.4156,,,18.8,0.5,,,,15,28,30528,,,,17,22913,,,,15,32292,,,,11,5950,,,,18,18066,,,,19,16002,,,,13,28396,,,,,,,,,,,,,,,,,,,,,,,,,,,,,,,,,,,,,,,,,,,
173713,12-Jul-18,22:14:31,2018-07-12 22:14:31,G,2,146,2392,,0,9,-62.4005,-60.4398,16:57.5,FastGPS,-62.4005,-60.4398,,,8.9,0.5,,,,15,28,25558,,,,12,5921,,,,15,28781,,,,1,991,,,,13,15673,,,,19,8083,,,,17,20333,,,,11,5833,,,,18,16677,,,,,,,,,,,,,,,,,,,,,,,,,,,,,,,,,
173713,12-Jul-18,22:44:20,2018-07-12 22:44:20,G,3,146,2393,1314,0,6,-62.3941,-60.4478,46:46.5,FastGPS,-62.3941,-60.4478,,,7,0.5,,,,15,24,8521,,,,19,32453,,,,17,30186,,,,13,6619,,,,12,29357,,,,28,18826,,,,,,,,,,,,,,,,,,,,,,,,,,,,,,,,,,,,,,,,,,,,,,,,
173713,13-Jul-18,2:43:23,2018-07-13 02:43:23,G,3,146,2396,1315,0,6,-62.4291,-60.6601,45:48.0,FastGPS,-62.4291,-60.6601,,,14.7,-1,,,,15,29,31588,,,,31,3354,,,,25,31113,,,,2,18887,,,,12,7470,,,,23,32446,,,,,,,,,,,,,,,,,,,,,,,,,,,,,,,,,,,,,,,,,,,,,,,,
173713,13-Jul-18,3:18:00,2018-07-13 03:18:00,G,2,146,2397,1315,0,6,-62.4504,-60.6596,20:26.5,FastGPS,-62.4504,-60.6596,,1,0.9,0.5,,,,15,29,28687,,,,31,1989,,,,4,3623,,,,25,4223,,,,23,18380,,,,2,7286,,,,,,,,,,,,,,,,,,,,,,,,,,,,,,,,,,,,,,,,,,,,,,,,
173713,13-Jul-18,3:50:11,2018-07-13 03:50:11,G,1,146,2398,1315,0,6,-62.4724,-60.6666,52:36.3,FastGPS,-62.4724,-60.6666,,1,5.6,-0.7,,,,15,31,5877,,,,29,10691,,,,5,23109,,,,26,4540,,,,4,25476,,,,25,316,,,,,,,,,,,,,,,,,,,,,,,,,,,,,,,,,,,,,,,,,,,,,,,,
173713,13-Jul-18,4:37:00,2018-07-13 04:37:00,G,1,146,2399,1316,0,8,-62.494,-60.6954,39:26.0,FastGPS,-62.494,-60.6954,,1,4.5,0,,,,15,5,32539,,,,29,25313,,,,31,30717,,,,25,22741,,,,26,14493,,,,4,28191,,,,21,12118,,,,16,25468,,,,,,,,,,,,,,,,,,,,,,,,,,,,,,,,,,,,,,
173713,13-Jul-18,6:09:00,2018-07-13 06:09:00,G,1,146,2401,,0,9,-62.4999,-60.6997,11:26.5,FastGPS,-62.4999,-60.6997,,1,15.3,0.5,,,,15,5,25384,,,,21,4705,,,,29,6946,,,,16,27703,,,,7,9019,,,,15,15564,,,,26,14667,,,,4,14122,,,,27,15109,,,,,,,,,,,,,,,,,,,,,,,,,,,,,,,,,
173713,13-Jul-18,6:41:17,2018-07-13 06:41:17,G,2,146,2402,,0,9,-62.4985,-60.7,43:42.5,FastGPS,-62.4985,-60.7,,1,13.6,-0.5,,,,15,20,18066,,,,15,18486,,,,16,11128,,,,29,19834,,,,4,16198,,,,21,3739,,,,27,31574,,,,10,15281,,,,26,2236,,,,,,,,,,,,,,,,,,,,,,,,,,,,,,,,,
173713,13-Jul-18,7:11:57,2018-07-13 07:11:57,G,1,146,2403,1318,0,8,-62.4984,-60.7004,14:23.5,FastGPS,-62.4984,-60.7004,,,10.6,0.5,,,,15,27,19164,,,,15,24082,,,,7,1373,,,,21,19267,,,,20,29845,,,,8,30166,,,,16,13028,,,,13,18142,,,,,,,,,,,,,,,,,,,,,,,,,,,,,,,,,,,,,,
173713,13-Jul-18,7:42:04,2018-07-13 07:42:04,G,2,146,2404,1318,0,5,-62.498,-60.6997,44:30.5,FastGPS,-62.498,-60.6997,,,6.9,0.5,,,,15,20,22703,,,,21,14180,,,,15,13874,,,,27,25892,,,,8,5733,,,,,,,,,,,,,,,,,,,,,,,,,,,,,,,,,,,,,,,,,,,,,,,,,,,,,
173713,13-Jul-18,8:42:00,2018-07-13 08:42:00,G,1,146,2405,1320,0,6,-62.4979,-60.7,44:26.5,FastGPS,-62.4979,-60.7,,,5.8,0.5,,,,15,10,22490,,,,8,13648,,,,15,9852,,,,32,18036,,,,18,32108,,,,27,21560,,,,,,,,,,,,,,,,,,,,,,,,,,,,,,,,,,,,,,,,,,,,,,,,
173713,13-Jul-18,9:44:34,2018-07-13 09:44:34,G,4,146,2407,,0,9,-62.4993,-60.7001,47:00.5,FastGPS,-62.4993,-60.7001,,,11.5,0.5,,,,15,10,6803,,,,18,8448,,,,32,15093,,,,14,1471,,,,11,14526,,,,1,15202,,,,8,7593,,,,20,2660,,,,28,11752,,,,,,,,,,,,,,,,,,,,,,,,,,,,,,,,,
173713,13-Jul-18,10:29:00,2018-07-13 10:29:00,G,2,146,2408,1321,0,8,-62.4992,-60.7005,31:25.0,FastGPS,-62.4992,-60.7005,,,9.5,-1,,,,15,32,18528,,,,10,7634,,,,14,1135,,,,18,28307,,,,8,16607,,,,11,4801,,,,24,29817,,,,1,15708,,,,,,,,,,,,,,,,,,,,,,,,,,,,,,,,,,,,,,
173713,13-Jul-18,10:59:01,2018-07-13 10:59:01,G,1,146,2409,1321,0,7,-62.498,-60.7009,7/13/2018 11:01,FastGPS,-62.498,-60.7009,,,11.3,0,,,,15,32,8764,,,,18,23016,,,,1,9460,,,,11,1162,,,,10,30023,,,,22,17460,,,,14,7503,,,,,,,,,,,,,,,,,,,,,,,,,,,,,,,,,,,,,,,,,,,
173713,13-Jul-18,11:29:00,2018-07-13 11:29:00,G,1,146,2410,,1,9,-62.4979,-60.7008,31:25.0,FastGPS,-62.4979,-60.7008,,,10.3,-1,,,,15,32,12417,,,,31,32122,,,,17,14674,,,,22,18158,,,,1,30288,,,,18,8425,,,,11,20913,,,,14,30576,,,,3,7067,,,,,,,,,,,,,,,,,,,,,,,,,,,,,,,,,
173713,13-Jul-18,12:32:36,2018-07-13 12:32:36,G,2,146,2412,,0,9,-62.4982,-60.7,35:01.5,FastGPS,-62.4982,-60.7,,,7.7,-0.5,,,,15,31,16577,,,,17,2595,,,,11,13318,,,,14,23793,,,,18,26698,,,,22,21445,,,,23,14186,,,,1,12492,,,,32,23651,,,,,,,,,,,,,,,,,,,,,,,,,,,,,,,,,
173713,13-Jul-18,13:05:32,2018-07-13 13:05:32,G,1,146,2413,,0,9,-62.499,-60.701,07:57.0,FastGPS,-62.499,-60.701,,,12,-1,,,,15,31,21549,,,,1,25781,,,,14,22916,,,,22,2039,,,,11,23909,,,,3,8444,,,,18,29693,,,,12,11211,,,,23,6297,,,,,,,,,,,,,,,,,,,,,,,,,,,,,,,,,
173713,13-Jul-18,13:36:04,2018-07-13 13:36:04,G,2,146,2414,,0,9,-62.5019,-60.6982,38:29.5,FastGPS,-62.5019,-60.6982,,,10.9,-0.5,,,,15,23,27493,,,,17,24539,,,,6,31327,,,,1,8159,,,,12,28706,,,,3,18937,,,,9,22673,,,,22,6759,,,,31,6175,,,,,,,,,,,,,,,,,,,,,,,,,,,,,,,,,
173713,13-Jul-18,14:06:01,2018-07-13 14:06:01,G,1,146,2415,,0,9,-62.5111,-60.6896,08:26.5,FastGPS,-62.5111,-60.6896,,,10.9,-0.5,,,,15,6,22523,,,,3,25697,,,,23,16276,,,,19,452,,,,31,11448,,,,1,4255,,,,22,13234,,,,9,25415,,,,26,31150,,,,,,,,,,,,,,,,,,,,,,,,,,,,,,,,,
173713,13-Jul-18,15:52:01,2018-07-13 15:52:01,G,1,146,2418,1322,0,8,-62.4933,-60.7085,54:26.5,FastGPS,-62.4933,-60.7085,,1,5,-0.5,,,,15,9,31585,,,,23,6272,,,,6,26278,,,,26,1671,,,,4,19808,,,,16,8031,,,,7,18319,,,,29,1756,,,,,,,,,,,,,,,,,,,,,,,,,,,,,,,,,,,,,,
173713,13-Jul-18,16:22:02,2018-07-13 16:22:02,G,2,146,2419,,0,9,-62.4991,-60.7003,24:27.5,FastGPS,-62.4991,-60.7003,,1,2.8,-0.5,,,,15,2,1248,,,,7,28439,,,,23,23202,,,,5,26124,,,,29,13894,,,,9,16695,,,,16,3816,,,,4,8663,,,,26,11819,,,,,,,,,,,,,,,,,,,,,,,,,,,,,,,,,
173713,13-Jul-18,19:04:09,2018-07-13 19:04:09,G,2,146,2422,1326,0,7,-62.4934,-60.7083,06:34.5,FastGPS,-62.4934,-60.7083,,,8.6,-0.5,,,,15,30,17264,,,,7,21723,,,,13,24559,,,,27,5404,,,,5,26148,,,,28,22740,,,,9,4473,,,,,,,,,,,,,,,,,,,,,,,,,,,,,,,,,,,,,,,,,,,
173713,13-Jul-18,21:29:14,2018-07-13 21:29:14,G,1,146,2425,,0,9,-62.453,-60.7751,31:40.0,FastGPS,-62.453,-60.7751,,,11.3,0.1,,,,15,28,1641,,,,17,17919,,,,15,11608,,,,30,16806,,,,19,5933,,,,11,15748,,,,13,5266,,,,18,15813,,,,1,14110,,,,,,,,,,,,,,,,,,,,,,,,,,,,,,,,,
173713,13-Jul-18,22:24:11,2018-07-13 22:24:11,G,1,146,2426,1328,0,8,-62.4293,-60.8216,26:37.1,FastGPS,-62.4293,-60.8216,,,3,0.1,,,,15,15,13897,,,,17,30119,,,,19,4623,,,,10,30038,,,,24,27529,,,,12,17862,,,,13,3537,,,,28,13969,,,,,,,,,,,,,,,,,,,,,,,,,,,,,,,,,,,,,,
173713,13-Jul-18,23:26:06,2018-07-13 23:26:06,G,1,146,2428,1328,0,5,-62.4623,-60.9266,28:32.1,FastGPS,-62.4623,-60.9266,,,3,0.1,,,,15,12,3531,,,,15,1673,,,,24,25437,,,,1,24929,,,,32,30120,,,,,,,,,,,,,,,,,,,,,,,,,,,,,,,,,,,,,,,,,,,,,,,,,,,,,
173713,14-Jul-18,0:30:16,2018-07-14 00:30:16,G,2,146,2430,,0,9,-62.4915,-60.9411,32:42.5,FastGPS,-62.4915,-60.9411,,,9.2,0.5,,,,15,12,18862,,,,32,16575,,,,17,5535,,,,25,1307,,,,14,18227,,,,6,20433,,,,3,9912,,,,19,4786,,,,2,29917,,,,,,,,,,,,,,,,,,,,,,,,,,,,,,,,,
173713,14-Jul-18,1:30:06,2018-07-14 01:30:06,G,2,146,2432,1328,0,8,-62.5425,-60.9248,32:32.5,FastGPS,-62.5425,-60.9248,,,5.5,0.6,,,,15,29,11723,,,,12,2551,,,,25,14669,,,,31,17570,,,,32,25401,,,,14,29511,,,,2,11927,,,,6,22406,,,,,,,,,,,,,,,,,,,,,,,,,,,,,,,,,,,,,,
173713,14-Jul-18,10:29:52,2018-07-14 10:29:52,G,1,146,2435,1330,0,7,-62.5674,-60.8695,32:17.6,FastGPS,-62.5674,-60.8695,,,8.6,-0.4,,,,15,32,23917,,,,10,22166,,,,18,1829,,,,14,19378,,,,8,30893,,,,11,11620,,,,1,32626,,,,,,,,,,,,,,,,,,,,,,,,,,,,,,,,,,,,,,,,,,,
173713,14-Jul-18,11:02:18,2018-07-14 11:02:18,G,1,146,2436,1330,0,7,-62.5661,-60.8672,04:43.5,FastGPS,-62.5661,-60.8672,,,6,-0.4,,,,15,32,31502,,,,18,16282,,,,14,18426,,,,11,27822,,,,1,19965,,,,22,5130,,,,17,29215,,,,,,,,,,,,,,,,,,,,,,,,,,,,,,,,,,,,,,,,,,,
173713,14-Jul-18,11:32:00,2018-07-14 11:32:00,G,1,146,2437,1330,0,8,-62.5652,-60.8645,34:25.0,FastGPS,-62.5652,-60.8645,,,5.4,-1,,,,15,32,27997,,,,11,8870,,,,1,1350,,,,18,28380,,,,22,931,,,,17,32601,,,,31,25927,,,,3,31982,,,,,,,,,,,,,,,,,,,,,,,,,,,,,,,,,,,,,,
173713,14-Jul-18,12:38:24,2018-07-14 12:38:24,G,1,146,2439,1330,0,7,-62.5664,-60.8478,40:49.6,FastGPS,-62.5664,-60.8478,,,4.7,-0.4,,,,15,17,17352,,,,14,20062,,,,31,31258,,,,3,29795,,,,19,30892,,,,22,9864,,,,1,13515,,,,,,,,,,,,,,,,,,,,,,,,,,,,,,,,,,,,,,,,,,,
173713,14-Jul-18,15:29:30,2018-07-14 15:29:30,G,2,146,2441,1330,0,6,-62.5765,-60.857,31:55.0,FastGPS,-62.5765,-60.857,,,14.2,-1,,,,15,23,17702,,,,9,13446,,,,16,26896,,,,6,13690,,,,26,3224,,,,3,29684,,,,,,,,,,,,,,,,,,,,,,,,,,,,,,,,,,,,,,,,,,,,,,,,
173713,14-Jul-18,16:37:03,2018-07-14 16:37:03,G,1,146,2443,1330,0,6,-62.5693,-60.8513,39:28.0,FastGPS,-62.5693,-60.8513,,,5.1,-0.9,,,,15,9,12083,,,,7,9005,,,,23,26308,,,,2,4515,,,,5,16612,,,,16,23576,,,,,,,,,,,,,,,,,,,,,,,,,,,,,,,,,,,,,,,,,,,,,,,,
173713,14-Jul-18,17:07:12,2018-07-14 17:07:12,G,1,146,2444,1330,0,8,-62.5546,-60.8418,09:37.6,FastGPS,-62.5546,-60.8418,,,3,-0.4,,,,15,9,5503,,,,23,7631,,,,7,2729,,,,16,14729,,,,30,7054,,,,5,2987,,,,26,24994,,,,2,17896,,,,,,,,,,,,,,,,,,,,,,,,,,,,,,,,,,,,,,
173713,14-Jul-18,17:37:01,2018-07-14 17:37:01,G,1,146,2445,1330,0,4,-62.406,-61.096,7/15/2018 11:44,N,-62.536,-60.8557,,,0.3,-0.5,,,,15,7,7732,,,,30,17750,,,,5,11196,,,,9,21571,,,,,,,,,,,,,,,,,,,,,,,,,,,,,,,,,,,,,,,,,,,,,,,,,,,,,,,,,,
173713,14-Jul-18,22:11:50,2018-07-14 22:11:50,G,1,146,2450,1335,0,8,-62.4379,-60.9728,14:16.1,FastGPS,-62.4379,-60.9728,,,7.1,0.1,,,,15,17,20293,,,,15,7847,,,,12,22228,,,,28,22651,,,,19,15255,,,,13,13542,,,,10,13018,,,,1,27300,,,,,,,,,,,,,,,,,,,,,,,,,,,,,,,,,,,,,,
173713,14-Jul-18,22:52:35,2018-07-14 22:52:35,G,1,146,2451,1335,0,6,-62.4286,-61.0282,55:01.1,FastGPS,-62.4286,-61.0282,,,19.7,0.1,,,,15,17,6692,,,,15,27622,,,,19,10136,,,,12,5030,,,,28,7570,,,,13,31173,,,,,,,,,,,,,,,,,,,,,,,,,,,,,,,,,,,,,,,,,,,,,,,,
173713,15-Jul-18,3:28:38,2018-07-15 03:28:38,G,1,146,2456,,0,9,-62.4042,-61.1353,31:04.1,FastGPS,-62.4042,-61.1353,,,14,0.1,,,,15,4,11735,,,,12,30460,,,,29,27981,,,,31,25169,,,,2,20635,,,,5,10341,,,,26,14131,,,,23,19348,,,,9,15187,,,,,,,,,,,,,,,,,,,,,,,,,,,,,,,,,
173713,15-Jul-18,4:33:31,2018-07-15 04:33:31,G,1,146,2458,1336,0,7,-62.392,-61.1519,35:57.6,FastGPS,-62.392,-61.1519,,1,5,0.6,,,,15,5,30756,,,,29,16434,,,,26,23838,,,,4,259,,,,21,3009,,,,31,13842,,,,16,12122,,,,,,,,,,,,,,,,,,,,,,,,,,,,,,,,,,,,,,,,,,,
173713,15-Jul-18,5:03:21,2018-07-15 05:03:21,G,3,146,2459,1336,0,6,-62.3818,-61.1926,05:47.1,FastGPS,-62.3818,-61.1926,,,11.8,0.1,,,,15,5,8391,,,,29,12429,,,,21,28024,,,,4,32630,,,,26,18708,,,,31,11150,,,,,,,,,,,,,,,,,,,,,,,,,,,,,,,,,,,,,,,,,,,,,,,,
173713,15-Jul-18,5:50:40,2018-07-15 05:50:40,G,3,146,2460,1337,0,8,-62.3587,-61.2016,53:06.1,FastGPS,-62.3587,-61.2016,,1,6.8,0.1,,,,15,29,22646,,,,26,16256,,,,5,1092,,,,21,520,,,,4,22782,,,,20,2217,,,,16,29362,,,,13,3647,,,,,,,,,,,,,,,,,,,,,,,,,,,,,,,,,,,,,,
173713,15-Jul-18,6:22:02,2018-07-15 06:22:02,G,4,146,2461,,0,9,-62.3696,-61.2021,24:28.1,FastGPS,-62.3696,-61.2021,,1,10.9,0.1,,,,15,20,26223,,,,7,5457,,,,4,10755,,,,26,24255,,,,10,8072,,,,21,20381,,,,27,6377,,,,16,2141,,,,29,15964,,,,,,,,,,,,,,,,,,,,,,,,,,,,,,,,,
173713,15-Jul-18,9:38:01,2018-07-15 09:38:01,G,1,146,2467,,0,9,-62.3705,-61.1872,40:27.5,FastGPS,-62.3705,-61.1872,,,10.6,0.6,,,,15,18,7402,,,,8,32065,,,,11,13754,,,,1,16848,,,,32,12966,,,,10,27356,,,,20,19414,,,,28,6007,,,,27,18079,,,,,,,,,,,,,,,,,,,,,,,,,,,,,,,,,
173713,15-Jul-18,10:08:02,2018-07-15 10:08:02,G,1,146,2468,1338,0,8,-62.3627,-61.1969,10:27.1,FastGPS,-62.3627,-61.1969,,,6.8,-0.9,,,,15,18,19418,,,,11,28202,,,,32,5597,,,,1,14810,,,,10,24154,,,,28,9061,,,,8,4280,,,,20,9481,,,,,,,,,,,,,,,,,,,,,,,,,,,,,,,,,,,,,,
173713,15-Jul-18,11:42:14,2018-07-15 11:42:14,G,1,146,2471,,0,9,-62.4121,-61.0907,44:40.1,FastGPS,-62.4121,-61.0907,,,8.6,0.1,,,,15,22,5650,,,,1,13379,,,,3,25063,,,,11,23906,,,,17,3959,,,,14,7438,,,,32,30081,,,,18,9140,,,,31,25574,,,,,,,,,,,,,,,,,,,,,,,,,,,,,,,,,
173713,15-Jul-18,12:12:00,2018-07-15 12:12:00,G,2,146,2472,,0,9,-62.4354,-61.0511,14:26.0,FastGPS,-62.4354,-61.0511,,,9.7,0.1,,,,15,3,4899,,,,1,14777,,,,22,31251,,,,31,24466,,,,17,21068,,,,11,2215,,,,18,16898,,,,32,18949,,,,14,29634,,,,,,,,,,,,,,,,,,,,,,,,,,,,,,,,,
173713,15-Jul-18,12:47:02,2018-07-15 12:47:02,G,2,146,2473,,0,9,-62.4633,-61.0139,49:28.1,FastGPS,-62.4633,-61.0139,,,16.1,0.1,,,,15,3,2405,,,,17,15834,,,,31,9400,,,,22,19315,,,,14,29748,,,,1,30840,,,,32,30743,,,,11,4896,,,,23,31861,,,,,,,,,,,,,,,,,,,,,,,,,,,,,,,,,
173713,15-Jul-18,14:16:42,2018-07-15 14:16:42,G,1,146,2475,,0,9,-62.5212,-60.9213,19:08.6,FastGPS,-62.5212,-60.9213,,1,9.7,0.6,,,,15,6,2275,,,,26,9947,,,,19,23889,,,,31,11931,,,,9,13208,,,,3,30943,,,,23,26834,,,,22,14625,,,,4,29472,,,,,,,,,,,,,,,,,,,,,,,,,,,,,,,,,
173713,15-Jul-18,14:47:13,2018-07-15 14:47:13,G,1,146,2476,1339,0,5,-62.5322,-60.8793,49:39.1,FastGPS,-62.5322,-60.8793,,,9.5,0.1,,,,15,23,13069,,,,6,19504,,,,26,1081,,,,4,32260,,,,2,14147,,,,,,,,,,,,,,,,,,,,,,,,,,,,,,,,,,,,,,,,,,,,,,,,,,,,,
173713,15-Jul-18,21:07:29,2018-07-15 21:07:29,G,1,146,2481,1340,0,7,-62.502,-60.9565,09:54.1,FastGPS,-62.502,-60.9565,,,13.1,-0.9,,,,15,17,21211,,,,30,6682,,,,15,4781,,,,28,26491,,,,11,9273,,,,13,4709,,,,19,6057,,,,,,,,,,,,,,,,,,,,,,,,,,,,,,,,,,,,,,,,,,,
173713,15-Jul-18,22:55:11,2018-07-15 22:55:11,G,1,146,2484,1341,0,7,-62.4237,-61.0585,57:36.6,FastGPS,-62.4237,-61.0585,,,22.2,-0.4,,,,15,17,15196,,,,15,13719,,,,12,8819,,,,32,7520,,,,19,985,,,,10,9695,,,,24,29498,,,,,,,,,,,,,,,,,,,,,,,,,,,,,,,,,,,,,,,,,,,
173713,16-Jul-18,0:10:04,2018-07-16 00:10:04,G,2,146,2486,,0,9,-62.3941,-61.0773,12:29.5,FastGPS,-62.3941,-61.0773,,,13.2,-0.4,,,,15,24,3995,,,,12,2632,,,,6,20923,,,,25,19366,,,,19,25702,,,,17,19403,,,,32,16662,,,,14,22245,,,,22,2108,,,,,,,,,,,,,,,,,,,,,,,,,,,,,,,,,
173713,16-Jul-18,1:12:15,2018-07-16 01:12:15,G,3,146,2488,1342,0,8,-62.3875,-61.0875,14:40.1,FastGPS,-62.3875,-61.0875,,,12,-0.9,,,,15,25,24504,,,,12,13096,,,,31,8465,,,,14,6707,,,,2,11959,,,,19,9034,,,,32,22191,,,,6,26991,,,,,,,,,,,,,,,,,,,,,,,,,,,,,,,,,,,,,,
173713,16-Jul-18,3:43:02,2018-07-16 03:43:02,G,1,146,2493,1342,0,6,-62.3893,-61.1184,45:28.6,FastGPS,-62.3893,-61.1184,,1,3.6,0.6,,,,15,5,5779,,,,29,17982,,,,2,28762,,,,25,21509,,,,31,2125,,,,4,13621,,,,,,,,,,,,,,,,,,,,,,,,,,,,,,,,,,,,,,,,,,,,,,,,
173713,16-Jul-18,5:43:00,2018-07-16 05:43:00,G,1,146,2496,1344,0,6,-62.3697,-61.1091,45:25.1,FastGPS,-62.3697,-61.1091,,1,15.4,-0.9,,,,15,16,25353,,,,29,4891,,,,26,23684,,,,4,246,,,,21,27732,,,,27,889,,,,,,,,,,,,,,,,,,,,,,,,,,,,,,,,,,,,,,,,,,,,,,,,
173713,16-Jul-18,6:43:16,2018-07-16 06:43:16,G,2,146,2498,,0,9,-62.3428,-61.1625,45:41.1,FastGPS,-62.3428,-61.1625,,,9.6,-0.9,,,,15,7,21136,,,,21,17566,,,,20,25557,,,,10,15873,,,,4,18518,,,,27,9721,,,,15,19024,,,,8,26372,,,,16,21190,,,,,,,,,,,,,,,,,,,,,,,,,,,,,,,,,
173713,16-Jul-18,7:13:09,2018-07-16 07:13:09,G,3,146,2499,,0,9,-62.3451,-61.1746,15:35.1,FastGPS,-62.3451,-61.1746,,,9.2,0.1,,,,15,16,6082,,,,27,14367,,,,10,8487,,,,15,8161,,,,21,13918,,,,20,18470,,,,13,9217,,,,26,3021,,,,4,3841,,,,,,,,,,,,,,,,,,,,,,,,,,,,,,,,,
173713,16-Jul-18,8:13:06,2018-07-16 08:13:06,G,1,146,2501,1344,0,7,-62.3634,-61.1493,15:32.1,FastGPS,-62.3634,-61.1493,,,4.7,0.1,,,,15,27,23957,,,,8,30013,,,,10,17666,,,,15,16597,,,,20,30186,,,,21,16816,,,,13,30006,,,,,,,,,,,,,,,,,,,,,,,,,,,,,,,,,,,,,,,,,,,
173713,16-Jul-18,9:13:31,2018-07-16 09:13:31,G,1,146,2503,1344,0,8,-62.404,-61.0965,15:57.1,FastGPS,-62.404,-61.0965,,,6.8,0.1,,,,15,8,21141,,,,10,28112,,,,18,11511,,,,27,27231,,,,20,24397,,,,11,16238,,,,24,16860,,,,15,3026,,,,,,,,,,,,,,,,,,,,,,,,,,,,,,,,,,,,,,
173713,16-Jul-18,9:43:07,2018-07-16 09:43:07,G,1,146,2504,,0,9,-62.423,-61.0588,45:33.5,FastGPS,-62.423,-61.0588,,,10.1,0.5,,,,15,18,32264,,,,11,6691,,,,8,15760,,,,10,8701,,,,1,23330,,,,20,19845,,,,28,11244,,,,32,10781,,,,27,13799,,,,,,,,,,,,,,,,,,,,,,,,,,,,,,,,,
173713,16-Jul-18,19:39:17,2018-07-16 19:39:17,G,3,146,2511,1345,0,6,-62.4679,-60.8055,41:42.3,FastGPS,-62.4679,-60.8055,,,5.2,-0.7,,,,15,28,25593,,,,7,22332,,,,30,10274,,,,5,22493,,,,13,23099,,,,15,18896,,,,,,,,,,,,,,,,,,,,,,,,,,,,,,,,,,,,,,,,,,,,,,,,
173713,16-Jul-18,20:11:11,2018-07-16 20:11:11,G,2,146,2512,1345,0,8,-62.4627,-60.8174,13:36.6,FastGPS,-62.4627,-60.8174,,,16.1,-0.4,,,,15,28,12907,,,,13,2839,,,,15,12534,,,,8,15243,,,,30,11150,,,,5,3474,,,,27,5544,,,,20,25197,,,,,,,,,,,,,,,,,,,,,,,,,,,,,,,,,,,,,,
173713,16-Jul-18,20:44:28,2018-07-16 20:44:28,G,1,146,2513,,0,9,-62.467,-60.8445,46:53.5,FastGPS,-62.467,-60.8445,,,10.5,-0.4,,,,15,13,17516,,,,15,25645,,,,17,7624,,,,28,26494,,,,20,12144,,,,10,14184,,,,30,28916,,,,24,6978,,,,8,23819,,,,,,,,,,,,,,,,,,,,,,,,,,,,,,,,,
173713,16-Jul-18,23:22:43,2018-07-16 23:22:43,G,2,146,2517,1347,0,8,-62.3709,-61.0485,25:08.1,FastGPS,-62.3709,-61.0485,,,6.8,-0.9,,,,15,17,22057,,,,12,1414,,,,6,27889,,,,24,26603,,,,19,19844,,,,32,21711,,,,15,32646,,,,25,28433,,,,,,,,,,,,,,,,,,,,,,,,,,,,,,,,,,,,,,
173713,16-Jul-18,23:54:04,2018-07-16 23:54:04,G,1,146,2518,1347,0,7,-62.3633,-61.0903,56:29.1,FastGPS,-62.3633,-61.0903,,,15.7,-0.9,,,,15,17,21531,,,,19,32688,,,,12,5586,,,,6,7914,,,,24,18995,,,,32,591,,,,25,26667,,,,,,,,,,,,,,,,,,,,,,,,,,,,,,,,,,,,,,,,,,,
173713,17-Jul-18,0:25:51,2018-07-17 00:25:51,G,1,146,2519,,0,9,-62.3598,-61.133,28:16.6,FastGPS,-62.3598,-61.133,,,11.3,-0.4,,,,15,12,17619,,,,17,24538,,,,25,23079,,,,24,7881,,,,3,9356,,,,19,9973,,,,22,20843,,,,6,27121,,,,32,3088,,,,,,,,,,,,,,,,,,,,,,,,,,,,,,,,,
173713,17-Jul-18,3:14:42,2018-07-17 03:14:42,G,1,146,2524,1348,0,8,-62.3594,-61.2079,17:07.6,FastGPS,-62.3594,-61.2079,,1,8.2,-0.4,,,,15,31,25615,,,,29,14757,,,,4,17878,,,,5,17731,,,,25,6885,,,,2,32556,,,,26,16531,,,,12,16000,,,,,,,,,,,,,,,,,,,,,,,,,,,,,,,,,,,,,,
173713,17-Jul-18,3:45:14,2018-07-17 03:45:14,G,3,146,2525,1348,0,8,-62.3558,-61.1835,47:39.6,FastGPS,-62.3558,-61.1835,,1,9.6,-0.4,,,,15,29,8599,,,,31,9789,,,,4,20237,,,,26,8535,,,,2,25274,,,,5,9152,,,,16,24989,,,,25,22869,,,,,,,,,,,,,,,,,,,,,,,,,,,,,,,,,,,,,,
173713,17-Jul-18,4:15:00,2018-07-17 04:15:00,G,1,146,2526,1348,0,4,-62.412,-61.13,7/18/2018 2:02,P,,,,,,,,,,15,4,10399,,,,26,24403,,,,5,15382,,,,29,20106,,,,,,,,,,,,,,,,,,,,,,,,,,,,,,,,,,,,,,,,,,,,,,,,,,,,,,,,,,
173713,17-Jul-18,6:17:07,2018-07-17 06:17:07,G,1,146,2529,,0,9,-62.3958,-61.1339,19:32.1,FastGPS,-62.3958,-61.1339,,1,7.4,-0.9,,,,15,16,14465,,,,27,32562,,,,15,18921,,,,26,27448,,,,21,1731,,,,13,7578,,,,29,15895,,,,4,12356,,,,7,22116,,,,,,,,,,,,,,,,,,,,,,,,,,,,,,,,,
173713,17-Jul-18,6:47:01,2018-07-17 06:47:01,G,2,146,2530,,0,9,-62.4185,-61.0937,49:27.1,FastGPS,-62.4185,-61.0937,,,10.6,0.1,,,,15,27,24082,,,,16,29249,,,,13,6778,,,,21,29467,,,,10,9860,,,,15,30105,,,,26,733,,,,20,4418,,,,7,6605,,,,,,,,,,,,,,,,,,,,,,,,,,,,,,,,,
173713,17-Jul-18,7:47:07,2018-07-17 07:47:07,G,1,146,2532,1350,0,7,-62.4511,-61.0254,49:33.1,FastGPS,-62.4511,-61.0254,,,16.6,0.1,,,,15,15,7099,,,,27,886,,,,8,7476,,,,10,9764,,,,20,18251,,,,21,20205,,,,18,27981,,,,,,,,,,,,,,,,,,,,,,,,,,,,,,,,,,,,,,,,,,,
173713,17-Jul-18,8:18:07,2018-07-17 08:18:07,G,1,146,2533,1350,0,5,-62.4629,-60.9958,20:33.1,FastGPS,-62.4629,-60.9958,,,5.3,0.1,,,,15,15,19336,,,,10,11472,,,,27,28921,,,,20,32649,,,,8,31064,,,,,,,,,,,,,,,,,,,,,,,,,,,,,,,,,,,,,,,,,,,,,,,,,,,,,
173713,17-Jul-18,9:49:00,2018-07-17 09:49:00,G,1,146,2536,,0,9,-62.5088,-60.8823,51:26.1,FastGPS,-62.5088,-60.8823,,,8.2,0.1,,,,15,11,18966,,,,10,5470,,,,18,11006,,,,1,18920,,,,28,31186,,,,20,3667,,,,32,27329,,,,24,12759,,,,8,13301,,,,,,,,,,,,,,,,,,,,,,,,,,,,,,,,,
173713,17-Jul-18,15:56:23,2018-07-17 15:56:23,G,1,146,2537,,0,9,-62.5241,-60.8685,58:48.1,FastGPS,-62.5241,-60.8685,,1,9.8,-0.9,,,,15,7,24965,,,,29,19943,,,,9,19556,,,,6,443,,,,16,25702,,,,23,23725,,,,2,16015,,,,4,31135,,,,26,27952,,,,,,,,,,,,,,,,,,,,,,,,,,,,,,,,,
173713,17-Jul-18,16:42:59,2018-07-17 16:42:59,G,1,146,2538,1353,0,6,-62.5384,-60.8812,45:24.6,FastGPS,-62.5384,-60.8812,,,4.5,-0.4,,,,15,23,24455,,,,16,23667,,,,9,24891,,,,5,24618,,,,30,17960,,,,2,23919,,,,,,,,,,,,,,,,,,,,,,,,,,,,,,,,,,,,,,,,,,,,,,,,
173713,17-Jul-18,17:33:00,2018-07-17 17:33:00,G,1,146,2539,1354,0,8,-62.5249,-60.8748,35:25.6,FastGPS,-62.5249,-60.8748,,,7.4,-0.4,,,,15,7,30005,,,,30,29639,,,,5,11335,,,,23,12904,,,,9,12464,,,,8,30543,,,,16,12523,,,,27,6210,,,,,,,,,,,,,,,,,,,,,,,,,,,,,,,,,,,,,,
173713,17-Jul-18,20:00:00,2018-07-17 20:00:00,G,1,146,2542,1357,0,6,-62.4843,-60.8388,02:25.1,FastGPS,-62.4843,-60.8388,,,5.7,-0.9,,,,15,30,2965,,,,7,31919,,,,15,27342,,,,13,4183,,,,28,5883,,,,5,5783,,,,,,,,,,,,,,,,,,,,,,,,,,,,,,,,,,,,,,,,,,,,,,,,
173713,17-Jul-18,22:10:47,2018-07-17 22:10:47,G,1,146,2545,1359,0,6,-62.4178,-60.9487,13:12.1,FastGPS,-62.4178,-60.9487,,,13.6,-0.9,,,,15,17,5549,,,,12,3735,,,,19,17151,,,,28,3988,,,,13,26226,,,,15,10555,,,,,,,,,,,,,,,,,,,,,,,,,,,,,,,,,,,,,,,,,,,,,,,,
173713,17-Jul-18,23:15:15,2018-07-17 23:15:15,G,1,146,2547,1359,0,6,-62.3728,-61.0231,17:41.6,FastGPS,-62.3728,-61.0231,,,9.4,0.6,,,,15,17,4490,,,,12,32523,,,,19,26689,,,,15,22889,,,,6,21968,,,,24,2823,,,,,,,,,,,,,,,,,,,,,,,,,,,,,,,,,,,,,,,,,,,,,,,,
173713,18-Jul-18,0:19:30,2018-07-18 00:19:30,G,3,146,2548,1361,0,7,-62.3847,-61.1176,21:56.1,FastGPS,-62.3847,-61.1176,,,6.2,0.1,,,,15,12,20934,,,,32,9937,,,,17,6889,,,,25,19899,,,,24,19577,,,,19,20712,,,,3,12001,,,,,,,,,,,,,,,,,,,,,,,,,,,,,,,,,,,,,,,,,,,
173713,18-Jul-18,0:51:37,2018-07-18 00:51:37,G,3,146,2549,,0,9,-62.3928,-61.1535,54:03.1,FastGPS,-62.3928,-61.1535,,,10.9,0.1,,,,15,12,428,,,,2,7978,,,,25,2392,,,,6,5890,,,,24,8443,,,,32,392,,,,19,32122,,,,29,19677,,,,17,23658,,,,,,,,,,,,,,,,,,,,,,,,,,,,,,,,,
173713,18-Jul-18,1:41:22,2018-07-18 01:41:22,G,2,146,2550,1362,0,6,-62.3898,-61.1533,43:48.6,FastGPS,-62.3898,-61.1533,,,5.9,0.6,,,,15,31,6531,,,,12,1562,,,,29,20463,,,,25,16987,,,,14,25454,,,,2,31809,,,,,,,,,,,,,,,,,,,,,,,,,,,,,,,,,,,,,,,,,,,,,,,,
173713,18-Jul-18,4:12:08,2018-07-18 04:12:08,G,1,146,2552,1363,0,6,-62.3918,-61.027,14:34.6,FastGPS,-62.3918,-61.027,,1,2.5,0.6,,,,15,4,14116,,,,29,21110,,,,26,29275,,,,5,19234,,,,31,7522,,,,2,14877,,,,,,,,,,,,,,,,,,,,,,,,,,,,,,,,,,,,,,,,,,,,,,,,
173713,18-Jul-18,4:43:56,2018-07-18 04:43:56,G,2,146,2553,1363,0,7,-62.3987,-61.0101,46:22.6,FastGPS,-62.3987,-61.0101,,1,7.3,0.6,,,,15,26,11661,,,,4,32325,,,,29,28329,,,,5,14981,,,,16,23157,,,,21,29672,,,,31,7113,,,,,,,,,,,,,,,,,,,,,,,,,,,,,,,,,,,,,,,,,,,
173713,18-Jul-18,5:16:50,2018-07-18 05:16:50,G,2,146,2554,1363,0,6,-62.4076,-60.9943,19:16.1,FastGPS,-62.4076,-60.9943,,1,2.6,0.2,,,,15,5,7833,,,,26,24069,,,,4,15143,,,,16,1574,,,,29,13384,,,,21,27456,,,,,,,,,,,,,,,,,,,,,,,,,,,,,,,,,,,,,,,,,,,,,,,,
173713,18-Jul-18,6:04:02,2018-07-18 06:04:02,G,2,146,2555,,0,9,-62.4191,-60.9796,06:28.6,FastGPS,-62.4191,-60.9796,,1,2.9,0.6,,,,15,16,673,,,,15,5158,,,,29,6629,,,,26,6790,,,,27,13752,,,,4,29405,,,,21,17252,,,,5,1109,,,,13,4558,,,,,,,,,,,,,,,,,,,,,,,,,,,,,,,,,
173713,18-Jul-18,6:37:51,2018-07-18 06:37:51,G,2,146,2556,1364,0,8,-62.4316,-60.9588,40:17.6,FastGPS,-62.4316,-60.9588,,1,5.2,0.6,,,,15,15,10742,,,,16,31421,,,,27,1120,,,,21,30299,,,,26,14146,,,,10,11460,,,,13,28743,,,,4,21553,,,,,,,,,,,,,,,,,,,,,,,,,,,,,,,,,,,,,,
173713,18-Jul-18,7:08:36,2018-07-18 07:08:36,G,4,146,2557,,0,9,-62.4428,-60.9383,11:02.1,FastGPS,-62.4428,-60.9383,,,8.7,0.1,,,,15,27,22840,,,,15,16725,,,,16,27928,,,,10,23876,,,,21,6413,,,,13,10897,,,,20,25756,,,,8,6153,,,,30,2711,,,,,,,,,,,,,,,,,,,,,,,,,,,,,,,,,
173713,18-Jul-18,7:38:48,2018-07-18 07:38:48,G,3,146,2558,1364,0,8,-62.4551,-60.9191,41:14.1,FastGPS,-62.4551,-60.9191,,,3.1,0.1,,,,15,27,7217,,,,15,16684,,,,8,1922,,,,10,6846,,,,21,13301,,,,20,27234,,,,16,25521,,,,13,15121,,,,,,,,,,,,,,,,,,,,,,,,,,,,,,,,,,,,,,
173713,18-Jul-18,8:09:00,2018-07-18 08:09:00,G,1,146,2559,1364,0,7,-62.4656,-60.8957,11:26.1,FastGPS,-62.4656,-60.8957,,,9.9,0.1,,,,15,10,20997,,,,8,3741,,,,27,17314,,,,21,29130,,,,15,10802,,,,20,23290,,,,13,16222,,,,,,,,,,,,,,,,,,,,,,,,,,,,,,,,,,,,,,,,,,,
173713,18-Jul-18,8:39:27,2018-07-18 08:39:27,G,1,146,2560,,0,9,-62.4621,-60.8712,41:53.6,FastGPS,-62.4621,-60.8712,,,11.2,0.6,,,,15,20,17203,,,,10,28497,,,,15,1016,,,,28,26230,,,,21,30236,,,,32,3891,,,,24,23895,,,,8,2140,,,,11,6029,,,,,,,,,,,,,,,,,,,,,,,,,,,,,,,,,
173713,18-Jul-18,22:08:33,2018-07-18 22:08:33,G,1,146,2562,1367,0,7,-62.4804,-60.8249,10:58.1,FastGPS,-62.4804,-60.8249,,,14.8,-0.9,,,,15,15,289,,,,12,6609,,,,24,6056,,,,11,13082,,,,10,22755,,,,17,3913,,,,1,30638,,,,,,,,,,,,,,,,,,,,,,,,,,,,,,,,,,,,,,,,,,,
173713,19-Jul-18,0:25:01,2018-07-19 00:25:01,G,1,146,2564,,0,9,-62.4839,-60.8207,27:27.6,FastGPS,-62.4839,-60.8207,,,4.2,0.6,,,,15,12,2455,,,,32,8029,,,,14,14009,,,,25,29013,,,,17,5657,,,,3,31703,,,,19,6454,,,,22,28516,,,,6,21544,,,,,,,,,,,,,,,,,,,,,,,,,,,,,,,,,
173713,19-Jul-18,19:05:42,2018-07-19 19:05:42,G,3,146,2568,1372,0,5,-62.4769,-60.8132,08:07.6,FastGPS,-62.4769,-60.8132,,,7.4,-0.3,,,,15,7,28775,,,,28,4345,,,,30,31885,,,,5,20624,,,,13,290,,,,,,,,,,,,,,,,,,,,,,,,,,,,,,,,,,,,,,,,,,,,,,,,,,,,,
173713,19-Jul-18,19:41:22,2018-07-19 19:41:22,G,1,146,2569,1372,0,6,-62.4773,-60.8132,43:47.2,FastGPS,-62.4773,-60.8132,,,7.9,-0.8,,,,15,15,22894,,,,13,27368,,,,30,29268,,,,28,16137,,,,5,16228,,,,7,11228,,,,,,,,,,,,,,,,,,,,,,,,,,,,,,,,,,,,,,,,,,,,,,,,
173713,19-Jul-18,20:11:16,2018-07-19 20:11:16,G,1,146,2570,,0,9,-62.4724,-60.8237,13:41.6,FastGPS,-62.4724,-60.8237,,,8.3,-0.3,,,,15,30,27245,,,,28,14534,,,,7,26494,,,,13,24111,,,,17,20715,,,,5,4087,,,,11,19598,,,,18,30918,,,,15,2264,,,,,,,,,,,,,,,,,,,,,,,,,,,,,,,,,
173713,19-Jul-18,20:59:30,2018-07-19 20:59:30,G,2,146,2571,1373,0,7,-62.4702,-60.8391,01:55.2,FastGPS,-62.4702,-60.8391,,,7.1,-0.8,,,,15,17,12103,,,,15,25435,,,,13,1551,,,,28,28439,,,,30,22146,,,,20,20876,,,,24,30237,,,,,,,,,,,,,,,,,,,,,,,,,,,,,,,,,,,,,,,,,,,
173713,19-Jul-18,22:03:00,2018-07-19 22:03:00,G,1,146,2573,,0,9,-62.5048,-60.8441,05:25.6,FastGPS,-62.5048,-60.8441,,,6.7,-0.4,,,,15,15,17363,,,,12,13985,,,,19,26267,,,,24,15863,,,,17,14803,,,,13,31860,,,,18,24657,,,,28,11638,,,,1,10396,,,,,,,,,,,,,,,,,,,,,,,,,,,,,,,,,
173713,19-Jul-18,22:33:55,2018-07-19 22:33:55,G,1,146,2574,,0,9,-62.5267,-60.8511,36:20.2,FastGPS,-62.5267,-60.8511,,,8.1,-0.8,,,,15,15,739,,,,17,19255,,,,19,26099,,,,12,25437,,,,13,1024,,,,32,24678,,,,24,25259,,,,11,26466,,,,18,11867,,,,,,,,,,,,,,,,,,,,,,,,,,,,,,,,,
173713,19-Jul-18,23:04:33,2018-07-19 23:04:33,G,3,146,2575,1373,0,6,-62.5293,-60.8694,06:59.6,FastGPS,-62.5293,-60.8694,,,8.9,0.6,,,,15,17,8575,,,,19,23829,,,,24,942,,,,6,9518,,,,15,30871,,,,32,14414,,,,,,,,,,,,,,,,,,,,,,,,,,,,,,,,,,,,,,,,,,,,,,,,
173713,19-Jul-18,23:35:09,2018-07-19 23:35:09,G,3,146,2576,1373,0,7,-62.5519,-60.8529,37:35.6,FastGPS,-62.5519,-60.8529,,,8,0.6,,,,15,12,26294,,,,17,14345,,,,24,30185,,,,32,28653,,,,19,9113,,,,25,32256,,,,6,20207,,,,,,,,,,,,,,,,,,,,,,,,,,,,,,,,,,,,,,,,,,,
173713,20-Jul-18,3:46:24,2018-07-20 03:46:24,G,2,146,2577,1375,0,4,-62.603,-60.953,7/21/2018 0:21,A,,,,,,,,,,15,29,1071,,,,26,13686,,,,4,13860,,,,5,31190,,,,,,,,,,,,,,,,,,,,,,,,,,,,,,,,,,,,,,,,,,,,,,,,,,,,,,,,,,
173713,20-Jul-18,4:31:03,2018-07-20 04:31:03,G,2,146,2578,1376,0,6,-62.5701,-60.8658,33:28.7,FastGPS,-62.5701,-60.8658,,1,3.8,-0.3,,,,15,21,8244,,,,31,25658,,,,4,31580,,,,26,6834,,,,29,6104,,,,16,6663,,,,,,,,,,,,,,,,,,,,,,,,,,,,,,,,,,,,,,,,,,,,,,,,
173713,20-Jul-18,5:42:13,2018-07-20 05:42:13,G,2,146,2579,1376,0,8,-62.5825,-60.8636,44:38.6,FastGPS,-62.5825,-60.8636,,,9.3,-0.3,,,,15,4,12755,,,,26,14658,,,,21,10951,,,,20,14357,,,,16,849,,,,7,17905,,,,29,2149,,,,27,27522,,,,,,,,,,,,,,,,,,,,,,,,,,,,,,,,,,,,,,
173713,20-Jul-18,10:02:00,2018-07-20 10:02:00,G,3,146,2581,,0,9,-62.5769,-60.8938,04:25.7,FastGPS,-62.5769,-60.8938,,,9.1,-0.3,,,,15,32,28525,,,,11,16562,,,,18,6791,,,,1,30530,,,,10,9537,,,,27,21526,,,,20,14950,,,,24,4805,,,,28,18293,,,,,,,,,,,,,,,,,,,,,,,,,,,,,,,,,
173713,20-Jul-18,10:32:59,2018-07-20 10:32:59,G,3,146,2582,1377,0,7,-62.5771,-60.894,35:24.2,FastGPS,-62.5771,-60.894,,,7.6,-0.8,,,,15,32,11963,,,,10,22656,,,,8,24016,,,,24,4507,,,,18,27520,,,,1,20436,,,,14,18465,,,,,,,,,,,,,,,,,,,,,,,,,,,,,,,,,,,,,,,,,,,
173713,20-Jul-18,11:34:04,2018-07-20 11:34:04,G,1,146,2584,,0,9,-62.5773,-60.8911,36:29.6,FastGPS,-62.5773,-60.8911,,,14.1,-0.3,,,,15,17,21463,,,,31,5947,,,,32,26231,,,,3,29053,,,,12,27586,,,,22,22430,,,,1,7874,,,,19,4017,,,,11,25532,,,,,,,,,,,,,,,,,,,,,,,,,,,,,,,,,
173713,20-Jul-18,12:19:03,2018-07-20 12:19:03,G,3,146,2585,,0,9,-62.5825,-60.8801,21:28.2,FastGPS,-62.5825,-60.8801,,,6.7,-0.8,,,,15,3,14902,,,,1,9538,,,,22,16668,,,,17,19903,,,,18,409,,,,23,18005,,,,11,22997,,,,31,19189,,,,19,14285,,,,,,,,,,,,,,,,,,,,,,,,,,,,,,,,,
173713,20-Jul-18,13:04:45,2018-07-20 13:04:45,G,2,146,2586,1379,0,8,-62.5786,-60.8462,07:10.2,FastGPS,-62.5786,-60.8462,,,7.9,-0.8,,,,15,31,10265,,,,17,5358,,,,22,18416,,,,23,20128,,,,9,17700,,,,3,23680,,,,1,22547,,,,14,9972,,,,,,,,,,,,,,,,,,,,,,,,,,,,,,,,,,,,,,
173713,20-Jul-18,13:50:45,2018-07-20 13:50:45,G,1,146,2587,,0,9,-62.569,-60.8467,53:11.7,FastGPS,-62.569,-60.8467,,,10.9,0.7,,,,15,23,8413,,,,3,1580,,,,17,5319,,,,6,17331,,,,9,17021,,,,22,29214,,,,31,17000,,,,19,31254,,,,2,30105,,,,,,,,,,,,,,,,,,,,,,,,,,,,,,,,,
173713,20-Jul-18,14:38:02,2018-07-20 14:38:02,G,1,146,2588,1381,0,7,-62.5694,-60.8465,40:28.7,FastGPS,-62.5694,-60.8465,,,8.5,0.7,,,,15,6,30883,,,,9,568,,,,23,27035,,,,29,28222,,,,2,29893,,,,3,18814,,,,31,20501,,,,,,,,,,,,,,,,,,,,,,,,,,,,,,,,,,,,,,,,,,,
173713,20-Jul-18,15:41:14,2018-07-20 15:41:14,G,2,146,2589,,0,9,-62.572,-60.8482,43:40.2,FastGPS,-62.572,-60.8482,,1,8.6,0.2,,,,15,29,2963,,,,7,27291,,,,9,1453,,,,2,961,,,,5,21262,,,,16,3562,,,,26,14417,,,,6,25462,,,,4,19678,,,,,,,,,,,,,,,,,,,,,,,,,,,,,,,,,
173713,20-Jul-18,16:12:20,2018-07-20 16:12:20,G,1,146,2590,1383,0,7,-62.5837,-60.8621,14:46.2,FastGPS,-62.5837,-60.8621,,,4.8,0.2,,,,15,9,3274,,,,7,450,,,,23,20841,,,,2,29899,,,,29,27360,,,,16,15190,,,,5,5978,,,,,,,,,,,,,,,,,,,,,,,,,,,,,,,,,,,,,,,,,,,
173713,20-Jul-18,16:42:35,2018-07-20 16:42:35,G,2,146,2591,1383,0,6,-62.5886,-60.8843,45:01.8,FastGPS,-62.5886,-60.8843,,,3.5,0.8,,,,15,7,2710,,,,9,4175,,,,30,5833,,,,23,10195,,,,5,1688,,,,16,14878,,,,,,,,,,,,,,,,,,,,,,,,,,,,,,,,,,,,,,,,,,,,,,,,
173713,20-Jul-18,17:15:22,2018-07-20 17:15:22,G,3,146,2592,1383,0,5,-62.5901,-60.9075,17:48.7,FastGPS,-62.5901,-60.9075,,,0.9,0.7,,,,15,7,14057,,,,5,20897,,,,9,14939,,,,30,31174,,,,23,25294,,,,,,,,,,,,,,,,,,,,,,,,,,,,,,,,,,,,,,,,,,,,,,,,,,,,,
173713,20-Jul-18,18:22:02,2018-07-20 18:22:02,G,4,146,2593,1385,0,7,-62.5902,-60.9073,24:27.2,FastGPS,-62.5902,-60.9073,,,8.8,-0.8,,,,15,7,17169,,,,30,6074,,,,5,10962,,,,15,1625,,,,13,4148,,,,28,11725,,,,27,1299,,,,,,,,,,,,,,,,,,,,,,,,,,,,,,,,,,,,,,,,,,,
173713,20-Jul-18,21:31:02,2018-07-20 21:31:02,G,2,146,2594,1388,0,5,-62.5933,-60.9197,33:28.2,FastGPS,-62.5933,-60.9197,,,8.1,0.2,,,,15,15,7762,,,,17,14944,,,,13,16676,,,,28,25614,,,,24,401,,,,,,,,,,,,,,,,,,,,,,,,,,,,,,,,,,,,,,,,,,,,,,,,,,,,,
173713,20-Jul-18,23:29:17,2018-07-20 23:29:17,G,1,146,2595,1389,0,6,-62.589,-60.9259,31:43.7,FastGPS,-62.589,-60.9259,,,11.4,0.7,,,,15,17,25805,,,,12,28808,,,,19,16339,,,,6,19445,,,,32,304,,,,24,5863,,,,,,,,,,,,,,,,,,,,,,,,,,,,,,,,,,,,,,,,,,,,,,,,
173713,21-Jul-18,0:14:02,2018-07-21 00:14:02,G,3,146,2596,1390,0,14,-62.547,-60.817,7/21/2018 23:36,P,,,,,,,,,,15,12,13193,,,,6,3394,,,,20,45,,,,4,7527,,,,8,23701,,,,16,31125,,,,2,9646,,,,7,17262,,,,32,0,,,,19,18864,,,,25,24991,,,,17,22959,,,,24,9091,,,,14,17172,,,,,,,,
173713,21-Jul-18,0:44:04,2018-07-21 00:44:04,G,2,146,2597,1390,0,5,-62.603,-60.9946,46:29.2,FastGPS,-62.603,-60.9946,,,11,-0.8,,,,15,12,16379,,,,6,26823,,,,19,4405,,,,29,26189,,,,2,11043,,,,,,,,,,,,,,,,,,,,,,,,,,,,,,,,,,,,,,,,,,,,,,,,,,,,,
173713,21-Jul-18,1:46:00,2018-07-21 01:46:00,G,1,146,2599,1390,0,5,-62.6054,-60.9607,48:26.2,FastGPS,-62.6054,-60.9607,,,1.9,0.2,,,,15,12,20501,,,,31,23096,,,,29,17825,,,,2,19687,,,,25,31581,,,,,,,,,,,,,,,,,,,,,,,,,,,,,,,,,,,,,,,,,,,,,,,,,,,,,
173713,21-Jul-18,2:49:07,2018-07-21 02:49:07,G,1,146,2601,,0,9,-62.6101,-60.96,51:33.7,FastGPS,-62.6101,-60.96,,,11,0.7,,,,15,29,26019,,,,2,22491,,,,5,12207,,,,12,13912,,,,23,11977,,,,4,9807,,,,31,24757,,,,26,3180,,,,25,18332,,,,,,,,,,,,,,,,,,,,,,,,,,,,,,,,,
173713,21-Jul-18,3:21:17,2018-07-21 03:21:17,G,2,146,2602,1390,0,6,-62.6075,-60.9609,23:43.7,FastGPS,-62.6075,-60.9609,,,3.6,0.7,,,,15,5,22667,,,,2,24852,,,,25,10434,,,,31,23547,,,,29,4148,,,,21,4832,,,,,,,,,,,,,,,,,,,,,,,,,,,,,,,,,,,,,,,,,,,,,,,,
173713,21-Jul-18,4:09:00,2018-07-21 04:09:00,G,2,146,2603,1391,0,8,-62.6104,-60.9616,11:26.2,FastGPS,-62.6104,-60.9616,,1,5,0.2,,,,15,5,8405,,,,29,24830,,,,31,20398,,,,4,8081,,,,21,9741,,,,16,21400,,,,26,32184,,,,25,6055,,,,,,,,,,,,,,,,,,,,,,,,,,,,,,,,,,,,,,
173713,21-Jul-18,5:13:02,2018-07-21 05:13:02,G,3,146,2604,1393,0,6,-62.6102,-60.9619,15:28.1,FastGPS,-62.6102,-60.9619,,,12.8,0.1,,,,15,5,20732,,,,29,15416,,,,21,15077,,,,20,15042,,,,26,13253,,,,16,18632,,,,,,,,,,,,,,,,,,,,,,,,,,,,,,,,,,,,,,,,,,,,,,,,
173713,21-Jul-18,7:09:25,2018-07-21 07:09:25,G,2,146,2607,,0,9,-62.6074,-60.9655,11:51.7,FastGPS,-62.6074,-60.9655,,,6.3,0.7,,,,15,10,29741,,,,16,5624,,,,27,2914,,,,7,27182,,,,21,22237,,,,8,19397,,,,20,31391,,,,26,14024,,,,30,28870,,,,,,,,,,,,,,,,,,,,,,,,,,,,,,,,,
173713,21-Jul-18,8:16:09,2018-07-21 08:16:09,G,1,146,2608,1396,0,6,-62.6048,-60.9683,18:34.7,FastGPS,-62.6048,-60.9683,,,6.3,-0.3,,,,15,15,14112,,,,10,10329,,,,20,26754,,,,8,9360,,,,27,26304,,,,32,603,,,,,,,,,,,,,,,,,,,,,,,,,,,,,,,,,,,,,,,,,,,,,,,,
173713,21-Jul-18,8:47:17,2018-07-21 08:47:17,G,3,146,2609,1396,0,8,-62.5996,-60.9607,49:42.2,FastGPS,-62.5996,-60.9607,,,13.6,-0.8,,,,15,10,23056,,,,20,31819,,,,8,11408,,,,18,14267,,,,11,19078,,,,32,30986,,,,27,372,,,,15,14774,,,,,,,,,,,,,,,,,,,,,,,,,,,,,,,,,,,,,,
173713,21-Jul-18,9:56:01,2018-07-21 09:56:01,G,4,146,2610,1398,0,7,-62.6028,-60.9599,58:27.2,FastGPS,-62.6028,-60.9599,,,3.1,0.2,,,,15,1,21690,,,,18,1699,,,,17,1535,,,,11,11462,,,,10,12987,,,,32,22850,,,,8,21242,,,,,,,,,,,,,,,,,,,,,,,,,,,,,,,,,,,,,,,,,,,
173713,21-Jul-18,10:45:00,2018-07-21 10:45:00,G,1,146,2611,1399,0,8,-62.6029,-60.9582,47:26.2,FastGPS,-62.6029,-60.9582,,,15.1,0.2,,,,15,17,601,,,,22,588,,,,1,602,,,,10,584,,,,18,3395,,,,11,15737,,,,24,16716,,,,32,13747,,,,,,,,,,,,,,,,,,,,,,,,,,,,,,,,,,,,,,
173713,21-Jul-18,11:20:15,2018-07-21 11:20:15,G,2,146,2612,1399,0,6,-62.6015,-60.9602,22:40.7,FastGPS,-62.6015,-60.9602,,,5,-0.3,,,,15,32,23296,,,,31,1019,,,,14,5249,,,,17,9291,,,,18,778,,,,22,7227,,,,,,,,,,,,,,,,,,,,,,,,,,,,,,,,,,,,,,,,,,,,,,,,
173713,21-Jul-18,12:07:02,2018-07-21 12:07:02,G,1,146,2613,,0,9,-62.603,-60.9535,09:27.2,FastGPS,-62.603,-60.9535,,,9.3,-0.8,,,,15,17,18459,,,,3,21530,,,,23,423,,,,1,16760,,,,22,7762,,,,12,4178,,,,32,13995,,,,11,6862,,,,14,23230,,,,,,,,,,,,,,,,,,,,,,,,,,,,,,,,,
173713,21-Jul-18,12:58:17,2018-07-21 12:58:17,G,1,146,2614,,0,9,-62.5929,-60.9385,00:42.2,FastGPS,-62.5929,-60.9385,,,4.3,-0.8,,,,15,31,29653,,,,22,11065,,,,3,10963,,,,14,6694,,,,17,1104,,,,23,31190,,,,19,17214,,,,25,27584,,,,1,19211,,,,,,,,,,,,,,,,,,,,,,,,,,,,,,,,,
173713,21-Jul-18,13:33:19,2018-07-21 13:33:19,G,4,146,2615,,0,9,-62.5885,-60.9175,35:44.7,FastGPS,-62.5885,-60.9175,,,6.1,-0.3,,,,15,23,1956,,,,6,11035,,,,3,12865,,,,4,13791,,,,31,30984,,,,26,16885,,,,14,5737,,,,25,15048,,,,22,1332,,,,,,,,,,,,,,,,,,,,,,,,,,,,,,,,,
173713,21-Jul-18,14:03:04,2018-07-21 14:03:04,G,3,146,2616,1401,0,7,-62.5832,-60.8925,05:29.6,FastGPS,-62.5832,-60.8925,,1,8.4,-0.3,,,,15,6,10743,,,,4,21893,,,,31,11237,,,,23,1896,,,,26,9389,,,,9,17957,,,,3,179,,,,,,,,,,,,,,,,,,,,,,,,,,,,,,,,,,,,,,,,,,,
173713,21-Jul-18,14:35:37,2018-07-21 14:35:37,G,2,146,2617,1401,0,7,-62.5828,-60.8708,38:02.2,FastGPS,-62.5828,-60.8708,,1,6.7,-0.8,,,,15,23,13626,,,,3,138,,,,4,22240,,,,9,25360,,,,26,1214,,,,22,19378,,,,16,1986,,,,,,,,,,,,,,,,,,,,,,,,,,,,,,,,,,,,,,,,,,,
173713,21-Jul-18,15:08:41,2018-07-21 15:08:41,G,1,146,2618,1401,0,8,-62.5808,-60.8726,11:06.7,FastGPS,-62.5808,-60.8726,,,10.6,-0.3,,,,15,9,26333,,,,2,15245,,,,23,4423,,,,6,28333,,,,29,28913,,,,4,1646,,,,3,29676,,,,7,5107,,,,,,,,,,,,,,,,,,,,,,,,,,,,,,,,,,,,,,
173713,21-Jul-18,16:15:48,2018-07-21 16:15:48,G,2,146,2620,1401,0,7,-62.5826,-60.8619,18:14.7,FastGPS,-62.5826,-60.8619,,,7.8,0.7,,,,15,7,7911,,,,9,9825,,,,16,30782,,,,5,18326,,,,23,7017,,,,6,30108,,,,30,2439,,,,,,,,,,,,,,,,,,,,,,,,,,,,,,,,,,,,,,,,,,,
173713,21-Jul-18,16:46:09,2018-07-21 16:46:09,G,2,146,2621,1401,0,7,-62.5827,-60.8616,48:35.3,FastGPS,-62.5827,-60.8616,,,13.9,0.3,,,,15,7,13947,,,,23,6038,,,,5,21107,,,,16,62,,,,9,15730,,,,26,27295,,,,30,685,,,,,,,,,,,,,,,,,,,,,,,,,,,,,,,,,,,,,,,,,,,
173713,21-Jul-18,17:35:54,2018-07-21 17:35:54,G,2,146,2622,1402,0,5,-62.5675,-60.847,38:20.2,FastGPS,-62.5675,-60.847,,,6.4,0.2,,,,15,7,8647,,,,9,23210,,,,30,31297,,,,13,17345,,,,5,16050,,,,,,,,,,,,,,,,,,,,,,,,,,,,,,,,,,,,,,,,,,,,,,,,,,,,,
173713,21-Jul-18,18:06:09,2018-07-21 18:06:09,G,2,146,2623,1402,0,6,-62.5643,-60.8458,08:35.2,FastGPS,-62.5643,-60.8458,,,5.2,0.2,,,,15,5,20198,,,,30,24816,,,,7,6846,,,,21,10338,,,,13,20083,,,,9,4006,,,,,,,,,,,,,,,,,,,,,,,,,,,,,,,,,,,,,,,,,,,,,,,,
173713,21-Jul-18,18:36:04,2018-07-21 18:36:04,G,3,146,2624,1402,0,6,-62.5549,-60.8398,38:30.2,FastGPS,-62.5549,-60.8398,,,7.5,0.2,,,,15,5,19013,,,,7,8819,,,,15,27032,,,,30,18821,,,,28,13192,,,,13,10216,,,,,,,,,,,,,,,,,,,,,,,,,,,,,,,,,,,,,,,,,,,,,,,,
173713,21-Jul-18,19:06:01,2018-07-21 19:06:01,G,4,146,2625,1402,0,7,-62.546,-60.8404,08:27.7,FastGPS,-62.546,-60.8404,,,7.9,0.7,,,,15,7,3799,,,,5,56,,,,8,3194,,,,30,28451,,,,28,10921,,,,13,27868,,,,27,27021,,,,,,,,,,,,,,,,,,,,,,,,,,,,,,,,,,,,,,,,,,,
173713,21-Jul-18,19:58:39,2018-07-21 19:58:39,G,3,146,2626,1403,0,6,-62.535,-60.8584,01:05.7,FastGPS,-62.535,-60.8584,,,5.7,0.7,,,,15,13,988,,,,15,31719,,,,20,8071,,,,10,22995,,,,5,32330,,,,28,19437,,,,,,,,,,,,,,,,,,,,,,,,,,,,,,,,,,,,,,,,,,,,,,,,
173713,21-Jul-18,21:05:17,2018-07-21 21:05:17,G,3,146,2627,1405,0,8,-62.5299,-60.899,07:43.7,FastGPS,-62.5299,-60.899,,,12.5,0.7,,,,15,15,7967,,,,13,9003,,,,28,10156,,,,11,12034,,,,18,22238,,,,17,19713,,,,1,4156,,,,24,2723,,,,,,,,,,,,,,,,,,,,,,,,,,,,,,,,,,,,,,
173713,21-Jul-18,21:50:05,2018-07-21 21:50:05,G,3,146,2628,,0,9,-62.5123,-60.8872,52:31.2,FastGPS,-62.5123,-60.8872,,,8,0.2,,,,15,15,8969,,,,12,6577,,,,17,18809,,,,24,16166,,,,19,22237,,,,10,23511,,,,11,19260,,,,28,11645,,,,13,32178,,,,,,,,,,,,,,,,,,,,,,,,,,,,,,,,,
173713,21-Jul-18,22:20:05,2018-07-21 22:20:05,G,2,146,2629,,0,9,-62.5326,-60.8704,22:31.2,FastGPS,-62.5326,-60.8704,,,6.6,0.2,,,,15,15,17947,,,,12,1038,,,,24,13968,,,,32,32418,,,,10,2830,,,,17,15866,,,,19,10248,,,,18,22195,,,,20,28915,,,,,,,,,,,,,,,,,,,,,,,,,,,,,,,,,
173713,21-Jul-18,22:50:00,2018-07-21 22:50:00,G,3,146,2630,1406,0,8,-62.5478,-60.8253,52:26.2,FastGPS,-62.5478,-60.8253,,,13.1,0.2,,,,15,12,30687,,,,32,24137,,,,17,14084,,,,24,27679,,,,19,13452,,,,1,3107,,,,10,32592,,,,6,9119,,,,,,,,,,,,,,,,,,,,,,,,,,,,,,,,,,,,,,
173713,21-Jul-18,23:20:00,2018-07-21 23:20:00,G,2,146,2631,1406,0,6,-62.5487,-60.8116,22:26.2,FastGPS,-62.5487,-60.8116,,,7.5,0.2,,,,15,17,15739,,,,32,31450,,,,22,19422,,,,1,28646,,,,14,15050,,,,19,26238,,,,,,,,,,,,,,,,,,,,,,,,,,,,,,,,,,,,,,,,,,,,,,,,
173713,21-Jul-18,23:50:00,2018-07-21 23:50:00,G,1,146,2632,1406,1,6,-62.5485,-60.8116,52:25.2,FastGPS,-62.5485,-60.8116,,,3,-0.8,,,,15,32,20724,,,,17,5200,,,,3,477,,,,14,6095,,,,22,8202,,,,25,8072,,,,,,,,,,,,,,,,,,,,,,,,,,,,,,,,,,,,,,,,,,,,,,,,
173713,23-Jul-18,22:31:02,2018-07-23 22:31:02,G,1,146,2634,1407,0,7,-62.5283,-60.8607,33:28.2,FastGPS,-62.5283,-60.8607,,,17.3,0.3,,,,15,17,26838,,,,24,22198,,,,15,31593,,,,1,21324,,,,12,27236,,,,19,32666,,,,32,22728,,,,,,,,,,,,,,,,,,,,,,,,,,,,,,,,,,,,,,,,,,,
173713,24-Jul-18,0:54:58,2018-07-24 00:54:58,G,1,146,2637,,0,9,-62.4379,-60.8867,57:24.3,FastGPS,-62.4379,-60.8867,,,15.9,0.3,,,,15,31,1817,,,,12,21442,,,,25,23917,,,,29,1743,,,,2,23843,,,,3,21281,,,,24,32173,,,,6,11879,,,,19,13984,,,,,,,,,,,,,,,,,,,,,,,,,,,,,,,,,
173713,24-Jul-18,2:47:04,2018-07-24 02:47:04,G,1,146,2638,,0,9,-62.3802,-60.9456,49:30.8,FastGPS,-62.3802,-60.9456,,1,7.9,0.8,,,,15,5,21693,,,,12,8755,,,,25,3882,,,,29,15685,,,,31,23522,,,,2,315,,,,4,19859,,,,26,19476,,,,23,14917,,,,,,,,,,,,,,,,,,,,,,,,,,,,,,,,,
173713,24-Jul-18,4:36:46,2018-07-24 04:36:46,G,1,146,2639,1409,0,6,-62.3471,-61.0153,39:12.3,FastGPS,-62.3471,-61.0153,,1,3.8,0.3,,,,15,29,11755,,,,21,27608,,,,4,19527,,,,26,14763,,,,5,22474,,,,16,9713,,,,,,,,,,,,,,,,,,,,,,,,,,,,,,,,,,,,,,,,,,,,,,,,
173713,24-Jul-18,5:07:29,2018-07-24 05:07:29,G,1,146,2640,,0,9,-62.3348,-61.0146,09:55.7,FastGPS,-62.3348,-61.0146,,,10.5,0.8,,,,15,29,10574,,,,21,17645,,,,4,2831,,,,26,23893,,,,20,3243,,,,5,19073,,,,7,9938,,,,16,15980,,,,27,15006,,,,,,,,,,,,,,,,,,,,,,,,,,,,,,,,,
173713,24-Jul-18,6:14:40,2018-07-24 06:14:40,G,3,146,2642,,0,9,-62.3546,-61.04,17:06.8,FastGPS,-62.3546,-61.04,,1,6.3,0.8,,,,15,20,29722,,,,10,27895,,,,16,5466,,,,21,4220,,,,26,18695,,,,7,10336,,,,27,13624,,,,4,25846,,,,13,4987,,,,,,,,,,,,,,,,,,,,,,,,,,,,,,,,,
173713,24-Jul-18,7:06:25,2018-07-24 07:06:25,G,1,146,2643,1410,0,8,-62.3514,-61.0344,08:51.8,FastGPS,-62.3514,-61.0344,,,3.9,0.8,,,,15,27,21731,,,,15,2273,,,,8,29181,,,,10,5056,,,,21,30209,,,,7,6743,,,,30,29179,,,,13,15790,,,,,,,,,,,,,,,,,,,,,,,,,,,,,,,,,,,,,,
173713,24-Jul-18,7:37:07,2018-07-24 07:37:07,G,1,146,2644,,0,9,-62.3513,-61.0383,39:33.3,FastGPS,-62.3513,-61.0383,,,10.8,0.3,,,,15,10,24732,,,,15,1558,,,,27,5347,,,,20,13368,,,,21,11569,,,,8,2647,,,,13,19179,,,,16,22329,,,,30,27702,,,,,,,,,,,,,,,,,,,,,,,,,,,,,,,,,
173713,24-Jul-18,8:37:16,2018-07-24 08:37:16,G,1,146,2646,,0,9,-62.3323,-60.9999,39:42.7,FastGPS,-62.3323,-60.9999,,,9.8,0.7,,,,15,20,14314,,,,10,11280,,,,32,484,,,,8,1835,,,,18,12525,,,,15,28727,,,,27,18794,,,,11,16977,,,,14,25604,,,,,,,,,,,,,,,,,,,,,,,,,,,,,,,,,
173713,24-Jul-18,9:22:38,2018-07-24 09:22:38,G,1,146,2647,1411,0,6,-62.3109,-60.9958,25:04.3,FastGPS,-62.3109,-60.9958,,,7.5,0.3,,,,15,10,10391,,,,32,13441,,,,8,20335,,,,27,28831,,,,14,14646,,,,20,5150,,,,,,,,,,,,,,,,,,,,,,,,,,,,,,,,,,,,,,,,,,,,,,,,
173713,24-Jul-18,11:23:53,2018-07-24 11:23:53,G,1,146,2650,,0,9,-62.3163,-60.9926,26:19.3,FastGPS,-62.3163,-60.9926,,,3.5,0.3,,,,15,17,17007,,,,11,2073,,,,1,27934,,,,18,18458,,,,3,5954,,,,12,27397,,,,22,20977,,,,19,10142,,,,14,14124,,,,,,,,,,,,,,,,,,,,,,,,,,,,,,,,,
173713,24-Jul-18,13:53:32,2018-07-24 13:53:32,G,4,146,2651,1411,0,7,-62.3807,-60.8998,55:58.3,FastGPS,-62.3807,-60.8998,,1,5.3,0.3,,,,15,23,26768,,,,31,23832,,,,6,1723,,,,9,18830,,,,3,16204,,,,2,2302,,,,4,17108,,,,,,,,,,,,,,,,,,,,,,,,,,,,,,,,,,,,,,,,,,,
173713,24-Jul-18,14:23:13,2018-07-24 14:23:13,G,2,146,2652,1411,0,8,-62.3957,-60.866,25:39.3,FastGPS,-62.3957,-60.866,,1,8.5,0.3,,,,15,9,18972,,,,6,9767,,,,23,6788,,,,4,13690,,,,26,25852,,,,31,26083,,,,3,27657,,,,2,11267,,,,,,,,,,,,,,,,,,,,,,,,,,,,,,,,,,,,,,
173713,24-Jul-18,14:55:45,2018-07-24 14:55:45,G,2,146,2653,,0,9,-62.4128,-60.8361,58:11.8,FastGPS,-62.4128,-60.8361,,,8.4,0.8,,,,15,9,2555,,,,7,12809,,,,6,6714,,,,4,10071,,,,26,15863,,,,23,15717,,,,29,2277,,,,16,25030,,,,2,22082,,,,,,,,,,,,,,,,,,,,,,,,,,,,,,,,,
173713,24-Jul-18,15:41:10,2018-07-24 15:41:10,G,1,146,2654,,0,9,-62.4383,-60.818,43:36.8,FastGPS,-62.4383,-60.818,,,7.4,0.8,,,,15,7,3303,,,,9,4449,,,,29,32592,,,,23,1796,,,,4,21135,,,,16,29545,,,,2,17631,,,,5,30331,,,,6,1835,,,,,,,,,,,,,,,,,,,,,,,,,,,,,,,,,
173713,24-Jul-18,16:11:02,2018-07-24 16:11:02,G,1,146,2655,,0,9,-62.4578,-60.8134,13:28.8,FastGPS,-62.4578,-60.8134,,1,7.3,0.8,,,,15,7,7739,,,,23,20343,,,,29,23225,,,,5,21607,,,,4,31797,,,,9,8239,,,,30,14005,,,,16,4329,,,,2,13759,,,,,,,,,,,,,,,,,,,,,,,,,,,,,,,,,
173713,24-Jul-18,17:19:24,2018-07-24 17:19:24,G,3,146,2657,1412,0,8,-62.4848,-60.8352,21:50.7,FastGPS,-62.4848,-60.8352,,,12.5,0.7,,,,15,30,3522,,,,7,26298,,,,5,27337,,,,27,10922,,,,21,9024,,,,13,13604,,,,9,20664,,,,16,27874,,,,,,,,,,,,,,,,,,,,,,,,,,,,,,,,,,,,,,
173713,24-Jul-18,19:51:04,2018-07-24 19:51:04,G,2,146,2662,1412,0,7,-62.4852,-60.8486,53:29.8,FastGPS,-62.4852,-60.8486,,,12.6,-0.2,,,,15,30,31325,,,,15,5977,,,,28,19012,,,,11,24745,,,,13,28412,,,,7,28957,,,,8,11379,,,,,,,,,,,,,,,,,,,,,,,,,,,,,,,,,,,,,,,,,,,
173713,24-Jul-18,22:18:00,2018-07-24 22:18:00,G,1,146,2664,1412,0,5,-62.4488,-61.0222,20:25.8,FastGPS,-62.4488,-61.0222,,,13.7,-0.2,,,,15,17,9441,,,,19,27390,,,,12,5734,,,,15,11566,,,,24,24043,,,,,,,,,,,,,,,,,,,,,,,,,,,,,,,,,,,,,,,,,,,,,,,,,,,,,
173713,24-Jul-18,23:03:24,2018-07-24 23:03:24,G,2,146,2665,1412,0,5,-62.4535,-61.0888,05:49.3,FastGPS,-62.4535,-61.0888,,,0.8,-0.7,,,,15,17,7067,,,,19,8122,,,,12,28133,,,,24,5209,,,,32,5442,,,,,,,,,,,,,,,,,,,,,,,,,,,,,,,,,,,,,,,,,,,,,,,,,,,,,
173713,25-Jul-18,0:04:24,2018-07-25 00:04:24,G,1,146,2667,1412,0,8,-62.4066,-61.1153,06:49.3,FastGPS,-62.4066,-61.1153,,,5.6,-0.7,,,,15,17,23767,,,,12,12204,,,,2,32711,,,,19,3094,,,,24,23136,,,,3,8153,,,,32,12045,,,,14,27078,,,,,,,,,,,,,,,,,,,,,,,,,,,,,,,,,,,,,,
173713,25-Jul-18,0:34:12,2018-07-25 00:34:12,G,2,146,2668,,0,9,-62.3876,-61.1152,36:37.3,FastGPS,-62.3876,-61.1152,,,15.4,-0.7,,,,15,19,9318,,,,6,21304,,,,25,16766,,,,12,7349,,,,2,31891,,,,29,22791,,,,24,8054,,,,31,28894,,,,3,8124,,,,,,,,,,,,,,,,,,,,,,,,,,,,,,,,,
173713,25-Jul-18,1:04:44,2018-07-25 01:04:44,G,2,146,2669,1412,0,7,-62.4147,-61.0969,07:09.8,FastGPS,-62.4147,-61.0969,,,6.9,-0.2,,,,15,29,3006,,,,12,780,,,,2,31263,,,,6,27729,,,,25,22151,,,,31,27067,,,,24,4130,,,,,,,,,,,,,,,,,,,,,,,,,,,,,,,,,,,,,,,,,,,
173713,25-Jul-18,1:37:54,2018-07-25 01:37:54,G,1,146,2670,1412,0,6,-62.434,-61.0753,40:19.8,FastGPS,-62.434,-61.0753,,,16.7,-0.2,,,,15,12,9470,,,,31,24687,,,,29,31168,,,,2,6773,,,,25,17959,,,,4,27430,,,,,,,,,,,,,,,,,,,,,,,,,,,,,,,,,,,,,,,,,,,,,,,,
173713,25-Jul-18,4:00:46,2018-07-25 04:00:46,G,3,146,2673,1414,0,7,-62.4519,-60.9962,03:11.8,FastGPS,-62.4519,-60.9962,,1,7.1,-0.2,,,,15,5,26925,,,,26,31415,,,,16,5981,,,,4,32730,,,,29,29419,,,,21,2469,,,,9,29497,,,,,,,,,,,,,,,,,,,,,,,,,,,,,,,,,,,,,,,,,,,
173713,25-Jul-18,4:31:04,2018-07-25 04:31:04,G,2,146,2674,1414,0,6,-62.4373,-60.9564,33:29.3,FastGPS,-62.4373,-60.9564,,1,1,-0.7,,,,15,5,12016,,,,16,23852,,,,26,459,,,,29,2244,,,,21,7269,,,,4,6518,,,,,,,,,,,,,,,,,,,,,,,,,,,,,,,,,,,,,,,,,,,,,,,,
173713,25-Jul-18,5:01:09,2018-07-25 05:01:09,G,1,146,2675,1414,0,6,-62.4341,-60.8973,03:34.3,FastGPS,-62.4341,-60.8973,,,10.3,-0.7,,,,15,29,8955,,,,15,758,,,,5,17079,,,,21,2446,,,,16,2198,,,,13,27595,,,,,,,,,,,,,,,,,,,,,,,,,,,,,,,,,,,,,,,,,,,,,,,,
173713,25-Jul-18,5:31:14,2018-07-25 05:31:14,G,1,146,2676,1414,0,8,-62.4346,-60.8305,33:40.3,FastGPS,-62.4346,-60.8305,,,11.7,0.3,,,,15,29,18941,,,,15,16858,,,,5,13677,,,,16,27165,,,,7,20630,,,,21,9670,,,,13,21799,,,,26,13449,,,,,,,,,,,,,,,,,,,,,,,,,,,,,,,,,,,,,,
173713,25-Jul-18,8:47:44,2018-07-25 08:47:44,G,3,146,2681,,0,9,-62.3817,-60.5475,50:10.3,FastGPS,-62.3817,-60.5475,,,10.9,0.3,,,,15,10,17585,,,,32,18199,,,,8,14039,,,,20,26351,,,,27,25599,,,,18,16128,,,,11,21683,,,,28,31325,,,,15,5763,,,,,,,,,,,,,,,,,,,,,,,,,,,,,,,,,
173713,25-Jul-18,9:33:25,2018-07-25 09:33:25,G,4,146,2682,,0,9,-62.3532,-60.4858,35:51.3,FastGPS,-62.3532,-60.4858,,,6.2,0.3,,,,15,32,4240,,,,18,13451,,,,24,23716,,,,11,22173,,,,8,31390,,,,14,6191,,,,1,19024,,,,27,16411,,,,10,23869,,,,,,,,,,,,,,,,,,,,,,,,,,,,,,,,,
173713,25-Jul-18,10:03:53,2018-07-25 10:03:53,G,3,146,2683,,0,9,-62.3463,-60.5118,06:19.3,FastGPS,-62.3463,-60.5118,,,8.2,0.3,,,,15,1,18723,,,,11,24649,,,,17,5894,,,,18,14277,,,,10,14308,,,,24,4776,,,,22,15024,,,,8,17502,,,,32,2751,,,,,,,,,,,,,,,,,,,,,,,,,,,,,,,,,
173713,25-Jul-18,10:34:26,2018-07-25 10:34:26,G,2,146,2684,,0,9,-62.3376,-60.5389,36:51.3,FastGPS,-62.3376,-60.5389,,,15.8,-0.7,,,,15,32,2397,,,,1,3331,,,,18,27494,,,,11,6610,,,,17,12379,,,,10,4487,,,,31,21825,,,,14,6095,,,,22,12030,,,,,,,,,,,,,,,,,,,,,,,,,,,,,,,,,
173713,25-Jul-18,11:06:43,2018-07-25 11:06:43,G,1,146,2685,,0,9,-62.3137,-60.5078,09:08.8,FastGPS,-62.3137,-60.5078,,,7.4,-0.2,,,,15,12,27417,,,,31,31272,,,,32,31607,,,,17,26533,,,,18,12045,,,,14,20877,,,,1,26801,,,,10,24307,,,,22,27008,,,,,,,,,,,,,,,,,,,,,,,,,,,,,,,,,
173713,25-Jul-18,11:37:43,2018-07-25 11:37:43,G,2,146,2686,1417,0,4,-62.291,-60.58,7/26/2018 8:55,R,-62.3194,-60.4709,,,0.4,-0.2,,,,15,32,3507,,,,14,24161,,,,17,25946,,,,3,26448,,,,,,,,,,,,,,,,,,,,,,,,,,,,,,,,,,,,,,,,,,,,,,,,,,,,,,,,,,
173713,25-Jul-18,12:13:26,2018-07-25 12:13:26,G,2,146,2687,,0,9,-62.3375,-60.4278,15:51.8,FastGPS,-62.3375,-60.4278,,,14.7,-0.2,,,,15,23,2071,,,,3,17357,,,,22,20162,,,,31,31001,,,,1,16448,,,,17,4503,,,,32,7421,,,,11,15369,,,,14,10901,,,,,,,,,,,,,,,,,,,,,,,,,,,,,,,,,
173713,25-Jul-18,13:19:52,2018-07-25 13:19:52,G,2,146,2689,1417,0,7,-62.3677,-60.3444,22:17.8,FastGPS,-62.3677,-60.3444,,,5.1,-0.2,,,,15,23,19696,,,,31,6313,,,,22,6706,,,,3,21925,,,,9,8380,,,,6,26119,,,,17,16501,,,,,,,,,,,,,,,,,,,,,,,,,,,,,,,,,,,,,,,,,,,
173713,25-Jul-18,13:50:04,2018-07-25 13:50:04,G,1,146,2690,1417,0,7,-62.3883,-60.3248,52:29.8,FastGPS,-62.3883,-60.3248,,1,4.5,-0.2,,,,15,31,14016,,,,23,16717,,,,3,5590,,,,9,9122,,,,4,11347,,,,6,22482,,,,2,25195,,,,,,,,,,,,,,,,,,,,,,,,,,,,,,,,,,,,,,,,,,,
173713,25-Jul-18,14:23:05,2018-07-25 14:23:05,G,1,146,2691,,0,9,-62.4095,-60.3006,25:30.3,FastGPS,-62.4095,-60.3006,,1,7.9,-0.7,,,,15,9,31986,,,,23,9214,,,,4,24778,,,,6,8220,,,,31,16982,,,,26,7646,,,,3,18963,,,,16,16904,,,,2,23602,,,,,,,,,,,,,,,,,,,,,,,,,,,,,,,,,
173713,25-Jul-18,14:57:20,2018-07-25 14:57:20,G,3,146,2692,,0,9,-62.4323,-60.2824,59:45.3,FastGPS,-62.4323,-60.2824,,,7,-0.7,,,,15,9,1459,,,,23,30608,,,,6,15017,,,,29,2771,,,,4,1324,,,,7,32270,,,,16,3287,,,,26,11964,,,,2,16346,,,,,,,,,,,,,,,,,,,,,,,,,,,,,,,,,
173713,25-Jul-18,15:28:25,2018-07-25 15:28:25,G,3,146,2693,,0,9,-62.4492,-60.2602,30:50.8,FastGPS,-62.4492,-60.2602,,,7.3,-0.2,,,,15,7,28890,,,,9,3087,,,,4,6394,,,,23,29342,,,,26,6956,,,,16,18545,,,,6,29256,,,,2,23683,,,,5,18781,,,,,,,,,,,,,,,,,,,,,,,,,,,,,,,,,
173713,25-Jul-18,16:33:08,2018-07-25 16:33:08,G,1,146,2695,1417,0,8,-62.4759,-60.2194,35:33.3,FastGPS,-62.4759,-60.2194,,,7.6,-0.7,,,,15,7,26551,,,,9,15032,,,,5,696,,,,30,19039,,,,27,5294,,,,23,2697,,,,16,2337,,,,26,22011,,,,,,,,,,,,,,,,,,,,,,,,,,,,,,,,,,,,,,
173713,25-Jul-18,17:35:48,2018-07-25 17:35:48,G,1,146,2697,1417,0,5,-62.5005,-60.2322,38:13.8,FastGPS,-62.5005,-60.2322,,,3.5,-0.2,,,,15,30,28785,,,,5,16056,,,,7,23393,,,,27,2659,,,,13,16941,,,,,,,,,,,,,,,,,,,,,,,,,,,,,,,,,,,,,,,,,,,,,,,,,,,,,
173713,25-Jul-18,18:08:31,2018-07-25 18:08:31,G,2,146,2698,1417,0,7,-62.509,-60.256,10:56.8,FastGPS,-62.509,-60.256,,,12,-0.2,,,,15,30,30815,,,,7,22425,,,,28,3828,,,,5,19299,,,,13,15143,,,,21,14364,,,,9,12267,,,,,,,,,,,,,,,,,,,,,,,,,,,,,,,,,,,,,,,,,,,
173713,25-Jul-18,18:56:42,2018-07-25 18:56:42,G,1,146,2699,1418,0,6,-62.5082,-60.2556,59:07.8,FastGPS,-62.5082,-60.2556,,,5.3,-0.2,,,,15,28,20293,,,,30,3243,,,,7,28067,,,,13,24862,,,,15,3810,,,,5,23600,,,,,,,,,,,,,,,,,,,,,,,,,,,,,,,,,,,,,,,,,,,,,,,,
173713,25-Jul-18,19:27:17,2018-07-25 19:27:17,G,1,146,2700,1418,0,6,-62.5129,-60.2678,29:42.8,FastGPS,-62.5129,-60.2678,,,1.7,-0.2,,,,15,13,24314,,,,28,27579,,,,15,10968,,,,5,26162,,,,30,26917,,,,7,22378,,,,,,,,,,,,,,,,,,,,,,,,,,,,,,,,,,,,,,,,,,,,,,,,
173713,25-Jul-18,19:57:13,2018-07-25 19:57:13,G,1,146,2701,1418,0,7,-62.515,-60.2879,59:38.8,FastGPS,-62.515,-60.2879,,,7.6,-0.2,,,,15,13,18083,,,,15,24503,,,,28,20406,,,,17,13678,,,,30,28145,,,,10,3850,,,,20,23136,,,,,,,,,,,,,,,,,,,,,,,,,,,,,,,,,,,,,,,,,,,
173713,25-Jul-18,20:47:33,2018-07-25 20:47:33,G,1,146,2702,1419,0,7,-62.5267,-60.3308,49:58.8,FastGPS,-62.5267,-60.3308,,,9,-0.2,,,,15,17,6947,,,,28,6085,,,,13,2925,,,,15,29025,,,,30,8608,,,,10,12158,,,,24,18246,,,,,,,,,,,,,,,,,,,,,,,,,,,,,,,,,,,,,,,,,,,
173713,25-Jul-18,21:18:47,2018-07-25 21:18:47,G,2,146,2703,,0,9,-62.5202,-60.3643,21:12.8,FastGPS,-62.5202,-60.3643,,,8.5,-0.2,,,,15,28,16376,,,,15,12476,,,,13,3389,,,,17,26935,,,,19,7848,,,,11,22060,,,,12,11649,,,,18,31038,,,,1,9936,,,,,,,,,,,,,,,,,,,,,,,,,,,,,,,,,
173713,26-Jul-18,1:40:43,2018-07-26 01:40:43,G,4,146,2704,1419,0,6,-62.4116,-60.5415,43:08.4,FastGPS,-62.4116,-60.5415,,,3,-0.6,,,,15,31,25853,,,,12,10163,,,,25,7411,,,,2,31276,,,,29,9060,,,,6,5385,,,,,,,,,,,,,,,,,,,,,,,,,,,,,,,,,,,,,,,,,,,,,,,,
173713,26-Jul-18,2:15:19,2018-07-26 02:15:19,G,3,146,2705,,0,9,-62.3911,-60.5098,17:44.3,FastGPS,-62.3911,-60.5098,,1,8.7,-0.7,,,,15,5,9450,,,,29,11619,,,,12,17206,,,,31,3666,,,,23,13887,,,,2,1621,,,,4,31367,,,,6,5356,,,,25,20983,,,,,,,,,,,,,,,,,,,,,,,,,,,,,,,,,
173713,26-Jul-18,2:46:59,2018-07-26 02:46:59,G,1,146,2706,1419,0,8,-62.3676,-60.5058,49:25.8,FastGPS,-62.3676,-60.5058,,1,9.6,0.8,,,,15,29,6514,,,,12,20653,,,,2,24245,,,,4,27814,,,,5,31276,,,,9,31490,,,,23,24351,,,,26,36,,,,,,,,,,,,,,,,,,,,,,,,,,,,,,,,,,,,,,
173713,26-Jul-18,3:19:50,2018-07-26 03:19:50,G,1,146,2707,1419,0,7,-62.3456,-60.5175,22:15.8,FastGPS,-62.3456,-60.5175,,1,3.4,-0.2,,,,15,5,14764,,,,29,20520,,,,4,26035,,,,2,29635,,,,26,23697,,,,23,9580,,,,25,27962,,,,,,,,,,,,,,,,,,,,,,,,,,,,,,,,,,,,,,,,,,,
173713,26-Jul-18,4:20:51,2018-07-26 04:20:51,G,1,146,2709,1419,0,7,-62.3297,-60.5487,23:16.8,FastGPS,-62.3297,-60.5487,,1,11.2,-0.2,,,,15,5,3037,,,,29,1586,,,,4,24351,,,,21,31183,,,,25,519,,,,26,12107,,,,16,16744,,,,,,,,,,,,,,,,,,,,,,,,,,,,,,,,,,,,,,,,,,,
173713,26-Jul-18,7:16:52,2018-07-26 07:16:52,G,1,146,2713,1422,0,5,-62.3041,-60.593,19:17.3,FastGPS,-62.3041,-60.593,,,5.2,-0.7,,,,15,15,3282,,,,20,13978,,,,21,24313,,,,10,23886,,,,27,30879,,,,,,,,,,,,,,,,,,,,,,,,,,,,,,,,,,,,,,,,,,,,,,,,,,,,,
173713,26-Jul-18,7:51:30,2018-07-26 07:51:30,G,3,146,2714,1422,0,7,-62.2867,-60.594,53:55.8,FastGPS,-62.2867,-60.594,,,9.1,-0.2,,,,15,15,1535,,,,27,13992,,,,10,20983,,,,20,14792,,,,21,6246,,,,8,14410,,,,32,29085,,,,,,,,,,,,,,,,,,,,,,,,,,,,,,,,,,,,,,,,,,,
173713,26-Jul-18,8:21:47,2018-07-26 08:21:47,G,1,146,2715,,0,9,-62.2883,-60.5996,24:12.8,FastGPS,-62.2883,-60.5996,,,9.7,-0.2,,,,15,8,16785,,,,27,22915,,,,18,621,,,,15,2037,,,,10,228,,,,32,18001,,,,11,4370,,,,20,19322,,,,1,32554,,,,,,,,,,,,,,,,,,,,,,,,,,,,,,,,,
173713,26-Jul-18,8:52:42,2018-07-26 08:52:42,G,3,146,2716,1422,0,7,-62.286,-60.583,55:07.8,FastGPS,-62.286,-60.583,,,5.8,-0.2,,,,15,10,23946,,,,20,16987,,,,32,8796,,,,8,25142,,,,27,15100,,,,24,23688,,,,18,32735,,,,,,,,,,,,,,,,,,,,,,,,,,,,,,,,,,,,,,,,,,,
173713,26-Jul-18,9:40:23,2018-07-26 09:40:23,G,1,146,2717,,0,9,-62.2627,-60.574,42:48.3,FastGPS,-62.2627,-60.574,,,7.5,-0.7,,,,15,1,21123,,,,11,2742,,,,18,26061,,,,22,26427,,,,10,15491,,,,32,17306,,,,8,23681,,,,14,14941,,,,24,16828,,,,,,,,,,,,,,,,,,,,,,,,,,,,,,,,,
173713,26-Jul-18,10:10:03,2018-07-26 10:10:03,G,2,146,2718,,0,9,-62.2706,-60.5531,12:29.3,FastGPS,-62.2706,-60.5531,,,9.3,0.3,,,,15,1,12479,,,,22,22993,,,,18,17920,,,,10,6563,,,,11,28817,,,,32,2589,,,,3,20462,,,,14,15452,,,,17,17413,,,,,,,,,,,,,,,,,,,,,,,,,,,,,,,,,
173713,26-Jul-18,11:26:15,2018-07-26 11:26:15,G,1,146,2720,,0,9,-62.2857,-60.4839,28:40.3,FastGPS,-62.2857,-60.4839,,,11.7,-0.7,,,,15,18,18960,,,,11,2730,,,,1,14834,,,,31,23610,,,,14,30133,,,,17,18093,,,,3,31984,,,,22,28565,,,,32,23030,,,,,,,,,,,,,,,,,,,,,,,,,,,,,,,,,
173713,26-Jul-18,14:07:12,2018-07-26 14:07:12,G,1,146,2725,1424,0,7,-62.394,-60.2976,09:37.8,FastGPS,-62.394,-60.2976,,1,4.5,-0.2,,,,15,23,19170,,,,9,6076,,,,31,2341,,,,6,21329,,,,4,15264,,,,26,21544,,,,3,1001,,,,,,,,,,,,,,,,,,,,,,,,,,,,,,,,,,,,,,,,,,,
173713,26-Jul-18,15:10:08,2018-07-26 15:10:08,G,2,146,2727,1424,0,8,-62.4384,-60.2671,12:33.8,FastGPS,-62.4384,-60.2671,,,8.1,-0.2,,,,15,7,18611,,,,9,19475,,,,29,19865,,,,23,25852,,,,6,818,,,,16,14146,,,,4,19023,,,,2,21564,,,,,,,,,,,,,,,,,,,,,,,,,,,,,,,,,,,,,,
173713,26-Jul-18,16:41:09,2018-07-26 16:41:09,G,2,146,2730,1424,0,4,-62.525,-60.698,7/27/2018 10:45,K,-62.4908,-60.176,,,0.6,-0.7,,,,15,5,13806,,,,7,24628,,,,27,30910,,,,30,13686,,,,,,,,,,,,,,,,,,,,,,,,,,,,,,,,,,,,,,,,,,,,,,,,,,,,,,,,,,
173713,26-Jul-18,18:58:00,2018-07-26 18:58:00,G,1,146,2733,1427,0,7,-62.5028,-60.2347,00:26.3,FastGPS,-62.5028,-60.2347,,,10.5,0.3,,,,15,5,7607,,,,13,5586,,,,15,28394,,,,28,8667,,,,27,17994,,,,30,30276,,,,20,473,,,,,,,,,,,,,,,,,,,,,,,,,,,,,,,,,,,,,,,,,,,
173713,26-Jul-18,19:43:00,2018-07-26 19:43:00,G,1,146,2734,1428,0,7,-62.5025,-60.2393,45:26.3,FastGPS,-62.5025,-60.2393,,,4.7,0.3,,,,15,15,27896,,,,7,23259,,,,13,19088,,,,8,4397,,,,18,31618,,,,20,2697,,,,17,22023,,,,,,,,,,,,,,,,,,,,,,,,,,,,,,,,,,,,,,,,,,,
173713,26-Jul-18,21:14:00,2018-07-26 21:14:00,G,1,146,2736,,0,9,-62.5021,-60.2367,16:26.3,FastGPS,-62.5021,-60.2367,,,8.5,0.3,,,,15,15,16284,,,,17,28581,,,,13,9172,,,,19,8338,,,,24,11418,,,,12,11397,,,,28,22515,,,,10,9360,,,,1,12109,,,,,,,,,,,,,,,,,,,,,,,,,,,,,,,,,
173713,26-Jul-18,21:45:02,2018-07-26 21:45:02,G,1,146,2737,1430,0,6,-62.5085,-60.2598,47:28.8,FastGPS,-62.5085,-60.2598,,,3.7,0.8,,,,15,17,23213,,,,15,12238,,,,19,19716,,,,12,20391,,,,24,32005,,,,13,8301,,,,,,,,,,,,,,,,,,,,,,,,,,,,,,,,,,,,,,,,,,,,,,,,
173713,26-Jul-18,22:16:39,2018-07-26 22:16:39,G,1,146,2738,1430,0,6,-62.5295,-60.2646,19:05.8,FastGPS,-62.5295,-60.2646,,,7.9,0.8,,,,15,12,11247,,,,17,23023,,,,24,12080,,,,15,31415,,,,19,23444,,,,32,6597,,,,,,,,,,,,,,,,,,,,,,,,,,,,,,,,,,,,,,,,,,,,,,,,
173713,26-Jul-18,22:46:01,2018-07-26 22:46:01,G,1,146,2739,1430,0,8,-62.5418,-60.2813,48:27.3,FastGPS,-62.5418,-60.2813,,,12.3,0.4,,,,15,32,31466,,,,17,14926,,,,24,24384,,,,6,16422,,,,19,24227,,,,12,15194,,,,15,14650,,,,25,13477,,,,,,,,,,,,,,,,,,,,,,,,,,,,,,,,,,,,,,
173713,26-Jul-18,23:16:28,2018-07-26 23:16:28,G,1,146,2740,1430,0,7,-62.5451,-60.3061,18:54.8,FastGPS,-62.5451,-60.3061,,,11.3,0.8,,,,15,17,24286,,,,12,25671,,,,19,13187,,,,6,2384,,,,24,24357,,,,32,14872,,,,25,19357,,,,,,,,,,,,,,,,,,,,,,,,,,,,,,,,,,,,,,,,,,,
173713,27-Jul-18,0:04:58,2018-07-27 00:04:58,G,1,146,2741,,0,9,-62.5474,-60.3561,07:24.8,FastGPS,-62.5474,-60.3561,,,9.9,0.8,,,,15,12,29012,,,,24,5701,,,,2,23219,,,,19,30099,,,,6,29850,,,,14,14748,,,,31,8164,,,,32,10728,,,,3,30349,,,,,,,,,,,,,,,,,,,,,,,,,,,,,,,,,
173713,27-Jul-18,1:21:41,2018-07-27 01:21:41,G,1,146,2743,1432,0,8,-62.5448,-60.4431,24:06.8,FastGPS,-62.5448,-60.4431,,1,13.5,-0.2,,,,15,12,11555,,,,2,13562,,,,29,9417,,,,31,12709,,,,25,23396,,,,6,10304,,,,4,31292,,,,32,20209,,,,,,,,,,,,,,,,,,,,,,,,,,,,,,,,,,,,,,
173713,27-Jul-18,3:44:03,2018-07-27 03:44:03,G,1,146,2747,1433,0,7,-62.5618,-60.5036,46:28.8,FastGPS,-62.5618,-60.5036,,1,7.9,-0.2,,,,15,29,4516,,,,5,21598,,,,31,31889,,,,4,17480,,,,16,28617,,,,21,18378,,,,26,8101,,,,,,,,,,,,,,,,,,,,,,,,,,,,,,,,,,,,,,,,,,,
173713,27-Jul-18,5:15:00,2018-07-27 05:15:00,G,1,146,2749,1435,0,8,-62.5592,-60.5259,17:25.8,FastGPS,-62.5592,-60.5259,,,12.2,-0.2,,,,15,7,2762,,,,29,13180,,,,21,28348,,,,16,16268,,,,4,24282,,,,26,26627,,,,20,4299,,,,27,14102,,,,,,,,,,,,,,,,,,,,,,,,,,,,,,,,,,,,,,
173713,27-Jul-18,5:46:12,2018-07-27 05:46:12,G,1,146,2750,1435,0,7,-62.5594,-60.5414,48:37.8,FastGPS,-62.5594,-60.5414,,,13.5,-0.2,,,,15,7,17703,,,,21,22840,,,,16,28249,,,,15,11807,,,,20,13118,,,,8,29374,,,,29,29609,,,,,,,,,,,,,,,,,,,,,,,,,,,,,,,,,,,,,,,,,,,
173713,27-Jul-18,6:19:19,2018-07-27 06:19:19,G,1,146,2751,,0,9,-62.5581,-60.5509,21:44.8,FastGPS,-62.5581,-60.5509,,,10.1,-0.2,,,,15,7,27534,,,,20,7943,,,,21,10286,,,,27,30314,,,,30,31772,,,,16,928,,,,15,1572,,,,10,8147,,,,8,23150,,,,,,,,,,,,,,,,,,,,,,,,,,,,,,,,,
173713,27-Jul-18,6:52:10,2018-07-27 06:52:10,G,2,146,2752,,0,9,-62.5622,-60.5587,54:35.8,FastGPS,-62.5622,-60.5587,,,8,-0.2,,,,15,27,27078,,,,10,5884,,,,15,13275,,,,20,21201,,,,21,14998,,,,13,30883,,,,30,7845,,,,8,30453,,,,7,20698,,,,,,,,,,,,,,,,,,,,,,,,,,,,,,,,,
173713,27-Jul-18,7:22:11,2018-07-27 07:22:11,G,1,146,2753,1435,0,8,-62.5606,-60.5735,24:36.3,FastGPS,-62.5606,-60.5735,,,5.8,-0.7,,,,15,15,14866,,,,20,23904,,,,16,5385,,,,21,32377,,,,10,26042,,,,13,4181,,,,8,2418,,,,27,12206,,,,,,,,,,,,,,,,,,,,,,,,,,,,,,,,,,,,,,
173713,27-Jul-18,8:07:03,2018-07-27 08:07:03,G,1,146,2754,,0,9,-62.5587,-60.6097,09:28.3,FastGPS,-62.5587,-60.6097,,,12.6,-0.7,,,,15,10,27669,,,,20,6352,,,,8,4124,,,,15,25761,,,,18,18852,,,,32,23502,,,,27,7179,,,,24,7357,,,,11,22619,,,,,,,,,,,,,,,,,,,,,,,,,,,,,,,,,
173713,27-Jul-18,11:47:00,2018-07-27 11:47:00,G,1,146,2760,,0,9,-62.504,-60.6942,49:26.8,FastGPS,-62.504,-60.6942,,,5.4,0.8,,,,15,23,13415,,,,31,26153,,,,12,30277,,,,14,2896,,,,18,27913,,,,32,21437,,,,17,4931,,,,19,21808,,,,1,32489,,,,,,,,,,,,,,,,,,,,,,,,,,,,,,,,,
173713,27-Jul-18,12:36:37,2018-07-27 12:36:37,G,1,146,2761,,0,9,-62.4938,-60.7071,39:03.3,FastGPS,-62.4938,-60.7071,,,3.4,0.3,,,,15,31,9257,,,,3,22450,,,,22,17511,,,,17,554,,,,23,18837,,,,1,19881,,,,9,22151,,,,19,24549,,,,14,4177,,,,,,,,,,,,,,,,,,,,,,,,,,,,,,,,,
173713,27-Jul-18,13:37:00,2018-07-27 13:37:00,G,1,146,2763,,0,9,-62.4902,-60.7183,39:26.3,FastGPS,-62.4902,-60.7183,,,9.2,0.3,,,,15,22,24650,,,,23,16359,,,,3,21911,,,,26,21649,,,,6,24467,,,,4,1968,,,,31,32433,,,,9,30893,,,,19,5391,,,,,,,,,,,,,,,,,,,,,,,,,,,,,,,,,
173713,27-Jul-18,15:07:00,2018-07-27 15:07:00,G,1,146,2766,1439,1,5,-62.4903,-60.7177,09:26.4,FastGPS,-62.4903,-60.7177,,,9,0.4,,,,15,29,23985,,,,7,26390,,,,2,26347,,,,5,15615,,,,30,8534,,,,,,,,,,,,,,,,,,,,,,,,,,,,,,,,,,,,,,,,,,,,,,,,,,,,,
173713,27-Jul-18,15:37:00,2018-07-27 15:37:00,G,1,146,2767,1439,1,7,-62.4902,-60.718,39:26.3,FastGPS,-62.4902,-60.718,,,5.8,0.3,,,,15,5,10051,,,,29,4102,,,,30,19015,,,,7,12607,,,,6,12499,,,,2,14030,,,,4,12752,,,,,,,,,,,,,,,,,,,,,,,,,,,,,,,,,,,,,,,,,,,
173713,28-Jul-18,22:35:30,2018-07-28 22:35:30,G,1,146,2773,1441,0,6,-62.47,-60.827,37:56.4,FastGPS,-62.47,-60.827,,,7,0.4,,,,15,12,16139,,,,24,31336,,,,17,22763,,,,19,27416,,,,15,32538,,,,25,11572,,,,,,,,,,,,,,,,,,,,,,,,,,,,,,,,,,,,,,,,,,,,,,,,
173713,28-Jul-18,23:35:04,2018-07-28 23:35:04,G,2,146,2775,1441,0,6,-62.4886,-60.8331,37:30.4,FastGPS,-62.4886,-60.8331,,,6.5,0.4,,,,15,12,15786,,,,24,9629,,,,14,21150,,,,32,2619,,,,22,22765,,,,25,16531,,,,,,,,,,,,,,,,,,,,,,,,,,,,,,,,,,,,,,,,,,,,,,,,
173713,29-Jul-18,0:05:59,2018-07-29 00:05:59,G,3,146,2776,1441,0,7,-62.5013,-60.8283,08:25.4,FastGPS,-62.5013,-60.8283,,,4.9,0.4,,,,15,32,14134,,,,25,14563,,,,14,5085,,,,12,13641,,,,6,20582,,,,2,15338,,,,19,18840,,,,,,,,,,,,,,,,,,,,,,,,,,,,,,,,,,,,,,,,,,,
173713,29-Jul-18,2:08:01,2018-07-29 02:08:01,G,1,146,2780,1441,0,6,-62.5365,-60.8633,10:27.9,FastGPS,-62.5365,-60.8633,,1,8.3,0.9,,,,15,31,24507,,,,29,8645,,,,2,10275,,,,4,6590,,,,25,31210,,,,5,11915,,,,,,,,,,,,,,,,,,,,,,,,,,,,,,,,,,,,,,,,,,,,,,,,
173713,29-Jul-18,5:04:00,2018-07-29 05:04:00,G,1,146,2783,,0,9,-62.5753,-60.8667,06:26.4,FastGPS,-62.5753,-60.8667,,,11.2,0.4,,,,15,4,30334,,,,7,27775,,,,26,31122,,,,20,21268,,,,16,12223,,,,21,21794,,,,29,19516,,,,27,278,,,,5,11865,,,,,,,,,,,,,,,,,,,,,,,,,,,,,,,,,
173713,29-Jul-18,6:08:33,2018-07-29 06:08:33,G,3,146,2784,,0,9,-62.5882,-60.9145,10:59.9,FastGPS,-62.5882,-60.9145,,,10.4,0.9,,,,15,16,6871,,,,20,111,,,,27,23085,,,,21,13150,,,,10,27633,,,,26,23383,,,,30,27762,,,,13,17132,,,,15,25457,,,,,,,,,,,,,,,,,,,,,,,,,,,,,,,,,
173713,29-Jul-18,6:57:24,2018-07-29 06:57:24,G,2,146,2785,,0,9,-62.5939,-60.9559,59:50.9,FastGPS,-62.5939,-60.9559,,,4.7,0.9,,,,15,27,26782,,,,10,1624,,,,7,1926,,,,20,12277,,,,30,18057,,,,15,3605,,,,16,27621,,,,21,16773,,,,8,2698,,,,,,,,,,,,,,,,,,,,,,,,,,,,,,,,,
173713,29-Jul-18,7:27:55,2018-07-29 07:27:55,G,1,146,2786,1444,0,8,-62.6106,-60.9768,30:21.4,FastGPS,-62.6106,-60.9768,,,14.5,0.4,,,,15,20,19277,,,,10,27576,,,,8,16105,,,,21,11719,,,,27,14692,,,,15,9830,,,,18,16396,,,,11,19093,,,,,,,,,,,,,,,,,,,,,,,,,,,,,,,,,,,,,,
173713,29-Jul-18,8:01:19,2018-07-29 08:01:19,G,1,146,2787,1444,0,7,-62.6112,-60.9983,03:45.4,FastGPS,-62.6112,-60.9983,,,3.5,0.4,,,,15,10,4817,,,,27,12198,,,,20,9855,,,,32,11828,,,,18,8421,,,,15,30169,,,,8,17643,,,,,,,,,,,,,,,,,,,,,,,,,,,,,,,,,,,,,,,,,,,
173713,29-Jul-18,8:49:05,2018-07-29 08:49:05,G,1,146,2788,,0,9,-62.6122,-61.0391,51:31.9,FastGPS,-62.6122,-61.0391,,,15.1,0.9,,,,15,10,17158,,,,20,29493,,,,32,13857,,,,8,21597,,,,24,18390,,,,27,22777,,,,14,21651,,,,1,26706,,,,22,22532,,,,,,,,,,,,,,,,,,,,,,,,,,,,,,,,,
173713,29-Jul-18,9:19:50,2018-07-29 09:19:50,G,1,146,2789,1445,0,8,-62.6096,-61.0736,22:16.4,FastGPS,-62.6096,-61.0736,,,5.9,0.4,,,,15,32,23723,,,,10,30107,,,,14,32617,,,,22,9092,,,,18,3710,,,,1,16388,,,,11,13549,,,,8,5342,,,,,,,,,,,,,,,,,,,,,,,,,,,,,,,,,,,,,,
173713,29-Jul-18,12:01:24,2018-07-29 12:01:24,G,3,146,2793,,0,9,-62.5795,-61.1515,03:50.4,FastGPS,-62.5795,-61.1515,,,12.6,0.4,,,,15,31,17906,,,,14,8905,,,,23,4385,,,,22,30457,,,,11,12706,,,,3,6623,,,,18,17634,,,,19,29759,,,,32,2852,,,,,,,,,,,,,,,,,,,,,,,,,,,,,,,,,
173713,29-Jul-18,12:34:14,2018-07-29 12:34:14,G,2,146,2794,1447,0,8,-62.5764,-61.1844,36:40.4,FastGPS,-62.5764,-61.1844,,,7.2,0.4,,,,15,23,6806,,,,3,21111,,,,19,21183,,,,17,14375,,,,6,16629,,,,22,2043,,,,12,22285,,,,31,6756,,,,,,,,,,,,,,,,,,,,,,,,,,,,,,,,,,,,,,
173713,29-Jul-18,13:36:16,2018-07-29 13:36:16,G,1,146,2796,1447,0,8,-62.5881,-61.2126,38:42.9,FastGPS,-62.5881,-61.2126,,,7.7,0.9,,,,15,23,23577,,,,31,9753,,,,4,18748,,,,3,1187,,,,26,10375,,,,9,26928,,,,6,499,,,,22,24149,,,,,,,,,,,,,,,,,,,,,,,,,,,,,,,,,,,,,,
173713,29-Jul-18,14:06:00,2018-07-29 14:06:00,G,1,146,2797,1447,0,7,-62.594,-61.1973,08:26.8,FastGPS,-62.594,-61.1973,,1,5.8,0.9,,,,15,9,2107,,,,29,27726,,,,6,14055,,,,23,10512,,,,31,20278,,,,2,26809,,,,4,23006,,,,,,,,,,,,,,,,,,,,,,,,,,,,,,,,,,,,,,,,,,,
173713,29-Jul-18,14:36:33,2018-07-29 14:36:33,G,1,146,2798,,0,9,-62.606,-61.1677,38:59.4,FastGPS,-62.606,-61.1677,,1,11.2,0.4,,,,15,7,6150,,,,23,1121,,,,2,12748,,,,3,24714,,,,9,25827,,,,16,14871,,,,6,25121,,,,4,30930,,,,29,27062,,,,,,,,,,,,,,,,,,,,,,,,,,,,,,,,,
173713,29-Jul-18,15:08:25,2018-07-29 15:08:25,G,5,147,2799,,0,9,-62.621,-61.1501,10:51.9,FastGPS,-62.621,-61.1501,,,12.2,-0.1,,,,15,7,23042,,,,6,22188,,,,2,8861,,,,29,13623,,,,4,22918,,,,5,15619,,,,9,12190,,,,23,15137,,,,26,19976,,,,,,,,,,,,,,,,,,,,,,,,,,,,,,,,,
173713,29-Jul-18,15:38:59,2018-07-29 15:38:59,G,2,147,2800,,0,9,-62.6388,-61.151,41:25.9,FastGPS,-62.6388,-61.151,,,8.6,-0.1,,,,15,7,20894,,,,29,31184,,,,2,32023,,,,5,27197,,,,26,4599,,,,23,17300,,,,9,6068,,,,4,22707,,,,16,23102,,,,,,,,,,,,,,,,,,,,,,,,,,,,,,,,,
173713,29-Jul-18,16:11:48,2018-07-29 16:11:48,G,1,147,2801,,0,9,-62.6541,-61.1594,14:14.4,FastGPS,-62.6541,-61.1594,,1,9.1,-0.6,,,,15,5,20657,,,,7,15715,,,,16,6911,,,,2,1308,,,,9,20945,,,,30,30651,,,,29,29603,,,,4,13254,,,,26,6427,,,,,,,,,,,,,,,,,,,,,,,,,,,,,,,,,
173713,29-Jul-18,16:42:47,2018-07-29 16:42:47,G,4,147,2802,1447,0,4,-62.655,-61.161,7/30/2018 13:29,R,-62.6628,-61.1626,,,0.6,-0.6,,,,15,7,12825,,,,5,25577,,,,9,26603,,,,30,8355,,,,,,,,,,,,,,,,,,,,,,,,,,,,,,,,,,,,,,,,,,,,,,,,,,,,,,,,,,
173713,29-Jul-18,17:46:20,2018-07-29 17:46:20,G,1,147,2804,1447,0,5,-62.6625,-61.1667,48:46.9,FastGPS,-62.6625,-61.1667,,,1.2,-0.1,,,,15,5,5264,,,,30,1226,,,,13,5036,,,,7,7822,,,,21,22093,,,,,,,,,,,,,,,,,,,,,,,,,,,,,,,,,,,,,,,,,,,,,,,,,,,,,
173713,29-Jul-18,18:18:21,2018-07-29 18:18:21,G,3,147,2805,1447,0,6,-62.6626,-61.1665,20:47.9,FastGPS,-62.6626,-61.1665,,,3.6,-0.1,,,,15,28,3558,,,,5,4273,,,,7,12359,,,,13,13715,,,,30,475,,,,8,12626,,,,,,,,,,,,,,,,,,,,,,,,,,,,,,,,,,,,,,,,,,,,,,,,
173713,29-Jul-18,19:06:17,2018-07-29 19:06:17,G,1,147,2806,1448,0,5,-62.6624,-61.1656,08:42.4,FastGPS,-62.6624,-61.1656,,,2.3,-1.6,,,,15,7,44,,,,30,31611,,,,15,26620,,,,13,18180,,,,28,12018,,,,,,,,,,,,,,,,,,,,,,,,,,,,,,,,,,,,,,,,,,,,,,,,,,,,,
173713,29-Jul-18,20:23:00,2018-07-29 20:23:00,G,1,147,2808,1449,0,5,-62.6628,-61.1647,25:25.4,FastGPS,-62.6628,-61.1647,,,10.3,-1.6,,,,15,15,16883,,,,13,11335,,,,17,21422,,,,28,9143,,,,10,21936,,,,,,,,,,,,,,,,,,,,,,,,,,,,,,,,,,,,,,,,,,,,,,,,,,,,,
173713,29-Jul-18,21:56:24,2018-07-29 21:56:24,G,2,147,2811,,0,9,-62.6911,-61.1673,58:49.9,FastGPS,-62.6911,-61.1673,,,8.6,-1.1,,,,15,17,14412,,,,15,20478,,,,19,28800,,,,28,26929,,,,1,17015,,,,24,28262,,,,12,8494,,,,10,15700,,,,32,5110,,,,,,,,,,,,,,,,,,,,,,,,,,,,,,,,,
173713,30-Jul-18,0:45:13,2018-07-30 00:45:13,G,1,147,2816,,0,9,-62.7184,-61.2591,47:38.4,FastGPS,-62.7184,-61.2591,,,6.1,-1.6,,,,15,12,5580,,,,6,3498,,,,29,15019,,,,31,9091,,,,2,7173,,,,25,770,,,,32,31961,,,,14,3645,,,,19,1829,,,,,,,,,,,,,,,,,,,,,,,,,,,,,,,,,
173713,30-Jul-18,1:50:20,2018-07-30 01:50:20,G,2,147,2817,,0,9,-62.7185,-61.2596,52:45.9,FastGPS,-62.7185,-61.2596,,1,7.9,-1.1,,,,15,31,7050,,,,2,18930,,,,25,954,,,,29,28712,,,,12,16078,,,,4,4364,,,,5,6055,,,,6,13055,,,,23,12682,,,,,,,,,,,,,,,,,,,,,,,,,,,,,,,,,
173713,30-Jul-18,2:35:00,2018-07-30 02:35:00,G,1,147,2818,1453,0,7,-62.7175,-61.2488,37:25.4,FastGPS,-62.7175,-61.2488,,1,12.3,-1.6,,,,15,5,28268,,,,31,10795,,,,25,4246,,,,29,31800,,,,2,31146,,,,4,1866,,,,26,11017,,,,,,,,,,,,,,,,,,,,,,,,,,,,,,,,,,,,,,,,,,,
173713,30-Jul-18,8:54:22,2018-07-30 08:54:22,G,2,147,2822,,0,9,-62.6779,-61.0327,56:48.9,FastGPS,-62.6779,-61.0327,,,7,-0.1,,,,15,32,31934,,,,10,18062,,,,18,18830,,,,8,23922,,,,1,23687,,,,14,25217,,,,22,26670,,,,27,6112,,,,11,27337,,,,,,,,,,,,,,,,,,,,,,,,,,,,,,,,,
173713,30-Jul-18,10:30:10,2018-07-30 10:30:10,G,1,147,2824,,0,9,-62.6693,-61.0696,32:36.9,FastGPS,-62.6693,-61.0696,,,8.3,-0.1,,,,15,17,6418,,,,19,10588,,,,12,26099,,,,31,30722,,,,22,31034,,,,1,28578,,,,14,25651,,,,32,12519,,,,10,2886,,,,,,,,,,,,,,,,,,,,,,,,,,,,,,,,,
173713,30-Jul-18,12:18:38,2018-07-30 12:18:38,G,1,147,2826,,0,9,-62.6797,-61.1455,21:04.9,FastGPS,-62.6797,-61.1455,,,5.5,-0.1,,,,15,23,3448,,,,17,28535,,,,3,28760,,,,22,3253,,,,1,14803,,,,12,21314,,,,19,5654,,,,9,4020,,,,6,14882,,,,,,,,,,,,,,,,,,,,,,,,,,,,,,,,,
173713,30-Jul-18,15:56:44,2018-07-30 15:56:44,G,2,147,2832,1461,0,7,-62.7061,-61.3213,59:10.9,FastGPS,-62.7061,-61.3213,,,4.2,-0.1,,,,15,9,589,,,,23,22765,,,,7,14439,,,,2,30756,,,,16,9848,,,,5,8041,,,,30,6280,,,,,,,,,,,,,,,,,,,,,,,,,,,,,,,,,,,,,,,,,,,
173713,30-Jul-18,16:42:18,2018-07-30 16:42:18,G,2,147,2833,1462,0,4,-62.806,-61.5,7/31/2018 9:06,K,-62.7117,-61.3618,,,3.3,-0.2,,,,15,5,2665,,,,7,16595,,,,30,22720,,,,16,25364,,,,,,,,,,,,,,,,,,,,,,,,,,,,,,,,,,,,,,,,,,,,,,,,,,,,,,,,,,
173713,30-Jul-18,17:12:10,2018-07-30 17:12:10,G,1,147,2834,1462,0,8,-62.7259,-61.3725,14:36.9,FastGPS,-62.7259,-61.3725,,,12.1,-0.1,,,,15,5,14201,,,,7,19071,,,,30,17315,,,,9,21710,,,,21,1671,,,,27,21251,,,,28,30860,,,,13,4386,,,,,,,,,,,,,,,,,,,,,,,,,,,,,,,,,,,,,,
173713,30-Jul-18,17:42:05,2018-07-30 17:42:05,G,2,147,2835,1462,0,7,-62.7325,-61.3731,44:31.4,FastGPS,-62.7325,-61.3731,,,11.8,-0.6,,,,15,30,18256,,,,5,23426,,,,7,24837,,,,13,22909,,,,15,17003,,,,28,26371,,,,21,7752,,,,,,,,,,,,,,,,,,,,,,,,,,,,,,,,,,,,,,,,,,,
173713,30-Jul-18,18:13:05,2018-07-30 18:13:05,G,2,147,2836,1462,0,8,-62.7319,-61.3749,15:31.9,FastGPS,-62.7319,-61.3749,,,5.5,-0.1,,,,15,7,7203,,,,30,25474,,,,5,32570,,,,15,4456,,,,28,22136,,,,21,6205,,,,13,3105,,,,8,2391,,,,,,,,,,,,,,,,,,,,,,,,,,,,,,,,,,,,,,
173713,30-Jul-18,18:45:02,2018-07-30 18:45:02,G,2,147,2837,1462,0,4,-62.806,-61.5,7/31/2018 9:06,K,-62.744,-61.4058,,,0.4,-0.6,,,,15,5,3384,,,,15,19132,,,,13,19845,,,,28,21657,,,,,,,,,,,,,,,,,,,,,,,,,,,,,,,,,,,,,,,,,,,,,,,,,,,,,,,,,,
173713,31-Jul-18,1:06:00,2018-07-31 01:06:00,G,2,147,2847,1463,1,5,-62.8044,-61.498,08:26.4,FastGPS,-62.8044,-61.498,,,7.5,-0.6,,,,15,6,10214,,,,12,7832,,,,2,13969,,,,29,18132,,,,25,28648,,,,,,,,,,,,,,,,,,,,,,,,,,,,,,,,,,,,,,,,,,,,,,,,,,,,,
173713,31-Jul-18,2:06:00,2018-07-31 02:06:00,G,1,147,2849,1463,1,5,-62.804,-61.4975,08:26.4,FastGPS,-62.804,-61.4975,,,8.5,-0.6,,,,15,2,21931,,,,31,19761,,,,25,12151,,,,29,14672,,,,12,6945,,,,,,,,,,,,,,,,,,,,,,,,,,,,,,,,,,,,,,,,,,,,,,,,,,,,,
173713,31-Jul-18,15:12:00,2018-07-31 15:12:00,G,1,147,2858,1464,0,4,-62.75,-61.453,8/1/2018 12:27,R,-62.7523,-61.4578,,,1,-0.2,,,,15,9,8821,,,,7,5585,,,,23,8112,,,,16,32723,,,,,,,,,,,,,,,,,,,,,,,,,,,,,,,,,,,,,,,,,,,,,,,,,,,,,,,,,,
173713,31-Jul-18,17:13:00,2018-07-31 17:13:00,G,2,147,2860,1468,0,5,-62.7527,-61.456,15:26.4,FastGPS,-62.7527,-61.456,,,6.1,-0.6,,,,15,7,19384,,,,30,494,,,,5,21509,,,,9,7875,,,,28,32339,,,,,,,,,,,,,,,,,,,,,,,,,,,,,,,,,,,,,,,,,,,,,,,,,,,,,
173713,31-Jul-18,18:44:37,2018-07-31 18:44:37,G,2,147,2862,1470,0,4,-62.75,-61.453,8/1/2018 12:27,R,-62.7517,-61.4568,,,0.9,-0.6,,,,15,30,11084,,,,7,4764,,,,13,18195,,,,28,24962,,,,,,,,,,,,,,,,,,,,,,,,,,,,,,,,,,,,,,,,,,,,,,,,,,,,,,,,,,
173713,31-Jul-18,21:05:00,2018-07-31 21:05:00,G,1,147,2866,,0,9,-62.7417,-61.4264,07:26.4,FastGPS,-62.7417,-61.4264,,,15,-0.6,,,,15,17,22954,,,,28,9901,,,,15,1179,,,,12,8225,,,,1,28328,,,,11,8651,,,,24,22085,,,,19,17659,,,,13,28605,,,,,,,,,,,,,,,,,,,,,,,,,,,,,,,,,
173713,31-Jul-18,22:12:55,2018-07-31 22:12:55,G,1,147,2868,1471,0,8,-62.7335,-61.4068,15:21.4,FastGPS,-62.7335,-61.4068,,,6.9,-0.6,,,,15,17,16944,,,,19,27330,,,,15,18784,,,,24,8196,,,,12,27841,,,,32,18354,,,,1,8207,,,,6,1630,,,,,,,,,,,,,,,,,,,,,,,,,,,,,,,,,,,,,,
173713,1-Aug-18,2:53:38,2018-08-01 02:53:38,G,1,147,2876,,0,9,-62.7439,-61.411,56:04.4,FastGPS,-62.7439,-61.411,,,4.6,-0.6,,,,15,29,13389,,,,5,1221,,,,31,23025,,,,26,16799,,,,16,15526,,,,4,19008,,,,2,32099,,,,23,14386,,,,21,11429,,,,,,,,,,,,,,,,,,,,,,,,,,,,,,,,,
173713,1-Aug-18,3:28:40,2018-08-01 03:28:40,G,1,147,2877,1473,0,8,-62.749,-61.433,31:06.9,FastGPS,-62.749,-61.433,,,9,-0.1,,,,15,5,3549,,,,29,10628,,,,31,31393,,,,26,4483,,,,4,7936,,,,16,5198,,,,2,32482,,,,25,8216,,,,,,,,,,,,,,,,,,,,,,,,,,,,,,,,,,,,,,
173713,1-Aug-18,5:59:25,2018-08-01 05:59:25,G,1,147,2881,,0,9,-62.7388,-61.4611,01:51.4,FastGPS,-62.7388,-61.4611,,,10.9,-0.6,,,,15,21,15812,,,,15,7838,,,,20,16414,,,,27,11240,,,,13,28266,,,,8,9065,,,,10,18573,,,,26,20858,,,,16,10767,,,,,,,,,,,,,,,,,,,,,,,,,,,,,,,,,
173713,1-Aug-18,7:03:06,2018-08-01 07:03:06,G,2,147,2883,1475,0,6,-62.7373,-61.4574,05:32.9,FastGPS,-62.7373,-61.4574,,,6.1,-0.1,,,,15,27,4235,,,,10,19179,,,,8,2453,,,,21,13506,,,,15,4139,,,,30,1868,,,,,,,,,,,,,,,,,,,,,,,,,,,,,,,,,,,,,,,,,,,,,,,,
173713,1-Aug-18,7:49:00,2018-08-01 07:49:00,G,3,147,2884,1476,0,8,-62.7474,-61.4301,51:26.9,FastGPS,-62.7474,-61.4301,,,8.1,-0.1,,,,15,8,28747,,,,18,20791,,,,15,8330,,,,27,21622,,,,10,13743,,,,24,775,,,,20,18426,,,,11,25511,,,,,,,,,,,,,,,,,,,,,,,,,,,,,,,,,,,,,,
173713,1-Aug-18,8:24:00,2018-08-01 08:24:00,G,1,147,2885,1476,0,6,-62.75,-61.4316,26:25.5,FastGPS,-62.75,-61.4316,,,9.2,-1.5,,,,15,10,9684,,,,20,9058,,,,8,10931,,,,18,5079,,,,32,1417,,,,11,12359,,,,,,,,,,,,,,,,,,,,,,,,,,,,,,,,,,,,,,,,,,,,,,,,
173713,1-Aug-18,11:26:42,2018-08-01 11:26:42,G,1,147,2888,,0,9,-62.7499,-61.4608,29:07.4,FastGPS,-62.7499,-61.4608,,,5.6,-1.6,,,,15,17,19300,,,,3,1213,,,,22,9246,,,,1,8200,,,,32,29524,,,,12,10473,,,,31,32687,,,,14,9620,,,,19,3860,,,,,,,,,,,,,,,,,,,,,,,,,,,,,,,,,
173713,1-Aug-18,21:55:00,2018-08-01 21:55:00,G,1,147,2898,,0,9,-62.7016,-61.2583,57:26.4,FastGPS,-62.7016,-61.2583,,,7.2,-0.6,,,,15,12,13982,,,,17,3308,,,,15,9651,,,,24,2783,,,,32,7771,,,,1,119,,,,19,11467,,,,10,14244,,,,28,2439,,,,,,,,,,,,,,,,,,,,,,,,,,,,,,,,,
173713,1-Aug-18,22:25:00,2018-08-01 22:25:00,G,1,147,2899,1483,0,8,-62.7072,-61.2245,27:26.9,FastGPS,-62.7072,-61.2245,,,9.4,-0.1,,,,15,12,13548,,,,24,6534,,,,17,18978,,,,19,6380,,,,22,13347,,,,32,27914,,,,1,5280,,,,3,4065,,,,,,,,,,,,,,,,,,,,,,,,,,,,,,,,,,,,,,
173713,1-Aug-18,23:26:36,2018-08-01 23:26:36,G,1,147,2901,,0,9,-62.7158,-61.1778,29:01.9,FastGPS,-62.7158,-61.1778,,,6.5,-1.1,,,,15,12,17791,,,,32,27446,,,,25,11649,,,,6,401,,,,17,21193,,,,19,26357,,,,14,151,,,,24,11348,,,,3,15345,,,,,,,,,,,,,,,,,,,,,,,,,,,,,,,,,
173713,1-Aug-18,23:56:41,2018-08-01 23:56:41,G,1,147,2902,1483,0,8,-62.7209,-61.1548,59:06.9,FastGPS,-62.7209,-61.1548,,,9.4,-1.1,,,,15,12,24058,,,,25,19459,,,,6,3841,,,,32,14961,,,,29,12104,,,,2,22773,,,,14,21619,,,,19,10821,,,,,,,,,,,,,,,,,,,,,,,,,,,,,,,,,,,,,,
173713,2-Aug-18,0:30:25,2018-08-02 00:30:25,G,2,147,2903,1483,0,8,-62.7336,-61.1222,32:51.9,FastGPS,-62.7336,-61.1222,,,6,-0.1,,,,15,25,31067,,,,29,5351,,,,12,11906,,,,19,15248,,,,2,2727,,,,31,916,,,,32,9543,,,,14,10240,,,,,,,,,,,,,,,,,,,,,,,,,,,,,,,,,,,,,,
173713,2-Aug-18,1:48:01,2018-08-02 01:48:01,G,1,147,2905,1484,0,8,-62.7704,-61.0403,50:26.4,FastGPS,-62.7704,-61.0403,,,6.5,-1.6,,,,15,29,10736,,,,31,2332,,,,25,12545,,,,12,32527,,,,2,28700,,,,23,15889,,,,5,5370,,,,26,23512,,,,,,,,,,,,,,,,,,,,,,,,,,,,,,,,,,,,,,
173713,2-Aug-18,2:18:00,2018-08-02 02:18:00,G,1,147,2906,1484,0,6,-62.7859,-61.0092,20:25.4,FastGPS,-62.7859,-61.0092,,1,3.4,-1.6,,,,15,29,26608,,,,31,16356,,,,5,14108,,,,25,16017,,,,4,17438,,,,2,16290,,,,,,,,,,,,,,,,,,,,,,,,,,,,,,,,,,,,,,,,,,,,,,,,
173713,2-Aug-18,2:48:57,2018-08-02 02:48:57,G,2,147,2907,1484,0,8,-62.8049,-60.9891,51:22.4,FastGPS,-62.8049,-60.9891,,1,6.9,-1.6,,,,15,29,30483,,,,31,6709,,,,4,351,,,,2,21352,,,,5,18831,,,,25,7683,,,,21,23371,,,,26,30249,,,,,,,,,,,,,,,,,,,,,,,,,,,,,,,,,,,,,,
173713,2-Aug-18,3:51:29,2018-08-02 03:51:29,G,1,147,2909,1484,0,6,-62.849,-60.9734,53:55.9,FastGPS,-62.849,-60.9734,,1,1.5,-0.1,,,,15,21,31596,,,,26,18119,,,,29,5965,,,,4,29458,,,,5,11743,,,,16,23735,,,,,,,,,,,,,,,,,,,,,,,,,,,,,,,,,,,,,,,,,,,,,,,,
173713,2-Aug-18,4:22:45,2018-08-02 04:22:45,G,1,147,2910,1484,0,6,-62.8662,-60.9581,25:10.5,FastGPS,-62.8662,-60.9581,,1,2.1,-1.5,,,,15,26,4061,,,,5,18307,,,,21,1007,,,,16,6540,,,,4,21018,,,,29,7593,,,,,,,,,,,,,,,,,,,,,,,,,,,,,,,,,,,,,,,,,,,,,,,,
173713,2-Aug-18,5:13:15,2018-08-02 05:13:15,G,1,147,2911,,0,9,-62.8634,-60.9631,15:40.9,FastGPS,-62.8634,-60.9631,,1,5.7,-1.1,,,,15,15,5994,,,,29,22208,,,,16,28194,,,,21,17223,,,,4,19516,,,,27,21451,,,,13,30949,,,,26,2849,,,,5,836,,,,,,,,,,,,,,,,,,,,,,,,,,,,,,,,,
173713,2-Aug-18,5:43:17,2018-08-02 05:43:17,G,2,147,2912,,0,9,-62.8761,-60.9295,45:42.9,FastGPS,-62.8761,-60.9295,,,14.4,-1.1,,,,15,20,15792,,,,16,32243,,,,10,23018,,,,26,32414,,,,27,5036,,,,21,3085,,,,8,13152,,,,7,17992,,,,30,25172,,,,,,,,,,,,,,,,,,,,,,,,,,,,,,,,,
173713,2-Aug-18,6:49:58,2018-08-02 06:49:58,G,1,147,2914,1485,0,6,-62.8925,-61.0125,52:23.5,FastGPS,-62.8925,-61.0125,,,4.7,-1.5,,,,15,27,4964,,,,8,9303,,,,10,31807,,,,18,4769,,,,16,29296,,,,21,21650,,,,,,,,,,,,,,,,,,,,,,,,,,,,,,,,,,,,,,,,,,,,,,,,
173713,2-Aug-18,7:20:00,2018-08-02 07:20:00,G,2,147,2915,,0,9,-62.9138,-61.0251,22:25.4,FastGPS,-62.9138,-61.0251,,,14.7,-1.6,,,,15,15,4726,,,,27,8035,,,,10,8418,,,,8,5268,,,,13,19614,,,,20,11381,,,,28,19563,,,,30,10441,,,,18,24415,,,,,,,,,,,,,,,,,,,,,,,,,,,,,,,,,
173713,2-Aug-18,8:07:06,2018-08-02 08:07:06,G,1,147,2916,,0,9,-62.942,-61.0199,09:32.4,FastGPS,-62.942,-61.0199,,,9.6,-0.6,,,,15,18,30545,,,,10,30643,,,,8,23414,,,,20,21897,,,,32,17346,,,,11,4378,,,,24,3069,,,,27,19245,,,,15,10682,,,,,,,,,,,,,,,,,,,,,,,,,,,,,,,,,
173713,2-Aug-18,8:40:05,2018-08-02 08:40:05,G,1,147,2917,,0,9,-62.9602,-60.986,42:31.9,FastGPS,-62.9602,-60.986,,,3.4,-0.1,,,,15,18,23528,,,,8,2848,,,,10,85,,,,32,1198,,,,11,32314,,,,20,2818,,,,1,25155,,,,28,22142,,,,27,21058,,,,,,,,,,,,,,,,,,,,,,,,,,,,,,,,,
173713,2-Aug-18,9:12:03,2018-08-02 09:12:03,G,1,147,2918,,0,9,-62.9479,-61.0256,14:28.9,FastGPS,-62.9479,-61.0256,,,10.3,-1.1,,,,15,10,24022,,,,32,24853,,,,8,26531,,,,14,21384,,,,22,1480,,,,1,2849,,,,20,26874,,,,11,15013,,,,27,28768,,,,,,,,,,,,,,,,,,,,,,,,,,,,,,,,,
173713,2-Aug-18,9:44:50,2018-08-02 09:44:50,G,1,147,2919,,0,9,-62.9283,-61.0536,47:15.4,FastGPS,-62.9283,-61.0536,,,8.7,-1.5,,,,15,32,19244,,,,22,19584,,,,14,6270,,,,11,14828,,,,1,8656,,,,8,4416,,,,18,2747,,,,3,21405,,,,10,10547,,,,,,,,,,,,,,,,,,,,,,,,,,,,,,,,,
173713,2-Aug-18,10:23:06,2018-08-02 10:23:06,G,1,147,2920,1486,0,8,-62.926,-61.0809,25:31.5,FastGPS,-62.926,-61.0809,,,7.1,-1.5,,,,15,32,4216,,,,14,29068,,,,18,5436,,,,31,21031,,,,22,11864,,,,1,610,,,,17,23507,,,,3,24402,,,,,,,,,,,,,,,,,,,,,,,,,,,,,,,,,,,,,,
173713,2-Aug-18,13:46:04,2018-08-02 13:46:04,G,2,147,2926,,0,9,-62.8301,-61.2779,48:29.4,FastGPS,-62.8301,-61.2779,,1,8.8,-1.6,,,,15,23,12925,,,,3,108,,,,26,31149,,,,4,20515,,,,31,4429,,,,9,26973,,,,6,17959,,,,16,29015,,,,22,21365,,,,,,,,,,,,,,,,,,,,,,,,,,,,,,,,,
173713,2-Aug-18,14:17:28,2018-08-02 14:17:28,G,2,147,2927,,0,9,-62.8254,-61.2552,19:53.4,FastGPS,-62.8254,-61.2552,,1,10.1,-1.5,,,,15,23,31337,,,,9,14348,,,,6,23274,,,,7,15554,,,,26,28856,,,,29,17586,,,,4,25535,,,,16,30937,,,,3,27380,,,,,,,,,,,,,,,,,,,,,,,,,,,,,,,,,
173713,2-Aug-18,14:47:00,2018-08-02 14:47:00,G,1,147,2928,1486,0,7,-62.8278,-61.2762,49:25.9,FastGPS,-62.8278,-61.2762,,1,10.2,-1.1,,,,15,23,21869,,,,7,23391,,,,16,1346,,,,6,30676,,,,9,2302,,,,3,19483,,,,4,25146,,,,,,,,,,,,,,,,,,,,,,,,,,,,,,,,,,,,,,,,,,,
173713,2-Aug-18,16:50:27,2018-08-02 16:50:27,G,1,147,2931,1487,0,7,-62.777,-61.256,52:52.4,FastGPS,-62.777,-61.256,,,11.6,-1.6,,,,15,5,27964,,,,7,13723,,,,9,10198,,,,30,14811,,,,8,18573,,,,27,21875,,,,13,13280,,,,,,,,,,,,,,,,,,,,,,,,,,,,,,,,,,,,,,,,,,,
173713,2-Aug-18,17:39:37,2018-08-02 17:39:37,G,3,147,2932,1488,0,6,-62.7689,-61.2106,42:02.9,FastGPS,-62.7689,-61.2106,,,6.3,-1.1,,,,15,30,31905,,,,7,9006,,,,27,23504,,,,28,20488,,,,5,16598,,,,9,18598,,,,,,,,,,,,,,,,,,,,,,,,,,,,,,,,,,,,,,,,,,,,,,,,
173713,2-Aug-18,19:55:13,2018-08-02 19:55:13,G,2,147,2935,1488,0,8,-62.7372,-61.2243,57:38.9,FastGPS,-62.7372,-61.2243,,,7.5,-1,,,,15,13,8375,,,,15,12639,,,,28,200,,,,17,5170,,,,11,19033,,,,18,6961,,,,24,30768,,,,20,18653,,,,,,,,,,,,,,,,,,,,,,,,,,,,,,,,,,,,,,
173713,2-Aug-18,20:36:04,2018-08-02 20:36:04,G,2,147,2936,1488,0,4,-62.8,-61.57,8/3/2018 19:24,P,-62.7372,-61.2244,,,1.9,-1.5,,,,15,15,11193,,,,17,10110,,,,13,21958,,,,28,32548,,,,,,,,,,,,,,,,,,,,,,,,,,,,,,,,,,,,,,,,,,,,,,,,,,,,,,,,,,
173713,2-Aug-18,21:06:01,2018-08-02 21:06:01,G,1,147,2937,,0,9,-62.7379,-61.2242,08:26.9,FastGPS,-62.7379,-61.2242,,,11.3,-1.1,,,,15,15,9397,,,,17,5408,,,,12,13920,,,,24,10659,,,,1,1955,,,,18,16592,,,,11,20167,,,,19,14622,,,,10,32325,,,,,,,,,,,,,,,,,,,,,,,,,,,,,,,,,
173713,2-Aug-18,21:37:00,2018-08-02 21:37:00,G,1,147,2938,1488,0,7,-62.7385,-61.2178,39:25.5,FastGPS,-62.7385,-61.2178,,,4.1,-1.5,,,,15,24,28735,,,,17,18793,,,,19,26005,,,,32,30944,,,,12,2591,,,,10,28187,,,,1,23897,,,,,,,,,,,,,,,,,,,,,,,,,,,,,,,,,,,,,,,,,,,
173713,2-Aug-18,22:12:19,2018-08-02 22:12:19,G,2,147,2939,1488,0,6,-62.7511,-61.1814,14:44.9,FastGPS,-62.7511,-61.1814,,,7.7,-1,,,,15,12,3461,,,,24,24761,,,,32,22801,,,,19,18154,,,,17,20647,,,,15,4360,,,,,,,,,,,,,,,,,,,,,,,,,,,,,,,,,,,,,,,,,,,,,,,,
173713,3-Aug-18,2:06:00,2018-08-03 02:06:00,G,2,147,2944,1489,0,8,-62.8952,-61.3078,08:25.4,FastGPS,-62.8952,-61.3078,,1,5,-1.6,,,,15,31,22074,,,,23,19372,,,,29,12371,,,,4,19170,,,,26,20054,,,,25,29628,,,,2,2809,,,,9,4529,,,,,,,,,,,,,,,,,,,,,,,,,,,,,,,,,,,,,,
173713,3-Aug-18,3:37:22,2018-08-03 03:37:22,G,1,147,2946,1491,0,6,-62.9137,-61.2835,39:48.0,FastGPS,-62.9137,-61.2835,,1,3.8,-1,,,,15,26,14600,,,,21,25621,,,,4,2028,,,,16,25741,,,,29,31233,,,,5,22058,,,,,,,,,,,,,,,,,,,,,,,,,,,,,,,,,,,,,,,,,,,,,,,,
173713,3-Aug-18,5:28:00,2018-08-03 05:28:00,G,2,147,2948,,0,9,-62.9952,-61.3088,30:25.9,FastGPS,-62.9952,-61.3088,,1,8.2,-1.1,,,,15,7,10336,,,,16,3086,,,,27,19544,,,,20,30509,,,,21,32693,,,,30,20990,,,,4,2577,,,,15,26338,,,,13,24817,,,,,,,,,,,,,,,,,,,,,,,,,,,,,,,,,
173713,3-Aug-18,5:58:59,2018-08-03 05:58:59,G,1,147,2949,,0,9,-63.0108,-61.3135,01:24.4,FastGPS,-63.0108,-61.3135,,,8.1,-1.6,,,,15,7,10471,,,,27,10292,,,,16,711,,,,30,2616,,,,10,30380,,,,21,11170,,,,20,11261,,,,8,25900,,,,13,11881,,,,,,,,,,,,,,,,,,,,,,,,,,,,,,,,,
173713,3-Aug-18,7:14:00,2018-08-03 07:14:00,G,1,147,2951,1495,0,5,-63.0338,-61.3919,16:26.9,FastGPS,-63.0338,-61.3919,,,1.4,-0.1,,,,15,15,16528,,,,27,19165,,,,10,14366,,,,20,22106,,,,8,12177,,,,,,,,,,,,,,,,,,,,,,,,,,,,,,,,,,,,,,,,,,,,,,,,,,,,,
173713,3-Aug-18,8:33:25,2018-08-03 08:33:25,G,1,147,2953,,0,9,-63.0311,-61.4396,35:51.4,FastGPS,-63.0311,-61.4396,,,7.7,-0.6,,,,15,10,2479,,,,32,22196,,,,20,8095,,,,27,29033,,,,8,6774,,,,18,16390,,,,11,25460,,,,22,8530,,,,1,14307,,,,,,,,,,,,,,,,,,,,,,,,,,,,,,,,,
173713,3-Aug-18,9:18:27,2018-08-03 09:18:27,G,1,147,2954,,0,9,-63.0325,-61.4118,20:53.0,FastGPS,-63.0325,-61.4118,,,6.7,-1,,,,15,1,1849,,,,11,24163,,,,18,12507,,,,10,14785,,,,28,16512,,,,22,13118,,,,32,31449,,,,17,15831,,,,24,22531,,,,,,,,,,,,,,,,,,,,,,,,,,,,,,,,,
173713,3-Aug-18,11:13:35,2018-08-03 11:13:35,G,2,147,2956,,0,9,-63.0036,-61.2708,16:00.9,FastGPS,-63.0036,-61.2708,,,8.1,-1.1,,,,15,14,5683,,,,18,31061,,,,22,23734,,,,17,6276,,,,11,19708,,,,19,11272,,,,1,31785,,,,3,4834,,,,31,1713,,,,,,,,,,,,,,,,,,,,,,,,,,,,,,,,,
173713,3-Aug-18,11:43:00,2018-08-03 11:43:00,G,2,147,2957,,0,9,-62.9876,-61.2472,45:25.9,FastGPS,-62.9876,-61.2472,,,3.1,-1.1,,,,15,31,28928,,,,14,10192,,,,25,21664,,,,32,4898,,,,1,15641,,,,12,18168,,,,11,8067,,,,3,16746,,,,22,2696,,,,,,,,,,,,,,,,,,,,,,,,,,,,,,,,,
173713,3-Aug-18,15:56:48,2018-08-03 15:56:48,G,2,147,2964,1498,0,7,-62.8578,-61.3477,59:13.5,FastGPS,-62.8578,-61.3477,,,5.2,-1.5,,,,15,7,17704,,,,9,30895,,,,5,30291,,,,16,24863,,,,23,21230,,,,30,11628,,,,2,8144,,,,,,,,,,,,,,,,,,,,,,,,,,,,,,,,,,,,,,,,,,,
173713,3-Aug-18,19:48:43,2018-08-03 19:48:43,G,1,147,2970,1501,0,4,-62.727,-61.345,8/4/2018 15:25,A,-62.8015,-61.5016,,,0.2,-1.7,,,,15,28,20055,,,,13,30281,,,,15,28156,,,,11,688,,,,,,,,,,,,,,,,,,,,,,,,,,,,,,,,,,,,,,,,,,,,,,,,,,,,,,,,,,
173713,3-Aug-18,21:11:29,2018-08-03 21:11:29,G,1,147,2972,1502,0,7,-62.7959,-61.5423,13:54.9,FastGPS,-62.7959,-61.5423,,,10.7,-1,,,,15,17,22842,,,,24,7046,,,,19,16840,,,,15,22823,,,,28,29579,,,,12,29897,,,,1,11572,,,,,,,,,,,,,,,,,,,,,,,,,,,,,,,,,,,,,,,,,,,
173713,3-Aug-18,21:42:24,2018-08-03 21:42:24,G,2,147,2973,1502,0,7,-62.7865,-61.5687,44:49.5,FastGPS,-62.7865,-61.5687,,,3.6,-1.5,,,,15,17,9746,,,,19,6976,,,,24,3583,,,,15,31213,,,,10,445,,,,12,3623,,,,28,27028,,,,,,,,,,,,,,,,,,,,,,,,,,,,,,,,,,,,,,,,,,,
173713,4-Aug-18,1:55:00,2018-08-04 01:55:00,G,1,147,2978,1506,0,8,-62.6811,-61.6324,57:26.4,FastGPS,-62.6811,-61.6324,,1,5.3,-0.6,,,,15,2,26858,,,,31,3088,,,,29,9801,,,,25,19697,,,,5,28487,,,,12,298,,,,4,841,,,,23,24443,,,,,,,,,,,,,,,,,,,,,,,,,,,,,,,,,,,,,,
173713,4-Aug-18,2:30:17,2018-08-04 02:30:17,G,2,147,2979,1506,0,8,-62.6641,-61.6204,32:44.0,FastGPS,-62.6641,-61.6204,,1,2.8,0,,,,15,29,29031,,,,23,17605,,,,4,6288,,,,25,9425,,,,9,7306,,,,16,11299,,,,31,2874,,,,26,27773,,,,,,,,,,,,,,,,,,,,,,,,,,,,,,,,,,,,,,
173713,4-Aug-18,3:01:36,2018-08-04 03:01:36,G,1,147,2980,,0,9,-62.6526,-61.5875,04:02.5,FastGPS,-62.6526,-61.5875,,1,8.3,-0.5,,,,15,5,26339,,,,26,5903,,,,4,23021,,,,2,4347,,,,29,29764,,,,16,6971,,,,9,26842,,,,23,26518,,,,25,5195,,,,,,,,,,,,,,,,,,,,,,,,,,,,,,,,,
173713,4-Aug-18,3:49:08,2018-08-04 03:49:08,G,2,147,2981,1507,0,6,-62.6416,-61.5263,51:34.5,FastGPS,-62.6416,-61.5263,,1,2.2,-0.5,,,,15,16,10308,,,,29,21595,,,,26,21481,,,,4,27520,,,,21,23351,,,,5,1134,,,,,,,,,,,,,,,,,,,,,,,,,,,,,,,,,,,,,,,,,,,,,,,,
173713,4-Aug-18,4:50:03,2018-08-04 04:50:03,G,2,147,2982,1509,0,8,-62.6398,-61.4493,52:29.4,FastGPS,-62.6398,-61.4493,,,10.7,-0.6,,,,15,15,21858,,,,5,29126,,,,7,2453,,,,16,7536,,,,29,26828,,,,21,20325,,,,27,2966,,,,13,30677,,,,,,,,,,,,,,,,,,,,,,,,,,,,,,,,,,,,,,
173713,4-Aug-18,5:23:31,2018-08-04 05:23:31,G,3,147,2983,,0,9,-62.6442,-61.4015,25:58.0,FastGPS,-62.6442,-61.4015,,,7.5,0,,,,15,7,17048,,,,15,1797,,,,27,27596,,,,13,31301,,,,20,9252,,,,21,10604,,,,29,9797,,,,30,25748,,,,16,15412,,,,,,,,,,,,,,,,,,,,,,,,,,,,,,,,,
173713,4-Aug-18,5:54:31,2018-08-04 05:54:31,G,2,147,2984,,0,9,-62.6438,-61.3731,56:58.0,FastGPS,-62.6438,-61.3731,,,8.9,0,,,,15,15,32063,,,,7,4205,,,,27,5404,,,,20,8698,,,,13,4557,,,,21,8333,,,,30,26928,,,,8,19057,,,,10,28534,,,,,,,,,,,,,,,,,,,,,,,,,,,,,,,,,
173713,4-Aug-18,8:09:01,2018-08-04 08:09:01,G,2,147,2988,,0,9,-62.6462,-61.201,11:27.9,FastGPS,-62.6462,-61.201,,,11.3,0,,,,15,20,30971,,,,1,5590,,,,32,4738,,,,15,17267,,,,27,30558,,,,24,2513,,,,10,26842,,,,11,15366,,,,18,8548,,,,,,,,,,,,,,,,,,,,,,,,,,,,,,,,,
173713,4-Aug-18,9:15:05,2018-08-04 09:15:05,G,2,147,2989,,0,9,-62.6462,-61.191,17:31.5,FastGPS,-62.6462,-61.191,,,10.5,-0.5,,,,15,32,17994,,,,10,29585,,,,14,13105,,,,18,30764,,,,1,19848,,,,11,9246,,,,28,29047,,,,22,1138,,,,3,21686,,,,,,,,,,,,,,,,,,,,,,,,,,,,,,,,,
173713,4-Aug-18,10:02:14,2018-08-04 10:02:14,G,1,147,2990,,0,9,-62.6431,-61.1763,04:40.5,FastGPS,-62.6431,-61.1763,,,7.2,-0.5,,,,15,32,12629,,,,1,7761,,,,14,6000,,,,10,20998,,,,3,24544,,,,12,20943,,,,22,28583,,,,24,28880,,,,17,6177,,,,,,,,,,,,,,,,,,,,,,,,,,,,,,,,,
173713,4-Aug-18,10:48:48,2018-08-04 10:48:48,G,2,147,2991,,0,9,-62.6596,-61.1617,51:15.0,FastGPS,-62.6596,-61.1617,,,9.6,0,,,,15,18,27771,,,,31,27871,,,,22,5772,,,,1,25698,,,,12,25000,,,,17,2357,,,,11,12828,,,,14,7020,,,,19,17050,,,,,,,,,,,,,,,,,,,,,,,,,,,,,,,,,
173713,4-Aug-18,11:19:02,2018-08-04 11:19:02,G,1,147,2992,,0,9,-62.668,-61.1799,21:28.9,FastGPS,-62.668,-61.1799,,,11.9,0,,,,15,1,32723,,,,3,11608,,,,12,12727,,,,22,10503,,,,14,31758,,,,17,14259,,,,25,31310,,,,32,13832,,,,6,31027,,,,,,,,,,,,,,,,,,,,,,,,,,,,,,,,,
173713,4-Aug-18,16:38:58,2018-08-04 16:38:58,G,1,147,3000,1519,0,6,-62.7342,-61.3758,41:23.5,FastGPS,-62.7342,-61.3758,,,1.9,-1.5,,,,15,30,25740,,,,7,1624,,,,5,11609,,,,9,7444,,,,27,32230,,,,13,17527,,,,,,,,,,,,,,,,,,,,,,,,,,,,,,,,,,,,,,,,,,,,,,,,
173713,4-Aug-18,17:10:04,2018-08-04 17:10:04,G,2,147,3001,1519,0,8,-62.744,-61.4086,12:30.0,FastGPS,-62.744,-61.4086,,,8.2,-1,,,,15,7,29321,,,,8,9126,,,,9,15750,,,,5,15537,,,,13,23314,,,,30,20009,,,,28,8742,,,,27,19320,,,,,,,,,,,,,,,,,,,,,,,,,,,,,,,,,,,,,,
173713,4-Aug-18,17:40:30,2018-08-04 17:40:30,G,2,147,3002,1519,0,6,-62.7393,-61.4329,42:55.5,FastGPS,-62.7393,-61.4329,,,6.5,-1.5,,,,15,5,14324,,,,30,14320,,,,7,29272,,,,13,15567,,,,28,14768,,,,8,32520,,,,,,,,,,,,,,,,,,,,,,,,,,,,,,,,,,,,,,,,,,,,,,,,
173713,4-Aug-18,18:12:35,2018-08-04 18:12:35,G,3,147,3003,1519,0,8,-62.7473,-61.4534,15:00.5,FastGPS,-62.7473,-61.4534,,,7.4,-1.5,,,,15,7,7336,,,,28,12381,,,,27,10311,,,,5,13142,,,,8,25063,,,,15,32125,,,,30,12173,,,,13,28762,,,,,,,,,,,,,,,,,,,,,,,,,,,,,,,,,,,,,,
173713,4-Aug-18,18:42:58,2018-08-04 18:42:58,G,2,147,3004,1519,0,8,-62.7476,-61.4692,45:23.5,FastGPS,-62.7476,-61.4692,,,4.6,-1.5,,,,15,13,24637,,,,28,18577,,,,30,32580,,,,15,2241,,,,7,29638,,,,5,12667,,,,20,29796,,,,8,23707,,,,,,,,,,,,,,,,,,,,,,,,,,,,,,,,,,,,,,
173713,4-Aug-18,19:13:04,2018-08-04 19:13:04,G,1,147,3005,1519,0,6,-62.7442,-61.4888,15:29.4,FastGPS,-62.7442,-61.4888,,,4.6,-1.5,,,,15,13,26325,,,,8,25490,,,,28,22263,,,,20,29529,,,,17,31995,,,,30,7077,,,,,,,,,,,,,,,,,,,,,,,,,,,,,,,,,,,,,,,,,,,,,,,,
173713,4-Aug-18,21:36:22,2018-08-04 21:36:22,G,2,147,3009,1520,0,7,-62.7479,-61.5577,38:47.5,FastGPS,-62.7479,-61.5577,,,16,-1.5,,,,15,17,27941,,,,19,20678,,,,24,18807,,,,15,23395,,,,12,14020,,,,28,20874,,,,1,28949,,,,,,,,,,,,,,,,,,,,,,,,,,,,,,,,,,,,,,,,,,,
173713,4-Aug-18,22:06:09,2018-08-04 22:06:09,G,1,147,3010,1520,0,6,-62.7253,-61.5735,08:36.0,FastGPS,-62.7253,-61.5735,,1,1.4,0,,,,15,17,25011,,,,15,8258,,,,6,5464,,,,12,21971,,,,19,28743,,,,9,18877,,,,,,,,,,,,,,,,,,,,,,,,,,,,,,,,,,,,,,,,,,,,,,,,
173713,4-Aug-18,23:22:00,2018-08-04 23:22:00,G,2,147,3012,1521,0,4,-62.609,-61.202,8/5/2018 6:05,N,-62.6411,-61.5647,,,1.2,-1.6,,,,15,12,6210,,,,6,28424,,,,17,691,,,,2,30652,,,,,,,,,,,,,,,,,,,,,,,,,,,,,,,,,,,,,,,,,,,,,,,,,,,,,,,,,,
173713,4-Aug-18,23:52:45,2018-08-04 23:52:45,G,3,147,3013,,0,9,-62.6045,-61.5518,55:12.0,FastGPS,-62.6045,-61.5518,,,9,0,,,,15,12,26725,,,,24,13329,,,,25,21383,,,,2,31334,,,,31,6183,,,,6,11294,,,,19,23091,,,,3,337,,,,32,5682,,,,,,,,,,,,,,,,,,,,,,,,,,,,,,,,,
173713,5-Aug-18,0:23:09,2018-08-05 00:23:09,G,1,147,3014,1521,0,7,-62.5716,-61.5318,25:35.5,FastGPS,-62.5716,-61.5318,,,6.7,-0.5,,,,15,29,18160,,,,12,21404,,,,6,19904,,,,31,7466,,,,19,13877,,,,24,15954,,,,32,15144,,,,,,,,,,,,,,,,,,,,,,,,,,,,,,,,,,,,,,,,,,,
173713,5-Aug-18,1:24:57,2018-08-05 01:24:57,G,2,147,3016,1521,0,6,-62.5082,-61.4873,27:22.5,FastGPS,-62.5082,-61.4873,,,5.7,-1.5,,,,15,2,189,,,,31,19499,,,,29,8173,,,,12,29780,,,,5,14262,,,,25,15049,,,,,,,,,,,,,,,,,,,,,,,,,,,,,,,,,,,,,,,,,,,,,,,,
173713,5-Aug-18,1:56:58,2018-08-05 01:56:58,G,2,147,3017,1521,0,8,-62.4906,-61.4769,59:24.0,FastGPS,-62.4906,-61.4769,,1,3.4,-1,,,,15,31,22667,,,,29,11012,,,,25,32271,,,,4,13709,,,,2,2220,,,,5,10111,,,,26,13604,,,,23,13764,,,,,,,,,,,,,,,,,,,,,,,,,,,,,,,,,,,,,,
173713,5-Aug-18,2:27:30,2018-08-05 02:27:30,G,3,147,3018,1521,0,7,-62.5126,-61.4133,29:56.0,FastGPS,-62.5126,-61.4133,,1,5.8,-1,,,,15,31,6889,,,,29,4157,,,,4,16112,,,,26,5537,,,,5,3182,,,,2,30069,,,,25,13841,,,,,,,,,,,,,,,,,,,,,,,,,,,,,,,,,,,,,,,,,,,
173713,5-Aug-18,2:58:45,2018-08-05 02:58:45,G,1,147,3019,1521,0,8,-62.5267,-61.3413,01:11.5,FastGPS,-62.5267,-61.3413,,1,8.5,-0.5,,,,15,29,4788,,,,4,32696,,,,5,4149,,,,31,26255,,,,21,2935,,,,26,16263,,,,2,7911,,,,25,10081,,,,,,,,,,,,,,,,,,,,,,,,,,,,,,,,,,,,,,
173713,5-Aug-18,4:15:43,2018-08-05 04:15:43,G,1,147,3021,1522,0,8,-62.5797,-61.2169,18:09.5,FastGPS,-62.5797,-61.2169,,1,10.4,-0.5,,,,15,16,23829,,,,4,19861,,,,5,9549,,,,26,6634,,,,21,22678,,,,29,29029,,,,13,13489,,,,27,14871,,,,,,,,,,,,,,,,,,,,,,,,,,,,,,,,,,,,,,
173713,5-Aug-18,5:05:29,2018-08-05 05:05:29,G,1,147,3022,,0,9,-62.589,-61.2101,07:55.5,FastGPS,-62.589,-61.2101,,1,9.6,-0.5,,,,15,21,23719,,,,20,31762,,,,13,11798,,,,27,12870,,,,26,30678,,,,16,1085,,,,4,12767,,,,29,10087,,,,10,26464,,,,,,,,,,,,,,,,,,,,,,,,,,,,,,,,,
173713,5-Aug-18,7:36:39,2018-08-05 07:36:39,G,1,147,3026,1525,0,6,-62.6377,-61.1538,39:06.0,FastGPS,-62.6377,-61.1538,,,4.4,0,,,,15,15,32331,,,,10,14082,,,,20,9637,,,,8,30644,,,,28,17160,,,,18,3024,,,,,,,,,,,,,,,,,,,,,,,,,,,,,,,,,,,,,,,,,,,,,,,,
173713,5-Aug-18,8:37:18,2018-08-05 08:37:18,G,1,147,3027,,0,9,-62.6441,-61.1596,39:44.9,FastGPS,-62.6441,-61.1596,,,8.5,0,,,,15,32,7225,,,,10,18762,,,,22,18043,,,,14,17817,,,,8,25954,,,,20,9143,,,,1,10065,,,,11,1145,,,,18,24673,,,,,,,,,,,,,,,,,,,,,,,,,,,,,,,,,
173713,5-Aug-18,9:07:01,2018-08-05 09:07:01,G,2,147,3028,,0,9,-62.6607,-61.1641,09:28.0,FastGPS,-62.6607,-61.1641,,,3.6,0,,,,15,11,2579,,,,18,24307,,,,32,11909,,,,1,4679,,,,14,29218,,,,17,10662,,,,10,8466,,,,22,13199,,,,8,13290,,,,,,,,,,,,,,,,,,,,,,,,,,,,,,,,,
173713,5-Aug-18,10:08:05,2018-08-05 10:08:05,G,1,147,3030,,0,9,-62.6866,-61.1791,10:31.4,FastGPS,-62.6866,-61.1791,,,10.7,-0.5,,,,15,18,8162,,,,11,22374,,,,32,6358,,,,1,29296,,,,22,2361,,,,14,25285,,,,12,1043,,,,3,11428,,,,17,13253,,,,,,,,,,,,,,,,,,,,,,,,,,,,,,,,,
173713,5-Aug-18,10:38:01,2018-08-05 10:38:01,G,2,147,3031,,0,9,-62.6947,-61.1359,40:27.5,FastGPS,-62.6947,-61.1359,,,7.5,-0.5,,,,15,32,12100,,,,1,16968,,,,17,17000,,,,11,15588,,,,14,1723,,,,22,15974,,,,18,31445,,,,3,7533,,,,31,21351,,,,,,,,,,,,,,,,,,,,,,,,,,,,,,,,,
173713,5-Aug-18,11:14:28,2018-08-05 11:14:28,G,1,147,3032,,0,9,-62.7104,-61.1065,16:54.9,FastGPS,-62.7104,-61.1065,,,11.7,0,,,,15,31,77,,,,22,29491,,,,3,29387,,,,18,7158,,,,1,19688,,,,19,29594,,,,14,19536,,,,6,15010,,,,23,29734,,,,,,,,,,,,,,,,,,,,,,,,,,,,,,,,,
173713,5-Aug-18,11:45:30,2018-08-05 11:45:30,G,1,147,3033,,0,9,-62.7158,-61.1323,47:56.5,FastGPS,-62.7158,-61.1323,,,10.5,-0.5,,,,15,31,26134,,,,14,18762,,,,17,6830,,,,22,5342,,,,3,10315,,,,1,31517,,,,25,20191,,,,11,18706,,,,23,17059,,,,,,,,,,,,,,,,,,,,,,,,,,,,,,,,,
173713,5-Aug-18,13:09:17,2018-08-05 13:09:17,G,1,147,3035,1526,0,8,-62.7191,-61.2085,11:43.5,FastGPS,-62.7191,-61.2085,,,14.8,-0.5,,,,15,23,8965,,,,22,3037,,,,3,14288,,,,26,337,,,,6,19184,,,,16,25275,,,,31,23856,,,,9,19194,,,,,,,,,,,,,,,,,,,,,,,,,,,,,,,,,,,,,,
173713,5-Aug-18,14:44:55,2018-08-05 14:44:55,G,3,147,3038,,0,9,-62.706,-61.3368,47:20.5,FastGPS,-62.706,-61.3368,,,4.7,-1.5,,,,15,2,8442,,,,7,16610,,,,5,8891,,,,23,4284,,,,9,15565,,,,3,18137,,,,29,17647,,,,16,29877,,,,30,6498,,,,,,,,,,,,,,,,,,,,,,,,,,,,,,,,,
173713,5-Aug-18,15:15:00,2018-08-05 15:15:00,G,1,147,3039,1526,0,8,-62.7167,-61.3616,17:26.5,FastGPS,-62.7167,-61.3616,,1,6.9,-0.5,,,,15,7,19504,,,,5,28080,,,,9,14775,,,,29,7935,,,,23,16687,,,,30,12455,,,,4,25576,,,,16,5925,,,,,,,,,,,,,,,,,,,,,,,,,,,,,,,,,,,,,,
173713,5-Aug-18,15:48:09,2018-08-05 15:48:09,G,1,147,3040,1526,0,5,-62.7254,-61.3763,50:36.0,FastGPS,-62.7254,-61.3763,,,2,0,,,,15,7,403,,,,5,10740,,,,9,14624,,,,2,26304,,,,30,26159,,,,,,,,,,,,,,,,,,,,,,,,,,,,,,,,,,,,,,,,,,,,,,,,,,,,,
173713,5-Aug-18,16:18:46,2018-08-05 16:18:46,G,1,147,3041,1526,0,5,-62.7359,-61.3938,21:11.5,FastGPS,-62.7359,-61.3938,,,3.3,-1.5,,,,15,7,10626,,,,5,30177,,,,30,19279,,,,9,4409,,,,16,16585,,,,,,,,,,,,,,,,,,,,,,,,,,,,,,,,,,,,,,,,,,,,,,,,,,,,,
173713,5-Aug-18,16:49:08,2018-08-05 16:49:08,G,1,147,3042,1526,0,8,-62.7458,-61.4218,51:35.0,FastGPS,-62.7458,-61.4218,,,15.5,0,,,,15,7,5627,,,,5,3012,,,,30,8753,,,,13,225,,,,27,12533,,,,16,24159,,,,9,1511,,,,28,27523,,,,,,,,,,,,,,,,,,,,,,,,,,,,,,,,,,,,,,
173713,5-Aug-18,17:20:42,2018-08-05 17:20:42,G,2,147,3043,1526,0,8,-62.7478,-61.4498,23:09.0,FastGPS,-62.7478,-61.4498,,,14.1,0,,,,15,30,13740,,,,5,13112,,,,7,9920,,,,13,28930,,,,21,3544,,,,28,3385,,,,9,30365,,,,15,23005,,,,,,,,,,,,,,,,,,,,,,,,,,,,,,,,,,,,,,
173713,5-Aug-18,17:53:17,2018-08-05 17:53:17,G,2,147,3044,1526,0,7,-62.7455,-61.4912,55:43.5,FastGPS,-62.7455,-61.4912,,,3,-0.5,,,,15,7,29192,,,,30,28648,,,,13,23644,,,,28,16334,,,,8,14187,,,,5,27319,,,,15,30137,,,,,,,,,,,,,,,,,,,,,,,,,,,,,,,,,,,,,,,,,,,
173713,5-Aug-18,20:06:00,2018-08-05 20:06:00,G,3,147,3046,1529,0,8,-62.7343,-61.4697,08:26.5,FastGPS,-62.7343,-61.4697,,,12.4,-0.5,,,,15,15,84,,,,17,19904,,,,18,15954,,,,24,8180,,,,11,2388,,,,13,25479,,,,28,28849,,,,20,17987,,,,,,,,,,,,,,,,,,,,,,,,,,,,,,,,,,,,,,
173713,5-Aug-18,20:55:00,2018-08-05 20:55:00,G,2,147,3047,1530,0,8,-62.7322,-61.4163,57:26.5,FastGPS,-62.7322,-61.4163,,,8.1,-0.5,,,,15,17,309,,,,24,7988,,,,10,24732,,,,15,663,,,,28,22011,,,,12,15248,,,,1,28045,,,,19,11451,,,,,,,,,,,,,,,,,,,,,,,,,,,,,,,,,,,,,,
173713,5-Aug-18,21:25:59,2018-08-05 21:25:59,G,2,147,3048,1530,0,6,-62.7213,-61.4111,28:25.9,FastGPS,-62.7213,-61.4111,,,12.2,0,,,,15,17,19256,,,,12,11251,,,,24,32443,,,,19,29710,,,,32,4730,,,,6,20007,,,,,,,,,,,,,,,,,,,,,,,,,,,,,,,,,,,,,,,,,,,,,,,,
173713,5-Aug-18,22:00:09,2018-08-05 22:00:09,G,1,147,3049,1530,0,5,-62.6978,-61.4153,02:35.5,FastGPS,-62.6978,-61.4153,,,4.6,-0.5,,,,15,17,23756,,,,24,29981,,,,12,10558,,,,15,10926,,,,19,22624,,,,,,,,,,,,,,,,,,,,,,,,,,,,,,,,,,,,,,,,,,,,,,,,,,,,,
173713,5-Aug-18,22:31:43,2018-08-05 22:31:43,G,2,147,3050,1530,0,7,-62.673,-61.4198,34:10.0,FastGPS,-62.673,-61.4198,,,6.6,0,,,,15,17,12466,,,,12,3596,,,,19,28645,,,,6,30397,,,,24,11181,,,,32,30722,,,,22,14621,,,,,,,,,,,,,,,,,,,,,,,,,,,,,,,,,,,,,,,,,,,
173713,5-Aug-18,23:07:15,2018-08-05 23:07:15,G,2,147,3051,1530,0,6,-62.6448,-61.4196,09:41.5,FastGPS,-62.6448,-61.4196,,,6.6,-0.5,,,,15,12,7404,,,,19,24154,,,,17,22827,,,,6,17667,,,,2,17161,,,,24,12039,,,,,,,,,,,,,,,,,,,,,,,,,,,,,,,,,,,,,,,,,,,,,,,,
173713,6-Aug-18,0:00:22,2018-08-06 00:00:22,G,3,147,3052,,0,9,-62.6169,-61.3972,02:49.0,FastGPS,-62.6169,-61.3972,,,5.1,0,,,,15,2,4162,,,,12,10032,,,,6,2227,,,,31,20703,,,,19,11234,,,,25,14099,,,,24,24460,,,,3,17033,,,,32,766,,,,,,,,,,,,,,,,,,,,,,,,,,,,,,,,,
173713,6-Aug-18,0:31:52,2018-08-06 00:31:52,G,2,147,3053,1530,0,8,-62.5941,-61.3584,34:19.0,FastGPS,-62.5941,-61.3584,,,9.5,0,,,,15,25,15990,,,,2,30374,,,,6,29549,,,,12,27951,,,,19,31379,,,,29,9384,,,,31,20969,,,,24,24029,,,,,,,,,,,,,,,,,,,,,,,,,,,,,,,,,,,,,,
173713,6-Aug-18,1:37:42,2018-08-06 01:37:42,G,1,147,3054,,0,9,-62.5745,-61.246,40:08.5,FastGPS,-62.5745,-61.246,,1,7.8,-0.5,,,,15,31,14989,,,,4,6303,,,,29,3507,,,,5,7052,,,,25,15189,,,,26,29796,,,,12,17767,,,,23,29769,,,,2,28003,,,,,,,,,,,,,,,,,,,,,,,,,,,,,,,,,
173713,6-Aug-18,5:17:45,2018-08-06 05:17:45,G,1,147,3058,1532,0,8,-62.5763,-61.1876,20:12.0,FastGPS,-62.5763,-61.1876,,1,6.9,0,,,,15,21,17927,,,,15,19291,,,,20,27018,,,,27,11330,,,,4,18246,,,,13,11539,,,,10,17374,,,,26,9909,,,,,,,,,,,,,,,,,,,,,,,,,,,,,,,,,,,,,,
173713,6-Aug-18,5:51:21,2018-08-06 05:51:21,G,2,147,3059,,0,9,-62.5792,-61.1505,53:47.0,FastGPS,-62.5792,-61.1505,,,11.7,-1,,,,15,27,18074,,,,21,31195,,,,10,19846,,,,15,11270,,,,8,9981,,,,13,5526,,,,30,31542,,,,16,20799,,,,26,13061,,,,,,,,,,,,,,,,,,,,,,,,,,,,,,,,,
173713,6-Aug-18,6:44:19,2018-08-06 06:44:19,G,4,147,3060,,0,9,-62.5979,-61.1,46:44.5,FastGPS,-62.5979,-61.1,,,9.6,-1.5,,,,15,8,27573,,,,27,25093,,,,18,7907,,,,21,29358,,,,10,12212,,,,11,10471,,,,20,532,,,,13,8408,,,,15,25625,,,,,,,,,,,,,,,,,,,,,,,,,,,,,,,,,
173713,6-Aug-18,7:14:41,2018-08-06 07:14:41,G,2,147,3061,1533,0,8,-62.6088,-61.0667,17:07.0,FastGPS,-62.6088,-61.0667,,,10.3,-1,,,,15,10,17810,,,,15,15019,,,,27,25015,,,,8,21809,,,,18,4442,,,,20,23457,,,,21,21720,,,,24,24589,,,,,,,,,,,,,,,,,,,,,,,,,,,,,,,,,,,,,,
173713,6-Aug-18,7:45:31,2018-08-06 07:45:31,G,1,147,3062,,0,9,-62.6114,-61.0309,47:58.0,FastGPS,-62.6114,-61.0309,,,9.1,0,,,,15,10,26524,,,,8,17655,,,,18,3776,,,,11,9308,,,,32,21156,,,,15,15687,,,,27,29578,,,,20,27098,,,,24,10142,,,,,,,,,,,,,,,,,,,,,,,,,,,,,,,,,
173713,6-Aug-18,8:49:07,2018-08-06 08:49:07,G,2,147,3063,,0,9,-62.6073,-60.9659,51:32.5,FastGPS,-62.6073,-60.9659,,,10.4,-1.5,,,,15,1,1725,,,,11,28401,,,,18,18405,,,,28,7855,,,,32,6282,,,,10,2456,,,,14,21275,,,,24,20007,,,,8,8562,,,,,,,,,,,,,,,,,,,,,,,,,,,,,,,,,
173713,6-Aug-18,11:59:28,2018-08-06 11:59:28,G,3,147,3064,1535,0,6,-62.5914,-60.9553,01:55.0,FastGPS,-62.5914,-60.9553,,,5.1,0,,,,15,31,27351,,,,23,16010,,,,1,22052,,,,14,3079,,,,3,8133,,,,6,27689,,,,,,,,,,,,,,,,,,,,,,,,,,,,,,,,,,,,,,,,,,,,,,,,
173713,6-Aug-18,13:16:02,2018-08-06 13:16:02,G,1,147,3066,1536,0,8,-62.5747,-60.9113,18:29.0,FastGPS,-62.5747,-60.9113,,1,8,0,,,,15,23,23756,,,,3,25408,,,,9,30550,,,,31,30138,,,,2,12863,,,,4,7946,,,,6,30089,,,,22,32068,,,,,,,,,,,,,,,,,,,,,,,,,,,,,,,,,,,,,,
173713,6-Aug-18,14:28:18,2018-08-06 14:28:18,G,1,147,3068,,0,9,-62.5745,-60.9151,30:45.0,FastGPS,-62.5745,-60.9151,,1,3.7,0,,,,15,7,2563,,,,9,22409,,,,23,18761,,,,2,23955,,,,29,23884,,,,6,26107,,,,4,15491,,,,3,22252,,,,16,18507,,,,,,,,,,,,,,,,,,,,,,,,,,,,,,,,,
173713,6-Aug-18,16:02:55,2018-08-06 16:02:55,G,1,147,3071,1536,0,4,-62.295,-60.243,8/7/2018 10:43,N,-62.5651,-60.9197,,,0.3,0,,,,15,5,32678,,,,7,435,,,,30,7959,,,,16,10007,,,,,,,,,,,,,,,,,,,,,,,,,,,,,,,,,,,,,,,,,,,,,,,,,,,,,,,,,,
173713,6-Aug-18,16:34:27,2018-08-06 16:34:27,G,1,147,3072,1536,0,7,-62.5636,-60.915,36:54.0,FastGPS,-62.5636,-60.915,,,4.4,0,,,,15,7,24850,,,,5,4394,,,,9,20333,,,,30,26655,,,,27,829,,,,8,445,,,,13,23398,,,,,,,,,,,,,,,,,,,,,,,,,,,,,,,,,,,,,,,,,,,
173713,6-Aug-18,17:08:56,2018-08-06 17:08:56,G,1,147,3073,1536,0,7,-62.5638,-60.922,11:23.0,FastGPS,-62.5638,-60.922,,,4.4,0,,,,15,5,9926,,,,30,29854,,,,7,18057,,,,13,18126,,,,27,26653,,,,8,2363,,,,21,16748,,,,,,,,,,,,,,,,,,,,,,,,,,,,,,,,,,,,,,,,,,,
173713,6-Aug-18,17:39:00,2018-08-06 17:39:00,G,1,147,3074,1536,0,8,-62.5619,-60.9197,41:26.5,FastGPS,-62.5619,-60.9197,,,4.3,-0.5,,,,15,28,19123,,,,5,1603,,,,30,16944,,,,7,13745,,,,13,5383,,,,15,26056,,,,21,29195,,,,8,16482,,,,,,,,,,,,,,,,,,,,,,,,,,,,,,,,,,,,,,
173713,6-Aug-18,19:28:00,2018-08-06 19:28:00,G,1,147,3077,,0,9,-62.563,-60.9101,30:26.5,FastGPS,-62.563,-60.9101,,,11.4,-0.5,,,,15,15,4118,,,,28,20459,,,,17,27359,,,,13,3267,,,,30,28107,,,,24,20911,,,,20,19898,,,,18,24127,,,,1,12985,,,,,,,,,,,,,,,,,,,,,,,,,,,,,,,,,
173713,6-Aug-18,20:29:56,2018-08-06 20:29:56,G,1,147,3079,1537,0,7,-62.5567,-60.9087,32:22.0,FastGPS,-62.5567,-60.9087,,,9.5,-1,,,,15,15,22442,,,,17,2519,,,,10,16850,,,,13,9762,,,,24,23629,,,,19,13973,,,,20,15365,,,,,,,,,,,,,,,,,,,,,,,,,,,,,,,,,,,,,,,,,,,
173713,6-Aug-18,23:57:10,2018-08-06 23:57:10,G,1,147,3083,1537,0,7,-62.4769,-60.8469,59:35.5,FastGPS,-62.4769,-60.8469,,,4.9,-1.5,,,,15,6,32027,,,,19,6145,,,,12,6172,,,,2,5540,,,,31,17248,,,,25,11015,,,,32,24210,,,,,,,,,,,,,,,,,,,,,,,,,,,,,,,,,,,,,,,,,,,
173713,7-Aug-18,0:31:42,2018-08-07 00:31:42,G,2,147,3084,1537,0,8,-62.4566,-60.809,8/7/2018 0:34,FastGPS,-62.4566,-60.809,,1,3.3,-1,,,,15,31,24842,,,,12,14497,,,,25,14282,,,,2,391,,,,29,19026,,,,4,2392,,,,19,12130,,,,14,4100,,,,,,,,,,,,,,,,,,,,,,,,,,,,,,,,,,,,,,
173713,7-Aug-18,1:02:48,2018-08-07 01:02:48,G,2,147,3085,1537,0,4,-62.219,-59.961,8/8/2018 0:29,N,-62.4521,-60.7716,,,0.7,-1,,,,15,29,30580,,,,12,15980,,,,2,13538,,,,31,30517,,,,,,,,,,,,,,,,,,,,,,,,,,,,,,,,,,,,,,,,,,,,,,,,,,,,,,,,,,
173713,7-Aug-18,2:05:01,2018-08-07 02:05:01,G,1,147,3086,,0,9,-62.4389,-60.6906,07:26.5,FastGPS,-62.4389,-60.6906,,1,10.4,-1.5,,,,15,29,26489,,,,31,29622,,,,4,31989,,,,5,31000,,,,26,9959,,,,12,26902,,,,23,955,,,,25,22935,,,,2,18012,,,,,,,,,,,,,,,,,,,,,,,,,,,,,,,,,
173713,7-Aug-18,2:38:29,2018-08-07 02:38:29,G,2,147,3087,1539,0,8,-62.4339,-60.6717,40:54.5,FastGPS,-62.4339,-60.6717,,1,10.2,-1.5,,,,15,26,23400,,,,29,25161,,,,4,18503,,,,5,2108,,,,25,3797,,,,2,10242,,,,31,8369,,,,16,3032,,,,,,,,,,,,,,,,,,,,,,,,,,,,,,,,,,,,,,
173713,7-Aug-18,3:08:00,2018-08-07 03:08:00,G,1,147,3088,1539,0,7,-62.4201,-60.6503,10:26.5,FastGPS,-62.4201,-60.6503,,1,3,-0.5,,,,15,26,25272,,,,4,26435,,,,29,23463,,,,16,130,,,,21,31897,,,,5,23815,,,,31,32718,,,,,,,,,,,,,,,,,,,,,,,,,,,,,,,,,,,,,,,,,,,
173713,7-Aug-18,4:40:23,2018-08-07 04:40:23,G,1,147,3091,,0,9,-62.3717,-60.5229,8/7/2018 4:42,FastGPS,-62.3717,-60.5229,,1,16.3,-1,,,,15,5,29029,,,,26,27123,,,,13,16059,,,,15,11924,,,,21,31031,,,,4,19002,,,,29,29344,,,,20,10646,,,,16,13229,,,,,,,,,,,,,,,,,,,,,,,,,,,,,,,,,
173713,7-Aug-18,5:11:03,2018-08-07 05:11:03,G,2,147,3092,,0,9,-62.3568,-60.4665,8/7/2018 5:13,FastGPS,-62.3568,-60.4665,,1,7.9,-1,,,,15,15,26784,,,,16,2196,,,,21,1069,,,,4,9422,,,,10,18045,,,,26,31941,,,,29,4831,,,,20,161,,,,27,10693,,,,,,,,,,,,,,,,,,,,,,,,,,,,,,,,,
173713,7-Aug-18,7:13:08,2018-08-07 07:13:08,G,1,147,3095,1541,0,8,-62.3193,-60.2466,15:35.0,FastGPS,-62.3193,-60.2466,,,4.7,0,,,,15,8,29077,,,,18,17131,,,,10,27474,,,,15,16848,,,,27,28082,,,,11,19869,,,,20,27360,,,,1,28297,,,,,,,,,,,,,,,,,,,,,,,,,,,,,,,,,,,,,,
173713,7-Aug-18,8:45:43,2018-08-07 08:45:43,G,1,147,3098,,0,9,-62.2955,-60.1816,8/7/2018 8:48,FastGPS,-62.2955,-60.1816,,,5.3,,,,,15,18,20063,,,,8,8948,,,,32,12866,,,,11,28992,,,,22,29232,,,,10,4818,,,,14,30430,,,,24,21113,,,,1,2300,,,,,,,,,,,,,,,,,,,,,,,,,,,,,,,,,
173713,7-Aug-18,9:16:28,2018-08-07 09:16:28,G,1,147,3099,,0,9,-62.2948,-60.1655,18:54.5,FastGPS,-62.2948,-60.1655,,,9.6,-0.5,,,,15,1,10540,,,,32,15677,,,,11,4632,,,,22,10496,,,,18,27088,,,,10,3745,,,,14,16272,,,,28,5559,,,,17,11924,,,,,,,,,,,,,,,,,,,,,,,,,,,,,,,,,
173713,7-Aug-18,9:46:18,2018-08-07 09:46:18,G,2,147,3100,,0,9,-62.2845,-60.1284,48:44.5,FastGPS,-62.2845,-60.1284,,,7.3,-0.5,,,,15,1,17709,,,,31,21619,,,,32,5489,,,,14,22499,,,,17,5886,,,,18,31110,,,,22,31304,,,,11,9800,,,,10,25593,,,,,,,,,,,,,,,,,,,,,,,,,,,,,,,,,
173713,7-Aug-18,10:16:25,2018-08-07 10:16:25,G,2,147,3101,,0,9,-62.3004,-60.1063,18:51.5,FastGPS,-62.3004,-60.1063,,,6.4,-0.5,,,,15,3,29671,,,,1,27131,,,,22,30617,,,,18,6394,,,,11,19705,,,,31,12335,,,,17,334,,,,14,21043,,,,12,5821,,,,,,,,,,,,,,,,,,,,,,,,,,,,,,,,,
173713,7-Aug-18,10:51:06,2018-08-07 10:51:06,G,2,147,3102,,0,9,-62.3224,-60.0897,53:32.5,FastGPS,-62.3224,-60.0897,,,8.8,-0.5,,,,15,17,11358,,,,3,28972,,,,22,31656,,,,31,31826,,,,11,19576,,,,1,22322,,,,32,2232,,,,18,1886,,,,19,29722,,,,,,,,,,,,,,,,,,,,,,,,,,,,,,,,,
173713,7-Aug-18,12:09:10,2018-08-07 12:09:10,G,1,147,3103,1543,0,5,-62.3672,-60.0535,11:37.1,FastGPS,-62.3672,-60.0535,,,5.2,0.1,,,,15,31,11022,,,,3,22785,,,,23,15516,,,,22,14568,,,,6,23239,,,,,,,,,,,,,,,,,,,,,,,,,,,,,,,,,,,,,,,,,,,,,,,,,,,,,
173713,7-Aug-18,12:43:50,2018-08-07 12:43:50,G,1,147,3104,,0,9,-62.3754,-60.0713,8/7/2018 12:46,FastGPS,-62.3754,-60.0713,,1,13.2,,,,,15,31,8964,,,,23,22129,,,,4,32515,,,,26,15045,,,,22,16390,,,,3,28978,,,,9,20826,,,,25,30102,,,,6,28901,,,,,,,,,,,,,,,,,,,,,,,,,,,,,,,,,
173713,7-Aug-18,13:45:49,2018-08-07 13:45:49,G,1,147,3106,1543,0,8,-62.3794,-60.0729,48:15.5,FastGPS,-62.3794,-60.0729,,1,4.4,-0.5,,,,15,2,25281,,,,23,887,,,,9,9539,,,,6,23582,,,,16,15236,,,,26,4562,,,,31,24025,,,,4,8397,,,,,,,,,,,,,,,,,,,,,,,,,,,,,,,,,,,,,,
173713,7-Aug-18,14:16:00,2018-08-07 14:16:00,G,1,147,3107,,0,9,-62.3732,-60.0471,18:26.5,FastGPS,-62.3732,-60.0471,,,5,-0.5,,,,15,9,11229,,,,2,14154,,,,7,23336,,,,6,10294,,,,3,25482,,,,23,4023,,,,16,31063,,,,29,10573,,,,26,8415,,,,,,,,,,,,,,,,,,,,,,,,,,,,,,,,,
173713,7-Aug-18,14:46:00,2018-08-07 14:46:00,G,1,147,3108,,0,9,-62.3694,-60.07,48:26.5,FastGPS,-62.3694,-60.07,,1,3.6,-0.5,,,,15,7,32653,,,,9,23640,,,,5,18612,,,,2,31285,,,,23,22272,,,,29,16723,,,,26,13786,,,,4,6399,,,,16,22218,,,,,,,,,,,,,,,,,,,,,,,,,,,,,,,,,
173713,7-Aug-18,15:23:37,2018-08-07 15:23:37,G,1,147,3109,,0,9,-62.3893,-60.0734,26:03.5,FastGPS,-62.3893,-60.0734,,1,6.5,-0.5,,,,15,7,7126,,,,5,22518,,,,9,28287,,,,23,26658,,,,30,27795,,,,4,5260,,,,16,5194,,,,2,19580,,,,26,29309,,,,,,,,,,,,,,,,,,,,,,,,,,,,,,,,,
173713,7-Aug-18,15:57:15,2018-08-07 15:57:15,G,1,147,3110,1543,0,7,-62.3959,-60.0519,59:41.5,FastGPS,-62.3959,-60.0519,,,4.2,-0.5,,,,15,7,7042,,,,5,32059,,,,30,8410,,,,27,25398,,,,9,20999,,,,23,20421,,,,16,22330,,,,,,,,,,,,,,,,,,,,,,,,,,,,,,,,,,,,,,,,,,,
173713,7-Aug-18,16:33:48,2018-08-07 16:33:48,G,2,147,3111,1543,0,5,-62.3883,-60.0662,36:15.0,FastGPS,-62.3883,-60.0662,,,1.8,0,,,,15,7,12787,,,,30,23199,,,,5,24957,,,,9,311,,,,13,23218,,,,,,,,,,,,,,,,,,,,,,,,,,,,,,,,,,,,,,,,,,,,,,,,,,,,,
173713,7-Aug-18,17:05:40,2018-08-07 17:05:40,G,1,147,3112,1543,0,8,-62.379,-60.0588,08:07.0,FastGPS,-62.379,-60.0588,,,7.6,0,,,,15,5,24026,,,,13,2074,,,,30,15930,,,,7,3744,,,,8,26684,,,,9,8599,,,,21,31977,,,,27,13724,,,,,,,,,,,,,,,,,,,,,,,,,,,,,,,,,,,,,,
173713,7-Aug-18,18:57:32,2018-08-07 18:57:32,G,1,147,3115,,0,9,-62.357,-59.944,8/7/2018 18:59,FastGPS,-62.357,-59.944,,,12,,,,,15,8,31022,,,,30,22224,,,,15,5501,,,,13,24014,,,,11,3074,,,,7,12763,,,,28,21185,,,,17,20377,,,,10,13334,,,,,,,,,,,,,,,,,,,,,,,,,,,,,,,,,
173713,7-Aug-18,19:27:00,2018-08-07 19:27:00,G,1,147,3116,,0,9,-62.3499,-59.9054,29:26.5,FastGPS,-62.3499,-59.9054,,,9,-0.5,,,,15,28,13559,,,,13,24663,,,,17,8575,,,,11,16020,,,,30,15370,,,,8,2577,,,,15,30808,,,,10,9242,,,,18,26905,,,,,,,,,,,,,,,,,,,,,,,,,,,,,,,,,
173713,7-Aug-18,20:09:03,2018-08-07 20:09:03,G,1,147,3117,1544,0,8,-62.3378,-59.8616,8/7/2018 20:11,FastGPS,-62.3378,-59.8616,,,11,,,,,15,17,26452,,,,15,12515,,,,30,6263,,,,10,14501,,,,24,32621,,,,13,13858,,,,11,21282,,,,28,23767,,,,,,,,,,,,,,,,,,,,,,,,,,,,,,,,,,,,,,
173713,7-Aug-18,21:14:45,2018-08-07 21:14:45,G,3,147,3119,1544,0,6,-62.3176,-59.7998,17:12.0,FastGPS,-62.3176,-59.7998,,,11.4,0,,,,15,17,20419,,,,24,20434,,,,12,23595,,,,19,24322,,,,28,25359,,,,15,7256,,,,,,,,,,,,,,,,,,,,,,,,,,,,,,,,,,,,,,,,,,,,,,,,
173713,7-Aug-18,21:55:11,2018-08-07 21:55:11,G,2,147,3120,1544,0,7,-62.2955,-59.8069,57:38.0,FastGPS,-62.2955,-59.8069,,,7.6,0,,,,15,17,7878,,,,15,17466,,,,12,3763,,,,19,16279,,,,24,15562,,,,6,2892,,,,32,14211,,,,,,,,,,,,,,,,,,,,,,,,,,,,,,,,,,,,,,,,,,,
173713,7-Aug-18,22:26:07,2018-08-07 22:26:07,G,1,147,3121,1544,0,6,-62.2795,-59.8346,28:34.0,FastGPS,-62.2795,-59.8346,,,4.9,0,,,,15,12,8870,,,,17,9402,,,,19,509,,,,6,17466,,,,24,10657,,,,25,30822,,,,,,,,,,,,,,,,,,,,,,,,,,,,,,,,,,,,,,,,,,,,,,,,
173713,7-Aug-18,23:12:04,2018-08-07 23:12:04,G,1,147,3122,1545,0,7,-62.2564,-59.8859,14:30.5,FastGPS,-62.2564,-59.8859,,,4,-0.5,,,,15,12,15263,,,,6,13857,,,,17,1631,,,,19,30179,,,,2,23931,,,,32,657,,,,25,3338,,,,,,,,,,,,,,,,,,,,,,,,,,,,,,,,,,,,,,,,,,,
173713,7-Aug-18,23:58:06,2018-08-07 23:58:06,G,1,147,3123,,0,9,-62.2309,-59.9311,00:32.5,FastGPS,-62.2309,-59.9311,,,8.7,-0.5,,,,15,12,636,,,,6,28916,,,,2,24756,,,,25,19496,,,,19,22732,,,,29,7739,,,,24,31443,,,,32,3204,,,,31,32118,,,,,,,,,,,,,,,,,,,,,,,,,,,,,,,,,
173713,8-Aug-18,0:44:37,2018-08-08 00:44:37,G,1,147,3124,1547,0,6,-62.2104,-59.9934,47:02.5,FastGPS,-62.2104,-59.9934,,,5.6,-1.5,,,,15,12,13594,,,,2,29991,,,,31,11802,,,,29,28056,,,,25,3576,,,,6,12058,,,,,,,,,,,,,,,,,,,,,,,,,,,,,,,,,,,,,,,,,,,,,,,,
173713,8-Aug-18,10:38:39,2018-08-08 10:38:39,G,1,147,3125,,0,9,-62.2919,-59.9926,41:06.0,FastGPS,-62.2919,-59.9926,,,4.1,0,,,,15,18,16808,,,,1,22981,,,,11,181,,,,22,14554,,,,17,1040,,,,31,26670,,,,19,30081,,,,14,2973,,,,3,27651,,,,,,,,,,,,,,,,,,,,,,,,,,,,,,,,,
173713,8-Aug-18,11:46:23,2018-08-08 11:46:23,G,1,147,3127,,0,9,-62.3314,-59.9829,48:50.0,FastGPS,-62.3314,-59.9829,,,9.6,0,,,,15,23,21558,,,,3,926,,,,22,2246,,,,1,4089,,,,17,10420,,,,12,9207,,,,19,32375,,,,9,31854,,,,31,22849,,,,,,,,,,,,,,,,,,,,,,,,,,,,,,,,,
173713,8-Aug-18,12:57:53,2018-08-08 12:57:53,G,3,147,3129,1548,0,8,-62.3521,-59.9843,00:20.0,FastGPS,-62.3521,-59.9843,,1,7.3,0,,,,15,6,6547,,,,23,2615,,,,9,13183,,,,31,15731,,,,4,6938,,,,3,9393,,,,26,1625,,,,19,11850,,,,,,,,,,,,,,,,,,,,,,,,,,,,,,,,,,,,,,
173713,8-Aug-18,13:28:22,2018-08-08 13:28:22,G,1,147,3130,,0,9,-62.3677,-59.9738,30:48.5,FastGPS,-62.3677,-59.9738,,1,3.9,-0.5,,,,15,9,9633,,,,6,5234,,,,23,10143,,,,4,29767,,,,26,15140,,,,29,2784,,,,3,14077,,,,31,10463,,,,16,29198,,,,,,,,,,,,,,,,,,,,,,,,,,,,,,,,,
173713,8-Aug-18,14:16:20,2018-08-08 14:16:20,G,1,147,3131,1548,0,7,-62.3904,-60.0082,18:46.5,FastGPS,-62.3904,-60.0082,,1,6.3,-0.5,,,,15,9,23003,,,,23,2021,,,,2,22502,,,,29,22170,,,,4,24620,,,,26,15177,,,,16,17131,,,,,,,,,,,,,,,,,,,,,,,,,,,,,,,,,,,,,,,,,,,
173713,8-Aug-18,15:09:47,2018-08-08 15:09:47,G,1,147,3132,,0,9,-62.4089,-60.0534,8/8/2018 15:12,FastGPS,-62.4089,-60.0534,,1,7.6,0,,,,15,7,7565,,,,9,5751,,,,30,9848,,,,5,13073,,,,29,19358,,,,2,10771,,,,16,6140,,,,6,2955,,,,4,752,,,,,,,,,,,,,,,,,,,,,,,,,,,,,,,,,
173713,8-Aug-18,15:57:36,2018-08-08 15:57:36,G,1,147,3133,1549,0,6,-62.4325,-60.088,00:03.0,FastGPS,-62.4325,-60.088,,,4.6,0,,,,15,5,22925,,,,7,24154,,,,30,4753,,,,9,20741,,,,16,25258,,,,27,21141,,,,,,,,,,,,,,,,,,,,,,,,,,,,,,,,,,,,,,,,,,,,,,,,
173713,8-Aug-18,16:31:57,2018-08-08 16:31:57,G,2,147,3134,1549,0,7,-62.4483,-60.1143,34:24.0,FastGPS,-62.4483,-60.1143,,,10.4,0,,,,15,7,12871,,,,9,25685,,,,5,28486,,,,30,30185,,,,13,3338,,,,8,18955,,,,28,2250,,,,,,,,,,,,,,,,,,,,,,,,,,,,,,,,,,,,,,,,,,,
173713,8-Aug-18,17:08:18,2018-08-08 17:08:18,G,1,147,3135,1549,0,8,-62.45,-60.1563,10:44.5,FastGPS,-62.45,-60.1563,,,4.5,-0.5,,,,15,5,25265,,,,7,29858,,,,30,30198,,,,28,21715,,,,27,25094,,,,13,5262,,,,21,13820,,,,9,19961,,,,,,,,,,,,,,,,,,,,,,,,,,,,,,,,,,,,,,
173713,8-Aug-18,17:39:18,2018-08-08 17:39:18,G,3,147,3136,1549,0,7,-62.4516,-60.1933,41:45.0,FastGPS,-62.4516,-60.1933,,,5.3,0,,,,15,7,11266,,,,30,3456,,,,8,20468,,,,5,471,,,,28,15849,,,,13,17949,,,,27,11222,,,,,,,,,,,,,,,,,,,,,,,,,,,,,,,,,,,,,,,,,,,
173713,8-Aug-18,18:16:08,2018-08-08 18:16:08,G,1,147,3137,1549,0,6,-62.4454,-60.2365,18:35.0,FastGPS,-62.4454,-60.2365,,,7,0,,,,15,28,2602,,,,30,2364,,,,15,27721,,,,7,20814,,,,13,17210,,,,5,26954,,,,,,,,,,,,,,,,,,,,,,,,,,,,,,,,,,,,,,,,,,,,,,,,
173713,8-Aug-18,18:49:27,2018-08-08 18:49:27,G,2,147,3138,1549,0,4,-62.513,-60.356,8/9/2018 11:57,N,-62.444,-60.2563,,,0.6,-0.5,,,,15,15,16552,,,,13,13213,,,,20,28125,,,,28,5399,,,,,,,,,,,,,,,,,,,,,,,,,,,,,,,,,,,,,,,,,,,,,,,,,,,,,,,,,,
173713,8-Aug-18,19:21:23,2018-08-08 19:21:23,G,2,147,3139,1549,0,7,-62.4484,-60.2898,23:49.5,FastGPS,-62.4484,-60.2898,,,6.7,-0.5,,,,15,13,19770,,,,15,22719,,,,28,6895,,,,17,24763,,,,10,32343,,,,20,3739,,,,24,11093,,,,,,,,,,,,,,,,,,,,,,,,,,,,,,,,,,,,,,,,,,,
173713,8-Aug-18,19:51:11,2018-08-08 19:51:11,G,2,147,3140,1549,0,8,-62.4534,-60.3274,8/8/2018 19:53,FastGPS,-62.4534,-60.3274,,,15.1,-1,,,,15,28,229,,,,15,23873,,,,17,9816,,,,13,28893,,,,11,32068,,,,19,24274,,,,18,8959,,,,30,2270,,,,,,,,,,,,,,,,,,,,,,,,,,,,,,,,,,,,,,
173713,8-Aug-18,20:21:19,2018-08-08 20:21:19,G,1,147,3141,1549,0,8,-62.4462,-60.3564,8/8/2018 20:23,FastGPS,-62.4462,-60.3564,,,18.5,-1,,,,15,17,32087,,,,15,17539,,,,19,9681,,,,28,21600,,,,12,22273,,,,13,7872,,,,30,18702,,,,11,24195,,,,,,,,,,,,,,,,,,,,,,,,,,,,,,,,,,,,,,
173713,8-Aug-18,20:52:28,2018-08-08 20:52:28,G,2,147,3142,1549,0,7,-62.4509,-60.3734,54:54.0,FastGPS,-62.4509,-60.3734,,,6.1,-1,,,,15,17,25265,,,,19,22190,,,,15,14975,,,,12,31766,,,,24,3444,,,,10,11911,,,,13,7009,,,,,,,,,,,,,,,,,,,,,,,,,,,,,,,,,,,,,,,,,,,
173713,8-Aug-18,21:24:14,2018-08-08 21:24:14,G,1,147,3143,1549,0,7,-62.47,-60.3873,26:40.0,FastGPS,-62.47,-60.3873,,,3.6,-0.9,,,,15,12,6042,,,,24,31891,,,,15,18548,,,,17,6357,,,,32,27368,,,,19,10182,,,,28,16690,,,,,,,,,,,,,,,,,,,,,,,,,,,,,,,,,,,,,,,,,,,
173713,8-Aug-18,21:58:41,2018-08-08 21:58:41,G,2,147,3144,1549,0,4,-62.561,-60.62,8/9/2018 19:45,R,-62.4662,-60.3472,,,0.9,-1,,,,15,17,5754,,,,12,11951,,,,24,29463,,,,19,1457,,,,,,,,,,,,,,,,,,,,,,,,,,,,,,,,,,,,,,,,,,,,,,,,,,,,,,,,,,
173713,8-Aug-18,22:31:36,2018-08-08 22:31:36,G,1,147,3145,1549,0,8,-62.4661,-60.3472,34:01.5,FastGPS,-62.4661,-60.3472,,1,2.8,-1.5,,,,15,12,30669,,,,19,24222,,,,24,27504,,,,32,7224,,,,3,12869,,,,22,28288,,,,14,17530,,,,7,26065,,,,,,,,,,,,,,,,,,,,,,,,,,,,,,,,,,,,,,
173713,8-Aug-18,23:01:26,2018-08-08 23:01:26,G,3,147,3146,1549,0,8,-62.4668,-60.3469,03:51.6,FastGPS,-62.4668,-60.3469,,,16.4,-1.4,,,,15,12,3822,,,,19,5005,,,,25,6056,,,,17,21798,,,,6,26488,,,,32,3123,,,,24,18223,,,,14,16862,,,,,,,,,,,,,,,,,,,,,,,,,,,,,,,,,,,,,,
173713,8-Aug-18,23:31:00,2018-08-08 23:31:00,G,1,147,3147,1549,0,7,-62.4674,-60.3458,33:25.5,FastGPS,-62.4674,-60.3458,,,8.7,-1.5,,,,15,12,21604,,,,29,24970,,,,6,5828,,,,25,25279,,,,32,2725,,,,19,3565,,,,14,14694,,,,,,,,,,,,,,,,,,,,,,,,,,,,,,,,,,,,,,,,,,,
173713,9-Aug-18,0:31:00,2018-08-09 00:31:00,G,2,147,3149,1549,0,5,-62.4686,-60.3464,33:25.5,FastGPS,-62.4686,-60.3464,,,5.5,-1.5,,,,15,12,30405,,,,6,292,,,,2,13433,,,,25,22825,,,,29,16895,,,,,,,,,,,,,,,,,,,,,,,,,,,,,,,,,,,,,,,,,,,,,,,,,,,,,
173713,9-Aug-18,1:01:00,2018-08-09 01:01:00,G,2,147,3150,1549,0,7,-62.4696,-60.3487,03:25.5,FastGPS,-62.4696,-60.3487,,1,7.8,-1.5,,,,15,12,22989,,,,2,7917,,,,29,12445,,,,25,16226,,,,31,1584,,,,5,15238,,,,4,1732,,,,,,,,,,,,,,,,,,,,,,,,,,,,,,,,,,,,,,,,,,,
173713,9-Aug-18,1:31:20,2018-08-09 01:31:20,G,3,147,3151,1549,0,7,-62.4808,-60.3534,33:45.5,FastGPS,-62.4808,-60.3534,,1,11,-1.5,,,,15,31,28438,,,,29,32138,,,,4,10831,,,,2,4493,,,,25,24249,,,,23,16366,,,,26,4669,,,,,,,,,,,,,,,,,,,,,,,,,,,,,,,,,,,,,,,,,,,
173713,9-Aug-18,2:05:02,2018-08-09 02:05:02,G,1,147,3152,,0,9,-62.4966,-60.3546,07:28.0,FastGPS,-62.4966,-60.3546,,1,5.1,-1,,,,15,31,29357,,,,29,15455,,,,25,15019,,,,21,24792,,,,4,7658,,,,26,24465,,,,5,6210,,,,16,1576,,,,2,7737,,,,,,,,,,,,,,,,,,,,,,,,,,,,,,,,,
173713,9-Aug-18,2:35:00,2018-08-09 02:35:00,G,2,147,3153,1549,1,6,-62.4967,-60.3596,37:25.5,FastGPS,-62.4967,-60.3596,,,15.1,-1.5,,,,15,5,4347,,,,21,31515,,,,31,18822,,,,29,16593,,,,25,12096,,,,2,19280,,,,,,,,,,,,,,,,,,,,,,,,,,,,,,,,,,,,,,,,,,,,,,,,
173713,9-Aug-18,17:33:59,2018-08-09 17:33:59,G,2,147,3154,1549,0,6,-62.5437,-60.4613,36:26.1,FastGPS,-62.5437,-60.4613,,,5.2,0.1,,,,15,30,31762,,,,5,32412,,,,28,4684,,,,13,10847,,,,15,8211,,,,7,9429,,,,,,,,,,,,,,,,,,,,,,,,,,,,,,,,,,,,,,,,,,,,,,,,
173713,9-Aug-18,18:35:07,2018-08-09 18:35:07,G,2,147,3156,1549,0,7,-62.5679,-60.5471,37:33.6,FastGPS,-62.5679,-60.5471,,,10.2,-0.4,,,,15,30,21209,,,,7,30454,,,,15,23548,,,,28,28759,,,,11,23469,,,,13,16090,,,,5,11137,,,,,,,,,,,,,,,,,,,,,,,,,,,,,,,,,,,,,,,,,,,
173713,9-Aug-18,19:05:22,2018-08-09 19:05:22,G,2,147,3157,1549,0,8,-62.5662,-60.5796,07:48.6,FastGPS,-62.5662,-60.5796,,,11.5,-0.4,,,,15,30,30375,,,,11,30684,,,,28,22306,,,,13,12099,,,,17,3732,,,,8,17276,,,,18,28394,,,,7,2256,,,,,,,,,,,,,,,,,,,,,,,,,,,,,,,,,,,,,,
173713,9-Aug-18,20:57:47,2018-08-09 20:57:47,G,1,147,3160,,0,9,-62.5379,-60.6786,00:14.0,FastGPS,-62.5379,-60.6786,,,7.5,0,,,,15,17,3936,,,,15,25712,,,,19,20436,,,,28,18726,,,,24,29009,,,,12,12859,,,,10,1428,,,,13,1466,,,,1,13979,,,,,,,,,,,,,,,,,,,,,,,,,,,,,,,,,
173713,9-Aug-18,21:43:11,2018-08-09 21:43:11,G,1,147,3161,1550,0,6,-62.5237,-60.7027,45:37.5,FastGPS,-62.5237,-60.7027,,,2.3,-0.4,,,,15,12,20751,,,,24,9457,,,,19,4325,,,,6,6257,,,,17,5981,,,,15,26940,,,,,,,,,,,,,,,,,,,,,,,,,,,,,,,,,,,,,,,,,,,,,,,,
173713,9-Aug-18,22:13:35,2018-08-09 22:13:35,G,1,147,3162,,0,9,-62.507,-60.6944,16:02.0,FastGPS,-62.507,-60.6944,,,10.1,0,,,,15,17,2227,,,,12,15211,,,,19,15430,,,,6,10870,,,,24,30008,,,,25,29888,,,,22,26991,,,,3,19336,,,,32,7848,,,,,,,,,,,,,,,,,,,,,,,,,,,,,,,,,
173713,10-Aug-18,0:07:17,2018-08-10 00:07:17,G,1,147,3165,1551,0,7,-62.4558,-60.7915,09:44.0,FastGPS,-62.4558,-60.7915,,,10.2,0.1,,,,15,31,6958,,,,12,32630,,,,2,1616,,,,29,24012,,,,25,22246,,,,6,889,,,,3,1576,,,,,,,,,,,,,,,,,,,,,,,,,,,,,,,,,,,,,,,,,,,
173713,10-Aug-18,3:47:30,2018-08-10 03:47:30,G,2,147,3168,1553,0,8,-62.427,-61.0871,49:56.6,FastGPS,-62.427,-61.0871,,1,6.9,-0.4,,,,15,29,17994,,,,4,30661,,,,5,23820,,,,16,1907,,,,27,4339,,,,26,10710,,,,21,31203,,,,20,24331,,,,,,,,,,,,,,,,,,,,,,,,,,,,,,,,,,,,,,
173713,10-Aug-18,5:25:04,2018-08-10 05:25:04,G,2,147,3169,,0,9,-62.4099,-61.2213,27:31.0,FastGPS,-62.4099,-61.2213,,,7.8,0,,,,15,21,16880,,,,7,5867,,,,10,6156,,,,20,29921,,,,27,21651,,,,15,18983,,,,16,11627,,,,8,25890,,,,30,15686,,,,,,,,,,,,,,,,,,,,,,,,,,,,,,,,,
173713,10-Aug-18,5:56:19,2018-08-10 05:56:19,G,1,147,3170,,0,9,-62.3955,-61.2283,58:45.5,FastGPS,-62.3955,-61.2283,,,5.2,-0.4,,,,15,27,13104,,,,10,28073,,,,15,27321,,,,16,8131,,,,8,24435,,,,13,8296,,,,21,22962,,,,30,22215,,,,7,515,,,,,,,,,,,,,,,,,,,,,,,,,,,,,,,,,
173713,10-Aug-18,6:29:55,2018-08-10 06:29:55,G,1,147,3171,1554,0,8,-62.3779,-61.2407,32:22.1,FastGPS,-62.3779,-61.2407,,,4.2,0.1,,,,15,15,17652,,,,27,20335,,,,8,28356,,,,10,12088,,,,13,27700,,,,21,15346,,,,16,28543,,,,20,26273,,,,,,,,,,,,,,,,,,,,,,,,,,,,,,,,,,,,,,
173713,10-Aug-18,9:30:00,2018-08-10 09:30:00,G,2,147,3176,,0,9,-62.3877,-61.281,32:26.5,FastGPS,-62.3877,-61.281,,,4.6,-0.5,,,,15,1,16430,,,,22,23375,,,,32,9534,,,,18,3648,,,,11,17015,,,,10,5753,,,,17,373,,,,14,16364,,,,3,11329,,,,,,,,,,,,,,,,,,,,,,,,,,,,,,,,,
173713,10-Aug-18,11:12:04,2018-08-10 11:12:04,G,1,147,3178,,0,9,-62.3983,-61.1529,14:30.1,FastGPS,-62.3983,-61.1529,,,11.9,-0.9,,,,15,22,21685,,,,3,28651,,,,19,17589,,,,12,26251,,,,17,4301,,,,1,9172,,,,31,6979,,,,18,8644,,,,23,23410,,,,,,,,,,,,,,,,,,,,,,,,,,,,,,,,,
173713,10-Aug-18,11:53:25,2018-08-10 11:53:25,G,2,147,3179,,0,9,-62.3974,-61.1122,55:52.1,FastGPS,-62.3974,-61.1122,,1,5.2,0.1,,,,15,31,12465,,,,22,24964,,,,14,9824,,,,3,27451,,,,23,9160,,,,25,16616,,,,1,3199,,,,4,4094,,,,17,23163,,,,,,,,,,,,,,,,,,,,,,,,,,,,,,,,,
173713,10-Aug-18,12:23:00,2018-08-10 12:23:00,G,3,147,3180,,0,9,-62.3859,-61.0846,25:26.6,FastGPS,-62.3859,-61.0846,,1,5.3,-0.4,,,,15,31,31645,,,,23,14694,,,,3,18497,,,,6,24801,,,,22,20577,,,,4,7247,,,,25,18199,,,,9,31904,,,,26,17425,,,,,,,,,,,,,,,,,,,,,,,,,,,,,,,,,
173713,10-Aug-18,13:48:09,2018-08-10 13:48:09,G,2,147,3181,,0,9,-62.3566,-61.1318,50:35.6,FastGPS,-62.3566,-61.1318,,1,11.1,-0.4,,,,15,7,9581,,,,4,25502,,,,29,21259,,,,9,24941,,,,3,22184,,,,26,41,,,,6,20156,,,,2,5475,,,,23,31171,,,,,,,,,,,,,,,,,,,,,,,,,,,,,,,,,
173713,10-Aug-18,14:42:36,2018-08-10 14:42:36,G,1,147,3182,,0,9,-62.3436,-61.1711,45:03.0,FastGPS,-62.3436,-61.1711,,1,9.8,0.1,,,,15,4,20566,,,,7,9999,,,,26,31924,,,,29,16149,,,,23,27549,,,,16,30769,,,,9,23665,,,,30,17970,,,,5,2081,,,,,,,,,,,,,,,,,,,,,,,,,,,,,,,,,
173713,10-Aug-18,15:14:19,2018-08-10 15:14:19,G,1,147,3183,1555,0,8,-62.3544,-61.1859,16:46.1,FastGPS,-62.3544,-61.1859,,,2.7,0.1,,,,15,5,19615,,,,7,31477,,,,23,26118,,,,2,32379,,,,9,2554,,,,30,27393,,,,16,14031,,,,26,32655,,,,,,,,,,,,,,,,,,,,,,,,,,,,,,,,,,,,,,
173713,10-Aug-18,16:46:29,2018-08-10 16:46:29,G,1,147,3185,1556,0,8,-62.376,-61.2542,48:56.0,FastGPS,-62.376,-61.2542,,1,2.8,0,,,,15,7,17501,,,,30,12036,,,,5,4957,,,,8,2899,,,,27,7822,,,,28,7643,,,,13,15784,,,,25,15358,,,,,,,,,,,,,,,,,,,,,,,,,,,,,,,,,,,,,,
173713,10-Aug-18,17:48:52,2018-08-10 17:48:52,G,1,147,3187,1556,0,7,-62.3395,-61.3217,51:18.6,FastGPS,-62.3395,-61.3217,,,7.9,-0.4,,,,15,7,13906,,,,30,21988,,,,15,7218,,,,28,28132,,,,5,23781,,,,13,7238,,,,8,56,,,,,,,,,,,,,,,,,,,,,,,,,,,,,,,,,,,,,,,,,,,
173713,10-Aug-18,18:21:27,2018-08-10 18:21:27,G,1,147,3188,1556,0,6,-62.3249,-61.3563,23:54.1,FastGPS,-62.3249,-61.3563,,,8.2,0.1,,,,15,5,25717,,,,28,14732,,,,30,14277,,,,15,28915,,,,13,15494,,,,7,4578,,,,,,,,,,,,,,,,,,,,,,,,,,,,,,,,,,,,,,,,,,,,,,,,
173713,10-Aug-18,20:36:18,2018-08-10 20:36:18,G,1,147,3192,,0,9,-62.3259,-61.4543,38:44.6,FastGPS,-62.3259,-61.4543,,,8.9,-0.4,,,,15,24,10260,,,,17,1806,,,,12,25582,,,,15,30137,,,,19,17561,,,,1,22989,,,,10,17048,,,,20,8617,,,,11,31479,,,,,,,,,,,,,,,,,,,,,,,,,,,,,,,,,
173713,10-Aug-18,21:06:40,2018-08-10 21:06:40,G,1,147,3193,1556,0,8,-62.3281,-61.454,09:06.5,FastGPS,-62.3281,-61.454,,,8.4,-0.5,,,,15,17,13716,,,,15,30774,,,,24,29950,,,,12,15012,,,,19,29255,,,,10,17380,,,,32,491,,,,1,13654,,,,,,,,,,,,,,,,,,,,,,,,,,,,,,,,,,,,,,
173713,10-Aug-18,21:37:05,2018-08-10 21:37:05,G,2,147,3194,1556,0,7,-62.3191,-61.4989,39:32.1,FastGPS,-62.3191,-61.4989,,,4.4,0.1,,,,15,12,8552,,,,17,29465,,,,24,1833,,,,15,30177,,,,19,24646,,,,32,21185,,,,1,17071,,,,,,,,,,,,,,,,,,,,,,,,,,,,,,,,,,,,,,,,,,,
173713,10-Aug-18,22:08:32,2018-08-10 22:08:32,G,1,147,3195,1556,0,7,-62.315,-61.5349,10:59.0,FastGPS,-62.315,-61.5349,,,7.7,0.1,,,,15,17,4245,,,,12,18989,,,,19,17059,,,,6,7755,,,,25,1154,,,,24,3655,,,,32,12188,,,,,,,,,,,,,,,,,,,,,,,,,,,,,,,,,,,,,,,,,,,
173713,10-Aug-18,22:41:43,2018-08-10 22:41:43,G,2,147,3196,1556,0,8,-62.3099,-61.5872,44:10.1,FastGPS,-62.3099,-61.5872,,,9.9,0.1,,,,15,12,32304,,,,6,2080,,,,19,29777,,,,17,2856,,,,24,24756,,,,2,19769,,,,32,20562,,,,25,4112,,,,,,,,,,,,,,,,,,,,,,,,,,,,,,,,,,,,,,
173713,11-Aug-18,0:08:15,2018-08-11 00:08:15,G,2,147,3198,,0,9,-62.2993,-61.7265,10:42.0,FastGPS,-62.2993,-61.7265,,,10.9,0.1,,,,15,12,27273,,,,29,25693,,,,6,26909,,,,2,17522,,,,25,6567,,,,31,2518,,,,19,2451,,,,32,10342,,,,24,1759,,,,,,,,,,,,,,,,,,,,,,,,,,,,,,,,,
173713,11-Aug-18,0:39:51,2018-08-11 00:39:51,G,1,147,3199,1557,0,8,-62.3056,-61.7663,42:17.6,FastGPS,-62.3056,-61.7663,,1,11.6,-0.4,,,,15,29,1046,,,,25,12591,,,,12,21859,,,,31,9577,,,,23,29407,,,,2,138,,,,6,21706,,,,4,6476,,,,,,,,,,,,,,,,,,,,,,,,,,,,,,,,,,,,,,
173713,11-Aug-18,1:41:08,2018-08-11 01:41:08,G,1,147,3201,1557,0,8,-62.3254,-61.8347,43:34.1,FastGPS,-62.3254,-61.8347,,1,5.5,-0.9,,,,15,29,8669,,,,31,1260,,,,25,29913,,,,4,31113,,,,23,28566,,,,2,27891,,,,26,4213,,,,9,31975,,,,,,,,,,,,,,,,,,,,,,,,,,,,,,,,,,,,,,
173713,11-Aug-18,2:11:44,2018-08-11 02:11:44,G,1,147,3202,1557,0,8,-62.3338,-61.8502,14:10.1,FastGPS,-62.3338,-61.8502,,1,5.4,-0.9,,,,15,4,8226,,,,29,5369,,,,26,4893,,,,31,21667,,,,25,17293,,,,5,21172,,,,16,1162,,,,2,28598,,,,,,,,,,,,,,,,,,,,,,,,,,,,,,,,,,,,,,
173713,11-Aug-18,2:43:43,2018-08-11 02:43:43,G,1,147,3203,1557,0,7,-62.334,-61.8406,46:09.6,FastGPS,-62.334,-61.8406,,1,5.2,-0.4,,,,15,4,7119,,,,5,1732,,,,26,32120,,,,29,18155,,,,31,21717,,,,21,15183,,,,16,21686,,,,,,,,,,,,,,,,,,,,,,,,,,,,,,,,,,,,,,,,,,,
173713,11-Aug-18,3:19:12,2018-08-11 03:19:12,G,1,147,3204,1557,0,6,-62.3516,-61.8629,21:38.1,FastGPS,-62.3516,-61.8629,,1,3.4,-0.9,,,,15,29,126,,,,21,30202,,,,26,31539,,,,4,6436,,,,5,9694,,,,16,14702,,,,,,,,,,,,,,,,,,,,,,,,,,,,,,,,,,,,,,,,,,,,,,,,
173713,11-Aug-18,3:53:43,2018-08-11 03:53:43,G,1,147,3205,1557,0,6,-62.3614,-61.9013,56:09.6,FastGPS,-62.3614,-61.9013,,1,1.2,-0.4,,,,15,29,567,,,,4,673,,,,16,13312,,,,21,13407,,,,26,22210,,,,20,30349,,,,,,,,,,,,,,,,,,,,,,,,,,,,,,,,,,,,,,,,,,,,,,,,
173713,11-Aug-18,5:01:45,2018-08-11 05:01:45,G,1,147,3207,,0,9,-62.3741,-61.9795,04:12.1,FastGPS,-62.3741,-61.9795,,1,5.5,0.1,,,,15,20,5423,,,,21,8093,,,,15,24482,,,,10,6327,,,,27,25062,,,,7,19409,,,,4,556,,,,26,26775,,,,8,28177,,,,,,,,,,,,,,,,,,,,,,,,,,,,,,,,,
173713,11-Aug-18,5:32:16,2018-08-11 05:32:16,G,1,147,3208,,0,9,-62.3869,-62.0014,34:42.6,FastGPS,-62.3869,-62.0014,,,10.1,-0.4,,,,15,16,26971,,,,10,900,,,,7,430,,,,27,29062,,,,20,28499,,,,30,4306,,,,21,30851,,,,15,14986,,,,13,6538,,,,,,,,,,,,,,,,,,,,,,,,,,,,,,,,,
173713,11-Aug-18,6:02:49,2018-08-11 06:02:49,G,2,147,3209,1557,0,8,-62.4049,-62.0005,05:15.6,FastGPS,-62.4049,-62.0005,,,18,-0.4,,,,15,15,22622,,,,27,18503,,,,8,27338,,,,10,22114,,,,20,771,,,,21,7736,,,,7,32128,,,,13,15543,,,,,,,,,,,,,,,,,,,,,,,,,,,,,,,,,,,,,,
173713,11-Aug-18,8:31:28,2018-08-11 08:31:28,G,1,147,3212,,0,9,-62.4726,-61.9092,33:55.1,FastGPS,-62.4726,-61.9092,,,16.8,0.1,,,,15,1,1258,,,,11,22282,,,,18,11094,,,,32,27601,,,,10,7732,,,,22,28972,,,,28,25928,,,,24,1652,,,,20,12157,,,,,,,,,,,,,,,,,,,,,,,,,,,,,,,,,
173713,11-Aug-18,9:02:51,2018-08-11 09:02:51,G,3,147,3213,,0,9,-62.4774,-61.8696,05:18.0,FastGPS,-62.4774,-61.8696,,,6.8,0,,,,15,1,16877,,,,32,4096,,,,18,23088,,,,11,3469,,,,22,20308,,,,17,25884,,,,10,11408,,,,14,13392,,,,24,26701,,,,,,,,,,,,,,,,,,,,,,,,,,,,,,,,,
173713,11-Aug-18,9:33:03,2018-08-11 09:33:03,G,2,147,3214,,0,9,-62.4856,-61.8356,35:29.5,FastGPS,-62.4856,-61.8356,,,11.1,-0.5,,,,15,22,16677,,,,1,30160,,,,17,28792,,,,32,122,,,,11,14249,,,,18,32151,,,,3,13859,,,,14,26003,,,,19,15583,,,,,,,,,,,,,,,,,,,,,,,,,,,,,,,,,
173713,11-Aug-18,10:23:00,2018-08-11 10:23:00,G,1,147,3215,,0,9,-62.4923,-61.8352,25:26.6,FastGPS,-62.4923,-61.8352,,,8.6,-0.4,,,,15,17,22495,,,,19,8360,,,,31,18685,,,,3,3660,,,,22,25439,,,,1,7693,,,,12,11044,,,,14,15531,,,,32,7366,,,,,,,,,,,,,,,,,,,,,,,,,,,,,,,,,
173713,11-Aug-18,11:54:00,2018-08-11 11:54:00,G,2,147,3218,,0,9,-62.4981,-61.844,56:25.6,FastGPS,-62.4981,-61.844,,,8.5,-1.4,,,,15,31,25492,,,,6,23440,,,,22,28277,,,,23,10787,,,,19,1942,,,,3,9774,,,,17,27032,,,,12,15363,,,,14,4253,,,,,,,,,,,,,,,,,,,,,,,,,,,,,,,,,
173713,11-Aug-18,12:27:09,2018-08-11 12:27:09,G,3,147,3219,,0,9,-62.517,-61.8444,29:34.6,FastGPS,-62.517,-61.8444,,1,10,-1.4,,,,15,23,12631,,,,3,16200,,,,22,1745,,,,6,25588,,,,31,27067,,,,19,14037,,,,9,17341,,,,26,26760,,,,4,12331,,,,,,,,,,,,,,,,,,,,,,,,,,,,,,,,,
173713,11-Aug-18,12:57:00,2018-08-11 12:57:00,G,4,147,3220,1559,0,7,-62.5301,-61.8274,59:25.5,FastGPS,-62.5301,-61.8274,,1,10.3,-1.5,,,,15,23,26528,,,,3,21988,,,,9,9292,,,,2,20543,,,,22,26614,,,,6,3296,,,,4,8485,,,,,,,,,,,,,,,,,,,,,,,,,,,,,,,,,,,,,,,,,,,
173713,11-Aug-18,15:08:00,2018-08-11 15:08:00,G,1,147,3223,1560,0,5,-62.5538,-61.7596,10:25.6,FastGPS,-62.5538,-61.7596,,,1.8,-1.4,,,,15,7,29777,,,,9,9040,,,,23,3955,,,,5,19238,,,,16,19722,,,,,,,,,,,,,,,,,,,,,,,,,,,,,,,,,,,,,,,,,,,,,,,,,,,,,
173713,11-Aug-18,15:38:00,2018-08-11 15:38:00,G,1,147,3224,1560,0,7,-62.5468,-61.7415,40:25.6,FastGPS,-62.5468,-61.7415,,,6.8,-1.4,,,,15,7,21906,,,,5,17173,,,,9,7332,,,,16,10763,,,,23,11246,,,,30,19076,,,,27,25553,,,,,,,,,,,,,,,,,,,,,,,,,,,,,,,,,,,,,,,,,,,
173713,11-Aug-18,16:10:16,2018-08-11 16:10:16,G,1,147,3225,1560,0,8,-62.5375,-61.7401,12:42.0,FastGPS,-62.5375,-61.7401,,,5.5,-0.9,,,,15,5,10417,,,,7,32443,,,,30,25134,,,,13,17595,,,,27,27628,,,,16,21356,,,,9,2417,,,,8,20705,,,,,,,,,,,,,,,,,,,,,,,,,,,,,,,,,,,,,,
173713,11-Aug-18,16:43:14,2018-08-11 16:43:14,G,3,147,3226,1560,0,7,-62.5393,-61.707,45:39.6,FastGPS,-62.5393,-61.707,,,10.2,-1.4,,,,15,7,408,,,,30,31290,,,,5,24362,,,,8,22149,,,,9,13093,,,,13,7668,,,,28,28802,,,,,,,,,,,,,,,,,,,,,,,,,,,,,,,,,,,,,,,,,,,
173713,11-Aug-18,17:19:25,2018-08-11 17:19:25,G,3,147,3227,,0,9,-62.5384,-61.6892,21:51.1,FastGPS,-62.5384,-61.6892,,,12.6,-0.9,,,,15,5,8573,,,,13,16635,,,,7,12782,,,,30,21355,,,,15,3975,,,,28,28103,,,,27,433,,,,8,19699,,,,21,2943,,,,,,,,,,,,,,,,,,,,,,,,,,,,,,,,,
173713,11-Aug-18,17:52:43,2018-08-11 17:52:43,G,2,147,3228,1560,0,7,-62.5457,-61.7073,55:09.1,FastGPS,-62.5457,-61.7073,,,4.4,-0.9,,,,15,28,14512,,,,30,1758,,,,7,7280,,,,15,3732,,,,13,17868,,,,5,22764,,,,8,25957,,,,,,,,,,,,,,,,,,,,,,,,,,,,,,,,,,,,,,,,,,,
173713,11-Aug-18,18:25:27,2018-08-11 18:25:27,G,1,147,3229,,0,9,-62.5542,-61.698,27:52.6,FastGPS,-62.5542,-61.698,,,15.7,-1.4,,,,15,15,23922,,,,7,31640,,,,13,18955,,,,30,22537,,,,28,26146,,,,8,22020,,,,11,14750,,,,20,12008,,,,5,23264,,,,,,,,,,,,,,,,,,,,,,,,,,,,,,,,,
173713,11-Aug-18,19:31:17,2018-08-11 19:31:17,G,1,147,3231,,0,9,-62.5408,-61.6213,33:43.1,FastGPS,-62.5408,-61.6213,,,9.2,-0.9,,,,15,13,12462,,,,17,1763,,,,15,21884,,,,19,12518,,,,24,23530,,,,30,22865,,,,10,28421,,,,20,15298,,,,28,9154,,,,,,,,,,,,,,,,,,,,,,,,,,,,,,,,,
173713,11-Aug-18,20:06:12,2018-08-11 20:06:12,G,1,147,3232,,0,9,-62.5458,-61.5808,08:38.6,FastGPS,-62.5458,-61.5808,,,12.2,-0.4,,,,15,17,28592,,,,15,878,,,,24,20039,,,,10,23334,,,,28,3021,,,,20,29592,,,,12,23622,,,,11,351,,,,19,2691,,,,,,,,,,,,,,,,,,,,,,,,,,,,,,,,,
173713,11-Aug-18,20:40:26,2018-08-11 20:40:26,G,2,147,3233,,0,9,-62.5305,-61.5473,42:51.6,FastGPS,-62.5305,-61.5473,,,7.4,-1.4,,,,15,15,25524,,,,17,29316,,,,1,13362,,,,24,15328,,,,28,25937,,,,19,27284,,,,12,13823,,,,13,12612,,,,18,5492,,,,,,,,,,,,,,,,,,,,,,,,,,,,,,,,,
173713,11-Aug-18,21:18:24,2018-08-11 21:18:24,G,3,147,3234,1560,0,8,-62.5077,-61.5306,20:50.1,FastGPS,-62.5077,-61.5306,,,10.1,-0.9,,,,15,17,21129,,,,12,27102,,,,15,23029,,,,24,31465,,,,1,15280,,,,32,13016,,,,19,9899,,,,6,17205,,,,,,,,,,,,,,,,,,,,,,,,,,,,,,,,,,,,,,
173713,11-Aug-18,21:53:51,2018-08-11 21:53:51,G,1,147,3235,1560,0,7,-62.4854,-61.5196,56:16.6,FastGPS,-62.4854,-61.5196,,,16.3,-1.4,,,,15,12,32517,,,,24,21196,,,,32,2642,,,,19,27714,,,,14,22339,,,,6,5076,,,,17,10381,,,,,,,,,,,,,,,,,,,,,,,,,,,,,,,,,,,,,,,,,,,
173713,11-Aug-18,22:24:40,2018-08-11 22:24:40,G,1,147,3236,,0,9,-62.4645,-61.5269,27:05.6,FastGPS,-62.4645,-61.5269,,,6.4,-1.4,,,,15,12,29592,,,,17,4295,,,,24,4143,,,,19,1465,,,,2,27476,,,,6,14596,,,,22,17912,,,,3,9858,,,,14,24195,,,,,,,,,,,,,,,,,,,,,,,,,,,,,,,,,
173713,11-Aug-18,23:48:51,2018-08-11 23:48:51,G,2,147,3238,,0,9,-62.4128,-61.5535,51:17.1,FastGPS,-62.4128,-61.5535,,,6.5,-0.9,,,,15,29,16806,,,,12,20384,,,,6,17858,,,,31,5973,,,,2,9372,,,,19,26200,,,,32,25031,,,,14,22188,,,,25,9025,,,,,,,,,,,,,,,,,,,,,,,,,,,,,,,,,
173713,12-Aug-18,0:55:24,2018-08-12 00:55:24,G,2,147,3239,,0,9,-62.3813,-61.5023,57:50.1,FastGPS,-62.3813,-61.5023,,1,4.6,-0.9,,,,15,31,3493,,,,29,24842,,,,12,16084,,,,25,1474,,,,4,25762,,,,23,3718,,,,5,28009,,,,26,7551,,,,2,20874,,,,,,,,,,,,,,,,,,,,,,,,,,,,,,,,,
173713,12-Aug-18,1:25:00,2018-08-12 01:25:00,G,2,147,3240,,0,9,-62.3712,-61.4695,27:25.6,FastGPS,-62.3712,-61.4695,,1,9.6,-1.4,,,,15,31,25573,,,,4,241,,,,29,6888,,,,5,31018,,,,26,30789,,,,2,14120,,,,25,7077,,,,23,13005,,,,12,12021,,,,,,,,,,,,,,,,,,,,,,,,,,,,,,,,,
173713,12-Aug-18,2:31:23,2018-08-12 02:31:23,G,2,147,3242,1562,0,8,-62.3521,-61.4111,33:49.1,FastGPS,-62.3521,-61.4111,,1,10.1,-0.9,,,,15,4,20815,,,,26,5249,,,,5,23940,,,,16,9844,,,,29,22343,,,,31,10099,,,,2,23705,,,,25,23903,,,,,,,,,,,,,,,,,,,,,,,,,,,,,,,,,,,,,,
173713,12-Aug-18,3:02:16,2018-08-12 03:02:16,G,1,147,3243,1562,0,5,-62.529,-60.901,8/13/2018 0:31,K,-62.3473,-61.3739,,1,0.1,-1,,,,15,16,14454,,,,26,2237,,,,29,13299,,,,4,22087,,,,5,4569,,,,,,,,,,,,,,,,,,,,,,,,,,,,,,,,,,,,,,,,,,,,,,,,,,,,,
173713,12-Aug-18,5:47:16,2018-08-12 05:47:16,G,4,147,3247,1563,0,6,-62.2792,-61.2403,49:41.6,FastGPS,-62.2792,-61.2403,,,2.8,-1.4,,,,15,15,10197,,,,21,9822,,,,27,28746,,,,10,9963,,,,13,24850,,,,20,21031,,,,,,,,,,,,,,,,,,,,,,,,,,,,,,,,,,,,,,,,,,,,,,,,
173713,12-Aug-18,6:17:00,2018-08-12 06:17:00,G,3,147,3248,,0,9,-62.2632,-61.2191,19:25.6,FastGPS,-62.2632,-61.2191,,,8.8,-1.4,,,,15,8,27167,,,,27,910,,,,10,14864,,,,15,32469,,,,21,14666,,,,20,8986,,,,18,4034,,,,13,17990,,,,11,5482,,,,,,,,,,,,,,,,,,,,,,,,,,,,,,,,,
173713,12-Aug-18,6:47:19,2018-08-12 06:47:19,G,1,147,3249,1563,0,6,-62.2486,-61.191,49:44.6,FastGPS,-62.2486,-61.191,,,1.2,-1.4,,,,15,15,11938,,,,20,21193,,,,10,10187,,,,8,12163,,,,32,7877,,,,18,20308,,,,,,,,,,,,,,,,,,,,,,,,,,,,,,,,,,,,,,,,,,,,,,,,
173713,12-Aug-18,7:29:38,2018-08-12 07:29:38,G,2,147,3250,,0,9,-62.2406,-61.1322,32:04.1,FastGPS,-62.2406,-61.1322,,,5.3,-0.9,,,,15,8,10881,,,,11,3236,,,,18,30399,,,,10,13362,,,,1,16315,,,,32,24470,,,,24,26942,,,,15,15682,,,,28,15440,,,,,,,,,,,,,,,,,,,,,,,,,,,,,,,,,
173713,12-Aug-18,8:01:56,2018-08-12 08:01:56,G,1,147,3251,,0,9,-62.2523,-61.0939,04:22.1,FastGPS,-62.2523,-61.0939,,,7.5,-0.9,,,,15,18,13709,,,,11,21998,,,,1,17744,,,,32,28358,,,,8,15496,,,,28,31975,,,,10,6809,,,,14,27775,,,,20,4716,,,,,,,,,,,,,,,,,,,,,,,,,,,,,,,,,
173713,12-Aug-18,10:25:53,2018-08-12 10:25:53,G,1,147,3254,,0,9,-62.2502,-60.907,28:19.6,FastGPS,-62.2502,-60.907,,,9.5,-0.4,,,,15,17,3599,,,,19,7190,,,,31,242,,,,18,3745,,,,3,5929,,,,1,17744,,,,22,16452,,,,12,4078,,,,32,3476,,,,,,,,,,,,,,,,,,,,,,,,,,,,,,,,,
173713,12-Aug-18,10:56:00,2018-08-12 10:56:00,G,1,147,3255,,0,9,-62.2588,-60.8807,58:26.6,FastGPS,-62.2588,-60.8807,,,7.7,-0.4,,,,15,17,30562,,,,3,29104,,,,31,5994,,,,32,6790,,,,22,8314,,,,23,30346,,,,12,7689,,,,14,1144,,,,1,12074,,,,,,,,,,,,,,,,,,,,,,,,,,,,,,,,,
173713,12-Aug-18,15:49:03,2018-08-12 15:49:03,G,1,147,3256,1565,0,7,-62.4508,-60.806,51:30.1,FastGPS,-62.4508,-60.806,,,8.1,0.1,,,,15,5,3368,,,,30,27817,,,,7,23489,,,,27,5365,,,,13,18250,,,,16,31019,,,,2,29693,,,,,,,,,,,,,,,,,,,,,,,,,,,,,,,,,,,,,,,,,,,
173713,12-Aug-18,16:35:15,2018-08-12 16:35:15,G,1,147,3257,1566,0,6,-62.4643,-60.8088,37:41.6,FastGPS,-62.4643,-60.8088,,,6.3,-0.4,,,,15,7,2600,,,,30,18665,,,,8,6811,,,,5,16039,,,,13,12571,,,,27,18514,,,,,,,,,,,,,,,,,,,,,,,,,,,,,,,,,,,,,,,,,,,,,,,,
173713,12-Aug-18,17:23:00,2018-08-12 17:23:00,G,1,147,3258,1567,0,5,-62.4682,-60.802,25:26.7,FastGPS,-62.4682,-60.802,,,7.6,-0.3,,,,15,13,23455,,,,30,5666,,,,7,11000,,,,15,21448,,,,5,6183,,,,,,,,,,,,,,,,,,,,,,,,,,,,,,,,,,,,,,,,,,,,,,,,,,,,,
173713,12-Aug-18,18:20:10,2018-08-12 18:20:10,G,1,147,3259,1568,0,4,-62.529,-60.901,8/13/2018 0:31,K,-62.4767,-60.8172,,,0.7,-0.4,,,,15,15,18872,,,,13,20083,,,,30,32283,,,,28,28812,,,,,,,,,,,,,,,,,,,,,,,,,,,,,,,,,,,,,,,,,,,,,,,,,,,,,,,,,,
173713,12-Aug-18,19:08:36,2018-08-12 19:08:36,G,1,147,3260,,0,9,-62.4704,-60.8283,11:02.6,FastGPS,-62.4704,-60.8283,,,5.1,-0.4,,,,15,17,27517,,,,15,14491,,,,28,20280,,,,18,6857,,,,11,25764,,,,30,14332,,,,8,4188,,,,1,4390,,,,13,32201,,,,,,,,,,,,,,,,,,,,,,,,,,,,,,,,,
173713,12-Aug-18,20:36:43,2018-08-12 20:36:43,G,2,147,3262,1569,0,7,-62.4844,-60.8181,39:10.1,FastGPS,-62.4844,-60.8181,,,4.8,0.1,,,,15,17,7713,,,,15,31099,,,,19,5900,,,,10,29021,,,,12,21359,,,,24,22515,,,,13,19631,,,,,,,,,,,,,,,,,,,,,,,,,,,,,,,,,,,,,,,,,,,
173713,12-Aug-18,21:26:17,2018-08-12 21:26:17,G,1,147,3263,,0,9,-62.4948,-60.8395,28:43.6,FastGPS,-62.4948,-60.8395,,,21.9,-0.4,,,,15,12,2909,,,,24,4999,,,,17,8820,,,,19,28532,,,,32,17896,,,,14,27844,,,,15,9914,,,,10,19660,,,,25,17375,,,,,,,,,,,,,,,,,,,,,,,,,,,,,,,,,
173713,12-Aug-18,22:28:52,2018-08-12 22:28:52,G,1,147,3264,,0,9,-62.5009,-60.8399,31:19.1,FastGPS,-62.5009,-60.8399,,,14.1,0.1,,,,15,12,2161,,,,17,1704,,,,2,2656,,,,32,27802,,,,24,11127,,,,3,23311,,,,19,17880,,,,6,2257,,,,22,14595,,,,,,,,,,,,,,,,,,,,,,,,,,,,,,,,,
173713,12-Aug-18,23:14:10,2018-08-12 23:14:10,G,2,147,3265,1573,0,8,-62.5043,-60.842,16:36.6,FastGPS,-62.5043,-60.842,,,11.8,-0.4,,,,15,6,20564,,,,29,8639,,,,19,20689,,,,12,4831,,,,2,14676,,,,24,11348,,,,25,10111,,,,31,13149,,,,,,,,,,,,,,,,,,,,,,,,,,,,,,,,,,,,,,
173713,12-Aug-18,23:44:02,2018-08-12 23:44:02,G,2,147,3266,,0,9,-62.5156,-60.8679,46:28.6,FastGPS,-62.5156,-60.8679,,,6.6,-0.4,,,,15,29,17733,,,,12,30151,,,,25,13643,,,,6,29537,,,,3,3097,,,,14,27957,,,,2,16232,,,,32,31195,,,,31,8585,,,,,,,,,,,,,,,,,,,,,,,,,,,,,,,,,
173713,13-Aug-18,0:14:21,2018-08-13 00:14:21,G,3,147,3267,1573,0,6,-62.5295,-60.905,16:48.1,FastGPS,-62.5295,-60.905,,1,0.5,0.1,,,,15,12,4584,,,,29,27324,,,,31,25383,,,,2,20765,,,,25,55,,,,4,15166,,,,,,,,,,,,,,,,,,,,,,,,,,,,,,,,,,,,,,,,,,,,,,,,
173713,13-Aug-18,0:44:15,2018-08-13 00:44:15,G,2,147,3268,1573,0,6,-62.5322,-60.9527,46:41.5,FastGPS,-62.5322,-60.9527,,1,6.3,-0.5,,,,15,12,6595,,,,25,2618,,,,2,26178,,,,31,22741,,,,29,32250,,,,4,21806,,,,,,,,,,,,,,,,,,,,,,,,,,,,,,,,,,,,,,,,,,,,,,,,
173713,13-Aug-18,1:16:41,2018-08-13 01:16:41,G,1,147,3269,1573,0,8,-62.5233,-61.0004,19:06.6,FastGPS,-62.5233,-61.0004,,1,8.9,-1.4,,,,15,31,28275,,,,2,30074,,,,29,1385,,,,25,17587,,,,4,17709,,,,5,19801,,,,12,32639,,,,26,12995,,,,,,,,,,,,,,,,,,,,,,,,,,,,,,,,,,,,,,
173713,13-Aug-18,2:14:49,2018-08-13 02:14:49,G,2,147,3270,1574,0,6,-62.5092,-61.0836,17:16.1,FastGPS,-62.5092,-61.0836,,1,7.8,0.1,,,,15,29,5738,,,,5,16165,,,,31,21962,,,,4,3015,,,,21,962,,,,26,9174,,,,,,,,,,,,,,,,,,,,,,,,,,,,,,,,,,,,,,,,,,,,,,,,
173713,13-Aug-18,6:50:24,2018-08-13 06:50:24,G,1,147,3272,,0,9,-62.4733,-61.2437,52:50.6,FastGPS,-62.4733,-61.2437,,,11.3,-0.4,,,,15,15,23689,,,,8,12843,,,,18,8620,,,,11,12112,,,,10,4688,,,,27,3038,,,,20,31275,,,,21,17559,,,,24,24300,,,,,,,,,,,,,,,,,,,,,,,,,,,,,,,,,
173713,13-Aug-18,9:31:26,2018-08-13 09:31:26,G,1,147,3273,,0,9,-62.4616,-61.1864,33:52.6,FastGPS,-62.4616,-61.1864,,,19.2,-0.4,,,,15,32,24547,,,,14,1335,,,,17,13761,,,,1,4118,,,,18,25157,,,,11,6437,,,,22,1382,,,,12,31124,,,,31,61,,,,,,,,,,,,,,,,,,,,,,,,,,,,,,,,,
173713,13-Aug-18,10:01:00,2018-08-13 10:01:00,G,1,147,3274,1580,0,5,-62.4475,-61.2208,03:26.6,FastGPS,-62.4475,-61.2208,,,7.6,-0.4,,,,15,18,21569,,,,17,23847,,,,11,5420,,,,1,31204,,,,22,20170,,,,,,,,,,,,,,,,,,,,,,,,,,,,,,,,,,,,,,,,,,,,,,,,,,,,,
173713,13-Aug-18,11:27:00,2018-08-13 11:27:00,G,1,147,3276,,0,9,-62.402,-61.3143,29:26.6,FastGPS,-62.402,-61.3143,,,7.1,-0.4,,,,15,17,14134,,,,31,18875,,,,22,31438,,,,23,28623,,,,3,2347,,,,19,6351,,,,1,81,,,,6,6680,,,,9,13315,,,,,,,,,,,,,,,,,,,,,,,,,,,,,,,,,
173713,13-Aug-18,12:43:18,2018-08-13 12:43:18,G,4,147,3277,1580,0,8,-62.3804,-61.435,45:44.1,FastGPS,-62.3804,-61.435,,1,8.5,-0.9,,,,15,3,24905,,,,23,8875,,,,9,8813,,,,4,15139,,,,22,5355,,,,6,17261,,,,26,13554,,,,19,2346,,,,,,,,,,,,,,,,,,,,,,,,,,,,,,,,,,,,,,
173713,13-Aug-18,13:21:13,2018-08-13 13:21:13,G,2,147,3278,1580,0,8,-62.3886,-61.488,23:39.1,FastGPS,-62.3886,-61.488,,,11.6,-0.9,,,,15,23,21091,,,,3,16998,,,,9,2452,,,,2,17934,,,,16,29207,,,,7,32002,,,,6,18490,,,,26,20009,,,,,,,,,,,,,,,,,,,,,,,,,,,,,,,,,,,,,,
173713,13-Aug-18,13:53:07,2018-08-13 13:53:07,G,1,147,3279,,0,9,-62.4015,-61.5339,55:34.1,FastGPS,-62.4015,-61.5339,,1,6.5,0.1,,,,15,7,31808,,,,9,11035,,,,29,9796,,,,23,26951,,,,2,17596,,,,6,8886,,,,4,12612,,,,5,13103,,,,26,32669,,,,,,,,,,,,,,,,,,,,,,,,,,,,,,,,,
173713,13-Aug-18,14:46:58,2018-08-13 14:46:58,G,3,147,3280,,0,9,-62.4254,-61.6,49:24.1,FastGPS,-62.4254,-61.6,,,5.1,-0.9,,,,15,7,4061,,,,9,6901,,,,29,29112,,,,5,10159,,,,23,485,,,,16,2697,,,,2,27723,,,,30,4326,,,,26,26503,,,,,,,,,,,,,,,,,,,,,,,,,,,,,,,,,
173713,13-Aug-18,15:37:42,2018-08-13 15:37:42,G,1,147,3281,1580,0,7,-62.453,-61.6688,40:07.6,FastGPS,-62.453,-61.6688,,,5.7,-1.4,,,,15,7,30978,,,,30,16951,,,,5,3645,,,,9,18635,,,,2,10968,,,,23,12613,,,,13,32570,,,,,,,,,,,,,,,,,,,,,,,,,,,,,,,,,,,,,,,,,,,
173713,13-Aug-18,16:13:55,2018-08-13 16:13:55,G,1,147,3282,1580,0,6,-62.4599,-61.7024,16:21.1,FastGPS,-62.4599,-61.7024,,,4.6,-0.9,,,,15,7,19086,,,,5,14189,,,,9,19063,,,,30,16203,,,,13,1648,,,,8,32148,,,,,,,,,,,,,,,,,,,,,,,,,,,,,,,,,,,,,,,,,,,,,,,,
173713,13-Aug-18,16:46:18,2018-08-13 16:46:18,G,2,147,3283,,0,9,-62.4676,-61.7463,48:43.6,FastGPS,-62.4676,-61.7463,,,9.4,-1.4,,,,15,5,3498,,,,30,31755,,,,7,30775,,,,27,22273,,,,13,9272,,,,28,15037,,,,21,18553,,,,9,19705,,,,15,29134,,,,,,,,,,,,,,,,,,,,,,,,,,,,,,,,,
173713,13-Aug-18,17:16:00,2018-08-13 17:16:00,G,3,147,3284,,0,9,-62.489,-61.7577,18:26.6,FastGPS,-62.489,-61.7577,,,6.2,-0.4,,,,15,5,23971,,,,13,24881,,,,7,23093,,,,30,12702,,,,28,11112,,,,15,18624,,,,21,24425,,,,27,21030,,,,8,19649,,,,,,,,,,,,,,,,,,,,,,,,,,,,,,,,,
173713,13-Aug-18,17:50:05,2018-08-13 17:50:05,G,1,147,3285,1580,0,7,-62.5055,-61.7883,52:31.6,FastGPS,-62.5055,-61.7883,,,8.2,-0.4,,,,15,7,22164,,,,30,29326,,,,5,8867,,,,28,4373,,,,15,30470,,,,13,32684,,,,8,28339,,,,,,,,,,,,,,,,,,,,,,,,,,,,,,,,,,,,,,,,,,,
173713,13-Aug-18,18:21:04,2018-08-13 18:21:04,G,1,147,3286,1580,0,8,-62.5118,-61.8278,23:31.1,FastGPS,-62.5118,-61.8278,,,12.7,0.1,,,,15,7,545,,,,30,30689,,,,15,22141,,,,28,18133,,,,13,6938,,,,5,28102,,,,11,10841,,,,20,7583,,,,,,,,,,,,,,,,,,,,,,,,,,,,,,,,,,,,,,
173713,13-Aug-18,19:10:12,2018-08-13 19:10:12,G,2,147,3287,1581,0,5,-62.5304,-61.8624,12:38.6,FastGPS,-62.5304,-61.8624,,,3,-0.4,,,,15,13,23168,,,,15,26266,,,,17,20766,,,,28,11825,,,,30,21408,,,,,,,,,,,,,,,,,,,,,,,,,,,,,,,,,,,,,,,,,,,,,,,,,,,,,
173713,13-Aug-18,19:42:02,2018-08-13 19:42:02,G,2,147,3288,1581,0,5,-62.5349,-61.8793,44:29.1,FastGPS,-62.5349,-61.8793,,,7.8,0.1,,,,15,17,14666,,,,15,23400,,,,13,24167,,,,19,4356,,,,28,27912,,,,,,,,,,,,,,,,,,,,,,,,,,,,,,,,,,,,,,,,,,,,,,,,,,,,,
173713,13-Aug-18,20:16:19,2018-08-13 20:16:19,G,1,147,3289,,0,9,-62.548,-61.9029,18:46.1,FastGPS,-62.548,-61.9029,,,8.5,0.1,,,,15,15,18085,,,,12,28451,,,,17,21984,,,,1,19101,,,,28,12068,,,,11,17973,,,,24,27213,,,,19,23008,,,,18,10926,,,,,,,,,,,,,,,,,,,,,,,,,,,,,,,,,
173713,13-Aug-18,20:51:36,2018-08-13 20:51:36,G,2,147,3290,1581,0,5,-62.5586,-61.9217,54:02.6,FastGPS,-62.5586,-61.9217,,,6.3,-0.4,,,,15,17,12972,,,,12,6732,,,,19,21136,,,,24,27539,,,,15,8233,,,,,,,,,,,,,,,,,,,,,,,,,,,,,,,,,,,,,,,,,,,,,,,,,,,,,
173713,13-Aug-18,21:22:47,2018-08-13 21:22:47,G,2,147,3291,1581,0,7,-62.5594,-61.9635,25:13.6,FastGPS,-62.5594,-61.9635,,,5.6,-0.4,,,,15,17,22627,,,,19,12107,,,,12,27543,,,,6,28956,,,,24,25147,,,,15,29071,,,,32,9902,,,,,,,,,,,,,,,,,,,,,,,,,,,,,,,,,,,,,,,,,,,
173713,13-Aug-18,21:56:09,2018-08-13 21:56:09,G,2,147,3292,1581,0,7,-62.5577,-62.0151,58:35.6,FastGPS,-62.5577,-62.0151,,,5.4,-0.4,,,,15,32,12505,,,,17,280,,,,19,13079,,,,6,1076,,,,25,474,,,,12,16968,,,,24,32116,,,,,,,,,,,,,,,,,,,,,,,,,,,,,,,,,,,,,,,,,,,
173713,13-Aug-18,23:02:50,2018-08-13 23:02:50,G,1,147,3294,,0,9,-62.5615,-62.0821,05:16.1,FastGPS,-62.5615,-62.0821,,,4.6,-0.9,,,,15,12,24952,,,,2,29992,,,,6,30904,,,,31,1533,,,,19,24150,,,,25,10501,,,,32,30810,,,,24,23736,,,,29,26823,,,,,,,,,,,,,,,,,,,,,,,,,,,,,,,,,
173713,13-Aug-18,23:33:00,2018-08-13 23:33:00,G,1,147,3295,,0,9,-62.5676,-62.1089,35:25.6,FastGPS,-62.5676,-62.1089,,,3.5,-1.4,,,,15,12,7440,,,,2,25765,,,,29,24048,,,,31,19637,,,,32,29302,,,,6,2425,,,,25,4094,,,,14,15118,,,,24,7636,,,,,,,,,,,,,,,,,,,,,,,,,,,,,,,,,
173713,14-Aug-18,0:03:00,2018-08-14 00:03:00,G,2,147,3296,1581,0,5,-62.5631,-62.1508,05:25.6,FastGPS,-62.5631,-62.1508,,,1.1,-1.4,,,,15,12,31974,,,,29,14692,,,,31,20914,,,,2,19447,,,,25,7474,,,,,,,,,,,,,,,,,,,,,,,,,,,,,,,,,,,,,,,,,,,,,,,,,,,,,
173713,14-Aug-18,0:33:46,2018-08-14 00:33:46,G,1,147,3297,1581,0,7,-62.566,-62.1933,36:12.1,FastGPS,-62.566,-62.1933,,1,4,-0.9,,,,15,12,29252,,,,2,30611,,,,31,23345,,,,29,21304,,,,25,10631,,,,4,4564,,,,6,748,,,,,,,,,,,,,,,,,,,,,,,,,,,,,,,,,,,,,,,,,,,
173713,14-Aug-18,2:08:50,2018-08-14 02:08:50,G,2,147,3300,1581,0,4,-62.512,-61.94,8/14/2018 22:19,P,,,,,,,,,,15,5,15810,,,,29,13565,,,,4,10798,,,,26,16221,,,,,,,,,,,,,,,,,,,,,,,,,,,,,,,,,,,,,,,,,,,,,,,,,,,,,,,,,,
173713,14-Aug-18,2:48:18,2018-08-14 02:48:18,G,2,147,3301,1581,0,6,-62.5109,-62.2864,50:43.6,FastGPS,-62.5109,-62.2864,,1,2.7,-1.4,,,,15,26,30828,,,,4,22138,,,,16,29256,,,,29,22059,,,,21,31397,,,,31,23641,,,,,,,,,,,,,,,,,,,,,,,,,,,,,,,,,,,,,,,,,,,,,,,,
173713,14-Aug-18,4:36:00,2018-08-14 04:36:00,G,1,147,3303,1582,0,5,-62.5031,-62.2468,38:25.6,FastGPS,-62.5031,-62.2468,,,2.3,-1.4,,,,15,7,31956,,,,30,21260,,,,27,20308,,,,8,5109,,,,16,7951,,,,,,,,,,,,,,,,,,,,,,,,,,,,,,,,,,,,,,,,,,,,,,,,,,,,,
173713,14-Aug-18,5:06:00,2018-08-14 05:06:00,G,1,147,3304,1582,1,6,-62.5043,-62.2413,08:25.6,FastGPS,-62.5043,-62.2413,,,4.9,-1.4,,,,15,7,1158,,,,30,1525,,,,8,6782,,,,27,4699,,,,16,8179,,,,13,16099,,,,,,,,,,,,,,,,,,,,,,,,,,,,,,,,,,,,,,,,,,,,,,,,
173713,14-Aug-18,14:41:09,2018-08-14 14:41:09,G,1,147,3305,1582,0,7,-62.4996,-62.2262,43:34.6,FastGPS,-62.4996,-62.2262,,,7.8,-1.4,,,,15,9,24,,,,5,30863,,,,23,29474,,,,7,23827,,,,2,27815,,,,30,22017,,,,16,25880,,,,,,,,,,,,,,,,,,,,,,,,,,,,,,,,,,,,,,,,,,,
173713,14-Aug-18,15:33:06,2018-08-14 15:33:06,G,2,147,3306,1582,0,4,-62.176,-61.026,8/15/2018 14:59,A,-62.5228,-62.1938,,,0.2,-0.9,,,,15,7,1256,,,,5,8429,,,,9,21494,,,,16,30613,,,,,,,,,,,,,,,,,,,,,,,,,,,,,,,,,,,,,,,,,,,,,,,,,,,,,,,,,,
173713,14-Aug-18,16:34:42,2018-08-14 16:34:42,G,1,147,3307,1584,0,8,-62.5385,-62.132,37:08.1,FastGPS,-62.5385,-62.132,,,12.5,-0.9,,,,15,5,7703,,,,13,9540,,,,7,8688,,,,30,20173,,,,27,12815,,,,8,16548,,,,9,11364,,,,21,8429,,,,,,,,,,,,,,,,,,,,,,,,,,,,,,,,,,,,,,
173713,14-Aug-18,17:09:09,2018-08-14 17:09:09,G,1,147,3308,1584,0,5,-62.5461,-62.0968,11:35.1,FastGPS,-62.5461,-62.0968,,,2.3,-0.9,,,,15,5,23018,,,,30,4716,,,,28,21584,,,,13,9036,,,,15,31099,,,,,,,,,,,,,,,,,,,,,,,,,,,,,,,,,,,,,,,,,,,,,,,,,,,,,
173713,14-Aug-18,17:39:00,2018-08-14 17:39:00,G,1,147,3309,1584,0,8,-62.551,-62.07,41:25.6,FastGPS,-62.551,-62.07,,,5.6,-1.4,,,,15,5,16587,,,,7,30195,,,,30,22902,,,,8,11381,,,,13,2923,,,,28,28667,,,,15,17389,,,,27,13526,,,,,,,,,,,,,,,,,,,,,,,,,,,,,,,,,,,,,,
173713,14-Aug-18,18:47:35,2018-08-14 18:47:35,G,3,147,3311,1584,0,7,-62.5613,-62.0118,50:00.6,FastGPS,-62.5613,-62.0118,,,2.3,-1.4,,,,15,13,20115,,,,15,31000,,,,28,27962,,,,30,24274,,,,17,24746,,,,20,22929,,,,10,27205,,,,,,,,,,,,,,,,,,,,,,,,,,,,,,,,,,,,,,,,,,,
173713,14-Aug-18,19:17:44,2018-08-14 19:17:44,G,2,147,3312,1584,0,5,-62.5682,-62.0213,20:10.1,FastGPS,-62.5682,-62.0213,,,4.3,-0.9,,,,15,28,21498,,,,15,337,,,,13,26443,,,,17,6099,,,,11,31618,,,,,,,,,,,,,,,,,,,,,,,,,,,,,,,,,,,,,,,,,,,,,,,,,,,,,
173713,14-Aug-18,19:55:20,2018-08-14 19:55:20,G,1,147,3313,,0,9,-62.5789,-62.0245,57:45.6,FastGPS,-62.5789,-62.0245,,,4.6,-1.4,,,,15,15,4214,,,,12,4742,,,,24,30726,,,,28,295,,,,18,10371,,,,17,2517,,,,11,1051,,,,1,15631,,,,13,24438,,,,,,,,,,,,,,,,,,,,,,,,,,,,,,,,,
173713,14-Aug-18,20:59:28,2018-08-14 20:59:28,G,1,147,3315,1584,0,7,-62.5595,-61.9931,01:54.1,FastGPS,-62.5595,-61.9931,,,5.1,-0.9,,,,15,24,28831,,,,17,27343,,,,12,7553,,,,19,32291,,,,32,26190,,,,1,25527,,,,10,17076,,,,,,,,,,,,,,,,,,,,,,,,,,,,,,,,,,,,,,,,,,,
173713,14-Aug-18,21:32:06,2018-08-14 21:32:06,G,1,147,3316,1584,0,8,-62.5435,-61.9659,34:32.1,FastGPS,-62.5435,-61.9659,,,11.5,-0.9,,,,15,32,10723,,,,12,1927,,,,6,21785,,,,17,25967,,,,24,21049,,,,19,18982,,,,1,14702,,,,22,22686,,,,,,,,,,,,,,,,,,,,,,,,,,,,,,,,,,,,,,
173713,14-Aug-18,22:02:00,2018-08-14 22:02:00,G,1,147,3317,1584,0,7,-62.5242,-61.946,04:26.6,FastGPS,-62.5242,-61.946,,,5.9,-0.4,,,,15,6,27342,,,,12,27901,,,,24,6715,,,,19,28467,,,,32,13551,,,,17,22605,,,,25,2511,,,,,,,,,,,,,,,,,,,,,,,,,,,,,,,,,,,,,,,,,,,
173713,15-Aug-18,0:10:36,2018-08-15 00:10:36,G,5,147,3321,1584,0,5,-62.4427,-61.8383,13:01.6,FastGPS,-62.4427,-61.8383,,,3.7,-1.4,,,,15,31,17889,,,,12,31541,,,,25,14127,,,,2,32358,,,,29,25458,,,,,,,,,,,,,,,,,,,,,,,,,,,,,,,,,,,,,,,,,,,,,,,,,,,,,
173713,15-Aug-18,0:40:31,2018-08-15 00:40:31,G,3,147,3322,1584,0,8,-62.4282,-61.8028,42:56.6,FastGPS,-62.4282,-61.8028,,1,14.9,-1.4,,,,15,31,29012,,,,29,12747,,,,4,9850,,,,25,30281,,,,2,17538,,,,6,18641,,,,12,17308,,,,26,23434,,,,,,,,,,,,,,,,,,,,,,,,,,,,,,,,,,,,,,
173713,15-Aug-18,1:19:45,2018-08-15 01:19:45,G,3,147,3323,1584,0,8,-62.417,-61.7466,22:10.6,FastGPS,-62.417,-61.7466,,1,2.1,-1.4,,,,15,31,5350,,,,4,11594,,,,29,1480,,,,5,5157,,,,25,7384,,,,26,14236,,,,23,30543,,,,9,22603,,,,,,,,,,,,,,,,,,,,,,,,,,,,,,,,,,,,,,
173713,15-Aug-18,1:55:14,2018-08-15 01:55:14,G,3,147,3324,1584,0,7,-62.3988,-61.7213,57:39.6,FastGPS,-62.3988,-61.7213,,1,2.8,-1.4,,,,15,5,16872,,,,29,835,,,,2,27714,,,,31,16945,,,,4,2731,,,,25,12183,,,,21,30961,,,,,,,,,,,,,,,,,,,,,,,,,,,,,,,,,,,,,,,,,,,
173713,15-Aug-18,2:29:37,2018-08-15 02:29:37,G,1,147,3325,1584,0,8,-62.3801,-61.7032,32:02.6,FastGPS,-62.3801,-61.7032,,1,4.3,-1.4,,,,15,5,16413,,,,4,21692,,,,29,27523,,,,26,16053,,,,31,25258,,,,21,6139,,,,2,27357,,,,25,30489,,,,,,,,,,,,,,,,,,,,,,,,,,,,,,,,,,,,,,
173713,15-Aug-18,3:01:01,2018-08-15 03:01:01,G,2,147,3326,1584,0,6,-62.3652,-61.6852,03:26.6,FastGPS,-62.3652,-61.6852,,1,4.4,-1.4,,,,15,5,7668,,,,21,17465,,,,26,24592,,,,29,32102,,,,4,1313,,,,16,2110,,,,,,,,,,,,,,,,,,,,,,,,,,,,,,,,,,,,,,,,,,,,,,,,
173713,15-Aug-18,3:35:34,2018-08-15 03:35:34,G,1,147,3327,1584,0,8,-62.347,-61.6774,37:59.6,FastGPS,-62.347,-61.6774,,1,12.8,-1.4,,,,15,5,16509,,,,29,1400,,,,21,3458,,,,4,31233,,,,16,3063,,,,26,18323,,,,7,27587,,,,27,28797,,,,,,,,,,,,,,,,,,,,,,,,,,,,,,,,,,,,,,
173713,15-Aug-18,5:12:49,2018-08-15 05:12:49,G,3,147,3330,,0,9,-62.3008,-61.6234,15:15.1,FastGPS,-62.3008,-61.6234,,,4.5,-0.9,,,,15,13,16333,,,,15,19710,,,,16,11303,,,,10,29945,,,,27,29385,,,,21,15693,,,,7,12244,,,,20,101,,,,26,7567,,,,,,,,,,,,,,,,,,,,,,,,,,,,,,,,,
173713,15-Aug-18,5:43:59,2018-08-15 05:43:59,G,2,147,3331,1584,0,8,-62.2845,-61.6293,46:24.6,FastGPS,-62.2845,-61.6293,,,8.8,-1.4,,,,15,15,12348,,,,21,7309,,,,20,23091,,,,10,4666,,,,27,4928,,,,8,6518,,,,13,8445,,,,16,27889,,,,,,,,,,,,,,,,,,,,,,,,,,,,,,,,,,,,,,
173713,15-Aug-18,6:48:00,2018-08-15 06:48:00,G,1,147,3333,,0,9,-62.2495,-61.6162,50:25.6,FastGPS,-62.2495,-61.6162,,,8.7,-1.4,,,,15,10,23253,,,,20,1520,,,,15,25628,,,,8,4307,,,,27,10677,,,,32,14353,,,,24,26814,,,,21,5797,,,,18,18213,,,,,,,,,,,,,,,,,,,,,,,,,,,,,,,,,
173713,15-Aug-18,7:18:00,2018-08-15 07:18:00,G,1,147,3334,,0,9,-62.2351,-61.5834,20:25.6,FastGPS,-62.2351,-61.5834,,,8.4,-1.4,,,,15,32,14811,,,,18,23735,,,,8,459,,,,11,29561,,,,10,346,,,,27,22312,,,,20,13446,,,,28,6710,,,,15,2519,,,,,,,,,,,,,,,,,,,,,,,,,,,,,,,,,
173713,15-Aug-18,7:48:49,2018-08-15 07:48:49,G,1,147,3335,,0,9,-62.2239,-61.5339,51:14.6,FastGPS,-62.2239,-61.5339,,,11.2,-1.4,,,,15,11,30185,,,,18,21620,,,,8,26646,,,,10,15588,,,,32,458,,,,14,32021,,,,28,9116,,,,1,24583,,,,20,13828,,,,,,,,,,,,,,,,,,,,,,,,,,,,,,,,,
173713,15-Aug-18,8:19:00,2018-08-15 08:19:00,G,2,147,3336,,0,9,-62.2171,-61.4858,21:25.6,FastGPS,-62.2171,-61.4858,,,7.8,-1.4,,,,15,32,28634,,,,10,22040,,,,18,9320,,,,1,5853,,,,28,8977,,,,11,20163,,,,17,32008,,,,14,31485,,,,20,23890,,,,,,,,,,,,,,,,,,,,,,,,,,,,,,,,,
173713,15-Aug-18,8:53:44,2018-08-15 08:53:44,G,2,147,3337,,0,9,-62.2169,-61.4277,56:10.1,FastGPS,-62.2169,-61.4277,,,13,-0.9,,,,15,17,28927,,,,1,8127,,,,18,32250,,,,11,12348,,,,10,25492,,,,14,9502,,,,32,11946,,,,22,21870,,,,3,28023,,,,,,,,,,,,,,,,,,,,,,,,,,,,,,,,,
173713,15-Aug-18,9:32:08,2018-08-15 09:32:08,G,2,147,3338,1584,0,5,-62.2196,-61.3762,34:34.1,FastGPS,-62.2196,-61.3762,,,3.8,-0.9,,,,15,1,24067,,,,22,4950,,,,32,17134,,,,11,8110,,,,3,22137,,,,,,,,,,,,,,,,,,,,,,,,,,,,,,,,,,,,,,,,,,,,,,,,,,,,,
173713,15-Aug-18,10:04:41,2018-08-15 10:04:41,G,2,147,3339,1584,0,6,-62.2205,-61.3762,07:07.1,FastGPS,-62.2205,-61.3762,,,12,-0.9,,,,15,17,20265,,,,31,15882,,,,3,30482,,,,18,12583,,,,22,24513,,,,1,11819,,,,,,,,,,,,,,,,,,,,,,,,,,,,,,,,,,,,,,,,,,,,,,,,
173713,15-Aug-18,10:44:07,2018-08-15 10:44:07,G,1,147,3340,1584,0,6,-62.2153,-61.3301,46:33.1,FastGPS,-62.2153,-61.3301,,,9.2,-0.9,,,,15,31,25619,,,,3,18569,,,,1,32143,,,,22,28802,,,,12,27737,,,,17,20020,,,,,,,,,,,,,,,,,,,,,,,,,,,,,,,,,,,,,,,,,,,,,,,,
173713,15-Aug-18,11:29:54,2018-08-15 11:29:54,G,1,147,3341,1584,0,6,-62.1999,-61.2886,32:19.7,FastGPS,-62.1999,-61.2886,,,3.5,-1.3,,,,15,31,8530,,,,22,30287,,,,3,25252,,,,23,27923,,,,1,13801,,,,6,3866,,,,,,,,,,,,,,,,,,,,,,,,,,,,,,,,,,,,,,,,,,,,,,,,
173713,15-Aug-18,12:55:51,2018-08-15 12:55:51,G,2,147,3343,,0,9,-62.1909,-61.2041,58:17.1,FastGPS,-62.1909,-61.2041,,1,5.9,-0.9,,,,15,6,12866,,,,9,4720,,,,23,11051,,,,26,564,,,,2,14213,,,,4,18402,,,,31,19596,,,,16,6840,,,,3,26230,,,,,,,,,,,,,,,,,,,,,,,,,,,,,,,,,
173713,15-Aug-18,13:36:34,2018-08-15 13:36:34,G,1,147,3344,,0,9,-62.183,-61.1564,38:59.6,FastGPS,-62.183,-61.1564,,1,6.7,-1.4,,,,15,9,19279,,,,6,14239,,,,7,7358,,,,29,14188,,,,23,30254,,,,16,20611,,,,2,26636,,,,4,2235,,,,26,16800,,,,,,,,,,,,,,,,,,,,,,,,,,,,,,,,,
173713,15-Aug-18,14:09:00,2018-08-15 14:09:00,G,1,147,3345,1585,0,8,-62.1852,-61.1159,11:25.6,FastGPS,-62.1852,-61.1159,,1,5.9,-1.4,,,,15,9,11009,,,,5,18604,,,,2,28734,,,,23,21493,,,,16,31756,,,,26,3650,,,,7,5956,,,,4,32118,,,,,,,,,,,,,,,,,,,,,,,,,,,,,,,,,,,,,,
173713,15-Aug-18,14:45:02,2018-08-15 14:45:02,G,1,147,3346,,0,9,-62.1927,-61.0789,47:28.1,FastGPS,-62.1927,-61.0789,,1,6.2,-0.9,,,,15,5,23462,,,,7,16690,,,,9,24576,,,,2,1210,,,,23,5807,,,,16,27002,,,,30,27397,,,,26,1075,,,,4,12332,,,,,,,,,,,,,,,,,,,,,,,,,,,,,,,,,
173713,15-Aug-18,16:16:22,2018-08-15 16:16:22,G,2,147,3349,1585,0,7,-62.2042,-61.0692,18:47.6,FastGPS,-62.2042,-61.0692,,,9,-1.4,,,,15,7,20156,,,,5,26725,,,,13,25215,,,,27,15118,,,,30,17108,,,,21,30251,,,,9,26589,,,,,,,,,,,,,,,,,,,,,,,,,,,,,,,,,,,,,,,,,,,
173713,15-Aug-18,16:52:41,2018-08-15 16:52:41,G,2,147,3350,1585,0,6,-62.2115,-61.0418,55:06.6,FastGPS,-62.2115,-61.0418,,,5.8,-1.4,,,,15,5,19726,,,,13,1457,,,,30,13476,,,,7,2598,,,,27,28916,,,,8,24974,,,,,,,,,,,,,,,,,,,,,,,,,,,,,,,,,,,,,,,,,,,,,,,,
173713,15-Aug-18,17:25:51,2018-08-15 17:25:51,G,1,147,3351,1585,0,8,-62.218,-61.0133,28:17.6,FastGPS,-62.218,-61.0133,,,4.4,-0.4,,,,15,15,6633,,,,7,6477,,,,13,15595,,,,28,1792,,,,30,8744,,,,27,1753,,,,8,14743,,,,5,15138,,,,,,,,,,,,,,,,,,,,,,,,,,,,,,,,,,,,,,
173713,15-Aug-18,18:07:35,2018-08-15 18:07:35,G,3,147,3352,1585,0,8,-62.2252,-60.9843,10:01.6,FastGPS,-62.2252,-60.9843,,,16.5,-0.4,,,,15,7,29693,,,,30,18193,,,,15,1381,,,,5,19295,,,,28,14207,,,,13,5922,,,,11,2233,,,,8,11692,,,,,,,,,,,,,,,,,,,,,,,,,,,,,,,,,,,,,,
173713,15-Aug-18,18:37:00,2018-08-15 18:37:00,G,3,147,3353,,0,9,-62.2297,-60.9764,39:26.6,FastGPS,-62.2297,-60.9764,,,8.8,-0.4,,,,15,13,14802,,,,15,129,,,,28,19416,,,,20,29337,,,,30,7251,,,,10,20396,,,,17,17109,,,,8,20144,,,,24,15406,,,,,,,,,,,,,,,,,,,,,,,,,,,,,,,,,
173713,15-Aug-18,19:07:00,2018-08-15 19:07:00,G,4,147,3354,,0,9,-62.2371,-60.962,09:26.6,FastGPS,-62.2371,-60.962,,,7.1,-0.4,,,,15,15,8107,,,,13,27149,,,,10,1524,,,,17,30391,,,,28,19714,,,,11,14043,,,,18,6468,,,,20,6882,,,,24,13479,,,,,,,,,,,,,,,,,,,,,,,,,,,,,,,,,
173713,15-Aug-18,19:50:30,2018-08-15 19:50:30,G,4,147,3355,,0,9,-62.259,-60.9187,52:56.7,FastGPS,-62.259,-60.9187,,,13.2,-0.3,,,,15,15,23215,,,,12,18952,,,,24,10974,,,,11,22582,,,,18,29805,,,,28,26647,,,,20,14416,,,,13,17515,,,,17,25588,,,,,,,,,,,,,,,,,,,,,,,,,,,,,,,,,
173713,15-Aug-18,20:20:01,2018-08-15 20:20:01,G,4,147,3356,,0,9,-62.2694,-60.8821,22:27.6,FastGPS,-62.2694,-60.8821,,,9.9,-0.4,,,,15,15,9919,,,,12,2347,,,,24,10066,,,,17,384,,,,28,19426,,,,19,23285,,,,18,15118,,,,10,31959,,,,11,13114,,,,,,,,,,,,,,,,,,,,,,,,,,,,,,,,,
173713,15-Aug-18,20:50:46,2018-08-15 20:50:46,G,2,147,3357,1585,0,5,-62.2745,-60.849,53:13.1,FastGPS,-62.2745,-60.849,,,7.6,0.1,,,,15,17,11955,,,,19,5869,,,,24,435,,,,32,13872,,,,12,31015,,,,,,,,,,,,,,,,,,,,,,,,,,,,,,,,,,,,,,,,,,,,,,,,,,,,,
173713,15-Aug-18,22:22:00,2018-08-15 22:22:00,G,1,147,3360,1585,0,8,-62.2781,-60.7496,24:26.6,FastGPS,-62.2781,-60.7496,,,7.2,-0.4,,,,15,12,28871,,,,19,27993,,,,32,12519,,,,6,3522,,,,17,30371,,,,14,797,,,,25,281,,,,24,18393,,,,,,,,,,,,,,,,,,,,,,,,,,,,,,,,,,,,,,
173713,15-Aug-18,22:55:03,2018-08-15 22:55:03,G,3,147,3361,,0,9,-62.2693,-60.7527,57:29.1,FastGPS,-62.2693,-60.7527,,,8.8,-0.9,,,,15,14,12907,,,,25,1333,,,,6,30160,,,,32,17015,,,,2,31301,,,,12,20199,,,,31,22142,,,,19,21430,,,,17,25986,,,,,,,,,,,,,,,,,,,,,,,,,,,,,,,,,
173713,16-Aug-18,0:13:06,2018-08-16 00:13:06,G,1,147,3363,1585,0,7,-62.2843,-60.6762,15:32.7,FastGPS,-62.2843,-60.6762,,,6.9,-0.3,,,,15,29,2087,,,,31,16898,,,,12,3977,,,,25,4327,,,,6,6469,,,,2,28624,,,,23,5595,,,,,,,,,,,,,,,,,,,,,,,,,,,,,,,,,,,,,,,,,,,
173713,16-Aug-18,0:43:13,2018-08-16 00:43:13,G,4,147,3364,,0,9,-62.2841,-60.7126,45:40.1,FastGPS,-62.2841,-60.7126,,1,9.5,0.1,,,,15,31,3941,,,,2,19609,,,,12,2174,,,,25,31015,,,,29,2096,,,,4,6720,,,,5,16867,,,,6,480,,,,23,8809,,,,,,,,,,,,,,,,,,,,,,,,,,,,,,,,,
173713,16-Aug-18,1:13:00,2018-08-16 01:13:00,G,4,147,3365,,0,9,-62.2732,-60.6933,15:26.6,FastGPS,-62.2732,-60.6933,,1,6.6,-0.4,,,,15,31,23243,,,,29,16792,,,,4,16578,,,,5,21302,,,,26,16840,,,,2,10313,,,,25,2620,,,,23,14881,,,,9,3837,,,,,,,,,,,,,,,,,,,,,,,,,,,,,,,,,
173713,16-Aug-18,1:43:03,2018-08-16 01:43:03,G,4,147,3366,,0,9,-62.2825,-60.654,45:29.6,FastGPS,-62.2825,-60.654,,1,9.1,-0.4,,,,15,4,29469,,,,29,20706,,,,31,19770,,,,26,18666,,,,5,23654,,,,23,32661,,,,2,18686,,,,9,28867,,,,21,3584,,,,,,,,,,,,,,,,,,,,,,,,,,,,,,,,,
173713,16-Aug-18,2:13:10,2018-08-16 02:13:10,G,2,147,3367,,0,9,-62.2958,-60.6089,15:36.7,FastGPS,-62.2958,-60.6089,,2,11.9,-0.3,,,,15,4,16123,,,,26,30930,,,,16,30952,,,,29,26199,,,,2,5698,,,,5,26507,,,,31,14435,,,,9,16294,,,,15,21080,,,,,,,,,,,,,,,,,,,,,,,,,,,,,,,,,
173713,16-Aug-18,2:43:07,2018-08-16 02:43:07,G,1,147,3368,1585,0,8,-62.3052,-60.5658,45:33.7,FastGPS,-62.3052,-60.5658,,1,10.9,-0.3,,,,15,29,21472,,,,5,9883,,,,4,20003,,,,21,10534,,,,31,6362,,,,26,29514,,,,16,520,,,,25,10995,,,,,,,,,,,,,,,,,,,,,,,,,,,,,,,,,,,,,,
173713,16-Aug-18,4:13:03,2018-08-16 04:13:03,G,1,147,3371,,0,9,-62.2928,-60.4912,15:30.1,FastGPS,-62.2928,-60.4912,,1,9.5,0.1,,,,15,27,18527,,,,16,10030,,,,7,15961,,,,15,10381,,,,13,4153,,,,29,19601,,,,20,14277,,,,4,17993,,,,21,32473,,,,,,,,,,,,,,,,,,,,,,,,,,,,,,,,,
173713,16-Aug-18,4:43:00,2018-08-16 04:43:00,G,1,147,3372,,0,9,-62.3073,-60.4704,45:27.1,FastGPS,-62.3073,-60.4704,,,6.7,0.1,,,,15,27,7173,,,,16,22214,,,,15,19166,,,,7,28406,,,,8,12795,,,,21,24284,,,,26,758,,,,20,27763,,,,13,31551,,,,,,,,,,,,,,,,,,,,,,,,,,,,,,,,,
173713,16-Aug-18,5:13:03,2018-08-16 05:13:03,G,2,147,3373,1585,0,8,-62.3053,-60.4931,15:29.6,FastGPS,-62.3053,-60.4931,,,10.6,-0.4,,,,15,21,14313,,,,15,5982,,,,7,5692,,,,20,15116,,,,27,9145,,,,8,7715,,,,10,21098,,,,16,1321,,,,,,,,,,,,,,,,,,,,,,,,,,,,,,,,,,,,,,
173713,16-Aug-18,6:43:58,2018-08-16 06:43:58,G,1,147,3376,,0,9,-62.2885,-60.4823,46:24.6,FastGPS,-62.2885,-60.4823,,,9.5,-0.4,,,,15,15,21525,,,,20,29917,,,,10,16557,,,,32,8577,,,,27,944,,,,8,25345,,,,24,24597,,,,18,4846,,,,21,2823,,,,,,,,,,,,,,,,,,,,,,,,,,,,,,,,,
173713,16-Aug-18,7:14:00,2018-08-16 07:14:00,G,1,147,3377,1585,0,7,-62.2902,-60.485,16:25.6,FastGPS,-62.2902,-60.485,,,6.8,-1.3,,,,15,27,12316,,,,14,20029,,,,8,21391,,,,10,27082,,,,32,8934,,,,11,16678,,,,22,5616,,,,,,,,,,,,,,,,,,,,,,,,,,,,,,,,,,,,,,,,,,,
173713,16-Aug-18,7:44:00,2018-08-16 07:44:00,G,1,147,3378,1585,1,8,-62.2933,-60.4882,46:25.6,FastGPS,-62.2933,-60.4882,,,6.6,-1.4,,,,15,22,4346,,,,10,9735,,,,8,13933,,,,14,18389,,,,32,22227,,,,20,10527,,,,1,5473,,,,27,3574,,,,,,,,,,,,,,,,,,,,,,,,,,,,,,,,,,,,,,
173713,16-Aug-18,12:02:05,2018-08-16 12:02:05,G,1,147,3381,1585,0,8,-62.333,-60.4416,04:31.2,FastGPS,-62.333,-60.4416,,,12.5,-0.8,,,,15,23,15466,,,,31,21723,,,,3,8665,,,,9,9358,,,,22,6082,,,,6,23947,,,,25,6665,,,,1,3735,,,,,,,,,,,,,,,,,,,,,,,,,,,,,,,,,,,,,,
173713,16-Aug-18,12:38:11,2018-08-16 12:38:11,G,2,147,3382,1585,0,8,-62.3522,-60.4335,40:37.6,FastGPS,-62.3522,-60.4335,,,8.2,-0.4,,,,15,23,4448,,,,3,31702,,,,9,21874,,,,6,7000,,,,22,4118,,,,2,27560,,,,31,103,,,,16,12112,,,,,,,,,,,,,,,,,,,,,,,,,,,,,,,,,,,,,,
173713,16-Aug-18,13:40:10,2018-08-16 13:40:10,G,1,147,3383,1586,0,4,-62.412,-60.098,8/17/2018 12:25,R,-62.3797,-60.4439,,,0.2,-1,,,,15,7,27285,,,,9,10245,,,,23,32572,,,,2,12417,,,,,,,,,,,,,,,,,,,,,,,,,,,,,,,,,,,,,,,,,,,,,,,,,,,,,,,,,,
173713,16-Aug-18,15:23:13,2018-08-16 15:23:13,G,2,147,3386,1586,0,4,-62.412,-60.098,8/17/2018 12:25,R,-62.4151,-60.5165,,,1.9,-1.3,,,,15,7,4749,,,,30,14110,,,,5,947,,,,2,22207,,,,,,,,,,,,,,,,,,,,,,,,,,,,,,,,,,,,,,,,,,,,,,,,,,,,,,,,,,
173713,16-Aug-18,16:05:21,2018-08-16 16:05:21,G,1,147,3387,1586,0,7,-62.4402,-60.5229,07:47.1,FastGPS,-62.4402,-60.5229,,,11.7,-0.9,,,,15,5,4117,,,,7,10588,,,,30,15854,,,,27,21287,,,,13,5800,,,,16,24404,,,,21,31423,,,,,,,,,,,,,,,,,,,,,,,,,,,,,,,,,,,,,,,,,,,
173713,16-Aug-18,17:07:51,2018-08-16 17:07:51,G,1,147,3389,1586,0,7,-62.4477,-60.4986,10:17.1,FastGPS,-62.4477,-60.4986,,,10.1,-0.9,,,,15,5,15369,,,,7,20542,,,,13,6153,,,,30,18288,,,,8,3641,,,,15,3579,,,,28,3965,,,,,,,,,,,,,,,,,,,,,,,,,,,,,,,,,,,,,,,,,,,
173713,16-Aug-18,18:00:17,2018-08-16 18:00:17,G,1,147,3390,1587,0,6,-62.4623,-60.5006,02:43.1,FastGPS,-62.4623,-60.5006,,,7.2,-0.8,,,,15,13,17019,,,,30,9654,,,,5,10343,,,,28,22543,,,,7,27223,,,,15,3520,,,,,,,,,,,,,,,,,,,,,,,,,,,,,,,,,,,,,,,,,,,,,,,,
173713,16-Aug-18,18:30:51,2018-08-16 18:30:51,G,1,147,3391,1587,0,8,-62.4624,-60.5058,33:17.1,FastGPS,-62.4624,-60.5058,,,8,-0.9,,,,15,13,26517,,,,17,17002,,,,15,5519,,,,28,31608,,,,20,6282,,,,30,27477,,,,10,27175,,,,24,15371,,,,,,,,,,,,,,,,,,,,,,,,,,,,,,,,,,,,,,
173713,16-Aug-18,19:05:56,2018-08-16 19:05:56,G,2,147,3392,,0,10,-62.4544,-60.5246,08:22.1,FastGPS,-62.4544,-60.5246,,1,7.9,-0.9,,,,15,13,29937,,,,15,20264,,,,17,22859,,,,30,21485,,,,18,26468,,,,20,17579,,,,10,21051,,,,28,27646,,,,11,30468,,,,32,0,,,,,,,,,,,,,,,,,,,,,,,,,,,,
173713,16-Aug-18,19:37:10,2018-08-16 19:37:10,G,1,147,3393,,0,9,-62.4529,-60.5304,39:35.6,FastGPS,-62.4529,-60.5304,,1,8.7,-1.4,,,,15,13,9027,,,,17,22527,,,,15,23795,,,,10,661,,,,19,17375,,,,24,2957,,,,20,23622,,,,28,20018,,,,12,30227,,,,,,,,,,,,,,,,,,,,,,,,,,,,,,,,,
173713,16-Aug-18,20:13:27,2018-08-16 20:13:27,G,2,147,3394,,0,9,-62.4531,-60.5359,15:53.1,FastGPS,-62.4531,-60.5359,,1,7,-0.9,,,,15,17,25453,,,,24,30828,,,,15,8963,,,,12,17140,,,,28,27446,,,,10,30271,,,,19,9392,,,,1,13865,,,,20,17328,,,,,,,,,,,,,,,,,,,,,,,,,,,,,,,,,
173713,16-Aug-18,22:23:02,2018-08-16 22:23:02,G,2,147,3398,1587,0,8,-62.4106,-60.5286,25:29.1,FastGPS,-62.4106,-60.5286,,1,7.9,0.1,,,,15,12,9008,,,,25,28561,,,,19,27448,,,,32,17989,,,,17,18964,,,,24,11254,,,,14,18971,,,,2,21985,,,,,,,,,,,,,,,,,,,,,,,,,,,,,,,,,,,,,,
173713,16-Aug-18,22:54:19,2018-08-16 22:54:19,G,3,147,3399,,0,9,-62.4123,-60.5056,56:45.7,FastGPS,-62.4123,-60.5056,,1,6.1,-0.3,,,,15,25,25289,,,,12,32509,,,,32,23099,,,,14,26695,,,,31,19866,,,,17,26197,,,,19,27080,,,,6,14314,,,,29,16892,,,,,,,,,,,,,,,,,,,,,,,,,,,,,,,,,
173713,16-Aug-18,23:59:24,2018-08-16 23:59:24,G,1,147,3401,1587,0,5,-62.412,-60.098,8/17/2018 12:25,R,-62.4274,-60.4253,,1,0.2,-0.3,,,,15,31,18514,,,,29,24048,,,,25,25693,,,,12,25460,,,,2,16072,,,,,,,,,,,,,,,,,,,,,,,,,,,,,,,,,,,,,,,,,,,,,,,,,,,,,
173713,17-Aug-18,0:29:26,2018-08-17 00:29:26,G,4,147,3402,,0,9,-62.4292,-60.3879,31:53.1,FastGPS,-62.4292,-60.3879,,2,6.8,0.1,,,,15,31,886,,,,29,14837,,,,12,13005,,,,2,6507,,,,25,13580,,,,4,3847,,,,5,16975,,,,26,16045,,,,6,15931,,,,,,,,,,,,,,,,,,,,,,,,,,,,,,,,,
173713,17-Aug-18,1:04:04,2018-08-17 01:04:04,G,3,147,3403,,0,9,-62.4196,-60.3477,06:31.1,FastGPS,-62.4196,-60.3477,,1,5.1,0.1,,,,15,4,25119,,,,29,3696,,,,12,14081,,,,31,20215,,,,5,394,,,,23,11392,,,,25,7407,,,,2,20701,,,,26,22438,,,,,,,,,,,,,,,,,,,,,,,,,,,,,,,,,
173713,17-Aug-18,1:35:37,2018-08-17 01:35:37,G,5,147,3404,,0,9,-62.4105,-60.3247,38:04.1,FastGPS,-62.4105,-60.3247,,1,4,0.1,,,,15,29,22377,,,,4,21754,,,,26,8387,,,,23,8599,,,,2,4205,,,,5,19747,,,,9,30458,,,,31,28232,,,,25,9344,,,,,,,,,,,,,,,,,,,,,,,,,,,,,,,,,
173713,17-Aug-18,2:08:03,2018-08-17 02:08:03,G,1,147,3405,,0,9,-62.4011,-60.2995,10:29.7,FastGPS,-62.4011,-60.2995,,1,5.7,-0.3,,,,15,26,31869,,,,4,17976,,,,5,31511,,,,29,31900,,,,16,30129,,,,2,17473,,,,31,20527,,,,9,22356,,,,21,18583,,,,,,,,,,,,,,,,,,,,,,,,,,,,,,,,,
173713,17-Aug-18,2:39:35,2018-08-17 02:39:35,G,1,147,3406,1587,0,6,-62.3993,-60.2673,42:02.1,FastGPS,-62.3993,-60.2673,,1,0.8,0.1,,,,15,4,21403,,,,26,31402,,,,16,4164,,,,5,13558,,,,29,23064,,,,21,13996,,,,,,,,,,,,,,,,,,,,,,,,,,,,,,,,,,,,,,,,,,,,,,,,
173713,17-Aug-18,3:14:30,2018-08-17 03:14:30,G,1,147,3407,1587,0,8,-62.4063,-60.237,16:56.7,FastGPS,-62.4063,-60.237,,1,9.5,-0.3,,,,15,4,19633,,,,26,27870,,,,16,3985,,,,21,1237,,,,5,21142,,,,29,17732,,,,13,14427,,,,7,21323,,,,,,,,,,,,,,,,,,,,,,,,,,,,,,,,,,,,,,
173713,17-Aug-18,3:44:09,2018-08-17 03:44:09,G,1,147,3408,1587,0,5,-62.3962,-60.2186,46:35.6,FastGPS,-62.3962,-60.2186,,,11.3,-0.4,,,,15,27,21527,,,,16,11282,,,,7,24995,,,,5,28713,,,,26,7593,,,,,,,,,,,,,,,,,,,,,,,,,,,,,,,,,,,,,,,,,,,,,,,,,,,,,
173713,17-Aug-18,4:14:00,2018-08-17 04:14:00,G,2,147,3409,,0,9,-62.3874,-60.2192,16:25.7,FastGPS,-62.3874,-60.2192,,1,7,-1.3,,,,15,13,1638,,,,5,26776,,,,15,13963,,,,29,16235,,,,7,4504,,,,20,17352,,,,30,8587,,,,4,15603,,,,26,30889,,,,,,,,,,,,,,,,,,,,,,,,,,,,,,,,,
173713,17-Aug-18,4:46:25,2018-08-17 04:46:25,G,3,147,3410,,0,9,-62.3719,-60.2186,48:51.1,FastGPS,-62.3719,-60.2186,,1,7,-0.9,,,,15,15,27387,,,,21,380,,,,13,26043,,,,10,19869,,,,16,26462,,,,20,2309,,,,27,16861,,,,30,28170,,,,4,28038,,,,,,,,,,,,,,,,,,,,,,,,,,,,,,,,,
173713,17-Aug-18,5:16:00,2018-08-17 05:16:00,G,4,147,3411,,0,9,-62.3583,-60.2149,18:25.7,FastGPS,-62.3583,-60.2149,,,7.6,-1.3,,,,15,10,17338,,,,27,23763,,,,20,26690,,,,15,19084,,,,13,22393,,,,16,12107,,,,21,29494,,,,30,20312,,,,7,23750,,,,,,,,,,,,,,,,,,,,,,,,,,,,,,,,,
173713,17-Aug-18,5:47:34,2018-08-17 05:47:34,G,3,147,3412,1587,0,8,-62.3507,-60.212,50:00.2,FastGPS,-62.3507,-60.212,,,12.4,-0.8,,,,15,15,20890,,,,10,5703,,,,27,9991,,,,8,9634,,,,20,27227,,,,21,1851,,,,13,21944,,,,30,17292,,,,,,,,,,,,,,,,,,,,,,,,,,,,,,,,,,,,,,
173713,17-Aug-18,6:25:30,2018-08-17 06:25:30,G,1,147,3413,,0,9,-62.3408,-60.2057,27:56.1,FastGPS,-62.3408,-60.2057,,,12.7,-0.9,,,,15,15,5812,,,,8,25818,,,,10,28359,,,,20,12483,,,,28,16842,,,,32,20457,,,,27,11715,,,,21,24358,,,,11,31668,,,,,,,,,,,,,,,,,,,,,,,,,,,,,,,,,
173713,17-Aug-18,7:25:40,2018-08-17 07:25:40,G,1,147,3415,,0,9,-62.3474,-60.1958,28:05.7,FastGPS,-62.3474,-60.1958,,,12.8,-1.3,,,,15,8,12890,,,,18,4840,,,,11,11443,,,,27,32250,,,,1,13247,,,,10,14130,,,,20,2938,,,,32,15014,,,,15,22442,,,,,,,,,,,,,,,,,,,,,,,,,,,,,,,,,
173713,17-Aug-18,7:55:00,2018-08-17 07:55:00,G,4,147,3416,,0,9,-62.3585,-60.2004,57:25.6,FastGPS,-62.3585,-60.2004,,,9.3,-1.4,,,,15,32,17870,,,,18,27433,,,,11,3266,,,,10,25630,,,,24,10603,,,,8,28571,,,,14,13413,,,,1,22360,,,,28,7796,,,,,,,,,,,,,,,,,,,,,,,,,,,,,,,,,
173713,17-Aug-18,8:44:20,2018-08-17 08:44:20,G,3,147,3417,,0,9,-62.3722,-60.2145,46:46.2,FastGPS,-62.3722,-60.2145,,,6.6,-0.8,,,,15,18,30249,,,,17,21873,,,,32,16119,,,,14,8220,,,,1,1485,,,,11,8337,,,,22,11083,,,,24,25177,,,,10,3467,,,,,,,,,,,,,,,,,,,,,,,,,,,,,,,,,
173713,17-Aug-18,9:16:46,2018-08-17 09:16:46,G,3,147,3418,1588,0,8,-62.3733,-60.216,19:11.7,FastGPS,-62.3733,-60.216,,,7.2,-1.3,,,,15,1,23894,,,,32,12186,,,,14,25053,,,,18,10346,,,,22,22728,,,,11,22626,,,,12,25859,,,,17,2225,,,,,,,,,,,,,,,,,,,,,,,,,,,,,,,,,,,,,,
173713,17-Aug-18,10:17:00,2018-08-17 10:17:00,G,3,147,3419,,0,9,-62.3731,-60.1665,19:25.6,FastGPS,-62.3731,-60.1665,,,7.1,-1.3,,,,15,12,28835,,,,3,12843,,,,19,11771,,,,22,1395,,,,32,10427,,,,25,31357,,,,23,19346,,,,1,10279,,,,31,18613,,,,,,,,,,,,,,,,,,,,,,,,,,,,,,,,,
173713,17-Aug-18,10:51:30,2018-08-17 10:51:30,G,3,147,3420,,0,9,-62.3835,-60.148,53:55.7,FastGPS,-62.3835,-60.148,,,8,-1.3,,,,15,31,2784,,,,22,27060,,,,25,23698,,,,32,9798,,,,3,16587,,,,14,14974,,,,1,29105,,,,12,29943,,,,17,25224,,,,,,,,,,,,,,,,,,,,,,,,,,,,,,,,,
173713,17-Aug-18,11:23:02,2018-08-17 11:23:02,G,3,147,3421,1590,0,6,-62.394,-60.1282,25:28.2,FastGPS,-62.394,-60.1282,,1,1.7,-0.8,,,,15,3,1183,,,,23,4590,,,,22,5622,,,,31,22661,,,,17,28809,,,,4,7093,,,,,,,,,,,,,,,,,,,,,,,,,,,,,,,,,,,,,,,,,,,,,,,,
173713,17-Aug-18,11:53:30,2018-08-17 11:53:30,G,3,147,3422,,0,9,-62.4004,-60.0995,55:56.1,FastGPS,-62.4004,-60.0995,,1,7.4,-0.8,,,,15,23,3861,,,,6,12527,,,,3,15183,,,,26,12579,,,,4,2596,,,,31,31115,,,,9,20904,,,,19,7786,,,,22,21691,,,,,,,,,,,,,,,,,,,,,,,,,,,,,,,,,
173713,17-Aug-18,12:23:02,2018-08-17 12:23:02,G,1,147,3423,1590,0,7,-62.408,-60.0736,25:27.7,FastGPS,-62.408,-60.0736,,,6.7,-1.3,,,,15,23,7121,,,,3,7833,,,,6,11305,,,,31,14186,,,,19,9837,,,,9,26660,,,,2,27302,,,,,,,,,,,,,,,,,,,,,,,,,,,,,,,,,,,,,,,,,,,
173713,17-Aug-18,13:13:05,2018-08-17 13:13:05,G,3,147,3424,,0,9,-62.406,-60.0345,15:30.7,FastGPS,-62.406,-60.0345,,1,12,-1.3,,,,15,2,1870,,,,4,8704,,,,29,21698,,,,9,24525,,,,6,6493,,,,26,11481,,,,23,22375,,,,31,22459,,,,3,30403,,,,,,,,,,,,,,,,,,,,,,,,,,,,,,,,,
173713,17-Aug-18,13:43:00,2018-08-17 13:43:00,G,3,147,3425,1591,0,8,-62.4077,-60.0135,45:25.6,FastGPS,-62.4077,-60.0135,,1,13.6,-1.4,,,,15,7,20713,,,,2,4190,,,,6,9727,,,,9,8279,,,,16,7297,,,,29,7031,,,,23,10865,,,,4,3789,,,,,,,,,,,,,,,,,,,,,,,,,,,,,,,,,,,,,,
173713,17-Aug-18,14:16:29,2018-08-17 14:16:29,G,1,147,3426,1591,0,6,-62.4041,-59.9909,18:55.2,FastGPS,-62.4041,-59.9909,,,2.1,-0.8,,,,15,9,10992,,,,7,6871,,,,23,14582,,,,2,6576,,,,5,27555,,,,16,26276,,,,,,,,,,,,,,,,,,,,,,,,,,,,,,,,,,,,,,,,,,,,,,,,
173713,17-Aug-18,14:46:33,2018-08-17 14:46:33,G,1,147,3427,1591,0,8,-62.4045,-59.9717,48:59.1,FastGPS,-62.4045,-59.9717,,,10.4,-0.9,,,,15,23,26595,,,,5,11783,,,,7,28795,,,,30,22779,,,,2,20288,,,,9,30502,,,,16,14035,,,,27,14969,,,,,,,,,,,,,,,,,,,,,,,,,,,,,,,,,,,,,,
173713,17-Aug-18,15:18:14,2018-08-17 15:18:14,G,1,147,3428,1591,0,7,-62.4078,-59.956,20:40.1,FastGPS,-62.4078,-59.956,,,8.4,-0.8,,,,15,5,27119,,,,30,7475,,,,7,2127,,,,27,25454,,,,23,9347,,,,2,20967,,,,16,11890,,,,,,,,,,,,,,,,,,,,,,,,,,,,,,,,,,,,,,,,,,,
173713,17-Aug-18,19:18:39,2018-08-17 19:18:39,G,1,147,3431,1594,0,7,-62.3535,-59.9945,21:05.2,FastGPS,-62.3535,-59.9945,,,8.9,-0.8,,,,15,28,17791,,,,17,24620,,,,15,16185,,,,11,25485,,,,13,10813,,,,30,13823,,,,1,30969,,,,,,,,,,,,,,,,,,,,,,,,,,,,,,,,,,,,,,,,,,,
173713,17-Aug-18,19:48:00,2018-08-17 19:48:00,G,1,147,3432,1594,0,5,-62.3473,-60.0021,50:25.6,FastGPS,-62.3473,-60.0021,,,10.4,-1.3,,,,15,15,3315,,,,17,2294,,,,24,17982,,,,12,32570,,,,20,21958,,,,,,,,,,,,,,,,,,,,,,,,,,,,,,,,,,,,,,,,,,,,,,,,,,,,,
173713,17-Aug-18,23:48:35,2018-08-17 23:48:35,G,1,147,3435,1595,0,5,-62.2991,-60.0385,51:00.7,FastGPS,-62.2991,-60.0385,,,1.1,-1.3,,,,15,6,29768,,,,12,25768,,,,19,26898,,,,2,22173,,,,25,32578,,,,,,,,,,,,,,,,,,,,,,,,,,,,,,,,,,,,,,,,,,,,,,,,,,,,,
173713,18-Aug-18,0:41:22,2018-08-18 00:41:22,G,4,147,3436,1595,0,8,-62.2863,-60.0392,43:48.1,FastGPS,-62.2863,-60.0392,,1,11,-0.9,,,,15,12,5758,,,,5,6608,,,,29,9556,,,,2,6415,,,,23,9511,,,,31,30938,,,,25,17187,,,,4,23718,,,,,,,,,,,,,,,,,,,,,,,,,,,,,,,,,,,,,,
173713,18-Aug-18,2:07:13,2018-08-18 02:07:13,G,2,147,3437,1596,0,8,-62.2641,-60.0003,09:40.2,FastGPS,-62.2641,-60.0003,,1,7.5,0.2,,,,15,5,12068,,,,29,5616,,,,4,31352,,,,26,14920,,,,25,5906,,,,2,12660,,,,21,12430,,,,9,27253,,,,,,,,,,,,,,,,,,,,,,,,,,,,,,,,,,,,,,
173713,18-Aug-18,2:46:19,2018-08-18 02:46:19,G,2,147,3438,1596,0,5,-62.38,-59.77,8/19/2018 2:00,A,-62.2524,-59.9976,,1,0.3,-1.5,,,,15,5,13465,,,,29,7557,,,,4,28462,,,,26,15033,,,,16,16271,,,,,,,,,,,,,,,,,,,,,,,,,,,,,,,,,,,,,,,,,,,,,,,,,,,,,
173713,18-Aug-18,3:16:00,2018-08-18 03:16:00,G,2,147,3439,1596,0,8,-62.243,-59.9955,18:25.6,FastGPS,-62.243,-59.9955,,1,3.9,-1.4,,,,15,5,72,,,,29,25363,,,,16,7069,,,,26,14824,,,,7,28871,,,,4,2592,,,,21,9123,,,,20,7514,,,,,,,,,,,,,,,,,,,,,,,,,,,,,,,,,,,,,,
173713,18-Aug-18,7:57:38,2018-08-18 07:57:38,G,2,147,3446,,0,9,-62.2393,-60.0065,00:04.1,FastGPS,-62.2393,-60.0065,,,11.6,-0.8,,,,15,18,29843,,,,8,31698,,,,14,2060,,,,24,2173,,,,11,5735,,,,1,4631,,,,32,22947,,,,20,7057,,,,22,24699,,,,,,,,,,,,,,,,,,,,,,,,,,,,,,,,,
173713,18-Aug-18,9:18:55,2018-08-18 09:18:55,G,1,147,3448,,0,9,-62.251,-60.0223,21:20.7,FastGPS,-62.251,-60.0223,,,5.4,-1.3,,,,15,17,31267,,,,31,11684,,,,1,11147,,,,22,21405,,,,32,14862,,,,11,29445,,,,3,2347,,,,18,17155,,,,14,10741,,,,,,,,,,,,,,,,,,,,,,,,,,,,,,,,,
173713,18-Aug-18,12:12:34,2018-08-18 12:12:34,G,1,147,3453,,0,9,-62.2679,-59.9878,15:00.2,FastGPS,-62.2679,-59.9878,,1,7.4,-0.8,,,,15,31,20431,,,,3,13398,,,,22,12247,,,,23,21955,,,,6,26483,,,,9,25720,,,,2,20136,,,,4,19198,,,,25,11889,,,,,,,,,,,,,,,,,,,,,,,,,,,,,,,,,
173713,18-Aug-18,12:45:24,2018-08-18 12:45:24,G,1,147,3454,,0,9,-62.2703,-59.968,47:50.2,FastGPS,-62.2703,-59.968,,1,12.8,-0.8,,,,15,23,25130,,,,9,20526,,,,16,1297,,,,6,20052,,,,22,24412,,,,26,24296,,,,4,7493,,,,2,28413,,,,3,3896,,,,,,,,,,,,,,,,,,,,,,,,,,,,,,,,,
173713,18-Aug-18,14:17:16,2018-08-18 14:17:16,G,1,147,3457,,0,9,-62.2769,-59.919,19:42.7,FastGPS,-62.2769,-59.919,,,8.4,-0.3,,,,15,7,31591,,,,23,4614,,,,16,1446,,,,9,13204,,,,2,2279,,,,6,13695,,,,5,20583,,,,30,13497,,,,26,14765,,,,,,,,,,,,,,,,,,,,,,,,,,,,,,,,,
173713,18-Aug-18,15:18:00,2018-08-18 15:18:00,G,1,147,3459,1600,0,6,-62.2841,-59.8935,20:26.7,FastGPS,-62.2841,-59.8935,,,7.3,-0.3,,,,15,30,15986,,,,5,29205,,,,7,32579,,,,27,32474,,,,16,28593,,,,9,21152,,,,,,,,,,,,,,,,,,,,,,,,,,,,,,,,,,,,,,,,,,,,,,,,
173713,18-Aug-18,15:51:32,2018-08-18 15:51:32,G,1,147,3460,1600,0,7,-62.2906,-59.8829,53:58.7,FastGPS,-62.2906,-59.8829,,,2.8,-0.3,,,,15,5,22692,,,,7,8433,,,,8,19189,,,,30,27076,,,,9,16804,,,,27,3459,,,,13,211,,,,,,,,,,,,,,,,,,,,,,,,,,,,,,,,,,,,,,,,,,,
173713,18-Aug-18,16:22:57,2018-08-18 16:22:57,G,1,147,3461,1600,0,7,-62.2972,-59.8733,25:24.1,FastGPS,-62.2972,-59.8733,,,6.5,0.1,,,,15,5,2738,,,,30,32195,,,,13,24675,,,,8,16146,,,,7,12504,,,,9,8531,,,,27,29006,,,,,,,,,,,,,,,,,,,,,,,,,,,,,,,,,,,,,,,,,,,
173713,18-Aug-18,17:11:25,2018-08-18 17:11:25,G,3,147,3462,1601,0,8,-62.3112,-59.8689,13:52.2,FastGPS,-62.3112,-59.8689,,,6.4,0.2,,,,15,30,6641,,,,7,12373,,,,28,19109,,,,8,12183,,,,5,10449,,,,13,147,,,,27,2811,,,,15,16848,,,,,,,,,,,,,,,,,,,,,,,,,,,,,,,,,,,,,,
173713,18-Aug-18,17:42:31,2018-08-18 17:42:31,G,4,147,3463,1601,0,8,-62.3211,-59.8588,44:57.7,FastGPS,-62.3211,-59.8588,,,14.1,-0.3,,,,15,7,15154,,,,13,17090,,,,8,26419,,,,5,24883,,,,30,12434,,,,28,13258,,,,15,7387,,,,11,28455,,,,,,,,,,,,,,,,,,,,,,,,,,,,,,,,,,,,,,
173713,18-Aug-18,18:18:16,2018-08-18 18:18:16,G,2,147,3464,1601,0,7,-62.3338,-59.8447,20:42.7,FastGPS,-62.3338,-59.8447,,,10.8,-0.3,,,,15,13,18243,,,,28,21152,,,,15,13192,,,,30,1806,,,,11,12926,,,,8,10402,,,,7,15545,,,,,,,,,,,,,,,,,,,,,,,,,,,,,,,,,,,,,,,,,,,
173713,18-Aug-18,18:49:37,2018-08-18 18:49:37,G,1,147,3465,1601,0,7,-62.3461,-59.8341,52:04.1,FastGPS,-62.3461,-59.8341,,,9.7,0.1,,,,15,15,18483,,,,13,23565,,,,1,31861,,,,28,18221,,,,17,29144,,,,11,3772,,,,30,475,,,,,,,,,,,,,,,,,,,,,,,,,,,,,,,,,,,,,,,,,,,
173713,18-Aug-18,20:05:03,2018-08-18 20:05:03,G,1,147,3467,,0,9,-62.3655,-59.7703,07:30.2,FastGPS,-62.3655,-59.7703,,,6.4,0.2,,,,15,15,12262,,,,19,14997,,,,11,22289,,,,13,15887,,,,28,3507,,,,24,32315,,,,18,21008,,,,1,19952,,,,17,32108,,,,,,,,,,,,,,,,,,,,,,,,,,,,,,,,,
173713,18-Aug-18,20:56:29,2018-08-18 20:56:29,G,1,147,3468,1603,0,8,-62.3918,-59.7124,58:55.7,FastGPS,-62.3918,-59.7124,,,8.8,-0.3,,,,15,24,23915,,,,12,4058,,,,15,19543,,,,17,9056,,,,1,30318,,,,19,15098,,,,32,19154,,,,22,12094,,,,,,,,,,,,,,,,,,,,,,,,,,,,,,,,,,,,,,
173713,18-Aug-18,21:26:13,2018-08-18 21:26:13,G,1,147,3469,,0,9,-62.3983,-59.7175,28:39.1,FastGPS,-62.3983,-59.7175,,,8.4,-0.8,,,,15,17,1774,,,,12,20585,,,,24,8284,,,,22,9748,,,,1,16234,,,,32,19195,,,,19,22504,,,,6,7101,,,,14,11599,,,,,,,,,,,,,,,,,,,,,,,,,,,,,,,,,
173713,19-Aug-18,0:00:04,2018-08-19 00:00:04,G,2,147,3472,1607,0,5,-62.3837,-59.7167,02:30.2,FastGPS,-62.3837,-59.7167,,,7.7,-0.8,,,,15,29,13706,,,,25,20998,,,,12,26730,,,,2,16460,,,,6,30966,,,,,,,,,,,,,,,,,,,,,,,,,,,,,,,,,,,,,,,,,,,,,,,,,,,,,
173713,19-Aug-18,0:32:42,2018-08-19 00:32:42,G,1,147,3473,1607,0,8,-62.3844,-59.72,35:08.1,FastGPS,-62.3844,-59.72,,1,5.1,-0.8,,,,15,2,31718,,,,31,11213,,,,12,8670,,,,29,14096,,,,25,6204,,,,4,19754,,,,26,4228,,,,5,5493,,,,,,,,,,,,,,,,,,,,,,,,,,,,,,,,,,,,,,
173713,19-Aug-18,1:04:33,2018-08-19 01:04:33,G,1,147,3474,1607,0,6,-62.3824,-59.7334,06:59.1,FastGPS,-62.3824,-59.7334,,1,4.2,-0.8,,,,15,29,30864,,,,5,15817,,,,23,23933,,,,4,4218,,,,25,3803,,,,2,14798,,,,,,,,,,,,,,,,,,,,,,,,,,,,,,,,,,,,,,,,,,,,,,,,
173713,19-Aug-18,1:37:59,2018-08-19 01:37:59,G,1,147,3475,,0,9,-62.3819,-59.7531,40:26.2,FastGPS,-62.3819,-59.7531,,1,6.2,0.2,,,,15,5,23871,,,,29,1572,,,,16,14646,,,,2,8738,,,,26,20739,,,,31,10679,,,,4,26041,,,,25,17623,,,,23,31706,,,,,,,,,,,,,,,,,,,,,,,,,,,,,,,,,
173713,19-Aug-18,2:53:15,2018-08-19 02:53:15,G,3,147,3476,1610,0,6,-62.3668,-59.7954,55:41.7,FastGPS,-62.3668,-59.7954,,1,0.7,-0.3,,,,15,26,21370,,,,29,15627,,,,5,4506,,,,16,22388,,,,21,13985,,,,4,24848,,,,,,,,,,,,,,,,,,,,,,,,,,,,,,,,,,,,,,,,,,,,,,,,
173713,19-Aug-18,3:24:22,2018-08-19 03:24:22,G,1,147,3477,1610,0,7,-62.3658,-59.815,26:49.1,FastGPS,-62.3658,-59.815,,1,8.7,0.1,,,,15,29,28725,,,,21,19003,,,,16,11000,,,,5,15904,,,,4,22338,,,,26,11638,,,,27,15521,,,,,,,,,,,,,,,,,,,,,,,,,,,,,,,,,,,,,,,,,,,
173713,19-Aug-18,3:54:00,2018-08-19 03:54:00,G,2,147,3478,1610,0,7,-62.3679,-59.8298,56:26.7,FastGPS,-62.3679,-59.8298,,1,7,-0.3,,,,15,7,21679,,,,21,10376,,,,29,29983,,,,26,29027,,,,27,405,,,,15,808,,,,4,20276,,,,,,,,,,,,,,,,,,,,,,,,,,,,,,,,,,,,,,,,,,,
173713,19-Aug-18,4:26:31,2018-08-19 04:26:31,G,2,147,3479,,0,9,-62.3724,-59.8466,28:58.1,FastGPS,-62.3724,-59.8466,,,9.3,0.1,,,,15,7,5335,,,,15,18393,,,,21,6250,,,,30,28254,,,,20,23985,,,,16,2539,,,,8,31444,,,,27,31940,,,,13,5652,,,,,,,,,,,,,,,,,,,,,,,,,,,,,,,,,
173713,19-Aug-18,4:59:49,2018-08-19 04:59:49,G,2,147,3480,,0,9,-62.3774,-59.8656,02:15.7,FastGPS,-62.3774,-59.8656,,,10.1,-0.3,,,,15,15,27495,,,,21,5877,,,,27,25102,,,,7,25632,,,,20,1395,,,,30,3277,,,,13,14652,,,,16,21699,,,,10,3653,,,,,,,,,,,,,,,,,,,,,,,,,,,,,,,,,
173713,19-Aug-18,5:47:19,2018-08-19 05:47:19,G,1,147,3481,1611,0,5,-62.3828,-59.8724,49:45.7,FastGPS,-62.3828,-59.8724,,,5.3,-0.3,,,,15,15,11752,,,,10,16521,,,,21,28349,,,,27,2308,,,,20,16772,,,,,,,,,,,,,,,,,,,,,,,,,,,,,,,,,,,,,,,,,,,,,,,,,,,,,
173713,19-Aug-18,6:17:52,2018-08-19 06:17:52,G,3,147,3482,1611,0,8,-62.3832,-59.8731,20:18.7,FastGPS,-62.3832,-59.8731,,,4.3,-0.3,,,,15,15,6197,,,,10,28313,,,,27,9605,,,,8,25054,,,,20,11864,,,,32,22727,,,,21,22483,,,,18,29491,,,,,,,,,,,,,,,,,,,,,,,,,,,,,,,,,,,,,,
173713,19-Aug-18,6:49:11,2018-08-19 06:49:11,G,2,147,3483,1611,0,8,-62.3875,-59.8616,51:38.1,FastGPS,-62.3875,-59.8616,,,2.8,0.1,,,,15,10,11201,,,,20,19714,,,,15,11073,,,,28,4157,,,,8,28326,,,,18,1979,,,,1,3392,,,,24,18161,,,,,,,,,,,,,,,,,,,,,,,,,,,,,,,,,,,,,,
173713,19-Aug-18,7:22:35,2018-08-19 07:22:35,G,2,147,3484,,0,9,-62.3909,-59.8419,25:02.2,FastGPS,-62.3909,-59.8419,,,9,0.2,,,,15,18,6712,,,,10,26222,,,,20,7933,,,,8,24060,,,,32,21496,,,,11,13502,,,,24,25118,,,,27,478,,,,14,32463,,,,,,,,,,,,,,,,,,,,,,,,,,,,,,,,,
173713,19-Aug-18,9:08:16,2018-08-19 09:08:16,G,2,147,3485,,0,9,-62.4157,-59.8211,10:42.7,FastGPS,-62.4157,-59.8211,,,9,-0.3,,,,15,12,2589,,,,1,32161,,,,18,19820,,,,22,29707,,,,11,31313,,,,17,10199,,,,32,23932,,,,24,23073,,,,3,1642,,,,,,,,,,,,,,,,,,,,,,,,,,,,,,,,,
173713,19-Aug-18,9:38:13,2018-08-19 09:38:13,G,2,147,3486,,0,9,-62.4238,-59.8243,40:40.2,FastGPS,-62.4238,-59.8243,,,4.7,0.2,,,,15,3,232,,,,1,24218,,,,12,717,,,,11,26830,,,,17,16164,,,,22,15602,,,,14,13328,,,,18,12989,,,,32,31613,,,,,,,,,,,,,,,,,,,,,,,,,,,,,,,,,
173713,19-Aug-18,10:09:34,2018-08-19 10:09:34,G,3,147,3487,,0,9,-62.4323,-59.8221,12:01.2,FastGPS,-62.4323,-59.8221,,,12.1,0.2,,,,15,17,2836,,,,12,26359,,,,3,9841,,,,23,17191,,,,1,4419,,,,22,30274,,,,11,22256,,,,25,31875,,,,32,5845,,,,,,,,,,,,,,,,,,,,,,,,,,,,,,,,,
173713,19-Aug-18,10:40:18,2018-08-19 10:40:18,G,1,147,3488,,0,9,-62.4349,-59.8323,42:44.7,FastGPS,-62.4349,-59.8323,,,7.4,-0.3,,,,15,3,3706,,,,23,10635,,,,1,29076,,,,32,15760,,,,17,21953,,,,22,21827,,,,25,11140,,,,18,24138,,,,12,24584,,,,,,,,,,,,,,,,,,,,,,,,,,,,,,,,,
173713,19-Aug-18,11:10:48,2018-08-19 11:10:48,G,2,147,3489,1612,0,8,-62.4438,-59.8376,13:14.2,FastGPS,-62.4438,-59.8376,,,8.4,-0.8,,,,15,22,32432,,,,31,8712,,,,3,18278,,,,23,4933,,,,1,15032,,,,25,7211,,,,14,27339,,,,12,5910,,,,,,,,,,,,,,,,,,,,,,,,,,,,,,,,,,,,,,
173713,19-Aug-18,11:41:45,2018-08-19 11:41:45,G,2,147,3490,1612,0,8,-62.4464,-59.8424,44:11.1,FastGPS,-62.4464,-59.8424,,,11.7,-0.9,,,,15,22,32405,,,,3,18348,,,,23,25059,,,,1,3080,,,,9,2965,,,,19,12780,,,,6,1340,,,,31,3771,,,,,,,,,,,,,,,,,,,,,,,,,,,,,,,,,,,,,,
173713,19-Aug-18,13:01:18,2018-08-19 13:01:18,G,1,147,3492,,0,9,-62.449,-59.8616,03:43.7,FastGPS,-62.449,-59.8616,,1,11.1,-1.3,,,,15,7,5750,,,,23,3431,,,,16,5198,,,,22,24014,,,,3,20944,,,,6,20918,,,,26,17674,,,,4,17804,,,,9,26534,,,,,,,,,,,,,,,,,,,,,,,,,,,,,,,,,
173713,19-Aug-18,13:31:06,2018-08-19 13:31:06,G,2,147,3493,,0,9,-62.4469,-59.8604,33:31.7,FastGPS,-62.4469,-59.8604,,1,8.9,-1.3,,,,15,26,29664,,,,4,6591,,,,16,29572,,,,7,32100,,,,9,2919,,,,2,842,,,,3,29454,,,,29,2454,,,,23,17854,,,,,,,,,,,,,,,,,,,,,,,,,,,,,,,,,
173713,19-Aug-18,14:01:00,2018-08-19 14:01:00,G,1,147,3494,,0,9,-62.4485,-59.8528,03:26.2,FastGPS,-62.4485,-59.8528,,,11.2,-0.8,,,,15,23,5499,,,,7,9109,,,,16,19837,,,,2,17140,,,,30,7243,,,,5,24786,,,,29,6511,,,,9,13427,,,,6,19349,,,,,,,,,,,,,,,,,,,,,,,,,,,,,,,,,
173713,19-Aug-18,15:03:42,2018-08-19 15:03:42,G,1,147,3496,1613,0,4,-62.457,-60.162,8/20/2018 1:43,A,-62.4411,-59.855,,,12.2,-1.1,,,,15,23,20695,,,,9,5130,,,,7,10682,,,,30,31146,,,,,,,,,,,,,,,,,,,,,,,,,,,,,,,,,,,,,,,,,,,,,,,,,,,,,,,,,,
173713,19-Aug-18,18:57:08,2018-08-19 18:57:08,G,2,147,3503,,0,9,-62.4377,-59.9859,59:35.2,FastGPS,-62.4377,-59.9859,,,12,0.2,,,,15,17,13082,,,,28,27923,,,,30,15539,,,,15,25141,,,,19,18842,,,,10,31566,,,,13,26255,,,,20,18755,,,,8,2380,,,,,,,,,,,,,,,,,,,,,,,,,,,,,,,,,
173713,19-Aug-18,20:14:01,2018-08-19 20:14:01,G,2,147,3504,1617,0,4,-62.483,-60.222,8/20/2018 19:03,R,-62.4399,-59.9843,,,0.3,0.2,,,,15,12,6882,,,,15,9212,,,,17,11210,,,,24,29187,,,,,,,,,,,,,,,,,,,,,,,,,,,,,,,,,,,,,,,,,,,,,,,,,,,,,,,,,,
173713,19-Aug-18,20:44:01,2018-08-19 20:44:01,G,1,147,3505,,0,9,-62.4409,-59.9834,46:28.2,FastGPS,-62.4409,-59.9834,,,10.2,0.2,,,,15,17,662,,,,19,17481,,,,24,1388,,,,12,22500,,,,15,1503,,,,32,7944,,,,28,28180,,,,6,22804,,,,1,26272,,,,,,,,,,,,,,,,,,,,,,,,,,,,,,,,,
173713,19-Aug-18,21:29:02,2018-08-19 21:29:02,G,1,147,3506,1618,0,6,-62.4394,-59.9857,31:29.2,FastGPS,-62.4394,-59.9857,,,2.7,0.2,,,,15,17,22795,,,,12,15131,,,,19,29504,,,,24,10539,,,,32,8802,,,,14,15508,,,,,,,,,,,,,,,,,,,,,,,,,,,,,,,,,,,,,,,,,,,,,,,,
173713,19-Aug-18,22:31:19,2018-08-19 22:31:19,G,2,147,3508,,0,9,-62.4407,-60.0511,33:46.2,FastGPS,-62.4407,-60.0511,,,13.9,0.2,,,,15,19,22934,,,,6,3282,,,,24,20125,,,,17,6019,,,,12,29299,,,,2,4828,,,,32,2995,,,,25,16136,,,,14,17655,,,,,,,,,,,,,,,,,,,,,,,,,,,,,,,,,
173713,20-Aug-18,1:40:00,2018-08-20 01:40:00,G,1,147,3513,1620,0,6,-62.4581,-60.1626,42:26.7,FastGPS,-62.4581,-60.1626,,1,3.1,-0.3,,,,15,5,3011,,,,29,2171,,,,25,28881,,,,2,17359,,,,4,11737,,,,26,11925,,,,,,,,,,,,,,,,,,,,,,,,,,,,,,,,,,,,,,,,,,,,,,,,
173713,20-Aug-18,2:42:00,2018-08-20 02:42:00,G,1,147,3514,1621,0,6,-62.461,-60.1641,44:26.7,FastGPS,-62.461,-60.1641,,1,3.1,-0.3,,,,15,29,32621,,,,21,19888,,,,4,29735,,,,5,13160,,,,26,20420,,,,16,1192,,,,,,,,,,,,,,,,,,,,,,,,,,,,,,,,,,,,,,,,,,,,,,,,
173713,20-Aug-18,15:41:00,2018-08-20 15:41:00,G,1,147,3517,,0,9,-62.4836,-60.2132,43:25.7,FastGPS,-62.4836,-60.2132,,,7.4,-1.3,,,,15,5,26343,,,,30,25086,,,,7,13475,,,,8,12139,,,,9,26054,,,,27,2269,,,,21,7124,,,,28,22305,,,,16,16580,,,,,,,,,,,,,,,,,,,,,,,,,,,,,,,,,
173713,20-Aug-18,17:11:00,2018-08-20 17:11:00,G,3,147,3518,1629,1,4,-62.521,-60.375,8/21/2018 12:55,A,-62.4876,-60.2126,,,1.3,-1.4,,,,15,13,6017,,,,5,5544,,,,15,6458,,,,28,674,,,,,,,,,,,,,,,,,,,,,,,,,,,,,,,,,,,,,,,,,,,,,,,,,,,,,,,,,,
173713,20-Aug-18,17:56:00,2018-08-20 17:56:00,G,1,147,3519,1630,1,4,-62.521,-60.375,8/21/2018 12:55,A,-62.488,-60.2171,,,0.3,-1.3,,,,15,15,27070,,,,17,24759,,,,13,7974,,,,28,28232,,,,,,,,,,,,,,,,,,,,,,,,,,,,,,,,,,,,,,,,,,,,,,,,,,,,,,,,,,
173713,20-Aug-18,18:26:00,2018-08-20 18:26:00,G,2,147,3520,1630,1,7,-62.4871,-60.2217,28:25.7,FastGPS,-62.4871,-60.2217,,,5.9,-1.3,,,,15,17,28775,,,,15,9871,,,,13,29203,,,,24,17890,,,,30,4086,,,,7,1246,,,,28,12473,,,,,,,,,,,,,,,,,,,,,,,,,,,,,,,,,,,,,,,,,,,
173713,20-Aug-18,19:24:28,2018-08-20 19:24:28,G,2,147,3521,1631,0,5,-62.4871,-60.2238,26:54.2,FastGPS,-62.4871,-60.2238,,,7.9,-0.8,,,,15,17,21666,,,,15,5243,,,,28,28437,,,,19,19064,,,,13,14192,,,,,,,,,,,,,,,,,,,,,,,,,,,,,,,,,,,,,,,,,,,,,,,,,,,,,
173713,20-Aug-18,19:54:00,2018-08-20 19:54:00,G,2,147,3522,,0,9,-62.4871,-60.224,56:25.7,FastGPS,-62.4871,-60.224,,,12.2,-1.3,,,,15,17,29934,,,,28,17933,,,,15,23910,,,,19,6961,,,,1,21279,,,,12,7654,,,,11,32313,,,,18,29246,,,,13,30790,,,,,,,,,,,,,,,,,,,,,,,,,,,,,,,,,
173713,21-Aug-18,2:43:01,2018-08-21 02:43:01,G,2,147,3523,1631,0,6,-62.4798,-60.2169,45:26.7,FastGPS,-62.4798,-60.2169,,1,3.9,-1.3,,,,15,29,32265,,,,21,19857,,,,5,20006,,,,4,7246,,,,16,31068,,,,26,2565,,,,,,,,,,,,,,,,,,,,,,,,,,,,,,,,,,,,,,,,,,,,,,,,
173713,21-Aug-18,3:14:11,2018-08-21 03:14:11,G,1,147,3524,1631,0,7,-62.4816,-60.2385,16:36.7,FastGPS,-62.4816,-60.2385,,1,12.9,-1.3,,,,15,29,13172,,,,21,27209,,,,4,6783,,,,26,27915,,,,16,21808,,,,5,1213,,,,27,21059,,,,,,,,,,,,,,,,,,,,,,,,,,,,,,,,,,,,,,,,,,,
173713,21-Aug-18,3:45:05,2018-08-21 03:45:05,G,1,147,3525,,0,9,-62.4866,-60.2595,47:30.7,FastGPS,-62.4866,-60.2595,,1,14.4,-1.3,,,,15,4,4122,,,,21,23774,,,,20,9783,,,,7,4430,,,,16,3759,,,,29,11636,,,,15,9332,,,,10,15491,,,,26,13030,,,,,,,,,,,,,,,,,,,,,,,,,,,,,,,,,
173713,21-Aug-18,5:02:00,2018-08-21 05:02:00,G,3,147,3527,,0,9,-62.4909,-60.2683,04:25.7,FastGPS,-62.4909,-60.2683,,,15.3,-1.3,,,,15,27,31873,,,,10,29422,,,,13,25251,,,,7,23212,,,,8,21551,,,,15,26232,,,,21,25726,,,,20,213,,,,30,26009,,,,,,,,,,,,,,,,,,,,,,,,,,,,,,,,,
173713,21-Aug-18,5:57:25,2018-08-21 05:57:25,G,1,147,3528,1632,0,5,-62.4899,-60.2606,59:51.2,FastGPS,-62.4899,-60.2606,,,5,-0.8,,,,15,15,19846,,,,10,8776,,,,20,24015,,,,8,31910,,,,27,18964,,,,,,,,,,,,,,,,,,,,,,,,,,,,,,,,,,,,,,,,,,,,,,,,,,,,,
173713,21-Aug-18,9:34:34,2018-08-21 09:34:34,G,1,147,3534,1633,0,7,-62.4908,-60.3001,37:00.2,FastGPS,-62.4908,-60.3001,,,8.2,-0.8,,,,15,1,21145,,,,14,5854,,,,18,32591,,,,22,22196,,,,17,21771,,,,31,5322,,,,3,16004,,,,,,,,,,,,,,,,,,,,,,,,,,,,,,,,,,,,,,,,,,,
173713,21-Aug-18,10:05:12,2018-08-21 10:05:12,G,1,147,3535,,0,9,-62.4989,-60.3176,07:38.2,FastGPS,-62.4989,-60.3176,,,2.7,-0.8,,,,15,11,185,,,,1,19824,,,,23,28082,,,,17,24964,,,,3,10161,,,,22,21249,,,,18,12442,,,,12,19192,,,,19,8440,,,,,,,,,,,,,,,,,,,,,,,,,,,,,,,,,
173713,21-Aug-18,11:59:00,2018-08-21 11:59:00,G,1,147,3538,,0,9,-62.5093,-60.3823,01:25.7,FastGPS,-62.5093,-60.3823,,1,5.9,-1.3,,,,15,3,21389,,,,23,26523,,,,22,21741,,,,9,29318,,,,26,11591,,,,6,1261,,,,19,31628,,,,4,21199,,,,31,31560,,,,,,,,,,,,,,,,,,,,,,,,,,,,,,,,,
173713,21-Aug-18,12:33:58,2018-08-21 12:33:58,G,2,147,3539,,0,9,-62.5092,-60.3718,36:24.2,FastGPS,-62.5092,-60.3718,,1,3,-0.8,,,,15,2,10878,,,,9,1637,,,,3,8901,,,,23,1988,,,,6,31395,,,,4,18680,,,,16,12377,,,,22,28325,,,,26,2588,,,,,,,,,,,,,,,,,,,,,,,,,,,,,,,,,
173713,21-Aug-18,13:10:41,2018-08-21 13:10:41,G,2,147,3540,,0,9,-62.5121,-60.3321,13:07.2,FastGPS,-62.5121,-60.3321,,1,7.8,-0.8,,,,15,2,5894,,,,9,32447,,,,23,18435,,,,16,3717,,,,26,5237,,,,4,24588,,,,6,28380,,,,29,32171,,,,7,11848,,,,,,,,,,,,,,,,,,,,,,,,,,,,,,,,,
173713,21-Aug-18,13:42:21,2018-08-21 13:42:21,G,3,147,3541,,0,9,-62.5209,-60.3,44:48.2,FastGPS,-62.5209,-60.3,,1,4.3,0.2,,,,15,2,13449,,,,9,28778,,,,23,17165,,,,7,11368,,,,26,31005,,,,16,18792,,,,29,26857,,,,4,27992,,,,5,23752,,,,,,,,,,,,,,,,,,,,,,,,,,,,,,,,,
173713,21-Aug-18,14:13:41,2018-08-21 14:13:41,G,4,147,3542,1634,0,7,-62.5195,-60.2958,16:07.8,FastGPS,-62.5195,-60.2958,,,9.1,-0.3,,,,15,7,26664,,,,9,1262,,,,23,3869,,,,5,26265,,,,2,16694,,,,29,21073,,,,30,21909,,,,,,,,,,,,,,,,,,,,,,,,,,,,,,,,,,,,,,,,,,,
173713,21-Aug-18,14:45:06,2018-08-21 14:45:06,G,3,147,3543,1634,0,6,-62.5084,-60.305,47:32.7,FastGPS,-62.5084,-60.305,,,4.8,-0.3,,,,15,7,247,,,,9,1863,,,,30,27794,,,,5,2848,,,,2,10451,,,,23,3045,,,,,,,,,,,,,,,,,,,,,,,,,,,,,,,,,,,,,,,,,,,,,,,,
173713,21-Aug-18,15:18:48,2018-08-21 15:18:48,G,1,147,3544,1634,0,5,-62.5129,-60.3314,21:14.7,FastGPS,-62.5129,-60.3314,,,1.2,-0.3,,,,15,7,2889,,,,5,21961,,,,30,24470,,,,27,5175,,,,16,25363,,,,,,,,,,,,,,,,,,,,,,,,,,,,,,,,,,,,,,,,,,,,,,,,,,,,,
173713,21-Aug-18,15:55:07,2018-08-21 15:55:07,G,3,147,3545,1634,0,4,-62.466,-60.298,8/22/2018 5:56,A,-62.5181,-60.3679,,,1.1,0.2,,,,15,7,8937,,,,30,13297,,,,5,15577,,,,8,31807,,,,,,,,,,,,,,,,,,,,,,,,,,,,,,,,,,,,,,,,,,,,,,,,,,,,,,,,,,
173713,21-Aug-18,16:25:00,2018-08-21 16:25:00,G,1,147,3546,1634,1,8,-62.5181,-60.3732,27:26.7,FastGPS,-62.5181,-60.3732,,,9,-0.3,,,,15,7,9266,,,,30,8583,,,,5,18015,,,,8,18751,,,,27,31154,,,,13,17352,,,,28,12584,,,,9,7741,,,,,,,,,,,,,,,,,,,,,,,,,,,,,,,,,,,,,,
173713,21-Aug-18,16:55:00,2018-08-21 16:55:00,G,2,147,3547,1634,0,7,-62.5166,-60.3846,57:26.7,FastGPS,-62.5166,-60.3846,,,4,-0.3,,,,15,7,7743,,,,30,25750,,,,5,7311,,,,8,24593,,,,27,27576,,,,28,16199,,,,13,7503,,,,,,,,,,,,,,,,,,,,,,,,,,,,,,,,,,,,,,,,,,,
173713,21-Aug-18,17:28:42,2018-08-21 17:28:42,G,1,147,3548,1634,0,7,-62.5159,-60.3901,31:08.7,FastGPS,-62.5159,-60.3901,,,3.6,-0.3,,,,15,8,9449,,,,15,18140,,,,30,28787,,,,7,177,,,,13,31001,,,,5,13818,,,,28,22445,,,,,,,,,,,,,,,,,,,,,,,,,,,,,,,,,,,,,,,,,,,
173713,21-Aug-18,17:59:13,2018-08-21 17:59:13,G,1,147,3549,1634,0,8,-62.5143,-60.3935,01:40.2,FastGPS,-62.5143,-60.3935,,,6,0.2,,,,15,15,16326,,,,28,2559,,,,13,7777,,,,30,7645,,,,17,31701,,,,7,28270,,,,11,16060,,,,20,30106,,,,,,,,,,,,,,,,,,,,,,,,,,,,,,,,,,,,,,
173713,21-Aug-18,18:30:01,2018-08-21 18:30:01,G,4,147,3550,1634,0,4,-62.466,-60.298,8/22/2018 5:56,A,-62.5124,-60.4098,,,0.3,-0.1,,,,15,15,28777,,,,28,10976,,,,13,21993,,,,30,11030,,,,,,,,,,,,,,,,,,,,,,,,,,,,,,,,,,,,,,,,,,,,,,,,,,,,,,,,,,
173713,21-Aug-18,19:04:42,2018-08-21 19:04:42,G,4,147,3551,,0,9,-62.5165,-60.45,07:08.7,FastGPS,-62.5165,-60.45,,,10.5,-0.3,,,,15,17,20682,,,,13,23406,,,,15,5152,,,,19,2621,,,,30,22321,,,,28,31688,,,,24,31797,,,,12,8737,,,,20,16598,,,,,,,,,,,,,,,,,,,,,,,,,,,,,,,,,
173713,21-Aug-18,19:35:37,2018-08-21 19:35:37,G,2,147,3552,1634,0,6,-62.5148,-60.4838,38:04.2,FastGPS,-62.5148,-60.4838,,,2.6,0.2,,,,15,17,11545,,,,19,29580,,,,15,31777,,,,13,2438,,,,12,18700,,,,24,1512,,,,,,,,,,,,,,,,,,,,,,,,,,,,,,,,,,,,,,,,,,,,,,,,
173713,21-Aug-18,20:07:45,2018-08-21 20:07:45,G,2,147,3553,1634,0,6,-62.5189,-60.5114,10:11.7,FastGPS,-62.5189,-60.5114,,,2.2,-0.3,,,,15,17,16793,,,,19,30604,,,,15,11223,,,,12,22039,,,,24,7987,,,,13,18584,,,,,,,,,,,,,,,,,,,,,,,,,,,,,,,,,,,,,,,,,,,,,,,,
173713,21-Aug-18,21:03:42,2018-08-21 21:03:42,G,1,147,3554,1635,0,7,-62.5194,-60.5844,06:08.7,FastGPS,-62.5194,-60.5844,,,10,-0.2,,,,15,17,9836,,,,12,10910,,,,19,3878,,,,24,231,,,,6,9731,,,,15,18064,,,,32,19494,,,,,,,,,,,,,,,,,,,,,,,,,,,,,,,,,,,,,,,,,,,
173713,22-Aug-18,0:45:00,2018-08-22 00:45:00,G,2,147,3557,,0,9,-62.5329,-60.4849,47:26.7,FastGPS,-62.5329,-60.4849,,1,10.7,-0.3,,,,15,31,24358,,,,4,2586,,,,29,10504,,,,5,8228,,,,26,1080,,,,12,14054,,,,25,7512,,,,23,17520,,,,2,23464,,,,,,,,,,,,,,,,,,,,,,,,,,,,,,,,,
173713,22-Aug-18,1:15:19,2018-08-22 01:15:19,G,1,147,3558,1638,0,7,-62.5306,-60.4668,17:45.7,FastGPS,-62.5306,-60.4668,,1,7.3,-0.3,,,,15,29,22593,,,,5,19419,,,,26,10014,,,,4,22916,,,,31,28800,,,,2,6655,,,,23,10766,,,,,,,,,,,,,,,,,,,,,,,,,,,,,,,,,,,,,,,,,,,
173713,22-Aug-18,2:47:11,2018-08-22 02:47:11,G,1,147,3561,1638,0,6,-62.5225,-60.4267,49:37.7,FastGPS,-62.5225,-60.4267,,1,1.9,-0.2,,,,15,29,29490,,,,26,24009,,,,21,4940,,,,16,12176,,,,4,21208,,,,5,28111,,,,,,,,,,,,,,,,,,,,,,,,,,,,,,,,,,,,,,,,,,,,,,,,
173713,22-Aug-18,3:39:56,2018-08-22 03:39:56,G,1,147,3562,,0,9,-62.5229,-60.3704,42:23.2,FastGPS,-62.5229,-60.3704,,1,14.1,0.2,,,,15,16,23035,,,,21,9406,,,,5,10564,,,,4,26734,,,,13,30601,,,,26,2461,,,,29,1463,,,,15,23586,,,,20,24183,,,,,,,,,,,,,,,,,,,,,,,,,,,,,,,,,
173713,22-Aug-18,4:14:14,2018-08-22 04:14:14,G,1,147,3563,1639,0,7,-62.507,-60.346,16:41.2,FastGPS,-62.507,-60.346,,,3.4,0.2,,,,15,27,6580,,,,20,28100,,,,21,10498,,,,7,13537,,,,16,9092,,,,8,8117,,,,15,20877,,,,,,,,,,,,,,,,,,,,,,,,,,,,,,,,,,,,,,,,,,,
173713,22-Aug-18,4:45:55,2018-08-22 04:45:55,G,2,147,3564,1639,0,4,-62.494,-60.237,8/22/2018 22:29,P,-62.4938,-60.3182,,,1,-0.3,,,,15,21,17594,,,,20,6852,,,,27,32000,,,,15,32073,,,,,,,,,,,,,,,,,,,,,,,,,,,,,,,,,,,,,,,,,,,,,,,,,,,,,,,,,,
173713,22-Aug-18,5:19:57,2018-08-22 05:19:57,G,1,147,3565,1639,0,5,-62.477,-60.3089,22:23.8,FastGPS,-62.477,-60.3089,,,5.3,-0.2,,,,15,27,15346,,,,10,27395,,,,8,29600,,,,15,30957,,,,21,4954,,,,,,,,,,,,,,,,,,,,,,,,,,,,,,,,,,,,,,,,,,,,,,,,,,,,,
173713,22-Aug-18,7:54:22,2018-08-22 07:54:22,G,2,147,3568,1639,0,8,-62.4633,-60.2602,56:49.2,FastGPS,-62.4633,-60.2602,,,10.7,0.2,,,,15,18,12411,,,,32,4419,,,,11,22175,,,,1,15595,,,,14,15798,,,,28,29980,,,,10,14297,,,,17,21235,,,,,,,,,,,,,,,,,,,,,,,,,,,,,,,,,,,,,,
173713,22-Aug-18,8:25:36,2018-08-22 08:25:36,G,1,147,3569,1639,0,6,-62.4603,-60.2549,28:03.2,FastGPS,-62.4603,-60.2549,,,9.6,0.2,,,,15,32,25046,,,,18,6681,,,,1,15063,,,,11,17694,,,,22,25952,,,,10,5774,,,,,,,,,,,,,,,,,,,,,,,,,,,,,,,,,,,,,,,,,,,,,,,,
173713,22-Aug-18,8:55:00,2018-08-22 08:55:00,G,2,147,3570,1639,0,7,-62.4592,-60.2508,57:26.7,FastGPS,-62.4592,-60.2508,,,3.4,-0.2,,,,15,32,21342,,,,17,6825,,,,18,17507,,,,1,28691,,,,14,30081,,,,11,29827,,,,22,24292,,,,,,,,,,,,,,,,,,,,,,,,,,,,,,,,,,,,,,,,,,,
173713,22-Aug-18,9:39:40,2018-08-22 09:39:40,G,1,147,3571,1639,0,5,-62.4526,-60.2326,42:07.3,FastGPS,-62.4526,-60.2326,,,9.4,0.3,,,,15,17,26606,,,,32,19001,,,,22,1873,,,,1,14168,,,,31,8017,,,,,,,,,,,,,,,,,,,,,,,,,,,,,,,,,,,,,,,,,,,,,,,,,,,,,
173713,22-Aug-18,10:58:14,2018-08-22 10:58:14,G,3,147,3572,1640,0,6,-62.4379,-60.1946,00:40.8,FastGPS,-62.4379,-60.1946,,,6.2,-0.2,,,,15,31,214,,,,3,11156,,,,22,25501,,,,23,29698,,,,1,9054,,,,14,18735,,,,,,,,,,,,,,,,,,,,,,,,,,,,,,,,,,,,,,,,,,,,,,,,
173713,22-Aug-18,11:28:01,2018-08-22 11:28:01,G,5,147,3573,1640,0,4,-62.494,-60.237,8/22/2018 22:29,P,,,,,,,,,,15,31,451,,,,4,9963,,,,25,12118,,,,6,26904,,,,,,,,,,,,,,,,,,,,,,,,,,,,,,,,,,,,,,,,,,,,,,,,,,,,,,,,,,
173713,22-Aug-18,11:58:00,2018-08-22 11:58:00,G,2,147,3574,1640,0,6,-62.4431,-60.1509,00:26.7,FastGPS,-62.4431,-60.1509,,1,2.8,-0.3,,,,15,9,22394,,,,23,12103,,,,31,5426,,,,6,17803,,,,3,29417,,,,4,12263,,,,,,,,,,,,,,,,,,,,,,,,,,,,,,,,,,,,,,,,,,,,,,,,
173713,22-Aug-18,12:54:15,2018-08-22 12:54:15,G,1,147,3575,1640,0,4,-62.576,-60.609,8/23/2018 12:39,N,-62.4403,-60.147,,,0.2,-0.8,,,,15,23,6193,,,,9,13984,,,,2,22282,,,,26,31294,,,,,,,,,,,,,,,,,,,,,,,,,,,,,,,,,,,,,,,,,,,,,,,,,,,,,,,,,,
173713,22-Aug-18,15:53:00,2018-08-22 15:53:00,G,1,147,3579,1641,1,7,-62.4771,-60.1694,55:25.8,FastGPS,-62.4771,-60.1694,,,9.2,-1.2,,,,15,5,31860,,,,9,13811,,,,8,24480,,,,7,23782,,,,30,1190,,,,28,10086,,,,13,22218,,,,,,,,,,,,,,,,,,,,,,,,,,,,,,,,,,,,,,,,,,,
173713,22-Aug-18,17:17:13,2018-08-22 17:17:13,G,2,147,3580,,0,9,-62.4799,-60.1983,19:38.7,FastGPS,-62.4799,-60.1983,,,7.8,-1.2,,,,15,7,24115,,,,15,13593,,,,30,5017,,,,11,6102,,,,28,28498,,,,21,10936,,,,13,13494,,,,5,1798,,,,8,9323,,,,,,,,,,,,,,,,,,,,,,,,,,,,,,,,,
173713,22-Aug-18,17:47:00,2018-08-22 17:47:00,G,3,147,3581,1641,1,4,-62.478,-60.768,8/23/2018 17:31,R,-62.4801,-60.2001,,,0.8,-1.3,,,,15,7,59,,,,30,968,,,,8,1755,,,,11,31169,,,,,,,,,,,,,,,,,,,,,,,,,,,,,,,,,,,,,,,,,,,,,,,,,,,,,,,,,,
173713,22-Aug-18,18:17:00,2018-08-22 18:17:00,G,2,147,3582,1641,1,6,-62.4801,-60.2009,19:25.7,FastGPS,-62.4801,-60.2009,,,5.1,-1.3,,,,15,11,15398,,,,8,7202,,,,18,17853,,,,28,29882,,,,30,24212,,,,17,9314,,,,,,,,,,,,,,,,,,,,,,,,,,,,,,,,,,,,,,,,,,,,,,,,
173713,23-Aug-18,5:09:29,2018-08-23 05:09:29,G,3,147,3583,1641,0,7,-62.5259,-60.3113,11:55.2,FastGPS,-62.5259,-60.3113,,,13.2,-0.7,,,,15,10,20069,,,,27,22234,,,,20,14106,,,,8,19753,,,,21,7799,,,,16,18420,,,,7,15645,,,,,,,,,,,,,,,,,,,,,,,,,,,,,,,,,,,,,,,,,,,
173713,23-Aug-18,5:55:57,2018-08-23 05:55:57,G,2,147,3584,1642,0,7,-62.5309,-60.3259,58:23.2,FastGPS,-62.5309,-60.3259,,,4.6,-0.8,,,,15,8,4812,,,,10,9082,,,,20,6511,,,,15,3069,,,,27,3844,,,,11,31658,,,,18,28979,,,,,,,,,,,,,,,,,,,,,,,,,,,,,,,,,,,,,,,,,,,
173713,23-Aug-18,11:22:31,2018-08-23 11:22:31,G,2,147,3585,1642,0,5,-62.5598,-60.5507,24:57.2,FastGPS,-62.5598,-60.5507,,,3.7,-0.8,,,,15,3,28161,,,,22,14133,,,,31,13634,,,,6,4499,,,,23,25157,,,,,,,,,,,,,,,,,,,,,,,,,,,,,,,,,,,,,,,,,,,,,,,,,,,,,
173713,23-Aug-18,12:12:33,2018-08-23 12:12:33,G,1,147,3586,1643,0,8,-62.5575,-60.6193,14:59.2,FastGPS,-62.5575,-60.6193,,1,9.2,-0.8,,,,15,31,14447,,,,23,27169,,,,6,29945,,,,9,22855,,,,4,22006,,,,2,27105,,,,3,10767,,,,26,27988,,,,,,,,,,,,,,,,,,,,,,,,,,,,,,,,,,,,,,
173713,23-Aug-18,13:00:15,2018-08-23 13:00:15,G,1,147,3587,,0,9,-62.5526,-60.6497,02:40.8,FastGPS,-62.5526,-60.6497,,,10.3,-1.2,,,,15,9,22490,,,,2,30202,,,,3,24146,,,,23,14500,,,,4,17495,,,,26,28793,,,,16,20619,,,,6,27528,,,,29,21894,,,,,,,,,,,,,,,,,,,,,,,,,,,,,,,,,
173713,23-Aug-18,14:01:38,2018-08-23 14:01:38,G,2,147,3589,1644,0,8,-62.5307,-60.6858,04:03.8,FastGPS,-62.5307,-60.6858,,,6.6,-1.2,,,,15,23,5348,,,,16,21296,,,,9,26034,,,,2,16839,,,,5,32252,,,,30,24894,,,,7,2902,,,,26,24642,,,,,,,,,,,,,,,,,,,,,,,,,,,,,,,,,,,,,,
173713,23-Aug-18,15:01:22,2018-08-23 15:01:22,G,2,147,3590,1644,0,6,-62.5235,-60.7075,03:49.2,FastGPS,-62.5235,-60.7075,,,3.8,0.2,,,,15,7,26582,,,,5,300,,,,30,21954,,,,16,11456,,,,23,25727,,,,27,1768,,,,,,,,,,,,,,,,,,,,,,,,,,,,,,,,,,,,,,,,,,,,,,,,
173713,23-Aug-18,15:31:25,2018-08-23 15:31:25,G,2,147,3591,1644,0,6,-62.5141,-60.689,33:51.7,FastGPS,-62.5141,-60.689,,,4.5,-0.2,,,,15,5,30376,,,,9,12944,,,,21,15639,,,,16,7156,,,,8,21388,,,,30,32463,,,,,,,,,,,,,,,,,,,,,,,,,,,,,,,,,,,,,,,,,,,,,,,,
173713,23-Aug-18,16:02:41,2018-08-23 16:02:41,G,2,147,3592,,0,9,-62.5011,-60.6969,05:08.2,FastGPS,-62.5011,-60.6969,,,9.3,0.3,,,,15,9,31405,,,,5,4175,,,,30,30695,,,,8,12015,,,,27,26696,,,,13,28713,,,,28,909,,,,7,8026,,,,21,17149,,,,,,,,,,,,,,,,,,,,,,,,,,,,,,,,,
173713,23-Aug-18,16:33:02,2018-08-23 16:33:02,G,2,147,3593,1644,0,7,-62.4857,-60.7063,35:29.2,FastGPS,-62.4857,-60.7063,,,4.5,0.2,,,,15,7,22347,,,,8,10976,,,,30,4614,,,,27,15880,,,,13,4638,,,,5,15859,,,,28,23735,,,,,,,,,,,,,,,,,,,,,,,,,,,,,,,,,,,,,,,,,,,
173713,23-Aug-18,17:06:47,2018-08-23 17:06:47,G,2,147,3594,1644,0,7,-62.4842,-60.7527,09:13.8,FastGPS,-62.4842,-60.7527,,,7.9,-0.2,,,,15,5,12049,,,,30,240,,,,7,31423,,,,28,26328,,,,13,22154,,,,8,28340,,,,15,7482,,,,,,,,,,,,,,,,,,,,,,,,,,,,,,,,,,,,,,,,,,,
173713,23-Aug-18,17:37:08,2018-08-23 17:37:08,G,2,147,3595,1644,0,8,-62.4784,-60.7706,39:34.8,FastGPS,-62.4784,-60.7706,,,9.1,-0.2,,,,15,30,28683,,,,15,21746,,,,7,2612,,,,8,25086,,,,28,75,,,,13,21825,,,,5,24700,,,,20,15146,,,,,,,,,,,,,,,,,,,,,,,,,,,,,,,,,,,,,,
173713,23-Aug-18,18:23:37,2018-08-23 18:23:37,G,1,147,3596,,0,9,-62.4673,-60.7672,26:04.2,FastGPS,-62.4673,-60.7672,,,13.1,0.3,,,,15,17,21027,,,,15,2739,,,,18,31100,,,,28,11575,,,,11,17066,,,,13,22708,,,,30,6117,,,,8,25224,,,,24,9021,,,,,,,,,,,,,,,,,,,,,,,,,,,,,,,,,
173713,23-Aug-18,18:54:05,2018-08-23 18:54:05,G,1,147,3597,,0,9,-62.4633,-60.7819,56:32.3,FastGPS,-62.4633,-60.7819,,,13.3,0.3,,,,15,15,17823,,,,11,22724,,,,13,9730,,,,17,22055,,,,18,4934,,,,24,2369,,,,10,8807,,,,20,31670,,,,30,9612,,,,,,,,,,,,,,,,,,,,,,,,,,,,,,,,,
173713,23-Aug-18,19:31:42,2018-08-23 19:31:42,G,2,147,3598,,0,9,-62.459,-60.8083,34:08.3,FastGPS,-62.459,-60.8083,,,5.2,-0.7,,,,15,17,26589,,,,12,12532,,,,15,31631,,,,28,7675,,,,13,24458,,,,24,21713,,,,19,18962,,,,1,25852,,,,11,1365,,,,,,,,,,,,,,,,,,,,,,,,,,,,,,,,,
173713,23-Aug-18,20:03:56,2018-08-23 20:03:56,G,1,147,3599,,0,9,-62.4695,-60.8024,06:21.8,FastGPS,-62.4695,-60.8024,,,14.4,-1.2,,,,15,12,31714,,,,24,7938,,,,15,23324,,,,17,8704,,,,10,30883,,,,32,20243,,,,28,7820,,,,1,15574,,,,19,254,,,,,,,,,,,,,,,,,,,,,,,,,,,,,,,,,
173713,23-Aug-18,20:52:12,2018-08-23 20:52:12,G,8,147,3600,1646,0,6,-62.487,-60.8254,54:38.2,FastGPS,-62.487,-60.8254,,,10.3,-0.7,,,,15,6,25383,,,,17,14473,,,,12,32314,,,,19,377,,,,24,247,,,,15,31558,,,,,,,,,,,,,,,,,,,,,,,,,,,,,,,,,,,,,,,,,,,,,,,,
173713,23-Aug-18,21:22:54,2018-08-23 21:22:54,G,3,147,3601,,0,9,-62.4973,-60.8421,25:19.8,FastGPS,-62.4973,-60.8421,,,9.4,-1.2,,,,15,12,30179,,,,25,31914,,,,24,19801,,,,32,16798,,,,17,9781,,,,22,1714,,,,3,5334,,,,19,12250,,,,6,1656,,,,,,,,,,,,,,,,,,,,,,,,,,,,,,,,,
173713,23-Aug-18,21:53:01,2018-08-23 21:53:01,G,2,147,3602,,0,9,-62.5144,-60.8531,55:26.8,FastGPS,-62.5144,-60.8531,,,5.4,-1.2,,,,15,12,3994,,,,24,10133,,,,32,17466,,,,25,22742,,,,22,4903,,,,3,30835,,,,14,16025,,,,19,27248,,,,17,18678,,,,,,,,,,,,,,,,,,,,,,,,,,,,,,,,,
173713,23-Aug-18,22:34:31,2018-08-23 22:34:31,G,1,147,3603,1646,0,8,-62.5367,-60.874,36:57.3,FastGPS,-62.5367,-60.874,,,9.7,-0.7,,,,15,25,11019,,,,29,19979,,,,12,17319,,,,32,27402,,,,31,19899,,,,6,4320,,,,19,21674,,,,14,15555,,,,,,,,,,,,,,,,,,,,,,,,,,,,,,,,,,,,,,
173713,23-Aug-18,23:10:39,2018-08-23 23:10:39,G,2,147,3604,,0,9,-62.5594,-60.8857,13:05.3,FastGPS,-62.5594,-60.8857,,,7.2,-0.7,,,,15,29,31372,,,,31,11797,,,,25,28088,,,,3,6231,,,,14,28563,,,,12,1248,,,,19,24347,,,,2,4207,,,,6,3875,,,,,,,,,,,,,,,,,,,,,,,,,,,,,,,,,
173713,23-Aug-18,23:40:00,2018-08-23 23:40:00,G,2,147,3605,1646,0,7,-62.5795,-60.8939,42:25.8,FastGPS,-62.5795,-60.8939,,1,10,-1.2,,,,15,29,32139,,,,31,16048,,,,2,26647,,,,6,8365,,,,25,2605,,,,12,3907,,,,4,27676,,,,,,,,,,,,,,,,,,,,,,,,,,,,,,,,,,,,,,,,,,,
173713,24-Aug-18,0:26:21,2018-08-24 00:26:21,G,2,147,3606,1646,0,8,-62.5887,-60.9109,28:47.2,FastGPS,-62.5887,-60.9109,,1,5.8,-0.8,,,,15,29,28295,,,,2,17727,,,,4,31772,,,,25,29813,,,,31,383,,,,5,2208,,,,26,24294,,,,12,27390,,,,,,,,,,,,,,,,,,,,,,,,,,,,,,,,,,,,,,
173713,24-Aug-18,0:56:48,2018-08-24 00:56:48,G,4,147,3607,1646,0,6,-62.591,-60.9416,59:13.7,FastGPS,-62.591,-60.9416,,1,3.9,-1.2,,,,15,29,5945,,,,5,10300,,,,31,7064,,,,2,32308,,,,25,25929,,,,4,14326,,,,,,,,,,,,,,,,,,,,,,,,,,,,,,,,,,,,,,,,,,,,,,,,
173713,24-Aug-18,14:35:30,2018-08-24 14:35:30,G,4,147,3608,1646,0,7,-62.5895,-60.9329,37:56.3,FastGPS,-62.5895,-60.9329,,,12.6,-0.7,,,,15,7,32308,,,,5,7978,,,,2,32363,,,,9,19696,,,,30,1964,,,,23,16961,,,,27,17099,,,,,,,,,,,,,,,,,,,,,,,,,,,,,,,,,,,,,,,,,,,
173713,24-Aug-18,19:41:00,2018-08-24 19:41:00,G,1,147,3609,1647,0,6,-62.6049,-60.9822,43:25.8,FastGPS,-62.6049,-60.9822,,,12.8,-1.2,,,,15,15,12126,,,,12,17302,,,,13,8884,,,,19,9634,,,,17,26444,,,,20,21304,,,,,,,,,,,,,,,,,,,,,,,,,,,,,,,,,,,,,,,,,,,,,,,,
173713,24-Aug-18,20:11:00,2018-08-24 20:11:00,G,3,147,3610,1647,1,7,-62.605,-60.9852,13:25.8,FastGPS,-62.605,-60.9852,,,10.9,-1.2,,,,15,15,14896,,,,17,3658,,,,19,21545,,,,13,31690,,,,12,6761,,,,6,19987,,,,28,16621,,,,,,,,,,,,,,,,,,,,,,,,,,,,,,,,,,,,,,,,,,,
173713,25-Aug-18,22:22:19,2018-08-25 22:22:19,G,3,147,3611,,0,9,-62.5757,-60.9738,24:45.3,FastGPS,-62.5757,-60.9738,,,10.3,-0.7,,,,15,12,27177,,,,6,10945,,,,29,7032,,,,19,9322,,,,24,26153,,,,2,5457,,,,25,7188,,,,32,12103,,,,3,1187,,,,,,,,,,,,,,,,,,,,,,,,,,,,,,,,,
173713,25-Aug-18,22:55:44,2018-08-25 22:55:44,G,4,147,3612,,0,9,-62.5534,-60.9883,58:10.3,FastGPS,-62.5534,-60.9883,,,14.6,-0.7,,,,15,12,20193,,,,6,20506,,,,29,7037,,,,2,24927,,,,19,22837,,,,25,22608,,,,32,14456,,,,14,16630,,,,24,15274,,,,,,,,,,,,,,,,,,,,,,,,,,,,,,,,,
173713,25-Aug-18,23:30:10,2018-08-25 23:30:10,G,6,147,3613,1648,0,6,-62.5341,-61.0028,32:36.3,FastGPS,-62.5341,-61.0028,,,18.8,-0.7,,,,15,25,17340,,,,29,9229,,,,12,24669,,,,6,27838,,,,31,27081,,,,2,7754,,,,,,,,,,,,,,,,,,,,,,,,,,,,,,,,,,,,,,,,,,,,,,,,
173713,26-Aug-18,0:00:00,2018-08-26 00:00:00,G,2,147,3614,,0,9,-62.5169,-61.0117,02:25.8,FastGPS,-62.5169,-61.0117,,1,6.7,-1.2,,,,15,31,29981,,,,29,23521,,,,5,29710,,,,4,24596,,,,23,2172,,,,2,18406,,,,25,25831,,,,12,6366,,,,26,7750,,,,,,,,,,,,,,,,,,,,,,,,,,,,,,,,,
173713,26-Aug-18,0:32:25,2018-08-26 00:32:25,G,6,147,3615,1648,0,6,-62.498,-61.0167,34:50.8,FastGPS,-62.498,-61.0167,,,13.5,-1.2,,,,15,29,24220,,,,2,19975,,,,5,25717,,,,12,5555,,,,31,30916,,,,25,5430,,,,,,,,,,,,,,,,,,,,,,,,,,,,,,,,,,,,,,,,,,,,,,,,
173713,26-Aug-18,1:25:51,2018-08-26 01:25:51,G,5,147,3616,,0,9,-62.4709,-61.0473,28:16.8,FastGPS,-62.4709,-61.0473,,1,5.5,-1.2,,,,15,5,12431,,,,2,1775,,,,26,10280,,,,25,15954,,,,29,25327,,,,21,15955,,,,31,32594,,,,4,478,,,,16,31627,,,,,,,,,,,,,,,,,,,,,,,,,,,,,,,,,
173713,26-Aug-18,1:58:25,2018-08-26 01:58:25,G,6,147,3617,1649,0,8,-62.4477,-61.072,00:51.3,FastGPS,-62.4477,-61.072,,1,10.8,-0.7,,,,15,5,19046,,,,29,1885,,,,16,28779,,,,4,27618,,,,21,2949,,,,25,30500,,,,26,1574,,,,31,32216,,,,,,,,,,,,,,,,,,,,,,,,,,,,,,,,,,,,,,
173713,26-Aug-18,2:30:41,2018-08-26 02:30:41,G,3,147,3618,1649,0,5,-62.4223,-60.7209,21:35.0,FastGPS,-62.4252,-61.0901,,1,0.5,-1.1,,,,15,29,21423,,,,5,20313,,,,4,17535,,,,26,20514,,,,21,577,,,,,,,,,,,,,,,,,,,,,,,,,,,,,,,,,,,,,,,,,,,,,,,,,,,,,
173713,26-Aug-18,3:17:23,2018-08-26 03:17:23,G,1,147,3619,,0,9,-62.4188,-61.0954,19:49.3,FastGPS,-62.4188,-61.0954,,1,6.3,-0.7,,,,15,16,9133,,,,5,15997,,,,26,7572,,,,4,2386,,,,13,27741,,,,29,8868,,,,21,23300,,,,27,23715,,,,7,32460,,,,,,,,,,,,,,,,,,,,,,,,,,,,,,,,,
173713,26-Aug-18,3:57:58,2018-08-26 03:57:58,G,2,147,3620,1649,0,7,-62.4014,-61.0899,00:23.8,FastGPS,-62.4014,-61.0899,,,14.6,-1.2,,,,15,13,9248,,,,7,17272,,,,20,31426,,,,21,11814,,,,15,19780,,,,10,26124,,,,27,11940,,,,,,,,,,,,,,,,,,,,,,,,,,,,,,,,,,,,,,,,,,,
173713,26-Aug-18,4:28:01,2018-08-26 04:28:01,G,1,147,3621,,0,9,-62.3813,-61.0954,30:26.8,FastGPS,-62.3813,-61.0954,,1,11.2,-1.2,,,,15,21,28423,,,,15,2208,,,,16,21316,,,,20,13326,,,,27,7315,,,,10,9825,,,,4,20341,,,,7,22293,,,,26,18842,,,,,,,,,,,,,,,,,,,,,,,,,,,,,,,,,
173713,26-Aug-18,4:58:15,2018-08-26 04:58:15,G,5,147,3622,1649,0,5,-62.3608,-61.1094,00:41.2,FastGPS,-62.3608,-61.1094,,,19.1,-0.8,,,,15,27,10488,,,,15,23466,,,,21,18718,,,,20,31486,,,,16,4011,,,,,,,,,,,,,,,,,,,,,,,,,,,,,,,,,,,,,,,,,,,,,,,,,,,,,
173713,26-Aug-18,5:28:01,2018-08-26 05:28:01,G,5,147,3623,1649,0,6,-62.3626,-61.0838,30:27.3,FastGPS,-62.3626,-61.0838,,,10.5,-0.7,,,,15,15,28439,,,,27,28677,,,,20,632,,,,8,16407,,,,10,28958,,,,13,27361,,,,,,,,,,,,,,,,,,,,,,,,,,,,,,,,,,,,,,,,,,,,,,,,
173713,26-Aug-18,5:58:05,2018-08-26 05:58:05,G,2,147,3624,1649,0,7,-62.38,-61.0592,00:30.8,FastGPS,-62.38,-61.0592,,,3.3,-1.2,,,,15,8,4640,,,,10,28679,,,,15,16350,,,,27,25574,,,,18,4119,,,,20,20163,,,,24,19369,,,,,,,,,,,,,,,,,,,,,,,,,,,,,,,,,,,,,,,,,,,
173713,26-Aug-18,6:28:01,2018-08-26 06:28:01,G,5,147,3625,,0,9,-62.3881,-61.0142,30:26.8,FastGPS,-62.3881,-61.0142,,,5.6,-1.2,,,,15,28,1870,,,,11,17296,,,,18,11903,,,,20,3781,,,,10,12688,,,,8,6836,,,,15,31281,,,,32,32212,,,,1,22939,,,,,,,,,,,,,,,,,,,,,,,,,,,,,,,,,
173713,26-Aug-18,7:05:31,2018-08-26 07:05:31,G,4,147,3626,,0,9,-62.3923,-60.9547,07:56.8,FastGPS,-62.3923,-60.9547,,,15.6,-1.2,,,,15,11,24705,,,,18,16237,,,,1,20637,,,,28,31949,,,,8,10273,,,,32,29983,,,,10,4454,,,,20,1556,,,,24,11856,,,,,,,,,,,,,,,,,,,,,,,,,,,,,,,,,
173713,26-Aug-18,7:35:04,2018-08-26 07:35:04,G,5,147,3627,,0,9,-62.4013,-60.9191,37:30.3,FastGPS,-62.4013,-60.9191,,,15.6,-0.7,,,,15,32,7349,,,,18,18458,,,,14,12780,,,,1,16209,,,,28,14269,,,,17,17155,,,,22,12356,,,,11,28886,,,,8,1024,,,,,,,,,,,,,,,,,,,,,,,,,,,,,,,,,
173713,26-Aug-18,8:20:13,2018-08-26 08:20:13,G,5,147,3628,1650,0,8,-62.4256,-60.8681,22:38.8,FastGPS,-62.4256,-60.8681,,,4.2,-1.2,,,,15,1,1287,,,,18,31577,,,,11,11445,,,,22,29696,,,,17,14473,,,,32,10333,,,,10,18704,,,,3,14592,,,,,,,,,,,,,,,,,,,,,,,,,,,,,,,,,,,,,,
173713,26-Aug-18,8:51:01,2018-08-26 08:51:01,G,2,147,3629,,0,9,-62.4394,-60.8232,53:27.3,FastGPS,-62.4394,-60.8232,,,4.7,-0.7,,,,15,17,15587,,,,1,15346,,,,22,1670,,,,18,7954,,,,11,22333,,,,3,24513,,,,19,28762,,,,32,2881,,,,12,7235,,,,,,,,,,,,,,,,,,,,,,,,,,,,,,,,,
173713,26-Aug-18,9:21:01,2018-08-26 09:21:01,G,1,147,3630,,0,9,-62.4433,-60.7864,23:27.3,FastGPS,-62.4433,-60.7864,,,10.7,-0.7,,,,15,3,19168,,,,1,28880,,,,17,7841,,,,22,11495,,,,12,31650,,,,11,11066,,,,19,22907,,,,18,26313,,,,23,4378,,,,,,,,,,,,,,,,,,,,,,,,,,,,,,,,,
173713,26-Aug-18,9:51:20,2018-08-26 09:51:20,G,4,147,3631,,0,9,-62.445,-60.7859,53:45.8,FastGPS,-62.445,-60.7859,,,8.4,-1.2,,,,15,3,11018,,,,1,24682,,,,22,7048,,,,31,17743,,,,12,6421,,,,17,5257,,,,23,16115,,,,11,30351,,,,25,1700,,,,,,,,,,,,,,,,,,,,,,,,,,,,,,,,,
173713,26-Aug-18,10:32:24,2018-08-26 10:32:24,G,3,147,3632,,0,9,-62.459,-60.7804,34:49.9,FastGPS,-62.459,-60.7804,,,8.4,-1.1,,,,15,23,7212,,,,17,3592,,,,31,9949,,,,3,23634,,,,22,25571,,,,25,5951,,,,19,26690,,,,12,2150,,,,14,2032,,,,,,,,,,,,,,,,,,,,,,,,,,,,,,,,,
173713,26-Aug-18,11:29:29,2018-08-26 11:29:29,G,2,147,3633,1651,0,8,-62.4631,-60.7793,31:55.3,FastGPS,-62.4631,-60.7793,,1,9.4,-0.7,,,,15,31,25780,,,,4,30458,,,,23,18705,,,,26,15069,,,,9,4107,,,,3,13901,,,,22,29663,,,,6,28644,,,,,,,,,,,,,,,,,,,,,,,,,,,,,,,,,,,,,,
173713,26-Aug-18,11:59:00,2018-08-26 11:59:00,G,4,147,3634,1651,0,4,-62.4223,-60.7209,21:35.0,FastGPS,-62.45,-60.7967,,,0.7,-1.2,,,,15,23,31799,,,,9,25621,,,,6,2552,,,,22,23862,,,,,,,,,,,,,,,,,,,,,,,,,,,,,,,,,,,,,,,,,,,,,,,,,,,,,,,,,,
173713,26-Aug-18,12:49:08,2018-08-26 12:49:08,G,7,147,3635,,0,9,-62.4321,-60.7525,51:34.3,FastGPS,-62.4321,-60.7525,,1,7,-0.7,,,,15,23,16978,,,,9,28857,,,,26,32481,,,,29,26339,,,,4,20079,,,,7,5023,,,,16,27619,,,,6,29821,,,,3,24721,,,,,,,,,,,,,,,,,,,,,,,,,,,,,,,,,
173713,26-Aug-18,13:19:09,2018-08-26 13:19:09,G,5,147,3636,1652,0,5,-62.477,-60.491,8/27/2018 11:44,N,-62.4223,-60.7209,,1,55.8,-1,,,,15,23,20837,,,,16,8204,,,,7,29893,,,,9,24429,,,,4,27598,,,,,,,,,,,,,,,,,,,,,,,,,,,,,,,,,,,,,,,,,,,,,,,,,,,,,
173713,26-Aug-18,15:21:11,2018-08-26 15:21:11,G,2,147,3637,,0,9,-62.4135,-60.6915,23:36.8,FastGPS,-62.4135,-60.6915,,,7.3,-1.2,,,,15,30,4983,,,,9,4538,,,,7,9319,,,,5,31527,,,,27,10366,,,,8,30103,,,,21,20163,,,,13,21164,,,,16,32283,,,,,,,,,,,,,,,,,,,,,,,,,,,,,,,,,
173713,26-Aug-18,16:15:25,2018-08-26 16:15:25,G,2,147,3638,1654,0,5,-62.4307,-60.6568,17:50.8,FastGPS,-62.4307,-60.6568,,,6.5,-1.2,,,,15,5,19880,,,,30,30273,,,,13,11465,,,,28,22664,,,,15,17636,,,,,,,,,,,,,,,,,,,,,,,,,,,,,,,,,,,,,,,,,,,,,,,,,,,,,
173713,26-Aug-18,18:29:00,2018-08-26 18:29:00,G,1,147,3640,,0,9,-62.4418,-60.5687,31:25.8,FastGPS,-62.4418,-60.5687,,,10.8,-1.2,,,,15,15,12964,,,,24,14069,,,,18,23397,,,,28,11929,,,,11,22813,,,,1,20389,,,,13,11492,,,,17,1325,,,,20,7226,,,,,,,,,,,,,,,,,,,,,,,,,,,,,,,,,
173713,26-Aug-18,19:04:44,2018-08-26 19:04:44,G,3,147,3641,,0,9,-62.4407,-60.5129,07:10.3,FastGPS,-62.4407,-60.5129,,,9.3,-0.7,,,,15,17,3043,,,,28,10743,,,,15,697,,,,10,20622,,,,24,19521,,,,18,10591,,,,19,5468,,,,11,4034,,,,20,25401,,,,,,,,,,,,,,,,,,,,,,,,,,,,,,,,,
173713,26-Aug-18,19:54:19,2018-08-26 19:54:19,G,3,147,3642,1657,0,6,-62.4319,-60.4361,56:46.2,FastGPS,-62.4319,-60.4361,,,10.6,0.3,,,,15,24,26103,,,,19,22277,,,,17,24660,,,,28,11959,,,,10,4563,,,,12,21348,,,,,,,,,,,,,,,,,,,,,,,,,,,,,,,,,,,,,,,,,,,,,,,,
173713,26-Aug-18,20:24:29,2018-08-26 20:24:29,G,3,147,3643,1657,0,8,-62.4191,-60.4006,26:55.8,FastGPS,-62.4191,-60.4006,,,12.1,-0.2,,,,15,17,24791,,,,12,25869,,,,24,12701,,,,6,3335,,,,15,8435,,,,1,15058,,,,32,11221,,,,19,1797,,,,,,,,,,,,,,,,,,,,,,,,,,,,,,,,,,,,,,
173713,26-Aug-18,20:54:00,2018-08-26 20:54:00,G,3,147,3644,,0,9,-62.4083,-60.3545,56:27.3,FastGPS,-62.4083,-60.3545,,,11.7,0.3,,,,15,12,2398,,,,24,21747,,,,17,10170,,,,19,2419,,,,25,32732,,,,32,3767,,,,1,27681,,,,14,30931,,,,22,22956,,,,,,,,,,,,,,,,,,,,,,,,,,,,,,,,,
173713,26-Aug-18,21:24:08,2018-08-26 21:24:08,G,3,147,3645,1657,0,7,-62.4017,-60.3124,26:34.8,FastGPS,-62.4017,-60.3124,,,6.7,-0.2,,,,15,17,9967,,,,6,30762,,,,19,14504,,,,12,3928,,,,2,4271,,,,24,9341,,,,3,22356,,,,,,,,,,,,,,,,,,,,,,,,,,,,,,,,,,,,,,,,,,,
173713,26-Aug-18,21:55:59,2018-08-26 21:55:59,G,2,147,3646,,0,9,-62.3972,-60.276,58:26.3,FastGPS,-62.3972,-60.276,,,13.2,0.3,,,,15,19,32081,,,,6,18103,,,,12,19051,,,,17,23757,,,,2,25587,,,,3,19044,,,,24,945,,,,25,18518,,,,22,28574,,,,,,,,,,,,,,,,,,,,,,,,,,,,,,,,,
173713,26-Aug-18,22:26:00,2018-08-26 22:26:00,G,3,147,3647,,0,9,-62.3842,-60.256,28:26.8,FastGPS,-62.3842,-60.256,,,7.2,-0.2,,,,15,29,8699,,,,12,19388,,,,6,9176,,,,19,15171,,,,25,23423,,,,2,3699,,,,32,18190,,,,24,25709,,,,14,12812,,,,,,,,,,,,,,,,,,,,,,,,,,,,,,,,,
173713,26-Aug-18,22:56:59,2018-08-26 22:56:59,G,3,147,3648,1657,0,7,-62.3599,-60.2634,59:25.9,FastGPS,-62.3599,-60.2634,,,8.2,-0.1,,,,15,6,3129,,,,12,2702,,,,19,27802,,,,29,19851,,,,25,20535,,,,31,30466,,,,2,31338,,,,,,,,,,,,,,,,,,,,,,,,,,,,,,,,,,,,,,,,,,,
173713,26-Aug-18,23:27:43,2018-08-26 23:27:43,G,4,147,3649,1657,0,6,-62.3378,-60.284,30:10.3,FastGPS,-62.3378,-60.284,,,4.9,0.3,,,,15,29,23937,,,,2,21361,,,,12,758,,,,31,4411,,,,6,1128,,,,25,27812,,,,,,,,,,,,,,,,,,,,,,,,,,,,,,,,,,,,,,,,,,,,,,,,
173713,27-Aug-18,0:04:09,2018-08-27 00:04:09,G,3,147,3650,1657,0,8,-62.3133,-60.3126,06:35.8,FastGPS,-62.3133,-60.3126,,1,9.1,-0.2,,,,15,12,16714,,,,31,4475,,,,5,7653,,,,2,14493,,,,25,22491,,,,29,15399,,,,4,27754,,,,26,14524,,,,,,,,,,,,,,,,,,,,,,,,,,,,,,,,,,,,,,
173713,27-Aug-18,0:34:09,2018-08-27 00:34:09,G,2,147,3651,1657,0,8,-62.3006,-60.354,36:36.3,FastGPS,-62.3006,-60.354,,1,8.4,0.3,,,,15,5,15877,,,,25,25624,,,,12,17116,,,,31,21938,,,,29,30931,,,,4,9937,,,,2,4721,,,,26,14341,,,,,,,,,,,,,,,,,,,,,,,,,,,,,,,,,,,,,,
173713,27-Aug-18,1:04:41,2018-08-27 01:04:41,G,2,147,3652,,0,9,-62.3008,-60.4056,07:07.8,FastGPS,-62.3008,-60.4056,,1,9.6,-0.2,,,,15,29,19229,,,,5,4520,,,,31,1118,,,,25,2740,,,,26,5555,,,,4,11049,,,,16,31353,,,,21,7064,,,,2,30201,,,,,,,,,,,,,,,,,,,,,,,,,,,,,,,,,
173713,27-Aug-18,1:36:16,2018-08-27 01:36:16,G,1,147,3653,1657,0,8,-62.2947,-60.4641,38:43.3,FastGPS,-62.2947,-60.4641,,1,3.8,0.3,,,,15,29,31204,,,,31,674,,,,5,16032,,,,4,8912,,,,21,12889,,,,26,30894,,,,25,11731,,,,16,14389,,,,,,,,,,,,,,,,,,,,,,,,,,,,,,,,,,,,,,
173713,27-Aug-18,2:06:01,2018-08-27 02:06:01,G,3,147,3654,1657,0,6,-62.2884,-60.4986,08:27.8,FastGPS,-62.2884,-60.4986,,1,6.8,-0.2,,,,15,16,27977,,,,26,3848,,,,4,20043,,,,21,12361,,,,5,6114,,,,29,3005,,,,,,,,,,,,,,,,,,,,,,,,,,,,,,,,,,,,,,,,,,,,,,,,
173713,27-Aug-18,2:37:24,2018-08-27 02:37:24,G,2,147,3655,1657,0,8,-62.2845,-60.5035,39:51.3,FastGPS,-62.2845,-60.5035,,1,11,0.3,,,,15,4,2545,,,,21,951,,,,26,13722,,,,29,23477,,,,16,116,,,,5,552,,,,20,26842,,,,27,31684,,,,,,,,,,,,,,,,,,,,,,,,,,,,,,,,,,,,,,
173713,27-Aug-18,3:07:01,2018-08-27 03:07:01,G,1,147,3656,,0,9,-62.2934,-60.5275,09:27.8,FastGPS,-62.2934,-60.5275,,1,5.2,-0.2,,,,15,29,5115,,,,4,22763,,,,16,4186,,,,27,26982,,,,20,25296,,,,21,18060,,,,26,23174,,,,13,12199,,,,15,25758,,,,,,,,,,,,,,,,,,,,,,,,,,,,,,,,,
173713,27-Aug-18,3:58:57,2018-08-27 03:58:57,G,1,147,3657,1657,0,5,-62.2713,-60.5966,01:22.8,FastGPS,-62.2713,-60.5966,,,1.5,-1.2,,,,15,20,61,,,,21,24227,,,,10,4667,,,,16,23298,,,,27,11596,,,,,,,,,,,,,,,,,,,,,,,,,,,,,,,,,,,,,,,,,,,,,,,,,,,,,
173713,27-Aug-18,4:29:20,2018-08-27 04:29:20,G,1,147,3658,1657,0,8,-62.2599,-60.6405,31:46.3,FastGPS,-62.2599,-60.6405,,,9.1,-0.7,,,,15,21,23471,,,,20,31227,,,,15,21206,,,,7,16504,,,,10,8340,,,,27,25617,,,,16,12663,,,,8,30306,,,,,,,,,,,,,,,,,,,,,,,,,,,,,,,,,,,,,,
173713,27-Aug-18,5:01:37,2018-08-27 05:01:37,G,3,147,3659,1657,0,7,-62.2402,-60.6442,04:03.3,FastGPS,-62.2402,-60.6442,,,6,-0.7,,,,15,15,21522,,,,21,20085,,,,20,28426,,,,27,9947,,,,10,27173,,,,8,30375,,,,13,31874,,,,,,,,,,,,,,,,,,,,,,,,,,,,,,,,,,,,,,,,,,,
173713,27-Aug-18,5:31:00,2018-08-27 05:31:00,G,2,147,3660,,0,9,-62.2438,-60.6144,33:25.8,FastGPS,-62.2438,-60.6144,,,8,-1.2,,,,15,10,16259,,,,27,31745,,,,20,1940,,,,18,11645,,,,21,20876,,,,8,6156,,,,11,13026,,,,32,18894,,,,30,32337,,,,,,,,,,,,,,,,,,,,,,,,,,,,,,,,,
173713,27-Aug-18,6:01:00,2018-08-27 06:01:00,G,4,147,3661,1657,0,8,-62.2468,-60.6208,03:25.8,FastGPS,-62.2468,-60.6208,,,8.2,-1.2,,,,15,10,2305,,,,27,16005,,,,28,11508,,,,20,10223,,,,18,1221,,,,32,4229,,,,8,13759,,,,11,4316,,,,,,,,,,,,,,,,,,,,,,,,,,,,,,,,,,,,,,
173713,27-Aug-18,6:31:14,2018-08-27 06:31:14,G,5,147,3662,,0,9,-62.2769,-60.6044,33:39.8,FastGPS,-62.2769,-60.6044,,,16.2,-1.2,,,,15,8,16508,,,,27,2669,,,,18,17474,,,,28,28950,,,,32,14685,,,,10,20531,,,,11,23070,,,,15,24268,,,,20,31123,,,,,,,,,,,,,,,,,,,,,,,,,,,,,,,,,
173713,27-Aug-18,7:08:06,2018-08-27 07:08:06,G,3,147,3663,,0,9,-62.3216,-60.5926,10:31.8,FastGPS,-62.3216,-60.5926,,,4.9,-1.2,,,,15,18,11710,,,,11,20268,,,,8,7146,,,,1,27618,,,,22,31440,,,,10,2414,,,,24,32523,,,,32,30533,,,,28,8803,,,,,,,,,,,,,,,,,,,,,,,,,,,,,,,,,
173713,27-Aug-18,7:41:10,2018-08-27 07:41:10,G,1,147,3664,,0,9,-62.3502,-60.5535,43:35.8,FastGPS,-62.3502,-60.5535,,,9.9,-1.2,,,,15,11,3457,,,,1,12041,,,,18,25713,,,,32,16103,,,,22,20767,,,,8,25149,,,,20,20847,,,,24,26294,,,,28,19645,,,,,,,,,,,,,,,,,,,,,,,,,,,,,,,,,
173713,27-Aug-18,8:13:18,2018-08-27 08:13:18,G,2,147,3665,,0,9,-62.3791,-60.5292,15:44.3,FastGPS,-62.3791,-60.5292,,,5.9,-0.7,,,,15,17,29673,,,,22,12375,,,,1,21820,,,,11,5971,,,,32,8053,,,,10,25826,,,,18,26827,,,,14,27290,,,,3,26938,,,,,,,,,,,,,,,,,,,,,,,,,,,,,,,,,
173713,27-Aug-18,8:43:00,2018-08-27 08:43:00,G,3,147,3666,,0,9,-62.4031,-60.5255,45:25.8,FastGPS,-62.4031,-60.5255,,,6.8,-1.2,,,,15,1,9766,,,,22,20769,,,,11,25192,,,,3,4755,,,,17,2883,,,,18,11700,,,,12,25378,,,,32,9853,,,,14,6676,,,,,,,,,,,,,,,,,,,,,,,,,,,,,,,,,
173713,27-Aug-18,9:16:13,2018-08-27 09:16:13,G,3,147,3667,,0,9,-62.4265,-60.5145,18:39.3,FastGPS,-62.4265,-60.5145,,,7.4,-0.7,,,,15,17,25551,,,,3,2406,,,,22,29402,,,,32,26550,,,,1,15737,,,,11,31657,,,,31,26583,,,,14,27729,,,,18,14859,,,,,,,,,,,,,,,,,,,,,,,,,,,,,,,,,
173713,27-Aug-18,10:28:04,2018-08-27 10:28:04,G,2,147,3668,1657,0,6,-62.4637,-60.464,30:29.8,FastGPS,-62.4637,-60.464,,,15.8,-1.2,,,,15,3,13684,,,,22,16988,,,,19,15657,,,,23,28084,,,,6,8635,,,,17,25610,,,,,,,,,,,,,,,,,,,,,,,,,,,,,,,,,,,,,,,,,,,,,,,,
173713,27-Aug-18,10:59:15,2018-08-27 10:59:15,G,2,147,3669,1657,0,6,-62.4722,-60.4687,01:40.9,FastGPS,-62.4722,-60.4687,,,6.4,-1.1,,,,15,31,5535,,,,3,19209,,,,22,20070,,,,23,21466,,,,25,13703,,,,6,549,,,,,,,,,,,,,,,,,,,,,,,,,,,,,,,,,,,,,,,,,,,,,,,,
173713,27-Aug-18,11:29:19,2018-08-27 11:29:19,G,4,147,3670,,0,9,-62.4819,-60.4747,31:45.3,FastGPS,-62.4819,-60.4747,,1,9.9,-0.7,,,,15,6,27043,,,,31,11550,,,,23,18452,,,,3,35,,,,9,12398,,,,4,5000,,,,22,9654,,,,26,24862,,,,2,29768,,,,,,,,,,,,,,,,,,,,,,,,,,,,,,,,,
173713,27-Aug-18,12:05:54,2018-08-27 12:05:54,G,2,147,3671,,0,9,-62.4987,-60.439,08:19.8,FastGPS,-62.4987,-60.439,,1,5.5,-1.2,,,,15,23,29223,,,,9,20297,,,,2,24402,,,,4,6992,,,,6,27216,,,,3,14838,,,,26,20830,,,,31,15035,,,,29,7133,,,,,,,,,,,,,,,,,,,,,,,,,,,,,,,,,
173713,27-Aug-18,12:43:24,2018-08-27 12:43:24,G,3,147,3672,1657,0,6,-62.5038,-60.4425,45:49.8,FastGPS,-62.5038,-60.4425,,,9.9,-1.1,,,,15,23,3369,,,,7,10603,,,,9,9035,,,,3,14661,,,,16,6807,,,,6,14798,,,,,,,,,,,,,,,,,,,,,,,,,,,,,,,,,,,,,,,,,,,,,,,,
173713,27-Aug-18,13:15:10,2018-08-27 13:15:10,G,2,147,3673,,0,9,-62.522,-60.4483,17:36.3,FastGPS,-62.522,-60.4483,,1,5.8,-0.7,,,,15,7,11540,,,,29,5680,,,,5,20020,,,,9,6613,,,,6,28215,,,,4,11559,,,,2,27347,,,,23,3843,,,,26,12762,,,,,,,,,,,,,,,,,,,,,,,,,,,,,,,,,
173713,27-Aug-18,15:19:24,2018-08-27 15:19:24,G,2,147,3676,1658,0,5,-62.5549,-60.4701,21:50.4,FastGPS,-62.5549,-60.4701,,,9.4,-0.6,,,,15,5,4547,,,,7,12826,,,,30,14751,,,,13,3989,,,,9,848,,,,,,,,,,,,,,,,,,,,,,,,,,,,,,,,,,,,,,,,,,,,,,,,,,,,,
173713,27-Aug-18,15:57:58,2018-08-27 15:57:58,G,1,147,3677,1658,0,4,-62.5666,-60.4942,12:25.8,FastGPS,-62.5598,-60.5012,,,1.2,-1.2,,,,15,7,20441,,,,30,13242,,,,5,28704,,,,13,15030,,,,,,,,,,,,,,,,,,,,,,,,,,,,,,,,,,,,,,,,,,,,,,,,,,,,,,,,,,
173713,27-Aug-18,16:48:54,2018-08-27 16:48:54,G,1,147,3678,1659,0,7,-62.5601,-60.4915,51:20.3,FastGPS,-62.5601,-60.4915,,,14,-0.6,,,,15,30,7073,,,,7,8772,,,,13,22523,,,,28,24575,,,,8,1031,,,,27,27415,,,,15,2246,,,,,,,,,,,,,,,,,,,,,,,,,,,,,,,,,,,,,,,,,,,
173713,27-Aug-18,17:20:17,2018-08-27 17:20:17,G,3,147,3679,1659,0,6,-62.5586,-60.4916,22:43.4,FastGPS,-62.5586,-60.4916,,,12.3,-0.6,,,,15,7,14282,,,,28,8383,,,,13,30061,,,,30,7251,,,,8,3377,,,,15,26869,,,,,,,,,,,,,,,,,,,,,,,,,,,,,,,,,,,,,,,,,,,,,,,,
173713,27-Aug-18,17:51:15,2018-08-27 17:51:15,G,3,147,3680,1659,0,7,-62.559,-60.4933,53:40.8,FastGPS,-62.559,-60.4933,,,13.2,-1.2,,,,15,15,29746,,,,13,3494,,,,30,24634,,,,28,14053,,,,20,28917,,,,24,25463,,,,8,6416,,,,,,,,,,,,,,,,,,,,,,,,,,,,,,,,,,,,,,,,,,,
173713,27-Aug-18,18:21:09,2018-08-27 18:21:09,G,3,147,3681,,0,9,-62.5593,-60.4938,23:34.8,FastGPS,-62.5593,-60.4938,,,9.3,-1.2,,,,15,10,20375,,,,17,22972,,,,20,15755,,,,11,29105,,,,28,25829,,,,18,25715,,,,13,26114,,,,15,16400,,,,1,15094,,,,,,,,,,,,,,,,,,,,,,,,,,,,,,,,,
173713,27-Aug-18,19:40:00,2018-08-27 19:40:00,G,1,147,3683,1660,0,6,-62.5659,-60.4922,42:25.8,FastGPS,-62.5659,-60.4922,,,7.9,-1.2,,,,15,15,27986,,,,12,11431,,,,19,27269,,,,13,5826,,,,28,27399,,,,17,21134,,,,,,,,,,,,,,,,,,,,,,,,,,,,,,,,,,,,,,,,,,,,,,,,
173713,27-Aug-18,20:10:00,2018-08-27 20:10:00,G,2,147,3684,1660,1,6,-62.5666,-60.4944,12:25.8,FastGPS,-62.5666,-60.4944,,,3.8,-1.2,,,,15,15,31506,,,,12,5425,,,,6,2717,,,,19,3309,,,,24,23631,,,,17,22022,,,,,,,,,,,,,,,,,,,,,,,,,,,,,,,,,,,,,,,,,,,,,,,,
173713,28-Aug-18,16:51:42,2018-08-28 16:51:42,G,1,147,3685,1660,0,7,-62.5388,-60.4711,54:08.4,FastGPS,-62.5388,-60.4711,,,3.9,-0.6,,,,15,5,7875,,,,8,9344,,,,30,6519,,,,7,25825,,,,28,25244,,,,27,20811,,,,15,8821,,,,,,,,,,,,,,,,,,,,,,,,,,,,,,,,,,,,,,,,,,,
173713,28-Aug-18,23:37:48,2018-08-28 23:37:48,G,2,147,3687,1662,0,7,-62.5182,-60.461,40:15.3,FastGPS,-62.5182,-60.461,,1,6.1,0.3,,,,15,12,4340,,,,2,19956,,,,29,17909,,,,31,6853,,,,25,24137,,,,4,1146,,,,5,12552,,,,,,,,,,,,,,,,,,,,,,,,,,,,,,,,,,,,,,,,,,,
173713,29-Aug-18,0:14:18,2018-08-29 00:14:18,G,3,147,3688,1662,0,8,-62.5073,-60.4949,16:45.3,FastGPS,-62.5073,-60.4949,,1,7.8,0.3,,,,15,29,26060,,,,25,29567,,,,5,18169,,,,12,12724,,,,31,11312,,,,4,12134,,,,26,9457,,,,2,17041,,,,,,,,,,,,,,,,,,,,,,,,,,,,,,,,,,,,,,
173713,29-Aug-18,2:51:44,2018-08-29 02:51:44,G,3,147,3689,,0,9,-62.4425,-60.6225,54:10.9,FastGPS,-62.4425,-60.6225,,1,12.3,-0.1,,,,15,29,58,,,,26,6632,,,,16,31875,,,,4,10677,,,,5,32411,,,,13,23948,,,,21,9289,,,,27,30609,,,,20,26246,,,,,,,,,,,,,,,,,,,,,,,,,,,,,,,,,
173713,29-Aug-18,3:54:47,2018-08-29 03:54:47,G,1,147,3691,,0,9,-62.412,-60.6487,57:13.4,FastGPS,-62.412,-60.6487,,1,7.5,-0.6,,,,15,15,1147,,,,21,19148,,,,27,26014,,,,16,16636,,,,10,24082,,,,20,11464,,,,13,6454,,,,4,24608,,,,26,18506,,,,,,,,,,,,,,,,,,,,,,,,,,,,,,,,,
173713,29-Aug-18,4:31:11,2018-08-29 04:31:11,G,2,147,3692,1663,0,8,-62.4028,-60.6838,33:38.3,FastGPS,-62.4028,-60.6838,,,5.7,0.4,,,,15,10,5317,,,,27,3690,,,,21,18185,,,,20,2615,,,,8,361,,,,16,4144,,,,15,27272,,,,13,21823,,,,,,,,,,,,,,,,,,,,,,,,,,,,,,,,,,,,,,
173713,29-Aug-18,5:02:37,2018-08-29 05:02:37,G,2,147,3693,1663,0,7,-62.4042,-60.7173,05:04.4,FastGPS,-62.4042,-60.7173,,,7.6,0.4,,,,15,10,17210,,,,27,13193,,,,21,15715,,,,20,26209,,,,15,21600,,,,8,28109,,,,16,28708,,,,,,,,,,,,,,,,,,,,,,,,,,,,,,,,,,,,,,,,,,,
173713,29-Aug-18,5:33:00,2018-08-29 05:33:00,G,1,147,3694,1663,0,8,-62.41,-60.7468,35:25.9,FastGPS,-62.41,-60.7468,,,11.8,-1.1,,,,15,10,28253,,,,27,20750,,,,20,20110,,,,8,26999,,,,18,23875,,,,32,4446,,,,11,26166,,,,21,6586,,,,,,,,,,,,,,,,,,,,,,,,,,,,,,,,,,,,,,
173713,29-Aug-18,6:03:26,2018-08-29 06:03:26,G,3,147,3695,,0,9,-62.419,-60.7829,05:51.9,FastGPS,-62.419,-60.7829,,,6.7,-1.1,,,,15,10,16234,,,,27,6194,,,,32,3970,,,,20,466,,,,8,2487,,,,18,26981,,,,1,22277,,,,11,31316,,,,28,30442,,,,,,,,,,,,,,,,,,,,,,,,,,,,,,,,,
173713,29-Aug-18,6:36:55,2018-08-29 06:36:55,G,2,147,3696,1663,0,7,-62.4256,-60.8241,39:21.3,FastGPS,-62.4256,-60.8241,,,4.4,-0.7,,,,15,8,30678,,,,10,29295,,,,18,27516,,,,11,1902,,,,32,32011,,,,28,14802,,,,1,3453,,,,,,,,,,,,,,,,,,,,,,,,,,,,,,,,,,,,,,,,,,,
173713,29-Aug-18,7:11:32,2018-08-29 07:11:32,G,2,147,3697,1663,0,5,-62.4311,-60.8624,13:58.9,FastGPS,-62.4311,-60.8624,,,2.6,-0.1,,,,15,32,926,,,,11,23215,,,,10,12090,,,,14,11813,,,,8,17003,,,,,,,,,,,,,,,,,,,,,,,,,,,,,,,,,,,,,,,,,,,,,,,,,,,,,
173713,29-Aug-18,7:42:02,2018-08-29 07:42:02,G,2,147,3698,,0,9,-62.4392,-60.8948,44:28.4,FastGPS,-62.4392,-60.8948,,,10.2,-0.6,,,,15,32,11206,,,,14,1199,,,,18,23573,,,,11,2300,,,,1,31333,,,,17,84,,,,8,12696,,,,22,18884,,,,28,21950,,,,,,,,,,,,,,,,,,,,,,,,,,,,,,,,,
173713,29-Aug-18,8:12:00,2018-08-29 08:12:00,G,5,147,3699,,0,9,-62.4405,-60.9267,14:25.9,FastGPS,-62.4405,-60.9267,,,7,-1.1,,,,15,32,26578,,,,14,31306,,,,18,16765,,,,1,28990,,,,17,17458,,,,10,22275,,,,31,10360,,,,22,30898,,,,3,20421,,,,,,,,,,,,,,,,,,,,,,,,,,,,,,,,,
173713,29-Aug-18,8:48:14,2018-08-29 08:48:14,G,3,147,3700,,0,9,-62.4432,-60.962,50:40.4,FastGPS,-62.4432,-60.962,,,7.1,-0.6,,,,15,1,13092,,,,22,18070,,,,32,7046,,,,14,1636,,,,11,381,,,,3,23212,,,,18,17548,,,,17,29149,,,,31,31382,,,,,,,,,,,,,,,,,,,,,,,,,,,,,,,,,
173713,29-Aug-18,9:18:00,2018-08-29 09:18:00,G,7,147,3701,,0,9,-62.4472,-60.9665,20:26.8,FastGPS,-62.4472,-60.9665,,,3.8,-0.1,,,,15,17,22258,,,,1,30663,,,,3,26248,,,,22,284,,,,11,30654,,,,31,20236,,,,19,28410,,,,32,17050,,,,23,1829,,,,,,,,,,,,,,,,,,,,,,,,,,,,,,,,,
173713,29-Aug-18,9:49:32,2018-08-29 09:49:32,G,4,147,3702,1663,0,8,-62.451,-60.9961,51:59.3,FastGPS,-62.451,-60.9961,,,12.7,0.3,,,,15,17,1588,,,,23,15582,,,,3,9885,,,,12,18117,,,,22,15204,,,,25,6488,,,,14,29659,,,,31,19948,,,,,,,,,,,,,,,,,,,,,,,,,,,,,,,,,,,,,,
173713,29-Aug-18,10:23:30,2018-08-29 10:23:30,G,7,147,3703,1663,0,6,-62.459,-61.0277,25:56.8,FastGPS,-62.459,-61.0277,,,16.7,-0.1,,,,15,31,2585,,,,3,16935,,,,17,18629,,,,23,13020,,,,22,11029,,,,9,11703,,,,,,,,,,,,,,,,,,,,,,,,,,,,,,,,,,,,,,,,,,,,,,,,
173713,29-Aug-18,11:00:55,2018-08-29 11:00:55,G,3,147,3704,1663,0,7,-62.4719,-61.063,03:21.9,FastGPS,-62.4719,-61.063,,,11.1,-0.1,,,,15,22,31496,,,,23,27264,,,,3,18480,,,,9,14365,,,,6,7104,,,,17,30241,,,,19,21070,,,,,,,,,,,,,,,,,,,,,,,,,,,,,,,,,,,,,,,,,,,
173713,29-Aug-18,11:32:50,2018-08-29 11:32:50,G,2,147,3705,1663,0,6,-62.4848,-61.0877,35:17.3,FastGPS,-62.4848,-61.0877,,,3.5,0.3,,,,15,22,17461,,,,23,23993,,,,3,27075,,,,6,32352,,,,9,15921,,,,2,6140,,,,,,,,,,,,,,,,,,,,,,,,,,,,,,,,,,,,,,,,,,,,,,,,
173713,29-Aug-18,12:11:13,2018-08-29 12:11:13,G,2,147,3706,1663,0,8,-62.4984,-61.0974,13:40.4,FastGPS,-62.4984,-61.0974,,1,5.3,0.4,,,,15,9,24055,,,,23,23610,,,,3,32434,,,,2,31291,,,,6,18901,,,,16,9439,,,,4,20650,,,,26,12241,,,,,,,,,,,,,,,,,,,,,,,,,,,,,,,,,,,,,,
173713,29-Aug-18,14:39:00,2018-08-29 14:39:00,G,1,147,3709,1665,0,6,-62.4874,-61.2264,41:26.9,FastGPS,-62.4874,-61.2264,,,7.3,-0.1,,,,15,7,655,,,,5,11318,,,,9,23535,,,,30,3797,,,,27,11988,,,,16,10359,,,,,,,,,,,,,,,,,,,,,,,,,,,,,,,,,,,,,,,,,,,,,,,,
173713,29-Aug-18,15:15:50,2018-08-29 15:15:50,G,1,147,3710,1665,0,8,-62.4692,-61.2118,18:17.4,FastGPS,-62.4692,-61.2118,,,12.3,0.4,,,,15,5,27175,,,,7,24331,,,,30,11060,,,,13,14058,,,,8,12946,,,,27,12511,,,,9,30730,,,,28,16695,,,,,,,,,,,,,,,,,,,,,,,,,,,,,,,,,,,,,,
173713,29-Aug-18,16:32:12,2018-08-29 16:32:12,G,1,147,3712,1665,0,8,-62.4271,-61.194,34:38.9,FastGPS,-62.4271,-61.194,,,8.8,-0.1,,,,15,30,22071,,,,8,1300,,,,7,8425,,,,13,10588,,,,28,31296,,,,5,23973,,,,27,15330,,,,15,3163,,,,,,,,,,,,,,,,,,,,,,,,,,,,,,,,,,,,,,
173713,29-Aug-18,17:36:28,2018-08-29 17:36:28,G,2,147,3714,1665,0,5,-62.3982,-61.1832,38:54.9,FastGPS,-62.3982,-61.1832,,,1.8,-0.1,,,,15,15,5175,,,,13,32623,,,,28,1768,,,,30,782,,,,11,28275,,,,,,,,,,,,,,,,,,,,,,,,,,,,,,,,,,,,,,,,,,,,,,,,,,,,,
173713,29-Aug-18,18:10:50,2018-08-29 18:10:50,G,1,147,3715,1665,0,7,-62.3912,-61.1583,13:16.9,FastGPS,-62.3912,-61.1583,,,12.9,-0.1,,,,15,28,4472,,,,15,26479,,,,13,9740,,,,11,1186,,,,17,22769,,,,19,24474,,,,10,25102,,,,,,,,,,,,,,,,,,,,,,,,,,,,,,,,,,,,,,,,,,,
173713,29-Aug-18,18:42:08,2018-08-29 18:42:08,G,1,147,3716,1665,0,6,-62.3753,-61.1387,44:34.9,FastGPS,-62.3753,-61.1387,,,17.8,-0.1,,,,15,15,25832,,,,17,15030,,,,28,22673,,,,13,14314,,,,11,24978,,,,19,5273,,,,,,,,,,,,,,,,,,,,,,,,,,,,,,,,,,,,,,,,,,,,,,,,
173713,29-Aug-18,19:14:49,2018-08-29 19:14:49,G,1,147,3717,1665,0,7,-62.3599,-61.1391,17:14.9,FastGPS,-62.3599,-61.1391,,,6.1,-1.1,,,,15,17,22882,,,,15,519,,,,19,28618,,,,12,28405,,,,28,22909,,,,24,27020,,,,1,13568,,,,,,,,,,,,,,,,,,,,,,,,,,,,,,,,,,,,,,,,,,,
173713,29-Aug-18,20:05:20,2018-08-29 20:05:20,G,4,147,3718,1666,0,5,-62.3467,-61.1178,07:45.9,FastGPS,-62.3467,-61.1178,,,0.9,-1.1,,,,15,17,30233,,,,19,23000,,,,12,2460,,,,24,9773,,,,1,23416,,,,,,,,,,,,,,,,,,,,,,,,,,,,,,,,,,,,,,,,,,,,,,,,,,,,,
173713,29-Aug-18,20:40:47,2018-08-29 20:40:47,G,3,147,3719,1666,0,8,-62.3531,-61.0849,43:13.3,FastGPS,-62.3531,-61.0849,,,8.5,-0.6,,,,15,12,17895,,,,24,7357,,,,32,21099,,,,19,17576,,,,6,29570,,,,17,26020,,,,15,29687,,,,25,17274,,,,,,,,,,,,,,,,,,,,,,,,,,,,,,,,,,,,,,
173713,29-Aug-18,21:31:11,2018-08-29 21:31:11,G,2,147,3720,1667,0,8,-62.3635,-61.0234,33:37.3,FastGPS,-62.3635,-61.0234,,,6.1,-0.7,,,,15,12,28317,,,,32,5536,,,,14,9845,,,,25,24835,,,,17,25576,,,,6,10421,,,,19,10657,,,,2,8016,,,,,,,,,,,,,,,,,,,,,,,,,,,,,,,,,,,,,,
173713,29-Aug-18,22:03:48,2018-08-29 22:03:48,G,3,147,3721,1667,0,6,-62.3654,-61.008,06:14.3,FastGPS,-62.3654,-61.008,,,10.5,-0.7,,,,15,12,19921,,,,6,679,,,,19,6681,,,,25,25122,,,,29,21902,,,,2,19954,,,,,,,,,,,,,,,,,,,,,,,,,,,,,,,,,,,,,,,,,,,,,,,,
173713,29-Aug-18,23:06:08,2018-08-29 23:06:08,G,1,147,3723,1667,0,7,-62.3351,-60.9674,08:34.4,FastGPS,-62.3351,-60.9674,,,9.9,-0.6,,,,15,29,30924,,,,31,21714,,,,25,30426,,,,12,437,,,,2,17971,,,,14,17447,,,,6,135,,,,,,,,,,,,,,,,,,,,,,,,,,,,,,,,,,,,,,,,,,,
173713,29-Aug-18,23:36:00,2018-08-29 23:36:00,G,1,147,3724,1667,0,7,-62.3165,-60.9705,38:25.8,FastGPS,-62.3165,-60.9705,,1,2.1,-1.2,,,,15,12,3388,,,,31,18710,,,,2,24219,,,,29,1491,,,,25,30746,,,,5,28213,,,,4,20063,,,,,,,,,,,,,,,,,,,,,,,,,,,,,,,,,,,,,,,,,,,
173713,30-Aug-18,0:07:33,2018-08-30 00:07:33,G,1,147,3725,1667,0,7,-62.3011,-60.9855,09:59.3,FastGPS,-62.3011,-60.9855,,1,4.4,-0.7,,,,15,5,3659,,,,12,21366,,,,29,20037,,,,2,18470,,,,31,11842,,,,25,32693,,,,4,68,,,,,,,,,,,,,,,,,,,,,,,,,,,,,,,,,,,,,,,,,,,
173713,30-Aug-18,2:44:25,2018-08-30 02:44:25,G,2,147,3730,,0,9,-62.2628,-61.0917,46:51.9,FastGPS,-62.2628,-61.0917,,1,10.7,-0.1,,,,15,16,31357,,,,29,12938,,,,27,19838,,,,21,6906,,,,26,17123,,,,7,2929,,,,4,23403,,,,5,8633,,,,20,15365,,,,,,,,,,,,,,,,,,,,,,,,,,,,,,,,,
173713,30-Aug-18,3:44:13,2018-08-30 03:44:13,G,2,147,3732,1667,0,8,-62.2759,-61.0767,46:40.3,FastGPS,-62.2759,-61.0768,,,12.3,0.4,,,,15,27,12467,,,,15,19512,,,,16,3689,,,,7,6990,,,,13,3848,,,,20,32689,,,,21,975,,,,8,21090,,,,,,,,,,,,,,,,,,,,,,,,,,,,,,,,,,,,,,
173713,30-Aug-18,4:19:18,2018-08-30 04:19:18,G,1,147,3733,1667,0,5,-62.2878,-61.0892,21:45.4,FastGPS,-62.2878,-61.0892,,,6,0.4,,,,15,10,14001,,,,15,19432,,,,27,28060,,,,21,12065,,,,20,30474,,,,,,,,,,,,,,,,,,,,,,,,,,,,,,,,,,,,,,,,,,,,,,,,,,,,,
173713,30-Aug-18,4:52:28,2018-08-30 04:52:28,G,1,147,3734,1667,0,6,-62.2916,-61.0804,54:55.4,FastGPS,-62.2916,-61.0804,,,14.2,0.4,,,,15,10,24073,,,,27,1113,,,,8,31885,,,,15,9381,,,,21,27077,,,,20,15965,,,,,,,,,,,,,,,,,,,,,,,,,,,,,,,,,,,,,,,,,,,,,,,,
173713,30-Aug-18,5:46:23,2018-08-30 05:46:23,G,2,147,3735,,0,9,-62.3124,-61.106,48:49.3,FastGPS,-62.3124,-61.106,,,4.5,-0.7,,,,15,20,13476,,,,10,873,,,,27,20769,,,,15,10673,,,,18,27452,,,,24,6990,,,,8,13173,,,,11,30569,,,,32,23208,,,,,,,,,,,,,,,,,,,,,,,,,,,,,,,,,
173713,30-Aug-18,6:16:44,2018-08-30 06:16:44,G,2,147,3736,,0,9,-62.3134,-61.1476,19:10.9,FastGPS,-62.3134,-61.1476,,,17.8,-0.1,,,,15,10,29989,,,,20,10968,,,,8,27575,,,,11,26545,,,,27,18260,,,,18,20861,,,,32,11763,,,,15,6880,,,,1,5528,,,,,,,,,,,,,,,,,,,,,,,,,,,,,,,,,
173713,30-Aug-18,6:50:30,2018-08-30 06:50:30,G,1,147,3737,1668,0,8,-62.3047,-61.1931,52:55.9,FastGPS,-62.3047,-61.1931,,,12.6,-1.1,,,,15,10,5307,,,,32,6153,,,,27,29756,,,,18,25815,,,,8,13147,,,,24,16907,,,,20,300,,,,11,1739,,,,,,,,,,,,,,,,,,,,,,,,,,,,,,,,,,,,,,
173713,30-Aug-18,7:38:05,2018-08-30 07:38:05,G,1,147,3738,,0,9,-62.2971,-61.2076,40:30.9,FastGPS,-62.2971,-61.2076,,,10,-1.1,,,,15,1,31069,,,,32,9000,,,,18,22920,,,,11,2084,,,,17,31659,,,,22,19573,,,,14,444,,,,28,21142,,,,10,10323,,,,,,,,,,,,,,,,,,,,,,,,,,,,,,,,,
173713,30-Aug-18,8:11:45,2018-08-30 08:11:45,G,1,147,3739,,0,9,-62.3061,-61.1678,14:11.3,FastGPS,-62.3061,-61.1678,,,9.6,-0.6,,,,15,17,15913,,,,1,21501,,,,32,6562,,,,22,30453,,,,18,333,,,,11,13994,,,,12,21381,,,,10,23436,,,,3,24643,,,,,,,,,,,,,,,,,,,,,,,,,,,,,,,,,
173713,30-Aug-18,8:42:44,2018-08-30 08:42:44,G,3,147,3740,,0,9,-62.3153,-61.1422,45:11.3,FastGPS,-62.3153,-61.1422,,,7.6,0.4,,,,15,3,32290,,,,17,7555,,,,1,27013,,,,11,17703,,,,18,1815,,,,22,29020,,,,32,23029,,,,12,2622,,,,14,15098,,,,,,,,,,,,,,,,,,,,,,,,,,,,,,,,,
173713,30-Aug-18,9:31:00,2018-08-30 09:31:00,G,2,147,3741,,0,9,-62.3442,-61.1177,33:26.9,FastGPS,-62.3442,-61.1177,,,4.5,-0.1,,,,15,1,24312,,,,18,11502,,,,22,30330,,,,12,26860,,,,31,28961,,,,17,1696,,,,3,26294,,,,11,1855,,,,19,22871,,,,,,,,,,,,,,,,,,,,,,,,,,,,,,,,,
173713,30-Aug-18,10:16:00,2018-08-30 10:16:00,G,2,147,3742,1670,0,4,-62.308,-61.154,8/30/2018 6:30,A,-62.3713,-61.0811,,,0.6,-0.6,,,,15,31,22658,,,,23,21532,,,,17,19025,,,,19,8975,,,,,,,,,,,,,,,,,,,,,,,,,,,,,,,,,,,,,,,,,,,,,,,,,,,,,,,,,,
173713,30-Aug-18,10:51:48,2018-08-30 10:51:48,G,2,147,3743,1670,0,5,-62.3942,-61.0534,54:14.9,FastGPS,-62.3942,-61.0534,,,8.9,-0.1,,,,15,3,2724,,,,6,4241,,,,22,25946,,,,31,18744,,,,23,24751,,,,,,,,,,,,,,,,,,,,,,,,,,,,,,,,,,,,,,,,,,,,,,,,,,,,,
173713,30-Aug-18,15:59:01,2018-08-30 15:59:01,G,1,147,3744,1670,0,5,-62.5463,-60.932,01:27.3,FastGPS,-62.5463,-60.932,,,3.9,-0.7,,,,15,5,22616,,,,7,30151,,,,13,14400,,,,30,31515,,,,28,22722,,,,,,,,,,,,,,,,,,,,,,,,,,,,,,,,,,,,,,,,,,,,,,,,,,,,,
173713,31-Aug-18,4:32:30,2018-08-31 04:32:30,G,1,147,3753,1675,0,8,-62.2251,-60.9312,34:57.4,FastGPS,-62.2251,-60.9312,,,5.1,0.4,,,,15,21,7642,,,,15,23659,,,,27,7061,,,,20,32411,,,,10,29310,,,,16,27471,,,,8,27480,,,,13,29225,,,,,,,,,,,,,,,,,,,,,,,,,,,,,,,,,,,,,,
173713,31-Aug-18,6:23:20,2018-08-31 06:23:20,G,3,147,3755,,0,9,-62.1498,-60.9128,25:46.9,FastGPS,-62.1498,-60.9128,,,7.1,-0.1,,,,15,10,20845,,,,32,29099,,,,20,15958,,,,8,22528,,,,18,27133,,,,11,613,,,,15,9878,,,,27,21876,,,,28,22205,,,,,,,,,,,,,,,,,,,,,,,,,,,,,,,,,
173713,31-Aug-18,8:50:00,2018-08-31 08:50:00,G,1,147,3756,,0,9,-62.1953,-60.8905,52:25.9,FastGPS,-62.1953,-60.8905,,,9.2,-1.1,,,,15,1,16559,,,,11,18229,,,,12,19979,,,,22,8685,,,,3,30231,,,,17,12336,,,,18,1647,,,,14,31350,,,,32,15672,,,,,,,,,,,,,,,,,,,,,,,,,,,,,,,,,
173713,31-Aug-18,9:26:51,2018-08-31 09:26:51,G,1,147,3757,1675,0,5,-62.22,-60.8968,29:16.9,FastGPS,-62.22,-60.8968,,,2.7,-1.1,,,,15,3,13118,,,,17,20535,,,,23,6134,,,,1,12540,,,,14,4231,,,,,,,,,,,,,,,,,,,,,,,,,,,,,,,,,,,,,,,,,,,,,,,,,,,,,
173713,31-Aug-18,9:57:42,2018-08-31 09:57:42,G,2,147,3758,1675,0,5,-62.2372,-60.9014,00:07.9,FastGPS,-62.2372,-60.9014,,,4.2,-1.1,,,,15,23,32674,,,,3,2697,,,,17,962,,,,19,15002,,,,31,18205,,,,,,,,,,,,,,,,,,,,,,,,,,,,,,,,,,,,,,,,,,,,,,,,,,,,,
173713,31-Aug-18,10:30:41,2018-08-31 10:30:41,G,3,147,3759,,0,9,-62.2476,-60.8812,33:07.3,FastGPS,-62.2476,-60.8812,,,5.8,-0.6,,,,15,23,26426,,,,31,22670,,,,3,4794,,,,17,17945,,,,22,31476,,,,19,24202,,,,9,11924,,,,6,4656,,,,14,700,,,,,,,,,,,,,,,,,,,,,,,,,,,,,,,,,
173713,31-Aug-18,11:06:26,2018-08-31 11:06:26,G,2,147,3760,1675,0,8,-62.246,-60.8625,08:52.9,FastGPS,-62.246,-60.8625,,,7.3,-0.1,,,,15,31,16989,,,,3,6659,,,,23,949,,,,22,27943,,,,9,16475,,,,4,7388,,,,6,10155,,,,25,1680,,,,,,,,,,,,,,,,,,,,,,,,,,,,,,,,,,,,,,
173713,31-Aug-18,12:11:25,2018-08-31 12:11:25,G,4,147,3762,,0,9,-62.2434,-60.837,13:51.9,FastGPS,-62.2434,-60.837,,1,8.6,-0.1,,,,15,23,15838,,,,4,24241,,,,9,8160,,,,2,12509,,,,29,30468,,,,6,5510,,,,26,23406,,,,3,3067,,,,16,8463,,,,,,,,,,,,,,,,,,,,,,,,,,,,,,,,,
173713,31-Aug-18,12:44:13,2018-08-31 12:44:13,G,2,147,3763,1675,0,7,-62.2432,-60.82,46:40.4,FastGPS,-62.2432,-60.82,,,7.7,0.4,,,,15,7,26699,,,,9,16720,,,,29,13115,,,,4,11571,,,,6,27367,,,,23,23746,,,,2,14291,,,,,,,,,,,,,,,,,,,,,,,,,,,,,,,,,,,,,,,,,,,
173713,31-Aug-18,13:34:45,2018-08-31 13:34:45,G,2,147,3764,1676,0,6,-62.2343,-60.7937,37:12.4,FastGPS,-62.2343,-60.7937,,,7.4,0.4,,,,15,5,13222,,,,7,18821,,,,9,11501,,,,23,13449,,,,16,13376,,,,29,30515,,,,,,,,,,,,,,,,,,,,,,,,,,,,,,,,,,,,,,,,,,,,,,,,
173713,31-Aug-18,14:59:09,2018-08-31 14:59:09,G,1,147,3766,,0,9,-62.2319,-60.7668,01:35.9,FastGPS,-62.2319,-60.7668,,,9.3,-0.1,,,,15,5,30687,,,,7,10902,,,,30,2620,,,,13,14193,,,,27,6089,,,,9,9185,,,,8,24264,,,,16,3701,,,,21,14779,,,,,,,,,,,,,,,,,,,,,,,,,,,,,,,,,
173713,31-Aug-18,15:34:50,2018-08-31 15:34:50,G,2,147,3767,,0,9,-62.2346,-60.7206,37:16.9,FastGPS,-62.2346,-60.7206,,,8.5,-0.1,,,,15,7,12022,,,,30,18806,,,,28,12968,,,,5,16135,,,,27,9755,,,,8,8585,,,,13,30903,,,,9,24290,,,,21,1155,,,,,,,,,,,,,,,,,,,,,,,,,,,,,,,,,
173713,31-Aug-18,16:05:00,2018-08-31 16:05:00,G,3,147,3768,1677,0,6,-62.2325,-60.6944,07:26.9,FastGPS,-62.2325,-60.6944,,,8.1,-0.1,,,,15,30,25516,,,,13,8487,,,,7,28550,,,,28,4124,,,,5,29553,,,,15,26826,,,,,,,,,,,,,,,,,,,,,,,,,,,,,,,,,,,,,,,,,,,,,,,,
173713,31-Aug-18,16:35:56,2018-08-31 16:35:56,G,5,147,3769,1677,0,4,-62.34,-60.253,9/1/2018 10:47,A,-62.2444,-60.6607,,,0.4,0.4,,,,15,30,32618,,,,13,27650,,,,28,3169,,,,15,11730,,,,,,,,,,,,,,,,,,,,,,,,,,,,,,,,,,,,,,,,,,,,,,,,,,,,,,,,,,
173713,31-Aug-18,17:16:50,2018-08-31 17:16:50,G,2,147,3770,1677,0,4,-62.34,-60.253,9/1/2018 10:47,A,-62.2534,-60.6257,,,0.4,-0.6,,,,15,15,11829,,,,30,15371,,,,13,12662,,,,28,5028,,,,,,,,,,,,,,,,,,,,,,,,,,,,,,,,,,,,,,,,,,,,,,,,,,,,,,,,,,
173713,31-Aug-18,18:57:52,2018-08-31 18:57:52,G,1,147,3773,1677,0,8,-62.2552,-60.5628,00:18.4,FastGPS,-62.2552,-60.5628,,,13.4,-0.6,,,,15,17,24964,,,,15,839,,,,24,17130,,,,12,1658,,,,28,11811,,,,1,22210,,,,10,992,,,,19,14725,,,,,,,,,,,,,,,,,,,,,,,,,,,,,,,,,,,,,,
173713,31-Aug-18,21:27:45,2018-08-31 21:27:45,G,5,147,3777,,0,9,-62.2406,-60.5587,30:11.9,FastGPS,-62.2406,-60.5587,,,11.1,-0.1,,,,15,12,14515,,,,25,24210,,,,19,17128,,,,17,21139,,,,32,14605,,,,3,9488,,,,24,26313,,,,22,1446,,,,6,4134,,,,,,,,,,,,,,,,,,,,,,,,,,,,,,,,,
173713,31-Aug-18,22:28:10,2018-08-31 22:28:10,G,1,147,3779,1678,0,5,-62.2341,-60.561,30:36.4,FastGPS,-62.2341,-60.561,,,5.2,-0.6,,,,15,12,17924,,,,2,7232,,,,29,15994,,,,25,5804,,,,31,29066,,,,,,,,,,,,,,,,,,,,,,,,,,,,,,,,,,,,,,,,,,,,,,,,,,,,,
173713,31-Aug-18,23:34:56,2018-08-31 23:34:56,G,3,147,3781,1678,0,4,-62.427,-60.383,9/1/2018 22:46,K,-62.2349,-60.5376,,,0.3,0.3,,,,15,12,663,,,,25,13013,,,,31,12418,,,,2,7388,,,,,,,,,,,,,,,,,,,,,,,,,,,,,,,,,,,,,,,,,,,,,,,,,,,,,,,,,,
173713,1-Sep-18,0:06:03,2018-09-01 00:06:03,G,2,147,3782,1678,0,6,-62.2369,-60.4977,08:30.3,FastGPS,-62.2369,-60.4977,,1,4.4,0.3,,,,15,29,9365,,,,31,17933,,,,25,31120,,,,2,15806,,,,4,2305,,,,26,1791,,,,,,,,,,,,,,,,,,,,,,,,,,,,,,,,,,,,,,,,,,,,,,,,
173713,1-Sep-18,0:36:11,2018-09-01 00:36:11,G,2,147,3783,,0,9,-62.2486,-60.4663,38:38.4,FastGPS,-62.2486,-60.4663,,1,14.9,0.4,,,,15,29,1411,,,,25,11991,,,,31,4132,,,,4,4179,,,,21,12254,,,,2,14118,,,,5,1233,,,,26,24983,,,,23,16568,,,,,,,,,,,,,,,,,,,,,,,,,,,,,,,,,
173713,1-Sep-18,1:06:08,2018-09-01 01:06:08,G,1,147,3784,,0,9,-62.2517,-60.4245,08:34.9,FastGPS,-62.2517,-60.4245,,,5.3,-0.1,,,,15,26,13458,,,,4,295,,,,29,15606,,,,5,14351,,,,16,9640,,,,2,11242,,,,31,9041,,,,21,3661,,,,23,8948,,,,,,,,,,,,,,,,,,,,,,,,,,,,,,,,,
173713,1-Sep-18,3:12:00,2018-09-01 03:12:00,G,2,147,3786,,1,9,-62.2827,-60.3418,14:26.9,FastGPS,-62.2827,-60.3418,,2,6.9,-0.1,,,,15,15,28421,,,,29,3909,,,,16,12165,,,,10,25773,,,,4,8412,,,,20,3441,,,,27,5299,,,,13,18897,,,,7,9478,,,,,,,,,,,,,,,,,,,,,,,,,,,,,,,,,
173713,1-Sep-18,7:02:27,2018-09-01 07:02:27,G,1,147,3787,1679,0,8,-62.2874,-60.2574,04:53.4,FastGPS,-62.2874,-60.2574,,,10.2,-0.6,,,,15,18,15853,,,,11,25003,,,,1,27367,,,,10,2385,,,,22,12695,,,,32,7210,,,,28,1368,,,,8,4377,,,,,,,,,,,,,,,,,,,,,,,,,,,,,,,,,,,,,,
173713,1-Sep-18,8:58:43,2018-09-01 08:58:43,G,1,147,3789,,0,9,-62.3292,-60.2365,01:08.9,FastGPS,-62.3292,-60.2365,,,14.9,-1.1,,,,15,31,18058,,,,32,30328,,,,14,2740,,,,1,25188,,,,3,22586,,,,11,3262,,,,22,11876,,,,12,32522,,,,18,19212,,,,,,,,,,,,,,,,,,,,,,,,,,,,,,,,,
173713,1-Sep-18,9:29:19,2018-09-01 09:29:19,G,1,147,3790,,0,9,-62.3169,-60.243,31:44.9,FastGPS,-62.3169,-60.243,,,6.5,-1.1,,,,15,31,5889,,,,23,6162,,,,14,23389,,,,11,1310,,,,3,27278,,,,22,19479,,,,1,31723,,,,17,11260,,,,32,8505,,,,,,,,,,,,,,,,,,,,,,,,,,,,,,,,,
173713,1-Sep-18,10:29:09,2018-09-01 10:29:09,G,1,147,3792,,0,9,-62.3332,-60.26,31:35.4,FastGPS,-62.3332,-60.26,,,19.6,-0.6,,,,15,23,28528,,,,22,21684,,,,3,32044,,,,19,13610,,,,9,17013,,,,25,21339,,,,1,17917,,,,17,202,,,,12,30174,,,,,,,,,,,,,,,,,,,,,,,,,,,,,,,,,
173713,1-Sep-18,12:04:00,2018-09-01 12:04:00,G,1,147,3795,,0,9,-62.3486,-60.2149,06:25.9,FastGPS,-62.3486,-60.2149,,1,4.9,-1.1,,,,15,9,27989,,,,6,2583,,,,23,14997,,,,4,20682,,,,26,17291,,,,29,19476,,,,31,5250,,,,7,25659,,,,16,26988,,,,,,,,,,,,,,,,,,,,,,,,,,,,,,,,,
173713,1-Sep-18,12:34:01,2018-09-01 12:34:01,G,2,147,3796,,0,9,-62.3598,-60.2138,36:27.4,FastGPS,-62.3598,-60.2138,,1,6.2,-0.6,,,,15,9,13373,,,,7,28561,,,,23,8087,,,,6,10576,,,,2,11988,,,,29,11111,,,,26,9857,,,,16,30481,,,,4,22459,,,,,,,,,,,,,,,,,,,,,,,,,,,,,,,,,
173713,1-Sep-18,13:04:00,2018-09-01 13:04:00,G,2,147,3797,,0,9,-62.375,-60.2091,06:25.9,FastGPS,-62.375,-60.2091,,,11.5,-1.1,,,,15,7,15171,,,,9,32597,,,,23,6201,,,,29,27802,,,,4,20049,,,,16,426,,,,26,27385,,,,2,11029,,,,5,21652,,,,,,,,,,,,,,,,,,,,,,,,,,,,,,,,,
173713,1-Sep-18,13:34:40,2018-09-01 13:34:40,G,1,147,3798,,0,9,-62.3926,-60.2139,37:05.9,FastGPS,-62.3926,-60.2139,,,12.2,-1.1,,,,15,7,8015,,,,30,12458,,,,9,17536,,,,5,6421,,,,29,1966,,,,4,16292,,,,26,5238,,,,2,29106,,,,16,26805,,,,,,,,,,,,,,,,,,,,,,,,,,,,,,,,,
173713,1-Sep-18,14:04:52,2018-09-01 14:04:52,G,1,147,3799,1679,0,5,-62.4093,-60.2143,07:17.9,FastGPS,-62.4093,-60.2143,,,5.6,-1.1,,,,15,7,20730,,,,30,26559,,,,9,31374,,,,5,25029,,,,16,4216,,,,,,,,,,,,,,,,,,,,,,,,,,,,,,,,,,,,,,,,,,,,,,,,,,,,,
173713,1-Sep-18,15:16:51,2018-09-01 15:16:51,G,3,147,3801,1679,0,8,-62.4415,-60.2255,19:17.9,FastGPS,-62.4415,-60.2255,,,8.1,-0.1,,,,15,9,21753,,,,7,14607,,,,30,8216,,,,28,3979,,,,13,10348,,,,5,30081,,,,8,8100,,,,21,27262,,,,,,,,,,,,,,,,,,,,,,,,,,,,,,,,,,,,,,
173713,1-Sep-18,15:51:56,2018-09-01 15:51:56,G,1,147,3802,1679,0,8,-62.4474,-60.2424,54:23.4,FastGPS,-62.4474,-60.2424,,,6.6,0.4,,,,15,5,26853,,,,13,23733,,,,7,5049,,,,30,7972,,,,28,4917,,,,15,27542,,,,27,22942,,,,8,8080,,,,,,,,,,,,,,,,,,,,,,,,,,,,,,,,,,,,,,
173713,1-Sep-18,16:41:21,2018-09-01 16:41:21,G,3,147,3803,1680,0,8,-62.4705,-60.2689,43:48.4,FastGPS,-62.4705,-60.2689,,,5.7,0.4,,,,15,15,23719,,,,28,4237,,,,30,22315,,,,5,13398,,,,13,15765,,,,8,31471,,,,20,4259,,,,27,30540,,,,,,,,,,,,,,,,,,,,,,,,,,,,,,,,,,,,,,
173713,1-Sep-18,17:48:10,2018-09-01 17:48:10,G,3,147,3805,1680,0,4,-62.541,-60.467,9/2/2018 12:20,N,-62.4655,-60.2651,,,0.3,-0.1,,,,15,17,1539,,,,15,4036,,,,28,14998,,,,13,23029,,,,,,,,,,,,,,,,,,,,,,,,,,,,,,,,,,,,,,,,,,,,,,,,,,,,,,,,,,
173713,1-Sep-18,18:18:49,2018-09-01 18:18:49,G,2,147,3806,,0,9,-62.4627,-60.2748,21:15.9,FastGPS,-62.4627,-60.2748,,,8.1,-0.1,,,,15,17,15639,,,,28,31059,,,,13,22033,,,,19,26118,,,,30,23296,,,,15,32674,,,,10,26470,,,,24,25262,,,,20,11943,,,,,,,,,,,,,,,,,,,,,,,,,,,,,,,,,
173713,1-Sep-18,18:51:08,2018-09-01 18:51:08,G,3,147,3807,1680,0,7,-62.4488,-60.2616,53:34.9,FastGPS,-62.4488,-60.2616,,,9.1,-0.1,,,,15,15,13905,,,,24,18747,,,,13,15747,,,,19,13553,,,,17,29602,,,,28,1753,,,,10,13460,,,,,,,,,,,,,,,,,,,,,,,,,,,,,,,,,,,,,,,,,,,
173713,1-Sep-18,19:21:01,2018-09-01 19:21:01,G,3,147,3808,,0,9,-62.4467,-60.2188,23:28.4,FastGPS,-62.4467,-60.2188,,,7,0.4,,,,15,24,8259,,,,15,22010,,,,17,20207,,,,12,11718,,,,10,20083,,,,19,29604,,,,28,19198,,,,1,30553,,,,18,6267,,,,,,,,,,,,,,,,,,,,,,,,,,,,,,,,,
173713,1-Sep-18,21:08:06,2018-09-01 21:08:06,G,1,147,3811,1681,0,8,-62.4409,-60.2806,10:31.9,FastGPS,-62.4409,-60.2806,,,11.7,-1.1,,,,15,19,25061,,,,12,5590,,,,17,30871,,,,6,11425,,,,32,29616,,,,14,10945,,,,25,1560,,,,24,10678,,,,,,,,,,,,,,,,,,,,,,,,,,,,,,,,,,,,,,
173713,1-Sep-18,22:43:45,2018-09-01 22:43:45,G,1,147,3814,1681,0,6,-62.4251,-60.3845,46:10.9,FastGPS,-62.4251,-60.3845,,,7.6,-1.1,,,,15,29,20944,,,,6,29345,,,,12,28999,,,,25,20966,,,,31,21594,,,,19,1806,,,,,,,,,,,,,,,,,,,,,,,,,,,,,,,,,,,,,,,,,,,,,,,,
173713,1-Sep-18,23:14:56,2018-09-01 23:14:56,G,1,147,3815,1681,0,7,-62.4158,-60.418,17:22.3,FastGPS,-62.4158,-60.418,,,6.8,-0.7,,,,15,12,27091,,,,31,26052,,,,25,24703,,,,2,20622,,,,26,10107,,,,29,28854,,,,4,928,,,,,,,,,,,,,,,,,,,,,,,,,,,,,,,,,,,,,,,,,,,
173713,1-Sep-18,23:46:56,2018-09-01 23:46:56,G,4,147,3816,1681,0,7,-62.4115,-60.4514,49:21.9,FastGPS,-62.4115,-60.4514,,,5.5,-1.1,,,,15,2,26914,,,,31,30739,,,,29,23060,,,,12,12980,,,,5,25952,,,,25,1561,,,,4,16887,,,,,,,,,,,,,,,,,,,,,,,,,,,,,,,,,,,,,,,,,,,
173713,2-Sep-18,0:17:11,2018-09-02 00:17:11,G,2,147,3817,,0,9,-62.3936,-60.4775,19:37.4,FastGPS,-62.3936,-60.4775,,1,12.1,-0.6,,,,15,5,15459,,,,29,15905,,,,4,13531,,,,25,13418,,,,2,25994,,,,31,22192,,,,12,28256,,,,21,14875,,,,16,24017,,,,,,,,,,,,,,,,,,,,,,,,,,,,,,,,,
173713,2-Sep-18,1:18:38,2018-09-02 01:18:38,G,2,147,3819,,0,9,-62.3928,-60.5593,21:04.4,FastGPS,-62.3928,-60.5593,,,9.3,-0.6,,,,15,29,20573,,,,25,11719,,,,21,14738,,,,4,16599,,,,5,19449,,,,31,7874,,,,26,12439,,,,16,11578,,,,9,15011,,,,,,,,,,,,,,,,,,,,,,,,,,,,,,,,,
173713,2-Sep-18,3:18:17,2018-09-02 03:18:17,G,1,147,3823,,0,9,-62.3913,-60.65,20:42.9,FastGPS,-62.3913,-60.65,,1,3.9,-1.1,,,,15,15,29458,,,,21,28,,,,20,6893,,,,27,13743,,,,29,22873,,,,13,5428,,,,16,5250,,,,8,3431,,,,4,1155,,,,,,,,,,,,,,,,,,,,,,,,,,,,,,,,,
173713,2-Sep-18,3:48:04,2018-09-02 03:48:04,G,1,147,3824,,0,9,-62.3886,-60.6826,50:29.9,FastGPS,-62.3886,-60.6826,,,16,-1.1,,,,15,27,6833,,,,10,22504,,,,16,14250,,,,7,3184,,,,21,19415,,,,15,10211,,,,8,11758,,,,20,21036,,,,26,31173,,,,,,,,,,,,,,,,,,,,,,,,,,,,,,,,,
173713,2-Sep-18,5:28:34,2018-09-02 05:28:34,G,1,147,3827,,0,9,-62.4193,-60.6507,31:00.4,FastGPS,-62.4193,-60.6507,,,10.3,-0.6,,,,15,8,21738,,,,10,14836,,,,18,18911,,,,27,12959,,,,11,21746,,,,15,8430,,,,32,10545,,,,28,32730,,,,21,27192,,,,,,,,,,,,,,,,,,,,,,,,,,,,,,,,,
173713,2-Sep-18,5:58:43,2018-09-02 05:58:43,G,1,147,3828,,0,9,-62.436,-60.6271,01:09.4,FastGPS,-62.436,-60.6271,,,12,-0.6,,,,15,8,17015,,,,18,20349,,,,15,16377,,,,10,25160,,,,11,25516,,,,27,22836,,,,1,29137,,,,20,18314,,,,32,7974,,,,,,,,,,,,,,,,,,,,,,,,,,,,,,,,,
173713,2-Sep-18,6:31:03,2018-09-02 06:31:03,G,1,147,3829,,0,9,-62.4449,-60.6197,33:28.9,FastGPS,-62.4449,-60.6197,,,9.8,-1.1,,,,15,32,15561,,,,10,21744,,,,14,7926,,,,8,24047,,,,27,22170,,,,24,8857,,,,18,4108,,,,11,11922,,,,28,627,,,,,,,,,,,,,,,,,,,,,,,,,,,,,,,,,
173713,2-Sep-18,7:31:30,2018-09-02 07:31:30,G,1,147,3831,,0,9,-62.4626,-60.5923,33:55.9,FastGPS,-62.4626,-60.5923,,,7.5,-1.1,,,,15,22,32326,,,,11,28395,,,,1,4888,,,,18,17024,,,,3,1038,,,,10,17607,,,,17,17762,,,,32,4875,,,,8,11411,,,,,,,,,,,,,,,,,,,,,,,,,,,,,,,,,
173713,2-Sep-18,8:01:00,2018-09-02 08:01:00,G,1,147,3832,,0,9,-62.4795,-60.5791,03:25.9,FastGPS,-62.4795,-60.5791,,,6.5,-1.1,,,,15,18,23849,,,,22,25705,,,,11,3834,,,,1,15482,,,,3,21096,,,,17,14173,,,,32,396,,,,10,13642,,,,14,18210,,,,,,,,,,,,,,,,,,,,,,,,,,,,,,,,,
173713,2-Sep-18,8:32:17,2018-09-02 08:32:17,G,1,147,3833,,0,9,-62.4921,-60.5489,34:42.9,FastGPS,-62.4921,-60.5489,,,10.2,-1.1,,,,15,17,12973,,,,31,18097,,,,1,28935,,,,22,1420,,,,18,25,,,,11,14886,,,,12,13304,,,,3,6721,,,,19,11822,,,,,,,,,,,,,,,,,,,,,,,,,,,,,,,,,
173713,2-Sep-18,9:02:04,2018-09-02 09:02:04,G,1,147,3834,,0,9,-62.5091,-60.5288,04:29.9,FastGPS,-62.5091,-60.5288,,,9.7,-1.1,,,,15,3,24351,,,,17,19132,,,,1,27665,,,,22,31113,,,,11,26184,,,,32,16757,,,,31,21447,,,,12,23969,,,,18,7545,,,,,,,,,,,,,,,,,,,,,,,,,,,,,,,,,
173713,2-Sep-18,9:32:06,2018-09-02 09:32:06,G,1,147,3835,,0,9,-62.5239,-60.5105,34:32.4,FastGPS,-62.5239,-60.5105,,,7.5,-0.6,,,,15,17,2088,,,,3,8032,,,,22,16876,,,,23,7756,,,,12,20204,,,,19,31848,,,,31,20486,,,,32,14378,,,,14,2727,,,,,,,,,,,,,,,,,,,,,,,,,,,,,,,,,
173713,2-Sep-18,10:19:09,2018-09-02 10:19:09,G,2,147,3836,,0,9,-62.5467,-60.4966,21:34.9,FastGPS,-62.5467,-60.4966,,1,7.5,-1.1,,,,15,31,5152,,,,3,16488,,,,1,22762,,,,25,6485,,,,14,29173,,,,4,26151,,,,19,5940,,,,23,22824,,,,22,18026,,,,,,,,,,,,,,,,,,,,,,,,,,,,,,,,,
173713,2-Sep-18,10:49:00,2018-09-02 10:49:00,G,2,147,3837,,0,9,-62.5469,-60.4956,51:26.4,FastGPS,-62.5469,-60.4956,,,15.2,-0.6,,,,15,3,26632,,,,22,32359,,,,23,17403,,,,6,29249,,,,31,10986,,,,9,13929,,,,2,15284,,,,19,22195,,,,17,21556,,,,,,,,,,,,,,,,,,,,,,,,,,,,,,,,,
173713,2-Sep-18,11:19:21,2018-09-02 11:19:21,G,2,147,3838,,0,9,-62.5437,-60.5324,21:46.9,FastGPS,-62.5437,-60.5324,,1,10,-1.1,,,,15,31,9232,,,,23,6574,,,,26,11887,,,,2,27902,,,,3,1049,,,,22,21019,,,,9,5621,,,,4,14878,,,,6,12469,,,,,,,,,,,,,,,,,,,,,,,,,,,,,,,,,
173713,2-Sep-18,11:49:00,2018-09-02 11:49:00,G,3,147,3839,1682,0,7,-62.5407,-60.5249,51:26.4,FastGPS,-62.5407,-60.5249,,1,1.2,-0.6,,,,15,4,18823,,,,26,5951,,,,23,29283,,,,31,22920,,,,9,11131,,,,6,23929,,,,29,158,,,,,,,,,,,,,,,,,,,,,,,,,,,,,,,,,,,,,,,,,,,
173713,2-Sep-18,12:22:04,2018-09-02 12:22:04,G,2,147,3840,1682,0,8,-62.5357,-60.5059,24:30.9,FastGPS,-62.5357,-60.5059,,1,5.5,-0.1,,,,15,29,20,,,,9,1001,,,,16,3221,,,,2,4472,,,,23,18603,,,,3,21577,,,,4,24250,,,,7,15503,,,,,,,,,,,,,,,,,,,,,,,,,,,,,,,,,,,,,,
173713,2-Sep-18,14:58:03,2018-09-02 14:58:03,G,2,147,3845,,0,9,-62.4977,-60.4673,00:29.9,FastGPS,-62.4977,-60.4673,,,12,-0.1,,,,15,9,15597,,,,5,2153,,,,27,24576,,,,8,23078,,,,21,4508,,,,30,18437,,,,7,5890,,,,28,19026,,,,16,17170,,,,,,,,,,,,,,,,,,,,,,,,,,,,,,,,,
173713,2-Sep-18,15:28:13,2018-09-02 15:28:13,G,1,147,3846,1682,0,8,-62.4937,-60.4548,30:40.4,FastGPS,-62.4937,-60.4548,,,6,0.4,,,,15,9,23464,,,,5,20276,,,,30,27031,,,,7,16766,,,,27,21049,,,,13,11634,,,,21,12320,,,,28,26427,,,,,,,,,,,,,,,,,,,,,,,,,,,,,,,,,,,,,,
173713,2-Sep-18,17:32:03,2018-09-02 17:32:03,G,1,147,3849,,0,9,-62.4838,-60.3682,34:29.4,FastGPS,-62.4838,-60.3682,,,14.1,-0.6,,,,15,17,29866,,,,30,9191,,,,10,15341,,,,8,22977,,,,15,7961,,,,28,15396,,,,13,37,,,,11,823,,,,20,2647,,,,,,,,,,,,,,,,,,,,,,,,,,,,,,,,,
173713,2-Sep-18,19:29:17,2018-09-02 19:29:17,G,2,147,3850,1682,0,6,-62.504,-60.3291,31:42.9,FastGPS,-62.504,-60.3291,,,0.8,-1.1,,,,15,17,2598,,,,24,9626,,,,19,8263,,,,12,9709,,,,32,3594,,,,15,29087,,,,,,,,,,,,,,,,,,,,,,,,,,,,,,,,,,,,,,,,,,,,,,,,
173713,2-Sep-18,19:59:08,2018-09-02 19:59:08,G,3,147,3851,1682,0,7,-62.5149,-60.3531,01:33.9,FastGPS,-62.5149,-60.3531,,,3.9,-1.1,,,,15,12,2615,,,,15,31354,,,,24,14685,,,,32,22941,,,,19,6858,,,,17,20552,,,,1,11046,,,,,,,,,,,,,,,,,,,,,,,,,,,,,,,,,,,,,,,,,,,
173713,2-Sep-18,20:47:48,2018-09-02 20:47:48,G,1,147,3852,,0,9,-62.5262,-60.3845,50:13.9,FastGPS,-62.5262,-60.3845,,1,5.5,-1.1,,,,15,24,2125,,,,12,275,,,,32,14274,,,,25,19638,,,,2,379,,,,19,3467,,,,6,17130,,,,14,25171,,,,11,31210,,,,,,,,,,,,,,,,,,,,,,,,,,,,,,,,,
173713,2-Sep-18,21:18:03,2018-09-02 21:18:03,G,1,147,3853,,0,9,-62.5283,-60.3916,20:29.4,FastGPS,-62.5283,-60.3916,,,8.4,-0.6,,,,15,12,16796,,,,24,32058,,,,25,22194,,,,14,431,,,,32,20035,,,,22,10016,,,,3,15305,,,,17,1113,,,,19,26497,,,,,,,,,,,,,,,,,,,,,,,,,,,,,,,,,
173713,2-Sep-18,21:50:58,2018-09-02 21:50:58,G,1,147,3854,1682,0,5,-62.5279,-60.3927,53:24.4,FastGPS,-62.5279,-60.3927,,,5.9,-0.6,,,,15,25,24665,,,,12,9112,,,,2,24337,,,,24,947,,,,6,27262,,,,,,,,,,,,,,,,,,,,,,,,,,,,,,,,,,,,,,,,,,,,,,,,,,,,,
173713,2-Sep-18,22:21:11,2018-09-02 22:21:11,G,2,147,3855,,0,9,-62.5202,-60.3758,23:37.4,FastGPS,-62.5202,-60.3758,,,7.6,-0.6,,,,15,12,2241,,,,2,28393,,,,6,915,,,,29,5422,,,,25,26894,,,,24,30461,,,,32,26071,,,,19,9799,,,,14,24945,,,,,,,,,,,,,,,,,,,,,,,,,,,,,,,,,
173713,2-Sep-18,22:51:36,2018-09-02 22:51:36,G,2,147,3856,1682,0,6,-62.5103,-60.3443,54:02.4,FastGPS,-62.5103,-60.3443,,,9.5,-0.6,,,,15,12,10918,,,,6,11770,,,,31,4975,,,,29,15590,,,,25,11089,,,,2,1797,,,,,,,,,,,,,,,,,,,,,,,,,,,,,,,,,,,,,,,,,,,,,,,,
173713,2-Sep-18,23:21:19,2018-09-02 23:21:19,G,2,147,3857,,0,9,-62.4936,-60.3301,23:44.9,FastGPS,-62.4936,-60.3301,,,8.4,-1.1,,,,15,12,21266,,,,2,14321,,,,31,6667,,,,29,25252,,,,23,10653,,,,6,17803,,,,25,17010,,,,5,25143,,,,4,12915,,,,,,,,,,,,,,,,,,,,,,,,,,,,,,,,,
173713,3-Sep-18,0:25:27,2018-09-03 00:25:27,G,1,147,3858,,0,9,-62.4866,-60.3197,27:53.4,FastGPS,-62.4866,-60.3197,,1,5.5,-0.6,,,,15,29,18696,,,,5,13492,,,,31,26813,,,,25,3689,,,,2,12387,,,,4,15032,,,,16,14426,,,,26,1472,,,,23,8447,,,,,,,,,,,,,,,,,,,,,,,,,,,,,,,,,
173713,3-Sep-18,0:55:00,2018-09-03 00:55:00,G,1,147,3859,,0,9,-62.4736,-60.3131,57:26.4,FastGPS,-62.4736,-60.3131,,,7.1,-0.6,,,,15,5,11368,,,,29,17644,,,,4,27147,,,,31,17076,,,,25,662,,,,2,27282,,,,26,5360,,,,21,18727,,,,16,29547,,,,,,,,,,,,,,,,,,,,,,,,,,,,,,,,,
173713,3-Sep-18,1:41:58,2018-09-03 01:41:58,G,1,147,3860,1683,0,6,-62.4678,-60.2942,44:24.0,FastGPS,-62.4678,-60.2942,,,13.7,-1,,,,15,5,8545,,,,26,9842,,,,29,28021,,,,16,14450,,,,4,21693,,,,25,16084,,,,,,,,,,,,,,,,,,,,,,,,,,,,,,,,,,,,,,,,,,,,,,,,
173713,3-Sep-18,3:21:29,2018-09-03 03:21:29,G,1,147,3861,1683,0,4,-62.443,-60.205,9/3/2018 12:10,N,-62.4607,-60.2371,,,1.6,-0.6,,,,15,27,355,,,,7,21870,,,,15,16733,,,,21,22071,,,,,,,,,,,,,,,,,,,,,,,,,,,,,,,,,,,,,,,,,,,,,,,,,,,,,,,,,,
173713,3-Sep-18,5:26:42,2018-09-03 05:26:42,G,2,147,3862,1683,0,8,-62.4373,-60.2323,29:08.4,FastGPS,-62.4373,-60.2323,,,11.2,-0.6,,,,15,20,20778,,,,10,30749,,,,15,20299,,,,18,7862,,,,8,4653,,,,27,22853,,,,32,4262,,,,21,485,,,,,,,,,,,,,,,,,,,,,,,,,,,,,,,,,,,,,,
173713,3-Sep-18,6:16:34,2018-09-03 06:16:34,G,2,147,3863,,0,9,-62.4261,-60.2166,19:00.4,FastGPS,-62.4261,-60.2166,,,5.8,-0.6,,,,15,18,393,,,,8,2758,,,,11,7094,,,,10,4747,,,,1,7730,,,,24,19698,,,,15,21441,,,,28,19485,,,,32,7812,,,,,,,,,,,,,,,,,,,,,,,,,,,,,,,,,
173713,3-Sep-18,6:47:23,2018-09-03 06:47:23,G,2,147,3864,,0,9,-62.4306,-60.1943,49:50.4,FastGPS,-62.4306,-60.1943,,,12.8,0.4,,,,15,8,10380,,,,32,12181,,,,18,22585,,,,11,31406,,,,10,9673,,,,14,14506,,,,22,29256,,,,27,8095,,,,1,20267,,,,,,,,,,,,,,,,,,,,,,,,,,,,,,,,,
173713,3-Sep-18,7:33:05,2018-09-03 07:33:05,G,3,147,3865,,0,9,-62.4259,-60.1969,35:32.4,FastGPS,-62.4259,-60.1969,,,3.6,0.4,,,,15,17,30733,,,,10,20403,,,,1,8127,,,,32,28552,,,,22,10998,,,,28,30404,,,,24,5049,,,,11,18968,,,,14,16006,,,,,,,,,,,,,,,,,,,,,,,,,,,,,,,,,
173713,3-Sep-18,8:03:31,2018-09-03 08:03:31,G,2,147,3866,,0,9,-62.4214,-60.195,05:58.4,FastGPS,-62.4214,-60.195,,,13.1,0.4,,,,15,17,10706,,,,32,2572,,,,1,1656,,,,12,24962,,,,22,23505,,,,31,27272,,,,11,7991,,,,3,26197,,,,14,4271,,,,,,,,,,,,,,,,,,,,,,,,,,,,,,,,,
173713,3-Sep-18,8:33:22,2018-09-03 08:33:22,G,3,147,3867,,0,9,-62.4166,-60.1934,35:49.4,FastGPS,-62.4166,-60.1934,,,6.1,0.4,,,,15,31,21723,,,,3,4065,,,,12,5595,,,,32,24577,,,,14,29323,,,,1,8144,,,,22,23730,,,,17,31032,,,,11,16723,,,,,,,,,,,,,,,,,,,,,,,,,,,,,,,,,
173713,3-Sep-18,9:03:19,2018-09-03 09:03:19,G,2,147,3868,,0,9,-62.4138,-60.188,05:45.9,FastGPS,-62.4138,-60.188,,,5.5,-0.1,,,,15,3,21505,,,,1,3636,,,,17,31776,,,,22,18441,,,,31,24235,,,,32,14994,,,,11,27111,,,,12,12506,,,,23,11342,,,,,,,,,,,,,,,,,,,,,,,,,,,,,,,,,
173713,3-Sep-18,9:36:12,2018-09-03 09:36:12,G,1,147,3869,,0,9,-62.4273,-60.1826,38:39.4,FastGPS,-62.4273,-60.1826,,,9.2,0.4,,,,15,23,8610,,,,3,14192,,,,1,18007,,,,22,5730,,,,17,10361,,,,12,9261,,,,31,31355,,,,11,7125,,,,18,13192,,,,,,,,,,,,,,,,,,,,,,,,,,,,,,,,,
173713,3-Sep-18,19:20:24,2018-09-03 19:20:24,G,2,147,3875,1687,0,7,-62.4695,-60.0073,22:50.9,FastGPS,-62.4695,-60.0073,,,6.2,-0.1,,,,15,15,23046,,,,12,212,,,,17,15226,,,,24,13116,,,,19,9025,,,,1,20746,,,,32,27363,,,,,,,,,,,,,,,,,,,,,,,,,,,,,,,,,,,,,,,,,,,
173713,3-Sep-18,20:57:00,2018-09-03 20:57:00,G,2,147,3878,,0,9,-62.4686,-59.9916,59:26.9,FastGPS,-62.4686,-59.9916,,,13.9,-0.1,,,,15,12,20194,,,,17,30018,,,,19,17801,,,,6,24172,,,,24,4067,,,,14,23347,,,,32,15191,,,,25,7858,,,,2,7831,,,,,,,,,,,,,,,,,,,,,,,,,,,,,,,,,
173713,3-Sep-18,22:16:07,2018-09-03 22:16:07,G,2,147,3879,1687,0,8,-62.4555,-60.047,18:33.9,FastGPS,-62.4555,-60.047,,,9.1,-0.1,,,,15,29,23415,,,,12,28303,,,,2,17187,,,,25,14981,,,,6,26570,,,,31,5735,,,,19,5455,,,,32,18202,,,,,,,,,,,,,,,,,,,,,,,,,,,,,,,,,,,,,,
173713,3-Sep-18,22:46:05,2018-09-03 22:46:05,G,4,147,3880,1687,0,4,-62.405,-60.336,9/4/2018 6:54,N,-62.455,-60.0238,,,29.9,0.6,,,,15,29,19606,,,,25,20175,,,,31,9465,,,,12,26528,,,,,,,,,,,,,,,,,,,,,,,,,,,,,,,,,,,,,,,,,,,,,,,,,,,,,,,,,,
173713,3-Sep-18,23:19:08,2018-09-03 23:19:08,G,2,147,3881,1687,0,6,-62.442,-60.06,21:34.9,FastGPS,-62.442,-60.06,,,12.1,-0.1,,,,15,2,169,,,,29,16467,,,,25,1985,,,,12,2310,,,,4,5905,,,,31,26551,,,,,,,,,,,,,,,,,,,,,,,,,,,,,,,,,,,,,,,,,,,,,,,,
173713,4-Sep-18,0:07:45,2018-09-04 00:07:45,G,3,147,3882,1688,0,6,-62.4305,-60.0961,10:11.9,FastGPS,-62.4305,-60.0961,,1,9.1,-0.1,,,,15,29,19466,,,,31,27366,,,,2,5013,,,,25,21712,,,,4,12627,,,,26,21545,,,,,,,,,,,,,,,,,,,,,,,,,,,,,,,,,,,,,,,,,,,,,,,,
173713,4-Sep-18,0:39:44,2018-09-04 00:39:44,G,1,147,3883,1688,0,8,-62.423,-60.1222,42:10.9,FastGPS,-62.423,-60.1222,,1,1.2,-0.1,,,,15,29,21588,,,,4,184,,,,21,21151,,,,26,1234,,,,5,24806,,,,25,8734,,,,31,15543,,,,2,8594,,,,,,,,,,,,,,,,,,,,,,,,,,,,,,,,,,,,,,
173713,4-Sep-18,1:13:25,2018-09-04 01:13:25,G,3,147,3884,1688,0,7,-62.4148,-60.1443,15:51.4,FastGPS,-62.4148,-60.1443,,,3.6,-0.6,,,,15,29,9560,,,,21,21111,,,,26,9376,,,,31,20532,,,,4,11122,,,,16,15179,,,,5,15158,,,,,,,,,,,,,,,,,,,,,,,,,,,,,,,,,,,,,,,,,,,
173713,4-Sep-18,2:02:49,2018-09-04 02:02:49,G,2,147,3885,1689,0,7,-62.4061,-60.1695,05:15.4,FastGPS,-62.4061,-60.1695,,1,9,-0.6,,,,15,21,11753,,,,29,12962,,,,4,20865,,,,26,30392,,,,16,10739,,,,20,326,,,,27,3876,,,,,,,,,,,,,,,,,,,,,,,,,,,,,,,,,,,,,,,,,,,
173713,4-Sep-18,3:26:32,2018-09-04 03:26:32,G,1,147,3886,1692,0,7,-62.3985,-60.2194,28:58.4,FastGPS,-62.3985,-60.2194,,,9.3,-0.6,,,,15,21,736,,,,27,20385,,,,15,600,,,,16,30485,,,,20,10115,,,,26,8519,,,,10,14474,,,,,,,,,,,,,,,,,,,,,,,,,,,,,,,,,,,,,,,,,,,
173713,4-Sep-18,3:56:31,2018-09-04 03:56:31,G,1,147,3887,1692,0,8,-62.3914,-60.2327,58:58.4,FastGPS,-62.3914,-60.2327,,,7.5,0.4,,,,15,15,1338,,,,21,2169,,,,27,1995,,,,16,21753,,,,13,17146,,,,10,17669,,,,8,8543,,,,26,14009,,,,,,,,,,,,,,,,,,,,,,,,,,,,,,,,,,,,,,
173713,4-Sep-18,4:26:37,2018-09-04 04:26:37,G,1,147,3888,,0,9,-62.3835,-60.2451,29:03.9,FastGPS,-62.3835,-60.2451,,,11.5,-0.1,,,,15,15,29947,,,,21,1771,,,,27,12592,,,,20,1403,,,,18,15152,,,,10,25242,,,,16,14080,,,,8,28336,,,,13,11458,,,,,,,,,,,,,,,,,,,,,,,,,,,,,,,,,
173713,4-Sep-18,4:58:51,2018-09-04 04:58:51,G,1,147,3889,1692,0,8,-62.3809,-60.2653,01:17.9,FastGPS,-62.3809,-60.2653,,,11,-0.1,,,,15,15,31521,,,,20,32600,,,,10,14564,,,,27,28113,,,,11,13379,,,,18,11905,,,,21,16178,,,,8,5133,,,,,,,,,,,,,,,,,,,,,,,,,,,,,,,,,,,,,,
173713,4-Sep-18,5:30:13,2018-09-04 05:30:13,G,3,147,3890,1692,0,7,-62.3811,-60.2904,32:39.3,FastGPS,-62.3811,-60.2904,,,8.1,-0.6,,,,15,10,3199,,,,27,11568,,,,8,14990,,,,18,9673,,,,1,26922,,,,15,6956,,,,20,7597,,,,,,,,,,,,,,,,,,,,,,,,,,,,,,,,,,,,,,,,,,,
173713,4-Sep-18,6:00:00,2018-09-04 06:00:00,G,1,147,3891,,0,9,-62.3868,-60.3132,02:25.9,FastGPS,-62.3868,-60.3132,,,5,-1.1,,,,15,15,9378,,,,10,3276,,,,32,4513,,,,11,12419,,,,18,6752,,,,1,27731,,,,28,15602,,,,27,14025,,,,20,11875,,,,,,,,,,,,,,,,,,,,,,,,,,,,,,,,,
173713,4-Sep-18,14:17:00,2018-09-04 14:17:00,G,1,147,3893,1696,0,5,-62.4434,-60.6723,19:25.9,FastGPS,-62.4434,-60.6723,,,6.3,-1.1,,,,15,30,28960,,,,7,20011,,,,5,30782,,,,9,136,,,,13,24226,,,,,,,,,,,,,,,,,,,,,,,,,,,,,,,,,,,,,,,,,,,,,,,,,,,,,
173713,4-Sep-18,15:44:00,2018-09-04 15:44:00,G,3,147,3894,1698,0,6,-62.4273,-60.7558,46:25.9,FastGPS,-62.4273,-60.7558,,,3.9,-1.1,,,,15,30,1021,,,,7,16610,,,,15,10685,,,,5,14275,,,,28,20004,,,,13,1483,,,,,,,,,,,,,,,,,,,,,,,,,,,,,,,,,,,,,,,,,,,,,,,,
173713,4-Sep-18,18:52:42,2018-09-04 18:52:42,G,2,147,3895,1699,0,7,-62.4019,-60.8874,55:07.9,FastGPS,-62.4019,-60.8874,,,7.9,-1.1,,,,15,17,17002,,,,24,22453,,,,15,17044,,,,19,25941,,,,12,24291,,,,10,31096,,,,28,3939,,,,,,,,,,,,,,,,,,,,,,,,,,,,,,,,,,,,,,,,,,,
173713,5-Sep-18,7:34:29,2018-09-05 07:34:29,G,1,147,3896,,0,9,-62.241,-60.7612,36:54.9,FastGPS,-62.241,-60.7612,,,9.3,-1.1,,,,15,32,11552,,,,1,20457,,,,18,30159,,,,11,9799,,,,22,6642,,,,14,26092,,,,10,1346,,,,3,20981,,,,8,25768,,,,,,,,,,,,,,,,,,,,,,,,,,,,,,,,,
173713,5-Sep-18,8:12:59,2018-09-05 08:12:59,G,1,147,3897,1699,0,5,-62.232,-60.7604,15:24.9,FastGPS,-62.232,-60.7604,,,0.2,-1.1,,,,15,1,21322,,,,22,11914,,,,18,7962,,,,3,6976,,,,31,12970,,,,,,,,,,,,,,,,,,,,,,,,,,,,,,,,,,,,,,,,,,,,,,,,,,,,,
173713,5-Sep-18,9:52:14,2018-09-05 09:52:14,G,4,147,3898,1700,0,4,-62.406,-60.045,9/6/2018 7:26,P,-62.2148,-60.7484,,,0.1,-0.7,,,,15,31,14403,,,,3,28619,,,,17,4676,,,,23,13683,,,,,,,,,,,,,,,,,,,,,,,,,,,,,,,,,,,,,,,,,,,,,,,,,,,,,,,,,,
173713,6-Sep-18,2:30:04,2018-09-06 02:30:04,G,6,147,3899,1702,0,6,-62.3569,-60.2836,32:29.9,FastGPS,-62.3569,-60.2836,,1,13.5,-1.1,,,,15,5,18147,,,,26,914,,,,16,25708,,,,21,9805,,,,4,30955,,,,7,15317,,,,,,,,,,,,,,,,,,,,,,,,,,,,,,,,,,,,,,,,,,,,,,,,
173713,6-Sep-18,3:00:24,2018-09-06 03:00:24,G,7,147,3900,1702,0,6,-62.3593,-60.2702,02:49.9,FastGPS,-62.3593,-60.2702,,1,4.9,-1.1,,,,15,16,22652,,,,26,10458,,,,20,19386,,,,4,24532,,,,7,11287,,,,27,23117,,,,,,,,,,,,,,,,,,,,,,,,,,,,,,,,,,,,,,,,,,,,,,,,
173713,6-Sep-18,3:30:35,2018-09-06 03:30:35,G,5,147,3901,1702,0,6,-62.3656,-60.2524,33:00.9,FastGPS,-62.3656,-60.2524,,,6.3,-1.1,,,,15,27,22547,,,,16,3629,,,,21,10449,,,,15,29963,,,,20,6998,,,,13,18086,,,,,,,,,,,,,,,,,,,,,,,,,,,,,,,,,,,,,,,,,,,,,,,,
173713,6-Sep-18,4:00:00,2018-09-06 04:00:00,G,7,147,3902,1702,0,5,-62.3701,-60.235,02:25.9,FastGPS,-62.3701,-60.235,,,1.9,-1.1,,,,15,27,12219,,,,10,18841,,,,20,12542,,,,16,5612,,,,8,13590,,,,,,,,,,,,,,,,,,,,,,,,,,,,,,,,,,,,,,,,,,,,,,,,,,,,,
173713,6-Sep-18,4:31:45,2018-09-06 04:31:45,G,8,147,3903,1702,0,6,-62.3717,-60.2146,34:11.0,FastGPS,-62.3717,-60.2146,,,15.5,-1,,,,15,27,22790,,,,8,10317,,,,10,32184,,,,15,1684,,,,20,3976,,,,13,19269,,,,,,,,,,,,,,,,,,,,,,,,,,,,,,,,,,,,,,,,,,,,,,,,
173713,6-Sep-18,5:02:00,2018-09-06 05:02:00,G,7,147,3904,1702,0,6,-62.3748,-60.195,04:25.9,FastGPS,-62.3748,-60.195,,,6.7,-1.1,,,,15,8,17276,,,,15,7303,,,,10,19023,,,,18,18412,,,,27,6765,,,,20,7259,,,,,,,,,,,,,,,,,,,,,,,,,,,,,,,,,,,,,,,,,,,,,,,,
173713,6-Sep-18,5:32:10,2018-09-06 05:32:10,G,5,147,3905,1702,0,4,-62.461,-59.905,9/6/2018 12:24,A,-62.3742,-60.1732,,,0.4,-1.1,,,,15,10,7293,,,,20,22068,,,,32,3027,,,,27,26163,,,,,,,,,,,,,,,,,,,,,,,,,,,,,,,,,,,,,,,,,,,,,,,,,,,,,,,,,,
173713,6-Sep-18,6:06:10,2018-09-06 06:06:10,G,7,147,3906,,0,9,-62.3743,-60.1522,08:35.9,FastGPS,-62.3743,-60.1522,,,5.7,-1.1,,,,15,10,30177,,,,8,28597,,,,27,12901,,,,32,11153,,,,18,2093,,,,11,8765,,,,14,21406,,,,28,16470,,,,20,15371,,,,,,,,,,,,,,,,,,,,,,,,,,,,,,,,,
173713,6-Sep-18,6:39:16,2018-09-06 06:39:16,G,4,147,3907,,0,9,-62.3762,-60.1336,41:41.9,FastGPS,-62.3762,-60.1336,,,5.7,-1,,,,15,32,16458,,,,8,25666,,,,10,25380,,,,18,25513,,,,1,31060,,,,11,1713,,,,14,29004,,,,22,11510,,,,24,29953,,,,,,,,,,,,,,,,,,,,,,,,,,,,,,,,,
173713,6-Sep-18,7:25:03,2018-09-06 07:25:03,G,4,147,3908,,0,9,-62.3794,-60.1194,27:28.9,FastGPS,-62.3794,-60.1194,,,10.8,-1.1,,,,15,32,11101,,,,18,24377,,,,11,2692,,,,1,1351,,,,14,10057,,,,8,7584,,,,3,19425,,,,17,31563,,,,10,20263,,,,,,,,,,,,,,,,,,,,,,,,,,,,,,,,,
173713,6-Sep-18,7:58:01,2018-09-06 07:58:01,G,6,147,3909,1703,0,8,-62.3824,-60.1103,00:27.4,FastGPS,-62.3824,-60.1103,,,10.8,-0.6,,,,15,1,4742,,,,22,6145,,,,3,17653,,,,18,16135,,,,17,25002,,,,32,19702,,,,11,28774,,,,10,156,,,,,,,,,,,,,,,,,,,,,,,,,,,,,,,,,,,,,,
173713,6-Sep-18,8:28:36,2018-09-06 08:28:36,G,7,147,3910,,0,9,-62.3852,-60.0982,31:02.4,FastGPS,-62.3852,-60.0982,,,10,-0.6,,,,15,12,10723,,,,18,6328,,,,11,21662,,,,1,27360,,,,31,8939,,,,22,25724,,,,17,27748,,,,3,18886,,,,19,22330,,,,,,,,,,,,,,,,,,,,,,,,,,,,,,,,,
173713,6-Sep-18,8:59:41,2018-09-06 08:59:41,G,6,147,3911,,0,9,-62.3883,-60.0843,02:07.4,FastGPS,-62.3883,-60.0843,,,10.1,-0.6,,,,15,3,27318,,,,1,5732,,,,17,9580,,,,12,3436,,,,32,870,,,,22,6635,,,,31,2392,,,,18,29900,,,,11,17553,,,,,,,,,,,,,,,,,,,,,,,,,,,,,,,,,
173713,6-Sep-18,9:51:48,2018-09-06 09:51:48,G,7,147,3912,,0,9,-62.3966,-60.0844,54:14.4,FastGPS,-62.3966,-60.0844,,,19.3,-0.5,,,,15,23,7677,,,,3,11589,,,,31,1234,,,,1,29330,,,,9,12281,,,,14,3920,,,,17,3961,,,,22,6178,,,,12,13707,,,,,,,,,,,,,,,,,,,,,,,,,,,,,,,,,
173713,6-Sep-18,10:25:45,2018-09-06 10:25:45,G,3,147,3913,1704,0,6,-62.4054,-60.102,28:11.4,FastGPS,-62.4054,-60.102,,,4.1,-0.6,,,,15,3,24242,,,,23,19620,,,,31,10275,,,,9,5279,,,,22,12013,,,,14,18357,,,,,,,,,,,,,,,,,,,,,,,,,,,,,,,,,,,,,,,,,,,,,,,,
173713,6-Sep-18,10:56:20,2018-09-06 10:56:20,G,1,147,3914,,0,9,-62.4123,-60.1099,58:46.4,FastGPS,-62.4123,-60.1099,,1,3.3,-0.6,,,,15,23,24585,,,,3,12017,,,,9,8137,,,,22,10595,,,,26,17232,,,,31,21849,,,,6,30099,,,,25,8991,,,,4,24401,,,,,,,,,,,,,,,,,,,,,,,,,,,,,,,,,
173713,6-Sep-18,11:28:34,2018-09-06 11:28:34,G,2,147,3915,1704,0,8,-62.4215,-60.1065,30:59.9,FastGPS,-62.4215,-60.1065,,1,8,-1.1,,,,15,23,4920,,,,9,7493,,,,29,26395,,,,6,31735,,,,31,12905,,,,3,13216,,,,26,5575,,,,4,21199,,,,,,,,,,,,,,,,,,,,,,,,,,,,,,,,,,,,,,
173713,6-Sep-18,12:14:08,2018-09-06 12:14:08,G,3,147,3916,,0,9,-62.4358,-60.1001,16:34.4,FastGPS,-62.4358,-60.1001,,1,10.1,-0.6,,,,15,7,10209,,,,9,25902,,,,6,20281,,,,29,24501,,,,2,23454,,,,23,19883,,,,4,2666,,,,16,11632,,,,5,7629,,,,,,,,,,,,,,,,,,,,,,,,,,,,,,,,,
173713,6-Sep-18,12:48:36,2018-09-06 12:48:36,G,5,147,3917,,0,9,-62.4413,-60.1198,51:02.4,FastGPS,-62.4413,-60.1198,,,12,-0.6,,,,15,23,32065,,,,29,32391,,,,9,4594,,,,7,10546,,,,16,14081,,,,5,18128,,,,26,27999,,,,2,11802,,,,4,17854,,,,,,,,,,,,,,,,,,,,,,,,,,,,,,,,,
173713,6-Sep-18,13:20:02,2018-09-06 13:20:02,G,4,147,3918,1704,0,5,-62.4484,-60.1385,22:28.0,FastGPS,-62.4484,-60.1385,,,5.3,-1,,,,15,7,16495,,,,16,16853,,,,5,19697,,,,26,14841,,,,9,31528,,,,,,,,,,,,,,,,,,,,,,,,,,,,,,,,,,,,,,,,,,,,,,,,,,,,,
173713,7-Sep-18,6:38:25,2018-09-07 06:38:25,G,5,147,3919,1706,0,5,-62.4823,-60.1906,40:51.4,FastGPS,-62.4823,-60.1906,,,4.1,-0.6,,,,15,18,31878,,,,11,8417,,,,1,11782,,,,28,16818,,,,10,16192,,,,,,,,,,,,,,,,,,,,,,,,,,,,,,,,,,,,,,,,,,,,,,,,,,,,,
173713,7-Sep-18,7:09:14,2018-09-07 07:09:14,G,4,147,3920,,0,9,-62.4827,-60.192,11:39.9,FastGPS,-62.4827,-60.192,,,13.5,-1,,,,15,32,28169,,,,10,15471,,,,14,28230,,,,1,20791,,,,18,5233,,,,22,11329,,,,11,15960,,,,17,32192,,,,28,20714,,,,,,,,,,,,,,,,,,,,,,,,,,,,,,,,,
173713,7-Sep-18,7:55:07,2018-09-07 07:55:07,G,5,147,3921,1707,0,6,-62.4831,-60.1962,57:33.4,FastGPS,-62.4831,-60.1962,,,1.9,-0.6,,,,15,17,31736,,,,11,29189,,,,22,11835,,,,1,8256,,,,18,16288,,,,3,25191,,,,,,,,,,,,,,,,,,,,,,,,,,,,,,,,,,,,,,,,,,,,,,,,
173713,7-Sep-18,22:49:39,2018-09-07 22:49:39,G,3,147,3922,1709,0,8,-62.4781,-60.1851,52:06.5,FastGPS,-62.4781,-60.1851,,,14.1,0.5,,,,15,12,19043,,,,2,8929,,,,31,9642,,,,29,12531,,,,25,10890,,,,4,14655,,,,14,16724,,,,6,15654,,,,,,,,,,,,,,,,,,,,,,,,,,,,,,,,,,,,,,
173713,7-Sep-18,23:19:00,2018-09-07 23:19:00,G,4,147,3923,1709,0,8,-62.4664,-60.1914,21:27.0,FastGPS,-62.4664,-60.1914,,,9,0,,,,15,2,27987,,,,31,20809,,,,5,4338,,,,29,7551,,,,12,22274,,,,25,30835,,,,4,25600,,,,26,14734,,,,,,,,,,,,,,,,,,,,,,,,,,,,,,,,,,,,,,
173713,8-Sep-18,0:38:59,2018-09-08 00:38:59,G,4,147,3924,1710,0,8,-62.4702,-60.2364,41:26.0,FastGPS,-62.4702,-60.2364,,1,7.3,0,,,,15,29,16029,,,,4,4118,,,,5,19555,,,,21,12505,,,,26,18834,,,,31,5024,,,,25,16877,,,,16,18424,,,,,,,,,,,,,,,,,,,,,,,,,,,,,,,,,,,,,,
173713,8-Sep-18,1:09:05,2018-09-08 01:09:05,G,7,147,3925,1710,0,6,-62.4774,-60.2602,11:32.0,FastGPS,-62.4774,-60.2602,,,7,0,,,,15,26,23022,,,,4,13594,,,,21,6900,,,,16,26076,,,,29,14715,,,,5,9765,,,,,,,,,,,,,,,,,,,,,,,,,,,,,,,,,,,,,,,,,,,,,,,,
173713,8-Sep-18,1:40:46,2018-09-08 01:40:46,G,3,147,3926,1710,0,5,-62.4671,-60.2718,43:13.5,FastGPS,-62.4671,-60.2718,,,0.9,0.5,,,,15,5,10137,,,,29,2178,,,,4,1643,,,,16,2013,,,,21,312,,,,,,,,,,,,,,,,,,,,,,,,,,,,,,,,,,,,,,,,,,,,,,,,,,,,,
173713,8-Sep-18,2:45:00,2018-09-08 02:45:00,G,6,147,3927,1711,0,8,-62.4587,-60.3016,47:27.0,FastGPS,-62.4587,-60.3016,,2,4.6,0,,,,15,26,32494,,,,4,16923,,,,29,10132,,,,20,23500,,,,10,15125,,,,16,25997,,,,11,5855,,,,21,19098,,,,,,,,,,,,,,,,,,,,,,,,,,,,,,,,,,,,,,
173713,8-Sep-18,3:18:30,2018-09-08 03:18:30,G,3,147,3928,1711,0,4,-62.487,-60.245,9/9/2018 2:42,N,-62.4562,-60.3007,,,0.4,0.5,,,,15,21,16493,,,,27,10471,,,,15,19049,,,,16,11092,,,,,,,,,,,,,,,,,,,,,,,,,,,,,,,,,,,,,,,,,,,,,,,,,,,,,,,,,,
173713,8-Sep-18,4:07:20,2018-09-08 04:07:20,G,4,147,3929,,0,9,-62.4663,-60.2753,09:47.4,FastGPS,-62.4663,-60.2753,,,11.9,0.5,,,,15,10,24602,,,,15,5494,,,,27,18657,,,,8,27872,,,,30,12468,,,,7,30099,,,,20,9131,,,,13,26219,,,,18,11436,,,,,,,,,,,,,,,,,,,,,,,,,,,,,,,,,
173713,8-Sep-18,4:37:00,2018-09-08 04:37:00,G,8,147,3930,1711,1,4,-62.487,-60.245,9/9/2018 2:42,N,-62.4709,-60.2631,,,0.7,0,,,,15,10,11404,,,,18,27554,,,,27,4735,,,,16,23726,,,,,,,,,,,,,,,,,,,,,,,,,,,,,,,,,,,,,,,,,,,,,,,,,,,,,,,,,,
173713,8-Sep-18,5:07:00,2018-09-08 05:07:00,G,7,147,3931,1711,1,5,-62.4756,-60.252,09:27.0,FastGPS,-62.4756,-60.252,,,5.1,0,,,,15,18,3760,,,,32,32026,,,,11,6693,,,,10,22656,,,,27,13201,,,,,,,,,,,,,,,,,,,,,,,,,,,,,,,,,,,,,,,,,,,,,,,,,,,,,
173713,8-Sep-18,5:37:00,2018-09-08 05:37:00,G,7,147,3932,1711,1,6,-62.4785,-60.2458,39:27.0,FastGPS,-62.4785,-60.2458,,,6.4,0,,,,15,18,7594,,,,32,31499,,,,11,12802,,,,27,24697,,,,1,18794,,,,14,10860,,,,,,,,,,,,,,,,,,,,,,,,,,,,,,,,,,,,,,,,,,,,,,,,
173713,11-Sep-18,16:28:54,2018-09-11 16:28:54,G,2,147,3933,1712,0,4,-62.456,-60.167,9/12/2018 12:16,R,,,,,,,,,,15,28,5644,,,,30,29537,,,,15,957,,,,13,14783,,,,,,,,,,,,,,,,,,,,,,,,,,,,,,,,,,,,,,,,,,,,,,,,,,,,,,,,,,
173713,11-Sep-18,18:18:01,2018-09-11 18:18:01,G,3,147,3936,,0,9,-62.4921,-60.0451,20:27.1,FastGPS,-62.4921,-60.0451,,1,16.8,-0.9,,,,15,17,19651,,,,28,11358,,,,24,14751,,,,15,5737,,,,10,12324,,,,19,14774,,,,1,14594,,,,12,31567,,,,11,9194,,,,,,,,,,,,,,,,,,,,,,,,,,,,,,,,,
173713,11-Sep-18,18:51:37,2018-09-11 18:51:37,G,1,147,3937,,0,9,-62.4814,-60.021,54:03.1,FastGPS,-62.4814,-60.021,,1,4.6,-0.9,,,,15,17,5559,,,,12,3027,,,,24,10497,,,,28,16070,,,,10,8804,,,,19,8885,,,,32,832,,,,15,3568,,,,1,8820,,,,,,,,,,,,,,,,,,,,,,,,,,,,,,,,,
173713,11-Sep-18,19:56:21,2018-09-11 19:56:21,G,5,147,3939,1712,0,4,-62.456,-60.167,9/12/2018 12:16,R,-62.4931,-59.9742,,,0.2,-0.4,,,,15,12,12768,,,,17,14293,,,,19,31411,,,,24,7125,,,,,,,,,,,,,,,,,,,,,,,,,,,,,,,,,,,,,,,,,,,,,,,,,,,,,,,,,,
173713,11-Sep-18,20:28:36,2018-09-11 20:28:36,G,4,147,3940,1712,0,6,-62.5008,-59.9709,31:02.1,FastGPS,-62.5008,-59.9709,,,13.9,-0.9,,,,15,12,12039,,,,24,11359,,,,17,30535,,,,19,31546,,,,32,1957,,,,25,14707,,,,,,,,,,,,,,,,,,,,,,,,,,,,,,,,,,,,,,,,,,,,,,,,
173713,11-Sep-18,20:59:32,2018-09-11 20:59:32,G,1,147,3941,,0,9,-62.5172,-59.9594,01:58.1,FastGPS,-62.5172,-59.9594,,,12.6,-0.9,,,,15,12,12282,,,,2,24986,,,,24,21889,,,,19,3907,,,,31,12826,,,,32,14799,,,,3,15890,,,,14,2113,,,,25,10518,,,,,,,,,,,,,,,,,,,,,,,,,,,,,,,,,
173713,11-Sep-18,21:32:18,2018-09-11 21:32:18,G,2,147,3942,1712,0,8,-62.5109,-59.9829,34:44.6,FastGPS,-62.5109,-59.9829,,,4.9,-0.4,,,,15,12,20662,,,,6,14971,,,,19,23337,,,,25,32608,,,,2,23201,,,,3,22622,,,,29,11641,,,,31,30731,,,,,,,,,,,,,,,,,,,,,,,,,,,,,,,,,,,,,,
173713,11-Sep-18,22:07:10,2018-09-11 22:07:10,G,2,147,3943,1712,0,6,-62.4959,-59.9966,09:36.1,FastGPS,-62.4959,-59.9966,,,13.3,-0.9,,,,15,12,32136,,,,2,23165,,,,25,2109,,,,6,30927,,,,29,14999,,,,31,9290,,,,,,,,,,,,,,,,,,,,,,,,,,,,,,,,,,,,,,,,,,,,,,,,
173713,11-Sep-18,22:38:07,2018-09-11 22:38:07,G,1,147,3944,1712,0,8,-62.4812,-59.9986,40:33.1,FastGPS,-62.4812,-59.9986,,,9.4,-0.9,,,,15,25,512,,,,12,29308,,,,29,19134,,,,2,32178,,,,31,8260,,,,6,23624,,,,5,9677,,,,23,10453,,,,,,,,,,,,,,,,,,,,,,,,,,,,,,,,,,,,,,
173713,11-Sep-18,23:10:06,2018-09-11 23:10:06,G,5,147,3945,1712,0,7,-62.4724,-60.0147,12:32.6,FastGPS,-62.4724,-60.0147,,,8.8,-0.4,,,,15,29,11435,,,,2,1469,,,,31,9048,,,,5,22482,,,,4,10701,,,,25,6591,,,,12,15934,,,,,,,,,,,,,,,,,,,,,,,,,,,,,,,,,,,,,,,,,,,
173713,11-Sep-18,23:43:48,2018-09-11 23:43:48,G,3,147,3946,1712,0,5,-62.4696,-60.0481,46:13.8,FastGPS,-62.4696,-60.0481,,,1.4,-1.2,,,,15,29,8680,,,,31,28078,,,,4,22891,,,,25,9708,,,,26,5455,,,,,,,,,,,,,,,,,,,,,,,,,,,,,,,,,,,,,,,,,,,,,,,,,,,,,
173713,12-Sep-18,0:14:16,2018-09-12 00:14:16,G,3,147,3947,1712,0,8,-62.4522,-60.0819,16:42.6,FastGPS,-62.4522,-60.0819,,1,5,-0.4,,,,15,5,1275,,,,29,14742,,,,4,12355,,,,31,24017,,,,2,6477,,,,21,26470,,,,26,19567,,,,25,8603,,,,,,,,,,,,,,,,,,,,,,,,,,,,,,,,,,,,,,
173713,12-Sep-18,0:44:02,2018-09-12 00:44:02,G,3,147,3948,1712,0,6,-62.4464,-60.0786,46:28.6,FastGPS,-62.4464,-60.0786,,1,9.7,-0.4,,,,15,5,5676,,,,4,2146,,,,26,3317,,,,16,16593,,,,29,24935,,,,21,26983,,,,,,,,,,,,,,,,,,,,,,,,,,,,,,,,,,,,,,,,,,,,,,,,
173713,12-Sep-18,1:14:39,2018-09-12 01:14:39,G,2,147,3949,1712,0,6,-62.4407,-60.0404,17:05.6,FastGPS,-62.4407,-60.0404,,,10.7,-0.4,,,,15,21,11152,,,,4,21861,,,,26,17987,,,,29,8643,,,,5,5480,,,,16,16046,,,,,,,,,,,,,,,,,,,,,,,,,,,,,,,,,,,,,,,,,,,,,,,,
173713,12-Sep-18,1:44:48,2018-09-12 01:44:48,G,2,147,3950,1712,0,8,-62.45,-60.0496,47:14.1,FastGPS,-62.45,-60.0496,,1,8.5,-0.9,,,,15,16,16523,,,,5,2494,,,,21,25813,,,,26,23812,,,,29,4453,,,,4,2900,,,,7,20754,,,,13,27185,,,,,,,,,,,,,,,,,,,,,,,,,,,,,,,,,,,,,,
173713,12-Sep-18,2:17:17,2018-09-12 02:17:17,G,4,147,3951,,0,9,-62.4444,-60.0601,19:43.1,FastGPS,-62.4444,-60.0601,,1,10.2,-0.9,,,,15,21,6295,,,,27,278,,,,29,13879,,,,16,16490,,,,20,814,,,,4,13426,,,,7,20088,,,,15,28122,,,,26,22866,,,,,,,,,,,,,,,,,,,,,,,,,,,,,,,,,
173713,12-Sep-18,3:32:04,2018-09-12 03:32:04,G,1,147,3953,,0,9,-62.4471,-60.0501,34:31.1,FastGPS,-62.4471,-60.0501,,,18.2,0.1,,,,15,27,26515,,,,15,24176,,,,8,21218,,,,21,19935,,,,10,26342,,,,13,21213,,,,7,16177,,,,30,20700,,,,20,29741,,,,,,,,,,,,,,,,,,,,,,,,,,,,,,,,,
173713,12-Sep-18,4:51:41,2018-09-12 04:51:41,G,3,147,3955,1714,0,7,-62.4527,-60.0523,54:07.1,FastGPS,-62.4527,-60.0523,,,8.2,-0.9,,,,15,10,21772,,,,20,7835,,,,32,3427,,,,15,10879,,,,8,29345,,,,24,28574,,,,21,14135,,,,,,,,,,,,,,,,,,,,,,,,,,,,,,,,,,,,,,,,,,,
173713,12-Sep-18,5:37:13,2018-09-12 05:37:13,G,2,147,3956,,0,9,-62.4508,-60.0484,39:40.1,FastGPS,-62.4508,-60.0484,,,4.6,0.1,,,,15,10,2460,,,,18,19287,,,,32,24278,,,,27,25654,,,,20,27539,,,,8,31252,,,,24,8710,,,,28,9412,,,,11,25553,,,,,,,,,,,,,,,,,,,,,,,,,,,,,,,,,
173713,12-Sep-18,6:09:35,2018-09-12 06:09:35,G,1,147,3957,1715,0,8,-62.4508,-60.0502,12:02.6,FastGPS,-62.4508,-60.0502,,,8.1,0.6,,,,15,10,21226,,,,32,18849,,,,18,29587,,,,8,20215,,,,11,5442,,,,14,20042,,,,22,29764,,,,27,21338,,,,,,,,,,,,,,,,,,,,,,,,,,,,,,,,,,,,,,
173713,12-Sep-18,7:58:08,2018-09-12 07:58:08,G,1,147,3960,1716,0,4,-62.446,-59.987,9/13/2018 6:40,A,-62.449,-60.0535,,,0.3,0.6,,,,15,14,21593,,,,22,19301,,,,31,21437,,,,32,15777,,,,,,,,,,,,,,,,,,,,,,,,,,,,,,,,,,,,,,,,,,,,,,,,,,,,,,,,,,
173713,12-Sep-18,8:30:19,2018-09-12 08:30:19,G,1,147,3961,,0,9,-62.4375,-60.0627,32:45.1,FastGPS,-62.4375,-60.0627,,,6.5,-0.9,,,,15,31,19387,,,,14,13423,,,,3,14277,,,,32,19286,,,,18,10661,,,,22,3588,,,,23,12486,,,,17,12863,,,,19,12522,,,,,,,,,,,,,,,,,,,,,,,,,,,,,,,,,
173713,12-Sep-18,9:00:04,2018-09-12 09:00:04,G,2,147,3962,1716,0,8,-62.4325,-60.092,02:30.1,FastGPS,-62.4325,-60.092,,,8,-0.9,,,,15,17,24549,,,,3,31394,,,,22,21952,,,,31,16412,,,,1,32068,,,,23,25864,,,,14,16063,,,,19,15328,,,,,,,,,,,,,,,,,,,,,,,,,,,,,,,,,,,,,,
173713,12-Sep-18,9:33:05,2018-09-12 09:33:05,G,3,147,3963,1716,0,8,-62.4312,-60.1127,35:32.1,FastGPS,-62.4312,-60.1127,,,3.7,0.1,,,,15,31,21286,,,,22,13287,,,,3,31295,,,,23,15315,,,,6,29270,,,,17,2520,,,,1,25080,,,,14,30439,,,,,,,,,,,,,,,,,,,,,,,,,,,,,,,,,,,,,,
173713,12-Sep-18,10:34:57,2018-09-12 10:34:57,G,1,147,3965,1716,0,7,-62.4294,-60.1361,37:24.6,FastGPS,-62.4294,-60.1361,,,9.8,0.6,,,,15,3,17420,,,,6,13097,,,,23,8240,,,,22,11723,,,,2,17537,,,,9,2065,,,,26,7602,,,,,,,,,,,,,,,,,,,,,,,,,,,,,,,,,,,,,,,,,,,
173713,12-Sep-18,11:05:34,2018-09-12 11:05:34,G,1,147,3966,1716,0,5,-62.4346,-60.1385,08:00.1,FastGPS,-62.4346,-60.1385,,,0.9,-0.9,,,,15,6,410,,,,9,15639,,,,31,11052,,,,2,14614,,,,23,7308,,,,,,,,,,,,,,,,,,,,,,,,,,,,,,,,,,,,,,,,,,,,,,,,,,,,,
173713,12-Sep-18,11:50:00,2018-09-12 11:50:00,G,2,147,3967,1717,0,8,-62.4474,-60.1646,52:26.6,FastGPS,-62.4474,-60.1646,,1,2.5,-0.4,,,,15,9,2911,,,,23,29031,,,,29,1576,,,,5,16172,,,,2,1446,,,,4,11852,,,,26,32557,,,,16,21251,,,,,,,,,,,,,,,,,,,,,,,,,,,,,,,,,,,,,,
173713,12-Sep-18,12:20:18,2018-09-12 12:20:18,G,3,147,3968,1717,0,8,-62.4578,-60.1704,22:44.1,FastGPS,-62.4578,-60.1704,,1,11.1,-0.9,,,,15,7,11000,,,,2,32405,,,,5,13175,,,,29,17720,,,,4,9675,,,,9,20700,,,,6,7373,,,,26,17672,,,,,,,,,,,,,,,,,,,,,,,,,,,,,,,,,,,,,,
173713,12-Sep-18,16:06:53,2018-09-12 16:06:53,G,2,147,3969,1717,0,8,-62.4653,-60.1821,09:19.6,FastGPS,-62.4653,-60.1821,,,9.4,-0.4,,,,15,30,7100,,,,7,24529,,,,15,1747,,,,13,2479,,,,28,4515,,,,11,27641,,,,8,25794,,,,5,16501,,,,,,,,,,,,,,,,,,,,,,,,,,,,,,,,,,,,,,
173713,12-Sep-18,23:04:07,2018-09-12 23:04:07,G,1,147,3970,1719,0,7,-62.4616,-60.1719,06:33.6,FastGPS,-62.4616,-60.1719,,,2.2,-0.4,,,,15,5,7339,,,,2,30314,,,,29,1222,,,,31,2948,,,,12,16777,,,,25,2874,,,,4,29370,,,,,,,,,,,,,,,,,,,,,,,,,,,,,,,,,,,,,,,,,,,
173713,13-Sep-18,1:46:00,2018-09-13 01:46:00,G,2,147,3971,,0,9,-62.4555,-60.171,48:26.1,FastGPS,-62.4555,-60.171,,1,5.1,-0.9,,,,15,29,24517,,,,5,27748,,,,4,30868,,,,16,32359,,,,13,19878,,,,26,23057,,,,21,10958,,,,7,8731,,,,20,15189,,,,,,,,,,,,,,,,,,,,,,,,,,,,,,,,,
173713,13-Sep-18,2:46:47,2018-09-13 02:46:47,G,1,147,3973,1720,0,8,-62.4301,-60.1636,49:13.6,FastGPS,-62.4301,-60.1636,,1,9.4,-0.4,,,,15,15,14297,,,,21,26743,,,,27,32275,,,,10,22333,,,,20,24152,,,,26,10775,,,,4,19430,,,,13,246,,,,,,,,,,,,,,,,,,,,,,,,,,,,,,,,,,,,,,
173713,13-Sep-18,4:06:53,2018-09-13 04:06:53,G,2,147,3975,1721,0,6,-62.412,-60.1458,09:19.2,FastGPS,-62.412,-60.1458,,,15.6,-0.8,,,,15,15,31779,,,,8,19127,,,,20,32069,,,,27,19836,,,,10,4996,,,,21,46,,,,,,,,,,,,,,,,,,,,,,,,,,,,,,,,,,,,,,,,,,,,,,,,
173713,13-Sep-18,4:38:42,2018-09-13 04:38:42,G,4,147,3976,1721,0,7,-62.4093,-60.1139,41:09.6,FastGPS,-62.4093,-60.1139,,,6.3,0.6,,,,15,15,5093,,,,8,30051,,,,21,156,,,,10,27924,,,,32,1787,,,,28,27278,,,,27,3591,,,,,,,,,,,,,,,,,,,,,,,,,,,,,,,,,,,,,,,,,,,
173713,13-Sep-18,5:27:37,2018-09-13 05:27:37,G,1,147,3977,,0,9,-62.4166,-60.0578,30:03.1,FastGPS,-62.4166,-60.0578,,,11.1,-0.9,,,,15,10,1669,,,,18,25726,,,,32,26581,,,,11,31443,,,,20,3003,,,,8,29100,,,,28,25645,,,,1,19011,,,,14,22136,,,,,,,,,,,,,,,,,,,,,,,,,,,,,,,,,
173713,13-Sep-18,6:15:01,2018-09-13 06:15:01,G,2,147,3978,,0,9,-62.4257,-60.0022,17:28.1,FastGPS,-62.4257,-60.0022,,,11.5,0.1,,,,15,18,8218,,,,1,22420,,,,11,17283,,,,17,19629,,,,32,46,,,,24,5707,,,,10,20277,,,,28,21142,,,,20,27798,,,,,,,,,,,,,,,,,,,,,,,,,,,,,,,,,
173713,13-Sep-18,6:45:26,2018-09-13 06:45:26,G,3,147,3979,,0,9,-62.4448,-59.9778,47:53.6,FastGPS,-62.4448,-59.9778,,,14.1,0.6,,,,15,17,24983,,,,1,11268,,,,22,1506,,,,11,5004,,,,28,6507,,,,24,3731,,,,14,20500,,,,32,18388,,,,3,3396,,,,,,,,,,,,,,,,,,,,,,,,,,,,,,,,,
173713,13-Sep-18,7:30:01,2018-09-13 07:30:01,G,3,147,3980,1724,0,4,-62.431,-59.982,9/14/2018 7:31,P,-62.4406,-59.9577,,,0.2,-0.8,,,,15,32,1027,,,,14,19295,,,,31,5776,,,,18,28055,,,,,,,,,,,,,,,,,,,,,,,,,,,,,,,,,,,,,,,,,,,,,,,,,,,,,,,,,,
173713,13-Sep-18,8:00:00,2018-09-13 08:00:00,G,1,147,3981,,0,9,-62.4403,-59.9657,02:27.6,FastGPS,-62.4403,-59.9657,,,7,0.6,,,,15,1,25366,,,,17,26799,,,,3,16785,,,,18,3449,,,,11,18821,,,,22,23437,,,,14,9733,,,,31,7167,,,,32,25418,,,,,,,,,,,,,,,,,,,,,,,,,,,,,,,,,
173713,13-Sep-18,9:16:00,2018-09-13 09:16:00,G,3,147,3982,,0,9,-62.4446,-59.9768,18:26.1,FastGPS,-62.4446,-59.9768,,,9.8,-0.9,,,,15,12,20857,,,,19,3893,,,,31,24654,,,,3,1986,,,,6,17310,,,,23,2024,,,,17,19245,,,,14,25037,,,,22,13236,,,,,,,,,,,,,,,,,,,,,,,,,,,,,,,,,
173713,13-Sep-18,10:01:38,2018-09-13 10:01:38,G,1,147,3983,1728,0,8,-62.4427,-59.9552,04:05.6,FastGPS,-62.4427,-59.9552,,1,8.6,0.6,,,,15,6,4439,,,,23,26544,,,,9,24291,,,,4,26230,,,,19,9182,,,,31,1588,,,,26,3102,,,,3,15283,,,,,,,,,,,,,,,,,,,,,,,,,,,,,,,,,,,,,,
173713,13-Sep-18,10:45:14,2018-09-13 10:45:14,G,1,147,3984,,0,9,-62.4413,-59.9501,47:41.1,FastGPS,-62.4413,-59.9501,,,9,0.1,,,,15,31,9760,,,,23,12445,,,,9,9230,,,,6,11780,,,,22,11271,,,,26,12234,,,,4,6589,,,,3,4132,,,,2,977,,,,,,,,,,,,,,,,,,,,,,,,,,,,,,,,,
173713,13-Sep-18,11:15:32,2018-09-13 11:15:32,G,1,147,3985,,0,9,-62.4399,-59.9483,17:59.6,FastGPS,-62.4399,-59.9483,,,12.1,0.6,,,,15,7,23328,,,,29,16749,,,,9,24991,,,,23,9773,,,,6,27012,,,,2,27112,,,,3,4002,,,,4,17047,,,,31,1462,,,,,,,,,,,,,,,,,,,,,,,,,,,,,,,,,
173713,13-Sep-18,11:58:00,2018-09-13 11:58:00,G,2,147,3986,1728,0,9,-62.444,-60.01,9/14/2018 9:37,A,-62.4429,-59.9529,,5,1.8,-0.8,,,,15,7,16169,,,,9,9961,,,,2,1446,,,,23,2230,,,,5,9952,,,,29,8807,,,,26,18158,,,,10,32580,,,,6,24698,,,,,,,,,,,,,,,,,,,,,,,,,,,,,,,,,
173713,13-Sep-18,12:58:40,2018-09-13 12:58:40,G,1,147,3987,1729,0,7,-62.4428,-59.9535,01:06.6,FastGPS,-62.4428,-59.9535,,,7.4,-0.4,,,,15,5,7009,,,,7,31480,,,,9,12351,,,,23,19768,,,,2,10069,,,,30,27652,,,,16,8082,,,,,,,,,,,,,,,,,,,,,,,,,,,,,,,,,,,,,,,,,,,
173713,13-Sep-18,13:28:38,2018-09-13 13:28:38,G,2,147,3988,1729,0,7,-62.4405,-59.964,31:04.1,FastGPS,-62.4405,-59.964,,,10.8,-0.9,,,,15,7,26442,,,,30,32481,,,,23,4975,,,,27,18196,,,,16,2601,,,,9,14467,,,,5,13177,,,,,,,,,,,,,,,,,,,,,,,,,,,,,,,,,,,,,,,,,,,
173713,13-Sep-18,16:21:00,2018-09-13 16:21:00,G,3,147,3990,1730,1,7,-62.4468,-59.9407,23:26.1,FastGPS,-62.4468,-59.9407,,,10.4,-0.9,,,,15,7,15778,,,,17,20428,,,,13,12151,,,,5,10495,,,,28,3820,,,,30,26988,,,,11,14688,,,,,,,,,,,,,,,,,,,,,,,,,,,,,,,,,,,,,,,,,,,
173713,13-Sep-18,23:24:49,2018-09-13 23:24:49,G,2,147,3991,1730,0,7,-62.4436,-59.9512,27:15.1,FastGPS,-62.4436,-59.9512,,,15.5,-0.9,,,,15,29,22304,,,,25,30072,,,,31,1813,,,,2,15244,,,,4,8353,,,,5,15756,,,,26,15815,,,,,,,,,,,,,,,,,,,,,,,,,,,,,,,,,,,,,,,,,,,
173713,13-Sep-18,23:57:50,2018-09-13 23:57:50,G,1,147,3992,1730,0,8,-62.4408,-59.9811,00:17.6,FastGPS,-62.4408,-59.9811,,1,8.5,0.6,,,,15,29,24001,,,,5,25618,,,,25,12124,,,,31,20880,,,,2,13458,,,,4,31484,,,,16,1761,,,,26,31555,,,,,,,,,,,,,,,,,,,,,,,,,,,,,,,,,,,,,,
173713,14-Sep-18,0:28:01,2018-09-14 00:28:01,G,3,147,3993,1730,0,6,-62.4324,-59.9918,30:27.1,FastGPS,-62.4324,-59.9918,,1,2.6,-0.9,,,,15,26,5717,,,,4,11826,,,,31,11485,,,,16,425,,,,21,6840,,,,25,14154,,,,,,,,,,,,,,,,,,,,,,,,,,,,,,,,,,,,,,,,,,,,,,,,
173713,14-Sep-18,0:58:53,2018-09-14 00:58:53,G,3,147,3994,1730,0,7,-62.4317,-59.9914,01:20.6,FastGPS,-62.4317,-59.9914,,,8.9,0.6,,,,15,29,5235,,,,5,24619,,,,21,25261,,,,16,679,,,,26,24912,,,,4,2872,,,,31,30422,,,,,,,,,,,,,,,,,,,,,,,,,,,,,,,,,,,,,,,,,,,
173713,14-Sep-18,1:44:13,2018-09-14 01:44:13,G,3,147,3995,,0,9,-62.4193,-59.9779,46:39.1,FastGPS,-62.4193,-59.9779,,1,8.9,-0.9,,,,15,29,25044,,,,7,21823,,,,5,30022,,,,21,23445,,,,4,710,,,,16,10293,,,,20,1994,,,,13,4216,,,,15,6181,,,,,,,,,,,,,,,,,,,,,,,,,,,,,,,,,
173713,14-Sep-18,2:14:01,2018-09-14 02:14:01,G,3,147,3996,,0,9,-62.4149,-59.9516,16:27.1,FastGPS,-62.4149,-59.9516,,1,9.5,-0.9,,,,15,15,19055,,,,29,30711,,,,7,28380,,,,5,21699,,,,27,23844,,,,13,18539,,,,20,25077,,,,26,12822,,,,4,923,,,,,,,,,,,,,,,,,,,,,,,,,,,,,,,,,
173713,14-Sep-18,2:45:10,2018-09-14 02:45:10,G,4,147,3997,1731,0,7,-62.4071,-59.9336,47:37.6,FastGPS,-62.4071,-59.9336,,1,6,0.6,,,,15,15,14938,,,,13,28366,,,,4,1390,,,,27,31631,,,,20,23924,,,,10,26892,,,,7,19745,,,,,,,,,,,,,,,,,,,,,,,,,,,,,,,,,,,,,,,,,,,
173713,14-Sep-18,3:15:07,2018-09-14 03:15:07,G,3,147,3998,1731,0,8,-62.3942,-59.9251,17:33.1,FastGPS,-62.3942,-59.9251,,,11.8,-0.9,,,,15,15,15547,,,,10,29095,,,,13,31751,,,,27,12865,,,,21,16771,,,,16,3596,,,,20,22377,,,,7,6385,,,,,,,,,,,,,,,,,,,,,,,,,,,,,,,,,,,,,,
173713,14-Sep-18,3:45:00,2018-09-14 03:45:00,G,3,147,3999,1731,0,7,-62.3877,-59.9516,47:26.1,FastGPS,-62.3877,-59.9516,,,8.7,-0.9,,,,15,10,6951,,,,21,20435,,,,7,28529,,,,27,27617,,,,20,18310,,,,15,15613,,,,8,10000,,,,,,,,,,,,,,,,,,,,,,,,,,,,,,,,,,,,,,,,,,,
173713,14-Sep-18,4:30:28,2018-09-14 04:30:28,G,1,147,4000,,0,9,-62.406,-59.9958,32:55.1,FastGPS,-62.406,-59.9958,,,14.2,0.1,,,,15,10,12907,,,,27,30453,,,,15,425,,,,8,11844,,,,20,31259,,,,32,1475,,,,13,20577,,,,11,18682,,,,28,31034,,,,,,,,,,,,,,,,,,,,,,,,,,,,,,,,,
173713,14-Sep-18,5:00:44,2018-09-14 05:00:44,G,1,147,4001,,0,9,-62.4231,-60.0046,03:11.1,FastGPS,-62.4231,-60.0046,,,8,0.1,,,,15,27,14722,,,,10,31548,,,,8,16218,,,,15,12992,,,,32,558,,,,28,18122,,,,20,11216,,,,18,19528,,,,11,23291,,,,,,,,,,,,,,,,,,,,,,,,,,,,,,,,,
173713,14-Sep-18,8:06:06,2018-09-14 08:06:06,G,1,147,4006,,0,9,-62.44,-59.9833,08:32.1,FastGPS,-62.44,-59.9833,,,5.7,-0.9,,,,15,17,26881,,,,3,11876,,,,32,20863,,,,22,32721,,,,19,13905,,,,14,22980,,,,12,22740,,,,31,8182,,,,1,12385,,,,,,,,,,,,,,,,,,,,,,,,,,,,,,,,,
173713,14-Sep-18,8:36:37,2018-09-14 08:36:37,G,2,147,4007,,0,9,-62.4382,-59.9913,39:03.1,FastGPS,-62.4382,-59.9913,,,10.3,-0.9,,,,15,31,17351,,,,22,29190,,,,17,19705,,,,3,4816,,,,14,31333,,,,18,16529,,,,11,6638,,,,1,6538,,,,19,29675,,,,,,,,,,,,,,,,,,,,,,,,,,,,,,,,,
173713,14-Sep-18,9:07:26,2018-09-14 09:07:26,G,1,147,4008,,0,9,-62.4431,-59.9955,09:53.6,FastGPS,-62.4431,-59.9955,,1,6.5,0.6,,,,15,1,7257,,,,22,29110,,,,3,7833,,,,19,13298,,,,17,8773,,,,23,24003,,,,18,20725,,,,31,29808,,,,12,3482,,,,,,,,,,,,,,,,,,,,,,,,,,,,,,,,,
173713,14-Sep-18,9:37:09,2018-09-14 09:37:09,G,2,147,4009,,0,9,-62.4438,-59.9931,39:36.1,FastGPS,-62.4438,-59.9931,,1,11.6,0.1,,,,15,22,10920,,,,23,20024,,,,3,22412,,,,6,460,,,,31,12418,,,,9,18943,,,,19,2457,,,,1,2128,,,,17,16175,,,,,,,,,,,,,,,,,,,,,,,,,,,,,,,,,
173713,14-Sep-18,10:24:23,2018-09-14 10:24:23,G,1,147,4010,1735,0,8,-62.4459,-59.9955,26:50.6,FastGPS,-62.4459,-59.9955,,,8.6,0.6,,,,15,23,6821,,,,9,28209,,,,3,25079,,,,6,11985,,,,22,23388,,,,2,9766,,,,19,30469,,,,31,3636,,,,,,,,,,,,,,,,,,,,,,,,,,,,,,,,,,,,,,
173713,14-Sep-18,10:54:34,2018-09-14 10:54:34,G,2,147,4011,,0,9,-62.4502,-60.0167,57:01.1,FastGPS,-62.4502,-60.0167,,,16.2,0.1,,,,15,9,2328,,,,23,1813,,,,6,28308,,,,31,16181,,,,2,486,,,,26,32349,,,,3,14249,,,,4,16246,,,,16,5507,,,,,,,,,,,,,,,,,,,,,,,,,,,,,,,,,
173713,14-Sep-18,11:24:01,2018-09-14 11:24:01,G,4,147,4012,1735,0,6,-62.4427,-59.999,26:28.1,FastGPS,-62.4427,-59.999,,,10.5,0.1,,,,15,9,1365,,,,4,7079,,,,23,14810,,,,26,14201,,,,2,3854,,,,29,29504,,,,,,,,,,,,,,,,,,,,,,,,,,,,,,,,,,,,,,,,,,,,,,,,
173713,14-Sep-18,12:42:13,2018-09-14 12:42:13,G,3,147,4013,,0,9,-62.4435,-59.9932,44:40.1,FastGPS,-62.4435,-59.9932,,1,6,0.1,,,,15,7,4665,,,,16,22159,,,,23,8109,,,,9,7375,,,,30,8284,,,,26,812,,,,2,19732,,,,29,26750,,,,4,11371,,,,,,,,,,,,,,,,,,,,,,,,,,,,,,,,,
173713,14-Sep-18,13:12:16,2018-09-14 13:12:16,G,3,147,4014,1736,0,5,-62.4397,-59.9865,14:42.7,FastGPS,-62.4397,-59.9865,,,8.9,-0.3,,,,15,7,13159,,,,5,13332,,,,30,18875,,,,9,16631,,,,16,29056,,,,,,,,,,,,,,,,,,,,,,,,,,,,,,,,,,,,,,,,,,,,,,,,,,,,,
173713,14-Sep-18,17:34:54,2018-09-14 17:34:54,G,1,147,4016,,0,9,-62.44,-59.9971,37:20.6,FastGPS,-62.44,-59.9971,,,10.7,-0.4,,,,15,15,5726,,,,24,5882,,,,13,1791,,,,10,10296,,,,17,29324,,,,18,6879,,,,28,16537,,,,20,6909,,,,1,20506,,,,,,,,,,,,,,,,,,,,,,,,,,,,,,,,,
173713,14-Sep-18,20:22:15,2018-09-14 20:22:15,G,1,147,4018,1737,0,8,-62.4474,-60.0239,24:41.6,FastGPS,-62.4474,-60.0239,,,13.5,-0.4,,,,15,12,10905,,,,32,24441,,,,6,27823,,,,19,12321,,,,24,19662,,,,2,11946,,,,14,23495,,,,25,31552,,,,,,,,,,,,,,,,,,,,,,,,,,,,,,,,,,,,,,
173713,14-Sep-18,21:20:18,2018-09-14 21:20:18,G,1,147,4019,,0,9,-62.4707,-60.0337,22:44.2,FastGPS,-62.4707,-60.0337,,,11.1,-0.8,,,,15,12,10071,,,,2,14099,,,,25,23001,,,,29,2950,,,,6,3706,,,,14,30739,,,,19,11632,,,,32,17239,,,,31,20097,,,,,,,,,,,,,,,,,,,,,,,,,,,,,,,,,
173713,14-Sep-18,21:50:48,2018-09-14 21:50:48,G,3,147,4020,1737,0,6,-62.4821,-60.0366,53:14.6,FastGPS,-62.4821,-60.0366,,,8.9,-0.4,,,,15,31,21780,,,,12,3479,,,,25,24391,,,,2,9967,,,,29,24854,,,,6,1527,,,,,,,,,,,,,,,,,,,,,,,,,,,,,,,,,,,,,,,,,,,,,,,,
173713,14-Sep-18,22:36:00,2018-09-14 22:36:00,G,1,147,4021,1737,0,8,-62.4772,-60.0414,38:26.1,FastGPS,-62.4772,-60.0414,,1,4.2,-0.8,,,,15,12,2544,,,,25,1650,,,,29,24569,,,,31,29833,,,,4,14284,,,,2,183,,,,5,28712,,,,26,29321,,,,,,,,,,,,,,,,,,,,,,,,,,,,,,,,,,,,,,
173713,14-Sep-18,23:06:00,2018-09-14 23:06:00,G,3,147,4022,1737,0,7,-62.4726,-60.0479,08:27.1,FastGPS,-62.4726,-60.0479,,,8.9,0.1,,,,15,29,26953,,,,31,7270,,,,25,23586,,,,23,1377,,,,4,10934,,,,2,14914,,,,26,8918,,,,,,,,,,,,,,,,,,,,,,,,,,,,,,,,,,,,,,,,,,,
173713,14-Sep-18,23:36:00,2018-09-14 23:36:00,G,3,147,4023,1737,0,8,-62.4673,-60.044,38:27.1,FastGPS,-62.4673,-60.044,,,16.6,0.1,,,,15,29,6769,,,,26,18240,,,,31,15398,,,,4,32334,,,,25,23632,,,,5,1004,,,,2,1125,,,,9,16961,,,,,,,,,,,,,,,,,,,,,,,,,,,,,,,,,,,,,,
173713,15-Sep-18,0:23:17,2018-09-15 00:23:17,G,5,147,4024,1737,0,4,-62.487,-60.026,9/15/2018 22:53,P,,,,,,,,,,15,29,28000,,,,5,26161,,,,4,16507,,,,26,9911,,,,,,,,,,,,,,,,,,,,,,,,,,,,,,,,,,,,,,,,,,,,,,,,,,,,,,,,,,
173713,15-Sep-18,1:12:36,2018-09-15 01:12:36,G,1,147,4025,1737,0,5,-62.463,-60.0388,15:03.1,FastGPS,-62.463,-60.0388,,,10.5,0.1,,,,15,29,21654,,,,4,21913,,,,21,23405,,,,26,26850,,,,16,22714,,,,,,,,,,,,,,,,,,,,,,,,,,,,,,,,,,,,,,,,,,,,,,,,,,,,,
173713,15-Sep-18,1:42:00,2018-09-15 01:42:00,G,2,147,4026,,0,9,-62.4611,-60.0449,44:27.1,FastGPS,-62.4611,-60.0449,,,20.4,0.1,,,,15,27,16353,,,,16,20513,,,,26,31207,,,,5,32532,,,,4,3435,,,,13,17972,,,,29,24983,,,,21,1431,,,,7,1504,,,,,,,,,,,,,,,,,,,,,,,,,,,,,,,,,
173713,15-Sep-18,2:12:00,2018-09-15 02:12:00,G,2,147,4027,,0,9,-62.4576,-60.0465,14:27.1,FastGPS,-62.4576,-60.0465,,,4.7,0.1,,,,15,29,7674,,,,7,17153,,,,5,973,,,,13,9619,,,,15,12812,,,,16,6096,,,,27,19194,,,,10,4103,,,,21,31376,,,,,,,,,,,,,,,,,,,,,,,,,,,,,,,,,
173713,15-Sep-18,2:42:00,2018-09-15 02:42:00,G,1,147,4028,,0,9,-62.4482,-60.0514,44:27.1,FastGPS,-62.4482,-60.0514,,,13.7,0.1,,,,15,27,10021,,,,16,18872,,,,7,27517,,,,13,4048,,,,15,24763,,,,20,1165,,,,8,28133,,,,10,6074,,,,30,32418,,,,,,,,,,,,,,,,,,,,,,,,,,,,,,,,,
173713,15-Sep-18,3:13:00,2018-09-15 03:13:00,G,2,147,4029,1737,0,8,-62.4363,-60.0637,15:27.6,FastGPS,-62.4363,-60.0637,,,7.9,0.6,,,,15,15,24320,,,,20,31108,,,,21,16744,,,,10,10251,,,,27,23499,,,,13,3933,,,,16,3854,,,,8,3305,,,,,,,,,,,,,,,,,,,,,,,,,,,,,,,,,,,,,,
173713,15-Sep-18,3:43:03,2018-09-15 03:43:03,G,3,147,4030,1737,0,6,-62.4309,-60.0838,45:30.6,FastGPS,-62.4309,-60.0838,,,11.1,0.6,,,,15,21,603,,,,10,2032,,,,27,18474,,,,15,4785,,,,18,29128,,,,8,7272,,,,,,,,,,,,,,,,,,,,,,,,,,,,,,,,,,,,,,,,,,,,,,,,
173713,15-Sep-18,6:14:00,2018-09-15 06:14:00,G,1,147,4035,,0,9,-62.4346,-60.0982,16:27.2,FastGPS,-62.4346,-60.0982,,,5.3,0.2,,,,15,32,10879,,,,10,29295,,,,18,18698,,,,14,19103,,,,1,15643,,,,22,6934,,,,11,28257,,,,3,30667,,,,20,31337,,,,,,,,,,,,,,,,,,,,,,,,,,,,,,,,,
173713,15-Sep-18,6:44:00,2018-09-15 06:44:00,G,2,147,4036,1737,0,8,-62.4333,-60.1183,46:27.1,FastGPS,-62.4333,-60.1183,,,10,0.1,,,,15,32,9657,,,,10,268,,,,11,31723,,,,14,29716,,,,18,20682,,,,8,20361,,,,22,21172,,,,1,20792,,,,,,,,,,,,,,,,,,,,,,,,,,,,,,,,,,,,,,
173713,15-Sep-18,7:14:46,2018-09-15 07:14:46,G,2,147,4037,,0,9,-62.4304,-60.139,17:13.2,FastGPS,-62.4304,-60.139,,,6.2,0.1,,,,15,32,5005,,,,1,3401,,,,14,6129,,,,31,28606,,,,18,28720,,,,11,8596,,,,22,24046,,,,3,28458,,,,10,31758,,,,,,,,,,,,,,,,,,,,,,,,,,,,,,,,,
173713,15-Sep-18,7:48:04,2018-09-15 07:48:04,G,4,147,4038,,0,9,-62.4242,-60.1614,50:31.6,FastGPS,-62.4242,-60.1614,,,9.1,0.6,,,,15,32,2966,,,,31,23362,,,,14,12635,,,,11,27550,,,,17,24033,,,,18,12082,,,,3,4408,,,,22,16932,,,,1,27024,,,,,,,,,,,,,,,,,,,,,,,,,,,,,,,,,
173713,15-Sep-18,8:18:20,2018-09-15 08:18:20,G,3,147,4039,,0,9,-62.4267,-60.1851,20:47.6,FastGPS,-62.4267,-60.1851,,,7.7,0.6,,,,15,31,32328,,,,17,26056,,,,22,16463,,,,18,22006,,,,3,28176,,,,14,24670,,,,1,25389,,,,11,9478,,,,23,26492,,,,,,,,,,,,,,,,,,,,,,,,,,,,,,,,,
173713,15-Sep-18,12:32:14,2018-09-15 12:32:14,G,1,147,4041,1737,0,7,-62.4667,-60.1023,34:40.2,FastGPS,-62.4667,-60.1023,,,9.2,-0.8,,,,15,5,14490,,,,2,10794,,,,23,4981,,,,16,31239,,,,7,27477,,,,9,23616,,,,29,13644,,,,,,,,,,,,,,,,,,,,,,,,,,,,,,,,,,,,,,,,,,,
173713,15-Sep-18,13:02:53,2018-09-15 13:02:53,G,1,147,4042,1737,0,8,-62.4565,-60.0792,05:19.1,FastGPS,-62.4565,-60.0792,,,11.6,-0.9,,,,15,5,25586,,,,23,10939,,,,7,371,,,,16,912,,,,9,25081,,,,30,25525,,,,29,1573,,,,27,13811,,,,,,,,,,,,,,,,,,,,,,,,,,,,,,,,,,,,,,
173713,15-Sep-18,16:53:08,2018-09-15 16:53:08,G,1,147,4046,1738,0,5,-62.4989,-59.97,55:35.1,FastGPS,-62.4989,-59.97,,,1,0.1,,,,15,13,31645,,,,15,18218,,,,28,27070,,,,17,28933,,,,20,30163,,,,,,,,,,,,,,,,,,,,,,,,,,,,,,,,,,,,,,,,,,,,,,,,,,,,,
173713,15-Sep-18,17:23:00,2018-09-15 17:23:00,G,2,147,4047,,0,9,-62.4909,-59.9878,25:27.1,FastGPS,-62.4909,-59.9878,,,10.2,0.1,,,,15,15,15427,,,,13,1095,,,,17,7921,,,,10,11464,,,,28,13377,,,,19,15692,,,,24,16299,,,,20,25374,,,,11,25933,,,,,,,,,,,,,,,,,,,,,,,,,,,,,,,,,
173713,15-Sep-18,17:54:28,2018-09-15 17:54:28,G,1,147,4048,1738,0,7,-62.4903,-59.9924,56:55.1,FastGPS,-62.4903,-59.9924,,,10,0.1,,,,15,17,7270,,,,15,20177,,,,19,22363,,,,13,19979,,,,24,28929,,,,10,19504,,,,12,30600,,,,,,,,,,,,,,,,,,,,,,,,,,,,,,,,,,,,,,,,,,,
173713,15-Sep-18,18:24:48,2018-09-15 18:24:48,G,1,147,4049,1738,0,5,-62.4898,-59.9912,27:15.6,FastGPS,-62.4898,-59.9912,,,2.1,0.6,,,,15,17,19614,,,,19,30520,,,,12,6424,,,,15,18023,,,,24,9096,,,,,,,,,,,,,,,,,,,,,,,,,,,,,,,,,,,,,,,,,,,,,,,,,,,,,
173713,15-Sep-18,21:29:01,2018-09-15 21:29:01,G,2,147,4053,1739,0,7,-62.484,-59.9995,31:28.2,FastGPS,-62.484,-59.9995,,,11.7,0.2,,,,15,12,5680,,,,31,21502,,,,2,2077,,,,25,30463,,,,29,11640,,,,14,21509,,,,6,2425,,,,,,,,,,,,,,,,,,,,,,,,,,,,,,,,,,,,,,,,,,,
173713,15-Sep-18,22:00:35,2018-09-15 22:00:35,G,2,147,4054,1739,0,6,-62.4918,-60.0237,03:02.6,FastGPS,-62.4918,-60.0237,,,3.7,0.6,,,,15,12,30177,,,,6,27091,,,,2,24909,,,,29,11090,,,,31,26778,,,,25,31784,,,,,,,,,,,,,,,,,,,,,,,,,,,,,,,,,,,,,,,,,,,,,,,,
173713,15-Sep-18,22:30:27,2018-09-15 22:30:27,G,1,147,4055,1739,0,8,-62.4977,-60.0426,32:53.6,FastGPS,-62.4977,-60.0426,,,8.3,-0.4,,,,15,31,10432,,,,2,16326,,,,12,23124,,,,29,2828,,,,25,17746,,,,6,14593,,,,5,4392,,,,23,17659,,,,,,,,,,,,,,,,,,,,,,,,,,,,,,,,,,,,,,
173713,15-Sep-18,23:00:00,2018-09-15 23:00:00,G,1,147,4056,1739,0,8,-62.4911,-60.0561,02:26.1,FastGPS,-62.4911,-60.0561,,,8.4,-0.9,,,,15,2,3774,,,,5,30761,,,,29,8300,,,,31,25450,,,,12,9670,,,,25,11778,,,,4,20640,,,,26,17500,,,,,,,,,,,,,,,,,,,,,,,,,,,,,,,,,,,,,,
173713,15-Sep-18,23:30:00,2018-09-15 23:30:00,G,4,147,4057,,0,9,-62.5001,-60.0804,32:26.1,FastGPS,-62.5001,-60.0804,,,6.7,-0.9,,,,15,29,6013,,,,31,19505,,,,4,26704,,,,25,29223,,,,23,484,,,,5,28413,,,,2,7766,,,,9,15689,,,,26,11224,,,,,,,,,,,,,,,,,,,,,,,,,,,,,,,,,
173713,16-Sep-18,0:00:05,2018-09-16 00:00:05,G,2,147,4058,1739,0,7,-62.5078,-60.0686,02:31.6,FastGPS,-62.5078,-60.0686,,1,7.1,-0.4,,,,15,5,20040,,,,29,28432,,,,31,38,,,,25,13721,,,,4,31921,,,,21,21355,,,,26,8340,,,,,,,,,,,,,,,,,,,,,,,,,,,,,,,,,,,,,,,,,,,
173713,16-Sep-18,2:00:00,2018-09-16 02:00:00,G,2,147,4061,1741,1,6,-62.5071,-60.0715,02:27.1,FastGPS,-62.5071,-60.0715,,1,3.5,0.1,,,,15,29,29657,,,,15,5577,,,,13,12958,,,,10,16713,,,,20,9856,,,,4,29584,,,,,,,,,,,,,,,,,,,,,,,,,,,,,,,,,,,,,,,,,,,,,,,,
173713,16-Sep-18,9:19:26,2018-09-16 09:19:26,G,1,147,4062,1741,0,6,-62.5078,-60.0696,21:53.1,FastGPS,-62.5078,-60.0696,,,6.9,0.1,,,,15,31,22245,,,,3,31403,,,,23,24624,,,,22,7506,,,,17,25259,,,,1,13781,,,,,,,,,,,,,,,,,,,,,,,,,,,,,,,,,,,,,,,,,,,,,,,,
173713,16-Sep-18,9:49:02,2018-09-16 09:49:02,G,2,147,4063,1741,0,7,-62.4976,-60.0753,51:29.2,FastGPS,-62.4976,-60.0753,,,10.6,0.2,,,,15,22,19809,,,,3,6758,,,,23,16710,,,,19,1990,,,,6,28304,,,,31,26579,,,,9,15940,,,,,,,,,,,,,,,,,,,,,,,,,,,,,,,,,,,,,,,,,,,
173713,16-Sep-18,10:19:13,2018-09-16 10:19:13,G,1,147,4064,,0,9,-62.4944,-60.0876,21:40.1,FastGPS,-62.4944,-60.0876,,1,6.9,0.1,,,,15,23,2147,,,,9,31706,,,,6,6988,,,,22,2802,,,,31,20437,,,,4,8059,,,,26,3395,,,,3,9150,,,,16,29731,,,,,,,,,,,,,,,,,,,,,,,,,,,,,,,,,
173713,16-Sep-18,10:49:00,2018-09-16 10:49:00,G,1,147,4065,1741,0,7,-62.5047,-60.086,51:27.1,FastGPS,-62.5047,-60.086,,,11.4,0.1,,,,15,9,28906,,,,6,13327,,,,16,2244,,,,4,6336,,,,26,24352,,,,23,20534,,,,3,24150,,,,,,,,,,,,,,,,,,,,,,,,,,,,,,,,,,,,,,,,,,,
173713,16-Sep-18,11:19:12,2018-09-16 11:19:12,G,1,147,4066,1741,0,8,-62.5056,-60.0744,21:39.6,FastGPS,-62.5056,-60.0744,,,5.7,0.6,,,,15,2,4018,,,,29,30650,,,,9,1095,,,,23,4485,,,,26,11309,,,,16,26441,,,,6,12307,,,,4,1721,,,,,,,,,,,,,,,,,,,,,,,,,,,,,,,,,,,,,,
173713,16-Sep-18,11:49:01,2018-09-16 11:49:01,G,1,147,4067,1741,0,8,-62.5061,-60.0685,51:28.1,FastGPS,-62.5061,-60.0685,,1,6.4,0.1,,,,15,7,30098,,,,9,9046,,,,16,22240,,,,23,25199,,,,6,12934,,,,29,8796,,,,2,32246,,,,28,9487,,,,,,,,,,,,,,,,,,,,,,,,,,,,,,,,,,,,,,
173713,16-Sep-18,12:26:27,2018-09-16 12:26:27,G,1,147,4068,1741,0,5,-62.5069,-60.0679,28:54.6,FastGPS,-62.5069,-60.0679,,,8,0.6,,,,15,9,6996,,,,16,13061,,,,7,3219,,,,30,25677,,,,23,25518,,,,,,,,,,,,,,,,,,,,,,,,,,,,,,,,,,,,,,,,,,,,,,,,,,,,,
173713,16-Sep-18,13:32:38,2018-09-16 13:32:38,G,2,147,4070,1741,0,6,-62.5035,-60.0625,35:05.6,FastGPS,-62.5035,-60.0625,,,8.7,0.6,,,,15,30,31810,,,,5,24296,,,,7,10825,,,,27,14505,,,,16,3014,,,,9,2940,,,,,,,,,,,,,,,,,,,,,,,,,,,,,,,,,,,,,,,,,,,,,,,,
173713,16-Sep-18,14:06:38,2018-09-16 14:06:38,G,3,147,4071,1741,0,7,-62.5048,-60.0564,09:05.1,FastGPS,-62.5048,-60.0564,,,3.9,0.1,,,,15,5,16168,,,,13,22702,,,,30,11756,,,,8,30805,,,,7,13728,,,,9,1858,,,,27,18453,,,,,,,,,,,,,,,,,,,,,,,,,,,,,,,,,,,,,,,,,,,
173713,16-Sep-18,14:37:49,2018-09-16 14:37:49,G,3,147,4072,1741,0,7,-62.5052,-60.0555,40:16.6,FastGPS,-62.5052,-60.0555,,,3.6,0.7,,,,15,7,17866,,,,30,16765,,,,5,28618,,,,28,14790,,,,8,27738,,,,13,22158,,,,27,8800,,,,,,,,,,,,,,,,,,,,,,,,,,,,,,,,,,,,,,,,,,,
173713,16-Sep-18,15:08:00,2018-09-16 15:08:00,G,2,147,4073,1741,0,7,-62.5053,-60.057,10:27.2,FastGPS,-62.5053,-60.057,,,13.9,0.2,,,,15,13,3891,,,,7,6081,,,,5,11382,,,,30,25815,,,,28,10732,,,,15,1600,,,,8,23568,,,,,,,,,,,,,,,,,,,,,,,,,,,,,,,,,,,,,,,,,,,
173713,16-Sep-18,15:38:00,2018-09-16 15:38:00,G,1,147,4074,1741,1,7,-62.5051,-60.0572,40:27.1,FastGPS,-62.5051,-60.0572,,,1.9,0.1,,,,15,7,28666,,,,13,5863,,,,28,24101,,,,15,5770,,,,30,20506,,,,5,16850,,,,8,26360,,,,,,,,,,,,,,,,,,,,,,,,,,,,,,,,,,,,,,,,,,,
173713,16-Sep-18,19:49:02,2018-09-16 19:49:02,G,1,147,4075,1743,0,5,-62.5017,-60.0637,51:29.1,FastGPS,-62.5017,-60.0637,,,2.1,0.1,,,,15,17,2344,,,,12,9672,,,,6,28856,,,,24,19335,,,,3,28624,,,,,,,,,,,,,,,,,,,,,,,,,,,,,,,,,,,,,,,,,,,,,,,,,,,,,
173713,16-Sep-18,20:20:18,2018-09-16 20:20:18,G,1,147,4076,1743,0,8,-62.4885,-60.081,22:45.6,FastGPS,-62.4885,-60.081,,,11.1,0.6,,,,15,12,8491,,,,32,12296,,,,17,26393,,,,2,3922,,,,25,15495,,,,24,24812,,,,6,31901,,,,3,7816,,,,,,,,,,,,,,,,,,,,,,,,,,,,,,,,,,,,,,
173713,16-Sep-18,22:10:55,2018-09-16 22:10:55,G,1,147,4078,1744,0,6,-62.4738,-60.0163,13:22.6,FastGPS,-62.4738,-60.0163,,1,6.1,0.6,,,,15,31,8721,,,,29,11205,,,,12,1362,,,,4,7776,,,,2,12989,,,,25,15558,,,,,,,,,,,,,,,,,,,,,,,,,,,,,,,,,,,,,,,,,,,,,,,,
173713,16-Sep-18,23:06:33,2018-09-16 23:06:33,G,1,147,4079,1745,0,8,-62.4793,-60.0371,09:00.2,FastGPS,-62.4793,-60.0371,,,5.7,0.2,,,,15,25,4376,,,,29,8131,,,,31,1763,,,,4,12189,,,,23,1916,,,,26,15691,,,,12,14579,,,,5,20273,,,,,,,,,,,,,,,,,,,,,,,,,,,,,,,,,,,,,,
173713,16-Sep-18,23:42:29,2018-09-16 23:42:29,G,3,147,4080,1745,0,6,-62.4711,-60.0724,44:56.7,FastGPS,-62.4711,-60.0724,,,2.7,0.7,,,,15,29,21679,,,,5,16131,,,,31,27041,,,,4,21075,,,,25,19146,,,,2,21402,,,,,,,,,,,,,,,,,,,,,,,,,,,,,,,,,,,,,,,,,,,,,,,,
173713,17-Sep-18,0:12:00,2018-09-17 00:12:00,G,5,147,4081,1745,1,8,-62.4707,-60.0706,14:27.2,FastGPS,-62.4707,-60.0706,,1,4.6,0.2,,,,15,5,10516,,,,4,31637,,,,26,22208,,,,29,18252,,,,31,17433,,,,16,8695,,,,21,13041,,,,2,8699,,,,,,,,,,,,,,,,,,,,,,,,,,,,,,,,,,,,,,
173713,17-Sep-18,0:44:46,2018-09-17 00:44:46,G,2,147,4082,1745,0,6,-62.4707,-60.0688,47:13.1,FastGPS,-62.4707,-60.0688,,,6.5,0.1,,,,15,5,29110,,,,29,11334,,,,16,29521,,,,4,5804,,,,26,26276,,,,21,20623,,,,,,,,,,,,,,,,,,,,,,,,,,,,,,,,,,,,,,,,,,,,,,,,
173713,17-Sep-18,1:15:00,2018-09-17 01:15:00,G,3,147,4083,1745,1,6,-62.4715,-60.0656,17:27.1,FastGPS,-62.4715,-60.0656,,,5.8,0.1,,,,15,4,17605,,,,21,28,,,,20,32009,,,,26,31253,,,,29,31684,,,,13,20450,,,,,,,,,,,,,,,,,,,,,,,,,,,,,,,,,,,,,,,,,,,,,,,,
173713,17-Sep-18,9:47:56,2018-09-17 09:47:56,G,3,147,4084,,0,9,-62.4768,-59.974,50:23.2,FastGPS,-62.4768,-59.974,,1,9.2,0.2,,,,15,31,21897,,,,4,26676,,,,9,28775,,,,22,10200,,,,3,2571,,,,23,23682,,,,26,4920,,,,6,1672,,,,14,5180,,,,,,,,,,,,,,,,,,,,,,,,,,,,,,,,,
173713,17-Sep-18,10:19:24,2018-09-17 10:19:24,G,2,147,4085,1746,0,8,-62.4665,-60.0087,21:51.2,FastGPS,-62.4665,-60.0087,,1,6.8,0.2,,,,15,23,29088,,,,3,21029,,,,22,8606,,,,6,32126,,,,9,3699,,,,26,7322,,,,31,30936,,,,4,8823,,,,,,,,,,,,,,,,,,,,,,,,,,,,,,,,,,,,,,
173713,17-Sep-18,10:49:53,2018-09-17 10:49:53,G,2,147,4086,,0,9,-62.4556,-60.0367,52:20.2,FastGPS,-62.4556,-60.0367,,,7.1,0.2,,,,15,9,4100,,,,6,4376,,,,3,2997,,,,2,4915,,,,23,14491,,,,7,2693,,,,4,7634,,,,16,18221,,,,22,19806,,,,,,,,,,,,,,,,,,,,,,,,,,,,,,,,,
173713,17-Sep-18,11:40:48,2018-09-17 11:40:48,G,1,147,4087,1747,0,7,-62.4337,-60.0576,43:15.7,FastGPS,-62.4337,-60.0576,,,5.9,0.7,,,,15,7,14117,,,,23,5906,,,,16,16578,,,,9,10756,,,,2,3419,,,,26,30084,,,,6,29223,,,,,,,,,,,,,,,,,,,,,,,,,,,,,,,,,,,,,,,,,,,
173713,17-Sep-18,14:39:09,2018-09-17 14:39:09,G,3,147,4089,1748,0,7,-62.4349,-60.1345,41:36.2,FastGPS,-62.4349,-60.1345,,,10,0.2,,,,15,7,15256,,,,30,31086,,,,5,219,,,,28,23155,,,,27,18839,,,,13,21677,,,,8,18492,,,,,,,,,,,,,,,,,,,,,,,,,,,,,,,,,,,,,,,,,,,
173713,17-Sep-18,15:51:29,2018-09-17 15:51:29,G,2,147,4090,1749,0,7,-62.4505,-60.0998,53:56.7,FastGPS,-62.4505,-60.0998,,,8.8,0.7,,,,15,15,9954,,,,13,27273,,,,5,18896,,,,28,3083,,,,30,16195,,,,7,24060,,,,11,31523,,,,,,,,,,,,,,,,,,,,,,,,,,,,,,,,,,,,,,,,,,,
173713,17-Sep-18,16:28:17,2018-09-17 16:28:17,G,2,147,4091,1749,0,7,-62.4594,-60.0609,30:44.2,FastGPS,-62.4594,-60.0609,,,13.3,0.2,,,,15,15,5435,,,,30,24027,,,,28,21684,,,,17,25747,,,,13,7060,,,,24,15423,,,,18,4121,,,,,,,,,,,,,,,,,,,,,,,,,,,,,,,,,,,,,,,,,,,
173713,17-Sep-18,18:07:32,2018-09-17 18:07:32,G,2,147,4093,1750,0,4,-62.47,-60.09,9/18/2018 13:12,A,-62.4575,-60.0342,,,0.7,0.1,,,,15,15,15048,,,,12,3915,,,,24,27975,,,,17,17411,,,,,,,,,,,,,,,,,,,,,,,,,,,,,,,,,,,,,,,,,,,,,,,,,,,,,,,,,,
173713,18-Sep-18,1:08:00,2018-09-18 01:08:00,G,1,147,4096,1751,0,7,-62.4847,-60.01,10:27.2,FastGPS,-62.4847,-60.01,,,8.6,0.2,,,,15,5,17769,,,,29,28961,,,,4,10091,,,,21,12639,,,,16,7872,,,,26,21351,,,,20,5232,,,,,,,,,,,,,,,,,,,,,,,,,,,,,,,,,,,,,,,,,,,
173713,18-Sep-18,4:23:34,2018-09-18 04:23:34,G,2,147,4097,1751,0,6,-62.4815,-60.0241,26:01.2,FastGPS,-62.4815,-60.0241,,,6.7,0.2,,,,15,10,31277,,,,27,27458,,,,8,4161,,,,32,28445,,,,20,25955,,,,28,15811,,,,,,,,,,,,,,,,,,,,,,,,,,,,,,,,,,,,,,,,,,,,,,,,
173713,18-Sep-18,5:58:21,2018-09-18 05:58:21,G,1,147,4099,1751,0,7,-62.4672,-60.0474,00:48.6,FastGPS,-62.4672,-60.0474,,,8.4,0.6,,,,15,32,6850,,,,18,15000,,,,14,6966,,,,1,4485,,,,11,24319,,,,10,8473,,,,24,5804,,,,,,,,,,,,,,,,,,,,,,,,,,,,,,,,,,,,,,,,,,,
173713,18-Sep-18,7:01:22,2018-09-18 07:01:22,G,3,147,4101,1751,0,8,-62.4833,-60.0097,03:49.6,FastGPS,-62.4833,-60.0097,,,9.8,0.6,,,,15,22,9426,,,,3,12679,,,,1,24087,,,,11,31542,,,,32,30081,,,,18,19169,,,,17,2301,,,,14,27753,,,,,,,,,,,,,,,,,,,,,,,,,,,,,,,,,,,,,,
173713,18-Sep-18,7:33:30,2018-09-18 07:33:30,G,3,147,4102,,0,9,-62.4896,-59.9955,35:57.2,FastGPS,-62.4896,-59.9955,,,5.3,0.2,,,,15,17,19623,,,,32,8897,,,,31,11754,,,,14,13005,,,,1,25219,,,,18,14705,,,,22,10085,,,,11,29661,,,,3,26407,,,,,,,,,,,,,,,,,,,,,,,,,,,,,,,,,
173713,18-Sep-18,8:03:15,2018-09-18 08:03:15,G,3,147,4103,,0,9,-62.4919,-59.9981,05:42.7,FastGPS,-62.4919,-59.9981,,,7,0.7,,,,15,12,28505,,,,32,28077,,,,14,16787,,,,22,32609,,,,31,9087,,,,3,5672,,,,11,2088,,,,18,15454,,,,23,27291,,,,,,,,,,,,,,,,,,,,,,,,,,,,,,,,,
173713,18-Sep-18,8:33:24,2018-09-18 08:33:24,G,2,147,4104,,0,9,-62.4937,-59.9982,35:51.7,FastGPS,-62.4937,-59.9982,,,7,0.7,,,,15,17,3859,,,,31,20876,,,,12,3675,,,,14,30725,,,,23,21347,,,,1,12711,,,,22,31507,,,,18,7199,,,,6,7927,,,,,,,,,,,,,,,,,,,,,,,,,,,,,,,,,
173713,18-Sep-18,9:06:19,2018-09-18 09:06:19,G,6,147,4105,1751,0,8,-62.4806,-60.0068,08:46.2,FastGPS,-62.4806,-60.0068,,,8.4,0.2,,,,15,6,30025,,,,31,31860,,,,17,18882,,,,19,1414,,,,3,8147,,,,23,14808,,,,14,16092,,,,25,27280,,,,,,,,,,,,,,,,,,,,,,,,,,,,,,,,,,,,,,
173713,18-Sep-18,9:36:00,2018-09-18 09:36:00,G,5,147,4106,,0,9,-62.472,-60.0313,38:27.7,FastGPS,-62.472,-60.0313,,1,7.4,0.7,,,,15,31,19718,,,,22,21500,,,,3,31464,,,,23,22244,,,,9,14367,,,,6,1497,,,,19,30463,,,,4,16156,,,,17,9595,,,,,,,,,,,,,,,,,,,,,,,,,,,,,,,,,
173713,18-Sep-18,10:10:07,2018-09-18 10:10:07,G,5,147,4107,,0,9,-62.4679,-60.0725,12:33.6,FastGPS,-62.4679,-60.0725,,,8.4,-0.3,,,,15,3,11045,,,,23,506,,,,22,6308,,,,6,5404,,,,9,28853,,,,2,12120,,,,31,22708,,,,19,15202,,,,26,32524,,,,,,,,,,,,,,,,,,,,,,,,,,,,,,,,,
173713,18-Sep-18,11:16:00,2018-09-18 11:16:00,G,2,147,4108,1753,0,5,-62.4554,-60.1243,18:26.2,FastGPS,-62.4554,-60.1243,,,7.3,-0.8,,,,15,7,5082,,,,3,17550,,,,23,13651,,,,6,18489,,,,9,24863,,,,,,,,,,,,,,,,,,,,,,,,,,,,,,,,,,,,,,,,,,,,,,,,,,,,,
173713,18-Sep-18,11:46:00,2018-09-18 11:46:00,G,3,147,4109,1753,1,7,-62.4587,-60.1151,48:27.2,FastGPS,-62.4587,-60.1151,,1,4.6,0.2,,,,15,16,24659,,,,29,1747,,,,23,5155,,,,26,12595,,,,4,10411,,,,5,9456,,,,2,22511,,,,,,,,,,,,,,,,,,,,,,,,,,,,,,,,,,,,,,,,,,,
173713,18-Sep-18,18:28:33,2018-09-18 18:28:33,G,3,147,4110,1753,0,6,-62.4872,-59.9908,30:59.7,FastGPS,-62.4872,-59.9908,,,7.7,-0.3,,,,15,24,30193,,,,17,15718,,,,15,27275,,,,12,1278,,,,19,1211,,,,32,1096,,,,,,,,,,,,,,,,,,,,,,,,,,,,,,,,,,,,,,,,,,,,,,,,
173713,18-Sep-18,19:40:46,2018-09-18 19:40:46,G,3,147,4111,1753,0,7,-62.4832,-60.0204,43:12.2,FastGPS,-62.4832,-60.0204,,,10,-0.8,,,,15,12,30356,,,,17,23620,,,,24,7986,,,,32,15550,,,,25,19842,,,,6,17273,,,,19,11403,,,,,,,,,,,,,,,,,,,,,,,,,,,,,,,,,,,,,,,,,,,
173713,18-Sep-18,20:11:29,2018-09-18 20:11:29,G,3,147,4112,,0,9,-62.488,-60.0619,13:55.7,FastGPS,-62.488,-60.0619,,,10,-0.3,,,,15,12,32280,,,,19,15980,,,,24,18235,,,,14,16162,,,,17,20501,,,,25,5261,,,,22,27630,,,,3,31625,,,,32,4498,,,,,,,,,,,,,,,,,,,,,,,,,,,,,,,,,
173713,18-Sep-18,20:41:57,2018-09-18 20:41:57,G,2,147,4113,,0,9,-62.4896,-60.0801,44:23.2,FastGPS,-62.4896,-60.0801,,,11.6,-0.8,,,,15,12,27286,,,,32,9800,,,,31,15790,,,,24,27521,,,,29,24766,,,,14,18315,,,,2,27732,,,,25,30845,,,,6,10126,,,,,,,,,,,,,,,,,,,,,,,,,,,,,,,,,
173713,18-Sep-18,23:48:26,2018-09-18 23:48:26,G,1,147,4114,1753,0,7,-62.4724,-60.0596,50:53.3,FastGPS,-62.4724,-60.0596,,,10.2,0.3,,,,15,5,26034,,,,29,210,,,,2,10679,,,,31,3696,,,,4,5152,,,,25,15788,,,,26,14697,,,,,,,,,,,,,,,,,,,,,,,,,,,,,,,,,,,,,,,,,,,
173713,19-Sep-18,8:14:08,2018-09-19 08:14:08,G,2,147,4115,1755,0,5,-62.5114,-60.0255,16:35.7,FastGPS,-62.5114,-60.0255,,,2.1,0.7,,,,15,31,9280,,,,14,1236,,,,19,25536,,,,12,27944,,,,22,26746,,,,,,,,,,,,,,,,,,,,,,,,,,,,,,,,,,,,,,,,,,,,,,,,,,,,,
173713,19-Sep-18,8:45:35,2018-09-19 08:45:35,G,5,147,4116,,0,9,-62.5139,-60.0209,48:02.7,FastGPS,-62.5139,-60.0209,,,14.7,0.7,,,,15,17,29290,,,,19,30742,,,,31,12446,,,,3,23375,,,,6,17811,,,,14,6373,,,,12,23526,,,,23,352,,,,22,14923,,,,,,,,,,,,,,,,,,,,,,,,,,,,,,,,,
173713,19-Sep-18,9:31:46,2018-09-19 09:31:46,G,3,147,4117,1755,0,6,-62.5026,-60.0393,34:12.7,FastGPS,-62.5026,-60.0393,,,12.8,-0.3,,,,15,22,496,,,,3,10188,,,,23,296,,,,31,31561,,,,9,25581,,,,6,12618,,,,,,,,,,,,,,,,,,,,,,,,,,,,,,,,,,,,,,,,,,,,,,,,
173713,19-Sep-18,10:04:30,2018-09-19 10:04:30,G,1,147,4118,1755,0,8,-62.491,-60.0648,06:56.2,FastGPS,-62.491,-60.0648,,1,9.5,-0.8,,,,15,31,8773,,,,23,12714,,,,3,28876,,,,22,26549,,,,2,20455,,,,26,8825,,,,9,5201,,,,4,15182,,,,,,,,,,,,,,,,,,,,,,,,,,,,,,,,,,,,,,
173713,19-Sep-18,10:34:46,2018-09-19 10:34:46,G,3,147,4119,,0,9,-62.4839,-60.0655,37:13.7,FastGPS,-62.4839,-60.0655,,1,3.5,0.7,,,,15,23,7195,,,,4,22619,,,,26,6390,,,,31,20699,,,,3,17150,,,,9,10949,,,,7,19482,,,,16,12950,,,,6,688,,,,,,,,,,,,,,,,,,,,,,,,,,,,,,,,,
173713,19-Sep-18,11:05:00,2018-09-19 11:05:00,G,3,147,4120,,0,9,-62.474,-60.0779,07:26.2,FastGPS,-62.474,-60.0779,,,9.3,-0.8,,,,15,23,17135,,,,7,25946,,,,9,8231,,,,29,3797,,,,4,11353,,,,3,5255,,,,2,11261,,,,26,19482,,,,6,26057,,,,,,,,,,,,,,,,,,,,,,,,,,,,,,,,,
173713,19-Sep-18,11:35:27,2018-09-19 11:35:27,G,2,147,4121,1755,0,8,-62.4621,-60.1005,37:53.2,FastGPS,-62.4621,-60.1005,,,5.4,-0.8,,,,15,23,12258,,,,9,24706,,,,7,8100,,,,16,2717,,,,26,8858,,,,5,32390,,,,4,10891,,,,2,16099,,,,,,,,,,,,,,,,,,,,,,,,,,,,,,,,,,,,,,
173713,19-Sep-18,12:50:00,2018-09-19 12:50:00,G,4,147,4122,1757,0,4,-62.568,-60.018,9/20/2018 12:31,A,-62.4525,-60.1262,,,0.9,0.2,,,,15,16,13230,,,,5,20599,,,,26,28792,,,,27,12280,,,,,,,,,,,,,,,,,,,,,,,,,,,,,,,,,,,,,,,,,,,,,,,,,,,,,,,,,,
173713,19-Sep-18,13:20:00,2018-09-19 13:20:00,G,3,147,4123,1757,1,5,-62.4521,-60.1238,22:26.2,FastGPS,-62.4521,-60.1238,,,6.5,-0.8,,,,15,16,1952,,,,27,10984,,,,5,21378,,,,21,8539,,,,8,26368,,,,,,,,,,,,,,,,,,,,,,,,,,,,,,,,,,,,,,,,,,,,,,,,,,,,,
173713,19-Sep-18,13:50:00,2018-09-19 13:50:00,G,3,147,4124,1757,1,6,-62.4523,-60.1204,52:27.2,FastGPS,-62.4523,-60.1204,,,7.9,0.2,,,,15,5,19237,,,,27,14770,,,,13,7232,,,,21,28001,,,,16,768,,,,8,18429,,,,,,,,,,,,,,,,,,,,,,,,,,,,,,,,,,,,,,,,,,,,,,,,
173713,19-Sep-18,18:39:32,2018-09-19 18:39:32,G,2,147,4125,1757,0,7,-62.4717,-60.034,41:59.2,FastGPS,-62.4717,-60.034,,,10.3,0.2,,,,15,17,7679,,,,19,1110,,,,12,30763,,,,15,10561,,,,6,11177,,,,24,16316,,,,28,537,,,,,,,,,,,,,,,,,,,,,,,,,,,,,,,,,,,,,,,,,,,
173713,19-Sep-18,20:06:55,2018-09-19 20:06:55,G,2,147,4126,1758,0,7,-62.4776,-60.012,09:22.2,FastGPS,-62.4776,-60.012,,,8.4,0.2,,,,15,12,15248,,,,25,19679,,,,24,3147,,,,19,485,,,,6,5201,,,,17,5993,,,,32,20857,,,,,,,,,,,,,,,,,,,,,,,,,,,,,,,,,,,,,,,,,,,
173713,19-Sep-18,20:52:21,2018-09-19 20:52:21,G,1,147,4127,1758,0,7,-62.4831,-59.9789,54:48.7,FastGPS,-62.4831,-59.9789,,,10.8,0.7,,,,15,12,2581,,,,25,22129,,,,2,5166,,,,31,1692,,,,6,25839,,,,19,20627,,,,14,23926,,,,,,,,,,,,,,,,,,,,,,,,,,,,,,,,,,,,,,,,,,,
173713,19-Sep-18,21:24:53,2018-09-19 21:24:53,G,1,147,4128,1758,0,6,-62.4955,-59.9726,27:20.2,FastGPS,-62.4955,-59.9726,,,8.2,0.2,,,,15,12,26183,,,,2,9054,,,,31,10746,,,,29,11007,,,,25,27080,,,,14,2191,,,,,,,,,,,,,,,,,,,,,,,,,,,,,,,,,,,,,,,,,,,,,,,,
173713,19-Sep-18,21:58:23,2018-09-19 21:58:23,G,4,147,4129,1758,0,6,-62.501,-59.9506,00:50.2,FastGPS,-62.501,-59.9506,,1,4.2,0.2,,,,15,12,14944,,,,29,21799,,,,31,19006,,,,2,24301,,,,4,17155,,,,25,26888,,,,,,,,,,,,,,,,,,,,,,,,,,,,,,,,,,,,,,,,,,,,,,,,
173713,19-Sep-18,22:28:00,2018-09-19 22:28:00,G,3,147,4130,1758,0,8,-62.5148,-59.9351,30:27.2,FastGPS,-62.5148,-59.9351,,1,3.6,0.2,,,,15,12,14214,,,,31,29365,,,,25,10266,,,,4,25341,,,,5,6083,,,,26,13530,,,,29,14286,,,,2,6778,,,,,,,,,,,,,,,,,,,,,,,,,,,,,,,,,,,,,,
173713,19-Sep-18,22:59:52,2018-09-19 22:59:52,G,1,147,4131,,0,9,-62.5106,-59.9126,02:19.2,FastGPS,-62.5106,-59.9126,,,5.1,0.2,,,,15,12,6967,,,,29,29475,,,,31,9819,,,,5,21292,,,,4,13717,,,,26,20926,,,,23,14582,,,,25,4313,,,,2,21900,,,,,,,,,,,,,,,,,,,,,,,,,,,,,,,,,
173713,19-Sep-18,23:31:39,2018-09-19 23:31:39,G,1,147,4132,1758,0,8,-62.5161,-59.8926,34:06.7,FastGPS,-62.5161,-59.8926,,,16.2,0.7,,,,15,29,5916,,,,31,7045,,,,4,8417,,,,26,7104,,,,2,32160,,,,21,25850,,,,16,7615,,,,25,30293,,,,,,,,,,,,,,,,,,,,,,,,,,,,,,,,,,,,,,
173713,20-Sep-18,0:01:35,2018-09-20 00:01:35,G,2,147,4133,1758,0,6,-62.5236,-59.8718,04:02.3,FastGPS,-62.5236,-59.8718,,1,1.3,0.3,,,,15,4,18094,,,,5,30507,,,,26,10244,,,,16,707,,,,29,654,,,,31,27501,,,,,,,,,,,,,,,,,,,,,,,,,,,,,,,,,,,,,,,,,,,,,,,,
173713,20-Sep-18,0:31:00,2018-09-20 00:31:00,G,2,147,4134,1758,0,6,-62.5273,-59.8753,33:27.2,FastGPS,-62.5273,-59.8753,,1,10.5,0.3,,,,15,31,16126,,,,21,16562,,,,4,7753,,,,16,25694,,,,26,26770,,,,9,10279,,,,,,,,,,,,,,,,,,,,,,,,,,,,,,,,,,,,,,,,,,,,,,,,
173713,20-Sep-18,1:01:00,2018-09-20 01:01:00,G,1,147,4135,1758,1,5,-62.5286,-59.8696,03:27.2,FastGPS,-62.5286,-59.8696,,,4.1,0.2,,,,15,16,13621,,,,7,10177,,,,4,11390,,,,27,14297,,,,21,19333,,,,,,,,,,,,,,,,,,,,,,,,,,,,,,,,,,,,,,,,,,,,,,,,,,,,,
173713,20-Sep-18,1:31:00,2018-09-20 01:31:00,G,1,147,4136,1758,1,5,-62.5287,-59.8606,33:27.4,FastGPS,-62.5287,-59.8606,,,22.3,0.4,,,,15,7,81,,,,16,8281,,,,27,3899,,,,26,23020,,,,4,21769,,,,,,,,,,,,,,,,,,,,,,,,,,,,,,,,,,,,,,,,,,,,,,,,,,,,,
173713,20-Sep-18,2:01:00,2018-09-20 02:01:00,G,1,147,4137,1758,1,5,-62.5301,-59.86,03:27.2,FastGPS,-62.5301,-59.86,,,14.1,0.2,,,,15,27,7348,,,,16,17652,,,,7,6752,,,,30,25241,,,,21,14439,,,,,,,,,,,,,,,,,,,,,,,,,,,,,,,,,,,,,,,,,,,,,,,,,,,,,
173713,20-Sep-18,2:31:00,2018-09-20 02:31:00,G,1,147,4138,1758,1,5,-62.5306,-59.8538,33:27.2,FastGPS,-62.5306,-59.8538,,,0.5,0.2,,,,15,27,7522,,,,16,1066,,,,30,17660,,,,7,19788,,,,13,13675,,,,,,,,,,,,,,,,,,,,,,,,,,,,,,,,,,,,,,,,,,,,,,,,,,,,,
173713,20-Sep-18,3:01:00,2018-09-20 03:01:00,G,2,147,4139,1758,1,7,-62.5309,-59.8487,03:27.2,FastGPS,-62.5309,-59.8487,,,11.7,0.2,,,,15,8,18799,,,,16,20749,,,,7,1270,,,,30,11081,,,,27,18351,,,,10,22071,,,,13,10672,,,,,,,,,,,,,,,,,,,,,,,,,,,,,,,,,,,,,,,,,,,
173713,20-Sep-18,7:06:18,2018-09-20 07:06:18,G,2,147,4140,,0,9,-62.5346,-59.8215,08:45.2,FastGPS,-62.5346,-59.8215,,,6.1,0.2,,,,15,32,12824,,,,14,8275,,,,1,9338,,,,18,7047,,,,22,19799,,,,12,28653,,,,3,7065,,,,17,8952,,,,31,14746,,,,,,,,,,,,,,,,,,,,,,,,,,,,,,,,,
173713,20-Sep-18,7:37:01,2018-09-20 07:37:01,G,1,147,4141,,0,9,-62.5413,-59.8509,39:28.7,FastGPS,-62.5413,-59.8509,,,5.4,0.7,,,,15,17,27456,,,,31,24837,,,,18,16416,,,,3,31508,,,,22,27738,,,,1,17361,,,,14,31458,,,,32,6324,,,,11,32580,,,,,,,,,,,,,,,,,,,,,,,,,,,,,,,,,
173713,20-Sep-18,8:07:00,2018-09-20 08:07:00,G,3,147,4142,,0,9,-62.5501,-59.8766,09:27.2,FastGPS,-62.5501,-59.8766,,,12.3,0.2,,,,15,12,17238,,,,22,16343,,,,31,24199,,,,3,13918,,,,18,19893,,,,14,32709,,,,11,8842,,,,17,13768,,,,1,4229,,,,,,,,,,,,,,,,,,,,,,,,,,,,,,,,,
173713,20-Sep-18,8:59:24,2018-09-20 08:59:24,G,3,147,4143,,0,9,-62.5673,-59.8702,01:51.7,FastGPS,-62.5673,-59.8702,,,7.6,0.7,,,,15,31,22626,,,,19,22647,,,,6,24479,,,,3,30566,,,,22,15168,,,,17,3160,,,,12,26934,,,,23,8340,,,,14,1201,,,,,,,,,,,,,,,,,,,,,,,,,,,,,,,,,
173713,20-Sep-18,9:34:23,2018-09-20 09:34:23,G,3,147,4144,,0,9,-62.5653,-59.879,36:50.2,FastGPS,-62.5653,-59.879,,1,11,0.2,,,,15,31,26027,,,,22,15176,,,,23,20476,,,,3,4924,,,,6,31984,,,,9,24874,,,,25,32336,,,,4,23228,,,,26,552,,,,,,,,,,,,,,,,,,,,,,,,,,,,,,,,,
173713,20-Sep-18,10:04:00,2018-09-20 10:04:00,G,3,147,4145,,0,9,-62.5698,-59.9102,06:27.2,FastGPS,-62.5698,-59.9102,,1,10.9,0.2,,,,15,23,4563,,,,9,5400,,,,31,20857,,,,3,7857,,,,6,8688,,,,2,24153,,,,4,13593,,,,25,4300,,,,22,243,,,,,,,,,,,,,,,,,,,,,,,,,,,,,,,,,
173713,20-Sep-18,10:36:45,2018-09-20 10:36:45,G,2,147,4146,,0,9,-62.5771,-59.9368,39:12.2,FastGPS,-62.5771,-59.9368,,1,7.7,0.2,,,,15,23,8418,,,,26,22660,,,,9,28619,,,,4,1463,,,,16,8319,,,,6,30889,,,,3,31723,,,,31,2894,,,,7,22983,,,,,,,,,,,,,,,,,,,,,,,,,,,,,,,,,
173713,20-Sep-18,11:09:41,2018-09-20 11:09:41,G,4,147,4147,,0,9,-62.584,-59.9739,12:08.7,FastGPS,-62.584,-59.9739,,,3.4,0.7,,,,15,23,31107,,,,16,19603,,,,9,14403,,,,7,1220,,,,4,5449,,,,29,13615,,,,6,469,,,,26,20250,,,,3,29529,,,,,,,,,,,,,,,,,,,,,,,,,,,,,,,,,
173713,20-Sep-18,11:43:43,2018-09-20 11:43:43,G,7,147,4148,1759,0,8,-62.5758,-59.9944,46:10.7,FastGPS,-62.5758,-59.9944,,1,7.2,0.7,,,,15,2,32007,,,,23,4342,,,,29,16714,,,,7,22995,,,,26,22248,,,,16,17222,,,,9,16954,,,,4,16531,,,,,,,,,,,,,,,,,,,,,,,,,,,,,,,,,,,,,,
173713,20-Sep-18,12:17:14,2018-09-20 12:17:14,G,7,147,4149,,0,9,-62.5663,-59.9735,19:41.7,FastGPS,-62.5663,-59.9735,,1,7.1,0.7,,,,15,16,30956,,,,7,10643,,,,26,12174,,,,23,18432,,,,9,13533,,,,29,3439,,,,30,12372,,,,5,1995,,,,4,22945,,,,,,,,,,,,,,,,,,,,,,,,,,,,,,,,,
173713,20-Sep-18,12:50:09,2018-09-20 12:50:09,G,6,147,4150,1759,0,7,-62.5478,-59.9777,52:36.7,FastGPS,-62.5478,-59.9777,,,17.7,0.7,,,,15,7,6464,,,,16,16089,,,,9,29913,,,,30,17727,,,,23,6938,,,,5,9289,,,,27,6176,,,,,,,,,,,,,,,,,,,,,,,,,,,,,,,,,,,,,,,,,,,
173713,20-Sep-18,13:20:34,2018-09-20 13:20:34,G,3,147,4151,,0,9,-62.5308,-59.9859,23:01.7,FastGPS,-62.5308,-59.9859,,,2.1,0.7,,,,15,5,30219,,,,7,10533,,,,30,11634,,,,9,18686,,,,16,23916,,,,8,16628,,,,23,24201,,,,21,27466,,,,27,27039,,,,,,,,,,,,,,,,,,,,,,,,,,,,,,,,,
173713,20-Sep-18,13:50:16,2018-09-20 13:50:16,G,3,147,4152,1759,0,6,-62.5214,-59.9689,52:43.7,FastGPS,-62.5214,-59.9689,,,11.9,0.7,,,,15,7,5090,,,,30,3019,,,,5,7088,,,,28,25524,,,,21,25137,,,,13,14012,,,,,,,,,,,,,,,,,,,,,,,,,,,,,,,,,,,,,,,,,,,,,,,,
173713,20-Sep-18,14:20:00,2018-09-20 14:20:00,G,2,147,4153,1759,0,8,-62.5074,-59.9725,22:27.2,FastGPS,-62.5074,-59.9725,,,12.1,0.3,,,,15,7,22630,,,,5,31902,,,,27,10516,,,,30,17212,,,,28,7846,,,,8,26026,,,,13,17671,,,,9,10804,,,,,,,,,,,,,,,,,,,,,,,,,,,,,,,,,,,,,,
173713,20-Sep-18,14:51:14,2018-09-20 14:51:14,G,2,147,4154,1759,0,8,-62.4978,-59.991,53:41.2,FastGPS,-62.4978,-59.991,,,10.3,0.3,,,,15,7,2870,,,,13,31104,,,,15,30047,,,,28,4516,,,,30,21991,,,,27,26160,,,,21,18114,,,,8,19122,,,,,,,,,,,,,,,,,,,,,,,,,,,,,,,,,,,,,,
173713,20-Sep-18,15:24:59,2018-09-20 15:24:59,G,3,147,4155,,0,9,-62.4887,-59.9856,27:26.2,FastGPS,-62.4887,-59.9856,,,9.1,0.2,,,,15,5,17697,,,,13,22528,,,,28,12731,,,,30,26187,,,,8,2486,,,,7,26991,,,,15,31,,,,27,1450,,,,20,14238,,,,,,,,,,,,,,,,,,,,,,,,,,,,,,,,,
173713,20-Sep-18,15:55:00,2018-09-20 15:55:00,G,3,147,4156,1759,0,8,-62.4881,-59.9759,57:27.2,FastGPS,-62.4881,-59.9759,,,9.6,0.2,,,,15,11,21376,,,,7,2878,,,,30,19193,,,,13,11922,,,,8,19568,,,,17,3115,,,,15,10141,,,,28,6377,,,,,,,,,,,,,,,,,,,,,,,,,,,,,,,,,,,,,,
173713,20-Sep-18,16:29:44,2018-09-20 16:29:44,G,2,147,4157,,0,9,-62.4883,-59.9733,32:11.2,FastGPS,-62.4883,-59.9733,,,13.9,0.2,,,,15,15,30573,,,,20,12290,,,,17,31019,,,,13,19839,,,,10,19648,,,,30,7540,,,,11,21696,,,,28,13371,,,,18,3768,,,,,,,,,,,,,,,,,,,,,,,,,,,,,,,,,
173713,20-Sep-18,17:00:40,2018-09-20 17:00:40,G,3,147,4158,,0,9,-62.4882,-59.9722,03:07.2,FastGPS,-62.4882,-59.9722,,,8.8,0.2,,,,15,15,28509,,,,28,31561,,,,11,6780,,,,18,22699,,,,13,19550,,,,24,22577,,,,17,14227,,,,1,15569,,,,30,24005,,,,,,,,,,,,,,,,,,,,,,,,,,,,,,,,,
173713,20-Sep-18,17:34:48,2018-09-20 17:34:48,G,2,147,4159,1759,0,7,-62.4902,-59.9689,37:14.2,FastGPS,-62.4902,-59.9689,,,9.5,-0.8,,,,15,17,17617,,,,15,26233,,,,12,7114,,,,19,1959,,,,13,24834,,,,24,7336,,,,28,15370,,,,,,,,,,,,,,,,,,,,,,,,,,,,,,,,,,,,,,,,,,,
173713,20-Sep-18,18:22:47,2018-09-20 18:22:47,G,3,147,4160,1759,0,6,-62.4914,-59.9766,25:13.7,FastGPS,-62.4914,-59.9766,,,4.9,-0.3,,,,15,17,401,,,,15,4151,,,,12,28554,,,,19,25198,,,,28,10162,,,,24,19048,,,,,,,,,,,,,,,,,,,,,,,,,,,,,,,,,,,,,,,,,,,,,,,,
173713,20-Sep-18,18:53:23,2018-09-20 18:53:23,G,3,147,4161,1759,0,8,-62.4923,-59.978,55:49.2,FastGPS,-62.4923,-59.978,,,16.6,-0.8,,,,15,17,2751,,,,12,19163,,,,19,13643,,,,15,30588,,,,6,21090,,,,24,12300,,,,1,24829,,,,14,7352,,,,,,,,,,,,,,,,,,,,,,,,,,,,,,,,,,,,,,
173713,20-Sep-18,19:24:39,2018-09-20 19:24:39,G,3,147,4162,,0,9,-62.4948,-59.9939,27:05.7,FastGPS,-62.4948,-59.9939,,,9.8,-0.3,,,,15,17,4479,,,,6,8501,,,,19,4177,,,,12,31476,,,,25,3985,,,,24,7608,,,,32,26615,,,,22,14400,,,,3,14426,,,,,,,,,,,,,,,,,,,,,,,,,,,,,,,,,
173713,20-Sep-18,19:56:07,2018-09-20 19:56:07,G,3,147,4163,1759,0,8,-62.4909,-60.0247,58:33.3,FastGPS,-62.4909,-60.0247,,,8.8,-0.7,,,,15,6,23053,,,,12,7548,,,,19,13626,,,,2,4350,,,,32,24526,,,,25,25950,,,,24,22074,,,,14,20683,,,,,,,,,,,,,,,,,,,,,,,,,,,,,,,,,,,,,,
173713,20-Sep-18,21:26:47,2018-09-20 21:26:47,G,2,147,4166,1759,0,6,-62.4827,-59.9912,29:13.2,FastGPS,-62.4827,-59.9912,,,6.5,-0.7,,,,15,29,27254,,,,12,3781,,,,6,590,,,,25,24836,,,,2,10853,,,,19,4840,,,,,,,,,,,,,,,,,,,,,,,,,,,,,,,,,,,,,,,,,,,,,,,,
173713,20-Sep-18,22:31:13,2018-09-20 22:31:13,G,1,147,4167,1759,0,4,-62.472,-60.045,9/21/2018 10:57,R,-62.4799,-60.0062,,,0.8,-0.3,,,,15,29,1330,,,,2,29023,,,,25,2391,,,,31,2186,,,,,,,,,,,,,,,,,,,,,,,,,,,,,,,,,,,,,,,,,,,,,,,,,,,,,,,,,,
173713,20-Sep-18,23:01:00,2018-09-20 23:01:00,G,1,147,4168,,0,9,-62.4821,-60.0217,03:26.2,FastGPS,-62.4821,-60.0217,,,5.4,-0.8,,,,15,29,2662,,,,2,4812,,,,31,3914,,,,5,5428,,,,25,23340,,,,4,125,,,,12,17978,,,,9,7917,,,,21,11871,,,,,,,,,,,,,,,,,,,,,,,,,,,,,,,,,
173713,20-Sep-18,23:32:07,2018-09-20 23:32:07,G,2,147,4169,1759,0,8,-62.4869,-60.0429,34:33.7,FastGPS,-62.4869,-60.0429,,,13,-0.3,,,,15,5,19903,,,,29,11860,,,,31,2724,,,,2,19192,,,,26,29771,,,,21,26748,,,,4,27249,,,,25,20695,,,,,,,,,,,,,,,,,,,,,,,,,,,,,,,,,,,,,,
173713,21-Sep-18,0:17:00,2018-09-21 00:17:00,G,5,147,4170,1760,0,7,-62.4925,-60.0579,19:26.8,FastGPS,-62.4925,-60.0579,,1,9.1,-0.2,,,,15,29,25961,,,,5,26509,,,,21,28245,,,,26,4997,,,,4,27685,,,,16,9707,,,,9,19457,,,,,,,,,,,,,,,,,,,,,,,,,,,,,,,,,,,,,,,,,,,
173713,21-Sep-18,0:47:00,2018-09-21 00:47:00,G,5,147,4171,1760,0,8,-62.4808,-60.0496,49:26.2,FastGPS,-62.4808,-60.0496,,1,10.4,-0.8,,,,15,16,10284,,,,26,18307,,,,4,14353,,,,29,14681,,,,21,11682,,,,5,27257,,,,27,20772,,,,7,30347,,,,,,,,,,,,,,,,,,,,,,,,,,,,,,,,,,,,,,
173713,21-Sep-18,1:17:12,2018-09-21 01:17:12,G,2,147,4172,,0,9,-62.4745,-60.047,19:38.2,FastGPS,-62.4745,-60.047,,1,14.2,-0.8,,,,15,16,3864,,,,7,18038,,,,4,21406,,,,5,19506,,,,29,8725,,,,27,31145,,,,15,5791,,,,26,16180,,,,21,18087,,,,,,,,,,,,,,,,,,,,,,,,,,,,,,,,,
173713,21-Sep-18,2:17:00,2018-09-21 02:17:00,G,2,147,4174,1760,1,6,-62.4766,-60.0258,19:26.2,FastGPS,-62.4766,-60.0258,,,2.7,-0.8,,,,15,15,12569,,,,21,10551,,,,30,19956,,,,13,24803,,,,29,10200,,,,7,16116,,,,,,,,,,,,,,,,,,,,,,,,,,,,,,,,,,,,,,,,,,,,,,,,
173713,21-Sep-18,11:59:46,2018-09-21 11:59:46,G,1,147,4176,,0,9,-62.4594,-60.0354,02:13.3,FastGPS,-62.4594,-60.0354,,1,10.9,0.3,,,,15,5,14929,,,,9,4066,,,,7,6108,,,,29,30474,,,,16,2569,,,,4,1192,,,,23,6776,,,,2,32580,,,,26,17785,,,,,,,,,,,,,,,,,,,,,,,,,,,,,,,,,
173713,21-Sep-18,12:30:29,2018-09-21 12:30:29,G,1,147,4177,1760,0,6,-62.451,-60.0511,32:56.7,FastGPS,-62.451,-60.0511,,,3,0.7,,,,15,9,16233,,,,7,26117,,,,5,4912,,,,30,31956,,,,23,19883,,,,16,20144,,,,,,,,,,,,,,,,,,,,,,,,,,,,,,,,,,,,,,,,,,,,,,,,
173713,21-Sep-18,13:00:45,2018-09-21 13:00:45,G,4,147,4178,1760,0,8,-62.437,-60.0535,03:12.7,FastGPS,-62.437,-60.0535,,,11.4,0.7,,,,15,5,263,,,,7,7326,,,,27,11239,,,,23,28412,,,,30,27155,,,,16,1408,,,,13,11541,,,,9,5429,,,,,,,,,,,,,,,,,,,,,,,,,,,,,,,,,,,,,,
173713,21-Sep-18,13:33:42,2018-09-21 13:33:42,G,4,147,4179,1760,0,7,-62.4355,-60.0634,36:09.7,FastGPS,-62.4355,-60.0634,,,3.8,0.8,,,,15,7,26280,,,,5,9113,,,,30,17164,,,,28,25407,,,,27,27048,,,,8,14871,,,,16,24369,,,,,,,,,,,,,,,,,,,,,,,,,,,,,,,,,,,,,,,,,,,
173713,21-Sep-18,14:07:05,2018-09-21 14:07:05,G,2,147,4180,1760,0,7,-62.4376,-60.0648,09:31.3,FastGPS,-62.4376,-60.0648,,,12.9,-0.7,,,,15,30,29414,,,,7,29057,,,,28,11816,,,,5,28609,,,,13,2038,,,,21,15255,,,,9,615,,,,,,,,,,,,,,,,,,,,,,,,,,,,,,,,,,,,,,,,,,,
173713,21-Sep-18,14:39:15,2018-09-21 14:39:15,G,3,147,4181,1760,0,7,-62.4343,-60.0917,41:41.7,FastGPS,-62.4343,-60.0917,,,10.5,-0.2,,,,15,5,22096,,,,30,19110,,,,15,18491,,,,28,27595,,,,7,20746,,,,13,774,,,,21,21176,,,,,,,,,,,,,,,,,,,,,,,,,,,,,,,,,,,,,,,,,,,
173713,21-Sep-18,15:11:43,2018-09-21 15:11:43,G,1,147,4182,1760,0,8,-62.4434,-60.1157,14:09.3,FastGPS,-62.4434,-60.1157,,,2.5,-0.7,,,,15,7,15298,,,,30,28734,,,,5,4383,,,,13,26964,,,,8,26824,,,,15,14354,,,,28,4161,,,,27,11692,,,,,,,,,,,,,,,,,,,,,,,,,,,,,,,,,,,,,,
173713,21-Sep-18,15:58:55,2018-09-21 15:58:55,G,3,147,4183,1761,0,4,-62.455,-60.198,9/22/2018 13:39,R,-62.4431,-60.1212,,,0.4,-0.1,,,,15,15,3772,,,,30,29749,,,,13,12942,,,,28,15281,,,,,,,,,,,,,,,,,,,,,,,,,,,,,,,,,,,,,,,,,,,,,,,,,,,,,,,,,,
173713,21-Sep-18,16:29:00,2018-09-21 16:29:00,G,3,147,4184,1761,0,8,-62.4459,-60.1279,31:26.2,FastGPS,-62.4459,-60.1279,,,10,-0.7,,,,15,17,22045,,,,30,1402,,,,28,16466,,,,15,10392,,,,13,21277,,,,11,30932,,,,24,3731,,,,20,20412,,,,,,,,,,,,,,,,,,,,,,,,,,,,,,,,,,,,,,
173713,21-Sep-18,17:01:10,2018-09-21 17:01:10,G,2,147,4185,,0,9,-62.4404,-60.1325,03:36.7,FastGPS,-62.4404,-60.1325,,,15.9,-0.3,,,,15,17,32371,,,,28,19433,,,,11,4290,,,,15,29073,,,,13,6475,,,,10,27597,,,,19,10920,,,,24,9284,,,,20,2920,,,,,,,,,,,,,,,,,,,,,,,,,,,,,,,,,
173713,21-Sep-18,17:31:00,2018-09-21 17:31:00,G,2,147,4186,,0,9,-62.4421,-60.1281,33:26.3,FastGPS,-62.4421,-60.1281,,,6.9,-0.7,,,,15,17,14611,,,,15,22962,,,,12,5570,,,,19,4,,,,28,10093,,,,24,5453,,,,13,20765,,,,10,23668,,,,1,13539,,,,,,,,,,,,,,,,,,,,,,,,,,,,,,,,,
173713,21-Sep-18,18:01:00,2018-09-21 18:01:00,G,3,147,4187,,0,9,-62.4409,-60.1307,03:26.3,FastGPS,-62.4409,-60.1307,,,6,-0.7,,,,15,19,1848,,,,17,20619,,,,15,16172,,,,24,12449,,,,12,8718,,,,10,14842,,,,13,21197,,,,32,9694,,,,28,13269,,,,,,,,,,,,,,,,,,,,,,,,,,,,,,,,,
173713,21-Sep-18,18:31:36,2018-09-21 18:31:36,G,3,147,4188,1761,0,8,-62.4385,-60.1625,34:02.7,FastGPS,-62.4385,-60.1625,,,10.9,-0.3,,,,15,17,6851,,,,19,1628,,,,12,31693,,,,15,9775,,,,32,28420,,,,24,16960,,,,10,876,,,,6,12031,,,,,,,,,,,,,,,,,,,,,,,,,,,,,,,,,,,,,,
173713,21-Sep-18,19:03:39,2018-09-21 19:03:39,G,2,147,4189,1761,0,6,-62.4461,-60.198,06:05.2,FastGPS,-62.4461,-60.198,,,9.7,-0.8,,,,15,24,11204,,,,17,5243,,,,32,15489,,,,12,3773,,,,19,24526,,,,25,9120,,,,,,,,,,,,,,,,,,,,,,,,,,,,,,,,,,,,,,,,,,,,,,,,
173713,21-Sep-18,19:35:23,2018-09-21 19:35:23,G,2,147,4190,1761,0,5,-62.4609,-60.2176,37:49.3,FastGPS,-62.4609,-60.2176,,,0.8,-0.7,,,,15,12,21801,,,,24,4827,,,,19,13489,,,,17,7580,,,,25,30000,,,,,,,,,,,,,,,,,,,,,,,,,,,,,,,,,,,,,,,,,,,,,,,,,,,,,
173713,21-Sep-18,20:06:45,2018-09-21 20:06:45,G,3,147,4191,,0,9,-62.4618,-60.2556,09:11.3,FastGPS,-62.4618,-60.2556,,,7.9,-0.7,,,,15,19,3122,,,,17,24467,,,,12,11289,,,,6,8039,,,,24,32644,,,,25,8353,,,,2,5980,,,,3,11879,,,,22,26908,,,,,,,,,,,,,,,,,,,,,,,,,,,,,,,,,
173713,21-Sep-18,20:38:10,2018-09-21 20:38:10,G,3,147,4192,,0,9,-62.4668,-60.2875,40:36.8,FastGPS,-62.4668,-60.2875,,,11.3,-0.2,,,,15,12,29564,,,,29,10249,,,,6,16231,,,,25,30016,,,,19,28628,,,,2,4233,,,,32,29960,,,,14,20706,,,,3,31806,,,,,,,,,,,,,,,,,,,,,,,,,,,,,,,,,
173713,21-Sep-18,21:35:15,2018-09-21 21:35:15,G,1,147,4193,1762,0,8,-62.4748,-60.3263,37:41.2,FastGPS,-62.4748,-60.3263,,,5.3,-0.7,,,,15,31,18141,,,,29,3599,,,,12,27301,,,,4,14704,,,,25,25452,,,,2,16727,,,,14,28159,,,,6,22442,,,,,,,,,,,,,,,,,,,,,,,,,,,,,,,,,,,,,,
173713,21-Sep-18,22:05:00,2018-09-21 22:05:00,G,2,147,4194,1762,1,5,-62.4766,-60.3278,07:26.2,FastGPS,-62.4766,-60.3278,,,11.3,-0.8,,,,15,12,12003,,,,5,14307,,,,23,32125,,,,6,1487,,,,2,31481,,,,,,,,,,,,,,,,,,,,,,,,,,,,,,,,,,,,,,,,,,,,,,,,,,,,,
173713,21-Sep-18,22:35:00,2018-09-21 22:35:00,G,1,147,4195,1762,1,6,-62.4785,-60.3316,37:26.2,FastGPS,-62.4785,-60.3316,,,3.8,-0.8,,,,15,26,2847,,,,23,5893,,,,5,13972,,,,2,21685,,,,6,16860,,,,9,19573,,,,,,,,,,,,,,,,,,,,,,,,,,,,,,,,,,,,,,,,,,,,,,,,
173713,22-Sep-18,11:04:26,2018-09-22 11:04:26,G,4,147,4196,,0,9,-62.4639,-60.2915,06:53.3,FastGPS,-62.4639,-60.2915,,,12,0.3,,,,15,29,16469,,,,7,19265,,,,4,2652,,,,16,27014,,,,23,26116,,,,3,18376,,,,9,18699,,,,26,19739,,,,2,19969,,,,,,,,,,,,,,,,,,,,,,,,,,,,,,,,,
173713,22-Sep-18,11:36:50,2018-09-22 11:36:50,G,3,147,4197,,0,9,-62.4596,-60.2719,39:17.7,FastGPS,-62.4596,-60.2719,,,13.9,0.8,,,,15,7,30007,,,,9,16077,,,,29,14839,,,,5,25397,,,,23,32656,,,,16,17185,,,,4,12091,,,,2,31194,,,,30,17410,,,,,,,,,,,,,,,,,,,,,,,,,,,,,,,,,
173713,22-Sep-18,12:07:12,2018-09-22 12:07:12,G,2,147,4198,,0,9,-62.4615,-60.2452,09:39.3,FastGPS,-62.4615,-60.2452,,1,5.4,0.3,,,,15,7,11693,,,,30,10577,,,,9,21093,,,,5,32110,,,,29,11959,,,,16,2710,,,,26,21429,,,,4,203,,,,2,6004,,,,,,,,,,,,,,,,,,,,,,,,,,,,,,,,,
173713,22-Sep-18,12:41:14,2018-09-22 12:41:14,G,2,147,4199,1764,0,8,-62.4588,-60.2108,43:41.3,FastGPS,-62.4588,-60.2108,,,9.8,0.3,,,,15,7,17937,,,,16,28286,,,,5,19028,,,,23,21947,,,,30,28087,,,,9,10000,,,,27,13836,,,,26,5080,,,,,,,,,,,,,,,,,,,,,,,,,,,,,,,,,,,,,,
173713,22-Sep-18,13:13:50,2018-09-22 13:13:50,G,2,147,4200,1764,0,7,-62.4529,-60.1992,16:17.8,FastGPS,-62.4529,-60.1992,,,7.6,0.8,,,,15,7,11877,,,,5,1706,,,,30,18477,,,,9,13867,,,,16,20166,,,,8,23790,,,,27,31336,,,,,,,,,,,,,,,,,,,,,,,,,,,,,,,,,,,,,,,,,,,
173713,22-Sep-18,13:48:01,2018-09-22 13:48:01,G,4,147,4201,1764,0,5,-62.4524,-60.1987,50:28.7,FastGPS,-62.4524,-60.1987,,,4.5,0.8,,,,15,7,4243,,,,5,16718,,,,30,22579,,,,27,25963,,,,13,17426,,,,,,,,,,,,,,,,,,,,,,,,,,,,,,,,,,,,,,,,,,,,,,,,,,,,,
173713,22-Sep-18,14:20:21,2018-09-22 14:20:21,G,2,147,4202,1764,0,8,-62.4544,-60.1792,22:48.3,FastGPS,-62.4544,-60.1792,,,3.2,0.3,,,,15,5,9090,,,,13,6333,,,,7,20852,,,,30,9657,,,,28,9295,,,,27,29468,,,,8,127,,,,15,1831,,,,,,,,,,,,,,,,,,,,,,,,,,,,,,,,,,,,,,
173713,22-Sep-18,14:51:30,2018-09-22 14:51:30,G,2,147,4203,,0,9,-62.4494,-60.1586,53:57.8,FastGPS,-62.4494,-60.1586,,,9.2,0.8,,,,15,7,30173,,,,13,13554,,,,15,30363,,,,5,11560,,,,28,32259,,,,30,6389,,,,8,15604,,,,27,3226,,,,21,28009,,,,,,,,,,,,,,,,,,,,,,,,,,,,,,,,,
173713,22-Sep-18,15:21:03,2018-09-22 15:21:03,G,1,147,4204,1764,0,6,-62.4457,-60.1484,23:30.3,FastGPS,-62.4457,-60.1484,,,6.2,0.3,,,,15,30,21484,,,,7,13287,,,,5,8280,,,,28,28494,,,,15,22747,,,,13,295,,,,,,,,,,,,,,,,,,,,,,,,,,,,,,,,,,,,,,,,,,,,,,,,
173713,22-Sep-18,15:51:00,2018-09-22 15:51:00,G,1,147,4205,,0,9,-62.4438,-60.129,53:27.3,FastGPS,-62.4438,-60.129,,,11.3,0.3,,,,15,15,18188,,,,13,6299,,,,11,24852,,,,8,2842,,,,30,781,,,,7,11112,,,,28,4694,,,,20,242,,,,18,8907,,,,,,,,,,,,,,,,,,,,,,,,,,,,,,,,,
173713,22-Sep-18,16:36:10,2018-09-22 16:36:10,G,1,147,4206,,0,9,-62.4379,-60.1181,38:37.8,FastGPS,-62.4379,-60.1181,,,9.7,0.8,,,,15,15,32712,,,,17,20279,,,,24,30991,,,,1,5654,,,,13,7772,,,,30,894,,,,18,13300,,,,11,15295,,,,20,29478,,,,,,,,,,,,,,,,,,,,,,,,,,,,,,,,,
173713,22-Sep-18,17:09:57,2018-09-22 17:09:57,G,1,147,4207,,0,9,-62.442,-60.1045,12:24.3,FastGPS,-62.442,-60.1045,,,11.2,0.3,,,,15,17,6954,,,,15,17177,,,,28,9662,,,,11,22432,,,,18,24235,,,,1,21796,,,,10,31172,,,,19,32630,,,,13,24461,,,,,,,,,,,,,,,,,,,,,,,,,,,,,,,,,
173713,22-Sep-18,17:42:57,2018-09-22 17:42:57,G,3,147,4208,,0,9,-62.4547,-60.0841,45:24.3,FastGPS,-62.4547,-60.0841,,,11.5,0.3,,,,15,15,11537,,,,18,15876,,,,19,15389,,,,17,32356,,,,13,8429,,,,24,5997,,,,1,18157,,,,11,15952,,,,28,579,,,,,,,,,,,,,,,,,,,,,,,,,,,,,,,,,
173713,22-Sep-18,18:21:06,2018-09-22 18:21:06,G,3,147,4209,1765,0,4,-62.592,-60.027,9/23/2018 12:32,B,-62.4643,-60.0534,,,0.2,0.7,,,,15,12,26128,,,,17,747,,,,24,31399,,,,19,10659,,,,,,,,,,,,,,,,,,,,,,,,,,,,,,,,,,,,,,,,,,,,,,,,,,,,,,,,,,
173713,22-Sep-18,18:51:00,2018-09-22 18:51:00,G,4,147,4210,1765,0,7,-62.473,-60.0555,53:27.3,FastGPS,-62.473,-60.0555,,,3.4,0.3,,,,15,12,24792,,,,17,9442,,,,19,4461,,,,24,30871,,,,1,30851,,,,22,30777,,,,32,10707,,,,,,,,,,,,,,,,,,,,,,,,,,,,,,,,,,,,,,,,,,,
173713,22-Sep-18,19:28:42,2018-09-22 19:28:42,G,4,147,4211,1765,0,7,-62.4745,-60.0531,31:09.3,FastGPS,-62.4745,-60.0531,,,5.5,0.3,,,,15,12,12405,,,,24,5965,,,,32,25554,,,,19,13055,,,,25,14216,,,,6,5115,,,,17,13814,,,,,,,,,,,,,,,,,,,,,,,,,,,,,,,,,,,,,,,,,,,
173713,22-Sep-18,20:03:11,2018-09-22 20:03:11,G,2,147,4212,1765,0,7,-62.4823,-60.0495,05:38.7,FastGPS,-62.4823,-60.0495,,,8.7,0.8,,,,15,12,2570,,,,19,26266,,,,25,769,,,,6,774,,,,32,26456,,,,17,13986,,,,24,21566,,,,,,,,,,,,,,,,,,,,,,,,,,,,,,,,,,,,,,,,,,,
173713,22-Sep-18,20:33:17,2018-09-22 20:33:17,G,2,147,4213,,0,9,-62.4852,-60.0295,35:44.8,FastGPS,-62.4852,-60.0295,,,4.6,0.8,,,,15,31,29278,,,,25,31787,,,,14,24793,,,,6,21984,,,,12,2227,,,,29,9822,,,,32,2491,,,,2,6457,,,,19,4008,,,,,,,,,,,,,,,,,,,,,,,,,,,,,,,,,
173713,22-Sep-18,21:03:00,2018-09-22 21:03:00,G,2,147,4214,,0,9,-62.489,-60.0133,05:27.3,FastGPS,-62.489,-60.0133,,,9.8,0.3,,,,15,31,15838,,,,12,21365,,,,25,21673,,,,14,1457,,,,6,17312,,,,2,28454,,,,29,10511,,,,19,17651,,,,32,606,,,,,,,,,,,,,,,,,,,,,,,,,,,,,,,,,
173713,22-Sep-18,21:33:29,2018-09-22 21:33:29,G,2,147,4215,1765,0,7,-62.4835,-59.9951,35:55.7,FastGPS,-62.4835,-59.9951,,,4.8,-0.2,,,,15,12,13339,,,,31,14166,,,,2,10903,,,,25,17437,,,,29,2574,,,,4,15038,,,,14,9725,,,,,,,,,,,,,,,,,,,,,,,,,,,,,,,,,,,,,,,,,,,
173713,22-Sep-18,22:07:25,2018-09-22 22:07:25,G,2,147,4216,1765,0,7,-62.4813,-59.9899,09:51.8,FastGPS,-62.4813,-59.9899,,,8.6,-0.2,,,,15,29,8372,,,,2,31627,,,,31,4990,,,,25,1717,,,,23,16122,,,,6,16263,,,,12,28517,,,,,,,,,,,,,,,,,,,,,,,,,,,,,,,,,,,,,,,,,,,
173713,23-Sep-18,0:54:21,2018-09-23 00:54:21,G,1,147,4221,1765,0,8,-62.5191,-59.9892,56:47.3,FastGPS,-62.5191,-59.9892,,1,10.4,-0.7,,,,15,4,22419,,,,26,6297,,,,21,22057,,,,5,28365,,,,16,13494,,,,7,15007,,,,20,29898,,,,29,29475,,,,,,,,,,,,,,,,,,,,,,,,,,,,,,,,,,,,,,
173713,23-Sep-18,1:58:05,2018-09-23 01:58:05,G,1,147,4222,,0,9,-62.5417,-59.9861,00:31.2,FastGPS,-62.5417,-59.9861,,1,5.1,-0.8,,,,15,27,7681,,,,10,18812,,,,15,29279,,,,7,5095,,,,29,6532,,,,4,22695,,,,21,5994,,,,20,3456,,,,16,6699,,,,,,,,,,,,,,,,,,,,,,,,,,,,,,,,,
173713,23-Sep-18,3:02:00,2018-09-23 03:02:00,G,1,147,4224,,0,9,-62.5563,-59.9673,04:27.3,FastGPS,-62.5563,-59.9673,,,16.2,0.3,,,,15,15,31398,,,,27,7532,,,,21,27273,,,,8,8949,,,,10,5807,,,,13,28681,,,,30,9645,,,,20,2077,,,,7,1217,,,,,,,,,,,,,,,,,,,,,,,,,,,,,,,,,
173713,23-Sep-18,3:33:36,2018-09-23 03:33:36,G,1,147,4225,1767,0,7,-62.5626,-59.9588,36:02.3,FastGPS,-62.5626,-59.9588,,,9,-0.7,,,,15,10,22274,,,,15,28765,,,,27,19728,,,,20,29146,,,,13,24013,,,,8,9753,,,,21,1439,,,,,,,,,,,,,,,,,,,,,,,,,,,,,,,,,,,,,,,,,,,
173713,23-Sep-18,4:04:45,2018-09-23 04:04:45,G,2,147,4226,,0,9,-62.5686,-59.9526,07:11.3,FastGPS,-62.5686,-59.9526,,,8.4,-0.7,,,,15,27,2685,,,,8,17207,,,,32,14400,,,,10,10430,,,,15,1853,,,,20,1550,,,,18,22879,,,,11,25067,,,,28,1002,,,,,,,,,,,,,,,,,,,,,,,,,,,,,,,,,
173713,23-Sep-18,4:36:46,2018-09-23 04:36:46,G,3,147,4227,,0,9,-62.578,-59.9496,39:13.3,FastGPS,-62.578,-59.9496,,,7.7,0.3,,,,15,8,10312,,,,18,321,,,,10,20279,,,,15,5584,,,,11,5069,,,,27,8485,,,,32,22867,,,,20,7229,,,,1,10675,,,,,,,,,,,,,,,,,,,,,,,,,,,,,,,,,
173713,23-Sep-18,5:08:09,2018-09-23 05:08:09,G,1,147,4228,,0,9,-62.5872,-59.9556,10:36.8,FastGPS,-62.5872,-59.9556,,,6.8,0.8,,,,15,32,647,,,,10,24264,,,,14,1411,,,,8,21280,,,,28,7395,,,,27,17851,,,,11,27463,,,,1,15469,,,,18,20141,,,,,,,,,,,,,,,,,,,,,,,,,,,,,,,,,
173713,23-Sep-18,5:38:05,2018-09-23 05:38:05,G,1,147,4229,1767,0,6,-62.592,-59.9633,40:31.7,FastGPS,-62.592,-59.9633,,,8.5,-0.2,,,,15,32,21284,,,,10,22447,,,,18,29424,,,,14,21697,,,,11,6002,,,,24,20936,,,,,,,,,,,,,,,,,,,,,,,,,,,,,,,,,,,,,,,,,,,,,,,,
173713,23-Sep-18,6:09:22,2018-09-23 06:09:22,G,1,147,4230,1767,0,7,-62.5959,-59.9665,11:48.7,FastGPS,-62.5959,-59.9665,,,7,-0.3,,,,15,14,20635,,,,18,15418,,,,32,6511,,,,17,4185,,,,11,26298,,,,1,11402,,,,22,6762,,,,,,,,,,,,,,,,,,,,,,,,,,,,,,,,,,,,,,,,,,,
173713,23-Sep-18,6:40:25,2018-09-23 06:40:25,G,1,147,4231,,0,9,-62.6025,-59.9736,42:51.7,FastGPS,-62.6025,-59.9736,,,7.6,-0.2,,,,15,18,22089,,,,32,2432,,,,14,30484,,,,1,26583,,,,11,1793,,,,31,11978,,,,22,10156,,,,17,5981,,,,3,13359,,,,,,,,,,,,,,,,,,,,,,,,,,,,,,,,,
173713,23-Sep-18,7:10:11,2018-09-23 07:10:11,G,1,147,4232,,0,9,-62.6075,-59.9837,12:38.3,FastGPS,-62.6075,-59.9836,,,5.3,0.3,,,,15,17,1341,,,,3,32493,,,,11,18423,,,,1,9156,,,,18,3584,,,,22,20426,,,,12,3969,,,,32,2017,,,,14,31613,,,,,,,,,,,,,,,,,,,,,,,,,,,,,,,,,
173713,23-Sep-18,7:41:32,2018-09-23 07:41:32,G,1,147,4233,,0,9,-62.6087,-59.9881,43:58.3,FastGPS,-62.6087,-59.9881,,,7.9,-0.7,,,,15,1,5216,,,,31,26165,,,,12,17720,,,,11,26247,,,,17,3192,,,,18,6875,,,,3,24130,,,,22,20597,,,,23,7435,,,,,,,,,,,,,,,,,,,,,,,,,,,,,,,,,
173713,23-Sep-18,8:11:37,2018-09-23 08:11:37,G,2,147,4234,,0,9,-62.615,-60.0017,14:04.3,FastGPS,-62.615,-60.0017,,,5.2,0.3,,,,15,23,4974,,,,1,7429,,,,12,31010,,,,31,10218,,,,18,2224,,,,17,31621,,,,3,26132,,,,11,28767,,,,22,24244,,,,,,,,,,,,,,,,,,,,,,,,,,,,,,,,,
173713,23-Sep-18,8:41:00,2018-09-23 08:41:00,G,2,147,4235,1767,0,8,-62.6199,-60.0174,43:27.3,FastGPS,-62.6199,-60.0174,,,7.4,0.3,,,,15,31,17782,,,,3,26431,,,,22,24325,,,,23,13260,,,,6,31094,,,,17,21683,,,,19,25043,,,,1,13766,,,,,,,,,,,,,,,,,,,,,,,,,,,,,,,,,,,,,,
173713,23-Sep-18,9:11:01,2018-09-23 09:11:01,G,3,147,4236,1767,0,6,-62.6238,-60.0183,13:28.7,FastGPS,-62.6238,-60.0183,,,8.9,0.8,,,,15,31,21022,,,,22,29362,,,,3,30203,,,,23,2491,,,,19,1174,,,,17,21398,,,,,,,,,,,,,,,,,,,,,,,,,,,,,,,,,,,,,,,,,,,,,,,,
173713,23-Sep-18,9:41:00,2018-09-23 09:41:00,G,1,147,4237,1767,0,8,-62.6189,-60.0157,43:26.3,FastGPS,-62.6189,-60.0157,,1,3.9,-0.7,,,,15,31,26673,,,,3,9663,,,,4,25730,,,,26,14212,,,,22,18946,,,,6,7593,,,,23,32350,,,,9,10644,,,,,,,,,,,,,,,,,,,,,,,,,,,,,,,,,,,,,,
173713,23-Sep-18,10:11:00,2018-09-23 10:11:00,G,2,147,4238,,0,9,-62.6128,-60.0182,13:26.3,FastGPS,-62.6128,-60.0182,,1,6.3,-0.7,,,,15,23,19934,,,,6,16775,,,,31,29271,,,,3,20889,,,,9,4776,,,,4,24952,,,,22,20440,,,,7,22266,,,,26,2516,,,,,,,,,,,,,,,,,,,,,,,,,,,,,,,,,
173713,23-Sep-18,10:41:06,2018-09-23 10:41:06,G,2,147,4239,,0,9,-62.6053,-60.0245,43:32.8,FastGPS,-62.6053,-60.0245,,1,6.5,-0.2,,,,15,16,29125,,,,23,19748,,,,26,6289,,,,7,9503,,,,4,4491,,,,9,21972,,,,2,26534,,,,3,26778,,,,6,32616,,,,,,,,,,,,,,,,,,,,,,,,,,,,,,,,,
173713,23-Sep-18,11:14:04,2018-09-23 11:14:04,G,4,147,4240,,0,9,-62.6027,-60.0313,16:30.8,FastGPS,-62.6027,-60.0313,,,5.1,-0.2,,,,15,29,10371,,,,7,2340,,,,9,9028,,,,2,4143,,,,5,25107,,,,3,6194,,,,23,11477,,,,16,11587,,,,4,6004,,,,,,,,,,,,,,,,,,,,,,,,,,,,,,,,,
173713,23-Sep-18,11:44:04,2018-09-23 11:44:04,G,5,147,4241,1767,0,8,-62.6009,-60.0236,46:30.3,FastGPS,-62.6009,-60.0236,,,5.5,-0.7,,,,15,7,8587,,,,9,8822,,,,30,8905,,,,23,30497,,,,6,1723,,,,16,30091,,,,26,1017,,,,2,12812,,,,,,,,,,,,,,,,,,,,,,,,,,,,,,,,,,,,,,
173713,23-Sep-18,12:15:14,2018-09-23 12:15:14,G,7,147,4242,1767,0,8,-62.5919,-60.0124,17:40.3,FastGPS,-62.5919,-60.0124,,1,5.1,-0.7,,,,15,7,10965,,,,5,13500,,,,23,17274,,,,16,30244,,,,30,441,,,,26,20356,,,,9,31770,,,,4,27861,,,,,,,,,,,,,,,,,,,,,,,,,,,,,,,,,,,,,,
173713,23-Sep-18,12:45:00,2018-09-23 12:45:00,G,4,147,4243,1767,1,8,-62.592,-60.015,47:26.3,FastGPS,-62.592,-60.015,,,8.3,-0.7,,,,15,7,2436,,,,5,15962,,,,9,28541,,,,30,127,,,,23,30139,,,,2,31057,,,,13,8938,,,,16,22527,,,,,,,,,,,,,,,,,,,,,,,,,,,,,,,,,,,,,,
173713,23-Sep-18,13:16:09,2018-09-23 13:16:09,G,4,147,4244,1767,0,7,-62.5878,-60.0161,18:35.8,FastGPS,-62.5878,-60.0161,,,7.3,-0.2,,,,15,5,22340,,,,7,22361,,,,30,15419,,,,13,8794,,,,27,29515,,,,8,32179,,,,16,14767,,,,,,,,,,,,,,,,,,,,,,,,,,,,,,,,,,,,,,,,,,,
173713,23-Sep-18,13:48:02,2018-09-23 13:48:02,G,4,147,4245,,0,9,-62.5814,-60.0248,50:28.8,FastGPS,-62.5814,-60.0248,,,8,-0.2,,,,15,9,3707,,,,5,28480,,,,30,9288,,,,13,15850,,,,7,11244,,,,21,32196,,,,28,7344,,,,27,13222,,,,8,14851,,,,,,,,,,,,,,,,,,,,,,,,,,,,,,,,,
173713,23-Sep-18,14:18:00,2018-09-23 14:18:00,G,2,147,4246,1767,0,8,-62.5834,-60.0394,20:26.3,FastGPS,-62.5834,-60.0394,,,4.6,-0.7,,,,15,7,729,,,,30,26879,,,,15,28257,,,,28,1237,,,,5,22144,,,,13,29395,,,,21,6589,,,,27,14700,,,,,,,,,,,,,,,,,,,,,,,,,,,,,,,,,,,,,,
173713,23-Sep-18,14:48:06,2018-09-23 14:48:06,G,1,147,4247,1767,0,6,-62.5763,-60.0429,50:32.8,FastGPS,-62.5763,-60.0429,,,10.2,-0.2,,,,15,15,2141,,,,30,6268,,,,28,1894,,,,7,28644,,,,13,15650,,,,5,9080,,,,,,,,,,,,,,,,,,,,,,,,,,,,,,,,,,,,,,,,,,,,,,,,
173713,24-Sep-18,18:35:03,2018-09-24 18:35:03,G,2,147,4249,1767,0,6,-62.5707,-60.0872,37:29.3,FastGPS,-62.5707,-60.0872,,,7.6,-0.7,,,,15,12,13264,,,,24,14080,,,,19,13506,,,,17,7985,,,,32,5682,,,,6,12665,,,,,,,,,,,,,,,,,,,,,,,,,,,,,,,,,,,,,,,,,,,,,,,,
173713,24-Sep-18,19:09:41,2018-09-24 19:09:41,G,3,147,4250,1767,0,7,-62.5577,-60.0799,12:07.3,FastGPS,-62.5577,-60.0799,,,11.3,-0.7,,,,15,17,5399,,,,6,18962,,,,19,8975,,,,12,7467,,,,24,10890,,,,3,24987,,,,25,18233,,,,,,,,,,,,,,,,,,,,,,,,,,,,,,,,,,,,,,,,,,,
173713,24-Sep-18,19:40:00,2018-09-24 19:40:00,G,2,147,4251,,0,9,-62.5438,-60.0551,42:26.3,FastGPS,-62.5438,-60.0551,,,12.2,-0.7,,,,15,12,10679,,,,6,26543,,,,17,2713,,,,2,9905,,,,24,23457,,,,3,9019,,,,19,15796,,,,22,17985,,,,32,28173,,,,,,,,,,,,,,,,,,,,,,,,,,,,,,,,,
173713,24-Sep-18,20:10:32,2018-09-24 20:10:32,G,1,147,4252,,0,9,-62.5438,-60.0196,12:58.3,FastGPS,-62.5438,-60.0196,,,7.8,-0.7,,,,15,25,30280,,,,12,15717,,,,14,6568,,,,32,11097,,,,31,189,,,,6,26825,,,,2,18444,,,,17,17561,,,,19,25537,,,,,,,,,,,,,,,,,,,,,,,,,,,,,,,,,
173713,24-Sep-18,20:40:00,2018-09-24 20:40:00,G,1,147,4253,,0,9,-62.5279,-60.0121,42:26.3,FastGPS,-62.5279,-60.0121,,,6.9,-0.7,,,,15,12,5139,,,,25,19963,,,,2,12005,,,,31,14449,,,,24,23969,,,,3,5042,,,,6,30873,,,,19,1234,,,,29,1114,,,,,,,,,,,,,,,,,,,,,,,,,,,,,,,,,
173713,24-Sep-18,21:12:02,2018-09-24 21:12:02,G,2,147,4254,1767,0,8,-62.5153,-60.0241,14:28.3,FastGPS,-62.5153,-60.0241,,,13.4,-0.7,,,,15,12,17033,,,,29,17771,,,,25,10015,,,,2,29472,,,,6,13232,,,,31,9557,,,,19,13272,,,,14,20536,,,,,,,,,,,,,,,,,,,,,,,,,,,,,,,,,,,,,,
173713,24-Sep-18,21:42:00,2018-09-24 21:42:00,G,1,147,4255,1767,0,8,-62.5021,-60.0414,44:26.3,FastGPS,-62.5021,-60.0414,,,13.7,-0.7,,,,15,29,29538,,,,12,29696,,,,25,19297,,,,2,16491,,,,6,21116,,,,31,19953,,,,5,11432,,,,23,21639,,,,,,,,,,,,,,,,,,,,,,,,,,,,,,,,,,,,,,
173713,24-Sep-18,22:13:09,2018-09-24 22:13:09,G,2,147,4256,1767,0,6,-62.4909,-60.0351,15:35.3,FastGPS,-62.4909,-60.0351,,,11.2,-0.7,,,,15,29,8674,,,,2,8875,,,,12,8423,,,,25,15176,,,,5,8839,,,,31,12480,,,,,,,,,,,,,,,,,,,,,,,,,,,,,,,,,,,,,,,,,,,,,,,,
173713,25-Sep-18,0:37:17,2018-09-25 00:37:17,G,1,147,4260,1768,0,7,-62.4875,-59.9901,39:44.8,FastGPS,-62.4875,-59.9901,,1,4.3,0.8,,,,15,29,27664,,,,16,28094,,,,5,17411,,,,26,16275,,,,21,816,,,,4,6903,,,,27,20707,,,,,,,,,,,,,,,,,,,,,,,,,,,,,,,,,,,,,,,,,,,
173713,25-Sep-18,1:07:00,2018-09-25 01:07:00,G,1,147,4261,,0,9,-62.4826,-59.9809,09:26.3,FastGPS,-62.4826,-59.9809,,1,15.5,-0.7,,,,15,4,9048,,,,21,31223,,,,7,2025,,,,26,7893,,,,29,21257,,,,20,5,,,,16,13998,,,,5,6466,,,,27,29191,,,,,,,,,,,,,,,,,,,,,,,,,,,,,,,,,
173713,25-Sep-18,1:41:46,2018-09-25 01:41:46,G,2,147,4262,,0,9,-62.4755,-60.0137,44:13.8,FastGPS,-62.4755,-60.0137,,1,9.8,0.8,,,,15,15,32579,,,,13,11640,,,,21,8723,,,,20,6226,,,,16,12501,,,,29,5731,,,,4,19926,,,,26,5154,,,,10,7500,,,,,,,,,,,,,,,,,,,,,,,,,,,,,,,,,
173713,25-Sep-18,2:12:02,2018-09-25 02:12:02,G,2,147,4263,,0,9,-62.4633,-60.023,14:28.8,FastGPS,-62.4633,-60.023,,1,6.1,-0.2,,,,15,15,13202,,,,13,2599,,,,21,26627,,,,27,1320,,,,4,17288,,,,10,17010,,,,16,21098,,,,30,8289,,,,26,12355,,,,,,,,,,,,,,,,,,,,,,,,,,,,,,,,,
173713,25-Sep-18,2:42:29,2018-09-25 02:42:29,G,2,147,4264,1768,0,8,-62.4631,-60.0224,44:56.8,FastGPS,-62.4631,-60.0224,,,17.4,0.8,,,,15,21,7651,,,,15,29147,,,,20,2019,,,,27,212,,,,10,8280,,,,8,6250,,,,13,18592,,,,16,26860,,,,,,,,,,,,,,,,,,,,,,,,,,,,,,,,,,,,,,
173713,25-Sep-18,3:13:48,2018-09-25 03:13:48,G,2,147,4265,,0,9,-62.4657,-60.0586,16:15.8,FastGPS,-62.4657,-60.0586,,,13.4,0.8,,,,15,10,11628,,,,27,2380,,,,15,14777,,,,20,17224,,,,13,1261,,,,8,24766,,,,16,12349,,,,21,30032,,,,18,30721,,,,,,,,,,,,,,,,,,,,,,,,,,,,,,,,,
173713,25-Sep-18,3:44:35,2018-09-25 03:44:35,G,2,147,4266,1768,0,8,-62.4624,-60.0834,47:02.3,FastGPS,-62.4624,-60.0834,,,8.1,0.3,,,,15,10,23257,,,,20,10979,,,,27,10535,,,,8,23028,,,,15,10042,,,,18,27793,,,,32,6885,,,,21,20072,,,,,,,,,,,,,,,,,,,,,,,,,,,,,,,,,,,,,,
173713,25-Sep-18,4:14:00,2018-09-25 04:14:00,G,3,147,4267,,0,9,-62.4631,-60.0695,16:27.3,FastGPS,-62.4631,-60.0695,,,6.4,0.3,,,,15,10,12519,,,,20,28457,,,,8,29669,,,,11,31944,,,,15,26571,,,,18,28769,,,,32,4652,,,,27,240,,,,24,8300,,,,,,,,,,,,,,,,,,,,,,,,,,,,,,,,,
173713,25-Sep-18,4:44:25,2018-09-25 04:44:25,G,2,147,4268,,0,9,-62.4524,-60.0808,46:52.3,FastGPS,-62.4524,-60.0808,,,14.3,0.3,,,,15,10,27821,,,,20,19352,,,,32,19084,,,,11,22229,,,,27,19285,,,,18,16368,,,,22,23714,,,,28,3582,,,,1,17372,,,,,,,,,,,,,,,,,,,,,,,,,,,,,,,,,
173713,25-Sep-18,5:14:00,2018-09-25 05:14:00,G,1,147,4269,1768,0,8,-62.4506,-60.0846,16:27.3,FastGPS,-62.4506,-60.0846,,,5.4,0.3,,,,15,10,20054,,,,22,8372,,,,11,27283,,,,8,18913,,,,18,19022,,,,1,8108,,,,24,696,,,,28,1159,,,,,,,,,,,,,,,,,,,,,,,,,,,,,,,,,,,,,,
173713,25-Sep-18,5:44:00,2018-09-25 05:44:00,G,2,147,4270,,0,9,-62.4575,-60.0866,46:27.3,FastGPS,-62.4575,-60.0866,,,6.6,0.3,,,,15,1,30822,,,,11,19997,,,,22,1563,,,,32,2322,,,,18,9828,,,,17,26835,,,,10,3373,,,,28,30925,,,,14,5705,,,,,,,,,,,,,,,,,,,,,,,,,,,,,,,,,
173713,25-Sep-18,6:14:18,2018-09-25 06:14:18,G,1,147,4271,,0,9,-62.4591,-60.1015,16:45.3,FastGPS,-62.4591,-60.1015,,,10.5,0.3,,,,15,32,25202,,,,18,5944,,,,14,8638,,,,17,14351,,,,1,227,,,,3,2216,,,,11,17699,,,,8,22705,,,,10,8507,,,,,,,,,,,,,,,,,,,,,,,,,,,,,,,,,
173713,25-Sep-18,6:44:00,2018-09-25 06:44:00,G,1,147,4272,,0,9,-62.4581,-60.1298,46:27.8,FastGPS,-62.4581,-60.1298,,,7.1,0.8,,,,15,32,12624,,,,31,1314,,,,18,6613,,,,1,5414,,,,14,3711,,,,12,16891,,,,11,20258,,,,10,14426,,,,17,2806,,,,,,,,,,,,,,,,,,,,,,,,,,,,,,,,,
173713,25-Sep-18,7:37:47,2018-09-25 07:37:47,G,1,147,4273,1769,0,6,-62.4679,-60.1653,40:14.4,FastGPS,-62.4679,-60.1653,,,2.5,0.4,,,,15,31,10506,,,,22,26983,,,,1,2273,,,,18,29639,,,,32,9662,,,,3,7019,,,,,,,,,,,,,,,,,,,,,,,,,,,,,,,,,,,,,,,,,,,,,,,,
173713,25-Sep-18,9:10:32,2018-09-25 09:10:32,G,1,147,4276,,0,9,-62.4725,-60.2602,12:59.8,FastGPS,-62.4725,-60.2602,,,9.6,0.8,,,,15,23,23176,,,,9,25724,,,,31,8018,,,,3,20214,,,,25,12344,,,,19,17331,,,,22,4149,,,,6,2577,,,,17,22391,,,,,,,,,,,,,,,,,,,,,,,,,,,,,,,,,
173713,25-Sep-18,9:41:57,2018-09-25 09:41:57,G,2,147,4277,1769,0,7,-62.486,-60.285,44:24.4,FastGPS,-62.486,-60.285,,,8.2,0.4,,,,15,23,10793,,,,3,19411,,,,9,11240,,,,2,27669,,,,6,16227,,,,22,14292,,,,31,32010,,,,,,,,,,,,,,,,,,,,,,,,,,,,,,,,,,,,,,,,,,,
173713,25-Sep-18,11:15:41,2018-09-25 11:15:41,G,1,147,4280,1769,0,8,-62.5241,-60.3603,18:08.8,FastGPS,-62.5241,-60.3603,,,6.8,0.8,,,,15,23,11890,,,,7,10328,,,,16,22515,,,,9,3907,,,,2,26792,,,,6,31078,,,,26,16829,,,,4,16006,,,,,,,,,,,,,,,,,,,,,,,,,,,,,,,,,,,,,,
173713,25-Sep-18,11:46:10,2018-09-25 11:46:10,G,1,147,4281,,0,9,-62.5393,-60.3843,48:36.8,FastGPS,-62.5393,-60.3843,,1,6.6,-0.2,,,,15,7,22888,,,,30,6358,,,,5,1292,,,,9,5950,,,,26,18622,,,,29,2003,,,,16,9274,,,,2,1780,,,,4,1135,,,,,,,,,,,,,,,,,,,,,,,,,,,,,,,,,
173713,25-Sep-18,12:46:00,2018-09-25 12:46:00,G,1,147,4283,1769,0,8,-62.546,-60.4437,48:27.3,FastGPS,-62.546,-60.4437,,,8,0.3,,,,15,5,9347,,,,7,12392,,,,23,24841,,,,30,4974,,,,16,2247,,,,9,1165,,,,27,19626,,,,13,26608,,,,,,,,,,,,,,,,,,,,,,,,,,,,,,,,,,,,,,
173713,25-Sep-18,13:24:39,2018-09-25 13:24:39,G,1,147,4284,1769,0,7,-62.5545,-60.4827,27:06.3,FastGPS,-62.5545,-60.4827,,,8.6,0.3,,,,15,5,31093,,,,7,1236,,,,30,17109,,,,13,17180,,,,8,25297,,,,27,23902,,,,9,29647,,,,,,,,,,,,,,,,,,,,,,,,,,,,,,,,,,,,,,,,,,,
173713,25-Sep-18,14:46:17,2018-09-25 14:46:17,G,1,147,4285,,0,9,-62.5615,-60.5501,48:44.3,FastGPS,-62.5615,-60.5501,,,19.7,0.3,,,,15,5,2147,,,,28,3151,,,,30,7336,,,,7,12657,,,,13,9037,,,,15,10971,,,,27,167,,,,8,26755,,,,21,25638,,,,,,,,,,,,,,,,,,,,,,,,,,,,,,,,,
173713,25-Sep-18,15:18:01,2018-09-25 15:18:01,G,1,147,4286,1772,0,8,-62.5593,-60.5832,20:28.3,FastGPS,-62.5593,-60.5832,,,12.2,0.3,,,,15,30,831,,,,28,17887,,,,7,7472,,,,5,9957,,,,11,12546,,,,13,12278,,,,8,23188,,,,15,30379,,,,,,,,,,,,,,,,,,,,,,,,,,,,,,,,,,,,,,
173713,25-Sep-18,15:48:17,2018-09-25 15:48:17,G,1,147,4287,1772,0,8,-62.5584,-60.6172,50:44.3,FastGPS,-62.5584,-60.6172,,,3.7,0.3,,,,15,30,17100,,,,15,29999,,,,11,26314,,,,17,22645,,,,28,24694,,,,13,17985,,,,8,25362,,,,18,20001,,,,,,,,,,,,,,,,,,,,,,,,,,,,,,,,,,,,,,
173713,25-Sep-18,16:18:00,2018-09-25 16:18:00,G,1,147,4288,,0,9,-62.5538,-60.646,20:27.8,FastGPS,-62.5538,-60.646,,,8,0.8,,,,15,17,9237,,,,28,4132,,,,13,6118,,,,15,15082,,,,30,6435,,,,24,27230,,,,20,19257,,,,11,29337,,,,19,4831,,,,,,,,,,,,,,,,,,,,,,,,,,,,,,,,,
173713,25-Sep-18,16:48:00,2018-09-25 16:48:00,G,3,147,4289,,0,9,-62.5513,-60.6622,50:27.3,FastGPS,-62.5513,-60.6622,,,13,0.3,,,,15,17,126,,,,28,32568,,,,13,18890,,,,15,20079,,,,30,11431,,,,18,16915,,,,10,23502,,,,19,15154,,,,11,24730,,,,,,,,,,,,,,,,,,,,,,,,,,,,,,,,,
173713,25-Sep-18,17:18:00,2018-09-25 17:18:00,G,2,147,4290,1772,1,8,-62.5518,-60.6622,20:26.3,FastGPS,-62.5518,-60.6622,,,13.2,-0.7,,,,15,12,10148,,,,17,8834,,,,10,13043,,,,15,6433,,,,28,17124,,,,24,6853,,,,20,18865,,,,19,646,,,,,,,,,,,,,,,,,,,,,,,,,,,,,,,,,,,,,,
173713,25-Sep-18,18:36:31,2018-09-25 18:36:31,G,1,147,4291,1775,0,8,-62.5486,-60.6711,38:57.8,FastGPS,-62.5486,-60.6711,,,7.6,-0.2,,,,15,17,28172,,,,15,19260,,,,12,1939,,,,6,4022,,,,19,17558,,,,24,15176,,,,22,7794,,,,25,25637,,,,,,,,,,,,,,,,,,,,,,,,,,,,,,,,,,,,,,
173713,25-Sep-18,19:06:30,2018-09-25 19:06:30,G,2,147,4292,1775,0,8,-62.5344,-60.6834,08:56.8,FastGPS,-62.5344,-60.6834,,,10.3,-0.2,,,,15,17,8390,,,,19,15190,,,,12,19506,,,,6,28386,,,,25,1837,,,,32,14606,,,,24,18494,,,,22,31509,,,,,,,,,,,,,,,,,,,,,,,,,,,,,,,,,,,,,,
173713,25-Sep-18,19:36:00,2018-09-25 19:36:00,G,1,147,4293,,0,9,-62.5213,-60.6963,38:26.3,FastGPS,-62.5213,-60.6963,,,10.6,-0.7,,,,15,19,6314,,,,12,4476,,,,17,25124,,,,6,17148,,,,24,16374,,,,25,28147,,,,2,2547,,,,32,24170,,,,3,680,,,,,,,,,,,,,,,,,,,,,,,,,,,,,,,,,
173713,25-Sep-18,20:08:39,2018-09-25 20:08:39,G,2,147,4294,,0,9,-62.506,-60.6969,11:05.8,FastGPS,-62.506,-60.6969,,,13.2,-0.2,,,,15,12,14845,,,,6,24939,,,,19,15315,,,,29,23417,,,,2,26744,,,,3,17741,,,,17,3209,,,,25,6679,,,,24,30245,,,,,,,,,,,,,,,,,,,,,,,,,,,,,,,,,
173713,25-Sep-18,20:38:00,2018-09-25 20:38:00,G,1,147,4295,,0,9,-62.4981,-60.7003,40:26.3,FastGPS,-62.4981,-60.7003,,,9,-0.7,,,,15,6,19220,,,,29,7203,,,,19,15898,,,,12,27403,,,,2,10268,,,,25,19419,,,,32,799,,,,31,18635,,,,24,7659,,,,,,,,,,,,,,,,,,,,,,,,,,,,,,,,,
173713,25-Sep-18,21:08:26,2018-09-25 21:08:26,G,2,147,4296,1775,0,7,-62.4902,-60.7064,10:52.4,FastGPS,-62.4902,-60.7064,,,9.9,-0.6,,,,15,12,1207,,,,29,9298,,,,2,15050,,,,25,30950,,,,31,236,,,,6,29014,,,,14,9535,,,,,,,,,,,,,,,,,,,,,,,,,,,,,,,,,,,,,,,,,,,
173713,25-Sep-18,21:40:58,2018-09-25 21:40:58,G,3,147,4297,,0,9,-62.4908,-60.7349,43:24.8,FastGPS,-62.4908,-60.7349,,,4.5,-0.2,,,,15,31,32208,,,,12,21872,,,,29,12883,,,,25,22353,,,,2,17318,,,,4,17701,,,,26,28764,,,,23,32450,,,,5,25974,,,,,,,,,,,,,,,,,,,,,,,,,,,,,,,,,
173713,25-Sep-18,22:26:00,2018-09-25 22:26:00,G,6,147,4298,,1,9,-62.4907,-60.7373,28:26.3,FastGPS,-62.4907,-60.7373,,1,8,-0.7,,,,15,29,15135,,,,5,13032,,,,26,11824,,,,12,10447,,,,25,21509,,,,31,18863,,,,2,6878,,,,4,10533,,,,23,14952,,,,,,,,,,,,,,,,,,,,,,,,,,,,,,,,,
173713,25-Sep-18,22:58:02,2018-09-25 22:58:02,G,4,147,4299,,0,9,-62.4892,-60.7448,00:28.8,FastGPS,-62.4892,-60.7448,,,7.3,-0.2,,,,15,29,13436,,,,5,19829,,,,16,6329,,,,25,1272,,,,31,8916,,,,4,26551,,,,26,18209,,,,23,27422,,,,2,3621,,,,,,,,,,,,,,,,,,,,,,,,,,,,,,,,,
173713,25-Sep-18,23:30:47,2018-09-25 23:30:47,G,2,147,4300,,0,9,-62.4783,-60.7686,33:13.8,FastGPS,-62.4783,-60.7686,,,13.8,-0.2,,,,15,5,13831,,,,4,3599,,,,29,31190,,,,16,311,,,,26,23266,,,,2,29681,,,,31,14099,,,,25,10729,,,,21,4181,,,,,,,,,,,,,,,,,,,,,,,,,,,,,,,,,
173713,26-Sep-18,0:03:35,2018-09-26 00:03:35,G,2,147,4301,1776,0,7,-62.4643,-60.7773,06:01.3,FastGPS,-62.4643,-60.7773,,1,10,-0.6,,,,15,29,24377,,,,5,4630,,,,4,14202,,,,16,21639,,,,26,31077,,,,21,12131,,,,31,4451,,,,,,,,,,,,,,,,,,,,,,,,,,,,,,,,,,,,,,,,,,,
173713,26-Sep-18,0:51:07,2018-09-26 00:51:07,G,1,147,4302,1776,0,6,-62.4538,-60.8199,53:33.8,FastGPS,-62.4538,-60.8199,,1,9,-0.2,,,,15,29,18830,,,,4,30628,,,,21,2445,,,,16,24437,,,,26,21911,,,,20,896,,,,,,,,,,,,,,,,,,,,,,,,,,,,,,,,,,,,,,,,,,,,,,,,
173713,27-Sep-18,0:20:00,2018-09-27 00:20:00,G,2,148,4309,1778,0,6,-62.5546,-60.6208,22:26.8,FastGPS,-62.5546,-60.6208,,1,3.6,-1.1,,,,15,29,19985,,,,21,6498,,,,4,19440,,,,5,32539,,,,26,21843,,,,16,6475,,,,,,,,,,,,,,,,,,,,,,,,,,,,,,,,,,,,,,,,,,,,,,,,
173713,27-Sep-18,0:51:46,2018-09-27 00:51:46,G,2,148,4310,,0,9,-62.5469,-60.6482,54:12.8,FastGPS,-62.5469,-60.6482,,1,14,-1.2,,,,15,29,24429,,,,21,774,,,,5,6476,,,,16,20888,,,,4,8510,,,,15,16576,,,,27,13207,,,,20,12429,,,,26,3234,,,,,,,,,,,,,,,,,,,,,,,,,,,,,,,,,
173713,27-Sep-18,1:23:02,2018-09-27 01:23:02,G,4,148,4311,,0,9,-62.5353,-60.6736,25:28.4,FastGPS,-62.5353,-60.6736,,1,16.3,-1.6,,,,15,21,31366,,,,26,28947,,,,7,20325,,,,4,15237,,,,15,13027,,,,10,5460,,,,29,2210,,,,13,8260,,,,5,5211,,,,,,,,,,,,,,,,,,,,,,,,,,,,,,,,,
173713,27-Sep-18,1:53:00,2018-09-27 01:53:00,G,2,148,4312,1778,0,6,-62.5209,-60.6874,55:26.3,FastGPS,-62.5209,-60.6874,,,10.5,-1.6,,,,15,15,1503,,,,16,31930,,,,13,13299,,,,21,30496,,,,27,22740,,,,10,17529,,,,,,,,,,,,,,,,,,,,,,,,,,,,,,,,,,,,,,,,,,,,,,,,
173713,27-Sep-18,2:39:05,2018-09-27 02:39:05,G,1,148,4313,1779,0,7,-62.5001,-60.6995,41:31.4,FastGPS,-62.5001,-60.6995,,,8.3,-1.6,,,,15,15,13214,,,,21,3939,,,,27,24105,,,,13,26573,,,,10,7554,,,,7,12705,,,,20,20027,,,,,,,,,,,,,,,,,,,,,,,,,,,,,,,,,,,,,,,,,,,
173713,27-Sep-18,3:29:54,2018-09-27 03:29:54,G,4,148,4314,1780,0,8,-62.4871,-60.73,32:20.9,FastGPS,-62.4871,-60.73,,,7.3,-1.1,,,,15,10,26534,,,,27,29883,,,,15,28166,,,,8,25081,,,,20,29895,,,,28,22863,,,,21,23970,,,,11,15640,,,,,,,,,,,,,,,,,,,,,,,,,,,,,,,,,,,,,,
173713,27-Sep-18,4:49:20,2018-09-27 04:49:20,G,1,148,4315,,0,9,-62.46,-60.7829,51:46.3,FastGPS,-62.46,-60.7829,,,14.2,-1.7,,,,15,10,28391,,,,27,31612,,,,20,32391,,,,24,18219,,,,8,30886,,,,18,18627,,,,11,26096,,,,32,25819,,,,22,26911,,,,,,,,,,,,,,,,,,,,,,,,,,,,,,,,,
173713,27-Sep-18,5:20:35,2018-09-27 05:20:35,G,1,148,4316,,0,9,-62.4601,-60.8037,23:01.8,FastGPS,-62.4601,-60.8037,,,9.7,-1.2,,,,15,32,4959,,,,14,4400,,,,17,9863,,,,18,17306,,,,8,10726,,,,22,22624,,,,1,5746,,,,10,9436,,,,28,23245,,,,,,,,,,,,,,,,,,,,,,,,,,,,,,,,,
173713,27-Sep-18,5:54:36,2018-09-27 05:54:36,G,1,148,4317,,0,9,-62.4664,-60.8382,57:02.8,FastGPS,-62.4664,-60.8382,,,19,-1.2,,,,15,32,16823,,,,14,3768,,,,17,25944,,,,1,30800,,,,3,6136,,,,10,5809,,,,22,29479,,,,11,9412,,,,18,29706,,,,,,,,,,,,,,,,,,,,,,,,,,,,,,,,,
173713,27-Sep-18,6:56:58,2018-09-27 06:56:58,G,2,148,4319,,0,9,-62.5104,-60.846,59:24.4,FastGPS,-62.5104,-60.846,,,5.4,-1.6,,,,15,17,30512,,,,31,13869,,,,18,18364,,,,14,15575,,,,32,12276,,,,1,32003,,,,3,3859,,,,11,3001,,,,22,17381,,,,,,,,,,,,,,,,,,,,,,,,,,,,,,,,,
173713,27-Sep-18,8:47:56,2018-09-27 08:47:56,G,2,148,4322,,0,9,-62.5225,-60.8554,50:22.4,FastGPS,-62.5225,-60.8554,,1,13,-1.6,,,,15,31,21186,,,,3,32571,,,,25,22506,,,,23,13213,,,,6,28805,,,,4,23510,,,,26,25350,,,,14,27876,,,,1,29864,,,,,,,,,,,,,,,,,,,,,,,,,,,,,,,,,
173713,27-Sep-18,9:18:00,2018-09-27 09:18:00,G,1,148,4323,,0,9,-62.5224,-60.8484,20:27.8,FastGPS,-62.5224,-60.8484,,1,16.1,-0.2,,,,15,31,15459,,,,26,26726,,,,4,9564,,,,3,31496,,,,22,18466,,,,9,32386,,,,1,1253,,,,6,9579,,,,23,30968,,,,,,,,,,,,,,,,,,,,,,,,,,,,,,,,,
173713,27-Sep-18,10:08:11,2018-09-27 10:08:11,G,1,148,4324,,0,9,-62.5261,-60.8568,10:38.8,FastGPS,-62.5261,-60.8568,,,9.8,-0.1,,,,15,6,15981,,,,7,8347,,,,3,10844,,,,23,22039,,,,9,13889,,,,22,28516,,,,16,17380,,,,26,32370,,,,2,16736,,,,,,,,,,,,,,,,,,,,,,,,,,,,,,,,,
173713,27-Sep-18,11:50:55,2018-09-27 11:50:55,G,1,148,4327,1784,0,6,-62.5328,-60.8585,53:21.8,FastGPS,-62.5328,-60.8585,,,6.4,-1.1,,,,15,7,22433,,,,9,9127,,,,23,11168,,,,16,30276,,,,30,29989,,,,2,27388,,,,,,,,,,,,,,,,,,,,,,,,,,,,,,,,,,,,,,,,,,,,,,,,
173713,27-Sep-18,12:21:22,2018-09-27 12:21:22,G,1,148,4328,1784,0,7,-62.525,-60.8494,23:48.8,FastGPS,-62.525,-60.8494,,,1.5,-1.1,,,,15,9,18130,,,,7,144,,,,5,3451,,,,23,31813,,,,30,13227,,,,16,7482,,,,27,26939,,,,,,,,,,,,,,,,,,,,,,,,,,,,,,,,,,,,,,,,,,,
173713,27-Sep-18,13:18:01,2018-09-27 13:18:01,G,2,148,4329,1784,0,7,-62.5225,-60.8464,20:27.4,FastGPS,-62.5225,-60.8464,,,7.6,-1.6,,,,15,7,6379,,,,30,28745,,,,5,8188,,,,27,130,,,,28,2516,,,,9,29171,,,,8,4564,,,,,,,,,,,,,,,,,,,,,,,,,,,,,,,,,,,,,,,,,,,
173713,27-Sep-18,14:09:43,2018-09-27 14:09:43,G,2,148,4330,1784,0,8,-62.5225,-60.8467,12:09.9,FastGPS,-62.5225,-60.8467,,,8.8,-1.1,,,,15,7,7340,,,,5,11813,,,,30,27502,,,,13,28444,,,,15,9274,,,,28,10315,,,,8,809,,,,27,8095,,,,,,,,,,,,,,,,,,,,,,,,,,,,,,,,,,,,,,
173713,27-Sep-18,15:24:54,2018-09-27 15:24:54,G,1,148,4331,1784,0,6,-62.5289,-60.8557,27:20.4,FastGPS,-62.5289,-60.8557,,,13,-1.6,,,,15,30,16929,,,,11,11255,,,,7,32527,,,,28,511,,,,15,8657,,,,13,10440,,,,,,,,,,,,,,,,,,,,,,,,,,,,,,,,,,,,,,,,,,,,,,,,
173713,27-Sep-18,16:04:50,2018-09-27 16:04:50,G,1,148,4332,1784,0,7,-62.5239,-60.8463,07:16.4,FastGPS,-62.5239,-60.8463,,,7.4,-1.6,,,,15,28,12439,,,,13,18710,,,,15,12365,,,,17,20103,,,,19,15052,,,,18,13548,,,,30,26842,,,,,,,,,,,,,,,,,,,,,,,,,,,,,,,,,,,,,,,,,,,
173713,27-Sep-18,16:38:49,2018-09-27 16:38:49,G,2,148,4333,1784,0,7,-62.5284,-60.8557,41:15.4,FastGPS,-62.5284,-60.8557,,,12.8,-1.6,,,,15,28,25786,,,,17,20025,,,,15,12172,,,,10,13964,,,,13,13482,,,,20,17973,,,,30,5720,,,,,,,,,,,,,,,,,,,,,,,,,,,,,,,,,,,,,,,,,,,
173713,27-Sep-18,17:09:03,2018-09-27 17:09:03,G,1,148,4334,,0,9,-62.5431,-60.8691,11:29.3,FastGPS,-62.5431,-60.8691,,,9.3,-1.6,,,,15,17,11011,,,,18,2329,,,,15,12548,,,,24,9852,,,,12,10848,,,,1,7803,,,,11,13336,,,,19,1942,,,,13,2597,,,,,,,,,,,,,,,,,,,,,,,,,,,,,,,,,
173713,27-Sep-18,21:19:30,2018-09-27 21:19:30,G,2,148,4336,1784,0,6,-62.5675,-60.8348,21:56.3,FastGPS,-62.5675,-60.8348,,,7.1,-1.7,,,,15,31,23593,,,,12,16405,,,,25,9737,,,,2,1965,,,,29,19467,,,,4,6941,,,,,,,,,,,,,,,,,,,,,,,,,,,,,,,,,,,,,,,,,,,,,,,,
173713,27-Sep-18,22:39:06,2018-09-27 22:39:06,G,2,148,4337,1787,0,6,-62.5824,-60.872,41:32.4,FastGPS,-62.5824,-60.872,,,7.6,-1.6,,,,15,5,18662,,,,2,6108,,,,21,19690,,,,29,5755,,,,26,6661,,,,12,18590,,,,,,,,,,,,,,,,,,,,,,,,,,,,,,,,,,,,,,,,,,,,,,,,
173713,27-Sep-18,23:09:24,2018-09-27 23:09:24,G,1,148,4338,1787,0,8,-62.5813,-60.8807,11:50.4,FastGPS,-62.5813,-60.8807,,,8.4,-1.6,,,,15,29,30866,,,,4,459,,,,16,26520,,,,26,8686,,,,23,12950,,,,9,21840,,,,25,16923,,,,5,16956,,,,,,,,,,,,,,,,,,,,,,,,,,,,,,,,,,,,,,
173713,27-Sep-18,23:39:20,2018-09-27 23:39:20,G,2,148,4339,1787,0,7,-62.5838,-60.8743,41:46.9,FastGPS,-62.5838,-60.8743,,,11.8,-1.1,,,,15,29,30868,,,,5,15693,,,,26,17645,,,,4,15164,,,,21,13344,,,,31,10276,,,,16,32683,,,,,,,,,,,,,,,,,,,,,,,,,,,,,,,,,,,,,,,,,,,
173713,28-Sep-18,1:25:01,2018-09-28 01:25:01,G,1,148,4342,1788,0,7,-62.5744,-60.8592,27:27.8,FastGPS,-62.5744,-60.8592,,,4,-1.2,,,,15,7,7311,,,,21,12784,,,,16,21792,,,,27,29638,,,,20,25162,,,,30,15042,,,,26,25356,,,,,,,,,,,,,,,,,,,,,,,,,,,,,,,,,,,,,,,,,,,
173713,28-Sep-18,2:58:01,2018-09-28 02:58:01,G,1,148,4345,1788,0,7,-62.5744,-60.8583,00:27.4,FastGPS,-62.5744,-60.8583,,,5.6,-1.6,,,,15,10,7905,,,,27,8391,,,,8,23485,,,,21,12614,,,,20,22091,,,,30,15376,,,,13,15157,,,,,,,,,,,,,,,,,,,,,,,,,,,,,,,,,,,,,,,,,,,
173713,28-Sep-18,3:28:00,2018-09-28 03:28:00,G,3,148,4346,1788,0,8,-62.5747,-60.8581,30:26.4,FastGPS,-62.5747,-60.8581,,,13.1,-1.6,,,,15,10,20289,,,,15,16666,,,,8,21225,,,,20,17959,,,,27,18900,,,,18,16987,,,,11,17826,,,,21,4574,,,,,,,,,,,,,,,,,,,,,,,,,,,,,,,,,,,,,,
173713,28-Sep-18,4:45:05,2018-09-28 04:45:05,G,1,148,4347,,0,9,-62.5694,-60.84,47:31.4,FastGPS,-62.5694,-60.84,,,9.8,-1.6,,,,15,32,26038,,,,8,32209,,,,18,20158,,,,28,13398,,,,27,92,,,,14,23568,,,,11,27785,,,,24,20356,,,,1,11697,,,,,,,,,,,,,,,,,,,,,,,,,,,,,,,,,
173713,28-Sep-18,5:15:30,2018-09-28 05:15:30,G,2,148,4348,1791,0,7,-62.5604,-60.8403,17:56.9,FastGPS,-62.5604,-60.8403,,,10.7,-1.1,,,,15,10,28749,,,,20,1216,,,,24,21967,,,,32,19031,,,,14,15762,,,,27,17495,,,,18,32083,,,,,,,,,,,,,,,,,,,,,,,,,,,,,,,,,,,,,,,,,,,
173713,28-Sep-18,5:50:52,2018-09-28 05:50:52,G,1,148,4349,,0,9,-62.557,-60.838,53:18.4,FastGPS,-62.557,-60.838,,,7.6,-1.6,,,,15,32,6411,,,,14,26491,,,,18,18997,,,,17,18069,,,,11,31510,,,,3,29841,,,,22,20047,,,,10,26868,,,,1,21308,,,,,,,,,,,,,,,,,,,,,,,,,,,,,,,,,
173713,28-Sep-18,6:21:00,2018-09-28 06:21:00,G,2,148,4350,1791,0,8,-62.5479,-60.8416,23:26.9,FastGPS,-62.5479,-60.8416,,,4.6,-1.1,,,,15,32,23549,,,,14,21810,,,,1,22240,,,,17,4869,,,,22,8180,,,,18,13516,,,,11,27981,,,,3,14558,,,,,,,,,,,,,,,,,,,,,,,,,,,,,,,,,,,,,,
173713,28-Sep-18,7:25:27,2018-09-28 07:25:27,G,1,148,4352,,0,9,-62.5217,-60.8512,27:53.3,FastGPS,-62.5217,-60.8512,,,6.3,-1.6,,,,15,31,828,,,,17,1643,,,,3,2549,,,,12,17404,,,,22,20834,,,,14,24726,,,,1,28958,,,,18,22069,,,,32,1749,,,,,,,,,,,,,,,,,,,,,,,,,,,,,,,,,
173713,28-Sep-18,8:00:26,2018-09-28 08:00:26,G,2,148,4353,,0,9,-62.5229,-60.8479,02:53.4,FastGPS,-62.5229,-60.8479,,,12,-0.6,,,,15,31,18524,,,,3,3153,,,,23,15216,,,,17,10188,,,,22,11566,,,,19,20040,,,,14,18991,,,,1,9289,,,,12,20876,,,,,,,,,,,,,,,,,,,,,,,,,,,,,,,,,
173713,28-Sep-18,8:31:49,2018-09-28 08:31:49,G,1,148,4354,,0,9,-62.5218,-60.8506,34:15.8,FastGPS,-62.5218,-60.8506,,,7.8,-1.1,,,,15,31,30982,,,,22,13931,,,,3,9465,,,,23,8435,,,,14,17997,,,,17,1389,,,,9,9236,,,,1,18216,,,,25,28742,,,,,,,,,,,,,,,,,,,,,,,,,,,,,,,,,
173713,28-Sep-18,9:05:04,2018-09-28 09:05:04,G,2,148,4355,1791,0,7,-62.5174,-60.8474,07:30.3,FastGPS,-62.5174,-60.8474,,1,7,-1.6,,,,15,31,14059,,,,3,28050,,,,4,26046,,,,26,5346,,,,1,22193,,,,17,14965,,,,23,26093,,,,,,,,,,,,,,,,,,,,,,,,,,,,,,,,,,,,,,,,,,,
173713,28-Sep-18,9:35:04,2018-09-28 09:35:04,G,2,148,4356,,0,9,-62.5146,-60.8425,37:31.4,FastGPS,-62.5146,-60.8425,,1,8.9,-0.6,,,,15,31,9993,,,,3,31370,,,,4,20226,,,,23,10970,,,,9,26718,,,,22,17804,,,,26,18822,,,,2,14539,,,,6,16805,,,,,,,,,,,,,,,,,,,,,,,,,,,,,,,,,
173713,28-Sep-18,12:27:54,2018-09-28 12:27:54,G,1,148,4358,1791,0,6,-62.53,-60.8516,30:20.4,FastGPS,-62.53,-60.8516,,,0.5,-1.6,,,,15,5,10650,,,,7,22695,,,,9,30833,,,,23,30702,,,,30,32321,,,,13,14452,,,,,,,,,,,,,,,,,,,,,,,,,,,,,,,,,,,,,,,,,,,,,,,,
173713,28-Sep-18,13:00:19,2018-09-28 13:00:19,G,3,148,4359,1791,0,8,-62.5448,-60.8435,02:45.3,FastGPS,-62.5448,-60.8435,,,9.2,-1.7,,,,15,5,21609,,,,7,9931,,,,30,20783,,,,16,21992,,,,13,26469,,,,8,6364,,,,21,8066,,,,27,28289,,,,,,,,,,,,,,,,,,,,,,,,,,,,,,,,,,,,,,
173713,28-Sep-18,13:34:08,2018-09-28 13:34:08,G,1,148,4360,1791,0,8,-62.5541,-60.8288,36:34.4,FastGPS,-62.5541,-60.8288,,,10.3,-1.6,,,,15,7,18687,,,,27,6074,,,,30,8315,,,,5,18466,,,,9,26455,,,,28,1981,,,,21,31056,,,,8,21728,,,,,,,,,,,,,,,,,,,,,,,,,,,,,,,,,,,,,,
173713,28-Sep-18,16:26:36,2018-09-28 16:26:36,G,1,148,4364,,0,9,-62.5794,-60.8628,29:02.8,FastGPS,-62.5794,-60.8628,,,4.9,-1.2,,,,15,13,29796,,,,15,5409,,,,17,13247,,,,10,30228,,,,20,19816,,,,24,29644,,,,28,6422,,,,19,20373,,,,11,11144,,,,,,,,,,,,,,,,,,,,,,,,,,,,,,,,,
173713,28-Sep-18,17:09:44,2018-09-28 17:09:44,G,1,148,4365,,0,9,-62.5847,-60.9001,12:10.4,FastGPS,-62.5847,-60.9001,,,7.3,-1.6,,,,15,17,8660,,,,19,8214,,,,12,21284,,,,15,24183,,,,10,3541,,,,24,12110,,,,28,26074,,,,20,2453,,,,13,3828,,,,,,,,,,,,,,,,,,,,,,,,,,,,,,,,,
173713,28-Sep-18,17:40:00,2018-09-28 17:40:00,G,1,148,4366,,0,9,-62.5824,-60.9291,42:26.4,FastGPS,-62.5824,-60.9291,,,6.5,-1.6,,,,15,17,15220,,,,19,15871,,,,15,20583,,,,12,3486,,,,32,7317,,,,10,30921,,,,24,23456,,,,13,13328,,,,18,11855,,,,,,,,,,,,,,,,,,,,,,,,,,,,,,,,,
173713,28-Sep-18,19:02:30,2018-09-28 19:02:30,G,2,148,4368,,0,9,-62.6053,-61.0002,04:56.8,FastGPS,-62.6053,-61.0002,,,11.4,-1.2,,,,15,17,31631,,,,12,25466,,,,32,12169,,,,14,28382,,,,25,29460,,,,19,27364,,,,3,11982,,,,22,28364,,,,24,23701,,,,,,,,,,,,,,,,,,,,,,,,,,,,,,,,,
173713,28-Sep-18,19:32:46,2018-09-28 19:32:46,G,1,148,4369,,0,9,-62.6057,-60.9748,35:12.4,FastGPS,-62.6057,-60.9748,,,7.1,-1.6,,,,15,12,7338,,,,2,10901,,,,6,28572,,,,19,12531,,,,17,11826,,,,24,14614,,,,32,13890,,,,3,7109,,,,25,26357,,,,,,,,,,,,,,,,,,,,,,,,,,,,,,,,,
173713,28-Sep-18,20:33:07,2018-09-28 20:33:07,G,1,148,4371,,0,9,-62.615,-60.9719,35:33.8,FastGPS,-62.615,-60.9719,,,10.8,-1.1,,,,15,29,26645,,,,25,19056,,,,12,493,,,,31,1885,,,,6,26938,,,,2,15676,,,,19,3873,,,,32,28481,,,,14,21980,,,,,,,,,,,,,,,,,,,,,,,,,,,,,,,,,
173713,28-Sep-18,21:03:00,2018-09-28 21:03:00,G,2,148,4372,1791,0,7,-62.6158,-60.9912,05:26.4,FastGPS,-62.6158,-60.9912,,,9.9,-1.6,,,,15,12,6908,,,,31,13025,,,,2,13562,,,,25,26988,,,,29,27924,,,,6,2186,,,,19,21260,,,,,,,,,,,,,,,,,,,,,,,,,,,,,,,,,,,,,,,,,,,
173713,28-Sep-18,21:33:00,2018-09-28 21:33:00,G,1,148,4373,1791,0,8,-62.6102,-61.0122,35:26.3,FastGPS,-62.6102,-61.0122,,,12.4,-1.6,,,,15,12,9770,,,,25,22303,,,,29,29635,,,,31,10505,,,,2,16773,,,,23,13253,,,,6,67,,,,5,12870,,,,,,,,,,,,,,,,,,,,,,,,,,,,,,,,,,,,,,
173713,28-Sep-18,22:03:00,2018-09-28 22:03:00,G,1,148,4374,1791,0,7,-62.6095,-61.0365,05:26.3,FastGPS,-62.6095,-61.0365,,,8.9,-1.6,,,,15,5,8247,,,,12,26839,,,,29,3416,,,,2,4659,,,,31,30226,,,,25,15288,,,,26,2725,,,,,,,,,,,,,,,,,,,,,,,,,,,,,,,,,,,,,,,,,,,
173713,28-Sep-18,22:33:12,2018-09-28 22:33:12,G,2,148,4375,,0,9,-62.6068,-61.0497,35:39.8,FastGPS,-62.6068,-61.0497,,,8.9,-0.1,,,,15,31,3697,,,,29,9791,,,,26,5284,,,,5,17410,,,,23,14306,,,,9,19126,,,,25,7469,,,,2,16482,,,,12,31172,,,,,,,,,,,,,,,,,,,,,,,,,,,,,,,,,
173713,28-Sep-18,23:03:19,2018-09-28 23:03:19,G,1,148,4376,1791,0,6,-62.6072,-61.0241,05:45.4,FastGPS,-62.6072,-61.0241,,,11.9,-1.6,,,,15,29,15700,,,,5,29523,,,,25,7538,,,,9,6577,,,,21,26702,,,,2,1530,,,,,,,,,,,,,,,,,,,,,,,,,,,,,,,,,,,,,,,,,,,,,,,,
173713,28-Sep-18,23:48:21,2018-09-28 23:48:21,G,2,148,4377,1792,0,6,-62.5957,-61.0056,50:47.9,FastGPS,-62.5957,-61.0056,,,5.2,-1.1,,,,15,26,8668,,,,16,24586,,,,21,12589,,,,5,19022,,,,29,9614,,,,31,29745,,,,,,,,,,,,,,,,,,,,,,,,,,,,,,,,,,,,,,,,,,,,,,,,
173713,29-Sep-18,0:18:35,2018-09-29 00:18:35,G,3,148,4378,1792,0,7,-62.6053,-60.9933,21:02.9,FastGPS,-62.6053,-60.9933,,,7.8,-0.1,,,,15,16,23093,,,,26,17506,,,,21,25288,,,,7,13537,,,,29,27368,,,,5,17386,,,,27,11675,,,,,,,,,,,,,,,,,,,,,,,,,,,,,,,,,,,,,,,,,,,
173713,29-Sep-18,1:06:35,2018-09-29 01:06:35,G,1,148,4379,1793,0,8,-62.6124,-60.9943,09:01.4,FastGPS,-62.6124,-60.9943,,,16.3,-1.6,,,,15,27,1867,,,,21,8901,,,,29,14025,,,,26,577,,,,20,31410,,,,16,22708,,,,15,25822,,,,7,26642,,,,,,,,,,,,,,,,,,,,,,,,,,,,,,,,,,,,,,
173713,29-Sep-18,1:36:31,2018-09-29 01:36:31,G,4,148,4380,1793,0,8,-62.6098,-60.993,38:58.8,FastGPS,-62.6098,-60.993,,,6.1,-0.2,,,,15,15,1305,,,,27,21548,,,,7,7549,,,,21,477,,,,10,1206,,,,30,21521,,,,20,11777,,,,16,5729,,,,,,,,,,,,,,,,,,,,,,,,,,,,,,,,,,,,,,
173713,29-Sep-18,2:21:04,2018-09-29 02:21:04,G,1,148,4381,1794,0,7,-62.5942,-60.9981,23:31.4,FastGPS,-62.5942,-60.9981,,,7,-0.6,,,,15,15,24309,,,,10,26799,,,,13,27885,,,,27,32018,,,,21,24385,,,,20,32661,,,,16,18851,,,,,,,,,,,,,,,,,,,,,,,,,,,,,,,,,,,,,,,,,,,
173713,29-Sep-18,3:08:11,2018-09-29 03:08:11,G,2,148,4382,1795,0,8,-62.5877,-61.0026,10:38.4,FastGPS,-62.5877,-61.0026,,,15,-0.6,,,,15,8,1557,,,,15,14093,,,,27,11381,,,,10,9683,,,,18,28423,,,,20,16714,,,,21,20946,,,,13,15100,,,,,,,,,,,,,,,,,,,,,,,,,,,,,,,,,,,,,,
173713,29-Sep-18,3:39:19,2018-09-29 03:39:19,G,1,148,4383,1795,0,8,-62.6012,-60.991,41:46.3,FastGPS,-62.6012,-60.991,,,8.4,-0.6,,,,15,18,31244,,,,8,25208,,,,10,13994,,,,15,4104,,,,11,418,,,,27,11023,,,,20,5077,,,,28,5184,,,,,,,,,,,,,,,,,,,,,,,,,,,,,,,,,,,,,,
173713,29-Sep-18,4:09:00,2018-09-29 04:09:00,G,1,148,4384,,0,9,-62.6052,-60.9972,11:27.3,FastGPS,-62.6052,-60.9972,,,17.2,-0.7,,,,15,10,16773,,,,20,7889,,,,28,7811,,,,8,10801,,,,18,23303,,,,11,27930,,,,32,1447,,,,27,15316,,,,1,29749,,,,,,,,,,,,,,,,,,,,,,,,,,,,,,,,,
173713,29-Sep-18,4:39:00,2018-09-29 04:39:00,G,2,148,4385,,0,9,-62.6082,-61.0073,41:26.3,FastGPS,-62.6082,-61.0073,,,7.1,-1.6,,,,15,18,275,,,,1,21241,,,,28,31015,,,,32,3433,,,,11,7868,,,,10,18656,,,,8,21040,,,,27,25064,,,,14,30218,,,,,,,,,,,,,,,,,,,,,,,,,,,,,,,,,
173713,29-Sep-18,6:45:14,2018-09-29 06:45:14,G,1,148,4389,,0,9,-62.5815,-60.9638,47:40.8,FastGPS,-62.5815,-60.9638,,,12.6,-1.2,,,,15,32,5599,,,,14,1253,,,,17,10617,,,,3,7645,,,,11,26229,,,,12,5178,,,,1,15876,,,,31,13650,,,,22,26493,,,,,,,,,,,,,,,,,,,,,,,,,,,,,,,,,
173713,29-Sep-18,7:18:00,2018-09-29 07:18:00,G,2,148,4390,,0,9,-62.579,-60.9413,20:26.8,FastGPS,-62.579,-60.9413,,,5.5,-1.1,,,,15,17,13730,,,,3,3423,,,,32,23336,,,,31,31475,,,,1,10804,,,,14,8736,,,,22,28133,,,,12,23884,,,,19,6816,,,,,,,,,,,,,,,,,,,,,,,,,,,,,,,,,
173713,29-Sep-18,7:49:28,2018-09-29 07:49:28,G,1,148,4391,,0,9,-62.58,-60.9113,51:54.4,FastGPS,-62.58,-60.9113,,,11.4,-1.6,,,,15,17,28991,,,,19,18496,,,,12,28187,,,,32,27036,,,,3,29253,,,,31,8948,,,,22,19912,,,,6,5959,,,,25,32551,,,,,,,,,,,,,,,,,,,,,,,,,,,,,,,,,
173713,29-Sep-18,8:20:14,2018-09-29 08:20:14,G,2,148,4392,1795,0,8,-62.5813,-60.8765,22:40.8,FastGPS,-62.5813,-60.8765,,,8.5,-1.1,,,,15,31,23081,,,,3,1957,,,,6,22670,,,,22,22548,,,,19,1046,,,,12,6047,,,,17,20274,,,,25,19402,,,,,,,,,,,,,,,,,,,,,,,,,,,,,,,,,,,,,,
173713,29-Sep-18,8:56:07,2018-09-29 08:56:07,G,1,148,4393,,0,9,-62.5846,-60.8578,58:33.4,FastGPS,-62.5846,-60.8578,,,24.8,-1.6,,,,15,6,24358,,,,22,10117,,,,31,18696,,,,23,10064,,,,19,30757,,,,26,13864,,,,3,31010,,,,25,24722,,,,17,31222,,,,,,,,,,,,,,,,,,,,,,,,,,,,,,,,,
173713,29-Sep-18,9:26:20,2018-09-29 09:26:20,G,1,148,4394,1795,0,8,-62.5705,-60.855,28:46.8,FastGPS,-62.5705,-60.855,,,7.5,-1.2,,,,15,31,235,,,,26,12792,,,,9,20428,,,,23,15129,,,,22,12450,,,,6,22679,,,,3,19339,,,,19,27976,,,,,,,,,,,,,,,,,,,,,,,,,,,,,,,,,,,,,,
173713,29-Sep-18,10:16:16,2018-09-29 10:16:16,G,2,148,4395,,0,9,-62.5487,-60.8759,18:42.9,FastGPS,-62.5487,-60.8759,,,6,-1.1,,,,15,26,27625,,,,16,16161,,,,23,12061,,,,9,16415,,,,7,3828,,,,3,18670,,,,6,29714,,,,29,7790,,,,31,20532,,,,,,,,,,,,,,,,,,,,,,,,,,,,,,,,,
173713,29-Sep-18,10:46:02,2018-09-29 10:46:02,G,1,148,4396,1796,0,8,-62.536,-60.8608,48:28.4,FastGPS,-62.536,-60.8608,,,5.3,-1.6,,,,15,23,2804,,,,9,24701,,,,7,5428,,,,16,16503,,,,26,16054,,,,3,3999,,,,29,25375,,,,6,1282,,,,,,,,,,,,,,,,,,,,,,,,,,,,,,,,,,,,,,
173713,29-Sep-18,11:47:04,2018-09-29 11:47:04,G,2,148,4397,1798,0,8,-62.502,-60.8404,49:30.4,FastGPS,-62.502,-60.8404,,,8.3,-1.6,,,,15,23,15316,,,,7,21715,,,,9,20712,,,,16,15235,,,,5,18436,,,,2,1504,,,,30,5155,,,,26,15222,,,,,,,,,,,,,,,,,,,,,,,,,,,,,,,,,,,,,,
173713,29-Sep-18,12:20:09,2018-09-29 12:20:09,G,2,148,4398,1798,0,7,-62.4875,-60.8265,22:36.4,FastGPS,-62.4875,-60.8265,,,5.8,-0.6,,,,15,5,22771,,,,7,8975,,,,16,26799,,,,30,8297,,,,23,3687,,,,9,30993,,,,27,20676,,,,,,,,,,,,,,,,,,,,,,,,,,,,,,,,,,,,,,,,,,,
173713,29-Sep-18,12:50:00,2018-09-29 12:50:00,G,1,148,4399,,0,9,-62.4768,-60.8179,52:27.3,FastGPS,-62.4768,-60.8179,,,10.2,-0.7,,,,15,7,16457,,,,5,16877,,,,30,7537,,,,8,16032,,,,27,15605,,,,9,30429,,,,13,32253,,,,16,11735,,,,21,24603,,,,,,,,,,,,,,,,,,,,,,,,,,,,,,,,,
173713,29-Sep-18,14:28:01,2018-09-29 14:28:01,G,3,148,4402,1798,0,7,-62.4864,-60.8344,30:28.4,FastGPS,-62.4864,-60.8344,,,11.2,-0.6,,,,15,5,27728,,,,13,22649,,,,28,13388,,,,30,26459,,,,15,22144,,,,7,2028,,,,8,9287,,,,,,,,,,,,,,,,,,,,,,,,,,,,,,,,,,,,,,,,,,,
173713,29-Sep-18,14:59:08,2018-09-29 14:59:08,G,2,148,4403,1798,0,8,-62.5037,-60.8447,01:35.4,FastGPS,-62.5037,-60.8447,,,11.3,-0.6,,,,15,13,27503,,,,15,7333,,,,5,6159,,,,8,9394,,,,28,29185,,,,30,22782,,,,20,7979,,,,17,15276,,,,,,,,,,,,,,,,,,,,,,,,,,,,,,,,,,,,,,
173713,29-Sep-18,18:11:01,2018-09-29 18:11:01,G,1,148,4404,,0,9,-62.5251,-60.8397,13:27.4,FastGPS,-62.5251,-60.8397,,,4.1,-1.6,,,,15,12,28406,,,,24,8588,,,,19,2011,,,,32,23154,,,,17,4968,,,,15,14156,,,,1,30432,,,,14,14112,,,,6,18816,,,,,,,,,,,,,,,,,,,,,,,,,,,,,,,,,
173713,29-Sep-18,19:43:57,2018-09-29 19:43:57,G,2,148,4405,,0,9,-62.5251,-60.8391,46:23.4,FastGPS,-62.5251,-60.8391,,,6.5,-1.6,,,,15,12,18564,,,,2,25835,,,,24,31886,,,,32,29896,,,,14,12242,,,,29,17661,,,,19,9561,,,,25,18056,,,,6,21772,,,,,,,,,,,,,,,,,,,,,,,,,,,,,,,,,
173713,29-Sep-18,20:14:06,2018-09-29 20:14:06,G,3,148,4406,1801,0,7,-62.535,-60.8655,16:32.8,FastGPS,-62.535,-60.8655,,,8.1,-1.2,,,,15,12,22511,,,,25,22553,,,,31,4250,,,,29,23480,,,,2,3966,,,,3,24165,,,,19,27627,,,,,,,,,,,,,,,,,,,,,,,,,,,,,,,,,,,,,,,,,,,
173713,29-Sep-18,20:46:04,2018-09-29 20:46:04,G,3,148,4407,1801,0,5,-62.5427,-60.8992,48:30.8,FastGPS,-62.5427,-60.8992,,,3.1,-1.2,,,,15,12,467,,,,31,31006,,,,29,3206,,,,2,22278,,,,25,10422,,,,,,,,,,,,,,,,,,,,,,,,,,,,,,,,,,,,,,,,,,,,,,,,,,,,,
173713,29-Sep-18,21:47:53,2018-09-29 21:47:53,G,3,148,4409,1801,0,6,-62.541,-60.9276,50:19.8,FastGPS,-62.541,-60.9276,,,10.9,-1.2,,,,15,29,8863,,,,25,29619,,,,31,23182,,,,12,1637,,,,23,4664,,,,5,24939,,,,,,,,,,,,,,,,,,,,,,,,,,,,,,,,,,,,,,,,,,,,,,,,
173713,29-Sep-18,22:18:37,2018-09-29 22:18:37,G,1,148,4410,1801,0,7,-62.5573,-60.9187,21:03.4,FastGPS,-62.5573,-60.9187,,,5.9,-1.6,,,,15,31,15594,,,,29,30940,,,,5,14471,,,,26,23347,,,,25,1964,,,,2,15601,,,,23,18340,,,,,,,,,,,,,,,,,,,,,,,,,,,,,,,,,,,,,,,,,,,
173713,29-Sep-18,22:48:33,2018-09-29 22:48:33,G,1,148,4411,1801,0,7,-62.5662,-60.887,50:59.9,FastGPS,-62.5662,-60.887,,,7.4,-1.1,,,,15,31,19839,,,,26,4359,,,,5,29070,,,,29,7170,,,,2,697,,,,16,2001,,,,23,11119,,,,,,,,,,,,,,,,,,,,,,,,,,,,,,,,,,,,,,,,,,,
173713,29-Sep-18,23:33:07,2018-09-29 23:33:07,G,1,148,4412,1802,0,4,-62.539,-60.857,9/30/2018 11:59,K,-62.5778,-60.8566,,,0.2,-2.5,,,,15,26,17295,,,,16,4154,,,,29,23844,,,,5,12848,,,,,,,,,,,,,,,,,,,,,,,,,,,,,,,,,,,,,,,,,,,,,,,,,,,,,,,,,,
173713,30-Sep-18,0:03:22,2018-09-30 00:03:22,G,2,148,4413,1802,0,5,-62.5692,-60.8457,05:48.5,FastGPS,-62.5692,-60.8457,,,1.2,-1.5,,,,15,29,8759,,,,5,16422,,,,16,4476,,,,26,268,,,,21,2765,,,,,,,,,,,,,,,,,,,,,,,,,,,,,,,,,,,,,,,,,,,,,,,,,,,,,
173713,30-Sep-18,3:23:46,2018-09-30 03:23:46,G,3,148,4415,1804,0,5,-62.5699,-60.8448,26:12.8,FastGPS,-62.5699,-60.8448,,,2,-1.2,,,,15,10,26741,,,,20,14033,,,,27,16511,,,,8,30252,,,,18,3709,,,,,,,,,,,,,,,,,,,,,,,,,,,,,,,,,,,,,,,,,,,,,,,,,,,,,
173713,30-Sep-18,4:54:00,2018-09-30 04:54:00,G,2,148,4416,1806,0,8,-62.5668,-60.8471,56:26.4,FastGPS,-62.5668,-60.8471,,,2.4,-1.6,,,,15,18,1534,,,,11,10636,,,,32,16437,,,,10,27717,,,,8,30056,,,,1,25644,,,,14,15921,,,,28,16871,,,,,,,,,,,,,,,,,,,,,,,,,,,,,,,,,,,,,,
173713,30-Sep-18,5:24:00,2018-09-30 05:24:00,G,1,148,4417,,0,9,-62.565,-60.8467,26:26.4,FastGPS,-62.565,-60.8467,,,7.1,-1.6,,,,15,32,22008,,,,14,26868,,,,17,22214,,,,8,16016,,,,18,140,,,,11,11522,,,,1,24009,,,,22,27502,,,,10,19656,,,,,,,,,,,,,,,,,,,,,,,,,,,,,,,,,
173713,30-Sep-18,6:24:00,2018-09-30 06:24:00,G,2,148,4419,1806,0,7,-62.546,-60.8437,26:26.4,FastGPS,-62.546,-60.8437,,,10.1,-1.6,,,,15,32,29821,,,,1,26445,,,,18,24514,,,,14,21306,,,,3,22303,,,,22,1344,,,,11,7243,,,,,,,,,,,,,,,,,,,,,,,,,,,,,,,,,,,,,,,,,,,
173713,30-Sep-18,8:04:09,2018-09-30 08:04:09,G,1,148,4421,,0,9,-62.5168,-60.8405,06:35.9,FastGPS,-62.5168,-60.8405,,,6.3,-1.1,,,,15,31,1784,,,,12,10049,,,,3,15671,,,,1,4192,,,,23,5373,,,,6,23991,,,,19,23958,,,,18,12687,,,,25,27619,,,,,,,,,,,,,,,,,,,,,,,,,,,,,,,,,
173713,30-Sep-18,9:04:44,2018-09-30 09:04:44,G,1,148,4423,1808,0,4,-62.539,-60.857,9/30/2018 11:59,K,-62.4934,-60.8329,,,1.2,-1.5,,,,15,3,6635,,,,6,13333,,,,23,2031,,,,22,28295,,,,,,,,,,,,,,,,,,,,,,,,,,,,,,,,,,,,,,,,,,,,,,,,,,,,,,,,,,
173713,30-Sep-18,9:38:28,2018-09-30 09:38:28,G,1,148,4424,,0,9,-62.4962,-60.8378,40:55.8,FastGPS,-62.4962,-60.8378,,,5.9,-0.2,,,,15,6,4982,,,,31,24697,,,,2,10345,,,,9,15613,,,,23,3446,,,,29,20677,,,,16,22487,,,,3,16107,,,,26,5127,,,,,,,,,,,,,,,,,,,,,,,,,,,,,,,,,
173713,30-Sep-18,10:49:17,2018-09-30 10:49:17,G,1,148,4426,,0,9,-62.5245,-60.8393,51:44.4,FastGPS,-62.5245,-60.8393,,,13,-0.6,,,,15,9,2270,,,,23,26164,,,,7,16205,,,,29,3792,,,,5,3227,,,,16,8151,,,,2,31700,,,,6,19549,,,,3,13033,,,,,,,,,,,,,,,,,,,,,,,,,,,,,,,,,
173713,30-Sep-18,11:36:03,2018-09-30 11:36:03,G,1,148,4427,1808,0,7,-62.5271,-60.8381,38:30.4,FastGPS,-62.5271,-60.8381,,1,4.4,-0.6,,,,15,7,15957,,,,9,13507,,,,5,4031,,,,23,22653,,,,2,2038,,,,30,18127,,,,29,15555,,,,,,,,,,,,,,,,,,,,,,,,,,,,,,,,,,,,,,,,,,,
173713,30-Sep-18,12:06:00,2018-09-30 12:06:00,G,1,148,4428,1808,0,8,-62.5295,-60.8695,08:27.4,FastGPS,-62.5295,-60.8695,,,8.5,-0.6,,,,15,9,25980,,,,5,26851,,,,7,29405,,,,23,13710,,,,30,1457,,,,2,14803,,,,16,14095,,,,27,15451,,,,,,,,,,,,,,,,,,,,,,,,,,,,,,,,,,,,,,
173713,30-Sep-18,13:32:06,2018-09-30 13:32:06,G,1,148,4429,1810,0,5,-62.5592,-60.8507,34:33.4,FastGPS,-62.5592,-60.8507,,,3.8,-0.6,,,,15,5,22016,,,,7,13409,,,,30,22815,,,,13,5208,,,,28,11886,,,,,,,,,,,,,,,,,,,,,,,,,,,,,,,,,,,,,,,,,,,,,,,,,,,,,
173713,30-Sep-18,14:02:00,2018-09-30 14:02:00,G,1,148,4430,1810,0,7,-62.5668,-60.8597,04:27.4,FastGPS,-62.5668,-60.8597,,,7.8,-0.6,,,,15,5,28117,,,,7,18725,,,,13,3564,,,,27,30285,,,,30,19269,,,,8,742,,,,28,24712,,,,,,,,,,,,,,,,,,,,,,,,,,,,,,,,,,,,,,,,,,,
173713,30-Sep-18,15:32:23,2018-09-30 15:32:23,G,2,148,4433,1810,0,7,-62.5909,-60.9188,34:50.9,FastGPS,-62.5909,-60.9188,,,10.5,-0.1,,,,15,28,17686,,,,13,7432,,,,17,7165,,,,30,26362,,,,15,3320,,,,20,1767,,,,24,7817,,,,,,,,,,,,,,,,,,,,,,,,,,,,,,,,,,,,,,,,,,,
173713,30-Sep-18,16:14:04,2018-09-30 16:14:04,G,1,148,4434,,0,9,-62.5873,-60.9306,16:31.8,FastGPS,-62.5873,-60.9306,,,10.1,-0.1,,,,15,15,18605,,,,10,5050,,,,17,8824,,,,24,26061,,,,30,29213,,,,20,4805,,,,13,22852,,,,19,12989,,,,28,30014,,,,,,,,,,,,,,,,,,,,,,,,,,,,,,,,,
173713,30-Sep-18,16:46:28,2018-09-30 16:46:28,G,1,148,4435,1810,0,6,-62.5885,-60.9011,48:55.4,FastGPS,-62.5885,-60.9011,,,2.7,-0.6,,,,15,15,26631,,,,13,7986,,,,17,17113,,,,28,27496,,,,19,24028,,,,18,7375,,,,,,,,,,,,,,,,,,,,,,,,,,,,,,,,,,,,,,,,,,,,,,,,
173713,30-Sep-18,17:51:48,2018-09-30 17:51:48,G,1,148,4436,1811,0,5,-62.5738,-60.8415,54:15.8,FastGPS,-62.5738,-60.8415,,,9.2,-0.2,,,,15,19,23911,,,,17,3551,,,,15,14770,,,,12,15242,,,,24,11873,,,,,,,,,,,,,,,,,,,,,,,,,,,,,,,,,,,,,,,,,,,,,,,,,,,,,
173713,30-Sep-18,19:05:08,2018-09-30 19:05:08,G,4,148,4437,,0,9,-62.5511,-60.855,07:34.4,FastGPS,-62.5511,-60.855,,,9.5,-1.6,,,,15,12,10435,,,,17,21737,,,,19,11703,,,,2,834,,,,24,31208,,,,32,14603,,,,6,10417,,,,14,21541,,,,22,32029,,,,,,,,,,,,,,,,,,,,,,,,,,,,,,,,,
173713,30-Sep-18,20:18:00,2018-09-30 20:18:00,G,1,148,4438,1814,0,8,-62.5493,-60.8518,20:26.4,FastGPS,-62.5493,-60.8518,,,8.6,-1.6,,,,15,12,14814,,,,6,6338,,,,29,30640,,,,19,156,,,,2,32245,,,,25,9095,,,,3,14961,,,,24,24395,,,,,,,,,,,,,,,,,,,,,,,,,,,,,,,,,,,,,,
173713,30-Sep-18,20:48:07,2018-09-30 20:48:07,G,2,148,4439,1814,0,7,-62.5364,-60.8541,50:34.4,FastGPS,-62.5364,-60.8541,,,8.6,-0.6,,,,15,12,23825,,,,2,4287,,,,25,20902,,,,32,14493,,,,31,22474,,,,29,247,,,,6,18444,,,,,,,,,,,,,,,,,,,,,,,,,,,,,,,,,,,,,,,,,,,
173713,30-Sep-18,21:18:03,2018-09-30 21:18:03,G,1,148,4440,1814,0,7,-62.526,-60.8394,20:30.8,FastGPS,-62.526,-60.8394,,,11.3,-0.2,,,,15,31,5469,,,,29,16396,,,,25,800,,,,2,27628,,,,12,9081,,,,6,31946,,,,23,4639,,,,,,,,,,,,,,,,,,,,,,,,,,,,,,,,,,,,,,,,,,,
173713,30-Sep-18,22:33:11,2018-09-30 22:33:11,G,3,148,4442,1815,0,8,-62.5282,-60.8544,35:37.9,FastGPS,-62.5282,-60.8544,,,12,-1.1,,,,15,29,32259,,,,31,6423,,,,26,21582,,,,2,4766,,,,5,27324,,,,9,12421,,,,23,22062,,,,16,4479,,,,,,,,,,,,,,,,,,,,,,,,,,,,,,,,,,,,,,
173713,30-Sep-18,23:03:45,2018-09-30 23:03:45,G,4,148,4443,,0,9,-62.5387,-60.8496,06:12.4,FastGPS,-62.5387,-60.8496,,,5.5,-0.6,,,,15,31,19826,,,,21,19087,,,,5,21506,,,,29,20224,,,,26,21670,,,,16,18500,,,,25,17560,,,,2,6437,,,,23,23524,,,,,,,,,,,,,,,,,,,,,,,,,,,,,,,,,
173713,1-Oct-18,10:32:20,2018-10-01 10:32:20,G,2,148,4444,1816,0,7,-62.5645,-60.8469,34:47.8,FastGPS,-62.5645,-60.8469,,,7.3,-0.2,,,,15,9,23052,,,,23,16644,,,,16,4236,,,,2,26102,,,,7,12131,,,,6,18446,,,,29,22960,,,,,,,,,,,,,,,,,,,,,,,,,,,,,,,,,,,,,,,,,,,
173713,1-Oct-18,12:11:00,2018-10-01 12:11:00,G,3,148,4445,1818,0,8,-62.5305,-60.8622,13:26.4,FastGPS,-62.5305,-60.8622,,,13.4,-1.6,,,,15,5,26752,,,,27,23845,,,,7,14701,,,,23,14808,,,,9,6658,,,,16,3435,,,,30,11184,,,,2,19079,,,,,,,,,,,,,,,,,,,,,,,,,,,,,,,,,,,,,,
173713,1-Oct-18,15:18:49,2018-10-01 15:18:49,G,1,148,4449,1818,0,5,-62.5485,-60.8623,21:16.9,FastGPS,-62.5485,-60.8623,,,3.7,-0.1,,,,15,30,12975,,,,28,3462,,,,15,933,,,,13,2373,,,,8,18743,,,,,,,,,,,,,,,,,,,,,,,,,,,,,,,,,,,,,,,,,,,,,,,,,,,,,
173713,1-Oct-18,16:10:03,2018-10-01 16:10:03,G,1,148,4450,1818,0,5,-62.5551,-60.845,12:30.9,FastGPS,-62.5551,-60.845,,,0.8,-0.1,,,,15,15,21013,,,,13,25438,,,,17,12316,,,,28,32714,,,,24,28659,,,,,,,,,,,,,,,,,,,,,,,,,,,,,,,,,,,,,,,,,,,,,,,,,,,,,
173713,1-Oct-18,16:42:11,2018-10-01 16:42:11,G,2,148,4451,1818,0,5,-62.5683,-60.8519,44:38.4,FastGPS,-62.5683,-60.8519,,,3.4,-0.6,,,,15,17,6850,,,,15,16670,,,,13,31576,,,,24,31225,,,,19,13644,,,,,,,,,,,,,,,,,,,,,,,,,,,,,,,,,,,,,,,,,,,,,,,,,,,,,
173713,1-Oct-18,17:12:00,2018-10-01 17:12:00,G,1,148,4452,1818,0,6,-62.5694,-60.8501,14:27.4,FastGPS,-62.5694,-60.8501,,,6.4,-0.6,,,,15,10,5050,,,,32,13312,,,,11,14015,,,,18,19286,,,,20,13857,,,,17,17034,,,,,,,,,,,,,,,,,,,,,,,,,,,,,,,,,,,,,,,,,,,,,,,,
173713,1-Oct-18,17:42:00,2018-10-01 17:42:00,G,1,148,4453,1818,1,4,-62.58,-60.823,10/2/2018 14:21,B,-62.5701,-60.8498,,,0.6,-0.6,,,,15,1,7671,,,,10,25390,,,,17,8521,,,,32,28321,,,,,,,,,,,,,,,,,,,,,,,,,,,,,,,,,,,,,,,,,,,,,,,,,,,,,,,,,,
173713,2-Oct-18,3:18:27,2018-10-02 03:18:27,G,1,148,4456,,0,9,-62.5807,-60.9101,20:54.9,FastGPS,-62.5807,-60.9101,,,14.5,-0.1,,,,15,10,489,,,,27,16781,,,,15,10973,,,,20,12996,,,,18,20568,,,,8,6262,,,,11,21490,,,,32,25264,,,,21,11171,,,,,,,,,,,,,,,,,,,,,,,,,,,,,,,,,
173713,2-Oct-18,3:48:29,2018-10-02 03:48:29,G,2,148,4457,1818,0,5,-62.5881,-60.9303,50:56.4,FastGPS,-62.5881,-60.9303,,,9.1,-0.6,,,,15,27,16085,,,,32,6593,,,,10,24,,,,11,7488,,,,18,3937,,,,,,,,,,,,,,,,,,,,,,,,,,,,,,,,,,,,,,,,,,,,,,,,,,,,,
173713,2-Oct-18,4:21:00,2018-10-02 04:21:00,G,4,148,4458,,0,9,-62.5846,-60.959,23:27.9,FastGPS,-62.5846,-60.959,,,12,-0.1,,,,15,32,22085,,,,10,2844,,,,27,20096,,,,14,6685,,,,11,29948,,,,8,4317,,,,18,23108,,,,28,32633,,,,1,842,,,,,,,,,,,,,,,,,,,,,,,,,,,,,,,,,
173713,2-Oct-18,4:52:21,2018-10-02 04:52:21,G,1,148,4459,,0,9,-62.5837,-60.9787,54:48.9,FastGPS,-62.5837,-60.9787,,,7.1,-0.1,,,,15,32,12825,,,,10,23089,,,,11,5995,,,,14,27036,,,,18,28961,,,,8,25404,,,,1,1210,,,,22,7621,,,,20,1027,,,,,,,,,,,,,,,,,,,,,,,,,,,,,,,,,
173713,2-Oct-18,5:22:00,2018-10-02 05:22:00,G,2,148,4460,,0,9,-62.5985,-60.9828,24:27.4,FastGPS,-62.5985,-60.9828,,,6.4,-0.6,,,,15,18,17519,,,,32,6103,,,,1,23365,,,,11,29544,,,,22,2647,,,,3,4972,,,,10,9629,,,,17,32603,,,,14,26645,,,,,,,,,,,,,,,,,,,,,,,,,,,,,,,,,
173713,2-Oct-18,5:52:43,2018-10-02 05:52:43,G,1,148,4461,,0,9,-62.6005,-60.9859,55:10.9,FastGPS,-62.6005,-60.9859,,,9.4,-0.1,,,,15,32,3689,,,,18,21236,,,,14,4668,,,,1,2338,,,,11,2572,,,,22,31482,,,,10,27361,,,,17,31687,,,,3,25429,,,,,,,,,,,,,,,,,,,,,,,,,,,,,,,,,
173713,2-Oct-18,6:25:11,2018-10-02 06:25:11,G,1,148,4462,,0,9,-62.5989,-61.0109,27:38.9,FastGPS,-62.5989,-61.0109,,,9.5,-0.1,,,,15,18,24377,,,,31,11144,,,,14,4595,,,,17,31839,,,,11,8439,,,,1,15166,,,,22,9237,,,,32,25637,,,,3,11458,,,,,,,,,,,,,,,,,,,,,,,,,,,,,,,,,
173713,2-Oct-18,7:27:10,2018-10-02 07:27:10,G,2,148,4464,,0,9,-62.5979,-60.9861,29:37.9,FastGPS,-62.5979,-60.9861,,,4.4,-0.1,,,,15,17,28858,,,,31,32614,,,,19,20983,,,,3,25543,,,,12,10395,,,,32,14800,,,,14,23463,,,,6,2545,,,,23,10923,,,,,,,,,,,,,,,,,,,,,,,,,,,,,,,,,
173713,2-Oct-18,8:00:35,2018-10-02 08:00:35,G,3,148,4465,,0,9,-62.6026,-60.9586,03:02.4,FastGPS,-62.6026,-60.9586,,,8.4,-0.6,,,,15,17,6896,,,,23,1080,,,,31,14211,,,,3,27233,,,,25,9087,,,,19,280,,,,12,14049,,,,9,23448,,,,22,31151,,,,,,,,,,,,,,,,,,,,,,,,,,,,,,,,,
173713,2-Oct-18,9:00:05,2018-10-02 09:00:05,G,1,148,4467,1818,0,8,-62.5919,-60.9372,02:32.9,FastGPS,-62.5919,-60.9372,,,9.4,-0.1,,,,15,6,13748,,,,23,2245,,,,9,11643,,,,19,12162,,,,31,10889,,,,3,25685,,,,26,2730,,,,22,8298,,,,,,,,,,,,,,,,,,,,,,,,,,,,,,,,,,,,,,
173713,2-Oct-18,10:08:39,2018-10-02 10:08:39,G,1,148,4469,,0,9,-62.5786,-60.914,11:06.9,FastGPS,-62.5786,-60.914,,,10.1,-0.1,,,,15,9,16660,,,,2,23713,,,,23,31781,,,,26,25148,,,,29,10044,,,,6,13889,,,,16,24468,,,,7,21902,,,,31,28219,,,,,,,,,,,,,,,,,,,,,,,,,,,,,,,,,
173713,2-Oct-18,10:38:00,2018-10-02 10:38:00,G,1,148,4470,,0,9,-62.5692,-60.8912,40:27.9,FastGPS,-62.5692,-60.8912,,,6.2,-0.1,,,,15,7,7413,,,,23,7190,,,,9,7469,,,,16,7403,,,,26,28647,,,,29,9334,,,,6,2714,,,,2,6505,,,,3,31927,,,,,,,,,,,,,,,,,,,,,,,,,,,,,,,,,
173713,2-Oct-18,11:08:14,2018-10-02 11:08:14,G,2,148,4471,,0,9,-62.5689,-60.8708,10:41.9,FastGPS,-62.5689,-60.8708,,,11.2,-0.1,,,,15,7,21995,,,,2,21509,,,,9,12374,,,,23,600,,,,26,4974,,,,5,23034,,,,16,1853,,,,6,9847,,,,29,13966,,,,,,,,,,,,,,,,,,,,,,,,,,,,,,,,,
173713,2-Oct-18,11:38:00,2018-10-02 11:38:00,G,2,148,4472,1818,0,7,-62.5748,-60.8482,40:27.4,FastGPS,-62.5748,-60.8482,,,7.7,-0.6,,,,15,7,29453,,,,5,29938,,,,2,23623,,,,23,3099,,,,30,19241,,,,9,12942,,,,16,13480,,,,,,,,,,,,,,,,,,,,,,,,,,,,,,,,,,,,,,,,,,,
173713,2-Oct-18,12:39:44,2018-10-02 12:39:44,G,2,148,4474,1818,0,4,-62.556,-60.57,10/3/2018 12:23,K,-62.556,-60.8322,,,2.3,-0.5,,,,15,7,18652,,,,9,24241,,,,5,22539,,,,27,24422,,,,,,,,,,,,,,,,,,,,,,,,,,,,,,,,,,,,,,,,,,,,,,,,,,,,,,,,,,
173713,2-Oct-18,14:04:11,2018-10-02 14:04:11,G,1,148,4476,1818,0,5,-62.5598,-60.8297,06:38.4,FastGPS,-62.5598,-60.8297,,,2.5,-0.6,,,,15,30,15643,,,,28,8475,,,,5,5403,,,,7,19726,,,,13,3700,,,,,,,,,,,,,,,,,,,,,,,,,,,,,,,,,,,,,,,,,,,,,,,,,,,,,
173713,2-Oct-18,15:02:38,2018-10-02 15:02:38,G,2,148,4477,,0,9,-62.5698,-60.8358,05:05.9,FastGPS,-62.5698,-60.8358,,,9.3,-0.1,,,,15,30,20215,,,,7,4665,,,,28,29001,,,,15,2765,,,,17,11737,,,,5,16167,,,,13,8226,,,,11,5369,,,,18,16426,,,,,,,,,,,,,,,,,,,,,,,,,,,,,,,,,
173713,2-Oct-18,17:19:05,2018-10-02 17:19:05,G,2,148,4481,,0,9,-62.6021,-60.9508,21:32.4,FastGPS,-62.6021,-60.9508,,,7.7,-0.6,,,,15,12,29324,,,,15,14935,,,,17,28334,,,,19,18259,,,,24,30207,,,,32,2099,,,,1,4080,,,,18,2901,,,,10,22217,,,,,,,,,,,,,,,,,,,,,,,,,,,,,,,,,
173713,2-Oct-18,17:49:23,2018-10-02 17:49:23,G,4,148,4482,1818,0,6,-62.6047,-60.9628,51:50.4,FastGPS,-62.6047,-60.9628,,,1.8,-0.6,,,,15,17,28733,,,,15,25310,,,,19,32354,,,,12,3532,,,,6,15282,,,,24,15304,,,,,,,,,,,,,,,,,,,,,,,,,,,,,,,,,,,,,,,,,,,,,,,,
173713,2-Oct-18,18:19:26,2018-10-02 18:19:26,G,3,148,4483,1818,0,8,-62.6121,-60.9845,21:53.9,FastGPS,-62.6121,-60.9845,,,3.4,-0.1,,,,15,12,16835,,,,24,21569,,,,32,32572,,,,22,14875,,,,19,1080,,,,1,3584,,,,15,16663,,,,17,11379,,,,,,,,,,,,,,,,,,,,,,,,,,,,,,,,,,,,,,
173713,2-Oct-18,18:51:38,2018-10-02 18:51:38,G,4,148,4484,,0,9,-62.6101,-61.0115,54:05.9,FastGPS,-62.6101,-61.0115,,,15.1,-0.1,,,,15,12,29097,,,,17,4192,,,,32,9191,,,,22,25675,,,,19,13917,,,,14,4918,,,,3,19191,,,,2,31720,,,,24,5377,,,,,,,,,,,,,,,,,,,,,,,,,,,,,,,,,
173713,2-Oct-18,19:21:20,2018-10-02 19:21:20,G,1,148,4485,,0,9,-62.6114,-60.9768,23:47.4,FastGPS,-62.6114,-60.9768,,,3.8,-0.6,,,,15,12,15219,,,,17,26479,,,,14,7669,,,,6,8791,,,,32,13580,,,,25,17348,,,,3,16528,,,,22,970,,,,2,8988,,,,,,,,,,,,,,,,,,,,,,,,,,,,,,,,,
173713,2-Oct-18,19:51:08,2018-10-02 19:51:08,G,2,148,4486,1818,0,8,-62.6058,-60.9595,53:35.4,FastGPS,-62.6058,-60.9595,,,9.7,-0.6,,,,15,31,27655,,,,12,5757,,,,25,3555,,,,14,953,,,,19,5418,,,,32,14460,,,,2,3605,,,,29,10815,,,,,,,,,,,,,,,,,,,,,,,,,,,,,,,,,,,,,,
173713,2-Oct-18,20:22:45,2018-10-02 20:22:45,G,1,148,4487,1818,0,6,-62.595,-60.9498,25:12.9,FastGPS,-62.595,-60.9498,,,2.6,-0.1,,,,15,12,23477,,,,29,21369,,,,2,31618,,,,6,17672,,,,25,29069,,,,32,8023,,,,,,,,,,,,,,,,,,,,,,,,,,,,,,,,,,,,,,,,,,,,,,,,
173713,2-Oct-18,21:53:00,2018-10-02 21:53:00,G,1,148,4490,1818,0,7,-62.5843,-60.8736,55:27.4,FastGPS,-62.5843,-60.8736,,,6.5,-0.6,,,,15,29,19052,,,,5,4840,,,,31,32105,,,,26,2172,,,,12,7959,,,,23,26072,,,,2,25900,,,,,,,,,,,,,,,,,,,,,,,,,,,,,,,,,,,,,,,,,,,
173713,2-Oct-18,22:54:13,2018-10-02 22:54:13,G,2,148,4492,1818,0,8,-62.5719,-60.841,56:40.4,FastGPS,-62.5719,-60.841,,,13.2,-0.6,,,,15,5,5524,,,,29,7030,,,,26,3525,,,,16,30568,,,,25,7747,,,,9,31915,,,,2,30166,,,,31,10087,,,,,,,,,,,,,,,,,,,,,,,,,,,,,,,,,,,,,,
173713,3-Oct-18,2:12:01,2018-10-03 02:12:01,G,4,148,4493,,0,9,-62.5713,-60.8364,14:28.9,FastGPS,-62.5713,-60.8364,,,4.8,-0.1,,,,15,21,29654,,,,15,29190,,,,10,17481,,,,20,3875,,,,7,6579,,,,27,6857,,,,13,16454,,,,16,22876,,,,8,21691,,,,,,,,,,,,,,,,,,,,,,,,,,,,,,,,,
173713,3-Oct-18,3:08:27,2018-10-03 03:08:27,G,6,148,4494,1818,0,8,-62.55,-60.8542,10:54.4,FastGPS,-62.55,-60.8542,,,5.7,-0.6,,,,15,15,27706,,,,27,32134,,,,10,2583,,,,20,30354,,,,8,4370,,,,32,2388,,,,18,3155,,,,21,13195,,,,,,,,,,,,,,,,,,,,,,,,,,,,,,,,,,,,,,
173713,3-Oct-18,3:38:45,2018-10-03 03:38:45,G,3,148,4495,,0,9,-62.5391,-60.8656,41:12.4,FastGPS,-62.5391,-60.8656,,,6.2,-0.6,,,,15,10,8596,,,,20,28451,,,,27,4191,,,,1,9539,,,,8,28479,,,,32,19125,,,,11,24288,,,,18,21494,,,,15,25369,,,,,,,,,,,,,,,,,,,,,,,,,,,,,,,,,
173713,3-Oct-18,4:48:06,2018-10-03 04:48:06,G,3,148,4496,,0,9,-62.5087,-60.8553,50:33.9,FastGPS,-62.5087,-60.8553,,,10.3,-0.1,,,,15,1,18643,,,,11,24078,,,,18,14549,,,,28,11359,,,,32,31889,,,,10,9839,,,,8,12153,,,,20,20755,,,,22,25244,,,,,,,,,,,,,,,,,,,,,,,,,,,,,,,,,
173713,3-Oct-18,5:18:08,2018-10-03 05:18:08,G,1,148,4497,,0,9,-62.4943,-60.8456,20:35.4,FastGPS,-62.4943,-60.8456,,,15.7,-0.6,,,,15,32,7683,,,,17,497,,,,18,18631,,,,14,29220,,,,1,24287,,,,8,5032,,,,11,30430,,,,10,10040,,,,28,20515,,,,,,,,,,,,,,,,,,,,,,,,,,,,,,,,,
173713,3-Oct-18,5:48:01,2018-10-03 05:48:01,G,2,148,4498,,0,9,-62.484,-60.8409,50:28.4,FastGPS,-62.484,-60.8409,,,9.1,-0.6,,,,15,22,22810,,,,1,27454,,,,32,31202,,,,18,15870,,,,11,29648,,,,3,16074,,,,8,7565,,,,14,31003,,,,17,21983,,,,,,,,,,,,,,,,,,,,,,,,,,,,,,,,,
173713,3-Oct-18,6:40:04,2018-10-03 06:40:04,G,2,148,4499,,0,9,-62.4645,-60.8387,42:31.9,FastGPS,-62.4645,-60.8387,,,9.1,-0.1,,,,15,17,4483,,,,14,6370,,,,22,29757,,,,32,22859,,,,1,28177,,,,23,24192,,,,18,31569,,,,11,17582,,,,31,11170,,,,,,,,,,,,,,,,,,,,,,,,,,,,,,,,,
173713,3-Oct-18,7:46:13,2018-10-03 07:46:13,G,2,148,4501,,0,9,-62.4594,-60.7796,48:39.4,FastGPS,-62.4594,-60.7796,,,7.4,-1.6,,,,15,3,28213,,,,1,8231,,,,23,29400,,,,12,619,,,,22,22927,,,,14,13967,,,,6,14979,,,,31,12969,,,,18,20098,,,,,,,,,,,,,,,,,,,,,,,,,,,,,,,,,
173713,3-Oct-18,8:56:52,2018-10-03 08:56:52,G,2,148,4503,1821,0,5,-62.4877,-60.7304,59:19.4,FastGPS,-62.4877,-60.7304,,,11.2,-0.6,,,,15,6,32054,,,,9,677,,,,26,25221,,,,31,27406,,,,19,26599,,,,,,,,,,,,,,,,,,,,,,,,,,,,,,,,,,,,,,,,,,,,,,,,,,,,,
173713,3-Oct-18,9:45:08,2018-10-03 09:45:08,G,2,148,4504,,0,9,-62.4995,-60.6995,47:34.9,FastGPS,-62.4995,-60.6995,,,7.5,-1.1,,,,15,9,588,,,,6,28763,,,,23,3974,,,,7,32353,,,,3,20861,,,,26,18042,,,,2,3473,,,,29,16364,,,,31,26112,,,,,,,,,,,,,,,,,,,,,,,,,,,,,,,,,
173713,3-Oct-18,10:15:00,2018-10-03 10:15:00,G,3,148,4505,1822,0,8,-62.5159,-60.6891,17:26.9,FastGPS,-62.5159,-60.6891,,,10.8,-1.1,,,,15,7,14352,,,,9,31492,,,,23,18235,,,,29,28123,,,,2,3533,,,,6,25068,,,,3,18731,,,,16,27982,,,,,,,,,,,,,,,,,,,,,,,,,,,,,,,,,,,,,,
173713,3-Oct-18,11:30:09,2018-10-03 11:30:09,G,1,148,4507,,0,9,-62.5543,-60.6375,32:35.4,FastGPS,-62.5543,-60.6375,,,4.7,-1.6,,,,15,7,7608,,,,9,8274,,,,2,21582,,,,16,4481,,,,5,1722,,,,26,6477,,,,23,6646,,,,30,21671,,,,29,2420,,,,,,,,,,,,,,,,,,,,,,,,,,,,,,,,,
173713,3-Oct-18,12:14:14,2018-10-03 12:14:14,G,2,148,4508,1822,0,7,-62.5591,-60.5849,16:41.4,FastGPS,-62.5591,-60.5849,,,3.9,-0.6,,,,15,5,14283,,,,7,16935,,,,9,30341,,,,30,12589,,,,27,26009,,,,16,4573,,,,23,26304,,,,,,,,,,,,,,,,,,,,,,,,,,,,,,,,,,,,,,,,,,,
173713,3-Oct-18,12:49:17,2018-10-03 12:49:17,G,3,148,4509,,0,9,-62.5597,-60.553,51:44.9,FastGPS,-62.5597,-60.553,,,7.7,-0.1,,,,15,5,26916,,,,7,1171,,,,27,16310,,,,30,9078,,,,8,12853,,,,16,23780,,,,28,31912,,,,13,3120,,,,21,32566,,,,,,,,,,,,,,,,,,,,,,,,,,,,,,,,,
173713,3-Oct-18,13:19:17,2018-10-03 13:19:17,G,5,148,4510,1822,0,8,-62.5606,-60.5412,21:44.4,FastGPS,-62.5606,-60.5412,,,5.6,-0.6,,,,15,5,17892,,,,13,31015,,,,7,11798,,,,30,18756,,,,8,11712,,,,27,15321,,,,9,5917,,,,21,7609,,,,,,,,,,,,,,,,,,,,,,,,,,,,,,,,,,,,,,
173713,3-Oct-18,13:49:00,2018-10-03 13:49:00,G,5,148,4511,1822,0,8,-62.5667,-60.5473,51:27.4,FastGPS,-62.5667,-60.5473,,,4.2,-0.6,,,,15,7,7083,,,,28,6301,,,,30,5089,,,,15,8177,,,,5,14194,,,,13,18193,,,,21,11463,,,,27,17153,,,,,,,,,,,,,,,,,,,,,,,,,,,,,,,,,,,,,,
173713,3-Oct-18,14:19:11,2018-10-03 14:19:11,G,3,148,4512,1822,0,7,-62.5667,-60.5557,21:38.9,FastGPS,-62.5667,-60.5557,,,4.3,-0.1,,,,15,15,29641,,,,7,13393,,,,28,13203,,,,13,11162,,,,30,22343,,,,8,16267,,,,5,9181,,,,,,,,,,,,,,,,,,,,,,,,,,,,,,,,,,,,,,,,,,,
173713,3-Oct-18,14:49:04,2018-10-03 14:49:04,G,2,148,4513,1822,0,8,-62.5621,-60.5383,51:31.4,FastGPS,-62.5621,-60.5383,,,12.1,-0.6,,,,15,28,16815,,,,30,16153,,,,13,6505,,,,5,22150,,,,15,5434,,,,7,15137,,,,17,26772,,,,11,16184,,,,,,,,,,,,,,,,,,,,,,,,,,,,,,,,,,,,,,
173713,3-Oct-18,15:19:18,2018-10-03 15:19:18,G,3,148,4514,,0,9,-62.563,-60.5299,21:45.9,FastGPS,-62.563,-60.5299,,,9.2,-0.1,,,,15,15,15638,,,,17,19553,,,,8,21616,,,,10,13943,,,,30,13086,,,,11,9285,,,,20,14201,,,,28,721,,,,13,22776,,,,,,,,,,,,,,,,,,,,,,,,,,,,,,,,,
173713,3-Oct-18,16:04:16,2018-10-03 16:04:16,G,3,148,4515,,0,9,-62.5613,-60.5049,06:43.4,FastGPS,-62.5613,-60.5049,,,6.2,-0.6,,,,15,30,8504,,,,13,2928,,,,15,4752,,,,19,13752,,,,28,12973,,,,17,7844,,,,18,26169,,,,11,13284,,,,10,27073,,,,,,,,,,,,,,,,,,,,,,,,,,,,,,,,,
173713,3-Oct-18,16:34:01,2018-10-03 16:34:01,G,1,148,4516,,0,9,-62.5637,-60.4792,36:28.4,FastGPS,-62.5637,-60.4792,,,9.9,-0.6,,,,15,15,30465,,,,17,23408,,,,12,24403,,,,18,13164,,,,19,30119,,,,10,24821,,,,11,1895,,,,24,12656,,,,13,13886,,,,,,,,,,,,,,,,,,,,,,,,,,,,,,,,,
173713,3-Oct-18,17:04:09,2018-10-03 17:04:09,G,1,148,4517,,0,9,-62.5512,-60.4691,06:36.4,FastGPS,-62.5512,-60.4691,,,13.8,-0.6,,,,15,17,28132,,,,12,17211,,,,15,16877,,,,19,25706,,,,1,9990,,,,24,12642,,,,28,29133,,,,13,3227,,,,11,23340,,,,,,,,,,,,,,,,,,,,,,,,,,,,,,,,,
173713,3-Oct-18,18:38:21,2018-10-03 18:38:21,G,1,148,4520,,0,9,-62.5287,-60.4138,40:48.4,FastGPS,-62.5287,-60.4138,,,8.7,-0.6,,,,15,12,12215,,,,17,9739,,,,32,2661,,,,19,28799,,,,24,27145,,,,22,20979,,,,14,11993,,,,6,29862,,,,25,8405,,,,,,,,,,,,,,,,,,,,,,,,,,,,,,,,,
173713,3-Oct-18,19:11:11,2018-10-03 19:11:11,G,1,148,4521,1823,0,7,-62.5232,-60.3788,13:38.9,FastGPS,-62.5232,-60.3788,,,8.1,-0.1,,,,15,24,31022,,,,12,18581,,,,32,24643,,,,2,21817,,,,6,8970,,,,19,28788,,,,25,1043,,,,,,,,,,,,,,,,,,,,,,,,,,,,,,,,,,,,,,,,,,,
173713,3-Oct-18,19:42:04,2018-10-03 19:42:04,G,1,148,4522,1823,0,8,-62.5281,-60.3361,44:31.9,FastGPS,-62.5281,-60.3361,,,7.7,-0.1,,,,15,12,15688,,,,2,25374,,,,6,30844,,,,14,7496,,,,19,30434,,,,25,27418,,,,31,7380,,,,32,29802,,,,,,,,,,,,,,,,,,,,,,,,,,,,,,,,,,,,,,
173713,3-Oct-18,20:12:44,2018-10-03 20:12:44,G,2,148,4523,,0,9,-62.5459,-60.3225,15:11.4,FastGPS,-62.5459,-60.3225,,,12.3,-0.6,,,,15,31,22757,,,,25,11049,,,,12,28196,,,,29,18383,,,,19,30191,,,,2,11401,,,,6,22026,,,,14,10773,,,,32,17872,,,,,,,,,,,,,,,,,,,,,,,,,,,,,,,,,
173713,3-Oct-18,20:43:27,2018-10-03 20:43:27,G,2,148,4524,1823,0,7,-62.5335,-60.292,45:54.4,FastGPS,-62.5335,-60.292,,,13,-0.6,,,,15,31,18663,,,,12,15975,,,,6,9869,,,,29,5011,,,,25,1927,,,,2,24383,,,,14,13966,,,,,,,,,,,,,,,,,,,,,,,,,,,,,,,,,,,,,,,,,,,
173713,3-Oct-18,21:13:00,2018-10-03 21:13:00,G,1,148,4525,1823,0,7,-62.517,-60.2754,15:27.9,FastGPS,-62.517,-60.2754,,,7.3,-0.1,,,,15,31,29817,,,,29,19941,,,,23,2894,,,,2,8045,,,,25,12030,,,,6,23732,,,,12,3217,,,,,,,,,,,,,,,,,,,,,,,,,,,,,,,,,,,,,,,,,,,
173713,3-Oct-18,21:43:07,2018-10-03 21:43:07,G,2,148,4526,1823,0,7,-62.5045,-60.2519,45:34.4,FastGPS,-62.5045,-60.2519,,,2.8,-0.6,,,,15,31,8434,,,,29,18435,,,,5,28341,,,,25,29322,,,,12,12339,,,,2,18966,,,,23,32342,,,,,,,,,,,,,,,,,,,,,,,,,,,,,,,,,,,,,,,,,,,
173713,3-Oct-18,22:30:02,2018-10-03 22:30:02,G,2,148,4527,,0,9,-62.4875,-60.2013,32:29.4,FastGPS,-62.4875,-60.2013,,,11.1,-0.6,,,,15,29,13446,,,,31,28644,,,,25,15954,,,,5,60,,,,21,14210,,,,26,31483,,,,2,15611,,,,23,18302,,,,9,29714,,,,,,,,,,,,,,,,,,,,,,,,,,,,,,,,,
173713,3-Oct-18,23:33:00,2018-10-03 23:33:00,G,3,148,4529,1824,0,6,-62.4568,-60.1626,35:27.5,FastGPS,-62.4568,-60.1626,,,6.8,-0.5,,,,15,5,9225,,,,29,22453,,,,16,28110,,,,21,23649,,,,26,260,,,,25,7782,,,,,,,,,,,,,,,,,,,,,,,,,,,,,,,,,,,,,,,,,,,,,,,,
173713,4-Oct-18,0:24:29,2018-10-04 00:24:29,G,1,148,4530,,0,9,-62.4334,-60.1002,26:56.4,FastGPS,-62.4334,-60.1002,,,8.3,-0.6,,,,15,7,7174,,,,5,10238,,,,29,25045,,,,16,24357,,,,21,7905,,,,20,24718,,,,26,4795,,,,27,19360,,,,15,31257,,,,,,,,,,,,,,,,,,,,,,,,,,,,,,,,,
173713,4-Oct-18,0:56:45,2018-10-04 00:56:45,G,2,148,4531,,0,9,-62.4306,-60.0571,59:12.4,FastGPS,-62.4306,-60.0571,,,9.1,-0.6,,,,15,7,23229,,,,29,30734,,,,15,29998,,,,27,31419,,,,16,9743,,,,21,3060,,,,13,19370,,,,5,4391,,,,20,1731,,,,,,,,,,,,,,,,,,,,,,,,,,,,,,,,,
173713,4-Oct-18,1:28:03,2018-10-04 01:28:03,G,1,148,4532,,0,9,-62.4461,-60.0366,30:30.4,FastGPS,-62.4461,-60.0366,,,11.2,-0.6,,,,15,16,5685,,,,10,18282,,,,7,16580,,,,20,5253,,,,26,12171,,,,13,124,,,,30,31708,,,,8,10093,,,,21,7666,,,,,,,,,,,,,,,,,,,,,,,,,,,,,,,,,
173713,4-Oct-18,2:13:41,2018-10-04 02:13:41,G,2,148,4533,1825,0,8,-62.4654,-60.0292,16:08.9,FastGPS,-62.4654,-60.0292,,,4,-0.1,,,,15,15,20786,,,,27,29439,,,,8,23940,,,,20,26382,,,,21,29708,,,,30,3818,,,,7,2694,,,,13,25961,,,,,,,,,,,,,,,,,,,,,,,,,,,,,,,,,,,,,,
173713,4-Oct-18,2:46:29,2018-10-04 02:46:29,G,1,148,4534,,0,9,-62.4766,-59.9965,48:55.4,FastGPS,-62.4766,-59.9965,,,8.1,-1.6,,,,15,8,24387,,,,27,7188,,,,10,4911,,,,18,15076,,,,15,13493,,,,11,14213,,,,13,15085,,,,21,26644,,,,20,16850,,,,,,,,,,,,,,,,,,,,,,,,,,,,,,,,,
173713,4-Oct-18,3:16:11,2018-10-04 03:16:11,G,1,148,4535,1825,0,8,-62.4816,-59.9972,18:38.4,FastGPS,-62.4816,-59.9972,,,6,-0.6,,,,15,10,7592,,,,20,6791,,,,27,9020,,,,21,22726,,,,15,3414,,,,8,12981,,,,32,27645,,,,24,31761,,,,,,,,,,,,,,,,,,,,,,,,,,,,,,,,,,,,,,
173713,4-Oct-18,3:51:18,2018-10-04 03:51:18,G,1,148,4536,,0,9,-62.4718,-59.9795,53:44.4,FastGPS,-62.4718,-59.9795,,,6.8,-1.6,,,,15,18,2411,,,,8,12706,,,,28,15046,,,,11,6277,,,,10,21955,,,,1,10297,,,,32,22616,,,,20,9296,,,,15,2984,,,,,,,,,,,,,,,,,,,,,,,,,,,,,,,,,
173713,4-Oct-18,5:21:53,2018-10-04 05:21:53,G,2,148,4539,,0,9,-62.4727,-59.9799,24:20.4,FastGPS,-62.4727,-59.9799,,,8.7,-0.6,,,,15,17,3588,,,,1,13951,,,,11,2593,,,,10,21251,,,,18,24400,,,,32,16211,,,,14,24357,,,,22,4686,,,,28,29767,,,,,,,,,,,,,,,,,,,,,,,,,,,,,,,,,
173713,4-Oct-18,5:54:31,2018-10-04 05:54:31,G,3,148,4540,1825,0,8,-62.4715,-59.9825,56:58.4,FastGPS,-62.4715,-59.9825,,,10.7,-0.6,,,,15,32,22338,,,,31,23789,,,,14,14708,,,,11,20851,,,,17,21628,,,,1,10372,,,,12,23416,,,,18,7995,,,,,,,,,,,,,,,,,,,,,,,,,,,,,,,,,,,,,,
173713,4-Oct-18,6:24:00,2018-10-04 06:24:00,G,4,148,4541,,0,9,-62.4771,-59.9734,26:26.4,FastGPS,-62.4771,-59.9734,,,9.3,-1.6,,,,15,32,4096,,,,22,15109,,,,1,7243,,,,17,30581,,,,11,18995,,,,31,6442,,,,14,29400,,,,18,3629,,,,12,28299,,,,,,,,,,,,,,,,,,,,,,,,,,,,,,,,,
173713,4-Oct-18,7:10:45,2018-10-04 07:10:45,G,2,148,4542,,0,9,-62.4729,-59.9805,13:12.9,FastGPS,-62.4729,-59.9805,,,9.9,-0.1,,,,15,17,10149,,,,3,13706,,,,19,10766,,,,22,13330,,,,14,24358,,,,31,22701,,,,12,13774,,,,1,32092,,,,32,24897,,,,,,,,,,,,,,,,,,,,,,,,,,,,,,,,,
173713,4-Oct-18,7:41:31,2018-10-04 07:41:31,G,2,148,4543,,0,9,-62.4758,-59.9831,43:57.4,FastGPS,-62.4758,-59.9831,,,8.3,-1.6,,,,15,23,19779,,,,1,5836,,,,3,22807,,,,22,20681,,,,12,29542,,,,17,5152,,,,18,18906,,,,19,67,,,,11,18371,,,,,,,,,,,,,,,,,,,,,,,,,,,,,,,,,
173713,4-Oct-18,8:11:00,2018-10-04 08:11:00,G,2,148,4544,,0,9,-62.4703,-60.0037,13:27.4,FastGPS,-62.4703,-60.0037,,,7.6,-0.6,,,,15,6,2710,,,,31,2529,,,,3,10340,,,,23,20784,,,,19,27035,,,,22,8800,,,,12,22682,,,,1,5062,,,,25,30623,,,,,,,,,,,,,,,,,,,,,,,,,,,,,,,,,
173713,4-Oct-18,8:41:25,2018-10-04 08:41:25,G,2,148,4545,1826,0,7,-62.471,-59.9763,43:51.9,FastGPS,-62.471,-59.9763,,,8.6,-1.1,,,,15,23,14866,,,,31,4901,,,,6,25130,,,,26,1657,,,,3,16314,,,,22,19320,,,,9,2577,,,,,,,,,,,,,,,,,,,,,,,,,,,,,,,,,,,,,,,,,,,
173713,4-Oct-18,9:11:22,2018-10-04 09:11:22,G,2,148,4546,1826,0,7,-62.4695,-59.9814,13:48.9,FastGPS,-62.4695,-59.9814,,,6.7,-1.1,,,,15,31,11614,,,,3,30886,,,,23,11194,,,,26,25380,,,,9,28516,,,,6,13217,,,,22,17620,,,,,,,,,,,,,,,,,,,,,,,,,,,,,,,,,,,,,,,,,,,
173713,4-Oct-18,9:45:43,2018-10-04 09:45:43,G,2,148,4547,1826,0,7,-62.4701,-59.992,48:09.9,FastGPS,-62.4701,-59.992,,,6.7,-1.1,,,,15,7,9041,,,,23,18907,,,,16,11720,,,,26,13424,,,,9,25514,,,,3,22979,,,,6,4580,,,,,,,,,,,,,,,,,,,,,,,,,,,,,,,,,,,,,,,,,,,
173713,4-Oct-18,10:19:05,2018-10-04 10:19:05,G,2,148,4548,1826,0,7,-62.4692,-60.0112,21:32.9,FastGPS,-62.4692,-60.0112,,,3.7,-0.1,,,,15,23,20267,,,,9,20612,,,,16,4322,,,,7,5923,,,,26,21171,,,,6,17036,,,,2,20841,,,,,,,,,,,,,,,,,,,,,,,,,,,,,,,,,,,,,,,,,,,
173713,4-Oct-18,10:53:09,2018-10-04 10:53:09,G,4,148,4549,1826,0,5,-62.4735,-59.9869,55:36.9,FastGPS,-62.4735,-59.9869,,,8.5,-0.1,,,,15,23,12597,,,,16,17690,,,,7,13398,,,,26,5863,,,,9,4201,,,,,,,,,,,,,,,,,,,,,,,,,,,,,,,,,,,,,,,,,,,,,,,,,,,,,
173713,4-Oct-18,11:45:51,2018-10-04 11:45:51,G,2,148,4550,1827,0,6,-62.4714,-59.9856,48:18.4,FastGPS,-62.4714,-59.9856,,,4.2,-0.6,,,,15,9,31185,,,,30,10758,,,,5,3964,,,,23,29165,,,,7,17995,,,,2,17381,,,,,,,,,,,,,,,,,,,,,,,,,,,,,,,,,,,,,,,,,,,,,,,,
173713,4-Oct-18,12:57:26,2018-10-04 12:57:26,G,2,148,4551,1829,0,8,-62.4704,-59.994,59:53.9,FastGPS,-62.4704,-59.994,,,12,-0.1,,,,15,7,23059,,,,9,23767,,,,27,9352,,,,8,32490,,,,30,4047,,,,5,32471,,,,28,11091,,,,21,26926,,,,,,,,,,,,,,,,,,,,,,,,,,,,,,,,,,,,,,
173713,4-Oct-18,13:43:00,2018-10-04 13:43:00,G,1,148,4552,1830,0,7,-62.4696,-60.011,45:27.9,FastGPS,-62.4696,-60.011,,,8,-0.1,,,,15,7,4763,,,,30,28910,,,,15,18806,,,,28,20638,,,,13,32510,,,,5,6612,,,,8,7992,,,,,,,,,,,,,,,,,,,,,,,,,,,,,,,,,,,,,,,,,,,
173713,4-Oct-18,14:14:49,2018-10-04 14:14:49,G,2,148,4553,1830,0,8,-62.4708,-60.0011,17:16.4,FastGPS,-62.4708,-60.0011,,,8.9,-0.6,,,,15,30,13052,,,,5,30427,,,,7,5778,,,,28,1940,,,,8,6438,,,,15,14661,,,,27,690,,,,13,30614,,,,,,,,,,,,,,,,,,,,,,,,,,,,,,,,,,,,,,
173713,4-Oct-18,14:45:21,2018-10-04 14:45:21,G,2,148,4554,1830,0,6,-62.4717,-59.9787,47:48.9,FastGPS,-62.4717,-59.9787,,,2.8,-0.1,,,,15,15,14171,,,,7,26128,,,,13,15586,,,,28,28240,,,,30,27040,,,,11,29765,,,,,,,,,,,,,,,,,,,,,,,,,,,,,,,,,,,,,,,,,,,,,,,,
173713,4-Oct-18,15:15:00,2018-10-04 15:15:00,G,3,148,4555,1830,0,4,-62.448,-60.079,10/5/2018 8:28,P,-62.4758,-59.9651,,,0.3,-0.7,,,,15,15,30423,,,,13,7317,,,,28,19322,,,,24,30826,,,,,,,,,,,,,,,,,,,,,,,,,,,,,,,,,,,,,,,,,,,,,,,,,,,,,,,,,,
173713,4-Oct-18,15:45:00,2018-10-04 15:45:00,G,2,148,4556,1830,1,4,-62.448,-60.079,10/5/2018 8:28,P,-62.4747,-59.9681,,,1.5,-0.7,,,,15,15,10687,,,,20,8574,,,,24,2885,,,,13,24029,,,,,,,,,,,,,,,,,,,,,,,,,,,,,,,,,,,,,,,,,,,,,,,,,,,,,,,,,,
173713,4-Oct-18,16:15:00,2018-10-04 16:15:00,G,3,148,4557,1830,1,6,-62.4752,-59.9651,17:27.4,FastGPS,-62.4752,-59.9651,,,18.4,-0.6,,,,15,24,17451,,,,12,7578,,,,15,4875,,,,13,28700,,,,17,6196,,,,20,4345,,,,,,,,,,,,,,,,,,,,,,,,,,,,,,,,,,,,,,,,,,,,,,,,
173713,5-Oct-18,1:36:14,2018-10-05 01:36:14,G,1,148,4558,1830,0,8,-62.4749,-59.9657,38:41.4,FastGPS,-62.4749,-59.9657,,,9.4,-0.6,,,,15,21,2448,,,,15,13202,,,,20,20516,,,,10,28233,,,,27,2217,,,,16,29667,,,,7,19392,,,,8,21160,,,,,,,,,,,,,,,,,,,,,,,,,,,,,,,,,,,,,,
173713,5-Oct-18,2:06:24,2018-10-05 02:06:24,G,2,148,4559,,0,9,-62.4747,-59.9752,08:51.9,FastGPS,-62.4747,-59.9752,,,10.6,-0.1,,,,15,10,26232,,,,27,7569,,,,20,6877,,,,16,11247,,,,21,23266,,,,7,26702,,,,13,13302,,,,30,20566,,,,8,27049,,,,,,,,,,,,,,,,,,,,,,,,,,,,,,,,,
173713,5-Oct-18,2:36:00,2018-10-05 02:36:00,G,1,148,4560,1830,0,8,-62.4794,-59.9723,38:26.4,FastGPS,-62.4794,-59.9723,,,13.3,-1.5,,,,15,21,32417,,,,15,29206,,,,10,3309,,,,20,255,,,,8,18970,,,,18,31136,,,,11,30030,,,,27,19685,,,,,,,,,,,,,,,,,,,,,,,,,,,,,,,,,,,,,,
173713,5-Oct-18,3:51:20,2018-10-05 03:51:20,G,2,148,4562,,0,9,-62.4888,-59.9625,53:47.9,FastGPS,-62.4888,-59.9625,,,8.5,-0.1,,,,15,10,13654,,,,20,26117,,,,27,29465,,,,32,3707,,,,18,12775,,,,15,19027,,,,8,5771,,,,11,17010,,,,24,11197,,,,,,,,,,,,,,,,,,,,,,,,,,,,,,,,,
173713,5-Oct-18,4:38:02,2018-10-05 04:38:02,G,1,148,4563,,0,9,-62.4872,-59.9636,40:29.9,FastGPS,-62.4872,-59.9636,,,9.2,-0.1,,,,15,10,30736,,,,18,21230,,,,32,9573,,,,27,29942,,,,1,19451,,,,14,19055,,,,11,29584,,,,8,27850,,,,24,27660,,,,,,,,,,,,,,,,,,,,,,,,,,,,,,,,,
173713,5-Oct-18,5:08:00,2018-10-05 05:08:00,G,2,148,4564,,0,9,-62.4742,-59.9766,10:26.4,FastGPS,-62.4742,-59.9766,,,12.6,-1.6,,,,15,32,19255,,,,10,31101,,,,18,26382,,,,11,4014,,,,1,25538,,,,22,1709,,,,3,2669,,,,8,20926,,,,14,2440,,,,,,,,,,,,,,,,,,,,,,,,,,,,,,,,,
173713,5-Oct-18,5:38:37,2018-10-05 05:38:37,G,1,148,4565,,0,9,-62.4671,-60.0043,41:03.4,FastGPS,-62.4671,-60.0043,,,7.3,-1.5,,,,15,32,1605,,,,14,30216,,,,18,15322,,,,17,14247,,,,10,32359,,,,1,22262,,,,3,5594,,,,22,14427,,,,11,27502,,,,,,,,,,,,,,,,,,,,,,,,,,,,,,,,,
173713,5-Oct-18,6:39:00,2018-10-05 06:39:00,G,1,148,4567,,0,9,-62.4387,-60.0289,41:27.4,FastGPS,-62.4387,-60.0289,,,8.9,-0.6,,,,15,31,1972,,,,14,23819,,,,18,5571,,,,19,16256,,,,22,31399,,,,1,14468,,,,32,29288,,,,11,23628,,,,3,9868,,,,,,,,,,,,,,,,,,,,,,,,,,,,,,,,,
173713,5-Oct-18,7:39:16,2018-10-05 07:39:16,G,1,148,4569,,0,9,-62.45,-60.032,41:42.4,FastGPS,-62.45,-60.032,,,7.8,-1.6,,,,15,23,15939,,,,1,20240,,,,22,5900,,,,3,12186,,,,12,14930,,,,25,24057,,,,6,613,,,,31,928,,,,18,31826,,,,,,,,,,,,,,,,,,,,,,,,,,,,,,,,,
173713,5-Oct-18,8:15:29,2018-10-05 08:15:29,G,1,148,4570,1832,0,8,-62.452,-60.0567,17:56.5,FastGPS,-62.452,-60.0567,,,8.1,-0.5,,,,15,31,2490,,,,23,22176,,,,25,32212,,,,14,6277,,,,9,7740,,,,3,10863,,,,6,2986,,,,17,21680,,,,,,,,,,,,,,,,,,,,,,,,,,,,,,,,,,,,,,
173713,5-Oct-18,9:01:20,2018-10-05 09:01:20,G,1,148,4571,1832,0,7,-62.4524,-60.1136,03:46.9,FastGPS,-62.4524,-60.1136,,,9.8,-1.1,,,,15,9,22342,,,,6,23091,,,,31,9170,,,,23,18660,,,,3,26968,,,,2,7148,,,,26,19052,,,,,,,,,,,,,,,,,,,,,,,,,,,,,,,,,,,,,,,,,,,
173713,5-Oct-18,9:31:38,2018-10-05 09:31:38,G,3,148,4572,,0,9,-62.467,-60.114,34:04.9,FastGPS,-62.467,-60.114,,,11,-1.1,,,,15,9,16505,,,,31,12874,,,,6,28337,,,,23,3824,,,,7,31924,,,,26,7502,,,,3,5828,,,,29,31839,,,,16,17245,,,,,,,,,,,,,,,,,,,,,,,,,,,,,,,,,
173713,5-Oct-18,10:01:00,2018-10-05 10:01:00,G,3,148,4573,,0,9,-62.4679,-60.1012,03:27.4,FastGPS,-62.4679,-60.1012,,,5.1,-0.6,,,,15,9,1669,,,,6,14093,,,,7,26785,,,,23,7216,,,,16,23455,,,,26,11812,,,,29,29890,,,,2,6114,,,,31,24923,,,,,,,,,,,,,,,,,,,,,,,,,,,,,,,,,
173713,5-Oct-18,10:31:06,2018-10-05 10:31:06,G,1,148,4574,,0,9,-62.4677,-60.1014,33:33.4,FastGPS,-62.4677,-60.1014,,,10.5,-0.6,,,,15,26,3915,,,,7,9255,,,,2,9586,,,,23,6100,,,,9,17371,,,,5,23494,,,,6,25042,,,,29,18181,,,,16,31077,,,,,,,,,,,,,,,,,,,,,,,,,,,,,,,,,
173713,5-Oct-18,11:01:00,2018-10-05 11:01:00,G,2,148,4575,,0,9,-62.4619,-60.1004,03:27.4,FastGPS,-62.4619,-60.1004,,,12.1,-0.6,,,,15,7,19605,,,,2,18796,,,,5,19305,,,,9,19717,,,,16,19301,,,,23,32090,,,,26,8172,,,,6,32502,,,,29,16730,,,,,,,,,,,,,,,,,,,,,,,,,,,,,,,,,
173713,5-Oct-18,11:31:07,2018-10-05 11:31:07,G,2,148,4576,1832,0,8,-62.4718,-60.0866,33:34.9,FastGPS,-62.4718,-60.0866,,,10.7,-0.1,,,,15,7,4371,,,,5,7061,,,,23,13709,,,,30,4486,,,,2,29022,,,,16,5524,,,,9,30714,,,,29,17546,,,,,,,,,,,,,,,,,,,,,,,,,,,,,,,,,,,,,,
173713,5-Oct-18,12:16:11,2018-10-05 12:16:11,G,2,148,4577,1833,0,5,-62.4859,-60.0777,18:37.4,FastGPS,-62.4859,-60.0777,,,6.9,-1.6,,,,15,7,8842,,,,9,20531,,,,30,1267,,,,5,20773,,,,13,6374,,,,,,,,,,,,,,,,,,,,,,,,,,,,,,,,,,,,,,,,,,,,,,,,,,,,,
173713,5-Oct-18,12:48:07,2018-10-05 12:48:07,G,2,148,4578,1833,0,5,-62.4906,-60.0997,50:34.9,FastGPS,-62.4906,-60.0997,,,3,-0.1,,,,15,7,23205,,,,30,20221,,,,27,27051,,,,9,4539,,,,21,10870,,,,,,,,,,,,,,,,,,,,,,,,,,,,,,,,,,,,,,,,,,,,,,,,,,,,,
173713,5-Oct-18,14:18:00,2018-10-05 14:18:00,G,4,148,4579,1837,1,5,-62.4865,-60.0943,20:27.8,FastGPS,-62.4865,-60.0943,,,2.5,-0.2,,,,15,15,28515,,,,13,26270,,,,20,7835,,,,8,17686,,,,30,15620,,,,,,,,,,,,,,,,,,,,,,,,,,,,,,,,,,,,,,,,,,,,,,,,,,,,,
173713,5-Oct-18,15:03:00,2018-10-05 15:03:00,G,5,148,4580,1838,1,4,-62.595,-60.012,10/6/2018 12:02,A,-62.4875,-60.0986,,,1.4,-0.6,,,,15,28,1280,,,,15,29142,,,,8,14286,,,,18,19689,,,,,,,,,,,,,,,,,,,,,,,,,,,,,,,,,,,,,,,,,,,,,,,,,,,,,,,,,,
173713,5-Oct-18,16:03:00,2018-10-05 16:03:00,G,2,148,4581,1840,1,5,-62.4887,-60.098,05:27.3,FastGPS,-62.4887,-60.098,,,6.8,-0.7,,,,15,28,22102,,,,11,4183,,,,10,25811,,,,18,24142,,,,1,24577,,,,,,,,,,,,,,,,,,,,,,,,,,,,,,,,,,,,,,,,,,,,,,,,,,,,,
173713,5-Oct-18,17:13:59,2018-10-05 17:13:59,G,1,148,4583,1840,0,7,-62.4661,-60.04,16:26.5,FastGPS,-62.4661,-60.04,,,11.5,-0.5,,,,15,17,15623,,,,19,23466,,,,24,23673,,,,1,18444,,,,32,11497,,,,28,27233,,,,15,6206,,,,,,,,,,,,,,,,,,,,,,,,,,,,,,,,,,,,,,,,,,,
173713,5-Oct-18,17:44:26,2018-10-05 17:44:26,G,2,148,4584,1840,0,8,-62.4678,-60.0103,46:53.4,FastGPS,-62.4678,-60.0103,,,5.8,-0.6,,,,15,12,30430,,,,24,21443,,,,17,24875,,,,19,16336,,,,1,16478,,,,6,26679,,,,22,16149,,,,15,32301,,,,,,,,,,,,,,,,,,,,,,,,,,,,,,,,,,,,,,
173713,5-Oct-18,18:14:00,2018-10-05 18:14:00,G,1,148,4585,,0,9,-62.4727,-59.9882,16:27.4,FastGPS,-62.4727,-59.9882,,,11.5,-0.6,,,,15,32,14259,,,,12,6217,,,,17,753,,,,24,20883,,,,14,23931,,,,19,9383,,,,6,6468,,,,25,1334,,,,3,20190,,,,,,,,,,,,,,,,,,,,,,,,,,,,,,,,,
173713,5-Oct-18,19:34:46,2018-10-05 19:34:46,G,1,148,4587,,0,9,-62.4727,-59.9889,37:13.5,FastGPS,-62.4727,-59.9889,,,8.3,-0.5,,,,15,12,11607,,,,6,28095,,,,19,24074,,,,32,21829,,,,29,23363,,,,2,26655,,,,25,24933,,,,14,1001,,,,24,31495,,,,,,,,,,,,,,,,,,,,,,,,,,,,,,,,,
173713,5-Oct-18,20:06:29,2018-10-05 20:06:29,G,2,148,4588,1841,0,8,-62.4708,-59.984,08:56.4,FastGPS,-62.4708,-59.984,,,11.9,-0.6,,,,15,31,9830,,,,29,8595,,,,25,28508,,,,14,19235,,,,12,8177,,,,32,24354,,,,6,2060,,,,2,32732,,,,,,,,,,,,,,,,,,,,,,,,,,,,,,,,,,,,,,
173713,5-Oct-18,20:36:16,2018-10-05 20:36:16,G,3,148,4589,1841,0,8,-62.4709,-59.9776,38:43.5,FastGPS,-62.4709,-59.9776,,,11.2,-0.5,,,,15,31,25307,,,,29,14247,,,,25,8124,,,,12,20968,,,,2,32223,,,,6,13837,,,,19,28996,,,,14,14612,,,,,,,,,,,,,,,,,,,,,,,,,,,,,,,,,,,,,,
173713,5-Oct-18,21:06:20,2018-10-05 21:06:20,G,1,148,4590,1841,0,7,-62.4713,-59.9793,08:47.4,FastGPS,-62.4713,-59.9793,,,12.7,-0.6,,,,15,2,25007,,,,12,17641,,,,25,28497,,,,29,8758,,,,31,15141,,,,6,3897,,,,5,281,,,,,,,,,,,,,,,,,,,,,,,,,,,,,,,,,,,,,,,,,,,
173713,5-Oct-18,21:36:09,2018-10-05 21:36:09,G,4,148,4591,1841,0,7,-62.4665,-59.985,38:36.5,FastGPS,-62.4665,-59.985,,,19,-0.5,,,,15,31,107,,,,23,25307,,,,2,9427,,,,26,11385,,,,5,27184,,,,29,13562,,,,25,20177,,,,,,,,,,,,,,,,,,,,,,,,,,,,,,,,,,,,,,,,,,,
173713,5-Oct-18,22:07:01,2018-10-05 22:07:01,G,3,148,4592,,0,9,-62.4684,-59.9812,09:28.9,FastGPS,-62.4684,-59.9812,,,5.9,-0.1,,,,15,29,31930,,,,31,16164,,,,25,21609,,,,5,17046,,,,9,8189,,,,23,28871,,,,21,17522,,,,26,29159,,,,2,28916,,,,,,,,,,,,,,,,,,,,,,,,,,,,,,,,,
173713,5-Oct-18,22:41:56,2018-10-05 22:41:56,G,3,148,4593,1841,0,7,-62.4672,-59.9844,44:23.4,FastGPS,-62.4672,-59.9844,,,11.4,-0.6,,,,15,5,11060,,,,29,10032,,,,2,807,,,,31,9109,,,,21,31867,,,,26,1364,,,,25,11328,,,,,,,,,,,,,,,,,,,,,,,,,,,,,,,,,,,,,,,,,,,
173713,5-Oct-18,23:12:47,2018-10-05 23:12:47,G,3,148,4594,1841,0,6,-62.4677,-59.9856,15:14.4,FastGPS,-62.4677,-59.9856,,,6.6,-0.6,,,,15,29,9930,,,,21,31442,,,,26,12682,,,,5,9168,,,,16,8326,,,,9,1390,,,,,,,,,,,,,,,,,,,,,,,,,,,,,,,,,,,,,,,,,,,,,,,,
173713,5-Oct-18,23:46:26,2018-10-05 23:46:26,G,4,148,4595,1841,0,6,-62.4662,-59.9831,48:53.4,FastGPS,-62.4662,-59.9831,,,9.8,-0.6,,,,15,5,961,,,,29,13734,,,,26,21912,,,,21,20214,,,,16,14060,,,,7,5162,,,,,,,,,,,,,,,,,,,,,,,,,,,,,,,,,,,,,,,,,,,,,,,,
173713,6-Oct-18,0:16:54,2018-10-06 00:16:54,G,2,148,4596,,0,9,-62.4676,-59.9836,19:21.4,FastGPS,-62.4676,-59.9836,,,15.5,-0.6,,,,15,21,3801,,,,7,3817,,,,26,31061,,,,29,17631,,,,20,22109,,,,5,4965,,,,16,19490,,,,27,16282,,,,15,29636,,,,,,,,,,,,,,,,,,,,,,,,,,,,,,,,,
173713,6-Oct-18,0:47:25,2018-10-06 00:47:25,G,1,148,4597,,0,9,-62.4698,-60.0029,49:52.4,FastGPS,-62.4698,-60.0029,,,11,-0.6,,,,15,29,8853,,,,7,29366,,,,20,3536,,,,21,9602,,,,15,195,,,,27,183,,,,16,16336,,,,26,3095,,,,10,22879,,,,,,,,,,,,,,,,,,,,,,,,,,,,,,,,,
173713,6-Oct-18,1:19:03,2018-10-06 01:19:03,G,1,148,4598,,0,9,-62.4727,-60.0311,21:30.5,FastGPS,-62.4727,-60.0311,,,6.5,-0.5,,,,15,10,22743,,,,7,26223,,,,21,17467,,,,20,11600,,,,27,19346,,,,16,15871,,,,8,15262,,,,26,24270,,,,15,4157,,,,,,,,,,,,,,,,,,,,,,,,,,,,,,,,,
173713,6-Oct-18,4:25:57,2018-10-06 04:25:57,G,2,148,4604,,0,9,-62.5183,-59.9471,28:24.4,FastGPS,-62.5183,-59.9471,,,3.7,-0.6,,,,15,32,826,,,,27,9033,,,,14,25795,,,,8,28180,,,,1,30682,,,,18,15953,,,,28,5649,,,,11,23680,,,,22,25707,,,,,,,,,,,,,,,,,,,,,,,,,,,,,,,,,
173713,6-Oct-18,4:57:49,2018-10-06 04:57:49,G,1,148,4605,,0,9,-62.5267,-59.9585,00:16.9,FastGPS,-62.5267,-59.9585,,,4.9,-0.1,,,,15,8,12038,,,,18,22425,,,,11,32435,,,,22,7630,,,,14,15819,,,,32,15397,,,,17,4687,,,,1,7630,,,,24,21713,,,,,,,,,,,,,,,,,,,,,,,,,,,,,,,,,
173713,6-Oct-18,5:31:10,2018-10-06 05:31:10,G,3,148,4606,,0,9,-62.5393,-59.9825,33:37.9,FastGPS,-62.5393,-59.9825,,,12.2,-0.1,,,,15,18,20751,,,,17,7138,,,,11,2,,,,1,19925,,,,14,28463,,,,22,5908,,,,32,8761,,,,24,24751,,,,8,28224,,,,,,,,,,,,,,,,,,,,,,,,,,,,,,,,,
173713,6-Oct-18,6:01:00,2018-10-06 06:01:00,G,1,148,4607,,0,9,-62.5536,-59.991,03:27.4,FastGPS,-62.5536,-59.991,,,9.3,-0.6,,,,15,1,11632,,,,22,21196,,,,3,10704,,,,17,14351,,,,11,21394,,,,32,16171,,,,12,27907,,,,18,7319,,,,14,9343,,,,,,,,,,,,,,,,,,,,,,,,,,,,,,,,,
173713,6-Oct-18,6:31:00,2018-10-06 06:31:00,G,3,148,4608,,0,9,-62.5528,-59.987,33:27.4,FastGPS,-62.5528,-59.987,,,4.1,-0.6,,,,15,17,4856,,,,31,28108,,,,19,14638,,,,12,23072,,,,32,18814,,,,3,6037,,,,14,6096,,,,11,8704,,,,22,1826,,,,,,,,,,,,,,,,,,,,,,,,,,,,,,,,,
173713,6-Oct-18,7:31:00,2018-10-06 07:31:00,G,1,148,4610,,0,9,-62.5488,-59.9802,33:27.4,FastGPS,-62.5488,-59.9802,,,6.2,-0.6,,,,15,31,17537,,,,18,3400,,,,1,21782,,,,17,20509,,,,11,2216,,,,22,32427,,,,3,29486,,,,19,9229,,,,23,17214,,,,,,,,,,,,,,,,,,,,,,,,,,,,,,,,,
173713,6-Oct-18,8:34:00,2018-10-06 08:34:00,G,1,148,4612,,0,9,-62.5607,-59.9974,36:27.4,FastGPS,-62.5607,-59.9974,,,5.3,-0.6,,,,15,22,3191,,,,6,13983,,,,23,3092,,,,3,1698,,,,19,21929,,,,9,23965,,,,31,24072,,,,2,26983,,,,1,22100,,,,,,,,,,,,,,,,,,,,,,,,,,,,,,,,,
173713,6-Oct-18,10:05:49,2018-10-06 10:05:49,G,1,148,4615,1841,0,7,-62.5606,-59.9973,08:16.9,FastGPS,-62.5606,-59.9973,,,8.8,-0.1,,,,15,7,27911,,,,9,31896,,,,29,31405,,,,23,13286,,,,6,13134,,,,3,6276,,,,26,4678,,,,,,,,,,,,,,,,,,,,,,,,,,,,,,,,,,,,,,,,,,,
173713,6-Oct-18,10:40:12,2018-10-06 10:40:12,G,1,148,4616,,0,9,-62.5742,-59.9997,42:39.9,FastGPS,-62.5742,-59.9997,,,7.3,-0.1,,,,15,29,26613,,,,23,12890,,,,7,11684,,,,5,32540,,,,9,25298,,,,26,309,,,,16,30792,,,,2,7183,,,,3,5006,,,,,,,,,,,,,,,,,,,,,,,,,,,,,,,,,
173713,6-Oct-18,11:12:26,2018-10-06 11:12:26,G,1,148,4617,1841,0,7,-62.5753,-60.0041,14:53.5,FastGPS,-62.5753,-60.0041,,,2.7,-0.5,,,,15,29,21596,,,,5,17978,,,,23,7107,,,,16,18788,,,,7,1266,,,,9,28571,,,,26,1213,,,,,,,,,,,,,,,,,,,,,,,,,,,,,,,,,,,,,,,,,,,
173713,6-Oct-18,12:46:00,2018-10-06 12:46:00,G,1,148,4620,,0,9,-62.5979,-59.9937,48:27.4,FastGPS,-62.5979,-59.9938,,,5.7,-0.6,,,,15,7,21573,,,,5,25864,,,,9,30942,,,,30,24428,,,,13,6763,,,,8,15053,,,,21,16871,,,,27,32280,,,,28,16842,,,,,,,,,,,,,,,,,,,,,,,,,,,,,,,,,
173713,6-Oct-18,13:20:01,2018-10-06 13:20:01,G,1,148,4621,1841,0,7,-62.6066,-59.9728,22:28.5,FastGPS,-62.6066,-59.9728,,,7.6,-0.5,,,,15,7,7773,,,,5,26483,,,,8,7996,,,,30,20935,,,,13,7333,,,,27,12851,,,,28,3141,,,,,,,,,,,,,,,,,,,,,,,,,,,,,,,,,,,,,,,,,,,
173713,6-Oct-18,13:54:30,2018-10-06 13:54:30,G,2,148,4622,1841,0,7,-62.6091,-59.9628,56:58.0,FastGPS,-62.6091,-59.9628,,,3.3,0,,,,15,7,14715,,,,30,25983,,,,5,31893,,,,8,4227,,,,13,905,,,,28,18361,,,,27,25740,,,,,,,,,,,,,,,,,,,,,,,,,,,,,,,,,,,,,,,,,,,
173713,6-Oct-18,14:30:25,2018-10-06 14:30:25,G,3,148,4623,1841,0,7,-62.6137,-59.9481,32:52.5,FastGPS,-62.6137,-59.9481,,,5.5,-0.5,,,,15,30,27742,,,,15,8444,,,,7,5221,,,,28,31175,,,,5,6371,,,,13,27407,,,,11,27891,,,,,,,,,,,,,,,,,,,,,,,,,,,,,,,,,,,,,,,,,,,
173713,6-Oct-18,15:02:05,2018-10-06 15:02:05,G,1,148,4624,1841,0,8,-62.6131,-59.9579,04:32.4,FastGPS,-62.6131,-59.9579,,,20.5,-0.6,,,,15,15,25684,,,,30,22005,,,,17,17371,,,,28,23896,,,,13,16010,,,,7,19981,,,,20,29430,,,,24,14598,,,,,,,,,,,,,,,,,,,,,,,,,,,,,,,,,,,,,,
173713,6-Oct-18,16:54:39,2018-10-06 16:54:39,G,1,148,4627,1842,0,8,-62.6048,-59.9551,57:06.5,FastGPS,-62.6048,-59.9551,,,8.9,-0.5,,,,15,24,25802,,,,17,7637,,,,10,13829,,,,28,28423,,,,19,10974,,,,1,20849,,,,15,14948,,,,12,1143,,,,,,,,,,,,,,,,,,,,,,,,,,,,,,,,,,,,,,
173713,6-Oct-18,17:26:30,2018-10-06 17:26:30,G,1,148,4628,,0,9,-62.6051,-59.9451,28:57.9,FastGPS,-62.6051,-59.9451,,,10.2,-0.1,,,,15,19,26307,,,,17,8376,,,,32,12335,,,,12,7657,,,,24,11160,,,,10,8310,,,,15,14033,,,,1,5119,,,,6,22119,,,,,,,,,,,,,,,,,,,,,,,,,,,,,,,,,
173713,6-Oct-18,18:27:01,2018-10-06 18:27:01,G,1,148,4630,1842,0,8,-62.6036,-59.9425,29:28.9,FastGPS,-62.6036,-59.9425,,,3.4,-0.1,,,,15,24,16098,,,,32,26460,,,,6,26483,,,,12,4309,,,,19,20867,,,,14,6242,,,,25,2927,,,,2,16754,,,,,,,,,,,,,,,,,,,,,,,,,,,,,,,,,,,,,,
173713,6-Oct-18,19:02:37,2018-10-06 19:02:37,G,3,148,4631,,0,9,-62.6084,-59.9338,05:04.4,FastGPS,-62.6084,-59.9338,,,13.5,-0.6,,,,15,12,17964,,,,19,18377,,,,2,6244,,,,6,14264,,,,24,14700,,,,25,10587,,,,14,6543,,,,32,16304,,,,17,12991,,,,,,,,,,,,,,,,,,,,,,,,,,,,,,,,,
173713,6-Oct-18,19:32:12,2018-10-06 19:32:12,G,2,148,4632,,0,9,-62.6016,-59.9409,34:39.9,FastGPS,-62.6016,-59.9409,,,5.5,-0.1,,,,15,12,5930,,,,19,14785,,,,31,7891,,,,6,23894,,,,24,18740,,,,25,24430,,,,2,27476,,,,3,9102,,,,29,25174,,,,,,,,,,,,,,,,,,,,,,,,,,,,,,,,,
173713,6-Oct-18,20:36:23,2018-10-06 20:36:23,G,1,148,4634,1842,0,6,-62.5928,-59.9326,38:51.0,FastGPS,-62.5928,-59.9326,,,9.2,0,,,,15,31,23767,,,,29,16132,,,,12,28716,,,,6,22210,,,,2,22161,,,,25,28979,,,,,,,,,,,,,,,,,,,,,,,,,,,,,,,,,,,,,,,,,,,,,,,,
173713,6-Oct-18,21:06:00,2018-10-06 21:06:00,G,1,148,4635,1842,0,7,-62.5895,-59.9379,08:27.4,FastGPS,-62.5895,-59.9379,,1,4.4,-0.6,,,,15,2,10395,,,,29,7756,,,,12,25691,,,,5,4883,,,,25,13544,,,,31,8810,,,,1,21295,,,,,,,,,,,,,,,,,,,,,,,,,,,,,,,,,,,,,,,,,,,
173713,6-Oct-18,21:36:44,2018-10-06 21:36:44,G,3,148,4636,1842,0,8,-62.5907,-59.9272,39:11.4,FastGPS,-62.5907,-59.9272,,,6.9,-0.6,,,,15,31,28272,,,,29,18491,,,,5,9222,,,,26,30372,,,,12,13255,,,,25,6831,,,,2,28157,,,,23,25431,,,,,,,,,,,,,,,,,,,,,,,,,,,,,,,,,,,,,,
173713,6-Oct-18,23:14:06,2018-10-06 23:14:06,G,2,148,4639,1842,0,6,-62.5975,-59.9662,16:33.9,FastGPS,-62.5975,-59.9662,,,3.9,-0.1,,,,15,21,30342,,,,29,6877,,,,26,28010,,,,16,5509,,,,5,17118,,,,31,25189,,,,,,,,,,,,,,,,,,,,,,,,,,,,,,,,,,,,,,,,,,,,,,,,
173713,6-Oct-18,23:44:00,2018-10-06 23:44:00,G,2,148,4640,1842,0,7,-62.6029,-59.9893,46:27.4,FastGPS,-62.6029,-59.9893,,1,5.8,-0.6,,,,15,5,29066,,,,29,5101,,,,16,15934,,,,20,31383,,,,26,18045,,,,21,21907,,,,32,16462,,,,,,,,,,,,,,,,,,,,,,,,,,,,,,,,,,,,,,,,,,,
173713,7-Oct-18,0:14:00,2018-10-07 00:14:00,G,2,148,4641,,1,9,-62.6027,-59.9885,16:27.4,FastGPS,-62.6027,-59.9885,,,11.1,-0.6,,,,15,29,15033,,,,16,23725,,,,5,5777,,,,27,24811,,,,15,4312,,,,26,30932,,,,21,8034,,,,13,27707,,,,20,28920,,,,,,,,,,,,,,,,,,,,,,,,,,,,,,,,,
173713,7-Oct-18,0:44:11,2018-10-07 00:44:11,G,2,148,4642,,0,9,-62.6035,-59.9901,46:38.4,FastGPS,-62.6035,-59.9901,,,10.6,-0.6,,,,15,16,24680,,,,27,12888,,,,15,12307,,,,29,13293,,,,26,8512,,,,21,18295,,,,20,14628,,,,13,2818,,,,7,7624,,,,,,,,,,,,,,,,,,,,,,,,,,,,,,,,,
173713,7-Oct-18,2:44:00,2018-10-07 02:44:00,G,1,148,4646,,0,9,-62.6092,-60.0326,46:27.4,FastGPS,-62.6092,-60.0326,,,19.1,-0.6,,,,15,8,5802,,,,15,27431,,,,27,25127,,,,21,6143,,,,18,17145,,,,10,11865,,,,20,30380,,,,11,16823,,,,32,12616,,,,,,,,,,,,,,,,,,,,,,,,,,,,,,,,,
173713,7-Oct-18,3:14:00,2018-10-07 03:14:00,G,1,148,4647,,1,9,-62.6073,-60.0329,16:27.4,FastGPS,-62.6073,-60.0329,,,14.8,-0.6,,,,15,10,3762,,,,20,11798,,,,15,7807,,,,27,15265,,,,8,15439,,,,32,4803,,,,24,29343,,,,18,11897,,,,21,32644,,,,,,,,,,,,,,,,,,,,,,,,,,,,,,,,,
173713,7-Oct-18,3:44:00,2018-10-07 03:44:00,G,1,148,4648,,0,9,-62.6052,-60.0347,46:27.4,FastGPS,-62.6052,-60.0347,,,8.6,-0.6,,,,15,27,1835,,,,8,13365,,,,32,14652,,,,18,24985,,,,11,29456,,,,10,21116,,,,15,25236,,,,28,30781,,,,1,7090,,,,,,,,,,,,,,,,,,,,,,,,,,,,,,,,,
173713,7-Oct-18,4:14:00,2018-10-07 04:14:00,G,1,148,4649,,0,9,-62.6043,-60.0367,16:27.5,FastGPS,-62.6043,-60.0367,,,9.3,-0.5,,,,15,32,15129,,,,10,21808,,,,11,10021,,,,28,13445,,,,8,19136,,,,18,2791,,,,20,19952,,,,1,2631,,,,22,21829,,,,,,,,,,,,,,,,,,,,,,,,,,,,,,,,,
173713,7-Oct-18,4:44:01,2018-10-07 04:44:01,G,1,148,4650,,0,9,-62.6003,-60.043,46:28.5,FastGPS,-62.6003,-60.043,,,7.1,-0.5,,,,15,18,22531,,,,11,32074,,,,1,18902,,,,8,24967,,,,22,5655,,,,32,13883,,,,14,23096,,,,10,31427,,,,28,13613,,,,,,,,,,,,,,,,,,,,,,,,,,,,,,,,,
173713,7-Oct-18,6:14:00,2018-10-07 06:14:00,G,1,148,4653,,0,9,-62.5967,-60.0589,16:26.4,FastGPS,-62.5967,-60.0589,,,8.2,-1.6,,,,15,3,29436,,,,17,29534,,,,32,26059,,,,11,7921,,,,1,1320,,,,14,22028,,,,22,14188,,,,18,24661,,,,12,29443,,,,,,,,,,,,,,,,,,,,,,,,,,,,,,,,,
173713,7-Oct-18,7:17:24,2018-10-07 07:17:24,G,1,148,4655,,0,9,-62.5843,-60.0821,19:51.5,FastGPS,-62.5843,-60.0821,,,15.3,-0.5,,,,15,31,29143,,,,17,6319,,,,22,3204,,,,3,12219,,,,14,27882,,,,23,31518,,,,1,12419,,,,18,1901,,,,19,32331,,,,,,,,,,,,,,,,,,,,,,,,,,,,,,,,,
173713,7-Oct-18,9:56:57,2018-10-07 09:56:57,G,1,148,4660,1842,0,8,-62.53,-60.0147,59:24.5,FastGPS,-62.53,-60.0147,,,6.6,-0.5,,,,15,7,23957,,,,9,14641,,,,23,9479,,,,29,12686,,,,26,23389,,,,16,12317,,,,6,12730,,,,3,14128,,,,,,,,,,,,,,,,,,,,,,,,,,,,,,,,,,,,,,
173713,7-Oct-18,11:46:00,2018-10-07 11:46:00,G,2,148,4663,1843,0,6,-62.4759,-60.076,48:27.5,FastGPS,-62.4759,-60.076,,,3,-0.5,,,,15,7,28381,,,,9,24439,,,,16,20784,,,,23,3114,,,,5,1114,,,,30,21495,,,,,,,,,,,,,,,,,,,,,,,,,,,,,,,,,,,,,,,,,,,,,,,,
173713,7-Oct-18,14:52:45,2018-10-07 14:52:45,G,1,148,4669,,0,9,-62.4447,-60.1241,55:12.5,FastGPS,-62.4447,-60.1241,,,14.5,-0.5,,,,15,13,31640,,,,15,24556,,,,20,32080,,,,28,555,,,,17,1972,,,,30,17456,,,,8,19604,,,,10,10157,,,,24,2242,,,,,,,,,,,,,,,,,,,,,,,,,,,,,,,,,
173713,7-Oct-18,15:23:00,2018-10-07 15:23:00,G,2,148,4670,,0,9,-62.4512,-60.1203,25:27.9,FastGPS,-62.4512,-60.1203,,,9.4,-0.1,,,,15,28,28367,,,,15,22540,,,,11,9020,,,,18,27059,,,,24,15523,,,,13,100,,,,17,32326,,,,30,13833,,,,1,29150,,,,,,,,,,,,,,,,,,,,,,,,,,,,,,,,,
173713,7-Oct-18,15:53:00,2018-10-07 15:53:00,G,1,148,4671,,0,9,-62.4561,-60.1151,55:27.4,FastGPS,-62.4561,-60.1151,,,13.1,-0.6,,,,15,15,10903,,,,17,5075,,,,28,9262,,,,11,19828,,,,13,28767,,,,19,15555,,,,18,5031,,,,30,29903,,,,10,5955,,,,,,,,,,,,,,,,,,,,,,,,,,,,,,,,,
173713,7-Oct-18,16:54:42,2018-10-07 16:54:42,G,1,148,4673,1843,0,8,-62.4613,-60.1135,57:09.5,FastGPS,-62.4613,-60.1135,,,3.2,-0.5,,,,15,17,16982,,,,15,11485,,,,19,30949,,,,24,8942,,,,12,27312,,,,10,12777,,,,32,1126,,,,28,15932,,,,,,,,,,,,,,,,,,,,,,,,,,,,,,,,,,,,,,
173713,7-Oct-18,17:29:08,2018-10-07 17:29:08,G,1,148,4674,1843,0,8,-62.4598,-60.1182,31:35.9,FastGPS,-62.4598,-60.1182,,,3.4,-0.1,,,,15,12,363,,,,17,31332,,,,24,15277,,,,15,22565,,,,19,3407,,,,1,24871,,,,32,942,,,,28,16378,,,,,,,,,,,,,,,,,,,,,,,,,,,,,,,,,,,,,,
173713,7-Oct-18,20:20:00,2018-10-07 20:20:00,G,2,148,4679,1844,1,5,-62.4747,-60.1958,22:27.5,FastGPS,-62.4747,-60.1958,,,16.1,-0.5,,,,15,6,17990,,,,31,17402,,,,3,10022,,,,12,24589,,,,25,18920,,,,,,,,,,,,,,,,,,,,,,,,,,,,,,,,,,,,,,,,,,,,,,,,,,,,,
173713,7-Oct-18,21:20:00,2018-10-07 21:20:00,G,1,148,4681,1844,1,6,-62.4745,-60.1967,22:27.4,FastGPS,-62.4745,-60.1967,,,2,-0.6,,,,15,23,2463,,,,6,29721,,,,31,15528,,,,26,21972,,,,9,31322,,,,29,13221,,,,,,,,,,,,,,,,,,,,,,,,,,,,,,,,,,,,,,,,,,,,,,,,
173713,8-Oct-18,9:28:10,2018-10-08 09:28:10,G,1,148,4682,1844,0,6,-62.4754,-60.1974,30:38.0,FastGPS,-62.4754,-60.1974,,,4.1,0,,,,15,9,16711,,,,6,1233,,,,23,13984,,,,3,21081,,,,7,30571,,,,2,22167,,,,,,,,,,,,,,,,,,,,,,,,,,,,,,,,,,,,,,,,,,,,,,,,
173713,8-Oct-18,14:51:07,2018-10-08 14:51:07,G,2,148,4688,1848,0,8,-62.4586,-60.0394,53:34.0,FastGPS,-62.4586,-60.0394,,,8,-1,,,,15,15,15735,,,,13,15093,,,,17,490,,,,30,27503,,,,28,19570,,,,20,20689,,,,7,27977,,,,11,16795,,,,,,,,,,,,,,,,,,,,,,,,,,,,,,,,,,,,,,
173713,8-Oct-18,15:23:42,2018-10-08 15:23:42,G,1,148,4689,,0,9,-62.4674,-60.0066,26:09.0,FastGPS,-62.4674,-60.0066,,,7.7,-1,,,,15,15,31259,,,,11,16665,,,,20,1276,,,,1,18196,,,,17,26389,,,,28,26164,,,,13,26690,,,,18,7127,,,,10,26804,,,,,,,,,,,,,,,,,,,,,,,,,,,,,,,,,
173713,8-Oct-18,16:56:48,2018-10-08 16:56:48,G,1,148,4692,1848,0,8,-62.4778,-59.9778,59:16.0,FastGPS,-62.4778,-59.9778,,,9.5,0,,,,15,17,3518,,,,24,3869,,,,32,11375,,,,28,5585,,,,10,16140,,,,19,32181,,,,18,958,,,,12,4244,,,,,,,,,,,,,,,,,,,,,,,,,,,,,,,,,,,,,,
173713,8-Oct-18,18:08:03,2018-10-08 18:08:03,G,4,148,4694,1848,0,6,-62.4844,-60.0008,10:31.0,FastGPS,-62.4844,-60.0008,,,11.5,0,,,,15,24,29473,,,,12,6437,,,,19,23624,,,,3,24461,,,,17,30373,,,,22,28339,,,,,,,,,,,,,,,,,,,,,,,,,,,,,,,,,,,,,,,,,,,,,,,,
173713,8-Oct-18,18:56:17,2018-10-08 18:56:17,G,1,148,4695,,0,9,-62.4768,-60.0176,58:45.0,FastGPS,-62.4768,-60.0176,,,8.2,0,,,,15,12,23948,,,,19,17157,,,,17,7553,,,,3,25599,,,,6,21529,,,,22,8848,,,,2,21824,,,,24,13911,,,,25,22758,,,,,,,,,,,,,,,,,,,,,,,,,,,,,,,,,
173713,8-Oct-18,19:56:06,2018-10-08 19:56:06,G,2,148,4697,,0,9,-62.456,-60.0358,58:33.5,FastGPS,-62.456,-60.0358,,,7.2,-0.5,,,,15,31,30334,,,,12,19398,,,,25,13251,,,,29,31782,,,,19,10639,,,,6,12918,,,,2,19011,,,,14,29115,,,,3,11512,,,,,,,,,,,,,,,,,,,,,,,,,,,,,,,,,
173713,8-Oct-18,20:26:32,2018-10-08 20:26:32,G,1,148,4698,1849,0,6,-62.448,-60.034,29:00.0,FastGPS,-62.448,-60.034,,,8.8,0,,,,15,29,2054,,,,31,9267,,,,25,19569,,,,23,3972,,,,12,25109,,,,32,25878,,,,,,,,,,,,,,,,,,,,,,,,,,,,,,,,,,,,,,,,,,,,,,,,
173713,8-Oct-18,21:41:35,2018-10-08 21:41:35,G,2,148,4700,1850,0,5,-62.4365,-60.0299,44:02.5,FastGPS,-62.4365,-60.0299,,,1.5,-0.5,,,,15,31,9225,,,,29,27362,,,,2,12366,,,,25,32104,,,,5,13709,,,,,,,,,,,,,,,,,,,,,,,,,,,,,,,,,,,,,,,,,,,,,,,,,,,,,
173713,8-Oct-18,22:58:23,2018-10-08 22:58:23,G,1,148,4702,1851,0,5,-62.4427,-59.9936,00:50.5,FastGPS,-62.4427,-59.9936,,,2.8,-0.5,,,,15,29,7642,,,,5,3509,,,,26,3317,,,,16,25888,,,,21,16840,,,,,,,,,,,,,,,,,,,,,,,,,,,,,,,,,,,,,,,,,,,,,,,,,,,,,
173713,8-Oct-18,23:29:41,2018-10-08 23:29:41,G,2,148,4703,1851,0,4,-62.537,-60.314,10/9/2018 12:39,A,-62.4512,-59.9861,,,0.2,-0.2,,,,15,29,28124,,,,16,2603,,,,5,10481,,,,27,26290,,,,,,,,,,,,,,,,,,,,,,,,,,,,,,,,,,,,,,,,,,,,,,,,,,,,,,,,,,
173713,9-Oct-18,0:01:14,2018-10-09 00:01:14,G,2,148,4704,1851,0,7,-62.4477,-59.9956,03:41.4,FastGPS,-62.4477,-59.9956,,,12.6,-0.6,,,,15,29,14128,,,,21,15684,,,,20,23810,,,,16,31834,,,,26,21870,,,,27,6181,,,,7,13315,,,,,,,,,,,,,,,,,,,,,,,,,,,,,,,,,,,,,,,,,,,
173713,9-Oct-18,1:03:00,2018-10-09 01:03:00,G,1,148,4706,,0,9,-62.4432,-60.0193,05:27.9,FastGPS,-62.4432,-60.0193,,,11.5,-0.1,,,,15,20,29571,,,,10,152,,,,15,22331,,,,21,18370,,,,27,23683,,,,16,18236,,,,7,24467,,,,26,2453,,,,8,25265,,,,,,,,,,,,,,,,,,,,,,,,,,,,,,,,,
173713,9-Oct-18,2:18:00,2018-10-09 02:18:00,G,1,148,4708,1852,0,8,-62.4454,-60.0638,20:28.0,FastGPS,-62.4454,-60.0638,,,12.5,0,,,,15,27,30932,,,,20,23119,,,,15,18211,,,,10,22025,,,,21,27087,,,,16,14931,,,,8,4389,,,,18,15015,,,,,,,,,,,,,,,,,,,,,,,,,,,,,,,,,,,,,,
173713,9-Oct-18,3:50:26,2018-10-09 03:50:26,G,1,148,4711,,0,9,-62.456,-60.0936,52:54.0,FastGPS,-62.456,-60.0936,,,17,0,,,,15,10,10697,,,,32,19869,,,,18,17678,,,,8,7880,,,,20,29668,,,,11,23199,,,,1,22351,,,,14,2155,,,,27,19593,,,,,,,,,,,,,,,,,,,,,,,,,,,,,,,,,
173713,9-Oct-18,4:20:17,2018-10-09 04:20:17,G,1,148,4712,,0,9,-62.4562,-60.0942,22:44.0,FastGPS,-62.4562,-60.0942,,,9.2,-1,,,,15,32,14571,,,,10,9585,,,,14,21669,,,,18,27730,,,,11,3264,,,,22,25015,,,,8,7875,,,,1,22997,,,,27,1354,,,,,,,,,,,,,,,,,,,,,,,,,,,,,,,,,
173713,9-Oct-18,4:50:03,2018-10-09 04:50:03,G,1,148,4713,1852,0,7,-62.4565,-60.0942,52:30.0,FastGPS,-62.4565,-60.0942,,,6,-1,,,,15,32,2344,,,,14,14536,,,,18,9881,,,,8,11458,,,,11,20357,,,,1,5518,,,,10,20252,,,,,,,,,,,,,,,,,,,,,,,,,,,,,,,,,,,,,,,,,,,
173713,9-Oct-18,6:22:35,2018-10-09 06:22:35,G,1,148,4716,,0,9,-62.4503,-60.0882,25:01.5,FastGPS,-62.4503,-60.0882,,,11,-1.5,,,,15,31,25229,,,,17,21829,,,,3,1593,,,,32,21712,,,,14,14997,,,,11,15031,,,,18,29213,,,,22,22812,,,,23,11693,,,,,,,,,,,,,,,,,,,,,,,,,,,,,,,,,
173713,9-Oct-18,8:21:07,2018-10-09 08:21:07,G,1,148,4719,1853,0,8,-62.4425,-60.1676,23:34.5,FastGPS,-62.4425,-60.1676,,,4,-0.5,,,,15,22,24548,,,,23,21111,,,,3,21866,,,,9,7189,,,,6,31577,,,,19,10259,,,,1,12101,,,,31,10602,,,,,,,,,,,,,,,,,,,,,,,,,,,,,,,,,,,,,,
173713,9-Oct-18,10:34:36,2018-10-09 10:34:36,G,2,148,4720,,0,9,-62.4992,-60.2536,37:03.5,FastGPS,-62.4992,-60.2536,,,3.5,-0.5,,,,15,7,30405,,,,5,20359,,,,9,11982,,,,2,20939,,,,6,21779,,,,29,11326,,,,30,24072,,,,26,11417,,,,23,15194,,,,,,,,,,,,,,,,,,,,,,,,,,,,,,,,,
173713,9-Oct-18,11:04:21,2018-10-09 11:04:21,G,2,148,4721,1854,0,8,-62.5095,-60.2726,06:48.5,FastGPS,-62.5095,-60.2726,,,7.9,-0.5,,,,15,7,5054,,,,5,25364,,,,9,13057,,,,29,3715,,,,2,22468,,,,23,14986,,,,30,15462,,,,26,12440,,,,,,,,,,,,,,,,,,,,,,,,,,,,,,,,,,,,,,
173713,9-Oct-18,11:34:04,2018-10-09 11:34:04,G,3,148,4722,1854,0,7,-62.5211,-60.28,36:31.5,FastGPS,-62.5211,-60.28,,,7.9,-0.5,,,,15,7,26270,,,,30,9501,,,,5,25903,,,,16,30615,,,,2,13214,,,,27,15698,,,,13,12798,,,,,,,,,,,,,,,,,,,,,,,,,,,,,,,,,,,,,,,,,,,
173713,9-Oct-18,12:04:29,2018-10-09 12:04:29,G,1,148,4723,1854,0,5,-62.5345,-60.2849,06:57.0,FastGPS,-62.5345,-60.2849,,,9.4,0,,,,15,7,31401,,,,5,19451,,,,9,29202,,,,30,6339,,,,13,20975,,,,,,,,,,,,,,,,,,,,,,,,,,,,,,,,,,,,,,,,,,,,,,,,,,,,,
173713,9-Oct-18,12:34:04,2018-10-09 12:34:04,G,1,148,4724,1854,0,8,-62.539,-60.3129,36:31.5,FastGPS,-62.539,-60.3129,,,3.9,-0.5,,,,15,30,12552,,,,5,13993,,,,7,7057,,,,27,6987,,,,13,29348,,,,21,4495,,,,9,17753,,,,28,6215,,,,,,,,,,,,,,,,,,,,,,,,,,,,,,,,,,,,,,
173713,9-Oct-18,13:58:19,2018-10-09 13:58:19,G,3,148,4726,1855,0,7,-62.5468,-60.4032,00:47.0,FastGPS,-62.5468,-60.4032,,,3.2,0,,,,15,30,14692,,,,7,29555,,,,28,23361,,,,5,28917,,,,15,12166,,,,13,15610,,,,8,13053,,,,,,,,,,,,,,,,,,,,,,,,,,,,,,,,,,,,,,,,,,,
173713,9-Oct-18,14:28:04,2018-10-09 14:28:04,G,1,148,4727,1855,0,6,-62.5443,-60.4297,30:31.5,FastGPS,-62.5443,-60.4297,,,4.3,-0.5,,,,15,28,7195,,,,30,24147,,,,15,3026,,,,13,25015,,,,5,27061,,,,7,16497,,,,,,,,,,,,,,,,,,,,,,,,,,,,,,,,,,,,,,,,,,,,,,,,
173713,9-Oct-18,15:03:55,2018-10-09 15:03:55,G,2,148,4728,1855,0,7,-62.5467,-60.4596,06:23.0,FastGPS,-62.5467,-60.4596,,,7.4,0,,,,15,13,13116,,,,15,3051,,,,28,32280,,,,17,4352,,,,10,11318,,,,20,23298,,,,30,14946,,,,,,,,,,,,,,,,,,,,,,,,,,,,,,,,,,,,,,,,,,,
173713,9-Oct-18,16:04:11,2018-10-09 16:04:11,G,1,148,4730,,0,9,-62.5662,-60.5013,06:38.0,FastGPS,-62.5662,-60.5013,,,5.6,-1,,,,15,15,18384,,,,10,6636,,,,17,23417,,,,13,15271,,,,24,10587,,,,12,10223,,,,18,29010,,,,19,23285,,,,20,11086,,,,,,,,,,,,,,,,,,,,,,,,,,,,,,,,,
173713,9-Oct-18,16:49:06,2018-10-09 16:49:06,G,1,148,4731,1856,0,8,-62.565,-60.5343,51:32.5,FastGPS,-62.565,-60.5343,,,8.1,-1.5,,,,15,19,20233,,,,17,81,,,,12,22469,,,,24,31073,,,,15,20046,,,,10,26245,,,,32,30356,,,,13,25058,,,,,,,,,,,,,,,,,,,,,,,,,,,,,,,,,,,,,,
173713,9-Oct-18,18:21:16,2018-10-09 18:21:16,G,1,148,4734,1856,0,8,-62.5557,-60.6289,23:42.5,FastGPS,-62.5557,-60.6289,,,8.3,-1.5,,,,15,24,18415,,,,12,1139,,,,32,16175,,,,19,26243,,,,22,1042,,,,17,20584,,,,25,18490,,,,2,3286,,,,,,,,,,,,,,,,,,,,,,,,,,,,,,,,,,,,,,
173713,9-Oct-18,19:44:33,2018-10-09 19:44:33,G,1,148,4736,,0,9,-62.5245,-60.6903,46:59.5,FastGPS,-62.5245,-60.6903,,,12,-1.5,,,,15,6,3472,,,,12,11788,,,,25,16329,,,,29,14617,,,,19,18209,,,,31,17712,,,,2,11492,,,,3,8744,,,,14,30007,,,,,,,,,,,,,,,,,,,,,,,,,,,,,,,,,
173713,9-Oct-18,20:34:24,2018-10-09 20:34:24,G,1,148,4737,1857,0,7,-62.4996,-60.7,36:50.5,FastGPS,-62.4996,-60.7,,,11.7,-1.5,,,,15,2,9137,,,,12,16048,,,,25,16276,,,,31,3554,,,,29,8875,,,,5,5038,,,,6,5403,,,,,,,,,,,,,,,,,,,,,,,,,,,,,,,,,,,,,,,,,,,
173713,9-Oct-18,21:55:28,2018-10-09 21:55:28,G,1,148,4739,1858,0,6,-62.483,-60.7581,10/9/2018 21:57,FastGPS,-62.483,-60.7581,,,4.4,-1,,,,15,5,16022,,,,31,299,,,,29,23547,,,,2,28305,,,,25,26052,,,,21,5553,,,,,,,,,,,,,,,,,,,,,,,,,,,,,,,,,,,,,,,,,,,,,,,,
173713,9-Oct-18,23:46:35,2018-10-09 23:46:35,G,1,148,4742,1859,0,8,-62.4661,-60.8296,49:01.5,FastGPS,-62.4661,-60.8296,,,14,-1.5,,,,15,21,9193,,,,7,1051,,,,16,30831,,,,26,20497,,,,29,29508,,,,27,7711,,,,20,19797,,,,5,6089,,,,,,,,,,,,,,,,,,,,,,,,,,,,,,,,,,,,,,
173713,10-Oct-18,1:19:27,2018-10-10 01:19:27,G,1,148,4745,1859,0,5,-62.4794,-60.8232,21:54.9,FastGPS,-62.4794,-60.8232,,,21.8,-0.1,,,,15,15,21328,,,,21,27633,,,,26,5617,,,,10,16716,,,,20,31555,,,,,,,,,,,,,,,,,,,,,,,,,,,,,,,,,,,,,,,,,,,,,,,,,,,,,
173713,10-Oct-18,1:54:42,2018-10-10 01:54:42,G,4,148,4746,,0,9,-62.4863,-60.8363,57:09.5,FastGPS,-62.4863,-60.8363,,,6.1,-0.5,,,,15,10,18250,,,,27,4713,,,,8,26773,,,,30,13463,,,,15,31223,,,,20,5980,,,,13,26781,,,,7,1011,,,,16,11031,,,,,,,,,,,,,,,,,,,,,,,,,,,,,,,,,
173713,10-Oct-18,2:43:00,2018-10-10 02:43:00,G,3,148,4747,,0,9,-62.4866,-60.8368,45:28.0,FastGPS,-62.4866,-60.8368,,,17.6,0,,,,15,8,9154,,,,15,19589,,,,18,17582,,,,10,5253,,,,20,24407,,,,27,16953,,,,11,17234,,,,32,18301,,,,21,28615,,,,,,,,,,,,,,,,,,,,,,,,,,,,,,,,,
173713,10-Oct-18,3:13:00,2018-10-10 03:13:00,G,1,148,4748,1860,0,4,-62.538,-60.84,10/11/2018 0:47,K,-62.4929,-60.8387,,,0.3,-0.5,,,,15,10,14808,,,,20,28225,,,,8,3598,,,,27,26789,,,,,,,,,,,,,,,,,,,,,,,,,,,,,,,,,,,,,,,,,,,,,,,,,,,,,,,,,,
173713,10-Oct-18,3:58:08,2018-10-10 03:58:08,G,1,148,4749,,0,9,-62.5108,-60.8484,00:36.0,FastGPS,-62.5108,-60.8484,,,13.8,0,,,,15,11,27439,,,,18,20141,,,,1,14192,,,,8,20257,,,,32,25739,,,,28,6214,,,,10,17592,,,,22,30505,,,,24,15300,,,,,,,,,,,,,,,,,,,,,,,,,,,,,,,,,
173713,10-Oct-18,5:01:04,2018-10-10 05:01:04,G,1,148,4751,1861,0,8,-62.5254,-60.8602,03:31.5,FastGPS,-62.5254,-60.8602,,,5,-0.5,,,,15,32,6370,,,,14,24453,,,,18,18135,,,,22,15263,,,,1,18792,,,,3,26295,,,,11,30893,,,,28,15880,,,,,,,,,,,,,,,,,,,,,,,,,,,,,,,,,,,,,,
173713,10-Oct-18,6:01:03,2018-10-10 06:01:03,G,1,148,4753,,0,9,-62.5374,-60.8667,03:31.0,FastGPS,-62.5374,-60.8667,,,6.4,0,,,,15,12,30740,,,,1,8372,,,,17,4840,,,,18,31530,,,,11,16793,,,,3,3358,,,,19,13104,,,,22,20058,,,,14,25677,,,,,,,,,,,,,,,,,,,,,,,,,,,,,,,,,
173713,10-Oct-18,9:31:08,2018-10-10 09:31:08,G,1,148,4759,,0,9,-62.5622,-60.8579,33:34.5,FastGPS,-62.5622,-60.8579,,,8.4,-1.5,,,,15,23,28046,,,,7,19424,,,,26,10179,,,,9,29937,,,,16,29657,,,,6,12257,,,,31,7174,,,,3,1115,,,,2,6943,,,,,,,,,,,,,,,,,,,,,,,,,,,,,,,,,
173713,10-Oct-18,10:01:21,2018-10-10 10:01:21,G,2,148,4760,1862,0,8,-62.5462,-60.855,03:47.5,FastGPS,-62.5462,-60.855,,,10.3,-1.5,,,,15,23,21680,,,,16,2029,,,,9,9322,,,,26,2490,,,,6,18924,,,,29,11011,,,,7,26351,,,,3,20422,,,,,,,,,,,,,,,,,,,,,,,,,,,,,,,,,,,,,,
173713,10-Oct-18,10:31:05,2018-10-10 10:31:05,G,1,148,4761,,0,9,-62.5512,-60.8427,33:32.5,FastGPS,-62.5512,-60.8427,,,4.6,-0.5,,,,15,7,5970,,,,29,17868,,,,2,28418,,,,23,16742,,,,5,30956,,,,26,14668,,,,16,30924,,,,6,27409,,,,9,16432,,,,,,,,,,,,,,,,,,,,,,,,,,,,,,,,,
173713,10-Oct-18,11:01:11,2018-10-10 11:01:11,G,2,148,4762,1862,0,8,-62.5601,-60.8544,03:37.5,FastGPS,-62.5601,-60.8544,,,7.6,-1.5,,,,15,5,26918,,,,7,3346,,,,23,4537,,,,9,5769,,,,16,232,,,,30,16737,,,,2,18146,,,,26,4526,,,,,,,,,,,,,,,,,,,,,,,,,,,,,,,,,,,,,,
173713,10-Oct-18,12:17:08,2018-10-10 12:17:08,G,1,148,4764,,0,9,-62.566,-60.8529,10/10/2018 12:19,FastGPS,-62.566,-60.8529,,,10.2,-1,,,,15,7,26351,,,,5,14728,,,,30,24242,,,,27,19507,,,,9,4966,,,,28,113,,,,8,20492,,,,16,26226,,,,21,15356,,,,,,,,,,,,,,,,,,,,,,,,,,,,,,,,,
173713,10-Oct-18,16:21:04,2018-10-10 16:21:04,G,1,148,4772,,0,9,-62.5999,-60.9614,23:30.5,FastGPS,-62.5999,-60.9614,,,9.6,-1.5,,,,15,15,5511,,,,13,18703,,,,17,26420,,,,19,28309,,,,12,1938,,,,10,19889,,,,28,9542,,,,24,31704,,,,1,18913,,,,,,,,,,,,,,,,,,,,,,,,,,,,,,,,,
173713,10-Oct-18,18:59:02,2018-10-10 18:59:02,G,2,148,4776,1865,0,8,-62.5709,-60.864,01:29.5,FastGPS,-62.5709,-60.864,,,12.3,-0.5,,,,15,12,28395,,,,2,6249,,,,19,16907,,,,17,19261,,,,24,6158,,,,6,31787,,,,25,30989,,,,3,31030,,,,,,,,,,,,,,,,,,,,,,,,,,,,,,,,,,,,,,
173713,10-Oct-18,19:29:19,2018-10-10 19:29:19,G,1,148,4777,,0,9,-62.5565,-60.8394,31:46.5,FastGPS,-62.5565,-60.8394,,,9.1,-0.5,,,,15,31,11066,,,,12,617,,,,25,1679,,,,29,3095,,,,6,21668,,,,24,31488,,,,2,16522,,,,19,1132,,,,3,903,,,,,,,,,,,,,,,,,,,,,,,,,,,,,,,,,
173713,10-Oct-18,21:29:02,2018-10-10 21:29:02,G,1,148,4781,1865,0,8,-62.5443,-60.8639,31:30.0,FastGPS,-62.5443,-60.8639,,,10.8,0,,,,15,5,756,,,,29,29693,,,,2,28952,,,,12,5805,,,,25,14999,,,,31,23995,,,,21,30820,,,,26,4537,,,,,,,,,,,,,,,,,,,,,,,,,,,,,,,,,,,,,,
173713,10-Oct-18,22:29:22,2018-10-10 22:29:22,G,1,148,4783,1865,0,6,-62.5276,-60.8641,31:49.5,FastGPS,-62.5276,-60.8641,,,6.5,-0.5,,,,15,29,20824,,,,5,5038,,,,31,8099,,,,21,31878,,,,25,28503,,,,26,13046,,,,,,,,,,,,,,,,,,,,,,,,,,,,,,,,,,,,,,,,,,,,,,,,
173713,10-Oct-18,23:00:48,2018-10-10 23:00:48,G,3,148,4784,1865,0,6,-62.5161,-60.878,03:15.5,FastGPS,-62.5161,-60.878,,1,2.5,-0.5,,,,15,29,32313,,,,16,22029,,,,5,14994,,,,26,3976,,,,21,16760,,,,4,2765,,,,,,,,,,,,,,,,,,,,,,,,,,,,,,,,,,,,,,,,,,,,,,,,
173713,11-Oct-18,0:46:44,2018-10-11 00:46:44,G,2,148,4787,,0,9,-62.5409,-60.8527,49:11.5,FastGPS,-62.5409,-60.8527,,1,10.6,-0.5,,,,15,15,14429,,,,21,13821,,,,16,19927,,,,27,18994,,,,4,30996,,,,26,21397,,,,13,8260,,,,20,23807,,,,10,11999,,,,,,,,,,,,,,,,,,,,,,,,,,,,,,,,,
173713,11-Oct-18,1:23:08,2018-10-11 01:23:08,G,4,148,4788,1866,0,8,-62.5328,-60.8601,25:36.0,FastGPS,-62.5328,-60.8601,,1,14,0,,,,15,27,6091,,,,4,2918,,,,21,19905,,,,8,29356,,,,16,18881,,,,15,15575,,,,13,4829,,,,7,19461,,,,,,,,,,,,,,,,,,,,,,,,,,,,,,,,,,,,,,
173713,11-Oct-18,2:09:57,2018-10-11 02:09:57,G,3,148,4789,,0,9,-62.5294,-60.8693,12:25.0,FastGPS,-62.5294,-60.8693,,1,5.7,0,,,,15,10,25226,,,,4,28849,,,,20,24559,,,,18,24226,,,,21,25599,,,,27,2935,,,,8,11664,,,,15,18775,,,,16,19871,,,,,,,,,,,,,,,,,,,,,,,,,,,,,,,,,
173713,11-Oct-18,4:07:55,2018-10-11 04:07:55,G,2,148,4790,,0,10,-62.5281,-60.8918,10:22.5,FastGPS,-62.5281,-60.8918,,1,8,-0.5,,,,15,11,26278,,,,18,17573,,,,8,16877,,,,1,5850,,,,10,13957,,,,14,29326,,,,32,30618,,,,28,1784,,,,24,26739,,,,7,16384,,,,,,,,,,,,,,,,,,,,,,,,,,,,
173713,11-Oct-18,4:43:45,2018-10-11 04:43:45,G,2,148,4791,,0,9,-62.5297,-60.884,46:13.0,FastGPS,-62.5297,-60.884,,,10.3,0,,,,15,17,16736,,,,1,8948,,,,32,28872,,,,10,4576,,,,18,6986,,,,11,18805,,,,28,14694,,,,22,18110,,,,3,20875,,,,,,,,,,,,,,,,,,,,,,,,,,,,,,,,,
173713,11-Oct-18,5:47:01,2018-10-11 05:47:01,G,1,148,4793,,0,9,-62.5417,-60.8528,49:29.0,FastGPS,-62.5417,-60.8528,,,6.2,0,,,,15,17,9509,,,,22,18034,,,,3,18844,,,,1,27433,,,,32,10704,,,,14,17790,,,,18,6468,,,,31,17139,,,,11,23385,,,,,,,,,,,,,,,,,,,,,,,,,,,,,,,,,
173713,11-Oct-18,7:47:00,2018-10-11 07:47:00,G,1,148,4795,,0,9,-62.566,-60.8443,10/11/2018 7:49,FastGPS,-62.566,-60.8443,,,8.9,-1,,,,15,22,8019,,,,3,21197,,,,19,5902,,,,31,11921,,,,17,16564,,,,1,30517,,,,23,18306,,,,6,2258,,,,9,29712,,,,,,,,,,,,,,,,,,,,,,,,,,,,,,,,,
173713,11-Oct-18,8:55:03,2018-10-11 08:55:03,G,2,148,4797,,0,9,-62.547,-60.8546,57:30.5,FastGPS,-62.547,-60.8546,,,6.2,-0.5,,,,15,9,1951,,,,23,20663,,,,6,21393,,,,31,6970,,,,26,25723,,,,16,11828,,,,2,3833,,,,22,29999,,,,3,27323,,,,,,,,,,,,,,,,,,,,,,,,,,,,,,,,,
173713,11-Oct-18,9:25:02,2018-10-11 09:25:02,G,4,148,4798,,0,9,-62.5453,-60.8319,27:28.5,FastGPS,-62.5453,-60.8319,,,9.3,-1.5,,,,15,9,21090,,,,23,25146,,,,7,3431,,,,6,10373,,,,2,30986,,,,29,13365,,,,26,2581,,,,3,3770,,,,16,17301,,,,,,,,,,,,,,,,,,,,,,,,,,,,,,,,,
173713,11-Oct-18,9:56:23,2018-10-11 09:56:23,G,3,148,4799,1872,0,7,-62.5388,-60.8598,58:50.0,FastGPS,-62.5388,-60.8598,,,8.6,-1,,,,15,23,28245,,,,16,4311,,,,7,26746,,,,9,13354,,,,26,7262,,,,2,15603,,,,6,26052,,,,,,,,,,,,,,,,,,,,,,,,,,,,,,,,,,,,,,,,,,,
173713,11-Oct-18,10:26:01,2018-10-11 10:26:01,G,1,148,4800,1872,0,8,-62.5276,-60.8656,28:28.0,FastGPS,-62.5276,-60.8656,,,9.7,-1,,,,15,23,8850,,,,29,7290,,,,7,24069,,,,9,6186,,,,5,14736,,,,16,18651,,,,26,5116,,,,2,18891,,,,,,,,,,,,,,,,,,,,,,,,,,,,,,,,,,,,,,
173713,11-Oct-18,14:38:43,2018-10-11 14:38:43,G,1,148,4807,,0,9,-62.583,-60.9059,41:09.9,FastGPS,-62.583,-60.9059,,,14.7,-1,,,,15,13,12889,,,,15,16749,,,,20,21345,,,,28,14780,,,,8,26801,,,,30,20964,,,,24,685,,,,10,3281,,,,18,424,,,,,,,,,,,,,,,,,,,,,,,,,,,,,,,,,
173713,11-Oct-18,18:01:13,2018-10-11 18:01:13,G,3,148,4813,1874,0,7,-62.6093,-61.0714,03:39.5,FastGPS,-62.6093,-61.0714,,,12.1,-1.5,,,,15,17,15197,,,,12,28128,,,,19,23405,,,,24,27199,,,,6,3989,,,,32,27195,,,,25,20977,,,,,,,,,,,,,,,,,,,,,,,,,,,,,,,,,,,,,,,,,,,
173713,11-Oct-18,18:33:19,2018-10-11 18:33:19,G,4,148,4814,1874,0,8,-62.5969,-61.1028,35:46.5,FastGPS,-62.5969,-61.1028,,,16,-0.5,,,,15,6,31023,,,,19,6730,,,,12,16356,,,,17,19095,,,,32,2467,,,,25,22769,,,,2,31126,,,,24,15079,,,,,,,,,,,,,,,,,,,,,,,,,,,,,,,,,,,,,,
173713,11-Oct-18,19:03:21,2018-10-11 19:03:21,G,4,148,4815,1874,0,8,-62.5851,-61.1256,05:48.5,FastGPS,-62.5851,-61.1256,,,13.2,-0.5,,,,15,12,20516,,,,6,29244,,,,19,15298,,,,2,2848,,,,29,591,,,,14,16771,,,,25,17717,,,,32,18280,,,,,,,,,,,,,,,,,,,,,,,,,,,,,,,,,,,,,,
173713,11-Oct-18,20:52:43,2018-10-11 20:52:43,G,2,148,4818,1875,0,5,-62.589,-61.2196,55:11.0,FastGPS,-62.589,-61.2196,,,5.4,0,,,,15,31,18574,,,,12,27410,,,,5,26606,,,,25,2246,,,,2,26473,,,,,,,,,,,,,,,,,,,,,,,,,,,,,,,,,,,,,,,,,,,,,,,,,,,,,
173713,11-Oct-18,21:40:16,2018-10-11 21:40:16,G,1,148,4819,1876,0,7,-62.6024,-61.1771,42:44.0,FastGPS,-62.6024,-61.1771,,,9.2,0,,,,15,31,29175,,,,29,1789,,,,2,935,,,,26,28850,,,,5,7643,,,,23,6705,,,,9,10179,,,,,,,,,,,,,,,,,,,,,,,,,,,,,,,,,,,,,,,,,,,
173713,11-Oct-18,22:11:48,2018-10-11 22:11:48,G,1,148,4820,1876,0,8,-62.6128,-61.155,14:15.5,FastGPS,-62.6128,-61.155,,,14.7,-0.5,,,,15,16,15611,,,,26,31546,,,,5,6787,,,,2,27402,,,,29,21693,,,,31,8727,,,,9,13730,,,,23,8016,,,,,,,,,,,,,,,,,,,,,,,,,,,,,,,,,,,,,,
173713,12-Oct-18,0:05:37,2018-10-12 00:05:37,G,1,148,4823,1877,0,8,-62.6765,-61.1901,08:03.5,FastGPS,-62.6765,-61.1901,,1,7.8,-1.5,,,,15,16,31799,,,,7,29295,,,,5,25942,,,,4,17833,,,,26,1686,,,,27,1056,,,,21,15929,,,,29,20435,,,,,,,,,,,,,,,,,,,,,,,,,,,,,,,,,,,,,,
173713,12-Oct-18,1:09:46,2018-10-12 01:09:46,G,2,148,4825,,0,9,-62.6924,-61.1798,12:12.5,FastGPS,-62.6924,-61.1798,,1,11.6,-1.5,,,,15,16,24379,,,,27,30212,,,,4,6772,,,,7,19238,,,,20,19734,,,,10,1062,,,,21,22358,,,,13,19745,,,,30,5197,,,,,,,,,,,,,,,,,,,,,,,,,,,,,,,,,
173713,12-Oct-18,2:00:02,2018-10-12 02:00:02,G,2,148,4826,,0,9,-62.6986,-61.2031,02:28.5,FastGPS,-62.6986,-61.2031,,1,8.7,-1.5,,,,15,15,8626,,,,8,17483,,,,10,31391,,,,4,24144,,,,27,23082,,,,20,14327,,,,30,11611,,,,21,3211,,,,18,21318,,,,,,,,,,,,,,,,,,,,,,,,,,,,,,,,,
173713,12-Oct-18,2:46:43,2018-10-12 02:46:43,G,2,148,4827,,0,9,-62.6976,-61.2028,49:09.5,FastGPS,-62.6976,-61.2028,,,15.2,-1.5,,,,15,10,23300,,,,8,3868,,,,15,8761,,,,18,14768,,,,28,17700,,,,20,12579,,,,27,8877,,,,21,14384,,,,24,23326,,,,,,,,,,,,,,,,,,,,,,,,,,,,,,,,,
173713,12-Oct-18,4:08:57,2018-10-12 04:08:57,G,3,148,4829,1880,0,8,-62.7045,-61.198,11:23.5,FastGPS,-62.7045,-61.198,,,6.3,-1.5,,,,15,10,23108,,,,32,173,,,,11,29523,,,,18,19860,,,,14,9535,,,,20,3108,,,,1,19750,,,,28,24660,,,,,,,,,,,,,,,,,,,,,,,,,,,,,,,,,,,,,,
173713,12-Oct-18,5:41:00,2018-10-12 05:41:00,G,1,148,4831,,0,9,-62.7079,-61.1524,43:27.0,FastGPS,-62.7079,-61.1524,,,6.6,-1,,,,15,32,32339,,,,14,1922,,,,18,26214,,,,11,10884,,,,1,11525,,,,31,23375,,,,17,25762,,,,3,29891,,,,22,31154,,,,,,,,,,,,,,,,,,,,,,,,,,,,,,,,,
173713,12-Oct-18,6:12:12,2018-10-12 06:12:12,G,2,148,4832,,0,9,-62.7182,-61.1548,14:39.0,FastGPS,-62.7182,-61.1548,,,10.5,-1,,,,15,17,17915,,,,3,612,,,,32,3059,,,,1,26150,,,,22,15445,,,,19,10374,,,,14,31202,,,,11,31590,,,,12,5821,,,,,,,,,,,,,,,,,,,,,,,,,,,,,,,,,
173713,12-Oct-18,6:45:06,2018-10-12 06:45:06,G,4,148,4833,,0,9,-62.725,-61.1282,47:33.0,FastGPS,-62.725,-61.1282,,,10,-1,,,,15,17,1371,,,,31,30814,,,,12,14342,,,,23,4676,,,,1,9613,,,,22,7219,,,,3,26134,,,,19,24507,,,,6,31938,,,,,,,,,,,,,,,,,,,,,,,,,,,,,,,,,
173713,12-Oct-18,7:15:08,2018-10-12 07:15:08,G,2,148,4834,,0,9,-62.7408,-61.1431,17:34.5,FastGPS,-62.7408,-61.1431,,,11.1,-1.5,,,,15,17,12657,,,,31,1630,,,,23,3355,,,,12,14741,,,,3,15994,,,,22,29183,,,,19,27439,,,,6,25858,,,,1,1635,,,,,,,,,,,,,,,,,,,,,,,,,,,,,,,,,
173713,12-Oct-18,9:34:07,2018-10-12 09:34:07,G,1,148,4836,1886,0,6,-62.7213,-61.1548,36:33.5,FastGPS,-62.7213,-61.1548,,,9.6,-1.5,,,,15,9,26363,,,,26,566,,,,2,5105,,,,16,13502,,,,29,25928,,,,3,329,,,,,,,,,,,,,,,,,,,,,,,,,,,,,,,,,,,,,,,,,,,,,,,,
173713,12-Oct-18,10:04:33,2018-10-12 10:04:33,G,1,148,4837,1886,0,4,-62.708,-61.318,10/13/2018 8:13,K,-62.7147,-61.1824,,,0.6,-1.4,,,,15,23,31419,,,,29,22947,,,,26,1802,,,,9,17672,,,,,,,,,,,,,,,,,,,,,,,,,,,,,,,,,,,,,,,,,,,,,,,,,,,,,,,,,,
173713,12-Oct-18,10:34:02,2018-10-12 10:34:02,G,1,148,4838,1886,0,8,-62.7064,-61.1934,36:28.5,FastGPS,-62.7064,-61.1934,,,10.2,-1.5,,,,15,23,3587,,,,7,6529,,,,5,10513,,,,16,30381,,,,9,30592,,,,2,694,,,,29,32634,,,,26,18400,,,,,,,,,,,,,,,,,,,,,,,,,,,,,,,,,,,,,,
173713,12-Oct-18,11:51:00,2018-10-12 11:51:00,G,3,148,4839,,0,9,-62.7028,-61.2191,53:26.5,FastGPS,-62.7028,-61.2191,,1,4.6,-1.5,,,,15,5,21433,,,,9,31235,,,,7,30636,,,,8,3155,,,,27,1402,,,,23,11247,,,,4,15074,,,,16,13449,,,,30,4093,,,,,,,,,,,,,,,,,,,,,,,,,,,,,,,,,
173713,12-Oct-18,12:24:36,2018-10-12 12:24:36,G,3,148,4840,1889,0,6,-62.7084,-61.2163,27:02.5,FastGPS,-62.7084,-61.2163,,,9.3,-1.5,,,,15,5,12512,,,,30,12589,,,,13,8865,,,,21,7797,,,,9,31547,,,,7,27978,,,,,,,,,,,,,,,,,,,,,,,,,,,,,,,,,,,,,,,,,,,,,,,,
173713,12-Oct-18,15:15:00,2018-10-12 15:15:00,G,1,148,4845,1890,0,5,-62.6972,-61.2828,17:26.5,FastGPS,-62.6972,-61.2828,,,1.8,-1.5,,,,15,13,814,,,,28,2787,,,,15,1547,,,,17,15863,,,,11,8771,,,,,,,,,,,,,,,,,,,,,,,,,,,,,,,,,,,,,,,,,,,,,,,,,,,,,
173713,12-Oct-18,16:19:00,2018-10-12 16:19:00,G,1,148,4847,1890,0,8,-62.7003,-61.2777,10/12/2018 16:21,FastGPS,-62.7003,-61.2777,,,6,-1,,,,15,15,5070,,,,17,15657,,,,12,11064,,,,19,29556,,,,24,29422,,,,13,5246,,,,18,8369,,,,1,4519,,,,,,,,,,,,,,,,,,,,,,,,,,,,,,,,,,,,,,
173713,12-Oct-18,18:21:00,2018-10-12 18:21:00,G,1,148,4850,1892,0,7,-62.7075,-61.241,23:27.0,FastGPS,-62.7075,-61.241,,,9,-1,,,,15,12,21776,,,,24,20552,,,,19,5749,,,,14,8215,,,,32,22224,,,,17,4122,,,,3,18177,,,,,,,,,,,,,,,,,,,,,,,,,,,,,,,,,,,,,,,,,,,
173713,12-Oct-18,18:51:03,2018-10-12 18:51:03,G,1,148,4851,,0,9,-62.7124,-61.2469,53:29.5,FastGPS,-62.7124,-61.2469,,,12.8,-1.5,,,,15,31,6657,,,,32,32659,,,,12,18437,,,,2,28497,,,,25,23842,,,,3,22530,,,,22,20541,,,,29,21539,,,,24,26533,,,,,,,,,,,,,,,,,,,,,,,,,,,,,,,,,
173713,12-Oct-18,19:21:03,2018-10-12 19:21:03,G,1,148,4852,,0,9,-62.7226,-61.2647,23:29.5,FastGPS,-62.7226,-61.2647,,,13.6,-1.5,,,,15,12,28909,,,,2,10563,,,,25,31862,,,,29,32329,,,,6,17061,,,,31,9118,,,,24,25623,,,,14,23158,,,,19,28890,,,,,,,,,,,,,,,,,,,,,,,,,,,,,,,,,
173713,12-Oct-18,23:39:02,2018-10-12 23:39:02,G,1,148,4859,1895,0,6,-62.7108,-61.2377,41:29.0,FastGPS,-62.7108,-61.2377,,,21.7,-1,,,,15,29,18466,,,,5,4848,,,,21,27981,,,,20,16403,,,,16,17376,,,,26,23611,,,,,,,,,,,,,,,,,,,,,,,,,,,,,,,,,,,,,,,,,,,,,,,,
173713,13-Oct-18,0:26:55,2018-10-13 00:26:55,G,1,148,4860,,0,9,-62.7027,-61.26,29:21.5,FastGPS,-62.7027,-61.26,,1,16.7,-1.5,,,,15,7,25949,,,,16,2918,,,,4,5838,,,,27,13614,,,,26,32257,,,,20,18761,,,,21,25275,,,,29,18610,,,,10,19101,,,,,,,,,,,,,,,,,,,,,,,,,,,,,,,,,
173713,13-Oct-18,0:57:00,2018-10-13 00:57:00,G,2,148,4861,,0,9,-62.7034,-61.2818,59:26.5,FastGPS,-62.7034,-61.2818,,1,6.7,-1.5,,,,15,16,14952,,,,15,24747,,,,27,8922,,,,8,31357,,,,7,1854,,,,4,30063,,,,21,10507,,,,13,19382,,,,10,29353,,,,,,,,,,,,,,,,,,,,,,,,,,,,,,,,,
173713,13-Oct-18,1:28:36,2018-10-13 01:28:36,G,2,148,4862,,0,9,-62.7018,-61.2974,31:03.0,FastGPS,-62.7018,-61.2974,,1,10.3,-1,,,,15,27,13524,,,,7,3841,,,,4,22623,,,,15,12892,,,,10,28903,,,,21,22155,,,,16,21412,,,,20,21597,,,,8,3825,,,,,,,,,,,,,,,,,,,,,,,,,,,,,,,,,
173713,13-Oct-18,1:58:44,2018-10-13 01:58:44,G,2,148,4863,,0,9,-62.7011,-61.3119,01:12.0,FastGPS,-62.7011,-61.3119,,1,11.1,0,,,,15,10,10337,,,,4,25735,,,,27,28770,,,,8,31130,,,,20,17920,,,,16,25596,,,,18,6801,,,,15,12133,,,,21,28514,,,,,,,,,,,,,,,,,,,,,,,,,,,,,,,,,
173713,13-Oct-18,2:59:01,2018-10-13 02:59:01,G,1,148,4865,1896,0,8,-62.7003,-61.3334,01:29.0,FastGPS,-62.7003,-61.3334,,,3.1,0,,,,15,10,10740,,,,28,28154,,,,20,27374,,,,18,1464,,,,15,22779,,,,32,25103,,,,8,801,,,,11,4037,,,,,,,,,,,,,,,,,,,,,,,,,,,,,,,,,,,,,,
173713,13-Oct-18,3:29:37,2018-10-13 03:29:37,G,1,148,4866,1896,0,8,-62.7006,-61.3411,10/13/2018 3:32,FastGPS,-62.7006,-61.3411,,,6.7,-1,,,,15,8,12942,,,,32,27339,,,,1,5621,,,,11,12357,,,,18,6373,,,,28,26972,,,,15,28756,,,,27,31046,,,,,,,,,,,,,,,,,,,,,,,,,,,,,,,,,,,,,,
173713,13-Oct-18,5:32:00,2018-10-13 05:32:00,G,3,148,4868,1900,0,8,-62.7021,-61.353,34:27.5,FastGPS,-62.7021,-61.353,,,4.5,-0.5,,,,15,32,11709,,,,11,21441,,,,22,21122,,,,14,3306,,,,18,4057,,,,1,11454,,,,3,13395,,,,17,18531,,,,,,,,,,,,,,,,,,,,,,,,,,,,,,,,,,,,,,
173713,13-Oct-18,6:20:26,2018-10-13 06:20:26,G,1,148,4869,,0,9,-62.7014,-61.3559,22:52.5,FastGPS,-62.7014,-61.3559,,,4.1,-1.5,,,,15,1,8231,,,,18,3499,,,,23,14743,,,,11,27886,,,,3,1878,,,,22,25149,,,,31,24347,,,,17,14528,,,,32,24020,,,,,,,,,,,,,,,,,,,,,,,,,,,,,,,,,
173713,13-Oct-18,7:11:22,2018-10-13 07:11:22,G,3,148,4870,,0,9,-62.7002,-61.3582,13:48.5,FastGPS,-62.7002,-61.3582,,,8.6,-1.5,,,,15,22,10946,,,,31,16315,,,,3,31664,,,,17,28057,,,,9,4438,,,,23,20787,,,,11,27156,,,,1,16133,,,,19,10698,,,,,,,,,,,,,,,,,,,,,,,,,,,,,,,,,
173713,13-Oct-18,7:41:50,2018-10-13 07:41:50,G,2,148,4871,1902,0,5,-62.7014,-61.3447,44:16.5,FastGPS,-62.7014,-61.3447,,,8.5,-1.5,,,,15,17,20525,,,,23,9355,,,,31,22647,,,,19,17686,,,,25,22470,,,,,,,,,,,,,,,,,,,,,,,,,,,,,,,,,,,,,,,,,,,,,,,,,,,,,
173713,13-Oct-18,8:12:01,2018-10-13 08:12:01,G,2,148,4872,,0,9,-62.7053,-61.3198,14:27.5,FastGPS,-62.7053,-61.3198,,,7.8,-1.5,,,,15,31,31046,,,,6,21535,,,,2,24177,,,,23,7599,,,,22,29518,,,,26,32491,,,,9,7913,,,,3,9316,,,,25,4890,,,,,,,,,,,,,,,,,,,,,,,,,,,,,,,,,
173713,13-Oct-18,9:52:29,2018-10-13 09:52:29,G,2,148,4874,1904,0,8,-62.6941,-61.2326,54:56.0,FastGPS,-62.6941,-61.2326,,,6.9,-1,,,,15,29,2249,,,,7,29972,,,,2,381,,,,9,30577,,,,6,29993,,,,26,21255,,,,5,11589,,,,16,28519,,,,,,,,,,,,,,,,,,,,,,,,,,,,,,,,,,,,,,
173713,13-Oct-18,10:25:59,2018-10-13 10:25:59,G,1,148,4875,1904,0,7,-62.7086,-61.215,28:25.5,FastGPS,-62.7086,-61.215,,,9.5,-1.5,,,,15,2,1890,,,,7,17904,,,,26,19706,,,,5,17810,,,,9,27765,,,,23,9890,,,,29,30528,,,,,,,,,,,,,,,,,,,,,,,,,,,,,,,,,,,,,,,,,,,
173713,13-Oct-18,11:41:00,2018-10-13 11:41:00,G,1,148,4877,1905,0,7,-62.7314,-61.1944,43:26.5,FastGPS,-62.7314,-61.1944,,1,5.9,-1.5,,,,15,30,3675,,,,5,28664,,,,7,16142,,,,13,10305,,,,16,16091,,,,9,4519,,,,20,24745,,,,,,,,,,,,,,,,,,,,,,,,,,,,,,,,,,,,,,,,,,,
173713,13-Oct-18,12:42:15,2018-10-13 12:42:15,G,1,148,4879,,0,9,-62.7424,-61.2296,44:42.0,FastGPS,-62.7424,-61.2296,,1,6.3,-1,,,,15,7,7078,,,,27,12952,,,,4,11976,,,,8,27431,,,,28,31303,,,,30,29197,,,,5,24454,,,,13,24866,,,,21,21387,,,,,,,,,,,,,,,,,,,,,,,,,,,,,,,,,
173713,13-Oct-18,13:13:01,2018-10-13 13:13:01,G,2,148,4880,1905,0,8,-62.7416,-61.2268,15:27.5,FastGPS,-62.7416,-61.2268,,,10.7,-1.5,,,,15,5,13615,,,,15,15255,,,,13,10490,,,,7,26947,,,,30,8986,,,,8,30455,,,,27,8610,,,,21,16567,,,,,,,,,,,,,,,,,,,,,,,,,,,,,,,,,,,,,,
173713,13-Oct-18,13:43:01,2018-10-13 13:43:01,G,1,148,4881,1905,0,5,-62.7413,-61.2244,45:27.5,FastGPS,-62.7413,-61.2244,,,2.2,-1.5,,,,15,7,29421,,,,13,28214,,,,30,19166,,,,15,31417,,,,28,701,,,,,,,,,,,,,,,,,,,,,,,,,,,,,,,,,,,,,,,,,,,,,,,,,,,,,
173713,13-Oct-18,14:13:00,2018-10-13 14:13:00,G,3,148,4882,,0,9,-62.7402,-61.2294,15:27.0,FastGPS,-62.7402,-61.2294,,,9.8,-1,,,,15,15,21367,,,,8,23892,,,,30,26308,,,,7,14761,,,,28,16376,,,,20,9484,,,,11,20665,,,,13,2600,,,,17,12435,,,,,,,,,,,,,,,,,,,,,,,,,,,,,,,,,
173713,13-Oct-18,16:17:01,2018-10-13 16:17:01,G,5,148,4884,1909,0,8,-62.7415,-61.23,19:27.5,FastGPS,-62.7415,-61.23,,,13.1,-1.5,,,,15,17,30536,,,,15,11261,,,,19,15840,,,,13,7710,,,,12,31783,,,,28,571,,,,24,13669,,,,1,18344,,,,,,,,,,,,,,,,,,,,,,,,,,,,,,,,,,,,,,
173713,13-Oct-18,17:02:58,2018-10-13 17:02:58,G,2,148,4885,1910,0,7,-62.7411,-61.2223,05:24.5,FastGPS,-62.7411,-61.2223,,,8.5,-1.5,,,,15,32,19578,,,,12,14291,,,,17,16023,,,,24,1507,,,,19,16381,,,,1,14236,,,,10,17912,,,,,,,,,,,,,,,,,,,,,,,,,,,,,,,,,,,,,,,,,,,
173713,13-Oct-18,17:49:00,2018-10-13 17:49:00,G,2,148,4886,1911,0,6,-62.7435,-61.2333,51:26.5,FastGPS,-62.7435,-61.2333,,,2.4,-1.5,,,,15,12,24968,,,,17,2687,,,,24,6797,,,,6,27092,,,,25,11018,,,,32,30275,,,,,,,,,,,,,,,,,,,,,,,,,,,,,,,,,,,,,,,,,,,,,,,,
173713,13-Oct-18,18:49:00,2018-10-13 18:49:00,G,2,148,4887,1913,0,7,-62.7447,-61.2399,51:26.5,FastGPS,-62.7447,-61.2399,,,5,-1.5,,,,15,12,28297,,,,25,7489,,,,19,8937,,,,6,32472,,,,24,27995,,,,2,14808,,,,14,26002,,,,,,,,,,,,,,,,,,,,,,,,,,,,,,,,,,,,,,,,,,,
173713,13-Oct-18,19:50:00,2018-10-13 19:50:00,G,2,148,4888,1915,0,6,-62.7437,-61.2284,52:26.5,FastGPS,-62.7437,-61.2284,,,9.4,-1.5,,,,15,29,29418,,,,31,19988,,,,12,18759,,,,2,9777,,,,14,29751,,,,25,31755,,,,,,,,,,,,,,,,,,,,,,,,,,,,,,,,,,,,,,,,,,,,,,,,
173713,13-Oct-18,20:20:46,2018-10-13 20:20:46,G,4,148,4889,1915,0,6,-62.7398,-61.2112,23:13.0,FastGPS,-62.7398,-61.2112,,,5.3,-1,,,,15,31,13817,,,,29,21182,,,,12,8061,,,,6,32110,,,,25,17131,,,,5,14912,,,,,,,,,,,,,,,,,,,,,,,,,,,,,,,,,,,,,,,,,,,,,,,,
173713,13-Oct-18,20:52:58,2018-10-13 20:52:58,G,2,148,4890,1915,0,7,-62.7388,-61.2112,55:25.0,FastGPS,-62.7388,-61.2112,,,14.7,-1,,,,15,29,1784,,,,31,11158,,,,12,15295,,,,25,9121,,,,2,32540,,,,26,7454,,,,5,15965,,,,,,,,,,,,,,,,,,,,,,,,,,,,,,,,,,,,,,,,,,,
173713,13-Oct-18,21:40:34,2018-10-13 21:40:34,G,1,148,4891,1916,0,6,-62.74,-61.2398,43:01.5,FastGPS,-62.74,-61.2398,,,3.6,-0.5,,,,15,29,16392,,,,5,9995,,,,26,8437,,,,31,24743,,,,25,9928,,,,2,13366,,,,,,,,,,,,,,,,,,,,,,,,,,,,,,,,,,,,,,,,,,,,,,,,
173713,13-Oct-18,22:10:00,2018-10-13 22:10:00,G,1,148,4892,1916,0,8,-62.7432,-61.2396,12:28.0,FastGPS,-62.7432,-61.2396,,,6.8,0,,,,15,31,7939,,,,21,2885,,,,29,2374,,,,26,4002,,,,16,32702,,,,5,2917,,,,9,31656,,,,25,28549,,,,,,,,,,,,,,,,,,,,,,,,,,,,,,,,,,,,,,
173713,13-Oct-18,23:41:41,2018-10-13 23:41:41,G,1,148,4894,,0,9,-62.7441,-61.238,44:09.0,FastGPS,-62.7441,-61.238,,1,13.1,0,,,,15,16,14894,,,,27,27040,,,,21,27475,,,,5,7527,,,,26,96,,,,29,13272,,,,7,30789,,,,4,23877,,,,13,1090,,,,,,,,,,,,,,,,,,,,,,,,,,,,,,,,,
173713,14-Oct-18,0:27:01,2018-10-14 00:27:01,G,2,148,4895,,0,9,-62.744,-61.2421,29:28.0,FastGPS,-62.744,-61.2421,,1,8.8,-1,,,,15,4,28630,,,,15,3433,,,,27,8144,,,,21,1237,,,,29,11673,,,,7,5682,,,,16,10640,,,,13,10827,,,,5,3985,,,,,,,,,,,,,,,,,,,,,,,,,,,,,,,,,
173713,14-Oct-18,4:14:00,2018-10-14 04:14:00,G,4,148,4900,,0,9,-62.7516,-61.2402,16:28.0,FastGPS,-62.7516,-61.2402,,,6.5,0,,,,15,32,120,,,,8,22479,,,,22,28380,,,,14,6861,,,,18,15339,,,,1,11301,,,,17,25300,,,,11,26280,,,,28,14877,,,,,,,,,,,,,,,,,,,,,,,,,,,,,,,,,
173713,14-Oct-18,4:44:00,2018-10-14 04:44:00,G,2,148,4901,,0,9,-62.7539,-61.2384,10/14/2018 4:46,FastGPS,-62.7539,-61.2384,,,18.9,0,,,,15,1,2554,,,,32,22326,,,,17,1461,,,,10,12544,,,,22,29947,,,,18,1811,,,,11,15263,,,,28,5309,,,,14,4957,,,,,,,,,,,,,,,,,,,,,,,,,,,,,,,,,
173713,14-Oct-18,5:14:00,2018-10-14 05:14:00,G,1,148,4902,,0,9,-62.7539,-61.2407,16:28.0,FastGPS,-62.7539,-61.2407,,,11.2,0,,,,15,32,14527,,,,17,26048,,,,31,11298,,,,22,23192,,,,3,30410,,,,1,8431,,,,10,5996,,,,14,6306,,,,18,654,,,,,,,,,,,,,,,,,,,,,,,,,,,,,,,,,
173713,14-Oct-18,8:29:00,2018-10-14 08:29:00,G,1,148,4907,1927,0,8,-62.7398,-61.2307,31:26.5,FastGPS,-62.7398,-61.2307,,,10.5,-1.5,,,,15,31,14992,,,,6,16182,,,,9,20851,,,,23,8141,,,,2,20078,,,,22,16052,,,,3,28783,,,,26,12900,,,,,,,,,,,,,,,,,,,,,,,,,,,,,,,,,,,,,,
173713,14-Oct-18,8:59:01,2018-10-14 08:59:01,G,2,148,4908,,0,9,-62.738,-61.2054,01:27.5,FastGPS,-62.738,-61.2054,,,6.8,-1.5,,,,15,23,1945,,,,31,32157,,,,26,12226,,,,9,25662,,,,7,23901,,,,6,29571,,,,3,19029,,,,16,27697,,,,29,14053,,,,,,,,,,,,,,,,,,,,,,,,,,,,,,,,,
173713,14-Oct-18,10:29:00,2018-10-14 10:29:00,G,1,148,4911,,0,9,-62.7328,-61.1959,10/14/2018 10:31,FastGPS,-62.7328,-61.1959,,,4.2,-1,,,,15,7,28788,,,,9,5841,,,,5,2504,,,,29,6889,,,,23,4278,,,,30,12342,,,,2,4614,,,,6,9097,,,,26,23351,,,,,,,,,,,,,,,,,,,,,,,,,,,,,,,,,
173713,14-Oct-18,11:02:02,2018-10-14 11:02:02,G,1,148,4912,1927,0,8,-62.7405,-61.22,04:29.0,FastGPS,-62.7405,-61.22,,,15.2,-1,,,,15,7,7046,,,,23,31302,,,,9,32655,,,,30,27141,,,,16,15145,,,,2,25937,,,,5,24431,,,,27,29778,,,,,,,,,,,,,,,,,,,,,,,,,,,,,,,,,,,,,,
173713,14-Oct-18,11:32:00,2018-10-14 11:32:00,G,1,148,4913,,0,9,-62.7467,-61.2443,34:26.5,FastGPS,-62.7467,-61.2443,,1,10.9,-1.5,,,,15,5,20223,,,,30,21873,,,,16,30908,,,,7,16562,,,,9,22551,,,,13,20932,,,,27,20588,,,,4,17070,,,,8,6798,,,,,,,,,,,,,,,,,,,,,,,,,,,,,,,,,
173713,14-Oct-18,12:47:24,2018-10-14 12:47:24,G,1,148,4915,1927,0,8,-62.7665,-61.2258,49:51.0,FastGPS,-62.7665,-61.2258,,1,2.5,-1,,,,15,7,2173,,,,8,3337,,,,27,32697,,,,4,19559,,,,28,1461,,,,30,20232,,,,5,31587,,,,15,17890,,,,,,,,,,,,,,,,,,,,,,,,,,,,,,,,,,,,,,
173713,14-Oct-18,14:09:43,2018-10-14 14:09:43,G,1,148,4916,,0,9,-62.7544,-61.2245,12:10.0,FastGPS,-62.7544,-61.2245,,,9.8,-1,,,,15,30,2969,,,,8,1220,,,,13,14373,,,,15,3165,,,,7,22799,,,,28,29150,,,,11,1831,,,,17,28585,,,,20,23198,,,,,,,,,,,,,,,,,,,,,,,,,,,,,,,,,
173713,14-Oct-18,14:42:21,2018-10-14 14:42:21,G,2,148,4917,1930,0,8,-62.7582,-61.2358,44:47.5,FastGPS,-62.7582,-61.2358,,,9.1,-1.5,,,,15,17,10299,,,,13,29539,,,,15,20235,,,,28,13656,,,,20,9607,,,,30,30150,,,,10,27003,,,,24,12255,,,,,,,,,,,,,,,,,,,,,,,,,,,,,,,,,,,,,,
173713,14-Oct-18,15:12:25,2018-10-14 15:12:25,G,4,148,4918,1930,0,7,-62.7588,-61.2326,14:51.5,FastGPS,-62.7588,-61.2326,,,9,-1.5,,,,15,24,20960,,,,15,27218,,,,10,9011,,,,17,30854,,,,20,18665,,,,19,874,,,,13,9289,,,,,,,,,,,,,,,,,,,,,,,,,,,,,,,,,,,,,,,,,,,
173713,14-Oct-18,15:42:54,2018-10-14 15:42:54,G,2,148,4919,1930,0,7,-62.756,-61.2329,45:21.5,FastGPS,-62.756,-61.2329,,,11.7,-0.5,,,,15,17,27909,,,,19,27178,,,,15,30282,,,,13,26587,,,,12,15833,,,,28,13713,,,,24,21360,,,,,,,,,,,,,,,,,,,,,,,,,,,,,,,,,,,,,,,,,,,
173713,14-Oct-18,16:13:00,2018-10-14 16:13:00,G,2,148,4920,1930,0,8,-62.76,-61.2324,15:27.5,FastGPS,-62.76,-61.2324,,,9,-0.5,,,,15,17,21759,,,,19,7243,,,,15,1895,,,,12,22764,,,,13,31067,,,,10,28926,,,,24,5108,,,,28,24330,,,,,,,,,,,,,,,,,,,,,,,,,,,,,,,,,,,,,,
173713,14-Oct-18,18:06:35,2018-10-14 18:06:35,G,2,148,4921,,0,9,-62.7546,-61.224,09:03.0,FastGPS,-62.7546,-61.224,,,8.3,0,,,,15,17,22193,,,,19,8927,,,,6,1951,,,,12,4565,,,,32,14857,,,,24,28814,,,,2,26586,,,,25,7784,,,,3,32069,,,,,,,,,,,,,,,,,,,,,,,,,,,,,,,,,
173713,14-Oct-18,19:07:20,2018-10-14 19:07:20,G,1,148,4923,,0,9,-62.7398,-61.2396,09:48.0,FastGPS,-62.7398,-61.2396,,,13.2,0,,,,15,12,20176,,,,31,2131,,,,29,24227,,,,25,5153,,,,24,2233,,,,2,9879,,,,14,15676,,,,3,23999,,,,19,1436,,,,,,,,,,,,,,,,,,,,,,,,,,,,,,,,,
173713,14-Oct-18,19:52:53,2018-10-14 19:52:53,G,3,148,4924,1933,0,7,-62.7335,-61.2003,55:20.9,FastGPS,-62.7335,-61.2003,,,12.1,-0.1,,,,15,12,19034,,,,6,13387,,,,31,25860,,,,25,21220,,,,29,8837,,,,2,3919,,,,19,31967,,,,,,,,,,,,,,,,,,,,,,,,,,,,,,,,,,,,,,,,,,,
173713,14-Oct-18,20:23:52,2018-10-14 20:23:52,G,1,148,4925,1933,0,7,-62.7226,-61.1915,26:20.0,FastGPS,-62.7226,-61.1915,,,7.7,0,,,,15,2,15153,,,,12,26211,,,,25,22206,,,,29,19742,,,,5,22929,,,,31,2546,,,,6,15632,,,,,,,,,,,,,,,,,,,,,,,,,,,,,,,,,,,,,,,,,,,
173713,14-Oct-18,20:54:01,2018-10-14 20:54:01,G,2,148,4926,,0,9,-62.7129,-61.1717,56:29.0,FastGPS,-62.7129,-61.1717,,,8.5,0,,,,15,5,3191,,,,12,27275,,,,31,10854,,,,2,20685,,,,6,9752,,,,23,31844,,,,29,11164,,,,9,29017,,,,25,31642,,,,,,,,,,,,,,,,,,,,,,,,,,,,,,,,,
173713,14-Oct-18,23:07:01,2018-10-14 23:07:01,G,3,148,4930,,0,9,-62.6861,-61.1887,09:28.5,FastGPS,-62.6861,-61.1887,,1,12.6,-0.5,,,,15,26,12842,,,,21,1406,,,,29,1805,,,,16,30750,,,,4,9308,,,,5,24246,,,,20,32122,,,,27,27087,,,,7,19414,,,,,,,,,,,,,,,,,,,,,,,,,,,,,,,,,
173713,14-Oct-18,23:37:00,2018-10-14 23:37:00,G,1,148,4931,1933,0,8,-62.6872,-61.2068,39:27.5,FastGPS,-62.6872,-61.2068,,1,10,-0.5,,,,15,29,9727,,,,5,3261,,,,16,7884,,,,26,28262,,,,21,20815,,,,20,27204,,,,13,25685,,,,4,15443,,,,,,,,,,,,,,,,,,,,,,,,,,,,,,,,,,,,,,
173713,15-Oct-18,0:11:35,2018-10-15 00:11:35,G,3,148,4932,,0,9,-62.6883,-61.2254,14:03.0,FastGPS,-62.6883,-61.2254,,,13.4,0,,,,15,20,16045,,,,10,5143,,,,26,13633,,,,27,8555,,,,16,30256,,,,21,18449,,,,7,13305,,,,29,6572,,,,15,9249,,,,,,,,,,,,,,,,,,,,,,,,,,,,,,,,,
173713,15-Oct-18,1:11:01,2018-10-15 01:11:01,G,2,148,4934,1933,0,8,-62.6895,-61.2574,13:29.0,FastGPS,-62.6895,-61.2574,,1,1.3,0,,,,15,15,10998,,,,10,3239,,,,21,28492,,,,20,20656,,,,13,25860,,,,4,29619,,,,26,22512,,,,16,29555,,,,,,,,,,,,,,,,,,,,,,,,,,,,,,,,,,,,,,
173713,15-Oct-18,3:06:16,2018-10-15 03:06:16,G,1,148,4937,,0,9,-62.6872,-61.2905,08:44.0,FastGPS,-62.6872,-61.2905,,,8.4,0,,,,15,10,15784,,,,20,1009,,,,15,27268,,,,18,7216,,,,11,11273,,,,32,13949,,,,28,17727,,,,14,2664,,,,27,32496,,,,,,,,,,,,,,,,,,,,,,,,,,,,,,,,,
173713,15-Oct-18,3:52:00,2018-10-15 03:52:00,G,1,148,4938,1935,0,7,-62.6888,-61.3035,54:27.5,FastGPS,-62.6888,-61.3035,,,10.3,-0.5,,,,15,32,16820,,,,10,30901,,,,14,16655,,,,8,2075,,,,27,31714,,,,20,15260,,,,24,14219,,,,,,,,,,,,,,,,,,,,,,,,,,,,,,,,,,,,,,,,,,,
173713,15-Oct-18,4:57:00,2018-10-15 04:57:00,G,1,148,4939,,0,9,-62.6898,-61.3172,59:27.5,FastGPS,-62.6898,-61.3172,,,10.3,-0.5,,,,15,32,14863,,,,8,28048,,,,10,10639,,,,14,8141,,,,18,30483,,,,31,31859,,,,1,7109,,,,22,30934,,,,3,24507,,,,,,,,,,,,,,,,,,,,,,,,,,,,,,,,,
173713,15-Oct-18,5:27:01,2018-10-15 05:27:01,G,1,148,4940,,0,9,-62.6897,-61.3227,29:28.5,FastGPS,-62.6897,-61.3227,,,9.1,-0.5,,,,15,17,6453,,,,18,12338,,,,11,30112,,,,22,10461,,,,1,27018,,,,3,7411,,,,14,17371,,,,19,18848,,,,12,12668,,,,,,,,,,,,,,,,,,,,,,,,,,,,,,,,,
173713,15-Oct-18,6:23:10,2018-10-15 06:23:10,G,2,148,4941,,0,9,-62.6855,-61.3264,25:38.0,FastGPS,-62.6855,-61.3264,,,7.2,0,,,,15,31,14122,,,,19,20099,,,,17,26280,,,,3,17110,,,,12,20141,,,,32,5629,,,,14,31575,,,,25,7799,,,,22,18012,,,,,,,,,,,,,,,,,,,,,,,,,,,,,,,,,
173713,15-Oct-18,7:28:01,2018-10-15 07:28:01,G,1,148,4943,1938,0,8,-62.7062,-61.3523,30:28.5,FastGPS,-62.7062,-61.3523,,,6.2,-0.5,,,,15,23,8219,,,,9,15158,,,,31,11193,,,,17,27732,,,,6,27486,,,,19,11538,,,,3,20853,,,,25,9569,,,,,,,,,,,,,,,,,,,,,,,,,,,,,,,,,,,,,,
173713,15-Oct-18,8:28:01,2018-10-15 08:28:01,G,1,148,4945,1938,0,8,-62.7248,-61.367,30:28.5,FastGPS,-62.7248,-61.367,,,7.5,-0.5,,,,15,3,21636,,,,22,4497,,,,6,19954,,,,23,12578,,,,9,32682,,,,26,23611,,,,2,1559,,,,16,24387,,,,,,,,,,,,,,,,,,,,,,,,,,,,,,,,,,,,,,
173713,15-Oct-18,9:44:41,2018-10-15 09:44:41,G,2,148,4947,,0,9,-62.7396,-61.4214,47:08.5,FastGPS,-62.7396,-61.4214,,,9.4,-0.5,,,,15,7,23142,,,,2,25358,,,,29,27089,,,,23,22957,,,,9,21861,,,,5,4886,,,,6,20881,,,,3,11521,,,,16,19778,,,,,,,,,,,,,,,,,,,,,,,,,,,,,,,,,
173713,15-Oct-18,10:15:12,2018-10-15 10:15:12,G,1,148,4948,1939,0,6,-62.7396,-61.4476,17:39.0,FastGPS,-62.7396,-61.4476,,,10.3,-1,,,,15,23,7544,,,,16,8053,,,,7,30957,,,,9,19888,,,,2,30491,,,,30,32507,,,,,,,,,,,,,,,,,,,,,,,,,,,,,,,,,,,,,,,,,,,,,,,,
173713,15-Oct-18,11:18:58,2018-10-15 11:18:58,G,1,148,4950,1939,0,4,-62.772,-61.531,10/15/2018 12:22,K,-62.7466,-61.4972,,,0.6,-1.5,,,,15,7,279,,,,9,6232,,,,5,21387,,,,30,12473,,,,,,,,,,,,,,,,,,,,,,,,,,,,,,,,,,,,,,,,,,,,,,,,,,,,,,,,,,
173713,15-Oct-18,12:05:29,2018-10-15 12:05:29,G,2,148,4951,1940,0,7,-62.7699,-61.5221,07:56.5,FastGPS,-62.7699,-61.5221,,,3.7,-0.5,,,,15,7,32355,,,,30,28151,,,,5,7348,,,,21,24414,,,,13,7920,,,,8,3973,,,,28,2012,,,,,,,,,,,,,,,,,,,,,,,,,,,,,,,,,,,,,,,,,,,
173713,15-Oct-18,13:21:24,2018-10-15 13:21:24,G,1,148,4953,,0,9,-62.809,-61.5202,23:51.0,FastGPS,-62.809,-61.5202,,,6.2,-1,,,,15,5,21677,,,,13,8446,,,,7,19273,,,,15,15115,,,,28,24070,,,,8,27072,,,,27,1225,,,,30,12134,,,,20,30783,,,,,,,,,,,,,,,,,,,,,,,,,,,,,,,,,
173713,15-Oct-18,14:08:26,2018-10-15 14:08:26,G,1,148,4954,,0,9,-62.8293,-61.4863,10:53.5,FastGPS,-62.8293,-61.4863,,,7.4,-0.5,,,,15,15,14116,,,,7,9834,,,,13,15659,,,,11,8724,,,,30,27325,,,,8,28606,,,,20,31691,,,,18,20381,,,,28,296,,,,,,,,,,,,,,,,,,,,,,,,,,,,,,,,,
173713,15-Oct-18,14:38:27,2018-10-15 14:38:27,G,4,148,4955,,0,9,-62.8364,-61.4567,40:53.5,FastGPS,-62.8364,-61.4567,,,7.1,-1.5,,,,15,15,6298,,,,17,27456,,,,13,13692,,,,20,28624,,,,10,13541,,,,24,31995,,,,11,20734,,,,30,12913,,,,28,30443,,,,,,,,,,,,,,,,,,,,,,,,,,,,,,,,,
173713,15-Oct-18,15:08:04,2018-10-15 15:08:04,G,3,148,4956,1941,0,6,-62.8394,-61.4455,10:30.5,FastGPS,-62.8394,-61.4455,,,4.4,-1.5,,,,15,15,19077,,,,24,12497,,,,28,6924,,,,20,11610,,,,13,730,,,,18,31257,,,,,,,,,,,,,,,,,,,,,,,,,,,,,,,,,,,,,,,,,,,,,,,,
173713,15-Oct-18,15:56:53,2018-10-15 15:56:53,G,4,148,4957,,0,9,-62.8373,-61.4463,10/15/2018 15:59,FastGPS,-62.8373,-61.4463,,,5.4,,,,,15,12,1929,,,,17,3450,,,,15,31284,,,,13,17774,,,,24,9900,,,,28,9687,,,,19,31136,,,,18,26407,,,,1,1082,,,,,,,,,,,,,,,,,,,,,,,,,,,,,,,,,
173713,15-Oct-18,16:29:04,2018-10-15 16:29:04,G,1,148,4958,1942,0,8,-62.837,-61.4413,31:31.5,FastGPS,-62.837,-61.4413,,,8.7,-0.5,,,,15,17,297,,,,15,7243,,,,19,31385,,,,12,11560,,,,28,30462,,,,24,10455,,,,1,9564,,,,13,3934,,,,,,,,,,,,,,,,,,,,,,,,,,,,,,,,,,,,,,
173713,15-Oct-18,17:00:28,2018-10-15 17:00:28,G,1,148,4959,1942,0,7,-62.8427,-61.4427,02:54.5,FastGPS,-62.8427,-61.4427,,,5,-1.5,,,,15,17,15515,,,,19,31390,,,,12,10506,,,,15,31696,,,,24,11781,,,,32,15215,,,,1,13677,,,,,,,,,,,,,,,,,,,,,,,,,,,,,,,,,,,,,,,,,,,
173713,15-Oct-18,17:30:08,2018-10-15 17:30:08,G,1,148,4960,1942,0,8,-62.8433,-61.4424,32:35.0,FastGPS,-62.8433,-61.4424,,,11.9,-0.9,,,,15,32,10914,,,,17,31863,,,,14,16078,,,,12,26048,,,,19,32430,,,,22,24659,,,,25,25813,,,,1,28028,,,,,,,,,,,,,,,,,,,,,,,,,,,,,,,,,,,,,,
173713,15-Oct-18,18:30:06,2018-10-15 18:30:06,G,1,148,4962,,0,9,-62.8375,-61.4466,32:33.5,FastGPS,-62.8375,-61.4466,,,8.9,-0.5,,,,15,6,22491,,,,12,28428,,,,19,8853,,,,17,27626,,,,2,32253,,,,24,3914,,,,32,27323,,,,25,9658,,,,29,22488,,,,,,,,,,,,,,,,,,,,,,,,,,,,,,,,,
173713,15-Oct-18,19:16:00,2018-10-15 19:16:00,G,1,148,4963,,0,9,-62.8379,-61.4461,18:26.5,FastGPS,-62.8379,-61.4461,,,8,-1.5,,,,15,31,14629,,,,25,21674,,,,29,8153,,,,32,5251,,,,12,26699,,,,14,19690,,,,3,29778,,,,6,17659,,,,2,7127,,,,,,,,,,,,,,,,,,,,,,,,,,,,,,,,,
173713,15-Oct-18,19:46:26,2018-10-15 19:46:26,G,1,148,4964,1943,0,7,-62.8397,-61.4536,48:52.5,FastGPS,-62.8397,-61.4536,,,10.3,-1.5,,,,15,29,28858,,,,31,16051,,,,25,15981,,,,14,30202,,,,12,20291,,,,32,14651,,,,19,4290,,,,,,,,,,,,,,,,,,,,,,,,,,,,,,,,,,,,,,,,,,,
173713,15-Oct-18,20:16:12,2018-10-15 20:16:12,G,2,148,4965,1943,0,5,-62.8392,-61.4712,18:39.0,FastGPS,-62.8392,-61.4712,,,4.9,-1,,,,15,29,16162,,,,12,11180,,,,25,30780,,,,2,22790,,,,31,4649,,,,,,,,,,,,,,,,,,,,,,,,,,,,,,,,,,,,,,,,,,,,,,,,,,,,,
173713,15-Oct-18,20:46:02,2018-10-15 20:46:02,G,2,148,4966,,0,9,-62.8342,-61.4752,48:28.5,FastGPS,-62.8342,-61.4752,,,13.3,-1.5,,,,15,5,7141,,,,31,778,,,,23,19568,,,,29,25698,,,,2,17135,,,,12,30524,,,,9,8258,,,,25,26859,,,,6,15709,,,,,,,,,,,,,,,,,,,,,,,,,,,,,,,,,
173713,15-Oct-18,21:16:00,2018-10-15 21:16:00,G,3,148,4967,,0,9,-62.8324,-61.4732,18:26.5,FastGPS,-62.8324,-61.4732,,,6.7,-1.5,,,,15,31,19048,,,,5,22615,,,,2,3598,,,,25,24430,,,,29,5620,,,,12,5049,,,,26,7691,,,,21,9574,,,,16,8686,,,,,,,,,,,,,,,,,,,,,,,,,,,,,,,,,
173713,15-Oct-18,21:46:00,2018-10-15 21:46:00,G,1,148,4968,,1,9,-62.8325,-61.4732,48:26.5,FastGPS,-62.8325,-61.4732,,,10.8,-1.5,,,,15,31,2052,,,,5,18020,,,,29,23996,,,,26,1209,,,,25,1539,,,,21,27433,,,,16,3620,,,,23,30133,,,,9,15409,,,,,,,,,,,,,,,,,,,,,,,,,,,,,,,,,
173713,15-Oct-18,22:31:00,2018-10-15 22:31:00,G,1,148,4969,1943,0,7,-62.8327,-61.4734,33:26.5,FastGPS,-62.8327,-61.4734,,,6,-1.5,,,,15,29,30382,,,,21,23013,,,,31,8191,,,,16,3234,,,,5,30624,,,,26,8000,,,,25,7220,,,,,,,,,,,,,,,,,,,,,,,,,,,,,,,,,,,,,,,,,,,
173713,16-Oct-18,0:03:32,2018-10-16 00:03:32,G,1,148,4971,1944,0,4,-62.726,-61.142,10/16/2018 21:53,P,-62.8395,-61.5046,,,1.7,-1.2,,,,15,16,22686,,,,27,17563,,,,26,16098,,,,7,3485,,,,,,,,,,,,,,,,,,,,,,,,,,,,,,,,,,,,,,,,,,,,,,,,,,,,,,,,,,
173713,16-Oct-18,14:35:40,2018-10-16 14:35:40,G,1,148,4974,,0,9,-62.8401,-61.4001,38:07.0,FastGPS,-62.8401,-61.4001,,,7.2,-1,,,,15,15,9781,,,,28,31168,,,,11,24072,,,,10,18775,,,,13,12983,,,,17,2995,,,,30,9632,,,,18,23,,,,20,30665,,,,,,,,,,,,,,,,,,,,,,,,,,,,,,,,,
173713,16-Oct-18,15:48:56,2018-10-16 15:48:56,G,1,148,4976,,0,9,-62.8082,-61.3297,51:23.0,FastGPS,-62.8082,-61.3297,,,4.6,-1,,,,15,17,11397,,,,19,32504,,,,15,21160,,,,28,7966,,,,10,30470,,,,24,14105,,,,13,16531,,,,11,25342,,,,18,12416,,,,,,,,,,,,,,,,,,,,,,,,,,,,,,,,,
173713,16-Oct-18,16:21:20,2018-10-16 16:21:20,G,1,148,4977,,0,9,-62.7925,-61.3008,23:46.5,FastGPS,-62.7925,-61.3008,,,10.1,-1.5,,,,15,15,12534,,,,17,26835,,,,12,22051,,,,1,4759,,,,18,4367,,,,28,9220,,,,19,16618,,,,11,24000,,,,24,31167,,,,,,,,,,,,,,,,,,,,,,,,,,,,,,,,,
173713,16-Oct-18,17:15:21,2018-10-16 17:15:21,G,3,148,4978,1947,0,8,-62.7749,-61.2454,17:47.6,FastGPS,-62.7749,-61.2454,,,11.1,-1.4,,,,15,32,22253,,,,12,29115,,,,17,30918,,,,14,7824,,,,25,10612,,,,19,2008,,,,24,28884,,,,1,25987,,,,,,,,,,,,,,,,,,,,,,,,,,,,,,,,,,,,,,
173713,16-Oct-18,19:57:08,2018-10-16 19:57:08,G,1,148,4981,1948,0,5,-62.7447,-61.2063,59:35.0,FastGPS,-62.7447,-61.2063,,,3.4,-1,,,,15,12,27111,,,,29,31626,,,,2,23089,,,,25,1706,,,,31,3348,,,,,,,,,,,,,,,,,,,,,,,,,,,,,,,,,,,,,,,,,,,,,,,,,,,,,
173713,16-Oct-18,21:47:00,2018-10-16 21:47:00,G,2,148,4983,,0,9,-62.7355,-61.185,49:26.6,FastGPS,-62.7355,-61.185,,,13.6,-1.4,,,,15,26,13127,,,,29,19101,,,,5,27259,,,,23,14721,,,,31,17073,,,,2,6957,,,,16,22901,,,,9,11351,,,,25,13223,,,,,,,,,,,,,,,,,,,,,,,,,,,,,,,,,
173713,16-Oct-18,22:35:26,2018-10-16 22:35:26,G,2,148,4984,1952,0,6,-62.7318,-61.1762,37:52.6,FastGPS,-62.7318,-61.1762,,1,6.4,-1.4,,,,15,16,15092,,,,5,11335,,,,26,31317,,,,29,26682,,,,21,8728,,,,4,28999,,,,,,,,,,,,,,,,,,,,,,,,,,,,,,,,,,,,,,,,,,,,,,,,
173713,16-Oct-18,23:05:04,2018-10-16 23:05:04,G,2,148,4985,1952,0,8,-62.7274,-61.1913,07:31.0,FastGPS,-62.7274,-61.1913,,1,13.6,-1,,,,15,29,9099,,,,21,14962,,,,16,9050,,,,5,9267,,,,27,18972,,,,26,5031,,,,20,25029,,,,4,31252,,,,,,,,,,,,,,,,,,,,,,,,,,,,,,,,,,,,,,
173713,16-Oct-18,23:35:01,2018-10-16 23:35:01,G,1,148,4986,,0,9,-62.722,-61.1884,37:28.0,FastGPS,-62.722,-61.1884,,1,6,-1,,,,15,5,22700,,,,16,18673,,,,7,7343,,,,15,29680,,,,4,9681,,,,29,21617,,,,21,708,,,,20,26126,,,,27,16379,,,,,,,,,,,,,,,,,,,,,,,,,,,,,,,,,
173713,17-Oct-18,2:53:07,2018-10-17 02:53:07,G,2,148,4992,,0,9,-62.7137,-61.1946,55:34.5,FastGPS,-62.7137,-61.1946,,1,5.3,-0.5,,,,15,15,839,,,,32,16253,,,,27,6279,,,,10,12474,,,,18,14614,,,,8,6743,,,,4,15065,,,,11,17979,,,,24,9271,,,,,,,,,,,,,,,,,,,,,,,,,,,,,,,,,
173713,17-Oct-18,3:39:33,2018-10-17 03:39:33,G,2,148,4993,1954,0,8,-62.7096,-61.2126,42:00.5,FastGPS,-62.7096,-61.2126,,,4,-0.5,,,,15,10,19033,,,,18,7217,,,,1,21108,,,,28,2809,,,,11,15838,,,,32,14974,,,,20,8016,,,,22,12731,,,,,,,,,,,,,,,,,,,,,,,,,,,,,,,,,,,,,,
173713,17-Oct-18,4:43:44,2018-10-17 04:43:44,G,1,148,4995,,0,9,-62.7143,-61.2095,46:10.5,FastGPS,-62.7143,-61.2095,,,12.9,-1.5,,,,15,22,20076,,,,1,5421,,,,17,25222,,,,18,8473,,,,11,22911,,,,32,27515,,,,14,7754,,,,24,16226,,,,3,8986,,,,,,,,,,,,,,,,,,,,,,,,,,,,,,,,,
173713,17-Oct-18,5:46:09,2018-10-17 05:46:09,G,1,148,4997,,0,9,-62.7181,-61.1937,48:36.6,FastGPS,-62.7181,-61.1937,,,5.9,-0.4,,,,15,3,14536,,,,12,25736,,,,17,14977,,,,1,29537,,,,22,6280,,,,32,19830,,,,25,22346,,,,19,25773,,,,11,11564,,,,,,,,,,,,,,,,,,,,,,,,,,,,,,,,,
173713,17-Oct-18,7:09:07,2018-10-17 07:09:07,G,1,148,4999,,0,9,-62.7229,-61.1505,11:33.6,FastGPS,-62.7229,-61.1505,,,8.8,-1.4,,,,15,31,7941,,,,22,32469,,,,14,11184,,,,25,4109,,,,3,18348,,,,23,28043,,,,17,28165,,,,1,11154,,,,9,21650,,,,,,,,,,,,,,,,,,,,,,,,,,,,,,,,,
173713,17-Oct-18,7:39:11,2018-10-17 07:39:11,G,1,148,5000,1955,0,7,-62.7107,-61.1493,41:38.5,FastGPS,-62.7107,-61.1493,,,12.3,-0.5,,,,15,31,30933,,,,22,24055,,,,6,20904,,,,3,6273,,,,25,31834,,,,1,23371,,,,26,1320,,,,,,,,,,,,,,,,,,,,,,,,,,,,,,,,,,,,,,,,,,,
173713,17-Oct-18,8:09:02,2018-10-17 08:09:02,G,1,148,5001,,0,9,-62.7003,-61.1468,11:29.5,FastGPS,-62.7003,-61.1468,,,8.9,-0.5,,,,15,3,1545,,,,22,352,,,,6,27485,,,,23,17637,,,,26,5597,,,,9,11369,,,,19,14164,,,,31,22515,,,,2,7517,,,,,,,,,,,,,,,,,,,,,,,,,,,,,,,,,
173713,17-Oct-18,8:39:25,2018-10-17 08:39:25,G,1,148,5002,1955,0,6,-62.6958,-61.1629,41:52.5,FastGPS,-62.6958,-61.1629,,,2.2,-0.5,,,,15,9,15764,,,,6,10948,,,,23,12704,,,,31,2758,,,,2,26971,,,,26,5315,,,,,,,,,,,,,,,,,,,,,,,,,,,,,,,,,,,,,,,,,,,,,,,,
173713,17-Oct-18,9:25:00,2018-10-17 09:25:00,G,1,148,5003,1956,0,7,-62.6932,-61.181,10/17/2018 9:27,FastGPS,-62.6932,-61.181,,,9.8,-1,,,,15,16,18586,,,,26,9381,,,,9,9294,,,,23,10414,,,,29,12079,,,,2,17850,,,,3,23005,,,,,,,,,,,,,,,,,,,,,,,,,,,,,,,,,,,,,,,,,,,
173713,17-Oct-18,10:10:01,2018-10-17 10:10:01,G,2,148,5004,,0,9,-62.691,-61.1956,12:27.5,FastGPS,-62.691,-61.1956,,,6.4,-1.5,,,,15,7,18750,,,,9,27114,,,,5,17738,,,,23,8186,,,,29,28520,,,,30,24128,,,,2,32169,,,,16,20242,,,,6,16575,,,,,,,,,,,,,,,,,,,,,,,,,,,,,,,,,
173713,17-Oct-18,13:04:34,2018-10-17 13:04:34,G,1,148,5008,1960,0,7,-62.6864,-61.2315,07:00.6,FastGPS,-62.6864,-61.2315,,,3.8,-1.4,,,,15,7,24771,,,,13,25202,,,,5,19706,,,,30,28507,,,,15,13768,,,,28,28922,,,,8,29738,,,,,,,,,,,,,,,,,,,,,,,,,,,,,,,,,,,,,,,,,,,
173713,17-Oct-18,13:34:02,2018-10-17 13:34:02,G,1,148,5009,1960,0,6,-62.6872,-61.2331,36:28.6,FastGPS,-62.6872,-61.2331,,,3.8,-1.4,,,,15,7,32514,,,,13,7149,,,,30,5505,,,,28,23270,,,,5,12450,,,,8,14058,,,,,,,,,,,,,,,,,,,,,,,,,,,,,,,,,,,,,,,,,,,,,,,,
173713,17-Oct-18,14:54:38,2018-10-17 14:54:38,G,1,148,5011,,0,9,-62.6849,-61.2328,57:05.5,FastGPS,-62.6849,-61.2328,,,9.2,-0.5,,,,15,15,11906,,,,13,10709,,,,17,27174,,,,18,19301,,,,28,13213,,,,1,9556,,,,11,19140,,,,10,17861,,,,30,29855,,,,,,,,,,,,,,,,,,,,,,,,,,,,,,,,,
173713,17-Oct-18,15:44:11,2018-10-17 15:44:11,G,1,148,5012,,0,9,-62.6851,-61.2432,46:39.0,FastGPS,-62.6851,-61.2432,,,14,0,,,,15,15,22451,,,,24,11716,,,,17,10530,,,,1,10077,,,,19,31170,,,,18,11469,,,,13,20251,,,,11,25271,,,,28,10375,,,,,,,,,,,,,,,,,,,,,,,,,,,,,,,,,
173713,17-Oct-18,16:16:27,2018-10-17 16:16:27,G,1,148,5013,,0,9,-62.6891,-61.2494,18:55.0,FastGPS,-62.6891,-61.2494,,,8.1,0,,,,15,15,13718,,,,12,16874,,,,24,28177,,,,19,13718,,,,1,2393,,,,17,25129,,,,10,24537,,,,18,3034,,,,11,23400,,,,,,,,,,,,,,,,,,,,,,,,,,,,,,,,,
173713,17-Oct-18,19:05:17,2018-10-17 19:05:17,G,1,148,5018,,0,9,-62.6852,-61.2311,07:44.6,FastGPS,-62.6852,-61.2311,,,10,-0.5,,,,15,6,9466,,,,25,5548,,,,19,5948,,,,2,22802,,,,32,1296,,,,29,18745,,,,31,22769,,,,14,11352,,,,12,20032,,,,,,,,,,,,,,,,,,,,,,,,,,,,,,,,,
173713,17-Oct-18,20:35:00,2018-10-17 20:35:00,G,1,148,5021,1963,0,8,-62.695,-61.2028,37:28.1,FastGPS,-62.695,-61.2028,,,5.8,0.1,,,,15,25,4042,,,,29,24247,,,,31,2760,,,,23,19319,,,,26,23941,,,,12,16222,,,,2,27148,,,,9,2970,,,,,,,,,,,,,,,,,,,,,,,,,,,,,,,,,,,,,,
173713,17-Oct-18,21:05:00,2018-10-17 21:05:00,G,1,148,5022,,0,9,-62.695,-61.2034,07:28.0,FastGPS,-62.695,-61.2034,,,12.3,0,,,,15,31,19265,,,,29,810,,,,5,13116,,,,25,30842,,,,23,23073,,,,26,23819,,,,2,10028,,,,9,2325,,,,21,25122,,,,,,,,,,,,,,,,,,,,,,,,,,,,,,,,,
173713,17-Oct-18,21:35:37,2018-10-17 21:35:37,G,2,148,5023,,0,9,-62.7024,-61.2038,38:04.0,FastGPS,-62.7024,-61.2038,,,5.9,-1,,,,15,31,12070,,,,25,15293,,,,29,29607,,,,21,21081,,,,16,27829,,,,23,4251,,,,5,19700,,,,9,17924,,,,26,29276,,,,,,,,,,,,,,,,,,,,,,,,,,,,,,,,,
173713,17-Oct-18,23:44:00,2018-10-17 23:44:00,G,1,148,5026,,0,9,-62.7128,-61.1984,46:27.0,FastGPS,-62.7128,-61.1984,,1,12.7,-1,,,,15,29,18040,,,,16,11413,,,,4,6756,,,,26,6204,,,,20,1299,,,,7,12595,,,,27,24204,,,,21,29300,,,,15,32371,,,,,,,,,,,,,,,,,,,,,,,,,,,,,,,,,
173713,18-Oct-18,0:46:11,2018-10-18 00:46:11,G,1,148,5027,1967,0,7,-62.7156,-61.1595,48:38.0,FastGPS,-62.7156,-61.1595,,1,8.8,-1,,,,15,16,24179,,,,10,7467,,,,20,23819,,,,21,21063,,,,13,21878,,,,4,10092,,,,27,1448,,,,,,,,,,,,,,,,,,,,,,,,,,,,,,,,,,,,,,,,,,,
173713,18-Oct-18,1:18:21,2018-10-18 01:18:21,G,1,148,5028,1967,0,8,-62.7136,-61.1538,20:47.6,FastGPS,-62.7136,-61.1538,,,16.2,-1.4,,,,15,15,679,,,,21,30945,,,,10,10611,,,,20,8507,,,,7,19431,,,,16,29762,,,,27,6129,,,,8,21827,,,,,,,,,,,,,,,,,,,,,,,,,,,,,,,,,,,,,,
173713,18-Oct-18,2:51:01,2018-10-18 02:51:01,G,1,148,5030,,0,9,-62.707,-61.1403,53:28.0,FastGPS,-62.707,-61.1403,,1,7.1,-1,,,,15,10,29873,,,,32,11709,,,,20,21111,,,,27,19590,,,,4,26563,,,,18,7851,,,,8,24735,,,,14,30153,,,,11,11325,,,,,,,,,,,,,,,,,,,,,,,,,,,,,,,,,
173713,18-Oct-18,3:52:28,2018-10-18 03:52:28,G,2,148,5032,1969,0,8,-62.7026,-61.1334,54:54.5,FastGPS,-62.7026,-61.1334,,,4.7,-1.5,,,,15,32,22988,,,,14,18197,,,,8,5712,,,,10,4743,,,,22,1327,,,,11,16973,,,,28,20873,,,,3,29032,,,,,,,,,,,,,,,,,,,,,,,,,,,,,,,,,,,,,,
173713,18-Oct-18,4:22:00,2018-10-18 04:22:00,G,2,148,5033,1969,0,4,-62.728,-61.159,10/19/2018 2:36,A,-62.7002,-61.13,,,0.1,-1.4,,,,15,32,32729,,,,14,1254,,,,10,11855,,,,17,20209,,,,,,,,,,,,,,,,,,,,,,,,,,,,,,,,,,,,,,,,,,,,,,,,,,,,,,,,,,
173713,18-Oct-18,5:22:00,2018-10-18 05:22:00,G,2,148,5034,1971,0,6,-62.6928,-61.13,24:27.0,FastGPS,-62.6928,-61.13,,,10.8,-1,,,,15,12,9725,,,,32,11387,,,,31,5733,,,,17,27299,,,,18,6218,,,,19,22711,,,,,,,,,,,,,,,,,,,,,,,,,,,,,,,,,,,,,,,,,,,,,,,,
173713,18-Oct-18,5:52:00,2018-10-18 05:52:00,G,1,148,5035,,0,9,-62.684,-61.1216,54:27.0,FastGPS,-62.684,-61.1216,,,9.2,-1,,,,15,17,29809,,,,3,25642,,,,31,10276,,,,14,1832,,,,32,1391,,,,22,31828,,,,18,8501,,,,11,31269,,,,19,2098,,,,,,,,,,,,,,,,,,,,,,,,,,,,,,,,,
173713,18-Oct-18,6:56:01,2018-10-18 06:56:01,G,1,148,5036,1973,0,5,-62.6844,-61.0791,58:27.6,FastGPS,-62.6844,-61.0791,,,12.4,-1.4,,,,15,31,32550,,,,25,27181,,,,22,13580,,,,3,12321,,,,6,7457,,,,,,,,,,,,,,,,,,,,,,,,,,,,,,,,,,,,,,,,,,,,,,,,,,,,,
173713,18-Oct-18,7:57:13,2018-10-18 07:57:13,G,1,148,5038,1973,0,8,-62.6799,-61.0972,59:40.0,FastGPS,-62.6799,-61.0972,,,12.4,-1,,,,15,23,24914,,,,3,5539,,,,9,1434,,,,22,16698,,,,25,32723,,,,26,29557,,,,2,25710,,,,6,3759,,,,,,,,,,,,,,,,,,,,,,,,,,,,,,,,,,,,,,
173713,18-Oct-18,8:27:02,2018-10-18 08:27:02,G,1,148,5039,,0,9,-62.6929,-61.0993,29:28.5,FastGPS,-62.6929,-61.0993,,1,12.7,-1.5,,,,15,23,9451,,,,29,4401,,,,31,29259,,,,9,23096,,,,3,12293,,,,6,11123,,,,26,15257,,,,2,31759,,,,5,5205,,,,,,,,,,,,,,,,,,,,,,,,,,,,,,,,,
173713,18-Oct-18,9:32:52,2018-10-18 09:32:52,G,1,148,5041,1973,0,5,-62.7025,-61.136,35:18.5,FastGPS,-62.7025,-61.136,,,13,-1.5,,,,15,7,1860,,,,23,32091,,,,9,31129,,,,29,2874,,,,6,27723,,,,,,,,,,,,,,,,,,,,,,,,,,,,,,,,,,,,,,,,,,,,,,,,,,,,,
173713,18-Oct-18,11:36:21,2018-10-18 11:36:21,G,1,148,5045,,0,9,-62.6901,-61.0985,38:47.5,FastGPS,-62.6901,-61.0985,,1,8.4,-1.5,,,,15,7,12496,,,,5,20997,,,,9,18454,,,,4,13605,,,,8,32682,,,,16,2882,,,,27,13976,,,,21,9946,,,,30,17538,,,,,,,,,,,,,,,,,,,,,,,,,,,,,,,,,
173713,18-Oct-18,14:40:18,2018-10-18 14:40:18,G,1,148,5049,1977,0,8,-62.6879,-61.0933,42:44.5,FastGPS,-62.6879,-61.0933,,,11.2,-1.5,,,,15,17,16257,,,,30,8693,,,,11,17685,,,,28,114,,,,15,6446,,,,18,6687,,,,13,4039,,,,1,10081,,,,,,,,,,,,,,,,,,,,,,,,,,,,,,,,,,,,,,
173713,18-Oct-18,15:10:21,2018-10-18 15:10:21,G,1,148,5050,1977,0,8,-62.6845,-61.0814,12:47.5,FastGPS,-62.6845,-61.0814,,,13.7,-1.5,,,,15,17,20046,,,,28,10615,,,,13,29459,,,,30,23648,,,,19,1485,,,,24,8130,,,,15,22260,,,,1,14529,,,,,,,,,,,,,,,,,,,,,,,,,,,,,,,,,,,,,,
173713,18-Oct-18,15:40:00,2018-10-18 15:40:00,G,1,148,5051,,0,9,-62.6878,-61.0856,42:26.5,FastGPS,-62.6878,-61.0856,,,9.4,-1.5,,,,15,15,27861,,,,24,16888,,,,13,26438,,,,17,16698,,,,12,31825,,,,1,16418,,,,19,4394,,,,18,17686,,,,11,31766,,,,,,,,,,,,,,,,,,,,,,,,,,,,,,,,,
173713,18-Oct-18,16:10:00,2018-10-18 16:10:00,G,1,148,5052,,0,9,-62.6852,-61.0739,12:27.0,FastGPS,-62.6852,-61.0739,,,9.4,-1,,,,15,17,14474,,,,15,9906,,,,32,6595,,,,28,12605,,,,1,25689,,,,18,30345,,,,12,27979,,,,10,18199,,,,19,30217,,,,,,,,,,,,,,,,,,,,,,,,,,,,,,,,,
173713,18-Oct-18,16:41:54,2018-10-18 16:41:54,G,3,148,5053,1977,0,8,-62.6823,-61.0628,44:20.5,FastGPS,-62.6823,-61.0628,,,11.4,-1.5,,,,15,12,5881,,,,17,12961,,,,24,29894,,,,15,10342,,,,1,10740,,,,32,12050,,,,19,12337,,,,28,6153,,,,,,,,,,,,,,,,,,,,,,,,,,,,,,,,,,,,,,
173713,18-Oct-18,17:28:40,2018-10-18 17:28:40,G,2,148,5054,1978,0,7,-62.6834,-61.0626,31:07.0,FastGPS,-62.6834,-61.0626,,,9.3,-1,,,,15,12,15434,,,,17,26204,,,,24,30672,,,,6,19552,,,,19,23962,,,,25,4193,,,,32,20733,,,,,,,,,,,,,,,,,,,,,,,,,,,,,,,,,,,,,,,,,,,
173713,18-Oct-18,18:00:26,2018-10-18 18:00:26,G,1,148,5055,,0,9,-62.6892,-61.0613,02:53.0,FastGPS,-62.6892,-61.0613,,,11.5,-1,,,,15,19,30747,,,,6,4351,,,,24,8967,,,,12,26540,,,,32,20616,,,,25,24375,,,,17,20166,,,,2,26137,,,,14,15558,,,,,,,,,,,,,,,,,,,,,,,,,,,,,,,,,
173713,18-Oct-18,18:46:41,2018-10-18 18:46:41,G,2,148,5056,1979,0,6,-62.6825,-61.0625,49:08.0,FastGPS,-62.6825,-61.0625,,,7.2,-1,,,,15,12,22498,,,,19,14285,,,,6,6197,,,,2,26694,,,,24,18911,,,,3,25575,,,,,,,,,,,,,,,,,,,,,,,,,,,,,,,,,,,,,,,,,,,,,,,,
173713,18-Oct-18,19:32:00,2018-10-18 19:32:00,G,1,148,5057,1980,0,6,-62.6824,-61.0553,34:26.5,FastGPS,-62.6824,-61.0553,,,3,-1.5,,,,15,12,22280,,,,2,21743,,,,25,8604,,,,6,15976,,,,31,32709,,,,29,14618,,,,,,,,,,,,,,,,,,,,,,,,,,,,,,,,,,,,,,,,,,,,,,,,
173713,18-Oct-18,21:05:26,2018-10-18 21:05:26,G,1,148,5059,1982,0,8,-62.6801,-61.0845,07:53.0,FastGPS,-62.6801,-61.0845,,,9.3,-1,,,,15,29,20233,,,,25,775,,,,31,28497,,,,5,11585,,,,12,14690,,,,26,24745,,,,21,1374,,,,2,10499,,,,,,,,,,,,,,,,,,,,,,,,,,,,,,,,,,,,,,
173713,18-Oct-18,22:24:17,2018-10-18 22:24:17,G,1,148,5060,1985,0,6,-62.6879,-61.1284,26:43.5,FastGPS,-62.6879,-61.1284,,,3.4,-1.5,,,,15,5,29938,,,,29,18462,,,,21,14785,,,,26,12982,,,,9,23241,,,,16,21081,,,,,,,,,,,,,,,,,,,,,,,,,,,,,,,,,,,,,,,,,,,,,,,,
173713,18-Oct-18,22:54:31,2018-10-18 22:54:31,G,2,148,5061,1985,0,6,-62.6923,-61.1514,56:57.5,FastGPS,-62.6923,-61.1514,,1,9.7,-1.5,,,,15,29,3756,,,,26,26225,,,,21,28494,,,,16,22394,,,,20,851,,,,4,7736,,,,,,,,,,,,,,,,,,,,,,,,,,,,,,,,,,,,,,,,,,,,,,,,
173713,18-Oct-18,23:58:25,2018-10-18 23:58:25,G,1,148,5063,,0,9,-62.6994,-61.193,00:52.0,FastGPS,-62.6994,-61.193,,1,4.7,-1,,,,15,20,2934,,,,16,3449,,,,21,25047,,,,10,29567,,,,26,11672,,,,4,25475,,,,7,22523,,,,8,2189,,,,15,28965,,,,,,,,,,,,,,,,,,,,,,,,,,,,,,,,,
173713,19-Oct-18,1:30:00,2018-10-19 01:30:00,G,1,148,5065,,0,9,-62.7163,-61.166,32:27.6,FastGPS,-62.7163,-61.166,,1,12.5,-0.4,,,,15,10,3270,,,,20,22808,,,,13,22038,,,,18,24640,,,,8,21810,,,,4,1115,,,,30,21479,,,,21,15145,,,,15,16049,,,,,,,,,,,,,,,,,,,,,,,,,,,,,,,,,
173713,19-Oct-18,2:49:01,2018-10-19 02:49:01,G,1,148,5067,1988,0,7,-62.7187,-61.1813,51:28.6,FastGPS,-62.7187,-61.1813,,1,4.6,-0.4,,,,15,27,14947,,,,10,29323,,,,32,22293,,,,8,25176,,,,11,20628,,,,18,16946,,,,4,20008,,,,,,,,,,,,,,,,,,,,,,,,,,,,,,,,,,,,,,,,,,,
173713,19-Oct-18,3:19:00,2018-10-19 03:19:00,G,3,148,5068,,0,9,-62.72,-61.1805,21:27.5,FastGPS,-62.72,-61.1805,,,11.9,-0.5,,,,15,32,11415,,,,27,11670,,,,10,17010,,,,8,19864,,,,1,1927,,,,11,19249,,,,14,11780,,,,22,13945,,,,28,4164,,,,,,,,,,,,,,,,,,,,,,,,,,,,,,,,,
173713,19-Oct-18,4:05:59,2018-10-19 04:05:59,G,2,148,5069,,0,9,-62.7191,-61.1764,08:26.6,FastGPS,-62.7191,-61.1764,,,7.5,-0.4,,,,15,32,4961,,,,14,9269,,,,8,30958,,,,10,1786,,,,22,9347,,,,28,10831,,,,1,8475,,,,11,29169,,,,18,17230,,,,,,,,,,,,,,,,,,,,,,,,,,,,,,,,,
173713,19-Oct-18,4:38:29,2018-10-19 04:38:29,G,3,148,5070,,0,9,-62.7184,-61.1887,40:57.0,FastGPS,-62.7184,-61.1887,,,11.4,0,,,,15,17,22508,,,,32,11982,,,,18,25914,,,,14,32107,,,,11,7894,,,,1,30061,,,,3,8806,,,,22,16954,,,,10,14214,,,,,,,,,,,,,,,,,,,,,,,,,,,,,,,,,
173713,19-Oct-18,5:41:02,2018-10-19 05:41:02,G,2,148,5071,,0,9,-62.7148,-61.2117,43:30.0,FastGPS,-62.7148,-61.2117,,,8.2,0,,,,15,18,3869,,,,22,32624,,,,3,13910,,,,31,25235,,,,17,5795,,,,1,16337,,,,19,24954,,,,12,20976,,,,14,22128,,,,,,,,,,,,,,,,,,,,,,,,,,,,,,,,,
173713,19-Oct-18,6:30:18,2018-10-19 06:30:18,G,1,148,5072,,0,9,-62.7146,-61.2629,32:46.0,FastGPS,-62.7146,-61.2629,,,12.1,0,,,,15,1,26036,,,,31,15542,,,,22,20524,,,,17,28402,,,,23,30086,,,,3,4807,,,,18,9860,,,,19,28491,,,,32,23700,,,,,,,,,,,,,,,,,,,,,,,,,,,,,,,,,
173713,19-Oct-18,7:00:59,2018-10-19 07:00:59,G,2,148,5073,,0,9,-62.7137,-61.2666,03:26.6,FastGPS,-62.7137,-61.2666,,,14.1,-0.4,,,,15,23,18956,,,,22,22688,,,,1,1535,,,,3,8915,,,,17,19099,,,,9,11831,,,,12,13476,,,,31,30886,,,,19,8723,,,,,,,,,,,,,,,,,,,,,,,,,,,,,,,,,
173713,19-Oct-18,7:31:00,2018-10-19 07:31:00,G,3,148,5074,1992,0,8,-62.7099,-61.2611,33:27.5,FastGPS,-62.7099,-61.2611,,,9.8,-0.5,,,,15,31,27074,,,,6,17314,,,,22,19969,,,,3,2346,,,,25,27682,,,,26,29469,,,,1,19516,,,,23,872,,,,,,,,,,,,,,,,,,,,,,,,,,,,,,,,,,,,,,
173713,19-Oct-18,8:01:04,2018-10-19 08:01:04,G,2,148,5075,1992,0,4,-62.725,-61.427,10/20/2018 4:48,N,-62.7015,-61.2469,,,0.6,-0.5,,,,15,31,241,,,,22,10037,,,,3,11624,,,,26,16565,,,,,,,,,,,,,,,,,,,,,,,,,,,,,,,,,,,,,,,,,,,,,,,,,,,,,,,,,,
173713,19-Oct-18,9:38:44,2018-10-19 09:38:44,G,1,148,5077,1994,0,8,-62.6862,-61.1875,41:11.0,FastGPS,-62.6862,-61.1875,,,6.9,-1,,,,15,7,17907,,,,2,28939,,,,23,8605,,,,16,20071,,,,9,1913,,,,26,16644,,,,29,6285,,,,6,30774,,,,,,,,,,,,,,,,,,,,,,,,,,,,,,,,,,,,,,
173713,19-Oct-18,10:43:05,2018-10-19 10:43:05,G,1,148,5079,1994,0,8,-62.6927,-61.1776,45:33.0,FastGPS,-62.6927,-61.1776,,,16.6,0,,,,15,7,30305,,,,9,18683,,,,27,23193,,,,30,21329,,,,23,13833,,,,16,867,,,,26,31606,,,,5,17285,,,,,,,,,,,,,,,,,,,,,,,,,,,,,,,,,,,,,,
173713,19-Oct-18,11:14:38,2018-10-19 11:14:38,G,1,148,5080,1994,0,8,-62.7022,-61.1775,17:06.0,FastGPS,-62.7022,-61.1775,,1,5.5,0,,,,15,5,18372,,,,7,8886,,,,27,21901,,,,8,13108,,,,30,23734,,,,23,24711,,,,4,14103,,,,9,6848,,,,,,,,,,,,,,,,,,,,,,,,,,,,,,,,,,,,,,
173713,19-Oct-18,11:47:03,2018-10-19 11:47:03,G,2,148,5081,,0,9,-62.7007,-61.1684,49:31.0,FastGPS,-62.7007,-61.1684,,1,6.3,0,,,,15,5,21904,,,,30,7525,,,,27,983,,,,4,11426,,,,7,19111,,,,13,13132,,,,8,14465,,,,21,3086,,,,16,6626,,,,,,,,,,,,,,,,,,,,,,,,,,,,,,,,,
173713,19-Oct-18,12:17:01,2018-10-19 12:17:01,G,1,148,5082,,0,9,-62.7016,-61.1577,19:29.1,FastGPS,-62.7016,-61.1577,,1,8.2,0.1,,,,15,27,20244,,,,4,19929,,,,7,15698,,,,9,13914,,,,13,29413,,,,30,3496,,,,8,713,,,,5,13,,,,28,2087,,,,,,,,,,,,,,,,,,,,,,,,,,,,,,,,,
173713,19-Oct-18,12:53:13,2018-10-19 12:53:13,G,2,148,5083,1994,0,8,-62.7053,-61.1354,55:40.6,FastGPS,-62.7053,-61.1354,,,10.3,-0.4,,,,15,7,6961,,,,5,31098,,,,30,2459,,,,15,3609,,,,13,20354,,,,28,18941,,,,8,31759,,,,21,5242,,,,,,,,,,,,,,,,,,,,,,,,,,,,,,,,,,,,,,
173713,19-Oct-18,13:26:14,2018-10-19 13:26:14,G,1,148,5084,,0,9,-62.7123,-61.1502,28:40.6,FastGPS,-62.7123,-61.1502,,,5.8,-1.4,,,,15,30,30341,,,,28,16934,,,,15,24956,,,,13,231,,,,27,2302,,,,5,2719,,,,8,6849,,,,7,23696,,,,21,1025,,,,,,,,,,,,,,,,,,,,,,,,,,,,,,,,,
173713,19-Oct-18,13:59:55,2018-10-19 13:59:55,G,2,148,5085,1994,0,6,-62.7123,-61.1547,02:21.5,FastGPS,-62.7123,-61.1547,,,10.3,-1.5,,,,15,15,2017,,,,30,3837,,,,28,8017,,,,17,22748,,,,13,13174,,,,20,11173,,,,,,,,,,,,,,,,,,,,,,,,,,,,,,,,,,,,,,,,,,,,,,,,
173713,19-Oct-18,14:30:31,2018-10-19 14:30:31,G,1,148,5086,1994,0,8,-62.7115,-61.1557,32:57.5,FastGPS,-62.7115,-61.1557,,,14,-1.5,,,,15,17,15001,,,,15,26691,,,,19,11604,,,,28,389,,,,13,8703,,,,24,11832,,,,30,23991,,,,11,6651,,,,,,,,,,,,,,,,,,,,,,,,,,,,,,,,,,,,,,
173713,19-Oct-18,15:00:00,2018-10-19 15:00:00,G,2,148,5087,,0,9,-62.7055,-61.1303,02:26.6,FastGPS,-62.7055,-61.1303,,,7,-1.4,,,,15,30,21042,,,,11,791,,,,18,15640,,,,15,28313,,,,24,21418,,,,28,31082,,,,17,144,,,,19,9053,,,,1,1128,,,,,,,,,,,,,,,,,,,,,,,,,,,,,,,,,
173713,19-Oct-18,15:30:05,2018-10-19 15:30:05,G,2,148,5088,,0,9,-62.7045,-61.1183,32:31.5,FastGPS,-62.7045,-61.1183,,,5.6,-1.5,,,,15,15,19707,,,,11,23316,,,,17,17563,,,,18,3740,,,,13,31362,,,,1,22349,,,,19,28682,,,,28,21206,,,,24,14299,,,,,,,,,,,,,,,,,,,,,,,,,,,,,,,,,
173713,19-Oct-18,18:08:00,2018-10-19 18:08:00,G,1,148,5093,1994,0,7,-62.6917,-61.0369,10:27.5,FastGPS,-62.6917,-61.0369,,,9.6,-0.5,,,,15,17,6125,,,,19,8811,,,,24,9431,,,,12,9779,,,,6,39,,,,2,25328,,,,3,11958,,,,,,,,,,,,,,,,,,,,,,,,,,,,,,,,,,,,,,,,,,,
173713,19-Oct-18,19:31:11,2018-10-19 19:31:11,G,1,148,5095,1995,0,6,-62.6857,-61.1146,33:39.0,FastGPS,-62.6857,-61.1146,,,8.4,0,,,,15,12,3774,,,,2,15370,,,,31,32472,,,,29,17404,,,,14,8160,,,,25,462,,,,,,,,,,,,,,,,,,,,,,,,,,,,,,,,,,,,,,,,,,,,,,,,
173713,19-Oct-18,20:31:01,2018-10-19 20:31:01,G,1,148,5097,1995,0,7,-62.7015,-61.1541,33:28.5,FastGPS,-62.7015,-61.1541,,,4.6,-0.5,,,,15,29,18627,,,,31,22078,,,,25,14857,,,,23,9016,,,,6,883,,,,12,19030,,,,9,255,,,,,,,,,,,,,,,,,,,,,,,,,,,,,,,,,,,,,,,,,,,
173713,19-Oct-18,21:01:00,2018-10-19 21:01:00,G,2,148,5098,,0,9,-62.7085,-61.1891,03:27.5,FastGPS,-62.7085,-61.1891,,,7.6,-0.5,,,,15,31,18570,,,,29,9136,,,,25,23040,,,,5,31948,,,,21,21626,,,,23,25510,,,,12,5208,,,,26,12823,,,,2,197,,,,,,,,,,,,,,,,,,,,,,,,,,,,,,,,,
173713,19-Oct-18,21:32:02,2018-10-19 21:32:02,G,2,148,5099,,0,9,-62.7174,-61.2236,34:30.1,FastGPS,-62.7174,-61.2236,,,6.4,0.1,,,,15,29,20218,,,,31,25222,,,,25,22457,,,,23,20575,,,,5,21886,,,,26,4052,,,,9,11268,,,,21,6804,,,,16,9377,,,,,,,,,,,,,,,,,,,,,,,,,,,,,,,,,
173713,19-Oct-18,22:02:43,2018-10-19 22:02:43,G,2,148,5100,1995,0,8,-62.7171,-61.2477,05:11.1,FastGPS,-62.7171,-61.2477,,1,8.4,0.1,,,,15,21,12042,,,,29,30015,,,,31,32364,,,,26,29420,,,,16,27691,,,,5,5556,,,,25,4560,,,,15,5762,,,,,,,,,,,,,,,,,,,,,,,,,,,,,,,,,,,,,,
173713,19-Oct-18,22:33:00,2018-10-19 22:33:00,G,2,148,5101,1995,0,6,-62.7171,-61.2481,35:26.6,FastGPS,-62.7171,-61.2481,,1,1.3,-1.4,,,,15,29,32501,,,,5,1822,,,,21,14193,,,,26,4410,,,,4,7301,,,,16,14820,,,,,,,,,,,,,,,,,,,,,,,,,,,,,,,,,,,,,,,,,,,,,,,,
173713,19-Oct-18,23:37:23,2018-10-19 23:37:23,G,2,148,5102,,0,9,-62.7172,-61.2623,39:49.5,FastGPS,-62.7172,-61.2623,,1,8.9,-1.5,,,,15,26,2307,,,,20,7522,,,,21,29879,,,,16,11779,,,,7,14544,,,,29,10541,,,,27,30560,,,,4,11772,,,,15,5383,,,,,,,,,,,,,,,,,,,,,,,,,,,,,,,,,
173713,20-Oct-18,0:37:07,2018-10-20 00:37:07,G,3,148,5104,,0,9,-62.7108,-61.3131,39:33.5,FastGPS,-62.7108,-61.3131,,1,12.1,-1.5,,,,15,4,2704,,,,10,29884,,,,21,15900,,,,7,14838,,,,20,15384,,,,16,20689,,,,27,25683,,,,30,964,,,,15,5012,,,,,,,,,,,,,,,,,,,,,,,,,,,,,,,,,
173713,20-Oct-18,1:09:19,2018-10-20 01:09:19,G,3,148,5105,,0,9,-62.7037,-61.3378,11:45.5,FastGPS,-62.7037,-61.3378,,1,18.6,-1.5,,,,15,10,17856,,,,4,10822,,,,27,15417,,,,20,17687,,,,16,11056,,,,21,9943,,,,8,29521,,,,18,13593,,,,30,2144,,,,,,,,,,,,,,,,,,,,,,,,,,,,,,,,,
173713,20-Oct-18,1:39:44,2018-10-20 01:39:44,G,3,148,5106,,0,9,-62.7066,-61.3567,42:10.5,FastGPS,-62.7066,-61.3567,,1,9.6,-1.5,,,,15,10,3843,,,,4,16558,,,,27,936,,,,11,21954,,,,18,24058,,,,20,17128,,,,15,10711,,,,8,30626,,,,30,2081,,,,,,,,,,,,,,,,,,,,,,,,,,,,,,,,,
173713,20-Oct-18,2:26:21,2018-10-20 02:26:21,G,1,148,5107,,0,9,-62.7097,-61.3609,28:47.5,FastGPS,-62.7097,-61.3609,,1,9.1,-1.5,,,,15,32,4611,,,,10,11367,,,,11,21742,,,,18,20192,,,,27,3690,,,,4,25751,,,,8,32504,,,,20,4009,,,,28,15129,,,,,,,,,,,,,,,,,,,,,,,,,,,,,,,,,
173713,20-Oct-18,2:56:00,2018-10-20 02:56:00,G,1,148,5108,,0,9,-62.7091,-61.3569,58:27.0,FastGPS,-62.7091,-61.3569,,1,11,-1,,,,15,18,7223,,,,8,1505,,,,27,31078,,,,28,2256,,,,11,12214,,,,32,22113,,,,1,30208,,,,10,1057,,,,4,27725,,,,,,,,,,,,,,,,,,,,,,,,,,,,,,,,,
173713,20-Oct-18,3:44:27,2018-10-20 03:44:27,G,2,148,5109,,0,9,-62.7094,-61.3569,46:53.6,FastGPS,-62.7094,-61.3569,,,8.1,-1.4,,,,15,32,18482,,,,14,14396,,,,8,1236,,,,18,3360,,,,17,27336,,,,1,20692,,,,28,17552,,,,11,13856,,,,22,31530,,,,,,,,,,,,,,,,,,,,,,,,,,,,,,,,,
173713,20-Oct-18,4:17:46,2018-10-20 04:17:46,G,2,148,5110,,0,9,-62.7093,-61.3568,20:13.1,FastGPS,-62.7093,-61.3568,,,7.1,-0.9,,,,15,22,13930,,,,1,21944,,,,3,25162,,,,8,557,,,,17,18533,,,,11,6077,,,,28,1976,,,,18,25193,,,,32,12932,,,,,,,,,,,,,,,,,,,,,,,,,,,,,,,,,
173713,20-Oct-18,5:04:00,2018-10-20 05:04:00,G,3,148,5111,,0,9,-62.7098,-61.3602,06:26.5,FastGPS,-62.7098,-61.3602,,,9.5,-1.5,,,,15,17,16479,,,,18,30678,,,,11,15837,,,,3,12169,,,,31,31325,,,,14,31498,,,,32,7015,,,,22,18192,,,,1,7418,,,,,,,,,,,,,,,,,,,,,,,,,,,,,,,,,
173713,20-Oct-18,8:26:15,2018-10-20 08:26:15,G,1,148,5112,,0,9,-62.7372,-61.4027,28:42.6,FastGPS,-62.7372,-61.4027,,,3,-0.4,,,,15,23,6810,,,,9,7169,,,,3,16587,,,,7,14197,,,,6,6548,,,,22,9869,,,,2,20544,,,,26,29056,,,,16,27536,,,,,,,,,,,,,,,,,,,,,,,,,,,,,,,,,
173713,20-Oct-18,8:58:12,2018-10-20 08:58:12,G,2,148,5113,2010,0,6,-62.7403,-61.4306,00:40.1,FastGPS,-62.7403,-61.4306,,,2.4,0.1,,,,15,23,17885,,,,2,23937,,,,9,8667,,,,3,31784,,,,7,31283,,,,6,83,,,,,,,,,,,,,,,,,,,,,,,,,,,,,,,,,,,,,,,,,,,,,,,,
173713,20-Oct-18,9:29:08,2018-10-20 09:29:08,G,2,148,5114,2010,0,8,-62.748,-61.4567,31:35.6,FastGPS,-62.748,-61.4567,,,7.6,-0.4,,,,15,7,12526,,,,9,21342,,,,23,9450,,,,5,29678,,,,29,26936,,,,6,4247,,,,30,18404,,,,2,21614,,,,,,,,,,,,,,,,,,,,,,,,,,,,,,,,,,,,,,
173713,20-Oct-18,10:33:56,2018-10-20 10:33:56,G,3,148,5115,2012,0,5,-62.7534,-61.5108,36:23.0,FastGPS,-62.7534,-61.5108,,,0.7,-0.9,,,,15,7,9945,,,,30,21794,,,,5,23908,,,,9,19064,,,,16,28746,,,,,,,,,,,,,,,,,,,,,,,,,,,,,,,,,,,,,,,,,,,,,,,,,,,,,
173713,20-Oct-18,11:04:01,2018-10-20 11:04:01,G,3,148,5116,2012,0,7,-62.7676,-61.5108,06:29.0,FastGPS,-62.7676,-61.5108,,1,7.9,0,,,,15,27,31595,,,,4,361,,,,16,31046,,,,9,26576,,,,5,5751,,,,7,6000,,,,30,1792,,,,,,,,,,,,,,,,,,,,,,,,,,,,,,,,,,,,,,,,,,,
173713,20-Oct-18,12:05:39,2018-10-20 12:05:39,G,3,148,5117,2014,0,8,-62.7665,-61.5377,08:06.1,FastGPS,-62.7665,-61.5377,,,11.2,-0.9,,,,15,30,19743,,,,5,30521,,,,7,21275,,,,28,16328,,,,13,25083,,,,9,113,,,,21,15552,,,,8,1628,,,,,,,,,,,,,,,,,,,,,,,,,,,,,,,,,,,,,,
173713,20-Oct-18,12:35:06,2018-10-20 12:35:06,G,1,148,5118,2014,0,6,-62.779,-61.5644,37:34.0,FastGPS,-62.779,-61.5644,,,6.6,0.1,,,,15,28,26771,,,,5,7651,,,,30,17085,,,,15,13685,,,,13,20889,,,,7,26329,,,,,,,,,,,,,,,,,,,,,,,,,,,,,,,,,,,,,,,,,,,,,,,,
173713,20-Oct-18,13:24:41,2018-10-20 13:24:41,G,2,148,5119,2015,0,7,-62.8063,-61.5877,27:09.1,FastGPS,-62.8063,-61.5877,,,1.7,0.1,,,,15,8,8441,,,,13,9202,,,,30,28321,,,,28,27700,,,,5,31614,,,,15,9558,,,,7,15710,,,,,,,,,,,,,,,,,,,,,,,,,,,,,,,,,,,,,,,,,,,
173713,20-Oct-18,14:16:35,2018-10-20 14:16:35,G,1,148,5120,2016,0,5,-62.83,-61.5993,19:02.6,FastGPS,-62.83,-61.5993,,,1.5,-0.4,,,,15,15,3612,,,,13,14124,,,,28,29295,,,,30,15518,,,,1,30354,,,,,,,,,,,,,,,,,,,,,,,,,,,,,,,,,,,,,,,,,,,,,,,,,,,,,
173713,20-Oct-18,14:48:44,2018-10-20 14:48:44,G,1,148,5121,2016,0,7,-62.8349,-61.6288,51:10.5,FastGPS,-62.8349,-61.6288,,,16.4,-1.5,,,,15,15,3446,,,,13,13705,,,,24,2201,,,,20,27405,,,,10,19448,,,,17,7895,,,,11,7569,,,,,,,,,,,,,,,,,,,,,,,,,,,,,,,,,,,,,,,,,,,
173713,20-Oct-18,15:52:18,2018-10-20 15:52:18,G,2,148,5123,2016,0,5,-62.8581,-61.6868,54:44.6,FastGPS,-62.8581,-61.6868,,,1.9,-1.4,,,,15,15,19675,,,,12,1978,,,,17,20269,,,,19,14589,,,,24,11299,,,,,,,,,,,,,,,,,,,,,,,,,,,,,,,,,,,,,,,,,,,,,,,,,,,,,
173713,20-Oct-18,16:26:47,2018-10-20 16:26:47,G,2,148,5124,2016,0,8,-62.8745,-61.7134,29:14.0,FastGPS,-62.8745,-61.7134,,,6.8,-1,,,,15,24,16929,,,,12,4029,,,,15,26435,,,,32,14791,,,,17,9423,,,,19,22478,,,,1,11809,,,,18,7670,,,,,,,,,,,,,,,,,,,,,,,,,,,,,,,,,,,,,,
173713,20-Oct-18,16:57:58,2018-10-20 16:57:58,G,3,148,5125,2016,0,6,-62.8926,-61.7355,00:26.0,FastGPS,-62.8926,-61.7355,,,6.1,0,,,,15,12,4783,,,,24,7836,,,,32,989,,,,19,11563,,,,17,10465,,,,15,23763,,,,,,,,,,,,,,,,,,,,,,,,,,,,,,,,,,,,,,,,,,,,,,,,
173713,20-Oct-18,17:30:31,2018-10-20 17:30:31,G,2,148,5126,2016,0,8,-62.9124,-61.7563,32:58.6,FastGPS,-62.9124,-61.7563,,,7,-0.4,,,,15,12,10298,,,,24,14998,,,,17,26410,,,,32,6992,,,,19,17116,,,,22,20611,,,,3,129,,,,25,23765,,,,,,,,,,,,,,,,,,,,,,,,,,,,,,,,,,,,,,
173713,20-Oct-18,18:01:09,2018-10-20 18:01:09,G,2,148,5127,2016,0,5,-62.9297,-61.7783,03:35.6,FastGPS,-62.9297,-61.7783,,,8,-1.4,,,,15,12,163,,,,24,8485,,,,25,25587,,,,14,30244,,,,2,74,,,,,,,,,,,,,,,,,,,,,,,,,,,,,,,,,,,,,,,,,,,,,,,,,,,,,
173713,20-Oct-18,19:03:27,2018-10-20 19:03:27,G,2,148,5128,2018,0,8,-62.9708,-61.8208,05:53.6,FastGPS,-62.9708,-61.8208,,,6.9,-1.4,,,,15,12,6854,,,,29,5445,,,,31,7166,,,,25,29226,,,,2,20672,,,,6,32714,,,,3,9917,,,,14,31387,,,,,,,,,,,,,,,,,,,,,,,,,,,,,,,,,,,,,,
173713,20-Oct-18,19:35:21,2018-10-20 19:35:21,G,3,148,5129,2018,0,6,-62.9887,-61.8455,37:47.5,FastGPS,-62.9887,-61.8455,,,1.5,-1.4,,,,15,29,6099,,,,12,765,,,,25,26075,,,,31,17318,,,,2,9879,,,,6,29126,,,,,,,,,,,,,,,,,,,,,,,,,,,,,,,,,,,,,,,,,,,,,,,,
173713,20-Oct-18,20:05:50,2018-10-20 20:05:50,G,2,148,5130,2018,0,6,-63.0065,-61.8653,08:17.0,FastGPS,-63.0065,-61.8653,,,3,-0.9,,,,15,29,26556,,,,25,1708,,,,31,1420,,,,2,26605,,,,6,12362,,,,5,2134,,,,,,,,,,,,,,,,,,,,,,,,,,,,,,,,,,,,,,,,,,,,,,,,
173713,20-Oct-18,20:38:49,2018-10-20 20:38:49,G,2,148,5131,2018,0,7,-63.0227,-61.8892,41:17.1,FastGPS,-63.0227,-61.8892,,1,5.9,0.1,,,,15,29,19806,,,,31,3766,,,,25,135,,,,12,11263,,,,26,3041,,,,2,19489,,,,16,743,,,,,,,,,,,,,,,,,,,,,,,,,,,,,,,,,,,,,,,,,,,
173713,20-Oct-18,21:27:19,2018-10-20 21:27:19,G,3,148,5132,2019,0,7,-63.0464,-61.929,29:46.6,FastGPS,-63.0464,-61.929,,,9.1,-0.4,,,,15,29,29075,,,,31,5689,,,,26,15495,,,,21,12135,,,,25,29802,,,,9,25264,,,,2,27831,,,,,,,,,,,,,,,,,,,,,,,,,,,,,,,,,,,,,,,,,,,
173713,20-Oct-18,22:19:23,2018-10-20 22:19:23,G,2,148,5133,2020,0,7,-63.0727,-61.978,21:50.6,FastGPS,-63.0727,-61.978,,1,7.9,-0.4,,,,15,21,30382,,,,26,21190,,,,5,28901,,,,29,9477,,,,16,7715,,,,31,7947,,,,4,22487,,,,,,,,,,,,,,,,,,,,,,,,,,,,,,,,,,,,,,,,,,,
173713,20-Oct-18,22:54:20,2018-10-20 22:54:20,G,3,148,5134,2020,0,7,-63.0892,-62.0141,56:48.0,FastGPS,-63.0892,-62.0141,,1,5.3,0.1,,,,15,21,16875,,,,26,21859,,,,29,4737,,,,4,13782,,,,7,13813,,,,5,16090,,,,20,2915,,,,,,,,,,,,,,,,,,,,,,,,,,,,,,,,,,,,,,,,,,,
173713,20-Oct-18,23:29:49,2018-10-20 23:29:49,G,2,148,5135,2020,0,8,-63.1065,-62.0504,32:17.0,FastGPS,-63.1065,-62.0504,,1,14.6,0,,,,15,26,11256,,,,5,2726,,,,21,27155,,,,20,21956,,,,16,13294,,,,27,21113,,,,4,4292,,,,7,16271,,,,,,,,,,,,,,,,,,,,,,,,,,,,,,,,,,,,,,
173713,21-Oct-18,0:05:52,2018-10-21 00:05:52,G,3,148,5136,,0,9,-63.125,-62.0864,08:19.6,FastGPS,-63.125,-62.0864,,1,5.7,-0.4,,,,15,16,9384,,,,7,16603,,,,27,11817,,,,10,27398,,,,4,22504,,,,26,8519,,,,20,6484,,,,21,30226,,,,5,13863,,,,,,,,,,,,,,,,,,,,,,,,,,,,,,,,,
173713,21-Oct-18,0:38:56,2018-10-21 00:38:56,G,3,148,5137,,0,9,-63.1423,-62.1224,41:23.6,FastGPS,-63.1423,-62.1224,,1,11.7,-0.4,,,,15,27,6049,,,,4,5398,,,,16,326,,,,10,14868,,,,13,11843,,,,21,26354,,,,20,19131,,,,26,1920,,,,30,8141,,,,,,,,,,,,,,,,,,,,,,,,,,,,,,,,,
173713,21-Oct-18,1:09:00,2018-10-21 01:09:00,G,2,148,5138,,0,9,-63.1558,-62.1514,11:27.6,FastGPS,-63.1558,-62.1514,,1,10.1,-0.4,,,,15,4,19361,,,,27,31885,,,,10,5142,,,,15,21131,,,,20,27857,,,,16,6843,,,,21,3233,,,,8,26645,,,,30,17927,,,,,,,,,,,,,,,,,,,,,,,,,,,,,,,,,
173713,21-Oct-18,1:40:12,2018-10-21 01:40:12,G,4,148,5139,2020,0,8,-63.171,-62.1826,42:38.5,FastGPS,-63.171,-62.1826,,2,7.2,-1.5,,,,15,8,6583,,,,27,25268,,,,4,32227,,,,10,3559,,,,15,1012,,,,18,9973,,,,13,8340,,,,21,17791,,,,,,,,,,,,,,,,,,,,,,,,,,,,,,,,,,,,,,
173713,21-Oct-18,2:11:14,2018-10-21 02:11:14,G,4,148,5140,,0,9,-63.1853,-62.2115,13:40.5,FastGPS,-63.1853,-62.2115,,1,12,-1.5,,,,15,27,4816,,,,8,8098,,,,10,21454,,,,4,4425,,,,18,27453,,,,15,4681,,,,20,7080,,,,32,21354,,,,11,29276,,,,,,,,,,,,,,,,,,,,,,,,,,,,,,,,,
173713,21-Oct-18,3:03:26,2018-10-21 03:03:26,G,3,148,5141,,0,9,-63.2127,-62.2383,05:52.6,FastGPS,-63.2127,-62.2383,,1,7,-1.4,,,,15,8,5032,,,,10,882,,,,27,6996,,,,18,431,,,,11,8181,,,,32,16649,,,,14,3893,,,,24,1318,,,,4,28427,,,,,,,,,,,,,,,,,,,,,,,,,,,,,,,,,
173713,21-Oct-18,3:35:24,2018-10-21 03:35:24,G,3,148,5142,2021,0,6,-63.2253,-62.2462,37:51.1,FastGPS,-63.2253,-62.2462,,,6.7,-0.9,,,,15,8,21226,,,,18,3694,,,,10,18191,,,,32,10740,,,,11,15121,,,,24,46,,,,,,,,,,,,,,,,,,,,,,,,,,,,,,,,,,,,,,,,,,,,,,,,
173713,21-Oct-18,4:06:12,2018-10-21 04:06:12,G,1,148,5143,,0,9,-63.2354,-62.253,08:38.6,FastGPS,-63.2354,-62.253,,,12.8,-1.4,,,,15,1,19062,,,,11,18158,,,,18,3621,,,,22,30339,,,,3,4818,,,,8,8643,,,,32,21368,,,,24,19130,,,,17,7517,,,,,,,,,,,,,,,,,,,,,,,,,,,,,,,,,
173713,21-Oct-18,4:55:25,2018-10-21 04:55:25,G,2,148,5144,2022,0,8,-63.2487,-62.2731,57:52.0,FastGPS,-63.2487,-62.2731,,,9.9,-1,,,,15,17,31375,,,,22,24762,,,,12,24603,,,,3,14414,,,,1,22536,,,,11,5755,,,,18,19187,,,,19,32245,,,,,,,,,,,,,,,,,,,,,,,,,,,,,,,,,,,,,,
173713,21-Oct-18,5:27:41,2018-10-21 05:27:41,G,4,148,5145,,0,9,-63.2621,-62.2822,30:07.6,FastGPS,-63.2621,-62.2822,,,2.2,-1.4,,,,15,3,16278,,,,1,2267,,,,22,8747,,,,17,26738,,,,12,31101,,,,32,31084,,,,11,18982,,,,19,1302,,,,18,28192,,,,,,,,,,,,,,,,,,,,,,,,,,,,,,,,,
173713,21-Oct-18,5:59:03,2018-10-21 05:59:03,G,3,148,5146,,0,9,-63.2798,-62.2869,01:30.0,FastGPS,-63.2798,-62.2869,,,8.7,-0.9,,,,15,3,18243,,,,1,2949,,,,22,14869,,,,23,27654,,,,12,25714,,,,18,9898,,,,11,6783,,,,17,30107,,,,19,28395,,,,,,,,,,,,,,,,,,,,,,,,,,,,,,,,,
173713,21-Oct-18,6:31:51,2018-10-21 06:31:51,G,2,148,5147,,0,9,-63.2923,-62.3078,34:17.6,FastGPS,-63.2923,-62.3078,,,5.4,-1.4,,,,15,23,20650,,,,1,1081,,,,3,26759,,,,17,19521,,,,19,18783,,,,22,17522,,,,12,13389,,,,6,20275,,,,18,7174,,,,,,,,,,,,,,,,,,,,,,,,,,,,,,,,,
173713,21-Oct-18,7:23:15,2018-10-21 07:23:15,G,1,148,5148,,0,9,-63.3122,-62.3565,25:41.6,FastGPS,-63.3122,-62.3565,,,7.9,-1.4,,,,15,3,15973,,,,23,18951,,,,22,29693,,,,31,11132,,,,9,20576,,,,1,28217,,,,6,10510,,,,25,18506,,,,19,31080,,,,,,,,,,,,,,,,,,,,,,,,,,,,,,,,,
173713,21-Oct-18,11:53:00,2018-10-21 11:53:00,G,1,148,5155,2025,0,6,-63.4095,-62.6435,55:26.6,FastGPS,-63.4095,-62.6435,,,4,-1.4,,,,15,7,19841,,,,30,24740,,,,5,22283,,,,28,9759,,,,13,13218,,,,9,11217,,,,,,,,,,,,,,,,,,,,,,,,,,,,,,,,,,,,,,,,,,,,,,,,
173713,21-Oct-18,12:30:58,2018-10-21 12:30:58,G,1,148,5156,2025,0,8,-63.4293,-62.6876,33:25.1,FastGPS,-63.4293,-62.6876,,1,7,-0.9,,,,15,5,11985,,,,13,29309,,,,30,18038,,,,28,23306,,,,27,29977,,,,21,13813,,,,15,26598,,,,4,3698,,,,,,,,,,,,,,,,,,,,,,,,,,,,,,,,,,,,,,
173713,21-Oct-18,13:20:22,2018-10-21 13:20:22,G,2,148,5157,2026,0,7,-63.456,-62.7456,22:49.1,FastGPS,-63.456,-62.7456,,,9.2,-0.9,,,,15,13,6672,,,,5,27029,,,,15,12897,,,,28,18339,,,,20,15049,,,,8,6423,,,,27,3436,,,,,,,,,,,,,,,,,,,,,,,,,,,,,,,,,,,,,,,,,,,
173713,21-Oct-18,13:51:21,2018-10-21 13:51:21,G,1,148,5158,2026,0,7,-63.4742,-62.7585,53:48.1,FastGPS,-63.4742,-62.7585,,,6.6,-0.9,,,,15,13,15766,,,,30,69,,,,7,3009,,,,15,12804,,,,11,25253,,,,28,6161,,,,18,13207,,,,,,,,,,,,,,,,,,,,,,,,,,,,,,,,,,,,,,,,,,,
173713,21-Oct-18,14:22:39,2018-10-21 14:22:39,G,4,148,5159,2026,0,8,-63.4954,-62.777,25:06.0,FastGPS,-63.4954,-62.777,,,6.2,-1,,,,15,13,25243,,,,15,21337,,,,28,17091,,,,18,11868,,,,8,31008,,,,11,25854,,,,10,11843,,,,17,26137,,,,,,,,,,,,,,,,,,,,,,,,,,,,,,,,,,,,,,
173713,21-Oct-18,14:52:19,2018-10-21 14:52:19,G,3,148,5160,2026,0,7,-63.5146,-62.8011,54:46.1,FastGPS,-63.5146,-62.8011,,,11,-0.9,,,,15,15,19498,,,,13,59,,,,18,6978,,,,17,12327,,,,24,20137,,,,28,13948,,,,11,21762,,,,,,,,,,,,,,,,,,,,,,,,,,,,,,,,,,,,,,,,,,,
173713,21-Oct-18,15:22:01,2018-10-21 15:22:01,G,1,148,5161,,0,9,-63.5343,-62.823,24:27.6,FastGPS,-63.5343,-62.823,,,7.8,-1.4,,,,15,17,27737,,,,15,6115,,,,19,4406,,,,13,8483,,,,20,8112,,,,10,18438,,,,24,7659,,,,28,2558,,,,12,6098,,,,,,,,,,,,,,,,,,,,,,,,,,,,,,,,,
173713,21-Oct-18,15:59:33,2018-10-21 15:59:33,G,1,148,5162,,0,9,-63.5581,-62.8604,01:59.6,FastGPS,-63.5581,-62.8604,,,6.8,-1.4,,,,15,12,28248,,,,15,24880,,,,24,10717,,,,19,16391,,,,11,11101,,,,17,32001,,,,18,25618,,,,10,18452,,,,1,19017,,,,,,,,,,,,,,,,,,,,,,,,,,,,,,,,,
173713,21-Oct-18,16:29:47,2018-10-21 16:29:47,G,1,148,5163,2026,0,7,-63.5757,-62.8865,32:14.1,FastGPS,-63.5757,-62.8865,,,4.2,-0.9,,,,15,12,30175,,,,24,18445,,,,17,29572,,,,19,26101,,,,15,26216,,,,1,5061,,,,32,14732,,,,,,,,,,,,,,,,,,,,,,,,,,,,,,,,,,,,,,,,,,,
173713,21-Oct-18,17:02:22,2018-10-21 17:02:22,G,2,148,5164,,0,9,-63.5885,-62.9141,04:48.5,FastGPS,-63.5885,-62.9141,,,13.2,-1.4,,,,15,12,29199,,,,24,28023,,,,19,6694,,,,32,26690,,,,22,2881,,,,17,17505,,,,1,22992,,,,25,30851,,,,14,27638,,,,,,,,,,,,,,,,,,,,,,,,,,,,,,,,,
173713,21-Oct-18,18:21:42,2018-10-21 18:21:42,G,2,148,5165,,0,9,-63.6193,-62.983,24:09.1,FastGPS,-63.6193,-62.983,,,13.5,-0.9,,,,15,12,242,,,,25,5839,,,,31,5524,,,,29,11549,,,,32,12886,,,,24,2149,,,,22,4240,,,,3,16320,,,,2,3425,,,,,,,,,,,,,,,,,,,,,,,,,,,,,,,,,
173713,21-Oct-18,18:53:14,2018-10-21 18:53:14,G,3,148,5166,2028,0,7,-63.6336,-63.0124,55:41.0,FastGPS,-63.6336,-63.0124,,,20.9,-0.9,,,,15,29,7976,,,,31,22635,,,,12,10825,,,,25,19243,,,,14,16966,,,,32,30953,,,,2,27706,,,,,,,,,,,,,,,,,,,,,,,,,,,,,,,,,,,,,,,,,,,
173713,21-Oct-18,19:23:01,2018-10-21 19:23:01,G,4,148,5167,2028,0,5,-63.6465,-63.0401,25:27.6,FastGPS,-63.6465,-63.0401,,,9.5,-1.4,,,,15,12,11098,,,,31,28388,,,,29,1651,,,,25,16614,,,,2,22964,,,,,,,,,,,,,,,,,,,,,,,,,,,,,,,,,,,,,,,,,,,,,,,,,,,,,
173713,21-Oct-18,19:58:35,2018-10-21 19:58:35,G,3,148,5168,2028,0,7,-63.662,-63.0772,01:01.6,FastGPS,-63.662,-63.0772,,1,15.6,-1.4,,,,15,29,14948,,,,25,31208,,,,12,21559,,,,2,22755,,,,31,553,,,,23,7056,,,,8,18153,,,,,,,,,,,,,,,,,,,,,,,,,,,,,,,,,,,,,,,,,,,
173713,21-Oct-18,20:52:28,2018-10-21 20:52:28,G,3,148,5169,2029,0,7,-63.6871,-63.1336,54:55.1,FastGPS,-63.6871,-63.1336,,,5.3,-0.9,,,,15,31,20081,,,,29,2652,,,,23,2711,,,,26,19007,,,,25,7670,,,,5,14499,,,,9,18145,,,,,,,,,,,,,,,,,,,,,,,,,,,,,,,,,,,,,,,,,,,
173713,21-Oct-18,21:28:04,2018-10-21 21:28:04,G,1,148,5170,2029,0,6,-63.7017,-63.0839,30:31.1,FastGPS,-63.7017,-63.0839,,,7.4,-0.9,,,,15,5,17037,,,,29,9039,,,,26,22107,,,,31,11449,,,,2,23767,,,,25,20034,,,,,,,,,,,,,,,,,,,,,,,,,,,,,,,,,,,,,,,,,,,,,,,,
173713,21-Oct-18,21:58:02,2018-10-21 21:58:02,G,1,148,5171,2029,0,6,-63.7148,-63.0452,00:29.0,FastGPS,-63.7148,-63.0452,,,7.5,-1,,,,15,29,28729,,,,26,21107,,,,5,13630,,,,21,3600,,,,16,634,,,,2,10087,,,,,,,,,,,,,,,,,,,,,,,,,,,,,,,,,,,,,,,,,,,,,,,,
173713,21-Oct-18,23:25:26,2018-10-21 23:25:26,G,2,148,5172,,0,9,-63.7151,-63.0441,27:53.1,FastGPS,-63.7151,-63.0441,,1,9.9,-0.9,,,,15,5,5327,,,,26,9905,,,,21,24593,,,,16,15424,,,,4,7638,,,,20,13672,,,,7,24204,,,,13,31021,,,,29,12831,,,,,,,,,,,,,,,,,,,,,,,,,,,,,,,,,
173713,21-Oct-18,23:58:19,2018-10-21 23:58:19,G,1,148,5173,,0,9,-63.7307,-63.0634,00:45.6,FastGPS,-63.7307,-63.0634,,1,14.2,-1.4,,,,15,20,18709,,,,16,10777,,,,10,32642,,,,26,14323,,,,21,27784,,,,7,22862,,,,13,19843,,,,4,13692,,,,27,1107,,,,,,,,,,,,,,,,,,,,,,,,,,,,,,,,,
173713,22-Oct-18,0:31:59,2018-10-22 00:31:59,G,4,148,5174,,0,9,-63.7478,-63.0894,34:26.1,FastGPS,-63.7478,-63.0894,,1,9.1,-0.9,,,,15,10,16210,,,,27,21743,,,,16,26208,,,,4,22439,,,,7,7607,,,,13,1445,,,,20,28487,,,,26,29028,,,,21,16605,,,,,,,,,,,,,,,,,,,,,,,,,,,,,,,,,
173713,22-Oct-18,1:20:59,2018-10-22 01:20:59,G,3,148,5175,2033,0,8,-63.7705,-63.1415,23:27.1,FastGPS,-63.7705,-63.1415,,1,9.2,0.1,,,,15,10,5159,,,,27,32617,,,,4,25924,,,,15,14640,,,,8,9830,,,,20,16630,,,,13,24476,,,,16,29865,,,,,,,,,,,,,,,,,,,,,,,,,,,,,,,,,,,,,,
173713,22-Oct-18,1:51:32,2018-10-22 01:51:32,G,3,148,5176,,0,9,-63.7829,-63.1728,53:59.0,FastGPS,-63.7829,-63.1728,,1,18,-1,,,,15,8,32432,,,,15,9307,,,,27,1969,,,,4,18235,,,,10,14965,,,,11,11162,,,,18,8754,,,,30,27651,,,,28,15499,,,,,,,,,,,,,,,,,,,,,,,,,,,,,,,,,
173713,22-Oct-18,2:21:00,2018-10-22 02:21:00,G,4,148,5177,,0,9,-63.7929,-63.2072,23:28.1,FastGPS,-63.7929,-63.2072,,1,11.5,0.1,,,,15,27,29792,,,,8,9961,,,,10,13220,,,,18,14531,,,,28,14436,,,,15,2352,,,,4,12537,,,,32,11030,,,,1,3290,,,,,,,,,,,,,,,,,,,,,,,,,,,,,,,,,
173713,22-Oct-18,2:55:33,2018-10-22 02:55:33,G,3,148,5178,,0,9,-63.8065,-63.2506,58:00.1,FastGPS,-63.8065,-63.2506,,1,7.7,-0.9,,,,15,32,21454,,,,10,31277,,,,8,3356,,,,18,19185,,,,11,28116,,,,1,27244,,,,14,1829,,,,27,8544,,,,4,30584,,,,,,,,,,,,,,,,,,,,,,,,,,,,,,,,,
173713,22-Oct-18,3:27:29,2018-10-22 03:27:29,G,3,148,5179,,0,9,-63.8168,-63.2924,29:55.6,FastGPS,-63.8168,-63.2924,,,9.2,-1.4,,,,15,8,31557,,,,32,30709,,,,14,4289,,,,18,408,,,,27,17123,,,,11,13085,,,,10,27996,,,,28,18772,,,,22,31522,,,,,,,,,,,,,,,,,,,,,,,,,,,,,,,,,
173713,22-Oct-18,3:57:00,2018-10-22 03:57:00,G,1,148,5180,,0,9,-63.8279,-63.3298,59:26.6,FastGPS,-63.8279,-63.3298,,,4.9,-1.4,,,,15,11,12111,,,,1,3969,,,,17,21510,,,,22,5038,,,,8,20372,,,,18,28979,,,,28,28259,,,,14,18132,,,,3,10235,,,,,,,,,,,,,,,,,,,,,,,,,,,,,,,,,
173713,22-Oct-18,4:28:32,2018-10-22 04:28:32,G,1,148,5181,2033,0,8,-63.8394,-63.3699,30:59.0,FastGPS,-63.8394,-63.3699,,,6.8,-1,,,,15,18,30043,,,,1,16583,,,,14,4379,,,,32,15203,,,,11,16371,,,,22,6612,,,,17,25867,,,,24,11568,,,,,,,,,,,,,,,,,,,,,,,,,,,,,,,,,,,,,,
173713,22-Oct-18,5:01:22,2018-10-22 05:01:22,G,1,148,5182,,0,9,-63.845,-63.4148,03:49.1,FastGPS,-63.845,-63.4148,,,7.5,-0.9,,,,15,18,20449,,,,17,19126,,,,1,18516,,,,11,10497,,,,22,10143,,,,31,17318,,,,14,1214,,,,32,1232,,,,19,8231,,,,,,,,,,,,,,,,,,,,,,,,,,,,,,,,,
173713,22-Oct-18,5:33:57,2018-10-22 05:33:57,G,1,148,5183,2033,0,8,-63.8509,-63.4631,36:25.1,FastGPS,-63.8509,-63.4631,,,8.9,0.1,,,,15,1,7099,,,,18,10005,,,,3,3404,,,,22,6353,,,,19,26180,,,,11,5096,,,,17,21679,,,,12,9351,,,,,,,,,,,,,,,,,,,,,,,,,,,,,,,,,,,,,,
173713,22-Oct-18,6:04:01,2018-10-22 06:04:01,G,1,148,5184,,0,9,-63.8581,-63.5024,06:28.1,FastGPS,-63.8581,-63.5024,,,7.1,-0.9,,,,15,3,24441,,,,1,29482,,,,22,30904,,,,31,13666,,,,17,9731,,,,18,21813,,,,19,5249,,,,12,23756,,,,23,28246,,,,,,,,,,,,,,,,,,,,,,,,,,,,,,,,,
173713,22-Oct-18,6:41:45,2018-10-22 06:41:45,G,2,148,5185,2033,0,8,-63.8669,-63.5498,44:12.1,FastGPS,-63.8669,-63.5498,,,5.1,-0.9,,,,15,31,6000,,,,23,5746,,,,22,11794,,,,14,9186,,,,3,22833,,,,1,118,,,,17,3798,,,,9,25947,,,,,,,,,,,,,,,,,,,,,,,,,,,,,,,,,,,,,,
173713,22-Oct-18,7:12:47,2018-10-22 07:12:47,G,1,148,5186,,0,9,-63.8763,-63.5795,15:13.6,FastGPS,-63.8763,-63.5795,,,10.3,-1.4,,,,15,3,28550,,,,22,18559,,,,23,8224,,,,9,823,,,,6,9138,,,,12,15218,,,,1,24747,,,,19,26977,,,,17,5633,,,,,,,,,,,,,,,,,,,,,,,,,,,,,,,,,
173713,22-Oct-18,7:43:27,2018-10-22 07:43:27,G,3,148,5187,2033,0,8,-63.8861,-63.6127,45:54.0,FastGPS,-63.8861,-63.6127,,,8.2,-1,,,,15,23,13592,,,,9,31246,,,,3,7708,,,,31,8935,,,,6,6577,,,,2,12471,,,,22,9334,,,,19,15369,,,,,,,,,,,,,,,,,,,,,,,,,,,,,,,,,,,,,,
173713,22-Oct-18,8:19:40,2018-10-22 08:19:40,G,3,148,5188,2033,0,7,-63.9028,-63.6498,22:07.1,FastGPS,-63.9028,-63.6498,,,10.8,-0.9,,,,15,23,6873,,,,9,15952,,,,31,2132,,,,6,17717,,,,26,29764,,,,29,13321,,,,3,650,,,,,,,,,,,,,,,,,,,,,,,,,,,,,,,,,,,,,,,,,,,
173713,22-Oct-18,8:51:58,2018-10-22 08:51:58,G,4,148,5189,2033,0,8,-63.918,-63.6851,54:25.0,FastGPS,-63.918,-63.6851,,,10.6,-0.9,,,,15,9,29228,,,,7,19463,,,,23,27538,,,,6,19724,,,,29,11947,,,,16,2520,,,,26,2730,,,,2,28104,,,,,,,,,,,,,,,,,,,,,,,,,,,,,,,,,,,,,,
173713,22-Oct-18,9:27:42,2018-10-22 09:27:42,G,3,148,5190,,0,9,-63.937,-63.7196,30:08.6,FastGPS,-63.937,-63.7196,,,8.7,-1.4,,,,15,7,867,,,,16,31815,,,,9,15240,,,,23,12235,,,,6,14110,,,,2,27052,,,,29,8602,,,,26,2086,,,,30,14242,,,,,,,,,,,,,,,,,,,,,,,,,,,,,,,,,
173713,22-Oct-18,10:02:46,2018-10-22 10:02:46,G,3,148,5191,2033,0,8,-63.9522,-63.7551,05:14.1,FastGPS,-63.9522,-63.7551,,,8.9,0.1,,,,15,7,19952,,,,9,31434,,,,23,9081,,,,5,26801,,,,2,7449,,,,29,23530,,,,30,16560,,,,6,25367,,,,,,,,,,,,,,,,,,,,,,,,,,,,,,,,,,,,,,
173713,22-Oct-18,10:40:14,2018-10-22 10:40:14,G,3,148,5192,2033,0,8,-63.9673,-63.7881,42:42.1,FastGPS,-63.9672,-63.7881,,1,14.3,0.1,,,,15,7,27403,,,,30,12918,,,,5,19472,,,,4,806,,,,16,9382,,,,9,3231,,,,27,7662,,,,2,1476,,,,,,,,,,,,,,,,,,,,,,,,,,,,,,,,,,,,,,
173713,22-Oct-18,11:10:00,2018-10-22 11:10:00,G,2,148,5193,2033,0,8,-63.9792,-63.8241,12:27.5,FastGPS,-63.9792,-63.8241,,1,5.4,-0.4,,,,15,30,28786,,,,7,19458,,,,5,29284,,,,21,4585,,,,16,15696,,,,13,32376,,,,4,10464,,,,27,23405,,,,,,,,,,,,,,,,,,,,,,,,,,,,,,,,,,,,,,
173713,22-Oct-18,11:43:37,2018-10-22 11:43:37,G,3,148,5194,2033,0,7,-63.9934,-63.8612,46:04.6,FastGPS,-63.9934,-63.8612,,1,6.4,-0.4,,,,15,7,19762,,,,30,9048,,,,5,20908,,,,27,3037,,,,8,23832,,,,13,24054,,,,4,5967,,,,,,,,,,,,,,,,,,,,,,,,,,,,,,,,,,,,,,,,,,,
173713,22-Oct-18,12:33:31,2018-10-22 12:33:31,G,4,148,5195,,0,9,-64.0116,-63.908,35:58.6,FastGPS,-64.0116,-63.908,,1,9.6,-0.4,,,,15,5,4957,,,,28,23445,,,,30,19662,,,,13,28618,,,,7,6195,,,,8,5595,,,,27,1765,,,,15,9170,,,,4,2419,,,,,,,,,,,,,,,,,,,,,,,,,,,,,,,,,
173713,22-Oct-18,13:06:06,2018-10-22 13:06:06,G,6,148,5196,2034,0,6,-64.0294,-63.9392,08:33.6,FastGPS,-64.0294,-63.9392,,,13.2,-0.4,,,,15,28,25896,,,,13,5109,,,,30,14006,,,,27,12947,,,,8,24072,,,,5,7369,,,,,,,,,,,,,,,,,,,,,,,,,,,,,,,,,,,,,,,,,,,,,,,,
173713,22-Oct-18,13:57:14,2018-10-22 13:57:14,G,2,148,5197,2035,0,6,-64.0462,-64.0013,59:42.1,FastGPS,-64.0462,-64.0013,,,3.6,0.1,,,,15,13,10211,,,,28,10775,,,,17,27129,,,,15,12229,,,,10,8073,,,,20,20316,,,,,,,,,,,,,,,,,,,,,,,,,,,,,,,,,,,,,,,,,,,,,,,,
173713,22-Oct-18,14:27:01,2018-10-22 14:27:01,G,2,148,5198,2035,0,5,-64.0554,-64.0413,29:28.5,FastGPS,-64.0554,-64.0413,,,7.2,-0.4,,,,15,13,17017,,,,15,13525,,,,17,6013,,,,24,1940,,,,28,16559,,,,,,,,,,,,,,,,,,,,,,,,,,,,,,,,,,,,,,,,,,,,,,,,,,,,,
173713,22-Oct-18,14:57:37,2018-10-22 14:57:37,G,1,148,5199,2035,0,8,-64.0641,-64.0801,00:04.6,FastGPS,-64.0641,-64.0801,,,7.4,-0.4,,,,15,13,13022,,,,15,32233,,,,17,23383,,,,10,22566,,,,19,6593,,,,24,11100,,,,28,1046,,,,20,22858,,,,,,,,,,,,,,,,,,,,,,,,,,,,,,,,,,,,,,
173713,22-Oct-18,15:34:05,2018-10-22 15:34:05,G,2,148,5200,2035,0,8,-64.0721,-64.128,36:32.6,FastGPS,-64.0721,-64.128,,,14.5,-0.4,,,,15,17,23481,,,,19,26340,,,,15,5388,,,,13,760,,,,11,18514,,,,10,15578,,,,24,22849,,,,1,29500,,,,,,,,,,,,,,,,,,,,,,,,,,,,,,,,,,,,,,
173713,22-Oct-18,16:08:05,2018-10-22 16:08:05,G,1,148,5201,2035,0,7,-64.0793,-64.1596,10:33.1,FastGPS,-64.0793,-64.1596,,,8.8,0.1,,,,15,17,14679,,,,19,28204,,,,12,4025,,,,15,32356,,,,32,32266,,,,24,15128,,,,10,16584,,,,,,,,,,,,,,,,,,,,,,,,,,,,,,,,,,,,,,,,,,,
