Name,Day,Time,Date,lc,Count,Time Offset,LocNumber,Failures,Hauled Out,Satellites,InitLat,InitLon,InitTime,InitType,Latitude,Longitude,Height,Bad Sats,Residual,Time Error,TWIC Power,Fastloc Power,Noise,Range Bits,Id,Range,Signal,Doppler,CNR,Id,Range,Signal,Doppler,CNR,Id,Range,Signal,Doppler,CNR,Id,Range,Signal,Doppler,CNR,Id,Range,Signal,Doppler,CNR,Id,Range,Signal,Doppler,CNR,Id,Range,Signal,Doppler,CNR,Id,Range,Signal,Doppler,CNR,Id,Range,Signal,Doppler,CNR,Id,Range,Signal,Doppler,CNR,Id,Range,Signal,Doppler,CNR,Id,Range,Signal,Doppler,CNR,Id,Range,Signal,Doppler,CNR,Id,Range,Signal,Doppler,CNR,Id,Range,Signal,Doppler,CNR
173719,25-Apr-18,18:37:11,2018-04-25 18:37:11,G,1,3,39,,0,9,-62.4758,-60.7948,37:13.4,FastGPS,-62.4758,-60.7948,,,13,-0.6,,,,15,31,5222,,,,23,2235,,,,1,14282,,,,22,21682,,,,17,20176,,,,14,17960,,,,3,24908,,,,11,21594,,,,18,17556,,,,,,,,,,,,,,,,,,,,,,,,,,,,,,,,,
173719,25-Apr-18,19:16:08,2018-04-25 19:16:08,G,2,3,40,,0,9,-62.4722,-60.799,16:11.9,FastGPS,-62.4722,-60.799,,,6.9,0.9,,,,15,31,5305,,,,22,12138,,,,3,10428,,,,23,32526,,,,17,24368,,,,14,14846,,,,1,16996,,,,9,6112,,,,19,4940,,,,,,,,,,,,,,,,,,,,,,,,,,,,,,,,,
173719,25-Apr-18,20:18:35,2018-04-25 20:18:35,G,2,3,41,1,0,8,-62.4679,-60.8046,18:38.4,FastGPS,-62.4679,-60.8046,,1,9.5,0.4,,,,15,3,29252,,,,26,24850,,,,23,11555,,,,22,15543,,,,31,22717,,,,9,24442,,,,4,28699,,,,16,32032,,,,,,,,,,,,,,,,,,,,,,,,,,,,,,,,,,,,,,
173719,25-Apr-18,22:30:03,2018-04-25 22:30:03,G,1,3,43,,0,9,-62.4667,-60.8327,30:05.9,FastGPS,-62.4667,-60.8327,,,12.2,-0.1,,,,15,2,19232,,,,7,6164,,,,5,10234,,,,9,16934,,,,30,17363,,,,23,25956,,,,29,14895,,,,26,1419,,,,6,21684,,,,,,,,,,,,,,,,,,,,,,,,,,,,,,,,,
173719,26-Apr-18,3:10:17,2018-04-26 03:10:17,G,1,3,44,,0,9,-62.4617,-61.0661,10:20.9,FastGPS,-62.4617,-61.0661,,,13.3,0.9,,,,15,17,418,,,,13,32733,,,,28,28180,,,,15,16517,,,,19,26772,,,,10,6436,,,,30,14,,,,20,29182,,,,24,28004,,,,,,,,,,,,,,,,,,,,,,,,,,,,,,,,,
173719,26-Apr-18,5:27:36,2018-04-26 05:27:36,G,3,3,45,2,0,5,-62.4112,-61.09,27:39.4,FastGPS,-62.4112,-61.09,,,2.5,0.4,,,,15,17,15482,,,,6,5570,,,,12,29801,,,,19,14779,,,,24,12890,,,,,,,,,,,,,,,,,,,,,,,,,,,,,,,,,,,,,,,,,,,,,,,,,,,,,
173719,26-Apr-18,5:57:06,2018-04-26 05:57:06,G,2,3,46,,0,9,-62.4117,-61.109,57:09.4,FastGPS,-62.4117,-61.109,,,15.5,0.4,,,,15,25,29912,,,,12,12201,,,,32,14094,,,,17,32012,,,,24,8954,,,,19,23847,,,,14,12899,,,,3,11972,,,,22,32344,,,,,,,,,,,,,,,,,,,,,,,,,,,,,,,,,
173719,26-Apr-18,8:32:18,2018-04-26 08:32:18,G,1,3,47,5,0,8,-62.4217,-61.1289,32:21.9,FastGPS,-62.4217,-61.1289,,1,5.5,0.9,,,,15,23,6782,,,,5,8132,,,,12,27254,,,,31,26966,,,,29,8978,,,,2,28524,,,,4,4042,,,,25,9618,,,,,,,,,,,,,,,,,,,,,,,,,,,,,,,,,,,,,,
173719,26-Apr-18,9:26:19,2018-04-26 09:26:19,G,1,3,48,,0,9,-62.4243,-61.1209,26:22.4,FastGPS,-62.4243,-61.1209,,1,9.5,0.4,,,,15,4,20854,,,,29,31665,,,,5,6252,,,,2,6307,,,,26,3990,,,,31,23030,,,,23,27468,,,,16,19906,,,,9,5222,,,,,,,,,,,,,,,,,,,,,,,,,,,,,,,,,
173719,26-Apr-18,9:58:41,2018-04-26 09:58:41,G,3,3,49,6,0,8,-62.4257,-61.1117,58:44.9,FastGPS,-62.4257,-61.1117,,1,3.3,0.9,,,,15,29,20122,,,,31,28860,,,,21,18464,,,,16,15653,,,,26,8660,,,,4,27354,,,,5,24936,,,,2,31790,,,,,,,,,,,,,,,,,,,,,,,,,,,,,,,,,,,,,,
173719,26-Apr-18,13:28:30,2018-04-26 13:28:30,G,2,3,50,11,0,7,-62.4958,-60.9314,28:33.9,FastGPS,-62.4958,-60.9314,,,10.2,0.9,,,,15,15,15362,,,,10,31214,,,,8,9280,,,,21,11509,,,,20,22054,,,,27,18895,,,,13,7799,,,,,,,,,,,,,,,,,,,,,,,,,,,,,,,,,,,,,,,,,,,
173719,26-Apr-18,14:23:00,2018-04-26 14:23:00,G,1,3,51,12,0,8,-62.5055,-60.8321,23:02.4,FastGPS,-62.5055,-60.8321,,,12.4,-0.6,,,,15,15,5004,,,,8,19078,,,,20,14122,,,,10,19750,,,,32,32217,,,,24,17222,,,,27,4111,,,,21,1906,,,,,,,,,,,,,,,,,,,,,,,,,,,,,,,,,,,,,,
173719,26-Apr-18,15:10:20,2018-04-26 15:10:20,G,1,3,52,13,0,7,-62.5114,-60.8323,10:22.9,FastGPS,-62.5114,-60.8323,,,4.8,-0.1,,,,15,22,4550,,,,11,6016,,,,27,31608,,,,28,6228,,,,8,31625,,,,1,25890,,,,32,17020,,,,,,,,,,,,,,,,,,,,,,,,,,,,,,,,,,,,,,,,,,,
173719,26-Apr-18,16:15:54,2018-04-26 16:15:54,G,2,3,53,,0,9,-62.5306,-60.8571,15:57.9,FastGPS,-62.5306,-60.8571,,,8,0.9,,,,15,18,30654,,,,14,30810,,,,11,7020,,,,22,14235,,,,1,9742,,,,17,27658,,,,32,16482,,,,3,22832,,,,24,26128,,,,,,,,,,,,,,,,,,,,,,,,,,,,,,,,,
173719,26-Apr-18,16:46:06,2018-04-26 16:46:06,G,2,3,54,15,0,8,-62.5466,-60.853,46:09.4,FastGPS,-62.5466,-60.853,,,8.1,0.4,,,,15,3,11705,,,,22,2171,,,,11,27524,,,,18,14169,,,,1,26994,,,,19,8124,,,,32,18373,,,,24,20315,,,,,,,,,,,,,,,,,,,,,,,,,,,,,,,,,,,,,,
173719,26-Apr-18,17:16:39,2018-04-26 17:16:39,G,2,3,55,,0,9,-62.5522,-60.8727,16:41.4,FastGPS,-62.5522,-60.8727,,,7.6,-0.6,,,,15,18,6817,,,,14,13529,,,,31,18677,,,,11,25004,,,,1,19670,,,,3,31218,,,,22,4889,,,,32,23562,,,,17,32286,,,,,,,,,,,,,,,,,,,,,,,,,,,,,,,,,
173719,26-Apr-18,19:03:46,2018-04-26 19:03:46,G,3,3,57,,0,9,-62.5811,-60.9023,03:49.9,FastGPS,-62.5811,-60.9023,,,11.8,0.9,,,,15,17,1877,,,,23,20862,,,,19,31351,,,,3,29590,,,,12,13190,,,,25,28080,,,,31,22685,,,,9,12511,,,,6,30564,,,,,,,,,,,,,,,,,,,,,,,,,,,,,,,,,
173719,26-Apr-18,19:49:25,2018-04-26 19:49:25,G,2,3,58,,0,9,-62.5951,-60.9444,49:27.4,FastGPS,-62.5951,-60.9444,,1,5.9,-0.6,,,,15,23,15260,,,,3,19006,,,,19,20165,,,,2,18426,,,,6,13168,,,,9,13802,,,,22,9435,,,,17,7483,,,,4,17378,,,,,,,,,,,,,,,,,,,,,,,,,,,,,,,,,
173719,26-Apr-18,20:19:25,2018-04-26 20:19:25,G,1,3,59,18,0,7,-62.6066,-60.9711,19:27.8,FastGPS,-62.6066,-60.9711,,1,6,-0.1,,,,15,9,21996,,,,2,26506,,,,23,24038,,,,31,19810,,,,3,25649,,,,6,418,,,,4,18553,,,,,,,,,,,,,,,,,,,,,,,,,,,,,,,,,,,,,,,,,,,
173719,26-Apr-18,20:50:11,2018-04-26 20:50:11,G,4,3,60,18,0,5,-62.6115,-61.0162,50:13.9,FastGPS,-62.6115,-61.0162,,,2.1,-0.1,,,,15,7,19884,,,,23,29220,,,,3,9670,,,,6,10632,,,,9,11324,,,,,,,,,,,,,,,,,,,,,,,,,,,,,,,,,,,,,,,,,,,,,,,,,,,,,
173719,26-Apr-18,21:20:00,2018-04-26 21:20:00,G,1,3,61,18,0,7,-62.6087,-61.0645,20:03.9,FastGPS,-62.6087,-61.0645,,1,3.8,0.9,,,,15,7,7723,,,,23,27008,,,,6,6386,,,,26,23280,,,,2,15674,,,,4,3406,,,,16,14864,,,,,,,,,,,,,,,,,,,,,,,,,,,,,,,,,,,,,,,,,,,
173719,26-Apr-18,22:20:00,2018-04-26 22:20:00,G,3,3,62,20,0,6,-62.572,-61.1309,20:02.4,FastGPS,-62.572,-61.1309,,,4.4,-0.6,,,,15,7,17990,,,,30,18951,,,,16,12203,,,,23,11687,,,,9,20284,,,,5,19207,,,,,,,,,,,,,,,,,,,,,,,,,,,,,,,,,,,,,,,,,,,,,,,,
173719,26-Apr-18,23:15:05,2018-04-26 23:15:05,G,4,3,63,21,0,4,-62.5819,-61.1371,43:01.8,FastGPS,-62.5417,-61.1845,,,0.7,-0.1,,,,15,9,18186,,,,7,31624,,,,5,25836,,,,30,23095,,,,,,,,,,,,,,,,,,,,,,,,,,,,,,,,,,,,,,,,,,,,,,,,,,,,,,,,,,
173719,27-Apr-18,4:42:58,2018-04-27 04:42:58,G,2,3,64,30,0,4,-62.5942,-61.1159,45:52.9,FastGPS,-62.5819,-61.1371,,,0.2,0.8,,,,15,12,20985,,,,17,17087,,,,1,27180,,,,24,14229,,,,,,,,,,,,,,,,,,,,,,,,,,,,,,,,,,,,,,,,,,,,,,,,,,,,,,,,,,
173719,27-Apr-18,5:13:29,2018-04-27 05:13:29,G,3,3,65,30,0,8,-62.5861,-61.1292,13:31.3,FastGPS,-62.5861,-61.1292,,,13.6,-0.6,,,,15,12,3857,,,,24,23857,,,,17,11168,,,,25,2644,,,,22,30344,,,,6,32581,,,,1,993,,,,19,22332,,,,,,,,,,,,,,,,,,,,,,,,,,,,,,,,,,,,,,
173719,27-Apr-18,5:45:50,2018-04-27 05:45:50,G,2,3,66,30,0,4,-62.5864,-61.2824,37:04.3,FastGPS,-62.5942,-61.1159,,,0.7,-0.1,,,,15,32,29890,,,,17,9017,,,,25,14832,,,,22,18790,,,,,,,,,,,,,,,,,,,,,,,,,,,,,,,,,,,,,,,,,,,,,,,,,,,,,,,,,,
173719,27-Apr-18,6:51:54,2018-04-27 06:51:54,G,3,3,68,,0,9,-62.6027,-61.0887,51:57.9,FastGPS,-62.6027,-61.0887,,,5.5,0.9,,,,15,6,11736,,,,31,6626,,,,25,29332,,,,14,15285,,,,12,29493,,,,32,10409,,,,19,8238,,,,2,11272,,,,17,24906,,,,,,,,,,,,,,,,,,,,,,,,,,,,,,,,,
173719,27-Apr-18,7:34:32,2018-04-27 07:34:32,G,1,3,69,30,0,8,-62.6108,-61.0667,34:34.4,FastGPS,-62.6108,-61.0667,,,10.5,-0.6,,,,15,29,31642,,,,25,9626,,,,6,10408,,,,12,27117,,,,23,31575,,,,31,642,,,,32,26132,,,,14,29050,,,,,,,,,,,,,,,,,,,,,,,,,,,,,,,,,,,,,,
173719,27-Apr-18,8:35:03,2018-04-27 08:35:03,G,1,3,70,32,0,6,-62.6103,-61.0615,35:06.9,FastGPS,-62.6103,-61.0615,,,2.2,0.9,,,,15,23,6931,,,,5,28937,,,,31,21950,,,,25,26734,,,,29,17245,,,,6,25603,,,,,,,,,,,,,,,,,,,,,,,,,,,,,,,,,,,,,,,,,,,,,,,,
173719,27-Apr-18,9:05:00,2018-04-27 09:05:00,G,3,3,71,32,0,8,-62.6089,-61.059,05:03.4,FastGPS,-62.6089,-61.059,,1,5,0.4,,,,15,31,18938,,,,4,29540,,,,29,17756,,,,12,23978,,,,5,22815,,,,23,17558,,,,26,31339,,,,25,20906,,,,,,,,,,,,,,,,,,,,,,,,,,,,,,,,,,,,,,
173719,27-Apr-18,9:37:06,2018-04-27 09:37:06,G,3,3,72,32,0,7,-62.6113,-61.0594,37:08.4,FastGPS,-62.6113,-61.0594,,1,3.1,-0.6,,,,15,29,1511,,,,5,6730,,,,25,28983,,,,31,19606,,,,26,26839,,,,4,29474,,,,21,21113,,,,,,,,,,,,,,,,,,,,,,,,,,,,,,,,,,,,,,,,,,,
173719,27-Apr-18,10:08:20,2018-04-27 10:08:20,G,1,3,73,,0,9,-62.6082,-61.0758,08:23.9,FastGPS,-62.6082,-61.0758,,1,10.5,0.9,,,,15,5,31388,,,,29,1997,,,,31,10317,,,,21,21242,,,,4,9990,,,,26,5796,,,,20,18574,,,,25,4789,,,,16,12780,,,,,,,,,,,,,,,,,,,,,,,,,,,,,,,,,
173719,27-Apr-18,11:07:21,2018-04-27 11:07:21,G,3,3,74,32,0,7,-62.6019,-61.1017,07:24.4,FastGPS,-62.6019,-61.1017,,1,19.6,0.4,,,,15,29,14986,,,,20,13204,,,,4,3684,,,,5,17430,,,,26,24414,,,,16,9660,,,,21,13752,,,,,,,,,,,,,,,,,,,,,,,,,,,,,,,,,,,,,,,,,,,
173719,27-Apr-18,11:37:00,2018-04-27 11:37:00,G,4,3,75,32,0,5,-62.5831,-61.1819,44:02.4,FastGPS,-62.5864,-61.2824,,1,0.8,1.3,,,,15,29,29759,,,,15,4858,,,,4,16478,,,,13,1038,,,,16,10408,,,,,,,,,,,,,,,,,,,,,,,,,,,,,,,,,,,,,,,,,,,,,,,,,,,,,
173719,27-Apr-18,12:07:13,2018-04-27 12:07:13,G,4,3,76,,0,9,-62.5893,-61.1221,07:16.9,FastGPS,-62.5893,-61.1221,,1,7.9,0.9,,,,15,15,15035,,,,26,2092,,,,10,19079,,,,4,7459,,,,20,12724,,,,21,25862,,,,13,9337,,,,29,5301,,,,16,3682,,,,,,,,,,,,,,,,,,,,,,,,,,,,,,,,,
173719,27-Apr-18,12:37:02,2018-04-27 12:37:02,G,3,3,77,32,0,8,-62.5881,-61.1218,37:04.4,FastGPS,-62.5881,-61.1218,,,4.7,-0.6,,,,15,10,18336,,,,27,14227,,,,20,1778,,,,21,30004,,,,16,297,,,,15,8918,,,,7,28643,,,,8,5116,,,,,,,,,,,,,,,,,,,,,,,,,,,,,,,,,,,,,,
173719,27-Apr-18,13:07:00,2018-04-27 13:07:00,G,3,3,78,32,0,7,-62.5874,-61.1219,07:02.9,FastGPS,-62.5874,-61.1219,,,5.8,-0.1,,,,15,21,21852,,,,15,25349,,,,16,18600,,,,10,20781,,,,20,10040,,,,27,17517,,,,26,13077,,,,,,,,,,,,,,,,,,,,,,,,,,,,,,,,,,,,,,,,,,,
173719,27-Apr-18,13:38:24,2018-04-27 13:38:24,G,2,3,79,32,0,8,-62.5822,-61.1318,38:27.9,FastGPS,-62.5822,-61.1318,,,5.7,0.9,,,,15,10,21304,,,,15,28328,,,,18,2695,,,,20,9097,,,,27,8216,,,,8,13814,,,,16,1360,,,,21,7458,,,,,,,,,,,,,,,,,,,,,,,,,,,,,,,,,,,,,,
173719,27-Apr-18,14:42:01,2018-04-27 14:42:01,G,3,3,80,34,0,7,-62.5806,-61.1498,42:04.4,FastGPS,-62.5806,-61.1498,,,14.8,0.4,,,,15,10,17982,,,,15,10276,,,,27,13558,,,,32,13277,,,,8,8879,,,,14,29657,,,,28,716,,,,,,,,,,,,,,,,,,,,,,,,,,,,,,,,,,,,,,,,,,,
173719,27-Apr-18,15:44:00,2018-04-27 15:44:00,G,2,3,81,36,0,5,-62.5831,-61.1819,44:02.4,FastGPS,-62.5831,-61.1819,,,2.2,-0.6,,,,15,22,4929,,,,11,14177,,,,8,27818,,,,32,29134,,,,14,32284,,,,,,,,,,,,,,,,,,,,,,,,,,,,,,,,,,,,,,,,,,,,,,,,,,,,,
173719,27-Apr-18,16:14:00,2018-04-27 16:14:00,G,1,3,82,,0,9,-62.5883,-61.1777,14:03.9,FastGPS,-62.5883,-61.1777,,,6,0.9,,,,15,1,13809,,,,10,16269,,,,14,735,,,,11,6398,,,,32,12938,,,,22,20146,,,,28,17585,,,,18,29166,,,,24,20296,,,,,,,,,,,,,,,,,,,,,,,,,,,,,,,,,
173719,27-Apr-18,16:44:00,2018-04-27 16:44:00,G,1,3,83,36,0,7,-62.5879,-61.1771,44:02.4,FastGPS,-62.5879,-61.1771,,,6.9,-0.6,,,,15,32,20758,,,,10,19512,,,,11,242,,,,17,23383,,,,22,14028,,,,3,27042,,,,1,3990,,,,,,,,,,,,,,,,,,,,,,,,,,,,,,,,,,,,,,,,,,,
173719,27-Apr-18,19:29:00,2018-04-27 19:29:00,G,2,3,86,41,0,7,-62.5882,-61.177,29:03.9,FastGPS,-62.5882,-61.177,,,10.3,0.9,,,,15,22,3338,,,,31,12702,,,,3,16044,,,,23,19344,,,,17,9396,,,,19,30198,,,,9,7067,,,,,,,,,,,,,,,,,,,,,,,,,,,,,,,,,,,,,,,,,,,
173719,27-Apr-18,19:59:00,2018-04-27 19:59:00,G,1,3,87,41,0,8,-62.5883,-61.1772,59:03.4,FastGPS,-62.5883,-61.1772,,1,4.3,0.4,,,,15,31,22327,,,,4,31839,,,,26,18656,,,,23,5402,,,,6,9872,,,,9,14251,,,,3,27068,,,,2,19781,,,,,,,,,,,,,,,,,,,,,,,,,,,,,,,,,,,,,,
173719,27-Apr-18,21:14:00,2018-04-27 21:14:00,G,2,3,89,42,0,7,-62.5882,-61.1772,14:03.4,FastGPS,-62.5882,-61.1772,,1,2.8,0.4,,,,15,4,30385,,,,26,15888,,,,23,24169,,,,16,2169,,,,9,17408,,,,7,24133,,,,2,9110,,,,,,,,,,,,,,,,,,,,,,,,,,,,,,,,,,,,,,,,,,,
173719,27-Apr-18,21:47:06,2018-04-27 21:47:06,G,3,3,90,42,0,7,-62.5892,-61.1899,47:09.4,FastGPS,-62.5892,-61.1899,,,14.2,0.4,,,,15,7,22783,,,,9,14890,,,,23,31030,,,,30,18026,,,,6,4549,,,,5,7378,,,,2,19630,,,,,,,,,,,,,,,,,,,,,,,,,,,,,,,,,,,,,,,,,,,
173719,27-Apr-18,22:20:11,2018-04-27 22:20:11,G,2,3,91,42,0,8,-62.5886,-61.2199,20:14.9,FastGPS,-62.5886,-61.2199,,,5,0.9,,,,15,7,28148,,,,2,20939,,,,30,3521,,,,9,12415,,,,6,23251,,,,5,571,,,,29,15377,,,,23,23839,,,,,,,,,,,,,,,,,,,,,,,,,,,,,,,,,,,,,,
173719,27-Apr-18,23:05:39,2018-04-27 23:05:39,G,2,3,92,43,0,5,-62.5902,-61.2165,05:41.9,FastGPS,-62.5902,-61.2165,,,1.4,-0.1,,,,15,7,31361,,,,30,8618,,,,5,19484,,,,9,3282,,,,13,7710,,,,,,,,,,,,,,,,,,,,,,,,,,,,,,,,,,,,,,,,,,,,,,,,,,,,,
173719,27-Apr-18,23:35:57,2018-04-27 23:35:57,G,1,3,93,43,0,6,-62.5885,-61.2201,35:59.4,FastGPS,-62.5885,-61.2201,,,3.1,-0.6,,,,15,7,22437,,,,30,17152,,,,13,14368,,,,9,29573,,,,5,13820,,,,28,18137,,,,,,,,,,,,,,,,,,,,,,,,,,,,,,,,,,,,,,,,,,,,,,,,
173719,28-Apr-18,0:06:01,2018-04-28 00:06:01,G,1,3,94,,0,9,-62.5885,-61.2198,06:04.9,FastGPS,-62.5885,-61.2198,,,8.2,0.9,,,,15,7,27216,,,,5,16494,,,,9,26593,,,,8,4628,,,,30,9412,,,,28,8787,,,,27,3136,,,,21,26713,,,,15,24648,,,,,,,,,,,,,,,,,,,,,,,,,,,,,,,,,
173719,28-Apr-18,2:46:07,2018-04-28 02:46:07,G,2,3,96,,0,9,-62.6137,-61.3025,46:09.9,FastGPS,-62.6137,-61.3025,,,11.1,-0.1,,,,15,13,7498,,,,15,17822,,,,10,13818,,,,24,25896,,,,20,7374,,,,28,31167,,,,17,22824,,,,11,16254,,,,18,13654,,,,,,,,,,,,,,,,,,,,,,,,,,,,,,,,,
173719,28-Apr-18,3:31:08,2018-04-28 03:31:08,G,1,3,97,,0,9,-62.6007,-61.3362,31:10.9,FastGPS,-62.6007,-61.3362,,,10.7,-0.1,,,,15,17,11036,,,,15,16350,,,,28,1408,,,,19,22193,,,,13,244,,,,12,22974,,,,1,2320,,,,10,25511,,,,11,3934,,,,,,,,,,,,,,,,,,,,,,,,,,,,,,,,,
173719,28-Apr-18,10:35:22,2018-04-28 10:35:22,G,3,3,98,52,0,6,-62.4957,-61.555,35:24.9,FastGPS,-62.4957,-61.555,,1,4,-0.1,,,,15,4,13253,,,,21,28292,,,,16,3112,,,,26,8175,,,,5,7990,,,,29,1372,,,,,,,,,,,,,,,,,,,,,,,,,,,,,,,,,,,,,,,,,,,,,,,,
173719,28-Apr-18,13:04:38,2018-04-28 13:04:38,G,2,3,99,,0,9,-62.5808,-61.4166,04:40.9,FastGPS,-62.5808,-61.4166,,,6.8,-0.1,,,,15,21,23540,,,,15,896,,,,20,17451,,,,13,23032,,,,27,28796,,,,16,21845,,,,7,16913,,,,10,2803,,,,30,2741,,,,,,,,,,,,,,,,,,,,,,,,,,,,,,,,,
173719,28-Apr-18,13:37:29,2018-04-28 13:37:29,G,2,3,100,52,0,6,-62.6002,-61.3916,37:31.4,FastGPS,-62.6002,-61.3916,,,6,-0.6,,,,15,15,32056,,,,20,10552,,,,10,2503,,,,27,14806,,,,21,312,,,,13,28806,,,,,,,,,,,,,,,,,,,,,,,,,,,,,,,,,,,,,,,,,,,,,,,,
173719,28-Apr-18,14:31:28,2018-04-28 14:31:28,G,2,3,101,,0,9,-62.6229,-61.311,31:31.9,FastGPS,-62.6229,-61.311,,,7,0.9,,,,15,28,18484,,,,11,28361,,,,18,31292,,,,8,7295,,,,10,21535,,,,15,29907,,,,24,12084,,,,32,15981,,,,27,32150,,,,,,,,,,,,,,,,,,,,,,,,,,,,,,,,,
173719,28-Apr-18,15:35:10,2018-04-28 15:35:10,G,2,3,102,,0,9,-62.6149,-61.3001,35:12.9,FastGPS,-62.6149,-61.3001,,,9.1,-0.1,,,,15,22,23624,,,,11,13803,,,,1,20316,,,,18,8472,,,,24,23821,,,,14,18820,,,,27,7757,,,,32,27942,,,,10,24916,,,,,,,,,,,,,,,,,,,,,,,,,,,,,,,,,
173719,28-Apr-18,17:07:15,2018-04-28 17:07:15,G,1,3,103,,0,9,-62.6116,-61.2899,07:17.4,FastGPS,-62.6116,-61.2899,,,5.4,-0.6,,,,15,11,2101,,,,1,27435,,,,17,6855,,,,18,16063,,,,22,10086,,,,14,20044,,,,3,2584,,,,31,18924,,,,19,4258,,,,,,,,,,,,,,,,,,,,,,,,,,,,,,,,,
173719,28-Apr-18,17:54:48,2018-04-28 17:54:48,G,1,3,104,,0,9,-62.612,-61.2853,54:51.4,FastGPS,-62.612,-61.2854,,,7.3,0.4,,,,15,31,2459,,,,18,27276,,,,1,23802,,,,11,23196,,,,17,25396,,,,22,15822,,,,23,22790,,,,3,12550,,,,14,3950,,,,,,,,,,,,,,,,,,,,,,,,,,,,,,,,,
173719,28-Apr-18,19:16:01,2018-04-28 19:16:01,G,2,3,106,,0,9,-62.6114,-61.293,16:04.9,FastGPS,-62.6114,-61.293,,,11.2,0.9,,,,15,22,5643,,,,31,28436,,,,3,22,,,,17,16115,,,,1,30961,,,,9,3010,,,,19,21562,,,,23,3536,,,,6,23388,,,,,,,,,,,,,,,,,,,,,,,,,,,,,,,,,
173719,28-Apr-18,21:00:49,2018-04-28 21:00:49,G,2,3,107,64,0,8,-62.5922,-61.3428,00:51.9,FastGPS,-62.5922,-61.3428,,1,10.6,-0.1,,,,15,23,14082,,,,7,12147,,,,9,5979,,,,6,30153,,,,2,9396,,,,16,9918,,,,26,15852,,,,4,5430,,,,,,,,,,,,,,,,,,,,,,,,,,,,,,,,,,,,,,
173719,28-Apr-18,21:32:14,2018-04-28 21:32:14,G,1,3,108,,0,9,-62.579,-61.3785,32:16.9,FastGPS,-62.579,-61.3785,,1,5.5,-0.1,,,,15,23,14867,,,,7,23986,,,,2,18908,,,,9,27403,,,,6,25668,,,,16,8073,,,,5,5771,,,,4,21144,,,,30,9785,,,,,,,,,,,,,,,,,,,,,,,,,,,,,,,,,
173719,28-Apr-18,23:04:14,2018-04-28 23:04:14,G,1,3,110,66,0,6,-62.554,-61.518,04:16.4,FastGPS,-62.554,-61.518,,,7.2,-0.6,,,,15,5,24174,,,,30,16598,,,,7,31700,,,,16,14900,,,,13,21146,,,,27,12474,,,,,,,,,,,,,,,,,,,,,,,,,,,,,,,,,,,,,,,,,,,,,,,,
173719,28-Apr-18,23:34:54,2018-04-28 23:34:54,G,1,3,111,66,0,7,-62.5541,-61.5634,34:56.4,FastGPS,-62.5541,-61.5634,,,7.2,-0.6,,,,15,5,10553,,,,7,13838,,,,9,11930,,,,8,12488,,,,30,18196,,,,13,24556,,,,28,30818,,,,,,,,,,,,,,,,,,,,,,,,,,,,,,,,,,,,,,,,,,,
173719,29-Apr-18,0:42:26,2018-04-29 00:42:26,G,1,3,112,68,0,7,-62.5476,-61.5618,42:28.9,FastGPS,-62.5476,-61.5618,,,12.1,-0.1,,,,15,5,24462,,,,13,1022,,,,15,13847,,,,28,6456,,,,7,5923,,,,20,28268,,,,30,29718,,,,,,,,,,,,,,,,,,,,,,,,,,,,,,,,,,,,,,,,,,,
173719,29-Apr-18,13:03:16,2018-04-29 13:03:16,G,2,3,118,74,0,7,-62.7058,-61.3283,03:18.9,FastGPS,-62.7058,-61.3283,,,5.9,-0.1,,,,15,21,16152,,,,20,17754,,,,15,4884,,,,10,12918,,,,27,360,,,,16,12128,,,,8,19125,,,,,,,,,,,,,,,,,,,,,,,,,,,,,,,,,,,,,,,,,,,
173719,29-Apr-18,14:21:53,2018-04-29 14:21:53,G,3,3,120,75,0,7,-62.7062,-61.3367,21:55.9,FastGPS,-62.7062,-61.3367,,,10.4,-0.1,,,,15,10,14522,,,,32,13427,,,,27,4882,,,,18,1831,,,,11,31434,,,,1,9267,,,,28,28171,,,,,,,,,,,,,,,,,,,,,,,,,,,,,,,,,,,,,,,,,,,
173719,29-Apr-18,14:52:00,2018-04-29 14:52:00,G,1,3,121,,0,9,-62.7086,-61.3392,52:02.4,FastGPS,-62.7086,-61.3392,,,12.6,-0.6,,,,15,10,5838,,,,32,31203,,,,8,11854,,,,1,7934,,,,27,26591,,,,11,29072,,,,28,10392,,,,22,11476,,,,24,25099,,,,,,,,,,,,,,,,,,,,,,,,,,,,,,,,,
173719,29-Apr-18,15:22:00,2018-04-29 15:22:00,G,1,3,122,,1,9,-62.7085,-61.3391,22:02.4,FastGPS,-62.7085,-61.3391,,,6,-0.6,,,,15,27,15777,,,,32,8235,,,,28,28968,,,,14,9366,,,,10,19256,,,,8,7842,,,,22,13255,,,,18,24094,,,,11,28402,,,,,,,,,,,,,,,,,,,,,,,,,,,,,,,,,
173719,30-Apr-18,10:49:02,2018-04-30 10:49:02,G,1,3,123,76,0,8,-62.706,-61.3525,49:05.9,FastGPS,-62.706,-61.3525,,2,15.8,0.9,,,,15,29,4241,,,,4,18008,,,,20,17721,,,,27,21354,,,,21,754,,,,26,1191,,,,16,803,,,,25,25680,,,,,,,,,,,,,,,,,,,,,,,,,,,,,,,,,,,,,,
173719,30-Apr-18,12:39:34,2018-04-30 12:39:34,G,2,3,125,,0,9,-62.7407,-61.4016,39:37.4,FastGPS,-62.7407,-61.4016,,,9.7,0.4,,,,15,10,3785,,,,16,12134,,,,27,3305,,,,7,26189,,,,26,22014,,,,8,380,,,,15,20010,,,,21,12441,,,,30,7904,,,,,,,,,,,,,,,,,,,,,,,,,,,,,,,,,
173719,30-Apr-18,13:09:01,2018-04-30 13:09:01,G,2,3,126,,0,9,-62.7438,-61.4327,09:04.9,FastGPS,-62.7438,-61.4327,,,10.9,0.9,,,,15,10,15182,,,,27,12209,,,,8,29606,,,,18,31335,,,,13,10285,,,,16,11144,,,,30,32464,,,,20,4484,,,,7,20538,,,,,,,,,,,,,,,,,,,,,,,,,,,,,,,,,
173719,30-Apr-18,13:39:18,2018-04-30 13:39:18,G,2,3,127,,0,9,-62.7483,-61.4754,39:21.9,FastGPS,-62.7483,-61.4754,,,4.3,0.9,,,,15,10,4184,,,,20,6183,,,,15,5218,,,,27,24363,,,,21,5870,,,,32,30958,,,,18,22360,,,,16,641,,,,8,12850,,,,,,,,,,,,,,,,,,,,,,,,,,,,,,,,,
173719,30-Apr-18,14:10:41,2018-04-30 14:10:41,G,1,3,128,,0,9,-62.7474,-61.4974,10:44.4,FastGPS,-62.7474,-61.4974,,,9.9,0.4,,,,15,8,15656,,,,15,17795,,,,28,559,,,,20,6986,,,,18,1080,,,,10,8211,,,,24,19224,,,,27,15875,,,,11,30318,,,,,,,,,,,,,,,,,,,,,,,,,,,,,,,,,
173719,30-Apr-18,14:42:19,2018-04-30 14:42:19,G,1,3,129,,0,9,-62.7454,-61.4915,42:22.4,FastGPS,-62.7454,-61.4915,,,7.1,0.4,,,,15,10,18854,,,,32,13942,,,,18,16708,,,,8,21478,,,,14,12681,,,,20,13370,,,,27,18984,,,,11,16585,,,,24,16660,,,,,,,,,,,,,,,,,,,,,,,,,,,,,,,,,
173719,30-Apr-18,16:29:52,2018-04-30 16:29:52,G,1,3,131,,0,9,-62.7454,-61.489,29:55.4,FastGPS,-62.7454,-61.489,,,7.8,0.4,,,,15,14,9338,,,,22,23518,,,,11,16860,,,,18,2295,,,,32,5275,,,,17,3104,,,,28,26673,,,,1,17424,,,,3,1918,,,,,,,,,,,,,,,,,,,,,,,,,,,,,,,,,
173719,30-Apr-18,18:07:02,2018-04-30 18:07:02,G,1,3,133,,0,9,-62.7372,-61.5243,07:05.4,FastGPS,-62.7372,-61.5243,,,5.4,0.4,,,,15,17,30234,,,,3,4052,,,,31,7867,,,,1,30064,,,,23,15486,,,,22,22535,,,,18,8074,,,,11,10002,,,,12,14636,,,,,,,,,,,,,,,,,,,,,,,,,,,,,,,,,
173719,30-Apr-18,18:40:26,2018-04-30 18:40:26,G,1,3,134,84,0,8,-62.7343,-61.5319,40:29.4,FastGPS,-62.7343,-61.5319,,,1.9,0.4,,,,15,17,8170,,,,22,14986,,,,3,13010,,,,31,1889,,,,23,13156,,,,19,23494,,,,1,6202,,,,6,22769,,,,,,,,,,,,,,,,,,,,,,,,,,,,,,,,,,,,,,
173719,30-Apr-18,19:10:20,2018-04-30 19:10:20,G,2,3,135,84,0,8,-62.744,-61.5557,10:23.4,FastGPS,-62.744,-61.5557,,,4.2,0.4,,,,15,22,25940,,,,3,25688,,,,17,3716,,,,1,15099,,,,9,11994,,,,31,21710,,,,23,6463,,,,19,14824,,,,,,,,,,,,,,,,,,,,,,,,,,,,,,,,,,,,,,
173719,30-Apr-18,19:40:45,2018-04-30 19:40:45,G,1,3,136,84,0,8,-62.7433,-61.5482,40:48.9,FastGPS,-62.7433,-61.5482,,1,8.5,0.9,,,,15,9,17313,,,,31,30973,,,,23,26282,,,,6,30660,,,,3,1983,,,,25,8997,,,,2,23536,,,,4,7228,,,,,,,,,,,,,,,,,,,,,,,,,,,,,,,,,,,,,,
173719,1-May-18,5:35:45,2018-05-01 05:35:45,G,1,3,146,97,0,6,-62.6353,-61.5937,35:47.4,FastGPS,-62.6353,-61.5937,,,2.4,-0.5,,,,15,24,12265,,,,2,21290,,,,12,14706,,,,32,20586,,,,25,31850,,,,17,2751,,,,,,,,,,,,,,,,,,,,,,,,,,,,,,,,,,,,,,,,,,,,,,,,
173719,1-May-18,6:25:17,2018-05-01 06:25:17,G,1,3,147,,0,9,-62.6374,-61.4905,25:20.4,FastGPS,-62.6374,-61.4905,,,9.8,0.4,,,,15,25,20830,,,,19,29910,,,,12,20464,,,,31,13977,,,,14,9677,,,,32,25948,,,,6,30728,,,,17,23135,,,,3,10396,,,,,,,,,,,,,,,,,,,,,,,,,,,,,,,,,
173719,1-May-18,6:56:03,2018-05-01 06:56:03,G,2,3,148,,0,9,-62.6529,-61.4049,56:06.9,FastGPS,-62.6529,-61.4049,,,5.1,0.9,,,,15,31,13548,,,,12,23557,,,,25,30434,,,,2,17986,,,,14,6843,,,,6,8616,,,,32,31400,,,,19,13923,,,,29,23707,,,,,,,,,,,,,,,,,,,,,,,,,,,,,,,,,
173719,1-May-18,7:26:00,2018-05-01 07:26:00,G,1,3,149,98,0,7,-62.656,-61.325,26:02.4,FastGPS,-62.656,-61.325,,,7.7,-0.6,,,,15,29,32269,,,,12,9132,,,,2,6232,,,,31,26936,,,,25,19915,,,,6,23897,,,,19,5755,,,,,,,,,,,,,,,,,,,,,,,,,,,,,,,,,,,,,,,,,,,
173719,1-May-18,7:56:20,2018-05-01 07:56:20,G,1,3,150,,0,9,-62.6664,-61.2588,56:23.4,FastGPS,-62.6664,-61.2588,,1,8.9,0.4,,,,15,31,3730,,,,29,20331,,,,2,10346,,,,5,26975,,,,25,8395,,,,6,7428,,,,4,23747,,,,23,13012,,,,26,25828,,,,,,,,,,,,,,,,,,,,,,,,,,,,,,,,,
173719,1-May-18,11:01:34,2018-05-01 11:01:34,G,1,3,155,100,0,8,-62.608,-61.1615,01:37.9,FastGPS,-62.608,-61.1615,,1,6.5,0.9,,,,15,4,26535,,,,7,15988,,,,26,23339,,,,29,25174,,,,16,10550,,,,20,21174,,,,21,17764,,,,27,11954,,,,,,,,,,,,,,,,,,,,,,,,,,,,,,,,,,,,,,
173719,1-May-18,11:46:29,2018-05-01 11:46:29,G,1,3,156,,0,9,-62.6079,-61.1617,46:32.4,FastGPS,-62.6079,-61.1617,,,14.7,0.4,,,,15,16,27497,,,,27,7014,,,,15,20588,,,,13,21251,,,,7,18151,,,,21,15996,,,,5,8969,,,,20,27762,,,,29,11546,,,,,,,,,,,,,,,,,,,,,,,,,,,,,,,,,
173719,2-May-18,1:35:16,2018-05-02 01:35:16,G,1,3,163,103,0,8,-62.6205,-61.1384,35:19.4,FastGPS,-62.6205,-61.1384,,,7.6,0.5,,,,15,13,30634,,,,15,22929,,,,30,22864,,,,20,26791,,,,28,19092,,,,10,29034,,,,24,23308,,,,7,12708,,,,,,,,,,,,,,,,,,,,,,,,,,,,,,,,,,,,,,
173719,2-May-18,6:13:13,2018-05-02 06:13:13,G,1,3,168,,0,9,-62.5043,-61.4552,13:16.4,FastGPS,-62.5043,-61.4552,,,7.1,0.5,,,,15,12,13735,,,,2,20014,,,,32,2795,,,,29,25857,,,,6,19718,,,,31,32148,,,,19,15068,,,,24,9942,,,,14,992,,,,,,,,,,,,,,,,,,,,,,,,,,,,,,,,,
173719,2-May-18,7:15:26,2018-05-02 07:15:26,G,1,3,169,110,0,6,-62.4752,-61.4961,15:29.5,FastGPS,-62.4752,-61.4961,,,8.6,0.5,,,,15,2,21889,,,,12,12404,,,,32,13706,,,,25,1840,,,,29,28456,,,,31,28644,,,,,,,,,,,,,,,,,,,,,,,,,,,,,,,,,,,,,,,,,,,,,,,,
173719,2-May-18,9:06:00,2018-05-02 09:06:00,G,1,3,171,113,0,8,-62.4389,-61.4773,06:03.5,FastGPS,-62.4389,-61.4773,,1,13.6,0.5,,,,15,26,7595,,,,29,17986,,,,23,5910,,,,4,19509,,,,5,32547,,,,9,28644,,,,2,7572,,,,31,192,,,,,,,,,,,,,,,,,,,,,,,,,,,,,,,,,,,,,,
173719,2-May-18,9:37:43,2018-05-02 09:37:43,G,1,3,172,,0,9,-62.4422,-61.4633,37:46.4,FastGPS,-62.4422,-61.4633,,1,7.3,0.5,,,,15,16,6863,,,,26,23889,,,,4,5273,,,,29,20522,,,,31,22266,,,,5,30678,,,,2,20132,,,,9,23731,,,,20,19286,,,,,,,,,,,,,,,,,,,,,,,,,,,,,,,,,
173719,2-May-18,10:23:17,2018-05-02 10:23:17,G,2,3,173,114,0,7,-62.4515,-61.4389,23:20.4,FastGPS,-62.4515,-61.4389,,1,5.5,0.5,,,,15,4,27697,,,,26,26718,,,,16,1991,,,,21,28804,,,,5,19566,,,,29,8886,,,,20,23657,,,,,,,,,,,,,,,,,,,,,,,,,,,,,,,,,,,,,,,,,,,
173719,2-May-18,11:09:01,2018-05-02 11:09:01,G,2,3,174,,0,9,-62.466,-61.4121,09:03.4,FastGPS,-62.466,-61.4121,,1,9.7,-0.6,,,,15,26,7808,,,,29,20321,,,,4,2386,,,,16,31204,,,,5,2276,,,,20,27684,,,,27,5381,,,,7,14232,,,,13,1912,,,,,,,,,,,,,,,,,,,,,,,,,,,,,,,,,
173719,2-May-18,11:39:59,2018-05-02 11:39:59,G,1,3,175,,0,9,-62.4914,-61.3663,40:02.5,FastGPS,-62.4914,-61.3663,,,10.2,0.5,,,,15,16,24370,,,,27,25167,,,,7,10475,,,,5,10632,,,,30,2438,,,,15,5634,,,,20,18192,,,,26,7891,,,,21,11143,,,,,,,,,,,,,,,,,,,,,,,,,,,,,,,,,
173719,2-May-18,12:11:44,2018-05-02 12:11:44,G,2,3,176,,0,9,-62.5155,-61.3181,11:47.4,FastGPS,-62.5155,-61.3181,,,10.6,0.5,,,,15,27,27899,,,,16,5920,,,,15,24140,,,,8,10920,,,,21,1229,,,,13,12762,,,,7,28435,,,,20,3617,,,,26,15018,,,,,,,,,,,,,,,,,,,,,,,,,,,,,,,,,
173719,2-May-18,12:56:01,2018-05-02 12:56:01,G,1,3,177,115,0,8,-62.5449,-61.2618,56:04.9,FastGPS,-62.5449,-61.2618,,,6.2,0.9,,,,15,27,1390,,,,20,13794,,,,8,2877,,,,15,2151,,,,10,27165,,,,16,23219,,,,13,9470,,,,21,28243,,,,,,,,,,,,,,,,,,,,,,,,,,,,,,,,,,,,,,
173719,2-May-18,13:53:51,2018-05-02 13:53:51,G,1,3,178,116,0,8,-62.5847,-61.2065,53:53.9,FastGPS,-62.5847,-61.2065,,,8.6,0,,,,15,8,974,,,,10,3677,,,,32,26970,,,,21,9291,,,,20,13360,,,,15,2887,,,,18,27366,,,,27,32601,,,,,,,,,,,,,,,,,,,,,,,,,,,,,,,,,,,,,,
173719,2-May-18,14:40:22,2018-05-02 14:40:22,G,2,3,179,117,0,8,-62.5899,-61.187,40:24.5,FastGPS,-62.5899,-61.187,,,4.7,-0.5,,,,15,18,16170,,,,8,29708,,,,27,11429,,,,32,20872,,,,1,28413,,,,22,31462,,,,10,23662,,,,11,16596,,,,,,,,,,,,,,,,,,,,,,,,,,,,,,,,,,,,,,
173719,2-May-18,15:10:00,2018-05-02 15:10:00,G,1,3,180,117,0,8,-62.5891,-61.1934,10:03.9,FastGPS,-62.5891,-61.1934,,,9.4,0.9,,,,15,32,24415,,,,11,10434,,,,18,6128,,,,14,25595,,,,8,21401,,,,10,310,,,,28,9025,,,,1,1213,,,,,,,,,,,,,,,,,,,,,,,,,,,,,,,,,,,,,,
173719,2-May-18,15:55:59,2018-05-02 15:55:59,G,4,3,181,118,0,7,-62.5898,-61.1837,56:01.9,FastGPS,-62.5898,-61.1837,,,10.2,-0.1,,,,15,1,23400,,,,22,29830,,,,18,781,,,,32,16409,,,,11,11222,,,,10,9630,,,,14,10425,,,,,,,,,,,,,,,,,,,,,,,,,,,,,,,,,,,,,,,,,,,
173719,2-May-18,16:41:11,2018-05-02 16:41:11,G,1,3,182,119,0,8,-62.5905,-61.1775,41:13.9,FastGPS,-62.5905,-61.1775,,,5.4,-0.1,,,,15,22,4869,,,,3,12627,,,,1,4839,,,,11,30711,,,,17,30413,,,,18,13956,,,,32,4771,,,,14,31955,,,,,,,,,,,,,,,,,,,,,,,,,,,,,,,,,,,,,,
173719,2-May-18,17:11:51,2018-05-02 17:11:51,G,1,3,183,119,0,7,-62.5903,-61.1806,11:53.4,FastGPS,-62.5903,-61.1806,,,5.5,-0.6,,,,15,1,1702,,,,31,19600,,,,18,15412,,,,23,21970,,,,11,4732,,,,3,17062,,,,22,16125,,,,,,,,,,,,,,,,,,,,,,,,,,,,,,,,,,,,,,,,,,,
173719,2-May-18,20:49:00,2018-05-02 20:49:00,G,1,3,188,123,0,6,-62.5896,-61.1995,49:03.9,FastGPS,-62.5896,-61.1995,,1,3.7,0.9,,,,15,9,20100,,,,23,9684,,,,4,10092,,,,2,17235,,,,26,24492,,,,16,31148,,,,,,,,,,,,,,,,,,,,,,,,,,,,,,,,,,,,,,,,,,,,,,,,
173719,2-May-18,23:51:30,2018-05-02 23:51:30,G,1,3,192,124,0,6,-62.537,-61.3012,51:32.4,FastGPS,-62.537,-61.3012,,,2.1,-0.5,,,,15,7,15941,,,,8,25121,,,,9,3112,,,,30,15090,,,,5,10965,,,,27,6347,,,,,,,,,,,,,,,,,,,,,,,,,,,,,,,,,,,,,,,,,,,,,,,,
173719,3-May-18,0:53:29,2018-05-03 00:53:29,G,1,3,193,124,0,7,-62.5013,-61.3276,53:32.5,FastGPS,-62.5013,-61.3276,,,4,0.5,,,,15,15,27450,,,,7,3549,,,,5,28970,,,,30,20841,,,,8,10846,,,,13,29218,,,,28,7982,,,,,,,,,,,,,,,,,,,,,,,,,,,,,,,,,,,,,,,,,,,
173719,3-May-18,5:53:16,2018-05-03 05:53:16,G,1,3,196,132,0,6,-62.4631,-61.4172,53:20.0,FastGPS,-62.4631,-61.4172,,,11,1,,,,15,17,11820,,,,19,18620,,,,12,29782,,,,6,25587,,,,24,22773,,,,2,5239,,,,,,,,,,,,,,,,,,,,,,,,,,,,,,,,,,,,,,,,,,,,,,,,
173719,3-May-18,6:54:36,2018-05-03 06:54:36,G,1,3,197,134,0,7,-62.4576,-61.4118,54:38.4,FastGPS,-62.4576,-61.4118,,,9.2,-0.6,,,,15,6,11588,,,,12,28208,,,,2,14501,,,,29,4648,,,,31,20024,,,,19,2036,,,,25,25502,,,,,,,,,,,,,,,,,,,,,,,,,,,,,,,,,,,,,,,,,,,
173719,3-May-18,8:57:26,2018-05-03 08:57:26,G,1,3,199,138,0,7,-62.4727,-61.3594,57:29.9,FastGPS,-62.4727,-61.3594,,1,7.2,1,,,,15,31,22388,,,,4,19170,,,,26,3390,,,,2,6176,,,,29,29527,,,,16,19860,,,,23,26392,,,,,,,,,,,,,,,,,,,,,,,,,,,,,,,,,,,,,,,,,,,
173719,3-May-18,9:58:31,2018-05-03 09:58:31,G,1,3,200,140,0,6,-62.5142,-61.3066,58:33.9,FastGPS,-62.5142,-61.3066,,1,3.3,-0.1,,,,15,21,5826,,,,4,30980,,,,26,9524,,,,5,6624,,,,29,21518,,,,16,22666,,,,,,,,,,,,,,,,,,,,,,,,,,,,,,,,,,,,,,,,,,,,,,,,
173719,3-May-18,12:44:34,2018-05-03 12:44:34,G,1,3,205,141,0,5,-62.5882,-61.1872,44:36.5,FastGPS,-62.5882,-61.1872,,,7.4,-0.5,,,,15,15,19680,,,,20,17104,,,,10,21835,,,,21,8770,,,,16,3691,,,,,,,,,,,,,,,,,,,,,,,,,,,,,,,,,,,,,,,,,,,,,,,,,,,,,
173719,3-May-18,13:14:01,2018-05-03 13:14:01,G,1,3,206,141,0,5,-62.5882,-61.1873,14:04.9,FastGPS,-62.5882,-61.1873,,,4.5,0.9,,,,15,8,11814,,,,15,23994,,,,10,17289,,,,27,3596,,,,20,28249,,,,,,,,,,,,,,,,,,,,,,,,,,,,,,,,,,,,,,,,,,,,,,,,,,,,,
173719,3-May-18,13:59:04,2018-05-03 13:59:04,G,1,3,207,142,0,5,-62.5901,-61.1825,59:07.0,FastGPS,-62.5901,-61.1825,,,6.1,0,,,,15,8,7045,,,,10,342,,,,27,6633,,,,11,22826,,,,18,26302,,,,,,,,,,,,,,,,,,,,,,,,,,,,,,,,,,,,,,,,,,,,,,,,,,,,,
173719,3-May-18,14:30:32,2018-05-03 14:30:32,G,1,3,208,142,0,8,-62.5902,-61.1855,30:34.5,FastGPS,-62.5902,-61.1855,,,11.9,-0.5,,,,15,10,31703,,,,32,30874,,,,27,31646,,,,22,32662,,,,18,29993,,,,8,839,,,,14,29314,,,,24,31066,,,,,,,,,,,,,,,,,,,,,,,,,,,,,,,,,,,,,,
173719,3-May-18,15:00:00,2018-05-03 15:00:00,G,2,3,209,,0,9,-62.5866,-61.1784,00:03.5,FastGPS,-62.5866,-61.1784,,,6.9,0.5,,,,15,11,840,,,,18,29977,,,,1,14480,,,,28,17068,,,,32,13833,,,,8,6556,,,,10,20502,,,,22,2052,,,,14,1318,,,,,,,,,,,,,,,,,,,,,,,,,,,,,,,,,
173719,3-May-18,15:30:00,2018-05-03 15:30:00,G,4,3,210,142,1,6,-62.5864,-61.178,30:02.5,FastGPS,-62.5864,-61.178,,,9.1,-0.5,,,,15,32,19333,,,,3,20122,,,,8,32482,,,,14,16055,,,,10,7703,,,,18,31499,,,,,,,,,,,,,,,,,,,,,,,,,,,,,,,,,,,,,,,,,,,,,,,,
173719,5-May-18,5:37:05,2018-05-05 05:37:05,G,1,3,218,148,0,5,-62.5836,-61.3375,37:09.0,FastGPS,-62.5836,-61.3375,,,3.3,1,,,,15,17,21613,,,,12,31063,,,,6,20895,,,,19,16130,,,,24,22380,,,,,,,,,,,,,,,,,,,,,,,,,,,,,,,,,,,,,,,,,,,,,,,,,,,,,
173719,5-May-18,6:42:37,2018-05-05 06:42:37,G,3,3,220,148,0,5,-62.5315,-61.3507,42:40.9,FastGPS,-62.5315,-61.3507,,,3.5,0.9,,,,15,29,23188,,,,2,10806,,,,6,22196,,,,12,5146,,,,25,22305,,,,,,,,,,,,,,,,,,,,,,,,,,,,,,,,,,,,,,,,,,,,,,,,,,,,,
173719,5-May-18,7:12:40,2018-05-05 07:12:40,G,3,3,221,148,0,6,-62.5054,-61.3501,12:43.5,FastGPS,-62.5054,-61.3501,,1,6.9,0.5,,,,15,29,16136,,,,2,12273,,,,12,5840,,,,25,27190,,,,4,16632,,,,6,18250,,,,,,,,,,,,,,,,,,,,,,,,,,,,,,,,,,,,,,,,,,,,,,,,
173719,5-May-18,7:42:02,2018-05-05 07:42:02,G,2,3,222,148,0,5,-62.4781,-61.3613,42:06.0,FastGPS,-62.4781,-61.3613,,,2.5,1,,,,15,12,15766,,,,29,16155,,,,2,29384,,,,5,25704,,,,31,28264,,,,,,,,,,,,,,,,,,,,,,,,,,,,,,,,,,,,,,,,,,,,,,,,,,,,,
173719,5-May-18,8:12:56,2018-05-05 08:12:56,G,2,3,223,148,0,5,-62.4462,-61.3435,12:59.5,FastGPS,-62.4462,-61.3435,,,10.3,0.5,,,,15,5,16161,,,,12,29056,,,,25,23495,,,,29,18299,,,,2,26065,,,,,,,,,,,,,,,,,,,,,,,,,,,,,,,,,,,,,,,,,,,,,,,,,,,,,
173719,5-May-18,8:43:14,2018-05-05 08:43:14,G,3,3,224,148,0,4,-62.6174,-61.268,13:05.0,FastGPS,-62.4212,-61.3752,,,1.4,1.7,,,,15,5,9696,,,,29,16123,,,,31,24356,,,,25,14778,,,,,,,,,,,,,,,,,,,,,,,,,,,,,,,,,,,,,,,,,,,,,,,,,,,,,,,,,,
173719,5-May-18,9:14:40,2018-05-05 09:14:40,G,3,3,225,,0,9,-62.4335,-61.4152,14:42.5,FastGPS,-62.4335,-61.4152,,1,4.9,-0.5,,,,15,31,14402,,,,4,9718,,,,21,5196,,,,29,19816,,,,26,17873,,,,16,11110,,,,25,16098,,,,5,10380,,,,9,15088,,,,,,,,,,,,,,,,,,,,,,,,,,,,,,,,,
173719,5-May-18,9:44:53,2018-05-05 09:44:53,G,1,3,226,148,0,7,-62.4419,-61.462,44:55.5,FastGPS,-62.4419,-61.462,,1,4.3,-0.5,,,,15,4,31928,,,,26,5016,,,,21,16117,,,,16,3220,,,,5,10210,,,,31,24795,,,,29,1096,,,,,,,,,,,,,,,,,,,,,,,,,,,,,,,,,,,,,,,,,,,
173719,5-May-18,10:15:19,2018-05-05 10:15:19,G,1,3,227,148,0,7,-62.4618,-61.4922,15:22.0,FastGPS,-62.4618,-61.4922,,1,17.1,0,,,,15,21,21341,,,,16,26278,,,,4,1214,,,,20,10431,,,,29,7529,,,,26,4512,,,,27,16106,,,,,,,,,,,,,,,,,,,,,,,,,,,,,,,,,,,,,,,,,,,
173719,5-May-18,11:34:26,2018-05-05 11:34:26,G,3,3,229,149,0,7,-62.4996,-61.5226,34:30.0,FastGPS,-62.4996,-61.5226,,,10.8,1,,,,15,27,23366,,,,16,24565,,,,20,31844,,,,21,12692,,,,7,18573,,,,5,22132,,,,13,26403,,,,,,,,,,,,,,,,,,,,,,,,,,,,,,,,,,,,,,,,,,,
173719,5-May-18,12:40:22,2018-05-05 12:40:22,G,2,3,231,149,0,7,-62.5422,-61.4149,40:25.5,FastGPS,-62.5422,-61.4149,,,6.4,0.5,,,,15,7,23113,,,,30,18212,,,,8,11735,,,,15,21186,,,,27,18993,,,,10,4088,,,,21,28108,,,,,,,,,,,,,,,,,,,,,,,,,,,,,,,,,,,,,,,,,,,
173719,5-May-18,15:49:18,2018-05-05 15:49:18,G,1,3,234,,0,9,-62.6079,-61.2552,49:21.5,FastGPS,-62.6079,-61.2552,,,17.7,0.5,,,,15,22,23052,,,,11,20616,,,,14,32560,,,,17,21718,,,,1,11508,,,,18,9267,,,,32,22448,,,,8,15543,,,,24,18386,,,,,,,,,,,,,,,,,,,,,,,,,,,,,,,,,
173719,5-May-18,17:21:28,2018-05-05 17:21:28,G,1,3,235,,0,9,-62.6195,-61.2501,21:31.5,FastGPS,-62.6195,-61.2501,,,5.9,0.5,,,,15,31,15160,,,,18,3230,,,,17,20440,,,,23,26236,,,,22,10639,,,,11,29814,,,,1,25890,,,,14,9448,,,,3,27603,,,,,,,,,,,,,,,,,,,,,,,,,,,,,,,,,
173719,5-May-18,19:41:31,2018-05-05 19:41:31,G,3,3,238,160,0,7,-62.6204,-61.2683,41:34.5,FastGPS,-62.6204,-61.2683,,1,11.5,0.5,,,,15,23,17706,,,,4,9302,,,,31,15896,,,,26,8620,,,,3,25375,,,,2,16739,,,,22,6677,,,,,,,,,,,,,,,,,,,,,,,,,,,,,,,,,,,,,,,,,,,
173719,5-May-18,20:11:00,2018-05-05 20:11:00,G,5,3,239,160,0,5,-62.6209,-61.2638,11:03.5,FastGPS,-62.6209,-61.2638,,,5.1,0.5,,,,15,2,15096,,,,6,744,,,,9,25740,,,,23,16950,,,,3,7754,,,,,,,,,,,,,,,,,,,,,,,,,,,,,,,,,,,,,,,,,,,,,,,,,,,,,
173719,5-May-18,21:13:01,2018-05-05 21:13:01,G,3,3,240,162,0,4,-62.6025,-61.2763,14:08.0,FastGPS,-62.6174,-61.268,,,1.1,1,,,,15,7,7424,,,,23,23527,,,,9,5128,,,,16,30772,,,,,,,,,,,,,,,,,,,,,,,,,,,,,,,,,,,,,,,,,,,,,,,,,,,,,,,,,,
173719,5-May-18,21:44:09,2018-05-05 21:44:09,G,1,3,241,162,0,6,-62.6133,-61.2671,44:12.5,FastGPS,-62.6133,-61.2671,,1,5.5,0.6,,,,15,16,28578,,,,23,21775,,,,26,30394,,,,9,3289,,,,4,5705,,,,7,5772,,,,,,,,,,,,,,,,,,,,,,,,,,,,,,,,,,,,,,,,,,,,,,,,
173719,5-May-18,22:14:04,2018-05-05 22:14:04,G,2,3,242,162,0,5,-62.6025,-61.2763,14:08.0,FastGPS,-62.6025,-61.2763,,,3.1,1,,,,15,9,679,,,,23,11707,,,,2,29287,,,,7,26005,,,,5,25062,,,,,,,,,,,,,,,,,,,,,,,,,,,,,,,,,,,,,,,,,,,,,,,,,,,,,
173719,5-May-18,23:01:52,2018-05-05 23:01:52,G,1,3,243,163,0,8,-62.5772,-61.3023,01:55.0,FastGPS,-62.5772,-61.3023,,,6,0,,,,15,27,12004,,,,7,23736,,,,9,536,,,,8,2725,,,,13,9260,,,,5,13950,,,,16,27627,,,,30,14004,,,,,,,,,,,,,,,,,,,,,,,,,,,,,,,,,,,,,,
173719,5-May-18,23:32:03,2018-05-05 23:32:03,G,1,3,244,163,0,4,-62.473,-61.307,5/6/2018 4:20,P,-62.5569,-61.3185,,,0.6,0,,,,15,7,25618,,,,30,4584,,,,5,14565,,,,9,26272,,,,,,,,,,,,,,,,,,,,,,,,,,,,,,,,,,,,,,,,,,,,,,,,,,,,,,,,,,
173719,6-May-18,1:17:52,2018-05-06 01:17:52,G,2,3,247,164,0,6,-62.4898,-61.3378,17:54.5,FastGPS,-62.4898,-61.3378,,,0.9,-0.5,,,,15,30,8551,,,,28,135,,,,7,30944,,,,11,26946,,,,8,20706,,,,13,13334,,,,,,,,,,,,,,,,,,,,,,,,,,,,,,,,,,,,,,,,,,,,,,,,
173719,6-May-18,2:35:02,2018-05-06 02:35:02,G,1,3,249,,0,9,-62.4515,-61.3104,35:06.0,FastGPS,-62.4515,-61.3104,,,5.5,1,,,,15,15,22464,,,,24,29015,,,,10,22372,,,,28,20663,,,,13,24418,,,,11,27568,,,,18,14654,,,,1,22618,,,,19,27350,,,,,,,,,,,,,,,,,,,,,,,,,,,,,,,,,
173719,6-May-18,3:37:54,2018-05-06 03:37:54,G,2,3,250,,0,9,-62.4668,-61.319,37:57.5,FastGPS,-62.4668,-61.319,,,8.7,0.5,,,,15,15,26382,,,,10,24965,,,,12,29273,,,,17,5453,,,,24,32629,,,,19,2248,,,,32,19798,,,,13,14902,,,,1,10219,,,,,,,,,,,,,,,,,,,,,,,,,,,,,,,,,
173719,6-May-18,6:29:14,2018-05-06 06:29:14,G,2,3,254,170,0,8,-62.4632,-61.3541,29:17.0,FastGPS,-62.4632,-61.3541,,,6.1,0,,,,15,29,1326,,,,32,26282,,,,31,26504,,,,25,23902,,,,12,6272,,,,14,23663,,,,2,10196,,,,24,20086,,,,,,,,,,,,,,,,,,,,,,,,,,,,,,,,,,,,,,
173719,6-May-18,6:59:01,2018-05-06 06:59:01,G,2,3,255,170,0,8,-62.4815,-61.3191,59:03.5,FastGPS,-62.4815,-61.3191,,1,9.3,-0.5,,,,15,29,4616,,,,31,5610,,,,25,11873,,,,6,4146,,,,4,29461,,,,32,23122,,,,2,34,,,,14,28093,,,,,,,,,,,,,,,,,,,,,,,,,,,,,,,,,,,,,,
173719,6-May-18,7:44:05,2018-05-06 07:44:05,G,1,3,256,,0,9,-62.4934,-61.318,44:07.5,FastGPS,-62.4934,-61.318,,1,11.1,-0.5,,,,15,12,32498,,,,29,5490,,,,4,21702,,,,25,31324,,,,31,6666,,,,2,25908,,,,23,16635,,,,5,24887,,,,26,28571,,,,,,,,,,,,,,,,,,,,,,,,,,,,,,,,,
173719,6-May-18,8:31:01,2018-05-06 08:31:01,G,3,3,257,172,0,7,-62.4867,-61.3142,31:04.5,FastGPS,-62.4867,-61.3142,,1,9.2,0.5,,,,15,5,28059,,,,25,11466,,,,31,13655,,,,29,18138,,,,12,7007,,,,4,4637,,,,21,6229,,,,,,,,,,,,,,,,,,,,,,,,,,,,,,,,,,,,,,,,,,,
173719,6-May-18,9:35:20,2018-05-06 09:35:20,G,1,3,259,172,0,8,-62.5224,-61.2841,35:24.0,FastGPS,-62.5224,-61.2841,,1,5.5,1,,,,15,26,22176,,,,4,21777,,,,16,6568,,,,9,15679,,,,21,15205,,,,2,26817,,,,29,4400,,,,5,5898,,,,,,,,,,,,,,,,,,,,,,,,,,,,,,,,,,,,,,
173719,6-May-18,10:37:42,2018-05-06 10:37:42,G,3,3,261,,0,9,-62.5284,-61.281,37:45.0,FastGPS,-62.5284,-61.281,,1,6.7,0,,,,15,7,20584,,,,26,11445,,,,16,20234,,,,27,10494,,,,4,17543,,,,29,19652,,,,21,25704,,,,13,24891,,,,5,25587,,,,,,,,,,,,,,,,,,,,,,,,,,,,,,,,,
173719,6-May-18,13:29:22,2018-05-06 13:29:22,G,4,3,262,178,0,5,-62.5891,-61.2024,29:24.9,FastGPS,-62.5891,-61.2024,,,2.4,-0.1,,,,15,27,16036,,,,8,22311,,,,18,28192,,,,10,32682,,,,28,1139,,,,,,,,,,,,,,,,,,,,,,,,,,,,,,,,,,,,,,,,,,,,,,,,,,,,,
173719,6-May-18,14:16:00,2018-05-06 14:16:00,G,1,3,263,,0,9,-62.5908,-61.2055,16:02.5,FastGPS,-62.5908,-61.2055,,,9.9,-0.5,,,,15,32,23334,,,,8,3469,,,,27,8315,,,,1,24979,,,,10,3285,,,,11,24114,,,,14,17366,,,,22,19988,,,,18,24092,,,,,,,,,,,,,,,,,,,,,,,,,,,,,,,,,
173719,6-May-18,14:46:04,2018-05-06 14:46:04,G,2,3,264,179,0,4,-62.6025,-61.2763,14:08.0,FastGPS,-62.5888,-61.2037,,,1.4,1,,,,15,11,1899,,,,32,14088,,,,28,22556,,,,1,12422,,,,,,,,,,,,,,,,,,,,,,,,,,,,,,,,,,,,,,,,,,,,,,,,,,,,,,,,,,
173719,6-May-18,19:24:12,2018-05-06 19:24:12,G,1,3,270,,0,9,-62.5905,-61.1857,24:14.5,FastGPS,-62.5905,-61.1857,,1,7.8,-0.5,,,,15,3,581,,,,22,282,,,,31,25078,,,,23,15776,,,,26,2438,,,,4,13405,,,,9,32630,,,,6,21764,,,,19,24918,,,,,,,,,,,,,,,,,,,,,,,,,,,,,,,,,
173719,7-May-18,10:23:59,2018-05-07 10:23:59,G,1,3,279,193,0,7,-62.6197,-61.283,24:02.5,FastGPS,-62.6197,-61.283,,1,9.7,0.5,,,,15,29,19206,,,,5,18950,,,,4,4423,,,,20,5418,,,,21,2514,,,,26,23192,,,,16,1473,,,,,,,,,,,,,,,,,,,,,,,,,,,,,,,,,,,,,,,,,,,
173719,7-May-18,11:09:00,2018-05-07 11:09:00,G,4,3,280,194,0,6,-62.6215,-61.2638,09:04.0,FastGPS,-62.6215,-61.2638,,1,5.5,1,,,,15,16,13078,,,,26,25020,,,,27,1131,,,,4,6701,,,,20,12875,,,,21,30323,,,,,,,,,,,,,,,,,,,,,,,,,,,,,,,,,,,,,,,,,,,,,,,,
173719,7-May-18,11:39:00,2018-05-07 11:39:00,G,4,3,281,194,1,5,-62.6213,-61.2641,39:02.5,FastGPS,-62.6213,-61.2647,,1,1.8,-0.5,,,,15,4,5036,,,,10,2700,,,,26,3772,,,,16,2838,,,,21,29241,,,,,,,,,,,,,,,,,,,,,,,,,,,,,,,,,,,,,,,,,,,,,,,,,,,,,
173719,7-May-18,14:54:00,2018-05-07 14:54:00,G,3,3,282,205,1,4,-62.5905,-61.1857,24:14.5,FastGPS,-62.6225,-61.2637,,,1.5,-0.5,,,,15,10,13287,,,,1,12035,,,,11,14305,,,,32,27724,,,,,,,,,,,,,,,,,,,,,,,,,,,,,,,,,,,,,,,,,,,,,,,,,,,,,,,,,,
173719,7-May-18,16:39:00,2018-05-07 16:39:00,G,2,3,283,210,1,4,-62.6225,-61.2637,54:02.5,FastGPS,-62.6213,-61.2641,,,0.2,-0.5,,,,15,32,2041,,,,14,11766,,,,3,21723,,,,1,19497,,,,,,,,,,,,,,,,,,,,,,,,,,,,,,,,,,,,,,,,,,,,,,,,,,,,,,,,,,
173719,7-May-18,17:09:00,2018-05-07 17:09:00,G,1,3,284,210,1,5,-62.6208,-61.2644,09:02.5,FastGPS,-62.6208,-61.2644,,,6,-0.5,,,,15,31,26102,,,,14,9718,,,,22,2212,,,,3,8912,,,,17,12429,,,,,,,,,,,,,,,,,,,,,,,,,,,,,,,,,,,,,,,,,,,,,,,,,,,,,
173719,8-May-18,8:09:06,2018-05-08 08:09:06,G,1,3,295,,0,9,-62.6006,-61.3918,09:08.5,FastGPS,-62.6006,-61.3918,,1,4.1,-0.5,,,,15,31,24536,,,,4,15253,,,,2,32022,,,,29,28101,,,,26,10672,,,,25,2982,,,,23,16984,,,,9,8772,,,,5,9699,,,,,,,,,,,,,,,,,,,,,,,,,,,,,,,,,
173719,8-May-18,10:03:27,2018-05-08 10:03:27,G,1,3,296,237,0,7,-62.6328,-61.2887,03:29.5,FastGPS,-62.6328,-61.2887,,1,11.5,-0.5,,,,15,29,18373,,,,5,2889,,,,4,10971,,,,21,32553,,,,26,14907,,,,16,6324,,,,20,12230,,,,,,,,,,,,,,,,,,,,,,,,,,,,,,,,,,,,,,,,,,,
173719,8-May-18,11:35:03,2018-05-08 11:35:03,G,1,3,299,237,0,8,-62.6161,-61.2862,35:05.5,FastGPS,-62.6161,-61.2862,,,2.2,-0.5,,,,15,27,24855,,,,7,7494,,,,13,4754,,,,15,28529,,,,20,4211,,,,21,23203,,,,8,20296,,,,16,29480,,,,,,,,,,,,,,,,,,,,,,,,,,,,,,,,,,,,,,
173719,8-May-18,12:05:20,2018-05-08 12:05:20,G,1,3,300,237,0,8,-62.617,-61.2663,05:23.0,FastGPS,-62.617,-61.2663,,,8.5,0,,,,15,20,15136,,,,15,32643,,,,13,22558,,,,30,20064,,,,27,14052,,,,7,9196,,,,8,10392,,,,10,13660,,,,,,,,,,,,,,,,,,,,,,,,,,,,,,,,,,,,,,
173719,8-May-18,13:05:00,2018-05-08 13:05:00,G,2,3,301,239,1,7,-62.6214,-61.2671,05:03.5,FastGPS,-62.6214,-61.2671,,,15.6,0.5,,,,15,8,16292,,,,27,32644,,,,10,9114,,,,11,16910,,,,18,21331,,,,15,14380,,,,21,22619,,,,,,,,,,,,,,,,,,,,,,,,,,,,,,,,,,,,,,,,,,,
173719,9-May-18,22:20:06,2018-05-09 22:20:06,G,1,3,302,239,0,4,-62.6114,-61.2934,40:29.1,FastGPS,-62.6218,-61.2674,,,0.3,-0.4,,,,15,7,3010,,,,9,26216,,,,30,20118,,,,5,28217,,,,,,,,,,,,,,,,,,,,,,,,,,,,,,,,,,,,,,,,,,,,,,,,,,,,,,,,,,
173719,9-May-18,23:08:52,2018-05-09 23:08:52,G,3,3,303,,0,9,-62.6114,-61.2922,08:55.0,FastGPS,-62.6114,-61.2922,,,12.7,0,,,,15,7,26904,,,,9,8516,,,,8,28706,,,,13,14633,,,,5,9314,,,,21,2496,,,,27,14520,,,,30,18839,,,,28,13360,,,,,,,,,,,,,,,,,,,,,,,,,,,,,,,,,
173719,9-May-18,23:40:26,2018-05-09 23:40:26,G,2,3,304,240,0,6,-62.6114,-61.2934,40:29.1,FastGPS,-62.6114,-61.2934,,,2.8,0.1,,,,15,7,6705,,,,30,20981,,,,5,14288,,,,9,27449,,,,28,5270,,,,8,9876,,,,,,,,,,,,,,,,,,,,,,,,,,,,,,,,,,,,,,,,,,,,,,,,
173719,10-May-18,1:17:49,2018-05-10 01:17:49,G,2,3,305,242,0,6,-62.5352,-61.3365,17:51.6,FastGPS,-62.5352,-61.3365,,,5.5,-0.4,,,,15,30,26802,,,,28,14074,,,,15,13313,,,,13,13296,,,,11,5378,,,,17,29915,,,,,,,,,,,,,,,,,,,,,,,,,,,,,,,,,,,,,,,,,,,,,,,,
173719,10-May-18,3:45:21,2018-05-10 03:45:21,G,1,3,307,,0,9,-62.4857,-61.5035,45:23.5,FastGPS,-62.4857,-61.5035,,,6.9,-0.4,,,,15,17,11802,,,,32,20313,,,,12,4181,,,,24,6928,,,,15,12114,,,,19,20432,,,,10,4614,,,,6,23725,,,,1,27241,,,,,,,,,,,,,,,,,,,,,,,,,,,,,,,,,
173719,10-May-18,6:33:58,2018-05-10 06:33:58,G,1,3,310,250,0,6,-62.5128,-61.6797,34:00.6,FastGPS,-62.5128,-61.6797,,,10.8,-0.4,,,,15,2,4705,,,,12,22596,,,,29,17681,,,,31,28484,,,,25,17334,,,,14,3618,,,,,,,,,,,,,,,,,,,,,,,,,,,,,,,,,,,,,,,,,,,,,,,,
173719,10-May-18,7:34:43,2018-05-10 07:34:43,G,1,3,312,250,0,8,-62.5181,-61.7351,34:46.0,FastGPS,-62.5181,-61.7351,,1,3.7,0,,,,15,29,29434,,,,31,18486,,,,12,10284,,,,25,30210,,,,5,24969,,,,4,27094,,,,2,18024,,,,26,5889,,,,,,,,,,,,,,,,,,,,,,,,,,,,,,,,,,,,,,
173719,10-May-18,8:05:01,2018-05-10 08:05:01,G,1,3,313,250,0,7,-62.5166,-61.7911,05:04.6,FastGPS,-62.5166,-61.7911,,1,7.1,0.6,,,,15,4,2263,,,,29,4684,,,,25,30258,,,,23,18259,,,,2,20844,,,,21,11264,,,,5,25065,,,,,,,,,,,,,,,,,,,,,,,,,,,,,,,,,,,,,,,,,,,
173719,10-May-18,9:05:26,2018-05-10 09:05:26,G,2,3,315,250,0,8,-62.5191,-61.8808,05:28.6,FastGPS,-62.5191,-61.8808,,1,8.7,-0.4,,,,15,29,14395,,,,4,1843,,,,26,22157,,,,5,24626,,,,31,16579,,,,16,7474,,,,25,9732,,,,2,14066,,,,,,,,,,,,,,,,,,,,,,,,,,,,,,,,,,,,,,
173719,10-May-18,9:50:07,2018-05-10 09:50:07,G,3,3,316,251,0,7,-62.5418,-61.8732,50:10.1,FastGPS,-62.5418,-61.8732,,1,3.9,0.1,,,,15,4,17250,,,,21,15174,,,,20,13979,,,,29,30404,,,,26,16675,,,,16,24882,,,,31,9736,,,,,,,,,,,,,,,,,,,,,,,,,,,,,,,,,,,,,,,,,,,
173719,10-May-18,10:20:28,2018-05-10 10:20:28,G,2,3,317,,0,9,-62.5517,-61.8911,20:31.6,FastGPS,-62.5517,-61.8911,,1,8.3,0.6,,,,15,16,25592,,,,29,25027,,,,27,13733,,,,5,30988,,,,21,28473,,,,15,9688,,,,26,18775,,,,13,23127,,,,4,25036,,,,,,,,,,,,,,,,,,,,,,,,,,,,,,,,,
173719,10-May-18,10:50:03,2018-05-10 10:50:03,G,1,3,318,,0,9,-62.5396,-61.9068,50:06.0,FastGPS,-62.5396,-61.9068,,1,6.6,0,,,,15,7,18029,,,,16,19326,,,,26,17940,,,,4,3212,,,,5,31108,,,,20,28882,,,,30,4426,,,,27,12788,,,,21,32026,,,,,,,,,,,,,,,,,,,,,,,,,,,,,,,,,
173719,10-May-18,13:25:40,2018-05-10 13:25:40,G,1,3,319,,0,9,-62.6012,-61.7871,25:44.0,FastGPS,-62.6012,-61.7871,,,8.4,1.1,,,,15,8,29716,,,,15,11140,,,,18,3290,,,,11,707,,,,27,10622,,,,28,2144,,,,10,24120,,,,20,21236,,,,24,19310,,,,,,,,,,,,,,,,,,,,,,,,,,,,,,,,,
173719,10-May-18,17:03:48,2018-05-10 17:03:48,G,3,3,324,,0,9,-62.6683,-61.6459,03:51.6,FastGPS,-62.6683,-61.6459,,,7.1,0.6,,,,15,23,20329,,,,17,3740,,,,1,2426,,,,12,20290,,,,3,15498,,,,11,2386,,,,19,18264,,,,22,24632,,,,18,7581,,,,,,,,,,,,,,,,,,,,,,,,,,,,,,,,,
173719,10-May-18,18:06:13,2018-05-10 18:06:13,G,2,3,325,260,0,8,-62.666,-61.6373,06:16.1,FastGPS,-62.666,-61.6373,,,5.5,0.1,,,,15,17,1615,,,,19,660,,,,23,18807,,,,6,804,,,,14,564,,,,3,28219,,,,31,17410,,,,12,11704,,,,,,,,,,,,,,,,,,,,,,,,,,,,,,,,,,,,,,
173719,10-May-18,18:36:02,2018-05-10 18:36:02,G,1,3,326,,0,9,-62.6783,-61.5843,36:05.5,FastGPS,-62.6783,-61.5843,,1,3.5,0.6,,,,15,23,8806,,,,9,772,,,,6,3740,,,,4,12701,,,,26,13594,,,,31,32390,,,,19,21706,,,,14,11658,,,,3,6366,,,,,,,,,,,,,,,,,,,,,,,,,,,,,,,,,
173719,10-May-18,21:38:39,2018-05-10 21:38:39,G,1,3,330,262,0,7,-62.6831,-61.699,38:42.6,FastGPS,-62.6831,-61.699,,,5.3,0.6,,,,15,23,12408,,,,7,31269,,,,30,25832,,,,9,30897,,,,2,24021,,,,16,2534,,,,5,16390,,,,,,,,,,,,,,,,,,,,,,,,,,,,,,,,,,,,,,,,,,,
173719,11-May-18,1:22:26,2018-05-11 01:22:26,G,2,3,336,264,0,6,-62.6715,-61.7407,22:30.1,FastGPS,-62.6715,-61.7407,,,6.7,1.1,,,,15,15,1955,,,,30,30418,,,,17,13258,,,,20,10242,,,,28,15148,,,,24,2102,,,,,,,,,,,,,,,,,,,,,,,,,,,,,,,,,,,,,,,,,,,,,,,,
173719,11-May-18,4:34:01,2018-05-11 04:34:01,G,1,3,339,270,0,8,-62.664,-61.7712,34:05.1,FastGPS,-62.664,-61.7712,,,7.4,1.1,,,,15,24,25753,,,,14,24930,,,,32,17488,,,,6,24112,,,,12,12586,,,,17,10235,,,,19,32236,,,,25,13522,,,,,,,,,,,,,,,,,,,,,,,,,,,,,,,,,,,,,,
173719,11-May-18,5:50:02,2018-05-11 05:50:02,G,3,3,340,273,0,8,-62.6543,-61.7767,50:05.6,FastGPS,-62.6543,-61.7767,,,11,0.6,,,,15,25,22878,,,,12,1292,,,,6,13154,,,,19,28027,,,,17,6739,,,,31,26462,,,,14,25574,,,,3,23812,,,,,,,,,,,,,,,,,,,,,,,,,,,,,,,,,,,,,,
173719,11-May-18,7:08:20,2018-05-11 07:08:20,G,2,3,341,276,0,8,-62.6417,-61.7666,08:24.1,FastGPS,-62.6417,-61.7666,,1,7.5,1.1,,,,15,31,24160,,,,29,27080,,,,2,12057,,,,12,15199,,,,5,21079,,,,6,23957,,,,25,5748,,,,4,21564,,,,,,,,,,,,,,,,,,,,,,,,,,,,,,,,,,,,,,
173719,11-May-18,8:23:00,2018-05-11 08:23:00,G,1,3,342,279,0,8,-62.6311,-61.7198,23:03.6,FastGPS,-62.6311,-61.7198,,1,5.8,0.6,,,,15,31,30811,,,,29,32539,,,,2,18485,,,,4,19600,,,,26,3958,,,,5,1040,,,,9,7521,,,,21,20202,,,,,,,,,,,,,,,,,,,,,,,,,,,,,,,,,,,,,,
173719,11-May-18,9:18:49,2018-05-11 09:18:49,G,1,3,343,280,0,6,-62.643,-61.5975,18:52.6,FastGPS,-62.643,-61.5975,,1,1,0.6,,,,15,4,20357,,,,26,25634,,,,5,582,,,,21,28922,,,,16,21501,,,,29,25500,,,,,,,,,,,,,,,,,,,,,,,,,,,,,,,,,,,,,,,,,,,,,,,,
173719,11-May-18,9:49:00,2018-05-11 09:49:00,G,1,3,344,280,0,8,-62.6501,-61.5296,49:03.6,FastGPS,-62.6501,-61.5296,,1,13.7,0.6,,,,15,16,13478,,,,5,18491,,,,26,28352,,,,29,3511,,,,4,26150,,,,21,4678,,,,27,31295,,,,20,3747,,,,,,,,,,,,,,,,,,,,,,,,,,,,,,,,,,,,,,
173719,11-May-18,10:51:34,2018-05-11 10:51:34,G,1,3,346,,0,9,-62.6698,-61.3978,51:37.6,FastGPS,-62.6698,-61.3978,,1,4.5,0.6,,,,15,15,13587,,,,16,12101,,,,27,28467,,,,13,32500,,,,5,8045,,,,29,14914,,,,7,19858,,,,26,26694,,,,4,9032,,,,,,,,,,,,,,,,,,,,,,,,,,,,,,,,,
173719,11-May-18,11:23:46,2018-05-11 11:23:46,G,2,3,347,,0,9,-62.6821,-61.3307,23:49.1,FastGPS,-62.6821,-61.3307,,,13.4,0.1,,,,15,15,8476,,,,27,5658,,,,16,4951,,,,21,32171,,,,13,16494,,,,10,12247,,,,26,3156,,,,7,17930,,,,20,15720,,,,,,,,,,,,,,,,,,,,,,,,,,,,,,,,,
173719,12-May-18,0:02:05,2018-05-12 00:02:05,G,1,3,352,281,0,5,-62.6964,-61.3628,02:08.6,FastGPS,-62.6964,-61.3628,,,1.8,0.6,,,,15,7,9104,,,,30,30664,,,,28,6032,,,,5,30467,,,,8,22977,,,,,,,,,,,,,,,,,,,,,,,,,,,,,,,,,,,,,,,,,,,,,,,,,,,,,
173719,12-May-18,0:41:11,2018-05-12 00:41:11,G,3,3,353,281,0,8,-62.6778,-61.3987,41:14.6,FastGPS,-62.6778,-61.3987,,,7.2,0.6,,,,15,7,24228,,,,30,19779,,,,8,15749,,,,11,1706,,,,13,16792,,,,28,23459,,,,5,20546,,,,15,6693,,,,,,,,,,,,,,,,,,,,,,,,,,,,,,,,,,,,,,
173719,12-May-18,1:48:11,2018-05-12 01:48:11,G,4,3,355,281,0,8,-62.6552,-61.4678,48:15.1,FastGPS,-62.6552,-61.4678,,,6.6,1.1,,,,15,17,16050,,,,28,24864,,,,30,28099,,,,13,998,,,,15,9883,,,,11,7548,,,,19,31087,,,,18,5045,,,,,,,,,,,,,,,,,,,,,,,,,,,,,,,,,,,,,,
173719,12-May-18,2:18:12,2018-05-12 02:18:12,G,3,3,356,281,0,4,-62.609,-61.117,5/12/2018 12:47,A,-62.6368,-61.5042,,,0.8,0.6,,,,15,15,195,,,,17,17484,,,,19,11566,,,,13,15289,,,,,,,,,,,,,,,,,,,,,,,,,,,,,,,,,,,,,,,,,,,,,,,,,,,,,,,,,,
173719,12-May-18,3:03:51,2018-05-12 03:03:51,G,3,3,357,282,0,7,-62.629,-61.5248,03:55.1,FastGPS,-62.629,-61.5248,,,8.7,1.1,,,,15,17,21272,,,,15,17766,,,,12,15697,,,,19,1847,,,,10,6107,,,,13,15810,,,,24,7518,,,,,,,,,,,,,,,,,,,,,,,,,,,,,,,,,,,,,,,,,,,
173719,12-May-18,4:15:59,2018-05-12 04:15:59,G,3,3,358,284,0,6,-62.6223,-61.5398,16:02.6,FastGPS,-62.6223,-61.5398,,,2.4,0.6,,,,15,17,26648,,,,12,17709,,,,24,19224,,,,3,7915,,,,22,32359,,,,32,6087,,,,,,,,,,,,,,,,,,,,,,,,,,,,,,,,,,,,,,,,,,,,,,,,
173719,12-May-18,4:47:34,2018-05-12 04:47:34,G,3,3,359,,0,9,-62.6237,-61.5302,47:37.1,FastGPS,-62.6237,-61.5302,,,10.5,0.1,,,,15,12,7675,,,,24,16497,,,,32,17964,,,,22,3739,,,,25,16295,,,,14,3466,,,,6,8371,,,,3,6173,,,,2,32340,,,,,,,,,,,,,,,,,,,,,,,,,,,,,,,,,
173719,12-May-18,5:36:47,2018-05-12 05:36:47,G,2,3,360,285,0,8,-62.6278,-61.4899,36:51.1,FastGPS,-62.6278,-61.4899,,,11.1,1.1,,,,15,25,30395,,,,12,7794,,,,6,16401,,,,19,30514,,,,32,21163,,,,14,29648,,,,29,8574,,,,17,20275,,,,,,,,,,,,,,,,,,,,,,,,,,,,,,,,,,,,,,
173719,12-May-18,6:07:02,2018-05-12 06:07:02,G,2,3,361,285,0,8,-62.6264,-61.4752,07:05.6,FastGPS,-62.6264,-61.4752,,,3.4,0.6,,,,15,25,22362,,,,12,27480,,,,31,31115,,,,2,7394,,,,29,3636,,,,6,12212,,,,3,5949,,,,19,30949,,,,,,,,,,,,,,,,,,,,,,,,,,,,,,,,,,,,,,
173719,12-May-18,7:27:09,2018-05-12 07:27:09,G,1,3,363,286,0,8,-62.6272,-61.3942,27:11.6,FastGPS,-62.6272,-61.3942,,1,4.3,-0.4,,,,15,31,32264,,,,5,10785,,,,29,11799,,,,2,801,,,,25,11178,,,,12,22717,,,,4,10634,,,,9,32395,,,,,,,,,,,,,,,,,,,,,,,,,,,,,,,,,,,,,,
173719,12-May-18,7:57:03,2018-05-12 07:57:03,G,1,3,364,286,0,8,-62.6218,-61.3911,57:06.1,FastGPS,-62.6218,-61.3911,,1,4.8,0.1,,,,15,31,13716,,,,25,19822,,,,5,17980,,,,23,9039,,,,29,27556,,,,4,24978,,,,26,24257,,,,12,29958,,,,,,,,,,,,,,,,,,,,,,,,,,,,,,,,,,,,,,
173719,12-May-18,11:00:12,2018-05-12 11:00:12,G,1,3,369,,0,9,-62.6435,-61.179,00:15.6,FastGPS,-62.6435,-61.179,,1,6.7,0.6,,,,15,20,28846,,,,29,27242,,,,15,24596,,,,16,4315,,,,27,10459,,,,21,26040,,,,13,27837,,,,10,18581,,,,4,25804,,,,,,,,,,,,,,,,,,,,,,,,,,,,,,,,,
173719,12-May-18,11:47:01,2018-05-12 11:47:01,G,1,3,370,289,0,7,-62.6205,-61.1414,47:04.1,FastGPS,-62.6205,-61.1414,,,14.4,0.1,,,,15,15,28263,,,,10,3303,,,,21,4236,,,,20,20648,,,,16,823,,,,27,7251,,,,13,21514,,,,,,,,,,,,,,,,,,,,,,,,,,,,,,,,,,,,,,,,,,,
173719,12-May-18,13:18:00,2018-05-12 13:18:00,G,2,3,372,,0,9,-62.6175,-61.1363,18:03.6,FastGPS,-62.6175,-61.1363,,,5.5,0.6,,,,15,27,29588,,,,10,13076,,,,8,16427,,,,28,23252,,,,18,22996,,,,32,27266,,,,15,296,,,,11,20678,,,,20,20182,,,,,,,,,,,,,,,,,,,,,,,,,,,,,,,,,
173719,12-May-18,14:03:11,2018-05-12 14:03:11,G,2,3,373,,0,9,-62.6172,-61.1401,03:14.6,FastGPS,-62.6172,-61.1401,,,10.7,0.6,,,,15,32,13568,,,,10,28552,,,,27,8973,,,,8,3216,,,,22,21862,,,,1,23472,,,,18,6419,,,,11,8583,,,,28,10211,,,,,,,,,,,,,,,,,,,,,,,,,,,,,,,,,
173719,12-May-18,15:04:10,2018-05-12 15:04:10,G,2,3,374,,0,9,-62.6169,-61.1355,04:14.1,FastGPS,-62.6169,-61.1355,,,9.6,1.1,,,,15,32,12859,,,,14,5675,,,,10,17478,,,,8,5988,,,,1,25248,,,,22,13754,,,,3,20083,,,,18,26451,,,,11,3074,,,,,,,,,,,,,,,,,,,,,,,,,,,,,,,,,
173719,12-May-18,15:49:29,2018-05-12 15:49:29,G,1,3,375,295,0,8,-62.6171,-61.1339,49:33.0,FastGPS,-62.6171,-61.1339,,,10.8,1,,,,15,22,13292,,,,11,13861,,,,17,6393,,,,3,3990,,,,18,31852,,,,1,32188,,,,14,26897,,,,32,30100,,,,,,,,,,,,,,,,,,,,,,,,,,,,,,,,,,,,,,
173719,12-May-18,23:30:01,2018-05-12 23:30:01,G,1,3,386,301,0,6,-62.5981,-61.333,30:04.6,FastGPS,-62.5981,-61.333,,,8,0.6,,,,15,7,24103,,,,5,686,,,,30,10945,,,,15,8333,,,,28,4617,,,,13,22274,,,,,,,,,,,,,,,,,,,,,,,,,,,,,,,,,,,,,,,,,,,,,,,,
173719,13-May-18,0:33:45,2018-05-13 00:33:45,G,1,3,387,302,0,6,-62.5885,-61.3992,33:48.7,FastGPS,-62.5885,-61.3992,,,5.2,0.7,,,,15,30,6588,,,,7,15745,,,,5,12584,,,,13,24810,,,,28,27982,,,,15,5546,,,,,,,,,,,,,,,,,,,,,,,,,,,,,,,,,,,,,,,,,,,,,,,,
173719,13-May-18,2:11:34,2018-05-13 02:11:34,G,1,3,388,304,0,8,-62.5888,-61.4251,11:37.6,FastGPS,-62.5888,-61.4251,,,4.8,0.6,,,,15,15,12296,,,,13,870,,,,17,18016,,,,24,12612,,,,10,22971,,,,18,13190,,,,20,1066,,,,19,10120,,,,,,,,,,,,,,,,,,,,,,,,,,,,,,,,,,,,,,
173719,13-May-18,3:37:56,2018-05-13 03:37:56,G,2,3,390,305,0,8,-62.5834,-61.4039,38:00.1,FastGPS,-62.5834,-61.4039,,,11.5,1.1,,,,15,12,12486,,,,17,30445,,,,32,27013,,,,24,2,,,,10,12446,,,,1,10600,,,,22,31245,,,,19,16244,,,,,,,,,,,,,,,,,,,,,,,,,,,,,,,,,,,,,,
173719,13-May-18,4:08:00,2018-05-13 04:08:00,G,2,3,391,305,0,8,-62.5856,-61.4037,08:03.6,FastGPS,-62.5856,-61.4037,,,6.7,0.6,,,,15,12,1707,,,,24,17817,,,,17,31713,,,,32,26306,,,,25,32086,,,,22,21296,,,,19,16412,,,,6,27134,,,,,,,,,,,,,,,,,,,,,,,,,,,,,,,,,,,,,,
173719,13-May-18,5:08:01,2018-05-13 05:08:01,G,4,3,392,,0,9,-62.5808,-61.3941,08:05.1,FastGPS,-62.5808,-61.3941,,,10.6,1.1,,,,15,12,661,,,,24,8903,,,,32,31074,,,,14,13094,,,,3,32006,,,,25,10770,,,,2,21311,,,,17,393,,,,22,12526,,,,,,,,,,,,,,,,,,,,,,,,,,,,,,,,,
173719,13-May-18,8:15:11,2018-05-13 08:15:11,G,1,3,393,,0,9,-62.6245,-61.3083,15:14.6,FastGPS,-62.6245,-61.3083,,1,9.9,0.6,,,,15,5,22603,,,,4,5216,,,,26,22616,,,,2,5228,,,,31,14202,,,,29,18784,,,,16,5781,,,,23,21386,,,,25,32730,,,,,,,,,,,,,,,,,,,,,,,,,,,,,,,,,
173719,13-May-18,9:17:00,2018-05-13 09:17:00,G,2,3,394,307,0,6,-62.6141,-61.2724,17:03.1,FastGPS,-62.6141,-61.2724,,1,7.5,0.1,,,,15,5,3033,,,,29,18358,,,,16,17057,,,,20,1718,,,,4,25540,,,,26,4233,,,,,,,,,,,,,,,,,,,,,,,,,,,,,,,,,,,,,,,,,,,,,,,,
173719,13-May-18,13:02:00,2018-05-13 13:02:00,G,1,3,395,320,1,4,-62.5808,-61.3941,08:05.1,FastGPS,-62.6211,-61.2643,,,0.5,0.6,,,,15,15,12775,,,,8,17730,,,,20,16544,,,,10,25252,,,,,,,,,,,,,,,,,,,,,,,,,,,,,,,,,,,,,,,,,,,,,,,,,,,,,,,,,,
173719,13-May-18,13:32:00,2018-05-13 13:32:00,G,1,3,396,320,1,5,-62.6214,-61.2642,32:02.6,FastGPS,-62.6214,-61.2642,,,0.7,-0.4,,,,15,18,21334,,,,10,2725,,,,11,20762,,,,8,23390,,,,32,7713,,,,,,,,,,,,,,,,,,,,,,,,,,,,,,,,,,,,,,,,,,,,,,,,,,,,,
173719,14-May-18,1:18:07,2018-05-14 01:18:07,G,1,3,401,323,0,7,-62.616,-61.4803,18:09.6,FastGPS,-62.616,-61.4803,,,9,-0.4,,,,15,17,2231,,,,15,22323,,,,30,13031,,,,20,12441,,,,28,20586,,,,24,15182,,,,13,8320,,,,,,,,,,,,,,,,,,,,,,,,,,,,,,,,,,,,,,,,,,,
173719,14-May-18,3:21:27,2018-05-14 03:21:27,G,2,3,402,324,0,7,-62.5799,-61.5061,21:30.1,FastGPS,-62.5799,-61.5061,,,9.4,0.1,,,,15,17,13053,,,,15,6416,,,,19,6822,,,,12,6529,,,,10,24600,,,,32,25687,,,,24,30360,,,,,,,,,,,,,,,,,,,,,,,,,,,,,,,,,,,,,,,,,,,
173719,14-May-18,4:00:29,2018-05-14 04:00:29,G,3,3,403,324,0,6,-62.5829,-61.5043,00:32.1,FastGPS,-62.5829,-61.5043,,,3.1,0.1,,,,15,17,29352,,,,6,2836,,,,12,15089,,,,19,7062,,,,32,10155,,,,24,10486,,,,,,,,,,,,,,,,,,,,,,,,,,,,,,,,,,,,,,,,,,,,,,,,
173719,14-May-18,4:30:00,2018-05-14 04:30:00,G,2,3,404,,0,9,-62.5719,-61.4941,30:02.6,FastGPS,-62.5719,-61.4941,,,12.8,-0.4,,,,15,32,1631,,,,12,9974,,,,19,2414,,,,2,1849,,,,6,306,,,,17,27085,,,,24,23699,,,,25,28387,,,,14,28300,,,,,,,,,,,,,,,,,,,,,,,,,,,,,,,,,
173719,14-May-18,5:00:48,2018-05-14 05:00:48,G,2,3,405,324,0,8,-62.5667,-61.4909,00:50.6,FastGPS,-62.5667,-61.4909,,,10.1,-0.4,,,,15,19,26519,,,,17,25085,,,,12,10328,,,,6,32329,,,,2,18047,,,,24,31062,,,,25,11626,,,,32,14419,,,,,,,,,,,,,,,,,,,,,,,,,,,,,,,,,,,,,,
173719,14-May-18,5:46:01,2018-05-14 05:46:01,G,1,3,406,,0,9,-62.5598,-61.4768,46:03.6,FastGPS,-62.5598,-61.4768,,,6.8,-0.4,,,,15,6,22332,,,,25,23507,,,,14,29465,,,,32,17652,,,,12,7456,,,,31,8160,,,,19,11886,,,,2,2804,,,,29,6452,,,,,,,,,,,,,,,,,,,,,,,,,,,,,,,,,
173719,14-May-18,6:31:25,2018-05-14 06:31:25,G,1,3,407,325,0,7,-62.5525,-61.4919,31:27.7,FastGPS,-62.5525,-61.4919,,1,6.7,-0.3,,,,15,12,2563,,,,25,11859,,,,29,19017,,,,31,16762,,,,2,30742,,,,32,31916,,,,4,17024,,,,,,,,,,,,,,,,,,,,,,,,,,,,,,,,,,,,,,,,,,,
173719,14-May-18,8:47:51,2018-05-14 08:47:51,G,1,3,410,327,0,8,-62.5305,-61.5015,47:53.7,FastGPS,-62.5305,-61.5015,,1,6.9,-0.3,,,,15,31,20868,,,,21,32154,,,,29,18665,,,,4,1124,,,,26,20310,,,,9,21906,,,,16,3043,,,,25,16634,,,,,,,,,,,,,,,,,,,,,,,,,,,,,,,,,,,,,,
173719,14-May-18,9:48:04,2018-05-14 09:48:04,G,1,3,412,327,0,7,-62.5275,-61.5515,48:07.1,FastGPS,-62.5275,-61.5515,,1,1.1,0.1,,,,15,5,23802,,,,29,31666,,,,20,8236,,,,26,19893,,,,16,7561,,,,21,4504,,,,4,7488,,,,,,,,,,,,,,,,,,,,,,,,,,,,,,,,,,,,,,,,,,,
173719,14-May-18,11:55:04,2018-05-14 11:55:04,G,1,3,413,,0,9,-62.5522,-61.4409,55:07.1,FastGPS,-62.5522,-61.4409,,,7.3,0.1,,,,15,27,13015,,,,16,24716,,,,10,11908,,,,15,21332,,,,13,17441,,,,20,22300,,,,8,17742,,,,7,17010,,,,30,27138,,,,,,,,,,,,,,,,,,,,,,,,,,,,,,,,,
173719,14-May-18,13:44:21,2018-05-14 13:44:21,G,1,3,414,331,0,8,-62.6081,-61.318,44:23.6,FastGPS,-62.6081,-61.318,,,8,-0.4,,,,15,18,7069,,,,11,8333,,,,8,13948,,,,28,31495,,,,15,15116,,,,24,7808,,,,20,20142,,,,1,9031,,,,,,,,,,,,,,,,,,,,,,,,,,,,,,,,,,,,,,
173719,14-May-18,14:14:54,2018-05-14 14:14:54,G,2,3,415,,0,9,-62.6165,-61.2824,14:57.1,FastGPS,-62.6165,-61.2824,,,8.6,0.1,,,,15,11,32111,,,,8,1709,,,,18,27294,,,,24,29589,,,,1,11290,,,,22,23881,,,,28,14542,,,,32,10363,,,,10,16921,,,,,,,,,,,,,,,,,,,,,,,,,,,,,,,,,
173719,14-May-18,16:15:00,2018-05-14 16:15:00,G,1,3,417,335,1,5,-62.621,-61.2645,15:03.6,FastGPS,-62.621,-61.2645,,,2.4,0.6,,,,15,31,8473,,,,14,17626,,,,32,28448,,,,22,25512,,,,18,20145,,,,,,,,,,,,,,,,,,,,,,,,,,,,,,,,,,,,,,,,,,,,,,,,,,,,,
173719,14-May-18,16:45:00,2018-05-14 16:45:00,G,1,3,418,335,1,4,-62.621,-61.2645,15:03.6,FastGPS,-62.6212,-61.2648,,,0.2,-0.3,,,,15,32,25274,,,,31,16706,,,,3,27270,,,,22,11137,,,,,,,,,,,,,,,,,,,,,,,,,,,,,,,,,,,,,,,,,,,,,,,,,,,,,,,,,,
173719,15-May-18,3:44:15,2018-05-15 03:44:15,G,1,3,428,344,0,6,-62.5607,-61.5227,44:17.6,FastGPS,-62.5607,-61.5227,,,4.8,-0.3,,,,15,12,14222,,,,15,4308,,,,32,19021,,,,24,19264,,,,25,19982,,,,14,17615,,,,,,,,,,,,,,,,,,,,,,,,,,,,,,,,,,,,,,,,,,,,,,,,
173719,15-May-18,6:20:10,2018-05-15 06:20:10,G,2,4,431,,0,9,-62.575,-61.425,20:12.7,FastGPS,-62.575,-61.425,,,7,-1.3,,,,15,29,16882,,,,31,22882,,,,14,24900,,,,25,31568,,,,12,13730,,,,6,29874,,,,19,29741,,,,2,19441,,,,23,16591,,,,,,,,,,,,,,,,,,,,,,,,,,,,,,,,,
173719,15-May-18,7:36:01,2018-05-15 07:36:01,G,2,4,432,,0,9,-62.577,-61.3824,36:04.1,FastGPS,-62.577,-61.3824,,1,6.5,-0.8,,,,15,25,9211,,,,5,24550,,,,31,25889,,,,29,18780,,,,23,16424,,,,4,28549,,,,26,21878,,,,2,11627,,,,12,3212,,,,,,,,,,,,,,,,,,,,,,,,,,,,,,,,,
173719,15-May-18,8:06:01,2018-05-15 08:06:01,G,3,4,433,351,0,7,-62.5774,-61.3692,06:05.1,FastGPS,-62.5774,-61.3692,,1,6.8,0.1,,,,15,31,29892,,,,29,31587,,,,21,14824,,,,4,15569,,,,26,32342,,,,25,16075,,,,12,24355,,,,,,,,,,,,,,,,,,,,,,,,,,,,,,,,,,,,,,,,,,,
173719,15-May-18,8:36:24,2018-05-15 08:36:24,G,1,4,434,351,0,8,-62.5719,-61.3656,36:28.1,FastGPS,-62.5719,-61.3656,,1,6,0.1,,,,15,26,29561,,,,31,7578,,,,4,17504,,,,5,17345,,,,21,20134,,,,29,21312,,,,16,29543,,,,9,19897,,,,,,,,,,,,,,,,,,,,,,,,,,,,,,,,,,,,,,
173719,15-May-18,9:23:36,2018-05-15 09:23:36,G,3,4,435,352,0,6,-62.587,-61.2807,23:40.1,FastGPS,-62.587,-61.2807,,1,5,0.1,,,,15,16,14892,,,,5,30935,,,,26,24891,,,,4,31584,,,,29,27108,,,,21,1834,,,,,,,,,,,,,,,,,,,,,,,,,,,,,,,,,,,,,,,,,,,,,,,,
173719,15-May-18,11:42:00,2018-05-15 11:42:00,G,1,4,439,353,1,4,-62.624,-61.275,5/16/2018 1:46,N,-62.6219,-61.269,,,3,-1.3,,,,15,15,21730,,,,20,6437,,,,21,1052,,,,10,17730,,,,,,,,,,,,,,,,,,,,,,,,,,,,,,,,,,,,,,,,,,,,,,,,,,,,,,,,,,
173719,15-May-18,12:27:00,2018-05-15 12:27:00,G,1,4,440,354,1,4,-62.624,-61.275,5/16/2018 1:46,N,-62.6219,-61.2714,,,0.2,-1.4,,,,15,15,17547,,,,21,23572,,,,10,16155,,,,20,30063,,,,,,,,,,,,,,,,,,,,,,,,,,,,,,,,,,,,,,,,,,,,,,,,,,,,,,,,,,
173719,17-May-18,6:02:11,2018-05-17 06:02:11,G,1,4,447,365,0,5,-62.5847,-61.5821,02:13.7,FastGPS,-62.5847,-61.5821,,,9.8,-1.3,,,,15,12,16218,,,,2,21500,,,,25,1434,,,,6,900,,,,29,23934,,,,,,,,,,,,,,,,,,,,,,,,,,,,,,,,,,,,,,,,,,,,,,,,,,,,,
173719,17-May-18,13:07:58,2018-05-17 13:07:58,G,1,4,448,365,0,8,-62.6294,-61.3389,08:00.9,FastGPS,-62.6294,-61.3389,,,12.8,-1.1,,,,15,10,5407,,,,8,19940,,,,11,24689,,,,15,31618,,,,18,25434,,,,20,455,,,,28,16884,,,,1,31138,,,,,,,,,,,,,,,,,,,,,,,,,,,,,,,,,,,,,,
173719,17-May-18,15:55:00,2018-05-17 15:55:00,G,1,4,453,366,1,4,-62.6217,-61.2677,25:02.7,FastGPS,-62.6209,-61.2653,,,0.4,-1.4,,,,15,31,24940,,,,32,334,,,,14,3442,,,,11,5307,,,,,,,,,,,,,,,,,,,,,,,,,,,,,,,,,,,,,,,,,,,,,,,,,,,,,,,,,,
173719,17-May-18,16:25:00,2018-05-17 16:25:00,G,1,4,454,366,1,5,-62.6217,-61.2677,25:02.7,FastGPS,-62.6217,-61.2677,,,4,-1.3,,,,15,31,12399,,,,32,8198,,,,14,13559,,,,18,13470,,,,22,30224,,,,,,,,,,,,,,,,,,,,,,,,,,,,,,,,,,,,,,,,,,,,,,,,,,,,,
173719,17-May-18,16:55:00,2018-05-17 16:55:00,G,2,4,455,366,1,6,-62.6215,-61.2669,55:03.7,FastGPS,-62.6215,-61.2669,,,2.1,-0.3,,,,15,18,11063,,,,31,29667,,,,22,21652,,,,1,30516,,,,14,11822,,,,11,9453,,,,,,,,,,,,,,,,,,,,,,,,,,,,,,,,,,,,,,,,,,,,,,,,
173719,17-May-18,23:18:24,2018-05-17 23:18:24,G,2,4,456,367,0,8,-62.6124,-61.2905,18:26.7,FastGPS,-62.6124,-61.2905,,,9.7,-1.3,,,,15,7,2573,,,,5,16586,,,,30,12406,,,,28,18578,,,,13,23246,,,,8,26384,,,,15,20648,,,,27,24932,,,,,,,,,,,,,,,,,,,,,,,,,,,,,,,,,,,,,,
173719,18-May-18,3:34:38,2018-05-18 03:34:38,G,1,4,457,367,0,8,-62.5682,-61.4948,34:41.2,FastGPS,-62.5682,-61.4948,,,9.5,-0.8,,,,15,17,6402,,,,24,5401,,,,19,30124,,,,15,12863,,,,12,10208,,,,25,19381,,,,32,12473,,,,6,19046,,,,,,,,,,,,,,,,,,,,,,,,,,,,,,,,,,,,,,
173719,18-May-18,5:57:58,2018-05-18 05:57:58,G,1,4,458,368,0,5,-62.5831,-61.5841,58:02.2,FastGPS,-62.5831,-61.5841,,,4.3,0.2,,,,15,12,8606,,,,29,15658,,,,2,13633,,,,31,31754,,,,25,26365,,,,,,,,,,,,,,,,,,,,,,,,,,,,,,,,,,,,,,,,,,,,,,,,,,,,,
173719,18-May-18,6:28:37,2018-05-18 06:28:37,G,2,4,459,368,0,7,-62.5658,-61.5694,28:40.7,FastGPS,-62.5658,-61.5694,,,5.5,-0.3,,,,15,29,25373,,,,2,22468,,,,6,30662,,,,25,8699,,,,12,18964,,,,31,6490,,,,23,4866,,,,,,,,,,,,,,,,,,,,,,,,,,,,,,,,,,,,,,,,,,,
173719,18-May-18,7:43:12,2018-05-18 07:43:12,G,1,4,461,368,0,5,-62.6203,-61.2636,08:03.7,FastGPS,-62.6035,-61.5181,,1,2.7,-0.3,,,,15,4,5872,,,,26,14370,,,,5,26754,,,,29,14962,,,,31,8031,,,,,,,,,,,,,,,,,,,,,,,,,,,,,,,,,,,,,,,,,,,,,,,,,,,,,
173719,18-May-18,8:55:36,2018-05-18 08:55:36,G,1,4,463,,0,9,-62.6177,-61.4677,55:40.2,FastGPS,-62.6177,-61.4677,,1,12.2,0.2,,,,15,29,15297,,,,21,19515,,,,16,10122,,,,5,30917,,,,26,32015,,,,20,4490,,,,31,28502,,,,25,14914,,,,4,21046,,,,,,,,,,,,,,,,,,,,,,,,,,,,,,,,,
173719,18-May-18,12:30:01,2018-05-18 12:30:01,G,1,4,466,372,0,5,-62.6174,-61.3029,30:04.7,FastGPS,-62.6174,-61.3029,,,1.2,-0.3,,,,15,27,20763,,,,21,24420,,,,10,11914,,,,20,4992,,,,8,27042,,,,,,,,,,,,,,,,,,,,,,,,,,,,,,,,,,,,,,,,,,,,,,,,,,,,,
173719,18-May-18,13:33:45,2018-05-18 13:33:45,G,1,4,468,,0,9,-62.6187,-61.266,33:49.2,FastGPS,-62.6187,-61.266,,,9.5,0.2,,,,15,27,1670,,,,8,15053,,,,32,2114,,,,28,12487,,,,11,1342,,,,18,31737,,,,10,10218,,,,1,8662,,,,14,2088,,,,,,,,,,,,,,,,,,,,,,,,,,,,,,,,,
173719,18-May-18,14:20:34,2018-05-18 14:20:34,G,2,4,469,,0,9,-62.6165,-61.2615,20:37.7,FastGPS,-62.6165,-61.2615,,1,12.9,-0.3,,,,15,10,22143,,,,32,29475,,,,8,10816,,,,22,31990,,,,18,9176,,,,24,12916,,,,27,29697,,,,14,621,,,,1,1352,,,,,,,,,,,,,,,,,,,,,,,,,,,,,,,,,
173719,18-May-18,15:07:55,2018-05-18 15:07:55,G,1,4,470,,0,9,-62.6179,-61.2601,07:58.7,FastGPS,-62.6179,-61.2601,,,12.9,-0.2,,,,15,32,7860,,,,17,2782,,,,14,19512,,,,3,17826,,,,18,108,,,,11,13002,,,,28,18406,,,,10,3205,,,,22,16248,,,,,,,,,,,,,,,,,,,,,,,,,,,,,,,,,
173719,18-May-18,15:38:00,2018-05-18 15:38:00,G,1,4,471,374,0,6,-62.6212,-61.2647,38:03.7,FastGPS,-62.6212,-61.2647,,,6.5,-0.3,,,,15,32,5510,,,,3,22849,,,,11,32682,,,,14,7291,,,,22,11172,,,,1,12158,,,,,,,,,,,,,,,,,,,,,,,,,,,,,,,,,,,,,,,,,,,,,,,,
173719,18-May-18,16:08:00,2018-05-18 16:08:00,G,1,4,472,374,1,5,-62.6211,-61.2645,08:03.7,FastGPS,-62.6211,-61.2645,,,9.3,-0.3,,,,15,3,29460,,,,32,23722,,,,22,26644,,,,14,2834,,,,1,11139,,,,,,,,,,,,,,,,,,,,,,,,,,,,,,,,,,,,,,,,,,,,,,,,,,,,,
173719,18-May-18,17:08:00,2018-05-18 17:08:00,G,1,4,473,376,1,4,-62.5831,-61.5841,58:02.2,FastGPS,-62.6203,-61.2636,,,0.1,-0.3,,,,15,23,11702,,,,3,19957,,,,14,32596,,,,31,1069,,,,,,,,,,,,,,,,,,,,,,,,,,,,,,,,,,,,,,,,,,,,,,,,,,,,,,,,,,
173719,18-May-18,17:38:00,2018-05-18 17:38:00,G,3,4,474,376,1,4,-62.6203,-61.2636,08:03.7,FastGPS,-62.6223,-61.2677,,,0.2,-1.4,,,,15,23,23286,,,,31,10508,,,,3,20214,,,,9,30202,,,,,,,,,,,,,,,,,,,,,,,,,,,,,,,,,,,,,,,,,,,,,,,,,,,,,,,,,,
173719,18-May-18,19:53:00,2018-05-18 19:53:00,G,1,4,476,381,1,5,-62.6203,-61.2636,08:03.7,FastGPS,-62.621,-61.2649,,1,0.7,-1.2,,,,15,16,8517,,,,26,8308,,,,4,19287,,,,23,8403,,,,9,17988,,,,,,,,,,,,,,,,,,,,,,,,,,,,,,,,,,,,,,,,,,,,,,,,,,,,,
173719,18-May-18,21:08:00,2018-05-18 21:08:00,G,1,4,477,384,1,5,-62.6213,-61.2646,08:02.7,FastGPS,-62.6213,-61.2646,,,5.9,-1.2,,,,15,7,16635,,,,30,12720,,,,9,8002,,,,5,1203,,,,16,13758,,,,,,,,,,,,,,,,,,,,,,,,,,,,,,,,,,,,,,,,,,,,,,,,,,,,,
173719,18-May-18,22:08:00,2018-05-18 22:08:00,G,2,4,479,384,1,5,-62.6215,-61.2642,08:02.8,FastGPS,-62.6215,-61.2642,,,4.9,-1.2,,,,15,30,22225,,,,5,24592,,,,28,16752,,,,7,2678,,,,9,11682,,,,,,,,,,,,,,,,,,,,,,,,,,,,,,,,,,,,,,,,,,,,,,,,,,,,,
173719,18-May-18,22:38:00,2018-05-18 22:38:00,G,2,4,480,384,1,6,-62.6211,-61.265,38:02.7,FastGPS,-62.6211,-61.265,,,2.5,-1.2,,,,15,7,6157,,,,5,26906,,,,28,3900,,,,30,15035,,,,27,9724,,,,13,29988,,,,,,,,,,,,,,,,,,,,,,,,,,,,,,,,,,,,,,,,,,,,,,,,
173719,19-May-18,0:14:32,2018-05-19 00:14:32,G,3,4,481,386,0,8,-62.5654,-61.3173,14:35.2,FastGPS,-62.5654,-61.3173,,,8.9,-0.8,,,,15,15,29622,,,,13,4137,,,,30,2243,,,,28,13322,,,,20,4929,,,,7,2045,,,,27,6274,,,,8,29342,,,,,,,,,,,,,,,,,,,,,,,,,,,,,,,,,,,,,,
173719,19-May-18,2:43:12,2018-05-19 02:43:12,G,2,4,482,,0,9,-62.6137,-61.3022,43:15.8,FastGPS,-62.6137,-61.3022,,,11.2,-0.2,,,,15,12,12593,,,,15,18286,,,,10,15336,,,,24,16696,,,,32,2228,,,,18,2930,,,,17,23037,,,,11,26723,,,,28,9156,,,,,,,,,,,,,,,,,,,,,,,,,,,,,,,,,
173719,19-May-18,5:24:16,2018-05-19 05:24:16,G,1,4,483,,0,9,-62.6213,-61.3895,24:18.8,FastGPS,-62.6213,-61.3895,,,7.7,-1.2,,,,15,25,22614,,,,19,20776,,,,12,10428,,,,6,25814,,,,2,457,,,,29,984,,,,31,5144,,,,32,23321,,,,14,691,,,,,,,,,,,,,,,,,,,,,,,,,,,,,,,,,
173719,19-May-18,6:17:05,2018-05-19 06:17:05,G,4,4,484,389,0,5,-62.637,-61.3605,17:09.2,FastGPS,-62.637,-61.3605,,,10,0.2,,,,15,31,31136,,,,25,14519,,,,29,6709,,,,23,28318,,,,6,31298,,,,,,,,,,,,,,,,,,,,,,,,,,,,,,,,,,,,,,,,,,,,,,,,,,,,,
173719,19-May-18,12:54:17,2018-05-19 12:54:17,G,2,4,485,,0,9,-62.7041,-61.3258,54:21.3,FastGPS,-62.7041,-61.3258,,,11.6,0.3,,,,15,15,30302,,,,28,16361,,,,11,18963,,,,8,31248,,,,18,19700,,,,27,26412,,,,10,21506,,,,20,12185,,,,1,19800,,,,,,,,,,,,,,,,,,,,,,,,,,,,,,,,,
173719,19-May-18,13:24:00,2018-05-19 13:24:00,G,4,4,486,,0,9,-62.7078,-61.3259,24:04.2,FastGPS,-62.7078,-61.3259,,,8.3,0.2,,,,15,28,11440,,,,8,24910,,,,32,17483,,,,18,19412,,,,11,21465,,,,27,26606,,,,10,23889,,,,1,21291,,,,24,20397,,,,,,,,,,,,,,,,,,,,,,,,,,,,,,,,,
173719,19-May-18,13:54:00,2018-05-19 13:54:00,G,3,4,487,,1,9,-62.7078,-61.3258,54:03.8,FastGPS,-62.7078,-61.3258,,,11.4,-0.2,,,,15,8,28277,,,,10,11920,,,,14,16968,,,,27,21378,,,,32,2868,,,,18,20740,,,,22,12429,,,,11,26104,,,,24,23859,,,,,,,,,,,,,,,,,,,,,,,,,,,,,,,,,
173719,19-May-18,20:20:00,2018-05-19 20:20:00,G,1,4,488,,0,9,-62.7077,-61.3266,20:04.2,FastGPS,-62.7077,-61.3266,,1,3.9,0.2,,,,15,7,26736,,,,23,17740,,,,16,4625,,,,9,6548,,,,30,18018,,,,6,15850,,,,26,14466,,,,2,8348,,,,4,4132,,,,,,,,,,,,,,,,,,,,,,,,,,,,,,,,,
173719,20-May-18,4:26:29,2018-05-20 04:26:29,G,2,4,489,,0,9,-62.5988,-61.4692,26:32.2,FastGPS,-62.5988,-61.4692,,,9.8,-0.8,,,,15,17,13467,,,,12,15618,,,,6,28446,,,,19,839,,,,22,21592,,,,32,4986,,,,3,14334,,,,2,15896,,,,24,9305,,,,,,,,,,,,,,,,,,,,,,,,,,,,,,,,,
173719,20-May-18,4:56:20,2018-05-20 04:56:20,G,1,4,490,,0,9,-62.5883,-61.4497,56:23.2,FastGPS,-62.5883,-61.4497,,,8.2,-0.8,,,,15,2,20232,,,,12,30316,,,,25,28361,,,,3,26213,,,,6,2016,,,,19,13626,,,,17,8647,,,,14,17656,,,,31,3058,,,,,,,,,,,,,,,,,,,,,,,,,,,,,,,,,
173719,20-May-18,5:26:02,2018-05-20 05:26:02,G,2,4,491,,0,9,-62.5859,-61.4494,26:05.3,FastGPS,-62.5859,-61.4494,,,11.6,-0.7,,,,15,12,20468,,,,6,4215,,,,2,1306,,,,29,12884,,,,19,14810,,,,25,20544,,,,32,22088,,,,24,19828,,,,3,5047,,,,,,,,,,,,,,,,,,,,,,,,,,,,,,,,,
173719,20-May-18,5:58:48,2018-05-20 05:58:48,G,4,4,492,391,0,6,-62.5703,-61.4443,58:50.8,FastGPS,-62.5703,-61.4443,,,7.8,-1.2,,,,15,12,30854,,,,2,1916,,,,29,28824,,,,6,14882,,,,25,14050,,,,32,7188,,,,,,,,,,,,,,,,,,,,,,,,,,,,,,,,,,,,,,,,,,,,,,,,
173719,20-May-18,7:53:29,2018-05-20 07:53:29,G,3,4,493,,0,9,-62.5349,-61.4965,53:31.8,FastGPS,-62.5349,-61.4965,,1,9.2,-1.2,,,,15,31,12478,,,,25,24368,,,,5,18153,,,,29,1084,,,,21,28545,,,,16,23149,,,,4,5535,,,,2,24424,,,,26,29820,,,,,,,,,,,,,,,,,,,,,,,,,,,,,,,,,
173719,20-May-18,12:07:48,2018-05-20 12:07:48,G,4,4,494,397,0,7,-62.6189,-61.2699,07:50.8,FastGPS,-62.6189,-61.2699,,,6.1,-1.2,,,,15,15,31020,,,,8,2955,,,,10,397,,,,27,10916,,,,20,26249,,,,21,771,,,,30,30231,,,,,,,,,,,,,,,,,,,,,,,,,,,,,,,,,,,,,,,,,,,
173719,20-May-18,12:54:12,2018-05-20 12:54:12,G,3,4,495,398,0,8,-62.619,-61.265,54:15.2,FastGPS,-62.619,-61.265,,,11,-0.8,,,,15,32,1495,,,,27,5262,,,,10,9454,,,,8,22537,,,,18,23115,,,,11,22609,,,,1,26929,,,,28,15698,,,,,,,,,,,,,,,,,,,,,,,,,,,,,,,,,,,,,,
173719,20-May-18,13:25:25,2018-05-20 13:25:25,G,1,4,496,398,0,8,-62.6171,-61.268,25:29.2,FastGPS,-62.6171,-61.268,,,7.3,0.2,,,,15,10,11302,,,,32,2564,,,,8,15958,,,,22,31284,,,,14,2922,,,,1,8792,,,,18,32255,,,,27,3214,,,,,,,,,,,,,,,,,,,,,,,,,,,,,,,,,,,,,,
173719,20-May-18,14:10:02,2018-05-20 14:10:02,G,1,4,497,399,0,8,-62.6205,-61.2688,10:06.2,FastGPS,-62.6205,-61.2688,,,8.2,0.3,,,,15,32,16671,,,,10,20596,,,,14,14848,,,,27,31632,,,,8,8663,,,,11,4086,,,,28,22602,,,,24,3806,,,,,,,,,,,,,,,,,,,,,,,,,,,,,,,,,,,,,,
173719,20-May-18,15:30:33,2018-05-20 15:30:33,G,1,4,499,,0,9,-62.6192,-61.265,30:36.7,FastGPS,-62.6192,-61.265,,,9.6,-0.3,,,,15,14,1250,,,,32,30154,,,,17,11244,,,,11,25117,,,,18,8616,,,,31,4711,,,,3,18680,,,,1,6164,,,,22,5779,,,,,,,,,,,,,,,,,,,,,,,,,,,,,,,,,
173719,20-May-18,17:19:51,2018-05-20 17:19:51,G,1,4,502,401,0,5,-62.6165,-61.2686,19:53.8,FastGPS,-62.6165,-61.2686,,,11.4,-1.2,,,,15,22,3672,,,,3,30598,,,,23,28696,,,,31,18611,,,,1,18998,,,,,,,,,,,,,,,,,,,,,,,,,,,,,,,,,,,,,,,,,,,,,,,,,,,,,
173719,20-May-18,18:21:00,2018-05-20 18:21:00,G,1,4,504,,0,9,-62.617,-61.2682,21:03.3,FastGPS,-62.617,-61.2682,,,8.2,-0.8,,,,15,3,24358,,,,23,16026,,,,22,4360,,,,9,17151,,,,2,13203,,,,6,21580,,,,19,17508,,,,26,20471,,,,31,12585,,,,,,,,,,,,,,,,,,,,,,,,,,,,,,,,,
173719,20-May-18,18:52:59,2018-05-20 18:52:59,G,1,4,505,401,0,6,-62.616,-61.27,53:03.2,FastGPS,-62.616,-61.27,,,6.5,0.2,,,,15,9,21047,,,,3,15620,,,,6,22351,,,,23,10319,,,,2,14640,,,,26,4076,,,,,,,,,,,,,,,,,,,,,,,,,,,,,,,,,,,,,,,,,,,,,,,,
173719,20-May-18,20:29:17,2018-05-20 20:29:17,G,1,4,508,401,0,7,-62.6131,-61.2707,29:21.3,FastGPS,-62.6131,-61.2707,,,6.7,0.3,,,,15,7,17554,,,,5,9160,,,,30,25170,,,,9,5448,,,,29,23703,,,,2,15940,,,,23,7497,,,,,,,,,,,,,,,,,,,,,,,,,,,,,,,,,,,,,,,,,,,
173719,21-May-18,2:18:28,2018-05-21 02:18:28,G,1,4,509,,0,9,-62.4877,-61.3599,18:31.9,FastGPS,-62.4877,-61.3599,,,7.2,-0.1,,,,15,17,6606,,,,15,8483,,,,12,9466,,,,10,14353,,,,19,6274,,,,24,16426,,,,13,18473,,,,32,29984,,,,28,20831,,,,,,,,,,,,,,,,,,,,,,,,,,,,,,,,,
173719,21-May-18,4:55:19,2018-05-21 04:55:19,G,4,4,510,401,0,4,-62.6171,-61.268,25:29.2,FastGPS,-62.4926,-61.3748,,,0.4,-1.4,,,,15,12,30952,,,,6,4436,,,,2,1415,,,,19,4388,,,,,,,,,,,,,,,,,,,,,,,,,,,,,,,,,,,,,,,,,,,,,,,,,,,,,,,,,,
173719,21-May-18,13:12:12,2018-05-21 13:12:12,G,2,4,512,403,0,7,-62.6168,-61.266,12:14.8,FastGPS,-62.6168,-61.266,,,8.4,-1.2,,,,15,27,26030,,,,10,14726,,,,8,13132,,,,18,25940,,,,32,22550,,,,11,27642,,,,28,23270,,,,,,,,,,,,,,,,,,,,,,,,,,,,,,,,,,,,,,,,,,,
173719,21-May-18,13:42:00,2018-05-21 13:42:00,G,5,4,513,403,1,8,-62.6212,-61.2676,42:02.8,FastGPS,-62.6212,-61.2676,,,8.3,-1.2,,,,15,22,9071,,,,11,372,,,,18,28164,,,,27,22728,,,,14,16356,,,,8,20491,,,,32,9640,,,,1,4310,,,,,,,,,,,,,,,,,,,,,,,,,,,,,,,,,,,,,,
173719,21-May-18,21:55:47,2018-05-21 21:55:47,G,2,4,514,,0,9,-62.6155,-61.2729,55:49.8,FastGPS,-62.6155,-61.2729,,,18.5,-1.2,,,,15,5,10916,,,,9,29776,,,,30,8419,,,,28,3274,,,,27,8310,,,,7,21690,,,,16,25415,,,,8,1014,,,,13,4856,,,,,,,,,,,,,,,,,,,,,,,,,,,,,,,,,
173719,22-May-18,3:08:02,2018-05-22 03:08:02,G,2,4,515,404,0,6,-62.5352,-61.4139,08:04.8,FastGPS,-62.5352,-61.4139,,,7.9,-1.2,,,,15,17,24584,,,,15,25652,,,,19,27089,,,,32,19560,,,,12,11365,,,,24,7302,,,,,,,,,,,,,,,,,,,,,,,,,,,,,,,,,,,,,,,,,,,,,,,,
173719,22-May-18,4:10:19,2018-05-22 04:10:19,G,3,4,516,,0,9,-62.5501,-61.3787,10:21.8,FastGPS,-62.5501,-61.3787,,,11.2,-1.2,,,,15,24,4231,,,,19,24168,,,,12,10949,,,,32,13583,,,,6,15990,,,,25,28329,,,,17,18174,,,,2,13865,,,,14,7875,,,,,,,,,,,,,,,,,,,,,,,,,,,,,,,,,
173719,22-May-18,7:24:49,2018-05-22 07:24:49,G,2,4,517,,0,9,-62.6191,-61.3091,24:52.3,FastGPS,-62.6191,-61.3091,,1,8.4,-0.7,,,,15,31,11878,,,,4,32513,,,,29,14536,,,,2,30022,,,,5,23338,,,,26,7080,,,,25,8789,,,,23,12930,,,,9,10284,,,,,,,,,,,,,,,,,,,,,,,,,,,,,,,,,
173719,22-May-18,7:57:14,2018-05-22 07:57:14,G,2,4,518,,0,9,-62.625,-61.3046,57:16.8,FastGPS,-62.625,-61.3046,,1,7.2,-1.2,,,,15,31,8046,,,,26,429,,,,5,5072,,,,4,30453,,,,21,26444,,,,29,28733,,,,2,5980,,,,16,13674,,,,9,20166,,,,,,,,,,,,,,,,,,,,,,,,,,,,,,,,,
173719,22-May-18,8:28:11,2018-05-22 08:28:11,G,2,4,519,406,0,8,-62.6291,-61.2989,28:13.8,FastGPS,-62.6291,-61.2989,,1,5.4,-1.2,,,,15,31,6802,,,,21,585,,,,29,4366,,,,26,16958,,,,4,16921,,,,16,31624,,,,5,3456,,,,9,14729,,,,,,,,,,,,,,,,,,,,,,,,,,,,,,,,,,,,,,
173719,22-May-18,8:59:44,2018-05-22 08:59:44,G,1,4,520,406,0,7,-62.6443,-61.2884,59:47.3,FastGPS,-62.6443,-61.2884,,1,8.6,-0.7,,,,15,26,20705,,,,29,9620,,,,16,25923,,,,5,19478,,,,4,22538,,,,21,13458,,,,20,1043,,,,,,,,,,,,,,,,,,,,,,,,,,,,,,,,,,,,,,,,,,,
173719,22-May-18,9:30:07,2018-05-22 09:30:07,G,2,4,521,,0,9,-62.6417,-61.2542,30:09.8,FastGPS,-62.6417,-61.2542,,1,6.8,-1.2,,,,15,29,26684,,,,7,14400,,,,16,15564,,,,5,31886,,,,15,32515,,,,4,20130,,,,27,30178,,,,20,20962,,,,26,12229,,,,,,,,,,,,,,,,,,,,,,,,,,,,,,,,,
173719,22-May-18,10:00:00,2018-05-22 10:00:00,G,4,4,522,,0,9,-62.638,-61.2278,00:02.8,FastGPS,-62.638,-61.2278,,1,7.1,-1.2,,,,15,29,7242,,,,7,7349,,,,15,17950,,,,13,11716,,,,27,28306,,,,5,29261,,,,21,22344,,,,4,28321,,,,16,7320,,,,,,,,,,,,,,,,,,,,,,,,,,,,,,,,,
173719,22-May-18,10:46:09,2018-05-22 10:46:09,G,2,4,523,,0,9,-62.6415,-61.1908,46:12.2,FastGPS,-62.6415,-61.1908,,,7.5,-0.8,,,,15,15,13928,,,,27,13775,,,,7,30869,,,,30,21900,,,,16,9437,,,,13,9790,,,,20,11146,,,,21,8636,,,,8,126,,,,,,,,,,,,,,,,,,,,,,,,,,,,,,,,,
173719,22-May-18,12:04:02,2018-05-22 12:04:02,G,2,4,525,407,0,8,-62.6179,-61.1547,04:05.3,FastGPS,-62.6179,-61.1547,,,6.6,-0.7,,,,15,20,12367,,,,21,3774,,,,15,15310,,,,10,30174,,,,16,21747,,,,8,3922,,,,27,29564,,,,32,7624,,,,,,,,,,,,,,,,,,,,,,,,,,,,,,,,,,,,,,
173719,22-May-18,12:34:01,2018-05-22 12:34:01,G,4,4,526,,0,9,-62.6166,-61.1367,34:03.8,FastGPS,-62.6166,-61.1367,,,9.7,-1.2,,,,15,27,5623,,,,10,14187,,,,32,14590,,,,18,13354,,,,20,13563,,,,8,15823,,,,11,12196,,,,15,11296,,,,28,14165,,,,,,,,,,,,,,,,,,,,,,,,,,,,,,,,,
173719,22-May-18,13:04:16,2018-05-22 13:04:16,G,1,4,527,407,0,8,-62.6169,-61.1354,04:18.8,FastGPS,-62.6169,-61.1354,,,8.4,-1.2,,,,15,32,6906,,,,8,14262,,,,10,19392,,,,18,12378,,,,1,3855,,,,27,6017,,,,11,13770,,,,28,15829,,,,,,,,,,,,,,,,,,,,,,,,,,,,,,,,,,,,,,
173719,22-May-18,13:34:02,2018-05-22 13:34:02,G,1,4,528,,0,9,-62.6158,-61.1388,34:04.8,FastGPS,-62.6158,-61.1388,,,8.3,-1.2,,,,15,32,11250,,,,10,27771,,,,22,1050,,,,14,10051,,,,27,19024,,,,28,6315,,,,8,7618,,,,18,30688,,,,11,2468,,,,,,,,,,,,,,,,,,,,,,,,,,,,,,,,,
173719,22-May-18,14:04:20,2018-05-22 14:04:20,G,1,4,529,,0,9,-62.6143,-61.1411,04:22.8,FastGPS,-62.6143,-61.1411,,,6,-1.2,,,,15,8,21600,,,,28,6604,,,,22,9392,,,,18,21713,,,,32,9896,,,,11,29493,,,,1,13719,,,,10,1864,,,,14,15002,,,,,,,,,,,,,,,,,,,,,,,,,,,,,,,,,
173719,22-May-18,14:50:00,2018-05-22 14:50:00,G,1,4,530,,0,9,-62.6198,-61.1337,50:02.8,FastGPS,-62.6198,-61.1337,,,6,-1.2,,,,15,10,9500,,,,32,8951,,,,22,8401,,,,1,24364,,,,17,30084,,,,14,16204,,,,24,22550,,,,18,32633,,,,11,12364,,,,,,,,,,,,,,,,,,,,,,,,,,,,,,,,,
173719,22-May-18,15:20:00,2018-05-22 15:20:00,G,3,4,531,,1,9,-62.6198,-61.134,20:02.8,FastGPS,-62.6198,-61.134,,,7.7,-1.2,,,,15,32,9922,,,,14,7023,,,,18,19042,,,,17,12128,,,,1,11358,,,,11,2138,,,,22,6658,,,,19,19378,,,,31,1634,,,,,,,,,,,,,,,,,,,,,,,,,,,,,,,,,
173719,23-May-18,23:07:26,2018-05-23 23:07:26,G,2,4,533,408,0,5,-62.6012,-61.1761,07:28.9,FastGPS,-62.6012,-61.1761,,,2.3,-1.1,,,,15,7,8874,,,,5,28611,,,,13,14777,,,,30,19454,,,,15,295,,,,,,,,,,,,,,,,,,,,,,,,,,,,,,,,,,,,,,,,,,,,,,,,,,,,,
173719,24-May-18,0:46:12,2018-05-24 00:46:12,G,1,4,535,,0,9,-62.5678,-61.2695,46:15.3,FastGPS,-62.5678,-61.2695,,,6.6,-0.7,,,,15,17,32315,,,,28,23096,,,,11,6231,,,,15,9722,,,,13,4924,,,,10,17025,,,,30,26996,,,,18,23066,,,,19,8676,,,,,,,,,,,,,,,,,,,,,,,,,,,,,,,,,
173719,24-May-18,3:21:01,2018-05-24 03:21:01,G,1,4,540,410,0,6,-62.5036,-61.2754,21:04.8,FastGPS,-62.5036,-61.2754,,,8.1,-0.2,,,,15,17,28854,,,,19,13466,,,,12,26350,,,,24,14946,,,,6,16534,,,,32,17476,,,,,,,,,,,,,,,,,,,,,,,,,,,,,,,,,,,,,,,,,,,,,,,,
173719,24-May-18,6:28:34,2018-05-24 06:28:34,G,2,4,544,414,0,8,-62.4926,-61.3361,28:38.3,FastGPS,-62.4926,-61.3361,,1,11.1,0.3,,,,15,12,18719,,,,2,16598,,,,25,17213,,,,4,30777,,,,31,23447,,,,29,16997,,,,26,6970,,,,5,1483,,,,,,,,,,,,,,,,,,,,,,,,,,,,,,,,,,,,,,
173719,24-May-18,7:44:22,2018-05-24 07:44:22,G,1,4,546,415,0,7,-62.4675,-61.3577,44:25.8,FastGPS,-62.4675,-61.3577,,1,6,-0.2,,,,15,31,18014,,,,26,13606,,,,4,15316,,,,5,25101,,,,16,18319,,,,29,25833,,,,21,29600,,,,,,,,,,,,,,,,,,,,,,,,,,,,,,,,,,,,,,,,,,,
173719,24-May-18,8:14:07,2018-05-24 08:14:07,G,1,4,547,415,0,8,-62.4658,-61.3948,14:10.8,FastGPS,-62.4658,-61.3948,,1,4.5,-0.2,,,,15,4,23818,,,,29,24835,,,,5,13205,,,,16,17461,,,,31,9253,,,,26,17861,,,,25,2046,,,,21,17053,,,,,,,,,,,,,,,,,,,,,,,,,,,,,,,,,,,,,,
173719,24-May-18,8:44:17,2018-05-24 08:44:17,G,1,4,548,,0,9,-62.477,-61.4268,44:20.8,FastGPS,-62.477,-61.4268,,1,13.7,-0.2,,,,15,21,32173,,,,26,32139,,,,16,14640,,,,29,8306,,,,5,7972,,,,20,4257,,,,4,8404,,,,27,9677,,,,31,29472,,,,,,,,,,,,,,,,,,,,,,,,,,,,,,,,,
173719,24-May-18,9:15:02,2018-05-24 09:15:02,G,1,4,549,415,0,8,-62.4747,-61.4332,15:06.3,FastGPS,-62.4747,-61.4332,,1,8.9,0.3,,,,15,4,25431,,,,26,11637,,,,5,4730,,,,21,24443,,,,16,24584,,,,27,19558,,,,7,13885,,,,20,8040,,,,,,,,,,,,,,,,,,,,,,,,,,,,,,,,,,,,,,
173719,24-May-18,9:46:30,2018-05-24 09:46:30,G,1,4,550,,0,9,-62.4818,-61.4718,46:33.8,FastGPS,-62.4818,-61.4718,,1,7,-0.2,,,,15,29,10237,,,,20,20962,,,,26,6444,,,,27,20676,,,,15,10902,,,,16,21053,,,,21,659,,,,4,29568,,,,13,9062,,,,,,,,,,,,,,,,,,,,,,,,,,,,,,,,,
173719,24-May-18,10:16:06,2018-05-24 10:16:06,G,1,4,551,,0,9,-62.4761,-61.4545,16:10.3,FastGPS,-62.4761,-61.4545,,,5.6,0.3,,,,15,27,1640,,,,7,166,,,,16,6506,,,,15,11273,,,,13,7618,,,,30,3343,,,,20,4,,,,29,12968,,,,26,7072,,,,,,,,,,,,,,,,,,,,,,,,,,,,,,,,,
173719,24-May-18,10:46:00,2018-05-24 10:46:00,G,1,4,552,,0,9,-62.4866,-61.4057,46:03.8,FastGPS,-62.4866,-61.4057,,,6.5,-0.2,,,,15,27,8874,,,,15,2650,,,,21,30714,,,,13,16790,,,,16,30731,,,,30,2958,,,,7,26138,,,,20,24469,,,,8,12726,,,,,,,,,,,,,,,,,,,,,,,,,,,,,,,,,
173719,24-May-18,12:09:00,2018-05-24 12:09:00,G,1,4,554,415,0,8,-62.5293,-61.3561,09:04.3,FastGPS,-62.5293,-61.3561,,,8.1,0.3,,,,15,15,11151,,,,18,9233,,,,8,19978,,,,27,979,,,,20,2967,,,,10,626,,,,11,7175,,,,21,26005,,,,,,,,,,,,,,,,,,,,,,,,,,,,,,,,,,,,,,
173719,24-May-18,12:39:38,2018-05-24 12:39:38,G,1,4,555,,0,9,-62.5506,-61.3237,39:41.8,FastGPS,-62.5506,-61.3237,,,8.5,-0.2,,,,15,8,10040,,,,18,16421,,,,15,20724,,,,11,16425,,,,28,6003,,,,24,31538,,,,27,19954,,,,10,27626,,,,1,21710,,,,,,,,,,,,,,,,,,,,,,,,,,,,,,,,,
173719,24-May-18,13:13:27,2018-05-24 13:13:27,G,1,4,556,,0,9,-62.5684,-61.2725,13:30.8,FastGPS,-62.5684,-61.2725,,,7.7,-0.2,,,,15,11,24172,,,,18,20803,,,,8,18631,,,,1,3400,,,,10,11395,,,,28,24684,,,,32,26872,,,,22,26640,,,,27,27850,,,,,,,,,,,,,,,,,,,,,,,,,,,,,,,,,
173719,24-May-18,13:58:16,2018-05-24 13:58:16,G,2,4,557,,0,9,-62.5873,-61.2153,58:20.3,FastGPS,-62.5873,-61.2153,,,9.3,0.3,,,,15,11,2600,,,,10,29231,,,,32,15050,,,,18,27149,,,,27,1705,,,,22,20214,,,,8,16624,,,,28,5003,,,,1,23390,,,,,,,,,,,,,,,,,,,,,,,,,,,,,,,,,
173719,24-May-18,15:02:53,2018-05-24 15:02:53,G,1,4,559,416,0,7,-62.5913,-61.2016,02:56.8,FastGPS,-62.5913,-61.2016,,,5.7,-0.2,,,,15,11,24428,,,,3,24017,,,,22,29018,,,,1,15355,,,,32,5918,,,,18,9572,,,,14,10632,,,,,,,,,,,,,,,,,,,,,,,,,,,,,,,,,,,,,,,,,,,
173719,24-May-18,17:23:39,2018-05-24 17:23:39,G,2,4,561,421,0,6,-62.5919,-61.1865,23:42.3,FastGPS,-62.5919,-61.1865,,1,9.6,-0.7,,,,15,22,7782,,,,3,13722,,,,23,19498,,,,6,11618,,,,9,15856,,,,1,27711,,,,,,,,,,,,,,,,,,,,,,,,,,,,,,,,,,,,,,,,,,,,,,,,
173719,24-May-18,19:01:25,2018-05-24 19:01:25,G,2,4,562,425,0,5,-62.5912,-61.1958,01:28.8,FastGPS,-62.5912,-61.1958,,,2.3,-0.2,,,,15,3,129,,,,7,22790,,,,23,26784,,,,9,30802,,,,6,4199,,,,,,,,,,,,,,,,,,,,,,,,,,,,,,,,,,,,,,,,,,,,,,,,,,,,,
173719,24-May-18,19:48:00,2018-05-24 19:48:00,G,1,4,563,426,0,8,-62.5903,-61.1966,48:04.3,FastGPS,-62.5903,-61.1966,,1,4.1,0.3,,,,15,2,25597,,,,5,23061,,,,7,10821,,,,26,31450,,,,9,5558,,,,4,28275,,,,16,22098,,,,6,24466,,,,,,,,,,,,,,,,,,,,,,,,,,,,,,,,,,,,,,
173719,24-May-18,21:28:41,2018-05-24 21:28:41,G,1,4,566,426,0,6,-62.5916,-61.2532,28:44.8,FastGPS,-62.5916,-61.2532,,,6.7,-0.2,,,,15,5,4708,,,,30,10262,,,,7,845,,,,13,6962,,,,9,20980,,,,28,21161,,,,,,,,,,,,,,,,,,,,,,,,,,,,,,,,,,,,,,,,,,,,,,,,
173719,25-May-18,0:20:58,2018-05-25 00:20:58,G,1,4,571,427,0,7,-62.495,-61.483,21:01.3,FastGPS,-62.495,-61.483,,,15.8,-0.7,,,,15,17,28392,,,,13,10745,,,,30,14824,,,,28,14407,,,,24,12414,,,,15,21424,,,,20,32232,,,,,,,,,,,,,,,,,,,,,,,,,,,,,,,,,,,,,,,,,,,
173719,25-May-18,0:54:05,2018-05-25 00:54:05,G,1,4,572,427,0,7,-62.509,-61.5327,54:08.9,FastGPS,-62.509,-61.5327,,,15.5,-0.1,,,,15,13,23480,,,,15,28754,,,,17,3606,,,,20,13922,,,,28,13230,,,,10,22571,,,,30,22167,,,,,,,,,,,,,,,,,,,,,,,,,,,,,,,,,,,,,,,,,,,
173719,25-May-18,1:58:08,2018-05-25 01:58:08,G,2,4,574,,0,9,-62.546,-61.5652,58:10.8,FastGPS,-62.546,-61.5652,,,9,-1.1,,,,15,12,7106,,,,15,986,,,,24,21003,,,,18,19274,,,,10,1890,,,,32,26860,,,,28,18535,,,,11,24597,,,,1,9834,,,,,,,,,,,,,,,,,,,,,,,,,,,,,,,,,
173719,25-May-18,3:43:02,2018-05-25 03:43:02,G,1,4,577,428,0,4,-62.5916,-61.2532,28:44.8,FastGPS,-62.5836,-61.7183,,,0.9,-1.1,,,,15,12,16402,,,,24,2750,,,,32,10375,,,,6,2130,,,,,,,,,,,,,,,,,,,,,,,,,,,,,,,,,,,,,,,,,,,,,,,,,,,,,,,,,,
173719,25-May-18,4:58:30,2018-05-25 04:58:30,G,3,4,579,429,0,7,-62.6232,-61.7878,58:32.9,FastGPS,-62.6232,-61.7878,,,10,-1.1,,,,15,29,174,,,,25,25209,,,,12,14650,,,,31,6022,,,,32,611,,,,14,8034,,,,6,28888,,,,,,,,,,,,,,,,,,,,,,,,,,,,,,,,,,,,,,,,,,,
173719,25-May-18,5:29:09,2018-05-25 05:29:09,G,1,4,580,,0,9,-62.6466,-61.7832,29:11.9,FastGPS,-62.6466,-61.7832,,,10.8,-1.1,,,,15,29,25861,,,,25,5173,,,,31,11298,,,,32,13064,,,,12,18351,,,,14,6004,,,,2,23671,,,,6,4062,,,,24,14452,,,,,,,,,,,,,,,,,,,,,,,,,,,,,,,,,
173719,25-May-18,6:59:02,2018-05-25 06:59:02,G,2,4,581,,0,9,-62.6627,-61.8029,59:04.8,FastGPS,-62.6627,-61.8029,,1,5.3,-1.2,,,,15,25,30206,,,,29,22458,,,,5,992,,,,31,22142,,,,12,12164,,,,4,10152,,,,26,8003,,,,23,15462,,,,2,31772,,,,,,,,,,,,,,,,,,,,,,,,,,,,,,,,,
173719,25-May-18,7:44:03,2018-05-25 07:44:03,G,4,4,582,434,0,6,-62.676,-61.8237,44:05.6,FastGPS,-62.676,-61.8237,,1,4,-1.4,,,,15,29,10608,,,,26,14812,,,,4,12145,,,,16,27131,,,,31,27514,,,,5,16274,,,,,,,,,,,,,,,,,,,,,,,,,,,,,,,,,,,,,,,,,,,,,,,,
173719,25-May-18,8:14:11,2018-05-25 08:14:11,G,2,4,583,434,0,8,-62.6656,-61.7744,14:13.9,FastGPS,-62.6656,-61.7744,,1,5.5,-1.1,,,,15,5,12957,,,,16,5302,,,,26,26960,,,,29,17263,,,,4,27933,,,,25,14406,,,,9,28774,,,,21,3976,,,,,,,,,,,,,,,,,,,,,,,,,,,,,,,,,,,,,,
173719,25-May-18,9:15:09,2018-05-25 09:15:09,G,2,4,584,,0,9,-62.6682,-61.7546,15:12.3,FastGPS,-62.6682,-61.7546,,1,7.7,-0.7,,,,15,16,31254,,,,27,5783,,,,29,19997,,,,5,23941,,,,7,26055,,,,26,3152,,,,4,12730,,,,15,3863,,,,21,30861,,,,,,,,,,,,,,,,,,,,,,,,,,,,,,,,,
173719,25-May-18,13:32:32,2018-05-25 13:32:32,G,1,4,586,,0,9,-62.7217,-61.5685,32:35.9,FastGPS,-62.7217,-61.5685,,,10.8,-0.1,,,,15,1,7102,,,,28,31657,,,,11,24828,,,,18,18400,,,,22,14302,,,,32,68,,,,10,25262,,,,8,10182,,,,24,15849,,,,,,,,,,,,,,,,,,,,,,,,,,,,,,,,,
173719,25-May-18,15:02:06,2018-05-25 15:02:06,G,1,4,589,,0,9,-62.7482,-61.4799,02:09.3,FastGPS,-62.7482,-61.4799,,,8.6,-0.7,,,,15,32,21788,,,,22,27054,,,,10,17718,,,,11,10254,,,,14,2676,,,,31,7903,,,,18,27216,,,,1,8657,,,,17,919,,,,,,,,,,,,,,,,,,,,,,,,,,,,,,,,,
173719,25-May-18,15:32:00,2018-05-25 15:32:00,G,1,4,590,,0,9,-62.7505,-61.4691,32:03.8,FastGPS,-62.7505,-61.4691,,,3.4,-0.2,,,,15,11,13962,,,,18,26879,,,,23,9245,,,,31,27948,,,,1,4080,,,,3,26872,,,,19,1464,,,,22,6363,,,,17,21523,,,,,,,,,,,,,,,,,,,,,,,,,,,,,,,,,
173719,25-May-18,16:02:00,2018-05-25 16:02:00,G,1,4,591,441,1,4,-62.5836,-61.7183,43:04.9,FastGPS,-62.7504,-61.4691,,,0.3,-1.1,,,,15,17,27691,,,,19,6770,,,,32,22246,,,,3,2691,,,,,,,,,,,,,,,,,,,,,,,,,,,,,,,,,,,,,,,,,,,,,,,,,,,,,,,,,,
173719,25-May-18,16:32:00,2018-05-25 16:32:00,G,1,4,592,441,1,6,-62.7507,-61.4695,32:02.8,FastGPS,-62.7507,-61.4695,,,9.7,-1.1,,,,15,19,17586,,,,32,5050,,,,6,4243,,,,17,29624,,,,3,25050,,,,31,1982,,,,,,,,,,,,,,,,,,,,,,,,,,,,,,,,,,,,,,,,,,,,,,,,
173719,27-May-18,13:13:20,2018-05-27 13:13:20,G,1,4,595,442,0,7,-62.7449,-61.5451,13:22.9,FastGPS,-62.7449,-61.5451,,,10,-1.1,,,,15,10,20488,,,,32,2223,,,,11,30673,,,,18,25291,,,,20,19150,,,,28,2340,,,,24,3396,,,,,,,,,,,,,,,,,,,,,,,,,,,,,,,,,,,,,,,,,,,
173719,27-May-18,15:02:21,2018-05-27 15:02:21,G,1,4,597,445,0,6,-62.7501,-61.515,02:23.9,FastGPS,-62.7501,-61.515,,,4.3,-1,,,,15,32,11974,,,,14,16335,,,,3,2365,,,,18,22766,,,,1,22380,,,,22,20922,,,,,,,,,,,,,,,,,,,,,,,,,,,,,,,,,,,,,,,,,,,,,,,,
173719,27-May-18,16:36:20,2018-05-27 16:36:20,G,1,4,599,,0,9,-62.7419,-61.5063,36:23.4,FastGPS,-62.7419,-61.5063,,,7.7,-0.6,,,,15,31,25844,,,,14,30928,,,,18,15704,,,,1,22916,,,,3,10671,,,,22,20322,,,,11,20509,,,,17,9213,,,,25,20834,,,,,,,,,,,,,,,,,,,,,,,,,,,,,,,,,
173719,27-May-18,17:07:51,2018-05-27 17:07:51,G,2,4,600,,0,9,-62.7426,-61.5039,07:53.9,FastGPS,-62.7426,-61.5039,,1,10.2,-1.1,,,,15,31,10594,,,,22,22137,,,,14,17610,,,,4,28798,,,,1,12398,,,,9,4134,,,,17,20863,,,,26,22419,,,,3,20502,,,,,,,,,,,,,,,,,,,,,,,,,,,,,,,,,
173719,27-May-18,17:58:15,2018-05-27 17:58:15,G,3,4,601,448,0,8,-62.7381,-61.5209,58:17.9,FastGPS,-62.7381,-61.5209,,,5,-1.1,,,,15,23,15365,,,,6,24566,,,,9,4284,,,,31,23884,,,,3,4783,,,,19,28632,,,,2,32171,,,,25,6249,,,,,,,,,,,,,,,,,,,,,,,,,,,,,,,,,,,,,,
173719,27-May-18,18:30:04,2018-05-27 18:30:04,G,3,4,602,,0,9,-62.7339,-61.5327,30:06.9,FastGPS,-62.7339,-61.5327,,1,7.2,-1.1,,,,15,4,23289,,,,31,32306,,,,6,10044,,,,9,29685,,,,2,20353,,,,26,5993,,,,16,20728,,,,23,30166,,,,29,7276,,,,,,,,,,,,,,,,,,,,,,,,,,,,,,,,,
173719,27-May-18,21:41:53,2018-05-27 21:41:53,G,2,4,603,450,0,8,-62.6947,-61.5728,41:56.4,FastGPS,-62.6947,-61.5728,,,6.6,-0.6,,,,15,5,23542,,,,13,32171,,,,7,20488,,,,27,4314,,,,8,20686,,,,16,29136,,,,30,5978,,,,21,20032,,,,,,,,,,,,,,,,,,,,,,,,,,,,,,,,,,,,,,
173719,27-May-18,22:30:20,2018-05-27 22:30:20,G,5,4,604,450,0,6,-62.6906,-61.5717,30:22.9,FastGPS,-62.6906,-61.5717,,,5.1,-1.1,,,,15,15,20542,,,,5,4392,,,,13,3618,,,,7,24583,,,,8,13886,,,,27,1088,,,,,,,,,,,,,,,,,,,,,,,,,,,,,,,,,,,,,,,,,,,,,,,,
173719,27-May-18,23:02:14,2018-05-27 23:02:14,G,2,4,605,450,0,7,-62.693,-61.5685,02:16.9,FastGPS,-62.693,-61.5685,,,10,-1.1,,,,15,5,17456,,,,15,8566,,,,13,1732,,,,28,30373,,,,30,28162,,,,20,11580,,,,27,25615,,,,,,,,,,,,,,,,,,,,,,,,,,,,,,,,,,,,,,,,,,,
173719,27-May-18,23:32:03,2018-05-27 23:32:03,G,1,4,606,450,0,7,-62.6863,-61.5749,32:05.9,FastGPS,-62.6863,-61.5749,,,8.4,-1.1,,,,15,15,7055,,,,13,29684,,,,7,20010,,,,11,6128,,,,20,7683,,,,30,14308,,,,28,31191,,,,,,,,,,,,,,,,,,,,,,,,,,,,,,,,,,,,,,,,,,,
173719,28-May-18,4:20:32,2018-05-28 04:20:32,G,1,4,608,451,0,8,-62.7218,-61.5998,20:35.0,FastGPS,-62.7218,-61.5998,,,10.8,-1,,,,15,2,21662,,,,6,16676,,,,24,31181,,,,19,9384,,,,32,18879,,,,12,14369,,,,31,7732,,,,14,3386,,,,,,,,,,,,,,,,,,,,,,,,,,,,,,,,,,,,,,
173719,28-May-18,6:18:12,2018-05-28 06:18:12,G,2,4,611,,0,9,-62.7346,-61.6387,18:14.9,FastGPS,-62.7346,-61.6387,,1,4.3,-1.1,,,,15,12,29384,,,,29,3089,,,,31,108,,,,25,14276,,,,4,30158,,,,26,10436,,,,5,27804,,,,2,10440,,,,23,11756,,,,,,,,,,,,,,,,,,,,,,,,,,,,,,,,,
173719,28-May-18,6:48:03,2018-05-28 06:48:03,G,1,4,612,,0,9,-62.723,-61.646,48:05.9,FastGPS,-62.723,-61.646,,1,9.5,-1.1,,,,15,29,1854,,,,31,30853,,,,5,16748,,,,25,4957,,,,12,16500,,,,26,24372,,,,4,25183,,,,2,7446,,,,21,22079,,,,,,,,,,,,,,,,,,,,,,,,,,,,,,,,,
173719,28-May-18,8:03:03,2018-05-28 08:03:03,G,1,4,614,453,0,7,-62.7185,-61.6555,03:05.9,FastGPS,-62.7185,-61.6555,,1,3.9,-1.1,,,,15,5,21048,,,,31,28247,,,,29,22981,,,,16,17610,,,,26,3297,,,,4,2923,,,,21,15873,,,,,,,,,,,,,,,,,,,,,,,,,,,,,,,,,,,,,,,,,,,
173719,28-May-18,8:33:07,2018-05-28 08:33:07,G,2,4,615,453,0,5,-62.7111,-61.3478,25:02.9,FastGPS,-62.7171,-61.6528,,1,0.3,-0.2,,,,15,5,20620,,,,21,4120,,,,4,23223,,,,20,29636,,,,16,20079,,,,,,,,,,,,,,,,,,,,,,,,,,,,,,,,,,,,,,,,,,,,,,,,,,,,,
173719,28-May-18,10:05:15,2018-05-28 10:05:15,G,1,4,618,453,0,7,-62.7363,-61.5996,05:18.4,FastGPS,-62.7363,-61.5996,,,9.1,-0.6,,,,15,7,17696,,,,15,8837,,,,29,2002,,,,13,32162,,,,21,5947,,,,27,3656,,,,16,13608,,,,,,,,,,,,,,,,,,,,,,,,,,,,,,,,,,,,,,,,,,,
173719,28-May-18,10:35:54,2018-05-28 10:35:54,G,1,4,619,453,0,6,-62.739,-61.581,35:57.9,FastGPS,-62.739,-61.581,,,13.6,-0.1,,,,15,15,17738,,,,21,19470,,,,7,23152,,,,27,28312,,,,8,16950,,,,20,32696,,,,,,,,,,,,,,,,,,,,,,,,,,,,,,,,,,,,,,,,,,,,,,,,
173719,28-May-18,11:38:27,2018-05-28 11:38:27,G,1,4,621,453,0,7,-62.75,-61.5272,38:30.4,FastGPS,-62.75,-61.5272,,,4,-0.6,,,,15,20,24089,,,,8,27345,,,,10,17980,,,,15,7402,,,,21,30263,,,,27,20540,,,,18,21478,,,,,,,,,,,,,,,,,,,,,,,,,,,,,,,,,,,,,,,,,,,
173719,28-May-18,12:08:00,2018-05-28 12:08:00,G,1,4,622,453,0,7,-62.7495,-61.494,08:02.9,FastGPS,-62.7495,-61.494,,,9.5,-1.1,,,,15,10,16344,,,,32,8762,,,,8,19226,,,,18,13510,,,,21,23452,,,,27,11682,,,,15,19548,,,,,,,,,,,,,,,,,,,,,,,,,,,,,,,,,,,,,,,,,,,
173719,28-May-18,15:55:39,2018-05-28 15:55:39,G,1,4,628,,0,9,-62.7118,-61.3605,55:41.9,FastGPS,-62.7118,-61.3605,,,5.9,-1.1,,,,15,31,23106,,,,1,26655,,,,23,7440,,,,32,12022,,,,14,9888,,,,18,23661,,,,11,17344,,,,17,3341,,,,22,27039,,,,,,,,,,,,,,,,,,,,,,,,,,,,,,,,,
173719,28-May-18,16:25:00,2018-05-28 16:25:00,G,2,4,629,,0,9,-62.7111,-61.3478,25:02.9,FastGPS,-62.7111,-61.3478,,,3.8,-1.1,,,,15,31,15956,,,,23,15578,,,,14,21529,,,,1,12350,,,,18,10592,,,,11,12514,,,,22,31015,,,,32,21683,,,,25,6594,,,,,,,,,,,,,,,,,,,,,,,,,,,,,,,,,
173719,28-May-18,17:55:00,2018-05-28 17:55:00,G,1,4,631,458,0,4,-62.7171,-61.6528,33:10.8,FastGPS,,,,,,,,,,15,31,26026,,,,4,19148,,,,26,9857,,,,22,11814,,,,,,,,,,,,,,,,,,,,,,,,,,,,,,,,,,,,,,,,,,,,,,,,,,,,,,,,,,
173719,28-May-18,19:25:00,2018-05-28 19:25:00,G,3,4,634,,0,9,-62.7103,-61.3533,25:03.4,FastGPS,-62.7103,-61.3533,,1,4.1,-0.6,,,,15,23,11586,,,,5,22096,,,,9,31899,,,,16,6776,,,,7,9176,,,,6,10550,,,,4,5126,,,,2,30537,,,,26,3284,,,,,,,,,,,,,,,,,,,,,,,,,,,,,,,,,
173719,28-May-18,19:55:25,2018-05-28 19:55:25,G,2,4,635,,0,9,-62.7089,-61.3569,55:28.9,FastGPS,-62.7089,-61.3569,,,8.5,-0.1,,,,15,23,27269,,,,7,24852,,,,9,17278,,,,30,28538,,,,6,16139,,,,2,31534,,,,16,29070,,,,5,16254,,,,26,5286,,,,,,,,,,,,,,,,,,,,,,,,,,,,,,,,,
173719,28-May-18,21:25:01,2018-05-28 21:25:01,G,1,4,638,458,0,5,-62.7038,-61.3535,25:03.9,FastGPS,-62.7038,-61.3535,,,12.7,-1.1,,,,15,7,21847,,,,5,8978,,,,9,1402,,,,30,1684,,,,28,21236,,,,,,,,,,,,,,,,,,,,,,,,,,,,,,,,,,,,,,,,,,,,,,,,,,,,,
173719,28-May-18,22:26:06,2018-05-28 22:26:06,G,1,4,640,458,0,6,-62.7031,-61.3508,26:08.9,FastGPS,-62.7031,-61.3508,,,6,-1.1,,,,15,7,1688,,,,30,26508,,,,5,12456,,,,28,25866,,,,13,10958,,,,8,23280,,,,,,,,,,,,,,,,,,,,,,,,,,,,,,,,,,,,,,,,,,,,,,,,
173719,29-May-18,0:57:36,2018-05-29 00:57:36,G,1,4,645,,0,9,-62.6901,-61.3458,57:39.9,FastGPS,-62.6901,-61.3458,,,9.1,-0.1,,,,15,11,3496,,,,18,21735,,,,28,6141,,,,19,13659,,,,30,13712,,,,1,21574,,,,15,31170,,,,17,200,,,,13,6566,,,,,,,,,,,,,,,,,,,,,,,,,,,,,,,,,
173719,29-May-18,1:30:40,2018-05-29 01:30:40,G,1,4,646,,0,9,-62.6787,-61.341,30:43.4,FastGPS,-62.6787,-61.341,,,11.2,-0.6,,,,15,17,31593,,,,15,3607,,,,28,10324,,,,18,8979,,,,13,4858,,,,19,8670,,,,11,23579,,,,1,10445,,,,24,31440,,,,,,,,,,,,,,,,,,,,,,,,,,,,,,,,,
173719,29-May-18,2:00:00,2018-05-29 02:00:00,G,1,4,647,458,0,6,-62.6766,-61.3401,00:03.9,FastGPS,-62.6766,-61.3401,,,6.8,-0.1,,,,15,28,26460,,,,10,26478,,,,24,18906,,,,17,26796,,,,32,32508,,,,12,11909,,,,,,,,,,,,,,,,,,,,,,,,,,,,,,,,,,,,,,,,,,,,,,,,
173719,29-May-18,3:46:56,2018-05-29 03:46:56,G,1,4,650,459,0,8,-62.6813,-61.3223,46:59.4,FastGPS,-62.6813,-61.3223,,,3.7,-0.6,,,,15,17,12018,,,,22,15194,,,,6,13434,,,,3,2034,,,,32,29341,,,,14,6226,,,,19,31858,,,,2,22493,,,,,,,,,,,,,,,,,,,,,,,,,,,,,,,,,,,,,,
173719,29-May-18,4:32:04,2018-05-29 04:32:04,G,1,4,651,460,0,7,-62.6775,-61.2976,32:07.9,FastGPS,-62.6775,-61.2976,,,9,-0.1,,,,15,29,5691,,,,12,14146,,,,2,22504,,,,6,26359,,,,24,5873,,,,32,17892,,,,19,27620,,,,,,,,,,,,,,,,,,,,,,,,,,,,,,,,,,,,,,,,,,,
173719,29-May-18,5:17:01,2018-05-29 05:17:01,G,1,4,652,461,0,6,-62.6825,-61.2834,17:03.9,FastGPS,-62.6825,-61.2834,,,9.5,-1.1,,,,15,29,26298,,,,6,14247,,,,2,16313,,,,12,27390,,,,32,12336,,,,25,27984,,,,,,,,,,,,,,,,,,,,,,,,,,,,,,,,,,,,,,,,,,,,,,,,
173719,29-May-18,9:44:23,2018-05-29 09:44:23,G,1,4,658,,0,9,-62.6399,-61.2157,44:26.4,FastGPS,-62.6399,-61.2157,,1,7,-0.6,,,,15,7,5448,,,,4,32186,,,,26,19263,,,,20,4010,,,,16,22498,,,,27,32372,,,,10,1194,,,,8,1886,,,,15,16308,,,,,,,,,,,,,,,,,,,,,,,,,,,,,,,,,
173719,29-May-18,13:35:17,2018-05-29 13:35:17,G,1,4,664,469,0,8,-62.6153,-61.1433,35:20.4,FastGPS,-62.6153,-61.1433,,,9.3,-0.6,,,,15,32,12760,,,,10,6108,,,,22,6975,,,,14,18258,,,,27,14961,,,,8,24567,,,,11,102,,,,28,10780,,,,,,,,,,,,,,,,,,,,,,,,,,,,,,,,,,,,,,
173719,29-May-18,14:50:06,2018-05-29 14:50:06,G,1,4,666,470,0,7,-62.6122,-61.1444,50:08.9,FastGPS,-62.6122,-61.1444,,,1.6,-1.1,,,,15,17,21875,,,,31,7226,,,,32,23854,,,,3,19919,,,,14,17311,,,,18,31924,,,,11,14679,,,,,,,,,,,,,,,,,,,,,,,,,,,,,,,,,,,,,,,,,,,
173719,29-May-18,15:20:01,2018-05-29 15:20:01,G,1,4,667,,0,9,-62.6123,-61.1442,20:04.4,FastGPS,-62.6123,-61.1442,,,13.1,-0.6,,,,15,31,20036,,,,14,31415,,,,18,22818,,,,17,30926,,,,32,27739,,,,11,9672,,,,23,4216,,,,1,7318,,,,3,11973,,,,,,,,,,,,,,,,,,,,,,,,,,,,,,,,,
173719,29-May-18,16:36:00,2018-05-29 16:36:00,G,1,4,669,,0,9,-62.6124,-61.1444,36:03.4,FastGPS,-62.6124,-61.1444,,,4.8,-0.6,,,,15,31,2141,,,,17,20377,,,,23,16897,,,,22,8359,,,,19,26226,,,,3,15966,,,,6,3957,,,,14,4057,,,,12,14341,,,,,,,,,,,,,,,,,,,,,,,,,,,,,,,,,
173719,29-May-18,17:06:13,2018-05-29 17:06:13,G,1,4,670,471,0,7,-62.6125,-61.1445,06:16.4,FastGPS,-62.6125,-61.1445,,,4.3,-0.6,,,,15,31,25519,,,,23,17532,,,,22,24125,,,,3,2494,,,,19,21978,,,,6,12767,,,,17,13776,,,,,,,,,,,,,,,,,,,,,,,,,,,,,,,,,,,,,,,,,,,
173719,29-May-18,18:07:00,2018-05-29 18:07:00,G,1,4,672,471,0,7,-62.6124,-61.1449,07:02.9,FastGPS,-62.6124,-61.1449,,,15.6,-1.1,,,,15,3,1673,,,,23,32513,,,,9,10858,,,,6,9432,,,,2,3180,,,,16,20361,,,,22,17861,,,,,,,,,,,,,,,,,,,,,,,,,,,,,,,,,,,,,,,,,,,
173719,29-May-18,18:52:00,2018-05-29 18:52:00,G,1,4,673,,0,9,-62.6126,-61.1502,52:02.9,FastGPS,-62.6126,-61.1502,,,10,-1.1,,,,15,23,15720,,,,7,24046,,,,9,27203,,,,29,4812,,,,6,21749,,,,3,29223,,,,16,28385,,,,2,27530,,,,26,6278,,,,,,,,,,,,,,,,,,,,,,,,,,,,,,,,,
173719,29-May-18,20:02:05,2018-05-29 20:02:05,G,1,4,674,474,0,6,-62.5986,-61.1829,02:08.4,FastGPS,-62.5986,-61.1829,,,4,-0.6,,,,15,23,54,,,,7,8637,,,,9,20367,,,,2,14404,,,,16,9817,,,,30,28202,,,,,,,,,,,,,,,,,,,,,,,,,,,,,,,,,,,,,,,,,,,,,,,,
173719,29-May-18,21:23:21,2018-05-29 21:23:21,G,1,4,676,475,0,7,-62.5776,-61.2751,23:24.4,FastGPS,-62.5776,-61.2751,,,7.7,-0.6,,,,15,5,30068,,,,7,7912,,,,9,13632,,,,27,27670,,,,30,27685,,,,8,22959,,,,13,25650,,,,,,,,,,,,,,,,,,,,,,,,,,,,,,,,,,,,,,,,,,,
173719,29-May-18,22:40:50,2018-05-29 22:40:50,G,1,4,678,476,0,7,-62.5389,-61.3563,40:52.9,FastGPS,-62.5389,-61.3563,,,9.4,-1.1,,,,15,7,27130,,,,5,15716,,,,8,6249,,,,30,1554,,,,28,1294,,,,13,22213,,,,27,5506,,,,,,,,,,,,,,,,,,,,,,,,,,,,,,,,,,,,,,,,,,,
173719,29-May-18,23:11:21,2018-05-29 23:11:21,G,1,4,679,476,0,5,-62.5251,-61.3797,11:23.9,FastGPS,-62.5251,-61.3797,,,5.3,-1.1,,,,15,7,7673,,,,30,13664,,,,28,4179,,,,5,4954,,,,13,16452,,,,,,,,,,,,,,,,,,,,,,,,,,,,,,,,,,,,,,,,,,,,,,,,,,,,,
173719,29-May-18,23:41:04,2018-05-29 23:41:04,G,3,4,680,476,0,4,-62.5091,-61.3568,42:03.9,FastGPS,-62.5159,-61.3945,,,0.7,-1.2,,,,15,30,5504,,,,28,30315,,,,15,30860,,,,7,19326,,,,,,,,,,,,,,,,,,,,,,,,,,,,,,,,,,,,,,,,,,,,,,,,,,,,,,,,,,
173719,30-May-18,0:11:00,2018-05-30 00:11:00,G,1,4,681,476,0,6,-62.5085,-61.3755,11:02.9,FastGPS,-62.5085,-61.3755,,,7.2,-1.1,,,,15,28,31241,,,,15,26618,,,,17,9441,,,,30,175,,,,13,19897,,,,11,21900,,,,,,,,,,,,,,,,,,,,,,,,,,,,,,,,,,,,,,,,,,,,,,,,
173719,30-May-18,0:42:01,2018-05-30 00:42:01,G,3,4,682,,0,9,-62.5091,-61.3568,42:03.9,FastGPS,-62.5091,-61.3568,,,6.5,-1.1,,,,15,15,2679,,,,24,11072,,,,11,2280,,,,10,11392,,,,18,8086,,,,1,18860,,,,30,29386,,,,28,2358,,,,8,29308,,,,,,,,,,,,,,,,,,,,,,,,,,,,,,,,,
173719,30-May-18,1:28:07,2018-05-30 01:28:07,G,2,4,683,,0,9,-62.5093,-61.348,28:09.9,FastGPS,-62.5093,-61.348,,,11,-1.1,,,,15,15,13748,,,,24,15593,,,,28,15967,,,,19,27934,,,,17,15788,,,,13,12753,,,,12,18426,,,,11,31556,,,,1,23272,,,,,,,,,,,,,,,,,,,,,,,,,,,,,,,,,
173719,30-May-18,2:31:23,2018-05-30 02:31:23,G,3,4,685,477,0,8,-62.54,-61.2975,31:25.9,FastGPS,-62.54,-61.2975,,,6.8,-1.1,,,,15,12,464,,,,24,6988,,,,32,8905,,,,1,10113,,,,17,29626,,,,6,26006,,,,19,25085,,,,15,11348,,,,,,,,,,,,,,,,,,,,,,,,,,,,,,,,,,,,,,
173719,30-May-18,3:01:08,2018-05-30 03:01:08,G,1,4,686,,0,9,-62.5641,-61.2512,01:11.4,FastGPS,-62.5641,-61.2512,,,3.5,-0.6,,,,15,12,10792,,,,17,18229,,,,32,29328,,,,24,13486,,,,22,21694,,,,25,11299,,,,6,5855,,,,19,15230,,,,1,17685,,,,,,,,,,,,,,,,,,,,,,,,,,,,,,,,,
173719,30-May-18,8:46:00,2018-05-30 08:46:00,G,2,4,694,484,1,6,-62.5865,-61.1785,46:03.9,FastGPS,-62.5865,-61.1785,,1,8.5,-0.1,,,,15,27,31447,,,,16,16878,,,,20,372,,,,26,17574,,,,4,2419,,,,21,13861,,,,,,,,,,,,,,,,,,,,,,,,,,,,,,,,,,,,,,,,,,,,,,,,
173719,31-May-18,0:48:57,2018-05-31 00:48:57,G,1,4,699,487,0,6,-62.5326,-61.3898,49:00.4,FastGPS,-62.5326,-61.3898,,,11,-0.6,,,,15,17,28857,,,,15,28367,,,,13,5612,,,,24,20328,,,,19,9042,,,,28,3224,,,,,,,,,,,,,,,,,,,,,,,,,,,,,,,,,,,,,,,,,,,,,,,,
173719,31-May-18,2:47:01,2018-05-31 02:47:01,G,1,4,701,488,0,7,-62.561,-61.3596,47:04.4,FastGPS,-62.561,-61.3596,,,3.1,-0.6,,,,15,12,20688,,,,6,2539,,,,22,9622,,,,17,14923,,,,1,18425,,,,3,468,,,,24,26343,,,,,,,,,,,,,,,,,,,,,,,,,,,,,,,,,,,,,,,,,,,
173719,31-May-18,3:51:06,2018-05-31 03:51:06,G,1,4,703,,0,9,-62.5864,-61.3194,51:08.9,FastGPS,-62.5864,-61.3194,,,8.4,-1,,,,15,17,15361,,,,19,27032,,,,25,8728,,,,12,7581,,,,32,11011,,,,3,6379,,,,22,27633,,,,24,27077,,,,14,18901,,,,,,,,,,,,,,,,,,,,,,,,,,,,,,,,,
173719,31-May-18,4:39:16,2018-05-31 04:39:16,G,1,4,704,,0,9,-62.5958,-61.2855,39:19.4,FastGPS,-62.5958,-61.2855,,,7.4,-0.6,,,,15,31,23785,,,,19,9610,,,,25,1638,,,,12,6390,,,,14,29667,,,,2,13223,,,,3,27315,,,,32,11921,,,,6,23592,,,,,,,,,,,,,,,,,,,,,,,,,,,,,,,,,
173719,31-May-18,5:45:30,2018-05-31 05:45:30,G,1,4,706,489,0,8,-62.6086,-61.2291,45:33.4,FastGPS,-62.6086,-61.2291,,1,4.6,-0.6,,,,15,6,31480,,,,29,26413,,,,31,26430,,,,5,24460,,,,2,22476,,,,25,11071,,,,4,19033,,,,12,20078,,,,,,,,,,,,,,,,,,,,,,,,,,,,,,,,,,,,,,
173719,31-May-18,6:15:02,2018-05-31 06:15:02,G,1,4,707,489,0,5,-62.6089,-61.2101,15:04.9,FastGPS,-62.6089,-61.2101,,,2.7,-1.1,,,,15,2,21613,,,,5,29841,,,,25,31918,,,,29,18950,,,,12,24336,,,,,,,,,,,,,,,,,,,,,,,,,,,,,,,,,,,,,,,,,,,,,,,,,,,,,
173719,31-May-18,7:00:00,2018-05-31 07:00:00,G,1,4,708,,0,9,-62.6123,-61.1888,00:03.0,FastGPS,-62.6123,-61.1888,,1,7.4,-1,,,,15,4,11801,,,,5,31381,,,,31,29029,,,,2,28963,,,,26,29894,,,,29,29962,,,,9,4726,,,,25,15023,,,,23,5514,,,,,,,,,,,,,,,,,,,,,,,,,,,,,,,,,
173719,31-May-18,7:30:00,2018-05-31 07:30:00,G,1,4,709,490,0,4,-62.625,-61.145,05:08.9,FastGPS,,,,,,,,,,15,4,2294,,,,26,14746,,,,29,9842,,,,2,19512,,,,,,,,,,,,,,,,,,,,,,,,,,,,,,,,,,,,,,,,,,,,,,,,,,,,,,,,,,
173719,31-May-18,9:35:30,2018-05-31 09:35:30,G,1,4,712,492,0,8,-62.6257,-61.1429,35:32.9,FastGPS,-62.6257,-61.1429,,1,8.5,-1.1,,,,15,15,1276,,,,29,27996,,,,10,17691,,,,20,18009,,,,4,22195,,,,13,14702,,,,21,30286,,,,16,9848,,,,,,,,,,,,,,,,,,,,,,,,,,,,,,,,,,,,,,
173719,31-May-18,10:05:06,2018-05-31 10:05:06,G,2,4,713,,0,9,-62.6249,-61.145,05:08.9,FastGPS,-62.6249,-61.145,,1,6.4,-1.1,,,,15,15,31169,,,,26,5212,,,,10,11696,,,,21,11516,,,,16,12466,,,,20,29117,,,,4,7202,,,,13,1520,,,,27,28056,,,,,,,,,,,,,,,,,,,,,,,,,,,,,,,,,
173719,31-May-18,10:35:03,2018-05-31 10:35:03,G,2,4,714,492,0,7,-62.6233,-61.1441,35:06.4,FastGPS,-62.6233,-61.1441,,,18.2,-0.6,,,,15,21,20853,,,,15,948,,,,20,6023,,,,26,21423,,,,16,11808,,,,27,15285,,,,7,28560,,,,,,,,,,,,,,,,,,,,,,,,,,,,,,,,,,,,,,,,,,,
173719,31-May-18,11:51:11,2018-05-31 11:51:11,G,2,4,716,493,0,8,-62.6296,-61.1452,51:14.4,FastGPS,-62.6296,-61.1452,,,7.8,-0.6,,,,15,18,10761,,,,10,32142,,,,27,5444,,,,32,5606,,,,20,24798,,,,11,10265,,,,8,29346,,,,21,32214,,,,,,,,,,,,,,,,,,,,,,,,,,,,,,,,,,,,,,
173719,31-May-18,13:24:41,2018-05-31 13:24:41,G,1,4,719,,0,9,-62.629,-61.1471,24:44.4,FastGPS,-62.629,-61.1471,,,13.3,-0.6,,,,15,10,17448,,,,14,12000,,,,32,12426,,,,28,18616,,,,1,10716,,,,22,31225,,,,3,29843,,,,18,24650,,,,8,2590,,,,,,,,,,,,,,,,,,,,,,,,,,,,,,,,,
173719,31-May-18,13:56:02,2018-05-31 13:56:02,G,2,4,720,,0,9,-62.6237,-61.1486,56:04.9,FastGPS,-62.6237,-61.1486,,,17.5,-1,,,,15,32,17932,,,,14,7420,,,,22,11065,,,,28,19453,,,,11,12416,,,,18,1511,,,,3,28195,,,,1,20548,,,,8,29368,,,,,,,,,,,,,,,,,,,,,,,,,,,,,,,,,
173719,31-May-18,16:00:44,2018-05-31 16:00:44,G,1,4,723,,0,9,-62.6238,-61.1504,00:47.4,FastGPS,-62.6238,-61.1504,,,8.7,-0.6,,,,15,31,27786,,,,14,24403,,,,22,12450,,,,11,20893,,,,3,19791,,,,18,23410,,,,1,13939,,,,23,22638,,,,17,10385,,,,,,,,,,,,,,,,,,,,,,,,,,,,,,,,,
173719,31-May-18,17:47:02,2018-05-31 17:47:02,G,2,4,726,,0,9,-62.6293,-61.1447,47:05.4,FastGPS,-62.6293,-61.1447,,1,8.6,-0.6,,,,15,22,27821,,,,3,28546,,,,31,11936,,,,23,21406,,,,26,23398,,,,16,24297,,,,9,26430,,,,6,29706,,,,4,28962,,,,,,,,,,,,,,,,,,,,,,,,,,,,,,,,,
173719,31-May-18,22:21:01,2018-05-31 22:21:01,G,1,4,734,498,0,5,-62.582,-61.2882,21:04.4,FastGPS,-62.582,-61.2882,,,2.3,-0.6,,,,15,5,11128,,,,28,11320,,,,7,28620,,,,13,16934,,,,30,7073,,,,,,,,,,,,,,,,,,,,,,,,,,,,,,,,,,,,,,,,,,,,,,,,,,,,,
173719,31-May-18,22:51:04,2018-05-31 22:51:04,G,1,4,735,498,0,7,-62.561,-61.3267,51:07.0,FastGPS,-62.561,-61.3267,,,11.8,-1,,,,15,30,9272,,,,7,26518,,,,5,20758,,,,15,15690,,,,28,4786,,,,8,17170,,,,13,115,,,,,,,,,,,,,,,,,,,,,,,,,,,,,,,,,,,,,,,,,,,
173719,1-Jun-18,0:34:13,2018-06-01 00:34:13,G,1,4,737,,0,9,-62.5243,-61.4,34:17.4,FastGPS,-62.5243,-61.4,,,5.2,0.4,,,,15,15,14218,,,,24,24687,,,,20,22396,,,,11,13759,,,,13,18785,,,,28,12972,,,,1,31454,,,,10,23973,,,,30,6916,,,,,,,,,,,,,,,,,,,,,,,,,,,,,,,,,
173719,1-Jun-18,1:04:14,2018-06-01 01:04:14,G,3,4,738,,0,9,-62.5414,-61.3662,04:18.4,FastGPS,-62.5414,-61.3662,,,3.9,0.4,,,,15,15,26677,,,,24,13728,,,,19,14891,,,,13,24116,,,,12,25179,,,,28,26222,,,,10,20993,,,,1,14900,,,,20,30260,,,,,,,,,,,,,,,,,,,,,,,,,,,,,,,,,
173719,1-Jun-18,2:09:05,2018-06-01 02:09:05,G,2,4,740,499,0,7,-62.5885,-61.3552,09:08.4,FastGPS,-62.5885,-61.3552,,,4.8,-0.6,,,,15,12,23883,,,,18,16586,,,,17,18320,,,,15,11460,,,,24,6572,,,,22,7923,,,,10,27342,,,,,,,,,,,,,,,,,,,,,,,,,,,,,,,,,,,,,,,,,,,
173719,1-Jun-18,2:39:00,2018-06-01 02:39:00,G,2,4,741,499,0,7,-62.6116,-61.3701,39:02.9,FastGPS,-62.6116,-61.3701,,,3.8,-1.1,,,,15,12,7404,,,,24,26430,,,,32,5973,,,,17,21892,,,,22,708,,,,19,20364,,,,1,27775,,,,,,,,,,,,,,,,,,,,,,,,,,,,,,,,,,,,,,,,,,,
173719,1-Jun-18,3:40:21,2018-06-01 03:40:21,G,1,4,743,,0,9,-62.6571,-61.3691,40:24.9,FastGPS,-62.6571,-61.3691,,,7.1,0,,,,15,17,28079,,,,25,621,,,,12,18483,,,,32,1904,,,,24,31124,,,,3,17648,,,,19,27907,,,,2,26374,,,,14,26240,,,,,,,,,,,,,,,,,,,,,,,,,,,,,,,,,
173719,1-Jun-18,4:12:37,2018-06-01 04:12:37,G,1,4,744,,0,9,-62.6796,-61.3622,12:40.4,FastGPS,-62.6796,-61.3622,,,8.3,-0.6,,,,15,25,105,,,,17,30696,,,,32,2091,,,,12,15937,,,,31,16316,,,,29,1742,,,,6,24376,,,,14,6430,,,,24,1095,,,,,,,,,,,,,,,,,,,,,,,,,,,,,,,,,
173719,1-Jun-18,4:46:06,2018-06-01 04:46:06,G,1,4,745,499,0,7,-62.6988,-61.3565,46:10.4,FastGPS,-62.6988,-61.3565,,,9.5,0.4,,,,15,29,8950,,,,25,29367,,,,31,7226,,,,12,27694,,,,32,13173,,,,3,12926,,,,14,17620,,,,,,,,,,,,,,,,,,,,,,,,,,,,,,,,,,,,,,,,,,,
173719,1-Jun-18,9:09:24,2018-06-01 09:09:24,G,1,4,750,505,0,8,-62.7361,-61.4272,09:28.4,FastGPS,-62.7361,-61.4272,,1,8,0.4,,,,15,5,9852,,,,4,4840,,,,27,30640,,,,26,11816,,,,7,4258,,,,16,14729,,,,21,24764,,,,20,10432,,,,,,,,,,,,,,,,,,,,,,,,,,,,,,,,,,,,,,
173719,1-Jun-18,9:57:47,2018-06-01 09:57:47,G,1,4,751,,0,9,-62.7418,-61.4681,57:51.5,FastGPS,-62.7418,-61.4681,,,11.5,0.5,,,,15,7,16488,,,,16,1582,,,,15,4098,,,,27,2101,,,,26,211,,,,13,13636,,,,21,31033,,,,10,10398,,,,30,21027,,,,,,,,,,,,,,,,,,,,,,,,,,,,,,,,,
173719,1-Jun-18,17:16:00,2018-06-01 17:16:00,G,1,4,764,,0,9,-62.7751,-61.54,16:03.9,FastGPS,-62.7751,-61.54,,,6.8,0,,,,15,3,4157,,,,9,28320,,,,22,14122,,,,31,26050,,,,6,7419,,,,26,2063,,,,23,2513,,,,19,9382,,,,4,26631,,,,,,,,,,,,,,,,,,,,,,,,,,,,,,,,,
173719,1-Jun-18,18:36:59,2018-06-01 18:36:59,G,3,4,766,,0,9,-62.7718,-61.5382,37:02.4,FastGPS,-62.7718,-61.5382,,1,5.2,-0.6,,,,15,7,30085,,,,23,9603,,,,2,16280,,,,4,19851,,,,16,6743,,,,29,23412,,,,9,11804,,,,3,27857,,,,6,17594,,,,,,,,,,,,,,,,,,,,,,,,,,,,,,,,,
173719,1-Jun-18,19:41:35,2018-06-01 19:41:35,G,3,4,768,,0,9,-62.7676,-61.554,41:38.9,FastGPS,-62.7676,-61.554,,,8.9,0,,,,15,7,19873,,,,9,872,,,,23,4876,,,,29,22039,,,,30,26137,,,,5,13852,,,,2,12765,,,,6,24876,,,,16,15434,,,,,,,,,,,,,,,,,,,,,,,,,,,,,,,,,
173719,2-Jun-18,2:49:21,2018-06-02 02:49:21,G,1,4,769,509,0,7,-62.5325,-61.5236,49:24.4,FastGPS,-62.5325,-61.5236,,,4.4,-0.6,,,,15,17,19686,,,,19,19273,,,,24,18211,,,,12,18499,,,,6,11715,,,,22,26308,,,,1,20433,,,,,,,,,,,,,,,,,,,,,,,,,,,,,,,,,,,,,,,,,,,
173719,2-Jun-18,4:03:13,2018-06-02 04:03:13,G,1,4,770,,0,9,-62.5184,-61.4567,03:17.0,FastGPS,-62.5184,-61.4567,,,8.3,0,,,,15,19,28886,,,,12,10857,,,,24,17268,,,,6,15226,,,,17,14906,,,,29,3173,,,,2,31943,,,,3,7136,,,,32,7843,,,,,,,,,,,,,,,,,,,,,,,,,,,,,,,,,
173719,2-Jun-18,8:17:00,2018-06-02 08:17:00,G,1,4,771,509,0,8,-62.5781,-61.222,17:04.5,FastGPS,-62.5781,-61.222,,1,6,0.5,,,,15,26,21729,,,,5,17007,,,,16,1226,,,,4,21438,,,,21,21843,,,,29,5118,,,,27,10770,,,,7,3918,,,,,,,,,,,,,,,,,,,,,,,,,,,,,,,,,,,,,,
173719,2-Jun-18,8:48:13,2018-06-02 08:48:13,G,1,4,772,,0,9,-62.5879,-61.1864,48:16.9,FastGPS,-62.5879,-61.1864,,1,9.9,0,,,,15,5,32448,,,,7,31022,,,,16,29482,,,,26,16290,,,,27,19000,,,,29,25703,,,,13,3303,,,,4,22106,,,,21,312,,,,,,,,,,,,,,,,,,,,,,,,,,,,,,,,,
173719,2-Jun-18,9:49:00,2018-06-02 09:49:00,G,2,4,774,,1,9,-62.5865,-61.178,49:04.0,FastGPS,-62.5865,-61.178,,,11.3,0,,,,15,7,28330,,,,21,17185,,,,20,6294,,,,16,21186,,,,10,458,,,,27,30104,,,,26,31223,,,,15,4444,,,,8,32198,,,,,,,,,,,,,,,,,,,,,,,,,,,,,,,,,
173719,2-Jun-18,22:48:19,2018-06-02 22:48:19,G,1,4,775,509,0,7,-62.5858,-61.1793,48:22.5,FastGPS,-62.5858,-61.1793,,,19.9,-0.5,,,,15,7,21008,,,,30,14752,,,,15,18709,,,,5,15318,,,,13,24568,,,,28,3961,,,,8,31980,,,,,,,,,,,,,,,,,,,,,,,,,,,,,,,,,,,,,,,,,,,
173719,3-Jun-18,4:17:04,2018-06-03 04:17:04,G,2,4,780,511,0,5,-62.5273,-61.381,17:07.0,FastGPS,-62.5273,-61.381,,,3.4,-1,,,,15,6,3760,,,,12,22807,,,,19,20479,,,,24,29386,,,,2,21230,,,,,,,,,,,,,,,,,,,,,,,,,,,,,,,,,,,,,,,,,,,,,,,,,,,,,
173719,3-Jun-18,5:51:01,2018-06-03 05:51:01,G,1,4,783,511,0,8,-62.4868,-61.3511,51:04.0,FastGPS,-62.4868,-61.3511,,1,8.2,-1,,,,15,12,15958,,,,5,28088,,,,2,25594,,,,29,5286,,,,31,6141,,,,26,4434,,,,25,26831,,,,4,25124,,,,,,,,,,,,,,,,,,,,,,,,,,,,,,,,,,,,,,
173719,3-Jun-18,6:21:13,2018-06-03 06:21:13,G,1,4,784,511,0,7,-62.4707,-61.3915,21:16.5,FastGPS,-62.4707,-61.3915,,1,10.7,-0.5,,,,15,5,29486,,,,2,1945,,,,12,12584,,,,31,18526,,,,4,673,,,,29,17497,,,,25,30109,,,,,,,,,,,,,,,,,,,,,,,,,,,,,,,,,,,,,,,,,,,
173719,3-Jun-18,6:51:50,2018-06-03 06:51:50,G,2,4,785,,0,9,-62.4806,-61.3678,51:53.5,FastGPS,-62.4806,-61.3678,,1,6.3,-0.5,,,,15,29,6969,,,,25,11220,,,,31,29297,,,,23,6438,,,,21,8394,,,,5,15838,,,,26,21116,,,,16,8879,,,,4,32100,,,,,,,,,,,,,,,,,,,,,,,,,,,,,,,,,
173719,3-Jun-18,7:22:05,2018-06-03 07:22:05,G,1,4,786,511,0,4,-62.622,-61.278,6/3/2018 11:45,A,-62.4929,-61.4003,,,0.5,-0.7,,,,15,29,24560,,,,5,26585,,,,25,31210,,,,26,12811,,,,,,,,,,,,,,,,,,,,,,,,,,,,,,,,,,,,,,,,,,,,,,,,,,,,,,,,,,
173719,3-Jun-18,8:54:27,2018-06-03 08:54:27,G,1,4,787,,0,9,-62.5387,-61.3096,54:31.0,FastGPS,-62.5387,-61.3096,,1,8.6,0,,,,15,16,29554,,,,29,6451,,,,26,16446,,,,27,20120,,,,5,19169,,,,4,14655,,,,13,24954,,,,7,9044,,,,15,16272,,,,,,,,,,,,,,,,,,,,,,,,,,,,,,,,,
173719,3-Jun-18,11:07:27,2018-06-03 11:07:27,G,1,4,790,511,0,8,-62.6021,-61.2782,07:31.0,FastGPS,-62.6021,-61.2782,,,10.6,0,,,,15,10,772,,,,21,22225,,,,20,15510,,,,15,8634,,,,27,18154,,,,18,19215,,,,16,5426,,,,8,3756,,,,,,,,,,,,,,,,,,,,,,,,,,,,,,,,,,,,,,
173719,3-Jun-18,12:38:01,2018-06-03 12:38:01,G,1,4,792,,0,9,-62.6223,-61.2953,38:04.0,FastGPS,-62.6223,-61.2953,,,11.7,-1,,,,15,8,31990,,,,18,26922,,,,24,12736,,,,32,2616,,,,11,31794,,,,27,28874,,,,10,22740,,,,1,17278,,,,28,18584,,,,,,,,,,,,,,,,,,,,,,,,,,,,,,,,,
173719,3-Jun-18,13:41:00,2018-06-03 13:41:00,G,1,4,794,,0,9,-62.631,-61.2932,41:03.5,FastGPS,-62.631,-61.2932,,,12,-0.5,,,,15,1,3962,,,,22,22524,,,,11,1694,,,,18,23496,,,,14,22213,,,,8,30204,,,,3,5360,,,,24,15559,,,,10,14411,,,,,,,,,,,,,,,,,,,,,,,,,,,,,,,,,
173719,3-Jun-18,15:19:01,2018-06-03 15:19:01,G,1,4,797,,0,9,-62.6341,-61.2929,19:05.0,FastGPS,-62.6341,-61.2929,,,5.4,0,,,,15,23,22669,,,,14,16528,,,,17,23014,,,,32,7011,,,,12,31372,,,,22,10154,,,,31,3156,,,,18,13692,,,,1,31788,,,,,,,,,,,,,,,,,,,,,,,,,,,,,,,,,
173719,3-Jun-18,17:59:27,2018-06-03 17:59:27,G,1,4,800,517,0,8,-62.6142,-61.2921,59:30.5,FastGPS,-62.6142,-61.2921,,1,2.5,-0.5,,,,15,2,11832,,,,6,10266,,,,31,6356,,,,9,24656,,,,26,2740,,,,4,21024,,,,23,64,,,,16,14219,,,,,,,,,,,,,,,,,,,,,,,,,,,,,,,,,,,,,,
173719,3-Jun-18,19:37:18,2018-06-03 19:37:18,G,1,4,802,519,0,7,-62.6114,-61.2874,37:22.5,FastGPS,-62.6114,-61.2874,,,4.7,0.5,,,,15,7,11659,,,,5,5052,,,,9,8290,,,,30,23065,,,,29,24038,,,,2,11744,,,,23,2878,,,,,,,,,,,,,,,,,,,,,,,,,,,,,,,,,,,,,,,,,,,
173719,3-Jun-18,22:43:01,2018-06-03 22:43:01,G,2,4,803,,0,9,-62.5316,-61.3228,43:05.5,FastGPS,-62.5315,-61.3228,,,6.9,0.5,,,,15,30,31737,,,,28,15338,,,,7,7079,,,,15,28907,,,,5,2971,,,,21,22075,,,,13,5033,,,,20,1880,,,,8,13313,,,,,,,,,,,,,,,,,,,,,,,,,,,,,,,,,
173719,4-Jun-18,1:33:53,2018-06-04 01:33:53,G,1,4,804,521,0,8,-62.508,-61.3187,33:57.5,FastGPS,-62.508,-61.3187,,,6.7,0.5,,,,15,17,967,,,,28,8868,,,,15,15203,,,,19,20052,,,,1,11910,,,,24,24026,,,,12,16018,,,,13,5001,,,,,,,,,,,,,,,,,,,,,,,,,,,,,,,,,,,,,,
173719,4-Jun-18,9:58:40,2018-06-04 09:58:40,G,2,4,814,,0,9,-62.6077,-61.2697,58:43.0,FastGPS,-62.6077,-61.2697,,,3.2,-1,,,,15,16,11445,,,,27,11376,,,,10,13909,,,,13,27014,,,,15,8124,,,,7,6644,,,,20,29682,,,,30,10734,,,,21,13746,,,,,,,,,,,,,,,,,,,,,,,,,,,,,,,,,
173719,4-Jun-18,10:28:08,2018-06-04 10:28:08,G,1,4,815,,0,9,-62.6172,-61.2551,28:11.0,FastGPS,-62.6172,-61.2551,,,4.8,-1,,,,15,7,8657,,,,21,26674,,,,13,8930,,,,15,12048,,,,27,28,,,,8,10704,,,,30,17668,,,,16,15049,,,,10,31261,,,,,,,,,,,,,,,,,,,,,,,,,,,,,,,,,
173719,4-Jun-18,11:14:04,2018-06-04 11:14:04,G,2,4,816,526,0,6,-62.6271,-61.1954,14:07.0,FastGPS,-62.6271,-61.1954,,,9.5,-1,,,,15,8,29048,,,,27,8114,,,,15,26522,,,,10,16908,,,,20,29378,,,,21,5108,,,,,,,,,,,,,,,,,,,,,,,,,,,,,,,,,,,,,,,,,,,,,,,,
173719,4-Jun-18,11:45:21,2018-06-04 11:45:21,G,1,4,817,,0,9,-62.639,-61.165,45:24.0,FastGPS,-62.639,-61.165,,,9.1,-1,,,,15,11,8136,,,,8,29738,,,,18,7476,,,,20,31192,,,,15,10116,,,,10,22594,,,,28,4250,,,,21,1928,,,,32,11644,,,,,,,,,,,,,,,,,,,,,,,,,,,,,,,,,
173719,4-Jun-18,12:16:16,2018-06-04 12:16:16,G,1,4,818,,0,9,-62.6306,-61.133,16:19.5,FastGPS,-62.6306,-61.133,,,9.6,-0.5,,,,15,32,9758,,,,15,6269,,,,27,2882,,,,20,19293,,,,10,26766,,,,8,25077,,,,24,15002,,,,11,15098,,,,28,5970,,,,,,,,,,,,,,,,,,,,,,,,,,,,,,,,,
173719,4-Jun-18,12:46:00,2018-06-04 12:46:00,G,1,4,819,526,0,6,-62.6166,-61.1408,46:03.0,FastGPS,-62.6166,-61.1408,,,13.9,-1,,,,15,10,4972,,,,32,16824,,,,8,18022,,,,22,9141,,,,24,7460,,,,20,6706,,,,,,,,,,,,,,,,,,,,,,,,,,,,,,,,,,,,,,,,,,,,,,,,
173719,4-Jun-18,13:16:11,2018-06-04 13:16:11,G,1,4,820,526,0,8,-62.6064,-61.1653,16:14.5,FastGPS,-62.6064,-61.1653,,,7.9,-0.5,,,,15,10,22516,,,,32,22959,,,,22,30608,,,,11,11106,,,,8,7316,,,,18,2192,,,,14,11774,,,,24,29788,,,,,,,,,,,,,,,,,,,,,,,,,,,,,,,,,,,,,,
173719,4-Jun-18,13:46:00,2018-06-04 13:46:00,G,1,4,821,,0,9,-62.6069,-61.1658,46:03.5,FastGPS,-62.6069,-61.1658,,,13.1,-0.5,,,,15,17,11424,,,,1,21782,,,,22,18812,,,,11,435,,,,24,30097,,,,18,21618,,,,32,2917,,,,10,7467,,,,28,17524,,,,,,,,,,,,,,,,,,,,,,,,,,,,,,,,,
173719,4-Jun-18,15:03:01,2018-06-04 15:03:01,G,1,4,823,,0,9,-62.6159,-61.1419,03:04.0,FastGPS,-62.6159,-61.1419,,,8.1,-1,,,,15,3,19898,,,,12,18533,,,,17,24586,,,,1,19969,,,,18,21775,,,,22,9332,,,,19,25702,,,,31,1670,,,,11,9424,,,,,,,,,,,,,,,,,,,,,,,,,,,,,,,,,
173719,4-Jun-18,15:48:56,2018-06-04 15:48:56,G,1,4,824,528,0,4,-62.569,-61.3348,01:05.5,FastGPS,-62.6199,-61.1384,,,0.5,-1,,,,15,31,17533,,,,12,9299,,,,22,22364,,,,14,23270,,,,,,,,,,,,,,,,,,,,,,,,,,,,,,,,,,,,,,,,,,,,,,,,,,,,,,,,,,
173719,4-Jun-18,18:04:03,2018-06-04 18:04:03,G,1,4,828,529,0,6,-62.6218,-61.1381,04:06.5,FastGPS,-62.6218,-61.1381,,1,5.4,-0.5,,,,15,6,11276,,,,23,2750,,,,9,25252,,,,2,8370,,,,4,7571,,,,26,29456,,,,,,,,,,,,,,,,,,,,,,,,,,,,,,,,,,,,,,,,,,,,,,,,
173719,4-Jun-18,23:38:31,2018-06-04 23:38:31,G,1,4,835,,0,9,-62.587,-61.2277,38:35.5,FastGPS,-62.587,-61.2277,,,9.1,0.5,,,,15,30,14351,,,,11,26484,,,,17,18091,,,,28,19385,,,,13,12374,,,,18,24806,,,,8,31318,,,,15,28728,,,,24,29428,,,,,,,,,,,,,,,,,,,,,,,,,,,,,,,,,
173719,5-Jun-18,0:40:50,2018-06-05 00:40:50,G,1,4,836,538,0,8,-62.5861,-61.2215,40:54.5,FastGPS,-62.5861,-61.2215,,,13.4,0.5,,,,15,17,17398,,,,19,3908,,,,15,22402,,,,13,2627,,,,28,5200,,,,10,5976,,,,24,7816,,,,20,6082,,,,,,,,,,,,,,,,,,,,,,,,,,,,,,,,,,,,,,
173719,5-Jun-18,3:01:01,2018-06-05 03:01:01,G,1,4,838,543,0,7,-62.569,-61.3348,01:05.5,FastGPS,-62.569,-61.3348,,,9.3,0.5,,,,15,6,10579,,,,17,20378,,,,19,8870,,,,12,19968,,,,25,6951,,,,2,6693,,,,24,25803,,,,,,,,,,,,,,,,,,,,,,,,,,,,,,,,,,,,,,,,,,,
173719,5-Jun-18,3:31:07,2018-06-05 03:31:07,G,1,4,839,543,0,7,-62.5468,-61.35,31:11.5,FastGPS,-62.5468,-61.35,,,9.4,0.5,,,,15,6,19028,,,,19,14692,,,,17,31715,,,,2,71,,,,12,29431,,,,24,13936,,,,32,31788,,,,,,,,,,,,,,,,,,,,,,,,,,,,,,,,,,,,,,,,,,,
173719,5-Jun-18,6:19:07,2018-06-05 06:19:07,G,1,4,844,,0,9,-62.5214,-61.335,19:10.0,FastGPS,-62.5214,-61.335,,1,7.5,-1,,,,15,25,4930,,,,5,5790,,,,31,310,,,,4,11417,,,,29,14089,,,,21,19510,,,,2,5297,,,,26,13827,,,,12,7812,,,,,,,,,,,,,,,,,,,,,,,,,,,,,,,,,
173719,5-Jun-18,6:49:02,2018-06-05 06:49:02,G,1,4,845,544,0,8,-62.5261,-61.3488,49:06.5,FastGPS,-62.5261,-61.3488,,1,10,0.5,,,,15,5,29520,,,,31,17703,,,,25,28124,,,,29,9572,,,,4,15767,,,,26,9726,,,,21,8050,,,,16,5517,,,,,,,,,,,,,,,,,,,,,,,,,,,,,,,,,,,,,,
173719,5-Jun-18,8:04:18,2018-06-05 08:04:18,G,1,4,847,545,0,6,-62.534,-61.3346,6/5/2018 8:04,FastGPS,-62.534,-61.3346,,1,2.5,0,,,,15,29,768,,,,21,15143,,,,4,17006,,,,26,16922,,,,5,11929,,,,20,14935,,,,,,,,,,,,,,,,,,,,,,,,,,,,,,,,,,,,,,,,,,,,,,,,
173719,5-Jun-18,8:34:04,2018-06-05 08:34:04,G,1,4,848,545,0,8,-62.5342,-61.3237,34:08.0,FastGPS,-62.5342,-61.3237,,1,6.1,0,,,,15,29,23848,,,,15,3563,,,,20,11860,,,,26,11723,,,,4,19044,,,,5,28967,,,,13,19974,,,,21,21060,,,,,,,,,,,,,,,,,,,,,,,,,,,,,,,,,,,,,,
173719,5-Jun-18,9:04:02,2018-06-05 09:04:02,G,1,4,849,545,0,7,-62.5363,-61.3381,04:05.0,FastGPS,-62.5363,-61.3381,,,10.4,-1,,,,15,29,28981,,,,20,23649,,,,15,14052,,,,10,13873,,,,26,31882,,,,16,1110,,,,21,16414,,,,,,,,,,,,,,,,,,,,,,,,,,,,,,,,,,,,,,,,,,,
173719,5-Jun-18,9:34:33,2018-06-05 09:34:33,G,1,4,850,,0,9,-62.5462,-61.3336,34:37.5,FastGPS,-62.5462,-61.3336,,,11,0.5,,,,15,20,5993,,,,26,16438,,,,10,31800,,,,7,5193,,,,16,1249,,,,8,32118,,,,21,28500,,,,15,6256,,,,29,19760,,,,,,,,,,,,,,,,,,,,,,,,,,,,,,,,,
173719,5-Jun-18,10:21:42,2018-06-05 10:21:42,G,2,4,851,546,0,8,-62.5546,-61.2643,21:46.0,FastGPS,-62.5546,-61.2643,,,11.8,0,,,,15,27,31882,,,,8,3562,,,,21,4124,,,,15,12346,,,,10,25725,,,,13,13294,,,,16,26204,,,,20,16036,,,,,,,,,,,,,,,,,,,,,,,,,,,,,,,,,,,,,,
173719,5-Jun-18,10:52:13,2018-06-05 10:52:13,G,1,4,852,546,0,6,-62.5738,-61.2202,52:16.0,FastGPS,-62.5738,-61.2202,,,5.2,-1,,,,15,10,5342,,,,8,2706,,,,27,6696,,,,15,1481,,,,13,10242,,,,20,17716,,,,,,,,,,,,,,,,,,,,,,,,,,,,,,,,,,,,,,,,,,,,,,,,
173719,5-Jun-18,11:43:05,2018-06-05 11:43:05,G,2,4,853,547,0,7,-62.5911,-61.2059,43:09.5,FastGPS,-62.5911,-61.2059,,,11.1,0.5,,,,15,10,21555,,,,8,30502,,,,20,28650,,,,18,13739,,,,32,19739,,,,27,31184,,,,11,14512,,,,,,,,,,,,,,,,,,,,,,,,,,,,,,,,,,,,,,,,,,,
173719,5-Jun-18,13:17:56,2018-06-05 13:17:56,G,2,4,855,,0,9,-62.5884,-61.1863,18:00.0,FastGPS,-62.5884,-61.1863,,,10,0,,,,15,10,3264,,,,14,3255,,,,32,30785,,,,24,28045,,,,11,19980,,,,27,31705,,,,1,24080,,,,18,10488,,,,22,24192,,,,,,,,,,,,,,,,,,,,,,,,,,,,,,,,,
173719,5-Jun-18,14:05:01,2018-06-05 14:05:01,G,2,4,856,,0,9,-62.5879,-61.1986,05:05.0,FastGPS,-62.5879,-61.1986,,,4.5,0,,,,15,32,9122,,,,14,21506,,,,22,22740,,,,18,7066,,,,11,20736,,,,1,26154,,,,3,6426,,,,10,3510,,,,31,18984,,,,,,,,,,,,,,,,,,,,,,,,,,,,,,,,,
173719,5-Jun-18,15:22:00,2018-06-05 15:22:00,G,1,4,858,,0,9,-62.5865,-61.1783,22:03.0,FastGPS,-62.5865,-61.1783,,,9.4,-1,,,,15,17,7152,,,,12,31130,,,,3,28218,,,,14,14452,,,,31,25759,,,,19,29181,,,,22,32254,,,,32,19556,,,,11,24349,,,,,,,,,,,,,,,,,,,,,,,,,,,,,,,,,
173719,5-Jun-18,15:52:00,2018-06-05 15:52:00,G,1,4,859,551,1,7,-62.5865,-61.1783,6/5/2018 15:52,FastGPS,-62.5865,-61.1783,,,9.6,-1,,,,15,17,22735,,,,19,23250,,,,23,12026,,,,3,3228,,,,6,32529,,,,1,14841,,,,9,23984,,,,,,,,,,,,,,,,,,,,,,,,,,,,,,,,,,,,,,,,,,,
173719,7-Jun-18,6:49:36,2018-06-07 06:49:36,G,1,4,863,,0,9,-62.5438,-61.4196,49:40.2,FastGPS,-62.5438,-61.4196,,1,9.3,0.2,,,,15,31,17901,,,,4,28319,,,,26,30374,,,,29,32155,,,,2,22395,,,,5,3840,,,,21,16274,,,,23,5270,,,,16,7818,,,,,,,,,,,,,,,,,,,,,,,,,,,,,,,,,
173719,7-Jun-18,10:44:35,2018-06-07 10:44:35,G,1,4,865,553,0,7,-62.6142,-61.2921,44:39.1,FastGPS,-62.6142,-61.2921,,,11.3,0.1,,,,15,15,6706,,,,8,10723,,,,10,11740,,,,27,11984,,,,21,10067,,,,20,26623,,,,18,16421,,,,,,,,,,,,,,,,,,,,,,,,,,,,,,,,,,,,,,,,,,,
173719,7-Jun-18,11:14:24,2018-06-07 11:14:24,G,1,4,866,553,0,6,-62.6154,-61.27,14:28.0,FastGPS,-62.6154,-61.27,,,3.6,0,,,,15,8,19349,,,,15,1337,,,,10,28008,,,,20,7659,,,,27,21419,,,,18,13368,,,,,,,,,,,,,,,,,,,,,,,,,,,,,,,,,,,,,,,,,,,,,,,,
173719,7-Jun-18,11:44:18,2018-06-07 11:44:18,G,1,4,867,553,0,7,-62.6174,-61.2674,44:22.5,FastGPS,-62.6174,-61.2674,,,4,0.5,,,,15,32,27583,,,,10,16046,,,,27,3864,,,,18,14023,,,,1,19998,,,,11,15797,,,,8,576,,,,,,,,,,,,,,,,,,,,,,,,,,,,,,,,,,,,,,,,,,,
173719,7-Jun-18,12:15:40,2018-06-07 12:15:40,G,1,4,868,553,0,8,-62.6182,-61.2666,15:43.0,FastGPS,-62.6182,-61.2666,,,7,-1,,,,15,32,24267,,,,10,10962,,,,11,23862,,,,27,29137,,,,8,16778,,,,14,3523,,,,1,48,,,,22,14172,,,,,,,,,,,,,,,,,,,,,,,,,,,,,,,,,,,,,,
173719,7-Jun-18,13:02:27,2018-06-07 13:02:27,G,1,4,869,,0,9,-62.6158,-61.2696,02:31.5,FastGPS,-62.6158,-61.2696,,,11.2,0.5,,,,15,32,1547,,,,10,7697,,,,22,3572,,,,28,20072,,,,14,19848,,,,1,12706,,,,11,23057,,,,8,25202,,,,3,6391,,,,,,,,,,,,,,,,,,,,,,,,,,,,,,,,,
173719,7-Jun-18,13:32:00,2018-06-07 13:32:00,G,1,4,870,,0,9,-62.6189,-61.2649,32:03.0,FastGPS,-62.6189,-61.2649,,,12.6,-0.9,,,,15,8,10417,,,,14,23880,,,,32,19543,,,,22,27760,,,,18,5140,,,,17,22024,,,,11,16731,,,,1,1625,,,,3,17344,,,,,,,,,,,,,,,,,,,,,,,,,,,,,,,,,
173719,7-Jun-18,15:26:10,2018-06-07 15:26:10,G,2,4,872,,0,9,-62.6182,-61.2598,26:14.1,FastGPS,-62.6182,-61.2598,,,9.1,0.1,,,,15,31,5437,,,,18,2792,,,,32,18258,,,,14,29530,,,,3,864,,,,1,20142,,,,17,9963,,,,22,8794,,,,11,30888,,,,,,,,,,,,,,,,,,,,,,,,,,,,,,,,,
173719,7-Jun-18,16:47:30,2018-06-07 16:47:30,G,1,4,874,558,0,8,-62.6195,-61.2565,47:34.0,FastGPS,-62.6195,-61.2565,,,5.6,0,,,,15,31,17156,,,,6,14082,,,,4,30443,,,,26,4445,,,,3,29885,,,,22,17002,,,,14,8648,,,,23,11079,,,,,,,,,,,,,,,,,,,,,,,,,,,,,,,,,,,,,,
173719,7-Jun-18,17:21:19,2018-06-07 17:21:19,G,1,4,875,558,0,7,-62.6194,-61.2548,21:23.5,FastGPS,-62.6194,-61.2548,,,4.6,0.5,,,,15,23,30774,,,,6,7090,,,,3,29770,,,,22,26715,,,,31,10183,,,,9,14436,,,,4,10334,,,,,,,,,,,,,,,,,,,,,,,,,,,,,,,,,,,,,,,,,,,
173719,7-Jun-18,19:24:35,2018-06-07 19:24:35,G,1,4,878,,0,9,-62.616,-61.2699,24:38.1,FastGPS,-62.616,-61.2699,,,16.1,-0.9,,,,15,23,32131,,,,7,32127,,,,9,12694,,,,16,2076,,,,5,27395,,,,30,15515,,,,2,10518,,,,26,17028,,,,6,12188,,,,,,,,,,,,,,,,,,,,,,,,,,,,,,,,,
173719,7-Jun-18,22:49:45,2018-06-07 22:49:45,G,2,4,879,560,0,7,-62.5382,-61.3048,49:48.1,FastGPS,-62.5382,-61.3048,,,9.1,-0.9,,,,15,30,31416,,,,7,30480,,,,28,25496,,,,5,30887,,,,8,13410,,,,13,19950,,,,15,329,,,,,,,,,,,,,,,,,,,,,,,,,,,,,,,,,,,,,,,,,,,
173719,8-Jun-18,2:07:48,2018-06-08 02:07:48,G,1,4,880,560,0,7,-62.4808,-61.3955,07:51.5,FastGPS,-62.4808,-61.3955,,,9.2,-0.5,,,,15,17,2439,,,,12,12098,,,,15,21161,,,,19,30457,,,,6,17297,,,,24,5270,,,,22,2868,,,,,,,,,,,,,,,,,,,,,,,,,,,,,,,,,,,,,,,,,,,
173719,8-Jun-18,9:04:39,2018-06-08 09:04:39,G,1,4,881,,0,9,-62.5767,-61.195,04:42.5,FastGPS,-62.5767,-61.195,,,7.6,-0.5,,,,15,7,4423,,,,27,2157,,,,15,18682,,,,16,20848,,,,29,32434,,,,13,30123,,,,5,26745,,,,21,9354,,,,20,17633,,,,,,,,,,,,,,,,,,,,,,,,,,,,,,,,,
173719,8-Jun-18,9:39:01,2018-06-08 09:39:01,G,1,4,882,560,0,7,-62.5901,-61.1978,39:04.0,FastGPS,-62.5901,-61.1978,,,9.1,-1,,,,15,10,19470,,,,20,9420,,,,21,8544,,,,27,22433,,,,15,21749,,,,16,6619,,,,26,19664,,,,,,,,,,,,,,,,,,,,,,,,,,,,,,,,,,,,,,,,,,,
173719,8-Jun-18,10:09:22,2018-06-08 10:09:22,G,1,4,883,560,0,8,-62.5886,-61.211,09:25.5,FastGPS,-62.5886,-61.211,,,7.3,-0.4,,,,15,21,17074,,,,10,4900,,,,20,30418,,,,16,5330,,,,27,11116,,,,15,25119,,,,8,16688,,,,7,28826,,,,,,,,,,,,,,,,,,,,,,,,,,,,,,,,,,,,,,
173719,8-Jun-18,11:27:52,2018-06-08 11:27:52,G,3,4,884,560,0,8,-62.6165,-61.2133,27:55.1,FastGPS,-62.6165,-61.2133,,,10.4,-0.9,,,,15,27,16555,,,,10,32705,,,,18,13987,,,,28,10487,,,,8,6698,,,,11,14939,,,,32,16742,,,,20,28157,,,,,,,,,,,,,,,,,,,,,,,,,,,,,,,,,,,,,,
173719,8-Jun-18,12:48:01,2018-06-08 12:48:01,G,2,4,886,,0,9,-62.6159,-61.2887,48:04.0,FastGPS,-62.6159,-61.2887,,,8.6,-1,,,,15,10,11549,,,,32,20534,,,,27,31300,,,,24,13541,,,,20,12075,,,,28,7722,,,,18,1145,,,,8,28626,,,,1,11994,,,,,,,,,,,,,,,,,,,,,,,,,,,,,,,,,
173719,8-Jun-18,13:34:02,2018-06-08 13:34:02,G,3,4,887,562,0,4,-62.7121,-61.4845,55:17.5,FastGPS,-62.6214,-61.2954,,,0.1,0.1,,,,15,22,13906,,,,11,14688,,,,3,9421,,,,1,12714,,,,,,,,,,,,,,,,,,,,,,,,,,,,,,,,,,,,,,,,,,,,,,,,,,,,,,,,,,
173719,8-Jun-18,14:38:53,2018-06-08 14:38:53,G,2,4,888,,0,9,-62.6419,-61.2884,38:57.5,FastGPS,-62.6419,-61.2884,,,7.4,0.5,,,,15,17,5969,,,,1,13050,,,,11,14762,,,,3,15502,,,,22,20702,,,,19,22379,,,,32,818,,,,14,2766,,,,12,22799,,,,,,,,,,,,,,,,,,,,,,,,,,,,,,,,,
173719,8-Jun-18,15:09:05,2018-06-08 15:09:05,G,3,4,889,,0,9,-62.6434,-61.2694,09:09.5,FastGPS,-62.6434,-61.2694,,,18.7,0.5,,,,15,12,6637,,,,32,30102,,,,17,16361,,,,22,7658,,,,31,31628,,,,14,23176,,,,3,2012,,,,19,3925,,,,25,9196,,,,,,,,,,,,,,,,,,,,,,,,,,,,,,,,,
173719,8-Jun-18,15:39:45,2018-06-08 15:39:45,G,3,4,890,564,0,8,-62.6417,-61.2473,39:49.1,FastGPS,-62.6417,-61.2473,,,8,0.1,,,,15,3,31247,,,,22,29757,,,,1,9616,,,,17,18162,,,,31,11675,,,,23,5993,,,,12,21878,,,,6,29140,,,,,,,,,,,,,,,,,,,,,,,,,,,,,,,,,,,,,,
173719,8-Jun-18,17:34:31,2018-06-08 17:34:31,G,1,4,893,564,0,7,-62.6821,-61.2011,34:35.5,FastGPS,-62.6821,-61.2011,,,4.6,0.5,,,,15,9,21238,,,,6,21860,,,,23,12556,,,,29,28028,,,,31,181,,,,2,8273,,,,3,23004,,,,,,,,,,,,,,,,,,,,,,,,,,,,,,,,,,,,,,,,,,,
173719,8-Jun-18,18:35:42,2018-06-08 18:35:42,G,1,4,894,,0,9,-62.7142,-61.2591,35:46.1,FastGPS,-62.7141,-61.2591,,,8.1,0.1,,,,15,7,16192,,,,9,23772,,,,29,29259,,,,2,27720,,,,5,26412,,,,6,17797,,,,23,23074,,,,26,2078,,,,3,21786,,,,,,,,,,,,,,,,,,,,,,,,,,,,,,,,,
173719,8-Jun-18,22:12:30,2018-06-08 22:12:30,G,2,4,899,565,0,7,-62.7019,-61.4821,12:34.1,FastGPS,-62.7019,-61.4821,,,3.3,0.1,,,,15,28,30719,,,,30,1026,,,,5,23245,,,,13,3518,,,,15,5346,,,,21,1549,,,,8,29972,,,,,,,,,,,,,,,,,,,,,,,,,,,,,,,,,,,,,,,,,,,
173719,9-Jun-18,11:55:13,2018-06-09 11:55:13,G,1,4,900,,0,9,-62.7121,-61.4845,55:17.5,FastGPS,-62.7121,-61.4845,,,2.8,0.5,,,,15,18,3546,,,,11,7440,,,,28,31167,,,,10,18287,,,,8,17617,,,,15,1202,,,,1,32696,,,,24,4387,,,,32,30369,,,,,,,,,,,,,,,,,,,,,,,,,,,,,,,,,
173719,9-Jun-18,13:17:32,2018-06-09 13:17:32,G,1,4,902,,0,9,-62.7472,-61.4831,17:36.1,FastGPS,-62.7472,-61.4831,,,16.6,0.1,,,,15,32,13950,,,,14,32248,,,,22,30904,,,,18,30848,,,,8,30180,,,,28,24379,,,,3,15762,,,,11,9586,,,,1,14291,,,,,,,,,,,,,,,,,,,,,,,,,,,,,,,,,
173719,9-Jun-18,14:55:33,2018-06-09 14:55:33,G,3,4,903,,0,9,-62.7508,-61.5199,55:37.5,FastGPS,-62.7508,-61.5199,,,9.9,0.5,,,,15,17,2516,,,,12,11805,,,,32,13248,,,,3,26913,,,,22,20503,,,,1,7166,,,,19,32519,,,,25,24926,,,,11,9653,,,,,,,,,,,,,,,,,,,,,,,,,,,,,,,,,
173719,9-Jun-18,15:26:00,2018-06-09 15:26:00,G,1,4,904,,0,9,-62.7573,-61.5103,26:04.6,FastGPS,-62.7573,-61.5103,,,17.4,0.6,,,,15,31,15202,,,,14,32204,,,,17,26160,,,,3,7586,,,,22,28600,,,,19,2434,,,,32,12651,,,,25,1889,,,,12,15068,,,,,,,,,,,,,,,,,,,,,,,,,,,,,,,,,
173719,10-Jun-18,23:47:32,2018-06-10 23:47:32,G,1,4,908,573,0,8,-62.7222,-61.4798,47:35.6,FastGPS,-62.7222,-61.4798,,,14.6,-0.4,,,,15,28,12180,,,,11,31520,,,,13,17950,,,,30,17544,,,,18,32490,,,,1,31701,,,,15,31796,,,,10,2298,,,,,,,,,,,,,,,,,,,,,,,,,,,,,,,,,,,,,,
173719,11-Jun-18,1:09:21,2018-06-11 01:09:21,G,2,4,909,573,0,8,-62.6693,-61.5205,09:24.1,FastGPS,-62.6693,-61.5205,,,10.2,-0.9,,,,15,15,32100,,,,17,139,,,,28,19998,,,,12,830,,,,19,25990,,,,13,14314,,,,1,8966,,,,24,30006,,,,,,,,,,,,,,,,,,,,,,,,,,,,,,,,,,,,,,
173719,11-Jun-18,12:42:45,2018-06-11 12:42:45,G,2,4,910,,0,9,-62.6526,-61.6033,42:48.6,FastGPS,-62.6526,-61.6033,,,9.6,-0.4,,,,15,1,9646,,,,11,26500,,,,18,17172,,,,22,27538,,,,14,13178,,,,32,2762,,,,8,10226,,,,28,2388,,,,10,24379,,,,,,,,,,,,,,,,,,,,,,,,,,,,,,,,,
173719,11-Jun-18,14:03:47,2018-06-11 14:03:47,G,4,4,911,,0,9,-62.6719,-61.5008,03:50.6,FastGPS,-62.6719,-61.5008,,,4.5,-0.4,,,,15,17,8816,,,,31,569,,,,19,15462,,,,22,22824,,,,1,23076,,,,14,16542,,,,32,4834,,,,18,17682,,,,12,3001,,,,,,,,,,,,,,,,,,,,,,,,,,,,,,,,,
173719,11-Jun-18,15:31:05,2018-06-11 15:31:05,G,1,4,912,,0,9,-62.7158,-61.473,31:08.1,FastGPS,-62.7158,-61.473,,,12.9,-0.8,,,,15,17,12528,,,,14,2324,,,,23,22532,,,,19,23192,,,,6,16365,,,,3,3574,,,,31,17218,,,,25,9958,,,,12,21591,,,,,,,,,,,,,,,,,,,,,,,,,,,,,,,,,
173719,11-Jun-18,17:49:09,2018-06-11 17:49:09,G,1,4,913,576,0,8,-62.7393,-61.5012,49:12.1,FastGPS,-62.7393,-61.5012,,1,6.9,-0.9,,,,15,29,5054,,,,6,26836,,,,9,28185,,,,2,2677,,,,4,16030,,,,23,20426,,,,7,21982,,,,26,16366,,,,,,,,,,,,,,,,,,,,,,,,,,,,,,,,,,,,,,
173719,11-Jun-18,18:37:00,2018-06-11 18:37:00,G,1,4,914,577,0,8,-62.7471,-61.4982,37:03.1,FastGPS,-62.7471,-61.4982,,1,11.6,-0.9,,,,15,7,31158,,,,2,488,,,,9,14666,,,,4,1024,,,,6,22962,,,,5,11612,,,,29,15756,,,,30,6933,,,,,,,,,,,,,,,,,,,,,,,,,,,,,,,,,,,,,,
173719,11-Jun-18,19:26:09,2018-06-11 19:26:09,G,1,4,915,578,0,7,-62.7449,-61.5246,26:12.6,FastGPS,-62.7449,-61.5246,,,7.3,-0.4,,,,15,23,5779,,,,9,30496,,,,16,3613,,,,7,28502,,,,2,780,,,,5,8684,,,,30,11474,,,,,,,,,,,,,,,,,,,,,,,,,,,,,,,,,,,,,,,,,,,
173719,11-Jun-18,20:01:35,2018-06-11 20:01:35,G,1,4,916,578,0,7,-62.727,-61.554,01:38.1,FastGPS,-62.727,-61.554,,,8.9,-0.9,,,,15,7,6557,,,,5,27389,,,,9,1628,,,,30,9279,,,,27,12354,,,,23,7310,,,,13,20676,,,,,,,,,,,,,,,,,,,,,,,,,,,,,,,,,,,,,,,,,,,
173719,11-Jun-18,21:14:01,2018-06-11 21:14:01,G,2,4,917,,0,9,-62.6702,-61.5875,14:05.2,FastGPS,-62.6702,-61.5875,,,19.4,0.2,,,,15,7,10957,,,,28,19159,,,,8,23854,,,,27,18972,,,,5,14551,,,,30,29487,,,,9,8854,,,,13,28645,,,,21,16742,,,,,,,,,,,,,,,,,,,,,,,,,,,,,,,,,
173719,11-Jun-18,21:47:09,2018-06-11 21:47:09,G,1,4,918,,0,9,-62.6369,-61.5885,47:13.1,FastGPS,-62.6369,-61.5885,,,5,0.1,,,,15,7,12116,,,,28,15663,,,,8,22427,,,,30,20462,,,,27,25040,,,,13,7332,,,,15,15457,,,,5,3489,,,,21,29061,,,,,,,,,,,,,,,,,,,,,,,,,,,,,,,,,
173719,11-Jun-18,22:17:13,2018-06-11 22:17:13,G,2,4,919,578,0,8,-62.6182,-61.6003,17:17.6,FastGPS,-62.6182,-61.6003,,,11.6,0.6,,,,15,15,13068,,,,30,8444,,,,28,25068,,,,13,7519,,,,7,934,,,,5,1474,,,,20,22838,,,,11,21800,,,,,,,,,,,,,,,,,,,,,,,,,,,,,,,,,,,,,,
173719,11-Jun-18,23:25:16,2018-06-11 23:25:16,G,4,4,920,579,0,7,-62.6303,-61.6047,25:19.1,FastGPS,-62.6303,-61.6047,,,9.6,-0.9,,,,15,15,7962,,,,13,12706,,,,28,29120,,,,10,12890,,,,17,23164,,,,24,27248,,,,20,16016,,,,,,,,,,,,,,,,,,,,,,,,,,,,,,,,,,,,,,,,,,,
173719,12-Jun-18,6:13:58,2018-06-12 06:13:58,G,2,4,922,,0,9,-62.7478,-61.4336,14:02.6,FastGPS,-62.7478,-61.4336,,1,12.1,0.6,,,,15,5,25817,,,,4,9697,,,,26,31984,,,,23,25434,,,,31,10898,,,,16,19706,,,,2,9210,,,,29,18980,,,,9,31456,,,,,,,,,,,,,,,,,,,,,,,,,,,,,,,,,
173719,12-Jun-18,7:19:23,2018-06-12 07:19:23,G,1,4,924,585,0,6,-62.7377,-61.3914,19:26.9,FastGPS,-62.7377,-61.3914,,,7.2,-0.1,,,,15,5,29600,,,,16,3413,,,,29,3822,,,,26,6456,,,,4,21120,,,,25,16772,,,,,,,,,,,,,,,,,,,,,,,,,,,,,,,,,,,,,,,,,,,,,,,,
173719,12-Jun-18,7:49:41,2018-06-12 07:49:41,G,2,4,925,585,0,4,-62.7113,-61.3477,01:11.6,FastGPS,-62.7295,-61.3758,,,0.6,-0.3,,,,15,29,15981,,,,16,25877,,,,21,18424,,,,5,11114,,,,,,,,,,,,,,,,,,,,,,,,,,,,,,,,,,,,,,,,,,,,,,,,,,,,,,,,,,
173719,12-Jun-18,8:21:56,2018-06-12 08:21:56,G,4,4,926,,0,9,-62.7222,-61.3633,21:59.1,FastGPS,-62.7222,-61.3633,,1,15.6,-0.9,,,,15,29,2715,,,,7,890,,,,13,20171,,,,27,19840,,,,5,21186,,,,16,14270,,,,15,12305,,,,21,23185,,,,4,14310,,,,,,,,,,,,,,,,,,,,,,,,,,,,,,,,,
173719,12-Jun-18,9:24:12,2018-06-12 09:24:12,G,1,4,927,587,0,6,-62.7132,-61.3622,24:15.6,FastGPS,-62.7132,-61.3622,,,12.1,-0.4,,,,15,10,28634,,,,4,15536,,,,27,29982,,,,26,15035,,,,16,5332,,,,7,562,,,,,,,,,,,,,,,,,,,,,,,,,,,,,,,,,,,,,,,,,,,,,,,,
173719,12-Jun-18,9:54:00,2018-06-12 09:54:00,G,2,4,928,,0,9,-62.7175,-61.3497,54:03.6,FastGPS,-62.7175,-61.3497,,,10.5,-0.4,,,,15,7,30449,,,,10,10308,,,,21,16103,,,,27,15256,,,,30,3968,,,,15,28566,,,,20,2025,,,,8,26009,,,,16,3417,,,,,,,,,,,,,,,,,,,,,,,,,,,,,,,,,
173719,12-Jun-18,10:24:29,2018-06-12 10:24:29,G,2,4,929,,0,9,-62.7212,-61.3556,24:32.6,FastGPS,-62.7212,-61.3556,,,4.8,-0.4,,,,15,10,31734,,,,27,31317,,,,8,676,,,,13,1586,,,,16,9594,,,,15,27091,,,,18,5942,,,,30,2560,,,,20,23128,,,,,,,,,,,,,,,,,,,,,,,,,,,,,,,,,
173719,12-Jun-18,11:09:49,2018-06-12 11:09:49,G,3,4,930,588,0,7,-62.7241,-61.355,09:52.6,FastGPS,-62.7241,-61.355,,,6.6,-0.4,,,,15,10,6756,,,,27,27258,,,,32,14741,,,,18,16098,,,,20,22736,,,,11,17615,,,,8,13270,,,,,,,,,,,,,,,,,,,,,,,,,,,,,,,,,,,,,,,,,,,
173719,12-Jun-18,12:56:48,2018-06-12 12:56:48,G,2,4,932,,0,9,-62.7149,-61.3489,56:51.6,FastGPS,-62.715,-61.3488,,,14.8,-0.3,,,,15,32,534,,,,10,5069,,,,22,17042,,,,14,27584,,,,1,12161,,,,18,14882,,,,11,25549,,,,3,28985,,,,28,4334,,,,,,,,,,,,,,,,,,,,,,,,,,,,,,,,,
173719,12-Jun-18,13:42:00,2018-06-12 13:42:00,G,2,4,933,,0,9,-62.714,-61.353,42:03.6,FastGPS,-62.714,-61.353,,,10.7,-0.4,,,,15,32,31032,,,,3,26377,,,,18,31739,,,,14,26466,,,,11,13415,,,,22,1616,,,,1,31429,,,,10,9130,,,,31,8815,,,,,,,,,,,,,,,,,,,,,,,,,,,,,,,,,
173719,12-Jun-18,14:13:11,2018-06-12 14:13:11,G,1,4,934,,0,9,-62.7109,-61.361,13:14.1,FastGPS,-62.7109,-61.361,,,10.9,-0.9,,,,15,31,11408,,,,32,21520,,,,1,9532,,,,22,32693,,,,14,1176,,,,11,27278,,,,18,9430,,,,3,9667,,,,23,7233,,,,,,,,,,,,,,,,,,,,,,,,,,,,,,,,,
173719,12-Jun-18,15:30:21,2018-06-12 15:30:21,G,4,4,935,,0,9,-62.7108,-61.3602,30:24.1,FastGPS,-62.7108,-61.3602,,,9.8,-0.9,,,,15,31,3480,,,,14,5425,,,,32,5433,,,,17,18399,,,,1,2846,,,,11,30536,,,,18,27845,,,,22,3016,,,,25,30588,,,,,,,,,,,,,,,,,,,,,,,,,,,,,,,,,
173719,12-Jun-18,16:15:00,2018-06-12 16:15:00,G,2,4,936,596,0,8,-62.7117,-61.352,15:03.1,FastGPS,-62.7117,-61.352,,,16.1,-0.9,,,,15,23,2539,,,,22,13976,,,,9,27798,,,,6,5131,,,,3,2028,,,,2,1514,,,,12,4274,,,,17,25642,,,,,,,,,,,,,,,,,,,,,,,,,,,,,,,,,,,,,,
173719,12-Jun-18,16:45:20,2018-06-12 16:45:20,G,3,4,937,596,0,6,-62.7119,-61.3513,45:23.6,FastGPS,-62.7119,-61.3513,,,2.6,-0.4,,,,15,22,24617,,,,6,24980,,,,23,16666,,,,26,19468,,,,3,3509,,,,9,19870,,,,,,,,,,,,,,,,,,,,,,,,,,,,,,,,,,,,,,,,,,,,,,,,
173719,12-Jun-18,18:01:08,2018-06-12 18:01:08,G,3,4,939,597,0,5,-62.618,-61.451,6/13/2018 11:10,R,-62.7113,-61.3477,,1,1.7,-0.4,,,,15,6,1912,,,,7,20700,,,,9,1629,,,,4,23383,,,,2,26966,,,,,,,,,,,,,,,,,,,,,,,,,,,,,,,,,,,,,,,,,,,,,,,,,,,,,
173719,12-Jun-18,19:01:04,2018-06-12 19:01:04,G,1,4,940,599,0,7,-62.7113,-61.3479,01:07.6,FastGPS,-62.7113,-61.3479,,,5,-0.4,,,,15,23,9092,,,,7,17791,,,,9,11034,,,,6,19896,,,,30,27633,,,,16,30987,,,,29,28842,,,,,,,,,,,,,,,,,,,,,,,,,,,,,,,,,,,,,,,,,,,
173719,12-Jun-18,20:49:20,2018-06-12 20:49:20,G,1,4,943,600,0,5,-62.7102,-61.3636,49:23.1,FastGPS,-62.7102,-61.3636,,,2.9,-0.9,,,,15,5,20944,,,,30,27821,,,,7,5048,,,,13,26076,,,,21,14045,,,,,,,,,,,,,,,,,,,,,,,,,,,,,,,,,,,,,,,,,,,,,,,,,,,,,
173719,12-Jun-18,21:51:46,2018-06-12 21:51:46,G,2,4,945,600,0,7,-62.7077,-61.4,51:50.6,FastGPS,-62.7077,-61.4,,,5.8,0.6,,,,15,7,23394,,,,8,6321,,,,5,16158,,,,30,18994,,,,15,28880,,,,28,25644,,,,13,4542,,,,,,,,,,,,,,,,,,,,,,,,,,,,,,,,,,,,,,,,,,,
173719,12-Jun-18,22:42:47,2018-06-12 22:42:47,G,2,4,946,601,0,7,-62.6974,-61.4343,42:50.6,FastGPS,-62.6974,-61.4343,,,5.1,-0.4,,,,15,30,15092,,,,7,26342,,,,15,30321,,,,28,382,,,,5,29108,,,,17,14327,,,,11,31474,,,,,,,,,,,,,,,,,,,,,,,,,,,,,,,,,,,,,,,,,,,
173719,12-Jun-18,23:17:07,2018-06-12 23:17:07,G,3,4,947,601,0,8,-62.699,-61.4675,17:10.1,FastGPS,-62.699,-61.4675,,,9.8,-0.9,,,,15,17,23573,,,,13,7400,,,,15,23686,,,,30,16229,,,,28,22240,,,,20,3355,,,,24,29418,,,,10,23342,,,,,,,,,,,,,,,,,,,,,,,,,,,,,,,,,,,,,,
173719,12-Jun-18,23:49:12,2018-06-12 23:49:12,G,1,4,948,,0,9,-62.696,-61.5029,49:16.6,FastGPS,-62.696,-61.5029,,,12.8,0.6,,,,15,17,16425,,,,28,1890,,,,19,20722,,,,30,22760,,,,15,11305,,,,13,3975,,,,20,22523,,,,24,9358,,,,10,30756,,,,,,,,,,,,,,,,,,,,,,,,,,,,,,,,,
173719,13-Jun-18,1:05:05,2018-06-13 01:05:05,G,3,4,950,602,0,7,-62.6676,-61.5898,05:08.1,FastGPS,-62.6676,-61.5898,,,8.9,-0.9,,,,15,17,26694,,,,12,10691,,,,19,27402,,,,15,11616,,,,24,29287,,,,10,10896,,,,13,21450,,,,,,,,,,,,,,,,,,,,,,,,,,,,,,,,,,,,,,,,,,,
173719,13-Jun-18,1:50:00,2018-06-13 01:50:00,G,2,4,951,603,0,7,-62.6379,-61.6325,50:03.6,FastGPS,-62.6379,-61.6325,,,14.3,-0.4,,,,15,15,19456,,,,17,4877,,,,6,3767,,,,19,7158,,,,12,31562,,,,24,13477,,,,32,27582,,,,,,,,,,,,,,,,,,,,,,,,,,,,,,,,,,,,,,,,,,,
173719,13-Jun-18,2:20:08,2018-06-13 02:20:08,G,1,4,952,603,0,8,-62.6281,-61.6764,20:11.6,FastGPS,-62.6281,-61.6764,,,5,-0.4,,,,15,24,14843,,,,12,12629,,,,32,11085,,,,25,14252,,,,19,26400,,,,1,22276,,,,6,22660,,,,22,30282,,,,,,,,,,,,,,,,,,,,,,,,,,,,,,,,,,,,,,
173719,13-Jun-18,4:52:02,2018-06-13 04:52:02,G,4,4,956,605,0,8,-62.6226,-61.5825,52:05.1,FastGPS,-62.6226,-61.5825,,,12.4,-0.9,,,,15,12,13399,,,,29,23621,,,,2,20928,,,,25,8869,,,,31,25381,,,,6,27775,,,,4,16776,,,,14,18303,,,,,,,,,,,,,,,,,,,,,,,,,,,,,,,,,,,,,,
173719,13-Jun-18,5:41:28,2018-06-13 05:41:28,G,1,4,957,606,0,7,-62.6141,-61.5849,41:31.1,FastGPS,-62.6141,-61.5849,,,11.8,-0.9,,,,15,2,29030,,,,5,26875,,,,12,29607,,,,31,13111,,,,29,13880,,,,25,20644,,,,4,950,,,,,,,,,,,,,,,,,,,,,,,,,,,,,,,,,,,,,,,,,,,
173719,13-Jun-18,7:15:05,2018-06-13 07:15:05,G,2,4,959,608,0,7,-62.6147,-61.5851,15:08.1,FastGPS,-62.6147,-61.5851,,,3.8,-0.8,,,,15,29,27995,,,,26,31002,,,,5,19632,,,,4,13226,,,,31,29320,,,,21,2234,,,,25,9747,,,,,,,,,,,,,,,,,,,,,,,,,,,,,,,,,,,,,,,,,,,
173719,13-Jun-18,7:49:51,2018-06-13 07:49:51,G,3,4,960,608,0,7,-62.6119,-61.5857,49:54.7,FastGPS,-62.6119,-61.5857,,1,2.9,-0.3,,,,15,29,7542,,,,5,5304,,,,16,9000,,,,27,25232,,,,4,21472,,,,26,5242,,,,7,27905,,,,,,,,,,,,,,,,,,,,,,,,,,,,,,,,,,,,,,,,,,,
173719,13-Jun-18,8:20:45,2018-06-13 08:20:45,G,1,4,961,,0,9,-62.6064,-61.5488,20:48.1,FastGPS,-62.6064,-61.5488,,,11.8,-0.9,,,,15,7,25875,,,,29,11816,,,,15,10898,,,,27,20912,,,,5,30448,,,,16,4881,,,,21,14787,,,,20,29280,,,,13,15716,,,,,,,,,,,,,,,,,,,,,,,,,,,,,,,,,
173719,13-Jun-18,8:51:01,2018-06-13 08:51:01,G,1,4,962,,0,9,-62.5989,-61.5254,51:04.6,FastGPS,-62.5989,-61.5254,,,11.2,-0.4,,,,15,27,11379,,,,16,31677,,,,7,23655,,,,20,9399,,,,13,24818,,,,26,7574,,,,21,21732,,,,8,32248,,,,15,21576,,,,,,,,,,,,,,,,,,,,,,,,,,,,,,,,,
173719,13-Jun-18,13:50:06,2018-06-13 13:50:06,G,1,4,964,,0,9,-62.6257,-61.3043,50:09.1,FastGPS,-62.6257,-61.3043,,,7.7,-0.9,,,,15,32,5160,,,,18,14074,,,,11,29558,,,,22,29848,,,,14,2141,,,,31,29866,,,,17,14905,,,,1,7214,,,,3,6995,,,,,,,,,,,,,,,,,,,,,,,,,,,,,,,,,
173719,13-Jun-18,14:53:47,2018-06-13 14:53:47,G,1,4,966,,0,9,-62.6164,-61.2878,53:50.6,FastGPS,-62.6164,-61.2878,,,9.9,-0.4,,,,15,17,19395,,,,3,19343,,,,12,16716,,,,25,31598,,,,32,17012,,,,22,13710,,,,1,6256,,,,19,19289,,,,23,5356,,,,,,,,,,,,,,,,,,,,,,,,,,,,,,,,,
173719,13-Jun-18,15:24:02,2018-06-13 15:24:02,G,1,4,967,,0,9,-62.6198,-61.275,24:05.6,FastGPS,-62.6198,-61.275,,,2.4,-0.4,,,,15,1,25014,,,,23,22871,,,,31,15198,,,,17,4511,,,,22,21236,,,,18,19011,,,,11,20686,,,,19,17896,,,,3,458,,,,,,,,,,,,,,,,,,,,,,,,,,,,,,,,,
173719,13-Jun-18,16:59:17,2018-06-13 16:59:17,G,1,4,970,613,0,7,-62.6236,-61.2168,59:20.6,FastGPS,-62.6236,-61.2168,,,3,-0.4,,,,15,31,29221,,,,6,2074,,,,4,10082,,,,9,18538,,,,26,9309,,,,3,17874,,,,23,25829,,,,,,,,,,,,,,,,,,,,,,,,,,,,,,,,,,,,,,,,,,,
173719,13-Jun-18,17:47:27,2018-06-13 17:47:27,G,1,4,971,614,0,7,-62.6296,-61.1937,47:30.1,FastGPS,-62.6296,-61.1937,,1,3.3,-0.9,,,,15,4,10804,,,,7,19532,,,,26,17028,,,,23,5256,,,,16,30566,,,,9,2496,,,,31,28857,,,,,,,,,,,,,,,,,,,,,,,,,,,,,,,,,,,,,,,,,,,
173719,13-Jun-18,18:56:11,2018-06-13 18:56:11,G,1,4,972,614,0,5,-62.6231,-61.145,56:14.1,FastGPS,-62.6231,-61.145,,,1,-0.9,,,,15,23,12196,,,,29,27134,,,,5,5106,,,,4,3212,,,,7,13957,,,,,,,,,,,,,,,,,,,,,,,,,,,,,,,,,,,,,,,,,,,,,,,,,,,,,
173719,13-Jun-18,19:26:00,2018-06-13 19:26:00,G,2,4,973,614,0,5,-62.6236,-61.1276,26:03.1,FastGPS,-62.6236,-61.1276,,,5.6,-0.9,,,,15,9,15449,,,,23,7751,,,,7,13082,,,,16,26386,,,,5,31562,,,,,,,,,,,,,,,,,,,,,,,,,,,,,,,,,,,,,,,,,,,,,,,,,,,,,
173719,13-Jun-18,19:56:00,2018-06-13 19:56:00,G,2,4,974,614,0,8,-62.6278,-61.131,56:03.1,FastGPS,-62.6278,-61.131,,,7,-0.9,,,,15,5,1467,,,,9,32096,,,,7,12610,,,,23,3552,,,,30,21278,,,,27,26316,,,,16,24854,,,,8,11698,,,,,,,,,,,,,,,,,,,,,,,,,,,,,,,,,,,,,,
173719,13-Jun-18,23:53:01,2018-06-13 23:53:01,G,2,4,980,,0,9,-62.6341,-61.1359,53:04.1,FastGPS,-62.6341,-61.1359,,,7.1,-0.9,,,,15,17,22914,,,,19,30885,,,,13,18051,,,,15,11603,,,,28,19426,,,,24,11512,,,,30,29700,,,,10,10726,,,,20,14798,,,,,,,,,,,,,,,,,,,,,,,,,,,,,,,,,
173719,14-Jun-18,0:23:02,2018-06-14 00:23:02,G,5,4,981,,0,9,-62.6345,-61.1388,23:05.6,FastGPS,-62.6345,-61.1388,,,13.3,-0.4,,,,15,17,17528,,,,12,14354,,,,19,21075,,,,13,2050,,,,15,30490,,,,20,11078,,,,28,9361,,,,24,13914,,,,10,11092,,,,,,,,,,,,,,,,,,,,,,,,,,,,,,,,,
173719,14-Jun-18,1:08:27,2018-06-14 01:08:27,G,2,4,982,618,0,8,-62.6324,-61.1373,08:30.1,FastGPS,-62.6324,-61.1373,,,9.2,-0.9,,,,15,17,27816,,,,1,26370,,,,12,5914,,,,28,24935,,,,32,18968,,,,24,5527,,,,18,10940,,,,11,24989,,,,,,,,,,,,,,,,,,,,,,,,,,,,,,,,,,,,,,
173719,14-Jun-18,1:54:04,2018-06-14 01:54:04,G,5,4,983,619,0,7,-62.6324,-61.1386,54:07.6,FastGPS,-62.6324,-61.1386,,,7.3,-0.4,,,,15,12,29197,,,,17,27718,,,,32,18010,,,,19,16422,,,,24,15929,,,,25,17781,,,,6,15066,,,,,,,,,,,,,,,,,,,,,,,,,,,,,,,,,,,,,,,,,,,
173719,14-Jun-18,2:42:09,2018-06-14 02:42:09,G,2,4,984,620,0,8,-62.6328,-61.1394,42:12.6,FastGPS,-62.6328,-61.1394,,,9.9,-0.4,,,,15,12,9100,,,,32,32398,,,,17,6922,,,,19,4388,,,,25,9636,,,,6,20138,,,,14,13608,,,,24,7315,,,,,,,,,,,,,,,,,,,,,,,,,,,,,,,,,,,,,,
173719,14-Jun-18,3:44:05,2018-06-14 03:44:05,G,1,4,985,,0,9,-62.6322,-61.1366,44:08.6,FastGPS,-62.6322,-61.1366,,,7.9,-0.4,,,,15,31,19009,,,,25,26729,,,,12,21724,,,,14,13060,,,,6,8412,,,,2,4488,,,,29,15108,,,,32,24371,,,,19,25189,,,,,,,,,,,,,,,,,,,,,,,,,,,,,,,,,
173719,14-Jun-18,4:46:12,2018-06-14 04:46:12,G,2,4,986,624,0,8,-62.6363,-61.148,46:15.1,FastGPS,-62.6363,-61.148,,,14.9,-0.8,,,,15,12,31180,,,,4,17751,,,,2,2034,,,,29,27750,,,,31,31905,,,,25,20059,,,,26,22296,,,,14,384,,,,,,,,,,,,,,,,,,,,,,,,,,,,,,,,,,,,,,
173719,14-Jun-18,5:16:01,2018-06-14 05:16:01,G,1,4,987,624,0,6,-62.6367,-61.1489,16:05.1,FastGPS,-62.6367,-61.1489,,,6.2,0.1,,,,15,12,32108,,,,2,2628,,,,31,2028,,,,5,28868,,,,29,20798,,,,4,26962,,,,,,,,,,,,,,,,,,,,,,,,,,,,,,,,,,,,,,,,,,,,,,,,
173719,14-Jun-18,6:19:54,2018-06-14 06:19:54,G,1,4,989,624,0,5,-62.6397,-61.1622,19:58.1,FastGPS,-62.6397,-61.1622,,,3.1,0.1,,,,15,2,7200,,,,9,30292,,,,5,12007,,,,29,8491,,,,25,32632,,,,,,,,,,,,,,,,,,,,,,,,,,,,,,,,,,,,,,,,,,,,,,,,,,,,,
173719,14-Jun-18,6:52:38,2018-06-14 06:52:38,G,1,4,990,624,0,7,-62.6282,-61.1475,52:42.1,FastGPS,-62.6282,-61.1475,,,4.9,0.2,,,,15,5,23746,,,,29,26266,,,,16,13315,,,,26,1106,,,,4,1351,,,,25,19120,,,,9,516,,,,,,,,,,,,,,,,,,,,,,,,,,,,,,,,,,,,,,,,,,,
173719,14-Jun-18,7:37:00,2018-06-14 07:37:00,G,1,4,991,625,0,6,-62.6282,-61.1355,37:04.6,FastGPS,-62.6282,-61.1355,,,10,0.6,,,,15,4,1259,,,,7,29931,,,,21,9558,,,,26,9886,,,,29,3172,,,,16,18318,,,,,,,,,,,,,,,,,,,,,,,,,,,,,,,,,,,,,,,,,,,,,,,,
173719,14-Jun-18,8:37:01,2018-06-14 08:37:01,G,2,4,993,,0,9,-62.6286,-61.1339,37:04.1,FastGPS,-62.6286,-61.1339,,1,10.7,-0.9,,,,15,29,13931,,,,15,8441,,,,4,7396,,,,20,24560,,,,10,24762,,,,16,22852,,,,26,25398,,,,21,10552,,,,13,24638,,,,,,,,,,,,,,,,,,,,,,,,,,,,,,,,,
173719,14-Jun-18,9:07:00,2018-06-14 09:07:00,G,2,4,994,625,0,8,-62.6256,-61.1276,07:04.1,FastGPS,-62.6256,-61.1276,,,6,0.1,,,,15,7,30784,,,,15,29578,,,,30,8326,,,,13,1762,,,,27,25615,,,,21,14756,,,,8,13578,,,,16,14472,,,,,,,,,,,,,,,,,,,,,,,,,,,,,,,,,,,,,,
173719,14-Jun-18,10:07:53,2018-06-14 10:07:53,G,1,4,996,625,0,8,-62.6255,-61.124,07:57.7,FastGPS,-62.6255,-61.124,,,12.9,0.7,,,,15,10,19936,,,,27,5884,,,,8,14185,,,,21,7118,,,,20,8819,,,,15,7097,,,,16,20888,,,,18,8858,,,,,,,,,,,,,,,,,,,,,,,,,,,,,,,,,,,,,,
173719,14-Jun-18,11:41:00,2018-06-14 11:41:00,G,1,4,999,,0,9,-62.6256,-61.1242,41:03.1,FastGPS,-62.6256,-61.1242,,,7.4,-0.9,,,,15,10,24084,,,,8,25561,,,,20,21857,,,,27,21955,,,,32,5163,,,,18,3686,,,,24,1634,,,,11,8189,,,,28,19516,,,,,,,,,,,,,,,,,,,,,,,,,,,,,,,,,
173719,14-Jun-18,12:11:00,2018-06-14 12:11:00,G,3,4,1000,625,0,8,-62.6258,-61.1244,11:04.1,FastGPS,-62.6258,-61.1244,,,6.6,0.1,,,,15,28,24934,,,,11,21707,,,,18,14478,,,,1,1344,,,,32,31596,,,,10,20720,,,,8,1271,,,,20,3766,,,,,,,,,,,,,,,,,,,,,,,,,,,,,,,,,,,,,,
173719,14-Jun-18,12:57:00,2018-06-14 12:57:00,G,1,4,1001,,0,9,-62.6258,-61.1246,57:04.1,FastGPS,-62.6258,-61.1246,,,14.8,0.1,,,,15,32,22311,,,,10,24623,,,,8,3818,,,,22,1826,,,,14,8598,,,,1,19688,,,,11,16025,,,,18,5014,,,,3,19891,,,,,,,,,,,,,,,,,,,,,,,,,,,,,,,,,
173719,14-Jun-18,13:42:00,2018-06-14 13:42:00,G,2,4,1002,627,0,8,-62.6197,-61.1417,42:04.6,FastGPS,-62.6197,-61.1417,,,7.4,0.6,,,,15,32,17794,,,,18,23551,,,,14,3714,,,,17,7692,,,,22,23338,,,,1,7708,,,,11,5544,,,,3,26866,,,,,,,,,,,,,,,,,,,,,,,,,,,,,,,,,,,,,,
173719,14-Jun-18,15:14:00,2018-06-14 15:14:00,G,2,4,1004,,0,9,-62.6173,-61.1559,14:03.1,FastGPS,-62.6173,-61.1559,,,8.8,-0.9,,,,15,31,20988,,,,22,10614,,,,23,8644,,,,1,24322,,,,14,27587,,,,18,23038,,,,3,7831,,,,11,22413,,,,17,30500,,,,,,,,,,,,,,,,,,,,,,,,,,,,,,,,,
173719,14-Jun-18,15:46:49,2018-06-14 15:46:49,G,1,4,1005,,0,9,-62.6174,-61.1557,46:53.1,FastGPS,-62.6174,-61.1557,,,4.8,0.2,,,,15,31,678,,,,22,3636,,,,17,27995,,,,3,12613,,,,9,24250,,,,23,2351,,,,1,30424,,,,14,28117,,,,19,9652,,,,,,,,,,,,,,,,,,,,,,,,,,,,,,,,,
173719,14-Jun-18,16:17:01,2018-06-14 16:17:01,G,1,4,1006,,0,9,-62.6175,-61.1555,17:05.6,FastGPS,-62.6175,-61.1555,,,4.6,0.6,,,,15,31,6616,,,,22,12449,,,,9,8005,,,,3,19874,,,,23,24636,,,,1,3273,,,,6,28474,,,,26,16437,,,,17,14308,,,,,,,,,,,,,,,,,,,,,,,,,,,,,,,,,
173719,14-Jun-18,16:48:03,2018-06-14 16:48:03,G,2,4,1007,629,0,8,-62.619,-61.1477,48:06.1,FastGPS,-62.619,-61.1477,,,9.7,-0.9,,,,15,31,28558,,,,6,7873,,,,9,2519,,,,23,32298,,,,26,30394,,,,2,19482,,,,4,3796,,,,25,9578,,,,,,,,,,,,,,,,,,,,,,,,,,,,,,,,,,,,,,
173719,14-Jun-18,17:18:00,2018-06-14 17:18:00,G,1,4,1008,629,0,8,-62.6203,-61.1359,18:04.6,FastGPS,-62.6203,-61.1359,,,9,0.6,,,,15,31,19935,,,,6,368,,,,9,29889,,,,2,11411,,,,29,3287,,,,23,25782,,,,4,19617,,,,16,23644,,,,,,,,,,,,,,,,,,,,,,,,,,,,,,,,,,,,,,
173719,14-Jun-18,17:48:00,2018-06-14 17:48:00,G,1,4,1009,629,0,7,-62.6206,-61.1345,48:03.1,FastGPS,-62.6206,-61.1345,,1,1.7,-0.9,,,,15,4,1497,,,,26,11572,,,,7,3412,,,,23,21414,,,,2,30809,,,,16,4622,,,,29,10451,,,,,,,,,,,,,,,,,,,,,,,,,,,,,,,,,,,,,,,,,,,
173719,14-Jun-18,18:19:29,2018-06-14 18:19:29,G,3,4,1010,629,0,7,-62.6211,-61.138,19:33.6,FastGPS,-62.6211,-61.138,,,3.8,0.6,,,,15,7,5137,,,,23,16388,,,,2,1738,,,,9,10444,,,,5,13530,,,,6,4529,,,,16,23928,,,,,,,,,,,,,,,,,,,,,,,,,,,,,,,,,,,,,,,,,,,
173719,14-Jun-18,19:19:00,2018-06-14 19:19:00,G,1,4,1012,629,0,8,-62.6227,-61.1376,19:04.1,FastGPS,-62.6227,-61.1376,,,8.9,0.1,,,,15,7,6828,,,,5,22081,,,,30,32103,,,,29,18894,,,,9,20800,,,,2,13398,,,,16,29942,,,,23,20116,,,,,,,,,,,,,,,,,,,,,,,,,,,,,,,,,,,,,,
173719,14-Jun-18,19:49:01,2018-06-14 19:49:01,G,1,4,1013,629,0,6,-62.6269,-61.1343,49:05.1,FastGPS,-62.6269,-61.1343,,,6.5,0.1,,,,15,30,23390,,,,7,22758,,,,5,7916,,,,9,19443,,,,13,56,,,,2,1020,,,,,,,,,,,,,,,,,,,,,,,,,,,,,,,,,,,,,,,,,,,,,,,,
173719,14-Jun-18,20:19:01,2018-06-14 20:19:01,G,1,4,1014,629,0,7,-62.6301,-61.156,19:05.6,FastGPS,-62.6301,-61.156,,,8.3,0.6,,,,15,5,247,,,,30,31546,,,,7,10252,,,,13,1915,,,,9,8378,,,,28,49,,,,21,9112,,,,,,,,,,,,,,,,,,,,,,,,,,,,,,,,,,,,,,,,,,,
173719,14-Jun-18,22:08:18,2018-06-14 22:08:18,G,1,4,1016,632,0,6,-62.6231,-61.2025,08:21.6,FastGPS,-62.6231,-61.2025,,,3,-0.4,,,,15,28,23728,,,,5,9672,,,,30,25068,,,,7,11559,,,,13,757,,,,8,20760,,,,,,,,,,,,,,,,,,,,,,,,,,,,,,,,,,,,,,,,,,,,,,,,
173719,14-Jun-18,23:27:42,2018-06-14 23:27:42,G,1,4,1017,,0,9,-62.6219,-61.198,27:45.1,FastGPS,-62.6219,-61.198,,,9,-0.9,,,,15,15,17650,,,,18,15260,,,,24,25402,,,,20,8794,,,,11,18263,,,,10,14641,,,,28,7895,,,,13,14880,,,,1,8644,,,,,,,,,,,,,,,,,,,,,,,,,,,,,,,,,
173719,15-Jun-18,0:00:59,2018-06-15 00:00:59,G,1,4,1018,,0,9,-62.6362,-61.1868,01:03.6,FastGPS,-62.6362,-61.1868,,,5.1,0.6,,,,15,15,31460,,,,24,23005,,,,18,7229,,,,11,7506,,,,10,17253,,,,28,12915,,,,20,25514,,,,1,632,,,,13,8516,,,,,,,,,,,,,,,,,,,,,,,,,,,,,,,,,
173719,15-Jun-18,0:34:55,2018-06-15 00:34:55,G,1,4,1019,,0,9,-62.6542,-61.1869,34:58.1,FastGPS,-62.6542,-61.1869,,,10.8,-0.9,,,,15,12,5576,,,,15,7001,,,,24,8310,,,,32,20544,,,,17,32492,,,,18,29898,,,,1,26232,,,,19,26035,,,,10,10433,,,,,,,,,,,,,,,,,,,,,,,,,,,,,,,,,
173719,15-Jun-18,4:44:43,2018-06-15 04:44:43,G,1,4,1025,639,0,7,-62.7154,-61.0846,44:47.6,FastGPS,-62.7154,-61.0846,,,10.6,0.6,,,,15,31,8620,,,,4,2260,,,,29,8194,,,,6,10765,,,,23,10357,,,,2,6126,,,,5,7868,,,,,,,,,,,,,,,,,,,,,,,,,,,,,,,,,,,,,,,,,,,
173719,15-Jun-18,6:20:10,2018-06-15 06:20:10,G,1,4,1027,641,0,5,-62.6206,-61.1345,48:03.1,FastGPS,-62.7338,-61.0664,,1,1.1,-0.9,,,,15,29,25394,,,,5,5325,,,,4,28738,,,,2,8523,,,,26,1835,,,,,,,,,,,,,,,,,,,,,,,,,,,,,,,,,,,,,,,,,,,,,,,,,,,,,
173719,15-Jun-18,8:14:02,2018-06-15 08:14:02,G,1,4,1028,,0,9,-62.7324,-61.0573,14:06.1,FastGPS,-62.7324,-61.0573,,1,8.4,0.1,,,,15,15,13520,,,,29,2396,,,,13,17946,,,,5,23222,,,,26,23215,,,,4,15830,,,,20,22335,,,,21,10749,,,,7,23936,,,,,,,,,,,,,,,,,,,,,,,,,,,,,,,,,
173719,15-Jun-18,8:44:00,2018-06-15 08:44:00,G,1,4,1029,,0,9,-62.7199,-61.0761,44:04.6,FastGPS,-62.7199,-61.0761,,1,11.5,0.6,,,,15,15,7585,,,,21,1758,,,,4,23889,,,,13,9742,,,,10,11097,,,,20,20646,,,,26,14260,,,,16,8750,,,,29,26673,,,,,,,,,,,,,,,,,,,,,,,,,,,,,,,,,
173719,15-Jun-18,15:45:00,2018-06-15 15:45:00,G,1,4,1039,,0,9,-62.7174,-61.2712,45:03.1,FastGPS,-62.7174,-61.2712,,,7,-0.9,,,,15,23,18443,,,,22,6121,,,,17,29291,,,,3,20460,,,,19,16800,,,,1,29178,,,,6,18138,,,,31,8867,,,,12,18344,,,,,,,,,,,,,,,,,,,,,,,,,,,,,,,,,
173719,15-Jun-18,17:51:05,2018-06-15 17:51:05,G,1,4,1042,655,0,8,-62.715,-61.2696,51:09.1,FastGPS,-62.715,-61.2696,,1,8.7,0.2,,,,15,7,14096,,,,23,12503,,,,16,31542,,,,6,10580,,,,26,19867,,,,3,7390,,,,9,19694,,,,4,4388,,,,,,,,,,,,,,,,,,,,,,,,,,,,,,,,,,,,,,
173719,15-Jun-18,19:09:00,2018-06-15 19:09:00,G,1,4,1044,656,0,7,-62.7149,-61.269,09:04.1,FastGPS,-62.7149,-61.269,,,7.2,0.1,,,,15,9,11669,,,,23,24818,,,,7,6410,,,,5,16844,,,,16,17462,,,,30,19042,,,,2,15435,,,,,,,,,,,,,,,,,,,,,,,,,,,,,,,,,,,,,,,,,,,
173719,15-Jun-18,19:41:43,2018-06-15 19:41:43,G,3,4,1045,656,0,5,-62.7158,-61.2685,41:47.2,FastGPS,-62.7158,-61.2685,,,6,0.2,,,,15,7,19241,,,,30,11152,,,,5,1388,,,,9,26689,,,,13,17301,,,,,,,,,,,,,,,,,,,,,,,,,,,,,,,,,,,,,,,,,,,,,,,,,,,,,
173719,15-Jun-18,21:30:06,2018-06-15 21:30:06,G,1,4,1048,,0,9,-62.7165,-61.2439,30:10.2,FastGPS,-62.7165,-61.2439,,,9.7,0.2,,,,15,15,27005,,,,7,32690,,,,13,21556,,,,8,7522,,,,21,14249,,,,27,11952,,,,30,6129,,,,5,20926,,,,28,29054,,,,,,,,,,,,,,,,,,,,,,,,,,,,,,,,,
173719,15-Jun-18,23:17:08,2018-06-15 23:17:08,G,1,4,1049,662,0,8,-62.7134,-61.245,17:12.1,FastGPS,-62.7134,-61.245,,,7,0.1,,,,15,11,8490,,,,28,13340,,,,19,25229,,,,13,22917,,,,17,27303,,,,30,9278,,,,1,12788,,,,18,31514,,,,,,,,,,,,,,,,,,,,,,,,,,,,,,,,,,,,,,
173719,16-Jun-18,3:52:06,2018-06-16 03:52:06,G,1,4,1055,668,0,7,-62.7201,-61.1266,52:09.2,FastGPS,-62.7201,-61.1266,,,21.5,-0.8,,,,15,29,11209,,,,25,14484,,,,12,16790,,,,19,16868,,,,6,6872,,,,31,5185,,,,2,32188,,,,,,,,,,,,,,,,,,,,,,,,,,,,,,,,,,,,,,,,,,,
173719,16-Jun-18,6:00:33,2018-06-16 06:00:33,G,1,4,1058,,0,9,-62.7229,-61.0807,00:37.6,FastGPS,-62.7229,-61.0807,,1,9.8,0.6,,,,15,23,13728,,,,31,29454,,,,21,22107,,,,16,27337,,,,29,13982,,,,4,10664,,,,25,8902,,,,26,2760,,,,9,28685,,,,,,,,,,,,,,,,,,,,,,,,,,,,,,,,,
173719,16-Jun-18,14:37:13,2018-06-16 14:37:13,G,3,4,1068,,0,9,-62.672,-61.1554,37:16.1,FastGPS,-62.672,-61.1554,,,7.7,-0.8,,,,15,18,6808,,,,17,17086,,,,31,3074,,,,3,4331,,,,1,9438,,,,11,30972,,,,23,8284,,,,22,9228,,,,12,9346,,,,,,,,,,,,,,,,,,,,,,,,,,,,,,,,,
173719,16-Jun-18,15:07:00,2018-06-16 15:07:00,G,1,4,1069,,0,9,-62.672,-61.1549,07:03.1,FastGPS,-62.672,-61.1549,,,14,-0.8,,,,15,17,27286,,,,19,28786,,,,12,31808,,,,3,8455,,,,23,12426,,,,6,7300,,,,1,19752,,,,31,22209,,,,32,29179,,,,,,,,,,,,,,,,,,,,,,,,,,,,,,,,,
173719,16-Jun-18,20:47:34,2018-06-16 20:47:34,G,1,4,1078,680,0,8,-62.6717,-61.2077,47:37.2,FastGPS,-62.6717,-61.2077,,,14.4,-0.8,,,,15,7,7002,,,,30,7226,,,,5,3271,,,,28,414,,,,8,22862,,,,9,14460,,,,13,17849,,,,15,2074,,,,,,,,,,,,,,,,,,,,,,,,,,,,,,,,,,,,,,
173719,16-Jun-18,21:22:39,2018-06-16 21:22:39,G,2,4,1079,680,0,4,-62.622,-61.639,23:55.2,FastGPS,-62.6629,-61.2481,,,0.8,-0.8,,,,15,28,10483,,,,30,4694,,,,15,6580,,,,5,26606,,,,,,,,,,,,,,,,,,,,,,,,,,,,,,,,,,,,,,,,,,,,,,,,,,,,,,,,,,
173719,16-Jun-18,21:52:00,2018-06-16 21:52:00,G,1,4,1080,,0,9,-62.6573,-61.2923,52:03.2,FastGPS,-62.6573,-61.2923,,,7,-0.8,,,,15,7,26748,,,,28,17054,,,,30,25428,,,,15,30643,,,,5,24200,,,,13,5252,,,,8,8248,,,,21,14289,,,,20,29542,,,,,,,,,,,,,,,,,,,,,,,,,,,,,,,,,
173719,16-Jun-18,22:22:00,2018-06-16 22:22:00,G,1,4,1081,,0,9,-62.6457,-61.3333,22:03.2,FastGPS,-62.6457,-61.3333,,,13.2,-0.8,,,,15,30,11362,,,,28,10098,,,,15,30889,,,,13,27906,,,,24,3274,,,,8,1266,,,,7,27596,,,,5,30155,,,,20,8922,,,,,,,,,,,,,,,,,,,,,,,,,,,,,,,,,
173719,17-Jun-18,0:28:16,2018-06-17 00:28:16,G,1,4,1085,,0,9,-62.6057,-61.461,28:19.2,FastGPS,-62.6057,-61.461,,,8,-0.8,,,,15,15,24962,,,,17,22342,,,,28,3555,,,,12,2824,,,,13,29548,,,,19,18610,,,,1,13675,,,,24,1157,,,,11,14528,,,,,,,,,,,,,,,,,,,,,,,,,,,,,,,,,
173719,17-Jun-18,2:52:03,2018-06-17 02:52:03,G,1,4,1087,,0,9,-62.6094,-61.6157,52:06.2,FastGPS,-62.6094,-61.6157,,,27.5,-0.8,,,,15,19,8232,,,,12,21905,,,,6,18753,,,,17,427,,,,2,29494,,,,24,30883,,,,3,21006,,,,14,9459,,,,25,25274,,,,,,,,,,,,,,,,,,,,,,,,,,,,,,,,,
173719,17-Jun-18,3:23:52,2018-06-17 03:23:52,G,1,4,1088,682,0,8,-62.622,-61.639,23:55.2,FastGPS,-62.622,-61.639,,,7.4,-0.8,,,,15,29,24329,,,,2,23224,,,,25,21807,,,,12,9386,,,,14,4690,,,,31,32304,,,,32,31086,,,,24,1480,,,,,,,,,,,,,,,,,,,,,,,,,,,,,,,,,,,,,,
173719,17-Jun-18,7:35:35,2018-06-17 07:35:35,G,2,4,1091,688,0,8,-62.7332,-61.5784,35:39.1,FastGPS,-62.7332,-61.5784,,,19.3,0.2,,,,15,5,30526,,,,4,12954,,,,16,9859,,,,29,29086,,,,26,31396,,,,21,4978,,,,27,31262,,,,13,23128,,,,,,,,,,,,,,,,,,,,,,,,,,,,,,,,,,,,,,
173719,17-Jun-18,8:19:07,2018-06-17 08:19:07,G,2,4,1092,,0,9,-62.7437,-61.5437,19:11.7,FastGPS,-62.7437,-61.5437,,1,18.2,0.7,,,,15,27,18897,,,,16,9332,,,,7,17092,,,,4,11258,,,,26,26788,,,,15,2196,,,,13,26419,,,,21,25754,,,,5,13762,,,,,,,,,,,,,,,,,,,,,,,,,,,,,,,,,
173719,17-Jun-18,8:49:01,2018-06-17 08:49:01,G,1,4,1093,,0,9,-62.7506,-61.5212,49:04.2,FastGPS,-62.7506,-61.5212,,,6.1,-0.8,,,,15,27,20982,,,,16,4531,,,,7,15974,,,,13,7280,,,,29,12485,,,,15,24296,,,,30,11240,,,,8,1210,,,,21,1206,,,,,,,,,,,,,,,,,,,,,,,,,,,,,,,,,
173719,17-Jun-18,9:19:12,2018-06-17 09:19:12,G,1,4,1094,688,0,7,-62.744,-61.504,19:16.2,FastGPS,-62.744,-61.504,,,13.8,0.2,,,,15,15,9867,,,,21,24728,,,,13,4826,,,,27,21854,,,,20,18872,,,,16,16570,,,,26,1917,,,,,,,,,,,,,,,,,,,,,,,,,,,,,,,,,,,,,,,,,,,
173719,17-Jun-18,12:03:01,2018-06-17 12:03:01,G,3,4,1097,,0,9,-62.7249,-61.3673,03:05.2,FastGPS,-62.7249,-61.3673,,,4.6,0.2,,,,15,18,26007,,,,11,1369,,,,8,23864,,,,20,3821,,,,1,21137,,,,24,17337,,,,28,25148,,,,10,9626,,,,14,16066,,,,,,,,,,,,,,,,,,,,,,,,,,,,,,,,,
173719,17-Jun-18,12:35:14,2018-06-17 12:35:14,G,3,4,1098,,0,9,-62.7264,-61.3629,35:18.2,FastGPS,-62.7264,-61.3629,,,8.7,0.2,,,,15,32,7444,,,,14,32172,,,,22,17630,,,,10,16404,,,,28,15217,,,,8,29994,,,,3,29867,,,,18,21644,,,,1,16314,,,,,,,,,,,,,,,,,,,,,,,,,,,,,,,,,
173719,17-Jun-18,16:13:28,2018-06-17 16:13:28,G,1,4,1102,,0,9,-62.7076,-61.3327,13:32.2,FastGPS,-62.7076,-61.3327,,1,15.5,0.2,,,,15,6,28385,,,,23,21276,,,,31,3011,,,,25,3838,,,,9,28044,,,,2,5648,,,,26,31073,,,,4,19880,,,,3,17576,,,,,,,,,,,,,,,,,,,,,,,,,,,,,,,,,
173719,17-Jun-18,16:59:00,2018-06-17 16:59:00,G,4,4,1103,696,0,8,-62.7079,-61.3341,59:04.6,FastGPS,-62.7079,-61.3341,,,18.2,0.6,,,,15,23,12490,,,,4,26484,,,,31,27816,,,,3,19960,,,,26,5690,,,,7,7108,,,,2,10062,,,,6,21399,,,,,,,,,,,,,,,,,,,,,,,,,,,,,,,,,,,,,,
173719,17-Jun-18,21:21:00,2018-06-17 21:21:00,G,1,4,1105,701,0,8,-62.6313,-61.4172,21:03.2,FastGPS,-62.6313,-61.4172,,,4.3,-0.8,,,,15,7,13438,,,,28,4197,,,,30,18265,,,,5,3621,,,,15,1095,,,,13,30886,,,,8,16556,,,,21,26682,,,,,,,,,,,,,,,,,,,,,,,,,,,,,,,,,,,,,,
173719,17-Jun-18,22:22:12,2018-06-17 22:22:12,G,1,4,1107,701,0,8,-62.6297,-61.5344,22:15.7,FastGPS,-62.6297,-61.5344,,,5.1,-0.3,,,,15,30,7506,,,,15,20556,,,,28,24306,,,,7,17395,,,,13,5619,,,,5,22660,,,,8,1330,,,,20,25454,,,,,,,,,,,,,,,,,,,,,,,,,,,,,,,,,,,,,,
173719,17-Jun-18,22:52:16,2018-06-17 22:52:16,G,1,4,1108,701,0,8,-62.6327,-61.5497,52:19.1,FastGPS,-62.6327,-61.5497,,,9.6,-0.9,,,,15,17,6927,,,,13,18369,,,,28,29778,,,,24,14227,,,,15,21272,,,,30,4839,,,,10,13941,,,,20,563,,,,,,,,,,,,,,,,,,,,,,,,,,,,,,,,,,,,,,
173719,17-Jun-18,23:23:07,2018-06-17 23:23:07,G,2,4,1109,,0,9,-62.6307,-61.5904,23:10.7,FastGPS,-62.6307,-61.5904,,,7.7,-0.3,,,,15,17,27809,,,,13,21606,,,,28,16818,,,,30,15900,,,,24,21242,,,,19,28201,,,,15,13879,,,,20,31209,,,,10,23440,,,,,,,,,,,,,,,,,,,,,,,,,,,,,,,,,
173719,17-Jun-18,23:55:34,2018-06-17 23:55:34,G,1,4,1110,,0,9,-62.6155,-61.6387,55:37.6,FastGPS,-62.6155,-61.6387,,,11.1,-0.3,,,,15,17,25368,,,,28,23431,,,,15,26740,,,,24,19759,,,,19,15614,,,,13,19554,,,,12,4818,,,,20,20042,,,,1,15664,,,,,,,,,,,,,,,,,,,,,,,,,,,,,,,,,
173719,18-Jun-18,0:27:10,2018-06-18 00:27:10,G,1,4,1111,,0,9,-62.6043,-61.6965,27:13.7,FastGPS,-62.6043,-61.6965,,,7.1,-0.3,,,,15,17,11115,,,,12,2892,,,,19,12529,,,,15,2487,,,,28,7232,,,,24,27078,,,,13,1540,,,,10,11578,,,,1,32018,,,,,,,,,,,,,,,,,,,,,,,,,,,,,,,,,
173719,18-Jun-18,1:31:01,2018-06-18 01:31:01,G,1,4,1113,701,0,6,-62.5908,-61.6656,31:04.7,FastGPS,-62.5908,-61.6656,,,2.1,-0.3,,,,15,12,12752,,,,32,6154,,,,17,8024,,,,1,17917,,,,22,28382,,,,24,20952,,,,,,,,,,,,,,,,,,,,,,,,,,,,,,,,,,,,,,,,,,,,,,,,
173719,18-Jun-18,2:06:29,2018-06-18 02:06:29,G,1,4,1114,,0,9,-62.5969,-61.6285,06:32.2,FastGPS,-62.5969,-61.6285,,,9.2,-0.8,,,,15,17,15034,,,,32,4100,,,,14,3117,,,,12,15536,,,,19,6957,,,,6,982,,,,24,23352,,,,25,44,,,,22,22358,,,,,,,,,,,,,,,,,,,,,,,,,,,,,,,,,
173719,18-Jun-18,2:38:21,2018-06-18 02:38:21,G,2,4,1115,,0,9,-62.6239,-61.6411,38:24.6,FastGPS,-62.6239,-61.6411,,,8.8,-0.4,,,,15,31,20152,,,,32,7284,,,,12,4297,,,,3,2699,,,,17,30170,,,,14,19540,,,,25,10774,,,,24,17496,,,,29,32468,,,,,,,,,,,,,,,,,,,,,,,,,,,,,,,,,
173719,18-Jun-18,3:23:02,2018-06-18 03:23:02,G,1,4,1116,,0,9,-62.6495,-61.6518,23:06.7,FastGPS,-62.6495,-61.6518,,,13.7,0.7,,,,15,31,21758,,,,19,28988,,,,3,8866,,,,12,13611,,,,2,8457,,,,25,5092,,,,14,9236,,,,6,31026,,,,24,27444,,,,,,,,,,,,,,,,,,,,,,,,,,,,,,,,,
173719,18-Jun-18,5:56:16,2018-06-18 05:56:16,G,1,4,1121,,0,9,-62.7417,-61.8327,56:20.2,FastGPS,-62.7417,-61.8327,,1,8.8,0.2,,,,15,16,31232,,,,4,4174,,,,2,23044,,,,26,338,,,,31,3689,,,,5,14121,,,,23,22792,,,,29,27529,,,,9,13062,,,,,,,,,,,,,,,,,,,,,,,,,,,,,,,,,
173719,18-Jun-18,6:27:27,2018-06-18 06:27:27,G,1,4,1122,702,0,8,-62.766,-61.8135,27:30.2,FastGPS,-62.766,-61.8135,,1,10.5,-0.8,,,,15,31,17544,,,,21,16151,,,,5,4090,,,,16,29426,,,,29,22028,,,,26,4203,,,,4,11910,,,,25,4627,,,,,,,,,,,,,,,,,,,,,,,,,,,,,,,,,,,,,,
173719,18-Jun-18,7:27:11,2018-06-18 07:27:11,G,2,4,1124,702,0,7,-62.8066,-61.865,27:14.7,FastGPS,-62.8066,-61.865,,,10.3,-0.3,,,,15,29,22312,,,,21,6502,,,,4,1493,,,,26,16780,,,,5,21074,,,,27,25564,,,,16,14951,,,,,,,,,,,,,,,,,,,,,,,,,,,,,,,,,,,,,,,,,,,
173719,18-Jun-18,7:57:03,2018-06-18 07:57:03,G,2,4,1125,702,0,7,-62.8186,-61.8426,57:06.7,FastGPS,-62.8186,-61.8426,,1,4.1,-0.3,,,,15,16,22116,,,,26,27196,,,,27,26979,,,,4,22077,,,,21,29010,,,,7,8504,,,,5,29062,,,,,,,,,,,,,,,,,,,,,,,,,,,,,,,,,,,,,,,,,,,
173719,18-Jun-18,8:27:02,2018-06-18 08:27:02,G,1,4,1126,,0,9,-62.8398,-61.8153,27:06.7,FastGPS,-62.8398,-61.8153,,,7.2,0.7,,,,15,27,2883,,,,16,5239,,,,7,28825,,,,15,11138,,,,13,21490,,,,26,21701,,,,21,25970,,,,20,18295,,,,5,1992,,,,,,,,,,,,,,,,,,,,,,,,,,,,,,,,,
173719,18-Jun-18,8:57:14,2018-06-18 08:57:14,G,1,4,1127,,0,9,-62.864,-61.7818,57:17.2,FastGPS,-62.864,-61.7818,,,11.1,-0.8,,,,15,15,20376,,,,7,6718,,,,27,25121,,,,13,16538,,,,30,32088,,,,16,11757,,,,8,29534,,,,20,29226,,,,21,12516,,,,,,,,,,,,,,,,,,,,,,,,,,,,,,,,,
173719,18-Jun-18,14:37:02,2018-06-18 14:37:02,G,1,4,1134,,0,9,-62.8079,-61.5321,37:06.7,FastGPS,-62.8079,-61.5321,,,4.1,0.7,,,,15,31,23289,,,,17,12886,,,,19,22754,,,,1,25065,,,,22,7632,,,,12,16354,,,,3,22055,,,,18,11065,,,,14,920,,,,,,,,,,,,,,,,,,,,,,,,,,,,,,,,,
173719,18-Jun-18,15:12:27,2018-06-18 15:12:27,G,2,4,1135,,0,9,-62.8073,-61.5319,12:30.6,FastGPS,-62.8073,-61.5319,,,3.5,-0.3,,,,15,31,21927,,,,22,4807,,,,12,6587,,,,1,24965,,,,25,21099,,,,14,24593,,,,23,24768,,,,3,5071,,,,19,18632,,,,,,,,,,,,,,,,,,,,,,,,,,,,,,,,,
173719,18-Jun-18,15:42:51,2018-06-18 15:42:51,G,2,4,1136,706,0,6,-62.8011,-61.5318,42:54.2,FastGPS,-62.8011,-61.5318,,,9.6,-0.8,,,,15,23,9488,,,,3,6464,,,,31,27479,,,,22,2651,,,,1,11618,,,,9,23279,,,,,,,,,,,,,,,,,,,,,,,,,,,,,,,,,,,,,,,,,,,,,,,,
173719,18-Jun-18,16:50:30,2018-06-18 16:50:30,G,2,4,1137,,0,9,-62.7926,-61.534,50:34.7,FastGPS,-62.7926,-61.534,,,13.2,0.7,,,,15,9,21790,,,,3,8947,,,,2,6208,,,,26,2456,,,,6,31834,,,,31,18669,,,,4,27152,,,,23,21490,,,,16,30778,,,,,,,,,,,,,,,,,,,,,,,,,,,,,,,,,
173719,18-Jun-18,19:06:10,2018-06-18 19:06:10,G,1,4,1139,712,0,7,-62.8225,-61.5412,06:13.2,FastGPS,-62.8225,-61.5412,,,8,-0.8,,,,15,7,10149,,,,30,9906,,,,5,31868,,,,9,7868,,,,2,32497,,,,29,9387,,,,16,21916,,,,,,,,,,,,,,,,,,,,,,,,,,,,,,,,,,,,,,,,,,,
173719,18-Jun-18,19:37:03,2018-06-18 19:37:03,G,1,4,1140,712,0,4,-62.8225,-61.5412,06:13.2,FastGPS,-62.845,-61.5444,,,0.4,0.7,,,,15,30,11566,,,,5,25052,,,,7,31838,,,,16,7940,,,,,,,,,,,,,,,,,,,,,,,,,,,,,,,,,,,,,,,,,,,,,,,,,,,,,,,,,,
173719,18-Jun-18,20:55:48,2018-06-18 20:55:48,G,1,4,1142,713,0,7,-62.8751,-61.5273,55:51.7,FastGPS,-62.8751,-61.5273,,,5.3,-0.3,,,,15,7,28070,,,,15,17134,,,,28,16958,,,,5,5882,,,,13,13603,,,,30,10259,,,,21,30995,,,,,,,,,,,,,,,,,,,,,,,,,,,,,,,,,,,,,,,,,,,
173719,18-Jun-18,22:32:14,2018-06-18 22:32:14,G,2,4,1144,714,0,7,-62.9364,-61.595,32:17.7,FastGPS,-62.9364,-61.595,,,5.3,-0.3,,,,15,17,28144,,,,15,3009,,,,30,6054,,,,13,11742,,,,28,11473,,,,20,29708,,,,7,32107,,,,,,,,,,,,,,,,,,,,,,,,,,,,,,,,,,,,,,,,,,,
173719,19-Jun-18,5:50:09,2018-06-19 05:50:09,G,2,4,1146,717,0,7,-62.8328,-61.7367,50:12.7,FastGPS,-62.8328,-61.7367,,1,3.6,-0.3,,,,15,5,8793,,,,31,6479,,,,29,25811,,,,2,31073,,,,21,12806,,,,25,12537,,,,4,29909,,,,,,,,,,,,,,,,,,,,,,,,,,,,,,,,,,,,,,,,,,,
173719,19-Jun-18,8:33:05,2018-06-19 08:33:05,G,2,4,1147,,0,9,-62.7741,-61.7234,33:08.2,FastGPS,-62.7741,-61.7234,,1,9.2,-0.8,,,,15,20,28092,,,,21,30568,,,,15,21920,,,,16,5176,,,,26,29415,,,,10,7214,,,,7,7603,,,,8,18538,,,,4,3737,,,,,,,,,,,,,,,,,,,,,,,,,,,,,,,,,
173719,19-Jun-18,12:29:00,2018-06-19 12:29:00,G,2,4,1148,720,0,7,-62.7919,-61.6178,29:04.2,FastGPS,-62.7919,-61.6178,,,4.8,0.2,,,,15,24,4978,,,,10,19168,,,,8,96,,,,18,1732,,,,14,16582,,,,32,18811,,,,17,2349,,,,,,,,,,,,,,,,,,,,,,,,,,,,,,,,,,,,,,,,,,,
173719,19-Jun-18,13:01:37,2018-06-19 13:01:37,G,2,4,1149,,0,9,-62.7901,-61.5893,01:41.2,FastGPS,-62.7901,-61.5893,,,20.7,0.2,,,,15,17,21170,,,,32,22158,,,,1,23373,,,,22,5735,,,,10,136,,,,14,16606,,,,18,16546,,,,11,30277,,,,3,16609,,,,,,,,,,,,,,,,,,,,,,,,,,,,,,,,,
173719,19-Jun-18,13:34:48,2018-06-19 13:34:48,G,1,4,1150,,0,9,-62.7892,-61.5562,34:52.7,FastGPS,-62.7892,-61.5562,,,12.9,0.7,,,,15,17,7510,,,,32,16284,,,,31,3323,,,,19,17510,,,,14,3940,,,,1,11443,,,,12,4154,,,,22,16053,,,,3,8964,,,,,,,,,,,,,,,,,,,,,,,,,,,,,,,,,
173719,19-Jun-18,14:07:05,2018-06-19 14:07:05,G,1,4,1151,,0,9,-62.7822,-61.5338,07:08.7,FastGPS,-62.7822,-61.5338,,,4.5,-0.3,,,,15,17,21754,,,,3,24572,,,,31,9022,,,,32,26290,,,,22,2630,,,,18,27169,,,,11,15646,,,,19,32076,,,,1,3754,,,,,,,,,,,,,,,,,,,,,,,,,,,,,,,,,
173719,19-Jun-18,14:42:12,2018-06-19 14:42:12,G,1,4,1152,,0,9,-62.7757,-61.5407,42:15.2,FastGPS,-62.7757,-61.5407,,,11,-0.8,,,,15,31,17051,,,,22,7521,,,,23,3233,,,,3,10744,,,,18,16058,,,,19,7125,,,,1,7812,,,,14,12911,,,,11,12412,,,,,,,,,,,,,,,,,,,,,,,,,,,,,,,,,
173719,19-Jun-18,15:47:56,2018-06-19 15:47:56,G,1,4,1154,720,0,8,-62.763,-61.5201,48:00.2,FastGPS,-62.763,-61.5201,,1,10,0.2,,,,15,31,4072,,,,22,26618,,,,4,26753,,,,14,19876,,,,25,27193,,,,1,24622,,,,3,16548,,,,26,28293,,,,,,,,,,,,,,,,,,,,,,,,,,,,,,,,,,,,,,
173719,19-Jun-18,16:27:10,2018-06-19 16:27:10,G,2,4,1155,720,0,5,-62.557,-61.743,6/20/2018 11:39,N,-62.7563,-61.5249,,1,1.2,0.2,,,,15,31,26020,,,,4,30607,,,,26,23834,,,,22,19097,,,,9,32243,,,,,,,,,,,,,,,,,,,,,,,,,,,,,,,,,,,,,,,,,,,,,,,,,,,,,
173719,19-Jun-18,17:15:01,2018-06-19 17:15:01,G,1,4,1156,,0,9,-62.7526,-61.5235,15:04.2,FastGPS,-62.7526,-61.5235,,,10.1,-0.8,,,,15,7,1309,,,,4,2932,,,,23,11154,,,,26,2098,,,,3,17706,,,,29,21482,,,,16,27356,,,,2,19234,,,,9,13309,,,,,,,,,,,,,,,,,,,,,,,,,,,,,,,,,
173719,19-Jun-18,18:00:30,2018-06-19 18:00:30,G,2,4,1157,,0,9,-62.748,-61.5205,00:34.7,FastGPS,-62.748,-61.5205,,,15.2,0.7,,,,15,23,3430,,,,7,2879,,,,9,1958,,,,16,16295,,,,3,19156,,,,30,5876,,,,6,24074,,,,5,13381,,,,2,26374,,,,,,,,,,,,,,,,,,,,,,,,,,,,,,,,,
173719,19-Jun-18,18:32:31,2018-06-19 18:32:31,G,2,4,1158,,0,9,-62.7388,-61.5209,32:35.2,FastGPS,-62.7388,-61.5209,,,9.5,0.2,,,,15,23,16054,,,,16,2577,,,,7,23294,,,,9,14842,,,,30,31627,,,,2,22341,,,,6,24635,,,,5,16461,,,,26,26870,,,,,,,,,,,,,,,,,,,,,,,,,,,,,,,,,
173719,19-Jun-18,19:03:42,2018-06-19 19:03:42,G,2,4,1159,722,0,6,-62.7383,-61.5209,03:46.2,FastGPS,-62.7383,-61.5209,,,8.5,0.2,,,,15,7,2946,,,,9,26527,,,,5,25414,,,,30,6393,,,,23,17270,,,,29,25910,,,,,,,,,,,,,,,,,,,,,,,,,,,,,,,,,,,,,,,,,,,,,,,,
173719,19-Jun-18,22:35:51,2018-06-19 22:35:51,G,1,4,1161,723,0,8,-62.6469,-61.4959,35:55.7,FastGPS,-62.6469,-61.4959,,,6.1,0.7,,,,15,17,6556,,,,30,12104,,,,11,15172,,,,8,21925,,,,28,10777,,,,13,5114,,,,18,12514,,,,7,30522,,,,,,,,,,,,,,,,,,,,,,,,,,,,,,,,,,,,,,
173719,20-Jun-18,3:42:13,2018-06-20 03:42:13,G,2,4,1162,723,0,8,-62.5708,-61.629,42:17.3,FastGPS,-62.5708,-61.629,,,13.9,0.3,,,,15,12,22250,,,,6,11056,,,,2,30040,,,,19,8306,,,,25,12915,,,,29,29220,,,,24,22905,,,,31,15966,,,,,,,,,,,,,,,,,,,,,,,,,,,,,,,,,,,,,,
173719,20-Jun-18,5:47:39,2018-06-20 05:47:39,G,2,4,1163,,0,9,-62.5478,-61.6158,47:43.2,FastGPS,-62.5478,-61.6158,,1,4.4,0.3,,,,15,5,21908,,,,31,12619,,,,29,2990,,,,21,1036,,,,4,9774,,,,25,19269,,,,16,1975,,,,26,5176,,,,2,298,,,,,,,,,,,,,,,,,,,,,,,,,,,,,,,,,
173719,20-Jun-18,7:16:27,2018-06-20 07:16:27,G,2,4,1164,724,0,7,-62.5615,-61.6049,16:31.7,FastGPS,-62.5615,-61.6049,,,16.1,0.7,,,,15,16,15290,,,,5,1227,,,,29,7414,,,,26,27082,,,,27,18834,,,,4,14780,,,,21,7858,,,,,,,,,,,,,,,,,,,,,,,,,,,,,,,,,,,,,,,,,,,
173719,20-Jun-18,7:46:01,2018-06-20 07:46:01,G,1,4,1165,,0,9,-62.5644,-61.5841,46:04.7,FastGPS,-62.5644,-61.5841,,1,12.7,-0.3,,,,15,29,24118,,,,15,6942,,,,21,28754,,,,5,7274,,,,4,2389,,,,16,21596,,,,13,17310,,,,26,4771,,,,7,2168,,,,,,,,,,,,,,,,,,,,,,,,,,,,,,,,,
173719,20-Jun-18,10:32:49,2018-06-20 10:32:49,G,2,4,1170,,0,9,-62.5682,-61.6614,32:52.7,FastGPS,-62.5682,-61.6614,,,13.1,-0.3,,,,15,20,21783,,,,10,32657,,,,27,32103,,,,32,22222,,,,18,28541,,,,8,4658,,,,11,30147,,,,15,7705,,,,1,15902,,,,,,,,,,,,,,,,,,,,,,,,,,,,,,,,,
173719,20-Jun-18,11:03:00,2018-06-20 11:03:00,G,2,4,1171,,0,9,-62.5684,-61.6689,03:03.2,FastGPS,-62.5684,-61.6689,,,6.6,-0.8,,,,15,15,1926,,,,20,20674,,,,10,2275,,,,27,31144,,,,14,31201,,,,24,25306,,,,28,25568,,,,8,30842,,,,32,10439,,,,,,,,,,,,,,,,,,,,,,,,,,,,,,,,,
173719,20-Jun-18,11:33:38,2018-06-20 11:33:38,G,1,4,1172,,0,9,-62.5656,-61.686,33:42.7,FastGPS,-62.5656,-61.686,,,10.9,0.7,,,,15,32,12626,,,,10,3211,,,,11,10702,,,,18,3933,,,,8,15668,,,,14,16613,,,,27,3170,,,,22,17772,,,,28,14742,,,,,,,,,,,,,,,,,,,,,,,,,,,,,,,,,
173719,20-Jun-18,12:04:56,2018-06-20 12:04:56,G,1,4,1173,,0,9,-62.5818,-61.6753,04:59.7,FastGPS,-62.5818,-61.6753,,,6.6,-0.3,,,,15,28,1050,,,,11,22657,,,,10,23630,,,,22,15856,,,,1,2869,,,,18,13020,,,,8,8970,,,,17,684,,,,24,13163,,,,,,,,,,,,,,,,,,,,,,,,,,,,,,,,,
173719,20-Jun-18,12:40:17,2018-06-20 12:40:17,G,2,4,1174,,0,9,-62.6076,-61.6487,40:20.2,FastGPS,-62.6076,-61.6487,,,14.4,-0.8,,,,15,22,16871,,,,11,6040,,,,1,26434,,,,18,26308,,,,3,10262,,,,10,9514,,,,17,22156,,,,24,28,,,,32,5965,,,,,,,,,,,,,,,,,,,,,,,,,,,,,,,,,
173719,20-Jun-18,13:11:48,2018-06-20 13:11:48,G,3,4,1175,,0,9,-62.6306,-61.6281,11:52.2,FastGPS,-62.6306,-61.6281,,,17.9,0.2,,,,15,17,19682,,,,22,186,,,,11,4731,,,,3,29492,,,,1,27960,,,,18,22478,,,,32,18820,,,,10,22332,,,,31,12757,,,,,,,,,,,,,,,,,,,,,,,,,,,,,,,,,
173719,20-Jun-18,13:42:39,2018-06-20 13:42:39,G,3,4,1176,,0,9,-62.6482,-61.6094,42:43.7,FastGPS,-62.6482,-61.6094,,,10.1,0.7,,,,15,1,4802,,,,11,18215,,,,3,12095,,,,17,21255,,,,22,30666,,,,18,32676,,,,12,28008,,,,32,9348,,,,19,19433,,,,,,,,,,,,,,,,,,,,,,,,,,,,,,,,,
173719,20-Jun-18,14:16:41,2018-06-20 14:16:41,G,1,4,1177,,0,9,-62.6688,-61.5826,16:44.7,FastGPS,-62.6688,-61.5826,,,10.7,-0.3,,,,15,17,30410,,,,3,4374,,,,32,18992,,,,12,14352,,,,22,18150,,,,31,30774,,,,14,4256,,,,19,7979,,,,1,26367,,,,,,,,,,,,,,,,,,,,,,,,,,,,,,,,,
173719,20-Jun-18,14:52:04,2018-06-20 14:52:04,G,2,4,1178,,0,9,-62.6902,-61.5608,52:07.2,FastGPS,-62.6902,-61.5608,,,7.3,-0.8,,,,15,12,29864,,,,17,24709,,,,3,9150,,,,23,17362,,,,32,20388,,,,19,30015,,,,1,14037,,,,6,14958,,,,25,13140,,,,,,,,,,,,,,,,,,,,,,,,,,,,,,,,,
173719,20-Jun-18,15:26:17,2018-06-20 15:26:17,G,1,4,1179,,0,9,-62.7094,-61.5434,26:21.2,FastGPS,-62.7094,-61.5434,,,15.2,0.2,,,,15,31,18107,,,,6,3861,,,,19,27002,,,,17,1889,,,,23,1784,,,,3,30994,,,,14,27724,,,,12,25094,,,,25,29628,,,,,,,,,,,,,,,,,,,,,,,,,,,,,,,,,
173719,20-Jun-18,15:59:28,2018-06-20 15:59:28,G,1,4,1180,725,0,8,-62.7145,-61.5441,59:32.2,FastGPS,-62.7145,-61.5441,,,8,0.3,,,,15,23,13180,,,,6,21182,,,,31,985,,,,3,16128,,,,25,1124,,,,9,17480,,,,19,17968,,,,22,28966,,,,,,,,,,,,,,,,,,,,,,,,,,,,,,,,,,,,,,
173719,20-Jun-18,16:35:20,2018-06-20 16:35:20,G,3,4,1181,725,0,5,-62.5818,-61.6753,04:59.7,FastGPS,-62.718,-61.5505,,1,0.7,0.7,,,,15,9,12247,,,,6,12314,,,,31,21461,,,,4,26444,,,,2,27900,,,,,,,,,,,,,,,,,,,,,,,,,,,,,,,,,,,,,,,,,,,,,,,,,,,,,
173719,20-Jun-18,17:05:02,2018-06-20 17:05:02,G,4,4,1182,725,0,7,-62.7315,-61.5418,05:05.2,FastGPS,-62.7315,-61.5418,,,16.1,-0.8,,,,15,9,23773,,,,29,30717,,,,6,16235,,,,31,2687,,,,2,32536,,,,4,23669,,,,23,9889,,,,,,,,,,,,,,,,,,,,,,,,,,,,,,,,,,,,,,,,,,,
173719,20-Jun-18,17:57:07,2018-06-20 17:57:07,G,3,4,1183,,0,9,-62.7431,-61.5145,57:11.2,FastGPS,-62.7431,-61.5145,,1,5.3,0.2,,,,15,5,14004,,,,29,1904,,,,2,23140,,,,4,26108,,,,7,3724,,,,9,32476,,,,23,32056,,,,6,19149,,,,26,27684,,,,,,,,,,,,,,,,,,,,,,,,,,,,,,,,,
173719,20-Jun-18,18:32:20,2018-06-20 18:32:20,G,4,4,1184,726,0,8,-62.7468,-61.5016,32:24.2,FastGPS,-62.7468,-61.5016,,,9.8,0.2,,,,15,7,7295,,,,9,14575,,,,2,15719,,,,5,3249,,,,30,21697,,,,23,5740,,,,16,6492,,,,29,31828,,,,,,,,,,,,,,,,,,,,,,,,,,,,,,,,,,,,,,
173719,20-Jun-18,19:07:50,2018-06-20 19:07:50,G,3,4,1185,726,0,5,-62.7479,-61.4967,07:54.7,FastGPS,-62.7479,-61.4967,,,9.9,0.7,,,,15,7,19985,,,,5,19023,,,,9,10670,,,,2,20696,,,,16,30423,,,,,,,,,,,,,,,,,,,,,,,,,,,,,,,,,,,,,,,,,,,,,,,,,,,,,
173719,20-Jun-18,21:03:19,2018-06-20 21:03:19,G,1,4,1187,729,0,6,-62.7275,-61.526,03:22.7,FastGPS,-62.7275,-61.526,,,9,-0.3,,,,15,7,20024,,,,28,1708,,,,30,11876,,,,5,8384,,,,8,31802,,,,13,5432,,,,,,,,,,,,,,,,,,,,,,,,,,,,,,,,,,,,,,,,,,,,,,,,
173719,20-Jun-18,21:36:47,2018-06-20 21:36:47,G,1,4,1188,729,0,6,-62.7066,-61.5367,36:50.2,FastGPS,-62.7066,-61.5367,,,1.4,-0.8,,,,15,30,7785,,,,28,4679,,,,7,5492,,,,13,25429,,,,8,24384,,,,5,5878,,,,,,,,,,,,,,,,,,,,,,,,,,,,,,,,,,,,,,,,,,,,,,,,
173719,20-Jun-18,22:07:02,2018-06-20 22:07:02,G,1,4,1189,729,0,7,-62.688,-61.5342,07:06.2,FastGPS,-62.688,-61.5342,,,8.2,0.2,,,,15,28,22242,,,,8,8340,,,,30,17923,,,,15,13118,,,,13,6572,,,,5,3396,,,,7,30856,,,,,,,,,,,,,,,,,,,,,,,,,,,,,,,,,,,,,,,,,,,
173719,20-Jun-18,22:58:05,2018-06-20 22:58:05,G,2,4,1190,,0,9,-62.6622,-61.5077,58:09.2,FastGPS,-62.6622,-61.5077,,,10.2,0.2,,,,15,17,5992,,,,28,13698,,,,13,23587,,,,15,12930,,,,30,6836,,,,11,11364,,,,18,3299,,,,1,19465,,,,24,3182,,,,,,,,,,,,,,,,,,,,,,,,,,,,,,,,,
173719,20-Jun-18,23:28:00,2018-06-20 23:28:00,G,2,4,1191,,0,9,-62.643,-61.4967,28:04.2,FastGPS,-62.643,-61.4967,,,4.3,0.2,,,,15,17,26759,,,,28,29880,,,,15,32127,,,,11,2972,,,,13,28118,,,,18,27191,,,,19,2309,,,,1,2744,,,,12,16080,,,,,,,,,,,,,,,,,,,,,,,,,,,,,,,,,
173719,21-Jun-18,0:00:34,2018-06-21 00:00:34,G,4,4,1192,,0,9,-62.6178,-61.5121,00:38.7,FastGPS,-62.6178,-61.5121,,,16.8,0.7,,,,15,17,28664,,,,15,15866,,,,19,6886,,,,12,12359,,,,13,6344,,,,28,13182,,,,1,31692,,,,24,31278,,,,11,31324,,,,,,,,,,,,,,,,,,,,,,,,,,,,,,,,,
173719,21-Jun-18,0:30:30,2018-06-21 00:30:30,G,3,4,1193,730,0,6,-62.595,-61.5443,30:33.2,FastGPS,-62.595,-61.5443,,,8.2,-0.8,,,,15,17,26059,,,,19,23488,,,,15,20015,,,,24,26759,,,,12,6306,,,,1,32422,,,,,,,,,,,,,,,,,,,,,,,,,,,,,,,,,,,,,,,,,,,,,,,,
173719,21-Jun-18,1:02:04,2018-06-21 01:02:04,G,3,4,1194,,0,9,-62.5736,-61.5539,02:08.7,FastGPS,-62.5736,-61.5539,,,5.8,0.7,,,,15,17,31788,,,,15,21300,,,,19,488,,,,12,18549,,,,24,15745,,,,6,4470,,,,32,21080,,,,28,3710,,,,22,13452,,,,,,,,,,,,,,,,,,,,,,,,,,,,,,,,,
173719,21-Jun-18,1:34:12,2018-06-21 01:34:12,G,1,4,1195,730,0,7,-62.5527,-61.545,34:15.7,FastGPS,-62.5527,-61.545,,,3.9,-0.3,,,,15,17,14388,,,,12,4658,,,,19,27121,,,,24,22611,,,,6,30307,,,,22,3466,,,,32,16122,,,,,,,,,,,,,,,,,,,,,,,,,,,,,,,,,,,,,,,,,,,
173719,21-Jun-18,2:53:11,2018-06-21 02:53:11,G,2,4,1197,,0,9,-62.5662,-61.4193,53:14.7,FastGPS,-62.5662,-61.4193,,,8.4,-0.3,,,,15,31,20308,,,,19,7506,,,,6,17736,,,,25,3240,,,,17,2625,,,,12,7922,,,,14,754,,,,32,23706,,,,3,6104,,,,,,,,,,,,,,,,,,,,,,,,,,,,,,,,,
173719,21-Jun-18,3:29:02,2018-06-21 03:29:02,G,1,4,1198,731,0,8,-62.5865,-61.3861,29:05.7,FastGPS,-62.5865,-61.3861,,,12,-0.3,,,,15,31,7971,,,,29,13610,,,,25,23102,,,,14,23602,,,,6,21688,,,,19,5848,,,,12,32691,,,,32,13716,,,,,,,,,,,,,,,,,,,,,,,,,,,,,,,,,,,,,,
173719,21-Jun-18,4:00:18,2018-06-21 04:00:18,G,1,4,1199,731,0,8,-62.6022,-61.3743,00:21.7,FastGPS,-62.6022,-61.3743,,1,8,-0.3,,,,15,31,4549,,,,4,11354,,,,6,10335,,,,29,8454,,,,23,27044,,,,2,11005,,,,14,2212,,,,12,22856,,,,,,,,,,,,,,,,,,,,,,,,,,,,,,,,,,,,,,
173719,21-Jun-18,4:53:05,2018-06-21 04:53:05,G,2,4,1200,732,0,8,-62.6158,-61.3219,53:08.7,FastGPS,-62.6158,-61.3219,,,13.7,-0.3,,,,15,5,29338,,,,31,14586,,,,2,2886,,,,12,18653,,,,25,10269,,,,4,29924,,,,29,12478,,,,23,32606,,,,,,,,,,,,,,,,,,,,,,,,,,,,,,,,,,,,,,
173719,21-Jun-18,5:23:00,2018-06-21 05:23:00,G,3,4,1201,,0,9,-62.6225,-61.3019,23:03.2,FastGPS,-62.6225,-61.3019,,,6.8,-0.8,,,,15,31,5543,,,,9,9121,,,,23,10248,,,,29,9787,,,,4,29437,,,,25,31128,,,,26,7921,,,,21,26212,,,,2,31468,,,,,,,,,,,,,,,,,,,,,,,,,,,,,,,,,
173719,21-Jun-18,5:53:00,2018-06-21 05:53:00,G,3,4,1202,,0,9,-62.6263,-61.2956,53:04.2,FastGPS,-62.6263,-61.2956,,1,3.7,0.2,,,,15,5,31695,,,,2,19356,,,,29,25108,,,,4,22290,,,,26,26072,,,,9,15413,,,,25,10093,,,,31,8338,,,,23,32663,,,,,,,,,,,,,,,,,,,,,,,,,,,,,,,,,
173719,21-Jun-18,6:23:55,2018-06-21 06:23:55,G,3,4,1203,732,0,8,-62.6222,-61.2957,23:59.7,FastGPS,-62.6222,-61.2957,,1,11.7,0.7,,,,15,26,8806,,,,21,16698,,,,4,8750,,,,16,21085,,,,29,444,,,,31,5794,,,,5,30730,,,,2,16120,,,,,,,,,,,,,,,,,,,,,,,,,,,,,,,,,,,,,,
173719,21-Jun-18,6:54:07,2018-06-21 06:54:07,G,2,4,1204,732,0,6,-62.6312,-61.2879,54:10.7,FastGPS,-62.6312,-61.2879,,,6.4,-0.3,,,,15,5,29761,,,,29,21862,,,,16,22265,,,,26,24876,,,,21,4532,,,,4,28906,,,,,,,,,,,,,,,,,,,,,,,,,,,,,,,,,,,,,,,,,,,,,,,,
173719,21-Jun-18,7:24:00,2018-06-21 07:24:00,G,5,4,1205,,0,9,-62.633,-61.2832,24:03.2,FastGPS,-62.633,-61.2832,,,10.8,-0.8,,,,15,29,25950,,,,5,30527,,,,20,9436,,,,13,21716,,,,16,29451,,,,4,14954,,,,26,3942,,,,21,28367,,,,27,30402,,,,,,,,,,,,,,,,,,,,,,,,,,,,,,,,,
173719,21-Jun-18,7:54:00,2018-06-21 07:54:00,G,1,4,1206,732,1,5,-62.6328,-61.2832,54:04.3,FastGPS,-62.6328,-61.2832,,,3.2,0.3,,,,15,7,1885,,,,13,1104,,,,15,751,,,,27,10980,,,,16,5631,,,,,,,,,,,,,,,,,,,,,,,,,,,,,,,,,,,,,,,,,,,,,,,,,,,,,
173719,21-Jun-18,8:24:00,2018-06-21 08:24:00,G,1,4,1207,732,1,5,-62.633,-61.2828,24:04.2,FastGPS,-62.633,-61.2828,,,1.8,0.2,,,,15,7,13684,,,,8,20509,,,,13,25502,,,,27,20235,,,,15,29902,,,,,,,,,,,,,,,,,,,,,,,,,,,,,,,,,,,,,,,,,,,,,,,,,,,,,
173719,23-Jun-18,22:58:02,2018-06-23 22:58:02,G,1,4,1210,,0,9,-62.6311,-61.2945,58:05.3,FastGPS,-62.6311,-61.2945,,,11,-0.7,,,,15,13,16290,,,,15,6058,,,,28,12808,,,,24,11848,,,,17,21288,,,,10,15388,,,,30,14314,,,,20,26028,,,,19,18770,,,,,,,,,,,,,,,,,,,,,,,,,,,,,,,,,
173719,23-Jun-18,23:31:31,2018-06-23 23:31:31,G,1,4,1211,,0,9,-62.6324,-61.2902,31:34.8,FastGPS,-62.6324,-61.2902,,,8.3,-0.2,,,,15,15,25628,,,,24,21225,,,,10,22445,,,,18,10198,,,,28,24031,,,,11,2416,,,,17,29225,,,,12,8651,,,,20,24294,,,,,,,,,,,,,,,,,,,,,,,,,,,,,,,,,
173719,24-Jun-18,0:01:41,2018-06-24 00:01:41,G,2,4,1212,,0,9,-62.6343,-61.2935,01:44.3,FastGPS,-62.6343,-61.2935,,,6.8,-0.7,,,,15,15,16269,,,,17,22749,,,,19,21446,,,,12,10789,,,,10,23018,,,,13,16699,,,,32,21998,,,,18,8693,,,,20,4456,,,,,,,,,,,,,,,,,,,,,,,,,,,,,,,,,
173719,24-Jun-18,3:52:00,2018-06-24 03:52:00,G,1,4,1215,,0,9,-62.7262,-61.2291,52:04.3,FastGPS,-62.7262,-61.2291,,1,10.3,0.3,,,,15,29,14911,,,,25,18792,,,,31,6993,,,,4,22539,,,,2,5920,,,,12,3445,,,,6,25324,,,,23,32316,,,,14,13926,,,,,,,,,,,,,,,,,,,,,,,,,,,,,,,,,
173719,24-Jun-18,4:39:26,2018-06-24 04:39:26,G,1,4,1216,734,0,8,-62.7268,-61.2297,39:30.8,FastGPS,-62.7268,-61.2297,,1,6.9,0.8,,,,15,29,27713,,,,31,295,,,,25,30264,,,,23,19018,,,,12,8150,,,,4,10082,,,,2,26241,,,,26,126,,,,,,,,,,,,,,,,,,,,,,,,,,,,,,,,,,,,,,
173719,24-Jun-18,5:12:41,2018-06-24 05:12:41,G,1,4,1217,,0,9,-62.7251,-61.2402,12:45.3,FastGPS,-62.7251,-61.2402,,,12.5,0.3,,,,15,4,32502,,,,29,7838,,,,31,31066,,,,25,21433,,,,21,467,,,,26,12904,,,,2,23097,,,,9,10629,,,,5,22971,,,,,,,,,,,,,,,,,,,,,,,,,,,,,,,,,
173719,24-Jun-18,6:10:58,2018-06-24 06:10:58,G,1,4,1218,734,0,8,-62.7237,-61.2456,11:02.3,FastGPS,-62.7237,-61.2456,,1,4.1,0.3,,,,15,29,29956,,,,5,27198,,,,4,3712,,,,21,8155,,,,26,3437,,,,31,3364,,,,16,14619,,,,25,22424,,,,,,,,,,,,,,,,,,,,,,,,,,,,,,,,,,,,,,
173719,24-Jun-18,6:41:34,2018-06-24 06:41:34,G,1,4,1219,734,0,4,-62.7068,-61.3564,19:20.7,FastGPS,-62.7188,-61.2693,,,0.4,0.3,,,,15,5,16696,,,,29,8091,,,,16,7461,,,,26,10343,,,,,,,,,,,,,,,,,,,,,,,,,,,,,,,,,,,,,,,,,,,,,,,,,,,,,,,,,,
173719,24-Jun-18,7:11:42,2018-06-24 07:11:42,G,1,4,1220,734,0,8,-62.7132,-61.2881,11:46.3,FastGPS,-62.7132,-61.2881,,,10.3,0.3,,,,15,29,16573,,,,4,5382,,,,21,18768,,,,27,21033,,,,5,22446,,,,16,20470,,,,20,29763,,,,13,12662,,,,,,,,,,,,,,,,,,,,,,,,,,,,,,,,,,,,,,
173719,24-Jun-18,8:19:16,2018-06-24 08:19:16,G,1,4,1222,,0,9,-62.7068,-61.3564,19:20.7,FastGPS,-62.7068,-61.3564,,,10.2,0.8,,,,15,16,18200,,,,7,27857,,,,20,3476,,,,27,28471,,,,10,32705,,,,15,1113,,,,13,18577,,,,26,28038,,,,30,20322,,,,,,,,,,,,,,,,,,,,,,,,,,,,,,,,,
173719,24-Jun-18,8:53:40,2018-06-24 08:53:40,G,1,4,1223,734,0,7,-62.7248,-61.3861,53:44.3,FastGPS,-62.7248,-61.3861,,,3.5,0.3,,,,15,7,26378,,,,16,10485,,,,10,3011,,,,30,6129,,,,27,31340,,,,8,18180,,,,20,27062,,,,,,,,,,,,,,,,,,,,,,,,,,,,,,,,,,,,,,,,,,,
173719,24-Jun-18,11:43:00,2018-06-24 11:43:00,G,2,4,1227,,0,9,-62.7843,-61.5444,43:04.8,FastGPS,-62.7843,-61.5444,,,4.7,0.8,,,,15,18,21946,,,,11,31292,,,,22,4546,,,,1,894,,,,10,27472,,,,8,9235,,,,28,28376,,,,32,6430,,,,24,148,,,,,,,,,,,,,,,,,,,,,,,,,,,,,,,,,
173719,24-Jun-18,12:39:07,2018-06-24 12:39:07,G,1,4,1228,737,0,7,-62.8073,-61.529,39:11.3,FastGPS,-62.8073,-61.529,,,3.8,0.3,,,,15,22,2272,,,,1,24842,,,,17,20430,,,,11,3376,,,,18,22643,,,,3,11313,,,,28,4242,,,,,,,,,,,,,,,,,,,,,,,,,,,,,,,,,,,,,,,,,,,
173719,24-Jun-18,13:50:50,2018-06-24 13:50:50,G,4,4,1229,,0,9,-62.8261,-61.5036,50:53.8,FastGPS,-62.8261,-61.5036,,,7,-0.2,,,,15,12,32245,,,,32,16487,,,,14,17063,,,,1,2106,,,,22,9010,,,,31,27552,,,,11,7178,,,,18,18214,,,,3,6802,,,,,,,,,,,,,,,,,,,,,,,,,,,,,,,,,
173719,24-Jun-18,14:21:20,2018-06-24 14:21:20,G,2,4,1230,,0,9,-62.8313,-61.4816,21:24.8,FastGPS,-62.8313,-61.4816,,,8.3,0.8,,,,15,23,20440,,,,17,27984,,,,12,12765,,,,1,30354,,,,11,1651,,,,3,31728,,,,22,30262,,,,6,22524,,,,19,28532,,,,,,,,,,,,,,,,,,,,,,,,,,,,,,,,,
173719,24-Jun-18,14:56:57,2018-06-24 14:56:57,G,4,4,1231,,0,9,-62.8392,-61.4789,57:00.8,FastGPS,-62.8392,-61.4789,,,9.3,-0.2,,,,15,31,31136,,,,14,25561,,,,25,2809,,,,22,24613,,,,18,11181,,,,1,28510,,,,3,12009,,,,12,29682,,,,6,749,,,,,,,,,,,,,,,,,,,,,,,,,,,,,,,,,
173719,24-Jun-18,15:54:24,2018-06-24 15:54:24,G,3,4,1232,,0,9,-62.8437,-61.4549,54:27.3,FastGPS,-62.8437,-61.4549,,1,6.3,-0.7,,,,15,31,25928,,,,22,3302,,,,4,28425,,,,3,9328,,,,26,12999,,,,25,279,,,,23,13554,,,,2,26928,,,,6,23927,,,,,,,,,,,,,,,,,,,,,,,,,,,,,,,,,
173719,24-Jun-18,16:39:05,2018-06-24 16:39:05,G,2,4,1233,,0,9,-62.8326,-61.4735,39:09.3,FastGPS,-62.8326,-61.4735,,1,7,0.3,,,,15,23,24614,,,,9,4390,,,,3,6658,,,,6,31920,,,,2,16504,,,,4,21524,,,,7,7222,,,,26,7704,,,,22,9186,,,,,,,,,,,,,,,,,,,,,,,,,,,,,,,,,
173719,24-Jun-18,17:35:00,2018-06-24 17:35:00,G,3,4,1234,,0,9,-62.8219,-61.4999,35:04.3,FastGPS,-62.8219,-61.4999,,,5.4,0.3,,,,15,7,14272,,,,23,22722,,,,16,9961,,,,4,9328,,,,26,6867,,,,9,2272,,,,3,12109,,,,6,10008,,,,29,7219,,,,,,,,,,,,,,,,,,,,,,,,,,,,,,,,,
173719,24-Jun-18,18:06:54,2018-06-24 18:06:54,G,1,4,1235,740,0,8,-62.8133,-61.5226,06:58.8,FastGPS,-62.8133,-61.5226,,,3,0.8,,,,15,7,2097,,,,9,15778,,,,5,24340,,,,23,1634,,,,30,1193,,,,29,6945,,,,2,94,,,,6,8701,,,,,,,,,,,,,,,,,,,,,,,,,,,,,,,,,,,,,,
173719,24-Jun-18,19:03:06,2018-06-24 19:03:06,G,2,4,1236,741,0,5,-62.7977,-61.5189,03:09.8,FastGPS,-62.7977,-61.5189,,,6.3,-0.2,,,,15,16,13452,,,,9,19113,,,,7,8271,,,,27,452,,,,5,21449,,,,,,,,,,,,,,,,,,,,,,,,,,,,,,,,,,,,,,,,,,,,,,,,,,,,,
173719,24-Jun-18,21:07:09,2018-06-24 21:07:09,G,1,4,1237,,0,9,-62.8003,-61.5303,07:12.3,FastGPS,-62.8003,-61.5303,,,10.4,-0.7,,,,15,5,14262,,,,15,24624,,,,13,27461,,,,28,20146,,,,21,26250,,,,27,22216,,,,30,25390,,,,8,19274,,,,20,15913,,,,,,,,,,,,,,,,,,,,,,,,,,,,,,,,,
173719,24-Jun-18,23:50:20,2018-06-24 23:50:20,G,2,4,1239,743,0,7,-62.7432,-61.6953,50:24.8,FastGPS,-62.7432,-61.6953,,,7.9,0.8,,,,15,17,9295,,,,15,3112,,,,19,28446,,,,28,22242,,,,12,11864,,,,13,13762,,,,24,18385,,,,,,,,,,,,,,,,,,,,,,,,,,,,,,,,,,,,,,,,,,,
173719,25-Jun-18,8:51:18,2018-06-25 08:51:18,G,1,4,1240,,0,9,-62.7923,-61.6102,51:22.3,FastGPS,-62.7923,-61.6102,,,11.9,0.3,,,,15,10,7698,,,,7,22405,,,,16,3372,,,,8,25577,,,,27,656,,,,20,27237,,,,13,4689,,,,30,6011,,,,15,18659,,,,,,,,,,,,,,,,,,,,,,,,,,,,,,,,,
173719,25-Jun-18,9:55:49,2018-06-25 09:55:49,G,1,4,1241,,0,9,-62.8259,-61.5915,55:53.8,FastGPS,-62.8259,-61.5915,,,12.4,0.8,,,,15,18,18733,,,,27,16773,,,,10,11134,,,,8,3402,,,,11,20661,,,,15,3060,,,,20,19144,,,,21,20028,,,,28,18730,,,,,,,,,,,,,,,,,,,,,,,,,,,,,,,,,
173719,25-Jun-18,11:54:26,2018-06-25 11:54:26,G,1,4,1242,744,0,6,-62.8361,-61.5106,54:29.8,FastGPS,-62.8361,-61.5106,,,1.6,-0.2,,,,15,32,28866,,,,10,8076,,,,14,32099,,,,24,30763,,,,18,10347,,,,22,8342,,,,,,,,,,,,,,,,,,,,,,,,,,,,,,,,,,,,,,,,,,,,,,,,
173719,25-Jun-18,12:25:44,2018-06-25 12:25:44,G,2,4,1243,,0,9,-62.8329,-61.4901,25:47.8,FastGPS,-62.8329,-61.4901,,,10.1,-0.2,,,,15,17,2227,,,,1,23978,,,,32,21695,,,,18,10047,,,,14,15799,,,,22,19856,,,,11,22776,,,,28,22996,,,,3,19281,,,,,,,,,,,,,,,,,,,,,,,,,,,,,,,,,
173719,25-Jun-18,13:32:32,2018-06-25 13:32:32,G,1,4,1245,,0,9,-62.8117,-61.5279,32:35.3,FastGPS,-62.8117,-61.5279,,,7.9,-0.7,,,,15,32,351,,,,14,6053,,,,31,10755,,,,12,9414,,,,3,16,,,,22,31610,,,,1,19452,,,,18,27114,,,,11,13723,,,,,,,,,,,,,,,,,,,,,,,,,,,,,,,,,
173719,25-Jun-18,14:24:50,2018-06-25 14:24:50,G,2,4,1246,,0,9,-62.8005,-61.5342,24:54.8,FastGPS,-62.8005,-61.5342,,,5.6,0.8,,,,15,31,27904,,,,14,19358,,,,12,18626,,,,18,18168,,,,32,694,,,,22,31296,,,,25,17489,,,,1,17528,,,,3,17933,,,,,,,,,,,,,,,,,,,,,,,,,,,,,,,,,
173719,25-Jun-18,14:55:59,2018-06-25 14:55:59,G,2,4,1247,,0,9,-62.7931,-61.5331,56:02.3,FastGPS,-62.7931,-61.5331,,,12.2,-0.7,,,,15,31,9697,,,,14,23452,,,,3,23264,,,,25,15630,,,,23,20307,,,,1,28148,,,,18,9626,,,,22,28842,,,,9,8871,,,,,,,,,,,,,,,,,,,,,,,,,,,,,,,,,
173719,25-Jun-18,15:30:19,2018-06-25 15:30:19,G,4,4,1248,,0,9,-62.7799,-61.5372,30:23.3,FastGPS,-62.7799,-61.5372,,,4.9,0.3,,,,15,31,10252,,,,22,21448,,,,23,20103,,,,3,23886,,,,9,5720,,,,17,21321,,,,4,3228,,,,19,32536,,,,26,8650,,,,,,,,,,,,,,,,,,,,,,,,,,,,,,,,,
173719,25-Jun-18,16:04:51,2018-06-25 16:04:51,G,1,4,1249,744,0,8,-62.7688,-61.5367,04:55.3,FastGPS,-62.7688,-61.5367,,1,7.6,0.3,,,,15,22,1680,,,,3,29820,,,,6,29719,,,,4,25536,,,,23,18976,,,,26,20630,,,,31,9149,,,,9,31498,,,,,,,,,,,,,,,,,,,,,,,,,,,,,,,,,,,,,,
173719,25-Jun-18,16:57:29,2018-06-25 16:57:29,G,1,4,1250,,0,9,-62.7612,-61.5128,57:32.3,FastGPS,-62.7612,-61.5128,,,9.4,-0.7,,,,15,23,4405,,,,7,10112,,,,4,6839,,,,26,11829,,,,3,26802,,,,16,21786,,,,29,5897,,,,9,30825,,,,2,30472,,,,,,,,,,,,,,,,,,,,,,,,,,,,,,,,,
173719,25-Jun-18,17:44:20,2018-06-25 17:44:20,G,1,4,1251,746,0,8,-62.7488,-61.4956,44:24.3,FastGPS,-62.7488,-61.4956,,,5.7,0.3,,,,15,7,5745,,,,16,27084,,,,23,10994,,,,26,18242,,,,4,11978,,,,29,609,,,,5,17241,,,,30,14572,,,,,,,,,,,,,,,,,,,,,,,,,,,,,,,,,,,,,,
173719,25-Jun-18,18:26:21,2018-06-25 18:26:21,G,1,4,1252,746,0,6,-62.7481,-61.4617,26:24.9,FastGPS,-62.7481,-61.4617,,,5.2,-0.1,,,,15,5,1964,,,,23,27490,,,,9,4146,,,,7,26852,,,,30,1304,,,,16,9966,,,,,,,,,,,,,,,,,,,,,,,,,,,,,,,,,,,,,,,,,,,,,,,,
173719,25-Jun-18,19:16:03,2018-06-25 19:16:03,G,1,4,1253,747,0,8,-62.743,-61.4185,16:06.3,FastGPS,-62.743,-61.4185,,,5.8,-0.7,,,,15,7,1528,,,,5,2865,,,,16,18308,,,,30,2014,,,,9,18080,,,,27,6803,,,,8,8041,,,,21,5210,,,,,,,,,,,,,,,,,,,,,,,,,,,,,,,,,,,,,,
173719,25-Jun-18,19:48:02,2018-06-25 19:48:02,G,2,4,1254,,0,9,-62.7311,-61.3889,48:05.8,FastGPS,-62.7311,-61.3889,,,8.3,-0.2,,,,15,7,29838,,,,27,27938,,,,9,18603,,,,5,4758,,,,28,17142,,,,8,27354,,,,30,27884,,,,21,13131,,,,13,4596,,,,,,,,,,,,,,,,,,,,,,,,,,,,,,,,,
173719,25-Jun-18,20:58:54,2018-06-25 20:58:54,G,1,4,1255,749,0,7,-62.7129,-61.376,58:57.8,FastGPS,-62.7129,-61.376,,,9.3,-0.2,,,,15,7,3801,,,,8,20724,,,,30,2258,,,,15,8460,,,,27,789,,,,5,31466,,,,28,8676,,,,,,,,,,,,,,,,,,,,,,,,,,,,,,,,,,,,,,,,,,,
173719,26-Jun-18,0:52:19,2018-06-26 00:52:19,G,1,4,1258,749,0,6,-62.6396,-61.1933,52:23.3,FastGPS,-62.6396,-61.1933,,,5.7,0.3,,,,15,17,21420,,,,12,28638,,,,19,16080,,,,6,28423,,,,24,22999,,,,15,16578,,,,,,,,,,,,,,,,,,,,,,,,,,,,,,,,,,,,,,,,,,,,,,,,
173719,26-Jun-18,1:47:42,2018-06-26 01:47:42,G,1,4,1259,749,0,6,-62.6347,-61.1449,47:46.3,FastGPS,-62.6347,-61.1449,,,2.5,0.3,,,,15,17,25261,,,,19,18152,,,,6,8876,,,,12,4727,,,,24,22118,,,,2,28396,,,,,,,,,,,,,,,,,,,,,,,,,,,,,,,,,,,,,,,,,,,,,,,,
173719,26-Jun-18,2:19:59,2018-06-26 02:19:59,G,3,4,1260,749,0,4,-62.6122,-61.0332,22:22.8,FastGPS,-62.6343,-61.1395,,,0.7,0.3,,,,15,19,28060,,,,12,20250,,,,6,22932,,,,2,14499,,,,,,,,,,,,,,,,,,,,,,,,,,,,,,,,,,,,,,,,,,,,,,,,,,,,,,,,,,
173719,26-Jun-18,2:50:00,2018-06-26 02:50:00,G,3,4,1261,,0,9,-62.6414,-61.1471,50:04.3,FastGPS,-62.6414,-61.1471,,,16.8,0.3,,,,15,31,7132,,,,12,2629,,,,6,21926,,,,19,23063,,,,25,25404,,,,3,31736,,,,24,17174,,,,2,29550,,,,14,28957,,,,,,,,,,,,,,,,,,,,,,,,,,,,,,,,,
173719,26-Jun-18,3:39:04,2018-06-26 03:39:04,G,3,4,1262,750,0,7,-62.6416,-61.1458,39:08.8,FastGPS,-62.6416,-61.1458,,,5.6,0.8,,,,15,12,26497,,,,2,14162,,,,25,26079,,,,23,27022,,,,29,6920,,,,6,15957,,,,31,4296,,,,,,,,,,,,,,,,,,,,,,,,,,,,,,,,,,,,,,,,,,,
173719,26-Jun-18,4:59:17,2018-06-26 04:59:17,G,2,4,1264,750,0,7,-62.6354,-61.1455,59:21.3,FastGPS,-62.6354,-61.1455,,,4.2,0.3,,,,15,2,12864,,,,5,11748,,,,29,6918,,,,12,25021,,,,25,6798,,,,31,10566,,,,21,6661,,,,,,,,,,,,,,,,,,,,,,,,,,,,,,,,,,,,,,,,,,,
173719,26-Jun-18,5:31:25,2018-06-26 05:31:25,G,2,4,1265,750,0,7,-62.6208,-61.1458,31:29.3,FastGPS,-62.6208,-61.1458,,,5.8,0.3,,,,15,5,26729,,,,29,21732,,,,31,7362,,,,2,23011,,,,25,9737,,,,4,15385,,,,21,597,,,,,,,,,,,,,,,,,,,,,,,,,,,,,,,,,,,,,,,,,,,
173719,26-Jun-18,6:02:03,2018-06-26 06:02:03,G,1,4,1266,750,0,8,-62.6109,-61.1538,02:07.8,FastGPS,-62.6109,-61.1538,,1,7.2,0.8,,,,15,29,18796,,,,5,14506,,,,16,30716,,,,4,23140,,,,31,26738,,,,21,25260,,,,26,21903,,,,25,13780,,,,,,,,,,,,,,,,,,,,,,,,,,,,,,,,,,,,,,
173719,26-Jun-18,6:32:12,2018-06-26 06:32:12,G,1,4,1267,750,0,7,-62.6,-61.1773,32:16.3,FastGPS,-62.6,-61.1773,,1,11.5,0.3,,,,15,29,3213,,,,4,7041,,,,26,1568,,,,16,27096,,,,21,8652,,,,5,9553,,,,27,20912,,,,,,,,,,,,,,,,,,,,,,,,,,,,,,,,,,,,,,,,,,,
173719,26-Jun-18,7:04:43,2018-06-26 07:04:43,G,1,4,1268,750,0,8,-62.5917,-61.2121,04:47.8,FastGPS,-62.5917,-61.2121,,,9.5,0.8,,,,15,29,18982,,,,26,31837,,,,21,27793,,,,20,10342,,,,4,9373,,,,16,28028,,,,27,31530,,,,5,24506,,,,,,,,,,,,,,,,,,,,,,,,,,,,,,,,,,,,,,
173719,26-Jun-18,7:51:00,2018-06-26 07:51:00,G,1,4,1269,,0,9,-62.5787,-61.1823,51:04.8,FastGPS,-62.5787,-61.1823,,1,12.9,0.8,,,,15,26,18868,,,,4,32672,,,,21,13121,,,,20,17795,,,,27,3895,,,,16,23906,,,,10,12168,,,,13,596,,,,7,7836,,,,,,,,,,,,,,,,,,,,,,,,,,,,,,,,,
173719,26-Jun-18,8:26:51,2018-06-26 08:26:51,G,1,4,1270,750,0,6,-62.5798,-61.1417,26:55.8,FastGPS,-62.5798,-61.1417,,,7.6,0.8,,,,15,15,19089,,,,27,19708,,,,20,25014,,,,8,30350,,,,21,1377,,,,13,8533,,,,,,,,,,,,,,,,,,,,,,,,,,,,,,,,,,,,,,,,,,,,,,,,
173719,26-Jun-18,9:16:14,2018-06-26 09:16:14,G,1,4,1271,750,0,5,-62.6043,-61.0936,16:18.8,FastGPS,-62.6043,-61.0936,,,11.8,0.8,,,,15,15,23799,,,,8,23845,,,,10,28706,,,,27,19720,,,,13,16120,,,,,,,,,,,,,,,,,,,,,,,,,,,,,,,,,,,,,,,,,,,,,,,,,,,,,
173719,26-Jun-18,9:51:20,2018-06-26 09:51:20,G,1,4,1272,750,0,7,-62.6111,-61.058,51:24.8,FastGPS,-62.6111,-61.058,,,8.2,0.8,,,,15,10,32111,,,,15,24038,,,,8,20795,,,,20,8557,,,,21,12428,,,,11,2976,,,,18,1698,,,,,,,,,,,,,,,,,,,,,,,,,,,,,,,,,,,,,,,,,,,
173719,26-Jun-18,10:22:18,2018-06-26 10:22:18,G,1,4,1273,750,0,6,-62.6122,-61.0332,22:22.8,FastGPS,-62.6122,-61.0332,,,4,0.8,,,,15,10,23977,,,,20,21915,,,,15,31356,,,,8,5034,,,,32,15068,,,,27,21889,,,,,,,,,,,,,,,,,,,,,,,,,,,,,,,,,,,,,,,,,,,,,,,,
173719,26-Jun-18,11:58:45,2018-06-26 11:58:45,G,2,4,1274,750,0,8,-62.6137,-60.9864,58:48.8,FastGPS,-62.6137,-60.9864,,,9.1,-0.2,,,,15,10,8513,,,,32,1600,,,,11,24473,,,,18,14118,,,,1,8116,,,,14,28859,,,,24,19784,,,,22,6326,,,,,,,,,,,,,,,,,,,,,,,,,,,,,,,,,,,,,,
173719,26-Jun-18,13:14:00,2018-06-26 13:14:00,G,3,4,1276,750,0,4,-62.6122,-61.0332,22:22.8,FastGPS,-62.6032,-60.9456,,,0.4,-0.7,,,,15,32,21375,,,,17,10927,,,,1,2678,,,,14,27828,,,,,,,,,,,,,,,,,,,,,,,,,,,,,,,,,,,,,,,,,,,,,,,,,,,,,,,,,,
173719,26-Jun-18,13:44:01,2018-06-26 13:44:01,G,2,4,1277,,0,9,-62.5931,-60.9359,44:05.3,FastGPS,-62.5931,-60.9359,,,7.7,0.4,,,,15,19,1309,,,,17,11921,,,,12,20114,,,,22,30805,,,,14,3738,,,,3,29755,,,,1,21966,,,,32,824,,,,18,4656,,,,,,,,,,,,,,,,,,,,,,,,,,,,,,,,,
173719,26-Jun-18,15:06:46,2018-06-26 15:06:46,G,1,4,1278,,0,9,-62.5802,-60.8449,06:50.8,FastGPS,-62.5802,-60.8449,,,12.4,0.8,,,,15,31,29487,,,,3,8579,,,,22,15695,,,,23,27615,,,,14,19038,,,,17,23690,,,,9,5983,,,,6,29784,,,,1,25799,,,,,,,,,,,,,,,,,,,,,,,,,,,,,,,,,
173719,26-Jun-18,15:39:44,2018-06-26 15:39:44,G,2,4,1279,751,0,7,-62.5635,-60.8278,39:47.3,FastGPS,-62.5635,-60.8278,,,11.3,-0.7,,,,15,23,7288,,,,3,29036,,,,22,3302,,,,9,24450,,,,6,13594,,,,26,27819,,,,2,28070,,,,,,,,,,,,,,,,,,,,,,,,,,,,,,,,,,,,,,,,,,,
173719,26-Jun-18,16:13:23,2018-06-26 16:13:23,G,1,4,1280,,0,9,-62.5467,-60.8279,13:27.3,FastGPS,-62.5467,-60.8279,,1,7,0.3,,,,15,31,30041,,,,23,18979,,,,4,16911,,,,9,3720,,,,6,25263,,,,26,22703,,,,3,23877,,,,22,13253,,,,16,11738,,,,,,,,,,,,,,,,,,,,,,,,,,,,,,,,,
173719,26-Jun-18,18:16:24,2018-06-26 18:16:24,G,2,4,1284,751,0,6,-62.4895,-60.8275,16:28.7,FastGPS,-62.4895,-60.8275,,,3.1,0.7,,,,15,16,9195,,,,7,6617,,,,23,16780,,,,30,1489,,,,9,9575,,,,5,3606,,,,,,,,,,,,,,,,,,,,,,,,,,,,,,,,,,,,,,,,,,,,,,,,
173719,26-Jun-18,18:48:20,2018-06-26 18:48:20,G,2,4,1285,751,0,7,-62.4811,-60.7953,48:23.3,FastGPS,-62.4811,-60.7953,,,12.8,-0.7,,,,15,7,29964,,,,23,6696,,,,16,22213,,,,9,1828,,,,30,30519,,,,27,6712,,,,5,29562,,,,,,,,,,,,,,,,,,,,,,,,,,,,,,,,,,,,,,,,,,,
173719,26-Jun-18,19:18:57,2018-06-26 19:18:57,G,1,4,1286,751,0,6,-62.4658,-60.8086,19:01.8,FastGPS,-62.4658,-60.8086,,,2.1,0.8,,,,15,5,18526,,,,7,12098,,,,9,8211,,,,30,32074,,,,16,5852,,,,27,4295,,,,,,,,,,,,,,,,,,,,,,,,,,,,,,,,,,,,,,,,,,,,,,,,
173719,26-Jun-18,19:49:02,2018-06-26 19:49:02,G,2,4,1287,751,0,8,-62.4577,-60.7899,49:05.3,FastGPS,-62.4577,-60.7899,,,14.8,-0.7,,,,15,7,12299,,,,30,24808,,,,27,23279,,,,8,4668,,,,5,22304,,,,13,11655,,,,21,6995,,,,28,5290,,,,,,,,,,,,,,,,,,,,,,,,,,,,,,,,,,,,,,
173719,26-Jun-18,20:28:56,2018-06-26 20:28:56,G,3,4,1288,,0,9,-62.4651,-60.7724,29:00.8,FastGPS,-62.4651,-60.7724,,,9.3,0.8,,,,15,7,13731,,,,21,22425,,,,13,30282,,,,30,11517,,,,15,3682,,,,8,11354,,,,27,24608,,,,5,25696,,,,28,17186,,,,,,,,,,,,,,,,,,,,,,,,,,,,,,,,,
173719,26-Jun-18,23:25:20,2018-06-26 23:25:20,G,2,4,1289,751,0,6,-62.4845,-60.755,25:23.8,FastGPS,-62.4845,-60.755,,,12,-0.2,,,,15,15,23052,,,,24,15126,,,,17,25090,,,,10,26482,,,,28,12024,,,,12,13524,,,,,,,,,,,,,,,,,,,,,,,,,,,,,,,,,,,,,,,,,,,,,,,,
173719,27-Jun-18,0:35:59,2018-06-27 00:35:59,G,2,4,1290,751,0,4,-62.6032,-60.9456,14:03.3,FastGPS,-62.4927,-60.73,,,0.3,-0.2,,,,15,17,25481,,,,24,4185,,,,32,3141,,,,12,2470,,,,,,,,,,,,,,,,,,,,,,,,,,,,,,,,,,,,,,,,,,,,,,,,,,,,,,,,,,
173719,27-Jun-18,1:06:18,2018-06-27 01:06:18,G,2,4,1291,751,0,6,-62.4878,-60.7098,06:21.3,FastGPS,-62.4878,-60.7098,,,7.3,-0.7,,,,15,17,25675,,,,19,32084,,,,15,19673,,,,24,26364,,,,6,22261,,,,12,28656,,,,,,,,,,,,,,,,,,,,,,,,,,,,,,,,,,,,,,,,,,,,,,,,
173719,27-Jun-18,1:51:05,2018-06-27 01:51:05,G,1,4,1292,,0,9,-62.5052,-60.696,51:09.3,FastGPS,-62.5052,-60.696,,,11.4,0.3,,,,15,17,31284,,,,32,1062,,,,12,17095,,,,19,7492,,,,25,22537,,,,6,31806,,,,14,22090,,,,3,13861,,,,22,21642,,,,,,,,,,,,,,,,,,,,,,,,,,,,,,,,,
173719,27-Jun-18,2:22:06,2018-06-27 02:22:06,G,1,4,1293,752,0,8,-62.5253,-60.6915,22:10.3,FastGPS,-62.5253,-60.6915,,,7.9,0.3,,,,15,12,3541,,,,31,12048,,,,24,3818,,,,32,28277,,,,14,24418,,,,2,26405,,,,29,30520,,,,25,7464,,,,,,,,,,,,,,,,,,,,,,,,,,,,,,,,,,,,,,
173719,27-Jun-18,6:46:47,2018-06-27 06:46:47,G,1,4,1294,752,0,4,-62.4927,-60.73,36:02.8,FastGPS,-62.5317,-60.6879,,,0.8,0.8,,,,15,29,17995,,,,5,11067,,,,21,7328,,,,16,13382,,,,,,,,,,,,,,,,,,,,,,,,,,,,,,,,,,,,,,,,,,,,,,,,,,,,,,,,,,
173719,27-Jun-18,10:19:49,2018-06-27 10:19:49,G,1,4,1295,,0,9,-62.5413,-60.6786,19:52.3,FastGPS,-62.5413,-60.6786,,,14.4,-0.7,,,,15,10,30609,,,,20,25369,,,,15,1171,,,,27,24441,,,,24,2672,,,,32,30481,,,,8,11269,,,,18,15918,,,,21,6708,,,,,,,,,,,,,,,,,,,,,,,,,,,,,,,,,
173719,27-Jun-18,11:34:14,2018-06-27 11:34:14,G,2,4,1296,,0,9,-62.5141,-60.7,34:18.8,FastGPS,-62.5141,-60.7,,,10,0.8,,,,15,10,9383,,,,32,6519,,,,24,23530,,,,27,24675,,,,14,12064,,,,20,19162,,,,18,16371,,,,11,24935,,,,28,8098,,,,,,,,,,,,,,,,,,,,,,,,,,,,,,,,,
173719,27-Jun-18,12:04:06,2018-06-27 12:04:06,G,2,4,1297,752,0,8,-62.5026,-60.7042,04:09.3,FastGPS,-62.5026,-60.7042,,,11,-0.7,,,,15,32,6956,,,,10,7483,,,,11,31219,,,,24,9029,,,,1,1601,,,,14,28755,,,,8,14980,,,,18,20694,,,,,,,,,,,,,,,,,,,,,,,,,,,,,,,,,,,,,,
173719,27-Jun-18,12:34:20,2018-06-27 12:34:20,G,1,4,1298,,0,9,-62.4894,-60.7076,34:24.8,FastGPS,-62.4894,-60.7076,,,11.9,0.8,,,,15,32,5918,,,,31,11989,,,,14,16998,,,,10,1309,,,,18,1407,,,,17,24936,,,,22,6082,,,,24,32211,,,,8,32000,,,,,,,,,,,,,,,,,,,,,,,,,,,,,,,,,
173719,27-Jun-18,14:33:46,2018-06-27 14:33:46,G,2,4,1300,,0,9,-62.4777,-60.7672,33:49.8,FastGPS,-62.4777,-60.7672,,,8.9,-0.2,,,,15,31,19657,,,,3,1174,,,,12,32455,,,,6,8123,,,,1,31292,,,,17,10712,,,,19,10399,,,,14,26885,,,,22,9537,,,,,,,,,,,,,,,,,,,,,,,,,,,,,,,,,
173719,27-Jun-18,15:04:15,2018-06-27 15:04:15,G,1,4,1301,,0,9,-62.4663,-60.7704,04:18.3,FastGPS,-62.4663,-60.7704,,,11.6,-0.7,,,,15,31,9521,,,,23,14048,,,,3,22109,,,,22,26428,,,,17,31632,,,,9,28514,,,,14,25862,,,,6,15286,,,,1,1930,,,,,,,,,,,,,,,,,,,,,,,,,,,,,,,,,
173719,27-Jun-18,15:34:57,2018-06-27 15:34:57,G,1,4,1302,,0,9,-62.4627,-60.7832,35:01.8,FastGPS,-62.4627,-60.7832,,,13,0.8,,,,15,31,16570,,,,3,1980,,,,23,9980,,,,9,25860,,,,4,15072,,,,19,26025,,,,22,10680,,,,6,15491,,,,26,29097,,,,,,,,,,,,,,,,,,,,,,,,,,,,,,,,,
173719,27-Jun-18,16:05:00,2018-06-27 16:05:00,G,2,4,1303,,0,9,-62.4618,-60.8075,05:03.3,FastGPS,-62.4618,-60.8075,,1,9,-0.7,,,,15,3,15771,,,,23,29266,,,,22,10850,,,,6,2816,,,,4,19070,,,,9,589,,,,2,9019,,,,16,3860,,,,26,21747,,,,,,,,,,,,,,,,,,,,,,,,,,,,,,,,,
173719,27-Jun-18,16:37:11,2018-06-27 16:37:11,G,1,4,1304,752,0,8,-62.4741,-60.7962,37:14.3,FastGPS,-62.4741,-60.7962,,1,7.2,-0.7,,,,15,9,13847,,,,29,17973,,,,6,487,,,,31,21023,,,,2,16098,,,,4,13395,,,,26,9608,,,,23,69,,,,,,,,,,,,,,,,,,,,,,,,,,,,,,,,,,,,,,
173719,27-Jun-18,17:08:54,2018-06-27 17:08:54,G,2,4,1305,,0,9,-62.4849,-60.8146,08:58.8,FastGPS,-62.4849,-60.8146,,,11.4,0.8,,,,15,7,2553,,,,9,12637,,,,29,15920,,,,2,23000,,,,6,6776,,,,5,3083,,,,23,18246,,,,4,14752,,,,3,1198,,,,,,,,,,,,,,,,,,,,,,,,,,,,,,,,,
173719,27-Jun-18,18:10:01,2018-06-27 18:10:01,G,3,4,1306,,0,9,-62.5183,-60.8379,10:04.8,FastGPS,-62.5183,-60.8379,,,8.1,-0.2,,,,15,5,20188,,,,7,25116,,,,30,15425,,,,16,3004,,,,29,13096,,,,2,25331,,,,23,18488,,,,6,15224,,,,26,210,,,,,,,,,,,,,,,,,,,,,,,,,,,,,,,,,
173719,27-Jun-18,18:42:10,2018-06-27 18:42:10,G,1,4,1307,754,0,6,-62.5392,-60.847,42:13.3,FastGPS,-62.5392,-60.847,,,3.2,-0.7,,,,15,5,29293,,,,27,3629,,,,7,31748,,,,23,20244,,,,16,31425,,,,30,26812,,,,,,,,,,,,,,,,,,,,,,,,,,,,,,,,,,,,,,,,,,,,,,,,
173719,27-Jun-18,19:12:02,2018-06-27 19:12:02,G,2,4,1308,754,0,7,-62.5593,-60.8309,12:05.3,FastGPS,-62.5593,-60.8309,,,7.5,-0.7,,,,15,5,31318,,,,30,6773,,,,13,12709,,,,27,13075,,,,7,28220,,,,16,31335,,,,21,10496,,,,,,,,,,,,,,,,,,,,,,,,,,,,,,,,,,,,,,,,,,,
173719,27-Jun-18,19:43:50,2018-06-27 19:43:50,G,2,4,1309,754,0,6,-62.5779,-60.8444,43:54.3,FastGPS,-62.5779,-60.8444,,,11.3,0.3,,,,15,5,11599,,,,21,28137,,,,30,11530,,,,13,29056,,,,27,11432,,,,16,19872,,,,,,,,,,,,,,,,,,,,,,,,,,,,,,,,,,,,,,,,,,,,,,,,
173719,27-Jun-18,20:53:16,2018-06-27 20:53:16,G,1,4,1310,755,0,6,-62.5925,-60.9147,53:20.3,FastGPS,-62.5925,-60.9147,,,18.1,0.3,,,,15,5,23252,,,,15,16836,,,,13,26000,,,,28,20046,,,,30,943,,,,21,29719,,,,,,,,,,,,,,,,,,,,,,,,,,,,,,,,,,,,,,,,,,,,,,,,
173719,27-Jun-18,22:54:02,2018-06-27 22:54:02,G,2,4,1311,757,0,5,-62.613,-61.0324,54:06.3,FastGPS,-62.613,-61.0324,,,6.5,0.3,,,,15,17,11470,,,,13,14747,,,,15,3865,,,,19,13370,,,,28,17049,,,,,,,,,,,,,,,,,,,,,,,,,,,,,,,,,,,,,,,,,,,,,,,,,,,,,
173719,27-Jun-18,23:25:12,2018-06-27 23:25:12,G,1,4,1312,,0,9,-62.6115,-61.0677,25:16.3,FastGPS,-62.6115,-61.0677,,,19.6,0.3,,,,15,17,22583,,,,15,4480,,,,24,17681,,,,19,22427,,,,12,22104,,,,13,8440,,,,10,15559,,,,28,17402,,,,20,30146,,,,,,,,,,,,,,,,,,,,,,,,,,,,,,,,,
173719,28-Jun-18,0:11:19,2018-06-28 00:11:19,G,2,4,1313,758,0,8,-62.6006,-61.1063,11:23.8,FastGPS,-62.6006,-61.1063,,,10.6,0.8,,,,15,15,13584,,,,17,22048,,,,12,7109,,,,19,6222,,,,24,1637,,,,28,20990,,,,1,21078,,,,13,13417,,,,,,,,,,,,,,,,,,,,,,,,,,,,,,,,,,,,,,
173719,28-Jun-18,1:11:00,2018-06-28 01:11:00,G,1,4,1315,758,0,7,-62.5826,-61.1487,11:04.3,FastGPS,-62.5826,-61.1487,,,2.8,0.3,,,,15,17,932,,,,19,28748,,,,12,21961,,,,6,23259,,,,25,4357,,,,32,25882,,,,24,18550,,,,,,,,,,,,,,,,,,,,,,,,,,,,,,,,,,,,,,,,,,,
173719,28-Jun-18,1:42:05,2018-06-28 01:42:05,G,2,4,1316,758,0,5,-62.5757,-61.1779,42:09.3,FastGPS,-62.5757,-61.1779,,,6.5,0.3,,,,15,12,19923,,,,19,24574,,,,17,25053,,,,6,26606,,,,2,20295,,,,,,,,,,,,,,,,,,,,,,,,,,,,,,,,,,,,,,,,,,,,,,,,,,,,,
173719,28-Jun-18,4:41:36,2018-06-28 04:41:36,G,4,4,1320,758,0,5,-62.6307,-61.1916,41:40.8,FastGPS,-62.6307,-61.1916,,,7.5,0.8,,,,15,29,6041,,,,5,24028,,,,12,8923,,,,2,21751,,,,25,7040,,,,,,,,,,,,,,,,,,,,,,,,,,,,,,,,,,,,,,,,,,,,,,,,,,,,,
173719,28-Jun-18,5:37:40,2018-06-28 05:37:40,G,1,4,1321,,0,9,-62.6532,-61.1588,37:44.8,FastGPS,-62.6532,-61.1588,,1,6,0.8,,,,15,4,962,,,,31,17531,,,,26,17316,,,,29,3339,,,,5,3560,,,,21,4583,,,,16,22598,,,,9,1576,,,,2,16604,,,,,,,,,,,,,,,,,,,,,,,,,,,,,,,,,
173719,28-Jun-18,6:42:18,2018-06-28 06:42:18,G,1,4,1323,758,0,7,-62.6665,-61.18,42:22.8,FastGPS,-62.6665,-61.18,,1,5.9,0.8,,,,15,21,6660,,,,4,20166,,,,26,31111,,,,27,13406,,,,29,17428,,,,20,21674,,,,5,11892,,,,,,,,,,,,,,,,,,,,,,,,,,,,,,,,,,,,,,,,,,,
173719,28-Jun-18,7:12:27,2018-06-28 07:12:27,G,3,4,1324,758,0,6,-62.6768,-61.1803,12:31.3,FastGPS,-62.6768,-61.1803,,,2.4,0.3,,,,15,7,8303,,,,27,15598,,,,16,26482,,,,5,20568,,,,4,10601,,,,21,1260,,,,,,,,,,,,,,,,,,,,,,,,,,,,,,,,,,,,,,,,,,,,,,,,
173719,28-Jun-18,7:42:00,2018-06-28 07:42:00,G,3,4,1325,,0,9,-62.6733,-61.1564,42:04.3,FastGPS,-62.6733,-61.1564,,,6.8,0.3,,,,15,15,12806,,,,21,8792,,,,4,30618,,,,10,2511,,,,13,27876,,,,29,2542,,,,16,19703,,,,26,16480,,,,20,9680,,,,,,,,,,,,,,,,,,,,,,,,,,,,,,,,,
173719,28-Jun-18,8:13:10,2018-06-28 08:13:10,G,1,4,1326,,0,9,-62.6728,-61.1565,13:14.3,FastGPS,-62.6728,-61.1565,,1,10.3,0.3,,,,15,15,22190,,,,13,22075,,,,27,20055,,,,16,24598,,,,21,27355,,,,10,11339,,,,7,13033,,,,4,16452,,,,30,31228,,,,,,,,,,,,,,,,,,,,,,,,,,,,,,,,,
173719,28-Jun-18,8:47:15,2018-06-28 08:47:15,G,2,4,1327,758,0,8,-62.6726,-61.1567,47:19.8,FastGPS,-62.6726,-61.1567,,,8.7,0.8,,,,15,10,16713,,,,7,9301,,,,16,16998,,,,20,15070,,,,21,32259,,,,8,2274,,,,27,22230,,,,30,13262,,,,,,,,,,,,,,,,,,,,,,,,,,,,,,,,,,,,,,
173719,28-Jun-18,9:54:11,2018-06-28 09:54:11,G,1,4,1329,,0,9,-62.675,-61.1491,54:14.3,FastGPS,-62.675,-61.1491,,,16,-0.7,,,,15,18,30472,,,,8,23154,,,,11,32524,,,,10,24483,,,,27,3814,,,,15,19311,,,,20,4913,,,,21,8200,,,,24,21396,,,,,,,,,,,,,,,,,,,,,,,,,,,,,,,,,
173719,28-Jun-18,10:40:32,2018-06-28 10:40:32,G,3,4,1330,,0,9,-62.6752,-61.1479,40:36.3,FastGPS,-62.6752,-61.1479,,,3,0.3,,,,15,32,28599,,,,27,3973,,,,8,30700,,,,10,31618,,,,11,3299,,,,18,30798,,,,14,31555,,,,28,18606,,,,1,28932,,,,,,,,,,,,,,,,,,,,,,,,,,,,,,,,,
173719,28-Jun-18,11:11:19,2018-06-28 11:11:19,G,1,4,1331,,0,9,-62.677,-61.1474,11:23.8,FastGPS,-62.677,-61.1474,,,6.4,0.8,,,,15,18,10131,,,,11,17911,,,,1,24520,,,,28,26951,,,,10,26666,,,,8,4642,,,,22,12221,,,,32,25542,,,,20,22635,,,,,,,,,,,,,,,,,,,,,,,,,,,,,,,,,
173719,28-Jun-18,11:58:24,2018-06-28 11:58:24,G,2,4,1332,,0,9,-62.6769,-61.1476,58:27.8,FastGPS,-62.6769,-61.1476,,,8.7,-0.2,,,,15,32,21088,,,,18,3296,,,,17,30135,,,,24,28028,,,,14,5222,,,,1,14870,,,,22,22088,,,,10,27721,,,,11,14456,,,,,,,,,,,,,,,,,,,,,,,,,,,,,,,,,
173719,28-Jun-18,13:32:56,2018-06-28 13:32:56,G,2,4,1335,759,0,7,-62.6747,-61.1488,32:59.8,FastGPS,-62.6747,-61.1488,,,9.2,-0.2,,,,15,1,11037,,,,11,18136,,,,3,7687,,,,12,2438,,,,22,14406,,,,32,28734,,,,18,30458,,,,,,,,,,,,,,,,,,,,,,,,,,,,,,,,,,,,,,,,,,,
173719,28-Jun-18,14:03:00,2018-06-28 14:03:00,G,2,4,1336,,0,9,-62.6748,-61.1485,03:03.3,FastGPS,-62.6748,-61.1485,,,5.1,-0.7,,,,15,23,15120,,,,12,16532,,,,1,9750,,,,31,8677,,,,11,14885,,,,3,1076,,,,6,16214,,,,18,20570,,,,17,2044,,,,,,,,,,,,,,,,,,,,,,,,,,,,,,,,,
173719,28-Jun-18,14:33:18,2018-06-28 14:33:18,G,2,4,1337,,0,9,-62.6702,-61.1719,33:22.3,FastGPS,-62.6702,-61.1719,,,7.2,0.3,,,,15,22,29918,,,,31,16624,,,,17,30819,,,,19,7965,,,,3,31252,,,,6,22231,,,,23,20880,,,,1,12359,,,,12,25950,,,,,,,,,,,,,,,,,,,,,,,,,,,,,,,,,
173719,28-Jun-18,15:03:00,2018-06-28 15:03:00,G,2,4,1338,,0,9,-62.6694,-61.1767,03:04.3,FastGPS,-62.6694,-61.1767,,,8.3,0.3,,,,15,23,13717,,,,17,13970,,,,25,14004,,,,19,28666,,,,9,1962,,,,3,10612,,,,22,7761,,,,6,18627,,,,1,12004,,,,,,,,,,,,,,,,,,,,,,,,,,,,,,,,,
173719,28-Jun-18,15:33:00,2018-06-28 15:33:00,G,3,4,1339,759,1,4,-62.6768,-61.1803,12:31.3,FastGPS,-62.6699,-61.1769,,,0.7,0.3,,,,15,19,17682,,,,17,14504,,,,6,16637,,,,31,7016,,,,,,,,,,,,,,,,,,,,,,,,,,,,,,,,,,,,,,,,,,,,,,,,,,,,,,,,,,
173719,28-Jun-18,16:03:00,2018-06-28 16:03:00,G,2,4,1340,759,1,4,-62.6699,-61.1769,33:04.3,FastGPS,,,,,,,,,,15,31,16440,,,,4,23653,,,,26,27256,,,,2,20055,,,,,,,,,,,,,,,,,,,,,,,,,,,,,,,,,,,,,,,,,,,,,,,,,,,,,,,,,,
173719,28-Jun-18,16:33:00,2018-06-28 16:33:00,G,2,4,1341,759,1,5,-62.6699,-61.1769,33:04.3,FastGPS,-62.6695,-61.1766,,1,1.2,0.3,,,,15,4,1154,,,,16,9766,,,,26,29287,,,,23,19954,,,,3,8374,,,,,,,,,,,,,,,,,,,,,,,,,,,,,,,,,,,,,,,,,,,,,,,,,,,,,
173719,28-Jun-18,17:03:00,2018-06-28 17:03:00,G,1,4,1342,759,1,5,-62.6694,-61.1827,03:04.4,FastGPS,-62.6694,-61.1827,,,15.6,0.5,,,,15,16,24106,,,,4,11788,,,,26,31289,,,,23,16066,,,,3,1065,,,,,,,,,,,,,,,,,,,,,,,,,,,,,,,,,,,,,,,,,,,,,,,,,,,,,
173719,28-Jun-18,17:33:00,2018-06-28 17:33:00,G,2,4,1343,759,1,4,-62.6699,-61.1769,33:04.3,FastGPS,-62.6688,-61.1826,,,1.8,0.4,,,,15,23,1781,,,,16,20676,,,,4,1452,,,,26,8600,,,,,,,,,,,,,,,,,,,,,,,,,,,,,,,,,,,,,,,,,,,,,,,,,,,,,,,,,,
173719,28-Jun-18,18:03:00,2018-06-28 18:03:00,G,1,4,1344,759,1,4,-62.6699,-61.1769,33:04.3,FastGPS,-62.6697,-61.1774,,,1,0.3,,,,15,23,5628,,,,16,13910,,,,26,19501,,,,9,17709,,,,,,,,,,,,,,,,,,,,,,,,,,,,,,,,,,,,,,,,,,,,,,,,,,,,,,,,,,
173719,28-Jun-18,20:18:00,2018-06-28 20:18:00,G,2,4,1348,760,1,4,-62.6699,-61.1769,33:04.3,FastGPS,-62.6694,-61.1771,,,0.8,0.3,,,,15,7,8690,,,,8,26158,,,,27,16122,,,,28,22741,,,,,,,,,,,,,,,,,,,,,,,,,,,,,,,,,,,,,,,,,,,,,,,,,,,,,,,,,,
173719,28-Jun-18,21:48:00,2018-06-28 21:48:00,G,1,4,1351,760,1,4,-62.6699,-61.1769,33:04.3,FastGPS,-62.6698,-61.1772,,,1,0.3,,,,15,30,4527,,,,11,12553,,,,8,2686,,,,28,27708,,,,,,,,,,,,,,,,,,,,,,,,,,,,,,,,,,,,,,,,,,,,,,,,,,,,,,,,,,
173719,28-Jun-18,22:18:00,2018-06-28 22:18:00,G,2,4,1352,760,1,5,-62.6695,-61.1774,18:04.3,FastGPS,-62.6695,-61.1774,,,0.8,0.3,,,,15,17,4823,,,,30,5274,,,,11,5504,,,,18,22387,,,,28,24785,,,,,,,,,,,,,,,,,,,,,,,,,,,,,,,,,,,,,,,,,,,,,,,,,,,,,
173719,28-Jun-18,22:48:00,2018-06-28 22:48:00,G,2,4,1353,760,1,6,-62.6695,-61.1759,48:04.3,FastGPS,-62.6695,-61.1759,,,5.5,0.3,,,,15,17,6074,,,,18,28879,,,,11,12206,,,,1,22760,,,,19,6399,,,,28,25072,,,,,,,,,,,,,,,,,,,,,,,,,,,,,,,,,,,,,,,,,,,,,,,,
173719,30-Jun-18,21:26:28,2018-06-30 21:26:28,G,1,4,1354,760,0,6,-62.6693,-61.1776,26:32.9,FastGPS,-62.6693,-61.1776,,,2.6,0.9,,,,15,28,28170,,,,30,24910,,,,13,11031,,,,20,18740,,,,15,15205,,,,7,2548,,,,,,,,,,,,,,,,,,,,,,,,,,,,,,,,,,,,,,,,,,,,,,,,
173719,30-Jun-18,23:04:27,2018-06-30 23:04:27,G,1,4,1356,760,0,8,-62.6751,-61.1475,04:31.9,FastGPS,-62.6751,-61.1475,,,12.5,0.9,,,,15,15,27747,,,,24,31650,,,,12,23542,,,,20,25290,,,,10,27333,,,,18,15378,,,,13,15882,,,,28,24599,,,,,,,,,,,,,,,,,,,,,,,,,,,,,,,,,,,,,,
173719,1-Jul-18,0:16:14,2018-07-01 00:16:14,G,2,4,1358,760,0,8,-62.707,-61.1771,16:18.4,FastGPS,-62.707,-61.1771,,,12.6,0.4,,,,15,12,31769,,,,15,4570,,,,32,2381,,,,24,9000,,,,10,24393,,,,1,23487,,,,18,15691,,,,19,24635,,,,,,,,,,,,,,,,,,,,,,,,,,,,,,,,,,,,,,
173719,1-Jul-18,0:46:40,2018-07-01 00:46:40,G,1,4,1359,760,0,8,-62.722,-61.2024,46:44.8,FastGPS,-62.722,-61.2024,,,11.9,0.9,,,,15,12,27684,,,,17,5734,,,,24,1624,,,,32,11668,,,,19,4897,,,,22,1126,,,,14,19584,,,,3,2857,,,,,,,,,,,,,,,,,,,,,,,,,,,,,,,,,,,,,,
173719,1-Jul-18,1:16:24,2018-07-01 01:16:24,G,2,4,1360,760,0,8,-62.7367,-61.2101,16:28.9,FastGPS,-62.7367,-61.2101,,,12.3,0.9,,,,15,12,6334,,,,24,31786,,,,32,21460,,,,25,30078,,,,22,9279,,,,17,18170,,,,19,22284,,,,14,31736,,,,,,,,,,,,,,,,,,,,,,,,,,,,,,,,,,,,,,
173719,1-Jul-18,2:49:36,2018-07-01 02:49:36,G,1,4,1363,760,0,7,-62.7773,-61.2479,49:40.4,FastGPS,-62.7773,-61.2479,,,15.5,0.4,,,,15,12,3228,,,,29,26441,,,,2,15796,,,,25,1638,,,,19,12376,,,,6,28729,,,,14,28138,,,,,,,,,,,,,,,,,,,,,,,,,,,,,,,,,,,,,,,,,,,
173719,1-Jul-18,3:24:20,2018-07-01 03:24:20,G,1,4,1364,760,0,7,-62.7753,-61.2701,24:24.4,FastGPS,-62.7753,-61.2701,,1,2.1,0.4,,,,15,12,8129,,,,31,19460,,,,29,28386,,,,2,16648,,,,25,29361,,,,4,4352,,,,14,20044,,,,,,,,,,,,,,,,,,,,,,,,,,,,,,,,,,,,,,,,,,,
173719,1-Jul-18,5:48:05,2018-07-01 05:48:05,G,1,4,1368,761,0,5,-62.8122,-61.5281,46:18.4,FastGPS,-62.836,-61.3856,,1,1.4,0.4,,,,15,4,31206,,,,26,4278,,,,31,4690,,,,21,25968,,,,29,10638,,,,,,,,,,,,,,,,,,,,,,,,,,,,,,,,,,,,,,,,,,,,,,,,,,,,,
173719,1-Jul-18,6:52:13,2018-07-01 06:52:13,G,1,4,1370,761,0,8,-62.8455,-61.4474,52:17.9,FastGPS,-62.8455,-61.4474,,,10.8,0.9,,,,15,26,14129,,,,4,17722,,,,21,6506,,,,27,240,,,,16,4654,,,,20,8998,,,,29,16956,,,,5,32737,,,,,,,,,,,,,,,,,,,,,,,,,,,,,,,,,,,,,,
173719,1-Jul-18,7:54:09,2018-07-01 07:54:09,G,1,4,1371,,0,9,-62.8266,-61.4789,54:13.4,FastGPS,-62.8266,-61.4789,,1,10.2,0.4,,,,15,15,3685,,,,21,4683,,,,13,16644,,,,16,5702,,,,4,12026,,,,20,7195,,,,27,1117,,,,26,7648,,,,10,10455,,,,,,,,,,,,,,,,,,,,,,,,,,,,,,,,,
173719,1-Jul-18,8:40:39,2018-07-01 08:40:39,G,1,4,1372,764,0,8,-62.8255,-61.5031,40:43.4,FastGPS,-62.8255,-61.5031,,,9.4,0.4,,,,15,10,16446,,,,20,32442,,,,7,10444,,,,21,25690,,,,8,8776,,,,27,11130,,,,18,18010,,,,15,22980,,,,,,,,,,,,,,,,,,,,,,,,,,,,,,,,,,,,,,
173719,1-Jul-18,9:42:22,2018-07-01 09:42:22,G,2,4,1373,766,0,6,-62.8275,-61.5251,42:26.4,FastGPS,-62.8275,-61.5251,,,14.7,0.4,,,,15,27,28043,,,,10,16735,,,,11,30269,,,,8,18275,,,,28,26147,,,,20,28440,,,,,,,,,,,,,,,,,,,,,,,,,,,,,,,,,,,,,,,,,,,,,,,,
173719,1-Jul-18,10:44:34,2018-07-01 10:44:34,G,1,4,1374,,0,9,-62.8172,-61.5189,44:38.9,FastGPS,-62.8172,-61.5189,,,3.9,0.9,,,,15,10,16114,,,,32,2330,,,,22,25486,,,,11,4318,,,,20,31075,,,,14,254,,,,1,20192,,,,18,29818,,,,27,21234,,,,,,,,,,,,,,,,,,,,,,,,,,,,,,,,,
173719,1-Jul-18,11:14:07,2018-07-01 11:14:07,G,4,4,1375,,0,9,-62.8149,-61.5253,14:11.4,FastGPS,-62.8149,-61.5253,,,18.2,0.4,,,,15,32,9991,,,,10,31963,,,,18,25601,,,,20,11479,,,,22,3740,,,,14,6456,,,,11,2448,,,,1,3604,,,,27,19843,,,,,,,,,,,,,,,,,,,,,,,,,,,,,,,,,
173719,1-Jul-18,11:46:14,2018-07-01 11:46:14,G,2,4,1376,768,0,4,-62.856,-61.564,7/2/2018 1:03,N,-62.8122,-61.5281,,,0.4,0.4,,,,15,22,24442,,,,1,18678,,,,32,22132,,,,11,17576,,,,,,,,,,,,,,,,,,,,,,,,,,,,,,,,,,,,,,,,,,,,,,,,,,,,,,,,,,
173719,1-Jul-18,20:37:35,2018-07-01 20:37:35,G,1,4,1390,773,0,8,-62.839,-61.4982,37:39.4,FastGPS,-62.839,-61.4982,,,9.5,0.4,,,,15,5,1680,,,,28,8,,,,13,9407,,,,15,2376,,,,30,11256,,,,7,4335,,,,20,29833,,,,21,12628,,,,,,,,,,,,,,,,,,,,,,,,,,,,,,,,,,,,,,
173719,1-Jul-18,21:55:39,2018-07-01 21:55:39,G,1,4,1392,773,0,6,-62.8588,-61.5034,55:42.4,FastGPS,-62.8588,-61.5034,,,5,-0.6,,,,15,28,6316,,,,15,29474,,,,13,25209,,,,30,14076,,,,11,30482,,,,17,22126,,,,,,,,,,,,,,,,,,,,,,,,,,,,,,,,,,,,,,,,,,,,,,,,
173719,2-Jul-18,1:12:20,2018-07-02 01:12:20,G,1,4,1394,,0,9,-62.8542,-61.5311,12:24.9,FastGPS,-62.8542,-61.5311,,,13.7,0.9,,,,15,17,17749,,,,6,27978,,,,3,31130,,,,2,16461,,,,12,7510,,,,22,11152,,,,19,22164,,,,14,2011,,,,32,24084,,,,,,,,,,,,,,,,,,,,,,,,,,,,,,,,,
173719,2-Jul-18,2:44:55,2018-07-02 02:44:55,G,1,4,1396,,0,9,-62.8486,-61.5035,44:58.4,FastGPS,-62.8486,-61.5035,,,9,-0.6,,,,15,31,13054,,,,14,22658,,,,25,25719,,,,29,16061,,,,12,27876,,,,32,11229,,,,6,20979,,,,19,5938,,,,2,5104,,,,,,,,,,,,,,,,,,,,,,,,,,,,,,,,,
173719,2-Jul-18,6:55:37,2018-07-02 06:55:37,G,1,4,1397,,0,9,-62.8449,-61.4479,55:41.9,FastGPS,-62.8449,-61.4479,,,19.7,0.9,,,,15,5,13766,,,,20,15084,,,,16,17190,,,,4,1449,,,,21,23016,,,,29,25543,,,,7,32566,,,,15,29817,,,,26,3104,,,,,,,,,,,,,,,,,,,,,,,,,,,,,,,,,
173719,2-Jul-18,9:17:09,2018-07-02 09:17:09,G,2,4,1399,775,0,8,-62.8455,-61.4501,17:12.4,FastGPS,-62.8455,-61.4501,,,14.3,-0.6,,,,15,15,29526,,,,21,12034,,,,20,9986,,,,32,19414,,,,8,25448,,,,10,7576,,,,27,4493,,,,13,7923,,,,,,,,,,,,,,,,,,,,,,,,,,,,,,,,,,,,,,
173719,2-Jul-18,9:47:01,2018-07-02 09:47:01,G,2,4,1400,,0,9,-62.8492,-61.436,47:05.9,FastGPS,-62.8492,-61.436,,,5.2,0.9,,,,15,27,3932,,,,10,13839,,,,8,21904,,,,18,22635,,,,15,19158,,,,11,26002,,,,1,11306,,,,28,18725,,,,32,17004,,,,,,,,,,,,,,,,,,,,,,,,,,,,,,,,,
173719,2-Jul-18,11:44:49,2018-07-02 11:44:49,G,2,4,1401,777,0,8,-62.8476,-61.4668,44:52.9,FastGPS,-62.8476,-61.4668,,,7.9,-0.1,,,,15,28,32283,,,,1,28216,,,,22,4232,,,,17,19003,,,,11,21273,,,,3,26852,,,,18,9344,,,,24,30087,,,,,,,,,,,,,,,,,,,,,,,,,,,,,,,,,,,,,,
173719,2-Jul-18,12:23:50,2018-07-02 12:23:50,G,3,4,1402,,0,9,-62.8446,-61.4659,23:53.9,FastGPS,-62.8446,-61.4659,,,17.8,-0.1,,,,15,32,22483,,,,31,20968,,,,14,27581,,,,17,31894,,,,10,22092,,,,22,3163,,,,8,16214,,,,11,5674,,,,1,32550,,,,,,,,,,,,,,,,,,,,,,,,,,,,,,,,,
173719,2-Jul-18,12:55:30,2018-07-02 12:55:30,G,2,4,1403,,0,9,-62.8323,-61.478,55:33.4,FastGPS,-62.8323,-61.478,,,9.8,-0.6,,,,15,31,17691,,,,14,20320,,,,32,1139,,,,11,7042,,,,17,22294,,,,1,31635,,,,18,22041,,,,22,27032,,,,3,11834,,,,,,,,,,,,,,,,,,,,,,,,,,,,,,,,,
173719,2-Jul-18,13:40:05,2018-07-02 13:40:05,G,1,4,1404,,0,9,-62.8279,-61.4838,40:09.9,FastGPS,-62.8279,-61.4838,,,8.8,0.9,,,,15,31,27782,,,,22,12134,,,,1,27854,,,,23,16314,,,,14,460,,,,17,15949,,,,3,25456,,,,12,20420,,,,32,1296,,,,,,,,,,,,,,,,,,,,,,,,,,,,,,,,,
173719,2-Jul-18,14:15:32,2018-07-02 14:15:32,G,1,4,1405,777,0,8,-62.8155,-61.5031,15:35.4,FastGPS,-62.8155,-61.5031,,,8.9,-0.6,,,,15,22,29688,,,,31,12064,,,,17,696,,,,3,28026,,,,23,11304,,,,1,13433,,,,18,32162,,,,11,3298,,,,,,,,,,,,,,,,,,,,,,,,,,,,,,,,,,,,,,
173719,2-Jul-18,14:45:01,2018-07-02 14:45:01,G,1,4,1406,,0,9,-62.81,-61.5257,45:05.9,FastGPS,-62.81,-61.5257,,,11.6,0.9,,,,15,31,12358,,,,22,25611,,,,23,21630,,,,3,25110,,,,12,3938,,,,1,30808,,,,4,18259,,,,25,28884,,,,26,16054,,,,,,,,,,,,,,,,,,,,,,,,,,,,,,,,,
173719,2-Jul-18,15:35:47,2018-07-02 15:35:47,G,1,4,1407,777,0,8,-62.7967,-61.5204,35:50.9,FastGPS,-62.7967,-61.5204,,,5.7,-0.1,,,,15,3,28282,,,,23,14687,,,,22,2296,,,,6,25491,,,,19,12228,,,,9,28042,,,,31,7042,,,,4,20798,,,,,,,,,,,,,,,,,,,,,,,,,,,,,,,,,,,,,,
173719,2-Jul-18,16:24:02,2018-07-02 16:24:02,G,2,4,1408,,0,9,-62.7905,-61.5197,24:05.4,FastGPS,-62.7905,-61.5197,,1,6.1,-0.6,,,,15,9,27477,,,,4,12073,,,,26,13059,,,,6,19510,,,,2,28299,,,,29,1329,,,,23,18422,,,,16,10395,,,,7,21499,,,,,,,,,,,,,,,,,,,,,,,,,,,,,,,,,
173719,2-Jul-18,17:09:00,2018-07-02 17:09:00,G,5,4,1409,,0,9,-62.7994,-61.5208,09:03.4,FastGPS,-62.7994,-61.5208,,,8,-0.6,,,,15,2,801,,,,6,26020,,,,9,10807,,,,23,11722,,,,7,19306,,,,5,27639,,,,26,6053,,,,4,4207,,,,29,13296,,,,,,,,,,,,,,,,,,,,,,,,,,,,,,,,,
173719,2-Jul-18,17:39:54,2018-07-02 17:39:54,G,1,4,1410,,0,9,-62.8123,-61.5167,39:57.9,FastGPS,-62.8123,-61.5167,,,17,-0.1,,,,15,7,30493,,,,2,27680,,,,5,22135,,,,30,3588,,,,9,17752,,,,26,32295,,,,29,6583,,,,16,8152,,,,4,14047,,,,,,,,,,,,,,,,,,,,,,,,,,,,,,,,,
173719,2-Jul-18,18:10:24,2018-07-02 18:10:24,G,1,4,1411,,0,9,-62.8177,-61.4849,10:27.9,FastGPS,-62.8177,-61.4849,,,10.3,-0.1,,,,15,5,16901,,,,27,6282,,,,7,28826,,,,30,29127,,,,26,20142,,,,9,17114,,,,23,17218,,,,16,2170,,,,2,12018,,,,,,,,,,,,,,,,,,,,,,,,,,,,,,,,,
173719,3-Jul-18,4:21:38,2018-07-03 04:21:38,G,1,4,1416,784,0,7,-62.9349,-61.3257,21:41.9,FastGPS,-62.9349,-61.3257,,1,1.9,-0.1,,,,15,31,5302,,,,4,2974,,,,29,11180,,,,23,6562,,,,26,6568,,,,5,29095,,,,9,5178,,,,,,,,,,,,,,,,,,,,,,,,,,,,,,,,,,,,,,,,,,,
173719,3-Jul-18,8:54:13,2018-07-03 08:54:13,G,2,4,1417,,0,9,-62.9224,-61.3627,54:16.5,FastGPS,-62.9224,-61.3627,,,12.5,-0.5,,,,15,8,22834,,,,10,17497,,,,27,27203,,,,20,7118,,,,15,29624,,,,18,19132,,,,16,22188,,,,7,10924,,,,30,9141,,,,,,,,,,,,,,,,,,,,,,,,,,,,,,,,,
173719,3-Jul-18,10:11:33,2018-07-03 10:11:33,G,2,4,1418,784,0,7,-62.9049,-61.4185,11:36.9,FastGPS,-62.9049,-61.4185,,,6.7,-0.1,,,,15,10,22458,,,,20,15098,,,,28,20508,,,,32,5074,,,,15,25795,,,,18,18036,,,,8,17190,,,,,,,,,,,,,,,,,,,,,,,,,,,,,,,,,,,,,,,,,,,
173719,3-Jul-18,10:55:12,2018-07-03 10:55:12,G,1,4,1419,,0,9,-62.8825,-61.4347,55:15.4,FastGPS,-62.8825,-61.4347,,,5.6,-0.6,,,,15,10,9661,,,,32,30444,,,,18,16137,,,,27,13160,,,,14,1625,,,,22,26734,,,,8,20330,,,,24,10412,,,,1,6261,,,,,,,,,,,,,,,,,,,,,,,,,,,,,,,,,
173719,3-Jul-18,12:40:40,2018-07-03 12:40:40,G,1,4,1420,,0,9,-62.8413,-61.4664,40:43.8,FastGPS,-62.8413,-61.4664,,,7.6,-0.1,,,,15,17,10047,,,,32,2612,,,,1,4851,,,,12,9553,,,,22,12584,,,,3,11016,,,,19,20881,,,,11,352,,,,14,29270,,,,,,,,,,,,,,,,,,,,,,,,,,,,,,,,,
173719,3-Jul-18,13:19:22,2018-07-03 13:19:22,G,1,4,1421,,0,9,-62.8408,-61.4461,19:25.9,FastGPS,-62.8408,-61.4461,,,14.2,-0.1,,,,15,17,8231,,,,19,7173,,,,3,995,,,,32,11784,,,,12,21174,,,,14,19451,,,,31,26293,,,,1,7913,,,,22,25162,,,,,,,,,,,,,,,,,,,,,,,,,,,,,,,,,
173719,3-Jul-18,13:49:15,2018-07-03 13:49:15,G,1,4,1422,,0,9,-62.8456,-61.4383,49:18.4,FastGPS,-62.8456,-61.4383,,,3.9,-0.6,,,,15,12,20744,,,,3,14626,,,,17,28100,,,,23,16253,,,,1,26331,,,,22,3414,,,,6,22084,,,,31,23982,,,,19,8808,,,,,,,,,,,,,,,,,,,,,,,,,,,,,,,,,
173719,3-Jul-18,14:20:23,2018-07-03 14:20:23,G,3,4,1423,,0,9,-62.8509,-61.4213,20:26.9,FastGPS,-62.8509,-61.4213,,,7.3,-0.1,,,,15,22,8560,,,,31,13714,,,,3,27363,,,,23,10604,,,,17,2585,,,,1,9817,,,,19,416,,,,6,17004,,,,14,3712,,,,,,,,,,,,,,,,,,,,,,,,,,,,,,,,,
173719,3-Jul-18,15:23:23,2018-07-03 15:23:23,G,3,4,1425,784,0,7,-62.8551,-61.429,23:26.4,FastGPS,-62.8551,-61.429,,,4,-0.6,,,,15,31,13328,,,,23,21876,,,,3,31822,,,,4,14406,,,,22,18536,,,,26,3282,,,,9,11064,,,,,,,,,,,,,,,,,,,,,,,,,,,,,,,,,,,,,,,,,,,
173719,3-Jul-18,16:09:43,2018-07-03 16:09:43,G,1,4,1426,,0,9,-62.8482,-61.415,09:46.4,FastGPS,-62.8482,-61.415,,1,4.1,-0.6,,,,15,2,8010,,,,9,2350,,,,6,125,,,,31,27999,,,,29,8289,,,,4,5994,,,,26,31204,,,,23,29286,,,,16,3717,,,,,,,,,,,,,,,,,,,,,,,,,,,,,,,,,
173719,3-Jul-18,16:40:00,2018-07-03 16:40:00,G,1,4,1427,,0,9,-62.8443,-61.4061,40:04.4,FastGPS,-62.8443,-61.4061,,1,9.6,0.4,,,,15,7,15817,,,,16,26738,,,,23,32639,,,,26,9713,,,,2,30988,,,,4,25507,,,,9,12814,,,,29,20733,,,,6,24392,,,,,,,,,,,,,,,,,,,,,,,,,,,,,,,,,
173719,3-Jul-18,19:41:17,2018-07-03 19:41:17,G,2,4,1432,786,0,4,-62.853,-61.486,7/3/2018 22:05,P,-62.8604,-61.4249,,,0.8,0.4,,,,15,5,30315,,,,30,6906,,,,7,28848,,,,8,30942,,,,,,,,,,,,,,,,,,,,,,,,,,,,,,,,,,,,,,,,,,,,,,,,,,,,,,,,,,
173719,3-Jul-18,20:12:51,2018-07-03 20:12:51,G,1,4,1433,786,0,8,-62.8709,-61.4407,12:55.9,FastGPS,-62.8709,-61.4407,,,13.3,0.9,,,,15,28,20486,,,,5,9443,,,,15,15597,,,,13,22390,,,,7,19116,,,,30,19141,,,,27,28220,,,,21,31440,,,,,,,,,,,,,,,,,,,,,,,,,,,,,,,,,,,,,,
173719,3-Jul-18,20:52:34,2018-07-03 20:52:34,G,1,4,1434,786,0,7,-62.8815,-61.4836,52:37.9,FastGPS,-62.8815,-61.4836,,,6.3,-0.1,,,,15,5,8263,,,,13,8888,,,,15,22077,,,,28,31464,,,,30,26692,,,,20,7575,,,,8,21899,,,,,,,,,,,,,,,,,,,,,,,,,,,,,,,,,,,,,,,,,,,
173719,3-Jul-18,22:39:09,2018-07-03 22:39:09,G,1,4,1437,,0,9,-62.8788,-61.5626,39:12.4,FastGPS,-62.8788,-61.5626,,,6.8,-0.6,,,,15,13,25092,,,,17,25119,,,,15,9196,,,,10,24447,,,,19,31958,,,,24,17327,,,,20,16788,,,,30,535,,,,28,32105,,,,,,,,,,,,,,,,,,,,,,,,,,,,,,,,,
173719,4-Jul-18,1:37:45,2018-07-04 01:37:45,G,1,4,1438,788,0,7,-62.9059,-61.5367,37:49.9,FastGPS,-62.9059,-61.5367,,,9.5,0.9,,,,15,12,28763,,,,19,1914,,,,6,21994,,,,24,18901,,,,17,25876,,,,2,8812,,,,25,19308,,,,,,,,,,,,,,,,,,,,,,,,,,,,,,,,,,,,,,,,,,,
173719,4-Jul-18,3:58:40,2018-07-04 03:58:40,G,1,4,1439,789,0,8,-62.8716,-61.4796,58:43.4,FastGPS,-62.8716,-61.4796,,1,5.8,-0.6,,,,15,12,24761,,,,2,19090,,,,23,11740,,,,5,31291,,,,29,18612,,,,31,24671,,,,4,2298,,,,25,19107,,,,,,,,,,,,,,,,,,,,,,,,,,,,,,,,,,,,,,
173719,4-Jul-18,4:30:45,2018-07-04 04:30:45,G,1,4,1440,,0,9,-62.8614,-61.4685,30:49.4,FastGPS,-62.8614,-61.4685,,1,12.1,0.4,,,,15,2,11803,,,,29,20756,,,,5,32489,,,,9,25176,,,,25,2966,,,,4,11158,,,,31,14862,,,,26,24575,,,,12,10630,,,,,,,,,,,,,,,,,,,,,,,,,,,,,,,,,
173719,4-Jul-18,5:31:36,2018-07-04 05:31:36,G,1,4,1442,789,0,8,-62.8454,-61.4623,31:40.9,FastGPS,-62.8454,-61.4623,,,5.1,0.9,,,,15,21,25541,,,,29,4506,,,,4,15814,,,,26,17777,,,,5,5533,,,,31,8459,,,,9,14209,,,,16,1004,,,,,,,,,,,,,,,,,,,,,,,,,,,,,,,,,,,,,,
173719,4-Jul-18,6:03:07,2018-07-04 06:03:07,G,1,4,1443,789,0,5,-62.8551,-61.429,23:26.4,FastGPS,-62.8693,-61.4845,,1,1,-0.6,,,,15,21,11159,,,,4,26759,,,,26,25559,,,,16,31138,,,,29,14551,,,,,,,,,,,,,,,,,,,,,,,,,,,,,,,,,,,,,,,,,,,,,,,,,,,,,
173719,4-Jul-18,6:34:24,2018-07-04 06:34:24,G,2,4,1444,,0,9,-62.8924,-61.5099,34:28.4,FastGPS,-62.8924,-61.5099,,1,4.7,0.4,,,,15,26,1287,,,,4,8928,,,,7,7866,,,,21,5484,,,,20,25217,,,,29,14150,,,,27,17934,,,,16,7117,,,,5,27142,,,,,,,,,,,,,,,,,,,,,,,,,,,,,,,,,
173719,4-Jul-18,9:18:18,2018-07-04 09:18:18,G,1,4,1445,790,0,7,-62.9052,-61.5545,18:22.9,FastGPS,-62.9052,-61.5545,,,11.1,0.9,,,,15,15,2728,,,,20,16286,,,,10,6383,,,,21,20214,,,,32,19370,,,,8,32426,,,,27,13470,,,,,,,,,,,,,,,,,,,,,,,,,,,,,,,,,,,,,,,,,,,
173719,4-Jul-18,9:50:05,2018-07-04 09:50:05,G,2,4,1446,790,0,8,-62.881,-61.524,50:08.9,FastGPS,-62.881,-61.524,,,5.5,-0.1,,,,15,32,9001,,,,15,27918,,,,10,17456,,,,24,18406,,,,20,13806,,,,27,13947,,,,8,1576,,,,21,28332,,,,,,,,,,,,,,,,,,,,,,,,,,,,,,,,,,,,,,
173719,4-Jul-18,10:29:36,2018-07-04 10:29:36,G,1,4,1447,,0,9,-62.8598,-61.4869,29:39.9,FastGPS,-62.8598,-61.4869,,,8.4,-0.1,,,,15,20,15462,,,,10,29142,,,,32,576,,,,14,26946,,,,24,15567,,,,27,6324,,,,18,29956,,,,22,16969,,,,8,2168,,,,,,,,,,,,,,,,,,,,,,,,,,,,,,,,,
173719,4-Jul-18,10:59:40,2018-07-04 10:59:40,G,1,4,1448,,0,9,-62.8408,-61.4699,59:43.9,FastGPS,-62.8408,-61.4699,,,11.5,-0.1,,,,15,10,17995,,,,14,9414,,,,32,17785,,,,8,29787,,,,24,15580,,,,22,3417,,,,18,959,,,,20,32278,,,,11,10457,,,,,,,,,,,,,,,,,,,,,,,,,,,,,,,,,
173719,4-Jul-18,11:44:10,2018-07-04 11:44:10,G,1,4,1449,791,0,7,-62.8336,-61.4763,44:13.4,FastGPS,-62.8336,-61.4763,,,12.3,-0.6,,,,15,32,18320,,,,14,32268,,,,18,4549,,,,22,26085,,,,1,7516,,,,10,17139,,,,3,22444,,,,,,,,,,,,,,,,,,,,,,,,,,,,,,,,,,,,,,,,,,,
173719,4-Jul-18,13:54:01,2018-07-04 13:54:01,G,2,4,1450,792,0,8,-62.8195,-61.4877,54:05.4,FastGPS,-62.8195,-61.4877,,,10.4,0.4,,,,15,31,12382,,,,1,7035,,,,22,396,,,,3,32395,,,,23,32108,,,,18,1801,,,,17,16628,,,,11,971,,,,,,,,,,,,,,,,,,,,,,,,,,,,,,,,,,,,,,
173719,4-Jul-18,14:24:28,2018-07-04 14:24:28,G,2,4,1451,792,0,8,-62.8137,-61.517,24:32.4,FastGPS,-62.8137,-61.517,,,8.7,0.4,,,,15,22,28396,,,,23,14417,,,,3,242,,,,1,17340,,,,9,16678,,,,31,19730,,,,17,14674,,,,6,21495,,,,,,,,,,,,,,,,,,,,,,,,,,,,,,,,,,,,,,
173719,4-Jul-18,14:58:31,2018-07-04 14:58:31,G,2,4,1452,,0,9,-62.8075,-61.5268,58:35.4,FastGPS,-62.8075,-61.5268,,,11.8,0.4,,,,15,23,18301,,,,9,20094,,,,19,9666,,,,6,28685,,,,3,5735,,,,25,20337,,,,31,23383,,,,22,28471,,,,2,16858,,,,,,,,,,,,,,,,,,,,,,,,,,,,,,,,,
173719,4-Jul-18,15:32:57,2018-07-04 15:32:57,G,1,4,1453,792,0,6,-62.8016,-61.5305,33:01.9,FastGPS,-62.8016,-61.5305,,,9.5,0.9,,,,15,23,21713,,,,3,17675,,,,22,17491,,,,9,19084,,,,6,32202,,,,19,31484,,,,,,,,,,,,,,,,,,,,,,,,,,,,,,,,,,,,,,,,,,,,,,,,
173719,4-Jul-18,18:04:20,2018-07-04 18:04:20,G,1,4,1457,793,0,5,-62.7926,-61.5263,04:23.9,FastGPS,-62.7926,-61.5263,,,13,-0.1,,,,15,5,31537,,,,16,7226,,,,9,20572,,,,7,8838,,,,27,23078,,,,,,,,,,,,,,,,,,,,,,,,,,,,,,,,,,,,,,,,,,,,,,,,,,,,,
173719,4-Jul-18,20:23:00,2018-07-04 20:23:00,G,1,4,1460,796,0,8,-62.792,-61.5217,23:03.4,FastGPS,-62.792,-61.5217,,,5.2,-0.6,,,,15,28,29263,,,,13,9302,,,,27,18012,,,,15,28866,,,,30,19577,,,,5,15161,,,,8,5875,,,,21,22156,,,,,,,,,,,,,,,,,,,,,,,,,,,,,,,,,,,,,,
173719,4-Jul-18,21:40:32,2018-07-04 21:40:32,G,1,4,1462,,0,9,-62.8221,-61.5401,40:36.4,FastGPS,-62.8221,-61.5401,,,12.6,0.4,,,,15,15,14106,,,,13,18822,,,,10,8782,,,,11,15418,,,,24,5702,,,,8,22451,,,,20,29653,,,,17,30678,,,,18,19400,,,,,,,,,,,,,,,,,,,,,,,,,,,,,,,,,
173719,4-Jul-18,22:13:11,2018-07-04 22:13:11,G,1,4,1463,797,0,7,-62.845,-61.5442,13:15.4,FastGPS,-62.845,-61.5442,,,8.1,0.4,,,,15,15,12312,,,,13,20322,,,,10,25288,,,,20,2196,,,,17,28826,,,,18,20199,,,,24,21974,,,,,,,,,,,,,,,,,,,,,,,,,,,,,,,,,,,,,,,,,,,
173719,4-Jul-18,22:43:35,2018-07-04 22:43:35,G,1,4,1464,,0,9,-62.8684,-61.5357,43:39.4,FastGPS,-62.8684,-61.5357,,,7.2,0.4,,,,15,15,4126,,,,24,20381,,,,18,18950,,,,11,12963,,,,13,32582,,,,12,5792,,,,17,26594,,,,28,9083,,,,1,19934,,,,,,,,,,,,,,,,,,,,,,,,,,,,,,,,,
173719,4-Jul-18,23:13:00,2018-07-04 23:13:00,G,2,4,1465,,0,9,-62.8907,-61.5406,13:04.9,FastGPS,-62.8907,-61.5406,,,8,0.9,,,,15,15,19941,,,,24,21682,,,,12,24804,,,,19,32583,,,,18,9278,,,,17,9595,,,,13,22486,,,,11,8657,,,,10,24622,,,,,,,,,,,,,,,,,,,,,,,,,,,,,,,,,
173719,5-Jul-18,1:11:16,2018-07-05 01:11:16,G,2,4,1466,800,0,5,-62.9389,-61.6686,11:20.9,FastGPS,-62.9389,-61.6686,,,3.3,0.9,,,,15,12,7135,,,,24,18554,,,,17,20664,,,,19,18266,,,,32,7776,,,,,,,,,,,,,,,,,,,,,,,,,,,,,,,,,,,,,,,,,,,,,,,,,,,,,
173719,5-Jul-18,2:00:07,2018-07-05 02:00:07,G,2,4,1467,801,0,8,-62.9646,-61.7012,00:11.4,FastGPS,-62.9646,-61.7012,,,6.9,0.4,,,,15,12,9878,,,,24,382,,,,25,24408,,,,29,31995,,,,32,21694,,,,17,16963,,,,19,3202,,,,31,16888,,,,,,,,,,,,,,,,,,,,,,,,,,,,,,,,,,,,,,
173719,5-Jul-18,2:30:19,2018-07-05 02:30:19,G,1,4,1468,801,0,8,-62.9793,-61.7269,30:23.4,FastGPS,-62.9793,-61.7269,,,10.9,0.4,,,,15,31,30222,,,,29,29678,,,,12,22042,,,,2,22302,,,,25,13668,,,,14,20340,,,,32,11939,,,,24,15985,,,,,,,,,,,,,,,,,,,,,,,,,,,,,,,,,,,,,,
173719,5-Jul-18,3:00:41,2018-07-05 03:00:41,G,1,4,1469,801,0,7,-62.9635,-61.77,00:44.9,FastGPS,-62.9635,-61.77,,,10,-0.1,,,,15,12,4556,,,,29,13838,,,,2,23729,,,,25,5203,,,,14,25555,,,,32,16544,,,,31,16552,,,,,,,,,,,,,,,,,,,,,,,,,,,,,,,,,,,,,,,,,,,
173719,5-Jul-18,12:27:30,2018-07-05 12:27:30,G,1,4,1475,,0,9,-62.8432,-61.4251,27:33.4,FastGPS,-62.8432,-61.4251,,,10.7,-0.6,,,,15,17,4966,,,,31,25545,,,,32,19884,,,,19,6303,,,,12,246,,,,22,6371,,,,14,1215,,,,3,29210,,,,1,8280,,,,,,,,,,,,,,,,,,,,,,,,,,,,,,,,,
173719,5-Jul-18,12:57:13,2018-07-05 12:57:13,G,1,4,1476,802,0,8,-62.8378,-61.3957,57:16.4,FastGPS,-62.8378,-61.3957,,,7.2,-0.6,,,,15,31,29996,,,,32,13896,,,,1,12265,,,,14,28929,,,,11,28952,,,,18,9546,,,,3,13440,,,,22,1780,,,,,,,,,,,,,,,,,,,,,,,,,,,,,,,,,,,,,,
173719,5-Jul-18,13:29:28,2018-07-05 13:29:28,G,5,4,1477,,0,9,-62.8232,-61.3621,29:31.9,FastGPS,-62.8232,-61.3621,,,8.8,-0.1,,,,15,31,12990,,,,12,1462,,,,32,8840,,,,14,9091,,,,22,25132,,,,17,26678,,,,23,3908,,,,18,19803,,,,3,8814,,,,,,,,,,,,,,,,,,,,,,,,,,,,,,,,,
173719,5-Jul-18,14:18:12,2018-07-05 14:18:12,G,3,4,1478,,0,9,-62.8003,-61.3197,18:15.4,FastGPS,-62.8003,-61.3197,,,8.2,-0.6,,,,15,31,27033,,,,22,8147,,,,25,1538,,,,3,7143,,,,23,12270,,,,14,24457,,,,12,10514,,,,1,32407,,,,19,7258,,,,,,,,,,,,,,,,,,,,,,,,,,,,,,,,,
173719,5-Jul-18,14:49:23,2018-07-05 14:49:23,G,3,4,1479,803,0,6,-62.7847,-61.2877,49:26.9,FastGPS,-62.7847,-61.2877,,,1.4,-0.1,,,,15,31,17706,,,,25,10682,,,,4,10510,,,,22,32148,,,,26,16451,,,,6,1173,,,,,,,,,,,,,,,,,,,,,,,,,,,,,,,,,,,,,,,,,,,,,,,,
173719,5-Jul-18,15:19:00,2018-07-05 15:19:00,G,3,4,1480,,0,9,-62.7706,-61.2584,19:03.4,FastGPS,-62.7706,-61.2584,,,4.1,-0.6,,,,15,31,24568,,,,26,6019,,,,6,24687,,,,9,14977,,,,4,14084,,,,22,26933,,,,23,14739,,,,16,32140,,,,2,19898,,,,,,,,,,,,,,,,,,,,,,,,,,,,,,,,,
173719,5-Jul-18,15:49:01,2018-07-05 15:49:01,G,2,4,1481,,0,9,-62.7727,-61.2489,49:04.9,FastGPS,-62.7727,-61.2489,,1,11.7,-0.1,,,,15,2,15654,,,,9,8519,,,,23,12820,,,,31,16106,,,,4,32535,,,,26,15021,,,,22,21323,,,,3,11578,,,,16,26217,,,,,,,,,,,,,,,,,,,,,,,,,,,,,,,,,
173719,5-Jul-18,16:19:25,2018-07-05 16:19:25,G,1,4,1482,,0,9,-62.7708,-61.2481,19:28.4,FastGPS,-62.7708,-61.2481,,1,7.9,-0.6,,,,15,4,36,,,,3,10728,,,,23,27072,,,,16,24503,,,,26,7497,,,,29,3108,,,,7,17647,,,,9,28787,,,,6,22754,,,,,,,,,,,,,,,,,,,,,,,,,,,,,,,,,
173719,5-Jul-18,19:04:00,2018-07-05 19:04:00,G,2,4,1483,812,1,4,-62.769,-61.2467,34:03.4,FastGPS,-62.7688,-61.2469,,,0.3,-0.6,,,,15,9,9077,,,,7,15920,,,,30,3667,,,,28,12587,,,,,,,,,,,,,,,,,,,,,,,,,,,,,,,,,,,,,,,,,,,,,,,,,,,,,,,,,,
173719,5-Jul-18,19:34:00,2018-07-05 19:34:00,G,1,4,1484,812,1,5,-62.769,-61.2469,34:04.4,FastGPS,-62.769,-61.2469,,,7.2,0.4,,,,15,28,7802,,,,7,16078,,,,30,29409,,,,8,23169,,,,5,17729,,,,,,,,,,,,,,,,,,,,,,,,,,,,,,,,,,,,,,,,,,,,,,,,,,,,,
173719,5-Jul-18,20:34:00,2018-07-05 20:34:00,G,2,4,1486,812,1,4,-62.7688,-61.2469,04:03.4,FastGPS,-62.7678,-61.2459,,,1.6,0.4,,,,15,7,14871,,,,28,3777,,,,30,16778,,,,5,15530,,,,,,,,,,,,,,,,,,,,,,,,,,,,,,,,,,,,,,,,,,,,,,,,,,,,,,,,,,
173719,5-Jul-18,22:34:00,2018-07-05 22:34:00,G,2,4,1487,818,1,6,-62.769,-61.2467,34:03.4,FastGPS,-62.769,-61.2467,,,4.9,-0.6,,,,15,19,7282,,,,17,30950,,,,28,16642,,,,11,6366,,,,15,31502,,,,1,29562,,,,,,,,,,,,,,,,,,,,,,,,,,,,,,,,,,,,,,,,,,,,,,,,
173719,6-Jul-18,2:53:00,2018-07-06 02:53:00,G,1,4,1489,819,0,7,-62.7682,-61.2389,53:03.4,FastGPS,-62.7682,-61.2389,,,15.1,-0.6,,,,15,2,20448,,,,6,8122,,,,12,13992,,,,29,29416,,,,14,31138,,,,31,1372,,,,25,32724,,,,,,,,,,,,,,,,,,,,,,,,,,,,,,,,,,,,,,,,,,,
173719,6-Jul-18,4:30:00,2018-07-06 04:30:00,G,2,4,1491,821,0,8,-62.7387,-61.2088,30:03.4,FastGPS,-62.7387,-61.2088,,,12.4,-0.6,,,,15,29,21693,,,,5,17394,,,,25,11302,,,,2,14490,,,,23,9260,,,,9,30943,,,,16,29248,,,,26,15315,,,,,,,,,,,,,,,,,,,,,,,,,,,,,,,,,,,,,,
173719,6-Jul-18,5:02:23,2018-07-06 05:02:23,G,1,4,1492,821,0,7,-62.7239,-61.1941,02:26.4,FastGPS,-62.7239,-61.1941,,,7.1,-0.6,,,,15,5,30961,,,,29,2284,,,,26,8155,,,,31,23095,,,,25,15955,,,,2,29239,,,,16,8709,,,,,,,,,,,,,,,,,,,,,,,,,,,,,,,,,,,,,,,,,,,
173719,6-Jul-18,6:08:17,2018-07-06 06:08:17,G,2,4,1493,823,0,6,-62.7277,-61.2208,08:20.4,FastGPS,-62.7277,-61.2208,,1,6.4,-0.5,,,,15,5,15491,,,,29,20128,,,,21,1517,,,,4,21434,,,,16,11585,,,,26,31386,,,,,,,,,,,,,,,,,,,,,,,,,,,,,,,,,,,,,,,,,,,,,,,,
173719,6-Jul-18,10:14:52,2018-07-06 10:14:52,G,1,4,1496,,0,9,-62.7283,-61.2195,14:56.4,FastGPS,-62.7283,-61.2195,,,13.1,0.4,,,,15,11,14663,,,,10,7434,,,,18,8258,,,,20,4346,,,,8,9737,,,,1,15878,,,,14,25702,,,,32,9785,,,,24,1059,,,,,,,,,,,,,,,,,,,,,,,,,,,,,,,,,
173719,6-Jul-18,12:13:04,2018-07-06 12:13:04,G,2,4,1498,,0,9,-62.7225,-61.241,13:08.4,FastGPS,-62.7225,-61.241,,,5.7,0.4,,,,15,1,6763,,,,11,1047,,,,22,18708,,,,18,19278,,,,17,16099,,,,14,2360,,,,32,14660,,,,31,17740,,,,3,25324,,,,,,,,,,,,,,,,,,,,,,,,,,,,,,,,,
173719,6-Jul-18,13:36:00,2018-07-06 13:36:00,G,2,4,1499,,0,9,-62.7171,-61.278,36:04.9,FastGPS,-62.7171,-61.278,,,10.2,0.9,,,,15,31,27535,,,,23,15595,,,,22,9880,,,,1,2016,,,,14,1645,,,,32,22744,,,,11,1526,,,,17,737,,,,3,17742,,,,,,,,,,,,,,,,,,,,,,,,,,,,,,,,,
173719,6-Jul-18,15:42:05,2018-07-06 15:42:05,G,2,4,1501,,0,9,-62.7105,-61.3509,42:08.9,FastGPS,-62.7105,-61.3509,,,5.9,-0.1,,,,15,6,20945,,,,9,1053,,,,29,878,,,,2,7443,,,,31,25659,,,,23,14191,,,,4,27941,,,,26,8256,,,,16,14010,,,,,,,,,,,,,,,,,,,,,,,,,,,,,,,,,
173719,6-Jul-18,17:39:15,2018-07-06 17:39:15,G,1,4,1502,833,0,7,-62.7255,-61.3706,39:18.9,FastGPS,-62.7255,-61.3706,,,12.2,-0.1,,,,15,7,27338,,,,9,11148,,,,23,13906,,,,5,30028,,,,30,27842,,,,2,29204,,,,16,17094,,,,,,,,,,,,,,,,,,,,,,,,,,,,,,,,,,,,,,,,,,,
173719,6-Jul-18,19:27:06,2018-07-06 19:27:06,G,1,4,1505,834,0,6,-62.7479,-61.4238,27:09.4,FastGPS,-62.7479,-61.4238,,,3.9,-0.6,,,,15,7,30623,,,,5,31206,,,,30,3567,,,,13,21109,,,,8,23112,,,,28,1340,,,,,,,,,,,,,,,,,,,,,,,,,,,,,,,,,,,,,,,,,,,,,,,,
173719,6-Jul-18,20:27:01,2018-07-06 20:27:01,G,1,4,1507,834,0,6,-62.7432,-61.4199,27:05.9,FastGPS,-62.7432,-61.4199,,,10.5,0.9,,,,15,7,27120,,,,8,30204,,,,30,23736,,,,28,29518,,,,5,28994,,,,13,24104,,,,,,,,,,,,,,,,,,,,,,,,,,,,,,,,,,,,,,,,,,,,,,,,
173719,6-Jul-18,20:57:49,2018-07-06 20:57:49,G,1,4,1508,834,0,8,-62.7317,-61.3809,57:52.9,FastGPS,-62.7317,-61.3809,,,19.9,-0.1,,,,15,15,27847,,,,7,10956,,,,30,29359,,,,13,3149,,,,8,10464,,,,11,6038,,,,28,15025,,,,20,3242,,,,,,,,,,,,,,,,,,,,,,,,,,,,,,,,,,,,,,
173719,6-Jul-18,21:28:06,2018-07-06 21:28:06,G,1,4,1509,,0,9,-62.7209,-61.3666,28:09.9,FastGPS,-62.7209,-61.3666,,,14.4,-0.1,,,,15,28,26452,,,,17,4125,,,,8,28308,,,,11,2725,,,,30,24656,,,,18,2122,,,,13,18117,,,,15,32062,,,,10,20265,,,,,,,,,,,,,,,,,,,,,,,,,,,,,,,,,
173719,6-Jul-18,23:24:21,2018-07-06 23:24:21,G,1,4,1512,,0,9,-62.6831,-61.2287,24:24.4,FastGPS,-62.6831,-61.2287,,,19.7,-0.6,,,,15,1,3176,,,,17,27894,,,,32,16904,,,,24,27424,,,,28,11960,,,,19,23130,,,,15,25457,,,,13,889,,,,12,10102,,,,,,,,,,,,,,,,,,,,,,,,,,,,,,,,,
173719,6-Jul-18,23:56:02,2018-07-06 23:56:02,G,1,4,1513,834,0,7,-62.6828,-61.1743,56:06.9,FastGPS,-62.6828,-61.1743,,,7.6,0.9,,,,15,17,16862,,,,32,5124,,,,6,21683,,,,1,4570,,,,12,5860,,,,24,360,,,,28,28827,,,,,,,,,,,,,,,,,,,,,,,,,,,,,,,,,,,,,,,,,,,
173719,7-Jul-18,0:27:09,2018-07-07 00:27:09,G,3,4,1514,834,0,6,-62.6809,-61.1468,27:12.8,FastGPS,-62.6809,-61.1468,,,6.9,-0.1,,,,15,6,30716,,,,17,21334,,,,12,8143,,,,19,2349,,,,32,18385,,,,2,1526,,,,,,,,,,,,,,,,,,,,,,,,,,,,,,,,,,,,,,,,,,,,,,,,
173719,7-Jul-18,1:43:01,2018-07-07 01:43:01,G,3,4,1515,837,0,7,-62.6776,-61.1432,43:04.9,FastGPS,-62.6776,-61.1432,,,7.5,-0.1,,,,15,12,11418,,,,31,32486,,,,25,25456,,,,3,13559,,,,29,16663,,,,22,25501,,,,32,3628,,,,,,,,,,,,,,,,,,,,,,,,,,,,,,,,,,,,,,,,,,,
173719,7-Jul-18,2:13:00,2018-07-07 02:13:00,G,1,4,1516,837,0,7,-62.6763,-61.1419,13:03.4,FastGPS,-62.6763,-61.1419,,,6.6,-0.6,,,,15,12,13440,,,,2,8945,,,,32,14967,,,,29,27919,,,,31,30263,,,,6,4112,,,,25,2170,,,,,,,,,,,,,,,,,,,,,,,,,,,,,,,,,,,,,,,,,,,
173719,7-Jul-18,2:43:00,2018-07-07 02:43:00,G,2,4,1517,837,0,4,-62.7479,-61.4238,27:09.4,FastGPS,-62.6767,-61.1509,,,1.3,0.4,,,,15,12,12774,,,,2,30745,,,,29,22018,,,,31,32230,,,,,,,,,,,,,,,,,,,,,,,,,,,,,,,,,,,,,,,,,,,,,,,,,,,,,,,,,,
173719,7-Jul-18,4:38:49,2018-07-07 04:38:49,G,1,4,1519,,0,9,-62.67,-61.1543,38:53.4,FastGPS,-62.67,-61.1543,,1,5.8,0.4,,,,15,29,31703,,,,31,4678,,,,5,21600,,,,4,5784,,,,26,2792,,,,25,10102,,,,23,26242,,,,21,31184,,,,16,1482,,,,,,,,,,,,,,,,,,,,,,,,,,,,,,,,,
173719,7-Jul-18,5:44:58,2018-07-07 05:44:58,G,1,4,1520,840,0,7,-62.671,-61.1541,45:02.4,FastGPS,-62.671,-61.1541,,1,9.1,0.4,,,,15,21,19505,,,,5,1922,,,,26,21298,,,,4,28590,,,,16,7826,,,,29,28862,,,,27,29169,,,,,,,,,,,,,,,,,,,,,,,,,,,,,,,,,,,,,,,,,,,
173719,7-Jul-18,7:29:14,2018-07-07 07:29:14,G,1,4,1521,840,0,6,-62.6693,-61.1538,29:17.3,FastGPS,-62.6693,-61.1538,,,11,-0.7,,,,15,21,8404,,,,15,5994,,,,10,12510,,,,16,8275,,,,20,9999,,,,13,18495,,,,,,,,,,,,,,,,,,,,,,,,,,,,,,,,,,,,,,,,,,,,,,,,
173719,7-Jul-18,7:59:00,2018-07-07 07:59:00,G,1,4,1522,,0,9,-62.6698,-61.1553,59:04.4,FastGPS,-62.6698,-61.1553,,,12.6,0.4,,,,15,21,25572,,,,10,29739,,,,20,24764,,,,15,16785,,,,27,26193,,,,16,13558,,,,7,26598,,,,30,3252,,,,13,7090,,,,,,,,,,,,,,,,,,,,,,,,,,,,,,,,,
173719,7-Jul-18,8:29:00,2018-07-07 08:29:00,G,1,4,1523,840,0,6,-62.6699,-61.1551,29:04.4,FastGPS,-62.6699,-61.1551,,,15.6,0.4,,,,15,10,27296,,,,21,14905,,,,15,30100,,,,27,23402,,,,20,7915,,,,8,24742,,,,,,,,,,,,,,,,,,,,,,,,,,,,,,,,,,,,,,,,,,,,,,,,
173719,7-Jul-18,10:32:21,2018-07-07 10:32:21,G,2,4,1524,842,0,4,-62.6767,-61.1509,43:04.4,FastGPS,-62.6729,-61.1437,,,5.4,1.8,,,,15,18,19502,,,,11,27512,,,,10,12975,,,,20,11196,,,,,,,,,,,,,,,,,,,,,,,,,,,,,,,,,,,,,,,,,,,,,,,,,,,,,,,,,,
173719,7-Jul-18,11:04:03,2018-07-07 11:04:03,G,2,4,1525,,0,9,-62.67,-61.1555,04:06.4,FastGPS,-62.67,-61.1555,,,9.9,-0.6,,,,15,32,18398,,,,14,20795,,,,18,30617,,,,22,18263,,,,11,8116,,,,8,12769,,,,10,2522,,,,1,3900,,,,28,22350,,,,,,,,,,,,,,,,,,,,,,,,,,,,,,,,,
173719,7-Jul-18,11:34:45,2018-07-07 11:34:45,G,2,4,1526,,0,9,-62.6701,-61.1558,34:49.4,FastGPS,-62.6701,-61.1558,,,5.6,0.4,,,,15,32,13280,,,,22,29868,,,,14,3498,,,,8,4617,,,,3,28841,,,,11,11760,,,,18,32429,,,,17,18153,,,,1,7818,,,,,,,,,,,,,,,,,,,,,,,,,,,,,,,,,
173719,7-Jul-18,12:05:00,2018-07-07 12:05:00,G,3,4,1527,842,0,7,-62.6698,-61.1567,05:04.9,FastGPS,-62.6698,-61.1567,,,12.1,0.9,,,,15,18,28408,,,,31,3860,,,,14,3373,,,,17,8426,,,,3,12482,,,,32,26158,,,,1,6786,,,,,,,,,,,,,,,,,,,,,,,,,,,,,,,,,,,,,,,,,,,
173719,7-Jul-18,19:17:23,2018-07-07 19:17:23,G,1,4,1529,843,0,6,-62.6705,-61.1561,17:26.9,FastGPS,-62.6705,-61.1561,,,8.4,-0.1,,,,15,7,23282,,,,30,11603,,,,5,17093,,,,8,20096,,,,27,6617,,,,9,32106,,,,,,,,,,,,,,,,,,,,,,,,,,,,,,,,,,,,,,,,,,,,,,,,
173719,7-Jul-18,20:12:17,2018-07-07 20:12:17,G,1,4,1530,844,0,5,-62.6698,-61.1558,12:20.5,FastGPS,-62.6698,-61.1558,,,6.4,-0.5,,,,15,15,25679,,,,30,12210,,,,7,6414,,,,13,5287,,,,5,3574,,,,,,,,,,,,,,,,,,,,,,,,,,,,,,,,,,,,,,,,,,,,,,,,,,,,,
173719,7-Jul-18,22:12:55,2018-07-07 22:12:55,G,1,4,1532,,0,9,-62.6704,-61.1556,12:58.9,FastGPS,-62.6704,-61.1556,,,9.1,-0.1,,,,15,17,25312,,,,15,17235,,,,28,31111,,,,13,27689,,,,19,23538,,,,10,14522,,,,30,14444,,,,24,12072,,,,20,28879,,,,,,,,,,,,,,,,,,,,,,,,,,,,,,,,,
173719,7-Jul-18,23:56:01,2018-07-07 23:56:01,G,1,4,1534,846,0,5,-62.6791,-61.1555,56:04.9,FastGPS,-62.6791,-61.1555,,,6.2,-0.1,,,,15,32,30106,,,,17,23755,,,,12,460,,,,24,14505,,,,19,3356,,,,,,,,,,,,,,,,,,,,,,,,,,,,,,,,,,,,,,,,,,,,,,,,,,,,,
173719,8-Jul-18,0:27:13,2018-07-08 00:27:13,G,1,4,1535,846,0,7,-62.6774,-61.146,27:16.4,FastGPS,-62.6774,-61.146,,,6.5,-0.6,,,,15,17,29376,,,,19,20948,,,,6,1756,,,,24,10690,,,,32,12416,,,,22,377,,,,12,6608,,,,,,,,,,,,,,,,,,,,,,,,,,,,,,,,,,,,,,,,,,,
173719,8-Jul-18,2:02:24,2018-07-08 02:02:24,G,1,4,1537,,0,9,-62.6729,-61.1545,02:27.9,FastGPS,-62.6729,-61.1545,,,6.8,-0.1,,,,15,29,355,,,,31,6344,,,,12,25050,,,,2,25082,,,,25,23491,,,,6,13722,,,,14,20492,,,,32,5965,,,,24,1906,,,,,,,,,,,,,,,,,,,,,,,,,,,,,,,,,
173719,8-Jul-18,7:01:06,2018-07-08 07:01:06,G,1,4,1546,,0,9,-62.6741,-61.1623,01:09.9,FastGPS,-62.6741,-61.1623,,,11.8,-0.1,,,,15,15,21751,,,,27,5667,,,,7,13994,,,,13,5202,,,,29,12329,,,,21,18914,,,,5,13382,,,,16,29647,,,,26,27007,,,,,,,,,,,,,,,,,,,,,,,,,,,,,,,,,
173719,8-Jul-18,7:57:04,2018-07-08 07:57:04,G,1,4,1547,847,0,4,-62.6401,-61.1482,37:53.0,FastGPS,-62.6739,-61.1517,,,1.4,0,,,,15,27,29566,,,,15,19060,,,,10,4949,,,,16,5842,,,,,,,,,,,,,,,,,,,,,,,,,,,,,,,,,,,,,,,,,,,,,,,,,,,,,,,,,,
173719,8-Jul-18,8:27:00,2018-07-08 08:27:00,G,2,4,1548,847,0,6,-62.6734,-61.1666,27:03.4,FastGPS,-62.6734,-61.1666,,,6.2,-0.6,,,,15,15,27908,,,,16,16164,,,,27,22291,,,,21,4569,,,,20,5809,,,,10,31024,,,,,,,,,,,,,,,,,,,,,,,,,,,,,,,,,,,,,,,,,,,,,,,,
173719,8-Jul-18,9:29:51,2018-07-08 09:29:51,G,1,4,1549,847,0,5,-62.6741,-61.1518,29:54.5,FastGPS,-62.6741,-61.1518,,,3.1,-0.5,,,,15,10,17824,,,,20,22912,,,,27,23838,,,,15,4384,,,,8,30349,,,,,,,,,,,,,,,,,,,,,,,,,,,,,,,,,,,,,,,,,,,,,,,,,,,,,
173719,8-Jul-18,11:42:03,2018-07-08 11:42:03,G,2,4,1552,,0,9,-62.6574,-61.1523,42:07.9,FastGPS,-62.6574,-61.1523,,,8,0.9,,,,15,1,22601,,,,22,28871,,,,11,1356,,,,18,21346,,,,32,29738,,,,10,12563,,,,14,19976,,,,17,21831,,,,24,757,,,,,,,,,,,,,,,,,,,,,,,,,,,,,,,,,
173719,8-Jul-18,12:12:40,2018-07-08 12:12:40,G,1,4,1553,,0,9,-62.6586,-61.1525,12:44.9,FastGPS,-62.6586,-61.1525,,,7.8,0.9,,,,15,11,15558,,,,18,580,,,,3,15581,,,,1,4576,,,,22,30002,,,,17,27779,,,,19,23348,,,,32,23699,,,,14,31702,,,,,,,,,,,,,,,,,,,,,,,,,,,,,,,,,
173719,8-Jul-18,12:43:57,2018-07-08 12:43:57,G,3,4,1554,,0,9,-62.6628,-61.1684,44:01.4,FastGPS,-62.6628,-61.1684,,,4.6,0.4,,,,15,11,13724,,,,3,23700,,,,12,30502,,,,1,27953,,,,17,4740,,,,22,14826,,,,18,27762,,,,23,20824,,,,19,30891,,,,,,,,,,,,,,,,,,,,,,,,,,,,,,,,,
173719,8-Jul-18,13:16:39,2018-07-08 13:16:39,G,2,4,1555,,0,9,-62.6636,-61.1702,16:43.9,FastGPS,-62.6636,-61.1702,,,5.4,0.9,,,,15,31,16854,,,,23,4784,,,,18,27446,,,,22,30274,,,,14,14196,,,,11,19848,,,,17,30278,,,,3,11648,,,,1,11204,,,,,,,,,,,,,,,,,,,,,,,,,,,,,,,,,
173719,8-Jul-18,13:46:00,2018-07-08 13:46:00,G,2,4,1556,,0,9,-62.6693,-61.1774,46:04.9,FastGPS,-62.6693,-61.1774,,,9.1,0.9,,,,15,31,6956,,,,22,5988,,,,14,23603,,,,17,10154,,,,3,23226,,,,23,18953,,,,1,30078,,,,9,30614,,,,25,2040,,,,,,,,,,,,,,,,,,,,,,,,,,,,,,,,,
173719,8-Jul-18,14:16:00,2018-07-08 14:16:00,G,2,4,1557,,0,9,-62.6693,-61.1774,16:04.9,FastGPS,-62.6693,-61.1774,,,10.5,0.9,,,,15,23,11590,,,,3,1917,,,,22,14383,,,,31,21660,,,,19,24647,,,,17,21062,,,,1,23646,,,,6,18348,,,,25,557,,,,,,,,,,,,,,,,,,,,,,,,,,,,,,,,,
173719,8-Jul-18,15:16:21,2018-07-08 15:16:21,G,1,4,1559,,0,9,-62.6723,-61.1826,16:25.9,FastGPS,-62.6723,-61.1826,,,14.5,0.9,,,,15,2,20660,,,,23,20158,,,,6,28724,,,,31,26749,,,,4,3118,,,,9,16802,,,,22,20470,,,,3,18912,,,,26,2589,,,,,,,,,,,,,,,,,,,,,,,,,,,,,,,,,
173719,8-Jul-18,16:13:38,2018-07-08 16:13:38,G,1,4,1560,,0,9,-62.6483,-61.1707,13:42.9,FastGPS,-62.6483,-61.1707,,1,3.2,0.9,,,,15,29,11208,,,,16,11465,,,,4,29099,,,,2,26288,,,,9,5996,,,,26,9354,,,,7,20246,,,,23,15221,,,,3,17944,,,,,,,,,,,,,,,,,,,,,,,,,,,,,,,,,
173719,8-Jul-18,17:24:42,2018-07-08 17:24:42,G,1,4,1561,850,0,4,-62.6168,-61.1379,40:04.7,FastGPS,-62.6452,-61.1587,,,1.3,0.2,,,,15,7,26690,,,,9,5094,,,,23,25146,,,,5,21179,,,,,,,,,,,,,,,,,,,,,,,,,,,,,,,,,,,,,,,,,,,,,,,,,,,,,,,,,,
173719,8-Jul-18,19:00:59,2018-07-08 19:00:59,G,1,4,1563,852,0,5,-62.6453,-61.1501,01:03.9,FastGPS,-62.6453,-61.1501,,,1.2,0.9,,,,15,5,7539,,,,30,10168,,,,13,3921,,,,7,26559,,,,9,29444,,,,,,,,,,,,,,,,,,,,,,,,,,,,,,,,,,,,,,,,,,,,,,,,,,,,,
173719,8-Jul-18,20:37:48,2018-07-08 20:37:48,G,1,4,1565,854,0,4,-62.6168,-61.1379,40:04.7,FastGPS,-62.6401,-61.1482,,,1.2,1,,,,15,15,11542,,,,30,21113,,,,28,19243,,,,13,20294,,,,,,,,,,,,,,,,,,,,,,,,,,,,,,,,,,,,,,,,,,,,,,,,,,,,,,,,,,
173719,8-Jul-18,21:27:50,2018-07-08 21:27:50,G,1,4,1566,855,0,8,-62.6329,-61.142,27:53.4,FastGPS,-62.6329,-61.142,,,5.2,-0.6,,,,15,13,5677,,,,15,8890,,,,28,20363,,,,30,27840,,,,11,13069,,,,17,12428,,,,18,20240,,,,8,32412,,,,,,,,,,,,,,,,,,,,,,,,,,,,,,,,,,,,,,
173719,8-Jul-18,22:15:25,2018-07-08 22:15:25,G,2,4,1567,856,0,5,-62.6277,-61.1349,15:28.9,FastGPS,-62.6277,-61.1349,,,1.5,-0.1,,,,15,17,25615,,,,15,20354,,,,28,19261,,,,13,14096,,,,24,12074,,,,,,,,,,,,,,,,,,,,,,,,,,,,,,,,,,,,,,,,,,,,,,,,,,,,,
173719,8-Jul-18,22:45:26,2018-07-08 22:45:26,G,5,4,1568,856,0,7,-62.6221,-61.1405,45:29.4,FastGPS,-62.6221,-61.1405,,,6.7,-0.6,,,,15,19,15124,,,,11,15127,,,,15,1854,,,,1,12853,,,,28,4349,,,,13,26310,,,,17,9987,,,,,,,,,,,,,,,,,,,,,,,,,,,,,,,,,,,,,,,,,,,
173719,8-Jul-18,23:15:00,2018-07-08 23:15:00,G,3,4,1569,,0,9,-62.6213,-61.1359,15:03.4,FastGPS,-62.6213,-61.1359,,,12.1,-0.6,,,,15,15,27576,,,,12,3596,,,,24,22874,,,,17,25301,,,,19,18276,,,,32,8724,,,,10,16295,,,,18,2720,,,,1,815,,,,,,,,,,,,,,,,,,,,,,,,,,,,,,,,,
173719,8-Jul-18,23:45:00,2018-07-08 23:45:00,G,1,4,1570,856,0,6,-62.621,-61.1357,45:03.9,FastGPS,-62.621,-61.1357,,,10,-0.1,,,,15,17,7634,,,,12,16697,,,,19,3453,,,,6,29110,,,,15,10671,,,,24,19324,,,,,,,,,,,,,,,,,,,,,,,,,,,,,,,,,,,,,,,,,,,,,,,,
173719,9-Jul-18,0:33:00,2018-07-09 00:33:00,G,1,4,1571,857,0,6,-62.6212,-61.1352,33:03.4,FastGPS,-62.6212,-61.1352,,,7.8,-0.6,,,,15,12,23702,,,,17,24178,,,,24,23476,,,,19,7510,,,,32,17802,,,,22,5014,,,,,,,,,,,,,,,,,,,,,,,,,,,,,,,,,,,,,,,,,,,,,,,,
173719,9-Jul-18,1:19:00,2018-07-09 01:19:00,G,1,4,1572,858,0,7,-62.6211,-61.136,19:03.4,FastGPS,-62.6211,-61.136,,,4.8,-0.6,,,,15,19,7093,,,,17,24533,,,,12,5650,,,,6,1627,,,,24,23821,,,,3,5926,,,,2,27450,,,,,,,,,,,,,,,,,,,,,,,,,,,,,,,,,,,,,,,,,,,
173719,9-Jul-18,1:49:48,2018-07-09 01:49:48,G,1,4,1573,,0,9,-62.6212,-61.1357,49:51.9,FastGPS,-62.6212,-61.1357,,,10,-0.1,,,,15,12,13518,,,,25,14445,,,,2,8859,,,,31,13688,,,,3,14096,,,,29,4455,,,,24,18634,,,,19,23832,,,,32,10215,,,,,,,,,,,,,,,,,,,,,,,,,,,,,,,,,
173719,9-Jul-18,5:27:21,2018-07-09 05:27:21,G,1,4,1575,862,0,6,-62.6208,-61.1339,27:24.9,FastGPS,-62.6208,-61.1339,,,14.5,-0.1,,,,15,29,27056,,,,4,7562,,,,21,22302,,,,5,19965,,,,26,24166,,,,16,16100,,,,,,,,,,,,,,,,,,,,,,,,,,,,,,,,,,,,,,,,,,,,,,,,
173719,9-Jul-18,6:12:04,2018-07-09 06:12:04,G,1,4,1576,863,0,4,-62.6168,-61.1379,40:04.7,FastGPS,,,,,,,,,,15,16,27834,,,,4,7552,,,,26,30222,,,,5,25001,,,,,,,,,,,,,,,,,,,,,,,,,,,,,,,,,,,,,,,,,,,,,,,,,,,,,,,,,,
173719,9-Jul-18,6:42:00,2018-07-09 06:42:00,G,1,4,1577,,0,9,-62.6207,-61.1339,42:03.4,FastGPS,-62.6207,-61.1339,,1,18.4,-0.6,,,,15,26,23672,,,,16,16047,,,,29,25518,,,,4,13470,,,,21,31026,,,,20,9710,,,,27,26015,,,,15,15860,,,,13,16806,,,,,,,,,,,,,,,,,,,,,,,,,,,,,,,,,
173719,9-Jul-18,8:14:47,2018-07-09 08:14:47,G,1,4,1579,865,0,6,-62.616,-61.1379,14:50.4,FastGPS,-62.616,-61.1379,,,3.4,-0.6,,,,15,21,4588,,,,15,28636,,,,10,9274,,,,27,18650,,,,20,6206,,,,16,18136,,,,,,,,,,,,,,,,,,,,,,,,,,,,,,,,,,,,,,,,,,,,,,,,
173719,9-Jul-18,8:56:46,2018-07-09 08:56:46,G,2,4,1580,865,0,5,-62.6154,-61.1374,56:49.4,FastGPS,-62.6154,-61.1374,,,4.8,-0.6,,,,15,10,20640,,,,27,29856,,,,8,10520,,,,20,119,,,,15,18558,,,,,,,,,,,,,,,,,,,,,,,,,,,,,,,,,,,,,,,,,,,,,,,,,,,,,
173719,9-Jul-18,9:40:01,2018-07-09 09:40:01,G,2,4,1581,865,0,4,-62.6202,-61.1398,55:15.4,FastGPS,-62.6168,-61.1379,,,0.5,-0.3,,,,15,18,22690,,,,8,16261,,,,27,643,,,,10,26484,,,,,,,,,,,,,,,,,,,,,,,,,,,,,,,,,,,,,,,,,,,,,,,,,,,,,,,,,,
173719,9-Jul-18,12:46:44,2018-07-09 12:46:44,G,1,4,1584,,0,9,-62.6159,-61.1363,46:47.4,FastGPS,-62.6159,-61.1363,,,11.1,-0.6,,,,15,31,8945,,,,17,14490,,,,3,18484,,,,18,16353,,,,19,24074,,,,1,28190,,,,14,8690,,,,32,15692,,,,12,16116,,,,,,,,,,,,,,,,,,,,,,,,,,,,,,,,,
173719,9-Jul-18,15:55:12,2018-07-09 15:55:12,G,1,4,1586,872,0,5,-62.6253,-61.1319,25:03.5,FastGPS,-62.6202,-61.1398,,1,0.9,-0.6,,,,15,2,30882,,,,9,1768,,,,6,25345,,,,4,19065,,,,29,5695,,,,,,,,,,,,,,,,,,,,,,,,,,,,,,,,,,,,,,,,,,,,,,,,,,,,,
173719,9-Jul-18,16:25:00,2018-07-09 16:25:00,G,1,4,1587,872,0,4,-62.617,-61.1353,04:29.4,FastGPS,-62.6253,-61.1319,,,0.9,-0.5,,,,15,9,6868,,,,7,17298,,,,29,10313,,,,6,13384,,,,,,,,,,,,,,,,,,,,,,,,,,,,,,,,,,,,,,,,,,,,,,,,,,,,,,,,,,
173719,9-Jul-18,17:37:05,2018-07-09 17:37:05,G,3,4,1588,873,0,7,-62.6224,-61.1354,37:08.9,FastGPS,-62.6224,-61.1354,,,5.4,-0.1,,,,15,23,20115,,,,7,30850,,,,30,19096,,,,9,4608,,,,5,8988,,,,2,6468,,,,16,18537,,,,,,,,,,,,,,,,,,,,,,,,,,,,,,,,,,,,,,,,,,,
173719,9-Jul-18,18:24:39,2018-07-09 18:24:39,G,2,4,1589,874,0,6,-62.6159,-61.1357,24:42.9,FastGPS,-62.6159,-61.1357,,,8.4,-0.1,,,,15,5,7224,,,,13,29894,,,,7,957,,,,27,22660,,,,30,17036,,,,16,31672,,,,,,,,,,,,,,,,,,,,,,,,,,,,,,,,,,,,,,,,,,,,,,,,
173719,9-Jul-18,19:26:13,2018-07-09 19:26:13,G,1,4,1590,876,0,7,-62.6261,-61.1311,26:16.9,FastGPS,-62.6261,-61.1311,,,6.7,-0.1,,,,15,5,28322,,,,7,19234,,,,13,13278,,,,27,11953,,,,30,25118,,,,28,13628,,,,8,4425,,,,,,,,,,,,,,,,,,,,,,,,,,,,,,,,,,,,,,,,,,,
173719,9-Jul-18,22:25:55,2018-07-09 22:25:55,G,2,4,1591,877,0,5,-62.6271,-61.1314,25:58.9,FastGPS,-62.6271,-61.1314,,,4.4,-0.1,,,,15,15,16616,,,,24,12230,,,,10,12453,,,,17,22062,,,,28,16768,,,,,,,,,,,,,,,,,,,,,,,,,,,,,,,,,,,,,,,,,,,,,,,,,,,,,
173719,9-Jul-18,22:58:11,2018-07-09 22:58:11,G,1,4,1592,877,0,4,-62.6253,-61.1319,25:03.5,FastGPS,-62.625,-61.1476,,,2,-0.3,,,,15,17,28577,,,,1,14976,,,,28,21402,,,,19,29159,,,,,,,,,,,,,,,,,,,,,,,,,,,,,,,,,,,,,,,,,,,,,,,,,,,,,,,,,,
173719,9-Jul-18,23:28:41,2018-07-09 23:28:41,G,2,4,1593,877,0,5,-62.616,-61.1394,28:44.9,FastGPS,-62.616,-61.1394,,,4.1,-0.1,,,,15,12,12508,,,,19,26001,,,,17,26437,,,,15,414,,,,24,17772,,,,,,,,,,,,,,,,,,,,,,,,,,,,,,,,,,,,,,,,,,,,,,,,,,,,,
173719,9-Jul-18,23:59:36,2018-07-09 23:59:36,G,3,4,1594,877,0,6,-62.6175,-61.1342,59:39.9,FastGPS,-62.6175,-61.1342,,,8.8,-0.1,,,,15,12,7399,,,,32,28680,,,,24,14704,,,,17,2087,,,,15,26986,,,,6,9364,,,,,,,,,,,,,,,,,,,,,,,,,,,,,,,,,,,,,,,,,,,,,,,,
173719,10-Jul-18,0:29:00,2018-07-10 00:29:00,G,3,4,1595,877,0,5,-62.6267,-61.1309,29:03.4,FastGPS,-62.6267,-61.1309,,,10.3,-0.6,,,,15,12,5273,,,,24,4424,,,,32,31830,,,,25,3073,,,,17,4804,,,,,,,,,,,,,,,,,,,,,,,,,,,,,,,,,,,,,,,,,,,,,,,,,,,,,
173719,10-Jul-18,2:48:42,2018-07-10 02:48:42,G,2,4,1596,877,0,5,-62.6272,-61.1309,48:45.9,FastGPS,-62.6272,-61.1309,,,4.9,-0.1,,,,15,31,2442,,,,12,17142,,,,29,14782,,,,25,11871,,,,2,32566,,,,,,,,,,,,,,,,,,,,,,,,,,,,,,,,,,,,,,,,,,,,,,,,,,,,,
173719,10-Jul-18,3:29:18,2018-07-10 03:29:18,G,3,4,1597,877,0,4,-62.671,-61.144,7/10/2018 13:51,R,-62.6732,-61.074,,,110.9,0.6,,,,15,31,26280,,,,29,11378,,,,25,30372,,,,12,14370,,,,,,,,,,,,,,,,,,,,,,,,,,,,,,,,,,,,,,,,,,,,,,,,,,,,,,,,,,
173719,10-Jul-18,4:01:36,2018-07-10 04:01:36,G,2,4,1598,877,0,4,-62.671,-61.144,7/10/2018 13:51,R,,,,,,,,,,15,29,2054,,,,31,6932,,,,25,1818,,,,4,11464,,,,,,,,,,,,,,,,,,,,,,,,,,,,,,,,,,,,,,,,,,,,,,,,,,,,,,,,,,
173719,10-Jul-18,4:47:02,2018-07-10 04:47:02,G,1,4,1599,,0,9,-62.6155,-61.1345,47:06.4,FastGPS,-62.6155,-61.1345,,,16.3,0.4,,,,15,5,25397,,,,29,27616,,,,31,13523,,,,26,3643,,,,4,21049,,,,21,19409,,,,16,5856,,,,2,19309,,,,25,5520,,,,,,,,,,,,,,,,,,,,,,,,,,,,,,,,,
173719,10-Jul-18,6:04:25,2018-07-10 06:04:25,G,1,4,1600,881,0,7,-62.617,-61.1353,04:29.4,FastGPS,-62.617,-61.1353,,1,5.2,0.4,,,,15,5,17894,,,,29,11726,,,,26,18468,,,,20,11340,,,,16,4686,,,,4,31314,,,,21,2584,,,,,,,,,,,,,,,,,,,,,,,,,,,,,,,,,,,,,,,,,,,
173719,10-Jul-18,9:13:47,2018-07-10 09:13:47,G,1,4,1606,,0,9,-62.6487,-61.1493,13:51.9,FastGPS,-62.6487,-61.1493,,,9.4,0.9,,,,15,18,9525,,,,8,10620,,,,11,12689,,,,15,10735,,,,27,28464,,,,10,3893,,,,20,27510,,,,28,3138,,,,21,8074,,,,,,,,,,,,,,,,,,,,,,,,,,,,,,,,,
173719,10-Jul-18,14:13:36,2018-07-10 14:13:36,G,1,4,1611,884,0,8,-62.6273,-61.1325,13:39.9,FastGPS,-62.6273,-61.1325,,,4,-0.1,,,,15,22,3205,,,,23,993,,,,3,2651,,,,17,3240,,,,19,19824,,,,31,21837,,,,1,4350,,,,9,28740,,,,,,,,,,,,,,,,,,,,,,,,,,,,,,,,,,,,,,
173719,10-Jul-18,14:44:15,2018-07-10 14:44:15,G,2,4,1612,884,0,7,-62.636,-61.1474,44:18.4,FastGPS,-62.636,-61.1474,,,11.2,-0.6,,,,15,23,29702,,,,3,14610,,,,22,20958,,,,9,25739,,,,6,6276,,,,2,20141,,,,19,6569,,,,,,,,,,,,,,,,,,,,,,,,,,,,,,,,,,,,,,,,,,,
173719,10-Jul-18,15:59:00,2018-07-10 15:59:00,G,3,4,1614,885,0,7,-62.6696,-61.1786,59:03.4,FastGPS,-62.6696,-61.1786,,,6.1,-0.6,,,,15,23,21480,,,,9,22523,,,,7,12094,,,,6,15630,,,,3,5794,,,,2,14454,,,,16,18036,,,,,,,,,,,,,,,,,,,,,,,,,,,,,,,,,,,,,,,,,,,
173719,10-Jul-18,16:29:18,2018-07-10 16:29:18,G,2,4,1615,,0,9,-62.6719,-61.1472,29:21.4,FastGPS,-62.6719,-61.1472,,1,8.3,-0.6,,,,15,29,12058,,,,4,17699,,,,7,22174,,,,23,4762,,,,26,15420,,,,9,9766,,,,5,23175,,,,16,18072,,,,3,27362,,,,,,,,,,,,,,,,,,,,,,,,,,,,,,,,,
173719,10-Jul-18,17:32:46,2018-07-10 17:32:46,G,1,4,1617,885,0,8,-62.6752,-61.0714,32:49.4,FastGPS,-62.6752,-61.0714,,,6.3,-0.6,,,,15,23,28151,,,,5,14590,,,,9,11356,,,,7,3855,,,,16,25957,,,,27,4474,,,,26,21342,,,,30,23821,,,,,,,,,,,,,,,,,,,,,,,,,,,,,,,,,,,,,,
173719,10-Jul-18,18:03:00,2018-07-10 18:03:00,G,1,4,1618,885,0,7,-62.6628,-61.0322,03:03.4,FastGPS,-62.6628,-61.0322,,,4.3,-0.6,,,,15,5,27021,,,,23,28673,,,,9,32458,,,,7,11813,,,,30,9441,,,,27,18552,,,,16,31578,,,,,,,,,,,,,,,,,,,,,,,,,,,,,,,,,,,,,,,,,,,
173719,10-Jul-18,18:37:04,2018-07-10 18:37:04,G,1,4,1619,885,0,8,-62.6659,-60.9841,37:07.4,FastGPS,-62.6659,-60.9841,,,11.1,-0.6,,,,15,5,11044,,,,13,1120,,,,7,16940,,,,27,21121,,,,8,2542,,,,30,16868,,,,9,26868,,,,21,31752,,,,,,,,,,,,,,,,,,,,,,,,,,,,,,,,,,,,,,
173719,10-Jul-18,19:41:04,2018-07-10 19:41:04,G,3,4,1621,,0,9,-62.6772,-60.9054,41:07.4,FastGPS,-62.6772,-60.9054,,,4.6,-0.5,,,,15,13,15692,,,,15,31734,,,,7,2732,,,,5,22584,,,,8,13575,,,,21,3728,,,,27,3672,,,,30,27244,,,,28,12579,,,,,,,,,,,,,,,,,,,,,,,,,,,,,,,,,
173719,10-Jul-18,23:20:13,2018-07-10 23:20:13,G,1,4,1627,,0,9,-62.81,-60.825,20:17.4,FastGPS,-62.81,-60.825,,,4.8,0.5,,,,15,12,4860,,,,15,25099,,,,24,22873,,,,17,7686,,,,32,10678,,,,19,28644,,,,18,20259,,,,11,31112,,,,1,7839,,,,,,,,,,,,,,,,,,,,,,,,,,,,,,,,,
173719,11-Jul-18,0:22:05,2018-07-11 00:22:05,G,1,4,1629,885,0,6,-62.8507,-60.8596,22:09.4,FastGPS,-62.8507,-60.8596,,,4.7,0.4,,,,15,24,32443,,,,12,23428,,,,17,8480,,,,6,28973,,,,19,17501,,,,32,21643,,,,,,,,,,,,,,,,,,,,,,,,,,,,,,,,,,,,,,,,,,,,,,,,
173719,11-Jul-18,1:22:02,2018-07-11 01:22:02,G,1,4,1631,,0,9,-62.8924,-60.8966,22:06.4,FastGPS,-62.8924,-60.8966,,,9.6,0.4,,,,15,12,5242,,,,31,4075,,,,25,3842,,,,2,9494,,,,24,11658,,,,32,5808,,,,14,30780,,,,3,10706,,,,22,30984,,,,,,,,,,,,,,,,,,,,,,,,,,,,,,,,,
173719,11-Jul-18,2:37:59,2018-07-11 02:37:59,G,2,4,1633,886,0,5,-62.936,-60.9295,38:02.9,FastGPS,-62.936,-60.9295,,,5.2,-0.1,,,,15,29,31160,,,,31,30433,,,,25,18585,,,,2,8042,,,,12,12842,,,,,,,,,,,,,,,,,,,,,,,,,,,,,,,,,,,,,,,,,,,,,,,,,,,,,
173719,11-Jul-18,3:08:03,2018-07-11 03:08:03,G,1,4,1634,886,0,7,-62.9529,-60.9473,08:06.9,FastGPS,-62.9529,-60.9473,,1,5.1,-0.1,,,,15,29,19609,,,,25,2322,,,,12,32226,,,,31,4281,,,,2,18743,,,,5,31177,,,,4,28009,,,,,,,,,,,,,,,,,,,,,,,,,,,,,,,,,,,,,,,,,,,
173719,11-Jul-18,3:39:32,2018-07-11 03:39:32,G,1,4,1635,886,0,6,-62.9686,-60.968,39:35.4,FastGPS,-62.9686,-60.968,,1,1.4,-0.6,,,,15,29,18244,,,,31,1388,,,,25,16768,,,,2,15519,,,,26,18275,,,,4,20565,,,,,,,,,,,,,,,,,,,,,,,,,,,,,,,,,,,,,,,,,,,,,,,,
173719,11-Jul-18,6:16:36,2018-07-11 06:16:36,G,1,4,1639,887,0,4,-62.7496,-61.4508,59:17.4,FastGPS,,,,,,,,,,15,29,21591,,,,4,26137,,,,21,5924,,,,20,23896,,,,,,,,,,,,,,,,,,,,,,,,,,,,,,,,,,,,,,,,,,,,,,,,,,,,,,,,,,
173719,11-Jul-18,7:16:00,2018-07-11 07:16:00,G,1,4,1641,887,0,8,-62.9665,-61.1632,16:03.9,FastGPS,-62.9665,-61.1632,,,6.4,-0.1,,,,15,21,29856,,,,16,27004,,,,20,10500,,,,10,18526,,,,4,27742,,,,27,3945,,,,8,4459,,,,15,7799,,,,,,,,,,,,,,,,,,,,,,,,,,,,,,,,,,,,,,
173719,11-Jul-18,8:01:00,2018-07-11 08:01:00,G,1,4,1642,888,0,8,-62.9526,-61.2236,01:03.4,FastGPS,-62.9526,-61.2236,,,7.7,-0.6,,,,15,10,12152,,,,21,14786,,,,20,25603,,,,27,3648,,,,15,18228,,,,7,31069,,,,8,8122,,,,16,27699,,,,,,,,,,,,,,,,,,,,,,,,,,,,,,,,,,,,,,
173719,11-Jul-18,8:47:11,2018-07-11 08:47:11,G,1,4,1643,889,0,6,-62.9276,-61.2635,47:14.9,FastGPS,-62.9277,-61.2635,,,2.9,-0.1,,,,15,10,31897,,,,20,16086,,,,8,23304,,,,27,11697,,,,15,4749,,,,21,28990,,,,,,,,,,,,,,,,,,,,,,,,,,,,,,,,,,,,,,,,,,,,,,,,
173719,11-Jul-18,9:21:56,2018-07-11 09:21:56,G,1,4,1644,889,0,6,-62.9072,-61.292,21:59.9,FastGPS,-62.9072,-61.292,,,6.7,-0.1,,,,15,10,6,,,,20,28203,,,,27,27734,,,,32,26774,,,,11,26726,,,,15,11864,,,,,,,,,,,,,,,,,,,,,,,,,,,,,,,,,,,,,,,,,,,,,,,,
173719,11-Jul-18,10:53:24,2018-07-11 10:53:24,G,1,4,1647,889,0,8,-62.8571,-61.3772,53:27.9,FastGPS,-62.8571,-61.3772,,,8.5,-0.1,,,,15,32,21413,,,,1,21433,,,,10,12352,,,,14,6338,,,,18,2384,,,,3,22364,,,,22,7486,,,,11,13476,,,,,,,,,,,,,,,,,,,,,,,,,,,,,,,,,,,,,,
173719,11-Jul-18,12:28:56,2018-07-11 12:28:56,G,1,4,1650,,0,9,-62.8226,-61.483,28:59.4,FastGPS,-62.8226,-61.483,,,14.3,-0.5,,,,15,14,21651,,,,32,14972,,,,31,4446,,,,22,19149,,,,11,27180,,,,18,8298,,,,3,23437,,,,1,4798,,,,23,11420,,,,,,,,,,,,,,,,,,,,,,,,,,,,,,,,,
173719,11-Jul-18,13:47:08,2018-07-11 13:47:08,G,1,4,1652,,0,9,-62.7964,-61.5206,47:11.4,FastGPS,-62.7964,-61.5206,,,4.6,-0.6,,,,15,31,18806,,,,17,9415,,,,22,17160,,,,3,663,,,,1,18076,,,,14,8127,,,,9,8024,,,,23,12455,,,,25,22504,,,,,,,,,,,,,,,,,,,,,,,,,,,,,,,,,
173719,11-Jul-18,15:19:48,2018-07-11 15:19:48,G,1,4,1655,,0,9,-62.7785,-61.5251,19:51.9,FastGPS,-62.7785,-61.5251,,,9.5,-0.1,,,,15,2,19320,,,,31,17421,,,,22,28008,,,,16,22801,,,,29,12820,,,,6,7270,,,,26,21142,,,,9,14560,,,,4,9732,,,,,,,,,,,,,,,,,,,,,,,,,,,,,,,,,
173719,11-Jul-18,18:31:40,2018-07-11 18:31:40,G,1,4,1660,892,0,7,-62.7484,-61.4797,31:43.9,FastGPS,-62.7484,-61.4797,,,8.8,-0.1,,,,15,7,2196,,,,27,2090,,,,9,13882,,,,8,12604,,,,5,30227,,,,30,32021,,,,13,15768,,,,,,,,,,,,,,,,,,,,,,,,,,,,,,,,,,,,,,,,,,,
173719,11-Jul-18,20:59:14,2018-07-11 20:59:14,G,2,4,1664,893,0,6,-62.7496,-61.4508,59:17.4,FastGPS,-62.7496,-61.4508,,,2.3,-0.6,,,,15,28,12432,,,,17,10945,,,,13,11336,,,,30,7076,,,,24,24358,,,,15,32412,,,,,,,,,,,,,,,,,,,,,,,,,,,,,,,,,,,,,,,,,,,,,,,,
173719,11-Jul-18,21:39:35,2018-07-11 21:39:35,G,2,4,1665,,0,9,-62.7266,-61.4554,39:38.4,FastGPS,-62.7266,-61.4554,,,5.3,-0.6,,,,15,15,7165,,,,28,26573,,,,30,6483,,,,17,5917,,,,13,30499,,,,1,5100,,,,11,8453,,,,24,30549,,,,18,9153,,,,,,,,,,,,,,,,,,,,,,,,,,,,,,,,,
173719,11-Jul-18,22:27:00,2018-07-11 22:27:00,G,1,4,1666,894,0,8,-62.7078,-61.503,27:03.4,FastGPS,-62.7078,-61.503,,,6.7,-0.6,,,,15,19,27221,,,,12,4508,,,,17,31600,,,,28,32024,,,,15,19798,,,,13,22054,,,,1,8575,,,,24,29357,,,,,,,,,,,,,,,,,,,,,,,,,,,,,,,,,,,,,,
173719,11-Jul-18,23:48:17,2018-07-11 23:48:17,G,1,4,1668,895,0,6,-62.6886,-61.6296,48:20.4,FastGPS,-62.6886,-61.6296,,,9.7,-0.6,,,,15,17,30699,,,,24,7057,,,,6,16888,,,,19,274,,,,32,14584,,,,15,32256,,,,,,,,,,,,,,,,,,,,,,,,,,,,,,,,,,,,,,,,,,,,,,,,
173719,12-Jul-18,0:49:36,2018-07-12 00:49:36,G,2,4,1670,895,0,8,-62.6799,-61.7219,49:39.4,FastGPS,-62.6799,-61.7219,,,14.1,-0.6,,,,15,12,22787,,,,24,7551,,,,25,374,,,,32,10792,,,,14,484,,,,6,30718,,,,2,478,,,,19,10729,,,,,,,,,,,,,,,,,,,,,,,,,,,,,,,,,,,,,,
173719,12-Jul-18,1:34:20,2018-07-12 01:34:20,G,3,4,1671,896,0,8,-62.6862,-61.7896,34:23.4,FastGPS,-62.6862,-61.7896,,,4.1,-0.6,,,,15,29,18048,,,,12,9594,,,,31,29306,,,,32,17064,,,,25,2917,,,,3,12608,,,,24,25566,,,,2,21488,,,,,,,,,,,,,,,,,,,,,,,,,,,,,,,,,,,,,,
173719,12-Jul-18,2:04:34,2018-07-12 02:04:34,G,1,4,1672,,0,9,-62.6991,-61.8252,04:37.4,FastGPS,-62.6991,-61.8252,,,6.6,-0.6,,,,15,31,1180,,,,29,7260,,,,14,8707,,,,2,24178,,,,12,10766,,,,32,31002,,,,25,14730,,,,3,9323,,,,24,263,,,,,,,,,,,,,,,,,,,,,,,,,,,,,,,,,
173719,12-Jul-18,3:04:30,2018-07-12 03:04:30,G,2,4,1674,896,0,8,-62.7173,-61.909,04:33.4,FastGPS,-62.7173,-61.909,,1,11,-0.6,,,,15,29,23367,,,,12,26932,,,,25,1643,,,,4,12,,,,23,9554,,,,31,7122,,,,2,13580,,,,26,13126,,,,,,,,,,,,,,,,,,,,,,,,,,,,,,,,,,,,,,
173719,12-Jul-18,4:05:24,2018-07-12 04:05:24,G,1,4,1676,,0,9,-62.7506,-61.962,05:27.9,FastGPS,-62.7506,-61.962,,1,5.2,-0.1,,,,15,31,4749,,,,5,19016,,,,4,4006,,,,26,23869,,,,16,5656,,,,29,27132,,,,2,19699,,,,23,17528,,,,9,3649,,,,,,,,,,,,,,,,,,,,,,,,,,,,,,,,,
173719,12-Jul-18,5:06:14,2018-07-12 05:06:14,G,1,4,1678,896,0,6,-62.7793,-61.9073,06:17.9,FastGPS,-62.7793,-61.9073,,,12.4,0,,,,15,16,2425,,,,26,258,,,,29,25848,,,,5,5898,,,,4,23610,,,,9,5464,,,,,,,,,,,,,,,,,,,,,,,,,,,,,,,,,,,,,,,,,,,,,,,,
173719,12-Jul-18,5:36:00,2018-07-12 05:36:00,G,1,4,1679,896,0,7,-62.7908,-61.9047,36:03.4,FastGPS,-62.7908,-61.9047,,,8.8,-0.6,,,,15,5,28805,,,,16,26218,,,,26,3744,,,,29,7355,,,,21,9446,,,,4,32424,,,,27,3946,,,,,,,,,,,,,,,,,,,,,,,,,,,,,,,,,,,,,,,,,,,
173719,12-Jul-18,7:38:30,2018-07-12 07:38:30,G,1,4,1683,,0,9,-62.8573,-61.9202,38:34.9,FastGPS,-62.8573,-61.9202,,,8.6,0.9,,,,15,27,31082,,,,15,16798,,,,16,17506,,,,7,1489,,,,8,22702,,,,13,9581,,,,30,9462,,,,20,25841,,,,21,26166,,,,,,,,,,,,,,,,,,,,,,,,,,,,,,,,,
173719,12-Jul-18,8:08:11,2018-07-12 08:08:11,G,2,4,1684,896,0,8,-62.876,-61.9059,08:14.9,FastGPS,-62.876,-61.9059,,,14.8,-0.1,,,,15,10,9548,,,,27,8770,,,,20,23142,,,,15,13143,,,,30,5618,,,,21,30358,,,,8,13206,,,,16,13114,,,,,,,,,,,,,,,,,,,,,,,,,,,,,,,,,,,,,,
173719,12-Jul-18,8:38:04,2018-07-12 08:38:04,G,2,4,1685,,0,9,-62.8894,-61.8862,38:07.9,FastGPS,-62.8894,-61.8862,,,10.1,-0.1,,,,15,8,25504,,,,15,20130,,,,18,23418,,,,27,28500,,,,11,26425,,,,10,2489,,,,21,27125,,,,20,31514,,,,13,27204,,,,,,,,,,,,,,,,,,,,,,,,,,,,,,,,,
173719,12-Jul-18,9:08:51,2018-07-12 09:08:51,G,1,4,1686,,0,9,-62.8914,-61.8345,08:54.9,FastGPS,-62.8914,-61.8345,,,8.4,-0.1,,,,15,10,5169,,,,8,17948,,,,32,20697,,,,11,32453,,,,18,28222,,,,15,5860,,,,28,20628,,,,21,23286,,,,27,22589,,,,,,,,,,,,,,,,,,,,,,,,,,,,,,,,,
173719,12-Jul-18,9:39:35,2018-07-12 09:39:35,G,1,4,1687,,0,9,-62.8856,-61.7936,39:38.4,FastGPS,-62.8856,-61.7936,,,9,-0.6,,,,15,8,14667,,,,18,3601,,,,11,10003,,,,10,15377,,,,1,28990,,,,20,30326,,,,32,24268,,,,27,29142,,,,28,29897,,,,,,,,,,,,,,,,,,,,,,,,,,,,,,,,,
173719,12-Jul-18,10:10:16,2018-07-12 10:10:16,G,1,4,1688,,0,9,-62.8807,-61.7488,10:20.9,FastGPS,-62.8807,-61.7488,,,18.9,0.9,,,,15,32,7516,,,,10,28803,,,,28,26972,,,,11,7634,,,,24,422,,,,18,31541,,,,8,6312,,,,1,6762,,,,20,28337,,,,,,,,,,,,,,,,,,,,,,,,,,,,,,,,,
173719,12-Jul-18,10:42:34,2018-07-12 10:42:34,G,1,4,1689,896,0,8,-62.8646,-61.6898,42:37.9,FastGPS,-62.8646,-61.6898,,,14.2,-0.1,,,,15,32,9245,,,,11,2678,,,,1,29564,,,,18,24333,,,,10,30548,,,,24,13928,,,,28,22293,,,,17,19310,,,,,,,,,,,,,,,,,,,,,,,,,,,,,,,,,,,,,,
173719,12-Jul-18,11:12:18,2018-07-12 11:12:18,G,1,4,1690,,0,9,-62.8508,-61.6377,12:21.9,FastGPS,-62.8508,-61.6377,,,15.6,-0.1,,,,15,32,28132,,,,10,22730,,,,17,30338,,,,24,19772,,,,1,20132,,,,14,12523,,,,11,27810,,,,22,4617,,,,3,3229,,,,,,,,,,,,,,,,,,,,,,,,,,,,,,,,,
173719,12-Jul-18,13:18:00,2018-07-12 13:18:00,G,2,4,1694,,0,9,-62.8007,-61.508,18:03.4,FastGPS,-62.8007,-61.508,,,8.7,-0.6,,,,15,31,19700,,,,12,3526,,,,18,26529,,,,25,11156,,,,14,25682,,,,23,26571,,,,3,8317,,,,17,3118,,,,19,31739,,,,,,,,,,,,,,,,,,,,,,,,,,,,,,,,,
173719,12-Jul-18,13:48:42,2018-07-12 13:48:42,G,2,4,1695,,0,9,-62.8034,-61.4987,48:46.9,FastGPS,-62.8034,-61.4987,,,5.5,0.9,,,,15,23,25631,,,,3,25499,,,,22,29307,,,,1,21025,,,,6,1981,,,,19,26962,,,,9,29117,,,,12,29193,,,,25,18558,,,,,,,,,,,,,,,,,,,,,,,,,,,,,,,,,
173719,12-Jul-18,14:19:56,2018-07-12 14:19:56,G,1,4,1696,896,0,6,-62.8046,-61.4975,19:59.9,FastGPS,-62.8046,-61.4975,,,3.5,-0.1,,,,15,3,24214,,,,22,27159,,,,23,12659,,,,31,9518,,,,6,23844,,,,9,5378,,,,,,,,,,,,,,,,,,,,,,,,,,,,,,,,,,,,,,,,,,,,,,,,
173719,12-Jul-18,14:50:00,2018-07-12 14:50:00,G,1,4,1697,896,1,5,-62.8047,-61.498,50:03.4,FastGPS,-62.8047,-61.498,,,14.3,-0.6,,,,15,2,29774,,,,6,5638,,,,9,29467,,,,23,27172,,,,19,12556,,,,,,,,,,,,,,,,,,,,,,,,,,,,,,,,,,,,,,,,,,,,,,,,,,,,,
173719,12-Jul-18,18:30:00,2018-07-12 18:30:00,G,1,4,1699,903,1,5,-62.8042,-61.4981,30:04.4,FastGPS,-62.8042,-61.4981,,,11.1,0.4,,,,15,13,9241,,,,27,21839,,,,5,12992,,,,7,14556,,,,21,3607,,,,,,,,,,,,,,,,,,,,,,,,,,,,,,,,,,,,,,,,,,,,,,,,,,,,,
173719,12-Jul-18,19:00:00,2018-07-12 19:00:00,G,1,4,1700,903,1,6,-62.8043,-61.4973,00:04.5,FastGPS,-62.8043,-61.4973,,,20.8,0.5,,,,15,27,13150,,,,7,20547,,,,13,29230,,,,15,1667,,,,5,19610,,,,21,8931,,,,,,,,,,,,,,,,,,,,,,,,,,,,,,,,,,,,,,,,,,,,,,,,
173719,13-Jul-18,4:53:47,2018-07-13 04:53:47,G,2,4,1708,907,0,6,-62.8405,-61.464,53:51.9,FastGPS,-62.8405,-61.464,,,19,0.9,,,,15,5,31771,,,,29,31730,,,,9,7452,,,,4,8046,,,,16,22862,,,,26,9285,,,,,,,,,,,,,,,,,,,,,,,,,,,,,,,,,,,,,,,,,,,,,,,,
173719,13-Jul-18,5:41:09,2018-07-13 05:41:09,G,2,4,1709,908,0,4,-62.6933,-61.1679,34:23.0,FastGPS,-62.8424,-61.4512,,,1.5,0.6,,,,15,26,5134,,,,16,23582,,,,5,20523,,,,4,26178,,,,,,,,,,,,,,,,,,,,,,,,,,,,,,,,,,,,,,,,,,,,,,,,,,,,,,,,,,
173719,13-Jul-18,6:32:03,2018-07-13 06:32:03,G,3,4,1710,,0,9,-62.8447,-61.4401,32:07.4,FastGPS,-62.8447,-61.4401,,1,8.8,0.5,,,,15,7,12137,,,,27,8320,,,,16,3514,,,,26,23853,,,,4,9522,,,,30,32279,,,,5,18091,,,,21,20409,,,,29,16017,,,,,,,,,,,,,,,,,,,,,,,,,,,,,,,,,
173719,13-Jul-18,7:07:32,2018-07-13 07:07:32,G,1,4,1711,909,0,7,-62.8478,-61.4186,07:36.9,FastGPS,-62.8478,-61.4186,,,4.9,0.9,,,,15,15,29929,,,,27,27994,,,,16,20660,,,,21,21606,,,,13,6713,,,,20,2030,,,,7,6682,,,,,,,,,,,,,,,,,,,,,,,,,,,,,,,,,,,,,,,,,,,
173719,13-Jul-18,10:05:52,2018-07-13 10:05:52,G,1,4,1715,910,0,8,-62.8054,-61.3385,05:56.4,FastGPS,-62.8054,-61.3385,,,9.4,0.5,,,,15,1,21802,,,,18,15357,,,,11,23777,,,,8,24914,,,,10,16598,,,,28,10608,,,,32,26690,,,,20,17000,,,,,,,,,,,,,,,,,,,,,,,,,,,,,,,,,,,,,,
173719,13-Jul-18,11:07:58,2018-07-13 11:07:58,G,1,4,1716,,0,9,-62.8055,-61.3304,08:01.9,FastGPS,-62.8055,-61.3304,,,14.5,-0.1,,,,15,1,9880,,,,22,26354,,,,11,18403,,,,32,20463,,,,18,6105,,,,10,16343,,,,3,24551,,,,28,664,,,,14,4190,,,,,,,,,,,,,,,,,,,,,,,,,,,,,,,,,
173719,13-Jul-18,11:38:36,2018-07-13 11:38:36,G,1,4,1717,,0,9,-62.7901,-61.3043,38:39.9,FastGPS,-62.7901,-61.3043,,,6.3,-0.1,,,,15,32,31242,,,,17,7920,,,,22,6760,,,,31,27808,,,,14,2790,,,,18,31553,,,,1,6622,,,,12,25015,,,,19,14034,,,,,,,,,,,,,,,,,,,,,,,,,,,,,,,,,
173719,13-Jul-18,12:26:48,2018-07-13 12:26:48,G,2,4,1718,,0,9,-62.7737,-61.272,26:51.9,FastGPS,-62.7737,-61.272,,,7,-0.1,,,,15,17,16510,,,,19,17148,,,,3,9316,,,,31,28958,,,,32,29538,,,,22,26246,,,,1,150,,,,14,14794,,,,12,13928,,,,,,,,,,,,,,,,,,,,,,,,,,,,,,,,,
173719,13-Jul-18,13:46:18,2018-07-13 13:46:18,G,4,4,1720,,0,9,-62.7452,-61.2256,46:21.5,FastGPS,-62.7452,-61.2256,,,6.9,-0.5,,,,15,31,5820,,,,17,1291,,,,1,8378,,,,3,18804,,,,22,19736,,,,9,30606,,,,14,29708,,,,23,24569,,,,6,94,,,,,,,,,,,,,,,,,,,,,,,,,,,,,,,,,
173719,13-Jul-18,15:50:59,2018-07-13 15:50:59,G,1,4,1721,910,0,8,-62.7364,-61.2254,51:02.9,FastGPS,-62.7364,-61.2254,,1,9.5,-0.1,,,,15,23,5260,,,,9,20794,,,,29,26472,,,,26,26836,,,,4,15840,,,,7,25598,,,,16,22280,,,,3,12087,,,,,,,,,,,,,,,,,,,,,,,,,,,,,,,,,,,,,,
173719,13-Jul-18,16:32:43,2018-07-13 16:32:43,G,2,4,1722,,0,9,-62.7365,-61.2251,32:46.9,FastGPS,-62.7365,-61.2251,,1,10.5,-0.1,,,,15,23,9374,,,,7,12373,,,,5,18316,,,,9,30445,,,,16,27962,,,,29,28772,,,,4,7046,,,,26,14359,,,,2,7813,,,,,,,,,,,,,,,,,,,,,,,,,,,,,,,,,
173719,13-Jul-18,17:50:51,2018-07-13 17:50:51,G,3,4,1723,912,0,5,-62.7365,-61.2254,50:54.5,FastGPS,-62.7365,-61.2254,,,5.2,-0.5,,,,15,5,18861,,,,9,21068,,,,7,2634,,,,23,19068,,,,16,22418,,,,,,,,,,,,,,,,,,,,,,,,,,,,,,,,,,,,,,,,,,,,,,,,,,,,,
173719,13-Jul-18,18:21:00,2018-07-13 18:21:00,G,1,4,1724,912,0,8,-62.7354,-61.2084,21:03.4,FastGPS,-62.7354,-61.2084,,,5.6,-0.6,,,,15,5,4237,,,,9,32242,,,,8,13138,,,,27,6982,,,,7,13684,,,,13,11996,,,,21,16898,,,,30,2235,,,,,,,,,,,,,,,,,,,,,,,,,,,,,,,,,,,,,,
173719,13-Jul-18,19:34:19,2018-07-13 19:34:19,G,1,4,1725,913,0,5,-62.6933,-61.1679,34:23.0,FastGPS,-62.6933,-61.1679,,,3.1,0,,,,15,13,6590,,,,5,15066,,,,15,31394,,,,7,22450,,,,30,29530,,,,,,,,,,,,,,,,,,,,,,,,,,,,,,,,,,,,,,,,,,,,,,,,,,,,,
173719,13-Jul-18,20:13:06,2018-07-13 20:13:06,G,2,4,1726,913,0,6,-62.6765,-61.1531,13:09.9,FastGPS,-62.6765,-61.1531,,,4.1,0,,,,15,30,18384,,,,28,28703,,,,8,11061,,,,5,30235,,,,13,2737,,,,15,14402,,,,,,,,,,,,,,,,,,,,,,,,,,,,,,,,,,,,,,,,,,,,,,,,
173719,13-Jul-18,20:45:39,2018-07-13 20:45:39,G,3,4,1727,913,0,8,-62.6739,-61.1609,45:42.9,FastGPS,-62.6739,-61.1609,,,8.3,-0.1,,,,15,30,26118,,,,7,17512,,,,28,10808,,,,13,13955,,,,15,17547,,,,17,16090,,,,11,27432,,,,24,29629,,,,,,,,,,,,,,,,,,,,,,,,,,,,,,,,,,,,,,
173719,13-Jul-18,21:16:03,2018-07-13 21:16:03,G,3,4,1728,913,0,6,-62.6725,-61.1717,16:06.9,FastGPS,-62.6725,-61.1717,,,3.1,-0.1,,,,15,15,11820,,,,13,15744,,,,17,16873,,,,20,17472,,,,10,25672,,,,28,3900,,,,,,,,,,,,,,,,,,,,,,,,,,,,,,,,,,,,,,,,,,,,,,,,
173719,13-Jul-18,21:47:42,2018-07-13 21:47:42,G,2,4,1729,,0,9,-62.6732,-61.1707,47:45.4,FastGPS,-62.6732,-61.1707,,,8.1,-0.6,,,,15,15,22610,,,,17,28920,,,,28,5666,,,,24,15230,,,,13,1924,,,,10,19125,,,,20,2109,,,,11,26558,,,,19,24656,,,,,,,,,,,,,,,,,,,,,,,,,,,,,,,,,
173719,13-Jul-18,22:18:00,2018-07-13 22:18:00,G,2,4,1730,,0,9,-62.6745,-61.1699,18:03.4,FastGPS,-62.6745,-61.1699,,,10.9,-0.6,,,,15,17,18076,,,,11,18431,,,,18,2656,,,,1,28249,,,,24,12929,,,,15,7838,,,,12,20148,,,,10,16146,,,,28,23869,,,,,,,,,,,,,,,,,,,,,,,,,,,,,,,,,
173719,13-Jul-18,22:49:42,2018-07-13 22:49:42,G,2,4,1731,,0,9,-62.6762,-61.1736,49:45.9,FastGPS,-62.6762,-61.1736,,,20.2,-0.1,,,,15,17,5908,,,,1,18697,,,,19,21321,,,,15,27294,,,,12,1663,,,,11,18224,,,,24,30522,,,,18,29187,,,,32,5660,,,,,,,,,,,,,,,,,,,,,,,,,,,,,,,,,
173719,14-Jul-18,0:59:00,2018-07-14 00:59:00,G,1,4,1734,915,0,8,-62.6757,-61.1478,59:04.4,FastGPS,-62.6757,-61.1478,,,15.7,0.4,,,,15,12,27023,,,,25,24026,,,,24,9814,,,,32,15414,,,,22,4034,,,,3,28232,,,,19,28140,,,,31,5143,,,,,,,,,,,,,,,,,,,,,,,,,,,,,,,,,,,,,,
173719,14-Jul-18,1:30:01,2018-07-14 01:30:01,G,2,4,1735,915,0,4,-62.6762,-61.1736,49:45.9,FastGPS,-62.6764,-61.1473,,,1.3,0.4,,,,15,12,25445,,,,31,29786,,,,32,21866,,,,2,22924,,,,,,,,,,,,,,,,,,,,,,,,,,,,,,,,,,,,,,,,,,,,,,,,,,,,,,,,,,
173719,14-Jul-18,5:54:24,2018-07-14 05:54:24,G,2,4,1738,915,0,4,-62.6764,-61.1473,30:05.4,FastGPS,,,,,,,,,,15,29,22508,,,,21,17377,,,,4,17620,,,,5,2736,,,,,,,,,,,,,,,,,,,,,,,,,,,,,,,,,,,,,,,,,,,,,,,,,,,,,,,,,,
173719,14-Jul-18,6:57:09,2018-07-14 06:57:09,G,1,4,1740,,0,9,-62.6796,-61.1241,57:13.9,FastGPS,-62.6796,-61.1241,,,15.2,0.9,,,,15,16,18924,,,,27,26276,,,,7,27790,,,,4,5118,,,,21,18010,,,,26,31284,,,,20,5078,,,,10,780,,,,30,18891,,,,,,,,,,,,,,,,,,,,,,,,,,,,,,,,,
173719,14-Jul-18,9:04:09,2018-07-14 09:04:09,G,1,4,1743,916,0,7,-62.6531,-61.1587,04:12.5,FastGPS,-62.6531,-61.1587,,,9.5,-0.5,,,,15,10,22470,,,,20,29897,,,,8,1876,,,,27,31528,,,,15,13242,,,,32,24442,,,,18,21468,,,,,,,,,,,,,,,,,,,,,,,,,,,,,,,,,,,,,,,,,,,
173719,14-Jul-18,9:34:33,2018-07-14 09:34:33,G,1,4,1744,916,0,5,-62.6373,-61.1514,34:37.4,FastGPS,-62.6373,-61.1514,,,8.2,0.4,,,,15,10,14566,,,,18,13139,,,,8,13128,,,,11,19101,,,,32,9837,,,,,,,,,,,,,,,,,,,,,,,,,,,,,,,,,,,,,,,,,,,,,,,,,,,,,
173719,14-Jul-18,23:18:31,2018-07-14 23:18:31,G,1,4,1745,917,0,8,-62.6197,-61.1598,18:35.9,FastGPS,-62.6197,-61.1598,,,15.1,0.9,,,,15,12,14017,,,,17,10923,,,,32,11683,,,,24,20340,,,,15,21726,,,,19,2988,,,,1,1432,,,,10,3546,,,,,,,,,,,,,,,,,,,,,,,,,,,,,,,,,,,,,,
173719,15-Jul-18,4:58:02,2018-07-15 04:58:02,G,2,4,1752,919,0,7,-62.5622,-61.4673,58:06.0,FastGPS,-62.5622,-61.4673,,,18.6,0,,,,15,29,2742,,,,21,1834,,,,31,17394,,,,5,21445,,,,4,7670,,,,16,31399,,,,26,19998,,,,,,,,,,,,,,,,,,,,,,,,,,,,,,,,,,,,,,,,,,,
173719,15-Jul-18,9:10:06,2018-07-15 09:10:06,G,1,4,1759,,0,9,-62.5943,-61.4373,10:09.5,FastGPS,-62.5943,-61.4373,,,7,-0.5,,,,15,10,10725,,,,15,9284,,,,8,31308,,,,28,31972,,,,20,27475,,,,32,30165,,,,11,23866,,,,24,28680,,,,21,613,,,,,,,,,,,,,,,,,,,,,,,,,,,,,,,,,
173719,15-Jul-18,11:24:07,2018-07-15 11:24:07,G,1,4,1763,920,0,6,-62.6129,-61.2801,24:10.9,FastGPS,-62.6129,-61.2801,,,6.9,-0.1,,,,15,22,13829,,,,1,24686,,,,11,12670,,,,17,13177,,,,3,5026,,,,18,31804,,,,,,,,,,,,,,,,,,,,,,,,,,,,,,,,,,,,,,,,,,,,,,,,
173719,15-Jul-18,11:56:20,2018-07-15 11:56:20,G,1,4,1764,,0,9,-62.6202,-61.2804,56:24.0,FastGPS,-62.6202,-61.2804,,,6.7,0,,,,15,1,19749,,,,11,6087,,,,22,1466,,,,18,22553,,,,32,4704,,,,3,7893,,,,17,180,,,,19,15586,,,,14,9396,,,,,,,,,,,,,,,,,,,,,,,,,,,,,,,,,
173719,15-Jul-18,12:32:03,2018-07-15 12:32:03,G,1,4,1765,,0,9,-62.6162,-61.2884,32:06.4,FastGPS,-62.6162,-61.2884,,,6.7,-0.5,,,,15,31,635,,,,23,13088,,,,14,13987,,,,18,11584,,,,1,6936,,,,3,4877,,,,17,7382,,,,22,26698,,,,11,394,,,,,,,,,,,,,,,,,,,,,,,,,,,,,,,,,
173719,15-Jul-18,13:06:45,2018-07-15 13:06:45,G,1,4,1766,920,0,8,-62.615,-61.2832,06:48.9,FastGPS,-62.615,-61.2832,,,8.4,0,,,,15,17,30407,,,,31,20399,,,,23,29552,,,,22,16305,,,,14,19597,,,,1,26560,,,,3,7772,,,,19,28464,,,,,,,,,,,,,,,,,,,,,,,,,,,,,,,,,,,,,,
173719,15-Jul-18,13:37:46,2018-07-15 13:37:46,G,1,4,1767,920,0,8,-62.618,-61.2846,37:49.5,FastGPS,-62.618,-61.2846,,,3.2,-0.5,,,,15,17,1501,,,,3,18080,,,,22,20348,,,,31,4048,,,,19,16114,,,,23,22527,,,,9,29761,,,,1,9928,,,,,,,,,,,,,,,,,,,,,,,,,,,,,,,,,,,,,,
173719,15-Jul-18,14:12:56,2018-07-15 14:12:56,G,2,4,1768,,0,9,-62.6212,-61.2683,12:59.9,FastGPS,-62.6212,-61.2683,,1,7.5,-0.1,,,,15,6,13611,,,,19,30649,,,,31,12554,,,,23,3922,,,,4,28976,,,,9,9608,,,,3,29765,,,,25,5922,,,,17,6879,,,,,,,,,,,,,,,,,,,,,,,,,,,,,,,,,
173719,15-Jul-18,18:20:51,2018-07-15 18:20:51,G,2,4,1775,921,0,6,-62.6342,-61.292,20:55.4,FastGPS,-62.6342,-61.292,,,3.4,0.5,,,,15,5,18486,,,,30,31256,,,,13,27908,,,,27,136,,,,7,17367,,,,28,32158,,,,,,,,,,,,,,,,,,,,,,,,,,,,,,,,,,,,,,,,,,,,,,,,
173719,15-Jul-18,18:51:52,2018-07-15 18:51:52,G,1,4,1776,921,0,7,-62.6406,-61.2889,51:56.5,FastGPS,-62.6406,-61.2889,,,15.2,0.5,,,,15,5,11110,,,,13,8696,,,,30,19338,,,,7,8581,,,,27,10700,,,,21,6424,,,,15,15979,,,,,,,,,,,,,,,,,,,,,,,,,,,,,,,,,,,,,,,,,,,
173719,15-Jul-18,20:22:41,2018-07-15 20:22:41,G,2,4,1779,921,0,7,-62.6343,-61.2911,22:45.9,FastGPS,-62.6343,-61.2911,,,5.6,0.9,,,,15,15,11335,,,,7,17478,,,,30,7752,,,,13,17993,,,,28,31931,,,,8,19114,,,,11,25614,,,,,,,,,,,,,,,,,,,,,,,,,,,,,,,,,,,,,,,,,,,
173719,15-Jul-18,22:15:33,2018-07-15 22:15:33,G,1,4,1782,922,0,8,-62.5823,-61.3667,15:37.9,FastGPS,-62.5823,-61.3667,,,7.1,0.9,,,,15,12,7120,,,,17,21952,,,,19,24397,,,,15,20757,,,,13,13261,,,,28,23373,,,,24,21508,,,,20,10091,,,,,,,,,,,,,,,,,,,,,,,,,,,,,,,,,,,,,,
173719,16-Jul-18,3:16:18,2018-07-16 03:16:18,G,1,4,1791,924,0,8,-62.4103,-61.3845,16:22.4,FastGPS,-62.4103,-61.3845,,1,7.3,0.4,,,,15,12,30446,,,,5,26892,,,,31,24194,,,,25,10980,,,,2,7044,,,,29,1724,,,,26,23412,,,,4,27794,,,,,,,,,,,,,,,,,,,,,,,,,,,,,,,,,,,,,,
173719,16-Jul-18,3:46:00,2018-07-16 03:46:00,G,1,4,1792,924,0,6,-62.406,-61.3844,46:04.4,FastGPS,-62.406,-61.3844,,1,3.1,0.5,,,,15,29,15293,,,,4,13439,,,,2,22494,,,,31,31738,,,,5,3034,,,,26,30092,,,,,,,,,,,,,,,,,,,,,,,,,,,,,,,,,,,,,,,,,,,,,,,,
173719,16-Jul-18,5:46:01,2018-07-16 05:46:01,G,1,4,1795,926,0,7,-62.4128,-61.3997,46:06.0,FastGPS,-62.4128,-61.3997,,1,1.8,1,,,,15,4,11399,,,,26,2972,,,,16,7276,,,,21,8967,,,,5,23904,,,,29,13648,,,,20,2131,,,,,,,,,,,,,,,,,,,,,,,,,,,,,,,,,,,,,,,,,,,
173719,16-Jul-18,6:16:04,2018-07-16 06:16:04,G,1,4,1796,926,0,6,-62.4136,-61.4087,16:08.5,FastGPS,-62.4136,-61.4087,,1,4.7,0.5,,,,15,29,20873,,,,20,30032,,,,26,25667,,,,4,14252,,,,21,7253,,,,16,24399,,,,,,,,,,,,,,,,,,,,,,,,,,,,,,,,,,,,,,,,,,,,,,,,
173719,16-Jul-18,6:46:00,2018-07-16 06:46:00,G,1,4,1797,926,0,8,-62.4182,-61.4244,46:04.4,FastGPS,-62.4182,-61.4244,,,16.6,0.4,,,,15,15,2339,,,,26,25074,,,,10,606,,,,13,24538,,,,21,149,,,,4,59,,,,16,4704,,,,7,6093,,,,,,,,,,,,,,,,,,,,,,,,,,,,,,,,,,,,,,
173719,16-Jul-18,8:46:02,2018-07-16 08:46:02,G,1,4,1799,930,0,6,-62.4267,-61.4061,46:06.5,FastGPS,-62.4267,-61.4061,,,12.1,0.5,,,,15,8,2829,,,,10,30119,,,,27,31100,,,,15,10932,,,,20,27311,,,,11,28421,,,,,,,,,,,,,,,,,,,,,,,,,,,,,,,,,,,,,,,,,,,,,,,,
173719,16-Jul-18,10:18:38,2018-07-16 10:18:38,G,1,4,1802,,0,9,-62.4305,-61.4107,18:42.5,FastGPS,-62.4305,-61.4107,,,3.6,0.5,,,,15,11,28233,,,,1,5636,,,,10,27605,,,,28,4108,,,,18,18227,,,,32,4952,,,,22,8368,,,,8,8531,,,,20,1424,,,,,,,,,,,,,,,,,,,,,,,,,,,,,,,,,
173719,16-Jul-18,10:49:00,2018-07-16 10:49:00,G,1,4,1803,,0,9,-62.4396,-61.3858,49:05.0,FastGPS,-62.4396,-61.3858,,,11.8,1,,,,15,11,5687,,,,22,21387,,,,18,26502,,,,32,9260,,,,1,13801,,,,10,29466,,,,24,5346,,,,17,8915,,,,3,14752,,,,,,,,,,,,,,,,,,,,,,,,,,,,,,,,,
173719,16-Jul-18,11:19:12,2018-07-16 11:19:12,G,2,4,1804,,0,9,-62.4509,-61.367,19:16.5,FastGPS,-62.4509,-61.367,,,17.4,0.5,,,,15,22,7544,,,,1,19672,,,,32,30393,,,,3,30675,,,,11,10127,,,,17,5463,,,,10,16009,,,,18,29154,,,,8,13492,,,,,,,,,,,,,,,,,,,,,,,,,,,,,,,,,
173719,16-Jul-18,11:55:08,2018-07-16 11:55:08,G,3,4,1805,,0,9,-62.4781,-61.3527,55:12.5,FastGPS,-62.4781,-61.3527,,,7.2,0.5,,,,15,32,17225,,,,1,8639,,,,11,22765,,,,22,28330,,,,17,25560,,,,3,7138,,,,18,6019,,,,12,30901,,,,31,14438,,,,,,,,,,,,,,,,,,,,,,,,,,,,,,,,,
173719,16-Jul-18,12:25:20,2018-07-16 12:25:20,G,4,4,1806,,0,9,-62.497,-61.3444,25:24.4,FastGPS,-62.497,-61.3444,,,6.1,0.4,,,,15,31,11988,,,,23,19338,,,,11,28780,,,,14,5538,,,,17,27697,,,,1,31490,,,,3,17960,,,,19,20960,,,,32,1271,,,,,,,,,,,,,,,,,,,,,,,,,,,,,,,,,
173719,16-Jul-18,12:55:29,2018-07-16 12:55:29,G,2,4,1807,,0,9,-62.518,-61.3297,55:33.5,FastGPS,-62.518,-61.3297,,,11.1,0.5,,,,15,17,19872,,,,32,7575,,,,31,15494,,,,3,5915,,,,23,3318,,,,14,16842,,,,22,31392,,,,19,30131,,,,1,22993,,,,,,,,,,,,,,,,,,,,,,,,,,,,,,,,,
173719,16-Jul-18,14:34:09,2018-07-16 14:34:09,G,1,4,1809,,0,9,-62.5827,-61.2421,34:13.4,FastGPS,-62.5827,-61.2421,,1,11.2,0.4,,,,15,31,2803,,,,6,3712,,,,9,31980,,,,26,18720,,,,4,25790,,,,23,27172,,,,19,8979,,,,2,26364,,,,3,27112,,,,,,,,,,,,,,,,,,,,,,,,,,,,,,,,,
173719,17-Jul-18,0:45:00,2018-07-17 00:45:00,G,1,4,1817,955,1,8,-62.6215,-61.2671,45:04.4,FastGPS,-62.6215,-61.2671,,,9.3,0.5,,,,15,29,21113,,,,32,28230,,,,12,3553,,,,14,23586,,,,25,28564,,,,2,16507,,,,19,9691,,,,24,25618,,,,,,,,,,,,,,,,,,,,,,,,,,,,,,,,,,,,,,
173719,17-Jul-18,22:21:24,2018-07-17 22:21:24,G,1,4,1818,,0,9,-62.6161,-61.2829,21:28.5,FastGPS,-62.6161,-61.2829,,,13,0.5,,,,15,17,2857,,,,12,27103,,,,15,7738,,,,13,6899,,,,28,19050,,,,19,28187,,,,24,14596,,,,1,25071,,,,18,25078,,,,,,,,,,,,,,,,,,,,,,,,,,,,,,,,,
173719,17-Jul-18,22:51:20,2018-07-17 22:51:20,G,1,4,1819,956,0,4,-62.3946,-61.3938,59:35.9,FastGPS,-62.5931,-61.312,,,1.7,1,,,,15,12,1696,,,,17,30364,,,,15,23026,,,,19,20174,,,,,,,,,,,,,,,,,,,,,,,,,,,,,,,,,,,,,,,,,,,,,,,,,,,,,,,,,,
173719,17-Jul-18,23:52:11,2018-07-17 23:52:11,G,1,4,1821,956,0,5,-62.5588,-61.3671,52:15.9,FastGPS,-62.5588,-61.3671,,,5.4,0.9,,,,15,24,21372,,,,12,9036,,,,25,30730,,,,17,24953,,,,1,4808,,,,,,,,,,,,,,,,,,,,,,,,,,,,,,,,,,,,,,,,,,,,,,,,,,,,,
173719,18-Jul-18,0:22:00,2018-07-18 00:22:00,G,1,4,1822,956,0,6,-62.5361,-61.3891,22:05.0,FastGPS,-62.5361,-61.3891,,,7.1,1,,,,15,17,18093,,,,12,378,,,,19,31876,,,,6,5972,,,,2,30575,,,,24,29877,,,,,,,,,,,,,,,,,,,,,,,,,,,,,,,,,,,,,,,,,,,,,,,,
173719,18-Jul-18,1:08:52,2018-07-18 01:08:52,G,1,4,1823,,0,9,-62.4867,-61.3885,08:57.0,FastGPS,-62.4867,-61.3885,,,7.8,1,,,,15,19,6844,,,,6,32260,,,,29,20539,,,,12,17174,,,,2,25798,,,,32,24232,,,,3,18312,,,,25,6456,,,,22,12429,,,,,,,,,,,,,,,,,,,,,,,,,,,,,,,,,
173719,18-Jul-18,2:32:32,2018-07-18 02:32:32,G,4,4,1825,958,0,8,-62.4193,-61.3998,32:36.9,FastGPS,-62.4193,-61.3998,,1,6.5,0.9,,,,15,12,12715,,,,4,18790,,,,31,18993,,,,25,30645,,,,29,25426,,,,26,28666,,,,23,15798,,,,2,14246,,,,,,,,,,,,,,,,,,,,,,,,,,,,,,,,,,,,,,
173719,18-Jul-18,3:38:38,2018-07-18 03:38:38,G,1,4,1826,958,0,8,-62.4161,-61.3896,38:42.5,FastGPS,-62.4161,-61.3896,,1,12.4,0.5,,,,15,31,14788,,,,23,22636,,,,4,477,,,,16,28798,,,,26,17907,,,,29,339,,,,21,17564,,,,9,4133,,,,,,,,,,,,,,,,,,,,,,,,,,,,,,,,,,,,,,
173719,18-Jul-18,4:16:57,2018-07-18 04:16:57,G,3,4,1827,958,0,8,-62.408,-61.3752,17:01.5,FastGPS,-62.408,-61.3752,,1,5.1,0.5,,,,15,5,18614,,,,16,9476,,,,29,16781,,,,4,17592,,,,26,2565,,,,2,885,,,,31,31869,,,,9,12120,,,,,,,,,,,,,,,,,,,,,,,,,,,,,,,,,,,,,,
173719,18-Jul-18,5:23:49,2018-07-18 05:23:49,G,2,4,1828,959,0,7,-62.4105,-61.3669,23:53.5,FastGPS,-62.4105,-61.3669,,1,7.4,0.5,,,,15,29,23759,,,,4,2161,,,,26,15309,,,,5,22779,,,,21,2419,,,,16,7663,,,,20,27099,,,,,,,,,,,,,,,,,,,,,,,,,,,,,,,,,,,,,,,,,,,
173719,18-Jul-18,5:54:55,2018-07-18 05:54:55,G,1,4,1829,,0,9,-62.4054,-61.3453,55:00.0,FastGPS,-62.4054,-61.3453,,,8.7,1,,,,15,15,17002,,,,16,22486,,,,5,32618,,,,27,24564,,,,21,32542,,,,7,6093,,,,13,27670,,,,26,30247,,,,29,10878,,,,,,,,,,,,,,,,,,,,,,,,,,,,,,,,,
173719,18-Jul-18,6:25:02,2018-07-18 06:25:02,G,1,4,1830,,0,9,-62.4059,-61.3714,25:06.5,FastGPS,-62.4059,-61.3714,,1,10.9,0.5,,,,15,7,32383,,,,4,13040,,,,27,9234,,,,26,152,,,,20,26500,,,,16,13449,,,,21,3863,,,,5,12438,,,,15,21958,,,,,,,,,,,,,,,,,,,,,,,,,,,,,,,,,
173719,18-Jul-18,6:57:16,2018-07-18 06:57:16,G,1,4,1831,,0,9,-62.4026,-61.3834,57:20.9,FastGPS,-62.4026,-61.3834,,,6.7,0.9,,,,15,27,27916,,,,13,13788,,,,16,5363,,,,15,25561,,,,21,8583,,,,8,15454,,,,7,28724,,,,10,1821,,,,30,27352,,,,,,,,,,,,,,,,,,,,,,,,,,,,,,,,,
173719,18-Jul-18,7:28:22,2018-07-18 07:28:22,G,2,4,1832,959,0,5,-62.3904,-61.3733,28:26.5,FastGPS,-62.3904,-61.3733,,,3.4,0.5,,,,15,15,31527,,,,13,23804,,,,21,14622,,,,10,21850,,,,20,10428,,,,,,,,,,,,,,,,,,,,,,,,,,,,,,,,,,,,,,,,,,,,,,,,,,,,,
173719,18-Jul-18,7:58:35,2018-07-18 07:58:35,G,1,4,1833,,0,9,-62.4001,-61.3579,58:39.5,FastGPS,-62.4001,-61.3579,,,10.2,0.5,,,,15,10,15398,,,,27,9555,,,,8,22862,,,,16,16264,,,,30,8573,,,,20,18969,,,,21,3126,,,,13,3614,,,,18,27866,,,,,,,,,,,,,,,,,,,,,,,,,,,,,,,,,
173719,18-Jul-18,8:29:00,2018-07-18 08:29:00,G,2,4,1834,,0,9,-62.402,-61.3796,29:04.5,FastGPS,-62.402,-61.3796,,,10.3,0.5,,,,15,8,11088,,,,18,10578,,,,15,17251,,,,10,12750,,,,27,1584,,,,21,14540,,,,11,12828,,,,20,32220,,,,28,2113,,,,,,,,,,,,,,,,,,,,,,,,,,,,,,,,,
173719,18-Jul-18,8:59:31,2018-07-18 08:59:31,G,2,5,1835,959,0,5,-62.3946,-61.3938,59:35.9,FastGPS,-62.3946,-61.3938,,,0.7,-0.1,,,,15,27,4522,,,,15,12886,,,,32,16480,,,,10,19444,,,,20,31917,,,,,,,,,,,,,,,,,,,,,,,,,,,,,,,,,,,,,,,,,,,,,,,,,,,,,
173719,18-Jul-18,9:33:14,2018-07-18 09:33:14,G,2,5,1836,,0,9,-62.4046,-61.3977,33:18.0,FastGPS,-62.4046,-61.3977,,,11.9,-1,,,,15,8,8522,,,,18,7407,,,,11,14498,,,,1,24942,,,,27,15263,,,,24,20928,,,,32,14263,,,,28,27906,,,,10,1033,,,,,,,,,,,,,,,,,,,,,,,,,,,,,,,,,
173719,18-Jul-18,10:28:48,2018-07-18 10:28:48,G,2,5,1837,,0,9,-62.3996,-61.3859,28:51.5,FastGPS,-62.3996,-61.3859,,,8.3,-1.5,,,,15,10,11908,,,,1,15471,,,,32,8141,,,,17,22180,,,,11,760,,,,18,22274,,,,28,13134,,,,24,21709,,,,22,6542,,,,,,,,,,,,,,,,,,,,,,,,,,,,,,,,,
173719,18-Jul-18,11:29:00,2018-07-18 11:29:00,G,1,5,1838,960,0,7,-62.4025,-61.4142,29:03.9,FastGPS,-62.4025,-61.4142,,,6.4,-1,,,,15,32,20636,,,,31,26058,,,,18,31096,,,,11,13504,,,,14,22506,,,,1,28902,,,,22,14770,,,,,,,,,,,,,,,,,,,,,,,,,,,,,,,,,,,,,,,,,,,
173719,18-Jul-18,14:31:58,2018-07-18 14:31:58,G,1,5,1839,961,0,7,-62.5142,-61.3638,32:02.0,FastGPS,-62.5142,-61.3638,,1,18,-1,,,,15,9,19794,,,,31,14361,,,,19,20616,,,,6,5691,,,,4,4401,,,,23,29480,,,,3,9054,,,,,,,,,,,,,,,,,,,,,,,,,,,,,,,,,,,,,,,,,,,
173719,18-Jul-18,15:04:08,2018-07-18 15:04:08,G,1,5,1840,,0,9,-62.5362,-61.3492,04:12.0,FastGPS,-62.5362,-61.3492,,,11.5,-1,,,,15,9,25344,,,,6,2349,,,,23,123,,,,4,30862,,,,31,7067,,,,26,20906,,,,29,22852,,,,2,22434,,,,16,17840,,,,,,,,,,,,,,,,,,,,,,,,,,,,,,,,,
173719,18-Jul-18,15:37:11,2018-07-18 15:37:11,G,1,5,1841,,0,9,-62.5579,-61.3278,37:14.9,FastGPS,-62.5579,-61.3278,,,8.9,-1,,,,15,6,1174,,,,9,17782,,,,7,17336,,,,4,30304,,,,2,32424,,,,29,20470,,,,26,14043,,,,16,27954,,,,23,12685,,,,,,,,,,,,,,,,,,,,,,,,,,,,,,,,,
173719,18-Jul-18,17:16:37,2018-07-18 17:16:37,G,1,5,1843,961,0,6,-62.6124,-61.2852,16:41.0,FastGPS,-62.6124,-61.2852,,,4.5,-1,,,,15,5,29630,,,,9,3268,,,,23,26244,,,,16,30344,,,,7,329,,,,27,3169,,,,,,,,,,,,,,,,,,,,,,,,,,,,,,,,,,,,,,,,,,,,,,,,
173719,18-Jul-18,17:47:48,2018-07-18 17:47:48,G,1,5,1844,961,0,8,-62.6186,-61.2852,47:52.0,FastGPS,-62.6186,-61.2852,,,8.8,-1,,,,15,5,13362,,,,8,12004,,,,27,28206,,,,7,7076,,,,16,5042,,,,30,22809,,,,13,4970,,,,9,29992,,,,,,,,,,,,,,,,,,,,,,,,,,,,,,,,,,,,,,
173719,18-Jul-18,18:18:00,2018-07-18 18:18:00,G,1,5,1845,961,0,8,-62.6188,-61.2852,18:04.0,FastGPS,-62.6188,-61.2852,,,3.6,-1,,,,15,5,20882,,,,8,30485,,,,9,11976,,,,27,17861,,,,7,8208,,,,28,25165,,,,13,8066,,,,30,18708,,,,,,,,,,,,,,,,,,,,,,,,,,,,,,,,,,,,,,
173719,18-Jul-18,18:48:00,2018-07-18 18:48:00,G,2,5,1846,961,0,8,-62.6185,-61.2852,48:03.4,FastGPS,-62.6185,-61.2852,,,7.5,-1.5,,,,15,13,20333,,,,5,10532,,,,27,22982,,,,7,11,,,,9,9056,,,,8,11785,,,,28,16714,,,,30,3103,,,,,,,,,,,,,,,,,,,,,,,,,,,,,,,,,,,,,,
173719,18-Jul-18,19:18:18,2018-07-18 19:18:18,G,1,5,1847,961,0,5,-62.62,-61.2812,18:21.5,FastGPS,-62.62,-61.2812,,,5.5,-1.5,,,,15,7,1186,,,,13,13983,,,,30,20606,,,,27,21773,,,,8,23734,,,,,,,,,,,,,,,,,,,,,,,,,,,,,,,,,,,,,,,,,,,,,,,,,,,,,
173719,18-Jul-18,20:41:00,2018-07-18 20:41:00,G,1,5,1849,962,0,8,-62.6136,-61.2985,41:03.5,FastGPS,-62.6136,-61.2985,,,13.6,-1.5,,,,15,15,16910,,,,13,18,,,,17,3354,,,,10,9583,,,,28,10018,,,,24,6347,,,,20,2766,,,,30,3814,,,,,,,,,,,,,,,,,,,,,,,,,,,,,,,,,,,,,,
173719,18-Jul-18,21:44:26,2018-07-18 21:44:26,G,1,5,1851,,0,9,-62.577,-61.3181,44:30.5,FastGPS,-62.577,-61.3181,,,7.6,-0.5,,,,15,28,14871,,,,15,6328,,,,19,608,,,,1,12934,,,,11,10368,,,,12,2863,,,,13,7358,,,,17,23487,,,,18,14445,,,,,,,,,,,,,,,,,,,,,,,,,,,,,,,,,
173719,18-Jul-18,22:45:02,2018-07-18 22:45:02,G,1,5,1852,964,0,6,-62.5377,-61.3704,45:07.0,FastGPS,-62.5377,-61.3704,,,8.5,0,,,,15,17,16326,,,,19,1441,,,,12,12238,,,,15,17482,,,,28,20124,,,,1,16242,,,,,,,,,,,,,,,,,,,,,,,,,,,,,,,,,,,,,,,,,,,,,,,,
173719,18-Jul-18,23:15:18,2018-07-18 23:15:18,G,1,5,1853,964,0,7,-62.517,-61.3848,15:21.9,FastGPS,-62.517,-61.3848,,,10.2,-1,,,,15,17,27773,,,,6,22322,,,,15,10244,,,,19,21540,,,,24,30418,,,,12,1563,,,,25,26718,,,,,,,,,,,,,,,,,,,,,,,,,,,,,,,,,,,,,,,,,,,
173719,18-Jul-18,23:46:44,2018-07-18 23:46:44,G,1,5,1854,,0,9,-62.4878,-61.3826,46:48.0,FastGPS,-62.4878,-61.3826,,,10.4,-1,,,,15,17,19253,,,,19,27177,,,,22,11928,,,,24,14390,,,,12,29752,,,,6,27388,,,,3,3791,,,,1,31659,,,,32,27450,,,,,,,,,,,,,,,,,,,,,,,,,,,,,,,,,
173719,19-Jul-18,1:48:47,2018-07-19 01:48:47,G,1,5,1857,,0,9,-62.4056,-61.4227,48:50.5,FastGPS,-62.4056,-61.4227,,1,8.8,-1.5,,,,15,29,4523,,,,31,15636,,,,3,14638,,,,12,22774,,,,25,7052,,,,14,13512,,,,2,24053,,,,32,22134,,,,4,22794,,,,,,,,,,,,,,,,,,,,,,,,,,,,,,,,,
173719,19-Jul-18,2:28:59,2018-07-19 02:28:59,G,1,5,1858,,0,9,-62.4011,-61.4186,29:03.0,FastGPS,-62.4011,-61.4186,,1,13.3,-1,,,,15,29,4717,,,,31,29997,,,,25,7964,,,,23,26818,,,,12,20708,,,,4,31390,,,,26,8816,,,,14,29248,,,,2,24152,,,,,,,,,,,,,,,,,,,,,,,,,,,,,,,,,
173719,19-Jul-18,4:00:06,2018-07-19 04:00:06,G,1,5,1859,968,0,7,-62.4084,-61.4235,00:10.0,FastGPS,-62.4084,-61.4235,,1,6.7,-1,,,,15,31,398,,,,29,18460,,,,4,19336,,,,21,17019,,,,26,25582,,,,2,17398,,,,25,28106,,,,,,,,,,,,,,,,,,,,,,,,,,,,,,,,,,,,,,,,,,,
173719,19-Jul-18,4:50:31,2018-07-19 04:50:31,G,1,5,1860,969,0,7,-62.4115,-61.3993,50:34.5,FastGPS,-62.4115,-61.3993,,,12.7,-1.5,,,,15,5,16730,,,,16,31865,,,,29,18373,,,,26,29726,,,,4,9546,,,,21,10061,,,,25,21938,,,,,,,,,,,,,,,,,,,,,,,,,,,,,,,,,,,,,,,,,,,
173719,19-Jul-18,5:41:41,2018-07-19 05:41:41,G,1,5,1861,,0,9,-62.4142,-61.3851,41:45.4,FastGPS,-62.4142,-61.3851,,,11.2,-0.5,,,,15,7,19956,,,,4,20172,,,,5,29650,,,,26,17466,,,,16,13946,,,,21,19604,,,,13,30522,,,,27,16864,,,,29,12994,,,,,,,,,,,,,,,,,,,,,,,,,,,,,,,,,
173719,19-Jul-18,10:47:34,2018-07-19 10:47:34,G,3,5,1862,,0,9,-62.5789,-61.2021,47:38.6,FastGPS,-62.5789,-61.2021,,,11.1,-0.4,,,,15,22,705,,,,11,12390,,,,1,12122,,,,17,29410,,,,18,70,,,,32,12833,,,,10,26153,,,,28,11611,,,,14,9884,,,,,,,,,,,,,,,,,,,,,,,,,,,,,,,,,
173719,19-Jul-18,14:54:00,2018-07-19 14:54:00,G,2,5,1867,977,1,4,-62.5914,-61.2013,24:04.5,FastGPS,-62.591,-61.2002,,,0.2,-0.4,,,,15,23,8313,,,,6,11452,,,,2,10918,,,,3,3003,,,,,,,,,,,,,,,,,,,,,,,,,,,,,,,,,,,,,,,,,,,,,,,,,,,,,,,,,,
173719,19-Jul-18,15:24:00,2018-07-19 15:24:00,G,1,5,1868,977,1,4,-62.5914,-61.2013,24:04.5,FastGPS,-62.6027,-61.1773,,,0.6,1.2,,,,15,2,6271,,,,23,11907,,,,9,18502,,,,7,15154,,,,,,,,,,,,,,,,,,,,,,,,,,,,,,,,,,,,,,,,,,,,,,,,,,,,,,,,,,
173719,19-Jul-18,16:24:00,2018-07-19 16:24:00,G,1,5,1869,979,1,4,-62.5914,-61.2013,24:04.5,FastGPS,-62.5916,-61.1999,,,0.3,-0.5,,,,15,23,7486,,,,16,23140,,,,5,4562,,,,7,26856,,,,,,,,,,,,,,,,,,,,,,,,,,,,,,,,,,,,,,,,,,,,,,,,,,,,,,,,,,
173719,19-Jul-18,16:54:00,2018-07-19 16:54:00,G,1,5,1870,979,1,5,-62.5914,-61.2008,54:04.5,FastGPS,-62.5914,-61.2008,,,6.5,-0.5,,,,15,7,23336,,,,5,29161,,,,9,3162,,,,30,5167,,,,2,13167,,,,,,,,,,,,,,,,,,,,,,,,,,,,,,,,,,,,,,,,,,,,,,,,,,,,,
173719,19-Jul-18,17:24:00,2018-07-19 17:24:00,G,1,5,1871,979,1,4,-62.5915,-61.2007,54:04.5,FastGPS,-62.5914,-61.2013,,,0.3,-0.5,,,,15,30,196,,,,5,20184,,,,7,8958,,,,9,1292,,,,,,,,,,,,,,,,,,,,,,,,,,,,,,,,,,,,,,,,,,,,,,,,,,,,,,,,,,
173719,19-Jul-18,18:54:00,2018-07-19 18:54:00,G,2,5,1874,979,1,5,-62.5915,-61.2007,54:04.5,FastGPS,-62.5915,-61.2007,,,0.7,-0.5,,,,15,5,20052,,,,28,32312,,,,13,19750,,,,30,978,,,,7,1993,,,,,,,,,,,,,,,,,,,,,,,,,,,,,,,,,,,,,,,,,,,,,,,,,,,,,
173719,19-Jul-18,19:24:00,2018-07-19 19:24:00,G,1,5,1875,979,1,4,-62.5916,-61.2006,54:04.5,FastGPS,-62.5915,-61.2006,,,0.7,-0.5,,,,15,5,19264,,,,28,15650,,,,13,23294,,,,30,27695,,,,,,,,,,,,,,,,,,,,,,,,,,,,,,,,,,,,,,,,,,,,,,,,,,,,,,,,,,
173719,19-Jul-18,20:24:00,2018-07-19 20:24:00,G,1,5,1877,979,1,5,-62.5912,-61.2009,24:04.5,FastGPS,-62.5912,-61.2009,,,1.8,-0.5,,,,15,20,14481,,,,15,17678,,,,13,7444,,,,30,11996,,,,28,6755,,,,,,,,,,,,,,,,,,,,,,,,,,,,,,,,,,,,,,,,,,,,,,,,,,,,,
173719,19-Jul-18,20:54:00,2018-07-19 20:54:00,G,5,5,1878,979,1,5,-62.5916,-61.2006,54:04.5,FastGPS,-62.5916,-61.2006,,,1.7,-0.5,,,,15,15,5881,,,,13,3542,,,,20,9497,,,,28,25642,,,,24,16266,,,,,,,,,,,,,,,,,,,,,,,,,,,,,,,,,,,,,,,,,,,,,,,,,,,,,
173719,19-Jul-18,21:24:00,2018-07-19 21:24:00,G,2,5,1879,979,1,7,-62.5915,-61.2006,24:04.5,FastGPS,-62.5915,-61.2006,,,7,-0.5,,,,15,15,30758,,,,17,9549,,,,13,8105,,,,10,27576,,,,28,11685,,,,24,27782,,,,12,31520,,,,,,,,,,,,,,,,,,,,,,,,,,,,,,,,,,,,,,,,,,,
173719,19-Jul-18,22:21:10,2018-07-19 22:21:10,G,2,5,1880,979,0,6,-62.5913,-61.2014,21:14.5,FastGPS,-62.5913,-61.2014,,,5.1,-0.5,,,,15,17,14995,,,,15,20974,,,,24,2524,,,,1,29990,,,,19,22584,,,,12,32725,,,,,,,,,,,,,,,,,,,,,,,,,,,,,,,,,,,,,,,,,,,,,,,,
173719,20-Jul-18,4:02:47,2018-07-20 04:02:47,G,1,5,1881,,0,9,-62.4979,-61.4376,02:52.0,FastGPS,-62.4979,-61.4376,,1,8.8,0,,,,15,5,30532,,,,31,4557,,,,4,25890,,,,26,5715,,,,16,1108,,,,29,7230,,,,2,14554,,,,21,13756,,,,9,924,,,,,,,,,,,,,,,,,,,,,,,,,,,,,,,,,
173719,20-Jul-18,9:03:10,2018-07-20 09:03:10,G,1,5,1889,983,0,7,-62.4931,-61.4752,03:13.5,FastGPS,-62.4931,-61.4752,,,11.9,-1.5,,,,15,10,10399,,,,20,31646,,,,24,12920,,,,32,3048,,,,15,12528,,,,27,2382,,,,11,18815,,,,,,,,,,,,,,,,,,,,,,,,,,,,,,,,,,,,,,,,,,,
173719,20-Jul-18,10:52:43,2018-07-20 10:52:43,G,1,5,1892,,0,9,-62.4903,-61.4427,52:47.5,FastGPS,-62.4903,-61.4427,,,9.2,-0.5,,,,15,1,11581,,,,11,24234,,,,14,9299,,,,32,18147,,,,18,10985,,,,17,12850,,,,22,14612,,,,19,28527,,,,28,25013,,,,,,,,,,,,,,,,,,,,,,,,,,,,,,,,,
173719,20-Jul-18,11:30:15,2018-07-20 11:30:15,G,1,5,1893,,0,9,-62.4926,-61.4434,30:18.9,FastGPS,-62.4926,-61.4434,,,17.7,-1.1,,,,15,17,6522,,,,3,3031,,,,11,330,,,,1,2738,,,,22,5668,,,,18,17020,,,,32,1526,,,,12,3276,,,,19,8804,,,,,,,,,,,,,,,,,,,,,,,,,,,,,,,,,
173719,20-Jul-18,12:00:05,2018-07-20 12:00:05,G,3,5,1894,,0,9,-62.5162,-61.4072,00:09.0,FastGPS,-62.5162,-61.4072,,,9.8,-1,,,,15,17,3004,,,,3,772,,,,12,154,,,,22,14039,,,,31,21730,,,,32,7321,,,,1,17976,,,,19,5700,,,,14,28367,,,,,,,,,,,,,,,,,,,,,,,,,,,,,,,,,
173719,20-Jul-18,12:41:10,2018-07-20 12:41:10,G,4,5,1895,,0,9,-62.5456,-61.3631,41:14.0,FastGPS,-62.5456,-61.3631,,,7.5,-1,,,,15,17,17582,,,,12,9301,,,,19,1006,,,,23,13349,,,,3,10406,,,,32,1231,,,,25,8103,,,,6,20923,,,,22,31476,,,,,,,,,,,,,,,,,,,,,,,,,,,,,,,,,
173719,20-Jul-18,13:13:32,2018-07-20 13:13:32,G,1,5,1896,,0,9,-62.5716,-61.3376,13:35.5,FastGPS,-62.5716,-61.3376,,,6.6,-1.5,,,,15,23,8725,,,,17,15013,,,,3,19763,,,,19,20719,,,,14,9880,,,,6,16668,,,,22,31445,,,,31,4911,,,,12,22743,,,,,,,,,,,,,,,,,,,,,,,,,,,,,,,,,
173719,20-Jul-18,16:10:17,2018-07-20 16:10:17,G,2,5,1900,,0,9,-62.6204,-61.2785,10:20.5,FastGPS,-62.6204,-61.2785,,,7.2,-1.5,,,,15,7,7556,,,,9,29123,,,,5,12209,,,,23,25285,,,,30,19093,,,,6,24494,,,,16,1689,,,,29,24028,,,,26,3726,,,,,,,,,,,,,,,,,,,,,,,,,,,,,,,,,
173719,20-Jul-18,16:40:01,2018-07-20 16:40:01,G,1,5,1901,987,0,6,-62.6185,-61.2859,40:05.5,FastGPS,-62.6185,-61.2859,,,10.2,-0.5,,,,15,16,16866,,,,23,27152,,,,5,17552,,,,9,10862,,,,7,22066,,,,30,15949,,,,,,,,,,,,,,,,,,,,,,,,,,,,,,,,,,,,,,,,,,,,,,,,
173719,20-Jul-18,17:11:08,2018-07-20 17:11:08,G,1,5,1902,987,0,6,-62.619,-61.2846,11:13.0,FastGPS,-62.619,-61.2846,,,12.6,0,,,,15,5,338,,,,23,12451,,,,16,21738,,,,27,9990,,,,7,564,,,,9,25216,,,,,,,,,,,,,,,,,,,,,,,,,,,,,,,,,,,,,,,,,,,,,,,,
173719,20-Jul-18,17:41:00,2018-07-20 17:41:00,G,2,5,1903,987,0,5,-62.6189,-61.2847,41:04.4,FastGPS,-62.6189,-61.2847,,,5.3,-0.5,,,,15,7,29288,,,,27,21612,,,,5,4562,,,,16,23332,,,,9,14445,,,,,,,,,,,,,,,,,,,,,,,,,,,,,,,,,,,,,,,,,,,,,,,,,,,,,
173719,20-Jul-18,18:12:09,2018-07-20 18:12:09,G,1,5,1904,987,0,7,-62.6206,-61.2806,12:13.9,FastGPS,-62.6206,-61.2806,,,6.3,0,,,,15,5,22536,,,,27,23386,,,,7,7076,,,,30,24832,,,,13,20904,,,,9,4608,,,,8,8893,,,,,,,,,,,,,,,,,,,,,,,,,,,,,,,,,,,,,,,,,,,
173719,20-Jul-18,18:47:27,2018-07-20 18:47:27,G,3,5,1905,987,0,5,-62.6207,-61.2739,47:31.0,FastGPS,-62.6207,-61.2739,,,4.3,-1,,,,15,7,24882,,,,30,17257,,,,13,27949,,,,5,8958,,,,28,3253,,,,,,,,,,,,,,,,,,,,,,,,,,,,,,,,,,,,,,,,,,,,,,,,,,,,,
173719,20-Jul-18,20:06:01,2018-07-20 20:06:01,G,2,5,1906,990,0,8,-62.6155,-61.2729,06:05.0,FastGPS,-62.6155,-61.2729,,,9.7,-1,,,,15,30,2354,,,,7,5492,,,,28,8987,,,,15,26012,,,,11,8290,,,,5,18356,,,,13,23646,,,,17,30954,,,,,,,,,,,,,,,,,,,,,,,,,,,,,,,,,,,,,,
173719,20-Jul-18,22:24:09,2018-07-20 22:24:09,G,2,5,1908,,0,9,-62.5564,-61.35,24:13.5,FastGPS,-62.5564,-61.35,,,9.5,-0.5,,,,15,17,18149,,,,12,30081,,,,15,31457,,,,13,7268,,,,28,18100,,,,19,7787,,,,24,15634,,,,1,27182,,,,10,15177,,,,,,,,,,,,,,,,,,,,,,,,,,,,,,,,,
173719,20-Jul-18,22:54:02,2018-07-20 22:54:02,G,2,5,1909,994,0,7,-62.5373,-61.364,54:06.5,FastGPS,-62.5373,-61.364,,,9.5,-0.5,,,,15,17,18750,,,,19,12509,,,,15,1459,,,,12,27120,,,,6,31537,,,,24,30670,,,,1,9427,,,,,,,,,,,,,,,,,,,,,,,,,,,,,,,,,,,,,,,,,,,
173719,20-Jul-18,23:26:33,2018-07-20 23:26:33,G,2,5,1910,994,0,6,-62.5185,-61.3789,26:36.5,FastGPS,-62.5185,-61.3789,,,9.4,-1.5,,,,15,17,19581,,,,12,31020,,,,19,30689,,,,24,25803,,,,6,11590,,,,1,748,,,,,,,,,,,,,,,,,,,,,,,,,,,,,,,,,,,,,,,,,,,,,,,,
173719,21-Jul-18,0:04:00,2018-07-21 00:04:00,G,2,5,1911,994,0,6,-62.499,-61.4012,04:04.0,FastGPS,-62.499,-61.4012,,,4.9,-1,,,,15,12,21754,,,,17,2666,,,,6,20001,,,,19,5669,,,,2,27548,,,,25,6338,,,,,,,,,,,,,,,,,,,,,,,,,,,,,,,,,,,,,,,,,,,,,,,,
173719,21-Jul-18,0:52:14,2018-07-21 00:52:14,G,2,5,1912,,0,9,-62.4727,-61.4169,52:17.5,FastGPS,-62.4727,-61.4169,,,7.9,-1.5,,,,15,2,6263,,,,32,856,,,,31,5656,,,,12,17933,,,,24,20515,,,,29,29869,,,,14,14342,,,,25,25421,,,,3,19355,,,,,,,,,,,,,,,,,,,,,,,,,,,,,,,,,
173719,21-Jul-18,1:31:04,2018-07-21 01:31:04,G,2,5,1913,994,0,8,-62.4745,-61.431,31:08.0,FastGPS,-62.4745,-61.431,,,6.4,-1,,,,15,29,1869,,,,12,15916,,,,25,32429,,,,32,30170,,,,31,21844,,,,2,12170,,,,14,10474,,,,24,31448,,,,,,,,,,,,,,,,,,,,,,,,,,,,,,,,,,,,,,
173719,21-Jul-18,4:05:58,2018-07-21 04:05:58,G,2,5,1917,,0,9,-62.4548,-61.4149,06:01.5,FastGPS,-62.4548,-61.4149,,1,4.1,-1.5,,,,15,31,21038,,,,29,8818,,,,26,32296,,,,4,13174,,,,21,28178,,,,5,13346,,,,9,5431,,,,16,9409,,,,25,7113,,,,,,,,,,,,,,,,,,,,,,,,,,,,,,,,,
173719,21-Jul-18,5:08:23,2018-07-21 05:08:23,G,1,5,1919,996,0,4,-62.499,-61.3,7/21/2018 10:17,A,-62.4582,-61.3998,,,0.1,0,,,,15,5,14820,,,,29,17641,,,,21,10242,,,,4,24204,,,,,,,,,,,,,,,,,,,,,,,,,,,,,,,,,,,,,,,,,,,,,,,,,,,,,,,,,,
173719,21-Jul-18,5:38:00,2018-07-21 05:38:00,G,1,5,1920,,0,9,-62.452,-61.4019,38:03.5,FastGPS,-62.452,-61.4019,,,9.5,-1.5,,,,15,4,8352,,,,26,8819,,,,16,19542,,,,20,23471,,,,7,31086,,,,21,27172,,,,5,16869,,,,29,29054,,,,27,4925,,,,,,,,,,,,,,,,,,,,,,,,,,,,,,,,,
173719,21-Jul-18,6:09:51,2018-07-21 06:09:51,G,1,5,1921,,0,9,-62.4581,-61.3897,09:55.9,FastGPS,-62.4581,-61.3897,,,11.2,0,,,,15,5,11205,,,,7,17874,,,,29,8507,,,,15,30470,,,,21,23580,,,,20,1818,,,,27,17007,,,,13,11522,,,,30,27792,,,,,,,,,,,,,,,,,,,,,,,,,,,,,,,,,
173719,21-Jul-18,6:40:05,2018-07-21 06:40:05,G,1,5,1922,996,0,8,-62.4459,-61.3687,40:09.4,FastGPS,-62.4459,-61.3687,,1,5.7,-0.6,,,,15,13,18929,,,,15,21194,,,,27,20910,,,,4,16758,,,,20,30440,,,,10,18494,,,,21,24919,,,,7,9024,,,,,,,,,,,,,,,,,,,,,,,,,,,,,,,,,,,,,,
173719,21-Jul-18,8:51:06,2018-07-21 08:51:06,G,1,5,1925,,0,9,-62.4348,-61.3729,51:09.5,FastGPS,-62.4348,-61.3729,,,7.9,-1.5,,,,15,10,22012,,,,18,21888,,,,27,31306,,,,8,13598,,,,28,26099,,,,1,30164,,,,11,26558,,,,15,8340,,,,20,26425,,,,,,,,,,,,,,,,,,,,,,,,,,,,,,,,,
173719,21-Jul-18,9:22:04,2018-07-21 09:22:04,G,1,5,1926,,0,9,-62.4548,-61.344,22:07.5,FastGPS,-62.4548,-61.344,,,5.4,-1.5,,,,15,11,2419,,,,18,27874,,,,1,14166,,,,28,13298,,,,8,23196,,,,20,30967,,,,24,7946,,,,32,2270,,,,14,5131,,,,,,,,,,,,,,,,,,,,,,,,,,,,,,,,,
173719,21-Jul-18,9:54:27,2018-07-21 09:54:27,G,1,5,1927,,0,9,-62.4755,-61.3218,54:32.0,FastGPS,-62.4755,-61.3218,,,9.2,0,,,,15,1,26872,,,,18,14511,,,,11,24300,,,,8,21184,,,,28,11867,,,,10,9144,,,,22,23040,,,,24,18292,,,,20,18784,,,,,,,,,,,,,,,,,,,,,,,,,,,,,,,,,
173719,21-Jul-18,16:01:47,2018-07-21 16:01:47,G,1,5,1933,1007,0,7,-62.5843,-61.1884,01:51.0,FastGPS,-62.5843,-61.1884,,1,4.9,-1,,,,15,16,21703,,,,7,13898,,,,23,31826,,,,26,3005,,,,9,22042,,,,4,27256,,,,6,32157,,,,,,,,,,,,,,,,,,,,,,,,,,,,,,,,,,,,,,,,,,,
173719,21-Jul-18,17:06:08,2018-07-21 17:06:08,G,1,5,1935,1007,0,5,-62.5841,-61.1936,06:12.0,FastGPS,-62.5841,-61.1936,,,12.9,-1,,,,15,7,9415,,,,5,7178,,,,9,4806,,,,30,7139,,,,2,20610,,,,,,,,,,,,,,,,,,,,,,,,,,,,,,,,,,,,,,,,,,,,,,,,,,,,,
173719,21-Jul-18,17:39:26,2018-07-21 17:39:26,G,1,5,1936,1007,0,5,-62.5902,-61.1984,39:29.5,FastGPS,-62.5902,-61.1984,,,11.5,-1.5,,,,15,7,27561,,,,9,4784,,,,30,21992,,,,5,5712,,,,8,18680,,,,,,,,,,,,,,,,,,,,,,,,,,,,,,,,,,,,,,,,,,,,,,,,,,,,,
173719,21-Jul-18,18:09:00,2018-07-21 18:09:00,G,2,5,1937,1007,0,6,-62.5888,-61.1849,09:04.5,FastGPS,-62.5888,-61.1849,,,4.9,-0.5,,,,15,5,29747,,,,30,1444,,,,7,13719,,,,27,32528,,,,13,32392,,,,8,20662,,,,,,,,,,,,,,,,,,,,,,,,,,,,,,,,,,,,,,,,,,,,,,,,
173719,21-Jul-18,18:40:10,2018-07-21 18:40:10,G,2,5,1938,1007,0,6,-62.5867,-61.1805,40:14.5,FastGPS,-62.5867,-61.1805,,,3.4,-0.5,,,,15,7,12597,,,,30,28527,,,,27,13177,,,,28,31394,,,,5,26560,,,,8,13946,,,,,,,,,,,,,,,,,,,,,,,,,,,,,,,,,,,,,,,,,,,,,,,,
173719,21-Jul-18,19:26:01,2018-07-21 19:26:01,G,2,5,1939,1008,0,6,-62.5862,-61.2034,26:06.0,FastGPS,-62.5862,-61.2034,,,9.4,0,,,,15,13,5270,,,,5,11391,,,,28,12015,,,,15,11164,,,,7,5829,,,,8,8927,,,,,,,,,,,,,,,,,,,,,,,,,,,,,,,,,,,,,,,,,,,,,,,,
173719,21-Jul-18,20:30:15,2018-07-21 20:30:15,G,1,5,1941,,0,9,-62.5923,-61.2342,30:18.5,FastGPS,-62.5923,-61.2342,,,9.2,-1.5,,,,15,15,30828,,,,13,10278,,,,17,24642,,,,10,26270,,,,28,21656,,,,20,15860,,,,30,11195,,,,8,8228,,,,24,25622,,,,,,,,,,,,,,,,,,,,,,,,,,,,,,,,,
173719,21-Jul-18,22:02:03,2018-07-21 22:02:03,G,1,5,1944,1008,0,8,-62.6021,-61.2645,02:07.0,FastGPS,-62.6021,-61.2645,,,8.2,-1,,,,15,17,17695,,,,19,4476,,,,15,2497,,,,12,1916,,,,13,6169,,,,24,26442,,,,10,30926,,,,28,18541,,,,,,,,,,,,,,,,,,,,,,,,,,,,,,,,,,,,,,
173719,21-Jul-18,23:04:38,2018-07-21 23:04:38,G,1,5,1945,1010,0,7,-62.6039,-61.2474,04:41.5,FastGPS,-62.6039,-61.2474,,,6.8,-1.5,,,,15,12,12805,,,,17,30712,,,,32,1281,,,,24,2870,,,,6,2682,,,,1,16292,,,,19,28610,,,,,,,,,,,,,,,,,,,,,,,,,,,,,,,,,,,,,,,,,,,
173719,21-Jul-18,23:38:06,2018-07-21 23:38:06,G,1,5,1946,,0,9,-62.6054,-61.2201,38:10.0,FastGPS,-62.6054,-61.2201,,,8.4,-1,,,,15,17,17390,,,,32,8603,,,,12,14809,,,,22,27026,,,,19,1974,,,,6,17658,,,,14,26186,,,,25,8566,,,,24,17546,,,,,,,,,,,,,,,,,,,,,,,,,,,,,,,,,
173719,22-Jul-18,0:08:21,2018-07-22 00:08:21,G,1,5,1947,,0,9,-62.6078,-61.1749,08:25.0,FastGPS,-62.6078,-61.1749,,,5.6,-1,,,,15,32,3052,,,,19,9101,,,,6,26999,,,,12,17389,,,,17,20744,,,,2,24410,,,,14,26239,,,,25,25556,,,,22,22646,,,,,,,,,,,,,,,,,,,,,,,,,,,,,,,,,
173719,22-Jul-18,0:38:00,2018-07-22 00:38:00,G,1,5,1948,1010,0,4,-62.6291,-61.1306,00:14.9,FastGPS,-62.6139,-61.1469,,,1.1,-1,,,,15,12,13712,,,,19,13911,,,,3,16428,,,,17,3027,,,,,,,,,,,,,,,,,,,,,,,,,,,,,,,,,,,,,,,,,,,,,,,,,,,,,,,,,,
173719,22-Jul-18,1:08:15,2018-07-22 01:08:15,G,1,5,1949,,0,9,-62.6209,-61.1457,08:18.5,FastGPS,-62.6209,-61.1457,,,7.1,-1.5,,,,15,31,1490,,,,12,2654,,,,25,16061,,,,2,16432,,,,29,32452,,,,3,4719,,,,14,32481,,,,32,13569,,,,19,21349,,,,,,,,,,,,,,,,,,,,,,,,,,,,,,,,,
173719,22-Jul-18,1:54:30,2018-07-22 01:54:30,G,1,5,1950,1011,0,7,-62.6302,-61.1462,54:33.9,FastGPS,-62.6302,-61.1462,,1,12.1,-1.1,,,,15,29,27362,,,,31,20850,,,,25,8305,,,,12,26186,,,,2,29778,,,,4,27994,,,,23,9047,,,,,,,,,,,,,,,,,,,,,,,,,,,,,,,,,,,,,,,,,,,
173719,22-Jul-18,2:24:35,2018-07-22 02:24:35,G,2,5,1951,1011,0,7,-62.6332,-61.1398,24:38.9,FastGPS,-62.6332,-61.1398,,1,4.6,-1,,,,15,31,12180,,,,4,6858,,,,29,32362,,,,23,16893,,,,6,22087,,,,5,10771,,,,26,20915,,,,,,,,,,,,,,,,,,,,,,,,,,,,,,,,,,,,,,,,,,,
173719,22-Jul-18,3:13:05,2018-07-22 03:13:05,G,1,5,1952,1012,0,4,-62.634,-61.117,7/22/2018 11:35,A,,,,,,,,,,15,4,3805,,,,2,9547,,,,29,26598,,,,5,30581,,,,,,,,,,,,,,,,,,,,,,,,,,,,,,,,,,,,,,,,,,,,,,,,,,,,,,,,,,
173719,22-Jul-18,6:25:52,2018-07-22 06:25:52,G,1,5,1956,1013,0,5,-62.6299,-61.1307,25:55.5,FastGPS,-62.6299,-61.1307,,,4.9,-1.5,,,,15,15,13202,,,,27,6404,,,,21,25206,,,,13,29820,,,,16,25639,,,,,,,,,,,,,,,,,,,,,,,,,,,,,,,,,,,,,,,,,,,,,,,,,,,,,
173719,22-Jul-18,6:57:31,2018-07-22 06:57:31,G,2,5,1957,1013,0,5,-62.6301,-61.1308,57:34.5,FastGPS,-62.6301,-61.1308,,,3.6,-1.5,,,,15,13,15674,,,,27,1501,,,,20,1529,,,,15,25770,,,,21,2650,,,,,,,,,,,,,,,,,,,,,,,,,,,,,,,,,,,,,,,,,,,,,,,,,,,,,
173719,22-Jul-18,7:57:50,2018-07-22 07:57:50,G,2,5,1958,1015,0,4,-62.634,-61.117,7/22/2018 11:35,A,-62.6299,-61.1311,,,1,-1.6,,,,15,27,1752,,,,18,30288,,,,10,11684,,,,8,31905,,,,,,,,,,,,,,,,,,,,,,,,,,,,,,,,,,,,,,,,,,,,,,,,,,,,,,,,,,
173719,22-Jul-18,8:29:07,2018-07-22 08:29:07,G,1,5,1959,1015,0,5,-62.6299,-61.1291,29:11.0,FastGPS,-62.6299,-61.1291,,,3.4,-1,,,,15,8,7116,,,,15,27696,,,,18,20246,,,,27,11038,,,,20,8871,,,,,,,,,,,,,,,,,,,,,,,,,,,,,,,,,,,,,,,,,,,,,,,,,,,,,
173719,22-Jul-18,8:59:00,2018-07-22 08:59:00,G,1,5,1960,,0,9,-62.6305,-61.1308,59:03.5,FastGPS,-62.6305,-61.1308,,,14,-1.5,,,,15,18,19097,,,,11,25065,,,,8,29286,,,,28,9052,,,,10,32472,,,,20,14304,,,,1,9781,,,,27,13920,,,,24,19267,,,,,,,,,,,,,,,,,,,,,,,,,,,,,,,,,
173719,22-Jul-18,9:29:00,2018-07-22 09:29:00,G,1,5,1961,,0,9,-62.6306,-61.1306,29:04.5,FastGPS,-62.6306,-61.1306,,,7.2,-0.5,,,,15,11,24707,,,,18,16437,,,,10,18026,,,,32,29369,,,,1,21276,,,,28,9542,,,,20,18250,,,,8,25548,,,,24,19446,,,,,,,,,,,,,,,,,,,,,,,,,,,,,,,,,
173719,22-Jul-18,10:00:10,2018-07-22 10:00:10,G,2,5,1962,1015,0,4,-62.6332,-61.1399,24:38.9,FastGPS,-62.6291,-61.1306,,,0.3,-0.1,,,,15,10,6878,,,,1,24266,,,,18,24483,,,,32,12322,,,,,,,,,,,,,,,,,,,,,,,,,,,,,,,,,,,,,,,,,,,,,,,,,,,,,,,,,,
173719,22-Jul-18,10:45:00,2018-07-22 10:45:00,G,2,5,1963,,0,9,-62.6304,-61.1322,45:04.0,FastGPS,-62.6304,-61.1322,,,10,-1,,,,15,32,1952,,,,17,31178,,,,3,9643,,,,31,27669,,,,14,26062,,,,28,4954,,,,11,5664,,,,22,29879,,,,1,27309,,,,,,,,,,,,,,,,,,,,,,,,,,,,,,,,,
173719,22-Jul-18,11:15:10,2018-07-22 11:15:10,G,2,5,1964,1016,0,5,-62.6307,-61.1273,15:13.5,FastGPS,-62.6307,-61.1273,,,2.9,-1.5,,,,15,17,1304,,,,3,16586,,,,11,19216,,,,1,8350,,,,22,30584,,,,,,,,,,,,,,,,,,,,,,,,,,,,,,,,,,,,,,,,,,,,,,,,,,,,,
173719,22-Jul-18,12:18:01,2018-07-22 12:18:01,G,1,5,1965,1018,0,7,-62.6307,-61.1294,18:04.5,FastGPS,-62.6307,-61.1294,,,7.9,-1.5,,,,15,17,11142,,,,12,14813,,,,1,26803,,,,3,20486,,,,19,18610,,,,22,10970,,,,14,26886,,,,,,,,,,,,,,,,,,,,,,,,,,,,,,,,,,,,,,,,,,,
173719,22-Jul-18,22:22:06,2018-07-22 22:22:06,G,1,5,1969,1020,0,6,-62.6225,-61.1441,22:10.5,FastGPS,-62.6225,-61.1441,,,2.9,-0.5,,,,15,17,28836,,,,15,18808,,,,13,19459,,,,24,1185,,,,19,31218,,,,12,30725,,,,,,,,,,,,,,,,,,,,,,,,,,,,,,,,,,,,,,,,,,,,,,,,
173719,23-Jul-18,7:04:31,2018-07-23 07:04:31,G,1,5,1972,,0,9,-62.6419,-61.1551,04:35.5,FastGPS,-62.6419,-61.1551,,,14.3,-0.5,,,,15,20,23278,,,,21,9936,,,,27,28757,,,,10,24300,,,,16,26817,,,,7,17246,,,,8,15965,,,,15,14406,,,,13,14520,,,,,,,,,,,,,,,,,,,,,,,,,,,,,,,,,
173719,23-Jul-18,7:35:27,2018-07-23 07:35:27,G,1,5,1973,1021,0,7,-62.6332,-61.18,35:31.5,FastGPS,-62.6332,-61.18,,,14.5,-0.5,,,,15,10,16713,,,,20,28966,,,,21,23286,,,,15,19268,,,,27,17146,,,,18,24610,,,,16,752,,,,,,,,,,,,,,,,,,,,,,,,,,,,,,,,,,,,,,,,,,,
173719,23-Jul-18,8:05:30,2018-07-23 08:05:30,G,1,5,1974,,0,9,-62.6222,-61.2096,05:34.0,FastGPS,-62.6222,-61.2096,,,8,-1,,,,15,10,18325,,,,27,13432,,,,20,13984,,,,8,15010,,,,11,9804,,,,32,20630,,,,21,5052,,,,18,6940,,,,15,2434,,,,,,,,,,,,,,,,,,,,,,,,,,,,,,,,,
173719,23-Jul-18,9:05:59,2018-07-23 09:05:59,G,1,5,1976,,0,9,-62.6155,-61.2746,06:03.0,FastGPS,-62.6155,-61.2746,,,7.4,-1,,,,15,11,29899,,,,10,16447,,,,32,24097,,,,27,8818,,,,14,13218,,,,18,22993,,,,8,19144,,,,22,19938,,,,1,29657,,,,,,,,,,,,,,,,,,,,,,,,,,,,,,,,,
173719,23-Jul-18,10:31:48,2018-07-23 10:31:48,G,1,5,1978,,0,9,-62.5934,-61.355,31:52.5,FastGPS,-62.5934,-61.355,,,7.4,-0.5,,,,15,17,26108,,,,18,25259,,,,1,6268,,,,11,5140,,,,14,3642,,,,22,27424,,,,8,16150,,,,24,17990,,,,32,4663,,,,,,,,,,,,,,,,,,,,,,,,,,,,,,,,,
173719,23-Jul-18,11:32:01,2018-07-23 11:32:01,G,1,5,1979,,0,9,-62.6165,-61.3058,32:06.0,FastGPS,-62.6165,-61.3058,,,8.8,0,,,,15,17,10309,,,,31,12125,,,,32,11249,,,,19,8314,,,,14,497,,,,22,12041,,,,12,22438,,,,3,918,,,,1,14918,,,,,,,,,,,,,,,,,,,,,,,,,,,,,,,,,
173719,23-Jul-18,12:21:54,2018-07-23 12:21:54,G,2,5,1980,1024,0,4,-62.6318,-61.2874,28:33.0,FastGPS,-62.6174,-61.2887,,,0.3,-0.5,,,,15,3,32142,,,,17,29858,,,,19,26707,,,,22,4200,,,,,,,,,,,,,,,,,,,,,,,,,,,,,,,,,,,,,,,,,,,,,,,,,,,,,,,,,,
173719,23-Jul-18,15:50:03,2018-07-23 15:50:03,G,1,5,1984,,0,9,-62.6171,-61.3022,50:07.5,FastGPS,-62.6171,-61.3022,,,8.8,-0.5,,,,15,23,30390,,,,7,18757,,,,9,9558,,,,5,18558,,,,2,23000,,,,29,7482,,,,16,4291,,,,30,20529,,,,6,32580,,,,,,,,,,,,,,,,,,,,,,,,,,,,,,,,,
173719,23-Jul-18,16:20:41,2018-07-23 16:20:41,G,1,5,1985,,0,9,-62.6242,-61.3007,20:45.5,FastGPS,-62.6242,-61.3007,,1,5.7,-0.5,,,,15,7,32696,,,,5,20647,,,,4,5701,,,,29,3443,,,,16,18364,,,,2,23074,,,,9,18729,,,,30,12629,,,,23,20966,,,,,,,,,,,,,,,,,,,,,,,,,,,,,,,,,
173719,23-Jul-18,16:54:47,2018-07-23 16:54:47,G,1,5,1986,1028,0,6,-62.6292,-61.2947,54:51.6,FastGPS,-62.6292,-61.2947,,,9.8,-0.4,,,,15,5,16026,,,,9,28818,,,,23,25085,,,,30,11393,,,,7,22058,,,,16,24016,,,,,,,,,,,,,,,,,,,,,,,,,,,,,,,,,,,,,,,,,,,,,,,,
173719,23-Jul-18,17:28:28,2018-07-23 17:28:28,G,1,5,1987,1028,0,7,-62.6318,-61.2874,28:33.0,FastGPS,-62.6318,-61.2874,,,2.4,0,,,,15,5,2848,,,,16,23054,,,,7,28105,,,,27,19731,,,,9,12836,,,,30,14096,,,,8,6272,,,,,,,,,,,,,,,,,,,,,,,,,,,,,,,,,,,,,,,,,,,
173719,23-Jul-18,18:34:55,2018-07-23 18:34:55,G,1,5,1989,1028,0,7,-62.6328,-61.3014,34:58.5,FastGPS,-62.6328,-61.3014,,,5.9,-1.5,,,,15,7,9183,,,,28,18171,,,,30,1142,,,,15,1286,,,,13,11090,,,,5,26383,,,,8,25040,,,,,,,,,,,,,,,,,,,,,,,,,,,,,,,,,,,,,,,,,,,
173719,23-Jul-18,22:04:53,2018-07-23 22:04:53,G,1,5,1995,1029,0,8,-62.6154,-61.3035,04:57.0,FastGPS,-62.6154,-61.3035,,,14.3,-1,,,,15,17,24797,,,,28,29420,,,,19,32248,,,,13,16704,,,,1,7176,,,,15,31646,,,,12,12696,,,,24,13346,,,,,,,,,,,,,,,,,,,,,,,,,,,,,,,,,,,,,,
173719,24-Jul-18,3:21:00,2018-07-24 03:21:00,G,2,5,2001,1038,1,6,-62.6215,-61.2675,21:03.5,FastGPS,-62.6215,-61.2675,,,4.3,-1.5,,,,15,25,18306,,,,5,18805,,,,29,14162,,,,21,1474,,,,2,27215,,,,31,10274,,,,,,,,,,,,,,,,,,,,,,,,,,,,,,,,,,,,,,,,,,,,,,,,
173719,25-Jul-18,16:05:16,2018-07-25 16:05:16,G,2,5,2004,1039,0,6,-62.6191,-61.2834,05:20.5,FastGPS,-62.6191,-61.2834,,1,2.5,-0.5,,,,15,23,28482,,,,9,6833,,,,7,22077,,,,16,31708,,,,4,7666,,,,26,25619,,,,,,,,,,,,,,,,,,,,,,,,,,,,,,,,,,,,,,,,,,,,,,,,
173719,25-Jul-18,21:02:08,2018-07-25 21:02:08,G,3,5,2010,1045,0,8,-62.6103,-61.2884,02:13.0,FastGPS,-62.6103,-61.2884,,,8.8,0,,,,15,28,16252,,,,11,11202,,,,13,11284,,,,15,8778,,,,17,32654,,,,19,27354,,,,30,30386,,,,1,3877,,,,,,,,,,,,,,,,,,,,,,,,,,,,,,,,,,,,,,
173719,25-Jul-18,21:32:02,2018-07-25 21:32:02,G,1,5,2011,1045,0,7,-62.5893,-61.2877,32:06.0,FastGPS,-62.5893,-61.2877,,,1.9,-1,,,,15,1,14756,,,,18,15116,,,,11,27354,,,,28,28282,,,,13,16762,,,,17,10456,,,,19,6980,,,,,,,,,,,,,,,,,,,,,,,,,,,,,,,,,,,,,,,,,,,
173719,26-Jul-18,2:03:10,2018-07-26 02:03:10,G,2,5,2014,1050,0,8,-62.4942,-61.4221,03:14.6,FastGPS,-62.4942,-61.4221,,1,6.2,-0.4,,,,15,29,6661,,,,12,942,,,,25,32506,,,,4,4759,,,,31,27394,,,,2,16947,,,,26,16668,,,,14,11204,,,,,,,,,,,,,,,,,,,,,,,,,,,,,,,,,,,,,,
173719,26-Jul-18,3:30:58,2018-07-26 03:30:58,G,1,5,2016,1050,0,8,-62.5002,-61.4108,31:02.0,FastGPS,-62.5002,-61.4108,,1,12.9,-1,,,,15,5,12968,,,,26,9661,,,,4,3475,,,,29,3840,,,,16,24466,,,,2,9178,,,,31,19984,,,,25,13076,,,,,,,,,,,,,,,,,,,,,,,,,,,,,,,,,,,,,,
173719,26-Jul-18,4:16:09,2018-07-26 04:16:09,G,1,5,2017,1051,0,6,-62.4977,-61.4016,16:12.6,FastGPS,-62.4977,-61.4016,,1,1.7,-1.4,,,,15,21,29118,,,,16,22522,,,,26,3332,,,,4,20950,,,,29,8886,,,,31,18566,,,,,,,,,,,,,,,,,,,,,,,,,,,,,,,,,,,,,,,,,,,,,,,,
173719,26-Jul-18,5:48:42,2018-07-26 05:48:42,G,1,5,2020,,0,9,-62.5043,-61.4351,48:47.0,FastGPS,-62.5043,-61.4351,,1,10.7,0,,,,15,20,27030,,,,29,5755,,,,15,22300,,,,4,8014,,,,10,22266,,,,26,26266,,,,16,30010,,,,13,5235,,,,21,18788,,,,,,,,,,,,,,,,,,,,,,,,,,,,,,,,,
173719,26-Jul-18,6:31:58,2018-07-26 06:31:58,G,3,5,2021,,0,9,-62.4958,-61.4648,32:02.6,FastGPS,-62.4958,-61.4648,,,7,-0.4,,,,15,16,11298,,,,10,27040,,,,7,11341,,,,26,12369,,,,20,10626,,,,27,6578,,,,8,12878,,,,30,28821,,,,13,7820,,,,,,,,,,,,,,,,,,,,,,,,,,,,,,,,,
173719,26-Jul-18,7:52:20,2018-07-26 07:52:20,G,1,5,2022,,0,9,-62.5064,-61.4591,52:25.0,FastGPS,-62.5064,-61.4591,,,6,0,,,,15,15,20328,,,,8,32118,,,,21,25779,,,,10,2488,,,,18,22457,,,,11,25045,,,,20,32094,,,,27,444,,,,24,9081,,,,,,,,,,,,,,,,,,,,,,,,,,,,,,,,,
173719,26-Jul-18,9:39:38,2018-07-26 09:39:38,G,1,5,2024,,0,9,-62.5214,-61.4129,39:42.6,FastGPS,-62.5214,-61.4129,,,9.8,-0.4,,,,15,1,30403,,,,11,17024,,,,10,6216,,,,18,6629,,,,28,19699,,,,8,17404,,,,22,30850,,,,24,1308,,,,20,11057,,,,,,,,,,,,,,,,,,,,,,,,,,,,,,,,,
173719,26-Jul-18,10:40:00,2018-07-26 10:40:00,G,1,5,2026,,0,9,-62.5522,-61.3108,40:05.0,FastGPS,-62.5522,-61.3108,,,10.7,0,,,,15,10,20086,,,,1,319,,,,17,25743,,,,11,19105,,,,22,21162,,,,3,14686,,,,19,18797,,,,18,5394,,,,32,7424,,,,,,,,,,,,,,,,,,,,,,,,,,,,,,,,,
173719,26-Jul-18,11:10:27,2018-07-26 11:10:27,G,1,5,2027,,0,9,-62.5708,-61.273,10:32.0,FastGPS,-62.5708,-61.273,,,7.8,0,,,,15,32,20531,,,,12,15739,,,,17,13278,,,,3,16466,,,,22,11196,,,,19,23345,,,,11,20261,,,,1,18,,,,14,21910,,,,,,,,,,,,,,,,,,,,,,,,,,,,,,,,,
173719,26-Jul-18,11:46:14,2018-07-26 11:46:14,G,2,5,2028,,0,9,-62.5867,-61.2165,46:19.0,FastGPS,-62.5867,-61.2165,,,5.6,0,,,,15,17,29663,,,,3,23815,,,,32,31475,,,,22,15379,,,,25,32250,,,,19,26867,,,,14,2909,,,,12,10090,,,,1,30136,,,,,,,,,,,,,,,,,,,,,,,,,,,,,,,,,
173719,26-Jul-18,18:49:09,2018-07-26 18:49:09,G,1,5,2037,1059,0,6,-62.6273,-61.1951,49:12.5,FastGPS,-62.6273,-61.1951,,,9.6,-1.5,,,,15,30,4614,,,,13,10258,,,,27,3058,,,,8,13413,,,,7,8180,,,,28,25389,,,,,,,,,,,,,,,,,,,,,,,,,,,,,,,,,,,,,,,,,,,,,,,,
173719,26-Jul-18,19:19:01,2018-07-26 19:19:01,G,1,5,2038,,0,9,-62.6366,-61.187,19:05.0,FastGPS,-62.6366,-61.187,,,14.1,-1,,,,15,15,19262,,,,5,16792,,,,13,14775,,,,28,6364,,,,20,12342,,,,7,6902,,,,27,9570,,,,30,1668,,,,11,14844,,,,,,,,,,,,,,,,,,,,,,,,,,,,,,,,,
173719,26-Jul-18,21:13:44,2018-07-26 21:13:44,G,1,5,2040,,0,9,-62.6515,-61.1934,13:48.5,FastGPS,-62.6515,-61.1934,,,9.9,-0.5,,,,15,17,11552,,,,15,16716,,,,28,22694,,,,19,21202,,,,12,29265,,,,13,12249,,,,24,826,,,,10,8352,,,,20,14487,,,,,,,,,,,,,,,,,,,,,,,,,,,,,,,,,
173719,27-Jul-18,1:39:08,2018-07-27 01:39:08,G,2,5,2047,1065,0,5,-62.5335,-61.4302,39:13.0,FastGPS,-62.5335,-61.4302,,,0.4,0,,,,15,12,1376,,,,29,7475,,,,25,3364,,,,2,23970,,,,31,25760,,,,,,,,,,,,,,,,,,,,,,,,,,,,,,,,,,,,,,,,,,,,,,,,,,,,,
173719,27-Jul-18,2:09:11,2018-07-27 02:09:11,G,3,5,2048,1065,0,7,-62.5145,-61.4534,7/27/2018 2:09,FastGPS,-62.5145,-61.4534,,,11.4,-1,,,,15,2,31986,,,,29,28626,,,,12,22698,,,,5,12086,,,,31,31411,,,,25,18327,,,,6,14378,,,,,,,,,,,,,,,,,,,,,,,,,,,,,,,,,,,,,,,,,,,
173719,27-Jul-18,2:39:16,2018-07-27 02:39:16,G,1,5,2049,1065,0,6,-62.4956,-61.4581,39:20.0,FastGPS,-62.4956,-61.4581,,1,7.6,-1,,,,15,2,18290,,,,29,10759,,,,5,17542,,,,25,21960,,,,31,15354,,,,4,21614,,,,,,,,,,,,,,,,,,,,,,,,,,,,,,,,,,,,,,,,,,,,,,,,
173719,27-Jul-18,3:34:06,2018-07-27 03:34:06,G,3,5,2050,,0,9,-62.4791,-61.4652,34:11.0,FastGPS,-62.4791,-61.4652,,,7.7,0,,,,15,29,4998,,,,25,24130,,,,21,11998,,,,31,3409,,,,16,31528,,,,4,23589,,,,26,3512,,,,5,28498,,,,9,31001,,,,,,,,,,,,,,,,,,,,,,,,,,,,,,,,,
173719,27-Jul-18,4:04:03,2018-07-27 04:04:03,G,1,5,2051,1065,0,7,-62.475,-61.479,7/27/2018 4:04,FastGPS,-62.475,-61.479,,1,7.6,0,,,,15,5,23505,,,,21,12796,,,,29,11236,,,,25,11836,,,,31,5336,,,,4,5780,,,,26,13447,,,,,,,,,,,,,,,,,,,,,,,,,,,,,,,,,,,,,,,,,,,
173719,27-Jul-18,6:58:54,2018-07-27 06:58:54,G,1,5,2056,1066,0,6,-62.429,-61.4639,58:59.0,FastGPS,-62.429,-61.4639,,,1.9,0,,,,15,15,20964,,,,21,5958,,,,10,31125,,,,13,30518,,,,27,11138,,,,16,23694,,,,,,,,,,,,,,,,,,,,,,,,,,,,,,,,,,,,,,,,,,,,,,,,
173719,27-Jul-18,7:30:14,2018-07-27 07:30:14,G,1,5,2057,,0,9,-62.4338,-61.4487,30:18.5,FastGPS,-62.4338,-61.4487,,,11,-0.5,,,,15,27,1962,,,,10,27461,,,,8,10418,,,,18,28949,,,,20,7170,,,,30,21624,,,,21,26593,,,,15,28600,,,,11,30856,,,,,,,,,,,,,,,,,,,,,,,,,,,,,,,,,
173719,27-Jul-18,8:00:06,2018-07-27 08:00:06,G,1,5,2058,1066,0,4,-62.6295,-61.2045,58:20.0,FastGPS,-62.4325,-61.4681,,,0.4,-0.5,,,,15,8,18673,,,,10,12740,,,,27,16228,,,,18,7092,,,,,,,,,,,,,,,,,,,,,,,,,,,,,,,,,,,,,,,,,,,,,,,,,,,,,,,,,,
173719,27-Jul-18,9:15:57,2018-07-27 09:15:57,G,1,5,2059,,0,9,-62.4333,-61.4559,16:01.6,FastGPS,-62.4333,-61.4559,,,7.1,-0.4,,,,15,32,18734,,,,8,10812,,,,11,12695,,,,14,27600,,,,18,3717,,,,10,31760,,,,27,12710,,,,22,1626,,,,1,21544,,,,,,,,,,,,,,,,,,,,,,,,,,,,,,,,,
173719,27-Jul-18,9:46:12,2018-07-27 09:46:12,G,2,5,2060,1069,0,8,-62.429,-61.4715,46:16.5,FastGPS,-62.429,-61.4715,,,15,-0.5,,,,15,32,1878,,,,10,30264,,,,14,19588,,,,3,26871,,,,11,26710,,,,18,15604,,,,8,8548,,,,27,2226,,,,,,,,,,,,,,,,,,,,,,,,,,,,,,,,,,,,,,
173719,27-Jul-18,10:46:22,2018-07-27 10:46:22,G,2,5,2061,,0,9,-62.4374,-61.4622,46:26.5,FastGPS,-62.4374,-61.4622,,,11.3,-0.5,,,,15,32,7061,,,,22,4704,,,,14,25992,,,,1,30986,,,,18,12720,,,,31,4950,,,,11,27437,,,,3,12259,,,,8,18214,,,,,,,,,,,,,,,,,,,,,,,,,,,,,,,,,
173719,27-Jul-18,12:46:11,2018-07-27 12:46:11,G,1,5,2064,,0,9,-62.4617,-61.4232,46:15.0,FastGPS,-62.4617,-61.4232,,,11.6,-1,,,,15,17,2806,,,,23,5305,,,,19,12139,,,,6,13595,,,,3,12744,,,,31,29729,,,,9,18296,,,,25,32415,,,,12,10327,,,,,,,,,,,,,,,,,,,,,,,,,,,,,,,,,
173719,27-Jul-18,13:51:17,2018-07-27 13:51:17,G,1,5,2066,,0,9,-62.5201,-61.3482,51:21.0,FastGPS,-62.5201,-61.3482,,1,9.7,-1,,,,15,6,21868,,,,9,27722,,,,23,12540,,,,2,13744,,,,31,12990,,,,19,19932,,,,4,13856,,,,25,19336,,,,3,6698,,,,,,,,,,,,,,,,,,,,,,,,,,,,,,,,,
173719,27-Jul-18,14:25:27,2018-07-27 14:25:27,G,1,5,2067,,0,9,-62.532,-61.3185,25:30.5,FastGPS,-62.532,-61.3185,,1,6.6,-1.5,,,,15,6,31111,,,,26,12346,,,,9,16809,,,,2,9551,,,,4,23715,,,,29,11765,,,,31,9704,,,,23,29607,,,,16,4755,,,,,,,,,,,,,,,,,,,,,,,,,,,,,,,,,
173719,27-Jul-18,18:07:43,2018-07-27 18:07:43,G,2,5,2073,1075,0,5,-62.6218,-61.2194,7/27/2018 18:07,FastGPS,-62.6218,-61.2194,,,11.3,-1,,,,15,5,25717,,,,13,16635,,,,27,31,,,,30,10900,,,,7,17443,,,,,,,,,,,,,,,,,,,,,,,,,,,,,,,,,,,,,,,,,,,,,,,,,,,,,
173719,27-Jul-18,18:58:16,2018-07-27 18:58:16,G,1,5,2074,1076,0,4,-62.4986,-61.3796,17:58.5,FastGPS,-62.6295,-61.2045,,,0.4,-1,,,,15,13,32189,,,,5,23426,,,,30,11755,,,,28,1000,,,,,,,,,,,,,,,,,,,,,,,,,,,,,,,,,,,,,,,,,,,,,,,,,,,,,,,,,,
173719,28-Jul-18,0:17:55,2018-07-28 00:17:55,G,1,5,2081,1082,0,5,-62.4986,-61.3796,17:58.5,FastGPS,-62.4986,-61.3796,,,2,-1.5,,,,15,12,780,,,,6,10123,,,,19,21036,,,,29,14547,,,,2,26826,,,,,,,,,,,,,,,,,,,,,,,,,,,,,,,,,,,,,,,,,,,,,,,,,,,,,
173719,28-Jul-18,0:49:55,2018-07-28 00:49:55,G,1,5,2082,1082,0,6,-62.472,-61.4057,49:58.5,FastGPS,-62.472,-61.4057,,,8.7,-1.5,,,,15,12,14460,,,,6,8001,,,,2,23264,,,,29,20921,,,,19,19660,,,,25,20375,,,,,,,,,,,,,,,,,,,,,,,,,,,,,,,,,,,,,,,,,,,,,,,,
173719,28-Jul-18,1:23:30,2018-07-28 01:23:30,G,2,5,2083,1082,0,6,-62.4561,-61.4483,23:33.5,FastGPS,-62.4561,-61.4483,,,9.6,-1.4,,,,15,29,262,,,,12,4779,,,,2,19813,,,,6,2060,,,,25,515,,,,4,25661,,,,,,,,,,,,,,,,,,,,,,,,,,,,,,,,,,,,,,,,,,,,,,,,
173719,28-Jul-18,1:59:19,2018-07-28 01:59:19,G,2,5,2084,1082,0,7,-62.4332,-61.4727,59:22.5,FastGPS,-62.4332,-61.4727,,1,10.2,-1.5,,,,15,12,5470,,,,2,750,,,,5,14326,,,,29,7527,,,,31,20316,,,,25,17801,,,,4,11811,,,,,,,,,,,,,,,,,,,,,,,,,,,,,,,,,,,,,,,,,,,
173719,28-Jul-18,2:48:15,2018-07-28 02:48:15,G,1,5,2085,1082,0,6,-62.4384,-61.4724,48:18.5,FastGPS,-62.4384,-61.4724,,,8.9,-1.4,,,,15,2,22855,,,,5,7370,,,,12,9084,,,,25,2992,,,,29,6220,,,,31,12288,,,,,,,,,,,,,,,,,,,,,,,,,,,,,,,,,,,,,,,,,,,,,,,,
173719,28-Jul-18,7:08:29,2018-07-28 07:08:29,G,1,5,2091,,0,9,-62.4103,-61.491,08:33.0,FastGPS,-62.4103,-61.491,,,9.7,-1,,,,15,10,6103,,,,27,21081,,,,16,2640,,,,8,9946,,,,20,1963,,,,21,19988,,,,18,2644,,,,7,11706,,,,30,2741,,,,,,,,,,,,,,,,,,,,,,,,,,,,,,,,,
173719,28-Jul-18,10:36:00,2018-07-28 10:36:00,G,1,5,2096,,0,9,-62.4752,-61.4488,36:03.5,FastGPS,-62.4752,-61.4488,,,8.2,-1.5,,,,15,1,27355,,,,22,22446,,,,11,4497,,,,3,21652,,,,10,23196,,,,31,11202,,,,32,21654,,,,17,27648,,,,18,22992,,,,,,,,,,,,,,,,,,,,,,,,,,,,,,,,,
173719,28-Jul-18,12:07:59,2018-07-28 12:07:59,G,1,5,2099,,0,9,-62.5099,-61.3642,7/28/2018 12:08,FastGPS,-62.5099,-61.3642,,,8.1,0,,,,15,17,1880,,,,12,25171,,,,3,26262,,,,32,19820,,,,6,2268,,,,25,23654,,,,19,16592,,,,23,25548,,,,22,16518,,,,,,,,,,,,,,,,,,,,,,,,,,,,,,,,,
173719,28-Jul-18,12:40:17,2018-07-28 12:40:17,G,1,5,2100,,0,9,-62.5302,-61.3195,7/28/2018 12:40,FastGPS,-62.5302,-61.3195,,,8.2,-1,,,,15,31,32560,,,,17,10407,,,,23,32654,,,,19,15708,,,,6,9094,,,,14,3922,,,,22,29139,,,,3,14954,,,,1,23366,,,,,,,,,,,,,,,,,,,,,,,,,,,,,,,,,
173719,28-Jul-18,13:19:01,2018-07-28 13:19:01,G,1,5,2101,,0,9,-62.5528,-61.2746,19:06.0,FastGPS,-62.5528,-61.2746,,,10.2,0,,,,15,9,4166,,,,31,6210,,,,6,3672,,,,23,25713,,,,4,17686,,,,19,25094,,,,26,27240,,,,3,24508,,,,25,29584,,,,,,,,,,,,,,,,,,,,,,,,,,,,,,,,,
173719,28-Jul-18,22:10:40,2018-07-28 22:10:40,G,2,5,2113,1095,0,5,-62.6647,-61.2459,10:43.5,FastGPS,-62.6647,-61.2459,,,1.6,-1.5,,,,15,17,27693,,,,19,28118,,,,12,22686,,,,15,9262,,,,24,21574,,,,,,,,,,,,,,,,,,,,,,,,,,,,,,,,,,,,,,,,,,,,,,,,,,,,,
173719,28-Jul-18,22:55:08,2018-07-28 22:55:08,G,2,5,2114,1096,0,7,-62.6472,-61.2744,55:12.0,FastGPS,-62.6472,-61.2744,,,13.7,-1,,,,15,17,19103,,,,19,2646,,,,6,20799,,,,12,7592,,,,24,27702,,,,25,2882,,,,32,14136,,,,,,,,,,,,,,,,,,,,,,,,,,,,,,,,,,,,,,,,,,,
173719,28-Jul-18,23:40:05,2018-07-28 23:40:05,G,1,5,2115,1097,0,6,-62.6281,-61.3032,40:09.0,FastGPS,-62.6281,-61.3032,,,6,-1,,,,15,17,24339,,,,19,16961,,,,2,30851,,,,6,2405,,,,24,8690,,,,12,26419,,,,,,,,,,,,,,,,,,,,,,,,,,,,,,,,,,,,,,,,,,,,,,,,
173719,29-Jul-18,0:10:05,2018-07-29 00:10:05,G,1,5,2116,1097,0,7,-62.6119,-61.3186,7/29/2018 0:10,FastGPS,-62.6119,-61.3186,,,5.6,0,,,,15,19,20922,,,,6,28708,,,,12,21707,,,,29,14326,,,,24,23075,,,,2,29623,,,,17,4818,,,,,,,,,,,,,,,,,,,,,,,,,,,,,,,,,,,,,,,,,,,
173719,29-Jul-18,6:42:19,2018-07-29 06:42:19,G,2,5,2118,1097,0,6,-62.4689,-61.4032,42:23.0,FastGPS,-62.4689,-61.4032,,,5.4,-1,,,,15,27,205,,,,8,27551,,,,7,10817,,,,15,15358,,,,10,1954,,,,30,19007,,,,,,,,,,,,,,,,,,,,,,,,,,,,,,,,,,,,,,,,,,,,,,,,
173719,29-Jul-18,11:51:06,2018-07-29 11:51:06,G,1,5,2124,,0,9,-62.6322,-61.1821,7/29/2018 11:51,FastGPS,-62.6322,-61.1821,,,5,-1,,,,15,17,21415,,,,19,580,,,,12,27430,,,,3,3250,,,,32,6418,,,,6,4659,,,,14,32435,,,,31,8908,,,,25,25940,,,,,,,,,,,,,,,,,,,,,,,,,,,,,,,,,
173719,29-Jul-18,12:52:34,2018-07-29 12:52:34,G,2,5,2126,,0,9,-62.6524,-61.1587,52:37.5,FastGPS,-62.6524,-61.1587,,,5.2,-1.5,,,,15,6,20591,,,,31,14909,,,,12,32689,,,,19,15591,,,,25,26192,,,,14,21013,,,,4,10192,,,,22,7064,,,,23,9460,,,,,,,,,,,,,,,,,,,,,,,,,,,,,,,,,
173719,29-Jul-18,13:53:21,2018-07-29 13:53:21,G,4,5,2128,,0,9,-62.6467,-61.1514,53:24.5,FastGPS,-62.6467,-61.1514,,1,5.4,-1.5,,,,15,31,27003,,,,23,29587,,,,16,31013,,,,3,21897,,,,2,30738,,,,4,17080,,,,9,8287,,,,22,23826,,,,29,29409,,,,,,,,,,,,,,,,,,,,,,,,,,,,,,,,,
173719,29-Jul-18,17:34:01,2018-07-29 17:34:01,G,1,5,2133,1102,0,8,-62.674,-61.1882,34:05.0,FastGPS,-62.674,-61.1882,,,6.4,-1,,,,15,7,19949,,,,30,558,,,,27,802,,,,13,26550,,,,8,16736,,,,5,904,,,,9,16446,,,,28,10460,,,,,,,,,,,,,,,,,,,,,,,,,,,,,,,,,,,,,,
173719,29-Jul-18,18:42:00,2018-07-29 18:42:00,G,1,5,2134,,0,9,-62.6965,-61.1921,42:03.5,FastGPS,-62.6965,-61.1921,,,6.3,-1.5,,,,15,5,9639,,,,28,28999,,,,15,17990,,,,13,7138,,,,30,15608,,,,21,12990,,,,20,25252,,,,7,6575,,,,27,11072,,,,,,,,,,,,,,,,,,,,,,,,,,,,,,,,,
173719,29-Jul-18,19:12:00,2018-07-29 19:12:00,G,1,5,2135,1104,0,6,-62.71,-61.2083,12:04.0,FastGPS,-62.71,-61.2083,,,9.1,-1,,,,15,13,3349,,,,5,12251,,,,28,1173,,,,15,21039,,,,7,480,,,,30,5311,,,,,,,,,,,,,,,,,,,,,,,,,,,,,,,,,,,,,,,,,,,,,,,,
173719,29-Jul-18,20:47:53,2018-07-29 20:47:53,G,3,5,2138,1104,0,7,-62.719,-61.2714,47:56.5,FastGPS,-62.719,-61.2714,,,11.8,-1.5,,,,15,17,17727,,,,28,20654,,,,13,13059,,,,19,12581,,,,20,25312,,,,12,16380,,,,24,4631,,,,,,,,,,,,,,,,,,,,,,,,,,,,,,,,,,,,,,,,,,,
173719,29-Jul-18,22:53:59,2018-07-29 22:53:59,G,1,5,2141,1104,0,5,-62.6985,-61.2719,54:03.0,FastGPS,-62.6985,-61.2719,,,16.6,-1,,,,15,17,24976,,,,19,16163,,,,6,13771,,,,12,29529,,,,24,5854,,,,,,,,,,,,,,,,,,,,,,,,,,,,,,,,,,,,,,,,,,,,,,,,,,,,,
173719,29-Jul-18,23:56:00,2018-07-29 23:56:00,G,1,5,2143,,0,9,-62.7072,-61.2148,56:03.5,FastGPS,-62.7072,-61.2148,,,7.5,-1.5,,,,15,32,15172,,,,19,26558,,,,25,5361,,,,14,21396,,,,12,30034,,,,31,18336,,,,3,27,,,,6,28580,,,,17,27274,,,,,,,,,,,,,,,,,,,,,,,,,,,,,,,,,
173719,30-Jul-18,3:48:20,2018-07-30 03:48:20,G,2,5,2150,1105,0,4,-62.6772,-61.1894,7/30/2018 13:51,FastGPS,,,,,,,,,,15,5,7993,,,,29,32154,,,,26,21608,,,,4,17082,,,,,,,,,,,,,,,,,,,,,,,,,,,,,,,,,,,,,,,,,,,,,,,,,,,,,,,,,,
173719,30-Jul-18,4:19:15,2018-07-30 04:19:15,G,1,5,2151,1105,0,6,-62.6338,-61.1387,7/30/2018 4:19,FastGPS,-62.6338,-61.1387,,1,11.7,-1,,,,15,21,19490,,,,26,23877,,,,4,23752,,,,16,1655,,,,29,6379,,,,27,3110,,,,,,,,,,,,,,,,,,,,,,,,,,,,,,,,,,,,,,,,,,,,,,,,
173719,30-Jul-18,4:58:31,2018-07-30 04:58:31,G,1,5,2152,1105,0,8,-62.6383,-61.1668,58:36.0,FastGPS,-62.6383,-61.1668,,,10.7,0,,,,15,26,3572,,,,4,4946,,,,20,192,,,,21,12855,,,,27,14606,,,,29,28899,,,,16,6284,,,,7,17727,,,,,,,,,,,,,,,,,,,,,,,,,,,,,,,,,,,,,,
173719,30-Jul-18,5:30:57,2018-07-30 05:30:57,G,1,5,2153,,0,9,-62.6455,-61.191,31:01.5,FastGPS,-62.6455,-61.191,,,7,-0.5,,,,15,7,11,,,,27,22390,,,,5,6344,,,,16,16310,,,,13,23665,,,,15,4736,,,,30,5155,,,,29,30926,,,,8,22191,,,,,,,,,,,,,,,,,,,,,,,,,,,,,,,,,
173719,30-Jul-18,11:59:32,2018-07-30 11:59:32,G,1,5,2163,,0,9,-62.6627,-61.1685,59:36.5,FastGPS,-62.6627,-61.1685,,,7.3,-0.5,,,,15,31,17217,,,,12,7574,,,,22,30056,,,,17,14884,,,,3,5970,,,,18,16793,,,,14,9060,,,,19,29893,,,,32,3626,,,,,,,,,,,,,,,,,,,,,,,,,,,,,,,,,
173719,30-Jul-18,12:32:08,2018-07-30 12:32:08,G,1,5,2164,,0,9,-62.6573,-61.1555,32:12.5,FastGPS,-62.6573,-61.1555,,,14,-0.5,,,,15,31,27762,,,,3,8895,,,,25,30521,,,,14,31491,,,,23,25268,,,,22,23473,,,,1,16097,,,,11,938,,,,17,3170,,,,,,,,,,,,,,,,,,,,,,,,,,,,,,,,,
173719,30-Jul-18,13:19:25,2018-07-30 13:19:25,G,2,5,2165,1109,0,8,-62.6648,-61.1707,19:30.0,FastGPS,-62.6648,-61.1707,,,4.6,0,,,,15,26,15169,,,,31,9188,,,,3,28232,,,,23,28184,,,,9,26606,,,,22,11050,,,,4,860,,,,19,21669,,,,,,,,,,,,,,,,,,,,,,,,,,,,,,,,,,,,,,
173719,30-Jul-18,13:51:30,2018-07-30 13:51:30,G,1,5,2166,1109,0,8,-62.6772,-61.1894,7/30/2018 13:51,FastGPS,-62.6772,-61.1894,,1,8.7,-1,,,,15,9,23646,,,,2,13666,,,,31,27503,,,,23,5239,,,,6,12245,,,,4,29282,,,,3,22736,,,,26,404,,,,,,,,,,,,,,,,,,,,,,,,,,,,,,,,,,,,,,
173719,30-Jul-18,14:25:42,2018-07-30 14:25:42,G,3,5,2167,1109,0,8,-62.7009,-61.2289,25:46.5,FastGPS,-62.7009,-61.2289,,1,5.2,-0.5,,,,15,29,15946,,,,6,16052,,,,9,15408,,,,7,27405,,,,31,30958,,,,2,6149,,,,23,20522,,,,4,3904,,,,,,,,,,,,,,,,,,,,,,,,,,,,,,,,,,,,,,
173719,30-Jul-18,15:30:18,2018-07-30 15:30:18,G,1,5,2169,,0,9,-62.712,-61.3001,30:23.0,FastGPS,-62.712,-61.3001,,,6.9,0,,,,15,23,20366,,,,29,19346,,,,7,6515,,,,9,22641,,,,30,16814,,,,6,15635,,,,2,26322,,,,16,30822,,,,5,9412,,,,,,,,,,,,,,,,,,,,,,,,,,,,,,,,,
173719,30-Jul-18,16:00:28,2018-07-30 16:00:28,G,2,5,2170,1109,0,7,-62.7071,-61.3193,00:33.0,FastGPS,-62.7071,-61.3193,,,12.4,0,,,,15,7,24181,,,,9,4389,,,,23,23470,,,,5,19215,,,,30,18757,,,,16,15012,,,,2,32630,,,,,,,,,,,,,,,,,,,,,,,,,,,,,,,,,,,,,,,,,,,
173719,30-Jul-18,16:45:01,2018-07-30 16:45:01,G,1,5,2171,1110,0,4,-62.811,-61.513,7/31/2018 12:01,N,-62.7101,-61.3476,,,0.3,0,,,,15,5,4399,,,,7,17902,,,,30,25011,,,,16,25586,,,,,,,,,,,,,,,,,,,,,,,,,,,,,,,,,,,,,,,,,,,,,,,,,,,,,,,,,,
173719,30-Jul-18,19:54:14,2018-07-30 19:54:14,G,1,5,2177,1110,0,6,-62.7506,-61.4602,54:18.5,FastGPS,-62.7506,-61.4602,,,8,-0.5,,,,15,13,25907,,,,17,13984,,,,15,16243,,,,28,5624,,,,24,17112,,,,30,25452,,,,,,,,,,,,,,,,,,,,,,,,,,,,,,,,,,,,,,,,,,,,,,,,
173719,30-Jul-18,23:14:14,2018-07-30 23:14:14,G,2,5,2182,1113,0,8,-62.7746,-61.6507,14:18.0,FastGPS,-62.7746,-61.6507,,,12.7,-1,,,,15,6,23903,,,,12,7890,,,,32,19806,,,,19,18891,,,,24,23211,,,,25,2862,,,,17,32512,,,,2,2534,,,,,,,,,,,,,,,,,,,,,,,,,,,,,,,,,,,,,,
173719,31-Jul-18,4:06:50,2018-07-31 04:06:50,G,1,5,2184,1115,0,7,-62.7706,-61.5116,06:53.5,FastGPS,-62.7706,-61.5116,,1,7.7,-1.5,,,,15,29,10964,,,,5,22053,,,,16,27082,,,,21,5022,,,,26,7575,,,,4,14252,,,,25,30823,,,,,,,,,,,,,,,,,,,,,,,,,,,,,,,,,,,,,,,,,,,
173719,31-Jul-18,4:37:01,2018-07-31 04:37:01,G,2,5,2185,1115,0,5,-62.7885,-61.5274,14:01.5,FastGPS,-62.7687,-61.5096,,1,0.4,-1.6,,,,15,16,30892,,,,5,21152,,,,26,16696,,,,4,30369,,,,29,8427,,,,,,,,,,,,,,,,,,,,,,,,,,,,,,,,,,,,,,,,,,,,,,,,,,,,,
173719,31-Jul-18,5:07:02,2018-07-31 05:07:02,G,2,5,2186,1115,0,8,-62.7685,-61.5094,07:06.0,FastGPS,-62.7685,-61.5094,,,6.1,-1,,,,15,29,1522,,,,10,12984,,,,5,3284,,,,20,13374,,,,21,19510,,,,27,30435,,,,16,8089,,,,7,2250,,,,,,,,,,,,,,,,,,,,,,,,,,,,,,,,,,,,,,
173719,31-Jul-18,6:07:06,2018-07-31 06:07:06,G,2,5,2188,1115,0,8,-62.7685,-61.509,07:09.5,FastGPS,-62.7685,-61.509,,,8.9,-1.5,,,,15,27,17575,,,,16,10504,,,,13,31538,,,,15,13246,,,,30,16452,,,,7,9632,,,,21,15952,,,,20,21763,,,,,,,,,,,,,,,,,,,,,,,,,,,,,,,,,,,,,,
173719,31-Jul-18,6:37:17,2018-07-31 06:37:17,G,1,5,2189,1115,0,8,-62.7685,-61.5091,37:21.0,FastGPS,-62.7685,-61.5091,,,3.1,-1,,,,15,10,22440,,,,15,30758,,,,27,16274,,,,13,20234,,,,8,21344,,,,16,19450,,,,7,16960,,,,30,738,,,,,,,,,,,,,,,,,,,,,,,,,,,,,,,,,,,,,,
173719,31-Jul-18,7:42:49,2018-07-31 07:42:49,G,2,5,2190,1117,0,7,-62.7672,-61.5239,42:53.0,FastGPS,-62.7672,-61.5239,,,4.4,-1,,,,15,10,11627,,,,8,18344,,,,32,23102,,,,20,14028,,,,15,4836,,,,27,16191,,,,18,4834,,,,,,,,,,,,,,,,,,,,,,,,,,,,,,,,,,,,,,,,,,,
173719,31-Jul-18,8:13:00,2018-07-31 08:13:00,G,1,5,2191,1117,0,8,-62.7597,-61.5106,13:03.5,FastGPS,-62.7597,-61.5106,,,5.4,-1.5,,,,15,10,32279,,,,20,31373,,,,32,28515,,,,15,19154,,,,27,1042,,,,18,14305,,,,8,25604,,,,24,17495,,,,,,,,,,,,,,,,,,,,,,,,,,,,,,,,,,,,,,
173719,31-Jul-18,10:58:02,2018-07-31 10:58:02,G,2,5,2196,,0,9,-62.748,-61.4953,58:06.0,FastGPS,-62.748,-61.4953,,,7.8,-1,,,,15,31,22065,,,,32,32317,,,,18,18782,,,,14,17232,,,,11,3349,,,,1,32056,,,,22,26094,,,,3,13306,,,,17,28617,,,,,,,,,,,,,,,,,,,,,,,,,,,,,,,,,
173719,31-Jul-18,12:33:27,2018-07-31 12:33:27,G,3,5,2199,,0,9,-62.7707,-61.5309,33:30.5,FastGPS,-62.7707,-61.5309,,,5.9,-1.5,,,,15,17,28046,,,,23,21724,,,,22,18819,,,,31,2946,,,,3,17266,,,,1,2709,,,,19,16105,,,,9,9554,,,,6,2351,,,,,,,,,,,,,,,,,,,,,,,,,,,,,,,,,
173719,31-Jul-18,14:13:58,2018-07-31 14:13:58,G,3,5,2201,1120,0,6,-62.7885,-61.5274,14:01.5,FastGPS,-62.7885,-61.5274,,1,0.3,-1.5,,,,15,6,22952,,,,9,26511,,,,23,22691,,,,29,25234,,,,4,26200,,,,2,19699,,,,,,,,,,,,,,,,,,,,,,,,,,,,,,,,,,,,,,,,,,,,,,,,
173719,31-Jul-18,15:04:18,2018-07-31 15:04:18,G,2,5,2202,1121,0,8,-62.7935,-61.5477,04:21.5,FastGPS,-62.7935,-61.5477,,,7.1,-1.5,,,,15,2,28588,,,,23,27845,,,,7,15995,,,,16,6539,,,,9,30907,,,,6,2966,,,,5,11855,,,,26,4292,,,,,,,,,,,,,,,,,,,,,,,,,,,,,,,,,,,,,,
173719,31-Jul-18,15:34:03,2018-07-31 15:34:03,G,1,5,2203,1121,0,7,-62.795,-61.5401,34:06.5,FastGPS,-62.795,-61.5401,,,5.8,-1.5,,,,15,7,7122,,,,16,6197,,,,5,16525,,,,9,20436,,,,2,15930,,,,23,29134,,,,26,19521,,,,,,,,,,,,,,,,,,,,,,,,,,,,,,,,,,,,,,,,,,,
173719,31-Jul-18,16:04:00,2018-07-31 16:04:00,G,1,5,2204,1121,0,6,-62.7961,-61.5246,04:03.5,FastGPS,-62.7961,-61.5246,,,5.3,-1.5,,,,15,30,18075,,,,7,7395,,,,9,19561,,,,5,12117,,,,2,6687,,,,29,996,,,,,,,,,,,,,,,,,,,,,,,,,,,,,,,,,,,,,,,,,,,,,,,,
173719,31-Jul-18,17:22:14,2018-07-31 17:22:14,G,1,5,2205,1124,0,7,-62.7742,-61.5395,22:18.0,FastGPS,-62.7742,-61.5395,,,6.2,-1,,,,15,7,7910,,,,8,18571,,,,30,10829,,,,27,11694,,,,9,11156,,,,5,19334,,,,28,4472,,,,,,,,,,,,,,,,,,,,,,,,,,,,,,,,,,,,,,,,,,,
173719,31-Jul-18,22:48:06,2018-07-31 22:48:06,G,1,5,2214,1127,0,5,-62.8158,-61.7335,48:10.0,FastGPS,-62.8158,-61.7335,,,7.5,-1,,,,15,17,11427,,,,12,31501,,,,19,9022,,,,24,30338,,,,6,15018,,,,,,,,,,,,,,,,,,,,,,,,,,,,,,,,,,,,,,,,,,,,,,,,,,,,,
173719,1-Aug-18,0:03:15,2018-08-01 00:03:15,G,1,5,2216,,0,9,-62.8393,-61.7316,03:19.0,FastGPS,-62.8393,-61.7316,,,5.4,-1,,,,15,32,18932,,,,25,22860,,,,14,25923,,,,19,9696,,,,6,3044,,,,12,24609,,,,3,32543,,,,31,28952,,,,22,10092,,,,,,,,,,,,,,,,,,,,,,,,,,,,,,,,,
173719,1-Aug-18,0:48:00,2018-08-01 00:48:00,G,1,5,2217,1129,0,7,-62.8574,-61.7907,48:04.0,FastGPS,-62.8574,-61.7907,,1,7.7,-1,,,,15,12,26500,,,,29,29564,,,,25,23702,,,,2,32354,,,,32,12009,,,,31,18604,,,,4,14543,,,,,,,,,,,,,,,,,,,,,,,,,,,,,,,,,,,,,,,,,,,
173719,1-Aug-18,5:34:56,2018-08-01 05:34:56,G,1,5,2225,1131,0,8,-62.8212,-61.6957,34:59.5,FastGPS,-62.8212,-61.6957,,,17,-1.5,,,,15,15,21696,,,,7,18468,,,,27,16490,,,,29,19998,,,,13,24855,,,,21,11132,,,,10,7895,,,,20,28020,,,,,,,,,,,,,,,,,,,,,,,,,,,,,,,,,,,,,,
173719,1-Aug-18,11:24:00,2018-08-01 11:24:00,G,1,5,2231,,0,9,-62.8116,-61.5214,24:05.0,FastGPS,-62.8116,-61.5214,,,5.4,0,,,,15,31,7459,,,,18,7315,,,,23,18384,,,,22,30904,,,,11,29277,,,,1,7400,,,,14,11560,,,,17,13484,,,,3,12185,,,,,,,,,,,,,,,,,,,,,,,,,,,,,,,,,
173719,2-Aug-18,0:27:25,2018-08-02 00:27:25,G,3,5,2248,1146,0,8,-62.5688,-61.5968,27:29.0,FastGPS,-62.5688,-61.5968,,,11.2,-1,,,,15,29,14029,,,,31,10648,,,,25,19396,,,,32,27939,,,,12,18230,,,,3,23286,,,,2,17654,,,,14,19635,,,,,,,,,,,,,,,,,,,,,,,,,,,,,,,,,,,,,,
173719,2-Aug-18,1:43:58,2018-08-02 01:43:58,G,1,5,2249,1149,0,8,-62.567,-61.6266,44:02.0,FastGPS,-62.567,-61.6266,,1,7.6,-1,,,,15,12,20840,,,,31,30869,,,,4,7550,,,,25,17757,,,,29,26705,,,,26,24369,,,,2,493,,,,5,6557,,,,,,,,,,,,,,,,,,,,,,,,,,,,,,,,,,,,,,
173719,2-Aug-18,2:14:03,2018-08-02 02:14:03,G,1,5,2250,,0,9,-62.5686,-61.6192,14:06.5,FastGPS,-62.5686,-61.6192,,1,7.4,-1.5,,,,15,31,27276,,,,4,30142,,,,5,24252,,,,12,29114,,,,29,20654,,,,25,122,,,,23,20712,,,,2,250,,,,26,31684,,,,,,,,,,,,,,,,,,,,,,,,,,,,,,,,,
173719,2-Aug-18,2:59:02,2018-08-02 02:59:02,G,2,5,2251,,0,9,-62.5702,-61.6401,59:05.5,FastGPS,-62.5702,-61.6401,,1,2.7,-1.5,,,,15,5,31650,,,,31,23101,,,,25,15171,,,,29,29885,,,,2,18852,,,,16,2314,,,,21,6425,,,,4,21756,,,,26,25513,,,,,,,,,,,,,,,,,,,,,,,,,,,,,,,,,
173719,2-Aug-18,3:29:48,2018-08-02 03:29:48,G,1,5,2252,,0,9,-62.5758,-61.6291,29:51.5,FastGPS,-62.5758,-61.6291,,1,8.5,-1.5,,,,15,21,24092,,,,29,19252,,,,31,3025,,,,25,10416,,,,16,30093,,,,26,23398,,,,4,24411,,,,5,16177,,,,9,22608,,,,,,,,,,,,,,,,,,,,,,,,,,,,,,,,,
173719,2-Aug-18,4:00:17,2018-08-02 04:00:17,G,3,5,2253,1150,0,7,-62.5658,-61.6482,00:21.0,FastGPS,-62.5658,-61.6482,,1,12.2,-1,,,,15,5,29086,,,,29,17142,,,,31,5943,,,,20,8405,,,,21,23495,,,,4,24918,,,,25,2588,,,,,,,,,,,,,,,,,,,,,,,,,,,,,,,,,,,,,,,,,,,
173719,2-Aug-18,4:30:01,2018-08-02 04:30:01,G,1,5,2254,1150,0,4,-62.6183,-61.26,23:19.0,FastGPS,,,,,,,,,,15,5,23022,,,,16,6977,,,,26,23098,,,,4,3438,,,,,,,,,,,,,,,,,,,,,,,,,,,,,,,,,,,,,,,,,,,,,,,,,,,,,,,,,,
173719,2-Aug-18,5:00:00,2018-08-02 05:00:00,G,1,5,2255,1150,0,5,-62.5673,-61.6746,00:03.5,FastGPS,-62.5673,-61.6746,,,3.2,-1.5,,,,15,29,30998,,,,26,31291,,,,21,22234,,,,15,21160,,,,20,21478,,,,,,,,,,,,,,,,,,,,,,,,,,,,,,,,,,,,,,,,,,,,,,,,,,,,,
173719,2-Aug-18,5:30:18,2018-08-02 05:30:18,G,1,5,2256,1150,0,7,-62.5622,-61.6708,30:22.0,FastGPS,-62.5622,-61.6708,,1,15.4,-1,,,,15,15,2301,,,,29,6200,,,,10,23025,,,,21,26922,,,,26,5009,,,,4,15089,,,,16,2071,,,,,,,,,,,,,,,,,,,,,,,,,,,,,,,,,,,,,,,,,,,
173719,2-Aug-18,6:03:10,2018-08-02 06:03:10,G,1,5,2257,,0,9,-62.5561,-61.7046,03:14.0,FastGPS,-62.5561,-61.7046,,,11.3,-1,,,,15,20,29577,,,,21,3851,,,,26,901,,,,15,18508,,,,7,32460,,,,10,12987,,,,27,26431,,,,8,2780,,,,16,32044,,,,,,,,,,,,,,,,,,,,,,,,,,,,,,,,,
173719,2-Aug-18,6:33:04,2018-08-02 06:33:04,G,1,5,2258,1150,0,8,-62.5606,-61.7033,33:08.0,FastGPS,-62.5606,-61.7033,,,4.9,-1,,,,15,27,11566,,,,15,21942,,,,8,26905,,,,10,27530,,,,21,10856,,,,13,2106,,,,16,29935,,,,20,32308,,,,,,,,,,,,,,,,,,,,,,,,,,,,,,,,,,,,,,
173719,2-Aug-18,7:34:10,2018-08-02 07:34:10,G,1,5,2260,,0,9,-62.5585,-61.7121,34:13.9,FastGPS,-62.5585,-61.7121,,,13.1,-1,,,,15,10,25924,,,,27,127,,,,8,38,,,,15,18155,,,,18,18346,,,,11,21820,,,,28,6342,,,,32,3859,,,,20,28250,,,,,,,,,,,,,,,,,,,,,,,,,,,,,,,,,
173719,2-Aug-18,9:41:27,2018-08-02 09:41:27,G,1,5,2263,,0,9,-62.5743,-61.6648,41:30.5,FastGPS,-62.5743,-61.6648,,,15.5,-1.5,,,,15,1,21354,,,,32,10713,,,,11,8725,,,,22,25799,,,,10,21709,,,,17,27203,,,,18,28786,,,,24,3526,,,,28,7808,,,,,,,,,,,,,,,,,,,,,,,,,,,,,,,,,
173719,2-Aug-18,10:11:11,2018-08-02 10:11:11,G,1,5,2264,1152,0,7,-62.5804,-61.6883,11:14.9,FastGPS,-62.5804,-61.6883,,,3.6,-1.1,,,,15,32,18102,,,,14,8216,,,,18,16452,,,,11,30870,,,,3,25660,,,,1,11992,,,,22,31040,,,,,,,,,,,,,,,,,,,,,,,,,,,,,,,,,,,,,,,,,,,
173719,2-Aug-18,12:19:01,2018-08-02 12:19:01,G,1,5,2268,,0,9,-62.6036,-61.5184,19:04.5,FastGPS,-62.6036,-61.5184,,,9.2,-1.5,,,,15,31,14986,,,,17,29204,,,,23,11372,,,,19,688,,,,3,30650,,,,22,14166,,,,9,25661,,,,14,20944,,,,6,22958,,,,,,,,,,,,,,,,,,,,,,,,,,,,,,,,,
173719,2-Aug-18,12:56:47,2018-08-02 12:56:47,G,1,5,2269,,0,9,-62.6185,-61.4697,56:50.9,FastGPS,-62.6185,-61.4697,,1,6.8,-1.1,,,,15,31,12539,,,,26,22016,,,,6,3963,,,,4,13459,,,,23,24404,,,,3,30478,,,,19,1339,,,,9,2256,,,,25,2393,,,,,,,,,,,,,,,,,,,,,,,,,,,,,,,,,
173719,2-Aug-18,13:27:20,2018-08-02 13:27:20,G,1,5,2270,,0,9,-62.6265,-61.4369,27:24.0,FastGPS,-62.6265,-61.4369,,1,7.4,-1,,,,15,31,27535,,,,6,5320,,,,9,14436,,,,4,30512,,,,26,25637,,,,19,1598,,,,23,28017,,,,22,3530,,,,3,20536,,,,,,,,,,,,,,,,,,,,,,,,,,,,,,,,,
173719,2-Aug-18,23:23:15,2018-08-02 23:23:15,G,1,5,2284,1157,0,5,-62.6182,-61.2601,23:18.9,FastGPS,-62.6182,-61.2601,,,9.2,-1,,,,15,12,16687,,,,19,29494,,,,17,26786,,,,6,29589,,,,2,1800,,,,,,,,,,,,,,,,,,,,,,,,,,,,,,,,,,,,,,,,,,,,,,,,,,,,,
173719,3-Aug-18,0:53:33,2018-08-03 00:53:33,G,1,5,2287,1157,0,7,-62.6195,-61.2651,53:36.9,FastGPS,-62.6195,-61.2651,,,4.1,-1,,,,15,31,910,,,,29,28188,,,,12,1998,,,,2,31728,,,,25,13583,,,,6,3371,,,,14,26808,,,,,,,,,,,,,,,,,,,,,,,,,,,,,,,,,,,,,,,,,,,
173719,3-Aug-18,1:23:00,2018-08-03 01:23:00,G,1,5,2288,1157,0,8,-62.6188,-61.2669,23:03.5,FastGPS,-62.6188,-61.2669,,1,10.7,-1.5,,,,15,29,29935,,,,31,29934,,,,12,4339,,,,25,16275,,,,2,4952,,,,4,16471,,,,6,3729,,,,26,25876,,,,,,,,,,,,,,,,,,,,,,,,,,,,,,,,,,,,,,
173719,3-Aug-18,1:53:00,2018-08-03 01:53:00,G,1,5,2289,1157,0,7,-62.6192,-61.2695,53:04.4,FastGPS,-62.6192,-61.2695,,1,2.6,-0.5,,,,15,31,12183,,,,29,1735,,,,4,6622,,,,25,11256,,,,2,22838,,,,12,13356,,,,26,30416,,,,,,,,,,,,,,,,,,,,,,,,,,,,,,,,,,,,,,,,,,,
173719,3-Aug-18,9:47:11,2018-08-03 09:47:11,G,1,5,2301,,0,9,-62.7077,-61.4956,47:16.0,FastGPS,-62.7077,-61.4956,,,5.1,0,,,,15,32,23161,,,,14,23252,,,,1,25933,,,,18,10615,,,,3,17512,,,,17,18518,,,,22,11422,,,,11,23580,,,,28,22236,,,,,,,,,,,,,,,,,,,,,,,,,,,,,,,,,
173719,3-Aug-18,10:17:01,2018-08-03 10:17:01,G,1,5,2302,1157,0,7,-62.7074,-61.5049,17:04.4,FastGPS,-62.7074,-61.5049,,,19,-1.5,,,,15,32,3,,,,31,22411,,,,14,15214,,,,17,1636,,,,18,2115,,,,1,20270,,,,10,19894,,,,,,,,,,,,,,,,,,,,,,,,,,,,,,,,,,,,,,,,,,,
173719,3-Aug-18,10:47:58,2018-08-03 10:47:58,G,1,5,2303,,0,9,-62.7131,-61.4982,48:02.5,FastGPS,-62.7131,-61.4982,,,4.2,-0.5,,,,15,17,31934,,,,32,26590,,,,3,21184,,,,19,29464,,,,12,11766,,,,31,31655,,,,18,14225,,,,22,29971,,,,11,31802,,,,,,,,,,,,,,,,,,,,,,,,,,,,,,,,,
173719,3-Aug-18,11:19:30,2018-08-03 11:19:30,G,1,5,2304,,0,9,-62.7235,-61.4578,19:34.5,FastGPS,-62.7235,-61.4578,,,5.7,-0.5,,,,15,17,17923,,,,3,28200,,,,19,31024,,,,12,6763,,,,14,10055,,,,22,6651,,,,32,32364,,,,1,8556,,,,18,3283,,,,,,,,,,,,,,,,,,,,,,,,,,,,,,,,,
173719,3-Aug-18,12:22:49,2018-08-03 12:22:49,G,1,5,2306,,0,9,-62.7457,-61.4914,22:53.9,FastGPS,-62.7457,-61.4914,,,9.8,0,,,,15,23,3894,,,,22,25264,,,,6,17605,,,,17,31304,,,,3,26753,,,,1,5970,,,,9,28754,,,,19,23840,,,,12,16570,,,,,,,,,,,,,,,,,,,,,,,,,,,,,,,,,
173719,3-Aug-18,14:36:20,2018-08-03 14:36:20,G,1,5,2310,1157,0,7,-62.7699,-61.5111,36:24.9,FastGPS,-62.7699,-61.5111,,1,12.7,-0.1,,,,15,7,14639,,,,9,30263,,,,23,12250,,,,6,27691,,,,4,3038,,,,26,22302,,,,16,13370,,,,,,,,,,,,,,,,,,,,,,,,,,,,,,,,,,,,,,,,,,,
173719,3-Aug-18,17:09:33,2018-08-03 17:09:33,G,2,5,2314,1158,0,6,-62.7316,-61.3893,09:37.5,FastGPS,-62.7316,-61.3893,,,12.4,-0.5,,,,15,7,25889,,,,30,27295,,,,5,3294,,,,9,29565,,,,27,28595,,,,13,11012,,,,,,,,,,,,,,,,,,,,,,,,,,,,,,,,,,,,,,,,,,,,,,,,
173719,3-Aug-18,19:14:03,2018-08-03 19:14:03,G,2,5,2316,1162,0,6,-62.708,-61.344,14:07.5,FastGPS,-62.708,-61.344,,,1.6,-0.5,,,,15,30,19494,,,,17,29865,,,,28,13372,,,,8,1046,,,,11,21748,,,,7,12037,,,,,,,,,,,,,,,,,,,,,,,,,,,,,,,,,,,,,,,,,,,,,,,,
173719,3-Aug-18,20:21:27,2018-08-03 20:21:27,G,2,5,2318,1162,0,5,-62.7042,-61.3317,21:30.5,FastGPS,-62.7042,-61.3317,,,5.7,-1.5,,,,15,15,30667,,,,13,10083,,,,17,6339,,,,24,25928,,,,11,721,,,,,,,,,,,,,,,,,,,,,,,,,,,,,,,,,,,,,,,,,,,,,,,,,,,,,
173719,4-Aug-18,0:10:15,2018-08-04 00:10:15,G,1,5,2324,,0,9,-62.6241,-61.5347,10:18.5,FastGPS,-62.6241,-61.5347,,,10.1,-1.5,,,,15,29,20976,,,,12,15315,,,,6,6496,,,,19,16890,,,,25,16858,,,,2,6164,,,,32,7644,,,,24,31784,,,,31,22994,,,,,,,,,,,,,,,,,,,,,,,,,,,,,,,,,
173719,4-Aug-18,0:43:00,2018-08-04 00:43:00,G,1,5,2325,,0,9,-62.6061,-61.5761,43:03.5,FastGPS,-62.6061,-61.5761,,1,7.8,-1.5,,,,15,29,31146,,,,12,12614,,,,2,16753,,,,25,2856,,,,31,10041,,,,14,9576,,,,6,13501,,,,32,19831,,,,4,15964,,,,,,,,,,,,,,,,,,,,,,,,,,,,,,,,,
173719,4-Aug-18,4:30:06,2018-08-04 04:30:06,G,1,5,2331,1165,0,6,-62.5694,-61.6945,30:10.5,FastGPS,-62.5694,-61.6945,,1,9.2,-0.5,,,,15,29,16427,,,,21,25042,,,,4,20294,,,,26,13498,,,,20,22284,,,,15,31480,,,,,,,,,,,,,,,,,,,,,,,,,,,,,,,,,,,,,,,,,,,,,,,,
173719,4-Aug-18,11:30:00,2018-08-04 11:30:00,G,1,5,2340,,0,9,-62.5675,-61.4931,30:05.0,FastGPS,-62.5675,-61.4931,,,9.7,0,,,,15,22,5770,,,,3,26669,,,,17,1641,,,,14,3643,,,,31,32210,,,,23,25071,,,,25,17376,,,,32,8178,,,,19,22451,,,,,,,,,,,,,,,,,,,,,,,,,,,,,,,,,
173719,4-Aug-18,12:02:08,2018-08-04 12:02:08,G,2,5,2341,,0,9,-62.5757,-61.4566,02:11.5,FastGPS,-62.5757,-61.4566,,,14.1,-1.5,,,,15,31,10719,,,,3,27380,,,,23,7624,,,,22,31144,,,,14,21212,,,,25,8399,,,,12,14658,,,,1,7497,,,,32,2873,,,,,,,,,,,,,,,,,,,,,,,,,,,,,,,,,
173719,4-Aug-18,12:32:10,2018-08-04 12:32:10,G,1,5,2342,,0,9,-62.5855,-61.4131,32:14.9,FastGPS,-62.5855,-61.4131,,1,12.9,-0.1,,,,15,23,30221,,,,6,9549,,,,9,10798,,,,3,1546,,,,31,18723,,,,14,7825,,,,25,31634,,,,4,699,,,,19,18554,,,,,,,,,,,,,,,,,,,,,,,,,,,,,,,,,
173719,4-Aug-18,18:29:08,2018-08-04 18:29:08,G,1,5,2350,1179,0,7,-62.6418,-61.2925,29:12.5,FastGPS,-62.6418,-61.2925,,,6.8,-0.5,,,,15,13,17729,,,,15,19092,,,,30,17024,,,,28,23489,,,,27,2901,,,,7,13212,,,,20,23085,,,,,,,,,,,,,,,,,,,,,,,,,,,,,,,,,,,,,,,,,,,
173719,5-Aug-18,8:41:09,2018-08-05 08:41:09,G,2,5,2368,,0,9,-62.3683,-61.5038,41:13.0,FastGPS,-62.3683,-61.5038,,,10.7,-1,,,,15,32,21026,,,,14,3736,,,,18,5753,,,,1,26552,,,,27,2287,,,,8,1763,,,,11,15060,,,,22,5524,,,,10,22627,,,,,,,,,,,,,,,,,,,,,,,,,,,,,,,,,
173719,5-Aug-18,9:11:17,2018-08-05 09:11:17,G,2,5,2369,1198,0,6,-62.3664,-61.5042,11:20.9,FastGPS,-62.3664,-61.5042,,,8.8,-1.1,,,,15,14,22724,,,,11,23820,,,,3,29576,,,,32,31217,,,,8,27521,,,,18,12430,,,,,,,,,,,,,,,,,,,,,,,,,,,,,,,,,,,,,,,,,,,,,,,,
173719,5-Aug-18,10:22:05,2018-08-05 10:22:05,G,2,5,2371,1198,0,8,-62.3735,-61.5001,22:09.4,FastGPS,-62.3735,-61.5001,,,14.2,-0.5,,,,15,22,31523,,,,1,3548,,,,12,31162,,,,11,6272,,,,17,5052,,,,3,25499,,,,18,23177,,,,32,9990,,,,,,,,,,,,,,,,,,,,,,,,,,,,,,,,,,,,,,
173719,5-Aug-18,10:52:51,2018-08-05 10:52:51,G,1,5,2372,,0,9,-62.3814,-61.4909,52:55.5,FastGPS,-62.3814,-61.4909,,,5.7,-0.5,,,,15,12,10963,,,,1,1734,,,,22,25616,,,,18,26644,,,,25,5613,,,,31,28534,,,,11,13348,,,,3,8613,,,,14,9463,,,,,,,,,,,,,,,,,,,,,,,,,,,,,,,,,
173719,5-Aug-18,11:23:00,2018-08-05 11:23:00,G,1,5,2373,,0,9,-62.3817,-61.486,23:03.9,FastGPS,-62.3817,-61.486,,,8,-1.1,,,,15,1,1556,,,,3,3454,,,,12,22790,,,,32,675,,,,25,22879,,,,22,22176,,,,18,14309,,,,23,26151,,,,11,6911,,,,,,,,,,,,,,,,,,,,,,,,,,,,,,,,,
173719,5-Aug-18,12:08:19,2018-08-05 12:08:19,G,1,5,2374,,0,9,-62.3897,-61.4763,08:23.0,FastGPS,-62.3897,-61.4763,,1,12.2,-1,,,,15,31,6410,,,,23,9428,,,,4,28364,,,,3,22883,,,,6,18876,,,,22,3782,,,,19,22804,,,,17,15270,,,,14,4318,,,,,,,,,,,,,,,,,,,,,,,,,,,,,,,,,
173719,5-Aug-18,16:11:14,2018-08-05 16:11:14,G,1,5,2381,1200,0,6,-62.4476,-61.4345,11:18.9,FastGPS,-62.4476,-61.4345,,,3.4,-0.1,,,,15,7,3160,,,,30,17660,,,,5,6926,,,,27,24108,,,,9,616,,,,16,3878,,,,,,,,,,,,,,,,,,,,,,,,,,,,,,,,,,,,,,,,,,,,,,,,
173719,5-Aug-18,19:13:00,2018-08-05 19:13:00,G,2,5,2385,1203,0,6,-62.5001,-61.3857,13:04.5,FastGPS,-62.5001,-61.3857,,,4.9,-0.5,,,,15,13,460,,,,15,1718,,,,20,3776,,,,8,25656,,,,28,30629,,,,30,9612,,,,,,,,,,,,,,,,,,,,,,,,,,,,,,,,,,,,,,,,,,,,,,,,
173719,6-Aug-18,1:08:01,2018-08-06 01:08:01,G,1,5,2391,1211,0,4,-62.5841,-61.1829,33:07.5,FastGPS,,,,,,,,,,15,31,7779,,,,25,32671,,,,29,4354,,,,4,19001,,,,,,,,,,,,,,,,,,,,,,,,,,,,,,,,,,,,,,,,,,,,,,,,,,,,,,,,,,
173719,6-Aug-18,1:42:45,2018-08-06 01:42:45,G,2,5,2392,,0,9,-62.5773,-61.2115,42:49.9,FastGPS,-62.5773,-61.2115,,1,6.7,-0.1,,,,15,31,4227,,,,4,6614,,,,5,7236,,,,2,11957,,,,29,31183,,,,23,21018,,,,12,29158,,,,26,31634,,,,6,24352,,,,,,,,,,,,,,,,,,,,,,,,,,,,,,,,,
173719,6-Aug-18,2:13:01,2018-08-06 02:13:01,G,1,5,2393,1211,0,8,-62.579,-61.2017,13:05.5,FastGPS,-62.579,-61.2016,,1,7.6,-0.5,,,,15,5,25368,,,,2,3355,,,,29,20206,,,,25,9471,,,,12,9978,,,,31,21330,,,,4,31979,,,,26,11556,,,,,,,,,,,,,,,,,,,,,,,,,,,,,,,,,,,,,,
173719,6-Aug-18,3:33:03,2018-08-06 03:33:03,G,4,5,2395,1212,0,7,-62.5841,-61.1829,33:07.5,FastGPS,-62.5841,-61.1829,,1,2.9,-0.5,,,,15,4,7146,,,,26,24052,,,,21,23750,,,,5,21997,,,,16,15636,,,,31,29631,,,,29,24203,,,,,,,,,,,,,,,,,,,,,,,,,,,,,,,,,,,,,,,,,,,
173719,6-Aug-18,4:56:11,2018-08-06 04:56:11,G,2,5,2396,1213,0,6,-62.5909,-61.1846,56:15.5,FastGPS,-62.5909,-61.1846,,1,5.7,-0.5,,,,15,27,6444,,,,16,28138,,,,26,13114,,,,21,14754,,,,4,31640,,,,20,26522,,,,,,,,,,,,,,,,,,,,,,,,,,,,,,,,,,,,,,,,,,,,,,,,
173719,6-Aug-18,8:22:51,2018-08-06 08:22:51,G,2,5,2397,1214,0,4,-62.544,-61.184,8/6/2018 11:23,A,-62.5902,-61.1852,,,2.4,-1,,,,15,32,27630,,,,10,8170,,,,8,14048,,,,20,14270,,,,,,,,,,,,,,,,,,,,,,,,,,,,,,,,,,,,,,,,,,,,,,,,,,,,,,,,,,
173719,6-Aug-18,11:51:42,2018-08-06 11:51:42,G,1,5,2401,,0,9,-62.5817,-61.1881,51:45.5,FastGPS,-62.5817,-61.1881,,,7.8,-1.5,,,,15,23,2803,,,,17,806,,,,3,32099,,,,12,23392,,,,19,8907,,,,14,3794,,,,1,21428,,,,31,16270,,,,6,14809,,,,,,,,,,,,,,,,,,,,,,,,,,,,,,,,,
173719,6-Aug-18,15:54:15,2018-08-06 15:54:15,G,2,5,2403,1218,0,5,-62.5913,-61.1855,54:19.5,FastGPS,-62.5913,-61.1855,,,8.9,-0.4,,,,15,7,20046,,,,30,31957,,,,9,2434,,,,5,5606,,,,23,14600,,,,,,,,,,,,,,,,,,,,,,,,,,,,,,,,,,,,,,,,,,,,,,,,,,,,,
173719,6-Aug-18,20:32:17,2018-08-06 20:32:17,G,4,5,2406,1221,0,7,-62.5835,-61.1843,32:21.0,FastGPS,-62.5835,-61.1843,,,17.4,-1,,,,15,15,1771,,,,17,12792,,,,28,32545,,,,19,24383,,,,13,20914,,,,24,3214,,,,12,8977,,,,,,,,,,,,,,,,,,,,,,,,,,,,,,,,,,,,,,,,,,,
173719,6-Aug-18,21:54:37,2018-08-06 21:54:37,G,2,5,2407,1222,0,4,-62.614,-61.209,8/7/2018 12:39,A,-62.5819,-61.1795,,,0.6,-1.1,,,,15,17,15452,,,,19,4885,,,,24,14433,,,,12,15390,,,,,,,,,,,,,,,,,,,,,,,,,,,,,,,,,,,,,,,,,,,,,,,,,,,,,,,,,,
173719,7-Aug-18,8:11:08,2018-08-07 08:11:08,G,1,5,2408,,0,9,-62.5861,-61.1902,11:11.5,FastGPS,-62.5861,-61.1902,,,8.5,-1.5,,,,15,10,21659,,,,32,32652,,,,18,27790,,,,11,2745,,,,8,25588,,,,22,32381,,,,28,15524,,,,27,2846,,,,1,10054,,,,,,,,,,,,,,,,,,,,,,,,,,,,,,,,,
173719,7-Aug-18,9:07:06,2018-08-07 09:07:06,G,2,5,2409,,0,9,-62.5766,-61.2016,07:09.5,FastGPS,-62.5766,-61.2016,,,9.5,-1.5,,,,15,18,2376,,,,11,13735,,,,1,28085,,,,32,22122,,,,22,11433,,,,17,11239,,,,14,23066,,,,10,24732,,,,8,29172,,,,,,,,,,,,,,,,,,,,,,,,,,,,,,,,,
173719,7-Aug-18,11:42:36,2018-08-07 11:42:36,G,1,5,2410,,0,9,-62.6095,-61.2135,42:40.0,FastGPS,-62.6095,-61.2135,,,9.6,-1,,,,15,17,3615,,,,23,2122,,,,1,27086,,,,18,13198,,,,19,30753,,,,31,430,,,,22,5820,,,,6,14986,,,,12,18996,,,,,,,,,,,,,,,,,,,,,,,,,,,,,,,,,
173719,7-Aug-18,12:29:04,2018-08-07 12:29:04,G,2,5,2411,1226,0,7,-62.622,-61.2198,29:08.0,FastGPS,-62.622,-61.2198,,,4.4,-1,,,,15,3,6808,,,,23,3965,,,,31,23643,,,,9,2377,,,,22,24374,,,,6,16439,,,,1,5857,,,,,,,,,,,,,,,,,,,,,,,,,,,,,,,,,,,,,,,,,,,
173719,7-Aug-18,14:06:09,2018-08-07 14:06:09,G,1,5,2414,,0,9,-62.6202,-61.2811,06:12.5,FastGPS,-62.6202,-61.2811,,1,12.6,-1.5,,,,15,9,10694,,,,23,5748,,,,4,7616,,,,6,26603,,,,16,4312,,,,26,16827,,,,7,6216,,,,2,26267,,,,3,19362,,,,,,,,,,,,,,,,,,,,,,,,,,,,,,,,,
173719,7-Aug-18,14:36:00,2018-08-07 14:36:00,G,1,5,2415,1226,1,4,-62.614,-61.209,8/7/2018 12:39,A,-62.6183,-61.287,,,1.9,-0.5,,,,15,7,30608,,,,16,19078,,,,23,8603,,,,6,12997,,,,,,,,,,,,,,,,,,,,,,,,,,,,,,,,,,,,,,,,,,,,,,,,,,,,,,,,,,
173719,7-Aug-18,15:06:00,2018-08-07 15:06:00,G,1,5,2416,1226,1,7,-62.6184,-61.2871,06:04.5,FastGPS,-62.6184,-61.2871,,,8.6,-0.5,,,,15,7,14875,,,,23,2452,,,,9,23781,,,,30,2597,,,,16,10725,,,,26,22107,,,,2,18198,,,,,,,,,,,,,,,,,,,,,,,,,,,,,,,,,,,,,,,,,,,
173719,7-Aug-18,15:36:00,2018-08-07 15:36:00,G,3,5,2417,1226,0,5,-62.6182,-61.2867,36:04.5,FastGPS,-62.6182,-61.2867,,,0.7,-0.5,,,,15,7,31678,,,,9,6618,,,,5,32330,,,,16,26178,,,,23,13240,,,,,,,,,,,,,,,,,,,,,,,,,,,,,,,,,,,,,,,,,,,,,,,,,,,,,
173719,7-Aug-18,16:09:31,2018-08-07 16:09:31,G,2,5,2418,1226,0,8,-62.6197,-61.2829,09:35.5,FastGPS,-62.6197,-61.2829,,,5,-0.5,,,,15,7,17596,,,,5,30772,,,,9,23448,,,,30,16266,,,,23,6833,,,,16,419,,,,27,25002,,,,8,19872,,,,,,,,,,,,,,,,,,,,,,,,,,,,,,,,,,,,,,
173719,7-Aug-18,17:56:53,2018-08-07 17:56:53,G,2,5,2419,1227,0,5,-62.6212,-61.2676,56:58.0,FastGPS,-62.6212,-61.2676,,,3.2,0,,,,15,7,23424,,,,5,26554,,,,30,14299,,,,8,16476,,,,28,17976,,,,,,,,,,,,,,,,,,,,,,,,,,,,,,,,,,,,,,,,,,,,,,,,,,,,,
173719,7-Aug-18,20:41:20,2018-08-07 20:41:20,G,3,5,2420,1229,0,8,-62.6207,-61.2722,41:23.5,FastGPS,-62.6207,-61.2722,,,11.5,-1.5,,,,15,15,2258,,,,17,2727,,,,13,24298,,,,12,29467,,,,28,5626,,,,19,552,,,,11,8001,,,,1,3498,,,,,,,,,,,,,,,,,,,,,,,,,,,,,,,,,,,,,,
173719,7-Aug-18,21:11:25,2018-08-07 21:11:25,G,5,5,2421,1229,0,4,-62.6207,-61.2722,41:23.5,FastGPS,-62.6174,-61.29,,,1.6,-1.1,,,,15,17,25114,,,,19,15916,,,,24,25100,,,,13,8524,,,,,,,,,,,,,,,,,,,,,,,,,,,,,,,,,,,,,,,,,,,,,,,,,,,,,,,,,,
173719,7-Aug-18,21:49:41,2018-08-07 21:49:41,G,3,5,2422,1229,0,8,-62.6213,-61.2707,49:44.5,FastGPS,-62.6213,-61.2707,,,11.8,-1.5,,,,15,15,7484,,,,19,28955,,,,17,8974,,,,12,5597,,,,6,14576,,,,24,6732,,,,32,23511,,,,25,22494,,,,,,,,,,,,,,,,,,,,,,,,,,,,,,,,,,,,,,
173719,7-Aug-18,22:20:00,2018-08-07 22:20:00,G,2,5,2423,1229,1,7,-62.6184,-61.2869,20:04.5,FastGPS,-62.6184,-61.2869,,,6.6,-0.5,,,,15,32,21851,,,,12,23096,,,,17,30767,,,,24,19332,,,,25,30347,,,,19,32599,,,,6,8999,,,,,,,,,,,,,,,,,,,,,,,,,,,,,,,,,,,,,,,,,,,
173719,10-Aug-18,1:28:27,2018-08-10 01:28:27,G,1,5,2424,1229,0,7,-62.6077,-61.2773,28:31.0,FastGPS,-62.6077,-61.2773,,,4,-1,,,,15,29,27172,,,,2,472,,,,12,9872,,,,31,28561,,,,5,6021,,,,25,20674,,,,23,14350,,,,,,,,,,,,,,,,,,,,,,,,,,,,,,,,,,,,,,,,,,,
173719,10-Aug-18,1:58:02,2018-08-10 01:58:02,G,1,5,2425,1229,0,7,-62.5975,-61.3107,58:06.0,FastGPS,-62.5975,-61.3107,,1,3.2,-1,,,,15,5,29505,,,,29,22251,,,,31,20438,,,,2,1105,,,,4,4774,,,,25,5529,,,,26,18297,,,,,,,,,,,,,,,,,,,,,,,,,,,,,,,,,,,,,,,,,,,
173719,10-Aug-18,2:31:25,2018-08-10 02:31:25,G,2,5,2426,,0,9,-62.5843,-61.3322,31:29.0,FastGPS,-62.5843,-61.3322,,1,6.2,-1,,,,15,4,11737,,,,26,19922,,,,29,7930,,,,5,21679,,,,16,5456,,,,9,32296,,,,31,20008,,,,2,15749,,,,23,18198,,,,,,,,,,,,,,,,,,,,,,,,,,,,,,,,,
173719,10-Aug-18,3:09:37,2018-08-10 03:09:37,G,2,5,2427,1229,0,6,-62.5728,-61.3528,09:41.0,FastGPS,-62.5728,-61.3528,,1,5.4,-1,,,,15,4,25282,,,,26,3008,,,,16,8100,,,,21,11972,,,,29,24153,,,,31,12953,,,,,,,,,,,,,,,,,,,,,,,,,,,,,,,,,,,,,,,,,,,,,,,,
173719,10-Aug-18,4:14:00,2018-08-10 04:14:00,G,2,5,2428,,0,9,-62.58,-61.3979,14:03.5,FastGPS,-62.58,-61.3979,,1,7.4,-1.5,,,,15,26,14408,,,,4,15557,,,,7,28782,,,,16,17444,,,,27,26636,,,,21,24266,,,,29,2743,,,,5,30760,,,,20,13538,,,,,,,,,,,,,,,,,,,,,,,,,,,,,,,,,
173719,10-Aug-18,4:46:39,2018-08-10 04:46:39,G,1,5,2429,,0,9,-62.6037,-61.4153,46:43.0,FastGPS,-62.6037,-61.4153,,1,9,-1,,,,15,7,24483,,,,16,7950,,,,26,7060,,,,20,2000,,,,4,22098,,,,27,16266,,,,30,29858,,,,5,30153,,,,21,29450,,,,,,,,,,,,,,,,,,,,,,,,,,,,,,,,,
173719,10-Aug-18,5:16:00,2018-08-10 05:16:00,G,2,5,2430,,0,9,-62.6244,-61.4328,16:03.5,FastGPS,-62.6244,-61.4328,,,12.2,-1.5,,,,15,7,20745,,,,16,2878,,,,20,32094,,,,10,14810,,,,30,940,,,,21,3723,,,,8,5110,,,,26,31128,,,,13,26560,,,,,,,,,,,,,,,,,,,,,,,,,,,,,,,,,
173719,10-Aug-18,5:53:42,2018-08-10 05:53:42,G,1,5,2431,,0,9,-62.6435,-61.4504,53:46.0,FastGPS,-62.6435,-61.4504,,,7,-1,,,,15,27,32555,,,,8,64,,,,10,1806,,,,16,17696,,,,7,9745,,,,20,25189,,,,30,20094,,,,13,9734,,,,15,16186,,,,,,,,,,,,,,,,,,,,,,,,,,,,,,,,,
173719,10-Aug-18,6:24:19,2018-08-10 06:24:19,G,2,5,2432,,0,9,-62.6599,-61.4677,24:22.5,FastGPS,-62.6599,-61.4677,,,6.2,-1.5,,,,15,10,30919,,,,27,25830,,,,8,12358,,,,30,29248,,,,18,16176,,,,20,2605,,,,16,32341,,,,21,19318,,,,15,28225,,,,,,,,,,,,,,,,,,,,,,,,,,,,,,,,,
173719,10-Aug-18,7:11:17,2018-08-10 07:11:17,G,2,5,2433,,0,9,-62.6842,-61.4879,11:21.0,FastGPS,-62.6842,-61.4879,,,6,-1,,,,15,15,22731,,,,10,18104,,,,18,14236,,,,8,31773,,,,11,18691,,,,27,1670,,,,20,29874,,,,28,31718,,,,1,599,,,,,,,,,,,,,,,,,,,,,,,,,,,,,,,,,
173719,10-Aug-18,7:48:48,2018-08-10 07:48:48,G,3,5,2434,,0,9,-62.7025,-61.4878,48:51.6,FastGPS,-62.7025,-61.4878,,,9,-1.4,,,,15,10,20740,,,,28,22227,,,,18,14318,,,,8,22028,,,,1,13965,,,,11,21629,,,,27,21428,,,,20,21011,,,,15,10627,,,,,,,,,,,,,,,,,,,,,,,,,,,,,,,,,
173719,10-Aug-18,8:19:46,2018-08-10 08:19:46,G,4,5,2435,,0,9,-62.7152,-61.4572,19:49.6,FastGPS,-62.7152,-61.4572,,,6.7,-1.4,,,,15,1,15819,,,,18,29153,,,,11,6078,,,,20,7624,,,,32,9691,,,,28,32344,,,,10,18186,,,,22,22224,,,,14,22484,,,,,,,,,,,,,,,,,,,,,,,,,,,,,,,,,
173719,10-Aug-18,8:50:00,2018-08-10 08:50:00,G,5,5,2436,,0,9,-62.7207,-61.433,50:03.5,FastGPS,-62.7207,-61.433,,,8,-1.5,,,,15,1,7223,,,,18,24064,,,,17,17108,,,,11,2835,,,,28,640,,,,24,323,,,,22,15433,,,,10,1509,,,,32,10363,,,,,,,,,,,,,,,,,,,,,,,,,,,,,,,,,
173719,10-Aug-18,17:13:00,2018-08-10 17:13:00,G,5,5,2437,1231,0,8,-62.7413,-61.4784,13:04.1,FastGPS,-62.7413,-61.4784,,,10.9,-0.9,,,,15,7,18733,,,,30,21620,,,,5,473,,,,13,5513,,,,8,29105,,,,28,28086,,,,9,18472,,,,27,10505,,,,,,,,,,,,,,,,,,,,,,,,,,,,,,,,,,,,,,
173719,10-Aug-18,17:58:41,2018-08-10 17:58:41,G,2,5,2438,1232,0,8,-62.7434,-61.4979,58:45.0,FastGPS,-62.7434,-61.4979,,,10.9,-1,,,,15,15,30889,,,,28,7580,,,,30,31364,,,,7,6222,,,,5,17813,,,,13,12232,,,,8,24087,,,,21,25714,,,,,,,,,,,,,,,,,,,,,,,,,,,,,,,,,,,,,,
173719,10-Aug-18,18:29:03,2018-08-10 18:29:03,G,4,5,2439,1232,0,5,-62.7417,-61.4996,29:07.0,FastGPS,-62.7417,-61.4996,,,0.7,-0.9,,,,15,15,19662,,,,5,4375,,,,28,25736,,,,30,2726,,,,13,21663,,,,,,,,,,,,,,,,,,,,,,,,,,,,,,,,,,,,,,,,,,,,,,,,,,,,,
173719,10-Aug-18,19:01:34,2018-08-10 19:01:34,G,2,5,2440,1232,0,7,-62.7429,-61.5139,01:38.0,FastGPS,-62.7429,-61.5139,,,3.1,-1,,,,15,13,9344,,,,15,6309,,,,10,31127,,,,28,15374,,,,17,16459,,,,20,3236,,,,8,17795,,,,,,,,,,,,,,,,,,,,,,,,,,,,,,,,,,,,,,,,,,,
173719,10-Aug-18,20:33:51,2018-08-10 20:33:51,G,2,5,2441,,0,9,-62.7459,-61.5266,33:54.5,FastGPS,-62.7459,-61.5266,,,9.7,-1.5,,,,15,17,2027,,,,15,15951,,,,19,7119,,,,12,11554,,,,13,26312,,,,10,3104,,,,28,9340,,,,24,7875,,,,20,968,,,,,,,,,,,,,,,,,,,,,,,,,,,,,,,,,
173719,10-Aug-18,21:06:26,2018-08-10 21:06:26,G,2,5,2442,1232,0,8,-62.7457,-61.5492,06:30.0,FastGPS,-62.7457,-61.5492,,,12.2,-1,,,,15,17,24806,,,,15,14521,,,,19,31936,,,,12,14325,,,,24,4281,,,,32,5802,,,,10,4900,,,,1,30469,,,,,,,,,,,,,,,,,,,,,,,,,,,,,,,,,,,,,,
173719,10-Aug-18,21:36:00,2018-08-10 21:36:00,G,1,5,2443,1232,0,7,-62.7454,-61.5772,36:03.5,FastGPS,-62.7454,-61.5772,,,11.9,-1.5,,,,15,17,11892,,,,12,4440,,,,6,7539,,,,19,28316,,,,15,15330,,,,24,8292,,,,25,19594,,,,,,,,,,,,,,,,,,,,,,,,,,,,,,,,,,,,,,,,,,,
173719,10-Aug-18,22:19:40,2018-08-10 22:19:40,G,2,5,2444,1232,0,7,-62.7337,-61.612,19:44.0,FastGPS,-62.7337,-61.612,,,7.3,-1,,,,15,19,13592,,,,17,13199,,,,6,7812,,,,12,7437,,,,25,11010,,,,24,23441,,,,32,28356,,,,,,,,,,,,,,,,,,,,,,,,,,,,,,,,,,,,,,,,,,,
173719,10-Aug-18,22:49:14,2018-08-10 22:49:14,G,2,5,2445,1232,0,8,-62.7292,-61.6462,49:17.6,FastGPS,-62.7292,-61.6462,,,9,-1.4,,,,15,12,5702,,,,24,8465,,,,14,20712,,,,2,11771,,,,32,21660,,,,25,26520,,,,19,22192,,,,6,14635,,,,,,,,,,,,,,,,,,,,,,,,,,,,,,,,,,,,,,
173719,10-Aug-18,23:39:52,2018-08-10 23:39:52,G,3,5,2446,1232,0,6,-62.7194,-61.6947,39:56.0,FastGPS,-62.7194,-61.6947,,,6.6,-1,,,,15,6,26403,,,,29,31793,,,,19,10654,,,,12,1754,,,,2,16180,,,,25,107,,,,,,,,,,,,,,,,,,,,,,,,,,,,,,,,,,,,,,,,,,,,,,,,
173719,11-Aug-18,0:15:26,2018-08-11 00:15:26,G,1,5,2447,1232,0,7,-62.7091,-61.7202,15:30.0,FastGPS,-62.7091,-61.7202,,1,6.3,-1,,,,15,12,19664,,,,29,16132,,,,2,30219,,,,31,26578,,,,25,17429,,,,32,29589,,,,4,1336,,,,,,,,,,,,,,,,,,,,,,,,,,,,,,,,,,,,,,,,,,,
173719,11-Aug-18,0:59:10,2018-08-11 00:59:10,G,1,5,2448,,0,9,-62.7201,-61.7031,59:14.0,FastGPS,-62.7201,-61.7031,,1,4.8,-1,,,,15,31,23292,,,,29,4838,,,,4,4919,,,,5,2350,,,,12,11934,,,,2,11452,,,,23,24395,,,,6,15749,,,,25,23366,,,,,,,,,,,,,,,,,,,,,,,,,,,,,,,,,
173719,11-Aug-18,3:16:41,2018-08-11 03:16:41,G,1,5,2452,1232,0,7,-62.7772,-61.7314,16:45.6,FastGPS,-62.7772,-61.7314,,1,7.2,-0.4,,,,15,16,138,,,,26,28574,,,,5,18259,,,,4,7046,,,,29,12222,,,,21,8205,,,,31,13904,,,,,,,,,,,,,,,,,,,,,,,,,,,,,,,,,,,,,,,,,,,
173719,11-Aug-18,3:51:58,2018-08-11 03:51:58,G,2,5,2453,,0,9,-62.7947,-61.7228,52:02.0,FastGPS,-62.7947,-61.7228,,1,8.5,-1,,,,15,4,26684,,,,21,22429,,,,26,13064,,,,29,1960,,,,7,19960,,,,16,26588,,,,5,18678,,,,20,26354,,,,27,13942,,,,,,,,,,,,,,,,,,,,,,,,,,,,,,,,,
173719,11-Aug-18,4:24:49,2018-08-11 04:24:49,G,1,5,2454,,0,9,-62.8046,-61.7314,24:53.5,FastGPS,-62.8046,-61.7314,,1,10.3,-0.5,,,,15,7,11323,,,,16,13429,,,,5,500,,,,29,24692,,,,4,19786,,,,20,29092,,,,21,25692,,,,27,13428,,,,13,5326,,,,,,,,,,,,,,,,,,,,,,,,,,,,,,,,,
173719,11-Aug-18,4:56:12,2018-08-11 04:56:12,G,2,5,2455,,0,9,-62.7976,-61.7207,56:15.5,FastGPS,-62.7976,-61.7207,,,10.4,-1.5,,,,15,16,31264,,,,27,6273,,,,15,10062,,,,21,24842,,,,8,30812,,,,20,18598,,,,26,27378,,,,7,856,,,,13,10778,,,,,,,,,,,,,,,,,,,,,,,,,,,,,,,,,
173719,11-Aug-18,5:41:11,2018-08-11 05:41:11,G,4,5,2456,,0,9,-62.8062,-61.704,41:15.0,FastGPS,-62.8062,-61.704,,,6.8,-1,,,,15,21,22323,,,,15,4166,,,,20,13161,,,,10,5,,,,8,31626,,,,7,30949,,,,27,17844,,,,16,11626,,,,26,25825,,,,,,,,,,,,,,,,,,,,,,,,,,,,,,,,,
173719,11-Aug-18,6:29:08,2018-08-11 06:29:08,G,4,5,2457,1234,0,8,-62.8133,-61.6845,29:12.5,FastGPS,-62.8133,-61.6845,,,9.9,-0.5,,,,15,10,23719,,,,15,30689,,,,27,31224,,,,21,20694,,,,20,3671,,,,8,13059,,,,16,1070,,,,18,31848,,,,,,,,,,,,,,,,,,,,,,,,,,,,,,,,,,,,,,
173719,11-Aug-18,6:59:00,2018-08-11 06:59:00,G,2,5,2458,,0,9,-62.8169,-61.6671,59:03.5,FastGPS,-62.8169,-61.6671,,,12.7,-1.5,,,,15,10,11831,,,,20,10949,,,,21,602,,,,8,21092,,,,27,14173,,,,32,28037,,,,15,5493,,,,18,12117,,,,28,672,,,,,,,,,,,,,,,,,,,,,,,,,,,,,,,,,
173719,11-Aug-18,7:29:00,2018-08-11 07:29:00,G,1,5,2459,1234,0,8,-62.8202,-61.6489,29:03.5,FastGPS,-62.8202,-61.6489,,,6.3,-1.5,,,,15,10,24769,,,,20,21544,,,,8,19287,,,,18,13830,,,,32,25919,,,,27,24781,,,,15,14242,,,,11,20244,,,,,,,,,,,,,,,,,,,,,,,,,,,,,,,,,,,,,,
173719,11-Aug-18,8:03:00,2018-08-11 08:03:00,G,1,5,2460,,0,9,-62.823,-61.6313,03:04.0,FastGPS,-62.823,-61.6313,,,9.2,-1,,,,15,32,645,,,,10,11837,,,,8,18238,,,,11,4308,,,,18,28001,,,,27,9774,,,,14,20100,,,,20,16802,,,,22,17986,,,,,,,,,,,,,,,,,,,,,,,,,,,,,,,,,
173719,11-Aug-18,9:40:52,2018-08-11 09:40:52,G,3,5,2463,,0,9,-62.8417,-61.5742,40:56.6,FastGPS,-62.8417,-61.5742,,,6.2,-0.4,,,,15,17,18600,,,,32,30084,,,,12,1359,,,,3,6349,,,,1,7196,,,,22,2717,,,,31,27575,,,,10,24219,,,,11,10443,,,,,,,,,,,,,,,,,,,,,,,,,,,,,,,,,
173719,11-Aug-18,10:46:15,2018-08-11 10:46:15,G,1,5,2464,,0,9,-62.8425,-61.5624,46:18.5,FastGPS,-62.8425,-61.5624,,,8.4,-1.4,,,,15,17,28616,,,,12,17179,,,,3,3207,,,,23,15717,,,,1,17963,,,,22,15392,,,,11,2023,,,,19,7200,,,,32,11772,,,,,,,,,,,,,,,,,,,,,,,,,,,,,,,,,
173719,11-Aug-18,11:20:56,2018-08-11 11:20:56,G,1,5,2465,,0,9,-62.84,-61.5557,21:00.0,FastGPS,-62.84,-61.5557,,,7.9,-1,,,,15,17,17321,,,,19,30750,,,,6,25630,,,,31,24222,,,,23,7759,,,,12,26020,,,,3,10940,,,,14,27138,,,,22,10809,,,,,,,,,,,,,,,,,,,,,,,,,,,,,,,,,
173719,11-Aug-18,13:03:00,2018-08-11 13:03:00,G,2,5,2468,,0,9,-62.8383,-61.5072,03:04.5,FastGPS,-62.8383,-61.5072,,1,3.3,-0.5,,,,15,6,31921,,,,9,15392,,,,23,23745,,,,2,31950,,,,4,15450,,,,31,13076,,,,26,19362,,,,3,6512,,,,29,2360,,,,,,,,,,,,,,,,,,,,,,,,,,,,,,,,,
173719,11-Aug-18,13:33:00,2018-08-11 13:33:00,G,2,5,2469,,1,9,-62.8375,-61.5145,33:03.5,FastGPS,-62.8375,-61.5145,,1,4.2,-1.4,,,,15,9,5140,,,,23,20446,,,,6,17394,,,,2,25917,,,,29,3878,,,,4,30043,,,,26,25100,,,,16,2059,,,,7,2514,,,,,,,,,,,,,,,,,,,,,,,,,,,,,,,,,
173719,11-Aug-18,14:04:31,2018-08-11 14:04:31,G,4,5,2470,,0,9,-62.8373,-61.5206,04:35.0,FastGPS,-62.8373,-61.5206,,1,8.2,-1,,,,15,29,5142,,,,9,190,,,,4,4981,,,,2,9334,,,,7,20842,,,,26,24732,,,,23,13352,,,,16,17165,,,,6,26414,,,,,,,,,,,,,,,,,,,,,,,,,,,,,,,,,
173719,11-Aug-18,14:35:47,2018-08-11 14:35:47,G,1,5,2471,,0,9,-62.8417,-61.5175,35:51.0,FastGPS,-62.8417,-61.5175,,1,15.6,-1,,,,15,7,23274,,,,9,29070,,,,5,20611,,,,29,30870,,,,2,10356,,,,4,8966,,,,26,16461,,,,16,30905,,,,6,9196,,,,,,,,,,,,,,,,,,,,,,,,,,,,,,,,,
173719,12-Aug-18,21:36:12,2018-08-12 21:36:12,G,1,5,2479,1251,0,7,-63.0147,-61.4328,36:16.1,FastGPS,-63.0147,-61.4328,,,5.2,-0.9,,,,15,12,14728,,,,17,14251,,,,24,23663,,,,19,19092,,,,32,32360,,,,1,6449,,,,15,28509,,,,,,,,,,,,,,,,,,,,,,,,,,,,,,,,,,,,,,,,,,,
173719,12-Aug-18,22:08:37,2018-08-12 22:08:37,G,1,5,2480,1251,0,8,-63.0039,-61.3955,08:41.1,FastGPS,-63.0039,-61.3955,,,7.6,-0.9,,,,15,17,9896,,,,12,18990,,,,22,29748,,,,19,2336,,,,24,11388,,,,6,15546,,,,2,24016,,,,32,11432,,,,,,,,,,,,,,,,,,,,,,,,,,,,,,,,,,,,,,
173719,12-Aug-18,22:41:18,2018-08-12 22:41:18,G,1,5,2481,,0,9,-62.9836,-61.3846,41:22.6,FastGPS,-62.9836,-61.3846,,,8.3,-0.4,,,,15,12,12186,,,,19,30443,,,,32,27918,,,,6,22700,,,,17,26303,,,,2,17174,,,,24,11912,,,,25,617,,,,14,29200,,,,,,,,,,,,,,,,,,,,,,,,,,,,,,,,,
173719,12-Aug-18,23:14:12,2018-08-12 23:14:12,G,1,5,2482,1251,0,8,-62.9642,-61.3812,14:17.1,FastGPS,-62.9642,-61.3812,,,10.8,0.1,,,,15,12,12331,,,,3,23762,,,,19,3028,,,,31,15748,,,,2,7393,,,,6,26396,,,,25,12624,,,,17,3392,,,,,,,,,,,,,,,,,,,,,,,,,,,,,,,,,,,,,,
173719,12-Aug-18,23:49:22,2018-08-12 23:49:22,G,3,5,2483,,0,9,-62.942,-61.37,49:27.1,FastGPS,-62.942,-61.37,,,5,0.1,,,,15,12,1017,,,,6,4217,,,,2,32178,,,,25,31576,,,,19,7861,,,,29,8986,,,,14,4620,,,,24,2034,,,,32,1974,,,,,,,,,,,,,,,,,,,,,,,,,,,,,,,,,
173719,13-Aug-18,0:19:28,2018-08-13 00:19:28,G,2,5,2484,1251,0,6,-62.9246,-61.3727,19:31.6,FastGPS,-62.9246,-61.3727,,,7.3,-1.4,,,,15,2,14083,,,,12,19096,,,,6,28260,,,,31,29645,,,,29,30144,,,,25,27195,,,,,,,,,,,,,,,,,,,,,,,,,,,,,,,,,,,,,,,,,,,,,,,,
173719,13-Aug-18,0:49:00,2018-08-13 00:49:00,G,1,5,2485,1251,0,8,-62.909,-61.3914,49:03.6,FastGPS,-62.909,-61.3914,,,11.7,-1.4,,,,15,2,23545,,,,29,6472,,,,12,27050,,,,25,51,,,,5,2613,,,,6,2112,,,,31,28872,,,,23,31716,,,,,,,,,,,,,,,,,,,,,,,,,,,,,,,,,,,,,,
173719,13-Aug-18,1:26:54,2018-08-13 01:26:54,G,1,5,2486,,0,9,-62.8865,-61.4151,26:58.1,FastGPS,-62.8865,-61.4151,,1,5.9,-0.9,,,,15,29,1601,,,,2,30166,,,,5,258,,,,4,5999,,,,31,12686,,,,12,15282,,,,26,6889,,,,25,19100,,,,21,26850,,,,,,,,,,,,,,,,,,,,,,,,,,,,,,,,,
173719,13-Aug-18,2:06:29,2018-08-13 02:06:29,G,2,5,2487,,0,9,-62.8629,-61.4554,06:33.6,FastGPS,-62.8629,-61.4554,,1,7.7,-0.4,,,,15,5,25602,,,,29,6165,,,,2,994,,,,21,2397,,,,4,10476,,,,25,12409,,,,26,8409,,,,16,6993,,,,31,17605,,,,,,,,,,,,,,,,,,,,,,,,,,,,,,,,,
173719,13-Aug-18,2:36:00,2018-08-13 02:36:00,G,2,5,2488,,0,9,-62.8468,-61.4838,36:04.6,FastGPS,-62.8468,-61.4838,,1,7.3,-0.4,,,,15,5,1387,,,,29,18170,,,,31,21615,,,,16,12654,,,,25,29316,,,,26,25207,,,,21,30970,,,,4,1100,,,,2,2246,,,,,,,,,,,,,,,,,,,,,,,,,,,,,,,,,
173719,13-Aug-18,3:06:21,2018-08-13 03:06:21,G,1,5,2489,1251,0,7,-62.8327,-61.5141,06:26.1,FastGPS,-62.8327,-61.5141,,1,7.4,0.1,,,,15,29,5432,,,,5,9333,,,,26,14149,,,,21,19203,,,,4,27408,,,,16,12404,,,,31,9500,,,,,,,,,,,,,,,,,,,,,,,,,,,,,,,,,,,,,,,,,,,
173719,13-Aug-18,3:39:53,2018-08-13 03:39:53,G,2,5,2490,1251,0,5,-62.759,-61.567,8/13/2018 7:22,A,-62.8168,-61.5306,,1,0.2,0.1,,,,15,29,23130,,,,5,4210,,,,21,19686,,,,4,8598,,,,26,24436,,,,,,,,,,,,,,,,,,,,,,,,,,,,,,,,,,,,,,,,,,,,,,,,,,,,,
173719,13-Aug-18,4:29:29,2018-08-13 04:29:29,G,2,5,2491,,0,9,-62.7966,-61.5653,29:34.0,FastGPS,-62.7966,-61.5653,,1,3.8,0.1,,,,15,15,12165,,,,29,5816,,,,20,16983,,,,21,31955,,,,16,13054,,,,26,24676,,,,4,8984,,,,5,21398,,,,13,7569,,,,,,,,,,,,,,,,,,,,,,,,,,,,,,,,,
173719,13-Aug-18,4:59:00,2018-08-13 04:59:00,G,1,5,2492,1252,0,4,-62.759,-61.567,8/13/2018 7:22,A,-62.7862,-61.5935,,,0.2,-0.4,,,,15,15,21804,,,,20,31070,,,,27,20903,,,,21,23645,,,,,,,,,,,,,,,,,,,,,,,,,,,,,,,,,,,,,,,,,,,,,,,,,,,,,,,,,,
173719,13-Aug-18,5:46:01,2018-08-13 05:46:01,G,1,5,2493,1253,0,7,-62.7735,-61.5956,46:05.6,FastGPS,-62.7735,-61.5956,,,7.2,-0.4,,,,15,15,6418,,,,21,1495,,,,20,14377,,,,10,2970,,,,16,19585,,,,27,24952,,,,13,23774,,,,,,,,,,,,,,,,,,,,,,,,,,,,,,,,,,,,,,,,,,,
173719,13-Aug-18,6:16:01,2018-08-13 06:16:01,G,1,5,2494,1253,0,8,-62.7621,-61.6085,16:04.5,FastGPS,-62.7621,-61.6085,,,6.9,-1.4,,,,15,20,27263,,,,21,28955,,,,15,21366,,,,10,948,,,,27,19847,,,,18,29770,,,,8,19533,,,,16,9690,,,,,,,,,,,,,,,,,,,,,,,,,,,,,,,,,,,,,,
173719,13-Aug-18,7:02:00,2018-08-13 07:02:00,G,2,5,2495,,0,9,-62.7563,-61.5877,02:04.0,FastGPS,-62.7563,-61.5877,,,4.3,-0.9,,,,15,10,1240,,,,15,258,,,,28,25757,,,,20,6053,,,,32,5182,,,,27,10663,,,,8,17470,,,,1,31957,,,,18,10223,,,,,,,,,,,,,,,,,,,,,,,,,,,,,,,,,
173719,13-Aug-18,7:32:18,2018-08-13 07:32:18,G,2,5,2496,,0,9,-62.7482,-61.5607,32:22.6,FastGPS,-62.7482,-61.5607,,,10.9,-0.4,,,,15,11,31267,,,,18,24112,,,,28,6257,,,,15,15884,,,,10,16536,,,,1,17394,,,,8,16126,,,,20,24187,,,,32,14316,,,,,,,,,,,,,,,,,,,,,,,,,,,,,,,,,
173719,13-Aug-18,11:46:11,2018-08-13 11:46:11,G,1,5,2501,,0,9,-62.6661,-61.3848,46:14.6,FastGPS,-62.6661,-61.3848,,,8.7,-1.4,,,,15,31,7969,,,,6,27613,,,,12,32433,,,,19,14592,,,,22,13314,,,,3,22306,,,,23,13378,,,,17,10279,,,,25,15696,,,,,,,,,,,,,,,,,,,,,,,,,,,,,,,,,
173719,13-Aug-18,12:16:15,2018-08-13 12:16:15,G,1,5,2502,,0,9,-62.6626,-61.3653,16:19.0,FastGPS,-62.6626,-61.3653,,1,9.8,-1,,,,15,31,19201,,,,25,9257,,,,4,9686,,,,26,20910,,,,22,253,,,,3,4636,,,,6,26208,,,,23,12993,,,,2,30952,,,,,,,,,,,,,,,,,,,,,,,,,,,,,,,,,
173719,13-Aug-18,13:18:36,2018-08-13 13:18:36,G,1,5,2503,,0,9,-62.6374,-61.2966,18:40.6,FastGPS,-62.6374,-61.2966,,1,8.2,-0.4,,,,15,29,21076,,,,4,27578,,,,2,11920,,,,23,29489,,,,26,18258,,,,31,2915,,,,9,27074,,,,16,14903,,,,6,27807,,,,,,,,,,,,,,,,,,,,,,,,,,,,,,,,,
173719,13-Aug-18,13:53:51,2018-08-13 13:53:51,G,4,5,2504,,0,9,-62.6429,-61.2747,53:54.6,FastGPS,-62.6429,-61.2747,,1,5.2,-1.4,,,,15,29,25128,,,,9,23019,,,,16,3615,,,,23,12355,,,,2,31153,,,,4,31128,,,,7,2014,,,,5,19747,,,,26,16905,,,,,,,,,,,,,,,,,,,,,,,,,,,,,,,,,
173719,13-Aug-18,14:24:01,2018-08-13 14:24:01,G,1,5,2505,,0,9,-62.6413,-61.2601,24:04.6,FastGPS,-62.6413,-61.2601,,1,2.4,-1.4,,,,15,5,31073,,,,4,13481,,,,2,11717,,,,29,28107,,,,26,19464,,,,16,24966,,,,9,28556,,,,23,24987,,,,7,7679,,,,,,,,,,,,,,,,,,,,,,,,,,,,,,,,,
173719,13-Aug-18,14:54:33,2018-08-13 14:54:33,G,2,5,2506,1256,0,8,-62.6415,-61.2603,54:36.6,FastGPS,-62.6415,-61.2603,,,17.7,-1.4,,,,15,5,26177,,,,9,27508,,,,23,9432,,,,2,7126,,,,7,13370,,,,16,31872,,,,29,16280,,,,30,21699,,,,,,,,,,,,,,,,,,,,,,,,,,,,,,,,,,,,,,
173719,13-Aug-18,15:24:01,2018-08-13 15:24:01,G,1,5,2507,,0,9,-62.642,-61.2485,24:05.0,FastGPS,-62.642,-61.2485,,,12.5,-1,,,,15,5,92,,,,9,3925,,,,23,23615,,,,7,17987,,,,27,4920,,,,2,11229,,,,30,25053,,,,16,3576,,,,29,11147,,,,,,,,,,,,,,,,,,,,,,,,,,,,,,,,,
173719,13-Aug-18,15:56:03,2018-08-13 15:56:03,G,1,5,2508,1256,0,7,-62.6371,-61.2237,56:08.0,FastGPS,-62.6371,-61.2237,,,8.5,0,,,,15,7,30155,,,,5,25738,,,,27,3457,,,,9,27508,,,,16,12628,,,,30,28039,,,,13,3440,,,,,,,,,,,,,,,,,,,,,,,,,,,,,,,,,,,,,,,,,,,
173719,13-Aug-18,16:26:21,2018-08-13 16:26:21,G,1,5,2509,1256,0,7,-62.6392,-61.2069,26:25.6,FastGPS,-62.6392,-61.2069,,,6.3,-0.4,,,,15,5,11764,,,,7,5390,,,,30,32217,,,,8,5218,,,,13,9438,,,,27,1659,,,,21,19137,,,,,,,,,,,,,,,,,,,,,,,,,,,,,,,,,,,,,,,,,,,
173719,13-Aug-18,16:57:05,2018-08-13 16:57:05,G,1,5,2510,1256,0,5,-62.6342,-61.1882,57:08.6,FastGPS,-62.6342,-61.1882,,,2,-1.4,,,,15,7,117,,,,5,10040,,,,30,24572,,,,8,25546,,,,28,13799,,,,,,,,,,,,,,,,,,,,,,,,,,,,,,,,,,,,,,,,,,,,,,,,,,,,,
173719,13-Aug-18,17:28:17,2018-08-13 17:28:17,G,1,5,2511,1256,0,4,-62.6342,-61.1882,57:08.6,FastGPS,-62.6212,-61.2014,,,0.7,-1.3,,,,15,7,15382,,,,30,29530,,,,5,17622,,,,13,9234,,,,,,,,,,,,,,,,,,,,,,,,,,,,,,,,,,,,,,,,,,,,,,,,,,,,,,,,,,
173719,13-Aug-18,18:03:17,2018-08-13 18:03:17,G,1,5,2512,1256,0,6,-62.6192,-61.2115,03:20.6,FastGPS,-62.6192,-61.2115,,,1.2,-1.4,,,,15,30,1720,,,,7,6874,,,,8,16479,,,,28,27648,,,,13,7004,,,,15,31403,,,,,,,,,,,,,,,,,,,,,,,,,,,,,,,,,,,,,,,,,,,,,,,,
173719,13-Aug-18,23:28:54,2018-08-13 23:28:54,G,1,5,2520,1259,0,8,-62.5153,-61.2736,28:57.6,FastGPS,-62.5153,-61.2736,,,12.8,-1.4,,,,15,6,7632,,,,29,19608,,,,25,16440,,,,19,21400,,,,12,14738,,,,32,8278,,,,24,803,,,,2,3744,,,,,,,,,,,,,,,,,,,,,,,,,,,,,,,,,,,,,,
173719,13-Aug-18,23:59:46,2018-08-13 23:59:46,G,1,5,2521,1259,0,6,-62.4952,-61.269,59:50.0,FastGPS,-62.4952,-61.269,,,10.6,-1,,,,15,12,4827,,,,29,10443,,,,2,1990,,,,6,8067,,,,25,21706,,,,19,14865,,,,,,,,,,,,,,,,,,,,,,,,,,,,,,,,,,,,,,,,,,,,,,,,
173719,14-Aug-18,1:20:12,2018-08-14 01:20:12,G,1,5,2523,,0,9,-62.4494,-61.3149,20:16.6,FastGPS,-62.4494,-61.3149,,1,6.6,-0.4,,,,15,23,17072,,,,5,5352,,,,12,9829,,,,2,16254,,,,29,11350,,,,31,27436,,,,4,6697,,,,25,7590,,,,9,28924,,,,,,,,,,,,,,,,,,,,,,,,,,,,,,,,,
173719,14-Aug-18,1:50:55,2018-08-14 01:50:55,G,2,5,2524,,0,9,-62.4461,-61.3396,50:58.6,FastGPS,-62.4461,-61.3396,,1,11.1,-1.4,,,,15,25,343,,,,29,16951,,,,31,25355,,,,4,22012,,,,26,9749,,,,5,11105,,,,21,18258,,,,23,4539,,,,9,25206,,,,,,,,,,,,,,,,,,,,,,,,,,,,,,,,,
173719,14-Aug-18,2:54:08,2018-08-14 02:54:08,G,2,5,2525,1259,0,7,-62.4707,-61.3619,54:11.6,FastGPS,-62.4707,-61.3619,,1,1.7,-1.4,,,,15,5,27186,,,,29,5602,,,,26,20088,,,,16,26657,,,,4,9082,,,,31,26622,,,,2,17778,,,,,,,,,,,,,,,,,,,,,,,,,,,,,,,,,,,,,,,,,,,
173719,14-Aug-18,3:34:15,2018-08-14 03:34:15,G,2,5,2526,1259,0,8,-62.4626,-61.3251,34:19.0,FastGPS,-62.4626,-61.3251,,1,7.8,-1,,,,15,16,6313,,,,29,16089,,,,5,24662,,,,7,25121,,,,21,2948,,,,4,31894,,,,27,10904,,,,26,12758,,,,,,,,,,,,,,,,,,,,,,,,,,,,,,,,,,,,,,
173719,14-Aug-18,7:17:04,2018-08-14 07:17:04,G,3,5,2527,,0,9,-62.5122,-61.2337,17:08.6,FastGPS,-62.5122,-61.2337,,,9.5,-0.4,,,,15,11,15126,,,,18,9484,,,,15,8412,,,,28,5578,,,,10,21478,,,,8,14962,,,,1,19528,,,,20,17466,,,,24,11375,,,,,,,,,,,,,,,,,,,,,,,,,,,,,,,,,
173719,14-Aug-18,9:18:56,2018-08-14 09:18:56,G,1,5,2528,1259,0,8,-62.563,-61.2107,19:00.1,FastGPS,-62.563,-61.2107,,,7.9,-0.9,,,,15,22,22791,,,,1,12297,,,,18,24716,,,,11,5430,,,,14,11736,,,,32,30910,,,,17,4166,,,,3,14342,,,,,,,,,,,,,,,,,,,,,,,,,,,,,,,,,,,,,,
173719,14-Aug-18,9:49:12,2018-08-14 09:49:12,G,2,5,2529,,0,9,-62.5702,-61.2272,49:16.6,FastGPS,-62.5702,-61.2272,,,9.7,-0.4,,,,15,31,26044,,,,18,30354,,,,17,30932,,,,11,13211,,,,1,19928,,,,14,9734,,,,3,21683,,,,32,19156,,,,22,21420,,,,,,,,,,,,,,,,,,,,,,,,,,,,,,,,,
173719,14-Aug-18,10:19:43,2018-08-14 10:19:43,G,1,5,2530,,0,9,-62.5754,-61.2344,19:47.0,FastGPS,-62.5754,-61.2344,,,8.7,-1,,,,15,3,25241,,,,12,27104,,,,17,26336,,,,22,2668,,,,1,3632,,,,32,25210,,,,23,31250,,,,11,7716,,,,14,10587,,,,,,,,,,,,,,,,,,,,,,,,,,,,,,,,,
173719,14-Aug-18,10:50:06,2018-08-14 10:50:06,G,1,5,2531,1259,0,4,-62.6212,-61.2014,28:20.7,FastGPS,-62.5839,-61.2248,,,0.7,0,,,,15,31,8856,,,,22,12185,,,,17,4946,,,,3,1274,,,,,,,,,,,,,,,,,,,,,,,,,,,,,,,,,,,,,,,,,,,,,,,,,,,,,,,,,,
173719,14-Aug-18,15:38:58,2018-08-14 15:38:58,G,2,5,2535,1263,0,4,-62.444,-61.39,8/15/2018 6:12,K,-62.5997,-61.0932,,,1,-1.4,,,,15,7,28288,,,,5,3540,,,,30,20554,,,,9,6011,,,,,,,,,,,,,,,,,,,,,,,,,,,,,,,,,,,,,,,,,,,,,,,,,,,,,,,,,,
173719,14-Aug-18,16:16:18,2018-08-14 16:16:18,G,2,5,2536,1263,0,6,-62.5896,-61.1186,16:21.5,FastGPS,-62.5896,-61.1186,,,8.6,-1.5,,,,15,7,9204,,,,5,6871,,,,30,17049,,,,21,1786,,,,27,20736,,,,9,30783,,,,,,,,,,,,,,,,,,,,,,,,,,,,,,,,,,,,,,,,,,,,,,,,
173719,14-Aug-18,18:28:03,2018-08-14 18:28:03,G,1,5,2539,1265,0,6,-62.5816,-61.1898,28:07.6,FastGPS,-62.5816,-61.1898,,,4.5,-0.4,,,,15,13,16567,,,,30,17852,,,,28,6572,,,,15,23346,,,,20,3285,,,,7,9117,,,,,,,,,,,,,,,,,,,,,,,,,,,,,,,,,,,,,,,,,,,,,,,,
173719,14-Aug-18,19:32:26,2018-08-14 19:32:26,G,1,5,2541,,0,9,-62.5863,-61.204,32:30.6,FastGPS,-62.5863,-61.204,,,9.7,-0.4,,,,15,17,28544,,,,28,29201,,,,15,438,,,,24,13207,,,,11,3283,,,,18,17576,,,,13,25118,,,,1,4284,,,,30,23240,,,,,,,,,,,,,,,,,,,,,,,,,,,,,,,,,
173719,14-Aug-18,20:09:20,2018-08-14 20:09:20,G,2,5,2542,,0,9,-62.5887,-61.2201,09:24.0,FastGPS,-62.5887,-61.2201,,,15.9,-1,,,,15,24,17889,,,,28,11732,,,,15,1674,,,,17,20964,,,,11,5102,,,,1,23743,,,,10,8450,,,,12,9452,,,,18,25252,,,,,,,,,,,,,,,,,,,,,,,,,,,,,,,,,
173719,14-Aug-18,20:39:12,2018-08-14 20:39:12,G,1,5,2543,,0,9,-62.5887,-61.2202,39:16.0,FastGPS,-62.5887,-61.2202,,,12.6,-1,,,,15,12,18752,,,,15,417,,,,24,730,,,,1,16243,,,,32,6042,,,,10,8748,,,,11,11640,,,,18,24130,,,,28,22570,,,,,,,,,,,,,,,,,,,,,,,,,,,,,,,,,
173719,14-Aug-18,22:09:35,2018-08-14 22:09:35,G,1,5,2545,1265,0,6,-62.5703,-61.2391,09:38.6,FastGPS,-62.5703,-61.2391,,,6.2,-1.4,,,,15,17,4768,,,,19,22742,,,,12,1142,,,,24,26788,,,,6,12575,,,,3,12350,,,,,,,,,,,,,,,,,,,,,,,,,,,,,,,,,,,,,,,,,,,,,,,,
173719,15-Aug-18,1:58:35,2018-08-15 01:58:35,G,1,5,2550,,0,9,-62.4805,-61.3133,58:38.6,FastGPS,-62.4805,-61.3133,,1,10.1,-1.4,,,,15,5,7001,,,,29,19764,,,,31,31127,,,,4,22935,,,,2,12125,,,,25,27682,,,,26,20308,,,,21,20747,,,,16,17960,,,,,,,,,,,,,,,,,,,,,,,,,,,,,,,,,
173719,15-Aug-18,2:30:57,2018-08-15 02:30:57,G,1,5,2551,,0,9,-62.4609,-61.3264,31:01.0,FastGPS,-62.4609,-61.3264,,1,4.3,-1,,,,15,5,4684,,,,29,16530,,,,31,13808,,,,2,21323,,,,21,19042,,,,4,6378,,,,26,32403,,,,25,21638,,,,16,24808,,,,,,,,,,,,,,,,,,,,,,,,,,,,,,,,,
173719,15-Aug-18,6:41:32,2018-08-15 06:41:32,G,1,5,2558,1267,0,8,-62.4673,-61.3999,41:37.0,FastGPS,-62.4673,-61.3999,,,7.5,0,,,,15,27,4318,,,,8,5356,,,,18,25739,,,,10,31288,,,,11,29020,,,,28,10438,,,,15,25517,,,,20,32298,,,,,,,,,,,,,,,,,,,,,,,,,,,,,,,,,,,,,,
173719,15-Aug-18,7:27:02,2018-08-15 07:27:02,G,1,5,2559,1268,0,8,-62.4951,-61.3914,27:07.0,FastGPS,-62.4951,-61.3914,,,11.9,0,,,,15,18,19877,,,,11,26705,,,,28,27434,,,,1,16525,,,,8,664,,,,10,32330,,,,15,24604,,,,20,1758,,,,,,,,,,,,,,,,,,,,,,,,,,,,,,,,,,,,,,
173719,15-Aug-18,7:58:30,2018-08-15 07:58:30,G,1,5,2560,,0,9,-62.5202,-61.384,58:34.6,FastGPS,-62.5202,-61.384,,,10.4,-0.4,,,,15,18,6916,,,,11,16302,,,,8,8106,,,,1,23775,,,,10,32259,,,,22,28880,,,,32,20856,,,,28,10310,,,,20,22434,,,,,,,,,,,,,,,,,,,,,,,,,,,,,,,,,
173719,15-Aug-18,8:48:10,2018-08-15 08:48:10,G,1,5,2561,,0,9,-62.5459,-61.3803,48:14.6,FastGPS,-62.5459,-61.3803,,,10.5,-0.4,,,,15,22,3454,,,,17,12658,,,,3,3216,,,,1,3061,,,,11,23984,,,,28,22954,,,,18,11575,,,,8,6485,,,,32,27966,,,,,,,,,,,,,,,,,,,,,,,,,,,,,,,,,
173719,15-Aug-18,10:49:31,2018-08-15 10:49:31,G,1,5,2565,,0,9,-62.6199,-61.3029,49:35.6,FastGPS,-62.6199,-61.3029,,,5,-0.4,,,,15,17,16954,,,,12,954,,,,3,24924,,,,23,1940,,,,31,844,,,,19,18349,,,,22,27785,,,,14,12340,,,,6,18890,,,,,,,,,,,,,,,,,,,,,,,,,,,,,,,,,
173719,15-Aug-18,11:20:55,2018-08-15 11:20:55,G,1,5,2566,,0,9,-62.6374,-61.2973,21:00.0,FastGPS,-62.6374,-61.2973,,,8.6,0,,,,15,31,4366,,,,19,25190,,,,6,25010,,,,17,32061,,,,3,19515,,,,14,27609,,,,12,30441,,,,23,10417,,,,25,3666,,,,,,,,,,,,,,,,,,,,,,,,,,,,,,,,,
173719,15-Aug-18,11:51:00,2018-08-15 11:51:00,G,1,5,2567,,0,9,-62.6427,-61.2755,51:04.5,FastGPS,-62.6427,-61.2755,,1,3.9,-0.5,,,,15,6,5798,,,,31,1822,,,,19,29954,,,,23,24653,,,,22,13735,,,,3,16918,,,,17,28197,,,,25,15258,,,,4,1497,,,,,,,,,,,,,,,,,,,,,,,,,,,,,,,,,
173719,15-Aug-18,12:21:02,2018-08-15 12:21:02,G,2,5,2568,1268,0,8,-62.6432,-61.2661,21:07.0,FastGPS,-62.6432,-61.2661,,1,6.3,0,,,,15,31,25748,,,,3,14465,,,,23,5180,,,,4,20899,,,,26,7367,,,,6,16844,,,,22,20456,,,,2,26595,,,,,,,,,,,,,,,,,,,,,,,,,,,,,,,,,,,,,,
173719,15-Aug-18,13:13:40,2018-08-15 13:13:40,G,1,5,2569,,0,9,-62.6393,-61.2362,13:44.5,FastGPS,-62.6393,-61.2362,,1,5.1,-0.5,,,,15,2,19964,,,,9,3380,,,,6,24740,,,,4,31814,,,,29,31104,,,,26,25176,,,,23,28481,,,,16,28972,,,,3,28004,,,,,,,,,,,,,,,,,,,,,,,,,,,,,,,,,
173719,15-Aug-18,14:19:45,2018-08-15 14:19:45,G,1,5,2571,,0,9,-62.6404,-61.2043,19:50.0,FastGPS,-62.6404,-61.2043,,1,3.9,0,,,,15,2,12787,,,,5,22339,,,,29,32456,,,,7,30918,,,,4,11944,,,,26,20202,,,,9,1134,,,,23,20196,,,,6,12606,,,,,,,,,,,,,,,,,,,,,,,,,,,,,,,,,
173719,15-Aug-18,14:56:33,2018-08-15 14:56:33,G,3,5,2572,,0,9,-62.6359,-61.1711,56:37.5,FastGPS,-62.6359,-61.1711,,1,16.6,-0.5,,,,15,7,20620,,,,23,15444,,,,26,25138,,,,30,15710,,,,9,22235,,,,16,5425,,,,5,10315,,,,29,6144,,,,4,1396,,,,,,,,,,,,,,,,,,,,,,,,,,,,,,,,,
173719,15-Aug-18,15:30:14,2018-08-15 15:30:14,G,1,5,2573,1269,0,6,-62.6537,-61.1623,30:18.6,FastGPS,-62.6537,-61.1623,,,6.6,-0.4,,,,15,5,16521,,,,30,26850,,,,2,415,,,,13,7815,,,,7,14928,,,,16,19523,,,,,,,,,,,,,,,,,,,,,,,,,,,,,,,,,,,,,,,,,,,,,,,,
173719,15-Aug-18,16:33:34,2018-08-15 16:33:34,G,1,5,2575,1269,0,7,-62.6844,-61.1712,33:38.6,FastGPS,-62.6844,-61.1712,,,4.1,-0.4,,,,15,5,24179,,,,30,8289,,,,7,31106,,,,27,6114,,,,21,30492,,,,13,28950,,,,28,23824,,,,,,,,,,,,,,,,,,,,,,,,,,,,,,,,,,,,,,,,,,,
173719,15-Aug-18,17:19:23,2018-08-15 17:19:23,G,1,5,2576,1270,0,7,-62.6858,-61.2096,19:27.5,FastGPS,-62.6858,-61.2096,,,5.8,-0.5,,,,15,30,478,,,,28,11114,,,,7,20696,,,,5,22758,,,,27,5668,,,,13,10578,,,,8,27166,,,,,,,,,,,,,,,,,,,,,,,,,,,,,,,,,,,,,,,,,,,
173719,15-Aug-18,17:50:00,2018-08-15 17:50:00,G,2,5,2577,,0,9,-62.6994,-61.2005,50:05.0,FastGPS,-62.6994,-61.2005,,,11.7,0,,,,15,5,1919,,,,15,2942,,,,13,24773,,,,28,5286,,,,30,4304,,,,27,18912,,,,7,19134,,,,8,13114,,,,20,9162,,,,,,,,,,,,,,,,,,,,,,,,,,,,,,,,,
173719,15-Aug-18,18:22:01,2018-08-15 18:22:01,G,1,5,2578,1270,0,6,-62.7174,-61.2248,22:06.1,FastGPS,-62.7174,-61.2248,,,4.2,0.1,,,,15,13,29355,,,,28,17207,,,,30,3594,,,,15,30933,,,,20,13779,,,,7,29952,,,,,,,,,,,,,,,,,,,,,,,,,,,,,,,,,,,,,,,,,,,,,,,,
173719,15-Aug-18,20:18:42,2018-08-15 20:18:42,G,2,5,2581,,0,9,-62.7196,-61.2288,18:46.5,FastGPS,-62.7196,-61.2288,,,6.9,-0.5,,,,15,15,13685,,,,24,31488,,,,19,3412,,,,17,22291,,,,18,21535,,,,12,14338,,,,11,21803,,,,32,1294,,,,1,14526,,,,,,,,,,,,,,,,,,,,,,,,,,,,,,,,,
173719,15-Aug-18,20:49:02,2018-08-15 20:49:02,G,1,5,2582,1271,0,6,-62.7193,-61.246,49:07.0,FastGPS,-62.7193,-61.246,,,10.5,0,,,,15,17,16312,,,,19,30752,,,,12,18829,,,,15,28786,,,,24,32168,,,,10,19625,,,,,,,,,,,,,,,,,,,,,,,,,,,,,,,,,,,,,,,,,,,,,,,,
173719,15-Aug-18,21:56:00,2018-08-15 21:56:00,G,2,5,2584,1271,0,6,-62.7176,-61.2766,56:04.5,FastGPS,-62.7176,-61.2766,,,10,-0.5,,,,15,17,13250,,,,19,7148,,,,24,17615,,,,6,20008,,,,25,18042,,,,12,23281,,,,,,,,,,,,,,,,,,,,,,,,,,,,,,,,,,,,,,,,,,,,,,,,
173719,15-Aug-18,22:26:03,2018-08-15 22:26:03,G,1,5,2585,1271,0,8,-62.7114,-61.2855,26:08.0,FastGPS,-62.7114,-61.2855,,,8.6,0,,,,15,12,22593,,,,19,16322,,,,17,16240,,,,6,29449,,,,2,15708,,,,25,1673,,,,32,8149,,,,24,2251,,,,,,,,,,,,,,,,,,,,,,,,,,,,,,,,,,,,,,
173719,15-Aug-18,23:40:05,2018-08-15 23:40:05,G,1,5,2587,1271,0,8,-62.6882,-61.3725,40:09.5,FastGPS,-62.6882,-61.3725,,,10.3,-0.5,,,,15,12,25617,,,,29,22172,,,,2,5618,,,,6,28549,,,,32,22788,,,,25,2197,,,,31,10861,,,,19,26056,,,,,,,,,,,,,,,,,,,,,,,,,,,,,,,,,,,,,,
173719,16-Aug-18,0:10:01,2018-08-16 00:10:01,G,1,5,2588,1271,0,7,-62.6819,-61.4125,10:05.5,FastGPS,-62.6819,-61.4125,,1,9.9,-0.5,,,,15,12,25787,,,,2,32064,,,,25,11680,,,,29,24904,,,,31,18057,,,,14,19898,,,,4,19352,,,,,,,,,,,,,,,,,,,,,,,,,,,,,,,,,,,,,,,,,,,
173719,16-Aug-18,3:08:01,2018-08-16 03:08:01,G,1,5,2593,1272,0,7,-62.6429,-61.4864,08:05.1,FastGPS,-62.6429,-61.4864,,1,15.8,-0.9,,,,15,29,6701,,,,21,13364,,,,4,24707,,,,5,29643,,,,26,23519,,,,16,28121,,,,27,25744,,,,,,,,,,,,,,,,,,,,,,,,,,,,,,,,,,,,,,,,,,,
173719,16-Aug-18,3:38:22,2018-08-16 03:38:22,G,1,5,2594,1272,0,6,-62.6469,-61.5032,38:26.0,FastGPS,-62.6469,-61.5032,,1,5.7,-1,,,,15,29,9250,,,,21,3798,,,,4,10642,,,,16,2427,,,,20,26230,,,,26,1650,,,,,,,,,,,,,,,,,,,,,,,,,,,,,,,,,,,,,,,,,,,,,,,,
173719,16-Aug-18,4:08:42,2018-08-16 04:08:42,G,1,5,2595,,0,9,-62.6358,-61.5048,08:46.0,FastGPS,-62.6358,-61.5048,,1,12.1,-1,,,,15,29,23178,,,,15,27103,,,,21,11108,,,,20,31250,,,,16,28397,,,,4,21985,,,,13,32338,,,,27,11643,,,,5,819,,,,,,,,,,,,,,,,,,,,,,,,,,,,,,,,,
173719,16-Aug-18,4:55:48,2018-08-16 04:55:48,G,1,5,2596,1273,0,7,-62.6128,-61.5193,8/16/2018 4:55,FastGPS,-62.6128,-61.5193,,1,6,-1,,,,15,13,13934,,,,15,17381,,,,20,28256,,,,7,1220,,,,4,3158,,,,27,19218,,,,21,13342,,,,,,,,,,,,,,,,,,,,,,,,,,,,,,,,,,,,,,,,,,,
173719,16-Aug-18,5:26:00,2018-08-16 05:26:00,G,1,5,2597,1273,0,8,-62.6031,-61.5176,26:03.5,FastGPS,-62.6031,-61.5176,,,12.8,-1.5,,,,15,15,1670,,,,21,29966,,,,13,1496,,,,27,16648,,,,7,6252,,,,10,12332,,,,20,11133,,,,16,18532,,,,,,,,,,,,,,,,,,,,,,,,,,,,,,,,,,,,,,
173719,16-Aug-18,8:43:22,2018-08-16 08:43:22,G,1,5,2602,,0,9,-62.5389,-61.4521,43:26.0,FastGPS,-62.5389,-61.4521,,,11.2,-1,,,,15,10,4648,,,,32,24176,,,,24,15448,,,,17,6392,,,,14,29089,,,,18,7855,,,,1,30592,,,,8,5816,,,,11,20349,,,,,,,,,,,,,,,,,,,,,,,,,,,,,,,,,
173719,16-Aug-18,10:22:31,2018-08-16 10:22:31,G,1,5,2605,,0,9,-62.5229,-61.4021,22:35.5,FastGPS,-62.5229,-61.4021,,,14.4,-0.5,,,,15,17,4805,,,,19,4811,,,,3,3145,,,,32,31539,,,,1,1231,,,,23,6902,,,,14,806,,,,22,23257,,,,12,19150,,,,,,,,,,,,,,,,,,,,,,,,,,,,,,,,,
173719,16-Aug-18,10:53:05,2018-08-16 10:53:05,G,1,5,2606,,0,9,-62.5224,-61.3835,53:09.0,FastGPS,-62.5224,-61.3835,,,4.5,-1,,,,15,31,3339,,,,17,23187,,,,19,13643,,,,12,17260,,,,14,7753,,,,6,10685,,,,22,10523,,,,3,24998,,,,32,5326,,,,,,,,,,,,,,,,,,,,,,,,,,,,,,,,,
173719,16-Aug-18,11:25:46,2018-08-16 11:25:46,G,2,5,2607,1275,0,7,-62.5288,-61.3427,25:49.5,FastGPS,-62.5288,-61.3427,,,2.8,-1.5,,,,15,6,4548,,,,31,16784,,,,19,29898,,,,22,8784,,,,3,31854,,,,17,13608,,,,14,1395,,,,,,,,,,,,,,,,,,,,,,,,,,,,,,,,,,,,,,,,,,,
173719,16-Aug-18,12:02:20,2018-08-16 12:02:20,G,2,5,2608,,0,9,-62.5314,-61.3219,02:23.5,FastGPS,-62.5314,-61.3219,,1,4.8,-1.4,,,,15,6,28477,,,,9,7444,,,,23,16037,,,,31,28374,,,,19,14225,,,,22,14136,,,,3,14649,,,,4,10163,,,,25,16052,,,,,,,,,,,,,,,,,,,,,,,,,,,,,,,,,
173719,16-Aug-18,14:28:52,2018-08-16 14:28:52,G,1,5,2612,,0,9,-62.5312,-61.3221,28:55.6,FastGPS,-62.5312,-61.3221,,1,4.3,-1.4,,,,15,5,14693,,,,2,21162,,,,23,7637,,,,16,11255,,,,29,17308,,,,26,24286,,,,9,23899,,,,7,16328,,,,4,9261,,,,,,,,,,,,,,,,,,,,,,,,,,,,,,,,,
173719,16-Aug-18,14:59:52,2018-08-16 14:59:52,G,2,5,2613,1275,0,8,-62.5379,-61.3249,59:56.0,FastGPS,-62.5379,-61.3249,,,9,-0.9,,,,15,5,22300,,,,16,15489,,,,23,4269,,,,2,17373,,,,7,24626,,,,30,3571,,,,26,18501,,,,27,16852,,,,,,,,,,,,,,,,,,,,,,,,,,,,,,,,,,,,,,
173719,16-Aug-18,15:33:06,2018-08-16 15:33:06,G,2,5,2614,1275,0,5,-62.5356,-61.3368,33:11.0,FastGPS,-62.5356,-61.3368,,,1.9,0,,,,15,30,31357,,,,7,31653,,,,5,10717,,,,9,32329,,,,23,22123,,,,,,,,,,,,,,,,,,,,,,,,,,,,,,,,,,,,,,,,,,,,,,,,,,,,,
173719,16-Aug-18,16:03:00,2018-08-16 16:03:00,G,1,5,2615,,0,9,-62.5345,-61.3344,03:04.5,FastGPS,-62.5345,-61.3344,,,7.8,-0.5,,,,15,5,2909,,,,27,7113,,,,9,13555,,,,7,11433,,,,8,21356,,,,30,3982,,,,16,4956,,,,13,19068,,,,21,18981,,,,,,,,,,,,,,,,,,,,,,,,,,,,,,,,,
173719,16-Aug-18,16:33:54,2018-08-16 16:33:54,G,2,5,2616,1275,0,8,-62.5471,-61.3289,33:59.0,FastGPS,-62.5471,-61.3289,,,9.5,0,,,,15,13,18087,,,,5,24659,,,,7,24832,,,,9,17367,,,,8,27761,,,,27,10796,,,,21,4434,,,,30,16830,,,,,,,,,,,,,,,,,,,,,,,,,,,,,,,,,,,,,,
173719,16-Aug-18,17:08:45,2018-08-16 17:08:45,G,2,5,2617,1275,0,8,-62.5406,-61.3214,08:49.5,FastGPS,-62.5406,-61.3214,,,7.7,-0.4,,,,15,5,11693,,,,13,27442,,,,7,11860,,,,15,23707,,,,8,21324,,,,30,7777,,,,27,15628,,,,21,16874,,,,,,,,,,,,,,,,,,,,,,,,,,,,,,,,,,,,,,
173719,16-Aug-18,17:42:34,2018-08-16 17:42:34,G,2,5,2618,1275,0,7,-62.5449,-61.3326,42:38.6,FastGPS,-62.5449,-61.3326,,,11,-0.4,,,,15,7,29314,,,,30,8281,,,,5,13740,,,,28,26574,,,,8,11018,,,,13,17616,,,,15,19091,,,,,,,,,,,,,,,,,,,,,,,,,,,,,,,,,,,,,,,,,,,
173719,16-Aug-18,18:16:33,2018-08-16 18:16:33,G,2,5,2619,1275,0,8,-62.5427,-61.3304,16:38.0,FastGPS,-62.5427,-61.3304,,,15.8,0,,,,15,15,21828,,,,13,25630,,,,7,30924,,,,5,23404,,,,8,9080,,,,17,13507,,,,28,11626,,,,20,4898,,,,,,,,,,,,,,,,,,,,,,,,,,,,,,,,,,,,,,
173719,16-Aug-18,18:48:22,2018-08-16 18:48:22,G,1,5,2620,1275,0,8,-62.5385,-61.3147,48:26.5,FastGPS,-62.5385,-61.3147,,,8.1,-0.5,,,,15,30,22782,,,,17,15082,,,,15,26111,,,,28,12276,,,,13,29744,,,,11,4233,,,,24,11700,,,,1,30804,,,,,,,,,,,,,,,,,,,,,,,,,,,,,,,,,,,,,,
173719,16-Aug-18,19:21:21,2018-08-16 19:21:21,G,2,5,2621,,0,9,-62.5246,-61.339,21:25.5,FastGPS,-62.5246,-61.339,,,12,-0.5,,,,15,28,7668,,,,17,21509,,,,24,6820,,,,15,5375,,,,19,1666,,,,13,5880,,,,11,7162,,,,30,6736,,,,18,18264,,,,,,,,,,,,,,,,,,,,,,,,,,,,,,,,,
173719,16-Aug-18,19:51:00,2018-08-16 19:51:00,G,2,5,2622,,0,9,-62.5317,-61.3402,51:04.5,FastGPS,-62.5317,-61.3402,,,5.4,-0.5,,,,15,15,26523,,,,11,26920,,,,1,14282,,,,28,24015,,,,17,2668,,,,24,26616,,,,18,4412,,,,10,19348,,,,20,19255,,,,,,,,,,,,,,,,,,,,,,,,,,,,,,,,,
173719,16-Aug-18,20:26:51,2018-08-16 20:26:51,G,1,5,2623,,0,9,-62.5273,-61.308,26:55.6,FastGPS,-62.5273,-61.308,,1,13.2,-0.4,,,,15,17,27873,,,,28,1133,,,,12,28290,,,,15,6849,,,,19,1894,,,,24,18414,,,,1,8356,,,,13,18802,,,,32,12995,,,,,,,,,,,,,,,,,,,,,,,,,,,,,,,,,
173719,16-Aug-18,20:57:00,2018-08-16 20:57:00,G,1,5,2624,1275,0,8,-62.5174,-61.3186,57:04.5,FastGPS,-62.5174,-61.3186,,1,6.2,-0.5,,,,15,17,19075,,,,6,29455,,,,1,14747,,,,15,30875,,,,24,23145,,,,19,32280,,,,12,10693,,,,28,17049,,,,,,,,,,,,,,,,,,,,,,,,,,,,,,,,,,,,,,
173719,16-Aug-18,22:02:44,2018-08-16 22:02:44,G,1,5,2626,,0,9,-62.5112,-61.3091,02:48.5,FastGPS,-62.5112,-61.3091,,1,3.6,-0.4,,,,15,17,25012,,,,6,10248,,,,2,10653,,,,24,17937,,,,12,30014,,,,22,22954,,,,19,14609,,,,3,8297,,,,32,6821,,,,,,,,,,,,,,,,,,,,,,,,,,,,,,,,,
173719,16-Aug-18,22:33:00,2018-08-16 22:33:00,G,1,5,2627,,0,9,-62.4948,-61.29,33:04.5,FastGPS,-62.4948,-61.29,,1,7.4,-0.5,,,,15,17,9199,,,,19,773,,,,6,28133,,,,12,7320,,,,2,18669,,,,24,12990,,,,3,4271,,,,14,26338,,,,32,8545,,,,,,,,,,,,,,,,,,,,,,,,,,,,,,,,,
173719,16-Aug-18,23:03:29,2018-08-16 23:03:29,G,1,5,2628,1275,0,8,-62.483,-61.3068,03:34.0,FastGPS,-62.483,-61.3068,,,8.9,0,,,,15,12,21390,,,,29,15089,,,,6,6411,,,,19,28794,,,,25,9442,,,,2,13422,,,,32,5598,,,,24,17450,,,,,,,,,,,,,,,,,,,,,,,,,,,,,,,,,,,,,,
173719,17-Aug-18,3:36:00,2018-08-17 03:36:00,G,1,5,2636,,0,9,-62.455,-61.2449,36:04.5,FastGPS,-62.455,-61.2449,,1,16.2,-0.5,,,,15,5,19583,,,,29,30193,,,,4,326,,,,13,269,,,,21,601,,,,16,29330,,,,20,29314,,,,26,24688,,,,7,30107,,,,,,,,,,,,,,,,,,,,,,,,,,,,,,,,,
173719,17-Aug-18,4:09:20,2018-08-17 04:09:20,G,2,5,2637,,0,9,-62.4582,-61.2453,09:24.5,FastGPS,-62.4582,-61.2453,,1,2.6,-0.5,,,,15,4,5791,,,,26,18613,,,,20,18228,,,,21,12180,,,,15,12298,,,,16,26352,,,,29,4466,,,,27,27915,,,,10,32249,,,,,,,,,,,,,,,,,,,,,,,,,,,,,,,,,
173719,17-Aug-18,4:43:07,2018-08-17 04:43:07,G,2,5,2638,1275,0,7,-62.4612,-61.2372,43:11.5,FastGPS,-62.4612,-61.2372,,,7.7,-0.5,,,,15,27,696,,,,15,4925,,,,21,4484,,,,20,15796,,,,7,15648,,,,16,5287,,,,8,11188,,,,,,,,,,,,,,,,,,,,,,,,,,,,,,,,,,,,,,,,,,,
173719,17-Aug-18,5:13:04,2018-08-17 05:13:04,G,2,5,2639,1275,0,8,-62.4585,-61.2323,13:09.0,FastGPS,-62.4585,-61.2323,,,5.9,0,,,,15,10,13815,,,,27,1559,,,,16,16660,,,,7,25768,,,,20,2723,,,,8,6306,,,,21,26268,,,,15,25122,,,,,,,,,,,,,,,,,,,,,,,,,,,,,,,,,,,,,,
173719,17-Aug-18,5:47:24,2018-08-17 05:47:24,G,3,5,2640,1275,0,8,-62.4604,-61.2316,47:28.5,FastGPS,-62.4604,-61.2316,,,7,-0.5,,,,15,15,4085,,,,10,17359,,,,27,29866,,,,20,11660,,,,21,26364,,,,8,24927,,,,16,8608,,,,13,13348,,,,,,,,,,,,,,,,,,,,,,,,,,,,,,,,,,,,,,
173719,17-Aug-18,6:17:00,2018-08-17 06:17:00,G,2,5,2641,1275,0,8,-62.4668,-61.2241,17:04.5,FastGPS,-62.4668,-61.2241,,,7.1,-0.5,,,,15,27,27683,,,,8,11837,,,,10,17378,,,,18,23498,,,,20,28347,,,,15,22351,,,,11,25894,,,,32,28321,,,,,,,,,,,,,,,,,,,,,,,,,,,,,,,,,,,,,,
173719,17-Aug-18,6:51:09,2018-08-17 06:51:09,G,3,5,2642,1275,0,8,-62.4673,-61.1968,51:13.5,FastGPS,-62.4673,-61.1968,,,12.5,-0.5,,,,15,32,23470,,,,27,20701,,,,10,22539,,,,20,14500,,,,8,7941,,,,18,18464,,,,15,7604,,,,21,29482,,,,,,,,,,,,,,,,,,,,,,,,,,,,,,,,,,,,,,
173719,17-Aug-18,7:23:39,2018-08-17 07:23:39,G,3,5,2643,1275,0,8,-62.4631,-61.1939,23:43.5,FastGPS,-62.4631,-61.1939,,,6.2,-0.4,,,,15,32,30165,,,,27,16934,,,,18,30056,,,,10,20936,,,,14,25684,,,,11,4358,,,,8,22970,,,,22,15066,,,,,,,,,,,,,,,,,,,,,,,,,,,,,,,,,,,,,,
173719,17-Aug-18,7:57:48,2018-08-17 07:57:48,G,2,5,2644,1275,0,8,-62.4742,-61.2128,8/17/2018 7:57,FastGPS,-62.4742,-61.2128,,,7.1,0,,,,15,28,15374,,,,18,872,,,,11,10576,,,,10,23431,,,,1,31578,,,,32,18310,,,,20,5870,,,,24,11534,,,,,,,,,,,,,,,,,,,,,,,,,,,,,,,,,,,,,,
173719,17-Aug-18,8:31:27,2018-08-17 08:31:27,G,2,5,2645,,0,9,-62.4741,-61.2066,31:32.0,FastGPS,-62.4741,-61.2066,,,13,0,,,,15,1,26218,,,,11,1049,,,,22,14106,,,,18,22074,,,,10,20322,,,,28,28220,,,,17,20744,,,,24,10594,,,,32,8378,,,,,,,,,,,,,,,,,,,,,,,,,,,,,,,,,
173719,17-Aug-18,9:01:26,2018-08-17 09:01:26,G,2,5,2646,,0,9,-62.4791,-61.2088,01:30.5,FastGPS,-62.4791,-61.2088,,,5.7,-0.5,,,,15,17,30983,,,,22,16905,,,,1,15834,,,,32,16570,,,,3,3127,,,,11,21119,,,,18,7898,,,,10,19084,,,,14,16402,,,,,,,,,,,,,,,,,,,,,,,,,,,,,,,,,
173719,17-Aug-18,9:31:00,2018-08-17 09:31:00,G,1,5,2647,,0,9,-62.4894,-61.197,31:04.5,FastGPS,-62.4894,-61.197,,,4.9,-0.5,,,,15,19,3642,,,,17,19086,,,,32,837,,,,1,18073,,,,31,32666,,,,22,7418,,,,18,8593,,,,14,10328,,,,3,31381,,,,,,,,,,,,,,,,,,,,,,,,,,,,,,,,,
173719,17-Aug-18,10:50:48,2018-08-17 10:50:48,G,1,5,2649,1276,0,4,-62.4907,-61.1471,55:18.6,FastGPS,-62.4857,-61.181,,,0.5,-0.5,,,,15,23,30359,,,,3,20885,,,,17,11890,,,,22,2931,,,,,,,,,,,,,,,,,,,,,,,,,,,,,,,,,,,,,,,,,,,,,,,,,,,,,,,,,,
173719,17-Aug-18,11:55:14,2018-08-17 11:55:14,G,1,5,2651,1276,0,5,-62.4907,-61.1471,55:18.6,FastGPS,-62.4907,-61.1471,,,3.3,-0.4,,,,15,31,19177,,,,6,5924,,,,22,10412,,,,3,4704,,,,23,26719,,,,,,,,,,,,,,,,,,,,,,,,,,,,,,,,,,,,,,,,,,,,,,,,,,,,,
173719,17-Aug-18,12:25:00,2018-08-17 12:25:00,G,1,5,2652,1276,0,8,-62.4895,-61.1207,25:04.5,FastGPS,-62.4895,-61.1207,,,3.4,-0.5,,,,15,9,27025,,,,6,13951,,,,23,5512,,,,3,4689,,,,2,28309,,,,31,10737,,,,22,24985,,,,19,15570,,,,,,,,,,,,,,,,,,,,,,,,,,,,,,,,,,,,,,
173719,17-Aug-18,13:01:39,2018-08-17 13:01:39,G,1,5,2653,,0,9,-62.4866,-61.144,01:43.5,FastGPS,-62.4866,-61.144,,1,3.7,-0.5,,,,15,7,6615,,,,23,1084,,,,26,20455,,,,16,16425,,,,9,29607,,,,4,29731,,,,3,12610,,,,6,31031,,,,29,20884,,,,,,,,,,,,,,,,,,,,,,,,,,,,,,,,,
173719,17-Aug-18,14:07:33,2018-08-17 14:07:33,G,1,5,2655,1276,0,8,-62.4886,-61.147,07:37.5,FastGPS,-62.4886,-61.147,,1,9.8,-0.4,,,,15,4,18598,,,,29,31918,,,,23,332,,,,16,30541,,,,26,24878,,,,7,14513,,,,9,1700,,,,5,422,,,,,,,,,,,,,,,,,,,,,,,,,,,,,,,,,,,,,,
173719,17-Aug-18,14:43:44,2018-08-17 14:43:44,G,1,5,2656,1276,0,7,-62.4878,-61.1652,43:49.0,FastGPS,-62.4878,-61.1652,,,4.5,0,,,,15,7,12170,,,,5,26958,,,,29,17500,,,,30,30695,,,,9,344,,,,23,4942,,,,2,6097,,,,,,,,,,,,,,,,,,,,,,,,,,,,,,,,,,,,,,,,,,,
173719,17-Aug-18,15:45:00,2018-08-17 15:45:00,G,1,5,2658,1276,0,7,-62.4882,-61.1868,45:04.5,FastGPS,-62.4882,-61.1868,,,6.8,-0.5,,,,15,7,5643,,,,27,26051,,,,30,19966,,,,5,8027,,,,9,17342,,,,8,15444,,,,16,4039,,,,,,,,,,,,,,,,,,,,,,,,,,,,,,,,,,,,,,,,,,,
173719,17-Aug-18,16:17:34,2018-08-17 16:17:34,G,2,5,2659,1276,0,8,-62.4815,-61.1756,17:38.5,FastGPS,-62.4815,-61.1756,,,5.6,-0.4,,,,15,7,14398,,,,30,391,,,,13,30010,,,,5,30948,,,,8,20521,,,,28,16054,,,,9,1060,,,,27,31531,,,,,,,,,,,,,,,,,,,,,,,,,,,,,,,,,,,,,,
173719,17-Aug-18,16:47:30,2018-08-17 16:47:30,G,1,5,2660,,0,9,-62.4749,-61.1885,47:34.5,FastGPS,-62.4749,-61.1885,,,8.9,-0.4,,,,15,30,21949,,,,7,9197,,,,27,7014,,,,13,13952,,,,21,4871,,,,28,12470,,,,5,27134,,,,15,15912,,,,8,2862,,,,,,,,,,,,,,,,,,,,,,,,,,,,,,,,,
173719,17-Aug-18,17:17:36,2018-08-17 17:17:36,G,1,5,2661,1276,0,5,-62.4805,-61.1847,17:41.0,FastGPS,-62.4805,-61.1847,,,3.5,0,,,,15,5,11338,,,,28,12296,,,,13,54,,,,30,467,,,,15,19400,,,,,,,,,,,,,,,,,,,,,,,,,,,,,,,,,,,,,,,,,,,,,,,,,,,,,
173719,17-Aug-18,17:47:00,2018-08-17 17:47:00,G,1,5,2662,,0,9,-62.4749,-61.1861,47:04.5,FastGPS,-62.4749,-61.1861,,,9,-0.5,,,,15,15,21665,,,,13,32579,,,,5,18102,,,,7,31438,,,,8,7522,,,,30,27362,,,,28,21189,,,,27,2116,,,,20,24268,,,,,,,,,,,,,,,,,,,,,,,,,,,,,,,,,
173719,17-Aug-18,18:17:12,2018-08-17 18:17:12,G,1,5,2663,,0,9,-62.4735,-61.2108,17:17.0,FastGPS,-62.4735,-61.2108,,,11.5,0,,,,15,15,26418,,,,13,17102,,,,28,8455,,,,20,5424,,,,17,32661,,,,7,2752,,,,10,32733,,,,30,14142,,,,8,22238,,,,,,,,,,,,,,,,,,,,,,,,,,,,,,,,,
173719,17-Aug-18,20:48:00,2018-08-17 20:48:00,G,1,5,2668,,0,9,-62.4463,-61.2783,48:04.5,FastGPS,-62.4463,-61.2783,,,10.4,-0.5,,,,15,17,3706,,,,15,30489,,,,19,4798,,,,12,5705,,,,1,960,,,,24,32194,,,,6,20099,,,,28,21488,,,,13,10016,,,,,,,,,,,,,,,,,,,,,,,,,,,,,,,,,
173719,17-Aug-18,21:23:14,2018-08-17 21:23:14,G,1,5,2669,,0,9,-62.4465,-61.2734,23:19.0,FastGPS,-62.4465,-61.2734,,,4.7,0,,,,15,17,4552,,,,6,9420,,,,19,942,,,,1,23996,,,,22,4500,,,,3,31164,,,,15,14680,,,,12,15508,,,,32,22052,,,,,,,,,,,,,,,,,,,,,,,,,,,,,,,,,
173719,17-Aug-18,22:25:26,2018-08-17 22:25:26,G,1,5,2671,1276,0,8,-62.4309,-61.247,25:31.0,FastGPS,-62.4309,-61.247,,,10.4,0,,,,15,17,32559,,,,6,30973,,,,19,17788,,,,12,14154,,,,2,9993,,,,24,382,,,,3,8661,,,,22,5704,,,,,,,,,,,,,,,,,,,,,,,,,,,,,,,,,,,,,,
173719,17-Aug-18,23:55:28,2018-08-17 23:55:28,G,1,5,2674,1276,0,7,-62.4133,-61.199,55:32.6,FastGPS,-62.4133,-61.199,,1,7.5,-0.4,,,,15,31,28388,,,,12,10237,,,,6,14913,,,,2,24550,,,,25,5551,,,,29,31545,,,,4,16990,,,,,,,,,,,,,,,,,,,,,,,,,,,,,,,,,,,,,,,,,,,
173719,18-Aug-18,0:25:51,2018-08-18 00:25:51,G,2,5,2675,1276,0,8,-62.4094,-61.1788,25:56.0,FastGPS,-62.4094,-61.1788,,1,6.1,0,,,,15,12,25200,,,,31,9211,,,,2,13035,,,,23,6528,,,,6,27733,,,,25,22417,,,,29,19370,,,,4,6923,,,,,,,,,,,,,,,,,,,,,,,,,,,,,,,,,,,,,,
173719,18-Aug-18,0:56:00,2018-08-18 00:56:00,G,2,5,2676,,0,9,-62.4049,-61.1539,56:04.5,FastGPS,-62.4049,-61.1539,,1,7.2,-0.5,,,,15,5,2872,,,,12,3028,,,,2,30755,,,,31,23621,,,,23,7774,,,,29,23993,,,,4,915,,,,25,16262,,,,26,27450,,,,,,,,,,,,,,,,,,,,,,,,,,,,,,,,,
173719,18-Aug-18,1:29:30,2018-08-18 01:29:30,G,2,5,2677,,0,9,-62.4023,-61.1176,29:33.5,FastGPS,-62.4023,-61.1176,,1,6.4,-1.4,,,,15,5,26439,,,,29,9819,,,,4,548,,,,26,16974,,,,23,5690,,,,31,30160,,,,9,14464,,,,2,7039,,,,16,25782,,,,,,,,,,,,,,,,,,,,,,,,,,,,,,,,,
173719,18-Aug-18,2:31:00,2018-08-18 02:31:00,G,1,5,2679,,0,9,-62.3977,-61.057,31:03.5,FastGPS,-62.3977,-61.057,,1,10,-1.5,,,,15,5,23788,,,,29,12825,,,,16,24515,,,,4,31891,,,,26,3468,,,,21,28906,,,,2,14056,,,,25,17188,,,,9,12101,,,,,,,,,,,,,,,,,,,,,,,,,,,,,,,,,
173719,18-Aug-18,4:01:03,2018-08-18 04:01:03,G,2,5,2682,1276,0,5,-62.3871,-61.0029,01:06.5,FastGPS,-62.3871,-61.0029,,,0.7,-1.5,,,,15,29,6316,,,,27,25154,,,,20,18145,,,,16,9040,,,,5,13421,,,,,,,,,,,,,,,,,,,,,,,,,,,,,,,,,,,,,,,,,,,,,,,,,,,,,
173719,18-Aug-18,5:18:00,2018-08-18 05:18:00,G,1,5,2684,,1,9,-62.3677,-60.9646,18:04.6,FastGPS,-62.3677,-60.9646,,,11,-0.4,,,,15,15,16611,,,,26,9760,,,,21,11760,,,,16,31166,,,,10,27990,,,,20,26186,,,,7,14434,,,,27,28518,,,,8,21272,,,,,,,,,,,,,,,,,,,,,,,,,,,,,,,,,
173719,18-Aug-18,10:57:00,2018-08-18 10:57:00,G,1,5,2689,,0,9,-62.3217,-60.8849,57:04.0,FastGPS,-62.3217,-60.8849,,,9.3,-1,,,,15,31,13234,,,,3,29425,,,,23,10063,,,,1,11176,,,,14,22663,,,,17,15132,,,,22,21789,,,,9,20457,,,,18,29850,,,,,,,,,,,,,,,,,,,,,,,,,,,,,,,,,
173719,18-Aug-18,12:06:57,2018-08-18 12:06:57,G,1,5,2691,,0,9,-62.2994,-60.8895,07:01.5,FastGPS,-62.2994,-60.8895,,1,10,-0.5,,,,15,31,22316,,,,6,4437,,,,4,8950,,,,9,15558,,,,26,28093,,,,23,28474,,,,19,31518,,,,25,13215,,,,3,13723,,,,,,,,,,,,,,,,,,,,,,,,,,,,,,,,,
173719,18-Aug-18,14:05:56,2018-08-18 14:05:56,G,1,5,2694,1278,0,8,-62.3473,-60.8477,06:00.0,FastGPS,-62.3473,-60.8477,,1,2,-1,,,,15,23,4699,,,,5,19747,,,,9,11744,,,,7,3357,,,,29,6094,,,,2,22232,,,,4,22932,,,,16,11891,,,,,,,,,,,,,,,,,,,,,,,,,,,,,,,,,,,,,,
173719,18-Aug-18,14:43:04,2018-08-18 14:43:04,G,1,5,2695,,0,9,-62.3615,-60.8736,43:08.5,FastGPS,-62.3615,-60.8736,,1,2.9,-0.4,,,,15,7,14480,,,,5,30308,,,,26,22674,,,,9,20646,,,,30,6723,,,,16,1185,,,,4,31463,,,,2,20040,,,,29,452,,,,,,,,,,,,,,,,,,,,,,,,,,,,,,,,,
173719,18-Aug-18,15:13:04,2018-08-18 15:13:04,G,1,5,2696,1278,0,5,-62.3712,-60.898,13:07.5,FastGPS,-62.3712,-60.898,,,4.8,-1.5,,,,15,7,7762,,,,5,31133,,,,30,6299,,,,9,20823,,,,2,16551,,,,,,,,,,,,,,,,,,,,,,,,,,,,,,,,,,,,,,,,,,,,,,,,,,,,,
173719,18-Aug-18,15:43:12,2018-08-18 15:43:12,G,1,5,2697,1278,0,6,-62.3798,-60.928,43:16.0,FastGPS,-62.3798,-60.928,,,6.5,-1,,,,15,5,18793,,,,30,2890,,,,7,14666,,,,9,19691,,,,13,22831,,,,8,3445,,,,,,,,,,,,,,,,,,,,,,,,,,,,,,,,,,,,,,,,,,,,,,,,
173719,18-Aug-18,16:13:00,2018-08-18 16:13:00,G,1,5,2698,1278,0,7,-62.3834,-60.9533,13:04.6,FastGPS,-62.3834,-60.9533,,,5.5,-0.4,,,,15,5,4420,,,,7,22486,,,,28,21146,,,,13,668,,,,30,6602,,,,9,10811,,,,21,23941,,,,,,,,,,,,,,,,,,,,,,,,,,,,,,,,,,,,,,,,,,,
173719,18-Aug-18,17:16:25,2018-08-18 17:16:25,G,1,5,2700,1278,0,6,-62.3971,-60.9748,16:29.0,FastGPS,-62.3971,-60.9748,,,10.3,-1,,,,15,28,19219,,,,15,25198,,,,30,25192,,,,13,1195,,,,7,21643,,,,5,29837,,,,,,,,,,,,,,,,,,,,,,,,,,,,,,,,,,,,,,,,,,,,,,,,
173719,18-Aug-18,18:18:42,2018-08-18 18:18:42,G,1,5,2702,1278,0,6,-62.3967,-60.9753,18:46.5,FastGPS,-62.3967,-60.9753,,,4.2,-0.5,,,,15,15,16075,,,,13,23884,,,,30,6474,,,,28,21432,,,,20,22777,,,,11,6790,,,,,,,,,,,,,,,,,,,,,,,,,,,,,,,,,,,,,,,,,,,,,,,,
173719,18-Aug-18,19:06:35,2018-08-18 19:06:35,G,1,5,2703,1279,0,5,-62.3964,-60.9734,06:39.5,FastGPS,-62.3964,-60.9734,,,1.9,-0.5,,,,15,17,3739,,,,13,32569,,,,28,31564,,,,11,15262,,,,18,18642,,,,,,,,,,,,,,,,,,,,,,,,,,,,,,,,,,,,,,,,,,,,,,,,,,,,,
173719,18-Aug-18,19:39:58,2018-08-18 19:39:58,G,2,5,2704,1279,0,5,-62.3964,-60.9749,40:02.5,FastGPS,-62.3964,-60.9749,,,1.5,-0.4,,,,15,15,24469,,,,17,23935,,,,28,30063,,,,10,11600,,,,11,25051,,,,,,,,,,,,,,,,,,,,,,,,,,,,,,,,,,,,,,,,,,,,,,,,,,,,,
173719,18-Aug-18,20:11:35,2018-08-18 20:11:35,G,1,5,2705,1279,0,4,-62.414,-60.602,8/19/2018 9:28,K,-62.3973,-60.9786,,,0.4,0,,,,15,24,8759,,,,15,658,,,,12,2607,,,,10,25584,,,,,,,,,,,,,,,,,,,,,,,,,,,,,,,,,,,,,,,,,,,,,,,,,,,,,,,,,,
173719,19-Aug-18,2:16:00,2018-08-19 02:16:00,G,1,5,2715,1282,0,6,-62.4177,-60.98,16:04.5,FastGPS,-62.4177,-60.98,,1,12.8,-0.5,,,,15,29,25834,,,,4,17702,,,,26,11918,,,,21,4119,,,,16,6920,,,,5,17668,,,,,,,,,,,,,,,,,,,,,,,,,,,,,,,,,,,,,,,,,,,,,,,,
173719,19-Aug-18,6:48:15,2018-08-19 06:48:15,G,1,5,2720,1283,0,7,-62.4308,-60.7431,48:20.0,FastGPS,-62.4308,-60.7431,,,10.7,0,,,,15,10,8365,,,,32,3949,,,,20,22216,,,,27,26879,,,,8,27747,,,,15,15096,,,,11,28140,,,,,,,,,,,,,,,,,,,,,,,,,,,,,,,,,,,,,,,,,,,
173719,19-Aug-18,8:03:54,2018-08-19 08:03:54,G,1,5,2722,,0,9,-62.3939,-60.6701,03:58.6,FastGPS,-62.3939,-60.6701,,,5.6,-0.4,,,,15,32,17498,,,,18,27441,,,,22,15827,,,,11,4637,,,,8,21950,,,,1,20424,,,,10,17796,,,,14,16289,,,,27,31940,,,,,,,,,,,,,,,,,,,,,,,,,,,,,,,,,
173719,19-Aug-18,8:37:54,2018-08-19 08:37:54,G,1,5,2723,,0,9,-62.3902,-60.6171,37:58.0,FastGPS,-62.3902,-60.6171,,,6.3,-1,,,,15,1,30638,,,,22,6435,,,,32,11846,,,,17,17959,,,,3,10732,,,,11,5968,,,,18,27231,,,,10,419,,,,14,2617,,,,,,,,,,,,,,,,,,,,,,,,,,,,,,,,,
173719,19-Aug-18,9:08:40,2018-08-19 09:08:40,G,1,5,2724,,0,9,-62.414,-60.588,08:44.0,FastGPS,-62.414,-60.588,,,8.1,-1,,,,15,32,5133,,,,17,20608,,,,1,12029,,,,22,6645,,,,3,10087,,,,12,7182,,,,11,15606,,,,18,2696,,,,10,32162,,,,,,,,,,,,,,,,,,,,,,,,,,,,,,,,,
173719,19-Aug-18,9:39:46,2018-08-19 09:39:46,G,1,5,2725,1283,0,8,-62.4298,-60.5291,39:50.5,FastGPS,-62.4298,-60.5291,,,11.7,-0.5,,,,15,17,11342,,,,3,25962,,,,12,23768,,,,1,18564,,,,22,8533,,,,14,5144,,,,31,10505,,,,19,31179,,,,,,,,,,,,,,,,,,,,,,,,,,,,,,,,,,,,,,
173719,19-Aug-18,10:12:09,2018-08-19 10:12:09,G,1,5,2726,,0,9,-62.452,-60.4854,12:13.0,FastGPS,-62.452,-60.4854,,,6.6,-1,,,,15,3,30035,,,,17,23764,,,,12,11631,,,,32,20204,,,,11,7615,,,,1,22284,,,,14,23528,,,,31,1144,,,,22,15668,,,,,,,,,,,,,,,,,,,,,,,,,,,,,,,,,
173719,19-Aug-18,10:42:26,2018-08-19 10:42:26,G,1,5,2727,,0,9,-62.477,-60.4556,42:29.5,FastGPS,-62.477,-60.4556,,,5.4,-1.5,,,,15,12,15403,,,,3,26605,,,,25,31601,,,,22,10944,,,,19,11190,,,,1,19284,,,,31,10457,,,,14,5946,,,,23,864,,,,,,,,,,,,,,,,,,,,,,,,,,,,,,,,,
173719,19-Aug-18,15:02:10,2018-08-19 15:02:10,G,1,5,2731,1289,0,6,-62.5684,-60.5545,02:15.0,FastGPS,-62.5684,-60.5545,,,5.1,0,,,,15,9,16332,,,,23,4283,,,,7,8566,,,,30,20327,,,,16,19454,,,,2,17926,,,,,,,,,,,,,,,,,,,,,,,,,,,,,,,,,,,,,,,,,,,,,,,,
173719,19-Aug-18,15:35:15,2018-08-19 15:35:15,G,1,5,2732,1289,0,7,-62.5663,-60.5819,35:19.5,FastGPS,-62.5663,-60.5819,,,8.5,-0.5,,,,15,7,21062,,,,30,28410,,,,9,5522,,,,5,18018,,,,27,6835,,,,16,26045,,,,8,26628,,,,,,,,,,,,,,,,,,,,,,,,,,,,,,,,,,,,,,,,,,,
173719,19-Aug-18,16:05:14,2018-08-19 16:05:14,G,1,5,2733,1289,0,8,-62.5637,-60.6088,05:18.5,FastGPS,-62.5637,-60.6088,,,5.7,-0.5,,,,15,7,5999,,,,5,13449,,,,9,2165,,,,28,7602,,,,8,25728,,,,13,26053,,,,30,9526,,,,27,12884,,,,,,,,,,,,,,,,,,,,,,,,,,,,,,,,,,,,,,
173719,19-Aug-18,16:51:24,2018-08-19 16:51:24,G,1,5,2734,1290,0,6,-62.5595,-60.6472,51:29.0,FastGPS,-62.5595,-60.6472,,,9,0,,,,15,7,9296,,,,5,619,,,,13,21086,,,,28,6754,,,,30,22434,,,,15,6657,,,,,,,,,,,,,,,,,,,,,,,,,,,,,,,,,,,,,,,,,,,,,,,,
173719,19-Aug-18,17:25:48,2018-08-19 17:25:48,G,1,5,2735,1290,0,7,-62.5513,-60.6747,25:52.6,FastGPS,-62.5513,-60.6747,,,4.2,-0.4,,,,15,5,32512,,,,30,22866,,,,7,21700,,,,13,12841,,,,15,958,,,,8,19772,,,,28,17512,,,,,,,,,,,,,,,,,,,,,,,,,,,,,,,,,,,,,,,,,,,
173719,19-Aug-18,19:03:00,2018-08-19 19:03:00,G,1,5,2738,,0,9,-62.5186,-60.7026,8/19/2018 19:03,FastGPS,-62.5186,-60.7026,,,20,0,,,,15,17,9805,,,,30,14194,,,,28,2676,,,,19,17665,,,,15,13194,,,,13,1156,,,,11,21132,,,,24,23747,,,,20,4320,,,,,,,,,,,,,,,,,,,,,,,,,,,,,,,,,
173719,19-Aug-18,19:48:08,2018-08-19 19:48:08,G,1,5,2739,,0,9,-62.5046,-60.6932,48:12.5,FastGPS,-62.5046,-60.6932,,,9.2,-0.4,,,,15,15,13394,,,,18,4005,,,,24,25236,,,,28,28188,,,,10,17108,,,,1,2347,,,,20,30473,,,,11,17789,,,,17,32588,,,,,,,,,,,,,,,,,,,,,,,,,,,,,,,,,
173719,19-Aug-18,20:23:24,2018-08-19 20:23:24,G,1,5,2740,,0,9,-62.5021,-60.7032,23:28.5,FastGPS,-62.5021,-60.7032,,,12.2,-0.4,,,,15,17,29532,,,,28,24760,,,,19,22568,,,,1,3525,,,,18,1556,,,,15,7030,,,,11,19220,,,,24,28896,,,,13,6978,,,,,,,,,,,,,,,,,,,,,,,,,,,,,,,,,
173719,19-Aug-18,20:55:59,2018-08-19 20:55:59,G,2,5,2741,1291,0,5,-62.4958,-60.7037,56:04.0,FastGPS,-62.4958,-60.7037,,,6.4,0,,,,15,17,3308,,,,6,16150,,,,12,10478,,,,32,26425,,,,19,13228,,,,,,,,,,,,,,,,,,,,,,,,,,,,,,,,,,,,,,,,,,,,,,,,,,,,,
173719,19-Aug-18,21:26:02,2018-08-19 21:26:02,G,2,5,2742,1291,0,4,-62.4232,-60.8915,07:09.5,FastGPS,-62.4854,-60.712,,,0.4,-0.5,,,,15,17,6372,,,,6,20788,,,,12,6430,,,,19,32017,,,,,,,,,,,,,,,,,,,,,,,,,,,,,,,,,,,,,,,,,,,,,,,,,,,,,,,,,,
173719,20-Aug-18,1:07:05,2018-08-20 01:07:05,G,1,5,2747,1294,0,6,-62.423,-60.8916,07:09.5,FastGPS,-62.423,-60.8916,,1,1.1,-0.5,,,,15,31,18549,,,,12,31106,,,,29,30036,,,,25,17138,,,,5,16894,,,,4,17100,,,,,,,,,,,,,,,,,,,,,,,,,,,,,,,,,,,,,,,,,,,,,,,,
173719,20-Aug-18,1:37:00,2018-08-20 01:37:00,G,1,5,2748,,0,9,-62.407,-60.925,37:04.5,FastGPS,-62.407,-60.925,,1,9.8,-0.5,,,,15,5,3997,,,,31,30778,,,,29,17761,,,,21,12561,,,,4,15946,,,,25,29468,,,,26,12038,,,,16,7600,,,,2,18268,,,,,,,,,,,,,,,,,,,,,,,,,,,,,,,,,
173719,20-Aug-18,2:44:57,2018-08-20 02:44:57,G,2,5,2749,1295,0,5,-62.4232,-60.8915,07:09.5,FastGPS,-62.3863,-61.007,,1,0.6,-1.4,,,,15,29,2945,,,,21,31374,,,,5,15884,,,,26,30445,,,,4,5933,,,,,,,,,,,,,,,,,,,,,,,,,,,,,,,,,,,,,,,,,,,,,,,,,,,,,
173719,20-Aug-18,3:16:14,2018-08-20 03:16:14,G,3,5,2750,1295,0,7,-62.383,-61.0488,16:18.0,FastGPS,-62.383,-61.0488,,1,7.5,-1,,,,15,29,13905,,,,16,4729,,,,26,24638,,,,4,6336,,,,21,6414,,,,20,16555,,,,27,25462,,,,,,,,,,,,,,,,,,,,,,,,,,,,,,,,,,,,,,,,,,,
173719,20-Aug-18,3:46:49,2018-08-20 03:46:49,G,3,5,2751,,0,9,-62.3867,-61.0899,46:53.5,FastGPS,-62.3867,-61.0899,,1,13.8,-0.5,,,,15,4,29876,,,,7,6370,,,,16,13582,,,,26,3906,,,,20,31397,,,,27,5460,,,,5,8118,,,,10,32720,,,,21,28616,,,,,,,,,,,,,,,,,,,,,,,,,,,,,,,,,
173719,20-Aug-18,4:19:08,2018-08-20 04:19:08,G,3,5,2752,,0,9,-62.3933,-61.1249,19:11.5,FastGPS,-62.3933,-61.1249,,1,12,-1.4,,,,15,10,30623,,,,4,1558,,,,20,14004,,,,26,24023,,,,7,19891,,,,16,23573,,,,29,22639,,,,21,18546,,,,27,26121,,,,,,,,,,,,,,,,,,,,,,,,,,,,,,,,,
173719,20-Aug-18,4:49:50,2018-08-20 04:49:50,G,1,5,2753,,0,9,-62.4075,-61.1579,49:53.5,FastGPS,-62.4075,-61.1579,,,7,-1.4,,,,15,27,28159,,,,16,2135,,,,15,24719,,,,30,17706,,,,10,20034,,,,7,31804,,,,20,3266,,,,8,9559,,,,26,6473,,,,,,,,,,,,,,,,,,,,,,,,,,,,,,,,,
173719,20-Aug-18,7:56:00,2018-08-20 07:56:00,G,1,5,2758,,0,9,-62.4825,-61.2597,56:03.5,FastGPS,-62.4825,-61.2597,,,7.7,-1.5,,,,15,10,16548,,,,18,11859,,,,14,20773,,,,32,31110,,,,8,23959,,,,11,22317,,,,20,22373,,,,22,21379,,,,1,30948,,,,,,,,,,,,,,,,,,,,,,,,,,,,,,,,,
173719,20-Aug-18,12:12:43,2018-08-20 12:12:43,G,1,5,2766,1297,0,6,-62.5185,-61.3508,12:47.0,FastGPS,-62.5185,-61.3508,,,6.3,-1,,,,15,3,16387,,,,9,8223,,,,23,17602,,,,22,4018,,,,6,27026,,,,19,29305,,,,,,,,,,,,,,,,,,,,,,,,,,,,,,,,,,,,,,,,,,,,,,,,
173719,20-Aug-18,12:49:21,2018-08-20 12:49:21,G,1,5,2767,,0,9,-62.5182,-61.367,49:26.0,FastGPS,-62.5182,-61.367,,1,13.3,0,,,,15,3,16638,,,,23,5620,,,,6,3759,,,,16,19610,,,,9,2458,,,,22,26608,,,,26,24187,,,,2,15242,,,,4,942,,,,,,,,,,,,,,,,,,,,,,,,,,,,,,,,,
173719,20-Aug-18,13:22:01,2018-08-20 13:22:01,G,1,5,2768,1297,0,7,-62.5311,-61.3942,22:04.5,FastGPS,-62.5311,-61.3942,,,5,-1.5,,,,15,23,5118,,,,9,5189,,,,7,5086,,,,2,13275,,,,6,19550,,,,16,11492,,,,3,31185,,,,,,,,,,,,,,,,,,,,,,,,,,,,,,,,,,,,,,,,,,,
173719,21-Aug-18,9:26:56,2018-08-21 09:26:56,G,2,5,2775,1312,0,8,-62.4663,-61.3766,27:00.6,FastGPS,-62.4663,-61.3766,,,4.3,-0.4,,,,15,11,28938,,,,17,4217,,,,18,12253,,,,3,7586,,,,1,15410,,,,22,28886,,,,19,12181,,,,14,834,,,,,,,,,,,,,,,,,,,,,,,,,,,,,,,,,,,,,,
173719,21-Aug-18,9:59:36,2018-08-21 09:59:36,G,2,5,2776,,0,9,-62.4738,-61.4238,59:41.0,FastGPS,-62.4738,-61.4238,,,10.3,0,,,,15,3,20714,,,,1,29366,,,,17,30012,,,,22,13173,,,,31,15393,,,,14,29011,,,,32,31766,,,,18,32318,,,,11,21023,,,,,,,,,,,,,,,,,,,,,,,,,,,,,,,,,
173719,21-Aug-18,11:40:59,2018-08-21 11:40:59,G,1,5,2779,,0,9,-62.5229,-61.4502,41:04.0,FastGPS,-62.5229,-61.4502,,,6.5,0,,,,15,9,16051,,,,23,23256,,,,6,3654,,,,31,6870,,,,3,25696,,,,19,26898,,,,25,26006,,,,1,29079,,,,2,28934,,,,,,,,,,,,,,,,,,,,,,,,,,,,,,,,,
173719,21-Aug-18,14:26:00,2018-08-21 14:26:00,G,1,5,2784,,0,9,-62.5674,-61.569,26:04.5,FastGPS,-62.5674,-61.569,,1,11.3,-0.5,,,,15,29,24692,,,,5,25137,,,,7,10994,,,,30,26782,,,,23,12026,,,,9,2997,,,,2,15515,,,,4,26231,,,,26,15172,,,,,,,,,,,,,,,,,,,,,,,,,,,,,,,,,
173719,21-Aug-18,14:57:43,2018-08-21 14:57:43,G,2,5,2785,1312,0,6,-62.5819,-61.5866,57:47.6,FastGPS,-62.5819,-61.5866,,,6.7,-0.4,,,,15,30,6846,,,,7,15739,,,,5,5567,,,,9,4578,,,,23,18886,,,,2,12085,,,,,,,,,,,,,,,,,,,,,,,,,,,,,,,,,,,,,,,,,,,,,,,,
173719,21-Aug-18,15:31:00,2018-08-21 15:31:00,G,2,5,2786,1312,0,6,-62.5884,-61.6147,8/21/2018 15:31,FastGPS,-62.5884,-61.6147,,,8.1,0,,,,15,30,24134,,,,5,9821,,,,7,1708,,,,13,15910,,,,9,2481,,,,8,21383,,,,,,,,,,,,,,,,,,,,,,,,,,,,,,,,,,,,,,,,,,,,,,,,
173719,21-Aug-18,17:08:38,2018-08-21 17:08:38,G,1,5,2789,1312,0,8,-62.6205,-61.7157,08:43.0,FastGPS,-62.6205,-61.7157,,,5.1,0,,,,15,5,26855,,,,15,25003,,,,13,23408,,,,28,10631,,,,8,9560,,,,21,24880,,,,7,10854,,,,30,27173,,,,,,,,,,,,,,,,,,,,,,,,,,,,,,,,,,,,,,
173719,21-Aug-18,17:39:16,2018-08-21 17:39:16,G,1,5,2790,,0,9,-62.6373,-61.7219,39:20.5,FastGPS,-62.6373,-61.7219,,,8.1,-0.5,,,,15,15,21742,,,,13,9105,,,,7,24465,,,,8,28494,,,,30,5069,,,,5,18194,,,,11,21454,,,,20,20261,,,,28,6418,,,,,,,,,,,,,,,,,,,,,,,,,,,,,,,,,
173719,21-Aug-18,18:25:07,2018-08-21 18:25:07,G,2,5,2791,1313,0,6,-62.6396,-61.7114,25:12.0,FastGPS,-62.6396,-61.7115,,,5.8,0,,,,15,17,25701,,,,30,24500,,,,28,6417,,,,13,26624,,,,15,14757,,,,8,13700,,,,,,,,,,,,,,,,,,,,,,,,,,,,,,,,,,,,,,,,,,,,,,,,
173719,21-Aug-18,18:59:41,2018-08-21 18:59:41,G,1,5,2792,,0,9,-62.6416,-61.7121,59:46.0,FastGPS,-62.6416,-61.7121,,,10.2,0,,,,15,10,32456,,,,15,14124,,,,20,2507,,,,11,14882,,,,17,23672,,,,18,25208,,,,24,12920,,,,28,18148,,,,1,2486,,,,,,,,,,,,,,,,,,,,,,,,,,,,,,,,,
173719,21-Aug-18,20:01:59,2018-08-21 20:01:59,G,1,5,2793,,0,9,-62.6331,-61.6726,02:03.6,FastGPS,-62.6331,-61.6726,,,6.9,-0.4,,,,15,17,11090,,,,24,31672,,,,10,7856,,,,28,8513,,,,15,9078,,,,18,20414,,,,19,7922,,,,12,28983,,,,11,13702,,,,,,,,,,,,,,,,,,,,,,,,,,,,,,,,,
173719,21-Aug-18,20:37:25,2018-08-21 20:37:25,G,1,5,2794,,0,9,-62.6315,-61.6616,37:29.5,FastGPS,-62.6315,-61.6616,,,14.5,-0.5,,,,15,12,2776,,,,17,6995,,,,1,4117,,,,32,23218,,,,24,14533,,,,28,2187,,,,15,19272,,,,6,21234,,,,19,22566,,,,,,,,,,,,,,,,,,,,,,,,,,,,,,,,,
173719,21-Aug-18,21:12:50,2018-08-21 21:12:50,G,1,5,2795,1315,0,6,-62.6359,-61.6446,12:54.6,FastGPS,-62.6359,-61.6446,,,6.1,-0.4,,,,15,12,32318,,,,32,5846,,,,17,21817,,,,24,28791,,,,19,1882,,,,6,32707,,,,,,,,,,,,,,,,,,,,,,,,,,,,,,,,,,,,,,,,,,,,,,,,
173719,21-Aug-18,22:13:36,2018-08-21 22:13:36,G,1,5,2797,,0,9,-62.6358,-61.6151,8/21/2018 22:13,FastGPS,-62.6358,-61.6151,,,10.8,0,,,,15,17,11646,,,,12,16694,,,,2,28752,,,,6,4796,,,,14,6634,,,,24,16657,,,,19,7472,,,,3,15560,,,,22,4953,,,,,,,,,,,,,,,,,,,,,,,,,,,,,,,,,
173719,21-Aug-18,22:45:08,2018-08-21 22:45:08,G,2,5,2798,1315,0,8,-62.6354,-61.5995,45:13.0,FastGPS,-62.6354,-61.5995,,,3.2,0,,,,15,31,6986,,,,25,28609,,,,12,31289,,,,14,1958,,,,19,1146,,,,2,29812,,,,32,13696,,,,6,17134,,,,,,,,,,,,,,,,,,,,,,,,,,,,,,,,,,,,,,
173719,21-Aug-18,23:17:26,2018-08-21 23:17:26,G,2,5,2799,1315,0,8,-62.6364,-61.5829,17:31.0,FastGPS,-62.6364,-61.5829,,,12.1,0,,,,15,31,19347,,,,12,24246,,,,2,11016,,,,25,8359,,,,6,26411,,,,14,26367,,,,32,19792,,,,19,20820,,,,,,,,,,,,,,,,,,,,,,,,,,,,,,,,,,,,,,
173719,21-Aug-18,23:47:00,2018-08-21 23:47:00,G,2,5,2800,1315,0,7,-62.6374,-61.5701,47:04.5,FastGPS,-62.6374,-61.5701,,1,1.8,-0.5,,,,15,31,8432,,,,12,9124,,,,29,18677,,,,6,15020,,,,25,32314,,,,2,19874,,,,4,13042,,,,,,,,,,,,,,,,,,,,,,,,,,,,,,,,,,,,,,,,,,,
173719,22-Aug-18,0:19:49,2018-08-22 00:19:49,G,1,5,2801,,0,9,-62.6399,-61.5567,19:52.6,FastGPS,-62.6399,-61.5567,,1,5.1,-1.4,,,,15,31,25291,,,,4,24727,,,,29,18550,,,,2,6092,,,,26,8529,,,,12,21645,,,,5,23474,,,,25,15880,,,,6,24552,,,,,,,,,,,,,,,,,,,,,,,,,,,,,,,,,
173719,22-Aug-18,0:51:01,2018-08-22 00:51:01,G,1,5,2802,,0,9,-62.6473,-61.5471,51:05.0,FastGPS,-62.6473,-61.5471,,1,10,-1,,,,15,4,30972,,,,26,32388,,,,31,2990,,,,29,26774,,,,5,25413,,,,2,19811,,,,23,29945,,,,12,3114,,,,25,7238,,,,,,,,,,,,,,,,,,,,,,,,,,,,,,,,,
173719,22-Aug-18,2:51:00,2018-08-22 02:51:00,G,1,5,2806,1315,0,7,-62.6686,-61.4902,51:03.5,FastGPS,-62.6686,-61.4902,,1,3.3,-1.5,,,,15,5,3629,,,,29,1876,,,,16,1536,,,,26,7208,,,,4,1872,,,,21,24306,,,,7,12472,,,,,,,,,,,,,,,,,,,,,,,,,,,,,,,,,,,,,,,,,,,
173719,22-Aug-18,3:21:00,2018-08-22 03:21:00,G,1,5,2807,,0,9,-62.6707,-61.4677,21:03.5,FastGPS,-62.6707,-61.4677,,1,8.4,-1.5,,,,15,29,12212,,,,7,18406,,,,16,9636,,,,5,10919,,,,26,19521,,,,4,23372,,,,21,14902,,,,13,23750,,,,15,28470,,,,,,,,,,,,,,,,,,,,,,,,,,,,,,,,,
173719,22-Aug-18,3:51:03,2018-08-22 03:51:03,G,1,5,2808,,0,9,-62.6766,-61.4445,51:06.5,FastGPS,-62.6766,-61.4445,,,15.1,-1.5,,,,15,27,27326,,,,29,14968,,,,15,7581,,,,7,25748,,,,16,15661,,,,13,5725,,,,20,14516,,,,5,31986,,,,21,1621,,,,,,,,,,,,,,,,,,,,,,,,,,,,,,,,,
173719,22-Aug-18,4:23:18,2018-08-22 04:23:18,G,1,5,2809,,0,9,-62.6795,-61.4201,23:21.5,FastGPS,-62.6795,-61.4201,,,11.4,-1.5,,,,15,15,7810,,,,7,20262,,,,27,5873,,,,20,18533,,,,21,5166,,,,8,20148,,,,16,6125,,,,13,20206,,,,30,23843,,,,,,,,,,,,,,,,,,,,,,,,,,,,,,,,,
173719,22-Aug-18,7:27:00,2018-08-22 07:27:00,G,1,5,2815,,0,9,-62.6682,-61.3064,27:03.5,FastGPS,-62.6682,-61.3064,,,5.6,-1.5,,,,15,11,31777,,,,18,22494,,,,8,2138,,,,27,13164,,,,32,1537,,,,10,28735,,,,1,900,,,,28,1218,,,,14,8785,,,,,,,,,,,,,,,,,,,,,,,,,,,,,,,,,
173719,22-Aug-18,8:27:00,2018-08-22 08:27:00,G,1,5,2817,,0,9,-62.6551,-61.3019,27:03.5,FastGPS,-62.6551,-61.3019,,,10.6,-1.5,,,,15,17,15991,,,,32,28985,,,,1,22796,,,,14,22847,,,,18,13787,,,,11,26529,,,,28,1063,,,,3,6324,,,,24,8396,,,,,,,,,,,,,,,,,,,,,,,,,,,,,,,,,
173719,22-Aug-18,22:34:16,2018-08-22 22:34:16,G,1,5,2828,1319,0,8,-62.6328,-61.3019,34:21.0,FastGPS,-62.6328,-61.3019,,,3.5,0,,,,15,12,8105,,,,6,22130,,,,24,16974,,,,19,29194,,,,25,12755,,,,2,6714,,,,14,8237,,,,31,10815,,,,,,,,,,,,,,,,,,,,,,,,,,,,,,,,,,,,,,
173719,22-Aug-18,23:21:07,2018-08-22 23:21:07,G,1,5,2829,1320,0,4,-62.682,-61.461,8/23/2018 5:38,A,-62.6321,-61.3339,,,0.2,-0.8,,,,15,29,28204,,,,31,6751,,,,25,12757,,,,12,1852,,,,,,,,,,,,,,,,,,,,,,,,,,,,,,,,,,,,,,,,,,,,,,,,,,,,,,,,,,
173719,22-Aug-18,23:51:00,2018-08-22 23:51:00,G,1,5,2830,1320,0,7,-62.6395,-61.3345,51:04.5,FastGPS,-62.6395,-61.3345,,1,11.6,-0.5,,,,15,29,24506,,,,31,3690,,,,4,26813,,,,12,28223,,,,25,11484,,,,2,2240,,,,14,15463,,,,,,,,,,,,,,,,,,,,,,,,,,,,,,,,,,,,,,,,,,,
