Name,Day,Time,Date,lc,Count,Time Offset,LocNumber,Failures,Hauled Out,Satellites,InitLat,InitLon,InitTime,InitType,Latitude,Longitude,Height,Bad Sats,Residual,Time Error,TWIC Power,Fastloc Power,Noise,Range Bits,Id,Range,Signal,Doppler,CNR,Id,Range,Signal,Doppler,CNR,Id,Range,Signal,Doppler,CNR,Id,Range,Signal,Doppler,CNR,Id,Range,Signal,Doppler,CNR,Id,Range,Signal,Doppler,CNR,Id,Range,Signal,Doppler,CNR,Id,Range,Signal,Doppler,CNR,Id,Range,Signal,Doppler,CNR,Id,Range,Signal,Doppler,CNR,Id,Range,Signal,Doppler,CNR,Id,Range,Signal,Doppler,CNR,Id,Range,Signal,Doppler,CNR,Id,Range,Signal,Doppler,CNR,Id,Range,Signal,Doppler,CNR
173711,22-Jan-18,15:05:00,2018-01-22 15:05:00,G,9,2,36,7,1,5,-62.47,-60.7726,05:00.9,FastGPS,-62.47,-60.7726,,,2,-1.1,,,,15,5,18203,,,,12,24212,,,,2,19260,,,,29,16690,,,,25,13013,,,,,,,,,,,,,,,,,,,,,,,,,,,,,,,,,,,,,,,,,,,,,,,,,,,,,
173711,22-Jan-18,15:50:00,2018-01-22 15:50:00,G,5,2,37,8,1,4,-62.4689,-60.8148,35:17.5,FastGPS,,,,,,,,,,15,4,10172,,,,26,5300,,,,16,9301,,,,21,19513,,,,,,,,,,,,,,,,,,,,,,,,,,,,,,,,,,,,,,,,,,,,,,,,,,,,,,,,,,
173711,22-Jan-18,16:20:00,2018-01-22 16:20:00,G,8,2,38,8,1,4,-62.4689,-60.8148,35:17.5,FastGPS,,,,,,,,,,15,29,17130,,,,5,24904,,,,20,23418,,,,4,22986,,,,,,,,,,,,,,,,,,,,,,,,,,,,,,,,,,,,,,,,,,,,,,,,,,,,,,,,,,
173711,22-Jan-18,16:50:00,2018-01-22 16:50:00,G,7,2,39,8,1,4,-62.4689,-60.8148,35:17.5,FastGPS,,,,,,,,,,15,29,30204,,,,20,4406,,,,4,15657,,,,26,15216,,,,,,,,,,,,,,,,,,,,,,,,,,,,,,,,,,,,,,,,,,,,,,,,,,,,,,,,,,
173711,22-Jan-18,17:20:00,2018-01-22 17:20:00,G,8,2,40,8,1,4,-62.4689,-60.8148,35:17.5,FastGPS,,,,,,,,,,15,18,30656,,,,21,10241,,,,4,23326,,,,16,11016,,,,,,,,,,,,,,,,,,,,,,,,,,,,,,,,,,,,,,,,,,,,,,,,,,,,,,,,,,
173711,22-Jan-18,17:50:00,2018-01-22 17:50:00,G,4,2,41,8,1,4,-62.4689,-60.8148,35:17.5,FastGPS,,,,,,,,,,15,4,10583,,,,16,31181,,,,26,13353,,,,27,25096,,,,,,,,,,,,,,,,,,,,,,,,,,,,,,,,,,,,,,,,,,,,,,,,,,,,,,,,,,
173711,22-Jan-18,18:20:00,2018-01-22 18:20:00,G,5,2,42,8,1,4,-62.4689,-60.8148,35:17.5,FastGPS,,,,,,,,,,15,27,30915,,,,16,31517,,,,26,16098,,,,4,20730,,,,,,,,,,,,,,,,,,,,,,,,,,,,,,,,,,,,,,,,,,,,,,,,,,,,,,,,,,
173711,22-Jan-18,19:05:00,2018-01-22 19:05:00,G,3,2,43,9,1,7,-62.4704,-60.7808,05:02.0,FastGPS,-62.4704,-60.7808,,1,15.7,0,,,,15,18,6283,,,,21,16166,,,,4,4942,,,,10,19394,,,,15,15320,,,,16,19466,,,,26,22324,,,,,,,,,,,,,,,,,,,,,,,,,,,,,,,,,,,,,,,,,,,
173711,23-Jan-18,1:17:06,2018-01-23 01:17:06,G,1,2,44,,0,9,-62.4734,-60.7962,17:08.5,FastGPS,-62.4734,-60.7962,,,12.1,0.5,,,,15,17,10530,,,,1,1137,,,,23,5444,,,,19,31122,,,,3,20748,,,,6,9058,,,,12,27983,,,,22,58,,,,31,17458,,,,,,,,,,,,,,,,,,,,,,,,,,,,,,,,,
173711,23-Jan-18,2:28:29,2018-01-23 02:28:29,G,2,2,45,11,0,8,-62.4737,-60.7977,1/23/2018 2:28,FastGPS,-62.4737,-60.7977,,1,5.5,-1,,,,15,3,28408,,,,23,1281,,,,2,30306,,,,9,12614,,,,6,29739,,,,22,10980,,,,31,8095,,,,4,4934,,,,,,,,,,,,,,,,,,,,,,,,,,,,,,,,,,,,,,
173711,23-Jan-18,4:42:12,2018-01-23 04:42:12,G,2,2,47,15,0,8,-62.4714,-60.8058,42:14.0,FastGPS,-62.4714,-60.8058,,,10.2,0,,,,15,7,6907,,,,16,17570,,,,23,24218,,,,9,17564,,,,30,16356,,,,6,4188,,,,2,950,,,,26,28601,,,,,,,,,,,,,,,,,,,,,,,,,,,,,,,,,,,,,,
173711,23-Jan-18,5:35:15,2018-01-23 05:35:15,G,3,2,48,16,0,6,-62.4689,-60.8148,35:17.5,FastGPS,-62.4689,-60.8148,,,2.2,0.5,,,,15,5,31719,,,,7,16405,,,,16,27255,,,,30,4979,,,,20,4919,,,,21,31533,,,,,,,,,,,,,,,,,,,,,,,,,,,,,,,,,,,,,,,,,,,,,,,,
173711,23-Jan-18,7:09:09,2018-01-23 07:09:09,G,2,2,49,20,0,8,-62.4638,-60.8162,09:10.5,FastGPS,-62.4638,-60.8162,,,7.3,-0.5,,,,15,7,1018,,,,15,30696,,,,5,15183,,,,8,27348,,,,13,14427,,,,20,27739,,,,9,16102,,,,30,6100,,,,,,,,,,,,,,,,,,,,,,,,,,,,,,,,,,,,,,
173711,23-Jan-18,7:57:14,2018-01-23 07:57:14,G,4,2,50,21,0,6,-62.4629,-60.8164,57:16.0,FastGPS,-62.4629,-60.8164,,,9.7,0,,,,15,7,2218,,,,5,31622,,,,30,2362,,,,28,7122,,,,13,4057,,,,11,32402,,,,,,,,,,,,,,,,,,,,,,,,,,,,,,,,,,,,,,,,,,,,,,,,
173711,23-Jan-18,8:27:02,2018-01-23 08:27:02,G,1,2,51,21,0,8,-62.4629,-60.8164,27:04.5,FastGPS,-62.4629,-60.8164,,,12.4,0.5,,,,15,20,26019,,,,5,7374,,,,24,31967,,,,28,15395,,,,30,11989,,,,13,18725,,,,15,1580,,,,18,30833,,,,,,,,,,,,,,,,,,,,,,,,,,,,,,,,,,,,,,
173711,23-Jan-18,8:57:32,2018-01-23 08:57:32,G,3,2,52,,0,9,-62.4625,-60.8169,57:34.5,FastGPS,-62.4625,-60.8169,,,9,0.5,,,,15,17,27316,,,,11,28148,,,,30,17044,,,,15,4836,,,,1,14737,,,,13,8132,,,,19,1407,,,,24,30274,,,,20,24366,,,,,,,,,,,,,,,,,,,,,,,,,,,,,,,,,
173711,23-Jan-18,9:28:03,2018-01-23 09:28:03,G,1,2,53,21,0,8,-62.4625,-60.8173,28:04.5,FastGPS,-62.4625,-60.8173,,,6.5,-0.5,,,,15,17,27311,,,,13,27782,,,,28,17936,,,,11,5863,,,,15,2070,,,,1,11108,,,,19,8062,,,,30,14546,,,,,,,,,,,,,,,,,,,,,,,,,,,,,,,,,,,,,,
173711,23-Jan-18,9:58:45,2018-01-23 09:58:45,G,4,2,54,,0,9,-62.4632,-60.8167,58:46.9,FastGPS,-62.4632,-60.8167,,,15,0,,,,15,12,17912,,,,18,10880,,,,15,466,,,,10,5278,,,,24,14796,,,,13,27160,,,,1,20244,,,,28,20252,,,,17,5614,,,,,,,,,,,,,,,,,,,,,,,,,,,,,,,,,
173711,23-Jan-18,10:59:00,2018-01-23 10:59:00,G,2,2,55,23,0,6,-62.476,-60.7938,59:02.0,FastGPS,-62.476,-60.7938,,,10.5,0,,,,15,12,15078,,,,15,31686,,,,17,17916,,,,24,12477,,,,19,29408,,,,32,2797,,,,,,,,,,,,,,,,,,,,,,,,,,,,,,,,,,,,,,,,,,,,,,,,
173711,23-Jan-18,11:29:05,2018-01-23 11:29:05,G,5,2,56,23,0,7,-62.4753,-60.7944,29:07.5,FastGPS,-62.4753,-60.7944,,,8.3,0.5,,,,15,17,18378,,,,19,31560,,,,24,8535,,,,12,9921,,,,15,21395,,,,32,10918,,,,6,20624,,,,,,,,,,,,,,,,,,,,,,,,,,,,,,,,,,,,,,,,,,,
173711,23-Jan-18,11:59:00,2018-01-23 11:59:00,G,3,2,57,23,1,6,-62.4748,-60.7959,59:02.0,FastGPS,-62.4748,-60.7959,,,5.3,0,,,,15,6,26742,,,,17,10456,,,,3,15277,,,,19,24748,,,,22,11310,,,,2,13650,,,,,,,,,,,,,,,,,,,,,,,,,,,,,,,,,,,,,,,,,,,,,,,,
173711,24-Jan-18,0:11:00,2018-01-24 00:11:00,G,4,2,58,,0,9,-62.4754,-60.7953,1/24/2018 0:11,FastGPS,-62.4754,-60.7953,,,10.3,-1,,,,15,17,12778,,,,3,30877,,,,31,11560,,,,11,18493,,,,1,31979,,,,12,17096,,,,32,28409,,,,19,10858,,,,22,5132,,,,,,,,,,,,,,,,,,,,,,,,,,,,,,,,,
173711,24-Jan-18,0:42:17,2018-01-24 00:42:17,G,4,2,59,23,0,7,-62.4753,-60.7953,1/24/2018 0:42,FastGPS,-62.4753,-60.7953,,,9.9,0,,,,15,31,32639,,,,1,29458,,,,23,25515,,,,14,12268,,,,11,16280,,,,32,4617,,,,3,24187,,,,,,,,,,,,,,,,,,,,,,,,,,,,,,,,,,,,,,,,,,,
173711,24-Jan-18,1:27:00,2018-01-24 01:27:00,G,1,2,60,,0,9,-62.4755,-60.7954,27:02.0,FastGPS,-62.4755,-60.7954,,,8.2,0,,,,15,31,7412,,,,25,8734,,,,22,20204,,,,1,30658,,,,14,31861,,,,12,23458,,,,23,11836,,,,6,19843,,,,9,30468,,,,,,,,,,,,,,,,,,,,,,,,,,,,,,,,,
173711,24-Jan-18,1:57:00,2018-01-24 01:57:00,G,2,2,61,,0,9,-62.4756,-60.7958,57:02.5,FastGPS,-62.4756,-60.7958,,,9.2,0.5,,,,15,23,11674,,,,3,14016,,,,6,30718,,,,9,19067,,,,19,17848,,,,31,25144,,,,2,1763,,,,1,8940,,,,12,23720,,,,,,,,,,,,,,,,,,,,,,,,,,,,,,,,,
173711,24-Jan-18,2:27:00,2018-01-24 02:27:00,G,2,2,62,24,0,6,-62.4753,-60.7965,27:02.0,FastGPS,-62.4753,-60.7965,,,15.2,0,,,,15,6,8537,,,,9,30583,,,,3,29004,,,,22,8008,,,,23,11900,,,,2,15379,,,,,,,,,,,,,,,,,,,,,,,,,,,,,,,,,,,,,,,,,,,,,,,,
173711,24-Jan-18,7:31:20,2018-01-24 07:31:20,G,3,2,70,28,0,5,-62.4677,-60.8064,31:21.5,FastGPS,-62.4677,-60.8064,,,1.3,-0.5,,,,15,5,8203,,,,28,4958,,,,20,18507,,,,30,11352,,,,15,22198,,,,,,,,,,,,,,,,,,,,,,,,,,,,,,,,,,,,,,,,,,,,,,,,,,,,,
173711,24-Jan-18,8:01:00,2018-01-24 08:01:00,G,1,2,71,28,0,5,-62.464,-60.8057,01:01.5,FastGPS,-62.464,-60.8057,,,2.6,-0.5,,,,15,15,5552,,,,30,13284,,,,20,1621,,,,5,32296,,,,13,11547,,,,,,,,,,,,,,,,,,,,,,,,,,,,,,,,,,,,,,,,,,,,,,,,,,,,,
173711,24-Jan-18,8:32:32,2018-01-24 08:32:32,G,1,2,72,28,0,6,-62.4636,-60.8077,32:33.0,FastGPS,-62.4636,-60.8077,,,11.9,-1,,,,15,30,15260,,,,8,14287,,,,15,26000,,,,10,13546,,,,11,11903,,,,28,21580,,,,,,,,,,,,,,,,,,,,,,,,,,,,,,,,,,,,,,,,,,,,,,,,
173711,24-Jan-18,9:03:17,2018-01-24 09:03:17,G,1,2,73,28,0,8,-62.4639,-60.8083,03:18.5,FastGPS,-62.4639,-60.8083,,,11.9,-0.5,,,,15,17,18380,,,,15,20411,,,,13,31204,,,,28,16172,,,,10,29204,,,,19,25567,,,,30,18886,,,,24,18120,,,,,,,,,,,,,,,,,,,,,,,,,,,,,,,,,,,,,,
173711,24-Jan-18,9:48:00,2018-01-24 09:48:00,G,1,2,74,29,0,7,-62.4665,-60.8094,48:02.5,FastGPS,-62.4665,-60.8094,,,9.4,0.5,,,,15,15,8490,,,,17,15288,,,,13,15098,,,,24,20202,,,,19,14625,,,,10,1708,,,,11,27415,,,,,,,,,,,,,,,,,,,,,,,,,,,,,,,,,,,,,,,,,,,
173711,24-Jan-18,11:18:09,2018-01-24 11:18:09,G,4,2,77,29,0,4,-62.4677,-60.8064,31:21.5,FastGPS,-62.4751,-60.7979,,,0.6,-0.5,,,,15,6,2933,,,,17,13739,,,,1,32603,,,,19,11158,,,,,,,,,,,,,,,,,,,,,,,,,,,,,,,,,,,,,,,,,,,,,,,,,,,,,,,,,,
173711,24-Jan-18,12:34:01,2018-01-24 12:34:01,G,2,2,79,30,0,4,-62.4751,-60.7979,18:10.5,FastGPS,-62.4754,-60.7967,,,0.3,0,,,,15,32,9338,,,,14,2258,,,,24,1055,,,,25,27880,,,,,,,,,,,,,,,,,,,,,,,,,,,,,,,,,,,,,,,,,,,,,,,,,,,,,,,,,,
173711,24-Jan-18,17:40:57,2018-01-24 17:40:57,G,2,2,84,40,0,7,-62.4749,-60.7968,40:59.5,FastGPS,-62.4749,-60.7968,,,13.5,0.5,,,,15,5,27821,,,,29,22744,,,,7,18020,,,,20,31926,,,,15,24567,,,,13,27692,,,,21,23668,,,,,,,,,,,,,,,,,,,,,,,,,,,,,,,,,,,,,,,,,,,
173711,24-Jan-18,18:41:00,2018-01-24 18:41:00,G,2,2,86,40,0,8,-62.475,-60.7972,41:01.0,FastGPS,-62.475,-60.7972,,1,14.6,-1,,,,15,16,13492,,,,26,17204,,,,10,7352,,,,7,16436,,,,27,7390,,,,4,5618,,,,30,27845,,,,8,15253,,,,,,,,,,,,,,,,,,,,,,,,,,,,,,,,,,,,,,
173711,24-Jan-18,22:41:29,2018-01-24 22:41:29,G,1,2,92,44,0,7,-62.4749,-60.7957,41:31.5,FastGPS,-62.4749,-60.7957,,,8.9,0.6,,,,15,22,15372,,,,8,32236,,,,1,1920,,,,17,300,,,,28,25694,,,,24,18754,,,,3,26458,,,,,,,,,,,,,,,,,,,,,,,,,,,,,,,,,,,,,,,,,,,
173711,24-Jan-18,23:41:00,2018-01-24 23:41:00,G,1,2,94,44,0,8,-62.4749,-60.7964,41:01.5,FastGPS,-62.4749,-60.7964,,,13,-0.5,,,,15,17,5520,,,,31,20757,,,,11,24887,,,,3,31458,,,,32,22110,,,,19,14561,,,,22,17176,,,,1,31330,,,,,,,,,,,,,,,,,,,,,,,,,,,,,,,,,,,,,,
173711,25-Jan-18,0:11:02,2018-01-25 00:11:02,G,2,2,95,,0,9,-62.4748,-60.7962,11:03.0,FastGPS,-62.4748,-60.7962,,,8.9,-1,,,,15,31,2360,,,,32,23030,,,,12,32726,,,,17,21553,,,,19,29235,,,,22,16966,,,,1,2482,,,,23,29910,,,,14,32711,,,,,,,,,,,,,,,,,,,,,,,,,,,,,,,,,
173711,25-Jan-18,0:57:39,2018-01-25 00:57:39,G,1,2,96,45,0,6,-62.4749,-60.7963,57:40.0,FastGPS,-62.4749,-60.7963,,,6.9,-1,,,,15,12,8756,,,,31,7906,,,,14,17640,,,,6,26756,,,,3,18077,,,,17,11726,,,,,,,,,,,,,,,,,,,,,,,,,,,,,,,,,,,,,,,,,,,,,,,,
173711,25-Jan-18,1:28:38,2018-01-25 01:28:38,G,1,2,97,,0,9,-62.4749,-60.7967,28:39.5,FastGPS,-62.4749,-60.7967,,,13.4,-0.5,,,,15,31,27456,,,,25,31253,,,,14,29110,,,,22,26616,,,,3,22149,,,,1,28460,,,,19,15282,,,,12,266,,,,6,30559,,,,,,,,,,,,,,,,,,,,,,,,,,,,,,,,,
173711,25-Jan-18,4:01:22,2018-01-25 04:01:22,G,1,2,102,45,0,7,-62.4756,-60.795,01:23.1,FastGPS,-62.4756,-60.795,,1,10.6,-0.9,,,,15,4,17974,,,,29,29704,,,,23,7866,,,,26,31552,,,,16,24764,,,,9,32650,,,,7,19090,,,,,,,,,,,,,,,,,,,,,,,,,,,,,,,,,,,,,,,,,,,
173711,25-Jan-18,4:46:02,2018-01-25 04:46:02,G,1,2,103,46,0,6,-62.475,-60.7967,46:04.1,FastGPS,-62.475,-60.7967,,,8.6,0.1,,,,15,5,26124,,,,23,28068,,,,30,24140,,,,7,26243,,,,2,13273,,,,29,6248,,,,,,,,,,,,,,,,,,,,,,,,,,,,,,,,,,,,,,,,,,,,,,,,
173711,25-Jan-18,5:16:37,2018-01-25 05:16:37,G,1,2,104,46,0,7,-62.4751,-60.7965,16:39.0,FastGPS,-62.4751,-60.7965,,,13.8,0,,,,15,23,25674,,,,30,7157,,,,9,19381,,,,16,19995,,,,7,10685,,,,13,3688,,,,5,12835,,,,,,,,,,,,,,,,,,,,,,,,,,,,,,,,,,,,,,,,,,,
173711,25-Jan-18,6:01:01,2018-01-25 06:01:01,G,1,2,105,47,0,7,-62.4748,-60.7968,01:03.5,FastGPS,-62.4748,-60.7968,,,10.8,0.5,,,,15,8,17504,,,,9,31513,,,,5,24708,,,,27,5660,,,,13,6330,,,,30,11836,,,,7,31609,,,,,,,,,,,,,,,,,,,,,,,,,,,,,,,,,,,,,,,,,,,
173711,25-Jan-18,6:31:15,2018-01-25 06:31:15,G,1,2,106,,0,9,-62.4753,-60.7952,31:16.5,FastGPS,-62.4753,-60.7952,,,10.2,-0.5,,,,15,5,15227,,,,13,12986,,,,27,10266,,,,20,9628,,,,8,32698,,,,15,27050,,,,7,22924,,,,28,12240,,,,30,19170,,,,,,,,,,,,,,,,,,,,,,,,,,,,,,,,,
173711,25-Jan-18,7:01:47,2018-01-25 07:01:47,G,1,2,107,,0,9,-62.4749,-60.7983,01:48.0,FastGPS,-62.4749,-60.7983,,,15.1,-1,,,,15,7,2246,,,,15,5201,,,,13,20542,,,,5,16370,,,,20,32038,,,,8,32294,,,,21,14193,,,,30,8707,,,,27,22551,,,,,,,,,,,,,,,,,,,,,,,,,,,,,,,,,
173711,25-Jan-18,7:32:38,2018-01-25 07:32:38,G,3,2,108,,0,9,-62.475,-60.7968,32:40.6,FastGPS,-62.475,-60.7968,,,12.1,0.6,,,,15,15,15273,,,,5,25876,,,,7,240,,,,20,21680,,,,28,26645,,,,27,2023,,,,21,21756,,,,30,4880,,,,13,9258,,,,,,,,,,,,,,,,,,,,,,,,,,,,,,,,,
173711,25-Jan-18,8:18:40,2018-01-25 08:18:40,G,1,2,109,48,0,6,-62.4752,-60.797,18:41.6,FastGPS,-62.4752,-60.797,,,7.5,-0.4,,,,15,15,13388,,,,20,6144,,,,8,15734,,,,30,24153,,,,10,18424,,,,17,22494,,,,,,,,,,,,,,,,,,,,,,,,,,,,,,,,,,,,,,,,,,,,,,,,
173711,25-Jan-18,8:50:28,2018-01-25 08:50:28,G,3,2,110,,0,9,-62.4748,-60.797,50:29.0,FastGPS,-62.4748,-60.797,,,13.8,-0.9,,,,15,17,14274,,,,8,6219,,,,11,11851,,,,10,13622,,,,1,1142,,,,30,26594,,,,13,20961,,,,28,2824,,,,15,20528,,,,,,,,,,,,,,,,,,,,,,,,,,,,,,,,,
173711,25-Jan-18,11:06:00,2018-01-25 11:06:00,G,2,2,114,49,0,5,-62.475,-60.7965,06:02.1,FastGPS,-62.475,-60.7965,,,19.6,0.1,,,,15,12,15672,,,,32,28376,,,,6,10393,,,,10,18906,,,,17,7720,,,,,,,,,,,,,,,,,,,,,,,,,,,,,,,,,,,,,,,,,,,,,,,,,,,,,
173711,25-Jan-18,12:53:31,2018-01-25 12:53:31,G,2,2,116,52,0,7,-62.4749,-60.7968,53:33.0,FastGPS,-62.4749,-60.7968,,,3.1,0,,,,15,19,21788,,,,6,25954,,,,2,7604,,,,3,31286,,,,24,2728,,,,25,30344,,,,12,13795,,,,,,,,,,,,,,,,,,,,,,,,,,,,,,,,,,,,,,,,,,,
173711,25-Jan-18,13:23:27,2018-01-25 13:23:27,G,1,2,117,,0,9,-62.4754,-60.796,23:29.6,FastGPS,-62.4754,-60.796,,,17,0.6,,,,15,31,7159,,,,6,3888,,,,3,6906,,,,29,27463,,,,19,24538,,,,14,10583,,,,12,11064,,,,32,21984,,,,25,25953,,,,,,,,,,,,,,,,,,,,,,,,,,,,,,,,,
173711,25-Jan-18,15:24:52,2018-01-25 15:24:52,G,1,2,120,54,0,7,-62.4756,-60.7963,24:53.6,FastGPS,-62.4756,-60.7963,,,7.9,-0.4,,,,15,5,1276,,,,2,18956,,,,12,27852,,,,25,14731,,,,29,25589,,,,9,13638,,,,21,14842,,,,,,,,,,,,,,,,,,,,,,,,,,,,,,,,,,,,,,,,,,,
173711,25-Jan-18,15:55:01,2018-01-25 15:55:01,G,1,2,121,54,0,8,-62.4743,-60.7964,55:02.1,FastGPS,-62.4743,-60.7964,,1,8.5,-0.9,,,,15,5,22324,,,,31,5230,,,,26,27277,,,,16,24393,,,,29,9860,,,,4,12765,,,,2,12786,,,,20,13356,,,,,,,,,,,,,,,,,,,,,,,,,,,,,,,,,,,,,,
173711,25-Jan-18,17:55:00,2018-01-25 17:55:00,G,2,2,125,54,1,5,-62.4749,-60.7968,53:33.0,FastGPS,-62.4736,-60.7975,,1,0.4,0.1,,,,15,10,13906,,,,4,32195,,,,26,17601,,,,16,26890,,,,7,26797,,,,,,,,,,,,,,,,,,,,,,,,,,,,,,,,,,,,,,,,,,,,,,,,,,,,,
173711,25-Jan-18,18:25:00,2018-01-25 18:25:00,G,1,2,126,54,1,7,-62.4735,-60.7963,25:02.1,FastGPS,-62.4735,-60.7963,,1,7,0.1,,,,15,10,10520,,,,16,25169,,,,27,31036,,,,7,17900,,,,4,20072,,,,8,18226,,,,26,25824,,,,,,,,,,,,,,,,,,,,,,,,,,,,,,,,,,,,,,,,,,,
173711,26-Jan-18,0:23:15,2018-01-26 00:23:15,G,2,2,127,,0,9,-62.473,-60.7992,23:16.6,FastGPS,-62.473,-60.7992,,,5.9,-0.4,,,,15,31,26710,,,,32,2290,,,,1,11540,,,,14,123,,,,23,25178,,,,11,7779,,,,12,24798,,,,25,11292,,,,22,27170,,,,,,,,,,,,,,,,,,,,,,,,,,,,,,,,,
173711,26-Jan-18,0:54:15,2018-01-26 00:54:15,G,1,2,128,,0,9,-62.4714,-60.8007,54:16.6,FastGPS,-62.4714,-60.8007,,,15.7,-0.4,,,,15,17,11213,,,,31,9861,,,,23,29722,,,,1,8682,,,,19,5669,,,,11,18162,,,,6,31570,,,,22,20442,,,,12,9236,,,,,,,,,,,,,,,,,,,,,,,,,,,,,,,,,
173711,26-Jan-18,1:55:00,2018-01-26 01:55:00,G,1,2,130,55,0,6,-62.4742,-60.7978,55:01.1,FastGPS,-62.4742,-60.7978,,1,4.8,-0.9,,,,15,31,20143,,,,4,4588,,,,26,30967,,,,22,22746,,,,9,19606,,,,3,8380,,,,,,,,,,,,,,,,,,,,,,,,,,,,,,,,,,,,,,,,,,,,,,,,
173711,26-Jan-18,3:55:59,2018-01-26 03:55:59,G,2,2,132,,0,9,-62.4748,-60.7978,56:01.1,FastGPS,-62.4748,-60.7978,,1,5.6,0.1,,,,15,5,7632,,,,29,22300,,,,4,12493,,,,2,8380,,,,16,14394,,,,26,24890,,,,6,26887,,,,7,5264,,,,9,24107,,,,,,,,,,,,,,,,,,,,,,,,,,,,,,,,,
173711,26-Jan-18,4:26:19,2018-01-26 04:26:19,G,1,2,133,,0,9,-62.475,-60.7964,26:21.1,FastGPS,-62.475,-60.7964,,1,3.5,0.1,,,,15,26,23279,,,,4,21637,,,,16,2568,,,,5,96,,,,23,22722,,,,29,8575,,,,7,13866,,,,9,6886,,,,2,30017,,,,,,,,,,,,,,,,,,,,,,,,,,,,,,,,,
173711,26-Jan-18,4:57:10,2018-01-26 04:57:10,G,1,2,134,59,0,6,-62.4751,-60.7979,57:12.1,FastGPS,-62.4751,-60.7979,,,9.6,0.1,,,,15,9,28795,,,,5,12021,,,,30,23593,,,,7,28250,,,,23,32410,,,,16,19590,,,,,,,,,,,,,,,,,,,,,,,,,,,,,,,,,,,,,,,,,,,,,,,,
173711,26-Jan-18,5:59:24,2018-01-26 05:59:24,G,2,2,135,61,0,8,-62.474,-60.799,59:26.1,FastGPS,-62.474,-60.799,,,10.7,0.1,,,,15,28,5045,,,,7,22659,,,,9,16168,,,,5,18712,,,,30,9679,,,,8,20689,,,,20,6490,,,,27,3384,,,,,,,,,,,,,,,,,,,,,,,,,,,,,,,,,,,,,,
173711,26-Jan-18,6:59:36,2018-01-26 06:59:36,G,2,2,136,,0,9,-62.4737,-60.7965,59:38.6,FastGPS,-62.4737,-60.7965,,,14.4,0.6,,,,15,5,8328,,,,7,26110,,,,28,3379,,,,15,11085,,,,30,3963,,,,20,31291,,,,13,23609,,,,21,8686,,,,8,32242,,,,,,,,,,,,,,,,,,,,,,,,,,,,,,,,,
173711,26-Jan-18,7:29:18,2018-01-26 07:29:18,G,1,2,137,63,0,8,-62.4739,-60.7974,29:19.6,FastGPS,-62.4739,-60.7974,,,8.6,-0.4,,,,15,5,11944,,,,15,7163,,,,20,10337,,,,28,17910,,,,7,19079,,,,30,24716,,,,13,32375,,,,8,18262,,,,,,,,,,,,,,,,,,,,,,,,,,,,,,,,,,,,,,
173711,26-Jan-18,7:59:23,2018-01-26 07:59:23,G,2,2,138,63,0,6,-62.4737,-60.7969,59:24.6,FastGPS,-62.4737,-60.7969,,,6.2,-0.4,,,,15,15,25263,,,,20,23646,,,,30,25934,,,,13,15490,,,,7,7013,,,,5,4585,,,,,,,,,,,,,,,,,,,,,,,,,,,,,,,,,,,,,,,,,,,,,,,,
173711,26-Jan-18,8:31:47,2018-01-26 08:31:47,G,1,2,139,63,0,5,-62.4738,-60.7994,31:48.1,FastGPS,-62.4738,-60.7994,,,4.9,-0.9,,,,15,17,1204,,,,11,19352,,,,30,13150,,,,8,18874,,,,13,4952,,,,,,,,,,,,,,,,,,,,,,,,,,,,,,,,,,,,,,,,,,,,,,,,,,,,,
173711,26-Jan-18,9:25:29,2018-01-26 09:25:29,G,1,2,140,64,0,7,-62.473,-60.8007,25:31.1,FastGPS,-62.473,-60.8007,,,8.1,0.1,,,,15,15,23024,,,,13,26750,,,,24,26867,,,,10,23167,,,,17,27561,,,,19,14591,,,,11,344,,,,,,,,,,,,,,,,,,,,,,,,,,,,,,,,,,,,,,,,,,,
173711,26-Jan-18,11:26:00,2018-01-26 11:26:00,G,1,2,143,66,0,4,-62.4762,-60.7945,00:01.1,FastGPS,-62.4735,-60.7971,,,0.8,-1,,,,15,17,30266,,,,32,32682,,,,12,7840,,,,6,30236,,,,,,,,,,,,,,,,,,,,,,,,,,,,,,,,,,,,,,,,,,,,,,,,,,,,,,,,,,
173711,26-Jan-18,11:57:27,2018-01-26 11:57:27,G,1,2,144,,0,9,-62.4738,-60.7978,57:29.1,FastGPS,-62.4738,-60.7978,,,11,0.1,,,,15,32,30054,,,,12,15672,,,,24,20830,,,,2,17954,,,,25,21959,,,,19,20448,,,,6,11028,,,,22,29377,,,,14,28596,,,,,,,,,,,,,,,,,,,,,,,,,,,,,,,,,
173711,26-Jan-18,12:42:47,2018-01-26 12:42:47,G,1,2,145,,0,9,-62.475,-60.7973,42:49.1,FastGPS,-62.475,-60.7973,,,12.3,0.1,,,,15,32,10300,,,,12,19270,,,,3,7913,,,,24,1594,,,,25,15416,,,,31,28226,,,,22,6440,,,,2,20742,,,,14,4134,,,,,,,,,,,,,,,,,,,,,,,,,,,,,,,,,
173711,26-Jan-18,13:13:01,2018-01-26 13:13:01,G,1,2,146,67,0,6,-62.4753,-60.7974,13:03.1,FastGPS,-62.4753,-60.7974,,,16.6,0.1,,,,15,29,13648,,,,31,29063,,,,2,16342,,,,24,1134,,,,14,4502,,,,12,686,,,,,,,,,,,,,,,,,,,,,,,,,,,,,,,,,,,,,,,,,,,,,,,,
173711,26-Jan-18,13:44:36,2018-01-26 13:44:36,G,1,2,147,67,0,5,-62.4742,-60.7991,44:38.1,FastGPS,-62.4742,-60.7991,,,6.4,0.1,,,,15,29,24843,,,,12,23646,,,,6,18892,,,,31,24396,,,,2,13048,,,,,,,,,,,,,,,,,,,,,,,,,,,,,,,,,,,,,,,,,,,,,,,,,,,,,
173711,26-Jan-18,14:14:00,2018-01-26 14:14:00,G,1,2,148,,0,9,-62.4738,-60.7951,14:02.1,FastGPS,-62.4738,-60.7951,,1,11.3,0.1,,,,15,12,13660,,,,2,14232,,,,29,30429,,,,6,5189,,,,23,1149,,,,31,3539,,,,4,30664,,,,25,8164,,,,14,4688,,,,,,,,,,,,,,,,,,,,,,,,,,,,,,,,,
173711,26-Jan-18,14:44:00,2018-01-26 14:44:00,G,1,2,149,,1,9,-62.4738,-60.7954,44:02.1,FastGPS,-62.4738,-60.7954,,1,11.6,0.1,,,,15,23,28333,,,,2,10503,,,,31,17585,,,,6,6514,,,,29,20213,,,,12,21538,,,,5,13039,,,,26,31207,,,,4,11114,,,,,,,,,,,,,,,,,,,,,,,,,,,,,,,,,
173711,26-Jan-18,17:38:00,2018-01-26 17:38:00,G,2,2,150,67,0,6,-62.4742,-60.7971,38:01.5,FastGPS,-62.4742,-60.7971,,1,2.7,-0.5,,,,15,27,29528,,,,5,26306,,,,7,12295,,,,26,22668,,,,4,15856,,,,16,23062,,,,,,,,,,,,,,,,,,,,,,,,,,,,,,,,,,,,,,,,,,,,,,,,
173711,26-Jan-18,18:38:00,2018-01-26 18:38:00,G,1,2,151,,0,9,-62.4727,-60.8003,38:01.1,FastGPS,-62.4727,-60.8003,,1,6.9,-0.9,,,,15,15,17529,,,,10,27120,,,,26,23742,,,,13,15397,,,,21,779,,,,16,32018,,,,4,10427,,,,20,4585,,,,27,17349,,,,,,,,,,,,,,,,,,,,,,,,,,,,,,,,,
173711,26-Jan-18,19:08:26,2018-01-26 19:08:26,G,2,2,152,69,0,7,-62.4715,-60.8017,08:27.1,FastGPS,-62.4715,-60.8017,,,7,-0.9,,,,15,15,12661,,,,10,7298,,,,21,27379,,,,16,671,,,,20,26688,,,,13,26053,,,,27,32576,,,,,,,,,,,,,,,,,,,,,,,,,,,,,,,,,,,,,,,,,,,
173711,26-Jan-18,22:57:21,2018-01-26 22:57:21,G,1,2,157,,0,9,-62.4761,-60.7948,57:22.1,FastGPS,-62.4761,-60.7948,,,8.9,-0.9,,,,15,17,25309,,,,3,2916,,,,11,10688,,,,22,2291,,,,31,30765,,,,32,2372,,,,14,12580,,,,1,15985,,,,10,29276,,,,,,,,,,,,,,,,,,,,,,,,,,,,,,,,,
173711,27-Jan-18,1:00:00,2018-01-27 01:00:00,G,1,2,160,76,0,6,-62.4762,-60.7945,00:01.1,FastGPS,-62.4762,-60.7945,,,5.6,-0.9,,,,15,17,26268,,,,12,8825,,,,23,16170,,,,1,16686,,,,19,11664,,,,6,20448,,,,,,,,,,,,,,,,,,,,,,,,,,,,,,,,,,,,,,,,,,,,,,,,
173711,27-Jan-18,2:07:25,2018-01-27 02:07:25,G,1,2,162,76,0,7,-62.4765,-60.7951,07:26.6,FastGPS,-62.4765,-60.7951,,1,5.9,-0.4,,,,15,31,4286,,,,26,16968,,,,2,29729,,,,6,8617,,,,4,10180,,,,19,11376,,,,9,11462,,,,,,,,,,,,,,,,,,,,,,,,,,,,,,,,,,,,,,,,,,,
173711,27-Jan-18,2:38:01,2018-01-27 02:38:01,G,1,2,163,76,0,7,-62.4771,-60.7937,38:03.6,FastGPS,-62.4771,-60.7937,,1,9.7,0.6,,,,15,9,23141,,,,3,30005,,,,6,32172,,,,22,14974,,,,2,754,,,,23,30388,,,,4,8794,,,,,,,,,,,,,,,,,,,,,,,,,,,,,,,,,,,,,,,,,,,
173711,27-Jan-18,3:08:46,2018-01-27 03:08:46,G,1,2,164,76,0,7,-62.476,-60.7953,08:47.1,FastGPS,-62.476,-60.7953,,1,4.8,-0.9,,,,15,7,21560,,,,2,21735,,,,29,29408,,,,6,5111,,,,4,27972,,,,31,19032,,,,9,4268,,,,,,,,,,,,,,,,,,,,,,,,,,,,,,,,,,,,,,,,,,,
173711,27-Jan-18,3:39:48,2018-01-27 03:39:48,G,2,2,165,,0,9,-62.4759,-60.7955,39:49.6,FastGPS,-62.4759,-60.7955,,,6.8,-0.4,,,,15,7,26258,,,,5,26538,,,,2,496,,,,6,9678,,,,16,540,,,,23,14971,,,,29,2597,,,,3,16696,,,,26,13898,,,,,,,,,,,,,,,,,,,,,,,,,,,,,,,,,
173711,27-Jan-18,4:11:34,2018-01-27 04:11:34,G,2,2,166,76,0,8,-62.4761,-60.7962,11:36.6,FastGPS,-62.4761,-60.7962,,1,9.9,0.6,,,,15,5,9021,,,,30,21282,,,,6,32458,,,,7,29932,,,,2,13098,,,,4,7965,,,,29,14052,,,,23,15578,,,,,,,,,,,,,,,,,,,,,,,,,,,,,,,,,,,,,,
173711,27-Jan-18,4:41:00,2018-01-27 04:41:00,G,1,2,167,76,0,6,-62.4764,-60.794,41:02.2,FastGPS,-62.4764,-60.794,,,3.9,0.2,,,,15,5,20747,,,,16,13510,,,,7,17166,,,,23,30787,,,,9,32390,,,,26,17520,,,,,,,,,,,,,,,,,,,,,,,,,,,,,,,,,,,,,,,,,,,,,,,,
173711,27-Jan-18,8:48:33,2018-01-27 08:48:33,G,1,2,172,82,0,8,-62.4714,-60.8005,48:35.1,FastGPS,-62.4714,-60.8005,,,6.8,0.1,,,,15,17,22848,,,,15,3498,,,,30,11909,,,,11,29888,,,,13,20554,,,,19,30354,,,,28,4835,,,,24,24389,,,,,,,,,,,,,,,,,,,,,,,,,,,,,,,,,,,,,,
173711,27-Jan-18,20:27:38,2018-01-27 20:27:38,G,1,2,184,85,0,4,-62.4714,-60.8005,48:35.1,FastGPS,-62.4718,-60.8014,,,2.3,0.2,,,,15,32,5917,,,,27,14091,,,,10,32067,,,,1,5799,,,,,,,,,,,,,,,,,,,,,,,,,,,,,,,,,,,,,,,,,,,,,,,,,,,,,,,,,,
173711,28-Jan-18,2:47:00,2018-01-28 02:47:00,G,1,2,194,90,0,8,-62.5033,-60.834,47:02.1,FastGPS,-62.5033,-60.834,,1,6.6,0.1,,,,15,3,19362,,,,6,32096,,,,16,634,,,,2,2850,,,,9,749,,,,23,29086,,,,26,11935,,,,4,27932,,,,,,,,,,,,,,,,,,,,,,,,,,,,,,,,,,,,,,
173711,28-Jan-18,3:17:34,2018-01-28 03:17:34,G,1,2,195,90,0,8,-62.5035,-60.8348,17:36.2,FastGPS,-62.5035,-60.8348,,1,4.5,0.2,,,,15,7,16450,,,,3,12521,,,,6,5908,,,,2,21904,,,,23,6116,,,,4,15544,,,,26,31775,,,,9,20523,,,,,,,,,,,,,,,,,,,,,,,,,,,,,,,,,,,,,,
173711,28-Jan-18,8:56:00,2018-01-28 08:56:00,G,1,2,204,,0,9,-62.4801,-60.8295,56:02.1,FastGPS,-62.4801,-60.8295,,,11,0.2,,,,15,17,13830,,,,15,10006,,,,19,23423,,,,1,12780,,,,13,30654,,,,30,32686,,,,28,18536,,,,20,22825,,,,11,8538,,,,,,,,,,,,,,,,,,,,,,,,,,,,,,,,,
173711,28-Jan-18,11:28:00,2018-01-28 11:28:00,G,1,2,208,96,0,6,-62.4718,-60.8023,28:02.1,FastGPS,-62.4718,-60.8023,,,11,0.1,,,,15,17,14805,,,,6,20759,,,,24,10165,,,,3,21428,,,,12,18264,,,,22,517,,,,,,,,,,,,,,,,,,,,,,,,,,,,,,,,,,,,,,,,,,,,,,,,
173711,28-Jan-18,13:01:01,2018-01-28 13:01:01,G,1,2,211,96,0,8,-62.4715,-60.8014,01:03.2,FastGPS,-62.4715,-60.8014,,,8,0.2,,,,15,29,22345,,,,19,8804,,,,2,364,,,,6,20463,,,,12,31200,,,,32,30389,,,,24,12206,,,,31,7466,,,,,,,,,,,,,,,,,,,,,,,,,,,,,,,,,,,,,,
173711,28-Jan-18,16:37:57,2018-01-28 16:37:57,G,1,2,216,98,0,5,-62.504,-60.847,1/29/2018 2:28,N,-62.4727,-60.8084,,1,1.1,0.7,,,,15,4,21426,,,,5,26580,,,,26,4321,,,,16,1630,,,,21,31353,,,,,,,,,,,,,,,,,,,,,,,,,,,,,,,,,,,,,,,,,,,,,,,,,,,,,
173711,28-Jan-18,17:08:04,2018-01-28 17:08:04,G,1,2,217,98,0,6,-62.4729,-60.8133,08:06.7,FastGPS,-62.4729,-60.8133,,1,6.6,0.7,,,,15,16,4347,,,,26,10118,,,,4,25226,,,,27,16248,,,,21,31326,,,,5,12006,,,,,,,,,,,,,,,,,,,,,,,,,,,,,,,,,,,,,,,,,,,,,,,,
173711,28-Jan-18,19:16:00,2018-01-28 19:16:00,G,1,2,219,99,0,8,-62.4674,-60.8443,16:02.2,FastGPS,-62.4674,-60.8443,,,5.9,0.2,,,,15,16,19893,,,,10,5819,,,,8,27130,,,,7,710,,,,27,27200,,,,30,25642,,,,21,12064,,,,15,28727,,,,,,,,,,,,,,,,,,,,,,,,,,,,,,,,,,,,,,
173711,29-Jan-18,0:34:00,2018-01-29 00:34:00,G,1,2,228,101,0,6,-62.486,-60.8298,34:02.7,FastGPS,-62.486,-60.8298,,,5.3,0.7,,,,15,17,18550,,,,23,14680,,,,12,1678,,,,19,25454,,,,11,2222,,,,22,17802,,,,,,,,,,,,,,,,,,,,,,,,,,,,,,,,,,,,,,,,,,,,,,,,
173711,29-Jan-18,1:04:05,2018-01-29 01:04:05,G,2,2,229,,0,9,-62.4917,-60.8348,04:07.7,FastGPS,-62.4917,-60.8348,,,10,0.7,,,,15,23,12827,,,,12,3962,,,,17,1182,,,,14,19215,,,,6,21149,,,,31,15272,,,,19,14460,,,,25,16278,,,,3,13468,,,,,,,,,,,,,,,,,,,,,,,,,,,,,,,,,
173711,29-Jan-18,2:36:04,2018-01-29 02:36:04,G,1,2,232,101,0,6,-62.5081,-60.8552,36:06.7,FastGPS,-62.5081,-60.8552,,,4.4,0.7,,,,15,22,6146,,,,23,15833,,,,3,26920,,,,6,18770,,,,9,29712,,,,2,4041,,,,,,,,,,,,,,,,,,,,,,,,,,,,,,,,,,,,,,,,,,,,,,,,
173711,29-Jan-18,3:06:00,2018-01-29 03:06:00,G,2,2,233,101,0,7,-62.5109,-60.8644,06:02.2,FastGPS,-62.5109,-60.8644,,,9.1,0.2,,,,15,7,21435,,,,2,30620,,,,29,9558,,,,3,22516,,,,6,32709,,,,9,19228,,,,23,31220,,,,,,,,,,,,,,,,,,,,,,,,,,,,,,,,,,,,,,,,,,,
173711,29-Jan-18,3:36:33,2018-01-29 03:36:33,G,1,2,234,,0,9,-62.5143,-60.8662,36:35.2,FastGPS,-62.5143,-60.8662,,1,12.4,0.2,,,,15,29,3581,,,,5,19052,,,,23,1392,,,,26,10575,,,,16,11672,,,,2,29347,,,,7,16496,,,,9,31734,,,,4,4855,,,,,,,,,,,,,,,,,,,,,,,,,,,,,,,,,
173711,29-Jan-18,4:38:00,2018-01-29 04:38:00,G,2,2,235,103,0,6,-62.5173,-60.8726,38:01.2,FastGPS,-62.5173,-60.8726,,,4.2,-0.8,,,,15,5,368,,,,30,5434,,,,2,27012,,,,7,22900,,,,9,17680,,,,29,28278,,,,,,,,,,,,,,,,,,,,,,,,,,,,,,,,,,,,,,,,,,,,,,,,
173711,29-Jan-18,5:08:41,2018-01-29 05:08:41,G,2,2,236,,0,9,-62.5171,-60.8756,08:42.2,FastGPS,-62.5171,-60.8756,,,15.9,-0.8,,,,15,5,14410,,,,9,12090,,,,27,8469,,,,7,348,,,,30,18222,,,,23,2212,,,,8,18180,,,,13,28280,,,,16,15996,,,,,,,,,,,,,,,,,,,,,,,,,,,,,,,,,
173711,29-Jan-18,7:11:00,2018-01-29 07:11:00,G,1,2,239,105,0,5,-62.5206,-60.8818,11:01.7,FastGPS,-62.5206,-60.8818,,,5.7,-0.3,,,,15,7,19724,,,,8,29113,,,,27,15424,,,,30,13274,,,,5,10749,,,,,,,,,,,,,,,,,,,,,,,,,,,,,,,,,,,,,,,,,,,,,,,,,,,,,
173711,29-Jan-18,9:00:20,2018-01-29 09:00:20,G,1,2,242,,0,9,-62.494,-60.8526,00:21.7,FastGPS,-62.494,-60.8526,,,18.1,-0.3,,,,15,17,28119,,,,19,8141,,,,28,9207,,,,30,7600,,,,13,19200,,,,24,27194,,,,11,22000,,,,1,17274,,,,15,19126,,,,,,,,,,,,,,,,,,,,,,,,,,,,,,,,,
173711,29-Jan-18,9:30:04,2018-01-29 09:30:04,G,1,2,243,106,0,7,-62.4827,-60.8514,30:05.7,FastGPS,-62.4827,-60.8514,,,8.3,-0.3,,,,15,11,3285,,,,17,32295,,,,13,15876,,,,19,1822,,,,1,19530,,,,28,9353,,,,15,14465,,,,,,,,,,,,,,,,,,,,,,,,,,,,,,,,,,,,,,,,,,,
173711,29-Jan-18,10:02:52,2018-01-29 10:02:52,G,2,2,244,106,0,8,-62.4723,-60.8466,02:53.7,FastGPS,-62.4723,-60.8466,,,3.8,-0.3,,,,15,15,15258,,,,28,21763,,,,1,3364,,,,11,29219,,,,17,16547,,,,19,31632,,,,24,23908,,,,13,29506,,,,,,,,,,,,,,,,,,,,,,,,,,,,,,,,,,,,,,
173711,29-Jan-18,10:34:08,2018-01-29 10:34:08,G,2,2,245,106,0,6,-62.4657,-60.8414,34:09.2,FastGPS,-62.4657,-60.8414,,,4.1,-0.8,,,,15,17,16603,,,,32,397,,,,10,23679,,,,19,26556,,,,12,11955,,,,1,12747,,,,,,,,,,,,,,,,,,,,,,,,,,,,,,,,,,,,,,,,,,,,,,,,
173711,29-Jan-18,12:23:00,2018-01-29 12:23:00,G,2,2,247,,0,9,-62.4716,-60.801,23:01.7,FastGPS,-62.4716,-60.801,,,15.9,-0.3,,,,15,2,20793,,,,12,14920,,,,24,27404,,,,6,16627,,,,32,21979,,,,25,21213,,,,19,7890,,,,29,30446,,,,14,1106,,,,,,,,,,,,,,,,,,,,,,,,,,,,,,,,,
173711,29-Jan-18,12:53:08,2018-01-29 12:53:08,G,1,2,248,108,0,7,-62.4722,-60.7988,53:09.2,FastGPS,-62.4722,-60.7988,,,3.7,-0.8,,,,15,14,9295,,,,31,23304,,,,6,21278,,,,12,850,,,,25,2419,,,,32,8056,,,,19,22858,,,,,,,,,,,,,,,,,,,,,,,,,,,,,,,,,,,,,,,,,,,
173711,29-Jan-18,15:33:39,2018-01-29 15:33:39,G,2,2,250,113,0,7,-62.4696,-60.8069,33:40.2,FastGPS,-62.4696,-60.8069,,,2.2,-0.8,,,,15,5,15812,,,,16,3061,,,,9,32699,,,,2,3586,,,,31,20340,,,,23,886,,,,29,14864,,,,,,,,,,,,,,,,,,,,,,,,,,,,,,,,,,,,,,,,,,,
173711,29-Jan-18,16:33:01,2018-01-29 16:33:01,G,1,2,252,113,0,7,-62.4738,-60.796,33:02.2,FastGPS,-62.4738,-60.796,,1,8.2,-0.8,,,,15,5,10821,,,,29,27574,,,,20,30024,,,,16,14787,,,,26,19788,,,,21,11147,,,,4,5112,,,,,,,,,,,,,,,,,,,,,,,,,,,,,,,,,,,,,,,,,,,
173711,29-Jan-18,17:47:10,2018-01-29 17:47:10,G,1,2,253,,0,9,-62.4681,-60.8066,47:11.2,FastGPS,-62.4681,-60.8066,,1,5.8,-0.8,,,,15,29,31477,,,,4,12692,,,,15,12274,,,,27,23547,,,,26,4396,,,,7,14802,,,,16,8237,,,,20,12256,,,,10,4624,,,,,,,,,,,,,,,,,,,,,,,,,,,,,,,,,
173711,29-Jan-18,18:18:09,2018-01-29 18:18:09,G,5,2,254,,0,9,-62.4661,-60.8135,18:10.7,FastGPS,-62.4661,-60.8135,,1,9.8,-0.3,,,,15,7,10849,,,,16,9790,,,,21,14555,,,,27,25690,,,,30,17380,,,,26,18710,,,,4,8868,,,,13,6692,,,,8,27239,,,,,,,,,,,,,,,,,,,,,,,,,,,,,,,,,
173711,29-Jan-18,18:48:00,2018-01-29 18:48:00,G,1,2,255,115,0,8,-62.4619,-60.8205,48:01.2,FastGPS,-62.4619,-60.8205,,,17.1,-0.8,,,,15,15,8158,,,,21,26462,,,,16,29151,,,,10,12344,,,,20,25820,,,,26,11538,,,,27,22582,,,,13,2614,,,,,,,,,,,,,,,,,,,,,,,,,,,,,,,,,,,,,,
173711,29-Jan-18,19:18:28,2018-01-29 19:18:28,G,2,2,256,115,0,8,-62.468,-60.8383,18:30.2,FastGPS,-62.468,-60.8383,,,21.4,0.2,,,,15,16,26652,,,,10,25270,,,,15,27786,,,,8,17364,,,,27,30772,,,,20,19944,,,,13,2584,,,,30,17334,,,,,,,,,,,,,,,,,,,,,,,,,,,,,,,,,,,,,,
173711,29-Jan-18,19:48:03,2018-01-29 19:48:03,G,2,2,257,115,0,6,-62.4669,-60.8458,48:04.7,FastGPS,-62.4669,-60.8458,,,6.9,-0.3,,,,15,10,1244,,,,21,26391,,,,32,10106,,,,27,30674,,,,16,6907,,,,11,25381,,,,,,,,,,,,,,,,,,,,,,,,,,,,,,,,,,,,,,,,,,,,,,,,
173711,29-Jan-18,20:20:57,2018-01-29 20:20:57,G,2,2,258,115,0,4,-62.467,-60.8454,14:16.2,FastGPS,-62.4675,-60.8428,,,0.9,-0.3,,,,15,15,18568,,,,8,19424,,,,11,13600,,,,24,13169,,,,,,,,,,,,,,,,,,,,,,,,,,,,,,,,,,,,,,,,,,,,,,,,,,,,,,,,,,
173711,29-Jan-18,21:55:05,2018-01-29 21:55:05,G,2,2,261,115,0,8,-62.4674,-60.8444,55:06.2,FastGPS,-62.4674,-60.8444,,,12.4,-0.8,,,,15,32,19684,,,,22,23407,,,,8,21223,,,,28,18516,,,,14,3698,,,,10,9256,,,,11,4020,,,,3,21233,,,,,,,,,,,,,,,,,,,,,,,,,,,,,,,,,,,,,,
173711,29-Jan-18,23:14:15,2018-01-29 23:14:15,G,1,2,262,118,0,6,-62.467,-60.8454,14:16.2,FastGPS,-62.467,-60.8454,,,3,-0.8,,,,15,17,19507,,,,19,17467,,,,12,11310,,,,32,29634,,,,14,9206,,,,31,19113,,,,,,,,,,,,,,,,,,,,,,,,,,,,,,,,,,,,,,,,,,,,,,,,
173711,29-Jan-18,23:45:47,2018-01-29 23:45:47,G,1,2,263,118,0,7,-62.4673,-60.8452,45:48.2,FastGPS,-62.4673,-60.8452,,,10.5,-0.8,,,,15,17,19703,,,,32,3393,,,,12,22703,,,,19,15936,,,,31,16507,,,,3,5206,,,,14,7911,,,,,,,,,,,,,,,,,,,,,,,,,,,,,,,,,,,,,,,,,,,
173711,30-Jan-18,1:53:19,2018-01-30 01:53:19,G,1,2,265,122,0,7,-62.4664,-60.8445,53:21.2,FastGPS,-62.4664,-60.8445,,1,11.9,0.2,,,,15,31,30915,,,,26,828,,,,3,18490,,,,4,27900,,,,23,2068,,,,22,9639,,,,2,12685,,,,,,,,,,,,,,,,,,,,,,,,,,,,,,,,,,,,,,,,,,,
173711,30-Jan-18,8:12:06,2018-01-30 08:12:06,G,4,2,274,129,0,6,-62.4619,-60.8794,12:08.2,FastGPS,-62.4619,-60.8794,,,15.8,0.2,,,,15,8,6756,,,,10,31194,,,,15,3897,,,,24,6792,,,,20,32002,,,,11,22590,,,,,,,,,,,,,,,,,,,,,,,,,,,,,,,,,,,,,,,,,,,,,,,,
173711,30-Jan-18,8:42:01,2018-01-30 08:42:01,G,1,2,275,129,0,7,-62.4565,-60.8803,42:03.2,FastGPS,-62.4565,-60.8803,,,5.9,0.2,,,,15,17,11172,,,,30,14350,,,,13,3246,,,,19,19992,,,,15,997,,,,28,21886,,,,11,29141,,,,,,,,,,,,,,,,,,,,,,,,,,,,,,,,,,,,,,,,,,,
173711,30-Jan-18,11:00:59,2018-01-30 11:00:59,G,1,2,278,132,0,4,-62.467,-60.806,1/31/2018 0:50,P,-62.4664,-60.8359,,,2.6,0.2,,,,15,17,23798,,,,6,29563,,,,15,24042,,,,12,16883,,,,,,,,,,,,,,,,,,,,,,,,,,,,,,,,,,,,,,,,,,,,,,,,,,,,,,,,,,
173711,30-Jan-18,21:58:05,2018-01-30 21:58:05,G,2,2,282,133,0,8,-62.4736,-60.7966,58:06.8,FastGPS,-62.4736,-60.7966,,,5.4,-0.2,,,,15,1,25730,,,,14,21901,,,,11,6577,,,,22,15468,,,,10,10828,,,,24,17173,,,,32,20889,,,,8,21551,,,,,,,,,,,,,,,,,,,,,,,,,,,,,,,,,,,,,,
173711,30-Jan-18,22:28:00,2018-01-30 22:28:00,G,2,2,283,133,0,5,-62.4718,-60.801,28:01.3,FastGPS,-62.4718,-60.801,,,6.9,-0.7,,,,15,32,22782,,,,10,25466,,,,22,1106,,,,14,948,,,,3,22796,,,,,,,,,,,,,,,,,,,,,,,,,,,,,,,,,,,,,,,,,,,,,,,,,,,,,
173711,30-Jan-18,23:28:46,2018-01-30 23:28:46,G,2,2,285,133,0,8,-62.4718,-60.8018,28:48.2,FastGPS,-62.4718,-60.8018,,,11.4,0.2,,,,15,17,23711,,,,3,12036,,,,31,11202,,,,1,30518,,,,11,4692,,,,19,24474,,,,23,8843,,,,12,7266,,,,,,,,,,,,,,,,,,,,,,,,,,,,,,,,,,,,,,
173711,31-Jan-18,1:29:01,2018-01-31 01:29:01,G,1,2,287,137,0,7,-62.472,-60.8144,29:03.3,FastGPS,-62.472,-60.8144,,,17.1,0.3,,,,15,22,21042,,,,9,8354,,,,19,3002,,,,3,30752,,,,23,820,,,,31,9048,,,,6,21085,,,,,,,,,,,,,,,,,,,,,,,,,,,,,,,,,,,,,,,,,,,
173711,31-Jan-18,2:14:04,2018-01-31 02:14:04,G,1,2,288,138,0,7,-62.4714,-60.821,14:06.8,FastGPS,-62.4714,-60.821,,1,2.9,0.8,,,,15,3,3135,,,,4,11170,,,,9,13104,,,,31,14947,,,,26,6994,,,,22,28405,,,,23,12128,,,,,,,,,,,,,,,,,,,,,,,,,,,,,,,,,,,,,,,,,,,
173711,31-Jan-18,3:15:49,2018-01-31 03:15:49,G,1,2,290,138,0,7,-62.4599,-60.8295,15:50.8,FastGPS,-62.4599,-60.8295,,,8,-0.2,,,,15,16,9537,,,,23,28038,,,,7,16995,,,,26,11767,,,,3,11064,,,,6,25592,,,,30,11334,,,,,,,,,,,,,,,,,,,,,,,,,,,,,,,,,,,,,,,,,,,
173711,31-Jan-18,3:46:15,2018-01-31 03:46:15,G,1,2,291,138,0,6,-62.4419,-60.8302,46:16.3,FastGPS,-62.4419,-60.8302,,1,3.6,-0.7,,,,15,7,5848,,,,23,22242,,,,16,18522,,,,4,8814,,,,26,29367,,,,9,14309,,,,,,,,,,,,,,,,,,,,,,,,,,,,,,,,,,,,,,,,,,,,,,,,
173711,31-Jan-18,4:16:04,2018-01-31 04:16:04,G,1,2,292,138,0,7,-62.4236,-60.8264,16:06.3,FastGPS,-62.4236,-60.8264,,1,6,0.3,,,,15,23,24642,,,,26,3714,,,,16,11032,,,,7,21792,,,,9,6124,,,,4,30158,,,,5,17478,,,,,,,,,,,,,,,,,,,,,,,,,,,,,,,,,,,,,,,,,,,
173711,31-Jan-18,4:46:00,2018-01-31 04:46:00,G,2,2,293,138,0,7,-62.4214,-60.8108,46:02.8,FastGPS,-62.4214,-60.8108,,,19.4,0.8,,,,15,16,2589,,,,7,9196,,,,23,22684,,,,9,7672,,,,5,4513,,,,30,26575,,,,27,14366,,,,,,,,,,,,,,,,,,,,,,,,,,,,,,,,,,,,,,,,,,,
173711,31-Jan-18,5:17:14,2018-01-31 05:17:14,G,4,2,294,138,0,6,-62.4245,-60.7951,17:15.8,FastGPS,-62.4245,-60.7951,,,10.3,-0.2,,,,15,5,9892,,,,13,12942,,,,30,3011,,,,7,7740,,,,9,30564,,,,16,5725,,,,,,,,,,,,,,,,,,,,,,,,,,,,,,,,,,,,,,,,,,,,,,,,
173711,31-Jan-18,5:47:30,2018-01-31 05:47:30,G,2,2,295,138,0,6,-62.4374,-60.7928,47:31.3,FastGPS,-62.4374,-60.7928,,,9.1,-0.7,,,,15,5,3892,,,,13,3265,,,,21,20882,,,,20,20919,,,,8,6004,,,,27,1435,,,,,,,,,,,,,,,,,,,,,,,,,,,,,,,,,,,,,,,,,,,,,,,,
173711,31-Jan-18,6:32:01,2018-01-31 06:32:01,G,2,2,296,139,0,8,-62.4434,-60.794,32:03.8,FastGPS,-62.4434,-60.794,,,13.6,0.8,,,,15,5,30970,,,,28,8226,,,,7,20456,,,,13,5857,,,,15,15526,,,,21,22678,,,,20,25688,,,,27,30168,,,,,,,,,,,,,,,,,,,,,,,,,,,,,,,,,,,,,,
173711,31-Jan-18,7:02:01,2018-01-31 07:02:01,G,2,2,297,,0,9,-62.4445,-60.8017,02:02.8,FastGPS,-62.4445,-60.8017,,,6.9,-0.2,,,,15,5,25506,,,,15,2308,,,,27,28546,,,,8,8106,,,,20,977,,,,30,26414,,,,28,18217,,,,13,8486,,,,7,2393,,,,,,,,,,,,,,,,,,,,,,,,,,,,,,,,,
173711,31-Jan-18,7:33:35,2018-01-31 07:33:35,G,1,2,298,139,0,5,-62.4528,-60.8083,33:36.8,FastGPS,-62.4528,-60.8083,,,1.3,-0.2,,,,15,20,2867,,,,5,29090,,,,13,15315,,,,15,12153,,,,8,13644,,,,,,,,,,,,,,,,,,,,,,,,,,,,,,,,,,,,,,,,,,,,,,,,,,,,,
173711,31-Jan-18,8:52:51,2018-01-31 08:52:51,G,3,2,299,142,0,6,-62.4566,-60.8106,52:52.2,FastGPS,-62.4566,-60.8106,,,7.1,-0.7,,,,15,17,5950,,,,19,19424,,,,15,26508,,,,10,4094,,,,28,15217,,,,13,25121,,,,,,,,,,,,,,,,,,,,,,,,,,,,,,,,,,,,,,,,,,,,,,,,
173711,31-Jan-18,14:51:11,2018-01-31 14:51:11,G,1,2,308,143,0,6,-62.4538,-60.8272,51:13.8,FastGPS,-62.4538,-60.8272,,1,3,0.8,,,,15,26,2421,,,,23,5538,,,,31,12755,,,,5,20482,,,,2,10,,,,4,25461,,,,,,,,,,,,,,,,,,,,,,,,,,,,,,,,,,,,,,,,,,,,,,,,
173711,31-Jan-18,15:21:23,2018-01-31 15:21:23,G,1,2,309,143,0,4,-62.4528,-60.8083,33:36.8,FastGPS,,,,,,,,,,15,26,19291,,,,4,13304,,,,2,8012,,,,31,17578,,,,,,,,,,,,,,,,,,,,,,,,,,,,,,,,,,,,,,,,,,,,,,,,,,,,,,,,,,
173711,31-Jan-18,15:51:00,2018-01-31 15:51:00,G,1,2,310,,0,9,-62.4638,-60.8051,51:01.3,FastGPS,-62.4638,-60.8051,,,13.1,-0.7,,,,15,5,12346,,,,9,32491,,,,29,22785,,,,20,2884,,,,16,28277,,,,26,22738,,,,21,16576,,,,23,1284,,,,31,5724,,,,,,,,,,,,,,,,,,,,,,,,,,,,,,,,,
173711,31-Jan-18,20:37:00,2018-01-31 20:37:00,G,1,2,313,145,0,8,-62.4596,-60.8242,37:02.3,FastGPS,-62.4596,-60.8242,,,9.7,0.3,,,,15,28,16937,,,,27,9607,,,,15,1808,,,,1,116,,,,11,31619,,,,32,29588,,,,8,17648,,,,24,16982,,,,,,,,,,,,,,,,,,,,,,,,,,,,,,,,,,,,,,
173711,31-Jan-18,22:59:22,2018-01-31 22:59:22,G,1,2,317,146,0,6,-62.4644,-60.8385,59:24.8,FastGPS,-62.4644,-60.8385,,,11.9,0.8,,,,15,31,4118,,,,12,4914,,,,32,26650,,,,17,19922,,,,14,24951,,,,1,3592,,,,,,,,,,,,,,,,,,,,,,,,,,,,,,,,,,,,,,,,,,,,,,,,
173711,1-Feb-18,0:02:47,2018-02-01 00:02:47,G,4,2,318,148,0,7,-62.4683,-60.855,02:48.8,FastGPS,-62.4683,-60.855,,,7.9,-0.2,,,,15,32,24548,,,,1,9554,,,,23,22988,,,,31,11836,,,,11,3082,,,,17,20735,,,,3,10528,,,,,,,,,,,,,,,,,,,,,,,,,,,,,,,,,,,,,,,,,,,
173711,1-Feb-18,0:36:13,2018-02-01 00:36:13,G,2,2,319,,0,9,-62.4621,-60.8552,36:14.8,FastGPS,-62.4621,-60.8552,,,11.7,-0.2,,,,15,23,17489,,,,1,9530,,,,31,6519,,,,32,20098,,,,14,15884,,,,3,13212,,,,22,31682,,,,11,18560,,,,17,17621,,,,,,,,,,,,,,,,,,,,,,,,,,,,,,,,,
173711,1-Feb-18,9:02:00,2018-02-01 09:02:00,G,1,2,323,151,0,8,-62.5099,-60.987,02:02.3,FastGPS,-62.5099,-60.987,,,6.8,0.3,,,,15,15,2946,,,,24,12878,,,,13,3373,,,,11,13624,,,,17,10275,,,,10,5939,,,,19,31610,,,,1,16062,,,,,,,,,,,,,,,,,,,,,,,,,,,,,,,,,,,,,,
173711,1-Feb-18,9:33:29,2018-02-01 09:33:29,G,1,2,324,151,0,8,-62.5172,-60.9954,33:31.3,FastGPS,-62.5172,-60.9954,,,8.6,0.3,,,,15,13,4761,,,,15,31874,,,,12,878,,,,17,23182,,,,24,12006,,,,10,25030,,,,11,32674,,,,19,11941,,,,,,,,,,,,,,,,,,,,,,,,,,,,,,,,,,,,,,
173711,1-Feb-18,10:03:35,2018-02-01 10:03:35,G,1,2,325,151,0,6,-62.5184,-60.9953,03:37.8,FastGPS,-62.5184,-60.9953,,,5.8,0.8,,,,15,17,1961,,,,28,4018,,,,1,11068,,,,15,14505,,,,13,13064,,,,12,15750,,,,,,,,,,,,,,,,,,,,,,,,,,,,,,,,,,,,,,,,,,,,,,,,
173711,1-Feb-18,14:19:11,2018-02-01 14:19:11,G,2,2,326,151,0,8,-62.5295,-60.9052,19:13.3,FastGPS,-62.5295,-60.9052,,1,10.1,0.3,,,,15,5,27269,,,,23,11970,,,,6,20564,,,,12,4287,,,,2,26510,,,,31,884,,,,25,15260,,,,4,26302,,,,,,,,,,,,,,,,,,,,,,,,,,,,,,,,,,,,,,
173711,1-Feb-18,14:57:52,2018-02-01 14:57:52,G,4,2,327,151,0,7,-62.5273,-60.8814,57:54.8,FastGPS,-62.5273,-60.8814,,,6.3,0.8,,,,15,5,30075,,,,2,4316,,,,25,1738,,,,23,8410,,,,12,11261,,,,29,17717,,,,9,8584,,,,,,,,,,,,,,,,,,,,,,,,,,,,,,,,,,,,,,,,,,,
173711,1-Feb-18,15:48:02,2018-02-01 15:48:02,G,3,2,328,152,0,7,-62.5223,-60.8727,48:04.3,FastGPS,-62.5223,-60.8727,,,14.4,0.3,,,,15,5,11294,,,,20,4956,,,,31,32704,,,,29,19506,,,,21,19870,,,,25,18655,,,,2,12531,,,,,,,,,,,,,,,,,,,,,,,,,,,,,,,,,,,,,,,,,,,
173711,1-Feb-18,16:19:06,2018-02-01 16:19:06,G,2,2,329,152,0,5,-62.4944,-60.8394,49:07.8,FastGPS,-62.5097,-60.8532,,1,0.9,0.8,,,,15,29,10262,,,,5,23282,,,,26,29736,,,,4,16628,,,,20,2806,,,,,,,,,,,,,,,,,,,,,,,,,,,,,,,,,,,,,,,,,,,,,,,,,,,,,
173711,1-Feb-18,16:49:05,2018-02-01 16:49:05,G,3,2,330,152,0,5,-62.4732,-60.796,19:02.3,FastGPS,-62.4944,-60.8394,,1,1.3,0.8,,,,15,29,4690,,,,5,22250,,,,4,1638,,,,20,21806,,,,26,16508,,,,,,,,,,,,,,,,,,,,,,,,,,,,,,,,,,,,,,,,,,,,,,,,,,,,,
173711,1-Feb-18,17:19:17,2018-02-01 17:19:17,G,3,2,331,152,0,8,-62.4787,-60.8178,19:19.8,FastGPS,-62.4787,-60.8178,,1,4.4,0.8,,,,15,5,17809,,,,29,8962,,,,7,2617,,,,13,26029,,,,15,30338,,,,4,10176,,,,20,29638,,,,26,21891,,,,,,,,,,,,,,,,,,,,,,,,,,,,,,,,,,,,,,
173711,1-Feb-18,17:49:00,2018-02-01 17:49:00,G,4,2,332,,0,9,-62.4734,-60.7959,49:02.3,FastGPS,-62.4734,-60.7959,,,11.8,0.3,,,,15,15,2278,,,,27,20505,,,,29,12921,,,,8,26762,,,,7,32596,,,,20,5796,,,,26,872,,,,30,2978,,,,13,1044,,,,,,,,,,,,,,,,,,,,,,,,,,,,,,,,,
173711,1-Feb-18,18:19:00,2018-02-01 18:19:00,G,1,2,333,152,1,5,-62.4732,-60.796,19:02.3,FastGPS,-62.4732,-60.796,,,1.5,0.3,,,,15,30,11145,,,,21,30161,,,,15,3642,,,,7,7633,,,,13,25438,,,,,,,,,,,,,,,,,,,,,,,,,,,,,,,,,,,,,,,,,,,,,,,,,,,,,
173711,1-Feb-18,18:49:00,2018-02-01 18:49:00,G,2,2,334,152,1,7,-62.4733,-60.7958,49:02.3,FastGPS,-62.4733,-60.7958,,,11.6,0.3,,,,15,15,578,,,,21,29310,,,,30,8749,,,,13,4889,,,,20,28412,,,,7,5378,,,,8,24870,,,,,,,,,,,,,,,,,,,,,,,,,,,,,,,,,,,,,,,,,,,
173711,1-Feb-18,19:59:00,2018-02-01 19:59:00,G,1,2,335,152,0,6,-62.4733,-60.7969,59:02.3,FastGPS,-62.4733,-60.7969,,,6.1,0.3,,,,15,32,5037,,,,27,4615,,,,10,1994,,,,8,1774,,,,11,32425,,,,28,22100,,,,,,,,,,,,,,,,,,,,,,,,,,,,,,,,,,,,,,,,,,,,,,,,
173711,2-Feb-18,0:29:01,2018-02-02 00:29:01,G,1,2,340,160,0,4,-62.4732,-60.796,19:02.3,FastGPS,-62.4855,-60.8353,,,1.9,0.9,,,,15,17,22567,,,,23,613,,,,19,24269,,,,22,258,,,,,,,,,,,,,,,,,,,,,,,,,,,,,,,,,,,,,,,,,,,,,,,,,,,,,,,,,,
173711,2-Feb-18,2:14:00,2018-02-02 02:14:00,G,1,2,342,163,0,5,-62.4975,-60.8623,14:01.8,FastGPS,-62.4975,-60.8623,,,4.9,-0.1,,,,15,9,24062,,,,6,31908,,,,2,1578,,,,23,29052,,,,31,3626,,,,,,,,,,,,,,,,,,,,,,,,,,,,,,,,,,,,,,,,,,,,,,,,,,,,,
173711,2-Feb-18,3:30:51,2018-02-02 03:30:51,G,2,2,343,166,0,5,-62.507,-60.8712,30:52.9,FastGPS,-62.507,-60.8712,,,12.2,-0.1,,,,15,2,248,,,,5,22921,,,,26,16505,,,,29,17928,,,,16,16886,,,,,,,,,,,,,,,,,,,,,,,,,,,,,,,,,,,,,,,,,,,,,,,,,,,,,
173711,2-Feb-18,4:01:00,2018-02-02 04:01:00,G,2,2,344,166,0,5,-62.5103,-60.8756,01:01.4,FastGPS,-62.5103,-60.8756,,,14.7,-0.6,,,,15,5,22950,,,,16,9948,,,,2,28493,,,,26,21380,,,,30,12608,,,,,,,,,,,,,,,,,,,,,,,,,,,,,,,,,,,,,,,,,,,,,,,,,,,,,
173711,2-Feb-18,5:31:03,2018-02-02 05:31:03,G,4,2,346,168,0,5,-62.5178,-60.8897,31:05.8,FastGPS,-62.5178,-60.8897,,,3.3,0.9,,,,15,5,20346,,,,7,23346,,,,13,14922,,,,28,7091,,,,9,15672,,,,,,,,,,,,,,,,,,,,,,,,,,,,,,,,,,,,,,,,,,,,,,,,,,,,,
173711,2-Feb-18,7:18:02,2018-02-02 07:18:02,G,1,2,349,169,0,6,-62.5161,-60.8853,18:03.4,FastGPS,-62.5161,-60.8853,,,6.8,-0.6,,,,15,15,4496,,,,30,12303,,,,5,8736,,,,20,28987,,,,13,24470,,,,7,13780,,,,,,,,,,,,,,,,,,,,,,,,,,,,,,,,,,,,,,,,,,,,,,,,
173711,2-Feb-18,9:25:30,2018-02-02 09:25:30,G,1,2,353,169,0,5,-62.4823,-60.8411,25:32.4,FastGPS,-62.4823,-60.8411,,,4.9,0.4,,,,15,17,6177,,,,19,22568,,,,12,5432,,,,13,11722,,,,28,5996,,,,,,,,,,,,,,,,,,,,,,,,,,,,,,,,,,,,,,,,,,,,,,,,,,,,,
173711,2-Feb-18,10:10:11,2018-02-02 10:10:11,G,2,2,354,170,0,4,-62.4788,-60.817,26:08.4,FastGPS,-62.475,-60.7954,,,0.2,0.9,,,,15,19,15654,,,,17,21953,,,,24,661,,,,12,14267,,,,,,,,,,,,,,,,,,,,,,,,,,,,,,,,,,,,,,,,,,,,,,,,,,,,,,,,,,
173711,2-Feb-18,11:40:00,2018-02-02 11:40:00,G,2,2,356,172,0,5,-62.4742,-60.7992,40:02.0,FastGPS,-62.4742,-60.7992,,,3.6,0,,,,15,17,12465,,,,24,31414,,,,2,14236,,,,19,2542,,,,6,16386,,,,,,,,,,,,,,,,,,,,,,,,,,,,,,,,,,,,,,,,,,,,,,,,,,,,,
173711,2-Feb-18,23:38:45,2018-02-02 23:38:45,G,1,2,358,,0,9,-62.4736,-60.7967,38:47.9,FastGPS,-62.4736,-60.7967,,,11.1,0.9,,,,15,17,9808,,,,19,27882,,,,23,14824,,,,32,27124,,,,3,20666,,,,31,7732,,,,11,27446,,,,14,13814,,,,1,17700,,,,,,,,,,,,,,,,,,,,,,,,,,,,,,,,,
173711,3-Feb-18,0:26:06,2018-02-03 00:26:06,G,1,2,359,173,0,4,-62.4836,-60.8268,28:23.8,FastGPS,-62.4788,-60.817,,,1.5,0.4,,,,15,17,21760,,,,6,12092,,,,23,8248,,,,1,14774,,,,,,,,,,,,,,,,,,,,,,,,,,,,,,,,,,,,,,,,,,,,,,,,,,,,,,,,,,
173711,3-Feb-18,2:28:21,2018-02-03 02:28:21,G,1,2,361,177,0,8,-62.4836,-60.8268,28:23.8,FastGPS,-62.4836,-60.8268,,1,12.9,0.9,,,,15,9,8442,,,,2,5290,,,,31,29853,,,,6,18956,,,,29,3780,,,,23,15486,,,,7,20307,,,,4,23732,,,,,,,,,,,,,,,,,,,,,,,,,,,,,,,,,,,,,,
173711,3-Feb-18,5:29:47,2018-02-03 05:29:47,G,1,2,366,179,0,8,-62.4797,-60.8639,29:49.4,FastGPS,-62.4797,-60.8639,,,15.5,0.4,,,,15,28,15908,,,,5,12294,,,,13,19488,,,,7,12214,,,,30,8292,,,,9,30361,,,,20,8577,,,,21,18994,,,,,,,,,,,,,,,,,,,,,,,,,,,,,,,,,,,,,,
173711,3-Feb-18,6:33:29,2018-02-03 06:33:29,G,1,2,368,179,0,4,-62.435,-60.914,2/3/2018 8:42,R,-62.4826,-60.9088,,,1.4,-0.1,,,,15,7,18949,,,,5,3994,,,,28,13186,,,,8,21990,,,,,,,,,,,,,,,,,,,,,,,,,,,,,,,,,,,,,,,,,,,,,,,,,,,,,,,,,,
173711,3-Feb-18,8:52:59,2018-02-03 08:52:59,G,1,2,371,182,0,6,-62.4317,-60.9082,53:00.4,FastGPS,-62.4317,-60.9082,,,6.7,-0.6,,,,15,17,18638,,,,19,7075,,,,13,17661,,,,15,14929,,,,28,9388,,,,24,20325,,,,,,,,,,,,,,,,,,,,,,,,,,,,,,,,,,,,,,,,,,,,,,,,
173711,3-Feb-18,9:40:17,2018-02-03 09:40:17,G,1,2,372,183,0,5,-62.4136,-60.8823,40:19.4,FastGPS,-62.4136,-60.8823,,,2.3,0.4,,,,15,12,5334,,,,10,5810,,,,15,23502,,,,11,2723,,,,32,964,,,,,,,,,,,,,,,,,,,,,,,,,,,,,,,,,,,,,,,,,,,,,,,,,,,,,
173711,3-Feb-18,10:10:17,2018-02-03 10:10:17,G,1,2,373,183,0,5,-62.413,-60.8538,10:19.4,FastGPS,-62.413,-60.8538,,,9,0.4,,,,15,17,20244,,,,12,32162,,,,1,17324,,,,19,22731,,,,15,12371,,,,,,,,,,,,,,,,,,,,,,,,,,,,,,,,,,,,,,,,,,,,,,,,,,,,,
173711,3-Feb-18,10:57:02,2018-02-03 10:57:02,G,3,2,374,184,0,7,-62.4219,-60.8247,57:04.8,FastGPS,-62.4219,-60.8247,,,11.3,0.9,,,,15,32,9485,,,,12,21123,,,,17,23640,,,,25,4235,,,,24,4709,,,,19,30746,,,,14,15288,,,,,,,,,,,,,,,,,,,,,,,,,,,,,,,,,,,,,,,,,,,
173711,3-Feb-18,12:03:14,2018-02-03 12:03:14,G,1,2,375,,0,9,-62.4356,-60.815,03:15.9,FastGPS,-62.4356,-60.815,,,8.2,-0.1,,,,15,24,18132,,,,2,16995,,,,32,13953,,,,14,26975,,,,25,16118,,,,31,21505,,,,29,25808,,,,12,8419,,,,6,10712,,,,,,,,,,,,,,,,,,,,,,,,,,,,,,,,,
173711,3-Feb-18,12:34:47,2018-02-03 12:34:47,G,2,2,376,186,0,4,-62.4797,-60.8639,29:49.4,FastGPS,-62.452,-60.8224,,,2.9,-0.7,,,,15,29,7392,,,,31,29207,,,,32,29642,,,,14,1914,,,,,,,,,,,,,,,,,,,,,,,,,,,,,,,,,,,,,,,,,,,,,,,,,,,,,,,,,,
173711,3-Feb-18,13:36:03,2018-02-03 13:36:03,G,2,2,378,186,0,4,-62.4797,-60.8639,29:49.4,FastGPS,,,,,,,,,,15,31,9186,,,,4,22073,,,,2,266,,,,29,27436,,,,,,,,,,,,,,,,,,,,,,,,,,,,,,,,,,,,,,,,,,,,,,,,,,,,,,,,,,
173711,3-Feb-18,14:06:00,2018-02-03 14:06:00,G,3,2,379,,1,9,-62.4731,-60.7957,06:02.4,FastGPS,-62.4731,-60.7957,,1,8.9,0.4,,,,15,12,20173,,,,23,3127,,,,29,20144,,,,6,3076,,,,2,1757,,,,5,4604,,,,31,27417,,,,25,18238,,,,4,1132,,,,,,,,,,,,,,,,,,,,,,,,,,,,,,,,,
173711,3-Feb-18,22:57:04,2018-02-03 22:57:04,G,1,2,380,,0,9,-62.4734,-60.7965,57:06.4,FastGPS,-62.4734,-60.7965,,,14.1,0.4,,,,15,17,1539,,,,32,30536,,,,31,11478,,,,19,5720,,,,1,1050,,,,3,27039,,,,11,645,,,,22,14690,,,,14,18069,,,,,,,,,,,,,,,,,,,,,,,,,,,,,,,,,
173711,3-Feb-18,23:58:39,2018-02-03 23:58:39,G,1,2,381,,0,9,-62.4807,-60.8173,58:41.4,FastGPS,-62.4807,-60.8173,,,10.6,0.4,,,,15,23,29963,,,,17,6895,,,,19,18632,,,,1,19752,,,,11,7338,,,,12,2360,,,,25,15903,,,,3,21476,,,,32,22788,,,,,,,,,,,,,,,,,,,,,,,,,,,,,,,,,
173711,4-Feb-18,1:29:00,2018-02-04 01:29:00,G,2,2,383,190,0,6,-62.4935,-60.8541,29:01.9,FastGPS,-62.4935,-60.8541,,,13.9,-0.1,,,,15,22,27134,,,,9,15763,,,,23,1326,,,,19,24532,,,,2,1280,,,,31,10570,,,,,,,,,,,,,,,,,,,,,,,,,,,,,,,,,,,,,,,,,,,,,,,,
173711,4-Feb-18,3:16:02,2018-02-04 03:16:02,G,1,2,385,193,0,7,-62.502,-60.89,16:03.4,FastGPS,-62.502,-60.89,,,13.8,-0.6,,,,15,7,4882,,,,9,4504,,,,5,9626,,,,2,27622,,,,23,24042,,,,6,17098,,,,16,22666,,,,,,,,,,,,,,,,,,,,,,,,,,,,,,,,,,,,,,,,,,,
173711,4-Feb-18,4:01:46,2018-02-04 04:01:46,G,1,2,386,194,0,6,-62.5108,-60.9565,01:47.9,FastGPS,-62.5108,-60.9565,,,5.2,-0.1,,,,15,5,30874,,,,29,30824,,,,2,6744,,,,30,27716,,,,7,31141,,,,9,7242,,,,,,,,,,,,,,,,,,,,,,,,,,,,,,,,,,,,,,,,,,,,,,,,
173711,4-Feb-18,6:18:03,2018-02-04 06:18:03,G,2,2,390,195,0,7,-62.5078,-60.994,18:04.9,FastGPS,-62.5078,-60.994,,,8.3,-0.1,,,,15,8,25596,,,,27,24723,,,,7,9498,,,,13,11732,,,,28,15480,,,,15,24984,,,,21,18507,,,,,,,,,,,,,,,,,,,,,,,,,,,,,,,,,,,,,,,,,,,
173711,4-Feb-18,6:48:01,2018-02-04 06:48:01,G,1,2,391,195,0,7,-62.4979,-60.9666,48:02.4,FastGPS,-62.4979,-60.9666,,,10.9,-0.6,,,,15,28,13260,,,,15,672,,,,5,4975,,,,13,1922,,,,30,8083,,,,7,13458,,,,20,22123,,,,,,,,,,,,,,,,,,,,,,,,,,,,,,,,,,,,,,,,,,,
173711,4-Feb-18,7:20:12,2018-02-04 07:20:12,G,3,2,392,195,0,4,-62.4555,-60.8264,10:48.9,FastGPS,-62.4895,-60.9355,,,0.5,0,,,,15,7,2836,,,,8,25347,,,,30,14773,,,,5,32168,,,,,,,,,,,,,,,,,,,,,,,,,,,,,,,,,,,,,,,,,,,,,,,,,,,,,,,,,,
173711,4-Feb-18,7:51:23,2018-02-04 07:51:23,G,2,2,393,195,0,6,-62.4807,-60.9061,51:24.9,FastGPS,-62.4807,-60.9061,,,5.3,-0.1,,,,15,17,17690,,,,11,18069,,,,8,4940,,,,7,16964,,,,30,27434,,,,28,19372,,,,,,,,,,,,,,,,,,,,,,,,,,,,,,,,,,,,,,,,,,,,,,,,
173711,4-Feb-18,8:24:36,2018-02-04 08:24:36,G,1,2,394,,0,9,-62.47,-60.8791,24:37.4,FastGPS,-62.47,-60.8791,,,11.1,-0.6,,,,15,1,9255,,,,11,13391,,,,17,5706,,,,28,30465,,,,30,13721,,,,8,6283,,,,15,16134,,,,13,10508,,,,19,15998,,,,,,,,,,,,,,,,,,,,,,,,,,,,,,,,,
173711,4-Feb-18,9:10:47,2018-02-04 09:10:47,G,1,2,395,196,0,4,-62.4601,-60.8316,34:30.0,FastGPS,-62.4555,-60.8264,,,0.8,-0.1,,,,15,15,23772,,,,24,12172,,,,17,348,,,,13,15129,,,,,,,,,,,,,,,,,,,,,,,,,,,,,,,,,,,,,,,,,,,,,,,,,,,,,,,,,,
173711,4-Feb-18,10:32:04,2018-02-04 10:32:04,G,1,2,396,199,0,7,-62.4565,-60.7778,32:05.4,FastGPS,-62.4565,-60.7778,,,7.7,-0.6,,,,15,32,16702,,,,17,30070,,,,1,13862,,,,22,23246,,,,14,17745,,,,19,22774,,,,6,12692,,,,,,,,,,,,,,,,,,,,,,,,,,,,,,,,,,,,,,,,,,,
173711,4-Feb-18,11:38:04,2018-02-04 11:38:04,G,2,2,397,201,0,7,-62.4595,-60.7727,38:05.9,FastGPS,-62.4595,-60.7727,,,5.1,-0.1,,,,15,32,3216,,,,14,4952,,,,17,23328,,,,19,24386,,,,25,1812,,,,12,20004,,,,24,18146,,,,,,,,,,,,,,,,,,,,,,,,,,,,,,,,,,,,,,,,,,,
173711,4-Feb-18,12:23:00,2018-02-04 12:23:00,G,2,2,398,202,0,8,-62.4568,-60.8124,23:01.9,FastGPS,-62.4568,-60.8124,,,14.8,-0.1,,,,15,19,2355,,,,6,12224,,,,24,9497,,,,2,27772,,,,12,27621,,,,29,31653,,,,25,10648,,,,3,4720,,,,,,,,,,,,,,,,,,,,,,,,,,,,,,,,,,,,,,
173711,4-Feb-18,13:28:54,2018-02-04 13:28:54,G,2,2,399,204,0,7,-62.4687,-60.8423,28:55.9,FastGPS,-62.4687,-60.8423,,1,13.1,-0.1,,,,15,12,22777,,,,6,12862,,,,29,20198,,,,2,4364,,,,23,310,,,,4,11034,,,,31,5620,,,,,,,,,,,,,,,,,,,,,,,,,,,,,,,,,,,,,,,,,,,
173711,4-Feb-18,14:02:42,2018-02-04 14:02:42,G,3,2,400,204,0,5,-62.4655,-60.848,02:43.4,FastGPS,-62.4655,-60.848,,,7.9,-0.6,,,,15,12,22506,,,,23,9426,,,,6,4666,,,,5,13080,,,,2,5222,,,,,,,,,,,,,,,,,,,,,,,,,,,,,,,,,,,,,,,,,,,,,,,,,,,,,
173711,4-Feb-18,14:34:28,2018-02-04 14:34:28,G,2,2,401,204,0,5,-62.4557,-60.825,09:52.4,FastGPS,-62.4601,-60.8316,,1,1.8,0,,,,15,5,6796,,,,9,28314,,,,23,25784,,,,4,11501,,,,12,3269,,,,,,,,,,,,,,,,,,,,,,,,,,,,,,,,,,,,,,,,,,,,,,,,,,,,,
173711,4-Feb-18,15:04:04,2018-02-04 15:04:04,G,1,2,402,204,0,8,-62.4588,-60.8231,04:05.9,FastGPS,-62.4588,-60.8231,,2,15.8,-0.1,,,,15,31,3870,,,,21,19954,,,,4,28114,,,,26,1353,,,,29,21093,,,,9,344,,,,25,12900,,,,20,3410,,,,,,,,,,,,,,,,,,,,,,,,,,,,,,,,,,,,,,
173711,4-Feb-18,18:10:08,2018-02-04 18:10:08,G,1,2,406,208,0,7,-62.466,-60.8406,10:09.4,FastGPS,-62.466,-60.8406,,1,9.4,-0.6,,,,15,7,9071,,,,10,16288,,,,26,31130,,,,27,21397,,,,8,20734,,,,16,25680,,,,4,16410,,,,,,,,,,,,,,,,,,,,,,,,,,,,,,,,,,,,,,,,,,,
173711,4-Feb-18,18:40:35,2018-02-04 18:40:35,G,1,2,407,208,0,8,-62.4694,-60.8427,40:36.4,FastGPS,-62.4694,-60.8427,,,4.3,-0.5,,,,15,26,1774,,,,8,29558,,,,16,8634,,,,10,14430,,,,7,18142,,,,27,18852,,,,21,6521,,,,30,29107,,,,,,,,,,,,,,,,,,,,,,,,,,,,,,,,,,,,,,
173711,4-Feb-18,19:11:57,2018-02-04 19:11:57,G,2,2,408,208,0,5,-62.4628,-60.8348,11:59.0,FastGPS,-62.4628,-60.8348,,,8.1,0,,,,15,15,16410,,,,21,9847,,,,10,5526,,,,27,31486,,,,16,16278,,,,,,,,,,,,,,,,,,,,,,,,,,,,,,,,,,,,,,,,,,,,,,,,,,,,,
173711,4-Feb-18,19:44:19,2018-02-04 19:44:19,G,3,2,409,208,0,6,-62.4592,-60.8291,44:20.9,FastGPS,-62.4592,-60.8291,,,6.6,-0.1,,,,15,15,24316,,,,27,23969,,,,8,12420,,,,10,15142,,,,11,3537,,,,28,27438,,,,,,,,,,,,,,,,,,,,,,,,,,,,,,,,,,,,,,,,,,,,,,,,
173711,4-Feb-18,21:06:36,2018-02-04 21:06:36,G,3,2,410,211,0,8,-62.4616,-60.8394,06:37.5,FastGPS,-62.4616,-60.8394,,,5.6,-0.5,,,,15,28,26714,,,,10,21011,,,,11,25706,,,,1,23802,,,,32,10929,,,,22,13348,,,,14,5670,,,,24,24087,,,,,,,,,,,,,,,,,,,,,,,,,,,,,,,,,,,,,,
173711,4-Feb-18,21:37:05,2018-02-04 21:37:05,G,1,2,411,,0,9,-62.4586,-60.8232,37:06.9,FastGPS,-62.4586,-60.8232,,,11.8,0,,,,15,8,29924,,,,14,24465,,,,32,25239,,,,22,19448,,,,1,28888,,,,28,1020,,,,3,21496,,,,11,10367,,,,17,21998,,,,,,,,,,,,,,,,,,,,,,,,,,,,,,,,,
173711,4-Feb-18,22:07:05,2018-02-04 22:07:05,G,2,2,412,211,0,8,-62.4588,-60.8235,07:06.9,FastGPS,-62.4588,-60.8235,,,14.5,-0.1,,,,15,17,7549,,,,28,21771,,,,22,25190,,,,3,14990,,,,32,14420,,,,11,14417,,,,14,24396,,,,8,23251,,,,,,,,,,,,,,,,,,,,,,,,,,,,,,,,,,,,,,
173711,4-Feb-18,22:38:47,2018-02-04 22:38:47,G,3,2,413,211,0,8,-62.4562,-60.8281,38:48.4,FastGPS,-62.4562,-60.8281,,,11.6,-0.6,,,,15,17,7159,,,,12,21575,,,,19,21250,,,,32,392,,,,1,31963,,,,3,11534,,,,11,24533,,,,22,19177,,,,,,,,,,,,,,,,,,,,,,,,,,,,,,,,,,,,,,
173711,4-Feb-18,23:09:28,2018-02-04 23:09:28,G,2,3,414,211,0,7,-62.4521,-60.8244,09:29.4,FastGPS,-62.4521,-60.8244,,,10.2,-1.6,,,,15,17,26840,,,,12,12086,,,,11,5334,,,,1,32373,,,,32,20700,,,,3,19754,,,,19,30075,,,,,,,,,,,,,,,,,,,,,,,,,,,,,,,,,,,,,,,,,,,
173711,5-Feb-18,0:09:51,2018-02-05 00:09:51,G,2,3,416,211,0,6,-62.4557,-60.825,09:52.4,FastGPS,-62.4557,-60.825,,,3.3,-1.5,,,,15,23,11710,,,,1,14665,,,,3,12132,,,,11,27064,,,,19,32560,,,,17,15612,,,,,,,,,,,,,,,,,,,,,,,,,,,,,,,,,,,,,,,,,,,,,,,,
173711,5-Feb-18,0:42:34,2018-02-05 00:42:34,G,3,3,417,,0,9,-62.4584,-60.8294,42:36.9,FastGPS,-62.4584,-60.8294,,,10.7,0,,,,15,23,9864,,,,22,16800,,,,1,23498,,,,31,16206,,,,17,12990,,,,19,7402,,,,3,12186,,,,6,20994,,,,12,24922,,,,,,,,,,,,,,,,,,,,,,,,,,,,,,,,,
173711,5-Feb-18,1:57:02,2018-02-05 01:57:02,G,3,3,419,212,0,6,-62.4645,-60.8431,57:03.4,FastGPS,-62.4645,-60.8431,,1,9.1,-1.6,,,,15,4,13519,,,,31,31218,,,,6,11496,,,,2,856,,,,26,13206,,,,3,19715,,,,,,,,,,,,,,,,,,,,,,,,,,,,,,,,,,,,,,,,,,,,,,,,
173711,5-Feb-18,2:27:00,2018-02-05 02:27:00,G,1,3,420,,0,9,-62.4661,-60.8427,27:02.4,FastGPS,-62.4661,-60.8427,,1,15.3,-0.6,,,,15,29,1818,,,,4,9772,,,,26,7581,,,,16,27322,,,,3,8288,,,,23,24084,,,,7,9170,,,,31,18287,,,,9,8829,,,,,,,,,,,,,,,,,,,,,,,,,,,,,,,,,
173711,5-Feb-18,9:17:00,2018-02-05 09:17:00,G,1,3,428,222,1,5,-62.4737,-60.7953,17:02.5,FastGPS,-62.4737,-60.7953,,,2.3,-0.5,,,,15,15,28096,,,,17,19660,,,,19,8394,,,,12,28738,,,,13,1626,,,,,,,,,,,,,,,,,,,,,,,,,,,,,,,,,,,,,,,,,,,,,,,,,,,,,
173711,5-Feb-18,9:47:00,2018-02-05 09:47:00,G,1,3,429,222,1,6,-62.4738,-60.7952,47:02.5,FastGPS,-62.4738,-60.7952,,,8.1,-0.5,,,,15,12,31740,,,,19,25185,,,,15,32695,,,,17,20361,,,,13,31836,,,,24,13400,,,,,,,,,,,,,,,,,,,,,,,,,,,,,,,,,,,,,,,,,,,,,,,,
173711,5-Feb-18,23:35:01,2018-02-05 23:35:01,G,2,3,430,,0,9,-62.4727,-60.8004,35:03.5,FastGPS,-62.4727,-60.8004,,,4.4,-0.5,,,,15,23,7452,,,,11,14495,,,,17,16384,,,,31,13043,,,,12,16892,,,,1,13516,,,,19,22182,,,,14,5636,,,,3,18579,,,,,,,,,,,,,,,,,,,,,,,,,,,,,,,,,
173711,6-Feb-18,0:20:00,2018-02-06 00:20:00,G,2,3,431,,0,9,-62.4721,-60.8029,20:02.5,FastGPS,-62.4721,-60.8029,,,7.9,-0.5,,,,15,23,334,,,,12,17422,,,,17,2668,,,,1,23680,,,,31,6534,,,,19,21196,,,,22,19811,,,,11,264,,,,25,3062,,,,,,,,,,,,,,,,,,,,,,,,,,,,,,,,,
173711,6-Feb-18,1:38:04,2018-02-06 01:38:04,G,1,3,433,225,0,8,-62.4823,-60.818,38:06.5,FastGPS,-62.4823,-60.818,,,10.1,-0.5,,,,15,23,4388,,,,3,1228,,,,31,13750,,,,9,2133,,,,2,19282,,,,22,6665,,,,6,3782,,,,19,17658,,,,,,,,,,,,,,,,,,,,,,,,,,,,,,,,,,,,,,
173711,6-Feb-18,2:08:05,2018-02-06 02:08:05,G,1,3,434,225,0,6,-62.4853,-60.8238,08:08.0,FastGPS,-62.4853,-60.8238,,,10.3,0,,,,15,23,22959,,,,2,24325,,,,9,20840,,,,3,16956,,,,6,26646,,,,29,17496,,,,,,,,,,,,,,,,,,,,,,,,,,,,,,,,,,,,,,,,,,,,,,,,
173711,6-Feb-18,3:09:09,2018-02-06 03:09:09,G,1,3,436,225,0,6,-62.4875,-60.8398,09:10.5,FastGPS,-62.4875,-60.8398,,,4.8,-1.5,,,,15,23,12508,,,,7,3151,,,,2,18120,,,,16,17808,,,,5,8320,,,,9,30460,,,,,,,,,,,,,,,,,,,,,,,,,,,,,,,,,,,,,,,,,,,,,,,,
173711,6-Feb-18,3:39:43,2018-02-06 03:39:43,G,2,3,437,225,0,8,-62.4833,-60.8651,39:45.5,FastGPS,-62.4833,-60.8651,,,8.2,-0.5,,,,15,23,2644,,,,7,18799,,,,16,11588,,,,9,19226,,,,6,17851,,,,30,27298,,,,5,6668,,,,2,12889,,,,,,,,,,,,,,,,,,,,,,,,,,,,,,,,,,,,,,
173711,6-Feb-18,4:55:01,2018-02-06 04:55:01,G,1,3,439,226,0,8,-62.459,-60.881,55:04.0,FastGPS,-62.459,-60.881,,,8,0,,,,15,16,18727,,,,9,11765,,,,27,21668,,,,7,28898,,,,5,2142,,,,28,15492,,,,30,31528,,,,8,28970,,,,,,,,,,,,,,,,,,,,,,,,,,,,,,,,,,,,,,
173711,6-Feb-18,5:25:23,2018-02-06 05:25:23,G,2,3,440,226,0,6,-62.4494,-60.8609,25:24.5,FastGPS,-62.4494,-60.8609,,,10.7,-1.5,,,,15,28,17617,,,,7,22922,,,,5,31606,,,,9,22338,,,,13,10441,,,,8,9393,,,,,,,,,,,,,,,,,,,,,,,,,,,,,,,,,,,,,,,,,,,,,,,,
173711,6-Feb-18,5:55:10,2018-02-06 05:55:10,G,2,3,441,226,0,7,-62.44,-60.841,55:12.5,FastGPS,-62.44,-60.841,,,10.2,-0.5,,,,15,7,24865,,,,8,1145,,,,27,8898,,,,13,31388,,,,9,31113,,,,5,27296,,,,21,1572,,,,,,,,,,,,,,,,,,,,,,,,,,,,,,,,,,,,,,,,,,,
173711,6-Feb-18,7:58:36,2018-02-06 07:58:36,G,2,3,443,,0,9,-62.4592,-60.8219,58:37.5,FastGPS,-62.4592,-60.8219,,,12.6,-1.5,,,,15,17,6946,,,,15,27965,,,,30,8864,,,,28,16157,,,,13,2628,,,,11,18624,,,,24,15798,,,,1,92,,,,20,24210,,,,,,,,,,,,,,,,,,,,,,,,,,,,,,,,,
173711,6-Feb-18,8:28:02,2018-02-06 08:28:02,G,1,3,444,230,0,7,-62.4643,-60.8298,28:04.5,FastGPS,-62.4643,-60.8298,,,9.2,-0.5,,,,15,15,25256,,,,19,16295,,,,13,24212,,,,17,2002,,,,24,3037,,,,10,2665,,,,30,8123,,,,,,,,,,,,,,,,,,,,,,,,,,,,,,,,,,,,,,,,,,,
173711,6-Feb-18,9:18:08,2018-02-06 09:18:08,G,3,3,445,231,0,8,-62.4665,-60.8446,18:10.5,FastGPS,-62.4665,-60.8446,,,7.3,-0.5,,,,15,28,12166,,,,17,2141,,,,12,26332,,,,19,31010,,,,11,25842,,,,13,18012,,,,1,411,,,,15,20130,,,,,,,,,,,,,,,,,,,,,,,,,,,,,,,,,,,,,,
173711,6-Feb-18,10:38:52,2018-02-06 10:38:52,G,1,3,447,232,0,7,-62.4583,-60.8159,38:55.0,FastGPS,-62.4583,-60.8159,,,15.8,0,,,,15,24,9079,,,,32,32014,,,,6,26142,,,,12,3798,,,,17,8520,,,,25,9587,,,,19,1559,,,,,,,,,,,,,,,,,,,,,,,,,,,,,,,,,,,,,,,,,,,
173711,6-Feb-18,12:24:00,2018-02-06 12:24:00,G,2,3,449,,1,9,-62.4737,-60.7955,24:01.5,FastGPS,-62.4737,-60.7955,,,12.1,-1.5,,,,15,31,12236,,,,12,1371,,,,2,2650,,,,25,14054,,,,6,22326,,,,24,15288,,,,32,504,,,,29,21366,,,,14,8253,,,,,,,,,,,,,,,,,,,,,,,,,,,,,,,,,
173711,6-Feb-18,21:19:00,2018-02-06 21:19:00,G,1,3,450,238,0,7,-62.4626,-60.8214,19:01.5,FastGPS,-62.4626,-60.8214,,,7.6,-1.5,,,,15,14,19742,,,,11,27283,,,,1,27878,,,,32,12190,,,,8,31458,,,,24,24467,,,,10,17510,,,,,,,,,,,,,,,,,,,,,,,,,,,,,,,,,,,,,,,,,,,
173711,6-Feb-18,22:37:06,2018-02-06 22:37:06,G,1,3,452,,0,9,-62.4545,-60.8254,37:08.0,FastGPS,-62.4545,-60.8254,,,7.8,-1,,,,15,17,12988,,,,19,4425,,,,11,7306,,,,32,10080,,,,22,26010,,,,31,4905,,,,1,26557,,,,3,27904,,,,14,14596,,,,,,,,,,,,,,,,,,,,,,,,,,,,,,,,,
173711,7-Feb-18,0:09:07,2018-02-07 00:09:07,G,1,3,455,239,0,8,-62.4594,-60.8223,09:09.0,FastGPS,-62.4594,-60.8223,,,10.2,-1,,,,15,31,22913,,,,23,27496,,,,3,31589,,,,17,11933,,,,22,21393,,,,1,4823,,,,14,13620,,,,11,15396,,,,,,,,,,,,,,,,,,,,,,,,,,,,,,,,,,,,,,
173711,7-Feb-18,0:41:35,2018-02-07 00:41:35,G,1,3,456,239,0,8,-62.4555,-60.8255,41:38.0,FastGPS,-62.4555,-60.8255,,,9.3,0,,,,15,17,9740,,,,9,24836,,,,22,19391,,,,3,28970,,,,23,23772,,,,31,2630,,,,1,16373,,,,19,18360,,,,,,,,,,,,,,,,,,,,,,,,,,,,,,,,,,,,,,
173711,7-Feb-18,1:41:03,2018-02-07 01:41:03,G,1,3,457,241,0,8,-62.4565,-60.8255,41:05.5,FastGPS,-62.4565,-60.8255,,,13.9,-0.5,,,,15,9,6200,,,,3,23250,,,,31,2476,,,,2,21314,,,,6,20298,,,,19,4160,,,,23,19281,,,,22,20292,,,,,,,,,,,,,,,,,,,,,,,,,,,,,,,,,,,,,,
173711,7-Feb-18,2:11:02,2018-02-07 02:11:02,G,2,3,458,241,0,6,-62.4627,-60.84,11:04.5,FastGPS,-62.4627,-60.84,,,7,-0.5,,,,15,2,6756,,,,31,2392,,,,9,9172,,,,6,23032,,,,29,3957,,,,7,18069,,,,,,,,,,,,,,,,,,,,,,,,,,,,,,,,,,,,,,,,,,,,,,,,
173711,7-Feb-18,2:41:32,2018-02-07 02:41:32,G,1,3,459,241,0,7,-62.4696,-60.8697,41:33.5,FastGPS,-62.4696,-60.8697,,,2.6,-1.5,,,,15,7,16364,,,,2,30296,,,,9,3382,,,,29,19222,,,,5,19830,,,,6,1645,,,,23,2030,,,,,,,,,,,,,,,,,,,,,,,,,,,,,,,,,,,,,,,,,,,
173711,7-Feb-18,3:12:28,2018-02-07 03:12:28,G,1,3,460,241,0,7,-62.4687,-60.9078,12:30.0,FastGPS,-62.4687,-60.9078,,,6.3,-1,,,,15,7,21784,,,,5,29478,,,,2,25806,,,,30,3904,,,,23,8464,,,,29,12652,,,,9,19020,,,,,,,,,,,,,,,,,,,,,,,,,,,,,,,,,,,,,,,,,,,
173711,7-Feb-18,3:42:46,2018-02-07 03:42:46,G,1,3,461,241,0,8,-62.4692,-60.9509,42:49.0,FastGPS,-62.4692,-60.9509,,,10.3,0,,,,15,7,23205,,,,2,6663,,,,29,24236,,,,5,17029,,,,30,10273,,,,9,26850,,,,23,22160,,,,6,3540,,,,,,,,,,,,,,,,,,,,,,,,,,,,,,,,,,,,,,
173711,7-Feb-18,4:13:28,2018-02-07 04:13:28,G,1,3,462,241,0,4,-62.4696,-60.8697,41:33.5,FastGPS,-62.474,-60.9973,,,0.5,0,,,,15,5,17956,,,,7,25231,,,,9,5468,,,,30,4124,,,,,,,,,,,,,,,,,,,,,,,,,,,,,,,,,,,,,,,,,,,,,,,,,,,,,,,,,,
173711,7-Feb-18,4:59:05,2018-02-07 04:59:05,G,2,3,463,242,0,6,-62.4811,-61.071,59:06.5,FastGPS,-62.4811,-61.071,,,9.5,-1.5,,,,15,13,13078,,,,5,1856,,,,30,9160,,,,9,8508,,,,7,17431,,,,20,11610,,,,,,,,,,,,,,,,,,,,,,,,,,,,,,,,,,,,,,,,,,,,,,,,
173711,7-Feb-18,5:33:08,2018-02-07 05:33:08,G,1,3,464,242,0,6,-62.488,-61.1188,33:10.0,FastGPS,-62.488,-61.1188,,,6.8,-1,,,,15,8,25082,,,,27,18112,,,,7,10624,,,,28,27825,,,,30,26802,,,,9,16328,,,,,,,,,,,,,,,,,,,,,,,,,,,,,,,,,,,,,,,,,,,,,,,,
173711,7-Feb-18,6:06:33,2018-02-07 06:06:33,G,2,3,465,242,0,6,-62.485,-61.127,06:35.6,FastGPS,-62.485,-61.127,,,4.2,-0.4,,,,15,5,18131,,,,13,12222,,,,7,4186,,,,28,16528,,,,20,25076,,,,15,26386,,,,,,,,,,,,,,,,,,,,,,,,,,,,,,,,,,,,,,,,,,,,,,,,
173711,7-Feb-18,6:38:40,2018-02-07 06:38:40,G,1,3,466,242,0,5,-62.4886,-61.1302,38:42.1,FastGPS,-62.4886,-61.1302,,,12.1,-0.8,,,,15,5,30293,,,,7,4354,,,,15,15648,,,,13,11026,,,,30,3521,,,,,,,,,,,,,,,,,,,,,,,,,,,,,,,,,,,,,,,,,,,,,,,,,,,,,
173711,7-Feb-18,7:08:03,2018-02-07 07:08:03,G,1,3,467,242,0,5,-62.5024,-61.1478,08:06.0,FastGPS,-62.5024,-61.1478,,,2.2,0,,,,15,5,2707,,,,15,9534,,,,20,19310,,,,13,4490,,,,28,17786,,,,,,,,,,,,,,,,,,,,,,,,,,,,,,,,,,,,,,,,,,,,,,,,,,,,,
173711,7-Feb-18,7:56:44,2018-02-07 07:56:44,G,2,3,468,,0,9,-62.5093,-61.122,56:47.0,FastGPS,-62.5093,-61.122,,,7.7,0,,,,15,8,10907,,,,17,5619,,,,11,9480,,,,15,20114,,,,10,12738,,,,30,19720,,,,1,28999,,,,13,20706,,,,28,1740,,,,,,,,,,,,,,,,,,,,,,,,,,,,,,,,,
173711,7-Feb-18,8:28:48,2018-02-07 08:28:48,G,2,3,469,243,0,7,-62.5056,-61.0918,28:51.0,FastGPS,-62.5056,-61.0918,,,9.1,0,,,,15,17,4765,,,,11,12534,,,,1,21814,,,,28,17510,,,,15,7303,,,,24,8510,,,,19,21620,,,,,,,,,,,,,,,,,,,,,,,,,,,,,,,,,,,,,,,,,,,
173711,7-Feb-18,10:20:58,2018-02-07 10:20:58,G,2,3,472,244,0,6,-62.5047,-60.9918,21:00.0,FastGPS,-62.5047,-60.9918,,,10.2,-1,,,,15,6,763,,,,1,27102,,,,22,9499,,,,17,10948,,,,15,24665,,,,19,5557,,,,,,,,,,,,,,,,,,,,,,,,,,,,,,,,,,,,,,,,,,,,,,,,
173711,7-Feb-18,11:22:34,2018-02-07 11:22:34,G,2,3,474,244,0,5,-62.4984,-60.9735,22:37.0,FastGPS,-62.4984,-60.9735,,,0.6,0,,,,15,19,21971,,,,32,28905,,,,25,12468,,,,12,5868,,,,17,27888,,,,,,,,,,,,,,,,,,,,,,,,,,,,,,,,,,,,,,,,,,,,,,,,,,,,,
173711,7-Feb-18,12:33:08,2018-02-07 12:33:08,G,1,3,475,246,0,8,-62.4926,-60.9167,33:10.6,FastGPS,-62.4926,-60.9167,,,9.7,-0.4,,,,15,29,24806,,,,12,28062,,,,31,11255,,,,25,19560,,,,3,20556,,,,2,10688,,,,14,27582,,,,6,19292,,,,,,,,,,,,,,,,,,,,,,,,,,,,,,,,,,,,,,
173711,7-Feb-18,13:34:06,2018-02-07 13:34:06,G,1,3,477,246,0,5,-62.4692,-60.8632,34:07.6,FastGPS,-62.4692,-60.8632,,,2.4,-1.4,,,,15,6,10648,,,,5,21850,,,,12,25532,,,,2,12936,,,,29,31000,,,,,,,,,,,,,,,,,,,,,,,,,,,,,,,,,,,,,,,,,,,,,,,,,,,,,
173711,7-Feb-18,14:04:36,2018-02-07 14:04:36,G,1,3,478,246,0,8,-62.4595,-60.8223,04:38.1,FastGPS,-62.4595,-60.8223,,1,11.8,-0.9,,,,15,31,30009,,,,26,27115,,,,4,29400,,,,2,29276,,,,29,14865,,,,12,27675,,,,23,13220,,,,5,29944,,,,,,,,,,,,,,,,,,,,,,,,,,,,,,,,,,,,,,
173711,7-Feb-18,15:49:00,2018-02-07 15:49:00,G,1,3,481,247,1,4,-62.474,-60.9973,13:31.0,FastGPS,-62.4734,-60.796,,,2.5,-0.4,,,,15,9,3788,,,,31,3635,,,,26,8274,,,,16,16936,,,,,,,,,,,,,,,,,,,,,,,,,,,,,,,,,,,,,,,,,,,,,,,,,,,,,,,,,,
173711,7-Feb-18,16:49:00,2018-02-07 16:49:00,G,1,3,483,247,1,4,-62.474,-60.9973,13:31.0,FastGPS,-62.4752,-60.8022,,,0.7,-1.8,,,,15,7,6441,,,,5,19020,,,,27,23991,,,,16,19186,,,,,,,,,,,,,,,,,,,,,,,,,,,,,,,,,,,,,,,,,,,,,,,,,,,,,,,,,,
173711,8-Feb-18,1:32:32,2018-02-08 01:32:32,G,1,3,486,248,0,6,-62.4783,-60.8227,32:34.0,FastGPS,-62.4783,-60.8227,,,8.8,-1,,,,15,2,2528,,,,6,13166,,,,23,12910,,,,9,18671,,,,3,32081,,,,22,1407,,,,,,,,,,,,,,,,,,,,,,,,,,,,,,,,,,,,,,,,,,,,,,,,
173711,8-Feb-18,4:51:05,2018-02-08 04:51:05,G,3,3,489,255,0,8,-62.5239,-61.0733,51:07.6,FastGPS,-62.5239,-61.0733,,,12.6,-0.4,,,,15,13,14496,,,,5,18670,,,,30,20453,,,,28,18596,,,,16,16801,,,,20,15452,,,,7,6182,,,,9,8478,,,,,,,,,,,,,,,,,,,,,,,,,,,,,,,,,,,,,,
173711,8-Feb-18,5:37:08,2018-02-08 05:37:08,G,3,3,490,,0,9,-62.5093,-61.0907,37:10.6,FastGPS,-62.5093,-61.0907,,,10.9,-0.4,,,,15,7,13358,,,,21,1180,,,,8,4251,,,,30,17309,,,,9,3257,,,,20,13660,,,,27,8108,,,,15,9427,,,,28,26196,,,,,,,,,,,,,,,,,,,,,,,,,,,,,,,,,
173711,8-Feb-18,6:08:44,2018-02-08 06:08:44,G,2,3,491,256,0,7,-62.5103,-61.1002,08:47.1,FastGPS,-62.5103,-61.1002,,,6.4,0.1,,,,15,28,2580,,,,5,24620,,,,20,23528,,,,15,13309,,,,13,22430,,,,7,8045,,,,30,21278,,,,,,,,,,,,,,,,,,,,,,,,,,,,,,,,,,,,,,,,,,,
173711,8-Feb-18,6:39:00,2018-02-08 06:39:00,G,3,3,492,256,0,4,-62.4614,-60.8246,16:04.6,FastGPS,-62.507,-61.0959,,,1.1,-0.4,,,,15,15,6468,,,,8,4687,,,,13,25520,,,,20,29701,,,,,,,,,,,,,,,,,,,,,,,,,,,,,,,,,,,,,,,,,,,,,,,,,,,,,,,,,,
173711,8-Feb-18,7:09:06,2018-02-08 07:09:06,G,3,3,493,256,0,6,-62.5022,-61.0952,09:09.0,FastGPS,-62.5022,-61.0952,,,6.9,0,,,,15,7,31003,,,,15,6462,,,,8,2518,,,,30,14952,,,,11,20989,,,,13,21689,,,,,,,,,,,,,,,,,,,,,,,,,,,,,,,,,,,,,,,,,,,,,,,,
173711,8-Feb-18,7:39:10,2018-02-08 07:39:10,G,1,3,494,256,0,8,-62.498,-61.0669,39:12.5,FastGPS,-62.498,-61.0669,,,9.5,-0.4,,,,15,17,24986,,,,15,26841,,,,30,29431,,,,8,13527,,,,11,12487,,,,28,4667,,,,13,30205,,,,10,28380,,,,,,,,,,,,,,,,,,,,,,,,,,,,,,,,,,,,,,
173711,8-Feb-18,8:09:10,2018-02-08 08:09:10,G,1,3,495,,0,9,-62.4905,-61.0349,09:13.1,FastGPS,-62.4905,-61.0349,,,7.7,0.1,,,,15,11,18888,,,,10,12202,,,,1,16868,,,,17,13423,,,,28,538,,,,13,13310,,,,30,12012,,,,8,9083,,,,24,18360,,,,,,,,,,,,,,,,,,,,,,,,,,,,,,,,,
173711,8-Feb-18,8:41:40,2018-02-08 08:41:40,G,2,3,496,256,0,6,-62.4862,-61.0012,41:42.6,FastGPS,-62.4862,-61.0012,,,5.6,-0.4,,,,15,11,8894,,,,17,4910,,,,10,10208,,,,19,958,,,,1,1867,,,,28,798,,,,,,,,,,,,,,,,,,,,,,,,,,,,,,,,,,,,,,,,,,,,,,,,
173711,8-Feb-18,9:11:03,2018-02-08 09:11:03,G,2,3,497,256,0,6,-62.4742,-60.9852,11:06.1,FastGPS,-62.4742,-60.9852,,,17.4,0.1,,,,15,17,15844,,,,13,25530,,,,19,13656,,,,15,29799,,,,12,11873,,,,24,11430,,,,,,,,,,,,,,,,,,,,,,,,,,,,,,,,,,,,,,,,,,,,,,,,
173711,8-Feb-18,9:42:38,2018-02-08 09:42:38,G,3,3,498,256,0,6,-62.4719,-60.9473,42:41.1,FastGPS,-62.4719,-60.9473,,,12,0.1,,,,15,17,10772,,,,1,12926,,,,24,17356,,,,28,8095,,,,32,17012,,,,11,26950,,,,,,,,,,,,,,,,,,,,,,,,,,,,,,,,,,,,,,,,,,,,,,,,
173711,8-Feb-18,11:34:08,2018-02-08 11:34:08,G,2,3,499,261,0,7,-62.4628,-60.8786,34:10.6,FastGPS,-62.4628,-60.8786,,,15,-0.4,,,,15,2,2655,,,,17,28648,,,,6,21866,,,,25,9474,,,,12,26874,,,,19,17138,,,,32,18311,,,,,,,,,,,,,,,,,,,,,,,,,,,,,,,,,,,,,,,,,,,
173711,8-Feb-18,12:04:40,2018-02-08 12:04:40,G,1,3,500,261,0,6,-62.4549,-60.8593,04:43.1,FastGPS,-62.4549,-60.8593,,,11.3,0.1,,,,15,19,9866,,,,3,6537,,,,2,21114,,,,31,16074,,,,12,28361,,,,17,10578,,,,,,,,,,,,,,,,,,,,,,,,,,,,,,,,,,,,,,,,,,,,,,,,
173711,8-Feb-18,13:16:02,2018-02-08 13:16:02,G,2,3,501,263,0,5,-62.4653,-60.8416,42:09.1,FastGPS,-62.4614,-60.8246,,1,1,-0.4,,,,15,12,28322,,,,31,29458,,,,29,13569,,,,2,18444,,,,4,10139,,,,,,,,,,,,,,,,,,,,,,,,,,,,,,,,,,,,,,,,,,,,,,,,,,,,,
173711,8-Feb-18,13:48:43,2018-02-08 13:48:43,G,1,3,502,263,0,8,-62.4596,-60.8161,48:46.1,FastGPS,-62.4596,-60.8161,,1,13.8,0.1,,,,15,12,15066,,,,2,1512,,,,23,13543,,,,25,21604,,,,4,21688,,,,31,3608,,,,29,451,,,,5,24843,,,,,,,,,,,,,,,,,,,,,,,,,,,,,,,,,,,,,,
173711,8-Feb-18,15:04:00,2018-02-08 15:04:00,G,1,3,504,264,1,5,-62.4739,-60.795,04:02.6,FastGPS,-62.4739,-60.795,,,13.4,-0.4,,,,15,20,21159,,,,29,22330,,,,21,19688,,,,31,691,,,,25,31058,,,,,,,,,,,,,,,,,,,,,,,,,,,,,,,,,,,,,,,,,,,,,,,,,,,,,
173711,8-Feb-18,23:42:06,2018-02-08 23:42:06,G,1,3,508,,0,9,-62.4653,-60.8416,42:09.1,FastGPS,-62.4653,-60.8416,,,14.4,0.1,,,,15,17,3582,,,,23,21162,,,,19,24382,,,,11,30899,,,,1,12154,,,,32,8848,,,,25,27643,,,,3,30194,,,,12,5154,,,,,,,,,,,,,,,,,,,,,,,,,,,,,,,,,
173711,9-Feb-18,0:58:07,2018-02-09 00:58:07,G,1,3,509,268,0,4,-62.4653,-60.8416,42:09.1,FastGPS,,,,,,,,,,15,31,3736,,,,22,4289,,,,6,12790,,,,4,26126,,,,,,,,,,,,,,,,,,,,,,,,,,,,,,,,,,,,,,,,,,,,,,,,,,,,,,,,,,
173711,9-Feb-18,2:29:11,2018-02-09 02:29:11,G,2,3,511,270,0,6,-62.4613,-60.9416,29:13.6,FastGPS,-62.4613,-60.9416,,,6.3,-0.4,,,,15,29,4020,,,,5,21483,,,,23,31995,,,,7,16772,,,,2,19402,,,,6,510,,,,,,,,,,,,,,,,,,,,,,,,,,,,,,,,,,,,,,,,,,,,,,,,
173711,9-Feb-18,3:47:52,2018-02-09 03:47:52,G,3,3,512,273,0,8,-62.5094,-61.0862,47:53.6,FastGPS,-62.5094,-61.0862,,,10.1,-1.4,,,,15,5,25312,,,,16,11548,,,,23,25383,,,,2,20560,,,,9,435,,,,26,15524,,,,7,17881,,,,30,28482,,,,,,,,,,,,,,,,,,,,,,,,,,,,,,,,,,,,,,
173711,9-Feb-18,4:33:09,2018-02-09 04:33:09,G,1,3,513,274,0,8,-62.5306,-61.0989,33:11.1,FastGPS,-62.5306,-61.0989,,,9.2,-0.9,,,,15,7,28522,,,,9,8313,,,,5,23924,,,,23,11958,,,,8,16850,,,,30,7683,,,,27,27812,,,,16,12594,,,,,,,,,,,,,,,,,,,,,,,,,,,,,,,,,,,,,,
173711,9-Feb-18,5:35:02,2018-02-09 05:35:02,G,1,3,515,274,0,8,-62.5181,-61.1466,35:04.6,FastGPS,-62.5181,-61.1466,,,13.1,-0.4,,,,15,5,1494,,,,13,28777,,,,20,13623,,,,21,29463,,,,27,3036,,,,15,14387,,,,7,3523,,,,8,4463,,,,,,,,,,,,,,,,,,,,,,,,,,,,,,,,,,,,,,
173711,9-Feb-18,6:05:02,2018-02-09 06:05:02,G,2,3,516,274,0,6,-62.5148,-61.1384,05:04.1,FastGPS,-62.5148,-61.1384,,,7.6,-0.9,,,,15,27,8019,,,,7,11613,,,,28,9130,,,,30,25522,,,,8,29556,,,,13,28712,,,,,,,,,,,,,,,,,,,,,,,,,,,,,,,,,,,,,,,,,,,,,,,,
173711,9-Feb-18,7:14:14,2018-02-09 07:14:14,G,1,3,517,276,0,5,-62.5059,-61.1795,14:17.1,FastGPS,-62.5059,-61.1795,,,4.6,0.1,,,,15,15,29389,,,,28,14006,,,,20,5648,,,,17,21326,,,,13,21208,,,,,,,,,,,,,,,,,,,,,,,,,,,,,,,,,,,,,,,,,,,,,,,,,,,,,
173711,9-Feb-18,8:15:42,2018-02-09 08:15:42,G,3,3,518,278,0,5,-62.5236,-61.2144,15:45.0,FastGPS,-62.5236,-61.2144,,,5.5,0.1,,,,15,19,17243,,,,13,26896,,,,15,29139,,,,17,2346,,,,24,7802,,,,,,,,,,,,,,,,,,,,,,,,,,,,,,,,,,,,,,,,,,,,,,,,,,,,,
173711,9-Feb-18,8:47:12,2018-02-09 08:47:12,G,3,3,519,278,0,7,-62.5333,-61.2462,47:14.6,FastGPS,-62.5333,-61.2462,,,4.5,-0.4,,,,15,17,11670,,,,10,23570,,,,15,20152,,,,19,17156,,,,13,15728,,,,12,25893,,,,24,25688,,,,,,,,,,,,,,,,,,,,,,,,,,,,,,,,,,,,,,,,,,,
173711,9-Feb-18,9:18:26,2018-02-09 09:18:26,G,3,3,520,278,0,7,-62.5232,-61.227,18:28.1,FastGPS,-62.5232,-61.227,,,10,-0.9,,,,15,11,5384,,,,32,23663,,,,17,24511,,,,19,7540,,,,24,2660,,,,1,11249,,,,15,22590,,,,,,,,,,,,,,,,,,,,,,,,,,,,,,,,,,,,,,,,,,,
173711,9-Feb-18,9:51:29,2018-02-09 09:51:29,G,3,3,521,278,0,8,-62.5207,-61.1932,51:31.6,FastGPS,-62.5207,-61.1932,,,9.2,-0.4,,,,15,10,27893,,,,32,21034,,,,12,31680,,,,1,18017,,,,17,23986,,,,24,21764,,,,28,30043,,,,15,30380,,,,,,,,,,,,,,,,,,,,,,,,,,,,,,,,,,,,,,
173711,9-Feb-18,10:37:15,2018-02-09 10:37:15,G,4,3,522,279,0,8,-62.514,-61.1483,37:17.1,FastGPS,-62.514,-61.1483,,,5.2,-0.9,,,,15,17,1890,,,,6,27023,,,,22,10552,,,,19,17648,,,,3,30214,,,,14,24172,,,,32,10804,,,,24,23510,,,,,,,,,,,,,,,,,,,,,,,,,,,,,,,,,,,,,,
173711,9-Feb-18,13:58:40,2018-02-09 13:58:40,G,2,3,523,279,0,6,-62.5251,-60.9339,58:43.1,FastGPS,-62.5251,-60.9339,,,1.2,0.1,,,,15,12,22480,,,,5,9743,,,,2,27549,,,,29,22988,,,,25,29835,,,,31,1939,,,,,,,,,,,,,,,,,,,,,,,,,,,,,,,,,,,,,,,,,,,,,,,,
173711,9-Feb-18,15:51:36,2018-02-09 15:51:36,G,2,3,524,281,0,6,-62.4713,-60.8493,51:38.6,FastGPS,-62.4713,-60.8493,,1,6.7,-0.4,,,,15,29,30963,,,,5,15994,,,,20,16430,,,,21,31934,,,,4,13837,,,,26,964,,,,,,,,,,,,,,,,,,,,,,,,,,,,,,,,,,,,,,,,,,,,,,,,
173711,9-Feb-18,16:23:42,2018-02-09 16:23:42,G,3,3,525,281,0,8,-62.4562,-60.8251,23:43.6,FastGPS,-62.4562,-60.8251,,1,8.3,-1.4,,,,15,5,5095,,,,29,17051,,,,4,22414,,,,20,1646,,,,26,12162,,,,21,13900,,,,15,19764,,,,7,29322,,,,,,,,,,,,,,,,,,,,,,,,,,,,,,,,,,,,,,
173711,9-Feb-18,17:08:25,2018-02-09 17:08:25,G,2,3,526,,0,9,-62.4476,-60.7945,08:27.1,FastGPS,-62.4476,-60.7945,,,8.5,-0.9,,,,15,7,24402,,,,15,6050,,,,27,19612,,,,29,13472,,,,30,13157,,,,5,28814,,,,13,13844,,,,20,13592,,,,21,26976,,,,,,,,,,,,,,,,,,,,,,,,,,,,,,,,,
173711,9-Feb-18,17:40:34,2018-02-09 17:40:34,G,3,3,527,281,0,5,-62.5251,-60.9339,58:43.1,FastGPS,-62.4519,-60.7924,,1,2.8,0.1,,,,15,10,1249,,,,27,23178,,,,4,18057,,,,26,29048,,,,16,5030,,,,,,,,,,,,,,,,,,,,,,,,,,,,,,,,,,,,,,,,,,,,,,,,,,,,,
173711,9-Feb-18,18:56:45,2018-02-09 18:56:45,G,3,3,528,284,0,4,-62.5251,-60.9339,58:43.1,FastGPS,-62.446,-60.8101,,,1,0.2,,,,15,27,32604,,,,15,14208,,,,10,20228,,,,21,25325,,,,,,,,,,,,,,,,,,,,,,,,,,,,,,,,,,,,,,,,,,,,,,,,,,,,,,,,,,
173711,9-Feb-18,19:43:12,2018-02-09 19:43:12,G,4,3,529,285,0,7,-62.4646,-60.8365,43:14.6,FastGPS,-62.4646,-60.8365,,,12.8,-0.3,,,,15,27,27134,,,,15,21276,,,,11,29620,,,,8,14134,,,,1,16630,,,,10,1140,,,,28,7913,,,,,,,,,,,,,,,,,,,,,,,,,,,,,,,,,,,,,,,,,,,
173711,9-Feb-18,20:13:11,2018-02-09 20:13:11,G,1,3,530,285,0,6,-62.4675,-60.8446,13:12.6,FastGPS,-62.4675,-60.8446,,,3.4,-1.4,,,,15,32,22010,,,,8,13277,,,,27,930,,,,11,13276,,,,28,7896,,,,10,11836,,,,,,,,,,,,,,,,,,,,,,,,,,,,,,,,,,,,,,,,,,,,,,,,
173711,9-Feb-18,22:00:14,2018-02-09 22:00:14,G,1,3,532,288,0,7,-62.4587,-60.8424,00:15.6,FastGPS,-62.4587,-60.8424,,,8.5,-1.4,,,,15,22,17820,,,,32,12689,,,,1,28193,,,,11,22826,,,,3,22426,,,,14,24657,,,,31,13397,,,,,,,,,,,,,,,,,,,,,,,,,,,,,,,,,,,,,,,,,,,
173711,10-Feb-18,0:49:03,2018-02-10 00:49:03,G,2,3,537,289,0,8,-62.4511,-60.8301,49:04.6,FastGPS,-62.4511,-60.8301,,1,11.5,-1.3,,,,15,31,13048,,,,23,12430,,,,22,22290,,,,25,31754,,,,4,9802,,,,9,20364,,,,1,29440,,,,6,1498,,,,,,,,,,,,,,,,,,,,,,,,,,,,,,,,,,,,,,
173711,10-Feb-18,1:19:00,2018-02-10 01:19:00,G,1,3,538,289,0,7,-62.4489,-60.8243,19:01.6,FastGPS,-62.4489,-60.8243,,1,5.5,-1.4,,,,15,31,13302,,,,4,4201,,,,26,20604,,,,22,9312,,,,2,2215,,,,23,28339,,,,3,792,,,,,,,,,,,,,,,,,,,,,,,,,,,,,,,,,,,,,,,,,,,
173711,10-Feb-18,1:50:01,2018-02-10 01:50:01,G,2,3,539,289,0,4,-62.446,-60.8101,56:48.2,FastGPS,-62.4458,-60.831,,,0.1,-1,,,,15,2,30976,,,,3,32274,,,,23,1602,,,,6,5586,,,,,,,,,,,,,,,,,,,,,,,,,,,,,,,,,,,,,,,,,,,,,,,,,,,,,,,,,,
173711,10-Feb-18,2:20:04,2018-02-10 02:20:04,G,2,3,540,289,0,4,-62.4458,-60.831,50:03.0,FastGPS,-62.4423,-60.8816,,,0.3,0.1,,,,15,7,22826,,,,9,10166,,,,2,17008,,,,29,29958,,,,,,,,,,,,,,,,,,,,,,,,,,,,,,,,,,,,,,,,,,,,,,,,,,,,,,,,,,
173711,10-Feb-18,3:35:36,2018-02-10 03:35:36,G,3,3,541,292,0,6,-62.4434,-60.9998,35:39.1,FastGPS,-62.4434,-60.9998,,,2.7,0.1,,,,15,5,8668,,,,16,28812,,,,2,28074,,,,30,6678,,,,7,9866,,,,29,17709,,,,,,,,,,,,,,,,,,,,,,,,,,,,,,,,,,,,,,,,,,,,,,,,
173711,10-Feb-18,4:05:22,2018-02-10 04:05:22,G,3,3,542,292,0,8,-62.4446,-61.0061,05:24.6,FastGPS,-62.4446,-61.0061,,,17,-0.4,,,,15,30,19977,,,,23,5480,,,,9,28421,,,,16,20949,,,,27,3174,,,,2,8861,,,,7,30912,,,,5,28829,,,,,,,,,,,,,,,,,,,,,,,,,,,,,,,,,,,,,,
173711,10-Feb-18,5:05:05,2018-02-10 05:05:05,G,3,3,543,294,0,6,-62.439,-61.0112,05:06.6,FastGPS,-62.439,-61.0112,,,11.4,-1.4,,,,15,13,13244,,,,28,14112,,,,7,14837,,,,9,23494,,,,8,12554,,,,30,22272,,,,,,,,,,,,,,,,,,,,,,,,,,,,,,,,,,,,,,,,,,,,,,,,
173711,10-Feb-18,5:37:04,2018-02-10 05:37:04,G,2,3,544,294,0,8,-62.4328,-61.0305,37:05.7,FastGPS,-62.4328,-61.0305,,,13.1,-1.3,,,,15,27,22729,,,,28,20228,,,,7,9957,,,,8,9394,,,,30,1145,,,,20,14985,,,,21,16420,,,,13,7011,,,,,,,,,,,,,,,,,,,,,,,,,,,,,,,,,,,,,,
173711,10-Feb-18,6:07:38,2018-02-10 06:07:38,G,2,3,545,294,0,8,-62.4201,-61.0129,07:40.1,FastGPS,-62.4201,-61.0129,,,18.2,-0.9,,,,15,27,4792,,,,28,13866,,,,8,13266,,,,30,25952,,,,7,31093,,,,13,22938,,,,5,17559,,,,20,9646,,,,,,,,,,,,,,,,,,,,,,,,,,,,,,,,,,,,,,
173711,10-Feb-18,7:09:02,2018-02-10 07:09:02,G,1,3,546,296,0,6,-62.41,-61.0149,09:05.1,FastGPS,-62.41,-61.0149,,,7.5,0.1,,,,15,15,31422,,,,30,25228,,,,8,22747,,,,24,20726,,,,7,688,,,,13,26964,,,,,,,,,,,,,,,,,,,,,,,,,,,,,,,,,,,,,,,,,,,,,,,,
173711,10-Feb-18,7:39:38,2018-02-10 07:39:38,G,2,3,547,296,0,6,-62.4072,-61.0015,39:41.1,FastGPS,-62.4072,-61.0015,,,5.3,0.1,,,,15,15,27516,,,,28,20292,,,,24,6818,,,,30,18084,,,,10,10745,,,,17,26994,,,,,,,,,,,,,,,,,,,,,,,,,,,,,,,,,,,,,,,,,,,,,,,,
173711,10-Feb-18,8:09:16,2018-02-10 08:09:16,G,1,3,548,296,0,7,-62.4137,-60.9683,09:18.6,FastGPS,-62.4137,-60.9683,,,11.1,-0.4,,,,15,15,27214,,,,10,32334,,,,11,28554,,,,1,16962,,,,17,24059,,,,28,20772,,,,13,31766,,,,,,,,,,,,,,,,,,,,,,,,,,,,,,,,,,,,,,,,,,,
173711,10-Feb-18,8:39:43,2018-02-10 08:39:43,G,1,3,549,296,0,7,-62.418,-60.9399,39:44.7,FastGPS,-62.418,-60.9399,,,8.2,-1.3,,,,15,17,8005,,,,10,26585,,,,28,27553,,,,15,30924,,,,24,17362,,,,1,29985,,,,11,19163,,,,,,,,,,,,,,,,,,,,,,,,,,,,,,,,,,,,,,,,,,,
173711,10-Feb-18,9:26:34,2018-02-10 09:26:34,G,1,3,550,297,0,8,-62.4299,-60.909,26:36.1,FastGPS,-62.4299,-60.909,,,15.1,-0.9,,,,15,12,23411,,,,1,18558,,,,17,10845,,,,10,27348,,,,32,18406,,,,28,13586,,,,24,4345,,,,15,23785,,,,,,,,,,,,,,,,,,,,,,,,,,,,,,,,,,,,,,
173711,10-Feb-18,10:56:11,2018-02-10 10:56:11,G,1,3,552,299,0,7,-62.4607,-60.8282,56:14.1,FastGPS,-62.4607,-60.8282,,,7.3,0.1,,,,15,17,20308,,,,32,28520,,,,14,24542,,,,12,13574,,,,25,18057,,,,19,18789,,,,3,18215,,,,,,,,,,,,,,,,,,,,,,,,,,,,,,,,,,,,,,,,,,,
173711,10-Feb-18,11:56:00,2018-02-10 11:56:00,G,1,3,554,299,1,7,-62.4739,-60.7954,56:02.6,FastGPS,-62.4739,-60.7954,,,7.3,-0.4,,,,15,22,29149,,,,6,26808,,,,12,10884,,,,31,29384,,,,25,18354,,,,32,2372,,,,19,27402,,,,,,,,,,,,,,,,,,,,,,,,,,,,,,,,,,,,,,,,,,,
173711,11-Feb-18,4:02:06,2018-02-11 04:02:06,G,1,3,557,300,0,6,-62.4389,-60.8869,02:08.2,FastGPS,-62.4389,-60.8869,,,4.2,-0.8,,,,15,5,24959,,,,9,21184,,,,23,29186,,,,30,17396,,,,7,26403,,,,2,32018,,,,,,,,,,,,,,,,,,,,,,,,,,,,,,,,,,,,,,,,,,,,,,,,
173711,11-Feb-18,6:05:11,2018-02-11 06:05:11,G,1,3,559,304,0,8,-62.3986,-61.0745,05:13.2,FastGPS,-62.3986,-61.0745,,,8.6,-0.8,,,,15,5,31664,,,,28,6656,,,,7,11327,,,,20,29706,,,,15,18226,,,,30,9406,,,,13,13658,,,,21,14340,,,,,,,,,,,,,,,,,,,,,,,,,,,,,,,,,,,,,,
173711,11-Feb-18,6:35:04,2018-02-11 06:35:04,G,1,3,560,304,0,4,-62.4739,-60.7949,42:01.7,FastGPS,-62.4031,-61.1125,,,1.2,-1.4,,,,15,30,30592,,,,5,7240,,,,15,22384,,,,7,11869,,,,,,,,,,,,,,,,,,,,,,,,,,,,,,,,,,,,,,,,,,,,,,,,,,,,,,,,,,
173711,11-Feb-18,7:05:13,2018-02-11 07:05:13,G,3,3,561,304,0,6,-62.4081,-61.1302,05:14.7,FastGPS,-62.4081,-61.1302,,,4.1,-1.3,,,,15,7,21734,,,,15,22524,,,,30,13434,,,,13,17151,,,,17,12826,,,,11,4073,,,,,,,,,,,,,,,,,,,,,,,,,,,,,,,,,,,,,,,,,,,,,,,,
173711,11-Feb-18,7:35:35,2018-02-11 07:35:35,G,2,3,562,304,0,5,-62.4054,-61.1557,35:37.2,FastGPS,-62.4054,-61.1557,,,9,-0.8,,,,15,17,14000,,,,28,7370,,,,24,28147,,,,30,4198,,,,20,24156,,,,,,,,,,,,,,,,,,,,,,,,,,,,,,,,,,,,,,,,,,,,,,,,,,,,,
173711,11-Feb-18,8:05:01,2018-02-11 08:05:01,G,1,3,563,304,0,4,-62.4739,-60.7949,42:01.7,FastGPS,-62.4086,-61.1678,,,0.4,-0.8,,,,15,10,25521,,,,15,20818,,,,24,20362,,,,11,20660,,,,,,,,,,,,,,,,,,,,,,,,,,,,,,,,,,,,,,,,,,,,,,,,,,,,,,,,,,
173711,11-Feb-18,9:37:15,2018-02-11 09:37:15,G,1,3,566,304,0,6,-62.4381,-61.119,37:16.7,FastGPS,-62.4381,-61.119,,,8.4,-1.3,,,,15,32,7624,,,,10,20502,,,,12,16665,,,,19,5671,,,,24,23978,,,,17,4849,,,,,,,,,,,,,,,,,,,,,,,,,,,,,,,,,,,,,,,,,,,,,,,,
173711,11-Feb-18,11:23:09,2018-02-11 11:23:09,G,3,3,569,305,0,8,-62.4742,-61.0155,23:10.7,FastGPS,-62.4742,-61.0155,,,11.5,-1.3,,,,15,17,30599,,,,32,24203,,,,25,21327,,,,14,21672,,,,12,2144,,,,19,20123,,,,3,30516,,,,22,18366,,,,,,,,,,,,,,,,,,,,,,,,,,,,,,,,,,,,,,
173711,11-Feb-18,11:56:30,2018-02-11 11:56:30,G,2,3,570,305,0,8,-62.4751,-60.9687,56:31.7,FastGPS,-62.4751,-60.9687,,,8.5,-1.3,,,,15,19,685,,,,31,9192,,,,3,7380,,,,12,32062,,,,2,7006,,,,6,16676,,,,25,22202,,,,14,11068,,,,,,,,,,,,,,,,,,,,,,,,,,,,,,,,,,,,,,
173711,11-Feb-18,12:28:30,2018-02-11 12:28:30,G,2,3,571,305,0,6,-62.4737,-60.9233,28:32.2,FastGPS,-62.4737,-60.9233,,,5.9,-0.8,,,,15,31,8877,,,,2,16914,,,,12,27558,,,,6,19085,,,,3,9338,,,,14,19046,,,,,,,,,,,,,,,,,,,,,,,,,,,,,,,,,,,,,,,,,,,,,,,,
173711,11-Feb-18,13:01:10,2018-02-11 13:01:10,G,2,3,572,305,0,7,-62.4835,-60.8909,01:11.7,FastGPS,-62.4835,-60.8909,,1,6.3,-1.3,,,,15,31,13581,,,,29,26202,,,,12,24278,,,,4,20413,,,,2,8508,,,,23,8609,,,,25,29841,,,,,,,,,,,,,,,,,,,,,,,,,,,,,,,,,,,,,,,,,,,
173711,11-Feb-18,13:34:46,2018-02-11 13:34:46,G,2,3,573,305,0,7,-62.4817,-60.8623,34:48.2,FastGPS,-62.4817,-60.8623,,,13,-0.8,,,,15,12,10778,,,,5,8122,,,,29,19233,,,,31,25935,,,,2,27986,,,,26,27842,,,,25,13540,,,,,,,,,,,,,,,,,,,,,,,,,,,,,,,,,,,,,,,,,,,
173711,11-Feb-18,14:05:02,2018-02-11 14:05:02,G,1,3,574,305,0,7,-62.4663,-60.8443,05:03.7,FastGPS,-62.4663,-60.8443,,1,10.1,-1.3,,,,15,12,18598,,,,5,17266,,,,31,13478,,,,25,22523,,,,29,30786,,,,4,21504,,,,21,25483,,,,,,,,,,,,,,,,,,,,,,,,,,,,,,,,,,,,,,,,,,,
173711,11-Feb-18,15:09:17,2018-02-11 15:09:17,G,3,3,576,305,0,7,-62.4614,-60.8336,09:18.7,FastGPS,-62.4614,-60.8336,,1,6.9,-1.3,,,,15,5,28767,,,,31,7439,,,,21,11176,,,,20,28953,,,,29,1895,,,,4,2416,,,,25,28254,,,,,,,,,,,,,,,,,,,,,,,,,,,,,,,,,,,,,,,,,,,
173711,11-Feb-18,15:55:07,2018-02-11 15:55:07,G,1,3,577,306,0,7,-62.4605,-60.806,55:09.2,FastGPS,-62.4605,-60.806,,1,14.1,-0.8,,,,15,29,2400,,,,5,1622,,,,26,7848,,,,20,16350,,,,4,7263,,,,16,19288,,,,27,27390,,,,,,,,,,,,,,,,,,,,,,,,,,,,,,,,,,,,,,,,,,,
173711,11-Feb-18,16:42:03,2018-02-11 16:42:03,G,2,3,578,307,0,8,-62.4648,-60.812,42:05.2,FastGPS,-62.4648,-60.812,,,11.1,-0.8,,,,15,7,3669,,,,5,31496,,,,27,11818,,,,30,24770,,,,20,25880,,,,13,32576,,,,16,8906,,,,21,26654,,,,,,,,,,,,,,,,,,,,,,,,,,,,,,,,,,,,,,
173711,11-Feb-18,17:12:00,2018-02-11 17:12:00,G,1,3,579,307,0,8,-62.4739,-60.795,12:01.7,FastGPS,-62.4739,-60.795,,1,6.6,-1.3,,,,15,16,6369,,,,8,4803,,,,27,29795,,,,26,14481,,,,4,12848,,,,10,5144,,,,29,27764,,,,21,17939,,,,,,,,,,,,,,,,,,,,,,,,,,,,,,,,,,,,,,
173711,11-Feb-18,17:42:00,2018-02-11 17:42:00,G,1,3,580,307,1,5,-62.4737,-60.7951,42:01.7,FastGPS,-62.4739,-60.7949,,1,0.3,-1.3,,,,15,4,17806,,,,10,22787,,,,16,27319,,,,27,26166,,,,8,23764,,,,,,,,,,,,,,,,,,,,,,,,,,,,,,,,,,,,,,,,,,,,,,,,,,,,,
173711,11-Feb-18,18:42:00,2018-02-11 18:42:00,G,1,3,582,307,1,5,-62.4738,-60.7952,42:01.7,FastGPS,-62.4738,-60.7952,,,20.9,-1.3,,,,15,16,31000,,,,10,14051,,,,27,10238,,,,8,13467,,,,11,2131,,,,,,,,,,,,,,,,,,,,,,,,,,,,,,,,,,,,,,,,,,,,,,,,,,,,,
173711,11-Feb-18,19:42:00,2018-02-11 19:42:00,G,1,3,584,307,1,4,-62.4737,-60.7954,12:01.7,FastGPS,-62.4737,-60.7951,,,1.8,-1.3,,,,15,27,7281,,,,11,23015,,,,32,18572,,,,1,16767,,,,,,,,,,,,,,,,,,,,,,,,,,,,,,,,,,,,,,,,,,,,,,,,,,,,,,,,,,
173711,11-Feb-18,20:12:00,2018-02-11 20:12:00,G,2,3,585,307,1,7,-62.4737,-60.7954,12:01.7,FastGPS,-62.4737,-60.7954,,,4,-1.3,,,,15,27,22561,,,,1,12624,,,,22,15448,,,,14,8806,,,,8,20769,,,,32,31222,,,,11,18138,,,,,,,,,,,,,,,,,,,,,,,,,,,,,,,,,,,,,,,,,,,
173711,12-Feb-18,2:45:11,2018-02-12 02:45:11,G,4,3,586,,0,9,-62.474,-60.7961,45:13.2,FastGPS,-62.474,-60.7961,,,8.5,-0.8,,,,15,7,29625,,,,23,798,,,,6,25790,,,,5,3563,,,,2,8617,,,,29,21642,,,,30,8597,,,,16,10561,,,,9,22362,,,,,,,,,,,,,,,,,,,,,,,,,,,,,,,,,
173711,12-Feb-18,3:18:31,2018-02-12 03:18:31,G,2,3,587,307,0,6,-62.4569,-60.8283,18:33.7,FastGPS,-62.4569,-60.8283,,,3,-0.3,,,,15,7,7280,,,,30,23498,,,,16,22130,,,,23,31517,,,,2,13648,,,,9,27096,,,,,,,,,,,,,,,,,,,,,,,,,,,,,,,,,,,,,,,,,,,,,,,,
173711,12-Feb-18,3:49:52,2018-02-12 03:49:52,G,2,3,588,307,0,6,-62.4412,-60.8405,49:53.7,FastGPS,-62.4412,-60.8405,,,9.6,-1.3,,,,15,5,12830,,,,9,16624,,,,30,30366,,,,7,23806,,,,23,8123,,,,2,8371,,,,,,,,,,,,,,,,,,,,,,,,,,,,,,,,,,,,,,,,,,,,,,,,
173711,12-Feb-18,4:54:00,2018-02-12 04:54:00,G,1,3,589,309,0,7,-62.4319,-60.8252,54:01.7,FastGPS,-62.4319,-60.8252,,,11.4,-1.3,,,,15,27,24794,,,,8,16729,,,,30,376,,,,16,25464,,,,9,17020,,,,5,1978,,,,7,944,,,,,,,,,,,,,,,,,,,,,,,,,,,,,,,,,,,,,,,,,,,
173711,12-Feb-18,5:24:02,2018-02-12 05:24:02,G,2,3,590,,0,9,-62.4319,-60.8282,24:04.2,FastGPS,-62.4319,-60.8282,,,9.2,-0.8,,,,15,15,731,,,,20,29152,,,,21,10139,,,,27,18094,,,,8,24000,,,,7,16536,,,,5,13431,,,,9,1156,,,,13,14496,,,,,,,,,,,,,,,,,,,,,,,,,,,,,,,,,
173711,12-Feb-18,9:27:09,2018-02-12 09:27:09,G,1,3,592,310,0,7,-62.4569,-60.8219,27:11.7,FastGPS,-62.4569,-60.8219,,,6.9,-0.3,,,,15,15,1479,,,,12,4776,,,,13,24712,,,,24,29056,,,,19,10412,,,,32,31249,,,,17,22064,,,,,,,,,,,,,,,,,,,,,,,,,,,,,,,,,,,,,,,,,,,
173711,12-Feb-18,9:59:48,2018-02-12 09:59:48,G,2,3,593,310,0,7,-62.4626,-60.8186,59:49.7,FastGPS,-62.4626,-60.8186,,,8.4,-1.3,,,,15,32,20397,,,,1,14086,,,,12,11032,,,,17,32256,,,,14,19364,,,,6,17937,,,,24,1861,,,,,,,,,,,,,,,,,,,,,,,,,,,,,,,,,,,,,,,,,,,
173711,12-Feb-18,10:30:00,2018-02-12 10:30:00,G,1,3,594,,0,9,-62.4737,-60.7953,30:01.7,FastGPS,-62.4737,-60.7953,,,9.6,-1.3,,,,15,17,10438,,,,3,1790,,,,32,5581,,,,14,28620,,,,12,28550,,,,19,3346,,,,22,6036,,,,24,6594,,,,25,27813,,,,,,,,,,,,,,,,,,,,,,,,,,,,,,,,,
173711,12-Feb-18,20:43:25,2018-02-12 20:43:25,G,2,3,596,,0,9,-62.4733,-60.7971,43:26.7,FastGPS,-62.4733,-60.7971,,,4.4,-1.3,,,,15,10,19864,,,,8,2263,,,,1,20949,,,,32,26310,,,,14,7058,,,,22,23247,,,,11,6052,,,,27,27068,,,,28,9124,,,,,,,,,,,,,,,,,,,,,,,,,,,,,,,,,
173711,12-Feb-18,21:13:58,2018-02-12 21:13:58,G,1,3,597,,0,9,-62.4643,-60.8128,13:59.7,FastGPS,-62.4643,-60.8128,,,7.2,-1.3,,,,15,8,16928,,,,32,20567,,,,22,18892,,,,10,4215,,,,14,10408,,,,11,8682,,,,1,13247,,,,3,28128,,,,28,29157,,,,,,,,,,,,,,,,,,,,,,,,,,,,,,,,,
173711,12-Feb-18,22:45:00,2018-02-12 22:45:00,G,1,3,599,312,0,7,-62.4665,-60.8388,45:02.7,FastGPS,-62.4665,-60.8388,,,11,-0.3,,,,15,31,12390,,,,11,13322,,,,1,18616,,,,22,16101,,,,17,25239,,,,19,13444,,,,23,30166,,,,,,,,,,,,,,,,,,,,,,,,,,,,,,,,,,,,,,,,,,,
173711,12-Feb-18,23:17:26,2018-02-12 23:17:26,G,2,3,600,312,0,6,-62.4702,-60.8377,17:28.3,FastGPS,-62.4702,-60.8377,,,2.3,-0.7,,,,15,31,13516,,,,14,13076,,,,32,32094,,,,1,25269,,,,11,17658,,,,3,10600,,,,,,,,,,,,,,,,,,,,,,,,,,,,,,,,,,,,,,,,,,,,,,,,
173711,13-Feb-18,0:06:14,2018-02-13 00:06:14,G,1,3,601,313,0,8,-62.4605,-60.817,06:15.8,FastGPS,-62.4605,-60.817,,,10.6,-1.2,,,,15,31,27700,,,,22,2652,,,,25,31381,,,,14,22729,,,,12,10760,,,,3,25350,,,,11,29085,,,,1,17250,,,,,,,,,,,,,,,,,,,,,,,,,,,,,,,,,,,,,,
173711,13-Feb-18,3:23:20,2018-02-13 03:23:20,G,1,3,607,314,0,6,-62.3535,-60.6796,23:22.3,FastGPS,-62.3535,-60.6796,,,1.7,-0.7,,,,15,16,24073,,,,23,1083,,,,26,14558,,,,30,2770,,,,7,4942,,,,5,2270,,,,,,,,,,,,,,,,,,,,,,,,,,,,,,,,,,,,,,,,,,,,,,,,
173711,13-Feb-18,4:23:15,2018-02-13 04:23:15,G,2,3,609,314,0,6,-62.3642,-60.6325,23:18.2,FastGPS,-62.3642,-60.6325,,,4.9,0.2,,,,15,5,1808,,,,13,1906,,,,30,29163,,,,16,29498,,,,27,17840,,,,7,810,,,,,,,,,,,,,,,,,,,,,,,,,,,,,,,,,,,,,,,,,,,,,,,,
173711,13-Feb-18,5:08:15,2018-02-13 05:08:15,G,1,3,610,315,0,7,-62.3837,-60.6007,08:17.7,FastGPS,-62.3837,-60.6007,,,4.9,-0.3,,,,15,5,7490,,,,13,11284,,,,21,16242,,,,20,8440,,,,8,1927,,,,16,5500,,,,30,3170,,,,,,,,,,,,,,,,,,,,,,,,,,,,,,,,,,,,,,,,,,,
173711,13-Feb-18,6:38:00,2018-02-13 06:38:00,G,4,3,612,317,0,4,-62.3535,-60.6796,23:22.3,FastGPS,-62.3796,-60.6108,,,0.5,-1.3,,,,15,15,30946,,,,8,14342,,,,20,710,,,,7,7246,,,,,,,,,,,,,,,,,,,,,,,,,,,,,,,,,,,,,,,,,,,,,,,,,,,,,,,,,,
173711,13-Feb-18,8:23:33,2018-02-13 08:23:33,G,2,3,614,320,0,7,-62.3904,-60.6079,23:34.7,FastGPS,-62.3904,-60.6079,,,10.7,-1.3,,,,15,15,13614,,,,10,2125,,,,24,12028,,,,13,25514,,,,12,3232,,,,17,6506,,,,19,5179,,,,,,,,,,,,,,,,,,,,,,,,,,,,,,,,,,,,,,,,,,,
173711,13-Feb-18,10:22:39,2018-02-13 10:22:39,G,2,3,615,325,0,6,-62.4488,-60.6567,22:40.7,FastGPS,-62.4488,-60.6567,,,14.7,-1.3,,,,15,12,19163,,,,32,252,,,,17,21072,,,,24,10216,,,,19,6633,,,,22,1760,,,,,,,,,,,,,,,,,,,,,,,,,,,,,,,,,,,,,,,,,,,,,,,,
173711,13-Feb-18,13:27:01,2018-02-13 13:27:01,G,2,3,619,329,0,4,-62.3796,-60.6108,38:01.7,FastGPS,-62.4741,-60.762,,,1.5,-1.3,,,,15,12,31970,,,,5,264,,,,25,2902,,,,29,9436,,,,,,,,,,,,,,,,,,,,,,,,,,,,,,,,,,,,,,,,,,,,,,,,,,,,,,,,,,
173711,13-Feb-18,14:13:05,2018-02-13 14:13:05,G,2,3,620,330,0,8,-62.4566,-60.7953,13:07.3,FastGPS,-62.4566,-60.7953,,1,5.5,-0.7,,,,15,29,22298,,,,31,2605,,,,5,12865,,,,26,17061,,,,4,22976,,,,21,1859,,,,16,15798,,,,23,4642,,,,,,,,,,,,,,,,,,,,,,,,,,,,,,,,,,,,,,
173711,13-Feb-18,14:43:05,2018-02-13 14:43:05,G,3,3,621,330,0,8,-62.4653,-60.8125,43:07.8,FastGPS,-62.4653,-60.8125,,1,2.9,-0.2,,,,15,29,10415,,,,26,20290,,,,4,28009,,,,16,30620,,,,5,1217,,,,2,23016,,,,9,5734,,,,31,21546,,,,,,,,,,,,,,,,,,,,,,,,,,,,,,,,,,,,,,
173711,13-Feb-18,15:13:00,2018-02-13 15:13:00,G,1,3,622,330,0,8,-62.474,-60.7952,13:01.8,FastGPS,-62.474,-60.7952,,1,7.8,-1.2,,,,15,29,21556,,,,5,4166,,,,20,15173,,,,26,12779,,,,4,18776,,,,16,24334,,,,21,8252,,,,31,2228,,,,,,,,,,,,,,,,,,,,,,,,,,,,,,,,,,,,,,
173711,14-Feb-18,2:58:46,2018-02-14 02:58:46,G,1,3,625,334,0,8,-62.4557,-60.8379,58:48.3,FastGPS,-62.4557,-60.8379,,1,9,-0.7,,,,15,7,23839,,,,16,8238,,,,23,30964,,,,9,25896,,,,30,24897,,,,2,2972,,,,4,29562,,,,6,16610,,,,,,,,,,,,,,,,,,,,,,,,,,,,,,,,,,,,,,
173711,14-Feb-18,3:44:02,2018-02-14 03:44:02,G,2,3,626,335,0,4,-62.3796,-60.6108,38:01.7,FastGPS,-62.4392,-60.8583,,,0.3,-0.5,,,,15,5,9115,,,,7,17062,,,,30,28694,,,,9,882,,,,,,,,,,,,,,,,,,,,,,,,,,,,,,,,,,,,,,,,,,,,,,,,,,,,,,,,,,
173711,14-Feb-18,4:44:06,2018-02-14 04:44:06,G,2,3,627,337,0,4,-62.4392,-60.8583,44:04.5,FastGPS,-62.4607,-60.9265,,,0.1,-1.2,,,,15,30,13373,,,,5,18341,,,,9,5828,,,,7,18591,,,,,,,,,,,,,,,,,,,,,,,,,,,,,,,,,,,,,,,,,,,,,,,,,,,,,,,,,,
173711,14-Feb-18,5:30:01,2018-02-14 05:30:01,G,2,3,628,338,0,7,-62.4808,-60.9632,30:02.8,FastGPS,-62.4808,-60.9632,,,9.8,-1.2,,,,15,5,16528,,,,13,31774,,,,20,24004,,,,30,21414,,,,7,9105,,,,28,24870,,,,15,1795,,,,,,,,,,,,,,,,,,,,,,,,,,,,,,,,,,,,,,,,,,,
173711,14-Feb-18,7:47:00,2018-02-14 07:47:00,G,1,3,630,343,0,8,-62.4738,-60.9601,47:01.8,FastGPS,-62.4738,-60.9601,,,9.5,-1.2,,,,15,17,20368,,,,28,25943,,,,13,4756,,,,19,642,,,,30,30160,,,,11,18222,,,,1,22279,,,,15,19036,,,,,,,,,,,,,,,,,,,,,,,,,,,,,,,,,,,,,,
173711,14-Feb-18,8:17:02,2018-02-14 08:17:02,G,1,3,631,343,0,7,-62.477,-60.9188,17:03.8,FastGPS,-62.477,-60.9188,,,5.4,-1.2,,,,15,24,19130,,,,10,17797,,,,15,32268,,,,11,17566,,,,17,11504,,,,28,9262,,,,1,9479,,,,,,,,,,,,,,,,,,,,,,,,,,,,,,,,,,,,,,,,,,,
173711,14-Feb-18,9:19:13,2018-02-14 09:19:13,G,1,3,633,343,0,7,-62.4674,-60.8458,19:15.3,FastGPS,-62.4674,-60.8458,,,6,-0.7,,,,15,15,3223,,,,17,24947,,,,12,8841,,,,19,13560,,,,6,19118,,,,13,25993,,,,24,32316,,,,,,,,,,,,,,,,,,,,,,,,,,,,,,,,,,,,,,,,,,,
173711,14-Feb-18,9:51:25,2018-02-14 09:51:25,G,1,3,634,343,0,6,-62.4564,-60.8156,51:27.3,FastGPS,-62.4564,-60.8156,,,11.2,-0.7,,,,15,17,12809,,,,12,22903,,,,24,14258,,,,6,30034,,,,32,32587,,,,14,30538,,,,,,,,,,,,,,,,,,,,,,,,,,,,,,,,,,,,,,,,,,,,,,,,
173711,14-Feb-18,11:10:45,2018-02-14 11:10:45,G,3,3,635,346,0,5,-62.4586,-60.8284,10:46.8,FastGPS,-62.4586,-60.8284,,,14.5,-1.2,,,,15,12,21027,,,,32,9734,,,,2,1014,,,,24,27765,,,,14,6920,,,,,,,,,,,,,,,,,,,,,,,,,,,,,,,,,,,,,,,,,,,,,,,,,,,,,
173711,14-Feb-18,12:42:31,2018-02-14 12:42:31,G,2,3,636,350,0,7,-62.4584,-60.7918,42:32.8,FastGPS,-62.4584,-60.7918,,,7.6,-1.2,,,,15,12,12509,,,,29,6766,,,,31,1583,,,,23,27749,,,,6,770,,,,25,30427,,,,2,13555,,,,,,,,,,,,,,,,,,,,,,,,,,,,,,,,,,,,,,,,,,,
173711,14-Feb-18,13:12:41,2018-02-14 13:12:41,G,3,3,637,350,0,6,-62.4604,-60.8082,12:43.3,FastGPS,-62.4604,-60.8082,,1,3.4,-0.7,,,,15,31,9050,,,,29,19206,,,,4,18723,,,,26,4074,,,,25,13682,,,,23,13846,,,,,,,,,,,,,,,,,,,,,,,,,,,,,,,,,,,,,,,,,,,,,,,,
173711,14-Feb-18,13:43:41,2018-02-14 13:43:41,G,4,3,638,350,0,6,-62.4687,-60.8058,43:43.2,FastGPS,-62.4687,-60.8058,,1,11.7,-0.8,,,,15,4,30347,,,,5,29434,,,,26,3076,,,,31,30395,,,,23,18128,,,,2,10454,,,,,,,,,,,,,,,,,,,,,,,,,,,,,,,,,,,,,,,,,,,,,,,,
173711,14-Feb-18,14:14:00,2018-02-14 14:14:00,G,1,3,639,350,1,8,-62.4738,-60.7955,14:01.8,FastGPS,-62.4738,-60.7955,,1,5.7,-1.2,,,,15,12,131,,,,5,19069,,,,20,18107,,,,29,17227,,,,31,18992,,,,25,5363,,,,4,31547,,,,2,29990,,,,,,,,,,,,,,,,,,,,,,,,,,,,,,,,,,,,,,
173711,15-Feb-18,1:51:05,2018-02-15 01:51:05,G,3,3,640,350,0,6,-62.4736,-60.7973,51:07.8,FastGPS,-62.4736,-60.7973,,,9.3,-0.2,,,,15,7,14215,,,,9,31458,,,,23,27308,,,,29,21956,,,,6,30590,,,,2,15833,,,,,,,,,,,,,,,,,,,,,,,,,,,,,,,,,,,,,,,,,,,,,,,,
173711,15-Feb-18,2:21:00,2018-02-15 02:21:00,G,1,3,641,350,0,8,-62.4585,-60.8274,21:02.3,FastGPS,-62.4585,-60.8274,,1,11.2,-0.7,,,,15,7,17532,,,,23,10566,,,,9,24633,,,,16,28890,,,,3,9990,,,,4,11206,,,,30,21920,,,,6,7310,,,,,,,,,,,,,,,,,,,,,,,,,,,,,,,,,,,,,,
173711,15-Feb-18,2:52:09,2018-02-15 02:52:09,G,2,3,642,350,0,7,-62.4357,-60.8425,52:11.8,FastGPS,-62.4357,-60.8425,,1,2.6,-0.1,,,,15,7,18002,,,,16,9652,,,,23,10212,,,,4,7065,,,,30,15736,,,,2,12530,,,,26,30962,,,,,,,,,,,,,,,,,,,,,,,,,,,,,,,,,,,,,,,,,,,
173711,15-Feb-18,3:22:55,2018-02-15 03:22:55,G,2,3,643,,0,9,-62.4179,-60.856,22:57.3,FastGPS,-62.4179,-60.856,,1,6.7,-0.7,,,,15,5,30159,,,,7,23832,,,,29,25236,,,,9,8586,,,,4,14998,,,,23,32612,,,,16,17990,,,,26,22156,,,,30,1960,,,,,,,,,,,,,,,,,,,,,,,,,,,,,,,,,
173711,15-Feb-18,6:12:00,2018-02-15 06:12:00,G,2,3,647,352,0,6,-62.3904,-60.7751,12:01.8,FastGPS,-62.3904,-60.7751,,,5.9,-1.2,,,,15,15,1939,,,,30,20019,,,,20,18149,,,,13,18841,,,,7,13430,,,,8,29228,,,,,,,,,,,,,,,,,,,,,,,,,,,,,,,,,,,,,,,,,,,,,,,,
173711,15-Feb-18,6:42:00,2018-02-15 06:42:00,G,2,3,648,352,0,6,-62.39,-60.7707,42:01.8,FastGPS,-62.39,-60.7707,,,10.1,-1.2,,,,15,15,3460,,,,28,3941,,,,17,8008,,,,30,4072,,,,20,15690,,,,13,16201,,,,,,,,,,,,,,,,,,,,,,,,,,,,,,,,,,,,,,,,,,,,,,,,
173711,15-Feb-18,9:40:53,2018-02-15 09:40:53,G,2,3,649,356,0,5,-62.4569,-60.7802,40:54.8,FastGPS,-62.4569,-60.7802,,,6,-1.2,,,,15,12,23327,,,,32,5180,,,,15,11188,,,,24,3384,,,,19,24432,,,,,,,,,,,,,,,,,,,,,,,,,,,,,,,,,,,,,,,,,,,,,,,,,,,,,
173711,15-Feb-18,10:41:28,2018-02-15 10:41:28,G,3,3,650,358,0,8,-62.4697,-60.8011,41:29.8,FastGPS,-62.4697,-60.8011,,,8.8,-1.2,,,,15,32,7695,,,,12,2510,,,,17,11107,,,,19,19159,,,,22,4615,,,,3,7063,,,,25,19613,,,,14,15480,,,,,,,,,,,,,,,,,,,,,,,,,,,,,,,,,,,,,,
173711,15-Feb-18,11:11:00,2018-02-15 11:11:00,G,3,3,651,358,1,8,-62.4736,-60.7956,11:01.8,FastGPS,-62.4736,-60.7956,,,9.9,-1.2,,,,15,31,29302,,,,3,20024,,,,22,32558,,,,12,25946,,,,14,11790,,,,32,5389,,,,29,24532,,,,25,23294,,,,,,,,,,,,,,,,,,,,,,,,,,,,,,,,,,,,,,
173711,15-Feb-18,20:43:49,2018-02-15 20:43:49,G,2,3,652,,0,9,-62.4727,-60.8003,43:50.9,FastGPS,-62.4727,-60.8003,,,2.7,-1.1,,,,15,32,378,,,,14,10386,,,,27,19544,,,,1,18690,,,,8,13577,,,,22,3265,,,,11,14221,,,,28,4827,,,,17,26612,,,,,,,,,,,,,,,,,,,,,,,,,,,,,,,,,
173711,15-Feb-18,21:14:00,2018-02-15 21:14:00,G,2,3,653,359,0,8,-62.4782,-60.8112,14:01.9,FastGPS,-62.4782,-60.8112,,,17,-1.1,,,,15,32,4626,,,,10,5640,,,,8,15819,,,,3,4318,,,,14,26261,,,,22,18478,,,,1,27821,,,,11,32068,,,,,,,,,,,,,,,,,,,,,,,,,,,,,,,,,,,,,,
173711,15-Feb-18,22:16:22,2018-02-15 22:16:22,G,2,3,654,,0,9,-62.4823,-60.8327,16:23.8,FastGPS,-62.4823,-60.8327,,,8.6,-1.1,,,,15,11,2105,,,,1,15478,,,,17,28670,,,,22,13783,,,,19,16230,,,,3,10160,,,,31,31746,,,,12,4315,,,,32,21744,,,,,,,,,,,,,,,,,,,,,,,,,,,,,,,,,
173711,15-Feb-18,23:42:09,2018-02-15 23:42:09,G,1,3,656,362,0,6,-62.4884,-60.8325,42:10.9,FastGPS,-62.4884,-60.8325,,,7.1,-1.1,,,,15,31,4453,,,,6,20438,,,,3,7998,,,,17,25176,,,,19,16230,,,,23,12744,,,,,,,,,,,,,,,,,,,,,,,,,,,,,,,,,,,,,,,,,,,,,,,,
173711,16-Feb-18,0:12:00,2018-02-16 00:12:00,G,4,3,657,,0,9,-62.4895,-60.8322,12:01.9,FastGPS,-62.4895,-60.8322,,,12.4,-1.1,,,,15,6,3737,,,,9,31332,,,,12,18381,,,,31,32371,,,,23,18596,,,,17,21270,,,,22,31878,,,,25,13238,,,,2,10845,,,,,,,,,,,,,,,,,,,,,,,,,,,,,,,,,
173711,16-Feb-18,0:42:00,2018-02-16 00:42:00,G,1,3,658,362,0,8,-62.4918,-60.8319,42:01.8,FastGPS,-62.4918,-60.8319,,1,9.4,-1.1,,,,15,31,30437,,,,4,22071,,,,9,19274,,,,26,28544,,,,23,478,,,,22,9257,,,,3,17288,,,,6,29297,,,,,,,,,,,,,,,,,,,,,,,,,,,,,,,,,,,,,,
173711,16-Feb-18,1:12:00,2018-02-16 01:12:00,G,1,3,659,,0,9,-62.4919,-60.8321,12:01.9,FastGPS,-62.4919,-60.8321,,1,5.5,-1.1,,,,15,31,28396,,,,9,21290,,,,3,15328,,,,4,13576,,,,26,14089,,,,22,3598,,,,23,8928,,,,16,2686,,,,29,17756,,,,,,,,,,,,,,,,,,,,,,,,,,,,,,,,,
173711,16-Feb-18,1:57:10,2018-02-16 01:57:10,G,3,3,660,,0,9,-62.4981,-60.8425,57:12.3,FastGPS,-62.4981,-60.8425,,1,9.8,-0.7,,,,15,29,13087,,,,4,26922,,,,6,19529,,,,2,31112,,,,9,26439,,,,5,18608,,,,26,7413,,,,7,11068,,,,16,2318,,,,,,,,,,,,,,,,,,,,,,,,,,,,,,,,,
173711,16-Feb-18,2:28:41,2018-02-16 02:28:41,G,5,3,661,363,0,6,-62.498,-60.8694,28:42.9,FastGPS,-62.498,-60.8694,,,8.7,-1.1,,,,15,23,19174,,,,9,9168,,,,16,29560,,,,2,28744,,,,7,15482,,,,5,23486,,,,,,,,,,,,,,,,,,,,,,,,,,,,,,,,,,,,,,,,,,,,,,,,
173711,16-Feb-18,3:46:30,2018-02-16 03:46:30,G,4,3,662,363,0,5,-62.4961,-60.9708,46:32.3,FastGPS,-62.4961,-60.9708,,,6.5,-0.7,,,,15,30,31925,,,,23,3466,,,,9,7036,,,,5,3177,,,,7,30203,,,,,,,,,,,,,,,,,,,,,,,,,,,,,,,,,,,,,,,,,,,,,,,,,,,,,
173711,16-Feb-18,4:28:01,2018-02-16 04:28:01,G,2,3,663,363,0,6,-62.5034,-61.0031,28:02.9,FastGPS,-62.5034,-61.0031,,,4.3,-1.1,,,,15,9,15502,,,,8,6630,,,,7,7833,,,,5,31814,,,,28,17416,,,,30,14500,,,,,,,,,,,,,,,,,,,,,,,,,,,,,,,,,,,,,,,,,,,,,,,,
173711,16-Feb-18,5:46:03,2018-02-16 05:46:03,G,2,3,664,366,0,6,-62.4961,-60.994,46:04.9,FastGPS,-62.4961,-60.994,,,7.5,-1.1,,,,15,7,16886,,,,30,16658,,,,13,26873,,,,5,3152,,,,8,12315,,,,28,20528,,,,,,,,,,,,,,,,,,,,,,,,,,,,,,,,,,,,,,,,,,,,,,,,
173711,16-Feb-18,6:33:04,2018-02-16 06:33:04,G,2,3,665,367,0,7,-62.4822,-60.9729,33:06.4,FastGPS,-62.4822,-60.9729,,,13,-0.6,,,,15,7,6924,,,,30,17428,,,,5,2032,,,,13,13621,,,,28,28967,,,,11,5226,,,,8,3559,,,,,,,,,,,,,,,,,,,,,,,,,,,,,,,,,,,,,,,,,,,
173711,16-Feb-18,7:03:09,2018-02-16 07:03:09,G,2,3,666,367,0,6,-62.4773,-60.9487,03:11.3,FastGPS,-62.4773,-60.9487,,,7.3,-0.7,,,,15,17,2860,,,,11,4298,,,,30,5113,,,,8,23232,,,,28,3722,,,,13,30703,,,,,,,,,,,,,,,,,,,,,,,,,,,,,,,,,,,,,,,,,,,,,,,,
173711,16-Feb-18,7:33:15,2018-02-16 07:33:15,G,3,3,667,367,0,8,-62.4712,-60.9249,33:16.9,FastGPS,-62.4712,-60.9249,,,7.1,-1.1,,,,15,17,5111,,,,1,14482,,,,30,32234,,,,11,25872,,,,28,15706,,,,13,28698,,,,19,17432,,,,15,29092,,,,,,,,,,,,,,,,,,,,,,,,,,,,,,,,,,,,,,
173711,16-Feb-18,8:03:07,2018-02-16 08:03:07,G,2,3,668,367,0,6,-62.471,-60.8859,03:08.8,FastGPS,-62.471,-60.8859,,,2,-1.1,,,,15,28,12182,,,,1,12998,,,,10,31281,,,,17,7825,,,,11,5191,,,,24,13925,,,,,,,,,,,,,,,,,,,,,,,,,,,,,,,,,,,,,,,,,,,,,,,,
173711,16-Feb-18,8:34:21,2018-02-16 08:34:21,G,2,3,669,367,0,7,-62.4698,-60.8467,34:22.9,FastGPS,-62.4698,-60.8467,,,10,-1.1,,,,15,17,23578,,,,11,27639,,,,19,15846,,,,28,19583,,,,1,25416,,,,10,18861,,,,13,24025,,,,,,,,,,,,,,,,,,,,,,,,,,,,,,,,,,,,,,,,,,,
173711,16-Feb-18,9:04:02,2018-02-16 09:04:02,G,3,3,670,367,0,4,-62.4639,-60.8216,59:30.9,FastGPS,-62.4652,-60.8351,,,0.3,-0.5,,,,15,28,17911,,,,1,30888,,,,17,24934,,,,11,26126,,,,,,,,,,,,,,,,,,,,,,,,,,,,,,,,,,,,,,,,,,,,,,,,,,,,,,,,,,
173711,16-Feb-18,9:50:44,2018-02-16 09:50:44,G,3,3,671,368,0,5,-62.4676,-60.8426,50:46.3,FastGPS,-62.4676,-60.8426,,,7.6,-0.7,,,,15,17,9294,,,,6,10070,,,,22,2049,,,,19,16441,,,,12,27175,,,,,,,,,,,,,,,,,,,,,,,,,,,,,,,,,,,,,,,,,,,,,,,,,,,,,
173711,16-Feb-18,10:30:44,2018-02-16 10:30:44,G,2,3,672,368,0,6,-62.4642,-60.8403,30:46.3,FastGPS,-62.4642,-60.8403,,,2.4,-0.7,,,,15,32,21998,,,,17,19528,,,,19,14171,,,,12,5225,,,,14,15014,,,,25,6887,,,,,,,,,,,,,,,,,,,,,,,,,,,,,,,,,,,,,,,,,,,,,,,,
173711,16-Feb-18,11:06:35,2018-02-16 11:06:35,G,4,3,673,368,0,8,-62.4616,-60.8348,06:36.9,FastGPS,-62.4616,-60.8348,,,7.3,-1.1,,,,15,29,13232,,,,2,11076,,,,17,27400,,,,12,16207,,,,19,21220,,,,6,15936,,,,24,6280,,,,3,10240,,,,,,,,,,,,,,,,,,,,,,,,,,,,,,,,,,,,,,
173711,16-Feb-18,11:36:01,2018-02-16 11:36:01,G,3,3,674,,0,9,-62.4665,-60.8385,36:03.4,FastGPS,-62.4665,-60.8385,,,11,-0.6,,,,15,2,18208,,,,19,12948,,,,12,10378,,,,32,24568,,,,29,21950,,,,31,20945,,,,25,32346,,,,6,27652,,,,3,17891,,,,,,,,,,,,,,,,,,,,,,,,,,,,,,,,,
173711,16-Feb-18,12:06:38,2018-02-16 12:06:38,G,2,3,675,368,0,8,-62.4692,-60.8368,06:39.9,FastGPS,-62.4692,-60.8368,,,10.8,-1.1,,,,15,2,1987,,,,29,6240,,,,12,17069,,,,32,1090,,,,31,24259,,,,14,9467,,,,6,7715,,,,25,9728,,,,,,,,,,,,,,,,,,,,,,,,,,,,,,,,,,,,,,
173711,16-Feb-18,12:36:40,2018-02-16 12:36:40,G,3,3,676,368,0,7,-62.4707,-60.8146,36:41.8,FastGPS,-62.4707,-60.8146,,1,13.6,-1.1,,,,15,12,23194,,,,31,24926,,,,6,10552,,,,4,21626,,,,29,31595,,,,2,30354,,,,25,15926,,,,,,,,,,,,,,,,,,,,,,,,,,,,,,,,,,,,,,,,,,,
173711,16-Feb-18,13:06:00,2018-02-16 13:06:00,G,1,3,677,368,0,6,-62.474,-60.7952,06:01.9,FastGPS,-62.474,-60.7952,,,15.2,-1.1,,,,15,12,17693,,,,5,16951,,,,31,29573,,,,29,8766,,,,14,2240,,,,25,31475,,,,,,,,,,,,,,,,,,,,,,,,,,,,,,,,,,,,,,,,,,,,,,,,
173711,16-Feb-18,13:36:00,2018-02-16 13:36:00,G,1,3,678,368,1,6,-62.4737,-60.7955,36:01.9,FastGPS,-62.4737,-60.7955,,1,1.4,-1.1,,,,15,29,4733,,,,31,4828,,,,12,5430,,,,25,25724,,,,4,7052,,,,21,22417,,,,,,,,,,,,,,,,,,,,,,,,,,,,,,,,,,,,,,,,,,,,,,,,
173711,16-Feb-18,21:42:10,2018-02-16 21:42:10,G,2,3,679,368,0,8,-62.4735,-60.7966,42:11.9,FastGPS,-62.4735,-60.7966,,,5.5,-1.1,,,,15,32,21382,,,,31,24402,,,,10,21299,,,,17,24914,,,,1,706,,,,19,30644,,,,22,9593,,,,11,7855,,,,,,,,,,,,,,,,,,,,,,,,,,,,,,,,,,,,,,
173711,16-Feb-18,22:12:00,2018-02-16 22:12:00,G,1,3,680,,0,9,-62.4704,-60.8035,12:01.9,FastGPS,-62.4704,-60.8035,,,13.2,-1.1,,,,15,31,23992,,,,17,21030,,,,1,8632,,,,11,28542,,,,22,6452,,,,3,2584,,,,14,22802,,,,32,15490,,,,19,8116,,,,,,,,,,,,,,,,,,,,,,,,,,,,,,,,,
173711,16-Feb-18,22:43:29,2018-02-16 22:43:29,G,2,3,681,,0,9,-62.4634,-60.8167,43:30.9,FastGPS,-62.4634,-60.8167,,,9.4,-1.1,,,,15,17,15266,,,,1,20620,,,,31,21240,,,,22,14946,,,,3,2133,,,,11,30140,,,,19,4549,,,,23,4841,,,,14,17906,,,,,,,,,,,,,,,,,,,,,,,,,,,,,,,,,
173711,16-Feb-18,23:13:00,2018-02-16 23:13:00,G,1,3,682,,0,9,-62.4589,-60.8215,13:01.9,FastGPS,-62.4589,-60.8215,,,6.6,-1.1,,,,15,31,27825,,,,22,1582,,,,23,22014,,,,12,17546,,,,1,15102,,,,14,31276,,,,25,15718,,,,32,5376,,,,3,15527,,,,,,,,,,,,,,,,,,,,,,,,,,,,,,,,,
173711,16-Feb-18,23:59:29,2018-02-16 23:59:29,G,1,3,683,369,0,8,-62.4639,-60.8216,59:30.9,FastGPS,-62.4639,-60.8216,,,4.4,-1.1,,,,15,19,476,,,,23,2274,,,,17,29123,,,,31,14464,,,,6,16762,,,,9,31644,,,,3,8631,,,,22,32156,,,,,,,,,,,,,,,,,,,,,,,,,,,,,,,,,,,,,,
173711,17-Feb-18,0:44:36,2018-02-17 00:44:36,G,1,3,684,370,0,8,-62.4679,-60.8439,44:37.9,FastGPS,-62.4679,-60.8439,,1,10.5,-1.1,,,,15,31,19054,,,,9,19927,,,,3,5970,,,,2,4594,,,,23,14932,,,,22,21321,,,,6,13078,,,,4,13882,,,,,,,,,,,,,,,,,,,,,,,,,,,,,,,,,,,,,,
173711,17-Feb-18,3:15:53,2018-02-17 03:15:53,G,3,3,687,371,0,6,-62.4759,-60.9197,15:55.4,FastGPS,-62.4759,-60.9197,,,9.1,-0.6,,,,15,7,4613,,,,9,17563,,,,30,16944,,,,23,4938,,,,2,2252,,,,5,13130,,,,,,,,,,,,,,,,,,,,,,,,,,,,,,,,,,,,,,,,,,,,,,,,
173711,17-Feb-18,3:46:07,2018-02-17 03:46:07,G,2,3,688,371,0,5,-62.47,-60.9673,46:10.4,FastGPS,-62.47,-60.9673,,,0.2,0.4,,,,15,5,15136,,,,30,15103,,,,7,5028,,,,9,1354,,,,23,23531,,,,,,,,,,,,,,,,,,,,,,,,,,,,,,,,,,,,,,,,,,,,,,,,,,,,,
173711,17-Feb-18,4:16:07,2018-02-17 04:16:07,G,5,3,689,371,0,5,-62.4713,-61.0155,16:10.4,FastGPS,-62.4713,-61.0155,,,10.8,0.4,,,,15,30,14960,,,,9,25723,,,,7,28629,,,,5,10666,,,,13,14127,,,,,,,,,,,,,,,,,,,,,,,,,,,,,,,,,,,,,,,,,,,,,,,,,,,,,
173711,17-Feb-18,4:46:07,2018-02-17 04:46:07,G,3,3,690,371,0,7,-62.4678,-61.047,46:09.9,FastGPS,-62.4678,-61.047,,,6.2,-0.1,,,,15,8,30964,,,,7,17060,,,,27,8590,,,,5,32540,,,,30,16554,,,,9,2925,,,,28,20680,,,,,,,,,,,,,,,,,,,,,,,,,,,,,,,,,,,,,,,,,,,
173711,17-Feb-18,5:18:36,2018-02-17 05:18:36,G,3,3,691,371,0,8,-62.4625,-61.0066,18:38.4,FastGPS,-62.4625,-61.0066,,,10.4,-0.6,,,,15,27,10488,,,,30,23104,,,,20,26922,,,,7,8436,,,,13,4378,,,,15,7954,,,,21,5138,,,,9,1254,,,,,,,,,,,,,,,,,,,,,,,,,,,,,,,,,,,,,,
173711,17-Feb-18,5:49:33,2018-02-17 05:49:33,G,3,3,692,371,0,6,-62.4543,-60.9503,49:36.4,FastGPS,-62.4543,-60.9503,,,6.3,0.5,,,,15,7,17048,,,,15,27399,,,,27,6746,,,,30,31763,,,,13,6978,,,,28,11060,,,,,,,,,,,,,,,,,,,,,,,,,,,,,,,,,,,,,,,,,,,,,,,,
173711,17-Feb-18,6:19:02,2018-02-17 06:19:02,G,2,3,693,371,0,6,-62.4475,-60.8953,19:04.9,FastGPS,-62.4475,-60.8953,,,6.3,-0.1,,,,15,15,1113,,,,8,27786,,,,7,26571,,,,30,24243,,,,20,15632,,,,13,16411,,,,,,,,,,,,,,,,,,,,,,,,,,,,,,,,,,,,,,,,,,,,,,,,
173711,17-Feb-18,8:38:45,2018-02-17 08:38:45,G,1,3,697,372,0,6,-62.4671,-60.8317,38:46.9,FastGPS,-62.4671,-60.8317,,,15,-1.1,,,,15,17,23956,,,,15,17282,,,,11,29768,,,,28,1584,,,,1,16906,,,,24,24230,,,,,,,,,,,,,,,,,,,,,,,,,,,,,,,,,,,,,,,,,,,,,,,,
173711,17-Feb-18,9:09:57,2018-02-17 09:09:57,G,2,3,698,372,0,6,-62.4727,-60.8222,09:58.9,FastGPS,-62.4727,-60.8222,,,8.5,-1.1,,,,15,15,26586,,,,12,23378,,,,19,20859,,,,17,26691,,,,13,13898,,,,24,5959,,,,,,,,,,,,,,,,,,,,,,,,,,,,,,,,,,,,,,,,,,,,,,,,
173711,17-Feb-18,9:46:03,2018-02-17 09:46:03,G,1,3,699,372,0,5,-62.4744,-60.8068,46:05.4,FastGPS,-62.4744,-60.8068,,,9,-0.6,,,,15,32,17642,,,,17,31961,,,,19,4766,,,,6,28737,,,,14,26590,,,,,,,,,,,,,,,,,,,,,,,,,,,,,,,,,,,,,,,,,,,,,,,,,,,,,
173711,17-Feb-18,10:24:10,2018-02-17 10:24:10,G,3,3,700,372,0,6,-62.4736,-60.7993,24:13.4,FastGPS,-62.4736,-60.7993,,,7.9,0.4,,,,15,32,20471,,,,12,32307,,,,25,28187,,,,24,16778,,,,3,5708,,,,19,18197,,,,,,,,,,,,,,,,,,,,,,,,,,,,,,,,,,,,,,,,,,,,,,,,
173711,17-Feb-18,10:54:00,2018-02-17 10:54:00,G,1,3,701,372,0,5,-62.4736,-60.7951,54:02.9,FastGPS,-62.4736,-60.7951,,,4,-0.1,,,,15,17,30922,,,,31,6074,,,,3,4796,,,,22,31982,,,,12,6510,,,,,,,,,,,,,,,,,,,,,,,,,,,,,,,,,,,,,,,,,,,,,,,,,,,,,
173711,18-Feb-18,2:24:15,2018-02-18 02:24:15,G,1,3,703,,0,9,-62.4734,-60.7968,24:17.9,FastGPS,-62.4734,-60.7968,,1,7.6,0,,,,15,29,22132,,,,5,23155,,,,9,25768,,,,26,19883,,,,7,14423,,,,16,18528,,,,4,7688,,,,2,5164,,,,23,22680,,,,,,,,,,,,,,,,,,,,,,,,,,,,,,,,,
173711,18-Feb-18,3:28:01,2018-02-18 03:28:01,G,1,3,705,372,0,6,-62.4405,-60.8264,28:04.4,FastGPS,-62.4405,-60.8264,,,3.5,0.4,,,,15,16,25361,,,,7,21572,,,,30,81,,,,23,20168,,,,27,17137,,,,9,4297,,,,,,,,,,,,,,,,,,,,,,,,,,,,,,,,,,,,,,,,,,,,,,,,
173711,18-Feb-18,3:59:43,2018-02-18 03:59:43,G,1,3,706,372,0,8,-62.4279,-60.7927,59:45.4,FastGPS,-62.4279,-60.7927,,,5.1,-0.6,,,,15,9,21274,,,,7,18606,,,,16,22590,,,,5,17030,,,,27,27298,,,,30,5624,,,,20,8470,,,,21,29276,,,,,,,,,,,,,,,,,,,,,,,,,,,,,,,,,,,,,,
173711,18-Feb-18,5:02:30,2018-02-18 05:02:30,G,1,3,707,372,0,7,-62.4249,-60.7233,02:32.0,FastGPS,-62.4249,-60.7233,,,11.8,-1,,,,15,7,32503,,,,5,30812,,,,20,24440,,,,13,16236,,,,15,4969,,,,30,17804,,,,8,22239,,,,,,,,,,,,,,,,,,,,,,,,,,,,,,,,,,,,,,,,,,,
173711,18-Feb-18,5:39:58,2018-02-18 05:39:58,G,2,3,708,372,0,8,-62.43,-60.7578,40:00.5,FastGPS,-62.43,-60.7578,,,7.8,-0.5,,,,15,5,1316,,,,15,14030,,,,7,15877,,,,13,4163,,,,30,19768,,,,28,1920,,,,20,11897,,,,21,22459,,,,,,,,,,,,,,,,,,,,,,,,,,,,,,,,,,,,,,
173711,18-Feb-18,6:13:20,2018-02-18 06:13:20,G,3,3,709,372,0,5,-62.4292,-60.7969,13:22.4,FastGPS,-62.4292,-60.7969,,,2.3,-0.6,,,,15,5,31694,,,,13,19982,,,,15,616,,,,28,24588,,,,20,22356,,,,,,,,,,,,,,,,,,,,,,,,,,,,,,,,,,,,,,,,,,,,,,,,,,,,,
173711,18-Feb-18,8:31:18,2018-02-18 08:31:18,G,3,3,713,373,0,7,-62.4567,-60.8038,31:19.9,FastGPS,-62.4567,-60.8038,,,15,-1.1,,,,15,17,2043,,,,15,10229,,,,13,4061,,,,12,1380,,,,10,14705,,,,19,1578,,,,24,31305,,,,,,,,,,,,,,,,,,,,,,,,,,,,,,,,,,,,,,,,,,,
173711,18-Feb-18,9:01:02,2018-02-18 09:01:02,G,1,3,714,373,0,8,-62.4582,-60.826,01:04.0,FastGPS,-62.4581,-60.826,,,9.9,-1,,,,15,17,4942,,,,24,8915,,,,12,13515,,,,15,22170,,,,19,22366,,,,10,2734,,,,32,8582,,,,11,23995,,,,,,,,,,,,,,,,,,,,,,,,,,,,,,,,,,,,,,
173711,18-Feb-18,9:32:36,2018-02-18 09:32:36,G,2,3,715,373,0,7,-62.4679,-60.8431,32:37.9,FastGPS,-62.4679,-60.8431,,,6.2,-1.1,,,,15,17,32331,,,,12,28706,,,,32,8130,,,,24,27987,,,,22,14141,,,,19,17126,,,,15,18054,,,,,,,,,,,,,,,,,,,,,,,,,,,,,,,,,,,,,,,,,,,
173711,18-Feb-18,12:11:57,2018-02-18 12:11:57,G,2,3,719,373,0,4,-62.4581,-60.826,01:03.9,FastGPS,-62.4576,-60.8236,,,0.5,-1,,,,15,12,11172,,,,6,625,,,,2,5550,,,,31,25196,,,,,,,,,,,,,,,,,,,,,,,,,,,,,,,,,,,,,,,,,,,,,,,,,,,,,,,,,,
173711,18-Feb-18,13:19:14,2018-02-18 13:19:14,G,2,3,720,373,0,6,-62.4482,-60.7834,19:16.5,FastGPS,-62.4482,-60.7834,,,13.4,-0.5,,,,15,5,28924,,,,23,12728,,,,29,12364,,,,12,27902,,,,2,29938,,,,31,29210,,,,,,,,,,,,,,,,,,,,,,,,,,,,,,,,,,,,,,,,,,,,,,,,
173711,18-Feb-18,13:49:43,2018-02-18 13:49:43,G,2,3,721,373,0,7,-62.4514,-60.7777,49:46.5,FastGPS,-62.4514,-60.7777,,1,13.2,0.5,,,,15,5,28788,,,,2,25372,,,,9,4140,,,,29,11705,,,,23,31296,,,,25,25828,,,,4,4556,,,,,,,,,,,,,,,,,,,,,,,,,,,,,,,,,,,,,,,,,,,
173711,18-Feb-18,15:31:36,2018-02-18 15:31:36,G,2,3,722,377,0,7,-62.4673,-60.8321,31:39.0,FastGPS,-62.4673,-60.8321,,1,6.3,0,,,,15,21,14896,,,,29,12444,,,,26,31262,,,,20,17935,,,,16,27514,,,,4,24800,,,,27,11114,,,,,,,,,,,,,,,,,,,,,,,,,,,,,,,,,,,,,,,,,,,
173711,18-Feb-18,16:02:32,2018-02-18 16:02:32,G,3,3,723,377,0,6,-62.4687,-60.8454,02:33.9,FastGPS,-62.4687,-60.8454,,1,3.1,-1.1,,,,15,29,20988,,,,16,14129,,,,26,14573,,,,20,8602,,,,4,10179,,,,27,12645,,,,,,,,,,,,,,,,,,,,,,,,,,,,,,,,,,,,,,,,,,,,,,,,
173711,18-Feb-18,17:33:00,2018-02-18 17:33:00,G,1,3,726,377,1,6,-62.474,-60.7939,33:01.9,FastGPS,-62.474,-60.7939,,,13.9,-1.1,,,,15,16,13306,,,,26,18612,,,,10,15443,,,,8,19526,,,,27,9751,,,,7,16489,,,,,,,,,,,,,,,,,,,,,,,,,,,,,,,,,,,,,,,,,,,,,,,,
173711,19-Feb-18,0:11:00,2018-02-19 00:11:00,G,2,3,729,379,0,8,-62.4654,-60.8153,11:02.0,FastGPS,-62.4654,-60.8153,,1,11.8,-1,,,,15,31,26040,,,,22,3295,,,,4,18212,,,,3,15201,,,,23,23973,,,,9,27655,,,,26,11729,,,,25,13308,,,,,,,,,,,,,,,,,,,,,,,,,,,,,,,,,,,,,,
173711,19-Feb-18,0:41:07,2018-02-19 00:41:07,G,1,3,730,379,0,7,-62.4653,-60.8121,41:09.5,FastGPS,-62.4653,-60.8121,,,1.7,-0.5,,,,15,6,23012,,,,9,9416,,,,31,9548,,,,26,13654,,,,23,23458,,,,2,26284,,,,19,19702,,,,,,,,,,,,,,,,,,,,,,,,,,,,,,,,,,,,,,,,,,,
173711,19-Feb-18,1:46:11,2018-02-19 01:46:11,G,1,3,731,380,0,7,-62.4666,-60.8453,46:14.0,FastGPS,-62.4666,-60.8453,,,10.1,0,,,,15,23,2380,,,,9,16559,,,,2,19199,,,,7,5884,,,,16,27080,,,,6,4353,,,,26,28186,,,,,,,,,,,,,,,,,,,,,,,,,,,,,,,,,,,,,,,,,,,
173711,19-Feb-18,6:58:04,2018-02-19 06:58:04,G,1,3,732,380,0,6,-62.4645,-60.8375,58:06.5,FastGPS,-62.4645,-60.8375,,,0.9,-0.5,,,,15,17,10848,,,,20,29372,,,,15,32360,,,,24,29208,,,,13,26068,,,,28,3572,,,,,,,,,,,,,,,,,,,,,,,,,,,,,,,,,,,,,,,,,,,,,,,,
173711,19-Feb-18,8:07:52,2018-02-19 08:07:52,G,1,3,734,380,0,6,-62.4679,-60.8415,07:55.5,FastGPS,-62.4679,-60.8415,,,8.4,0.5,,,,15,13,16706,,,,15,23416,,,,17,23540,,,,19,31452,,,,24,4582,,,,10,28896,,,,,,,,,,,,,,,,,,,,,,,,,,,,,,,,,,,,,,,,,,,,,,,,
173711,19-Feb-18,11:36:10,2018-02-19 11:36:10,G,2,3,737,383,0,7,-62.4665,-60.8382,36:13.0,FastGPS,-62.4665,-60.8382,,,7.1,0,,,,15,29,4601,,,,31,912,,,,32,11202,,,,12,23693,,,,3,20819,,,,25,20906,,,,14,28570,,,,,,,,,,,,,,,,,,,,,,,,,,,,,,,,,,,,,,,,,,,
173711,19-Feb-18,12:47:51,2018-02-19 12:47:51,G,2,3,738,383,0,6,-62.4835,-60.8412,47:54.0,FastGPS,-62.4835,-60.8412,,1,3.1,0,,,,15,12,23214,,,,29,11620,,,,31,9416,,,,5,10372,,,,25,21114,,,,4,4405,,,,,,,,,,,,,,,,,,,,,,,,,,,,,,,,,,,,,,,,,,,,,,,,
173711,19-Feb-18,13:22:20,2018-02-19 13:22:20,G,2,3,739,383,0,8,-62.4753,-60.796,22:22.5,FastGPS,-62.4753,-60.796,,,10.6,-0.5,,,,15,5,15247,,,,23,7151,,,,12,24638,,,,29,16407,,,,2,2072,,,,9,13678,,,,25,9624,,,,31,19442,,,,,,,,,,,,,,,,,,,,,,,,,,,,,,,,,,,,,,
173711,19-Feb-18,13:52:00,2018-02-19 13:52:00,G,1,3,740,383,1,6,-62.4738,-60.7953,52:02.0,FastGPS,-62.4738,-60.7953,,,6.5,-1,,,,15,31,512,,,,12,18184,,,,20,20722,,,,25,21977,,,,29,28607,,,,5,27103,,,,,,,,,,,,,,,,,,,,,,,,,,,,,,,,,,,,,,,,,,,,,,,,
173711,20-Feb-18,2:40:19,2018-02-20 02:40:19,G,1,3,741,383,0,5,-62.4738,-60.7964,40:21.0,FastGPS,-62.4738,-60.7964,,,1.6,-1,,,,15,7,1676,,,,29,18934,,,,5,22982,,,,23,29055,,,,30,8496,,,,,,,,,,,,,,,,,,,,,,,,,,,,,,,,,,,,,,,,,,,,,,,,,,,,,
173711,20-Feb-18,3:43:41,2018-02-20 03:43:41,G,1,3,742,383,0,6,-62.4525,-60.8551,43:43.0,FastGPS,-62.4525,-60.8551,,,9.7,-1,,,,15,16,23444,,,,30,29191,,,,27,17074,,,,7,29222,,,,9,24752,,,,5,18356,,,,,,,,,,,,,,,,,,,,,,,,,,,,,,,,,,,,,,,,,,,,,,,,
173711,20-Feb-18,6:42:13,2018-02-20 06:42:13,G,1,3,745,385,0,7,-62.4192,-60.7707,42:15.0,FastGPS,-62.4192,-60.7707,,,10.7,-1,,,,15,17,4790,,,,15,3450,,,,11,22628,,,,10,25058,,,,30,18132,,,,28,31878,,,,8,31438,,,,,,,,,,,,,,,,,,,,,,,,,,,,,,,,,,,,,,,,,,,
173711,20-Feb-18,7:12:50,2018-02-20 07:12:50,G,1,3,746,385,0,6,-62.4356,-60.776,12:52.0,FastGPS,-62.4356,-60.776,,,8.1,-1,,,,15,15,16245,,,,10,26202,,,,13,26678,,,,28,12710,,,,24,16321,,,,17,7212,,,,,,,,,,,,,,,,,,,,,,,,,,,,,,,,,,,,,,,,,,,,,,,,
173711,20-Feb-18,7:45:25,2018-02-20 07:45:25,G,1,3,747,385,0,4,-62.47,-60.833,2/20/2018 11:37,R,-62.4536,-60.7808,,,0.3,-0.5,,,,15,15,31604,,,,10,4053,,,,13,29508,,,,24,15567,,,,,,,,,,,,,,,,,,,,,,,,,,,,,,,,,,,,,,,,,,,,,,,,,,,,,,,,,,
173711,20-Feb-18,9:17:48,2018-02-20 09:17:48,G,1,3,749,387,0,7,-62.468,-60.8422,17:51.5,FastGPS,-62.468,-60.8422,,,8,0.5,,,,15,12,2216,,,,15,10176,,,,6,873,,,,19,10538,,,,24,22990,,,,17,7754,,,,32,19078,,,,,,,,,,,,,,,,,,,,,,,,,,,,,,,,,,,,,,,,,,,
173711,20-Feb-18,9:48:02,2018-02-20 09:48:02,G,3,3,750,387,0,6,-62.4678,-60.842,48:05.0,FastGPS,-62.4678,-60.842,,,7,0,,,,15,12,27698,,,,24,7850,,,,32,17085,,,,6,27270,,,,19,2920,,,,14,19230,,,,,,,,,,,,,,,,,,,,,,,,,,,,,,,,,,,,,,,,,,,,,,,,
173711,20-Feb-18,11:05:57,2018-02-20 11:05:57,G,1,3,752,,0,9,-62.4717,-60.8385,06:00.0,FastGPS,-62.4717,-60.8385,,,6.2,0,,,,15,25,12022,,,,32,12813,,,,29,6023,,,,31,11315,,,,12,1190,,,,2,22744,,,,24,26074,,,,14,17544,,,,3,18531,,,,,,,,,,,,,,,,,,,,,,,,,,,,,,,,,
173711,20-Feb-18,13:24:58,2018-02-20 13:24:58,G,1,3,756,389,0,7,-62.4684,-60.8354,25:01.0,FastGPS,-62.4684,-60.8354,,1,11.8,0,,,,15,29,3804,,,,31,26034,,,,4,19639,,,,25,7266,,,,23,17316,,,,26,31347,,,,9,9197,,,,,,,,,,,,,,,,,,,,,,,,,,,,,,,,,,,,,,,,,,,
173711,20-Feb-18,13:56:34,2018-02-20 13:56:34,G,1,3,757,389,0,6,-62.4767,-60.8248,56:37.5,FastGPS,-62.4767,-60.8248,,1,1.4,0.5,,,,15,4,8014,,,,31,24541,,,,5,24482,,,,26,15656,,,,2,23020,,,,29,6950,,,,,,,,,,,,,,,,,,,,,,,,,,,,,,,,,,,,,,,,,,,,,,,,
173711,20-Feb-18,14:27:30,2018-02-20 14:27:30,G,1,3,758,389,0,5,-62.47,-60.8322,27:32.0,FastGPS,-62.47,-60.8322,,,4.7,-1,,,,15,5,1808,,,,21,23846,,,,20,14971,,,,29,18292,,,,31,31481,,,,,,,,,,,,,,,,,,,,,,,,,,,,,,,,,,,,,,,,,,,,,,,,,,,,,
173711,20-Feb-18,16:04:00,2018-02-20 16:04:00,G,2,3,761,,1,9,-62.4739,-60.7952,04:03.0,FastGPS,-62.4739,-60.7952,,,9.7,0,,,,15,7,8563,,,,27,13307,,,,29,7712,,,,15,9863,,,,20,1968,,,,10,12905,,,,26,17412,,,,16,15760,,,,5,9652,,,,,,,,,,,,,,,,,,,,,,,,,,,,,,,,,
173711,21-Feb-18,4:36:25,2018-02-21 04:36:25,G,1,3,775,,0,9,-62.4471,-60.9006,36:28.6,FastGPS,-62.4471,-60.9006,,,15.4,0.6,,,,15,21,30761,,,,7,32198,,,,8,15290,,,,30,15830,,,,27,7945,,,,20,23162,,,,13,30088,,,,28,19948,,,,16,11990,,,,,,,,,,,,,,,,,,,,,,,,,,,,,,,,,
173711,21-Feb-18,5:52:40,2018-02-21 05:52:40,G,1,3,777,396,0,8,-62.4245,-60.789,52:43.6,FastGPS,-62.4245,-60.789,,,14.2,0.6,,,,15,15,13309,,,,30,1034,,,,13,19208,,,,28,14680,,,,8,19744,,,,20,6986,,,,7,17382,,,,27,29518,,,,,,,,,,,,,,,,,,,,,,,,,,,,,,,,,,,,,,
173711,21-Feb-18,8:45:18,2018-02-21 08:45:18,G,2,3,778,397,0,6,-62.4261,-60.6945,45:21.1,FastGPS,-62.4261,-60.6945,,,6.6,0.1,,,,15,10,21297,,,,32,5560,,,,12,9710,,,,15,13139,,,,24,13988,,,,1,19994,,,,,,,,,,,,,,,,,,,,,,,,,,,,,,,,,,,,,,,,,,,,,,,,
173711,21-Feb-18,9:20:28,2018-02-21 09:20:28,G,1,3,779,397,0,6,-62.4504,-60.7143,20:31.5,FastGPS,-62.4504,-60.7143,,,4.4,0.5,,,,15,12,19858,,,,15,8326,,,,24,18711,,,,17,24110,,,,32,31891,,,,19,8522,,,,,,,,,,,,,,,,,,,,,,,,,,,,,,,,,,,,,,,,,,,,,,,,
173711,21-Feb-18,10:42:44,2018-02-21 10:42:44,G,3,3,780,,0,9,-62.4563,-60.7916,42:47.6,FastGPS,-62.4563,-60.7916,,,14.2,0.6,,,,15,12,27916,,,,2,10092,,,,25,14032,,,,24,31422,,,,32,15224,,,,6,25234,,,,29,8164,,,,14,13366,,,,19,13398,,,,,,,,,,,,,,,,,,,,,,,,,,,,,,,,,
173711,21-Feb-18,11:59:24,2018-02-21 11:59:24,G,2,3,781,403,0,4,-62.4632,-60.8181,31:04.6,FastGPS,-62.4627,-60.8174,,,0.2,0.1,,,,15,12,10169,,,,29,12562,,,,2,3904,,,,31,23616,,,,,,,,,,,,,,,,,,,,,,,,,,,,,,,,,,,,,,,,,,,,,,,,,,,,,,,,,,
173711,21-Feb-18,15:19:33,2018-02-21 15:19:33,G,3,3,784,409,0,6,-62.4737,-60.838,19:36.6,FastGPS,-62.4737,-60.838,,1,8.8,0.6,,,,15,29,25372,,,,21,27910,,,,20,31162,,,,16,8994,,,,26,11417,,,,4,4596,,,,,,,,,,,,,,,,,,,,,,,,,,,,,,,,,,,,,,,,,,,,,,,,
173711,21-Feb-18,16:19:07,2018-02-21 16:19:07,G,2,3,785,411,0,4,-62.4632,-60.8181,31:04.6,FastGPS,-62.4698,-60.8404,,,1.1,0.5,,,,15,15,11538,,,,20,22666,,,,13,19802,,,,16,19634,,,,,,,,,,,,,,,,,,,,,,,,,,,,,,,,,,,,,,,,,,,,,,,,,,,,,,,,,,
173711,21-Feb-18,17:20:02,2018-02-21 17:20:02,G,1,3,787,411,0,7,-62.4658,-60.8392,20:05.1,FastGPS,-62.4658,-60.8392,,,2.9,0.1,,,,15,27,28599,,,,26,8583,,,,10,142,,,,21,11066,,,,16,2354,,,,8,2622,,,,30,25722,,,,,,,,,,,,,,,,,,,,,,,,,,,,,,,,,,,,,,,,,,,
173711,21-Feb-18,17:50:06,2018-02-21 17:50:06,G,1,3,788,411,0,5,-62.48,-60.8431,50:09.5,FastGPS,-62.48,-60.8431,,,3.1,0.5,,,,15,15,27066,,,,21,6474,,,,10,10242,,,,13,23788,,,,27,930,,,,,,,,,,,,,,,,,,,,,,,,,,,,,,,,,,,,,,,,,,,,,,,,,,,,,
173711,21-Feb-18,19:38:07,2018-02-21 19:38:07,G,1,3,790,414,0,8,-62.4643,-60.8393,38:10.1,FastGPS,-62.4643,-60.8393,,,6.8,0.1,,,,15,10,23356,,,,32,12186,,,,8,32727,,,,27,16328,,,,14,31191,,,,11,26108,,,,22,11612,,,,24,21330,,,,,,,,,,,,,,,,,,,,,,,,,,,,,,,,,,,,,,
173711,21-Feb-18,20:09:28,2018-02-21 20:09:28,G,1,3,791,414,0,7,-62.4682,-60.84,09:31.6,FastGPS,-62.4682,-60.84,,,12.7,0.6,,,,15,10,18670,,,,24,31305,,,,32,7102,,,,11,18223,,,,1,6431,,,,28,12627,,,,22,15188,,,,,,,,,,,,,,,,,,,,,,,,,,,,,,,,,,,,,,,,,,,
173711,21-Feb-18,20:39:01,2018-02-21 20:39:01,G,1,3,792,,0,9,-62.4698,-60.8414,39:04.1,FastGPS,-62.4698,-60.8414,,,13.8,0.1,,,,15,32,16444,,,,10,25291,,,,14,10368,,,,11,4960,,,,8,7616,,,,24,27356,,,,3,4502,,,,22,24674,,,,1,13691,,,,,,,,,,,,,,,,,,,,,,,,,,,,,,,,,
173711,21-Feb-18,21:09:23,2018-02-21 21:09:23,G,1,3,793,414,0,6,-62.4675,-60.8442,09:26.1,FastGPS,-62.4675,-60.8442,,,7.9,0.1,,,,15,22,26137,,,,17,3064,,,,3,32016,,,,11,1864,,,,32,25053,,,,1,3736,,,,,,,,,,,,,,,,,,,,,,,,,,,,,,,,,,,,,,,,,,,,,,,,
173711,21-Feb-18,21:39:39,2018-02-21 21:39:39,G,1,3,794,,0,9,-62.4681,-60.8405,39:42.1,FastGPS,-62.4681,-60.8405,,,10.6,0.1,,,,15,17,9985,,,,31,16106,,,,1,19115,,,,14,6546,,,,19,9223,,,,32,23152,,,,12,5216,,,,3,7050,,,,11,26662,,,,,,,,,,,,,,,,,,,,,,,,,,,,,,,,,
173711,21-Feb-18,22:12:07,2018-02-21 22:12:07,G,1,3,795,,0,9,-62.4683,-60.8405,12:10.6,FastGPS,-62.4683,-60.8405,,,8.1,0.6,,,,15,17,7498,,,,31,9074,,,,1,28155,,,,3,1572,,,,19,4343,,,,22,822,,,,11,18731,,,,12,11788,,,,14,32118,,,,,,,,,,,,,,,,,,,,,,,,,,,,,,,,,
173711,21-Feb-18,23:01:05,2018-02-21 23:01:05,G,1,3,796,,0,9,-62.4682,-60.8395,01:08.1,FastGPS,-62.4682,-60.8395,,,11.6,0.1,,,,15,12,12946,,,,31,7712,,,,32,1324,,,,25,31474,,,,3,22280,,,,17,24846,,,,22,22108,,,,23,29566,,,,6,937,,,,,,,,,,,,,,,,,,,,,,,,,,,,,,,,,
173711,21-Feb-18,23:31:01,2018-02-21 23:31:01,G,2,3,797,415,0,4,-62.4629,-60.818,01:04.6,FastGPS,-62.4632,-60.8181,,,0.2,0.6,,,,15,31,20866,,,,3,18198,,,,23,13709,,,,22,23255,,,,,,,,,,,,,,,,,,,,,,,,,,,,,,,,,,,,,,,,,,,,,,,,,,,,,,,,,,
173711,22-Feb-18,0:01:01,2018-02-22 00:01:01,G,3,3,798,415,0,7,-62.4629,-60.818,01:04.6,FastGPS,-62.4629,-60.818,,1,8.3,0.6,,,,15,31,8304,,,,22,13522,,,,23,16125,,,,9,24671,,,,4,12910,,,,3,29728,,,,26,8400,,,,,,,,,,,,,,,,,,,,,,,,,,,,,,,,,,,,,,,,,,,
173711,22-Feb-18,1:01:11,2018-02-22 01:01:11,G,1,3,799,417,0,7,-62.4575,-60.8219,01:13.0,FastGPS,-62.4575,-60.8219,,1,9.4,-1,,,,15,29,13484,,,,4,19517,,,,2,22979,,,,31,30516,,,,26,1397,,,,23,24986,,,,6,30033,,,,,,,,,,,,,,,,,,,,,,,,,,,,,,,,,,,,,,,,,,,
173711,22-Feb-18,1:31:05,2018-02-22 01:31:05,G,1,3,800,417,0,6,-62.4615,-60.82,31:08.5,FastGPS,-62.4615,-60.82,,1,2.7,0.5,,,,15,2,1851,,,,4,31821,,,,29,14819,,,,26,10867,,,,6,26598,,,,9,28344,,,,,,,,,,,,,,,,,,,,,,,,,,,,,,,,,,,,,,,,,,,,,,,,
173711,22-Feb-18,2:31:00,2018-02-22 02:31:00,G,2,3,802,417,0,5,-62.466,-60.8675,31:02.1,FastGPS,-62.466,-60.8675,,,12.5,-0.9,,,,15,30,13477,,,,16,10352,,,,9,23415,,,,7,8734,,,,23,10386,,,,,,,,,,,,,,,,,,,,,,,,,,,,,,,,,,,,,,,,,,,,,,,,,,,,,
173711,22-Feb-18,4:48:16,2018-02-22 04:48:16,G,2,3,805,420,0,7,-62.4485,-60.7635,48:19.1,FastGPS,-62.4485,-60.7635,,,9.5,0.1,,,,15,7,13897,,,,28,24769,,,,20,15505,,,,27,27327,,,,13,11457,,,,15,2173,,,,5,13779,,,,,,,,,,,,,,,,,,,,,,,,,,,,,,,,,,,,,,,,,,,
173711,22-Feb-18,6:05:05,2018-02-22 06:05:05,G,2,3,806,423,0,6,-62.4547,-60.7618,05:08.1,FastGPS,-62.4547,-60.7618,,,11.8,0.1,,,,15,7,23894,,,,15,12147,,,,30,31462,,,,11,29906,,,,13,12561,,,,28,25245,,,,,,,,,,,,,,,,,,,,,,,,,,,,,,,,,,,,,,,,,,,,,,,,
173711,22-Feb-18,6:50:25,2018-02-22 06:50:25,G,3,3,807,424,0,6,-62.4592,-60.7798,50:28.1,FastGPS,-62.4592,-60.7798,,,9.5,0.1,,,,15,15,9499,,,,13,24085,,,,30,3965,,,,28,4188,,,,11,407,,,,17,5574,,,,,,,,,,,,,,,,,,,,,,,,,,,,,,,,,,,,,,,,,,,,,,,,
173711,22-Feb-18,7:35:01,2018-02-22 07:35:01,G,1,3,808,425,0,7,-62.456,-60.792,35:04.6,FastGPS,-62.456,-60.792,,,11.7,0.6,,,,15,17,11858,,,,15,12422,,,,13,15134,,,,19,2520,,,,28,9084,,,,10,13646,,,,24,18298,,,,,,,,,,,,,,,,,,,,,,,,,,,,,,,,,,,,,,,,,,,
173711,22-Feb-18,8:52:07,2018-02-22 08:52:07,G,1,3,809,428,0,5,-62.4605,-60.8105,52:09.1,FastGPS,-62.4605,-60.8105,,,1.4,-0.9,,,,15,17,750,,,,12,8862,,,,15,23904,,,,19,32222,,,,24,16590,,,,,,,,,,,,,,,,,,,,,,,,,,,,,,,,,,,,,,,,,,,,,,,,,,,,,
173711,22-Feb-18,9:37:04,2018-02-22 09:37:04,G,2,3,810,,0,9,-62.4737,-60.7959,37:07.1,FastGPS,-62.4737,-60.7959,,,10.2,0.1,,,,15,17,17501,,,,32,21515,,,,14,17630,,,,12,28825,,,,24,19367,,,,22,23336,,,,1,23030,,,,19,14116,,,,3,2758,,,,,,,,,,,,,,,,,,,,,,,,,,,,,,,,,
173711,22-Feb-18,10:07:00,2018-02-22 10:07:00,G,2,3,811,429,1,6,-62.4737,-60.7956,07:03.1,FastGPS,-62.4737,-60.7956,,,12.7,0.1,,,,15,22,7056,,,,32,10116,,,,25,29962,,,,12,27305,,,,24,30639,,,,3,762,,,,,,,,,,,,,,,,,,,,,,,,,,,,,,,,,,,,,,,,,,,,,,,,
173711,23-Feb-18,2:17:00,2018-02-23 02:17:00,G,2,3,812,430,0,7,-62.4669,-60.8099,17:03.6,FastGPS,-62.4669,-60.8099,,,6.7,0.6,,,,15,7,27078,,,,9,17329,,,,23,1984,,,,30,19235,,,,16,26042,,,,6,22454,,,,2,3891,,,,,,,,,,,,,,,,,,,,,,,,,,,,,,,,,,,,,,,,,,,
173711,23-Feb-18,2:47:46,2018-02-23 02:47:46,G,1,3,813,430,0,6,-62.4467,-60.8197,47:49.2,FastGPS,-62.4467,-60.8197,,,4.6,0.2,,,,15,23,30062,,,,7,8124,,,,16,9432,,,,26,19481,,,,9,3115,,,,30,12141,,,,,,,,,,,,,,,,,,,,,,,,,,,,,,,,,,,,,,,,,,,,,,,,
173711,23-Feb-18,5:04:01,2018-02-23 05:04:01,G,2,3,816,430,0,7,-62.3933,-60.6493,04:04.1,FastGPS,-62.3933,-60.6493,,,9.7,0.2,,,,15,28,15548,,,,5,26405,,,,15,21941,,,,7,15433,,,,13,5626,,,,30,19864,,,,20,9209,,,,,,,,,,,,,,,,,,,,,,,,,,,,,,,,,,,,,,,,,,,
173711,23-Feb-18,5:35:44,2018-02-23 05:35:44,G,2,3,817,430,0,6,-62.4141,-60.6856,35:47.7,FastGPS,-62.4141,-60.6856,,,3.6,0.7,,,,15,15,30924,,,,28,8816,,,,13,23154,,,,20,29360,,,,7,5454,,,,5,26844,,,,,,,,,,,,,,,,,,,,,,,,,,,,,,,,,,,,,,,,,,,,,,,,
173711,23-Feb-18,6:07:10,2018-02-23 06:07:10,G,2,3,818,430,0,7,-62.4183,-60.7089,07:13.6,FastGPS,-62.4183,-60.7089,,,7.8,0.6,,,,15,30,20182,,,,7,4701,,,,28,8315,,,,15,4050,,,,13,22408,,,,20,26666,,,,11,22050,,,,,,,,,,,,,,,,,,,,,,,,,,,,,,,,,,,,,,,,,,,
173711,23-Feb-18,6:53:24,2018-02-23 06:53:24,G,2,3,819,431,0,5,-62.4467,-60.75,53:27.1,FastGPS,-62.4467,-60.75,,,13.3,0.1,,,,15,15,27796,,,,20,9432,,,,13,24032,,,,24,572,,,,28,7456,,,,,,,,,,,,,,,,,,,,,,,,,,,,,,,,,,,,,,,,,,,,,,,,,,,,,
173711,23-Feb-18,7:23:30,2018-02-23 07:23:30,G,2,3,820,431,0,5,-62.4581,-60.7815,23:33.7,FastGPS,-62.4581,-60.7815,,,9.1,0.7,,,,15,19,28915,,,,13,32509,,,,17,9554,,,,15,12954,,,,28,25248,,,,,,,,,,,,,,,,,,,,,,,,,,,,,,,,,,,,,,,,,,,,,,,,,,,,,
173711,23-Feb-18,8:28:28,2018-02-23 08:28:28,G,1,3,821,433,0,5,-62.464,-60.8373,28:31.2,FastGPS,-62.464,-60.8373,,,1,0.2,,,,15,12,29726,,,,15,2014,,,,24,21964,,,,10,32396,,,,17,3592,,,,,,,,,,,,,,,,,,,,,,,,,,,,,,,,,,,,,,,,,,,,,,,,,,,,,
173711,23-Feb-18,12:31:35,2018-02-23 12:31:35,G,1,3,826,437,0,8,-62.4585,-60.779,31:38.6,FastGPS,-62.4585,-60.779,,1,6.3,0.6,,,,15,29,15439,,,,31,13880,,,,23,17348,,,,4,8899,,,,25,25367,,,,2,21376,,,,26,27512,,,,12,27062,,,,,,,,,,,,,,,,,,,,,,,,,,,,,,,,,,,,,,
173711,23-Feb-18,13:02:02,2018-02-23 13:02:02,G,2,3,827,437,0,8,-62.4583,-60.7974,02:05.2,FastGPS,-62.4583,-60.7974,,1,7.1,0.2,,,,15,29,12449,,,,31,23604,,,,4,2718,,,,12,9597,,,,23,9086,,,,25,19318,,,,5,3632,,,,2,16021,,,,,,,,,,,,,,,,,,,,,,,,,,,,,,,,,,,,,,
173711,23-Feb-18,15:12:13,2018-02-23 15:12:13,G,1,3,830,439,0,7,-62.4643,-60.8395,12:16.6,FastGPS,-62.4643,-60.8395,,,11.9,0.6,,,,15,29,23189,,,,5,25602,,,,20,32722,,,,26,11090,,,,16,11706,,,,7,2923,,,,21,29980,,,,,,,,,,,,,,,,,,,,,,,,,,,,,,,,,,,,,,,,,,,
173711,23-Feb-18,15:44:43,2018-02-23 15:44:43,G,2,3,831,439,0,6,-62.4666,-60.842,44:46.7,FastGPS,-62.4666,-60.842,,1,2.4,0.7,,,,15,4,18589,,,,26,25040,,,,16,1263,,,,27,7494,,,,21,18924,,,,20,26152,,,,,,,,,,,,,,,,,,,,,,,,,,,,,,,,,,,,,,,,,,,,,,,,
173711,23-Feb-18,17:03:08,2018-02-23 17:03:08,G,1,3,833,,0,9,-62.459,-60.8218,03:11.2,FastGPS,-62.459,-60.8218,,,5.6,0.2,,,,15,15,12510,,,,10,9981,,,,21,17659,,,,20,18529,,,,13,10642,,,,8,7936,,,,27,24321,,,,16,7382,,,,26,26281,,,,,,,,,,,,,,,,,,,,,,,,,,,,,,,,,
173711,23-Feb-18,18:04:09,2018-02-23 18:04:09,G,3,3,835,440,0,4,-62.4817,-60.8222,54:07.7,FastGPS,-62.4667,-60.8342,,,0.2,0.1,,,,15,10,25982,,,,8,31366,,,,32,32683,,,,27,26324,,,,,,,,,,,,,,,,,,,,,,,,,,,,,,,,,,,,,,,,,,,,,,,,,,,,,,,,,,
173711,23-Feb-18,19:35:04,2018-02-23 19:35:04,G,1,3,836,444,0,7,-62.4759,-60.8262,35:07.6,FastGPS,-62.4759,-60.8262,,,6,0.7,,,,15,27,4723,,,,10,21826,,,,14,513,,,,32,5589,,,,8,783,,,,22,15614,,,,24,6564,,,,,,,,,,,,,,,,,,,,,,,,,,,,,,,,,,,,,,,,,,,
173711,23-Feb-18,20:20:03,2018-02-23 20:20:03,G,1,3,837,445,0,7,-62.4752,-60.8312,20:06.7,FastGPS,-62.4752,-60.8312,,,13.2,0.7,,,,15,22,20090,,,,8,23773,,,,3,26897,,,,11,470,,,,28,23786,,,,1,21982,,,,17,9186,,,,,,,,,,,,,,,,,,,,,,,,,,,,,,,,,,,,,,,,,,,
173711,23-Feb-18,22:54:08,2018-02-23 22:54:08,G,1,3,841,,0,9,-62.4816,-60.8223,54:11.2,FastGPS,-62.4816,-60.8223,,,11,0.2,,,,15,17,17531,,,,19,3696,,,,31,4726,,,,12,7548,,,,22,15242,,,,32,24120,,,,23,30990,,,,3,18494,,,,25,29113,,,,,,,,,,,,,,,,,,,,,,,,,,,,,,,,,
173711,23-Feb-18,23:54:04,2018-02-23 23:54:04,G,3,3,843,,0,9,-62.4817,-60.8222,54:07.7,FastGPS,-62.4817,-60.8222,,,9.1,0.7,,,,15,6,15568,,,,9,2610,,,,17,30111,,,,23,24178,,,,22,13383,,,,19,8155,,,,1,23602,,,,31,11100,,,,2,18124,,,,,,,,,,,,,,,,,,,,,,,,,,,,,,,,,
173711,24-Feb-18,0:39:43,2018-02-24 00:39:43,G,2,3,844,448,0,7,-62.4836,-60.8321,39:45.2,FastGPS,-62.4836,-60.8321,,1,5.2,-0.8,,,,15,22,8828,,,,9,970,,,,3,21482,,,,23,19628,,,,6,23768,,,,4,24974,,,,26,26628,,,,,,,,,,,,,,,,,,,,,,,,,,,,,,,,,,,,,,,,,,,
173711,24-Feb-18,1:41:52,2018-02-24 01:41:52,G,2,3,845,450,0,6,-62.487,-60.8361,41:55.7,FastGPS,-62.487,-60.8361,,,13.9,0.7,,,,15,7,10572,,,,6,17133,,,,2,5562,,,,29,4082,,,,5,17612,,,,9,27298,,,,,,,,,,,,,,,,,,,,,,,,,,,,,,,,,,,,,,,,,,,,,,,,
173711,24-Feb-18,2:42:01,2018-02-24 02:42:01,G,2,3,846,452,0,8,-62.5053,-60.8455,42:03.2,FastGPS,-62.5053,-60.8455,,1,2.4,-0.8,,,,15,5,5314,,,,30,1546,,,,7,844,,,,2,29620,,,,23,652,,,,29,25540,,,,4,18412,,,,16,7960,,,,,,,,,,,,,,,,,,,,,,,,,,,,,,,,,,,,,,
173711,24-Feb-18,4:17:19,2018-02-24 04:17:19,G,1,3,849,452,0,6,-62.5524,-60.8733,17:22.2,FastGPS,-62.5524,-60.8733,,,8.9,0.2,,,,15,5,11016,,,,13,19238,,,,28,30646,,,,7,29799,,,,20,19794,,,,30,27880,,,,,,,,,,,,,,,,,,,,,,,,,,,,,,,,,,,,,,,,,,,,,,,,
173711,24-Feb-18,4:48:25,2018-02-24 04:48:25,G,3,3,850,452,0,8,-62.5653,-60.8878,48:28.2,FastGPS,-62.5653,-60.8878,,,6.4,0.2,,,,15,15,12916,,,,13,11860,,,,5,31679,,,,28,2366,,,,7,26189,,,,20,2906,,,,21,20185,,,,30,4441,,,,,,,,,,,,,,,,,,,,,,,,,,,,,,,,,,,,,,
173711,24-Feb-18,5:18:04,2018-02-24 05:18:04,G,1,3,851,,0,9,-62.5738,-60.9026,18:07.7,FastGPS,-62.5738,-60.9026,,,10.3,0.7,,,,15,15,2496,,,,7,14829,,,,30,24976,,,,20,22626,,,,13,20324,,,,5,651,,,,8,31328,,,,21,28299,,,,27,1820,,,,,,,,,,,,,,,,,,,,,,,,,,,,,,,,,
173711,24-Feb-18,5:49:22,2018-02-24 05:49:22,G,2,3,852,452,0,7,-62.5815,-60.9032,49:24.7,FastGPS,-62.5815,-60.9032,,,11.3,-0.3,,,,15,15,2379,,,,20,21707,,,,8,3030,,,,7,2579,,,,13,19872,,,,21,14179,,,,5,26964,,,,,,,,,,,,,,,,,,,,,,,,,,,,,,,,,,,,,,,,,,,
173711,24-Feb-18,6:34:06,2018-02-24 06:34:06,G,3,3,853,453,0,4,-62.5053,-60.8455,42:03.2,FastGPS,-62.5855,-60.8738,,,1.3,-0.3,,,,15,17,8178,,,,30,16754,,,,11,1761,,,,13,15859,,,,,,,,,,,,,,,,,,,,,,,,,,,,,,,,,,,,,,,,,,,,,,,,,,,,,,,,,,
173711,24-Feb-18,7:04:01,2018-02-24 07:04:01,G,3,3,854,453,0,5,-62.5863,-60.8739,04:03.6,FastGPS,-62.5863,-60.8739,,,4.4,-0.3,,,,15,15,14870,,,,13,5169,,,,28,27588,,,,17,3874,,,,24,14515,,,,,,,,,,,,,,,,,,,,,,,,,,,,,,,,,,,,,,,,,,,,,,,,,,,,,
173711,24-Feb-18,7:36:04,2018-02-24 07:36:04,G,1,3,855,453,0,7,-62.5872,-60.8853,36:06.7,FastGPS,-62.5872,-60.8853,,,9.3,-0.3,,,,15,15,26882,,,,17,4116,,,,13,8914,,,,19,1411,,,,24,14984,,,,10,14164,,,,28,5436,,,,,,,,,,,,,,,,,,,,,,,,,,,,,,,,,,,,,,,,,,,
173711,24-Feb-18,8:36:16,2018-02-24 08:36:16,G,1,3,857,453,0,7,-62.5863,-60.892,36:18.7,FastGPS,-62.5863,-60.892,,,8.4,-0.3,,,,15,15,7509,,,,12,31119,,,,17,23450,,,,1,25770,,,,19,6475,,,,24,26860,,,,28,24921,,,,,,,,,,,,,,,,,,,,,,,,,,,,,,,,,,,,,,,,,,,
173711,24-Feb-18,9:53:36,2018-02-24 09:53:36,G,1,3,858,456,0,6,-62.5583,-60.8676,53:38.2,FastGPS,-62.5583,-60.8676,,,3.5,-0.8,,,,15,17,9752,,,,12,31620,,,,6,24332,,,,24,22777,,,,19,25126,,,,2,14172,,,,,,,,,,,,,,,,,,,,,,,,,,,,,,,,,,,,,,,,,,,,,,,,
173711,24-Feb-18,10:24:25,2018-02-24 10:24:25,G,1,3,859,,0,9,-62.5477,-60.8553,24:28.2,FastGPS,-62.5477,-60.8553,,,12.3,0.2,,,,15,17,13911,,,,19,21773,,,,12,13318,,,,6,5301,,,,24,8102,,,,2,4631,,,,3,12972,,,,22,8130,,,,25,15324,,,,,,,,,,,,,,,,,,,,,,,,,,,,,,,,,
173711,24-Feb-18,10:55:29,2018-02-24 10:55:29,G,1,3,860,,0,9,-62.5344,-60.8594,55:32.2,FastGPS,-62.5344,-60.8594,,,14.4,0.2,,,,15,29,17642,,,,12,17174,,,,25,13944,,,,6,30704,,,,2,27971,,,,24,18652,,,,17,25575,,,,32,16052,,,,19,14003,,,,,,,,,,,,,,,,,,,,,,,,,,,,,,,,,
173711,24-Feb-18,11:57:05,2018-02-24 11:57:05,G,3,3,862,456,0,6,-62.4966,-60.8376,57:08.2,FastGPS,-62.4966,-60.8376,,,0.9,0.2,,,,15,12,30667,,,,31,32135,,,,25,2052,,,,2,20464,,,,29,28364,,,,6,17774,,,,,,,,,,,,,,,,,,,,,,,,,,,,,,,,,,,,,,,,,,,,,,,,
173711,24-Feb-18,12:27:04,2018-02-24 12:27:04,G,2,3,863,456,0,8,-62.4795,-60.8148,27:07.2,FastGPS,-62.4795,-60.8148,,,16.4,0.2,,,,15,12,20022,,,,2,13832,,,,29,5955,,,,5,5694,,,,23,8892,,,,6,32128,,,,31,5467,,,,25,17378,,,,,,,,,,,,,,,,,,,,,,,,,,,,,,,,,,,,,,
173711,24-Feb-18,20:35:16,2018-02-24 20:35:16,G,1,3,868,,0,9,-62.4799,-60.8084,35:19.2,FastGPS,-62.4799,-60.8084,,,9.2,0.2,,,,15,32,32471,,,,10,8029,,,,22,8858,,,,1,18072,,,,14,15859,,,,11,25660,,,,8,21764,,,,3,28193,,,,28,7269,,,,,,,,,,,,,,,,,,,,,,,,,,,,,,,,,
173711,24-Feb-18,21:51:13,2018-02-24 21:51:13,G,1,3,870,458,0,7,-62.4771,-60.8128,51:16.2,FastGPS,-62.4771,-60.8128,,,14.4,0.2,,,,15,31,21292,,,,17,14052,,,,1,15505,,,,3,22932,,,,23,1506,,,,22,4150,,,,11,18196,,,,,,,,,,,,,,,,,,,,,,,,,,,,,,,,,,,,,,,,,,,
173711,25-Feb-18,0:09:58,2018-02-25 00:09:58,G,4,3,874,459,0,6,-62.4828,-60.8201,10:01.7,FastGPS,-62.4828,-60.8201,,1,9,0.7,,,,15,31,25682,,,,6,15109,,,,9,15589,,,,4,12231,,,,2,146,,,,23,16791,,,,,,,,,,,,,,,,,,,,,,,,,,,,,,,,,,,,,,,,,,,,,,,,
173711,25-Feb-18,0:40:00,2018-02-25 00:40:00,G,3,3,875,,0,9,-62.484,-60.821,40:02.2,FastGPS,-62.484,-60.821,,1,9,-0.8,,,,15,23,21411,,,,3,8410,,,,9,17648,,,,4,1465,,,,6,26118,,,,26,7414,,,,31,22358,,,,16,5930,,,,22,24377,,,,,,,,,,,,,,,,,,,,,,,,,,,,,,,,,
173711,25-Feb-18,1:25:11,2018-02-25 01:25:11,G,4,3,876,460,0,6,-62.4848,-60.8325,25:14.7,FastGPS,-62.4848,-60.8325,,1,4.4,0.7,,,,15,2,3586,,,,29,22395,,,,9,6012,,,,6,11910,,,,4,27712,,,,7,7529,,,,,,,,,,,,,,,,,,,,,,,,,,,,,,,,,,,,,,,,,,,,,,,,
173711,25-Feb-18,1:55:01,2018-02-25 01:55:01,G,3,3,877,460,0,8,-62.4897,-60.8546,55:03.7,FastGPS,-62.4897,-60.8546,,,12.6,-0.3,,,,15,7,9901,,,,5,20152,,,,23,20538,,,,9,24070,,,,30,20666,,,,29,21300,,,,6,13426,,,,16,15596,,,,,,,,,,,,,,,,,,,,,,,,,,,,,,,,,,,,,,
173711,25-Feb-18,6:49:46,2018-02-25 06:49:46,G,4,3,878,461,0,6,-62.5401,-60.9664,49:48.2,FastGPS,-62.5401,-60.9664,,,7.3,-0.8,,,,15,17,19289,,,,30,13976,,,,28,11810,,,,11,5061,,,,15,10430,,,,13,26542,,,,,,,,,,,,,,,,,,,,,,,,,,,,,,,,,,,,,,,,,,,,,,,,
173711,25-Feb-18,7:51:44,2018-02-25 07:51:44,G,3,3,879,462,0,4,-62.5257,-60.8827,26:19.7,FastGPS,-62.5405,-60.8932,,,0.5,-0.3,,,,15,17,17594,,,,10,32372,,,,11,14442,,,,1,27372,,,,,,,,,,,,,,,,,,,,,,,,,,,,,,,,,,,,,,,,,,,,,,,,,,,,,,,,,,
173711,25-Feb-18,8:24:01,2018-02-25 08:24:01,G,3,3,880,462,0,5,-62.5279,-60.8723,24:03.7,FastGPS,-62.5279,-60.8723,,,15.6,-0.3,,,,15,17,32405,,,,12,7396,,,,28,8902,,,,13,14005,,,,15,15428,,,,,,,,,,,,,,,,,,,,,,,,,,,,,,,,,,,,,,,,,,,,,,,,,,,,,
173711,25-Feb-18,8:54:00,2018-02-25 08:54:00,G,2,3,881,462,0,6,-62.5245,-60.8788,54:02.7,FastGPS,-62.5245,-60.8788,,,10.7,-0.3,,,,15,12,15936,,,,17,6229,,,,24,14003,,,,32,2967,,,,1,24795,,,,19,601,,,,,,,,,,,,,,,,,,,,,,,,,,,,,,,,,,,,,,,,,,,,,,,,
173711,25-Feb-18,9:26:17,2018-02-25 09:26:17,G,3,3,882,462,0,4,-62.472,-60.803,2/26/2018 2:34,P,-62.5257,-60.8827,,,0.4,-0.3,,,,15,12,15685,,,,6,13952,,,,24,32703,,,,19,28027,,,,,,,,,,,,,,,,,,,,,,,,,,,,,,,,,,,,,,,,,,,,,,,,,,,,,,,,,,
173711,25-Feb-18,9:59:37,2018-02-25 09:59:37,G,3,3,883,462,0,7,-62.509,-60.8714,59:39.1,FastGPS,-62.509,-60.8714,,,16.3,-0.9,,,,15,2,3378,,,,17,5625,,,,19,8185,,,,6,24330,,,,12,20170,,,,25,1433,,,,32,27689,,,,,,,,,,,,,,,,,,,,,,,,,,,,,,,,,,,,,,,,,,,
173711,25-Feb-18,10:32:29,2018-02-25 10:32:29,G,1,3,884,462,0,8,-62.5044,-60.8615,32:31.2,FastGPS,-62.5044,-60.8615,,,9.3,-0.8,,,,15,17,2593,,,,12,508,,,,19,29786,,,,2,4889,,,,6,2364,,,,24,11217,,,,3,26254,,,,32,8007,,,,,,,,,,,,,,,,,,,,,,,,,,,,,,,,,,,,,,
173711,25-Feb-18,11:02:49,2018-02-25 11:02:49,G,1,3,885,462,0,8,-62.496,-60.8378,02:51.7,FastGPS,-62.496,-60.8378,,,5.9,-0.3,,,,15,12,31061,,,,2,19516,,,,25,31930,,,,29,26750,,,,32,4654,,,,14,8587,,,,31,30332,,,,24,23366,,,,,,,,,,,,,,,,,,,,,,,,,,,,,,,,,,,,,,
173711,25-Feb-18,14:35:00,2018-02-25 14:35:00,G,2,3,891,464,1,4,-62.4633,-60.8203,13:47.8,FastGPS,,,,,,,,,,15,21,734,,,,4,1752,,,,26,9989,,,,16,20778,,,,,,,,,,,,,,,,,,,,,,,,,,,,,,,,,,,,,,,,,,,,,,,,,,,,,,,,,,
173711,25-Feb-18,15:50:00,2018-02-25 15:50:00,G,1,3,893,465,1,4,-62.4633,-60.8203,13:47.8,FastGPS,,,,,,,,,,15,16,9364,,,,26,22723,,,,4,5722,,,,7,7682,,,,,,,,,,,,,,,,,,,,,,,,,,,,,,,,,,,,,,,,,,,,,,,,,,,,,,,,,,
173711,25-Feb-18,16:20:00,2018-02-25 16:20:00,G,1,3,894,465,1,8,-62.4678,-60.8007,20:03.2,FastGPS,-62.4678,-60.8007,,,9.3,0.2,,,,15,21,17852,,,,7,31749,,,,16,4149,,,,26,30075,,,,27,18322,,,,30,21849,,,,8,28028,,,,20,29831,,,,,,,,,,,,,,,,,,,,,,,,,,,,,,,,,,,,,,
173711,26-Feb-18,3:13:44,2018-02-26 03:13:44,G,1,3,895,466,0,5,-62.4633,-60.8203,13:47.8,FastGPS,-62.4633,-60.8203,,,0.5,0.8,,,,15,30,6416,,,,7,20996,,,,9,2418,,,,2,25322,,,,5,3890,,,,,,,,,,,,,,,,,,,,,,,,,,,,,,,,,,,,,,,,,,,,,,,,,,,,,
173711,26-Feb-18,4:04:04,2018-02-26 04:04:04,G,1,3,896,467,0,5,-62.4741,-60.8821,04:07.7,FastGPS,-62.4741,-60.8821,,,8.6,0.7,,,,15,5,6959,,,,30,15324,,,,7,30523,,,,28,27772,,,,20,27165,,,,,,,,,,,,,,,,,,,,,,,,,,,,,,,,,,,,,,,,,,,,,,,,,,,,,
173711,26-Feb-18,4:36:46,2018-02-26 04:36:46,G,1,3,897,467,0,6,-62.4647,-60.9002,36:49.3,FastGPS,-62.4647,-60.9002,,,10.3,0.3,,,,15,7,9612,,,,5,13440,,,,8,1258,,,,27,1067,,,,28,25347,,,,9,9794,,,,,,,,,,,,,,,,,,,,,,,,,,,,,,,,,,,,,,,,,,,,,,,,
173711,26-Feb-18,5:34:47,2018-02-26 05:34:47,G,1,3,898,468,0,5,-62.4463,-60.8626,34:50.8,FastGPS,-62.4463,-60.8626,,,5.5,0.8,,,,15,7,19929,,,,8,31696,,,,27,2284,,,,30,8778,,,,28,1065,,,,,,,,,,,,,,,,,,,,,,,,,,,,,,,,,,,,,,,,,,,,,,,,,,,,,
173711,26-Feb-18,6:21:00,2018-02-26 06:21:00,G,1,3,899,469,0,7,-62.4539,-60.8365,21:03.8,FastGPS,-62.4539,-60.8365,,,5.6,0.8,,,,15,30,21464,,,,15,23207,,,,28,11942,,,,13,6630,,,,11,10058,,,,17,707,,,,20,25642,,,,,,,,,,,,,,,,,,,,,,,,,,,,,,,,,,,,,,,,,,,
173711,26-Feb-18,7:06:09,2018-02-26 07:06:09,G,3,3,900,470,0,5,-62.4667,-60.846,06:12.2,FastGPS,-62.4667,-60.846,,,13,0.3,,,,15,15,6454,,,,10,17516,,,,13,4902,,,,24,18519,,,,17,10588,,,,,,,,,,,,,,,,,,,,,,,,,,,,,,,,,,,,,,,,,,,,,,,,,,,,,
173711,26-Feb-18,8:08:02,2018-02-26 08:08:02,G,2,3,902,470,0,5,-62.4853,-60.8219,08:05.3,FastGPS,-62.4853,-60.8219,,,3.2,0.3,,,,15,17,4176,,,,10,23021,,,,1,23913,,,,28,12607,,,,24,12006,,,,,,,,,,,,,,,,,,,,,,,,,,,,,,,,,,,,,,,,,,,,,,,,,,,,,
173711,26-Feb-18,10:45:06,2018-02-26 10:45:06,G,1,3,907,470,0,8,-62.4604,-60.8036,45:09.7,FastGPS,-62.4604,-60.8036,,,6.3,0.7,,,,15,19,12851,,,,2,11652,,,,32,11948,,,,25,30826,,,,31,5340,,,,3,23003,,,,12,8760,,,,24,19190,,,,,,,,,,,,,,,,,,,,,,,,,,,,,,,,,,,,,,
173711,26-Feb-18,11:34:52,2018-02-26 11:34:52,G,2,3,908,471,0,7,-62.4568,-60.7856,34:55.3,FastGPS,-62.4568,-60.7856,,,7.3,0.3,,,,15,31,16990,,,,29,662,,,,25,14690,,,,12,24252,,,,6,12728,,,,2,6030,,,,19,22542,,,,,,,,,,,,,,,,,,,,,,,,,,,,,,,,,,,,,,,,,,,
173711,26-Feb-18,13:22:00,2018-02-26 13:22:00,G,1,3,911,472,1,7,-62.4737,-60.7955,22:03.3,FastGPS,-62.4737,-60.7955,,1,5.6,0.3,,,,15,12,14800,,,,31,26981,,,,20,3638,,,,25,17758,,,,21,5189,,,,4,26338,,,,29,19852,,,,,,,,,,,,,,,,,,,,,,,,,,,,,,,,,,,,,,,,,,,
173711,27-Feb-18,12:10:04,2018-02-27 12:10:04,G,2,3,917,474,0,4,-62.4735,-60.7961,10:03.3,FastGPS,-62.5111,-60.8474,,,0.4,0.3,,,,15,2,21978,,,,12,4096,,,,31,1242,,,,29,26634,,,,,,,,,,,,,,,,,,,,,,,,,,,,,,,,,,,,,,,,,,,,,,,,,,,,,,,,,,
173711,27-Feb-18,13:10:29,2018-02-27 13:10:29,G,2,3,918,476,0,5,-62.4829,-60.8209,10:32.3,FastGPS,-62.4829,-60.8209,,,4.4,0.3,,,,15,5,8247,,,,29,28961,,,,12,26403,,,,2,21010,,,,25,18424,,,,,,,,,,,,,,,,,,,,,,,,,,,,,,,,,,,,,,,,,,,,,,,,,,,,,
173711,27-Feb-18,13:40:00,2018-02-27 13:40:00,G,2,3,919,476,0,7,-62.4735,-60.7959,40:03.3,FastGPS,-62.4735,-60.7959,,,10.3,0.3,,,,15,2,23888,,,,5,380,,,,29,22595,,,,25,16776,,,,16,14053,,,,26,12094,,,,21,4810,,,,,,,,,,,,,,,,,,,,,,,,,,,,,,,,,,,,,,,,,,,
173711,27-Feb-18,14:10:00,2018-02-27 14:10:00,G,1,3,920,476,1,4,-62.4735,-60.7961,10:03.3,FastGPS,,,,,,,,,,15,5,10202,,,,4,21037,,,,16,9639,,,,26,10207,,,,,,,,,,,,,,,,,,,,,,,,,,,,,,,,,,,,,,,,,,,,,,,,,,,,,,,,,,
173711,27-Feb-18,15:10:00,2018-02-27 15:10:00,G,1,3,922,476,1,5,-62.4735,-60.7961,10:03.3,FastGPS,-62.4735,-60.7961,,,4.4,0.3,,,,15,29,20726,,,,20,746,,,,5,2523,,,,27,9338,,,,13,27676,,,,,,,,,,,,,,,,,,,,,,,,,,,,,,,,,,,,,,,,,,,,,,,,,,,,,
173711,27-Feb-18,21:18:01,2018-02-27 21:18:01,G,2,3,929,478,0,8,-62.467,-60.8425,18:04.8,FastGPS,-62.467,-60.8425,,,6.7,0.8,,,,15,17,7093,,,,1,12054,,,,3,12330,,,,11,15104,,,,32,7646,,,,14,31482,,,,19,11682,,,,22,27034,,,,,,,,,,,,,,,,,,,,,,,,,,,,,,,,,,,,,,
173711,27-Feb-18,21:49:01,2018-02-27 21:49:01,G,1,3,930,,0,9,-62.4673,-60.8449,49:04.3,FastGPS,-62.4673,-60.8449,,,6.4,0.3,,,,15,17,30799,,,,11,6499,,,,3,30268,,,,1,16901,,,,22,25004,,,,19,30680,,,,31,5067,,,,23,5541,,,,12,4754,,,,,,,,,,,,,,,,,,,,,,,,,,,,,,,,,
173711,28-Feb-18,9:52:30,2018-02-28 09:52:30,G,1,3,939,480,0,8,-62.5303,-60.8724,52:33.3,FastGPS,-62.5303,-60.8724,,,9.7,0.3,,,,15,17,32342,,,,2,9684,,,,6,19126,,,,22,2778,,,,3,14352,,,,12,9281,,,,19,10856,,,,24,2972,,,,,,,,,,,,,,,,,,,,,,,,,,,,,,,,,,,,,,
173711,28-Feb-18,15:17:21,2018-02-28 15:17:21,G,1,3,947,484,0,6,-62.4681,-60.8413,17:24.8,FastGPS,-62.4681,-60.8413,,,7.8,0.8,,,,15,29,7042,,,,5,30026,,,,7,20388,,,,15,28325,,,,21,26068,,,,20,6874,,,,,,,,,,,,,,,,,,,,,,,,,,,,,,,,,,,,,,,,,,,,,,,,
173711,28-Feb-18,16:04:16,2018-02-28 16:04:16,G,1,3,948,,0,9,-62.4678,-60.8413,04:19.3,FastGPS,-62.4678,-60.8413,,,17.2,0.4,,,,15,7,2066,,,,16,10631,,,,21,25070,,,,20,6292,,,,27,9268,,,,10,21308,,,,26,12561,,,,13,13200,,,,8,12200,,,,,,,,,,,,,,,,,,,,,,,,,,,,,,,,,
173711,28-Feb-18,16:37:50,2018-02-28 16:37:50,G,1,3,949,485,0,5,-62.4676,-60.8429,37:53.4,FastGPS,-62.4676,-60.8429,,,6.2,0.4,,,,15,10,18596,,,,16,16284,,,,7,7778,,,,8,12820,,,,27,10159,,,,,,,,,,,,,,,,,,,,,,,,,,,,,,,,,,,,,,,,,,,,,,,,,,,,,
173711,28-Feb-18,18:30:49,2018-02-28 18:30:49,G,1,3,951,488,0,7,-62.4679,-60.8413,30:52.4,FastGPS,-62.4679,-60.8413,,,9,0.4,,,,15,15,27838,,,,28,11202,,,,10,21757,,,,11,1626,,,,8,4828,,,,1,30900,,,,27,2304,,,,,,,,,,,,,,,,,,,,,,,,,,,,,,,,,,,,,,,,,,,
173711,28-Feb-18,20:34:04,2018-02-28 20:34:04,G,1,3,954,490,0,7,-62.4731,-60.8365,34:07.9,FastGPS,-62.4731,-60.8365,,,10.4,0.9,,,,15,32,29048,,,,14,20174,,,,10,17616,,,,1,22454,,,,31,17636,,,,22,3750,,,,11,717,,,,,,,,,,,,,,,,,,,,,,,,,,,,,,,,,,,,,,,,,,,
173711,28-Feb-18,21:21:03,2018-02-28 21:21:03,G,2,3,955,491,0,8,-62.468,-60.8417,21:06.4,FastGPS,-62.468,-60.8417,,,7.7,0.4,,,,15,32,26245,,,,11,7838,,,,31,24951,,,,1,16477,,,,14,36,,,,12,31604,,,,3,8638,,,,22,11916,,,,,,,,,,,,,,,,,,,,,,,,,,,,,,,,,,,,,,
173711,28-Feb-18,21:51:02,2018-02-28 21:51:02,G,1,3,956,491,0,7,-62.4696,-60.8405,51:04.4,FastGPS,-62.4696,-60.8405,,,12.5,-0.6,,,,15,12,1330,,,,17,18006,,,,19,31640,,,,23,26372,,,,31,12948,,,,32,2102,,,,14,29207,,,,,,,,,,,,,,,,,,,,,,,,,,,,,,,,,,,,,,,,,,,
173711,1-Mar-18,1:00:12,2018-03-01 01:00:12,G,1,3,960,495,0,8,-62.4567,-60.8144,00:15.8,FastGPS,-62.4567,-60.8144,,1,13.2,0.9,,,,15,16,22271,,,,29,4901,,,,4,26471,,,,23,20528,,,,6,24294,,,,9,18274,,,,2,27002,,,,26,3276,,,,,,,,,,,,,,,,,,,,,,,,,,,,,,,,,,,,,,
173711,1-Mar-18,1:45:08,2018-03-01 01:45:08,G,3,3,961,,0,9,-62.4483,-60.7812,45:11.4,FastGPS,-62.4483,-60.7812,,1,6.5,0.4,,,,15,5,6699,,,,29,6360,,,,16,14679,,,,26,30529,,,,23,21340,,,,2,15725,,,,7,27172,,,,9,15097,,,,4,14882,,,,,,,,,,,,,,,,,,,,,,,,,,,,,,,,,
173711,1-Mar-18,2:27:37,2018-03-01 02:27:37,G,3,3,962,496,0,7,-62.4417,-60.7505,27:39.4,FastGPS,-62.4417,-60.7505,,1,4.6,-0.6,,,,15,5,7670,,,,7,30581,,,,30,7834,,,,2,22877,,,,9,8310,,,,29,24294,,,,4,10868,,,,,,,,,,,,,,,,,,,,,,,,,,,,,,,,,,,,,,,,,,,
173711,1-Mar-18,3:39:44,2018-03-01 03:39:44,G,3,3,963,496,0,8,-62.4402,-60.7121,39:46.8,FastGPS,-62.4402,-60.7121,,,4.2,-0.1,,,,15,5,25054,,,,7,29649,,,,13,16899,,,,30,14472,,,,16,27739,,,,20,30874,,,,21,21144,,,,27,8255,,,,,,,,,,,,,,,,,,,,,,,,,,,,,,,,,,,,,,
173711,1-Mar-18,4:12:09,2018-03-01 04:12:09,G,2,3,964,496,0,4,-62.3938,-60.7645,18:38.4,FastGPS,-62.4304,-60.7528,,,0.6,0.8,,,,15,7,23344,,,,5,17357,,,,30,28170,,,,13,7262,,,,,,,,,,,,,,,,,,,,,,,,,,,,,,,,,,,,,,,,,,,,,,,,,,,,,,,,,,
173711,1-Mar-18,5:18:35,2018-03-01 05:18:35,G,3,3,965,497,0,6,-62.3938,-60.7645,18:38.4,FastGPS,-62.3938,-60.7645,,,5.4,0.4,,,,15,7,31349,,,,30,14534,,,,8,29630,,,,28,19170,,,,5,21543,,,,13,25542,,,,,,,,,,,,,,,,,,,,,,,,,,,,,,,,,,,,,,,,,,,,,,,,
173711,1-Mar-18,7:19:10,2018-03-01 07:19:10,G,1,3,966,498,0,8,-62.4106,-60.7837,19:13.4,FastGPS,-62.4106,-60.7837,,,6.2,0.4,,,,15,15,12586,,,,11,2407,,,,17,6790,,,,1,2222,,,,24,18112,,,,28,16440,,,,10,3797,,,,13,20824,,,,,,,,,,,,,,,,,,,,,,,,,,,,,,,,,,,,,,
173711,1-Mar-18,9:44:28,2018-03-01 09:44:28,G,2,3,967,503,0,4,-62.424,-60.802,3/1/2018 8:37,R,-62.4647,-60.8097,,,0.3,0.3,,,,15,12,20600,,,,32,25708,,,,14,31762,,,,22,20980,,,,,,,,,,,,,,,,,,,,,,,,,,,,,,,,,,,,,,,,,,,,,,,,,,,,,,,,,,
173711,1-Mar-18,10:31:07,2018-03-01 10:31:07,G,3,3,968,504,0,6,-62.4648,-60.8098,31:10.4,FastGPS,-62.4648,-60.8098,,,9.2,0.4,,,,15,12,2032,,,,2,30986,,,,6,13395,,,,17,30866,,,,24,18826,,,,19,12341,,,,,,,,,,,,,,,,,,,,,,,,,,,,,,,,,,,,,,,,,,,,,,,,
173711,1-Mar-18,11:01:00,2018-03-01 11:01:00,G,4,3,969,504,0,6,-62.4725,-60.7962,01:03.4,FastGPS,-62.4725,-60.7962,,,4.1,0.4,,,,15,12,322,,,,6,21114,,,,2,8840,,,,19,18061,,,,25,16479,,,,31,10365,,,,,,,,,,,,,,,,,,,,,,,,,,,,,,,,,,,,,,,,,,,,,,,,
173711,1-Mar-18,11:46:00,2018-03-01 11:46:00,G,3,3,970,505,1,4,-62.424,-60.802,3/1/2018 8:37,R,,,,,,,,,,15,6,8657,,,,31,9564,,,,4,10440,,,,23,5526,,,,,,,,,,,,,,,,,,,,,,,,,,,,,,,,,,,,,,,,,,,,,,,,,,,,,,,,,,
173711,1-Mar-18,12:16:00,2018-03-01 12:16:00,G,2,3,971,505,1,5,-62.424,-60.802,3/1/2018 8:37,R,-62.4729,-60.7974,,1,0.5,0.3,,,,15,6,24378,,,,23,19446,,,,4,3857,,,,26,28937,,,,31,11465,,,,,,,,,,,,,,,,,,,,,,,,,,,,,,,,,,,,,,,,,,,,,,,,,,,,,
173711,1-Mar-18,23:19:29,2018-03-01 23:19:29,G,1,3,974,506,0,6,-62.4632,-60.8202,19:32.4,FastGPS,-62.4632,-60.8202,,,4.2,0.4,,,,15,17,29057,,,,23,24240,,,,19,21906,,,,6,11925,,,,9,11534,,,,2,23383,,,,,,,,,,,,,,,,,,,,,,,,,,,,,,,,,,,,,,,,,,,,,,,,
173711,2-Mar-18,1:07:00,2018-03-02 01:07:00,G,1,3,976,,0,9,-62.4606,-60.8255,07:03.4,FastGPS,-62.4606,-60.8255,,1,10.2,0.4,,,,15,9,28250,,,,29,10122,,,,23,22898,,,,4,11540,,,,26,31392,,,,16,14848,,,,2,22167,,,,7,5116,,,,3,10677,,,,,,,,,,,,,,,,,,,,,,,,,,,,,,,,,
173711,2-Mar-18,1:38:06,2018-03-02 01:38:06,G,2,3,977,509,0,6,-62.4603,-60.8208,38:09.9,FastGPS,-62.4603,-60.8208,,,2,0.9,,,,15,23,16326,,,,9,802,,,,7,881,,,,26,21074,,,,16,29334,,,,6,8611,,,,,,,,,,,,,,,,,,,,,,,,,,,,,,,,,,,,,,,,,,,,,,,,
173711,2-Mar-18,2:10:08,2018-03-02 02:10:08,G,2,3,978,509,0,5,-62.4624,-60.8187,10:10.9,FastGPS,-62.4624,-60.8187,,,10,-0.1,,,,15,23,25453,,,,5,9482,,,,29,7655,,,,16,8220,,,,7,11386,,,,,,,,,,,,,,,,,,,,,,,,,,,,,,,,,,,,,,,,,,,,,,,,,,,,,
173711,2-Mar-18,7:31:12,2018-03-02 07:31:12,G,2,3,979,509,0,4,-62.4729,-60.7974,16:03.3,FastGPS,-62.4252,-60.8413,,,0.6,0,,,,15,15,29893,,,,12,7781,,,,10,16387,,,,24,23639,,,,,,,,,,,,,,,,,,,,,,,,,,,,,,,,,,,,,,,,,,,,,,,,,,,,,,,,,,
173711,2-Mar-18,8:06:03,2018-03-02 08:06:03,G,3,3,980,509,0,6,-62.4521,-60.8308,06:05.4,FastGPS,-62.4521,-60.8308,,,3.9,-0.6,,,,15,12,28447,,,,1,16272,,,,24,5224,,,,19,16254,,,,11,16196,,,,17,10980,,,,,,,,,,,,,,,,,,,,,,,,,,,,,,,,,,,,,,,,,,,,,,,,
173711,2-Mar-18,8:36:22,2018-03-02 08:36:22,G,1,3,981,509,0,6,-62.4597,-60.8045,36:25.9,FastGPS,-62.4597,-60.8045,,,10.5,0.9,,,,15,1,7756,,,,12,15532,,,,17,25383,,,,24,4488,,,,19,25020,,,,32,561,,,,,,,,,,,,,,,,,,,,,,,,,,,,,,,,,,,,,,,,,,,,,,,,
173711,2-Mar-18,9:37:27,2018-03-02 09:37:27,G,2,3,983,509,0,4,-62.491,-60.849,3/3/2018 6:44,K,-62.468,-60.8424,,,0.2,-0.1,,,,15,17,25334,,,,12,28110,,,,6,31178,,,,19,22901,,,,,,,,,,,,,,,,,,,,,,,,,,,,,,,,,,,,,,,,,,,,,,,,,,,,,,,,,,
173711,2-Mar-18,12:14:01,2018-03-02 12:14:01,G,1,3,985,515,0,6,-62.4838,-60.8555,14:03.4,FastGPS,-62.4838,-60.8555,,,2.3,-0.6,,,,15,12,21711,,,,5,31234,,,,25,18314,,,,31,26504,,,,2,3638,,,,29,11244,,,,,,,,,,,,,,,,,,,,,,,,,,,,,,,,,,,,,,,,,,,,,,,,
173711,2-Mar-18,13:00:04,2018-03-02 13:00:04,G,1,3,986,,0,9,-62.4732,-60.8382,00:07.4,FastGPS,-62.4732,-60.8382,,1,7.1,0.4,,,,15,31,31457,,,,29,11679,,,,5,27823,,,,2,28465,,,,4,3495,,,,25,27981,,,,12,32654,,,,21,30999,,,,26,31337,,,,,,,,,,,,,,,,,,,,,,,,,,,,,,,,,
173711,2-Mar-18,16:52:01,2018-03-02 16:52:01,G,1,3,991,,0,9,-62.4661,-60.811,52:04.4,FastGPS,-62.4661,-60.811,,,12.6,0.4,,,,15,16,24065,,,,27,28464,,,,15,4574,,,,10,20336,,,,21,4691,,,,8,22938,,,,20,5328,,,,13,4902,,,,7,3506,,,,,,,,,,,,,,,,,,,,,,,,,,,,,,,,,
173711,2-Mar-18,18:55:02,2018-03-02 18:55:02,G,1,3,994,523,0,7,-62.4688,-60.8412,55:05.9,FastGPS,-62.4688,-60.8412,,,3.9,0.9,,,,15,11,8771,,,,8,13420,,,,28,21977,,,,32,27866,,,,10,6488,,,,14,600,,,,27,12416,,,,,,,,,,,,,,,,,,,,,,,,,,,,,,,,,,,,,,,,,,,
173711,2-Mar-18,19:40:05,2018-03-02 19:40:05,G,1,3,995,524,0,8,-62.4691,-60.8355,40:08.4,FastGPS,-62.4691,-60.8355,,,14,0.4,,,,15,14,13516,,,,8,7224,,,,10,19992,,,,32,11932,,,,22,12710,,,,11,23315,,,,1,24890,,,,24,23509,,,,,,,,,,,,,,,,,,,,,,,,,,,,,,,,,,,,,,
173711,2-Mar-18,20:10:02,2018-03-02 20:10:02,G,1,3,996,524,0,6,-62.469,-60.8419,10:05.9,FastGPS,-62.469,-60.8419,,,4.6,0.9,,,,15,22,10221,,,,11,27240,,,,32,1464,,,,17,4122,,,,1,18308,,,,14,15608,,,,,,,,,,,,,,,,,,,,,,,,,,,,,,,,,,,,,,,,,,,,,,,,
173711,2-Mar-18,20:58:37,2018-03-02 20:58:37,G,1,3,997,525,0,8,-62.4633,-60.8163,58:40.4,FastGPS,-62.4633,-60.8163,,,8.5,0.4,,,,15,14,24600,,,,1,1894,,,,11,17538,,,,32,16341,,,,22,4548,,,,31,15649,,,,3,12800,,,,17,15880,,,,,,,,,,,,,,,,,,,,,,,,,,,,,,,,,,,,,,
173711,2-Mar-18,21:28:43,2018-03-02 21:28:43,G,4,3,998,,0,9,-62.4624,-60.8163,28:46.9,FastGPS,-62.4624,-60.8163,,,11.4,0.9,,,,15,31,12868,,,,32,873,,,,22,22362,,,,1,29597,,,,14,5716,,,,17,30782,,,,12,26156,,,,3,13795,,,,11,30089,,,,,,,,,,,,,,,,,,,,,,,,,,,,,,,,,
173711,2-Mar-18,22:20:41,2018-03-02 22:20:41,G,4,3,999,526,0,6,-62.4632,-60.8173,20:44.9,FastGPS,-62.4632,-60.8173,,,8,0.9,,,,15,17,23984,,,,19,30074,,,,31,25008,,,,3,10270,,,,22,15080,,,,12,4342,,,,,,,,,,,,,,,,,,,,,,,,,,,,,,,,,,,,,,,,,,,,,,,,
173711,2-Mar-18,22:53:26,2018-03-02 22:53:26,G,5,3,1000,526,0,7,-62.4703,-60.8255,53:29.5,FastGPS,-62.4703,-60.8255,,,6.4,0.5,,,,15,31,13463,,,,3,11240,,,,14,12487,,,,25,19146,,,,1,1956,,,,23,7118,,,,6,19463,,,,,,,,,,,,,,,,,,,,,,,,,,,,,,,,,,,,,,,,,,,
173711,2-Mar-18,23:26:29,2018-03-02 23:26:29,G,4,3,1001,526,0,8,-62.4736,-60.8192,26:32.4,FastGPS,-62.4736,-60.8192,,1,6.1,0.4,,,,15,31,5787,,,,6,17576,,,,9,5638,,,,25,30428,,,,23,25457,,,,2,20253,,,,4,23836,,,,19,3595,,,,,,,,,,,,,,,,,,,,,,,,,,,,,,,,,,,,,,
173711,3-Mar-18,0:43:11,2018-03-03 00:43:11,G,6,3,1002,529,0,8,-62.4694,-60.8205,43:14.4,FastGPS,-62.4694,-60.8205,,,11.1,0.4,,,,15,9,23958,,,,6,30876,,,,2,10314,,,,26,19616,,,,16,15656,,,,23,25652,,,,3,27206,,,,7,30357,,,,,,,,,,,,,,,,,,,,,,,,,,,,,,,,,,,,,,
173711,3-Mar-18,1:58:01,2018-03-03 01:58:01,G,1,3,1004,530,0,6,-62.472,-60.8196,58:05.0,FastGPS,-62.472,-60.8196,,,8.4,1,,,,15,5,17300,,,,7,25238,,,,30,32167,,,,2,16484,,,,16,14714,,,,6,14184,,,,,,,,,,,,,,,,,,,,,,,,,,,,,,,,,,,,,,,,,,,,,,,,
173711,3-Mar-18,3:43:15,2018-03-03 03:43:15,G,2,3,1007,531,0,5,-62.4746,-60.8214,43:17.9,FastGPS,-62.4746,-60.8214,,,1.7,-0.1,,,,15,7,24772,,,,30,8153,,,,8,7912,,,,5,473,,,,27,2005,,,,,,,,,,,,,,,,,,,,,,,,,,,,,,,,,,,,,,,,,,,,,,,,,,,,,
173711,3-Mar-18,4:13:08,2018-03-03 04:13:08,G,1,3,1008,531,0,5,-62.4737,-60.8214,13:10.9,FastGPS,-62.4737,-60.8214,,,6.3,-0.1,,,,15,5,29701,,,,27,13336,,,,20,3950,,,,7,28700,,,,30,23959,,,,,,,,,,,,,,,,,,,,,,,,,,,,,,,,,,,,,,,,,,,,,,,,,,,,,
173711,3-Mar-18,4:43:04,2018-03-03 04:43:04,G,1,3,1009,531,0,6,-62.479,-60.8164,43:07.0,FastGPS,-62.479,-60.8164,,,15.4,0,,,,15,5,11202,,,,28,18168,,,,15,29445,,,,13,27122,,,,7,27827,,,,21,31310,,,,,,,,,,,,,,,,,,,,,,,,,,,,,,,,,,,,,,,,,,,,,,,,
173711,3-Mar-18,5:28:00,2018-03-03 05:28:00,G,1,3,1010,532,0,7,-62.4829,-60.8358,28:02.4,FastGPS,-62.4829,-60.8358,,,7.5,-0.6,,,,15,8,11783,,,,15,9064,,,,13,10316,,,,20,29078,,,,30,32168,,,,5,14607,,,,28,21992,,,,,,,,,,,,,,,,,,,,,,,,,,,,,,,,,,,,,,,,,,,
173711,3-Mar-18,5:58:07,2018-03-03 05:58:07,G,3,3,1011,532,0,6,-62.4889,-60.8358,58:10.9,FastGPS,-62.4889,-60.8358,,,9.6,0.9,,,,15,17,9291,,,,13,32188,,,,15,9724,,,,28,3287,,,,20,23796,,,,30,22866,,,,,,,,,,,,,,,,,,,,,,,,,,,,,,,,,,,,,,,,,,,,,,,,
173711,3-Mar-18,6:28:32,2018-03-03 06:28:32,G,1,3,1012,532,0,7,-62.4898,-60.8411,28:34.4,FastGPS,-62.4898,-60.8411,,,12.7,-0.6,,,,15,17,22185,,,,11,29416,,,,30,24238,,,,1,7837,,,,19,4595,,,,13,7590,,,,10,11946,,,,,,,,,,,,,,,,,,,,,,,,,,,,,,,,,,,,,,,,,,,
173711,3-Mar-18,10:18:26,2018-03-03 10:18:26,G,1,3,1017,537,0,6,-62.4871,-60.8272,18:29.5,FastGPS,-62.4871,-60.8272,,,14,0.5,,,,15,19,29106,,,,12,3095,,,,6,11953,,,,25,5527,,,,31,4692,,,,17,21784,,,,,,,,,,,,,,,,,,,,,,,,,,,,,,,,,,,,,,,,,,,,,,,,
173711,3-Mar-18,15:37:00,2018-03-03 15:37:00,G,1,3,1024,544,1,7,-62.4729,-60.7958,37:03.5,FastGPS,-62.4729,-60.7958,,,7,0.5,,,,15,5,20805,,,,7,11374,,,,20,8428,,,,21,17986,,,,13,32425,,,,30,27820,,,,29,14631,,,,,,,,,,,,,,,,,,,,,,,,,,,,,,,,,,,,,,,,,,,
173711,4-Mar-18,12:32:34,2018-03-04 12:32:34,G,1,3,1031,546,0,7,-62.4877,-60.8216,32:37.5,FastGPS,-62.4877,-60.8216,,1,2.6,0.5,,,,15,2,11632,,,,31,3914,,,,26,27934,,,,4,15620,,,,29,7050,,,,5,14513,,,,23,26832,,,,,,,,,,,,,,,,,,,,,,,,,,,,,,,,,,,,,,,,,,,
173711,4-Mar-18,13:32:00,2018-03-04 13:32:00,G,1,3,1033,,0,9,-62.4752,-60.7944,32:03.5,FastGPS,-62.4752,-60.7944,,1,8.1,0.5,,,,15,5,5867,,,,29,3192,,,,4,4106,,,,23,18744,,,,21,27847,,,,25,26486,,,,9,3492,,,,20,26488,,,,26,7130,,,,,,,,,,,,,,,,,,,,,,,,,,,,,,,,,
173711,4-Mar-18,15:02:00,2018-03-04 15:02:00,G,1,3,1034,550,1,5,-62.4752,-60.7931,02:03.5,FastGPS,-62.4752,-60.7931,,,4.5,0.5,,,,15,29,24118,,,,5,13874,,,,20,27652,,,,13,22997,,,,7,9688,,,,,,,,,,,,,,,,,,,,,,,,,,,,,,,,,,,,,,,,,,,,,,,,,,,,,
173711,4-Mar-18,15:32:00,2018-03-04 15:32:00,G,1,3,1035,550,1,6,-62.4753,-60.7938,32:03.5,FastGPS,-62.4753,-60.7938,,,4,0.5,,,,15,29,15607,,,,15,16369,,,,20,6227,,,,13,27184,,,,7,7433,,,,5,21070,,,,,,,,,,,,,,,,,,,,,,,,,,,,,,,,,,,,,,,,,,,,,,,,
173711,5-Mar-18,1:28:06,2018-03-05 01:28:06,G,1,3,1040,552,0,6,-62.5039,-60.8651,28:09.5,FastGPS,-62.5039,-60.8651,,,13.2,0.5,,,,15,7,19972,,,,5,687,,,,9,10974,,,,29,3820,,,,2,13348,,,,23,17721,,,,,,,,,,,,,,,,,,,,,,,,,,,,,,,,,,,,,,,,,,,,,,,,
173711,5-Mar-18,1:58:25,2018-03-05 01:58:25,G,2,3,1041,552,0,7,-62.5172,-60.9066,58:28.5,FastGPS,-62.5172,-60.9066,,,17.1,0.5,,,,15,7,30430,,,,2,2602,,,,5,30179,,,,9,27304,,,,23,6582,,,,30,17061,,,,29,25366,,,,,,,,,,,,,,,,,,,,,,,,,,,,,,,,,,,,,,,,,,,
173711,5-Mar-18,2:28:36,2018-03-05 02:28:36,G,1,3,1042,552,0,6,-62.5273,-60.954,28:39.0,FastGPS,-62.5273,-60.954,,,8.7,0,,,,15,9,26878,,,,5,16210,,,,7,18754,,,,23,31722,,,,2,11362,,,,30,30235,,,,,,,,,,,,,,,,,,,,,,,,,,,,,,,,,,,,,,,,,,,,,,,,
173711,5-Mar-18,3:29:54,2018-03-05 03:29:54,G,2,3,1044,552,0,8,-62.5356,-61.0523,29:58.0,FastGPS,-62.5356,-61.0523,,,7.8,1,,,,15,7,31578,,,,8,19610,,,,30,1444,,,,9,9182,,,,27,27926,,,,21,12661,,,,20,191,,,,5,3290,,,,,,,,,,,,,,,,,,,,,,,,,,,,,,,,,,,,,,
173711,5-Mar-18,4:03:30,2018-03-05 04:03:30,G,3,3,1045,552,0,7,-62.5473,-61.0602,03:34.0,FastGPS,-62.5473,-61.0602,,,11.6,1,,,,15,5,25084,,,,28,3067,,,,9,30349,,,,30,15959,,,,15,16084,,,,20,26515,,,,13,25938,,,,,,,,,,,,,,,,,,,,,,,,,,,,,,,,,,,,,,,,,,,
173711,5-Mar-18,4:39:11,2018-03-05 04:39:11,G,3,3,1046,552,0,8,-62.5405,-61.0525,39:15.0,FastGPS,-62.5405,-61.0525,,,11.3,1,,,,15,15,12388,,,,13,2150,,,,7,7576,,,,28,30164,,,,8,15509,,,,30,15397,,,,21,20152,,,,20,7184,,,,,,,,,,,,,,,,,,,,,,,,,,,,,,,,,,,,,,
173711,5-Mar-18,5:09:25,2018-03-05 05:09:25,G,2,3,1047,552,0,6,-62.5529,-61.0498,09:28.6,FastGPS,-62.5529,-61.0498,,,8.4,0.6,,,,15,28,27138,,,,20,3291,,,,5,17233,,,,13,27336,,,,15,2031,,,,7,25074,,,,,,,,,,,,,,,,,,,,,,,,,,,,,,,,,,,,,,,,,,,,,,,,
173711,5-Mar-18,6:37:27,2018-03-05 06:37:27,G,1,3,1048,553,0,6,-62.5452,-61.0158,37:30.0,FastGPS,-62.5452,-61.0158,,,2.6,0,,,,15,11,17372,,,,10,23964,,,,17,12524,,,,28,1577,,,,1,9850,,,,13,9373,,,,,,,,,,,,,,,,,,,,,,,,,,,,,,,,,,,,,,,,,,,,,,,,
173711,5-Mar-18,7:39:35,2018-03-05 07:39:35,G,1,3,1049,555,0,5,-62.5475,-60.9244,39:38.5,FastGPS,-62.5475,-60.9244,,,4,0.5,,,,15,17,3809,,,,19,17411,,,,28,11836,,,,24,13126,,,,1,23994,,,,,,,,,,,,,,,,,,,,,,,,,,,,,,,,,,,,,,,,,,,,,,,,,,,,,
173711,5-Mar-18,8:56:10,2018-03-05 08:56:10,G,1,3,1050,558,0,4,-62.5452,-61.0158,37:30.0,FastGPS,-62.5102,-60.8472,,,0.4,-0.4,,,,15,17,9228,,,,24,14507,,,,32,29392,,,,19,11334,,,,,,,,,,,,,,,,,,,,,,,,,,,,,,,,,,,,,,,,,,,,,,,,,,,,,,,,,,
173711,5-Mar-18,9:27:20,2018-03-05 09:27:20,G,1,3,1051,558,0,6,-62.4868,-60.8224,27:23.1,FastGPS,-62.4868,-60.8224,,,6.2,0.1,,,,15,17,16437,,,,12,29953,,,,32,3958,,,,3,3435,,,,22,31658,,,,14,7652,,,,,,,,,,,,,,,,,,,,,,,,,,,,,,,,,,,,,,,,,,,,,,,,
173711,5-Mar-18,9:57:29,2018-03-05 09:57:29,G,1,3,1052,558,0,6,-62.4867,-60.8225,57:32.5,FastGPS,-62.4867,-60.8225,,,10.4,0.5,,,,15,12,9690,,,,6,10188,,,,19,15547,,,,32,21978,,,,25,6204,,,,3,3799,,,,,,,,,,,,,,,,,,,,,,,,,,,,,,,,,,,,,,,,,,,,,,,,
173711,5-Mar-18,10:30:16,2018-03-05 10:30:16,G,1,3,1053,558,0,4,-62.5102,-60.8472,56:12.6,FastGPS,-62.4737,-60.8386,,,0.9,0,,,,15,12,11551,,,,29,6446,,,,6,28905,,,,2,776,,,,,,,,,,,,,,,,,,,,,,,,,,,,,,,,,,,,,,,,,,,,,,,,,,,,,,,,,,
173711,5-Mar-18,11:00:26,2018-03-05 11:00:26,G,1,3,1054,558,0,8,-62.4609,-60.8243,00:29.5,FastGPS,-62.4609,-60.8243,,,13.9,0.5,,,,15,12,23259,,,,31,20168,,,,2,19865,,,,19,2849,,,,14,15866,,,,3,32198,,,,25,27318,,,,6,10965,,,,,,,,,,,,,,,,,,,,,,,,,,,,,,,,,,,,,,
173711,5-Mar-18,12:28:01,2018-03-05 12:28:01,G,1,3,1055,561,0,7,-62.4609,-60.8116,28:03.5,FastGPS,-62.4609,-60.8116,,1,16.1,-0.4,,,,15,26,13562,,,,29,26755,,,,31,24594,,,,4,1399,,,,5,708,,,,23,14263,,,,25,11294,,,,,,,,,,,,,,,,,,,,,,,,,,,,,,,,,,,,,,,,,,,
173711,6-Mar-18,2:16:41,2018-03-06 02:16:41,G,1,3,1068,564,0,6,-62.4733,-61.066,16:43.6,FastGPS,-62.4733,-61.066,,,6.1,-0.4,,,,15,7,13935,,,,5,2712,,,,9,18996,,,,30,8969,,,,29,28510,,,,2,18086,,,,,,,,,,,,,,,,,,,,,,,,,,,,,,,,,,,,,,,,,,,,,,,,
173711,6-Mar-18,3:02:57,2018-03-06 03:02:57,G,1,3,1069,565,0,5,-62.509,-61.1475,03:00.1,FastGPS,-62.509,-61.1475,,,3.8,0.1,,,,15,5,28732,,,,13,19043,,,,30,24263,,,,7,16997,,,,9,24427,,,,,,,,,,,,,,,,,,,,,,,,,,,,,,,,,,,,,,,,,,,,,,,,,,,,,
173711,6-Mar-18,4:03:14,2018-03-06 04:03:14,G,2,3,1071,565,0,5,-62.5371,-61.1842,03:18.0,FastGPS,-62.5371,-61.1842,,,0.4,1,,,,15,7,3013,,,,30,5038,,,,13,30124,,,,5,7808,,,,9,3492,,,,,,,,,,,,,,,,,,,,,,,,,,,,,,,,,,,,,,,,,,,,,,,,,,,,,
173711,6-Mar-18,4:35:09,2018-03-06 04:35:09,G,2,3,1072,565,0,5,-62.5341,-61.187,35:12.6,FastGPS,-62.5341,-61.187,,,3,0.6,,,,15,7,10866,,,,30,19230,,,,8,19056,,,,13,6788,,,,5,30856,,,,,,,,,,,,,,,,,,,,,,,,,,,,,,,,,,,,,,,,,,,,,,,,,,,,,
173711,6-Mar-18,5:05:08,2018-03-06 05:05:08,G,1,3,1073,565,0,6,-62.5354,-61.1914,05:11.1,FastGPS,-62.5354,-61.1914,,,12.2,0.1,,,,15,15,31666,,,,13,24603,,,,8,13892,,,,20,1214,,,,28,23749,,,,5,15641,,,,,,,,,,,,,,,,,,,,,,,,,,,,,,,,,,,,,,,,,,,,,,,,
173711,6-Mar-18,9:09:24,2018-03-06 09:09:24,G,2,3,1078,571,0,8,-62.5832,-61.2266,09:26.6,FastGPS,-62.5832,-61.2266,,,18.9,-0.4,,,,15,17,14296,,,,32,13980,,,,3,23149,,,,22,9622,,,,12,15386,,,,14,18990,,,,25,31930,,,,19,19652,,,,,,,,,,,,,,,,,,,,,,,,,,,,,,,,,,,,,,
173711,6-Mar-18,10:11:17,2018-03-06 10:11:17,G,1,3,1080,571,0,7,-62.5888,-61.2197,11:20.1,FastGPS,-62.5888,-61.2197,,,7.1,0.1,,,,15,12,22288,,,,14,8204,,,,29,4423,,,,31,19187,,,,25,9718,,,,24,2482,,,,3,6003,,,,,,,,,,,,,,,,,,,,,,,,,,,,,,,,,,,,,,,,,,,
173711,6-Mar-18,10:56:54,2018-03-06 10:56:54,G,1,3,1081,572,0,6,-62.6064,-61.1666,56:56.6,FastGPS,-62.6064,-61.1666,,,4.2,-0.4,,,,15,29,22618,,,,25,19890,,,,31,15812,,,,2,10372,,,,12,12136,,,,14,7917,,,,,,,,,,,,,,,,,,,,,,,,,,,,,,,,,,,,,,,,,,,,,,,,
173711,6-Mar-18,11:43:39,2018-03-06 11:43:39,G,2,3,1082,573,0,5,-62.6473,-61.1677,43:41.5,FastGPS,-62.6473,-61.1677,,,2.3,-0.5,,,,15,31,31946,,,,23,2470,,,,29,24512,,,,25,12088,,,,2,10882,,,,,,,,,,,,,,,,,,,,,,,,,,,,,,,,,,,,,,,,,,,,,,,,,,,,,
173711,6-Mar-18,13:13:10,2018-03-06 13:13:10,G,1,3,1085,573,0,7,-62.6936,-61.2099,13:12.6,FastGPS,-62.6936,-61.2099,,1,6.7,-0.4,,,,15,4,9207,,,,29,1817,,,,31,18962,,,,5,15088,,,,9,28905,,,,26,2069,,,,21,24910,,,,,,,,,,,,,,,,,,,,,,,,,,,,,,,,,,,,,,,,,,,
173711,6-Mar-18,13:44:23,2018-03-06 13:44:23,G,1,3,1086,573,0,8,-62.7079,-61.2526,44:26.1,FastGPS,-62.7079,-61.2526,,1,12.9,0.1,,,,15,29,19916,,,,20,22525,,,,31,781,,,,21,12931,,,,4,9640,,,,26,4181,,,,25,19805,,,,16,13773,,,,,,,,,,,,,,,,,,,,,,,,,,,,,,,,,,,,,,
173711,6-Mar-18,14:59:39,2018-03-06 14:59:39,G,2,3,1087,576,0,8,-62.7089,-61.2858,59:42.5,FastGPS,-62.7089,-61.2858,,1,8.4,0.6,,,,15,5,31042,,,,16,9648,,,,27,15439,,,,7,28756,,,,26,30308,,,,20,31518,,,,4,23554,,,,21,23776,,,,,,,,,,,,,,,,,,,,,,,,,,,,,,,,,,,,,,
173711,6-Mar-18,15:59:59,2018-03-06 15:59:59,G,3,3,1088,578,0,5,-62.7037,-61.3469,00:02.1,FastGPS,-62.7037,-61.3469,,,6.1,0.1,,,,15,8,25594,,,,16,23516,,,,27,20300,,,,7,6252,,,,10,31314,,,,,,,,,,,,,,,,,,,,,,,,,,,,,,,,,,,,,,,,,,,,,,,,,,,,,
173711,6-Mar-18,16:47:58,2018-03-06 16:47:58,G,2,3,1089,579,0,6,-62.7211,-61.3879,48:01.6,FastGPS,-62.7211,-61.3879,,,9.5,0.6,,,,15,10,29129,,,,27,10774,,,,16,12660,,,,7,8335,,,,8,10296,,,,30,5641,,,,,,,,,,,,,,,,,,,,,,,,,,,,,,,,,,,,,,,,,,,,,,,,
173711,6-Mar-18,17:18:57,2018-03-06 17:18:57,G,1,3,1090,579,0,6,-62.7237,-61.4068,19:00.1,FastGPS,-62.7237,-61.4068,,,9.1,0.1,,,,15,27,17887,,,,15,30430,,,,21,1730,,,,10,16059,,,,32,20970,,,,16,23708,,,,,,,,,,,,,,,,,,,,,,,,,,,,,,,,,,,,,,,,,,,,,,,,
173711,6-Mar-18,17:49:43,2018-03-06 17:49:43,G,2,3,1091,579,0,8,-62.7236,-61.4065,49:47.1,FastGPS,-62.7236,-61.4065,,,9.3,1.1,,,,15,15,13812,,,,10,25932,,,,28,1708,,,,8,28620,,,,32,23600,,,,24,14556,,,,11,9999,,,,21,31043,,,,,,,,,,,,,,,,,,,,,,,,,,,,,,,,,,,,,,
173711,6-Mar-18,18:35:33,2018-03-06 18:35:33,G,1,3,1092,579,0,7,-62.7278,-61.4442,35:36.6,FastGPS,-62.7278,-61.4442,,,7,0.6,,,,15,32,17783,,,,10,14874,,,,14,16552,,,,1,1720,,,,22,10553,,,,27,26740,,,,11,7418,,,,,,,,,,,,,,,,,,,,,,,,,,,,,,,,,,,,,,,,,,,
173711,6-Mar-18,20:06:54,2018-03-06 20:06:54,G,2,3,1094,581,0,7,-62.7262,-61.4628,06:56.6,FastGPS,-62.7262,-61.4628,,,10.5,-0.4,,,,15,1,20088,,,,32,30172,,,,22,31565,,,,11,2790,,,,8,9018,,,,14,13510,,,,3,32283,,,,,,,,,,,,,,,,,,,,,,,,,,,,,,,,,,,,,,,,,,,
173711,6-Mar-18,21:09:01,2018-03-06 21:09:01,G,1,3,1096,,0,9,-62.7251,-61.4533,09:04.1,FastGPS,-62.7251,-61.4533,,,18.3,0.1,,,,15,17,27478,,,,31,24986,,,,14,4917,,,,3,2923,,,,32,5488,,,,11,31642,,,,1,27394,,,,22,14648,,,,23,10033,,,,,,,,,,,,,,,,,,,,,,,,,,,,,,,,,
173711,6-Mar-18,21:39:34,2018-03-06 21:39:34,G,1,3,1097,581,0,7,-62.7292,-61.4511,39:37.6,FastGPS,-62.7292,-61.4511,,,4.5,0.6,,,,15,14,2376,,,,32,21340,,,,12,21758,,,,17,18802,,,,31,20387,,,,22,18364,,,,3,31660,,,,,,,,,,,,,,,,,,,,,,,,,,,,,,,,,,,,,,,,,,,
173711,6-Mar-18,23:40:00,2018-03-06 23:40:00,G,1,3,1101,,0,9,-62.7185,-61.4271,40:03.1,FastGPS,-62.7185,-61.4271,,1,5.4,0.1,,,,15,6,7710,,,,31,892,,,,3,15234,,,,22,16425,,,,23,2020,,,,2,20991,,,,26,1760,,,,9,2847,,,,4,13590,,,,,,,,,,,,,,,,,,,,,,,,,,,,,,,,,
173711,7-Mar-18,0:25:04,2018-03-07 00:25:04,G,1,3,1102,582,0,7,-62.7121,-61.4697,25:07.6,FastGPS,-62.7121,-61.4697,,1,5.8,0.6,,,,15,2,23562,,,,23,4593,,,,9,32265,,,,7,30613,,,,6,14185,,,,4,29265,,,,29,23618,,,,,,,,,,,,,,,,,,,,,,,,,,,,,,,,,,,,,,,,,,,
173711,7-Mar-18,1:58:05,2018-03-07 01:58:05,G,1,3,1103,586,0,5,-62.6617,-61.4683,58:07.6,FastGPS,-62.6617,-61.4683,,,18.7,-0.4,,,,15,9,29073,,,,30,32359,,,,23,17666,,,,16,1044,,,,7,32410,,,,,,,,,,,,,,,,,,,,,,,,,,,,,,,,,,,,,,,,,,,,,,,,,,,,,
173711,7-Mar-18,4:28:43,2018-03-07 04:28:43,G,1,3,1106,589,0,6,-62.5874,-61.3735,28:45.6,FastGPS,-62.5874,-61.3735,,,4.9,-0.4,,,,15,7,22490,,,,30,26545,,,,8,20732,,,,15,12208,,,,20,15402,,,,27,4370,,,,,,,,,,,,,,,,,,,,,,,,,,,,,,,,,,,,,,,,,,,,,,,,
173711,7-Mar-18,4:59:24,2018-03-07 04:59:24,G,3,3,1107,589,0,4,-62.464,-60.8051,48:02.6,FastGPS,-62.5784,-61.3405,,,0.3,-0.3,,,,15,7,3785,,,,15,2202,,,,8,23464,,,,30,30415,,,,,,,,,,,,,,,,,,,,,,,,,,,,,,,,,,,,,,,,,,,,,,,,,,,,,,,,,,
173711,7-Mar-18,6:08:49,2018-03-07 06:08:49,G,1,3,1109,589,0,8,-62.5605,-61.2628,08:51.6,FastGPS,-62.5605,-61.2628,,,16.8,-0.4,,,,15,15,21550,,,,11,14514,,,,28,21506,,,,17,25170,,,,30,26653,,,,1,16472,,,,19,8635,,,,13,4142,,,,,,,,,,,,,,,,,,,,,,,,,,,,,,,,,,,,,,
173711,7-Mar-18,11:01:27,2018-03-07 11:01:27,G,1,3,1110,591,0,4,-62.464,-60.8051,48:02.6,FastGPS,-62.5661,-60.9075,,,0.6,0.1,,,,15,31,970,,,,25,21478,,,,2,11530,,,,19,12903,,,,,,,,,,,,,,,,,,,,,,,,,,,,,,,,,,,,,,,,,,,,,,,,,,,,,,,,,,
173711,7-Mar-18,11:31:00,2018-03-07 11:31:00,G,1,3,1111,591,0,6,-62.5528,-60.8848,31:03.1,FastGPS,-62.5528,-60.8848,,,2.2,0.1,,,,15,12,20804,,,,25,19836,,,,2,26372,,,,6,1492,,,,31,22786,,,,29,3957,,,,,,,,,,,,,,,,,,,,,,,,,,,,,,,,,,,,,,,,,,,,,,,,
173711,7-Mar-18,12:36:30,2018-03-07 12:36:30,G,1,3,1112,593,0,6,-62.5081,-60.8479,36:33.1,FastGPS,-62.5081,-60.8479,,1,4.2,0.1,,,,15,29,26792,,,,5,3704,,,,2,24958,,,,12,29395,,,,9,16570,,,,23,20376,,,,,,,,,,,,,,,,,,,,,,,,,,,,,,,,,,,,,,,,,,,,,,,,
173711,7-Mar-18,13:08:15,2018-03-07 13:08:15,G,1,3,1113,593,0,7,-62.4875,-60.8408,08:17.6,FastGPS,-62.4875,-60.8408,,,15.4,-0.4,,,,15,5,15206,,,,31,20732,,,,29,3129,,,,25,26886,,,,21,20981,,,,20,30402,,,,26,30353,,,,,,,,,,,,,,,,,,,,,,,,,,,,,,,,,,,,,,,,,,,
173711,7-Mar-18,13:56:26,2018-03-07 13:56:26,G,1,3,1114,594,0,5,-62.464,-60.8051,48:02.6,FastGPS,-62.4672,-60.8389,,1,1.6,0.1,,,,15,4,31374,,,,21,5087,,,,29,6748,,,,31,20447,,,,9,30809,,,,,,,,,,,,,,,,,,,,,,,,,,,,,,,,,,,,,,,,,,,,,,,,,,,,,
173711,7-Mar-18,15:01:00,2018-03-07 15:01:00,G,1,3,1116,594,0,8,-62.463,-60.8079,01:02.6,FastGPS,-62.463,-60.8079,,1,7.6,-0.4,,,,15,29,8388,,,,20,26522,,,,4,285,,,,26,10321,,,,16,5217,,,,15,25989,,,,27,28013,,,,21,21794,,,,,,,,,,,,,,,,,,,,,,,,,,,,,,,,,,,,,,
173711,7-Mar-18,15:46:00,2018-03-07 15:46:00,G,1,3,1117,595,0,8,-62.4635,-60.8088,46:02.6,FastGPS,-62.4635,-60.8088,,2,17.6,-0.4,,,,15,16,19381,,,,27,111,,,,20,12536,,,,15,7206,,,,10,30333,,,,26,27939,,,,4,23864,,,,25,28710,,,,,,,,,,,,,,,,,,,,,,,,,,,,,,,,,,,,,,
173711,7-Mar-18,16:48:31,2018-03-07 16:48:31,G,2,3,1118,597,0,7,-62.4631,-60.8111,48:34.1,FastGPS,-62.4631,-60.8111,,,5.4,0.1,,,,15,15,7732,,,,21,8450,,,,8,21604,,,,10,10249,,,,16,25406,,,,27,10766,,,,20,11627,,,,,,,,,,,,,,,,,,,,,,,,,,,,,,,,,,,,,,,,,,,
173711,7-Mar-18,17:18:00,2018-03-07 17:18:00,G,1,3,1119,597,0,5,-62.4638,-60.8046,18:02.6,FastGPS,-62.4638,-60.8046,,,2.5,-0.4,,,,15,21,29341,,,,27,20820,,,,10,28206,,,,15,31277,,,,8,32536,,,,,,,,,,,,,,,,,,,,,,,,,,,,,,,,,,,,,,,,,,,,,,,,,,,,,
173711,7-Mar-18,17:48:00,2018-03-07 17:48:00,G,1,3,1120,597,1,4,-62.4561,-60.8243,07:13.1,FastGPS,-62.464,-60.8051,,,0.6,-0.4,,,,15,27,23066,,,,10,7839,,,,8,9280,,,,1,11874,,,,,,,,,,,,,,,,,,,,,,,,,,,,,,,,,,,,,,,,,,,,,,,,,,,,,,,,,,
173711,7-Mar-18,19:03:00,2018-03-07 19:03:00,G,1,3,1122,598,1,7,-62.4636,-60.8045,03:03.6,FastGPS,-62.4636,-60.8045,,,8.8,0.6,,,,15,22,3453,,,,32,15545,,,,8,26178,,,,14,9423,,,,3,3253,,,,10,7134,,,,1,30565,,,,,,,,,,,,,,,,,,,,,,,,,,,,,,,,,,,,,,,,,,,
173711,8-Mar-18,0:27:34,2018-03-08 00:27:34,G,1,3,1125,598,0,7,-62.4617,-60.8092,27:38.1,FastGPS,-62.4617,-60.8092,,,7.2,1.1,,,,15,23,28518,,,,6,712,,,,9,12881,,,,7,2392,,,,16,11644,,,,2,26176,,,,3,15790,,,,,,,,,,,,,,,,,,,,,,,,,,,,,,,,,,,,,,,,,,,
173711,8-Mar-18,5:09:56,2018-03-08 05:09:56,G,4,3,1129,600,0,8,-62.4496,-60.8145,10:00.1,FastGPS,-62.4496,-60.8145,,,7.2,1.1,,,,15,7,1234,,,,30,15406,,,,5,25982,,,,28,14578,,,,15,4490,,,,13,594,,,,8,30615,,,,11,22798,,,,,,,,,,,,,,,,,,,,,,,,,,,,,,,,,,,,,,
173711,8-Mar-18,6:07:09,2018-03-08 06:07:09,G,3,3,1130,600,0,4,-62.459,-60.7966,58:07.6,FastGPS,-62.4561,-60.8243,,,0.8,1.1,,,,15,15,4838,,,,10,15394,,,,24,6056,,,,20,27573,,,,,,,,,,,,,,,,,,,,,,,,,,,,,,,,,,,,,,,,,,,,,,,,,,,,,,,,,,
173711,8-Mar-18,6:52:21,2018-03-08 06:52:21,G,1,3,1131,,0,9,-62.4633,-60.8077,52:25.1,FastGPS,-62.4633,-60.8077,,,10.8,1.1,,,,15,17,13303,,,,15,11832,,,,12,23260,,,,13,15792,,,,19,16873,,,,24,27779,,,,10,7004,,,,11,2969,,,,1,8395,,,,,,,,,,,,,,,,,,,,,,,,,,,,,,,,,
173711,8-Mar-18,8:27:45,2018-03-08 08:27:45,G,2,3,1132,605,0,6,-62.4609,-60.8237,27:49.1,FastGPS,-62.4609,-60.8237,,,15.3,1.1,,,,15,17,16875,,,,15,10923,,,,12,23779,,,,6,8913,,,,19,16320,,,,24,24022,,,,,,,,,,,,,,,,,,,,,,,,,,,,,,,,,,,,,,,,,,,,,,,,
173711,8-Mar-18,8:58:04,2018-03-08 08:58:04,G,2,3,1133,605,0,5,-62.459,-60.7966,58:07.6,FastGPS,-62.459,-60.7966,,,9.7,0.7,,,,15,32,21573,,,,12,19872,,,,2,14994,,,,24,3804,,,,25,28314,,,,,,,,,,,,,,,,,,,,,,,,,,,,,,,,,,,,,,,,,,,,,,,,,,,,,
173711,8-Mar-18,10:45:46,2018-03-08 10:45:46,G,1,3,1136,606,0,4,-62.466,-60.805,3/8/2018 13:18,R,-62.4813,-60.8361,,,0.6,0.7,,,,15,29,31153,,,,32,22633,,,,25,3885,,,,6,27974,,,,,,,,,,,,,,,,,,,,,,,,,,,,,,,,,,,,,,,,,,,,,,,,,,,,,,,,,,
173711,8-Mar-18,11:47:00,2018-03-08 11:47:00,G,4,3,1137,608,0,5,-62.4767,-60.8131,47:02.6,FastGPS,-62.4767,-60.8131,,,1.7,-0.4,,,,15,12,29766,,,,29,4158,,,,2,8550,,,,5,21411,,,,25,20392,,,,,,,,,,,,,,,,,,,,,,,,,,,,,,,,,,,,,,,,,,,,,,,,,,,,,
173711,8-Mar-18,12:17:00,2018-03-08 12:17:00,G,4,3,1138,608,0,5,-62.466,-60.805,3/8/2018 13:18,R,-62.4636,-60.8052,,1,0.3,-0.3,,,,15,23,23193,,,,29,4630,,,,26,29180,,,,4,15298,,,,31,32710,,,,,,,,,,,,,,,,,,,,,,,,,,,,,,,,,,,,,,,,,,,,,,,,,,,,,
173711,8-Mar-18,13:17:00,2018-03-08 13:17:00,G,3,3,1140,608,1,6,-62.4638,-60.8048,17:03.7,FastGPS,-62.4638,-60.8048,,,3.2,0.7,,,,15,23,11972,,,,16,5780,,,,31,20000,,,,21,31579,,,,9,811,,,,26,9118,,,,,,,,,,,,,,,,,,,,,,,,,,,,,,,,,,,,,,,,,,,,,,,,
173711,9-Mar-18,3:43:20,2018-03-09 03:43:20,G,1,3,1142,,0,9,-62.3689,-60.8425,43:22.7,FastGPS,-62.3689,-60.8425,,1,10.4,-0.3,,,,15,5,17797,,,,13,29258,,,,21,17094,,,,20,32494,,,,15,13842,,,,7,20156,,,,27,24750,,,,30,2682,,,,28,3801,,,,,,,,,,,,,,,,,,,,,,,,,,,,,,,,,
173711,9-Mar-18,6:46:16,2018-03-09 06:46:16,G,4,3,1144,609,0,6,-62.4496,-60.8035,46:18.7,FastGPS,-62.4496,-60.8035,,,6.2,-0.3,,,,15,15,25139,,,,24,30610,,,,10,16616,,,,13,410,,,,19,18724,,,,17,16733,,,,,,,,,,,,,,,,,,,,,,,,,,,,,,,,,,,,,,,,,,,,,,,,
173711,9-Mar-18,8:34:32,2018-03-09 08:34:32,G,1,3,1146,612,0,8,-62.4545,-60.814,34:35.1,FastGPS,-62.4545,-60.814,,,7.9,0.2,,,,15,12,29514,,,,24,23003,,,,32,23882,,,,17,28674,,,,22,25056,,,,19,18439,,,,1,29240,,,,14,13028,,,,,,,,,,,,,,,,,,,,,,,,,,,,,,,,,,,,,,
173711,9-Mar-18,9:05:01,2018-03-09 09:05:01,G,2,3,1147,612,0,8,-62.4573,-60.8061,05:04.2,FastGPS,-62.4573,-60.8061,,,13.7,0.2,,,,15,12,29281,,,,17,18605,,,,2,26351,,,,24,1149,,,,22,8699,,,,19,6107,,,,6,29180,,,,3,3990,,,,,,,,,,,,,,,,,,,,,,,,,,,,,,,,,,,,,,
173711,9-Mar-18,10:06:42,2018-03-09 10:06:42,G,1,3,1149,612,0,7,-62.4602,-60.8084,06:46.2,FastGPS,-62.4602,-60.8084,,,9.5,1.2,,,,15,32,14986,,,,12,26223,,,,31,25816,,,,29,13897,,,,14,7041,,,,2,21278,,,,6,8246,,,,,,,,,,,,,,,,,,,,,,,,,,,,,,,,,,,,,,,,,,,
173711,9-Mar-18,10:37:00,2018-03-09 10:37:00,G,1,3,1150,612,0,7,-62.4713,-60.7985,37:03.7,FastGPS,-62.4713,-60.7985,,,6,0.7,,,,15,31,31680,,,,25,18924,,,,12,5872,,,,29,1052,,,,14,3827,,,,32,29408,,,,6,26181,,,,,,,,,,,,,,,,,,,,,,,,,,,,,,,,,,,,,,,,,,,
173711,9-Mar-18,11:07:00,2018-03-09 11:07:00,G,1,3,1151,612,1,6,-62.4723,-60.7966,07:02.7,FastGPS,-62.4723,-60.7966,,1,11,-0.3,,,,15,4,28189,,,,29,4714,,,,14,32281,,,,32,29467,,,,25,4399,,,,12,22506,,,,,,,,,,,,,,,,,,,,,,,,,,,,,,,,,,,,,,,,,,,,,,,,
173711,10-Mar-18,8:31:29,2018-03-10 08:31:29,G,2,3,1153,613,0,6,-62.499,-60.8621,31:32.2,FastGPS,-62.499,-60.8621,,,15.1,0.2,,,,15,12,5687,,,,24,27698,,,,32,32056,,,,6,4186,,,,19,23531,,,,25,12534,,,,,,,,,,,,,,,,,,,,,,,,,,,,,,,,,,,,,,,,,,,,,,,,
173711,10-Mar-18,9:01:07,2018-03-10 09:01:07,G,1,3,1154,613,0,7,-62.4982,-60.8429,01:10.2,FastGPS,-62.4982,-60.8429,,,7.3,0.2,,,,15,17,2024,,,,12,13294,,,,32,30163,,,,19,22141,,,,6,13155,,,,25,13412,,,,3,21168,,,,,,,,,,,,,,,,,,,,,,,,,,,,,,,,,,,,,,,,,,,
173711,10-Mar-18,10:18:31,2018-03-10 10:18:31,G,1,3,1156,614,0,8,-62.4846,-60.821,18:34.2,FastGPS,-62.4846,-60.821,,,10.3,0.2,,,,15,31,31736,,,,29,25238,,,,12,15774,,,,25,13198,,,,32,3062,,,,2,4320,,,,14,22618,,,,24,9413,,,,,,,,,,,,,,,,,,,,,,,,,,,,,,,,,,,,,,
173711,10-Mar-18,12:23:00,2018-03-10 12:23:00,G,1,3,1160,,0,9,-62.4731,-60.796,23:03.7,FastGPS,-62.4731,-60.796,,1,14.2,0.7,,,,15,2,497,,,,5,4077,,,,12,5420,,,,25,27678,,,,29,29335,,,,4,10016,,,,23,24415,,,,31,25926,,,,9,17450,,,,,,,,,,,,,,,,,,,,,,,,,,,,,,,,,
173711,10-Mar-18,21:20:21,2018-03-10 21:20:21,G,1,3,1162,,0,9,-62.4733,-60.7964,20:23.7,FastGPS,-62.4733,-60.7964,,1,9.7,-0.3,,,,15,17,24406,,,,23,30274,,,,18,18878,,,,11,23092,,,,3,1036,,,,22,26582,,,,31,23036,,,,1,20296,,,,12,23783,,,,,,,,,,,,,,,,,,,,,,,,,,,,,,,,,
173711,10-Mar-18,21:54:51,2018-03-10 21:54:51,G,1,3,1163,614,0,6,-62.4641,-60.8277,54:54.2,FastGPS,-62.4641,-60.8277,,,7.7,0.3,,,,15,17,29474,,,,19,17931,,,,3,1992,,,,11,912,,,,23,27692,,,,1,19891,,,,,,,,,,,,,,,,,,,,,,,,,,,,,,,,,,,,,,,,,,,,,,,,
173711,11-Mar-18,1:14:06,2018-03-11 01:14:06,G,3,3,1169,615,0,7,-62.4433,-60.7787,14:09.2,FastGPS,-62.4433,-60.7787,,,5,0.3,,,,15,7,5401,,,,9,18528,,,,23,21742,,,,5,23569,,,,2,32404,,,,6,10648,,,,16,28800,,,,,,,,,,,,,,,,,,,,,,,,,,,,,,,,,,,,,,,,,,,
173711,11-Mar-18,1:59:44,2018-03-11 01:59:44,G,1,3,1170,616,0,6,-62.4438,-60.7947,59:46.7,FastGPS,-62.4438,-60.7947,,,15.7,-0.3,,,,15,16,27637,,,,23,23758,,,,9,12166,,,,26,30599,,,,7,19888,,,,27,10242,,,,,,,,,,,,,,,,,,,,,,,,,,,,,,,,,,,,,,,,,,,,,,,,
173711,11-Mar-18,2:38:47,2018-03-11 02:38:47,G,1,3,1171,616,0,7,-62.4272,-60.7624,38:50.2,FastGPS,-62.4272,-60.7624,,,10.2,0.2,,,,15,5,4085,,,,7,31539,,,,9,18613,,,,30,27491,,,,8,19098,,,,27,20699,,,,16,15384,,,,,,,,,,,,,,,,,,,,,,,,,,,,,,,,,,,,,,,,,,,
173711,11-Mar-18,4:43:01,2018-03-11 04:43:01,G,1,3,1175,616,0,6,-62.4127,-60.562,43:04.3,FastGPS,-62.4127,-60.562,,,11.3,0.3,,,,15,7,22495,,,,15,12432,,,,27,4942,,,,28,11158,,,,8,7470,,,,30,16146,,,,,,,,,,,,,,,,,,,,,,,,,,,,,,,,,,,,,,,,,,,,,,,,
173711,11-Mar-18,6:17:08,2018-03-11 06:17:08,G,1,3,1176,,0,9,-62.4182,-60.5462,17:10.8,FastGPS,-62.4182,-60.5461,,1,11.5,-0.2,,,,15,17,17015,,,,19,5996,,,,18,13257,,,,28,10764,,,,11,4455,,,,13,16655,,,,1,9778,,,,15,27378,,,,30,4113,,,,,,,,,,,,,,,,,,,,,,,,,,,,,,,,,
173711,11-Mar-18,7:56:47,2018-03-11 07:56:47,G,2,3,1178,622,0,7,-62.4419,-60.5027,56:49.7,FastGPS,-62.4419,-60.5027,,,8,-0.3,,,,15,17,3395,,,,32,29003,,,,22,6666,,,,12,9420,,,,19,27937,,,,24,6854,,,,1,17656,,,,,,,,,,,,,,,,,,,,,,,,,,,,,,,,,,,,,,,,,,,
173711,11-Mar-18,10:44:08,2018-03-11 10:44:08,G,1,3,1182,622,0,5,-62.482,-60.3238,44:11.2,FastGPS,-62.482,-60.3238,,,0.3,0.2,,,,15,31,9409,,,,25,246,,,,12,2826,,,,2,26313,,,,14,19776,,,,,,,,,,,,,,,,,,,,,,,,,,,,,,,,,,,,,,,,,,,,,,,,,,,,,
173711,11-Mar-18,11:46:25,2018-03-11 11:46:25,G,1,3,1184,622,0,6,-62.5093,-60.2929,46:27.8,FastGPS,-62.5093,-60.2929,,1,4.5,-0.2,,,,15,29,28513,,,,31,27362,,,,4,29657,,,,12,20214,,,,26,31364,,,,23,10502,,,,,,,,,,,,,,,,,,,,,,,,,,,,,,,,,,,,,,,,,,,,,,,,
173711,11-Mar-18,12:17:31,2018-03-11 12:17:31,G,1,3,1185,622,0,8,-62.5142,-60.3054,17:34.3,FastGPS,-62.5142,-60.3054,,,9.2,0.3,,,,15,5,27761,,,,29,20618,,,,12,5205,,,,23,17680,,,,2,523,,,,9,8595,,,,25,24199,,,,26,21047,,,,,,,,,,,,,,,,,,,,,,,,,,,,,,,,,,,,,,
173711,11-Mar-18,15:11:05,2018-03-11 15:11:05,G,1,3,1188,,0,9,-62.5361,-60.3294,11:07.8,FastGPS,-62.5361,-60.3294,,1,12.2,-0.2,,,,15,7,24308,,,,27,1878,,,,4,2908,,,,10,3094,,,,21,25586,,,,26,30042,,,,16,6718,,,,29,31380,,,,20,18801,,,,,,,,,,,,,,,,,,,,,,,,,,,,,,,,,
173711,11-Mar-18,16:41:26,2018-03-11 16:41:26,G,1,3,1191,626,0,6,-62.5349,-60.3623,41:28.7,FastGPS,-62.5349,-60.3623,,1,2.7,-0.3,,,,15,10,5381,,,,15,8923,,,,21,9693,,,,18,27405,,,,8,21334,,,,27,15122,,,,,,,,,,,,,,,,,,,,,,,,,,,,,,,,,,,,,,,,,,,,,,,,
173711,11-Mar-18,18:46:58,2018-03-11 18:46:58,G,1,3,1193,626,0,6,-62.5149,-60.4749,47:00.8,FastGPS,-62.5149,-60.4749,,,5.2,-0.2,,,,15,10,20436,,,,24,2540,,,,32,30118,,,,14,23152,,,,27,4120,,,,8,5188,,,,,,,,,,,,,,,,,,,,,,,,,,,,,,,,,,,,,,,,,,,,,,,,
173711,11-Mar-18,20:36:17,2018-03-11 20:36:17,G,1,3,1196,,0,9,-62.5103,-60.4899,36:20.3,FastGPS,-62.5103,-60.4899,,1,16.2,0.3,,,,15,11,16463,,,,31,6920,,,,17,32540,,,,1,26758,,,,18,25230,,,,22,23922,,,,3,23732,,,,19,18552,,,,14,13254,,,,,,,,,,,,,,,,,,,,,,,,,,,,,,,,,
173711,11-Mar-18,21:40:05,2018-03-11 21:40:05,G,1,3,1198,627,0,8,-62.5158,-60.4733,40:08.3,FastGPS,-62.5158,-60.4733,,,11.6,0.3,,,,15,12,8294,,,,17,934,,,,6,30104,,,,19,29656,,,,25,10188,,,,31,22639,,,,14,26726,,,,32,22729,,,,,,,,,,,,,,,,,,,,,,,,,,,,,,,,,,,,,,
173711,11-Mar-18,23:28:53,2018-03-11 23:28:53,G,1,3,1201,627,0,8,-62.5159,-60.4768,28:56.3,FastGPS,-62.5159,-60.4768,,1,11.5,0.3,,,,15,29,24250,,,,25,14835,,,,31,550,,,,23,1542,,,,26,30125,,,,4,32105,,,,3,15501,,,,16,11980,,,,,,,,,,,,,,,,,,,,,,,,,,,,,,,,,,,,,,
173711,12-Mar-18,1:00:04,2018-03-12 01:00:04,G,2,3,1204,627,0,6,-62.5175,-60.4622,00:08.3,FastGPS,-62.5175,-60.4622,,,5.2,1.3,,,,15,7,7694,,,,23,960,,,,6,23024,,,,16,30570,,,,30,18412,,,,9,30084,,,,,,,,,,,,,,,,,,,,,,,,,,,,,,,,,,,,,,,,,,,,,,,,
173711,12-Mar-18,2:00:03,2018-03-12 02:00:03,G,3,3,1205,629,0,6,-62.5148,-60.4741,00:07.3,FastGPS,-62.5148,-60.4741,,,13.2,1.3,,,,15,7,12450,,,,9,21576,,,,5,8676,,,,2,2334,,,,23,24154,,,,30,21278,,,,,,,,,,,,,,,,,,,,,,,,,,,,,,,,,,,,,,,,,,,,,,,,
173711,12-Mar-18,3:00:04,2018-03-12 03:00:04,G,1,3,1206,631,0,8,-62.5065,-60.4623,00:08.3,FastGPS,-62.5065,-60.4623,,,3.9,1.3,,,,15,8,29878,,,,7,14914,,,,5,14604,,,,27,8716,,,,30,12173,,,,28,27565,,,,9,29145,,,,13,31452,,,,,,,,,,,,,,,,,,,,,,,,,,,,,,,,,,,,,,
173711,12-Mar-18,3:30:07,2018-03-12 03:30:07,G,3,3,1207,631,0,6,-62.4929,-60.4859,30:11.2,FastGPS,-62.4929,-60.4859,,,4.4,1.2,,,,15,7,29809,,,,30,8784,,,,8,5409,,,,5,23590,,,,9,12254,,,,27,502,,,,,,,,,,,,,,,,,,,,,,,,,,,,,,,,,,,,,,,,,,,,,,,,
173711,12-Mar-18,4:33:15,2018-03-12 04:33:15,G,2,3,1209,631,0,6,-62.4757,-60.5056,33:18.8,FastGPS,-62.4757,-60.5056,,,7,0.8,,,,15,7,7660,,,,30,24940,,,,28,24102,,,,8,6491,,,,27,17930,,,,13,30958,,,,,,,,,,,,,,,,,,,,,,,,,,,,,,,,,,,,,,,,,,,,,,,,
173711,12-Mar-18,5:03:36,2018-03-12 05:03:36,G,1,3,1210,631,0,6,-62.4607,-60.5226,03:38.8,FastGPS,-62.4607,-60.5226,,,10.4,-0.2,,,,15,15,853,,,,20,31446,,,,28,29312,,,,30,21975,,,,7,27673,,,,13,5354,,,,,,,,,,,,,,,,,,,,,,,,,,,,,,,,,,,,,,,,,,,,,,,,
173711,12-Mar-18,8:35:08,2018-03-12 08:35:08,G,1,3,1216,633,0,4,-62.5065,-60.4623,00:08.3,FastGPS,-62.5118,-60.5322,,,0.1,0.5,,,,15,17,23017,,,,19,5921,,,,24,4926,,,,6,9930,,,,,,,,,,,,,,,,,,,,,,,,,,,,,,,,,,,,,,,,,,,,,,,,,,,,,,,,,,
173711,12-Mar-18,9:23:23,2018-03-12 09:23:23,G,1,3,1217,634,0,7,-62.5112,-60.5446,23:27.3,FastGPS,-62.5112,-60.5446,,,14.4,1.3,,,,15,12,30984,,,,17,17507,,,,19,26182,,,,3,28869,,,,32,21024,,,,25,10384,,,,6,28812,,,,,,,,,,,,,,,,,,,,,,,,,,,,,,,,,,,,,,,,,,,
173711,12-Mar-18,9:54:30,2018-03-12 09:54:30,G,1,3,1218,634,0,6,-62.5327,-60.535,54:34.3,FastGPS,-62.5327,-60.535,,,13.6,1.3,,,,15,31,15726,,,,12,15486,,,,29,1157,,,,25,24948,,,,32,2586,,,,3,24366,,,,,,,,,,,,,,,,,,,,,,,,,,,,,,,,,,,,,,,,,,,,,,,,
173711,12-Mar-18,11:39:00,2018-03-12 11:39:00,G,1,3,1221,635,0,5,-62.5373,-60.5522,39:03.8,FastGPS,-62.5373,-60.5522,,,3.8,0.8,,,,15,29,30297,,,,31,3591,,,,23,17414,,,,5,32231,,,,25,19486,,,,,,,,,,,,,,,,,,,,,,,,,,,,,,,,,,,,,,,,,,,,,,,,,,,,,
173711,12-Mar-18,13:41:35,2018-03-12 13:41:35,G,1,3,1223,639,0,4,-62.5118,-60.5322,35:11.5,FastGPS,,,,,,,,,,15,5,31566,,,,29,24932,,,,20,10696,,,,4,26168,,,,,,,,,,,,,,,,,,,,,,,,,,,,,,,,,,,,,,,,,,,,,,,,,,,,,,,,,,
173711,12-Mar-18,17:14:00,2018-03-12 17:14:00,G,1,3,1229,641,0,5,-62.5399,-60.5328,14:02.8,FastGPS,-62.5399,-60.5328,,,9.8,-0.2,,,,15,10,30087,,,,27,12906,,,,21,3007,,,,15,17222,,,,8,15914,,,,,,,,,,,,,,,,,,,,,,,,,,,,,,,,,,,,,,,,,,,,,,,,,,,,,
173711,12-Mar-18,19:55:44,2018-03-12 19:55:44,G,1,3,1233,643,0,7,-62.5442,-60.5408,55:46.8,FastGPS,-62.5442,-60.5408,,1,6.2,-0.2,,,,15,32,9221,,,,31,31006,,,,14,28497,,,,10,32296,,,,11,21038,,,,17,89,,,,18,6512,,,,,,,,,,,,,,,,,,,,,,,,,,,,,,,,,,,,,,,,,,,
173711,12-Mar-18,20:26:00,2018-03-12 20:26:00,G,2,3,1234,,0,9,-62.551,-60.545,26:02.8,FastGPS,-62.551,-60.545,,1,3.2,-0.2,,,,15,32,9767,,,,11,16089,,,,3,25654,,,,17,11139,,,,1,16251,,,,12,16756,,,,18,26494,,,,31,1894,,,,22,2464,,,,,,,,,,,,,,,,,,,,,,,,,,,,,,,,,
173711,13-Mar-18,3:34:02,2018-03-13 03:34:02,G,1,3,1244,651,0,8,-62.5592,-60.5667,34:05.3,FastGPS,-62.5592,-60.5667,,,17.9,0.3,,,,15,7,12559,,,,30,11881,,,,28,14936,,,,27,1726,,,,9,13531,,,,20,15388,,,,8,29409,,,,15,24286,,,,,,,,,,,,,,,,,,,,,,,,,,,,,,,,,,,,,,
173711,13-Mar-18,4:49:00,2018-03-13 04:49:00,G,1,3,1245,654,0,6,-62.5598,-60.5656,49:03.8,FastGPS,-62.5598,-60.5656,,,6,0.8,,,,15,7,28105,,,,30,9838,,,,28,4392,,,,13,23147,,,,5,16513,,,,15,25614,,,,,,,,,,,,,,,,,,,,,,,,,,,,,,,,,,,,,,,,,,,,,,,,
173711,13-Mar-18,10:23:51,2018-03-13 10:23:51,G,1,3,1249,658,0,8,-62.5467,-60.5488,23:54.3,FastGPS,-62.5467,-60.5488,,,7.9,0.3,,,,15,31,12772,,,,12,2264,,,,25,25564,,,,6,23104,,,,2,19883,,,,19,26931,,,,14,30090,,,,29,14375,,,,,,,,,,,,,,,,,,,,,,,,,,,,,,,,,,,,,,
173711,13-Mar-18,11:16:30,2018-03-13 11:16:30,G,1,3,1250,658,0,7,-62.5512,-60.513,16:33.8,FastGPS,-62.5512,-60.513,,1,9.6,0.8,,,,15,29,22423,,,,31,27599,,,,12,12482,,,,26,6913,,,,4,16601,,,,25,7740,,,,23,832,,,,,,,,,,,,,,,,,,,,,,,,,,,,,,,,,,,,,,,,,,,
173711,13-Mar-18,19:35:03,2018-03-13 19:35:03,G,1,3,1258,667,0,6,-62.4693,-60.8416,35:05.8,FastGPS,-62.4693,-60.8416,,1,3.3,-0.2,,,,15,10,14248,,,,32,6324,,,,11,6969,,,,1,16968,,,,18,28690,,,,24,23958,,,,,,,,,,,,,,,,,,,,,,,,,,,,,,,,,,,,,,,,,,,,,,,,
173711,14-Mar-18,0:52:33,2018-03-14 00:52:33,G,1,3,1266,671,0,6,-62.4585,-60.7584,52:35.8,FastGPS,-62.4585,-60.7584,,,6.9,-0.2,,,,15,5,5280,,,,7,23833,,,,29,1052,,,,9,9952,,,,23,9444,,,,2,9137,,,,,,,,,,,,,,,,,,,,,,,,,,,,,,,,,,,,,,,,,,,,,,,,
173711,14-Mar-18,1:22:03,2018-03-14 01:22:03,G,2,3,1267,671,0,8,-62.4668,-60.7352,22:05.9,FastGPS,-62.4668,-60.7352,,1,16.7,-0.1,,,,15,5,14328,,,,16,7208,,,,26,4492,,,,29,6792,,,,4,5679,,,,7,14360,,,,23,17196,,,,9,9800,,,,,,,,,,,,,,,,,,,,,,,,,,,,,,,,,,,,,,
173711,14-Mar-18,1:52:03,2018-03-14 01:52:03,G,2,3,1268,671,0,4,-62.4693,-60.8416,35:05.8,FastGPS,-62.4486,-60.7406,,,0.2,0.1,,,,15,30,128,,,,9,31015,,,,7,23396,,,,16,15892,,,,,,,,,,,,,,,,,,,,,,,,,,,,,,,,,,,,,,,,,,,,,,,,,,,,,,,,,,
173711,14-Mar-18,3:52:01,2018-03-14 03:52:01,G,1,3,1271,673,0,7,-62.4529,-60.8585,52:04.9,FastGPS,-62.4529,-60.8585,,,5.8,0.9,,,,15,13,16697,,,,5,2139,,,,15,7370,,,,20,30239,,,,28,31332,,,,30,8023,,,,27,19916,,,,,,,,,,,,,,,,,,,,,,,,,,,,,,,,,,,,,,,,,,,
173711,14-Mar-18,4:22:01,2018-03-14 04:22:01,G,1,3,1272,673,0,7,-62.4767,-60.8672,22:04.4,FastGPS,-62.4767,-60.8672,,,5.8,0.4,,,,15,15,369,,,,20,11701,,,,13,18086,,,,30,21988,,,,5,30476,,,,8,30116,,,,28,6233,,,,,,,,,,,,,,,,,,,,,,,,,,,,,,,,,,,,,,,,,,,
173711,14-Mar-18,5:22:17,2018-03-14 05:22:17,G,1,3,1274,673,0,6,-62.4953,-60.8686,22:20.8,FastGPS,-62.4953,-60.8686,,1,5.1,0.8,,,,15,11,30298,,,,8,30473,,,,15,7852,,,,18,226,,,,28,15904,,,,13,6309,,,,,,,,,,,,,,,,,,,,,,,,,,,,,,,,,,,,,,,,,,,,,,,,
173711,14-Mar-18,5:53:05,2018-03-14 05:53:05,G,1,3,1275,673,0,8,-62.5023,-60.8634,53:08.4,FastGPS,-62.5023,-60.8634,,1,5.9,0.4,,,,15,13,7894,,,,15,24213,,,,17,20840,,,,28,31378,,,,10,22310,,,,19,6896,,,,24,4392,,,,18,24221,,,,,,,,,,,,,,,,,,,,,,,,,,,,,,,,,,,,,,
173711,14-Mar-18,6:23:00,2018-03-14 06:23:00,G,2,3,1276,,0,9,-62.5069,-60.865,23:03.9,FastGPS,-62.5069,-60.865,,1,11.1,0.9,,,,15,17,15344,,,,13,19176,,,,18,19245,,,,24,30687,,,,28,16449,,,,15,6166,,,,1,18188,,,,10,26440,,,,11,26160,,,,,,,,,,,,,,,,,,,,,,,,,,,,,,,,,
173711,14-Mar-18,7:38:47,2018-03-14 07:38:47,G,2,3,1277,676,0,5,-62.5185,-60.8553,38:49.8,FastGPS,-62.5185,-60.8553,,,2.3,-0.1,,,,15,12,1749,,,,32,25228,,,,24,15688,,,,15,13329,,,,17,21068,,,,,,,,,,,,,,,,,,,,,,,,,,,,,,,,,,,,,,,,,,,,,,,,,,,,,
173711,14-Mar-18,8:25:32,2018-03-14 08:25:32,G,1,3,1278,,0,9,-62.5214,-60.8566,25:35.4,FastGPS,-62.5214,-60.8566,,,11.9,0.4,,,,15,17,27814,,,,14,18595,,,,12,26022,,,,22,5581,,,,3,3652,,,,1,23990,,,,32,6941,,,,25,18166,,,,24,7678,,,,,,,,,,,,,,,,,,,,,,,,,,,,,,,,,
173711,14-Mar-18,8:57:05,2018-03-14 08:57:05,G,1,3,1279,677,0,7,-62.5224,-60.8523,57:08.8,FastGPS,-62.5224,-60.8523,,,6.3,0.8,,,,15,17,10668,,,,12,24192,,,,2,29773,,,,32,19147,,,,6,4288,,,,24,8962,,,,22,12300,,,,,,,,,,,,,,,,,,,,,,,,,,,,,,,,,,,,,,,,,,,
173711,14-Mar-18,10:28:10,2018-03-14 10:28:10,G,1,3,1282,677,0,8,-62.4934,-60.8381,28:12.9,FastGPS,-62.4934,-60.8381,,,6.7,-0.1,,,,15,2,14814,,,,12,3050,,,,24,16792,,,,29,2256,,,,6,22114,,,,25,23024,,,,19,8080,,,,31,26834,,,,,,,,,,,,,,,,,,,,,,,,,,,,,,,,,,,,,,
173711,14-Mar-18,10:58:02,2018-03-14 10:58:02,G,3,3,1283,677,0,8,-62.4738,-60.7957,58:04.9,FastGPS,-62.4738,-60.7957,,1,4.4,-0.1,,,,15,12,7772,,,,25,26417,,,,31,21402,,,,6,20059,,,,29,28332,,,,23,20182,,,,2,3888,,,,4,1148,,,,,,,,,,,,,,,,,,,,,,,,,,,,,,,,,,,,,,
173711,14-Mar-18,11:28:00,2018-03-14 11:28:00,G,1,3,1284,677,1,4,-62.4486,-60.7406,52:06.1,FastGPS,-62.4739,-60.7957,,,1.5,-0.1,,,,15,12,23978,,,,5,26895,,,,2,12704,,,,25,29869,,,,,,,,,,,,,,,,,,,,,,,,,,,,,,,,,,,,,,,,,,,,,,,,,,,,,,,,,,
173711,14-Mar-18,11:58:00,2018-03-14 11:58:00,G,2,3,1285,677,1,6,-62.4738,-60.7954,58:02.8,FastGPS,-62.4738,-60.7954,,,10.8,-0.2,,,,15,12,113,,,,5,2172,,,,21,28185,,,,25,7684,,,,29,12790,,,,2,22979,,,,,,,,,,,,,,,,,,,,,,,,,,,,,,,,,,,,,,,,,,,,,,,,
173711,14-Mar-18,22:14:36,2018-03-14 22:14:36,G,1,3,1286,,0,9,-62.4735,-60.7976,14:38.9,FastGPS,-62.4735,-60.7976,,,8.7,-0.1,,,,15,31,15862,,,,22,23954,,,,3,8750,,,,17,3266,,,,9,12615,,,,23,18972,,,,6,2704,,,,19,4212,,,,1,796,,,,,,,,,,,,,,,,,,,,,,,,,,,,,,,,,
173711,14-Mar-18,22:44:42,2018-03-14 22:44:42,G,1,3,1287,,0,9,-62.4581,-60.8196,44:44.9,FastGPS,-62.4581,-60.8196,,1,13.8,-0.1,,,,15,31,8849,,,,3,26663,,,,23,27646,,,,22,24768,,,,6,23032,,,,26,7110,,,,4,2168,,,,9,25560,,,,17,18834,,,,,,,,,,,,,,,,,,,,,,,,,,,,,,,,,
173711,15-Mar-18,0:45:47,2018-03-15 00:45:47,G,1,3,1290,,0,9,-62.4433,-60.7887,45:50.4,FastGPS,-62.4433,-60.7887,,1,11.8,0.4,,,,15,9,31934,,,,7,2286,,,,2,3552,,,,29,25041,,,,5,15324,,,,23,7114,,,,16,28158,,,,26,16498,,,,4,3594,,,,,,,,,,,,,,,,,,,,,,,,,,,,,,,,,
173711,15-Mar-18,3:41:42,2018-03-15 03:41:42,G,2,3,1294,682,0,7,-62.5372,-61.0341,41:45.4,FastGPS,-62.5372,-61.0341,,,8.5,0.4,,,,15,13,17751,,,,30,32453,,,,27,15287,,,,20,6618,,,,5,5576,,,,15,31783,,,,7,26496,,,,,,,,,,,,,,,,,,,,,,,,,,,,,,,,,,,,,,,,,,,
173711,15-Mar-18,4:27:00,2018-03-15 04:27:00,G,1,3,1295,683,0,6,-62.5354,-61.1106,27:03.4,FastGPS,-62.5354,-61.1106,,,10.4,0.4,,,,15,7,14504,,,,15,12554,,,,13,9463,,,,30,10456,,,,28,6956,,,,20,19302,,,,,,,,,,,,,,,,,,,,,,,,,,,,,,,,,,,,,,,,,,,,,,,,
173711,15-Mar-18,6:14:01,2018-03-15 06:14:01,G,1,3,1298,684,0,6,-62.5076,-61.2333,14:04.4,FastGPS,-62.5076,-61.2333,,,8,0.4,,,,15,17,15809,,,,15,200,,,,28,17596,,,,13,22489,,,,19,12971,,,,24,406,,,,,,,,,,,,,,,,,,,,,,,,,,,,,,,,,,,,,,,,,,,,,,,,
173711,15-Mar-18,6:45:14,2018-03-15 06:45:14,G,1,3,1299,684,0,5,-62.5104,-61.2357,45:16.8,FastGPS,-62.5104,-61.2357,,,2.1,-0.2,,,,15,17,20056,,,,19,14901,,,,24,19147,,,,15,17362,,,,12,16964,,,,,,,,,,,,,,,,,,,,,,,,,,,,,,,,,,,,,,,,,,,,,,,,,,,,,
173711,15-Mar-18,7:16:55,2018-03-15 07:16:55,G,2,3,1300,684,0,6,-62.5164,-61.209,16:57.9,FastGPS,-62.5164,-61.209,,,11.8,-0.1,,,,15,17,30867,,,,24,32506,,,,1,32219,,,,12,2358,,,,10,2020,,,,28,6236,,,,,,,,,,,,,,,,,,,,,,,,,,,,,,,,,,,,,,,,,,,,,,,,
173711,15-Mar-18,8:03:05,2018-03-15 08:03:05,G,1,3,1301,685,0,5,-62.5418,-61.1364,03:08.4,FastGPS,-62.5418,-61.1364,,,16,0.4,,,,15,17,15696,,,,32,14272,,,,6,31833,,,,19,21586,,,,12,11531,,,,,,,,,,,,,,,,,,,,,,,,,,,,,,,,,,,,,,,,,,,,,,,,,,,,,
173711,15-Mar-18,12:47:32,2018-03-15 12:47:32,G,1,3,1307,690,0,4,-62.5104,-61.2357,45:16.8,FastGPS,,,,,,,,,,15,29,30974,,,,5,1187,,,,4,82,,,,21,21638,,,,,,,,,,,,,,,,,,,,,,,,,,,,,,,,,,,,,,,,,,,,,,,,,,,,,,,,,,
173711,15-Mar-18,14:06:09,2018-03-15 14:06:09,G,1,3,1309,691,0,6,-62.5201,-60.8427,06:12.9,FastGPS,-62.5201,-60.8427,,1,12.5,0.9,,,,15,29,2165,,,,20,18384,,,,26,24640,,,,16,14358,,,,4,1078,,,,5,14002,,,,,,,,,,,,,,,,,,,,,,,,,,,,,,,,,,,,,,,,,,,,,,,,
173711,15-Mar-18,14:56:36,2018-03-15 14:56:36,G,1,3,1310,,0,9,-62.4975,-60.8344,56:38.9,FastGPS,-62.4975,-60.8344,,,5.7,-0.1,,,,15,15,9850,,,,7,8225,,,,27,25940,,,,21,6808,,,,16,22570,,,,20,6386,,,,8,12565,,,,29,4787,,,,30,7926,,,,,,,,,,,,,,,,,,,,,,,,,,,,,,,,,
173711,15-Mar-18,15:26:13,2018-03-15 15:26:13,G,1,3,1311,692,0,7,-62.4935,-60.8348,26:16.4,FastGPS,-62.4935,-60.8348,,1,12.7,0.4,,,,15,27,13726,,,,10,2550,,,,15,12934,,,,16,3129,,,,4,8467,,,,26,15909,,,,21,21236,,,,,,,,,,,,,,,,,,,,,,,,,,,,,,,,,,,,,,,,,,,
173711,15-Mar-18,18:30:31,2018-03-15 18:30:31,G,1,3,1315,,0,9,-62.4511,-60.8163,30:35.4,FastGPS,-62.4511,-60.8163,,1,10.8,1.4,,,,15,32,25781,,,,10,15482,,,,27,1696,,,,22,17736,,,,8,3716,,,,18,4849,,,,11,3018,,,,14,18284,,,,1,7764,,,,,,,,,,,,,,,,,,,,,,,,,,,,,,,,,
173711,15-Mar-18,19:01:51,2018-03-15 19:01:51,G,2,3,1316,696,0,8,-62.4524,-60.8113,01:55.4,FastGPS,-62.4524,-60.8113,,1,17.9,1.4,,,,15,10,32558,,,,1,6434,,,,18,6877,,,,8,23172,,,,14,32196,,,,11,12106,,,,22,17118,,,,32,26950,,,,,,,,,,,,,,,,,,,,,,,,,,,,,,,,,,,,,,
173711,15-Mar-18,20:20:08,2018-03-15 20:20:08,G,1,3,1318,697,0,8,-62.4677,-60.8416,20:12.4,FastGPS,-62.4677,-60.8416,,2,3.8,1.4,,,,15,18,29428,,,,31,11595,,,,22,29906,,,,11,21171,,,,14,17202,,,,32,6331,,,,3,31364,,,,1,31934,,,,,,,,,,,,,,,,,,,,,,,,,,,,,,,,,,,,,,
173711,15-Mar-18,20:52:44,2018-03-15 20:52:44,G,1,3,1319,697,0,8,-62.4678,-60.8417,52:47.9,FastGPS,-62.4678,-60.8417,,1,8.1,1,,,,15,17,5662,,,,32,10266,,,,31,12220,,,,19,25568,,,,12,26372,,,,3,30802,,,,22,3817,,,,14,14336,,,,,,,,,,,,,,,,,,,,,,,,,,,,,,,,,,,,,,
173711,15-Mar-18,22:31:59,2018-03-15 22:31:59,G,1,3,1322,697,0,5,-62.461,-60.8172,32:02.4,FastGPS,-62.461,-60.8172,,,8.6,0.4,,,,15,9,13890,,,,23,5738,,,,17,15813,,,,19,21050,,,,22,16802,,,,,,,,,,,,,,,,,,,,,,,,,,,,,,,,,,,,,,,,,,,,,,,,,,,,,
173711,15-Mar-18,23:36:54,2018-03-15 23:36:54,G,1,3,1324,697,0,8,-62.4586,-60.8216,36:58.4,FastGPS,-62.4586,-60.8216,,1,12.5,1.4,,,,15,4,1969,,,,2,11416,,,,31,13330,,,,9,13924,,,,26,23192,,,,6,3133,,,,23,28597,,,,29,4063,,,,,,,,,,,,,,,,,,,,,,,,,,,,,,,,,,,,,,
173711,16-Mar-18,5:28:55,2018-03-16 05:28:55,G,1,3,1326,698,0,4,-62.495,-60.8398,57:41.4,FastGPS,-62.532,-61.0984,,,0.7,1.5,,,,15,15,25699,,,,13,16844,,,,17,14333,,,,19,216,,,,,,,,,,,,,,,,,,,,,,,,,,,,,,,,,,,,,,,,,,,,,,,,,,,,,,,,,,
173711,16-Mar-18,7:12:09,2018-03-16 07:12:09,G,1,3,1327,700,0,5,-62.5234,-61.1426,12:13.4,FastGPS,-62.5234,-61.1426,,,8.3,1.4,,,,15,15,24512,,,,1,32675,,,,17,30748,,,,12,31848,,,,19,7924,,,,,,,,,,,,,,,,,,,,,,,,,,,,,,,,,,,,,,,,,,,,,,,,,,,,,
173711,16-Mar-18,9:57:50,2018-03-16 09:57:50,G,1,3,1328,700,0,8,-62.543,-60.9786,57:52.9,FastGPS,-62.543,-60.9786,,,6.7,-0.1,,,,15,31,7966,,,,12,1524,,,,25,12808,,,,14,8366,,,,29,32495,,,,6,20614,,,,32,14729,,,,2,3642,,,,,,,,,,,,,,,,,,,,,,,,,,,,,,,,,,,,,,
173711,16-Mar-18,10:29:43,2018-03-16 10:29:43,G,1,3,1329,700,0,5,-62.5456,-60.9313,29:46.4,FastGPS,-62.5456,-60.9313,,,3.9,0.4,,,,15,12,15218,,,,29,9183,,,,31,26506,,,,6,146,,,,2,24021,,,,,,,,,,,,,,,,,,,,,,,,,,,,,,,,,,,,,,,,,,,,,,,,,,,,,
173711,16-Mar-18,14:10:01,2018-03-16 14:10:01,G,1,3,1335,702,0,8,-62.4964,-60.8374,10:04.4,FastGPS,-62.4964,-60.8374,,1,6.1,0.4,,,,15,27,11439,,,,16,3098,,,,26,20053,,,,29,13660,,,,4,22142,,,,15,16041,,,,20,3545,,,,21,17670,,,,,,,,,,,,,,,,,,,,,,,,,,,,,,,,,,,,,,
173711,16-Mar-18,14:40:00,2018-03-16 14:40:00,G,1,3,1336,702,0,8,-62.492,-60.8325,40:03.4,FastGPS,-62.492,-60.8325,,1,4.1,0.4,,,,15,4,24141,,,,16,24209,,,,7,29580,,,,27,7672,,,,26,12092,,,,30,3728,,,,5,23448,,,,21,8071,,,,,,,,,,,,,,,,,,,,,,,,,,,,,,,,,,,,,,
173711,16-Mar-18,16:57:38,2018-03-16 16:57:38,G,2,3,1339,705,0,5,-62.4762,-60.8028,28:29.0,FastGPS,-62.495,-60.8398,,1,0.2,0.4,,,,15,10,25310,,,,8,11345,,,,27,8898,,,,18,15417,,,,15,11411,,,,,,,,,,,,,,,,,,,,,,,,,,,,,,,,,,,,,,,,,,,,,,,,,,,,,
173711,16-Mar-18,17:28:26,2018-03-16 17:28:26,G,1,3,1340,705,0,5,-62.475,-60.794,3/17/2018 1:01,K,-62.4762,-60.8028,,1,0.5,0,,,,15,10,25802,,,,28,23666,,,,11,22654,,,,18,2427,,,,24,19125,,,,,,,,,,,,,,,,,,,,,,,,,,,,,,,,,,,,,,,,,,,,,,,,,,,,,
173711,17-Mar-18,2:05:43,2018-03-17 02:05:43,G,1,3,1342,706,0,5,-62.4692,-60.8279,05:46.4,FastGPS,-62.4692,-60.8279,,,7.6,0.5,,,,15,7,22090,,,,30,27757,,,,9,3045,,,,5,17697,,,,16,30154,,,,,,,,,,,,,,,,,,,,,,,,,,,,,,,,,,,,,,,,,,,,,,,,,,,,,
173711,17-Mar-18,3:43:15,2018-03-17 03:43:15,G,3,3,1344,707,0,7,-62.4512,-60.8808,43:19.0,FastGPS,-62.4512,-60.8808,,,10.4,1,,,,15,5,16113,,,,28,4759,,,,15,14424,,,,13,18380,,,,30,28542,,,,7,828,,,,20,20915,,,,,,,,,,,,,,,,,,,,,,,,,,,,,,,,,,,,,,,,,,,
173711,17-Mar-18,6:12:42,2018-03-17 06:12:42,G,1,3,1345,,0,9,-62.5168,-61.1032,12:44.9,FastGPS,-62.5168,-61.1032,,1,7.3,0,,,,15,15,25348,,,,17,9338,,,,24,27900,,,,13,640,,,,28,30256,,,,19,11676,,,,12,20036,,,,18,7394,,,,1,9955,,,,,,,,,,,,,,,,,,,,,,,,,,,,,,,,,
173711,17-Mar-18,6:43:02,2018-03-17 06:43:02,G,1,3,1346,,0,9,-62.5168,-61.1034,43:04.9,FastGPS,-62.5168,-61.1034,,1,13.9,0,,,,15,24,9784,,,,10,16946,,,,32,19244,,,,17,6066,,,,28,25971,,,,18,4938,,,,19,8792,,,,1,1666,,,,11,17954,,,,,,,,,,,,,,,,,,,,,,,,,,,,,,,,,
173711,17-Mar-18,10:51:09,2018-03-17 10:51:09,G,1,3,1348,707,0,5,-62.6044,-60.9727,51:12.4,FastGPS,-62.6044,-60.9727,,,8,0.4,,,,15,12,7918,,,,23,19723,,,,2,17650,,,,31,18230,,,,25,11614,,,,,,,,,,,,,,,,,,,,,,,,,,,,,,,,,,,,,,,,,,,,,,,,,,,,,
173711,17-Mar-18,12:30:54,2018-03-17 12:30:54,G,1,3,1351,707,0,6,-62.5592,-60.8762,30:57.0,FastGPS,-62.5592,-60.8762,,,1.2,0,,,,15,5,17309,,,,2,16000,,,,20,15190,,,,29,31034,,,,9,25306,,,,25,10556,,,,,,,,,,,,,,,,,,,,,,,,,,,,,,,,,,,,,,,,,,,,,,,,
173711,17-Mar-18,13:01:47,2018-03-17 13:01:47,G,2,3,1352,707,0,8,-62.5336,-60.8497,01:50.5,FastGPS,-62.5336,-60.8497,,1,3.9,0.5,,,,15,5,23012,,,,29,13179,,,,21,16318,,,,20,7888,,,,26,2816,,,,25,7448,,,,4,5250,,,,31,16850,,,,,,,,,,,,,,,,,,,,,,,,,,,,,,,,,,,,,,
173711,17-Mar-18,23:19:56,2018-03-17 23:19:56,G,1,4,1368,716,0,4,-62.45,-60.801,3/18/2018 13:08,R,-62.4656,-60.8237,,,0.3,-0.4,,,,15,9,6453,,,,2,10038,,,,23,19990,,,,29,29854,,,,,,,,,,,,,,,,,,,,,,,,,,,,,,,,,,,,,,,,,,,,,,,,,,,,,,,,,,
173711,18-Mar-18,2:41:31,2018-03-18 02:41:31,G,1,4,1372,721,0,6,-62.5244,-61.1238,41:34.5,FastGPS,-62.5244,-61.1238,,,9.2,-0.5,,,,15,30,6470,,,,9,22424,,,,13,15486,,,,7,24279,,,,27,453,,,,8,1930,,,,,,,,,,,,,,,,,,,,,,,,,,,,,,,,,,,,,,,,,,,,,,,,
173711,18-Mar-18,5:13:52,2018-03-18 05:13:52,G,1,4,1376,723,0,5,-62.449,-60.856,3/19/2018 3:08,A,-62.5251,-61.1479,,1,1.2,0,,,,15,15,27099,,,,8,14620,,,,11,17270,,,,18,26981,,,,10,16190,,,,,,,,,,,,,,,,,,,,,,,,,,,,,,,,,,,,,,,,,,,,,,,,,,,,,
173711,18-Mar-18,6:45:06,2018-03-18 06:45:06,G,2,4,1379,723,0,7,-62.4896,-61.1691,45:10.0,FastGPS,-62.4896,-61.1691,,1,5.6,0,,,,15,17,17188,,,,28,211,,,,18,30062,,,,13,3266,,,,1,5443,,,,10,9813,,,,11,5897,,,,,,,,,,,,,,,,,,,,,,,,,,,,,,,,,,,,,,,,,,,
173711,18-Mar-18,7:15:15,2018-03-18 07:15:15,G,1,4,1380,723,0,7,-62.4888,-61.174,15:19.0,FastGPS,-62.4888,-61.174,,,13.9,0,,,,15,12,770,,,,17,17495,,,,32,26696,,,,24,1750,,,,1,8748,,,,19,15474,,,,15,2836,,,,,,,,,,,,,,,,,,,,,,,,,,,,,,,,,,,,,,,,,,,
173711,18-Mar-18,8:02:26,2018-03-18 08:02:26,G,2,4,1381,724,0,7,-62.4809,-61.1661,02:29.5,FastGPS,-62.4809,-61.1661,,,9.3,-0.5,,,,15,12,20820,,,,32,10328,,,,22,8324,,,,17,26677,,,,24,27352,,,,3,27709,,,,19,23810,,,,,,,,,,,,,,,,,,,,,,,,,,,,,,,,,,,,,,,,,,,
173711,18-Mar-18,9:06:00,2018-03-18 09:06:00,G,2,4,1382,726,0,8,-62.5036,-61.067,06:03.5,FastGPS,-62.5036,-61.067,,,15.4,-0.5,,,,15,17,9258,,,,12,26419,,,,6,27110,,,,31,15284,,,,25,28307,,,,14,12280,,,,32,3555,,,,22,24601,,,,,,,,,,,,,,,,,,,,,,,,,,,,,,,,,,,,,,
173711,18-Mar-18,11:34:16,2018-03-18 11:34:16,G,1,4,1386,727,0,6,-62.5088,-60.8427,34:19.5,FastGPS,-62.5088,-60.8427,,1,7,-0.5,,,,15,5,30698,,,,29,23870,,,,12,17244,,,,2,2342,,,,25,11060,,,,4,31232,,,,,,,,,,,,,,,,,,,,,,,,,,,,,,,,,,,,,,,,,,,,,,,,
173711,18-Mar-18,13:09:05,2018-03-18 13:09:05,G,1,4,1389,727,0,7,-62.4525,-60.8039,09:09.5,FastGPS,-62.4525,-60.8039,,1,6.5,0.5,,,,15,5,17345,,,,29,23536,,,,4,8456,,,,21,2156,,,,26,18401,,,,20,16950,,,,16,32185,,,,,,,,,,,,,,,,,,,,,,,,,,,,,,,,,,,,,,,,,,,
173711,18-Mar-18,14:11:00,2018-03-18 14:11:00,G,1,4,1391,727,0,4,-62.4513,-60.8447,14:23.5,FastGPS,,,,,,,,,,15,4,25626,,,,29,8186,,,,26,31018,,,,27,15474,,,,,,,,,,,,,,,,,,,,,,,,,,,,,,,,,,,,,,,,,,,,,,,,,,,,,,,,,,
173711,19-Mar-18,1:56:02,2018-03-19 01:56:02,G,1,4,1397,730,0,6,-62.4493,-60.8434,56:06.5,FastGPS,-62.4493,-60.8434,,,4.9,0.5,,,,15,5,21778,,,,30,29590,,,,7,27977,,,,9,13883,,,,13,28608,,,,27,22865,,,,,,,,,,,,,,,,,,,,,,,,,,,,,,,,,,,,,,,,,,,,,,,,
173711,19-Mar-18,2:42:01,2018-03-19 02:42:01,G,1,4,1398,731,0,6,-62.4528,-60.858,42:05.5,FastGPS,-62.4528,-60.858,,,9.7,0.5,,,,15,7,1430,,,,13,17700,,,,30,28270,,,,21,8555,,,,8,3804,,,,28,26168,,,,,,,,,,,,,,,,,,,,,,,,,,,,,,,,,,,,,,,,,,,,,,,,
173711,19-Mar-18,3:14:09,2018-03-19 03:14:09,G,1,4,1399,731,0,7,-62.4516,-60.8738,14:13.5,FastGPS,-62.4516,-60.8738,,,16.9,0.5,,,,15,28,5760,,,,7,30846,,,,8,5087,,,,30,10403,,,,13,16511,,,,5,3352,,,,27,29430,,,,,,,,,,,,,,,,,,,,,,,,,,,,,,,,,,,,,,,,,,,
173711,19-Mar-18,3:44:28,2018-03-19 03:44:28,G,1,4,1400,,0,9,-62.4544,-60.8222,44:32.5,FastGPS,-62.4544,-60.8222,,,6.5,0.5,,,,15,15,2002,,,,20,7172,,,,13,22336,,,,30,28482,,,,8,76,,,,7,13601,,,,5,31456,,,,27,337,,,,28,21543,,,,,,,,,,,,,,,,,,,,,,,,,,,,,,,,,
173711,19-Mar-18,4:14:19,2018-03-19 04:14:19,G,2,4,1401,731,0,4,-62.474,-60.798,3/19/2018 10:58,R,-62.4513,-60.8447,,,0.3,0.6,,,,15,13,5280,,,,5,16255,,,,15,15474,,,,20,6750,,,,,,,,,,,,,,,,,,,,,,,,,,,,,,,,,,,,,,,,,,,,,,,,,,,,,,,,,,
173711,19-Mar-18,5:44:25,2018-03-19 05:44:25,G,1,4,1403,733,0,7,-62.4548,-60.8451,44:28.5,FastGPS,-62.4548,-60.8451,,,7.3,-0.5,,,,15,15,13245,,,,13,1178,,,,17,31498,,,,28,27790,,,,19,22152,,,,30,22926,,,,1,26238,,,,,,,,,,,,,,,,,,,,,,,,,,,,,,,,,,,,,,,,,,,
173711,19-Mar-18,6:45:12,2018-03-19 06:45:12,G,1,4,1405,,0,9,-62.4452,-60.8507,45:15.0,FastGPS,-62.4452,-60.8507,,1,7.8,-1,,,,15,17,13295,,,,10,23552,,,,24,26015,,,,28,5350,,,,11,18923,,,,12,24433,,,,18,12784,,,,19,31258,,,,15,930,,,,,,,,,,,,,,,,,,,,,,,,,,,,,,,,,
173711,19-Mar-18,7:49:52,2018-03-19 07:49:52,G,1,4,1406,735,0,6,-62.4544,-60.8363,49:56.5,FastGPS,-62.4544,-60.8363,,,11.6,0.5,,,,15,12,14242,,,,17,3794,,,,32,12802,,,,19,15332,,,,24,20285,,,,14,24062,,,,,,,,,,,,,,,,,,,,,,,,,,,,,,,,,,,,,,,,,,,,,,,,
173711,19-Mar-18,8:20:10,2018-03-19 08:20:10,G,3,4,1407,735,0,5,-62.4605,-60.8333,20:13.5,FastGPS,-62.4605,-60.8333,,,11.2,-0.5,,,,15,24,16602,,,,12,29959,,,,2,12443,,,,17,12988,,,,19,21671,,,,,,,,,,,,,,,,,,,,,,,,,,,,,,,,,,,,,,,,,,,,,,,,,,,,,
173711,19-Mar-18,8:50:40,2018-03-19 08:50:40,G,1,4,1408,735,0,4,-62.4513,-60.8447,14:23.5,FastGPS,-62.4588,-60.832,,,1.4,-0.5,,,,15,12,6377,,,,32,5994,,,,25,7546,,,,24,31062,,,,,,,,,,,,,,,,,,,,,,,,,,,,,,,,,,,,,,,,,,,,,,,,,,,,,,,,,,
173711,19-Mar-18,9:20:00,2018-03-19 09:20:00,G,1,4,1409,,0,9,-62.4675,-60.8318,20:03.0,FastGPS,-62.4675,-60.8318,,,14.6,-1,,,,15,17,23008,,,,19,36,,,,25,19229,,,,12,27746,,,,14,10828,,,,32,29558,,,,6,6874,,,,3,7832,,,,29,15496,,,,,,,,,,,,,,,,,,,,,,,,,,,,,,,,,
173711,19-Mar-18,23:01:19,2018-03-19 23:01:19,G,1,4,1413,738,0,7,-62.4681,-60.8407,01:23.0,FastGPS,-62.4681,-60.8407,,,7.3,0,,,,15,23,29476,,,,2,20862,,,,6,2930,,,,31,7698,,,,3,25890,,,,29,2448,,,,9,12018,,,,,,,,,,,,,,,,,,,,,,,,,,,,,,,,,,,,,,,,,,,
173711,19-Mar-18,23:31:00,2018-03-19 23:31:00,G,1,4,1414,,0,9,-62.468,-60.84,31:04.0,FastGPS,-62.468,-60.84,,1,7.3,0,,,,15,4,21925,,,,23,30487,,,,9,22590,,,,6,5149,,,,16,11344,,,,26,20526,,,,29,10635,,,,31,18648,,,,2,10404,,,,,,,,,,,,,,,,,,,,,,,,,,,,,,,,,
173711,20-Mar-18,0:03:16,2018-03-20 00:03:16,G,2,4,1415,738,0,4,-62.444,-60.378,3/20/2018 11:18,K,-62.4578,-60.8623,,,0.3,-0.1,,,,15,6,14800,,,,3,13753,,,,2,5602,,,,23,13232,,,,,,,,,,,,,,,,,,,,,,,,,,,,,,,,,,,,,,,,,,,,,,,,,,,,,,,,,,
173711,20-Mar-18,0:34:34,2018-03-20 00:34:34,G,1,4,1416,738,0,8,-62.4403,-60.8842,34:38.5,FastGPS,-62.4403,-60.8842,,1,7.7,0.6,,,,15,7,14394,,,,16,12071,,,,29,24429,,,,26,6392,,,,2,25656,,,,5,31809,,,,23,13700,,,,4,20599,,,,,,,,,,,,,,,,,,,,,,,,,,,,,,,,,,,,,,
173711,20-Mar-18,1:53:02,2018-03-20 01:53:02,G,1,4,1418,739,0,6,-62.4603,-60.8435,53:05.6,FastGPS,-62.4603,-60.8435,,,5.9,-0.4,,,,15,5,11634,,,,7,16436,,,,9,31438,,,,16,24861,,,,27,14264,,,,30,20636,,,,,,,,,,,,,,,,,,,,,,,,,,,,,,,,,,,,,,,,,,,,,,,,
173711,20-Mar-18,2:25:00,2018-03-20 02:25:00,G,2,4,1419,739,0,5,-62.4357,-60.8329,25:03.6,FastGPS,-62.4357,-60.8329,,,1.5,-0.4,,,,15,5,15816,,,,7,16242,,,,9,3126,,,,8,16394,,,,28,13705,,,,,,,,,,,,,,,,,,,,,,,,,,,,,,,,,,,,,,,,,,,,,,,,,,,,,
173711,20-Mar-18,3:27:25,2018-03-20 03:27:25,G,2,4,1421,739,0,7,-62.4177,-60.7707,27:29.1,FastGPS,-62.4177,-60.7707,,,2.6,0.1,,,,15,7,12287,,,,13,7216,,,,15,29270,,,,20,8960,,,,5,25551,,,,8,5870,,,,27,10768,,,,,,,,,,,,,,,,,,,,,,,,,,,,,,,,,,,,,,,,,,,
173711,20-Mar-18,3:57:38,2018-03-20 03:57:38,G,1,4,1422,739,0,7,-62.4271,-60.7163,57:42.5,FastGPS,-62.4271,-60.7163,,,10.4,0.6,,,,15,15,15494,,,,7,24696,,,,30,6568,,,,8,14470,,,,20,23025,,,,28,23014,,,,13,1462,,,,,,,,,,,,,,,,,,,,,,,,,,,,,,,,,,,,,,,,,,,
173711,20-Mar-18,8:44:06,2018-03-20 08:44:06,G,1,4,1430,741,0,7,-62.4097,-60.4421,44:10.5,FastGPS,-62.4097,-60.4421,,,10.2,0.5,,,,15,6,17636,,,,12,24464,,,,32,27445,,,,24,27246,,,,25,17286,,,,19,11869,,,,17,17290,,,,,,,,,,,,,,,,,,,,,,,,,,,,,,,,,,,,,,,,,,,
173711,20-Mar-18,10:52:07,2018-03-20 10:52:07,G,1,4,1433,741,0,7,-62.445,-60.3596,52:11.0,FastGPS,-62.445,-60.3596,,1,2.7,0.1,,,,15,31,11242,,,,12,10220,,,,29,12268,,,,25,17625,,,,2,13604,,,,4,13446,,,,5,25531,,,,,,,,,,,,,,,,,,,,,,,,,,,,,,,,,,,,,,,,,,,
173711,20-Mar-18,11:54:07,2018-03-20 11:54:07,G,1,4,1434,743,0,7,-62.4572,-60.3641,54:11.5,FastGPS,-62.4572,-60.3641,,1,11.3,0.5,,,,15,4,30356,,,,29,19942,,,,23,24378,,,,31,18366,,,,2,6874,,,,26,3323,,,,16,10742,,,,,,,,,,,,,,,,,,,,,,,,,,,,,,,,,,,,,,,,,,,
173711,20-Mar-18,13:54:00,2018-03-20 13:54:00,G,3,4,1438,743,1,4,-62.4533,-60.3764,25:15.1,FastGPS,-62.4602,-60.3356,,,0.1,0,,,,15,7,14660,,,,5,1478,,,,27,13240,,,,16,5316,,,,,,,,,,,,,,,,,,,,,,,,,,,,,,,,,,,,,,,,,,,,,,,,,,,,,,,,,,
173711,20-Mar-18,14:24:00,2018-03-20 14:24:00,G,3,4,1439,743,1,6,-62.4601,-60.3349,24:04.1,FastGPS,-62.4601,-60.3349,,,6.2,0.1,,,,15,7,14721,,,,5,9284,,,,30,22845,,,,27,25382,,,,13,1716,,,,16,8628,,,,,,,,,,,,,,,,,,,,,,,,,,,,,,,,,,,,,,,,,,,,,,,,
173711,20-Mar-18,23:55:39,2018-03-20 23:55:39,G,2,4,1443,746,0,7,-62.4693,-60.3664,55:43.6,FastGPS,-62.4693,-60.3664,,,9.1,0.6,,,,15,7,17001,,,,6,16749,,,,23,17901,,,,2,32112,,,,16,15790,,,,9,17607,,,,30,6030,,,,,,,,,,,,,,,,,,,,,,,,,,,,,,,,,,,,,,,,,,,
173711,21-Mar-18,0:25:11,2018-03-21 00:25:11,G,3,4,1444,746,0,4,-62.426,-60.561,3/21/2018 4:48,P,-62.4533,-60.3764,,,1,0.1,,,,15,7,11612,,,,26,4407,,,,9,25982,,,,16,28159,,,,,,,,,,,,,,,,,,,,,,,,,,,,,,,,,,,,,,,,,,,,,,,,,,,,,,,,,,
173711,21-Mar-18,0:55:05,2018-03-21 00:55:05,G,1,4,1445,746,0,7,-62.4421,-60.3934,55:09.6,FastGPS,-62.4421,-60.3934,,,19.8,0.6,,,,15,5,22072,,,,9,11180,,,,16,9648,,,,7,21835,,,,23,11987,,,,2,11706,,,,26,2058,,,,,,,,,,,,,,,,,,,,,,,,,,,,,,,,,,,,,,,,,,,
173711,21-Mar-18,1:55:31,2018-03-21 01:55:31,G,1,4,1447,746,0,5,-62.4428,-60.4638,55:34.5,FastGPS,-62.4428,-60.4638,,,1.6,-0.5,,,,15,5,12926,,,,7,11648,,,,9,6454,,,,13,12875,,,,30,31837,,,,,,,,,,,,,,,,,,,,,,,,,,,,,,,,,,,,,,,,,,,,,,,,,,,,,
173711,21-Mar-18,2:26:16,2018-03-21 02:26:16,G,2,4,1448,746,0,6,-62.4267,-60.5074,26:19.1,FastGPS,-62.4267,-60.5074,,,12,-0.9,,,,15,8,16162,,,,28,22168,,,,5,23450,,,,7,20205,,,,9,27088,,,,27,21382,,,,,,,,,,,,,,,,,,,,,,,,,,,,,,,,,,,,,,,,,,,,,,,,
173711,21-Mar-18,3:17:00,2018-03-21 03:17:00,G,2,4,1449,746,0,8,-62.4,-60.535,17:04.1,FastGPS,-62.4,-60.535,,,6.9,0.1,,,,15,5,25854,,,,28,10676,,,,15,15342,,,,13,3693,,,,21,30720,,,,30,22456,,,,20,11401,,,,27,3759,,,,,,,,,,,,,,,,,,,,,,,,,,,,,,,,,,,,,,
173711,21-Mar-18,4:06:02,2018-03-21 04:06:02,G,2,4,1450,747,0,4,-62.4533,-60.3764,25:15.1,FastGPS,-62.4293,-60.5637,,,0.4,0.1,,,,15,15,4260,,,,13,27977,,,,5,6465,,,,20,28384,,,,,,,,,,,,,,,,,,,,,,,,,,,,,,,,,,,,,,,,,,,,,,,,,,,,,,,,,,
173711,21-Mar-18,4:36:23,2018-03-21 04:36:23,G,2,4,1451,747,0,6,-62.4243,-60.583,36:27.6,FastGPS,-62.4243,-60.583,,,7.2,0.6,,,,15,17,4464,,,,15,3548,,,,8,11026,,,,30,5120,,,,11,26264,,,,13,16635,,,,,,,,,,,,,,,,,,,,,,,,,,,,,,,,,,,,,,,,,,,,,,,,
173711,21-Mar-18,5:07:51,2018-03-21 05:07:51,G,3,4,1452,,0,9,-62.4095,-60.5703,07:54.1,FastGPS,-62.4095,-60.5703,,,17.4,-0.9,,,,15,15,17448,,,,13,12452,,,,24,29253,,,,20,20544,,,,10,17576,,,,18,28712,,,,8,14138,,,,11,13965,,,,28,30106,,,,,,,,,,,,,,,,,,,,,,,,,,,,,,,,,
173711,21-Mar-18,5:47:37,2018-03-21 05:47:37,G,2,4,1453,747,0,7,-62.4241,-60.5596,47:41.6,FastGPS,-62.4241,-60.5596,,,6.3,0.6,,,,15,10,13267,,,,15,6279,,,,24,29200,,,,13,1858,,,,18,9017,,,,17,15435,,,,28,31657,,,,,,,,,,,,,,,,,,,,,,,,,,,,,,,,,,,,,,,,,,,
173711,21-Mar-18,6:47:00,2018-03-21 06:47:00,G,1,4,1455,747,0,5,-62.4501,-60.5514,47:03.7,FastGPS,-62.4501,-60.5514,,,1,-0.3,,,,15,17,21294,,,,19,22376,,,,24,11728,,,,11,25294,,,,1,26386,,,,,,,,,,,,,,,,,,,,,,,,,,,,,,,,,,,,,,,,,,,,,,,,,,,,,
173711,21-Mar-18,7:38:27,2018-03-21 07:38:27,G,1,4,1456,748,0,6,-62.4545,-60.5553,38:30.1,FastGPS,-62.4545,-60.5553,,,2.2,-0.9,,,,15,17,25144,,,,6,8487,,,,15,6308,,,,12,15552,,,,19,29010,,,,24,975,,,,,,,,,,,,,,,,,,,,,,,,,,,,,,,,,,,,,,,,,,,,,,,,
173711,21-Mar-18,10:04:08,2018-03-21 10:04:08,G,1,4,1460,749,0,6,-62.5379,-60.504,04:12.6,FastGPS,-62.5379,-60.504,,1,4.9,0.6,,,,15,29,36,,,,14,28405,,,,31,23888,,,,25,10166,,,,12,8096,,,,4,13889,,,,,,,,,,,,,,,,,,,,,,,,,,,,,,,,,,,,,,,,,,,,,,,,
173711,21-Mar-18,11:21:17,2018-03-21 11:21:17,G,1,4,1462,750,0,6,-62.5342,-60.4488,21:20.6,FastGPS,-62.5342,-60.4488,,1,6.2,-0.4,,,,15,25,25298,,,,29,2150,,,,31,2494,,,,4,7025,,,,12,714,,,,23,26667,,,,,,,,,,,,,,,,,,,,,,,,,,,,,,,,,,,,,,,,,,,,,,,,
173711,21-Mar-18,11:51:12,2018-03-21 11:51:12,G,1,4,1463,750,0,6,-62.5358,-60.4475,51:15.1,FastGPS,-62.5358,-60.4475,,1,2.2,-0.9,,,,15,31,21744,,,,26,14540,,,,29,26005,,,,4,7341,,,,21,19966,,,,25,13635,,,,,,,,,,,,,,,,,,,,,,,,,,,,,,,,,,,,,,,,,,,,,,,,
173711,21-Mar-18,13:09:41,2018-03-21 13:09:41,G,1,4,1465,751,0,6,-62.5308,-60.4339,09:45.1,FastGPS,-62.5308,-60.4339,,1,7.9,0.1,,,,15,5,22201,,,,16,30392,,,,26,11036,,,,20,7030,,,,4,19833,,,,21,3356,,,,,,,,,,,,,,,,,,,,,,,,,,,,,,,,,,,,,,,,,,,,,,,,
173711,21-Mar-18,15:26:11,2018-03-21 15:26:11,G,1,4,1467,756,0,6,-62.5389,-60.4794,26:15.1,FastGPS,-62.5389,-60.4794,,,5.3,0.1,,,,15,10,23904,,,,27,16238,,,,7,23286,,,,8,12338,,,,16,14872,,,,30,13170,,,,,,,,,,,,,,,,,,,,,,,,,,,,,,,,,,,,,,,,,,,,,,,,
173711,21-Mar-18,16:14:31,2018-03-21 16:14:31,G,1,4,1468,757,0,7,-62.5403,-60.5382,14:35.6,FastGPS,-62.5403,-60.5382,,,11.8,0.6,,,,15,10,13696,,,,27,21266,,,,21,27326,,,,8,6711,,,,32,12204,,,,18,1686,,,,16,1860,,,,,,,,,,,,,,,,,,,,,,,,,,,,,,,,,,,,,,,,,,,
173711,21-Mar-18,19:02:07,2018-03-21 19:02:07,G,2,4,1473,,0,9,-62.503,-60.6871,02:10.6,FastGPS,-62.503,-60.6871,,,14.7,-0.4,,,,15,22,17770,,,,17,3453,,,,14,3383,,,,32,29348,,,,18,17884,,,,3,10985,,,,1,5850,,,,11,29067,,,,8,25017,,,,,,,,,,,,,,,,,,,,,,,,,,,,,,,,,
173711,21-Mar-18,22:41:40,2018-03-21 22:41:40,G,2,4,1478,762,0,8,-62.4689,-60.8392,41:43.6,FastGPS,-62.4689,-60.8392,,1,8.2,-0.4,,,,15,31,29426,,,,3,16122,,,,4,29984,,,,26,23260,,,,23,12656,,,,9,22010,,,,6,16675,,,,22,7572,,,,,,,,,,,,,,,,,,,,,,,,,,,,,,,,,,,,,,
173711,21-Mar-18,23:13:37,2018-03-21 23:13:37,G,2,4,1479,762,0,5,-62.4685,-60.8291,13:40.6,FastGPS,-62.4685,-60.8291,,,1.1,-0.4,,,,15,23,13579,,,,3,13992,,,,9,4498,,,,2,523,,,,16,14123,,,,,,,,,,,,,,,,,,,,,,,,,,,,,,,,,,,,,,,,,,,,,,,,,,,,,
173711,22-Mar-18,0:14:18,2018-03-22 00:14:18,G,2,4,1481,762,0,6,-62.4719,-60.8184,14:22.1,FastGPS,-62.4719,-60.8184,,,4.9,0.1,,,,15,5,16046,,,,29,7766,,,,7,3154,,,,2,21734,,,,6,22535,,,,9,11899,,,,,,,,,,,,,,,,,,,,,,,,,,,,,,,,,,,,,,,,,,,,,,,,
173711,22-Mar-18,4:07:04,2018-03-22 04:07:04,G,1,4,1488,763,0,5,-62.4313,-60.6139,07:08.6,FastGPS,-62.4313,-60.6139,,,1.6,0.6,,,,15,30,18922,,,,15,1036,,,,7,8901,,,,20,4710,,,,13,12584,,,,,,,,,,,,,,,,,,,,,,,,,,,,,,,,,,,,,,,,,,,,,,,,,,,,,
173711,22-Mar-18,5:32:57,2018-03-22 05:32:57,G,1,4,1490,764,0,7,-62.4474,-60.5452,33:01.6,FastGPS,-62.4474,-60.5452,,,7.4,0.6,,,,15,17,20932,,,,13,17505,,,,10,18856,,,,15,30626,,,,20,3942,,,,24,2529,,,,19,12254,,,,,,,,,,,,,,,,,,,,,,,,,,,,,,,,,,,,,,,,,,,
173711,22-Mar-18,6:40:43,2018-03-22 06:40:43,G,1,4,1492,764,0,8,-62.4473,-60.6396,40:47.6,FastGPS,-62.4473,-60.6396,,,17.4,0.6,,,,15,12,2303,,,,15,16760,,,,24,18529,,,,32,330,,,,10,16665,,,,18,7532,,,,1,5017,,,,19,27801,,,,,,,,,,,,,,,,,,,,,,,,,,,,,,,,,,,,,,
173711,22-Mar-18,7:34:52,2018-03-22 07:34:52,G,2,4,1493,765,0,7,-62.4569,-60.6879,34:56.1,FastGPS,-62.4569,-60.6879,,,10.5,0.1,,,,15,17,1718,,,,32,29450,,,,6,20802,,,,15,15085,,,,24,11428,,,,19,6425,,,,12,28284,,,,,,,,,,,,,,,,,,,,,,,,,,,,,,,,,,,,,,,,,,,
173711,22-Mar-18,8:05:45,2018-03-22 08:05:45,G,1,4,1494,765,0,6,-62.449,-60.7118,05:49.1,FastGPS,-62.449,-60.7118,,,7.3,0.1,,,,15,17,10282,,,,6,7805,,,,19,13458,,,,2,21614,,,,12,13089,,,,24,8361,,,,,,,,,,,,,,,,,,,,,,,,,,,,,,,,,,,,,,,,,,,,,,,,
173711,22-Mar-18,8:45:55,2018-03-22 08:45:55,G,1,4,1495,765,0,8,-62.446,-60.7335,45:59.6,FastGPS,-62.446,-60.7335,,,8.5,0.6,,,,15,32,14275,,,,12,30870,,,,31,2690,,,,25,20404,,,,14,14451,,,,24,24662,,,,29,10389,,,,17,3568,,,,,,,,,,,,,,,,,,,,,,,,,,,,,,,,,,,,,,
173711,22-Mar-18,13:32:00,2018-03-22 13:32:00,G,1,4,1501,770,1,5,-62.474,-60.7949,32:04.1,FastGPS,-62.474,-60.7949,,,1,0.1,,,,15,5,20419,,,,7,23618,,,,29,15549,,,,13,21952,,,,20,29992,,,,,,,,,,,,,,,,,,,,,,,,,,,,,,,,,,,,,,,,,,,,,,,,,,,,,
173711,22-Mar-18,23:28:50,2018-03-22 23:28:50,G,1,4,1503,772,0,6,-62.4644,-60.8382,28:54.6,FastGPS,-62.4644,-60.8382,,,8.5,0.6,,,,15,23,20728,,,,2,27828,,,,9,18749,,,,6,27304,,,,7,16323,,,,3,4478,,,,,,,,,,,,,,,,,,,,,,,,,,,,,,,,,,,,,,,,,,,,,,,,
173711,23-Mar-18,1:00:42,2018-03-23 01:00:42,G,1,4,1504,772,0,7,-62.4621,-60.9053,00:46.6,FastGPS,-62.4621,-60.9053,,,6.8,0.6,,,,15,7,20610,,,,30,30522,,,,29,2412,,,,5,3046,,,,2,28893,,,,16,26106,,,,9,18514,,,,,,,,,,,,,,,,,,,,,,,,,,,,,,,,,,,,,,,,,,,
173711,23-Mar-18,1:31:39,2018-03-23 01:31:39,G,2,4,1505,772,0,5,-62.4848,-60.9415,31:43.7,FastGPS,-62.4848,-60.9415,,,5.5,0.7,,,,15,30,3128,,,,7,22314,,,,5,7200,,,,9,2358,,,,13,21815,,,,,,,,,,,,,,,,,,,,,,,,,,,,,,,,,,,,,,,,,,,,,,,,,,,,,
173711,23-Mar-18,2:38:10,2018-03-23 02:38:10,G,1,4,1507,772,0,8,-62.5246,-61.0448,38:14.1,FastGPS,-62.5246,-61.0448,,,13,0.1,,,,15,5,11002,,,,30,13980,,,,13,14501,,,,7,18812,,,,28,6009,,,,15,22244,,,,20,15296,,,,21,30588,,,,,,,,,,,,,,,,,,,,,,,,,,,,,,,,,,,,,,
173711,23-Mar-18,3:26:01,2018-03-23 03:26:01,G,2,4,1508,773,0,7,-62.5255,-61.0873,26:05.6,FastGPS,-62.5255,-61.0873,,,2.7,0.7,,,,15,7,28250,,,,30,7236,,,,8,6342,,,,13,26644,,,,27,13538,,,,28,21309,,,,20,8954,,,,,,,,,,,,,,,,,,,,,,,,,,,,,,,,,,,,,,,,,,,
173711,23-Mar-18,5:28:11,2018-03-23 05:28:11,G,3,4,,,,5,-62.5255,-61.0873,26:05.6,FastGPS,-62.5255,-61.0873,,1,18257.4,-1,,,,15,17,8907,,,,11,31971,,,,15,26202,,,,18,0,,,,32,0,,,,,,,,,,,,,,,,,,,,,,,,,,,,,,,,,,,,,,,,,,,,,,,,,,,,,
173711,23-Mar-18,7:30:43,2018-03-23 07:30:43,G,1,4,1514,777,0,7,-62.4915,-61.214,30:46.7,FastGPS,-62.4915,-61.214,,,7.9,-0.3,,,,15,15,2564,,,,12,16284,,,,32,17914,,,,24,30946,,,,14,22007,,,,25,10009,,,,17,19490,,,,,,,,,,,,,,,,,,,,,,,,,,,,,,,,,,,,,,,,,,,
173711,23-Mar-18,8:46:35,2018-03-23 08:46:35,G,1,4,1516,,0,9,-62.522,-61.1512,46:38.7,FastGPS,-62.522,-61.1512,,,11,-0.3,,,,15,17,15902,,,,19,169,,,,6,3850,,,,31,30667,,,,14,21607,,,,3,28068,,,,12,2766,,,,25,8076,,,,2,6180,,,,,,,,,,,,,,,,,,,,,,,,,,,,,,,,,
173711,23-Mar-18,11:39:03,2018-03-23 11:39:03,G,1,4,1518,778,0,5,-62.561,-60.873,39:06.2,FastGPS,-62.561,-60.873,,,8.6,-0.8,,,,15,2,17778,,,,29,19740,,,,25,19674,,,,5,14480,,,,12,13400,,,,,,,,,,,,,,,,,,,,,,,,,,,,,,,,,,,,,,,,,,,,,,,,,,,,,
173711,23-Mar-18,13:17:01,2018-03-23 13:17:01,G,1,4,1520,780,0,6,-62.5345,-60.8522,17:05.7,FastGPS,-62.5345,-60.8522,,1,1.6,0.7,,,,15,4,324,,,,21,19588,,,,29,27288,,,,20,11956,,,,26,8093,,,,16,11132,,,,,,,,,,,,,,,,,,,,,,,,,,,,,,,,,,,,,,,,,,,,,,,,
173711,23-Mar-18,22:45:01,2018-03-23 22:45:01,G,1,4,1526,,0,9,-62.4656,-60.8157,45:04.7,FastGPS,-62.4656,-60.8157,,1,6.7,-0.3,,,,15,26,15636,,,,22,14668,,,,6,12842,,,,3,4760,,,,9,22214,,,,31,16573,,,,4,11938,,,,16,7808,,,,23,6440,,,,,,,,,,,,,,,,,,,,,,,,,,,,,,,,,
173711,23-Mar-18,23:15:32,2018-03-23 23:15:32,G,1,4,1527,788,0,4,-62.478,-60.765,3/24/2018 13:04,A,-62.469,-60.841,,,0.7,-0.8,,,,15,7,15070,,,,6,27130,,,,9,15651,,,,2,2200,,,,,,,,,,,,,,,,,,,,,,,,,,,,,,,,,,,,,,,,,,,,,,,,,,,,,,,,,,
173711,23-Mar-18,23:45:13,2018-03-23 23:45:13,G,1,4,1528,788,0,5,-62.469,-60.8453,45:16.7,FastGPS,-62.469,-60.8453,,,8.2,-0.3,,,,15,7,6375,,,,9,32520,,,,6,25530,,,,5,16308,,,,2,12992,,,,,,,,,,,,,,,,,,,,,,,,,,,,,,,,,,,,,,,,,,,,,,,,,,,,,
173711,24-Mar-18,2:43:25,2018-03-24 02:43:25,G,1,4,1532,791,0,7,-62.4757,-61.0157,43:29.2,FastGPS,-62.4757,-61.0157,,,12.4,0.2,,,,15,5,19608,,,,28,14036,,,,30,7221,,,,13,8234,,,,7,20294,,,,15,25048,,,,20,30543,,,,,,,,,,,,,,,,,,,,,,,,,,,,,,,,,,,,,,,,,,,
173711,24-Mar-18,4:34:59,2018-03-24 04:34:59,G,1,4,1534,,0,9,-62.5196,-61.087,35:03.7,FastGPS,-62.5196,-61.087,,,14.3,0.7,,,,15,15,28446,,,,17,28556,,,,30,32310,,,,7,14166,,,,13,11143,,,,8,17559,,,,11,16050,,,,20,18759,,,,28,16132,,,,,,,,,,,,,,,,,,,,,,,,,,,,,,,,,
173711,24-Mar-18,6:55:02,2018-03-24 06:55:02,G,1,4,1538,795,0,7,-62.5287,-61.0847,55:06.2,FastGPS,-62.5287,-61.0847,,,8.8,0.2,,,,15,24,453,,,,17,10951,,,,12,12671,,,,1,30552,,,,32,4267,,,,19,15948,,,,15,12764,,,,,,,,,,,,,,,,,,,,,,,,,,,,,,,,,,,,,,,,,,,
173711,24-Mar-18,8:12:58,2018-03-24 08:12:58,G,1,4,1539,,0,9,-62.5135,-61.0779,13:02.2,FastGPS,-62.5135,-61.0779,,,11.5,0.2,,,,15,17,18858,,,,32,12520,,,,19,18209,,,,3,15215,,,,14,20388,,,,22,3649,,,,25,32559,,,,12,11009,,,,6,19745,,,,,,,,,,,,,,,,,,,,,,,,,,,,,,,,,
173711,24-Mar-18,9:43:16,2018-03-24 09:43:16,G,1,4,1542,798,0,7,-62.5387,-60.905,43:20.7,FastGPS,-62.5387,-60.905,,,9.5,0.7,,,,15,31,13182,,,,25,14618,,,,12,6885,,,,19,23661,,,,2,6737,,,,6,25550,,,,14,3939,,,,,,,,,,,,,,,,,,,,,,,,,,,,,,,,,,,,,,,,,,,
173711,24-Mar-18,11:15:48,2018-03-24 11:15:48,G,1,4,1545,798,0,6,-62.5321,-60.8603,15:52.2,FastGPS,-62.5321,-60.8603,,,4.7,0.2,,,,15,5,31525,,,,29,11700,,,,2,29149,,,,25,10944,,,,12,3883,,,,31,31139,,,,,,,,,,,,,,,,,,,,,,,,,,,,,,,,,,,,,,,,,,,,,,,,
173711,24-Mar-18,13:47:00,2018-03-24 13:47:00,G,1,4,1549,800,1,4,-62.5132,-60.9658,58:56.2,FastGPS,-62.4781,-60.8147,,,0.2,-0.6,,,,15,7,28888,,,,27,17248,,,,26,29322,,,,16,11868,,,,,,,,,,,,,,,,,,,,,,,,,,,,,,,,,,,,,,,,,,,,,,,,,,,,,,,,,,
173711,24-Mar-18,14:47:00,2018-03-24 14:47:00,G,1,4,1551,800,1,6,-62.4737,-60.7956,47:04.2,FastGPS,-62.4737,-60.7956,,1,10.4,0.2,,,,15,7,19625,,,,26,23106,,,,8,762,,,,4,17654,,,,30,13435,,,,16,5477,,,,,,,,,,,,,,,,,,,,,,,,,,,,,,,,,,,,,,,,,,,,,,,,
173711,25-Mar-18,0:58:53,2018-03-25 00:58:53,G,1,4,1556,801,0,4,-62.5455,-61.0449,14:45.7,FastGPS,-62.5132,-60.9658,,,0.2,-0.8,,,,15,7,3352,,,,5,25962,,,,2,8268,,,,30,25546,,,,,,,,,,,,,,,,,,,,,,,,,,,,,,,,,,,,,,,,,,,,,,,,,,,,,,,,,,
173711,25-Mar-18,2:14:42,2018-03-25 02:14:42,G,1,4,1557,804,0,6,-62.5455,-61.0449,14:45.7,FastGPS,-62.5455,-61.0449,,,3,-0.3,,,,15,5,12378,,,,30,20458,,,,13,2977,,,,7,1235,,,,28,4952,,,,21,1576,,,,,,,,,,,,,,,,,,,,,,,,,,,,,,,,,,,,,,,,,,,,,,,,
173711,25-Mar-18,3:46:04,2018-03-25 03:46:04,G,1,4,1559,806,0,5,-62.5246,-61.085,46:07.2,FastGPS,-62.5246,-61.085,,,8.3,-0.8,,,,15,15,21638,,,,13,20028,,,,5,16499,,,,28,17196,,,,20,25962,,,,,,,,,,,,,,,,,,,,,,,,,,,,,,,,,,,,,,,,,,,,,,,,,,,,,
173711,25-Mar-18,5:02:21,2018-03-25 05:02:21,G,1,4,1561,807,0,8,-62.5204,-61.0952,02:25.2,FastGPS,-62.5204,-61.0952,,,9.7,0.2,,,,15,17,19864,,,,13,19448,,,,19,7868,,,,1,7830,,,,11,19386,,,,30,3386,,,,28,7882,,,,15,21893,,,,,,,,,,,,,,,,,,,,,,,,,,,,,,,,,,,,,,
173711,25-Mar-18,5:32:31,2018-03-25 05:32:31,G,2,4,1562,807,0,6,-62.5259,-61.0686,32:35.2,FastGPS,-62.5259,-61.0686,,,17.4,0.2,,,,15,15,17780,,,,10,28473,,,,24,15694,,,,28,5134,,,,18,20957,,,,13,8594,,,,,,,,,,,,,,,,,,,,,,,,,,,,,,,,,,,,,,,,,,,,,,,,
173711,25-Mar-18,6:17:08,2018-03-25 06:17:08,G,1,4,1563,808,0,8,-62.5264,-61.0414,17:12.7,FastGPS,-62.5264,-61.0414,,,11.3,0.7,,,,15,12,4317,,,,17,2048,,,,13,16156,,,,19,14251,,,,15,6154,,,,24,12684,,,,32,3948,,,,10,24979,,,,,,,,,,,,,,,,,,,,,,,,,,,,,,,,,,,,,,
173711,25-Mar-18,9:49:08,2018-03-25 09:49:08,G,1,4,1568,812,0,5,-62.5463,-60.9741,49:11.7,FastGPS,-62.5463,-60.9741,,,1.9,-0.3,,,,15,31,12685,,,,2,17080,,,,6,2942,,,,29,21192,,,,12,18440,,,,,,,,,,,,,,,,,,,,,,,,,,,,,,,,,,,,,,,,,,,,,,,,,,,,,
173711,25-Mar-18,11:54:29,2018-03-25 11:54:29,G,1,4,1572,812,0,5,-62.5545,-60.8774,54:32.2,FastGPS,-62.5545,-60.8774,,,5.1,-0.8,,,,15,5,32020,,,,25,10934,,,,26,17522,,,,31,3051,,,,20,22864,,,,,,,,,,,,,,,,,,,,,,,,,,,,,,,,,,,,,,,,,,,,,,,,,,,,,
173711,25-Mar-18,12:39:50,2018-03-25 12:39:50,G,2,4,1573,813,0,7,-62.5448,-60.8598,39:54.3,FastGPS,-62.5448,-60.8598,,1,3.8,0.3,,,,15,5,4613,,,,20,16604,,,,21,16834,,,,29,12283,,,,31,25412,,,,4,27672,,,,26,5089,,,,,,,,,,,,,,,,,,,,,,,,,,,,,,,,,,,,,,,,,,,
173711,25-Mar-18,15:46:00,2018-03-25 15:46:00,G,3,4,1575,821,0,4,-62.5455,-61.0449,14:45.7,FastGPS,-62.4981,-60.8478,,,0.5,0.3,,,,15,27,34,,,,21,21430,,,,15,23009,,,,20,5155,,,,,,,,,,,,,,,,,,,,,,,,,,,,,,,,,,,,,,,,,,,,,,,,,,,,,,,,,,
173711,25-Mar-18,16:16:00,2018-03-25 16:16:00,G,1,4,1576,821,0,7,-62.4907,-60.8333,16:04.2,FastGPS,-62.4907,-60.8333,,,13.1,0.3,,,,15,15,25754,,,,27,20514,,,,10,24724,,,,8,3205,,,,11,17976,,,,21,28474,,,,18,31730,,,,,,,,,,,,,,,,,,,,,,,,,,,,,,,,,,,,,,,,,,,
173711,25-Mar-18,17:17:22,2018-03-25 17:17:22,G,1,4,1578,,0,9,-62.4805,-60.8166,17:26.7,FastGPS,-62.4805,-60.8166,,,8.1,0.7,,,,15,32,13318,,,,8,15464,,,,10,9379,,,,14,4892,,,,11,31663,,,,27,23852,,,,18,4966,,,,1,20418,,,,28,15194,,,,,,,,,,,,,,,,,,,,,,,,,,,,,,,,,
173711,25-Mar-18,18:49:01,2018-03-25 18:49:01,G,1,4,1580,823,0,6,-62.4747,-60.8186,49:04.2,FastGPS,-62.4747,-60.8186,,,16,-0.7,,,,15,10,1309,,,,32,3522,,,,1,22444,,,,11,6667,,,,31,13776,,,,8,22921,,,,,,,,,,,,,,,,,,,,,,,,,,,,,,,,,,,,,,,,,,,,,,,,
173711,25-Mar-18,19:20:31,2018-03-25 19:20:31,G,1,4,1581,823,0,6,-62.4697,-60.8267,20:35.7,FastGPS,-62.4697,-60.8267,,,3.8,0.7,,,,15,11,16910,,,,32,19714,,,,31,29401,,,,17,29189,,,,1,28526,,,,3,28636,,,,,,,,,,,,,,,,,,,,,,,,,,,,,,,,,,,,,,,,,,,,,,,,
173711,25-Mar-18,20:20:07,2018-03-25 20:20:07,G,2,4,1583,,0,9,-62.4584,-60.8244,20:11.3,FastGPS,-62.4584,-60.8244,,,11,0.3,,,,15,31,30782,,,,17,28180,,,,32,4910,,,,1,22134,,,,14,23946,,,,12,28244,,,,19,806,,,,3,6157,,,,22,28855,,,,,,,,,,,,,,,,,,,,,,,,,,,,,,,,,
173711,25-Mar-18,21:22:46,2018-03-25 21:22:46,G,2,4,1585,823,0,5,-62.4617,-60.8197,22:50.7,FastGPS,-62.4617,-60.8197,,,9.1,0.7,,,,15,31,27833,,,,9,21859,,,,1,5730,,,,3,26104,,,,22,15375,,,,,,,,,,,,,,,,,,,,,,,,,,,,,,,,,,,,,,,,,,,,,,,,,,,,,
173711,25-Mar-18,23:12:11,2018-03-25 23:12:11,G,2,4,1588,824,0,4,-62.526,-60.917,3/26/2018 9:54,N,-62.4644,-60.8405,,,0.4,0.3,,,,15,9,16965,,,,2,30832,,,,6,9521,,,,23,1894,,,,,,,,,,,,,,,,,,,,,,,,,,,,,,,,,,,,,,,,,,,,,,,,,,,,,,,,,,
173711,26-Mar-18,1:05:11,2018-03-26 01:05:11,G,4,4,1590,827,0,5,-62.4916,-61.0029,05:15.8,FastGPS,-62.4916,-61.0029,,,6.5,0.8,,,,15,7,32677,,,,9,31019,,,,5,1284,,,,30,11938,,,,23,20959,,,,,,,,,,,,,,,,,,,,,,,,,,,,,,,,,,,,,,,,,,,,,,,,,,,,,
173711,26-Mar-18,1:36:01,2018-03-26 01:36:01,G,2,4,1591,827,0,5,-62.5026,-61.0476,36:04.2,FastGPS,-62.5026,-61.0476,,,0.9,-0.8,,,,15,5,5032,,,,30,22555,,,,7,32182,,,,9,22114,,,,13,9636,,,,,,,,,,,,,,,,,,,,,,,,,,,,,,,,,,,,,,,,,,,,,,,,,,,,,
173711,26-Mar-18,2:37:03,2018-03-26 02:37:03,G,2,4,1593,827,0,6,-62.5268,-61.0812,37:07.3,FastGPS,-62.5268,-61.0812,,,4.2,0.3,,,,15,13,1623,,,,7,1558,,,,30,26000,,,,28,8883,,,,5,2329,,,,27,15314,,,,,,,,,,,,,,,,,,,,,,,,,,,,,,,,,,,,,,,,,,,,,,,,
173711,26-Mar-18,3:38:04,2018-03-26 03:38:04,G,2,4,1595,827,0,8,-62.5119,-61.0809,38:08.8,FastGPS,-62.5119,-61.0809,,,13.5,0.8,,,,15,30,9773,,,,28,17203,,,,7,17619,,,,5,8626,,,,15,17067,,,,8,27220,,,,13,24542,,,,20,2472,,,,,,,,,,,,,,,,,,,,,,,,,,,,,,,,,,,,,,
173711,26-Mar-18,4:08:14,2018-03-26 04:08:14,G,3,4,1596,827,0,6,-62.5121,-61.0719,08:17.8,FastGPS,-62.5121,-61.0719,,,16.7,-0.2,,,,15,24,15508,,,,5,24005,,,,20,21390,,,,28,10810,,,,15,20762,,,,30,31051,,,,,,,,,,,,,,,,,,,,,,,,,,,,,,,,,,,,,,,,,,,,,,,,
173711,26-Mar-18,4:39:25,2018-03-26 04:39:25,G,2,4,1597,827,0,8,-62.5068,-61.0781,39:28.8,FastGPS,-62.5068,-61.0781,,,8.9,-0.2,,,,15,19,1076,,,,17,11002,,,,30,471,,,,13,10297,,,,28,22868,,,,15,28540,,,,24,13560,,,,1,23972,,,,,,,,,,,,,,,,,,,,,,,,,,,,,,,,,,,,,,
173711,26-Mar-18,5:11:05,2018-03-26 05:11:05,G,1,4,1598,,0,9,-62.519,-61.0497,11:08.3,FastGPS,-62.519,-61.0497,,,7.1,-0.7,,,,15,15,14186,,,,17,6265,,,,13,12445,,,,18,23546,,,,28,5270,,,,19,29452,,,,1,9976,,,,10,25818,,,,11,18150,,,,,,,,,,,,,,,,,,,,,,,,,,,,,,,,,
173711,26-Mar-18,5:56:10,2018-03-26 05:56:10,G,1,4,1599,828,0,6,-62.5148,-61.0385,56:14.8,FastGPS,-62.5148,-61.0385,,,10.8,0.8,,,,15,15,31031,,,,13,848,,,,19,4201,,,,24,10881,,,,17,14078,,,,12,2530,,,,,,,,,,,,,,,,,,,,,,,,,,,,,,,,,,,,,,,,,,,,,,,,
173711,26-Mar-18,7:14:31,2018-03-26 07:14:31,G,1,4,1601,829,0,5,-62.5307,-61.0009,14:34.5,FastGPS,-62.5307,-61.0009,,,1,-0.5,,,,15,12,8152,,,,17,1916,,,,24,4107,,,,15,23470,,,,25,27938,,,,,,,,,,,,,,,,,,,,,,,,,,,,,,,,,,,,,,,,,,,,,,,,,,,,,
173711,26-Mar-18,8:15:36,2018-03-26 08:15:36,G,1,4,1603,829,0,8,-62.5267,-61.0207,15:40.3,FastGPS,-62.5267,-61.0207,,,10.1,0.3,,,,15,17,8936,,,,19,26819,,,,12,26362,,,,2,24310,,,,24,10843,,,,3,27752,,,,22,29354,,,,14,7638,,,,,,,,,,,,,,,,,,,,,,,,,,,,,,,,,,,,,,
173711,26-Mar-18,8:45:52,2018-03-26 08:45:52,G,3,4,1604,829,0,5,-62.5347,-61.0017,45:56.3,FastGPS,-62.5347,-61.0017,,,2.8,0.3,,,,15,12,5898,,,,2,21474,,,,19,30290,,,,6,14614,,,,24,31904,,,,,,,,,,,,,,,,,,,,,,,,,,,,,,,,,,,,,,,,,,,,,,,,,,,,,
173711,26-Mar-18,9:31:01,2018-03-26 09:31:01,G,2,4,1605,830,0,7,-62.5244,-60.9325,31:05.3,FastGPS,-62.5244,-60.9325,,,7.2,0.3,,,,15,31,18224,,,,2,19547,,,,19,26605,,,,6,19019,,,,12,368,,,,25,27192,,,,29,14934,,,,,,,,,,,,,,,,,,,,,,,,,,,,,,,,,,,,,,,,,,,
173711,26-Mar-18,10:34:04,2018-03-26 10:34:04,G,2,4,1607,830,0,5,-62.5197,-60.868,34:08.7,FastGPS,-62.5197,-60.868,,,10.3,0.7,,,,15,12,14934,,,,5,15691,,,,29,27192,,,,2,31856,,,,25,10250,,,,,,,,,,,,,,,,,,,,,,,,,,,,,,,,,,,,,,,,,,,,,,,,,,,,,
173711,26-Mar-18,11:04:28,2018-03-26 11:04:28,G,1,4,1608,830,0,6,-62.5017,-60.8522,04:31.8,FastGPS,-62.5017,-60.8522,,1,6.4,-0.2,,,,15,12,8583,,,,25,9778,,,,5,13070,,,,29,32251,,,,2,31388,,,,4,14310,,,,,,,,,,,,,,,,,,,,,,,,,,,,,,,,,,,,,,,,,,,,,,,,
173711,26-Mar-18,11:49:04,2018-03-26 11:49:04,G,3,4,1609,831,0,7,-62.4802,-60.8175,49:07.8,FastGPS,-62.4802,-60.8175,,1,4.1,-0.2,,,,15,5,8937,,,,25,27906,,,,29,467,,,,2,4715,,,,4,31338,,,,20,25256,,,,31,18402,,,,,,,,,,,,,,,,,,,,,,,,,,,,,,,,,,,,,,,,,,,
173711,27-Mar-18,0:03:30,2018-03-27 00:03:30,G,2,4,1614,833,0,4,-62.4961,-60.8534,25:17.9,FastGPS,-62.5006,-60.9523,,,0.6,-0.2,,,,15,9,17599,,,,7,15623,,,,29,6569,,,,16,20717,,,,,,,,,,,,,,,,,,,,,,,,,,,,,,,,,,,,,,,,,,,,,,,,,,,,,,,,,,
173711,27-Mar-18,2:51:05,2018-03-27 02:51:05,G,1,4,1619,834,0,7,-62.525,-61.1848,51:09.8,FastGPS,-62.525,-61.1848,,,9.4,0.8,,,,15,7,4711,,,,28,21501,,,,13,21026,,,,30,8761,,,,15,30776,,,,9,17447,,,,5,16881,,,,,,,,,,,,,,,,,,,,,,,,,,,,,,,,,,,,,,,,,,,
173711,27-Mar-18,3:21:33,2018-03-27 03:21:33,G,1,4,1620,834,0,7,-62.5195,-61.22,21:37.3,FastGPS,-62.5195,-61.22,,,4.2,0.3,,,,15,15,31819,,,,8,24834,,,,7,29132,,,,27,31296,,,,13,496,,,,28,10024,,,,30,32518,,,,,,,,,,,,,,,,,,,,,,,,,,,,,,,,,,,,,,,,,,,
173711,27-Mar-18,3:52:54,2018-03-27 03:52:54,G,1,4,1621,834,0,7,-62.5227,-61.1668,52:58.3,FastGPS,-62.5227,-61.1668,,,4.7,0.3,,,,15,7,21010,,,,8,25497,,,,30,8948,,,,28,6522,,,,15,31486,,,,11,17044,,,,13,26555,,,,,,,,,,,,,,,,,,,,,,,,,,,,,,,,,,,,,,,,,,,
173711,27-Mar-18,4:39:55,2018-03-27 04:39:55,G,1,4,1622,,0,9,-62.5196,-61.1039,39:59.8,FastGPS,-62.5196,-61.1039,,,16.6,0.8,,,,15,30,5724,,,,17,24242,,,,28,7924,,,,15,23566,,,,11,15592,,,,10,18516,,,,18,27799,,,,8,2801,,,,13,25685,,,,,,,,,,,,,,,,,,,,,,,,,,,,,,,,,
173711,27-Mar-18,5:11:30,2018-03-27 05:11:30,G,4,4,1623,835,0,5,-62.5221,-61.0687,11:34.8,FastGPS,-62.5221,-61.0687,,,9.5,0.8,,,,15,17,6344,,,,15,25785,,,,28,7104,,,,13,13065,,,,19,31241,,,,,,,,,,,,,,,,,,,,,,,,,,,,,,,,,,,,,,,,,,,,,,,,,,,,,
173711,27-Mar-18,5:41:53,2018-03-27 05:41:53,G,5,4,1624,835,0,7,-62.5135,-61.1041,41:57.3,FastGPS,-62.5135,-61.1041,,,9.7,0.3,,,,15,17,6010,,,,15,7465,,,,19,18246,,,,13,27858,,,,12,5828,,,,28,26294,,,,24,30770,,,,,,,,,,,,,,,,,,,,,,,,,,,,,,,,,,,,,,,,,,,
173711,27-Mar-18,6:12:32,2018-03-27 06:12:32,G,2,4,1625,835,0,7,-62.4966,-61.1111,12:36.3,FastGPS,-62.4966,-61.1111,,,11.5,0.3,,,,15,15,15856,,,,17,26814,,,,1,10396,,,,28,18722,,,,11,31650,,,,12,8840,,,,18,27330,,,,,,,,,,,,,,,,,,,,,,,,,,,,,,,,,,,,,,,,,,,
173711,27-Mar-18,7:27:39,2018-03-27 07:27:39,G,3,4,1626,838,0,5,-62.495,-61.1168,27:43.8,FastGPS,-62.495,-61.1168,,,9.2,0.8,,,,15,17,15077,,,,19,13296,,,,24,15020,,,,6,21964,,,,12,17377,,,,,,,,,,,,,,,,,,,,,,,,,,,,,,,,,,,,,,,,,,,,,,,,,,,,,
173711,27-Mar-18,7:59:08,2018-03-27 07:59:08,G,1,4,1627,838,0,5,-62.5034,-61.0836,59:12.2,FastGPS,-62.5034,-61.0836,,,3.8,0.2,,,,15,3,5672,,,,22,29451,,,,32,5818,,,,14,9442,,,,6,8720,,,,,,,,,,,,,,,,,,,,,,,,,,,,,,,,,,,,,,,,,,,,,,,,,,,,,
173711,27-Mar-18,8:47:15,2018-03-27 08:47:15,G,1,4,1628,839,0,5,-62.5258,-61.007,47:19.3,FastGPS,-62.5258,-61.007,,,0.7,0.3,,,,15,6,16413,,,,12,5126,,,,17,5532,,,,19,11581,,,,3,20425,,,,,,,,,,,,,,,,,,,,,,,,,,,,,,,,,,,,,,,,,,,,,,,,,,,,,
173711,27-Mar-18,9:17:01,2018-03-27 09:17:01,G,3,4,1629,,0,9,-62.5415,-60.9675,17:05.3,FastGPS,-62.5415,-60.9675,,,18.9,0.3,,,,15,12,9448,,,,6,28126,,,,31,8114,,,,29,30282,,,,2,27027,,,,32,14682,,,,25,2753,,,,14,15738,,,,19,27344,,,,,,,,,,,,,,,,,,,,,,,,,,,,,,,,,
173711,27-Mar-18,10:04:39,2018-03-27 10:04:39,G,1,4,1630,840,0,7,-62.5503,-60.9327,04:43.8,FastGPS,-62.5503,-60.9327,,1,8.3,0.8,,,,15,31,11883,,,,2,25384,,,,29,14144,,,,4,22776,,,,12,27077,,,,6,5664,,,,25,14658,,,,,,,,,,,,,,,,,,,,,,,,,,,,,,,,,,,,,,,,,,,
173711,27-Mar-18,10:51:01,2018-03-27 10:51:01,G,3,4,1631,841,0,4,-62.4961,-60.8534,25:17.9,FastGPS,-62.5617,-60.8958,,,3.7,0.2,,,,15,5,20267,,,,29,25803,,,,12,20680,,,,25,2493,,,,,,,,,,,,,,,,,,,,,,,,,,,,,,,,,,,,,,,,,,,,,,,,,,,,,,,,,,
173711,27-Mar-18,11:23:30,2018-03-27 11:23:30,G,1,4,1632,841,0,7,-62.5504,-60.8786,23:34.3,FastGPS,-62.5504,-60.8786,,1,9.5,0.3,,,,15,31,2508,,,,29,30223,,,,5,26776,,,,4,4946,,,,25,27582,,,,2,25306,,,,12,19393,,,,,,,,,,,,,,,,,,,,,,,,,,,,,,,,,,,,,,,,,,,
173711,27-Mar-18,12:10:05,2018-03-27 12:10:05,G,1,4,1633,842,0,8,-62.5268,-60.8725,10:09.8,FastGPS,-62.5268,-60.8725,,1,12.6,0.8,,,,15,5,19533,,,,29,29176,,,,21,24347,,,,4,26752,,,,20,28766,,,,31,20821,,,,26,13700,,,,2,9638,,,,,,,,,,,,,,,,,,,,,,,,,,,,,,,,,,,,,,
173711,27-Mar-18,12:40:03,2018-03-27 12:40:03,G,2,4,1634,842,0,4,-62.4961,-60.8534,25:17.9,FastGPS,-62.5157,-60.8837,,,1.6,0.8,,,,15,21,3618,,,,29,10763,,,,26,30264,,,,25,27049,,,,,,,,,,,,,,,,,,,,,,,,,,,,,,,,,,,,,,,,,,,,,,,,,,,,,,,,,,
173711,27-Mar-18,13:25:13,2018-03-27 13:25:13,G,4,4,1635,843,0,5,-62.4572,-60.7652,27:26.3,FastGPS,-62.4961,-60.8534,,1,0.3,0.9,,,,15,29,5582,,,,5,19959,,,,26,9656,,,,4,11934,,,,21,7519,,,,,,,,,,,,,,,,,,,,,,,,,,,,,,,,,,,,,,,,,,,,,,,,,,,,,
173711,27-Mar-18,13:55:06,2018-03-27 13:55:06,G,1,4,1636,,0,9,-62.4907,-60.8389,55:10.8,FastGPS,-62.4907,-60.8389,,1,10.1,0.8,,,,15,29,25195,,,,4,23802,,,,26,10861,,,,21,8436,,,,16,24106,,,,10,26882,,,,20,27017,,,,27,7280,,,,15,30676,,,,,,,,,,,,,,,,,,,,,,,,,,,,,,,,,
173711,27-Mar-18,14:25:20,2018-03-27 14:25:20,G,1,4,1637,,0,9,-62.4863,-60.8508,25:24.8,FastGPS,-62.4863,-60.8508,,1,7.9,0.8,,,,15,10,3966,,,,26,21319,,,,21,3806,,,,4,19280,,,,15,10001,,,,27,3114,,,,16,16242,,,,7,20930,,,,20,28902,,,,,,,,,,,,,,,,,,,,,,,,,,,,,,,,,
173711,27-Mar-18,16:27:22,2018-03-27 16:27:22,G,1,4,1640,845,0,4,-62.4602,-60.7956,09:51.8,FastGPS,-62.4572,-60.7652,,,0.9,0.3,,,,15,10,5413,,,,18,14710,,,,27,17938,,,,28,18054,,,,,,,,,,,,,,,,,,,,,,,,,,,,,,,,,,,,,,,,,,,,,,,,,,,,,,,,,,
173711,27-Mar-18,17:29:45,2018-03-27 17:29:45,G,1,4,1641,847,0,7,-62.4688,-60.7562,29:49.8,FastGPS,-62.4688,-60.7562,,,10.3,0.8,,,,15,32,21997,,,,8,24727,,,,22,23890,,,,1,18106,,,,27,13046,,,,10,6194,,,,11,1178,,,,,,,,,,,,,,,,,,,,,,,,,,,,,,,,,,,,,,,,,,,
173711,27-Mar-18,21:07:17,2018-03-27 21:07:17,G,1,4,1646,851,0,8,-62.46,-60.795,07:21.8,FastGPS,-62.46,-60.795,,,12,0.8,,,,15,31,2930,,,,3,4640,,,,17,5951,,,,1,8498,,,,23,25232,,,,22,7508,,,,19,7684,,,,14,28062,,,,,,,,,,,,,,,,,,,,,,,,,,,,,,,,,,,,,,
173711,27-Mar-18,21:38:03,2018-03-27 21:38:03,G,1,4,1647,851,0,5,-62.4628,-60.8003,38:07.6,FastGPS,-62.4628,-60.8003,,,9.3,0.6,,,,15,9,16932,,,,22,19458,,,,3,9819,,,,23,22082,,,,1,16790,,,,,,,,,,,,,,,,,,,,,,,,,,,,,,,,,,,,,,,,,,,,,,,,,,,,,
173711,27-Mar-18,22:09:47,2018-03-27 22:09:47,G,1,4,1648,851,0,6,-62.4602,-60.7956,09:51.8,FastGPS,-62.4602,-60.7956,,,5.3,0.8,,,,15,19,8522,,,,6,13945,,,,2,9600,,,,9,30337,,,,23,11756,,,,31,20464,,,,,,,,,,,,,,,,,,,,,,,,,,,,,,,,,,,,,,,,,,,,,,,,
173711,27-Mar-18,22:40:00,2018-03-27 22:40:00,G,1,4,1649,851,0,7,-62.4603,-60.7956,40:04.8,FastGPS,-62.4603,-60.7956,,1,13.4,0.8,,,,15,9,17524,,,,2,19091,,,,6,1496,,,,4,19754,,,,31,32669,,,,23,26140,,,,26,1418,,,,,,,,,,,,,,,,,,,,,,,,,,,,,,,,,,,,,,,,,,,
173711,27-Mar-18,23:25:32,2018-03-27 23:25:32,G,1,4,1650,,0,9,-62.4532,-60.7834,25:36.8,FastGPS,-62.4532,-60.7834,,1,5.6,0.8,,,,15,4,17248,,,,29,24123,,,,3,32410,,,,7,7510,,,,23,15373,,,,16,7410,,,,9,13724,,,,26,8048,,,,2,31540,,,,,,,,,,,,,,,,,,,,,,,,,,,,,,,,,
173711,28-Mar-18,0:12:18,2018-03-28 00:12:18,G,2,4,1651,853,0,7,-62.4384,-60.7493,12:22.9,FastGPS,-62.4384,-60.7493,,1,12.1,0.9,,,,15,7,28362,,,,16,26668,,,,23,14376,,,,9,9674,,,,5,19341,,,,4,182,,,,26,24065,,,,,,,,,,,,,,,,,,,,,,,,,,,,,,,,,,,,,,,,,,,
173711,28-Mar-18,0:43:23,2018-03-28 00:43:23,G,3,4,1652,853,0,7,-62.4243,-60.7346,43:27.3,FastGPS,-62.4243,-60.7346,,,9.1,0.3,,,,15,27,6752,,,,16,25328,,,,7,30663,,,,23,2738,,,,30,12420,,,,9,16464,,,,5,15526,,,,,,,,,,,,,,,,,,,,,,,,,,,,,,,,,,,,,,,,,,,
173711,28-Mar-18,1:31:00,2018-03-28 01:31:00,G,4,4,1653,854,0,7,-62.4045,-60.6735,31:04.3,FastGPS,-62.4045,-60.6735,,,6.1,0.3,,,,15,7,12121,,,,9,26038,,,,8,3944,,,,5,19360,,,,16,19395,,,,30,9958,,,,27,5948,,,,,,,,,,,,,,,,,,,,,,,,,,,,,,,,,,,,,,,,,,,
173711,28-Mar-18,2:02:57,2018-03-28 02:02:57,G,1,4,1654,854,0,6,-62.3948,-60.6141,03:01.9,FastGPS,-62.3948,-60.6141,,,6.1,0.9,,,,15,7,19259,,,,27,1206,,,,8,8692,,,,30,6273,,,,9,12918,,,,21,17630,,,,,,,,,,,,,,,,,,,,,,,,,,,,,,,,,,,,,,,,,,,,,,,,
173711,28-Mar-18,2:33:34,2018-03-28 02:33:34,G,1,4,1655,854,0,7,-62.3857,-60.5597,33:37.8,FastGPS,-62.3857,-60.5597,,,17.1,-0.2,,,,15,30,9860,,,,9,7114,,,,13,32540,,,,7,7100,,,,27,29668,,,,20,3682,,,,28,17705,,,,,,,,,,,,,,,,,,,,,,,,,,,,,,,,,,,,,,,,,,,
173711,28-Mar-18,3:03:21,2018-03-28 03:03:21,G,1,4,1656,854,0,6,-62.4124,-60.5535,03:24.8,FastGPS,-62.4124,-60.5535,,,8.2,-0.2,,,,15,5,18690,,,,15,20732,,,,28,12350,,,,20,25728,,,,13,18182,,,,30,11115,,,,,,,,,,,,,,,,,,,,,,,,,,,,,,,,,,,,,,,,,,,,,,,,
173711,28-Mar-18,3:34:03,2018-03-28 03:34:03,G,1,4,1657,854,0,6,-62.4301,-60.5731,34:06.8,FastGPS,-62.4301,-60.5731,,,7.2,-0.2,,,,15,15,19206,,,,5,13850,,,,28,18136,,,,30,24578,,,,13,18762,,,,20,20846,,,,,,,,,,,,,,,,,,,,,,,,,,,,,,,,,,,,,,,,,,,,,,,,
173711,28-Mar-18,4:04:18,2018-03-28 04:04:18,G,1,4,1658,854,0,8,-62.4236,-60.5564,04:21.8,FastGPS,-62.4236,-60.5564,,,9.1,-0.2,,,,15,15,11242,,,,17,31544,,,,30,2396,,,,20,28472,,,,28,29846,,,,13,1223,,,,5,20236,,,,7,29291,,,,,,,,,,,,,,,,,,,,,,,,,,,,,,,,,,,,,,
173711,28-Mar-18,4:35:03,2018-03-28 04:35:03,G,1,4,1659,854,0,5,-62.4412,-60.5784,35:06.3,FastGPS,-62.4412,-60.5784,,,6,-0.7,,,,15,15,12960,,,,13,18943,,,,17,13930,,,,24,10616,,,,20,10776,,,,,,,,,,,,,,,,,,,,,,,,,,,,,,,,,,,,,,,,,,,,,,,,,,,,,
173711,28-Mar-18,5:05:00,2018-03-28 05:05:00,G,1,4,1660,,0,9,-62.4485,-60.5713,05:04.3,FastGPS,-62.4485,-60.5713,,,13.2,0.3,,,,15,17,25217,,,,18,2554,,,,11,28224,,,,15,20540,,,,24,9917,,,,28,9993,,,,10,2744,,,,1,26666,,,,19,16585,,,,,,,,,,,,,,,,,,,,,,,,,,,,,,,,,
173711,28-Mar-18,6:55:00,2018-03-28 06:55:00,G,2,4,1663,855,0,7,-62.47,-60.477,55:04.8,FastGPS,-62.47,-60.477,,,10.9,0.8,,,,15,17,13724,,,,12,23364,,,,32,5136,,,,19,17530,,,,6,1279,,,,14,13181,,,,24,26347,,,,,,,,,,,,,,,,,,,,,,,,,,,,,,,,,,,,,,,,,,,
173711,28-Mar-18,7:27:31,2018-03-28 07:27:31,G,2,4,1664,855,0,8,-62.4719,-60.4581,27:34.3,FastGPS,-62.4719,-60.4581,,,10,-0.7,,,,15,17,22553,,,,22,22896,,,,19,28208,,,,14,29623,,,,3,18292,,,,32,23226,,,,6,23686,,,,12,9587,,,,,,,,,,,,,,,,,,,,,,,,,,,,,,,,,,,,,,
173711,28-Mar-18,7:57:53,2018-03-28 07:57:53,G,3,4,1665,,0,9,-62.4738,-60.4356,57:57.3,FastGPS,-62.4738,-60.4356,,,7.8,0.3,,,,15,17,7549,,,,32,31320,,,,6,15498,,,,12,1490,,,,3,6864,,,,14,9405,,,,25,23840,,,,19,7322,,,,22,24194,,,,,,,,,,,,,,,,,,,,,,,,,,,,,,,,,
173711,28-Mar-18,9:14:37,2018-03-28 09:14:37,G,2,4,1666,,0,9,-62.4767,-60.4051,14:41.8,FastGPS,-62.4767,-60.4051,,,17.4,0.8,,,,15,31,15873,,,,6,31058,,,,14,13060,,,,2,3516,,,,19,26702,,,,12,11737,,,,29,6934,,,,32,9479,,,,25,8405,,,,,,,,,,,,,,,,,,,,,,,,,,,,,,,,,
173711,28-Mar-18,10:00:42,2018-03-28 10:00:42,G,1,4,1667,859,0,6,-62.4788,-60.3896,00:45.8,FastGPS,-62.4788,-60.3896,,1,11.6,-0.1,,,,15,4,300,,,,31,22541,,,,6,19017,,,,12,8549,,,,25,27222,,,,2,7148,,,,,,,,,,,,,,,,,,,,,,,,,,,,,,,,,,,,,,,,,,,,,,,,
173711,28-Mar-18,11:27:47,2018-03-28 11:27:47,G,2,4,1668,,0,9,-62.4843,-60.3417,27:50.3,FastGPS,-62.4843,-60.3417,,1,7.6,-0.7,,,,15,5,14157,,,,2,24471,,,,4,24880,,,,26,5326,,,,25,1578,,,,29,30580,,,,23,22200,,,,16,22129,,,,31,12568,,,,,,,,,,,,,,,,,,,,,,,,,,,,,,,,,
173711,28-Mar-18,12:43:30,2018-03-28 12:43:30,G,4,4,1670,863,0,5,-62.4045,-60.6735,31:04.3,FastGPS,-62.4577,-60.3068,,1,1.1,0.3,,,,15,5,17812,,,,20,1335,,,,4,17431,,,,21,10604,,,,29,5626,,,,,,,,,,,,,,,,,,,,,,,,,,,,,,,,,,,,,,,,,,,,,,,,,,,,,
173711,28-Mar-18,14:32:00,2018-03-28 14:32:00,G,2,4,1672,866,0,4,-62.4045,-60.6735,31:04.3,FastGPS,-62.459,-60.3407,,,0.2,0.4,,,,15,15,1358,,,,13,25242,,,,20,14479,,,,21,15544,,,,,,,,,,,,,,,,,,,,,,,,,,,,,,,,,,,,,,,,,,,,,,,,,,,,,,,,,,
173711,28-Mar-18,15:02:00,2018-03-28 15:02:00,G,1,4,1673,866,1,5,-62.4594,-60.3385,02:04.3,FastGPS,-62.4594,-60.3385,,,1.1,0.3,,,,15,21,4667,,,,15,15616,,,,8,4000,,,,13,20677,,,,20,16700,,,,,,,,,,,,,,,,,,,,,,,,,,,,,,,,,,,,,,,,,,,,,,,,,,,,,
173711,28-Mar-18,15:32:00,2018-03-28 15:32:00,G,1,4,1674,866,1,4,-62.459,-60.3407,32:04.4,FastGPS,-62.4591,-60.3389,,,0,0.4,,,,15,15,14581,,,,20,16536,,,,21,20676,,,,13,32072,,,,,,,,,,,,,,,,,,,,,,,,,,,,,,,,,,,,,,,,,,,,,,,,,,,,,,,,,,
173711,28-Mar-18,17:02:00,2018-03-28 17:02:00,G,1,4,1676,,1,9,-62.4592,-60.3386,02:04.3,FastGPS,-62.4592,-60.3386,,,9.8,0.4,,,,15,8,24055,,,,32,10380,,,,14,28293,,,,24,4748,,,,27,9821,,,,10,22773,,,,1,10744,,,,18,476,,,,11,26976,,,,,,,,,,,,,,,,,,,,,,,,,,,,,,,,,
173711,29-Mar-18,23:43:38,2018-03-29 23:43:38,G,1,4,1677,868,0,8,-62.458,-60.34,43:42.9,FastGPS,-62.458,-60.34,,1,5.1,0.9,,,,15,7,28126,,,,23,3106,,,,16,25858,,,,9,29416,,,,26,15391,,,,2,150,,,,30,30016,,,,4,3856,,,,,,,,,,,,,,,,,,,,,,,,,,,,,,,,,,,,,,
173711,30-Mar-18,0:13:37,2018-03-30 00:13:37,G,5,4,1678,868,0,7,-62.4409,-60.37,13:41.4,FastGPS,-62.4409,-60.37,,,12,0.4,,,,15,5,19954,,,,7,23207,,,,2,8996,,,,9,31642,,,,30,30026,,,,23,8675,,,,6,26058,,,,,,,,,,,,,,,,,,,,,,,,,,,,,,,,,,,,,,,,,,,
173711,30-Mar-18,1:20:00,2018-03-30 01:20:00,G,2,4,1679,868,0,4,-62.4214,-60.6352,25:07.9,FastGPS,-62.4485,-60.4849,,,0.7,0.4,,,,15,5,22486,,,,9,9482,,,,30,8808,,,,7,19403,,,,,,,,,,,,,,,,,,,,,,,,,,,,,,,,,,,,,,,,,,,,,,,,,,,,,,,,,,
173711,30-Mar-18,1:52:49,2018-03-30 01:52:49,G,1,4,1680,868,0,6,-62.4413,-60.5383,52:53.4,FastGPS,-62.4413,-60.5383,,,13,0.4,,,,15,7,8884,,,,5,15689,,,,13,31315,,,,9,6790,,,,28,1897,,,,30,22834,,,,,,,,,,,,,,,,,,,,,,,,,,,,,,,,,,,,,,,,,,,,,,,,
173711,30-Mar-18,3:25:03,2018-03-30 03:25:03,G,3,4,1681,872,0,4,-62.48,-60.73,3/30/2018 14:20,A,-62.4214,-60.6352,,,1.4,0.9,,,,15,15,1031,,,,13,2690,,,,5,2120,,,,28,872,,,,,,,,,,,,,,,,,,,,,,,,,,,,,,,,,,,,,,,,,,,,,,,,,,,,,,,,,,
173711,30-Mar-18,3:55:03,2018-03-30 03:55:03,G,4,4,1682,872,0,4,-62.48,-60.73,3/30/2018 14:20,A,-64.0865,-66.1536,,,193.6,1,,,,15,8,15664,,,,7,9238,,,,17,403,,,,13,9920,,,,,,,,,,,,,,,,,,,,,,,,,,,,,,,,,,,,,,,,,,,,,,,,,,,,,,,,,,
173711,30-Mar-18,4:25:15,2018-03-30 04:25:15,G,2,4,1683,872,0,7,-62.4037,-60.5952,25:18.9,FastGPS,-62.4037,-60.5952,,,8.4,-0.1,,,,15,17,9095,,,,11,10216,,,,18,19598,,,,1,20678,,,,10,5672,,,,30,14627,,,,15,15172,,,,,,,,,,,,,,,,,,,,,,,,,,,,,,,,,,,,,,,,,,,
173711,30-Mar-18,5:47:04,2018-03-30 05:47:04,G,4,4,1685,873,0,7,-62.4093,-60.5752,47:07.9,FastGPS,-62.4093,-60.5752,,,16.7,-0.1,,,,15,12,10568,,,,10,21370,,,,17,5810,,,,28,11769,,,,15,19382,,,,1,4479,,,,19,5006,,,,,,,,,,,,,,,,,,,,,,,,,,,,,,,,,,,,,,,,,,,
173711,30-Mar-18,7:17:02,2018-03-30 07:17:02,G,4,4,1686,877,0,7,-62.4079,-60.5681,17:05.9,FastGPS,-62.4079,-60.5681,,,7.5,-0.1,,,,15,25,24474,,,,17,489,,,,6,19002,,,,12,7954,,,,24,332,,,,19,1064,,,,32,24152,,,,,,,,,,,,,,,,,,,,,,,,,,,,,,,,,,,,,,,,,,,
173711,30-Mar-18,7:49:30,2018-03-30 07:49:30,G,1,4,1687,877,0,8,-62.409,-60.5622,49:33.9,FastGPS,-62.409,-60.5622,,,11,-0.1,,,,15,19,1495,,,,6,8974,,,,12,28467,,,,25,17806,,,,2,26318,,,,32,25952,,,,17,2643,,,,24,21338,,,,,,,,,,,,,,,,,,,,,,,,,,,,,,,,,,,,,,
173711,30-Mar-18,8:20:07,2018-03-30 08:20:07,G,1,4,1688,877,0,8,-62.4141,-60.5705,20:10.4,FastGPS,-62.4141,-60.5705,,,14.7,-0.6,,,,15,17,18409,,,,2,23646,,,,3,1247,,,,6,14840,,,,12,9977,,,,19,2690,,,,24,8271,,,,22,29609,,,,,,,,,,,,,,,,,,,,,,,,,,,,,,,,,,,,,,
173711,30-Mar-18,9:07:02,2018-03-30 09:07:02,G,2,4,1689,,0,9,-62.4096,-60.5665,07:06.4,FastGPS,-62.4096,-60.5665,,,15.8,0.4,,,,15,29,4076,,,,31,12542,,,,14,6522,,,,25,3762,,,,2,30994,,,,6,22773,,,,12,4476,,,,32,2254,,,,3,25304,,,,,,,,,,,,,,,,,,,,,,,,,,,,,,,,,
173711,30-Mar-18,9:37:37,2018-03-30 09:37:37,G,3,4,1690,878,0,4,-62.4214,-60.6352,25:07.9,FastGPS,-62.4237,-60.5886,,,1.1,0.4,,,,15,31,5237,,,,29,22749,,,,12,32274,,,,25,3932,,,,,,,,,,,,,,,,,,,,,,,,,,,,,,,,,,,,,,,,,,,,,,,,,,,,,,,,,,
173711,30-Mar-18,10:08:49,2018-03-30 10:08:49,G,4,4,1691,878,0,4,-62.4214,-60.6352,25:07.9,FastGPS,,,,,,,,,,15,31,9944,,,,29,4572,,,,25,18330,,,,4,3644,,,,,,,,,,,,,,,,,,,,,,,,,,,,,,,,,,,,,,,,,,,,,,,,,,,,,,,,,,
173711,30-Mar-18,10:57:36,2018-03-30 10:57:36,G,3,4,1692,878,0,7,-62.4792,-60.6544,57:41.0,FastGPS,-62.4792,-60.6544,,1,3.3,1,,,,15,29,23879,,,,26,22852,,,,31,27929,,,,4,28329,,,,5,25694,,,,25,2343,,,,12,15892,,,,,,,,,,,,,,,,,,,,,,,,,,,,,,,,,,,,,,,,,,,
173711,30-Mar-18,11:46:25,2018-03-30 11:46:25,G,4,4,1693,879,0,6,-62.4886,-60.7065,46:28.9,FastGPS,-62.4886,-60.7065,,1,10.2,-0.1,,,,15,5,13133,,,,29,10592,,,,21,29958,,,,20,31748,,,,4,11026,,,,31,26916,,,,,,,,,,,,,,,,,,,,,,,,,,,,,,,,,,,,,,,,,,,,,,,,
173711,30-Mar-18,12:16:21,2018-03-30 12:16:21,G,4,4,1694,879,0,8,-62.4861,-60.7087,16:24.4,FastGPS,-62.4861,-60.7087,,1,9.8,-0.6,,,,15,29,390,,,,31,17101,,,,5,20204,,,,20,5203,,,,21,15856,,,,26,14660,,,,16,20042,,,,4,7716,,,,,,,,,,,,,,,,,,,,,,,,,,,,,,,,,,,,,,
173711,30-Mar-18,12:46:06,2018-03-30 12:46:06,G,4,4,1695,879,0,5,-62.4214,-60.6352,25:07.9,FastGPS,-62.4895,-60.7049,,1,1.2,0.9,,,,15,5,10806,,,,29,19618,,,,20,11311,,,,21,27813,,,,4,19743,,,,,,,,,,,,,,,,,,,,,,,,,,,,,,,,,,,,,,,,,,,,,,,,,,,,,
173711,30-Mar-18,14:04:00,2018-03-30 14:04:00,G,6,4,1696,,0,9,-62.4796,-60.7304,04:03.4,FastGPS,-62.4796,-60.7304,,1,11.1,-0.6,,,,15,20,952,,,,21,5450,,,,16,17768,,,,15,8090,,,,13,29685,,,,26,12008,,,,10,13516,,,,4,14160,,,,27,27466,,,,,,,,,,,,,,,,,,,,,,,,,,,,,,,,,
173711,30-Mar-18,14:50:40,2018-03-30 14:50:40,G,5,4,1697,883,0,7,-62.4796,-60.7305,50:44.9,FastGPS,-62.4796,-60.7305,,,7.3,0.9,,,,15,15,24240,,,,10,19550,,,,20,11525,,,,21,26598,,,,16,294,,,,13,2871,,,,26,5098,,,,,,,,,,,,,,,,,,,,,,,,,,,,,,,,,,,,,,,,,,,
173711,30-Mar-18,15:20:00,2018-03-30 15:20:00,G,4,4,1698,883,0,7,-62.4797,-60.7297,20:03.4,FastGPS,-62.4797,-60.7297,,,7.7,-0.6,,,,15,15,20338,,,,10,6784,,,,20,9954,,,,21,7335,,,,27,25533,,,,16,11434,,,,13,12394,,,,,,,,,,,,,,,,,,,,,,,,,,,,,,,,,,,,,,,,,,,
173711,30-Mar-18,15:51:03,2018-03-30 15:51:03,G,4,4,1699,883,0,8,-62.48,-60.7309,51:07.9,FastGPS,-62.48,-60.7309,,,5.3,0.9,,,,15,21,10179,,,,10,10942,,,,8,15249,,,,15,25953,,,,32,24890,,,,27,17802,,,,20,1054,,,,18,3584,,,,,,,,,,,,,,,,,,,,,,,,,,,,,,,,,,,,,,
173711,30-Mar-18,16:21:13,2018-03-30 16:21:13,G,3,4,1700,883,0,8,-62.4797,-60.7297,21:17.9,FastGPS,-62.4797,-60.7297,,,7.4,0.9,,,,15,32,17435,,,,10,1975,,,,27,32104,,,,18,2438,,,,11,25038,,,,1,7296,,,,8,6986,,,,28,968,,,,,,,,,,,,,,,,,,,,,,,,,,,,,,,,,,,,,,
173711,30-Mar-18,20:00:25,2018-03-30 20:00:25,G,2,4,1701,,0,9,-62.5121,-60.5039,00:28.4,FastGPS,-62.5121,-60.5039,,,7.2,-0.6,,,,15,12,274,,,,32,6710,,,,17,29964,,,,11,19930,,,,22,31590,,,,3,9605,,,,25,16078,,,,14,28120,,,,18,19406,,,,,,,,,,,,,,,,,,,,,,,,,,,,,,,,,
173711,30-Mar-18,20:32:08,2018-03-30 20:32:08,G,1,4,1702,,0,9,-62.5101,-60.4855,32:12.4,FastGPS,-62.5101,-60.4855,,,7.4,0.5,,,,15,31,32259,,,,12,30432,,,,14,27848,,,,3,12513,,,,6,13108,,,,1,743,,,,32,8536,,,,22,30688,,,,19,27648,,,,,,,,,,,,,,,,,,,,,,,,,,,,,,,,,
173711,30-Mar-18,21:04:29,2018-03-30 21:04:29,G,1,4,1703,884,0,8,-62.4945,-60.4817,04:33.4,FastGPS,-62.4945,-60.4817,,,14.7,0.4,,,,15,31,5596,,,,22,18532,,,,3,3312,,,,14,28870,,,,12,9976,,,,23,28253,,,,25,15632,,,,17,10006,,,,,,,,,,,,,,,,,,,,,,,,,,,,,,,,,,,,,,
173711,30-Mar-18,22:00:38,2018-03-30 22:00:38,G,1,4,1704,,0,9,-62.4885,-60.4815,00:42.9,FastGPS,-62.4885,-60.4815,,1,12.1,0.9,,,,15,31,15564,,,,3,7308,,,,4,28354,,,,26,18945,,,,23,17160,,,,6,19290,,,,9,11954,,,,22,27442,,,,2,23500,,,,,,,,,,,,,,,,,,,,,,,,,,,,,,,,,
173711,31-Mar-18,1:07:59,2018-03-31 01:07:59,G,2,4,1705,884,0,5,-62.4044,-60.5972,08:02.9,FastGPS,-62.4044,-60.5972,,,7.9,-0.1,,,,15,7,28379,,,,27,26434,,,,5,22363,,,,16,1632,,,,30,29981,,,,,,,,,,,,,,,,,,,,,,,,,,,,,,,,,,,,,,,,,,,,,,,,,,,,,
173711,31-Mar-18,2:32:03,2018-03-31 02:32:03,G,3,4,1706,884,0,8,-62.3918,-60.616,32:07.4,FastGPS,-62.3918,-60.616,,,11.8,0.4,,,,15,13,2942,,,,5,15048,,,,7,7673,,,,30,4642,,,,20,21909,,,,15,6892,,,,27,19691,,,,8,16473,,,,,,,,,,,,,,,,,,,,,,,,,,,,,,,,,,,,,,
173711,31-Mar-18,3:02:00,2018-03-31 03:02:00,G,3,4,1707,884,0,6,-62.3907,-60.6145,02:04.4,FastGPS,-62.3907,-60.6145,,,6.2,0.4,,,,15,15,17215,,,,13,27278,,,,20,17220,,,,7,13299,,,,8,28140,,,,5,31402,,,,,,,,,,,,,,,,,,,,,,,,,,,,,,,,,,,,,,,,,,,,,,,,
173711,31-Mar-18,3:36:12,2018-03-31 03:36:12,G,1,4,1708,884,0,6,-62.3937,-60.5935,36:17.0,FastGPS,-62.3937,-60.5935,,,4.2,1,,,,15,15,14205,,,,8,14654,,,,30,115,,,,7,12210,,,,20,27434,,,,13,12426,,,,,,,,,,,,,,,,,,,,,,,,,,,,,,,,,,,,,,,,,,,,,,,,
173711,31-Mar-18,10:16:22,2018-03-31 10:16:22,G,2,4,1710,887,0,8,-62.4697,-60.763,16:26.0,FastGPS,-62.4697,-60.763,,1,4.7,0,,,,15,4,15446,,,,12,32045,,,,29,27674,,,,23,24631,,,,31,13170,,,,25,2202,,,,26,17356,,,,2,21448,,,,,,,,,,,,,,,,,,,,,,,,,,,,,,,,,,,,,,
173711,31-Mar-18,10:48:15,2018-03-31 10:48:15,G,3,4,1711,887,0,7,-62.4574,-60.7815,48:18.9,FastGPS,-62.4574,-60.7815,,1,0.9,0,,,,15,29,19141,,,,25,15455,,,,31,3227,,,,5,9414,,,,12,5444,,,,26,1632,,,,4,11043,,,,,,,,,,,,,,,,,,,,,,,,,,,,,,,,,,,,,,,,,,,
173711,31-Mar-18,11:33:07,2018-03-31 11:33:07,G,3,4,1712,888,0,5,-62.4593,-60.7969,33:10.5,FastGPS,-62.4593,-60.7969,,,2.8,-0.5,,,,15,29,17680,,,,5,2187,,,,31,23896,,,,21,12861,,,,25,31454,,,,,,,,,,,,,,,,,,,,,,,,,,,,,,,,,,,,,,,,,,,,,,,,,,,,,
173711,31-Mar-18,12:18:00,2018-03-31 12:18:00,G,1,4,1713,889,0,7,-62.4599,-60.808,18:04.9,FastGPS,-62.4599,-60.808,,1,4.3,0.9,,,,15,29,26777,,,,4,14282,,,,20,31862,,,,21,14313,,,,26,27484,,,,16,16262,,,,5,21576,,,,,,,,,,,,,,,,,,,,,,,,,,,,,,,,,,,,,,,,,,,
173711,31-Mar-18,13:18:16,2018-03-31 13:18:16,G,2,4,1714,,0,9,-62.4631,-60.8076,18:19.5,FastGPS,-62.4631,-60.8076,,1,12.3,-0.5,,,,15,20,16163,,,,16,17737,,,,4,29980,,,,26,2295,,,,27,22052,,,,21,32131,,,,5,986,,,,13,23532,,,,29,14850,,,,,,,,,,,,,,,,,,,,,,,,,,,,,,,,,
173711,31-Mar-18,13:48:00,2018-03-31 13:48:00,G,2,4,1715,891,0,8,-62.4636,-60.8048,48:04.5,FastGPS,-62.4636,-60.8048,,1,15.7,0.5,,,,15,7,14652,,,,13,12286,,,,20,10712,,,,21,18335,,,,15,7945,,,,16,32428,,,,8,28148,,,,4,750,,,,,,,,,,,,,,,,,,,,,,,,,,,,,,,,,,,,,,
173711,31-Mar-18,14:18:00,2018-03-31 14:18:00,G,3,4,1716,891,1,5,-62.4634,-60.8045,18:04.4,FastGPS,-62.4634,-60.8045,,,11.6,0.4,,,,15,15,13115,,,,7,27578,,,,13,7710,,,,20,8611,,,,30,20058,,,,,,,,,,,,,,,,,,,,,,,,,,,,,,,,,,,,,,,,,,,,,,,,,,,,,
173711,31-Mar-18,15:33:00,2018-03-31 15:33:00,G,3,4,1717,,1,9,-62.4639,-60.8044,33:03.5,FastGPS,-62.4639,-60.8044,,,11.9,-0.5,,,,15,15,31601,,,,20,11632,,,,10,6510,,,,13,27722,,,,21,25817,,,,30,27153,,,,28,1558,,,,27,15841,,,,11,14070,,,,,,,,,,,,,,,,,,,,,,,,,,,,,,,,,
173711,1-Apr-18,5:39:23,2018-04-01 05:39:23,G,2,4,1718,894,0,5,-62.4637,-60.8059,39:27.5,FastGPS,-62.4637,-60.8059,,,12,0.5,,,,15,15,11045,,,,12,6632,,,,19,30838,,,,17,31020,,,,24,22,,,,,,,,,,,,,,,,,,,,,,,,,,,,,,,,,,,,,,,,,,,,,,,,,,,,,
173711,1-Apr-18,10:33:27,2018-04-01 10:33:27,G,1,4,1721,896,0,7,-62.4393,-60.7298,33:32.0,FastGPS,-62.4393,-60.7298,,1,3.4,1,,,,15,29,25198,,,,31,480,,,,25,25740,,,,4,24463,,,,26,7272,,,,12,4706,,,,23,21675,,,,,,,,,,,,,,,,,,,,,,,,,,,,,,,,,,,,,,,,,,,
173711,1-Apr-18,12:16:20,2018-04-01 12:16:20,G,1,4,1724,896,0,8,-62.4601,-60.8017,16:25.0,FastGPS,-62.4601,-60.8017,,1,10,1,,,,15,29,2348,,,,5,275,,,,16,6502,,,,20,19794,,,,31,4178,,,,21,5192,,,,4,27520,,,,26,10631,,,,,,,,,,,,,,,,,,,,,,,,,,,,,,,,,,,,,,
173711,1-Apr-18,13:32:00,2018-04-01 13:32:00,G,2,4,1726,,0,9,-62.4751,-60.7943,32:04.5,FastGPS,-62.4751,-60.7943,,1,13.1,0.5,,,,15,5,32654,,,,20,30337,,,,21,8568,,,,29,5284,,,,15,21584,,,,26,18687,,,,7,26604,,,,4,1086,,,,30,26157,,,,,,,,,,,,,,,,,,,,,,,,,,,,,,,,,
173711,1-Apr-18,14:02:00,2018-04-01 14:02:00,G,3,4,1727,897,1,5,-62.475,-60.7942,02:04.5,FastGPS,-62.475,-60.7942,,,5.2,0.5,,,,15,7,8691,,,,13,2281,,,,15,22085,,,,30,6639,,,,27,12746,,,,,,,,,,,,,,,,,,,,,,,,,,,,,,,,,,,,,,,,,,,,,,,,,,,,,
173711,1-Apr-18,14:32:00,2018-04-01 14:32:00,G,4,4,1728,897,1,6,-62.4749,-60.7941,32:04.5,FastGPS,-62.4749,-60.7941,,,6.7,0.5,,,,15,7,32112,,,,15,11312,,,,13,8468,,,,21,24556,,,,30,616,,,,20,10012,,,,,,,,,,,,,,,,,,,,,,,,,,,,,,,,,,,,,,,,,,,,,,,,
173711,2-Apr-18,20:52:13,2018-04-02 20:52:13,G,3,4,1730,,0,9,-62.4677,-60.8071,52:16.5,FastGPS,-62.4677,-60.8071,,,13.3,-0.4,,,,15,31,10378,,,,22,22688,,,,17,19076,,,,3,10002,,,,23,3583,,,,19,6081,,,,9,17474,,,,1,13471,,,,14,2074,,,,,,,,,,,,,,,,,,,,,,,,,,,,,,,,,
173711,2-Apr-18,21:22:01,2018-04-02 21:22:01,G,2,4,1731,897,0,6,-62.4612,-60.8186,22:04.5,FastGPS,-62.4612,-60.8186,,1,3.6,-0.5,,,,15,31,22962,,,,3,17270,,,,22,7260,,,,4,25282,,,,23,28924,,,,1,210,,,,,,,,,,,,,,,,,,,,,,,,,,,,,,,,,,,,,,,,,,,,,,,,
173711,2-Apr-18,22:11:31,2018-04-02 22:11:31,G,2,4,1732,,0,9,-62.458,-60.7838,11:34.6,FastGPS,-62.458,-60.7838,,1,11.1,-0.4,,,,15,23,13546,,,,9,24150,,,,3,27132,,,,4,366,,,,2,27164,,,,31,31426,,,,29,12180,,,,16,18626,,,,26,11476,,,,,,,,,,,,,,,,,,,,,,,,,,,,,,,,,
173711,2-Apr-18,22:43:20,2018-04-02 22:43:20,G,2,4,1733,898,0,5,-62.4501,-60.8029,43:25.0,FastGPS,-62.4501,-60.8029,,,2.8,1.1,,,,15,16,8317,,,,9,6042,,,,23,6984,,,,7,1354,,,,6,14966,,,,,,,,,,,,,,,,,,,,,,,,,,,,,,,,,,,,,,,,,,,,,,,,,,,,,
173711,3-Apr-18,2:06:40,2018-04-03 02:06:40,G,1,4,1734,899,0,6,-62.4749,-60.8512,06:44.1,FastGPS,-62.4749,-60.8512,,,11.9,0.1,,,,15,5,8129,,,,13,20583,,,,15,7235,,,,28,32226,,,,7,7142,,,,21,19808,,,,,,,,,,,,,,,,,,,,,,,,,,,,,,,,,,,,,,,,,,,,,,,,
173711,3-Apr-18,2:37:12,2018-04-03 02:37:12,G,2,4,1735,899,0,6,-62.4942,-60.8919,37:16.6,FastGPS,-62.4942,-60.8919,,,6.4,0.6,,,,15,15,21734,,,,5,31393,,,,28,12017,,,,20,19828,,,,13,22446,,,,30,20261,,,,,,,,,,,,,,,,,,,,,,,,,,,,,,,,,,,,,,,,,,,,,,,,
173711,3-Apr-18,3:09:28,2018-04-03 03:09:28,G,1,4,1736,899,0,7,-62.502,-60.955,09:33.0,FastGPS,-62.502,-60.955,,,3.9,1.1,,,,15,28,3528,,,,20,4729,,,,5,962,,,,15,6486,,,,30,10898,,,,13,6038,,,,7,10294,,,,,,,,,,,,,,,,,,,,,,,,,,,,,,,,,,,,,,,,,,,
173711,3-Apr-18,5:06:06,2018-04-03 05:06:06,G,1,4,1739,,0,9,-62.5189,-61.0895,06:11.0,FastGPS,-62.5189,-61.0895,,,20.1,1.1,,,,15,15,24439,,,,12,8837,,,,24,10646,,,,28,23983,,,,1,19194,,,,10,20616,,,,18,10836,,,,17,18950,,,,11,11272,,,,,,,,,,,,,,,,,,,,,,,,,,,,,,,,,
173711,3-Apr-18,5:57:30,2018-04-03 05:57:30,G,3,4,1740,901,0,8,-62.519,-61.0929,57:35.1,FastGPS,-62.519,-61.0929,,,12.1,1.1,,,,15,17,22212,,,,18,17378,,,,32,17194,,,,19,28432,,,,1,23451,,,,11,12186,,,,24,20168,,,,15,19762,,,,,,,,,,,,,,,,,,,,,,,,,,,,,,,,,,,,,,
173711,3-Apr-18,6:27:01,2018-04-03 06:27:01,G,3,4,1741,901,0,6,-62.5221,-61.0444,27:05.1,FastGPS,-62.5221,-61.0444,,,7.7,0.1,,,,15,17,7862,,,,12,3824,,,,24,15862,,,,32,20561,,,,19,3514,,,,1,14964,,,,,,,,,,,,,,,,,,,,,,,,,,,,,,,,,,,,,,,,,,,,,,,,
173711,3-Apr-18,6:57:51,2018-04-03 06:57:51,G,1,4,1742,901,0,5,-62.5405,-61.0032,57:55.0,FastGPS,-62.5405,-61.0032,,,6.1,0,,,,15,32,1688,,,,17,20600,,,,12,13352,,,,19,13771,,,,14,27464,,,,,,,,,,,,,,,,,,,,,,,,,,,,,,,,,,,,,,,,,,,,,,,,,,,,,
173711,3-Apr-18,7:30:07,2018-04-03 07:30:07,G,2,4,1743,,0,9,-62.5522,-60.9452,30:10.6,FastGPS,-62.5522,-60.9452,,,9.7,-0.4,,,,15,17,20560,,,,12,28826,,,,32,942,,,,14,2678,,,,24,32204,,,,6,4066,,,,25,11766,,,,2,12530,,,,3,719,,,,,,,,,,,,,,,,,,,,,,,,,,,,,,,,,
173711,3-Apr-18,10:00:01,2018-04-03 10:00:01,G,1,4,1745,906,0,7,-62.5044,-60.8363,00:04.6,FastGPS,-62.5044,-60.8362,,1,5.2,-0.4,,,,15,12,31266,,,,31,29504,,,,25,24122,,,,4,16715,,,,29,2948,,,,26,17146,,,,5,23378,,,,,,,,,,,,,,,,,,,,,,,,,,,,,,,,,,,,,,,,,,,
173711,3-Apr-18,10:49:43,2018-04-03 10:49:43,G,2,4,1746,907,0,7,-62.492,-60.8383,49:46.5,FastGPS,-62.492,-60.8383,,1,6.7,-0.4,,,,15,31,20760,,,,29,3533,,,,2,21642,,,,5,22332,,,,4,30140,,,,26,32683,,,,25,18468,,,,,,,,,,,,,,,,,,,,,,,,,,,,,,,,,,,,,,,,,,,
173711,3-Apr-18,11:35:03,2018-04-03 11:35:03,G,1,4,1747,908,0,7,-62.4963,-60.8378,35:07.1,FastGPS,-62.4963,-60.8378,,1,6.3,0.1,,,,15,21,26253,,,,4,22094,,,,29,8598,,,,26,3024,,,,31,13274,,,,5,19710,,,,25,13272,,,,,,,,,,,,,,,,,,,,,,,,,,,,,,,,,,,,,,,,,,,
173711,3-Apr-18,12:05:00,2018-04-03 12:05:00,G,1,4,1748,908,0,4,-62.4963,-60.8378,35:07.1,FastGPS,,,,,,,,,,15,21,4283,,,,29,22464,,,,26,20842,,,,4,8066,,,,,,,,,,,,,,,,,,,,,,,,,,,,,,,,,,,,,,,,,,,,,,,,,,,,,,,,,,
173711,3-Apr-18,12:36:16,2018-04-03 12:36:16,G,1,4,1749,908,0,6,-62.4932,-60.8347,36:21.1,FastGPS,-62.4932,-60.8347,,1,15.7,1.1,,,,15,4,20192,,,,21,24208,,,,26,32086,,,,20,749,,,,29,9588,,,,16,17020,,,,,,,,,,,,,,,,,,,,,,,,,,,,,,,,,,,,,,,,,,,,,,,,
173711,3-Apr-18,14:17:01,2018-04-03 14:17:01,G,1,4,1752,908,0,6,-62.4693,-60.8382,17:06.1,FastGPS,-62.4693,-60.8382,,1,6.9,1.1,,,,15,27,19488,,,,10,26988,,,,8,1770,,,,4,21657,,,,7,24678,,,,16,31246,,,,,,,,,,,,,,,,,,,,,,,,,,,,,,,,,,,,,,,,,,,,,,,,
173711,3-Apr-18,15:21:00,2018-04-03 15:21:00,G,1,4,1753,,0,9,-62.4784,-60.8101,21:04.6,FastGPS,-62.4784,-60.8101,,,10.9,0.6,,,,15,15,19172,,,,21,12963,,,,10,27320,,,,27,3155,,,,8,15668,,,,16,16050,,,,20,13002,,,,32,25512,,,,18,16014,,,,,,,,,,,,,,,,,,,,,,,,,,,,,,,,,
173711,3-Apr-18,16:22:39,2018-04-03 16:22:39,G,2,4,1755,910,0,5,-62.4608,-60.8171,22:43.1,FastGPS,-62.4608,-60.8171,,,1.7,0.1,,,,15,32,30792,,,,27,11907,,,,10,23078,,,,15,4958,,,,28,10980,,,,,,,,,,,,,,,,,,,,,,,,,,,,,,,,,,,,,,,,,,,,,,,,,,,,,
173711,3-Apr-18,16:53:12,2018-04-03 16:53:12,G,1,4,1756,,0,9,-62.4585,-60.7984,53:17.1,FastGPS,-62.4585,-60.7984,,,9.7,1.1,,,,15,22,20570,,,,32,31174,,,,11,13340,,,,1,17336,,,,27,13877,,,,28,28093,,,,10,24120,,,,18,15622,,,,14,9312,,,,,,,,,,,,,,,,,,,,,,,,,,,,,,,,,
173711,3-Apr-18,17:23:00,2018-04-03 17:23:00,G,1,4,1757,,0,9,-62.4564,-60.7888,23:04.6,FastGPS,-62.4564,-60.7888,,,9.9,0.6,,,,15,8,5196,,,,14,18240,,,,18,16306,,,,27,14468,,,,10,9882,,,,32,6474,,,,11,19273,,,,1,5594,,,,24,25474,,,,,,,,,,,,,,,,,,,,,,,,,,,,,,,,,
173711,3-Apr-18,18:24:19,2018-04-03 18:24:19,G,2,4,1759,910,0,8,-62.4592,-60.7813,24:23.1,FastGPS,-62.4592,-60.7813,,,14,0.1,,,,15,17,25022,,,,32,14429,,,,22,7237,,,,1,1649,,,,10,8492,,,,11,27082,,,,31,31926,,,,3,6880,,,,,,,,,,,,,,,,,,,,,,,,,,,,,,,,,,,,,,
173711,3-Apr-18,18:54:00,2018-04-03 18:54:00,G,1,4,1760,,0,9,-62.4596,-60.7801,54:04.6,FastGPS,-62.4596,-60.7801,,,8,0.6,,,,15,31,18820,,,,18,21196,,,,17,25984,,,,12,903,,,,32,3017,,,,14,31078,,,,11,8962,,,,22,26210,,,,1,7378,,,,,,,,,,,,,,,,,,,,,,,,,,,,,,,,,
173711,3-Apr-18,20:14:01,2018-04-03 20:14:01,G,1,4,1762,911,0,4,-62.4608,-60.8171,22:43.1,FastGPS,-62.4849,-60.7538,,,0.6,-0.1,,,,15,17,18829,,,,19,29525,,,,6,8354,,,,12,32209,,,,,,,,,,,,,,,,,,,,,,,,,,,,,,,,,,,,,,,,,,,,,,,,,,,,,,,,,,
173711,3-Apr-18,21:31:41,2018-04-03 21:31:41,G,4,4,1763,914,0,6,-62.4816,-60.7455,31:45.1,FastGPS,-62.4816,-60.7455,,,7.6,0.1,,,,15,31,14057,,,,23,5166,,,,25,19738,,,,9,27045,,,,3,8046,,,,26,5923,,,,,,,,,,,,,,,,,,,,,,,,,,,,,,,,,,,,,,,,,,,,,,,,
173711,3-Apr-18,22:03:50,2018-04-03 22:03:50,G,1,4,1764,914,0,5,-62.4811,-60.7466,03:55.0,FastGPS,-62.4811,-60.7466,,,3.6,1.1,,,,15,22,11500,,,,9,22921,,,,23,25299,,,,6,242,,,,3,17561,,,,,,,,,,,,,,,,,,,,,,,,,,,,,,,,,,,,,,,,,,,,,,,,,,,,,
173711,3-Apr-18,22:34:01,2018-04-03 22:34:01,G,2,4,1765,,0,9,-62.4828,-60.7431,34:06.1,FastGPS,-62.4828,-60.7431,,1,7.6,1.1,,,,15,4,6581,,,,9,16803,,,,29,2442,,,,6,13222,,,,7,26870,,,,26,9568,,,,2,31180,,,,23,4945,,,,3,11746,,,,,,,,,,,,,,,,,,,,,,,,,,,,,,,,,
173711,4-Apr-18,0:16:54,2018-04-04 00:16:54,G,2,4,1767,916,0,5,-62.4723,-60.6725,16:59.1,FastGPS,-62.4723,-60.6725,,,4.8,1.1,,,,15,5,26010,,,,16,25718,,,,9,15979,,,,7,5825,,,,23,26891,,,,,,,,,,,,,,,,,,,,,,,,,,,,,,,,,,,,,,,,,,,,,,,,,,,,,
173711,4-Apr-18,3:25:46,2018-04-04 03:25:46,G,1,4,1770,917,0,5,-62.4651,-60.6062,25:50.5,FastGPS,-62.4651,-60.6062,,,2.9,0.5,,,,15,13,23092,,,,28,10110,,,,8,15368,,,,7,27923,,,,30,24548,,,,,,,,,,,,,,,,,,,,,,,,,,,,,,,,,,,,,,,,,,,,,,,,,,,,,
173711,4-Apr-18,4:13:24,2018-04-04 04:13:24,G,1,4,1771,918,0,6,-62.4538,-60.6017,13:28.0,FastGPS,-62.4538,-60.6017,,,3,0,,,,15,28,5181,,,,15,30838,,,,24,22859,,,,30,23516,,,,13,18472,,,,18,14094,,,,,,,,,,,,,,,,,,,,,,,,,,,,,,,,,,,,,,,,,,,,,,,,
173711,4-Apr-18,5:15:32,2018-04-04 05:15:32,G,1,4,1773,918,0,7,-62.4379,-60.5983,15:36.6,FastGPS,-62.4379,-60.5983,,,6.4,0.6,,,,15,12,1929,,,,17,22324,,,,13,1378,,,,15,24263,,,,28,2104,,,,19,8763,,,,24,15598,,,,,,,,,,,,,,,,,,,,,,,,,,,,,,,,,,,,,,,,,,,
173711,4-Apr-18,5:46:39,2018-04-04 05:46:39,G,1,4,1774,918,0,7,-62.4209,-60.5865,46:43.1,FastGPS,-62.4209,-60.5865,,,7.5,0.1,,,,15,12,27268,,,,10,11782,,,,1,31546,,,,24,10946,,,,18,2760,,,,15,14522,,,,32,24194,,,,,,,,,,,,,,,,,,,,,,,,,,,,,,,,,,,,,,,,,,,
173711,4-Apr-18,6:16:41,2018-04-04 06:16:41,G,1,4,1775,918,0,6,-62.4465,-60.5752,16:45.6,FastGPS,-62.4465,-60.5752,,,12.2,0.6,,,,15,12,27457,,,,15,8687,,,,32,14531,,,,17,31628,,,,24,27345,,,,10,7288,,,,,,,,,,,,,,,,,,,,,,,,,,,,,,,,,,,,,,,,,,,,,,,,
173711,4-Apr-18,6:48:29,2018-04-04 06:48:29,G,4,4,1776,918,0,8,-62.4532,-60.5756,48:33.1,FastGPS,-62.4532,-60.5756,,,10.1,0.1,,,,15,17,3332,,,,22,25073,,,,12,30142,,,,6,32072,,,,32,23475,,,,14,5295,,,,1,25996,,,,24,19493,,,,,,,,,,,,,,,,,,,,,,,,,,,,,,,,,,,,,,
173711,4-Apr-18,7:18:36,2018-04-04 07:18:36,G,3,4,1777,918,0,6,-62.454,-60.5639,18:41.1,FastGPS,-62.454,-60.5639,,,8.5,1.1,,,,15,32,29637,,,,19,25467,,,,12,13472,,,,14,13568,,,,17,15777,,,,6,16314,,,,,,,,,,,,,,,,,,,,,,,,,,,,,,,,,,,,,,,,,,,,,,,,
173711,4-Apr-18,8:28:45,2018-04-04 08:28:45,G,2,4,1778,919,0,7,-62.4661,-60.5473,28:50.1,FastGPS,-62.4661,-60.5473,,,14.4,1.1,,,,15,29,2286,,,,31,23242,,,,12,8178,,,,25,12980,,,,24,26419,,,,14,19494,,,,32,10586,,,,,,,,,,,,,,,,,,,,,,,,,,,,,,,,,,,,,,,,,,,
173711,4-Apr-18,10:47:05,2018-04-04 10:47:05,G,2,4,1780,919,0,8,-62.4964,-60.4832,47:10.1,FastGPS,-62.4964,-60.4832,,1,5.1,1.1,,,,15,29,31470,,,,12,5831,,,,5,22382,,,,21,17814,,,,2,12110,,,,4,27878,,,,25,9230,,,,31,10844,,,,,,,,,,,,,,,,,,,,,,,,,,,,,,,,,,,,,,
173711,4-Apr-18,12:06:05,2018-04-04 12:06:05,G,1,4,1782,920,0,6,-62.4922,-60.4782,06:10.1,FastGPS,-62.4922,-60.4782,,1,1.9,1.1,,,,15,4,16632,,,,21,2613,,,,5,22762,,,,26,1853,,,,16,3961,,,,29,22210,,,,,,,,,,,,,,,,,,,,,,,,,,,,,,,,,,,,,,,,,,,,,,,,
173711,4-Apr-18,12:53:34,2018-04-04 12:53:34,G,2,4,1783,921,0,7,-62.4966,-60.485,53:38.6,FastGPS,-62.4966,-60.485,,1,1.6,0.6,,,,15,29,27130,,,,4,30850,,,,20,12009,,,,27,26579,,,,16,17732,,,,26,28825,,,,21,30980,,,,,,,,,,,,,,,,,,,,,,,,,,,,,,,,,,,,,,,,,,,
173711,4-Apr-18,13:23:00,2018-04-04 13:23:00,G,3,4,1784,,0,9,-62.4967,-60.4849,23:05.1,FastGPS,-62.4967,-60.4849,,1,8.8,1.1,,,,15,29,23994,,,,27,5610,,,,15,32324,,,,16,20750,,,,4,19045,,,,7,27398,,,,21,7005,,,,20,32498,,,,26,5462,,,,,,,,,,,,,,,,,,,,,,,,,,,,,,,,,
173711,4-Apr-18,14:29:01,2018-04-04 14:29:01,G,1,4,1785,923,0,7,-62.4963,-60.4847,29:05.6,FastGPS,-62.4963,-60.4847,,,7.7,0.6,,,,15,16,20185,,,,10,32610,,,,27,23270,,,,8,12650,,,,21,17242,,,,20,18586,,,,15,9302,,,,,,,,,,,,,,,,,,,,,,,,,,,,,,,,,,,,,,,,,,,
173711,4-Apr-18,16:11:42,2018-04-04 16:11:42,G,1,4,1786,927,0,6,-62.4966,-60.4842,11:46.6,FastGPS,-62.4966,-60.4842,,,12.9,0.6,,,,15,32,10698,,,,18,17758,,,,1,848,,,,27,9402,,,,10,5850,,,,8,20601,,,,,,,,,,,,,,,,,,,,,,,,,,,,,,,,,,,,,,,,,,,,,,,,
173711,4-Apr-18,16:46:00,2018-04-04 16:46:00,G,1,4,1787,927,0,5,-62.4948,-60.4847,46:05.1,FastGPS,-62.4948,-60.4847,,,4.1,1.1,,,,15,27,12842,,,,32,8543,,,,18,25529,,,,14,12703,,,,8,30080,,,,,,,,,,,,,,,,,,,,,,,,,,,,,,,,,,,,,,,,,,,,,,,,,,,,,
173711,4-Apr-18,17:46:00,2018-04-04 17:46:00,G,2,4,1789,927,0,7,-62.5104,-60.4883,46:04.6,FastGPS,-62.5104,-60.4883,,,8.2,0.6,,,,15,32,7082,,,,17,18668,,,,10,20716,,,,14,24899,,,,24,17338,,,,28,12027,,,,1,31478,,,,,,,,,,,,,,,,,,,,,,,,,,,,,,,,,,,,,,,,,,,
173711,4-Apr-18,18:34:01,2018-04-04 18:34:01,G,2,4,1790,928,0,6,-62.5104,-60.49,34:06.1,FastGPS,-62.5104,-60.49,,,9.2,1.1,,,,15,32,30895,,,,18,3974,,,,31,4954,,,,14,18786,,,,1,22453,,,,22,16043,,,,,,,,,,,,,,,,,,,,,,,,,,,,,,,,,,,,,,,,,,,,,,,,
173711,4-Apr-18,19:04:51,2018-04-04 19:04:51,G,1,4,1791,928,0,8,-62.5105,-60.4899,04:56.1,FastGPS,-62.5105,-60.4899,,,14.9,1.1,,,,15,11,9870,,,,32,25706,,,,18,19481,,,,1,1310,,,,23,28150,,,,3,16616,,,,17,15480,,,,31,14250,,,,,,,,,,,,,,,,,,,,,,,,,,,,,,,,,,,,,,
173711,4-Apr-18,19:56:26,2018-04-04 19:56:26,G,2,4,1792,,0,9,-62.5281,-60.5132,56:30.6,FastGPS,-62.5281,-60.5132,,,5.3,0.6,,,,15,23,27280,,,,17,30151,,,,19,9548,,,,12,24538,,,,3,19738,,,,14,2297,,,,22,4972,,,,1,1642,,,,31,29074,,,,,,,,,,,,,,,,,,,,,,,,,,,,,,,,,
173711,4-Apr-18,22:00:15,2018-04-04 22:00:15,G,1,4,1793,930,0,4,-62.4922,-60.4782,06:10.1,FastGPS,-62.5003,-60.6357,,,1,1.1,,,,15,6,14350,,,,23,7025,,,,9,6134,,,,2,10786,,,,,,,,,,,,,,,,,,,,,,,,,,,,,,,,,,,,,,,,,,,,,,,,,,,,,,,,,,
173711,5-Apr-18,0:24:04,2018-04-05 00:24:04,G,1,4,1795,930,0,6,-62.4484,-60.6528,24:09.1,FastGPS,-62.4484,-60.6528,,,6,1.1,,,,15,5,5169,,,,26,11024,,,,27,10772,,,,7,5639,,,,9,5350,,,,30,14164,,,,,,,,,,,,,,,,,,,,,,,,,,,,,,,,,,,,,,,,,,,,,,,,
173711,5-Apr-18,0:54:05,2018-04-05 00:54:05,G,1,4,1796,930,0,4,-62.5003,-60.6357,00:20.1,FastGPS,-62.4566,-60.6583,,,0.4,1,,,,15,30,23678,,,,9,32100,,,,7,5669,,,,27,21186,,,,,,,,,,,,,,,,,,,,,,,,,,,,,,,,,,,,,,,,,,,,,,,,,,,,,,,,,,
173711,5-Apr-18,1:24:00,2018-04-05 01:24:00,G,2,4,1797,930,0,5,-62.457,-60.6579,24:04.6,FastGPS,-62.457,-60.6579,,,10.7,0.6,,,,15,5,22712,,,,8,7120,,,,30,21568,,,,13,18221,,,,7,19504,,,,,,,,,,,,,,,,,,,,,,,,,,,,,,,,,,,,,,,,,,,,,,,,,,,,,
173711,5-Apr-18,1:54:10,2018-04-05 01:54:10,G,2,4,1798,930,0,7,-62.4575,-60.6593,54:14.1,FastGPS,-62.4575,-60.6593,,,8.9,0.1,,,,15,5,18188,,,,30,7596,,,,7,21508,,,,20,21510,,,,28,12788,,,,21,22264,,,,15,20336,,,,,,,,,,,,,,,,,,,,,,,,,,,,,,,,,,,,,,,,,,,
173711,5-Apr-18,6:53:13,2018-04-05 06:53:13,G,1,4,1799,930,0,6,-62.4925,-60.4837,53:17.6,FastGPS,-62.4925,-60.4837,,,9.7,0.6,,,,15,12,15248,,,,17,6716,,,,32,30768,,,,25,32310,,,,24,3816,,,,14,31372,,,,,,,,,,,,,,,,,,,,,,,,,,,,,,,,,,,,,,,,,,,,,,,,
173711,5-Apr-18,9:16:23,2018-04-05 09:16:23,G,1,4,1802,933,0,4,-62.4566,-60.6583,54:10.0,FastGPS,-62.5058,-60.4919,,,0.2,-0.3,,,,15,12,4646,,,,29,15080,,,,6,17960,,,,2,7832,,,,,,,,,,,,,,,,,,,,,,,,,,,,,,,,,,,,,,,,,,,,,,,,,,,,,,,,,,
173711,5-Apr-18,12:16:12,2018-04-05 12:16:12,G,2,4,1806,933,0,4,-62.5058,-60.4919,16:26.7,FastGPS,-62.5382,-60.4436,,,0.1,-0.3,,,,15,5,20154,,,,16,3655,,,,29,2554,,,,27,26886,,,,,,,,,,,,,,,,,,,,,,,,,,,,,,,,,,,,,,,,,,,,,,,,,,,,,,,,,,
173711,5-Apr-18,16:52:01,2018-04-05 16:52:01,G,2,4,1814,935,0,5,-62.5446,-60.4548,52:06.1,FastGPS,-62.5446,-60.4548,,,7.8,1.1,,,,15,24,26392,,,,10,23884,,,,18,14772,,,,32,1899,,,,11,13823,,,,,,,,,,,,,,,,,,,,,,,,,,,,,,,,,,,,,,,,,,,,,,,,,,,,,
173711,5-Apr-18,17:22:00,2018-04-05 17:22:00,G,1,4,1815,,0,9,-62.5447,-60.4547,22:04.6,FastGPS,-62.5447,-60.4547,,,10.2,0.6,,,,15,10,9042,,,,32,6386,,,,18,14869,,,,28,12512,,,,11,18988,,,,1,17960,,,,14,2452,,,,24,15049,,,,17,1684,,,,,,,,,,,,,,,,,,,,,,,,,,,,,,,,,
173711,5-Apr-18,19:00:46,2018-04-05 19:00:46,G,1,4,1818,,0,9,-62.5514,-60.4638,00:51.1,FastGPS,-62.5514,-60.4638,,,9.2,1.1,,,,15,31,17140,,,,32,28782,,,,11,12230,,,,14,24468,,,,18,22013,,,,17,18339,,,,23,31114,,,,3,19101,,,,22,15604,,,,,,,,,,,,,,,,,,,,,,,,,,,,,,,,,
173711,5-Apr-18,19:33:34,2018-04-05 19:33:34,G,2,4,1819,,0,9,-62.5534,-60.4694,33:38.6,FastGPS,-62.5534,-60.4694,,,10.2,0.6,,,,15,23,13300,,,,17,31428,,,,11,25340,,,,31,31724,,,,22,31304,,,,14,2918,,,,12,31442,,,,32,15415,,,,1,27737,,,,,,,,,,,,,,,,,,,,,,,,,,,,,,,,,
173711,5-Apr-18,20:09:25,2018-04-05 20:09:25,G,1,4,1820,935,0,8,-62.5539,-60.4711,09:30.1,FastGPS,-62.5539,-60.4711,,,13.7,1.1,,,,15,17,31850,,,,31,24864,,,,19,18152,,,,23,9278,,,,1,17432,,,,14,14360,,,,18,13472,,,,22,15957,,,,,,,,,,,,,,,,,,,,,,,,,,,,,,,,,,,,,,
173711,5-Apr-18,20:40:32,2018-04-05 20:40:32,G,1,4,1821,,0,9,-62.5491,-60.4953,40:36.6,FastGPS,-62.5491,-60.4953,,1,9.5,0.6,,,,15,31,15180,,,,22,23730,,,,1,13942,,,,14,6517,,,,23,8996,,,,3,13814,,,,25,26158,,,,17,19855,,,,4,855,,,,,,,,,,,,,,,,,,,,,,,,,,,,,,,,,
173711,5-Apr-18,22:00:20,2018-04-05 22:00:20,G,1,4,1823,936,0,6,-62.5286,-60.5739,00:23.6,FastGPS,-62.5286,-60.5739,,1,8.5,-0.4,,,,15,9,30510,,,,3,28292,,,,23,16438,,,,6,24073,,,,31,32033,,,,4,6696,,,,,,,,,,,,,,,,,,,,,,,,,,,,,,,,,,,,,,,,,,,,,,,,
173711,5-Apr-18,22:50:37,2018-04-05 22:50:37,G,1,4,1824,,0,9,-62.4981,-60.6079,50:41.6,FastGPS,-62.4981,-60.6079,,1,14.3,0.6,,,,15,23,8936,,,,30,566,,,,7,16736,,,,6,12084,,,,9,16564,,,,4,16444,,,,3,29848,,,,16,13782,,,,29,26198,,,,,,,,,,,,,,,,,,,,,,,,,,,,,,,,,
173711,5-Apr-18,23:20:19,2018-04-05 23:20:19,G,1,4,1825,936,0,8,-62.4738,-60.611,20:22.7,FastGPS,-62.4738,-60.611,,1,9.4,-0.3,,,,15,7,13935,,,,26,1330,,,,16,26973,,,,2,20733,,,,29,15827,,,,9,25894,,,,4,19784,,,,23,10470,,,,,,,,,,,,,,,,,,,,,,,,,,,,,,,,,,,,,,
173711,5-Apr-18,23:50:32,2018-04-05 23:50:32,G,1,4,1826,936,0,5,-62.4737,-60.6237,50:36.1,FastGPS,-62.4737,-60.6237,,,8.8,0.2,,,,15,7,2515,,,,23,10550,,,,9,20263,,,,30,16803,,,,16,17527,,,,,,,,,,,,,,,,,,,,,,,,,,,,,,,,,,,,,,,,,,,,,,,,,,,,,
173711,6-Apr-18,0:20:57,2018-04-06 00:20:57,G,1,4,1827,936,0,6,-62.4628,-60.611,21:01.7,FastGPS,-62.4628,-60.611,,,12.2,0.7,,,,15,5,6008,,,,9,1538,,,,7,5394,,,,16,17190,,,,23,18382,,,,30,15753,,,,,,,,,,,,,,,,,,,,,,,,,,,,,,,,,,,,,,,,,,,,,,,,
173711,6-Apr-18,1:07:51,2018-04-06 01:07:51,G,2,4,1828,937,0,8,-62.4431,-60.6092,07:55.1,FastGPS,-62.4431,-60.6092,,,11.5,0.1,,,,15,16,9622,,,,21,15317,,,,7,9176,,,,8,468,,,,27,7889,,,,9,15523,,,,5,31960,,,,20,28934,,,,,,,,,,,,,,,,,,,,,,,,,,,,,,,,,,,,,,
173711,6-Apr-18,1:38:32,2018-04-06 01:38:32,G,1,4,1829,937,0,6,-62.4362,-60.5764,38:36.6,FastGPS,-62.4362,-60.5764,,,10.3,0.6,,,,15,21,30040,,,,8,16908,,,,20,22453,,,,13,6302,,,,5,15317,,,,7,28023,,,,,,,,,,,,,,,,,,,,,,,,,,,,,,,,,,,,,,,,,,,,,,,,
173711,6-Apr-18,2:08:02,2018-04-06 02:08:02,G,3,4,1830,937,0,8,-62.4278,-60.5961,08:07.1,FastGPS,-62.4278,-60.5961,,,8.7,1.1,,,,15,15,8676,,,,7,6338,,,,13,5104,,,,27,19828,,,,20,6898,,,,5,13442,,,,21,14862,,,,30,5028,,,,,,,,,,,,,,,,,,,,,,,,,,,,,,,,,,,,,,
173711,6-Apr-18,2:41:01,2018-04-06 02:41:01,G,3,4,1831,937,0,6,-62.4328,-60.5663,41:05.1,FastGPS,-62.4328,-60.5663,,,3.7,0.1,,,,15,5,12505,,,,7,27319,,,,30,32205,,,,28,8764,,,,13,29100,,,,15,25276,,,,,,,,,,,,,,,,,,,,,,,,,,,,,,,,,,,,,,,,,,,,,,,,
173711,6-Apr-18,3:11:18,2018-04-06 03:11:18,G,1,4,1832,937,0,6,-62.4328,-60.5757,11:21.6,FastGPS,-62.4328,-60.5757,,,5.9,-0.3,,,,15,7,12077,,,,8,15773,,,,28,24410,,,,11,4340,,,,13,10566,,,,30,1046,,,,,,,,,,,,,,,,,,,,,,,,,,,,,,,,,,,,,,,,,,,,,,,,
173711,6-Apr-18,4:28:07,2018-04-06 04:28:07,G,1,4,1833,940,0,6,-62.4589,-60.5571,28:10.6,FastGPS,-62.4589,-60.5571,,,12.2,-0.4,,,,15,18,30717,,,,28,5611,,,,13,10356,,,,11,23105,,,,17,16973,,,,15,15494,,,,,,,,,,,,,,,,,,,,,,,,,,,,,,,,,,,,,,,,,,,,,,,,
173711,6-Apr-18,5:44:01,2018-04-06 05:44:01,G,2,4,1835,941,0,6,-62.4569,-60.6,44:04.6,FastGPS,-62.4569,-60.6,,,6.9,-0.4,,,,15,19,30796,,,,17,27053,,,,32,14151,,,,24,20616,,,,1,28553,,,,18,23469,,,,,,,,,,,,,,,,,,,,,,,,,,,,,,,,,,,,,,,,,,,,,,,,
173711,6-Apr-18,6:14:00,2018-04-06 06:14:00,G,1,4,1836,941,0,7,-62.4687,-60.6007,14:04.6,FastGPS,-62.4687,-60.6007,,,12.1,0.6,,,,15,17,21734,,,,24,25825,,,,12,10893,,,,19,15046,,,,1,27490,,,,32,27436,,,,22,4740,,,,,,,,,,,,,,,,,,,,,,,,,,,,,,,,,,,,,,,,,,,
173711,6-Apr-18,7:19:10,2018-04-06 07:19:10,G,3,4,1838,941,0,4,-62.559,-60.549,4/6/2018 13:15,R,-62.4877,-60.5905,,,0.6,0.2,,,,15,17,15421,,,,19,7876,,,,24,26497,,,,12,28013,,,,,,,,,,,,,,,,,,,,,,,,,,,,,,,,,,,,,,,,,,,,,,,,,,,,,,,,,,
173711,6-Apr-18,9:23:01,2018-04-06 09:23:01,G,1,4,1842,941,0,4,-62.4877,-60.5905,19:14.2,FastGPS,,,,,,,,,,15,4,18759,,,,14,7021,,,,29,10368,,,,31,11258,,,,,,,,,,,,,,,,,,,,,,,,,,,,,,,,,,,,,,,,,,,,,,,,,,,,,,,,,,
173711,6-Apr-18,9:57:09,2018-04-06 09:57:09,G,2,4,1843,941,0,7,-62.549,-60.5551,57:13.6,FastGPS,-62.549,-60.5551,,1,6.1,0.6,,,,15,31,21488,,,,29,12698,,,,4,11600,,,,26,18012,,,,2,18498,,,,25,2738,,,,23,4402,,,,,,,,,,,,,,,,,,,,,,,,,,,,,,,,,,,,,,,,,,,
173711,6-Apr-18,10:45:49,2018-04-06 10:45:49,G,2,4,1844,942,0,4,-62.4877,-60.5905,19:14.2,FastGPS,,,,,,,,,,15,29,30492,,,,5,2964,,,,4,12292,,,,26,22684,,,,,,,,,,,,,,,,,,,,,,,,,,,,,,,,,,,,,,,,,,,,,,,,,,,,,,,,,,
173711,6-Apr-18,11:32:00,2018-04-06 11:32:00,G,1,4,1845,943,0,8,-62.5411,-60.5415,32:04.2,FastGPS,-62.5411,-60.5415,,1,10.6,0.2,,,,15,31,25622,,,,21,20538,,,,16,3271,,,,25,23497,,,,4,13828,,,,20,27562,,,,26,4682,,,,29,11881,,,,,,,,,,,,,,,,,,,,,,,,,,,,,,,,,,,,,,
173711,6-Apr-18,12:03:08,2018-04-06 12:03:08,G,1,4,1846,943,0,7,-62.5494,-60.5648,03:13.2,FastGPS,-62.5494,-60.5648,,1,6.7,1.2,,,,15,16,19514,,,,21,18765,,,,4,10186,,,,29,5256,,,,26,1200,,,,20,21646,,,,31,24014,,,,,,,,,,,,,,,,,,,,,,,,,,,,,,,,,,,,,,,,,,,
173711,6-Apr-18,12:33:24,2018-04-06 12:33:24,G,1,4,1847,,0,9,-62.5615,-60.5801,33:28.6,FastGPS,-62.5615,-60.5801,,1,7.3,0.7,,,,15,4,24664,,,,26,12483,,,,20,12748,,,,5,7572,,,,7,26223,,,,16,28528,,,,29,2776,,,,27,2467,,,,21,5065,,,,,,,,,,,,,,,,,,,,,,,,,,,,,,,,,
173711,6-Apr-18,13:19:56,2018-04-06 13:19:56,G,1,4,1848,,0,9,-62.5574,-60.5531,19:59.7,FastGPS,-62.5574,-60.5531,,,6.1,-0.3,,,,15,15,12236,,,,13,21517,,,,5,27861,,,,30,11614,,,,29,30512,,,,7,28014,,,,20,31548,,,,16,15170,,,,21,2156,,,,,,,,,,,,,,,,,,,,,,,,,,,,,,,,,
173711,6-Apr-18,13:50:27,2018-04-06 13:50:27,G,1,4,1849,944,0,8,-62.546,-60.5424,50:31.2,FastGPS,-62.546,-60.5424,,1,5,0.2,,,,15,15,16537,,,,21,19099,,,,10,23283,,,,20,3750,,,,13,16224,,,,26,18254,,,,16,26516,,,,4,15620,,,,,,,,,,,,,,,,,,,,,,,,,,,,,,,,,,,,,,
173711,6-Apr-18,14:50:15,2018-04-06 14:50:15,G,1,4,1851,944,0,6,-62.5386,-60.5518,50:20.2,FastGPS,-62.5386,-60.5518,,,8.6,1.2,,,,15,15,5712,,,,21,30645,,,,8,22188,,,,20,29668,,,,30,18170,,,,10,19944,,,,,,,,,,,,,,,,,,,,,,,,,,,,,,,,,,,,,,,,,,,,,,,,
173711,6-Apr-18,15:20:01,2018-04-06 15:20:01,G,1,4,1852,944,0,5,-62.5405,-60.5364,20:05.7,FastGPS,-62.5405,-60.5364,,,2.4,0.7,,,,15,21,3352,,,,10,19626,,,,27,31966,,,,15,10961,,,,20,26573,,,,,,,,,,,,,,,,,,,,,,,,,,,,,,,,,,,,,,,,,,,,,,,,,,,,,
173711,6-Apr-18,15:51:05,2018-04-06 15:51:05,G,1,4,1853,944,0,8,-62.5456,-60.5177,51:09.1,FastGPS,-62.5456,-60.5177,,,14.9,0.1,,,,15,15,5280,,,,11,23612,,,,10,5877,,,,8,7954,,,,18,32286,,,,28,32724,,,,24,25570,,,,32,14139,,,,,,,,,,,,,,,,,,,,,,,,,,,,,,,,,,,,,,
173711,6-Apr-18,16:23:14,2018-04-06 16:23:14,G,3,4,1854,944,0,7,-62.5523,-60.4985,23:18.6,FastGPS,-62.5523,-60.4985,,,7,0.6,,,,15,10,4118,,,,28,27631,,,,18,6946,,,,11,2354,,,,24,12073,,,,8,5112,,,,1,14596,,,,,,,,,,,,,,,,,,,,,,,,,,,,,,,,,,,,,,,,,,,
173711,6-Apr-18,16:53:00,2018-04-06 16:53:00,G,1,4,1855,944,0,6,-62.5501,-60.4762,53:04.2,FastGPS,-62.5501,-60.4762,,,11.2,0.2,,,,15,32,17767,,,,10,13114,,,,24,1296,,,,14,19015,,,,11,29182,,,,8,537,,,,,,,,,,,,,,,,,,,,,,,,,,,,,,,,,,,,,,,,,,,,,,,,
173711,6-Apr-18,17:24:14,2018-04-06 17:24:14,G,1,4,1856,944,0,8,-62.5423,-60.4584,24:19.1,FastGPS,-62.5423,-60.4584,,,9.8,1.1,,,,15,32,16602,,,,14,29258,,,,22,20731,,,,8,17720,,,,18,25779,,,,10,22876,,,,1,8989,,,,3,6644,,,,,,,,,,,,,,,,,,,,,,,,,,,,,,,,,,,,,,
173711,6-Apr-18,18:27:28,2018-04-06 18:27:28,G,1,4,1857,,0,9,-62.5278,-60.4265,27:32.6,FastGPS,-62.5278,-60.4265,,,9.7,0.6,,,,15,17,14176,,,,1,25170,,,,32,29417,,,,18,3315,,,,22,21802,,,,3,7408,,,,11,19876,,,,31,14324,,,,14,21556,,,,,,,,,,,,,,,,,,,,,,,,,,,,,,,,,
173711,6-Apr-18,20:02:36,2018-04-06 20:02:36,G,2,4,1859,948,0,8,-62.5449,-60.388,02:39.6,FastGPS,-62.5449,-60.388,,,7.6,-0.3,,,,15,23,29660,,,,19,16906,,,,12,20650,,,,17,4342,,,,6,982,,,,3,1692,,,,22,19656,,,,1,25691,,,,,,,,,,,,,,,,,,,,,,,,,,,,,,,,,,,,,,
173711,6-Apr-18,20:33:29,2018-04-06 20:33:29,G,2,4,1860,948,0,7,-62.5534,-60.3741,33:32.6,FastGPS,-62.5534,-60.3741,,,10.6,-0.3,,,,15,6,9702,,,,31,13309,,,,14,16045,,,,19,7746,,,,3,12633,,,,25,22260,,,,23,28714,,,,,,,,,,,,,,,,,,,,,,,,,,,,,,,,,,,,,,,,,,,
173711,6-Apr-18,22:58:13,2018-04-06 22:58:13,G,2,4,1863,951,0,7,-62.5204,-60.2952,58:16.7,FastGPS,-62.5204,-60.2952,,1,3,-0.3,,,,15,7,4168,,,,16,5818,,,,23,7474,,,,26,32215,,,,9,24546,,,,4,30498,,,,6,5084,,,,,,,,,,,,,,,,,,,,,,,,,,,,,,,,,,,,,,,,,,,
173711,6-Apr-18,23:28:00,2018-04-06 23:28:00,G,1,4,1864,951,0,6,-62.5123,-60.2914,28:03.6,FastGPS,-62.5123,-60.2914,,,10.2,-0.3,,,,15,23,23986,,,,7,14724,,,,16,26312,,,,9,11538,,,,30,99,,,,2,14480,,,,,,,,,,,,,,,,,,,,,,,,,,,,,,,,,,,,,,,,,,,,,,,,
173711,7-Apr-18,0:31:02,2018-04-07 00:31:02,G,2,4,1866,951,0,8,-62.4923,-60.3062,31:05.7,FastGPS,-62.4923,-60.3062,,,11,-0.3,,,,15,9,3265,,,,5,8184,,,,7,24894,,,,27,3077,,,,30,2900,,,,13,24644,,,,16,24446,,,,23,27650,,,,,,,,,,,,,,,,,,,,,,,,,,,,,,,,,,,,,,
173711,7-Apr-18,1:33:11,2018-04-07 01:33:11,G,2,4,1868,951,0,7,-62.4798,-60.347,33:14.7,FastGPS,-62.4798,-60.347,,,7.8,-0.3,,,,15,7,23281,,,,5,7838,,,,9,24489,,,,30,6865,,,,8,6136,,,,13,25080,,,,28,13836,,,,,,,,,,,,,,,,,,,,,,,,,,,,,,,,,,,,,,,,,,,
173711,7-Apr-18,2:06:21,2018-04-07 02:06:21,G,1,4,1869,951,0,6,-62.4774,-60.3697,06:25.2,FastGPS,-62.4774,-60.3697,,,9.5,0.2,,,,15,5,14408,,,,13,20426,,,,15,27321,,,,28,24318,,,,7,8237,,,,9,20164,,,,,,,,,,,,,,,,,,,,,,,,,,,,,,,,,,,,,,,,,,,,,,,,
173711,7-Apr-18,2:57:06,2018-04-07 02:57:06,G,3,4,1870,951,0,6,-62.4815,-60.4114,57:11.1,FastGPS,-62.4815,-60.4114,,,13.9,1.2,,,,15,15,12592,,,,5,11010,,,,30,31582,,,,28,8198,,,,20,27256,,,,13,4476,,,,,,,,,,,,,,,,,,,,,,,,,,,,,,,,,,,,,,,,,,,,,,,,
173711,7-Apr-18,4:02:42,2018-04-07 04:02:42,G,4,4,1871,951,0,7,-62.4842,-60.4596,02:47.2,FastGPS,-62.4842,-60.4596,,,11.7,1.2,,,,15,15,7783,,,,13,24298,,,,17,9244,,,,19,369,,,,24,6138,,,,20,24394,,,,10,18080,,,,,,,,,,,,,,,,,,,,,,,,,,,,,,,,,,,,,,,,,,,
173711,7-Apr-18,4:33:10,2018-04-07 04:33:10,G,4,4,1872,951,0,4,-62.4877,-60.5905,19:14.2,FastGPS,-62.4854,-60.4665,,,1.8,0.7,,,,15,15,30626,,,,24,31173,,,,18,27553,,,,17,11170,,,,,,,,,,,,,,,,,,,,,,,,,,,,,,,,,,,,,,,,,,,,,,,,,,,,,,,,,,
173711,7-Apr-18,5:08:00,2018-04-07 05:08:00,G,1,4,1873,,0,9,-62.4915,-60.4558,08:04.2,FastGPS,-62.4915,-60.4558,,,13.5,0.2,,,,15,12,19672,,,,15,7781,,,,10,595,,,,17,29196,,,,18,25106,,,,24,25193,,,,28,12030,,,,19,20683,,,,1,5461,,,,,,,,,,,,,,,,,,,,,,,,,,,,,,,,,
173711,7-Apr-18,6:41:59,2018-04-07 06:41:59,G,1,4,1874,953,0,5,-62.5194,-60.4564,42:04.1,FastGPS,-62.5194,-60.4564,,,6.7,1.1,,,,15,12,8032,,,,32,27509,,,,17,17222,,,,24,7959,,,,25,19236,,,,,,,,,,,,,,,,,,,,,,,,,,,,,,,,,,,,,,,,,,,,,,,,,,,,,
173711,7-Apr-18,7:14:33,2018-04-07 07:14:33,G,1,4,1875,,0,9,-62.5306,-60.4552,14:38.2,FastGPS,-62.5306,-60.4552,,,11.5,1.2,,,,15,17,32706,,,,32,9800,,,,19,23539,,,,25,23960,,,,12,8075,,,,14,13198,,,,22,2050,,,,2,28815,,,,3,13732,,,,,,,,,,,,,,,,,,,,,,,,,,,,,,,,,
173711,7-Apr-18,7:44:01,2018-04-07 07:44:01,G,1,4,1876,,0,9,-62.5396,-60.4453,44:04.7,FastGPS,-62.5396,-60.4453,,,10.4,-0.3,,,,15,32,8595,,,,25,32482,,,,17,8,,,,3,29115,,,,19,7882,,,,12,839,,,,31,24128,,,,14,16346,,,,22,27885,,,,,,,,,,,,,,,,,,,,,,,,,,,,,,,,,
173711,7-Apr-18,8:20:44,2018-04-07 08:20:44,G,2,4,1877,,0,9,-62.5501,-60.4435,20:48.2,FastGPS,-62.5501,-60.4435,,,14.2,0.2,,,,15,29,4812,,,,31,26197,,,,32,13846,,,,14,30904,,,,2,31320,,,,25,7326,,,,24,23591,,,,12,20932,,,,3,24680,,,,,,,,,,,,,,,,,,,,,,,,,,,,,,,,,
173711,7-Apr-18,8:52:40,2018-04-07 08:52:40,G,2,4,1878,953,0,4,-62.5405,-60.5364,20:05.7,FastGPS,-62.5562,-60.453,,,0.2,0.7,,,,15,31,29044,,,,29,30138,,,,14,12038,,,,12,19086,,,,,,,,,,,,,,,,,,,,,,,,,,,,,,,,,,,,,,,,,,,,,,,,,,,,,,,,,,
173711,7-Apr-18,12:03:29,2018-04-07 12:03:29,G,1,4,1883,955,0,6,-62.5581,-60.4531,03:33.1,FastGPS,-62.5581,-60.4531,,1,2.4,0.1,,,,15,21,4303,,,,4,8817,,,,16,3508,,,,20,5550,,,,26,4341,,,,29,28981,,,,,,,,,,,,,,,,,,,,,,,,,,,,,,,,,,,,,,,,,,,,,,,,
173711,7-Apr-18,12:35:06,2018-04-07 12:35:06,G,1,4,1884,955,0,8,-62.5618,-60.4711,35:09.7,FastGPS,-62.5618,-60.4711,,1,6.5,-0.3,,,,15,4,18272,,,,29,22548,,,,26,11074,,,,27,3078,,,,20,266,,,,16,13283,,,,21,24249,,,,7,16720,,,,,,,,,,,,,,,,,,,,,,,,,,,,,,,,,,,,,,
173711,7-Apr-18,13:06:55,2018-04-07 13:06:55,G,1,4,1885,,0,9,-62.5634,-60.4899,06:58.7,FastGPS,-62.5634,-60.4899,,1,12.7,-0.3,,,,15,29,15424,,,,16,28710,,,,4,7387,,,,15,26488,,,,27,30871,,,,20,6043,,,,21,14245,,,,7,32102,,,,10,15255,,,,,,,,,,,,,,,,,,,,,,,,,,,,,,,,,
173711,7-Apr-18,13:37:01,2018-04-07 13:37:01,G,1,4,1886,955,0,5,-62.5632,-60.5038,37:04.6,FastGPS,-62.5633,-60.5038,,,13.4,-0.4,,,,15,15,10609,,,,16,26892,,,,13,24618,,,,10,27510,,,,20,30558,,,,,,,,,,,,,,,,,,,,,,,,,,,,,,,,,,,,,,,,,,,,,,,,,,,,,
173711,7-Apr-18,20:34:00,2018-04-07 20:34:00,G,2,4,1897,960,0,5,-62.562,-60.509,34:03.7,FastGPS,-62.562,-60.509,,,9.5,-0.3,,,,15,22,32492,,,,31,28743,,,,1,21700,,,,23,29287,,,,3,27369,,,,,,,,,,,,,,,,,,,,,,,,,,,,,,,,,,,,,,,,,,,,,,,,,,,,,
173711,7-Apr-18,21:07:38,2018-04-07 21:07:38,G,2,4,1898,960,0,6,-62.5622,-60.5088,07:41.7,FastGPS,-62.5622,-60.5088,,,3.6,-0.3,,,,15,19,22886,,,,6,17756,,,,23,21288,,,,9,19812,,,,31,26655,,,,17,9732,,,,,,,,,,,,,,,,,,,,,,,,,,,,,,,,,,,,,,,,,,,,,,,,
173711,7-Apr-18,21:37:00,2018-04-07 21:37:00,G,2,4,1899,960,0,7,-62.5621,-60.5092,37:03.7,FastGPS,-62.5621,-60.5092,,1,4.2,-0.3,,,,15,31,21892,,,,4,18040,,,,3,17570,,,,26,16778,,,,22,18040,,,,23,22666,,,,9,15669,,,,,,,,,,,,,,,,,,,,,,,,,,,,,,,,,,,,,,,,,,,
173711,7-Apr-18,22:07:02,2018-04-07 22:07:02,G,1,4,1900,,0,9,-62.5565,-60.4977,07:05.7,FastGPS,-62.5565,-60.4977,,1,9.9,-0.3,,,,15,29,7260,,,,26,25587,,,,2,10186,,,,23,14410,,,,31,20138,,,,9,18564,,,,16,2296,,,,4,32370,,,,6,22402,,,,,,,,,,,,,,,,,,,,,,,,,,,,,,,,,
173711,7-Apr-18,23:09:52,2018-04-07 23:09:52,G,3,4,1901,960,0,6,-62.5357,-60.4497,09:56.2,FastGPS,-62.5357,-60.4497,,1,9.8,0.2,,,,15,4,31347,,,,29,23196,,,,26,11309,,,,7,8936,,,,9,30913,,,,5,24492,,,,,,,,,,,,,,,,,,,,,,,,,,,,,,,,,,,,,,,,,,,,,,,,
173711,7-Apr-18,23:41:52,2018-04-07 23:41:52,G,1,4,1902,960,0,6,-62.5345,-60.4479,41:55.7,FastGPS,-62.5345,-60.4479,,,5.9,-0.3,,,,15,7,2279,,,,16,20286,,,,23,13817,,,,30,14646,,,,9,22637,,,,26,12200,,,,,,,,,,,,,,,,,,,,,,,,,,,,,,,,,,,,,,,,,,,,,,,,
173711,8-Apr-18,0:16:08,2018-04-08 00:16:08,G,1,4,1903,960,0,7,-62.5215,-60.4517,16:11.7,FastGPS,-62.5215,-60.4517,,,15.8,-0.3,,,,15,5,16850,,,,7,12542,,,,30,29708,,,,9,29189,,,,23,6168,,,,2,1129,,,,27,29210,,,,,,,,,,,,,,,,,,,,,,,,,,,,,,,,,,,,,,,,,,,
173711,8-Apr-18,1:20:29,2018-04-08 01:20:29,G,2,4,1904,962,0,8,-62.5199,-60.4554,20:32.7,FastGPS,-62.5199,-60.4554,,,9.6,-0.3,,,,15,8,11776,,,,5,19757,,,,9,28601,,,,7,9412,,,,28,1108,,,,30,2170,,,,13,25706,,,,27,31794,,,,,,,,,,,,,,,,,,,,,,,,,,,,,,,,,,,,,,
173711,8-Apr-18,1:50:00,2018-04-08 01:50:00,G,2,4,1905,,0,9,-62.5199,-60.4556,50:03.7,FastGPS,-62.5199,-60.4556,,,6,-0.3,,,,15,5,23811,,,,8,18592,,,,28,10594,,,,7,23716,,,,13,25388,,,,9,19559,,,,15,15485,,,,30,30207,,,,27,17940,,,,,,,,,,,,,,,,,,,,,,,,,,,,,,,,,
173711,8-Apr-18,2:21:56,2018-04-08 02:21:56,G,3,4,1906,962,0,8,-62.52,-60.4555,21:59.7,FastGPS,-62.52,-60.4555,,,8.5,-0.3,,,,15,7,30249,,,,5,11233,,,,8,15262,,,,13,19,,,,28,30506,,,,30,13271,,,,15,7390,,,,21,11759,,,,,,,,,,,,,,,,,,,,,,,,,,,,,,,,,,,,,,
173711,8-Apr-18,2:52:03,2018-04-08 02:52:03,G,2,4,1907,962,0,4,-62.5621,-60.5092,37:03.7,FastGPS,-62.5198,-60.4549,,,0.2,-0.2,,,,15,7,443,,,,8,3064,,,,30,6179,,,,15,14358,,,,,,,,,,,,,,,,,,,,,,,,,,,,,,,,,,,,,,,,,,,,,,,,,,,,,,,,,,
173711,8-Apr-18,3:22:09,2018-04-08 03:22:09,G,3,4,1908,962,0,6,-62.521,-60.4544,22:13.3,FastGPS,-62.521,-60.4544,,,19.2,0.3,,,,15,17,8803,,,,15,16862,,,,20,29191,,,,30,29257,,,,7,17254,,,,28,31469,,,,,,,,,,,,,,,,,,,,,,,,,,,,,,,,,,,,,,,,,,,,,,,,
173711,8-Apr-18,4:11:56,2018-04-08 04:11:56,G,3,4,1909,,0,9,-62.5202,-60.4549,12:01.2,FastGPS,-62.5202,-60.4549,,,17.3,1.2,,,,15,17,3315,,,,15,7432,,,,30,3306,,,,19,27845,,,,28,15969,,,,24,27904,,,,18,12712,,,,1,21168,,,,11,12804,,,,,,,,,,,,,,,,,,,,,,,,,,,,,,,,,
173711,8-Apr-18,4:42:00,2018-04-08 04:42:00,G,1,4,1910,963,0,5,-62.5199,-60.4538,42:04.6,FastGPS,-62.5199,-60.4538,,,11.3,0.6,,,,15,17,8314,,,,11,17639,,,,19,12631,,,,1,15829,,,,18,13874,,,,,,,,,,,,,,,,,,,,,,,,,,,,,,,,,,,,,,,,,,,,,,,,,,,,,
173711,8-Apr-18,5:13:59,2018-04-08 05:13:59,G,2,4,1911,,0,9,-62.5244,-60.4454,14:03.2,FastGPS,-62.5244,-60.4454,,,7.7,0.2,,,,15,12,10720,,,,15,23022,,,,17,26730,,,,1,22808,,,,10,31598,,,,19,30319,,,,18,23239,,,,28,11912,,,,24,30077,,,,,,,,,,,,,,,,,,,,,,,,,,,,,,,,,
173711,8-Apr-18,5:45:53,2018-04-08 05:45:53,G,1,4,1912,963,0,5,-62.5199,-60.4552,45:58.2,FastGPS,-62.5199,-60.4552,,,3,1.2,,,,15,15,11102,,,,12,15612,,,,19,6590,,,,32,9868,,,,17,18853,,,,,,,,,,,,,,,,,,,,,,,,,,,,,,,,,,,,,,,,,,,,,,,,,,,,,
173711,8-Apr-18,6:16:50,2018-04-08 06:16:50,G,1,4,1913,963,0,8,-62.52,-60.4552,16:55.2,FastGPS,-62.52,-60.4552,,,12.9,1.2,,,,15,12,19068,,,,17,9428,,,,32,27856,,,,14,11340,,,,22,2578,,,,24,30019,,,,6,4691,,,,1,6825,,,,,,,,,,,,,,,,,,,,,,,,,,,,,,,,,,,,,,
173711,8-Apr-18,6:47:00,2018-04-08 06:47:00,G,1,4,1914,,0,9,-62.5201,-60.4557,47:04.7,FastGPS,-62.5201,-60.4557,,,15.8,0.7,,,,15,32,25534,,,,25,14005,,,,12,18294,,,,24,15480,,,,17,10274,,,,14,6217,,,,6,5110,,,,2,28072,,,,19,20764,,,,,,,,,,,,,,,,,,,,,,,,,,,,,,,,,
173711,8-Apr-18,8:48:28,2018-04-08 08:48:28,G,1,4,1918,963,0,6,-62.5215,-60.4568,48:31.7,FastGPS,-62.5215,-60.4568,,,3.3,-0.3,,,,15,31,26530,,,,6,1522,,,,29,27641,,,,12,17228,,,,2,7510,,,,19,26105,,,,,,,,,,,,,,,,,,,,,,,,,,,,,,,,,,,,,,,,,,,,,,,,
173711,8-Apr-18,10:07:36,2018-04-08 10:07:36,G,2,4,1920,964,0,8,-62.5264,-60.4503,07:40.2,FastGPS,-62.5264,-60.4503,,1,12.4,0.2,,,,15,5,5029,,,,29,28058,,,,25,19542,,,,23,21289,,,,12,24464,,,,2,15674,,,,31,29639,,,,4,1154,,,,,,,,,,,,,,,,,,,,,,,,,,,,,,,,,,,,,,
173711,8-Apr-18,11:58:00,2018-04-08 11:58:00,G,1,4,1923,965,0,7,-62.5268,-60.4099,58:04.6,FastGPS,-62.5268,-60.4099,,1,11.1,0.7,,,,15,5,12342,,,,16,314,,,,21,647,,,,26,5557,,,,4,11552,,,,29,1900,,,,20,32378,,,,,,,,,,,,,,,,,,,,,,,,,,,,,,,,,,,,,,,,,,,
173711,8-Apr-18,13:04:28,2018-04-08 13:04:28,G,1,4,1925,965,0,7,-62.527,-60.4092,04:31.7,FastGPS,-62.527,-60.4092,,1,8,-0.3,,,,15,13,7742,,,,4,25074,,,,20,31330,,,,26,9850,,,,5,26148,,,,21,5335,,,,7,23881,,,,,,,,,,,,,,,,,,,,,,,,,,,,,,,,,,,,,,,,,,,
173711,8-Apr-18,13:34:03,2018-04-08 13:34:03,G,1,4,1926,,0,9,-62.5372,-60.3995,34:07.2,FastGPS,-62.5372,-60.3995,,,10.6,0.2,,,,15,15,22673,,,,27,10140,,,,7,4779,,,,21,25655,,,,30,4710,,,,20,7792,,,,29,7961,,,,16,703,,,,13,1998,,,,,,,,,,,,,,,,,,,,,,,,,,,,,,,,,
173711,8-Apr-18,14:04:00,2018-04-08 14:04:00,G,1,4,1927,,0,9,-62.55,-60.4181,04:04.7,FastGPS,-62.55,-60.4181,,,5.3,0.7,,,,15,8,26312,,,,15,18385,,,,13,14224,,,,16,31774,,,,10,16269,,,,27,25417,,,,20,3866,,,,21,29617,,,,26,17397,,,,,,,,,,,,,,,,,,,,,,,,,,,,,,,,,
173711,8-Apr-18,14:34:00,2018-04-08 14:34:00,G,2,4,1928,965,1,4,-62.5198,-60.4549,52:06.7,FastGPS,-62.5502,-60.4184,,,1.7,-0.3,,,,15,16,9628,,,,10,10482,,,,27,17692,,,,21,11874,,,,,,,,,,,,,,,,,,,,,,,,,,,,,,,,,,,,,,,,,,,,,,,,,,,,,,,,,,
173711,8-Apr-18,15:19:00,2018-04-08 15:19:00,G,1,4,1929,966,1,5,-62.5505,-60.4177,19:03.7,FastGPS,-62.5505,-60.4177,,,5.8,-0.3,,,,15,8,6132,,,,18,4215,,,,10,31039,,,,16,5908,,,,27,25051,,,,,,,,,,,,,,,,,,,,,,,,,,,,,,,,,,,,,,,,,,,,,,,,,,,,,
173711,8-Apr-18,15:49:00,2018-04-08 15:49:00,G,2,4,1930,966,1,5,-62.5519,-60.4148,49:03.6,FastGPS,-62.5519,-60.4148,,,0.5,-0.4,,,,15,8,27891,,,,32,25068,,,,27,4883,,,,11,29591,,,,18,4441,,,,,,,,,,,,,,,,,,,,,,,,,,,,,,,,,,,,,,,,,,,,,,,,,,,,,
173711,9-Apr-18,1:53:08,2018-04-09 01:53:08,G,2,4,1933,966,0,7,-62.5242,-60.4424,53:11.7,FastGPS,-62.5242,-60.4424,,,5.2,-0.3,,,,15,7,13550,,,,8,12610,,,,13,27738,,,,5,17547,,,,30,5480,,,,28,23352,,,,27,22648,,,,,,,,,,,,,,,,,,,,,,,,,,,,,,,,,,,,,,,,,,,
173711,9-Apr-18,2:26:18,2018-04-09 02:26:18,G,2,4,1934,966,0,7,-62.4975,-60.4723,26:22.2,FastGPS,-62.4975,-60.4723,,,10.6,0.2,,,,15,7,14445,,,,30,14900,,,,13,1544,,,,5,30542,,,,8,2366,,,,28,10519,,,,27,12042,,,,,,,,,,,,,,,,,,,,,,,,,,,,,,,,,,,,,,,,,,,
173711,9-Apr-18,4:51:09,2018-04-09 04:51:09,G,2,4,1938,967,0,5,-62.4495,-60.6232,51:12.7,FastGPS,-62.4495,-60.6232,,,5.6,-0.2,,,,15,17,30710,,,,19,13648,,,,28,5012,,,,13,3975,,,,12,4430,,,,,,,,,,,,,,,,,,,,,,,,,,,,,,,,,,,,,,,,,,,,,,,,,,,,,
173711,9-Apr-18,5:21:04,2018-04-09 05:21:04,G,1,4,1939,967,0,7,-62.431,-60.6264,21:07.7,FastGPS,-62.431,-60.6264,,,6.1,-0.3,,,,15,19,29816,,,,18,3973,,,,17,10218,,,,1,23758,,,,10,13517,,,,11,5584,,,,15,23123,,,,,,,,,,,,,,,,,,,,,,,,,,,,,,,,,,,,,,,,,,,
173711,9-Apr-18,6:06:10,2018-04-09 06:06:10,G,1,4,1940,968,0,6,-62.4579,-60.5874,06:13.7,FastGPS,-62.4579,-60.5874,,,12.8,-0.3,,,,15,32,25759,,,,12,12619,,,,17,2103,,,,22,1850,,,,24,12598,,,,1,3544,,,,,,,,,,,,,,,,,,,,,,,,,,,,,,,,,,,,,,,,,,,,,,,,
173711,9-Apr-18,6:36:18,2018-04-09 06:36:18,G,2,4,1941,968,0,6,-62.4725,-60.6101,36:21.7,FastGPS,-62.4725,-60.6101,,,13.8,-0.3,,,,15,32,16610,,,,12,672,,,,24,23314,,,,25,16570,,,,19,25260,,,,22,15666,,,,,,,,,,,,,,,,,,,,,,,,,,,,,,,,,,,,,,,,,,,,,,,,
173711,9-Apr-18,7:08:24,2018-04-09 07:08:24,G,1,4,1942,968,0,6,-62.472,-60.6678,08:27.7,FastGPS,-62.472,-60.6678,,,8.7,-0.3,,,,15,24,10369,,,,6,30996,,,,12,18403,,,,17,31224,,,,2,12632,,,,32,16631,,,,,,,,,,,,,,,,,,,,,,,,,,,,,,,,,,,,,,,,,,,,,,,,
173711,9-Apr-18,7:38:38,2018-04-09 07:38:38,G,3,4,1943,968,0,8,-62.4629,-60.7186,38:42.2,FastGPS,-62.4629,-60.7186,,,7.6,0.2,,,,15,12,6460,,,,32,9198,,,,2,16162,,,,6,10403,,,,25,14782,,,,24,5826,,,,31,10098,,,,19,2385,,,,,,,,,,,,,,,,,,,,,,,,,,,,,,,,,,,,,,
173711,9-Apr-18,8:08:00,2018-04-09 08:08:00,G,3,4,1944,968,0,8,-62.4589,-60.7694,08:04.2,FastGPS,-62.4589,-60.7694,,,3.4,0.2,,,,15,12,18662,,,,25,23685,,,,29,11476,,,,31,1566,,,,32,23316,,,,2,11467,,,,14,31760,,,,24,5393,,,,,,,,,,,,,,,,,,,,,,,,,,,,,,,,,,,,,,
173711,9-Apr-18,9:43:00,2018-04-09 09:43:00,G,3,4,1945,972,0,4,-62.4604,-60.7838,54:48.1,FastGPS,,,,,,,,,,15,29,27367,,,,31,7766,,,,4,22925,,,,25,23614,,,,,,,,,,,,,,,,,,,,,,,,,,,,,,,,,,,,,,,,,,,,,,,,,,,,,,,,,,
173711,9-Apr-18,10:13:10,2018-04-09 10:13:10,G,3,4,1946,972,0,8,-62.4777,-60.8163,13:13.7,FastGPS,-62.4777,-60.8163,,1,10.6,-0.3,,,,15,5,24707,,,,4,27068,,,,2,4910,,,,25,20760,,,,31,10821,,,,29,30322,,,,12,5527,,,,26,20898,,,,,,,,,,,,,,,,,,,,,,,,,,,,,,,,,,,,,,
173711,9-Apr-18,10:43:42,2018-04-09 10:43:42,G,6,4,1947,,0,9,-62.4839,-60.816,43:46.2,FastGPS,-62.4839,-60.816,,1,8.7,0.2,,,,15,31,27462,,,,9,4960,,,,26,20440,,,,23,5708,,,,29,23757,,,,16,13340,,,,21,6502,,,,4,103,,,,5,15761,,,,,,,,,,,,,,,,,,,,,,,,,,,,,,,,,
173711,9-Apr-18,11:36:15,2018-04-09 11:36:15,G,4,4,1948,973,0,6,-62.4842,-60.8191,36:19.3,FastGPS,-62.4842,-60.8191,,1,0.6,0.3,,,,15,5,24188,,,,4,13084,,,,26,21792,,,,29,4571,,,,21,22780,,,,20,16782,,,,,,,,,,,,,,,,,,,,,,,,,,,,,,,,,,,,,,,,,,,,,,,,
173711,9-Apr-18,12:26:03,2018-04-09 12:26:03,G,2,4,1949,974,0,7,-62.4706,-60.8407,26:07.2,FastGPS,-62.4706,-60.8407,,1,7.2,0.2,,,,15,29,28680,,,,5,3011,,,,20,31682,,,,21,26834,,,,4,25530,,,,26,17685,,,,13,22754,,,,,,,,,,,,,,,,,,,,,,,,,,,,,,,,,,,,,,,,,,,
173711,9-Apr-18,13:16:11,2018-04-09 13:16:11,G,1,4,1950,975,0,7,-62.4679,-60.8412,16:14.7,FastGPS,-62.4679,-60.8412,,,5.9,-0.3,,,,15,7,1120,,,,27,23963,,,,5,27124,,,,30,1652,,,,16,13248,,,,15,7771,,,,13,6294,,,,,,,,,,,,,,,,,,,,,,,,,,,,,,,,,,,,,,,,,,,
173711,9-Apr-18,14:02:31,2018-04-09 14:02:31,G,1,4,1951,976,0,7,-62.4619,-60.8198,02:35.2,FastGPS,-62.4619,-60.8198,,,8.4,0.2,,,,15,15,29747,,,,21,31275,,,,20,10243,,,,16,3118,,,,10,5382,,,,13,21056,,,,26,17622,,,,,,,,,,,,,,,,,,,,,,,,,,,,,,,,,,,,,,,,,,,
173711,9-Apr-18,14:32:00,2018-04-09 14:32:00,G,3,4,1952,,0,9,-62.4619,-60.819,32:03.8,FastGPS,-62.4619,-60.819,,,8.2,-0.2,,,,15,15,4654,,,,20,25714,,,,21,20158,,,,8,871,,,,27,4890,,,,13,8654,,,,10,2382,,,,30,24877,,,,7,19700,,,,,,,,,,,,,,,,,,,,,,,,,,,,,,,,,
173711,9-Apr-18,15:48:00,2018-04-09 15:48:00,G,1,4,1954,977,0,6,-62.4616,-60.8199,48:04.2,FastGPS,-62.4616,-60.8199,,,3.9,0.2,,,,15,10,3738,,,,32,25419,,,,27,16178,,,,8,17448,,,,15,10778,,,,1,16385,,,,,,,,,,,,,,,,,,,,,,,,,,,,,,,,,,,,,,,,,,,,,,,,
173711,9-Apr-18,20:54:44,2018-04-09 20:54:44,G,1,4,1962,980,0,4,-62.4591,-60.8226,28:53.7,FastGPS,-62.4604,-60.7838,,,0.6,0.1,,,,15,31,18138,,,,23,30885,,,,3,15198,,,,22,29314,,,,,,,,,,,,,,,,,,,,,,,,,,,,,,,,,,,,,,,,,,,,,,,,,,,,,,,,,,
173711,9-Apr-18,21:57:12,2018-04-09 21:57:12,G,2,4,1964,980,0,8,-62.4619,-60.8191,57:16.3,FastGPS,-62.4619,-60.8191,,1,6.9,0.3,,,,15,7,7378,,,,3,13568,,,,23,3913,,,,2,28877,,,,16,15732,,,,6,14180,,,,9,3894,,,,4,17868,,,,,,,,,,,,,,,,,,,,,,,,,,,,,,,,,,,,,,
173711,9-Apr-18,22:28:50,2018-04-09 22:28:50,G,2,4,1965,980,0,6,-62.4591,-60.8226,28:53.7,FastGPS,-62.4591,-60.8226,,1,5.4,-0.2,,,,15,26,7196,,,,4,19766,,,,7,21368,,,,16,29978,,,,23,18934,,,,3,21145,,,,,,,,,,,,,,,,,,,,,,,,,,,,,,,,,,,,,,,,,,,,,,,,
173711,10-Apr-18,1:27:29,2018-04-10 01:27:29,G,2,4,1966,980,0,6,-62.3423,-60.7275,27:33.2,FastGPS,-62.3423,-60.7275,,,6.6,0.3,,,,15,7,16987,,,,30,19805,,,,27,10086,,,,8,1576,,,,28,27160,,,,9,5466,,,,,,,,,,,,,,,,,,,,,,,,,,,,,,,,,,,,,,,,,,,,,,,,
173711,10-Apr-18,2:17:33,2018-04-10 02:17:33,G,3,4,1967,981,0,8,-62.3417,-60.7119,17:37.7,FastGPS,-62.3417,-60.7119,,,4,0.7,,,,15,15,23956,,,,7,15842,,,,8,16234,,,,20,17398,,,,27,6198,,,,21,3286,,,,30,7838,,,,13,10140,,,,,,,,,,,,,,,,,,,,,,,,,,,,,,,,,,,,,,
173711,10-Apr-18,2:47:02,2018-04-10 02:47:02,G,3,4,1968,981,0,6,-62.3441,-60.7188,47:05.8,FastGPS,-62.3441,-60.7188,,,6.1,-0.2,,,,15,28,32231,,,,15,6954,,,,5,23785,,,,13,26842,,,,20,12308,,,,7,563,,,,,,,,,,,,,,,,,,,,,,,,,,,,,,,,,,,,,,,,,,,,,,,,
173711,10-Apr-18,3:48:52,2018-04-10 03:48:52,G,4,4,1969,983,0,8,-62.3555,-60.7251,48:55.8,FastGPS,-62.3555,-60.7251,,,19.2,-0.2,,,,15,15,3824,,,,24,29452,,,,20,30394,,,,13,24559,,,,30,30712,,,,18,18395,,,,11,592,,,,17,29573,,,,,,,,,,,,,,,,,,,,,,,,,,,,,,,,,,,,,,
173711,10-Apr-18,4:19:38,2018-04-10 04:19:38,G,3,4,1970,983,0,5,-62.3732,-60.7418,19:41.8,FastGPS,-62.3732,-60.7418,,,11,-0.2,,,,15,10,31046,,,,17,7730,,,,15,2764,,,,24,29998,,,,13,11384,,,,,,,,,,,,,,,,,,,,,,,,,,,,,,,,,,,,,,,,,,,,,,,,,,,,,
173711,10-Apr-18,7:47:31,2018-04-10 07:47:31,G,1,4,1974,988,0,7,-62.4473,-60.8863,47:35.2,FastGPS,-62.4473,-60.8863,,,9.2,0.2,,,,15,32,32057,,,,14,8062,,,,29,27304,,,,12,23900,,,,6,1262,,,,31,23639,,,,3,9484,,,,,,,,,,,,,,,,,,,,,,,,,,,,,,,,,,,,,,,,,,,
173711,10-Apr-18,9:32:03,2018-04-10 09:32:03,G,2,4,1977,,0,9,-62.4752,-60.896,32:08.2,FastGPS,-62.4752,-60.8961,,1,9.9,1.2,,,,15,23,25913,,,,31,15600,,,,29,21938,,,,2,32010,,,,26,7268,,,,5,11440,,,,4,4910,,,,6,13439,,,,9,30596,,,,,,,,,,,,,,,,,,,,,,,,,,,,,,,,,
173711,10-Apr-18,10:04:26,2018-04-10 10:04:26,G,2,4,1978,989,0,6,-62.4864,-60.857,04:31.2,FastGPS,-62.4864,-60.857,,,3.2,1.2,,,,15,12,29569,,,,29,29949,,,,25,3520,,,,23,14089,,,,5,14716,,,,2,25595,,,,,,,,,,,,,,,,,,,,,,,,,,,,,,,,,,,,,,,,,,,,,,,,
173711,10-Apr-18,10:34:13,2018-04-10 10:34:13,G,3,4,1979,989,0,7,-62.4855,-60.8237,34:18.3,FastGPS,-62.4855,-60.8237,,,10.3,1.3,,,,15,29,31952,,,,2,27392,,,,9,8180,,,,5,12922,,,,25,3256,,,,12,14682,,,,26,9702,,,,,,,,,,,,,,,,,,,,,,,,,,,,,,,,,,,,,,,,,,,
173711,10-Apr-18,11:04:09,2018-04-10 11:04:09,G,2,4,1980,989,0,7,-62.4737,-60.7962,04:14.3,FastGPS,-62.4737,-60.7962,,1,5.8,1.3,,,,15,5,9055,,,,29,2392,,,,9,3216,,,,2,12721,,,,25,12925,,,,20,32512,,,,4,9467,,,,,,,,,,,,,,,,,,,,,,,,,,,,,,,,,,,,,,,,,,,
173711,10-Apr-18,11:34:00,2018-04-10 11:34:00,G,2,4,1981,,1,9,-62.4732,-60.7955,34:04.8,FastGPS,-62.4732,-60.7955,,1,8,0.8,,,,15,31,25442,,,,21,12695,,,,4,28011,,,,26,5927,,,,29,15724,,,,5,5046,,,,16,19986,,,,20,3868,,,,9,342,,,,,,,,,,,,,,,,,,,,,,,,,,,,,,,,,
173711,11-Apr-18,0:08:01,2018-04-11 00:08:01,G,1,4,1982,989,0,5,-62.4736,-60.7974,08:05.8,FastGPS,-62.4736,-60.7974,,,0.8,0.8,,,,15,7,28771,,,,5,6226,,,,9,29026,,,,23,28937,,,,30,23458,,,,,,,,,,,,,,,,,,,,,,,,,,,,,,,,,,,,,,,,,,,,,,,,,,,,,
173711,11-Apr-18,0:39:13,2018-04-11 00:39:13,G,1,4,1983,989,0,4,-62.462,-60.807,4/11/2018 13:27,A,-62.4568,-60.8202,,,0.3,1.3,,,,15,7,29449,,,,27,5152,,,,16,18264,,,,8,13382,,,,,,,,,,,,,,,,,,,,,,,,,,,,,,,,,,,,,,,,,,,,,,,,,,,,,,,,,,
173711,11-Apr-18,1:42:24,2018-04-11 01:42:24,G,3,4,1984,991,0,8,-62.4137,-60.8055,42:29.3,FastGPS,-62.4137,-60.8055,,,11.5,1.3,,,,15,27,14763,,,,7,11355,,,,15,7832,,,,30,31022,,,,8,29770,,,,28,3828,,,,20,1064,,,,21,10348,,,,,,,,,,,,,,,,,,,,,,,,,,,,,,,,,,,,,,
173711,11-Apr-18,3:43:01,2018-04-11 03:43:01,G,1,4,1988,991,0,7,-62.3571,-60.7401,43:05.8,FastGPS,-62.3571,-60.7401,,,8.9,0.8,,,,15,15,21502,,,,10,24238,,,,20,22386,,,,13,14150,,,,8,17561,,,,1,12891,,,,24,7992,,,,,,,,,,,,,,,,,,,,,,,,,,,,,,,,,,,,,,,,,,,
173711,11-Apr-18,4:28:03,2018-04-11 04:28:03,G,1,4,1989,992,0,7,-62.3376,-60.7791,28:07.3,FastGPS,-62.3376,-60.7791,,,13.7,0.3,,,,15,17,21626,,,,15,20838,,,,19,26024,,,,28,31728,,,,13,1480,,,,24,11450,,,,12,5304,,,,,,,,,,,,,,,,,,,,,,,,,,,,,,,,,,,,,,,,,,,
173711,11-Apr-18,4:58:10,2018-04-11 04:58:10,G,1,4,1990,992,0,8,-62.3359,-60.7741,58:15.3,FastGPS,-62.3359,-60.7741,,,9.5,1.3,,,,15,10,17883,,,,18,6871,,,,24,3510,,,,32,7758,,,,1,32382,,,,28,6859,,,,11,18610,,,,15,17144,,,,,,,,,,,,,,,,,,,,,,,,,,,,,,,,,,,,,,
173711,11-Apr-18,5:28:49,2018-04-11 05:28:49,G,1,4,1991,992,0,7,-62.3392,-60.8022,28:53.8,FastGPS,-62.3392,-60.8022,,,5.7,0.8,,,,15,15,20513,,,,12,20121,,,,1,496,,,,10,29842,,,,17,6402,,,,24,7500,,,,32,12536,,,,,,,,,,,,,,,,,,,,,,,,,,,,,,,,,,,,,,,,,,,
173711,11-Apr-18,6:31:40,2018-04-11 06:31:40,G,1,4,1992,994,0,6,-62.3548,-60.7749,31:44.3,FastGPS,-62.3548,-60.7749,,,17.7,0.3,,,,15,32,18226,,,,12,7820,,,,17,14567,,,,14,22864,,,,25,30620,,,,24,16506,,,,,,,,,,,,,,,,,,,,,,,,,,,,,,,,,,,,,,,,,,,,,,,,
173711,11-Apr-18,7:01:40,2018-04-11 07:01:40,G,1,4,1993,994,0,6,-62.3514,-60.7559,01:44.8,FastGPS,-62.3514,-60.7559,,,7.7,0.8,,,,15,17,7066,,,,19,3156,,,,6,16142,,,,2,2130,,,,12,2576,,,,3,3980,,,,,,,,,,,,,,,,,,,,,,,,,,,,,,,,,,,,,,,,,,,,,,,,
173711,11-Apr-18,7:46:59,2018-04-11 07:46:59,G,2,4,1994,,0,9,-62.3722,-60.7458,47:02.8,FastGPS,-62.3722,-60.7458,,,7.1,-0.2,,,,15,22,5195,,,,3,8257,,,,6,4808,,,,31,8961,,,,19,31712,,,,12,25801,,,,25,20826,,,,2,2102,,,,17,31294,,,,,,,,,,,,,,,,,,,,,,,,,,,,,,,,,
173711,11-Apr-18,8:17:14,2018-04-11 08:17:14,G,2,4,1995,995,0,6,-62.3944,-60.7577,17:17.8,FastGPS,-62.3944,-60.7577,,,7.7,-0.2,,,,15,31,26963,,,,29,13850,,,,12,18746,,,,25,17487,,,,19,3571,,,,2,10523,,,,,,,,,,,,,,,,,,,,,,,,,,,,,,,,,,,,,,,,,,,,,,,,
173711,11-Apr-18,8:47:54,2018-04-11 08:47:54,G,1,4,1996,995,0,7,-62.4123,-60.7893,47:57.8,FastGPS,-62.4123,-60.7893,,1,5.2,-0.2,,,,15,29,17153,,,,2,22384,,,,31,3851,,,,12,29738,,,,6,9614,,,,14,18396,,,,4,9540,,,,,,,,,,,,,,,,,,,,,,,,,,,,,,,,,,,,,,,,,,,
173711,11-Apr-18,10:06:59,2018-04-11 10:06:59,G,1,4,1997,998,0,5,-62.4568,-60.8202,39:18.3,FastGPS,-62.4533,-60.8307,,1,1.5,0.3,,,,15,31,26679,,,,4,19734,,,,29,18121,,,,26,15491,,,,2,16552,,,,,,,,,,,,,,,,,,,,,,,,,,,,,,,,,,,,,,,,,,,,,,,,,,,,,
173711,11-Apr-18,10:37:21,2018-04-11 10:37:21,G,1,4,1998,998,0,7,-62.4604,-60.8064,37:25.8,FastGPS,-62.4604,-60.8064,,,5.5,0.8,,,,15,5,3924,,,,29,8259,,,,2,6614,,,,21,1267,,,,31,7235,,,,25,21962,,,,9,23602,,,,,,,,,,,,,,,,,,,,,,,,,,,,,,,,,,,,,,,,,,,
173711,11-Apr-18,11:56:31,2018-04-11 11:56:31,G,1,4,2000,999,0,4,-62.4568,-60.8202,39:18.3,FastGPS,-62.4566,-60.788,,,1,0.3,,,,15,5,23986,,,,20,30915,,,,29,2995,,,,16,1792,,,,,,,,,,,,,,,,,,,,,,,,,,,,,,,,,,,,,,,,,,,,,,,,,,,,,,,,,,
173711,11-Apr-18,13:42:37,2018-04-11 13:42:37,G,2,4,2003,1000,0,7,-62.4688,-60.8023,42:41.8,FastGPS,-62.4688,-60.8023,,,9.3,0.8,,,,15,7,18864,,,,15,3030,,,,8,20494,,,,30,300,,,,13,14612,,,,27,6792,,,,20,26658,,,,,,,,,,,,,,,,,,,,,,,,,,,,,,,,,,,,,,,,,,,
173711,11-Apr-18,14:12:00,2018-04-11 14:12:00,G,1,4,2004,,0,9,-62.473,-60.7958,12:03.8,FastGPS,-62.473,-60.7958,,,9.8,-0.2,,,,15,15,17956,,,,21,13854,,,,8,2552,,,,27,9388,,,,10,12086,,,,20,15809,,,,30,17752,,,,13,10298,,,,7,3429,,,,,,,,,,,,,,,,,,,,,,,,,,,,,,,,,
173711,11-Apr-18,23:42:06,2018-04-11 23:42:06,G,2,4,2006,1000,0,5,-62.4735,-60.7977,42:09.8,FastGPS,-62.4735,-60.7977,,,4.1,-0.2,,,,15,7,9438,,,,9,26916,,,,5,28022,,,,2,32396,,,,30,20121,,,,,,,,,,,,,,,,,,,,,,,,,,,,,,,,,,,,,,,,,,,,,,,,,,,,,
173711,12-Apr-18,0:13:23,2018-04-12 00:13:23,G,2,4,2007,1000,0,6,-62.4518,-60.8185,13:27.8,FastGPS,-62.4518,-60.8185,,,8.8,0.8,,,,15,27,1085,,,,30,3994,,,,9,18040,,,,7,18446,,,,16,6413,,,,5,7110,,,,,,,,,,,,,,,,,,,,,,,,,,,,,,,,,,,,,,,,,,,,,,,,
173711,12-Apr-18,1:13:31,2018-04-12 01:13:31,G,5,4,2008,1002,0,5,-62.3988,-60.7859,13:35.3,FastGPS,-62.3988,-60.7859,,,10,0.3,,,,15,7,31027,,,,30,18199,,,,27,10565,,,,28,29489,,,,8,17830,,,,,,,,,,,,,,,,,,,,,,,,,,,,,,,,,,,,,,,,,,,,,,,,,,,,,
173711,12-Apr-18,1:45:10,2018-04-12 01:45:10,G,1,4,2009,1002,0,5,-62.3733,-60.7669,45:13.9,FastGPS,-62.3733,-60.7669,,,1.6,-0.1,,,,15,7,31404,,,,28,11417,,,,13,9569,,,,30,2522,,,,8,18635,,,,,,,,,,,,,,,,,,,,,,,,,,,,,,,,,,,,,,,,,,,,,,,,,,,,,
173711,12-Apr-18,2:30:20,2018-04-12 02:30:20,G,2,4,2010,,0,9,-62.34,-60.7457,30:24.8,FastGPS,-62.34,-60.7457,,,13,0.8,,,,15,7,15947,,,,15,23496,,,,30,14596,,,,20,20556,,,,28,26814,,,,8,31576,,,,13,30956,,,,11,20492,,,,27,31130,,,,,,,,,,,,,,,,,,,,,,,,,,,,,,,,,
173711,12-Apr-18,3:00:00,2018-04-12 03:00:00,G,4,4,2011,1003,0,4,-62.3236,-60.7554,47:07.6,FastGPS,-62.3412,-60.7295,,,1.4,1.2,,,,15,13,16500,,,,30,29585,,,,7,22204,,,,11,9204,,,,,,,,,,,,,,,,,,,,,,,,,,,,,,,,,,,,,,,,,,,,,,,,,,,,,,,,,,
173711,12-Apr-18,3:31:31,2018-04-12 03:31:31,G,3,4,2012,1003,0,5,-62.347,-60.7087,31:36.3,FastGPS,-62.347,-60.7087,,,9.8,1.3,,,,15,15,28101,,,,10,17998,,,,13,8070,,,,20,21286,,,,24,20918,,,,,,,,,,,,,,,,,,,,,,,,,,,,,,,,,,,,,,,,,,,,,,,,,,,,,
173711,12-Apr-18,5:17:00,2018-04-12 05:17:00,G,1,4,2015,1004,0,6,-62.3248,-60.7466,17:04.3,FastGPS,-62.3248,-60.7466,,,10.2,0.3,,,,15,17,25652,,,,19,25514,,,,15,5131,,,,13,30777,,,,12,10077,,,,24,16920,,,,,,,,,,,,,,,,,,,,,,,,,,,,,,,,,,,,,,,,,,,,,,,,
173711,12-Apr-18,5:47:03,2018-04-12 05:47:03,G,1,4,2016,1004,0,4,-62.3344,-60.7515,29:18.3,FastGPS,-62.3236,-60.7554,,,0.9,0.6,,,,15,12,3921,,,,32,19602,,,,24,24977,,,,1,29778,,,,,,,,,,,,,,,,,,,,,,,,,,,,,,,,,,,,,,,,,,,,,,,,,,,,,,,,,,
173711,12-Apr-18,6:29:14,2018-04-12 06:29:14,G,1,4,2017,1004,0,6,-62.3344,-60.7515,29:18.3,FastGPS,-62.3344,-60.7515,,,5,0.3,,,,15,17,6052,,,,12,8102,,,,32,16046,,,,24,10295,,,,19,13100,,,,22,11868,,,,,,,,,,,,,,,,,,,,,,,,,,,,,,,,,,,,,,,,,,,,,,,,
173711,12-Apr-18,9:10:19,2018-04-12 09:10:19,G,1,4,2019,1006,0,8,-62.4466,-60.7804,10:23.8,FastGPS,-62.4466,-60.7804,,1,8.5,0.8,,,,15,31,32640,,,,29,15768,,,,12,25243,,,,23,5386,,,,6,29980,,,,4,8452,,,,2,18953,,,,25,15528,,,,,,,,,,,,,,,,,,,,,,,,,,,,,,,,,,,,,,
173711,12-Apr-18,9:40:18,2018-04-12 09:40:18,G,3,4,2020,1006,0,5,-62.3344,-60.7515,29:18.3,FastGPS,-62.4578,-60.8075,,1,0.4,0.5,,,,15,31,19311,,,,4,7846,,,,25,21650,,,,12,16552,,,,23,4288,,,,,,,,,,,,,,,,,,,,,,,,,,,,,,,,,,,,,,,,,,,,,,,,,,,,,
173711,12-Apr-18,10:10:00,2018-04-12 10:10:00,G,1,4,2021,,0,9,-62.4731,-60.7959,10:04.8,FastGPS,-62.4731,-60.7959,,1,7.1,0.8,,,,15,5,26290,,,,12,6140,,,,23,3730,,,,29,12884,,,,31,4149,,,,9,5821,,,,2,12780,,,,4,32084,,,,25,5051,,,,,,,,,,,,,,,,,,,,,,,,,,,,,,,,,
173711,12-Apr-18,10:40:00,2018-04-12 10:40:00,G,1,4,2022,1006,1,6,-62.473,-60.7959,40:03.8,FastGPS,-62.4729,-60.7959,,,5.6,-0.2,,,,15,2,32147,,,,9,16290,,,,23,24791,,,,5,4058,,,,16,29674,,,,29,27673,,,,,,,,,,,,,,,,,,,,,,,,,,,,,,,,,,,,,,,,,,,,,,,,
173711,13-Apr-18,23:22:00,2018-04-13 23:22:00,G,1,4,2029,1006,0,5,-62.4096,-60.6775,22:03.9,FastGPS,-62.4096,-60.6775,,,0.8,-0.1,,,,15,23,9320,,,,9,1608,,,,26,13769,,,,16,855,,,,7,1697,,,,,,,,,,,,,,,,,,,,,,,,,,,,,,,,,,,,,,,,,,,,,,,,,,,,,
173711,13-Apr-18,23:52:07,2018-04-13 23:52:07,G,1,4,2030,1006,0,5,-62.3998,-60.6642,52:10.9,FastGPS,-62.3998,-60.6642,,,7.6,-0.1,,,,15,5,5534,,,,30,18744,,,,16,30216,,,,9,14396,,,,2,20855,,,,,,,,,,,,,,,,,,,,,,,,,,,,,,,,,,,,,,,,,,,,,,,,,,,,,
173711,14-Apr-18,0:22:04,2018-04-14 00:22:04,G,2,4,2031,1006,0,5,-62.3919,-60.6464,22:07.9,FastGPS,-62.3919,-60.6464,,,11.3,-0.1,,,,15,27,6537,,,,16,13093,,,,9,22225,,,,5,19275,,,,7,11403,,,,,,,,,,,,,,,,,,,,,,,,,,,,,,,,,,,,,,,,,,,,,,,,,,,,,
173711,14-Apr-18,2:26:19,2018-04-14 02:26:19,G,1,4,2033,1006,0,6,-62.3987,-60.5846,26:23.4,FastGPS,-62.3987,-60.5846,,,6.8,0.4,,,,15,15,28807,,,,20,11349,,,,27,10289,,,,11,26604,,,,13,26929,,,,7,23601,,,,,,,,,,,,,,,,,,,,,,,,,,,,,,,,,,,,,,,,,,,,,,,,
173711,14-Apr-18,7:38:37,2018-04-14 07:38:37,G,1,4,2036,1006,0,7,-62.5293,-60.5113,38:42.4,FastGPS,-62.5293,-60.5113,,,5.1,1.4,,,,15,31,23962,,,,2,11347,,,,14,2246,,,,25,27505,,,,12,20102,,,,6,1852,,,,32,10162,,,,,,,,,,,,,,,,,,,,,,,,,,,,,,,,,,,,,,,,,,,
173711,14-Apr-18,8:38:00,2018-04-14 08:38:00,G,1,4,2038,1006,0,5,-62.5299,-60.5113,38:04.9,FastGPS,-62.5299,-60.5113,,,3.5,0.9,,,,15,31,9898,,,,2,23975,,,,6,4108,,,,29,24049,,,,12,23439,,,,,,,,,,,,,,,,,,,,,,,,,,,,,,,,,,,,,,,,,,,,,,,,,,,,,
173711,14-Apr-18,9:08:01,2018-04-14 09:08:01,G,2,4,2039,1006,0,8,-62.5293,-60.5112,08:05.9,FastGPS,-62.5293,-60.5112,,1,14.9,0.9,,,,15,12,20193,,,,4,15724,,,,31,20991,,,,29,13398,,,,5,26780,,,,2,27212,,,,25,27272,,,,26,15026,,,,,,,,,,,,,,,,,,,,,,,,,,,,,,,,,,,,,,
173711,14-Apr-18,10:08:59,2018-04-14 10:08:59,G,2,4,2041,1006,0,8,-62.5297,-60.5107,09:04.4,FastGPS,-62.5297,-60.5107,,1,12.2,1.4,,,,15,9,1613,,,,4,4045,,,,31,5026,,,,25,874,,,,29,184,,,,26,12162,,,,23,9559,,,,2,3220,,,,,,,,,,,,,,,,,,,,,,,,,,,,,,,,,,,,,,
173711,14-Apr-18,11:11:35,2018-04-14 11:11:35,G,1,4,2043,1006,0,7,-62.5284,-60.5115,11:40.4,FastGPS,-62.5284,-60.5115,,1,14.9,1.4,,,,15,9,32260,,,,26,19949,,,,4,15466,,,,21,6070,,,,5,32126,,,,16,17994,,,,29,18431,,,,,,,,,,,,,,,,,,,,,,,,,,,,,,,,,,,,,,,,,,,
173711,14-Apr-18,12:46:02,2018-04-14 12:46:02,G,3,4,2046,1006,0,8,-62.5301,-60.5115,46:06.9,FastGPS,-62.5301,-60.5115,,1,3.4,0.9,,,,15,4,8456,,,,29,13092,,,,27,24649,,,,26,29162,,,,10,20292,,,,15,16578,,,,20,10416,,,,16,23756,,,,,,,,,,,,,,,,,,,,,,,,,,,,,,,,,,,,,,
173711,14-Apr-18,13:37:55,2018-04-14 13:37:55,G,2,4,2047,1007,0,6,-62.5299,-60.5116,37:59.9,FastGPS,-62.5299,-60.5116,,,11.5,0.9,,,,15,10,4314,,,,15,9970,,,,20,17471,,,,21,28792,,,,16,30141,,,,27,16300,,,,,,,,,,,,,,,,,,,,,,,,,,,,,,,,,,,,,,,,,,,,,,,,
173711,14-Apr-18,14:09:51,2018-04-14 14:09:51,G,3,4,2048,1007,0,8,-62.5303,-60.5079,09:55.9,FastGPS,-62.5303,-60.5079,,,10.5,0.9,,,,15,15,1877,,,,13,8312,,,,30,21880,,,,20,14774,,,,8,23476,,,,27,30816,,,,7,18838,,,,21,24314,,,,,,,,,,,,,,,,,,,,,,,,,,,,,,,,,,,,,,
173711,14-Apr-18,14:41:08,2018-04-14 14:41:08,G,2,4,2049,1007,0,8,-62.5508,-60.4952,41:13.4,FastGPS,-62.5508,-60.4952,,,18,1.4,,,,15,8,23936,,,,15,6932,,,,27,23498,,,,10,28624,,,,11,20008,,,,18,29232,,,,20,9126,,,,21,19491,,,,,,,,,,,,,,,,,,,,,,,,,,,,,,,,,,,,,,
173711,14-Apr-18,15:15:42,2018-04-14 15:15:42,G,4,4,2050,1007,0,7,-62.5622,-60.5103,15:46.9,FastGPS,-62.5622,-60.5103,,,11.9,0.9,,,,15,28,2404,,,,18,310,,,,11,25904,,,,8,17002,,,,10,16816,,,,15,24502,,,,1,476,,,,,,,,,,,,,,,,,,,,,,,,,,,,,,,,,,,,,,,,,,,
173711,14-Apr-18,15:47:55,2018-04-14 15:47:55,G,1,4,2051,1007,0,6,-62.5606,-60.5197,48:00.4,FastGPS,-62.5606,-60.5197,,,13.8,1.4,,,,15,27,9919,,,,10,12505,,,,8,11140,,,,24,10813,,,,18,3673,,,,32,9076,,,,,,,,,,,,,,,,,,,,,,,,,,,,,,,,,,,,,,,,,,,,,,,,
173711,14-Apr-18,16:50:19,2018-04-14 16:50:19,G,1,4,2053,,0,9,-62.561,-60.5197,50:22.9,FastGPS,-62.561,-60.5197,,,11.7,-0.1,,,,15,22,28938,,,,32,24430,,,,1,14332,,,,14,32193,,,,10,2998,,,,11,6691,,,,28,13732,,,,18,878,,,,8,28356,,,,,,,,,,,,,,,,,,,,,,,,,,,,,,,,,
173711,14-Apr-18,21:59:11,2018-04-14 21:59:11,G,1,4,2060,,0,9,-62.535,-60.5333,59:14.9,FastGPS,-62.535,-60.5333,,1,13.6,-0.1,,,,15,23,21893,,,,7,20838,,,,9,9732,,,,4,10924,,,,16,20527,,,,26,23097,,,,3,13808,,,,2,10778,,,,6,29302,,,,,,,,,,,,,,,,,,,,,,,,,,,,,,,,,
173711,15-Apr-18,2:12:30,2018-04-15 02:12:30,G,3,4,2061,1012,0,6,-62.3951,-60.6221,12:34.9,FastGPS,-62.3951,-60.6221,,,4.8,0.9,,,,15,15,16439,,,,28,26334,,,,13,4223,,,,30,9570,,,,5,7912,,,,20,25717,,,,,,,,,,,,,,,,,,,,,,,,,,,,,,,,,,,,,,,,,,,,,,,,
173711,15-Apr-18,2:45:29,2018-04-15 02:45:29,G,4,4,2062,1012,0,4,-62.537,-60.549,4/15/2018 6:05,N,-62.3844,-60.6371,,,0.6,1.4,,,,15,15,6573,,,,20,14254,,,,13,12229,,,,28,3220,,,,,,,,,,,,,,,,,,,,,,,,,,,,,,,,,,,,,,,,,,,,,,,,,,,,,,,,,,
173711,15-Apr-18,3:17:30,2018-04-15 03:17:30,G,2,4,2063,1012,0,5,-62.3876,-60.6303,17:35.4,FastGPS,-62.3876,-60.6303,,,10.2,1.4,,,,15,15,12025,,,,24,32276,,,,13,29640,,,,20,13946,,,,10,32559,,,,,,,,,,,,,,,,,,,,,,,,,,,,,,,,,,,,,,,,,,,,,,,,,,,,,
173711,15-Apr-18,3:48:09,2018-04-15 03:48:09,G,1,4,2064,1012,0,8,-62.4129,-60.6176,48:14.4,FastGPS,-62.4129,-60.6177,,,7.8,1.4,,,,15,20,24170,,,,15,14763,,,,10,23990,,,,24,24586,,,,11,19727,,,,1,9567,,,,18,24709,,,,13,17244,,,,,,,,,,,,,,,,,,,,,,,,,,,,,,,,,,,,,,
173711,15-Apr-18,4:49:12,2018-04-15 04:49:12,G,1,4,2066,1012,0,5,-62.4676,-60.6026,49:16.4,FastGPS,-62.4676,-60.6026,,,3.7,0.4,,,,15,15,26910,,,,32,9498,,,,24,21752,,,,10,7168,,,,12,11995,,,,,,,,,,,,,,,,,,,,,,,,,,,,,,,,,,,,,,,,,,,,,,,,,,,,,
173711,15-Apr-18,5:49:02,2018-04-15 05:49:02,G,2,4,2068,1012,0,6,-62.5255,-60.5605,49:06.8,FastGPS,-62.5255,-60.5605,,,12.7,0.8,,,,15,32,19776,,,,12,12211,,,,24,18770,,,,25,23108,,,,19,12950,,,,1,26153,,,,,,,,,,,,,,,,,,,,,,,,,,,,,,,,,,,,,,,,,,,,,,,,
173711,15-Apr-18,6:35:00,2018-04-15 06:35:00,G,1,4,2069,1013,0,7,-62.5477,-60.534,35:04.4,FastGPS,-62.5477,-60.534,,,5.1,0.4,,,,15,2,1205,,,,6,10830,,,,32,20320,,,,17,6658,,,,25,5510,,,,12,6423,,,,24,696,,,,,,,,,,,,,,,,,,,,,,,,,,,,,,,,,,,,,,,,,,,
173711,15-Apr-18,7:45:45,2018-04-15 07:45:45,G,1,4,2070,1015,0,8,-62.5591,-60.5348,45:50.4,FastGPS,-62.5591,-60.5348,,,5.2,1.4,,,,15,2,25842,,,,29,27414,,,,14,3889,,,,12,24212,,,,24,1480,,,,31,20305,,,,32,23048,,,,25,3965,,,,,,,,,,,,,,,,,,,,,,,,,,,,,,,,,,,,,,
173711,15-Apr-18,8:34:08,2018-04-15 08:34:08,G,1,4,2071,1016,0,6,-62.5595,-60.5374,34:12.9,FastGPS,-62.5595,-60.5374,,,9.9,0.9,,,,15,6,29057,,,,2,16904,,,,12,15434,,,,29,17628,,,,31,3818,,,,25,28850,,,,,,,,,,,,,,,,,,,,,,,,,,,,,,,,,,,,,,,,,,,,,,,,
173711,15-Apr-18,9:20:00,2018-04-15 09:20:00,G,3,4,2072,1017,0,8,-62.5477,-60.549,20:03.9,FastGPS,-62.5477,-60.549,,1,6,-0.1,,,,15,2,19736,,,,23,4512,,,,12,16998,,,,31,21088,,,,5,17324,,,,6,16140,,,,25,2448,,,,4,9558,,,,,,,,,,,,,,,,,,,,,,,,,,,,,,,,,,,,,,
173711,15-Apr-18,10:05:05,2018-04-15 10:05:05,G,3,4,2073,1018,0,8,-62.5422,-60.5179,05:09.4,FastGPS,-62.5422,-60.5179,,1,9.5,0.4,,,,15,4,29263,,,,5,22186,,,,26,5018,,,,31,29170,,,,2,27274,,,,23,1204,,,,9,26668,,,,16,12118,,,,,,,,,,,,,,,,,,,,,,,,,,,,,,,,,,,,,,
173711,15-Apr-18,11:28:00,2018-04-15 11:28:00,G,1,4,2075,1019,0,6,-62.5298,-60.4809,28:05.4,FastGPS,-62.5298,-60.4809,,1,6.5,1.4,,,,15,5,26484,,,,29,18464,,,,20,19982,,,,21,6929,,,,26,18002,,,,4,25030,,,,,,,,,,,,,,,,,,,,,,,,,,,,,,,,,,,,,,,,,,,,,,,,
173711,15-Apr-18,13:55:52,2018-04-15 13:55:52,G,1,4,2078,1022,0,6,-62.5413,-60.5337,55:57.4,FastGPS,-62.5413,-60.5337,,,9.5,1.4,,,,15,10,14960,,,,16,14600,,,,8,7187,,,,27,11443,,,,30,20330,,,,7,4548,,,,,,,,,,,,,,,,,,,,,,,,,,,,,,,,,,,,,,,,,,,,,,,,
173711,15-Apr-18,14:27:21,2018-04-15 14:27:21,G,2,4,2079,1022,0,6,-62.5436,-60.5416,27:25.9,FastGPS,-62.5436,-60.5416,,,6.8,0.9,,,,15,10,3863,,,,21,23229,,,,18,13498,,,,20,7565,,,,11,4367,,,,15,12133,,,,,,,,,,,,,,,,,,,,,,,,,,,,,,,,,,,,,,,,,,,,,,,,
173711,15-Apr-18,14:57:23,2018-04-15 14:57:23,G,1,4,2080,1022,0,6,-62.5414,-60.545,57:26.9,FastGPS,-62.5414,-60.545,,,6.4,-0.1,,,,15,10,12930,,,,32,10102,,,,21,16087,,,,27,22432,,,,11,2098,,,,8,30616,,,,,,,,,,,,,,,,,,,,,,,,,,,,,,,,,,,,,,,,,,,,,,,,
173711,15-Apr-18,16:32:00,2018-04-15 16:32:00,G,1,4,2083,,0,9,-62.5476,-60.5471,32:03.9,FastGPS,-62.5476,-60.5471,,,4.2,-0.1,,,,15,32,27014,,,,27,13386,,,,14,30195,,,,11,6743,,,,22,21980,,,,28,31500,,,,1,20830,,,,10,7120,,,,8,30921,,,,,,,,,,,,,,,,,,,,,,,,,,,,,,,,,
173711,15-Apr-18,20:20:00,2018-04-15 20:20:00,G,1,4,2088,1027,0,8,-62.5433,-60.5437,20:04.0,FastGPS,-62.5433,-60.5437,,1,6.1,0,,,,15,22,3036,,,,31,9736,,,,3,8312,,,,6,7554,,,,4,32367,,,,2,13552,,,,1,9702,,,,25,1676,,,,,,,,,,,,,,,,,,,,,,,,,,,,,,,,,,,,,,
173711,15-Apr-18,21:36:56,2018-04-15 21:36:56,G,1,4,2090,1028,0,6,-62.5434,-60.5423,36:59.9,FastGPS,-62.5434,-60.5423,,,8.8,-0.1,,,,15,7,24737,,,,2,29599,,,,6,1810,,,,29,28423,,,,9,8929,,,,3,27584,,,,,,,,,,,,,,,,,,,,,,,,,,,,,,,,,,,,,,,,,,,,,,,,
173711,16-Apr-18,0:16:00,2018-04-16 00:16:00,G,2,4,2093,1031,0,5,-62.4855,-60.5901,16:04.4,FastGPS,-62.4855,-60.5901,,,2.7,0.4,,,,15,30,22698,,,,27,22226,,,,8,26076,,,,9,24458,,,,16,16750,,,,,,,,,,,,,,,,,,,,,,,,,,,,,,,,,,,,,,,,,,,,,,,,,,,,,
173711,16-Apr-18,1:22:04,2018-04-16 01:22:04,G,1,4,2095,1031,0,6,-62.4337,-60.6027,22:08.4,FastGPS,-62.4337,-60.6027,,,4.6,0.4,,,,15,7,14244,,,,5,19002,,,,30,1431,,,,28,6824,,,,8,1238,,,,15,9232,,,,,,,,,,,,,,,,,,,,,,,,,,,,,,,,,,,,,,,,,,,,,,,,
173711,16-Apr-18,2:04:47,2018-04-16 02:04:47,G,2,4,2096,1031,0,6,-62.4257,-60.6473,04:52.4,FastGPS,-62.4257,-60.6473,,,9.7,1.4,,,,15,30,19702,,,,15,5070,,,,5,23781,,,,28,18201,,,,13,775,,,,20,22706,,,,,,,,,,,,,,,,,,,,,,,,,,,,,,,,,,,,,,,,,,,,,,,,
173711,16-Apr-18,3:09:00,2018-04-16 03:09:00,G,1,4,2098,1031,0,6,-62.3925,-60.6706,09:04.9,FastGPS,-62.3925,-60.6706,,,26.1,0.9,,,,15,17,990,,,,13,4680,,,,30,14052,,,,28,15827,,,,20,24819,,,,24,13831,,,,,,,,,,,,,,,,,,,,,,,,,,,,,,,,,,,,,,,,,,,,,,,,
173711,16-Apr-18,3:57:46,2018-04-16 03:57:46,G,1,4,2099,1032,0,4,-62.4337,-60.6027,22:08.4,FastGPS,-62.3812,-60.7045,,,0.6,1.4,,,,15,24,21877,,,,15,13756,,,,13,16016,,,,18,9870,,,,,,,,,,,,,,,,,,,,,,,,,,,,,,,,,,,,,,,,,,,,,,,,,,,,,,,,,,
173711,16-Apr-18,6:02:09,2018-04-16 06:02:09,G,1,4,2103,1032,0,5,-62.4093,-60.6778,02:14.4,FastGPS,-62.4093,-60.6778,,,4.2,1.4,,,,15,32,27257,,,,25,10814,,,,24,15203,,,,12,5566,,,,22,27144,,,,,,,,,,,,,,,,,,,,,,,,,,,,,,,,,,,,,,,,,,,,,,,,,,,,,
173711,16-Apr-18,7:05:45,2018-04-16 07:05:45,G,3,4,2105,1032,0,6,-62.4472,-60.7283,05:49.9,FastGPS,-62.4472,-60.7283,,,5.7,0.9,,,,15,32,1990,,,,24,5752,,,,14,4916,,,,25,18312,,,,12,22764,,,,2,15044,,,,,,,,,,,,,,,,,,,,,,,,,,,,,,,,,,,,,,,,,,,,,,,,
173711,16-Apr-18,8:39:33,2018-04-16 08:39:33,G,1,4,2108,1032,0,6,-62.4616,-60.8198,39:37.0,FastGPS,-62.4616,-60.8198,,,9.8,0,,,,15,29,28404,,,,31,2081,,,,14,13622,,,,6,6416,,,,12,29774,,,,23,3280,,,,,,,,,,,,,,,,,,,,,,,,,,,,,,,,,,,,,,,,,,,,,,,,
173711,16-Apr-18,10:13:06,2018-04-16 10:13:06,G,2,4,2110,1034,0,6,-62.4917,-60.8322,13:10.4,FastGPS,-62.4917,-60.8322,,1,5,0.5,,,,15,25,26500,,,,4,5089,,,,5,21875,,,,26,24745,,,,31,9252,,,,21,3667,,,,,,,,,,,,,,,,,,,,,,,,,,,,,,,,,,,,,,,,,,,,,,,,
173711,16-Apr-18,10:46:36,2018-04-16 10:46:36,G,3,4,2111,1034,0,8,-62.493,-60.8395,46:40.9,FastGPS,-62.493,-60.8395,,1,8.5,0.9,,,,15,25,32190,,,,4,688,,,,21,20406,,,,26,20774,,,,20,26325,,,,31,628,,,,29,9160,,,,16,9789,,,,,,,,,,,,,,,,,,,,,,,,,,,,,,,,,,,,,,
173711,16-Apr-18,13:43:02,2018-04-16 13:43:02,G,1,4,2114,1039,0,6,-62.4935,-60.8394,43:06.4,FastGPS,-62.4935,-60.8394,,,13.4,0.4,,,,15,16,461,,,,21,32502,,,,10,3402,,,,27,19806,,,,15,1812,,,,8,24025,,,,,,,,,,,,,,,,,,,,,,,,,,,,,,,,,,,,,,,,,,,,,,,,
173711,16-Apr-18,14:30:32,2018-04-16 14:30:32,G,1,4,2115,1040,0,7,-62.4853,-60.8226,30:37.0,FastGPS,-62.4853,-60.8226,,,8.4,1,,,,15,21,6044,,,,20,1944,,,,10,1270,,,,27,2768,,,,15,18126,,,,18,30006,,,,8,28232,,,,,,,,,,,,,,,,,,,,,,,,,,,,,,,,,,,,,,,,,,,
173711,17-Apr-18,3:00:04,2018-04-17 03:00:04,G,1,4,2118,1041,0,7,-62.4708,-60.8254,00:08.5,FastGPS,-62.4708,-60.8254,,,13.2,0.5,,,,15,30,2056,,,,11,30382,,,,28,21727,,,,13,13764,,,,18,29299,,,,15,4423,,,,8,15172,,,,,,,,,,,,,,,,,,,,,,,,,,,,,,,,,,,,,,,,,,,
173711,17-Apr-18,3:35:14,2018-04-17 03:35:14,G,1,4,2119,1041,0,6,-62.4784,-60.8648,35:18.5,FastGPS,-62.4784,-60.8648,,,6.1,0.5,,,,15,10,31129,,,,15,29626,,,,13,10374,,,,24,19725,,,,20,23257,,,,11,31538,,,,,,,,,,,,,,,,,,,,,,,,,,,,,,,,,,,,,,,,,,,,,,,,
173711,17-Apr-18,4:18:01,2018-04-17 04:18:01,G,1,4,2120,1041,0,6,-62.5046,-60.8934,18:05.0,FastGPS,-62.5046,-60.8934,,,9.8,0,,,,15,13,15992,,,,10,11472,,,,15,410,,,,24,2580,,,,19,21510,,,,17,5427,,,,,,,,,,,,,,,,,,,,,,,,,,,,,,,,,,,,,,,,,,,,,,,,
173711,17-Apr-18,6:08:48,2018-04-17 06:08:48,G,3,4,2121,1041,0,5,-62.5165,-61.0576,08:52.0,FastGPS,-62.5165,-61.0576,,,1.9,0,,,,15,17,30394,,,,6,12633,,,,19,2358,,,,24,31492,,,,32,8258,,,,,,,,,,,,,,,,,,,,,,,,,,,,,,,,,,,,,,,,,,,,,,,,,,,,,
173711,17-Apr-18,8:43:05,2018-04-17 08:43:05,G,1,4,2123,1042,0,6,-62.5334,-60.9373,43:09.0,FastGPS,-62.5334,-60.9373,,1,3.1,0,,,,15,25,196,,,,31,7318,,,,29,10793,,,,2,9092,,,,12,28590,,,,4,28161,,,,,,,,,,,,,,,,,,,,,,,,,,,,,,,,,,,,,,,,,,,,,,,,
173711,17-Apr-18,9:35:12,2018-04-17 09:35:12,G,1,4,2124,1043,0,8,-62.5375,-60.9149,35:16.5,FastGPS,-62.5375,-60.9149,,1,5.8,0.5,,,,15,23,5507,,,,4,4357,,,,29,19153,,,,5,2773,,,,31,12466,,,,25,27241,,,,2,18889,,,,26,28682,,,,,,,,,,,,,,,,,,,,,,,,,,,,,,,,,,,,,,
173711,17-Apr-18,10:15:17,2018-04-17 10:15:17,G,2,4,2125,1043,0,5,-62.5377,-60.8923,15:21.5,FastGPS,-62.5377,-60.8923,,,12.3,0.5,,,,15,29,13487,,,,25,18170,,,,5,13886,,,,26,27152,,,,21,19420,,,,,,,,,,,,,,,,,,,,,,,,,,,,,,,,,,,,,,,,,,,,,,,,,,,,,
173711,17-Apr-18,10:46:27,2018-04-17 10:46:27,G,1,4,2126,1043,0,5,-62.5384,-60.8742,46:32.0,FastGPS,-62.5384,-60.8742,,,2.8,1,,,,15,5,21684,,,,20,1328,,,,29,29052,,,,21,32474,,,,25,8213,,,,,,,,,,,,,,,,,,,,,,,,,,,,,,,,,,,,,,,,,,,,,,,,,,,,,
173711,17-Apr-18,14:35:00,2018-04-17 14:35:00,G,1,4,2132,1046,1,4,-62.5053,-60.8357,17:44.0,FastGPS,-62.4731,-60.7958,,,3.2,0,,,,15,32,20394,,,,10,14767,,,,16,30564,,,,21,376,,,,,,,,,,,,,,,,,,,,,,,,,,,,,,,,,,,,,,,,,,,,,,,,,,,,,,,,,,
173711,17-Apr-18,17:20:00,2018-04-17 17:20:00,G,1,4,2136,1049,1,4,-62.5053,-60.8357,17:44.0,FastGPS,-62.473,-60.7959,,,3.6,1,,,,15,8,27917,,,,31,2612,,,,10,7130,,,,3,6676,,,,,,,,,,,,,,,,,,,,,,,,,,,,,,,,,,,,,,,,,,,,,,,,,,,,,,,,,,
173711,17-Apr-18,18:20:00,2018-04-17 18:20:00,G,1,4,2137,1051,1,4,-62.5053,-60.8357,17:44.0,FastGPS,-62.4725,-60.7954,,,2,1,,,,15,31,1171,,,,32,18038,,,,11,10614,,,,23,5240,,,,,,,,,,,,,,,,,,,,,,,,,,,,,,,,,,,,,,,,,,,,,,,,,,,,,,,,,,
173711,17-Apr-18,22:13:08,2018-04-17 22:13:08,G,2,4,2139,,0,9,-62.4727,-60.7989,13:12.0,FastGPS,-62.4727,-60.7989,,1,9,0,,,,15,23,6465,,,,7,10005,,,,30,28750,,,,16,7925,,,,9,29757,,,,6,10914,,,,5,20916,,,,2,25223,,,,4,826,,,,,,,,,,,,,,,,,,,,,,,,,,,,,,,,,
173711,17-Apr-18,22:59:00,2018-04-17 22:59:00,G,1,4,2140,1052,0,7,-62.4963,-60.8417,59:04.1,FastGPS,-62.4963,-60.8417,,1,5.9,0.1,,,,15,30,10442,,,,9,30227,,,,23,20856,,,,4,27040,,,,7,3450,,,,5,4897,,,,29,31118,,,,,,,,,,,,,,,,,,,,,,,,,,,,,,,,,,,,,,,,,,,
173711,18-Apr-18,0:46:00,2018-04-18 00:46:00,G,1,4,2143,,0,9,-62.5443,-60.992,46:05.0,FastGPS,-62.5443,-60.992,,,8,1,,,,15,5,18415,,,,7,31430,,,,30,10654,,,,9,2071,,,,8,3014,,,,28,6374,,,,13,25667,,,,27,4752,,,,15,22565,,,,,,,,,,,,,,,,,,,,,,,,,,,,,,,,,
173711,18-Apr-18,1:49:00,2018-04-18 01:49:00,G,1,4,2145,1053,0,5,-62.5204,-61.0539,49:05.0,FastGPS,-62.5204,-61.0539,,,4,1,,,,15,5,15611,,,,15,5583,,,,20,6215,,,,13,16567,,,,28,22190,,,,,,,,,,,,,,,,,,,,,,,,,,,,,,,,,,,,,,,,,,,,,,,,,,,,,
173711,18-Apr-18,2:19:47,2018-04-18 02:19:47,G,2,4,2146,1053,0,5,-62.5121,-61.0775,19:52.0,FastGPS,-62.5121,-61.0775,,,1.6,1,,,,15,30,18726,,,,7,29198,,,,5,22484,,,,28,29564,,,,8,24900,,,,,,,,,,,,,,,,,,,,,,,,,,,,,,,,,,,,,,,,,,,,,,,,,,,,,
173711,18-Apr-18,3:51:08,2018-04-18 03:51:08,G,3,4,2149,1053,0,6,-62.4489,-61.1379,51:13.0,FastGPS,-62.4489,-61.1379,,,13.9,1,,,,15,17,20678,,,,19,21084,,,,28,25883,,,,15,32371,,,,12,792,,,,13,29589,,,,,,,,,,,,,,,,,,,,,,,,,,,,,,,,,,,,,,,,,,,,,,,,
173711,18-Apr-18,4:57:20,2018-04-18 04:57:20,G,1,4,2151,1053,0,6,-62.4308,-61.1559,57:25.5,FastGPS,-62.4308,-61.1559,,1,8.4,1.5,,,,15,17,13166,,,,19,19668,,,,1,10342,,,,15,6851,,,,12,18896,,,,13,25268,,,,,,,,,,,,,,,,,,,,,,,,,,,,,,,,,,,,,,,,,,,,,,,,
173711,18-Apr-18,5:35:13,2018-04-18 05:35:13,G,1,4,2152,1053,0,6,-62.4506,-61.1262,35:18.0,FastGPS,-62.4506,-61.1262,,,7.3,1,,,,15,12,31632,,,,1,17065,,,,22,10754,,,,32,6338,,,,24,8962,,,,17,22262,,,,,,,,,,,,,,,,,,,,,,,,,,,,,,,,,,,,,,,,,,,,,,,,
173711,18-Apr-18,6:06:58,2018-04-18 06:06:58,G,1,4,2153,1053,0,5,-62.4684,-61.1022,07:03.0,FastGPS,-62.4684,-61.1022,,,7.4,1,,,,15,17,21135,,,,32,7770,,,,12,1880,,,,14,19304,,,,19,29778,,,,,,,,,,,,,,,,,,,,,,,,,,,,,,,,,,,,,,,,,,,,,,,,,,,,,
173711,18-Apr-18,6:54:57,2018-04-18 06:54:57,G,2,4,2154,1053,0,6,-62.4881,-61.0724,55:02.5,FastGPS,-62.4881,-61.0724,,,1.4,1.5,,,,15,12,17472,,,,24,10312,,,,32,3883,,,,25,6664,,,,14,276,,,,17,7967,,,,,,,,,,,,,,,,,,,,,,,,,,,,,,,,,,,,,,,,,,,,,,,,
173711,18-Apr-18,7:28:59,2018-04-18 07:28:59,G,1,4,2155,1053,0,8,-62.5054,-61.0653,29:04.5,FastGPS,-62.5054,-61.0653,,,16.4,1.5,,,,15,31,27576,,,,14,3061,,,,19,26678,,,,32,31110,,,,25,18808,,,,6,957,,,,12,19104,,,,2,2600,,,,,,,,,,,,,,,,,,,,,,,,,,,,,,,,,,,,,,
173711,18-Apr-18,7:59:26,2018-04-18 07:59:26,G,1,4,2156,1053,0,7,-62.5175,-61.035,59:31.0,FastGPS,-62.5175,-61.035,,,10.2,1,,,,15,29,1702,,,,31,11011,,,,32,22869,,,,14,10605,,,,25,11423,,,,12,5796,,,,6,22668,,,,,,,,,,,,,,,,,,,,,,,,,,,,,,,,,,,,,,,,,,,
173711,18-Apr-18,10:45:44,2018-04-18 10:45:44,G,1,4,2159,1053,0,4,-62.5053,-60.8357,17:44.0,FastGPS,-62.5237,-60.8643,,,46.3,1.1,,,,15,5,20600,,,,29,22571,,,,25,25601,,,,20,12766,,,,,,,,,,,,,,,,,,,,,,,,,,,,,,,,,,,,,,,,,,,,,,,,,,,,,,,,,,
173711,18-Apr-18,11:17:39,2018-04-18 11:17:39,G,1,4,2160,1053,0,4,-62.4873,-60.8363,35:10.0,FastGPS,-62.5053,-60.8357,,,1,1,,,,15,5,31961,,,,29,22496,,,,20,28369,,,,25,20518,,,,,,,,,,,,,,,,,,,,,,,,,,,,,,,,,,,,,,,,,,,,,,,,,,,,,,,,,,
173711,18-Apr-18,11:47:49,2018-04-18 11:47:49,G,2,4,2161,1053,0,6,-62.4963,-60.8379,47:54.0,FastGPS,-62.4963,-60.8379,,,8.7,1,,,,15,29,786,,,,21,21322,,,,20,11308,,,,26,17752,,,,27,28106,,,,5,5612,,,,,,,,,,,,,,,,,,,,,,,,,,,,,,,,,,,,,,,,,,,,,,,,
173711,18-Apr-18,12:20:21,2018-04-18 12:20:21,G,1,4,2162,,0,9,-62.4883,-60.8357,20:26.0,FastGPS,-62.4883,-60.8357,,,17.2,1,,,,15,29,616,,,,7,7568,,,,27,2522,,,,16,7418,,,,15,28800,,,,13,17229,,,,5,23593,,,,21,24157,,,,20,12742,,,,,,,,,,,,,,,,,,,,,,,,,,,,,,,,,
173711,18-Apr-18,13:05:06,2018-04-18 13:05:06,G,2,4,2163,1054,0,8,-62.4877,-60.8324,05:11.0,FastGPS,-62.4877,-60.8324,,1,14.4,1,,,,15,15,16848,,,,20,16846,,,,10,3094,,,,13,10775,,,,21,6775,,,,26,29563,,,,16,12691,,,,4,27042,,,,,,,,,,,,,,,,,,,,,,,,,,,,,,,,,,,,,,
173711,18-Apr-18,13:35:05,2018-04-18 13:35:05,G,2,4,2164,1054,0,6,-62.4873,-60.8363,35:10.0,FastGPS,-62.4873,-60.8363,,,4,1,,,,15,8,6544,,,,13,22702,,,,15,15397,,,,27,724,,,,7,27428,,,,30,24136,,,,,,,,,,,,,,,,,,,,,,,,,,,,,,,,,,,,,,,,,,,,,,,,
173711,18-Apr-18,14:06:02,2018-04-18 14:06:02,G,2,4,2165,1054,0,7,-62.4875,-60.8235,06:07.5,FastGPS,-62.4875,-60.8235,,,4.1,1.5,,,,15,10,25840,,,,21,5248,,,,27,1970,,,,15,27872,,,,20,24689,,,,16,1384,,,,8,4771,,,,,,,,,,,,,,,,,,,,,,,,,,,,,,,,,,,,,,,,,,,
173711,18-Apr-18,14:36:47,2018-04-18 14:36:47,G,3,4,2166,,0,9,-62.4825,-60.833,36:51.5,FastGPS,-62.4825,-60.833,,,15.3,0.5,,,,15,15,20096,,,,10,14303,,,,13,20437,,,,21,30998,,,,20,17927,,,,8,24486,,,,28,27413,,,,27,12572,,,,32,9858,,,,,,,,,,,,,,,,,,,,,,,,,,,,,,,,,
173711,18-Apr-18,15:37:00,2018-04-18 15:37:00,G,1,4,2168,1054,1,4,-62.5053,-60.8357,17:44.0,FastGPS,-62.4731,-60.7961,,,3.5,1.5,,,,15,32,29530,,,,24,21163,,,,14,8814,,,,27,23518,,,,,,,,,,,,,,,,,,,,,,,,,,,,,,,,,,,,,,,,,,,,,,,,,,,,,,,,,,
173711,18-Apr-18,16:07:00,2018-04-18 16:07:00,G,1,4,2169,1054,1,4,-62.5053,-60.8357,17:44.0,FastGPS,-62.4729,-60.7951,,,1.6,0,,,,15,10,17773,,,,14,12346,,,,32,7226,,,,24,16529,,,,,,,,,,,,,,,,,,,,,,,,,,,,,,,,,,,,,,,,,,,,,,,,,,,,,,,,,,
173711,18-Apr-18,16:37:00,2018-04-18 16:37:00,G,3,4,2170,1054,1,4,-62.5053,-60.8357,17:44.0,FastGPS,-62.4729,-60.797,,,0.1,1,,,,15,10,29289,,,,32,32675,,,,24,26857,,,,14,15892,,,,,,,,,,,,,,,,,,,,,,,,,,,,,,,,,,,,,,,,,,,,,,,,,,,,,,,,,,
173711,18-Apr-18,17:07:00,2018-04-18 17:07:00,G,1,4,2171,1054,1,4,-62.4729,-60.797,37:05.0,FastGPS,-62.4724,-60.7979,,,0.7,-0.1,,,,15,32,288,,,,10,10248,,,,24,16658,,,,14,3890,,,,,,,,,,,,,,,,,,,,,,,,,,,,,,,,,,,,,,,,,,,,,,,,,,,,,,,,,,
173711,18-Apr-18,17:52:00,2018-04-18 17:52:00,G,1,4,2172,1055,1,4,-62.4729,-60.797,37:05.0,FastGPS,-62.4733,-60.7944,,,0.1,0,,,,15,32,10984,,,,31,24286,,,,14,6858,,,,12,7140,,,,,,,,,,,,,,,,,,,,,,,,,,,,,,,,,,,,,,,,,,,,,,,,,,,,,,,,,,
173711,18-Apr-18,21:07:00,2018-04-18 21:07:00,G,1,4,2173,1066,1,7,-62.4731,-60.7947,07:05.0,FastGPS,-62.4731,-60.7947,,1,4,1,,,,15,31,7916,,,,26,29466,,,,29,28668,,,,4,16700,,,,16,6618,,,,22,18418,,,,3,13352,,,,,,,,,,,,,,,,,,,,,,,,,,,,,,,,,,,,,,,,,,,
173711,18-Apr-18,22:47:30,2018-04-18 22:47:30,G,1,4,2174,1066,0,8,-62.4737,-60.7978,47:35.5,FastGPS,-62.4737,-60.7978,,1,14.6,1.5,,,,15,7,19784,,,,5,15076,,,,29,18736,,,,2,1688,,,,23,23404,,,,9,11804,,,,30,14542,,,,4,24294,,,,,,,,,,,,,,,,,,,,,,,,,,,,,,,,,,,,,,
173711,19-Apr-18,0:02:00,2018-04-19 00:02:00,G,1,4,2176,1067,0,5,-62.4924,-60.9261,02:04.5,FastGPS,-62.4924,-60.9261,,,1.3,0.5,,,,15,5,28058,,,,7,18040,,,,9,26223,,,,30,16000,,,,13,16629,,,,,,,,,,,,,,,,,,,,,,,,,,,,,,,,,,,,,,,,,,,,,,,,,,,,,
173711,19-Apr-18,0:32:29,2018-04-19 00:32:29,G,3,4,2177,1067,0,6,-62.5203,-60.9868,32:34.5,FastGPS,-62.5203,-60.9868,,,5.7,1.5,,,,15,13,12936,,,,5,20834,,,,7,9812,,,,28,13356,,,,30,28124,,,,21,9065,,,,,,,,,,,,,,,,,,,,,,,,,,,,,,,,,,,,,,,,,,,,,,,,
173711,19-Apr-18,1:02:05,2018-04-19 01:02:05,G,2,4,2178,1067,0,6,-62.544,-61.0418,02:10.0,FastGPS,-62.544,-61.0418,,,14.1,1,,,,15,13,8503,,,,5,22583,,,,28,18494,,,,21,4397,,,,30,21040,,,,7,19820,,,,,,,,,,,,,,,,,,,,,,,,,,,,,,,,,,,,,,,,,,,,,,,,
173711,19-Apr-18,1:32:05,2018-04-19 01:32:05,G,2,4,2179,1067,0,5,-62.54,-61.0792,32:10.5,FastGPS,-62.54,-61.0792,,,6.3,1.5,,,,15,5,28476,,,,7,10826,,,,8,6888,,,,28,10436,,,,30,19355,,,,,,,,,,,,,,,,,,,,,,,,,,,,,,,,,,,,,,,,,,,,,,,,,,,,,
173711,19-Apr-18,2:32:32,2018-04-19 02:32:32,G,2,4,2181,1067,0,7,-62.5466,-61.0191,32:36.5,FastGPS,-62.5466,-61.0191,,,13.4,0.5,,,,15,15,27557,,,,7,21734,,,,8,27914,,,,30,37,,,,17,31113,,,,11,18708,,,,28,15844,,,,,,,,,,,,,,,,,,,,,,,,,,,,,,,,,,,,,,,,,,,
173711,19-Apr-18,4:03:06,2018-04-19 04:03:06,G,1,4,2184,1067,0,8,-62.5487,-61.0363,03:10.0,FastGPS,-62.5487,-61.0363,,,8.5,0,,,,15,17,13351,,,,28,5380,,,,15,9625,,,,13,4855,,,,19,23054,,,,1,13172,,,,11,29410,,,,18,194,,,,,,,,,,,,,,,,,,,,,,,,,,,,,,,,,,,,,,
173711,19-Apr-18,4:33:51,2018-04-19 04:33:51,G,1,4,2185,1067,0,5,-62.5324,-61.0477,33:56.5,FastGPS,-62.5324,-61.0477,,,2,1.5,,,,15,15,31684,,,,12,26124,,,,17,20729,,,,19,30458,,,,13,7394,,,,,,,,,,,,,,,,,,,,,,,,,,,,,,,,,,,,,,,,,,,,,,,,,,,,,
173711,19-Apr-18,5:22:30,2018-04-19 05:22:30,G,1,4,2186,1068,0,6,-62.5338,-61.0146,22:34.6,FastGPS,-62.5338,-61.0146,,,6,0.6,,,,15,17,6266,,,,19,32556,,,,15,26712,,,,1,8436,,,,32,19952,,,,22,28427,,,,,,,,,,,,,,,,,,,,,,,,,,,,,,,,,,,,,,,,,,,,,,,,
173711,19-Apr-18,6:25:07,2018-04-19 06:25:07,G,2,4,,,,3,,,,,,,,,,,,,,15,32,30023,,,,25,9941,,,,8,0,,,,,,,,,,,,,,,,,,,,,,,,,,,,,,,,,,,,,,,,,,,,,,,,,,,,,,,,,,,,,,,
173711,19-Apr-18,7:11:02,2018-04-19 07:11:02,G,3,4,2188,,0,9,-62.5621,-60.9386,11:06.5,FastGPS,-62.5621,-60.9386,,,4.2,0.5,,,,15,25,27538,,,,12,8530,,,,32,16997,,,,14,26758,,,,24,19806,,,,29,11452,,,,31,13209,,,,2,3037,,,,6,18870,,,,,,,,,,,,,,,,,,,,,,,,,,,,,,,,,
173711,19-Apr-18,7:42:15,2018-04-19 07:42:15,G,2,4,2189,1071,0,7,-62.5615,-60.9124,42:19.5,FastGPS,-62.5615,-60.9124,,,15.5,0.5,,,,15,31,26350,,,,6,10506,,,,2,9165,,,,25,18458,,,,19,19448,,,,12,25366,,,,14,3266,,,,,,,,,,,,,,,,,,,,,,,,,,,,,,,,,,,,,,,,,,,
173711,19-Apr-18,8:27:02,2018-04-19 08:27:02,G,2,4,2190,1072,0,6,-62.5557,-60.8686,27:06.1,FastGPS,-62.5557,-60.8686,,1,9.4,0.1,,,,15,12,3047,,,,2,30370,,,,31,8988,,,,29,690,,,,25,15766,,,,4,8429,,,,,,,,,,,,,,,,,,,,,,,,,,,,,,,,,,,,,,,,,,,,,,,,
173711,19-Apr-18,9:59:15,2018-04-19 09:59:15,G,1,4,2193,1072,0,6,-62.533,-60.8534,59:19.5,FastGPS,-62.533,-60.8534,,,4.4,0.5,,,,15,2,19042,,,,5,14326,,,,25,26678,,,,29,29645,,,,9,8482,,,,31,8748,,,,,,,,,,,,,,,,,,,,,,,,,,,,,,,,,,,,,,,,,,,,,,,,
173711,19-Apr-18,10:46:43,2018-04-19 10:46:43,G,2,4,2194,1073,0,7,-62.5198,-60.8367,46:47.5,FastGPS,-62.5198,-60.8367,,1,3.3,0.5,,,,15,5,3502,,,,29,30250,,,,31,26300,,,,21,22265,,,,4,18298,,,,20,16950,,,,26,18900,,,,,,,,,,,,,,,,,,,,,,,,,,,,,,,,,,,,,,,,,,,
173711,19-Apr-18,11:19:36,2018-04-19 11:19:36,G,1,4,2195,1073,0,4,-62.5627,-60.9204,27:28.6,FastGPS,-62.511,-60.8385,,,0.2,0.5,,,,15,5,25425,,,,29,9386,,,,20,20468,,,,16,17060,,,,,,,,,,,,,,,,,,,,,,,,,,,,,,,,,,,,,,,,,,,,,,,,,,,,,,,,,,
173711,19-Apr-18,14:09:00,2018-04-19 14:09:00,G,2,4,2199,1076,0,5,-62.4727,-60.8009,09:05.5,FastGPS,-62.4727,-60.8009,,,1.4,1.5,,,,15,8,16743,,,,27,22599,,,,10,31114,,,,13,15946,,,,30,12756,,,,,,,,,,,,,,,,,,,,,,,,,,,,,,,,,,,,,,,,,,,,,,,,,,,,,
173711,19-Apr-18,15:10:57,2018-04-19 15:10:57,G,1,4,2201,,0,9,-62.4828,-60.8003,11:02.0,FastGPS,-62.4828,-60.8003,,,6.8,1,,,,15,18,13034,,,,27,32344,,,,11,8320,,,,32,4845,,,,14,20039,,,,10,28604,,,,1,29146,,,,8,14044,,,,28,30218,,,,,,,,,,,,,,,,,,,,,,,,,,,,,,,,,
173711,19-Apr-18,15:42:15,2018-04-19 15:42:15,G,1,4,2202,1076,0,5,-62.4761,-60.8094,42:20.0,FastGPS,-62.4761,-60.8094,,,4.9,1,,,,15,10,29213,,,,32,7803,,,,27,30884,,,,14,2726,,,,24,17546,,,,,,,,,,,,,,,,,,,,,,,,,,,,,,,,,,,,,,,,,,,,,,,,,,,,,
173711,19-Apr-18,16:27:01,2018-04-19 16:27:01,G,1,4,2203,1077,0,7,-62.4729,-60.7999,27:05.1,FastGPS,-62.4729,-60.7999,,,5,0.1,,,,15,18,3126,,,,11,9177,,,,32,25780,,,,1,10864,,,,14,25448,,,,28,26024,,,,22,26148,,,,,,,,,,,,,,,,,,,,,,,,,,,,,,,,,,,,,,,,,,,
173711,19-Apr-18,17:13:55,2018-04-19 17:13:55,G,2,4,2204,1078,0,7,-62.4805,-60.8233,13:59.1,FastGPS,-62.4805,-60.8233,,,5.9,0.1,,,,15,32,12748,,,,3,4554,,,,14,15356,,,,1,19058,,,,11,21530,,,,18,8236,,,,8,7364,,,,,,,,,,,,,,,,,,,,,,,,,,,,,,,,,,,,,,,,,,,
173711,19-Apr-18,17:44:00,2018-04-19 17:44:00,G,1,4,2205,1078,0,4,-62.5627,-60.9204,27:28.6,FastGPS,-62.4881,-60.834,,,0.3,1.6,,,,15,11,2808,,,,1,27074,,,,22,9028,,,,18,17128,,,,,,,,,,,,,,,,,,,,,,,,,,,,,,,,,,,,,,,,,,,,,,,,,,,,,,,,,,
173711,19-Apr-18,18:17:42,2018-04-19 18:17:42,G,1,4,2206,1078,0,8,-62.5001,-60.8499,17:47.1,FastGPS,-62.5001,-60.8499,,,15,1.1,,,,15,17,26492,,,,11,4728,,,,23,15016,,,,19,19432,,,,3,18968,,,,1,19077,,,,32,7538,,,,14,2496,,,,,,,,,,,,,,,,,,,,,,,,,,,,,,,,,,,,,,
173711,19-Apr-18,18:48:00,2018-04-19 18:48:00,G,1,4,2207,,0,9,-62.5083,-60.8476,48:05.5,FastGPS,-62.5083,-60.8476,,,10.1,1.5,,,,15,17,31152,,,,23,22470,,,,11,26232,,,,19,24246,,,,1,8652,,,,18,25398,,,,3,30501,,,,14,14516,,,,32,6705,,,,,,,,,,,,,,,,,,,,,,,,,,,,,,,,,
173711,19-Apr-18,19:34:02,2018-04-19 19:34:02,G,3,4,2208,1079,0,8,-62.5117,-60.8399,34:07.1,FastGPS,-62.5117,-60.8399,,,11.1,1.1,,,,15,31,29406,,,,23,30717,,,,22,22515,,,,17,4330,,,,3,2214,,,,19,2717,,,,1,32248,,,,14,28767,,,,,,,,,,,,,,,,,,,,,,,,,,,,,,,,,,,,,,
173711,19-Apr-18,21:10:48,2018-04-19 21:10:48,G,1,4,2210,1081,0,5,-62.5268,-60.8715,10:53.1,FastGPS,-62.5268,-60.8715,,,5.1,1.1,,,,15,3,9821,,,,2,21944,,,,6,23992,,,,9,26692,,,,23,12317,,,,,,,,,,,,,,,,,,,,,,,,,,,,,,,,,,,,,,,,,,,,,,,,,,,,,
173711,19-Apr-18,22:57:00,2018-04-19 22:57:00,G,1,4,2213,1082,0,6,-62.5544,-60.9052,57:05.1,FastGPS,-62.5544,-60.9052,,,7.3,1.1,,,,15,5,12329,,,,2,3403,,,,7,4610,,,,30,21841,,,,6,4570,,,,9,5941,,,,,,,,,,,,,,,,,,,,,,,,,,,,,,,,,,,,,,,,,,,,,,,,
173711,19-Apr-18,23:27:23,2018-04-19 23:27:23,G,2,4,2214,1082,0,4,-62.6113,-61.0377,34:05.5,FastGPS,-62.5627,-60.9204,,,0.2,1.6,,,,15,5,22154,,,,30,31769,,,,7,15385,,,,9,28518,,,,,,,,,,,,,,,,,,,,,,,,,,,,,,,,,,,,,,,,,,,,,,,,,,,,,,,,,,
173711,20-Apr-18,0:59:07,2018-04-20 00:59:07,G,1,4,2215,1086,0,7,-62.5814,-60.9214,59:12.1,FastGPS,-62.5814,-60.9214,,,7.2,1.1,,,,15,5,23808,,,,20,9409,,,,30,25198,,,,15,1948,,,,21,8462,,,,13,16357,,,,28,28004,,,,,,,,,,,,,,,,,,,,,,,,,,,,,,,,,,,,,,,,,,,
173711,20-Apr-18,2:34:32,2018-04-20 02:34:32,G,2,4,2218,1086,0,6,-62.6051,-60.9763,34:37.1,FastGPS,-62.6051,-60.9763,,,7.2,1.1,,,,15,15,32632,,,,20,11138,,,,17,22641,,,,30,3912,,,,28,9854,,,,13,11736,,,,,,,,,,,,,,,,,,,,,,,,,,,,,,,,,,,,,,,,,,,,,,,,
173711,20-Apr-18,3:34:05,2018-04-20 03:34:05,G,2,4,2220,1086,0,6,-62.6091,-61.0012,34:10.5,FastGPS,-62.6091,-61.0012,,,8,1.5,,,,15,15,24562,,,,24,32736,,,,13,9384,,,,28,6131,,,,17,2712,,,,10,15085,,,,,,,,,,,,,,,,,,,,,,,,,,,,,,,,,,,,,,,,,,,,,,,,
173711,20-Apr-18,4:04:01,2018-04-20 04:04:01,G,1,4,2221,1086,0,6,-62.608,-61.0161,04:06.0,FastGPS,-62.608,-61.0161,,,8.4,1,,,,15,17,15298,,,,15,19013,,,,19,28633,,,,13,4164,,,,12,24458,,,,28,6172,,,,,,,,,,,,,,,,,,,,,,,,,,,,,,,,,,,,,,,,,,,,,,,,
173711,20-Apr-18,4:34:00,2018-04-20 04:34:00,G,1,4,2222,1086,0,6,-62.6113,-61.0377,34:05.5,FastGPS,-62.6113,-61.0377,,,1.8,1.5,,,,15,12,31880,,,,17,13620,,,,15,4872,,,,19,28788,,,,13,7290,,,,24,29120,,,,,,,,,,,,,,,,,,,,,,,,,,,,,,,,,,,,,,,,,,,,,,,,
173711,20-Apr-18,5:04:29,2018-04-20 05:04:29,G,3,4,2223,1086,0,7,-62.6079,-61.0603,04:34.1,FastGPS,-62.6079,-61.0603,,,8.9,1.1,,,,15,12,9066,,,,17,7465,,,,15,7002,,,,24,25352,,,,6,31412,,,,19,7256,,,,28,9490,,,,,,,,,,,,,,,,,,,,,,,,,,,,,,,,,,,,,,,,,,,
173711,20-Apr-18,5:36:20,2018-04-20 05:36:20,G,3,4,2224,1086,0,8,-62.6045,-61.0539,36:25.0,FastGPS,-62.6045,-61.0539,,,7,1,,,,15,17,29940,,,,1,20518,,,,22,23739,,,,32,21558,,,,6,10981,,,,12,20951,,,,19,26477,,,,14,16836,,,,,,,,,,,,,,,,,,,,,,,,,,,,,,,,,,,,,,
173711,20-Apr-18,6:06:00,2018-04-20 06:06:00,G,1,4,2225,1086,0,7,-62.6052,-61.0388,06:05.0,FastGPS,-62.6052,-61.0388,,,22.6,1,,,,15,17,6476,,,,32,22796,,,,14,18644,,,,6,18382,,,,22,15448,,,,19,29815,,,,3,29500,,,,,,,,,,,,,,,,,,,,,,,,,,,,,,,,,,,,,,,,,,,
173711,20-Apr-18,6:38:14,2018-04-20 06:38:14,G,1,4,2226,1086,0,8,-62.6095,-61.0229,38:19.5,FastGPS,-62.6095,-61.0229,,,5.7,1.5,,,,15,32,6655,,,,17,4327,,,,14,15721,,,,19,21001,,,,6,26687,,,,25,32472,,,,12,2598,,,,22,23668,,,,,,,,,,,,,,,,,,,,,,,,,,,,,,,,,,,,,,
173711,20-Apr-18,7:08:00,2018-04-20 07:08:00,G,1,4,2227,,0,9,-62.6119,-61.0065,08:04.1,FastGPS,-62.6119,-61.0065,,,5.2,0.1,,,,15,31,29147,,,,14,4589,,,,19,1272,,,,3,7089,,,,6,29163,,,,32,25148,,,,25,8530,,,,12,18402,,,,2,16567,,,,,,,,,,,,,,,,,,,,,,,,,,,,,,,,,
173711,20-Apr-18,10:40:00,2018-04-20 10:40:00,G,1,4,2232,1090,0,7,-62.6203,-61.0049,40:05.6,FastGPS,-62.6203,-61.0049,,1,7.7,1.6,,,,15,5,16398,,,,26,28042,,,,16,9312,,,,4,29673,,,,29,14258,,,,31,16407,,,,9,27115,,,,,,,,,,,,,,,,,,,,,,,,,,,,,,,,,,,,,,,,,,,
173711,20-Apr-18,11:11:47,2018-04-20 11:11:47,G,1,4,2233,1090,0,5,-62.6119,-61.0065,08:04.1,FastGPS,-62.6287,-61.0016,,1,0.7,0.5,,,,15,21,7880,,,,4,7890,,,,26,6046,,,,20,6572,,,,29,24264,,,,,,,,,,,,,,,,,,,,,,,,,,,,,,,,,,,,,,,,,,,,,,,,,,,,,
173711,20-Apr-18,11:58:00,2018-04-20 11:58:00,G,2,4,2234,1091,0,8,-62.6165,-61.0007,58:04.5,FastGPS,-62.6165,-61.0007,,,8.7,0.5,,,,15,29,25681,,,,16,2575,,,,15,8294,,,,20,18248,,,,5,10854,,,,7,21150,,,,27,10488,,,,21,14690,,,,,,,,,,,,,,,,,,,,,,,,,,,,,,,,,,,,,,
173711,20-Apr-18,12:29:40,2018-04-20 12:29:40,G,2,4,2235,1091,0,8,-62.6144,-60.9955,29:44.1,FastGPS,-62.6144,-60.9955,,1,17.6,0.1,,,,15,20,15259,,,,4,7728,,,,15,6052,,,,26,118,,,,21,6183,,,,10,28500,,,,7,6924,,,,29,7608,,,,,,,,,,,,,,,,,,,,,,,,,,,,,,,,,,,,,,
173711,20-Apr-18,14:04:07,2018-04-20 14:04:07,G,3,4,2237,1093,0,7,-62.6088,-60.9674,04:12.1,FastGPS,-62.6088,-60.9674,,,7.5,1.1,,,,15,15,25922,,,,8,29330,,,,30,29896,,,,20,16196,,,,21,13563,,,,10,9446,,,,27,3491,,,,,,,,,,,,,,,,,,,,,,,,,,,,,,,,,,,,,,,,,,,
173711,20-Apr-18,14:34:00,2018-04-20 14:34:00,G,1,4,2238,1093,0,4,-62.6287,-61.0016,11:51.5,FastGPS,-62.6033,-60.9536,,,1.2,1,,,,15,10,2321,,,,15,26309,,,,27,19861,,,,21,21394,,,,,,,,,,,,,,,,,,,,,,,,,,,,,,,,,,,,,,,,,,,,,,,,,,,,,,,,,,
173711,20-Apr-18,15:04:43,2018-04-20 15:04:43,G,1,4,2239,1093,0,7,-62.6029,-60.9514,04:48.0,FastGPS,-62.6029,-60.9514,,,15.9,1,,,,15,11,16467,,,,8,28508,,,,27,19928,,,,10,11664,,,,18,20906,,,,32,8746,,,,1,2119,,,,,,,,,,,,,,,,,,,,,,,,,,,,,,,,,,,,,,,,,,,
173711,20-Apr-18,15:36:13,2018-04-20 15:36:13,G,1,4,2240,1093,0,8,-62.6025,-60.9507,36:18.1,FastGPS,-62.6025,-60.9507,,,12.3,1.1,,,,15,32,16370,,,,10,16292,,,,27,21008,,,,22,3452,,,,8,26370,,,,11,5690,,,,14,7114,,,,18,6115,,,,,,,,,,,,,,,,,,,,,,,,,,,,,,,,,,,,,,
173711,20-Apr-18,17:24:00,2018-04-20 17:24:00,G,1,4,2243,,0,9,-62.6035,-60.9507,24:05.1,FastGPS,-62.6035,-60.9507,,,13,1.1,,,,15,32,16910,,,,14,26158,,,,18,20990,,,,22,22186,,,,3,22998,,,,31,27470,,,,1,30784,,,,11,4098,,,,10,18798,,,,,,,,,,,,,,,,,,,,,,,,,,,,,,,,,
173711,20-Apr-18,18:10:01,2018-04-20 18:10:01,G,1,4,2244,1095,0,8,-62.6033,-60.9481,10:06.0,FastGPS,-62.6033,-60.9481,,,17.4,1.1,,,,15,23,19690,,,,31,9425,,,,18,12746,,,,17,16882,,,,11,4714,,,,3,866,,,,1,14344,,,,14,32248,,,,,,,,,,,,,,,,,,,,,,,,,,,,,,,,,,,,,,
173711,20-Apr-18,19:11:14,2018-04-20 19:11:14,G,2,4,2245,,0,9,-62.6006,-60.946,11:19.1,FastGPS,-62.6006,-60.946,,,5.3,1.1,,,,15,31,12260,,,,12,2500,,,,19,6381,,,,22,22626,,,,6,21353,,,,17,15628,,,,14,25708,,,,25,7570,,,,18,18629,,,,,,,,,,,,,,,,,,,,,,,,,,,,,,,,,
173711,20-Apr-18,19:41:51,2018-04-20 19:41:51,G,1,4,2246,,0,9,-62.6,-60.9492,41:56.1,FastGPS,-62.6,-60.9492,,1,3.2,1.1,,,,15,31,18723,,,,1,10037,,,,22,14232,,,,23,29960,,,,3,21300,,,,14,7162,,,,4,17298,,,,9,14690,,,,17,23996,,,,,,,,,,,,,,,,,,,,,,,,,,,,,,,,,
173711,20-Apr-18,20:27:17,2018-04-20 20:27:17,G,3,4,2247,1098,0,6,-62.6026,-60.9512,27:22.1,FastGPS,-62.6026,-60.9512,,,11,1.1,,,,15,3,19966,,,,23,31502,,,,31,18919,,,,26,12270,,,,9,5027,,,,19,14708,,,,,,,,,,,,,,,,,,,,,,,,,,,,,,,,,,,,,,,,,,,,,,,,
173711,20-Apr-18,20:59:07,2018-04-20 20:59:07,G,2,4,2248,1098,0,6,-62.6026,-60.9514,59:12.5,FastGPS,-62.6026,-60.9514,,,16.2,1.5,,,,15,23,28748,,,,3,14662,,,,6,7502,,,,2,15516,,,,9,15109,,,,7,12132,,,,,,,,,,,,,,,,,,,,,,,,,,,,,,,,,,,,,,,,,,,,,,,,
173711,20-Apr-18,22:16:32,2018-04-20 22:16:32,G,2,4,2250,1099,0,4,-62.6287,-61.0016,11:51.5,FastGPS,-62.6028,-60.9523,,,1.7,0,,,,15,23,27590,,,,16,7134,,,,7,20732,,,,9,10074,,,,,,,,,,,,,,,,,,,,,,,,,,,,,,,,,,,,,,,,,,,,,,,,,,,,,,,,,,
173711,20-Apr-18,23:17:35,2018-04-20 23:17:35,G,1,4,2252,1099,0,6,-62.6034,-60.9523,17:39.5,FastGPS,-62.6034,-60.9523,,,5.6,0.6,,,,15,5,29755,,,,7,29034,,,,16,12764,,,,9,30645,,,,30,31680,,,,23,10538,,,,,,,,,,,,,,,,,,,,,,,,,,,,,,,,,,,,,,,,,,,,,,,,
173711,21-Apr-18,0:18:01,2018-04-21 00:18:01,G,2,4,2253,1101,0,7,-62.5994,-60.9584,18:06.1,FastGPS,-62.5994,-60.9584,,,9.5,1.1,,,,15,5,7286,,,,9,8606,,,,13,2176,,,,7,2845,,,,27,582,,,,8,22793,,,,30,2888,,,,,,,,,,,,,,,,,,,,,,,,,,,,,,,,,,,,,,,,,,,
173711,21-Apr-18,0:48:55,2018-04-21 00:48:55,G,2,4,2254,1101,0,6,-62.5995,-60.959,49:00.1,FastGPS,-62.5995,-60.959,,,8.1,1.1,,,,15,30,22772,,,,7,2294,,,,8,22178,,,,27,13139,,,,5,812,,,,13,24895,,,,,,,,,,,,,,,,,,,,,,,,,,,,,,,,,,,,,,,,,,,,,,,,
173711,21-Apr-18,1:19:03,2018-04-21 01:19:03,G,2,4,2255,1101,0,7,-62.5931,-60.9498,19:08.1,FastGPS,-62.5931,-60.9498,,,5.3,1.1,,,,15,7,18993,,,,30,16472,,,,5,757,,,,28,13870,,,,8,25636,,,,27,25258,,,,13,211,,,,,,,,,,,,,,,,,,,,,,,,,,,,,,,,,,,,,,,,,,,
173711,21-Apr-18,2:04:40,2018-04-21 02:04:40,G,2,4,2256,1102,0,8,-62.5862,-60.9364,04:45.1,FastGPS,-62.5862,-60.9364,,,16.1,1.1,,,,15,7,25012,,,,15,20225,,,,30,10872,,,,20,9064,,,,8,11916,,,,11,14580,,,,27,21890,,,,13,1128,,,,,,,,,,,,,,,,,,,,,,,,,,,,,,,,,,,,,,
173711,21-Apr-18,2:34:01,2018-04-21 02:34:01,G,2,4,2257,1102,0,6,-62.5866,-60.9315,34:06.6,FastGPS,-62.5866,-60.9315,,,6.4,1.6,,,,15,15,29296,,,,30,14199,,,,11,21705,,,,8,18216,,,,20,29616,,,,10,21368,,,,,,,,,,,,,,,,,,,,,,,,,,,,,,,,,,,,,,,,,,,,,,,,
173711,21-Apr-18,4:52:36,2018-04-21 04:52:36,G,1,4,2261,1103,0,5,-62.5744,-60.8945,52:41.6,FastGPS,-62.5744,-60.8945,,,7.6,1.6,,,,15,17,1358,,,,15,28810,,,,19,20016,,,,1,24617,,,,12,2354,,,,,,,,,,,,,,,,,,,,,,,,,,,,,,,,,,,,,,,,,,,,,,,,,,,,,
173711,21-Apr-18,5:37:00,2018-04-21 05:37:00,G,1,4,2262,1104,0,5,-62.57,-60.8805,37:05.0,FastGPS,-62.57,-60.8805,,,6.7,1,,,,15,17,27122,,,,32,5143,,,,1,14716,,,,19,959,,,,6,6802,,,,,,,,,,,,,,,,,,,,,,,,,,,,,,,,,,,,,,,,,,,,,,,,,,,,,
173711,21-Apr-18,6:08:13,2018-04-21 06:08:13,G,1,4,2263,,0,9,-62.5673,-60.8641,08:18.5,FastGPS,-62.5673,-60.8641,,,7.6,1.5,,,,15,17,31421,,,,6,20550,,,,19,2065,,,,2,4510,,,,22,30049,,,,12,20704,,,,24,22604,,,,3,24010,,,,14,16982,,,,,,,,,,,,,,,,,,,,,,,,,,,,,,,,,
173711,21-Apr-18,7:11:33,2018-04-21 07:11:33,G,4,4,2265,,0,9,-62.5656,-60.8465,11:38.6,FastGPS,-62.5656,-60.8465,,,19.1,1.6,,,,15,31,23722,,,,19,989,,,,14,25838,,,,32,30688,,,,6,22774,,,,17,27982,,,,25,23384,,,,12,8719,,,,3,25144,,,,,,,,,,,,,,,,,,,,,,,,,,,,,,,,,
173711,21-Apr-18,7:41:29,2018-04-21 07:41:29,G,2,4,2266,1104,0,7,-62.5667,-60.8454,41:34.1,FastGPS,-62.5667,-60.8454,,,14.9,1.1,,,,15,31,31858,,,,29,16678,,,,25,10056,,,,14,31464,,,,3,19831,,,,32,17833,,,,12,24158,,,,,,,,,,,,,,,,,,,,,,,,,,,,,,,,,,,,,,,,,,,
173711,21-Apr-18,8:11:38,2018-04-21 08:11:38,G,2,4,2267,1104,0,5,-62.5668,-60.845,11:43.6,FastGPS,-62.5668,-60.845,,,3.2,1.6,,,,15,12,16424,,,,2,24934,,,,29,979,,,,6,29300,,,,25,6196,,,,,,,,,,,,,,,,,,,,,,,,,,,,,,,,,,,,,,,,,,,,,,,,,,,,,
173711,21-Apr-18,8:58:17,2018-04-21 08:58:17,G,1,4,2268,1105,0,8,-62.5652,-60.8457,58:22.1,FastGPS,-62.5652,-60.8457,,1,5,1.1,,,,15,31,22886,,,,12,3492,,,,2,12972,,,,5,27170,,,,25,31095,,,,29,16746,,,,26,1280,,,,4,22794,,,,,,,,,,,,,,,,,,,,,,,,,,,,,,,,,,,,,,
173711,21-Apr-18,9:29:41,2018-04-21 09:29:41,G,1,4,2269,1105,0,7,-62.562,-60.8454,29:46.6,FastGPS,-62.562,-60.8454,,1,12.3,1.6,,,,15,4,27588,,,,31,16185,,,,5,22614,,,,12,24163,,,,29,16283,,,,25,19513,,,,26,28291,,,,,,,,,,,,,,,,,,,,,,,,,,,,,,,,,,,,,,,,,,,
173711,21-Apr-18,10:45:15,2018-04-21 10:45:15,G,3,4,2271,1106,0,7,-62.5362,-60.8549,45:20.6,FastGPS,-62.5362,-60.8549,,1,8.9,1.6,,,,15,26,11215,,,,21,2646,,,,31,15028,,,,4,3440,,,,16,16622,,,,20,24039,,,,29,346,,,,,,,,,,,,,,,,,,,,,,,,,,,,,,,,,,,,,,,,,,,
173711,21-Apr-18,11:16:18,2018-04-21 11:16:18,G,3,4,2272,1106,0,5,-62.4848,-60.8211,04:42.6,FastGPS,-62.5268,-60.8669,,1,0.3,1.5,,,,15,29,22275,,,,5,10459,,,,20,28057,,,,4,20118,,,,21,26209,,,,,,,,,,,,,,,,,,,,,,,,,,,,,,,,,,,,,,,,,,,,,,,,,,,,,
173711,21-Apr-18,12:31:12,2018-04-21 12:31:12,G,1,4,2273,1109,0,7,-62.5131,-60.8412,31:17.6,FastGPS,-62.5131,-60.8412,,1,2.7,1.6,,,,15,15,31422,,,,10,435,,,,13,25393,,,,4,26002,,,,29,24635,,,,20,27202,,,,21,9955,,,,,,,,,,,,,,,,,,,,,,,,,,,,,,,,,,,,,,,,,,,
173711,21-Apr-18,13:50:53,2018-04-21 13:50:53,G,2,4,2274,1112,0,6,-62.4957,-60.8396,50:58.5,FastGPS,-62.4957,-60.8396,,,3.5,1.6,,,,15,27,7356,,,,8,1905,,,,10,24361,,,,16,18632,,,,15,2658,,,,13,24626,,,,,,,,,,,,,,,,,,,,,,,,,,,,,,,,,,,,,,,,,,,,,,,,
173711,21-Apr-18,14:25:23,2018-04-21 14:25:23,G,2,4,2275,1112,0,6,-62.4898,-60.833,25:28.1,FastGPS,-62.4898,-60.833,,,8.5,1.1,,,,15,10,9628,,,,21,22223,,,,27,5728,,,,15,13199,,,,32,8802,,,,20,23978,,,,,,,,,,,,,,,,,,,,,,,,,,,,,,,,,,,,,,,,,,,,,,,,
173711,21-Apr-18,14:55:06,2018-04-21 14:55:06,G,1,4,2276,,0,9,-62.4726,-60.8009,55:11.5,FastGPS,-62.4726,-60.8009,,,10.6,1.5,,,,15,15,25876,,,,10,7238,,,,8,17947,,,,28,17838,,,,18,24905,,,,32,10527,,,,24,12560,,,,20,28470,,,,11,19682,,,,,,,,,,,,,,,,,,,,,,,,,,,,,,,,,
173711,21-Apr-18,15:25:00,2018-04-21 15:25:00,G,1,4,2277,1112,1,5,-62.4738,-60.7952,25:04.1,FastGPS,-62.4738,-60.7952,,,3.2,0.1,,,,15,14,9500,,,,32,30916,,,,22,6084,,,,27,22900,,,,10,2582,,,,,,,,,,,,,,,,,,,,,,,,,,,,,,,,,,,,,,,,,,,,,,,,,,,,,
173711,21-Apr-18,15:55:00,2018-04-21 15:55:00,G,1,4,2278,1112,1,4,-62.4738,-60.7952,25:04.1,FastGPS,-62.4737,-60.7955,,,1.5,1.1,,,,15,24,5156,,,,10,5300,,,,32,29205,,,,27,1437,,,,,,,,,,,,,,,,,,,,,,,,,,,,,,,,,,,,,,,,,,,,,,,,,,,,,,,,,,
173711,21-Apr-18,17:10:00,2018-04-21 17:10:00,G,1,4,2280,1113,1,5,-62.474,-60.795,10:05.1,FastGPS,-62.474,-60.795,,,1.9,1.1,,,,15,17,25160,,,,19,30250,,,,10,16502,,,,28,26803,,,,24,18450,,,,,,,,,,,,,,,,,,,,,,,,,,,,,,,,,,,,,,,,,,,,,,,,,,,,,
173711,21-Apr-18,19:46:04,2018-04-21 19:46:04,G,1,4,2282,1113,0,8,-62.4734,-60.7968,46:09.1,FastGPS,-62.4734,-60.7968,,,7.3,1.1,,,,15,22,7938,,,,23,7170,,,,3,32683,,,,1,28500,,,,31,30464,,,,9,9327,,,,6,25622,,,,19,17522,,,,,,,,,,,,,,,,,,,,,,,,,,,,,,,,,,,,,,
173711,21-Apr-18,20:49:08,2018-04-21 20:49:08,G,1,4,2283,1115,0,7,-62.4838,-60.8221,49:13.6,FastGPS,-62.4838,-60.8221,,1,4.4,1.6,,,,15,9,3015,,,,6,15532,,,,2,4498,,,,31,4183,,,,23,5765,,,,4,18100,,,,26,26026,,,,,,,,,,,,,,,,,,,,,,,,,,,,,,,,,,,,,,,,,,,
173711,21-Apr-18,22:04:38,2018-04-21 22:04:38,G,1,4,2284,1118,0,4,-62.4737,-60.7955,55:05.1,FastGPS,-62.4848,-60.8211,,,0.9,0.6,,,,15,23,8763,,,,7,8585,,,,16,17273,,,,9,29524,,,,,,,,,,,,,,,,,,,,,,,,,,,,,,,,,,,,,,,,,,,,,,,,,,,,,,,,,,
173711,21-Apr-18,22:50:26,2018-04-21 22:50:26,G,1,4,2285,1119,0,5,-62.4852,-60.8285,50:30.1,FastGPS,-62.4852,-60.8285,,,1.4,0.1,,,,15,23,18435,,,,30,10388,,,,7,23478,,,,9,18116,,,,5,31628,,,,,,,,,,,,,,,,,,,,,,,,,,,,,,,,,,,,,,,,,,,,,,,,,,,,,
173711,21-Apr-18,23:20:00,2018-04-21 23:20:00,G,2,4,2286,,0,9,-62.4809,-60.8412,20:05.6,FastGPS,-62.4809,-60.8412,,,4.7,1.6,,,,15,9,30250,,,,27,3840,,,,7,20001,,,,30,5161,,,,5,26791,,,,16,13732,,,,23,30100,,,,13,18049,,,,2,5827,,,,,,,,,,,,,,,,,,,,,,,,,,,,,,,,,
173711,21-Apr-18,23:51:38,2018-04-21 23:51:38,G,1,4,2287,1119,0,6,-62.4776,-60.8431,51:42.1,FastGPS,-62.4776,-60.8431,,,6.3,0.1,,,,15,5,600,,,,13,29318,,,,21,24180,,,,16,15578,,,,30,24114,,,,27,22730,,,,,,,,,,,,,,,,,,,,,,,,,,,,,,,,,,,,,,,,,,,,,,,,
173711,22-Apr-18,0:25:12,2018-04-22 00:25:12,G,1,4,2288,1119,0,6,-62.464,-60.857,25:17.6,FastGPS,-62.464,-60.857,,,6.6,1.6,,,,15,8,2825,,,,7,21243,,,,9,1451,,,,27,15288,,,,5,3572,,,,28,29004,,,,,,,,,,,,,,,,,,,,,,,,,,,,,,,,,,,,,,,,,,,,,,,,
173711,22-Apr-18,1:27:08,2018-04-22 01:27:08,G,2,4,2290,1119,0,5,-62.4299,-60.8568,27:12.6,FastGPS,-62.4299,-60.8568,,,2.9,0.6,,,,15,7,27855,,,,30,19448,,,,28,15835,,,,5,13966,,,,8,22392,,,,,,,,,,,,,,,,,,,,,,,,,,,,,,,,,,,,,,,,,,,,,,,,,,,,,
173711,22-Apr-18,2:01:24,2018-04-22 02:01:24,G,1,4,2291,1119,0,6,-62.4175,-60.8734,01:28.6,FastGPS,-62.4175,-60.8734,,,3.4,0.6,,,,15,30,28325,,,,28,28858,,,,13,20941,,,,7,8237,,,,8,28535,,,,5,321,,,,,,,,,,,,,,,,,,,,,,,,,,,,,,,,,,,,,,,,,,,,,,,,
173711,22-Apr-18,2:39:07,2018-04-22 02:39:07,G,2,4,2292,,0,9,-62.4068,-60.8899,39:11.1,FastGPS,-62.4068,-60.8899,,,19.9,0.1,,,,15,15,31994,,,,10,4215,,,,30,1211,,,,11,24982,,,,28,17776,,,,18,23266,,,,8,9776,,,,7,4298,,,,17,4976,,,,,,,,,,,,,,,,,,,,,,,,,,,,,,,,,
173711,22-Apr-18,5:17:15,2018-04-22 05:17:15,G,2,4,2293,1126,0,6,-62.4166,-60.9721,17:20.5,FastGPS,-62.4166,-60.9721,,,5.7,1.5,,,,15,32,27502,,,,17,17316,,,,12,19657,,,,25,26058,,,,19,25955,,,,24,1942,,,,,,,,,,,,,,,,,,,,,,,,,,,,,,,,,,,,,,,,,,,,,,,,
173711,22-Apr-18,6:03:48,2018-04-22 06:03:48,G,1,4,2294,1127,0,7,-62.4232,-60.9977,03:52.6,FastGPS,-62.4232,-60.9977,,,17,0.6,,,,15,6,3624,,,,17,14914,,,,24,8464,,,,12,4772,,,,19,18787,,,,25,31538,,,,2,20494,,,,,,,,,,,,,,,,,,,,,,,,,,,,,,,,,,,,,,,,,,,
173711,22-Apr-18,6:34:10,2018-04-22 06:34:10,G,1,4,2295,1127,0,8,-62.428,-61.0181,34:14.1,FastGPS,-62.428,-61.0181,,,4.1,0.1,,,,15,32,24480,,,,2,25191,,,,24,7684,,,,12,29466,,,,25,5404,,,,6,24022,,,,31,18975,,,,14,9614,,,,,,,,,,,,,,,,,,,,,,,,,,,,,,,,,,,,,,
173711,22-Apr-18,7:35:41,2018-04-22 07:35:41,G,2,4,2296,1129,0,5,-62.444,-61.0146,35:46.1,FastGPS,-62.444,-61.0146,,,11.3,1.1,,,,15,31,21094,,,,2,27088,,,,6,6604,,,,25,3043,,,,29,6058,,,,,,,,,,,,,,,,,,,,,,,,,,,,,,,,,,,,,,,,,,,,,,,,,,,,,
173711,22-Apr-18,8:06:03,2018-04-22 08:06:03,G,1,4,2297,1129,0,4,-62.4848,-60.8211,04:42.6,FastGPS,-62.4591,-60.9919,,,0.3,1,,,,15,31,9103,,,,29,22624,,,,2,17852,,,,25,31889,,,,,,,,,,,,,,,,,,,,,,,,,,,,,,,,,,,,,,,,,,,,,,,,,,,,,,,,,,
173711,22-Apr-18,9:21:00,2018-04-22 09:21:00,G,1,4,2299,1130,0,8,-62.4911,-60.9486,21:05.1,FastGPS,-62.4911,-60.9486,,1,10,1.1,,,,15,4,27071,,,,5,23360,,,,31,5761,,,,23,1032,,,,12,25953,,,,29,26968,,,,2,31829,,,,26,24243,,,,,,,,,,,,,,,,,,,,,,,,,,,,,,,,,,,,,,
173711,22-Apr-18,10:23:00,2018-04-22 10:23:00,G,1,4,2301,1130,0,7,-62.499,-60.9239,23:05.1,FastGPS,-62.499,-60.9239,,1,3.9,1.1,,,,15,5,12733,,,,29,25830,,,,4,19596,,,,26,8631,,,,16,632,,,,9,31624,,,,20,25949,,,,,,,,,,,,,,,,,,,,,,,,,,,,,,,,,,,,,,,,,,,
173711,22-Apr-18,12:43:00,2018-04-22 12:43:00,G,2,4,2302,1137,0,5,-62.4591,-60.9919,06:08.0,FastGPS,-62.5014,-60.8407,,1,0.4,1.1,,,,15,21,22744,,,,10,13908,,,,26,24988,,,,20,30461,,,,4,24514,,,,,,,,,,,,,,,,,,,,,,,,,,,,,,,,,,,,,,,,,,,,,,,,,,,,,
173711,22-Apr-18,13:13:03,2018-04-22 13:13:03,G,2,4,2303,1137,0,6,-62.4961,-60.8372,13:08.1,FastGPS,-62.4961,-60.8372,,,4.8,1.1,,,,15,16,19029,,,,27,12041,,,,10,17076,,,,15,30892,,,,8,4678,,,,7,28722,,,,,,,,,,,,,,,,,,,,,,,,,,,,,,,,,,,,,,,,,,,,,,,,
173711,22-Apr-18,13:44:19,2018-04-22 13:44:19,G,2,4,2304,1137,0,8,-62.4949,-60.8385,44:24.1,FastGPS,-62.4949,-60.8385,,,16.8,1.1,,,,15,21,7821,,,,15,10398,,,,20,3114,,,,13,3933,,,,8,195,,,,30,24887,,,,27,13346,,,,10,24428,,,,,,,,,,,,,,,,,,,,,,,,,,,,,,,,,,,,,,
173711,22-Apr-18,14:14:14,2018-04-22 14:14:14,G,1,4,2305,1137,0,7,-62.4931,-60.8348,14:19.6,FastGPS,-62.4931,-60.8348,,,7.1,1.6,,,,15,10,8866,,,,32,13463,,,,15,947,,,,21,30254,,,,27,22480,,,,20,28886,,,,16,25428,,,,,,,,,,,,,,,,,,,,,,,,,,,,,,,,,,,,,,,,,,,
173711,22-Apr-18,15:03:04,2018-04-22 15:03:04,G,2,4,2306,1138,0,7,-62.4913,-60.8382,03:08.6,FastGPS,-62.4913,-60.8382,,,13,0.6,,,,15,8,498,,,,27,4374,,,,18,14585,,,,28,25692,,,,11,10946,,,,32,9702,,,,1,2907,,,,,,,,,,,,,,,,,,,,,,,,,,,,,,,,,,,,,,,,,,,
173711,22-Apr-18,16:35:11,2018-04-22 16:35:11,G,1,4,2309,1138,0,6,-62.4908,-60.8606,35:15.1,FastGPS,-62.4908,-60.8606,,,6.3,0.1,,,,15,32,24682,,,,22,31285,,,,10,25412,,,,14,15632,,,,8,17834,,,,18,7196,,,,,,,,,,,,,,,,,,,,,,,,,,,,,,,,,,,,,,,,,,,,,,,,
173711,22-Apr-18,17:05:35,2018-04-22 17:05:35,G,1,4,2310,1138,0,7,-62.4907,-60.8603,05:40.0,FastGPS,-62.4907,-60.8603,,,10.2,1,,,,15,17,12696,,,,3,21906,,,,1,26910,,,,11,21275,,,,32,9286,,,,18,7365,,,,19,16950,,,,,,,,,,,,,,,,,,,,,,,,,,,,,,,,,,,,,,,,,,,
173711,22-Apr-18,18:05:00,2018-04-22 18:05:00,G,3,4,2312,,0,9,-62.4877,-60.8334,05:05.1,FastGPS,-62.4877,-60.8334,,,9.6,1.1,,,,15,17,714,,,,22,28799,,,,3,24104,,,,1,26613,,,,11,12463,,,,14,10749,,,,23,21463,,,,18,20316,,,,32,15727,,,,,,,,,,,,,,,,,,,,,,,,,,,,,,,,,
173711,22-Apr-18,18:36:22,2018-04-22 18:36:22,G,2,4,2313,1138,0,7,-62.4879,-60.8341,36:27.1,FastGPS,-62.4879,-60.8341,,,4.4,1.1,,,,15,31,9322,,,,23,926,,,,1,13670,,,,18,29732,,,,11,30210,,,,14,19987,,,,17,3871,,,,,,,,,,,,,,,,,,,,,,,,,,,,,,,,,,,,,,,,,,,
173711,22-Apr-18,19:07:14,2018-04-22 19:07:14,G,5,4,2314,,0,9,-62.4877,-60.8342,07:19.6,FastGPS,-62.4877,-60.8342,,,5.4,1.6,,,,15,17,3495,,,,23,1310,,,,31,15211,,,,1,11507,,,,3,26298,,,,18,2550,,,,22,13361,,,,19,3559,,,,11,13686,,,,,,,,,,,,,,,,,,,,,,,,,,,,,,,,,
173711,22-Apr-18,19:39:52,2018-04-22 19:39:52,G,7,4,2315,,0,9,-62.4879,-60.8339,39:56.1,FastGPS,-62.4879,-60.8339,,,22.3,0.1,,,,15,6,21682,,,,19,23912,,,,23,4070,,,,9,1528,,,,31,1928,,,,25,19490,,,,17,21940,,,,12,24595,,,,3,4598,,,,,,,,,,,,,,,,,,,,,,,,,,,,,,,,,
173711,22-Apr-18,21:01:35,2018-04-22 21:01:35,G,6,4,2316,,0,9,-62.4878,-60.8341,01:39.1,FastGPS,-62.4878,-60.8341,,1,5.9,0.1,,,,15,31,434,,,,4,29274,,,,23,17521,,,,7,6478,,,,9,11539,,,,26,19201,,,,2,3575,,,,29,28546,,,,16,20186,,,,,,,,,,,,,,,,,,,,,,,,,,,,,,,,,
173711,22-Apr-18,21:31:22,2018-04-22 21:31:22,G,4,4,2317,1141,0,8,-62.4876,-60.8341,31:26.6,FastGPS,-62.4876,-60.8341,,1,23.2,0.6,,,,15,2,23128,,,,29,7737,,,,6,28351,,,,7,24760,,,,9,28632,,,,5,3743,,,,4,16382,,,,23,17722,,,,,,,,,,,,,,,,,,,,,,,,,,,,,,,,,,,,,,
173711,22-Apr-18,22:04:30,2018-04-22 22:04:30,G,2,4,2318,,0,9,-62.4874,-60.8312,04:34.6,FastGPS,-62.4874,-60.8312,,,8.3,0.6,,,,15,7,30754,,,,23,270,,,,2,10624,,,,16,27878,,,,9,2734,,,,5,12134,,,,26,20132,,,,6,3276,,,,30,24361,,,,,,,,,,,,,,,,,,,,,,,,,,,,,,,,,
173711,22-Apr-18,22:34:00,2018-04-22 22:34:00,G,1,4,2319,1141,0,8,-62.4876,-60.833,34:05.6,FastGPS,-62.4876,-60.833,,,12.5,1.6,,,,15,7,10147,,,,23,23886,,,,30,8153,,,,2,7905,,,,9,22848,,,,16,12919,,,,6,19710,,,,5,7862,,,,,,,,,,,,,,,,,,,,,,,,,,,,,,,,,,,,,,
173711,22-Apr-18,23:04:41,2018-04-22 23:04:41,G,2,4,2320,1141,0,6,-62.4878,-60.8336,04:46.1,FastGPS,-62.4878,-60.8336,,,2,1.1,,,,15,5,15190,,,,16,19374,,,,7,21149,,,,30,12650,,,,2,2179,,,,27,11981,,,,,,,,,,,,,,,,,,,,,,,,,,,,,,,,,,,,,,,,,,,,,,,,
173711,23-Apr-18,0:41:37,2018-04-23 00:41:37,G,1,4,2323,1141,0,6,-62.4871,-60.8396,41:42.6,FastGPS,-62.4871,-60.8396,,,12.4,1.6,,,,15,5,16187,,,,13,11769,,,,28,16902,,,,27,29194,,,,30,7468,,,,15,22762,,,,,,,,,,,,,,,,,,,,,,,,,,,,,,,,,,,,,,,,,,,,,,,,
173711,23-Apr-18,1:44:18,2018-04-23 01:44:18,G,2,4,2324,1143,0,5,-62.4867,-60.8404,44:22.1,FastGPS,-62.4867,-60.8404,,,6,0.1,,,,15,15,8068,,,,13,19074,,,,20,26678,,,,28,12273,,,,5,30765,,,,,,,,,,,,,,,,,,,,,,,,,,,,,,,,,,,,,,,,,,,,,,,,,,,,,
173711,23-Apr-18,2:29:38,2018-04-23 02:29:38,G,1,4,2325,1144,0,5,-62.487,-60.8402,29:43.6,FastGPS,-62.487,-60.8402,,,3.7,1.6,,,,15,15,16570,,,,20,5543,,,,13,9652,,,,28,13556,,,,30,15220,,,,,,,,,,,,,,,,,,,,,,,,,,,,,,,,,,,,,,,,,,,,,,,,,,,,,
173711,23-Apr-18,3:30:00,2018-04-23 03:30:00,G,2,4,2327,,0,9,-62.4869,-60.8404,30:04.1,FastGPS,-62.4869,-60.8404,,,8,0.1,,,,15,15,5803,,,,10,9279,,,,13,4967,,,,17,26506,,,,24,19395,,,,18,3906,,,,1,16376,,,,20,28761,,,,19,24294,,,,,,,,,,,,,,,,,,,,,,,,,,,,,,,,,
173711,23-Apr-18,4:33:54,2018-04-23 04:33:54,G,2,4,2328,1146,0,6,-62.4866,-60.8402,33:59.6,FastGPS,-62.4866,-60.8402,,,8.1,1.6,,,,15,12,26906,,,,15,4718,,,,17,476,,,,19,1716,,,,10,7936,,,,24,27162,,,,,,,,,,,,,,,,,,,,,,,,,,,,,,,,,,,,,,,,,,,,,,,,
173711,23-Apr-18,5:06:21,2018-04-23 05:06:21,G,1,4,2329,1146,0,6,-62.4871,-60.8401,06:25.6,FastGPS,-62.4871,-60.8401,,,2.7,0.6,,,,15,12,5147,,,,17,4221,,,,19,31938,,,,24,10081,,,,15,24936,,,,32,18571,,,,,,,,,,,,,,,,,,,,,,,,,,,,,,,,,,,,,,,,,,,,,,,,
173711,23-Apr-18,5:36:36,2018-04-23 05:36:36,G,3,4,2330,1146,0,6,-62.4863,-60.8411,36:40.6,FastGPS,-62.4863,-60.8411,,,17,0.6,,,,15,17,25352,,,,6,24807,,,,25,28971,,,,12,18419,,,,19,16196,,,,24,14561,,,,,,,,,,,,,,,,,,,,,,,,,,,,,,,,,,,,,,,,,,,,,,,,
173711,23-Apr-18,6:39:46,2018-04-23 06:39:46,G,1,4,2331,1148,0,6,-62.4868,-60.84,39:51.7,FastGPS,-62.4868,-60.84,,,18.7,1.7,,,,15,31,26029,,,,32,963,,,,25,30952,,,,14,9570,,,,17,21786,,,,3,21602,,,,,,,,,,,,,,,,,,,,,,,,,,,,,,,,,,,,,,,,,,,,,,,,
173711,23-Apr-18,8:59:00,2018-04-23 08:59:00,G,2,4,2333,1153,0,5,-62.47,-60.79,4/24/2018 2:41,N,-62.4874,-60.8403,,1,0.5,1.1,,,,15,31,27847,,,,4,32166,,,,29,8023,,,,26,16570,,,,25,24446,,,,,,,,,,,,,,,,,,,,,,,,,,,,,,,,,,,,,,,,,,,,,,,,,,,,,
173711,23-Apr-18,9:29:25,2018-04-23 09:29:25,G,1,4,2334,1153,0,6,-62.4836,-60.8375,29:29.6,FastGPS,-62.4836,-60.8375,,,15.4,0.6,,,,15,31,18358,,,,5,27952,,,,25,14681,,,,29,5304,,,,2,20482,,,,21,21420,,,,,,,,,,,,,,,,,,,,,,,,,,,,,,,,,,,,,,,,,,,,,,,,
173711,23-Apr-18,10:01:52,2018-04-23 10:01:52,G,2,4,2335,1153,0,6,-62.4819,-60.8415,01:56.6,FastGPS,-62.4819,-60.8415,,1,11.6,0.6,,,,15,31,8124,,,,21,17915,,,,25,14474,,,,26,32110,,,,4,27534,,,,16,20462,,,,,,,,,,,,,,,,,,,,,,,,,,,,,,,,,,,,,,,,,,,,,,,,
173711,23-Apr-18,10:49:00,2018-04-23 10:49:00,G,2,4,2336,1154,0,5,-62.5014,-60.8407,43:05.1,FastGPS,-62.4822,-60.8412,,1,0.4,0.1,,,,15,20,6488,,,,29,6905,,,,16,28471,,,,26,22164,,,,4,2228,,,,,,,,,,,,,,,,,,,,,,,,,,,,,,,,,,,,,,,,,,,,,,,,,,,,,
173711,23-Apr-18,11:40:23,2018-04-23 11:40:23,G,1,4,2337,1155,0,8,-62.4821,-60.8412,40:28.6,FastGPS,-62.4821,-60.8412,,1,7.2,1.6,,,,15,4,4018,,,,29,29276,,,,20,16300,,,,7,22102,,,,27,32003,,,,26,5268,,,,16,10573,,,,5,8977,,,,,,,,,,,,,,,,,,,,,,,,,,,,,,,,,,,,,,
173711,23-Apr-18,12:10:01,2018-04-23 12:10:01,G,2,4,2338,1155,0,7,-62.4807,-60.8188,10:05.6,FastGPS,-62.4807,-60.8188,,,9.5,0.7,,,,15,7,29630,,,,15,11116,,,,20,4705,,,,13,21491,,,,29,4259,,,,30,9500,,,,5,30070,,,,,,,,,,,,,,,,,,,,,,,,,,,,,,,,,,,,,,,,,,,
173711,23-Apr-18,13:10:11,2018-04-23 13:10:11,G,1,4,2339,1157,0,7,-62.4739,-60.7976,10:16.1,FastGPS,-62.4739,-60.7976,,,3.2,1.1,,,,15,27,10860,,,,7,22426,,,,15,29110,,,,16,11839,,,,13,11402,,,,8,7074,,,,10,18896,,,,,,,,,,,,,,,,,,,,,,,,,,,,,,,,,,,,,,,,,,,
173711,23-Apr-18,13:40:00,2018-04-23 13:40:00,G,2,4,2340,,0,9,-62.4728,-60.7961,40:05.1,FastGPS,-62.4728,-60.7961,,,9.8,1.1,,,,15,15,18467,,,,20,15612,,,,8,7436,,,,27,21137,,,,10,31906,,,,21,17116,,,,7,16630,,,,18,13386,,,,16,11447,,,,,,,,,,,,,,,,,,,,,,,,,,,,,,,,,
173711,23-Apr-18,14:10:00,2018-04-23 14:10:00,G,2,4,2341,,1,9,-62.4724,-60.7961,10:05.1,FastGPS,-62.4724,-60.7961,,,6.7,1.1,,,,15,15,6382,,,,10,13933,,,,27,27843,,,,13,15360,,,,8,18324,,,,28,7217,,,,20,6646,,,,18,32042,,,,30,24614,,,,,,,,,,,,,,,,,,,,,,,,,,,,,,,,,
173711,25-Apr-18,13:41:00,2018-04-25 13:41:00,G,2,4,2348,1161,0,8,-62.4731,-60.7996,41:05.2,FastGPS,-62.4731,-60.7996,,,12.9,1.2,,,,15,10,12376,,,,27,12103,,,,8,29448,,,,21,2483,,,,16,28250,,,,20,20684,,,,15,3392,,,,18,11528,,,,,,,,,,,,,,,,,,,,,,,,,,,,,,,,,,,,,,
173711,25-Apr-18,14:11:27,2018-04-25 14:11:27,G,2,4,2349,1161,0,6,-62.4813,-60.7987,11:32.2,FastGPS,-62.4813,-60.7987,,,4,1.2,,,,15,8,3504,,,,15,17808,,,,10,21116,,,,20,11322,,,,18,3458,,,,32,30562,,,,,,,,,,,,,,,,,,,,,,,,,,,,,,,,,,,,,,,,,,,,,,,,
173711,25-Apr-18,14:58:49,2018-04-25 14:58:49,G,3,4,2350,,0,9,-62.4698,-60.801,58:54.7,FastGPS,-62.4698,-60.801,,,11.7,1.7,,,,15,18,27630,,,,32,29276,,,,11,25424,,,,8,17176,,,,27,29132,,,,10,20302,,,,14,24506,,,,28,25754,,,,1,25660,,,,,,,,,,,,,,,,,,,,,,,,,,,,,,,,,
173711,25-Apr-18,15:47:14,2018-04-25 15:47:14,G,3,4,2351,,0,9,-62.47,-60.8004,47:19.2,FastGPS,-62.47,-60.8004,,,7.8,1.2,,,,15,1,22774,,,,28,20499,,,,10,186,,,,22,27355,,,,11,16822,,,,8,23386,,,,32,2438,,,,18,12487,,,,24,29682,,,,,,,,,,,,,,,,,,,,,,,,,,,,,,,,,
173711,25-Apr-18,16:17:00,2018-04-25 16:17:00,G,1,4,2352,,0,9,-62.4783,-60.7977,17:05.2,FastGPS,-62.4783,-60.7977,,,11.8,1.2,,,,15,22,13203,,,,8,10538,,,,32,26728,,,,11,15544,,,,14,192,,,,17,23428,,,,1,12182,,,,18,7024,,,,3,20230,,,,,,,,,,,,,,,,,,,,,,,,,,,,,,,,,
173711,25-Apr-18,16:49:14,2018-04-25 16:49:14,G,2,4,2353,1163,0,8,-62.48,-60.7951,49:19.7,FastGPS,-62.48,-60.7951,,,4.5,1.7,,,,15,22,24808,,,,11,21004,,,,1,18310,,,,18,7906,,,,32,12475,,,,14,14547,,,,31,1648,,,,17,29398,,,,,,,,,,,,,,,,,,,,,,,,,,,,,,,,,,,,,,
173711,25-Apr-18,17:20:25,2018-04-25 17:20:25,G,1,4,2354,1163,0,7,-62.4791,-60.801,20:30.7,FastGPS,-62.4791,-60.801,,,11.5,1.7,,,,15,17,4548,,,,18,14636,,,,3,4418,,,,11,32673,,,,1,26466,,,,19,4630,,,,22,11026,,,,,,,,,,,,,,,,,,,,,,,,,,,,,,,,,,,,,,,,,,,
173711,25-Apr-18,18:10:14,2018-04-25 18:10:14,G,1,4,2355,,0,9,-62.4686,-60.8024,10:19.2,FastGPS,-62.4686,-60.8024,,,8.2,1.2,,,,15,18,18298,,,,1,18008,,,,19,16176,,,,23,4339,,,,22,15635,,,,31,13439,,,,3,18344,,,,11,14274,,,,17,20855,,,,,,,,,,,,,,,,,,,,,,,,,,,,,,,,,
173711,25-Apr-18,18:40:00,2018-04-25 18:40:00,G,2,4,2356,,0,9,-62.4604,-60.817,40:05.2,FastGPS,-62.4604,-60.817,,,6.7,1.2,,,,15,31,13440,,,,1,9847,,,,23,19231,,,,14,12542,,,,3,31717,,,,22,21424,,,,11,15816,,,,18,10762,,,,9,9226,,,,,,,,,,,,,,,,,,,,,,,,,,,,,,,,,
173711,25-Apr-18,21:44:17,2018-04-25 21:44:17,G,1,4,2361,1164,0,5,-62.42,-60.434,4/26/2018 4:35,P,-62.4824,-60.6917,,1,1,1.7,,,,15,2,7028,,,,5,25432,,,,29,18690,,,,4,13646,,,,26,16996,,,,,,,,,,,,,,,,,,,,,,,,,,,,,,,,,,,,,,,,,,,,,,,,,,,,,
173711,26-Apr-18,4:59:02,2018-04-26 04:59:02,G,1,4,2363,1164,0,5,-62.4225,-60.4001,59:06.2,FastGPS,-62.4225,-60.4001,,,2.1,0.2,,,,15,17,812,,,,32,678,,,,12,24360,,,,1,31325,,,,19,6436,,,,,,,,,,,,,,,,,,,,,,,,,,,,,,,,,,,,,,,,,,,,,,,,,,,,,
173711,26-Apr-18,6:17:55,2018-04-26 06:17:55,G,1,4,2365,1164,0,8,-62.3831,-60.3258,18:00.2,FastGPS,-62.3831,-60.3258,,,12.9,1.2,,,,15,17,30378,,,,2,17750,,,,3,17541,,,,6,17480,,,,12,19507,,,,19,25601,,,,24,30390,,,,14,29476,,,,,,,,,,,,,,,,,,,,,,,,,,,,,,,,,,,,,,
173711,26-Apr-18,6:48:10,2018-04-26 06:48:10,G,1,4,2366,1164,0,5,-62.3714,-60.3209,48:15.2,FastGPS,-62.3714,-60.3209,,,0.7,1.2,,,,15,32,31294,,,,31,3158,,,,25,8976,,,,14,19955,,,,12,6288,,,,,,,,,,,,,,,,,,,,,,,,,,,,,,,,,,,,,,,,,,,,,,,,,,,,,
173711,26-Apr-18,9:06:03,2018-04-26 09:06:03,G,1,4,2369,1167,0,5,-62.3714,-60.3209,48:15.2,FastGPS,-62.3025,-60.3598,,1,1.9,1.2,,,,15,31,24928,,,,29,18842,,,,4,19493,,,,26,17816,,,,23,19453,,,,,,,,,,,,,,,,,,,,,,,,,,,,,,,,,,,,,,,,,,,,,,,,,,,,,
173711,26-Apr-18,10:41:23,2018-04-26 10:41:23,G,1,4,2372,1167,0,6,-62.2893,-60.3476,41:28.3,FastGPS,-62.2893,-60.3476,,1,1.4,1.3,,,,15,5,4372,,,,16,13152,,,,26,27102,,,,4,3334,,,,21,9647,,,,29,1544,,,,,,,,,,,,,,,,,,,,,,,,,,,,,,,,,,,,,,,,,,,,,,,,
173711,26-Apr-18,13:22:27,2018-04-26 13:22:27,G,1,4,2376,1169,0,6,-62.4134,-60.2523,22:32.7,FastGPS,-62.4134,-60.2523,,,7.5,1.7,,,,15,15,23203,,,,13,24715,,,,8,21100,,,,20,10829,,,,27,19122,,,,30,6234,,,,,,,,,,,,,,,,,,,,,,,,,,,,,,,,,,,,,,,,,,,,,,,,
173711,26-Apr-18,15:21:58,2018-04-26 15:21:58,G,1,4,2379,1170,0,6,-62.4693,-60.1518,22:02.7,FastGPS,-62.4693,-60.1518,,,3.8,0.7,,,,15,11,28550,,,,32,15798,,,,18,27526,,,,1,31972,,,,10,25178,,,,24,12489,,,,,,,,,,,,,,,,,,,,,,,,,,,,,,,,,,,,,,,,,,,,,,,,
173711,26-Apr-18,16:26:58,2018-04-26 16:26:58,G,2,4,2381,1170,0,8,-62.4598,-60.1409,27:02.2,FastGPS,-62.4598,-60.1409,,,9.9,0.2,,,,15,32,13878,,,,22,15416,,,,10,17643,,,,8,2228,,,,3,852,,,,14,27398,,,,11,6230,,,,18,29515,,,,,,,,,,,,,,,,,,,,,,,,,,,,,,,,,,,,,,
173711,26-Apr-18,16:57:01,2018-04-26 16:57:01,G,1,4,2382,1170,0,5,-62.4536,-60.1416,57:06.2,FastGPS,-62.4536,-60.1416,,,10.9,1.2,,,,15,11,9784,,,,17,1370,,,,3,12466,,,,32,28230,,,,1,31386,,,,,,,,,,,,,,,,,,,,,,,,,,,,,,,,,,,,,,,,,,,,,,,,,,,,,
173711,26-Apr-18,17:32:10,2018-04-26 17:32:10,G,1,4,2383,,0,9,-62.464,-60.147,32:15.7,FastGPS,-62.464,-60.147,,,8,1.7,,,,15,31,30700,,,,18,17100,,,,11,3764,,,,1,26158,,,,32,24875,,,,22,2408,,,,14,18991,,,,3,24828,,,,23,16118,,,,,,,,,,,,,,,,,,,,,,,,,,,,,,,,,
173711,26-Apr-18,18:07:18,2018-04-26 18:07:18,G,1,4,2384,,0,9,-62.4618,-60.1556,07:22.2,FastGPS,-62.4618,-60.1556,,,14.4,0.2,,,,15,12,18304,,,,31,21333,,,,32,4488,,,,18,16796,,,,1,17219,,,,23,10734,,,,14,31274,,,,25,29564,,,,17,19208,,,,,,,,,,,,,,,,,,,,,,,,,,,,,,,,,
173711,26-Apr-18,18:53:11,2018-04-26 18:53:11,G,2,4,2385,,0,9,-62.4669,-60.168,53:16.7,FastGPS,-62.4669,-60.168,,,10.8,1.7,,,,15,23,13023,,,,1,5840,,,,17,28361,,,,19,1850,,,,6,16092,,,,22,10858,,,,31,21649,,,,12,26652,,,,3,29560,,,,,,,,,,,,,,,,,,,,,,,,,,,,,,,,,
173711,26-Apr-18,19:24:36,2018-04-26 19:24:36,G,2,4,2386,1171,0,7,-62.4709,-60.1863,24:40.2,FastGPS,-62.4709,-60.1863,,,12.1,0.3,,,,15,17,1773,,,,19,7054,,,,9,26026,,,,1,23413,,,,23,28228,,,,6,11652,,,,3,26204,,,,,,,,,,,,,,,,,,,,,,,,,,,,,,,,,,,,,,,,,,,
173711,26-Apr-18,19:54:11,2018-04-26 19:54:11,G,2,4,2387,1171,0,6,-62.4728,-60.203,54:16.7,FastGPS,-62.4728,-60.203,,,11.2,1.7,,,,15,9,8074,,,,2,12257,,,,19,11134,,,,6,26966,,,,25,19229,,,,31,16002,,,,,,,,,,,,,,,,,,,,,,,,,,,,,,,,,,,,,,,,,,,,,,,,
173711,26-Apr-18,20:24:22,2018-04-26 20:24:22,G,1,4,2388,1171,0,6,-62.4816,-60.211,24:26.7,FastGPS,-62.4816,-60.211,,,5.6,0.7,,,,15,6,27950,,,,9,1768,,,,23,21617,,,,2,3208,,,,31,2262,,,,3,10046,,,,,,,,,,,,,,,,,,,,,,,,,,,,,,,,,,,,,,,,,,,,,,,,
173711,26-Apr-18,20:58:40,2018-04-26 20:58:40,G,1,4,2389,1171,0,7,-62.4859,-60.2323,58:44.7,FastGPS,-62.4859,-60.2323,,,12,0.7,,,,15,6,1330,,,,3,19156,,,,9,4101,,,,7,8437,,,,2,15460,,,,16,1586,,,,23,24969,,,,,,,,,,,,,,,,,,,,,,,,,,,,,,,,,,,,,,,,,,,
173711,26-Apr-18,21:34:31,2018-04-26 21:34:31,G,2,4,2390,1171,0,5,-62.4855,-60.2328,34:35.2,FastGPS,-62.4855,-60.2328,,,2.1,0.2,,,,15,7,30112,,,,2,21164,,,,6,9905,,,,23,7030,,,,5,6530,,,,,,,,,,,,,,,,,,,,,,,,,,,,,,,,,,,,,,,,,,,,,,,,,,,,,
173711,26-Apr-18,23:13:28,2018-04-26 23:13:28,G,1,4,2391,1175,0,4,-62.486,-60.233,4/27/2018 12:20,R,-62.474,-60.3581,,,0.4,0.3,,,,15,7,26480,,,,9,20801,,,,5,14733,,,,30,11860,,,,,,,,,,,,,,,,,,,,,,,,,,,,,,,,,,,,,,,,,,,,,,,,,,,,,,,,,,
173711,27-Apr-18,0:00:04,2018-04-27 00:00:04,G,1,4,2392,1176,0,5,-62.4396,-60.415,00:08.7,FastGPS,-62.4396,-60.415,,,2.9,0.7,,,,15,5,18728,,,,8,2502,,,,28,15854,,,,9,1574,,,,7,10764,,,,,,,,,,,,,,,,,,,,,,,,,,,,,,,,,,,,,,,,,,,,,,,,,,,,,
173711,27-Apr-18,1:01:24,2018-04-27 01:01:24,G,2,4,2394,1176,0,6,-62.3918,-60.4715,01:28.3,FastGPS,-62.3918,-60.4715,,,5.3,0.3,,,,15,5,24095,,,,7,9320,,,,30,22376,,,,13,29071,,,,15,26529,,,,28,22786,,,,,,,,,,,,,,,,,,,,,,,,,,,,,,,,,,,,,,,,,,,,,,,,
173711,27-Apr-18,1:31:12,2018-04-27 01:31:12,G,1,4,2395,1176,0,5,-62.3666,-60.4921,31:17.7,FastGPS,-62.3666,-60.4921,,,3.7,1.7,,,,15,7,18658,,,,30,24125,,,,5,7212,,,,13,11896,,,,8,6526,,,,,,,,,,,,,,,,,,,,,,,,,,,,,,,,,,,,,,,,,,,,,,,,,,,,,
173711,27-Apr-18,2:01:01,2018-04-27 02:01:01,G,1,4,2396,1176,0,4,-62.474,-60.3581,13:32.3,FastGPS,-62.34,-60.5201,,,0.3,0.2,,,,15,7,2526,,,,17,28143,,,,30,16781,,,,28,1259,,,,,,,,,,,,,,,,,,,,,,,,,,,,,,,,,,,,,,,,,,,,,,,,,,,,,,,,,,
173711,27-Apr-18,2:31:14,2018-04-27 02:31:14,G,2,4,2397,1176,0,4,-62.34,-60.5201,01:05.2,FastGPS,-62.32,-60.5362,,,0.2,1.3,,,,15,17,18989,,,,28,18298,,,,13,2876,,,,30,32104,,,,,,,,,,,,,,,,,,,,,,,,,,,,,,,,,,,,,,,,,,,,,,,,,,,,,,,,,,
173711,27-Apr-18,5:38:08,2018-04-27 05:38:08,G,1,4,2401,1180,0,8,-62.3656,-60.3703,38:13.2,FastGPS,-62.3656,-60.3703,,,9,1.3,,,,15,32,12329,,,,12,20772,,,,25,634,,,,24,13307,,,,14,8072,,,,22,5570,,,,17,27645,,,,3,22634,,,,,,,,,,,,,,,,,,,,,,,,,,,,,,,,,,,,,,
173711,27-Apr-18,6:08:01,2018-04-27 06:08:01,G,2,4,2402,1180,0,5,-62.3833,-60.3829,08:06.2,FastGPS,-62.3833,-60.383,,,9.4,1.3,,,,15,32,10403,,,,25,29418,,,,12,6667,,,,17,14296,,,,14,14256,,,,,,,,,,,,,,,,,,,,,,,,,,,,,,,,,,,,,,,,,,,,,,,,,,,,,
173711,27-Apr-18,7:10:07,2018-04-27 07:10:07,G,1,4,2403,1182,0,4,-62.32,-60.5362,31:19.2,FastGPS,-62.4184,-60.4112,,,0.9,1.7,,,,15,25,15378,,,,12,21745,,,,29,3877,,,,31,23461,,,,,,,,,,,,,,,,,,,,,,,,,,,,,,,,,,,,,,,,,,,,,,,,,,,,,,,,,,
173711,27-Apr-18,7:40:05,2018-04-27 07:40:05,G,1,5,2404,1182,0,7,-62.4366,-60.4137,40:09.7,FastGPS,-62.4366,-60.4137,,1,0.9,-0.2,,,,15,29,14336,,,,31,7804,,,,25,9222,,,,4,6502,,,,23,8945,,,,14,3566,,,,32,28924,,,,,,,,,,,,,,,,,,,,,,,,,,,,,,,,,,,,,,,,,,,
173711,27-Apr-18,9:42:46,2018-04-27 09:42:46,G,1,5,2407,1184,0,7,-62.4651,-60.3498,42:50.7,FastGPS,-62.4651,-60.3498,,1,3.4,-0.3,,,,15,4,1305,,,,29,27406,,,,26,3286,,,,16,19210,,,,25,5965,,,,5,12836,,,,9,18338,,,,,,,,,,,,,,,,,,,,,,,,,,,,,,,,,,,,,,,,,,,
173711,27-Apr-18,10:33:24,2018-04-27 10:33:24,G,1,5,2408,1185,0,5,-62.32,-60.5362,31:19.2,FastGPS,-62.4713,-60.3307,,1,0.4,-0.7,,,,15,5,31334,,,,16,21376,,,,26,12936,,,,29,31590,,,,4,25299,,,,,,,,,,,,,,,,,,,,,,,,,,,,,,,,,,,,,,,,,,,,,,,,,,,,,
173711,27-Apr-18,12:20:26,2018-04-27 12:20:26,G,1,5,2411,1186,0,5,-62.4856,-60.2476,20:30.7,FastGPS,-62.4856,-60.2476,,,5.6,-0.2,,,,15,15,17666,,,,27,5588,,,,13,23555,,,,7,18150,,,,21,6526,,,,,,,,,,,,,,,,,,,,,,,,,,,,,,,,,,,,,,,,,,,,,,,,,,,,,
173711,27-Apr-18,12:51:05,2018-04-27 12:51:05,G,1,5,2412,1186,0,6,-62.4763,-60.2085,51:09.7,FastGPS,-62.4763,-60.2085,,,14.1,-0.3,,,,15,15,515,,,,13,19415,,,,21,28099,,,,20,23112,,,,10,12360,,,,27,8570,,,,,,,,,,,,,,,,,,,,,,,,,,,,,,,,,,,,,,,,,,,,,,,,
173711,27-Apr-18,13:37:03,2018-04-27 13:37:03,G,1,5,2413,1187,0,6,-62.4744,-60.1815,37:07.7,FastGPS,-62.4744,-60.1815,,,4,-0.3,,,,15,21,28700,,,,15,10529,,,,27,18446,,,,20,27362,,,,8,16665,,,,13,11832,,,,,,,,,,,,,,,,,,,,,,,,,,,,,,,,,,,,,,,,,,,,,,,,
173711,27-Apr-18,14:07:00,2018-04-27 14:07:00,G,1,5,2414,,0,9,-62.468,-60.165,07:04.2,FastGPS,-62.468,-60.165,,,13.5,-0.8,,,,15,15,32598,,,,10,12570,,,,20,30938,,,,32,5827,,,,8,29156,,,,27,24790,,,,18,3460,,,,21,27485,,,,28,12106,,,,,,,,,,,,,,,,,,,,,,,,,,,,,,,,,
173711,27-Apr-18,14:56:48,2018-04-27 14:56:48,G,1,5,2415,1188,0,5,-62.4625,-60.1424,56:53.2,FastGPS,-62.4625,-60.1424,,,8.9,0.2,,,,15,27,32512,,,,32,15260,,,,10,6138,,,,18,5137,,,,14,17862,,,,,,,,,,,,,,,,,,,,,,,,,,,,,,,,,,,,,,,,,,,,,,,,,,,,,
173711,27-Apr-18,18:11:03,2018-04-27 18:11:03,G,1,5,2420,1190,0,8,-62.475,-60.2003,11:08.3,FastGPS,-62.475,-60.2003,,,16,0.3,,,,15,23,12671,,,,1,27346,,,,11,13692,,,,17,8106,,,,12,17674,,,,3,30298,,,,18,16882,,,,22,6874,,,,,,,,,,,,,,,,,,,,,,,,,,,,,,,,,,,,,,
173711,27-Apr-18,19:57:15,2018-04-27 19:57:15,G,1,5,2423,1191,0,7,-62.4682,-60.2253,57:20.2,FastGPS,-62.4682,-60.2253,,,10.9,0.3,,,,15,9,6692,,,,3,4074,,,,6,6155,,,,23,6667,,,,2,11019,,,,22,8270,,,,19,24056,,,,,,,,,,,,,,,,,,,,,,,,,,,,,,,,,,,,,,,,,,,
173711,27-Apr-18,20:57:10,2018-04-27 20:57:10,G,1,5,2424,1193,0,8,-62.4683,-60.2255,57:15.3,FastGPS,-62.4683,-60.2255,,1,3.4,0.3,,,,15,7,20735,,,,9,7700,,,,6,27281,,,,3,7288,,,,2,16087,,,,29,23602,,,,4,28398,,,,23,18216,,,,,,,,,,,,,,,,,,,,,,,,,,,,,,,,,,,,,,
173711,27-Apr-18,21:31:23,2018-04-27 21:31:23,G,1,5,2425,,0,9,-62.471,-60.2311,31:28.2,FastGPS,-62.471,-60.2311,,1,10.9,0.3,,,,15,7,8003,,,,5,16941,,,,29,1657,,,,9,32075,,,,2,26186,,,,23,9809,,,,6,12708,,,,4,6769,,,,30,22173,,,,,,,,,,,,,,,,,,,,,,,,,,,,,,,,,
173711,27-Apr-18,22:01:01,2018-04-27 22:01:01,G,2,5,2426,1193,0,7,-62.4796,-60.2699,01:06.2,FastGPS,-62.4796,-60.2699,,,5.1,0.3,,,,15,7,7635,,,,5,27477,,,,2,14249,,,,30,17766,,,,9,8228,,,,23,14234,,,,6,9520,,,,,,,,,,,,,,,,,,,,,,,,,,,,,,,,,,,,,,,,,,,
173711,28-Apr-18,3:34:20,2018-04-28 03:34:20,G,2,5,2431,1196,0,8,-62.3829,-60.716,34:25.7,FastGPS,-62.3829,-60.716,,,4.6,0.7,,,,15,15,3299,,,,10,14111,,,,12,31003,,,,24,11735,,,,18,4506,,,,13,16420,,,,17,17261,,,,11,26000,,,,,,,,,,,,,,,,,,,,,,,,,,,,,,,,,,,,,,
173711,28-Apr-18,4:07:40,2018-04-28 04:07:40,G,1,5,2432,1196,0,6,-62.3909,-60.7191,07:45.2,FastGPS,-62.3909,-60.7191,,,8.8,0.3,,,,15,15,2404,,,,12,12734,,,,17,6080,,,,19,30982,,,,28,30954,,,,13,29978,,,,,,,,,,,,,,,,,,,,,,,,,,,,,,,,,,,,,,,,,,,,,,,,
173711,28-Apr-18,4:39:43,2018-04-28 04:39:43,G,1,5,2433,1196,0,6,-62.4031,-60.7402,39:48.7,FastGPS,-62.4031,-60.7402,,,5.1,0.8,,,,15,12,21736,,,,32,4437,,,,15,24168,,,,24,12767,,,,1,22694,,,,17,15450,,,,,,,,,,,,,,,,,,,,,,,,,,,,,,,,,,,,,,,,,,,,,,,,
173711,28-Apr-18,5:11:19,2018-04-28 05:11:19,G,2,5,2434,1196,0,6,-62.4254,-60.7455,11:24.2,FastGPS,-62.4254,-60.7455,,,4.7,0.3,,,,15,32,6056,,,,12,16140,,,,25,17201,,,,17,14085,,,,24,29957,,,,14,14518,,,,,,,,,,,,,,,,,,,,,,,,,,,,,,,,,,,,,,,,,,,,,,,,
173711,28-Apr-18,5:43:46,2018-04-28 05:43:46,G,1,5,2435,,0,9,-62.4455,-60.7147,43:51.2,FastGPS,-62.4455,-60.7147,,,12,0.3,,,,15,32,7364,,,,17,14128,,,,14,26457,,,,25,1263,,,,19,29892,,,,12,30356,,,,22,28435,,,,24,15231,,,,3,31810,,,,,,,,,,,,,,,,,,,,,,,,,,,,,,,,,
173711,28-Apr-18,6:20:59,2018-04-28 06:20:59,G,1,5,2436,,0,9,-62.4659,-60.7492,21:04.7,FastGPS,-62.4659,-60.7492,,,18.3,0.7,,,,15,31,26359,,,,19,17853,,,,29,19834,,,,32,22288,,,,12,19094,,,,25,28372,,,,14,1625,,,,6,22842,,,,22,746,,,,,,,,,,,,,,,,,,,,,,,,,,,,,,,,,
173711,28-Apr-18,7:21:01,2018-04-28 07:21:01,G,1,5,2438,1196,0,5,-62.4586,-60.8086,21:06.2,FastGPS,-62.4586,-60.8086,,,5.1,0.3,,,,15,29,27084,,,,31,3392,,,,12,17104,,,,2,24046,,,,25,31691,,,,,,,,,,,,,,,,,,,,,,,,,,,,,,,,,,,,,,,,,,,,,,,,,,,,,
173711,28-Apr-18,9:10:11,2018-04-28 09:10:11,G,1,5,2440,1199,0,7,-62.4997,-60.8385,10:16.3,FastGPS,-62.4997,-60.8385,,1,9.1,0.3,,,,15,31,9836,,,,29,32646,,,,25,4905,,,,5,25158,,,,4,879,,,,23,11782,,,,2,10914,,,,,,,,,,,,,,,,,,,,,,,,,,,,,,,,,,,,,,,,,,,
173711,28-Apr-18,9:40:00,2018-04-28 09:40:00,G,1,5,2441,1199,0,8,-62.5033,-60.8339,40:05.3,FastGPS,-62.5033,-60.8339,,1,5.6,0.3,,,,15,5,14322,,,,31,27340,,,,25,1741,,,,21,24323,,,,29,27847,,,,4,7214,,,,16,29983,,,,2,14160,,,,,,,,,,,,,,,,,,,,,,,,,,,,,,,,,,,,,,
173711,28-Apr-18,10:25:10,2018-04-28 10:25:10,G,1,5,2442,1200,0,4,-62.5088,-60.8291,56:39.2,FastGPS,-62.5118,-60.8475,,,0.1,0.8,,,,15,5,5318,,,,16,12840,,,,26,15706,,,,29,10918,,,,,,,,,,,,,,,,,,,,,,,,,,,,,,,,,,,,,,,,,,,,,,,,,,,,,,,,,,
173711,28-Apr-18,10:56:34,2018-04-28 10:56:34,G,2,5,2443,1200,0,4,-62.5401,-61.1384,57:43.4,FastGPS,-62.5088,-60.8291,,,0.2,0.2,,,,15,5,29123,,,,29,828,,,,16,21545,,,,20,15498,,,,,,,,,,,,,,,,,,,,,,,,,,,,,,,,,,,,,,,,,,,,,,,,,,,,,,,,,,
173711,28-Apr-18,11:44:35,2018-04-28 11:44:35,G,2,5,2444,1201,0,7,-62.4983,-60.8347,44:40.8,FastGPS,-62.4983,-60.8347,,1,13.9,0.8,,,,15,29,17410,,,,15,17670,,,,5,8409,,,,13,1475,,,,20,19169,,,,4,10360,,,,26,27913,,,,,,,,,,,,,,,,,,,,,,,,,,,,,,,,,,,,,,,,,,,
173711,28-Apr-18,12:14:13,2018-04-28 12:14:13,G,2,5,2445,1201,0,8,-62.4934,-60.8347,14:17.7,FastGPS,-62.4934,-60.8347,,1,19.3,-0.2,,,,15,10,23395,,,,4,7486,,,,16,518,,,,15,27780,,,,7,7089,,,,26,5913,,,,20,713,,,,8,4932,,,,,,,,,,,,,,,,,,,,,,,,,,,,,,,,,,,,,,
173711,28-Apr-18,12:46:07,2018-04-28 12:46:07,G,3,5,2446,1201,0,6,-62.4875,-60.8237,46:11.3,FastGPS,-62.4875,-60.8237,,,10.5,-0.7,,,,15,15,21906,,,,21,21150,,,,13,10736,,,,10,1464,,,,20,16948,,,,16,19580,,,,,,,,,,,,,,,,,,,,,,,,,,,,,,,,,,,,,,,,,,,,,,,,
173711,28-Apr-18,13:20:19,2018-04-28 13:20:19,G,1,5,2447,1201,0,8,-62.4839,-60.8256,20:23.3,FastGPS,-62.4839,-60.8256,,,4.8,-0.7,,,,15,10,20524,,,,27,7794,,,,30,18613,,,,7,634,,,,18,4034,,,,16,26825,,,,13,29702,,,,8,31448,,,,,,,,,,,,,,,,,,,,,,,,,,,,,,,,,,,,,,
173711,28-Apr-18,13:53:07,2018-04-28 13:53:07,G,5,5,2448,1201,0,5,-62.4928,-60.8362,53:11.8,FastGPS,-62.4928,-60.8362,,,3.2,-0.2,,,,15,15,24590,,,,20,8901,,,,27,14547,,,,10,9504,,,,21,11974,,,,,,,,,,,,,,,,,,,,,,,,,,,,,,,,,,,,,,,,,,,,,,,,,,,,,
173711,28-Apr-18,15:46:35,2018-04-28 15:46:35,G,2,5,2451,,0,9,-62.4975,-60.8338,46:39.8,FastGPS,-62.4975,-60.8338,,,11.2,-0.2,,,,15,22,30615,,,,8,3844,,,,32,5601,,,,14,26075,,,,11,21868,,,,1,15916,,,,28,18231,,,,18,15594,,,,10,12357,,,,,,,,,,,,,,,,,,,,,,,,,,,,,,,,,
173711,28-Apr-18,16:33:24,2018-04-28 16:33:24,G,1,5,2452,,0,9,-62.5099,-60.8354,33:28.2,FastGPS,-62.5099,-60.8354,,,11,-0.8,,,,15,3,11637,,,,1,6692,,,,17,11858,,,,14,2054,,,,32,10716,,,,18,3956,,,,8,13846,,,,22,7948,,,,11,16628,,,,,,,,,,,,,,,,,,,,,,,,,,,,,,,,,
173711,28-Apr-18,17:34:05,2018-04-28 17:34:05,G,1,5,2454,,0,9,-62.5258,-60.8551,34:09.8,FastGPS,-62.5258,-60.8551,,,4.2,-0.2,,,,15,17,178,,,,11,30203,,,,18,7330,,,,1,3268,,,,23,25468,,,,22,27470,,,,3,8040,,,,31,17079,,,,19,10372,,,,,,,,,,,,,,,,,,,,,,,,,,,,,,,,,
173711,28-Apr-18,18:04:08,2018-04-28 18:04:08,G,3,5,2455,,0,9,-62.5282,-60.857,04:12.3,FastGPS,-62.5282,-60.857,,,2.9,-0.7,,,,15,17,10142,,,,19,19380,,,,18,21888,,,,23,29606,,,,12,12828,,,,11,19310,,,,1,29947,,,,22,4440,,,,6,25994,,,,,,,,,,,,,,,,,,,,,,,,,,,,,,,,,
173711,28-Apr-18,18:38:03,2018-04-28 18:38:03,G,1,5,2456,,0,9,-62.529,-60.856,38:07.3,FastGPS,-62.529,-60.856,,,6.9,-0.7,,,,15,17,11154,,,,23,14184,,,,3,21347,,,,22,17574,,,,1,23682,,,,19,1676,,,,31,8002,,,,6,16518,,,,11,25426,,,,,,,,,,,,,,,,,,,,,,,,,,,,,,,,,
173711,28-Apr-18,19:08:01,2018-04-28 19:08:01,G,1,5,2457,,0,9,-62.5289,-60.8542,08:05.8,FastGPS,-62.5289,-60.8542,,,8.8,-0.2,,,,15,19,10020,,,,12,14748,,,,23,23865,,,,17,20064,,,,9,5224,,,,22,9588,,,,3,18355,,,,1,9788,,,,6,5366,,,,,,,,,,,,,,,,,,,,,,,,,,,,,,,,,
173711,28-Apr-18,20:53:00,2018-04-28 20:53:00,G,1,5,2460,1204,0,7,-62.5391,-60.8659,53:04.3,FastGPS,-62.5391,-60.8659,,1,3.4,-0.7,,,,15,9,17280,,,,2,27594,,,,4,2538,,,,6,5761,,,,29,32511,,,,26,6676,,,,7,29434,,,,,,,,,,,,,,,,,,,,,,,,,,,,,,,,,,,,,,,,,,,
173711,28-Apr-18,21:24:00,2018-04-28 21:24:00,G,1,5,2461,1204,0,8,-62.5562,-60.8829,24:04.8,FastGPS,-62.5562,-60.8829,,1,14.7,-0.2,,,,15,2,26328,,,,29,29180,,,,7,19617,,,,5,31286,,,,4,5112,,,,6,19461,,,,9,23818,,,,26,2150,,,,,,,,,,,,,,,,,,,,,,,,,,,,,,,,,,,,,,
173711,28-Apr-18,23:13:00,2018-04-28 23:13:00,G,1,5,2464,1205,0,5,-62.5555,-61.0072,13:04.3,FastGPS,-62.5555,-61.0072,,,9.1,-0.7,,,,15,9,30844,,,,30,5918,,,,7,31571,,,,13,24966,,,,5,32362,,,,,,,,,,,,,,,,,,,,,,,,,,,,,,,,,,,,,,,,,,,,,,,,,,,,,
173711,28-Apr-18,23:54:56,2018-04-28 23:54:56,G,2,5,2465,1205,0,6,-62.5406,-61.068,55:00.8,FastGPS,-62.5406,-61.068,,,2.8,-0.2,,,,15,7,24764,,,,8,31192,,,,30,19713,,,,5,6842,,,,28,19909,,,,9,6790,,,,,,,,,,,,,,,,,,,,,,,,,,,,,,,,,,,,,,,,,,,,,,,,
173711,29-Apr-18,0:25:21,2018-04-29 00:25:21,G,5,5,2466,1205,0,5,-62.5414,-61.1088,25:25.7,FastGPS,-62.5414,-61.1088,,,1.8,-0.3,,,,15,5,29904,,,,15,26940,,,,20,31839,,,,13,7102,,,,21,19288,,,,,,,,,,,,,,,,,,,,,,,,,,,,,,,,,,,,,,,,,,,,,,,,,,,,,
173711,29-Apr-18,0:57:39,2018-04-29 00:57:39,G,2,5,2467,1205,0,5,-62.5401,-61.1384,57:43.4,FastGPS,-62.5401,-61.1384,,,1.7,-0.6,,,,15,15,17494,,,,13,10600,,,,5,12263,,,,20,6963,,,,27,16388,,,,,,,,,,,,,,,,,,,,,,,,,,,,,,,,,,,,,,,,,,,,,,,,,,,,,
173711,29-Apr-18,2:30:56,2018-04-29 02:30:56,G,1,5,2470,1205,0,8,-62.565,-61.142,31:01.8,FastGPS,-62.565,-61.142,,,6.7,0.8,,,,15,17,6149,,,,15,15964,,,,30,13742,,,,28,22102,,,,19,27566,,,,13,3118,,,,20,1861,,,,24,12822,,,,,,,,,,,,,,,,,,,,,,,,,,,,,,,,,,,,,,
173711,29-Apr-18,3:01:02,2018-04-29 03:01:02,G,1,5,2471,1205,0,6,-62.5689,-61.1625,01:06.3,FastGPS,-62.5689,-61.1625,,,9.7,-0.7,,,,15,15,28885,,,,20,7968,,,,10,25606,,,,11,2862,,,,24,22889,,,,13,4208,,,,,,,,,,,,,,,,,,,,,,,,,,,,,,,,,,,,,,,,,,,,,,,,
173711,29-Apr-18,4:25:07,2018-04-29 04:25:07,G,1,5,2473,1205,0,6,-62.5648,-61.0954,25:12.8,FastGPS,-62.5648,-61.0954,,,5.3,0.8,,,,15,12,10818,,,,32,32642,,,,10,17100,,,,1,2474,,,,17,16358,,,,24,32538,,,,,,,,,,,,,,,,,,,,,,,,,,,,,,,,,,,,,,,,,,,,,,,,
173711,29-Apr-18,4:55:04,2018-04-29 04:55:04,G,5,5,2474,1205,0,5,-62.566,-61.1332,55:08.8,FastGPS,-62.566,-61.1332,,,4.8,-0.2,,,,15,17,22054,,,,15,11620,,,,12,27972,,,,6,12165,,,,19,12846,,,,,,,,,,,,,,,,,,,,,,,,,,,,,,,,,,,,,,,,,,,,,,,,,,,,,
173711,29-Apr-18,6:00:47,2018-04-29 06:00:47,G,3,5,2475,,0,9,-62.5651,-61.1477,00:51.8,FastGPS,-62.5651,-61.1477,,,11,-0.2,,,,15,32,14175,,,,12,8568,,,,19,29378,,,,14,20041,,,,6,31470,,,,25,4327,,,,24,4054,,,,2,15931,,,,22,28536,,,,,,,,,,,,,,,,,,,,,,,,,,,,,,,,,
173711,29-Apr-18,7:24:51,2018-04-29 07:24:51,G,1,5,2477,1207,0,5,-62.5657,-61.1498,24:55.8,FastGPS,-62.5657,-61.1498,,,3.5,-0.2,,,,15,29,19209,,,,31,22470,,,,14,27080,,,,32,25572,,,,25,1428,,,,,,,,,,,,,,,,,,,,,,,,,,,,,,,,,,,,,,,,,,,,,,,,,,,,,
173711,29-Apr-18,7:55:30,2018-04-29 07:55:30,G,2,5,2478,1207,0,6,-62.5649,-61.1485,55:34.3,FastGPS,-62.5649,-61.1485,,1,5.8,-0.7,,,,15,12,30743,,,,29,24980,,,,31,21932,,,,2,18558,,,,25,10253,,,,4,13730,,,,,,,,,,,,,,,,,,,,,,,,,,,,,,,,,,,,,,,,,,,,,,,,
173711,29-Apr-18,8:25:47,2018-04-29 08:25:47,G,1,5,2479,1207,0,5,-62.5652,-61.1486,25:52.8,FastGPS,-62.5652,-61.1486,,,9.5,0.8,,,,15,12,26935,,,,31,19108,,,,2,7138,,,,5,21300,,,,25,25050,,,,,,,,,,,,,,,,,,,,,,,,,,,,,,,,,,,,,,,,,,,,,,,,,,,,,
173711,29-Apr-18,11:10:42,2018-04-29 11:10:42,G,1,5,2482,1211,0,7,-62.5651,-61.1484,10:46.8,FastGPS,-62.5651,-61.1484,,1,4.9,-0.2,,,,15,29,32727,,,,4,2802,,,,20,7278,,,,26,314,,,,16,22984,,,,21,30984,,,,15,28944,,,,,,,,,,,,,,,,,,,,,,,,,,,,,,,,,,,,,,,,,,,
173711,29-Apr-18,11:41:32,2018-04-29 11:41:32,G,2,5,2483,,0,9,-62.5779,-61.1518,41:36.8,FastGPS,-62.5779,-61.1518,,1,16.7,-0.2,,,,15,27,23431,,,,16,3039,,,,4,30232,,,,26,16028,,,,7,10904,,,,20,10361,,,,5,28220,,,,21,20451,,,,30,13852,,,,,,,,,,,,,,,,,,,,,,,,,,,,,,,,,
173711,29-Apr-18,15:15:00,2018-04-29 15:15:00,G,1,5,2490,1211,1,4,-62.5401,-61.1384,57:43.4,FastGPS,-62.6116,-61.0551,,,0.5,-0.8,,,,15,10,12223,,,,14,16335,,,,27,20964,,,,32,30644,,,,,,,,,,,,,,,,,,,,,,,,,,,,,,,,,,,,,,,,,,,,,,,,,,,,,,,,,,
173711,29-Apr-18,15:45:00,2018-04-29 15:45:00,G,1,5,2491,1211,1,5,-62.6148,-61.066,45:05.3,FastGPS,-62.6148,-61.066,,,2.2,0.3,,,,15,10,1360,,,,14,32692,,,,32,6130,,,,22,6843,,,,27,29128,,,,,,,,,,,,,,,,,,,,,,,,,,,,,,,,,,,,,,,,,,,,,,,,,,,,,
173711,30-Apr-18,23:18:01,2018-04-30 23:18:01,G,1,5,2494,1213,0,6,-62.5953,-61.0735,18:06.8,FastGPS,-62.5953,-61.0735,,,12.1,0.9,,,,15,5,32590,,,,7,15749,,,,9,6294,,,,30,26524,,,,13,9782,,,,8,6441,,,,,,,,,,,,,,,,,,,,,,,,,,,,,,,,,,,,,,,,,,,,,,,,
173711,30-Apr-18,23:48:41,2018-04-30 23:48:41,G,1,5,2495,1213,0,7,-62.5791,-61.0823,48:46.4,FastGPS,-62.5791,-61.0823,,,8.4,0.4,,,,15,8,1250,,,,7,17086,,,,30,17392,,,,9,27062,,,,28,26087,,,,27,12707,,,,5,950,,,,,,,,,,,,,,,,,,,,,,,,,,,,,,,,,,,,,,,,,,,
173711,1-May-18,0:19:41,2018-05-01 00:19:41,G,1,5,2496,1213,0,6,-62.5601,-61.0667,19:46.8,FastGPS,-62.5601,-61.0667,,,6,0.8,,,,15,7,30258,,,,28,15100,,,,8,12764,,,,27,1546,,,,13,29238,,,,5,4804,,,,,,,,,,,,,,,,,,,,,,,,,,,,,,,,,,,,,,,,,,,,,,,,
173711,1-May-18,0:50:26,2018-05-01 00:50:26,G,1,5,2497,1213,0,4,-62.545,-60.9955,20:09.4,FastGPS,-62.5585,-61.0309,,,0.2,0.5,,,,15,7,24088,,,,30,17756,,,,28,12722,,,,27,17498,,,,,,,,,,,,,,,,,,,,,,,,,,,,,,,,,,,,,,,,,,,,,,,,,,,,,,,,,,
173711,1-May-18,1:20:04,2018-05-01 01:20:04,G,3,5,2498,1213,0,7,-62.5449,-60.9954,20:09.4,FastGPS,-62.5449,-60.9954,,,12.5,0.4,,,,15,7,25278,,,,8,31452,,,,11,22296,,,,5,17530,,,,15,24790,,,,27,19734,,,,28,18676,,,,,,,,,,,,,,,,,,,,,,,,,,,,,,,,,,,,,,,,,,,
173711,1-May-18,1:52:22,2018-05-01 01:52:22,G,1,5,2499,1213,0,6,-62.5228,-60.9793,52:27.8,FastGPS,-62.5228,-60.9793,,,6,0.9,,,,15,17,31206,,,,30,17248,,,,15,24623,,,,7,26049,,,,13,30608,,,,11,18305,,,,,,,,,,,,,,,,,,,,,,,,,,,,,,,,,,,,,,,,,,,,,,,,
173711,1-May-18,2:23:28,2018-05-01 02:23:28,G,2,5,2500,1213,0,6,-62.5144,-60.9572,23:32.8,FastGPS,-62.5144,-60.9572,,,8.5,-0.1,,,,15,17,12766,,,,30,13928,,,,13,3230,,,,11,14565,,,,28,22885,,,,18,1134,,,,,,,,,,,,,,,,,,,,,,,,,,,,,,,,,,,,,,,,,,,,,,,,
173711,1-May-18,2:54:48,2018-05-01 02:54:48,G,1,5,2501,1213,0,8,-62.4951,-60.9686,54:52.8,FastGPS,-62.4951,-60.9686,,,8.8,-0.2,,,,15,17,6163,,,,15,28831,,,,13,423,,,,19,32300,,,,11,4079,,,,28,30832,,,,20,6489,,,,10,28056,,,,,,,,,,,,,,,,,,,,,,,,,,,,,,,,,,,,,,
173711,1-May-18,3:28:39,2018-05-01 03:28:39,G,1,5,2502,1213,0,4,-62.545,-60.9955,20:09.4,FastGPS,-62.4848,-61.0131,,,1.1,0,,,,15,19,12104,,,,28,14120,,,,17,24247,,,,13,12273,,,,,,,,,,,,,,,,,,,,,,,,,,,,,,,,,,,,,,,,,,,,,,,,,,,,,,,,,,
173711,1-May-18,4:34:00,2018-05-01 04:34:00,G,2,5,2504,1213,0,6,-62.4465,-61.0138,34:04.8,FastGPS,-62.4465,-61.0138,,,13.4,-0.2,,,,15,17,31114,,,,6,10156,,,,19,29068,,,,12,6125,,,,15,22660,,,,25,3118,,,,,,,,,,,,,,,,,,,,,,,,,,,,,,,,,,,,,,,,,,,,,,,,
173711,1-May-18,5:05:27,2018-05-01 05:05:27,G,3,5,2505,1213,0,5,-62.4358,-61.0069,05:31.3,FastGPS,-62.4358,-61.0069,,,5.6,-0.7,,,,15,17,4372,,,,6,18613,,,,12,11624,,,,32,26766,,,,19,2309,,,,,,,,,,,,,,,,,,,,,,,,,,,,,,,,,,,,,,,,,,,,,,,,,,,,,
173711,1-May-18,5:35:06,2018-05-01 05:35:06,G,2,5,2506,1213,0,5,-62.4315,-61.0111,35:11.4,FastGPS,-62.4315,-61.0111,,,2.2,0.4,,,,15,17,30704,,,,12,4762,,,,2,13353,,,,3,4459,,,,19,22574,,,,,,,,,,,,,,,,,,,,,,,,,,,,,,,,,,,,,,,,,,,,,,,,,,,,,
173711,1-May-18,6:05:09,2018-05-01 06:05:09,G,2,5,2507,1213,0,5,-62.4312,-60.9522,05:14.8,FastGPS,-62.4312,-60.9522,,,7.5,0.9,,,,15,17,2374,,,,12,3252,,,,6,3773,,,,19,13544,,,,3,31228,,,,,,,,,,,,,,,,,,,,,,,,,,,,,,,,,,,,,,,,,,,,,,,,,,,,,
173711,1-May-18,6:35:02,2018-05-01 06:35:02,G,1,5,2508,1213,0,4,-62.545,-60.9955,20:09.4,FastGPS,-62.4357,-60.9057,,,1.7,-0.2,,,,15,12,11730,,,,32,25264,,,,29,18816,,,,25,9310,,,,,,,,,,,,,,,,,,,,,,,,,,,,,,,,,,,,,,,,,,,,,,,,,,,,,,,,,,
173711,1-May-18,7:06:44,2018-05-01 07:06:44,G,1,5,2509,1213,0,6,-62.4451,-60.8642,06:48.3,FastGPS,-62.4451,-60.8642,,,17.2,-0.7,,,,15,31,30546,,,,29,19156,,,,6,4970,,,,25,29700,,,,19,19779,,,,32,5234,,,,,,,,,,,,,,,,,,,,,,,,,,,,,,,,,,,,,,,,,,,,,,,,
173711,1-May-18,8:28:45,2018-05-01 08:28:45,G,1,5,2510,,0,9,-62.4783,-60.7959,28:50.3,FastGPS,-62.4783,-60.7959,,1,5.3,0.4,,,,15,5,14699,,,,31,29554,,,,4,11728,,,,12,31995,,,,2,26889,,,,29,14724,,,,23,18028,,,,25,22787,,,,26,31980,,,,,,,,,,,,,,,,,,,,,,,,,,,,,,,,,
173711,1-May-18,9:47:56,2018-05-01 09:47:56,G,3,5,2512,1217,0,4,-62.545,-60.9955,20:09.4,FastGPS,,,,,,,,,,15,5,18109,,,,29,28494,,,,25,9514,,,,4,25296,,,,,,,,,,,,,,,,,,,,,,,,,,,,,,,,,,,,,,,,,,,,,,,,,,,,,,,,,,
173711,1-May-18,10:18:00,2018-05-01 10:18:00,G,2,5,2513,1217,0,7,-62.4732,-60.7996,18:05.3,FastGPS,-62.4732,-60.7996,,1,6.8,0.4,,,,15,21,17816,,,,4,25519,,,,16,26806,,,,26,14767,,,,20,11311,,,,29,27793,,,,27,24708,,,,,,,,,,,,,,,,,,,,,,,,,,,,,,,,,,,,,,,,,,,
173711,1-May-18,12:04:57,2018-05-01 12:04:57,G,1,5,2516,,0,9,-62.4682,-60.8041,05:02.4,FastGPS,-62.4682,-60.8041,,1,7.6,0.4,,,,15,16,134,,,,20,9044,,,,21,27908,,,,15,7681,,,,10,10892,,,,27,726,,,,30,18526,,,,26,31814,,,,4,32727,,,,,,,,,,,,,,,,,,,,,,,,,,,,,,,,,
173711,1-May-18,13:43:46,2018-05-01 13:43:46,G,1,5,2518,1220,0,5,-62.4775,-60.8116,43:51.9,FastGPS,-62.4775,-60.8116,,,0.7,0.9,,,,15,10,10368,,,,32,7215,,,,21,29332,,,,8,23398,,,,27,8116,,,,,,,,,,,,,,,,,,,,,,,,,,,,,,,,,,,,,,,,,,,,,,,,,,,,,
173711,1-May-18,14:18:00,2018-05-01 14:18:00,G,1,5,2519,1220,0,5,-62.4822,-60.821,18:04.3,FastGPS,-62.4822,-60.821,,,2.2,-0.7,,,,15,8,20776,,,,18,7227,,,,10,5550,,,,1,18366,,,,15,16282,,,,,,,,,,,,,,,,,,,,,,,,,,,,,,,,,,,,,,,,,,,,,,,,,,,,,
173711,1-May-18,14:49:09,2018-05-01 14:49:09,G,1,5,2520,1220,0,8,-62.4872,-60.8307,49:14.9,FastGPS,-62.4872,-60.8307,,,12.2,0.9,,,,15,27,4030,,,,32,16713,,,,10,26126,,,,11,6580,,,,1,24656,,,,8,1158,,,,14,64,,,,18,6074,,,,,,,,,,,,,,,,,,,,,,,,,,,,,,,,,,,,,,
173711,1-May-18,15:19:00,2018-05-01 15:19:00,G,1,5,2521,1220,0,7,-62.4958,-60.8395,19:04.9,FastGPS,-62.4958,-60.8395,,,8.3,-0.1,,,,15,18,18325,,,,11,22758,,,,1,21672,,,,8,11748,,,,32,7334,,,,14,20575,,,,28,5113,,,,,,,,,,,,,,,,,,,,,,,,,,,,,,,,,,,,,,,,,,,
173711,1-May-18,16:23:52,2018-05-01 16:23:52,G,2,5,2523,1220,0,8,-62.5084,-60.8409,23:56.9,FastGPS,-62.5084,-60.8409,,,16.5,-0.1,,,,15,14,2258,,,,32,3077,,,,3,17828,,,,11,10968,,,,22,10293,,,,10,12977,,,,18,30674,,,,8,28642,,,,,,,,,,,,,,,,,,,,,,,,,,,,,,,,,,,,,,
173711,1-May-18,17:14:02,2018-05-01 17:14:02,G,2,5,2524,1221,0,8,-62.5163,-60.8519,14:06.4,FastGPS,-62.5163,-60.8519,,,3,-0.6,,,,15,17,29920,,,,18,32161,,,,11,20471,,,,31,25426,,,,3,21890,,,,1,14230,,,,22,25692,,,,19,24513,,,,,,,,,,,,,,,,,,,,,,,,,,,,,,,,,,,,,,
173711,1-May-18,18:35:46,2018-05-01 18:35:46,G,1,5,2526,1222,0,8,-62.5285,-60.8736,35:51.9,FastGPS,-62.5285,-60.8736,,,6.3,0.9,,,,15,31,25532,,,,22,8192,,,,17,27949,,,,9,12029,,,,1,32076,,,,3,2621,,,,23,347,,,,6,5750,,,,,,,,,,,,,,,,,,,,,,,,,,,,,,,,,,,,,,
173711,1-May-18,21:17:14,2018-05-01 21:17:14,G,3,5,2531,1222,0,5,-62.5241,-60.8752,17:18.3,FastGPS,-62.5241,-60.8752,,,0.7,-0.6,,,,15,23,760,,,,7,20709,,,,16,14788,,,,9,2745,,,,2,28898,,,,,,,,,,,,,,,,,,,,,,,,,,,,,,,,,,,,,,,,,,,,,,,,,,,,,
173711,1-May-18,21:52:43,2018-05-01 21:52:43,G,1,5,2532,1222,0,5,-62.5104,-60.9081,52:48.8,FastGPS,-62.5104,-60.9081,,,8.6,0.8,,,,15,7,13186,,,,9,11246,,,,30,1698,,,,2,6187,,,,23,20838,,,,,,,,,,,,,,,,,,,,,,,,,,,,,,,,,,,,,,,,,,,,,,,,,,,,,
173711,2-May-18,0:45:44,2018-05-02 00:45:44,G,4,5,2537,1222,0,7,-62.5123,-61.1776,45:49.4,FastGPS,-62.5123,-61.1776,,,18.1,0.4,,,,15,5,20623,,,,15,27558,,,,28,17191,,,,13,20818,,,,30,25030,,,,27,24550,,,,20,8802,,,,,,,,,,,,,,,,,,,,,,,,,,,,,,,,,,,,,,,,,,,
173711,2-May-18,2:47:07,2018-05-02 02:47:07,G,1,5,2539,,0,9,-62.567,-61.27,47:12.4,FastGPS,-62.567,-61.27,,,19.2,0.4,,,,15,17,29369,,,,28,13948,,,,11,10882,,,,18,26255,,,,13,17544,,,,15,5797,,,,19,20797,,,,30,17146,,,,1,25556,,,,,,,,,,,,,,,,,,,,,,,,,,,,,,,,,
173711,2-May-18,3:47:02,2018-05-02 03:47:02,G,2,5,2541,,0,9,-62.5643,-61.2977,47:07.9,FastGPS,-62.5643,-61.2977,,,14.2,0.9,,,,15,17,16310,,,,11,9076,,,,1,30360,,,,32,7468,,,,19,1284,,,,18,11944,,,,12,13750,,,,10,24798,,,,24,2900,,,,,,,,,,,,,,,,,,,,,,,,,,,,,,,,,
173711,2-May-18,5:34:22,2018-05-02 05:34:22,G,1,5,2542,1231,0,7,-62.5416,-61.171,34:27.4,FastGPS,-62.5416,-61.171,,,4,0.4,,,,15,2,3950,,,,25,7810,,,,24,5320,,,,32,17085,,,,12,17852,,,,6,27399,,,,14,19699,,,,,,,,,,,,,,,,,,,,,,,,,,,,,,,,,,,,,,,,,,,
173711,2-May-18,6:50:42,2018-05-02 06:50:42,G,4,5,2544,1232,0,7,-62.5743,-61.1474,50:47.9,FastGPS,-62.5743,-61.1474,,,8.5,0.9,,,,15,31,11347,,,,29,21545,,,,25,31484,,,,14,11644,,,,3,1774,,,,32,5556,,,,12,29974,,,,,,,,,,,,,,,,,,,,,,,,,,,,,,,,,,,,,,,,,,,
173711,2-May-18,7:25:02,2018-05-02 07:25:02,G,4,5,2545,1232,0,7,-62.5796,-61.125,25:07.4,FastGPS,-62.5796,-61.125,,1,11.5,0.4,,,,15,31,20254,,,,6,1208,,,,29,30088,,,,4,30636,,,,2,27112,,,,23,21351,,,,14,18975,,,,,,,,,,,,,,,,,,,,,,,,,,,,,,,,,,,,,,,,,,,
173711,2-May-18,9:38:08,2018-05-02 09:38:08,G,1,5,2549,1232,0,7,-62.6176,-61.0132,38:13.4,FastGPS,-62.6176,-61.0132,,1,8.5,0.4,,,,15,5,13360,,,,16,20824,,,,9,5181,,,,26,3569,,,,2,1276,,,,4,17199,,,,29,537,,,,,,,,,,,,,,,,,,,,,,,,,,,,,,,,,,,,,,,,,,,
173711,2-May-18,10:25:53,2018-05-02 10:25:53,G,1,5,2550,1233,0,5,-62.5846,-60.8966,23:04.4,FastGPS,-62.6113,-60.9816,,1,0.6,0.4,,,,15,5,721,,,,29,18299,,,,21,19186,,,,4,6167,,,,20,17224,,,,,,,,,,,,,,,,,,,,,,,,,,,,,,,,,,,,,,,,,,,,,,,,,,,,,
173711,2-May-18,12:00:01,2018-05-02 12:00:01,G,1,5,2552,1235,0,7,-62.5897,-60.9113,00:06.8,FastGPS,-62.5897,-60.9113,,,10.3,0.9,,,,15,15,25962,,,,13,747,,,,7,87,,,,21,16986,,,,20,29690,,,,30,6674,,,,27,19510,,,,,,,,,,,,,,,,,,,,,,,,,,,,,,,,,,,,,,,,,,,
173711,2-May-18,14:01:15,2018-05-02 14:01:15,G,2,5,2555,1237,0,7,-62.5654,-60.8328,01:20.4,FastGPS,-62.5654,-60.8328,,,9.5,0.4,,,,15,32,29348,,,,21,6034,,,,10,3867,,,,24,11742,,,,20,18316,,,,15,15836,,,,27,13994,,,,,,,,,,,,,,,,,,,,,,,,,,,,,,,,,,,,,,,,,,,
173711,2-May-18,18:18:15,2018-05-02 18:18:15,G,1,5,2561,1241,0,7,-62.5204,-60.8456,18:20.4,FastGPS,-62.5204,-60.8456,,,5.3,0.4,,,,15,31,1576,,,,22,22310,,,,3,16470,,,,14,4348,,,,18,27646,,,,23,31350,,,,17,15770,,,,,,,,,,,,,,,,,,,,,,,,,,,,,,,,,,,,,,,,,,,
173711,2-May-18,20:48:58,2018-05-02 20:48:58,G,1,5,2565,1243,0,6,-62.5645,-60.8339,49:02.4,FastGPS,-62.5645,-60.8339,,,2.4,-0.6,,,,15,7,7617,,,,9,17992,,,,6,22106,,,,2,13877,,,,29,30361,,,,23,9178,,,,,,,,,,,,,,,,,,,,,,,,,,,,,,,,,,,,,,,,,,,,,,,,
173711,2-May-18,21:36:24,2018-05-02 21:36:24,G,1,5,2566,1244,0,6,-62.5776,-60.8618,36:28.9,FastGPS,-62.5776,-60.8618,,,3.8,-0.1,,,,15,7,3130,,,,2,5437,,,,9,20234,,,,23,2403,,,,5,23634,,,,29,7855,,,,,,,,,,,,,,,,,,,,,,,,,,,,,,,,,,,,,,,,,,,,,,,,
173711,2-May-18,23:08:18,2018-05-02 23:08:18,G,1,5,2567,1248,0,5,-62.5821,-60.888,08:22.9,FastGPS,-62.5821,-60.888,,,10.5,-0.1,,,,15,27,23386,,,,5,31258,,,,7,17211,,,,16,5566,,,,13,2075,,,,,,,,,,,,,,,,,,,,,,,,,,,,,,,,,,,,,,,,,,,,,,,,,,,,,
173711,2-May-18,23:53:09,2018-05-02 23:53:09,G,1,5,2568,1249,0,6,-62.5861,-60.8894,53:14.9,FastGPS,-62.5861,-60.8894,,,5.3,0.9,,,,15,7,20069,,,,30,22636,,,,8,6314,,,,5,13429,,,,9,4064,,,,13,1370,,,,,,,,,,,,,,,,,,,,,,,,,,,,,,,,,,,,,,,,,,,,,,,,
173711,3-May-18,0:23:00,2018-05-03 00:23:00,G,3,5,2569,1249,0,4,-62.5882,-60.9176,53:33.9,FastGPS,-62.5846,-60.8966,,,0.5,-0.6,,,,15,30,19600,,,,28,11519,,,,7,4364,,,,27,31272,,,,,,,,,,,,,,,,,,,,,,,,,,,,,,,,,,,,,,,,,,,,,,,,,,,,,,,,,,
173711,3-May-18,1:23:00,2018-05-03 01:23:00,G,2,5,2570,1251,0,6,-62.5883,-60.911,23:04.9,FastGPS,-62.5883,-60.911,,,13,-0.1,,,,15,15,28545,,,,13,25642,,,,30,12824,,,,8,18586,,,,28,6883,,,,20,18916,,,,,,,,,,,,,,,,,,,,,,,,,,,,,,,,,,,,,,,,,,,,,,,,
173711,3-May-18,1:53:29,2018-05-03 01:53:29,G,1,5,2571,1251,0,4,-62.5894,-60.9366,53:06.9,FastGPS,-62.5882,-60.9176,,,0.6,-0.1,,,,15,15,12482,,,,20,23292,,,,13,25652,,,,28,372,,,,,,,,,,,,,,,,,,,,,,,,,,,,,,,,,,,,,,,,,,,,,,,,,,,,,,,,,,
173711,3-May-18,2:53:01,2018-05-03 02:53:01,G,1,5,2573,1251,0,7,-62.5894,-60.9366,53:06.9,FastGPS,-62.5894,-60.9366,,,10.6,0.9,,,,15,17,22404,,,,15,13327,,,,13,2444,,,,19,18188,,,,24,15007,,,,10,25028,,,,28,2916,,,,,,,,,,,,,,,,,,,,,,,,,,,,,,,,,,,,,,,,,,,
173711,3-May-18,4:12:01,2018-05-03 04:12:01,G,1,5,2575,1252,0,6,-62.6097,-60.9855,12:05.4,FastGPS,-62.6097,-60.9855,,,16.1,-0.6,,,,15,12,25894,,,,10,9128,,,,17,16670,,,,15,17020,,,,24,4708,,,,19,19508,,,,,,,,,,,,,,,,,,,,,,,,,,,,,,,,,,,,,,,,,,,,,,,,
173711,3-May-18,5:57:20,2018-05-03 05:57:20,G,2,5,2577,,0,9,-62.6097,-60.9909,57:25.4,FastGPS,-62.6097,-60.9909,,,10.2,0.4,,,,15,31,20539,,,,12,24958,,,,17,22507,,,,22,16996,,,,25,25831,,,,3,22514,,,,19,2515,,,,6,25873,,,,32,3844,,,,,,,,,,,,,,,,,,,,,,,,,,,,,,,,,
173711,3-May-18,7:28:46,2018-05-03 07:28:46,G,2,5,2579,1257,0,6,-62.6097,-60.9801,28:51.4,FastGPS,-62.6097,-60.9801,,1,3.1,0.4,,,,15,31,17168,,,,29,4104,,,,12,10966,,,,4,13032,,,,2,7002,,,,6,22650,,,,,,,,,,,,,,,,,,,,,,,,,,,,,,,,,,,,,,,,,,,,,,,,
173711,3-May-18,7:59:02,2018-05-03 07:59:02,G,2,5,2580,1257,0,7,-62.6046,-60.9746,59:07.4,FastGPS,-62.6046,-60.9746,,1,3.7,0.4,,,,15,12,4149,,,,5,17562,,,,29,24408,,,,25,8760,,,,31,20010,,,,2,2354,,,,4,12533,,,,,,,,,,,,,,,,,,,,,,,,,,,,,,,,,,,,,,,,,,,
173711,3-May-18,8:30:28,2018-05-03 08:30:28,G,1,5,2581,1257,0,7,-62.6037,-60.9718,30:33.9,FastGPS,-62.6037,-60.9718,,1,3,0.9,,,,15,31,5250,,,,29,12662,,,,12,5086,,,,5,31106,,,,25,17806,,,,21,3374,,,,4,646,,,,,,,,,,,,,,,,,,,,,,,,,,,,,,,,,,,,,,,,,,,
173711,3-May-18,9:15:04,2018-05-03 09:15:04,G,3,5,2582,1258,0,7,-62.6028,-60.975,15:08.4,FastGPS,-62.6028,-60.975,,1,6.4,-0.6,,,,15,31,24211,,,,29,13313,,,,5,23744,,,,25,32296,,,,26,15076,,,,4,14598,,,,21,14123,,,,,,,,,,,,,,,,,,,,,,,,,,,,,,,,,,,,,,,,,,,
173711,3-May-18,9:45:00,2018-05-03 09:45:00,G,1,5,2583,1258,0,5,-62.5894,-60.9366,53:06.9,FastGPS,-62.6026,-60.9729,,1,1.2,0.4,,,,15,29,4222,,,,21,29753,,,,4,14240,,,,26,11721,,,,5,2691,,,,,,,,,,,,,,,,,,,,,,,,,,,,,,,,,,,,,,,,,,,,,,,,,,,,,
173711,3-May-18,10:15:00,2018-05-03 10:15:00,G,1,5,2584,1258,0,6,-62.6003,-60.9638,15:05.4,FastGPS,-62.6003,-60.9638,,1,5.2,0.4,,,,15,29,1638,,,,26,4726,,,,5,9020,,,,4,9804,,,,21,24744,,,,20,14108,,,,,,,,,,,,,,,,,,,,,,,,,,,,,,,,,,,,,,,,,,,,,,,,
173711,3-May-18,11:00:30,2018-05-03 11:00:30,G,1,5,2585,1259,0,6,-62.6002,-60.9635,00:35.9,FastGPS,-62.6002,-60.9635,,1,13,0.9,,,,15,5,32388,,,,29,18876,,,,20,26170,,,,21,15800,,,,4,26276,,,,26,28312,,,,,,,,,,,,,,,,,,,,,,,,,,,,,,,,,,,,,,,,,,,,,,,,
173711,3-May-18,12:01:49,2018-05-03 12:01:49,G,1,5,2586,1261,0,6,-62.5974,-60.9585,01:53.9,FastGPS,-62.5974,-60.9585,,,8.7,-0.1,,,,15,13,22084,,,,7,12128,,,,15,23842,,,,27,21172,,,,30,32520,,,,21,23882,,,,,,,,,,,,,,,,,,,,,,,,,,,,,,,,,,,,,,,,,,,,,,,,
173711,3-May-18,13:49:54,2018-05-03 13:49:54,G,1,5,2589,1262,0,5,-62.5981,-60.9602,49:58.9,FastGPS,-62.5981,-60.9602,,,6.7,-0.1,,,,15,15,32186,,,,20,14830,,,,11,18662,,,,10,23,,,,27,27924,,,,,,,,,,,,,,,,,,,,,,,,,,,,,,,,,,,,,,,,,,,,,,,,,,,,,
173711,3-May-18,14:53:41,2018-05-03 14:53:41,G,3,5,2590,1264,0,5,-62.6001,-60.9606,53:45.4,FastGPS,-62.6001,-60.9606,,,11.3,-0.6,,,,15,32,2156,,,,10,9603,,,,8,24310,,,,27,27690,,,,1,25766,,,,,,,,,,,,,,,,,,,,,,,,,,,,,,,,,,,,,,,,,,,,,,,,,,,,,
173711,3-May-18,15:48:04,2018-05-03 15:48:04,G,2,5,2591,1265,0,7,-62.5997,-60.9617,48:09.4,FastGPS,-62.5997,-60.9617,,,12.3,0.4,,,,15,14,664,,,,32,18276,,,,1,14316,,,,18,378,,,,3,26110,,,,8,15942,,,,22,15764,,,,,,,,,,,,,,,,,,,,,,,,,,,,,,,,,,,,,,,,,,,
173711,3-May-18,16:21:03,2018-05-03 16:21:03,G,3,5,2592,1265,0,6,-62.6003,-60.9628,21:08.9,FastGPS,-62.6003,-60.9628,,,5.2,0.9,,,,15,32,348,,,,10,27046,,,,31,16136,,,,18,31108,,,,1,19618,,,,14,14728,,,,,,,,,,,,,,,,,,,,,,,,,,,,,,,,,,,,,,,,,,,,,,,,
173711,3-May-18,17:39:15,2018-05-03 17:39:15,G,4,5,2593,,0,9,-62.5931,-60.957,39:19.4,FastGPS,-62.5931,-60.957,,1,9.9,-0.6,,,,15,18,14742,,,,31,21542,,,,23,20876,,,,1,17616,,,,17,25340,,,,11,10592,,,,14,31614,,,,22,18330,,,,3,25010,,,,,,,,,,,,,,,,,,,,,,,,,,,,,,,,,
173711,3-May-18,18:10:58,2018-05-03 18:10:58,G,2,5,2594,,0,9,-62.5911,-60.953,11:03.9,FastGPS,-62.5911,-60.953,,1,8.8,0.9,,,,15,31,23888,,,,23,11642,,,,17,17094,,,,14,9166,,,,18,247,,,,1,2894,,,,19,25515,,,,22,21370,,,,3,7836,,,,,,,,,,,,,,,,,,,,,,,,,,,,,,,,,
173711,3-May-18,18:57:23,2018-05-03 18:57:23,G,2,5,2595,1269,0,4,-62.5894,-60.9366,53:06.9,FastGPS,-62.5892,-60.9424,,,0.4,-0.2,,,,15,31,8982,,,,3,13452,,,,22,17498,,,,6,9898,,,,,,,,,,,,,,,,,,,,,,,,,,,,,,,,,,,,,,,,,,,,,,,,,,,,,,,,,,
173711,3-May-18,19:59:12,2018-05-03 19:59:12,G,1,5,2596,1271,0,5,-62.5984,-60.9522,59:16.4,FastGPS,-62.5984,-60.9522,,,1.6,-0.6,,,,15,9,28230,,,,6,10352,,,,2,28276,,,,31,213,,,,3,10390,,,,,,,,,,,,,,,,,,,,,,,,,,,,,,,,,,,,,,,,,,,,,,,,,,,,,
173711,3-May-18,20:50:03,2018-05-03 20:50:03,G,1,5,2597,1272,0,6,-62.5892,-60.9424,57:27.8,FastGPS,-62.6032,-60.9579,,2,0.3,0.5,,,,15,29,10288,,,,4,11618,,,,26,30447,,,,9,31940,,,,2,21659,,,,23,1793,,,,,,,,,,,,,,,,,,,,,,,,,,,,,,,,,,,,,,,,,,,,,,,,
173711,3-May-18,21:20:31,2018-05-03 21:20:31,G,1,5,2598,1272,0,6,-62.6068,-60.9579,20:35.9,FastGPS,-62.6068,-60.9579,,,7.9,-0.1,,,,15,23,23585,,,,7,1838,,,,16,28840,,,,9,2763,,,,2,10080,,,,30,25570,,,,,,,,,,,,,,,,,,,,,,,,,,,,,,,,,,,,,,,,,,,,,,,,
173711,3-May-18,22:06:31,2018-05-03 22:06:31,G,2,5,2599,1273,0,7,-62.6076,-60.9759,06:35.9,FastGPS,-62.6076,-60.9759,,1,10.9,-0.1,,,,15,7,28460,,,,30,22078,,,,23,14081,,,,9,974,,,,5,10111,,,,2,21190,,,,16,4947,,,,,,,,,,,,,,,,,,,,,,,,,,,,,,,,,,,,,,,,,,,
173711,3-May-18,22:36:00,2018-05-03 22:36:00,G,1,5,2600,1273,0,6,-62.6069,-60.9772,36:04.4,FastGPS,-62.6069,-60.9772,,,11.4,-0.6,,,,15,9,26247,,,,30,31520,,,,5,17396,,,,7,3610,,,,13,23335,,,,2,30664,,,,,,,,,,,,,,,,,,,,,,,,,,,,,,,,,,,,,,,,,,,,,,,,
173711,3-May-18,23:06:00,2018-05-03 23:06:00,G,2,5,2601,1273,0,7,-62.6074,-60.9771,06:05.9,FastGPS,-62.6074,-60.9771,,,11.5,0.9,,,,15,30,29034,,,,9,7666,,,,7,18228,,,,13,13098,,,,5,2115,,,,28,10969,,,,21,1114,,,,,,,,,,,,,,,,,,,,,,,,,,,,,,,,,,,,,,,,,,,
173711,3-May-18,23:51:00,2018-05-03 23:51:00,G,1,5,2602,1274,0,4,-62.533,-60.871,5/4/2018 13:54,A,-62.6061,-60.9771,,,3.3,-0.1,,,,15,5,21524,,,,8,22533,,,,9,6073,,,,28,14104,,,,,,,,,,,,,,,,,,,,,,,,,,,,,,,,,,,,,,,,,,,,,,,,,,,,,,,,,,
173711,4-May-18,2:44:20,2018-05-04 02:44:20,G,1,5,2607,1275,0,8,-62.6045,-60.9544,44:24.4,FastGPS,-62.6045,-60.9544,,,8.3,-0.6,,,,15,17,25772,,,,19,18574,,,,28,5562,,,,18,4532,,,,11,16440,,,,1,14856,,,,13,5923,,,,30,2468,,,,,,,,,,,,,,,,,,,,,,,,,,,,,,,,,,,,,,
173711,4-May-18,3:15:26,2018-05-04 03:15:26,G,1,5,2608,1275,0,7,-62.603,-60.9586,15:31.4,FastGPS,-62.603,-60.9586,,,9.8,0.4,,,,15,17,10069,,,,18,14007,,,,19,28454,,,,11,29352,,,,28,6983,,,,13,2971,,,,1,21470,,,,,,,,,,,,,,,,,,,,,,,,,,,,,,,,,,,,,,,,,,,
173711,4-May-18,4:06:31,2018-05-04 04:06:31,G,2,5,2609,1276,0,8,-62.606,-60.9659,06:36.9,FastGPS,-62.606,-60.9659,,,6.9,0.9,,,,15,32,20915,,,,17,29598,,,,12,233,,,,10,25379,,,,24,15693,,,,1,14950,,,,28,5106,,,,19,29856,,,,,,,,,,,,,,,,,,,,,,,,,,,,,,,,,,,,,,
173711,4-May-18,4:52:00,2018-05-04 04:52:00,G,1,5,2610,1277,0,7,-62.6067,-60.9548,52:04.4,FastGPS,-62.6067,-60.9548,,,7.5,-0.6,,,,15,12,2347,,,,24,27067,,,,32,19918,,,,22,16566,,,,1,22981,,,,25,12954,,,,17,1316,,,,,,,,,,,,,,,,,,,,,,,,,,,,,,,,,,,,,,,,,,,
173711,4-May-18,5:23:58,2018-05-04 05:23:58,G,2,5,2611,1277,0,6,-62.6013,-60.9544,24:03.9,FastGPS,-62.6013,-60.9544,,,8.7,0.9,,,,15,17,25626,,,,6,14512,,,,19,20867,,,,24,2163,,,,2,16663,,,,25,22372,,,,,,,,,,,,,,,,,,,,,,,,,,,,,,,,,,,,,,,,,,,,,,,,
173711,4-May-18,5:54:12,2018-05-04 05:54:12,G,1,5,2612,1277,0,7,-62.5948,-60.9466,54:16.4,FastGPS,-62.5948,-60.9466,,,12.2,-0.6,,,,15,17,29471,,,,12,4368,,,,19,11674,,,,2,443,,,,24,9078,,,,6,6088,,,,3,1562,,,,,,,,,,,,,,,,,,,,,,,,,,,,,,,,,,,,,,,,,,,
173711,4-May-18,6:26:57,2018-05-04 06:26:57,G,1,5,2613,,0,9,-62.5876,-60.9403,27:02.4,FastGPS,-62.5876,-60.9403,,,10.6,0.4,,,,15,31,27062,,,,2,27058,,,,3,12337,,,,6,13968,,,,19,904,,,,12,30397,,,,24,11417,,,,32,3204,,,,14,15361,,,,,,,,,,,,,,,,,,,,,,,,,,,,,,,,,
173711,4-May-18,6:57:38,2018-05-04 06:57:38,G,1,5,2614,1277,0,7,-62.587,-60.9324,57:43.9,FastGPS,-62.587,-60.9324,,,13.3,0.9,,,,15,6,22666,,,,12,5255,,,,31,1299,,,,2,17132,,,,29,22966,,,,19,32168,,,,25,25870,,,,,,,,,,,,,,,,,,,,,,,,,,,,,,,,,,,,,,,,,,,
173711,4-May-18,7:44:49,2018-05-04 07:44:49,G,1,5,2615,1278,0,8,-62.5825,-60.9241,44:53.9,FastGPS,-62.5825,-60.9241,,,9.3,-0.1,,,,15,12,14614,,,,6,19783,,,,23,28494,,,,2,26169,,,,29,4527,,,,5,15282,,,,25,23704,,,,31,18680,,,,,,,,,,,,,,,,,,,,,,,,,,,,,,,,,,,,,,
173711,4-May-18,9:49:15,2018-05-04 09:49:15,G,1,5,2619,1278,0,7,-62.5986,-60.9542,49:19.9,FastGPS,-62.5986,-60.9542,,1,9.4,-0.1,,,,15,21,7837,,,,16,28349,,,,31,12656,,,,26,28890,,,,29,26646,,,,5,5256,,,,4,22874,,,,,,,,,,,,,,,,,,,,,,,,,,,,,,,,,,,,,,,,,,,
173711,4-May-18,12:54:03,2018-05-04 12:54:03,G,1,5,2625,1278,0,5,-62.5745,-60.9092,54:07.9,FastGPS,-62.5745,-60.9092,,,4.6,-0.1,,,,15,15,22326,,,,20,27502,,,,21,25207,,,,10,31823,,,,27,23233,,,,,,,,,,,,,,,,,,,,,,,,,,,,,,,,,,,,,,,,,,,,,,,,,,,,,
173711,4-May-18,15:10:00,2018-05-04 15:10:00,G,1,5,2628,1281,1,7,-62.4742,-60.794,10:04.4,FastGPS,-62.4742,-60.794,,,7.4,-0.6,,,,15,27,29502,,,,28,32465,,,,11,28432,,,,1,32580,,,,22,32559,,,,8,1015,,,,18,23396,,,,,,,,,,,,,,,,,,,,,,,,,,,,,,,,,,,,,,,,,,,
173711,5-May-18,6:38:00,2018-05-05 06:38:00,G,1,5,2630,1282,0,7,-62.4746,-60.8031,38:05.5,FastGPS,-62.4746,-60.8031,,,7.2,0.5,,,,15,29,3384,,,,12,16039,,,,31,25447,,,,25,14813,,,,6,884,,,,19,11976,,,,2,5594,,,,,,,,,,,,,,,,,,,,,,,,,,,,,,,,,,,,,,,,,,,
173711,5-May-18,7:08:24,2018-05-05 07:08:24,G,1,5,2631,1282,0,5,-62.4775,-60.8051,08:29.4,FastGPS,-62.4775,-60.8051,,,26,0.4,,,,15,29,25160,,,,6,26002,,,,12,12444,,,,2,6525,,,,25,17496,,,,,,,,,,,,,,,,,,,,,,,,,,,,,,,,,,,,,,,,,,,,,,,,,,,,,
173711,5-May-18,8:44:43,2018-05-05 08:44:43,G,4,5,2633,1284,0,7,-62.486,-60.8416,44:48.9,FastGPS,-62.486,-60.8416,,1,4.3,0.9,,,,15,31,26800,,,,21,29715,,,,23,29347,,,,29,24876,,,,4,1173,,,,26,14181,,,,25,18796,,,,,,,,,,,,,,,,,,,,,,,,,,,,,,,,,,,,,,,,,,,
173711,5-May-18,9:15:00,2018-05-05 09:15:00,G,2,5,2634,1284,0,8,-62.497,-60.8377,15:05.4,FastGPS,-62.497,-60.8377,,1,6.5,0.4,,,,15,31,14924,,,,16,15406,,,,26,21534,,,,21,9700,,,,4,13339,,,,25,19752,,,,29,24913,,,,9,20238,,,,,,,,,,,,,,,,,,,,,,,,,,,,,,,,,,,,,,
173711,5-May-18,10:34:20,2018-05-05 10:34:20,G,1,5,2636,1285,0,7,-62.4829,-60.8201,34:25.9,FastGPS,-62.4829,-60.8201,,1,4.7,0.9,,,,15,5,15670,,,,29,16011,,,,20,23634,,,,4,2114,,,,7,32422,,,,21,10355,,,,13,246,,,,,,,,,,,,,,,,,,,,,,,,,,,,,,,,,,,,,,,,,,,
173711,5-May-18,11:20:23,2018-05-05 11:20:23,G,1,5,2637,,0,9,-62.4789,-60.7946,20:28.9,FastGPS,-62.4789,-60.7946,,1,10.5,0.9,,,,15,20,2359,,,,16,22908,,,,27,23672,,,,15,13188,,,,29,13381,,,,4,7458,,,,26,26974,,,,7,1148,,,,21,10298,,,,,,,,,,,,,,,,,,,,,,,,,,,,,,,,,
173711,5-May-18,11:50:12,2018-05-05 11:50:12,G,1,5,2638,,0,9,-62.4796,-60.7917,50:17.4,FastGPS,-62.4796,-60.7917,,,10.1,0.5,,,,15,7,23365,,,,10,811,,,,16,11400,,,,27,19990,,,,20,26991,,,,26,6893,,,,21,7659,,,,30,2840,,,,15,26176,,,,,,,,,,,,,,,,,,,,,,,,,,,,,,,,,
173711,5-May-18,13:13:52,2018-05-05 13:13:52,G,1,5,2639,1289,0,6,-62.4762,-60.7961,13:57.9,FastGPS,-62.4762,-60.7961,,,2.4,0.9,,,,15,27,16374,,,,8,18280,,,,15,152,,,,10,18151,,,,13,18736,,,,20,31980,,,,,,,,,,,,,,,,,,,,,,,,,,,,,,,,,,,,,,,,,,,,,,,,
173711,5-May-18,14:01:00,2018-05-05 14:01:00,G,1,5,2640,1290,0,8,-62.472,-60.8015,01:05.9,FastGPS,-62.472,-60.8015,,,12.1,0.9,,,,15,11,14655,,,,15,30944,,,,8,221,,,,18,17265,,,,28,5474,,,,10,18180,,,,32,5403,,,,24,2884,,,,,,,,,,,,,,,,,,,,,,,,,,,,,,,,,,,,,,
173711,5-May-18,14:31:00,2018-05-05 14:31:00,G,3,5,2641,1290,0,4,-62.4092,-61.0334,11:40.0,FastGPS,-62.4735,-60.7949,,,2.9,1,,,,15,27,31731,,,,32,31236,,,,14,10034,,,,22,8382,,,,,,,,,,,,,,,,,,,,,,,,,,,,,,,,,,,,,,,,,,,,,,,,,,,,,,,,,,
173711,5-May-18,15:01:00,2018-05-05 15:01:00,G,1,5,2642,1290,1,5,-62.4746,-60.7946,01:05.5,FastGPS,-62.4746,-60.7946,,,1,0.5,,,,15,28,2277,,,,1,10676,,,,11,15201,,,,18,10699,,,,10,23625,,,,,,,,,,,,,,,,,,,,,,,,,,,,,,,,,,,,,,,,,,,,,,,,,,,,,
173711,5-May-18,15:31:00,2018-05-05 15:31:00,G,2,5,2643,1290,1,6,-62.4738,-60.7948,31:05.5,FastGPS,-62.4738,-60.7948,,,13.8,0.5,,,,15,17,15674,,,,10,15960,,,,1,9075,,,,28,4906,,,,32,3292,,,,11,23256,,,,,,,,,,,,,,,,,,,,,,,,,,,,,,,,,,,,,,,,,,,,,,,,
173711,5-May-18,22:08:24,2018-05-05 22:08:24,G,2,5,2644,1292,0,5,-62.4605,-60.8408,08:30.0,FastGPS,-62.4605,-60.8408,,,4.3,1,,,,15,7,91,,,,2,32277,,,,9,30517,,,,5,22850,,,,30,14407,,,,,,,,,,,,,,,,,,,,,,,,,,,,,,,,,,,,,,,,,,,,,,,,,,,,,
173711,6-May-18,0:11:34,2018-05-06 00:11:34,G,1,5,2646,1296,0,5,-62.4092,-61.0334,11:40.0,FastGPS,-62.4092,-61.0334,,,2.9,1,,,,15,5,20141,,,,28,21359,,,,15,22254,,,,13,16000,,,,30,23986,,,,,,,,,,,,,,,,,,,,,,,,,,,,,,,,,,,,,,,,,,,,,,,,,,,,,
173711,6-May-18,0:56:00,2018-05-06 00:56:00,G,1,5,2647,1297,0,5,-62.4314,-61.0933,56:05.5,FastGPS,-62.4314,-61.0933,,,3.1,0.5,,,,15,15,4670,,,,5,26668,,,,28,4500,,,,13,6719,,,,20,23836,,,,,,,,,,,,,,,,,,,,,,,,,,,,,,,,,,,,,,,,,,,,,,,,,,,,,
173711,6-May-18,1:57:09,2018-05-06 01:57:09,G,1,5,2649,1297,0,7,-62.4763,-61.0953,57:14.5,FastGPS,-62.4763,-61.0953,,,10.7,0.5,,,,15,15,4827,,,,20,8903,,,,10,4764,,,,11,144,,,,24,16575,,,,13,7138,,,,18,13642,,,,,,,,,,,,,,,,,,,,,,,,,,,,,,,,,,,,,,,,,,,
173711,6-May-18,2:29:50,2018-05-06 02:29:50,G,3,5,2650,1297,0,4,-62.4315,-61.0932,56:05.5,FastGPS,-62.4967,-61.0974,,,1.6,1,,,,15,13,19178,,,,15,4464,,,,19,15656,,,,17,26198,,,,,,,,,,,,,,,,,,,,,,,,,,,,,,,,,,,,,,,,,,,,,,,,,,,,,,,,,,
173711,6-May-18,3:17:07,2018-05-06 03:17:07,G,3,5,2651,1298,0,6,-62.5244,-61.0943,17:11.5,FastGPS,-62.5244,-61.0943,,,15.8,-0.5,,,,15,17,17704,,,,15,29651,,,,12,6925,,,,19,15478,,,,13,13750,,,,24,23946,,,,,,,,,,,,,,,,,,,,,,,,,,,,,,,,,,,,,,,,,,,,,,,,
173711,6-May-18,3:47:21,2018-05-06 03:47:21,G,1,5,2652,1298,0,7,-62.5138,-61.1015,47:26.5,FastGPS,-62.5138,-61.1015,,,10.2,0.5,,,,15,32,19005,,,,1,32090,,,,17,4108,,,,12,29274,,,,24,8994,,,,10,28762,,,,19,17150,,,,,,,,,,,,,,,,,,,,,,,,,,,,,,,,,,,,,,,,,,,
173711,6-May-18,4:18:02,2018-05-06 04:18:02,G,1,5,2653,1298,0,6,-62.5012,-61.0428,18:07.9,FastGPS,-62.5012,-61.0428,,,5.2,0.9,,,,15,17,31642,,,,32,6239,,,,24,16617,,,,1,948,,,,12,30933,,,,19,7134,,,,,,,,,,,,,,,,,,,,,,,,,,,,,,,,,,,,,,,,,,,,,,,,
173711,6-May-18,5:33:54,2018-05-06 05:33:54,G,1,5,2655,,0,9,-62.4803,-60.9909,33:58.9,FastGPS,-62.4803,-60.9909,,,13.8,0,,,,15,12,5776,,,,32,6730,,,,14,15659,,,,17,24550,,,,6,30757,,,,19,21408,,,,25,6043,,,,3,4382,,,,22,21356,,,,,,,,,,,,,,,,,,,,,,,,,,,,,,,,,
173711,6-May-18,6:04:04,2018-05-06 06:04:04,G,1,5,2656,,0,9,-62.4842,-60.9365,04:09.0,FastGPS,-62.4842,-60.9365,,,5.8,0,,,,15,31,29945,,,,12,10742,,,,17,14919,,,,25,6634,,,,14,28843,,,,6,21943,,,,3,32300,,,,32,14345,,,,2,14566,,,,,,,,,,,,,,,,,,,,,,,,,,,,,,,,,
173711,6-May-18,7:11:36,2018-05-06 07:11:36,G,2,5,2658,1299,0,6,-62.4916,-60.8494,11:40.9,FastGPS,-62.4916,-60.8494,,1,8.7,-0.1,,,,15,29,9403,,,,31,28262,,,,6,27063,,,,4,11945,,,,25,12190,,,,2,30902,,,,,,,,,,,,,,,,,,,,,,,,,,,,,,,,,,,,,,,,,,,,,,,,
173711,6-May-18,7:41:00,2018-05-06 07:41:00,G,1,5,2659,1299,0,7,-62.489,-60.8475,41:04.5,FastGPS,-62.489,-60.8475,,1,4.6,-0.5,,,,15,29,29514,,,,31,2719,,,,4,6600,,,,12,12722,,,,2,333,,,,25,1500,,,,6,15218,,,,,,,,,,,,,,,,,,,,,,,,,,,,,,,,,,,,,,,,,,,
173711,6-May-18,8:16:22,2018-05-06 08:16:22,G,1,5,2660,1299,0,6,-62.4816,-60.8485,16:27.5,FastGPS,-62.4816,-60.8485,,1,15.9,0.5,,,,15,31,4368,,,,5,23455,,,,12,10780,,,,29,7750,,,,2,16960,,,,4,23242,,,,,,,,,,,,,,,,,,,,,,,,,,,,,,,,,,,,,,,,,,,,,,,,
173711,6-May-18,9:05:02,2018-05-06 09:05:02,G,3,5,2661,1300,0,7,-62.4736,-60.8453,05:07.5,FastGPS,-62.4736,-60.8453,,1,5,0.5,,,,15,4,11797,,,,26,14369,,,,5,20463,,,,31,10538,,,,29,5670,,,,16,29749,,,,21,19904,,,,,,,,,,,,,,,,,,,,,,,,,,,,,,,,,,,,,,,,,,,
173711,6-May-18,9:35:53,2018-05-06 09:35:53,G,2,5,2662,1300,0,5,-62.4967,-61.0974,29:56.0,FastGPS,-62.4646,-60.8408,,1,0.4,1,,,,15,5,30578,,,,16,30094,,,,21,7874,,,,26,12110,,,,4,11660,,,,,,,,,,,,,,,,,,,,,,,,,,,,,,,,,,,,,,,,,,,,,,,,,,,,,
173711,6-May-18,10:25:14,2018-05-06 10:25:14,G,1,5,2663,1301,0,4,-62.4646,-60.8408,35:59.0,FastGPS,,,,,,,,,,15,5,3768,,,,29,8461,,,,16,3572,,,,4,20358,,,,,,,,,,,,,,,,,,,,,,,,,,,,,,,,,,,,,,,,,,,,,,,,,,,,,,,,,,
173711,6-May-18,10:56:51,2018-05-06 10:56:51,G,1,5,2664,1301,0,7,-62.4555,-60.8089,56:55.5,FastGPS,-62.4555,-60.8089,,1,4.4,-0.5,,,,15,4,1129,,,,20,13403,,,,26,8730,,,,7,926,,,,16,12206,,,,27,324,,,,29,19472,,,,,,,,,,,,,,,,,,,,,,,,,,,,,,,,,,,,,,,,,,,
173711,6-May-18,12:00:40,2018-05-06 12:00:40,G,1,5,2666,1301,0,8,-62.4557,-60.8039,00:45.5,FastGPS,-62.4557,-60.8039,,,5.9,0.5,,,,15,21,7942,,,,8,19088,,,,16,7620,,,,20,25561,,,,15,20402,,,,7,2370,,,,10,31940,,,,27,23314,,,,,,,,,,,,,,,,,,,,,,,,,,,,,,,,,,,,,,
173711,6-May-18,13:35:08,2018-05-06 13:35:08,G,1,5,2668,1303,0,7,-62.4738,-60.7968,35:13.5,FastGPS,-62.4738,-60.7968,,,14.6,0.5,,,,15,8,12852,,,,15,25144,,,,11,27853,,,,10,19580,,,,18,32105,,,,20,25948,,,,32,1203,,,,,,,,,,,,,,,,,,,,,,,,,,,,,,,,,,,,,,,,,,,
173711,6-May-18,14:20:00,2018-05-06 14:20:00,G,1,5,2669,1304,1,6,-62.4743,-60.7954,20:05.5,FastGPS,-62.4743,-60.7954,,,5.6,0.5,,,,15,10,15850,,,,15,9053,,,,24,21957,,,,20,5334,,,,14,25573,,,,32,25672,,,,,,,,,,,,,,,,,,,,,,,,,,,,,,,,,,,,,,,,,,,,,,,,
173711,7-May-18,20:19:32,2018-05-07 20:19:32,G,1,5,2670,1306,0,7,-62.4744,-60.8009,19:38.0,FastGPS,-62.4744,-60.8009,,1,1.8,1,,,,15,7,3882,,,,6,19759,,,,2,17912,,,,23,6916,,,,9,13204,,,,4,23136,,,,29,25705,,,,,,,,,,,,,,,,,,,,,,,,,,,,,,,,,,,,,,,,,,,
173711,7-May-18,22:58:25,2018-05-07 22:58:25,G,1,5,2674,1308,0,8,-62.4524,-60.799,58:31.0,FastGPS,-62.4524,-60.799,,,7.6,1,,,,15,5,7974,,,,13,22807,,,,7,15184,,,,8,20165,,,,30,17933,,,,21,25012,,,,27,17034,,,,16,5190,,,,,,,,,,,,,,,,,,,,,,,,,,,,,,,,,,,,,,
173711,8-May-18,0:29:05,2018-05-08 00:29:05,G,2,5,2677,1308,0,7,-62.4344,-60.6503,29:11.0,FastGPS,-62.4344,-60.6503,,,7.9,1.1,,,,15,7,31510,,,,30,8042,,,,28,6336,,,,15,17505,,,,8,22073,,,,27,32707,,,,13,30052,,,,,,,,,,,,,,,,,,,,,,,,,,,,,,,,,,,,,,,,,,,
173711,8-May-18,1:29:33,2018-05-08 01:29:33,G,3,5,2679,,0,9,-62.4102,-60.5517,29:38.5,FastGPS,-62.4102,-60.5517,,,13.7,0.5,,,,15,15,29774,,,,30,29898,,,,28,27882,,,,18,22228,,,,11,27960,,,,8,24614,,,,17,31245,,,,13,22218,,,,10,31606,,,,,,,,,,,,,,,,,,,,,,,,,,,,,,,,,
173711,8-May-18,1:59:05,2018-05-08 01:59:05,G,2,5,2680,1308,0,7,-62.3992,-60.5473,59:10.5,FastGPS,-62.3992,-60.5473,,,9.6,0.5,,,,15,10,19959,,,,15,2664,,,,17,23222,,,,28,1916,,,,30,19080,,,,13,12090,,,,11,3796,,,,,,,,,,,,,,,,,,,,,,,,,,,,,,,,,,,,,,,,,,,
173711,8-May-18,2:32:27,2018-05-08 02:32:27,G,4,5,2681,1308,0,5,-62.4047,-60.5432,32:32.5,FastGPS,-62.4047,-60.5432,,,4.1,0.5,,,,15,28,22088,,,,17,10390,,,,24,30541,,,,15,30614,,,,10,6978,,,,,,,,,,,,,,,,,,,,,,,,,,,,,,,,,,,,,,,,,,,,,,,,,,,,,
173711,8-May-18,3:48:48,2018-05-08 03:48:48,G,2,5,2683,1309,0,7,-62.4118,-60.5465,48:53.5,FastGPS,-62.4118,-60.5465,,,10.8,0.5,,,,15,15,15808,,,,12,2094,,,,10,531,,,,32,20476,,,,17,5295,,,,19,3936,,,,24,21024,,,,,,,,,,,,,,,,,,,,,,,,,,,,,,,,,,,,,,,,,,,
173711,8-May-18,5:08:19,2018-05-08 05:08:19,G,1,5,2684,,0,9,-62.4187,-60.5484,08:24.5,FastGPS,-62.4187,-60.5484,,,6.2,0.5,,,,15,12,16192,,,,14,12998,,,,32,15144,,,,19,29848,,,,24,10540,,,,17,30595,,,,25,32687,,,,3,16691,,,,2,31298,,,,,,,,,,,,,,,,,,,,,,,,,,,,,,,,,
173711,8-May-18,6:01:51,2018-05-08 06:01:51,G,1,5,2685,1309,0,7,-62.4354,-60.5201,01:57.0,FastGPS,-62.4354,-60.5201,,,27,1.1,,,,15,2,3843,,,,31,22094,,,,3,25806,,,,6,22270,,,,12,7826,,,,19,5009,,,,17,19208,,,,,,,,,,,,,,,,,,,,,,,,,,,,,,,,,,,,,,,,,,,
173711,8-May-18,6:59:19,2018-05-08 06:59:19,G,3,5,2686,1309,0,5,-62.4542,-60.4664,59:25.0,FastGPS,-62.4542,-60.4664,,,2.8,1,,,,15,29,32234,,,,31,23184,,,,6,13820,,,,25,15920,,,,12,981,,,,,,,,,,,,,,,,,,,,,,,,,,,,,,,,,,,,,,,,,,,,,,,,,,,,,
173711,8-May-18,9:43:49,2018-05-08 09:43:49,G,1,5,2688,1310,0,5,-62.4773,-60.3218,43:54.1,FastGPS,-62.4773,-60.3218,,,9.3,0.1,,,,15,5,7659,,,,25,32147,,,,21,30104,,,,26,14144,,,,29,14293,,,,,,,,,,,,,,,,,,,,,,,,,,,,,,,,,,,,,,,,,,,,,,,,,,,,,
173711,8-May-18,11:37:56,2018-05-08 11:37:56,G,1,5,2691,1311,0,8,-62.4697,-60.2166,38:00.5,FastGPS,-62.4697,-60.2166,,,10.5,-0.5,,,,15,7,10882,,,,13,20563,,,,15,18470,,,,20,19508,,,,21,31497,,,,27,7268,,,,16,31602,,,,30,24322,,,,,,,,,,,,,,,,,,,,,,,,,,,,,,,,,,,,,,
173711,8-May-18,13:43:01,2018-05-08 13:43:01,G,2,5,2694,1313,0,6,-62.4684,-60.1619,43:06.5,FastGPS,-62.4684,-60.1619,,,9,0.5,,,,15,32,12981,,,,11,22262,,,,18,25072,,,,10,20809,,,,27,14913,,,,1,28514,,,,,,,,,,,,,,,,,,,,,,,,,,,,,,,,,,,,,,,,,,,,,,,,
173711,8-May-18,14:33:00,2018-05-08 14:33:00,G,2,5,2695,1314,0,7,-62.4673,-60.1671,33:05.0,FastGPS,-62.4673,-60.1671,,,12.5,0,,,,15,10,15196,,,,27,32728,,,,32,7429,,,,14,11428,,,,24,3421,,,,8,25377,,,,18,19230,,,,,,,,,,,,,,,,,,,,,,,,,,,,,,,,,,,,,,,,,,,
173711,8-May-18,15:03:00,2018-05-08 15:03:00,G,1,5,2696,1314,0,6,-62.4685,-60.1638,03:04.5,FastGPS,-62.4685,-60.1638,,,7.8,-0.4,,,,15,10,2238,,,,32,15580,,,,8,19964,,,,22,21322,,,,18,21990,,,,14,25630,,,,,,,,,,,,,,,,,,,,,,,,,,,,,,,,,,,,,,,,,,,,,,,,
173711,8-May-18,16:51:57,2018-05-08 16:51:57,G,1,5,2699,,0,9,-62.4716,-60.1993,52:02.5,FastGPS,-62.4716,-60.1993,,,9.2,0.5,,,,15,31,17188,,,,18,12404,,,,23,18354,,,,14,30148,,,,32,14336,,,,1,5181,,,,11,32536,,,,17,31623,,,,3,1648,,,,,,,,,,,,,,,,,,,,,,,,,,,,,,,,,
173711,8-May-18,17:53:43,2018-05-08 17:53:43,G,2,5,2701,1315,0,5,-62.4686,-60.225,53:48.5,FastGPS,-62.4686,-60.225,,,14.7,0.5,,,,15,17,23334,,,,19,7038,,,,6,9105,,,,23,7251,,,,1,11496,,,,,,,,,,,,,,,,,,,,,,,,,,,,,,,,,,,,,,,,,,,,,,,,,,,,,
173711,8-May-18,19:29:47,2018-05-08 19:29:47,G,6,5,2704,1315,0,5,-62.4737,-60.2367,29:53.0,FastGPS,-62.4737,-60.2367,,,18,1,,,,15,9,802,,,,2,32570,,,,6,11250,,,,3,14934,,,,23,5534,,,,,,,,,,,,,,,,,,,,,,,,,,,,,,,,,,,,,,,,,,,,,,,,,,,,,
173711,8-May-18,20:20:04,2018-05-08 20:20:04,G,1,5,2705,1316,0,6,-62.4842,-60.2737,20:10.0,FastGPS,-62.4842,-60.2737,,1,2.2,1,,,,15,29,5618,,,,6,12315,,,,2,23940,,,,7,32479,,,,4,28409,,,,9,25818,,,,,,,,,,,,,,,,,,,,,,,,,,,,,,,,,,,,,,,,,,,,,,,,
173711,8-May-18,20:52:32,2018-05-08 20:52:32,G,1,5,2706,1316,0,5,-62.4832,-60.3041,52:38.1,FastGPS,-62.4832,-60.3041,,,1.7,1.1,,,,15,7,16165,,,,23,2536,,,,2,32300,,,,6,3602,,,,3,21980,,,,,,,,,,,,,,,,,,,,,,,,,,,,,,,,,,,,,,,,,,,,,,,,,,,,,
173711,8-May-18,22:26:12,2018-05-08 22:26:12,G,1,5,2709,1316,0,5,-62.4714,-60.4339,26:18.0,FastGPS,-62.4714,-60.4339,,,8.6,1,,,,15,7,28774,,,,9,14959,,,,5,19301,,,,30,17082,,,,27,20773,,,,,,,,,,,,,,,,,,,,,,,,,,,,,,,,,,,,,,,,,,,,,,,,,,,,,
173711,9-May-18,1:13:18,2018-05-09 01:13:18,G,1,5,2713,1319,0,4,-62.4832,-60.3041,52:38.1,FastGPS,-62.3791,-60.6043,,,1.7,0.5,,,,15,11,27887,,,,30,31622,,,,8,15468,,,,13,22625,,,,,,,,,,,,,,,,,,,,,,,,,,,,,,,,,,,,,,,,,,,,,,,,,,,,,,,,,,
173711,9-May-18,4:24:04,2018-05-09 04:24:04,G,1,5,2719,1319,0,6,-62.3693,-60.5711,24:09.0,FastGPS,-62.3693,-60.5711,,,10.3,0,,,,15,6,7627,,,,17,12938,,,,24,28224,,,,12,7927,,,,32,30812,,,,25,3452,,,,,,,,,,,,,,,,,,,,,,,,,,,,,,,,,,,,,,,,,,,,,,,,
173711,9-May-18,6:02:24,2018-05-09 06:02:24,G,1,5,2721,1319,0,7,-62.3785,-60.5438,02:30.1,FastGPS,-62.3785,-60.5438,,,4.6,1.1,,,,15,31,19252,,,,6,29654,,,,32,25770,,,,12,14332,,,,2,28901,,,,14,29374,,,,25,11534,,,,,,,,,,,,,,,,,,,,,,,,,,,,,,,,,,,,,,,,,,,
173711,9-May-18,15:05:21,2018-05-09 15:05:21,G,1,5,2726,1322,0,5,-62.4845,-60.2714,05:26.6,FastGPS,-62.4845,-60.2714,,,3.9,0.6,,,,15,22,32294,,,,11,20882,,,,1,20607,,,,28,2292,,,,3,30162,,,,,,,,,,,,,,,,,,,,,,,,,,,,,,,,,,,,,,,,,,,,,,,,,,,,,
173711,9-May-18,16:08:33,2018-05-09 16:08:33,G,2,5,2728,,0,9,-62.5021,-60.2473,08:39.0,FastGPS,-62.5021,-60.2473,,,8.3,1,,,,15,12,22693,,,,22,30073,,,,17,23041,,,,3,29415,,,,11,6336,,,,1,5460,,,,18,25110,,,,32,21186,,,,19,31188,,,,,,,,,,,,,,,,,,,,,,,,,,,,,,,,,
173711,9-May-18,16:38:38,2018-05-09 16:38:38,G,1,5,2729,,0,9,-62.5081,-60.2622,38:44.0,FastGPS,-62.5081,-60.2622,,,18.5,1,,,,15,18,2403,,,,17,22060,,,,14,6054,,,,11,20901,,,,3,6052,,,,22,17641,,,,1,11386,,,,31,14318,,,,23,32454,,,,,,,,,,,,,,,,,,,,,,,,,,,,,,,,,
173711,9-May-18,18:47:46,2018-05-09 18:47:46,G,1,5,2733,1322,0,7,-62.5066,-60.2627,47:51.5,FastGPS,-62.5066,-60.2627,,,6.9,0.6,,,,15,3,16766,,,,22,27135,,,,6,3769,,,,9,18626,,,,23,10914,,,,2,15232,,,,1,28856,,,,,,,,,,,,,,,,,,,,,,,,,,,,,,,,,,,,,,,,,,,
173711,9-May-18,19:20:35,2018-05-09 19:20:35,G,2,5,2734,,0,9,-62.5021,-60.262,20:41.1,FastGPS,-62.5021,-60.262,,1,8.5,1.1,,,,15,9,1718,,,,22,6434,,,,3,16756,,,,6,28613,,,,23,24028,,,,4,9588,,,,16,12692,,,,26,6238,,,,19,28169,,,,,,,,,,,,,,,,,,,,,,,,,,,,,,,,,
173711,9-May-18,19:51:01,2018-05-09 19:51:01,G,1,5,2735,1322,0,5,-62.4935,-60.2693,51:06.5,FastGPS,-62.4935,-60.2693,,,17.4,0.6,,,,15,7,9280,,,,23,28294,,,,3,30932,,,,6,4856,,,,9,18749,,,,,,,,,,,,,,,,,,,,,,,,,,,,,,,,,,,,,,,,,,,,,,,,,,,,,
173711,9-May-18,23:37:33,2018-05-09 23:37:33,G,2,5,2740,1322,0,8,-62.4033,-60.4734,37:38.6,FastGPS,-62.4033,-60.4734,,,11.5,0.6,,,,15,5,29207,,,,28,4168,,,,15,1998,,,,7,28380,,,,30,553,,,,21,12578,,,,13,22562,,,,20,3736,,,,,,,,,,,,,,,,,,,,,,,,,,,,,,,,,,,,,,
173711,10-May-18,0:53:50,2018-05-10 00:53:50,G,1,5,2741,1322,0,7,-62.4283,-60.5414,53:55.1,FastGPS,-62.4283,-60.5414,,,9,0.1,,,,15,15,1550,,,,13,2804,,,,28,17539,,,,30,27904,,,,5,18708,,,,20,17154,,,,8,27774,,,,,,,,,,,,,,,,,,,,,,,,,,,,,,,,,,,,,,,,,,,
173711,10-May-18,2:13:35,2018-05-10 02:13:35,G,1,5,2743,,0,9,-62.4454,-60.563,13:39.6,FastGPS,-62.4454,-60.563,,,12.8,-0.4,,,,15,17,19859,,,,30,15744,,,,28,7459,,,,15,25779,,,,19,7456,,,,24,8080,,,,11,974,,,,1,14400,,,,13,9037,,,,,,,,,,,,,,,,,,,,,,,,,,,,,,,,,
173711,10-May-18,3:43:00,2018-05-10 03:43:00,G,2,5,2746,1322,0,8,-62.3833,-60.6245,43:05.1,FastGPS,-62.3833,-60.6245,,,7,0.1,,,,15,17,15390,,,,15,19172,,,,12,24204,,,,19,19186,,,,1,30756,,,,28,20776,,,,6,16693,,,,24,2770,,,,,,,,,,,,,,,,,,,,,,,,,,,,,,,,,,,,,,
173711,10-May-18,6:16:01,2018-05-10 06:16:01,G,1,5,2750,,0,9,-62.3521,-60.4025,16:06.1,FastGPS,-62.3521,-60.4025,,,11,0.1,,,,15,31,31269,,,,12,32458,,,,14,9889,,,,6,17230,,,,19,1200,,,,25,24708,,,,3,3016,,,,29,8865,,,,32,6952,,,,,,,,,,,,,,,,,,,,,,,,,,,,,,,,,
173711,10-May-18,7:19:10,2018-05-10 07:19:10,G,4,5,2751,1326,0,6,-62.3806,-60.2759,19:14.6,FastGPS,-62.3806,-60.2759,,1,1.5,-0.4,,,,15,31,25082,,,,29,10473,,,,4,9464,,,,25,2718,,,,2,8139,,,,12,30942,,,,,,,,,,,,,,,,,,,,,,,,,,,,,,,,,,,,,,,,,,,,,,,,
173711,10-May-18,8:08:16,2018-05-10 08:08:16,G,2,5,2752,1327,0,8,-62.4032,-60.2094,08:21.0,FastGPS,-62.4032,-60.2094,,1,9.2,0.1,,,,15,4,3769,,,,31,11096,,,,23,7154,,,,26,4058,,,,29,3942,,,,5,7052,,,,9,25080,,,,2,11936,,,,,,,,,,,,,,,,,,,,,,,,,,,,,,,,,,,,,,
173711,10-May-18,11:10:49,2018-05-10 11:10:49,G,2,5,2756,1330,0,6,-62.4705,-60.1595,10:55.1,FastGPS,-62.4705,-60.1595,,,3.3,1.1,,,,15,16,5574,,,,27,21339,,,,15,11343,,,,21,32444,,,,30,31515,,,,13,9028,,,,,,,,,,,,,,,,,,,,,,,,,,,,,,,,,,,,,,,,,,,,,,,,
173711,10-May-18,11:57:34,2018-05-10 11:57:34,G,1,5,2757,1331,0,7,-62.4669,-60.1558,57:39.6,FastGPS,-62.4669,-60.1558,,,10.2,0.6,,,,15,10,23737,,,,8,14713,,,,7,9771,,,,16,1349,,,,21,10442,,,,20,28931,,,,26,15501,,,,,,,,,,,,,,,,,,,,,,,,,,,,,,,,,,,,,,,,,,,
173711,10-May-18,12:27:00,2018-05-10 12:27:00,G,1,5,2758,1331,0,8,-62.4678,-60.1654,27:06.1,FastGPS,-62.4678,-60.1654,,,16,1.1,,,,15,21,24290,,,,10,10370,,,,15,10358,,,,20,6264,,,,8,18941,,,,27,5426,,,,16,8633,,,,18,16172,,,,,,,,,,,,,,,,,,,,,,,,,,,,,,,,,,,,,,
173711,10-May-18,13:16:18,2018-05-10 13:16:18,G,1,5,2759,1332,0,6,-62.4654,-60.1728,16:24.0,FastGPS,-62.4654,-60.1728,,,8,1.1,,,,15,10,18216,,,,18,18474,,,,27,24375,,,,8,6813,,,,15,32540,,,,28,24878,,,,,,,,,,,,,,,,,,,,,,,,,,,,,,,,,,,,,,,,,,,,,,,,
173711,10-May-18,15:24:21,2018-05-10 15:24:21,G,1,5,2763,1332,0,7,-62.4685,-60.1635,24:27.0,FastGPS,-62.4685,-60.1635,,,5.6,1.1,,,,15,10,15127,,,,1,28242,,,,11,14900,,,,22,31902,,,,32,25208,,,,18,5759,,,,14,20858,,,,,,,,,,,,,,,,,,,,,,,,,,,,,,,,,,,,,,,,,,,
173711,10-May-18,15:54:00,2018-05-10 15:54:00,G,1,5,2764,1332,0,6,-62.4688,-60.1683,54:05.6,FastGPS,-62.4688,-60.1683,,,4,0.6,,,,15,31,1532,,,,32,6462,,,,8,3415,,,,10,30168,,,,11,15777,,,,18,3310,,,,,,,,,,,,,,,,,,,,,,,,,,,,,,,,,,,,,,,,,,,,,,,,
173711,10-May-18,16:24:00,2018-05-10 16:24:00,G,1,5,2765,1332,1,6,-62.4684,-60.1678,24:05.5,FastGPS,-62.4684,-60.1678,,,6.7,0.6,,,,15,14,5085,,,,32,2126,,,,18,19666,,,,31,31378,,,,17,31030,,,,22,29465,,,,,,,,,,,,,,,,,,,,,,,,,,,,,,,,,,,,,,,,,,,,,,,,
173711,10-May-18,21:45:56,2018-05-10 21:45:56,G,1,5,2767,1333,0,8,-62.471,-60.1928,46:02.1,FastGPS,-62.471,-60.1928,,,10.3,1.1,,,,15,16,8564,,,,9,60,,,,30,554,,,,23,1162,,,,7,25950,,,,2,1384,,,,5,11216,,,,27,8612,,,,,,,,,,,,,,,,,,,,,,,,,,,,,,,,,,,,,,
173711,10-May-18,22:49:12,2018-05-10 22:49:12,G,1,5,2768,1335,0,7,-62.4647,-60.2731,49:17.6,FastGPS,-62.4647,-60.2731,,,5.4,0.6,,,,15,5,19837,,,,28,32569,,,,13,15120,,,,30,3758,,,,9,16422,,,,7,26656,,,,8,16772,,,,,,,,,,,,,,,,,,,,,,,,,,,,,,,,,,,,,,,,,,,
173711,10-May-18,23:20:28,2018-05-10 23:20:28,G,4,5,2769,1335,0,4,-62.392,-60.422,5/11/2018 10:00,R,-62.4614,-60.3085,,,0.9,0.6,,,,15,30,25816,,,,28,29851,,,,5,14453,,,,15,32135,,,,,,,,,,,,,,,,,,,,,,,,,,,,,,,,,,,,,,,,,,,,,,,,,,,,,,,,,,
173711,11-May-18,1:22:09,2018-05-11 01:22:09,G,3,5,2771,1339,0,6,-62.4308,-60.4687,22:13.6,FastGPS,-62.4308,-60.4687,,,8.4,-0.4,,,,15,13,19945,,,,15,7868,,,,17,28649,,,,20,14415,,,,24,4824,,,,30,16210,,,,,,,,,,,,,,,,,,,,,,,,,,,,,,,,,,,,,,,,,,,,,,,,
173711,11-May-18,1:52:22,2018-05-11 01:52:22,G,2,5,2772,1339,0,8,-62.4245,-60.5213,52:27.0,FastGPS,-62.4245,-60.5213,,,6.5,0,,,,15,15,2945,,,,17,16572,,,,19,31851,,,,28,22880,,,,30,28618,,,,24,8902,,,,13,30229,,,,20,6162,,,,,,,,,,,,,,,,,,,,,,,,,,,,,,,,,,,,,,
173711,11-May-18,3:08:26,2018-05-11 03:08:26,G,1,5,2773,1342,0,6,-62.4004,-60.6383,08:32.0,FastGPS,-62.4004,-60.6383,,,10.7,1,,,,15,15,23682,,,,17,728,,,,12,23197,,,,13,24343,,,,24,14398,,,,19,15206,,,,,,,,,,,,,,,,,,,,,,,,,,,,,,,,,,,,,,,,,,,,,,,,
173711,11-May-18,3:53:38,2018-05-11 03:53:38,G,1,5,2774,1343,0,6,-62.3628,-60.6581,53:44.1,FastGPS,-62.3628,-60.6581,,,15.7,1.1,,,,15,17,23962,,,,12,4153,,,,19,25512,,,,15,16639,,,,6,10822,,,,24,2489,,,,,,,,,,,,,,,,,,,,,,,,,,,,,,,,,,,,,,,,,,,,,,,,
173711,11-May-18,4:38:58,2018-05-11 04:38:58,G,2,5,2775,1344,0,7,-62.3339,-60.7112,39:04.0,FastGPS,-62.3339,-60.7112,,,9.4,1.1,,,,15,24,4564,,,,12,7480,,,,6,32634,,,,32,1002,,,,19,14732,,,,25,16025,,,,17,14628,,,,,,,,,,,,,,,,,,,,,,,,,,,,,,,,,,,,,,,,,,,
173711,11-May-18,5:09:23,2018-05-11 05:09:23,G,2,5,2776,1344,0,7,-62.3088,-60.6987,09:29.1,FastGPS,-62.3088,-60.6987,,,8,1.1,,,,15,14,27286,,,,17,27591,,,,12,22898,,,,6,12994,,,,19,20943,,,,32,29786,,,,25,10338,,,,,,,,,,,,,,,,,,,,,,,,,,,,,,,,,,,,,,,,,,,
173711,11-May-18,5:40:20,2018-05-11 05:40:20,G,3,5,2777,,0,9,-62.3129,-60.6404,40:25.6,FastGPS,-62.3129,-60.6404,,,3.2,0.6,,,,15,32,10914,,,,14,17430,,,,25,18906,,,,6,12359,,,,31,2825,,,,19,27284,,,,17,18231,,,,12,2202,,,,29,31468,,,,,,,,,,,,,,,,,,,,,,,,,,,,,,,,,
173711,11-May-18,6:10:09,2018-05-11 06:10:09,G,1,5,2778,,0,9,-62.3302,-60.5919,10:14.1,FastGPS,-62.3302,-60.5919,,,6.6,0.1,,,,15,12,22488,,,,31,12919,,,,6,6695,,,,19,28004,,,,3,27380,,,,25,9464,,,,14,1804,,,,32,1936,,,,29,22178,,,,,,,,,,,,,,,,,,,,,,,,,,,,,,,,,
173711,11-May-18,7:26:00,2018-05-11 07:26:00,G,1,5,2780,1345,0,6,-62.3543,-60.5151,26:05.6,FastGPS,-62.3543,-60.5151,,1,3.5,0.6,,,,15,31,1162,,,,29,6190,,,,4,23899,,,,26,32534,,,,23,12872,,,,2,21203,,,,,,,,,,,,,,,,,,,,,,,,,,,,,,,,,,,,,,,,,,,,,,,,
173711,11-May-18,9:13:52,2018-05-11 09:13:52,G,2,5,2783,1345,0,5,-62.4614,-60.3085,20:33.6,FastGPS,-62.3865,-60.4652,,1,0.9,-0.7,,,,15,16,8784,,,,5,18690,,,,26,27830,,,,4,29145,,,,29,18349,,,,,,,,,,,,,,,,,,,,,,,,,,,,,,,,,,,,,,,,,,,,,,,,,,,,,
173711,11-May-18,10:00:00,2018-05-11 10:00:00,G,1,5,2784,1346,0,8,-62.392,-60.4285,00:05.6,FastGPS,-62.392,-60.4285,,1,8.6,0.6,,,,15,5,6651,,,,16,14205,,,,27,21436,,,,29,16520,,,,4,18886,,,,13,27364,,,,21,15154,,,,26,29576,,,,,,,,,,,,,,,,,,,,,,,,,,,,,,,,,,,,,,
173711,11-May-18,11:23:16,2018-05-11 11:23:16,G,1,5,2786,1347,0,8,-62.4009,-60.3755,23:20.6,FastGPS,-62.4009,-60.3755,,,16.6,-0.4,,,,15,27,19204,,,,15,30688,,,,8,15268,,,,7,31505,,,,16,23083,,,,20,4761,,,,13,3738,,,,21,21520,,,,,,,,,,,,,,,,,,,,,,,,,,,,,,,,,,,,,,
173711,11-May-18,11:55:01,2018-05-11 11:55:01,G,1,5,2787,,0,9,-62.4079,-60.3511,55:05.6,FastGPS,-62.4079,-60.3511,,,6.2,-0.4,,,,15,15,29484,,,,8,6183,,,,7,23062,,,,27,6044,,,,21,21926,,,,16,13855,,,,13,12959,,,,20,12711,,,,10,14184,,,,,,,,,,,,,,,,,,,,,,,,,,,,,,,,,
173711,11-May-18,12:25:04,2018-05-11 12:25:04,G,1,5,2788,1347,0,6,-62.4167,-60.3318,25:08.6,FastGPS,-62.4167,-60.3318,,,14.7,-0.4,,,,15,15,9721,,,,27,7612,,,,10,17566,,,,8,28223,,,,13,2978,,,,21,16172,,,,,,,,,,,,,,,,,,,,,,,,,,,,,,,,,,,,,,,,,,,,,,,,
173711,11-May-18,13:13:46,2018-05-11 13:13:46,G,4,5,2789,1348,0,8,-62.4312,-60.294,13:52.1,FastGPS,-62.4312,-60.294,,,7.5,1.1,,,,15,8,9308,,,,10,18580,,,,20,20989,,,,18,24989,,,,32,30092,,,,11,21326,,,,27,21344,,,,28,29950,,,,,,,,,,,,,,,,,,,,,,,,,,,,,,,,,,,,,,
173711,11-May-18,13:44:00,2018-05-11 13:44:00,G,1,5,2790,,0,9,-62.4403,-60.2702,44:05.6,FastGPS,-62.4403,-60.2702,,,7,0.6,,,,15,11,18935,,,,8,10888,,,,28,31860,,,,18,20146,,,,20,20138,,,,1,4956,,,,10,24456,,,,15,20076,,,,27,21170,,,,,,,,,,,,,,,,,,,,,,,,,,,,,,,,,
173711,11-May-18,14:14:44,2018-05-11 14:14:44,G,2,5,2791,,0,9,-62.446,-60.2394,14:50.1,FastGPS,-62.446,-60.2394,,,10,1.1,,,,15,10,9876,,,,11,20085,,,,28,3243,,,,32,3351,,,,18,18040,,,,1,12308,,,,8,17400,,,,22,18616,,,,14,27181,,,,,,,,,,,,,,,,,,,,,,,,,,,,,,,,,
173711,11-May-18,14:45:16,2018-05-11 14:45:16,G,1,5,2792,1348,0,8,-62.4496,-60.2145,45:22.1,FastGPS,-62.4496,-60.2145,,,18.8,1.1,,,,15,10,5221,,,,32,25336,,,,28,27014,,,,14,20364,,,,11,4675,,,,24,13250,,,,1,14487,,,,18,31969,,,,,,,,,,,,,,,,,,,,,,,,,,,,,,,,,,,,,,
173711,11-May-18,15:46:42,2018-05-11 15:46:42,G,2,5,2794,,0,9,-62.4627,-60.1552,46:47.6,FastGPS,-62.4627,-60.1552,,,7.2,0.6,,,,15,11,14476,,,,3,1489,,,,22,22288,,,,1,17958,,,,17,8094,,,,18,2430,,,,8,14234,,,,32,7678,,,,24,3838,,,,,,,,,,,,,,,,,,,,,,,,,,,,,,,,,
173711,11-May-18,16:17:44,2018-05-11 16:17:44,G,2,5,2795,1348,0,8,-62.4723,-60.1573,17:49.5,FastGPS,-62.4723,-60.1573,,,14,0.5,,,,15,17,11156,,,,11,24149,,,,1,24617,,,,3,5871,,,,19,9374,,,,22,9802,,,,18,8069,,,,12,21853,,,,,,,,,,,,,,,,,,,,,,,,,,,,,,,,,,,,,,
173711,11-May-18,17:06:22,2018-05-11 17:06:22,G,1,5,2796,,0,9,-62.4786,-60.1833,06:27.6,FastGPS,-62.4786,-60.1833,,,4.5,0.6,,,,15,31,31284,,,,18,23210,,,,1,24807,,,,14,10336,,,,3,28658,,,,23,20828,,,,11,16194,,,,32,10888,,,,17,28200,,,,,,,,,,,,,,,,,,,,,,,,,,,,,,,,,
173711,11-May-18,18:07:30,2018-05-11 18:07:30,G,1,5,2797,1351,0,8,-62.4614,-60.1524,07:36.1,FastGPS,-62.4614,-60.1524,,,17.1,1.1,,,,15,31,18282,,,,17,5365,,,,23,31253,,,,19,16090,,,,6,10732,,,,12,25963,,,,25,24730,,,,9,705,,,,,,,,,,,,,,,,,,,,,,,,,,,,,,,,,,,,,,
173711,11-May-18,20:26:49,2018-05-11 20:26:49,G,1,5,2800,1354,0,8,-62.4908,-60.1843,26:54.6,FastGPS,-62.4908,-60.1843,,1,3.2,0.6,,,,15,7,12307,,,,26,19365,,,,16,3252,,,,9,104,,,,3,12170,,,,4,25038,,,,23,5511,,,,6,7504,,,,,,,,,,,,,,,,,,,,,,,,,,,,,,,,,,,,,,
173711,11-May-18,21:00:14,2018-05-11 21:00:14,G,2,5,2801,1354,0,7,-62.4782,-60.2055,00:20.1,FastGPS,-62.4782,-60.2055,,,6.2,1.1,,,,15,23,24676,,,,2,19186,,,,7,23756,,,,30,24990,,,,5,7784,,,,6,17262,,,,29,23018,,,,,,,,,,,,,,,,,,,,,,,,,,,,,,,,,,,,,,,,,,,
173711,11-May-18,21:30:00,2018-05-11 21:30:00,G,3,5,2802,1354,0,7,-62.4756,-60.2349,30:05.6,FastGPS,-62.4756,-60.2349,,,4,0.6,,,,15,30,13938,,,,23,17392,,,,7,30950,,,,2,10179,,,,5,4490,,,,9,19776,,,,16,21088,,,,,,,,,,,,,,,,,,,,,,,,,,,,,,,,,,,,,,,,,,,
173711,11-May-18,23:37:23,2018-05-11 23:37:23,G,1,5,2806,1354,0,7,-62.4458,-60.3126,37:29.1,FastGPS,-62.4458,-60.3126,,,3.1,1.1,,,,15,5,5048,,,,13,11570,,,,15,1008,,,,7,733,,,,30,26396,,,,21,3150,,,,28,4916,,,,,,,,,,,,,,,,,,,,,,,,,,,,,,,,,,,,,,,,,,,
173711,12-May-18,3:29:10,2018-05-12 03:29:10,G,1,5,2812,1357,0,6,-62.4923,-60.3094,29:16.1,FastGPS,-62.4923,-60.3094,,,7.5,1.1,,,,15,32,4784,,,,17,2300,,,,12,17393,,,,10,4515,,,,1,23806,,,,19,27260,,,,,,,,,,,,,,,,,,,,,,,,,,,,,,,,,,,,,,,,,,,,,,,,
173711,12-May-18,3:59:29,2018-05-12 03:59:29,G,2,5,2813,1357,0,7,-62.4848,-60.2759,59:34.6,FastGPS,-62.4848,-60.2759,,,6.6,0.6,,,,15,17,17277,,,,32,14163,,,,12,11772,,,,24,10138,,,,15,14160,,,,6,31816,,,,19,6692,,,,,,,,,,,,,,,,,,,,,,,,,,,,,,,,,,,,,,,,,,,
173711,12-May-18,4:29:00,2018-05-12 04:29:00,G,1,5,2814,1357,0,7,-62.4843,-60.2757,29:04.6,FastGPS,-62.4843,-60.2757,,,3.9,-0.4,,,,15,12,23475,,,,32,25647,,,,24,10793,,,,17,954,,,,19,21135,,,,14,31917,,,,2,26052,,,,,,,,,,,,,,,,,,,,,,,,,,,,,,,,,,,,,,,,,,,
173711,12-May-18,4:59:05,2018-05-12 04:59:05,G,3,5,2815,1357,0,5,-62.4842,-60.2749,59:10.1,FastGPS,-62.4842,-60.2749,,,4,0.1,,,,15,32,10850,,,,12,25622,,,,25,27346,,,,14,26630,,,,2,1006,,,,,,,,,,,,,,,,,,,,,,,,,,,,,,,,,,,,,,,,,,,,,,,,,,,,,
173711,12-May-18,5:29:02,2018-05-12 05:29:02,G,1,5,2816,1357,0,6,-62.4838,-60.2748,29:08.0,FastGPS,-62.4838,-60.2748,,,7.5,1,,,,15,2,16515,,,,25,13760,,,,32,11230,,,,29,11136,,,,12,21400,,,,14,2528,,,,,,,,,,,,,,,,,,,,,,,,,,,,,,,,,,,,,,,,,,,,,,,,
173711,12-May-18,6:15:00,2018-05-12 06:15:00,G,1,5,2817,1358,0,8,-62.4847,-60.2621,15:05.6,FastGPS,-62.4847,-60.2621,,,14.5,0.6,,,,15,29,14842,,,,31,1767,,,,19,15853,,,,25,13767,,,,14,4454,,,,2,7810,,,,32,22309,,,,12,29178,,,,,,,,,,,,,,,,,,,,,,,,,,,,,,,,,,,,,,
173711,12-May-18,7:15:00,2018-05-12 07:15:00,G,1,5,2819,1358,0,7,-62.4799,-60.2494,15:04.6,FastGPS,-62.4799,-60.2494,,1,6,-0.4,,,,15,31,8278,,,,29,20,,,,12,27489,,,,4,6321,,,,23,19579,,,,25,11579,,,,5,20701,,,,,,,,,,,,,,,,,,,,,,,,,,,,,,,,,,,,,,,,,,,
173711,12-May-18,7:45:00,2018-05-12 07:45:00,G,1,5,2820,1358,0,8,-62.4788,-60.2389,45:04.6,FastGPS,-62.4788,-60.2389,,1,10.1,-0.4,,,,15,31,25897,,,,4,13447,,,,26,3403,,,,2,27093,,,,29,14901,,,,5,21366,,,,25,19894,,,,23,16389,,,,,,,,,,,,,,,,,,,,,,,,,,,,,,,,,,,,,,
173711,12-May-18,9:31:52,2018-05-12 09:31:52,G,1,5,2823,1359,0,7,-62.472,-60.2171,31:57.1,FastGPS,-62.472,-60.2171,,1,3.7,0.1,,,,15,21,11229,,,,29,1044,,,,16,22496,,,,20,32247,,,,26,13343,,,,4,25318,,,,31,17137,,,,,,,,,,,,,,,,,,,,,,,,,,,,,,,,,,,,,,,,,,,
173711,12-May-18,10:02:00,2018-05-12 10:02:00,G,2,5,2824,1359,0,8,-62.4705,-60.2105,02:05.6,FastGPS,-62.4705,-60.2105,,1,11.2,0.6,,,,15,29,11074,,,,5,7031,,,,16,8648,,,,26,4056,,,,20,1608,,,,21,12052,,,,4,20748,,,,27,30482,,,,,,,,,,,,,,,,,,,,,,,,,,,,,,,,,,,,,,
173711,12-May-18,10:33:14,2018-05-12 10:33:14,G,2,5,2825,,0,9,-62.4685,-60.1887,33:19.1,FastGPS,-62.4685,-60.1887,,,13.3,0.1,,,,15,7,26495,,,,29,11119,,,,5,26296,,,,15,30007,,,,16,2647,,,,27,25619,,,,13,28429,,,,21,18836,,,,20,30242,,,,,,,,,,,,,,,,,,,,,,,,,,,,,,,,,
173711,12-May-18,11:34:52,2018-05-12 11:34:52,G,1,5,2826,1361,0,5,-62.4699,-60.1589,34:57.6,FastGPS,-62.4699,-60.1589,,,6.2,0.6,,,,15,15,7119,,,,27,3763,,,,20,19620,,,,21,31996,,,,30,359,,,,,,,,,,,,,,,,,,,,,,,,,,,,,,,,,,,,,,,,,,,,,,,,,,,,,
173711,12-May-18,12:05:00,2018-05-12 12:05:00,G,1,5,2827,1361,0,7,-62.4674,-60.1543,05:04.6,FastGPS,-62.4674,-60.1543,,,13,-0.4,,,,15,15,13616,,,,21,14983,,,,10,4623,,,,16,1371,,,,20,5982,,,,8,4424,,,,27,31277,,,,,,,,,,,,,,,,,,,,,,,,,,,,,,,,,,,,,,,,,,,
173711,12-May-18,12:36:13,2018-05-12 12:36:13,G,1,5,2828,1361,0,6,-62.4675,-60.1589,36:18.1,FastGPS,-62.4675,-60.1589,,,15.3,0.1,,,,15,15,482,,,,8,11916,,,,21,18803,,,,10,21069,,,,13,31844,,,,30,28520,,,,,,,,,,,,,,,,,,,,,,,,,,,,,,,,,,,,,,,,,,,,,,,,
173711,12-May-18,14:55:01,2018-05-12 14:55:01,G,1,5,2832,,0,9,-62.4693,-60.1531,55:06.6,FastGPS,-62.4693,-60.1531,,,11.4,0.6,,,,15,22,13144,,,,1,1283,,,,28,4872,,,,32,16807,,,,10,29792,,,,18,23950,,,,11,30899,,,,8,13876,,,,24,15269,,,,,,,,,,,,,,,,,,,,,,,,,,,,,,,,,
173711,12-May-18,15:58:30,2018-05-12 15:58:30,G,2,5,2834,1362,0,6,-62.4708,-60.1681,58:36.1,FastGPS,-62.4708,-60.1681,,,7.2,1.1,,,,15,17,6594,,,,18,31843,,,,3,13658,,,,11,13078,,,,22,10944,,,,1,16746,,,,,,,,,,,,,,,,,,,,,,,,,,,,,,,,,,,,,,,,,,,,,,,,
173711,12-May-18,16:28:00,2018-05-12 16:28:00,G,3,5,2835,1362,0,4,-62.4835,-60.1801,58:56.6,FastGPS,-62.474,-60.1617,,,0.9,1.1,,,,15,17,28545,,,,11,21400,,,,18,3072,,,,3,14584,,,,,,,,,,,,,,,,,,,,,,,,,,,,,,,,,,,,,,,,,,,,,,,,,,,,,,,,,,
173711,12-May-18,17:30:52,2018-05-12 17:30:52,G,3,5,2837,,0,9,-62.476,-60.1665,30:58.1,FastGPS,-62.476,-60.1665,,,14.9,1.1,,,,15,12,30755,,,,31,26861,,,,18,18937,,,,14,30296,,,,25,14389,,,,1,18376,,,,3,8672,,,,11,20246,,,,23,28838,,,,,,,,,,,,,,,,,,,,,,,,,,,,,,,,,
173711,12-May-18,18:01:02,2018-05-12 18:01:02,G,1,5,2838,1362,0,4,-62.475,-60.149,5/13/2018 14:02,A,-62.4748,-60.1657,,,1.7,0.5,,,,15,23,3194,,,,3,5484,,,,19,32027,,,,22,24836,,,,,,,,,,,,,,,,,,,,,,,,,,,,,,,,,,,,,,,,,,,,,,,,,,,,,,,,,,
173711,12-May-18,19:17:46,2018-05-12 19:17:46,G,2,5,2840,1363,0,6,-62.4822,-60.185,17:51.6,FastGPS,-62.4822,-60.185,,1,2.5,0.6,,,,15,22,7807,,,,3,29047,,,,16,30168,,,,9,9710,,,,26,7718,,,,4,3016,,,,,,,,,,,,,,,,,,,,,,,,,,,,,,,,,,,,,,,,,,,,,,,,
173711,12-May-18,20:21:23,2018-05-12 20:21:23,G,2,5,2842,,0,9,-62.476,-60.1779,21:28.6,FastGPS,-62.476,-60.1779,,1,11.2,0.6,,,,15,23,23176,,,,5,26606,,,,29,18214,,,,2,19014,,,,26,782,,,,4,7467,,,,16,13689,,,,3,32164,,,,9,12296,,,,,,,,,,,,,,,,,,,,,,,,,,,,,,,,,
173711,12-May-18,21:07:46,2018-05-12 21:07:46,G,2,5,2843,1364,0,7,-62.4757,-60.16,07:51.6,FastGPS,-62.4757,-60.16,,,6.2,0.6,,,,15,23,25614,,,,7,10620,,,,16,29461,,,,30,27498,,,,9,9374,,,,5,1590,,,,2,739,,,,,,,,,,,,,,,,,,,,,,,,,,,,,,,,,,,,,,,,,,,
173711,12-May-18,22:58:51,2018-05-12 22:58:51,G,1,5,2846,1365,0,5,-62.4835,-60.1801,58:56.6,FastGPS,-62.4835,-60.1801,,,1.5,0.6,,,,15,5,23828,,,,13,6337,,,,28,15252,,,,30,8910,,,,7,13228,,,,,,,,,,,,,,,,,,,,,,,,,,,,,,,,,,,,,,,,,,,,,,,,,,,,,
173711,13-May-18,2:08:24,2018-05-13 02:08:24,G,1,5,2851,1367,0,6,-62.5079,-60.2458,08:28.6,FastGPS,-62.5079,-60.2458,,,3.8,-0.4,,,,15,13,11444,,,,15,11958,,,,17,9748,,,,19,32032,,,,24,28021,,,,20,2856,,,,,,,,,,,,,,,,,,,,,,,,,,,,,,,,,,,,,,,,,,,,,,,,
173711,13-May-18,2:44:27,2018-05-13 02:44:27,G,2,5,2852,1367,0,7,-62.5023,-60.2418,44:32.1,FastGPS,-62.5023,-60.2418,,,5,0.1,,,,15,17,17576,,,,1,19399,,,,11,9178,,,,18,31638,,,,28,9848,,,,19,8336,,,,24,15436,,,,,,,,,,,,,,,,,,,,,,,,,,,,,,,,,,,,,,,,,,,
173711,13-May-18,3:26:07,2018-05-13 03:26:07,G,1,5,2853,1367,0,6,-62.5037,-60.2411,26:12.1,FastGPS,-62.5037,-60.2411,,,4.8,0.1,,,,15,12,25761,,,,15,23316,,,,17,6380,,,,6,16645,,,,19,608,,,,24,17874,,,,,,,,,,,,,,,,,,,,,,,,,,,,,,,,,,,,,,,,,,,,,,,,
173711,13-May-18,4:37:54,2018-05-13 04:37:54,G,2,5,2855,1367,0,8,-62.4984,-60.2642,37:58.6,FastGPS,-62.4984,-60.2642,,,7.3,-0.4,,,,15,17,20809,,,,19,2858,,,,6,20249,,,,24,18493,,,,32,95,,,,12,17581,,,,25,8484,,,,2,29230,,,,,,,,,,,,,,,,,,,,,,,,,,,,,,,,,,,,,,
173711,13-May-18,5:48:59,2018-05-13 05:48:59,G,3,5,2856,1367,0,7,-62.4698,-60.2225,49:04.1,FastGPS,-62.4698,-60.2225,,,15.8,0.1,,,,15,31,23760,,,,19,13975,,,,6,20859,,,,12,3462,,,,2,29856,,,,3,18389,,,,25,10148,,,,,,,,,,,,,,,,,,,,,,,,,,,,,,,,,,,,,,,,,,,
173711,13-May-18,6:34:25,2018-05-13 06:34:25,G,2,5,2857,,0,9,-62.4751,-60.1722,34:30.1,FastGPS,-62.4751,-60.1722,,1,7.8,0.1,,,,15,31,22233,,,,6,5441,,,,29,24988,,,,12,23409,,,,2,15838,,,,4,18763,,,,14,20226,,,,25,23447,,,,23,23096,,,,,,,,,,,,,,,,,,,,,,,,,,,,,,,,,
173711,13-May-18,7:40:00,2018-05-13 07:40:00,G,1,5,2859,,0,9,-62.4773,-60.168,40:05.6,FastGPS,-62.4773,-60.168,,1,8.3,0.6,,,,15,5,9876,,,,2,21562,,,,12,20068,,,,31,17596,,,,23,7888,,,,29,4633,,,,4,1030,,,,25,12982,,,,26,23248,,,,,,,,,,,,,,,,,,,,,,,,,,,,,,,,,
173711,13-May-18,8:44:39,2018-05-13 08:44:39,G,1,5,2861,1368,0,8,-62.4783,-60.1678,44:44.6,FastGPS,-62.4783,-60.1678,,1,1.9,0.6,,,,15,5,22672,,,,31,2899,,,,21,18798,,,,29,23408,,,,25,10512,,,,2,25372,,,,26,25321,,,,4,14556,,,,,,,,,,,,,,,,,,,,,,,,,,,,,,,,,,,,,,
173711,13-May-18,9:15:34,2018-05-13 09:15:34,G,1,5,2862,,0,9,-62.4789,-60.1676,15:38.6,FastGPS,-62.4789,-60.1676,,1,8.7,-0.4,,,,15,29,22084,,,,21,18402,,,,4,20676,,,,16,4007,,,,31,28286,,,,26,29367,,,,5,5051,,,,9,31198,,,,20,27780,,,,,,,,,,,,,,,,,,,,,,,,,,,,,,,,,
173711,13-May-18,9:45:52,2018-05-13 09:45:52,G,1,5,2863,1368,0,7,-62.4794,-60.1658,45:56.6,FastGPS,-62.4794,-60.1658,,1,1.7,-0.4,,,,15,26,14523,,,,21,11244,,,,4,9258,,,,29,18211,,,,16,13515,,,,20,14232,,,,5,3727,,,,,,,,,,,,,,,,,,,,,,,,,,,,,,,,,,,,,,,,,,,
173711,13-May-18,10:16:01,2018-05-13 10:16:01,G,3,5,2864,1368,0,6,-62.4783,-60.1638,16:06.6,FastGPS,-62.4783,-60.1638,,,9.1,0.6,,,,15,29,15522,,,,5,23874,,,,13,5548,,,,20,4458,,,,15,29620,,,,16,9553,,,,,,,,,,,,,,,,,,,,,,,,,,,,,,,,,,,,,,,,,,,,,,,,
173711,13-May-18,11:38:36,2018-05-13 11:38:36,G,1,5,2866,1369,0,6,-62.4929,-60.2019,38:41.6,FastGPS,-62.4929,-60.2019,,1,4.6,0.6,,,,15,15,5472,,,,21,31177,,,,10,31178,,,,20,5536,,,,4,11725,,,,13,4262,,,,,,,,,,,,,,,,,,,,,,,,,,,,,,,,,,,,,,,,,,,,,,,,
173711,13-May-18,13:13:16,2018-05-13 13:13:16,G,1,5,2869,1369,0,7,-62.4717,-60.1893,13:22.1,FastGPS,-62.4717,-60.1893,,,9.3,1.1,,,,15,27,31509,,,,18,16282,,,,10,14972,,,,8,13192,,,,11,13512,,,,32,28358,,,,15,3868,,,,,,,,,,,,,,,,,,,,,,,,,,,,,,,,,,,,,,,,,,,
173711,13-May-18,16:55:00,2018-05-13 16:55:00,G,1,5,2875,,0,9,-62.4699,-60.1965,55:05.6,FastGPS,-62.4699,-60.1965,,,6.4,0.6,,,,15,17,8930,,,,12,3443,,,,11,4659,,,,23,14925,,,,19,31680,,,,1,9997,,,,18,12644,,,,3,562,,,,22,6148,,,,,,,,,,,,,,,,,,,,,,,,,,,,,,,,,
173711,13-May-18,17:42:42,2018-05-13 17:42:42,G,1,5,2876,1372,0,4,-62.5038,-60.2427,52:50.6,FastGPS,-62.474,-60.2055,,,0.7,1.2,,,,15,23,17083,,,,17,4644,,,,19,11300,,,,3,6236,,,,,,,,,,,,,,,,,,,,,,,,,,,,,,,,,,,,,,,,,,,,,,,,,,,,,,,,,,
173711,13-May-18,19:14:43,2018-05-13 19:14:43,G,3,5,2879,1372,0,7,-62.4752,-60.2021,14:48.6,FastGPS,-62.4752,-60.2021,,1,8.2,0.6,,,,15,31,23054,,,,23,11391,,,,9,25778,,,,4,17077,,,,6,17683,,,,29,7264,,,,2,21862,,,,,,,,,,,,,,,,,,,,,,,,,,,,,,,,,,,,,,,,,,,
173711,13-May-18,19:45:50,2018-05-13 19:45:50,G,3,5,2880,1372,0,6,-62.4881,-60.2009,45:56.1,FastGPS,-62.4881,-60.2009,,1,2,1.1,,,,15,9,13121,,,,6,20894,,,,7,5446,,,,2,24323,,,,29,27790,,,,4,12494,,,,,,,,,,,,,,,,,,,,,,,,,,,,,,,,,,,,,,,,,,,,,,,,
173711,13-May-18,20:34:39,2018-05-13 20:34:39,G,4,5,2881,1373,0,8,-62.5006,-60.2323,34:44.6,FastGPS,-62.5006,-60.2323,,,4.1,0.6,,,,15,2,4294,,,,7,3222,,,,5,13160,,,,6,2051,,,,23,5564,,,,30,18504,,,,29,21900,,,,16,14780,,,,,,,,,,,,,,,,,,,,,,,,,,,,,,,,,,,,,,
173711,13-May-18,21:04:01,2018-05-13 21:04:01,G,1,5,2882,1373,0,7,-62.5041,-60.2429,04:06.6,FastGPS,-62.5041,-60.2429,,,6.8,0.6,,,,15,7,1716,,,,5,26189,,,,2,23047,,,,23,14477,,,,30,18906,,,,9,31608,,,,29,7177,,,,,,,,,,,,,,,,,,,,,,,,,,,,,,,,,,,,,,,,,,,
173711,13-May-18,21:52:45,2018-05-13 21:52:45,G,3,5,2883,1374,0,4,-62.4781,-60.4053,03:05.6,FastGPS,-62.5038,-60.2427,,,0.3,0.6,,,,15,5,1432,,,,16,10819,,,,27,19940,,,,7,27315,,,,,,,,,,,,,,,,,,,,,,,,,,,,,,,,,,,,,,,,,,,,,,,,,,,,,,,,,,
173711,13-May-18,22:26:02,2018-05-13 22:26:02,G,1,5,2884,1374,0,5,-62.5075,-60.2638,26:07.5,FastGPS,-62.5075,-60.2638,,,11.4,0.5,,,,15,5,5094,,,,7,24150,,,,30,2205,,,,9,11116,,,,13,19420,,,,,,,,,,,,,,,,,,,,,,,,,,,,,,,,,,,,,,,,,,,,,,,,,,,,,
173711,13-May-18,23:08:04,2018-05-13 23:08:04,G,2,5,2885,1374,0,6,-62.5149,-60.3011,08:09.6,FastGPS,-62.5149,-60.3011,,,12.9,0.6,,,,15,5,7078,,,,21,640,,,,13,26917,,,,15,23529,,,,7,17105,,,,30,18286,,,,,,,,,,,,,,,,,,,,,,,,,,,,,,,,,,,,,,,,,,,,,,,,
173711,14-May-18,0:03:27,2018-05-14 00:03:27,G,3,5,2886,1374,0,6,-62.4944,-60.3543,03:32.6,FastGPS,-62.4944,-60.3543,,,6.3,0.7,,,,15,7,21109,,,,5,5634,,,,28,19661,,,,30,28677,,,,8,7248,,,,13,11730,,,,,,,,,,,,,,,,,,,,,,,,,,,,,,,,,,,,,,,,,,,,,,,,
173711,14-May-18,0:33:02,2018-05-14 00:33:02,G,3,5,2887,1374,0,6,-62.4809,-60.3851,33:08.1,FastGPS,-62.4809,-60.3851,,,13.5,1.1,,,,15,30,21407,,,,28,23137,,,,7,26690,,,,5,16108,,,,15,31844,,,,13,12627,,,,,,,,,,,,,,,,,,,,,,,,,,,,,,,,,,,,,,,,,,,,,,,,
173711,14-May-18,1:03:00,2018-05-14 01:03:00,G,1,5,2888,1374,0,6,-62.4781,-60.4053,03:05.6,FastGPS,-62.4781,-60.4053,,,4.8,0.6,,,,15,7,4064,,,,17,18792,,,,30,2318,,,,11,21770,,,,13,19737,,,,15,20936,,,,,,,,,,,,,,,,,,,,,,,,,,,,,,,,,,,,,,,,,,,,,,,,
173711,14-May-18,3:38:15,2018-05-14 03:38:15,G,1,5,2892,1376,0,6,-62.4889,-60.3574,38:19.6,FastGPS,-62.4889,-60.3574,,,8.8,-0.3,,,,15,24,1748,,,,12,26197,,,,15,29062,,,,17,29786,,,,19,24616,,,,32,4790,,,,,,,,,,,,,,,,,,,,,,,,,,,,,,,,,,,,,,,,,,,,,,,,
173711,14-May-18,4:23:49,2018-05-14 04:23:49,G,1,5,2893,1377,0,5,-62.491,-60.3409,23:53.6,FastGPS,-62.491,-60.3409,,,2.7,-0.4,,,,15,12,30095,,,,32,27887,,,,24,5088,,,,17,22243,,,,25,31228,,,,,,,,,,,,,,,,,,,,,,,,,,,,,,,,,,,,,,,,,,,,,,,,,,,,,
173711,14-May-18,4:54:03,2018-05-14 04:54:03,G,1,5,2894,1377,0,7,-62.496,-60.3338,54:08.1,FastGPS,-62.496,-60.3338,,,8.5,0.1,,,,15,25,31616,,,,19,32696,,,,17,10941,,,,32,388,,,,14,23733,,,,12,20968,,,,6,10281,,,,,,,,,,,,,,,,,,,,,,,,,,,,,,,,,,,,,,,,,,,
173711,14-May-18,5:24:00,2018-05-14 05:24:00,G,2,5,2895,1377,0,8,-62.4992,-60.3037,24:06.1,FastGPS,-62.4992,-60.3037,,,5.1,1.1,,,,15,19,12204,,,,12,3684,,,,6,13868,,,,25,6538,,,,29,9004,,,,3,29864,,,,17,7090,,,,32,19842,,,,,,,,,,,,,,,,,,,,,,,,,,,,,,,,,,,,,,
173711,14-May-18,6:25:54,2018-05-14 06:25:54,G,5,5,2896,1379,0,5,-62.4846,-60.2598,26:00.1,FastGPS,-62.4846,-60.2598,,,20.2,1.1,,,,15,2,11290,,,,12,32529,,,,6,15718,,,,31,9112,,,,25,18157,,,,,,,,,,,,,,,,,,,,,,,,,,,,,,,,,,,,,,,,,,,,,,,,,,,,,
173711,14-May-18,6:56:02,2018-05-14 06:56:02,G,4,5,2897,1379,0,4,-62.4781,-60.4053,03:05.6,FastGPS,,,,,,,,,,15,12,21895,,,,23,26458,,,,4,14760,,,,6,28812,,,,,,,,,,,,,,,,,,,,,,,,,,,,,,,,,,,,,,,,,,,,,,,,,,,,,,,,,,
173711,14-May-18,7:28:40,2018-05-14 07:28:40,G,3,5,2898,1379,0,8,-62.4685,-60.2249,28:46.1,FastGPS,-62.4685,-60.2249,,1,8.2,1.1,,,,15,4,20554,,,,26,5578,,,,31,3367,,,,23,23008,,,,29,6546,,,,6,27794,,,,5,30904,,,,2,23478,,,,,,,,,,,,,,,,,,,,,,,,,,,,,,,,,,,,,,
173711,14-May-18,8:13:02,2018-05-14 08:13:02,G,5,5,2899,1380,0,7,-62.4696,-60.208,13:08.1,FastGPS,-62.4696,-60.208,,1,3.2,1.1,,,,15,5,11480,,,,29,31753,,,,31,17312,,,,2,13128,,,,21,28802,,,,26,4102,,,,4,18614,,,,,,,,,,,,,,,,,,,,,,,,,,,,,,,,,,,,,,,,,,,
173711,14-May-18,8:43:00,2018-05-14 08:43:00,G,5,5,2900,1380,0,4,-62.4781,-60.4053,03:05.6,FastGPS,,,,,,,,,,15,5,13818,,,,4,7748,,,,29,10392,,,,26,21006,,,,,,,,,,,,,,,,,,,,,,,,,,,,,,,,,,,,,,,,,,,,,,,,,,,,,,,,,,
173711,14-May-18,9:13:00,2018-05-14 09:13:00,G,2,5,2901,1380,0,6,-62.4678,-60.2036,13:05.6,FastGPS,-62.4678,-60.2036,,1,2.1,0.6,,,,15,29,28748,,,,5,13638,,,,4,30730,,,,26,8274,,,,21,2245,,,,20,8433,,,,,,,,,,,,,,,,,,,,,,,,,,,,,,,,,,,,,,,,,,,,,,,,
173711,14-May-18,9:43:00,2018-05-14 09:43:00,G,1,5,2902,1380,0,7,-62.4663,-60.2028,43:05.1,FastGPS,-62.4663,-60.2028,,1,16.4,0.2,,,,15,20,2692,,,,4,26854,,,,16,3450,,,,21,1626,,,,27,31680,,,,29,954,,,,26,540,,,,,,,,,,,,,,,,,,,,,,,,,,,,,,,,,,,,,,,,,,,
173711,14-May-18,12:29:00,2018-05-14 12:29:00,G,1,5,2906,1383,1,4,-62.4781,-60.4053,03:05.6,FastGPS,-62.4686,-60.167,,,0.9,0.7,,,,15,8,1972,,,,30,13403,,,,13,15822,,,,20,31714,,,,,,,,,,,,,,,,,,,,,,,,,,,,,,,,,,,,,,,,,,,,,,,,,,,,,,,,,,
173711,14-May-18,14:29:00,2018-05-14 14:29:00,G,1,5,2909,1385,1,5,-62.4681,-60.1675,29:04.6,FastGPS,-62.4681,-60.1675,,,7.3,-0.4,,,,15,28,2396,,,,24,15166,,,,18,27255,,,,11,32467,,,,1,1971,,,,,,,,,,,,,,,,,,,,,,,,,,,,,,,,,,,,,,,,,,,,,,,,,,,,,
173711,14-May-18,14:59:00,2018-05-14 14:59:00,G,2,5,2910,1385,1,4,-62.467,-60.164,5/15/2018 1:57,N,-62.4684,-60.1688,,,0.5,0.5,,,,15,24,30178,,,,1,31016,,,,32,18077,,,,11,3719,,,,,,,,,,,,,,,,,,,,,,,,,,,,,,,,,,,,,,,,,,,,,,,,,,,,,,,,,,
173711,14-May-18,15:29:00,2018-05-14 15:29:00,G,2,5,2911,1385,1,4,-62.467,-60.164,5/15/2018 1:57,N,-62.4688,-60.1668,,,0.4,0.7,,,,15,17,17172,,,,10,24687,,,,32,9123,,,,22,32419,,,,,,,,,,,,,,,,,,,,,,,,,,,,,,,,,,,,,,,,,,,,,,,,,,,,,,,,,,
173711,14-May-18,16:14:00,2018-05-14 16:14:00,G,1,5,2912,1386,1,4,-62.467,-60.164,5/15/2018 1:57,N,-62.4689,-60.1679,,,0.6,0.6,,,,15,19,5176,,,,17,26656,,,,32,721,,,,22,21800,,,,,,,,,,,,,,,,,,,,,,,,,,,,,,,,,,,,,,,,,,,,,,,,,,,,,,,,,,
173711,16-May-18,10:17:00,2018-05-16 10:17:00,G,1,5,2915,,0,9,-62.4675,-60.1659,17:05.7,FastGPS,-62.4675,-60.1659,,1,10.2,0.7,,,,15,27,6403,,,,16,16172,,,,4,2259,,,,26,9544,,,,29,24792,,,,5,6906,,,,15,10890,,,,7,7485,,,,13,9584,,,,,,,,,,,,,,,,,,,,,,,,,,,,,,,,,
173711,16-May-18,10:50:12,2018-05-16 10:50:12,G,1,5,2916,1386,0,7,-62.4618,-60.1404,50:16.7,FastGPS,-62.4618,-60.1404,,1,4.8,-0.3,,,,15,7,18313,,,,4,28375,,,,26,20719,,,,10,15524,,,,16,22546,,,,27,23594,,,,15,11660,,,,,,,,,,,,,,,,,,,,,,,,,,,,,,,,,,,,,,,,,,,
173711,16-May-18,11:20:00,2018-05-16 11:20:00,G,3,5,2917,1386,0,6,-62.4635,-60.1448,20:04.7,FastGPS,-62.4635,-60.1448,,,18.4,-0.3,,,,15,7,31165,,,,10,32030,,,,8,20745,,,,16,2810,,,,15,22796,,,,13,32646,,,,,,,,,,,,,,,,,,,,,,,,,,,,,,,,,,,,,,,,,,,,,,,,
173711,16-May-18,12:24:00,2018-05-16 12:24:00,G,2,5,2919,1386,0,6,-62.4644,-60.1436,24:04.7,FastGPS,-62.4644,-60.1436,,,9.4,-0.3,,,,15,15,25574,,,,21,30641,,,,20,8150,,,,16,11060,,,,27,1718,,,,10,25850,,,,,,,,,,,,,,,,,,,,,,,,,,,,,,,,,,,,,,,,,,,,,,,,
173711,16-May-18,12:54:06,2018-05-16 12:54:06,G,2,5,2920,1386,0,5,-62.4629,-60.1563,54:11.2,FastGPS,-62.4629,-60.1563,,,14.6,0.2,,,,15,18,24994,,,,32,31106,,,,27,16660,,,,10,16130,,,,11,22148,,,,,,,,,,,,,,,,,,,,,,,,,,,,,,,,,,,,,,,,,,,,,,,,,,,,,
173711,16-May-18,13:43:27,2018-05-16 13:43:27,G,1,5,2921,1387,0,8,-62.4622,-60.1558,43:33.2,FastGPS,-62.4622,-60.1558,,,12.8,1.2,,,,15,28,23690,,,,10,25405,,,,32,26470,,,,11,15434,,,,18,14030,,,,20,28143,,,,24,16741,,,,1,24326,,,,,,,,,,,,,,,,,,,,,,,,,,,,,,,,,,,,,,
173711,16-May-18,14:18:03,2018-05-16 14:18:03,G,3,5,2922,1387,0,7,-62.4631,-60.1604,18:09.2,FastGPS,-62.4631,-60.1604,,,4.8,1.2,,,,15,22,26891,,,,8,23158,,,,28,18773,,,,1,4446,,,,32,27919,,,,11,7368,,,,14,4102,,,,,,,,,,,,,,,,,,,,,,,,,,,,,,,,,,,,,,,,,,,
173711,16-May-18,14:48:00,2018-05-16 14:48:00,G,3,5,2923,,0,9,-62.4674,-60.1565,48:05.7,FastGPS,-62.4674,-60.1565,,,15.8,0.7,,,,15,22,1804,,,,8,28448,,,,32,8842,,,,14,1036,,,,17,30968,,,,1,14786,,,,3,8013,,,,11,26132,,,,28,31395,,,,,,,,,,,,,,,,,,,,,,,,,,,,,,,,,
173711,16-May-18,16:07:12,2018-05-16 16:07:12,G,1,5,2925,,0,9,-62.47,-60.1968,07:17.2,FastGPS,-62.47,-60.1968,,,7.5,0.2,,,,15,17,10988,,,,11,18398,,,,31,28685,,,,18,978,,,,3,19891,,,,19,23975,,,,23,4634,,,,1,4544,,,,14,1004,,,,,,,,,,,,,,,,,,,,,,,,,,,,,,,,,
173711,16-May-18,17:44:23,2018-05-16 17:44:23,G,1,5,2928,1388,0,8,-62.47,-60.2225,44:29.2,FastGPS,-62.47,-60.2225,,,11.2,1.2,,,,15,22,15033,,,,3,26782,,,,31,19704,,,,19,20790,,,,14,28356,,,,17,14751,,,,23,21866,,,,6,3199,,,,,,,,,,,,,,,,,,,,,,,,,,,,,,,,,,,,,,
173711,16-May-18,18:32:01,2018-05-16 18:32:01,G,1,5,2929,1389,0,4,-62.4618,-60.1404,50:16.7,FastGPS,-62.4687,-60.2229,,,1.1,1.2,,,,15,6,6034,,,,31,25708,,,,25,28638,,,,2,16450,,,,,,,,,,,,,,,,,,,,,,,,,,,,,,,,,,,,,,,,,,,,,,,,,,,,,,,,,,
173711,16-May-18,19:08:15,2018-05-16 19:08:15,G,1,5,2930,,0,9,-62.4683,-60.2252,08:21.2,FastGPS,-62.4683,-60.2252,,1,10.9,1.2,,,,15,6,32146,,,,3,2905,,,,9,28053,,,,22,7770,,,,2,21200,,,,23,25378,,,,4,9038,,,,26,19782,,,,31,17967,,,,,,,,,,,,,,,,,,,,,,,,,,,,,,,,,
173711,16-May-18,19:38:51,2018-05-16 19:38:51,G,2,5,2931,1389,0,8,-62.4682,-60.2238,38:56.7,FastGPS,-62.4682,-60.2238,,1,7.9,0.7,,,,15,2,21731,,,,29,29234,,,,23,29524,,,,4,3894,,,,26,8423,,,,16,15554,,,,6,2670,,,,9,16114,,,,,,,,,,,,,,,,,,,,,,,,,,,,,,,,,,,,,,
173711,16-May-18,20:09:00,2018-05-16 20:09:00,G,1,5,2932,1389,0,8,-62.4683,-60.2251,09:04.7,FastGPS,-62.4683,-60.2251,,,3.4,-0.3,,,,15,7,15812,,,,9,25818,,,,5,22836,,,,6,22307,,,,2,26531,,,,23,23402,,,,29,29548,,,,16,31934,,,,,,,,,,,,,,,,,,,,,,,,,,,,,,,,,,,,,,
173711,16-May-18,20:42:06,2018-05-16 20:42:06,G,2,5,2933,,0,9,-62.4827,-60.257,42:10.7,FastGPS,-62.4827,-60.257,,,10.1,-0.3,,,,15,5,17012,,,,23,18140,,,,16,14960,,,,29,19747,,,,7,31876,,,,2,13719,,,,30,1856,,,,6,7030,,,,9,3856,,,,,,,,,,,,,,,,,,,,,,,,,,,,,,,,,
173711,17-May-18,10:38:21,2018-05-17 10:38:21,G,2,5,2937,,0,9,-62.463,-60.771,38:26.2,FastGPS,-62.463,-60.771,,1,11.1,0.2,,,,15,15,9372,,,,29,24176,,,,26,9368,,,,13,13173,,,,4,19892,,,,20,10413,,,,16,24600,,,,10,1197,,,,5,16471,,,,,,,,,,,,,,,,,,,,,,,,,,,,,,,,,
173711,17-May-18,11:34:12,2018-05-17 11:34:12,G,1,5,2938,1389,0,6,-62.4648,-60.7771,34:18.2,FastGPS,-62.4648,-60.7771,,,9.5,1.2,,,,15,15,7490,,,,10,4466,,,,16,10328,,,,21,18386,,,,27,21913,,,,20,27320,,,,,,,,,,,,,,,,,,,,,,,,,,,,,,,,,,,,,,,,,,,,,,,,
173711,17-May-18,12:04:02,2018-05-17 12:04:02,G,4,5,2939,1389,0,4,-62.4687,-60.2229,32:07.2,FastGPS,-62.4588,-60.8032,,,1,1.2,,,,15,10,15458,,,,27,30654,,,,8,300,,,,16,8416,,,,,,,,,,,,,,,,,,,,,,,,,,,,,,,,,,,,,,,,,,,,,,,,,,,,,,,,,,
173711,17-May-18,12:34:02,2018-05-17 12:34:02,G,3,5,2940,1389,0,6,-62.4742,-60.7963,34:08.2,FastGPS,-62.4742,-60.7963,,,2.6,1.2,,,,15,27,20829,,,,8,24606,,,,15,906,,,,10,12737,,,,18,6260,,,,13,3039,,,,,,,,,,,,,,,,,,,,,,,,,,,,,,,,,,,,,,,,,,,,,,,,
173711,17-May-18,13:04:00,2018-05-17 13:04:00,G,1,5,2941,1389,1,6,-62.474,-60.7954,04:05.7,FastGPS,-62.474,-60.7954,,,9.9,0.7,,,,15,1,19520,,,,18,18388,,,,28,13012,,,,8,26378,,,,11,16780,,,,15,20584,,,,,,,,,,,,,,,,,,,,,,,,,,,,,,,,,,,,,,,,,,,,,,,,
173711,19-May-18,0:03:13,2018-05-19 00:03:13,G,2,5,2942,1389,0,7,-62.4735,-60.7966,03:17.8,FastGPS,-62.4735,-60.7966,,,6.3,-0.2,,,,15,7,6937,,,,15,10058,,,,30,21393,,,,28,13022,,,,13,14383,,,,8,31833,,,,5,31934,,,,,,,,,,,,,,,,,,,,,,,,,,,,,,,,,,,,,,,,,,,
173711,19-May-18,0:34:03,2018-05-19 00:34:03,G,4,5,2943,1389,0,6,-62.4639,-60.815,34:07.8,FastGPS,-62.4639,-60.815,,,8.1,-0.2,,,,15,15,27794,,,,30,22460,,,,13,17194,,,,28,13954,,,,20,31475,,,,24,18796,,,,,,,,,,,,,,,,,,,,,,,,,,,,,,,,,,,,,,,,,,,,,,,,
173711,19-May-18,7:01:50,2018-05-19 07:01:50,G,1,5,2945,1391,0,7,-62.4248,-60.9269,01:55.3,FastGPS,-62.4248,-60.9269,,1,6.6,0.3,,,,15,12,4426,,,,25,1598,,,,29,12364,,,,23,6220,,,,4,15350,,,,2,22320,,,,31,24742,,,,,,,,,,,,,,,,,,,,,,,,,,,,,,,,,,,,,,,,,,,
173711,19-May-18,10:02:21,2018-05-19 10:02:21,G,2,5,2946,,0,9,-62.4751,-60.8631,02:25.8,FastGPS,-62.4751,-60.8631,,1,11.7,-0.2,,,,15,7,5342,,,,27,148,,,,15,31364,,,,5,14088,,,,13,32694,,,,26,18122,,,,16,18104,,,,29,32338,,,,4,11852,,,,,,,,,,,,,,,,,,,,,,,,,,,,,,,,,
173711,19-May-18,10:32:00,2018-05-19 10:32:00,G,2,5,2947,,0,9,-62.4823,-60.8415,32:04.8,FastGPS,-62.4823,-60.8415,,1,12.8,-0.2,,,,15,15,18241,,,,29,19635,,,,13,19934,,,,20,15163,,,,16,26744,,,,26,6553,,,,10,14203,,,,4,16261,,,,21,17740,,,,,,,,,,,,,,,,,,,,,,,,,,,,,,,,,
173711,19-May-18,11:03:46,2018-05-19 11:03:46,G,1,5,2948,1391,0,8,-62.4918,-60.83,03:50.8,FastGPS,-62.4918,-60.83,,,12.9,-0.2,,,,15,10,450,,,,27,30744,,,,16,490,,,,20,20010,,,,7,25396,,,,15,30533,,,,21,2310,,,,26,7865,,,,,,,,,,,,,,,,,,,,,,,,,,,,,,,,,,,,,,
173711,19-May-18,11:34:00,2018-05-19 11:34:00,G,2,5,2949,1391,0,8,-62.4967,-60.8371,34:04.8,FastGPS,-62.4967,-60.8371,,,10.5,-0.2,,,,15,15,10522,,,,10,30322,,,,27,30506,,,,8,1512,,,,20,21631,,,,21,22264,,,,13,6042,,,,16,11863,,,,,,,,,,,,,,,,,,,,,,,,,,,,,,,,,,,,,,
173711,19-May-18,13:03:01,2018-05-19 13:03:01,G,1,5,2950,1394,0,7,-62.5123,-60.8342,03:05.8,FastGPS,-62.5123,-60.8342,,,6.3,-0.2,,,,15,8,24054,,,,27,25964,,,,11,5721,,,,10,8881,,,,32,25692,,,,18,6339,,,,28,27064,,,,,,,,,,,,,,,,,,,,,,,,,,,,,,,,,,,,,,,,,,,
173711,19-May-18,14:59:14,2018-05-19 14:59:14,G,1,5,2953,,0,9,-62.5115,-60.8447,59:19.3,FastGPS,-62.5115,-60.8447,,,7.9,0.3,,,,15,22,29357,,,,10,20595,,,,32,9508,,,,18,30950,,,,11,9856,,,,1,15064,,,,14,7606,,,,3,25274,,,,28,29586,,,,,,,,,,,,,,,,,,,,,,,,,,,,,,,,,
173711,19-May-18,15:59:52,2018-05-19 15:59:52,G,1,5,2955,1395,0,6,-62.5057,-60.8302,59:57.2,FastGPS,-62.5057,-60.8302,,,4.4,0.3,,,,15,18,14825,,,,12,854,,,,1,28909,,,,31,5800,,,,17,14196,,,,32,19666,,,,,,,,,,,,,,,,,,,,,,,,,,,,,,,,,,,,,,,,,,,,,,,,
173711,19-May-18,18:26:25,2018-05-19 18:26:25,G,1,5,2959,,0,9,-62.4925,-60.8352,26:31.3,FastGPS,-62.4925,-60.8352,,1,15.4,1.3,,,,15,31,2938,,,,4,918,,,,22,26771,,,,26,20643,,,,3,15652,,,,9,14557,,,,23,10840,,,,19,4152,,,,6,14409,,,,,,,,,,,,,,,,,,,,,,,,,,,,,,,,,
173711,19-May-18,19:15:59,2018-05-19 19:15:59,G,2,5,2960,1397,0,8,-62.4823,-60.8411,16:05.3,FastGPS,-62.4823,-60.8411,,1,6.1,1.3,,,,15,7,24362,,,,4,22611,,,,26,17563,,,,23,3174,,,,16,30824,,,,9,17148,,,,6,13213,,,,31,1612,,,,,,,,,,,,,,,,,,,,,,,,,,,,,,,,,,,,,,
173711,19-May-18,22:34:21,2018-05-19 22:34:21,G,2,5,2965,1398,0,8,-62.4097,-60.8608,34:26.8,FastGPS,-62.4097,-60.8608,,,12.1,0.8,,,,15,5,31371,,,,9,12466,,,,28,14716,,,,7,12196,,,,13,2678,,,,15,21859,,,,30,21848,,,,21,3532,,,,,,,,,,,,,,,,,,,,,,,,,,,,,,,,,,,,,,
173711,19-May-18,23:56:06,2018-05-19 23:56:06,G,1,5,2967,1399,0,7,-62.412,-60.8748,56:10.8,FastGPS,-62.412,-60.8748,,,7.5,-0.2,,,,15,30,30362,,,,15,898,,,,7,20640,,,,28,7926,,,,5,13796,,,,13,12892,,,,20,30410,,,,,,,,,,,,,,,,,,,,,,,,,,,,,,,,,,,,,,,,,,,
173711,20-May-18,0:33:01,2018-05-20 00:33:01,G,2,5,2968,1399,0,4,-62.5057,-60.8302,59:57.2,FastGPS,-62.4016,-60.8795,,,0.4,-0.3,,,,15,30,26549,,,,17,29952,,,,28,29220,,,,13,30294,,,,,,,,,,,,,,,,,,,,,,,,,,,,,,,,,,,,,,,,,,,,,,,,,,,,,,,,,,
173711,20-May-18,1:03:41,2018-05-20 01:03:41,G,3,5,2969,1399,0,7,-62.4204,-60.9041,03:46.3,FastGPS,-62.4204,-60.9041,,,7.3,0.3,,,,15,20,15427,,,,15,14006,,,,24,9061,,,,10,21627,,,,1,7098,,,,28,26428,,,,11,12238,,,,,,,,,,,,,,,,,,,,,,,,,,,,,,,,,,,,,,,,,,,
173711,20-May-18,2:16:58,2018-05-20 02:16:58,G,1,5,2971,,0,9,-62.4193,-60.9031,17:04.3,FastGPS,-62.4193,-60.9031,,,11.5,1.3,,,,15,12,30985,,,,17,14346,,,,15,6066,,,,19,6176,,,,13,26614,,,,32,18610,,,,28,30082,,,,10,2525,,,,24,16539,,,,,,,,,,,,,,,,,,,,,,,,,,,,,,,,,
173711,20-May-18,2:52:01,2018-05-20 02:52:01,G,1,5,2972,1399,0,6,-62.4004,-60.9063,52:05.8,FastGPS,-62.4004,-60.9063,,,14.8,-0.2,,,,15,1,13726,,,,17,20662,,,,28,7068,,,,13,6706,,,,6,4952,,,,32,9878,,,,,,,,,,,,,,,,,,,,,,,,,,,,,,,,,,,,,,,,,,,,,,,,
173711,20-May-18,10:00:04,2018-05-20 10:00:04,G,3,5,2975,1402,0,8,-62.4722,-60.8387,00:08.8,FastGPS,-62.4722,-60.8387,,1,9.6,-0.2,,,,15,7,1318,,,,26,6500,,,,27,645,,,,29,18262,,,,16,12036,,,,4,31838,,,,20,17226,,,,21,25592,,,,,,,,,,,,,,,,,,,,,,,,,,,,,,,,,,,,,,
173711,20-May-18,10:49:45,2018-05-20 10:49:45,G,1,5,2976,1403,0,7,-62.4735,-60.8381,49:49.8,FastGPS,-62.4735,-60.8381,,1,4.1,-0.2,,,,15,10,14516,,,,15,3172,,,,20,6220,,,,21,15778,,,,16,17162,,,,26,11140,,,,4,12853,,,,,,,,,,,,,,,,,,,,,,,,,,,,,,,,,,,,,,,,,,,
173711,20-May-18,11:23:55,2018-05-20 11:23:55,G,1,5,2977,1403,0,5,-62.4837,-60.822,23:59.8,FastGPS,-62.4837,-60.822,,,3.2,-0.2,,,,15,15,13521,,,,27,29361,,,,8,17136,,,,13,20118,,,,10,16222,,,,,,,,,,,,,,,,,,,,,,,,,,,,,,,,,,,,,,,,,,,,,,,,,,,,,
173711,20-May-18,13:00:49,2018-05-20 13:00:49,G,2,5,2980,1403,0,6,-62.5034,-60.8277,00:53.8,FastGPS,-62.5034,-60.8277,,,4.6,-0.2,,,,15,18,2854,,,,10,30168,,,,8,14278,,,,27,10229,,,,32,23956,,,,11,2520,,,,,,,,,,,,,,,,,,,,,,,,,,,,,,,,,,,,,,,,,,,,,,,,
173711,20-May-18,14:23:33,2018-05-20 14:23:33,G,1,5,2982,1404,0,6,-62.51,-60.8457,23:37.8,FastGPS,-62.51,-60.8457,,,8.5,-0.2,,,,15,14,22445,,,,10,25564,,,,22,20557,,,,8,12179,,,,32,19862,,,,18,30608,,,,,,,,,,,,,,,,,,,,,,,,,,,,,,,,,,,,,,,,,,,,,,,,
173711,20-May-18,16:14:02,2018-05-20 16:14:02,G,1,5,2985,1405,0,8,-62.5102,-60.8345,14:06.8,FastGPS,-62.5102,-60.8345,,,7.6,-0.2,,,,15,17,23576,,,,3,13851,,,,1,7247,,,,11,17024,,,,18,27048,,,,31,2691,,,,22,14344,,,,12,31214,,,,,,,,,,,,,,,,,,,,,,,,,,,,,,,,,,,,,,
173711,20-May-18,16:46:02,2018-05-20 16:46:02,G,4,5,2986,,0,9,-62.5101,-60.8343,46:06.8,FastGPS,-62.5101,-60.8343,,,8.6,-0.2,,,,15,17,21424,,,,18,4427,,,,23,9528,,,,11,2399,,,,31,9811,,,,1,26738,,,,3,556,,,,22,23948,,,,12,8222,,,,,,,,,,,,,,,,,,,,,,,,,,,,,,,,,
173711,20-May-18,17:48:56,2018-05-20 17:48:56,G,1,5,2988,1405,0,7,-62.5099,-60.8343,49:00.8,FastGPS,-62.5099,-60.8343,,,9.3,-0.2,,,,15,22,19638,,,,19,25247,,,,3,12220,,,,6,11352,,,,23,19154,,,,9,31616,,,,12,17750,,,,,,,,,,,,,,,,,,,,,,,,,,,,,,,,,,,,,,,,,,,
173711,20-May-18,18:21:54,2018-05-20 18:21:54,G,3,5,2989,1405,0,7,-62.5101,-60.8344,21:59.3,FastGPS,-62.5101,-60.8344,,,14.4,0.3,,,,15,3,5785,,,,9,1920,,,,6,2908,,,,2,29565,,,,22,17847,,,,23,32001,,,,19,27163,,,,,,,,,,,,,,,,,,,,,,,,,,,,,,,,,,,,,,,,,,,
173711,20-May-18,20:25:00,2018-05-20 20:25:00,G,1,5,2992,1407,0,7,-62.5085,-60.8407,25:04.8,FastGPS,-62.5085,-60.8407,,1,6.9,-0.2,,,,15,29,21752,,,,23,19972,,,,5,15891,,,,4,11410,,,,16,11931,,,,7,29546,,,,26,27507,,,,,,,,,,,,,,,,,,,,,,,,,,,,,,,,,,,,,,,,,,,
173711,20-May-18,20:56:12,2018-05-20 20:56:12,G,2,5,2993,1407,0,5,-62.4958,-60.8427,56:16.7,FastGPS,-62.4958,-60.8427,,,5.6,-0.3,,,,15,7,19244,,,,9,25806,,,,23,20406,,,,30,6926,,,,16,28551,,,,,,,,,,,,,,,,,,,,,,,,,,,,,,,,,,,,,,,,,,,,,,,,,,,,,
173711,20-May-18,21:29:12,2018-05-20 21:29:12,G,4,5,2994,1407,0,6,-62.4801,-60.8478,29:16.8,FastGPS,-62.4801,-60.8478,,,10.9,-0.2,,,,15,16,31526,,,,27,4038,,,,9,12612,,,,5,17114,,,,7,2086,,,,23,5944,,,,,,,,,,,,,,,,,,,,,,,,,,,,,,,,,,,,,,,,,,,,,,,,
173711,21-May-18,3:34:32,2018-05-21 03:34:32,G,4,5,2995,1409,0,5,-62.4125,-60.9465,34:37.3,FastGPS,-62.4125,-60.9465,,,7.9,0.3,,,,15,17,13856,,,,32,4288,,,,12,15024,,,,25,9462,,,,19,334,,,,,,,,,,,,,,,,,,,,,,,,,,,,,,,,,,,,,,,,,,,,,,,,,,,,,
173711,21-May-18,4:19:00,2018-05-21 04:19:00,G,2,5,2996,1410,0,7,-62.4297,-60.9362,19:04.8,FastGPS,-62.4297,-60.9362,,,9.2,-0.2,,,,15,12,31080,,,,19,29803,,,,24,7240,,,,25,26339,,,,6,10782,,,,17,15298,,,,2,21704,,,,,,,,,,,,,,,,,,,,,,,,,,,,,,,,,,,,,,,,,,,
173711,21-May-18,6:59:01,2018-05-21 06:59:01,G,1,5,2997,1411,0,8,-62.469,-60.9289,59:06.3,FastGPS,-62.469,-60.9289,,,18,0.3,,,,15,12,32092,,,,5,25548,,,,2,26952,,,,9,5042,,,,29,7398,,,,25,10378,,,,23,25790,,,,31,8634,,,,,,,,,,,,,,,,,,,,,,,,,,,,,,,,,,,,,,
173711,21-May-18,8:15:25,2018-05-21 08:15:25,G,2,5,2998,1411,0,7,-62.4913,-60.9191,15:29.8,FastGPS,-62.4913,-60.9191,,1,10.1,-0.2,,,,15,5,31144,,,,31,2641,,,,16,20682,,,,4,30621,,,,26,13382,,,,21,13906,,,,2,17357,,,,,,,,,,,,,,,,,,,,,,,,,,,,,,,,,,,,,,,,,,,
173711,21-May-18,8:45:26,2018-05-21 08:45:26,G,2,5,2999,1411,0,4,-62.5207,-60.8617,15:15.3,FastGPS,,,,,,,,,,15,5,8987,,,,4,30524,,,,16,26034,,,,26,10188,,,,,,,,,,,,,,,,,,,,,,,,,,,,,,,,,,,,,,,,,,,,,,,,,,,,,,,,,,
173711,21-May-18,9:15:10,2018-05-21 09:15:10,G,2,5,3000,1411,0,7,-62.5207,-60.8617,15:15.3,FastGPS,-62.5207,-60.8617,,1,2.7,0.3,,,,15,29,30685,,,,16,10228,,,,5,18382,,,,26,3500,,,,20,13958,,,,4,28266,,,,21,5764,,,,,,,,,,,,,,,,,,,,,,,,,,,,,,,,,,,,,,,,,,,
173711,21-May-18,9:45:42,2018-05-21 09:45:42,G,2,5,3001,,0,9,-62.5185,-60.8598,45:46.8,FastGPS,-62.5185,-60.8598,,1,10.2,-0.2,,,,15,26,12570,,,,4,12256,,,,29,7947,,,,20,26574,,,,21,28173,,,,13,14116,,,,15,5838,,,,16,18944,,,,27,3830,,,,,,,,,,,,,,,,,,,,,,,,,,,,,,,,,
173711,21-May-18,10:18:07,2018-05-21 10:18:07,G,1,5,3002,1411,0,7,-62.5161,-60.8512,18:11.8,FastGPS,-62.5161,-60.8512,,1,7.9,-0.2,,,,15,15,30149,,,,4,3505,,,,29,9231,,,,13,6846,,,,26,23748,,,,10,14862,,,,20,29978,,,,,,,,,,,,,,,,,,,,,,,,,,,,,,,,,,,,,,,,,,,
173711,21-May-18,11:19:00,2018-05-21 11:19:00,G,2,5,3003,1413,0,8,-62.5141,-60.8454,19:04.8,FastGPS,-62.5141,-60.8454,,,10.1,-0.2,,,,15,10,19916,,,,27,2352,,,,8,21340,,,,7,1595,,,,15,19814,,,,21,26462,,,,16,17252,,,,30,29130,,,,,,,,,,,,,,,,,,,,,,,,,,,,,,,,,,,,,,
173711,21-May-18,11:49:02,2018-05-21 11:49:02,G,3,5,3004,1413,0,6,-62.5128,-60.8428,49:07.3,FastGPS,-62.5128,-60.8428,,,6.8,0.3,,,,15,21,11590,,,,10,13150,,,,27,25177,,,,20,6611,,,,15,22670,,,,8,988,,,,,,,,,,,,,,,,,,,,,,,,,,,,,,,,,,,,,,,,,,,,,,,,
173711,21-May-18,12:37:20,2018-05-21 12:37:20,G,2,5,3005,1414,0,8,-62.5102,-60.8344,37:26.3,FastGPS,-62.5102,-60.8344,,,9.6,1.3,,,,15,18,2651,,,,27,1497,,,,10,8504,,,,15,6746,,,,32,6617,,,,11,957,,,,8,7698,,,,28,3754,,,,,,,,,,,,,,,,,,,,,,,,,,,,,,,,,,,,,,
173711,21-May-18,13:09:38,2018-05-21 13:09:38,G,1,5,3006,,0,9,-62.5064,-60.8279,09:44.3,FastGPS,-62.5064,-60.8279,,,8.8,1.3,,,,15,32,3070,,,,10,7674,,,,27,24206,,,,18,4427,,,,8,2278,,,,11,5458,,,,14,19167,,,,1,29864,,,,28,5362,,,,,,,,,,,,,,,,,,,,,,,,,,,,,,,,,
173711,21-May-18,13:41:49,2018-05-21 13:41:49,G,1,5,3007,,0,9,-62.4996,-60.8325,41:55.3,FastGPS,-62.4996,-60.8325,,,9.7,1.3,,,,15,8,28782,,,,32,19499,,,,10,15515,,,,22,15418,,,,18,2053,,,,1,9727,,,,11,6467,,,,28,32468,,,,27,126,,,,,,,,,,,,,,,,,,,,,,,,,,,,,,,,,
173711,21-May-18,14:29:45,2018-05-21 14:29:45,G,1,5,3008,1415,0,5,-62.4861,-60.8278,29:50.8,FastGPS,-62.4861,-60.8278,,,3.6,0.8,,,,15,10,14270,,,,24,1182,,,,32,20590,,,,14,20538,,,,17,25662,,,,,,,,,,,,,,,,,,,,,,,,,,,,,,,,,,,,,,,,,,,,,,,,,,,,,
173711,21-May-18,15:00:00,2018-05-21 15:00:00,G,1,5,3009,,0,9,-62.473,-60.7952,00:04.8,FastGPS,-62.473,-60.7952,,,7,-0.1,,,,15,32,17541,,,,3,14168,,,,22,7770,,,,10,32493,,,,8,10074,,,,14,10380,,,,11,23628,,,,1,14930,,,,17,30584,,,,,,,,,,,,,,,,,,,,,,,,,,,,,,,,,
173711,22-May-18,2:21:21,2018-05-22 02:21:21,G,2,5,3011,1415,0,8,-62.4725,-60.7986,21:26.3,FastGPS,-62.4725,-60.7986,,,11.4,0.3,,,,15,15,9944,,,,12,29509,,,,17,9216,,,,10,24261,,,,13,11076,,,,19,19248,,,,24,22250,,,,32,17851,,,,,,,,,,,,,,,,,,,,,,,,,,,,,,,,,,,,,,
173711,22-May-18,4:04:16,2018-05-22 04:04:16,G,1,5,3012,1415,0,4,-62.5207,-60.8617,15:15.3,FastGPS,-62.4559,-60.8917,,,0.5,1.3,,,,15,12,23702,,,,19,27082,,,,24,9623,,,,32,1541,,,,,,,,,,,,,,,,,,,,,,,,,,,,,,,,,,,,,,,,,,,,,,,,,,,,,,,,,,
173711,22-May-18,4:41:50,2018-05-22 04:41:50,G,2,5,3013,1415,0,4,-62.4559,-60.8917,04:22.3,FastGPS,-62.4731,-60.9309,,,0.3,0.8,,,,15,12,4626,,,,2,3165,,,,31,10114,,,,24,3830,,,,,,,,,,,,,,,,,,,,,,,,,,,,,,,,,,,,,,,,,,,,,,,,,,,,,,,,,,
173711,22-May-18,7:48:04,2018-05-22 07:48:04,G,1,5,3014,1416,0,7,-62.433,-60.9501,48:09.3,FastGPS,-62.433,-60.9501,,,9.2,0.3,,,,15,5,17720,,,,29,25757,,,,2,6591,,,,25,8281,,,,9,7267,,,,23,6494,,,,21,2626,,,,,,,,,,,,,,,,,,,,,,,,,,,,,,,,,,,,,,,,,,,
173711,22-May-18,15:02:13,2018-05-22 15:02:13,G,1,5,3020,1417,0,8,-62.5101,-60.8457,02:18.3,FastGPS,-62.5101,-60.8457,,,14.1,0.3,,,,15,14,23831,,,,32,12184,,,,3,10846,,,,17,24073,,,,18,9593,,,,22,28948,,,,1,27654,,,,11,22810,,,,,,,,,,,,,,,,,,,,,,,,,,,,,,,,,,,,,,
173711,22-May-18,15:47:59,2018-05-22 15:47:59,G,1,5,3021,1418,0,8,-62.5055,-60.8297,48:03.8,FastGPS,-62.5055,-60.8297,,,17.5,-0.2,,,,15,17,12824,,,,31,4986,,,,1,26293,,,,11,30609,,,,3,28779,,,,18,11416,,,,22,2230,,,,14,19336,,,,,,,,,,,,,,,,,,,,,,,,,,,,,,,,,,,,,,
173711,22-May-18,16:18:00,2018-05-22 16:18:00,G,1,5,3022,,0,9,-62.5005,-60.8277,18:05.3,FastGPS,-62.5005,-60.8277,,,6.1,0.3,,,,15,31,3280,,,,11,9746,,,,23,16065,,,,18,17306,,,,1,15682,,,,14,868,,,,32,4658,,,,3,5632,,,,17,17520,,,,,,,,,,,,,,,,,,,,,,,,,,,,,,,,,
173711,22-May-18,17:06:02,2018-05-22 17:06:02,G,1,5,3023,1419,0,6,-62.5003,-60.83,06:07.3,FastGPS,-62.5003,-60.83,,,4.5,0.4,,,,15,17,30149,,,,23,6932,,,,3,30734,,,,22,18968,,,,19,5442,,,,1,8660,,,,,,,,,,,,,,,,,,,,,,,,,,,,,,,,,,,,,,,,,,,,,,,,
173711,22-May-18,17:52:28,2018-05-22 17:52:28,G,1,5,3024,1420,0,7,-62.5016,-60.8271,52:32.8,FastGPS,-62.5016,-60.8271,,,10.8,-0.2,,,,15,9,14702,,,,23,5918,,,,6,2890,,,,19,25734,,,,25,7585,,,,31,12570,,,,3,22452,,,,,,,,,,,,,,,,,,,,,,,,,,,,,,,,,,,,,,,,,,,
173711,22-May-18,18:39:00,2018-05-22 18:39:00,G,2,5,3025,1421,0,6,-62.5018,-60.8277,39:05.3,FastGPS,-62.5018,-60.8277,,,12.3,0.3,,,,15,22,24771,,,,2,3950,,,,9,11048,,,,6,31188,,,,3,13846,,,,23,22401,,,,,,,,,,,,,,,,,,,,,,,,,,,,,,,,,,,,,,,,,,,,,,,,
173711,22-May-18,19:09:00,2018-05-22 19:09:00,G,1,5,3026,1421,0,8,-62.5017,-60.8276,09:04.8,FastGPS,-62.5017,-60.8276,,1,9,-0.2,,,,15,7,10430,,,,3,26800,,,,6,27264,,,,9,19392,,,,2,29824,,,,23,18620,,,,29,30852,,,,4,14407,,,,,,,,,,,,,,,,,,,,,,,,,,,,,,,,,,,,,,
173711,22-May-18,19:39:00,2018-05-22 19:39:00,G,2,5,3027,1421,0,6,-62.501,-60.8294,39:04.8,FastGPS,-62.501,-60.8294,,,12.7,-0.2,,,,15,7,29147,,,,6,14446,,,,2,5554,,,,29,702,,,,5,4678,,,,23,12206,,,,,,,,,,,,,,,,,,,,,,,,,,,,,,,,,,,,,,,,,,,,,,,,
173711,22-May-18,20:13:52,2018-05-22 20:13:52,G,1,5,3028,1421,0,7,-62.4946,-60.8419,13:56.8,FastGPS,-62.4946,-60.8419,,,7.4,-0.1,,,,15,7,7562,,,,23,20690,,,,2,14200,,,,16,31725,,,,6,12024,,,,30,4646,,,,9,26220,,,,,,,,,,,,,,,,,,,,,,,,,,,,,,,,,,,,,,,,,,,
173711,22-May-18,20:49:29,2018-05-22 20:49:29,G,1,5,3029,1421,0,7,-62.4799,-60.8556,49:34.3,FastGPS,-62.4799,-60.8556,,,9.7,0.3,,,,15,7,21365,,,,9,21515,,,,5,489,,,,29,14982,,,,30,11612,,,,23,13902,,,,2,10989,,,,,,,,,,,,,,,,,,,,,,,,,,,,,,,,,,,,,,,,,,,
173711,22-May-18,21:19:25,2018-05-22 21:19:25,G,3,5,3030,1421,0,5,-62.4653,-60.8744,19:29.8,FastGPS,-62.4653,-60.8744,,,7.4,-0.1,,,,15,9,8829,,,,5,6004,,,,7,25787,,,,30,20476,,,,23,6252,,,,,,,,,,,,,,,,,,,,,,,,,,,,,,,,,,,,,,,,,,,,,,,,,,,,,
173711,22-May-18,22:21:35,2018-05-22 22:21:35,G,2,5,3032,1421,0,6,-62.4315,-60.92,21:40.3,FastGPS,-62.4315,-60.92,,,10.3,0.3,,,,15,8,22800,,,,5,6356,,,,7,19912,,,,27,22204,,,,30,28298,,,,28,18577,,,,,,,,,,,,,,,,,,,,,,,,,,,,,,,,,,,,,,,,,,,,,,,,
173711,22-May-18,23:39:44,2018-05-22 23:39:44,G,3,5,3034,1422,0,7,-62.4044,-60.9498,39:49.3,FastGPS,-62.4044,-60.9498,,,3.8,0.4,,,,15,15,20542,,,,5,32589,,,,8,6780,,,,20,16330,,,,13,10034,,,,7,6112,,,,30,9450,,,,,,,,,,,,,,,,,,,,,,,,,,,,,,,,,,,,,,,,,,,
173711,23-May-18,0:10:25,2018-05-23 00:10:25,G,2,5,3035,1422,0,6,-62.4075,-60.9476,10:29.8,FastGPS,-62.4075,-60.9476,,,4.3,-0.2,,,,15,15,7087,,,,8,15874,,,,20,19655,,,,13,17014,,,,11,6518,,,,7,26676,,,,,,,,,,,,,,,,,,,,,,,,,,,,,,,,,,,,,,,,,,,,,,,,
173711,23-May-18,6:38:07,2018-05-23 06:38:07,G,2,5,3045,1427,0,6,-62.3871,-60.9565,38:11.8,FastGPS,-62.3871,-60.9565,,1,4.1,-0.1,,,,15,31,11442,,,,4,5654,,,,29,16744,,,,2,26903,,,,26,17032,,,,5,12790,,,,,,,,,,,,,,,,,,,,,,,,,,,,,,,,,,,,,,,,,,,,,,,,
173711,23-May-18,9:25:21,2018-05-23 09:25:21,G,1,5,3050,,0,9,-62.4671,-60.833,25:26.4,FastGPS,-62.4671,-60.833,,1,19.4,0.4,,,,15,29,26563,,,,5,28808,,,,4,17296,,,,20,12380,,,,13,10084,,,,26,8065,,,,21,12148,,,,15,27612,,,,16,7860,,,,,,,,,,,,,,,,,,,,,,,,,,,,,,,,,
173711,23-May-18,10:55:14,2018-05-23 10:55:14,G,1,5,,,,4,-62.4075,-60.9476,10:29.8,FastGPS,,,,,,,,,,15,10,3648,,,,27,18008,,,,16,13691,,,,2,30648,,,,,,,,,,,,,,,,,,,,,,,,,,,,,,,,,,,,,,,,,,,,,,,,,,,,,,,,,,
173711,23-May-18,11:25:01,2018-05-23 11:25:01,G,1,5,3053,1430,0,6,-62.4699,-60.8396,25:06.8,FastGPS,-62.4699,-60.8396,,,16.2,0.8,,,,15,10,13584,,,,21,20653,,,,15,4605,,,,16,7900,,,,20,13422,,,,27,29464,,,,,,,,,,,,,,,,,,,,,,,,,,,,,,,,,,,,,,,,,,,,,,,,
173711,23-May-18,11:58:40,2018-05-23 11:58:40,G,2,5,3054,1430,0,7,-62.4788,-60.8292,58:44.8,FastGPS,-62.4788,-60.8292,,,12,-0.2,,,,15,27,23226,,,,8,24696,,,,18,18348,,,,15,9766,,,,10,21524,,,,30,2354,,,,11,15620,,,,,,,,,,,,,,,,,,,,,,,,,,,,,,,,,,,,,,,,,,,
173711,23-May-18,12:46:22,2018-05-23 12:46:22,G,1,5,3055,1431,0,7,-62.4874,-60.8212,46:26.8,FastGPS,-62.4874,-60.8212,,,7.1,-0.2,,,,15,11,19355,,,,10,23121,,,,27,8364,,,,18,19525,,,,8,5420,,,,32,6155,,,,15,9156,,,,,,,,,,,,,,,,,,,,,,,,,,,,,,,,,,,,,,,,,,,
173711,23-May-18,13:16:27,2018-05-23 13:16:27,G,1,5,3056,1431,0,8,-62.4915,-60.832,16:32.4,FastGPS,-62.4915,-60.832,,,12,0.4,,,,15,32,24898,,,,27,32470,,,,8,19281,,,,10,14612,,,,11,18791,,,,1,29111,,,,18,16019,,,,14,31636,,,,,,,,,,,,,,,,,,,,,,,,,,,,,,,,,,,,,,
173711,23-May-18,14:02:53,2018-05-23 14:02:53,G,2,5,3057,1432,0,8,-62.4974,-60.8342,02:58.3,FastGPS,-62.4974,-60.8342,,,10.4,0.3,,,,15,32,22578,,,,14,2637,,,,1,28964,,,,10,1461,,,,22,27442,,,,28,6997,,,,11,7477,,,,8,20240,,,,,,,,,,,,,,,,,,,,,,,,,,,,,,,,,,,,,,
173711,23-May-18,14:50:33,2018-05-23 14:50:33,G,1,5,3058,1433,0,8,-62.5023,-60.8389,50:37.9,FastGPS,-62.5023,-60.8389,,,7.9,-0.1,,,,15,17,20581,,,,22,29294,,,,11,17626,,,,3,1629,,,,18,5218,,,,1,6360,,,,28,10402,,,,32,12351,,,,,,,,,,,,,,,,,,,,,,,,,,,,,,,,,,,,,,
173711,23-May-18,15:35:00,2018-05-23 15:35:00,G,2,5,3059,1434,0,8,-62.5112,-60.8323,35:05.3,FastGPS,-62.5112,-60.8323,,,6.5,0.3,,,,15,18,31920,,,,11,16926,,,,17,604,,,,1,29901,,,,3,32352,,,,22,23324,,,,19,4374,,,,12,11244,,,,,,,,,,,,,,,,,,,,,,,,,,,,,,,,,,,,,,
173711,23-May-18,16:20:13,2018-05-23 16:20:13,G,3,5,3060,1435,0,6,-62.5108,-60.8358,20:18.3,FastGPS,-62.5108,-60.8358,,,4.9,0.3,,,,15,17,12931,,,,19,16086,,,,23,14739,,,,11,22032,,,,18,28122,,,,22,9284,,,,,,,,,,,,,,,,,,,,,,,,,,,,,,,,,,,,,,,,,,,,,,,,
173711,23-May-18,21:14:00,2018-05-23 21:14:00,G,1,5,3068,1438,0,5,-62.5107,-60.8451,14:05.4,FastGPS,-62.5107,-60.8451,,,6.3,0.4,,,,15,5,32439,,,,9,8659,,,,30,11909,,,,23,9078,,,,7,21009,,,,,,,,,,,,,,,,,,,,,,,,,,,,,,,,,,,,,,,,,,,,,,,,,,,,,
173711,23-May-18,21:44:15,2018-05-23 21:44:15,G,2,5,3069,1438,0,5,-62.5013,-60.8571,44:19.8,FastGPS,-62.5013,-60.8571,,,4.3,-0.2,,,,15,9,18293,,,,5,15160,,,,7,32257,,,,13,27525,,,,8,30168,,,,,,,,,,,,,,,,,,,,,,,,,,,,,,,,,,,,,,,,,,,,,,,,,,,,,
173711,23-May-18,22:16:06,2018-05-23 22:16:06,G,3,5,3070,1438,0,5,-62.493,-60.8522,16:11.4,FastGPS,-62.493,-60.8522,,,0.4,0.4,,,,15,8,9653,,,,27,12902,,,,7,13632,,,,5,30942,,,,9,16374,,,,,,,,,,,,,,,,,,,,,,,,,,,,,,,,,,,,,,,,,,,,,,,,,,,,,
173711,23-May-18,22:46:01,2018-05-23 22:46:01,G,2,5,3071,1438,0,7,-62.4854,-60.8466,46:06.4,FastGPS,-62.4854,-60.8466,,,8.2,0.4,,,,15,5,24636,,,,9,31749,,,,28,4987,,,,13,18594,,,,7,17007,,,,15,1790,,,,30,6423,,,,,,,,,,,,,,,,,,,,,,,,,,,,,,,,,,,,,,,,,,,
173711,23-May-18,23:17:46,2018-05-23 23:17:46,G,2,5,3072,,0,9,-62.4824,-60.8542,17:51.9,FastGPS,-62.4824,-60.8542,,,7.6,0.9,,,,15,28,608,,,,7,1397,,,,13,1400,,,,15,5779,,,,5,22721,,,,30,1870,,,,8,726,,,,20,21728,,,,21,30004,,,,,,,,,,,,,,,,,,,,,,,,,,,,,,,,,
173711,24-May-18,2:51:07,2018-05-24 02:51:07,G,1,5,3077,1440,0,7,-62.4622,-60.9143,51:12.3,FastGPS,-62.4622,-60.9143,,,13.6,0.3,,,,15,12,24305,,,,17,15808,,,,6,16823,,,,15,7841,,,,19,32676,,,,28,1859,,,,24,15346,,,,,,,,,,,,,,,,,,,,,,,,,,,,,,,,,,,,,,,,,,,
173711,24-May-18,3:21:15,2018-05-24 03:21:15,G,1,5,3078,1440,0,8,-62.4646,-60.9038,21:21.3,FastGPS,-62.4646,-60.9038,,,6.6,1.3,,,,15,17,18498,,,,25,7510,,,,22,1090,,,,32,5466,,,,12,15212,,,,14,824,,,,1,15978,,,,24,3692,,,,,,,,,,,,,,,,,,,,,,,,,,,,,,,,,,,,,,
173711,24-May-18,7:24:31,2018-05-24 07:24:31,G,1,5,3084,1444,0,6,-62.453,-60.8266,24:36.8,FastGPS,-62.4468,-60.8288,,2,1,0.3,,,,15,4,27400,,,,5,19480,,,,31,484,,,,26,8025,,,,29,25010,,,,2,7037,,,,,,,,,,,,,,,,,,,,,,,,,,,,,,,,,,,,,,,,,,,,,,,,
173711,24-May-18,8:10:26,2018-05-24 08:10:26,G,1,5,3085,1445,0,5,-62.493,-60.8522,16:11.4,FastGPS,-62.4647,-60.81,,1,0.9,0.5,,,,15,5,29172,,,,16,13775,,,,26,23093,,,,31,2150,,,,4,386,,,,,,,,,,,,,,,,,,,,,,,,,,,,,,,,,,,,,,,,,,,,,,,,,,,,,
173711,24-May-18,9:10:00,2018-05-24 09:10:00,G,1,5,3087,1445,1,4,-62.493,-60.8522,16:11.4,FastGPS,-62.4728,-60.7954,,,1.1,0.9,,,,15,27,15138,,,,5,9468,,,,7,20524,,,,16,1544,,,,,,,,,,,,,,,,,,,,,,,,,,,,,,,,,,,,,,,,,,,,,,,,,,,,,,,,,,
173711,24-May-18,9:40:00,2018-05-24 09:40:00,G,1,5,3088,1445,1,6,-62.4731,-60.7959,40:04.8,FastGPS,-62.4731,-60.7959,,,3.9,-0.1,,,,15,7,5563,,,,5,25130,,,,13,30948,,,,16,20284,,,,27,27634,,,,15,27550,,,,,,,,,,,,,,,,,,,,,,,,,,,,,,,,,,,,,,,,,,,,,,,,
173711,24-May-18,22:12:31,2018-05-24 22:12:31,G,1,5,3089,1446,0,7,-62.4721,-60.8225,12:36.4,FastGPS,-62.4721,-60.8225,,,6.3,0.4,,,,15,5,28226,,,,7,10538,,,,13,25758,,,,9,12177,,,,30,15982,,,,8,9405,,,,28,1859,,,,,,,,,,,,,,,,,,,,,,,,,,,,,,,,,,,,,,,,,,,
173711,24-May-18,23:32:08,2018-05-24 23:32:08,G,1,5,3091,1447,0,7,-62.4519,-60.9006,32:13.9,FastGPS,-62.4519,-60.9006,,,5.8,0.9,,,,15,15,21261,,,,5,29028,,,,30,7651,,,,7,2947,,,,13,9795,,,,28,126,,,,20,11758,,,,,,,,,,,,,,,,,,,,,,,,,,,,,,,,,,,,,,,,,,,
173711,25-May-18,0:35:32,2018-05-25 00:35:32,G,1,5,3092,1449,0,8,-62.4307,-60.8765,35:38.4,FastGPS,-62.4307,-60.8765,,,4.7,1.4,,,,15,15,25298,,,,20,9073,,,,10,21072,,,,18,590,,,,11,23689,,,,30,13130,,,,1,30648,,,,28,23046,,,,,,,,,,,,,,,,,,,,,,,,,,,,,,,,,,,,,,
173711,25-May-18,1:05:00,2018-05-25 01:05:00,G,1,5,3093,1449,0,8,-62.4255,-60.8685,05:05.4,FastGPS,-62.4255,-60.8685,,,12.8,0.4,,,,15,15,7218,,,,28,3519,,,,11,10134,,,,17,3195,,,,30,26260,,,,13,7903,,,,18,17924,,,,1,2118,,,,,,,,,,,,,,,,,,,,,,,,,,,,,,,,,,,,,,
173711,25-May-18,1:38:36,2018-05-25 01:38:36,G,1,5,3094,,0,9,-62.4165,-60.8547,38:41.9,FastGPS,-62.4165,-60.8547,,,7.9,0.9,,,,15,20,1071,,,,15,16902,,,,12,17028,,,,24,31658,,,,10,18615,,,,18,8591,,,,28,7687,,,,1,27529,,,,11,32122,,,,,,,,,,,,,,,,,,,,,,,,,,,,,,,,,
173711,25-May-18,2:10:30,2018-05-25 02:10:30,G,1,5,3095,1449,0,6,-62.4123,-60.8483,10:36.4,FastGPS,-62.4123,-60.8483,,,11.5,1.4,,,,15,12,31479,,,,15,734,,,,24,19909,,,,10,15658,,,,11,658,,,,17,5076,,,,,,,,,,,,,,,,,,,,,,,,,,,,,,,,,,,,,,,,,,,,,,,,
173711,25-May-18,3:48:00,2018-05-25 03:48:00,G,1,5,3098,,0,9,-62.4086,-60.8476,48:05.4,FastGPS,-62.4086,-60.8476,,,6.6,0.4,,,,15,32,7783,,,,25,14753,,,,12,24346,,,,17,21354,,,,24,25994,,,,19,8829,,,,14,10173,,,,22,28898,,,,3,19800,,,,,,,,,,,,,,,,,,,,,,,,,,,,,,,,,
173711,25-May-18,5:24:00,2018-05-25 05:24:00,G,2,5,3101,1449,0,4,-62.4029,-60.8516,14:13.4,FastGPS,-62.3969,-60.8315,,,0.5,-0.1,,,,15,31,32338,,,,6,27678,,,,25,6960,,,,2,30234,,,,,,,,,,,,,,,,,,,,,,,,,,,,,,,,,,,,,,,,,,,,,,,,,,,,,,,,,,
173711,25-May-18,7:41:23,2018-05-25 07:41:23,G,1,5,3105,1450,0,7,-62.3916,-60.8194,41:28.9,FastGPS,-62.3916,-60.8194,,1,4.5,0.9,,,,15,29,5868,,,,4,28652,,,,31,25267,,,,26,27536,,,,16,910,,,,21,14973,,,,5,9146,,,,,,,,,,,,,,,,,,,,,,,,,,,,,,,,,,,,,,,,,,,
173711,25-May-18,8:14:07,2018-05-25 08:14:07,G,1,5,3106,1450,0,4,-62.4321,-60.8773,44:16.4,FastGPS,-62.4029,-60.8516,,,1.5,1.4,,,,15,21,7173,,,,31,27746,,,,26,27088,,,,25,22453,,,,,,,,,,,,,,,,,,,,,,,,,,,,,,,,,,,,,,,,,,,,,,,,,,,,,,,,,,
173711,25-May-18,8:44:03,2018-05-25 08:44:03,G,1,5,3107,1450,0,7,-62.4061,-60.8986,44:09.4,FastGPS,-62.4061,-60.8986,,1,5.7,1.4,,,,15,16,17454,,,,29,25220,,,,26,24135,,,,20,12825,,,,4,30040,,,,21,5958,,,,5,29134,,,,,,,,,,,,,,,,,,,,,,,,,,,,,,,,,,,,,,,,,,,
173711,25-May-18,9:14:00,2018-05-25 09:14:00,G,1,5,3108,,0,9,-62.4188,-60.8953,14:06.4,FastGPS,-62.4188,-60.8953,,1,9.3,1.4,,,,15,4,15844,,,,26,3964,,,,16,26078,,,,5,28134,,,,20,16458,,,,29,28732,,,,21,28948,,,,27,28416,,,,7,19583,,,,,,,,,,,,,,,,,,,,,,,,,,,,,,,,,
173711,25-May-18,9:44:10,2018-05-25 09:44:10,G,1,5,3109,1450,0,5,-62.4321,-60.8773,44:16.4,FastGPS,-62.4321,-60.8773,,,4.3,1.4,,,,15,27,17875,,,,16,12386,,,,29,31366,,,,15,13470,,,,5,15613,,,,,,,,,,,,,,,,,,,,,,,,,,,,,,,,,,,,,,,,,,,,,,,,,,,,,
173711,25-May-18,10:48:15,2018-05-25 10:48:15,G,1,5,3111,1450,0,6,-62.4471,-60.8789,48:20.4,FastGPS,-62.4471,-60.8789,,,5.7,0.4,,,,15,7,8244,,,,15,11001,,,,13,12704,,,,27,17053,,,,8,1974,,,,21,11873,,,,,,,,,,,,,,,,,,,,,,,,,,,,,,,,,,,,,,,,,,,,,,,,
173711,25-May-18,12:30:35,2018-05-25 12:30:35,G,1,5,3114,1450,0,7,-62.4788,-60.8326,30:40.9,FastGPS,-62.4788,-60.8326,,,9.3,0.9,,,,15,10,9316,,,,18,7767,,,,11,7174,,,,15,15006,,,,8,17761,,,,32,20335,,,,28,1859,,,,,,,,,,,,,,,,,,,,,,,,,,,,,,,,,,,,,,,,,,,
173711,25-May-18,13:39:46,2018-05-25 13:39:46,G,1,5,3116,1450,0,8,-62.4945,-60.8348,39:51.4,FastGPS,-62.4945,-60.8348,,,10.5,0.4,,,,15,10,24281,,,,32,4753,,,,27,17693,,,,18,15984,,,,1,16135,,,,24,5931,,,,14,12241,,,,22,31642,,,,,,,,,,,,,,,,,,,,,,,,,,,,,,,,,,,,,,
173711,25-May-18,14:59:08,2018-05-25 14:59:08,G,1,5,3118,1451,0,8,-62.508,-60.832,59:14.4,FastGPS,-62.508,-60.832,,,10.2,1.4,,,,15,3,28404,,,,1,19668,,,,22,766,,,,11,28200,,,,18,14048,,,,17,2756,,,,19,30816,,,,14,16772,,,,,,,,,,,,,,,,,,,,,,,,,,,,,,,,,,,,,,
173711,25-May-18,16:35:38,2018-05-25 16:35:38,G,1,5,3121,,0,9,-62.5097,-60.8442,35:43.9,FastGPS,-62.5097,-60.8442,,,9.6,0.9,,,,15,23,13580,,,,17,28096,,,,19,24632,,,,1,22804,,,,6,26068,,,,12,29848,,,,31,19350,,,,22,5258,,,,11,24074,,,,,,,,,,,,,,,,,,,,,,,,,,,,,,,,,
173711,25-May-18,20:31:31,2018-05-25 20:31:31,G,1,5,3127,1454,0,7,-62.5138,-60.8748,31:36.4,FastGPS,-62.5138,-60.8748,,,5.1,0.4,,,,15,23,28189,,,,7,29294,,,,9,19734,,,,2,20033,,,,30,7466,,,,5,2931,,,,16,19782,,,,,,,,,,,,,,,,,,,,,,,,,,,,,,,,,,,,,,,,,,,
173711,25-May-18,21:12:25,2018-05-25 21:12:25,G,2,5,3128,1454,0,7,-62.5056,-60.9186,12:30.9,FastGPS,-62.5056,-60.9186,,,11.8,0.9,,,,15,30,5126,,,,27,8206,,,,9,26220,,,,7,29798,,,,5,16705,,,,16,14242,,,,13,10954,,,,,,,,,,,,,,,,,,,,,,,,,,,,,,,,,,,,,,,,,,,
173711,25-May-18,21:42:25,2018-05-25 21:42:25,G,3,5,3129,1454,0,7,-62.5012,-60.9204,42:30.4,FastGPS,-62.5012,-60.9204,,,8.9,0.4,,,,15,5,7288,,,,13,13474,,,,27,11784,,,,30,11246,,,,8,12958,,,,21,18930,,,,16,10692,,,,,,,,,,,,,,,,,,,,,,,,,,,,,,,,,,,,,,,,,,,
173711,25-May-18,22:37:24,2018-05-25 22:37:24,G,1,5,3130,1455,0,7,-62.5052,-60.9217,37:30.4,FastGPS,-62.5052,-60.9217,,,14.4,1.4,,,,15,5,16244,,,,9,23059,,,,15,22676,,,,13,7891,,,,28,25698,,,,30,29614,,,,7,8262,,,,,,,,,,,,,,,,,,,,,,,,,,,,,,,,,,,,,,,,,,,
173711,25-May-18,23:33:28,2018-05-25 23:33:28,G,1,5,3131,1455,0,6,-62.5102,-60.93,33:34.4,FastGPS,-62.5102,-60.93,,,5.3,1.4,,,,15,5,11059,,,,15,12053,,,,8,5286,,,,13,20308,,,,7,16984,,,,20,25868,,,,,,,,,,,,,,,,,,,,,,,,,,,,,,,,,,,,,,,,,,,,,,,,
173711,26-May-18,0:05:24,2018-05-26 00:05:24,G,1,5,3132,1455,0,4,-62.4788,-60.8326,30:40.9,FastGPS,-62.5127,-60.9403,,,21.4,0.8,,,,15,30,9804,,,,28,44,,,,15,13632,,,,24,6923,,,,,,,,,,,,,,,,,,,,,,,,,,,,,,,,,,,,,,,,,,,,,,,,,,,,,,,,,,
173711,26-May-18,0:51:12,2018-05-26 00:51:12,G,2,5,3133,1455,0,6,-62.501,-60.9842,51:17.9,FastGPS,-62.501,-60.9842,,,6.9,0.9,,,,15,30,18028,,,,15,25083,,,,19,17666,,,,17,9170,,,,24,2605,,,,28,10340,,,,,,,,,,,,,,,,,,,,,,,,,,,,,,,,,,,,,,,,,,,,,,,,
173711,26-May-18,11:19:59,2018-05-26 11:19:59,G,2,5,3134,1455,0,6,-62.5751,-61.1786,20:03.9,FastGPS,-62.5751,-61.1786,,,6.1,-0.1,,,,15,8,4056,,,,27,19305,,,,30,10457,,,,10,19044,,,,15,21390,,,,20,27498,,,,,,,,,,,,,,,,,,,,,,,,,,,,,,,,,,,,,,,,,,,,,,,,
173711,26-May-18,11:51:38,2018-05-26 11:51:38,G,4,5,3135,1455,0,4,-62.5138,-60.8748,31:36.4,FastGPS,-62.5765,-61.1601,,,0.1,-0.1,,,,15,8,31950,,,,21,3621,,,,10,21308,,,,20,1398,,,,,,,,,,,,,,,,,,,,,,,,,,,,,,,,,,,,,,,,,,,,,,,,,,,,,,,,,,
173711,26-May-18,12:21:22,2018-05-26 12:21:22,G,1,5,3136,1455,0,8,-62.5822,-61.1315,21:27.4,FastGPS,-62.5822,-61.1315,,,4.8,0.4,,,,15,15,23151,,,,8,8420,,,,18,16620,,,,27,18440,,,,11,16083,,,,24,5236,,,,28,14386,,,,10,3016,,,,,,,,,,,,,,,,,,,,,,,,,,,,,,,,,,,,,,
173711,26-May-18,13:24:33,2018-05-26 13:24:33,G,1,5,3138,1455,0,7,-62.606,-61.0758,24:38.9,FastGPS,-62.606,-61.0758,,,7.1,0.9,,,,15,1,19890,,,,10,2346,,,,11,11916,,,,28,28886,,,,18,6402,,,,22,24048,,,,8,16705,,,,,,,,,,,,,,,,,,,,,,,,,,,,,,,,,,,,,,,,,,,
173711,26-May-18,15:03:54,2018-05-26 15:03:54,G,1,5,3141,,0,9,-62.6021,-60.9551,03:58.9,FastGPS,-62.6021,-60.9551,,,13.3,-0.1,,,,15,31,24880,,,,32,30875,,,,18,6742,,,,11,22138,,,,10,14597,,,,12,29542,,,,3,2847,,,,1,32147,,,,14,28568,,,,,,,,,,,,,,,,,,,,,,,,,,,,,,,,,
173711,26-May-18,15:36:08,2018-05-26 15:36:08,G,1,5,3142,,0,9,-62.5952,-60.9501,36:13.4,FastGPS,-62.5952,-60.9501,,,5.7,0.4,,,,15,17,13687,,,,18,26208,,,,19,9578,,,,1,17297,,,,11,13464,,,,3,3958,,,,31,15938,,,,22,860,,,,14,8817,,,,,,,,,,,,,,,,,,,,,,,,,,,,,,,,,
173711,26-May-18,16:52:19,2018-05-26 16:52:19,G,1,5,3144,,0,9,-62.5941,-60.9511,52:24.9,FastGPS,-62.5941,-60.9511,,,6.7,0.9,,,,15,14,19613,,,,12,4845,,,,17,4427,,,,19,19706,,,,23,29946,,,,31,1248,,,,6,15772,,,,25,1206,,,,3,13216,,,,,,,,,,,,,,,,,,,,,,,,,,,,,,,,,
173711,26-May-18,20:15:00,2018-05-26 20:15:00,G,1,5,3149,1459,0,8,-62.593,-60.952,15:04.9,FastGPS,-62.593,-60.952,,1,15,-0.1,,,,15,23,9628,,,,26,1068,,,,16,23454,,,,5,19988,,,,9,276,,,,7,23242,,,,4,11578,,,,30,11626,,,,,,,,,,,,,,,,,,,,,,,,,,,,,,,,,,,,,,
173711,26-May-18,20:46:11,2018-05-26 20:46:11,G,1,5,3150,1459,0,5,-62.593,-60.9505,46:16.0,FastGPS,-62.593,-60.9505,,,5.6,0,,,,15,9,32372,,,,7,19540,,,,5,13577,,,,16,12332,,,,23,31038,,,,,,,,,,,,,,,,,,,,,,,,,,,,,,,,,,,,,,,,,,,,,,,,,,,,,
173711,27-May-18,0:16:01,2018-05-27 00:16:01,G,2,5,3155,1459,0,8,-62.6111,-61.0491,16:06.9,FastGPS,-62.6111,-61.0491,,,5,0.9,,,,15,11,30850,,,,30,12771,,,,17,21156,,,,15,222,,,,8,2590,,,,13,13768,,,,18,29782,,,,28,21747,,,,,,,,,,,,,,,,,,,,,,,,,,,,,,,,,,,,,,
173711,27-May-18,1:37:25,2018-05-27 01:37:25,G,1,5,3157,1459,0,7,-62.5844,-61.1267,37:29.9,FastGPS,-62.5844,-61.1267,,,12.1,-0.1,,,,15,17,26026,,,,12,19362,,,,13,8683,,,,15,3608,,,,28,13562,,,,19,2062,,,,11,22928,,,,,,,,,,,,,,,,,,,,,,,,,,,,,,,,,,,,,,,,,,,
173711,27-May-18,2:09:25,2018-05-27 02:09:25,G,1,5,3158,1459,0,7,-62.5765,-61.1611,09:29.9,FastGPS,-62.5765,-61.1611,,,12.7,-0.1,,,,15,17,18718,,,,15,18906,,,,19,10013,,,,1,27539,,,,12,6521,,,,28,11215,,,,13,6774,,,,,,,,,,,,,,,,,,,,,,,,,,,,,,,,,,,,,,,,,,,
173711,27-May-18,10:09:25,2018-05-27 10:09:25,G,1,5,3162,,0,9,-62.4744,-60.9486,09:29.9,FastGPS,-62.4744,-60.9486,,1,12.3,-0.1,,,,15,16,12359,,,,30,30309,,,,7,12978,,,,20,23722,,,,26,32504,,,,13,117,,,,4,5784,,,,10,31011,,,,27,838,,,,,,,,,,,,,,,,,,,,,,,,,,,,,,,,,
173711,27-May-18,11:29:07,2018-05-27 11:29:07,G,1,5,3163,1461,0,8,-62.4557,-60.9403,29:11.9,FastGPS,-62.4557,-60.9403,,,12,-0.1,,,,15,10,27340,,,,8,20320,,,,20,17318,,,,21,28088,,,,15,22260,,,,27,28056,,,,30,28177,,,,18,27372,,,,,,,,,,,,,,,,,,,,,,,,,,,,,,,,,,,,,,
173711,27-May-18,13:47:00,2018-05-27 13:47:00,G,2,5,3166,1461,0,4,-62.3669,-60.8656,21:40.4,FastGPS,-62.4813,-60.8249,,,1.9,0.4,,,,15,22,1616,,,,28,12982,,,,1,4834,,,,8,24758,,,,,,,,,,,,,,,,,,,,,,,,,,,,,,,,,,,,,,,,,,,,,,,,,,,,,,,,,,
173711,27-May-18,14:50:05,2018-05-27 14:50:05,G,1,5,3168,1461,0,6,-62.4937,-60.8345,50:10.4,FastGPS,-62.4937,-60.8345,,,3.4,0.4,,,,15,17,32039,,,,22,29366,,,,3,23127,,,,11,27806,,,,1,17476,,,,18,13782,,,,,,,,,,,,,,,,,,,,,,,,,,,,,,,,,,,,,,,,,,,,,,,,
173711,27-May-18,16:45:17,2018-05-27 16:45:17,G,1,5,3171,1462,0,5,-62.5055,-60.8421,45:22.4,FastGPS,-62.5055,-60.8421,,,3.6,0.4,,,,15,31,18267,,,,14,15824,,,,22,21092,,,,1,9646,,,,3,30900,,,,,,,,,,,,,,,,,,,,,,,,,,,,,,,,,,,,,,,,,,,,,,,,,,,,,
173711,27-May-18,19:18:05,2018-05-27 19:18:05,G,1,5,3175,1463,0,7,-62.4818,-60.8588,18:11.4,FastGPS,-62.4818,-60.8588,,1,7.1,1.4,,,,15,7,1418,,,,6,22376,,,,29,6826,,,,2,12402,,,,4,31072,,,,5,8635,,,,26,22082,,,,,,,,,,,,,,,,,,,,,,,,,,,,,,,,,,,,,,,,,,,
173711,27-May-18,21:53:00,2018-05-27 21:53:00,G,1,5,3177,1463,0,8,-62.4658,-60.9268,53:05.9,FastGPS,-62.4658,-60.9268,,,4.5,0.9,,,,15,8,32030,,,,7,5320,,,,9,22476,,,,5,16640,,,,30,22547,,,,28,8680,,,,27,19182,,,,13,10718,,,,,,,,,,,,,,,,,,,,,,,,,,,,,,,,,,,,,,
173711,27-May-18,22:24:01,2018-05-27 22:24:01,G,1,5,3178,1463,0,6,-62.4467,-60.9189,24:07.4,FastGPS,-62.4467,-60.9189,,,16.5,1.4,,,,15,7,13124,,,,5,18166,,,,9,3009,,,,8,3724,,,,28,23490,,,,30,20762,,,,,,,,,,,,,,,,,,,,,,,,,,,,,,,,,,,,,,,,,,,,,,,,
173711,28-May-18,1:15:45,2018-05-28 01:15:45,G,2,5,3183,1464,0,8,-62.4339,-60.9125,15:51.4,FastGPS,-62.4339,-60.9125,,,9.8,1.4,,,,15,17,10918,,,,1,11340,,,,28,16382,,,,19,2020,,,,11,14902,,,,18,14098,,,,13,14837,,,,15,4768,,,,,,,,,,,,,,,,,,,,,,,,,,,,,,,,,,,,,,
173711,28-May-18,2:31:07,2018-05-28 02:31:07,G,1,5,3184,1464,0,4,-62.3669,-60.8656,21:40.4,FastGPS,-62.4288,-60.9199,,,0.2,1.4,,,,15,12,18790,,,,15,30089,,,,32,30508,,,,24,19512,,,,,,,,,,,,,,,,,,,,,,,,,,,,,,,,,,,,,,,,,,,,,,,,,,,,,,,,,,
173711,28-May-18,3:14:35,2018-05-28 03:14:35,G,1,5,3185,1464,0,6,-62.4105,-60.9026,14:40.9,FastGPS,-62.4105,-60.9026,,,5.4,0.9,,,,15,17,29076,,,,19,4870,,,,12,15371,,,,6,20138,,,,22,19225,,,,24,38,,,,,,,,,,,,,,,,,,,,,,,,,,,,,,,,,,,,,,,,,,,,,,,,
173711,28-May-18,4:35:34,2018-05-28 04:35:34,G,1,5,3186,1464,0,6,-62.3643,-60.871,35:40.4,FastGPS,-62.3643,-60.871,,,16.9,1.4,,,,15,12,11500,,,,17,30840,,,,19,25593,,,,6,23386,,,,2,20110,,,,24,7760,,,,,,,,,,,,,,,,,,,,,,,,,,,,,,,,,,,,,,,,,,,,,,,,
173711,28-May-18,6:21:34,2018-05-28 06:21:34,G,1,5,3188,1465,0,5,-62.4091,-60.9362,02:18.5,FastGPS,-62.3669,-60.8656,,1,0.2,1.4,,,,15,31,15594,,,,4,24446,,,,29,28502,,,,12,6906,,,,23,27355,,,,,,,,,,,,,,,,,,,,,,,,,,,,,,,,,,,,,,,,,,,,,,,,,,,,,
173711,28-May-18,6:55:00,2018-05-28 06:55:00,G,2,5,3189,1465,0,8,-62.3796,-60.9085,55:06.4,FastGPS,-62.3796,-60.9085,,1,10.7,1.4,,,,15,31,15750,,,,23,12110,,,,29,6398,,,,26,12686,,,,25,20684,,,,4,9287,,,,5,6741,,,,21,28057,,,,,,,,,,,,,,,,,,,,,,,,,,,,,,,,,,,,,,
173711,28-May-18,8:02:12,2018-05-28 08:02:12,G,3,5,3191,1465,0,4,-62.5001,-60.8354,51:18.9,FastGPS,-62.4091,-60.9362,,,0.5,1.5,,,,15,5,1830,,,,29,5633,,,,16,21318,,,,9,10584,,,,,,,,,,,,,,,,,,,,,,,,,,,,,,,,,,,,,,,,,,,,,,,,,,,,,,,,,,
173711,28-May-18,9:17:14,2018-05-28 09:17:14,G,1,5,3192,1468,0,7,-62.4009,-60.9278,17:19.9,FastGPS,-62.4009,-60.9278,,1,6.6,0.9,,,,15,5,32464,,,,27,18936,,,,7,11524,,,,4,28155,,,,26,28216,,,,16,1811,,,,20,22460,,,,,,,,,,,,,,,,,,,,,,,,,,,,,,,,,,,,,,,,,,,
173711,28-May-18,10:06:38,2018-05-28 10:06:38,G,2,5,3193,,0,9,-62.3971,-60.9455,06:43.4,FastGPS,-62.3971,-60.9455,,1,15.2,0.4,,,,15,10,9034,,,,4,4385,,,,16,13954,,,,27,8190,,,,20,28883,,,,15,19041,,,,7,15006,,,,8,2088,,,,21,9052,,,,,,,,,,,,,,,,,,,,,,,,,,,,,,,,,
173711,28-May-18,10:36:45,2018-05-28 10:36:45,G,1,5,3194,1469,0,7,-62.3972,-60.947,36:51.4,FastGPS,-62.3972,-60.947,,,11,1.4,,,,15,21,20300,,,,15,22024,,,,13,22156,,,,20,3758,,,,7,16948,,,,30,11886,,,,8,17052,,,,,,,,,,,,,,,,,,,,,,,,,,,,,,,,,,,,,,,,,,,
173711,28-May-18,11:08:23,2018-05-28 11:08:23,G,1,5,3195,1469,0,8,-62.3967,-60.9404,08:27.9,FastGPS,-62.3967,-60.9404,,,7,-0.1,,,,15,8,31306,,,,27,24872,,,,16,18272,,,,18,21874,,,,10,18392,,,,13,3065,,,,15,29569,,,,20,11196,,,,,,,,,,,,,,,,,,,,,,,,,,,,,,,,,,,,,,
173711,28-May-18,12:14:02,2018-05-28 12:14:02,G,1,5,3197,1469,0,7,-62.417,-60.8916,14:07.4,FastGPS,-62.417,-60.8916,,,6.9,0.4,,,,15,18,23451,,,,15,25114,,,,11,22669,,,,20,18755,,,,27,22146,,,,28,19399,,,,8,13352,,,,,,,,,,,,,,,,,,,,,,,,,,,,,,,,,,,,,,,,,,,
173711,28-May-18,12:59:01,2018-05-28 12:59:01,G,1,5,3198,1470,0,8,-62.4516,-60.8381,59:05.9,FastGPS,-62.4516,-60.8381,,,7.4,-0.1,,,,15,18,32059,,,,28,30501,,,,11,2750,,,,8,21870,,,,10,15534,,,,1,16494,,,,22,7121,,,,20,6614,,,,,,,,,,,,,,,,,,,,,,,,,,,,,,,,,,,,,,
173711,28-May-18,14:23:08,2018-05-28 14:23:08,G,1,5,3200,1471,0,8,-62.4803,-60.7933,23:12.9,FastGPS,-62.4803,-60.7933,,,12.9,-0.1,,,,15,32,10204,,,,3,26257,,,,11,10713,,,,14,11481,,,,10,18326,,,,22,28605,,,,8,29260,,,,28,27886,,,,,,,,,,,,,,,,,,,,,,,,,,,,,,,,,,,,,,
173711,28-May-18,15:23:08,2018-05-28 15:23:08,G,1,5,3202,1471,0,8,-62.4815,-60.823,23:13.4,FastGPS,-62.4815,-60.823,,,10.6,0.4,,,,15,17,4611,,,,12,23180,,,,19,22668,,,,22,25196,,,,32,8278,,,,1,17832,,,,3,17978,,,,11,22154,,,,,,,,,,,,,,,,,,,,,,,,,,,,,,,,,,,,,,
173711,28-May-18,16:41:00,2018-05-28 16:41:00,G,1,5,3204,1472,0,7,-62.4878,-60.8332,41:05.4,FastGPS,-62.4878,-60.8332,,,8.2,0.5,,,,15,31,30236,,,,23,14884,,,,22,1178,,,,1,22598,,,,17,10105,,,,3,10241,,,,14,28224,,,,,,,,,,,,,,,,,,,,,,,,,,,,,,,,,,,,,,,,,,,
173711,28-May-18,17:29:06,2018-05-28 17:29:06,G,1,5,3205,,0,9,-62.4919,-60.8302,29:11.4,FastGPS,-62.4919,-60.8302,,1,22.9,0.4,,,,15,31,28,,,,22,28138,,,,4,18286,,,,26,25180,,,,9,11288,,,,3,11396,,,,23,29911,,,,19,13050,,,,17,3979,,,,,,,,,,,,,,,,,,,,,,,,,,,,,,,,,
173711,28-May-18,18:51:14,2018-05-28 18:51:14,G,2,5,3206,1476,0,5,-62.5001,-60.8354,51:18.9,FastGPS,-62.5001,-60.8354,,,3.2,-0.1,,,,15,7,2653,,,,23,29444,,,,3,21980,,,,9,21865,,,,6,2242,,,,,,,,,,,,,,,,,,,,,,,,,,,,,,,,,,,,,,,,,,,,,,,,,,,,,
173711,28-May-18,19:51:22,2018-05-28 19:51:22,G,1,5,3207,1478,0,8,-62.5,-60.8358,51:27.4,FastGPS,-62.5,-60.8358,,,13.2,0.4,,,,15,7,24916,,,,5,9490,,,,9,1798,,,,2,19430,,,,30,22808,,,,29,21164,,,,23,25946,,,,6,12599,,,,,,,,,,,,,,,,,,,,,,,,,,,,,,,,,,,,,,
173711,28-May-18,22:56:59,2018-05-28 22:56:59,G,1,5,3212,1480,0,6,-62.4349,-60.8946,57:05.4,FastGPS,-62.4349,-60.8946,,,10.8,1.5,,,,15,7,21473,,,,8,18968,,,,5,11142,,,,30,22282,,,,28,19016,,,,27,16780,,,,,,,,,,,,,,,,,,,,,,,,,,,,,,,,,,,,,,,,,,,,,,,,
173711,29-May-18,0:00:41,2018-05-29 00:00:41,G,2,5,3213,1482,0,6,-62.4133,-60.9265,00:46.4,FastGPS,-62.4133,-60.9265,,,7.5,0.4,,,,15,15,5949,,,,17,6158,,,,30,27062,,,,13,8760,,,,20,19584,,,,10,6328,,,,,,,,,,,,,,,,,,,,,,,,,,,,,,,,,,,,,,,,,,,,,,,,
173711,29-May-18,2:07:09,2018-05-29 02:07:09,G,1,5,3217,1482,0,8,-62.4167,-60.9451,07:14.9,FastGPS,-62.4167,-60.9451,,,13.7,0.9,,,,15,17,13544,,,,19,16208,,,,12,22906,,,,24,12047,,,,1,14822,,,,32,6651,,,,18,9782,,,,11,29912,,,,,,,,,,,,,,,,,,,,,,,,,,,,,,,,,,,,,,
173711,29-May-18,2:37:30,2018-05-29 02:37:30,G,1,5,3218,1482,0,6,-62.4308,-60.9257,37:35.4,FastGPS,-62.4308,-60.9257,,,4.3,0.4,,,,15,32,15352,,,,12,8881,,,,1,8061,,,,17,30652,,,,22,16086,,,,14,32262,,,,,,,,,,,,,,,,,,,,,,,,,,,,,,,,,,,,,,,,,,,,,,,,
173711,29-May-18,4:27:05,2018-05-29 04:27:05,G,1,5,3220,1485,0,5,-62.4571,-60.8658,27:09.9,FastGPS,-62.4571,-60.8658,,,10.6,-0.1,,,,15,31,10165,,,,32,14168,,,,25,24772,,,,17,9619,,,,14,22604,,,,,,,,,,,,,,,,,,,,,,,,,,,,,,,,,,,,,,,,,,,,,,,,,,,,,
173711,29-May-18,6:14:00,2018-05-29 06:14:00,G,1,5,3223,1486,1,6,-62.4729,-60.7958,14:04.9,FastGPS,-62.4729,-60.7958,,,8.5,-0.1,,,,15,12,19486,,,,5,18072,,,,2,31171,,,,29,19969,,,,25,1171,,,,6,22452,,,,,,,,,,,,,,,,,,,,,,,,,,,,,,,,,,,,,,,,,,,,,,,,
173711,30-May-18,1:53:06,2018-05-30 01:53:06,G,4,5,3228,1491,0,5,-62.417,-60.9899,53:11.5,FastGPS,-62.417,-60.9899,,,7.8,0.5,,,,15,15,10810,,,,10,29082,,,,12,443,,,,24,12952,,,,28,7800,,,,,,,,,,,,,,,,,,,,,,,,,,,,,,,,,,,,,,,,,,,,,,,,,,,,,
173711,30-May-18,2:25:46,2018-05-30 02:25:46,G,2,5,3229,1491,0,6,-62.413,-60.9919,25:51.0,FastGPS,-62.413,-60.9919,,,9.6,0,,,,15,15,32018,,,,17,1554,,,,6,32703,,,,12,9935,,,,19,17899,,,,24,1466,,,,,,,,,,,,,,,,,,,,,,,,,,,,,,,,,,,,,,,,,,,,,,,,
173711,30-May-18,3:11:13,2018-05-30 03:11:13,G,1,5,3230,1492,0,5,-62.3773,-60.997,11:17.9,FastGPS,-62.3773,-60.997,,,2.5,0,,,,15,17,27125,,,,12,9067,,,,6,18752,,,,24,7777,,,,19,14679,,,,,,,,,,,,,,,,,,,,,,,,,,,,,,,,,,,,,,,,,,,,,,,,,,,,,
173711,30-May-18,5:31:07,2018-05-30 05:31:07,G,1,5,3234,1493,0,5,-62.4135,-60.9863,31:12.0,FastGPS,-62.4135,-60.9863,,,1.1,0,,,,15,29,16890,,,,2,16102,,,,12,499,,,,14,4577,,,,31,8675,,,,,,,,,,,,,,,,,,,,,,,,,,,,,,,,,,,,,,,,,,,,,,,,,,,,,
173711,30-May-18,8:44:43,2018-05-30 08:44:43,G,1,5,3236,1493,0,6,-62.4084,-60.976,44:48.5,FastGPS,-62.4035,-60.9866,,2,6,1,,,,15,29,27172,,,,20,26382,,,,27,20784,,,,4,2290,,,,16,9756,,,,26,15768,,,,,,,,,,,,,,,,,,,,,,,,,,,,,,,,,,,,,,,,,,,,,,,,
173711,30-May-18,11:10:21,2018-05-30 11:10:21,G,1,5,3237,1494,0,8,-62.4579,-60.8229,10:26.0,FastGPS,-62.4579,-60.8229,,,14.1,0,,,,15,15,32254,,,,10,17344,,,,21,28866,,,,13,19429,,,,16,11969,,,,20,7777,,,,27,188,,,,8,5478,,,,,,,,,,,,,,,,,,,,,,,,,,,,,,,,,,,,,,
173711,30-May-18,11:40:00,2018-05-30 11:40:00,G,2,5,3238,1494,0,8,-62.4694,-60.8031,40:05.0,FastGPS,-62.4694,-60.8031,,,10.8,0,,,,15,15,28058,,,,11,26249,,,,18,28032,,,,28,31004,,,,27,13164,,,,8,16684,,,,10,3196,,,,20,12518,,,,,,,,,,,,,,,,,,,,,,,,,,,,,,,,,,,,,,
173711,30-May-18,12:13:27,2018-05-30 12:13:27,G,3,5,3239,,0,9,-62.4824,-60.7947,13:32.5,FastGPS,-62.4824,-60.7947,,,6.9,0.5,,,,15,11,11406,,,,1,13783,,,,18,11244,,,,28,2096,,,,10,31836,,,,20,28434,,,,15,30120,,,,8,10698,,,,27,27277,,,,,,,,,,,,,,,,,,,,,,,,,,,,,,,,,
173711,30-May-18,15:20:53,2018-05-30 15:20:53,G,1,5,3244,1495,0,4,-62.4907,-61.1063,55:12.0,FastGPS,-62.5017,-60.8267,,,0.3,0.5,,,,15,17,10670,,,,11,7418,,,,3,2916,,,,1,13182,,,,,,,,,,,,,,,,,,,,,,,,,,,,,,,,,,,,,,,,,,,,,,,,,,,,,,,,,,
173711,30-May-18,17:47:18,2018-05-30 17:47:18,G,1,5,3248,1496,0,7,-62.486,-60.8413,47:23.0,FastGPS,-62.486,-60.8413,,,8.7,0,,,,15,3,16382,,,,9,20263,,,,22,21514,,,,6,1463,,,,19,32381,,,,2,10826,,,,23,28398,,,,,,,,,,,,,,,,,,,,,,,,,,,,,,,,,,,,,,,,,,,
173711,30-May-18,21:28:50,2018-05-30 21:28:50,G,1,5,3254,1498,0,6,-62.3988,-60.9557,28:55.0,FastGPS,-62.3988,-60.9557,,,2.7,0,,,,15,5,27498,,,,30,10950,,,,7,28780,,,,13,30943,,,,28,13328,,,,21,20298,,,,,,,,,,,,,,,,,,,,,,,,,,,,,,,,,,,,,,,,,,,,,,,,
173711,30-May-18,22:33:10,2018-05-30 22:33:10,G,2,5,3256,1498,0,7,-62.4305,-61.0402,33:15.5,FastGPS,-62.4305,-61.0402,,,11.5,0.5,,,,15,5,16972,,,,15,7693,,,,13,2476,,,,28,11402,,,,7,31592,,,,21,2672,,,,27,1954,,,,,,,,,,,,,,,,,,,,,,,,,,,,,,,,,,,,,,,,,,,
173711,30-May-18,23:24:41,2018-05-30 23:24:41,G,2,5,3257,1499,0,5,-62.4674,-61.0835,24:46.0,FastGPS,-62.4674,-61.0835,,,5.2,0,,,,15,5,14955,,,,15,2300,,,,28,24257,,,,13,15177,,,,20,22215,,,,,,,,,,,,,,,,,,,,,,,,,,,,,,,,,,,,,,,,,,,,,,,,,,,,,
173711,30-May-18,23:55:07,2018-05-30 23:55:07,G,1,5,3258,1499,0,4,-62.5433,-61.1432,26:06.8,FastGPS,-62.4907,-61.1063,,,0.3,0,,,,15,15,28667,,,,13,23516,,,,20,4209,,,,8,17740,,,,,,,,,,,,,,,,,,,,,,,,,,,,,,,,,,,,,,,,,,,,,,,,,,,,,,,,,,
173711,31-May-18,1:33:40,2018-05-31 01:33:40,G,2,5,3261,1499,0,7,-62.505,-61.1981,33:45.0,FastGPS,-62.505,-61.1981,,,3,0,,,,15,18,30210,,,,11,2520,,,,17,25746,,,,19,18094,,,,28,31050,,,,1,21820,,,,32,4454,,,,,,,,,,,,,,,,,,,,,,,,,,,,,,,,,,,,,,,,,,,
173711,31-May-18,2:33:27,2018-05-31 02:33:27,G,1,5,3263,1499,0,8,-62.4834,-61.2362,33:32.0,FastGPS,-62.4834,-61.2362,,,10.7,0,,,,15,12,1680,,,,10,31030,,,,17,240,,,,15,31454,,,,24,20942,,,,32,5724,,,,25,30058,,,,22,3338,,,,,,,,,,,,,,,,,,,,,,,,,,,,,,,,,,,,,,
173711,31-May-18,7:26:03,2018-05-31 07:26:03,G,1,5,3270,1504,0,4,-62.541,-60.828,5/31/2018 11:20,R,-62.5433,-61.1432,,,1.4,-1.2,,,,15,5,4656,,,,29,17148,,,,31,14173,,,,25,16077,,,,,,,,,,,,,,,,,,,,,,,,,,,,,,,,,,,,,,,,,,,,,,,,,,,,,,,,,,
173711,31-May-18,7:56:38,2018-05-31 07:56:38,G,1,5,3271,1504,0,7,-62.5226,-61.1247,56:43.5,FastGPS,-62.5226,-61.1247,,1,4,0.5,,,,15,31,28731,,,,5,13191,,,,26,2431,,,,16,30600,,,,21,2840,,,,4,29771,,,,29,6189,,,,,,,,,,,,,,,,,,,,,,,,,,,,,,,,,,,,,,,,,,,
173711,31-May-18,8:44:25,2018-05-31 08:44:25,G,1,5,3272,1505,0,5,-62.5431,-61.0974,44:30.5,FastGPS,-62.5431,-61.0974,,,12.2,0.5,,,,15,29,15900,,,,27,9147,,,,21,19636,,,,26,13870,,,,20,7712,,,,,,,,,,,,,,,,,,,,,,,,,,,,,,,,,,,,,,,,,,,,,,,,,,,,,
173711,31-May-18,9:30:46,2018-05-31 09:30:46,G,2,5,3273,1506,0,4,-62.5433,-61.1432,26:06.8,FastGPS,-62.5541,-60.9871,,,1.4,1.3,,,,15,16,5075,,,,27,23400,,,,13,30673,,,,26,17666,,,,,,,,,,,,,,,,,,,,,,,,,,,,,,,,,,,,,,,,,,,,,,,,,,,,,,,,,,
173711,31-May-18,10:01:00,2018-05-31 10:01:00,G,1,5,3274,1506,0,7,-62.5536,-60.932,01:06.5,FastGPS,-62.5536,-60.932,,,9,1.5,,,,15,15,10645,,,,21,7021,,,,27,3474,,,,20,11417,,,,13,19611,,,,7,19748,,,,30,23282,,,,,,,,,,,,,,,,,,,,,,,,,,,,,,,,,,,,,,,,,,,
173711,31-May-18,14:34:31,2018-05-31 14:34:31,G,1,5,3281,,0,9,-62.4888,-60.8378,34:37.5,FastGPS,-62.4888,-60.8378,,,7.6,1.5,,,,15,17,22990,,,,22,17586,,,,11,14170,,,,1,5586,,,,3,12785,,,,18,181,,,,12,13422,,,,32,29778,,,,19,15260,,,,,,,,,,,,,,,,,,,,,,,,,,,,,,,,,
173711,31-May-18,15:43:51,2018-05-31 15:43:51,G,2,5,3283,,0,9,-62.4832,-60.8278,43:57.0,FastGPS,-62.4832,-60.8278,,,6.9,1,,,,15,17,28307,,,,11,12585,,,,18,20266,,,,23,4624,,,,1,22692,,,,31,22930,,,,3,22594,,,,19,21546,,,,22,23599,,,,,,,,,,,,,,,,,,,,,,,,,,,,,,,,,
173711,31-May-18,17:34:44,2018-05-31 17:34:44,G,2,5,3285,1512,0,7,-62.4694,-60.8444,34:49.4,FastGPS,-62.4694,-60.8444,,,8.3,0.4,,,,15,9,21789,,,,6,26731,,,,31,24108,,,,23,22659,,,,2,10324,,,,3,6982,,,,22,25562,,,,,,,,,,,,,,,,,,,,,,,,,,,,,,,,,,,,,,,,,,,
173711,31-May-18,18:39:12,2018-05-31 18:39:12,G,1,5,3287,1512,0,8,-62.4715,-60.8242,39:17.5,FastGPS,-62.4715,-60.8242,,1,8.5,0.5,,,,15,4,890,,,,2,23419,,,,29,30248,,,,16,17786,,,,26,6540,,,,23,28320,,,,7,2708,,,,3,20598,,,,,,,,,,,,,,,,,,,,,,,,,,,,,,,,,,,,,,
173711,31-May-18,21:00:38,2018-05-31 21:00:38,G,1,5,3291,1513,0,4,-62.3565,-60.8871,50:30.6,FastGPS,-62.4463,-60.8645,,,0.4,0,,,,15,5,31507,,,,9,14813,,,,30,6354,,,,13,2950,,,,,,,,,,,,,,,,,,,,,,,,,,,,,,,,,,,,,,,,,,,,,,,,,,,,,,,,,,
173711,31-May-18,22:50:25,2018-05-31 22:50:25,G,1,5,3294,1514,0,4,-62.4187,-61.0014,27:06.5,FastGPS,-62.3565,-60.8871,,,0.4,0.6,,,,15,5,10908,,,,7,18920,,,,30,32432,,,,28,25208,,,,,,,,,,,,,,,,,,,,,,,,,,,,,,,,,,,,,,,,,,,,,,,,,,,,,,,,,,
173711,31-May-18,23:20:08,2018-05-31 23:20:08,G,1,5,3295,1514,0,8,-62.3264,-60.8526,20:13.5,FastGPS,-62.3264,-60.8526,,,14.8,0.5,,,,15,15,4536,,,,7,25774,,,,13,20064,,,,11,10800,,,,30,27032,,,,20,22460,,,,28,29702,,,,8,11675,,,,,,,,,,,,,,,,,,,,,,,,,,,,,,,,,,,,,,
173711,31-May-18,23:51:52,2018-05-31 23:51:52,G,1,5,3296,1514,0,8,-62.3281,-60.7907,51:57.5,FastGPS,-62.3281,-60.7907,,,9.1,0.5,,,,15,15,21562,,,,30,26408,,,,20,26602,,,,13,15883,,,,28,21064,,,,18,16426,,,,17,4184,,,,11,21801,,,,,,,,,,,,,,,,,,,,,,,,,,,,,,,,,,,,,,
173711,1-Jun-18,0:53:59,2018-06-01 00:53:59,G,2,5,3298,,0,9,-62.3675,-60.8883,54:04.5,FastGPS,-62.3675,-60.8883,,,9.2,0.5,,,,15,12,3010,,,,15,2708,,,,24,3477,,,,17,17168,,,,13,25452,,,,20,15386,,,,18,3702,,,,10,10792,,,,19,2903,,,,,,,,,,,,,,,,,,,,,,,,,,,,,,,,,
173711,1-Jun-18,1:24:01,2018-06-01 01:24:01,G,1,5,3299,1514,0,6,-62.3752,-60.9456,24:06.5,FastGPS,-62.3752,-60.9456,,,6.1,0.5,,,,15,15,22480,,,,17,12796,,,,19,30176,,,,13,15473,,,,10,11624,,,,12,23250,,,,,,,,,,,,,,,,,,,,,,,,,,,,,,,,,,,,,,,,,,,,,,,,
173711,1-Jun-18,1:56:58,2018-06-01 01:56:58,G,2,5,3300,1514,0,4,-62.4187,-61.0014,27:06.5,FastGPS,-62.3952,-60.9901,,,1.8,0.5,,,,15,12,2932,,,,15,19510,,,,1,15791,,,,24,18390,,,,,,,,,,,,,,,,,,,,,,,,,,,,,,,,,,,,,,,,,,,,,,,,,,,,,,,,,,
173711,1-Jun-18,2:27:01,2018-06-01 02:27:01,G,2,5,3301,1514,0,4,-62.472,-61.1075,24:54.5,FastGPS,-62.4187,-61.0014,,,0.4,0.5,,,,15,12,23446,,,,32,27953,,,,17,1635,,,,24,17762,,,,,,,,,,,,,,,,,,,,,,,,,,,,,,,,,,,,,,,,,,,,,,,,,,,,,,,,,,
173711,1-Jun-18,3:46:43,2018-06-01 03:46:43,G,2,5,3303,1515,0,5,-62.44,-61.1518,46:47.9,FastGPS,-62.44,-61.1518,,,7.6,0,,,,15,2,23082,,,,25,19507,,,,12,19890,,,,32,22448,,,,24,8828,,,,,,,,,,,,,,,,,,,,,,,,,,,,,,,,,,,,,,,,,,,,,,,,,,,,,
173711,1-Jun-18,4:51:04,2018-06-01 04:51:04,G,2,5,3305,1515,0,6,-62.4611,-61.1504,51:09.0,FastGPS,-62.4611,-61.1504,,,20.5,0,,,,15,31,15106,,,,29,23786,,,,6,30652,,,,25,29884,,,,14,30495,,,,2,16833,,,,,,,,,,,,,,,,,,,,,,,,,,,,,,,,,,,,,,,,,,,,,,,,
173711,1-Jun-18,5:24:49,2018-06-01 05:24:49,G,1,5,3306,1515,0,5,-62.511,-60.841,6/1/2018 11:47,B,-62.472,-61.1075,,1,0.6,0.5,,,,15,31,695,,,,4,14623,,,,23,27834,,,,29,10514,,,,12,13527,,,,,,,,,,,,,,,,,,,,,,,,,,,,,,,,,,,,,,,,,,,,,,,,,,,,,
173711,1-Jun-18,6:47:10,2018-06-01 06:47:10,G,1,5,3308,1516,0,8,-62.4949,-61.0099,47:16.0,FastGPS,-62.4949,-61.0099,,1,12.9,1,,,,15,23,27191,,,,4,27799,,,,26,5784,,,,29,3322,,,,31,24348,,,,5,20498,,,,2,7751,,,,9,1682,,,,,,,,,,,,,,,,,,,,,,,,,,,,,,,,,,,,,,
173711,1-Jun-18,8:47:04,2018-06-01 08:47:04,G,1,5,3310,1520,0,5,-62.511,-60.841,6/1/2018 11:47,B,-62.5156,-60.8484,,1,0.5,0,,,,15,4,12287,,,,26,1912,,,,27,3740,,,,21,128,,,,7,26484,,,,,,,,,,,,,,,,,,,,,,,,,,,,,,,,,,,,,,,,,,,,,,,,,,,,,
173711,1-Jun-18,9:18:52,2018-06-01 09:18:52,G,4,5,3311,1520,0,6,-62.5159,-60.8485,18:58.0,FastGPS,-62.5159,-60.8485,,1,5.9,1,,,,15,29,32096,,,,15,6371,,,,4,17998,,,,27,12507,,,,26,29935,,,,20,25024,,,,,,,,,,,,,,,,,,,,,,,,,,,,,,,,,,,,,,,,,,,,,,,,
173711,1-Jun-18,10:08:15,2018-06-01 10:08:15,G,1,5,3312,1521,0,8,-62.5155,-60.8485,6/1/2018 10:08,FastGPS,-62.5155,-60.8485,,1,7.1,1,,,,15,16,29140,,,,4,9170,,,,26,8554,,,,20,7982,,,,10,14346,,,,15,16458,,,,21,32106,,,,7,19800,,,,,,,,,,,,,,,,,,,,,,,,,,,,,,,,,,,,,,
173711,1-Jun-18,10:38:02,2018-06-01 10:38:02,G,1,5,3313,1521,0,6,-62.515,-60.8486,38:08.5,FastGPS,-62.515,-60.8486,,,7.5,1.5,,,,15,10,26467,,,,15,14459,,,,7,15136,,,,16,26016,,,,27,31657,,,,20,14148,,,,,,,,,,,,,,,,,,,,,,,,,,,,,,,,,,,,,,,,,,,,,,,,
173711,1-Jun-18,11:08:01,2018-06-01 11:08:01,G,1,5,3314,1521,0,7,-62.5139,-60.85,08:07.0,FastGPS,-62.5139,-60.85,,,12.7,1,,,,15,8,6862,,,,10,13046,,,,27,14923,,,,15,11062,,,,16,798,,,,13,20320,,,,20,18731,,,,,,,,,,,,,,,,,,,,,,,,,,,,,,,,,,,,,,,,,,,
173711,1-Jun-18,12:28:51,2018-06-01 12:28:51,G,4,5,3315,1524,0,7,-62.5069,-60.8441,28:56.0,FastGPS,-62.5069,-60.8441,,,5,0,,,,15,28,24154,,,,32,32310,,,,18,31233,,,,10,13996,,,,20,23466,,,,22,6980,,,,11,1020,,,,,,,,,,,,,,,,,,,,,,,,,,,,,,,,,,,,,,,,,,,
173711,1-Jun-18,13:18:36,2018-06-01 13:18:36,G,3,5,3316,,0,9,-62.5026,-60.8396,18:41.5,FastGPS,-62.5026,-60.8396,,,12.5,0.5,,,,15,22,22708,,,,8,10498,,,,11,29966,,,,14,7264,,,,32,12204,,,,1,3838,,,,28,21289,,,,27,9384,,,,10,26426,,,,,,,,,,,,,,,,,,,,,,,,,,,,,,,,,
173711,1-Jun-18,14:44:44,2018-06-01 14:44:44,G,2,5,3317,1528,0,6,-62.4844,-60.8217,44:49.0,FastGPS,-62.4844,-60.8217,,,12,0,,,,15,17,6854,,,,31,9200,,,,32,10676,,,,14,23296,,,,3,13624,,,,11,6272,,,,,,,,,,,,,,,,,,,,,,,,,,,,,,,,,,,,,,,,,,,,,,,,
173711,1-Jun-18,16:20:18,2018-06-01 16:20:18,G,1,5,3320,,0,9,-62.4842,-60.8211,20:23.5,FastGPS,-62.4842,-60.8211,,,14.3,0.5,,,,15,1,28024,,,,18,18877,,,,17,11350,,,,23,18564,,,,3,31268,,,,6,4124,,,,22,780,,,,19,8787,,,,31,17328,,,,,,,,,,,,,,,,,,,,,,,,,,,,,,,,,
173711,2-Jun-18,7:09:13,2018-06-02 07:09:13,G,1,5,3327,1532,0,6,-62.547,-61.3925,09:19.5,FastGPS,-62.547,-61.3925,,1,7.4,1.5,,,,15,31,462,,,,5,15636,,,,26,7760,,,,16,16297,,,,4,6859,,,,29,12750,,,,,,,,,,,,,,,,,,,,,,,,,,,,,,,,,,,,,,,,,,,,,,,,
173711,2-Jun-18,8:16:02,2018-06-02 08:16:02,G,1,5,3329,1532,0,6,-62.5552,-61.3957,16:08.0,FastGPS,-62.5552,-61.3957,,1,10,1,,,,15,5,24914,,,,16,6084,,,,26,29480,,,,21,26060,,,,27,14167,,,,4,29950,,,,,,,,,,,,,,,,,,,,,,,,,,,,,,,,,,,,,,,,,,,,,,,,
173711,2-Jun-18,12:14:04,2018-06-02 12:14:04,G,1,5,3335,1532,0,8,-62.6349,-61.3,14:10.5,FastGPS,-62.6349,-61.3,,,15.4,1.5,,,,15,11,726,,,,15,28051,,,,28,8209,,,,18,31366,,,,8,18212,,,,1,15758,,,,10,26366,,,,20,892,,,,,,,,,,,,,,,,,,,,,,,,,,,,,,,,,,,,,,
173711,2-Jun-18,12:46:35,2018-06-02 12:46:35,G,1,5,3336,1532,0,8,-62.647,-61.2752,46:41.0,FastGPS,-62.647,-61.2752,,,9,1,,,,15,28,20726,,,,1,4391,,,,32,17479,,,,10,13594,,,,11,11982,,,,8,24670,,,,18,6716,,,,24,20833,,,,,,,,,,,,,,,,,,,,,,,,,,,,,,,,,,,,,,
173711,2-Jun-18,13:47:07,2018-06-02 13:47:07,G,1,5,3337,,0,9,-62.6391,-61.2363,6/2/2018 13:47,FastGPS,-62.6391,-61.2363,,,9.6,1,,,,15,10,24651,,,,17,2635,,,,32,25736,,,,22,15834,,,,24,30950,,,,1,27070,,,,11,20433,,,,14,13502,,,,18,9418,,,,,,,,,,,,,,,,,,,,,,,,,,,,,,,,,
173711,2-Jun-18,15:05:38,2018-06-02 15:05:38,G,1,5,3339,1535,0,8,-62.665,-61.1761,05:44.0,FastGPS,-62.665,-61.1761,,,16.4,1,,,,15,17,9358,,,,12,29828,,,,19,32194,,,,3,25583,,,,11,12142,,,,32,29442,,,,22,26138,,,,1,13698,,,,,,,,,,,,,,,,,,,,,,,,,,,,,,,,,,,,,,
173711,2-Jun-18,15:35:16,2018-06-02 15:35:16,G,1,5,3340,,0,9,-62.6692,-61.1814,6/2/2018 15:35,FastGPS,-62.6692,-61.1814,,,11.1,1,,,,15,12,29140,,,,3,26957,,,,14,9376,,,,22,28007,,,,1,27220,,,,25,2876,,,,19,28232,,,,31,24746,,,,32,12501,,,,,,,,,,,,,,,,,,,,,,,,,,,,,,,,,
173711,2-Jun-18,18:56:05,2018-06-02 18:56:05,G,1,5,3346,1536,0,8,-62.7139,-61.1711,6/2/2018 18:56,FastGPS,-62.7139,-61.1711,,,11.9,1,,,,15,7,11868,,,,16,644,,,,5,23217,,,,23,15930,,,,6,14183,,,,2,13129,,,,26,21096,,,,9,3622,,,,,,,,,,,,,,,,,,,,,,,,,,,,,,,,,,,,,,
173711,2-Jun-18,19:43:00,2018-06-02 19:43:00,G,1,5,3347,1537,0,8,-62.7103,-61.1768,43:06.0,FastGPS,-62.7103,-61.1768,,,13.3,1,,,,15,7,17112,,,,5,12835,,,,30,30940,,,,2,7442,,,,29,23083,,,,9,7590,,,,6,12221,,,,23,29995,,,,,,,,,,,,,,,,,,,,,,,,,,,,,,,,,,,,,,
173711,2-Jun-18,20:44:36,2018-06-02 20:44:36,G,1,5,3349,1537,0,5,-62.7091,-61.1827,44:42.5,FastGPS,-62.7091,-61.1827,,,9.3,1.5,,,,15,5,15347,,,,9,29806,,,,30,7960,,,,13,26438,,,,7,20604,,,,,,,,,,,,,,,,,,,,,,,,,,,,,,,,,,,,,,,,,,,,,,,,,,,,,
173711,2-Jun-18,21:59:01,2018-06-02 21:59:01,G,1,5,3351,,0,9,-62.697,-61.2004,59:07.5,FastGPS,-62.697,-61.2004,,,12.5,1.5,,,,15,7,9565,,,,5,15412,,,,28,14648,,,,30,16556,,,,8,31288,,,,9,28950,,,,15,15122,,,,13,9478,,,,21,1829,,,,,,,,,,,,,,,,,,,,,,,,,,,,,,,,,
173711,2-Jun-18,22:29:06,2018-06-02 22:29:06,G,1,5,3352,1538,0,7,-62.6868,-61.2138,29:12.0,FastGPS,-62.6868,-61.2138,,,6.9,1,,,,15,7,6463,,,,8,6721,,,,28,13954,,,,30,24542,,,,5,27734,,,,13,29252,,,,27,26896,,,,,,,,,,,,,,,,,,,,,,,,,,,,,,,,,,,,,,,,,,,
173711,3-Jun-18,0:57:40,2018-06-03 00:57:40,G,1,5,3354,1538,0,8,-62.6297,-61.333,57:46.0,FastGPS,-62.6297,-61.333,,,10.6,1,,,,15,17,24651,,,,13,15765,,,,15,22392,,,,19,19525,,,,12,32052,,,,28,19726,,,,24,18362,,,,10,20579,,,,,,,,,,,,,,,,,,,,,,,,,,,,,,,,,,,,,,
173711,3-Jun-18,2:30:21,2018-06-03 02:30:21,G,1,5,3356,1539,0,7,-62.6128,-61.2987,30:27.5,FastGPS,-62.6128,-61.2987,,,10.7,1.5,,,,15,1,25938,,,,17,19497,,,,32,1848,,,,22,29398,,,,6,12432,,,,14,12167,,,,19,17524,,,,,,,,,,,,,,,,,,,,,,,,,,,,,,,,,,,,,,,,,,,
173711,3-Jun-18,4:15:00,2018-06-03 04:15:00,G,1,5,3358,1542,1,5,-62.6183,-61.2868,15:06.0,FastGPS,-62.6183,-61.2868,,,16.3,1,,,,15,29,11188,,,,25,20310,,,,32,30196,,,,12,494,,,,19,4940,,,,,,,,,,,,,,,,,,,,,,,,,,,,,,,,,,,,,,,,,,,,,,,,,,,,,
173711,3-Jun-18,5:15:00,2018-06-03 05:15:00,G,3,5,3360,1542,1,4,-62.6185,-61.2871,30:06.0,FastGPS,-62.6186,-61.2869,,,0.5,1,,,,15,31,14353,,,,25,31824,,,,14,7950,,,,29,20374,,,,,,,,,,,,,,,,,,,,,,,,,,,,,,,,,,,,,,,,,,,,,,,,,,,,,,,,,,
173711,3-Jun-18,6:00:00,2018-06-03 06:00:00,G,3,5,3361,1543,1,4,-62.6185,-61.2871,30:06.0,FastGPS,,,,,,,,,,15,29,6348,,,,4,10911,,,,31,22214,,,,2,21480,,,,,,,,,,,,,,,,,,,,,,,,,,,,,,,,,,,,,,,,,,,,,,,,,,,,,,,,,,
173711,3-Jun-18,6:30:00,2018-06-03 06:30:00,G,1,5,3362,1543,1,4,-62.618,-61.288,6/3/2018 9:53,N,-62.6185,-61.2871,,,0.6,1,,,,15,29,656,,,,31,12624,,,,26,9190,,,,2,12630,,,,,,,,,,,,,,,,,,,,,,,,,,,,,,,,,,,,,,,,,,,,,,,,,,,,,,,,,,
173711,3-Jun-18,7:00:00,2018-06-03 07:00:00,G,2,5,3363,1543,1,5,-62.618,-61.288,6/3/2018 9:53,N,-62.6183,-61.2872,,1,1.4,1,,,,15,4,23265,,,,29,9814,,,,31,10031,,,,21,23737,,,,26,19684,,,,,,,,,,,,,,,,,,,,,,,,,,,,,,,,,,,,,,,,,,,,,,,,,,,,,
173711,3-Jun-18,7:30:00,2018-06-03 07:30:00,G,3,5,3364,1543,1,6,-62.6182,-61.2867,30:06.0,FastGPS,-62.6182,-61.2867,,1,11,1,,,,15,31,10097,,,,26,2472,,,,4,10604,,,,29,19946,,,,21,21844,,,,5,4116,,,,,,,,,,,,,,,,,,,,,,,,,,,,,,,,,,,,,,,,,,,,,,,,
173711,4-Jun-18,6:50:00,2018-06-04 06:50:00,G,5,5,3365,1543,0,6,-62.6177,-61.2849,50:06.0,FastGPS,-62.6177,-61.2849,,1,4.4,1,,,,15,5,19707,,,,31,21207,,,,29,5599,,,,2,11306,,,,4,3944,,,,26,27978,,,,,,,,,,,,,,,,,,,,,,,,,,,,,,,,,,,,,,,,,,,,,,,,
173711,4-Jun-18,7:20:00,2018-06-04 07:20:00,G,4,5,3366,1543,0,7,-62.6044,-61.2854,20:06.5,FastGPS,-62.6044,-61.2854,,1,8.7,1.5,,,,15,5,19286,,,,31,17192,,,,21,9837,,,,26,7883,,,,4,21694,,,,29,12773,,,,25,12397,,,,,,,,,,,,,,,,,,,,,,,,,,,,,,,,,,,,,,,,,,,
173711,4-Jun-18,8:09:57,2018-06-04 08:09:57,G,2,5,3367,1544,0,6,-62.5818,-61.3204,10:03.5,FastGPS,-62.5818,-61.3204,,1,1.2,1.5,,,,15,29,25066,,,,5,5647,,,,21,16698,,,,4,11226,,,,20,22741,,,,26,12710,,,,,,,,,,,,,,,,,,,,,,,,,,,,,,,,,,,,,,,,,,,,,,,,
173711,4-Jun-18,8:40:03,2018-06-04 08:40:03,G,2,5,3368,1544,0,7,-62.5618,-61.3243,40:09.1,FastGPS,-62.5618,-61.3243,,1,6,1.1,,,,15,13,20238,,,,5,16648,,,,4,7290,,,,29,9925,,,,15,4790,,,,26,1545,,,,16,14852,,,,,,,,,,,,,,,,,,,,,,,,,,,,,,,,,,,,,,,,,,,
173711,4-Jun-18,9:11:43,2018-06-04 09:11:43,G,1,5,3369,,0,9,-62.5571,-61.3518,11:49.0,FastGPS,-62.5571,-61.3518,,1,14.1,1,,,,15,7,6955,,,,20,7238,,,,27,9294,,,,4,6974,,,,29,15035,,,,26,22256,,,,15,28531,,,,16,2226,,,,21,18922,,,,,,,,,,,,,,,,,,,,,,,,,,,,,,,,,
173711,4-Jun-18,9:42:09,2018-06-04 09:42:09,G,1,5,3370,1544,0,8,-62.5605,-61.3851,42:15.5,FastGPS,-62.5605,-61.3851,,1,15.5,1.5,,,,15,10,26180,,,,26,12348,,,,7,13676,,,,4,16424,,,,16,5366,,,,20,24913,,,,15,25494,,,,8,26492,,,,,,,,,,,,,,,,,,,,,,,,,,,,,,,,,,,,,,
173711,4-Jun-18,10:12:20,2018-06-04 10:12:20,G,1,5,3371,1544,0,6,-62.5651,-61.4116,12:26.6,FastGPS,-62.5651,-61.4116,,,5.1,1.6,,,,15,15,21869,,,,10,31648,,,,13,15808,,,,20,1998,,,,21,3448,,,,26,15626,,,,,,,,,,,,,,,,,,,,,,,,,,,,,,,,,,,,,,,,,,,,,,,,
173711,4-Jun-18,10:42:41,2018-06-04 10:42:41,G,1,5,3372,1544,0,5,-62.5703,-61.3963,42:47.0,FastGPS,-62.5703,-61.3963,,,3.6,1,,,,15,15,24212,,,,8,9363,,,,27,22410,,,,13,26022,,,,10,21378,,,,,,,,,,,,,,,,,,,,,,,,,,,,,,,,,,,,,,,,,,,,,,,,,,,,,
173711,4-Jun-18,11:43:03,2018-06-04 11:43:03,G,1,5,3374,1544,0,4,-62.5969,-61.3786,14:06.1,FastGPS,-62.5754,-61.4095,,,2,1,,,,15,32,24740,,,,10,13366,,,,27,474,,,,8,19524,,,,,,,,,,,,,,,,,,,,,,,,,,,,,,,,,,,,,,,,,,,,,,,,,,,,,,,,,,
173711,4-Jun-18,12:13:00,2018-06-04 12:13:00,G,1,5,3375,1544,0,8,-62.5649,-61.4154,6/4/2018 12:13,FastGPS,-62.5649,-61.4154,,,8.2,1,,,,15,28,4203,,,,11,8631,,,,18,5773,,,,10,927,,,,1,31609,,,,20,57,,,,8,31452,,,,32,32617,,,,,,,,,,,,,,,,,,,,,,,,,,,,,,,,,,,,,,
173711,4-Jun-18,12:44:00,2018-06-04 12:44:00,G,4,5,3376,1544,0,8,-62.5782,-61.3873,44:06.0,FastGPS,-62.5782,-61.3873,,,5.4,1,,,,15,28,24210,,,,8,17501,,,,18,24780,,,,11,30756,,,,1,31646,,,,10,3371,,,,22,27874,,,,20,7630,,,,,,,,,,,,,,,,,,,,,,,,,,,,,,,,,,,,,,
173711,4-Jun-18,13:14:00,2018-06-04 13:14:00,G,1,5,3377,1544,0,8,-62.5969,-61.3786,14:06.1,FastGPS,-62.5969,-61.3786,,,5.1,1.1,,,,15,28,25520,,,,10,13398,,,,1,14542,,,,22,6476,,,,32,3988,,,,11,25930,,,,18,16973,,,,8,32462,,,,,,,,,,,,,,,,,,,,,,,,,,,,,,,,,,,,,,
173711,4-Jun-18,13:44:00,2018-06-04 13:44:00,G,1,5,3378,,0,9,-62.6116,-61.3431,44:06.1,FastGPS,-62.6116,-61.3431,,,10,1.1,,,,15,32,25016,,,,10,3915,,,,22,1635,,,,17,25682,,,,11,22602,,,,1,7090,,,,18,10941,,,,14,28396,,,,3,23405,,,,,,,,,,,,,,,,,,,,,,,,,,,,,,,,,
173711,4-Jun-18,14:14:00,2018-06-04 14:14:00,G,1,5,3379,1544,0,7,-62.6186,-61.3086,14:06.5,FastGPS,-62.6186,-61.3086,,,12.1,1.5,,,,15,32,32455,,,,31,6934,,,,3,26169,,,,8,17832,,,,17,10976,,,,18,900,,,,22,3012,,,,,,,,,,,,,,,,,,,,,,,,,,,,,,,,,,,,,,,,,,,
173711,4-Jun-18,15:14:00,2018-06-04 15:14:00,G,1,5,3380,,0,9,-62.6208,-61.2994,14:05.0,FastGPS,-62.6208,-61.2994,,,9.2,0,,,,15,17,7028,,,,23,1524,,,,19,117,,,,1,17177,,,,12,14040,,,,3,28522,,,,31,16975,,,,18,460,,,,32,26800,,,,,,,,,,,,,,,,,,,,,,,,,,,,,,,,,
173711,4-Jun-18,15:46:14,2018-06-04 15:46:14,G,2,5,3381,1546,0,8,-62.6243,-61.307,46:20.0,FastGPS,-62.6243,-61.307,,,4.4,1,,,,15,31,16179,,,,23,15954,,,,18,1442,,,,11,32110,,,,14,2275,,,,1,27028,,,,17,26052,,,,22,29196,,,,,,,,,,,,,,,,,,,,,,,,,,,,,,,,,,,,,,
173711,4-Jun-18,19:22:02,2018-06-04 19:22:02,G,1,5,3386,1550,0,7,-62.6506,-61.1953,22:08.1,FastGPS,-62.6506,-61.1953,,,9.3,1.1,,,,15,5,19154,,,,2,1639,,,,7,32697,,,,4,26808,,,,29,2486,,,,30,27896,,,,26,8068,,,,,,,,,,,,,,,,,,,,,,,,,,,,,,,,,,,,,,,,,,,
173711,4-Jun-18,19:52:04,2018-06-04 19:52:04,G,1,5,3387,1550,0,8,-62.6476,-61.1851,52:10.1,FastGPS,-62.6476,-61.1851,,,8.1,1.1,,,,15,7,8631,,,,30,20058,,,,9,23772,,,,5,17850,,,,2,26700,,,,16,26492,,,,23,1650,,,,29,26378,,,,,,,,,,,,,,,,,,,,,,,,,,,,,,,,,,,,,,
173711,4-Jun-18,20:22:01,2018-06-04 20:22:01,G,1,5,3388,1550,0,5,-62.6492,-61.1896,22:07.5,FastGPS,-62.6492,-61.1896,,,7.1,1.5,,,,15,5,3740,,,,30,8654,,,,7,27026,,,,16,9444,,,,27,13273,,,,,,,,,,,,,,,,,,,,,,,,,,,,,,,,,,,,,,,,,,,,,,,,,,,,,
173711,4-Jun-18,20:52:20,2018-06-04 20:52:20,G,1,5,3389,1550,0,4,-62.5969,-61.3786,14:06.1,FastGPS,-62.6555,-61.1685,,,0.3,0.5,,,,15,5,16605,,,,30,2470,,,,13,19654,,,,7,2702,,,,,,,,,,,,,,,,,,,,,,,,,,,,,,,,,,,,,,,,,,,,,,,,,,,,,,,,,,
173711,4-Jun-18,21:53:04,2018-06-04 21:53:04,G,1,5,3391,1550,0,6,-62.6601,-61.1698,53:09.5,FastGPS,-62.6601,-61.1698,,,8.2,0.5,,,,15,5,3582,,,,7,28784,,,,8,29114,,,,13,9930,,,,30,9316,,,,15,17596,,,,,,,,,,,,,,,,,,,,,,,,,,,,,,,,,,,,,,,,,,,,,,,,
173711,4-Jun-18,22:23:01,2018-06-04 22:23:01,G,2,5,3392,1550,0,5,-62.6629,-61.1772,23:06.1,FastGPS,-62.6629,-61.1772,,,10.1,0.1,,,,15,7,5022,,,,8,14151,,,,5,27236,,,,15,31362,,,,28,28292,,,,,,,,,,,,,,,,,,,,,,,,,,,,,,,,,,,,,,,,,,,,,,,,,,,,,
173711,4-Jun-18,22:55:32,2018-06-04 22:55:32,G,2,5,3393,1550,0,7,-62.6627,-61.1768,55:38.6,FastGPS,-62.6627,-61.1768,,,22.8,1.6,,,,15,15,6258,,,,5,16524,,,,7,19868,,,,30,9333,,,,28,6583,,,,20,26550,,,,13,8330,,,,,,,,,,,,,,,,,,,,,,,,,,,,,,,,,,,,,,,,,,,
173711,4-Jun-18,23:41:17,2018-06-04 23:41:17,G,3,5,3394,1551,0,5,-62.663,-61.176,41:23.0,FastGPS,-62.663,-61.176,,,1.4,1,,,,15,15,25202,,,,13,530,,,,8,15544,,,,17,24096,,,,18,24822,,,,,,,,,,,,,,,,,,,,,,,,,,,,,,,,,,,,,,,,,,,,,,,,,,,,,
173711,5-Jun-18,0:12:06,2018-06-05 00:12:06,G,1,5,3395,1551,0,8,-62.663,-61.1769,12:12.0,FastGPS,-62.663,-61.1769,,,18.3,1,,,,15,20,31400,,,,17,6156,,,,13,32364,,,,19,10406,,,,28,26882,,,,24,124,,,,15,12720,,,,30,32020,,,,,,,,,,,,,,,,,,,,,,,,,,,,,,,,,,,,,,
173711,5-Jun-18,1:12:38,2018-06-05 01:12:38,G,1,5,3397,,0,9,-62.6719,-61.1924,12:44.0,FastGPS,-62.6719,-61.1924,,,14.1,1,,,,15,15,27531,,,,17,6968,,,,10,28140,,,,12,333,,,,28,17062,,,,19,29802,,,,1,5222,,,,20,18967,,,,32,19266,,,,,,,,,,,,,,,,,,,,,,,,,,,,,,,,,
173711,5-Jun-18,1:59:20,2018-06-05 01:59:20,G,1,5,3398,1552,0,7,-62.6764,-61.1917,59:26.1,FastGPS,-62.6764,-61.1917,,,19.9,1.1,,,,15,12,17030,,,,15,17986,,,,32,29256,,,,24,12340,,,,17,14279,,,,22,29720,,,,19,26396,,,,,,,,,,,,,,,,,,,,,,,,,,,,,,,,,,,,,,,,,,,
173711,5-Jun-18,2:29:02,2018-06-05 02:29:02,G,1,5,3399,1552,0,6,-62.6778,-61.1876,29:08.5,FastGPS,-62.6778,-61.1876,,,6.4,1.5,,,,15,17,20691,,,,6,25402,,,,12,7757,,,,25,26950,,,,19,2051,,,,14,25985,,,,,,,,,,,,,,,,,,,,,,,,,,,,,,,,,,,,,,,,,,,,,,,,
173711,5-Jun-18,3:00:43,2018-06-05 03:00:43,G,1,5,3400,1552,0,8,-62.682,-61.1779,00:48.1,FastGPS,-62.682,-61.1779,,,8,0.1,,,,15,6,22170,,,,17,1985,,,,12,31055,,,,32,19211,,,,25,16989,,,,2,16570,,,,24,4856,,,,19,22082,,,,,,,,,,,,,,,,,,,,,,,,,,,,,,,,,,,,,,
173711,5-Jun-18,3:31:31,2018-06-05 03:31:31,G,2,5,3401,,0,9,-62.6861,-61.1658,31:37.5,FastGPS,-62.6861,-61.1658,,,5.1,1.5,,,,15,31,4150,,,,32,22506,,,,19,6520,,,,17,23254,,,,25,24888,,,,22,8388,,,,14,1355,,,,12,21165,,,,3,21548,,,,,,,,,,,,,,,,,,,,,,,,,,,,,,,,,
173711,5-Jun-18,4:50:56,2018-06-05 04:50:56,G,1,5,3403,1553,0,4,-62.617,-61.285,6/6/2018 0:32,K,-62.6834,-61.1975,,,0.6,0.3,,,,15,29,4316,,,,31,17324,,,,25,32134,,,,12,21133,,,,,,,,,,,,,,,,,,,,,,,,,,,,,,,,,,,,,,,,,,,,,,,,,,,,,,,,,,
173711,5-Jun-18,5:21:59,2018-06-05 05:21:59,G,2,5,3404,1553,0,4,-62.617,-61.285,6/6/2018 0:32,K,,,,,,,,,,15,29,11864,,,,31,17548,,,,4,1057,,,,23,18172,,,,,,,,,,,,,,,,,,,,,,,,,,,,,,,,,,,,,,,,,,,,,,,,,,,,,,,,,,
173711,5-Jun-18,5:52:22,2018-06-05 05:52:22,G,2,5,3405,1553,0,5,-62.617,-61.285,6/6/2018 0:32,K,-62.6883,-61.205,,1,1,0.5,,,,15,12,8681,,,,25,12558,,,,4,30672,,,,26,15706,,,,31,6851,,,,,,,,,,,,,,,,,,,,,,,,,,,,,,,,,,,,,,,,,,,,,,,,,,,,,
173711,5-Jun-18,6:39:20,2018-06-05 06:39:20,G,2,5,3406,1554,0,7,-62.6989,-61.2021,39:25.1,FastGPS,-62.6989,-61.2021,,1,8.1,0.1,,,,15,31,23838,,,,4,6084,,,,26,24700,,,,2,26590,,,,29,24399,,,,23,2142,,,,9,492,,,,,,,,,,,,,,,,,,,,,,,,,,,,,,,,,,,,,,,,,,,
173711,5-Jun-18,7:09:00,2018-06-05 07:09:00,G,3,5,3407,,0,9,-62.7083,-61.2022,09:05.0,FastGPS,-62.7083,-61.2022,,1,6.1,0,,,,15,31,25924,,,,21,23276,,,,29,5318,,,,5,32568,,,,25,24462,,,,26,9314,,,,4,29496,,,,16,8256,,,,9,3663,,,,,,,,,,,,,,,,,,,,,,,,,,,,,,,,,
173711,5-Jun-18,7:42:33,2018-06-05 07:42:33,G,3,5,3408,1554,0,5,-62.617,-61.285,6/6/2018 0:32,K,-62.7129,-61.2024,,1,2.8,0.6,,,,15,29,16452,,,,31,25050,,,,4,21538,,,,26,1138,,,,21,20531,,,,,,,,,,,,,,,,,,,,,,,,,,,,,,,,,,,,,,,,,,,,,,,,,,,,,
173711,5-Jun-18,8:12:48,2018-06-05 08:12:48,G,1,5,3409,1554,0,6,-62.7135,-61.2096,12:53.5,FastGPS,-62.7135,-61.2096,,,8.3,0.5,,,,15,20,14355,,,,16,11244,,,,21,1972,,,,26,5566,,,,29,684,,,,5,22641,,,,,,,,,,,,,,,,,,,,,,,,,,,,,,,,,,,,,,,,,,,,,,,,
173711,5-Jun-18,8:58:00,2018-06-05 08:58:00,G,2,5,3410,1555,0,8,-62.7133,-61.2087,58:05.5,FastGPS,-62.7133,-61.2087,,1,15.1,0.5,,,,15,4,11948,,,,20,7921,,,,16,6780,,,,27,8198,,,,29,27799,,,,7,2274,,,,26,21701,,,,15,32198,,,,,,,,,,,,,,,,,,,,,,,,,,,,,,,,,,,,,,
173711,5-Jun-18,9:59:09,2018-06-05 09:59:09,G,1,5,3412,1555,0,6,-62.7188,-61.2229,59:14.5,FastGPS,-62.7188,-61.2229,,,8.4,0.5,,,,15,7,11406,,,,27,851,,,,16,9356,,,,8,16274,,,,20,12838,,,,10,11425,,,,,,,,,,,,,,,,,,,,,,,,,,,,,,,,,,,,,,,,,,,,,,,,
173711,5-Jun-18,10:45:25,2018-06-05 10:45:25,G,1,5,3413,1556,0,6,-62.704,-61.2127,45:30.0,FastGPS,-62.704,-61.2127,,,8.1,0,,,,15,15,4509,,,,21,966,,,,20,24137,,,,13,26406,,,,8,12968,,,,16,16441,,,,,,,,,,,,,,,,,,,,,,,,,,,,,,,,,,,,,,,,,,,,,,,,
173711,5-Jun-18,11:15:40,2018-06-05 11:15:40,G,3,5,3414,1556,0,6,-62.6965,-61.1988,15:45.1,FastGPS,-62.6965,-61.1988,,,5.9,0.1,,,,15,10,15291,,,,11,11572,,,,21,2301,,,,8,336,,,,15,9184,,,,32,24798,,,,,,,,,,,,,,,,,,,,,,,,,,,,,,,,,,,,,,,,,,,,,,,,
173711,5-Jun-18,11:45:01,2018-06-05 11:45:01,G,3,5,3415,,0,9,-62.6941,-61.2049,45:06.0,FastGPS,-62.6941,-61.2049,,,11.7,0,,,,15,18,13472,,,,32,20180,,,,10,13349,,,,8,24072,,,,11,14665,,,,21,6987,,,,20,15256,,,,27,17764,,,,28,7980,,,,,,,,,,,,,,,,,,,,,,,,,,,,,,,,,
173711,5-Jun-18,12:15:06,2018-06-05 12:15:06,G,2,5,3416,1556,0,6,-62.6924,-61.2025,15:11.5,FastGPS,-62.6924,-61.2025,,,10.4,0.5,,,,15,32,25882,,,,8,27759,,,,20,18560,,,,27,29717,,,,24,27364,,,,11,30600,,,,,,,,,,,,,,,,,,,,,,,,,,,,,,,,,,,,,,,,,,,,,,,,
173711,5-Jun-18,12:45:00,2018-06-05 12:45:00,G,2,5,3417,1556,0,4,-62.617,-61.285,6/6/2018 0:32,K,-62.6841,-61.2052,,,1.1,0.5,,,,15,10,9968,,,,32,5289,,,,20,12668,,,,24,24378,,,,,,,,,,,,,,,,,,,,,,,,,,,,,,,,,,,,,,,,,,,,,,,,,,,,,,,,,,
173711,5-Jun-18,13:15:52,2018-06-05 13:15:52,G,3,5,3418,,0,9,-62.6736,-61.1945,15:57.1,FastGPS,-62.6736,-61.1945,,,10.6,0.1,,,,15,10,29002,,,,32,14142,,,,22,744,,,,14,13242,,,,8,12855,,,,1,3448,,,,28,15184,,,,18,26536,,,,3,5580,,,,,,,,,,,,,,,,,,,,,,,,,,,,,,,,,
173711,5-Jun-18,14:19:34,2018-06-05 14:19:34,G,2,5,3419,,0,9,-62.6661,-61.1788,19:40.0,FastGPS,-62.6661,-61.1788,,,14.7,1,,,,15,32,4590,,,,11,26070,,,,31,7915,,,,14,25380,,,,17,29068,,,,10,27282,,,,1,29738,,,,3,20588,,,,22,16282,,,,,,,,,,,,,,,,,,,,,,,,,,,,,,,,,
173711,5-Jun-18,17:29:33,2018-06-05 17:29:33,G,1,5,3424,1560,0,7,-62.6872,-61.2086,29:39.1,FastGPS,-62.6872,-61.2086,,,9.4,1.1,,,,15,31,14469,,,,9,17550,,,,3,32432,,,,6,10696,,,,2,7798,,,,23,1575,,,,25,32552,,,,,,,,,,,,,,,,,,,,,,,,,,,,,,,,,,,,,,,,,,,
173711,5-Jun-18,18:01:06,2018-06-05 18:01:06,G,1,5,3425,1560,0,6,-62.6874,-61.2055,01:12.5,FastGPS,-62.6874,-61.2055,,,5.5,1.5,,,,15,7,4397,,,,6,31882,,,,3,25433,,,,23,23332,,,,9,17534,,,,2,438,,,,,,,,,,,,,,,,,,,,,,,,,,,,,,,,,,,,,,,,,,,,,,,,
173711,6-Jun-18,4:05:00,2018-06-06 04:05:00,G,2,5,3436,1578,1,4,-62.617,-61.285,6/6/2018 0:32,K,-62.6185,-61.2868,,,0.3,1.1,,,,15,29,24729,,,,32,26658,,,,12,1218,,,,25,29343,,,,,,,,,,,,,,,,,,,,,,,,,,,,,,,,,,,,,,,,,,,,,,,,,,,,,,,,,,
173711,6-Jun-18,7:20:00,2018-06-06 07:20:00,G,1,5,3438,1587,1,5,-62.6183,-61.2869,20:06.1,FastGPS,-62.6183,-61.2869,,,5.9,1.1,,,,15,2,18258,,,,5,12829,,,,29,24684,,,,26,15015,,,,21,8101,,,,,,,,,,,,,,,,,,,,,,,,,,,,,,,,,,,,,,,,,,,,,,,,,,,,,
173711,6-Jun-18,7:50:00,2018-06-06 07:50:00,G,1,5,3439,1587,1,8,-62.6186,-61.2869,50:06.1,FastGPS,-62.6186,-61.2869,,1,17.5,1.1,,,,15,29,21046,,,,5,20996,,,,21,2486,,,,20,17602,,,,16,21764,,,,26,8285,,,,25,23306,,,,4,17722,,,,,,,,,,,,,,,,,,,,,,,,,,,,,,,,,,,,,,
173711,6-Jun-18,11:06:00,2018-06-06 11:06:00,G,1,5,3440,1587,0,6,-62.6179,-61.2852,06:06.1,FastGPS,-62.6179,-61.2852,,,4.8,1.1,,,,15,15,1688,,,,18,6309,,,,8,5598,,,,11,5738,,,,27,16338,,,,20,10312,,,,,,,,,,,,,,,,,,,,,,,,,,,,,,,,,,,,,,,,,,,,,,,,
173711,6-Jun-18,11:38:45,2018-06-06 11:38:45,G,1,5,3441,1587,0,8,-62.6165,-61.2606,38:51.5,FastGPS,-62.6165,-61.2606,,,8.9,1.5,,,,15,15,25330,,,,8,18430,,,,28,28896,,,,24,19956,,,,10,9296,,,,20,21212,,,,32,6285,,,,21,13415,,,,,,,,,,,,,,,,,,,,,,,,,,,,,,,,,,,,,,
173711,6-Jun-18,14:27:00,2018-06-06 14:27:00,G,1,5,3446,1588,0,8,-62.6564,-61.1689,27:05.5,FastGPS,-62.6564,-61.1689,,,16.4,0.6,,,,15,31,27092,,,,17,25281,,,,3,32094,,,,32,11899,,,,18,25887,,,,19,5900,,,,14,30988,,,,1,3638,,,,,,,,,,,,,,,,,,,,,,,,,,,,,,,,,,,,,,
173711,6-Jun-18,15:27:00,2018-06-06 15:27:00,G,1,5,3448,,0,9,-62.6603,-61.1692,27:05.1,FastGPS,-62.6603,-61.1692,,,10.2,0.1,,,,15,23,6116,,,,31,6263,,,,19,1427,,,,12,26854,,,,1,2844,,,,17,21585,,,,18,22090,,,,11,16478,,,,6,27945,,,,,,,,,,,,,,,,,,,,,,,,,,,,,,,,,
173711,6-Jun-18,16:29:13,2018-06-06 16:29:13,G,1,5,3449,1590,0,7,-62.6863,-61.1985,29:19.1,FastGPS,-62.6863,-61.1985,,,9.6,1.1,,,,15,23,7116,,,,17,32011,,,,6,4694,,,,22,10747,,,,19,1016,,,,25,15203,,,,1,26839,,,,,,,,,,,,,,,,,,,,,,,,,,,,,,,,,,,,,,,,,,,
173711,6-Jun-18,17:17:28,2018-06-06 17:17:28,G,1,5,3450,1591,0,8,-62.7021,-61.2068,17:34.6,FastGPS,-62.7021,-61.2068,,,11.3,1.6,,,,15,2,10804,,,,19,9458,,,,31,6386,,,,9,21497,,,,6,6061,,,,23,30502,,,,3,22662,,,,4,28999,,,,,,,,,,,,,,,,,,,,,,,,,,,,,,,,,,,,,,
173711,6-Jun-18,19:49:07,2018-06-06 19:49:07,G,1,5,3455,1591,0,5,-62.7271,-61.1756,49:12.1,FastGPS,-62.7271,-61.1756,,,5,0.1,,,,15,23,24800,,,,7,31969,,,,9,25308,,,,16,156,,,,30,20638,,,,,,,,,,,,,,,,,,,,,,,,,,,,,,,,,,,,,,,,,,,,,,,,,,,,,
173711,6-Jun-18,20:19:03,2018-06-06 20:19:03,G,2,5,3456,1591,0,6,-62.7217,-61.1831,19:09.6,FastGPS,-62.7217,-61.1831,,,13.6,1.6,,,,15,5,5807,,,,9,30365,,,,30,17216,,,,23,4458,,,,27,22530,,,,7,22568,,,,,,,,,,,,,,,,,,,,,,,,,,,,,,,,,,,,,,,,,,,,,,,,
173711,6-Jun-18,21:04:00,2018-06-06 21:04:00,G,1,5,3457,1592,0,5,-62.7051,-61.2463,04:05.1,FastGPS,-62.7051,-61.2463,,,4.1,0.1,,,,15,7,14068,,,,13,9028,,,,9,13325,,,,5,18671,,,,30,7136,,,,,,,,,,,,,,,,,,,,,,,,,,,,,,,,,,,,,,,,,,,,,,,,,,,,,
173711,6-Jun-18,21:34:01,2018-06-06 21:34:01,G,1,5,3458,1592,0,7,-62.702,-61.2906,34:07.1,FastGPS,-62.702,-61.2906,,,10.2,1.1,,,,15,5,3906,,,,13,15861,,,,27,10204,,,,21,6401,,,,30,19379,,,,7,3304,,,,8,13998,,,,,,,,,,,,,,,,,,,,,,,,,,,,,,,,,,,,,,,,,,,
173711,6-Jun-18,22:04:06,2018-06-06 22:04:06,G,2,5,3459,1592,0,5,-62.7043,-61.2882,04:12.1,FastGPS,-62.7043,-61.2882,,,4.5,1.1,,,,15,5,27870,,,,15,16583,,,,13,12862,,,,27,15046,,,,7,8870,,,,,,,,,,,,,,,,,,,,,,,,,,,,,,,,,,,,,,,,,,,,,,,,,,,,,
173711,6-Jun-18,22:34:27,2018-06-06 22:34:27,G,2,5,3460,1592,0,8,-62.7011,-61.2933,34:33.1,FastGPS,-62.7011,-61.2933,,,5.1,1.1,,,,15,7,12218,,,,15,30768,,,,27,31436,,,,8,338,,,,20,25495,,,,30,11850,,,,13,31232,,,,28,12606,,,,,,,,,,,,,,,,,,,,,,,,,,,,,,,,,,,,,,
173711,6-Jun-18,23:04:16,2018-06-06 23:04:16,G,2,5,3461,1592,0,7,-62.6955,-61.3128,04:22.1,FastGPS,-62.6955,-61.3128,,,8.1,1.1,,,,15,30,28192,,,,13,17937,,,,28,1762,,,,7,12514,,,,20,24478,,,,15,27259,,,,11,28305,,,,,,,,,,,,,,,,,,,,,,,,,,,,,,,,,,,,,,,,,,,
173711,7-Jun-18,0:14:46,2018-06-07 00:14:46,G,3,6,3462,1593,0,6,-62.6765,-61.3817,14:52.6,FastGPS,-62.6765,-61.3817,,,2,0.6,,,,15,17,27725,,,,19,2147,,,,15,18678,,,,13,8908,,,,24,20218,,,,20,25154,,,,,,,,,,,,,,,,,,,,,,,,,,,,,,,,,,,,,,,,,,,,,,,,
173711,7-Jun-18,2:16:45,2018-06-07 02:16:45,G,3,6,3463,1593,0,6,-62.6608,-61.5087,16:50.6,FastGPS,-62.6608,-61.5087,,,3.3,-0.4,,,,15,12,7342,,,,17,5826,,,,32,3428,,,,24,16189,,,,3,16735,,,,1,12974,,,,,,,,,,,,,,,,,,,,,,,,,,,,,,,,,,,,,,,,,,,,,,,,
173711,7-Jun-18,2:50:47,2018-06-07 02:50:47,G,2,6,3464,1593,0,5,-62.6415,-61.5085,50:52.1,FastGPS,-62.6415,-61.5085,,,2.4,-0.9,,,,15,17,26669,,,,19,11620,,,,6,3430,,,,12,16688,,,,2,26799,,,,,,,,,,,,,,,,,,,,,,,,,,,,,,,,,,,,,,,,,,,,,,,,,,,,,
173711,7-Jun-18,5:20:12,2018-06-07 05:20:12,G,1,6,3465,1593,0,6,-62.5499,-61.5135,20:18.6,FastGPS,-62.5499,-61.5135,,,7.3,0.6,,,,15,6,25705,,,,12,14792,,,,23,9112,,,,5,13654,,,,2,28115,,,,31,8278,,,,,,,,,,,,,,,,,,,,,,,,,,,,,,,,,,,,,,,,,,,,,,,,
173711,7-Jun-18,5:50:09,2018-06-07 05:50:09,G,4,6,3466,1593,0,8,-62.5419,-61.4582,50:15.6,FastGPS,-62.5419,-61.4582,,1,5.9,0.6,,,,15,31,23585,,,,4,6029,,,,29,21380,,,,23,7603,,,,5,4740,,,,26,27504,,,,12,752,,,,25,20300,,,,,,,,,,,,,,,,,,,,,,,,,,,,,,,,,,,,,,
173711,7-Jun-18,6:22:57,2018-06-07 06:22:57,G,3,6,3467,,0,9,-62.5444,-61.4239,23:03.6,FastGPS,-62.5444,-61.4239,,1,9.4,0.6,,,,15,5,14572,,,,23,24365,,,,29,31492,,,,12,26472,,,,9,30930,,,,2,2358,,,,26,4810,,,,4,25589,,,,25,12222,,,,,,,,,,,,,,,,,,,,,,,,,,,,,,,,,
173711,7-Jun-18,9:18:03,2018-06-07 09:18:03,G,1,6,3468,,0,9,-62.5758,-61.1633,18:09.6,FastGPS,-62.5758,-61.1633,,,14,0.6,,,,15,29,13573,,,,15,4930,,,,21,26228,,,,7,28536,,,,27,25161,,,,26,3646,,,,13,3630,,,,20,3606,,,,10,11898,,,,,,,,,,,,,,,,,,,,,,,,,,,,,,,,,
173711,7-Jun-18,9:48:20,2018-06-07 09:48:20,G,1,6,3469,1594,0,7,-62.5839,-61.1235,48:26.1,FastGPS,-62.5839,-61.1235,,,8.2,0.1,,,,15,15,26588,,,,7,16923,,,,27,29674,,,,13,8905,,,,30,26121,,,,21,24050,,,,20,12278,,,,,,,,,,,,,,,,,,,,,,,,,,,,,,,,,,,,,,,,,,,
173711,7-Jun-18,10:21:59,2018-06-07 10:21:59,G,1,6,3470,1594,0,8,-62.5986,-61.064,22:05.1,FastGPS,-62.5986,-61.064,,,6.1,0.1,,,,15,15,25429,,,,30,22910,,,,8,11564,,,,7,32451,,,,21,15654,,,,13,9814,,,,27,15803,,,,20,24859,,,,,,,,,,,,,,,,,,,,,,,,,,,,,,,,,,,,,,
173711,7-Jun-18,11:38:59,2018-06-07 11:38:59,G,1,6,3472,1595,0,4,-62.443,-60.9992,47:15.1,FastGPS,-62.6142,-60.9928,,,0.4,0.6,,,,15,15,11814,,,,20,10908,,,,32,24536,,,,27,5709,,,,,,,,,,,,,,,,,,,,,,,,,,,,,,,,,,,,,,,,,,,,,,,,,,,,,,,,,,
173711,7-Jun-18,12:30:38,2018-06-07 12:30:38,G,2,6,3473,,0,9,-62.6033,-60.9533,30:44.1,FastGPS,-62.6033,-60.9533,,,10.9,0.1,,,,15,10,8373,,,,8,19032,,,,32,4122,,,,14,11384,,,,27,29645,,,,18,21819,,,,1,25980,,,,22,19300,,,,20,31576,,,,,,,,,,,,,,,,,,,,,,,,,,,,,,,,,
173711,7-Jun-18,13:32:12,2018-06-07 13:32:12,G,1,6,3475,1596,0,7,-62.5944,-60.9528,32:18.6,FastGPS,-62.5944,-60.9528,,,9.3,0.6,,,,15,32,28346,,,,10,5902,,,,8,16838,,,,1,9098,,,,14,441,,,,11,23888,,,,24,24126,,,,,,,,,,,,,,,,,,,,,,,,,,,,,,,,,,,,,,,,,,,
173711,7-Jun-18,15:18:34,2018-06-07 15:18:34,G,3,6,3478,1597,0,6,-62.5743,-60.8499,18:40.1,FastGPS,-62.5743,-60.8499,,,9.5,0.1,,,,15,25,19138,,,,18,16757,,,,12,2329,,,,11,9260,,,,23,27152,,,,31,8038,,,,,,,,,,,,,,,,,,,,,,,,,,,,,,,,,,,,,,,,,,,,,,,,
173711,7-Jun-18,15:48:02,2018-06-07 15:48:02,G,1,6,3479,,0,9,-62.5669,-60.8397,48:08.1,FastGPS,-62.5669,-60.8397,,,9.6,0.1,,,,15,31,19509,,,,17,7300,,,,23,25438,,,,1,30322,,,,18,25720,,,,19,19010,,,,14,2535,,,,22,25006,,,,11,26754,,,,,,,,,,,,,,,,,,,,,,,,,,,,,,,,,
173711,7-Jun-18,16:19:09,2018-06-07 16:19:09,G,2,6,3480,1597,0,7,-62.5603,-60.8393,19:15.6,FastGPS,-62.5603,-60.8393,,,8.6,0.6,,,,15,12,1788,,,,25,6452,,,,31,29837,,,,14,13255,,,,22,22088,,,,3,7584,,,,1,12578,,,,,,,,,,,,,,,,,,,,,,,,,,,,,,,,,,,,,,,,,,,
173711,7-Jun-18,17:04:00,2018-06-07 17:04:00,G,1,6,3481,1598,0,8,-62.5619,-60.8438,04:06.1,FastGPS,-62.5619,-60.8438,,,14.6,0.1,,,,15,22,19704,,,,26,2865,,,,9,30466,,,,6,7410,,,,3,28644,,,,23,2558,,,,31,12908,,,,4,18187,,,,,,,,,,,,,,,,,,,,,,,,,,,,,,,,,,,,,,
173711,7-Jun-18,17:34:00,2018-06-07 17:34:00,G,2,6,3482,1598,0,6,-62.564,-60.8442,34:06.1,FastGPS,-62.564,-60.8442,,,5.4,0.1,,,,15,31,3986,,,,16,7946,,,,4,6242,,,,22,8598,,,,26,13684,,,,3,27030,,,,,,,,,,,,,,,,,,,,,,,,,,,,,,,,,,,,,,,,,,,,,,,,
173711,7-Jun-18,18:24:03,2018-06-07 18:24:03,G,2,6,3483,1599,0,8,-62.5644,-60.8429,24:09.1,FastGPS,-62.5644,-60.8429,,1,9.1,0.1,,,,15,29,26262,,,,4,3302,,,,2,6829,,,,26,19692,,,,23,10134,,,,16,726,,,,5,22934,,,,9,18654,,,,,,,,,,,,,,,,,,,,,,,,,,,,,,,,,,,,,,
173711,7-Jun-18,18:54:09,2018-06-07 18:54:09,G,3,6,3484,1599,0,5,-62.553,-60.845,54:15.6,FastGPS,-62.553,-60.845,,,3,0.6,,,,15,7,22538,,,,16,24872,,,,23,19029,,,,26,24137,,,,4,18814,,,,,,,,,,,,,,,,,,,,,,,,,,,,,,,,,,,,,,,,,,,,,,,,,,,,,
173711,7-Jun-18,19:54:01,2018-06-07 19:54:01,G,1,6,3485,1601,0,6,-62.5222,-60.8421,54:07.6,FastGPS,-62.5222,-60.8421,,,10.3,0.6,,,,15,23,11702,,,,30,15644,,,,16,9336,,,,7,7640,,,,9,30490,,,,27,23561,,,,,,,,,,,,,,,,,,,,,,,,,,,,,,,,,,,,,,,,,,,,,,,,
173711,7-Jun-18,20:24:20,2018-06-07 20:24:20,G,2,6,3486,1601,0,8,-62.5078,-60.8396,24:26.1,FastGPS,-62.5078,-60.8396,,,4.1,0.1,,,,15,27,23795,,,,9,8062,,,,16,32086,,,,7,32030,,,,5,24167,,,,30,18990,,,,8,14428,,,,23,2708,,,,,,,,,,,,,,,,,,,,,,,,,,,,,,,,,,,,,,
173711,7-Jun-18,22:47:09,2018-06-07 22:47:09,G,1,6,3487,1603,0,7,-62.443,-60.9992,47:15.1,FastGPS,-62.443,-60.9992,,,2.2,0.1,,,,15,5,2652,,,,28,15763,,,,13,11830,,,,21,2982,,,,20,25172,,,,30,882,,,,15,17190,,,,,,,,,,,,,,,,,,,,,,,,,,,,,,,,,,,,,,,,,,,
173711,7-Jun-18,23:30:08,2018-06-07 23:30:08,G,1,6,3488,1603,0,5,-62.4431,-61.0668,30:14.6,FastGPS,-62.4431,-61.0668,,,6.5,0.6,,,,15,15,25611,,,,17,438,,,,13,32446,,,,20,15722,,,,24,5740,,,,,,,,,,,,,,,,,,,,,,,,,,,,,,,,,,,,,,,,,,,,,,,,,,,,,
173711,8-Jun-18,0:18:09,2018-06-08 00:18:09,G,1,6,3489,,0,9,-62.4486,-61.0963,18:15.6,FastGPS,-62.4486,-61.0963,,,6.6,0.6,,,,15,17,5818,,,,28,30078,,,,10,22306,,,,1,19701,,,,11,28730,,,,18,15809,,,,13,30865,,,,19,16936,,,,30,6834,,,,,,,,,,,,,,,,,,,,,,,,,,,,,,,,,
173711,8-Jun-18,3:28:03,2018-06-08 03:28:03,G,1,6,3494,,0,9,-62.4729,-60.798,28:08.1,FastGPS,-62.4729,-60.798,,,11.5,-0.9,,,,15,29,2217,,,,6,31684,,,,19,21964,,,,2,9578,,,,12,32132,,,,17,21137,,,,32,14062,,,,24,13511,,,,25,28530,,,,,,,,,,,,,,,,,,,,,,,,,,,,,,,,,
173711,8-Jun-18,5:28:00,2018-06-08 05:28:00,G,3,6,3497,1606,1,4,-62.4486,-61.0963,18:15.6,FastGPS,,,,,,,,,,15,12,24213,,,,5,18630,,,,2,31221,,,,8,28575,,,,,,,,,,,,,,,,,,,,,,,,,,,,,,,,,,,,,,,,,,,,,,,,,,,,,,,,,,
173711,8-Jun-18,6:28:00,2018-06-08 06:28:00,G,5,6,3498,1608,1,4,-62.4486,-61.0963,18:15.6,FastGPS,-62.4887,-60.7917,,,7.7,-2.6,,,,15,5,28530,,,,25,7253,,,,31,19690,,,,29,23947,,,,,,,,,,,,,,,,,,,,,,,,,,,,,,,,,,,,,,,,,,,,,,,,,,,,,,,,,,
173711,8-Jun-18,6:58:00,2018-06-08 06:58:00,G,5,6,3499,1608,1,5,-62.4639,-60.8041,58:05.1,FastGPS,-62.4639,-60.8041,,,2.7,-0.9,,,,15,31,31000,,,,21,7967,,,,5,12044,,,,29,14911,,,,25,31973,,,,,,,,,,,,,,,,,,,,,,,,,,,,,,,,,,,,,,,,,,,,,,,,,,,,,
173711,8-Jun-18,7:28:00,2018-06-08 07:28:00,G,2,6,3500,1608,1,5,-62.4636,-60.8042,28:05.1,FastGPS,-62.4636,-60.8042,,,1,-0.9,,,,15,21,26260,,,,29,5272,,,,31,16998,,,,4,3491,,,,26,12768,,,,,,,,,,,,,,,,,,,,,,,,,,,,,,,,,,,,,,,,,,,,,,,,,,,,,
173711,8-Jun-18,8:28:00,2018-06-08 08:28:00,G,1,6,3501,1610,1,4,-62.4486,-61.0963,18:15.6,FastGPS,,,,,,,,,,15,29,11195,,,,4,10624,,,,26,7322,,,,20,3949,,,,,,,,,,,,,,,,,,,,,,,,,,,,,,,,,,,,,,,,,,,,,,,,,,,,,,,,,,
173711,8-Jun-18,8:58:00,2018-06-08 08:58:00,G,2,6,3502,1610,1,7,-62.4637,-60.8042,58:05.1,FastGPS,-62.4637,-60.8042,,,13.9,-0.9,,,,15,15,18739,,,,29,18138,,,,20,17853,,,,4,8682,,,,21,30980,,,,13,4468,,,,16,10903,,,,,,,,,,,,,,,,,,,,,,,,,,,,,,,,,,,,,,,,,,,
173711,9-Jun-18,18:27:05,2018-06-09 18:27:05,G,2,6,3503,1610,0,5,-62.4635,-60.8079,27:10.1,FastGPS,-62.4635,-60.8079,,,2.7,-0.9,,,,15,7,30806,,,,2,28981,,,,5,2356,,,,6,311,,,,9,22336,,,,,,,,,,,,,,,,,,,,,,,,,,,,,,,,,,,,,,,,,,,,,,,,,,,,,
173711,9-Jun-18,19:17:55,2018-06-09 19:17:55,G,1,6,3504,1611,0,7,-62.4697,-60.8009,18:00.7,FastGPS,-62.4697,-60.8009,,,8.1,-0.3,,,,15,5,27439,,,,30,19582,,,,7,1912,,,,2,994,,,,29,17905,,,,9,8891,,,,23,26752,,,,,,,,,,,,,,,,,,,,,,,,,,,,,,,,,,,,,,,,,,,
173711,9-Jun-18,20:49:44,2018-06-09 20:49:44,G,1,6,3507,1611,0,4,-62.522,-60.852,6/10/2018 19:43,P,-62.4941,-60.8372,,,0.9,0.7,,,,15,5,12685,,,,13,25434,,,,30,31766,,,,7,12516,,,,,,,,,,,,,,,,,,,,,,,,,,,,,,,,,,,,,,,,,,,,,,,,,,,,,,,,,,
173711,9-Jun-18,21:20:35,2018-06-09 21:20:35,G,2,6,3508,1611,0,6,-62.51,-60.8416,20:40.9,FastGPS,-62.51,-60.8416,,1,84.1,-0.1,,,,15,5,19313,,,,28,17111,,,,13,23450,,,,21,17356,,,,30,1108,,,,7,21688,,,,,,,,,,,,,,,,,,,,,,,,,,,,,,,,,,,,,,,,,,,,,,,,
173711,9-Jun-18,21:55:36,2018-06-09 21:55:36,G,4,6,3509,1611,0,6,-62.5183,-60.8726,55:41.7,FastGPS,-62.5183,-60.8726,,,13.7,-0.3,,,,15,7,21362,,,,28,25495,,,,15,20699,,,,5,7696,,,,13,12770,,,,30,28570,,,,,,,,,,,,,,,,,,,,,,,,,,,,,,,,,,,,,,,,,,,,,,,,
173711,10-Jun-18,2:22:28,2018-06-10 02:22:28,G,1,6,3510,1611,0,7,-62.4581,-60.9744,22:34.7,FastGPS,-62.4581,-60.9744,,,1.2,0.7,,,,15,17,17111,,,,32,24981,,,,12,16537,,,,22,15582,,,,14,15834,,,,19,486,,,,24,26410,,,,,,,,,,,,,,,,,,,,,,,,,,,,,,,,,,,,,,,,,,,
173711,10-Jun-18,3:08:03,2018-06-10 03:08:03,G,2,6,3511,1611,0,6,-62.4539,-60.9861,08:08.6,FastGPS,-62.4539,-60.9861,,,15.8,-0.4,,,,15,32,11748,,,,17,20782,,,,14,15510,,,,25,780,,,,3,4069,,,,22,29463,,,,,,,,,,,,,,,,,,,,,,,,,,,,,,,,,,,,,,,,,,,,,,,,
173711,10-Jun-18,11:01:58,2018-06-10 11:01:58,G,1,6,3516,1612,0,7,-62.4351,-60.9562,02:04.2,FastGPS,-62.4351,-60.9562,,,12.2,0.2,,,,15,20,1395,,,,10,11396,,,,15,16888,,,,21,26173,,,,27,4869,,,,32,17054,,,,13,5447,,,,,,,,,,,,,,,,,,,,,,,,,,,,,,,,,,,,,,,,,,,
173711,10-Jun-18,13:05:43,2018-06-10 13:05:43,G,2,6,3519,1614,0,8,-62.4703,-60.8448,05:49.7,FastGPS,-62.4703,-60.8448,,,13.2,0.7,,,,15,32,13338,,,,28,9030,,,,1,22796,,,,22,30546,,,,10,14696,,,,11,2702,,,,18,25606,,,,24,28436,,,,,,,,,,,,,,,,,,,,,,,,,,,,,,,,,,,,,,
173711,10-Jun-18,13:36:02,2018-06-10 13:36:02,G,1,6,3520,1614,0,8,-62.4844,-60.8195,36:08.2,FastGPS,-62.4844,-60.8195,,,10.6,0.2,,,,15,1,10324,,,,18,11415,,,,22,25302,,,,11,23608,,,,3,31240,,,,17,29454,,,,24,24480,,,,32,19440,,,,,,,,,,,,,,,,,,,,,,,,,,,,,,,,,,,,,,
173711,10-Jun-18,14:06:00,2018-06-10 14:06:00,G,1,6,3521,1614,0,7,-62.4983,-60.8312,06:06.1,FastGPS,-62.4983,-60.8312,,,3.6,0.1,,,,15,17,26346,,,,1,14668,,,,3,25762,,,,32,4066,,,,11,30056,,,,22,11194,,,,18,15085,,,,,,,,,,,,,,,,,,,,,,,,,,,,,,,,,,,,,,,,,,,
173711,10-Jun-18,16:52:02,2018-06-10 16:52:02,G,2,6,3524,1619,0,5,-62.5191,-60.8497,52:08.2,FastGPS,-62.5191,-60.8497,,,9.6,0.2,,,,15,31,15160,,,,26,7465,,,,4,22261,,,,22,23515,,,,3,32146,,,,,,,,,,,,,,,,,,,,,,,,,,,,,,,,,,,,,,,,,,,,,,,,,,,,,
173711,10-Jun-18,18:12:21,2018-06-10 18:12:21,G,2,6,3525,1622,0,8,-62.5212,-60.8438,12:27.2,FastGPS,-62.5212,-60.8438,,1,9.6,0.2,,,,15,29,29190,,,,2,9413,,,,4,5400,,,,6,9795,,,,16,5181,,,,9,22558,,,,5,27802,,,,26,22342,,,,,,,,,,,,,,,,,,,,,,,,,,,,,,,,,,,,,,
173711,10-Jun-18,18:46:16,2018-06-10 18:46:16,G,1,6,3526,1622,0,8,-62.5215,-60.8391,46:22.7,FastGPS,-62.5215,-60.8391,,,9.1,0.7,,,,15,7,15048,,,,23,12221,,,,2,15148,,,,5,24734,,,,29,3403,,,,30,28160,,,,9,8916,,,,16,3625,,,,,,,,,,,,,,,,,,,,,,,,,,,,,,,,,,,,,,
173711,10-Jun-18,19:20:11,2018-06-10 19:20:11,G,1,6,3527,1622,0,7,-62.5219,-60.8432,20:17.2,FastGPS,-62.5219,-60.8432,,,8.5,0.2,,,,15,5,18543,,,,2,14209,,,,16,29192,,,,29,5228,,,,30,15462,,,,7,19736,,,,23,1122,,,,,,,,,,,,,,,,,,,,,,,,,,,,,,,,,,,,,,,,,,,
173711,10-Jun-18,19:50:02,2018-06-10 19:50:02,G,3,6,3528,1622,0,6,-62.5211,-60.8466,50:08.7,FastGPS,-62.5211,-60.8466,,,4.8,0.7,,,,15,30,1322,,,,9,29583,,,,23,29259,,,,5,4575,,,,7,7027,,,,16,13066,,,,,,,,,,,,,,,,,,,,,,,,,,,,,,,,,,,,,,,,,,,,,,,,
173711,10-Jun-18,20:21:56,2018-06-10 20:21:56,G,1,6,3529,1622,0,5,-62.521,-60.8477,22:02.2,FastGPS,-62.521,-60.8477,,,1.3,0.2,,,,15,5,25016,,,,9,28800,,,,30,2329,,,,7,20541,,,,13,5734,,,,,,,,,,,,,,,,,,,,,,,,,,,,,,,,,,,,,,,,,,,,,,,,,,,,,
173711,10-Jun-18,20:52:01,2018-06-10 20:52:01,G,2,6,3530,1622,0,7,-62.5206,-60.8474,52:07.2,FastGPS,-62.5206,-60.8474,,,12.2,0.2,,,,15,8,28258,,,,9,7377,,,,7,18183,,,,5,25420,,,,28,26162,,,,30,23690,,,,13,2522,,,,,,,,,,,,,,,,,,,,,,,,,,,,,,,,,,,,,,,,,,,
173711,10-Jun-18,21:39:01,2018-06-10 21:39:01,G,1,6,3531,1623,0,5,-62.5153,-60.8504,39:07.7,FastGPS,-62.5153,-60.8504,,,3.5,0.7,,,,15,7,8817,,,,30,17466,,,,5,21860,,,,8,27989,,,,28,15409,,,,,,,,,,,,,,,,,,,,,,,,,,,,,,,,,,,,,,,,,,,,,,,,,,,,,
173711,10-Jun-18,22:10:12,2018-06-10 22:10:12,G,2,6,3532,1623,0,8,-62.5204,-60.8653,10:18.7,FastGPS,-62.5204,-60.8653,,,7.9,0.7,,,,15,7,8969,,,,20,14066,,,,15,25232,,,,8,31685,,,,30,25686,,,,21,15872,,,,27,15364,,,,13,13457,,,,,,,,,,,,,,,,,,,,,,,,,,,,,,,,,,,,,,
173711,10-Jun-18,22:57:06,2018-06-10 22:57:06,G,1,6,3533,,0,9,-62.5139,-60.8689,57:12.2,FastGPS,-62.5139,-60.8689,,,24.8,0.2,,,,15,15,7386,,,,8,27220,,,,7,31388,,,,11,11670,,,,30,26533,,,,17,13817,,,,18,26780,,,,20,19202,,,,28,2652,,,,,,,,,,,,,,,,,,,,,,,,,,,,,,,,,
173711,11-Jun-18,0:52:41,2018-06-11 00:52:41,G,1,6,3535,1624,0,7,-62.4687,-60.8501,52:47.2,FastGPS,-62.4687,-60.8501,,,6.7,0.2,,,,15,17,31194,,,,28,12964,,,,10,690,,,,11,22596,,,,18,21412,,,,19,28110,,,,1,21602,,,,,,,,,,,,,,,,,,,,,,,,,,,,,,,,,,,,,,,,,,,
173711,11-Jun-18,1:23:11,2018-06-11 01:23:11,G,1,6,3536,1624,0,7,-62.4631,-60.8084,23:17.2,FastGPS,-62.4631,-60.8084,,,13.8,0.2,,,,15,17,20850,,,,12,6192,,,,19,9404,,,,24,381,,,,1,15206,,,,28,6132,,,,32,17776,,,,,,,,,,,,,,,,,,,,,,,,,,,,,,,,,,,,,,,,,,,
173711,11-Jun-18,10:48:02,2018-06-11 10:48:02,G,1,6,3546,1626,0,7,-62.5006,-60.8289,48:08.2,FastGPS,-62.5006,-60.8289,,,20.1,0.2,,,,15,15,5971,,,,8,17038,,,,21,10706,,,,11,21106,,,,13,9858,,,,20,28168,,,,28,22467,,,,,,,,,,,,,,,,,,,,,,,,,,,,,,,,,,,,,,,,,,,
173711,11-Jun-18,11:18:00,2018-06-11 11:18:00,G,1,6,3547,1626,0,8,-62.5048,-60.8341,18:06.2,FastGPS,-62.5048,-60.8341,,,9.7,0.2,,,,15,8,18199,,,,18,32012,,,,27,21654,,,,11,291,,,,32,7846,,,,28,26456,,,,10,11016,,,,15,28302,,,,,,,,,,,,,,,,,,,,,,,,,,,,,,,,,,,,,,
173711,11-Jun-18,12:03:00,2018-06-11 12:03:00,G,1,6,3548,,0,9,-62.511,-60.8332,03:06.1,FastGPS,-62.511,-60.8332,,,8.9,0.2,,,,15,8,11811,,,,1,15273,,,,22,30945,,,,11,2047,,,,28,25182,,,,14,27226,,,,27,17084,,,,18,29971,,,,32,7746,,,,,,,,,,,,,,,,,,,,,,,,,,,,,,,,,
173711,11-Jun-18,12:33:55,2018-06-11 12:33:55,G,1,6,3549,1627,0,7,-62.5133,-60.833,34:01.7,FastGPS,-62.5133,-60.833,,,2.8,0.7,,,,15,32,5065,,,,8,19281,,,,22,31766,,,,14,25596,,,,18,15975,,,,10,4733,,,,27,27022,,,,,,,,,,,,,,,,,,,,,,,,,,,,,,,,,,,,,,,,,,,
173711,11-Jun-18,13:24:29,2018-06-11 13:24:29,G,2,6,3550,1628,0,7,-62.5172,-60.8468,24:34.2,FastGPS,-62.5172,-60.8468,,,16.4,-0.8,,,,15,22,17781,,,,11,10462,,,,1,13844,,,,17,19236,,,,32,10810,,,,3,15861,,,,28,822,,,,,,,,,,,,,,,,,,,,,,,,,,,,,,,,,,,,,,,,,,,
173711,11-Jun-18,13:55:04,2018-06-11 13:55:04,G,3,6,3551,,0,9,-62.5217,-60.8433,55:10.2,FastGPS,-62.5217,-60.8433,,,7,0.2,,,,15,11,19968,,,,22,8350,,,,3,12298,,,,32,32260,,,,17,22662,,,,10,22538,,,,18,5690,,,,1,23428,,,,19,16936,,,,,,,,,,,,,,,,,,,,,,,,,,,,,,,,,
173711,11-Jun-18,14:28:57,2018-06-11 14:28:57,G,1,6,3552,1628,0,7,-62.5213,-60.8516,29:03.2,FastGPS,-62.5213,-60.8516,,,20.4,0.2,,,,15,17,27876,,,,3,9910,,,,1,262,,,,12,16228,,,,32,16113,,,,11,30649,,,,22,11672,,,,,,,,,,,,,,,,,,,,,,,,,,,,,,,,,,,,,,,,,,,
173711,11-Jun-18,15:14:28,2018-06-11 15:14:28,G,3,6,3553,1629,0,8,-62.5167,-60.8504,14:34.2,FastGPS,-62.5167,-60.8504,,,9.9,0.2,,,,15,23,9423,,,,12,25132,,,,17,7962,,,,6,31445,,,,14,23272,,,,19,7658,,,,1,15802,,,,32,7737,,,,,,,,,,,,,,,,,,,,,,,,,,,,,,,,,,,,,,
173711,11-Jun-18,15:48:27,2018-06-11 15:48:27,G,2,6,3554,,0,9,-62.5121,-60.8455,48:33.2,FastGPS,-62.5121,-60.8455,,,15.3,0.2,,,,15,31,1190,,,,23,29967,,,,22,29377,,,,3,13594,,,,14,6820,,,,11,32010,,,,1,6926,,,,9,1490,,,,18,25127,,,,,,,,,,,,,,,,,,,,,,,,,,,,,,,,,
173711,11-Jun-18,19:34:54,2018-06-11 19:34:54,G,1,6,3559,1633,0,6,-62.5223,-60.8451,35:00.7,FastGPS,-62.5223,-60.8451,,,5.6,0.7,,,,15,5,19305,,,,7,1769,,,,9,2109,,,,29,26790,,,,23,24826,,,,30,2733,,,,,,,,,,,,,,,,,,,,,,,,,,,,,,,,,,,,,,,,,,,,,,,,
173711,11-Jun-18,20:20:00,2018-06-11 20:20:00,G,1,6,3560,1634,0,4,-62.5947,-60.9479,55:33.7,FastGPS,-62.5212,-60.8465,,,0.6,-0.7,,,,15,5,9819,,,,30,23317,,,,7,2674,,,,9,3878,,,,,,,,,,,,,,,,,,,,,,,,,,,,,,,,,,,,,,,,,,,,,,,,,,,,,,,,,,
173711,11-Jun-18,21:05:34,2018-06-11 21:05:34,G,2,6,3561,1635,0,5,-62.5102,-60.8736,05:39.7,FastGPS,-62.5102,-60.8736,,,5,-0.3,,,,15,5,29231,,,,9,19822,,,,28,12958,,,,7,4347,,,,30,29616,,,,,,,,,,,,,,,,,,,,,,,,,,,,,,,,,,,,,,,,,,,,,,,,,,,,,
173711,12-Jun-18,0:57:47,2018-06-12 00:57:47,G,1,6,3565,1638,0,8,-62.4754,-61.0426,57:53.2,FastGPS,-62.4754,-61.0426,,,8.8,0.2,,,,15,15,25770,,,,17,30839,,,,28,25271,,,,24,16148,,,,12,2817,,,,19,10650,,,,1,11772,,,,18,27598,,,,,,,,,,,,,,,,,,,,,,,,,,,,,,,,,,,,,,
173711,12-Jun-18,2:36:01,2018-06-12 02:36:01,G,1,6,3567,1639,0,6,-62.5119,-61.0964,36:06.2,FastGPS,-62.5119,-61.0964,,,8.8,-0.8,,,,15,32,32216,,,,12,19343,,,,25,14490,,,,24,9940,,,,14,9796,,,,19,29490,,,,,,,,,,,,,,,,,,,,,,,,,,,,,,,,,,,,,,,,,,,,,,,,
173711,12-Jun-18,3:21:16,2018-06-12 03:21:16,G,2,6,3568,1640,0,6,-62.5497,-61.1551,21:21.7,FastGPS,-62.5497,-61.1551,,,10.2,-0.3,,,,15,31,21267,,,,25,17364,,,,32,18822,,,,12,20862,,,,3,18812,,,,29,5990,,,,,,,,,,,,,,,,,,,,,,,,,,,,,,,,,,,,,,,,,,,,,,,,
173711,12-Jun-18,5:24:29,2018-06-12 05:24:29,G,1,6,3572,1640,0,5,-62.5846,-61.0975,24:34.7,FastGPS,-62.5846,-61.0975,,,6.4,-0.3,,,,15,31,12733,,,,4,6106,,,,29,32534,,,,2,12295,,,,26,25019,,,,,,,,,,,,,,,,,,,,,,,,,,,,,,,,,,,,,,,,,,,,,,,,,,,,,
173711,12-Jun-18,6:57:15,2018-06-12 06:57:15,G,1,6,3575,1640,0,6,-62.612,-61.0102,57:20.2,FastGPS,-62.612,-61.0102,,,5.1,-0.8,,,,15,5,22346,,,,21,23768,,,,29,30533,,,,31,9110,,,,25,614,,,,4,29417,,,,,,,,,,,,,,,,,,,,,,,,,,,,,,,,,,,,,,,,,,,,,,,,
173711,12-Jun-18,9:01:00,2018-06-12 09:01:00,G,1,6,3577,1644,0,6,-62.6108,-60.9785,01:05.2,FastGPS,-62.6108,-60.9785,,,4.1,-0.8,,,,15,15,2490,,,,7,15140,,,,13,29446,,,,27,22846,,,,29,19288,,,,16,15576,,,,,,,,,,,,,,,,,,,,,,,,,,,,,,,,,,,,,,,,,,,,,,,,
173711,12-Jun-18,10:24:59,2018-06-12 10:24:59,G,1,6,3579,1645,0,6,-62.61,-60.9688,25:04.7,FastGPS,-62.61,-60.9688,,,7.9,-0.3,,,,15,10,32471,,,,8,31934,,,,27,29701,,,,13,31100,,,,16,5960,,,,15,26216,,,,,,,,,,,,,,,,,,,,,,,,,,,,,,,,,,,,,,,,,,,,,,,,
173711,12-Jun-18,12:16:31,2018-06-12 12:16:31,G,2,6,3582,1646,0,7,-62.6038,-60.9522,16:36.2,FastGPS,-62.6038,-60.9522,,,5.8,-0.8,,,,15,32,1909,,,,10,5048,,,,24,19674,,,,8,17057,,,,22,28102,,,,14,23934,,,,20,13538,,,,,,,,,,,,,,,,,,,,,,,,,,,,,,,,,,,,,,,,,,,
173711,12-Jun-18,13:55:28,2018-06-12 13:55:28,G,1,6,3585,1646,0,4,-62.5207,-60.8701,56:28.7,FastGPS,-62.5947,-60.9479,,,0.7,-0.3,,,,15,31,19970,,,,12,25856,,,,32,18585,,,,10,31345,,,,,,,,,,,,,,,,,,,,,,,,,,,,,,,,,,,,,,,,,,,,,,,,,,,,,,,,,,
173711,12-Jun-18,16:08:01,2018-06-12 16:08:01,G,1,6,3589,,0,9,-62.5869,-60.9095,08:07.2,FastGPS,-62.5869,-60.9095,,1,9.8,0.2,,,,15,31,23738,,,,25,6369,,,,6,6921,,,,19,19473,,,,4,5309,,,,12,12238,,,,17,9701,,,,23,8102,,,,14,5126,,,,,,,,,,,,,,,,,,,,,,,,,,,,,,,,,
173711,12-Jun-18,16:38:21,2018-06-12 16:38:21,G,1,6,3590,1646,0,7,-62.5865,-60.8868,38:27.2,FastGPS,-62.5865,-60.8868,,1,8,0.2,,,,15,31,5397,,,,23,7684,,,,3,20664,,,,22,21704,,,,26,29135,,,,4,14949,,,,6,12628,,,,,,,,,,,,,,,,,,,,,,,,,,,,,,,,,,,,,,,,,,,
173711,12-Jun-18,17:08:37,2018-06-12 17:08:37,G,1,6,3591,1646,0,8,-62.5753,-60.8505,08:43.7,FastGPS,-62.5753,-60.8505,,,10.5,0.7,,,,15,31,21438,,,,4,30781,,,,26,1694,,,,6,10179,,,,22,116,,,,9,11305,,,,16,19927,,,,23,2858,,,,,,,,,,,,,,,,,,,,,,,,,,,,,,,,,,,,,,
173711,12-Jun-18,21:56:22,2018-06-12 21:56:22,G,2,6,3599,1648,0,4,-62.448,-60.989,6/13/2018 3:05,N,-62.5207,-60.8701,,,0.8,0.7,,,,15,5,17390,,,,7,26129,,,,28,28976,,,,30,31094,,,,,,,,,,,,,,,,,,,,,,,,,,,,,,,,,,,,,,,,,,,,,,,,,,,,,,,,,,
173711,12-Jun-18,22:27:03,2018-06-12 22:27:03,G,1,6,3600,1648,0,5,-62.5015,-60.8907,27:09.7,FastGPS,-62.5015,-60.8907,,,9.1,0.7,,,,15,7,27290,,,,5,25004,,,,30,25312,,,,28,7832,,,,8,2276,,,,,,,,,,,,,,,,,,,,,,,,,,,,,,,,,,,,,,,,,,,,,,,,,,,,,
173711,13-Jun-18,0:12:44,2018-06-13 00:12:44,G,2,6,3603,1649,0,6,-62.4543,-60.9905,12:49.2,FastGPS,-62.4543,-60.9905,,,14.1,-0.8,,,,15,17,14171,,,,19,2513,,,,13,30528,,,,20,14382,,,,10,16194,,,,1,8224,,,,,,,,,,,,,,,,,,,,,,,,,,,,,,,,,,,,,,,,,,,,,,,,
173711,13-Jun-18,0:44:11,2018-06-13 00:44:11,G,1,6,3604,1649,0,4,-62.448,-60.989,6/13/2018 3:05,N,-62.4505,-61.0084,,,0.4,0.7,,,,15,12,1758,,,,17,26963,,,,15,29044,,,,19,23306,,,,,,,,,,,,,,,,,,,,,,,,,,,,,,,,,,,,,,,,,,,,,,,,,,,,,,,,,,
173711,13-Jun-18,1:14:23,2018-06-13 01:14:23,G,2,6,3605,1649,0,5,-62.4523,-61.0093,14:28.2,FastGPS,-62.4523,-61.0093,,,3.9,-0.8,,,,15,32,12897,,,,17,17089,,,,10,4304,,,,12,2306,,,,1,12120,,,,,,,,,,,,,,,,,,,,,,,,,,,,,,,,,,,,,,,,,,,,,,,,,,,,,
173711,13-Jun-18,1:44:29,2018-06-13 01:44:29,G,1,6,3606,1649,0,6,-62.4361,-61.0103,44:34.6,FastGPS,-62.4361,-61.0103,,,8.1,-0.3,,,,15,12,9324,,,,1,22795,,,,24,11354,,,,17,13992,,,,22,1786,,,,32,6909,,,,,,,,,,,,,,,,,,,,,,,,,,,,,,,,,,,,,,,,,,,,,,,,
173711,13-Jun-18,2:45:19,2018-06-13 02:45:19,G,1,6,3608,1649,0,5,-62.4636,-61.0037,45:25.7,FastGPS,-62.4636,-61.0037,,,2.7,0.7,,,,15,32,23922,,,,17,2873,,,,12,389,,,,14,2094,,,,25,30470,,,,,,,,,,,,,,,,,,,,,,,,,,,,,,,,,,,,,,,,,,,,,,,,,,,,,
173711,13-Jun-18,5:01:45,2018-06-13 05:01:45,G,1,6,3611,1652,0,8,-62.4858,-61.0251,01:50.2,FastGPS,-62.4858,-61.0251,,,9.1,-0.8,,,,15,31,26864,,,,29,10611,,,,2,4440,,,,26,24934,,,,5,22972,,,,4,15756,,,,6,16728,,,,12,6984,,,,,,,,,,,,,,,,,,,,,,,,,,,,,,,,,,,,,,
173711,13-Jun-18,6:02:30,2018-06-13 06:02:30,G,1,6,3613,1652,0,5,-62.4861,-61.0144,02:36.7,FastGPS,-62.4861,-61.0144,,,7,0.7,,,,15,5,27425,,,,12,8006,,,,2,23085,,,,29,1299,,,,21,20972,,,,,,,,,,,,,,,,,,,,,,,,,,,,,,,,,,,,,,,,,,,,,,,,,,,,,
173711,13-Jun-18,6:32:16,2018-06-13 06:32:16,G,1,6,3614,1652,0,7,-62.4822,-61.0189,32:21.2,FastGPS,-62.4822,-61.0189,,1,6.2,-0.8,,,,15,26,28050,,,,4,19279,,,,31,4511,,,,29,6582,,,,21,248,,,,16,18552,,,,5,26145,,,,,,,,,,,,,,,,,,,,,,,,,,,,,,,,,,,,,,,,,,,
173711,13-Jun-18,7:02:04,2018-06-13 07:02:04,G,1,6,3615,1652,0,6,-62.4796,-61.0213,02:10.7,FastGPS,-62.4796,-61.0213,,,6.4,0.7,,,,15,21,3058,,,,26,8324,,,,31,8948,,,,29,16958,,,,16,486,,,,4,3866,,,,,,,,,,,,,,,,,,,,,,,,,,,,,,,,,,,,,,,,,,,,,,,,
173711,13-Jun-18,9:24:34,2018-06-13 09:24:34,G,2,6,3618,1655,0,5,-62.4704,-61.02,24:39.7,FastGPS,-62.4704,-61.02,,,5.7,-0.3,,,,15,21,3982,,,,10,22906,,,,15,9095,,,,20,23404,,,,4,2342,,,,,,,,,,,,,,,,,,,,,,,,,,,,,,,,,,,,,,,,,,,,,,,,,,,,,
173711,13-Jun-18,12:37:00,2018-06-13 12:37:00,G,1,6,3621,1656,0,7,-62.4985,-60.8504,37:05.2,FastGPS,-62.4985,-60.8504,,,6.4,-0.8,,,,15,1,22311,,,,10,26462,,,,11,2775,,,,24,25270,,,,28,1088,,,,18,26856,,,,20,14248,,,,,,,,,,,,,,,,,,,,,,,,,,,,,,,,,,,,,,,,,,,
173711,13-Jun-18,13:41:27,2018-06-13 13:41:27,G,1,6,3623,1656,0,7,-62.4998,-60.8324,41:33.1,FastGPS,-62.4998,-60.8324,,,8.1,0.1,,,,15,17,30520,,,,3,13070,,,,11,16597,,,,22,16932,,,,1,8602,,,,32,240,,,,10,3140,,,,,,,,,,,,,,,,,,,,,,,,,,,,,,,,,,,,,,,,,,,
173711,13-Jun-18,14:11:46,2018-06-13 14:11:46,G,1,6,3624,1656,0,6,-62.5,-60.8267,11:52.2,FastGPS,-62.5,-60.8267,,,5.7,0.2,,,,15,31,16456,,,,32,5453,,,,23,12786,,,,14,24586,,,,11,12811,,,,17,11905,,,,,,,,,,,,,,,,,,,,,,,,,,,,,,,,,,,,,,,,,,,,,,,,
173711,13-Jun-18,17:44:29,2018-06-13 17:44:29,G,1,6,3630,1657,0,7,-62.4847,-60.821,44:35.2,FastGPS,-62.4847,-60.821,,,14.1,0.2,,,,15,2,4000,,,,7,11428,,,,9,3574,,,,29,10832,,,,6,19330,,,,4,18200,,,,23,18362,,,,,,,,,,,,,,,,,,,,,,,,,,,,,,,,,,,,,,,,,,,
173711,13-Jun-18,18:15:08,2018-06-13 18:15:08,G,2,6,3631,,0,9,-62.4846,-60.8212,15:14.2,FastGPS,-62.4846,-60.8212,,1,11,0.2,,,,15,7,20275,,,,23,29989,,,,2,27813,,,,5,24480,,,,29,28970,,,,9,26996,,,,6,20041,,,,4,9406,,,,3,30054,,,,,,,,,,,,,,,,,,,,,,,,,,,,,,,,,
173711,13-Jun-18,18:46:21,2018-06-13 18:46:21,G,1,6,3632,1657,0,7,-62.4847,-60.8214,46:27.7,FastGPS,-62.4847,-60.8214,,,8,0.7,,,,15,23,9682,,,,5,19466,,,,7,4859,,,,9,11055,,,,2,30019,,,,16,19834,,,,30,31450,,,,,,,,,,,,,,,,,,,,,,,,,,,,,,,,,,,,,,,,,,,
173711,13-Jun-18,19:36:29,2018-06-13 19:36:29,G,1,6,3633,1658,0,5,-62.4866,-60.826,36:34.2,FastGPS,-62.4866,-60.826,,,2.8,-0.8,,,,15,5,32562,,,,30,27732,,,,7,4404,,,,2,32634,,,,9,31362,,,,,,,,,,,,,,,,,,,,,,,,,,,,,,,,,,,,,,,,,,,,,,,,,,,,,
173711,14-Jun-18,0:54:29,2018-06-14 00:54:29,G,2,6,3640,1664,0,7,-62.5334,-61.0145,54:35.2,FastGPS,-62.5334,-61.0145,,,13,0.2,,,,15,12,3170,,,,15,21553,,,,10,10039,,,,17,13784,,,,24,4868,,,,1,23393,,,,28,14991,,,,,,,,,,,,,,,,,,,,,,,,,,,,,,,,,,,,,,,,,,,
173711,14-Jun-18,2:07:17,2018-06-14 02:07:17,G,2,6,3642,1664,0,4,-62.5,-60.8267,11:52.2,FastGPS,-62.5156,-61.0205,,,1.8,0.1,,,,15,12,21678,,,,17,13784,,,,6,25323,,,,25,2438,,,,,,,,,,,,,,,,,,,,,,,,,,,,,,,,,,,,,,,,,,,,,,,,,,,,,,,,,,
173711,14-Jun-18,2:46:11,2018-06-14 02:46:11,G,1,6,3643,1664,0,7,-62.5192,-61.0263,46:17.1,FastGPS,-62.5192,-61.0263,,,12.5,0.1,,,,15,19,32172,,,,17,26424,,,,12,17722,,,,14,23902,,,,6,795,,,,22,18998,,,,2,19460,,,,,,,,,,,,,,,,,,,,,,,,,,,,,,,,,,,,,,,,,,,
173711,14-Jun-18,8:07:55,2018-06-14 08:07:55,G,1,6,3651,1667,0,6,-62.5222,-61.0137,08:01.7,FastGPS,-62.5222,-61.0137,,,8.8,0.7,,,,15,27,21660,,,,16,5215,,,,5,4266,,,,7,16216,,,,26,29875,,,,15,21172,,,,,,,,,,,,,,,,,,,,,,,,,,,,,,,,,,,,,,,,,,,,,,,,
173711,14-Jun-18,10:04:32,2018-06-14 10:04:32,G,2,6,3654,1668,0,5,-62.5313,-60.8609,04:38.7,FastGPS,-62.5313,-60.8609,,,10.5,0.7,,,,15,15,14860,,,,20,17561,,,,13,9144,,,,21,28040,,,,10,18106,,,,,,,,,,,,,,,,,,,,,,,,,,,,,,,,,,,,,,,,,,,,,,,,,,,,,
173711,14-Jun-18,10:34:01,2018-06-14 10:34:01,G,1,6,3655,1668,0,8,-62.5278,-60.8531,34:07.2,FastGPS,-62.5278,-60.8531,,,8.1,0.2,,,,15,16,10924,,,,10,14835,,,,27,3066,,,,18,28363,,,,32,8016,,,,11,28244,,,,8,27571,,,,20,20214,,,,,,,,,,,,,,,,,,,,,,,,,,,,,,,,,,,,,,
173711,14-Jun-18,11:07:30,2018-06-14 11:07:30,G,1,6,3656,,0,9,-62.5251,-60.8498,07:36.2,FastGPS,-62.5251,-60.8498,,,9.4,0.2,,,,15,20,29287,,,,18,16699,,,,8,30109,,,,11,18142,,,,24,5272,,,,10,21041,,,,21,20777,,,,15,1878,,,,27,27595,,,,,,,,,,,,,,,,,,,,,,,,,,,,,,,,,
173711,14-Jun-18,12:10:18,2018-06-14 12:10:18,G,2,6,3658,1668,0,6,-62.5124,-60.8446,10:24.2,FastGPS,-62.5124,-60.8446,,,6.5,0.2,,,,15,10,26822,,,,32,2022,,,,8,6478,,,,20,10952,,,,14,29206,,,,27,2382,,,,,,,,,,,,,,,,,,,,,,,,,,,,,,,,,,,,,,,,,,,,,,,,
173711,14-Jun-18,17:39:11,2018-06-14 17:39:11,G,1,6,3665,1674,0,7,-62.515,-60.8465,39:17.2,FastGPS,-62.515,-60.8465,,,7.2,0.2,,,,15,3,11079,,,,7,28726,,,,16,16988,,,,4,9814,,,,26,13139,,,,6,13088,,,,23,11915,,,,,,,,,,,,,,,,,,,,,,,,,,,,,,,,,,,,,,,,,,,
173711,14-Jun-18,19:50:07,2018-06-14 19:50:07,G,1,6,3667,1678,0,6,-62.514,-60.8401,50:13.7,FastGPS,-62.514,-60.8401,,,1.3,0.7,,,,15,9,12254,,,,5,3298,,,,7,18604,,,,30,21926,,,,13,31130,,,,27,28079,,,,,,,,,,,,,,,,,,,,,,,,,,,,,,,,,,,,,,,,,,,,,,,,
173711,14-Jun-18,20:39:24,2018-06-14 20:39:24,G,1,6,3668,1679,0,5,-62.519,-60.8462,39:30.2,FastGPS,-62.519,-60.8462,,,4.8,0.2,,,,15,5,28929,,,,30,1473,,,,13,24314,,,,28,20088,,,,7,17634,,,,,,,,,,,,,,,,,,,,,,,,,,,,,,,,,,,,,,,,,,,,,,,,,,,,,
173711,14-Jun-18,21:41:37,2018-06-14 21:41:37,G,1,6,3669,1681,0,6,-62.5234,-60.9159,41:43.7,FastGPS,-62.5234,-60.9159,,,16,0.7,,,,15,28,16280,,,,30,19390,,,,5,18568,,,,15,13115,,,,7,28836,,,,13,27506,,,,,,,,,,,,,,,,,,,,,,,,,,,,,,,,,,,,,,,,,,,,,,,,
173711,15-Jun-18,0:12:15,2018-06-15 00:12:15,G,1,6,3674,1681,0,8,-62.5066,-61.0577,12:21.2,FastGPS,-62.5066,-61.0577,,,7.6,0.2,,,,15,17,16936,,,,19,12663,,,,15,27374,,,,18,17344,,,,24,8537,,,,28,18434,,,,11,6644,,,,13,13182,,,,,,,,,,,,,,,,,,,,,,,,,,,,,,,,,,,,,,
173711,15-Jun-18,1:14:00,2018-06-15 01:14:00,G,2,6,3676,1681,0,6,-62.5117,-61.0568,14:06.7,FastGPS,-62.5117,-61.0568,,,8.1,0.7,,,,15,12,4635,,,,17,17298,,,,19,21640,,,,24,9672,,,,15,6495,,,,10,19904,,,,,,,,,,,,,,,,,,,,,,,,,,,,,,,,,,,,,,,,,,,,,,,,
173711,15-Jun-18,1:44:03,2018-06-15 01:44:03,G,2,6,3677,1681,0,6,-62.5094,-61.061,44:08.2,FastGPS,-62.5094,-61.061,,,7.6,-0.8,,,,15,6,27055,,,,32,7350,,,,12,15016,,,,17,11334,,,,1,18167,,,,22,232,,,,,,,,,,,,,,,,,,,,,,,,,,,,,,,,,,,,,,,,,,,,,,,,
173711,15-Jun-18,2:14:40,2018-06-15 02:14:40,G,1,6,3678,1681,0,6,-62.5161,-61.0552,14:46.2,FastGPS,-62.5161,-61.0552,,,5.3,0.2,,,,15,24,11372,,,,12,18586,,,,25,24474,,,,6,3288,,,,2,16322,,,,32,11134,,,,,,,,,,,,,,,,,,,,,,,,,,,,,,,,,,,,,,,,,,,,,,,,
173711,15-Jun-18,3:59:24,2018-06-15 03:59:24,G,1,6,3681,1682,0,6,-62.5128,-61.0607,59:30.2,FastGPS,-62.5128,-61.0607,,,11.2,0.2,,,,15,31,30010,,,,12,26516,,,,25,1896,,,,2,21677,,,,19,17733,,,,29,8744,,,,,,,,,,,,,,,,,,,,,,,,,,,,,,,,,,,,,,,,,,,,,,,,
173711,15-Jun-18,4:44:05,2018-06-15 04:44:05,G,1,6,3682,1683,0,6,-62.5023,-61.0527,44:11.2,FastGPS,-62.5023,-61.0527,,1,9.9,0.2,,,,15,12,31031,,,,29,7356,,,,2,6730,,,,31,7180,,,,25,25719,,,,4,31372,,,,,,,,,,,,,,,,,,,,,,,,,,,,,,,,,,,,,,,,,,,,,,,,
173711,15-Jun-18,5:14:00,2018-06-15 05:14:00,G,2,6,3683,1683,0,6,-62.4931,-61.0415,14:06.2,FastGPS,-62.4931,-61.0415,,,6.9,0.2,,,,15,5,26596,,,,12,13374,,,,29,13985,,,,31,22750,,,,25,25985,,,,2,19304,,,,,,,,,,,,,,,,,,,,,,,,,,,,,,,,,,,,,,,,,,,,,,,,
173711,15-Jun-18,5:44:41,2018-06-15 05:44:41,G,1,6,3684,1683,0,8,-62.4978,-61.0446,44:47.7,FastGPS,-62.4978,-61.0446,,1,19.5,0.7,,,,15,31,16512,,,,5,20986,,,,4,26264,,,,29,14606,,,,2,14024,,,,26,1674,,,,12,3658,,,,25,14866,,,,,,,,,,,,,,,,,,,,,,,,,,,,,,,,,,,,,,
173711,15-Jun-18,6:30:07,2018-06-15 06:30:07,G,1,6,3685,1684,0,6,-62.4941,-61.0512,30:12.2,FastGPS,-62.4941,-61.0512,,,9.1,-0.8,,,,15,5,18148,,,,31,3004,,,,21,18105,,,,26,30010,,,,29,20136,,,,25,588,,,,,,,,,,,,,,,,,,,,,,,,,,,,,,,,,,,,,,,,,,,,,,,,
173711,15-Jun-18,7:00:07,2018-06-15 07:00:07,G,2,6,3686,1684,0,5,-62.4844,-61.0575,00:13.5,FastGPS,-62.4844,-61.0575,,,6.3,0.5,,,,15,5,1757,,,,29,19954,,,,26,31498,,,,4,20933,,,,16,7527,,,,,,,,,,,,,,,,,,,,,,,,,,,,,,,,,,,,,,,,,,,,,,,,,,,,,
173711,15-Jun-18,7:30:08,2018-06-15 07:30:08,G,1,6,3687,1684,0,8,-62.4998,-61.0485,30:14.7,FastGPS,-62.4998,-61.0485,,,14.1,0.7,,,,15,16,18300,,,,5,5846,,,,26,19369,,,,21,9235,,,,27,5880,,,,4,13538,,,,7,26376,,,,29,20057,,,,,,,,,,,,,,,,,,,,,,,,,,,,,,,,,,,,,,
173711,15-Jun-18,8:01:16,2018-06-15 08:01:16,G,3,6,3688,1684,0,8,-62.5235,-61.0375,01:21.2,FastGPS,-62.5235,-61.0375,,1,11,-0.8,,,,15,27,10165,,,,5,12484,,,,16,2456,,,,7,10494,,,,4,4159,,,,26,2489,,,,29,1676,,,,13,23433,,,,,,,,,,,,,,,,,,,,,,,,,,,,,,,,,,,,,,
173711,15-Jun-18,8:31:03,2018-06-15 08:31:03,G,2,6,3689,1684,0,7,-62.5209,-61.032,31:09.2,FastGPS,-62.5209,-61.032,,1,7.1,0.2,,,,15,29,15240,,,,15,27748,,,,4,7702,,,,16,16020,,,,20,8562,,,,26,24460,,,,10,8735,,,,,,,,,,,,,,,,,,,,,,,,,,,,,,,,,,,,,,,,,,,
173711,15-Jun-18,9:02:41,2018-06-15 09:02:41,G,1,6,3690,,0,9,-62.5138,-61.0352,02:47.7,FastGPS,-62.5138,-61.0352,,,16.6,0.7,,,,15,20,30475,,,,10,29912,,,,27,11747,,,,16,2398,,,,7,16800,,,,21,2746,,,,4,2053,,,,26,31358,,,,15,16682,,,,,,,,,,,,,,,,,,,,,,,,,,,,,,,,,
173711,15-Jun-18,11:05:30,2018-06-15 11:05:30,G,1,6,3693,,0,9,-62.5572,-60.8801,05:35.2,FastGPS,-62.5572,-60.8801,,,12.2,-0.8,,,,15,15,31590,,,,8,1132,,,,18,27130,,,,28,18740,,,,24,14552,,,,11,28897,,,,10,22816,,,,20,29735,,,,21,12658,,,,,,,,,,,,,,,,,,,,,,,,,,,,,,,,,
173711,15-Jun-18,11:35:16,2018-06-15 11:35:16,G,1,6,3694,1686,0,7,-62.5556,-60.8681,35:22.7,FastGPS,-62.5556,-60.8681,,,11.3,0.7,,,,15,20,13575,,,,10,7530,,,,18,10784,,,,11,14956,,,,8,7018,,,,24,11688,,,,15,13925,,,,,,,,,,,,,,,,,,,,,,,,,,,,,,,,,,,,,,,,,,,
173711,15-Jun-18,12:05:00,2018-06-15 12:05:00,G,1,6,3695,1686,0,7,-62.5469,-60.8463,05:05.2,FastGPS,-62.5469,-60.8463,,,9.1,-0.8,,,,15,20,8991,,,,8,29531,,,,14,11146,,,,32,19282,,,,10,17814,,,,24,2144,,,,27,27842,,,,,,,,,,,,,,,,,,,,,,,,,,,,,,,,,,,,,,,,,,,
173711,15-Jun-18,12:54:06,2018-06-15 12:54:06,G,1,6,3696,1687,0,4,-62.5161,-61.0552,14:46.2,FastGPS,-62.5247,-60.8492,,,1.3,0.2,,,,15,8,6846,,,,10,28904,,,,32,31368,,,,18,13418,,,,,,,,,,,,,,,,,,,,,,,,,,,,,,,,,,,,,,,,,,,,,,,,,,,,,,,,,,
173711,15-Jun-18,15:09:25,2018-06-15 15:09:25,G,2,6,3700,,0,9,-62.5061,-60.8292,09:31.2,FastGPS,-62.5061,-60.8292,,,8.4,0.2,,,,15,17,290,,,,1,30078,,,,31,24974,,,,23,9460,,,,22,15601,,,,19,29586,,,,3,10496,,,,11,28122,,,,14,258,,,,,,,,,,,,,,,,,,,,,,,,,,,,,,,,,
173711,15-Jun-18,15:44:41,2018-06-15 15:44:41,G,2,6,3701,,0,9,-62.5028,-60.838,44:47.2,FastGPS,-62.5028,-60.838,,,8.6,0.2,,,,15,22,14790,,,,31,15575,,,,14,2350,,,,12,21392,,,,6,19762,,,,25,23129,,,,3,27076,,,,17,1327,,,,1,5658,,,,,,,,,,,,,,,,,,,,,,,,,,,,,,,,,
173711,15-Jun-18,16:40:09,2018-06-15 16:40:09,G,2,6,3702,1688,0,6,-62.5,-60.8285,40:15.2,FastGPS,-62.5,-60.8285,,,7,0.2,,,,15,19,28043,,,,9,6801,,,,3,13358,,,,31,25898,,,,23,15902,,,,22,25113,,,,,,,,,,,,,,,,,,,,,,,,,,,,,,,,,,,,,,,,,,,,,,,,
173711,15-Jun-18,17:25:23,2018-06-15 17:25:23,G,2,6,3703,1689,0,7,-62.4919,-60.8375,25:29.7,FastGPS,-62.4919,-60.8375,,,6.1,0.7,,,,15,7,23353,,,,3,32085,,,,2,26724,,,,9,19640,,,,6,11784,,,,23,8392,,,,26,17539,,,,,,,,,,,,,,,,,,,,,,,,,,,,,,,,,,,,,,,,,,,
173711,15-Jun-18,17:57:17,2018-06-15 17:57:17,G,1,6,3704,1689,0,8,-62.4862,-60.8413,57:22.7,FastGPS,-62.4862,-60.8413,,,7.3,-0.3,,,,15,7,31084,,,,2,23644,,,,23,15780,,,,3,252,,,,16,809,,,,6,9121,,,,9,10999,,,,5,2202,,,,,,,,,,,,,,,,,,,,,,,,,,,,,,,,,,,,,,
173711,15-Jun-18,18:31:31,2018-06-15 18:31:31,G,1,6,3705,1689,0,8,-62.486,-60.8409,31:36.7,FastGPS,-62.486,-60.8409,,,13.3,-0.3,,,,15,23,21686,,,,7,32560,,,,2,31892,,,,9,1642,,,,5,10604,,,,6,1054,,,,30,17654,,,,16,3022,,,,,,,,,,,,,,,,,,,,,,,,,,,,,,,,,,,,,,
173711,15-Jun-18,19:21:20,2018-06-15 19:21:20,G,1,6,3706,1690,0,6,-62.4865,-60.8472,21:25.7,FastGPS,-62.4865,-60.8472,,,12,-0.3,,,,15,5,19354,,,,30,5948,,,,7,32202,,,,9,20488,,,,29,10726,,,,2,755,,,,,,,,,,,,,,,,,,,,,,,,,,,,,,,,,,,,,,,,,,,,,,,,
173711,15-Jun-18,23:26:42,2018-06-15 23:26:42,G,1,6,3712,1690,0,7,-62.4682,-60.9146,26:47.2,FastGPS,-62.4682,-60.9146,,,10.7,-0.8,,,,15,15,1458,,,,20,20680,,,,10,2034,,,,24,20844,,,,28,18633,,,,13,24474,,,,30,28196,,,,,,,,,,,,,,,,,,,,,,,,,,,,,,,,,,,,,,,,,,,
173711,15-Jun-18,23:59:05,2018-06-15 23:59:05,G,1,6,3713,1690,0,6,-62.4728,-60.9276,59:11.6,FastGPS,-62.4728,-60.9276,,,5.3,0.7,,,,15,15,22078,,,,17,3390,,,,19,22194,,,,12,2132,,,,13,28211,,,,28,32244,,,,,,,,,,,,,,,,,,,,,,,,,,,,,,,,,,,,,,,,,,,,,,,,
173711,16-Jun-18,1:04:24,2018-06-16 01:04:24,G,2,6,3715,1690,0,7,-62.4608,-60.9318,04:29.2,FastGPS,-62.4608,-60.9318,,,6.7,-0.8,,,,15,17,21340,,,,12,17036,,,,15,28660,,,,19,13910,,,,10,2745,,,,32,26433,,,,24,4655,,,,,,,,,,,,,,,,,,,,,,,,,,,,,,,,,,,,,,,,,,,
173711,16-Jun-18,1:34:00,2018-06-16 01:34:00,G,2,6,3716,1690,0,5,-62.4704,-60.9344,34:06.2,FastGPS,-62.4704,-60.9344,,,2.6,0.2,,,,15,17,28887,,,,12,1444,,,,24,29500,,,,22,24662,,,,19,23466,,,,,,,,,,,,,,,,,,,,,,,,,,,,,,,,,,,,,,,,,,,,,,,,,,,,,
173711,16-Jun-18,2:07:03,2018-06-16 02:07:03,G,3,6,3717,1690,0,4,-62.5247,-60.8492,54:12.2,FastGPS,-62.4774,-60.9169,,,0.6,0.7,,,,15,17,19927,,,,12,6928,,,,24,13484,,,,2,26179,,,,,,,,,,,,,,,,,,,,,,,,,,,,,,,,,,,,,,,,,,,,,,,,,,,,,,,,,,
173711,16-Jun-18,2:37:00,2018-06-16 02:37:00,G,3,6,3718,1690,0,7,-62.4824,-60.9064,37:05.7,FastGPS,-62.4824,-60.9064,,,3.8,-0.3,,,,15,32,30555,,,,12,14232,,,,25,22468,,,,14,19276,,,,24,1281,,,,6,29538,,,,22,16886,,,,,,,,,,,,,,,,,,,,,,,,,,,,,,,,,,,,,,,,,,,
173711,16-Jun-18,3:39:00,2018-06-16 03:39:00,G,2,6,3719,1692,0,5,-62.4998,-60.8608,39:05.7,FastGPS,-62.4998,-60.8608,,,10.4,-0.3,,,,15,12,23655,,,,6,10908,,,,25,5916,,,,2,20044,,,,3,11942,,,,,,,,,,,,,,,,,,,,,,,,,,,,,,,,,,,,,,,,,,,,,,,,,,,,,
173711,16-Jun-18,4:40:10,2018-06-16 04:40:10,G,1,6,3720,1694,0,7,-62.5256,-60.8505,40:15.2,FastGPS,-62.5256,-60.8505,,1,3.6,-0.8,,,,15,29,16512,,,,31,15994,,,,2,16790,,,,4,7742,,,,25,2111,,,,6,21036,,,,23,16628,,,,,,,,,,,,,,,,,,,,,,,,,,,,,,,,,,,,,,,,,,,
173711,16-Jun-18,5:12:06,2018-06-16 05:12:06,G,1,6,3721,1694,0,7,-62.5224,-60.8599,12:12.2,FastGPS,-62.5224,-60.8599,,,3.4,0.2,,,,15,12,15740,,,,31,32724,,,,5,14021,,,,4,9320,,,,29,29047,,,,25,804,,,,26,30833,,,,,,,,,,,,,,,,,,,,,,,,,,,,,,,,,,,,,,,,,,,
173711,16-Jun-18,8:33:00,2018-06-16 08:33:00,G,1,6,3726,1697,0,6,-62.5153,-60.8773,33:06.2,FastGPS,-62.5153,-60.8773,,,4,0.2,,,,15,13,30050,,,,7,386,,,,20,30834,,,,15,20024,,,,29,26729,,,,21,6504,,,,,,,,,,,,,,,,,,,,,,,,,,,,,,,,,,,,,,,,,,,,,,,,
173711,16-Jun-18,10:23:45,2018-06-16 10:23:45,G,1,6,3729,1698,0,5,-62.4832,-60.8216,23:51.7,FastGPS,-62.4832,-60.8216,,,5.3,0.7,,,,15,10,14504,,,,21,12438,,,,8,25428,,,,20,31005,,,,27,7617,,,,,,,,,,,,,,,,,,,,,,,,,,,,,,,,,,,,,,,,,,,,,,,,,,,,,
173711,16-Jun-18,11:41:02,2018-06-16 11:41:02,G,1,6,3731,1699,0,7,-62.5001,-60.838,41:07.7,FastGPS,-62.5001,-60.838,,,6.4,-0.3,,,,15,10,2468,,,,27,16947,,,,20,28350,,,,18,19610,,,,32,29210,,,,24,11084,,,,8,7232,,,,,,,,,,,,,,,,,,,,,,,,,,,,,,,,,,,,,,,,,,,
173711,16-Jun-18,12:26:12,2018-06-16 12:26:12,G,2,6,3732,1700,0,8,-62.497,-60.836,26:17.7,FastGPS,-62.497,-60.836,,,10,-0.3,,,,15,22,31051,,,,8,18885,,,,28,14250,,,,3,3118,,,,11,21068,,,,18,12214,,,,14,23924,,,,1,10436,,,,,,,,,,,,,,,,,,,,,,,,,,,,,,,,,,,,,,
173711,16-Jun-18,12:56:00,2018-06-16 12:56:00,G,1,6,3733,1700,0,7,-62.4947,-60.8382,56:06.7,FastGPS,-62.4947,-60.8382,,,18.8,0.7,,,,15,1,13369,,,,3,28616,,,,10,6624,,,,8,15734,,,,32,32218,,,,14,7644,,,,17,5311,,,,,,,,,,,,,,,,,,,,,,,,,,,,,,,,,,,,,,,,,,,
173711,16-Jun-18,14:12:00,2018-06-16 14:12:00,G,2,6,3735,1701,0,4,-62.4774,-60.9169,07:09.7,FastGPS,-62.473,-60.7951,,,0.5,-0.7,,,,15,12,20568,,,,32,2120,,,,14,15654,,,,17,28334,,,,,,,,,,,,,,,,,,,,,,,,,,,,,,,,,,,,,,,,,,,,,,,,,,,,,,,,,,
173711,16-Jun-18,14:42:00,2018-06-16 14:42:00,G,1,6,3736,1701,1,7,-62.4731,-60.7954,42:06.2,FastGPS,-62.4731,-60.7954,,,11.5,0.2,,,,15,32,3318,,,,12,2612,,,,25,20976,,,,6,18050,,,,19,4085,,,,17,3311,,,,14,2763,,,,,,,,,,,,,,,,,,,,,,,,,,,,,,,,,,,,,,,,,,,
173711,17-Jun-18,3:54:02,2018-06-17 03:54:02,G,3,6,3738,1701,0,6,-62.4762,-60.819,54:07.2,FastGPS,-62.4762,-60.819,,,14.4,-0.8,,,,15,29,31222,,,,12,32182,,,,19,18822,,,,31,16834,,,,25,16872,,,,6,20648,,,,,,,,,,,,,,,,,,,,,,,,,,,,,,,,,,,,,,,,,,,,,,,,
173711,17-Jun-18,4:40:25,2018-06-17 04:40:25,G,3,6,3739,1702,0,7,-62.4908,-60.8298,40:30.7,FastGPS,-62.4908,-60.8298,,1,6.5,-0.3,,,,15,31,25626,,,,12,28972,,,,29,908,,,,23,28000,,,,4,30629,,,,25,4459,,,,2,16920,,,,,,,,,,,,,,,,,,,,,,,,,,,,,,,,,,,,,,,,,,,
173711,17-Jun-18,6:12:34,2018-06-17 06:12:34,G,1,6,3741,1704,0,7,-62.4976,-60.8327,12:39.2,FastGPS,-62.4976,-60.8327,,1,6.5,-0.8,,,,15,5,3395,,,,16,15770,,,,26,31328,,,,29,22128,,,,4,25500,,,,31,27650,,,,2,2622,,,,,,,,,,,,,,,,,,,,,,,,,,,,,,,,,,,,,,,,,,,
173711,17-Jun-18,7:45:25,2018-06-17 07:45:25,G,1,6,3743,1706,0,8,-62.5032,-60.8344,45:30.2,FastGPS,-62.5032,-60.8344,,1,16.5,-0.8,,,,15,7,4490,,,,4,4360,,,,26,29420,,,,5,17106,,,,16,4596,,,,27,20041,,,,21,8089,,,,29,11389,,,,,,,,,,,,,,,,,,,,,,,,,,,,,,,,,,,,,,
173711,17-Jun-18,8:16:47,2018-06-17 08:16:47,G,1,6,3744,1706,0,8,-62.5108,-60.8359,16:52.2,FastGPS,-62.5108,-60.8359,,1,8.4,-0.8,,,,15,7,16205,,,,4,26225,,,,27,11218,,,,26,6690,,,,20,9026,,,,16,13273,,,,5,27867,,,,10,5758,,,,,,,,,,,,,,,,,,,,,,,,,,,,,,,,,,,,,,
173711,17-Jun-18,8:47:00,2018-06-17 08:47:00,G,1,6,3745,,0,9,-62.5141,-60.8399,47:05.2,FastGPS,-62.5141,-60.8399,,,18.4,-0.8,,,,15,16,16272,,,,7,22042,,,,21,14808,,,,8,28982,,,,26,29106,,,,10,27026,,,,20,8425,,,,15,31609,,,,4,2414,,,,,,,,,,,,,,,,,,,,,,,,,,,,,,,,,
173711,17-Jun-18,10:18:17,2018-06-17 10:18:17,G,1,6,3748,1706,0,5,-62.5173,-60.8459,18:22.2,FastGPS,-62.5173,-60.8459,,,1,-0.8,,,,15,13,23552,,,,10,26290,,,,8,3849,,,,27,22754,,,,21,22,,,,,,,,,,,,,,,,,,,,,,,,,,,,,,,,,,,,,,,,,,,,,,,,,,,,,
173711,17-Jun-18,18:13:13,2018-06-17 18:13:13,G,1,6,3760,,0,9,-62.5208,-60.8472,13:19.7,FastGPS,-62.5208,-60.8472,,1,5.8,0.7,,,,15,7,12347,,,,23,12543,,,,16,13955,,,,30,19141,,,,6,27784,,,,3,23316,,,,26,13489,,,,4,8403,,,,9,24587,,,,,,,,,,,,,,,,,,,,,,,,,,,,,,,,,
173711,17-Jun-18,19:33:16,2018-06-17 19:33:16,G,1,6,3762,1713,0,6,-62.5207,-60.8472,33:21.2,FastGPS,-62.5207,-60.8472,,,4.9,-0.8,,,,15,9,19477,,,,7,10336,,,,16,9369,,,,30,839,,,,27,7856,,,,5,21720,,,,,,,,,,,,,,,,,,,,,,,,,,,,,,,,,,,,,,,,,,,,,,,,
173711,17-Jun-18,21:05:00,2018-06-17 21:05:00,G,4,6,3765,1713,0,5,-62.51,-60.8525,05:05.2,FastGPS,-62.51,-60.8525,,,3.3,-0.8,,,,15,5,26919,,,,7,16194,,,,8,9798,,,,30,11224,,,,28,13746,,,,,,,,,,,,,,,,,,,,,,,,,,,,,,,,,,,,,,,,,,,,,,,,,,,,,
173711,17-Jun-18,21:35:00,2018-06-17 21:35:00,G,2,6,3766,1713,0,4,-62.518,-60.855,6/18/2018 9:25,P,-62.4877,-60.8735,,,0.4,-0.8,,,,15,5,5852,,,,7,13744,,,,30,17592,,,,28,10212,,,,,,,,,,,,,,,,,,,,,,,,,,,,,,,,,,,,,,,,,,,,,,,,,,,,,,,,,,
173711,17-Jun-18,22:06:38,2018-06-17 22:06:38,G,2,6,3767,1713,0,6,-62.4631,-60.911,06:43.2,FastGPS,-62.4631,-60.911,,,5.1,-0.7,,,,15,30,43,,,,15,13993,,,,7,700,,,,28,14618,,,,5,32674,,,,13,10322,,,,,,,,,,,,,,,,,,,,,,,,,,,,,,,,,,,,,,,,,,,,,,,,
173711,17-Jun-18,22:38:39,2018-06-17 22:38:39,G,3,6,3768,1713,0,5,-62.4687,-60.966,38:45.7,FastGPS,-62.4687,-60.966,,,18,0.7,,,,15,15,11617,,,,8,12428,,,,13,17768,,,,20,1943,,,,10,16484,,,,,,,,,,,,,,,,,,,,,,,,,,,,,,,,,,,,,,,,,,,,,,,,,,,,,
173711,18-Jun-18,1:42:03,2018-06-18 01:42:03,G,2,6,3773,1715,0,6,-62.4393,-60.8783,42:08.2,FastGPS,-62.4393,-60.8783,,,10.5,-0.8,,,,15,17,1163,,,,19,2300,,,,22,1070,,,,12,27799,,,,6,20810,,,,32,9763,,,,,,,,,,,,,,,,,,,,,,,,,,,,,,,,,,,,,,,,,,,,,,,,
173711,18-Jun-18,2:13:12,2018-06-18 02:13:12,G,1,6,3774,1715,0,7,-62.4363,-60.847,13:18.7,FastGPS,-62.4363,-60.847,,,13.9,0.7,,,,15,22,14661,,,,6,17228,,,,3,11156,,,,17,17052,,,,32,27141,,,,14,10192,,,,12,18620,,,,,,,,,,,,,,,,,,,,,,,,,,,,,,,,,,,,,,,,,,,
173711,18-Jun-18,3:00:29,2018-06-18 03:00:29,G,2,6,3775,,0,9,-62.4658,-60.8381,00:34.2,FastGPS,-62.4658,-60.8381,,,15.8,-0.8,,,,15,31,7798,,,,32,12910,,,,24,19488,,,,2,22846,,,,25,32306,,,,14,11796,,,,6,32478,,,,29,27751,,,,19,6298,,,,,,,,,,,,,,,,,,,,,,,,,,,,,,,,,
173711,18-Jun-18,3:49:44,2018-06-18 03:49:44,G,1,6,3776,1717,0,8,-62.4848,-60.8349,49:50.7,FastGPS,-62.4848,-60.8349,,,10.3,0.7,,,,15,29,14382,,,,31,310,,,,12,16344,,,,2,22008,,,,25,666,,,,14,32134,,,,6,5033,,,,3,29422,,,,,,,,,,,,,,,,,,,,,,,,,,,,,,,,,,,,,,
173711,18-Jun-18,4:22:40,2018-06-18 04:22:40,G,1,6,3777,1717,0,4,-62.4877,-60.8735,35:05.2,FastGPS,-62.4875,-60.8352,,,0.7,-0.3,,,,15,12,14295,,,,29,29015,,,,2,31791,,,,31,9796,,,,,,,,,,,,,,,,,,,,,,,,,,,,,,,,,,,,,,,,,,,,,,,,,,,,,,,,,,
173711,18-Jun-18,4:52:02,2018-06-18 04:52:02,G,1,6,3778,1717,0,6,-62.487,-60.8379,52:07.2,FastGPS,-62.487,-60.8379,,,1.2,-0.8,,,,15,12,17930,,,,2,8184,,,,5,21618,,,,31,20004,,,,23,30368,,,,29,24305,,,,,,,,,,,,,,,,,,,,,,,,,,,,,,,,,,,,,,,,,,,,,,,,
173711,18-Jun-18,5:23:36,2018-06-18 05:23:36,G,1,6,3779,1717,0,5,-62.4833,-60.8538,23:42.2,FastGPS,-62.4833,-60.8538,,,0.9,0.2,,,,15,5,27585,,,,29,5176,,,,25,4403,,,,2,13100,,,,31,28432,,,,,,,,,,,,,,,,,,,,,,,,,,,,,,,,,,,,,,,,,,,,,,,,,,,,,
173711,18-Jun-18,6:44:00,2018-06-18 06:44:00,G,1,6,3781,1718,0,7,-62.4979,-60.8499,44:06.7,FastGPS,-62.4979,-60.8499,,1,12.9,0.7,,,,15,5,7813,,,,29,30988,,,,21,31212,,,,4,22417,,,,31,16676,,,,26,29210,,,,16,27700,,,,,,,,,,,,,,,,,,,,,,,,,,,,,,,,,,,,,,,,,,,
173711,18-Jun-18,7:15:50,2018-06-18 07:15:50,G,1,6,3782,1718,0,8,-62.5038,-60.8348,15:55.2,FastGPS,-62.5038,-60.8348,,,18.6,-0.8,,,,15,5,20782,,,,26,29378,,,,4,25576,,,,21,11820,,,,16,21791,,,,7,28828,,,,27,4373,,,,29,3865,,,,,,,,,,,,,,,,,,,,,,,,,,,,,,,,,,,,,,
173711,18-Jun-18,8:39:45,2018-06-18 08:39:45,G,3,6,3784,1719,0,7,-62.5161,-60.851,39:50.7,FastGPS,-62.5161,-60.851,,,13.2,-0.3,,,,15,20,2851,,,,15,28362,,,,16,26884,,,,21,24130,,,,10,17076,,,,13,17114,,,,26,14295,,,,,,,,,,,,,,,,,,,,,,,,,,,,,,,,,,,,,,,,,,,
173711,18-Jun-18,10:58:13,2018-06-18 10:58:13,G,1,6,3787,1722,0,8,-62.5184,-60.8576,58:18.8,FastGPS,-62.5184,-60.8576,,,8.9,-0.2,,,,15,28,26531,,,,10,15399,,,,15,11908,,,,18,7310,,,,11,9629,,,,8,30500,,,,24,24890,,,,1,10444,,,,,,,,,,,,,,,,,,,,,,,,,,,,,,,,,,,,,,
173711,18-Jun-18,11:30:35,2018-06-18 11:30:35,G,3,6,3788,1722,0,7,-62.5217,-60.8359,30:40.2,FastGPS,-62.5217,-60.8359,,,8.3,-0.8,,,,15,28,32455,,,,10,23180,,,,11,1796,,,,24,23319,,,,18,29530,,,,1,8435,,,,20,30262,,,,,,,,,,,,,,,,,,,,,,,,,,,,,,,,,,,,,,,,,,,
173711,18-Jun-18,12:18:04,2018-06-18 12:18:04,G,2,6,3789,1723,0,8,-62.521,-60.8471,18:09.7,FastGPS,-62.521,-60.8471,,,4.2,-0.3,,,,15,32,7526,,,,22,2870,,,,8,23513,,,,18,17790,,,,14,29842,,,,10,9859,,,,3,8114,,,,1,16103,,,,,,,,,,,,,,,,,,,,,,,,,,,,,,,,,,,,,,
173711,18-Jun-18,13:08:39,2018-06-18 13:08:39,G,1,6,3790,1724,0,6,-62.5196,-60.8428,08:44.2,FastGPS,-62.5196,-60.8428,,,8.6,-0.8,,,,15,1,15614,,,,22,3041,,,,17,15661,,,,11,17216,,,,3,16197,,,,18,4624,,,,,,,,,,,,,,,,,,,,,,,,,,,,,,,,,,,,,,,,,,,,,,,,
173711,18-Jun-18,18:09:00,2018-06-18 18:09:00,G,2,6,3797,,0,9,-62.4863,-60.823,09:05.2,FastGPS,-62.4863,-60.823,,1,13.6,-0.8,,,,15,7,11250,,,,2,4549,,,,29,19994,,,,6,27469,,,,4,7626,,,,9,23773,,,,30,17642,,,,5,17102,,,,23,12668,,,,,,,,,,,,,,,,,,,,,,,,,,,,,,,,,
173711,18-Jun-18,18:55:32,2018-06-18 18:55:32,G,1,6,3798,1730,0,7,-62.4864,-60.823,55:37.2,FastGPS,-62.4864,-60.823,,,15,-0.8,,,,15,5,864,,,,7,28907,,,,30,5433,,,,2,9396,,,,26,18393,,,,29,6586,,,,16,10021,,,,,,,,,,,,,,,,,,,,,,,,,,,,,,,,,,,,,,,,,,,
173711,18-Jun-18,19:30:28,2018-06-18 19:30:28,G,2,6,3799,1730,0,4,-62.5249,-61.0148,51:28.7,FastGPS,-62.4971,-60.8382,,,0.7,-0.7,,,,15,5,18540,,,,16,333,,,,27,6498,,,,30,32414,,,,,,,,,,,,,,,,,,,,,,,,,,,,,,,,,,,,,,,,,,,,,,,,,,,,,,,,,,
173711,18-Jun-18,20:01:29,2018-06-18 20:01:29,G,1,6,3800,1730,0,7,-62.4973,-60.8384,01:34.2,FastGPS,-62.4973,-60.8384,,,11.3,-0.8,,,,15,7,18542,,,,30,2892,,,,8,6148,,,,9,19920,,,,27,5922,,,,16,18001,,,,28,1405,,,,,,,,,,,,,,,,,,,,,,,,,,,,,,,,,,,,,,,,,,,
173711,18-Jun-18,21:46:04,2018-06-18 21:46:04,G,1,6,3803,1731,0,7,-62.5181,-60.995,46:09.2,FastGPS,-62.5181,-60.995,,,8.1,-0.7,,,,15,28,3718,,,,15,16039,,,,5,27800,,,,13,19975,,,,20,7289,,,,7,30766,,,,30,1168,,,,,,,,,,,,,,,,,,,,,,,,,,,,,,,,,,,,,,,,,,,
173711,18-Jun-18,22:46:36,2018-06-18 22:46:36,G,1,6,3805,1731,0,6,-62.567,-61.0521,46:41.2,FastGPS,-62.567,-61.0521,,,21.5,-0.8,,,,15,30,30024,,,,13,4418,,,,15,1032,,,,17,18030,,,,28,16134,,,,11,2312,,,,,,,,,,,,,,,,,,,,,,,,,,,,,,,,,,,,,,,,,,,,,,,,
173711,18-Jun-18,23:16:16,2018-06-18 23:16:16,G,2,6,3806,1731,0,7,-62.5482,-61.0651,16:21.7,FastGPS,-62.5482,-61.0651,,,13.8,-0.3,,,,15,17,11263,,,,30,23443,,,,1,12184,,,,15,5241,,,,28,17710,,,,11,6924,,,,19,10116,,,,,,,,,,,,,,,,,,,,,,,,,,,,,,,,,,,,,,,,,,,
173711,18-Jun-18,23:46:01,2018-06-18 23:46:01,G,1,6,3807,1731,0,6,-62.538,-61.0499,46:06.2,FastGPS,-62.538,-61.0499,,,4.8,-0.8,,,,15,15,26564,,,,18,3355,,,,24,24660,,,,10,13188,,,,11,2180,,,,1,220,,,,,,,,,,,,,,,,,,,,,,,,,,,,,,,,,,,,,,,,,,,,,,,,
173711,19-Jun-18,0:51:23,2018-06-19 00:51:23,G,2,6,3808,1733,0,4,-62.553,-60.9445,55:33.7,FastGPS,-62.5249,-61.0148,,,0.7,-0.3,,,,15,17,9116,,,,24,24853,,,,32,12861,,,,19,160,,,,,,,,,,,,,,,,,,,,,,,,,,,,,,,,,,,,,,,,,,,,,,,,,,,,,,,,,,
173711,19-Jun-18,1:55:28,2018-06-19 01:55:28,G,1,6,3810,1733,0,5,-62.553,-60.9445,55:33.7,FastGPS,-62.553,-60.9445,,,1.5,-0.3,,,,15,17,5248,,,,19,14517,,,,24,136,,,,6,11348,,,,12,30026,,,,,,,,,,,,,,,,,,,,,,,,,,,,,,,,,,,,,,,,,,,,,,,,,,,,,
173711,19-Jun-18,4:51:28,2018-06-19 04:51:28,G,1,6,3811,1733,0,7,-62.4721,-60.8392,51:33.2,FastGPS,-62.4721,-60.8392,,,12.6,-0.8,,,,15,5,31702,,,,6,7393,,,,12,78,,,,2,30218,,,,23,29271,,,,25,30322,,,,29,28615,,,,,,,,,,,,,,,,,,,,,,,,,,,,,,,,,,,,,,,,,,,
173711,19-Jun-18,5:21:10,2018-06-19 05:21:10,G,1,6,3812,,0,9,-62.4669,-60.8133,21:16.7,FastGPS,-62.4669,-60.8133,,,12.5,0.7,,,,15,23,8504,,,,5,18310,,,,2,26020,,,,9,14122,,,,4,18650,,,,29,25133,,,,12,19428,,,,31,11446,,,,26,21707,,,,,,,,,,,,,,,,,,,,,,,,,,,,,,,,,
173711,19-Jun-18,5:51:00,2018-06-19 05:51:00,G,2,6,3813,,0,9,-62.4731,-60.7956,51:05.2,FastGPS,-62.4731,-60.7956,,1,10.2,-0.8,,,,15,5,21020,,,,31,7989,,,,21,24980,,,,29,322,,,,2,2649,,,,25,20572,,,,4,1959,,,,26,28695,,,,9,13816,,,,,,,,,,,,,,,,,,,,,,,,,,,,,,,,,
173711,19-Jun-18,6:21:00,2018-06-19 06:21:00,G,2,6,3814,1733,1,4,-62.553,-60.9445,55:33.7,FastGPS,-62.4728,-60.7957,,,1,0.2,,,,15,5,29369,,,,9,16199,,,,2,3337,,,,29,17633,,,,,,,,,,,,,,,,,,,,,,,,,,,,,,,,,,,,,,,,,,,,,,,,,,,,,,,,,,
173711,19-Jun-18,6:51:00,2018-06-19 06:51:00,G,2,6,3815,1733,1,5,-62.4732,-60.796,51:06.2,FastGPS,-62.4732,-60.796,,,2.3,0.2,,,,15,5,6608,,,,29,14185,,,,25,27000,,,,21,20589,,,,31,9839,,,,,,,,,,,,,,,,,,,,,,,,,,,,,,,,,,,,,,,,,,,,,,,,,,,,,
173711,19-Jun-18,7:21:00,2018-06-19 07:21:00,G,1,6,3816,1733,1,4,-62.553,-60.9445,55:33.7,FastGPS,-62.4732,-60.7961,,,1.6,0.2,,,,15,29,28255,,,,20,26412,,,,5,21126,,,,4,31971,,,,,,,,,,,,,,,,,,,,,,,,,,,,,,,,,,,,,,,,,,,,,,,,,,,,,,,,,,
173711,19-Jun-18,22:52:54,2018-06-19 22:52:54,G,1,6,3820,1735,0,7,-62.4399,-60.8506,53:00.7,FastGPS,-62.4399,-60.8506,,,12.4,0.7,,,,15,17,22032,,,,30,6417,,,,18,11157,,,,11,29900,,,,15,28061,,,,8,19422,,,,13,2725,,,,,,,,,,,,,,,,,,,,,,,,,,,,,,,,,,,,,,,,,,,
173711,19-Jun-18,23:23:08,2018-06-19 23:23:08,G,1,6,3821,1735,0,7,-62.4345,-60.8381,23:14.2,FastGPS,-62.4345,-60.8381,,,11.8,0.2,,,,15,17,2449,,,,30,20076,,,,15,11060,,,,28,32114,,,,19,5534,,,,24,19386,,,,13,92,,,,,,,,,,,,,,,,,,,,,,,,,,,,,,,,,,,,,,,,,,,
173711,20-Jun-18,0:11:47,2018-06-20 00:11:47,G,1,6,3822,1736,0,8,-62.4282,-60.8329,11:53.2,FastGPS,-62.4282,-60.8329,,,11.7,0.2,,,,15,12,20522,,,,10,3432,,,,20,22123,,,,17,22782,,,,13,21181,,,,15,7815,,,,19,12198,,,,24,26069,,,,,,,,,,,,,,,,,,,,,,,,,,,,,,,,,,,,,,
173711,20-Jun-18,0:42:08,2018-06-20 00:42:08,G,2,6,3823,1736,0,7,-62.4253,-60.8268,42:14.2,FastGPS,-62.4253,-60.8268,,,11.8,0.2,,,,15,12,17598,,,,17,12728,,,,1,10692,,,,28,19080,,,,24,19939,,,,32,26650,,,,10,7796,,,,,,,,,,,,,,,,,,,,,,,,,,,,,,,,,,,,,,,,,,,
173711,20-Jun-18,1:12:38,2018-06-20 01:12:38,G,2,6,3824,1736,0,5,-62.4197,-60.821,12:44.7,FastGPS,-62.4197,-60.821,,,4,0.7,,,,15,12,24912,,,,17,10790,,,,32,22689,,,,1,22083,,,,24,3190,,,,,,,,,,,,,,,,,,,,,,,,,,,,,,,,,,,,,,,,,,,,,,,,,,,,,
173711,20-Jun-18,2:21:49,2018-06-20 02:21:49,G,1,6,3826,1736,0,8,-62.4127,-60.8161,21:54.7,FastGPS,-62.4127,-60.8161,,,17.6,-0.3,,,,15,22,16270,,,,32,30010,,,,17,21524,,,,6,539,,,,3,12840,,,,19,31262,,,,25,27961,,,,12,16562,,,,,,,,,,,,,,,,,,,,,,,,,,,,,,,,,,,,,,
173711,20-Jun-18,2:55:32,2018-06-20 02:55:32,G,1,6,3827,,0,9,-62.4171,-60.8126,55:37.7,FastGPS,-62.4171,-60.8126,,,10.9,-0.2,,,,15,31,4866,,,,19,10956,,,,12,5468,,,,25,24712,,,,17,9105,,,,14,26405,,,,22,6078,,,,6,15732,,,,3,1666,,,,,,,,,,,,,,,,,,,,,,,,,,,,,,,,,
173711,20-Jun-18,4:09:33,2018-06-20 04:09:33,G,1,6,3829,1736,0,5,-62.4281,-60.775,09:38.7,FastGPS,-62.4281,-60.775,,,14.5,-0.3,,,,15,12,1838,,,,6,18846,,,,31,4471,,,,2,5252,,,,29,17294,,,,,,,,,,,,,,,,,,,,,,,,,,,,,,,,,,,,,,,,,,,,,,,,,,,,,
173711,20-Jun-18,5:02:31,2018-06-20 05:02:31,G,1,6,3830,,0,9,-62.4351,-60.7505,02:36.2,FastGPS,-62.4351,-60.7505,,,7.6,-0.8,,,,15,31,7016,,,,2,19885,,,,23,27732,,,,26,5338,,,,4,12114,,,,12,30398,,,,5,16910,,,,29,18908,,,,6,1114,,,,,,,,,,,,,,,,,,,,,,,,,,,,,,,,,
173711,20-Jun-18,5:32:00,2018-06-20 05:32:00,G,1,6,3831,1736,0,8,-62.4433,-60.7314,32:05.2,FastGPS,-62.4433,-60.7314,,,8,-0.8,,,,15,2,24975,,,,31,5078,,,,26,2108,,,,5,14994,,,,4,20485,,,,23,11406,,,,29,24102,,,,16,10363,,,,,,,,,,,,,,,,,,,,,,,,,,,,,,,,,,,,,,
173711,20-Jun-18,6:04:16,2018-06-20 06:04:16,G,1,6,3832,1736,0,6,-62.4493,-60.7177,04:21.7,FastGPS,-62.4493,-60.7177,,1,4.4,-0.3,,,,15,5,27972,,,,9,30444,,,,23,27421,,,,16,20120,,,,2,5317,,,,4,18938,,,,,,,,,,,,,,,,,,,,,,,,,,,,,,,,,,,,,,,,,,,,,,,,
173711,20-Jun-18,6:52:09,2018-06-20 06:52:09,G,1,6,3833,1737,0,8,-62.4708,-60.6887,52:14.2,FastGPS,-62.4708,-60.6887,,,16,-0.8,,,,15,5,24574,,,,27,4656,,,,16,17912,,,,9,1702,,,,31,10404,,,,26,7096,,,,4,17679,,,,29,25246,,,,,,,,,,,,,,,,,,,,,,,,,,,,,,,,,,,,,,
173711,20-Jun-18,7:22:00,2018-06-20 07:22:00,G,1,6,3834,1737,0,6,-62.4863,-60.6724,22:05.2,FastGPS,-62.4863,-60.6724,,,4,-0.8,,,,15,5,4514,,,,27,21307,,,,29,7027,,,,4,17466,,,,26,665,,,,7,26713,,,,,,,,,,,,,,,,,,,,,,,,,,,,,,,,,,,,,,,,,,,,,,,,
173711,20-Jun-18,7:54:05,2018-06-20 07:54:05,G,4,6,3835,1737,0,6,-62.5037,-60.6577,54:10.3,FastGPS,-62.5037,-60.6577,,1,12.7,-0.7,,,,15,7,2114,,,,27,32418,,,,16,11010,,,,26,3096,,,,5,1904,,,,4,29129,,,,,,,,,,,,,,,,,,,,,,,,,,,,,,,,,,,,,,,,,,,,,,,,
173711,20-Jun-18,8:41:01,2018-06-20 08:41:01,G,1,6,3836,1738,0,7,-62.5301,-60.6473,41:06.2,FastGPS,-62.5301,-60.6473,,,19.6,-0.8,,,,15,7,343,,,,8,10107,,,,16,19748,,,,15,31752,,,,10,7456,,,,26,19215,,,,30,7866,,,,,,,,,,,,,,,,,,,,,,,,,,,,,,,,,,,,,,,,,,,
173711,20-Jun-18,9:41:56,2018-06-20 09:41:56,G,4,6,3837,1740,0,6,-62.5421,-60.6324,42:02.3,FastGPS,-62.5421,-60.6324,,,8.1,0.3,,,,15,15,30896,,,,8,30488,,,,21,4224,,,,10,5719,,,,13,20294,,,,30,10528,,,,,,,,,,,,,,,,,,,,,,,,,,,,,,,,,,,,,,,,,,,,,,,,
173711,20-Jun-18,10:27:00,2018-06-20 10:27:00,G,3,6,3838,,0,9,-62.5478,-60.5827,27:06.7,FastGPS,-62.5478,-60.5827,,,6.3,0.7,,,,15,15,6444,,,,32,11785,,,,8,8746,,,,20,20002,,,,27,24674,,,,18,15247,,,,28,15853,,,,21,31156,,,,11,16370,,,,,,,,,,,,,,,,,,,,,,,,,,,,,,,,,
173711,20-Jun-18,10:57:02,2018-06-20 10:57:02,G,1,6,3839,1741,0,8,-62.55,-60.561,57:08.7,FastGPS,-62.55,-60.561,,,17.8,0.7,,,,15,15,2710,,,,28,21153,,,,20,21944,,,,10,21817,,,,11,11950,,,,24,25256,,,,32,32392,,,,18,8936,,,,,,,,,,,,,,,,,,,,,,,,,,,,,,,,,,,,,,
173711,20-Jun-18,12:30:01,2018-06-20 12:30:01,G,1,6,3842,1741,0,8,-62.5617,-60.5223,30:07.7,FastGPS,-62.5617,-60.5223,,,2.6,0.7,,,,15,32,451,,,,8,20506,,,,1,20363,,,,18,12541,,,,14,13138,,,,17,29707,,,,10,12999,,,,11,22578,,,,,,,,,,,,,,,,,,,,,,,,,,,,,,,,,,,,,,
173711,20-Jun-18,13:15:00,2018-06-20 13:15:00,G,1,6,3843,,0,9,-62.5622,-60.5108,15:06.2,FastGPS,-62.5622,-60.5108,,,14.1,0.3,,,,15,17,23160,,,,31,31333,,,,22,4359,,,,32,15058,,,,1,27464,,,,10,12858,,,,14,26600,,,,19,9701,,,,3,3457,,,,,,,,,,,,,,,,,,,,,,,,,,,,,,,,,
173711,20-Jun-18,16:33:43,2018-06-20 16:33:43,G,1,6,3847,,0,9,-62.5641,-60.5119,33:49.7,FastGPS,-62.5641,-60.5119,,1,6.4,0.7,,,,15,31,14482,,,,4,12658,,,,26,15035,,,,6,25927,,,,22,32010,,,,2,2994,,,,23,20419,,,,9,22215,,,,29,24755,,,,,,,,,,,,,,,,,,,,,,,,,,,,,,,,,
173711,20-Jun-18,17:04:00,2018-06-20 17:04:00,G,3,6,3848,1747,0,8,-62.5615,-60.5151,04:06.2,FastGPS,-62.5615,-60.5151,,,26.4,0.2,,,,15,23,10962,,,,2,23390,,,,9,17442,,,,7,17182,,,,16,28696,,,,6,11588,,,,29,25014,,,,4,23722,,,,,,,,,,,,,,,,,,,,,,,,,,,,,,,,,,,,,,
173711,20-Jun-18,17:34:03,2018-06-20 17:34:03,G,1,6,3849,,0,9,-62.5577,-60.5182,34:09.2,FastGPS,-62.5577,-60.5182,,,6.8,0.2,,,,15,29,25850,,,,23,4411,,,,5,31369,,,,7,28322,,,,2,1630,,,,16,7604,,,,4,31464,,,,26,17782,,,,9,19963,,,,,,,,,,,,,,,,,,,,,,,,,,,,,,,,,
173711,20-Jun-18,18:35:14,2018-06-20 18:35:14,G,1,6,3851,1747,0,5,-62.5578,-60.5182,35:20.2,FastGPS,-62.5578,-60.5182,,,6,0.3,,,,15,5,16137,,,,23,6012,,,,16,14993,,,,7,23212,,,,9,19772,,,,,,,,,,,,,,,,,,,,,,,,,,,,,,,,,,,,,,,,,,,,,,,,,,,,,
173711,20-Jun-18,19:50:43,2018-06-20 19:50:43,G,1,6,3852,1750,0,5,-62.5623,-60.5263,50:49.2,FastGPS,-62.5623,-60.5263,,,4.1,0.3,,,,15,5,29683,,,,9,23918,,,,7,15124,,,,27,29378,,,,8,24648,,,,,,,,,,,,,,,,,,,,,,,,,,,,,,,,,,,,,,,,,,,,,,,,,,,,,
173711,20-Jun-18,20:22:39,2018-06-20 20:22:39,G,1,6,3853,1750,0,5,-62.556,-60.5346,22:44.2,FastGPS,-62.556,-60.5346,,,6,-0.8,,,,15,7,27210,,,,30,674,,,,28,20669,,,,5,11834,,,,9,19642,,,,,,,,,,,,,,,,,,,,,,,,,,,,,,,,,,,,,,,,,,,,,,,,,,,,,
173711,20-Jun-18,20:52:01,2018-06-20 20:52:01,G,1,6,3854,1750,0,5,-62.5494,-60.549,52:07.7,FastGPS,-62.5494,-60.549,,,9.1,0.7,,,,15,7,30499,,,,5,5990,,,,13,3292,,,,28,21204,,,,30,23034,,,,,,,,,,,,,,,,,,,,,,,,,,,,,,,,,,,,,,,,,,,,,,,,,,,,,
173711,20-Jun-18,21:54:36,2018-06-20 21:54:36,G,2,6,3856,1750,0,5,-62.5205,-60.5599,54:42.2,FastGPS,-62.5205,-60.5599,,,4.9,0.3,,,,15,28,6312,,,,30,24827,,,,7,24977,,,,5,21537,,,,15,3901,,,,,,,,,,,,,,,,,,,,,,,,,,,,,,,,,,,,,,,,,,,,,,,,,,,,,
173711,20-Jun-18,22:25:25,2018-06-20 22:25:25,G,2,6,3857,1750,0,6,-62.5017,-60.567,25:31.2,FastGPS,-62.5017,-60.567,,,7.3,0.2,,,,15,30,17668,,,,17,21328,,,,11,19065,,,,13,21867,,,,28,25050,,,,15,11607,,,,,,,,,,,,,,,,,,,,,,,,,,,,,,,,,,,,,,,,,,,,,,,,
173711,20-Jun-18,23:13:02,2018-06-20 23:13:02,G,1,6,3858,1751,0,7,-62.4701,-60.5708,13:07.2,FastGPS,-62.4701,-60.5708,,,7.2,-0.8,,,,15,28,32615,,,,13,1222,,,,17,27520,,,,19,27048,,,,30,30830,,,,11,957,,,,15,28418,,,,,,,,,,,,,,,,,,,,,,,,,,,,,,,,,,,,,,,,,,,
173711,20-Jun-18,23:43:08,2018-06-20 23:43:08,G,2,6,3859,,0,9,-62.4653,-60.5722,43:14.7,FastGPS,-62.4653,-60.5722,,,5.5,0.7,,,,15,17,3505,,,,15,31354,,,,18,16670,,,,19,25173,,,,28,2138,,,,11,10530,,,,12,8374,,,,1,25568,,,,13,27912,,,,,,,,,,,,,,,,,,,,,,,,,,,,,,,,,
173711,21-Jun-18,1:19:24,2018-06-21 01:19:24,G,1,6,3862,1751,0,5,-62.4612,-60.6174,19:29.2,FastGPS,-62.4612,-60.6174,,,2.2,-0.8,,,,15,17,16343,,,,24,27317,,,,19,26114,,,,12,19888,,,,6,1393,,,,,,,,,,,,,,,,,,,,,,,,,,,,,,,,,,,,,,,,,,,,,,,,,,,,,
173711,21-Jun-18,2:53:56,2018-06-21 02:53:56,G,1,6,3865,1751,0,5,-62.4385,-60.6293,54:01.8,FastGPS,-62.4385,-60.6293,,,2.2,-0.2,,,,15,6,28512,,,,19,15362,,,,2,7102,,,,12,16196,,,,29,16965,,,,,,,,,,,,,,,,,,,,,,,,,,,,,,,,,,,,,,,,,,,,,,,,,,,,,
173711,21-Jun-18,3:26:18,2018-06-21 03:26:18,G,1,6,3866,1751,0,6,-62.4372,-60.6144,26:24.7,FastGPS,-62.4372,-60.6144,,,4.1,0.7,,,,15,29,23348,,,,12,30425,,,,2,26137,,,,6,19226,,,,24,29606,,,,19,10298,,,,,,,,,,,,,,,,,,,,,,,,,,,,,,,,,,,,,,,,,,,,,,,,
173711,21-Jun-18,3:56:17,2018-06-21 03:56:17,G,2,6,3867,1751,0,5,-62.4388,-60.648,57:16.7,FastGPS,-62.4387,-60.6252,,1,0.1,0.2,,,,15,29,17462,,,,31,16323,,,,12,29788,,,,4,13785,,,,14,3610,,,,,,,,,,,,,,,,,,,,,,,,,,,,,,,,,,,,,,,,,,,,,,,,,,,,,
173711,21-Jun-18,4:26:01,2018-06-21 04:26:01,G,2,6,3868,1751,0,6,-62.4299,-60.6248,26:06.2,FastGPS,-62.4299,-60.6248,,,6.1,-0.8,,,,15,6,2605,,,,25,5220,,,,2,17707,,,,12,23496,,,,29,7883,,,,5,18624,,,,,,,,,,,,,,,,,,,,,,,,,,,,,,,,,,,,,,,,,,,,,,,,
173711,21-Jun-18,4:57:11,2018-06-21 04:57:11,G,1,6,3869,,0,9,-62.4388,-60.648,57:16.7,FastGPS,-62.4388,-60.648,,,5.6,-0.3,,,,15,31,30214,,,,29,6787,,,,5,3098,,,,4,29820,,,,2,14120,,,,25,24590,,,,26,22337,,,,23,17815,,,,12,25646,,,,,,,,,,,,,,,,,,,,,,,,,,,,,,,,,
173711,21-Jun-18,6:28:32,2018-06-21 06:28:32,G,1,6,3872,1751,0,6,-62.4195,-60.6652,28:37.7,FastGPS,-62.4195,-60.6652,,1,6.6,-0.3,,,,15,5,15330,,,,29,10571,,,,25,24812,,,,4,26584,,,,21,22327,,,,31,2381,,,,,,,,,,,,,,,,,,,,,,,,,,,,,,,,,,,,,,,,,,,,,,,,
173711,21-Jun-18,10:36:11,2018-06-21 10:36:11,G,2,6,3878,1755,0,7,-62.4325,-60.7426,36:16.7,FastGPS,-62.4325,-60.7426,,,4.6,-0.3,,,,15,10,18713,,,,8,25453,,,,18,3782,,,,27,31896,,,,11,5407,,,,32,12341,,,,28,29574,,,,,,,,,,,,,,,,,,,,,,,,,,,,,,,,,,,,,,,,,,,
173711,21-Jun-18,13:16:33,2018-06-21 13:16:33,G,2,6,3881,1757,0,7,-62.4699,-60.7984,16:38.7,FastGPS,-62.4699,-60.7984,,,4.9,-0.3,,,,15,17,1985,,,,3,23014,,,,18,5886,,,,11,20029,,,,1,28670,,,,22,15028,,,,32,30949,,,,,,,,,,,,,,,,,,,,,,,,,,,,,,,,,,,,,,,,,,,
173711,21-Jun-18,13:48:32,2018-06-21 13:48:32,G,3,6,3882,,0,9,-62.4786,-60.7965,48:37.7,FastGPS,-62.4786,-60.7965,,,8.4,-0.3,,,,15,17,7508,,,,18,21740,,,,31,4679,,,,11,6870,,,,22,22056,,,,32,25537,,,,3,20663,,,,1,10905,,,,14,31973,,,,,,,,,,,,,,,,,,,,,,,,,,,,,,,,,
173711,21-Jun-18,14:23:38,2018-06-21 14:23:38,G,1,6,3883,,0,9,-62.4814,-60.8016,23:43.7,FastGPS,-62.4814,-60.8016,,,7.8,-0.3,,,,15,31,8749,,,,23,27950,,,,17,27170,,,,18,3190,,,,11,27848,,,,1,14270,,,,19,360,,,,22,26952,,,,3,3284,,,,,,,,,,,,,,,,,,,,,,,,,,,,,,,,,
173711,21-Jun-18,15:30:13,2018-06-21 15:30:13,G,1,6,3885,,0,9,-62.4872,-60.8293,30:18.2,FastGPS,-62.4872,-60.8293,,,11.9,-0.8,,,,15,19,7072,,,,1,31078,,,,9,3543,,,,23,22662,,,,17,30422,,,,22,22984,,,,6,22684,,,,12,30780,,,,3,23241,,,,,,,,,,,,,,,,,,,,,,,,,,,,,,,,,
173711,21-Jun-18,20:01:49,2018-06-21 20:01:49,G,3,6,3892,1760,0,8,-62.5107,-60.8479,01:54.2,FastGPS,-62.5107,-60.8479,,,17.7,-0.8,,,,15,27,16612,,,,8,11764,,,,9,25192,,,,7,26422,,,,28,29700,,,,5,28100,,,,13,14379,,,,30,15898,,,,,,,,,,,,,,,,,,,,,,,,,,,,,,,,,,,,,,
173711,21-Jun-18,20:34:04,2018-06-21 20:34:04,G,3,6,3893,1760,0,8,-62.5097,-60.8469,34:09.2,FastGPS,-62.5097,-60.8469,,,10,-0.8,,,,15,5,8256,,,,13,26472,,,,27,16799,,,,7,7462,,,,8,27312,,,,9,2146,,,,28,22684,,,,21,10967,,,,,,,,,,,,,,,,,,,,,,,,,,,,,,,,,,,,,,
173711,21-Jun-18,21:43:32,2018-06-21 21:43:32,G,1,6,3895,1760,0,6,-62.4982,-60.8474,43:37.2,FastGPS,-62.4982,-60.8474,,,2.6,-0.8,,,,15,15,23408,,,,5,28338,,,,30,18723,,,,13,5198,,,,7,29895,,,,28,1594,,,,,,,,,,,,,,,,,,,,,,,,,,,,,,,,,,,,,,,,,,,,,,,,
173711,22-Jun-18,5:37:18,2018-06-22 05:37:18,G,2,6,3896,1760,0,5,-62.4021,-60.9537,37:24.7,FastGPS,-62.4021,-60.9537,,,2.1,0.7,,,,15,5,7410,,,,2,31290,,,,4,21392,,,,25,15298,,,,26,14377,,,,,,,,,,,,,,,,,,,,,,,,,,,,,,,,,,,,,,,,,,,,,,,,,,,,,
173711,22-Jun-18,6:07:53,2018-06-22 06:07:53,G,1,6,3897,1760,0,7,-62.4027,-60.9618,07:59.2,FastGPS,-62.4027,-60.9618,,1,5.6,0.3,,,,15,5,11783,,,,31,1890,,,,21,7518,,,,29,2112,,,,25,28976,,,,4,12738,,,,26,694,,,,,,,,,,,,,,,,,,,,,,,,,,,,,,,,,,,,,,,,,,,
173711,22-Jun-18,7:21:48,2018-06-22 07:21:48,G,1,6,3899,1760,0,4,-62.4027,-60.9618,07:59.2,FastGPS,-62.4106,-61.0027,,,2,0.2,,,,15,29,3624,,,,5,6820,,,,15,25350,,,,16,13872,,,,,,,,,,,,,,,,,,,,,,,,,,,,,,,,,,,,,,,,,,,,,,,,,,,,,,,,,,
173711,22-Jun-18,7:52:21,2018-06-22 07:52:21,G,1,6,3900,1760,0,6,-62.4119,-61.0079,52:27.7,FastGPS,-62.4119,-61.0079,,,8.1,0.7,,,,15,29,12638,,,,15,11142,,,,16,4837,,,,7,1686,,,,27,18642,,,,5,371,,,,,,,,,,,,,,,,,,,,,,,,,,,,,,,,,,,,,,,,,,,,,,,,
173711,22-Jun-18,11:47:14,2018-06-22 11:47:14,G,2,6,3905,1761,0,5,-62.4736,-60.9651,47:19.2,FastGPS,-62.4736,-60.9651,,,1.3,-0.8,,,,15,28,26134,,,,1,13242,,,,24,27891,,,,11,19010,,,,18,10934,,,,,,,,,,,,,,,,,,,,,,,,,,,,,,,,,,,,,,,,,,,,,,,,,,,,,
173711,22-Jun-18,13:10:05,2018-06-22 13:10:05,G,2,6,3906,1761,0,6,-62.4993,-60.8671,10:11.2,FastGPS,-62.4993,-60.8671,,,9.8,0.2,,,,15,32,27252,,,,17,20619,,,,31,32220,,,,1,18360,,,,19,10130,,,,12,11351,,,,,,,,,,,,,,,,,,,,,,,,,,,,,,,,,,,,,,,,,,,,,,,,
173711,22-Jun-18,13:44:13,2018-06-22 13:44:13,G,2,6,3907,,0,9,-62.4996,-60.8323,44:19.7,FastGPS,-62.4996,-60.8323,,,11.7,0.7,,,,15,17,25485,,,,3,4948,,,,11,24982,,,,1,28786,,,,22,6719,,,,32,11326,,,,12,13640,,,,18,7100,,,,19,10830,,,,,,,,,,,,,,,,,,,,,,,,,,,,,,,,,
173711,22-Jun-18,19:12:40,2018-06-22 19:12:40,G,1,6,3912,1770,0,5,-62.5213,-60.8475,12:45.7,FastGPS,-62.5213,-60.8475,,,4.7,-0.3,,,,15,5,14940,,,,27,1302,,,,30,26459,,,,16,3482,,,,23,1189,,,,,,,,,,,,,,,,,,,,,,,,,,,,,,,,,,,,,,,,,,,,,,,,,,,,,
173711,22-Jun-18,19:43:19,2018-06-22 19:43:19,G,2,6,3913,1770,0,5,-62.5212,-60.8471,43:24.7,FastGPS,-62.5212,-60.8471,,,8.7,-0.3,,,,15,7,27206,,,,5,11594,,,,13,1327,,,,30,5894,,,,27,9698,,,,,,,,,,,,,,,,,,,,,,,,,,,,,,,,,,,,,,,,,,,,,,,,,,,,,
173711,22-Jun-18,20:13:01,2018-06-22 20:13:01,G,2,6,3914,1770,0,6,-62.5208,-60.8469,13:06.2,FastGPS,-62.5208,-60.8469,,,15.5,-0.8,,,,15,5,25382,,,,13,19963,,,,21,26970,,,,30,10139,,,,7,7212,,,,28,23684,,,,,,,,,,,,,,,,,,,,,,,,,,,,,,,,,,,,,,,,,,,,,,,,
173711,23-Jun-18,4:01:00,2018-06-23 04:01:00,G,1,6,3919,1772,0,5,-62.3588,-60.9522,01:06.2,FastGPS,-62.3588,-60.9522,,,0.5,0.3,,,,15,12,13119,,,,2,28446,,,,29,22016,,,,25,9483,,,,6,28956,,,,,,,,,,,,,,,,,,,,,,,,,,,,,,,,,,,,,,,,,,,,,,,,,,,,,
173711,23-Jun-18,6:19:38,2018-06-23 06:19:38,G,2,6,3921,1772,0,6,-62.4116,-60.82,19:44.2,FastGPS,-62.4116,-60.82,,1,3.3,0.2,,,,15,5,6007,,,,16,8647,,,,9,6026,,,,26,20666,,,,29,2548,,,,4,17670,,,,,,,,,,,,,,,,,,,,,,,,,,,,,,,,,,,,,,,,,,,,,,,,
173711,23-Jun-18,6:49:00,2018-06-23 06:49:00,G,2,6,3922,1772,0,5,-62.4198,-60.8106,49:06.2,FastGPS,-62.4198,-60.8106,,,4.2,0.2,,,,15,5,14109,,,,26,12749,,,,4,14863,,,,21,4802,,,,16,17789,,,,,,,,,,,,,,,,,,,,,,,,,,,,,,,,,,,,,,,,,,,,,,,,,,,,,
173711,23-Jun-18,7:21:32,2018-06-23 07:21:32,G,1,6,3923,1772,0,8,-62.4307,-60.7984,21:38.7,FastGPS,-62.4307,-60.7984,,,11.1,0.7,,,,15,27,29352,,,,16,12716,,,,29,16782,,,,5,22884,,,,26,3290,,,,21,16902,,,,4,10758,,,,7,12769,,,,,,,,,,,,,,,,,,,,,,,,,,,,,,,,,,,,,,
173711,23-Jun-18,7:51:02,2018-06-23 07:51:02,G,5,6,3924,,0,9,-62.4391,-60.7983,51:08.2,FastGPS,-62.4391,-60.7983,,1,8.9,0.2,,,,15,20,30714,,,,4,6341,,,,26,18456,,,,27,12878,,,,7,21584,,,,16,20805,,,,29,18637,,,,10,7939,,,,5,7780,,,,,,,,,,,,,,,,,,,,,,,,,,,,,,,,,
173711,23-Jun-18,8:21:00,2018-06-23 08:21:00,G,1,6,3925,1772,0,7,-62.4437,-60.8051,21:06.3,FastGPS,-62.4437,-60.8051,,,6.2,0.3,,,,15,15,5258,,,,7,32528,,,,21,27568,,,,27,26183,,,,29,20576,,,,13,23920,,,,8,1658,,,,,,,,,,,,,,,,,,,,,,,,,,,,,,,,,,,,,,,,,,,
173711,23-Jun-18,10:01:07,2018-06-23 10:01:07,G,1,6,3928,1772,0,8,-62.4628,-60.817,01:13.2,FastGPS,-62.4628,-60.817,,,9.6,0.2,,,,15,27,537,,,,18,14408,,,,11,14953,,,,10,21862,,,,8,6206,,,,20,4976,,,,13,16981,,,,30,872,,,,,,,,,,,,,,,,,,,,,,,,,,,,,,,,,,,,,,
173711,23-Jun-18,10:32:00,2018-06-23 10:32:00,G,1,6,3929,1772,0,7,-62.4627,-60.8171,32:06.7,FastGPS,-62.4627,-60.8171,,,6.6,0.7,,,,15,10,11033,,,,1,9256,,,,8,21580,,,,18,12629,,,,20,14926,,,,27,15063,,,,11,14729,,,,,,,,,,,,,,,,,,,,,,,,,,,,,,,,,,,,,,,,,,,
173711,23-Jun-18,11:02:00,2018-06-23 11:02:00,G,1,6,3930,1772,0,7,-62.4627,-60.8176,02:06.7,FastGPS,-62.4627,-60.8176,,,10.5,0.7,,,,15,11,30265,,,,8,23502,,,,18,25788,,,,32,28616,,,,1,25144,,,,28,10616,,,,14,32008,,,,,,,,,,,,,,,,,,,,,,,,,,,,,,,,,,,,,,,,,,,
173711,23-Jun-18,12:07:19,2018-06-23 12:07:19,G,1,6,3932,1772,0,6,-62.4712,-60.7992,07:25.3,FastGPS,-62.4712,-60.7992,,,6.1,0.3,,,,15,22,21538,,,,10,19854,,,,8,31770,,,,32,29551,,,,14,13902,,,,11,17496,,,,,,,,,,,,,,,,,,,,,,,,,,,,,,,,,,,,,,,,,,,,,,,,
173711,23-Jun-18,14:09:00,2018-06-23 14:09:00,G,1,6,3936,,0,9,-62.4874,-60.8232,09:06.7,FastGPS,-62.4874,-60.8232,,,9,0.7,,,,15,31,12804,,,,17,21507,,,,1,16243,,,,23,14760,,,,22,16684,,,,18,13433,,,,11,3812,,,,14,25945,,,,3,10836,,,,,,,,,,,,,,,,,,,,,,,,,,,,,,,,,
173711,23-Jun-18,14:40:45,2018-06-23 14:40:45,G,1,6,3937,,0,9,-62.493,-60.831,40:51.2,FastGPS,-62.493,-60.831,,,7,0.2,,,,15,17,4575,,,,23,6215,,,,12,12166,,,,1,31524,,,,19,12201,,,,6,1598,,,,3,28654,,,,32,4792,,,,14,30710,,,,,,,,,,,,,,,,,,,,,,,,,,,,,,,,,
173711,23-Jun-18,15:32:17,2018-06-23 15:32:17,G,1,6,3938,1773,0,7,-62.4999,-60.832,32:23.2,FastGPS,-62.4999,-60.832,,,9.3,0.2,,,,15,9,26696,,,,19,27643,,,,6,27001,,,,23,24414,,,,17,29738,,,,31,6297,,,,4,2038,,,,,,,,,,,,,,,,,,,,,,,,,,,,,,,,,,,,,,,,,,,
173711,23-Jun-18,16:05:27,2018-06-23 16:05:27,G,1,6,3939,1773,0,8,-62.5054,-60.8298,05:33.2,FastGPS,-62.5054,-60.8298,,1,7.3,0.2,,,,15,31,13635,,,,6,2534,,,,2,25210,,,,26,14251,,,,4,23748,,,,25,21334,,,,9,16228,,,,22,18788,,,,,,,,,,,,,,,,,,,,,,,,,,,,,,,,,,,,,,
173711,23-Jun-18,16:37:24,2018-06-23 16:37:24,G,1,6,3940,1773,0,6,-62.5107,-60.8396,37:30.7,FastGPS,-62.5107,-60.8396,,,4.7,0.7,,,,15,9,1410,,,,2,11355,,,,3,12068,,,,23,10622,,,,6,15584,,,,7,23658,,,,,,,,,,,,,,,,,,,,,,,,,,,,,,,,,,,,,,,,,,,,,,,,
173711,23-Jun-18,17:41:00,2018-06-23 17:41:00,G,1,6,3941,,0,9,-62.5245,-60.8476,41:06.2,FastGPS,-62.5245,-60.8476,,,7.3,0.2,,,,15,7,20155,,,,23,14795,,,,2,23424,,,,29,31408,,,,9,31640,,,,5,23420,,,,6,30520,,,,16,11022,,,,30,18991,,,,,,,,,,,,,,,,,,,,,,,,,,,,,,,,,
173711,23-Jun-18,20:25:09,2018-06-23 20:25:09,G,1,6,3946,1775,0,8,-62.5298,-60.869,25:15.2,FastGPS,-62.5298,-60.869,,,24.8,0.2,,,,15,5,16943,,,,8,114,,,,9,11737,,,,28,25912,,,,7,16520,,,,27,24375,,,,30,1960,,,,15,18472,,,,,,,,,,,,,,,,,,,,,,,,,,,,,,,,,,,,,,
173711,23-Jun-18,21:34:57,2018-06-23 21:34:57,G,2,6,3947,1777,0,7,-62.5368,-60.8541,35:03.2,FastGPS,-62.5368,-60.8541,,,11.4,0.2,,,,15,15,18726,,,,20,31705,,,,8,14199,,,,7,28489,,,,13,1940,,,,11,3738,,,,5,27002,,,,,,,,,,,,,,,,,,,,,,,,,,,,,,,,,,,,,,,,,,,
173711,23-Jun-18,22:08:26,2018-06-23 22:08:26,G,1,6,3948,1777,0,4,-62.4712,-60.7992,07:25.3,FastGPS,-62.5528,-60.8496,,,0.5,0.7,,,,15,15,25349,,,,13,16062,,,,28,14427,,,,20,17068,,,,,,,,,,,,,,,,,,,,,,,,,,,,,,,,,,,,,,,,,,,,,,,,,,,,,,,,,,
173711,23-Jun-18,22:40:32,2018-06-23 22:40:32,G,1,6,3949,1777,0,5,-62.5611,-60.8373,40:37.7,FastGPS,-62.5611,-60.8373,,,4.6,-0.3,,,,15,17,1742,,,,13,19601,,,,15,23963,,,,30,16612,,,,28,8615,,,,,,,,,,,,,,,,,,,,,,,,,,,,,,,,,,,,,,,,,,,,,,,,,,,,,
173711,24-Jun-18,0:14:27,2018-06-24 00:14:27,G,1,6,3952,1777,0,8,-62.5618,-60.8467,14:32.2,FastGPS,-62.5618,-60.8467,,,12.6,-0.8,,,,15,12,5936,,,,17,10602,,,,15,15626,,,,24,2707,,,,1,19719,,,,13,32100,,,,19,106,,,,28,8830,,,,,,,,,,,,,,,,,,,,,,,,,,,,,,,,,,,,,,
173711,24-Jun-18,0:48:57,2018-06-24 00:48:57,G,2,6,3953,1777,0,5,-62.5666,-60.8497,49:03.7,FastGPS,-62.5666,-60.8497,,,1.3,0.7,,,,15,15,25933,,,,12,16531,,,,17,4380,,,,24,16772,,,,32,18702,,,,,,,,,,,,,,,,,,,,,,,,,,,,,,,,,,,,,,,,,,,,,,,,,,,,,
173711,24-Jun-18,1:19:00,2018-06-24 01:19:00,G,3,6,3954,1777,0,5,-62.5694,-60.8545,19:05.2,FastGPS,-62.5694,-60.8545,,,14.1,-0.8,,,,15,6,5476,,,,12,11883,,,,24,8202,,,,17,7608,,,,25,9613,,,,,,,,,,,,,,,,,,,,,,,,,,,,,,,,,,,,,,,,,,,,,,,,,,,,,
173711,24-Jun-18,2:04:00,2018-06-24 02:04:00,G,2,6,3955,1778,0,7,-62.5681,-60.856,04:06.2,FastGPS,-62.5681,-60.856,,,8.6,0.2,,,,15,32,22534,,,,19,26178,,,,14,12172,,,,12,5853,,,,6,20666,,,,25,13685,,,,17,17590,,,,,,,,,,,,,,,,,,,,,,,,,,,,,,,,,,,,,,,,,,,
173711,24-Jun-18,2:34:00,2018-06-24 02:34:00,G,1,6,3956,,0,9,-62.5719,-60.8609,34:06.2,FastGPS,-62.5719,-60.8609,,,6.3,0.2,,,,15,29,14736,,,,32,15436,,,,25,24926,,,,12,21850,,,,31,30033,,,,14,10762,,,,3,21240,,,,24,23143,,,,22,2806,,,,,,,,,,,,,,,,,,,,,,,,,,,,,,,,,
173711,24-Jun-18,4:32:00,2018-06-24 04:32:00,G,1,6,,,,0,,,,,,,,,,,,,,15,,,,,,,,,,,,,,,,,,,,,,,,,,,,,,,,,,,,,,,,,,,,,,,,,,,,,,,,,,,,,,,,,,,,,,,,,,,
173711,24-Jun-18,4:45:45,2018-06-24 04:45:45,G,1,6,3960,1778,0,8,-62.578,-60.8942,45:51.2,FastGPS,-62.578,-60.8942,,,11.7,0.2,,,,15,12,26018,,,,5,11458,,,,31,5176,,,,25,28916,,,,26,2529,,,,4,8906,,,,29,15330,,,,2,19486,,,,,,,,,,,,,,,,,,,,,,,,,,,,,,,,,,,,,,
173711,24-Jun-18,5:18:13,2018-06-24 05:18:13,G,1,6,3961,,0,9,-62.5784,-60.8904,18:19.2,FastGPS,-62.5784,-60.8904,,,6.9,0.2,,,,15,5,6840,,,,29,11378,,,,23,29040,,,,9,17158,,,,31,18979,,,,25,6907,,,,4,15240,,,,2,2875,,,,26,32341,,,,,,,,,,,,,,,,,,,,,,,,,,,,,,,,,
173711,24-Jun-18,6:04:29,2018-06-24 06:04:29,G,1,6,3962,1779,0,5,-62.5528,-60.8496,08:32.7,FastGPS,-62.5871,-60.8989,,1,0.2,0.2,,,,15,5,16516,,,,16,7459,,,,29,30193,,,,25,8694,,,,4,19639,,,,,,,,,,,,,,,,,,,,,,,,,,,,,,,,,,,,,,,,,,,,,,,,,,,,,
173711,24-Jun-18,6:38:12,2018-06-24 06:38:12,G,2,6,3963,1779,0,7,-62.589,-60.9226,38:18.2,FastGPS,-62.589,-60.9226,,1,11.1,0.2,,,,15,21,7696,,,,29,17290,,,,4,15584,,,,26,7834,,,,16,26698,,,,5,20814,,,,27,16780,,,,,,,,,,,,,,,,,,,,,,,,,,,,,,,,,,,,,,,,,,,
173711,24-Jun-18,8:50:28,2018-06-24 08:50:28,G,2,6,3966,1781,0,8,-62.6113,-61.0006,50:34.7,FastGPS,-62.6113,-61.0006,,,8.1,0.7,,,,15,21,28954,,,,20,21104,,,,7,28252,,,,10,21696,,,,27,21836,,,,16,17822,,,,15,13698,,,,8,32644,,,,,,,,,,,,,,,,,,,,,,,,,,,,,,,,,,,,,,
173711,24-Jun-18,9:20:01,2018-06-24 09:20:01,G,1,6,3967,1781,0,8,-62.6116,-61.0331,20:06.7,FastGPS,-62.6116,-61.0331,,,11,-0.3,,,,15,10,32687,,,,21,1688,,,,20,19521,,,,8,24517,,,,16,14892,,,,18,10858,,,,27,1126,,,,15,7994,,,,,,,,,,,,,,,,,,,,,,,,,,,,,,,,,,,,,,
173711,24-Jun-18,9:53:54,2018-06-24 09:53:54,G,2,6,3968,1781,0,5,-62.6115,-61.061,53:59.6,FastGPS,-62.6115,-61.061,,,4.1,-0.3,,,,15,10,4006,,,,15,11615,,,,21,17145,,,,27,23266,,,,20,28288,,,,,,,,,,,,,,,,,,,,,,,,,,,,,,,,,,,,,,,,,,,,,,,,,,,,,
173711,24-Jun-18,10:25:24,2018-06-24 10:25:24,G,1,6,3969,1781,0,6,-62.6071,-61.0764,25:29.2,FastGPS,-62.6071,-61.0764,,,9.7,-0.8,,,,15,20,1718,,,,32,23928,,,,15,11617,,,,27,1788,,,,10,24823,,,,21,30366,,,,,,,,,,,,,,,,,,,,,,,,,,,,,,,,,,,,,,,,,,,,,,,,
173711,24-Jun-18,11:06:16,2018-06-24 11:06:16,G,1,6,3970,1781,0,8,-62.5958,-61.105,06:22.2,FastGPS,-62.5958,-61.105,,,5.3,0.2,,,,15,32,4322,,,,27,8009,,,,24,23130,,,,10,21696,,,,14,21176,,,,8,25857,,,,20,15262,,,,15,16442,,,,,,,,,,,,,,,,,,,,,,,,,,,,,,,,,,,,,,
173711,24-Jun-18,11:39:03,2018-06-24 11:39:03,G,1,6,3971,,0,9,-62.5876,-61.1215,39:09.2,FastGPS,-62.5876,-61.1215,,,4.6,0.2,,,,15,10,22446,,,,14,1652,,,,20,6076,,,,8,3212,,,,32,15081,,,,22,32164,,,,24,12681,,,,18,28398,,,,27,16383,,,,,,,,,,,,,,,,,,,,,,,,,,,,,,,,,
173711,24-Jun-18,13:14:07,2018-06-24 13:14:07,G,2,6,3974,,0,9,-62.5766,-61.1836,14:13.7,FastGPS,-62.5766,-61.1836,,,9.7,0.7,,,,15,18,10658,,,,31,16700,,,,17,16776,,,,3,17750,,,,1,22880,,,,22,25881,,,,11,26502,,,,14,16478,,,,32,29077,,,,,,,,,,,,,,,,,,,,,,,,,,,,,,,,,
173711,24-Jun-18,14:54:48,2018-06-24 14:54:48,G,3,6,3977,1781,0,7,-62.5986,-61.1841,54:53.7,FastGPS,-62.5986,-61.1841,,,10.1,-0.3,,,,15,12,17306,,,,31,18420,,,,22,18338,,,,19,4966,,,,6,9546,,,,14,21320,,,,25,19192,,,,,,,,,,,,,,,,,,,,,,,,,,,,,,,,,,,,,,,,,,,
173711,24-Jun-18,15:25:30,2018-06-24 15:25:30,G,1,6,3978,1781,0,6,-62.6067,-61.1645,25:35.2,FastGPS,-62.6067,-61.1645,,,7.6,-0.8,,,,15,31,20412,,,,6,58,,,,22,17160,,,,23,28596,,,,3,922,,,,4,1362,,,,,,,,,,,,,,,,,,,,,,,,,,,,,,,,,,,,,,,,,,,,,,,,
173711,24-Jun-18,15:55:02,2018-06-24 15:55:02,G,1,6,3979,1781,0,7,-62.6125,-61.1511,55:08.7,FastGPS,-62.6125,-61.1511,,1,4.8,0.7,,,,15,19,24530,,,,31,16470,,,,9,11433,,,,6,15800,,,,2,19399,,,,4,23974,,,,25,21830,,,,,,,,,,,,,,,,,,,,,,,,,,,,,,,,,,,,,,,,,,,
173711,24-Jun-18,16:44:41,2018-06-24 16:44:41,G,1,6,3980,1781,0,7,-62.6298,-61.1451,44:46.2,FastGPS,-62.6298,-61.1451,,,9.2,-0.8,,,,15,2,26416,,,,6,24672,,,,7,8014,,,,9,18848,,,,29,24141,,,,31,23498,,,,4,26609,,,,,,,,,,,,,,,,,,,,,,,,,,,,,,,,,,,,,,,,,,,
173711,24-Jun-18,20:25:25,2018-06-24 20:25:25,G,2,6,3985,1783,0,5,-62.6654,-61.1743,25:31.7,FastGPS,-62.6654,-61.1743,,,1.3,0.7,,,,15,5,14227,,,,13,20762,,,,7,8700,,,,30,7287,,,,28,18794,,,,,,,,,,,,,,,,,,,,,,,,,,,,,,,,,,,,,,,,,,,,,,,,,,,,,
173711,24-Jun-18,20:57:03,2018-06-24 20:57:03,G,2,6,3986,1783,0,7,-62.6776,-61.2067,57:08.2,FastGPS,-62.6776,-61.2067,,,10.4,-0.8,,,,15,5,22300,,,,13,10900,,,,15,19742,,,,28,23821,,,,30,14930,,,,27,17245,,,,7,30898,,,,,,,,,,,,,,,,,,,,,,,,,,,,,,,,,,,,,,,,,,,
173711,24-Jun-18,21:43:52,2018-06-24 21:43:52,G,3,6,3987,1783,0,6,-62.6915,-61.2743,43:58.7,FastGPS,-62.6915,-61.2743,,,4.9,0.7,,,,15,15,11999,,,,5,19856,,,,28,1870,,,,13,25512,,,,30,27612,,,,20,18222,,,,,,,,,,,,,,,,,,,,,,,,,,,,,,,,,,,,,,,,,,,,,,,,
173711,25-Jun-18,0:32:59,2018-06-25 00:32:59,G,2,6,3988,1783,0,8,-62.6534,-61.5124,33:04.2,FastGPS,-62.6534,-61.5124,,,3.3,-0.8,,,,15,17,8456,,,,12,2729,,,,19,13428,,,,24,4256,,,,15,2699,,,,1,1617,,,,28,30298,,,,10,16880,,,,,,,,,,,,,,,,,,,,,,,,,,,,,,,,,,,,,,
173711,25-Jun-18,2:18:30,2018-06-25 02:18:30,G,2,6,3989,,0,9,-62.5873,-61.5453,18:35.2,FastGPS,-62.5873,-61.5453,,,7.1,-0.8,,,,15,19,21383,,,,17,10028,,,,6,27502,,,,12,31076,,,,25,32622,,,,24,9705,,,,3,30186,,,,31,20100,,,,2,774,,,,,,,,,,,,,,,,,,,,,,,,,,,,,,,,,
173711,25-Jun-18,4:56:33,2018-06-25 04:56:33,G,1,6,3990,1783,0,4,-62.6421,-61.2145,36:30.2,FastGPS,-62.5612,-61.382,,,2.3,-0.3,,,,15,5,24256,,,,2,3041,,,,12,23465,,,,29,1860,,,,,,,,,,,,,,,,,,,,,,,,,,,,,,,,,,,,,,,,,,,,,,,,,,,,,,,,,,
173711,25-Jun-18,5:40:29,2018-06-25 05:40:29,G,1,6,3991,1783,0,8,-62.5786,-61.3346,40:35.2,FastGPS,-62.5786,-61.3346,,,14,0.2,,,,15,16,8821,,,,26,22274,,,,4,14798,,,,31,14213,,,,5,21690,,,,29,7658,,,,2,20755,,,,9,32645,,,,,,,,,,,,,,,,,,,,,,,,,,,,,,,,,,,,,,
173711,25-Jun-18,6:10:23,2018-06-25 06:10:23,G,1,6,3992,1783,0,7,-62.5991,-61.3081,10:28.7,FastGPS,-62.5991,-61.3081,,1,7.8,-0.3,,,,15,5,6938,,,,16,9369,,,,31,3970,,,,26,22660,,,,21,6880,,,,4,19737,,,,29,4675,,,,,,,,,,,,,,,,,,,,,,,,,,,,,,,,,,,,,,,,,,,
173711,25-Jun-18,8:41:58,2018-06-25 08:41:58,G,1,6,3995,1786,0,8,-62.6153,-61.3008,42:04.7,FastGPS,-62.6153,-61.3008,,,13.1,0.7,,,,15,10,27779,,,,15,29670,,,,16,23400,,,,21,31183,,,,20,4748,,,,8,6358,,,,7,29432,,,,26,16430,,,,,,,,,,,,,,,,,,,,,,,,,,,,,,,,,,,,,,
173711,25-Jun-18,11:41:00,2018-06-25 11:41:00,G,1,6,3998,,0,9,-62.6181,-61.3055,41:06.7,FastGPS,-62.6181,-61.3055,,,5.3,0.7,,,,15,8,26283,,,,22,4170,,,,10,11701,,,,27,29942,,,,14,3784,,,,32,2015,,,,11,24569,,,,1,30314,,,,28,13600,,,,,,,,,,,,,,,,,,,,,,,,,,,,,,,,,
173711,25-Jun-18,12:13:57,2018-06-25 12:13:57,G,1,6,3999,,0,9,-62.6175,-61.3055,14:03.2,FastGPS,-62.6175,-61.3055,,,12.4,0.2,,,,15,22,13467,,,,32,30084,,,,8,875,,,,28,32639,,,,11,25629,,,,3,2412,,,,1,424,,,,10,23350,,,,14,23800,,,,,,,,,,,,,,,,,,,,,,,,,,,,,,,,,
173711,25-Jun-18,13:18:26,2018-06-25 13:18:26,G,1,6,4001,1791,0,8,-62.6359,-61.2965,18:32.7,FastGPS,-62.6359,-61.2965,,,6,0.7,,,,15,17,7208,,,,12,11841,,,,11,17134,,,,18,148,,,,3,22138,,,,1,30025,,,,19,29578,,,,22,15438,,,,,,,,,,,,,,,,,,,,,,,,,,,,,,,,,,,,,,
173711,25-Jun-18,14:18:56,2018-06-25 14:18:56,G,2,6,4002,1793,0,7,-62.6427,-61.265,19:02.2,FastGPS,-62.6427,-61.265,,,8.6,0.2,,,,15,12,19846,,,,31,19744,,,,32,26420,,,,25,5050,,,,14,6856,,,,1,4156,,,,19,4990,,,,,,,,,,,,,,,,,,,,,,,,,,,,,,,,,,,,,,,,,,,
173711,25-Jun-18,15:20:47,2018-06-25 15:20:47,G,1,6,4004,,0,9,-62.6417,-61.2113,20:53.1,FastGPS,-62.6417,-61.2113,,,10.6,0.2,,,,15,31,12238,,,,22,10143,,,,9,14966,,,,17,13678,,,,23,17671,,,,6,22478,,,,4,22482,,,,19,6198,,,,26,23516,,,,,,,,,,,,,,,,,,,,,,,,,,,,,,,,,
173711,25-Jun-18,16:23:00,2018-06-25 16:23:00,G,3,6,4006,,0,9,-62.6416,-61.2122,23:06.2,FastGPS,-62.6416,-61.2122,,1,5.4,0.2,,,,15,3,24468,,,,22,6700,,,,9,9550,,,,6,13242,,,,23,5517,,,,26,22487,,,,16,21090,,,,2,21304,,,,4,12708,,,,,,,,,,,,,,,,,,,,,,,,,,,,,,,,,
173711,25-Jun-18,16:54:03,2018-06-25 16:54:03,G,2,6,4007,,0,9,-62.6416,-61.2121,54:09.6,FastGPS,-62.6416,-61.2121,,,10.9,0.6,,,,15,7,13270,,,,3,30621,,,,6,32214,,,,2,12619,,,,16,121,,,,29,18897,,,,23,31764,,,,4,27900,,,,9,12340,,,,,,,,,,,,,,,,,,,,,,,,,,,,,,,,,
173711,25-Jun-18,17:55:41,2018-06-25 17:55:41,G,1,6,4009,1793,0,7,-62.6416,-61.2122,55:47.6,FastGPS,-62.6416,-61.2122,,,8.3,0.7,,,,15,7,27987,,,,23,15012,,,,9,6856,,,,2,280,,,,30,16867,,,,5,9612,,,,6,22482,,,,,,,,,,,,,,,,,,,,,,,,,,,,,,,,,,,,,,,,,,,
173711,25-Jun-18,20:36:24,2018-06-25 20:36:24,G,1,6,4013,1795,0,5,-62.6421,-61.2145,36:30.2,FastGPS,-62.6421,-61.2145,,,5.2,0.2,,,,15,5,17084,,,,7,792,,,,8,14995,,,,28,30546,,,,13,9510,,,,,,,,,,,,,,,,,,,,,,,,,,,,,,,,,,,,,,,,,,,,,,,,,,,,,
173711,26-Jun-18,0:56:50,2018-06-26 00:56:50,G,1,6,4019,1796,0,8,-62.7132,-61.2086,56:56.6,FastGPS,-62.7132,-61.2086,,,12.2,0.6,,,,15,12,31724,,,,17,1280,,,,32,25203,,,,24,10515,,,,22,16475,,,,19,6642,,,,15,18459,,,,1,13469,,,,,,,,,,,,,,,,,,,,,,,,,,,,,,,,,,,,,,
173711,26-Jun-18,1:29:23,2018-06-26 01:29:23,G,1,6,4020,1796,0,8,-62.7157,-61.2178,29:28.6,FastGPS,-62.7157,-61.2178,,,6.2,-0.4,,,,15,6,10826,,,,12,29438,,,,24,19547,,,,32,22538,,,,17,19096,,,,25,2353,,,,2,17962,,,,14,13854,,,,,,,,,,,,,,,,,,,,,,,,,,,,,,,,,,,,,,
173711,26-Jun-18,2:36:44,2018-06-26 02:36:44,G,1,6,4022,1796,0,8,-62.7162,-61.2648,36:49.6,FastGPS,-62.7162,-61.2648,,,11.1,-0.4,,,,15,2,29219,,,,12,27644,,,,24,20986,,,,29,14880,,,,31,28938,,,,25,4702,,,,32,2794,,,,14,22062,,,,,,,,,,,,,,,,,,,,,,,,,,,,,,,,,,,,,,
173711,26-Jun-18,3:13:10,2018-06-26 03:13:10,G,1,6,4023,1796,0,8,-62.712,-61.2918,13:15.1,FastGPS,-62.712,-61.2918,,,12,-0.9,,,,15,29,26065,,,,31,18463,,,,12,16188,,,,14,6671,,,,25,24432,,,,32,22924,,,,3,6246,,,,2,8001,,,,,,,,,,,,,,,,,,,,,,,,,,,,,,,,,,,,,,
173711,26-Jun-18,3:43:04,2018-06-26 03:43:04,G,2,6,4024,1796,0,6,-62.7048,-61.3261,43:10.6,FastGPS,-62.7048,-61.3261,,1,5,0.6,,,,15,29,15000,,,,31,7898,,,,12,7014,,,,4,21806,,,,2,7914,,,,25,20995,,,,,,,,,,,,,,,,,,,,,,,,,,,,,,,,,,,,,,,,,,,,,,,,
173711,26-Jun-18,4:13:00,2018-06-26 04:13:00,G,2,6,4025,1796,0,6,-62.707,-61.3359,13:05.1,FastGPS,-62.707,-61.3359,,,3.8,-0.9,,,,15,12,91,,,,2,16698,,,,6,15832,,,,23,23200,,,,5,22010,,,,25,8342,,,,,,,,,,,,,,,,,,,,,,,,,,,,,,,,,,,,,,,,,,,,,,,,
173711,26-Jun-18,7:33:36,2018-06-26 07:33:36,G,1,6,4028,1802,0,8,-62.704,-61.3132,33:42.1,FastGPS,-62.704,-61.3132,,,9.6,0.1,,,,15,29,26791,,,,4,13161,,,,20,30212,,,,16,12273,,,,26,23173,,,,15,6630,,,,27,17762,,,,10,1360,,,,,,,,,,,,,,,,,,,,,,,,,,,,,,,,,,,,,,
173711,26-Jun-18,8:20:00,2018-06-26 08:20:00,G,1,6,4029,1803,0,8,-62.704,-61.3126,20:06.6,FastGPS,-62.704,-61.3126,,,6.9,0.6,,,,15,15,24238,,,,27,22777,,,,7,20984,,,,21,2222,,,,13,26794,,,,16,842,,,,8,20880,,,,30,2932,,,,,,,,,,,,,,,,,,,,,,,,,,,,,,,,,,,,,,
173711,26-Jun-18,11:58:15,2018-06-26 11:58:15,G,1,6,4033,1808,0,8,-62.704,-61.3129,58:20.1,FastGPS,-62.704,-61.3129,,,12,-0.9,,,,15,22,29862,,,,8,12514,,,,32,24722,,,,14,17766,,,,10,795,,,,3,10974,,,,11,16729,,,,17,32122,,,,,,,,,,,,,,,,,,,,,,,,,,,,,,,,,,,,,,
