Name,Day,Time,Date,lc,Count,Time Offset,LocNumber,Failures,Hauled Out,Satellites,InitLat,InitLon,InitTime,InitType,Latitude,Longitude,Height,Bad Sats,Residual,Time Error,TWIC Power,Fastloc Power,Noise,Range Bits,Id,Range,Signal,Doppler,CNR,Id,Range,Signal,Doppler,CNR,Id,Range,Signal,Doppler,CNR,Id,Range,Signal,Doppler,CNR,Id,Range,Signal,Doppler,CNR,Id,Range,Signal,Doppler,CNR,Id,Range,Signal,Doppler,CNR,Id,Range,Signal,Doppler,CNR,Id,Range,Signal,Doppler,CNR,Id,Range,Signal,Doppler,CNR,Id,Range,Signal,Doppler,CNR,Id,Range,Signal,Doppler,CNR,Id,Range,Signal,Doppler,CNR,Id,Range,Signal,Doppler,CNR,Id,Range,Signal,Doppler,CNR
180857,20-Apr-19,19:14:00,2019-04-20 19:14:00,G,38,,30,2,0,6,-62.4704,-60.7715,14:00.5,FastGPS,-62.4704,-60.7715,,,1.2,0.5,,,,15,22,17770,,,,3,11758,,,,23,4496,,,,31,28214,,,,26,12829,,,,1,13896,,,,,,,,,,,,,,,,,,,,,,,,,,,,,,,,,,,,,,,,,,,,,,,,
180857,20-Apr-19,20:14:00,2019-04-20 20:14:00,G,14,,31,2,1,8,-62.4705,-60.7711,14:00.5,FastGPS,-62.4705,-60.7711,,1,6.9,0.5,,,,15,23,19282,,,,3,32525,,,,9,28535,,,,6,12539,,,,16,21523,,,,26,15352,,,,22,5881,,,,4,6824,,,,,,,,,,,,,,,,,,,,,,,,,,,,,,,,,,,,,,
180857,21-Apr-19,20:26:26,2019-04-21 20:26:26,G,28,,32,,0,9,-62.4539,-60.7767,26:27.0,FastGPS,-62.4539,-60.7767,,1,6.4,1,,,,15,4,30510,,,,2,5538,,,,16,14886,,,,9,30157,,,,6,18550,,,,26,2281,,,,23,27935,,,,3,27480,,,,29,18346,,,,,,,,,,,,,,,,,,,,,,,,,,,,,,,,,
180857,21-Apr-19,21:26:00,2019-04-21 21:26:00,G,20,,33,4,0,8,-62.4401,-60.7821,26:01.0,FastGPS,-62.4401,-60.7821,,1,14.4,1,,,,15,7,25897,,,,23,17063,,,,16,3250,,,,4,23250,,,,2,6970,,,,9,27224,,,,6,20646,,,,30,1436,,,,,,,,,,,,,,,,,,,,,,,,,,,,,,,,,,,,,,
180857,21-Apr-19,22:30:14,2019-04-21 22:30:14,G,30,,34,4,0,8,-62.4327,-60.7805,30:14.0,FastGPS,-62.4327,-60.7805,,1,10.6,0,,,,15,5,13552,,,,7,25516,,,,4,9028,,,,30,2970,,,,27,8537,,,,9,13058,,,,13,7580,,,,16,18600,,,,,,,,,,,,,,,,,,,,,,,,,,,,,,,,,,,,,,
180857,21-Apr-19,23:30:20,2019-04-21 23:30:20,G,36,,35,4,0,6,-62.4277,-60.7865,30:20.5,FastGPS,-62.4277,-60.7865,,1,1,0.5,,,,15,7,17096,,,,5,14294,,,,13,24362,,,,30,1271,,,,4,29762,,,,9,6447,,,,,,,,,,,,,,,,,,,,,,,,,,,,,,,,,,,,,,,,,,,,,,,,
180857,22-Apr-19,0:31:18,2019-04-22 00:31:18,G,14,,36,,0,9,-62.4197,-60.7954,31:18.0,FastGPS,-62.4197,-60.7954,,1,12.4,0,,,,15,28,16355,,,,15,29656,,,,30,31032,,,,13,16544,,,,7,2541,,,,27,30859,,,,8,850,,,,4,9760,,,,5,29095,,,,,,,,,,,,,,,,,,,,,,,,,,,,,,,,,
180857,22-Apr-19,2:04:00,2019-04-22 02:04:00,G,12,,37,,0,9,-62.4214,-60.8251,04:00.5,FastGPS,-62.4214,-60.8251,,,6.2,0.5,,,,15,15,28837,,,,28,18580,,,,13,11863,,,,11,5800,,,,24,9428,,,,17,543,,,,1,28528,,,,18,22436,,,,20,22557,,,,,,,,,,,,,,,,,,,,,,,,,,,,,,,,,
180857,22-Apr-19,3:04:01,2019-04-22 03:04:01,G,4,,38,6,0,8,-62.4292,-60.8459,04:02.0,FastGPS,-62.4292,-60.8458,,,8.2,1,,,,15,24,31931,,,,12,27548,,,,15,30904,,,,28,24199,,,,1,5829,,,,11,20640,,,,13,6630,,,,18,1478,,,,,,,,,,,,,,,,,,,,,,,,,,,,,,,,,,,,,,
180857,22-Apr-19,4:04:04,2019-04-22 04:04:04,G,20,,39,6,0,8,-62.434,-60.8567,04:05.0,FastGPS,-62.434,-60.8566,,,4.8,1,,,,15,17,20772,,,,19,18707,,,,1,808,,,,24,25190,,,,12,7332,,,,22,13575,,,,32,20043,,,,15,9540,,,,,,,,,,,,,,,,,,,,,,,,,,,,,,,,,,,,,,
180857,22-Apr-19,5:06:02,2019-04-22 05:06:02,G,8,,40,,0,9,-62.4356,-60.8657,06:03.0,FastGPS,-62.4356,-60.8657,,,8.5,1,,,,15,12,28533,,,,17,14318,,,,19,18109,,,,6,27852,,,,25,10946,,,,32,28325,,,,24,5603,,,,2,6956,,,,3,18194,,,,,,,,,,,,,,,,,,,,,,,,,,,,,,,,,
180857,22-Apr-19,7:42:01,2019-04-22 07:42:01,G,4,,41,9,0,8,-62.4683,-60.8363,42:01.5,FastGPS,-62.4683,-60.8363,,,5.2,0.5,,,,15,31,17304,,,,12,19083,,,,29,9914,,,,25,16027,,,,23,4534,,,,5,16768,,,,2,21052,,,,26,12216,,,,,,,,,,,,,,,,,,,,,,,,,,,,,,,,,,,,,,
180857,22-Apr-19,9:29:01,2019-04-22 09:29:01,G,12,,42,12,0,8,-62.4695,-60.831,29:01.1,FastGPS,-62.4695,-60.831,,1,6.6,0.1,,,,15,29,17364,,,,5,10783,,,,31,8901,,,,26,4822,,,,16,4115,,,,9,22127,,,,21,6906,,,,4,12865,,,,,,,,,,,,,,,,,,,,,,,,,,,,,,,,,,,,,,
180857,22-Apr-19,11:22:17,2019-04-22 11:22:17,G,10,,43,,0,9,-62.4704,-60.8349,22:17.5,FastGPS,-62.4704,-60.8349,,,9.9,0.5,,,,15,16,16263,,,,15,6977,,,,21,12168,,,,27,14620,,,,26,6558,,,,13,3640,,,,20,6182,,,,29,24350,,,,5,10886,,,,,,,,,,,,,,,,,,,,,,,,,,,,,,,,,
180857,22-Apr-19,12:22:00,2019-04-22 12:22:00,G,12,,44,,1,9,-62.4835,-60.8083,22:00.5,FastGPS,-62.4835,-60.8083,,,14.1,0.5,,,,15,13,3809,,,,7,14764,,,,30,3286,,,,8,300,,,,15,392,,,,18,30237,,,,16,15765,,,,27,29684,,,,21,29352,,,,,,,,,,,,,,,,,,,,,,,,,,,,,,,,,
180857,22-Apr-19,20:25:29,2019-04-22 20:25:29,G,8,,45,,0,9,-62.4809,-60.8239,25:29.0,FastGPS,-62.4809,-60.8239,,1,8.7,0,,,,15,2,14047,,,,23,28008,,,,3,19890,,,,16,31180,,,,29,28350,,,,9,9007,,,,26,10634,,,,4,13672,,,,6,18218,,,,,,,,,,,,,,,,,,,,,,,,,,,,,,,,,
180857,22-Apr-19,22:04:22,2019-04-22 22:04:22,G,8,,46,18,0,6,-62.4671,-60.8426,04:22.6,FastGPS,-62.4671,-60.8426,,1,15.8,0.6,,,,15,23,19260,,,,7,26067,,,,5,7106,,,,9,12739,,,,4,11057,,,,16,2692,,,,,,,,,,,,,,,,,,,,,,,,,,,,,,,,,,,,,,,,,,,,,,,,
180857,23-Apr-19,0:04:31,2019-04-23 00:04:31,G,12,,47,,0,9,-62.4583,-60.8515,04:32.0,FastGPS,-62.4583,-60.8515,,1,13.5,1,,,,15,30,12658,,,,28,1065,,,,15,16250,,,,4,27514,,,,7,8697,,,,27,21162,,,,8,2132,,,,13,9963,,,,21,4559,,,,,,,,,,,,,,,,,,,,,,,,,,,,,,,,,
180857,23-Apr-19,1:04:01,2019-04-23 01:04:01,G,8,,48,18,0,6,-62.4751,-60.829,04:01.1,FastGPS,-62.4751,-60.829,,,12.4,0.1,,,,15,15,25827,,,,13,27158,,,,30,5972,,,,28,24202,,,,7,5907,,,,8,32506,,,,,,,,,,,,,,,,,,,,,,,,,,,,,,,,,,,,,,,,,,,,,,,,
180857,23-Apr-19,2:04:00,2019-04-23 02:04:00,G,12,,49,,0,9,-62.4835,-60.8088,04:00.6,FastGPS,-62.4835,-60.8088,,,5.8,0.6,,,,15,15,1907,,,,13,6520,,,,11,12538,,,,28,18043,,,,30,26894,,,,17,23438,,,,1,14765,,,,10,29074,,,,20,26182,,,,,,,,,,,,,,,,,,,,,,,,,,,,,,,,,
180857,23-Apr-19,3:04:00,2019-04-23 03:04:00,G,2,,50,18,1,8,-62.4837,-60.8088,04:00.6,FastGPS,-62.4837,-60.8088,,,7.3,0.6,,,,15,1,9333,,,,11,11820,,,,18,29086,,,,28,7993,,,,17,20588,,,,13,20438,,,,19,11676,,,,24,9405,,,,,,,,,,,,,,,,,,,,,,,,,,,,,,,,,,,,,,
180857,24-Apr-19,10:26:28,2019-04-24 10:26:28,G,4,,51,18,0,7,-62.4834,-60.8115,26:28.1,FastGPS,-62.4834,-60.8115,,,6.2,0.1,,,,15,5,14836,,,,26,13517,,,,16,4462,,,,21,11498,,,,27,6145,,,,20,1488,,,,29,25105,,,,,,,,,,,,,,,,,,,,,,,,,,,,,,,,,,,,,,,,,,,
180857,24-Apr-19,12:27:48,2019-04-24 12:27:48,G,6,,53,18,0,7,-62.5017,-60.8274,27:47.6,FastGPS,-62.5017,-60.8274,,,3.9,-0.4,,,,15,15,24567,,,,27,3087,,,,21,32544,,,,13,3748,,,,8,8002,,,,10,17926,,,,16,20447,,,,,,,,,,,,,,,,,,,,,,,,,,,,,,,,,,,,,,,,,,,
180857,24-Apr-19,13:29:25,2019-04-24 13:29:25,G,2,,54,18,0,8,-62.5081,-60.8236,29:24.6,FastGPS,-62.5081,-60.8236,,,11.7,-0.4,,,,15,15,19666,,,,10,31067,,,,27,20630,,,,8,6310,,,,20,24362,,,,28,27275,,,,32,31420,,,,18,21269,,,,,,,,,,,,,,,,,,,,,,,,,,,,,,,,,,,,,,
180857,24-Apr-19,18:06:00,2019-04-24 18:06:00,G,2,,58,,0,9,-62.5142,-60.8426,05:59.6,FastGPS,-62.5142,-60.8426,,,10.2,-0.4,,,,15,31,12980,,,,3,26752,,,,1,16274,,,,23,24770,,,,11,30616,,,,14,15567,,,,22,30268,,,,9,23718,,,,18,19032,,,,,,,,,,,,,,,,,,,,,,,,,,,,,,,,,
180857,24-Apr-19,19:07:51,2019-04-24 19:07:51,G,2,,59,20,0,8,-62.5098,-60.8445,07:50.6,FastGPS,-62.5098,-60.8445,,1,8.9,-0.4,,,,15,4,23242,,,,22,5085,,,,9,32197,,,,23,15168,,,,3,13444,,,,31,31066,,,,19,16087,,,,26,13289,,,,,,,,,,,,,,,,,,,,,,,,,,,,,,,,,,,,,,
180857,24-Apr-19,22:01:28,2019-04-24 22:01:28,G,6,,61,23,0,8,-62.5088,-60.8536,01:28.1,FastGPS,-62.5088,-60.8536,,1,8.2,0.1,,,,15,7,12290,,,,5,3186,,,,9,15117,,,,4,21523,,,,2,1650,,,,30,4916,,,,16,9310,,,,13,20274,,,,,,,,,,,,,,,,,,,,,,,,,,,,,,,,,,,,,,
180857,24-Apr-19,23:01:00,2019-04-24 23:01:00,G,4,,62,23,0,7,-62.4844,-60.8562,00:59.7,FastGPS,-62.4844,-60.8562,,1,10.7,-0.3,,,,15,4,14712,,,,9,3322,,,,7,17541,,,,5,21128,,,,28,12163,,,,13,14292,,,,30,10318,,,,,,,,,,,,,,,,,,,,,,,,,,,,,,,,,,,,,,,,,,,
180857,25-Apr-19,0:02:01,2019-04-25 00:02:01,G,4,,63,23,0,7,-62.4875,-60.8248,02:00.6,FastGPS,-62.4875,-60.8248,,,12.2,-0.4,,,,15,27,7325,,,,5,28894,,,,13,19376,,,,7,13190,,,,8,2305,,,,30,114,,,,15,2135,,,,,,,,,,,,,,,,,,,,,,,,,,,,,,,,,,,,,,,,,,,
180857,25-Apr-19,1:02:05,2019-04-25 01:02:05,G,8,,64,23,0,4,-62.4844,-60.8562,00:59.7,FastGPS,-62.4868,-60.8328,,,0.5,0.1,,,,15,28,32242,,,,15,7420,,,,13,25381,,,,30,15881,,,,,,,,,,,,,,,,,,,,,,,,,,,,,,,,,,,,,,,,,,,,,,,,,,,,,,,,,,
180857,25-Apr-19,3:24:34,2019-04-25 03:24:34,G,6,,66,24,0,5,-62.4868,-60.8328,02:05.1,FastGPS,-62.4869,-60.8225,,1,1.2,0.6,,,,15,17,19823,,,,1,22983,,,,28,18519,,,,24,10040,,,,10,30683,,,,,,,,,,,,,,,,,,,,,,,,,,,,,,,,,,,,,,,,,,,,,,,,,,,,,
180857,25-Apr-19,4:28:44,2019-04-25 04:28:44,G,2,,67,24,0,8,-62.49,-60.8363,28:43.6,FastGPS,-62.49,-60.8363,,,13.4,-0.4,,,,15,12,22232,,,,24,4454,,,,32,17106,,,,17,27682,,,,6,24826,,,,19,9320,,,,14,11644,,,,25,22678,,,,,,,,,,,,,,,,,,,,,,,,,,,,,,,,,,,,,,
180857,25-Apr-19,7:30:05,2019-04-25 07:30:05,G,4,,70,24,0,6,-62.4851,-60.829,30:04.6,FastGPS,-62.4851,-60.829,,,6.2,-0.4,,,,15,12,16161,,,,31,16401,,,,5,16732,,,,29,8404,,,,2,19175,,,,25,14253,,,,,,,,,,,,,,,,,,,,,,,,,,,,,,,,,,,,,,,,,,,,,,,,
180857,25-Apr-19,9:04:03,2019-04-25 09:04:03,G,4,,71,26,0,6,-62.4834,-60.8275,04:03.1,FastGPS,-62.4834,-60.8275,,,14.4,0.1,,,,15,29,29714,,,,31,10010,,,,21,30705,,,,26,29248,,,,5,28727,,,,25,17648,,,,,,,,,,,,,,,,,,,,,,,,,,,,,,,,,,,,,,,,,,,,,,,,
180857,25-Apr-19,10:04:47,2019-04-25 10:04:47,G,4,,72,26,0,6,-62.4868,-60.831,04:48.1,FastGPS,-62.4868,-60.831,,,20.4,1.1,,,,15,5,6032,,,,21,13177,,,,26,4742,,,,29,2129,,,,16,5130,,,,20,25054,,,,,,,,,,,,,,,,,,,,,,,,,,,,,,,,,,,,,,,,,,,,,,,,
180857,25-Apr-19,16:21:27,2019-04-25 16:21:27,G,2,,77,30,0,7,-62.4856,-60.8409,21:28.1,FastGPS,-62.4856,-60.8409,,1,3,1.1,,,,15,31,368,,,,18,32149,,,,32,17215,,,,14,11065,,,,1,24960,,,,22,23915,,,,11,21476,,,,,,,,,,,,,,,,,,,,,,,,,,,,,,,,,,,,,,,,,,,
180857,25-Apr-19,19:09:45,2019-04-25 19:09:45,G,2,,79,,0,9,-62.4874,-60.8353,09:46.1,FastGPS,-62.4874,-60.8353,,1,7.3,1.1,,,,15,23,3797,,,,3,11114,,,,6,28118,,,,2,6327,,,,22,27585,,,,31,29213,,,,9,4388,,,,4,32617,,,,25,13412,,,,,,,,,,,,,,,,,,,,,,,,,,,,,,,,,
180857,25-Apr-19,20:10:17,2019-04-25 20:10:17,G,2,,80,32,0,7,-62.4828,-60.8548,10:18.1,FastGPS,-62.4828,-60.8548,,1,14.9,1.1,,,,15,7,28375,,,,9,7427,,,,2,15670,,,,3,5238,,,,6,27588,,,,4,7177,,,,23,3624,,,,,,,,,,,,,,,,,,,,,,,,,,,,,,,,,,,,,,,,,,,
180857,26-Apr-19,8:44:17,2019-04-26 08:44:17,G,4,,85,,0,9,-62.4396,-60.9723,44:17.1,FastGPS,-62.4396,-60.9723,,1,9,0.1,,,,15,29,29907,,,,4,16947,,,,5,25340,,,,26,28840,,,,2,27414,,,,9,1774,,,,25,26717,,,,23,32644,,,,21,27549,,,,,,,,,,,,,,,,,,,,,,,,,,,,,,,,,
180857,26-Apr-19,12:34:56,2019-04-26 12:34:56,G,6,,88,35,0,6,-62.514,-60.846,34:55.6,FastGPS,-62.514,-60.846,,,9.6,-0.4,,,,15,15,17603,,,,10,24783,,,,20,10862,,,,27,11896,,,,21,3152,,,,13,3362,,,,,,,,,,,,,,,,,,,,,,,,,,,,,,,,,,,,,,,,,,,,,,,,
180857,26-Apr-19,15:08:10,2019-04-26 15:08:10,G,2,,90,,0,9,-62.4838,-60.8303,08:09.7,FastGPS,-62.4838,-60.8303,,,11.4,-0.3,,,,15,1,23373,,,,10,17988,,,,32,31351,,,,11,14820,,,,22,22053,,,,28,6756,,,,18,31818,,,,8,7895,,,,17,32617,,,,,,,,,,,,,,,,,,,,,,,,,,,,,,,,,
180857,26-Apr-19,16:09:34,2019-04-26 16:09:34,G,6,,91,,0,9,-62.4839,-60.8257,09:33.6,FastGPS,-62.4839,-60.8257,,,14.1,-0.4,,,,15,31,32326,,,,32,32649,,,,17,14850,,,,1,22702,,,,18,14993,,,,22,8592,,,,11,3477,,,,14,13317,,,,19,21305,,,,,,,,,,,,,,,,,,,,,,,,,,,,,,,,,
180857,26-Apr-19,17:09:18,2019-04-26 17:09:18,G,6,,92,,0,9,-62.4769,-60.8339,09:18.1,FastGPS,-62.4769,-60.8339,,,10.9,0.1,,,,15,31,20536,,,,17,14745,,,,22,23629,,,,1,31427,,,,3,16098,,,,14,15329,,,,32,19342,,,,23,19005,,,,19,12881,,,,,,,,,,,,,,,,,,,,,,,,,,,,,,,,,
180857,26-Apr-19,18:12:57,2019-04-26 18:12:57,G,4,,93,36,0,8,-62.4661,-60.8343,12:57.6,FastGPS,-62.4661,-60.8343,,,11.2,0.6,,,,15,31,17346,,,,22,27590,,,,23,19542,,,,1,31484,,,,3,21078,,,,19,19586,,,,14,19596,,,,9,4157,,,,,,,,,,,,,,,,,,,,,,,,,,,,,,,,,,,,,,
180857,26-Apr-19,20:00:21,2019-04-26 20:00:21,G,2,,94,38,0,7,-62.4694,-60.8288,00:20.6,FastGPS,-62.4694,-60.8288,,,6.7,-0.4,,,,15,29,9764,,,,26,29278,,,,16,28687,,,,3,21585,,,,31,13083,,,,7,22105,,,,2,146,,,,,,,,,,,,,,,,,,,,,,,,,,,,,,,,,,,,,,,,,,,
180857,26-Apr-19,21:00:02,2019-04-26 21:00:02,G,2,,95,,0,9,-62.4662,-60.8347,00:01.6,FastGPS,-62.4662,-60.8347,,1,9,-0.4,,,,15,9,14734,,,,7,27228,,,,16,15740,,,,4,1335,,,,30,26658,,,,26,15402,,,,6,26289,,,,23,20124,,,,2,5593,,,,,,,,,,,,,,,,,,,,,,,,,,,,,,,,,
180857,26-Apr-19,23:47:27,2019-04-26 23:47:27,G,6,,96,,0,9,-62.4058,-60.9126,47:26.7,FastGPS,-62.4058,-60.9126,,1,4.9,-0.3,,,,15,28,2619,,,,30,17747,,,,15,18303,,,,13,13156,,,,5,26780,,,,7,14480,,,,27,25870,,,,21,10430,,,,4,4638,,,,,,,,,,,,,,,,,,,,,,,,,,,,,,,,,
180857,27-Apr-19,2:40:49,2019-04-27 02:40:49,G,4,,97,,0,9,-62.3311,-60.8775,40:48.6,FastGPS,-62.3311,-60.8775,,,9,-0.4,,,,15,28,30886,,,,17,3843,,,,24,19260,,,,15,1272,,,,19,19795,,,,12,11768,,,,11,21389,,,,10,16682,,,,18,32296,,,,,,,,,,,,,,,,,,,,,,,,,,,,,,,,,
180857,27-Apr-19,7:46:35,2019-04-27 07:46:35,G,8,,98,43,0,7,-62.2991,-60.4898,46:34.6,FastGPS,-62.2991,-60.4898,,,8.5,-0.4,,,,15,29,29541,,,,25,25004,,,,12,4291,,,,31,2484,,,,23,400,,,,2,8550,,,,5,28262,,,,,,,,,,,,,,,,,,,,,,,,,,,,,,,,,,,,,,,,,,,
180857,27-Apr-19,8:48:59,2019-04-27 08:48:59,G,10,,99,,0,9,-62.3513,-60.4347,48:59.1,FastGPS,-62.3513,-60.4347,,1,8.7,0.1,,,,15,25,4347,,,,29,30298,,,,31,20807,,,,26,30610,,,,21,16908,,,,4,6654,,,,23,16618,,,,9,10580,,,,2,30972,,,,,,,,,,,,,,,,,,,,,,,,,,,,,,,,,
180857,27-Apr-19,9:50:51,2019-04-27 09:50:51,G,8,,100,43,0,4,-62.3057,-60.6298,55:29.1,FastGPS,-62.3857,-60.3383,,,0.1,0.1,,,,15,26,12648,,,,21,3941,,,,16,27504,,,,5,27778,,,,,,,,,,,,,,,,,,,,,,,,,,,,,,,,,,,,,,,,,,,,,,,,,,,,,,,,,,
180857,27-Apr-19,10:58:29,2019-04-27 10:58:29,G,4,,101,,0,9,-62.436,-60.2928,58:29.2,FastGPS,-62.436,-60.2928,,,13.5,0.2,,,,15,16,144,,,,26,32629,,,,20,12652,,,,27,17257,,,,7,20710,,,,10,2696,,,,5,10317,,,,21,32654,,,,30,3911,,,,,,,,,,,,,,,,,,,,,,,,,,,,,,,,,
180857,27-Apr-19,12:14:06,2019-04-27 12:14:06,G,4,,102,43,0,7,-62.4951,-60.2527,14:05.6,FastGPS,-62.4951,-60.2527,,,11.2,-0.4,,,,15,27,20930,,,,10,1614,,,,16,10868,,,,15,14863,,,,13,28050,,,,8,20396,,,,21,29450,,,,,,,,,,,,,,,,,,,,,,,,,,,,,,,,,,,,,,,,,,,
180857,27-Apr-19,13:58:19,2019-04-27 13:58:19,G,6,,103,,0,9,-62.5001,-60.2361,58:18.6,FastGPS,-62.5001,-60.2361,,,8.8,-0.4,,,,15,11,8431,,,,10,5976,,,,32,4338,,,,18,1595,,,,8,10362,,,,20,12846,,,,28,17652,,,,1,25965,,,,27,11468,,,,,,,,,,,,,,,,,,,,,,,,,,,,,,,,,
180857,27-Apr-19,15:15:30,2019-04-27 15:15:30,G,6,,104,,0,9,-62.4976,-60.2292,15:29.6,FastGPS,-62.4976,-60.2292,,,11.8,-0.4,,,,15,18,20977,,,,1,5575,,,,22,16870,,,,11,4148,,,,24,5196,,,,14,11487,,,,32,29466,,,,3,12551,,,,17,2792,,,,,,,,,,,,,,,,,,,,,,,,,,,,,,,,,
180857,27-Apr-19,16:16:14,2019-04-27 16:16:14,G,6,,105,,0,9,-62.4986,-60.2258,16:14.1,FastGPS,-62.4986,-60.2258,,,8.2,0.1,,,,15,1,18252,,,,3,21048,,,,32,6640,,,,18,20152,,,,14,5443,,,,22,21570,,,,17,27914,,,,11,8307,,,,31,10059,,,,,,,,,,,,,,,,,,,,,,,,,,,,,,,,,
180857,27-Apr-19,17:18:40,2019-04-27 17:18:40,G,8,,106,,0,9,-62.5001,-60.2331,18:39.7,FastGPS,-62.5001,-60.2331,,,7.9,-0.3,,,,15,17,20642,,,,32,30377,,,,14,4232,,,,23,14892,,,,22,10177,,,,1,25691,,,,19,20564,,,,3,28915,,,,31,18567,,,,,,,,,,,,,,,,,,,,,,,,,,,,,,,,,
180857,27-Apr-19,18:49:33,2019-04-27 18:49:33,G,4,,107,46,0,4,-62.3057,-60.6298,55:29.1,FastGPS,,,,,,,,,,15,31,20621,,,,9,11730,,,,4,29506,,,,3,5753,,,,,,,,,,,,,,,,,,,,,,,,,,,,,,,,,,,,,,,,,,,,,,,,,,,,,,,,,,
180857,27-Apr-19,20:40:36,2019-04-27 20:40:36,G,4,,108,47,0,8,-62.4537,-60.307,40:36.2,FastGPS,-62.4537,-60.307,,1,5.4,0.2,,,,15,7,28561,,,,23,31169,,,,26,30805,,,,6,6084,,,,16,20300,,,,9,6053,,,,4,31505,,,,29,29011,,,,,,,,,,,,,,,,,,,,,,,,,,,,,,,,,,,,,,
180857,27-Apr-19,23:21:33,2019-04-27 23:21:33,G,8,,110,,0,9,-62.3688,-60.4994,21:33.2,FastGPS,-62.3688,-60.4994,,1,7.2,0.2,,,,15,7,26579,,,,30,29900,,,,13,7694,,,,5,12538,,,,4,31288,,,,9,29662,,,,15,16612,,,,8,1811,,,,28,26500,,,,,,,,,,,,,,,,,,,,,,,,,,,,,,,,,
180857,28-Apr-19,0:22:11,2019-04-28 00:22:11,G,12,,111,49,0,7,-62.3511,-60.5863,22:11.2,FastGPS,-62.3511,-60.5863,,,11.9,0.2,,,,15,7,23462,,,,5,25796,,,,28,25946,,,,13,31286,,,,8,17813,,,,30,20109,,,,15,10771,,,,,,,,,,,,,,,,,,,,,,,,,,,,,,,,,,,,,,,,,,,
180857,28-Apr-19,1:55:10,2019-04-28 01:55:10,G,6,,112,50,0,7,-62.3179,-60.5935,55:09.6,FastGPS,-62.3179,-60.5935,,,16.8,-0.4,,,,15,28,2193,,,,15,3916,,,,17,12957,,,,30,13364,,,,11,15876,,,,13,12630,,,,20,18758,,,,,,,,,,,,,,,,,,,,,,,,,,,,,,,,,,,,,,,,,,,
180857,28-Apr-19,2:55:29,2019-04-28 02:55:29,G,4,,113,50,0,7,-62.3057,-60.6298,55:29.1,FastGPS,-62.3057,-60.6298,,,3.9,0.1,,,,15,17,27903,,,,28,14011,,,,24,26753,,,,15,7392,,,,12,22366,,,,19,5617,,,,1,10036,,,,,,,,,,,,,,,,,,,,,,,,,,,,,,,,,,,,,,,,,,,
180857,28-Apr-19,3:57:27,2019-04-28 03:57:27,G,6,,114,50,0,7,-62.3447,-60.5007,57:27.1,FastGPS,-62.3447,-60.5007,,,8.4,0.1,,,,15,12,31883,,,,17,17773,,,,24,21754,,,,19,21988,,,,1,27971,,,,32,6332,,,,22,17922,,,,,,,,,,,,,,,,,,,,,,,,,,,,,,,,,,,,,,,,,,,
180857,28-Apr-19,4:57:48,2019-04-28 04:57:48,G,2,,115,50,0,8,-62.4014,-60.405,57:48.6,FastGPS,-62.4014,-60.405,,,18.1,0.6,,,,15,12,10010,,,,17,2404,,,,25,26334,,,,32,18382,,,,3,27220,,,,22,19574,,,,14,13641,,,,19,2421,,,,,,,,,,,,,,,,,,,,,,,,,,,,,,,,,,,,,,
180857,28-Apr-19,5:58:51,2019-04-28 05:58:51,G,4,,116,50,0,7,-62.4535,-60.3297,58:51.1,FastGPS,-62.4535,-60.3297,,,4.8,0.1,,,,15,25,23895,,,,12,32212,,,,31,23395,,,,6,22571,,,,29,25897,,,,2,5719,,,,32,22104,,,,,,,,,,,,,,,,,,,,,,,,,,,,,,,,,,,,,,,,,,,
180857,28-Apr-19,11:37:33,2019-04-28 11:37:33,G,2,,119,,0,9,-62.5502,-60.3144,37:33.7,FastGPS,-62.5502,-60.3144,,,10.8,0.7,,,,15,21,32618,,,,20,31643,,,,7,3902,,,,15,20722,,,,16,8441,,,,8,16478,,,,10,10770,,,,27,25956,,,,26,32451,,,,,,,,,,,,,,,,,,,,,,,,,,,,,,,,,
180857,28-Apr-19,12:59:29,2019-04-28 12:59:29,G,2,,120,58,0,6,-62.5445,-60.4305,59:29.1,FastGPS,-62.5445,-60.4305,,,5.2,0.1,,,,15,10,8700,,,,20,4554,,,,15,3452,,,,8,2439,,,,27,25094,,,,18,14972,,,,,,,,,,,,,,,,,,,,,,,,,,,,,,,,,,,,,,,,,,,,,,,,
180857,28-Apr-19,14:39:27,2019-04-28 14:39:27,G,2,,121,,0,9,-62.5645,-60.5373,39:28.1,FastGPS,-62.5645,-60.5373,,,12.2,1.1,,,,15,32,18789,,,,1,11728,,,,11,14099,,,,10,17354,,,,18,862,,,,28,30279,,,,14,6042,,,,8,5672,,,,22,19045,,,,,,,,,,,,,,,,,,,,,,,,,,,,,,,,,
180857,28-Apr-19,15:43:14,2019-04-28 15:43:14,G,6,,122,,0,9,-62.5698,-60.546,43:15.1,FastGPS,-62.5698,-60.546,,,9.1,1.1,,,,15,32,30086,,,,17,1492,,,,18,12640,,,,14,9635,,,,10,30544,,,,1,9862,,,,19,19420,,,,3,24957,,,,11,31664,,,,,,,,,,,,,,,,,,,,,,,,,,,,,,,,,
180857,28-Apr-19,17:08:44,2019-04-28 17:08:44,G,4,,123,,0,9,-62.5626,-60.5663,08:45.1,FastGPS,-62.5626,-60.5663,,,14.9,1.1,,,,15,18,13652,,,,1,14679,,,,11,11624,,,,31,10621,,,,23,26366,,,,22,21571,,,,14,28892,,,,3,28679,,,,12,32523,,,,,,,,,,,,,,,,,,,,,,,,,,,,,,,,,
180857,28-Apr-19,19:44:01,2019-04-28 19:44:01,G,2,,124,,0,9,-62.5345,-60.6831,44:01.6,FastGPS,-62.5345,-60.6831,,,12,0.6,,,,15,3,10973,,,,23,1098,,,,7,31698,,,,29,15370,,,,2,8262,,,,31,940,,,,16,19398,,,,26,6259,,,,9,20029,,,,,,,,,,,,,,,,,,,,,,,,,,,,,,,,,
180857,29-Apr-19,13:09:00,2019-04-29 13:09:00,G,4,,125,69,0,7,-62.5044,-60.8265,09:01.2,FastGPS,-62.5044,-60.8265,,,10.4,1.2,,,,15,15,22002,,,,8,8530,,,,10,813,,,,27,22817,,,,18,23435,,,,20,26907,,,,24,21917,,,,,,,,,,,,,,,,,,,,,,,,,,,,,,,,,,,,,,,,,,,
180857,29-Apr-19,15:03:27,2019-04-29 15:03:27,G,2,,126,,0,9,-62.5296,-60.8533,03:27.7,FastGPS,-62.5296,-60.8533,,,8,0.7,,,,15,22,32042,,,,28,3632,,,,14,28267,,,,32,20990,,,,1,26417,,,,11,675,,,,18,16819,,,,17,16085,,,,10,2999,,,,,,,,,,,,,,,,,,,,,,,,,,,,,,,,,
180857,29-Apr-19,19:10:41,2019-04-29 19:10:41,G,4,,127,71,0,8,-62.5893,-60.863,10:42.1,FastGPS,-62.5893,-60.863,,1,8,1.1,,,,15,6,482,,,,31,661,,,,23,5777,,,,9,24932,,,,2,27418,,,,4,2392,,,,26,29935,,,,29,27449,,,,,,,,,,,,,,,,,,,,,,,,,,,,,,,,,,,,,,
180857,29-Apr-19,20:11:06,2019-04-29 20:11:06,G,6,,128,71,0,7,-62.5856,-60.8498,11:07.2,FastGPS,-62.5856,-60.8498,,1,4.8,1.2,,,,15,26,23832,,,,9,4896,,,,7,18083,,,,2,25394,,,,5,8165,,,,4,29448,,,,23,4230,,,,,,,,,,,,,,,,,,,,,,,,,,,,,,,,,,,,,,,,,,,
180857,29-Apr-19,21:13:40,2019-04-29 21:13:40,G,4,,129,71,0,6,-62.5708,-60.8411,13:41.3,FastGPS,-62.5708,-60.8411,,1,7.9,1.3,,,,15,9,31948,,,,23,24643,,,,5,16395,,,,30,24295,,,,7,5356,,,,4,28817,,,,,,,,,,,,,,,,,,,,,,,,,,,,,,,,,,,,,,,,,,,,,,,,
180857,29-Apr-19,22:25:43,2019-04-29 22:25:43,G,8,,130,71,0,7,-62.5432,-60.8498,25:44.2,FastGPS,-62.5433,-60.8498,,1,4.8,1.2,,,,15,7,31268,,,,5,9229,,,,9,15042,,,,30,7090,,,,13,4234,,,,8,1184,,,,4,13721,,,,,,,,,,,,,,,,,,,,,,,,,,,,,,,,,,,,,,,,,,,
180857,30-Apr-19,0:03:41,2019-04-30 00:03:41,G,4,,131,73,0,7,-62.5098,-60.8464,03:41.7,FastGPS,-62.5098,-60.8464,,1,5,0.7,,,,15,15,26212,,,,30,27622,,,,13,2204,,,,28,9193,,,,4,30327,,,,7,18758,,,,8,9509,,,,,,,,,,,,,,,,,,,,,,,,,,,,,,,,,,,,,,,,,,,
180857,30-Apr-19,2:20:34,2019-04-30 02:20:34,G,2,,133,74,0,7,-62.494,-60.839,20:34.7,FastGPS,-62.494,-60.839,,,11.9,0.7,,,,15,17,19381,,,,19,25817,,,,13,16234,,,,15,20402,,,,10,25742,,,,28,30946,,,,24,30316,,,,,,,,,,,,,,,,,,,,,,,,,,,,,,,,,,,,,,,,,,,
180857,30-Apr-19,22:36:00,2019-04-30 22:36:00,G,6,,137,74,0,6,-62.4545,-60.8689,36:00.2,FastGPS,-62.4545,-60.8689,,1,8,0.2,,,,15,5,10538,,,,30,32282,,,,7,6264,,,,27,10640,,,,8,23331,,,,4,7470,,,,,,,,,,,,,,,,,,,,,,,,,,,,,,,,,,,,,,,,,,,,,,,,
180857,30-Apr-19,23:37:13,2019-04-30 23:37:13,G,4,,138,74,0,8,-62.4702,-60.8278,37:14.2,FastGPS,-62.4702,-60.8278,,,10,1.2,,,,15,13,8990,,,,5,19746,,,,28,8466,,,,30,22264,,,,15,23957,,,,21,13600,,,,27,29732,,,,8,24758,,,,,,,,,,,,,,,,,,,,,,,,,,,,,,,,,,,,,,
180857,1-May-19,0:52:00,2019-05-01 00:52:00,G,6,,139,,0,9,-62.4727,-60.8241,52:00.7,FastGPS,-62.4727,-60.8241,,,8.6,0.7,,,,15,13,23690,,,,30,698,,,,17,9650,,,,28,19470,,,,18,3702,,,,8,18758,,,,11,23157,,,,15,11122,,,,20,28726,,,,,,,,,,,,,,,,,,,,,,,,,,,,,,,,,
180857,1-May-19,1:52:00,2019-05-01 01:52:00,G,4,,140,75,0,8,-62.4647,-60.8387,51:59.7,FastGPS,-62.4647,-60.8387,,,11.2,-0.3,,,,15,15,26598,,,,17,9302,,,,28,9435,,,,24,13596,,,,13,11392,,,,20,4742,,,,19,28284,,,,30,31196,,,,,,,,,,,,,,,,,,,,,,,,,,,,,,,,,,,,,,
180857,1-May-19,2:52:03,2019-05-01 02:52:03,G,4,,141,,0,9,-62.4689,-60.8363,52:02.7,FastGPS,-62.4689,-60.8363,,,7.7,-0.3,,,,15,17,9276,,,,19,1507,,,,24,20438,,,,18,21865,,,,1,18034,,,,15,18266,,,,11,20409,,,,28,15333,,,,12,3047,,,,,,,,,,,,,,,,,,,,,,,,,,,,,,,,,
180857,1-May-19,3:52:02,2019-05-01 03:52:02,G,8,,142,75,0,8,-62.4662,-60.837,52:01.7,FastGPS,-62.4662,-60.837,,,9.7,-0.3,,,,15,6,17260,,,,17,6846,,,,19,25362,,,,24,24342,,,,15,2479,,,,32,521,,,,1,16180,,,,12,27987,,,,,,,,,,,,,,,,,,,,,,,,,,,,,,,,,,,,,,
180857,1-May-19,5:07:09,2019-05-01 05:07:09,G,4,,143,,0,9,-62.4825,-60.8297,07:08.7,FastGPS,-62.4825,-60.8297,,,13.5,-0.3,,,,15,32,29674,,,,19,29046,,,,14,27108,,,,25,31726,,,,12,24206,,,,17,26600,,,,29,19256,,,,6,28010,,,,31,27816,,,,,,,,,,,,,,,,,,,,,,,,,,,,,,,,,
180857,1-May-19,6:38:23,2019-05-01 06:38:23,G,4,,144,78,0,5,-62.4875,-60.8241,38:23.2,FastGPS,-62.4875,-60.8241,,,3,0.2,,,,15,29,32503,,,,31,5011,,,,12,2099,,,,25,24488,,,,2,11284,,,,,,,,,,,,,,,,,,,,,,,,,,,,,,,,,,,,,,,,,,,,,,,,,,,,,
180857,1-May-19,7:38:00,2019-05-01 07:38:00,G,2,,145,78,0,8,-62.483,-60.854,38:00.7,FastGPS,-62.483,-60.854,,,7.7,0.7,,,,15,5,297,,,,12,15814,,,,29,17798,,,,2,30728,,,,23,15923,,,,26,31255,,,,31,12937,,,,25,20858,,,,,,,,,,,,,,,,,,,,,,,,,,,,,,,,,,,,,,
180857,1-May-19,10:02:05,2019-05-01 10:02:05,G,8,,147,79,0,8,-62.4871,-60.8286,02:05.2,FastGPS,-62.4871,-60.8286,,,10.5,0.2,,,,15,29,13176,,,,15,15324,,,,16,15988,,,,5,3735,,,,21,20301,,,,13,16314,,,,26,9439,,,,7,30967,,,,,,,,,,,,,,,,,,,,,,,,,,,,,,,,,,,,,,
180857,1-May-19,11:21:07,2019-05-01 11:21:07,G,2,,148,80,0,8,-62.4856,-60.8232,21:07.2,FastGPS,-62.4856,-60.8232,,,14.9,0.2,,,,15,15,13445,,,,10,28416,,,,16,21380,,,,21,11217,,,,13,24649,,,,20,25429,,,,26,20336,,,,27,18840,,,,,,,,,,,,,,,,,,,,,,,,,,,,,,,,,,,,,,
180857,1-May-19,12:21:44,2019-05-01 12:21:44,G,6,,149,,0,9,-62.4748,-60.836,21:45.2,FastGPS,-62.4748,-60.836,,,6.6,1.2,,,,15,15,1724,,,,8,3476,,,,10,31420,,,,21,30293,,,,27,3385,,,,20,29855,,,,18,2278,,,,11,32589,,,,16,17764,,,,,,,,,,,,,,,,,,,,,,,,,,,,,,,,,
180857,1-May-19,14:28:02,2019-05-01 14:28:02,G,2,,151,,0,9,-62.4736,-60.8381,28:02.7,FastGPS,-62.4736,-60.8381,,,11.3,0.7,,,,15,32,27316,,,,18,9068,,,,11,22777,,,,14,15880,,,,8,11245,,,,1,22258,,,,22,29175,,,,10,19334,,,,24,4682,,,,,,,,,,,,,,,,,,,,,,,,,,,,,,,,,
180857,1-May-19,15:33:33,2019-05-01 15:33:33,G,2,,152,,0,9,-62.4964,-60.8375,33:32.7,FastGPS,-62.4964,-60.8375,,,12.3,-0.3,,,,15,11,4535,,,,22,13374,,,,17,16601,,,,3,9688,,,,18,17506,,,,1,21062,,,,32,734,,,,24,11101,,,,28,25145,,,,,,,,,,,,,,,,,,,,,,,,,,,,,,,,,
180857,1-May-19,16:38:29,2019-05-01 16:38:29,G,4,,153,,0,9,-62.4873,-60.8376,38:28.7,FastGPS,-62.4873,-60.8376,,,6,-0.3,,,,15,17,9531,,,,31,9866,,,,3,15258,,,,32,9336,,,,22,12172,,,,19,15536,,,,14,29973,,,,1,5566,,,,18,30752,,,,,,,,,,,,,,,,,,,,,,,,,,,,,,,,,
180857,1-May-19,17:52:17,2019-05-01 17:52:17,G,4,,154,,0,9,-62.4563,-60.8248,52:16.7,FastGPS,-62.4563,-60.8248,,,13.4,-0.3,,,,15,31,3691,,,,17,18183,,,,19,6647,,,,6,17653,,,,23,6967,,,,3,8957,,,,25,581,,,,12,17533,,,,22,17338,,,,,,,,,,,,,,,,,,,,,,,,,,,,,,,,,
180857,1-May-19,20:02:40,2019-05-01 20:02:40,G,8,,155,80,0,8,-62.403,-60.8982,02:41.2,FastGPS,-62.403,-60.8982,,1,8.1,1.2,,,,15,7,8824,,,,23,26724,,,,6,14033,,,,26,11785,,,,16,5977,,,,9,27082,,,,4,18163,,,,3,26404,,,,,,,,,,,,,,,,,,,,,,,,,,,,,,,,,,,,,,
180857,1-May-19,22:08:47,2019-05-01 22:08:47,G,4,,157,80,0,5,-62.5827,-61.3388,23:06.2,FastGPS,-62.3335,-61.0316,,1,0.7,-0.3,,,,15,7,21357,,,,30,1974,,,,5,16420,,,,4,15408,,,,9,25900,,,,,,,,,,,,,,,,,,,,,,,,,,,,,,,,,,,,,,,,,,,,,,,,,,,,,
180857,1-May-19,23:09:51,2019-05-01 23:09:51,G,4,,158,80,0,8,-62.3054,-61.1378,09:52.2,FastGPS,-62.3054,-61.1378,,,11,1.2,,,,15,7,11326,,,,5,9717,,,,30,32489,,,,8,12488,,,,15,11965,,,,27,9541,,,,28,21876,,,,13,30346,,,,,,,,,,,,,,,,,,,,,,,,,,,,,,,,,,,,,,
180857,2-May-19,0:25:00,2019-05-02 00:25:00,G,4,,159,81,0,5,-62.328,-61.2784,24:59.7,FastGPS,-62.328,-61.2784,,,2.9,-0.3,,,,15,5,4402,,,,13,5893,,,,15,31938,,,,28,30566,,,,30,19254,,,,,,,,,,,,,,,,,,,,,,,,,,,,,,,,,,,,,,,,,,,,,,,,,,,,,
180857,2-May-19,2:59:14,2019-05-02 02:59:14,G,4,,161,83,0,8,-62.386,-61.3726,59:15.2,FastGPS,-62.386,-61.3726,,,10.8,1.2,,,,15,24,15972,,,,15,20889,,,,11,24464,,,,12,28346,,,,1,17694,,,,18,1586,,,,17,18499,,,,32,12798,,,,,,,,,,,,,,,,,,,,,,,,,,,,,,,,,,,,,,
180857,2-May-19,4:20:11,2019-05-02 04:20:11,G,2,,162,83,0,8,-62.433,-61.3342,20:12.2,FastGPS,-62.433,-61.3342,,,20,1.2,,,,15,12,21292,,,,22,8406,,,,32,29768,,,,3,8554,,,,17,3676,,,,14,20927,,,,24,18868,,,,25,25076,,,,,,,,,,,,,,,,,,,,,,,,,,,,,,,,,,,,,,
180857,2-May-19,5:27:20,2019-05-02 05:27:20,G,2,,163,,0,9,-62.4848,-61.353,27:21.2,FastGPS,-62.4848,-61.353,,,8.2,1.2,,,,15,31,17636,,,,12,30408,,,,25,11856,,,,2,9084,,,,3,16451,,,,14,24251,,,,22,30834,,,,32,24139,,,,29,12435,,,,,,,,,,,,,,,,,,,,,,,,,,,,,,,,,
180857,2-May-19,7:23:05,2019-05-02 07:23:05,G,4,,164,83,0,5,-62.5827,-61.3388,23:06.2,FastGPS,-62.5827,-61.3388,,,0.6,1.2,,,,15,29,17043,,,,25,20435,,,,2,7112,,,,31,31561,,,,23,28930,,,,,,,,,,,,,,,,,,,,,,,,,,,,,,,,,,,,,,,,,,,,,,,,,,,,,
180857,2-May-19,11:17:17,2019-05-02 11:17:17,G,2,,165,83,0,7,-62.7081,-61.3096,17:16.7,FastGPS,-62.7081,-61.3096,,,6.5,-0.3,,,,15,16,21050,,,,21,9224,,,,10,27499,,,,15,12126,,,,13,25031,,,,27,21416,,,,20,24038,,,,,,,,,,,,,,,,,,,,,,,,,,,,,,,,,,,,,,,,,,,
180857,2-May-19,12:18:22,2019-05-02 12:18:22,G,2,,166,83,0,7,-62.7071,-61.3261,18:21.7,FastGPS,-62.7071,-61.3261,,,7.3,-0.3,,,,15,27,11164,,,,10,6376,,,,13,15836,,,,15,8627,,,,8,15521,,,,30,10252,,,,20,2898,,,,,,,,,,,,,,,,,,,,,,,,,,,,,,,,,,,,,,,,,,,
180857,2-May-19,14:34:15,2019-05-02 14:34:15,G,4,,168,83,0,5,-62.7394,-61.4377,34:15.2,FastGPS,-62.7394,-61.4377,,,3.7,0.2,,,,15,10,5322,,,,32,3498,,,,8,31490,,,,14,10103,,,,27,25098,,,,,,,,,,,,,,,,,,,,,,,,,,,,,,,,,,,,,,,,,,,,,,,,,,,,,
180857,2-May-19,15:40:25,2019-05-02 15:40:25,G,2,,169,,0,9,-62.7469,-61.4728,40:26.2,FastGPS,-62.7469,-61.4727,,,7.2,1.2,,,,15,11,1389,,,,17,30496,,,,32,28547,,,,18,12129,,,,14,1537,,,,1,11134,,,,3,31982,,,,22,20704,,,,19,32455,,,,,,,,,,,,,,,,,,,,,,,,,,,,,,,,,
180857,2-May-19,16:49:36,2019-05-02 16:49:36,G,4,,170,,0,9,-62.7449,-61.4852,49:36.7,FastGPS,-62.7449,-61.4852,,,11.6,0.7,,,,15,31,32635,,,,12,32482,,,,1,20338,,,,18,21838,,,,3,25411,,,,14,2440,,,,22,22814,,,,11,21035,,,,32,32582,,,,,,,,,,,,,,,,,,,,,,,,,,,,,,,,,
180857,2-May-19,17:50:44,2019-05-02 17:50:44,G,4,,171,83,0,8,-62.748,-61.5237,50:43.7,FastGPS,-62.748,-61.5237,,,9.6,-0.3,,,,15,19,3595,,,,17,8742,,,,3,2027,,,,23,12618,,,,22,3854,,,,6,28799,,,,12,13646,,,,1,1776,,,,,,,,,,,,,,,,,,,,,,,,,,,,,,,,,,,,,,
180857,2-May-19,18:55:53,2019-05-02 18:55:53,G,4,,172,83,0,7,-62.7546,-61.5126,55:52.7,FastGPS,-62.7546,-61.5126,,1,3.6,-0.3,,,,15,9,29994,,,,6,15067,,,,31,19413,,,,4,4441,,,,3,604,,,,26,32220,,,,23,17040,,,,,,,,,,,,,,,,,,,,,,,,,,,,,,,,,,,,,,,,,,,
180857,2-May-19,20:37:40,2019-05-02 20:37:40,G,4,,173,,0,9,-62.7379,-61.5235,37:39.7,FastGPS,-62.7379,-61.5235,,2,8.4,-0.3,,,,15,9,19576,,,,23,13793,,,,7,8056,,,,30,12958,,,,16,22110,,,,4,10753,,,,5,26038,,,,2,10952,,,,29,31347,,,,,,,,,,,,,,,,,,,,,,,,,,,,,,,,,
180857,3-May-19,12:18:00,2019-05-03 12:18:00,G,6,,174,84,0,7,-62.6077,-61.1629,17:59.7,FastGPS,-62.6077,-61.1629,,,7.8,-0.3,,,,15,15,744,,,,8,21037,,,,27,6878,,,,21,13935,,,,10,10480,,,,20,29260,,,,13,1193,,,,,,,,,,,,,,,,,,,,,,,,,,,,,,,,,,,,,,,,,,,
180857,3-May-19,13:18:00,2019-05-03 13:18:00,G,8,,175,84,1,4,-62.6081,-61.1438,5/3/2019 12:40,SR,-62.609,-61.1435,,,1.9,-0.2,,,,15,32,14422,,,,20,9996,,,,14,19352,,,,24,22772,,,,,,,,,,,,,,,,,,,,,,,,,,,,,,,,,,,,,,,,,,,,,,,,,,,,,,,,,,
180857,3-May-19,14:18:00,2019-05-03 14:18:00,G,10,,176,84,1,7,-62.6097,-61.1478,17:59.8,FastGPS,-62.6097,-61.1478,,,3.8,-0.2,,,,15,22,31758,,,,28,19382,,,,18,18462,,,,1,28874,,,,8,28646,,,,3,11654,,,,27,5580,,,,,,,,,,,,,,,,,,,,,,,,,,,,,,,,,,,,,,,,,,,
180857,3-May-19,20:27:01,2019-05-03 20:27:01,G,2,,177,84,0,8,-62.6106,-61.1486,27:00.8,FastGPS,-62.6106,-61.1486,,1,2.5,-0.2,,,,15,5,15645,,,,9,9369,,,,29,25212,,,,7,6846,,,,23,25816,,,,2,10685,,,,16,3460,,,,4,21266,,,,,,,,,,,,,,,,,,,,,,,,,,,,,,,,,,,,,,
180857,3-May-19,23:46:31,2019-05-03 23:46:31,G,2,,179,86,0,5,-62.4913,-61.1276,46:31.3,FastGPS,-62.4913,-61.1276,,,4,0.3,,,,15,15,21769,,,,7,17114,,,,13,31888,,,,8,6290,,,,30,25178,,,,,,,,,,,,,,,,,,,,,,,,,,,,,,,,,,,,,,,,,,,,,,,,,,,,,
180857,4-May-19,1:28:06,2019-05-04 01:28:06,G,10,,180,,0,9,-62.4794,-61.1019,28:06.8,FastGPS,-62.4794,-61.1019,,,8.6,0.8,,,,15,15,3560,,,,18,11607,,,,11,13658,,,,28,3881,,,,20,22088,,,,1,17245,,,,10,13501,,,,30,15990,,,,24,3916,,,,,,,,,,,,,,,,,,,,,,,,,,,,,,,,,
180857,4-May-19,3:42:22,2019-05-04 03:42:22,G,4,,181,86,0,6,-62.3909,-61.0457,42:21.7,FastGPS,-62.3909,-61.0457,,,2.8,-0.3,,,,15,12,27088,,,,17,22366,,,,6,18490,,,,19,13597,,,,32,30372,,,,24,13196,,,,,,,,,,,,,,,,,,,,,,,,,,,,,,,,,,,,,,,,,,,,,,,,
180857,4-May-19,9:31:51,2019-05-04 09:31:51,G,10,,182,86,0,5,-62.3349,-60.9008,31:51.3,FastGPS,-62.3349,-60.9008,,,1.1,0.3,,,,15,29,1327,,,,21,32260,,,,16,27149,,,,5,4546,,,,26,13148,,,,,,,,,,,,,,,,,,,,,,,,,,,,,,,,,,,,,,,,,,,,,,,,,,,,,
180857,4-May-19,13:00:33,2019-05-04 13:00:33,G,6,,183,86,0,8,-62.4565,-60.8251,00:33.3,FastGPS,-62.4565,-60.8251,,,9.5,0.3,,,,15,27,7350,,,,8,27882,,,,10,9571,,,,15,32140,,,,18,12503,,,,28,16342,,,,11,15748,,,,32,10348,,,,,,,,,,,,,,,,,,,,,,,,,,,,,,,,,,,,,,
180857,4-May-19,14:00:34,2019-05-04 14:00:34,G,12,,184,,0,9,-62.4645,-60.81,00:33.8,FastGPS,-62.4645,-60.81,,,8.4,-0.2,,,,15,10,20128,,,,32,7669,,,,22,8070,,,,27,9142,,,,8,9972,,,,20,15926,,,,18,2830,,,,1,17696,,,,14,2756,,,,,,,,,,,,,,,,,,,,,,,,,,,,,,,,,
180857,4-May-19,15:54:40,2019-05-04 15:54:40,G,2,,185,,0,9,-62.4484,-60.7793,54:40.3,FastGPS,-62.4484,-60.7793,,,15.5,0.3,,,,15,32,2302,,,,18,20688,,,,19,28154,,,,22,15774,,,,11,10594,,,,31,22088,,,,14,14846,,,,1,1334,,,,3,26328,,,,,,,,,,,,,,,,,,,,,,,,,,,,,,,,,
180857,4-May-19,18:16:16,2019-05-04 18:16:16,G,4,,186,88,0,8,-62.4127,-60.7729,16:16.8,FastGPS,-62.4127,-60.7729,,1,16.5,0.8,,,,15,31,12790,,,,17,21162,,,,3,4848,,,,4,25522,,,,19,8439,,,,23,25500,,,,22,14845,,,,6,13094,,,,,,,,,,,,,,,,,,,,,,,,,,,,,,,,,,,,,,
180857,4-May-19,19:16:07,2019-05-04 19:16:07,G,4,,187,,0,9,-62.4159,-60.7633,16:08.3,FastGPS,-62.4159,-60.7633,,1,7,1.3,,,,15,23,1652,,,,31,8329,,,,9,9407,,,,3,25869,,,,7,13410,,,,29,3332,,,,16,5008,,,,2,31743,,,,4,15417,,,,,,,,,,,,,,,,,,,,,,,,,,,,,,,,,
180857,4-May-19,21:07:44,2019-05-04 21:07:44,G,6,,188,88,0,8,-62.4498,-60.7815,07:43.8,FastGPS,-62.4498,-60.7815,,1,6.2,-0.2,,,,15,5,23301,,,,7,23179,,,,9,1327,,,,23,20599,,,,4,21480,,,,2,11014,,,,30,15160,,,,16,14382,,,,,,,,,,,,,,,,,,,,,,,,,,,,,,,,,,,,,,
180857,4-May-19,22:52:52,2019-05-04 22:52:52,G,8,,189,89,0,8,-62.4648,-60.8378,52:52.3,FastGPS,-62.4648,-60.8378,,1,8.4,0.3,,,,15,13,157,,,,5,4303,,,,30,20085,,,,9,19125,,,,4,23584,,,,7,15018,,,,28,15217,,,,15,9465,,,,,,,,,,,,,,,,,,,,,,,,,,,,,,,,,,,,,,
180857,5-May-19,1:45:01,2019-05-05 01:45:01,G,10,,190,92,0,8,-62.5195,-60.8472,45:01.3,FastGPS,-62.5195,-60.8472,,,7.5,0.3,,,,15,15,25721,,,,10,6828,,,,24,24516,,,,17,18871,,,,13,21111,,,,18,30118,,,,28,27089,,,,20,31882,,,,,,,,,,,,,,,,,,,,,,,,,,,,,,,,,,,,,,
180857,5-May-19,3:57:23,2019-05-05 03:57:23,G,6,,191,96,0,7,-62.5422,-60.8627,57:23.3,FastGPS,-62.5422,-60.8627,,,9.1,0.3,,,,15,12,15287,,,,32,3655,,,,6,30480,,,,24,24247,,,,17,32207,,,,19,31195,,,,2,8624,,,,,,,,,,,,,,,,,,,,,,,,,,,,,,,,,,,,,,,,,,,
180857,5-May-19,5:51:13,2019-05-05 05:51:13,G,4,,192,96,0,8,-62.5462,-60.8568,51:12.8,FastGPS,-62.5462,-60.8568,,,3.2,-0.2,,,,15,29,15020,,,,6,24049,,,,12,2299,,,,2,17111,,,,25,29020,,,,32,21310,,,,14,28821,,,,24,21670,,,,,,,,,,,,,,,,,,,,,,,,,,,,,,,,,,,,,,
180857,5-May-19,6:52:43,2019-05-05 06:52:43,G,6,,193,96,0,7,-62.5351,-60.8581,52:42.8,FastGPS,-62.5351,-60.8581,,,4.6,-0.2,,,,15,2,21669,,,,12,10774,,,,29,21994,,,,31,28878,,,,25,19038,,,,5,6563,,,,6,13830,,,,,,,,,,,,,,,,,,,,,,,,,,,,,,,,,,,,,,,,,,,
180857,5-May-19,7:54:08,2019-05-05 07:54:08,G,10,,194,96,0,8,-62.5291,-60.8435,54:08.3,FastGPS,-62.5291,-60.8435,,,10.1,0.3,,,,15,29,10587,,,,31,11223,,,,5,6782,,,,21,18905,,,,25,12484,,,,2,25643,,,,9,30483,,,,12,23492,,,,,,,,,,,,,,,,,,,,,,,,,,,,,,,,,,,,,,
180857,5-May-19,8:54:19,2019-05-05 08:54:19,G,6,,195,96,0,5,-62.5211,-60.8481,54:19.3,FastGPS,-62.5211,-60.8481,,,5.3,0.3,,,,15,16,13182,,,,29,2826,,,,5,27210,,,,26,30640,,,,9,20853,,,,,,,,,,,,,,,,,,,,,,,,,,,,,,,,,,,,,,,,,,,,,,,,,,,,,
180857,5-May-19,9:57:01,2019-05-05 09:57:01,G,2,,196,,0,9,-62.5177,-60.845,57:02.3,FastGPS,-62.5177,-60.845,,,10.4,1.3,,,,15,29,15828,,,,16,14986,,,,27,27219,,,,21,16910,,,,26,3232,,,,15,7186,,,,13,1624,,,,20,22196,,,,5,13492,,,,,,,,,,,,,,,,,,,,,,,,,,,,,,,,,
180857,5-May-19,10:57:37,2019-05-05 10:57:37,G,10,,197,96,0,6,-62.5107,-60.8357,57:37.8,FastGPS,-62.5107,-60.8357,,,4.1,0.8,,,,15,15,26938,,,,27,25946,,,,13,16899,,,,16,29044,,,,21,21572,,,,20,3866,,,,,,,,,,,,,,,,,,,,,,,,,,,,,,,,,,,,,,,,,,,,,,,,
180857,5-May-19,12:06:03,2019-05-05 12:06:03,G,4,,198,96,0,8,-62.4998,-60.833,06:03.3,FastGPS,-62.4998,-60.833,,,13.1,0.3,,,,15,10,28327,,,,20,24990,,,,8,330,,,,15,29577,,,,21,24512,,,,18,371,,,,27,31529,,,,30,26938,,,,,,,,,,,,,,,,,,,,,,,,,,,,,,,,,,,,,,
180857,5-May-19,13:06:04,2019-05-05 13:06:04,G,10,,199,96,0,7,-62.4839,-60.81,06:05.3,FastGPS,-62.4839,-60.81,,,6.8,1.3,,,,15,10,13312,,,,18,23337,,,,8,7075,,,,11,28090,,,,20,23616,,,,28,23337,,,,27,24616,,,,,,,,,,,,,,,,,,,,,,,,,,,,,,,,,,,,,,,,,,,
180857,5-May-19,14:11:26,2019-05-05 14:11:26,G,4,,200,,0,9,-62.4849,-60.8214,11:27.3,FastGPS,-62.4849,-60.8214,,,9.2,1.3,,,,15,18,32109,,,,32,18199,,,,11,13200,,,,10,10624,,,,14,5416,,,,8,3332,,,,24,28612,,,,1,12331,,,,20,24930,,,,,,,,,,,,,,,,,,,,,,,,,,,,,,,,,
180857,5-May-19,15:11:00,2019-05-05 15:11:00,G,4,,201,96,1,8,-62.4837,-60.8083,11:00.8,FastGPS,-62.4837,-60.8083,,,4.1,0.8,,,,15,32,15946,,,,10,27926,,,,14,22290,,,,31,21954,,,,18,1226,,,,8,10453,,,,1,22330,,,,11,20424,,,,,,,,,,,,,,,,,,,,,,,,,,,,,,,,,,,,,,
180857,5-May-19,21:55:12,2019-05-05 21:55:12,G,2,,202,98,0,7,-62.4769,-60.8326,55:12.3,FastGPS,-62.4769,-60.8326,,1,3,0.3,,,,15,7,25290,,,,5,24856,,,,30,14774,,,,4,16798,,,,9,23286,,,,13,28886,,,,16,1580,,,,,,,,,,,,,,,,,,,,,,,,,,,,,,,,,,,,,,,,,,,
180857,5-May-19,22:55:03,2019-05-05 22:55:03,G,6,,203,98,0,5,-62.4837,-60.8073,5/6/2019 10:46,NK,-62.4494,-60.8177,,1,0.2,0.2,,,,15,7,4594,,,,4,9208,,,,13,31402,,,,30,28492,,,,9,1477,,,,,,,,,,,,,,,,,,,,,,,,,,,,,,,,,,,,,,,,,,,,,,,,,,,,,
180857,6-May-19,2:30:28,2019-05-06 02:30:28,G,4,,204,,0,9,-62.4422,-60.7915,30:28.3,FastGPS,-62.4422,-60.7915,,,8.2,0.3,,,,15,17,25196,,,,15,5686,,,,12,14976,,,,24,1195,,,,19,15684,,,,18,7978,,,,10,26293,,,,1,1516,,,,11,7476,,,,,,,,,,,,,,,,,,,,,,,,,,,,,,,,,
180857,6-May-19,3:46:05,2019-05-06 03:46:05,G,2,,205,99,0,6,-62.4837,-60.811,46:04.8,FastGPS,-62.4837,-60.811,,,14.6,-0.2,,,,15,12,18376,,,,17,12642,,,,24,24056,,,,6,25632,,,,32,13440,,,,3,9523,,,,,,,,,,,,,,,,,,,,,,,,,,,,,,,,,,,,,,,,,,,,,,,,
180857,6-May-19,4:46:00,2019-05-06 04:46:00,G,8,,206,99,1,8,-62.4836,-60.8082,46:00.8,FastGPS,-62.4836,-60.8082,,,6.8,0.8,,,,15,17,1314,,,,31,28030,,,,3,31434,,,,22,20950,,,,19,188,,,,14,28848,,,,32,32727,,,,12,25873,,,,,,,,,,,,,,,,,,,,,,,,,,,,,,,,,,,,,,
180857,6-May-19,18:07:25,2019-05-06 18:07:25,G,6,,207,100,0,5,-62.4861,-60.8234,07:25.3,FastGPS,-62.4861,-60.8234,,,11,0.3,,,,15,23,20889,,,,6,9132,,,,3,2989,,,,31,10548,,,,22,14254,,,,,,,,,,,,,,,,,,,,,,,,,,,,,,,,,,,,,,,,,,,,,,,,,,,,,
180857,6-May-19,19:32:26,2019-05-06 19:32:26,G,2,,208,101,0,6,-62.4567,-60.8253,32:26.8,FastGPS,-62.4567,-60.8253,,,4.5,0.8,,,,15,23,26690,,,,7,5051,,,,9,24847,,,,3,18788,,,,16,22964,,,,2,24746,,,,,,,,,,,,,,,,,,,,,,,,,,,,,,,,,,,,,,,,,,,,,,,,
180857,6-May-19,22:24:40,2019-05-06 22:24:40,G,10,,209,,0,9,-62.3849,-60.7689,24:39.8,FastGPS,-62.3849,-60.7689,,2,9.5,-0.2,,,,15,5,22202,,,,8,22616,,,,7,29454,,,,9,28623,,,,27,13618,,,,4,21211,,,,13,10906,,,,30,1996,,,,6,16182,,,,,,,,,,,,,,,,,,,,,,,,,,,,,,,,,
180857,7-May-19,1:50:41,2019-05-07 01:50:41,G,2,,211,104,0,8,-62.3245,-60.745,50:40.9,FastGPS,-62.3245,-60.745,,,3.4,-0.1,,,,15,17,32574,,,,28,19226,,,,19,6800,,,,15,6789,,,,13,6305,,,,1,11072,,,,11,25404,,,,24,7972,,,,,,,,,,,,,,,,,,,,,,,,,,,,,,,,,,,,,,
180857,7-May-19,4:10:48,2019-05-07 04:10:48,G,2,,213,,0,9,-62.2861,-60.6398,10:48.3,FastGPS,-62.2861,-60.6398,,,15.1,0.3,,,,15,12,11250,,,,24,30040,,,,3,29357,,,,17,31019,,,,6,20379,,,,22,8762,,,,19,8452,,,,14,12086,,,,32,3212,,,,,,,,,,,,,,,,,,,,,,,,,,,,,,,,,
180857,7-May-19,6:29:47,2019-05-07 06:29:47,G,4,,214,105,0,8,-62.2879,-60.4534,29:47.8,FastGPS,-62.2879,-60.4534,,,7.5,0.8,,,,15,29,10367,,,,31,635,,,,25,22132,,,,6,25977,,,,23,16085,,,,12,21216,,,,2,2155,,,,5,4290,,,,,,,,,,,,,,,,,,,,,,,,,,,,,,,,,,,,,,
180857,7-May-19,7:34:36,2019-05-07 07:34:36,G,2,,215,,0,9,-62.3303,-60.3647,34:35.9,FastGPS,-62.3303,-60.3647,,1,9.2,-0.1,,,,15,29,26706,,,,9,28329,,,,4,9038,,,,25,31928,,,,23,26946,,,,26,21218,,,,2,21108,,,,21,1140,,,,5,30012,,,,,,,,,,,,,,,,,,,,,,,,,,,,,,,,,
180857,7-May-19,10:18:34,2019-05-07 10:18:34,G,6,,216,,0,9,-62.4497,-60.276,18:33.8,FastGPS,-62.4497,-60.276,,,13.8,-0.2,,,,15,7,27806,,,,27,28988,,,,21,7620,,,,16,7244,,,,30,15495,,,,15,27803,,,,20,23650,,,,13,26396,,,,5,13730,,,,,,,,,,,,,,,,,,,,,,,,,,,,,,,,,
180857,7-May-19,11:37:39,2019-05-07 11:37:39,G,12,,217,106,0,7,-62.5023,-60.2338,37:38.9,FastGPS,-62.5023,-60.2338,,,3.1,-0.1,,,,15,27,32457,,,,10,22227,,,,8,8519,,,,20,11077,,,,13,27390,,,,30,2902,,,,7,4754,,,,,,,,,,,,,,,,,,,,,,,,,,,,,,,,,,,,,,,,,,,
180857,7-May-19,12:37:01,2019-05-07 12:37:01,G,6,,218,,0,9,-62.5088,-60.2464,37:00.8,FastGPS,-62.5088,-60.2464,,,9.1,-0.2,,,,15,10,8862,,,,8,14141,,,,11,31867,,,,18,29933,,,,20,1874,,,,27,27583,,,,1,5722,,,,32,18514,,,,15,29284,,,,,,,,,,,,,,,,,,,,,,,,,,,,,,,,,
180857,7-May-19,13:38:30,2019-05-07 13:38:30,G,6,,219,,0,9,-62.5161,-60.2525,38:30.4,FastGPS,-62.5161,-60.2525,,,12.4,0.4,,,,15,10,14562,,,,32,10070,,,,27,15886,,,,8,30774,,,,20,23122,,,,14,21690,,,,22,19967,,,,18,12040,,,,11,22379,,,,,,,,,,,,,,,,,,,,,,,,,,,,,,,,,
180857,7-May-19,14:38:00,2019-05-07 14:38:00,G,6,,220,106,0,8,-62.5157,-60.2611,38:01.4,FastGPS,-62.5157,-60.2611,,,8.1,1.4,,,,15,32,15162,,,,10,28920,,,,18,4970,,,,1,30658,,,,14,3418,,,,8,15120,,,,11,21337,,,,22,8305,,,,,,,,,,,,,,,,,,,,,,,,,,,,,,,,,,,,,,
180857,7-May-19,15:38:44,2019-05-07 15:38:44,G,2,,221,,0,9,-62.516,-60.2579,38:44.9,FastGPS,-62.516,-60.2579,,,5.7,0.9,,,,15,17,4901,,,,1,22858,,,,22,30195,,,,11,6502,,,,14,8695,,,,31,30885,,,,18,18285,,,,3,626,,,,32,1801,,,,,,,,,,,,,,,,,,,,,,,,,,,,,,,,,
180857,7-May-19,16:39:18,2019-05-07 16:39:18,G,12,,222,,0,9,-62.5034,-60.2713,39:18.4,FastGPS,-62.5034,-60.2713,,,11.6,0.4,,,,15,31,30551,,,,32,28976,,,,18,21718,,,,23,1910,,,,12,2768,,,,14,8563,,,,19,30718,,,,1,29322,,,,22,18658,,,,,,,,,,,,,,,,,,,,,,,,,,,,,,,,,
180857,7-May-19,18:19:25,2019-05-07 18:19:25,G,12,,223,108,0,7,-62.4535,-60.305,19:26.3,FastGPS,-62.4535,-60.305,,1,17.1,1.3,,,,15,31,16119,,,,3,5721,,,,26,1382,,,,22,26868,,,,4,3956,,,,9,14395,,,,23,20803,,,,,,,,,,,,,,,,,,,,,,,,,,,,,,,,,,,,,,,,,,,
180857,7-May-19,19:28:08,2019-05-07 19:28:08,G,2,,224,108,0,8,-62.4129,-60.3497,28:09.4,FastGPS,-62.4129,-60.3497,,1,4.4,1.4,,,,15,7,3765,,,,23,28514,,,,16,25222,,,,26,23828,,,,9,24220,,,,4,30268,,,,6,15138,,,,3,22475,,,,,,,,,,,,,,,,,,,,,,,,,,,,,,,,,,,,,,
180857,7-May-19,20:29:16,2019-05-07 20:29:16,G,4,,225,108,0,8,-62.3732,-60.3842,29:16.9,FastGPS,-62.3732,-60.3842,,1,7.3,0.9,,,,15,9,9664,,,,7,7142,,,,30,3108,,,,6,90,,,,23,1685,,,,5,31422,,,,4,18511,,,,16,28676,,,,,,,,,,,,,,,,,,,,,,,,,,,,,,,,,,,,,,
180857,7-May-19,22:48:08,2019-05-07 22:48:08,G,2,1,226,110,0,8,-62.2921,-60.4462,48:09.4,FastGPS,-62.2921,-60.4462,,1,11.1,0.4,,,,15,7,20396,,,,28,17742,,,,30,13800,,,,4,25357,,,,9,16576,,,,5,15617,,,,8,3159,,,,27,24432,,,,,,,,,,,,,,,,,,,,,,,,,,,,,,,,,,,,,,
180857,7-May-19,23:49:36,2019-05-07 23:49:36,G,6,1,227,110,0,6,-62.2814,-60.4566,49:37.4,FastGPS,-62.2814,-60.4566,,,14.3,0.4,,,,15,5,19246,,,,30,23836,,,,7,14172,,,,28,10931,,,,13,2080,,,,15,32530,,,,,,,,,,,,,,,,,,,,,,,,,,,,,,,,,,,,,,,,,,,,,,,,
180857,8-May-19,0:51:17,2019-05-08 00:51:17,G,4,1,228,110,0,7,-62.2312,-60.4923,51:17.8,FastGPS,-62.2312,-60.4923,,,8.2,-0.2,,,,15,13,11224,,,,17,13720,,,,15,6696,,,,28,10534,,,,20,3641,,,,24,21499,,,,11,18490,,,,,,,,,,,,,,,,,,,,,,,,,,,,,,,,,,,,,,,,,,,
180857,8-May-19,2:15:43,2019-05-08 02:15:43,G,4,1,229,110,0,8,-62.2333,-60.475,15:43.9,FastGPS,-62.2333,-60.475,,,11,-0.1,,,,15,15,2527,,,,17,28422,,,,19,8812,,,,12,26507,,,,28,9636,,,,24,26330,,,,10,11076,,,,13,17461,,,,,,,,,,,,,,,,,,,,,,,,,,,,,,,,,,,,,,
180857,8-May-19,3:16:16,2019-05-08 03:16:16,G,2,1,230,,0,9,-62.2366,-60.471,16:17.4,FastGPS,-62.2366,-60.471,,,5.8,0.4,,,,15,17,22970,,,,12,1702,,,,32,10210,,,,1,29524,,,,14,5126,,,,22,17156,,,,19,24712,,,,24,24888,,,,25,2995,,,,,,,,,,,,,,,,,,,,,,,,,,,,,,,,,
180857,8-May-19,5:06:43,2019-05-08 05:06:43,G,6,1,231,113,0,7,-62.2764,-60.3642,06:44.4,FastGPS,-62.2764,-60.3642,,,7.2,0.4,,,,15,12,20453,,,,25,9158,,,,19,23018,,,,6,6315,,,,29,17140,,,,3,290,,,,2,17282,,,,,,,,,,,,,,,,,,,,,,,,,,,,,,,,,,,,,,,,,,,
180857,8-May-19,6:09:07,2019-05-08 06:09:07,G,2,1,232,113,0,7,-62.3201,-60.2876,09:07.9,FastGPS,-62.3201,-60.2876,,,4.5,-0.1,,,,15,29,13457,,,,25,10116,,,,6,3124,,,,2,31898,,,,12,24193,,,,31,20334,,,,14,15896,,,,,,,,,,,,,,,,,,,,,,,,,,,,,,,,,,,,,,,,,,,
180857,8-May-19,8:10:57,2019-05-08 08:10:57,G,2,1,234,113,0,8,-62.4086,-60.1572,10:57.9,FastGPS,-62.4086,-60.1572,,1,4.4,-0.1,,,,15,29,31292,,,,2,9872,,,,4,23942,,,,21,23762,,,,25,19546,,,,5,29369,,,,9,17401,,,,26,27856,,,,,,,,,,,,,,,,,,,,,,,,,,,,,,,,,,,,,,
180857,8-May-19,9:11:02,2019-05-08 09:11:02,G,2,1,235,113,0,8,-62.4527,-60.1178,11:02.3,FastGPS,-62.4527,-60.1178,,1,7.8,-0.7,,,,15,21,11290,,,,7,17046,,,,16,7220,,,,26,5926,,,,5,12178,,,,29,14502,,,,27,30266,,,,4,30053,,,,,,,,,,,,,,,,,,,,,,,,,,,,,,,,,,,,,,
180857,8-May-19,10:11:00,2019-05-08 10:11:00,G,4,1,236,113,0,5,-62.4616,-60.1234,11:01.4,FastGPS,-62.4616,-60.1234,,,14.2,0.4,,,,15,20,12995,,,,26,14239,,,,21,10835,,,,16,9260,,,,10,31909,,,,,,,,,,,,,,,,,,,,,,,,,,,,,,,,,,,,,,,,,,,,,,,,,,,,,
180857,8-May-19,12:12:02,2019-05-08 12:12:02,G,4,1,238,113,0,7,-62.467,-60.1661,12:02.4,FastGPS,-62.467,-60.1661,,,14.1,-0.7,,,,15,27,24307,,,,10,27889,,,,8,12796,,,,11,10452,,,,18,10919,,,,20,8650,,,,13,16983,,,,,,,,,,,,,,,,,,,,,,,,,,,,,,,,,,,,,,,,,,,
180857,8-May-19,14:13:00,2019-05-08 14:13:00,G,8,1,240,,0,9,-62.4902,-60.1961,13:00.9,FastGPS,-62.4902,-60.1961,,,9.9,-0.1,,,,15,32,3445,,,,14,15392,,,,18,3736,,,,1,13217,,,,11,18283,,,,22,30264,,,,10,20057,,,,28,26881,,,,3,15482,,,,,,,,,,,,,,,,,,,,,,,,,,,,,,,,,
180857,8-May-19,16:13:02,2019-05-08 16:13:02,G,2,1,242,,0,9,-62.4858,-60.1972,13:02.4,FastGPS,-62.4858,-60.1972,,,9.3,-0.6,,,,15,17,21539,,,,22,29035,,,,31,6902,,,,1,15704,,,,3,2636,,,,19,3370,,,,12,20841,,,,11,31304,,,,18,5236,,,,,,,,,,,,,,,,,,,,,,,,,,,,,,,,,
180857,8-May-19,17:29:31,2019-05-08 17:29:31,G,2,1,243,114,0,7,-62.4912,-60.2003,29:32.4,FastGPS,-62.4912,-60.2003,,,9.4,0.4,,,,15,23,25424,,,,3,3713,,,,6,4667,,,,25,697,,,,12,2915,,,,31,1688,,,,17,25398,,,,,,,,,,,,,,,,,,,,,,,,,,,,,,,,,,,,,,,,,,,
180857,8-May-19,18:44:01,2019-05-08 18:44:01,G,2,1,244,115,0,8,-62.5007,-60.1975,44:02.4,FastGPS,-62.5007,-60.1975,,1,1.8,0.4,,,,15,23,17480,,,,9,1522,,,,31,9410,,,,6,9571,,,,26,6916,,,,4,18922,,,,3,29094,,,,7,27479,,,,,,,,,,,,,,,,,,,,,,,,,,,,,,,,,,,,,,
180857,8-May-19,21:17:58,2019-05-08 21:17:58,G,4,1,246,117,0,7,-62.4774,-60.1969,17:58.9,FastGPS,-62.4774,-60.1969,,1,2.9,-0.1,,,,15,7,21146,,,,30,24910,,,,4,12377,,,,2,9641,,,,5,1960,,,,9,18229,,,,16,17144,,,,,,,,,,,,,,,,,,,,,,,,,,,,,,,,,,,,,,,,,,,
180857,8-May-19,22:18:03,2019-05-08 22:18:03,G,8,1,247,117,0,5,-62.4683,-60.2183,18:03.4,FastGPS,-62.4683,-60.2183,,,4.3,-0.6,,,,15,30,18492,,,,13,30601,,,,5,1104,,,,28,17555,,,,7,10572,,,,,,,,,,,,,,,,,,,,,,,,,,,,,,,,,,,,,,,,,,,,,,,,,,,,,
180857,8-May-19,23:18:01,2019-05-08 23:18:01,G,6,1,248,117,0,8,-62.4403,-60.2602,18:01.9,FastGPS,-62.4403,-60.2602,,,5,-0.1,,,,15,5,21632,,,,30,17549,,,,7,32642,,,,28,14768,,,,8,17811,,,,13,22270,,,,27,20413,,,,15,27378,,,,,,,,,,,,,,,,,,,,,,,,,,,,,,,,,,,,,,
180857,9-May-19,1:03:08,2019-05-09 01:03:08,G,6,1,249,118,0,7,-62.388,-60.3587,03:07.9,FastGPS,-62.388,-60.3587,,,11.3,-1.1,,,,15,17,17136,,,,28,20128,,,,19,31674,,,,30,10610,,,,15,7878,,,,20,27811,,,,13,2248,,,,,,,,,,,,,,,,,,,,,,,,,,,,,,,,,,,,,,,,,,,
180857,9-May-19,3:38:33,2019-05-09 03:38:33,G,4,1,250,119,0,7,-62.3053,-60.4545,38:32.9,FastGPS,-62.3053,-60.4545,,,7.4,-1.1,,,,15,19,30689,,,,17,5013,,,,12,4097,,,,32,25972,,,,24,25056,,,,14,27201,,,,6,20434,,,,,,,,,,,,,,,,,,,,,,,,,,,,,,,,,,,,,,,,,,,
180857,9-May-19,5:17:32,2019-05-09 05:17:32,G,8,1,251,119,0,6,-62.2568,-60.4449,17:31.9,FastGPS,-62.2568,-60.4449,,,14.5,-1.1,,,,15,2,2122,,,,12,14997,,,,6,2571,,,,31,27021,,,,29,25871,,,,25,17400,,,,,,,,,,,,,,,,,,,,,,,,,,,,,,,,,,,,,,,,,,,,,,,,
180857,9-May-19,13:40:56,2019-05-09 13:40:56,G,8,1,252,,0,9,-62.4916,-60.2731,40:55.9,FastGPS,-62.4916,-60.2731,,,6.2,-1.1,,,,15,8,10534,,,,18,6281,,,,11,18002,,,,32,15886,,,,28,1164,,,,1,22213,,,,24,24224,,,,14,10469,,,,27,7978,,,,,,,,,,,,,,,,,,,,,,,,,,,,,,,,,
180857,9-May-19,14:59:54,2019-05-09 14:59:54,G,4,1,253,,0,9,-62.5075,-60.2603,59:54.4,FastGPS,-62.5075,-60.2603,,,14.8,-0.6,,,,15,11,504,,,,18,14822,,,,32,31523,,,,14,15557,,,,1,14584,,,,22,2258,,,,28,22137,,,,3,28524,,,,10,26832,,,,,,,,,,,,,,,,,,,,,,,,,,,,,,,,,
180857,9-May-19,16:35:03,2019-05-09 16:35:03,G,6,1,254,,0,9,-62.5075,-60.2568,35:02.9,FastGPS,-62.5075,-60.2568,,,2.9,-1.1,,,,15,31,26220,,,,1,5832,,,,18,27156,,,,23,9504,,,,32,208,,,,11,26498,,,,3,29862,,,,14,16027,,,,22,2754,,,,,,,,,,,,,,,,,,,,,,,,,,,,,,,,,
180857,9-May-19,17:35:00,2019-05-09 17:35:00,G,2,1,255,,0,9,-62.5051,-60.2491,35:00.4,FastGPS,-62.5051,-60.2491,,,7.1,-0.6,,,,15,6,14133,,,,2,27982,,,,23,32226,,,,22,17046,,,,3,2427,,,,31,3961,,,,19,16154,,,,12,23274,,,,17,31181,,,,,,,,,,,,,,,,,,,,,,,,,,,,,,,,,
180857,9-May-19,18:35:00,2019-05-09 18:35:00,G,2,1,256,,0,9,-62.507,-60.2553,35:00.4,FastGPS,-62.507,-60.2553,,1,10.1,-0.6,,,,15,3,28998,,,,6,25420,,,,2,564,,,,9,884,,,,22,22330,,,,23,239,,,,4,12526,,,,16,9241,,,,31,8347,,,,,,,,,,,,,,,,,,,,,,,,,,,,,,,,,
180857,9-May-19,19:36:04,2019-05-09 19:36:04,G,6,1,257,122,0,7,-62.5008,-60.2736,36:03.9,FastGPS,-62.5008,-60.2736,,1,4.8,-1.1,,,,15,7,11876,,,,23,23245,,,,9,12018,,,,16,4756,,,,2,21452,,,,4,10035,,,,6,4098,,,,,,,,,,,,,,,,,,,,,,,,,,,,,,,,,,,,,,,,,,,
180857,9-May-19,20:36:22,2019-05-09 20:36:22,G,6,1,258,,0,9,-62.4727,-60.3233,36:22.4,FastGPS,-62.4727,-60.3233,,1,13.8,-0.6,,,,15,9,22533,,,,7,6737,,,,16,25630,,,,4,24360,,,,30,4335,,,,2,17736,,,,26,8216,,,,5,20944,,,,23,3239,,,,,,,,,,,,,,,,,,,,,,,,,,,,,,,,,
180857,9-May-19,21:54:23,2019-05-09 21:54:23,G,4,1,259,,0,9,-62.4289,-60.4003,54:23.4,FastGPS,-62.4289,-60.4003,,1,18.2,-0.6,,,,15,7,20140,,,,9,17942,,,,27,6893,,,,5,12268,,,,30,28354,,,,8,9638,,,,4,28411,,,,13,14456,,,,28,5444,,,,,,,,,,,,,,,,,,,,,,,,,,,,,,,,,
180857,9-May-19,22:54:29,2019-05-09 22:54:29,G,6,1,260,123,0,6,-62.3967,-60.4255,54:28.9,FastGPS,-62.3967,-60.4255,,,1.8,-1.1,,,,15,5,5937,,,,8,22258,,,,7,30144,,,,13,26855,,,,27,7302,,,,30,31178,,,,,,,,,,,,,,,,,,,,,,,,,,,,,,,,,,,,,,,,,,,,,,,,
180857,9-May-19,23:55:31,2019-05-09 23:55:31,G,4,1,261,123,0,7,-62.3914,-60.4254,55:30.9,FastGPS,-62.3914,-60.4254,,,12.8,-1.1,,,,15,7,2473,,,,13,28076,,,,28,27074,,,,11,14964,,,,30,164,,,,8,1531,,,,15,27974,,,,,,,,,,,,,,,,,,,,,,,,,,,,,,,,,,,,,,,,,,,
180857,10-May-19,5:31:33,2019-05-10 05:31:33,G,2,1,263,126,0,7,-62.4664,-60.7672,31:32.9,FastGPS,-62.4664,-60.7672,,,9,-1.1,,,,15,29,16414,,,,12,1032,,,,32,17326,,,,2,18704,,,,6,21206,,,,25,29568,,,,31,13613,,,,,,,,,,,,,,,,,,,,,,,,,,,,,,,,,,,,,,,,,,,
180857,10-May-19,6:31:00,2019-05-10 06:31:00,G,2,1,264,126,1,7,-62.4655,-60.7802,30:59.9,FastGPS,-62.4655,-60.7802,,1,3.6,-1.1,,,,15,5,941,,,,12,14311,,,,2,23226,,,,29,17174,,,,25,19680,,,,6,15234,,,,32,30822,,,,,,,,,,,,,,,,,,,,,,,,,,,,,,,,,,,,,,,,,,,
180857,10-May-19,12:13:00,2019-05-10 12:13:00,G,4,1,265,126,0,6,-62.4652,-60.7805,12:59.9,FastGPS,-62.4652,-60.7805,,,4.8,-1.1,,,,15,10,4161,,,,27,15664,,,,20,25265,,,,8,245,,,,15,22655,,,,16,24129,,,,,,,,,,,,,,,,,,,,,,,,,,,,,,,,,,,,,,,,,,,,,,,,
180857,10-May-19,13:15:23,2019-05-10 13:15:23,G,2,1,266,,0,9,-62.4578,-60.7964,15:22.9,FastGPS,-62.4578,-60.7964,,,8.7,-1.1,,,,15,10,25879,,,,1,18044,,,,11,16905,,,,18,7573,,,,8,8230,,,,22,20028,,,,32,24652,,,,28,9304,,,,20,16120,,,,,,,,,,,,,,,,,,,,,,,,,,,,,,,,,
180857,10-May-19,14:40:58,2019-05-10 14:40:58,G,6,1,267,,0,9,-62.4641,-60.8247,40:57.9,FastGPS,-62.4641,-60.8247,,,10,-1.1,,,,15,32,29600,,,,1,14923,,,,22,12938,,,,28,3863,,,,11,2906,,,,3,24217,,,,14,17027,,,,24,3014,,,,19,21742,,,,,,,,,,,,,,,,,,,,,,,,,,,,,,,,,
180857,10-May-19,16:41:00,2019-05-10 16:41:00,G,4,1,269,,0,9,-62.4644,-60.8394,40:59.9,FastGPS,-62.4644,-60.8394,,,9.4,-1.1,,,,15,31,9858,,,,3,7776,,,,18,21678,,,,23,28432,,,,1,10074,,,,14,12244,,,,22,24012,,,,25,28062,,,,12,22129,,,,,,,,,,,,,,,,,,,,,,,,,,,,,,,,,
180857,10-May-19,17:41:03,2019-05-10 17:41:03,G,2,1,270,127,0,6,-62.4476,-60.843,41:02.9,FastGPS,-62.4476,-60.843,,,9.7,-1.1,,,,15,22,10926,,,,31,17512,,,,3,14904,,,,25,26650,,,,23,23734,,,,1,11396,,,,,,,,,,,,,,,,,,,,,,,,,,,,,,,,,,,,,,,,,,,,,,,,
180857,10-May-19,18:44:36,2019-05-10 18:44:36,G,12,1,271,127,0,8,-62.4199,-60.8806,44:36.4,FastGPS,-62.4199,-60.8806,,1,5.7,-0.6,,,,15,7,21800,,,,2,475,,,,23,22738,,,,3,6070,,,,9,6931,,,,6,18041,,,,4,2448,,,,29,1532,,,,,,,,,,,,,,,,,,,,,,,,,,,,,,,,,,,,,,
180857,10-May-19,21:13:08,2019-05-10 21:13:08,G,4,1,273,128,0,8,-62.3742,-61.0001,13:08.9,FastGPS,-62.3742,-61.0001,,1,13.2,-0.1,,,,15,9,14647,,,,7,28390,,,,4,14958,,,,16,13338,,,,27,12542,,,,30,13236,,,,5,18947,,,,23,2196,,,,,,,,,,,,,,,,,,,,,,,,,,,,,,,,,,,,,,
180857,10-May-19,22:13:18,2019-05-10 22:13:18,G,4,1,274,128,0,7,-62.3664,-60.9236,13:17.9,FastGPS,-62.3664,-60.9236,,1,8.5,-1.1,,,,15,7,20914,,,,27,20442,,,,13,2981,,,,30,9558,,,,5,21486,,,,8,8072,,,,4,9014,,,,,,,,,,,,,,,,,,,,,,,,,,,,,,,,,,,,,,,,,,,
180857,10-May-19,23:14:34,2019-05-10 23:14:34,G,6,1,275,128,0,5,-62.3484,-61.0164,14:34.4,FastGPS,-62.3484,-61.0164,,,6.7,-0.6,,,,15,5,11137,,,,30,9330,,,,28,3140,,,,13,4125,,,,7,12718,,,,,,,,,,,,,,,,,,,,,,,,,,,,,,,,,,,,,,,,,,,,,,,,,,,,,
180857,11-May-19,0:29:24,2019-05-11 00:29:24,G,2,1,276,129,0,8,-62.3428,-60.901,29:25.4,FastGPS,-62.3428,-60.901,,,3.9,0.4,,,,15,1,14381,,,,15,24460,,,,30,10462,,,,11,1378,,,,17,21702,,,,28,7836,,,,18,31685,,,,13,20614,,,,,,,,,,,,,,,,,,,,,,,,,,,,,,,,,,,,,,
180857,11-May-19,2:01:58,2019-05-11 02:01:58,G,4,1,277,131,0,8,-62.3428,-60.926,01:59.4,FastGPS,-62.3428,-60.926,,,9,0.4,,,,15,17,18601,,,,10,9875,,,,24,17649,,,,19,29572,,,,15,973,,,,32,1507,,,,12,15302,,,,20,23824,,,,,,,,,,,,,,,,,,,,,,,,,,,,,,,,,,,,,,
180857,11-May-19,3:04:53,2019-05-11 03:04:53,G,6,1,278,131,0,5,-62.384,-60.9344,04:54.4,FastGPS,-62.384,-60.9344,,,3.8,0.4,,,,15,17,739,,,,24,4982,,,,12,19093,,,,19,3428,,,,15,7652,,,,,,,,,,,,,,,,,,,,,,,,,,,,,,,,,,,,,,,,,,,,,,,,,,,,,
180857,11-May-19,7:38:00,2019-05-11 07:38:00,G,2,1,282,133,0,7,-62.4915,-60.8462,38:01.4,FastGPS,-62.4915,-60.8462,,,10.6,0.4,,,,15,5,18073,,,,29,2299,,,,16,23802,,,,21,27014,,,,2,18871,,,,31,18212,,,,26,15819,,,,,,,,,,,,,,,,,,,,,,,,,,,,,,,,,,,,,,,,,,,
180857,11-May-19,8:56:40,2019-05-11 08:56:40,G,2,1,283,134,0,5,-62.49,-60.848,56:41.4,FastGPS,-62.49,-60.848,,,6.6,0.4,,,,15,5,9719,,,,21,634,,,,29,14627,,,,26,3898,,,,16,100,,,,,,,,,,,,,,,,,,,,,,,,,,,,,,,,,,,,,,,,,,,,,,,,,,,,,
180857,11-May-19,12:18:03,2019-05-11 12:18:03,G,2,1,285,139,0,6,-62.4933,-60.8372,18:04.4,FastGPS,-62.4933,-60.8372,,,7.2,0.4,,,,15,20,28801,,,,32,29070,,,,10,30582,,,,15,24069,,,,21,15312,,,,8,3036,,,,,,,,,,,,,,,,,,,,,,,,,,,,,,,,,,,,,,,,,,,,,,,,
180857,11-May-19,14:21:12,2019-05-11 14:21:12,G,4,1,287,139,0,6,-62.4829,-60.8186,21:12.9,FastGPS,-62.4829,-60.8186,,,12.1,-0.1,,,,15,32,14202,,,,14,1956,,,,17,30586,,,,24,17638,,,,10,28255,,,,18,6334,,,,,,,,,,,,,,,,,,,,,,,,,,,,,,,,,,,,,,,,,,,,,,,,
180857,11-May-19,16:24:28,2019-05-11 16:24:28,G,2,1,289,,0,9,-62.4835,-60.8161,24:27.9,FastGPS,-62.4835,-60.8161,,,7.6,-1.1,,,,15,3,13038,,,,22,23042,,,,1,30933,,,,25,19537,,,,31,4505,,,,12,8183,,,,32,24414,,,,19,6994,,,,23,18690,,,,,,,,,,,,,,,,,,,,,,,,,,,,,,,,,
180857,11-May-19,17:25:13,2019-05-11 17:25:13,G,4,1,290,139,0,7,-62.4834,-60.8161,25:13.4,FastGPS,-62.4834,-60.8161,,,14.7,-0.6,,,,15,3,14815,,,,23,7046,,,,22,31990,,,,12,5676,,,,6,22113,,,,19,193,,,,17,18845,,,,,,,,,,,,,,,,,,,,,,,,,,,,,,,,,,,,,,,,,,,
180857,11-May-19,18:25:01,2019-05-11 18:25:01,G,2,1,291,139,0,8,-62.4836,-60.8159,25:01.4,FastGPS,-62.4836,-60.8159,,1,7.2,-0.6,,,,15,9,32688,,,,3,5094,,,,6,30779,,,,23,3055,,,,4,9692,,,,22,116,,,,2,32474,,,,7,7878,,,,,,,,,,,,,,,,,,,,,,,,,,,,,,,,,,,,,,
180857,11-May-19,19:50:20,2019-05-11 19:50:20,G,2,1,292,140,0,8,-62.4622,-60.8385,50:19.9,FastGPS,-62.4622,-60.8385,,1,8.3,-1.1,,,,15,7,23894,,,,23,4851,,,,9,9416,,,,16,31296,,,,6,14990,,,,4,13082,,,,26,20188,,,,30,16835,,,,,,,,,,,,,,,,,,,,,,,,,,,,,,,,,,,,,,
180857,11-May-19,22:38:40,2019-05-11 22:38:40,G,2,1,294,143,0,7,-62.3471,-60.9094,38:40.4,FastGPS,-62.3471,-60.9094,,1,6.7,-0.6,,,,15,7,25156,,,,30,5653,,,,5,30064,,,,28,14686,,,,15,1236,,,,4,26017,,,,13,7384,,,,,,,,,,,,,,,,,,,,,,,,,,,,,,,,,,,,,,,,,,,
180857,11-May-19,23:38:22,2019-05-11 23:38:22,G,2,1,295,143,0,7,-62.3107,-60.9897,38:22.4,FastGPS,-62.3107,-60.9897,,,5.9,-0.6,,,,15,5,8609,,,,30,15354,,,,28,31631,,,,15,27400,,,,7,31539,,,,13,16270,,,,8,5423,,,,,,,,,,,,,,,,,,,,,,,,,,,,,,,,,,,,,,,,,,,
180857,12-May-19,0:38:39,2019-05-12 00:38:39,G,4,1,296,143,0,8,-62.2787,-61.0697,38:39.4,FastGPS,-62.2787,-61.0697,,,10.5,-0.6,,,,15,17,5598,,,,28,15396,,,,30,5097,,,,13,13264,,,,15,20680,,,,10,32103,,,,11,28416,,,,19,20384,,,,,,,,,,,,,,,,,,,,,,,,,,,,,,,,,,,,,,
180857,12-May-19,1:42:52,2019-05-12 01:42:52,G,4,1,297,143,0,6,-62.2732,-61.1264,42:52.4,FastGPS,-62.2732,-61.1264,,,3,-0.6,,,,15,17,19802,,,,10,23834,,,,24,5442,,,,19,10119,,,,15,4163,,,,20,30002,,,,,,,,,,,,,,,,,,,,,,,,,,,,,,,,,,,,,,,,,,,,,,,,
180857,12-May-19,2:46:34,2019-05-12 02:46:34,G,6,1,298,143,0,8,-62.3194,-61.1323,46:34.4,FastGPS,-62.3194,-61.1323,,,9.7,-0.6,,,,15,24,7304,,,,19,1523,,,,14,30450,,,,17,29279,,,,12,5878,,,,32,21738,,,,22,31740,,,,10,1352,,,,,,,,,,,,,,,,,,,,,,,,,,,,,,,,,,,,,,
180857,12-May-19,3:46:20,2019-05-12 03:46:20,G,4,1,299,143,0,7,-62.3703,-61.132,46:20.4,FastGPS,-62.3703,-61.132,,,7.2,-0.6,,,,15,12,2561,,,,14,3484,,,,32,2565,,,,24,4587,,,,19,12741,,,,22,8396,,,,6,4436,,,,,,,,,,,,,,,,,,,,,,,,,,,,,,,,,,,,,,,,,,,
180857,12-May-19,7:59:25,2019-05-12 07:59:25,G,2,1,302,147,0,6,-62.455,-60.9852,59:24.9,FastGPS,-62.455,-60.9852,,,4.6,-1.1,,,,15,5,19494,,,,26,2500,,,,29,13453,,,,21,6928,,,,16,22348,,,,31,12771,,,,,,,,,,,,,,,,,,,,,,,,,,,,,,,,,,,,,,,,,,,,,,,,
180857,12-May-19,9:15:01,2019-05-12 09:15:01,G,2,1,303,148,0,7,-62.4837,-60.9403,15:01.4,FastGPS,-62.4837,-60.9403,,,30.2,-0.6,,,,15,16,21147,,,,5,16059,,,,26,18652,,,,7,31962,,,,13,14994,,,,29,31440,,,,21,22210,,,,,,,,,,,,,,,,,,,,,,,,,,,,,,,,,,,,,,,,,,,
180857,12-May-19,12:16:54,2019-05-12 12:16:54,G,2,1,305,151,0,7,-62.5049,-60.831,16:53.9,FastGPS,-62.5049,-60.831,,,3.1,-1.1,,,,15,10,18122,,,,18,10888,,,,20,9348,,,,11,13328,,,,32,31214,,,,27,4630,,,,8,26037,,,,,,,,,,,,,,,,,,,,,,,,,,,,,,,,,,,,,,,,,,,
180857,12-May-19,14:23:20,2019-05-12 14:23:20,G,2,1,306,155,0,8,-62.504,-60.8239,23:20.4,FastGPS,-62.504,-60.8239,,,10.5,-0.6,,,,15,22,2704,,,,11,29050,,,,1,19186,,,,10,8243,,,,18,11293,,,,3,5427,,,,32,21326,,,,8,31399,,,,,,,,,,,,,,,,,,,,,,,,,,,,,,,,,,,,,,
180857,13-May-19,0:38:07,2019-05-13 00:38:07,G,2,1,312,,0,9,-62.2946,-60.8419,38:06.9,FastGPS,-62.2946,-60.8419,,,11.9,-1.1,,,,15,15,13058,,,,30,15287,,,,17,14110,,,,20,5714,,,,24,22232,,,,28,3542,,,,11,22848,,,,1,18520,,,,13,29390,,,,,,,,,,,,,,,,,,,,,,,,,,,,,,,,,
180857,13-May-19,1:49:11,2019-05-13 01:49:11,G,2,1,313,,0,9,-62.3203,-60.7783,49:11.4,FastGPS,-62.3203,-60.7783,,,10.3,-0.6,,,,15,15,3399,,,,24,27706,,,,10,5499,,,,11,30651,,,,18,20863,,,,1,21279,,,,12,16150,,,,19,6232,,,,28,17514,,,,,,,,,,,,,,,,,,,,,,,,,,,,,,,,,
180857,13-May-19,4:18:47,2019-05-13 04:18:47,G,4,1,314,,0,9,-62.3333,-60.7393,18:47.0,FastGPS,-62.3333,-60.7393,,,4.2,-1,,,,15,17,17454,,,,12,14962,,,,25,22042,,,,24,26738,,,,32,18434,,,,22,5927,,,,2,1421,,,,14,16188,,,,3,18182,,,,,,,,,,,,,,,,,,,,,,,,,,,,,,,,,
180857,13-May-19,5:19:18,2019-05-13 05:19:18,G,2,1,315,,0,9,-62.3523,-60.7246,19:18.0,FastGPS,-62.3523,-60.7246,,,12.2,-1,,,,15,29,9696,,,,12,27758,,,,32,10470,,,,25,23086,,,,2,12825,,,,6,13631,,,,31,7226,,,,14,19547,,,,24,15357,,,,,,,,,,,,,,,,,,,,,,,,,,,,,,,,,
180857,13-May-19,6:19:06,2019-05-13 06:19:06,G,4,1,316,164,0,7,-62.3473,-60.7794,19:05.9,FastGPS,-62.3473,-60.7794,,,11.4,-1.1,,,,15,29,9074,,,,31,18200,,,,12,4901,,,,25,11270,,,,23,6006,,,,26,31282,,,,5,26968,,,,,,,,,,,,,,,,,,,,,,,,,,,,,,,,,,,,,,,,,,,
180857,13-May-19,8:58:40,2019-05-13 08:58:40,G,12,1,317,164,0,7,-62.4482,-60.8215,58:39.9,FastGPS,-62.4482,-60.8215,,1,11.4,-1.1,,,,15,7,10599,,,,16,3127,,,,26,7516,,,,5,26612,,,,21,4162,,,,29,21445,,,,4,18437,,,,,,,,,,,,,,,,,,,,,,,,,,,,,,,,,,,,,,,,,,,
180857,13-May-19,10:02:40,2019-05-13 10:02:40,G,10,1,318,,0,9,-62.4781,-60.8175,02:39.9,FastGPS,-62.4781,-60.8175,,,9,-1.1,,,,15,20,11738,,,,7,18730,,,,27,23183,,,,15,10009,,,,16,29174,,,,21,26629,,,,26,31233,,,,8,18472,,,,10,18958,,,,,,,,,,,,,,,,,,,,,,,,,,,,,,,,,
180857,13-May-19,11:02:00,2019-05-13 11:02:00,G,4,1,319,164,1,4,-62.4839,-60.8087,02:00.0,FastGPS,-62.4838,-60.8059,,,0.8,-0.9,,,,15,20,14222,,,,10,28642,,,,21,6349,,,,13,19336,,,,,,,,,,,,,,,,,,,,,,,,,,,,,,,,,,,,,,,,,,,,,,,,,,,,,,,,,,
180857,13-May-19,12:02:00,2019-05-13 12:02:00,G,4,1,320,164,1,5,-62.4839,-60.8087,02:00.0,FastGPS,-62.4839,-60.8087,,,0.7,-1,,,,15,15,5594,,,,21,17504,,,,20,8504,,,,10,23214,,,,32,18514,,,,,,,,,,,,,,,,,,,,,,,,,,,,,,,,,,,,,,,,,,,,,,,,,,,,,
180857,13-May-19,13:02:00,2019-05-13 13:02:00,G,4,1,321,164,1,6,-62.4835,-60.8077,02:00.0,FastGPS,-62.4835,-60.8077,,,2.5,-1,,,,15,32,3982,,,,10,11086,,,,24,25187,,,,20,3261,,,,14,30629,,,,27,1822,,,,,,,,,,,,,,,,,,,,,,,,,,,,,,,,,,,,,,,,,,,,,,,,
180857,13-May-19,21:37:00,2019-05-13 21:37:00,G,4,1,322,164,0,7,-62.4836,-60.8104,37:00.4,FastGPS,-62.4836,-60.8104,,1,0.9,-0.6,,,,15,9,18964,,,,5,12900,,,,7,20708,,,,13,11518,,,,4,30071,,,,16,31488,,,,30,26416,,,,,,,,,,,,,,,,,,,,,,,,,,,,,,,,,,,,,,,,,,,
180857,14-May-19,1:57:52,2019-05-14 01:57:52,G,2,1,325,168,0,8,-62.347,-60.9212,57:53.0,FastGPS,-62.347,-60.9212,,,15.1,0,,,,15,17,1589,,,,28,13747,,,,15,15483,,,,13,19274,,,,12,26323,,,,24,10223,,,,1,8972,,,,19,25918,,,,,,,,,,,,,,,,,,,,,,,,,,,,,,,,,,,,,,
180857,14-May-19,4:13:05,2019-05-14 04:13:05,G,4,1,327,,0,9,-62.2601,-60.7754,13:05.5,FastGPS,-62.2601,-60.7754,,,9.9,-0.5,,,,15,32,20605,,,,12,14231,,,,24,658,,,,31,15637,,,,2,27510,,,,14,15430,,,,25,16750,,,,3,17470,,,,29,926,,,,,,,,,,,,,,,,,,,,,,,,,,,,,,,,,
180857,14-May-19,5:13:04,2019-05-14 05:13:04,G,4,1,328,,0,9,-62.2365,-60.7312,13:05.0,FastGPS,-62.2365,-60.7312,,,13.9,0,,,,15,32,11546,,,,31,25336,,,,29,27631,,,,14,18651,,,,6,10203,,,,2,3038,,,,24,20264,,,,25,13502,,,,12,25226,,,,,,,,,,,,,,,,,,,,,,,,,,,,,,,,,
180857,14-May-19,6:13:00,2019-05-14 06:13:00,G,4,1,329,169,0,8,-62.2001,-60.6392,13:01.0,FastGPS,-62.2001,-60.6392,,,5,0,,,,15,12,1244,,,,5,8040,,,,31,3672,,,,29,25404,,,,2,5420,,,,25,1891,,,,23,22422,,,,6,30156,,,,,,,,,,,,,,,,,,,,,,,,,,,,,,,,,,,,,,
180857,14-May-19,7:13:09,2019-05-14 07:13:09,G,6,1,330,,0,9,-62.1721,-60.5312,13:09.0,FastGPS,-62.1721,-60.5312,,1,13.8,-1,,,,15,4,27164,,,,5,15000,,,,12,28228,,,,2,26128,,,,9,4620,,,,31,2523,,,,29,28270,,,,25,13658,,,,26,20530,,,,,,,,,,,,,,,,,,,,,,,,,,,,,,,,,
180857,14-May-19,8:47:08,2019-05-14 08:47:08,G,4,1,331,171,0,6,-62.1403,-60.3748,47:08.0,FastGPS,-62.1402,-60.3748,,,11.2,-1,,,,15,29,20116,,,,5,13421,,,,21,19886,,,,13,19122,,,,26,13301,,,,16,16064,,,,,,,,,,,,,,,,,,,,,,,,,,,,,,,,,,,,,,,,,,,,,,,,
180857,14-May-19,9:47:06,2019-05-14 09:47:06,G,4,1,332,,0,9,-62.1465,-60.2849,47:06.0,FastGPS,-62.1465,-60.2849,,,9.3,-1,,,,15,5,8214,,,,15,5159,,,,21,28385,,,,20,2229,,,,16,27231,,,,13,4904,,,,27,3576,,,,7,10655,,,,26,31274,,,,,,,,,,,,,,,,,,,,,,,,,,,,,,,,,
180857,14-May-19,10:47:12,2019-05-14 10:47:12,G,2,1,333,,0,9,-62.1807,-60.2297,47:12.5,FastGPS,-62.1807,-60.2297,,,6.7,-0.5,,,,15,27,19339,,,,10,2584,,,,20,16445,,,,16,25262,,,,30,32160,,,,21,20878,,,,15,30632,,,,13,6662,,,,7,22435,,,,,,,,,,,,,,,,,,,,,,,,,,,,,,,,,
180857,14-May-19,15:19:20,2019-05-14 15:19:20,G,4,1,337,,0,9,-62.3657,-60.2238,19:20.5,FastGPS,-62.3657,-60.2238,,,7.1,-0.5,,,,15,11,26728,,,,17,22899,,,,18,5148,,,,31,12526,,,,3,1852,,,,1,27576,,,,19,7787,,,,32,16208,,,,22,17799,,,,,,,,,,,,,,,,,,,,,,,,,,,,,,,,,
180857,14-May-19,17:45:24,2019-05-14 17:45:24,G,2,1,339,,0,9,-62.3472,-60.3631,45:25.0,FastGPS,-62.3472,-60.3631,,1,10.6,0,,,,15,9,31661,,,,22,26276,,,,31,192,,,,3,28758,,,,19,18587,,,,23,20756,,,,2,29500,,,,6,9434,,,,4,14514,,,,,,,,,,,,,,,,,,,,,,,,,,,,,,,,,
180857,14-May-19,18:45:00,2019-05-14 18:45:00,G,4,1,340,,0,9,-62.3137,-60.4195,45:00.0,FastGPS,-62.3138,-60.4194,,1,4.3,-1,,,,15,7,10519,,,,23,3063,,,,4,28898,,,,6,26803,,,,9,12887,,,,26,27178,,,,3,6989,,,,2,25696,,,,16,26322,,,,,,,,,,,,,,,,,,,,,,,,,,,,,,,,,
180857,14-May-19,21:06:57,2019-05-14 21:06:57,G,2,1,341,176,0,7,-62.2295,-60.5237,06:57.0,FastGPS,-62.2295,-60.5237,,1,7,-1,,,,15,5,17504,,,,30,27945,,,,9,3884,,,,7,10573,,,,16,3924,,,,27,30248,,,,4,17592,,,,,,,,,,,,,,,,,,,,,,,,,,,,,,,,,,,,,,,,,,,
180857,15-May-19,2:24:03,2019-05-15 02:24:03,G,10,1,344,,0,9,-62.1307,-60.5382,24:03.0,FastGPS,-62.1307,-60.5382,,,6.4,-1,,,,15,12,27606,,,,32,12306,,,,24,29310,,,,17,7742,,,,22,29908,,,,1,22556,,,,15,11614,,,,18,10096,,,,28,13732,,,,,,,,,,,,,,,,,,,,,,,,,,,,,,,,,
180857,15-May-19,5:02:35,2019-05-15 05:02:35,G,4,1,346,,0,9,-62.2225,-60.5525,02:36.0,FastGPS,-62.2225,-60.5525,,,5.9,0,,,,15,29,20626,,,,32,19971,,,,25,23152,,,,31,21633,,,,14,21418,,,,6,8976,,,,12,23151,,,,2,11858,,,,19,16268,,,,,,,,,,,,,,,,,,,,,,,,,,,,,,,,,
180857,15-May-19,7:26:29,2019-05-15 07:26:29,G,4,1,348,,0,9,-62.1938,-60.6631,26:30.5,FastGPS,-62.1938,-60.6631,,1,7.8,0.5,,,,15,31,8760,,,,26,2514,,,,29,3407,,,,2,704,,,,5,29822,,,,4,16878,,,,21,25865,,,,9,2093,,,,16,17277,,,,,,,,,,,,,,,,,,,,,,,,,,,,,,,,,
180857,15-May-19,8:35:00,2019-05-15 08:35:00,G,4,1,349,180,0,7,-62.2378,-60.6553,35:00.0,FastGPS,-62.2378,-60.6553,,1,1.8,-1,,,,15,21,27879,,,,26,15034,,,,5,30282,,,,16,26903,,,,29,12716,,,,7,28416,,,,4,14956,,,,,,,,,,,,,,,,,,,,,,,,,,,,,,,,,,,,,,,,,,,
180857,15-May-19,9:39:04,2019-05-15 09:39:04,G,4,1,350,180,0,5,-62.2797,-60.605,39:05.0,FastGPS,-62.2797,-60.605,,,4.2,0,,,,15,26,32307,,,,16,17860,,,,27,12134,,,,20,8526,,,,7,1760,,,,,,,,,,,,,,,,,,,,,,,,,,,,,,,,,,,,,,,,,,,,,,,,,,,,,
180857,15-May-19,15:16:55,2019-05-15 15:16:55,G,4,1,351,,0,9,-62.4842,-60.3702,16:56.5,FastGPS,-62.4842,-60.3702,,,7.8,0.5,,,,15,17,32686,,,,1,364,,,,11,28787,,,,32,18148,,,,3,13695,,,,22,26620,,,,18,6698,,,,12,19478,,,,19,21246,,,,,,,,,,,,,,,,,,,,,,,,,,,,,,,,,
180857,15-May-19,19:09:41,2019-05-15 19:09:41,G,6,1,352,,0,9,-62.5485,-60.399,09:41.6,FastGPS,-62.5485,-60.399,,1,4.6,-0.4,,,,15,7,32400,,,,23,24027,,,,6,6684,,,,16,30757,,,,2,20970,,,,9,8076,,,,4,2235,,,,26,23041,,,,29,15042,,,,,,,,,,,,,,,,,,,,,,,,,,,,,,,,,
180857,16-May-19,4:09:44,2019-05-16 04:09:44,G,2,1,354,180,0,8,-62.4646,-60.8393,09:44.5,FastGPS,-62.4646,-60.8393,,,20.1,-0.5,,,,15,29,7708,,,,14,3148,,,,32,32646,,,,31,26827,,,,25,17817,,,,12,1544,,,,24,31836,,,,3,4412,,,,,,,,,,,,,,,,,,,,,,,,,,,,,,,,,,,,,,
180857,16-May-19,15:25:13,2019-05-16 15:25:13,G,2,1,357,,0,9,-62.4839,-60.8127,25:13.5,FastGPS,-62.4839,-60.8127,,,7.1,-0.5,,,,15,32,24055,,,,1,1699,,,,22,18807,,,,17,22020,,,,11,8645,,,,14,3478,,,,3,28577,,,,18,16678,,,,31,16244,,,,,,,,,,,,,,,,,,,,,,,,,,,,,,,,,
180857,16-May-19,16:25:00,2019-05-16 16:25:00,G,2,1,358,,0,9,-62.484,-60.8129,25:00.1,FastGPS,-62.484,-60.8129,,,5.1,-0.9,,,,15,17,2141,,,,23,3511,,,,22,12046,,,,31,20983,,,,3,12194,,,,19,27001,,,,14,14148,,,,6,9725,,,,1,13950,,,,,,,,,,,,,,,,,,,,,,,,,,,,,,,,,
180857,16-May-19,17:43:00,2019-05-16 17:43:00,G,2,1,359,181,0,8,-62.4838,-60.8138,43:00.0,FastGPS,-62.4838,-60.8138,,,11.9,-1,,,,15,23,9155,,,,6,1488,,,,2,4761,,,,3,26283,,,,22,15244,,,,31,31127,,,,9,4503,,,,19,16298,,,,,,,,,,,,,,,,,,,,,,,,,,,,,,,,,,,,,,
180857,16-May-19,18:44:35,2019-05-16 18:44:35,G,2,1,360,,0,9,-62.4839,-60.8134,44:35.1,FastGPS,-62.4839,-60.8134,,1,8.9,-0.9,,,,15,9,15378,,,,4,9966,,,,2,22904,,,,23,8225,,,,6,97,,,,26,20233,,,,16,4791,,,,29,1476,,,,5,26487,,,,,,,,,,,,,,,,,,,,,,,,,,,,,,,,,
180857,16-May-19,20:02:01,2019-05-16 20:02:01,G,2,1,361,182,0,8,-62.4857,-60.8288,02:01.1,FastGPS,-62.4857,-60.8288,,1,16.4,-0.9,,,,15,7,4010,,,,9,6590,,,,23,31487,,,,4,32588,,,,5,12521,,,,30,25524,,,,2,16994,,,,16,1872,,,,,,,,,,,,,,,,,,,,,,,,,,,,,,,,,,,,,,
180857,17-May-19,9:08:17,2019-05-17 09:08:17,G,6,1,362,,0,9,-62.4837,-60.8448,08:17.6,FastGPS,-62.4837,-60.8448,,,10.6,-0.4,,,,15,5,6222,,,,16,11172,,,,26,28703,,,,7,24175,,,,13,29555,,,,27,23775,,,,21,11208,,,,20,18526,,,,15,2962,,,,,,,,,,,,,,,,,,,,,,,,,,,,,,,,,
180857,17-May-19,10:08:00,2019-05-17 10:08:00,G,6,1,363,,1,9,-62.4837,-60.8086,08:00.1,FastGPS,-62.4837,-60.8086,,,10.5,-0.9,,,,15,30,12709,,,,15,11206,,,,27,9804,,,,7,9164,,,,20,20983,,,,21,10251,,,,13,1676,,,,16,13766,,,,8,4576,,,,,,,,,,,,,,,,,,,,,,,,,,,,,,,,,
180857,17-May-19,17:05:43,2019-05-17 17:05:43,G,6,1,364,,0,9,-62.4839,-60.8136,05:44.1,FastGPS,-62.4839,-60.8136,,,10,0.1,,,,15,3,20724,,,,23,1324,,,,19,694,,,,31,18993,,,,6,18050,,,,22,30096,,,,17,11766,,,,9,12434,,,,2,2535,,,,,,,,,,,,,,,,,,,,,,,,,,,,,,,,,
180857,17-May-19,18:12:18,2019-05-17 18:12:18,G,4,1,365,183,0,8,-62.4796,-60.8275,12:19.6,FastGPS,-62.4796,-60.8275,,1,14.4,0.6,,,,15,7,17322,,,,23,10846,,,,3,9207,,,,22,26694,,,,26,12539,,,,9,14974,,,,4,3698,,,,16,31964,,,,,,,,,,,,,,,,,,,,,,,,,,,,,,,,,,,,,,
180857,17-May-19,22:38:35,2019-05-17 22:38:35,G,2,1,368,185,0,6,-62.3556,-61.1787,38:35.1,FastGPS,-62.3556,-61.1787,,1,10.8,-0.9,,,,15,5,3558,,,,28,5320,,,,30,19786,,,,13,21110,,,,7,10667,,,,4,32730,,,,,,,,,,,,,,,,,,,,,,,,,,,,,,,,,,,,,,,,,,,,,,,,
180857,17-May-19,23:38:00,2019-05-17 23:38:00,G,2,1,369,185,0,8,-62.344,-61.2739,38:01.1,FastGPS,-62.344,-61.2739,,,5.3,0.1,,,,15,28,5989,,,,15,26809,,,,13,18642,,,,11,3524,,,,30,32440,,,,17,5371,,,,7,20475,,,,5,3347,,,,,,,,,,,,,,,,,,,,,,,,,,,,,,,,,,,,,,
180857,18-May-19,2:56:49,2019-05-18 02:56:49,G,4,1,372,186,0,6,-62.3243,-61.6578,56:50.1,FastGPS,-62.3243,-61.6578,,,10,0.1,,,,15,32,5732,,,,12,9202,,,,24,14148,,,,25,9016,,,,22,22226,,,,14,28084,,,,,,,,,,,,,,,,,,,,,,,,,,,,,,,,,,,,,,,,,,,,,,,,
180857,18-May-19,3:57:04,2019-05-18 03:57:04,G,2,1,373,,0,9,-62.3684,-61.6156,57:05.6,FastGPS,-62.3684,-61.6156,,,9.2,0.6,,,,15,19,6695,,,,17,13195,,,,6,5456,,,,25,12134,,,,3,9473,,,,12,6118,,,,32,16082,,,,14,11014,,,,22,1616,,,,,,,,,,,,,,,,,,,,,,,,,,,,,,,,,
180857,18-May-19,7:12:01,2019-05-18 07:12:01,G,8,1,376,187,0,4,-62.4836,-60.8119,5/17/2019 12:33,NN,-62.5286,-61.7511,,,2.2,-1,,,,15,31,7617,,,,29,25920,,,,21,2474,,,,5,11835,,,,,,,,,,,,,,,,,,,,,,,,,,,,,,,,,,,,,,,,,,,,,,,,,,,,,,,,,,
180857,18-May-19,8:12:02,2019-05-18 08:12:02,G,6,1,377,187,0,4,-62.5286,-61.7511,12:01.0,FastGPS,-62.5644,-61.8125,,,0.8,0.1,,,,15,5,17778,,,,21,27194,,,,29,12421,,,,26,19046,,,,,,,,,,,,,,,,,,,,,,,,,,,,,,,,,,,,,,,,,,,,,,,,,,,,,,,,,,
180857,18-May-19,9:12:14,2019-05-18 09:12:14,G,6,1,378,187,0,6,-62.611,-61.8801,12:15.6,FastGPS,-62.611,-61.8801,,,6.5,0.6,,,,15,7,18987,,,,21,32321,,,,5,22676,,,,26,26889,,,,16,4122,,,,20,32736,,,,,,,,,,,,,,,,,,,,,,,,,,,,,,,,,,,,,,,,,,,,,,,,
180857,18-May-19,10:27:31,2019-05-18 10:27:31,G,4,1,379,188,0,8,-62.6796,-61.8367,27:31.1,FastGPS,-62.6796,-61.8367,,,12.5,-0.9,,,,15,15,21867,,,,30,8136,,,,13,9283,,,,8,29354,,,,27,17068,,,,21,25372,,,,26,3854,,,,10,18368,,,,,,,,,,,,,,,,,,,,,,,,,,,,,,,,,,,,,,
180857,18-May-19,11:51:56,2019-05-18 11:51:56,G,4,1,380,189,0,8,-62.7057,-61.8111,51:56.1,FastGPS,-62.7057,-61.8111,,,12.8,-0.9,,,,15,15,21107,,,,28,2916,,,,32,11213,,,,20,24195,,,,10,262,,,,11,1304,,,,8,12128,,,,27,21624,,,,,,,,,,,,,,,,,,,,,,,,,,,,,,,,,,,,,,
180857,18-May-19,12:52:54,2019-05-18 12:52:54,G,4,1,381,189,0,8,-62.7275,-61.7489,52:54.1,FastGPS,-62.7275,-61.7489,,,5,-0.9,,,,15,24,23606,,,,10,29254,,,,18,525,,,,32,24220,,,,20,4832,,,,8,21444,,,,11,12726,,,,27,1672,,,,,,,,,,,,,,,,,,,,,,,,,,,,,,,,,,,,,,
180857,18-May-19,13:58:02,2019-05-18 13:58:02,G,4,1,382,189,0,7,-62.7692,-61.6843,58:02.1,FastGPS,-62.7692,-61.6843,,,13.3,-0.9,,,,15,1,4908,,,,22,16951,,,,18,28701,,,,17,14596,,,,24,1048,,,,11,15240,,,,8,19929,,,,,,,,,,,,,,,,,,,,,,,,,,,,,,,,,,,,,,,,,,,
180857,19-May-19,0:03:00,2019-05-19 00:03:00,G,6,1,387,,0,9,-62.812,-61.7928,03:01.1,FastGPS,-62.812,-61.7928,,,16.1,0.1,,,,15,1,14521,,,,15,12763,,,,13,19608,,,,8,6708,,,,18,24162,,,,10,17613,,,,11,18806,,,,17,23438,,,,28,14702,,,,,,,,,,,,,,,,,,,,,,,,,,,,,,,,,
180857,19-May-19,1:19:06,2019-05-19 01:19:06,G,2,1,388,,0,9,-62.7902,-61.8136,19:07.6,FastGPS,-62.7902,-61.8136,,,4.3,0.6,,,,15,15,8654,,,,24,6716,,,,19,6894,,,,12,16910,,,,11,3806,,,,28,27998,,,,1,8298,,,,18,23446,,,,13,3194,,,,,,,,,,,,,,,,,,,,,,,,,,,,,,,,,
180857,19-May-19,2:34:03,2019-05-19 02:34:03,G,6,1,389,194,0,6,-62.8174,-61.7883,34:04.1,FastGPS,-62.8174,-61.7883,,,7.6,0.1,,,,15,12,6689,,,,24,15423,,,,22,17393,,,,1,18600,,,,17,8503,,,,32,22497,,,,,,,,,,,,,,,,,,,,,,,,,,,,,,,,,,,,,,,,,,,,,,,,
180857,19-May-19,3:34:00,2019-05-19 03:34:00,G,6,1,390,194,0,6,-62.8392,-61.7832,34:01.6,FastGPS,-62.8392,-61.7832,,,8.9,0.6,,,,15,12,5007,,,,19,14717,,,,6,20014,,,,25,27209,,,,24,32433,,,,17,21177,,,,,,,,,,,,,,,,,,,,,,,,,,,,,,,,,,,,,,,,,,,,,,,,
180857,19-May-19,4:35:07,2019-05-19 04:35:07,G,8,1,391,194,0,8,-62.8607,-61.7601,35:08.1,FastGPS,-62.8607,-61.7601,,,10.8,0.1,,,,15,12,10708,,,,29,13186,,,,31,30960,,,,14,30410,,,,32,5932,,,,25,14207,,,,6,30100,,,,2,20996,,,,,,,,,,,,,,,,,,,,,,,,,,,,,,,,,,,,,,
180857,19-May-19,5:39:08,2019-05-19 05:39:08,G,6,1,392,194,0,6,-62.8779,-61.7509,39:09.1,FastGPS,-62.8779,-61.7509,,,3.7,0.1,,,,15,5,27257,,,,31,12873,,,,12,23652,,,,6,730,,,,29,10044,,,,2,6740,,,,,,,,,,,,,,,,,,,,,,,,,,,,,,,,,,,,,,,,,,,,,,,,
180857,19-May-19,6:39:14,2019-05-19 06:39:14,G,10,1,393,194,0,6,-62.8842,-61.7074,39:15.1,FastGPS,-62.8842,-61.7074,,,6.6,0.1,,,,15,29,19863,,,,31,24802,,,,25,8266,,,,5,2540,,,,2,7494,,,,21,20741,,,,,,,,,,,,,,,,,,,,,,,,,,,,,,,,,,,,,,,,,,,,,,,,
180857,19-May-19,7:49:59,2019-05-19 07:49:59,G,6,1,394,194,0,8,-62.906,-61.6211,50:00.1,FastGPS,-62.906,-61.6211,,1,4.9,0.1,,,,15,5,92,,,,26,27176,,,,21,11074,,,,29,21850,,,,31,18982,,,,16,29976,,,,4,13813,,,,25,15998,,,,,,,,,,,,,,,,,,,,,,,,,,,,,,,,,,,,,,
180857,19-May-19,9:15:42,2019-05-19 09:15:42,G,2,1,395,195,0,8,-62.8817,-61.5058,15:42.1,FastGPS,-62.8817,-61.5058,,,19.2,-0.9,,,,15,7,18626,,,,29,14786,,,,15,28297,,,,20,19685,,,,27,1587,,,,21,26848,,,,13,12406,,,,16,30788,,,,,,,,,,,,,,,,,,,,,,,,,,,,,,,,,,,,,,
180857,19-May-19,10:22:00,2019-05-19 10:22:00,G,2,1,396,195,0,7,-62.8657,-61.4842,22:01.6,FastGPS,-62.8657,-61.4842,,,12.6,0.6,,,,15,27,22548,,,,21,7348,,,,20,14510,,,,15,31814,,,,8,31552,,,,10,20394,,,,7,22288,,,,,,,,,,,,,,,,,,,,,,,,,,,,,,,,,,,,,,,,,,,
180857,19-May-19,14:13:29,2019-05-19 14:13:29,G,4,1,397,,0,9,-62.8198,-61.514,13:29.6,FastGPS,-62.8198,-61.514,,,12.4,-0.4,,,,15,17,29334,,,,22,21820,,,,1,13408,,,,11,11039,,,,18,23331,,,,19,18171,,,,3,10042,,,,14,9355,,,,24,32682,,,,,,,,,,,,,,,,,,,,,,,,,,,,,,,,,
180857,19-May-19,15:42:36,2019-05-19 15:42:36,G,6,1,398,,0,9,-62.8213,-61.5124,42:36.6,FastGPS,-62.8213,-61.5124,,,6.6,-0.4,,,,15,23,972,,,,31,6071,,,,17,12040,,,,22,21981,,,,3,25866,,,,1,11758,,,,11,11662,,,,14,28646,,,,18,12770,,,,,,,,,,,,,,,,,,,,,,,,,,,,,,,,,
180857,19-May-19,18:26:01,2019-05-19 18:26:01,G,4,1,399,,0,9,-62.7929,-61.5366,26:01.6,FastGPS,-62.7929,-61.5366,,,8.8,-0.4,,,,15,2,13206,,,,23,8530,,,,7,24357,,,,3,6765,,,,9,28464,,,,16,4593,,,,29,19862,,,,26,4608,,,,6,6148,,,,,,,,,,,,,,,,,,,,,,,,,,,,,,,,,
180857,19-May-19,19:45:08,2019-05-19 19:45:08,G,6,1,400,200,0,6,-62.769,-61.5462,45:08.2,FastGPS,-62.769,-61.5462,,1,0.8,-0.8,,,,15,23,1369,,,,5,22242,,,,4,19305,,,,7,13511,,,,9,32305,,,,16,22613,,,,,,,,,,,,,,,,,,,,,,,,,,,,,,,,,,,,,,,,,,,,,,,,
180857,20-May-19,2:09:17,2019-05-20 02:09:17,G,6,1,401,200,0,6,-62.811,-61.86,09:18.2,FastGPS,-62.811,-61.86,,,10.1,0.2,,,,15,12,27812,,,,1,25479,,,,24,9102,,,,15,25751,,,,32,19995,,,,17,6755,,,,,,,,,,,,,,,,,,,,,,,,,,,,,,,,,,,,,,,,,,,,,,,,
180857,20-May-19,5:34:48,2019-05-20 05:34:48,G,6,1,402,201,0,7,-62.9832,-61.8059,34:49.6,FastGPS,-62.9832,-61.8059,,,3.9,0.6,,,,15,29,335,,,,31,4620,,,,23,20508,,,,25,18418,,,,6,26112,,,,12,14982,,,,2,31168,,,,,,,,,,,,,,,,,,,,,,,,,,,,,,,,,,,,,,,,,,,
180857,20-May-19,7:05:06,2019-05-20 07:05:06,G,4,1,403,202,0,5,-62.9563,-61.6958,05:06.6,FastGPS,-62.9563,-61.6958,,,0.9,-0.4,,,,15,29,18218,,,,25,14784,,,,5,8334,,,,26,23743,,,,31,27852,,,,,,,,,,,,,,,,,,,,,,,,,,,,,,,,,,,,,,,,,,,,,,,,,,,,,
180857,20-May-19,8:36:22,2019-05-20 08:36:22,G,6,1,404,204,0,6,-62.9036,-61.5613,36:22.2,FastGPS,-62.9036,-61.5613,,,9.8,-0.8,,,,15,29,31192,,,,16,25682,,,,20,31782,,,,26,4500,,,,21,19635,,,,5,13504,,,,,,,,,,,,,,,,,,,,,,,,,,,,,,,,,,,,,,,,,,,,,,,,
180857,20-May-19,9:36:00,2019-05-20 09:36:00,G,2,1,405,204,0,5,-62.8724,-61.4884,36:01.2,FastGPS,-62.8724,-61.4884,,,10.9,0.2,,,,15,21,31474,,,,27,9039,,,,20,22182,,,,15,19890,,,,7,31203,,,,,,,,,,,,,,,,,,,,,,,,,,,,,,,,,,,,,,,,,,,,,,,,,,,,,
180857,20-May-19,11:08:30,2019-05-20 11:08:30,G,4,1,406,206,0,6,-62.8573,-61.4634,08:31.6,FastGPS,-62.8573,-61.4634,,,2.8,0.6,,,,15,10,11222,,,,27,7745,,,,8,21513,,,,20,30539,,,,15,3447,,,,18,28857,,,,,,,,,,,,,,,,,,,,,,,,,,,,,,,,,,,,,,,,,,,,,,,,
180857,20-May-19,12:10:46,2019-05-20 12:10:46,G,2,1,407,,0,9,-62.841,-61.462,10:47.6,FastGPS,-62.841,-61.462,,,14.3,0.6,,,,15,32,3836,,,,10,12340,,,,27,10211,,,,20,11041,,,,11,27396,,,,14,3376,,,,28,18424,,,,8,13904,,,,15,3110,,,,,,,,,,,,,,,,,,,,,,,,,,,,,,,,,
180857,20-May-19,15:04:43,2019-05-20 15:04:43,G,6,1,409,207,0,8,-62.7899,-61.5487,04:43.1,FastGPS,-62.7899,-61.5487,,,7.3,-0.9,,,,15,17,22277,,,,3,16037,,,,1,2870,,,,23,14482,,,,18,23686,,,,22,12688,,,,31,27432,,,,11,16612,,,,,,,,,,,,,,,,,,,,,,,,,,,,,,,,,,,,,,
180857,20-May-19,16:09:36,2019-05-20 16:09:36,G,4,1,410,,0,9,-62.7533,-61.5665,09:36.2,FastGPS,-62.7533,-61.5665,,,7.8,-0.8,,,,15,22,27516,,,,17,22532,,,,3,30875,,,,1,26462,,,,11,6794,,,,19,17218,,,,9,8532,,,,6,6448,,,,18,31878,,,,,,,,,,,,,,,,,,,,,,,,,,,,,,,,,
180857,20-May-19,20:17:16,2019-05-20 20:17:16,G,6,1,411,207,0,7,-62.68,-61.6211,17:16.2,FastGPS,-62.68,-61.6211,,1,8.1,-0.8,,,,15,7,27700,,,,30,2685,,,,2,13238,,,,13,18743,,,,4,4158,,,,16,13029,,,,9,22738,,,,,,,,,,,,,,,,,,,,,,,,,,,,,,,,,,,,,,,,,,,
180857,20-May-19,21:36:02,2019-05-20 21:36:02,G,2,1,412,208,0,7,-62.643,-61.7245,36:02.2,FastGPS,-62.643,-61.7245,,1,6.3,-0.8,,,,15,7,764,,,,30,318,,,,4,17886,,,,9,13432,,,,13,11594,,,,8,4193,,,,5,8789,,,,,,,,,,,,,,,,,,,,,,,,,,,,,,,,,,,,,,,,,,,
180857,20-May-19,23:09:27,2019-05-20 23:09:27,G,2,1,413,210,0,8,-62.5729,-61.7733,09:27.6,FastGPS,-62.5729,-61.7733,,,18.2,-0.4,,,,15,15,20202,,,,7,26134,,,,8,24722,,,,11,28365,,,,30,16581,,,,13,19442,,,,27,8211,,,,28,11756,,,,,,,,,,,,,,,,,,,,,,,,,,,,,,,,,,,,,,
180857,21-May-19,0:24:30,2019-05-21 00:24:30,G,4,1,414,,0,9,-62.6259,-61.7286,24:30.7,FastGPS,-62.6259,-61.7286,,,4.6,-0.3,,,,15,15,31156,,,,10,20582,,,,13,26663,,,,18,12466,,,,11,8012,,,,20,15564,,,,24,23679,,,,1,28312,,,,28,20147,,,,,,,,,,,,,,,,,,,,,,,,,,,,,,,,,
180857,21-May-19,2:13:08,2019-05-21 02:13:08,G,4,1,415,212,0,5,-62.7045,-61.6805,13:08.7,FastGPS,-62.7045,-61.6805,,,0.2,-0.3,,,,15,32,783,,,,22,1876,,,,24,376,,,,12,12277,,,,17,17166,,,,,,,,,,,,,,,,,,,,,,,,,,,,,,,,,,,,,,,,,,,,,,,,,,,,,
180857,21-May-19,3:13:02,2019-05-21 03:13:02,G,4,1,416,,0,9,-62.7103,-61.6711,13:03.7,FastGPS,-62.7103,-61.6711,,,8.2,0.7,,,,15,17,6098,,,,12,14498,,,,19,8340,,,,3,32629,,,,25,5276,,,,24,31925,,,,32,14082,,,,22,16837,,,,14,19971,,,,,,,,,,,,,,,,,,,,,,,,,,,,,,,,,
180857,21-May-19,5:49:10,2019-05-21 05:49:10,G,10,1,417,212,0,8,-62.7728,-61.5575,49:10.2,FastGPS,-62.7728,-61.5575,,,4.6,-0.8,,,,15,2,32689,,,,25,31324,,,,29,5686,,,,6,14626,,,,12,13462,,,,31,16868,,,,23,7818,,,,5,25164,,,,,,,,,,,,,,,,,,,,,,,,,,,,,,,,,,,,,,
180857,21-May-19,6:56:45,2019-05-21 06:56:45,G,4,1,418,,0,9,-62.7791,-61.5323,56:45.2,FastGPS,-62.7791,-61.5323,,,9.8,-0.8,,,,15,26,30633,,,,29,11362,,,,5,24160,,,,16,8403,,,,9,11722,,,,31,29256,,,,2,30299,,,,21,30616,,,,23,23123,,,,,,,,,,,,,,,,,,,,,,,,,,,,,,,,,
180857,21-May-19,8:55:15,2019-05-21 08:55:15,G,4,1,419,213,0,8,-62.7787,-61.5257,55:15.2,FastGPS,-62.7787,-61.5257,,,20.2,-0.8,,,,15,29,16534,,,,15,31064,,,,5,15043,,,,16,4759,,,,26,8355,,,,21,752,,,,13,24686,,,,20,16790,,,,,,,,,,,,,,,,,,,,,,,,,,,,,,,,,,,,,,
180857,21-May-19,9:55:00,2019-05-21 09:55:00,G,2,1,420,,0,9,-62.7788,-61.5312,55:00.2,FastGPS,-62.7788,-61.5312,,,13.9,-0.8,,,,15,27,9305,,,,20,12998,,,,21,21605,,,,7,28758,,,,30,7594,,,,16,27104,,,,8,10853,,,,15,1793,,,,10,6338,,,,,,,,,,,,,,,,,,,,,,,,,,,,,,,,,
180857,21-May-19,10:57:32,2019-05-21 10:57:32,G,6,1,421,213,0,8,-62.7784,-61.5339,57:32.1,FastGPS,-62.7784,-61.5339,,,7.6,-0.9,,,,15,18,22958,,,,27,32512,,,,8,25260,,,,15,281,,,,10,21429,,,,20,26645,,,,16,17468,,,,11,22657,,,,,,,,,,,,,,,,,,,,,,,,,,,,,,,,,,,,,,
180857,21-May-19,11:58:54,2019-05-21 11:58:54,G,2,1,422,,0,9,-62.7774,-61.5261,58:54.7,FastGPS,-62.7774,-61.5261,,,8,-0.3,,,,15,10,396,,,,18,7373,,,,11,13634,,,,8,28664,,,,1,7573,,,,20,14578,,,,27,14138,,,,28,9840,,,,32,14762,,,,,,,,,,,,,,,,,,,,,,,,,,,,,,,,,
180857,21-May-19,13:01:33,2019-05-21 13:01:33,G,6,1,423,213,0,7,-62.7797,-61.5268,01:33.7,FastGPS,-62.7797,-61.5268,,,5.8,-0.3,,,,15,18,6634,,,,32,20199,,,,1,13514,,,,11,21449,,,,28,17105,,,,8,32054,,,,27,6956,,,,,,,,,,,,,,,,,,,,,,,,,,,,,,,,,,,,,,,,,,,
180857,21-May-19,14:03:20,2019-05-21 14:03:20,G,4,1,424,,0,9,-62.7795,-61.5262,03:20.2,FastGPS,-62.7795,-61.5262,,,6.7,-0.8,,,,15,1,27658,,,,18,9807,,,,17,6118,,,,11,30107,,,,14,24054,,,,22,32374,,,,32,21481,,,,24,21629,,,,19,26721,,,,,,,,,,,,,,,,,,,,,,,,,,,,,,,,,
180857,21-May-19,15:03:04,2019-05-21 15:03:04,G,6,1,425,,0,9,-62.7795,-61.5253,03:05.2,FastGPS,-62.7795,-61.5253,,,3.3,0.2,,,,15,3,4478,,,,17,5510,,,,12,3723,,,,23,10696,,,,22,29684,,,,11,24917,,,,19,16480,,,,32,6484,,,,14,17844,,,,,,,,,,,,,,,,,,,,,,,,,,,,,,,,,
180857,21-May-19,16:04:43,2019-05-21 16:04:43,G,2,1,426,,0,9,-62.778,-61.5345,04:44.2,FastGPS,-62.778,-61.5345,,,5.2,0.2,,,,15,17,20759,,,,31,466,,,,23,20868,,,,1,25012,,,,22,25230,,,,18,31122,,,,14,27248,,,,19,13543,,,,11,5626,,,,,,,,,,,,,,,,,,,,,,,,,,,,,,,,,
180857,21-May-19,17:29:12,2019-05-21 17:29:12,G,6,1,427,214,0,8,-62.7683,-61.5486,29:13.2,FastGPS,-62.7683,-61.5486,,1,9.3,0.2,,,,15,19,9621,,,,9,11265,,,,4,3184,,,,23,27142,,,,31,23620,,,,6,25034,,,,3,17672,,,,2,14872,,,,,,,,,,,,,,,,,,,,,,,,,,,,,,,,,,,,,,
180857,21-May-19,19:03:38,2019-05-21 19:03:38,G,8,1,428,216,0,7,-62.7542,-61.5231,03:39.2,FastGPS,-62.7542,-61.5231,,1,4.4,0.2,,,,15,9,10212,,,,23,19762,,,,7,195,,,,4,4189,,,,26,28966,,,,30,25316,,,,16,22288,,,,,,,,,,,,,,,,,,,,,,,,,,,,,,,,,,,,,,,,,,,
180857,22-May-19,7:41:18,2019-05-22 07:41:18,G,10,1,431,216,0,6,-62.7045,-61.3498,41:19.7,FastGPS,-62.7045,-61.3498,,1,0.6,0.7,,,,15,5,7775,,,,26,8706,,,,29,24946,,,,21,4011,,,,4,20628,,,,16,20122,,,,,,,,,,,,,,,,,,,,,,,,,,,,,,,,,,,,,,,,,,,,,,,,
180857,22-May-19,10:09:13,2019-05-22 10:09:13,G,2,1,432,216,0,7,-62.7075,-61.3334,09:14.2,FastGPS,-62.7075,-61.3334,,,9.7,0.2,,,,15,27,29083,,,,7,30096,,,,15,6620,,,,16,23136,,,,30,24734,,,,20,22902,,,,21,18303,,,,,,,,,,,,,,,,,,,,,,,,,,,,,,,,,,,,,,,,,,,
180857,22-May-19,11:25:48,2019-05-22 11:25:48,G,2,1,433,,0,9,-62.7028,-61.3313,25:49.7,FastGPS,-62.7028,-61.3313,,,13.4,0.7,,,,15,10,20340,,,,8,20092,,,,15,2714,,,,21,12937,,,,20,4034,,,,27,27898,,,,18,12638,,,,11,14916,,,,32,19776,,,,,,,,,,,,,,,,,,,,,,,,,,,,,,,,,
180857,22-May-19,13:16:30,2019-05-22 13:16:30,G,4,1,434,,0,9,-62.6348,-61.3002,16:31.7,FastGPS,-62.6348,-61.3002,,,15.2,0.7,,,,15,3,32650,,,,18,21647,,,,22,13581,,,,11,5363,,,,8,26624,,,,1,3425,,,,32,18446,,,,28,15079,,,,14,30136,,,,,,,,,,,,,,,,,,,,,,,,,,,,,,,,,
180857,22-May-19,21:00:13,2019-05-22 21:00:13,G,4,1,436,,0,9,-62.5964,-60.9437,00:14.2,FastGPS,-62.5964,-60.9437,,1,14.4,0.2,,,,15,9,9364,,,,5,5202,,,,4,23365,,,,7,13826,,,,30,18946,,,,8,24915,,,,28,19617,,,,27,27143,,,,13,4872,,,,,,,,,,,,,,,,,,,,,,,,,,,,,,,,,
180857,22-May-19,23:02:46,2019-05-22 23:02:46,G,8,1,437,221,0,6,-62.5247,-60.8697,02:47.7,FastGPS,-62.5247,-60.8697,,,2.6,0.7,,,,15,15,21008,,,,5,30639,,,,30,15181,,,,28,16042,,,,13,18644,,,,17,21300,,,,,,,,,,,,,,,,,,,,,,,,,,,,,,,,,,,,,,,,,,,,,,,,
180857,23-May-19,0:55:55,2019-05-23 00:55:55,G,6,1,438,,0,9,-62.4794,-60.8301,55:56.2,FastGPS,-62.4794,-60.8301,,,6.7,0.2,,,,15,15,27694,,,,17,3287,,,,10,14285,,,,19,24692,,,,18,32399,,,,24,18604,,,,11,20573,,,,13,5404,,,,28,28068,,,,,,,,,,,,,,,,,,,,,,,,,,,,,,,,,
180857,23-May-19,2:26:00,2019-05-23 02:26:00,G,8,1,439,223,1,5,-62.4838,-60.8079,26:01.3,FastGPS,-62.4838,-60.8079,,,6,0.3,,,,15,32,5857,,,,14,11450,,,,17,24678,,,,25,11486,,,,12,31261,,,,,,,,,,,,,,,,,,,,,,,,,,,,,,,,,,,,,,,,,,,,,,,,,,,,,
180857,23-May-19,3:26:00,2019-05-23 03:26:00,G,2,1,440,223,1,8,-62.4836,-60.8083,26:00.2,FastGPS,-62.4836,-60.8083,,,9.1,-0.8,,,,15,22,16849,,,,32,21925,,,,31,24370,,,,12,27882,,,,25,1702,,,,3,6810,,,,14,32230,,,,17,1182,,,,,,,,,,,,,,,,,,,,,,,,,,,,,,,,,,,,,,
180857,23-May-19,12:36:50,2019-05-23 12:36:50,G,2,1,443,223,0,8,-62.4577,-60.7962,36:51.2,FastGPS,-62.4577,-60.7963,,,8.8,0.2,,,,15,10,16394,,,,32,7398,,,,27,14009,,,,18,3190,,,,28,12827,,,,1,8132,,,,11,14934,,,,14,20304,,,,,,,,,,,,,,,,,,,,,,,,,,,,,,,,,,,,,,
180857,23-May-19,14:12:37,2019-05-23 14:12:37,G,2,1,444,,0,9,-62.4573,-60.8052,12:38.2,FastGPS,-62.4573,-60.8052,,,8.2,0.2,,,,15,32,13373,,,,1,24556,,,,14,19766,,,,18,1298,,,,11,21344,,,,28,17857,,,,3,29973,,,,17,203,,,,22,24922,,,,,,,,,,,,,,,,,,,,,,,,,,,,,,,,,
180857,23-May-19,15:27:16,2019-05-23 15:27:16,G,4,1,445,,0,9,-62.4655,-60.8188,27:17.7,FastGPS,-62.4655,-60.8188,,,9.5,0.7,,,,15,31,3301,,,,1,2670,,,,17,30704,,,,11,2292,,,,23,88,,,,18,4980,,,,22,14386,,,,14,18150,,,,3,17408,,,,,,,,,,,,,,,,,,,,,,,,,,,,,,,,,
180857,23-May-19,17:31:06,2019-05-23 17:31:06,G,4,1,447,,0,9,-62.4592,-60.8002,31:07.7,FastGPS,-62.4592,-60.8002,,1,9.3,0.7,,,,15,31,15542,,,,22,16052,,,,9,3994,,,,26,13076,,,,4,4649,,,,6,17912,,,,3,14071,,,,16,4118,,,,7,29372,,,,,,,,,,,,,,,,,,,,,,,,,,,,,,,,,
180857,23-May-19,18:34:01,2019-05-23 18:34:01,G,2,1,448,,0,9,-62.4568,-60.7885,34:02.7,FastGPS,-62.4568,-60.7885,,1,16.2,0.7,,,,15,23,9766,,,,4,8227,,,,7,31983,,,,3,23316,,,,5,25711,,,,16,3498,,,,26,2664,,,,2,4648,,,,9,19559,,,,,,,,,,,,,,,,,,,,,,,,,,,,,,,,,
180857,23-May-19,22:41:44,2019-05-23 22:41:44,G,2,1,452,226,0,6,-62.3631,-60.6892,41:45.8,FastGPS,-62.3631,-60.6892,,,4.7,0.8,,,,15,7,16112,,,,13,19826,,,,28,21912,,,,30,11502,,,,15,12354,,,,20,16562,,,,,,,,,,,,,,,,,,,,,,,,,,,,,,,,,,,,,,,,,,,,,,,,
180857,24-May-19,3:23:38,2019-05-24 03:23:38,G,2,1,456,227,0,6,-62.3744,-60.5993,23:39.2,FastGPS,-62.3744,-60.5993,,,12.3,0.2,,,,15,24,5154,,,,2,26518,,,,19,20915,,,,29,24720,,,,6,12637,,,,12,15080,,,,,,,,,,,,,,,,,,,,,,,,,,,,,,,,,,,,,,,,,,,,,,,,
180857,24-May-19,4:53:17,2019-05-24 04:53:17,G,6,1,457,227,0,5,-62.3557,-60.6143,53:18.2,FastGPS,-62.3557,-60.6143,,,1,0.2,,,,15,2,28975,,,,12,15884,,,,29,7365,,,,31,31005,,,,25,5210,,,,,,,,,,,,,,,,,,,,,,,,,,,,,,,,,,,,,,,,,,,,,,,,,,,,,
180857,24-May-19,6:22:47,2019-05-24 06:22:47,G,2,1,458,227,0,7,-62.361,-60.6243,22:48.2,FastGPS,-62.361,-60.6243,,,3.1,0.2,,,,15,29,532,,,,5,30432,,,,31,25893,,,,2,6108,,,,26,25885,,,,25,14535,,,,21,23131,,,,,,,,,,,,,,,,,,,,,,,,,,,,,,,,,,,,,,,,,,,
180857,24-May-19,7:55:48,2019-05-24 07:55:48,G,4,1,459,227,0,6,-62.3783,-60.6642,55:49.2,FastGPS,-62.3783,-60.6642,,,17.8,0.2,,,,15,29,5900,,,,21,1207,,,,16,6311,,,,5,19448,,,,26,31371,,,,27,9937,,,,,,,,,,,,,,,,,,,,,,,,,,,,,,,,,,,,,,,,,,,,,,,,
180857,24-May-19,10:27:04,2019-05-24 10:27:04,G,10,1,460,227,0,6,-62.4514,-60.7766,27:05.3,FastGPS,-62.4514,-60.7766,,,1.8,0.3,,,,15,21,18413,,,,20,30921,,,,10,7706,,,,15,7350,,,,27,20325,,,,16,20895,,,,,,,,,,,,,,,,,,,,,,,,,,,,,,,,,,,,,,,,,,,,,,,,
180857,24-May-19,11:29:15,2019-05-24 11:29:15,G,4,1,461,,0,9,-62.451,-60.7789,29:16.2,FastGPS,-62.451,-60.7789,,,5.1,0.2,,,,15,10,24500,,,,15,6327,,,,8,32586,,,,20,12647,,,,32,17138,,,,11,24325,,,,18,21364,,,,27,7596,,,,1,1824,,,,,,,,,,,,,,,,,,,,,,,,,,,,,,,,,
180857,24-May-19,13:36:49,2019-05-24 13:36:49,G,2,1,463,,0,9,-62.4832,-60.8114,36:50.3,FastGPS,-62.4832,-60.8114,,,10.4,0.3,,,,15,1,23235,,,,22,5338,,,,32,19894,,,,10,27621,,,,3,9571,,,,11,27375,,,,18,9430,,,,17,2283,,,,28,17015,,,,,,,,,,,,,,,,,,,,,,,,,,,,,,,,,
180857,24-May-19,19:47:01,2019-05-24 19:47:01,G,10,1,465,227,0,7,-62.4836,-60.81,47:02.8,FastGPS,-62.4836,-60.81,,1,6.1,0.8,,,,15,5,4231,,,,7,626,,,,30,2819,,,,16,19626,,,,2,18513,,,,4,32501,,,,9,8956,,,,,,,,,,,,,,,,,,,,,,,,,,,,,,,,,,,,,,,,,,,
180857,24-May-19,21:04:13,2019-05-24 21:04:13,G,4,1,466,228,0,7,-62.4181,-60.8253,04:13.8,FastGPS,-62.4181,-60.8253,,1,5.5,-0.2,,,,15,5,18256,,,,7,7366,,,,9,13162,,,,30,19840,,,,4,6232,,,,28,9330,,,,13,7614,,,,,,,,,,,,,,,,,,,,,,,,,,,,,,,,,,,,,,,,,,,
180857,24-May-19,22:04:29,2019-05-24 22:04:29,G,4,1,467,228,0,8,-62.3468,-60.7973,04:29.3,FastGPS,-62.3468,-60.7973,,1,3.9,-0.7,,,,15,7,7002,,,,30,31172,,,,13,10421,,,,28,17666,,,,5,23342,,,,15,552,,,,4,31088,,,,8,16180,,,,,,,,,,,,,,,,,,,,,,,,,,,,,,,,,,,,,,
180857,25-May-19,8:21:00,2019-05-25 08:21:00,G,6,1,469,231,0,7,-62.4829,-60.8639,21:01.3,FastGPS,-62.4829,-60.8639,,,10.9,0.3,,,,15,26,24747,,,,20,22101,,,,7,938,,,,5,24659,,,,21,24982,,,,29,12422,,,,27,29073,,,,,,,,,,,,,,,,,,,,,,,,,,,,,,,,,,,,,,,,,,,
180857,25-May-19,9:37:10,2019-05-25 09:37:10,G,2,1,470,231,0,8,-62.5104,-60.8401,37:11.3,FastGPS,-62.5104,-60.8401,,,6.6,0.3,,,,15,7,15534,,,,27,24392,,,,20,1300,,,,8,19710,,,,30,24216,,,,21,16577,,,,16,17858,,,,10,24072,,,,,,,,,,,,,,,,,,,,,,,,,,,,,,,,,,,,,,
180857,25-May-19,10:45:55,2019-05-25 10:45:55,G,2,1,471,231,0,8,-62.5306,-60.8561,45:56.8,FastGPS,-62.5306,-60.8561,,,6.9,0.8,,,,15,8,24974,,,,27,21721,,,,10,22770,,,,30,12592,,,,15,19118,,,,20,15107,,,,13,21535,,,,21,15690,,,,,,,,,,,,,,,,,,,,,,,,,,,,,,,,,,,,,,
180857,25-May-19,11:49:27,2019-05-25 11:49:27,G,8,1,472,231,0,4,-62.5868,-60.9047,5/25/2019 19:24,SR,-62.555,-60.8563,,,0.3,0.2,,,,15,18,18484,,,,10,19166,,,,15,9134,,,,28,15837,,,,,,,,,,,,,,,,,,,,,,,,,,,,,,,,,,,,,,,,,,,,,,,,,,,,,,,,,,
180857,25-May-19,14:21:04,2019-05-25 14:21:04,G,2,1,474,,0,9,-62.5882,-60.8554,21:05.3,FastGPS,-62.5882,-60.8554,,,6.6,0.3,,,,15,17,17469,,,,31,32386,,,,11,2626,,,,3,1820,,,,32,24515,,,,22,6526,,,,1,9457,,,,14,29417,,,,19,14695,,,,,,,,,,,,,,,,,,,,,,,,,,,,,,,,,
180857,25-May-19,16:21:01,2019-05-25 16:21:01,G,6,1,476,233,0,8,-62.5905,-60.8945,21:02.3,FastGPS,-62.5905,-60.8945,,,9,0.3,,,,15,31,15956,,,,6,2344,,,,23,20710,,,,3,23421,,,,19,12546,,,,22,23835,,,,17,14860,,,,14,31752,,,,,,,,,,,,,,,,,,,,,,,,,,,,,,,,,,,,,,
180857,25-May-19,17:21:00,2019-05-25 17:21:00,G,2,1,477,233,0,8,-62.5873,-60.9019,21:01.8,FastGPS,-62.5873,-60.9019,,,10.2,0.8,,,,15,2,467,,,,3,22846,,,,26,10216,,,,23,25082,,,,6,20784,,,,31,24765,,,,29,29990,,,,16,30606,,,,,,,,,,,,,,,,,,,,,,,,,,,,,,,,,,,,,,
180857,25-May-19,19:53:00,2019-05-25 19:53:00,G,4,1,479,235,0,5,-62.5868,-60.9047,5/25/2019 19:24,SR,-62.5859,-60.9013,,1,0.5,0.3,,,,15,5,3949,,,,9,23211,,,,7,14826,,,,4,30722,,,,16,9497,,,,,,,,,,,,,,,,,,,,,,,,,,,,,,,,,,,,,,,,,,,,,,,,,,,,,
180857,25-May-19,20:55:28,2019-05-25 20:55:28,G,2,1,480,,0,9,-62.5856,-60.903,55:29.8,FastGPS,-62.5856,-60.903,,1,5.4,0.8,,,,15,5,22384,,,,13,23474,,,,8,6139,,,,9,31963,,,,30,15905,,,,7,19047,,,,4,21395,,,,27,25484,,,,28,15416,,,,,,,,,,,,,,,,,,,,,,,,,,,,,,,,,
180857,25-May-19,22:12:08,2019-05-25 22:12:08,G,2,1,481,236,0,5,-62.5626,-60.9374,12:08.3,FastGPS,-62.5626,-60.9374,,,6.5,-0.7,,,,15,30,22438,,,,28,10231,,,,7,4490,,,,13,16660,,,,8,1596,,,,,,,,,,,,,,,,,,,,,,,,,,,,,,,,,,,,,,,,,,,,,,,,,,,,,
180857,25-May-19,23:12:04,2019-05-25 23:12:04,G,6,1,482,236,0,5,-62.5348,-60.9711,12:05.8,FastGPS,-62.5348,-60.9711,,,2,0.8,,,,15,15,11113,,,,28,15507,,,,13,17028,,,,17,9402,,,,30,9992,,,,,,,,,,,,,,,,,,,,,,,,,,,,,,,,,,,,,,,,,,,,,,,,,,,,,
180857,26-May-19,0:28:00,2019-05-26 00:28:00,G,4,1,483,,0,9,-62.5069,-60.9373,28:00.3,FastGPS,-62.5069,-60.9373,,,15.3,-0.7,,,,15,15,20020,,,,28,9813,,,,11,7363,,,,24,27380,,,,1,7385,,,,18,3729,,,,10,15524,,,,13,28159,,,,17,19315,,,,,,,,,,,,,,,,,,,,,,,,,,,,,,,,,
180857,26-May-19,1:28:01,2019-05-26 01:28:01,G,6,1,484,237,0,6,-62.5046,-60.8647,28:02.8,FastGPS,-62.5046,-60.8647,,,1,0.8,,,,15,24,7542,,,,17,5823,,,,12,8424,,,,19,30791,,,,28,25656,,,,1,30230,,,,,,,,,,,,,,,,,,,,,,,,,,,,,,,,,,,,,,,,,,,,,,,,
180857,26-May-19,2:28:41,2019-05-26 02:28:41,G,6,1,485,237,0,7,-62.4871,-60.834,28:41.3,FastGPS,-62.4871,-60.834,,,9.6,-0.7,,,,15,32,10202,,,,12,15853,,,,17,21575,,,,19,7281,,,,24,3688,,,,6,30020,,,,25,19802,,,,,,,,,,,,,,,,,,,,,,,,,,,,,,,,,,,,,,,,,,,
180857,26-May-19,3:29:00,2019-05-26 03:29:00,G,2,1,486,237,1,8,-62.4838,-60.8086,29:01.3,FastGPS,-62.4838,-60.8086,,,10.4,0.3,,,,15,17,20855,,,,3,760,,,,2,26513,,,,6,3004,,,,12,29790,,,,19,16310,,,,22,16950,,,,24,27923,,,,,,,,,,,,,,,,,,,,,,,,,,,,,,,,,,,,,,
180857,26-May-19,4:46:27,2019-05-26 04:46:27,G,2,1,487,238,0,5,-62.4808,-60.8261,46:28.8,FastGPS,-62.4808,-60.8261,,,3.2,0.8,,,,15,12,15514,,,,25,10248,,,,29,15746,,,,31,7967,,,,2,280,,,,,,,,,,,,,,,,,,,,,,,,,,,,,,,,,,,,,,,,,,,,,,,,,,,,,
180857,26-May-19,8:04:16,2019-05-26 08:04:16,G,4,1,489,238,0,8,-62.4871,-60.8442,04:16.2,FastGPS,-62.4871,-60.8442,,1,11.7,-0.8,,,,15,26,29772,,,,7,26743,,,,21,20569,,,,16,24706,,,,27,27836,,,,4,12088,,,,5,18790,,,,29,18362,,,,,,,,,,,,,,,,,,,,,,,,,,,,,,,,,,,,,,
180857,26-May-19,9:04:00,2019-05-26 09:04:00,G,2,1,490,,0,9,-62.4888,-60.8425,04:01.3,FastGPS,-62.4888,-60.8425,,,10.5,0.3,,,,15,29,2956,,,,27,20046,,,,16,16016,,,,15,10196,,,,21,15096,,,,26,31301,,,,13,5560,,,,7,4337,,,,10,7833,,,,,,,,,,,,,,,,,,,,,,,,,,,,,,,,,
180857,26-May-19,10:04:00,2019-05-26 10:04:00,G,2,1,491,,0,9,-62.4875,-60.8448,04:01.3,FastGPS,-62.4875,-60.8448,,,6.4,0.3,,,,15,15,4096,,,,27,2029,,,,16,7508,,,,13,5291,,,,8,31080,,,,10,25278,,,,30,5209,,,,20,23686,,,,21,6230,,,,,,,,,,,,,,,,,,,,,,,,,,,,,,,,,
180857,26-May-19,11:07:59,2019-05-26 11:07:59,G,4,1,492,238,0,7,-62.4914,-60.8292,08:00.8,FastGPS,-62.4914,-60.8292,,,10.2,0.8,,,,15,27,11896,,,,15,19833,,,,10,2049,,,,8,29605,,,,18,18002,,,,28,21866,,,,11,19589,,,,,,,,,,,,,,,,,,,,,,,,,,,,,,,,,,,,,,,,,,,
180857,26-May-19,16:39:07,2019-05-26 16:39:07,G,2,1,497,,0,9,-62.4822,-60.8187,39:07.3,FastGPS,-62.4822,-60.8187,,,7.4,-0.7,,,,15,31,1337,,,,19,6238,,,,9,25545,,,,23,26308,,,,3,4160,,,,17,2976,,,,22,30324,,,,6,12983,,,,25,15689,,,,,,,,,,,,,,,,,,,,,,,,,,,,,,,,,
180857,26-May-19,17:39:00,2019-05-26 17:39:00,G,2,1,498,,0,9,-62.4662,-60.8351,39:00.3,FastGPS,-62.4662,-60.8351,,1,6.9,-0.7,,,,15,9,19340,,,,6,30716,,,,23,1931,,,,31,26464,,,,4,9881,,,,26,14595,,,,29,12067,,,,2,11853,,,,7,27554,,,,,,,,,,,,,,,,,,,,,,,,,,,,,,,,,
180857,26-May-19,18:39:00,2019-05-26 18:39:00,G,2,1,499,239,0,8,-62.4524,-60.8032,39:00.8,FastGPS,-62.4524,-60.8032,,1,8.7,-0.2,,,,15,2,24155,,,,5,8133,,,,9,32689,,,,23,25086,,,,16,8487,,,,4,17354,,,,26,24141,,,,7,7482,,,,,,,,,,,,,,,,,,,,,,,,,,,,,,,,,,,,,,
180857,26-May-19,19:43:23,2019-05-26 19:43:23,G,2,1,500,,0,9,-62.4505,-60.804,43:23.8,FastGPS,-62.4505,-60.804,,1,10.9,-0.2,,,,15,7,2286,,,,5,13144,,,,9,28526,,,,4,26940,,,,30,17342,,,,2,29802,,,,16,9309,,,,23,24871,,,,27,11066,,,,,,,,,,,,,,,,,,,,,,,,,,,,,,,,,
180857,26-May-19,22:07:02,2019-05-26 22:07:02,G,8,1,502,239,0,6,-62.361,-60.7407,07:03.3,FastGPS,-62.361,-60.7407,,1,7.3,0.3,,,,15,30,21554,,,,7,6529,,,,13,10680,,,,15,20522,,,,28,4591,,,,4,25776,,,,,,,,,,,,,,,,,,,,,,,,,,,,,,,,,,,,,,,,,,,,,,,,
180857,27-May-19,0:40:42,2019-05-27 00:40:42,G,2,1,504,,0,9,-62.3231,-60.7308,40:43.3,FastGPS,-62.3231,-60.7308,,,6.3,0.3,,,,15,15,12769,,,,17,26292,,,,19,17526,,,,13,21846,,,,28,11386,,,,10,31275,,,,12,11802,,,,24,8042,,,,20,5614,,,,,,,,,,,,,,,,,,,,,,,,,,,,,,,,,
180857,27-May-19,2:42:27,2019-05-27 02:42:27,G,2,1,506,241,0,7,-62.299,-60.7992,42:27.3,FastGPS,-62.299,-60.7992,,,6.5,-0.7,,,,15,17,7794,,,,24,23754,,,,19,29394,,,,12,9615,,,,22,19762,,,,3,26255,,,,6,11812,,,,,,,,,,,,,,,,,,,,,,,,,,,,,,,,,,,,,,,,,,,
180857,27-May-19,5:30:39,2019-05-27 05:30:39,G,2,1,507,246,0,7,-62.369,-60.8867,30:40.3,FastGPS,-62.369,-60.8867,,,5.8,0.3,,,,15,29,1718,,,,31,1751,,,,12,13739,,,,25,11578,,,,23,26503,,,,26,24206,,,,6,4569,,,,,,,,,,,,,,,,,,,,,,,,,,,,,,,,,,,,,,,,,,,
180857,27-May-19,6:45:40,2019-05-27 06:45:40,G,4,1,508,247,0,7,-62.396,-60.9396,45:40.8,FastGPS,-62.396,-60.9396,,1,6.1,-0.2,,,,15,5,18811,,,,29,8084,,,,26,12686,,,,31,27768,,,,21,12716,,,,2,10901,,,,4,11558,,,,,,,,,,,,,,,,,,,,,,,,,,,,,,,,,,,,,,,,,,,
180857,27-May-19,7:48:37,2019-05-27 07:48:37,G,4,1,509,247,0,7,-62.4221,-60.9228,48:38.8,FastGPS,-62.4221,-60.9228,,1,8.3,0.8,,,,15,5,22317,,,,26,12905,,,,21,30842,,,,29,2744,,,,16,4372,,,,7,1412,,,,4,11260,,,,,,,,,,,,,,,,,,,,,,,,,,,,,,,,,,,,,,,,,,,
180857,27-May-19,8:48:00,2019-05-27 08:48:00,G,4,1,510,,0,9,-62.4347,-60.9229,48:00.3,FastGPS,-62.4347,-60.9229,,,12.4,-0.7,,,,15,20,12629,,,,7,15925,,,,26,16543,,,,21,30872,,,,10,25231,,,,16,32103,,,,27,19908,,,,29,2728,,,,13,26176,,,,,,,,,,,,,,,,,,,,,,,,,,,,,,,,,
180857,27-May-19,10:09:16,2019-05-27 10:09:16,G,2,1,511,248,0,7,-62.4553,-60.9252,09:17.8,FastGPS,-62.4553,-60.9252,,,5.9,0.8,,,,15,15,28818,,,,27,4230,,,,21,28427,,,,10,13044,,,,16,30191,,,,20,18532,,,,13,13680,,,,,,,,,,,,,,,,,,,,,,,,,,,,,,,,,,,,,,,,,,,
180857,27-May-19,11:27:04,2019-05-27 11:27:04,G,2,1,512,,0,9,-62.4875,-60.8441,27:04.3,FastGPS,-62.4875,-60.8441,,,10.8,-0.7,,,,15,27,24342,,,,8,14606,,,,10,28988,,,,18,410,,,,20,26951,,,,15,18529,,,,24,28533,,,,32,8928,,,,28,4252,,,,,,,,,,,,,,,,,,,,,,,,,,,,,,,,,
180857,27-May-19,12:55:32,2019-05-27 12:55:32,G,6,1,513,250,0,6,-62.4968,-60.837,55:33.3,FastGPS,-62.4968,-60.837,,,1.7,0.3,,,,15,32,2244,,,,18,2795,,,,1,14893,,,,10,12758,,,,11,18552,,,,22,22266,,,,,,,,,,,,,,,,,,,,,,,,,,,,,,,,,,,,,,,,,,,,,,,,
180857,27-May-19,13:55:00,2019-05-27 13:55:00,G,4,1,514,,0,9,-62.4831,-60.8086,55:01.3,FastGPS,-62.4831,-60.8086,,,9.4,0.3,,,,15,19,1252,,,,17,28084,,,,18,2336,,,,28,22650,,,,22,19584,,,,3,22566,,,,11,22256,,,,32,14024,,,,1,22588,,,,,,,,,,,,,,,,,,,,,,,,,,,,,,,,,
180857,27-May-19,14:55:00,2019-05-27 14:55:00,G,2,1,515,250,1,6,-62.4837,-60.809,55:01.3,FastGPS,-62.4837,-60.809,,,5.8,0.3,,,,15,31,31884,,,,22,23726,,,,1,10142,,,,14,3626,,,,32,1914,,,,18,2178,,,,,,,,,,,,,,,,,,,,,,,,,,,,,,,,,,,,,,,,,,,,,,,,
180857,27-May-19,19:25:19,2019-05-27 19:25:19,G,2,1,516,,0,9,-62.4664,-60.8386,25:20.3,FastGPS,-62.4664,-60.8386,,1,5.7,0.3,,,,15,7,2356,,,,5,23790,,,,9,9848,,,,23,7453,,,,4,17737,,,,30,15312,,,,2,5175,,,,29,18905,,,,26,20262,,,,,,,,,,,,,,,,,,,,,,,,,,,,,,,,,
180857,27-May-19,20:25:54,2019-05-27 20:25:54,G,2,1,517,252,0,6,-62.4234,-60.8415,25:55.3,FastGPS,-62.4234,-60.8415,,1,5.6,0.3,,,,15,5,14789,,,,7,16921,,,,9,10250,,,,30,9592,,,,4,10013,,,,8,17094,,,,,,,,,,,,,,,,,,,,,,,,,,,,,,,,,,,,,,,,,,,,,,,,
180857,27-May-19,22:28:23,2019-05-27 22:28:23,G,2,1,519,252,0,8,-62.3505,-60.6291,28:24.3,FastGPS,-62.3505,-60.6291,,,6.6,0.3,,,,15,30,10456,,,,11,20032,,,,13,30918,,,,8,935,,,,28,5352,,,,15,30098,,,,27,3110,,,,7,12669,,,,,,,,,,,,,,,,,,,,,,,,,,,,,,,,,,,,,,
180857,27-May-19,23:28:47,2019-05-27 23:28:47,G,2,1,520,,0,9,-62.3264,-60.5719,28:48.8,FastGPS,-62.3264,-60.5719,,,9.2,0.8,,,,15,15,20936,,,,1,5636,,,,11,1298,,,,13,26649,,,,17,19265,,,,18,7090,,,,28,26365,,,,8,7152,,,,30,23752,,,,,,,,,,,,,,,,,,,,,,,,,,,,,,,,,
180857,28-May-19,0:44:36,2019-05-28 00:44:36,G,6,1,521,252,0,7,-62.3331,-60.5442,44:36.8,FastGPS,-62.3331,-60.5442,,,6.2,-0.2,,,,15,15,19497,,,,24,24796,,,,13,15125,,,,12,10117,,,,19,6136,,,,1,27726,,,,18,2234,,,,,,,,,,,,,,,,,,,,,,,,,,,,,,,,,,,,,,,,,,,
180857,28-May-19,5:20:42,2019-05-28 05:20:42,G,2,1,524,253,0,6,-62.3794,-60.4245,20:42.8,FastGPS,-62.3794,-60.4245,,,3.1,-0.2,,,,15,29,25174,,,,31,474,,,,25,22166,,,,6,148,,,,5,21304,,,,2,24414,,,,,,,,,,,,,,,,,,,,,,,,,,,,,,,,,,,,,,,,,,,,,,,,
180857,28-May-19,6:37:12,2019-05-28 06:37:12,G,2,1,525,254,0,8,-62.3745,-60.4149,37:12.9,FastGPS,-62.3745,-60.4149,,1,5.3,-0.1,,,,15,29,23435,,,,5,26002,,,,2,10266,,,,25,12052,,,,4,15029,,,,21,30376,,,,9,27189,,,,26,7386,,,,,,,,,,,,,,,,,,,,,,,,,,,,,,,,,,,,,,
180857,28-May-19,7:37:49,2019-05-28 07:37:49,G,4,1,526,254,0,7,-62.4094,-60.3524,37:49.3,FastGPS,-62.4094,-60.3524,,1,7.8,-0.7,,,,15,21,31960,,,,26,2486,,,,29,18032,,,,5,28876,,,,16,6180,,,,7,2454,,,,4,12585,,,,,,,,,,,,,,,,,,,,,,,,,,,,,,,,,,,,,,,,,,,
180857,28-May-19,8:38:18,2019-05-28 08:38:18,G,2,1,527,,0,9,-62.4494,-60.3095,38:19.8,FastGPS,-62.4494,-60.3095,,,10.4,0.8,,,,15,16,12283,,,,26,13928,,,,13,31876,,,,20,7141,,,,5,9665,,,,7,27865,,,,27,10734,,,,21,13384,,,,15,18180,,,,,,,,,,,,,,,,,,,,,,,,,,,,,,,,,
180857,28-May-19,10:40:00,2019-05-28 10:40:00,G,2,1,529,,0,9,-62.5033,-60.2335,40:00.4,FastGPS,-62.5033,-60.2335,,,10.4,-0.6,,,,15,15,21450,,,,8,14526,,,,27,26763,,,,10,9764,,,,21,32638,,,,16,30762,,,,20,18655,,,,13,12216,,,,18,28172,,,,,,,,,,,,,,,,,,,,,,,,,,,,,,,,,
180857,28-May-19,11:40:00,2019-05-28 11:40:00,G,2,1,530,,0,9,-62.4992,-60.2144,40:01.3,FastGPS,-62.4992,-60.2144,,,5.9,0.3,,,,15,10,23687,,,,20,20618,,,,8,21736,,,,18,31278,,,,11,5268,,,,32,32261,,,,14,29930,,,,28,26920,,,,15,7487,,,,,,,,,,,,,,,,,,,,,,,,,,,,,,,,,
180857,28-May-19,12:40:42,2019-05-28 12:40:42,G,2,1,531,254,0,5,-62.4978,-60.2157,40:43.4,FastGPS,-62.4978,-60.2157,,,2.5,0.4,,,,15,8,10031,,,,10,15122,,,,22,31215,,,,11,30970,,,,27,7855,,,,,,,,,,,,,,,,,,,,,,,,,,,,,,,,,,,,,,,,,,,,,,,,,,,,,
180857,28-May-19,13:41:00,2019-05-28 13:41:00,G,4,1,532,254,1,6,-62.4927,-60.2037,41:01.2,FastGPS,-62.4927,-60.2037,,,11.8,0.2,,,,15,10,20146,,,,17,20596,,,,1,2574,,,,22,14607,,,,3,4854,,,,18,6658,,,,,,,,,,,,,,,,,,,,,,,,,,,,,,,,,,,,,,,,,,,,,,,,
180857,28-May-19,19:09:39,2019-05-28 19:09:39,G,4,1,534,,0,9,-62.4797,-60.1842,09:40.8,FastGPS,-62.4797,-60.1842,,1,9.2,0.8,,,,15,2,20812,,,,9,7172,,,,7,23236,,,,5,26197,,,,4,26356,,,,23,5680,,,,30,9430,,,,16,32294,,,,29,26301,,,,,,,,,,,,,,,,,,,,,,,,,,,,,,,,,
180857,28-May-19,20:09:16,2019-05-28 20:09:16,G,2,1,535,256,0,4,-62.4797,-60.1842,09:40.8,FastGPS,,,,,,,,,,15,7,29322,,,,4,5137,,,,5,550,,,,9,21912,,,,,,,,,,,,,,,,,,,,,,,,,,,,,,,,,,,,,,,,,,,,,,,,,,,,,,,,,,
180857,28-May-19,23:01:05,2019-05-28 23:01:05,G,2,1,537,259,0,7,-62.36,-60.2973,01:05.4,FastGPS,-62.36,-60.2973,,,14.7,-0.6,,,,15,17,24776,,,,15,16582,,,,30,13362,,,,11,1273,,,,13,21813,,,,28,23756,,,,18,15680,,,,,,,,,,,,,,,,,,,,,,,,,,,,,,,,,,,,,,,,,,,
180857,29-May-19,0:55:34,2019-05-29 00:55:34,G,2,1,538,259,0,8,-62.3243,-60.3858,55:35.9,FastGPS,-62.3243,-60.3858,,,9.3,0.9,,,,15,15,28,,,,17,18418,,,,12,4520,,,,19,8853,,,,24,20885,,,,28,5669,,,,13,6206,,,,10,16364,,,,,,,,,,,,,,,,,,,,,,,,,,,,,,,,,,,,,,
180857,29-May-19,3:57:39,2019-05-29 03:57:39,G,2,1,539,259,0,8,-62.3337,-60.3623,57:39.4,FastGPS,-62.3337,-60.3623,,,7.7,-0.6,,,,15,29,6861,,,,12,25676,,,,2,19384,,,,32,2814,,,,31,20961,,,,6,11108,,,,19,7360,,,,14,31440,,,,,,,,,,,,,,,,,,,,,,,,,,,,,,,,,,,,,,
180857,29-May-19,5:32:31,2019-05-29 05:32:31,G,2,1,540,260,0,8,-62.3399,-60.3464,32:32.9,FastGPS,-62.3399,-60.3464,,,14.1,0.9,,,,15,29,10333,,,,31,25348,,,,5,6959,,,,12,2704,,,,2,10544,,,,25,22205,,,,6,21589,,,,9,1544,,,,,,,,,,,,,,,,,,,,,,,,,,,,,,,,,,,,,,
180857,29-May-19,7:36:17,2019-05-29 07:36:17,G,4,1,542,260,0,6,-62.3934,-60.2424,36:17.4,FastGPS,-62.3934,-60.2424,,1,4.6,-0.6,,,,15,21,15254,,,,5,32101,,,,26,10206,,,,29,18464,,,,16,21589,,,,4,16382,,,,,,,,,,,,,,,,,,,,,,,,,,,,,,,,,,,,,,,,,,,,,,,,
180857,29-May-19,8:52:24,2019-05-29 08:52:24,G,6,1,543,261,0,6,-62.4431,-60.2181,52:25.9,FastGPS,-62.4431,-60.2181,,,10.6,0.9,,,,15,15,25463,,,,27,30030,,,,20,22942,,,,16,23564,,,,7,11886,,,,26,4620,,,,,,,,,,,,,,,,,,,,,,,,,,,,,,,,,,,,,,,,,,,,,,,,
180857,29-May-19,9:52:01,2019-05-29 09:52:01,G,2,1,544,,0,9,-62.4619,-60.1926,52:01.4,FastGPS,-62.4619,-60.1926,,,5,-0.6,,,,15,10,25297,,,,21,7375,,,,15,5879,,,,20,23994,,,,16,2780,,,,27,32421,,,,7,10945,,,,8,27234,,,,30,2102,,,,,,,,,,,,,,,,,,,,,,,,,,,,,,,,,
180857,29-May-19,10:54:45,2019-05-29 10:54:45,G,4,1,545,261,0,8,-62.464,-60.1857,54:46.4,FastGPS,-62.464,-60.1857,,,19.1,0.4,,,,15,15,21108,,,,10,32123,,,,8,22601,,,,27,9706,,,,18,7833,,,,20,23761,,,,24,16865,,,,21,12214,,,,,,,,,,,,,,,,,,,,,,,,,,,,,,,,,,,,,,
180857,29-May-19,13:25:00,2019-05-29 13:25:00,G,4,1,546,262,0,8,-62.4799,-60.1703,25:00.4,FastGPS,-62.4799,-60.1703,,,10.8,-0.6,,,,15,32,10003,,,,14,1430,,,,1,29115,,,,22,21590,,,,11,13458,,,,10,17859,,,,3,32327,,,,18,28864,,,,,,,,,,,,,,,,,,,,,,,,,,,,,,,,,,,,,,
180857,29-May-19,14:28:53,2019-05-29 14:28:53,G,2,1,547,262,0,7,-62.4826,-60.1788,28:53.4,FastGPS,-62.4826,-60.1788,,,7.9,-0.6,,,,15,3,12314,,,,22,12083,,,,17,14859,,,,31,6401,,,,11,14674,,,,1,1644,,,,14,9754,,,,,,,,,,,,,,,,,,,,,,,,,,,,,,,,,,,,,,,,,,,
180857,29-May-19,15:32:57,2019-05-29 15:32:57,G,6,1,548,262,0,4,-62.4959,-60.2107,5/30/2019 12:01,SR,-62.4854,-60.1833,,,0.9,0.9,,,,15,3,3243,,,,23,2494,,,,31,15072,,,,17,21219,,,,,,,,,,,,,,,,,,,,,,,,,,,,,,,,,,,,,,,,,,,,,,,,,,,,,,,,,,
180857,29-May-19,16:36:14,2019-05-29 16:36:14,G,2,1,549,262,0,5,-62.4892,-60.19,36:15.4,FastGPS,-62.4892,-60.19,,,7.7,0.4,,,,15,6,12734,,,,31,31910,,,,23,25216,,,,3,981,,,,22,13196,,,,,,,,,,,,,,,,,,,,,,,,,,,,,,,,,,,,,,,,,,,,,,,,,,,,,
180857,29-May-19,18:22:50,2019-05-29 18:22:50,G,10,1,550,,0,9,-62.4715,-60.2679,22:51.9,FastGPS,-62.4715,-60.2679,,1,7.6,0.9,,,,15,7,276,,,,9,8087,,,,29,5214,,,,4,17239,,,,5,30919,,,,2,3765,,,,23,15587,,,,6,28182,,,,16,14122,,,,,,,,,,,,,,,,,,,,,,,,,,,,,,,,,
180857,29-May-19,19:27:17,2019-05-29 19:27:17,G,6,1,551,263,0,4,-62.4959,-60.2107,5/30/2019 12:01,SR,,,,,,,,,,15,7,20869,,,,5,23632,,,,4,19584,,,,23,985,,,,,,,,,,,,,,,,,,,,,,,,,,,,,,,,,,,,,,,,,,,,,,,,,,,,,,,,,,
180857,29-May-19,21:03:43,2019-05-29 21:03:43,G,4,1,552,,0,9,-62.5186,-60.3096,03:43.4,FastGPS,-62.5186,-60.3096,,1,5.8,-0.6,,,,15,7,14491,,,,27,2748,,,,4,29179,,,,5,16758,,,,30,21675,,,,9,19790,,,,8,9628,,,,13,9352,,,,28,9631,,,,,,,,,,,,,,,,,,,,,,,,,,,,,,,,,
180857,29-May-19,22:04:21,2019-05-29 22:04:21,G,6,1,553,265,0,8,-62.4839,-60.3673,04:21.4,FastGPS,-62.4839,-60.3673,,,5.7,-0.6,,,,15,30,20399,,,,28,24453,,,,7,20720,,,,5,9962,,,,15,9466,,,,13,13088,,,,8,18001,,,,20,20510,,,,,,,,,,,,,,,,,,,,,,,,,,,,,,,,,,,,,,
180857,30-May-19,6:16:47,2019-05-30 06:16:47,G,4,1,554,265,0,8,-62.4339,-60.227,16:48.9,FastGPS,-62.4339,-60.227,,1,4.6,0.9,,,,15,26,27540,,,,29,27654,,,,5,3765,,,,31,11790,,,,2,28353,,,,16,728,,,,4,20174,,,,25,18422,,,,,,,,,,,,,,,,,,,,,,,,,,,,,,,,,,,,,,
180857,30-May-19,7:17:05,2019-05-30 07:17:05,G,4,1,555,265,0,7,-62.4789,-60.2033,17:06.9,FastGPS,-62.4789,-60.2033,,1,7.6,0.9,,,,15,16,20174,,,,21,7843,,,,26,18963,,,,5,6889,,,,31,10680,,,,29,13092,,,,4,17916,,,,,,,,,,,,,,,,,,,,,,,,,,,,,,,,,,,,,,,,,,,
180857,30-May-19,9:36:00,2019-05-30 09:36:00,G,2,1,557,,0,9,-62.4905,-60.1842,36:01.4,FastGPS,-62.4905,-60.1842,,,6.9,0.4,,,,15,21,23904,,,,15,8907,,,,20,23260,,,,16,19008,,,,10,26072,,,,27,23066,,,,8,22220,,,,7,23605,,,,26,25955,,,,,,,,,,,,,,,,,,,,,,,,,,,,,,,,,
180857,30-May-19,13:01:50,2019-05-30 13:01:50,G,4,1,560,267,0,7,-62.4951,-60.2112,01:51.9,FastGPS,-62.4951,-60.2112,,,10.5,0.9,,,,15,11,5300,,,,22,6452,,,,1,9722,,,,18,21743,,,,32,31939,,,,3,1923,,,,14,14825,,,,,,,,,,,,,,,,,,,,,,,,,,,,,,,,,,,,,,,,,,,
180857,30-May-19,14:02:00,2019-05-30 14:02:00,G,2,1,561,,0,9,-62.4956,-60.2086,02:00.4,FastGPS,-62.4956,-60.2086,,,12,-0.6,,,,15,32,26608,,,,14,2323,,,,18,16366,,,,22,11228,,,,17,20410,,,,31,13816,,,,1,12886,,,,3,6609,,,,11,3647,,,,,,,,,,,,,,,,,,,,,,,,,,,,,,,,,
180857,30-May-19,15:02:00,2019-05-30 15:02:00,G,2,1,562,,0,9,-62.4963,-60.2071,02:01.4,FastGPS,-62.4963,-60.2071,,,4.2,0.4,,,,15,31,10490,,,,22,10084,,,,14,7736,,,,17,20055,,,,3,17053,,,,19,14756,,,,32,19677,,,,23,14464,,,,1,22614,,,,,,,,,,,,,,,,,,,,,,,,,,,,,,,,,
180857,30-May-19,17:20:15,2019-05-30 17:20:15,G,2,1,564,267,0,5,-62.4963,-60.2071,02:01.4,FastGPS,-62.4965,-60.2238,,1,0.6,0.4,,,,15,9,23032,,,,23,16284,,,,2,16037,,,,4,8495,,,,6,9449,,,,,,,,,,,,,,,,,,,,,,,,,,,,,,,,,,,,,,,,,,,,,,,,,,,,,
180857,30-May-19,19:35:49,2019-05-30 19:35:49,G,2,1,566,267,0,8,-62.4662,-60.3089,35:50.4,FastGPS,-62.4662,-60.3089,,1,5.6,0.4,,,,15,7,14608,,,,5,5802,,,,9,14031,,,,30,21005,,,,16,545,,,,4,26088,,,,2,28901,,,,23,23229,,,,,,,,,,,,,,,,,,,,,,,,,,,,,,,,,,,,,,
180857,31-May-19,5:31:24,2019-05-31 05:31:24,G,2,1,568,,0,9,-62.466,-60.2376,31:25.4,FastGPS,-62.466,-60.2376,,,3.4,0.4,,,,15,29,20912,,,,31,23438,,,,25,10028,,,,23,26259,,,,12,8077,,,,5,938,,,,2,26300,,,,26,31876,,,,9,23823,,,,,,,,,,,,,,,,,,,,,,,,,,,,,,,,,
180857,31-May-19,7:33:04,2019-05-31 07:33:04,G,4,1,570,268,0,8,-62.4637,-60.1382,33:05.4,FastGPS,-62.4637,-60.1382,,1,15.3,0.4,,,,15,29,29783,,,,5,16758,,,,7,28973,,,,21,24141,,,,4,3074,,,,26,3210,,,,20,1857,,,,16,30508,,,,,,,,,,,,,,,,,,,,,,,,,,,,,,,,,,,,,,
180857,31-May-19,11:48:06,2019-05-31 11:48:06,G,2,1,571,,0,9,-62.4668,-60.1515,48:07.9,FastGPS,-62.4668,-60.1515,,,5.2,0.9,,,,15,27,12658,,,,10,24300,,,,8,4820,,,,32,21360,,,,18,27925,,,,11,4625,,,,28,32350,,,,14,8006,,,,20,19321,,,,,,,,,,,,,,,,,,,,,,,,,,,,,,,,,
180857,31-May-19,13:08:24,2019-05-31 13:08:24,G,2,1,572,268,0,8,-62.4669,-60.151,08:25.4,FastGPS,-62.4669,-60.151,,,5.9,0.4,,,,15,32,7080,,,,3,22055,,,,11,11132,,,,1,7136,,,,18,27027,,,,24,26926,,,,8,6959,,,,14,13088,,,,,,,,,,,,,,,,,,,,,,,,,,,,,,,,,,,,,,
180857,31-May-19,14:08:36,2019-05-31 14:08:36,G,6,1,573,,0,9,-62.4684,-60.1475,08:37.9,FastGPS,-62.4684,-60.1475,,,7.8,0.9,,,,15,31,11352,,,,17,21889,,,,18,10375,,,,11,31232,,,,32,17870,,,,1,28802,,,,3,26856,,,,14,12181,,,,22,14960,,,,,,,,,,,,,,,,,,,,,,,,,,,,,,,,,
180857,31-May-19,15:13:56,2019-05-31 15:13:56,G,4,1,574,268,0,5,-62.4917,-60.199,13:57.9,FastGPS,-62.4917,-60.199,,,7,0.9,,,,15,17,16378,,,,3,29488,,,,19,16624,,,,22,21946,,,,31,1875,,,,,,,,,,,,,,,,,,,,,,,,,,,,,,,,,,,,,,,,,,,,,,,,,,,,,
180857,31-May-19,16:14:00,2019-05-31 16:14:00,G,4,1,575,,0,9,-62.4879,-60.1777,14:01.4,FastGPS,-62.4879,-60.1777,,,10.6,0.4,,,,15,31,15184,,,,23,20465,,,,22,22667,,,,3,19213,,,,6,4296,,,,26,9032,,,,9,6177,,,,25,26270,,,,19,19283,,,,,,,,,,,,,,,,,,,,,,,,,,,,,,,,,
180857,31-May-19,17:45:44,2019-05-31 17:45:44,G,2,1,576,269,0,5,-62.4469,-60.2058,48:12.0,FastGPS,-62.4948,-60.1756,,1,0.6,1,,,,15,6,13596,,,,4,3123,,,,9,9274,,,,23,25145,,,,7,32058,,,,,,,,,,,,,,,,,,,,,,,,,,,,,,,,,,,,,,,,,,,,,,,,,,,,,
180857,31-May-19,18:46:06,2019-05-31 18:46:06,G,2,1,577,269,0,7,-62.4774,-60.1986,46:07.4,FastGPS,-62.4773,-60.1986,,1,4.5,0.4,,,,15,7,23451,,,,9,15600,,,,23,14325,,,,4,14651,,,,16,28530,,,,30,22316,,,,6,15582,,,,,,,,,,,,,,,,,,,,,,,,,,,,,,,,,,,,,,,,,,,
180857,31-May-19,19:48:10,2019-05-31 19:48:10,G,4,1,578,269,0,6,-62.4469,-60.2058,48:12.0,FastGPS,-62.4469,-60.2058,,1,0.8,1,,,,15,7,1366,,,,5,21494,,,,9,17717,,,,23,28357,,,,4,21924,,,,30,23222,,,,,,,,,,,,,,,,,,,,,,,,,,,,,,,,,,,,,,,,,,,,,,,,
180857,31-May-19,21:06:51,2019-05-31 21:06:51,G,6,1,579,270,0,8,-62.3793,-60.2097,06:52.4,FastGPS,-62.3793,-60.2097,,1,7.1,0.4,,,,15,7,23794,,,,4,31447,,,,28,15576,,,,9,15089,,,,5,6476,,,,13,26805,,,,30,31327,,,,21,29322,,,,,,,,,,,,,,,,,,,,,,,,,,,,,,,,,,,,,,
180857,31-May-19,22:07:15,2019-05-31 22:07:15,G,4,1,580,,0,9,-62.3226,-60.2186,07:17.0,FastGPS,-62.3226,-60.2186,,,8.5,1,,,,15,30,26549,,,,15,15146,,,,5,515,,,,13,28276,,,,8,10776,,,,28,28176,,,,21,1454,,,,7,7488,,,,20,21128,,,,,,,,,,,,,,,,,,,,,,,,,,,,,,,,,
180857,31-May-19,23:07:16,2019-05-31 23:07:16,G,6,1,581,270,0,6,-62.2597,-60.2179,07:18.0,FastGPS,-62.2597,-60.2179,,,8.6,1,,,,15,17,9012,,,,28,12414,,,,19,31577,,,,15,29686,,,,13,18198,,,,30,26764,,,,,,,,,,,,,,,,,,,,,,,,,,,,,,,,,,,,,,,,,,,,,,,,
180857,1-Jun-19,0:08:13,2019-06-01 00:08:13,G,2,1,582,,0,9,-62.226,-60.2203,08:15.0,FastGPS,-62.226,-60.2203,,,17,0.9,,,,15,15,19580,,,,28,5778,,,,17,12338,,,,13,21068,,,,19,24455,,,,11,9223,,,,1,25112,,,,24,15285,,,,18,9097,,,,,,,,,,,,,,,,,,,,,,,,,,,,,,,,,
180857,1-Jun-19,3:25:14,2019-06-01 03:25:14,G,2,1,585,271,0,8,-62.193,-60.1759,25:14.4,FastGPS,-62.193,-60.1759,,,6.1,-0.6,,,,15,2,19532,,,,6,19454,,,,24,21034,,,,12,3728,,,,32,20555,,,,29,6491,,,,14,23126,,,,19,14756,,,,,,,,,,,,,,,,,,,,,,,,,,,,,,,,,,,,,,
180857,1-Jun-19,6:29:06,2019-06-01 06:29:06,G,2,1,588,,0,9,-62.2551,-60.0021,29:07.5,FastGPS,-62.2551,-60.0021,,1,6,0.5,,,,15,5,26250,,,,29,6044,,,,21,30684,,,,25,5748,,,,26,20954,,,,2,30090,,,,31,11226,,,,9,15246,,,,4,16538,,,,,,,,,,,,,,,,,,,,,,,,,,,,,,,,,
180857,1-Jun-19,7:29:00,2019-06-01 07:29:00,G,2,1,589,271,0,5,-62.2945,-59.9135,29:01.5,FastGPS,-62.2945,-59.9135,,,8.5,0.5,,,,15,21,21860,,,,5,13594,,,,26,200,,,,29,28666,,,,16,26572,,,,,,,,,,,,,,,,,,,,,,,,,,,,,,,,,,,,,,,,,,,,,,,,,,,,,
180857,1-Jun-19,9:46:30,2019-06-01 09:46:30,G,6,1,591,,0,9,-62.3819,-59.8296,46:32.0,FastGPS,-62.3819,-59.8296,,,14,1,,,,15,10,3312,,,,27,28591,,,,15,29706,,,,20,16792,,,,30,15330,,,,7,8604,,,,16,31128,,,,21,6716,,,,13,16081,,,,,,,,,,,,,,,,,,,,,,,,,,,,,,,,,
180857,1-Jun-19,14:07:00,2019-06-01 14:07:00,G,2,1,595,,0,9,-62.4487,-59.8492,07:00.5,FastGPS,-62.4487,-59.8492,,,11.6,-0.5,,,,15,31,23294,,,,1,27814,,,,3,1155,,,,17,23994,,,,22,18662,,,,18,5132,,,,14,10934,,,,19,15452,,,,11,25543,,,,,,,,,,,,,,,,,,,,,,,,,,,,,,,,,
180857,1-Jun-19,15:07:10,2019-06-01 15:07:10,G,2,1,596,,0,9,-62.4489,-59.8489,07:11.5,FastGPS,-62.4489,-59.8489,,,7.4,0.5,,,,15,31,17429,,,,17,6204,,,,22,11506,,,,19,8,,,,3,12328,,,,14,9775,,,,23,26088,,,,6,28332,,,,1,30132,,,,,,,,,,,,,,,,,,,,,,,,,,,,,,,,,
180857,1-Jun-19,16:07:00,2019-06-01 16:07:00,G,6,1,597,272,0,5,-62.4476,-59.8508,07:01.6,FastGPS,-62.4476,-59.8508,,,1.5,0.5,,,,15,22,24622,,,,23,3810,,,,3,15191,,,,31,10789,,,,9,14813,,,,,,,,,,,,,,,,,,,,,,,,,,,,,,,,,,,,,,,,,,,,,,,,,,,,,
180857,1-Jun-19,17:08:25,2019-06-01 17:08:25,G,2,1,598,272,0,8,-62.445,-59.859,08:26.0,FastGPS,-62.445,-59.859,,1,9.4,0,,,,15,4,23153,,,,23,17835,,,,9,10523,,,,3,953,,,,6,9275,,,,7,2105,,,,2,4048,,,,26,18469,,,,,,,,,,,,,,,,,,,,,,,,,,,,,,,,,,,,,,
180857,1-Jun-19,21:44:00,2019-06-01 21:44:00,G,6,1,602,274,0,4,-62.3459,-59.6426,37:24.8,FastGPS,-62.3554,-59.8944,,,0.5,0.4,,,,15,7,16918,,,,5,30733,,,,30,29884,,,,8,12004,,,,,,,,,,,,,,,,,,,,,,,,,,,,,,,,,,,,,,,,,,,,,,,,,,,,,,,,,,
180857,1-Jun-19,23:01:05,2019-06-01 23:01:05,G,2,1,603,275,0,6,-62.2801,-59.9222,01:06.9,FastGPS,-62.2801,-59.9222,,,8.6,0.9,,,,15,17,10011,,,,19,364,,,,30,14579,,,,15,4837,,,,28,25048,,,,20,8219,,,,,,,,,,,,,,,,,,,,,,,,,,,,,,,,,,,,,,,,,,,,,,,,
180857,2-Jun-19,0:01:00,2019-06-02 00:01:00,G,4,1,604,275,0,7,-62.2214,-59.9278,01:01.0,FastGPS,-62.2214,-59.9278,,,9.2,0,,,,15,15,3470,,,,17,15874,,,,28,29143,,,,12,30722,,,,24,15314,,,,19,25194,,,,13,12312,,,,,,,,,,,,,,,,,,,,,,,,,,,,,,,,,,,,,,,,,,,
180857,2-Jun-19,1:01:56,2019-06-02 01:01:56,G,4,1,605,275,0,7,-62.1828,-59.9742,01:56.9,FastGPS,-62.1828,-59.9742,,,2.8,-0.1,,,,15,17,13503,,,,12,22042,,,,24,13704,,,,19,10709,,,,15,5767,,,,32,14172,,,,10,11014,,,,,,,,,,,,,,,,,,,,,,,,,,,,,,,,,,,,,,,,,,,
180857,2-Jun-19,3:52:21,2019-06-02 03:52:21,G,2,1,607,278,0,8,-62.129,-60.0535,52:22.5,FastGPS,-62.129,-60.0535,,,5,0.5,,,,15,29,30180,,,,12,21106,,,,2,22652,,,,25,29720,,,,6,3880,,,,24,29569,,,,31,5586,,,,32,6680,,,,,,,,,,,,,,,,,,,,,,,,,,,,,,,,,,,,,,
180857,2-Jun-19,4:52:43,2019-06-02 04:52:43,G,2,1,608,278,0,6,-62.1314,-59.9664,52:45.0,FastGPS,-62.1314,-59.9664,,,5,1,,,,15,29,30276,,,,6,17713,,,,25,20691,,,,2,29073,,,,31,15396,,,,12,26057,,,,,,,,,,,,,,,,,,,,,,,,,,,,,,,,,,,,,,,,,,,,,,,,
180857,2-Jun-19,5:53:11,2019-06-02 05:53:11,G,8,1,609,,0,9,-62.1701,-59.8482,53:12.5,FastGPS,-62.1701,-59.8482,,1,8.6,0.5,,,,15,29,20258,,,,31,26885,,,,25,14960,,,,23,7273,,,,2,32648,,,,9,26088,,,,4,12312,,,,26,5765,,,,16,30313,,,,,,,,,,,,,,,,,,,,,,,,,,,,,,,,,
180857,2-Jun-19,9:58:45,2019-06-02 09:58:45,G,2,1,613,278,0,7,-62.338,-59.6742,58:47.0,FastGPS,-62.338,-59.6742,,,7.4,1,,,,15,27,28180,,,,15,12512,,,,10,3084,,,,16,19760,,,,13,2685,,,,8,16518,,,,21,29607,,,,,,,,,,,,,,,,,,,,,,,,,,,,,,,,,,,,,,,,,,,
180857,2-Jun-19,11:37:24,2019-06-02 11:37:24,G,2,1,614,280,0,5,-62.3459,-59.6425,37:24.8,FastGPS,-62.3459,-59.6425,,,0.3,-0.2,,,,15,8,19581,,,,18,30970,,,,27,2104,,,,11,6848,,,,32,26356,,,,,,,,,,,,,,,,,,,,,,,,,,,,,,,,,,,,,,,,,,,,,,,,,,,,,
180857,2-Jun-19,12:55:31,2019-06-02 12:55:31,G,2,1,615,280,0,6,-62.3424,-59.6502,55:32.0,FastGPS,-62.3424,-59.6502,,,10.6,0,,,,15,1,280,,,,18,76,,,,11,15776,,,,14,9561,,,,32,13694,,,,22,4340,,,,,,,,,,,,,,,,,,,,,,,,,,,,,,,,,,,,,,,,,,,,,,,,
180857,2-Jun-19,14:24:10,2019-06-02 14:24:10,G,2,1,616,,0,9,-62.3418,-59.6535,24:10.5,FastGPS,-62.3418,-59.6535,,,9.4,-0.5,,,,15,31,9672,,,,17,6874,,,,32,18034,,,,3,27,,,,18,17248,,,,11,7204,,,,1,12248,,,,14,14403,,,,22,13160,,,,,,,,,,,,,,,,,,,,,,,,,,,,,,,,,
180857,2-Jun-19,15:24:07,2019-06-02 15:24:07,G,8,1,617,,0,9,-62.3461,-59.6595,24:09.0,FastGPS,-62.3461,-59.6595,,,11.1,1,,,,15,22,20772,,,,31,16758,,,,17,24358,,,,3,32338,,,,1,978,,,,23,29082,,,,19,1188,,,,14,4632,,,,18,7329,,,,,,,,,,,,,,,,,,,,,,,,,,,,,,,,,
180857,2-Jun-19,16:44:03,2019-06-02 16:44:03,G,2,1,618,,0,9,-62.3268,-59.6853,44:03.5,FastGPS,-62.3268,-59.6853,,,7.4,-0.5,,,,15,23,27971,,,,26,7992,,,,6,17320,,,,9,17989,,,,3,14742,,,,22,26770,,,,2,14156,,,,31,9675,,,,16,24353,,,,,,,,,,,,,,,,,,,,,,,,,,,,,,,,,
180857,2-Jun-19,17:46:45,2019-06-02 17:46:45,G,2,1,619,282,0,5,-62.3136,-59.694,46:47.0,FastGPS,-62.3136,-59.694,,,4,1,,,,15,23,14892,,,,2,20804,,,,29,9092,,,,9,31943,,,,16,14256,,,,,,,,,,,,,,,,,,,,,,,,,,,,,,,,,,,,,,,,,,,,,,,,,,,,,
180857,2-Jun-19,18:49:11,2019-06-02 18:49:11,G,4,1,620,282,0,7,-62.3161,-59.7478,49:12.5,FastGPS,-62.3161,-59.7478,,1,8.2,0.5,,,,15,23,2690,,,,9,4677,,,,7,19706,,,,30,7895,,,,2,15644,,,,5,19682,,,,4,22786,,,,,,,,,,,,,,,,,,,,,,,,,,,,,,,,,,,,,,,,,,,
180857,2-Jun-19,19:51:25,2019-06-02 19:51:25,G,4,1,621,282,0,7,-62.2846,-59.7968,51:26.9,FastGPS,-62.2846,-59.7968,,1,3.6,0.9,,,,15,9,5584,,,,7,18958,,,,13,27487,,,,30,10304,,,,5,24438,,,,4,25241,,,,27,14420,,,,,,,,,,,,,,,,,,,,,,,,,,,,,,,,,,,,,,,,,,,
180857,2-Jun-19,21:24:01,2019-06-02 21:24:01,G,4,1,622,284,0,6,-62.2242,-59.8745,24:01.5,FastGPS,-62.2242,-59.8745,,1,4.6,-0.5,,,,15,30,8923,,,,7,335,,,,5,4411,,,,28,6876,,,,4,26591,,,,8,21525,,,,,,,,,,,,,,,,,,,,,,,,,,,,,,,,,,,,,,,,,,,,,,,,
180857,3-Jun-19,0:56:15,2019-06-03 00:56:15,G,6,1,623,287,0,5,-62.2144,-60.2233,56:17.0,FastGPS,-62.2144,-60.2233,,,10.2,1,,,,15,17,6284,,,,15,5123,,,,12,9650,,,,19,507,,,,28,22692,,,,,,,,,,,,,,,,,,,,,,,,,,,,,,,,,,,,,,,,,,,,,,,,,,,,,
180857,3-Jun-19,2:17:01,2019-06-03 02:17:01,G,4,1,624,,0,9,-62.2442,-60.3241,17:01.5,FastGPS,-62.2442,-60.3241,,,7.3,-0.5,,,,15,12,30220,,,,24,32335,,,,6,6337,,,,14,26836,,,,32,28775,,,,22,1698,,,,17,14444,,,,3,14059,,,,25,7564,,,,,,,,,,,,,,,,,,,,,,,,,,,,,,,,,
180857,3-Jun-19,3:18:47,2019-06-03 03:18:47,G,2,1,625,,0,9,-62.2767,-60.3347,18:48.0,FastGPS,-62.2767,-60.3347,,,9.3,0,,,,15,12,10768,,,,2,32431,,,,6,26551,,,,31,11810,,,,24,21247,,,,14,30511,,,,25,25103,,,,19,15808,,,,29,22009,,,,,,,,,,,,,,,,,,,,,,,,,,,,,,,,,
180857,3-Jun-19,4:31:32,2019-06-03 04:31:32,G,2,1,626,287,0,4,-62.4918,-60.1696,6/3/2019 20:57,NP,-62.3138,-60.3379,,,0.1,1.1,,,,15,29,20921,,,,31,29605,,,,25,30877,,,,12,16611,,,,,,,,,,,,,,,,,,,,,,,,,,,,,,,,,,,,,,,,,,,,,,,,,,,,,,,,,,
180857,3-Jun-19,8:44:06,2019-06-03 08:44:06,G,2,1,627,,0,9,-62.5019,-60.2181,44:08.0,FastGPS,-62.5019,-60.2181,,,5.2,1,,,,15,15,2316,,,,21,24536,,,,27,16919,,,,16,20785,,,,7,14097,,,,20,4552,,,,26,1578,,,,13,13128,,,,30,14804,,,,,,,,,,,,,,,,,,,,,,,,,,,,,,,,,
180857,3-Jun-19,14:12:00,2019-06-03 14:12:00,G,2,1,630,288,1,8,-62.4896,-60.1705,12:01.5,FastGPS,-62.4896,-60.1705,,,6.6,0.5,,,,15,31,3785,,,,14,20910,,,,23,28848,,,,11,21947,,,,1,14333,,,,32,2008,,,,18,31974,,,,22,31808,,,,,,,,,,,,,,,,,,,,,,,,,,,,,,,,,,,,,,
180857,4-Jun-19,4:32:09,2019-06-04 04:32:09,G,6,1,631,290,0,5,-62.4922,-60.1751,32:10.0,FastGPS,-62.4922,-60.1751,,,3.1,0,,,,15,29,18972,,,,12,20128,,,,31,23535,,,,25,15282,,,,2,385,,,,,,,,,,,,,,,,,,,,,,,,,,,,,,,,,,,,,,,,,,,,,,,,,,,,,
180857,4-Jun-19,5:58:33,2019-06-04 05:58:33,G,2,1,632,291,0,5,-62.4896,-60.1943,58:35.1,FastGPS,-62.4896,-60.1943,,,4.2,1.1,,,,15,5,5694,,,,29,24624,,,,26,1757,,,,2,18262,,,,31,3052,,,,,,,,,,,,,,,,,,,,,,,,,,,,,,,,,,,,,,,,,,,,,,,,,,,,,
180857,4-Jun-19,17:11:28,2019-06-04 17:11:28,G,2,1,633,293,0,4,-62.4984,-60.1801,19:09.0,FastGPS,,,,,,,,,,15,9,170,,,,23,16220,,,,6,8591,,,,4,32330,,,,,,,,,,,,,,,,,,,,,,,,,,,,,,,,,,,,,,,,,,,,,,,,,,,,,,,,,,
180857,4-Jun-19,20:19:07,2019-06-04 20:19:07,G,4,1,634,293,0,4,-62.5436,-60.4201,57:07.6,FastGPS,-62.4984,-60.1801,,,0.3,1,,,,15,5,6687,,,,7,2655,,,,13,28536,,,,30,10914,,,,,,,,,,,,,,,,,,,,,,,,,,,,,,,,,,,,,,,,,,,,,,,,,,,,,,,,,,
180857,4-Jun-19,22:03:12,2019-06-04 22:03:12,G,2,1,635,294,0,7,-62.5013,-60.1777,03:14.1,FastGPS,-62.5013,-60.1777,,,16.7,1.1,,,,15,30,28758,,,,28,31336,,,,7,25510,,,,20,29334,,,,15,27823,,,,13,10928,,,,8,2942,,,,,,,,,,,,,,,,,,,,,,,,,,,,,,,,,,,,,,,,,,,
180857,4-Jun-19,23:04:09,2019-06-04 23:04:09,G,6,1,636,294,0,7,-62.496,-60.2003,04:10.6,FastGPS,-62.496,-60.2003,,,10.9,0.6,,,,15,15,5394,,,,13,22229,,,,19,27103,,,,18,4942,,,,30,2340,,,,1,18051,,,,11,23470,,,,,,,,,,,,,,,,,,,,,,,,,,,,,,,,,,,,,,,,,,,
180857,5-Jun-19,2:40:18,2019-06-05 02:40:18,G,2,1,639,,0,9,-62.5305,-60.3194,40:19.6,FastGPS,-62.5305,-60.3194,,,9.4,0.6,,,,15,12,17803,,,,6,20732,,,,25,8221,,,,24,16646,,,,2,16314,,,,19,2254,,,,31,14009,,,,32,29304,,,,14,19648,,,,,,,,,,,,,,,,,,,,,,,,,,,,,,,,,
180857,5-Jun-19,3:57:06,2019-06-05 03:57:06,G,2,1,640,297,0,7,-62.5436,-60.4201,57:07.6,FastGPS,-62.5436,-60.4201,,,2.1,0.6,,,,15,12,9520,,,,29,20463,,,,31,24337,,,,2,2646,,,,25,9902,,,,6,23702,,,,32,1398,,,,,,,,,,,,,,,,,,,,,,,,,,,,,,,,,,,,,,,,,,,
180857,5-Jun-19,4:57:53,2019-06-05 04:57:53,G,2,1,641,297,0,7,-62.5481,-60.5171,57:55.1,FastGPS,-62.5481,-60.5171,,,3.5,1.1,,,,15,29,4425,,,,2,31758,,,,31,31797,,,,12,27475,,,,25,3203,,,,26,10778,,,,5,20720,,,,,,,,,,,,,,,,,,,,,,,,,,,,,,,,,,,,,,,,,,,
180857,5-Jun-19,5:58:00,2019-06-05 05:58:00,G,2,1,642,297,0,7,-62.5528,-60.6006,58:01.6,FastGPS,-62.5528,-60.6006,,,4.7,0.6,,,,15,5,3556,,,,31,21392,,,,29,15901,,,,26,9650,,,,21,11646,,,,2,28420,,,,25,21692,,,,,,,,,,,,,,,,,,,,,,,,,,,,,,,,,,,,,,,,,,,
180857,5-Jun-19,6:58:00,2019-06-05 06:58:00,G,4,1,643,297,0,7,-62.546,-60.6198,58:02.1,FastGPS,-62.546,-60.6198,,,5.3,1.1,,,,15,26,11680,,,,5,18397,,,,29,17547,,,,16,30237,,,,31,7690,,,,21,15347,,,,27,17876,,,,,,,,,,,,,,,,,,,,,,,,,,,,,,,,,,,,,,,,,,,
180857,5-Jun-19,8:13:26,2019-06-05 08:13:26,G,2,1,644,298,0,6,-62.5465,-60.6707,13:27.1,FastGPS,-62.5465,-60.6707,,,8,0.1,,,,15,27,14113,,,,7,2250,,,,16,16722,,,,21,16684,,,,26,25343,,,,20,5820,,,,,,,,,,,,,,,,,,,,,,,,,,,,,,,,,,,,,,,,,,,,,,,,
180857,5-Jun-19,9:13:00,2019-06-05 09:13:00,G,2,1,645,,0,9,-62.5254,-60.7051,13:00.6,FastGPS,-62.5254,-60.7051,,,8.3,-0.4,,,,15,27,21560,,,,21,12765,,,,10,25884,,,,15,2023,,,,20,18246,,,,16,8594,,,,8,23102,,,,7,16602,,,,30,13466,,,,,,,,,,,,,,,,,,,,,,,,,,,,,,,,,
180857,5-Jun-19,10:28:56,2019-06-05 10:28:56,G,4,1,646,,0,9,-62.5378,-60.6659,28:57.1,FastGPS,-62.5378,-60.6659,,,12,0.1,,,,15,27,17892,,,,15,26805,,,,10,12798,,,,8,7843,,,,18,798,,,,20,29548,,,,28,6034,,,,11,2980,,,,32,21298,,,,,,,,,,,,,,,,,,,,,,,,,,,,,,,,,
180857,5-Jun-19,11:46:28,2019-06-05 11:46:28,G,4,1,647,,0,9,-62.5532,-60.6426,46:30.1,FastGPS,-62.5532,-60.6426,,,9.7,1.1,,,,15,18,8967,,,,11,21368,,,,8,2847,,,,10,9253,,,,1,20161,,,,22,20428,,,,27,260,,,,20,11902,,,,14,32616,,,,,,,,,,,,,,,,,,,,,,,,,,,,,,,,,
180857,5-Jun-19,12:50:46,2019-06-05 12:50:46,G,4,1,648,,0,9,-62.5627,-60.595,50:48.1,FastGPS,-62.5627,-60.595,,,8,1.1,,,,15,1,25951,,,,22,7324,,,,10,12035,,,,32,16827,,,,3,13240,,,,18,5232,,,,11,23071,,,,24,1254,,,,17,8345,,,,,,,,,,,,,,,,,,,,,,,,,,,,,,,,,
180857,5-Jun-19,13:51:00,2019-06-05 13:51:00,G,2,1,649,,0,9,-62.5668,-60.5613,51:01.6,FastGPS,-62.5668,-60.5613,,,6.3,0.6,,,,15,22,12888,,,,32,1754,,,,1,21332,,,,12,9910,,,,3,29649,,,,31,14879,,,,11,18781,,,,14,2252,,,,18,29506,,,,,,,,,,,,,,,,,,,,,,,,,,,,,,,,,
180857,5-Jun-19,15:07:55,2019-06-05 15:07:55,G,2,1,650,,0,9,-62.5642,-60.5708,07:56.1,FastGPS,-62.5642,-60.5708,,,6.5,0.1,,,,15,23,32235,,,,3,15489,,,,1,29951,,,,22,10469,,,,12,14281,,,,31,27628,,,,18,4834,,,,17,25335,,,,19,25996,,,,,,,,,,,,,,,,,,,,,,,,,,,,,,,,,
180857,6-Jun-19,0:19:01,2019-06-06 00:19:01,G,2,1,658,301,0,8,-62.4459,-60.6295,19:02.6,FastGPS,-62.4459,-60.6295,,,5.7,0.6,,,,15,24,21508,,,,18,20434,,,,15,21217,,,,17,22782,,,,28,31877,,,,1,1838,,,,11,24382,,,,19,7499,,,,,,,,,,,,,,,,,,,,,,,,,,,,,,,,,,,,,,
180857,6-Jun-19,2:19:09,2019-06-06 02:19:09,G,2,1,660,301,0,8,-62.4017,-60.7924,19:10.1,FastGPS,-62.4017,-60.7924,,,3.7,0.1,,,,15,19,32053,,,,32,28227,,,,17,16167,,,,12,17238,,,,6,4113,,,,14,19600,,,,2,15250,,,,24,22824,,,,,,,,,,,,,,,,,,,,,,,,,,,,,,,,,,,,,,
180857,6-Jun-19,4:36:43,2019-06-06 04:36:43,G,4,1,662,302,0,7,-62.3511,-61.0271,36:45.1,FastGPS,-62.3511,-61.0271,,,8.6,1.1,,,,15,25,11471,,,,29,23891,,,,12,11299,,,,2,17699,,,,6,5173,,,,14,27071,,,,31,12795,,,,,,,,,,,,,,,,,,,,,,,,,,,,,,,,,,,,,,,,,,,
180857,6-Jun-19,14:16:38,2019-06-06 14:16:38,G,2,1,666,,0,9,-62.5357,-60.8557,16:39.6,FastGPS,-62.5357,-60.8557,,,11.1,0.6,,,,15,11,20762,,,,1,4345,,,,14,30864,,,,3,29778,,,,22,23795,,,,18,26586,,,,23,8790,,,,17,18001,,,,31,6696,,,,,,,,,,,,,,,,,,,,,,,,,,,,,,,,,
180857,6-Jun-19,15:31:03,2019-06-06 15:31:03,G,6,1,667,307,0,6,-62.5277,-60.8688,31:04.7,FastGPS,-62.5277,-60.8688,,,12.7,0.7,,,,15,31,21939,,,,22,5080,,,,3,155,,,,14,11287,,,,1,14980,,,,25,26447,,,,,,,,,,,,,,,,,,,,,,,,,,,,,,,,,,,,,,,,,,,,,,,,
180857,6-Jun-19,16:50:20,2019-06-06 16:50:20,G,2,1,668,,0,9,-62.5191,-60.8625,50:22.1,FastGPS,-62.5191,-60.8625,,1,12.8,1.1,,,,15,23,27362,,,,3,3227,,,,16,20206,,,,22,23101,,,,6,24468,,,,4,15784,,,,26,31756,,,,31,29444,,,,7,26608,,,,,,,,,,,,,,,,,,,,,,,,,,,,,,,,,
180857,7-Jun-19,0:20:11,2019-06-07 00:20:11,G,4,1,673,311,0,7,-62.3645,-61.0835,20:11.6,FastGPS,-62.3645,-61.0835,,,14.5,-0.4,,,,15,15,25557,,,,12,10840,,,,17,13285,,,,13,27377,,,,19,6672,,,,1,18699,,,,24,20698,,,,,,,,,,,,,,,,,,,,,,,,,,,,,,,,,,,,,,,,,,,
180857,7-Jun-19,1:36:01,2019-06-07 01:36:01,G,4,1,674,312,0,8,-62.3468,-61.1698,36:01.6,FastGPS,-62.3468,-61.1698,,,7.7,-0.4,,,,15,17,1099,,,,19,8571,,,,12,7706,,,,32,6262,,,,24,8950,,,,6,16070,,,,14,24657,,,,25,3080,,,,,,,,,,,,,,,,,,,,,,,,,,,,,,,,,,,,,,
180857,7-Jun-19,2:36:57,2019-06-07 02:36:57,G,2,1,675,,0,9,-62.3976,-61.1771,36:58.1,FastGPS,-62.3976,-61.1771,,,11.7,0.1,,,,15,12,25177,,,,17,1532,,,,31,11255,,,,25,31712,,,,22,19970,,,,32,30461,,,,14,28027,,,,3,29470,,,,19,19081,,,,,,,,,,,,,,,,,,,,,,,,,,,,,,,,,
180857,7-Jun-19,3:52:07,2019-06-07 03:52:07,G,2,1,676,313,0,5,-62.4653,-61.2487,52:08.6,FastGPS,-62.4653,-61.2487,,,5.7,0.6,,,,15,31,10259,,,,12,6639,,,,29,8384,,,,2,9175,,,,25,20130,,,,,,,,,,,,,,,,,,,,,,,,,,,,,,,,,,,,,,,,,,,,,,,,,,,,,
180857,7-Jun-19,5:06:28,2019-06-07 05:06:28,G,4,1,677,313,0,8,-62.4878,-61.2852,06:29.1,FastGPS,-62.4878,-61.2852,,1,4.7,0.1,,,,15,23,24312,,,,31,22216,,,,29,22393,,,,9,28567,,,,2,9483,,,,26,19920,,,,4,9794,,,,6,1288,,,,,,,,,,,,,,,,,,,,,,,,,,,,,,,,,,,,,,
180857,7-Jun-19,8:42:25,2019-06-07 08:42:25,G,2,1,678,313,0,5,-62.5534,-61.3042,42:26.7,FastGPS,-62.5534,-61.3042,,,10.1,0.7,,,,15,15,29403,,,,27,364,,,,21,31628,,,,16,31770,,,,13,20178,,,,,,,,,,,,,,,,,,,,,,,,,,,,,,,,,,,,,,,,,,,,,,,,,,,,,
180857,7-Jun-19,14:11:16,2019-06-07 14:11:16,G,2,1,681,,0,9,-62.6384,-61.1783,11:16.7,FastGPS,-62.6384,-61.1783,,,8.2,-0.3,,,,15,32,28084,,,,3,29893,,,,17,22910,,,,12,19426,,,,22,25787,,,,11,26748,,,,19,8390,,,,18,32083,,,,31,3688,,,,,,,,,,,,,,,,,,,,,,,,,,,,,,,,,
180857,7-Jun-19,15:13:20,2019-06-07 15:13:20,G,2,1,682,314,0,6,-62.6458,-61.1553,13:21.2,FastGPS,-62.6458,-61.1553,,,6.6,0.2,,,,15,31,27064,,,,3,10496,,,,22,9239,,,,23,17603,,,,17,14634,,,,19,12394,,,,,,,,,,,,,,,,,,,,,,,,,,,,,,,,,,,,,,,,,,,,,,,,
180857,7-Jun-19,21:00:43,2019-06-07 21:00:43,G,2,1,684,,0,9,-62.6649,-61.2422,00:45.2,FastGPS,-62.6649,-61.2422,,1,6.3,1.2,,,,15,7,21474,,,,5,30400,,,,30,23416,,,,8,29640,,,,28,3995,,,,13,15851,,,,15,28617,,,,21,28713,,,,4,13843,,,,,,,,,,,,,,,,,,,,,,,,,,,,,,,,,
180857,7-Jun-19,22:01:00,2019-06-07 22:01:00,G,2,1,685,,0,9,-62.6401,-61.2534,01:01.7,FastGPS,-62.6401,-61.2534,,,9,0.7,,,,15,13,18776,,,,15,31399,,,,20,27071,,,,8,19636,,,,28,20119,,,,18,9765,,,,7,11314,,,,30,28393,,,,11,11664,,,,,,,,,,,,,,,,,,,,,,,,,,,,,,,,,
180857,8-Jun-19,3:04:46,2019-06-08 03:04:46,G,2,1,686,,0,9,-62.65,-61.2589,04:47.8,FastGPS,-62.65,-61.2589,,,9,0.8,,,,15,29,28618,,,,12,15435,,,,2,25684,,,,14,5938,,,,6,31166,,,,31,25169,,,,25,21275,,,,19,31520,,,,32,23091,,,,,,,,,,,,,,,,,,,,,,,,,,,,,,,,,
180857,8-Jun-19,4:11:59,2019-06-08 04:11:59,G,2,1,687,314,0,5,-62.6406,-61.2934,12:00.7,FastGPS,-62.6406,-61.2934,,,0.6,0.7,,,,15,12,31415,,,,31,26762,,,,2,3887,,,,29,13594,,,,25,20245,,,,,,,,,,,,,,,,,,,,,,,,,,,,,,,,,,,,,,,,,,,,,,,,,,,,,
180857,8-Jun-19,6:38:12,2019-06-08 06:38:12,G,4,1,688,317,0,6,-62.6133,-61.3567,38:14.2,FastGPS,-62.6133,-61.3567,,,4.2,1.2,,,,15,5,18074,,,,29,28520,,,,26,1085,,,,16,20,,,,21,11447,,,,31,1483,,,,,,,,,,,,,,,,,,,,,,,,,,,,,,,,,,,,,,,,,,,,,,,,
180857,8-Jun-19,7:47:09,2019-06-08 07:47:09,G,4,1,689,,0,9,-62.5986,-61.3843,47:11.2,FastGPS,-62.5986,-61.3843,,,11.8,1.2,,,,15,16,19398,,,,26,3788,,,,29,10462,,,,5,4360,,,,21,14984,,,,15,29008,,,,27,29959,,,,13,17070,,,,7,31523,,,,,,,,,,,,,,,,,,,,,,,,,,,,,,,,,
180857,8-Jun-19,19:48:53,2019-06-08 19:48:53,G,2,1,695,,0,9,-62.6056,-61.0585,48:54.7,FastGPS,-62.6056,-61.0585,,1,5.1,0.7,,,,15,5,24043,,,,7,5188,,,,27,8921,,,,30,2934,,,,8,860,,,,4,17566,,,,13,17260,,,,16,6804,,,,21,18478,,,,,,,,,,,,,,,,,,,,,,,,,,,,,,,,,
180857,8-Jun-19,20:51:21,2019-06-08 20:51:21,G,2,1,696,320,0,8,-62.5892,-60.9828,51:23.2,FastGPS,-62.5892,-60.9828,,1,5.7,1.2,,,,15,5,25958,,,,7,23225,,,,13,13734,,,,30,11160,,,,4,18848,,,,15,17391,,,,9,24923,,,,28,26334,,,,,,,,,,,,,,,,,,,,,,,,,,,,,,,,,,,,,,
180857,9-Jun-19,3:32:01,2019-06-09 03:32:01,G,6,1,697,323,0,5,-62.468,-60.9848,32:01.7,FastGPS,-62.468,-60.9848,,,5.6,-0.3,,,,15,12,14337,,,,29,8720,,,,2,10957,,,,31,20090,,,,32,24871,,,,,,,,,,,,,,,,,,,,,,,,,,,,,,,,,,,,,,,,,,,,,,,,,,,,,
180857,9-Jun-19,5:48:13,2019-06-09 05:48:13,G,6,1,698,323,0,6,-62.5013,-60.8343,48:14.7,FastGPS,-62.5013,-60.8343,,,7.9,0.7,,,,15,5,27220,,,,29,26178,,,,26,14934,,,,25,13838,,,,2,14322,,,,21,30432,,,,,,,,,,,,,,,,,,,,,,,,,,,,,,,,,,,,,,,,,,,,,,,,
180857,9-Jun-19,8:18:00,2019-06-09 08:18:00,G,4,1,700,325,1,5,-62.484,-60.8081,18:00.7,FastGPS,-62.484,-60.8081,,,1.8,-0.3,,,,15,10,1699,,,,16,7917,,,,20,15755,,,,26,24527,,,,27,30400,,,,,,,,,,,,,,,,,,,,,,,,,,,,,,,,,,,,,,,,,,,,,,,,,,,,,
180857,9-Jun-19,9:18:00,2019-06-09 09:18:00,G,8,1,701,325,1,4,-62.4832,-60.8126,6/9/2019 10:17,MA,-62.4834,-60.808,,,1,-0.3,,,,15,8,2756,,,,13,19258,,,,30,25495,,,,7,12970,,,,,,,,,,,,,,,,,,,,,,,,,,,,,,,,,,,,,,,,,,,,,,,,,,,,,,,,,,
180857,9-Jun-19,10:33:00,2019-06-09 10:33:00,G,6,1,702,326,1,8,-62.4837,-60.8081,33:01.7,FastGPS,-62.4837,-60.8081,,,8.1,0.7,,,,15,11,29597,,,,1,16891,,,,15,17706,,,,28,28715,,,,18,24853,,,,20,25976,,,,8,9274,,,,10,25116,,,,,,,,,,,,,,,,,,,,,,,,,,,,,,,,,,,,,,
180857,10-Jun-19,15:03:31,2019-06-10 15:03:31,G,8,1,703,,0,9,-62.4834,-60.8118,03:31.8,FastGPS,-62.4834,-60.8118,,,11,-0.2,,,,15,17,116,,,,31,22484,,,,3,5167,,,,22,635,,,,23,22367,,,,19,1802,,,,9,17831,,,,1,25316,,,,14,24188,,,,,,,,,,,,,,,,,,,,,,,,,,,,,,,,,
180857,10-Jun-19,16:04:50,2019-06-10 16:04:50,G,4,1,704,326,0,8,-62.4985,-60.8421,04:50.8,FastGPS,-62.4985,-60.8421,,1,8,-0.2,,,,15,9,11055,,,,22,447,,,,3,12964,,,,26,28188,,,,4,26186,,,,23,4506,,,,31,5028,,,,6,31028,,,,,,,,,,,,,,,,,,,,,,,,,,,,,,,,,,,,,,
180857,10-Jun-19,17:09:35,2019-06-10 17:09:35,G,2,1,705,,0,9,-62.4786,-60.8437,09:35.8,FastGPS,-62.4786,-60.8437,,1,10.7,-0.2,,,,15,7,28879,,,,23,19062,,,,26,22541,,,,16,28890,,,,9,26489,,,,2,24600,,,,6,12376,,,,4,27105,,,,3,3162,,,,,,,,,,,,,,,,,,,,,,,,,,,,,,,,,
180857,10-Jun-19,18:11:20,2019-06-10 18:11:20,G,2,1,706,326,0,8,-62.4705,-60.906,11:21.3,FastGPS,-62.4705,-60.906,,1,3.4,0.3,,,,15,7,16085,,,,5,16097,,,,23,24470,,,,9,18631,,,,29,14705,,,,16,2871,,,,4,30274,,,,26,21074,,,,,,,,,,,,,,,,,,,,,,,,,,,,,,,,,,,,,,
180857,10-Jun-19,19:33:42,2019-06-10 19:33:42,G,2,1,707,327,0,7,-62.4698,-60.9188,33:43.3,FastGPS,-62.4698,-60.9188,,1,14.1,0.3,,,,15,7,6017,,,,5,11509,,,,9,17168,,,,4,26758,,,,30,13530,,,,13,7898,,,,8,28921,,,,,,,,,,,,,,,,,,,,,,,,,,,,,,,,,,,,,,,,,,,
180857,10-Jun-19,21:34:05,2019-06-10 21:34:05,G,4,1,709,327,0,8,-62.444,-61.0291,34:06.3,FastGPS,-62.444,-61.0291,,,6.9,0.3,,,,15,5,5931,,,,15,13159,,,,30,3524,,,,28,16024,,,,8,3408,,,,13,6396,,,,7,7018,,,,27,29907,,,,,,,,,,,,,,,,,,,,,,,,,,,,,,,,,,,,,,
180857,10-Jun-19,22:38:38,2019-06-10 22:38:38,G,6,1,710,,0,9,-62.4743,-61.0788,38:39.3,FastGPS,-62.4743,-61.0788,,,11.8,0.3,,,,15,15,28160,,,,10,14668,,,,13,12608,,,,20,23594,,,,11,6974,,,,28,20816,,,,17,16165,,,,8,19460,,,,18,20227,,,,,,,,,,,,,,,,,,,,,,,,,,,,,,,,,
180857,11-Jun-19,0:07:28,2019-06-11 00:07:28,G,8,1,711,327,0,8,-62.508,-61.0971,07:29.3,FastGPS,-62.508,-61.0971,,,8.3,0.3,,,,15,15,19455,,,,17,23043,,,,19,21747,,,,24,2233,,,,13,15835,,,,28,18136,,,,12,1004,,,,1,26094,,,,,,,,,,,,,,,,,,,,,,,,,,,,,,,,,,,,,,
180857,11-Jun-19,1:26:22,2019-06-11 01:26:22,G,4,1,712,327,0,6,-62.5112,-61.0988,26:23.3,FastGPS,-62.5112,-61.0988,,,7.2,0.3,,,,15,17,16196,,,,19,2183,,,,24,449,,,,12,26300,,,,22,29362,,,,32,19716,,,,,,,,,,,,,,,,,,,,,,,,,,,,,,,,,,,,,,,,,,,,,,,,
180857,11-Jun-19,3:46:26,2019-06-11 03:46:26,G,8,2,713,328,0,6,-62.5668,-60.9327,46:26.8,FastGPS,-62.5668,-60.9328,,,4.4,-1.2,,,,15,29,22190,,,,31,17035,,,,6,32506,,,,12,24223,,,,25,4979,,,,23,27742,,,,,,,,,,,,,,,,,,,,,,,,,,,,,,,,,,,,,,,,,,,,,,,,
180857,11-Jun-19,5:13:56,2019-06-11 05:13:56,G,10,2,714,328,0,7,-62.579,-60.8868,13:57.3,FastGPS,-62.579,-60.8868,,,7.5,-0.7,,,,15,5,29365,,,,29,22018,,,,31,4808,,,,2,12611,,,,26,7812,,,,25,21335,,,,9,29705,,,,,,,,,,,,,,,,,,,,,,,,,,,,,,,,,,,,,,,,,,,
180857,11-Jun-19,7:20:13,2019-06-11 07:20:13,G,10,2,715,,0,9,-62.5753,-60.8664,20:14.3,FastGPS,-62.5753,-60.8664,,,13,-0.7,,,,15,5,4072,,,,16,16118,,,,26,14284,,,,29,20963,,,,7,22017,,,,21,10974,,,,13,20550,,,,27,9600,,,,15,22267,,,,,,,,,,,,,,,,,,,,,,,,,,,,,,,,,
180857,11-Jun-19,12:54:53,2019-06-11 12:54:53,G,2,2,718,,0,9,-62.5057,-60.8355,54:53.8,FastGPS,-62.5057,-60.8355,,,14.2,-1.2,,,,15,17,8428,,,,32,22387,,,,31,28343,,,,18,13438,,,,1,3067,,,,3,1293,,,,10,20278,,,,11,717,,,,19,20995,,,,,,,,,,,,,,,,,,,,,,,,,,,,,,,,,
180857,11-Jun-19,13:55:00,2019-06-11 13:55:00,G,2,2,719,,0,9,-62.4837,-60.8085,55:00.8,FastGPS,-62.4837,-60.8085,,,8.7,-1.2,,,,15,17,9292,,,,6,32165,,,,3,17270,,,,23,29223,,,,19,27660,,,,1,30338,,,,31,27579,,,,22,14816,,,,11,16254,,,,,,,,,,,,,,,,,,,,,,,,,,,,,,,,,
180857,11-Jun-19,14:55:00,2019-06-11 14:55:00,G,2,2,720,331,1,6,-62.4838,-60.8081,55:00.8,FastGPS,-62.4838,-60.8081,,,7.5,-1.2,,,,15,22,12464,,,,31,23345,,,,25,19836,,,,12,22066,,,,14,11342,,,,3,7760,,,,,,,,,,,,,,,,,,,,,,,,,,,,,,,,,,,,,,,,,,,,,,,,
180857,11-Jun-19,20:34:09,2019-06-11 20:34:09,G,4,2,722,331,0,7,-62.4465,-60.8587,34:10.3,FastGPS,-62.4465,-60.8587,,1,9.4,-0.7,,,,15,7,26125,,,,5,23607,,,,30,675,,,,28,20357,,,,4,25798,,,,13,15186,,,,8,13369,,,,,,,,,,,,,,,,,,,,,,,,,,,,,,,,,,,,,,,,,,,
180857,11-Jun-19,22:50:35,2019-06-11 22:50:35,G,4,2,724,,0,9,-62.3506,-60.8906,50:36.8,FastGPS,-62.3506,-60.8906,,,15.7,-0.2,,,,15,15,22052,,,,13,31076,,,,17,18210,,,,30,16366,,,,18,624,,,,28,23352,,,,11,2852,,,,24,23930,,,,10,1733,,,,,,,,,,,,,,,,,,,,,,,,,,,,,,,,,
180857,11-Jun-19,23:50:05,2019-06-11 23:50:05,G,4,2,725,,0,9,-62.3687,-60.8279,50:06.3,FastGPS,-62.3687,-60.8279,,,11.7,-0.7,,,,15,17,24779,,,,19,4279,,,,18,2648,,,,24,19389,,,,15,11307,,,,1,7416,,,,11,10298,,,,28,25566,,,,10,17786,,,,,,,,,,,,,,,,,,,,,,,,,,,,,,,,,
180857,12-Jun-19,0:50:51,2019-06-12 00:50:51,G,4,2,726,332,0,7,-62.3551,-60.9041,50:52.8,FastGPS,-62.3551,-60.9041,,,7.7,-0.2,,,,15,12,1373,,,,24,27978,,,,17,4372,,,,22,9880,,,,19,25488,,,,1,3276,,,,32,19620,,,,,,,,,,,,,,,,,,,,,,,,,,,,,,,,,,,,,,,,,,,
180857,12-Jun-19,1:51:44,2019-06-12 01:51:44,G,12,2,727,332,0,7,-62.3159,-60.9526,51:44.8,FastGPS,-62.3159,-60.9526,,,7.7,-1.2,,,,15,24,7370,,,,12,21797,,,,19,13169,,,,6,5156,,,,17,4978,,,,2,7861,,,,25,26252,,,,,,,,,,,,,,,,,,,,,,,,,,,,,,,,,,,,,,,,,,,
180857,12-Jun-19,3:16:37,2019-06-12 03:16:37,G,6,2,728,,0,9,-62.2866,-60.9738,16:37.8,FastGPS,-62.2867,-60.9738,,,9.3,-1.2,,,,15,31,3420,,,,12,15188,,,,2,1141,,,,29,23657,,,,25,11990,,,,6,28021,,,,14,12221,,,,24,10861,,,,32,30776,,,,,,,,,,,,,,,,,,,,,,,,,,,,,,,,,
180857,12-Jun-19,4:50:54,2019-06-12 04:50:54,G,6,2,729,334,0,8,-62.2843,-60.9548,50:55.3,FastGPS,-62.2843,-60.9548,,,7.4,-0.7,,,,15,31,23008,,,,29,798,,,,2,1646,,,,26,14208,,,,23,25612,,,,5,29570,,,,25,29119,,,,9,12158,,,,,,,,,,,,,,,,,,,,,,,,,,,,,,,,,,,,,,
180857,12-Jun-19,5:51:18,2019-06-12 05:51:18,G,4,2,730,334,0,7,-62.299,-60.9135,51:19.8,FastGPS,-62.299,-60.9135,,1,3.2,-0.2,,,,15,26,666,,,,5,15291,,,,2,16208,,,,4,11847,,,,29,16364,,,,16,23148,,,,21,22591,,,,,,,,,,,,,,,,,,,,,,,,,,,,,,,,,,,,,,,,,,,
180857,12-Jun-19,7:06:15,2019-06-12 07:06:15,G,14,2,731,335,0,7,-62.3403,-60.865,06:15.8,FastGPS,-62.3403,-60.865,,1,8.1,-1.2,,,,15,7,12106,,,,26,11612,,,,16,13050,,,,5,13076,,,,21,7066,,,,27,10194,,,,4,11532,,,,,,,,,,,,,,,,,,,,,,,,,,,,,,,,,,,,,,,,,,,
180857,12-Jun-19,8:07:12,2019-06-12 08:07:12,G,2,2,732,,0,9,-62.3797,-60.8602,07:13.3,FastGPS,-62.3797,-60.8602,,,7.1,-0.7,,,,15,27,12156,,,,16,15965,,,,7,8138,,,,26,29122,,,,21,17572,,,,20,30400,,,,30,5400,,,,10,19680,,,,15,24462,,,,,,,,,,,,,,,,,,,,,,,,,,,,,,,,,
180857,12-Jun-19,10:25:05,2019-06-12 10:25:05,G,4,2,733,338,0,8,-62.464,-60.8401,25:07.3,FastGPS,-62.464,-60.8401,,,10.2,0.3,,,,15,8,5506,,,,15,31722,,,,27,4696,,,,11,7268,,,,18,1977,,,,10,16789,,,,20,8241,,,,24,29054,,,,,,,,,,,,,,,,,,,,,,,,,,,,,,,,,,,,,,
180857,12-Jun-19,11:40:49,2019-06-12 11:40:49,G,2,2,734,,0,9,-62.4918,-60.8303,40:49.8,FastGPS,-62.4918,-60.8303,,,5.8,-1.2,,,,15,32,27908,,,,22,12590,,,,10,18182,,,,14,16553,,,,1,24282,,,,8,21569,,,,11,14119,,,,28,16776,,,,27,11584,,,,,,,,,,,,,,,,,,,,,,,,,,,,,,,,,
180857,12-Jun-19,12:41:07,2019-06-12 12:41:07,G,8,2,735,,0,9,-62.5008,-60.8421,41:08.3,FastGPS,-62.5008,-60.8421,,,5.6,-0.7,,,,15,1,27073,,,,11,13724,,,,22,4797,,,,18,27021,,,,32,4310,,,,3,29078,,,,17,12662,,,,19,15809,,,,10,30263,,,,,,,,,,,,,,,,,,,,,,,,,,,,,,,,,
180857,12-Jun-19,13:41:13,2019-06-12 13:41:13,G,10,2,736,339,0,7,-62.5048,-60.8426,41:14.8,FastGPS,-62.5048,-60.8426,,,10.2,-0.2,,,,15,31,14717,,,,32,2082,,,,18,6154,,,,14,196,,,,11,31198,,,,17,29474,,,,22,28676,,,,,,,,,,,,,,,,,,,,,,,,,,,,,,,,,,,,,,,,,,,
180857,12-Jun-19,14:57:32,2019-06-12 14:57:32,G,8,2,737,340,0,8,-62.5032,-60.8223,57:32.8,FastGPS,-62.5032,-60.8223,,,13.3,-1.2,,,,15,23,18212,,,,3,24566,,,,1,3634,,,,25,9797,,,,6,27316,,,,22,15949,,,,12,29990,,,,31,9670,,,,,,,,,,,,,,,,,,,,,,,,,,,,,,,,,,,,,,
180857,12-Jun-19,15:57:27,2019-06-12 15:57:27,G,6,2,738,340,0,8,-62.5082,-60.8397,57:28.3,FastGPS,-62.5082,-60.8397,,,12.1,-0.7,,,,15,3,30213,,,,23,24166,,,,9,376,,,,6,18192,,,,22,16890,,,,31,21446,,,,25,21403,,,,2,28556,,,,,,,,,,,,,,,,,,,,,,,,,,,,,,,,,,,,,,
180857,12-Jun-19,16:57:03,2019-06-12 16:57:03,G,8,2,739,,0,9,-62.5245,-60.8689,57:03.8,FastGPS,-62.5245,-60.8689,,1,8.2,-1.2,,,,15,7,28344,,,,23,17237,,,,6,11776,,,,9,8783,,,,4,2057,,,,2,11813,,,,29,23876,,,,26,10165,,,,16,5141,,,,,,,,,,,,,,,,,,,,,,,,,,,,,,,,,
180857,12-Jun-19,18:03:16,2019-06-12 18:03:16,G,2,2,740,340,0,8,-62.5024,-60.849,03:16.9,FastGPS,-62.5024,-60.849,,,9.7,-1.1,,,,15,23,7162,,,,5,113,,,,7,32353,,,,9,2298,,,,30,12075,,,,16,19632,,,,26,4798,,,,29,31400,,,,,,,,,,,,,,,,,,,,,,,,,,,,,,,,,,,,,,
180857,12-Jun-19,19:04:22,2019-06-12 19:04:22,G,2,2,741,340,0,6,-62.4737,-60.8658,04:22.8,FastGPS,-62.4737,-60.8657,,1,9.4,-1.2,,,,15,7,12189,,,,5,11566,,,,30,17686,,,,9,10977,,,,4,26286,,,,13,29899,,,,,,,,,,,,,,,,,,,,,,,,,,,,,,,,,,,,,,,,,,,,,,,,
180857,12-Jun-19,22:32:31,2019-06-12 22:32:31,G,2,2,743,343,0,4,-62.4268,-61.0361,36:11.3,FastGPS,-62.4169,-60.9985,,,0.3,-0.7,,,,15,28,19750,,,,15,29686,,,,13,9218,,,,30,17544,,,,,,,,,,,,,,,,,,,,,,,,,,,,,,,,,,,,,,,,,,,,,,,,,,,,,,,,,,
180857,12-Jun-19,23:32:45,2019-06-12 23:32:45,G,2,2,744,343,0,7,-62.3956,-61.0849,32:47.3,FastGPS,-62.3956,-61.0849,,,14.5,0.3,,,,15,15,25078,,,,17,9880,,,,28,21863,,,,12,5896,,,,13,29392,,,,19,5774,,,,24,27446,,,,,,,,,,,,,,,,,,,,,,,,,,,,,,,,,,,,,,,,,,,
180857,13-Jun-19,0:33:28,2019-06-13 00:33:28,G,4,2,745,343,0,6,-62.3983,-61.097,33:29.3,FastGPS,-62.3983,-61.097,,,5.7,-0.7,,,,15,12,9431,,,,24,13696,,,,15,23222,,,,17,14116,,,,19,8665,,,,1,20712,,,,,,,,,,,,,,,,,,,,,,,,,,,,,,,,,,,,,,,,,,,,,,,,
180857,13-Jun-19,2:33:00,2019-06-13 02:33:00,G,2,2,747,,0,9,-62.4204,-61.0742,33:01.3,FastGPS,-62.4204,-61.0742,,,7.7,-0.7,,,,15,31,14330,,,,3,23204,,,,19,15755,,,,14,25135,,,,22,12453,,,,25,31595,,,,32,26272,,,,29,14980,,,,17,7575,,,,,,,,,,,,,,,,,,,,,,,,,,,,,,,,,
180857,13-Jun-19,3:36:10,2019-06-13 03:36:10,G,2,2,748,343,0,7,-62.4268,-61.0361,36:11.3,FastGPS,-62.4268,-61.0361,,,3.1,-0.7,,,,15,29,18761,,,,6,7208,,,,25,7575,,,,31,15100,,,,12,233,,,,2,29454,,,,23,23880,,,,,,,,,,,,,,,,,,,,,,,,,,,,,,,,,,,,,,,,,,,
180857,13-Jun-19,4:42:03,2019-06-13 04:42:03,G,4,2,749,343,0,7,-62.4513,-60.9372,42:05.4,FastGPS,-62.4513,-60.9372,,,7.3,0.4,,,,15,29,29872,,,,31,28679,,,,2,19344,,,,23,31296,,,,5,15330,,,,25,7428,,,,26,28464,,,,,,,,,,,,,,,,,,,,,,,,,,,,,,,,,,,,,,,,,,,
180857,13-Jun-19,5:43:35,2019-06-13 05:43:35,G,2,2,750,343,0,6,-62.4772,-60.8467,43:36.9,FastGPS,-62.4772,-60.8467,,,11.8,-0.1,,,,15,26,31219,,,,29,28130,,,,5,20641,,,,21,8736,,,,2,8879,,,,31,27759,,,,,,,,,,,,,,,,,,,,,,,,,,,,,,,,,,,,,,,,,,,,,,,,
180857,13-Jun-19,6:43:00,2019-06-13 06:43:00,G,2,2,751,343,1,6,-62.4836,-60.8078,43:01.9,FastGPS,-62.4836,-60.8078,,1,4.6,-0.1,,,,15,7,19056,,,,4,14632,,,,21,15099,,,,16,26970,,,,26,19642,,,,27,11372,,,,,,,,,,,,,,,,,,,,,,,,,,,,,,,,,,,,,,,,,,,,,,,,
180857,14-Jun-19,12:10:29,2019-06-14 12:10:29,G,4,2,752,,0,9,-62.4863,-60.8234,10:30.4,FastGPS,-62.4863,-60.8234,,,5.3,-0.6,,,,15,11,19216,,,,32,10953,,,,1,13834,,,,24,1670,,,,22,19612,,,,10,18704,,,,14,16025,,,,18,1166,,,,17,18539,,,,,,,,,,,,,,,,,,,,,,,,,,,,,,,,,
180857,14-Jun-19,13:13:21,2019-06-14 13:13:21,G,4,2,753,344,0,7,-62.4869,-60.8285,13:22.4,FastGPS,-62.4869,-60.8285,,,5.7,-0.6,,,,15,17,22418,,,,11,24993,,,,18,2477,,,,22,13651,,,,1,24701,,,,31,14312,,,,14,5658,,,,,,,,,,,,,,,,,,,,,,,,,,,,,,,,,,,,,,,,,,,
180857,14-Jun-19,14:15:31,2019-06-14 14:15:31,G,2,2,754,,0,9,-62.4929,-60.8308,15:31.9,FastGPS,-62.4929,-60.8308,,,3.8,-1.1,,,,15,12,11264,,,,17,21602,,,,19,17242,,,,23,21210,,,,6,23018,,,,14,14454,,,,3,25942,,,,31,27821,,,,32,8787,,,,,,,,,,,,,,,,,,,,,,,,,,,,,,,,,
180857,14-Jun-19,15:15:26,2019-06-14 15:15:26,G,6,2,755,344,0,6,-62.5036,-60.8345,15:27.4,FastGPS,-62.5036,-60.8345,,,11.4,-0.6,,,,15,31,1848,,,,22,19232,,,,3,11819,,,,23,10375,,,,26,23846,,,,9,25428,,,,,,,,,,,,,,,,,,,,,,,,,,,,,,,,,,,,,,,,,,,,,,,,
180857,14-Jun-19,16:37:05,2019-06-14 16:37:05,G,4,2,756,,0,9,-62.5108,-60.8477,37:05.9,FastGPS,-62.5108,-60.8477,,1,12,-1.1,,,,15,7,1509,,,,6,4005,,,,9,20323,,,,23,7403,,,,16,763,,,,3,31730,,,,4,27786,,,,26,1879,,,,2,860,,,,,,,,,,,,,,,,,,,,,,,,,,,,,,,,,
180857,14-Jun-19,19:40:56,2019-06-14 19:40:56,G,2,2,758,345,0,8,-62.4691,-60.9674,40:56.9,FastGPS,-62.4691,-60.9674,,1,5,-1.1,,,,15,5,27204,,,,8,4394,,,,7,15592,,,,4,12775,,,,13,30496,,,,9,10473,,,,30,32145,,,,27,8467,,,,,,,,,,,,,,,,,,,,,,,,,,,,,,,,,,,,,,
180857,14-Jun-19,20:41:57,2019-06-14 20:41:57,G,6,2,759,345,0,6,-62.4291,-61.0167,41:57.9,FastGPS,-62.4291,-61.0167,,1,1.2,-1.1,,,,15,7,31727,,,,5,13020,,,,30,23865,,,,28,28342,,,,8,18240,,,,4,21089,,,,,,,,,,,,,,,,,,,,,,,,,,,,,,,,,,,,,,,,,,,,,,,,
180857,15-Jun-19,0:43:04,2019-06-15 00:43:04,G,4,2,762,348,0,6,-62.3242,-60.958,43:04.9,FastGPS,-62.3242,-60.958,,,10.2,-1.1,,,,15,12,24311,,,,17,2979,,,,25,18732,,,,32,7138,,,,24,2094,,,,15,631,,,,,,,,,,,,,,,,,,,,,,,,,,,,,,,,,,,,,,,,,,,,,,,,
180857,15-Jun-19,1:43:17,2019-06-15 01:43:17,G,6,2,763,,0,9,-62.3633,-60.9232,43:17.9,FastGPS,-62.3633,-60.9232,,,9.4,-1.1,,,,15,12,15666,,,,32,25662,,,,24,17893,,,,14,17340,,,,22,22714,,,,3,27302,,,,17,11694,,,,19,24675,,,,25,29108,,,,,,,,,,,,,,,,,,,,,,,,,,,,,,,,,
180857,15-Jun-19,2:43:00,2019-06-15 02:43:00,G,8,2,764,348,0,8,-62.3815,-60.9532,43:00.9,FastGPS,-62.3815,-60.9532,,,7.2,-1.1,,,,15,29,14112,,,,2,3636,,,,12,30896,,,,6,13340,,,,32,21864,,,,14,13670,,,,24,28030,,,,31,7523,,,,,,,,,,,,,,,,,,,,,,,,,,,,,,,,,,,,,,
180857,15-Jun-19,4:43:00,2019-06-15 04:43:00,G,4,2,766,348,0,7,-62.4019,-60.9921,43:00.9,FastGPS,-62.4019,-60.9921,,1,12,-1.1,,,,15,31,19894,,,,23,25820,,,,29,6073,,,,2,22955,,,,4,17251,,,,9,24959,,,,25,20130,,,,,,,,,,,,,,,,,,,,,,,,,,,,,,,,,,,,,,,,,,,
180857,15-Jun-19,5:58:04,2019-06-15 05:58:04,G,2,2,767,349,0,6,-62.4034,-61.0301,58:05.0,FastGPS,-62.4034,-61.0301,,1,4.4,-1,,,,15,21,29831,,,,29,28985,,,,16,23638,,,,26,22110,,,,5,30211,,,,4,4783,,,,,,,,,,,,,,,,,,,,,,,,,,,,,,,,,,,,,,,,,,,,,,,,
180857,15-Jun-19,7:28:01,2019-06-15 07:28:01,G,2,2,768,351,0,6,-62.4477,-60.9588,28:02.4,FastGPS,-62.4477,-60.9588,,,7.4,-0.6,,,,15,26,32574,,,,16,11460,,,,27,23803,,,,7,25621,,,,20,15448,,,,21,9791,,,,,,,,,,,,,,,,,,,,,,,,,,,,,,,,,,,,,,,,,,,,,,,,
180857,15-Jun-19,8:28:15,2019-06-15 08:28:15,G,2,2,769,351,0,6,-62.4755,-60.8863,28:15.9,FastGPS,-62.4755,-60.8863,,,10.5,-1.1,,,,15,27,17794,,,,16,22598,,,,10,15162,,,,21,28584,,,,15,465,,,,13,25296,,,,,,,,,,,,,,,,,,,,,,,,,,,,,,,,,,,,,,,,,,,,,,,,
180857,15-Jun-19,10:07:12,2019-06-15 10:07:12,G,4,2,770,,0,9,-62.5019,-60.8383,07:13.4,FastGPS,-62.5019,-60.8383,,,9.2,-0.6,,,,15,10,20480,,,,27,19181,,,,11,19931,,,,8,3188,,,,20,24470,,,,1,6835,,,,18,15336,,,,28,19388,,,,32,28778,,,,,,,,,,,,,,,,,,,,,,,,,,,,,,,,,
180857,15-Jun-19,11:07:02,2019-06-15 11:07:02,G,6,2,771,,0,9,-62.5004,-60.8456,07:02.9,FastGPS,-62.5004,-60.8456,,,12.9,-1.1,,,,15,18,8255,,,,32,21666,,,,8,30358,,,,14,1936,,,,11,21028,,,,28,10365,,,,27,22340,,,,1,23210,,,,10,32396,,,,,,,,,,,,,,,,,,,,,,,,,,,,,,,,,
180857,15-Jun-19,17:49:08,2019-06-15 17:49:08,G,4,2,777,,0,9,-62.6012,-60.9644,49:08.9,FastGPS,-62.6012,-60.9644,,1,9.2,-1.1,,,,15,5,1543,,,,29,11563,,,,2,12862,,,,26,17510,,,,16,26884,,,,7,1194,,,,4,19955,,,,30,9073,,,,9,11289,,,,,,,,,,,,,,,,,,,,,,,,,,,,,,,,,
180857,15-Jun-19,18:49:00,2019-06-15 18:49:00,G,2,2,778,355,0,7,-62.5913,-60.9609,49:00.9,FastGPS,-62.5913,-60.9609,,1,7.8,-1.1,,,,15,5,15944,,,,9,27943,,,,7,21472,,,,4,6998,,,,23,26526,,,,30,16268,,,,13,24994,,,,,,,,,,,,,,,,,,,,,,,,,,,,,,,,,,,,,,,,,,,
180857,16-Jun-19,0:13:55,2019-06-16 00:13:55,G,8,2,781,361,0,5,-62.4608,-61.0919,13:56.4,FastGPS,-62.4608,-61.0919,,,1.9,-0.6,,,,15,17,27158,,,,15,24202,,,,12,19776,,,,19,7062,,,,24,13155,,,,,,,,,,,,,,,,,,,,,,,,,,,,,,,,,,,,,,,,,,,,,,,,,,,,,
180857,16-Jun-19,1:14:33,2019-06-16 01:14:33,G,6,2,782,361,0,7,-62.4616,-61.0345,14:33.9,FastGPS,-62.4616,-61.0345,,,11.3,-1.1,,,,15,12,13373,,,,17,20150,,,,24,18518,,,,22,1625,,,,3,27842,,,,19,20837,,,,32,28884,,,,,,,,,,,,,,,,,,,,,,,,,,,,,,,,,,,,,,,,,,,
180857,16-Jun-19,2:14:00,2019-06-16 02:14:00,G,2,2,783,,0,9,-62.4715,-60.9222,14:01.4,FastGPS,-62.4715,-60.9222,,,10.5,-0.6,,,,15,17,4288,,,,12,25519,,,,31,10805,,,,19,2368,,,,25,5760,,,,3,24009,,,,6,2713,,,,2,29724,,,,32,2110,,,,,,,,,,,,,,,,,,,,,,,,,,,,,,,,,
180857,16-Jun-19,4:14:00,2019-06-16 04:14:00,G,2,2,785,361,1,5,-62.4835,-60.8079,14:00.9,FastGPS,-62.4835,-60.8079,,,0.4,-1.1,,,,15,23,704,,,,26,23970,,,,31,4317,,,,29,9190,,,,2,490,,,,,,,,,,,,,,,,,,,,,,,,,,,,,,,,,,,,,,,,,,,,,,,,,,,,,
180857,16-Jun-19,5:14:00,2019-06-16 05:14:00,G,8,2,786,361,1,6,-62.4833,-60.8086,14:01.0,FastGPS,-62.4833,-60.8086,,,5.4,-1,,,,15,2,10640,,,,16,20019,,,,23,27434,,,,5,22162,,,,9,31546,,,,26,1099,,,,,,,,,,,,,,,,,,,,,,,,,,,,,,,,,,,,,,,,,,,,,,,,
180857,16-Jun-19,16:49:49,2019-06-16 16:49:49,G,6,2,787,,0,9,-62.4646,-60.8394,49:50.0,FastGPS,-62.4646,-60.8394,,1,7.5,-1,,,,15,7,25576,,,,23,14367,,,,16,18416,,,,9,8778,,,,26,31390,,,,2,866,,,,3,25375,,,,4,16129,,,,6,7488,,,,,,,,,,,,,,,,,,,,,,,,,,,,,,,,,
180857,16-Jun-19,17:52:54,2019-06-16 17:52:54,G,12,2,788,,0,9,-62.4571,-60.7867,52:55.0,FastGPS,-62.4571,-60.7867,,1,7.2,-1,,,,15,7,12990,,,,23,12458,,,,9,26914,,,,16,17246,,,,4,16794,,,,30,3110,,,,2,12186,,,,5,20448,,,,29,16788,,,,,,,,,,,,,,,,,,,,,,,,,,,,,,,,,
180857,16-Jun-19,18:56:38,2019-06-16 18:56:38,G,12,2,789,366,0,7,-62.4571,-60.787,56:39.5,FastGPS,-62.4571,-60.787,,1,5.8,-0.5,,,,15,9,9851,,,,27,2257,,,,16,6854,,,,7,1892,,,,30,32644,,,,4,5085,,,,5,16052,,,,,,,,,,,,,,,,,,,,,,,,,,,,,,,,,,,,,,,,,,,
180857,16-Jun-19,20:11:05,2019-06-16 20:11:05,G,8,2,790,367,0,8,-62.4149,-60.7659,11:07.0,FastGPS,-62.4149,-60.7659,,1,7.6,0,,,,15,7,22498,,,,9,29394,,,,28,25173,,,,4,23746,,,,30,21678,,,,5,15474,,,,13,24865,,,,8,27015,,,,,,,,,,,,,,,,,,,,,,,,,,,,,,,,,,,,,,
180857,16-Jun-19,22:14:27,2019-06-16 22:14:27,G,4,2,792,,0,9,-62.3634,-60.7227,14:28.5,FastGPS,-62.3634,-60.7227,,,11.9,-0.5,,,,15,13,5474,,,,17,11395,,,,15,20218,,,,28,14816,,,,30,20649,,,,18,14404,,,,1,26036,,,,8,12646,,,,10,6781,,,,,,,,,,,,,,,,,,,,,,,,,,,,,,,,,
180857,16-Jun-19,23:14:04,2019-06-16 23:14:04,G,6,2,793,367,0,7,-62.3788,-60.7173,14:05.5,FastGPS,-62.3788,-60.7173,,,8.7,-0.5,,,,15,15,9588,,,,13,19140,,,,19,11990,,,,17,18149,,,,12,6934,,,,24,31391,,,,10,27081,,,,,,,,,,,,,,,,,,,,,,,,,,,,,,,,,,,,,,,,,,,
180857,17-Jun-19,0:30:29,2019-06-17 00:30:29,G,6,2,794,368,0,5,-62.3862,-60.7215,30:30.5,FastGPS,-62.3862,-60.7215,,,3,-0.5,,,,15,17,29720,,,,12,25176,,,,19,16732,,,,15,1568,,,,24,18426,,,,,,,,,,,,,,,,,,,,,,,,,,,,,,,,,,,,,,,,,,,,,,,,,,,,,
180857,17-Jun-19,1:45:06,2019-06-17 01:45:06,G,2,2,795,369,0,8,-62.375,-60.7533,45:07.0,FastGPS,-62.375,-60.7533,,,9.3,-1,,,,15,6,15430,,,,19,22888,,,,12,19512,,,,17,27626,,,,24,13092,,,,2,24038,,,,29,18052,,,,32,11124,,,,,,,,,,,,,,,,,,,,,,,,,,,,,,,,,,,,,,
180857,17-Jun-19,5:00:22,2019-06-17 05:00:22,G,2,2,797,,0,9,-62.4482,-60.7478,00:23.5,FastGPS,-62.4482,-60.7478,,1,12.9,-0.5,,,,15,29,25710,,,,23,2446,,,,5,25862,,,,9,12214,,,,2,6446,,,,26,20961,,,,16,26289,,,,25,25605,,,,4,8361,,,,,,,,,,,,,,,,,,,,,,,,,,,,,,,,,
180857,17-Jun-19,6:18:13,2019-06-17 06:18:13,G,6,2,798,370,0,7,-62.4584,-60.8172,18:14.0,FastGPS,-62.4584,-60.8172,,,5.1,-1,,,,15,29,20266,,,,5,30509,,,,26,11276,,,,21,10400,,,,16,26257,,,,31,28178,,,,20,12642,,,,,,,,,,,,,,,,,,,,,,,,,,,,,,,,,,,,,,,,,,,
180857,17-Jun-19,7:18:16,2019-06-17 07:18:16,G,4,2,799,370,0,6,-62.4857,-60.8237,18:16.9,FastGPS,-62.4857,-60.8237,,,13.4,-1.1,,,,15,7,28541,,,,21,13244,,,,5,2448,,,,27,20970,,,,30,20374,,,,16,14706,,,,,,,,,,,,,,,,,,,,,,,,,,,,,,,,,,,,,,,,,,,,,,,,
180857,17-Jun-19,8:44:31,2019-06-17 08:44:31,G,8,2,800,371,0,8,-62.4836,-60.8109,44:32.0,FastGPS,-62.4836,-60.8109,,,7.9,-1,,,,15,21,2474,,,,15,2238,,,,27,10195,,,,10,21956,,,,20,24664,,,,7,13250,,,,30,23526,,,,8,26771,,,,,,,,,,,,,,,,,,,,,,,,,,,,,,,,,,,,,,
180857,17-Jun-19,11:11:04,2019-06-17 11:11:04,G,2,2,801,,0,9,-62.4831,-60.8127,11:05.0,FastGPS,-62.4831,-60.8127,,,5.9,-1,,,,15,32,1272,,,,10,7983,,,,11,24411,,,,1,16418,,,,22,24854,,,,14,3318,,,,27,13303,,,,28,18266,,,,18,10277,,,,,,,,,,,,,,,,,,,,,,,,,,,,,,,,,
180857,17-Jun-19,12:28:58,2019-06-17 12:28:58,G,8,2,802,376,0,8,-62.4857,-60.8278,29:00.0,FastGPS,-62.4857,-60.8278,,,9.6,0,,,,15,32,7208,,,,14,14888,,,,11,19125,,,,18,31950,,,,31,6323,,,,22,9399,,,,3,10164,,,,1,18002,,,,,,,,,,,,,,,,,,,,,,,,,,,,,,,,,,,,,,
180857,17-Jun-19,13:30:01,2019-06-17 13:30:01,G,2,2,803,,0,9,-62.4828,-60.816,30:02.5,FastGPS,-62.4828,-60.816,,,10.9,-0.5,,,,15,17,31154,,,,31,15387,,,,32,4464,,,,1,19732,,,,23,19093,,,,14,16071,,,,18,13319,,,,22,3613,,,,11,7035,,,,,,,,,,,,,,,,,,,,,,,,,,,,,,,,,
180857,17-Jun-19,14:30:00,2019-06-17 14:30:00,G,4,2,804,,1,9,-62.4835,-60.8081,30:02.0,FastGPS,-62.4835,-60.8081,,,9.4,0,,,,15,23,630,,,,18,9677,,,,9,19947,,,,1,4815,,,,3,496,,,,11,20231,,,,22,7290,,,,17,11330,,,,31,15305,,,,,,,,,,,,,,,,,,,,,,,,,,,,,,,,,
180857,18-Jun-19,17:38:28,2019-06-18 17:38:28,G,10,2,805,377,0,8,-62.4767,-60.8176,38:29.1,FastGPS,-62.4767,-60.8176,,1,4,-0.9,,,,15,7,12597,,,,16,955,,,,9,16852,,,,23,19865,,,,30,22440,,,,4,28178,,,,6,29457,,,,2,14624,,,,,,,,,,,,,,,,,,,,,,,,,,,,,,,,,,,,,,
180857,18-Jun-19,18:41:19,2019-06-18 18:41:19,G,8,2,806,377,0,7,-62.4597,-60.8224,41:20.1,FastGPS,-62.4597,-60.8224,,1,3.1,-0.9,,,,15,9,19761,,,,7,26054,,,,30,1172,,,,4,5720,,,,16,14205,,,,5,27277,,,,27,2239,,,,,,,,,,,,,,,,,,,,,,,,,,,,,,,,,,,,,,,,,,,
180857,18-Jun-19,20:00:06,2019-06-18 20:00:06,G,8,2,807,378,0,8,-62.4505,-60.7817,00:07.5,FastGPS,-62.4505,-60.7817,,1,8.8,-0.5,,,,15,7,28995,,,,30,20082,,,,13,12678,,,,4,31514,,,,15,32453,,,,28,6998,,,,8,18189,,,,27,29752,,,,,,,,,,,,,,,,,,,,,,,,,,,,,,,,,,,,,,
180857,19-Jun-19,4:51:40,2019-06-19 04:51:40,G,6,2,808,379,0,6,-62.4893,-60.8341,51:41.0,FastGPS,-62.4893,-60.8341,,,8.6,-1,,,,15,29,22157,,,,5,20826,,,,26,16376,,,,25,23449,,,,2,5475,,,,12,20481,,,,,,,,,,,,,,,,,,,,,,,,,,,,,,,,,,,,,,,,,,,,,,,,
180857,19-Jun-19,6:09:02,2019-06-19 06:09:02,G,6,2,809,380,0,6,-62.4822,-60.819,09:03.6,FastGPS,-62.4822,-60.819,,,8.1,-0.4,,,,15,5,26101,,,,16,17211,,,,26,4707,,,,21,16,,,,29,17098,,,,7,2551,,,,,,,,,,,,,,,,,,,,,,,,,,,,,,,,,,,,,,,,,,,,,,,,
180857,19-Jun-19,8:35:03,2019-06-19 08:35:03,G,4,2,811,,0,9,-62.4735,-60.8227,35:05.1,FastGPS,-62.4735,-60.8227,,,21.4,0.1,,,,15,15,11044,,,,10,27094,,,,27,17828,,,,16,6466,,,,13,28039,,,,8,30236,,,,30,1042,,,,21,16541,,,,20,536,,,,,,,,,,,,,,,,,,,,,,,,,,,,,,,,,
180857,19-Jun-19,9:52:00,2019-06-19 09:52:00,G,4,2,812,382,0,6,-62.4778,-60.821,52:01.6,FastGPS,-62.4778,-60.821,,,6.4,-0.4,,,,15,10,29580,,,,20,31236,,,,27,25823,,,,8,13267,,,,32,13030,,,,24,25196,,,,,,,,,,,,,,,,,,,,,,,,,,,,,,,,,,,,,,,,,,,,,,,,
180857,19-Jun-19,10:52:00,2019-06-19 10:52:00,G,8,2,813,,0,9,-62.4677,-60.8441,52:01.6,FastGPS,-62.4677,-60.8441,,,3.8,-0.4,,,,15,11,15703,,,,10,20254,,,,18,2766,,,,1,20428,,,,8,19935,,,,32,18561,,,,20,21035,,,,28,2068,,,,24,20780,,,,,,,,,,,,,,,,,,,,,,,,,,,,,,,,,
180857,19-Jun-19,11:52:53,2019-06-19 11:52:53,G,12,2,814,382,0,7,-62.4874,-60.8315,52:54.0,FastGPS,-62.4874,-60.8315,,,10.8,-1,,,,15,32,23843,,,,14,2740,,,,22,9142,,,,1,574,,,,18,14036,,,,11,32295,,,,17,9607,,,,,,,,,,,,,,,,,,,,,,,,,,,,,,,,,,,,,,,,,,,
180857,19-Jun-19,13:31:15,2019-06-19 13:31:15,G,4,2,815,,0,9,-62.4969,-60.8348,31:16.1,FastGPS,-62.4969,-60.8348,,,8.6,-0.9,,,,15,17,17479,,,,31,1587,,,,22,29496,,,,3,15611,,,,1,25582,,,,14,16730,,,,32,26919,,,,23,29180,,,,19,23438,,,,,,,,,,,,,,,,,,,,,,,,,,,,,,,,,
180857,19-Jun-19,14:51:38,2019-06-19 14:51:38,G,4,2,816,385,0,8,-62.486,-60.8292,51:39.6,FastGPS,-62.486,-60.8292,,,8.2,-0.4,,,,15,31,8609,,,,23,6401,,,,3,20455,,,,22,2104,,,,6,21710,,,,25,21942,,,,9,13329,,,,17,10955,,,,,,,,,,,,,,,,,,,,,,,,,,,,,,,,,,,,,,
180857,19-Jun-19,15:53:51,2019-06-19 15:53:51,G,8,2,817,,0,9,-62.4668,-60.8423,53:52.5,FastGPS,-62.4668,-60.8423,,1,8.6,-0.5,,,,15,23,32208,,,,3,24507,,,,7,7986,,,,9,27860,,,,22,16086,,,,4,3013,,,,16,12888,,,,26,29292,,,,31,10002,,,,,,,,,,,,,,,,,,,,,,,,,,,,,,,,,
180857,19-Jun-19,16:54:34,2019-06-19 16:54:34,G,4,2,818,385,0,5,-62.4203,-60.8816,01:05.6,FastGPS,-62.4555,-60.8029,,1,0.9,-1,,,,15,7,26946,,,,23,22327,,,,9,15805,,,,4,19411,,,,2,17368,,,,,,,,,,,,,,,,,,,,,,,,,,,,,,,,,,,,,,,,,,,,,,,,,,,,,
180857,19-Jun-19,17:57:15,2019-06-19 17:57:15,G,2,2,819,385,0,6,-62.4417,-60.7999,57:16.6,FastGPS,-62.4417,-60.7999,,1,5.6,-0.4,,,,15,5,5448,,,,7,7408,,,,23,32219,,,,9,27773,,,,4,15086,,,,2,14920,,,,,,,,,,,,,,,,,,,,,,,,,,,,,,,,,,,,,,,,,,,,,,,,
180857,19-Jun-19,19:46:15,2019-06-19 19:46:15,G,4,2,820,387,0,8,-62.4023,-60.704,46:16.6,FastGPS,-62.4023,-60.704,,1,4.1,-0.4,,,,15,7,23329,,,,5,1764,,,,13,7088,,,,30,18915,,,,8,24796,,,,4,32674,,,,9,10387,,,,27,29066,,,,,,,,,,,,,,,,,,,,,,,,,,,,,,,,,,,,,,
180857,19-Jun-19,20:46:27,2019-06-19 20:46:27,G,6,2,821,387,0,8,-62.4133,-60.6564,46:28.6,FastGPS,-62.4133,-60.6564,,,11.4,-0.4,,,,15,13,11637,,,,28,2123,,,,7,10754,,,,15,24194,,,,27,13926,,,,30,21070,,,,8,191,,,,20,32030,,,,,,,,,,,,,,,,,,,,,,,,,,,,,,,,,,,,,,
180857,19-Jun-19,22:01:00,2019-06-19 22:01:00,G,6,2,822,,0,9,-62.4143,-60.67,01:01.6,FastGPS,-62.4143,-60.67,,,10.2,-0.4,,,,15,15,32399,,,,1,2667,,,,18,26127,,,,13,20617,,,,8,31710,,,,11,14636,,,,20,27926,,,,30,7488,,,,10,17802,,,,,,,,,,,,,,,,,,,,,,,,,,,,,,,,,
180857,19-Jun-19,23:01:05,2019-06-19 23:01:05,G,8,2,823,388,0,6,-62.4373,-60.7458,01:06.1,FastGPS,-62.4373,-60.7458,,,5.4,-0.9,,,,15,15,3026,,,,17,7889,,,,10,20346,,,,24,21090,,,,19,1395,,,,28,7838,,,,,,,,,,,,,,,,,,,,,,,,,,,,,,,,,,,,,,,,,,,,,,,,
180857,20-Jun-19,0:01:24,2019-06-20 00:01:24,G,6,2,824,388,0,5,-62.4453,-60.8461,01:25.1,FastGPS,-62.4453,-60.8461,,,2.3,-0.9,,,,15,17,11209,,,,19,30372,,,,15,27257,,,,24,1726,,,,12,20190,,,,,,,,,,,,,,,,,,,,,,,,,,,,,,,,,,,,,,,,,,,,,,,,,,,,,
180857,20-Jun-19,1:01:04,2019-06-20 01:01:04,G,4,2,825,388,0,4,-62.5515,-60.8739,6/20/2019 5:26,NP,-62.4203,-60.8816,,,0.3,-0.4,,,,15,12,20836,,,,17,12762,,,,32,32235,,,,24,14653,,,,,,,,,,,,,,,,,,,,,,,,,,,,,,,,,,,,,,,,,,,,,,,,,,,,,,,,,,
180857,20-Jun-19,2:51:26,2019-06-20 02:51:26,G,6,2,826,391,0,5,-62.507,-60.9043,51:27.1,FastGPS,-62.507,-60.9043,,,6.2,-0.9,,,,15,31,32293,,,,12,1044,,,,25,23060,,,,29,18920,,,,23,6386,,,,,,,,,,,,,,,,,,,,,,,,,,,,,,,,,,,,,,,,,,,,,,,,,,,,,
180857,20-Jun-19,4:09:51,2019-06-20 04:09:51,G,4,2,827,392,0,6,-62.5373,-60.8852,09:53.6,FastGPS,-62.5373,-60.8852,,,8.4,0.6,,,,15,31,16597,,,,29,10489,,,,2,17714,,,,25,456,,,,5,21528,,,,26,119,,,,,,,,,,,,,,,,,,,,,,,,,,,,,,,,,,,,,,,,,,,,,,,,
180857,20-Jun-19,5:10:17,2019-06-20 05:10:17,G,8,2,828,392,0,4,-62.4203,-60.8816,01:05.6,FastGPS,-62.5483,-60.8791,,,0.8,-0.6,,,,15,5,11770,,,,31,4429,,,,26,14808,,,,29,29072,,,,,,,,,,,,,,,,,,,,,,,,,,,,,,,,,,,,,,,,,,,,,,,,,,,,,,,,,,
180857,20-Jun-19,6:10:02,2019-06-20 06:10:02,G,8,2,829,392,0,6,-62.5527,-60.8705,10:04.0,FastGPS,-62.5527,-60.8705,,1,4.8,0,,,,15,5,11178,,,,29,28188,,,,16,27419,,,,26,31665,,,,7,14998,,,,4,1052,,,,,,,,,,,,,,,,,,,,,,,,,,,,,,,,,,,,,,,,,,,,,,,,
180857,20-Jun-19,7:10:01,2019-06-20 07:10:01,G,10,2,830,,0,9,-62.5596,-60.8598,10:02.1,FastGPS,-62.5596,-60.8598,,,13.1,-0.9,,,,15,7,7165,,,,27,13557,,,,15,9748,,,,13,18861,,,,16,23692,,,,29,885,,,,5,29287,,,,21,22702,,,,26,3634,,,,,,,,,,,,,,,,,,,,,,,,,,,,,,,,,
180857,20-Jun-19,8:10:01,2019-06-20 08:10:01,G,8,2,831,392,0,7,-62.5652,-60.8436,10:03.5,FastGPS,-62.5652,-60.8436,,,3.9,0.5,,,,15,21,4301,,,,27,3368,,,,8,28720,,,,15,17195,,,,7,7408,,,,10,4124,,,,13,5714,,,,,,,,,,,,,,,,,,,,,,,,,,,,,,,,,,,,,,,,,,,
180857,20-Jun-19,9:13:45,2019-06-20 09:13:45,G,8,2,832,,0,11,-62.4203,-60.8816,01:05.6,FastGPS,-62.5706,-60.8362,,7,0.9,-0.5,,,,15,20,18012,,,,18,7385,,,,8,8914,,,,27,31351,,,,10,30422,,,,11,8332,,,,21,11673,,,,15,18897,,,,32,18100,,,,28,29204,,,,14,29616,,,,,,,,,,,,,,,,,,,,,,,
180857,20-Jun-19,10:16:17,2019-06-20 10:16:17,G,8,2,833,392,0,7,-62.5736,-60.834,16:19.1,FastGPS,-62.5736,-60.834,,,4.2,0.1,,,,15,10,30703,,,,20,10028,,,,11,368,,,,8,9290,,,,18,24148,,,,1,21174,,,,15,29387,,,,,,,,,,,,,,,,,,,,,,,,,,,,,,,,,,,,,,,,,,,
180857,20-Jun-19,11:37:03,2019-06-20 11:37:03,G,4,2,834,,0,9,-62.5669,-60.844,37:05.1,FastGPS,-62.5669,-60.844,,,13.1,0.1,,,,15,17,19438,,,,32,17093,,,,14,1643,,,,1,902,,,,11,26226,,,,22,23577,,,,10,29090,,,,8,1573,,,,18,8666,,,,,,,,,,,,,,,,,,,,,,,,,,,,,,,,,
180857,20-Jun-19,12:53:02,2019-06-20 12:53:02,G,2,2,835,,0,9,-62.5549,-60.8702,53:04.1,FastGPS,-62.5549,-60.8702,,,8.5,0.1,,,,15,17,3597,,,,3,16063,,,,32,31593,,,,11,23650,,,,12,29788,,,,19,5078,,,,31,7164,,,,22,28055,,,,18,647,,,,,,,,,,,,,,,,,,,,,,,,,,,,,,,,,
180857,20-Jun-19,14:56:40,2019-06-20 14:56:40,G,2,2,837,394,0,8,-62.5745,-60.8412,56:42.1,FastGPS,-62.5745,-60.8412,,,13.6,0.1,,,,15,6,31332,,,,23,12216,,,,2,26153,,,,25,32580,,,,3,24017,,,,22,22219,,,,19,20089,,,,31,13301,,,,,,,,,,,,,,,,,,,,,,,,,,,,,,,,,,,,,,
180857,20-Jun-19,15:56:00,2019-06-20 15:56:00,G,4,2,838,,0,9,-62.5856,-60.8455,56:01.6,FastGPS,-62.5856,-60.8455,,1,12.5,-0.4,,,,15,23,25665,,,,2,1060,,,,6,23929,,,,26,8401,,,,3,32197,,,,9,11216,,,,29,1060,,,,16,3668,,,,4,26827,,,,,,,,,,,,,,,,,,,,,,,,,,,,,,,,,
180857,20-Jun-19,17:13:38,2019-06-20 17:13:38,G,2,2,839,395,0,6,-62.5881,-60.8834,13:40.1,FastGPS,-62.5881,-60.8834,,1,3.6,0.1,,,,15,2,20353,,,,29,5381,,,,4,4150,,,,9,23514,,,,5,7457,,,,7,21814,,,,,,,,,,,,,,,,,,,,,,,,,,,,,,,,,,,,,,,,,,,,,,,,
180857,20-Jun-19,18:14:58,2019-06-20 18:14:58,G,10,2,840,395,0,6,-62.587,-60.9046,14:59.6,FastGPS,-62.587,-60.9046,,1,5.2,-0.4,,,,15,7,18511,,,,30,4084,,,,9,32113,,,,5,21084,,,,4,24040,,,,16,19776,,,,,,,,,,,,,,,,,,,,,,,,,,,,,,,,,,,,,,,,,,,,,,,,
180857,20-Jun-19,19:17:17,2019-06-20 19:17:17,G,12,2,841,395,0,6,-62.5857,-60.9198,17:18.0,FastGPS,-62.5857,-60.9198,,1,13.7,-1,,,,15,30,19066,,,,9,24856,,,,4,30014,,,,13,21626,,,,7,1829,,,,5,13059,,,,,,,,,,,,,,,,,,,,,,,,,,,,,,,,,,,,,,,,,,,,,,,,
180857,20-Jun-19,20:18:20,2019-06-20 20:18:20,G,2,2,842,395,0,8,-62.5861,-60.9081,18:21.1,FastGPS,-62.5861,-60.9081,,1,12.2,-0.9,,,,15,30,26345,,,,13,24178,,,,15,21004,,,,4,19850,,,,5,11350,,,,28,32658,,,,7,332,,,,27,30843,,,,,,,,,,,,,,,,,,,,,,,,,,,,,,,,,,,,,,
180857,20-Jun-19,21:52:19,2019-06-20 21:52:19,G,2,2,843,397,0,8,-62.567,-60.9237,52:20.1,FastGPS,-62.567,-60.9237,,,6,-0.9,,,,15,28,17143,,,,13,13776,,,,17,9889,,,,19,7292,,,,15,14635,,,,18,2787,,,,11,28586,,,,30,9394,,,,,,,,,,,,,,,,,,,,,,,,,,,,,,,,,,,,,,
180857,20-Jun-19,22:55:05,2019-06-20 22:55:05,G,4,2,844,397,0,8,-62.5591,-60.8985,55:06.6,FastGPS,-62.5591,-60.8985,,,8.7,-0.4,,,,15,24,11283,,,,28,9996,,,,15,2439,,,,11,30254,,,,18,6030,,,,10,18840,,,,1,4334,,,,17,30230,,,,,,,,,,,,,,,,,,,,,,,,,,,,,,,,,,,,,,
180857,21-Jun-19,2:11:07,2019-06-21 02:11:07,G,6,2,847,398,0,8,-62.5774,-60.8373,11:08.1,FastGPS,-62.5774,-60.8373,,,5.4,-0.9,,,,15,25,20694,,,,12,18584,,,,6,1193,,,,19,3076,,,,2,27032,,,,3,7602,,,,29,23715,,,,31,25913,,,,,,,,,,,,,,,,,,,,,,,,,,,,,,,,,,,,,,
180857,21-Jun-19,3:12:00,2019-06-21 03:12:00,G,2,2,848,398,0,5,-62.579,-60.8492,12:02.6,FastGPS,-62.579,-60.8492,,,11.4,0.6,,,,15,25,1455,,,,2,22540,,,,12,32634,,,,6,4538,,,,29,2725,,,,,,,,,,,,,,,,,,,,,,,,,,,,,,,,,,,,,,,,,,,,,,,,,,,,,
180857,21-Jun-19,4:12:02,2019-06-21 04:12:02,G,2,2,849,398,0,7,-62.5683,-60.8444,12:03.6,FastGPS,-62.5683,-60.8444,,,5.1,-0.4,,,,15,31,15664,,,,2,3710,,,,5,14460,,,,26,178,,,,23,21118,,,,29,21994,,,,25,24313,,,,,,,,,,,,,,,,,,,,,,,,,,,,,,,,,,,,,,,,,,,
180857,21-Jun-19,5:13:43,2019-06-21 05:13:43,G,2,2,850,398,0,8,-62.564,-60.8426,13:44.6,FastGPS,-62.564,-60.8426,,1,22,-0.4,,,,15,26,3770,,,,5,19485,,,,16,27394,,,,29,21402,,,,2,27746,,,,31,13032,,,,4,17273,,,,21,17588,,,,,,,,,,,,,,,,,,,,,,,,,,,,,,,,,,,,,,
180857,21-Jun-19,6:14:35,2019-06-21 06:14:35,G,4,2,851,398,0,6,-62.5574,-60.8313,14:36.6,FastGPS,-62.5574,-60.8313,,,6,-0.4,,,,15,21,2329,,,,5,23248,,,,29,30811,,,,26,26118,,,,20,28085,,,,16,16070,,,,,,,,,,,,,,,,,,,,,,,,,,,,,,,,,,,,,,,,,,,,,,,,
180857,21-Jun-19,7:14:01,2019-06-21 07:14:01,G,6,2,852,398,0,8,-62.5572,-60.837,14:02.1,FastGPS,-62.5572,-60.837,,,16.1,-0.9,,,,15,27,2084,,,,16,11484,,,,7,31468,,,,21,12116,,,,13,25963,,,,15,25810,,,,26,821,,,,8,1616,,,,,,,,,,,,,,,,,,,,,,,,,,,,,,,,,,,,,,
180857,21-Jun-19,8:16:19,2019-06-21 08:16:19,G,2,2,853,398,0,7,-62.5571,-60.8509,16:21.6,FastGPS,-62.5571,-60.8509,,,6.4,0.6,,,,15,27,13650,,,,10,1506,,,,20,3632,,,,15,17512,,,,21,30030,,,,16,19767,,,,13,20660,,,,,,,,,,,,,,,,,,,,,,,,,,,,,,,,,,,,,,,,,,,
180857,21-Jun-19,9:16:01,2019-06-21 09:16:01,G,2,2,854,,0,9,-62.5578,-60.8357,16:02.6,FastGPS,-62.5578,-60.8357,,,15.1,-0.4,,,,15,18,8332,,,,10,12017,,,,11,9876,,,,27,32317,,,,8,30051,,,,15,14951,,,,20,15688,,,,32,26180,,,,16,13875,,,,,,,,,,,,,,,,,,,,,,,,,,,,,,,,,
180857,21-Jun-19,10:32:36,2019-06-21 10:32:36,G,2,2,855,,0,9,-62.5466,-60.8365,32:37.1,FastGPS,-62.5466,-60.8365,,,10.1,-0.9,,,,15,11,4665,,,,18,25734,,,,1,23180,,,,10,32685,,,,20,14389,,,,32,31593,,,,8,26257,,,,14,26358,,,,22,7187,,,,,,,,,,,,,,,,,,,,,,,,,,,,,,,,,
180857,21-Jun-19,11:32:00,2019-06-21 11:32:00,G,2,2,856,398,0,8,-62.5489,-60.8233,32:02.1,FastGPS,-62.5489,-60.8233,,,5.8,0.1,,,,15,8,15231,,,,32,26136,,,,18,17811,,,,17,23851,,,,14,8526,,,,22,28638,,,,11,2541,,,,1,7728,,,,,,,,,,,,,,,,,,,,,,,,,,,,,,,,,,,,,,
180857,21-Jun-19,12:32:00,2019-06-21 12:32:00,G,4,2,857,,1,9,-62.5451,-60.8314,32:02.6,FastGPS,-62.5451,-60.8314,,,9,0.6,,,,15,3,8185,,,,32,26379,,,,11,11892,,,,14,8161,,,,31,19329,,,,1,19285,,,,18,23346,,,,22,14487,,,,12,510,,,,,,,,,,,,,,,,,,,,,,,,,,,,,,,,,
180857,21-Jun-19,17:03:00,2019-06-21 17:03:00,G,2,2,861,400,0,6,-62.5466,-60.8391,03:01.1,FastGPS,-62.5466,-60.8391,,1,0.5,-0.9,,,,15,7,27196,,,,9,20796,,,,16,11080,,,,23,32430,,,,4,21874,,,,26,28237,,,,,,,,,,,,,,,,,,,,,,,,,,,,,,,,,,,,,,,,,,,,,,,,
180857,21-Jun-19,18:03:00,2019-06-21 18:03:00,G,4,2,862,400,0,7,-62.5394,-60.8488,03:02.1,FastGPS,-62.5394,-60.8488,,1,6.8,0.1,,,,15,5,15167,,,,7,26649,,,,30,22694,,,,9,58,,,,4,11800,,,,23,3528,,,,26,11526,,,,,,,,,,,,,,,,,,,,,,,,,,,,,,,,,,,,,,,,,,,
180857,21-Jun-19,19:18:00,2019-06-21 19:18:00,G,2,2,863,,0,9,-62.5368,-60.8534,18:02.1,FastGPS,-62.5368,-60.8534,,1,4.3,0.1,,,,15,5,18631,,,,13,17956,,,,30,257,,,,15,6991,,,,4,25010,,,,28,24630,,,,21,29143,,,,7,812,,,,9,15548,,,,,,,,,,,,,,,,,,,,,,,,,,,,,,,,,
180857,21-Jun-19,21:59:01,2019-06-21 21:59:01,G,8,2,864,,0,9,-62.5384,-60.8819,59:03.6,FastGPS,-62.5384,-60.8819,,,12.7,0.6,,,,15,17,16813,,,,15,7040,,,,28,26462,,,,13,10042,,,,20,32252,,,,10,4132,,,,30,18643,,,,19,14420,,,,24,28693,,,,,,,,,,,,,,,,,,,,,,,,,,,,,,,,,
180857,21-Jun-19,22:59:20,2019-06-21 22:59:20,G,8,2,865,403,0,6,-62.503,-60.8385,59:22.1,FastGPS,-62.503,-60.8385,,,9.4,0.1,,,,15,19,25493,,,,17,24783,,,,15,23182,,,,12,29470,,,,13,21276,,,,24,10609,,,,,,,,,,,,,,,,,,,,,,,,,,,,,,,,,,,,,,,,,,,,,,,,
180857,21-Jun-19,23:59:00,2019-06-21 23:59:00,G,4,2,866,,1,9,-62.4834,-60.8079,59:02.1,FastGPS,-62.4834,-60.8079,,,4.3,0.1,,,,15,1,3406,,,,10,24983,,,,12,4259,,,,14,22726,,,,17,353,,,,32,31136,,,,25,11135,,,,24,245,,,,15,31378,,,,,,,,,,,,,,,,,,,,,,,,,,,,,,,,,
180857,22-Jun-19,14:45:00,2019-06-22 14:45:00,G,8,2,867,403,0,4,-62.4839,-60.8061,6/22/2019 6:43,NP,-62.4837,-60.8114,,,0.9,0.1,,,,15,3,2989,,,,31,23325,,,,23,10623,,,,22,7880,,,,,,,,,,,,,,,,,,,,,,,,,,,,,,,,,,,,,,,,,,,,,,,,,,,,,,,,,,
180857,22-Jun-19,17:07:31,2019-06-22 17:07:31,G,4,2,869,,0,9,-62.4874,-60.8266,07:33.6,FastGPS,-62.4874,-60.8266,,1,11.2,0.6,,,,15,7,29172,,,,29,1558,,,,9,22936,,,,4,7223,,,,5,14946,,,,2,15578,,,,26,16026,,,,30,12938,,,,16,23517,,,,,,,,,,,,,,,,,,,,,,,,,,,,,,,,,
180857,22-Jun-19,18:27:49,2019-06-22 18:27:49,G,6,2,870,405,0,6,-62.4888,-60.8299,27:50.1,FastGPS,-62.4888,-60.8299,,1,3.4,-0.9,,,,15,5,28492,,,,7,22450,,,,9,7536,,,,30,5104,,,,4,31262,,,,13,29516,,,,,,,,,,,,,,,,,,,,,,,,,,,,,,,,,,,,,,,,,,,,,,,,
180857,22-Jun-19,20:38:18,2019-06-22 20:38:18,G,4,2,871,409,0,6,-62.4801,-60.8232,38:20.2,FastGPS,-62.4801,-60.8232,,,1.5,0.2,,,,15,15,12186,,,,7,31304,,,,30,16544,,,,13,22512,,,,28,19314,,,,11,3254,,,,,,,,,,,,,,,,,,,,,,,,,,,,,,,,,,,,,,,,,,,,,,,,
180857,22-Jun-19,21:38:11,2019-06-22 21:38:11,G,2,2,872,,0,9,-62.4579,-60.8286,38:13.6,FastGPS,-62.4579,-60.8286,,,13.2,0.6,,,,15,15,32134,,,,17,3799,,,,30,25171,,,,13,15752,,,,28,11162,,,,11,13446,,,,1,3772,,,,24,23249,,,,18,13620,,,,,,,,,,,,,,,,,,,,,,,,,,,,,,,,,
180857,22-Jun-19,23:38:00,2019-06-22 23:38:00,G,8,2,874,409,1,5,-62.4834,-60.8083,38:01.1,FastGPS,-62.4834,-60.8083,,,2.9,-0.9,,,,15,12,23779,,,,15,19296,,,,10,31181,,,,32,23111,,,,24,4727,,,,,,,,,,,,,,,,,,,,,,,,,,,,,,,,,,,,,,,,,,,,,,,,,,,,,
180857,23-Jun-19,0:38:00,2019-06-23 00:38:00,G,2,2,875,409,1,4,-62.4837,-60.8114,45:02.1,FastGPS,-62.4834,-60.8076,,,0.5,0.1,,,,15,32,4416,,,,25,15553,,,,12,11261,,,,14,32034,,,,,,,,,,,,,,,,,,,,,,,,,,,,,,,,,,,,,,,,,,,,,,,,,,,,,,,,,,
180857,23-Jun-19,2:08:00,2019-06-23 02:08:00,G,8,2,876,411,1,6,-62.4836,-60.8082,08:02.2,FastGPS,-62.4836,-60.8082,,,1.5,0.2,,,,15,31,24127,,,,32,18968,,,,29,24455,,,,25,9815,,,,14,9225,,,,3,8741,,,,,,,,,,,,,,,,,,,,,,,,,,,,,,,,,,,,,,,,,,,,,,,,
180857,23-Jun-19,17:43:53,2019-06-23 17:43:53,G,2,2,877,413,0,7,-62.4873,-60.8308,43:55.7,FastGPS,-62.4873,-60.8308,,1,4.6,0.7,,,,15,7,2827,,,,5,5797,,,,9,12835,,,,4,5982,,,,2,28285,,,,16,19822,,,,30,2602,,,,,,,,,,,,,,,,,,,,,,,,,,,,,,,,,,,,,,,,,,,
180857,23-Jun-19,18:45:58,2019-06-23 18:45:58,G,2,2,878,413,0,5,-62.4848,-60.812,6/23/2019 3:54,MA,-62.4984,-60.8473,,1,0.2,-0.8,,,,15,5,7362,,,,7,27627,,,,30,15581,,,,4,9910,,,,9,23154,,,,,,,,,,,,,,,,,,,,,,,,,,,,,,,,,,,,,,,,,,,,,,,,,,,,,
180857,23-Jun-19,19:51:05,2019-06-23 19:51:05,G,4,2,879,413,0,7,-62.4658,-60.8641,51:07.2,FastGPS,-62.4658,-60.8641,,,6.6,0.2,,,,15,7,10616,,,,30,32165,,,,5,10533,,,,8,25122,,,,27,6049,,,,28,17184,,,,13,3426,,,,,,,,,,,,,,,,,,,,,,,,,,,,,,,,,,,,,,,,,,,
180857,23-Jun-19,20:52:22,2019-06-23 20:52:22,G,4,2,880,413,0,5,-62.4311,-60.9238,52:24.7,FastGPS,-62.4311,-60.9238,,,0.9,0.7,,,,15,30,156,,,,15,6162,,,,28,998,,,,13,4672,,,,8,13869,,,,,,,,,,,,,,,,,,,,,,,,,,,,,,,,,,,,,,,,,,,,,,,,,,,,,
180857,23-Jun-19,22:56:09,2019-06-23 22:56:09,G,2,2,882,413,0,8,-62.4085,-60.9743,56:10.2,FastGPS,-62.4085,-60.9743,,,6,-0.8,,,,15,12,21900,,,,28,287,,,,15,11714,,,,17,2185,,,,18,29822,,,,19,9510,,,,10,11898,,,,1,23372,,,,,,,,,,,,,,,,,,,,,,,,,,,,,,,,,,,,,,
180857,24-Jun-19,0:17:33,2019-06-24 00:17:33,G,4,2,883,413,0,7,-62.4247,-60.9397,17:35.2,FastGPS,-62.4247,-60.9397,,,9.3,0.2,,,,15,12,10946,,,,24,12183,,,,32,20476,,,,19,11108,,,,22,32698,,,,6,10701,,,,1,16906,,,,,,,,,,,,,,,,,,,,,,,,,,,,,,,,,,,,,,,,,,,
180857,24-Jun-19,2:51:07,2019-06-24 02:51:07,G,6,2,884,413,0,6,-62.4547,-60.8788,51:09.2,FastGPS,-62.4547,-60.8788,,,13,0.2,,,,15,2,24875,,,,12,26774,,,,25,1920,,,,29,9912,,,,31,10228,,,,6,84,,,,,,,,,,,,,,,,,,,,,,,,,,,,,,,,,,,,,,,,,,,,,,,,
180857,24-Jun-19,4:51:36,2019-06-24 04:51:36,G,12,2,885,414,0,8,-62.4901,-60.8365,51:38.2,FastGPS,-62.4901,-60.8365,,1,5.8,0.2,,,,15,29,19028,,,,5,29245,,,,26,28230,,,,31,31340,,,,21,16535,,,,2,25999,,,,4,21474,,,,16,267,,,,,,,,,,,,,,,,,,,,,,,,,,,,,,,,,,,,,,
180857,24-Jun-19,5:51:02,2019-06-24 05:51:02,G,8,2,886,414,0,5,-62.5502,-60.8345,31:04.7,FastGPS,-62.5015,-60.8314,,1,1.2,0.7,,,,15,21,21784,,,,26,19138,,,,16,7243,,,,4,24541,,,,29,24664,,,,,,,,,,,,,,,,,,,,,,,,,,,,,,,,,,,,,,,,,,,,,,,,,,,,,
180857,24-Jun-19,6:51:02,2019-06-24 06:51:02,G,6,2,887,414,0,6,-62.5101,-60.8406,51:04.7,FastGPS,-62.5101,-60.8406,,,12.8,0.7,,,,15,16,11213,,,,26,31530,,,,20,13987,,,,27,23338,,,,7,25201,,,,21,9802,,,,,,,,,,,,,,,,,,,,,,,,,,,,,,,,,,,,,,,,,,,,,,,,
180857,24-Jun-19,8:08:03,2019-06-24 08:08:03,G,8,2,888,415,0,6,-62.5309,-60.8425,08:05.7,FastGPS,-62.5309,-60.8425,,,8.5,0.7,,,,15,15,22251,,,,10,18098,,,,20,9529,,,,21,20116,,,,27,22246,,,,26,28829,,,,,,,,,,,,,,,,,,,,,,,,,,,,,,,,,,,,,,,,,,,,,,,,
180857,24-Jun-19,9:09:43,2019-06-24 09:09:43,G,12,2,889,415,0,8,-62.5432,-60.8576,09:45.2,FastGPS,-62.5432,-60.8576,,,9,0.2,,,,15,27,13538,,,,10,5713,,,,8,30095,,,,20,26994,,,,11,23754,,,,18,21607,,,,28,24616,,,,13,18684,,,,,,,,,,,,,,,,,,,,,,,,,,,,,,,,,,,,,,
180857,24-Jun-19,10:10:00,2019-06-24 10:10:00,G,14,2,890,415,0,7,-62.5647,-60.8437,10:02.2,FastGPS,-62.5647,-60.8437,,,3.9,0.2,,,,15,10,15295,,,,11,1516,,,,18,23899,,,,1,4201,,,,27,3876,,,,8,2359,,,,32,20112,,,,,,,,,,,,,,,,,,,,,,,,,,,,,,,,,,,,,,,,,,,
180857,24-Jun-19,12:29:03,2019-06-24 12:29:03,G,4,2,892,,0,9,-62.5864,-60.8377,29:05.7,FastGPS,-62.5864,-60.8377,,,6.1,0.7,,,,15,1,9800,,,,22,23703,,,,3,31290,,,,11,16968,,,,18,27565,,,,14,27017,,,,19,23784,,,,23,28727,,,,31,17994,,,,,,,,,,,,,,,,,,,,,,,,,,,,,,,,,
180857,24-Jun-19,14:58:30,2019-06-24 14:58:30,G,6,2,893,419,0,6,-62.5703,-60.8323,58:31.7,FastGPS,-62.5703,-60.8323,,,12.3,-0.3,,,,15,26,1548,,,,31,30905,,,,22,13049,,,,6,24725,,,,3,10745,,,,25,28436,,,,,,,,,,,,,,,,,,,,,,,,,,,,,,,,,,,,,,,,,,,,,,,,
180857,24-Jun-19,19:31:03,2019-06-24 19:31:03,G,8,2,897,421,0,8,-62.5502,-60.8345,31:04.7,FastGPS,-62.5502,-60.8345,,1,3.2,-0.3,,,,15,30,29082,,,,7,19019,,,,27,6756,,,,5,2674,,,,8,15296,,,,13,5228,,,,28,21411,,,,4,23603,,,,,,,,,,,,,,,,,,,,,,,,,,,,,,,,,,,,,,
180857,24-Jun-19,21:53:00,2019-06-24 21:53:00,G,10,2,899,,0,9,-62.5425,-60.8568,53:01.2,FastGPS,-62.5425,-60.8568,,,8.7,-0.8,,,,15,15,27576,,,,28,5159,,,,11,10981,,,,10,2568,,,,18,3438,,,,13,14189,,,,20,15848,,,,30,14197,,,,24,9419,,,,,,,,,,,,,,,,,,,,,,,,,,,,,,,,,
180857,24-Jun-19,22:55:07,2019-06-24 22:55:07,G,6,2,900,,0,9,-62.5296,-60.8699,55:08.2,FastGPS,-62.5296,-60.8699,,,9.7,-0.8,,,,15,17,16970,,,,13,28772,,,,15,11624,,,,19,27696,,,,28,31374,,,,1,3238,,,,24,9749,,,,12,11778,,,,10,17460,,,,,,,,,,,,,,,,,,,,,,,,,,,,,,,,,
180857,24-Jun-19,23:55:01,2019-06-24 23:55:01,G,10,2,901,422,0,6,-62.5239,-60.862,55:02.2,FastGPS,-62.5239,-60.862,,,4.5,-0.8,,,,15,17,801,,,,12,14016,,,,6,26218,,,,19,12802,,,,32,5040,,,,24,14965,,,,,,,,,,,,,,,,,,,,,,,,,,,,,,,,,,,,,,,,,,,,,,,,
180857,25-Jun-19,0:55:00,2019-06-25 00:55:00,G,10,2,902,422,0,8,-62.5227,-60.8613,55:02.2,FastGPS,-62.5227,-60.8613,,,13.1,0.2,,,,15,32,7277,,,,12,16471,,,,25,9848,,,,6,29245,,,,19,21486,,,,17,26778,,,,14,16845,,,,2,17170,,,,,,,,,,,,,,,,,,,,,,,,,,,,,,,,,,,,,,
180857,25-Jun-19,1:55:00,2019-06-25 01:55:00,G,4,2,903,,0,9,-62.522,-60.8537,55:02.2,FastGPS,-62.522,-60.8537,,,13.1,0.2,,,,15,12,22572,,,,29,28342,,,,32,27362,,,,19,5471,,,,25,25332,,,,14,11315,,,,31,31607,,,,24,12241,,,,6,4530,,,,,,,,,,,,,,,,,,,,,,,,,,,,,,,,,
180857,25-Jun-19,3:11:01,2019-06-25 03:11:01,G,2,2,904,423,0,7,-62.5218,-60.8531,11:02.2,FastGPS,-62.5218,-60.8531,,,9.1,-0.8,,,,15,31,7923,,,,29,2468,,,,25,19709,,,,2,1360,,,,12,5386,,,,5,5435,,,,6,2268,,,,,,,,,,,,,,,,,,,,,,,,,,,,,,,,,,,,,,,,,,,
180857,25-Jun-19,6:28:00,2019-06-25 06:28:00,G,2,2,906,428,0,8,-62.5173,-60.8455,28:02.7,FastGPS,-62.5173,-60.8455,,,15.7,0.7,,,,15,7,28290,,,,27,44,,,,29,5352,,,,16,23826,,,,21,18003,,,,15,9148,,,,20,23866,,,,5,21205,,,,,,,,,,,,,,,,,,,,,,,,,,,,,,,,,,,,,,
180857,25-Jun-19,7:29:36,2019-06-25 07:29:36,G,2,2,907,428,0,8,-62.5203,-60.8549,29:37.2,FastGPS,-62.5203,-60.8549,,,11.3,-0.8,,,,15,27,20190,,,,16,12757,,,,15,19049,,,,13,7524,,,,7,15219,,,,30,18762,,,,21,19495,,,,10,18229,,,,,,,,,,,,,,,,,,,,,,,,,,,,,,,,,,,,,,
180857,25-Jun-19,8:44:00,2019-06-25 08:44:00,G,2,2,908,429,0,8,-62.5258,-60.8382,44:02.7,FastGPS,-62.5258,-60.8382,,,13.9,0.7,,,,15,8,12230,,,,15,27933,,,,10,12363,,,,27,5,,,,18,28715,,,,21,17290,,,,20,25026,,,,30,15971,,,,,,,,,,,,,,,,,,,,,,,,,,,,,,,,,,,,,,
180857,25-Jun-19,11:19:02,2019-06-25 11:19:02,G,6,2,909,,0,9,-62.5212,-60.8354,19:03.2,FastGPS,-62.5212,-60.8354,,,9.5,-0.8,,,,15,1,14772,,,,22,6497,,,,11,2038,,,,17,3280,,,,32,25944,,,,18,17040,,,,24,28981,,,,14,16032,,,,28,14409,,,,,,,,,,,,,,,,,,,,,,,,,,,,,,,,,
180857,25-Jun-19,12:34:00,2019-06-25 12:34:00,G,4,2,910,,0,9,-62.5217,-60.8475,34:02.2,FastGPS,-62.5217,-60.8475,,,12,0.2,,,,15,17,11551,,,,31,20599,,,,3,26216,,,,18,4706,,,,32,710,,,,22,3944,,,,1,4010,,,,19,16517,,,,14,15896,,,,,,,,,,,,,,,,,,,,,,,,,,,,,,,,,
180857,25-Jun-19,14:22:07,2019-06-25 14:22:07,G,2,2,911,,0,9,-62.5335,-60.849,22:09.7,FastGPS,-62.5335,-60.849,,1,12.4,0.7,,,,15,23,13690,,,,31,32601,,,,3,13483,,,,17,18151,,,,6,27141,,,,9,8918,,,,19,21848,,,,22,5382,,,,4,23687,,,,,,,,,,,,,,,,,,,,,,,,,,,,,,,,,
180857,25-Jun-19,16:42:01,2019-06-25 16:42:01,G,4,2,913,440,0,8,-62.561,-60.8338,42:02.2,FastGPS,-62.561,-60.8338,,1,5.2,-0.8,,,,15,7,18811,,,,29,21776,,,,5,28878,,,,23,24089,,,,9,30612,,,,2,13934,,,,4,22876,,,,6,10622,,,,,,,,,,,,,,,,,,,,,,,,,,,,,,,,,,,,,,
180857,25-Jun-19,17:59:56,2019-06-25 17:59:56,G,2,2,914,441,0,6,-62.5672,-60.8318,59:57.7,FastGPS,-62.5672,-60.8319,,,3.5,-0.3,,,,15,5,7966,,,,30,29222,,,,7,29688,,,,9,26273,,,,16,15921,,,,27,31078,,,,,,,,,,,,,,,,,,,,,,,,,,,,,,,,,,,,,,,,,,,,,,,,
180857,25-Jun-19,19:17:00,2019-06-25 19:17:00,G,8,2,915,442,0,6,-62.5737,-60.8308,17:01.2,FastGPS,-62.5737,-60.8308,,,8.7,-0.8,,,,15,5,13465,,,,21,23582,,,,7,8887,,,,27,803,,,,30,22062,,,,28,25518,,,,,,,,,,,,,,,,,,,,,,,,,,,,,,,,,,,,,,,,,,,,,,,,
180857,25-Jun-19,20:36:23,2019-06-25 20:36:23,G,10,2,916,443,0,6,-62.5559,-60.8518,36:24.3,FastGPS,-62.5559,-60.8518,,,10.9,-0.7,,,,15,28,3889,,,,5,3493,,,,30,12162,,,,13,21624,,,,15,3659,,,,8,15577,,,,,,,,,,,,,,,,,,,,,,,,,,,,,,,,,,,,,,,,,,,,,,,,
180857,25-Jun-19,21:36:09,2019-06-25 21:36:09,G,8,2,917,443,0,4,-62.6089,-60.967,47:00.3,FastGPS,-62.5307,-60.9019,,,0.4,-0.3,,,,15,13,16961,,,,17,9172,,,,28,25782,,,,15,29107,,,,,,,,,,,,,,,,,,,,,,,,,,,,,,,,,,,,,,,,,,,,,,,,,,,,,,,,,,
180857,25-Jun-19,22:36:39,2019-06-25 22:36:39,G,14,2,918,,0,9,-62.5043,-60.9796,36:40.2,FastGPS,-62.5043,-60.9796,,,11.3,-0.8,,,,15,15,6908,,,,13,15712,,,,10,25180,,,,24,25488,,,,17,10294,,,,12,2008,,,,19,5012,,,,28,11212,,,,20,2280,,,,,,,,,,,,,,,,,,,,,,,,,,,,,,,,,
180857,25-Jun-19,23:36:04,2019-06-25 23:36:04,G,10,2,919,443,0,6,-62.4947,-61.0586,36:05.7,FastGPS,-62.4947,-61.0586,,,7.4,-0.3,,,,15,17,11054,,,,12,17568,,,,24,32661,,,,19,27820,,,,15,29548,,,,1,18058,,,,,,,,,,,,,,,,,,,,,,,,,,,,,,,,,,,,,,,,,,,,,,,,
180857,26-Jun-19,0:36:38,2019-06-26 00:36:38,G,14,2,920,443,0,7,-62.496,-61.1012,36:40.7,FastGPS,-62.496,-61.1012,,,17.2,0.7,,,,15,32,10471,,,,17,22873,,,,24,22825,,,,12,30520,,,,25,24471,,,,14,24757,,,,3,10675,,,,,,,,,,,,,,,,,,,,,,,,,,,,,,,,,,,,,,,,,,,
180857,26-Jun-19,2:11:11,2019-06-26 02:11:11,G,4,2,921,444,0,5,-62.5183,-61.1217,11:13.1,FastGPS,-62.5183,-61.1217,,,5.6,0.1,,,,15,29,19288,,,,31,13236,,,,25,662,,,,6,10423,,,,12,28785,,,,,,,,,,,,,,,,,,,,,,,,,,,,,,,,,,,,,,,,,,,,,,,,,,,,,
180857,26-Jun-19,3:15:10,2019-06-26 03:15:10,G,6,2,922,444,0,7,-62.5615,-61.1228,15:11.7,FastGPS,-62.5615,-61.1228,,,6.5,-0.3,,,,15,29,5465,,,,12,23227,,,,25,28653,,,,31,32648,,,,23,22329,,,,2,4713,,,,26,10104,,,,,,,,,,,,,,,,,,,,,,,,,,,,,,,,,,,,,,,,,,,
180857,26-Jun-19,4:51:53,2019-06-26 04:51:53,G,8,2,923,444,0,8,-62.607,-61.0453,51:54.3,FastGPS,-62.607,-61.0453,,1,9,-0.7,,,,15,29,15546,,,,5,10183,,,,26,26800,,,,9,522,,,,16,15993,,,,21,1864,,,,25,32126,,,,4,8164,,,,,,,,,,,,,,,,,,,,,,,,,,,,,,,,,,,,,,
180857,26-Jun-19,5:53:19,2019-06-26 05:53:19,G,6,2,924,444,0,5,-62.6187,-60.9825,53:21.8,FastGPS,-62.6187,-60.9825,,,11.5,0.8,,,,15,16,26166,,,,29,11693,,,,5,3367,,,,26,4664,,,,21,9888,,,,,,,,,,,,,,,,,,,,,,,,,,,,,,,,,,,,,,,,,,,,,,,,,,,,,
180857,26-Jun-19,7:46:59,2019-06-26 07:46:59,G,6,2,925,444,0,5,-62.6089,-60.967,47:00.3,FastGPS,-62.6089,-60.967,,,6,-0.7,,,,15,15,30570,,,,27,18887,,,,21,12655,,,,8,13050,,,,16,2283,,,,,,,,,,,,,,,,,,,,,,,,,,,,,,,,,,,,,,,,,,,,,,,,,,,,,
180857,26-Jun-19,8:47:02,2019-06-26 08:47:02,G,4,2,926,444,0,6,-62.6102,-60.9618,47:03.7,FastGPS,-62.6102,-60.9618,,,13.5,-0.3,,,,15,10,25030,,,,27,30677,,,,15,20502,,,,20,18687,,,,21,20198,,,,8,790,,,,,,,,,,,,,,,,,,,,,,,,,,,,,,,,,,,,,,,,,,,,,,,,
180857,26-Jun-19,12:18:18,2019-06-26 12:18:18,G,2,2,929,,0,9,-62.5929,-60.9496,18:19.2,FastGPS,-62.5929,-60.9496,,,8.5,-0.8,,,,15,17,19071,,,,22,7481,,,,1,31823,,,,3,10956,,,,31,28238,,,,32,21990,,,,14,17478,,,,11,11407,,,,18,21961,,,,,,,,,,,,,,,,,,,,,,,,,,,,,,,,,
180857,26-Jun-19,13:19:25,2019-06-26 13:19:25,G,2,2,930,,0,9,-62.5904,-60.919,19:27.2,FastGPS,-62.5904,-60.919,,,6.8,0.2,,,,15,17,23777,,,,3,3712,,,,31,1767,,,,19,2612,,,,12,32613,,,,22,17036,,,,14,26870,,,,1,9456,,,,23,12952,,,,,,,,,,,,,,,,,,,,,,,,,,,,,,,,,
180857,26-Jun-19,16:54:38,2019-06-26 16:54:38,G,2,2,932,451,0,5,-62.6118,-60.954,6/26/2019 9:48,NN,-62.5905,-60.9083,,1,1.3,0,,,,15,7,2612,,,,23,18304,,,,5,26038,,,,9,16982,,,,4,7903,,,,,,,,,,,,,,,,,,,,,,,,,,,,,,,,,,,,,,,,,,,,,,,,,,,,,
180857,26-Jun-19,17:57:51,2019-06-26 17:57:51,G,2,2,933,451,0,6,-62.5915,-60.9034,57:53.3,FastGPS,-62.5915,-60.9034,,1,0.5,0.3,,,,15,7,16853,,,,30,22072,,,,5,31744,,,,4,11793,,,,9,7078,,,,27,24282,,,,,,,,,,,,,,,,,,,,,,,,,,,,,,,,,,,,,,,,,,,,,,,,
180857,26-Jun-19,19:14:49,2019-06-26 19:14:49,G,2,2,934,452,0,8,-62.5897,-60.9086,14:51.7,FastGPS,-62.5897,-60.9086,,1,4.6,0.7,,,,15,7,17889,,,,9,4428,,,,30,4079,,,,4,27908,,,,13,16656,,,,15,20808,,,,27,15320,,,,28,17464,,,,,,,,,,,,,,,,,,,,,,,,,,,,,,,,,,,,,,
180857,26-Jun-19,21:50:26,2019-06-26 21:50:26,G,2,2,936,454,0,8,-62.5528,-60.9179,50:27.2,FastGPS,-62.5528,-60.9179,,,14.7,-0.8,,,,15,28,940,,,,15,32116,,,,17,29374,,,,13,4066,,,,19,30708,,,,18,14813,,,,24,5558,,,,11,16242,,,,,,,,,,,,,,,,,,,,,,,,,,,,,,,,,,,,,,
180857,27-Jun-19,4:15:42,2019-06-27 04:15:42,G,8,2,938,455,0,6,-62.4977,-61.0364,15:44.3,FastGPS,-62.4977,-61.0364,,,8.7,0.3,,,,15,31,26622,,,,5,17123,,,,29,26866,,,,2,24267,,,,9,9432,,,,26,11158,,,,,,,,,,,,,,,,,,,,,,,,,,,,,,,,,,,,,,,,,,,,,,,,
180857,27-Jun-19,5:18:07,2019-06-27 05:18:07,G,6,2,939,455,0,5,-62.5298,-60.9559,18:09.8,FastGPS,-62.5298,-60.9559,,,2.3,0.8,,,,15,5,8712,,,,26,18114,,,,21,17214,,,,29,25692,,,,16,13396,,,,,,,,,,,,,,,,,,,,,,,,,,,,,,,,,,,,,,,,,,,,,,,,,,,,,
180857,27-Jun-19,8:22:28,2019-06-27 08:22:28,G,4,2,941,456,0,7,-62.523,-60.8502,22:30.3,FastGPS,-62.523,-60.8502,,,9.9,0.3,,,,15,15,25288,,,,27,18090,,,,10,2571,,,,20,19178,,,,8,21044,,,,21,25655,,,,16,11018,,,,,,,,,,,,,,,,,,,,,,,,,,,,,,,,,,,,,,,,,,,
180857,27-Jun-19,10:11:00,2019-06-27 10:11:00,G,2,2,942,,0,9,-62.5179,-60.8389,11:02.3,FastGPS,-62.5179,-60.8389,,,11.3,0.3,,,,15,8,28042,,,,18,6286,,,,11,18317,,,,10,31435,,,,32,16494,,,,1,9367,,,,24,1215,,,,20,10122,,,,22,25857,,,,,,,,,,,,,,,,,,,,,,,,,,,,,,,,,
180857,27-Jun-19,11:11:41,2019-06-27 11:11:41,G,2,2,943,,0,9,-62.5178,-60.8392,11:43.8,FastGPS,-62.5178,-60.8392,,,10.9,0.8,,,,15,32,26784,,,,11,2878,,,,18,17789,,,,14,18726,,,,10,24026,,,,8,31877,,,,1,17464,,,,3,7887,,,,22,9752,,,,,,,,,,,,,,,,,,,,,,,,,,,,,,,,,
180857,27-Jun-19,13:28:00,2019-06-27 13:28:00,G,4,2,945,,0,9,-62.5183,-60.8376,28:01.3,FastGPS,-62.5183,-60.8376,,,14,-0.7,,,,15,12,729,,,,31,27887,,,,22,9739,,,,3,22456,,,,19,10223,,,,1,9617,,,,6,12418,,,,23,12490,,,,17,2988,,,,,,,,,,,,,,,,,,,,,,,,,,,,,,,,,
180857,27-Jun-19,14:28:00,2019-06-27 14:28:00,G,2,2,946,460,0,5,-62.5185,-60.8385,28:01.2,FastGPS,-62.5185,-60.8385,,,6.8,-0.8,,,,15,3,1423,,,,22,1019,,,,31,20614,,,,26,13516,,,,9,16803,,,,,,,,,,,,,,,,,,,,,,,,,,,,,,,,,,,,,,,,,,,,,,,,,,,,,
180857,27-Jun-19,15:32:09,2019-06-27 15:32:09,G,6,2,947,,0,9,-62.5243,-60.8403,32:11.3,FastGPS,-62.5243,-60.8403,,1,12.1,0.3,,,,15,31,19033,,,,7,19214,,,,29,32417,,,,9,12645,,,,6,6973,,,,23,8060,,,,4,307,,,,26,5402,,,,2,30978,,,,,,,,,,,,,,,,,,,,,,,,,,,,,,,,,
180857,27-Jun-19,16:33:33,2019-06-27 16:33:33,G,4,2,948,,0,9,-62.518,-60.8447,33:35.8,FastGPS,-62.518,-60.8447,,1,13.2,0.8,,,,15,7,25817,,,,9,6053,,,,23,32419,,,,30,22854,,,,16,22701,,,,6,19798,,,,29,29677,,,,26,20437,,,,4,30402,,,,,,,,,,,,,,,,,,,,,,,,,,,,,,,,,
180857,27-Jun-19,17:33:00,2019-06-27 17:33:00,G,2,2,949,460,0,6,-62.5098,-60.8276,33:02.2,FastGPS,-62.5098,-60.8276,,1,0.3,0.2,,,,15,7,11294,,,,30,23624,,,,9,2604,,,,4,5757,,,,16,13282,,,,23,15492,,,,,,,,,,,,,,,,,,,,,,,,,,,,,,,,,,,,,,,,,,,,,,,,
180857,27-Jun-19,19:07:00,2019-06-27 19:07:00,G,4,2,950,462,0,6,-62.5097,-60.8246,07:02.3,FastGPS,-62.5097,-60.8246,,,17.8,0.3,,,,15,5,4403,,,,7,2250,,,,30,9665,,,,13,8134,,,,8,30627,,,,27,20396,,,,,,,,,,,,,,,,,,,,,,,,,,,,,,,,,,,,,,,,,,,,,,,,
180857,27-Jun-19,20:09:21,2019-06-27 20:09:21,G,4,2,951,462,0,7,-62.5016,-60.8265,09:23.8,FastGPS,-62.5016,-60.8265,,1,2.2,0.8,,,,15,13,3232,,,,7,27930,,,,5,14997,,,,15,5843,,,,28,16381,,,,30,30209,,,,4,7185,,,,,,,,,,,,,,,,,,,,,,,,,,,,,,,,,,,,,,,,,,,
180857,27-Jun-19,21:33:00,2019-06-27 21:33:00,G,2,2,952,463,0,7,-62.4842,-60.8093,33:02.3,FastGPS,-62.4842,-60.8093,,,11.6,0.3,,,,15,15,31924,,,,13,6830,,,,28,21721,,,,17,1720,,,,10,26040,,,,24,13945,,,,30,21094,,,,,,,,,,,,,,,,,,,,,,,,,,,,,,,,,,,,,,,,,,,
180857,27-Jun-19,23:03:00,2019-06-27 23:03:00,G,4,2,953,464,0,5,-62.484,-60.8109,03:01.3,FastGPS,-62.484,-60.8109,,,7.1,-0.7,,,,15,17,24925,,,,19,31659,,,,24,6878,,,,15,32014,,,,12,21800,,,,,,,,,,,,,,,,,,,,,,,,,,,,,,,,,,,,,,,,,,,,,,,,,,,,,
180857,28-Jun-19,0:20:24,2019-06-28 00:20:24,G,8,2,954,465,0,4,-62.4834,-60.8103,38:31.8,FastGPS,-62.4836,-60.8112,,,0.2,-0.3,,,,15,12,15075,,,,17,23298,,,,19,8976,,,,24,7506,,,,,,,,,,,,,,,,,,,,,,,,,,,,,,,,,,,,,,,,,,,,,,,,,,,,,,,,,,
180857,28-Jun-19,1:22:50,2019-06-28 01:22:50,G,4,2,955,,0,9,-62.4834,-60.8113,22:51.8,FastGPS,-62.4834,-60.8113,,,9.4,-0.2,,,,15,12,7692,,,,6,16424,,,,19,23858,,,,24,7365,,,,2,1655,,,,17,3058,,,,3,8658,,,,25,13063,,,,31,17955,,,,,,,,,,,,,,,,,,,,,,,,,,,,,,,,,
180857,28-Jun-19,2:38:30,2019-06-28 02:38:30,G,4,2,956,465,0,4,-62.4838,-60.8113,38:02.3,FastGPS,-62.4834,-60.8103,,,0.5,-0.2,,,,15,2,26952,,,,12,17008,,,,6,21638,,,,31,20297,,,,,,,,,,,,,,,,,,,,,,,,,,,,,,,,,,,,,,,,,,,,,,,,,,,,,,,,,,
180857,28-Jun-19,3:38:00,2019-06-28 03:38:00,G,12,2,957,465,0,6,-62.4838,-60.8113,38:02.3,FastGPS,-62.4838,-60.8113,,,3.9,0.3,,,,15,29,25049,,,,31,29726,,,,25,13576,,,,23,31944,,,,12,905,,,,2,30895,,,,,,,,,,,,,,,,,,,,,,,,,,,,,,,,,,,,,,,,,,,,,,,,
180857,28-Jun-19,4:38:00,2019-06-28 04:38:00,G,10,2,958,465,0,6,-62.484,-60.8098,38:02.3,FastGPS,-62.484,-60.8098,,,8.7,0.3,,,,15,29,16234,,,,5,31928,,,,26,3654,,,,31,21697,,,,16,14155,,,,2,14442,,,,,,,,,,,,,,,,,,,,,,,,,,,,,,,,,,,,,,,,,,,,,,,,
180857,28-Jun-19,5:38:00,2019-06-28 05:38:00,G,16,2,959,465,0,5,-62.4842,-60.8098,38:02.3,FastGPS,-62.4842,-60.8098,,,1.2,0.3,,,,15,29,28904,,,,26,32448,,,,5,10942,,,,21,13239,,,,16,31240,,,,,,,,,,,,,,,,,,,,,,,,,,,,,,,,,,,,,,,,,,,,,,,,,,,,,
180857,28-Jun-19,6:38:26,2019-06-28 06:38:26,G,12,2,960,465,0,5,-62.4842,-60.8097,38:28.3,FastGPS,-62.4842,-60.8097,,,11.4,0.3,,,,15,27,27670,,,,7,15862,,,,16,494,,,,21,18,,,,20,17981,,,,,,,,,,,,,,,,,,,,,,,,,,,,,,,,,,,,,,,,,,,,,,,,,,,,,
180857,28-Jun-19,7:55:19,2019-06-28 07:55:19,G,6,2,961,466,0,7,-62.484,-60.812,55:21.3,FastGPS,-62.484,-60.812,,,11.6,0.3,,,,15,27,13171,,,,10,16596,,,,21,27540,,,,13,31480,,,,15,9686,,,,20,30910,,,,16,13964,,,,,,,,,,,,,,,,,,,,,,,,,,,,,,,,,,,,,,,,,,,
180857,28-Jun-19,8:55:00,2019-06-28 08:55:00,G,4,2,962,466,0,7,-62.4834,-60.8126,55:02.3,FastGPS,-62.4834,-60.8126,,,6,0.3,,,,15,15,325,,,,10,18737,,,,8,11301,,,,27,23086,,,,20,3266,,,,11,9014,,,,18,6931,,,,,,,,,,,,,,,,,,,,,,,,,,,,,,,,,,,,,,,,,,,
180857,28-Jun-19,11:08:12,2019-06-28 11:08:12,G,4,2,963,,0,9,-62.4798,-60.8215,08:14.3,FastGPS,-62.4798,-60.8215,,,11.7,0.3,,,,15,22,16565,,,,18,22685,,,,14,25183,,,,11,7786,,,,32,31737,,,,17,13547,,,,8,2044,,,,1,23564,,,,28,15638,,,,,,,,,,,,,,,,,,,,,,,,,,,,,,,,,
180857,28-Jun-19,13:08:10,2019-06-28 13:08:10,G,6,2,965,,0,9,-62.485,-60.8199,08:12.3,FastGPS,-62.485,-60.8199,,,6.7,0.3,,,,15,23,24086,,,,17,20173,,,,31,20660,,,,3,23841,,,,12,22793,,,,22,11555,,,,11,7767,,,,32,22894,,,,14,28900,,,,,,,,,,,,,,,,,,,,,,,,,,,,,,,,,
180857,28-Jun-19,17:12:26,2019-06-28 17:12:26,G,4,2,968,469,0,5,-62.4801,-60.8032,6/28/2019 3:50,MA,-62.4821,-60.8215,,1,0.7,0.3,,,,15,5,28207,,,,7,8931,,,,30,13630,,,,9,25057,,,,4,31572,,,,,,,,,,,,,,,,,,,,,,,,,,,,,,,,,,,,,,,,,,,,,,,,,,,,,
180857,28-Jun-19,18:34:20,2019-06-28 18:34:20,G,2,2,969,470,0,8,-62.4875,-60.826,34:22.3,FastGPS,-62.4875,-60.826,,1,4.4,0.3,,,,15,30,26210,,,,7,11125,,,,16,21275,,,,4,17090,,,,5,4540,,,,27,2925,,,,21,13802,,,,13,30428,,,,,,,,,,,,,,,,,,,,,,,,,,,,,,,,,,,,,,
180857,28-Jun-19,19:37:46,2019-06-28 19:37:46,G,4,2,970,470,0,8,-62.4875,-60.8378,37:48.8,FastGPS,-62.4875,-60.8378,,1,6.4,0.8,,,,15,15,19399,,,,28,31803,,,,13,5410,,,,30,7319,,,,7,895,,,,5,5021,,,,21,5132,,,,4,24813,,,,,,,,,,,,,,,,,,,,,,,,,,,,,,,,,,,,,,
180857,28-Jun-19,20:53:16,2019-06-28 20:53:16,G,8,2,971,470,0,6,-62.4672,-60.8459,53:17.3,FastGPS,-62.4672,-60.8459,,,5.2,-0.7,,,,15,13,11288,,,,30,9173,,,,17,28366,,,,15,3849,,,,20,21454,,,,28,10054,,,,,,,,,,,,,,,,,,,,,,,,,,,,,,,,,,,,,,,,,,,,,,,,
180857,29-Jun-19,7:10:26,2019-06-29 07:10:26,G,6,2,972,,0,9,-62.4753,-60.7384,10:28.3,FastGPS,-62.4753,-60.7384,,,12.6,0.3,,,,15,16,32445,,,,15,28466,,,,10,20635,,,,20,5044,,,,27,26443,,,,13,20868,,,,26,14784,,,,7,748,,,,21,7272,,,,,,,,,,,,,,,,,,,,,,,,,,,,,,,,,
180857,29-Jun-19,8:32:35,2019-06-29 08:32:35,G,2,2,973,472,0,8,-62.4904,-60.7229,32:37.8,FastGPS,-62.4904,-60.7229,,,7.9,0.8,,,,15,10,5208,,,,20,4771,,,,15,6405,,,,18,1089,,,,21,14661,,,,11,1237,,,,8,8824,,,,27,14841,,,,,,,,,,,,,,,,,,,,,,,,,,,,,,,,,,,,,,
180857,29-Jun-19,9:48:00,2019-06-29 09:48:00,G,6,2,974,,0,9,-62.5023,-60.6979,48:02.3,FastGPS,-62.5023,-60.6979,,,10.4,0.3,,,,15,18,15277,,,,8,1000,,,,11,25203,,,,10,14900,,,,32,12608,,,,27,6177,,,,20,14378,,,,22,28891,,,,1,25928,,,,,,,,,,,,,,,,,,,,,,,,,,,,,,,,,
180857,29-Jun-19,10:50:52,2019-06-29 10:50:52,G,8,2,975,,0,9,-62.5366,-60.6711,50:54.8,FastGPS,-62.5366,-60.6711,,,9.2,0.8,,,,15,18,5174,,,,22,13987,,,,8,8773,,,,11,21893,,,,1,8407,,,,14,7638,,,,17,5049,,,,10,366,,,,32,12391,,,,,,,,,,,,,,,,,,,,,,,,,,,,,,,,,
180857,29-Jun-19,12:07:12,2019-06-29 12:07:12,G,6,2,976,,0,9,-62.5586,-60.6435,07:14.9,FastGPS,-62.5586,-60.6435,,,9.1,0.9,,,,15,18,23834,,,,22,12724,,,,31,6104,,,,17,23171,,,,11,12748,,,,1,2412,,,,14,21700,,,,32,23342,,,,3,17068,,,,,,,,,,,,,,,,,,,,,,,,,,,,,,,,,
180857,29-Jun-19,13:07:00,2019-06-29 13:07:00,G,2,2,977,474,1,8,-62.5608,-60.6341,07:02.3,FastGPS,-62.5608,-60.6341,,,8.7,0.3,,,,15,23,16781,,,,11,8434,,,,1,13527,,,,18,9432,,,,22,21459,,,,31,6340,,,,3,6609,,,,14,32568,,,,,,,,,,,,,,,,,,,,,,,,,,,,,,,,,,,,,,
180857,29-Jun-19,14:07:00,2019-06-29 14:07:00,G,2,2,978,474,0,5,-62.5588,-60.6407,07:02.4,FastGPS,-62.5588,-60.6407,,,4.9,0.4,,,,15,31,5694,,,,3,19316,,,,22,9868,,,,23,24118,,,,25,18122,,,,,,,,,,,,,,,,,,,,,,,,,,,,,,,,,,,,,,,,,,,,,,,,,,,,,
180857,29-Jun-19,15:12:11,2019-06-29 15:12:11,G,2,2,979,,0,9,-62.5626,-60.6443,12:13.8,FastGPS,-62.5626,-60.6443,,,9,0.8,,,,15,2,30170,,,,23,14235,,,,3,13094,,,,31,27776,,,,6,11835,,,,9,7746,,,,26,11886,,,,29,29716,,,,16,27200,,,,,,,,,,,,,,,,,,,,,,,,,,,,,,,,,
180857,29-Jun-19,17:31:40,2019-06-29 17:31:40,G,10,2,980,474,0,5,-62.5588,-60.6408,07:02.4,FastGPS,-62.5627,-60.6366,,1,0.1,-0.8,,,,15,7,15164,,,,5,4698,,,,9,16786,,,,4,31643,,,,30,11676,,,,,,,,,,,,,,,,,,,,,,,,,,,,,,,,,,,,,,,,,,,,,,,,,,,,,
180857,29-Jun-19,18:46:00,2019-06-29 18:46:00,G,6,2,981,475,0,8,-62.5617,-60.6319,46:02.3,FastGPS,-62.5617,-60.6319,,1,2.5,0.3,,,,15,5,13884,,,,7,30868,,,,30,29924,,,,4,21542,,,,9,9007,,,,13,17014,,,,8,19366,,,,27,9326,,,,,,,,,,,,,,,,,,,,,,,,,,,,,,,,,,,,,,
180857,29-Jun-19,19:46:00,2019-06-29 19:46:00,G,4,2,982,475,0,7,-62.559,-60.6219,46:02.3,FastGPS,-62.559,-60.6219,,,5.1,0.3,,,,15,13,20534,,,,15,24110,,,,28,4805,,,,30,8704,,,,5,15970,,,,7,6380,,,,8,13945,,,,,,,,,,,,,,,,,,,,,,,,,,,,,,,,,,,,,,,,,,,
180857,29-Jun-19,22:07:23,2019-06-29 22:07:23,G,4,2,984,476,0,4,-62.5627,-60.6366,31:41.2,FastGPS,-62.5411,-60.5257,,,2.3,-0.2,,,,15,15,18278,,,,24,946,,,,17,27190,,,,13,21030,,,,,,,,,,,,,,,,,,,,,,,,,,,,,,,,,,,,,,,,,,,,,,,,,,,,,,,,,,
180857,30-Jun-19,3:46:00,2019-06-30 03:46:00,G,2,2,986,478,0,5,-62.5571,-60.4346,46:01.3,FastGPS,-62.5571,-60.4346,,,4.4,-0.7,,,,15,29,28103,,,,31,30560,,,,25,29773,,,,12,20268,,,,26,11911,,,,,,,,,,,,,,,,,,,,,,,,,,,,,,,,,,,,,,,,,,,,,,,,,,,,,
180857,30-Jun-19,5:25:31,2019-06-30 05:25:31,G,2,2,987,479,0,5,-62.5446,-60.4413,25:33.9,FastGPS,-62.5446,-60.4413,,,16.5,0.9,,,,15,29,19608,,,,5,29630,,,,16,26442,,,,26,7436,,,,21,6229,,,,,,,,,,,,,,,,,,,,,,,,,,,,,,,,,,,,,,,,,,,,,,,,,,,,,
180857,30-Jun-19,7:25:00,2019-06-30 07:25:00,G,4,2,989,,0,9,-62.5363,-60.287,25:01.3,FastGPS,-62.5363,-60.287,,,7.6,-0.7,,,,15,15,13682,,,,10,19473,,,,27,24679,,,,21,17594,,,,7,14178,,,,8,2778,,,,16,2957,,,,20,26800,,,,30,27078,,,,,,,,,,,,,,,,,,,,,,,,,,,,,,,,,
180857,30-Jun-19,8:30:04,2019-06-30 08:30:04,G,4,2,990,479,0,6,-62.5066,-60.2302,30:06.8,FastGPS,-62.5066,-60.2302,,,6.8,0.8,,,,15,8,27992,,,,27,30072,,,,10,24852,,,,15,23077,,,,20,21324,,,,18,22171,,,,,,,,,,,,,,,,,,,,,,,,,,,,,,,,,,,,,,,,,,,,,,,,
180857,30-Jun-19,12:48:40,2019-06-30 12:48:40,G,2,2,991,,0,9,-62.4813,-60.1704,48:41.4,FastGPS,-62.4813,-60.1704,,,8.7,-0.6,,,,15,17,169,,,,3,4854,,,,31,31338,,,,23,464,,,,11,14164,,,,22,17474,,,,19,12115,,,,14,1693,,,,1,6945,,,,,,,,,,,,,,,,,,,,,,,,,,,,,,,,,
180857,30-Jun-19,14:59:57,2019-06-30 14:59:57,G,2,2,992,,0,9,-62.4916,-60.177,59:58.8,FastGPS,-62.4916,-60.177,,1,6.9,-0.2,,,,15,23,21008,,,,3,13417,,,,6,15353,,,,9,16710,,,,4,10005,,,,7,4004,,,,22,15934,,,,16,31468,,,,2,6636,,,,,,,,,,,,,,,,,,,,,,,,,,,,,,,,,
180857,30-Jun-19,16:03:22,2019-06-30 16:03:22,G,4,2,993,,0,9,-62.4939,-60.1769,03:23.8,FastGPS,-62.4939,-60.1769,,1,5.4,-0.2,,,,15,9,930,,,,4,23675,,,,6,17144,,,,23,28940,,,,7,18558,,,,5,18941,,,,2,8901,,,,30,30228,,,,16,30099,,,,,,,,,,,,,,,,,,,,,,,,,,,,,,,,,
180857,30-Jun-19,19:13:38,2019-06-30 19:13:38,G,12,2,994,,0,9,-62.4942,-60.1744,13:39.8,FastGPS,-62.4942,-60.1744,,1,7.4,-0.2,,,,15,7,12691,,,,4,12269,,,,30,7377,,,,9,12980,,,,13,6280,,,,8,12740,,,,15,27492,,,,28,4952,,,,27,15925,,,,,,,,,,,,,,,,,,,,,,,,,,,,,,,,,
180857,30-Jun-19,20:28:00,2019-06-30 20:28:00,G,6,2,995,480,1,6,-62.4943,-60.1747,28:01.4,FastGPS,-62.4943,-60.1747,,,5,-0.6,,,,15,13,961,,,,28,6246,,,,5,26231,,,,17,19065,,,,15,11557,,,,30,22318,,,,,,,,,,,,,,,,,,,,,,,,,,,,,,,,,,,,,,,,,,,,,,,,
180857,1-Jul-19,6:52:00,2019-07-01 06:52:00,G,4,2,996,481,0,8,-62.4883,-60.2067,52:01.4,FastGPS,-62.4883,-60.2067,,,8.9,-0.6,,,,15,15,30581,,,,13,5020,,,,21,13904,,,,16,5286,,,,27,15638,,,,20,1154,,,,7,1446,,,,30,4110,,,,,,,,,,,,,,,,,,,,,,,,,,,,,,,,,,,,,,
180857,1-Jul-19,7:52:00,2019-07-01 07:52:00,G,2,2,997,481,0,8,-62.4846,-60.1982,52:02.4,FastGPS,-62.4846,-60.1982,,,6.6,0.4,,,,15,10,21225,,,,15,22965,,,,20,12305,,,,27,31187,,,,21,8397,,,,8,22563,,,,16,20858,,,,13,27624,,,,,,,,,,,,,,,,,,,,,,,,,,,,,,,,,,,,,,
180857,1-Jul-19,8:52:00,2019-07-01 08:52:00,G,2,2,998,481,1,6,-62.4859,-60.2192,52:01.3,FastGPS,-62.4859,-60.2192,,,3.4,-0.7,,,,15,10,32092,,,,27,15738,,,,8,32504,,,,15,22958,,,,20,28216,,,,18,17158,,,,,,,,,,,,,,,,,,,,,,,,,,,,,,,,,,,,,,,,,,,,,,,,
180857,1-Jul-19,10:15:00,2019-07-01 10:15:00,G,2,2,999,482,0,8,-62.4982,-60.2411,15:02.4,FastGPS,-62.4982,-60.2411,,,9.6,0.4,,,,15,10,18128,,,,32,20233,,,,8,21172,,,,14,20784,,,,18,23142,,,,28,27918,,,,11,4157,,,,1,31442,,,,,,,,,,,,,,,,,,,,,,,,,,,,,,,,,,,,,,
180857,1-Jul-19,11:20:18,2019-07-01 11:20:18,G,4,2,1000,,0,9,-62.5047,-60.2796,20:20.4,FastGPS,-62.5047,-60.2796,,,18.1,0.4,,,,15,32,32226,,,,22,12306,,,,14,16200,,,,11,7593,,,,3,31031,,,,1,13112,,,,18,22062,,,,17,19845,,,,10,3558,,,,,,,,,,,,,,,,,,,,,,,,,,,,,,,,,
180857,1-Jul-19,12:21:52,2019-07-01 12:21:52,G,4,2,1001,,0,9,-62.4986,-60.2467,21:54.4,FastGPS,-62.4986,-60.2467,,,9.1,0.4,,,,15,12,22286,,,,31,25006,,,,17,5412,,,,19,2480,,,,18,25188,,,,32,16898,,,,22,5602,,,,11,15852,,,,14,19840,,,,,,,,,,,,,,,,,,,,,,,,,,,,,,,,,
180857,1-Jul-19,13:24:07,2019-07-01 13:24:07,G,2,2,1002,,0,9,-62.4889,-60.1929,24:09.9,FastGPS,-62.4889,-60.1929,,,5.3,0.9,,,,15,31,26150,,,,19,18678,,,,17,17056,,,,23,16850,,,,3,12875,,,,14,26532,,,,6,17198,,,,22,8845,,,,12,5128,,,,,,,,,,,,,,,,,,,,,,,,,,,,,,,,,
180857,1-Jul-19,14:40:00,2019-07-01 14:40:00,G,2,2,1003,483,0,6,-62.4958,-60.214,40:01.8,FastGPS,-62.4958,-60.214,,1,4.3,-0.2,,,,15,9,6032,,,,23,30462,,,,4,15047,,,,31,25326,,,,26,28769,,,,19,6674,,,,,,,,,,,,,,,,,,,,,,,,,,,,,,,,,,,,,,,,,,,,,,,,
180857,1-Jul-19,15:40:03,2019-07-01 15:40:03,G,4,2,1004,483,0,5,-62.4988,-60.2259,40:04.9,FastGPS,-62.4988,-60.2259,,,3.1,-0.1,,,,15,29,32488,,,,26,22744,,,,23,21654,,,,9,19060,,,,2,17390,,,,,,,,,,,,,,,,,,,,,,,,,,,,,,,,,,,,,,,,,,,,,,,,,,,,,
180857,1-Jul-19,16:40:40,2019-07-01 16:40:40,G,2,2,1005,,0,9,-62.4924,-60.2266,40:41.4,FastGPS,-62.4924,-60.2266,,1,6.5,-0.6,,,,15,23,1961,,,,16,2228,,,,7,29940,,,,9,21397,,,,30,25998,,,,2,25907,,,,4,23053,,,,26,31790,,,,6,11532,,,,,,,,,,,,,,,,,,,,,,,,,,,,,,,,,
180857,1-Jul-19,18:02:08,2019-07-01 18:02:08,G,4,2,1006,484,0,5,-62.4988,-60.2259,40:04.9,FastGPS,-62.474,-60.1818,,1,0.6,0.3,,,,15,30,5432,,,,5,13340,,,,7,25107,,,,9,13380,,,,4,20615,,,,,,,,,,,,,,,,,,,,,,,,,,,,,,,,,,,,,,,,,,,,,,,,,,,,,
180857,1-Jul-19,21:26:14,2019-07-01 21:26:14,G,4,2,1009,,0,9,-62.4594,-60.0882,26:16.4,FastGPS,-62.4594,-60.0882,,,16.2,0.4,,,,15,15,24905,,,,13,9318,,,,17,9029,,,,18,7459,,,,11,14097,,,,10,2778,,,,28,4740,,,,19,11137,,,,1,12163,,,,,,,,,,,,,,,,,,,,,,,,,,,,,,,,,
180857,1-Jul-19,22:44:01,2019-07-01 22:44:01,G,4,2,1010,,0,9,-62.5032,-60.0666,44:03.4,FastGPS,-62.5032,-60.0666,,,9.3,0.4,,,,15,12,27890,,,,15,26117,,,,24,19472,,,,17,13090,,,,28,328,,,,1,11160,,,,10,18168,,,,18,9916,,,,11,7493,,,,,,,,,,,,,,,,,,,,,,,,,,,,,,,,,
180857,1-Jul-19,23:44:00,2019-07-01 23:44:00,G,8,2,1011,,0,9,-62.4904,-60.0903,44:02.4,FastGPS,-62.4904,-60.0903,,,8.3,0.4,,,,15,12,19340,,,,24,24325,,,,17,15842,,,,32,30681,,,,19,26654,,,,6,24224,,,,14,25674,,,,22,12684,,,,25,22670,,,,,,,,,,,,,,,,,,,,,,,,,,,,,,,,,
180857,2-Jul-19,0:44:00,2019-07-02 00:44:00,G,6,2,1012,,0,9,-62.4907,-60.0944,44:02.4,FastGPS,-62.4907,-60.0944,,,5.7,0.4,,,,15,12,17994,,,,6,16853,,,,32,7406,,,,25,20604,,,,19,22225,,,,17,2924,,,,2,21083,,,,14,18036,,,,24,11074,,,,,,,,,,,,,,,,,,,,,,,,,,,,,,,,,
180857,2-Jul-19,1:44:36,2019-07-02 01:44:36,G,8,2,1013,486,0,7,-62.4805,-60.0673,44:38.9,FastGPS,-62.4805,-60.0673,,,10.1,0.9,,,,15,29,8864,,,,31,5548,,,,32,31969,,,,6,20133,,,,14,7464,,,,25,30800,,,,12,4092,,,,,,,,,,,,,,,,,,,,,,,,,,,,,,,,,,,,,,,,,,,
180857,2-Jul-19,2:59:00,2019-07-02 02:59:00,G,2,2,1014,487,0,8,-62.4486,-60.034,59:01.9,FastGPS,-62.4486,-60.034,,,8.3,-0.1,,,,15,5,8440,,,,12,10289,,,,31,14750,,,,25,2550,,,,29,2862,,,,2,9040,,,,23,10467,,,,26,27124,,,,,,,,,,,,,,,,,,,,,,,,,,,,,,,,,,,,,,
180857,2-Jul-19,4:15:02,2019-07-02 04:15:02,G,2,2,1015,,0,9,-62.4371,-59.9848,15:03.9,FastGPS,-62.4371,-59.9848,,1,16.7,-0.1,,,,15,29,8145,,,,5,12157,,,,31,22896,,,,26,31134,,,,2,44,,,,25,27321,,,,4,32110,,,,21,8850,,,,16,29820,,,,,,,,,,,,,,,,,,,,,,,,,,,,,,,,,
180857,2-Jul-19,10:44:00,2019-07-02 10:44:00,G,2,2,1017,488,0,6,-62.4442,-59.8957,44:02.9,FastGPS,-62.4442,-59.8957,,,11.8,0.9,,,,15,32,17036,,,,22,30840,,,,11,21130,,,,1,18905,,,,18,5282,,,,8,18566,,,,,,,,,,,,,,,,,,,,,,,,,,,,,,,,,,,,,,,,,,,,,,,,
180857,2-Jul-19,11:44:00,2019-07-02 11:44:00,G,4,2,1018,,0,9,-62.4323,-59.847,44:01.4,FastGPS,-62.4323,-59.847,,,11.5,-0.6,,,,15,32,582,,,,1,16250,,,,14,11620,,,,11,15908,,,,22,2792,,,,17,12384,,,,18,29676,,,,31,11009,,,,3,21776,,,,,,,,,,,,,,,,,,,,,,,,,,,,,,,,,
180857,2-Jul-19,14:46:29,2019-07-02 14:46:29,G,2,2,1021,488,0,8,-62.4401,-59.9165,46:31.9,FastGPS,-62.4401,-59.9165,,1,9.2,0.9,,,,15,31,31377,,,,23,6916,,,,3,17389,,,,4,3031,,,,6,31957,,,,2,5473,,,,26,2537,,,,9,16503,,,,,,,,,,,,,,,,,,,,,,,,,,,,,,,,,,,,,,
180857,2-Jul-19,17:51:05,2019-07-02 17:51:05,G,2,2,1024,488,0,6,-62.441,-60.0742,51:06.4,FastGPS,-62.441,-60.0742,,1,7.4,-0.6,,,,15,7,5095,,,,9,11423,,,,5,13105,,,,4,9376,,,,30,28172,,,,13,28328,,,,,,,,,,,,,,,,,,,,,,,,,,,,,,,,,,,,,,,,,,,,,,,,
180857,2-Jul-19,20:27:01,2019-07-02 20:27:01,G,2,2,1026,489,0,8,-62.4518,-60.1829,27:03.4,FastGPS,-62.4518,-60.1829,,,12.1,0.4,,,,15,30,32434,,,,15,29461,,,,20,21288,,,,28,17449,,,,13,149,,,,7,4545,,,,8,25079,,,,11,20303,,,,,,,,,,,,,,,,,,,,,,,,,,,,,,,,,,,,,,
180857,2-Jul-19,21:27:45,2019-07-02 21:27:45,G,2,2,1027,489,0,5,-62.4384,-60.22,27:47.9,FastGPS,-62.4384,-60.22,,,13.1,0.9,,,,15,17,17707,,,,28,11454,,,,19,21562,,,,15,8280,,,,13,10727,,,,,,,,,,,,,,,,,,,,,,,,,,,,,,,,,,,,,,,,,,,,,,,,,,,,,
180857,2-Jul-19,22:45:35,2019-07-02 22:45:35,G,2,2,1028,490,0,6,-62.3839,-60.2875,45:36.4,FastGPS,-62.3839,-60.2875,,1,3,-0.6,,,,15,15,28787,,,,17,3358,,,,12,8861,,,,19,14796,,,,13,16638,,,,27,2261,,,,,,,,,,,,,,,,,,,,,,,,,,,,,,,,,,,,,,,,,,,,,,,,
180857,3-Jul-19,2:08:19,2019-07-03 02:08:19,G,2,2,1031,491,0,8,-62.2544,-60.4748,08:21.9,FastGPS,-62.2544,-60.4748,,,5.9,0.9,,,,15,12,27539,,,,2,8520,,,,31,10608,,,,29,4128,,,,25,15578,,,,6,464,,,,32,9653,,,,14,8486,,,,,,,,,,,,,,,,,,,,,,,,,,,,,,,,,,,,,,
180857,3-Jul-19,3:26:38,2019-07-03 03:26:38,G,2,2,1032,492,0,7,-62.2852,-60.4162,26:39.9,FastGPS,-62.2852,-60.4162,,,7.4,-0.1,,,,15,31,22876,,,,5,8503,,,,29,5245,,,,2,7819,,,,25,31815,,,,9,21434,,,,12,1436,,,,,,,,,,,,,,,,,,,,,,,,,,,,,,,,,,,,,,,,,,,
180857,3-Jul-19,4:26:09,2019-07-03 04:26:09,G,2,2,1033,492,0,7,-62.3221,-60.3444,26:10.9,FastGPS,-62.3221,-60.3444,,1,13.6,-0.1,,,,15,29,13148,,,,5,13240,,,,21,15227,,,,4,7754,,,,9,26478,,,,26,30849,,,,2,16348,,,,,,,,,,,,,,,,,,,,,,,,,,,,,,,,,,,,,,,,,,,
180857,3-Jul-19,5:28:06,2019-07-03 05:28:06,G,2,2,1034,492,0,5,-62.3698,-60.2709,28:07.4,FastGPS,-62.3698,-60.2709,,,13.5,-0.6,,,,15,5,19758,,,,26,24464,,,,21,9668,,,,16,22914,,,,7,11294,,,,,,,,,,,,,,,,,,,,,,,,,,,,,,,,,,,,,,,,,,,,,,,,,,,,,
180857,3-Jul-19,11:00:19,2019-07-03 11:00:19,G,6,2,1036,493,0,8,-62.4654,-60.1616,00:21.4,FastGPS,-62.4654,-60.1616,,,11.2,0.4,,,,15,22,18530,,,,1,7657,,,,14,12968,,,,32,23319,,,,17,21590,,,,3,25894,,,,11,29171,,,,18,11745,,,,,,,,,,,,,,,,,,,,,,,,,,,,,,,,,,,,,,
180857,3-Jul-19,12:25:58,2019-07-03 12:25:58,G,4,2,1037,,0,9,-62.491,-60.1676,26:00.4,FastGPS,-62.491,-60.1676,,,9.8,0.4,,,,15,1,18634,,,,17,30593,,,,12,744,,,,31,25622,,,,22,6552,,,,19,20203,,,,23,3609,,,,18,13091,,,,3,5595,,,,,,,,,,,,,,,,,,,,,,,,,,,,,,,,,
180857,3-Jul-19,13:27:29,2019-07-03 13:27:29,G,4,2,1038,494,0,4,-62.2977,-60.4096,7/3/2019 3:43,MA,-62.4905,-60.2222,,,2.2,0.9,,,,15,3,22802,,,,17,23894,,,,1,14076,,,,23,5417,,,,,,,,,,,,,,,,,,,,,,,,,,,,,,,,,,,,,,,,,,,,,,,,,,,,,,,,,,
180857,3-Jul-19,14:29:27,2019-07-03 14:29:27,G,2,2,1039,494,0,8,-62.5027,-60.2613,29:28.4,FastGPS,-62.5027,-60.2613,,,11.5,-0.6,,,,15,3,11990,,,,23,25202,,,,6,16462,,,,31,27955,,,,22,5090,,,,9,26314,,,,2,14588,,,,25,29005,,,,,,,,,,,,,,,,,,,,,,,,,,,,,,,,,,,,,,
180857,3-Jul-19,15:49:09,2019-07-03 15:49:09,G,6,2,1040,,0,9,-62.5174,-60.2839,49:11.9,FastGPS,-62.5174,-60.2839,,1,7.3,0.9,,,,15,7,2188,,,,29,29789,,,,9,25370,,,,23,26266,,,,2,3634,,,,5,3230,,,,4,11861,,,,16,18722,,,,26,5905,,,,,,,,,,,,,,,,,,,,,,,,,,,,,,,,,
180857,3-Jul-19,16:55:58,2019-07-03 16:55:58,G,4,2,1041,,0,9,-62.5268,-60.3161,55:59.4,FastGPS,-62.5268,-60.3161,,1,11.5,-0.6,,,,15,5,18748,,,,16,779,,,,7,28104,,,,23,7820,,,,2,25347,,,,30,6148,,,,9,31264,,,,4,11846,,,,29,9874,,,,,,,,,,,,,,,,,,,,,,,,,,,,,,,,,
180857,3-Jul-19,17:59:53,2019-07-03 17:59:53,G,2,2,1042,494,0,6,-62.5294,-60.3771,59:55.9,FastGPS,-62.5294,-60.3771,,1,12.6,0.9,,,,15,30,17297,,,,7,18024,,,,5,17326,,,,4,6198,,,,13,16342,,,,9,23270,,,,,,,,,,,,,,,,,,,,,,,,,,,,,,,,,,,,,,,,,,,,,,,,
180857,3-Jul-19,20:25:00,2019-07-03 20:25:00,G,2,2,1044,,0,9,-62.5541,-60.4525,25:02.5,FastGPS,-62.5541,-60.4525,,,5.8,0.5,,,,15,15,21025,,,,30,10013,,,,28,4899,,,,13,17700,,,,17,19893,,,,20,12096,,,,7,12126,,,,11,9335,,,,8,6213,,,,,,,,,,,,,,,,,,,,,,,,,,,,,,,,,
180857,3-Jul-19,21:44:36,2019-07-03 21:44:36,G,2,2,1045,496,0,8,-62.4998,-60.4921,44:37.9,FastGPS,-62.4998,-60.4921,,,6.8,-0.1,,,,15,28,8459,,,,15,5413,,,,17,15411,,,,13,22101,,,,18,19764,,,,19,28840,,,,1,13804,,,,11,30120,,,,,,,,,,,,,,,,,,,,,,,,,,,,,,,,,,,,,,
180857,4-Jul-19,1:18:05,2019-07-04 01:18:05,G,2,2,1047,,0,9,-62.5179,-60.5131,18:07.4,FastGPS,-62.5179,-60.5131,,,10.3,0.4,,,,15,12,19926,,,,31,28365,,,,25,20941,,,,29,21286,,,,6,2306,,,,24,11573,,,,3,9918,,,,19,3642,,,,2,28626,,,,,,,,,,,,,,,,,,,,,,,,,,,,,,,,,
180857,4-Jul-19,2:21:17,2019-07-04 02:21:17,G,4,2,1048,496,0,8,-62.5631,-60.4519,21:19.4,FastGPS,-62.5631,-60.4519,,1,15.8,0.4,,,,15,31,1034,,,,29,9502,,,,12,27474,,,,25,4311,,,,2,26930,,,,6,29956,,,,23,19931,,,,1,13576,,,,,,,,,,,,,,,,,,,,,,,,,,,,,,,,,,,,,,
180857,4-Jul-19,3:23:34,2019-07-04 03:23:34,G,2,2,1049,496,0,8,-62.5435,-60.4355,23:36.4,FastGPS,-62.5435,-60.4355,,,12.4,0.4,,,,15,5,22946,,,,2,17917,,,,31,425,,,,29,17572,,,,26,13770,,,,12,6701,,,,23,8266,,,,25,6860,,,,,,,,,,,,,,,,,,,,,,,,,,,,,,,,,,,,,,
180857,4-Jul-19,4:24:49,2019-07-04 04:24:49,G,6,2,1050,496,0,8,-62.5467,-60.3409,24:51.5,FastGPS,-62.5467,-60.3409,,1,9,0.5,,,,15,5,19268,,,,26,9178,,,,16,10820,,,,29,12953,,,,21,31234,,,,2,9462,,,,4,16999,,,,9,31270,,,,,,,,,,,,,,,,,,,,,,,,,,,,,,,,,,,,,,
180857,4-Jul-19,9:58:11,2019-07-04 09:58:11,G,8,2,1051,499,0,8,-62.529,-60.2724,58:13.4,FastGPS,-62.529,-60.2724,,,11.8,0.4,,,,15,10,10126,,,,18,26103,,,,14,11349,,,,11,6715,,,,27,16254,,,,8,12298,,,,32,20524,,,,24,6961,,,,,,,,,,,,,,,,,,,,,,,,,,,,,,,,,,,,,,
180857,4-Jul-19,13:38:42,2019-07-04 13:38:42,G,2,2,1052,502,0,8,-62.4971,-60.1792,38:44.4,FastGPS,-62.4971,-60.1792,,,16.5,0.4,,,,15,31,14441,,,,17,16360,,,,3,28840,,,,9,15226,,,,19,5610,,,,22,3520,,,,6,11722,,,,23,3748,,,,,,,,,,,,,,,,,,,,,,,,,,,,,,,,,,,,,,
180857,4-Jul-19,20:12:54,2019-07-04 20:12:54,G,4,2,1053,504,0,4,-62.4757,-60.1622,16:02.5,FastGPS,-62.4829,-60.1773,,,0.2,0.5,,,,15,28,1904,,,,13,27494,,,,30,13558,,,,15,8327,,,,,,,,,,,,,,,,,,,,,,,,,,,,,,,,,,,,,,,,,,,,,,,,,,,,,,,,,,
180857,4-Jul-19,22:34:22,2019-07-04 22:34:22,G,2,2,1054,505,0,8,-62.4777,-60.1556,34:24.5,FastGPS,-62.4777,-60.1556,,,13.5,0.5,,,,15,12,13829,,,,15,24102,,,,17,20972,,,,10,18582,,,,24,30924,,,,13,15192,,,,19,27314,,,,32,17798,,,,,,,,,,,,,,,,,,,,,,,,,,,,,,,,,,,,,,
180857,5-Jul-19,0:25:30,2019-07-05 00:25:30,G,2,2,1055,505,0,7,-62.4809,-60.1675,25:32.5,FastGPS,-62.4809,-60.1675,,,4.9,0.5,,,,15,12,29049,,,,32,30568,,,,25,14706,,,,6,22708,,,,24,15341,,,,19,23949,,,,2,6894,,,,,,,,,,,,,,,,,,,,,,,,,,,,,,,,,,,,,,,,,,,
180857,5-Jul-19,3:16:03,2019-07-05 03:16:03,G,2,2,1056,505,0,7,-62.4837,-60.1688,16:06.0,FastGPS,-62.4837,-60.1688,,,5.3,1,,,,15,29,23530,,,,31,12663,,,,5,22838,,,,25,24928,,,,2,6619,,,,12,31582,,,,26,6918,,,,,,,,,,,,,,,,,,,,,,,,,,,,,,,,,,,,,,,,,,,
180857,5-Jul-19,4:16:00,2019-07-05 04:16:00,G,4,2,1057,505,0,5,-62.4857,-60.185,53:13.5,FastGPS,-62.4757,-60.1622,,1,0.3,0.5,,,,15,29,5771,,,,21,25266,,,,5,3082,,,,4,30050,,,,26,15476,,,,,,,,,,,,,,,,,,,,,,,,,,,,,,,,,,,,,,,,,,,,,,,,,,,,,
180857,5-Jul-19,5:16:00,2019-07-05 05:16:00,G,2,2,1058,505,0,6,-62.4755,-60.16,16:02.4,FastGPS,-62.4755,-60.16,,,10.1,0.4,,,,15,16,23568,,,,29,19727,,,,21,7776,,,,5,8006,,,,26,3784,,,,7,10678,,,,,,,,,,,,,,,,,,,,,,,,,,,,,,,,,,,,,,,,,,,,,,,,
180857,5-Jul-19,13:53:11,2019-07-05 13:53:11,G,6,2,1060,505,0,5,-62.4857,-60.185,53:13.5,FastGPS,-62.4857,-60.185,,,3.6,0.5,,,,15,31,10840,,,,3,25447,,,,23,4190,,,,6,18688,,,,22,31094,,,,,,,,,,,,,,,,,,,,,,,,,,,,,,,,,,,,,,,,,,,,,,,,,,,,,
180857,5-Jul-19,19:09:11,2019-07-05 19:09:11,G,4,2,1062,505,0,8,-62.4635,-60.2902,09:14.0,FastGPS,-62.4635,-60.2902,,1,4.3,1,,,,15,7,26673,,,,30,31048,,,,5,25009,,,,15,5061,,,,8,7960,,,,13,25496,,,,4,16572,,,,28,20009,,,,,,,,,,,,,,,,,,,,,,,,,,,,,,,,,,,,,,
180857,5-Jul-19,20:11:03,2019-07-05 20:11:03,G,6,2,1063,505,0,7,-62.4508,-60.3134,11:06.0,FastGPS,-62.4508,-60.3134,,,10,1,,,,15,28,31436,,,,30,32121,,,,15,7662,,,,13,20846,,,,5,32530,,,,7,8235,,,,24,32183,,,,,,,,,,,,,,,,,,,,,,,,,,,,,,,,,,,,,,,,,,,
180857,5-Jul-19,23:37:20,2019-07-05 23:37:20,G,6,2,1064,,0,9,-62.4333,-60.2285,37:22.5,FastGPS,-62.4333,-60.2285,,,7.9,0.5,,,,15,12,26678,,,,17,1232,,,,24,27540,,,,32,28328,,,,6,8742,,,,22,5357,,,,3,6322,,,,14,6136,,,,19,29372,,,,,,,,,,,,,,,,,,,,,,,,,,,,,,,,,
180857,6-Jul-19,12:38:47,2019-07-06 12:38:47,G,2,2,1066,506,0,8,-62.4958,-60.2108,38:48.5,FastGPS,-62.4958,-60.2108,,,4.8,-0.5,,,,15,17,15657,,,,31,126,,,,23,13182,,,,3,30052,,,,22,13694,,,,12,26238,,,,14,24913,,,,18,789,,,,,,,,,,,,,,,,,,,,,,,,,,,,,,,,,,,,,,
180857,6-Jul-19,15:53:11,2019-07-06 15:53:11,G,8,2,1068,507,0,7,-62.5129,-60.246,53:12.5,FastGPS,-62.5129,-60.246,,1,12.5,-0.5,,,,15,23,13602,,,,9,8861,,,,7,12478,,,,16,23859,,,,4,24804,,,,5,18698,,,,29,1905,,,,,,,,,,,,,,,,,,,,,,,,,,,,,,,,,,,,,,,,,,,
180857,6-Jul-19,17:20:12,2019-07-06 17:20:12,G,2,2,1069,,0,9,-62.5179,-60.2815,20:13.5,FastGPS,-62.5179,-60.2815,,1,15.1,-0.5,,,,15,5,10926,,,,9,7905,,,,30,4839,,,,7,27548,,,,23,2328,,,,16,31209,,,,4,18597,,,,13,13400,,,,27,14356,,,,,,,,,,,,,,,,,,,,,,,,,,,,,,,,,
180857,6-Jul-19,18:50:42,2019-07-06 18:50:42,G,4,2,1070,,0,9,-62.4981,-60.254,50:43.5,FastGPS,-62.4981,-60.254,,1,8.1,-0.5,,,,15,5,1900,,,,7,16176,,,,8,22930,,,,13,19719,,,,30,14676,,,,9,11914,,,,15,9570,,,,4,14161,,,,28,19604,,,,,,,,,,,,,,,,,,,,,,,,,,,,,,,,,
180857,6-Jul-19,23:45:05,2019-07-06 23:45:05,G,6,2,1074,508,0,8,-62.4974,-60.2018,45:06.5,FastGPS,-62.4974,-60.2018,,,14.2,-0.5,,,,15,17,31684,,,,12,25386,,,,24,12486,,,,32,13369,,,,6,20570,,,,19,15740,,,,14,13322,,,,25,856,,,,,,,,,,,,,,,,,,,,,,,,,,,,,,,,,,,,,,
180857,7-Jul-19,1:03:06,2019-07-07 01:03:06,G,2,2,1075,,0,9,-62.4999,-60.2364,03:08.0,FastGPS,-62.4999,-60.2364,,,9.5,0,,,,15,12,7447,,,,19,314,,,,6,22708,,,,2,5546,,,,3,32051,,,,24,9172,,,,25,31243,,,,31,1463,,,,14,27982,,,,,,,,,,,,,,,,,,,,,,,,,,,,,,,,,
180857,7-Jul-19,2:03:13,2019-07-07 02:03:13,G,8,2,1076,509,0,5,-62.4971,-60.2241,03:14.5,FastGPS,-62.4971,-60.2241,,,1.8,-0.5,,,,15,29,30480,,,,12,19930,,,,31,28932,,,,25,11092,,,,2,3608,,,,,,,,,,,,,,,,,,,,,,,,,,,,,,,,,,,,,,,,,,,,,,,,,,,,,
180857,7-Jul-19,3:23:48,2019-07-07 03:23:48,G,6,2,1077,,0,9,-62.4917,-60.2151,23:49.5,FastGPS,-62.4917,-60.2151,,,5.9,-0.5,,,,15,29,22078,,,,25,4479,,,,5,23684,,,,31,9398,,,,2,4626,,,,12,16088,,,,26,29098,,,,23,21716,,,,16,20287,,,,,,,,,,,,,,,,,,,,,,,,,,,,,,,,,
180857,7-Jul-19,4:52:21,2019-07-07 04:52:21,G,6,2,1078,509,0,7,-62.4977,-60.2355,52:22.5,FastGPS,-62.4977,-60.2355,,1,5.7,-0.5,,,,15,29,19485,,,,5,22974,,,,21,6237,,,,16,29672,,,,26,23582,,,,4,5745,,,,7,8381,,,,,,,,,,,,,,,,,,,,,,,,,,,,,,,,,,,,,,,,,,,
180857,7-Jul-19,6:50:39,2019-07-07 06:50:39,G,8,2,1079,509,0,8,-62.4774,-60.1994,50:41.0,FastGPS,-62.4774,-60.1994,,,11.8,0,,,,15,15,27299,,,,13,30564,,,,16,6117,,,,21,21565,,,,27,32511,,,,10,17649,,,,26,29270,,,,20,5986,,,,,,,,,,,,,,,,,,,,,,,,,,,,,,,,,,,,,,
180857,7-Jul-19,8:05:11,2019-07-07 08:05:11,G,6,2,1080,510,0,6,-62.4545,-60.149,05:13.5,FastGPS,-62.4545,-60.149,,,16.3,0.5,,,,15,10,30343,,,,8,2917,,,,27,27363,,,,20,17351,,,,15,17819,,,,21,13207,,,,,,,,,,,,,,,,,,,,,,,,,,,,,,,,,,,,,,,,,,,,,,,,
180857,7-Jul-19,9:29:33,2019-07-07 09:29:33,G,6,2,1081,511,0,8,-62.4355,-60.0613,29:35.0,FastGPS,-62.4355,-60.0613,,,10.1,0,,,,15,10,17855,,,,32,2477,,,,28,1292,,,,14,28399,,,,20,32338,,,,18,18131,,,,11,29303,,,,24,18499,,,,,,,,,,,,,,,,,,,,,,,,,,,,,,,,,,,,,,
180857,7-Jul-19,11:32:38,2019-07-07 11:32:38,G,8,2,1082,,0,9,-62.438,-59.9027,32:41.0,FastGPS,-62.438,-59.9027,,,8.3,1,,,,15,11,31985,,,,1,17392,,,,22,22231,,,,18,12115,,,,14,8419,,,,32,11257,,,,3,21201,,,,12,19964,,,,17,30642,,,,,,,,,,,,,,,,,,,,,,,,,,,,,,,,,
180857,7-Jul-19,12:58:40,2019-07-07 12:58:40,G,14,2,1083,,0,9,-62.4148,-59.8103,58:43.0,FastGPS,-62.4148,-59.8103,,,8.7,1,,,,15,31,29664,,,,3,15562,,,,22,15588,,,,23,18378,,,,19,20198,,,,14,2630,,,,18,2760,,,,17,21709,,,,32,10490,,,,,,,,,,,,,,,,,,,,,,,,,,,,,,,,,
180857,7-Jul-19,13:58:00,2019-07-07 13:58:00,G,2,2,1084,,0,9,-62.3938,-59.7836,58:02.5,FastGPS,-62.3938,-59.7836,,1,5.6,0.5,,,,15,31,8017,,,,23,16361,,,,9,3760,,,,22,9406,,,,6,650,,,,3,24792,,,,26,5333,,,,4,28531,,,,19,30656,,,,,,,,,,,,,,,,,,,,,,,,,,,,,,,,,
180857,7-Jul-19,16:41:58,2019-07-07 16:41:58,G,2,2,1086,513,0,4,-62.2116,-59.0242,51:00.0,FastGPS,-62.3296,-59.6068,,,0.7,1.1,,,,15,30,26175,,,,7,12170,,,,5,1190,,,,9,8080,,,,,,,,,,,,,,,,,,,,,,,,,,,,,,,,,,,,,,,,,,,,,,,,,,,,,,,,,,
180857,7-Jul-19,17:45:56,2019-07-07 17:45:56,G,4,2,1087,513,0,8,-62.3316,-59.551,45:59.0,FastGPS,-62.3316,-59.551,,1,4.8,1,,,,15,9,21377,,,,7,20557,,,,8,21736,,,,5,18272,,,,30,24579,,,,4,6985,,,,27,6683,,,,16,16854,,,,,,,,,,,,,,,,,,,,,,,,,,,,,,,,,,,,,,
180857,7-Jul-19,19:10:34,2019-07-07 19:10:34,G,2,2,1088,513,0,8,-62.3364,-59.4727,10:36.0,FastGPS,-62.3364,-59.4727,,1,7.5,0,,,,15,7,24092,,,,13,10516,,,,8,15864,,,,15,5133,,,,28,26730,,,,30,17080,,,,5,22389,,,,4,9066,,,,,,,,,,,,,,,,,,,,,,,,,,,,,,,,,,,,,,
180857,7-Jul-19,20:37:26,2019-07-07 20:37:26,G,2,2,1089,,0,9,-62.3234,-59.3629,37:29.0,FastGPS,-62.3234,-59.3629,,,23,1,,,,15,15,23118,,,,30,694,,,,17,3526,,,,1,9438,,,,13,10236,,,,28,10709,,,,20,25246,,,,11,17197,,,,18,15952,,,,,,,,,,,,,,,,,,,,,,,,,,,,,,,,,
180857,7-Jul-19,22:30:17,2019-07-07 22:30:17,G,6,2,1090,,0,9,-62.2703,-59.2218,30:18.6,FastGPS,-62.2703,-59.2218,,,10.9,-0.4,,,,15,17,755,,,,1,16131,,,,15,1057,,,,12,19500,,,,19,19948,,,,28,2320,,,,24,16505,,,,32,21695,,,,13,18932,,,,,,,,,,,,,,,,,,,,,,,,,,,,,,,,,
180857,7-Jul-19,23:32:06,2019-07-07 23:32:06,G,4,2,1091,513,0,4,-62.2116,-59.0242,51:00.0,FastGPS,-62.249,-59.1334,,,1.9,-0.3,,,,15,17,13412,,,,6,10101,,,,12,16198,,,,19,13465,,,,,,,,,,,,,,,,,,,,,,,,,,,,,,,,,,,,,,,,,,,,,,,,,,,,,,,,,,
180857,8-Jul-19,0:42:20,2019-07-08 00:42:20,G,2,2,1092,,0,9,-62.2364,-59.0587,42:22.6,FastGPS,-62.2364,-59.0587,,,8.3,0.6,,,,15,25,27502,,,,32,30815,,,,12,28781,,,,24,30250,,,,14,17641,,,,31,183,,,,6,10521,,,,19,15346,,,,2,28714,,,,,,,,,,,,,,,,,,,,,,,,,,,,,,,,,
180857,8-Jul-19,1:50:57,2019-07-08 01:50:57,G,2,2,1093,513,0,7,-62.2116,-59.0241,51:00.0,FastGPS,-62.2116,-59.0241,,,5.6,1,,,,15,31,16342,,,,29,12557,,,,25,19090,,,,12,26247,,,,2,18206,,,,6,31164,,,,14,26200,,,,,,,,,,,,,,,,,,,,,,,,,,,,,,,,,,,,,,,,,,,
180857,8-Jul-19,2:51:55,2019-07-08 02:51:55,G,6,2,1094,513,0,7,-62.1851,-59.004,51:58.0,FastGPS,-62.1851,-59.004,,,8.2,1,,,,15,29,11861,,,,2,17031,,,,12,24671,,,,5,26013,,,,31,21404,,,,25,23560,,,,6,1392,,,,,,,,,,,,,,,,,,,,,,,,,,,,,,,,,,,,,,,,,,,
180857,8-Jul-19,3:52:03,2019-07-08 03:52:03,G,2,2,1095,513,0,6,-62.1528,-58.9671,52:06.0,FastGPS,-62.1528,-58.9671,,,11.1,1,,,,15,5,5599,,,,29,29183,,,,26,19244,,,,25,13996,,,,2,17955,,,,16,19863,,,,,,,,,,,,,,,,,,,,,,,,,,,,,,,,,,,,,,,,,,,,,,,,
180857,8-Jul-19,5:33:45,2019-07-08 05:33:45,G,2,2,1096,515,0,4,-62.1931,-59.0174,7/8/2019 2:52,NK,-62.109,-58.8684,,,1.4,0.5,,,,15,26,7820,,,,29,28818,,,,5,2100,,,,21,21826,,,,,,,,,,,,,,,,,,,,,,,,,,,,,,,,,,,,,,,,,,,,,,,,,,,,,,,,,,
180857,8-Jul-19,6:34:01,2019-07-08 06:34:01,G,2,2,1097,515,0,8,-62.0846,-58.7986,34:02.5,FastGPS,-62.0846,-58.7986,,,13.5,-0.5,,,,15,15,4339,,,,27,19156,,,,21,11409,,,,20,9125,,,,13,23663,,,,10,24327,,,,7,21426,,,,16,25173,,,,,,,,,,,,,,,,,,,,,,,,,,,,,,,,,,,,,,
180857,8-Jul-19,9:03:29,2019-07-08 09:03:29,G,6,2,1099,,0,9,-62.0501,-58.7043,03:31.0,FastGPS,-62.0501,-58.7043,,,6.8,0,,,,15,18,27457,,,,8,15268,,,,11,1491,,,,10,11350,,,,1,23569,,,,20,26776,,,,32,3190,,,,27,13522,,,,28,8813,,,,,,,,,,,,,,,,,,,,,,,,,,,,,,,,,
180857,8-Jul-19,10:03:02,2019-07-08 10:03:02,G,4,2,1100,515,0,8,-62.0536,-58.7093,03:04.5,FastGPS,-62.0536,-58.7093,,,5.8,0.5,,,,15,32,17442,,,,18,3255,,,,11,16104,,,,1,9627,,,,8,27998,,,,10,25614,,,,14,19779,,,,22,30654,,,,,,,,,,,,,,,,,,,,,,,,,,,,,,,,,,,,,,
180857,8-Jul-19,11:03:13,2019-07-08 11:03:13,G,8,2,1101,515,0,8,-62.054,-58.7097,03:15.0,FastGPS,-62.054,-58.7097,,,3.7,0,,,,15,1,2801,,,,22,20512,,,,11,5989,,,,3,16114,,,,32,31914,,,,18,23104,,,,17,25126,,,,14,10610,,,,,,,,,,,,,,,,,,,,,,,,,,,,,,,,,,,,,,
180857,8-Jul-19,12:25:07,2019-07-08 12:25:07,G,6,2,1102,,0,9,-62.0457,-58.7067,25:09.0,FastGPS,-62.0457,-58.7067,,,9.6,0,,,,15,31,32497,,,,22,23128,,,,1,25388,,,,3,23673,,,,14,18148,,,,23,23067,,,,17,19957,,,,11,24516,,,,32,9416,,,,,,,,,,,,,,,,,,,,,,,,,,,,,,,,,
180857,8-Jul-19,13:37:22,2019-07-08 13:37:22,G,8,2,1103,516,0,5,-62.0548,-58.7072,37:24.7,FastGPS,-62.0548,-58.7072,,,10.2,0.7,,,,15,23,25899,,,,3,31384,,,,22,14447,,,,31,15684,,,,9,252,,,,,,,,,,,,,,,,,,,,,,,,,,,,,,,,,,,,,,,,,,,,,,,,,,,,,
180857,8-Jul-19,14:48:07,2019-07-08 14:48:07,G,8,2,1104,516,0,7,-62.0182,-58.7155,48:08.6,FastGPS,-62.0182,-58.7155,,1,4.6,-0.5,,,,15,9,949,,,,7,11728,,,,6,18954,,,,3,5121,,,,2,8739,,,,4,17048,,,,23,31250,,,,,,,,,,,,,,,,,,,,,,,,,,,,,,,,,,,,,,,,,,,
180857,8-Jul-19,15:48:13,2019-07-08 15:48:13,G,4,2,1105,,0,9,-62.0079,-58.6383,48:14.5,FastGPS,-62.0079,-58.6383,,1,5.2,-0.5,,,,15,2,22480,,,,5,29411,,,,9,17709,,,,23,16543,,,,4,3020,,,,26,2468,,,,6,23712,,,,7,1378,,,,29,32231,,,,,,,,,,,,,,,,,,,,,,,,,,,,,,,,,
180857,8-Jul-19,16:48:45,2019-07-08 16:48:45,G,4,2,1106,516,0,7,-61.9923,-58.5697,48:47.0,FastGPS,-61.9923,-58.5697,,1,7.3,0,,,,15,7,7616,,,,5,5961,,,,4,1684,,,,23,12566,,,,27,31722,,,,9,887,,,,16,8498,,,,,,,,,,,,,,,,,,,,,,,,,,,,,,,,,,,,,,,,,,,
180857,8-Jul-19,18:04:36,2019-07-08 18:04:36,G,6,2,1107,,0,9,-61.9817,-58.524,04:39.1,FastGPS,-61.9817,-58.524,,1,6.6,1.1,,,,15,7,15753,,,,5,10088,,,,8,12919,,,,4,13572,,,,27,8014,,,,30,25587,,,,9,4766,,,,28,2068,,,,13,19300,,,,,,,,,,,,,,,,,,,,,,,,,,,,,,,,,
180857,8-Jul-19,19:07:37,2019-07-08 19:07:37,G,10,2,1108,516,0,7,-61.9604,-58.4792,07:39.5,FastGPS,-61.9604,-58.4792,,,4.2,0.5,,,,15,7,14999,,,,13,32682,,,,15,26070,,,,5,7703,,,,8,8989,,,,28,24803,,,,30,8554,,,,,,,,,,,,,,,,,,,,,,,,,,,,,,,,,,,,,,,,,,,
180857,8-Jul-19,20:07:02,2019-07-08 20:07:02,G,2,2,1109,516,0,4,-62.109,-58.8684,33:47.5,FastGPS,-61.9344,-58.4371,,,1.1,0,,,,15,15,19178,,,,30,15521,,,,17,12352,,,,13,17910,,,,,,,,,,,,,,,,,,,,,,,,,,,,,,,,,,,,,,,,,,,,,,,,,,,,,,,,,,
180857,8-Jul-19,21:28:49,2019-07-08 21:28:49,G,8,2,1110,,0,9,-61.9247,-58.346,28:52.0,FastGPS,-61.9247,-58.346,,,10.8,1,,,,15,15,2130,,,,24,1100,,,,28,9758,,,,17,14707,,,,19,118,,,,13,17262,,,,18,25822,,,,11,1779,,,,1,2868,,,,,,,,,,,,,,,,,,,,,,,,,,,,,,,,,
180857,8-Jul-19,22:29:00,2019-07-08 22:29:00,G,10,2,1111,,0,9,-61.9399,-58.2632,29:02.5,FastGPS,-61.9399,-58.2632,,,8.4,0.5,,,,15,12,29712,,,,24,20138,,,,15,25280,,,,28,28006,,,,17,5472,,,,11,11087,,,,1,13672,,,,19,29710,,,,32,28521,,,,,,,,,,,,,,,,,,,,,,,,,,,,,,,,,
180857,8-Jul-19,23:34:20,2019-07-08 23:34:20,G,6,2,1112,516,0,7,-61.9308,-58.1609,34:22.6,FastGPS,-61.9308,-58.1609,,,20.7,0.6,,,,15,12,26243,,,,24,29754,,,,32,10362,,,,17,24732,,,,19,3682,,,,14,5258,,,,25,23065,,,,,,,,,,,,,,,,,,,,,,,,,,,,,,,,,,,,,,,,,,,
180857,9-Jul-19,0:35:18,2019-07-09 00:35:18,G,10,2,1113,,0,9,-61.9184,-58.0773,35:21.1,FastGPS,-61.9184,-58.0773,,,8.7,1.1,,,,15,12,7444,,,,32,9645,,,,25,25548,,,,17,28873,,,,31,23981,,,,14,23678,,,,6,24168,,,,2,164,,,,19,6700,,,,,,,,,,,,,,,,,,,,,,,,,,,,,,,,,
180857,9-Jul-19,1:45:31,2019-07-09 01:45:31,G,8,2,1114,516,0,8,-61.8971,-57.9895,45:34.1,FastGPS,-61.8971,-57.9895,,,7.7,1.1,,,,15,29,14021,,,,31,15583,,,,6,12238,,,,25,25710,,,,14,530,,,,12,9259,,,,2,29716,,,,23,5604,,,,,,,,,,,,,,,,,,,,,,,,,,,,,,,,,,,,,,
180857,9-Jul-19,2:54:56,2019-07-09 02:54:56,G,4,2,1115,516,0,7,-61.9232,-57.885,54:58.0,FastGPS,-61.9232,-57.885,,,7.5,0,,,,15,29,23284,,,,31,14304,,,,12,4139,,,,2,2546,,,,5,26222,,,,25,14941,,,,26,12440,,,,,,,,,,,,,,,,,,,,,,,,,,,,,,,,,,,,,,,,,,,
180857,9-Jul-19,3:55:14,2019-07-09 03:55:14,G,4,2,1116,516,0,8,-61.9308,-57.7844,55:16.6,FastGPS,-61.9308,-57.7844,,,14,0.6,,,,15,5,11654,,,,26,29396,,,,21,2076,,,,29,18992,,,,31,1162,,,,25,17637,,,,2,16492,,,,16,9206,,,,,,,,,,,,,,,,,,,,,,,,,,,,,,,,,,,,,,
180857,9-Jul-19,4:55:24,2019-07-09 04:55:24,G,4,2,1117,516,0,6,-61.9064,-57.7138,55:27.1,FastGPS,-61.9064,-57.7138,,,10,1.1,,,,15,16,11501,,,,5,32633,,,,29,22698,,,,26,9403,,,,27,18412,,,,21,3057,,,,,,,,,,,,,,,,,,,,,,,,,,,,,,,,,,,,,,,,,,,,,,,,
180857,9-Jul-19,5:55:35,2019-07-09 05:55:35,G,2,2,1118,,0,9,-61.8963,-57.6436,55:37.5,FastGPS,-61.8963,-57.6436,,,11.2,0.5,,,,15,16,11722,,,,27,9591,,,,29,9127,,,,13,2564,,,,15,3324,,,,26,19623,,,,5,22029,,,,7,23613,,,,30,4093,,,,,,,,,,,,,,,,,,,,,,,,,,,,,,,,,
180857,9-Jul-19,7:33:23,2019-07-09 07:33:23,G,4,2,1119,516,0,8,-61.9226,-57.5143,33:24.5,FastGPS,-61.9226,-57.5143,,,11.1,-0.5,,,,15,10,26410,,,,27,32500,,,,15,21937,,,,16,22770,,,,8,21561,,,,21,31210,,,,20,14802,,,,13,25970,,,,,,,,,,,,,,,,,,,,,,,,,,,,,,,,,,,,,,
180857,9-Jul-19,9:55:25,2019-07-09 09:55:25,G,8,2,1120,,0,9,-61.9622,-57.3,55:28.1,FastGPS,-61.9622,-57.3,,,6.5,1.1,,,,15,1,265,,,,11,14983,,,,22,15946,,,,18,4278,,,,8,12362,,,,32,24409,,,,10,19195,,,,24,2416,,,,14,17817,,,,,,,,,,,,,,,,,,,,,,,,,,,,,,,,,
180857,9-Jul-19,10:57:58,2019-07-09 10:57:58,G,6,2,1121,,0,9,-61.9659,-57.1948,57:59.5,FastGPS,-61.9659,-57.1948,,,11.4,-0.5,,,,15,17,32673,,,,31,28716,,,,1,15638,,,,22,29437,,,,3,21306,,,,14,30971,,,,32,23090,,,,10,3898,,,,19,22490,,,,,,,,,,,,,,,,,,,,,,,,,,,,,,,,,
180857,9-Jul-19,12:02:47,2019-07-09 12:02:47,G,6,2,1122,516,0,8,-61.9546,-57.0994,02:49.1,FastGPS,-61.9546,-57.0994,,,13.2,0.1,,,,15,31,2974,,,,18,7448,,,,1,8532,,,,17,5218,,,,22,31454,,,,3,24594,,,,19,31530,,,,11,25572,,,,,,,,,,,,,,,,,,,,,,,,,,,,,,,,,,,,,,
180857,9-Jul-19,13:03:35,2019-07-09 13:03:35,G,2,2,1123,,0,9,-61.9688,-57.0059,03:38.1,FastGPS,-61.9688,-57.0059,,,10.9,1.1,,,,15,23,9836,,,,22,9243,,,,31,21804,,,,3,29529,,,,12,23352,,,,25,11505,,,,14,5231,,,,17,10896,,,,1,20832,,,,,,,,,,,,,,,,,,,,,,,,,,,,,,,,,
180857,9-Jul-19,14:14:41,2019-07-09 14:14:41,G,6,2,1124,,0,9,-61.9915,-56.8919,14:42.5,FastGPS,-61.9915,-56.8919,,1,7.2,-0.5,,,,15,9,4847,,,,6,26134,,,,31,24004,,,,23,16353,,,,4,15434,,,,3,14867,,,,2,19636,,,,26,17291,,,,29,4069,,,,,,,,,,,,,,,,,,,,,,,,,,,,,,,,,
180857,9-Jul-19,15:22:52,2019-07-09 15:22:52,G,4,2,1125,,0,9,-62.0223,-56.8132,22:53.5,FastGPS,-62.0223,-56.8132,,1,6.1,-0.5,,,,15,7,32624,,,,9,29474,,,,4,4862,,,,6,16472,,,,29,30407,,,,23,16804,,,,26,25957,,,,16,7218,,,,2,27654,,,,,,,,,,,,,,,,,,,,,,,,,,,,,,,,,
180857,9-Jul-19,16:24:13,2019-07-09 16:24:13,G,4,2,1126,516,0,8,-62.0564,-56.7878,24:14.6,FastGPS,-62.0564,-56.7878,,1,13.4,-0.4,,,,15,5,21451,,,,16,29277,,,,7,25591,,,,2,12287,,,,9,29070,,,,4,21164,,,,23,901,,,,29,27391,,,,,,,,,,,,,,,,,,,,,,,,,,,,,,,,,,,,,,
180857,9-Jul-19,17:24:00,2019-07-09 17:24:00,G,6,2,1127,516,1,4,-62.0591,-56.7724,24:01.6,FastGPS,-62.07,-56.7838,,,0.2,-0.4,,,,15,5,26840,,,,30,19827,,,,13,10610,,,,7,3141,,,,,,,,,,,,,,,,,,,,,,,,,,,,,,,,,,,,,,,,,,,,,,,,,,,,,,,,,,
180857,9-Jul-19,18:24:00,2019-07-09 18:24:00,G,4,2,1128,516,1,5,-62.0653,-56.7796,24:01.6,FastGPS,-62.0653,-56.7796,,,8.6,-0.4,,,,15,15,961,,,,5,956,,,,21,19626,,,,30,1831,,,,13,1051,,,,,,,,,,,,,,,,,,,,,,,,,,,,,,,,,,,,,,,,,,,,,,,,,,,,,
180857,9-Jul-19,19:24:00,2019-07-09 19:24:00,G,4,2,1129,516,1,7,-62.0591,-56.7724,24:01.6,FastGPS,-62.0591,-56.7724,,,6.9,-0.4,,,,15,5,1247,,,,13,9857,,,,15,9981,,,,28,10266,,,,20,26360,,,,21,28739,,,,30,16476,,,,,,,,,,,,,,,,,,,,,,,,,,,,,,,,,,,,,,,,,,,
180857,10-Jul-19,12:06:38,2019-07-10 12:06:38,G,12,2,1130,,0,9,-61.9306,-56.6965,06:40.1,FastGPS,-61.9306,-56.6965,,,8.2,0.1,,,,15,31,19188,,,,22,26971,,,,18,7004,,,,1,18360,,,,23,1022,,,,14,25217,,,,3,1761,,,,17,23668,,,,11,25769,,,,,,,,,,,,,,,,,,,,,,,,,,,,,,,,,
180857,10-Jul-19,13:06:00,2019-07-10 13:06:00,G,2,2,1131,,0,9,-61.9325,-56.6408,06:01.6,FastGPS,-61.9325,-56.6408,,,8.2,-0.4,,,,15,31,30009,,,,23,7693,,,,22,4422,,,,17,28391,,,,3,4454,,,,14,21374,,,,1,3722,,,,9,28039,,,,25,22124,,,,,,,,,,,,,,,,,,,,,,,,,,,,,,,,,
180857,10-Jul-19,14:32:12,2019-07-10 14:32:12,G,6,2,1132,517,0,6,-61.9466,-56.5577,32:14.1,FastGPS,-61.9466,-56.5577,,1,2.6,0.1,,,,15,23,16286,,,,6,24854,,,,9,13864,,,,4,15804,,,,26,9674,,,,3,15624,,,,,,,,,,,,,,,,,,,,,,,,,,,,,,,,,,,,,,,,,,,,,,,,
180857,10-Jul-19,15:32:00,2019-07-10 15:32:00,G,4,2,1133,517,0,4,-61.9229,-56.5186,7/10/2019 20:25,NP,-61.9247,-56.5461,,,5.4,-2.1,,,,15,29,21381,,,,16,27284,,,,5,3326,,,,26,8138,,,,,,,,,,,,,,,,,,,,,,,,,,,,,,,,,,,,,,,,,,,,,,,,,,,,,,,,,,
180857,10-Jul-19,16:32:00,2019-07-10 16:32:00,G,8,2,1134,517,1,6,-61.9365,-56.5241,32:01.6,FastGPS,-61.9365,-56.5241,,,14.3,-0.4,,,,15,16,1850,,,,23,843,,,,27,16730,,,,5,10903,,,,26,20702,,,,9,28613,,,,,,,,,,,,,,,,,,,,,,,,,,,,,,,,,,,,,,,,,,,,,,,,
180857,11-Jul-19,16:12:15,2019-07-11 16:12:15,G,6,2,1135,517,0,7,-61.8828,-56.5227,12:16.7,FastGPS,-61.8828,-56.5227,,1,6.5,-0.3,,,,15,9,1338,,,,7,16689,,,,23,17104,,,,16,31179,,,,5,4886,,,,4,18258,,,,30,26876,,,,,,,,,,,,,,,,,,,,,,,,,,,,,,,,,,,,,,,,,,,
180857,11-Jul-19,17:27:19,2019-07-11 17:27:19,G,8,2,1136,517,0,6,-61.8651,-56.551,27:20.6,FastGPS,-61.8651,-56.551,,1,4.4,-0.4,,,,15,7,10929,,,,5,18711,,,,30,30784,,,,4,2658,,,,9,23706,,,,27,26958,,,,,,,,,,,,,,,,,,,,,,,,,,,,,,,,,,,,,,,,,,,,,,,,
180857,11-Jul-19,18:33:05,2019-07-11 18:33:05,G,6,2,1137,517,0,8,-61.8554,-56.5815,33:06.7,FastGPS,-61.8554,-56.5815,,,8.2,-0.3,,,,15,7,32078,,,,13,22496,,,,30,27994,,,,5,25376,,,,27,31184,,,,15,9305,,,,28,14795,,,,8,18924,,,,,,,,,,,,,,,,,,,,,,,,,,,,,,,,,,,,,,
180857,11-Jul-19,19:33:08,2019-07-11 19:33:08,G,12,2,1138,517,0,5,-61.8353,-56.6256,33:10.1,FastGPS,-61.8353,-56.6256,,,5.9,0.1,,,,15,30,29737,,,,15,23211,,,,13,17216,,,,28,16332,,,,8,25746,,,,,,,,,,,,,,,,,,,,,,,,,,,,,,,,,,,,,,,,,,,,,,,,,,,,,
180857,11-Jul-19,20:45:08,2019-07-11 20:45:08,G,6,2,1139,517,0,4,-61.7811,-56.7267,48:19.2,FastGPS,-61.7989,-56.6527,,,0.3,-0.3,,,,15,17,13324,,,,28,8286,,,,15,7524,,,,13,5675,,,,,,,,,,,,,,,,,,,,,,,,,,,,,,,,,,,,,,,,,,,,,,,,,,,,,,,,,,
180857,11-Jul-19,21:45:00,2019-07-11 21:45:00,G,8,2,1140,517,0,4,-61.7811,-56.7267,48:19.2,FastGPS,-61.7863,-56.6799,,,1.6,-0.5,,,,15,17,25647,,,,19,4740,,,,28,16441,,,,10,22706,,,,,,,,,,,,,,,,,,,,,,,,,,,,,,,,,,,,,,,,,,,,,,,,,,,,,,,,,,
180857,11-Jul-19,22:48:17,2019-07-11 22:48:17,G,8,2,1141,517,0,4,-61.7264,-56.848,56:29.6,FastGPS,-61.7811,-56.7267,,,0.2,0.2,,,,15,17,18932,,,,12,18801,,,,19,31792,,,,24,17098,,,,,,,,,,,,,,,,,,,,,,,,,,,,,,,,,,,,,,,,,,,,,,,,,,,,,,,,,,
180857,11-Jul-19,23:50:41,2019-07-11 23:50:41,G,14,2,1142,517,0,7,-61.7756,-56.7777,50:43.2,FastGPS,-61.7756,-56.7777,,,7.4,0.2,,,,15,17,2756,,,,6,5321,,,,24,17460,,,,19,29348,,,,12,29512,,,,2,1621,,,,3,14031,,,,,,,,,,,,,,,,,,,,,,,,,,,,,,,,,,,,,,,,,,,
180857,12-Jul-19,0:54:42,2019-07-12 00:54:42,G,22,2,1143,,0,9,-61.7635,-56.842,54:44.2,FastGPS,-61.7635,-56.842,,,10.7,0.2,,,,15,29,29555,,,,12,26421,,,,25,8709,,,,6,13332,,,,2,14598,,,,31,24811,,,,32,15771,,,,24,22402,,,,14,13458,,,,,,,,,,,,,,,,,,,,,,,,,,,,,,,,,
180857,12-Jul-19,1:56:28,2019-07-12 01:56:28,G,14,2,1144,517,0,5,-61.7264,-56.848,56:29.6,FastGPS,-61.7264,-56.848,,,2.9,-0.4,,,,15,31,20126,,,,12,7702,,,,2,25367,,,,25,27246,,,,29,14922,,,,,,,,,,,,,,,,,,,,,,,,,,,,,,,,,,,,,,,,,,,,,,,,,,,,,
180857,12-Jul-19,2:56:00,2019-07-12 02:56:00,G,14,2,1145,517,0,5,-61.7197,-56.7858,56:01.7,FastGPS,-61.7197,-56.7858,,,8.2,-0.3,,,,15,5,27125,,,,12,5745,,,,2,15910,,,,25,7256,,,,9,14590,,,,,,,,,,,,,,,,,,,,,,,,,,,,,,,,,,,,,,,,,,,,,,,,,,,,,
180857,12-Jul-19,3:56:00,2019-07-12 03:56:00,G,14,2,1146,517,1,5,-61.7162,-56.7657,56:01.7,FastGPS,-61.7162,-56.7657,,,4,-0.3,,,,15,21,16090,,,,31,31643,,,,25,16604,,,,29,19556,,,,5,2682,,,,,,,,,,,,,,,,,,,,,,,,,,,,,,,,,,,,,,,,,,,,,,,,,,,,,
180857,12-Jul-19,4:56:00,2019-07-12 04:56:00,G,8,2,1147,517,1,6,-61.7125,-56.7491,56:01.7,FastGPS,-61.7125,-56.7491,,,9.2,-0.3,,,,15,20,11732,,,,21,23062,,,,26,15388,,,,29,1908,,,,15,27910,,,,5,19866,,,,,,,,,,,,,,,,,,,,,,,,,,,,,,,,,,,,,,,,,,,,,,,,
180857,12-Jul-19,20:17:13,2019-07-12 20:17:13,G,14,2,1148,517,0,6,-61.6378,-56.6776,17:15.2,FastGPS,-61.6378,-56.6776,,,4.1,0.2,,,,15,15,7388,,,,13,5264,,,,17,10677,,,,30,11539,,,,28,11146,,,,24,23299,,,,,,,,,,,,,,,,,,,,,,,,,,,,,,,,,,,,,,,,,,,,,,,,
180857,12-Jul-19,21:20:41,2019-07-12 21:20:41,G,10,2,1149,,0,9,-61.6587,-56.6023,20:44.2,FastGPS,-61.6587,-56.6023,,,12,1.2,,,,15,17,2994,,,,10,689,,,,24,12124,,,,28,13994,,,,1,11460,,,,11,15836,,,,19,27979,,,,15,6670,,,,13,10671,,,,,,,,,,,,,,,,,,,,,,,,,,,,,,,,,
180857,12-Jul-19,22:24:29,2019-07-12 22:24:29,G,16,2,1150,517,0,5,-61.672,-56.5607,24:32.2,FastGPS,-61.672,-56.5607,,,3.6,1.2,,,,15,12,6694,,,,24,32580,,,,17,7346,,,,15,11766,,,,19,17910,,,,,,,,,,,,,,,,,,,,,,,,,,,,,,,,,,,,,,,,,,,,,,,,,,,,,
180857,12-Jul-19,23:35:06,2019-07-12 23:35:06,G,12,2,1151,517,0,5,-61.6618,-56.5599,35:09.2,FastGPS,-61.6618,-56.5599,,,0.6,1.2,,,,15,17,7754,,,,12,273,,,,19,14792,,,,6,2338,,,,24,4186,,,,,,,,,,,,,,,,,,,,,,,,,,,,,,,,,,,,,,,,,,,,,,,,,,,,,
180857,13-Jul-19,1:22:20,2019-07-13 01:22:20,G,20,2,1152,519,0,6,-61.6405,-56.5328,22:22.7,FastGPS,-61.6405,-56.5328,,,6.7,0.7,,,,15,29,22132,,,,12,1825,,,,2,2299,,,,25,22645,,,,6,7376,,,,31,27914,,,,,,,,,,,,,,,,,,,,,,,,,,,,,,,,,,,,,,,,,,,,,,,,
180857,13-Jul-19,2:22:00,2019-07-13 02:22:00,G,14,2,1153,519,0,6,-61.6499,-56.5151,22:02.7,FastGPS,-61.6499,-56.5151,,,7.6,0.7,,,,15,12,6616,,,,31,11395,,,,25,8798,,,,29,23689,,,,5,4452,,,,26,23524,,,,,,,,,,,,,,,,,,,,,,,,,,,,,,,,,,,,,,,,,,,,,,,,
180857,13-Jul-19,3:22:00,2019-07-13 03:22:00,G,8,2,1154,519,1,6,-61.6467,-56.4784,22:01.7,FastGPS,-61.6467,-56.4784,,1,6,-0.3,,,,15,9,18656,,,,5,3181,,,,2,4076,,,,29,5258,,,,26,9790,,,,6,18447,,,,,,,,,,,,,,,,,,,,,,,,,,,,,,,,,,,,,,,,,,,,,,,,
180857,13-Jul-19,19:55:53,2019-07-13 19:55:53,G,10,2,1155,519,0,8,-61.5356,-56.0779,55:56.2,FastGPS,-61.5356,-56.0779,,,10.2,1.2,,,,15,13,14502,,,,15,32622,,,,28,31068,,,,30,1566,,,,11,24106,,,,17,9248,,,,8,20822,,,,18,2026,,,,,,,,,,,,,,,,,,,,,,,,,,,,,,,,,,,,,,
180857,13-Jul-19,21:22:28,2019-07-13 21:22:28,G,10,2,1156,520,0,4,-61.6106,-56.2626,7/13/2019 9:00,NK,-61.5718,-56.0259,,,204.5,1.6,,,,15,15,31873,,,,17,26322,,,,28,2406,,,,24,2242,,,,,,,,,,,,,,,,,,,,,,,,,,,,,,,,,,,,,,,,,,,,,,,,,,,,,,,,,,
180857,13-Jul-19,23:04:50,2019-07-13 23:04:50,G,18,2,1157,520,0,7,-61.6207,-56.0077,04:52.7,FastGPS,-61.6207,-56.0077,,,8.8,0.7,,,,15,17,12190,,,,12,12849,,,,19,4528,,,,32,4419,,,,24,23361,,,,14,15238,,,,6,29269,,,,,,,,,,,,,,,,,,,,,,,,,,,,,,,,,,,,,,,,,,,
180857,14-Jul-19,0:05:00,2019-07-14 00:05:00,G,16,2,1158,,0,9,-61.648,-55.9954,05:01.8,FastGPS,-61.648,-55.9954,,,8.6,-0.3,,,,15,12,28013,,,,17,12894,,,,25,8560,,,,19,6584,,,,6,18042,,,,24,21749,,,,32,8318,,,,2,21898,,,,22,17554,,,,,,,,,,,,,,,,,,,,,,,,,,,,,,,,,
180857,14-Jul-19,1:05:00,2019-07-14 01:05:00,G,18,2,1159,520,1,8,-61.6475,-55.9588,05:01.8,FastGPS,-61.6475,-55.9588,,,7.1,-0.2,,,,15,29,21160,,,,25,24020,,,,3,27946,,,,32,26302,,,,6,30371,,,,31,5020,,,,14,12040,,,,12,16776,,,,,,,,,,,,,,,,,,,,,,,,,,,,,,,,,,,,,,
180857,14-Jul-19,19:11:51,2019-07-14 19:11:51,G,10,2,1160,520,0,5,-61.5962,-55.5604,11:53.3,FastGPS,-61.5962,-55.5604,,,5.2,0.3,,,,15,15,28362,,,,5,30611,,,,13,14734,,,,8,15530,,,,30,340,,,,,,,,,,,,,,,,,,,,,,,,,,,,,,,,,,,,,,,,,,,,,,,,,,,,,
180857,14-Jul-19,20:12:00,2019-07-14 20:12:00,G,8,2,1161,,0,9,-61.584,-55.5292,12:01.7,FastGPS,-61.584,-55.5292,,,9,-0.3,,,,15,13,7271,,,,15,14246,,,,10,22815,,,,17,3606,,,,20,7954,,,,28,20516,,,,18,2268,,,,11,4172,,,,24,5463,,,,,,,,,,,,,,,,,,,,,,,,,,,,,,,,,
180857,14-Jul-19,21:12:47,2019-07-14 21:12:47,G,10,2,1162,,0,9,-61.6047,-55.5444,12:49.3,FastGPS,-61.6047,-55.5444,,,4.4,0.3,,,,15,15,15819,,,,17,19668,,,,28,30658,,,,19,12075,,,,13,22385,,,,11,31725,,,,24,21499,,,,12,29697,,,,1,28906,,,,,,,,,,,,,,,,,,,,,,,,,,,,,,,,,
180857,14-Jul-19,22:15:56,2019-07-14 22:15:56,G,2,2,1163,520,0,6,-61.6415,-55.5543,15:57.8,FastGPS,-61.6415,-55.5543,,,8.1,-0.2,,,,15,15,5648,,,,12,29144,,,,17,6382,,,,19,15327,,,,24,24974,,,,32,25897,,,,,,,,,,,,,,,,,,,,,,,,,,,,,,,,,,,,,,,,,,,,,,,,
180857,15-Jul-19,1:15:00,2019-07-15 01:15:00,G,2,2,1165,523,1,6,-61.697,-55.5742,15:02.8,FastGPS,-61.697,-55.5742,,,9.4,0.8,,,,15,29,8964,,,,31,15015,,,,14,430,,,,25,9834,,,,12,22306,,,,2,26514,,,,,,,,,,,,,,,,,,,,,,,,,,,,,,,,,,,,,,,,,,,,,,,,
180857,15-Jul-19,18:39:14,2019-07-15 18:39:14,G,6,3,1166,523,0,6,-61.8345,-55.5781,39:16.3,FastGPS,-61.8345,-55.5781,,,1,-0.7,,,,15,30,23110,,,,7,4436,,,,15,19604,,,,8,28422,,,,28,70,,,,13,31188,,,,,,,,,,,,,,,,,,,,,,,,,,,,,,,,,,,,,,,,,,,,,,,,
180857,15-Jul-19,19:42:05,2019-07-15 19:42:05,G,2,3,1167,523,0,5,-61.8316,-55.613,42:06.8,FastGPS,-61.8316,-55.613,,,4.5,-1.2,,,,15,15,18217,,,,13,14626,,,,8,6966,,,,28,24532,,,,10,27524,,,,,,,,,,,,,,,,,,,,,,,,,,,,,,,,,,,,,,,,,,,,,,,,,,,,,
180857,15-Jul-19,20:55:26,2019-07-15 20:55:26,G,4,3,1168,523,0,4,-61.9624,-55.7896,33:49.3,FastGPS,-61.8346,-55.6562,,,1.8,-0.7,,,,15,15,6380,,,,17,11374,,,,28,7676,,,,13,7092,,,,,,,,,,,,,,,,,,,,,,,,,,,,,,,,,,,,,,,,,,,,,,,,,,,,,,,,,,
180857,15-Jul-19,21:55:00,2019-07-15 21:55:00,G,6,3,1169,523,0,8,-61.86,-55.684,55:01.8,FastGPS,-61.86,-55.684,,,6.2,-1.2,,,,15,17,16601,,,,19,30408,,,,12,168,,,,24,6836,,,,10,22409,,,,28,4386,,,,15,7835,,,,32,5038,,,,,,,,,,,,,,,,,,,,,,,,,,,,,,,,,,,,,,
180857,16-Jul-19,0:20:28,2019-07-16 00:20:28,G,2,3,1170,523,0,8,-61.9022,-55.7274,20:30.3,FastGPS,-61.9022,-55.7274,,,10,-0.7,,,,15,12,28882,,,,25,7229,,,,2,15052,,,,31,2484,,,,14,25894,,,,24,23420,,,,6,22781,,,,32,19432,,,,,,,,,,,,,,,,,,,,,,,,,,,,,,,,,,,,,,
180857,16-Jul-19,1:28:32,2019-07-16 01:28:32,G,2,3,1171,523,0,5,-61.9288,-55.7673,28:33.8,FastGPS,-61.9288,-55.7673,,,3.3,-1.2,,,,15,12,2830,,,,29,31786,,,,31,21214,,,,25,9247,,,,2,26604,,,,,,,,,,,,,,,,,,,,,,,,,,,,,,,,,,,,,,,,,,,,,,,,,,,,,
180857,16-Jul-19,2:33:47,2019-07-16 02:33:47,G,2,3,1172,523,0,4,-62.0967,-56.1544,12:58.3,FastGPS,-61.9624,-55.7896,,,0.1,-0.7,,,,15,29,10446,,,,25,6765,,,,31,10573,,,,5,7884,,,,,,,,,,,,,,,,,,,,,,,,,,,,,,,,,,,,,,,,,,,,,,,,,,,,,,,,,,
180857,16-Jul-19,3:37:44,2019-07-16 03:37:44,G,14,3,1173,523,0,5,-61.99,-55.8365,37:45.8,FastGPS,-61.99,-55.8365,,,1.9,-1.2,,,,15,29,21218,,,,21,31031,,,,26,29875,,,,5,4629,,,,16,95,,,,,,,,,,,,,,,,,,,,,,,,,,,,,,,,,,,,,,,,,,,,,,,,,,,,,
180857,16-Jul-19,4:39:44,2019-07-16 04:39:44,G,10,3,1174,523,0,7,-62.0086,-55.8968,39:46.4,FastGPS,-62.0086,-55.8968,,,9,-0.6,,,,15,29,27060,,,,16,11821,,,,27,11700,,,,21,10462,,,,26,1468,,,,5,15544,,,,7,8665,,,,,,,,,,,,,,,,,,,,,,,,,,,,,,,,,,,,,,,,,,,
180857,16-Jul-19,5:43:44,2019-07-16 05:43:44,G,10,3,1175,,0,9,-62.0299,-55.9496,43:45.8,FastGPS,-62.0299,-55.9496,,,8,-1.2,,,,15,20,22916,,,,7,26564,,,,21,205,,,,13,15433,,,,15,5619,,,,27,11469,,,,30,20206,,,,16,4344,,,,10,32431,,,,,,,,,,,,,,,,,,,,,,,,,,,,,,,,,
180857,16-Jul-19,6:45:40,2019-07-16 06:45:40,G,8,3,1176,,0,9,-62.0532,-56.0064,45:41.8,FastGPS,-62.0532,-56.0064,,,5.6,-1.2,,,,15,10,10236,,,,15,8011,,,,27,17904,,,,8,12560,,,,13,10355,,,,21,14944,,,,20,21214,,,,16,27655,,,,30,28224,,,,,,,,,,,,,,,,,,,,,,,,,,,,,,,,,
180857,16-Jul-19,8:08:37,2019-07-16 08:08:37,G,4,3,1177,,0,9,-62.0824,-56.0877,08:38.8,FastGPS,-62.0824,-56.0877,,,5.4,-1.2,,,,15,10,26391,,,,20,23948,,,,27,29211,,,,24,27553,,,,18,23562,,,,8,26014,,,,11,26527,,,,32,28489,,,,15,7660,,,,,,,,,,,,,,,,,,,,,,,,,,,,,,,,,
180857,16-Jul-19,9:12:56,2019-07-16 09:12:56,G,4,3,1178,524,0,5,-62.0967,-56.1544,12:58.3,FastGPS,-62.0967,-56.1544,,,1,-0.7,,,,15,18,3847,,,,32,25288,,,,11,12589,,,,1,3176,,,,10,27340,,,,,,,,,,,,,,,,,,,,,,,,,,,,,,,,,,,,,,,,,,,,,,,,,,,,,
180857,16-Jul-19,13:16:28,2019-07-16 13:16:28,G,10,3,1179,524,0,8,-62.2025,-56.3243,16:30.4,FastGPS,-62.2025,-56.3243,,,15.6,-0.6,,,,15,31,28389,,,,3,8554,,,,6,9928,,,,2,13218,,,,23,6818,,,,9,2816,,,,25,32407,,,,17,29957,,,,,,,,,,,,,,,,,,,,,,,,,,,,,,,,,,,,,,
180857,16-Jul-19,14:16:00,2019-07-16 14:16:00,G,4,3,1180,524,1,8,-62.2067,-56.3357,16:02.8,FastGPS,-62.2067,-56.3357,,1,7.4,-0.2,,,,15,7,7884,,,,6,9802,,,,9,31464,,,,23,2355,,,,22,31539,,,,3,12642,,,,2,3709,,,,32,22672,,,,,,,,,,,,,,,,,,,,,,,,,,,,,,,,,,,,,,
180857,16-Jul-19,22:46:19,2019-07-16 22:46:19,G,2,3,1181,524,0,6,-62.3061,-56.3725,46:20.8,FastGPS,-62.3061,-56.3725,,,2.8,-1.2,,,,15,12,2198,,,,24,32609,,,,17,5908,,,,6,6780,,,,32,8213,,,,19,16325,,,,,,,,,,,,,,,,,,,,,,,,,,,,,,,,,,,,,,,,,,,,,,,,
180857,17-Jul-19,1:00:47,2019-07-17 01:00:47,G,6,3,1183,524,0,6,-62.3429,-56.4574,00:48.8,FastGPS,-62.3429,-56.4574,,,4.8,-1.2,,,,15,29,122,,,,12,12381,,,,25,10950,,,,2,30120,,,,31,19860,,,,6,27734,,,,,,,,,,,,,,,,,,,,,,,,,,,,,,,,,,,,,,,,,,,,,,,,
180857,17-Jul-19,3:18:30,2019-07-17 03:18:30,G,4,3,1184,525,0,7,-62.3428,-56.611,18:31.9,FastGPS,-62.3428,-56.611,,,8.4,-1.1,,,,15,29,13500,,,,25,12778,,,,26,5168,,,,31,28098,,,,9,10759,,,,21,27227,,,,5,3453,,,,,,,,,,,,,,,,,,,,,,,,,,,,,,,,,,,,,,,,,,,
180857,17-Jul-19,4:18:00,2019-07-17 04:18:00,G,2,3,1185,525,0,8,-62.3575,-56.6926,18:01.9,FastGPS,-62.3575,-56.6926,,,12.3,-1.1,,,,15,29,28738,,,,16,18587,,,,5,5700,,,,21,3460,,,,26,27244,,,,20,19596,,,,7,8345,,,,27,13492,,,,,,,,,,,,,,,,,,,,,,,,,,,,,,,,,,,,,,
180857,17-Jul-19,5:22:57,2019-07-17 05:22:57,G,2,3,1186,525,0,8,-62.3749,-56.7713,22:58.9,FastGPS,-62.3749,-56.7713,,,13,-1.1,,,,15,20,10778,,,,29,5107,,,,27,1831,,,,21,18818,,,,16,1560,,,,26,6290,,,,10,25976,,,,15,970,,,,,,,,,,,,,,,,,,,,,,,,,,,,,,,,,,,,,,
180857,17-Jul-19,6:43:10,2019-07-17 06:43:10,G,4,3,1187,526,0,6,-62.3784,-56.8539,43:11.9,FastGPS,-62.3784,-56.8539,,,13.3,-1.1,,,,15,10,22685,,,,27,31246,,,,20,29176,,,,21,15388,,,,15,15619,,,,8,612,,,,,,,,,,,,,,,,,,,,,,,,,,,,,,,,,,,,,,,,,,,,,,,,
180857,17-Jul-19,7:45:25,2019-07-17 07:45:25,G,6,3,1188,526,0,6,-62.4131,-56.8586,45:27.3,FastGPS,-62.4131,-56.8586,,,4.9,-0.7,,,,15,10,31372,,,,8,12727,,,,27,8529,,,,18,23476,,,,11,25332,,,,32,32280,,,,,,,,,,,,,,,,,,,,,,,,,,,,,,,,,,,,,,,,,,,,,,,,
180857,17-Jul-19,9:17:30,2019-07-17 09:17:30,G,4,3,1189,528,0,4,-62.5627,-57.7376,20:01.9,FastGPS,-62.462,-56.8914,,,0.1,-0.7,,,,15,32,13028,,,,1,12460,,,,18,25976,,,,8,23452,,,,,,,,,,,,,,,,,,,,,,,,,,,,,,,,,,,,,,,,,,,,,,,,,,,,,,,,,,
180857,17-Jul-19,10:40:16,2019-07-17 10:40:16,G,10,3,1190,529,0,8,-62.4953,-56.944,40:17.9,FastGPS,-62.4953,-56.944,,,5.2,-1.1,,,,15,17,20295,,,,1,3349,,,,11,7306,,,,18,27366,,,,22,13036,,,,3,22184,,,,19,30874,,,,32,7113,,,,,,,,,,,,,,,,,,,,,,,,,,,,,,,,,,,,,,
180857,17-Jul-19,12:07:33,2019-07-17 12:07:33,G,10,3,1191,530,0,6,-62.5216,-57.0253,07:35.4,FastGPS,-62.5216,-57.0253,,,11.1,-0.6,,,,15,31,25854,,,,17,30098,,,,3,914,,,,12,11812,,,,14,17675,,,,22,29834,,,,,,,,,,,,,,,,,,,,,,,,,,,,,,,,,,,,,,,,,,,,,,,,
180857,17-Jul-19,13:29:25,2019-07-17 13:29:25,G,8,3,1192,531,0,4,-62.5627,-57.7376,20:01.9,FastGPS,-62.5249,-57.0557,,,1,-1.1,,,,15,23,7245,,,,6,18355,,,,3,13256,,,,9,21732,,,,,,,,,,,,,,,,,,,,,,,,,,,,,,,,,,,,,,,,,,,,,,,,,,,,,,,,,,
180857,17-Jul-19,22:06:40,2019-07-17 22:06:40,G,8,3,1197,538,0,4,-62.5627,-57.7376,20:01.9,FastGPS,-62.5562,-57.6167,,,14,-1.4,,,,15,17,23257,,,,12,6900,,,,24,22833,,,,19,2301,,,,,,,,,,,,,,,,,,,,,,,,,,,,,,,,,,,,,,,,,,,,,,,,,,,,,,,,,,
180857,17-Jul-19,23:34:42,2019-07-17 23:34:42,G,6,3,1198,,0,9,-62.5668,-57.737,34:44.4,FastGPS,-62.5668,-57.737,,,11.1,-0.6,,,,15,17,25820,,,,12,32203,,,,19,28477,,,,6,7188,,,,3,19253,,,,14,25396,,,,32,21087,,,,25,6932,,,,22,288,,,,,,,,,,,,,,,,,,,,,,,,,,,,,,,,,
180857,18-Jul-19,1:20:00,2019-07-18 01:20:00,G,8,3,1199,541,1,4,-62.5638,-57.7376,20:01.8,FastGPS,-62.5627,-57.7376,,,0.3,-1.1,,,,15,12,18060,,,,2,10626,,,,5,30923,,,,25,304,,,,,,,,,,,,,,,,,,,,,,,,,,,,,,,,,,,,,,,,,,,,,,,,,,,,,,,,,,
180857,18-Jul-19,2:20:00,2019-07-18 02:20:00,G,4,3,1200,541,1,4,-62.5618,-57.7365,7/18/2019 3:37,MA,-62.5638,-57.7376,,,1.1,-1.2,,,,15,12,18426,,,,5,27187,,,,29,19983,,,,25,29091,,,,,,,,,,,,,,,,,,,,,,,,,,,,,,,,,,,,,,,,,,,,,,,,,,,,,,,,,,
180857,18-Jul-19,5:05:00,2019-07-18 05:05:00,G,4,3,1201,548,1,4,-62.5618,-57.7365,7/18/2019 3:37,MA,-62.5636,-57.7344,,,1.7,-1.1,,,,15,29,30722,,,,7,21078,,,,15,18790,,,,21,15320,,,,,,,,,,,,,,,,,,,,,,,,,,,,,,,,,,,,,,,,,,,,,,,,,,,,,,,,,,
180857,18-Jul-19,23:41:38,2019-07-18 23:41:38,G,8,3,1207,,0,9,-62.4789,-58.0666,41:40.4,FastGPS,-62.4789,-58.0666,,,8,-0.6,,,,15,12,11200,,,,24,9587,,,,32,10486,,,,31,11678,,,,14,2976,,,,25,17318,,,,19,27908,,,,22,18808,,,,2,12047,,,,,,,,,,,,,,,,,,,,,,,,,,,,,,,,,
180857,19-Jul-19,2:26:00,2019-07-19 02:26:00,G,6,3,1209,575,0,7,-62.4554,-58.2651,26:01.9,FastGPS,-62.4554,-58.2651,,,4.8,-1.1,,,,15,31,23114,,,,5,16406,,,,2,22432,,,,29,23904,,,,25,31605,,,,12,303,,,,26,27629,,,,,,,,,,,,,,,,,,,,,,,,,,,,,,,,,,,,,,,,,,,
180857,19-Jul-19,4:00:07,2019-07-19 04:00:07,G,6,3,1210,,0,9,-62.4088,-58.3722,00:09.4,FastGPS,-62.4088,-58.3722,,1,5.8,-0.6,,,,15,31,2972,,,,21,31588,,,,26,26103,,,,16,23069,,,,5,11618,,,,7,1894,,,,4,17589,,,,29,12890,,,,27,3944,,,,,,,,,,,,,,,,,,,,,,,,,,,,,,,,,
180857,19-Jul-19,5:05:05,2019-07-19 05:05:05,G,4,3,1211,,0,9,-62.3733,-58.446,05:06.9,FastGPS,-62.3733,-58.446,,1,10.5,-1.1,,,,15,15,3825,,,,29,17921,,,,26,18077,,,,16,19110,,,,13,17508,,,,5,2306,,,,20,16639,,,,4,22204,,,,27,14195,,,,,,,,,,,,,,,,,,,,,,,,,,,,,,,,,
180857,19-Jul-19,6:55:04,2019-07-19 06:55:04,G,8,3,1212,,0,9,-62.3003,-58.5317,55:05.9,FastGPS,-62.3003,-58.5317,,1,7,-1.1,,,,15,15,3771,,,,10,14812,,,,18,22360,,,,20,28765,,,,27,18868,,,,16,27926,,,,21,2105,,,,8,17458,,,,4,23589,,,,,,,,,,,,,,,,,,,,,,,,,,,,,,,,,
180857,19-Jul-19,7:57:16,2019-07-19 07:57:16,G,2,3,1213,,0,9,-62.2626,-58.6028,57:17.9,FastGPS,-62.2626,-58.6028,,1,15.9,-1.1,,,,15,27,18969,,,,8,25246,,,,10,11829,,,,11,874,,,,20,3179,,,,4,16183,,,,1,32235,,,,32,18006,,,,18,29549,,,,,,,,,,,,,,,,,,,,,,,,,,,,,,,,,
180857,19-Jul-19,8:57:19,2019-07-19 08:57:19,G,8,3,1214,,0,9,-62.255,-58.6949,57:20.9,FastGPS,-62.255,-58.6949,,,5.6,-1.1,,,,15,10,21545,,,,20,21094,,,,32,4976,,,,14,25275,,,,18,30920,,,,24,18362,,,,11,9491,,,,27,22936,,,,1,28742,,,,,,,,,,,,,,,,,,,,,,,,,,,,,,,,,
180857,19-Jul-19,9:57:00,2019-07-19 09:57:00,G,6,3,1215,,0,9,-62.2388,-58.7771,57:01.9,FastGPS,-62.2388,-58.7771,,,6.9,-1.1,,,,15,32,9489,,,,1,24634,,,,22,817,,,,18,27485,,,,14,4632,,,,11,9832,,,,8,17704,,,,3,7404,,,,17,2296,,,,,,,,,,,,,,,,,,,,,,,,,,,,,,,,,
180857,19-Jul-19,11:01:01,2019-07-19 11:01:01,G,2,3,1216,,0,9,-62.1963,-58.8377,01:02.9,FastGPS,-62.1963,-58.8377,,,8.2,-1.1,,,,15,32,6798,,,,14,5400,,,,22,27929,,,,23,10192,,,,11,3760,,,,31,7116,,,,3,18553,,,,17,25204,,,,1,19241,,,,,,,,,,,,,,,,,,,,,,,,,,,,,,,,,
180857,19-Jul-19,12:05:02,2019-07-19 12:05:02,G,2,3,1217,,0,9,-62.1956,-58.9282,05:04.0,FastGPS,-62.1956,-58.9282,,,7.9,-1,,,,15,31,26304,,,,3,10208,,,,22,24182,,,,17,28807,,,,23,1160,,,,6,22589,,,,9,24641,,,,1,4005,,,,14,22683,,,,,,,,,,,,,,,,,,,,,,,,,,,,,,,,,
180857,19-Jul-19,13:09:28,2019-07-19 13:09:28,G,4,3,1218,,0,9,-62.2022,-58.9511,09:29.9,FastGPS,-62.2022,-58.9511,,,10.2,-1.1,,,,15,23,30166,,,,3,7529,,,,25,1514,,,,2,24072,,,,31,19341,,,,22,27091,,,,26,25053,,,,6,10308,,,,9,17388,,,,,,,,,,,,,,,,,,,,,,,,,,,,,,,,,
180857,19-Jul-19,16:06:00,2019-07-19 16:06:00,G,4,3,1219,,0,9,-62.199,-58.9392,06:02.0,FastGPS,-62.199,-58.9392,,1,12.6,-1,,,,15,23,9839,,,,5,29853,,,,7,25643,,,,16,20046,,,,30,6684,,,,4,19779,,,,9,9669,,,,27,22854,,,,26,19388,,,,,,,,,,,,,,,,,,,,,,,,,,,,,,,,,
180857,19-Jul-19,18:53:59,2019-07-19 18:53:59,G,4,3,1221,575,0,7,-62.1861,-58.807,54:01.5,FastGPS,-62.1861,-58.807,,,4.8,-0.5,,,,15,15,12408,,,,13,16854,,,,5,21295,,,,28,29304,,,,30,13121,,,,20,19739,,,,8,30970,,,,,,,,,,,,,,,,,,,,,,,,,,,,,,,,,,,,,,,,,,,
180857,19-Jul-19,19:56:34,2019-07-19 19:56:34,G,8,3,1222,,0,9,-62.2257,-58.7982,56:36.9,FastGPS,-62.2257,-58.7982,,,16.3,-0.1,,,,15,13,17160,,,,15,17451,,,,17,335,,,,10,1642,,,,28,30322,,,,18,22448,,,,20,12650,,,,11,16294,,,,24,676,,,,,,,,,,,,,,,,,,,,,,,,,,,,,,,,,
180857,19-Jul-19,20:57:12,2019-07-19 20:57:12,G,4,3,1223,,0,9,-62.2467,-58.7346,57:13.9,FastGPS,-62.2467,-58.7346,,,7,-1.1,,,,15,15,17164,,,,24,22136,,,,19,22064,,,,1,30091,,,,17,24124,,,,12,4443,,,,28,7341,,,,18,26967,,,,11,22610,,,,,,,,,,,,,,,,,,,,,,,,,,,,,,,,,
180857,19-Jul-19,22:02:05,2019-07-19 22:02:05,G,4,3,1224,575,0,5,-62.2613,-58.6951,02:07.0,FastGPS,-62.2613,-58.6951,,,6.1,-1,,,,15,32,25209,,,,17,17596,,,,12,27462,,,,19,4365,,,,24,29492,,,,,,,,,,,,,,,,,,,,,,,,,,,,,,,,,,,,,,,,,,,,,,,,,,,,,
180857,19-Jul-19,23:33:12,2019-07-19 23:33:12,G,2,3,1225,,0,9,-62.277,-58.6232,33:13.9,FastGPS,-62.277,-58.6232,,,11.7,-1.1,,,,15,12,7174,,,,6,9458,,,,32,16974,,,,19,3923,,,,17,24138,,,,14,32334,,,,25,2488,,,,2,22914,,,,24,24822,,,,,,,,,,,,,,,,,,,,,,,,,,,,,,,,,
180857,20-Jul-19,0:37:00,2019-07-20 00:37:00,G,4,3,1226,577,0,8,-62.2633,-58.575,37:02.0,FastGPS,-62.2633,-58.575,,,14.4,-1,,,,15,29,12145,,,,25,16436,,,,19,32274,,,,31,8290,,,,6,25494,,,,12,15365,,,,2,23164,,,,14,4682,,,,,,,,,,,,,,,,,,,,,,,,,,,,,,,,,,,,,,
180857,20-Jul-19,1:39:31,2019-07-20 01:39:31,G,4,3,1227,577,0,8,-62.2481,-58.5222,39:33.4,FastGPS,-62.2481,-58.5222,,,6.3,-0.6,,,,15,29,14730,,,,31,2690,,,,25,48,,,,12,31784,,,,2,24603,,,,23,815,,,,6,14098,,,,5,21756,,,,,,,,,,,,,,,,,,,,,,,,,,,,,,,,,,,,,,
180857,20-Jul-19,2:43:56,2019-07-20 02:43:56,G,4,3,1228,577,0,7,-62.2357,-58.4727,43:59.0,FastGPS,-62.2357,-58.4727,,,9.3,0,,,,15,31,19430,,,,29,5810,,,,26,21863,,,,25,8406,,,,5,10794,,,,2,8789,,,,16,28280,,,,,,,,,,,,,,,,,,,,,,,,,,,,,,,,,,,,,,,,,,,
180857,20-Jul-19,4:07:00,2019-07-20 04:07:00,G,4,3,1229,578,0,6,-62.2325,-58.4688,07:02.0,FastGPS,-62.2325,-58.4688,,1,4.7,-1,,,,15,16,23312,,,,26,27593,,,,29,13780,,,,21,6118,,,,5,23274,,,,4,300,,,,,,,,,,,,,,,,,,,,,,,,,,,,,,,,,,,,,,,,,,,,,,,,
180857,20-Jul-19,6:11:50,2019-07-20 06:11:50,G,4,3,1230,,0,9,-62.2338,-58.466,11:52.4,FastGPS,-62.2338,-58.466,,1,13.1,-0.6,,,,15,27,7958,,,,4,1588,,,,8,25946,,,,20,13416,,,,7,20238,,,,15,1301,,,,10,25990,,,,16,6772,,,,30,28394,,,,,,,,,,,,,,,,,,,,,,,,,,,,,,,,,
180857,20-Jul-19,7:50:10,2019-07-20 07:50:10,G,4,3,1231,578,0,8,-62.2209,-58.4317,50:12.4,FastGPS,-62.2209,-58.4317,,1,3.8,-0.6,,,,15,10,30185,,,,8,6408,,,,27,10319,,,,32,21018,,,,4,10602,,,,20,28106,,,,15,15794,,,,24,17199,,,,,,,,,,,,,,,,,,,,,,,,,,,,,,,,,,,,,,
180857,20-Jul-19,8:50:54,2019-07-20 08:50:54,G,2,3,1232,,0,9,-62.1877,-58.4313,50:56.0,FastGPS,-62.1877,-58.4313,,,8.1,-1,,,,15,32,13584,,,,10,9762,,,,11,16890,,,,27,14114,,,,1,31665,,,,14,28961,,,,18,6163,,,,22,20482,,,,24,30568,,,,,,,,,,,,,,,,,,,,,,,,,,,,,,,,,
180857,20-Jul-19,9:51:27,2019-07-20 09:51:27,G,12,3,1233,,0,9,-62.1553,-58.3839,51:29.5,FastGPS,-62.1553,-58.3839,,,9,-0.5,,,,15,17,30347,,,,1,24215,,,,32,14966,,,,11,13052,,,,22,30118,,,,24,21660,,,,14,6624,,,,10,27157,,,,18,31510,,,,,,,,,,,,,,,,,,,,,,,,,,,,,,,,,
180857,20-Jul-19,10:52:44,2019-07-20 10:52:44,G,8,3,1234,,0,9,-62.1693,-58.3179,52:46.5,FastGPS,-62.1693,-58.3179,,,9.1,-0.5,,,,15,11,15761,,,,1,24396,,,,17,21096,,,,22,23285,,,,3,5670,,,,18,30730,,,,23,19786,,,,12,2580,,,,14,15264,,,,,,,,,,,,,,,,,,,,,,,,,,,,,,,,,
180857,20-Jul-19,11:55:57,2019-07-20 11:55:57,G,8,3,1235,,0,9,-62.1935,-58.2703,55:59.0,FastGPS,-62.1935,-58.2703,,,2.5,-1,,,,15,31,23137,,,,17,4223,,,,19,13022,,,,14,10722,,,,23,9563,,,,22,30909,,,,3,4806,,,,12,9246,,,,6,24987,,,,,,,,,,,,,,,,,,,,,,,,,,,,,,,,,
180857,20-Jul-19,12:59:31,2019-07-20 12:59:31,G,8,3,1236,578,0,8,-62.1882,-58.2189,59:33.4,FastGPS,-62.1882,-58.2189,,,12.5,-0.6,,,,15,31,9675,,,,6,32301,,,,22,25978,,,,9,29900,,,,3,28057,,,,26,14360,,,,1,10540,,,,2,1888,,,,,,,,,,,,,,,,,,,,,,,,,,,,,,,,,,,,,,
180857,20-Jul-19,14:00:14,2019-07-20 14:00:14,G,10,3,1237,578,0,7,-62.1898,-58.2326,00:16.4,FastGPS,-62.1898,-58.2326,,,7.5,-0.6,,,,15,26,18780,,,,23,3912,,,,31,11798,,,,9,12020,,,,2,17098,,,,6,18405,,,,29,31520,,,,,,,,,,,,,,,,,,,,,,,,,,,,,,,,,,,,,,,,,,,
180857,20-Jul-19,15:59:16,2019-07-20 15:59:16,G,6,3,1238,,0,9,-62.1908,-58.219,7/20/2019 15:59,FastGPS,-62.1908,-58.219,,1,7.7,0,,,,15,30,12210,,,,7,7492,,,,23,11080,,,,9,2255,,,,5,4538,,,,16,12030,,,,2,26267,,,,4,1577,,,,26,16144,,,,,,,,,,,,,,,,,,,,,,,,,,,,,,,,,
180857,20-Jul-19,17:08:38,2019-07-20 17:08:38,G,4,3,1239,578,0,8,-62.1925,-58.2627,08:40.5,FastGPS,-62.1925,-58.2627,,1,3.5,-0.5,,,,15,7,17050,,,,5,29897,,,,30,4714,,,,27,20593,,,,4,26036,,,,8,6144,,,,9,13923,,,,13,8090,,,,,,,,,,,,,,,,,,,,,,,,,,,,,,,,,,,,,,
180857,20-Jul-19,18:09:35,2019-07-20 18:09:35,G,4,3,1240,578,0,7,-62.1932,-58.2622,09:38.0,FastGPS,-62.1932,-58.2622,,,4.8,0,,,,15,7,21362,,,,30,28204,,,,5,2941,,,,8,5961,,,,13,11552,,,,27,18499,,,,15,20484,,,,,,,,,,,,,,,,,,,,,,,,,,,,,,,,,,,,,,,,,,,
180857,20-Jul-19,19:26:45,2019-07-20 19:26:45,G,8,3,1241,578,0,7,-62.1929,-58.2623,26:46.9,FastGPS,-62.1929,-58.2623,,,12.8,-1.1,,,,15,13,9480,,,,15,2215,,,,28,20185,,,,10,14488,,,,8,18406,,,,18,21755,,,,20,17935,,,,,,,,,,,,,,,,,,,,,,,,,,,,,,,,,,,,,,,,,,,
180857,20-Jul-19,20:29:35,2019-07-20 20:29:35,G,4,3,1242,578,0,8,-62.1932,-58.2622,29:37.4,FastGPS,-62.1932,-58.2622,,,4.6,-0.6,,,,15,15,12034,,,,1,15002,,,,11,15414,,,,13,15721,,,,18,28322,,,,24,25506,,,,19,21188,,,,28,5502,,,,,,,,,,,,,,,,,,,,,,,,,,,,,,,,,,,,,,
180857,21-Jul-19,0:23:42,2019-07-21 00:23:42,G,4,3,1243,579,0,6,-62.1392,-58.1227,23:45.0,FastGPS,-62.1392,-58.1227,,,12.6,0,,,,15,6,17390,,,,2,11764,,,,25,5746,,,,12,5028,,,,24,14414,,,,19,13744,,,,,,,,,,,,,,,,,,,,,,,,,,,,,,,,,,,,,,,,,,,,,,,,
180857,21-Jul-19,12:14:04,2019-07-21 12:14:04,G,2,3,1253,,0,9,-62.023,-57.5778,14:06.5,FastGPS,-62.023,-57.5778,,,9.8,-0.5,,,,15,31,16714,,,,3,27286,,,,17,15732,,,,6,29104,,,,19,3803,,,,23,10029,,,,1,18659,,,,22,8652,,,,14,4620,,,,,,,,,,,,,,,,,,,,,,,,,,,,,,,,,
180857,21-Jul-19,14:38:04,2019-07-21 14:38:04,G,6,3,1255,581,0,7,-61.9313,-57.6381,38:07.0,FastGPS,-61.9313,-57.6381,,,9,0,,,,15,23,26769,,,,7,13654,,,,26,14265,,,,16,7921,,,,2,23849,,,,9,30318,,,,29,25302,,,,,,,,,,,,,,,,,,,,,,,,,,,,,,,,,,,,,,,,,,,
180857,21-Jul-19,16:30:32,2019-07-21 16:30:32,G,4,3,1256,583,0,7,-61.8967,-57.7574,30:35.0,FastGPS,-61.8967,-57.7574,,1,6.3,0,,,,15,30,12848,,,,7,5138,,,,5,24166,,,,27,710,,,,16,5995,,,,4,20618,,,,13,28709,,,,,,,,,,,,,,,,,,,,,,,,,,,,,,,,,,,,,,,,,,,
180857,21-Jul-19,17:46:01,2019-07-21 17:46:01,G,4,3,1257,,0,9,-61.9153,-57.859,46:04.0,FastGPS,-61.9153,-57.859,,,7.9,0,,,,15,7,28800,,,,5,25308,,,,8,14101,,,,15,30981,,,,30,14197,,,,27,13180,,,,13,20314,,,,21,24831,,,,28,27252,,,,,,,,,,,,,,,,,,,,,,,,,,,,,,,,,
180857,21-Jul-19,18:49:19,2019-07-21 18:49:19,G,2,3,1258,584,0,6,-61.9179,-57.96,49:21.0,FastGPS,-61.9179,-57.96,,,7,-1,,,,15,30,25189,,,,7,23324,,,,15,3491,,,,11,24226,,,,28,24848,,,,8,12695,,,,,,,,,,,,,,,,,,,,,,,,,,,,,,,,,,,,,,,,,,,,,,,,
180857,21-Jul-19,19:50:36,2019-07-21 19:50:36,G,2,3,1259,584,0,7,-61.8976,-58.0261,50:38.5,FastGPS,-61.8976,-58.0261,,,16.2,-0.5,,,,15,15,25254,,,,28,6702,,,,24,14567,,,,20,15555,,,,18,2664,,,,11,28186,,,,13,23012,,,,,,,,,,,,,,,,,,,,,,,,,,,,,,,,,,,,,,,,,,,
180857,21-Jul-19,20:59:52,2019-07-21 20:59:52,G,2,3,1260,584,0,8,-61.9045,-58.131,59:54.5,FastGPS,-61.9045,-58.131,,,16.5,-0.5,,,,15,17,30742,,,,15,2876,,,,28,13470,,,,24,30615,,,,1,17196,,,,12,8,,,,13,3215,,,,11,9472,,,,,,,,,,,,,,,,,,,,,,,,,,,,,,,,,,,,,,
180857,21-Jul-19,22:00:42,2019-07-21 22:00:42,G,4,3,1261,584,0,6,-61.8744,-58.2132,00:44.0,FastGPS,-61.8744,-58.2132,,,8.2,-1,,,,15,17,14979,,,,24,4919,,,,15,21496,,,,19,14220,,,,12,23366,,,,32,13358,,,,,,,,,,,,,,,,,,,,,,,,,,,,,,,,,,,,,,,,,,,,,,,,
180857,21-Jul-19,23:01:04,2019-07-21 23:01:04,G,2,3,1262,,0,9,-61.868,-58.3161,01:06.0,FastGPS,-61.868,-58.3161,,,12.5,-1,,,,15,12,19777,,,,17,5003,,,,24,8141,,,,32,6302,,,,19,12552,,,,25,16778,,,,6,7000,,,,22,13052,,,,2,15082,,,,,,,,,,,,,,,,,,,,,,,,,,,,,,,,,
180857,22-Jul-19,1:05:37,2019-07-22 01:05:37,G,2,3,1263,584,0,7,-61.9279,-58.4745,05:40.5,FastGPS,-61.9279,-58.4745,,,10,0.5,,,,15,12,24188,,,,29,13864,,,,2,19818,,,,25,14140,,,,31,4872,,,,14,11256,,,,23,28222,,,,,,,,,,,,,,,,,,,,,,,,,,,,,,,,,,,,,,,,,,,
180857,22-Jul-19,2:43:12,2019-07-22 02:43:12,G,2,3,1264,584,0,8,-61.9818,-58.5639,43:14.5,FastGPS,-61.9818,-58.5639,,,9.6,-0.5,,,,15,29,5599,,,,31,2390,,,,25,19586,,,,26,15900,,,,16,31920,,,,5,25031,,,,9,22590,,,,2,10078,,,,,,,,,,,,,,,,,,,,,,,,,,,,,,,,,,,,,,
180857,22-Jul-19,4:00:15,2019-07-22 04:00:15,G,2,3,1265,584,0,6,-62.0052,-58.6465,00:17.5,FastGPS,-62.0052,-58.6465,,1,5.1,-0.5,,,,15,29,20850,,,,5,29476,,,,16,5778,,,,26,6782,,,,4,18014,,,,20,10108,,,,,,,,,,,,,,,,,,,,,,,,,,,,,,,,,,,,,,,,,,,,,,,,
180857,22-Jul-19,5:00:02,2019-07-22 05:00:02,G,2,3,1266,,0,9,-62.0242,-58.7225,00:04.5,FastGPS,-62.0242,-58.7225,,1,10.4,-0.5,,,,15,20,12585,,,,5,1022,,,,16,18154,,,,4,10342,,,,26,30396,,,,13,28316,,,,21,26567,,,,30,2774,,,,27,8342,,,,,,,,,,,,,,,,,,,,,,,,,,,,,,,,,
180857,22-Jul-19,9:37:00,2019-07-22 09:37:00,G,2,3,1270,,0,9,-62.118,-58.8888,37:02.0,FastGPS,-62.118,-58.8888,,,7.5,-1,,,,15,11,19645,,,,18,4692,,,,22,11988,,,,17,8716,,,,1,16499,,,,32,19916,,,,14,29634,,,,24,3984,,,,8,27928,,,,,,,,,,,,,,,,,,,,,,,,,,,,,,,,,
180857,22-Jul-19,13:10:46,2019-07-22 13:10:46,G,2,3,1273,,0,9,-62.1999,-59.0212,10:49.5,FastGPS,-62.1999,-59.0212,,,4.6,0.5,,,,15,3,487,,,,31,7666,,,,23,2319,,,,9,31410,,,,6,15444,,,,22,31940,,,,2,8009,,,,19,16114,,,,26,31393,,,,,,,,,,,,,,,,,,,,,,,,,,,,,,,,,
180857,22-Jul-19,15:37:00,2019-07-22 15:37:00,G,2,3,1275,,0,9,-62.2471,-59.1151,37:03.0,FastGPS,-62.2471,-59.1151,,1,5.9,0,,,,15,16,298,,,,5,2745,,,,26,4012,,,,7,22644,,,,2,24042,,,,23,10113,,,,30,27444,,,,9,32408,,,,4,27748,,,,,,,,,,,,,,,,,,,,,,,,,,,,,,,,,
180857,22-Jul-19,16:37:00,2019-07-22 16:37:00,G,2,3,1276,586,0,8,-62.1999,-59.0212,10:49.5,FastGPS,,,,,,,,,,15,5,15780,,,,7,3132,,,,30,14602,,,,4,3775,,,,16,11426,,,,27,7060,,,,9,19532,,,,13,27460,,,,,,,,,,,,,,,,,,,,,,,,,,,,,,,,,,,,,,
180857,22-Jul-19,17:43:28,2019-07-22 17:43:28,G,4,3,1277,586,0,8,-62.2439,-59.1243,43:31.0,FastGPS,-62.2439,-59.1243,,,7.1,0,,,,15,7,4162,,,,30,29825,,,,5,10571,,,,13,16285,,,,9,29120,,,,15,31186,,,,8,29949,,,,28,17061,,,,,,,,,,,,,,,,,,,,,,,,,,,,,,,,,,,,,,
180857,23-Jul-19,8:42:03,2019-07-23 08:42:03,G,2,3,1280,,0,9,-62.4436,-60.373,42:06.5,FastGPS,-62.4436,-60.373,,,13.7,0.5,,,,15,32,17138,,,,10,25967,,,,14,6626,,,,1,22383,,,,28,30670,,,,11,32018,,,,8,2400,,,,18,18643,,,,22,12695,,,,,,,,,,,,,,,,,,,,,,,,,,,,,,,,,
180857,23-Jul-19,10:37:08,2019-07-23 10:37:08,G,2,3,1281,,0,9,-62.4991,-60.4206,37:11.5,FastGPS,-62.4991,-60.4206,,,7,0.5,,,,15,17,22706,,,,11,20569,,,,1,22549,,,,22,15507,,,,18,30779,,,,3,29223,,,,19,29906,,,,23,31346,,,,31,822,,,,,,,,,,,,,,,,,,,,,,,,,,,,,,,,,
180857,23-Jul-19,13:41:10,2019-07-23 13:41:10,G,2,3,1284,590,0,8,-62.524,-60.5392,41:13.5,FastGPS,-62.524,-60.5392,,,10.4,0.5,,,,15,23,8572,,,,6,3124,,,,9,165,,,,3,30624,,,,31,221,,,,16,29241,,,,26,30758,,,,7,16040,,,,,,,,,,,,,,,,,,,,,,,,,,,,,,,,,,,,,,
180857,23-Jul-19,16:45:00,2019-07-23 16:45:00,G,2,3,1287,590,0,8,-62.4905,-60.7058,45:03.0,FastGPS,-62.4905,-60.7058,,1,2.7,0,,,,15,4,5463,,,,30,5354,,,,9,31244,,,,7,15847,,,,5,25517,,,,27,19435,,,,8,32673,,,,21,19229,,,,,,,,,,,,,,,,,,,,,,,,,,,,,,,,,,,,,,
180857,23-Jul-19,18:00:40,2019-07-23 18:00:40,G,2,3,1288,591,0,7,-62.4572,-60.7814,00:43.0,FastGPS,-62.4572,-60.7814,,,3.3,0,,,,15,5,31204,,,,7,28022,,,,30,16702,,,,15,11923,,,,8,29754,,,,28,25712,,,,13,26016,,,,,,,,,,,,,,,,,,,,,,,,,,,,,,,,,,,,,,,,,,,
180857,23-Jul-19,19:00:10,2019-07-23 19:00:10,G,2,3,1289,591,0,6,-62.4305,-60.8307,00:13.5,FastGPS,-62.4305,-60.8307,,,14.1,0.5,,,,15,30,30640,,,,13,19647,,,,11,1272,,,,15,12983,,,,28,52,,,,8,15712,,,,,,,,,,,,,,,,,,,,,,,,,,,,,,,,,,,,,,,,,,,,,,,,
180857,23-Jul-19,21:20:20,2019-07-23 21:20:20,G,2,3,1291,592,0,6,-62.3376,-60.9786,20:23.5,FastGPS,-62.3376,-60.9786,,,13.4,0.5,,,,15,17,1651,,,,12,18128,,,,19,14325,,,,15,29153,,,,24,18696,,,,28,23102,,,,,,,,,,,,,,,,,,,,,,,,,,,,,,,,,,,,,,,,,,,,,,,,
180857,23-Jul-19,23:08:29,2019-07-23 23:08:29,G,2,3,1292,595,0,8,-62.2931,-61.0484,08:31.5,FastGPS,-62.2931,-61.0484,,,9.2,-0.5,,,,15,17,31366,,,,25,26501,,,,32,15909,,,,12,13278,,,,19,30196,,,,3,20066,,,,22,10591,,,,14,11773,,,,,,,,,,,,,,,,,,,,,,,,,,,,,,,,,,,,,,
180857,24-Jul-19,1:18:55,2019-07-24 01:18:55,G,6,3,1293,596,0,6,-62.2629,-61.0188,18:57.0,FastGPS,-62.2629,-61.0188,,,4.1,-1,,,,15,25,26133,,,,2,12733,,,,12,27515,,,,31,32732,,,,29,32450,,,,26,7582,,,,,,,,,,,,,,,,,,,,,,,,,,,,,,,,,,,,,,,,,,,,,,,,
180857,24-Jul-19,6:34:25,2019-07-24 06:34:25,G,4,3,1294,,0,9,-62.4669,-60.8397,34:28.1,FastGPS,-62.4669,-60.8397,,2,12,0.1,,,,15,27,14490,,,,15,15112,,,,8,10557,,,,10,31066,,,,21,11306,,,,13,23338,,,,4,11709,,,,20,9386,,,,16,19334,,,,,,,,,,,,,,,,,,,,,,,,,,,,,,,,,
180857,24-Jul-19,8:34:16,2019-07-24 08:34:16,G,8,3,1296,,0,9,-62.5145,-60.8414,34:19.5,FastGPS,-62.5145,-60.8414,,,7.2,0.5,,,,15,8,9832,,,,18,10050,,,,11,23554,,,,1,7696,,,,28,31550,,,,22,25948,,,,32,3660,,,,14,18268,,,,10,32461,,,,,,,,,,,,,,,,,,,,,,,,,,,,,,,,,
180857,24-Jul-19,9:34:00,2019-07-24 09:34:00,G,4,3,1297,,0,9,-62.5273,-60.8518,34:02.0,FastGPS,-62.5273,-60.8518,,,11.8,-1,,,,15,32,30628,,,,14,20215,,,,17,25734,,,,1,18828,,,,3,29951,,,,10,9270,,,,11,8624,,,,18,22363,,,,28,15390,,,,,,,,,,,,,,,,,,,,,,,,,,,,,,,,,
180857,24-Jul-19,11:26:52,2019-07-24 11:26:52,G,8,3,1298,,0,9,-62.5293,-60.8507,26:55.5,FastGPS,-62.5293,-60.8507,,,10,0.5,,,,15,17,21657,,,,31,4180,,,,22,16960,,,,1,678,,,,3,2579,,,,23,30881,,,,19,2621,,,,18,30562,,,,14,23887,,,,,,,,,,,,,,,,,,,,,,,,,,,,,,,,,
180857,24-Jul-19,12:35:43,2019-07-24 12:35:43,G,6,3,1299,,0,9,-62.5576,-60.8338,35:46.5,FastGPS,-62.5576,-60.8338,,,9.5,0.5,,,,15,31,12765,,,,6,25316,,,,23,12876,,,,9,3836,,,,3,32674,,,,22,6733,,,,17,8970,,,,25,27573,,,,26,75,,,,,,,,,,,,,,,,,,,,,,,,,,,,,,,,,
180857,24-Jul-19,13:48:52,2019-07-24 13:48:52,G,4,3,1300,597,0,5,-62.5593,-60.8344,48:55.0,FastGPS,-62.5593,-60.8344,,,8,0,,,,15,2,6046,,,,23,25538,,,,9,30248,,,,7,14413,,,,6,21812,,,,,,,,,,,,,,,,,,,,,,,,,,,,,,,,,,,,,,,,,,,,,,,,,,,,,
180857,24-Jul-19,14:49:00,2019-07-24 14:49:00,G,2,3,1301,,0,9,-62.5783,-60.8492,49:03.0,FastGPS,-62.5783,-60.8492,,,7.4,0,,,,15,7,9633,,,,29,26616,,,,23,3668,,,,26,10802,,,,9,5600,,,,2,14358,,,,16,30349,,,,5,23970,,,,30,11200,,,,,,,,,,,,,,,,,,,,,,,,,,,,,,,,,
180857,24-Jul-19,15:50:12,2019-07-24 15:50:12,G,6,3,1302,597,0,8,-62.5887,-60.8992,50:15.0,FastGPS,-62.5887,-60.8992,,1,5.3,0,,,,15,9,3852,,,,7,8119,,,,23,25398,,,,16,19353,,,,27,16651,,,,5,30368,,,,4,4699,,,,30,4250,,,,,,,,,,,,,,,,,,,,,,,,,,,,,,,,,,,,,,
180857,24-Jul-19,18:55:00,2019-07-24 18:55:00,G,4,3,1304,601,0,5,-62.5909,-60.9058,55:03.1,FastGPS,-62.5909,-60.9058,,,1.7,0.1,,,,15,15,4157,,,,28,23740,,,,13,12787,,,,20,32035,,,,30,27208,,,,,,,,,,,,,,,,,,,,,,,,,,,,,,,,,,,,,,,,,,,,,,,,,,,,,
180857,24-Jul-19,19:59:07,2019-07-24 19:59:07,G,4,3,1305,,0,9,-62.572,-60.9295,59:10.5,FastGPS,-62.572,-60.9295,,,13.5,0.5,,,,15,17,31789,,,,28,25763,,,,15,26300,,,,13,22392,,,,11,13702,,,,19,11859,,,,18,13768,,,,30,29334,,,,1,30397,,,,,,,,,,,,,,,,,,,,,,,,,,,,,,,,,
180857,25-Jul-19,5:51:55,2019-07-25 05:51:55,G,2,3,1307,602,0,7,-62.5085,-60.8949,51:58.5,FastGPS,-62.5085,-60.8949,,1,2.7,0.5,,,,15,27,4321,,,,15,6945,,,,16,25406,,,,8,25682,,,,4,21267,,,,13,18062,,,,21,11678,,,,,,,,,,,,,,,,,,,,,,,,,,,,,,,,,,,,,,,,,,,
180857,25-Jul-19,9:55:14,2019-07-25 09:55:14,G,2,3,1311,,0,9,-62.5787,-60.8853,55:16.0,FastGPS,-62.5787,-60.8853,,,15.4,-1,,,,15,10,11948,,,,17,29567,,,,32,13233,,,,11,31548,,,,1,32259,,,,22,18700,,,,3,18091,,,,12,916,,,,31,30122,,,,,,,,,,,,,,,,,,,,,,,,,,,,,,,,,
180857,25-Jul-19,10:55:00,2019-07-25 10:55:00,G,2,3,1312,,0,9,-62.5792,-60.8834,55:03.5,FastGPS,-62.5792,-60.8834,,,3.8,0.5,,,,15,17,23185,,,,31,8597,,,,19,12147,,,,3,22619,,,,22,27254,,,,23,27544,,,,1,7277,,,,14,11784,,,,12,21581,,,,,,,,,,,,,,,,,,,,,,,,,,,,,,,,,
180857,25-Jul-19,12:12:06,2019-07-25 12:12:06,G,2,3,1313,603,0,8,-62.5692,-60.8608,12:08.1,FastGPS,-62.5692,-60.8608,,,11.1,-0.9,,,,15,31,3236,,,,3,22470,,,,22,524,,,,23,30024,,,,25,5918,,,,14,695,,,,9,10051,,,,17,20054,,,,,,,,,,,,,,,,,,,,,,,,,,,,,,,,,,,,,,
180857,25-Jul-19,16:13:56,2019-07-25 16:13:56,G,2,3,1316,606,0,4,-62.5792,-60.8834,55:03.5,FastGPS,-62.4697,-60.8375,,,0.6,0,,,,15,7,183,,,,30,13660,,,,9,7824,,,,5,3548,,,,,,,,,,,,,,,,,,,,,,,,,,,,,,,,,,,,,,,,,,,,,,,,,,,,,,,,,,
180857,25-Jul-19,17:19:21,2019-07-25 17:19:21,G,2,3,1317,,0,9,-62.4502,-60.8058,19:24.0,FastGPS,-62.4502,-60.8058,,,22.7,0,,,,15,13,15521,,,,5,7940,,,,7,2371,,,,9,5932,,,,8,56,,,,27,5664,,,,15,17110,,,,28,18190,,,,30,30008,,,,,,,,,,,,,,,,,,,,,,,,,,,,,,,,,
180857,25-Jul-19,20:42:40,2019-07-25 20:42:40,G,4,3,1320,607,0,7,-62.3458,-60.8665,42:43.1,FastGPS,-62.3458,-60.8665,,,10.7,0.1,,,,15,17,24357,,,,28,11643,,,,15,16149,,,,19,920,,,,12,13284,,,,24,10551,,,,13,7993,,,,,,,,,,,,,,,,,,,,,,,,,,,,,,,,,,,,,,,,,,,
180857,25-Jul-19,21:42:02,2019-07-25 21:42:02,G,4,3,1321,607,0,6,-62.3053,-60.858,42:05.5,FastGPS,-62.3053,-60.858,,,5.3,0.5,,,,15,17,12200,,,,12,26630,,,,19,6730,,,,15,2858,,,,24,8649,,,,6,26252,,,,,,,,,,,,,,,,,,,,,,,,,,,,,,,,,,,,,,,,,,,,,,,,
180857,25-Jul-19,22:42:00,2019-07-25 22:42:00,G,2,3,1322,,0,9,-62.3094,-60.7912,42:02.5,FastGPS,-62.3094,-60.7912,,,13,-0.5,,,,15,12,15215,,,,32,15168,,,,17,5396,,,,22,12774,,,,24,8060,,,,3,22659,,,,19,6577,,,,25,13438,,,,6,16282,,,,,,,,,,,,,,,,,,,,,,,,,,,,,,,,,
180857,26-Jul-19,0:04:06,2019-07-26 00:04:06,G,2,3,1323,608,0,6,-62.3255,-60.7018,04:08.5,FastGPS,-62.3255,-60.7018,,,12.7,-0.5,,,,15,12,7236,,,,6,15065,,,,2,13412,,,,29,31379,,,,25,22338,,,,19,6930,,,,,,,,,,,,,,,,,,,,,,,,,,,,,,,,,,,,,,,,,,,,,,,,
180857,26-Jul-19,3:58:18,2019-07-26 03:58:18,G,2,3,1326,611,0,7,-62.3005,-60.6087,58:20.1,FastGPS,-62.3005,-60.6087,,1,8.2,-0.9,,,,15,5,1131,,,,29,7692,,,,26,12625,,,,20,22618,,,,21,10952,,,,16,27264,,,,4,1217,,,,,,,,,,,,,,,,,,,,,,,,,,,,,,,,,,,,,,,,,,,
180857,26-Jul-19,4:58:38,2019-07-26 04:58:38,G,2,3,1327,,0,9,-62.2688,-60.5411,58:41.1,FastGPS,-62.2688,-60.5411,,1,18.1,0.1,,,,15,15,11237,,,,29,26559,,,,4,10209,,,,27,30870,,,,7,19630,,,,21,5134,,,,20,13754,,,,13,329,,,,10,20698,,,,,,,,,,,,,,,,,,,,,,,,,,,,,,,,,
180857,26-Jul-19,8:52:04,2019-07-26 08:52:04,G,2,3,1330,613,0,8,-62.199,-60.3844,52:07.6,FastGPS,-62.199,-60.3844,,,5.7,0.6,,,,15,32,27549,,,,10,17737,,,,14,1277,,,,1,2884,,,,11,1836,,,,18,19097,,,,20,31717,,,,22,21218,,,,,,,,,,,,,,,,,,,,,,,,,,,,,,,,,,,,,,
180857,26-Jul-19,19:00:42,2019-07-26 19:00:42,G,4,3,1331,,0,9,-62.1038,-60.2662,00:44.0,FastGPS,-62.1038,-60.2662,,,12.5,-1,,,,15,18,14759,,,,11,3571,,,,28,23118,,,,30,31597,,,,8,29506,,,,13,20599,,,,17,11514,,,,10,17346,,,,7,16764,,,,,,,,,,,,,,,,,,,,,,,,,,,,,,,,,
180857,26-Jul-19,20:14:41,2019-07-26 20:14:41,G,2,3,1332,,0,9,-62.0945,-60.315,14:43.6,FastGPS,-62.0945,-60.315,,,8,-0.4,,,,15,17,21489,,,,15,26999,,,,28,24626,,,,13,3222,,,,19,12433,,,,1,12182,,,,11,17212,,,,18,8454,,,,30,22707,,,,,,,,,,,,,,,,,,,,,,,,,,,,,,,,,
180857,27-Jul-19,2:43:25,2019-07-27 02:43:25,G,2,3,1334,,0,9,-62.2577,-60.2437,43:28.1,FastGPS,-62.2577,-60.2437,,,12.9,0.1,,,,15,29,10007,,,,5,295,,,,26,2044,,,,21,10613,,,,9,15734,,,,25,26283,,,,2,2418,,,,31,32682,,,,16,31732,,,,,,,,,,,,,,,,,,,,,,,,,,,,,,,,,
180857,27-Jul-19,4:00:42,2019-07-27 04:00:42,G,4,3,1335,615,0,8,-62.2641,-60.201,00:45.6,FastGPS,-62.2641,-60.201,,1,13.3,0.6,,,,15,29,1866,,,,16,21313,,,,5,60,,,,21,8831,,,,15,956,,,,13,4995,,,,4,8177,,,,26,10770,,,,,,,,,,,,,,,,,,,,,,,,,,,,,,,,,,,,,,
180857,27-Jul-19,7:08:53,2019-07-27 07:08:53,G,2,3,1337,,0,9,-62.1508,-60.0241,08:55.1,FastGPS,-62.1508,-60.0241,,1,10.8,-0.9,,,,15,10,27321,,,,20,16920,,,,27,10908,,,,4,18095,,,,8,32414,,,,32,20300,,,,15,10007,,,,21,11466,,,,18,22534,,,,,,,,,,,,,,,,,,,,,,,,,,,,,,,,,
180857,27-Jul-19,16:39:00,2019-07-27 16:39:00,G,2,3,1340,,0,9,-62.0633,-59.9459,39:03.1,FastGPS,-62.0633,-59.9459,,1,6,0.1,,,,15,5,15668,,,,30,15807,,,,7,27166,,,,13,23305,,,,8,8768,,,,27,29125,,,,9,22332,,,,4,31993,,,,21,29216,,,,,,,,,,,,,,,,,,,,,,,,,,,,,,,,,
180857,27-Jul-19,22:41:32,2019-07-27 22:41:32,G,2,3,1341,,0,9,-62.0138,-59.8773,41:34.1,FastGPS,-62.0138,-59.8773,,,3.6,-0.9,,,,15,17,24562,,,,12,7830,,,,19,4682,,,,32,23657,,,,25,21349,,,,6,21803,,,,14,29887,,,,2,10880,,,,3,15189,,,,,,,,,,,,,,,,,,,,,,,,,,,,,,,,,
180857,28-Jul-19,0:44:55,2019-07-28 00:44:55,G,6,3,1343,616,0,5,-61.9897,-59.8209,44:57.1,FastGPS,-61.9897,-59.8209,,,7.4,-0.9,,,,15,25,11506,,,,29,24728,,,,12,3103,,,,2,10793,,,,31,14123,,,,,,,,,,,,,,,,,,,,,,,,,,,,,,,,,,,,,,,,,,,,,,,,,,,,,
180857,28-Jul-19,3:33:01,2019-07-28 03:33:01,G,2,3,1345,617,0,6,-61.9449,-59.7429,33:03.1,FastGPS,-61.9449,-59.7429,,,8.1,-0.9,,,,15,5,31817,,,,29,26756,,,,16,3614,,,,26,3088,,,,20,31698,,,,21,17035,,,,,,,,,,,,,,,,,,,,,,,,,,,,,,,,,,,,,,,,,,,,,,,,
180857,28-Jul-19,10:01:25,2019-07-28 10:01:25,G,2,3,1350,,0,9,-62.0161,-59.9239,01:28.6,FastGPS,-62.0161,-59.9239,,,11.1,0.6,,,,15,17,7571,,,,18,20649,,,,14,6934,,,,31,25631,,,,1,12059,,,,22,2611,,,,11,8034,,,,32,12897,,,,19,25699,,,,,,,,,,,,,,,,,,,,,,,,,,,,,,,,,
180857,28-Jul-19,11:02:07,2019-07-28 11:02:07,G,4,3,1351,,0,9,-62.0413,-59.9816,02:09.1,FastGPS,-62.0413,-59.9816,,,8.1,-0.9,,,,15,23,2840,,,,1,7427,,,,31,4528,,,,17,9493,,,,3,1617,,,,18,15647,,,,22,3856,,,,11,12436,,,,19,3933,,,,,,,,,,,,,,,,,,,,,,,,,,,,,,,,,
180857,28-Jul-19,12:02:09,2019-07-28 12:02:09,G,2,3,1352,,0,9,-62.075,-60.0051,02:12.1,FastGPS,-62.075,-60.0051,,,9.1,0.1,,,,15,23,31423,,,,31,29714,,,,3,17772,,,,9,15842,,,,6,31411,,,,17,3270,,,,1,12781,,,,22,27044,,,,12,20370,,,,,,,,,,,,,,,,,,,,,,,,,,,,,,,,,
180857,28-Jul-19,13:36:14,2019-07-28 13:36:14,G,2,3,1353,,0,9,-62.0872,-59.9473,36:17.6,FastGPS,-62.0872,-59.9473,,,5.4,0.6,,,,15,23,14282,,,,31,25237,,,,29,5476,,,,7,27852,,,,26,4953,,,,9,29342,,,,3,1202,,,,16,16582,,,,6,3960,,,,,,,,,,,,,,,,,,,,,,,,,,,,,,,,,
180857,28-Jul-19,14:45:22,2019-07-28 14:45:22,G,2,3,1354,,0,9,-62.0834,-59.9165,45:24.1,FastGPS,-62.0834,-59.9165,,,8.8,-0.9,,,,15,7,29708,,,,9,8577,,,,16,15614,,,,23,2343,,,,30,14980,,,,6,8306,,,,29,10575,,,,26,14327,,,,2,22566,,,,,,,,,,,,,,,,,,,,,,,,,,,,,,,,,
180857,28-Jul-19,16:06:05,2019-07-28 16:06:05,G,8,3,1355,623,0,8,-62.0785,-59.9221,06:08.1,FastGPS,-62.0785,-59.9221,,1,13.4,0.1,,,,15,7,20518,,,,5,25122,,,,30,12918,,,,16,6803,,,,9,18486,,,,4,6545,,,,27,28321,,,,2,1258,,,,,,,,,,,,,,,,,,,,,,,,,,,,,,,,,,,,,,
180857,28-Jul-19,18:00:03,2019-07-28 18:00:03,G,2,3,1356,,0,9,-62.0668,-59.9498,00:06.6,FastGPS,-62.0668,-59.9498,,,17.4,0.6,,,,15,8,16050,,,,7,24903,,,,5,1273,,,,15,24935,,,,30,24339,,,,28,13713,,,,13,3502,,,,27,2596,,,,11,3122,,,,,,,,,,,,,,,,,,,,,,,,,,,,,,,,,
180857,28-Jul-19,20:38:35,2019-07-28 20:38:35,G,8,3,1357,,0,9,-62.0844,-59.862,38:37.1,FastGPS,-62.0844,-59.862,,,7.7,-0.9,,,,15,15,3625,,,,17,21436,,,,24,6628,,,,1,31420,,,,28,26954,,,,12,26068,,,,11,5684,,,,18,26280,,,,19,7260,,,,,,,,,,,,,,,,,,,,,,,,,,,,,,,,,
180857,28-Jul-19,23:04:25,2019-07-28 23:04:25,G,12,3,1358,,0,9,-62.1378,-59.7822,04:27.6,FastGPS,-62.1378,-59.7822,,,5,-0.4,,,,15,12,6034,,,,17,11659,,,,25,27922,,,,19,30503,,,,24,25098,,,,32,3781,,,,6,6467,,,,22,1724,,,,31,25124,,,,,,,,,,,,,,,,,,,,,,,,,,,,,,,,,
180857,29-Jul-19,0:04:01,2019-07-29 00:04:01,G,2,3,1359,624,0,6,-62.1577,-59.7825,04:03.6,FastGPS,-62.1577,-59.7825,,,8,-0.4,,,,15,12,21586,,,,31,9551,,,,6,27388,,,,25,8496,,,,2,10072,,,,29,14686,,,,,,,,,,,,,,,,,,,,,,,,,,,,,,,,,,,,,,,,,,,,,,,,
180857,29-Jul-19,7:56:11,2019-07-29 07:56:11,G,2,3,1363,,0,9,-62.0752,-59.5036,56:13.6,FastGPS,-62.0752,-59.5036,,1,14.2,-0.4,,,,15,32,13844,,,,10,7555,,,,18,21649,,,,27,18695,,,,14,27310,,,,11,30906,,,,8,7364,,,,4,18507,,,,28,7482,,,,,,,,,,,,,,,,,,,,,,,,,,,,,,,,,
180857,29-Jul-19,9:01:37,2019-07-29 09:01:37,G,2,3,1364,,0,9,-62.0367,-59.5137,01:39.6,FastGPS,-62.0367,-59.5137,,,13.5,-0.4,,,,15,17,10117,,,,14,12443,,,,32,18636,,,,18,5328,,,,22,19082,,,,1,2635,,,,10,11194,,,,8,32608,,,,24,13604,,,,,,,,,,,,,,,,,,,,,,,,,,,,,,,,,
180857,29-Jul-19,10:05:49,2019-07-29 10:05:49,G,2,3,1365,,0,9,-62.0015,-59.5167,05:51.1,FastGPS,-62.0015,-59.5167,,,12.4,-0.9,,,,15,31,22254,,,,32,17112,,,,17,14234,,,,14,27838,,,,18,27982,,,,12,12148,,,,1,2939,,,,22,11474,,,,11,15196,,,,,,,,,,,,,,,,,,,,,,,,,,,,,,,,,
180857,29-Jul-19,23:16:41,2019-07-29 23:16:41,G,2,3,1369,629,0,7,-61.9776,-59.5953,16:44.6,FastGPS,-61.9776,-59.5953,,,4.9,0.6,,,,15,12,1288,,,,6,8142,,,,2,14714,,,,17,25951,,,,19,31975,,,,25,6930,,,,24,23721,,,,,,,,,,,,,,,,,,,,,,,,,,,,,,,,,,,,,,,,,,,
180857,30-Jul-19,0:17:02,2019-07-30 00:17:02,G,2,3,1370,629,0,6,-61.9756,-59.6061,17:05.2,FastGPS,-61.9756,-59.6061,,,2,0.2,,,,15,31,7290,,,,29,28758,,,,12,31055,,,,25,8598,,,,2,13458,,,,6,29026,,,,,,,,,,,,,,,,,,,,,,,,,,,,,,,,,,,,,,,,,,,,,,,,
180857,30-Jul-19,2:45:21,2019-07-30 02:45:21,G,6,3,1372,630,0,6,-61.9567,-59.4679,45:24.2,FastGPS,-61.9567,-59.4679,,,7.7,0.2,,,,15,29,15598,,,,5,31789,,,,25,29500,,,,26,22162,,,,16,15235,,,,21,7781,,,,,,,,,,,,,,,,,,,,,,,,,,,,,,,,,,,,,,,,,,,,,,,,
180857,30-Jul-19,4:00:31,2019-07-30 04:00:31,G,8,3,1373,,0,9,-61.9335,-59.3945,00:34.6,FastGPS,-61.9335,-59.3945,,1,7.6,0.6,,,,15,29,5106,,,,15,31464,,,,16,14529,,,,20,9929,,,,4,28531,,,,26,1004,,,,21,10492,,,,5,6804,,,,27,11514,,,,,,,,,,,,,,,,,,,,,,,,,,,,,,,,,
180857,30-Jul-19,7:11:28,2019-07-30 07:11:28,G,2,3,1374,,0,9,-61.9103,-59.2139,11:30.2,FastGPS,-61.9103,-59.2139,,,10.4,-0.8,,,,15,18,11108,,,,20,16524,,,,10,26037,,,,8,13756,,,,11,13812,,,,24,17217,,,,32,1033,,,,15,4271,,,,28,7684,,,,,,,,,,,,,,,,,,,,,,,,,,,,,,,,,
180857,30-Jul-19,11:31:11,2019-07-30 11:31:11,G,4,3,1376,,0,9,-61.8281,-58.8988,31:14.1,FastGPS,-61.8281,-58.8988,,,6.6,0.1,,,,15,23,7061,,,,3,12066,,,,22,5242,,,,17,28886,,,,31,27782,,,,11,17066,,,,19,1688,,,,1,28341,,,,18,10961,,,,,,,,,,,,,,,,,,,,,,,,,,,,,,,,,
180857,30-Jul-19,13:05:15,2019-07-30 13:05:15,G,6,3,1377,633,0,8,-61.7793,-58.7908,05:17.2,FastGPS,-61.7793,-58.7908,,,6.1,-0.8,,,,15,23,23610,,,,9,14552,,,,6,6016,,,,31,31861,,,,26,19111,,,,22,6566,,,,16,16666,,,,3,8052,,,,,,,,,,,,,,,,,,,,,,,,,,,,,,,,,,,,,,
180857,30-Jul-19,14:13:49,2019-07-30 14:13:49,G,2,3,1378,,0,9,-61.7675,-58.7043,13:51.7,FastGPS,-61.7675,-58.7043,,,7.8,-0.3,,,,15,9,14422,,,,26,27793,,,,7,11235,,,,23,28714,,,,2,25840,,,,30,29770,,,,3,29812,,,,6,31560,,,,16,36,,,,,,,,,,,,,,,,,,,,,,,,,,,,,,,,,
180857,30-Jul-19,15:46:49,2019-07-30 15:46:49,G,2,3,1379,634,0,7,-61.7529,-58.6394,46:52.1,FastGPS,-61.7529,-58.6394,,1,12.2,0.1,,,,15,5,14,,,,7,23368,,,,23,15296,,,,9,23256,,,,27,32294,,,,4,23936,,,,30,10254,,,,,,,,,,,,,,,,,,,,,,,,,,,,,,,,,,,,,,,,,,,
180857,30-Jul-19,19:03:10,2019-07-30 19:03:10,G,4,3,1382,634,0,7,-61.6802,-58.5998,03:13.6,FastGPS,-61.6802,-58.5998,,,6.3,0.6,,,,15,17,7584,,,,15,23286,,,,13,18159,,,,28,18301,,,,30,26193,,,,19,23822,,,,20,21747,,,,,,,,,,,,,,,,,,,,,,,,,,,,,,,,,,,,,,,,,,,
180857,30-Jul-19,21:21:07,2019-07-30 21:21:07,G,4,3,1384,634,0,6,-61.6383,-58.4909,21:09.1,FastGPS,-61.6383,-58.4909,,,9.2,-0.9,,,,15,17,1596,,,,24,19157,,,,19,27842,,,,12,32001,,,,32,20037,,,,6,20280,,,,,,,,,,,,,,,,,,,,,,,,,,,,,,,,,,,,,,,,,,,,,,,,
180857,30-Jul-19,22:24:13,2019-07-30 22:24:13,G,2,3,1385,634,0,8,-61.6199,-58.399,24:16.7,FastGPS,-61.6199,-58.399,,,10.3,0.7,,,,15,17,22864,,,,19,26113,,,,12,3438,,,,6,22478,,,,25,31673,,,,32,20795,,,,24,25782,,,,2,29435,,,,,,,,,,,,,,,,,,,,,,,,,,,,,,,,,,,,,,
180857,30-Jul-19,23:25:27,2019-07-30 23:25:27,G,4,3,1386,,0,9,-61.602,-58.3211,25:30.2,FastGPS,-61.602,-58.3211,,,6.5,0.2,,,,15,31,12186,,,,6,8488,,,,12,30616,,,,25,6218,,,,14,3266,,,,2,2809,,,,32,21074,,,,19,20522,,,,24,8234,,,,,,,,,,,,,,,,,,,,,,,,,,,,,,,,,
180857,31-Jul-19,0:25:01,2019-07-31 00:25:01,G,4,3,1387,634,0,6,-61.5701,-58.2437,25:04.2,FastGPS,-61.5701,-58.2437,,,11.4,0.2,,,,15,12,28076,,,,31,19718,,,,2,13951,,,,25,5766,,,,29,25787,,,,6,16402,,,,,,,,,,,,,,,,,,,,,,,,,,,,,,,,,,,,,,,,,,,,,,,,
180857,31-Jul-19,1:40:01,2019-07-31 01:40:01,G,2,3,1388,635,0,7,-61.5339,-58.1657,40:04.7,FastGPS,-61.5339,-58.1657,,,11,0.7,,,,15,29,6278,,,,25,10088,,,,2,22930,,,,12,3761,,,,31,31256,,,,5,5813,,,,26,7660,,,,,,,,,,,,,,,,,,,,,,,,,,,,,,,,,,,,,,,,,,,
180857,31-Jul-19,4:57:10,2019-07-31 04:57:10,G,4,3,1391,,0,9,-61.4576,-57.9047,57:13.2,FastGPS,-61.4576,-57.9047,,1,7.9,0.2,,,,15,27,30841,,,,4,26315,,,,15,19951,,,,16,13622,,,,21,5122,,,,7,1754,,,,10,2702,,,,26,32417,,,,30,29566,,,,,,,,,,,,,,,,,,,,,,,,,,,,,,,,,
180857,31-Jul-19,6:30:25,2019-07-31 06:30:25,G,2,3,1392,638,0,7,-61.4586,-57.7931,30:28.6,FastGPS,-61.4586,-57.7931,,1,3.4,0.6,,,,15,27,14182,,,,10,22672,,,,8,15698,,,,15,30496,,,,20,2392,,,,4,17791,,,,18,21156,,,,,,,,,,,,,,,,,,,,,,,,,,,,,,,,,,,,,,,,,,,
180857,31-Jul-19,7:35:00,2019-07-31 07:35:00,G,2,3,1393,638,0,8,-61.5058,-57.7321,35:03.2,FastGPS,-61.5058,-57.7321,,,7.1,0.2,,,,15,10,16273,,,,8,29462,,,,18,20404,,,,11,25592,,,,28,22487,,,,1,24293,,,,27,16018,,,,32,17648,,,,,,,,,,,,,,,,,,,,,,,,,,,,,,,,,,,,,,
180857,31-Jul-19,9:50:03,2019-07-31 09:50:03,G,2,3,1395,,0,9,-61.6073,-57.8788,50:06.7,FastGPS,-61.6073,-57.8788,,,5.4,0.7,,,,15,18,7812,,,,3,4255,,,,1,28524,,,,17,16473,,,,11,23272,,,,31,26438,,,,32,1290,,,,22,18484,,,,14,30980,,,,,,,,,,,,,,,,,,,,,,,,,,,,,,,,,
180857,31-Jul-19,11:00:41,2019-07-31 11:00:41,G,4,3,1396,,0,9,-61.6651,-57.981,00:44.7,FastGPS,-61.6651,-57.981,,,9.3,0.7,,,,15,3,1188,,,,17,885,,,,12,16912,,,,31,18978,,,,22,19503,,,,23,3118,,,,1,31317,,,,6,14448,,,,19,17782,,,,,,,,,,,,,,,,,,,,,,,,,,,,,,,,,
180857,31-Jul-19,13:08:03,2019-07-31 13:08:03,G,2,3,1397,,0,9,-61.7519,-58.0886,08:06.7,FastGPS,-61.7519,-58.0886,,,3.5,0.7,,,,15,31,11336,,,,9,3008,,,,2,2912,,,,23,22724,,,,6,1250,,,,16,18292,,,,22,14333,,,,29,16232,,,,3,22140,,,,,,,,,,,,,,,,,,,,,,,,,,,,,,,,,
180857,31-Jul-19,14:12:39,2019-07-31 14:12:39,G,2,3,1398,,0,9,-61.8115,-58.1294,12:42.7,FastGPS,-61.8115,-58.1294,,,11.2,0.7,,,,15,29,8248,,,,7,1514,,,,9,27738,,,,2,32308,,,,5,24071,,,,6,30624,,,,16,19474,,,,23,1508,,,,26,6017,,,,,,,,,,,,,,,,,,,,,,,,,,,,,,,,,
180857,31-Jul-19,15:59:29,2019-07-31 15:59:29,G,4,3,1399,640,0,6,-61.8839,-58.1191,59:32.1,FastGPS,-61.8839,-58.1191,,,5.4,0.1,,,,15,5,17673,,,,30,18626,,,,7,14103,,,,13,25927,,,,9,495,,,,21,19751,,,,,,,,,,,,,,,,,,,,,,,,,,,,,,,,,,,,,,,,,,,,,,,,
180857,31-Jul-19,17:14:03,2019-07-31 17:14:03,G,6,3,1400,640,0,6,-61.9336,-58.1075,14:06.2,FastGPS,-61.9336,-58.1075,,,4.3,0.2,,,,15,28,21698,,,,30,27686,,,,7,17788,,,,15,23051,,,,5,22688,,,,13,1911,,,,,,,,,,,,,,,,,,,,,,,,,,,,,,,,,,,,,,,,,,,,,,,,
180857,1-Aug-19,3:44:26,2019-08-01 03:44:26,G,2,3,1408,,0,9,-61.9429,-58.2222,44:29.7,FastGPS,-61.9429,-58.2222,,1,13.5,0.7,,,,15,5,21654,,,,16,17046,,,,29,25677,,,,26,29058,,,,13,24939,,,,21,12882,,,,7,7077,,,,20,24896,,,,4,11158,,,,,,,,,,,,,,,,,,,,,,,,,,,,,,,,,
180857,1-Aug-19,4:46:01,2019-08-01 04:46:01,G,2,3,1409,,0,9,-61.9505,-58.2364,46:03.2,FastGPS,-61.9505,-58.2364,,1,11.5,-0.8,,,,15,7,19446,,,,20,7198,,,,10,930,,,,21,16858,,,,26,27274,,,,27,14506,,,,16,28142,,,,4,16692,,,,8,14180,,,,,,,,,,,,,,,,,,,,,,,,,,,,,,,,,
180857,1-Aug-19,20:51:01,2019-08-01 20:51:01,G,2,3,1424,,0,9,-62.1774,-59.2862,51:04.7,FastGPS,-62.1774,-59.2862,,,8.7,0.7,,,,15,17,31626,,,,12,990,,,,15,21651,,,,24,17696,,,,19,21604,,,,1,5394,,,,10,17110,,,,13,644,,,,28,21000,,,,,,,,,,,,,,,,,,,,,,,,,,,,,,,,,
180857,1-Aug-19,21:53:02,2019-08-01 21:53:02,G,2,3,1425,645,0,6,-62.1664,-59.4023,53:04.7,FastGPS,-62.1664,-59.4023,,,6.3,-0.3,,,,15,17,27815,,,,12,11856,,,,19,23318,,,,24,23758,,,,25,26177,,,,32,3610,,,,,,,,,,,,,,,,,,,,,,,,,,,,,,,,,,,,,,,,,,,,,,,,
