Name,Day,Time,Date,lc,Count,Time Offset,LocNumber,Failures,Hauled Out,Satellites,InitLat,InitLon,InitTime,InitType,Latitude,Longitude,Height,Bad Sats,Residual,Time Error,TWIC Power,Fastloc Power,Noise,Range Bits,Id,Range,Signal,Doppler,CNR,Id,Range,Signal,Doppler,CNR,Id,Range,Signal,Doppler,CNR,Id,Range,Signal,Doppler,CNR,Id,Range,Signal,Doppler,CNR,Id,Range,Signal,Doppler,CNR,Id,Range,Signal,Doppler,CNR,Id,Range,Signal,Doppler,CNR,Id,Range,Signal,Doppler,CNR,Id,Range,Signal,Doppler,CNR,Id,Range,Signal,Doppler,CNR,Id,Range,Signal,Doppler,CNR,Id,Range,Signal,Doppler,CNR,Id,Range,Signal,Doppler,CNR,Id,Range,Signal,Doppler,CNR
173715,1-May-18,0:01:03,2018-05-01 00:01:03,G,8,7,35,7,0,6,-62.4733,-60.7964,01:10.2,FastGPS,-62.4733,-60.7964,,,2.5,0.2,,,,15,5,17559,,,,28,29527,,,,30,26466,,,,9,10322,,,,13,3319,,,,7,24570,,,,,,,,,,,,,,,,,,,,,,,,,,,,,,,,,,,,,,,,,,,,,,,,
173715,1-May-18,0:31:10,2018-05-01 00:31:10,G,3,7,36,7,0,5,-62.4774,-60.8121,31:17.7,FastGPS,-62.4774,-60.8121,,,4.4,0.7,,,,15,7,13761,,,,28,21813,,,,30,28820,,,,5,25534,,,,13,17125,,,,,,,,,,,,,,,,,,,,,,,,,,,,,,,,,,,,,,,,,,,,,,,,,,,,,
173715,1-May-18,1:01:01,2018-05-01 01:01:01,G,4,7,37,7,0,5,-62.4734,-60.8223,01:09.2,FastGPS,-62.4734,-60.8223,,,7.3,1.2,,,,15,7,26941,,,,5,15446,,,,30,9015,,,,8,31672,,,,13,12777,,,,,,,,,,,,,,,,,,,,,,,,,,,,,,,,,,,,,,,,,,,,,,,,,,,,,
173715,1-May-18,1:46:08,2018-05-01 01:46:08,G,3,7,38,8,0,6,-62.4682,-60.8524,46:15.7,FastGPS,-62.4682,-60.8524,,,11,0.7,,,,15,18,19335,,,,30,3644,,,,28,26529,,,,11,2581,,,,17,28521,,,,8,26325,,,,,,,,,,,,,,,,,,,,,,,,,,,,,,,,,,,,,,,,,,,,,,,,
173715,1-May-18,3:32:13,2018-05-01 03:32:13,G,3,7,39,,0,9,-62.4748,-60.8369,32:21.2,FastGPS,-62.4748,-60.8369,,,9.1,1.2,,,,15,17,27530,,,,28,27168,,,,1,31734,,,,15,30386,,,,24,28466,,,,11,26858,,,,18,14692,,,,13,24489,,,,19,19496,,,,,,,,,,,,,,,,,,,,,,,,,,,,,,,,,
173715,1-May-18,5:33:13,2018-05-01 05:33:13,G,1,7,42,15,0,6,-62.4988,-60.849,33:21.2,FastGPS,-62.4988,-60.849,,,11.1,1.2,,,,15,17,4785,,,,24,9547,,,,12,107,,,,19,25589,,,,2,2325,,,,22,27587,,,,,,,,,,,,,,,,,,,,,,,,,,,,,,,,,,,,,,,,,,,,,,,,
173715,1-May-18,7:05:15,2018-05-01 07:05:15,G,3,7,44,17,0,6,-62.4987,-60.8491,05:22.7,FastGPS,-62.4987,-60.8491,,,9.4,0.7,,,,15,31,20190,,,,14,25481,,,,29,6904,,,,12,18197,,,,32,4641,,,,2,13768,,,,,,,,,,,,,,,,,,,,,,,,,,,,,,,,,,,,,,,,,,,,,,,,
173715,1-May-18,7:35:08,2018-05-01 07:35:08,G,2,7,45,17,0,6,-62.499,-60.8486,35:16.2,FastGPS,-62.499,-60.8486,,1,4.5,1.2,,,,15,29,25997,,,,31,7236,,,,25,18422,,,,12,12438,,,,14,4384,,,,4,31386,,,,,,,,,,,,,,,,,,,,,,,,,,,,,,,,,,,,,,,,,,,,,,,,
173715,1-May-18,9:07:36,2018-05-01 09:07:36,G,1,7,47,19,0,4,-62.547,-60.867,5/2/2018 8:22,K,,,,,,,,,,15,25,24033,,,,29,19158,,,,4,12262,,,,5,31540,,,,,,,,,,,,,,,,,,,,,,,,,,,,,,,,,,,,,,,,,,,,,,,,,,,,,,,,,,
173715,1-May-18,10:45:35,2018-05-01 10:45:35,G,1,7,49,21,0,5,-62.548,-60.856,5/2/2018 9:48,R,-62.5,-60.845,,1,0.8,0.7,,,,15,16,24895,,,,27,13337,,,,26,24728,,,,4,9165,,,,21,27693,,,,,,,,,,,,,,,,,,,,,,,,,,,,,,,,,,,,,,,,,,,,,,,,,,,,,
173715,1-May-18,11:34:25,2018-05-01 11:34:25,G,1,7,50,,0,9,-62.5008,-60.8435,34:32.7,FastGPS,-62.5008,-60.8435,,1,14.5,0.7,,,,15,4,4052,,,,10,30830,,,,26,22647,,,,29,10424,,,,16,12135,,,,20,22186,,,,7,20677,,,,27,3533,,,,21,31216,,,,,,,,,,,,,,,,,,,,,,,,,,,,,,,,,
173715,1-May-18,14:01:12,2018-05-01 14:01:12,G,2,7,51,29,0,4,-62.548,-60.856,5/2/2018 9:48,R,-62.5014,-60.8434,,,1.6,0.2,,,,15,27,25996,,,,32,12370,,,,10,5626,,,,11,1626,,,,,,,,,,,,,,,,,,,,,,,,,,,,,,,,,,,,,,,,,,,,,,,,,,,,,,,,,,
173715,1-May-18,18:13:06,2018-05-01 18:13:06,G,2,7,55,,0,9,-62.5099,-60.8535,13:13.7,FastGPS,-62.5099,-60.8535,,,9.9,0.7,,,,15,17,7615,,,,23,28625,,,,19,1344,,,,3,13876,,,,1,880,,,,11,6845,,,,22,9442,,,,6,26774,,,,12,7952,,,,,,,,,,,,,,,,,,,,,,,,,,,,,,,,,
173715,1-May-18,19:19:00,2018-05-01 19:19:00,G,2,7,57,36,0,6,-62.5118,-60.8468,19:07.2,FastGPS,-62.5118,-60.8468,,,9.6,0.2,,,,15,23,17757,,,,19,30914,,,,31,20299,,,,6,10105,,,,17,31324,,,,9,21053,,,,,,,,,,,,,,,,,,,,,,,,,,,,,,,,,,,,,,,,,,,,,,,,
173715,1-May-18,21:24:35,2018-05-01 21:24:35,G,2,7,60,38,0,8,-62.5158,-60.8503,24:41.8,FastGPS,-62.5158,-60.8503,,,19.8,-0.2,,,,15,7,9181,,,,23,30754,,,,5,22334,,,,6,4459,,,,9,26564,,,,16,15056,,,,30,29873,,,,29,24084,,,,,,,,,,,,,,,,,,,,,,,,,,,,,,,,,,,,,,
173715,1-May-18,22:42:20,2018-05-01 22:42:20,G,1,7,62,39,0,4,-62.548,-60.856,5/2/2018 9:48,R,-62.5162,-60.8505,,,2.1,0.8,,,,15,9,7179,,,,7,9992,,,,2,12575,,,,13,21247,,,,,,,,,,,,,,,,,,,,,,,,,,,,,,,,,,,,,,,,,,,,,,,,,,,,,,,,,,
173715,1-May-18,23:28:02,2018-05-01 23:28:02,G,1,7,63,40,0,6,-62.5169,-60.8511,28:10.2,FastGPS,-62.5169,-60.8511,,,2.3,1.2,,,,15,9,15558,,,,8,27741,,,,28,19109,,,,7,30859,,,,5,29546,,,,30,16056,,,,,,,,,,,,,,,,,,,,,,,,,,,,,,,,,,,,,,,,,,,,,,,,
173715,2-May-18,1:50:06,2018-05-02 01:50:06,G,2,7,65,45,0,5,-62.5219,-60.8571,50:14.2,FastGPS,-62.5219,-60.8571,,,10.8,1.2,,,,15,28,22585,,,,15,19302,,,,30,3042,,,,13,20621,,,,24,22517,,,,,,,,,,,,,,,,,,,,,,,,,,,,,,,,,,,,,,,,,,,,,,,,,,,,,
173715,2-May-18,3:11:35,2018-05-02 03:11:35,G,1,7,66,48,0,6,-62.5199,-60.8673,11:42.2,FastGPS,-62.5199,-60.8673,,,2.9,0.2,,,,15,17,19989,,,,19,27054,,,,28,30931,,,,13,28822,,,,15,4656,,,,1,14416,,,,,,,,,,,,,,,,,,,,,,,,,,,,,,,,,,,,,,,,,,,,,,,,
173715,2-May-18,12:05:00,2018-05-02 12:05:00,G,2,7,77,,0,9,-62.5536,-60.875,05:08.2,FastGPS,-62.5536,-60.875,,1,17.7,1.2,,,,15,20,4828,,,,21,15145,,,,16,18834,,,,10,24588,,,,15,11796,,,,7,1828,,,,8,9558,,,,4,8055,,,,26,8481,,,,,,,,,,,,,,,,,,,,,,,,,,,,,,,,,
173715,2-May-18,13:10:04,2018-05-02 13:10:04,G,1,7,79,60,0,4,-62.534,-60.889,5/3/2018 10:57,N,-62.5481,-60.8863,,,0.2,1.2,,,,15,10,8167,,,,27,13356,,,,21,14174,,,,30,15072,,,,,,,,,,,,,,,,,,,,,,,,,,,,,,,,,,,,,,,,,,,,,,,,,,,,,,,,,,
173715,2-May-18,23:19:09,2018-05-02 23:19:09,G,1,7,91,73,0,4,-62.534,-60.889,5/3/2018 10:57,N,-62.5211,-60.881,,,1.1,0.7,,,,15,27,18845,,,,7,15694,,,,5,9292,,,,16,6434,,,,,,,,,,,,,,,,,,,,,,,,,,,,,,,,,,,,,,,,,,,,,,,,,,,,,,,,,,
173715,3-May-18,0:55:22,2018-05-03 00:55:22,G,1,7,94,73,0,6,-62.4913,-60.8509,55:29.3,FastGPS,-62.4913,-60.8509,,,4.7,0.3,,,,15,8,22453,,,,7,8284,,,,28,24416,,,,15,10349,,,,13,8688,,,,30,28358,,,,,,,,,,,,,,,,,,,,,,,,,,,,,,,,,,,,,,,,,,,,,,,,
173715,3-May-18,6:47:00,2018-05-03 06:47:00,G,1,7,98,86,0,8,-62.5346,-60.8871,47:07.3,FastGPS,-62.5346,-60.8871,,,9.5,0.3,,,,15,29,24988,,,,12,32153,,,,14,11840,,,,25,1394,,,,31,14142,,,,3,2713,,,,32,5069,,,,2,24602,,,,,,,,,,,,,,,,,,,,,,,,,,,,,,,,,,,,,,
173715,3-May-18,7:36:00,2018-05-03 07:36:00,G,2,7,99,87,0,7,-62.5402,-60.8893,36:08.3,FastGPS,-62.5402,-60.8893,,1,7,1.3,,,,15,31,6793,,,,29,4905,,,,25,1336,,,,12,31389,,,,23,12662,,,,4,21939,,,,6,7245,,,,,,,,,,,,,,,,,,,,,,,,,,,,,,,,,,,,,,,,,,,
173715,3-May-18,10:51:02,2018-05-03 10:51:02,G,2,7,103,91,0,8,-62.5337,-60.8881,51:10.3,FastGPS,-62.5337,-60.8881,,1,13.3,1.3,,,,15,29,22827,,,,20,30674,,,,4,19999,,,,26,14508,,,,27,19984,,,,21,1091,,,,15,25575,,,,16,26500,,,,,,,,,,,,,,,,,,,,,,,,,,,,,,,,,,,,,,
173715,3-May-18,11:26:09,2018-05-03 11:26:09,G,1,7,104,91,0,5,-62.5424,-60.8875,26:17.3,FastGPS,-62.5424,-60.8875,,,7.8,1.3,,,,15,20,32349,,,,26,2026,,,,21,10590,,,,15,5077,,,,27,15562,,,,,,,,,,,,,,,,,,,,,,,,,,,,,,,,,,,,,,,,,,,,,,,,,,,,,
173715,3-May-18,12:44:35,2018-05-03 12:44:35,G,1,7,106,92,0,5,-62.5384,-60.9198,44:41.8,FastGPS,-62.5384,-60.9198,,,10.1,-0.2,,,,15,15,24650,,,,20,21847,,,,10,26543,,,,13,11845,,,,21,13635,,,,,,,,,,,,,,,,,,,,,,,,,,,,,,,,,,,,,,,,,,,,,,,,,,,,,
173715,3-May-18,13:29:00,2018-05-03 13:29:00,G,1,7,107,93,0,4,-62.577,-61.237,5/4/2018 9:13,K,-62.5455,-60.9351,,,1.1,0.3,,,,15,10,16947,,,,18,4086,,,,8,24625,,,,27,30982,,,,,,,,,,,,,,,,,,,,,,,,,,,,,,,,,,,,,,,,,,,,,,,,,,,,,,,,,,
173715,3-May-18,14:17:04,2018-05-03 14:17:04,G,2,7,108,,0,9,-62.5417,-60.9332,17:11.3,FastGPS,-62.5417,-60.9332,,,2.6,0.3,,,,15,18,6992,,,,8,28134,,,,11,5098,,,,27,2097,,,,28,18683,,,,24,19768,,,,32,32696,,,,10,5635,,,,15,32332,,,,,,,,,,,,,,,,,,,,,,,,,,,,,,,,,
173715,3-May-18,14:47:00,2018-05-03 14:47:00,G,1,7,109,94,0,5,-62.5384,-60.9225,47:07.3,FastGPS,-62.5384,-60.9225,,,1.8,0.3,,,,15,11,2641,,,,18,983,,,,8,2418,,,,1,29007,,,,28,21206,,,,,,,,,,,,,,,,,,,,,,,,,,,,,,,,,,,,,,,,,,,,,,,,,,,,,
173715,3-May-18,16:05:04,2018-05-03 16:05:04,G,1,7,110,97,0,5,-62.5506,-60.9249,05:11.3,FastGPS,-62.5506,-60.9249,,,1.2,0.3,,,,15,10,7348,,,,14,29770,,,,32,29422,,,,18,18598,,,,11,30356,,,,,,,,,,,,,,,,,,,,,,,,,,,,,,,,,,,,,,,,,,,,,,,,,,,,,
173715,3-May-18,17:53:11,2018-05-03 17:53:11,G,2,7,113,98,0,6,-62.543,-60.9286,53:17.8,FastGPS,-62.543,-60.9286,,,3,-0.2,,,,15,31,32442,,,,18,8463,,,,11,8171,,,,22,18327,,,,17,21176,,,,14,4788,,,,,,,,,,,,,,,,,,,,,,,,,,,,,,,,,,,,,,,,,,,,,,,,
173715,3-May-18,18:23:35,2018-05-03 18:23:35,G,1,7,114,98,0,6,-62.5428,-60.9325,23:41.8,FastGPS,-62.5428,-60.9325,,1,1.3,-0.2,,,,15,23,18159,,,,22,17002,,,,31,22754,,,,17,5701,,,,14,16708,,,,3,1488,,,,,,,,,,,,,,,,,,,,,,,,,,,,,,,,,,,,,,,,,,,,,,,,
173715,3-May-18,21:28:37,2018-05-03 21:28:37,G,1,7,119,,0,9,-62.4818,-60.8513,28:44.3,FastGPS,-62.4818,-60.8513,,1,13.6,0.3,,,,15,5,20891,,,,2,27247,,,,4,22810,,,,26,3961,,,,29,24494,,,,7,3665,,,,23,28959,,,,9,2790,,,,16,5125,,,,,,,,,,,,,,,,,,,,,,,,,,,,,,,,,
173715,4-May-18,1:14:11,2018-05-04 01:14:11,G,1,7,123,106,0,5,-62.5013,-60.879,14:18.8,FastGPS,-62.5013,-60.879,,,2.7,0.8,,,,15,15,8356,,,,5,20516,,,,13,18133,,,,20,8493,,,,8,19500,,,,,,,,,,,,,,,,,,,,,,,,,,,,,,,,,,,,,,,,,,,,,,,,,,,,,
173715,4-May-18,1:44:04,2018-05-04 01:44:04,G,1,7,124,106,0,4,-62.781,-61.545,5/5/2018 0:33,K,-62.5217,-60.8686,,,1,0.8,,,,15,15,28331,,,,20,19894,,,,13,23984,,,,28,27547,,,,,,,,,,,,,,,,,,,,,,,,,,,,,,,,,,,,,,,,,,,,,,,,,,,,,,,,,,
173715,4-May-18,3:01:40,2018-05-04 03:01:40,G,1,7,192,,0,7,-62.781,-61.545,5/5/2018 0:33,K,-62.5807,-61.3141,,3,1.8,-4.5,,,,15,15,746,,,,24,1286,,,,12,8657,,,,26,30933,,,,19,9789,,,,16,21809,,,,14,331,,,,,,,,,,,,,,,,,,,,,,,,,,,,,,,,,,,,,,,,,,,
173715,4-May-18,3:35:29,2018-05-04 03:35:29,G,2,7,382,108,0,6,-62.574,-60.9352,35:37.3,FastGPS,-62.574,-60.9352,,,9.9,1.3,,,,15,17,18146,,,,15,15331,,,,19,30329,,,,13,17816,,,,10,1352,,,,32,29781,,,,,,,,,,,,,,,,,,,,,,,,,,,,,,,,,,,,,,,,,,,,,,,,
173715,4-May-18,4:05:24,2018-05-04 04:05:24,G,2,7,383,108,0,6,-62.5874,-60.9611,05:31.8,FastGPS,-62.5874,-60.9611,,,6.7,0.8,,,,15,15,5946,,,,24,14019,,,,32,16298,,,,12,28160,,,,10,27762,,,,17,29461,,,,,,,,,,,,,,,,,,,,,,,,,,,,,,,,,,,,,,,,,,,,,,,,
173715,4-May-18,8:14:00,2018-05-04 08:14:00,G,1,7,387,110,0,6,-62.5763,-61.174,14:08.3,FastGPS,-62.5763,-61.174,,,3.7,1.3,,,,15,5,28795,,,,31,24629,,,,12,30940,,,,25,18328,,,,29,2885,,,,26,15917,,,,,,,,,,,,,,,,,,,,,,,,,,,,,,,,,,,,,,,,,,,,,,,,
173715,4-May-18,9:05:59,2018-05-04 09:05:59,G,2,7,388,111,0,7,-62.5886,-61.2112,06:07.3,FastGPS,-62.5886,-61.2112,,1,5.1,1.3,,,,15,29,2004,,,,25,3688,,,,5,1862,,,,31,26784,,,,4,24203,,,,16,23540,,,,21,6766,,,,,,,,,,,,,,,,,,,,,,,,,,,,,,,,,,,,,,,,,,,
173715,4-May-18,9:40:34,2018-05-04 09:40:34,G,4,7,389,111,0,5,-62.762,-61.54,5/5/2018 5:17,A,-62.59,-61.1909,,1,0.4,2.2,,,,15,5,16892,,,,26,27140,,,,16,4439,,,,4,29697,,,,29,19350,,,,,,,,,,,,,,,,,,,,,,,,,,,,,,,,,,,,,,,,,,,,,,,,,,,,,
173715,4-May-18,10:55:15,2018-05-04 10:55:15,G,1,7,390,111,0,4,-62.762,-61.54,5/5/2018 5:17,A,,,,,,,,,,15,4,12616,,,,20,2964,,,,26,14073,,,,16,20939,,,,,,,,,,,,,,,,,,,,,,,,,,,,,,,,,,,,,,,,,,,,,,,,,,,,,,,,,,
173715,4-May-18,13:49:54,2018-05-04 13:49:54,G,1,7,394,,0,9,-62.6661,-61.3227,50:02.3,FastGPS,-62.6661,-61.3227,,,12.1,1.3,,,,15,18,18068,,,,11,14580,,,,8,12808,,,,15,31233,,,,10,10176,,,,20,13014,,,,1,14159,,,,27,28492,,,,28,19631,,,,,,,,,,,,,,,,,,,,,,,,,,,,,,,,,
173715,4-May-18,21:59:12,2018-05-04 21:59:12,G,2,7,405,122,0,7,-62.7432,-61.4801,59:19.8,FastGPS,-62.7432,-61.4801,,1,6,0.8,,,,15,7,10262,,,,30,30713,,,,5,24744,,,,2,24731,,,,9,27394,,,,4,9729,,,,29,28133,,,,,,,,,,,,,,,,,,,,,,,,,,,,,,,,,,,,,,,,,,,
173715,5-May-18,0:17:00,2018-05-05 00:17:00,G,1,7,409,123,0,7,-62.7847,-61.5599,17:06.8,FastGPS,-62.7847,-61.5599,,,6.7,-0.2,,,,15,7,820,,,,27,2405,,,,8,18434,,,,28,25560,,,,13,24082,,,,20,620,,,,30,22942,,,,,,,,,,,,,,,,,,,,,,,,,,,,,,,,,,,,,,,,,,,
173715,5-May-18,1:04:04,2018-05-05 01:04:04,G,1,7,410,124,0,4,-62.762,-61.54,5/5/2018 5:17,A,-62.7778,-61.5274,,,0.6,0.8,,,,15,15,27653,,,,28,16864,,,,13,17098,,,,20,8211,,,,,,,,,,,,,,,,,,,,,,,,,,,,,,,,,,,,,,,,,,,,,,,,,,,,,,,,,,
173715,5-May-18,1:49:02,2018-05-05 01:49:02,G,3,7,411,125,0,5,-62.7622,-61.5479,49:08.8,FastGPS,-62.7622,-61.5479,,,1.2,-0.2,,,,15,28,14491,,,,30,21971,,,,13,5725,,,,17,21805,,,,15,5362,,,,,,,,,,,,,,,,,,,,,,,,,,,,,,,,,,,,,,,,,,,,,,,,,,,,,
173715,5-May-18,2:49:06,2018-05-05 02:49:06,G,1,7,412,127,0,4,-62.734,-61.484,5/6/2018 1:37,A,-62.7674,-61.5667,,,0.3,0.4,,,,15,15,21194,,,,13,30788,,,,17,15192,,,,24,13468,,,,,,,,,,,,,,,,,,,,,,,,,,,,,,,,,,,,,,,,,,,,,,,,,,,,,,,,,,
173715,5-May-18,4:13:22,2018-05-05 04:13:22,G,2,7,413,130,0,5,-62.7709,-61.5474,13:29.3,FastGPS,-62.7709,-61.5474,,,3.4,0.3,,,,15,17,6651,,,,19,28591,,,,15,11157,,,,1,18036,,,,12,30978,,,,,,,,,,,,,,,,,,,,,,,,,,,,,,,,,,,,,,,,,,,,,,,,,,,,,
173715,5-May-18,4:58:33,2018-05-05 04:58:33,G,1,7,414,131,0,5,-62.7618,-61.548,58:40.3,FastGPS,-62.7618,-61.548,,,6.8,0.3,,,,15,17,21564,,,,12,18875,,,,19,7498,,,,6,32204,,,,24,260,,,,,,,,,,,,,,,,,,,,,,,,,,,,,,,,,,,,,,,,,,,,,,,,,,,,,
173715,5-May-18,5:30:08,2018-05-05 05:30:08,G,1,7,415,131,0,6,-62.7587,-61.5437,30:15.3,FastGPS,-62.7587,-61.5437,,,6.4,0.3,,,,15,17,9039,,,,19,23845,,,,2,27021,,,,6,30053,,,,24,32472,,,,12,14760,,,,,,,,,,,,,,,,,,,,,,,,,,,,,,,,,,,,,,,,,,,,,,,,
173715,5-May-18,8:03:58,2018-05-05 08:03:58,G,1,7,417,137,0,4,-62.717,-61.382,5/6/2018 6:44,K,-62.7498,-61.5558,,,0.8,0.8,,,,15,2,20602,,,,5,16764,,,,12,31548,,,,31,8000,,,,,,,,,,,,,,,,,,,,,,,,,,,,,,,,,,,,,,,,,,,,,,,,,,,,,,,,,,
173715,5-May-18,9:15:56,2018-05-05 09:15:56,G,1,7,419,137,0,6,-62.7481,-61.5716,16:03.9,FastGPS,-62.7481,-61.5716,,1,3.7,0.9,,,,15,5,5214,,,,4,5826,,,,26,16152,,,,31,2123,,,,16,13526,,,,2,14616,,,,,,,,,,,,,,,,,,,,,,,,,,,,,,,,,,,,,,,,,,,,,,,,
173715,6-May-18,1:09:05,2018-05-06 01:09:05,G,1,7,438,159,0,6,-62.7367,-61.4906,09:12.3,FastGPS,-62.7367,-61.4906,,,11.6,0.3,,,,15,8,23012,,,,30,19093,,,,28,6485,,,,20,20867,,,,15,29422,,,,11,21343,,,,,,,,,,,,,,,,,,,,,,,,,,,,,,,,,,,,,,,,,,,,,,,,
173715,6-May-18,1:56:33,2018-05-06 01:56:33,G,2,7,439,160,0,7,-62.7325,-61.4762,56:41.3,FastGPS,-62.7325,-61.4762,,,11,1.3,,,,15,28,797,,,,15,15965,,,,17,14419,,,,13,17332,,,,10,17334,,,,20,23016,,,,30,7764,,,,,,,,,,,,,,,,,,,,,,,,,,,,,,,,,,,,,,,,,,,
173715,6-May-18,2:26:41,2018-05-06 02:26:41,G,2,7,440,160,0,6,-62.7316,-61.4685,26:48.8,FastGPS,-62.7316,-61.4685,,,10.6,0.8,,,,15,15,26141,,,,24,28620,,,,20,29890,,,,13,13540,,,,11,29765,,,,18,8963,,,,,,,,,,,,,,,,,,,,,,,,,,,,,,,,,,,,,,,,,,,,,,,,
173715,6-May-18,3:13:00,2018-05-06 03:13:00,G,2,7,441,161,0,6,-62.7391,-61.4375,13:08.3,FastGPS,-62.7391,-61.4375,,,2,1.3,,,,15,28,30591,,,,24,11910,,,,10,6145,,,,15,4837,,,,17,5360,,,,1,10232,,,,,,,,,,,,,,,,,,,,,,,,,,,,,,,,,,,,,,,,,,,,,,,,
173715,6-May-18,5:34:51,2018-05-06 05:34:51,G,4,7,443,166,0,4,-62.731,-61.225,5/7/2018 1:22,K,-62.7232,-61.4064,,,0.9,1.4,,,,15,24,2117,,,,14,965,,,,19,31489,,,,25,24848,,,,,,,,,,,,,,,,,,,,,,,,,,,,,,,,,,,,,,,,,,,,,,,,,,,,,,,,,,
173715,6-May-18,7:21:07,2018-05-06 07:21:07,G,1,7,445,169,0,6,-62.7097,-61.3684,21:14.8,FastGPS,-62.7097,-61.3684,,1,3.7,0.8,,,,15,25,4393,,,,6,18672,,,,2,16637,,,,12,6976,,,,29,32724,,,,4,16486,,,,,,,,,,,,,,,,,,,,,,,,,,,,,,,,,,,,,,,,,,,,,,,,
173715,6-May-18,11:48:02,2018-05-06 11:48:02,G,2,7,448,180,0,8,-62.7094,-61.2982,48:09.3,FastGPS,-62.7094,-61.2982,,,8.3,0.3,,,,15,15,19324,,,,13,21112,,,,27,18564,,,,7,16146,,,,21,26375,,,,10,31516,,,,30,32241,,,,20,17172,,,,,,,,,,,,,,,,,,,,,,,,,,,,,,,,,,,,,,
173715,6-May-18,14:03:00,2018-05-06 14:03:00,G,1,7,451,183,1,8,-62.7273,-61.2344,03:06.8,FastGPS,-62.7273,-61.2344,,,11.8,-0.2,,,,15,1,12339,,,,10,31572,,,,27,31573,,,,8,21088,,,,11,26335,,,,18,27417,,,,28,9804,,,,15,32076,,,,,,,,,,,,,,,,,,,,,,,,,,,,,,,,,,,,,,
173715,6-May-18,14:50:00,2018-05-06 14:50:00,G,2,7,452,184,0,7,-62.7223,-61.2271,50:06.9,FastGPS,-62.7223,-61.2271,,,8.1,-0.1,,,,15,24,17678,,,,10,28341,,,,32,572,,,,22,24975,,,,18,16874,,,,8,14016,,,,11,21328,,,,,,,,,,,,,,,,,,,,,,,,,,,,,,,,,,,,,,,,,,,
173715,6-May-18,15:35:00,2018-05-06 15:35:00,G,1,7,453,185,1,6,-62.726,-61.2134,35:06.9,FastGPS,-62.726,-61.2134,,,7.3,-0.1,,,,15,8,10409,,,,3,15288,,,,17,30867,,,,28,22985,,,,18,25893,,,,1,6301,,,,,,,,,,,,,,,,,,,,,,,,,,,,,,,,,,,,,,,,,,,,,,,,
173715,7-May-18,4:07:06,2018-05-07 04:07:06,G,1,7,455,186,0,6,-62.7122,-61.2167,07:12.9,FastGPS,-62.7122,-61.2167,,,12.9,-0.1,,,,15,17,1306,,,,12,776,,,,19,27588,,,,15,32328,,,,6,31825,,,,24,8162,,,,,,,,,,,,,,,,,,,,,,,,,,,,,,,,,,,,,,,,,,,,,,,,
173715,7-May-18,7:35:28,2018-05-07 07:35:28,G,2,7,459,190,0,8,-62.7049,-61.1504,35:35.4,FastGPS,-62.7049,-61.1504,,,12.8,0.4,,,,15,12,11585,,,,6,17874,,,,2,31425,,,,25,30973,,,,23,10752,,,,31,32531,,,,5,3128,,,,29,22244,,,,,,,,,,,,,,,,,,,,,,,,,,,,,,,,,,,,,,
173715,7-May-18,9:45:40,2018-05-07 09:45:40,G,1,7,461,194,0,7,-62.6904,-61.1506,45:46.9,FastGPS,-62.6904,-61.1506,,1,4.7,-0.1,,,,15,29,24725,,,,20,28073,,,,5,16182,,,,25,13965,,,,4,7810,,,,16,14885,,,,31,26629,,,,,,,,,,,,,,,,,,,,,,,,,,,,,,,,,,,,,,,,,,,
173715,7-May-18,10:17:23,2018-05-07 10:17:23,G,2,7,462,194,0,8,-62.6821,-61.1713,17:31.4,FastGPS,-62.6821,-61.1713,,1,13.8,1.4,,,,15,29,20347,,,,20,24053,,,,5,15126,,,,26,8449,,,,21,29601,,,,27,10529,,,,4,28118,,,,16,31529,,,,,,,,,,,,,,,,,,,,,,,,,,,,,,,,,,,,,,
173715,7-May-18,12:19:30,2018-05-07 12:19:30,G,1,7,465,196,0,6,-62.642,-61.2618,19:38.4,FastGPS,-62.642,-61.2618,,,2.2,1.4,,,,15,7,21749,,,,27,1147,,,,21,4483,,,,8,24080,,,,15,13291,,,,10,22691,,,,,,,,,,,,,,,,,,,,,,,,,,,,,,,,,,,,,,,,,,,,,,,,
173715,7-May-18,14:00:47,2018-05-07 14:00:47,G,1,7,466,200,0,5,-62.6455,-61.2946,00:54.8,FastGPS,-62.6455,-61.2946,,,12.8,0.8,,,,15,8,15226,,,,18,28006,,,,11,27099,,,,1,15028,,,,28,6982,,,,,,,,,,,,,,,,,,,,,,,,,,,,,,,,,,,,,,,,,,,,,,,,,,,,,
173715,7-May-18,15:08:49,2018-05-07 15:08:49,G,1,7,468,200,0,7,-62.6432,-61.2652,08:57.4,FastGPS,-62.6432,-61.2652,,,6.6,1.4,,,,15,10,8771,,,,1,10165,,,,28,18535,,,,18,10769,,,,11,18152,,,,32,31068,,,,14,13772,,,,,,,,,,,,,,,,,,,,,,,,,,,,,,,,,,,,,,,,,,,
173715,7-May-18,16:50:14,2018-05-07 16:50:14,G,1,7,469,,0,9,-62.6328,-61.302,50:22.4,FastGPS,-62.6328,-61.302,,,3.5,1.4,,,,15,17,1640,,,,19,28506,,,,22,25746,,,,14,3382,,,,3,24171,,,,31,26000,,,,1,13498,,,,32,32597,,,,18,28779,,,,,,,,,,,,,,,,,,,,,,,,,,,,,,,,,
173715,7-May-18,17:40:50,2018-05-07 17:40:50,G,2,7,470,205,0,8,-62.633,-61.302,40:58.4,FastGPS,-62.633,-61.302,,,2.4,1.4,,,,15,12,14198,,,,31,14935,,,,25,32619,,,,3,8017,,,,1,25177,,,,22,22801,,,,19,1499,,,,32,12833,,,,,,,,,,,,,,,,,,,,,,,,,,,,,,,,,,,,,,
173715,7-May-18,19:45:46,2018-05-07 19:45:46,G,1,7,471,210,0,7,-62.6435,-61.2785,45:53.4,FastGPS,-62.6435,-61.2785,,1,2.5,0.4,,,,15,2,4541,,,,9,6251,,,,6,10586,,,,26,23681,,,,31,21075,,,,4,13806,,,,29,20008,,,,,,,,,,,,,,,,,,,,,,,,,,,,,,,,,,,,,,,,,,,
173715,7-May-18,20:16:00,2018-05-07 20:16:00,G,1,7,472,210,0,6,-62.6524,-61.2662,16:07.4,FastGPS,-62.6524,-61.2662,,,4.7,0.4,,,,15,9,3491,,,,6,24870,,,,7,13433,,,,29,17992,,,,2,14196,,,,16,29640,,,,,,,,,,,,,,,,,,,,,,,,,,,,,,,,,,,,,,,,,,,,,,,,
173715,7-May-18,20:46:03,2018-05-07 20:46:03,G,1,7,473,210,0,8,-62.6686,-61.2639,46:09.9,FastGPS,-62.6686,-61.2639,,1,5,-0.1,,,,15,2,26849,,,,9,20910,,,,6,20722,,,,4,4714,,,,7,11682,,,,29,27813,,,,5,25917,,,,16,22901,,,,,,,,,,,,,,,,,,,,,,,,,,,,,,,,,,,,,,
173715,7-May-18,21:34:03,2018-05-07 21:34:03,G,2,7,474,211,0,6,-62.7051,-61.2497,34:09.9,FastGPS,-62.7051,-61.2497,,,8.5,-0.1,,,,15,2,11064,,,,5,20465,,,,30,14497,,,,16,15546,,,,7,18301,,,,6,15656,,,,,,,,,,,,,,,,,,,,,,,,,,,,,,,,,,,,,,,,,,,,,,,,
173715,7-May-18,22:04:06,2018-05-07 22:04:06,G,1,7,475,211,0,5,-62.7214,-61.2295,04:12.9,FastGPS,-62.7214,-61.2295,,,1.5,-0.1,,,,15,5,7187,,,,16,4167,,,,9,23307,,,,7,9312,,,,27,820,,,,,,,,,,,,,,,,,,,,,,,,,,,,,,,,,,,,,,,,,,,,,,,,,,,,,
173715,7-May-18,23:24:08,2018-05-07 23:24:08,G,1,7,476,214,0,7,-62.7067,-61.2642,24:15.4,FastGPS,-62.7067,-61.2642,,,13.6,0.4,,,,15,7,28402,,,,28,1727,,,,9,26922,,,,5,16912,,,,30,7770,,,,8,2378,,,,13,26361,,,,,,,,,,,,,,,,,,,,,,,,,,,,,,,,,,,,,,,,,,,
173715,8-May-18,0:12:00,2018-05-08 00:12:00,G,1,7,477,215,0,6,-62.7028,-61.2697,12:08.4,FastGPS,-62.7028,-61.2697,,,15.3,1.4,,,,15,30,9664,,,,28,17602,,,,15,25754,,,,7,3338,,,,5,21292,,,,13,3783,,,,,,,,,,,,,,,,,,,,,,,,,,,,,,,,,,,,,,,,,,,,,,,,
173715,8-May-18,1:32:05,2018-05-08 01:32:05,G,2,7,478,218,0,7,-62.7039,-61.3215,32:13.4,FastGPS,-62.7039,-61.3215,,,6.8,1.4,,,,15,17,11804,,,,15,9196,,,,28,29672,,,,30,20829,,,,13,23639,,,,20,23401,,,,24,198,,,,,,,,,,,,,,,,,,,,,,,,,,,,,,,,,,,,,,,,,,,
173715,8-May-18,3:19:57,2018-05-08 03:19:57,G,1,7,481,219,0,5,-62.7283,-61.4342,20:04.9,FastGPS,-62.7283,-61.4342,,,11.6,0.9,,,,15,15,1868,,,,17,6020,,,,13,783,,,,19,18876,,,,32,25402,,,,,,,,,,,,,,,,,,,,,,,,,,,,,,,,,,,,,,,,,,,,,,,,,,,,,
173715,8-May-18,3:50:06,2018-05-08 03:50:06,G,1,7,482,219,0,6,-62.7372,-61.4652,50:13.9,FastGPS,-62.7372,-61.4652,,,3.4,0.9,,,,15,15,2271,,,,19,27555,,,,17,27006,,,,24,15988,,,,32,23504,,,,10,28156,,,,,,,,,,,,,,,,,,,,,,,,,,,,,,,,,,,,,,,,,,,,,,,,
173715,8-May-18,6:11:01,2018-05-08 06:11:01,G,1,7,486,220,0,4,-62.754,-61.509,5/9/2018 5:25,P,-62.784,-61.5502,,,1.5,0.4,,,,15,29,5685,,,,32,13384,,,,12,4131,,,,25,21958,,,,,,,,,,,,,,,,,,,,,,,,,,,,,,,,,,,,,,,,,,,,,,,,,,,,,,,,,,
173715,8-May-18,7:14:16,2018-05-08 07:14:16,G,2,7,487,222,0,7,-62.8082,-61.5594,14:23.9,FastGPS,-62.8082,-61.5594,,1,4,0.9,,,,15,12,17880,,,,31,28344,,,,29,20927,,,,2,32150,,,,25,20893,,,,5,8521,,,,4,7802,,,,,,,,,,,,,,,,,,,,,,,,,,,,,,,,,,,,,,,,,,,
173715,8-May-18,7:45:03,2018-05-08 07:45:03,G,1,7,488,222,0,7,-62.8068,-61.5619,45:10.9,FastGPS,-62.8068,-61.5619,,1,4.6,0.9,,,,15,12,4755,,,,31,22222,,,,4,7828,,,,5,4704,,,,29,4355,,,,25,29981,,,,26,20604,,,,,,,,,,,,,,,,,,,,,,,,,,,,,,,,,,,,,,,,,,,
173715,8-May-18,8:51:26,2018-05-08 08:51:26,G,1,7,489,224,0,4,-62.754,-61.509,5/9/2018 5:25,P,-62.8049,-61.5706,,,0.9,1.4,,,,15,5,2880,,,,2,18433,,,,29,72,,,,25,26443,,,,,,,,,,,,,,,,,,,,,,,,,,,,,,,,,,,,,,,,,,,,,,,,,,,,,,,,,,
173715,8-May-18,9:26:04,2018-05-08 09:26:04,G,1,7,490,224,0,6,-62.8023,-61.579,26:11.9,FastGPS,-62.8023,-61.579,,1,4.6,0.9,,,,15,29,2612,,,,21,6097,,,,4,18899,,,,31,5786,,,,26,19353,,,,9,18117,,,,,,,,,,,,,,,,,,,,,,,,,,,,,,,,,,,,,,,,,,,,,,,,
173715,8-May-18,17:20:05,2018-05-08 17:20:05,G,3,7,498,237,0,8,-62.7983,-61.5844,20:13.4,FastGPS,-62.7983,-61.5844,,,8.8,1.4,,,,15,23,27440,,,,18,9784,,,,11,6719,,,,1,15922,,,,17,30451,,,,3,30348,,,,22,19570,,,,31,24426,,,,,,,,,,,,,,,,,,,,,,,,,,,,,,,,,,,,,,
173715,8-May-18,18:10:39,2018-05-08 18:10:39,G,1,7,499,238,0,8,-62.7972,-61.5802,10:46.9,FastGPS,-62.7972,-61.5802,,,9.3,0.9,,,,15,19,10822,,,,31,24419,,,,17,19774,,,,6,26221,,,,3,2409,,,,22,32171,,,,23,12329,,,,14,21821,,,,,,,,,,,,,,,,,,,,,,,,,,,,,,,,,,,,,,
173715,8-May-18,19:01:26,2018-05-08 19:01:26,G,2,7,500,,0,9,-62.7933,-61.5865,01:34.4,FastGPS,-62.7933,-61.5865,,1,7.7,1.4,,,,15,31,10856,,,,3,16246,,,,6,18858,,,,23,15872,,,,9,21572,,,,2,24022,,,,4,17469,,,,19,20263,,,,22,6133,,,,,,,,,,,,,,,,,,,,,,,,,,,,,,,,,
173715,9-May-18,0:02:00,2018-05-09 00:02:00,G,1,7,506,247,1,5,-62.7542,-61.4998,02:08.0,FastGPS,-62.7542,-61.4998,,,3.6,1,,,,15,7,2320,,,,28,4843,,,,8,26339,,,,30,28136,,,,13,1176,,,,,,,,,,,,,,,,,,,,,,,,,,,,,,,,,,,,,,,,,,,,,,,,,,,,,
173715,9-May-18,0:32:00,2018-05-09 00:32:00,G,1,7,507,247,1,5,-62.702,-61.354,5/10/2018 0:15,P,-62.7543,-61.499,,1,0.9,0,,,,15,7,30572,,,,8,18161,,,,30,22379,,,,28,23157,,,,13,31052,,,,,,,,,,,,,,,,,,,,,,,,,,,,,,,,,,,,,,,,,,,,,,,,,,,,,
173715,9-May-18,1:02:00,2018-05-09 01:02:00,G,1,7,508,247,1,5,-62.7545,-61.4991,02:07.1,FastGPS,-62.7545,-61.4991,,,6.1,0.1,,,,15,30,11402,,,,8,20794,,,,28,20470,,,,13,5030,,,,7,4607,,,,,,,,,,,,,,,,,,,,,,,,,,,,,,,,,,,,,,,,,,,,,,,,,,,,,
173715,9-May-18,3:02:00,2018-05-09 03:02:00,G,1,7,510,251,1,4,-62.702,-61.354,5/10/2018 0:15,P,-62.7543,-61.492,,,1,0.1,,,,15,17,30969,,,,28,15388,,,,19,24036,,,,1,1283,,,,,,,,,,,,,,,,,,,,,,,,,,,,,,,,,,,,,,,,,,,,,,,,,,,,,,,,,,
173715,9-May-18,4:17:00,2018-05-09 04:17:00,G,1,7,512,252,1,4,-62.683,-61.217,5/10/2018 3:32,P,-62.7187,-61.4612,,,0.6,-2.4,,,,15,6,4985,,,,17,27309,,,,19,26921,,,,24,31991,,,,,,,,,,,,,,,,,,,,,,,,,,,,,,,,,,,,,,,,,,,,,,,,,,,,,,,,,,
173715,9-May-18,5:02:00,2018-05-09 05:02:00,G,3,7,513,253,1,5,-62.7544,-61.5008,02:07.0,FastGPS,-62.7544,-61.5008,,,3.1,0,,,,15,17,9541,,,,19,4733,,,,6,22700,,,,12,19396,,,,24,18991,,,,,,,,,,,,,,,,,,,,,,,,,,,,,,,,,,,,,,,,,,,,,,,,,,,,,
173715,9-May-18,10:14:30,2018-05-09 10:14:30,G,3,7,517,258,0,7,-62.7634,-61.5531,14:38.4,FastGPS,-62.7634,-61.5531,,1,10.9,1.4,,,,15,4,11806,,,,20,31067,,,,29,27324,,,,21,4307,,,,26,30090,,,,27,31216,,,,16,5727,,,,,,,,,,,,,,,,,,,,,,,,,,,,,,,,,,,,,,,,,,,
173715,9-May-18,11:28:41,2018-05-09 11:28:41,G,1,7,519,258,0,6,-62.7867,-61.5793,28:49.4,FastGPS,-62.7867,-61.5793,,1,2.7,1.4,,,,15,20,18532,,,,21,10065,,,,27,3728,,,,16,17773,,,,10,2334,,,,4,23782,,,,,,,,,,,,,,,,,,,,,,,,,,,,,,,,,,,,,,,,,,,,,,,,
173715,9-May-18,12:00:27,2018-05-09 12:00:27,G,1,7,520,,0,9,-62.8005,-61.5841,00:34.4,FastGPS,-62.8005,-61.5841,,,9.8,0.4,,,,15,27,18568,,,,8,15101,,,,21,6224,,,,7,18513,,,,13,28789,,,,15,3236,,,,20,21374,,,,16,4878,,,,30,27508,,,,,,,,,,,,,,,,,,,,,,,,,,,,,,,,,
173715,9-May-18,17:41:50,2018-05-09 17:41:50,G,1,7,528,,0,9,-62.7802,-61.5518,41:57.4,FastGPS,-62.7802,-61.5518,,,8.2,0.4,,,,15,12,19868,,,,3,24887,,,,25,27224,,,,17,17365,,,,19,15744,,,,18,3288,,,,31,3396,,,,22,16687,,,,14,12820,,,,,,,,,,,,,,,,,,,,,,,,,,,,,,,,,
173715,9-May-18,22:25:06,2018-05-09 22:25:06,G,1,7,535,259,0,7,-62.7206,-61.4669,25:13.4,FastGPS,-62.7206,-61.4669,,,10.6,0.4,,,,15,16,8791,,,,27,8548,,,,7,10804,,,,9,16058,,,,30,9049,,,,5,10748,,,,8,26106,,,,,,,,,,,,,,,,,,,,,,,,,,,,,,,,,,,,,,,,,,,
173715,10-May-18,0:26:03,2018-05-10 00:26:03,G,1,7,538,261,0,7,-62.7019,-61.3449,26:10.5,FastGPS,-62.7019,-61.3449,,,11.5,0.5,,,,15,7,16416,,,,30,4689,,,,8,29206,,,,28,28738,,,,13,17292,,,,27,29688,,,,5,8476,,,,,,,,,,,,,,,,,,,,,,,,,,,,,,,,,,,,,,,,,,,
173715,10-May-18,1:13:14,2018-05-10 01:13:14,G,1,7,539,262,0,7,-62.6987,-61.3034,13:21.5,FastGPS,-62.6987,-61.3034,,,15.5,0.5,,,,15,15,23464,,,,20,29492,,,,13,2253,,,,28,32633,,,,7,4182,,,,30,28858,,,,17,23320,,,,,,,,,,,,,,,,,,,,,,,,,,,,,,,,,,,,,,,,,,,
173715,10-May-18,1:48:03,2018-05-10 01:48:03,G,1,7,540,,0,9,-62.6968,-61.2883,48:10.0,FastGPS,-62.6968,-61.2883,,,8.2,0,,,,15,15,21513,,,,28,23230,,,,30,11789,,,,18,7400,,,,11,18530,,,,17,23815,,,,13,2213,,,,1,22386,,,,19,6643,,,,,,,,,,,,,,,,,,,,,,,,,,,,,,,,,
173715,10-May-18,2:34:25,2018-05-10 02:34:25,G,1,7,541,263,0,6,-62.6901,-61.265,34:32.0,FastGPS,-62.6901,-61.265,,,8.9,0,,,,15,28,9462,,,,17,1070,,,,18,28005,,,,11,24580,,,,10,6132,,,,1,1548,,,,,,,,,,,,,,,,,,,,,,,,,,,,,,,,,,,,,,,,,,,,,,,,
173715,10-May-18,3:35:15,2018-05-10 03:35:15,G,3,7,543,263,0,5,-62.6631,-61.2128,35:23.0,FastGPS,-62.6631,-61.2128,,,3,1,,,,15,17,12478,,,,1,5512,,,,19,526,,,,32,13897,,,,24,24078,,,,,,,,,,,,,,,,,,,,,,,,,,,,,,,,,,,,,,,,,,,,,,,,,,,,,
173715,10-May-18,4:50:33,2018-05-10 04:50:33,G,2,7,545,264,0,5,-62.6082,-61.1931,50:40.9,FastGPS,-62.6082,-61.1931,,,4.8,0.9,,,,15,17,9364,,,,19,23621,,,,6,8742,,,,2,20398,,,,12,11499,,,,,,,,,,,,,,,,,,,,,,,,,,,,,,,,,,,,,,,,,,,,,,,,,,,,,
173715,10-May-18,11:55:15,2018-05-10 11:55:15,G,1,7,556,269,0,6,-62.476,-60.746,55:22.0,FastGPS,-62.476,-60.746,,,10.8,0,,,,15,27,8273,,,,8,32086,,,,16,2289,,,,10,6742,,,,26,18792,,,,7,8972,,,,,,,,,,,,,,,,,,,,,,,,,,,,,,,,,,,,,,,,,,,,,,,,
173715,10-May-18,13:02:15,2018-05-10 13:02:15,G,1,7,557,,0,9,-62.4808,-60.7261,02:22.0,FastGPS,-62.4808,-60.7261,,,10.1,0,,,,15,10,11215,,,,32,23114,,,,27,20157,,,,15,5,,,,20,6708,,,,16,14665,,,,21,26895,,,,8,21009,,,,18,2641,,,,,,,,,,,,,,,,,,,,,,,,,,,,,,,,,
173715,10-May-18,15:36:27,2018-05-10 15:36:27,G,1,7,561,,0,9,-62.4755,-60.7436,36:34.0,FastGPS,-62.4755,-60.7436,,,18.4,0,,,,15,32,26535,,,,22,19000,,,,18,15243,,,,14,26511,,,,3,14170,,,,1,162,,,,10,4343,,,,11,26694,,,,8,19991,,,,,,,,,,,,,,,,,,,,,,,,,,,,,,,,,
173715,10-May-18,16:08:14,2018-05-10 16:08:14,G,1,7,562,272,0,6,-62.4775,-60.7464,08:21.0,FastGPS,-62.4775,-60.7464,,,9,0,,,,15,22,8231,,,,17,4163,,,,32,12903,,,,1,10828,,,,3,14716,,,,11,4197,,,,,,,,,,,,,,,,,,,,,,,,,,,,,,,,,,,,,,,,,,,,,,,,
173715,10-May-18,16:39:54,2018-05-10 16:39:54,G,2,7,563,,0,9,-62.4805,-60.7054,40:01.0,FastGPS,-62.4805,-60.7054,,,11.7,0,,,,15,17,403,,,,3,26901,,,,19,30116,,,,22,26406,,,,14,3139,,,,32,27416,,,,1,11535,,,,11,12348,,,,12,24660,,,,,,,,,,,,,,,,,,,,,,,,,,,,,,,,,
173715,10-May-18,17:10:11,2018-05-10 17:10:11,G,1,7,564,,0,9,-62.4907,-60.6567,10:18.0,FastGPS,-62.4907,-60.6567,,,12.1,0,,,,15,17,22855,,,,19,19760,,,,32,2078,,,,22,18358,,,,31,20875,,,,3,21628,,,,12,19294,,,,6,13576,,,,1,17780,,,,,,,,,,,,,,,,,,,,,,,,,,,,,,,,,
173715,10-May-18,17:40:04,2018-05-10 17:40:04,G,2,7,565,,0,9,-62.4887,-60.6112,40:11.5,FastGPS,-62.4887,-60.6112,,,12.6,0.5,,,,15,3,30965,,,,14,12409,,,,31,14628,,,,22,20326,,,,23,23817,,,,32,11424,,,,11,5474,,,,25,3319,,,,6,26414,,,,,,,,,,,,,,,,,,,,,,,,,,,,,,,,,
173715,10-May-18,20:22:04,2018-05-10 20:22:04,G,1,7,569,274,0,8,-62.4708,-60.3969,22:11.5,FastGPS,-62.4708,-60.3969,,1,9.8,0.5,,,,15,29,29448,,,,16,11141,,,,9,20640,,,,4,32153,,,,23,25205,,,,2,5981,,,,3,14756,,,,26,19458,,,,,,,,,,,,,,,,,,,,,,,,,,,,,,,,,,,,,,
173715,10-May-18,21:09:00,2018-05-10 21:09:00,G,1,7,570,275,0,5,-62.4667,-60.3486,09:07.5,FastGPS,-62.4667,-60.3486,,,12.9,0.5,,,,15,5,12603,,,,16,591,,,,23,22900,,,,29,1164,,,,2,25495,,,,,,,,,,,,,,,,,,,,,,,,,,,,,,,,,,,,,,,,,,,,,,,,,,,,,
173715,10-May-18,22:11:46,2018-05-10 22:11:46,G,1,7,572,275,0,7,-62.4512,-60.2655,11:53.5,FastGPS,-62.4512,-60.2655,,,6.5,0.5,,,,15,7,4783,,,,9,12619,,,,5,19630,,,,27,13997,,,,16,31342,,,,30,8779,,,,23,29247,,,,,,,,,,,,,,,,,,,,,,,,,,,,,,,,,,,,,,,,,,,
173715,10-May-18,22:43:38,2018-05-10 22:43:38,G,1,7,573,275,0,7,-62.4348,-60.2357,43:45.5,FastGPS,-62.4348,-60.2357,,,10.3,0.5,,,,15,9,16248,,,,27,7516,,,,7,11139,,,,5,30737,,,,8,6554,,,,16,7724,,,,30,5023,,,,,,,,,,,,,,,,,,,,,,,,,,,,,,,,,,,,,,,,,,,
173715,11-May-18,1:09:02,2018-05-11 01:09:02,G,3,7,577,276,0,4,-62.327,-59.742,5/11/2018 10:04,R,-62.4083,-60.0786,,,0.2,0.5,,,,15,15,3470,,,,13,19972,,,,20,7284,,,,30,20890,,,,,,,,,,,,,,,,,,,,,,,,,,,,,,,,,,,,,,,,,,,,,,,,,,,,,,,,,,
173715,11-May-18,3:00:42,2018-05-11 03:00:42,G,1,8,580,277,0,6,-62.3963,-59.9824,00:49.0,FastGPS,-62.3963,-59.9824,,,2.6,-1,,,,15,19,24200,,,,18,8505,,,,1,12486,,,,11,12999,,,,17,21810,,,,24,24124,,,,,,,,,,,,,,,,,,,,,,,,,,,,,,,,,,,,,,,,,,,,,,,,
173715,11-May-18,3:33:10,2018-05-11 03:33:10,G,1,8,581,277,0,5,-62.3833,-59.9397,33:17.5,FastGPS,-62.3833,-59.9397,,,1.6,-0.5,,,,15,17,7872,,,,1,27920,,,,32,6670,,,,10,6508,,,,18,2390,,,,,,,,,,,,,,,,,,,,,,,,,,,,,,,,,,,,,,,,,,,,,,,,,,,,,
173715,11-May-18,4:18:32,2018-05-11 04:18:32,G,1,8,582,278,0,7,-62.3714,-59.9019,18:39.0,FastGPS,-62.3714,-59.9019,,,14.3,-1,,,,15,12,4137,,,,22,24629,,,,24,15493,,,,17,30884,,,,1,19528,,,,19,19766,,,,3,1430,,,,,,,,,,,,,,,,,,,,,,,,,,,,,,,,,,,,,,,,,,,
173715,11-May-18,8:12:35,2018-05-11 08:12:35,G,1,8,588,281,0,6,-62.3612,-59.7645,12:42.0,FastGPS,-62.3612,-59.7645,,,9.2,-1,,,,15,5,30856,,,,12,25312,,,,2,13405,,,,29,8719,,,,31,25574,,,,25,30716,,,,,,,,,,,,,,,,,,,,,,,,,,,,,,,,,,,,,,,,,,,,,,,,
173715,11-May-18,10:14:07,2018-05-11 10:14:07,G,1,8,590,285,0,7,-62.3259,-59.7417,14:15.0,FastGPS,-62.3259,-59.7417,,1,13,0,,,,15,4,16482,,,,21,11403,,,,26,5824,,,,29,31168,,,,7,1603,,,,20,18028,,,,16,2320,,,,,,,,,,,,,,,,,,,,,,,,,,,,,,,,,,,,,,,,,,,
173715,11-May-18,11:50:04,2018-05-11 11:50:04,G,1,8,592,,0,9,-62.3187,-59.7478,50:11.5,FastGPS,-62.3187,-59.7478,,,9.8,-0.5,,,,15,7,19822,,,,10,17313,,,,27,17073,,,,16,17301,,,,8,3468,,,,30,26645,,,,20,6922,,,,13,6458,,,,21,27434,,,,,,,,,,,,,,,,,,,,,,,,,,,,,,,,,
173715,11-May-18,12:39:19,2018-05-11 12:39:19,G,2,8,593,288,0,6,-62.3231,-59.7103,39:27.5,FastGPS,-62.3231,-59.7103,,,3,0.5,,,,15,8,24400,,,,20,25543,,,,27,25091,,,,21,10204,,,,15,19861,,,,30,12536,,,,,,,,,,,,,,,,,,,,,,,,,,,,,,,,,,,,,,,,,,,,,,,,
173715,11-May-18,13:09:02,2018-05-11 13:09:02,G,2,8,594,288,0,5,-62.3142,-59.6989,09:09.4,FastGPS,-62.3142,-59.6989,,,1.1,-0.6,,,,15,8,19903,,,,18,23157,,,,27,17565,,,,15,27111,,,,11,18842,,,,,,,,,,,,,,,,,,,,,,,,,,,,,,,,,,,,,,,,,,,,,,,,,,,,,
173715,11-May-18,13:39:50,2018-05-11 13:39:50,G,1,8,595,,0,9,-62.3153,-59.6594,39:58.0,FastGPS,-62.3153,-59.6594,,,9.5,0,,,,15,18,4208,,,,28,21357,,,,11,2133,,,,8,10552,,,,10,30638,,,,15,2653,,,,1,16296,,,,32,4654,,,,20,7399,,,,,,,,,,,,,,,,,,,,,,,,,,,,,,,,,
173715,11-May-18,14:11:17,2018-05-11 14:11:17,G,1,8,596,288,0,7,-62.3055,-59.6277,11:24.0,FastGPS,-62.3055,-59.6277,,,7.9,-1,,,,15,18,23898,,,,28,16220,,,,11,24937,,,,24,22005,,,,1,11708,,,,32,12372,,,,10,3620,,,,,,,,,,,,,,,,,,,,,,,,,,,,,,,,,,,,,,,,,,,
173715,11-May-18,14:45:44,2018-05-11 14:45:44,G,1,8,597,288,0,6,-62.2995,-59.5739,45:51.0,FastGPS,-62.2995,-59.5739,,,1.1,-1,,,,15,14,1703,,,,10,15557,,,,32,5398,,,,24,23404,,,,8,29866,,,,18,8156,,,,,,,,,,,,,,,,,,,,,,,,,,,,,,,,,,,,,,,,,,,,,,,,
173715,11-May-18,15:50:07,2018-05-11 15:50:07,G,1,8,599,,0,9,-62.2591,-59.512,50:15.5,FastGPS,-62.2591,-59.512,,,10.9,0.5,,,,15,32,24392,,,,22,17924,,,,10,16074,,,,18,20267,,,,11,31439,,,,17,3240,,,,31,23578,,,,14,11463,,,,1,8701,,,,,,,,,,,,,,,,,,,,,,,,,,,,,,,,,
173715,11-May-18,16:56:58,2018-05-11 16:56:58,G,1,8,601,,0,9,-62.2383,-59.471,57:06.5,FastGPS,-62.2383,-59.471,,,13.5,0.5,,,,15,31,16022,,,,12,24384,,,,17,2853,,,,32,22871,,,,3,14345,,,,19,11562,,,,22,3460,,,,1,18319,,,,6,8579,,,,,,,,,,,,,,,,,,,,,,,,,,,,,,,,,
173715,11-May-18,17:52:37,2018-05-11 17:52:37,G,1,8,602,289,0,6,-62.2481,-59.4377,52:44.0,FastGPS,-62.2481,-59.4377,,,7.8,-1,,,,15,31,4701,,,,23,28626,,,,14,27056,,,,22,29353,,,,3,11313,,,,1,18150,,,,,,,,,,,,,,,,,,,,,,,,,,,,,,,,,,,,,,,,,,,,,,,,
173715,11-May-18,18:59:03,2018-05-11 18:59:03,G,2,8,603,291,0,6,-62.2045,-59.4803,59:11.5,FastGPS,-62.2045,-59.4803,,,8,0.5,,,,15,3,25511,,,,22,4164,,,,23,18574,,,,9,15956,,,,19,3244,,,,6,14666,,,,,,,,,,,,,,,,,,,,,,,,,,,,,,,,,,,,,,,,,,,,,,,,
173715,11-May-18,19:32:50,2018-05-11 19:32:50,G,1,8,604,,0,9,-62.1772,-59.5022,32:57.0,FastGPS,-62.1772,-59.5022,,1,12.5,-1,,,,15,16,18844,,,,3,31334,,,,26,6025,,,,23,30955,,,,4,23454,,,,9,13675,,,,31,10633,,,,6,1861,,,,22,31699,,,,,,,,,,,,,,,,,,,,,,,,,,,,,,,,,
173715,11-May-18,20:36:11,2018-05-11 20:36:11,G,1,8,605,293,0,8,-62.1461,-59.5157,36:19.0,FastGPS,-62.1461,-59.5157,,1,5,0,,,,15,7,18649,,,,2,18735,,,,9,327,,,,6,1743,,,,23,6513,,,,4,1104,,,,5,19668,,,,29,28734,,,,,,,,,,,,,,,,,,,,,,,,,,,,,,,,,,,,,,
173715,11-May-18,21:27:19,2018-05-11 21:27:19,G,1,8,606,294,0,7,-62.1674,-59.5529,27:27.0,FastGPS,-62.1674,-59.5529,,,7,0,,,,15,5,19746,,,,2,12201,,,,7,21590,,,,30,31740,,,,29,9720,,,,6,11506,,,,26,31966,,,,,,,,,,,,,,,,,,,,,,,,,,,,,,,,,,,,,,,,,,,
173715,11-May-18,22:47:28,2018-05-11 22:47:28,G,1,8,607,297,0,4,-62.327,-59.742,5/11/2018 10:04,R,-62.1968,-59.6544,,,0.7,0.5,,,,15,5,24368,,,,9,18093,,,,30,15171,,,,7,32144,,,,,,,,,,,,,,,,,,,,,,,,,,,,,,,,,,,,,,,,,,,,,,,,,,,,,,,,,,
173715,11-May-18,23:32:43,2018-05-11 23:32:43,G,1,8,608,,0,9,-62.2204,-59.7119,32:50.5,FastGPS,-62.2204,-59.7119,,,18.6,-0.5,,,,15,30,7372,,,,5,26062,,,,28,29034,,,,15,19000,,,,7,27725,,,,21,13606,,,,13,4453,,,,9,18392,,,,20,11552,,,,,,,,,,,,,,,,,,,,,,,,,,,,,,,,,
173715,12-May-18,0:04:47,2018-05-12 00:04:47,G,2,8,609,298,0,7,-62.2402,-59.7485,04:54.0,FastGPS,-62.2402,-59.7485,,,6.8,-1,,,,15,15,11486,,,,5,11553,,,,28,13685,,,,13,10513,,,,20,32314,,,,30,23884,,,,21,12314,,,,,,,,,,,,,,,,,,,,,,,,,,,,,,,,,,,,,,,,,,,
173715,12-May-18,0:36:17,2018-05-12 00:36:17,G,3,8,610,298,0,6,-62.2459,-59.7779,36:25.0,FastGPS,-62.2459,-59.7779,,,5.6,0,,,,15,5,3209,,,,28,15805,,,,15,12834,,,,13,7821,,,,30,3752,,,,7,18003,,,,,,,,,,,,,,,,,,,,,,,,,,,,,,,,,,,,,,,,,,,,,,,,
173715,12-May-18,1:08:26,2018-05-12 01:08:26,G,4,8,611,298,0,5,-62.2548,-59.8277,08:34.5,FastGPS,-62.2548,-59.8277,,,7.7,0.5,,,,15,15,5478,,,,24,7548,,,,28,18292,,,,17,32126,,,,13,14062,,,,,,,,,,,,,,,,,,,,,,,,,,,,,,,,,,,,,,,,,,,,,,,,,,,,,
173715,12-May-18,2:09:06,2018-05-12 02:09:06,G,2,8,613,298,0,4,-62.327,-59.742,5/11/2018 10:04,R,-62.2844,-59.8885,,,0.3,-1,,,,15,15,26413,,,,13,3265,,,,17,10812,,,,10,22362,,,,,,,,,,,,,,,,,,,,,,,,,,,,,,,,,,,,,,,,,,,,,,,,,,,,,,,,,,
173715,12-May-18,2:54:00,2018-05-12 02:54:00,G,2,8,614,299,0,6,-62.2984,-59.9079,54:08.5,FastGPS,-62.2984,-59.9079,,,4.5,0.5,,,,15,28,26304,,,,1,28708,,,,18,29210,,,,24,2480,,,,11,3046,,,,17,3278,,,,,,,,,,,,,,,,,,,,,,,,,,,,,,,,,,,,,,,,,,,,,,,,
173715,12-May-18,4:14:03,2018-05-12 04:14:03,G,1,8,615,302,0,4,-62.327,-59.742,5/11/2018 10:04,R,-62.3329,-59.9198,,,0.4,0.5,,,,15,24,23879,,,,19,27823,,,,17,6462,,,,12,11251,,,,,,,,,,,,,,,,,,,,,,,,,,,,,,,,,,,,,,,,,,,,,,,,,,,,,,,,,,
173715,12-May-18,5:20:04,2018-05-12 05:20:04,G,1,8,617,302,0,8,-62.3675,-59.9477,20:11.0,FastGPS,-62.3675,-59.9477,,,6.9,-1,,,,15,12,32712,,,,25,28368,,,,24,11441,,,,2,26411,,,,32,6727,,,,31,20993,,,,19,15989,,,,3,29076,,,,,,,,,,,,,,,,,,,,,,,,,,,,,,,,,,,,,,
173715,12-May-18,13:00:02,2018-05-12 13:00:02,G,2,8,625,314,0,4,-62.5,-60.284,5/13/2018 10:19,K,-62.396,-60.0097,,,0.2,0.4,,,,15,27,31415,,,,10,5705,,,,8,18292,,,,11,6748,,,,,,,,,,,,,,,,,,,,,,,,,,,,,,,,,,,,,,,,,,,,,,,,,,,,,,,,,,
173715,12-May-18,14:26:17,2018-05-12 14:26:17,G,1,8,627,315,0,6,-62.4026,-60.0909,26:25.0,FastGPS,-62.4026,-60.0909,,,4.6,0,,,,15,32,9177,,,,14,355,,,,8,11609,,,,10,31062,,,,28,24997,,,,1,4480,,,,,,,,,,,,,,,,,,,,,,,,,,,,,,,,,,,,,,,,,,,,,,,,
173715,12-May-18,17:25:35,2018-05-12 17:25:35,G,2,8,631,318,0,8,-62.4161,-60.2772,25:43.5,FastGPS,-62.4161,-60.2772,,,14.9,0.5,,,,15,17,21180,,,,3,23116,,,,12,19788,,,,19,9352,,,,23,25778,,,,31,5599,,,,6,27099,,,,32,4680,,,,,,,,,,,,,,,,,,,,,,,,,,,,,,,,,,,,,,
173715,12-May-18,19:18:14,2018-05-12 19:18:14,G,2,8,632,323,0,8,-62.4201,-60.2856,18:22.0,FastGPS,-62.4201,-60.2856,,1,13.8,0,,,,15,26,20609,,,,2,20081,,,,4,15348,,,,6,17842,,,,31,24028,,,,9,24175,,,,23,11281,,,,3,7060,,,,,,,,,,,,,,,,,,,,,,,,,,,,,,,,,,,,,,
173715,12-May-18,19:51:39,2018-05-12 19:51:39,G,3,8,633,,0,9,-62.4397,-60.2804,51:47.5,FastGPS,-62.4397,-60.2804,,1,7.6,0.5,,,,15,9,4496,,,,7,3016,,,,6,5617,,,,23,30226,,,,2,14054,,,,4,32095,,,,29,18163,,,,16,31735,,,,26,813,,,,,,,,,,,,,,,,,,,,,,,,,,,,,,,,,
173715,12-May-18,20:53:02,2018-05-12 20:53:02,G,3,8,634,325,0,6,-62.4623,-60.2826,53:09.0,FastGPS,-62.4623,-60.2826,,1,2.6,-1,,,,15,5,30666,,,,29,29794,,,,2,29789,,,,4,28644,,,,26,10477,,,,16,15704,,,,,,,,,,,,,,,,,,,,,,,,,,,,,,,,,,,,,,,,,,,,,,,,
173715,12-May-18,21:23:07,2018-05-12 21:23:07,G,1,8,635,325,0,7,-62.4734,-60.3124,23:14.1,FastGPS,-62.4734,-60.3124,,,9,-0.9,,,,15,23,20525,,,,9,15274,,,,30,25924,,,,16,14506,,,,7,15500,,,,26,28709,,,,2,11491,,,,,,,,,,,,,,,,,,,,,,,,,,,,,,,,,,,,,,,,,,,
173715,12-May-18,22:38:05,2018-05-12 22:38:05,G,2,8,637,326,0,7,-62.4818,-60.2886,38:13.5,FastGPS,-62.4818,-60.2886,,,7.4,0.5,,,,15,8,19149,,,,7,10427,,,,30,11795,,,,5,533,,,,9,7592,,,,28,29222,,,,27,14224,,,,,,,,,,,,,,,,,,,,,,,,,,,,,,,,,,,,,,,,,,,
173715,12-May-18,23:23:00,2018-05-12 23:23:00,G,1,8,638,327,0,6,-62.4823,-60.3151,23:08.5,FastGPS,-62.4823,-60.3151,,,5.1,0.5,,,,15,7,25563,,,,28,15594,,,,30,24135,,,,5,23592,,,,8,4094,,,,13,5024,,,,,,,,,,,,,,,,,,,,,,,,,,,,,,,,,,,,,,,,,,,,,,,,
173715,13-May-18,0:56:41,2018-05-13 00:56:41,G,3,8,639,329,0,7,-62.4793,-60.3351,56:48.6,FastGPS,-62.4793,-60.3351,,,12.3,-0.4,,,,15,20,19453,,,,13,1604,,,,15,7096,,,,17,3931,,,,28,31140,,,,8,28836,,,,30,13662,,,,,,,,,,,,,,,,,,,,,,,,,,,,,,,,,,,,,,,,,,,
173715,13-May-18,1:59:59,2018-05-13 01:59:59,G,1,8,640,331,0,6,-62.4722,-60.3444,00:06.5,FastGPS,-62.4722,-60.3444,,,8.9,-0.5,,,,15,28,12054,,,,10,15593,,,,15,25789,,,,30,22980,,,,13,12652,,,,19,1427,,,,,,,,,,,,,,,,,,,,,,,,,,,,,,,,,,,,,,,,,,,,,,,,
173715,13-May-18,2:30:00,2018-05-13 02:30:00,G,1,8,641,331,0,6,-62.4604,-60.3347,30:07.1,FastGPS,-62.4604,-60.3347,,,13.1,-0.9,,,,15,28,13701,,,,17,26780,,,,1,14214,,,,11,12458,,,,15,23034,,,,18,22387,,,,,,,,,,,,,,,,,,,,,,,,,,,,,,,,,,,,,,,,,,,,,,,,
173715,13-May-18,5:05:00,2018-05-13 05:05:00,G,2,8,645,333,0,7,-62.4815,-60.3069,05:07.5,FastGPS,-62.4815,-60.3069,,,12,-0.5,,,,15,32,9589,,,,17,30621,,,,14,17778,,,,12,11048,,,,25,8359,,,,6,6311,,,,2,24647,,,,,,,,,,,,,,,,,,,,,,,,,,,,,,,,,,,,,,,,,,,
173715,13-May-18,5:36:00,2018-05-13 05:36:00,G,3,8,646,333,0,4,-62.458,-60.343,5/14/2018 4:25,P,-62.4906,-60.2883,,,0.1,-0.6,,,,15,32,21700,,,,14,5238,,,,25,18710,,,,31,10474,,,,,,,,,,,,,,,,,,,,,,,,,,,,,,,,,,,,,,,,,,,,,,,,,,,,,,,,,,
173715,13-May-18,6:06:00,2018-05-13 06:06:00,G,2,8,647,333,0,7,-62.4962,-60.2791,06:07.0,FastGPS,-62.4962,-60.2791,,,4.9,-1,,,,15,6,10186,,,,12,23961,,,,29,12849,,,,25,24597,,,,19,22530,,,,24,19166,,,,2,17534,,,,,,,,,,,,,,,,,,,,,,,,,,,,,,,,,,,,,,,,,,,
173715,13-May-18,6:36:23,2018-05-13 06:36:23,G,3,8,648,333,0,6,-62.4964,-60.2784,36:30.5,FastGPS,-62.4964,-60.2784,,1,11.5,-0.5,,,,15,29,4477,,,,12,22194,,,,4,360,,,,2,20753,,,,31,32382,,,,25,29476,,,,,,,,,,,,,,,,,,,,,,,,,,,,,,,,,,,,,,,,,,,,,,,,
173715,13-May-18,10:53:00,2018-05-13 10:53:00,G,1,8,653,,0,9,-62.4968,-60.2798,53:07.1,FastGPS,-62.4968,-60.2798,,1,17.5,-0.9,,,,15,29,25288,,,,13,4806,,,,15,32014,,,,4,17808,,,,20,4664,,,,26,6295,,,,10,16508,,,,16,16726,,,,7,2054,,,,,,,,,,,,,,,,,,,,,,,,,,,,,,,,,
173715,13-May-18,15:58:39,2018-05-13 15:58:39,G,1,8,659,348,0,6,-62.4839,-60.273,58:46.6,FastGPS,-62.4839,-60.273,,,8.9,-0.4,,,,15,17,6824,,,,11,28261,,,,18,13550,,,,3,18253,,,,1,7845,,,,22,8311,,,,,,,,,,,,,,,,,,,,,,,,,,,,,,,,,,,,,,,,,,,,,,,,
173715,13-May-18,17:18:16,2018-05-13 17:18:16,G,1,8,661,,0,9,-62.468,-60.282,18:23.6,FastGPS,-62.468,-60.282,,,6.6,-0.4,,,,15,31,24791,,,,14,3246,,,,22,25482,,,,12,13280,,,,3,11003,,,,32,10138,,,,25,8174,,,,18,30424,,,,23,1905,,,,,,,,,,,,,,,,,,,,,,,,,,,,,,,,,
173715,13-May-18,18:05:10,2018-05-13 18:05:10,G,3,8,662,350,0,5,-62.4563,-60.2902,05:17.1,FastGPS,-62.4563,-60.2902,,,1.9,-0.9,,,,15,31,2505,,,,22,9402,,,,3,8810,,,,23,4148,,,,14,11104,,,,,,,,,,,,,,,,,,,,,,,,,,,,,,,,,,,,,,,,,,,,,,,,,,,,,
173715,13-May-18,18:37:03,2018-05-13 18:37:03,G,1,8,663,350,0,5,-62.471,-60.336,5/14/2018 7:08,N,-62.4432,-60.2926,,1,1.8,-1,,,,15,31,9980,,,,26,8861,,,,4,31582,,,,3,18376,,,,22,19510,,,,,,,,,,,,,,,,,,,,,,,,,,,,,,,,,,,,,,,,,,,,,,,,,,,,,
173715,13-May-18,19:08:03,2018-05-13 19:08:03,G,2,8,664,350,0,6,-62.4296,-60.3015,08:10.5,FastGPS,-62.4296,-60.3015,,1,1.8,-0.5,,,,15,22,22004,,,,31,21482,,,,26,14042,,,,4,13794,,,,16,27188,,,,23,21653,,,,,,,,,,,,,,,,,,,,,,,,,,,,,,,,,,,,,,,,,,,,,,,,
173715,13-May-18,19:43:46,2018-05-13 19:43:46,G,2,8,665,350,0,6,-62.4317,-60.3173,43:53.0,FastGPS,-62.4317,-60.3173,,1,6.1,-1,,,,15,2,10310,,,,29,11362,,,,26,30843,,,,23,5304,,,,16,19674,,,,4,32678,,,,,,,,,,,,,,,,,,,,,,,,,,,,,,,,,,,,,,,,,,,,,,,,
173715,13-May-18,20:48:15,2018-05-13 20:48:15,G,3,8,667,350,0,8,-62.4572,-60.3063,48:23.6,FastGPS,-62.4572,-60.3063,,,9.9,0.6,,,,15,23,17218,,,,9,17959,,,,7,20629,,,,5,2470,,,,30,16930,,,,2,6199,,,,16,22561,,,,6,10410,,,,,,,,,,,,,,,,,,,,,,,,,,,,,,,,,,,,,,
173715,13-May-18,21:48:00,2018-05-13 21:48:00,G,2,8,669,350,1,4,-62.471,-60.336,5/14/2018 7:08,N,-62.4603,-60.3363,,,0.6,-1,,,,15,7,15998,,,,9,32206,,,,30,23380,,,,5,17431,,,,,,,,,,,,,,,,,,,,,,,,,,,,,,,,,,,,,,,,,,,,,,,,,,,,,,,,,,
173715,13-May-18,22:18:00,2018-05-13 22:18:00,G,1,8,670,350,1,4,-62.471,-60.336,5/14/2018 7:08,N,-62.4611,-60.3347,,,0.3,0.1,,,,15,30,26053,,,,9,16065,,,,5,9450,,,,7,4867,,,,,,,,,,,,,,,,,,,,,,,,,,,,,,,,,,,,,,,,,,,,,,,,,,,,,,,,,,
173715,13-May-18,22:48:00,2018-05-13 22:48:00,G,1,8,671,350,1,5,-62.4609,-60.3354,48:08.1,FastGPS,-62.4609,-60.3354,,,8.4,0.1,,,,15,8,13507,,,,7,31623,,,,28,17841,,,,30,8349,,,,27,7558,,,,,,,,,,,,,,,,,,,,,,,,,,,,,,,,,,,,,,,,,,,,,,,,,,,,,
173715,14-May-18,1:03:00,2018-05-14 01:03:00,G,1,8,674,353,1,5,-62.4603,-60.3367,03:08.1,FastGPS,-62.4603,-60.3367,,,2.6,0.1,,,,15,30,12704,,,,8,2899,,,,11,32298,,,,18,24746,,,,28,2294,,,,,,,,,,,,,,,,,,,,,,,,,,,,,,,,,,,,,,,,,,,,,,,,,,,,,
173715,14-May-18,2:33:00,2018-05-14 02:33:00,G,2,8,675,357,1,4,-62.49,-60.297,5/15/2018 1:47,A,-62.4601,-60.3364,,,0.9,0.1,,,,15,11,18356,,,,18,1997,,,,28,3141,,,,1,8034,,,,,,,,,,,,,,,,,,,,,,,,,,,,,,,,,,,,,,,,,,,,,,,,,,,,,,,,,,
173715,14-May-18,3:48:00,2018-05-14 03:48:00,G,1,8,676,360,1,4,-62.494,-60.283,5/15/2018 2:42,B,-62.46,-60.3374,,,0.1,0.1,,,,15,17,20417,,,,1,20918,,,,22,8878,,,,3,21368,,,,,,,,,,,,,,,,,,,,,,,,,,,,,,,,,,,,,,,,,,,,,,,,,,,,,,,,,,
173715,14-May-18,6:31:03,2018-05-14 06:31:03,G,1,8,678,360,0,7,-62.4614,-60.3338,31:11.6,FastGPS,-62.4614,-60.3338,,,7.6,0.6,,,,15,31,28796,,,,29,32314,,,,14,22827,,,,6,6340,,,,12,24733,,,,2,19625,,,,25,28209,,,,,,,,,,,,,,,,,,,,,,,,,,,,,,,,,,,,,,,,,,,
173715,14-May-18,8:07:19,2018-05-14 08:07:19,G,1,8,680,362,0,4,-62.495,-60.27,5/15/2018 4:16,P,,,,,,,,,,15,26,17112,,,,31,31394,,,,4,3604,,,,29,30480,,,,,,,,,,,,,,,,,,,,,,,,,,,,,,,,,,,,,,,,,,,,,,,,,,,,,,,,,,
173715,14-May-18,9:07:25,2018-05-14 09:07:25,G,1,8,682,362,0,8,-62.4943,-60.3429,07:33.1,FastGPS,-62.4943,-60.3429,,1,6.2,0.1,,,,15,21,28254,,,,4,15146,,,,26,20090,,,,9,390,,,,5,1706,,,,31,7470,,,,29,24596,,,,16,16983,,,,,,,,,,,,,,,,,,,,,,,,,,,,,,,,,,,,,,
173715,14-May-18,10:48:51,2018-05-14 10:48:51,G,1,8,684,364,0,4,-62.495,-60.27,5/15/2018 4:16,P,-62.5003,-60.3466,,,0.8,0.5,,,,15,16,26612,,,,27,17245,,,,15,8343,,,,13,14093,,,,,,,,,,,,,,,,,,,,,,,,,,,,,,,,,,,,,,,,,,,,,,,,,,,,,,,,,,
173715,14-May-18,11:19:04,2018-05-14 11:19:04,G,1,8,685,364,0,8,-62.5101,-60.3575,19:12.1,FastGPS,-62.5101,-60.3575,,,9,0.1,,,,15,7,19623,,,,16,412,,,,30,13505,,,,8,18565,,,,15,11610,,,,27,4950,,,,21,2501,,,,10,30811,,,,,,,,,,,,,,,,,,,,,,,,,,,,,,,,,,,,,,
173715,14-May-18,12:11:33,2018-05-14 12:11:33,G,1,8,686,365,0,7,-62.5224,-60.3672,11:41.1,FastGPS,-62.5224,-60.3672,,,4.9,0.1,,,,15,27,2775,,,,10,9515,,,,15,6606,,,,20,12286,,,,21,16988,,,,13,2478,,,,8,21507,,,,,,,,,,,,,,,,,,,,,,,,,,,,,,,,,,,,,,,,,,,
173715,14-May-18,12:44:05,2018-05-14 12:44:05,G,1,8,687,365,0,6,-62.5243,-60.3841,44:13.6,FastGPS,-62.5243,-60.3841,,,4.2,0.6,,,,15,21,2331,,,,8,14234,,,,27,19143,,,,10,6536,,,,32,11872,,,,20,27823,,,,,,,,,,,,,,,,,,,,,,,,,,,,,,,,,,,,,,,,,,,,,,,,
173715,14-May-18,13:17:02,2018-05-14 13:17:02,G,1,8,688,365,0,7,-62.5229,-60.4002,17:10.1,FastGPS,-62.5229,-60.4002,,,10.6,0.1,,,,15,27,28822,,,,10,30904,,,,11,29848,,,,8,5040,,,,32,15844,,,,15,31804,,,,1,851,,,,,,,,,,,,,,,,,,,,,,,,,,,,,,,,,,,,,,,,,,,
173715,14-May-18,13:47:00,2018-05-14 13:47:00,G,1,8,689,365,0,4,-62.495,-60.27,5/15/2018 4:16,P,-62.5083,-60.4015,,,0.9,0.6,,,,15,10,7116,,,,11,9150,,,,18,8231,,,,27,2899,,,,,,,,,,,,,,,,,,,,,,,,,,,,,,,,,,,,,,,,,,,,,,,,,,,,,,,,,,
173715,14-May-18,15:08:00,2018-05-14 15:08:00,G,1,8,691,366,0,7,-62.4892,-60.3957,08:08.1,FastGPS,-62.4892,-60.3957,,,9.1,0.1,,,,15,32,19015,,,,10,8123,,,,14,14235,,,,8,23077,,,,22,25283,,,,18,541,,,,17,28355,,,,,,,,,,,,,,,,,,,,,,,,,,,,,,,,,,,,,,,,,,,
173715,14-May-18,15:38:00,2018-05-14 15:38:00,G,1,8,692,,0,9,-62.484,-60.3932,38:08.6,FastGPS,-62.484,-60.3932,,,5.4,0.6,,,,15,17,25734,,,,3,19903,,,,22,2398,,,,11,15567,,,,18,2687,,,,1,26745,,,,32,4889,,,,31,2387,,,,10,26758,,,,,,,,,,,,,,,,,,,,,,,,,,,,,,,,,
173715,14-May-18,16:09:57,2018-05-14 16:09:57,G,1,8,693,366,0,8,-62.478,-60.3905,10:05.6,FastGPS,-62.478,-60.3905,,,9.1,0.6,,,,15,31,16471,,,,17,13272,,,,18,23362,,,,22,8697,,,,14,13137,,,,1,16740,,,,3,13638,,,,11,7739,,,,,,,,,,,,,,,,,,,,,,,,,,,,,,,,,,,,,,
173715,14-May-18,16:42:06,2018-05-14 16:42:06,G,1,8,694,,0,9,-62.4837,-60.3914,42:14.6,FastGPS,-62.4837,-60.3914,,,13.9,0.6,,,,15,17,22721,,,,32,11331,,,,3,24018,,,,31,17664,,,,22,16832,,,,14,24764,,,,1,3168,,,,12,4692,,,,18,18261,,,,,,,,,,,,,,,,,,,,,,,,,,,,,,,,,
173715,14-May-18,17:44:25,2018-05-14 17:44:25,G,2,8,695,368,0,6,-62.4896,-60.3732,44:33.1,FastGPS,-62.4896,-60.3732,,,7.6,0.1,,,,15,17,9132,,,,9,14188,,,,23,27141,,,,19,29403,,,,25,19425,,,,6,5163,,,,,,,,,,,,,,,,,,,,,,,,,,,,,,,,,,,,,,,,,,,,,,,,
173715,14-May-18,18:16:09,2018-05-14 18:16:09,G,1,8,696,368,0,6,-62.4888,-60.3914,16:17.6,FastGPS,-62.4888,-60.3914,,,5.6,0.6,,,,15,23,12026,,,,3,26918,,,,22,27862,,,,31,20384,,,,1,4775,,,,6,2076,,,,,,,,,,,,,,,,,,,,,,,,,,,,,,,,,,,,,,,,,,,,,,,,
173715,14-May-18,20:25:25,2018-05-14 20:25:25,G,3,8,697,374,0,5,-62.495,-60.27,5/15/2018 4:16,P,-62.4853,-60.3621,,1,0.4,0.1,,,,15,5,22458,,,,29,22989,,,,2,11562,,,,4,21716,,,,7,13677,,,,,,,,,,,,,,,,,,,,,,,,,,,,,,,,,,,,,,,,,,,,,,,,,,,,,
173715,14-May-18,20:55:01,2018-05-14 20:55:01,G,1,8,698,374,0,8,-62.4794,-60.328,55:08.1,FastGPS,-62.4794,-60.328,,,2.5,-0.9,,,,15,5,451,,,,9,29399,,,,23,27360,,,,7,12168,,,,16,12149,,,,2,30594,,,,26,11852,,,,29,8914,,,,,,,,,,,,,,,,,,,,,,,,,,,,,,,,,,,,,,
173715,14-May-18,21:41:17,2018-05-14 21:41:17,G,2,8,699,375,0,5,-62.4741,-60.334,41:25.6,FastGPS,-62.4741,-60.334,,,1.4,0.6,,,,15,5,30936,,,,30,536,,,,7,32459,,,,9,25637,,,,2,9416,,,,,,,,,,,,,,,,,,,,,,,,,,,,,,,,,,,,,,,,,,,,,,,,,,,,,
173715,14-May-18,22:11:13,2018-05-14 22:11:13,G,2,8,700,375,0,6,-62.4739,-60.3349,11:21.1,FastGPS,-62.4739,-60.3349,,,4.8,0.1,,,,15,5,28166,,,,7,26771,,,,27,11891,,,,8,11822,,,,16,3398,,,,30,7502,,,,,,,,,,,,,,,,,,,,,,,,,,,,,,,,,,,,,,,,,,,,,,,,
173715,14-May-18,23:11:02,2018-05-14 23:11:02,G,3,8,701,377,0,7,-62.4826,-60.3238,11:10.6,FastGPS,-62.4826,-60.3238,,,7.3,0.6,,,,15,5,17023,,,,13,10078,,,,28,15013,,,,7,21434,,,,30,9816,,,,21,23680,,,,27,32513,,,,,,,,,,,,,,,,,,,,,,,,,,,,,,,,,,,,,,,,,,,
173715,15-May-18,0:29:01,2018-05-15 00:29:01,G,3,8,702,380,0,5,-62.4882,-60.3116,29:08.1,FastGPS,-62.4882,-60.3116,,,13.9,-0.9,,,,15,15,7350,,,,5,23766,,,,13,20922,,,,28,31779,,,,20,25175,,,,,,,,,,,,,,,,,,,,,,,,,,,,,,,,,,,,,,,,,,,,,,,,,,,,,
173715,15-May-18,0:59:00,2018-05-15 00:59:00,G,1,8,703,,0,9,-62.4893,-60.306,59:07.6,FastGPS,-62.4893,-60.306,,,9.6,-0.4,,,,15,15,24099,,,,13,22842,,,,10,25774,,,,11,26038,,,,20,12381,,,,18,18635,,,,8,28632,,,,28,28279,,,,30,5904,,,,,,,,,,,,,,,,,,,,,,,,,,,,,,,,,
173715,15-May-18,3:35:15,2018-05-15 03:35:15,G,1,8,704,388,0,7,-62.4961,-60.2791,35:22.1,FastGPS,-62.4961,-60.2791,,,11.8,-0.9,,,,15,12,32604,,,,24,4438,,,,15,26754,,,,17,30857,,,,19,28174,,,,32,10364,,,,1,4790,,,,,,,,,,,,,,,,,,,,,,,,,,,,,,,,,,,,,,,,,,,
173715,15-May-18,4:05:00,2018-05-15 04:05:00,G,1,8,705,388,0,6,-62.4964,-60.2767,05:07.1,FastGPS,-62.4964,-60.2767,,,9.2,-0.9,,,,15,17,5733,,,,19,2108,,,,6,5591,,,,12,30966,,,,32,14959,,,,14,25830,,,,,,,,,,,,,,,,,,,,,,,,,,,,,,,,,,,,,,,,,,,,,,,,
173715,15-May-18,5:37:02,2018-05-15 05:37:02,G,1,8,707,390,0,8,-62.4818,-60.2438,37:09.6,FastGPS,-62.4818,-60.2438,,,5.7,-0.4,,,,15,29,5012,,,,12,6396,,,,31,8028,,,,2,17875,,,,32,18436,,,,25,798,,,,24,4392,,,,14,21248,,,,,,,,,,,,,,,,,,,,,,,,,,,,,,,,,,,,,,
173715,15-May-18,7:55:01,2018-05-15 07:55:01,G,1,8,710,393,0,8,-62.4885,-60.2502,55:08.6,FastGPS,-62.4885,-60.2502,,,10.4,-0.4,,,,15,29,11080,,,,31,108,,,,25,2592,,,,23,1329,,,,26,3135,,,,21,5,,,,5,28479,,,,12,29507,,,,,,,,,,,,,,,,,,,,,,,,,,,,,,,,,,,,,,
173715,15-May-18,11:05:10,2018-05-15 11:05:10,G,1,8,713,,0,9,-62.4993,-60.3227,05:17.6,FastGPS,-62.4993,-60.3227,,1,10.2,-0.4,,,,15,10,8922,,,,4,19938,,,,27,224,,,,16,11704,,,,7,20071,,,,21,10768,,,,26,16598,,,,20,22135,,,,8,28507,,,,,,,,,,,,,,,,,,,,,,,,,,,,,,,,,
173715,15-May-18,12:12:26,2018-05-15 12:12:26,G,2,8,714,401,0,6,-62.5053,-60.3475,12:33.1,FastGPS,-62.5053,-60.3475,,,9.8,-0.9,,,,15,18,9483,,,,30,14785,,,,13,25741,,,,8,7741,,,,15,6435,,,,7,24055,,,,,,,,,,,,,,,,,,,,,,,,,,,,,,,,,,,,,,,,,,,,,,,,
173715,15-May-18,13:00:20,2018-05-15 13:00:20,G,1,8,715,402,0,7,-62.5071,-60.3687,00:27.1,FastGPS,-62.5071,-60.3687,,,11.2,-0.9,,,,15,32,28427,,,,18,22377,,,,10,4330,,,,27,32585,,,,8,31870,,,,11,19683,,,,15,6720,,,,,,,,,,,,,,,,,,,,,,,,,,,,,,,,,,,,,,,,,,,
173715,15-May-18,14:36:01,2018-05-15 14:36:01,G,2,8,717,404,0,6,-62.4945,-60.4141,36:08.1,FastGPS,-62.4945,-60.4141,,,2.6,-0.9,,,,15,10,15453,,,,32,4753,,,,24,14252,,,,14,17526,,,,18,12611,,,,8,467,,,,,,,,,,,,,,,,,,,,,,,,,,,,,,,,,,,,,,,,,,,,,,,,
173715,15-May-18,15:32:13,2018-05-15 15:32:13,G,1,8,718,405,0,6,-62.4901,-60.3618,32:20.6,FastGPS,-62.4901,-60.3618,,,2.5,-0.4,,,,15,3,21856,,,,11,26150,,,,17,29783,,,,22,6678,,,,1,1067,,,,32,16999,,,,,,,,,,,,,,,,,,,,,,,,,,,,,,,,,,,,,,,,,,,,,,,,
173715,15-May-18,16:22:01,2018-05-15 16:22:01,G,2,8,719,406,0,8,-62.5124,-60.3938,22:08.1,FastGPS,-62.5124,-60.3938,,,17.5,-0.9,,,,15,31,478,,,,18,3658,,,,11,23426,,,,14,20967,,,,22,13765,,,,1,27604,,,,3,18385,,,,17,21291,,,,,,,,,,,,,,,,,,,,,,,,,,,,,,,,,,,,,,
173715,15-May-18,16:54:06,2018-05-15 16:54:06,G,1,8,720,,0,9,-62.5039,-60.422,54:13.6,FastGPS,-62.5039,-60.422,,,11.7,-0.4,,,,15,31,15153,,,,14,7608,,,,1,22638,,,,23,14083,,,,22,31510,,,,32,740,,,,17,323,,,,3,10916,,,,18,15130,,,,,,,,,,,,,,,,,,,,,,,,,,,,,,,,,
173715,15-May-18,17:42:03,2018-05-15 17:42:03,G,2,8,721,,0,9,-62.4825,-60.4415,42:10.2,FastGPS,-62.4825,-60.4415,,1,4.2,-0.8,,,,15,31,26458,,,,18,4291,,,,14,26838,,,,22,4814,,,,1,17813,,,,4,13048,,,,17,11235,,,,11,14667,,,,3,2435,,,,,,,,,,,,,,,,,,,,,,,,,,,,,,,,,
173715,15-May-18,21:06:00,2018-05-15 21:06:00,G,1,8,727,408,1,4,-62.466,-60.316,5/16/2018 9:44,A,-62.4602,-60.3135,,,1.3,-0.9,,,,15,29,22578,,,,30,4307,,,,7,3446,,,,2,28647,,,,,,,,,,,,,,,,,,,,,,,,,,,,,,,,,,,,,,,,,,,,,,,,,,,,,,,,,,
173715,15-May-18,22:06:00,2018-05-15 22:06:00,G,1,8,728,410,1,6,-62.4605,-60.315,06:07.1,FastGPS,-62.4605,-60.315,,,17.2,-0.9,,,,15,5,13277,,,,13,15022,,,,30,23547,,,,7,13376,,,,21,21297,,,,16,25848,,,,,,,,,,,,,,,,,,,,,,,,,,,,,,,,,,,,,,,,,,,,,,,,
173715,16-May-18,11:03:41,2018-05-16 11:03:41,G,1,8,731,410,0,7,-62.4749,-60.2643,03:48.1,FastGPS,-62.4749,-60.2643,,,11,-0.9,,,,15,27,11640,,,,7,21478,,,,20,28660,,,,21,10844,,,,16,10505,,,,30,30834,,,,13,28439,,,,,,,,,,,,,,,,,,,,,,,,,,,,,,,,,,,,,,,,,,,
173715,16-May-18,11:34:01,2018-05-16 11:34:01,G,1,8,732,410,0,7,-62.4746,-60.2351,34:09.6,FastGPS,-62.4746,-60.2351,,,6.2,0.6,,,,15,21,27970,,,,20,24674,,,,27,8268,,,,10,15579,,,,15,624,,,,8,9662,,,,16,17638,,,,,,,,,,,,,,,,,,,,,,,,,,,,,,,,,,,,,,,,,,,
173715,16-May-18,12:04:01,2018-05-16 12:04:01,G,1,8,733,410,0,7,-62.4704,-60.2207,04:08.6,FastGPS,-62.4704,-60.2207,,,3.1,-0.4,,,,15,21,25397,,,,10,21785,,,,20,27104,,,,15,16818,,,,16,8060,,,,27,12810,,,,18,30947,,,,,,,,,,,,,,,,,,,,,,,,,,,,,,,,,,,,,,,,,,,
173715,16-May-18,12:34:51,2018-05-16 12:34:51,G,2,8,734,410,0,6,-62.4816,-60.2434,34:58.6,FastGPS,-62.4816,-60.2434,,,8.2,-0.4,,,,15,27,1095,,,,10,18922,,,,8,25156,,,,18,32374,,,,11,28757,,,,28,6718,,,,,,,,,,,,,,,,,,,,,,,,,,,,,,,,,,,,,,,,,,,,,,,,
173715,16-May-18,13:16:49,2018-05-16 13:16:49,G,3,8,735,410,0,7,-62.4942,-60.3083,16:56.1,FastGPS,-62.4942,-60.3083,,,11.9,-0.9,,,,15,27,19500,,,,32,32338,,,,8,21220,,,,11,6794,,,,10,7445,,,,18,7840,,,,28,27975,,,,,,,,,,,,,,,,,,,,,,,,,,,,,,,,,,,,,,,,,,,
173715,16-May-18,13:51:12,2018-05-16 13:51:12,G,2,8,736,410,0,8,-62.493,-60.3521,51:20.6,FastGPS,-62.493,-60.3521,,,6.6,0.6,,,,15,8,6717,,,,22,17954,,,,27,4147,,,,18,28104,,,,32,10700,,,,10,774,,,,11,30500,,,,1,17596,,,,,,,,,,,,,,,,,,,,,,,,,,,,,,,,,,,,,,
173715,16-May-18,14:38:08,2018-05-16 14:38:08,G,3,8,737,410,0,7,-62.4723,-60.3955,38:15.2,FastGPS,-62.4723,-60.3955,,,3.3,-0.8,,,,15,32,24080,,,,22,18274,,,,1,9018,,,,11,7067,,,,8,23471,,,,14,21092,,,,10,5808,,,,,,,,,,,,,,,,,,,,,,,,,,,,,,,,,,,,,,,,,,,
173715,16-May-18,15:19:03,2018-05-16 15:19:03,G,1,8,738,410,0,7,-62.4611,-60.433,19:11.6,FastGPS,-62.4611,-60.433,,,7.1,0.6,,,,15,32,21186,,,,10,8575,,,,14,8998,,,,31,19927,,,,22,5492,,,,18,12596,,,,17,23298,,,,,,,,,,,,,,,,,,,,,,,,,,,,,,,,,,,,,,,,,,,
173715,16-May-18,16:12:56,2018-05-16 16:12:56,G,2,8,739,,0,9,-62.459,-60.4095,13:03.6,FastGPS,-62.459,-60.4095,,,5.6,-0.4,,,,15,31,16758,,,,32,24262,,,,17,18338,,,,14,28108,,,,22,11208,,,,12,8310,,,,18,19006,,,,3,5392,,,,19,9057,,,,,,,,,,,,,,,,,,,,,,,,,,,,,,,,,
173715,16-May-18,17:15:18,2018-05-16 17:15:18,G,1,8,740,,0,9,-62.4364,-60.3689,15:25.7,FastGPS,-62.4364,-60.3689,,,11.7,-0.3,,,,15,14,14712,,,,31,13758,,,,3,29018,,,,11,3926,,,,17,8772,,,,32,11559,,,,12,16042,,,,1,2789,,,,18,2340,,,,,,,,,,,,,,,,,,,,,,,,,,,,,,,,,
173715,16-May-18,18:15:33,2018-05-16 18:15:33,G,1,8,741,,0,9,-62.4131,-60.3638,15:40.7,FastGPS,-62.4131,-60.3638,,1,18.3,-0.3,,,,15,22,21122,,,,3,1850,,,,23,13712,,,,31,26325,,,,17,2690,,,,4,31564,,,,9,15120,,,,26,3520,,,,6,6620,,,,,,,,,,,,,,,,,,,,,,,,,,,,,,,,,
173715,16-May-18,18:57:41,2018-05-16 18:57:41,G,2,8,742,410,0,4,-62.466,-60.316,5/16/2018 9:44,A,-62.4246,-60.4073,,,0.9,-0.4,,,,15,2,31667,,,,23,4563,,,,9,3417,,,,3,13622,,,,,,,,,,,,,,,,,,,,,,,,,,,,,,,,,,,,,,,,,,,,,,,,,,,,,,,,,,
173715,17-May-18,1:26:00,2018-05-17 01:26:00,G,2,8,748,418,1,4,-62.466,-60.316,5/16/2018 9:44,A,-62.4505,-60.318,,,1.4,-0.4,,,,15,15,4669,,,,11,9233,,,,24,4236,,,,18,4093,,,,,,,,,,,,,,,,,,,,,,,,,,,,,,,,,,,,,,,,,,,,,,,,,,,,,,,,,,
173715,17-May-18,4:41:00,2018-05-17 04:41:00,G,2,8,749,429,1,4,-62.466,-60.316,5/16/2018 9:44,A,-62.4572,-60.3236,,,0.9,-0.8,,,,15,32,2436,,,,25,30608,,,,12,21997,,,,24,8878,,,,,,,,,,,,,,,,,,,,,,,,,,,,,,,,,,,,,,,,,,,,,,,,,,,,,,,,,,
173715,18-May-18,12:45:02,2018-05-18 12:45:02,G,1,8,751,435,0,7,-62.4476,-60.2528,45:10.7,FastGPS,-62.4476,-60.2528,,,3.2,0.7,,,,15,15,20571,,,,28,20802,,,,8,1313,,,,20,11684,,,,10,9703,,,,21,7158,,,,18,16268,,,,,,,,,,,,,,,,,,,,,,,,,,,,,,,,,,,,,,,,,,,
173715,18-May-18,13:24:47,2018-05-18 13:24:47,G,1,8,752,435,0,7,-62.4308,-60.2374,24:54.2,FastGPS,-62.4308,-60.2374,,,12.4,-0.8,,,,15,10,8825,,,,20,15064,,,,8,2771,,,,24,25914,,,,14,5934,,,,15,17220,,,,32,20084,,,,,,,,,,,,,,,,,,,,,,,,,,,,,,,,,,,,,,,,,,,
173715,18-May-18,15:49:44,2018-05-18 15:49:44,G,1,8,755,437,0,8,-62.442,-60.355,49:51.2,FastGPS,-62.442,-60.355,,,7,-0.8,,,,15,32,25309,,,,31,11904,,,,18,9890,,,,1,28087,,,,17,17827,,,,14,25961,,,,11,26123,,,,22,12906,,,,,,,,,,,,,,,,,,,,,,,,,,,,,,,,,,,,,,
173715,18-May-18,16:20:41,2018-05-18 16:20:41,G,2,8,756,,0,9,-62.4549,-60.3828,20:48.7,FastGPS,-62.4549,-60.3828,,,8.2,-0.3,,,,15,23,14429,,,,1,9044,,,,3,8951,,,,11,20988,,,,22,13702,,,,17,20678,,,,18,32121,,,,12,28702,,,,19,10957,,,,,,,,,,,,,,,,,,,,,,,,,,,,,,,,,
173715,18-May-18,16:56:52,2018-05-18 16:56:52,G,2,8,757,,0,9,-62.4647,-60.3813,56:59.7,FastGPS,-62.4647,-60.3813,,,3.1,-0.3,,,,15,17,1281,,,,12,26503,,,,6,14505,,,,3,22983,,,,31,3234,,,,32,26702,,,,19,12130,,,,23,8648,,,,1,5927,,,,,,,,,,,,,,,,,,,,,,,,,,,,,,,,,
173715,18-May-18,17:29:50,2018-05-18 17:29:50,G,2,8,758,,0,9,-62.4729,-60.3654,29:57.7,FastGPS,-62.4729,-60.3654,,1,8,-0.3,,,,15,31,7748,,,,23,20582,,,,3,16428,,,,12,31776,,,,4,27612,,,,6,1036,,,,25,8900,,,,14,9258,,,,22,19673,,,,,,,,,,,,,,,,,,,,,,,,,,,,,,,,,
173715,18-May-18,18:01:49,2018-05-18 18:01:49,G,1,8,759,437,0,4,-62.474,-60.364,5/19/2018 7:51,N,-62.4792,-60.3427,,,0.5,-0.4,,,,15,6,15315,,,,31,25056,,,,3,32429,,,,22,30507,,,,,,,,,,,,,,,,,,,,,,,,,,,,,,,,,,,,,,,,,,,,,,,,,,,,,,,,,,
173715,18-May-18,19:18:23,2018-05-18 19:18:23,G,1,8,761,,0,9,-62.4787,-60.3447,18:30.7,FastGPS,-62.4787,-60.3447,,1,8.7,-0.3,,,,15,29,24632,,,,9,11055,,,,2,26706,,,,7,13508,,,,6,12673,,,,31,9276,,,,23,5336,,,,4,22898,,,,26,16744,,,,,,,,,,,,,,,,,,,,,,,,,,,,,,,,,
173715,18-May-18,21:00:50,2018-05-18 21:00:50,G,2,8,764,438,0,5,-62.4825,-60.3294,00:57.2,FastGPS,-62.4825,-60.3294,,,1.6,-0.8,,,,15,23,8294,,,,5,20740,,,,16,5744,,,,7,14958,,,,26,14879,,,,,,,,,,,,,,,,,,,,,,,,,,,,,,,,,,,,,,,,,,,,,,,,,,,,,
173715,18-May-18,23:41:55,2018-05-18 23:41:55,G,2,8,766,441,0,4,-62.474,-60.364,5/19/2018 7:51,N,-62.4742,-60.3325,,,0.3,-0.3,,,,15,15,2743,,,,13,22913,,,,5,22708,,,,27,4338,,,,,,,,,,,,,,,,,,,,,,,,,,,,,,,,,,,,,,,,,,,,,,,,,,,,,,,,,,
173715,19-May-18,1:39:38,2018-05-19 01:39:38,G,1,8,767,444,0,5,-62.4912,-60.3582,39:45.7,FastGPS,-62.4912,-60.3582,,,8.3,-0.3,,,,15,17,30039,,,,19,15055,,,,13,27676,,,,15,18549,,,,28,28729,,,,,,,,,,,,,,,,,,,,,,,,,,,,,,,,,,,,,,,,,,,,,,,,,,,,,
173715,19-May-18,2:10:50,2018-05-19 02:10:50,G,3,8,768,444,0,5,-62.4851,-60.367,10:57.7,FastGPS,-62.4851,-60.367,,,2,-0.3,,,,15,17,23326,,,,19,1825,,,,12,10882,,,,28,7064,,,,15,26290,,,,,,,,,,,,,,,,,,,,,,,,,,,,,,,,,,,,,,,,,,,,,,,,,,,,,
173715,19-May-18,5:37:18,2018-05-19 05:37:18,G,2,8,769,444,0,7,-62.4847,-60.3695,37:25.7,FastGPS,-62.4847,-60.3695,,,13.1,-0.3,,,,15,31,6890,,,,2,26034,,,,12,15020,,,,6,1275,,,,19,25624,,,,29,12297,,,,3,24284,,,,,,,,,,,,,,,,,,,,,,,,,,,,,,,,,,,,,,,,,,,
173715,19-May-18,6:53:36,2018-05-19 06:53:36,G,2,8,771,,0,9,-62.4848,-60.3679,53:43.2,FastGPS,-62.4848,-60.3679,,1,6.6,-0.8,,,,15,29,28051,,,,25,14516,,,,12,7736,,,,31,23387,,,,23,3737,,,,4,14818,,,,2,12261,,,,26,25080,,,,5,26841,,,,,,,,,,,,,,,,,,,,,,,,,,,,,,,,,
173715,19-May-18,7:59:06,2018-05-19 07:59:06,G,1,8,773,445,0,6,-62.4761,-60.3695,59:13.7,FastGPS,-62.4761,-60.3695,,1,1.5,-0.3,,,,15,25,608,,,,21,14508,,,,4,17767,,,,5,5642,,,,29,13667,,,,31,15507,,,,,,,,,,,,,,,,,,,,,,,,,,,,,,,,,,,,,,,,,,,,,,,,
173715,19-May-18,10:12:13,2018-05-19 10:12:13,G,1,8,775,,0,9,-62.4759,-60.3914,12:20.7,FastGPS,-62.4759,-60.3914,,1,13.9,-0.3,,,,15,26,14719,,,,20,10935,,,,7,11102,,,,4,2558,,,,29,18514,,,,21,30085,,,,16,11775,,,,27,31334,,,,10,19906,,,,,,,,,,,,,,,,,,,,,,,,,,,,,,,,,
173715,19-May-18,12:50:02,2018-05-19 12:50:02,G,1,8,778,445,0,8,-62.478,-60.3549,50:09.8,FastGPS,-62.478,-60.3549,,,9.2,-0.2,,,,15,10,7377,,,,18,15341,,,,27,21209,,,,32,27200,,,,11,13502,,,,8,8407,,,,15,26106,,,,21,23298,,,,,,,,,,,,,,,,,,,,,,,,,,,,,,,,,,,,,,
173715,19-May-18,13:21:18,2018-05-19 13:21:18,G,1,8,779,445,0,7,-62.4775,-60.3481,21:25.2,FastGPS,-62.4775,-60.3481,,,9.4,-0.8,,,,15,18,10488,,,,11,11355,,,,8,28502,,,,10,941,,,,15,8701,,,,28,6077,,,,1,7282,,,,,,,,,,,,,,,,,,,,,,,,,,,,,,,,,,,,,,,,,,,
173715,19-May-18,13:53:24,2018-05-19 13:53:24,G,1,8,780,445,0,8,-62.4793,-60.3414,53:31.7,FastGPS,-62.4793,-60.3414,,,8.4,-0.3,,,,15,32,1367,,,,8,24335,,,,14,14158,,,,10,12312,,,,11,16651,,,,22,2566,,,,1,25331,,,,18,12463,,,,,,,,,,,,,,,,,,,,,,,,,,,,,,,,,,,,,,
173715,19-May-18,14:59:33,2018-05-19 14:59:33,G,1,8,781,,0,9,-62.477,-60.3668,59:40.3,FastGPS,-62.477,-60.3668,,,9.1,-0.7,,,,15,32,26251,,,,14,25026,,,,28,8306,,,,18,13309,,,,17,27476,,,,11,24170,,,,3,7321,,,,1,29888,,,,8,14756,,,,,,,,,,,,,,,,,,,,,,,,,,,,,,,,,
173715,19-May-18,19:21:26,2018-05-19 19:21:26,G,2,8,786,,0,9,-62.4736,-60.3627,21:33.2,FastGPS,-62.4736,-60.3627,,1,5.6,-0.8,,,,15,2,26549,,,,4,14031,,,,26,14073,,,,9,16692,,,,6,23244,,,,23,16698,,,,29,29537,,,,16,8262,,,,31,1646,,,,,,,,,,,,,,,,,,,,,,,,,,,,,,,,,
173715,19-May-18,19:56:04,2018-05-19 19:56:04,G,1,8,787,449,0,6,-62.4738,-60.3516,56:11.7,FastGPS,-62.4738,-60.3516,,1,3.3,-0.3,,,,15,7,14156,,,,9,26629,,,,4,13175,,,,26,8759,,,,29,30442,,,,23,27028,,,,,,,,,,,,,,,,,,,,,,,,,,,,,,,,,,,,,,,,,,,,,,,,
173715,19-May-18,20:26:02,2018-05-19 20:26:02,G,2,8,788,449,0,8,-62.4649,-60.3347,26:09.7,FastGPS,-62.4649,-60.3347,,1,9.8,-0.3,,,,15,23,31168,,,,16,10555,,,,9,3592,,,,26,886,,,,4,18554,,,,7,16228,,,,30,13428,,,,2,21064,,,,,,,,,,,,,,,,,,,,,,,,,,,,,,,,,,,,,,
173715,19-May-18,20:56:44,2018-05-19 20:56:44,G,1,8,789,449,0,5,-62.4539,-60.3075,56:51.2,FastGPS,-62.4539,-60.3075,,,2,-0.8,,,,15,9,1779,,,,7,12002,,,,23,5977,,,,5,17288,,,,30,24805,,,,,,,,,,,,,,,,,,,,,,,,,,,,,,,,,,,,,,,,,,,,,,,,,,,,,
173715,19-May-18,22:27:00,2018-05-19 22:27:00,G,1,8,790,453,1,4,-62.461,-60.309,5/20/2018 9:08,K,-62.4551,-60.325,,,0.7,-0.9,,,,15,28,11881,,,,7,32702,,,,5,8650,,,,30,19436,,,,,,,,,,,,,,,,,,,,,,,,,,,,,,,,,,,,,,,,,,,,,,,,,,,,,,,,,,
173715,19-May-18,22:57:00,2018-05-19 22:57:00,G,1,8,791,453,1,4,-62.461,-60.309,5/20/2018 9:08,K,-62.4559,-60.3234,,,1,-0.3,,,,15,28,17196,,,,5,6748,,,,7,6544,,,,30,12680,,,,,,,,,,,,,,,,,,,,,,,,,,,,,,,,,,,,,,,,,,,,,,,,,,,,,,,,,,
173715,19-May-18,23:42:00,2018-05-19 23:42:00,G,2,8,792,454,1,4,-62.461,-60.309,5/20/2018 9:08,K,-62.457,-60.3252,,,0.1,-0.8,,,,15,7,9635,,,,8,6960,,,,30,24616,,,,13,18417,,,,,,,,,,,,,,,,,,,,,,,,,,,,,,,,,,,,,,,,,,,,,,,,,,,,,,,,,,
173715,20-May-18,0:12:00,2018-05-20 00:12:00,G,1,8,793,454,1,4,-62.461,-60.309,5/20/2018 9:08,K,-62.4571,-60.3234,,,0.2,-0.6,,,,15,15,5610,,,,8,4363,,,,28,25796,,,,30,9990,,,,,,,,,,,,,,,,,,,,,,,,,,,,,,,,,,,,,,,,,,,,,,,,,,,,,,,,,,
173715,20-May-18,1:12:00,2018-05-20 01:12:00,G,3,8,794,456,1,5,-62.4602,-60.3282,12:08.0,FastGPS,-62.4602,-60.3282,,,7.1,0,,,,15,11,4611,,,,24,26170,,,,15,312,,,,28,30298,,,,18,30529,,,,,,,,,,,,,,,,,,,,,,,,,,,,,,,,,,,,,,,,,,,,,,,,,,,,,
173715,20-May-18,1:42:00,2018-05-20 01:42:00,G,1,8,795,456,1,5,-62.4578,-60.3268,42:08.1,FastGPS,-62.4578,-60.3268,,,5.9,0.1,,,,15,11,24359,,,,24,6284,,,,18,16058,,,,28,8187,,,,15,11704,,,,,,,,,,,,,,,,,,,,,,,,,,,,,,,,,,,,,,,,,,,,,,,,,,,,,
173715,20-May-18,2:12:00,2018-05-20 02:12:00,G,2,8,796,456,1,4,-62.457,-60.32,5/21/2018 0:35,K,-62.4571,-60.322,,,0.7,0.4,,,,15,12,19370,,,,24,14906,,,,11,24560,,,,28,2244,,,,,,,,,,,,,,,,,,,,,,,,,,,,,,,,,,,,,,,,,,,,,,,,,,,,,,,,,,
173715,20-May-18,7:27:00,2018-05-20 07:27:00,G,2,8,797,475,1,5,-62.457,-60.32,5/21/2018 0:35,K,-62.4567,-60.3236,,1,0.2,0.3,,,,15,4,32186,,,,31,8284,,,,29,32396,,,,21,16632,,,,25,17505,,,,,,,,,,,,,,,,,,,,,,,,,,,,,,,,,,,,,,,,,,,,,,,,,,,,,
173715,20-May-18,10:37:01,2018-05-20 10:37:01,G,1,8,799,,0,9,-62.4535,-60.3353,37:09.8,FastGPS,-62.4535,-60.3353,,1,13.2,0.8,,,,15,20,26727,,,,7,8043,,,,26,31788,,,,10,22266,,,,16,8816,,,,15,9682,,,,8,10388,,,,27,25103,,,,4,5518,,,,,,,,,,,,,,,,,,,,,,,,,,,,,,,,,
173715,20-May-18,11:42:43,2018-05-20 11:42:43,G,1,8,800,480,0,5,-62.4542,-60.373,42:51.3,FastGPS,-62.4542,-60.373,,,8.1,0.3,,,,15,8,28715,,,,20,22729,,,,27,21208,,,,15,27923,,,,30,13071,,,,,,,,,,,,,,,,,,,,,,,,,,,,,,,,,,,,,,,,,,,,,,,,,,,,,
173715,20-May-18,12:16:24,2018-05-20 12:16:24,G,1,8,801,480,0,6,-62.4634,-60.3588,16:32.2,FastGPS,-62.4634,-60.3588,,,7,0.2,,,,15,27,20057,,,,8,5372,,,,10,32612,,,,18,8226,,,,20,24382,,,,11,5092,,,,,,,,,,,,,,,,,,,,,,,,,,,,,,,,,,,,,,,,,,,,,,,,
173715,20-May-18,14:15:51,2018-05-20 14:15:51,G,1,8,804,481,0,8,-62.4968,-60.419,15:59.8,FastGPS,-62.4968,-60.419,,,11.2,0.8,,,,15,32,16681,,,,14,30263,,,,18,24576,,,,8,9542,,,,22,22710,,,,1,21836,,,,28,28264,,,,27,26242,,,,,,,,,,,,,,,,,,,,,,,,,,,,,,,,,,,,,,
173715,20-May-18,16:07:39,2018-05-20 16:07:39,G,1,8,806,481,0,7,-62.4757,-60.4126,07:46.3,FastGPS,-62.4757,-60.4126,,,4.5,-0.7,,,,15,18,31634,,,,22,29516,,,,1,679,,,,23,5543,,,,11,19384,,,,31,1379,,,,14,25513,,,,,,,,,,,,,,,,,,,,,,,,,,,,,,,,,,,,,,,,,,,
173715,20-May-18,17:23:04,2018-05-20 17:23:04,G,1,8,807,,0,9,-62.4739,-60.3924,23:11.8,FastGPS,-62.4739,-60.3924,,,11.2,-0.2,,,,15,31,12313,,,,22,21444,,,,3,21018,,,,23,29646,,,,9,25221,,,,17,23807,,,,14,7319,,,,19,19591,,,,1,30762,,,,,,,,,,,,,,,,,,,,,,,,,,,,,,,,,
173715,20-May-18,18:33:41,2018-05-20 18:33:41,G,1,8,809,,0,9,-62.4598,-60.3919,33:48.3,FastGPS,-62.4598,-60.3919,,1,8.4,-0.7,,,,15,3,16518,,,,31,1162,,,,22,11702,,,,23,15234,,,,19,27490,,,,4,28610,,,,16,28673,,,,26,24528,,,,6,19815,,,,,,,,,,,,,,,,,,,,,,,,,,,,,,,,,
173715,20-May-18,19:07:21,2018-05-20 19:07:21,G,1,8,810,481,0,6,-62.4576,-60.3707,07:29.3,FastGPS,-62.4576,-60.3707,,1,4.1,0.3,,,,15,4,656,,,,26,24824,,,,29,29454,,,,23,21679,,,,2,731,,,,31,32649,,,,,,,,,,,,,,,,,,,,,,,,,,,,,,,,,,,,,,,,,,,,,,,,
173715,21-May-18,0:28:00,2018-05-21 00:28:00,G,1,8,818,486,1,4,-62.457,-60.32,5/21/2018 0:35,K,-62.4567,-60.3241,,,0.3,0.3,,,,15,30,9792,,,,8,23702,,,,28,7653,,,,5,8392,,,,,,,,,,,,,,,,,,,,,,,,,,,,,,,,,,,,,,,,,,,,,,,,,,,,,,,,,,
173715,21-May-18,1:13:00,2018-05-21 01:13:00,G,1,8,819,487,1,6,-62.4567,-60.3241,13:08.3,FastGPS,-62.4567,-60.3241,,,9.9,0.3,,,,15,15,3693,,,,13,27492,,,,28,22250,,,,17,29099,,,,24,17498,,,,18,7537,,,,,,,,,,,,,,,,,,,,,,,,,,,,,,,,,,,,,,,,,,,,,,,,
173715,21-May-18,1:43:04,2018-05-21 01:43:04,G,1,8,820,487,0,7,-62.4505,-60.3352,43:12.3,FastGPS,-62.4505,-60.3352,,,9.4,0.3,,,,15,17,3692,,,,19,28326,,,,13,16332,,,,15,1501,,,,28,19918,,,,10,17526,,,,11,15926,,,,,,,,,,,,,,,,,,,,,,,,,,,,,,,,,,,,,,,,,,,
173715,21-May-18,5:03:46,2018-05-21 05:03:46,G,2,8,824,,0,9,-62.4782,-60.3626,03:54.8,FastGPS,-62.4782,-60.3626,,,13.1,0.8,,,,15,25,31640,,,,32,31600,,,,12,32715,,,,31,23930,,,,29,16504,,,,3,23303,,,,14,16420,,,,2,8172,,,,17,27132,,,,,,,,,,,,,,,,,,,,,,,,,,,,,,,,,
173715,21-May-18,5:34:04,2018-05-21 05:34:04,G,2,8,825,492,0,7,-62.485,-60.3692,34:11.3,FastGPS,-62.485,-60.3692,,,11.6,-0.7,,,,15,6,23329,,,,29,31274,,,,19,3387,,,,2,1214,,,,24,30486,,,,12,4100,,,,32,7128,,,,,,,,,,,,,,,,,,,,,,,,,,,,,,,,,,,,,,,,,,,
173715,21-May-18,6:26:42,2018-05-21 06:26:42,G,1,8,826,492,0,8,-62.4889,-60.3643,26:50.8,FastGPS,-62.4889,-60.3643,,1,9.9,0.8,,,,15,31,19648,,,,29,23174,,,,4,13033,,,,12,22248,,,,6,30541,,,,25,8037,,,,2,20711,,,,23,25345,,,,,,,,,,,,,,,,,,,,,,,,,,,,,,,,,,,,,,
173715,21-May-18,8:23:47,2018-05-21 08:23:47,G,2,8,828,495,0,8,-62.4909,-60.3605,23:54.8,FastGPS,-62.4909,-60.3605,,1,3.5,-0.2,,,,15,5,15792,,,,29,29357,,,,4,17564,,,,26,8095,,,,9,30864,,,,25,13379,,,,21,846,,,,16,1007,,,,,,,,,,,,,,,,,,,,,,,,,,,,,,,,,,,,,,
173715,21-May-18,9:37:09,2018-05-21 09:37:09,G,1,8,829,495,0,7,-62.492,-60.3421,37:16.8,FastGPS,-62.492,-60.3421,,1,6.4,-0.2,,,,15,27,16012,,,,5,1674,,,,16,26653,,,,26,15340,,,,4,22019,,,,21,1148,,,,7,29601,,,,,,,,,,,,,,,,,,,,,,,,,,,,,,,,,,,,,,,,,,,
173715,22-May-18,0:45:00,2018-05-22 00:45:00,G,2,8,837,511,1,4,-62.46,-60.356,5/22/2018 6:15,P,-62.4632,-60.3405,,,0.2,0.5,,,,15,15,21858,,,,13,13218,,,,24,13134,,,,20,10794,,,,,,,,,,,,,,,,,,,,,,,,,,,,,,,,,,,,,,,,,,,,,,,,,,,,,,,,,,
173715,22-May-18,1:15:00,2018-05-22 01:15:00,G,1,8,838,511,1,6,-62.4608,-60.3506,15:08.3,FastGPS,-62.4608,-60.3506,,,5.3,0.3,,,,15,17,16582,,,,18,7728,,,,28,946,,,,11,2691,,,,19,28168,,,,1,21044,,,,,,,,,,,,,,,,,,,,,,,,,,,,,,,,,,,,,,,,,,,,,,,,
173715,22-May-18,8:34:48,2018-05-22 08:34:48,G,1,8,839,512,0,4,-62.412,-60.035,5/23/2018 7:56,K,-62.463,-60.3587,,,0.6,0.3,,,,15,29,30044,,,,21,510,,,,5,6978,,,,16,23549,,,,,,,,,,,,,,,,,,,,,,,,,,,,,,,,,,,,,,,,,,,,,,,,,,,,,,,,,,
173715,22-May-18,12:26:40,2018-05-22 12:26:40,G,2,8,843,517,0,6,-62.5014,-60.3275,26:48.8,FastGPS,-62.5014,-60.3275,,,5.6,0.8,,,,15,10,27295,,,,20,21580,,,,27,2271,,,,11,25795,,,,32,29690,,,,21,3268,,,,,,,,,,,,,,,,,,,,,,,,,,,,,,,,,,,,,,,,,,,,,,,,
173715,22-May-18,14:49:09,2018-05-22 14:49:09,G,3,8,847,517,0,4,-62.383,-59.905,5/23/2018 11:15,K,-62.4379,-60.3641,,,1,0.4,,,,15,10,30922,,,,32,26531,,,,18,14761,,,,8,7563,,,,,,,,,,,,,,,,,,,,,,,,,,,,,,,,,,,,,,,,,,,,,,,,,,,,,,,,,,
173715,22-May-18,17:10:16,2018-05-22 17:10:16,G,1,8,851,,0,9,-62.4243,-60.2911,10:24.8,FastGPS,-62.4243,-60.2911,,,13.2,0.8,,,,15,23,4112,,,,31,3795,,,,3,13294,,,,12,32520,,,,14,16637,,,,19,14572,,,,22,25552,,,,6,17570,,,,25,2441,,,,,,,,,,,,,,,,,,,,,,,,,,,,,,,,,
173715,22-May-18,17:44:07,2018-05-22 17:44:07,G,1,8,852,517,0,8,-62.4351,-60.2705,44:15.3,FastGPS,-62.4351,-60.2705,,1,9,0.3,,,,15,6,28429,,,,31,10937,,,,26,14387,,,,23,3678,,,,4,13063,,,,14,2081,,,,25,31336,,,,3,19261,,,,,,,,,,,,,,,,,,,,,,,,,,,,,,,,,,,,,,
173715,22-May-18,20:22:02,2018-05-22 20:22:02,G,2,8,857,517,0,6,-62.4393,-60.1548,22:10.4,FastGPS,-62.4393,-60.1548,,,3.1,0.4,,,,15,7,1230,,,,2,20806,,,,9,19198,,,,26,2278,,,,5,20259,,,,30,8170,,,,,,,,,,,,,,,,,,,,,,,,,,,,,,,,,,,,,,,,,,,,,,,,
173715,22-May-18,21:27:15,2018-05-22 21:27:15,G,1,8,859,517,0,5,-62.4158,-60.14,27:23.8,FastGPS,-62.4158,-60.14,,,1.3,0.8,,,,15,5,13182,,,,27,14882,,,,21,32362,,,,16,4168,,,,7,26815,,,,,,,,,,,,,,,,,,,,,,,,,,,,,,,,,,,,,,,,,,,,,,,,,,,,,
173715,22-May-18,23:07:32,2018-05-22 23:07:32,G,1,8,861,519,0,6,-62.4185,-60.0934,07:40.4,FastGPS,-62.4185,-60.0934,,,14.9,0.4,,,,15,5,13306,,,,28,24334,,,,15,18252,,,,13,8778,,,,27,6188,,,,30,1445,,,,,,,,,,,,,,,,,,,,,,,,,,,,,,,,,,,,,,,,,,,,,,,,
173715,23-May-18,2:41:24,2018-05-23 02:41:24,G,1,8,865,524,0,4,-62.375,-59.801,5/24/2018 0:58,K,-62.4175,-60.0929,,,0.6,0.8,,,,15,12,1978,,,,24,1862,,,,15,27863,,,,17,27906,,,,,,,,,,,,,,,,,,,,,,,,,,,,,,,,,,,,,,,,,,,,,,,,,,,,,,,,,,
173715,23-May-18,6:35:10,2018-05-23 06:35:10,G,2,8,870,529,0,6,-62.4182,-60.0615,35:17.9,FastGPS,-62.4182,-60.0615,,,4.7,-0.1,,,,15,2,9602,,,,6,9793,,,,5,11989,,,,29,14108,,,,31,12930,,,,12,7674,,,,,,,,,,,,,,,,,,,,,,,,,,,,,,,,,,,,,,,,,,,,,,,,
173715,23-May-18,7:20:04,2018-05-23 07:20:04,G,1,8,871,530,0,8,-62.4149,-60.0578,20:11.4,FastGPS,-62.4149,-60.0578,,1,11.8,-0.6,,,,15,2,2078,,,,29,12236,,,,5,26338,,,,31,6449,,,,12,8073,,,,4,23676,,,,26,29581,,,,25,11882,,,,,,,,,,,,,,,,,,,,,,,,,,,,,,,,,,,,,,
173715,23-May-18,18:33:29,2018-05-23 18:33:29,G,1,8,886,542,0,6,-62.3722,-59.9434,33:37.4,FastGPS,-62.3722,-59.9434,,1,4.2,0.4,,,,15,3,15444,,,,4,21653,,,,26,27960,,,,22,29343,,,,31,27989,,,,23,17216,,,,,,,,,,,,,,,,,,,,,,,,,,,,,,,,,,,,,,,,,,,,,,,,
173715,23-May-18,21:11:00,2018-05-23 21:11:00,G,1,8,890,544,0,7,-62.3858,-59.8812,11:08.9,FastGPS,-62.3858,-59.8812,,,15.9,0.9,,,,15,16,15869,,,,30,12660,,,,27,22504,,,,9,32614,,,,7,31300,,,,23,7289,,,,2,5468,,,,,,,,,,,,,,,,,,,,,,,,,,,,,,,,,,,,,,,,,,,
173715,24-May-18,1:53:56,2018-05-24 01:53:56,G,1,8,895,552,0,8,-62.383,-59.8024,54:03.9,FastGPS,-62.383,-59.8024,,,7.8,-0.1,,,,15,17,23781,,,,18,19190,,,,1,30074,,,,24,14029,,,,11,832,,,,19,5458,,,,28,17201,,,,15,6667,,,,,,,,,,,,,,,,,,,,,,,,,,,,,,,,,,,,,,
173715,24-May-18,2:41:27,2018-05-24 02:41:27,G,1,8,896,553,0,7,-62.3862,-59.837,41:34.4,FastGPS,-62.3862,-59.837,,,4,-0.6,,,,15,12,26766,,,,17,3699,,,,15,21081,,,,10,31936,,,,19,32674,,,,24,15419,,,,32,9798,,,,,,,,,,,,,,,,,,,,,,,,,,,,,,,,,,,,,,,,,,,
173715,24-May-18,4:30:00,2018-05-24 04:30:00,G,3,8,897,,0,9,-62.3977,-59.9116,30:08.9,FastGPS,-62.3977,-59.9116,,,7.1,0.9,,,,15,12,9286,,,,25,2750,,,,22,4066,,,,31,26705,,,,19,30808,,,,14,18792,,,,6,13354,,,,32,18121,,,,3,6987,,,,,,,,,,,,,,,,,,,,,,,,,,,,,,,,,
173715,24-May-18,5:31:09,2018-05-24 05:31:09,G,1,8,898,560,0,4,-62.423,-60.231,5/25/2018 3:47,K,-62.4109,-59.9226,,,0.3,-0.2,,,,15,29,29907,,,,12,12744,,,,25,16634,,,,31,13528,,,,,,,,,,,,,,,,,,,,,,,,,,,,,,,,,,,,,,,,,,,,,,,,,,,,,,,,,,
173715,24-May-18,7:19:02,2018-05-24 07:19:02,G,3,8,899,565,0,8,-62.4355,-59.9956,19:09.9,FastGPS,-62.4355,-59.9956,,1,8,-0.1,,,,15,5,19628,,,,2,8691,,,,31,17953,,,,29,31874,,,,21,23694,,,,4,17913,,,,12,11676,,,,25,20697,,,,,,,,,,,,,,,,,,,,,,,,,,,,,,,,,,,,,,
173715,24-May-18,13:31:20,2018-05-24 13:31:20,G,1,8,908,570,0,7,-62.3554,-60.0244,31:27.9,FastGPS,-62.3554,-60.0244,,,18.7,-0.1,,,,15,10,26289,,,,18,16866,,,,8,3265,,,,22,32237,,,,14,18573,,,,27,6482,,,,11,20916,,,,,,,,,,,,,,,,,,,,,,,,,,,,,,,,,,,,,,,,,,,
173715,24-May-18,16:03:16,2018-05-24 16:03:16,G,4,8,912,571,0,7,-62.3722,-59.943,03:23.9,FastGPS,-62.3722,-59.943,,,10.3,-0.1,,,,15,31,17788,,,,32,28827,,,,14,13373,,,,18,4074,,,,12,30663,,,,11,25568,,,,23,8704,,,,,,,,,,,,,,,,,,,,,,,,,,,,,,,,,,,,,,,,,,,
173715,24-May-18,16:35:27,2018-05-24 16:35:27,G,2,8,913,,0,9,-62.3604,-59.9392,35:34.9,FastGPS,-62.3604,-59.9392,,,16.6,-0.1,,,,15,12,26796,,,,31,13436,,,,6,30888,,,,19,14582,,,,3,29232,,,,14,13648,,,,1,680,,,,22,9287,,,,17,28629,,,,,,,,,,,,,,,,,,,,,,,,,,,,,,,,,
173715,24-May-18,17:20:03,2018-05-24 17:20:03,G,2,8,914,572,0,7,-62.3735,-59.9043,20:10.4,FastGPS,-62.3735,-59.9043,,,7.7,-0.6,,,,15,23,32454,,,,3,10050,,,,17,1122,,,,9,19118,,,,19,26692,,,,1,4205,,,,6,18436,,,,,,,,,,,,,,,,,,,,,,,,,,,,,,,,,,,,,,,,,,,
173715,24-May-18,22:04:00,2018-05-24 22:04:00,G,1,8,920,577,0,5,-62.4069,-60.0218,04:07.9,FastGPS,-62.4069,-60.0218,,,3.1,-0.1,,,,15,5,10068,,,,30,16770,,,,13,29640,,,,7,5565,,,,27,16964,,,,,,,,,,,,,,,,,,,,,,,,,,,,,,,,,,,,,,,,,,,,,,,,,,,,,
173715,24-May-18,23:07:02,2018-05-24 23:07:02,G,1,8,921,579,0,5,-62.4132,-60.0451,07:09.9,FastGPS,-62.4132,-60.0451,,,5.2,-0.1,,,,15,13,31893,,,,28,25572,,,,5,25149,,,,30,28857,,,,15,21712,,,,,,,,,,,,,,,,,,,,,,,,,,,,,,,,,,,,,,,,,,,,,,,,,,,,,
173715,24-May-18,23:38:22,2018-05-24 23:38:22,G,2,8,922,579,0,4,-62.548,-60.622,5/25/2018 14:56,A,-62.4148,-60.0608,,,1.4,-0.1,,,,15,15,25894,,,,28,1978,,,,30,14157,,,,5,19955,,,,,,,,,,,,,,,,,,,,,,,,,,,,,,,,,,,,,,,,,,,,,,,,,,,,,,,,,,
173715,25-May-18,1:32:58,2018-05-25 01:32:58,G,1,8,925,580,0,7,-62.4059,-60.0785,33:05.9,FastGPS,-62.4059,-60.0785,,,12,-0.1,,,,15,15,24535,,,,24,10130,,,,10,17101,,,,17,26206,,,,28,31877,,,,20,13255,,,,19,22074,,,,,,,,,,,,,,,,,,,,,,,,,,,,,,,,,,,,,,,,,,,
173715,25-May-18,2:06:33,2018-05-25 02:06:33,G,2,8,926,580,0,6,-62.4188,-60.0834,06:40.9,FastGPS,-62.4188,-60.0834,,,8.1,-0.1,,,,15,15,32084,,,,24,30553,,,,12,32453,,,,13,5670,,,,17,24327,,,,19,29759,,,,,,,,,,,,,,,,,,,,,,,,,,,,,,,,,,,,,,,,,,,,,,,,
173715,25-May-18,2:53:10,2018-05-25 02:53:10,G,1,8,927,581,0,6,-62.4251,-60.1308,53:17.9,FastGPS,-62.4251,-60.1308,,,6.7,-0.1,,,,15,24,21216,,,,19,12258,,,,12,15216,,,,17,15097,,,,15,17953,,,,32,23527,,,,,,,,,,,,,,,,,,,,,,,,,,,,,,,,,,,,,,,,,,,,,,,,
173715,25-May-18,3:23:04,2018-05-25 03:23:04,G,1,8,928,581,0,6,-62.4239,-60.1646,23:12.9,FastGPS,-62.4239,-60.1646,,,8.1,0.9,,,,15,12,16869,,,,6,22937,,,,24,17646,,,,19,23212,,,,17,24859,,,,32,32493,,,,,,,,,,,,,,,,,,,,,,,,,,,,,,,,,,,,,,,,,,,,,,,,
173715,25-May-18,4:41:39,2018-05-25 04:41:39,G,1,8,929,584,0,7,-62.4315,-60.2518,41:47.4,FastGPS,-62.4315,-60.2518,,,5.5,0.4,,,,15,12,13621,,,,25,26081,,,,31,8548,,,,2,31011,,,,24,31880,,,,29,31948,,,,14,29025,,,,,,,,,,,,,,,,,,,,,,,,,,,,,,,,,,,,,,,,,,,
173715,25-May-18,6:00:54,2018-05-25 06:00:54,G,1,8,931,585,0,6,-62.4455,-60.3008,01:02.4,FastGPS,-62.4455,-60.3009,,1,1.8,0.4,,,,15,29,5954,,,,31,17038,,,,25,22106,,,,23,18637,,,,4,16055,,,,2,8101,,,,,,,,,,,,,,,,,,,,,,,,,,,,,,,,,,,,,,,,,,,,,,,,
173715,25-May-18,7:31:04,2018-05-25 07:31:04,G,1,8,933,587,0,7,-62.4916,-60.3171,31:12.4,FastGPS,-62.4916,-60.3171,,1,5.4,0.4,,,,15,31,18246,,,,4,2481,,,,26,24780,,,,29,7588,,,,21,20398,,,,16,14954,,,,2,11744,,,,,,,,,,,,,,,,,,,,,,,,,,,,,,,,,,,,,,,,,,,
173715,25-May-18,8:01:31,2018-05-25 08:01:31,G,1,8,934,587,0,5,-62.548,-60.622,5/25/2018 14:56,A,-62.5038,-60.3303,,1,1.3,0.4,,,,15,31,28962,,,,4,4928,,,,21,30199,,,,29,31383,,,,25,31571,,,,,,,,,,,,,,,,,,,,,,,,,,,,,,,,,,,,,,,,,,,,,,,,,,,,,
173715,25-May-18,8:31:58,2018-05-25 08:31:58,G,1,8,935,587,0,5,-62.548,-60.622,5/25/2018 14:56,A,-62.5104,-60.3589,,1,2.4,0.9,,,,15,21,23776,,,,26,18346,,,,29,25462,,,,4,3361,,,,31,20759,,,,,,,,,,,,,,,,,,,,,,,,,,,,,,,,,,,,,,,,,,,,,,,,,,,,,
173715,25-May-18,16:38:41,2018-05-25 16:38:41,G,1,8,948,,0,9,-62.5248,-60.6908,38:48.4,FastGPS,-62.5248,-60.6908,,,10.5,-0.6,,,,15,31,10412,,,,22,19848,,,,3,26909,,,,23,13007,,,,14,9248,,,,11,31495,,,,17,6886,,,,18,30268,,,,32,7196,,,,,,,,,,,,,,,,,,,,,,,,,,,,,,,,,
173715,25-May-18,17:09:09,2018-05-25 17:09:09,G,1,8,949,589,0,7,-62.5061,-60.6921,09:16.9,FastGPS,-62.5061,-60.6921,,1,5.5,-0.1,,,,15,31,10589,,,,22,5859,,,,1,4806,,,,23,18487,,,,14,10923,,,,3,19899,,,,4,31993,,,,,,,,,,,,,,,,,,,,,,,,,,,,,,,,,,,,,,,,,,,
173715,25-May-18,17:39:14,2018-05-25 17:39:14,G,3,8,950,,0,9,-62.4896,-60.7046,39:21.9,FastGPS,-62.4896,-60.7046,,1,10.4,-0.1,,,,15,31,23690,,,,23,12773,,,,4,30975,,,,3,1274,,,,26,3699,,,,22,21475,,,,1,19304,,,,9,20069,,,,25,17582,,,,,,,,,,,,,,,,,,,,,,,,,,,,,,,,,
173715,25-May-18,22:46:00,2018-05-25 22:46:00,G,1,8,957,594,0,6,-62.4842,-60.8415,46:07.5,FastGPS,-62.4842,-60.8415,,,8,-0.5,,,,15,7,19873,,,,28,5837,,,,30,30739,,,,5,32179,,,,15,1927,,,,13,7430,,,,,,,,,,,,,,,,,,,,,,,,,,,,,,,,,,,,,,,,,,,,,,,,
173715,25-May-18,23:47:07,2018-05-25 23:47:07,G,1,8,959,594,0,5,-62.5142,-60.8509,47:14.4,FastGPS,-62.5142,-60.8509,,,4.4,-0.6,,,,15,15,9906,,,,13,16570,,,,28,28546,,,,30,14258,,,,8,6455,,,,,,,,,,,,,,,,,,,,,,,,,,,,,,,,,,,,,,,,,,,,,,,,,,,,,
173715,26-May-18,4:50:24,2018-05-26 04:50:24,G,1,8,963,602,0,8,-62.5202,-60.8622,50:31.9,FastGPS,-62.5202,-60.8622,,,9.6,-0.1,,,,15,12,9,,,,2,2934,,,,29,24647,,,,3,22129,,,,25,25842,,,,14,20243,,,,31,30813,,,,32,20566,,,,,,,,,,,,,,,,,,,,,,,,,,,,,,,,,,,,,,
173715,26-May-18,7:00:40,2018-05-26 07:00:40,G,3,8,965,606,0,5,-62.5196,-60.8632,00:47.9,FastGPS,-62.5196,-60.8632,,,8.1,-0.1,,,,15,5,11583,,,,31,31139,,,,2,2938,,,,25,5720,,,,29,15973,,,,,,,,,,,,,,,,,,,,,,,,,,,,,,,,,,,,,,,,,,,,,,,,,,,,,
173715,26-May-18,7:45:00,2018-05-26 07:45:00,G,1,8,966,607,0,8,-62.5204,-60.8621,45:07.9,FastGPS,-62.5204,-60.8621,,1,7.9,-0.1,,,,15,4,23875,,,,26,30368,,,,29,13570,,,,31,12699,,,,21,2857,,,,25,17925,,,,5,31861,,,,16,18202,,,,,,,,,,,,,,,,,,,,,,,,,,,,,,,,,,,,,,
173715,26-May-18,9:42:01,2018-05-26 09:42:01,G,1,8,968,,0,9,-62.5196,-60.8633,42:08.4,FastGPS,-62.5196,-60.8633,,,10.8,-0.6,,,,15,27,13791,,,,7,30436,,,,16,297,,,,5,29678,,,,15,8202,,,,13,2964,,,,29,10573,,,,21,16256,,,,20,9181,,,,,,,,,,,,,,,,,,,,,,,,,,,,,,,,,
173715,26-May-18,10:55:48,2018-05-26 10:55:48,G,1,8,969,,0,9,-62.5159,-60.8509,55:55.9,FastGPS,-62.5159,-60.8509,,,12.4,-0.1,,,,15,15,26007,,,,27,6417,,,,13,6498,,,,10,18594,,,,20,26463,,,,16,1898,,,,8,20645,,,,7,16617,,,,30,5283,,,,,,,,,,,,,,,,,,,,,,,,,,,,,,,,,
173715,26-May-18,11:26:06,2018-05-26 11:26:06,G,1,8,970,612,0,6,-62.5102,-60.8319,26:13.5,FastGPS,-62.5102,-60.8319,,,7.9,-0.5,,,,15,15,28147,,,,20,27592,,,,21,26170,,,,27,28454,,,,16,10016,,,,13,17017,,,,,,,,,,,,,,,,,,,,,,,,,,,,,,,,,,,,,,,,,,,,,,,,
173715,26-May-18,11:56:01,2018-05-26 11:56:01,G,1,8,971,612,0,7,-62.4966,-60.8373,56:08.9,FastGPS,-62.4966,-60.8373,,,7.1,-0.1,,,,15,10,23643,,,,20,19988,,,,15,16462,,,,27,1758,,,,21,13398,,,,8,3748,,,,32,32728,,,,,,,,,,,,,,,,,,,,,,,,,,,,,,,,,,,,,,,,,,,
173715,26-May-18,14:07:17,2018-05-26 14:07:17,G,1,8,974,,0,9,-62.4673,-60.8446,07:24.4,FastGPS,-62.4673,-60.8446,,,12.4,-0.6,,,,15,8,7750,,,,22,14501,,,,18,1125,,,,1,32117,,,,3,23434,,,,28,16162,,,,14,16602,,,,32,21459,,,,11,10564,,,,,,,,,,,,,,,,,,,,,,,,,,,,,,,,,
173715,26-May-18,15:43:25,2018-05-26 15:43:25,G,1,8,976,613,0,8,-62.4541,-60.8234,43:32.9,FastGPS,-62.4541,-60.8234,,,7.5,-0.1,,,,15,11,26927,,,,17,15805,,,,23,13672,,,,18,5893,,,,1,9046,,,,3,23343,,,,22,5203,,,,12,15282,,,,,,,,,,,,,,,,,,,,,,,,,,,,,,,,,,,,,,
173715,26-May-18,16:46:48,2018-05-26 16:46:48,G,1,8,978,613,0,6,-62.4591,-60.822,46:55.4,FastGPS,-62.4591,-60.822,,,8,-0.6,,,,15,17,30963,,,,19,32509,,,,6,2996,,,,23,20569,,,,14,18869,,,,31,10142,,,,,,,,,,,,,,,,,,,,,,,,,,,,,,,,,,,,,,,,,,,,,,,,
173715,26-May-18,22:23:03,2018-05-26 22:23:03,G,1,8,985,613,0,8,-62.4593,-60.7927,23:10.5,FastGPS,-62.4593,-60.7927,,,6.2,-0.5,,,,15,15,29858,,,,13,28641,,,,5,29200,,,,30,22099,,,,7,28697,,,,21,4015,,,,27,9889,,,,8,26728,,,,,,,,,,,,,,,,,,,,,,,,,,,,,,,,,,,,,,
173715,27-May-18,0:23:00,2018-05-27 00:23:00,G,1,8,988,615,1,6,-62.4596,-60.7924,23:07.5,FastGPS,-62.4596,-60.7924,,,7,-0.5,,,,15,20,3328,,,,24,604,,,,8,14436,,,,18,17021,,,,11,11656,,,,15,12240,,,,,,,,,,,,,,,,,,,,,,,,,,,,,,,,,,,,,,,,,,,,,,,,
173715,27-May-18,9:10:00,2018-05-27 09:10:00,G,2,8,991,616,0,7,-62.4542,-60.8081,10:08.5,FastGPS,-62.4542,-60.8081,,1,9.5,0.5,,,,15,29,22630,,,,16,8984,,,,5,25382,,,,26,5782,,,,27,23076,,,,21,13579,,,,4,14267,,,,,,,,,,,,,,,,,,,,,,,,,,,,,,,,,,,,,,,,,,,
173715,27-May-18,10:58:26,2018-05-27 10:58:26,G,1,8,993,619,0,7,-62.4803,-60.726,58:34.5,FastGPS,-62.4803,-60.726,,,7.1,0.5,,,,15,15,13354,,,,27,30145,,,,20,7411,,,,8,29354,,,,30,17285,,,,7,13002,,,,13,13460,,,,,,,,,,,,,,,,,,,,,,,,,,,,,,,,,,,,,,,,,,,
173715,27-May-18,12:54:03,2018-05-27 12:54:03,G,1,8,995,622,0,7,-62.5295,-60.6186,54:12.0,FastGPS,-62.5295,-60.6186,,,3.7,1,,,,15,11,22746,,,,18,20268,,,,28,5233,,,,1,24277,,,,8,14880,,,,10,15384,,,,24,23120,,,,,,,,,,,,,,,,,,,,,,,,,,,,,,,,,,,,,,,,,,,
173715,27-May-18,14:40:05,2018-05-27 14:40:05,G,1,8,997,624,0,7,-62.4816,-60.4825,40:14.0,FastGPS,-62.4816,-60.4825,,,11.4,1,,,,15,17,1852,,,,31,327,,,,10,96,,,,1,7532,,,,11,6186,,,,18,26583,,,,32,31612,,,,,,,,,,,,,,,,,,,,,,,,,,,,,,,,,,,,,,,,,,,
173715,27-May-18,17:49:03,2018-05-27 17:49:03,G,2,8,1001,628,0,5,-62.454,-60.578,5/28/2018 11:14,R,-62.4737,-60.3634,,1,0.7,0.9,,,,15,31,12476,,,,23,1857,,,,3,26035,,,,4,19128,,,,6,3328,,,,,,,,,,,,,,,,,,,,,,,,,,,,,,,,,,,,,,,,,,,,,,,,,,,,,
173715,28-May-18,0:34:29,2018-05-28 00:34:29,G,1,8,1011,631,0,8,-62.476,-60.3506,34:37.0,FastGPS,-62.476,-60.3506,,,4.9,0,,,,15,15,9019,,,,28,17810,,,,13,27155,,,,11,13154,,,,10,24981,,,,20,5702,,,,17,26692,,,,24,18214,,,,,,,,,,,,,,,,,,,,,,,,,,,,,,,,,,,,,,
173715,28-May-18,2:38:50,2018-05-28 02:38:50,G,1,8,1013,634,0,7,-62.4693,-60.3688,38:58.5,FastGPS,-62.4693,-60.3688,,,10.5,0.5,,,,15,17,21588,,,,15,32417,,,,12,14717,,,,19,14798,,,,24,25859,,,,6,15222,,,,1,108,,,,,,,,,,,,,,,,,,,,,,,,,,,,,,,,,,,,,,,,,,,
173715,28-May-18,9:46:38,2018-05-28 09:46:38,G,1,8,1017,,0,9,-62.4601,-60.3653,46:46.5,FastGPS,-62.4601,-60.3653,,,6.2,0.5,,,,15,7,13985,,,,20,17015,,,,15,28475,,,,21,24962,,,,16,1834,,,,27,2216,,,,13,8540,,,,29,30327,,,,30,22961,,,,,,,,,,,,,,,,,,,,,,,,,,,,,,,,,
173715,28-May-18,13:52:31,2018-05-28 13:52:31,G,1,8,1023,652,0,7,-62.4604,-60.3691,52:39.5,FastGPS,-62.4604,-60.3691,,,10.5,0.5,,,,15,22,6518,,,,18,16701,,,,1,17,,,,11,24943,,,,28,20397,,,,8,20554,,,,24,735,,,,,,,,,,,,,,,,,,,,,,,,,,,,,,,,,,,,,,,,,,,
173715,28-May-18,14:25:10,2018-05-28 14:25:10,G,1,8,1024,652,0,7,-62.4667,-60.375,25:18.5,FastGPS,-62.4667,-60.375,,,13.9,0.5,,,,15,32,32556,,,,22,24041,,,,10,1801,,,,14,6904,,,,11,31986,,,,18,20865,,,,28,7729,,,,,,,,,,,,,,,,,,,,,,,,,,,,,,,,,,,,,,,,,,,
173715,28-May-18,15:13:56,2018-05-28 15:13:56,G,1,8,1025,653,0,6,-62.4573,-60.3784,14:04.5,FastGPS,-62.4573,-60.3784,,,8.3,0.5,,,,15,32,28695,,,,31,17892,,,,22,3862,,,,14,8659,,,,1,12427,,,,17,14167,,,,,,,,,,,,,,,,,,,,,,,,,,,,,,,,,,,,,,,,,,,,,,,,
173715,28-May-18,15:45:35,2018-05-28 15:45:35,G,1,8,1026,653,0,8,-62.4407,-60.3653,45:43.5,FastGPS,-62.4407,-60.3653,,,9.7,0.5,,,,15,17,21611,,,,31,18565,,,,12,3728,,,,19,23126,,,,18,13947,,,,32,6500,,,,14,20762,,,,11,3118,,,,,,,,,,,,,,,,,,,,,,,,,,,,,,,,,,,,,,
173715,28-May-18,16:15:52,2018-05-28 16:15:52,G,1,8,1027,,0,9,-62.4473,-60.3306,16:00.5,FastGPS,-62.4473,-60.3306,,,9.6,0.5,,,,15,12,7099,,,,23,17492,,,,17,14671,,,,1,20380,,,,6,29764,,,,19,25322,,,,32,8458,,,,3,3660,,,,25,279,,,,,,,,,,,,,,,,,,,,,,,,,,,,,,,,,
173715,28-May-18,16:46:50,2018-05-28 16:46:50,G,2,8,1028,653,0,6,-62.4536,-60.3445,46:59.0,FastGPS,-62.4536,-60.3445,,,6.2,1,,,,15,31,32076,,,,23,1429,,,,3,9069,,,,22,20052,,,,17,20612,,,,1,31673,,,,,,,,,,,,,,,,,,,,,,,,,,,,,,,,,,,,,,,,,,,,,,,,
173715,28-May-18,17:19:47,2018-05-28 17:19:47,G,1,8,1029,653,0,6,-62.4516,-60.3478,19:56.0,FastGPS,-62.4516,-60.3478,,,6.8,1,,,,15,22,18830,,,,3,15529,,,,23,31561,,,,19,21215,,,,9,21923,,,,31,6107,,,,,,,,,,,,,,,,,,,,,,,,,,,,,,,,,,,,,,,,,,,,,,,,
173715,28-May-18,20:44:10,2018-05-28 20:44:10,G,1,8,1032,659,0,6,-62.4606,-60.367,44:17.5,FastGPS,-62.4606,-60.367,,,4.9,-0.5,,,,15,30,15788,,,,7,17496,,,,16,22274,,,,9,7731,,,,27,24066,,,,5,15188,,,,,,,,,,,,,,,,,,,,,,,,,,,,,,,,,,,,,,,,,,,,,,,,
173715,29-May-18,0:29:00,2018-05-29 00:29:00,G,1,8,1037,663,0,8,-62.4631,-60.3662,29:08.0,FastGPS,-62.4631,-60.3662,,,6.6,0,,,,15,15,30795,,,,20,29930,,,,24,2254,,,,10,11722,,,,17,10311,,,,30,9095,,,,18,21728,,,,11,1932,,,,,,,,,,,,,,,,,,,,,,,,,,,,,,,,,,,,,,
173715,29-May-18,1:16:14,2018-05-29 01:16:14,G,1,8,1038,664,0,8,-62.4601,-60.3627,16:21.5,FastGPS,-62.4601,-60.3627,,,8.8,-0.5,,,,15,17,19582,,,,28,27393,,,,15,20902,,,,19,13906,,,,1,14952,,,,11,4024,,,,10,13491,,,,13,22156,,,,,,,,,,,,,,,,,,,,,,,,,,,,,,,,,,,,,,
173715,29-May-18,2:17:09,2018-05-29 02:17:09,G,1,8,1039,666,0,6,-62.4578,-60.3669,17:17.0,FastGPS,-62.4578,-60.3669,,,3,0,,,,15,17,28501,,,,24,5149,,,,12,8305,,,,19,17463,,,,15,30393,,,,10,5702,,,,,,,,,,,,,,,,,,,,,,,,,,,,,,,,,,,,,,,,,,,,,,,,
173715,29-May-18,2:48:09,2018-05-29 02:48:09,G,1,8,1040,666,0,5,-62.4627,-60.3667,48:16.5,FastGPS,-62.4627,-60.3667,,,1.5,-0.5,,,,15,12,10459,,,,32,10416,,,,17,15594,,,,24,10336,,,,22,11326,,,,,,,,,,,,,,,,,,,,,,,,,,,,,,,,,,,,,,,,,,,,,,,,,,,,,
173715,29-May-18,3:18:00,2018-05-29 03:18:00,G,1,8,1041,666,0,5,-62.4636,-60.3581,18:07.5,FastGPS,-62.4636,-60.3581,,,3.1,-0.5,,,,15,12,15424,,,,25,6297,,,,24,4678,,,,32,17107,,,,22,10754,,,,,,,,,,,,,,,,,,,,,,,,,,,,,,,,,,,,,,,,,,,,,,,,,,,,,
173715,29-May-18,6:02:15,2018-05-29 06:02:15,G,1,8,1044,670,0,5,-62.479,-60.421,02:23.0,FastGPS,-62.479,-60.421,,,9.4,0,,,,15,5,12901,,,,2,27635,,,,6,13371,,,,29,29878,,,,25,19828,,,,,,,,,,,,,,,,,,,,,,,,,,,,,,,,,,,,,,,,,,,,,,,,,,,,,
173715,29-May-18,6:37:51,2018-05-29 06:37:51,G,1,8,1045,670,0,6,-62.4717,-60.4118,37:58.5,FastGPS,-62.4717,-60.4118,,1,5.6,-0.5,,,,15,4,346,,,,5,6261,,,,26,27209,,,,2,530,,,,23,26908,,,,31,2413,,,,,,,,,,,,,,,,,,,,,,,,,,,,,,,,,,,,,,,,,,,,,,,,
173715,29-May-18,7:12:43,2018-05-29 07:12:43,G,2,8,1046,670,0,6,-62.4629,-60.3902,12:50.5,FastGPS,-62.4629,-60.3902,,1,3,-0.5,,,,15,5,2848,,,,26,32663,,,,4,11657,,,,29,21606,,,,2,2221,,,,25,26026,,,,,,,,,,,,,,,,,,,,,,,,,,,,,,,,,,,,,,,,,,,,,,,,
173715,29-May-18,8:20:49,2018-05-29 08:20:49,G,2,8,1047,672,0,5,-62.471,-60.336,5/29/2018 23:42,P,-62.4669,-60.3721,,1,0.5,-0.5,,,,15,5,20992,,,,4,12903,,,,29,24431,,,,26,267,,,,21,23400,,,,,,,,,,,,,,,,,,,,,,,,,,,,,,,,,,,,,,,,,,,,,,,,,,,,,
173715,29-May-18,14:48:46,2018-05-29 14:48:46,G,2,8,1055,,0,9,-62.4744,-60.3483,48:53.5,FastGPS,-62.4744,-60.3483,,,11.8,-0.5,,,,15,14,2070,,,,32,12266,,,,17,30703,,,,22,24670,,,,11,31547,,,,1,2837,,,,18,17808,,,,31,22023,,,,3,27970,,,,,,,,,,,,,,,,,,,,,,,,,,,,,,,,,
173715,29-May-18,16:35:07,2018-05-29 16:35:07,G,3,8,1056,,0,9,-62.4598,-60.3706,35:14.5,FastGPS,-62.4598,-60.3706,,,11.4,-0.5,,,,15,12,2037,,,,25,21511,,,,23,1880,,,,3,4966,,,,22,1523,,,,31,26405,,,,1,24554,,,,19,11486,,,,6,18319,,,,,,,,,,,,,,,,,,,,,,,,,,,,,,,,,
173715,29-May-18,17:09:26,2018-05-29 17:09:26,G,2,8,1057,684,0,5,-62.4592,-60.37,09:33.5,FastGPS,-62.4592,-60.37,,,2.8,-0.5,,,,15,31,30203,,,,22,22934,,,,6,24705,,,,3,6398,,,,23,31737,,,,,,,,,,,,,,,,,,,,,,,,,,,,,,,,,,,,,,,,,,,,,,,,,,,,,
173715,29-May-18,18:12:27,2018-05-29 18:12:27,G,1,8,1058,686,0,6,-62.4745,-60.3471,12:34.5,FastGPS,-62.4745,-60.3471,,1,12.2,-0.5,,,,15,9,32448,,,,3,25144,,,,22,3225,,,,23,5150,,,,6,10927,,,,4,14730,,,,,,,,,,,,,,,,,,,,,,,,,,,,,,,,,,,,,,,,,,,,,,,,
173715,29-May-18,20:02:30,2018-05-29 20:02:30,G,2,8,1061,687,0,8,-62.4731,-60.3608,02:37.5,FastGPS,-62.4731,-60.3608,,1,7.1,-0.5,,,,15,7,27305,,,,2,26014,,,,5,20318,,,,26,6402,,,,29,12318,,,,4,16487,,,,16,29398,,,,30,13728,,,,,,,,,,,,,,,,,,,,,,,,,,,,,,,,,,,,,,
173715,29-May-18,20:32:52,2018-05-29 20:32:52,G,1,8,1062,687,0,5,-62.4795,-60.3507,33:00.0,FastGPS,-62.4795,-60.3507,,,3.8,0,,,,15,5,27934,,,,7,5680,,,,9,23576,,,,23,27948,,,,16,2330,,,,,,,,,,,,,,,,,,,,,,,,,,,,,,,,,,,,,,,,,,,,,,,,,,,,,
173715,29-May-18,21:03:23,2018-05-29 21:03:23,G,1,8,1063,687,0,5,-62.4624,-60.3232,03:30.5,FastGPS,-62.4624,-60.3232,,,0.9,-0.5,,,,15,9,21915,,,,30,10319,,,,16,11394,,,,5,9924,,,,27,16934,,,,,,,,,,,,,,,,,,,,,,,,,,,,,,,,,,,,,,,,,,,,,,,,,,,,,
173715,29-May-18,21:33:02,2018-05-29 21:33:02,G,1,8,1064,687,0,6,-62.4678,-60.328,33:09.5,FastGPS,-62.4678,-60.328,,,4.3,-0.5,,,,15,7,6391,,,,30,19764,,,,13,5246,,,,28,22866,,,,9,20512,,,,5,1616,,,,,,,,,,,,,,,,,,,,,,,,,,,,,,,,,,,,,,,,,,,,,,,,
173715,29-May-18,23:53:25,2018-05-29 23:53:25,G,1,8,1067,690,0,5,-62.4827,-60.3743,53:33.1,FastGPS,-62.4827,-60.3743,,,1.3,0.1,,,,15,15,9318,,,,30,19694,,,,28,23905,,,,13,21982,,,,8,30892,,,,,,,,,,,,,,,,,,,,,,,,,,,,,,,,,,,,,,,,,,,,,,,,,,,,,
173715,30-May-18,0:39:15,2018-05-30 00:39:15,G,1,8,1068,691,0,6,-62.4845,-60.3742,39:23.0,FastGPS,-62.4845,-60.3742,,,3.4,0,,,,15,13,30828,,,,17,24335,,,,15,15148,,,,24,10690,,,,28,27323,,,,19,31519,,,,,,,,,,,,,,,,,,,,,,,,,,,,,,,,,,,,,,,,,,,,,,,,
173715,30-May-18,1:12:04,2018-05-30 01:12:04,G,3,8,1069,691,0,5,-62.4799,-60.3911,12:11.5,FastGPS,-62.4799,-60.3911,,,6.9,-0.5,,,,15,15,28502,,,,13,29694,,,,17,26790,,,,24,12775,,,,19,20700,,,,,,,,,,,,,,,,,,,,,,,,,,,,,,,,,,,,,,,,,,,,,,,,,,,,,
173715,30-May-18,1:44:00,2018-05-30 01:44:00,G,1,8,1070,691,0,8,-62.4801,-60.3905,44:07.5,FastGPS,-62.4801,-60.3905,,,10.1,-0.5,,,,15,15,23205,,,,12,9946,,,,24,10666,,,,19,5859,,,,10,29838,,,,11,22088,,,,1,26149,,,,18,21033,,,,,,,,,,,,,,,,,,,,,,,,,,,,,,,,,,,,,,
173715,30-May-18,3:24:34,2018-05-30 03:24:34,G,1,8,1071,695,0,7,-62.4782,-60.3961,24:41.6,FastGPS,-62.4782,-60.3961,,,11.2,-0.4,,,,15,24,7491,,,,12,27537,,,,32,14219,,,,25,9508,,,,17,8555,,,,14,11287,,,,22,5578,,,,,,,,,,,,,,,,,,,,,,,,,,,,,,,,,,,,,,,,,,,
173715,30-May-18,5:04:20,2018-05-30 05:04:20,G,2,8,1073,,0,9,-62.4689,-60.4055,04:27.5,FastGPS,-62.4689,-60.4055,,,8.9,-0.5,,,,15,31,26912,,,,2,25337,,,,19,20266,,,,29,7022,,,,12,860,,,,6,20343,,,,25,376,,,,14,12044,,,,3,6535,,,,,,,,,,,,,,,,,,,,,,,,,,,,,,,,,
173715,30-May-18,5:48:07,2018-05-30 05:48:07,G,1,8,1074,697,0,6,-62.4616,-60.3729,48:14.5,FastGPS,-62.4616,-60.3729,,,5.8,-0.5,,,,15,12,24622,,,,23,19598,,,,6,1610,,,,29,16169,,,,2,22207,,,,31,16293,,,,,,,,,,,,,,,,,,,,,,,,,,,,,,,,,,,,,,,,,,,,,,,,
173715,30-May-18,6:19:18,2018-05-30 06:19:18,G,1,8,1075,697,0,8,-62.4612,-60.369,19:26.0,FastGPS,-62.4612,-60.369,,1,10.5,0,,,,15,31,8141,,,,4,8343,,,,29,1428,,,,5,18564,,,,12,10847,,,,6,11202,,,,25,15892,,,,23,25262,,,,,,,,,,,,,,,,,,,,,,,,,,,,,,,,,,,,,,
173715,30-May-18,14:00:54,2018-05-30 14:00:54,G,1,8,1081,706,0,5,-62.5136,-60.3842,01:01.6,FastGPS,-62.5136,-60.3842,,,0.6,-0.4,,,,15,10,24830,,,,24,31364,,,,32,30644,,,,28,22510,,,,8,3086,,,,,,,,,,,,,,,,,,,,,,,,,,,,,,,,,,,,,,,,,,,,,,,,,,,,,
173715,30-May-18,14:31:30,2018-05-30 14:31:30,G,3,8,1082,706,0,7,-62.4935,-60.3978,31:38.1,FastGPS,-62.4935,-60.3978,,,15.7,0.1,,,,15,10,16769,,,,32,26105,,,,31,17198,,,,18,22959,,,,1,11972,,,,8,18736,,,,24,18642,,,,,,,,,,,,,,,,,,,,,,,,,,,,,,,,,,,,,,,,,,,
173715,30-May-18,15:05:04,2018-05-30 15:05:04,G,1,8,1083,706,0,6,-62.4746,-60.376,05:11.5,FastGPS,-62.4746,-60.376,,,8.2,-0.5,,,,15,32,32141,,,,17,15001,,,,11,2605,,,,1,13909,,,,31,16429,,,,22,3862,,,,,,,,,,,,,,,,,,,,,,,,,,,,,,,,,,,,,,,,,,,,,,,,
173715,30-May-18,15:56:35,2018-05-30 15:56:35,G,1,8,1084,707,0,8,-62.4596,-60.3721,56:43.1,FastGPS,-62.4596,-60.3721,,,9.4,0.1,,,,15,12,1126,,,,1,10490,,,,14,24794,,,,31,21162,,,,11,24028,,,,23,22301,,,,17,25042,,,,3,13002,,,,,,,,,,,,,,,,,,,,,,,,,,,,,,,,,,,,,,
173715,30-May-18,17:40:42,2018-05-30 17:40:42,G,1,8,1085,711,0,7,-62.4329,-60.3366,40:50.0,FastGPS,-62.4329,-60.3366,,1,3.4,0,,,,15,6,20820,,,,4,9924,,,,26,30214,,,,31,14479,,,,23,18459,,,,2,10562,,,,3,30021,,,,,,,,,,,,,,,,,,,,,,,,,,,,,,,,,,,,,,,,,,,
173715,30-May-18,18:13:33,2018-05-30 18:13:33,G,1,8,1086,711,0,6,-62.4285,-60.328,13:40.6,FastGPS,-62.4285,-60.328,,1,3.8,-0.4,,,,15,2,25887,,,,26,25825,,,,4,12286,,,,6,31686,,,,23,26183,,,,16,1499,,,,,,,,,,,,,,,,,,,,,,,,,,,,,,,,,,,,,,,,,,,,,,,,
173715,30-May-18,18:47:50,2018-05-30 18:47:50,G,1,8,1087,711,0,8,-62.4257,-60.3191,47:57.5,FastGPS,-62.4257,-60.3191,,1,7.7,-0.5,,,,15,16,12694,,,,7,4549,,,,3,13842,,,,23,31266,,,,4,11625,,,,9,6505,,,,26,21566,,,,2,3069,,,,,,,,,,,,,,,,,,,,,,,,,,,,,,,,,,,,,,
173715,30-May-18,19:18:58,2018-05-30 19:18:58,G,1,8,1088,711,0,6,-62.4198,-60.3181,19:05.5,FastGPS,-62.4198,-60.3181,,,0.6,-0.5,,,,15,23,22274,,,,7,32562,,,,9,12871,,,,30,5154,,,,5,5304,,,,3,12881,,,,,,,,,,,,,,,,,,,,,,,,,,,,,,,,,,,,,,,,,,,,,,,,
173715,30-May-18,20:22:51,2018-05-30 20:22:51,G,1,8,1090,711,0,5,-62.4379,-60.3251,22:58.5,FastGPS,-62.4379,-60.3251,,,9.6,-0.5,,,,15,7,627,,,,5,15862,,,,30,869,,,,2,18721,,,,27,11284,,,,,,,,,,,,,,,,,,,,,,,,,,,,,,,,,,,,,,,,,,,,,,,,,,,,,
173715,30-May-18,20:53:00,2018-05-30 20:53:00,G,2,8,1091,711,0,5,-62.457,-60.3238,53:07.6,FastGPS,-62.457,-60.3238,,,19.7,-0.4,,,,15,5,18724,,,,9,26993,,,,7,887,,,,30,9571,,,,16,14935,,,,,,,,,,,,,,,,,,,,,,,,,,,,,,,,,,,,,,,,,,,,,,,,,,,,,
173715,30-May-18,21:38:00,2018-05-30 21:38:00,G,2,8,1092,712,1,4,-62.458,-60.329,5/31/2018 1:21,K,-62.4567,-60.3239,,,0.5,-0.4,,,,15,7,26155,,,,30,832,,,,27,808,,,,5,31007,,,,,,,,,,,,,,,,,,,,,,,,,,,,,,,,,,,,,,,,,,,,,,,,,,,,,,,,,,
173715,30-May-18,22:38:00,2018-05-30 22:38:00,G,1,8,1094,712,1,4,-62.458,-60.329,5/31/2018 1:21,K,-62.4557,-60.3231,,,0.7,-0.5,,,,15,7,13229,,,,30,21238,,,,5,27348,,,,28,26906,,,,,,,,,,,,,,,,,,,,,,,,,,,,,,,,,,,,,,,,,,,,,,,,,,,,,,,,,,
173715,30-May-18,23:23:00,2018-05-30 23:23:00,G,3,8,1095,713,1,4,-62.458,-60.329,5/31/2018 1:21,K,-62.457,-60.3245,,,1.2,-0.4,,,,15,30,21608,,,,5,14348,,,,8,6378,,,,28,17688,,,,,,,,,,,,,,,,,,,,,,,,,,,,,,,,,,,,,,,,,,,,,,,,,,,,,,,,,,
173715,31-May-18,0:38:00,2018-05-31 00:38:00,G,3,8,1096,716,1,4,-62.458,-60.329,5/31/2018 1:21,K,-62.4565,-60.3228,,,0.4,-0.5,,,,15,28,12526,,,,13,14951,,,,17,29204,,,,11,13200,,,,,,,,,,,,,,,,,,,,,,,,,,,,,,,,,,,,,,,,,,,,,,,,,,,,,,,,,,
173715,31-May-18,1:08:00,2018-05-31 01:08:00,G,1,8,1097,,1,9,-62.4568,-60.3242,08:08.5,FastGPS,-62.4568,-60.3242,,,11.6,0.5,,,,15,17,4626,,,,15,5640,,,,28,12558,,,,13,7015,,,,19,31020,,,,24,22620,,,,12,666,,,,18,24975,,,,11,21458,,,,,,,,,,,,,,,,,,,,,,,,,,,,,,,,,
173715,31-May-18,10:45:39,2018-05-31 10:45:39,G,1,8,1100,723,0,7,-62.4528,-60.3277,45:47.1,FastGPS,-62.4528,-60.3277,,,9.4,0.1,,,,15,10,28763,,,,16,1452,,,,15,8189,,,,27,24600,,,,13,378,,,,8,1626,,,,30,5587,,,,,,,,,,,,,,,,,,,,,,,,,,,,,,,,,,,,,,,,,,,
173715,31-May-18,14:16:14,2018-05-31 14:16:14,G,2,8,1103,730,0,6,-62.4526,-60.3273,16:22.1,FastGPS,-62.4526,-60.3273,,,12.5,0.1,,,,15,32,17124,,,,14,1819,,,,1,3649,,,,3,24570,,,,11,18481,,,,17,17112,,,,,,,,,,,,,,,,,,,,,,,,,,,,,,,,,,,,,,,,,,,,,,,,
173715,31-May-18,15:28:22,2018-05-31 15:28:22,G,1,8,1104,732,0,6,-62.4504,-60.3184,28:30.1,FastGPS,-62.4504,-60.3184,,,11.6,0.1,,,,15,31,31805,,,,32,20662,,,,14,25326,,,,17,17805,,,,11,12870,,,,22,9659,,,,,,,,,,,,,,,,,,,,,,,,,,,,,,,,,,,,,,,,,,,,,,,,
173715,31-May-18,17:46:33,2018-05-31 17:46:33,G,1,8,1105,738,0,7,-62.4528,-60.3276,46:40.6,FastGPS,-62.4528,-60.3276,,1,10.2,-0.4,,,,15,22,19274,,,,3,18093,,,,9,8064,,,,4,16488,,,,26,11426,,,,23,7052,,,,2,30761,,,,,,,,,,,,,,,,,,,,,,,,,,,,,,,,,,,,,,,,,,,
173715,31-May-18,19:28:31,2018-05-31 19:28:31,G,1,8,1106,742,0,4,-62.441,-60.399,6/1/2018 9:08,K,-62.4416,-60.3629,,,1.9,0.1,,,,15,5,24641,,,,9,4048,,,,2,4542,,,,7,14850,,,,,,,,,,,,,,,,,,,,,,,,,,,,,,,,,,,,,,,,,,,,,,,,,,,,,,,,,,
173715,31-May-18,20:01:00,2018-05-31 20:01:00,G,1,8,1107,742,0,8,-62.4351,-60.3664,01:08.6,FastGPS,-62.4351,-60.3664,,,16.1,0.6,,,,15,23,14933,,,,2,26896,,,,7,2811,,,,5,722,,,,9,18344,,,,30,236,,,,6,23049,,,,29,19278,,,,,,,,,,,,,,,,,,,,,,,,,,,,,,,,,,,,,,
173715,31-May-18,20:49:12,2018-05-31 20:49:12,G,2,8,1108,743,0,5,-62.4126,-60.3633,49:21.1,FastGPS,-62.4126,-60.3633,,,9.3,1.1,,,,15,9,30888,,,,7,6098,,,,5,24213,,,,30,15660,,,,13,22302,,,,,,,,,,,,,,,,,,,,,,,,,,,,,,,,,,,,,,,,,,,,,,,,,,,,,
173715,1-Jun-18,0:12:36,2018-06-01 00:12:36,G,1,8,1110,748,0,7,-62.3707,-60.3687,12:45.1,FastGPS,-62.3707,-60.3687,,,4.6,1.1,,,,15,15,21312,,,,13,23018,,,,10,27745,,,,18,7214,,,,8,10229,,,,11,24574,,,,28,10167,,,,,,,,,,,,,,,,,,,,,,,,,,,,,,,,,,,,,,,,,,,
173715,1-Jun-18,1:49:09,2018-06-01 01:49:09,G,1,8,1111,752,0,6,-62.3658,-60.3822,49:18.1,FastGPS,-62.3658,-60.3822,,,7.2,1.1,,,,15,12,6080,,,,15,17500,,,,24,8877,,,,19,12506,,,,18,30150,,,,28,12918,,,,,,,,,,,,,,,,,,,,,,,,,,,,,,,,,,,,,,,,,,,,,,,,
173715,1-Jun-18,5:44:31,2018-06-01 05:44:31,G,2,8,1113,763,0,8,-62.3883,-60.4259,44:40.1,FastGPS,-62.3883,-60.4259,,1,11.8,1.1,,,,15,29,29834,,,,31,22120,,,,25,5667,,,,6,15760,,,,4,23331,,,,12,8173,,,,23,26096,,,,2,17292,,,,,,,,,,,,,,,,,,,,,,,,,,,,,,,,,,,,,,
173715,1-Jun-18,6:48:08,2018-06-01 06:48:08,G,3,8,1114,765,0,8,-62.4026,-60.4069,48:16.6,FastGPS,-62.4026,-60.4069,,1,12.5,0.6,,,,15,29,19854,,,,31,3218,,,,4,11632,,,,25,1231,,,,26,22643,,,,23,6456,,,,9,18619,,,,5,9316,,,,,,,,,,,,,,,,,,,,,,,,,,,,,,,,,,,,,,
173715,1-Jun-18,7:21:38,2018-06-01 07:21:38,G,2,8,1115,765,0,7,-62.4127,-60.3992,21:47.1,FastGPS,-62.4127,-60.3992,,1,6.9,1.1,,,,15,4,27944,,,,26,2731,,,,29,16899,,,,16,25240,,,,2,10465,,,,31,10864,,,,5,5889,,,,,,,,,,,,,,,,,,,,,,,,,,,,,,,,,,,,,,,,,,,
173715,1-Jun-18,7:51:02,2018-06-01 07:51:02,G,1,8,1116,765,0,4,-62.453,-60.351,6/2/2018 5:48,P,,,,,,,,,,15,26,23002,,,,16,13598,,,,4,19882,,,,21,19961,,,,,,,,,,,,,,,,,,,,,,,,,,,,,,,,,,,,,,,,,,,,,,,,,,,,,,,,,,
173715,1-Jun-18,13:09:02,2018-06-01 13:09:02,G,1,8,1121,774,0,7,-62.4823,-60.3678,09:10.6,FastGPS,-62.4823,-60.3678,,,7.9,0.6,,,,15,1,20934,,,,11,31857,,,,28,20350,,,,8,26417,,,,18,25844,,,,32,16657,,,,22,30796,,,,,,,,,,,,,,,,,,,,,,,,,,,,,,,,,,,,,,,,,,,
173715,1-Jun-18,13:56:34,2018-06-01 13:56:34,G,1,8,1122,775,0,6,-62.4925,-60.3677,56:42.6,FastGPS,-62.4925,-60.3677,,,3.5,0.6,,,,15,22,28760,,,,1,32599,,,,11,15297,,,,3,16429,,,,18,5217,,,,14,26436,,,,,,,,,,,,,,,,,,,,,,,,,,,,,,,,,,,,,,,,,,,,,,,,
173715,1-Jun-18,15:37:47,2018-06-01 15:37:47,G,1,8,1123,,0,9,-62.5146,-60.3786,37:56.1,FastGPS,-62.5146,-60.3786,,,10.6,1.1,,,,15,23,3196,,,,17,5577,,,,11,28151,,,,18,4685,,,,22,2010,,,,1,4010,,,,3,28011,,,,14,21392,,,,31,30174,,,,,,,,,,,,,,,,,,,,,,,,,,,,,,,,,
173715,1-Jun-18,16:08:08,2018-06-01 16:08:08,G,1,8,1124,,0,9,-62.5195,-60.3818,08:17.1,FastGPS,-62.5195,-60.3818,,,11.2,1.1,,,,15,31,5439,,,,12,11040,,,,22,20831,,,,17,5123,,,,14,10871,,,,6,13498,,,,11,565,,,,32,12790,,,,18,1353,,,,,,,,,,,,,,,,,,,,,,,,,,,,,,,,,
173715,1-Jun-18,17:08:06,2018-06-01 17:08:06,G,2,8,1125,781,0,5,-62.5276,-60.3829,08:14.6,FastGPS,-62.5276,-60.3829,,,7.5,0.6,,,,15,31,13678,,,,3,23652,,,,23,22879,,,,22,18378,,,,17,22986,,,,,,,,,,,,,,,,,,,,,,,,,,,,,,,,,,,,,,,,,,,,,,,,,,,,,
173715,1-Jun-18,18:25:21,2018-06-01 18:25:21,G,1,8,1127,782,0,6,-62.5257,-60.3744,25:30.1,FastGPS,-62.5257,-60.3744,,1,4.2,1.1,,,,15,16,30770,,,,7,25184,,,,26,11132,,,,23,23837,,,,3,6818,,,,4,13526,,,,,,,,,,,,,,,,,,,,,,,,,,,,,,,,,,,,,,,,,,,,,,,,
173715,1-Jun-18,23:49:00,2018-06-01 23:49:00,G,1,8,1134,788,0,5,-62.4592,-60.3387,49:07.6,FastGPS,-62.4592,-60.3387,,,2,-0.4,,,,15,15,3019,,,,20,6007,,,,24,29158,,,,8,18936,,,,11,7604,,,,,,,,,,,,,,,,,,,,,,,,,,,,,,,,,,,,,,,,,,,,,,,,,,,,,
173715,2-Jun-18,0:34:00,2018-06-02 00:34:00,G,2,8,1135,789,1,7,-62.459,-60.3386,34:07.6,FastGPS,-62.459,-60.3386,,,11.7,-0.4,,,,15,20,29640,,,,10,12168,,,,24,21610,,,,15,28453,,,,11,3246,,,,18,13080,,,,28,25170,,,,,,,,,,,,,,,,,,,,,,,,,,,,,,,,,,,,,,,,,,,
173715,2-Jun-18,10:55:00,2018-06-02 10:55:00,G,4,8,1136,789,0,6,-62.4588,-60.3399,55:07.7,FastGPS,-62.4588,-60.34,,,4.9,-0.3,,,,15,15,10926,,,,20,27298,,,,10,17736,,,,27,6482,,,,21,19097,,,,16,31076,,,,,,,,,,,,,,,,,,,,,,,,,,,,,,,,,,,,,,,,,,,,,,,,
173715,2-Jun-18,12:58:36,2018-06-02 12:58:36,G,2,8,1139,789,0,8,-62.4275,-60.284,58:43.6,FastGPS,-62.4275,-60.284,,,11.6,-0.4,,,,15,32,9843,,,,10,6595,,,,8,17585,,,,22,7298,,,,27,13636,,,,11,25209,,,,1,3170,,,,14,32049,,,,,,,,,,,,,,,,,,,,,,,,,,,,,,,,,,,,,,
173715,2-Jun-18,13:32:00,2018-06-02 13:32:00,G,1,8,1140,789,0,8,-62.4256,-60.3242,32:07.6,FastGPS,-62.4256,-60.3242,,,11.6,-0.4,,,,15,32,23926,,,,22,19474,,,,28,3348,,,,14,920,,,,18,32427,,,,8,2614,,,,1,15172,,,,17,27476,,,,,,,,,,,,,,,,,,,,,,,,,,,,,,,,,,,,,,
173715,2-Jun-18,14:06:48,2018-06-02 14:06:48,G,1,8,1141,789,0,7,-62.4379,-60.3687,06:55.6,FastGPS,-62.4379,-60.3687,,,2.8,-0.4,,,,15,22,10300,,,,32,11952,,,,14,25969,,,,1,27873,,,,8,12513,,,,18,1509,,,,17,6835,,,,,,,,,,,,,,,,,,,,,,,,,,,,,,,,,,,,,,,,,,,
173715,2-Jun-18,15:56:10,2018-06-02 15:56:10,G,1,8,1144,,0,9,-62.4899,-60.4218,56:18.1,FastGPS,-62.4899,-60.4218,,,5.6,0.1,,,,15,17,18087,,,,1,22508,,,,23,23395,,,,22,28141,,,,3,9130,,,,31,22875,,,,19,30803,,,,11,26071,,,,18,29366,,,,,,,,,,,,,,,,,,,,,,,,,,,,,,,,,
173715,2-Jun-18,16:31:22,2018-06-02 16:31:22,G,3,8,1145,,0,9,-62.4825,-60.4528,31:29.6,FastGPS,-62.4825,-60.4528,,,8.6,-0.4,,,,15,22,28626,,,,23,4609,,,,17,23799,,,,1,31692,,,,3,28416,,,,19,25312,,,,12,3290,,,,9,10695,,,,31,18733,,,,,,,,,,,,,,,,,,,,,,,,,,,,,,,,,
173715,2-Jun-18,17:01:14,2018-06-02 17:01:14,G,1,8,1146,789,0,6,-62.4768,-60.4661,01:22.1,FastGPS,-62.4768,-60.4661,,,8.4,0.1,,,,15,31,15012,,,,4,27784,,,,22,25944,,,,26,30984,,,,14,27933,,,,3,25474,,,,,,,,,,,,,,,,,,,,,,,,,,,,,,,,,,,,,,,,,,,,,,,,
173715,2-Jun-18,18:10:42,2018-06-02 18:10:42,G,1,8,1148,789,0,7,-62.482,-60.4926,10:50.1,FastGPS,-62.482,-60.4926,,1,11.9,0.1,,,,15,6,14157,,,,23,8778,,,,9,23542,,,,2,5919,,,,3,19813,,,,29,603,,,,4,11718,,,,,,,,,,,,,,,,,,,,,,,,,,,,,,,,,,,,,,,,,,,
173715,2-Jun-18,23:40:08,2018-06-02 23:40:08,G,1,8,1151,791,0,8,-62.5165,-60.535,40:17.1,FastGPS,-62.5165,-60.535,,,12.9,1.1,,,,15,15,17125,,,,13,21087,,,,20,26646,,,,8,22347,,,,24,30836,,,,28,25126,,,,11,20812,,,,10,20676,,,,,,,,,,,,,,,,,,,,,,,,,,,,,,,,,,,,,,
173715,3-Jun-18,0:10:03,2018-06-03 00:10:03,G,1,8,1152,,0,9,-62.5275,-60.5121,10:12.1,FastGPS,-62.5275,-60.5121,,,9.3,1.1,,,,15,15,6550,,,,24,17710,,,,20,4559,,,,11,10211,,,,13,23995,,,,18,31944,,,,10,23960,,,,17,25768,,,,1,15197,,,,,,,,,,,,,,,,,,,,,,,,,,,,,,,,,
173715,3-Jun-18,4:00:00,2018-06-03 04:00:00,G,1,8,1156,791,0,7,-62.4728,-60.3648,00:08.7,FastGPS,-62.4728,-60.3648,,,13.5,0.7,,,,15,32,10603,,,,12,21575,,,,2,16885,,,,25,19867,,,,24,24614,,,,14,5065,,,,31,26972,,,,,,,,,,,,,,,,,,,,,,,,,,,,,,,,,,,,,,,,,,,
173715,3-Jun-18,7:25:37,2018-06-03 07:25:37,G,1,8,1159,797,0,6,-62.4752,-60.3657,25:45.0,FastGPS,-62.4752,-60.3657,,1,3.5,0,,,,15,16,22804,,,,4,21088,,,,5,23508,,,,26,7669,,,,29,12572,,,,31,8140,,,,,,,,,,,,,,,,,,,,,,,,,,,,,,,,,,,,,,,,,,,,,,,,
173715,3-Jun-18,8:10:11,2018-06-03 08:10:11,G,2,8,1160,798,0,6,-62.4897,-60.3805,10:19.2,FastGPS,-62.4897,-60.3805,,1,1.2,0.2,,,,15,4,16554,,,,21,5142,,,,26,13404,,,,16,16353,,,,5,17832,,,,29,9441,,,,,,,,,,,,,,,,,,,,,,,,,,,,,,,,,,,,,,,,,,,,,,,,
173715,3-Jun-18,10:16:02,2018-06-03 10:16:02,G,1,8,1163,800,0,4,-62.546,-60.274,6/4/2018 9:25,K,-62.4749,-60.357,,,0.9,-0.4,,,,15,15,8598,,,,21,23197,,,,20,19437,,,,7,18548,,,,,,,,,,,,,,,,,,,,,,,,,,,,,,,,,,,,,,,,,,,,,,,,,,,,,,,,,,
173715,3-Jun-18,10:46:01,2018-06-03 10:46:01,G,1,8,1164,800,0,5,-62.4742,-60.3565,46:09.2,FastGPS,-62.4742,-60.3565,,,1.6,0.2,,,,15,21,24963,,,,10,23417,,,,20,20218,,,,15,31336,,,,8,5292,,,,,,,,,,,,,,,,,,,,,,,,,,,,,,,,,,,,,,,,,,,,,,,,,,,,,
173715,3-Jun-18,12:14:13,2018-06-03 12:14:13,G,3,8,1165,803,0,7,-62.4691,-60.3681,14:22.1,FastGPS,-62.4691,-60.3681,,,4.6,1.1,,,,15,28,22636,,,,20,4481,,,,10,1492,,,,18,19318,,,,32,19175,,,,11,21200,,,,8,24915,,,,,,,,,,,,,,,,,,,,,,,,,,,,,,,,,,,,,,,,,,,
173715,3-Jun-18,13:07:01,2018-06-03 13:07:01,G,1,8,1166,804,0,6,-62.4692,-60.3693,07:10.2,FastGPS,-62.4692,-60.3693,,,9.6,1.2,,,,15,32,2580,,,,10,945,,,,14,21992,,,,27,20263,,,,22,31794,,,,8,14347,,,,,,,,,,,,,,,,,,,,,,,,,,,,,,,,,,,,,,,,,,,,,,,,
173715,3-Jun-18,13:55:21,2018-06-03 13:55:21,G,1,8,1167,,0,9,-62.469,-60.3735,55:30.2,FastGPS,-62.469,-60.3735,,,3.8,1.2,,,,15,32,8424,,,,3,3106,,,,18,26679,,,,14,419,,,,11,4611,,,,1,3968,,,,28,32212,,,,17,2168,,,,8,2511,,,,,,,,,,,,,,,,,,,,,,,,,,,,,,,,,
173715,3-Jun-18,16:30:11,2018-06-03 16:30:11,G,2,8,1171,806,0,5,-62.4931,-60.3517,30:19.7,FastGPS,-62.4931,-60.3517,,,12.8,0.7,,,,15,17,7561,,,,19,16031,,,,9,19309,,,,6,30973,,,,23,8362,,,,,,,,,,,,,,,,,,,,,,,,,,,,,,,,,,,,,,,,,,,,,,,,,,,,,
173715,3-Jun-18,21:35:00,2018-06-03 21:35:00,G,1,8,1177,808,1,5,-62.4604,-60.3347,35:07.7,FastGPS,-62.4604,-60.3347,,,9.6,-0.3,,,,15,5,18591,,,,13,1066,,,,7,646,,,,28,16333,,,,30,14644,,,,,,,,,,,,,,,,,,,,,,,,,,,,,,,,,,,,,,,,,,,,,,,,,,,,,
173715,3-Jun-18,22:05:00,2018-06-03 22:05:00,G,1,8,1178,808,1,4,-62.546,-60.274,6/4/2018 9:25,K,-62.4602,-60.3347,,,0.8,-0.3,,,,15,5,11954,,,,21,13266,,,,13,28638,,,,28,22496,,,,,,,,,,,,,,,,,,,,,,,,,,,,,,,,,,,,,,,,,,,,,,,,,,,,,,,,,,
173715,3-Jun-18,23:35:00,2018-06-03 23:35:00,G,2,8,1180,810,1,4,-62.546,-60.274,6/4/2018 9:25,K,-62.4609,-60.3296,,,0.5,-0.1,,,,15,15,15227,,,,24,26142,,,,13,23098,,,,20,24809,,,,,,,,,,,,,,,,,,,,,,,,,,,,,,,,,,,,,,,,,,,,,,,,,,,,,,,,,,
173715,4-Jun-18,0:05:00,2018-06-04 00:05:00,G,2,8,1181,810,1,5,-62.4602,-60.3352,05:07.7,FastGPS,-62.4602,-60.3352,,,5.3,-0.3,,,,15,30,7872,,,,13,18033,,,,17,14210,,,,15,29728,,,,28,8610,,,,,,,,,,,,,,,,,,,,,,,,,,,,,,,,,,,,,,,,,,,,,,,,,,,,,
173715,4-Jun-18,0:35:00,2018-06-04 00:35:00,G,2,8,1182,810,1,7,-62.4604,-60.3348,35:07.7,FastGPS,-62.4604,-60.3348,,,8,-0.3,,,,15,19,15890,,,,17,3660,,,,13,23598,,,,15,16658,,,,24,18830,,,,20,7674,,,,10,15468,,,,,,,,,,,,,,,,,,,,,,,,,,,,,,,,,,,,,,,,,,,
173715,4-Jun-18,3:00:00,2018-06-04 03:00:00,G,2,8,1183,,0,9,-62.4611,-60.3341,00:07.6,FastGPS,-62.4611,-60.3341,,,7.7,-0.4,,,,15,12,31465,,,,32,23248,,,,25,3570,,,,22,15392,,,,3,26247,,,,14,11447,,,,17,86,,,,19,9542,,,,24,26768,,,,,,,,,,,,,,,,,,,,,,,,,,,,,,,,,
173715,4-Jun-18,4:01:12,2018-06-04 04:01:12,G,1,9,1185,810,0,7,-62.4848,-60.3152,01:20.2,FastGPS,-62.4848,-60.3152,,,3.8,-0.8,,,,15,31,29949,,,,12,31432,,,,14,15903,,,,25,14402,,,,32,9318,,,,17,10456,,,,19,1790,,,,,,,,,,,,,,,,,,,,,,,,,,,,,,,,,,,,,,,,,,,
173715,4-Jun-18,5:18:05,2018-06-04 05:18:05,G,1,9,1187,811,0,5,-62.462,-60.347,6/5/2018 4:34,A,-62.5112,-60.3173,,1,1.1,-0.3,,,,15,31,28524,,,,29,13248,,,,4,22157,,,,25,3730,,,,14,13250,,,,,,,,,,,,,,,,,,,,,,,,,,,,,,,,,,,,,,,,,,,,,,,,,,,,,
173715,4-Jun-18,7:38:06,2018-06-04 07:38:06,G,1,9,1190,814,0,4,-62.462,-60.347,6/5/2018 4:34,A,-62.5234,-60.3056,,,0.9,-0.9,,,,15,29,11568,,,,5,16796,,,,21,22648,,,,26,29013,,,,,,,,,,,,,,,,,,,,,,,,,,,,,,,,,,,,,,,,,,,,,,,,,,,,,,,,,,
173715,4-Jun-18,10:18:11,2018-06-04 10:18:11,G,1,9,1193,,0,9,-62.535,-60.3196,18:18.7,FastGPS,-62.535,-60.3196,,,6.5,-1.3,,,,15,10,30859,,,,7,31410,,,,21,31644,,,,20,16290,,,,16,17136,,,,27,18256,,,,13,23623,,,,30,19552,,,,15,10042,,,,,,,,,,,,,,,,,,,,,,,,,,,,,,,,,
173715,4-Jun-18,10:51:48,2018-06-04 10:51:48,G,2,9,1194,818,0,7,-62.5346,-60.3191,51:56.2,FastGPS,-62.5346,-60.3191,,,8.5,-0.8,,,,15,8,28061,,,,27,15634,,,,15,17762,,,,10,5652,,,,13,32721,,,,30,24195,,,,21,7313,,,,,,,,,,,,,,,,,,,,,,,,,,,,,,,,,,,,,,,,,,,
173715,4-Jun-18,13:18:37,2018-06-04 13:18:37,G,1,9,1195,823,0,6,-62.5064,-60.3417,18:44.7,FastGPS,-62.5064,-60.3417,,,7.1,-1.3,,,,15,10,22324,,,,14,28927,,,,32,966,,,,24,2312,,,,22,10822,,,,1,13754,,,,,,,,,,,,,,,,,,,,,,,,,,,,,,,,,,,,,,,,,,,,,,,,
173715,4-Jun-18,16:06:15,2018-06-04 16:06:15,G,1,9,1199,825,0,4,-62.462,-60.347,6/5/2018 4:34,A,-62.4699,-60.4156,,,0.6,-1.3,,,,15,23,12991,,,,31,21164,,,,3,1136,,,,12,5152,,,,,,,,,,,,,,,,,,,,,,,,,,,,,,,,,,,,,,,,,,,,,,,,,,,,,,,,,,
173715,4-Jun-18,16:36:05,2018-06-04 16:36:05,G,1,9,1200,,0,9,-62.4636,-60.4005,36:12.7,FastGPS,-62.4636,-60.4005,,,10.6,-1.3,,,,15,31,5138,,,,23,5073,,,,3,14480,,,,22,18864,,,,19,32734,,,,9,1016,,,,17,2247,,,,6,30314,,,,25,15966,,,,,,,,,,,,,,,,,,,,,,,,,,,,,,,,,
173715,4-Jun-18,17:07:13,2018-06-04 17:07:13,G,1,9,1201,,0,9,-62.459,-60.3853,07:20.7,FastGPS,-62.459,-60.3853,,,12.8,-1.3,,,,15,17,27762,,,,19,16712,,,,9,32147,,,,2,15564,,,,6,31939,,,,25,9269,,,,23,31488,,,,31,11192,,,,22,31424,,,,,,,,,,,,,,,,,,,,,,,,,,,,,,,,,
173715,4-Jun-18,18:18:44,2018-06-04 18:18:44,G,1,9,1202,827,0,7,-62.4595,-60.3927,18:51.7,FastGPS,-62.4595,-60.3927,,1,9.8,-1.3,,,,15,2,9400,,,,6,31852,,,,9,5840,,,,7,5847,,,,23,30336,,,,4,28473,,,,29,15373,,,,,,,,,,,,,,,,,,,,,,,,,,,,,,,,,,,,,,,,,,,
173715,4-Jun-18,20:13:37,2018-06-04 20:13:37,G,1,9,1204,830,0,5,-62.4453,-60.3566,13:44.7,FastGPS,-62.4453,-60.3566,,,10.9,-1.3,,,,15,5,21574,,,,16,4590,,,,7,26838,,,,2,16416,,,,27,28585,,,,,,,,,,,,,,,,,,,,,,,,,,,,,,,,,,,,,,,,,,,,,,,,,,,,,
173715,4-Jun-18,21:13:00,2018-06-04 21:13:00,G,1,9,1206,830,1,4,-62.462,-60.347,6/5/2018 4:34,A,-62.459,-60.3402,,,0.3,-1.3,,,,15,28,27637,,,,5,12691,,,,13,4805,,,,30,6140,,,,,,,,,,,,,,,,,,,,,,,,,,,,,,,,,,,,,,,,,,,,,,,,,,,,,,,,,,
173715,5-Jun-18,0:13:00,2018-06-05 00:13:00,G,2,9,1207,840,1,4,-62.462,-60.347,6/5/2018 4:34,A,-62.4727,-60.3201,,,7.8,-1.7,,,,15,17,1827,,,,13,18316,,,,24,19780,,,,15,30520,,,,,,,,,,,,,,,,,,,,,,,,,,,,,,,,,,,,,,,,,,,,,,,,,,,,,,,,,,
173715,5-Jun-18,0:43:00,2018-06-05 00:43:00,G,3,9,1208,840,1,4,-62.462,-60.347,6/5/2018 4:34,A,-62.4598,-60.339,,,0.4,-1.3,,,,15,15,5940,,,,17,16986,,,,13,16884,,,,19,5068,,,,,,,,,,,,,,,,,,,,,,,,,,,,,,,,,,,,,,,,,,,,,,,,,,,,,,,,,,
173715,5-Jun-18,5:47:31,2018-06-05 05:47:31,G,2,9,1210,840,0,6,-62.4589,-60.339,47:38.7,FastGPS,-62.4589,-60.339,,,7.8,-1.3,,,,15,2,8052,,,,12,21325,,,,6,24929,,,,29,2062,,,,25,9536,,,,31,24212,,,,,,,,,,,,,,,,,,,,,,,,,,,,,,,,,,,,,,,,,,,,,,,,
173715,5-Jun-18,6:17:39,2018-06-05 06:17:39,G,1,9,1211,840,0,6,-62.4456,-60.354,17:46.7,FastGPS,-62.4456,-60.354,,,2.2,-1.3,,,,15,5,27093,,,,25,30679,,,,12,6048,,,,2,1460,,,,31,18791,,,,29,32527,,,,,,,,,,,,,,,,,,,,,,,,,,,,,,,,,,,,,,,,,,,,,,,,
173715,5-Jun-18,6:48:50,2018-06-05 06:48:50,G,4,9,1212,840,0,6,-62.4478,-60.3744,48:58.2,FastGPS,-62.4478,-60.3744,,1,2.1,-0.8,,,,15,29,31403,,,,31,2552,,,,4,582,,,,25,19262,,,,9,11826,,,,26,26344,,,,,,,,,,,,,,,,,,,,,,,,,,,,,,,,,,,,,,,,,,,,,,,,
173715,5-Jun-18,7:19:00,2018-06-05 07:19:00,G,3,9,1213,840,0,8,-62.4606,-60.3683,19:09.2,FastGPS,-62.4606,-60.3683,,1,8,0.2,,,,15,26,29311,,,,4,8389,,,,16,15219,,,,29,28820,,,,5,9673,,,,2,7198,,,,21,9819,,,,9,27314,,,,,,,,,,,,,,,,,,,,,,,,,,,,,,,,,,,,,,
173715,5-Jun-18,7:50:55,2018-06-05 07:50:55,G,1,9,1214,840,0,4,-62.462,-60.347,6/5/2018 4:34,A,,,,,,,,,,15,29,21835,,,,21,11752,,,,4,7578,,,,31,9468,,,,,,,,,,,,,,,,,,,,,,,,,,,,,,,,,,,,,,,,,,,,,,,,,,,,,,,,,,
173715,5-Jun-18,8:23:36,2018-06-05 08:23:36,G,2,9,1215,840,0,4,-62.462,-60.347,6/5/2018 4:34,A,,,,,,,,,,15,26,32038,,,,21,4689,,,,4,16085,,,,16,4442,,,,,,,,,,,,,,,,,,,,,,,,,,,,,,,,,,,,,,,,,,,,,,,,,,,,,,,,,,
173715,5-Jun-18,10:16:35,2018-06-05 10:16:35,G,2,9,1216,845,0,8,-62.4843,-60.3699,16:43.7,FastGPS,-62.4843,-60.3699,,,3.9,-0.3,,,,15,27,21553,,,,10,7106,,,,8,10718,,,,20,16683,,,,16,8275,,,,13,19785,,,,15,11224,,,,21,23064,,,,,,,,,,,,,,,,,,,,,,,,,,,,,,,,,,,,,,
173715,5-Jun-18,10:48:36,2018-06-05 10:48:36,G,4,9,1217,845,0,7,-62.4846,-60.3694,48:43.7,FastGPS,-62.4846,-60.3694,,,13.8,-1.3,,,,15,27,28188,,,,8,10721,,,,10,20410,,,,15,29141,,,,7,5853,,,,20,14485,,,,30,1942,,,,,,,,,,,,,,,,,,,,,,,,,,,,,,,,,,,,,,,,,,,
173715,5-Jun-18,12:09:06,2018-06-05 12:09:06,G,2,9,1218,848,0,7,-62.4847,-60.3696,09:13.8,FastGPS,-62.4847,-60.3696,,,10.5,-1.2,,,,15,8,19376,,,,27,8296,,,,28,24183,,,,18,25704,,,,11,28090,,,,32,27673,,,,10,26582,,,,,,,,,,,,,,,,,,,,,,,,,,,,,,,,,,,,,,,,,,,
173715,5-Jun-18,12:39:25,2018-06-05 12:39:25,G,1,9,1219,848,0,7,-62.4849,-60.3685,39:32.7,FastGPS,-62.4849,-60.3685,,,12,-1.3,,,,15,32,6726,,,,27,26335,,,,14,14611,,,,8,15738,,,,10,7195,,,,22,20208,,,,11,25029,,,,,,,,,,,,,,,,,,,,,,,,,,,,,,,,,,,,,,,,,,,
173715,5-Jun-18,15:02:21,2018-06-05 15:02:21,G,1,9,1220,,0,9,-62.4849,-60.3691,02:29.2,FastGPS,-62.4849,-60.3691,,,13.1,-0.8,,,,15,17,1788,,,,3,6644,,,,12,3429,,,,19,10682,,,,22,23548,,,,31,29930,,,,1,28038,,,,25,1618,,,,14,17646,,,,,,,,,,,,,,,,,,,,,,,,,,,,,,,,,
173715,5-Jun-18,17:00:09,2018-06-05 17:00:09,G,1,9,1222,,0,9,-62.4847,-60.3697,00:17.2,FastGPS,-62.4847,-60.3697,,,13.3,-0.8,,,,15,19,1128,,,,6,2783,,,,9,28634,,,,23,2683,,,,31,26838,,,,4,887,,,,26,10717,,,,3,6800,,,,2,10878,,,,,,,,,,,,,,,,,,,,,,,,,,,,,,,,,
173715,5-Jun-18,20:38:46,2018-06-05 20:38:46,G,1,9,1226,863,0,7,-62.5345,-60.3255,38:54.2,FastGPS,-62.5345,-60.3255,,,9.7,-0.8,,,,15,30,28834,,,,5,23307,,,,7,25498,,,,16,7669,,,,9,14982,,,,27,3814,,,,21,29071,,,,,,,,,,,,,,,,,,,,,,,,,,,,,,,,,,,,,,,,,,,
173715,5-Jun-18,21:48:00,2018-06-05 21:48:00,G,1,9,1227,,0,9,-62.533,-60.3557,48:08.2,FastGPS,-62.533,-60.3557,,,15.5,-0.8,,,,15,13,20658,,,,21,7940,,,,8,15254,,,,27,14067,,,,5,20595,,,,9,4357,,,,7,18901,,,,30,27707,,,,15,25580,,,,,,,,,,,,,,,,,,,,,,,,,,,,,,,,,
173715,6-Jun-18,0:06:18,2018-06-06 00:06:18,G,2,9,1228,868,0,5,-62.5269,-60.4123,06:26.7,FastGPS,-62.5269,-60.4123,,,0.8,-0.3,,,,15,17,3993,,,,30,12564,,,,28,1778,,,,19,7120,,,,10,10883,,,,,,,,,,,,,,,,,,,,,,,,,,,,,,,,,,,,,,,,,,,,,,,,,,,,,
173715,6-Jun-18,0:36:02,2018-06-06 00:36:02,G,1,9,1229,868,0,6,-62.5267,-60.4127,36:10.2,FastGPS,-62.5267,-60.4127,,,7.9,-0.8,,,,15,17,32283,,,,19,17491,,,,13,19254,,,,15,2369,,,,28,24590,,,,12,18882,,,,,,,,,,,,,,,,,,,,,,,,,,,,,,,,,,,,,,,,,,,,,,,,
173715,6-Jun-18,2:42:11,2018-06-06 02:42:11,G,1,9,1230,873,0,4,-62.597,-60.971,6/7/2018 1:27,B,-62.5278,-60.4102,,,0.1,0.2,,,,15,19,25446,,,,17,4004,,,,12,15899,,,,24,14734,,,,,,,,,,,,,,,,,,,,,,,,,,,,,,,,,,,,,,,,,,,,,,,,,,,,,,,,,,
173715,6-Jun-18,5:21:12,2018-06-06 05:21:12,G,2,9,1232,876,0,6,-62.5384,-60.4698,21:21.2,FastGPS,-62.5384,-60.4698,,1,3,0.2,,,,15,12,3366,,,,2,8760,,,,29,8478,,,,31,6892,,,,4,32051,,,,25,26914,,,,,,,,,,,,,,,,,,,,,,,,,,,,,,,,,,,,,,,,,,,,,,,,
173715,6-Jun-18,6:23:03,2018-06-06 06:23:03,G,2,9,1233,878,0,5,-62.5375,-60.4721,23:12.3,FastGPS,-62.5375,-60.4721,,,6.8,0.3,,,,15,5,5630,,,,25,21993,,,,29,25638,,,,12,12344,,,,31,21053,,,,,,,,,,,,,,,,,,,,,,,,,,,,,,,,,,,,,,,,,,,,,,,,,,,,,
173715,6-Jun-18,6:54:07,2018-06-06 06:54:07,G,1,9,1234,878,0,6,-62.5388,-60.4718,54:16.2,FastGPS,-62.5388,-60.4718,,,8.3,0.2,,,,15,5,16056,,,,29,7304,,,,21,23800,,,,25,28968,,,,2,31076,,,,31,19436,,,,,,,,,,,,,,,,,,,,,,,,,,,,,,,,,,,,,,,,,,,,,,,,
173715,6-Jun-18,9:38:43,2018-06-06 09:38:43,G,1,9,1235,,0,9,-62.5598,-60.5662,38:52.2,FastGPS,-62.5598,-60.5662,,1,10.1,0.2,,,,15,20,1305,,,,10,16847,,,,21,29045,,,,16,27120,,,,7,8365,,,,4,28180,,,,26,24683,,,,15,9640,,,,27,442,,,,,,,,,,,,,,,,,,,,,,,,,,,,,,,,,
173715,6-Jun-18,12:06:57,2018-06-06 12:06:57,G,2,9,1236,879,0,6,-62.5216,-60.6861,07:05.7,FastGPS,-62.5216,-60.6861,,,13,-0.3,,,,15,32,20280,,,,10,9172,,,,8,4781,,,,27,20107,,,,20,14747,,,,24,26299,,,,,,,,,,,,,,,,,,,,,,,,,,,,,,,,,,,,,,,,,,,,,,,,
173715,6-Jun-18,12:39:33,2018-06-06 12:39:33,G,1,9,1237,879,0,8,-62.5002,-60.6996,39:41.7,FastGPS,-62.5002,-60.6996,,,8.4,-0.3,,,,15,10,5544,,,,32,27601,,,,27,18323,,,,20,16161,,,,14,12361,,,,24,13869,,,,22,19332,,,,28,29335,,,,,,,,,,,,,,,,,,,,,,,,,,,,,,,,,,,,,,
173715,6-Jun-18,16:06:50,2018-06-06 16:06:50,G,1,9,1243,,0,9,-62.4659,-60.8115,06:58.8,FastGPS,-62.4659,-60.8115,,,6.6,-0.2,,,,15,6,5832,,,,19,10554,,,,31,25904,,,,14,8957,,,,12,27167,,,,17,28030,,,,3,5784,,,,23,16867,,,,25,24371,,,,,,,,,,,,,,,,,,,,,,,,,,,,,,,,,
173715,6-Jun-18,18:26:57,2018-06-06 18:26:57,G,1,9,1246,,0,9,-62.472,-60.8211,27:05.7,FastGPS,-62.472,-60.8211,,1,6.2,-0.3,,,,15,9,22227,,,,29,28875,,,,4,8475,,,,7,15363,,,,23,17664,,,,2,11128,,,,26,24199,,,,3,16438,,,,6,16810,,,,,,,,,,,,,,,,,,,,,,,,,,,,,,,,,
173715,6-Jun-18,19:14:25,2018-06-06 19:14:25,G,1,9,1247,881,0,7,-62.4577,-60.8222,14:34.2,FastGPS,-62.4577,-60.8222,,,5.9,0.2,,,,15,29,31320,,,,26,5773,,,,4,23662,,,,16,19840,,,,5,18258,,,,7,3065,,,,9,12049,,,,,,,,,,,,,,,,,,,,,,,,,,,,,,,,,,,,,,,,,,,
173715,6-Jun-18,19:51:03,2018-06-06 19:51:03,G,1,9,1248,881,0,8,-62.4661,-60.8448,51:10.8,FastGPS,-62.4661,-60.8448,,,5.1,-1.2,,,,15,5,5034,,,,9,10390,,,,16,16999,,,,7,24691,,,,30,17557,,,,23,6262,,,,2,31667,,,,27,25831,,,,,,,,,,,,,,,,,,,,,,,,,,,,,,,,,,,,,,
173715,6-Jun-18,20:45:26,2018-06-06 20:45:26,G,1,9,1249,882,0,4,-62.625,-61.278,6/7/2018 11:05,R,-62.4727,-60.8369,,,0.4,-1.2,,,,15,5,27650,,,,13,2502,,,,30,17408,,,,27,20023,,,,,,,,,,,,,,,,,,,,,,,,,,,,,,,,,,,,,,,,,,,,,,,,,,,,,,,,,,
173715,6-Jun-18,21:16:02,2018-06-06 21:16:02,G,2,9,1250,882,0,6,-62.4733,-60.84,16:10.2,FastGPS,-62.4733,-60.84,,,6.7,-0.8,,,,15,5,10963,,,,28,28094,,,,30,24456,,,,7,28607,,,,13,25412,,,,9,1105,,,,,,,,,,,,,,,,,,,,,,,,,,,,,,,,,,,,,,,,,,,,,,,,
173715,6-Jun-18,22:03:14,2018-06-06 22:03:14,G,2,9,1251,882,0,6,-62.483,-60.8713,03:22.2,FastGPS,-62.483,-60.8713,,,8.3,-0.8,,,,15,5,22087,,,,28,7319,,,,13,764,,,,15,1627,,,,30,811,,,,7,5267,,,,,,,,,,,,,,,,,,,,,,,,,,,,,,,,,,,,,,,,,,,,,,,,
173715,6-Jun-18,22:50:02,2018-06-06 22:50:02,G,1,9,1252,883,0,6,-62.5073,-60.883,50:10.8,FastGPS,-62.5073,-60.883,,,9.6,-0.2,,,,15,7,9478,,,,30,3535,,,,28,12828,,,,8,13460,,,,5,5744,,,,13,9990,,,,,,,,,,,,,,,,,,,,,,,,,,,,,,,,,,,,,,,,,,,,,,,,
173715,7-Jun-18,2:49:29,2018-06-07 02:49:29,G,1,9,1258,885,0,4,-62.751,-61.497,6/8/2018 2:21,N,-62.6096,-61.0513,,,0.3,-1.2,,,,15,12,6600,,,,24,25092,,,,25,17646,,,,32,30824,,,,,,,,,,,,,,,,,,,,,,,,,,,,,,,,,,,,,,,,,,,,,,,,,,,,,,,,,,
173715,7-Jun-18,3:22:11,2018-06-07 03:22:11,G,1,9,1259,885,0,7,-62.603,-61.0833,22:20.2,FastGPS,-62.603,-61.0833,,,7.7,0.2,,,,15,17,23372,,,,6,7125,,,,19,6044,,,,2,17373,,,,24,3459,,,,25,17002,,,,12,16876,,,,,,,,,,,,,,,,,,,,,,,,,,,,,,,,,,,,,,,,,,,
173715,7-Jun-18,4:11:47,2018-06-07 04:11:47,G,1,9,1260,885,0,6,-62.5883,-61.1181,11:55.8,FastGPS,-62.5883,-61.1181,,,8.2,-0.2,,,,15,12,21099,,,,29,9015,,,,2,348,,,,6,6650,,,,19,23854,,,,24,22152,,,,,,,,,,,,,,,,,,,,,,,,,,,,,,,,,,,,,,,,,,,,,,,,
173715,7-Jun-18,4:42:00,2018-06-07 04:42:00,G,5,9,1261,,0,9,-62.5793,-61.1414,42:07.8,FastGPS,-62.5793,-61.1414,,1,11.1,-1.2,,,,15,29,1736,,,,12,22913,,,,32,5605,,,,2,20161,,,,25,31430,,,,14,4498,,,,6,9832,,,,4,25176,,,,31,14366,,,,,,,,,,,,,,,,,,,,,,,,,,,,,,,,,
173715,7-Jun-18,5:48:08,2018-06-07 05:48:08,G,3,9,1262,887,0,7,-62.5846,-61.2005,48:15.7,FastGPS,-62.5846,-61.2005,,1,7.1,-1.3,,,,15,31,3246,,,,12,22380,,,,4,10218,,,,25,3759,,,,29,29981,,,,26,30456,,,,5,11422,,,,,,,,,,,,,,,,,,,,,,,,,,,,,,,,,,,,,,,,,,,
173715,7-Jun-18,6:18:05,2018-06-07 06:18:05,G,2,9,1263,887,0,7,-62.5886,-61.2196,18:13.2,FastGPS,-62.5886,-61.2196,,1,1.9,-0.8,,,,15,31,1632,,,,29,1151,,,,4,15695,,,,26,23830,,,,25,31619,,,,23,3456,,,,21,7823,,,,,,,,,,,,,,,,,,,,,,,,,,,,,,,,,,,,,,,,,,,
173715,7-Jun-18,7:33:32,2018-06-07 07:33:32,G,2,9,1264,887,0,6,-62.6259,-61.1951,33:40.8,FastGPS,-62.6259,-61.1951,,1,7.4,-0.2,,,,15,21,4341,,,,4,8595,,,,26,20012,,,,31,15780,,,,16,31277,,,,5,21392,,,,,,,,,,,,,,,,,,,,,,,,,,,,,,,,,,,,,,,,,,,,,,,,
173715,7-Jun-18,8:24:36,2018-06-07 08:24:36,G,1,9,1265,888,0,7,-62.6334,-61.1872,24:45.2,FastGPS,-62.6334,-61.1872,,1,3.7,0.2,,,,15,29,26576,,,,4,19187,,,,20,29018,,,,26,10976,,,,21,16164,,,,27,27045,,,,5,32164,,,,,,,,,,,,,,,,,,,,,,,,,,,,,,,,,,,,,,,,,,,
173715,7-Jun-18,9:37:13,2018-06-07 09:37:13,G,1,9,1266,889,0,5,-62.6175,-61.2304,37:21.2,FastGPS,-62.6175,-61.2304,,,2.2,-0.8,,,,15,20,18620,,,,27,25256,,,,21,5316,,,,16,5695,,,,7,23479,,,,,,,,,,,,,,,,,,,,,,,,,,,,,,,,,,,,,,,,,,,,,,,,,,,,,
173715,7-Jun-18,10:40:54,2018-06-07 10:40:54,G,1,9,1268,889,0,6,-62.6186,-61.236,41:02.2,FastGPS,-62.6186,-61.236,,,10.5,-0.8,,,,15,10,28964,,,,20,23863,,,,16,1100,,,,21,18376,,,,27,4963,,,,18,26123,,,,,,,,,,,,,,,,,,,,,,,,,,,,,,,,,,,,,,,,,,,,,,,,
173715,7-Jun-18,11:11:03,2018-06-07 11:11:03,G,1,9,1269,889,0,5,-62.6145,-61.2652,11:10.7,FastGPS,-62.6145,-61.2652,,,8.5,-1.3,,,,15,10,197,,,,32,24268,,,,8,21343,,,,18,7960,,,,11,7738,,,,,,,,,,,,,,,,,,,,,,,,,,,,,,,,,,,,,,,,,,,,,,,,,,,,,
173715,7-Jun-18,11:56:01,2018-06-07 11:56:01,G,2,9,1270,890,0,6,-62.6195,-61.3094,56:08.7,FastGPS,-62.6195,-61.3094,,,6.1,-1.3,,,,15,27,28834,,,,1,5141,,,,10,2006,,,,32,8780,,,,8,28510,,,,18,18283,,,,,,,,,,,,,,,,,,,,,,,,,,,,,,,,,,,,,,,,,,,,,,,,
173715,7-Jun-18,12:28:24,2018-06-07 12:28:24,G,2,9,1271,890,0,8,-62.6319,-61.3015,28:32.3,FastGPS,-62.6319,-61.3015,,,7.9,-0.8,,,,15,28,14473,,,,11,12455,,,,18,6568,,,,1,7687,,,,20,27641,,,,24,17444,,,,10,1538,,,,8,13228,,,,,,,,,,,,,,,,,,,,,,,,,,,,,,,,,,,,,,
173715,7-Jun-18,16:24:25,2018-06-07 16:24:25,G,1,9,1277,893,0,7,-62.7165,-61.4014,24:33.3,FastGPS,-62.7165,-61.4014,,,8.8,-0.7,,,,15,23,29222,,,,3,2504,,,,6,27737,,,,22,3681,,,,12,24246,,,,25,6571,,,,1,20600,,,,,,,,,,,,,,,,,,,,,,,,,,,,,,,,,,,,,,,,,,,
173715,7-Jun-18,16:56:00,2018-06-07 16:56:00,G,1,9,1278,893,0,7,-62.7201,-61.4262,56:07.7,FastGPS,-62.7201,-61.4262,,,13.3,-1.3,,,,15,3,18753,,,,9,6404,,,,23,31674,,,,2,24033,,,,19,18664,,,,22,22306,,,,25,8651,,,,,,,,,,,,,,,,,,,,,,,,,,,,,,,,,,,,,,,,,,,
173715,7-Jun-18,18:15:10,2018-06-07 18:15:10,G,1,9,1280,,0,9,-62.7197,-61.4453,15:17.8,FastGPS,-62.7197,-61.4453,,1,8.1,-1.2,,,,15,9,14266,,,,4,16165,,,,26,24602,,,,7,9946,,,,3,16002,,,,23,3067,,,,29,24253,,,,6,7858,,,,16,13177,,,,,,,,,,,,,,,,,,,,,,,,,,,,,,,,,
173715,7-Jun-18,18:49:07,2018-06-07 18:49:07,G,1,9,1281,894,0,7,-62.7213,-61.4393,49:14.8,FastGPS,-62.7213,-61.4393,,,4.5,-1.2,,,,15,7,30357,,,,9,31636,,,,4,26724,,,,29,1260,,,,5,10027,,,,26,27992,,,,2,23156,,,,,,,,,,,,,,,,,,,,,,,,,,,,,,,,,,,,,,,,,,,
173715,7-Jun-18,19:23:37,2018-06-07 19:23:37,G,1,9,1282,894,0,5,-62.7192,-61.4571,23:45.2,FastGPS,-62.7192,-61.4571,,,3.7,-0.8,,,,15,7,8867,,,,16,14816,,,,9,25902,,,,26,4,,,,30,23670,,,,,,,,,,,,,,,,,,,,,,,,,,,,,,,,,,,,,,,,,,,,,,,,,,,,,
173715,7-Jun-18,20:12:54,2018-06-07 20:12:54,G,3,9,1283,895,0,5,-62.7182,-61.4583,13:02.2,FastGPS,-62.7182,-61.4583,,,1.9,-0.8,,,,15,30,17110,,,,7,27195,,,,9,8601,,,,5,9016,,,,2,28720,,,,,,,,,,,,,,,,,,,,,,,,,,,,,,,,,,,,,,,,,,,,,,,,,,,,,
173715,7-Jun-18,20:43:01,2018-06-07 20:43:01,G,1,9,1284,895,0,6,-62.7109,-61.4659,43:09.2,FastGPS,-62.7109,-61.4659,,,7.9,-0.8,,,,15,21,27193,,,,5,28836,,,,7,9739,,,,16,21188,,,,27,20135,,,,30,18754,,,,,,,,,,,,,,,,,,,,,,,,,,,,,,,,,,,,,,,,,,,,,,,,
173715,7-Jun-18,22:13:08,2018-06-07 22:13:08,G,3,9,1287,,0,9,-62.7479,-61.4959,13:15.8,FastGPS,-62.7479,-61.4959,,,4.8,-1.2,,,,15,7,22863,,,,27,19810,,,,20,10227,,,,15,5803,,,,21,23508,,,,13,10227,,,,30,19998,,,,8,10225,,,,5,15710,,,,,,,,,,,,,,,,,,,,,,,,,,,,,,,,,
173715,7-Jun-18,22:58:00,2018-06-07 22:58:00,G,2,9,1288,896,1,5,-62.7481,-61.4911,58:07.8,FastGPS,-62.7481,-61.4911,,,3,-1.2,,,,15,7,25014,,,,11,26342,,,,30,5564,,,,28,3100,,,,5,26270,,,,,,,,,,,,,,,,,,,,,,,,,,,,,,,,,,,,,,,,,,,,,,,,,,,,,
173715,7-Jun-18,23:28:00,2018-06-07 23:28:00,G,3,9,1289,896,1,5,-62.75,-61.4935,28:07.8,FastGPS,-62.75,-61.4935,,,15.8,-1.2,,,,15,17,1043,,,,30,13907,,,,11,3686,,,,13,16985,,,,28,25244,,,,,,,,,,,,,,,,,,,,,,,,,,,,,,,,,,,,,,,,,,,,,,,,,,,,,
173715,7-Jun-18,23:58:00,2018-06-07 23:58:00,G,1,9,1290,896,1,6,-62.7495,-61.4906,58:07.7,FastGPS,-62.7495,-61.4906,,,9.8,-1.3,,,,15,17,26844,,,,11,9322,,,,19,29476,,,,13,464,,,,28,26742,,,,1,4363,,,,,,,,,,,,,,,,,,,,,,,,,,,,,,,,,,,,,,,,,,,,,,,,
173715,8-Jun-18,13:01:16,2018-06-08 13:01:16,G,2,9,1293,901,0,6,-62.7657,-61.5547,01:24.2,FastGPS,-62.7657,-61.5547,,,3.7,-0.8,,,,15,1,7323,,,,32,20105,,,,14,13454,,,,11,11351,,,,24,26360,,,,10,12506,,,,,,,,,,,,,,,,,,,,,,,,,,,,,,,,,,,,,,,,,,,,,,,,
173715,8-Jun-18,13:33:03,2018-06-08 13:33:03,G,3,9,1294,,0,9,-62.7727,-61.5861,33:11.8,FastGPS,-62.7727,-61.5861,,,12.8,-0.2,,,,15,17,24610,,,,22,24512,,,,1,24967,,,,10,18274,,,,32,27155,,,,11,28253,,,,28,2532,,,,3,19510,,,,24,18782,,,,,,,,,,,,,,,,,,,,,,,,,,,,,,,,,
173715,8-Jun-18,18:34:20,2018-06-08 18:34:20,G,1,9,1301,906,0,8,-62.7654,-61.568,34:27.8,FastGPS,-62.7654,-61.568,,,9.4,-1.2,,,,15,7,24379,,,,23,7143,,,,6,4520,,,,9,4477,,,,5,3501,,,,2,11675,,,,16,3370,,,,29,11112,,,,,,,,,,,,,,,,,,,,,,,,,,,,,,,,,,,,,,
173715,8-Jun-18,22:07:03,2018-06-08 22:07:03,G,1,9,1306,908,0,8,-62.7253,-61.4032,07:10.8,FastGPS,-62.7253,-61.4032,,,7.5,-1.2,,,,15,7,13068,,,,13,20680,,,,8,24628,,,,30,5704,,,,15,11738,,,,20,14191,,,,21,9739,,,,27,6506,,,,,,,,,,,,,,,,,,,,,,,,,,,,,,,,,,,,,,
173715,9-Jun-18,0:07:01,2018-06-09 00:07:01,G,1,9,1310,,0,9,-62.6894,-61.3041,07:09.3,FastGPS,-62.6894,-61.3041,,,7.3,-0.7,,,,15,17,1336,,,,11,25048,,,,18,5276,,,,19,7801,,,,28,9991,,,,15,21852,,,,1,26758,,,,13,11016,,,,30,27917,,,,,,,,,,,,,,,,,,,,,,,,,,,,,,,,,
173715,9-Jun-18,0:37:02,2018-06-09 00:37:02,G,2,9,1311,908,0,8,-62.6785,-61.2767,37:11.3,FastGPS,-62.6785,-61.2767,,,7,0.3,,,,15,28,32359,,,,19,28254,,,,11,23339,,,,17,31047,,,,1,18558,,,,13,26207,,,,18,1613,,,,15,9178,,,,,,,,,,,,,,,,,,,,,,,,,,,,,,,,,,,,,,
173715,9-Jun-18,1:25:39,2018-06-09 01:25:39,G,1,9,1312,908,0,8,-62.6629,-61.2167,25:47.8,FastGPS,-62.6629,-61.2167,,,14.8,-0.2,,,,15,1,7283,,,,18,29937,,,,17,5970,,,,32,17999,,,,24,11896,,,,11,13402,,,,15,4507,,,,28,17555,,,,,,,,,,,,,,,,,,,,,,,,,,,,,,,,,,,,,,
173715,9-Jun-18,1:55:16,2018-06-09 01:55:16,G,1,9,1313,908,0,6,-62.647,-61.1823,55:24.3,FastGPS,-62.647,-61.1823,,,4.7,-0.7,,,,15,17,3180,,,,6,30644,,,,1,16179,,,,19,11168,,,,22,2492,,,,12,1418,,,,,,,,,,,,,,,,,,,,,,,,,,,,,,,,,,,,,,,,,,,,,,,,
173715,9-Jun-18,2:55:07,2018-06-09 02:55:07,G,1,9,1315,908,0,7,-62.6091,-61.1622,55:15.8,FastGPS,-62.6091,-61.1622,,,8,-0.2,,,,15,6,13534,,,,17,17502,,,,19,30050,,,,32,13531,,,,12,10224,,,,24,6177,,,,25,23210,,,,,,,,,,,,,,,,,,,,,,,,,,,,,,,,,,,,,,,,,,,
173715,9-Jun-18,3:26:31,2018-06-09 03:26:31,G,1,9,1316,908,0,6,-62.5964,-61.1931,26:38.8,FastGPS,-62.5964,-61.1931,,,10,-1.2,,,,15,6,16327,,,,12,16271,,,,29,32072,,,,19,29726,,,,24,19048,,,,32,28218,,,,,,,,,,,,,,,,,,,,,,,,,,,,,,,,,,,,,,,,,,,,,,,,
173715,9-Jun-18,4:53:38,2018-06-09 04:53:38,G,1,9,1318,909,0,6,-62.5788,-61.1489,53:45.8,FastGPS,-62.5788,-61.1489,,,12.8,-1.2,,,,15,12,4728,,,,31,3658,,,,23,30633,,,,4,20765,,,,29,13946,,,,6,21262,,,,,,,,,,,,,,,,,,,,,,,,,,,,,,,,,,,,,,,,,,,,,,,,
173715,9-Jun-18,8:12:12,2018-06-09 08:12:12,G,1,9,1320,909,0,7,-62.5878,-60.9676,12:20.3,FastGPS,-62.5878,-60.9676,,1,11.2,-0.7,,,,15,20,11669,,,,29,18794,,,,4,4912,,,,27,14884,,,,26,25750,,,,21,15568,,,,16,15408,,,,,,,,,,,,,,,,,,,,,,,,,,,,,,,,,,,,,,,,,,,
173715,9-Jun-18,9:52:57,2018-06-09 09:52:57,G,1,9,1321,910,0,5,-62.563,-60.9085,53:06.3,FastGPS,-62.563,-60.9085,,,6.6,0.3,,,,15,15,15508,,,,10,25932,,,,13,6440,,,,21,24914,,,,27,24562,,,,,,,,,,,,,,,,,,,,,,,,,,,,,,,,,,,,,,,,,,,,,,,,,,,,,
173715,9-Jun-18,10:42:12,2018-06-09 10:42:12,G,1,9,1322,911,0,6,-62.5408,-60.8815,42:19.8,FastGPS,-62.5408,-60.8815,,,4.4,-1.2,,,,15,15,25845,,,,21,9757,,,,10,14916,,,,20,14714,,,,16,21956,,,,8,16655,,,,,,,,,,,,,,,,,,,,,,,,,,,,,,,,,,,,,,,,,,,,,,,,
173715,9-Jun-18,13:32:24,2018-06-09 13:32:24,G,1,9,1326,914,0,6,-62.4643,-60.838,32:31.8,FastGPS,-62.4643,-60.838,,,2.5,-1.2,,,,15,32,7201,,,,10,19800,,,,1,9665,,,,22,14224,,,,11,6890,,,,18,28036,,,,,,,,,,,,,,,,,,,,,,,,,,,,,,,,,,,,,,,,,,,,,,,,
173715,9-Jun-18,14:02:04,2018-06-09 14:02:04,G,3,9,1327,914,0,6,-62.4542,-60.8004,02:11.8,FastGPS,-62.4542,-60.8004,,,4.7,-1.2,,,,15,32,31769,,,,17,15576,,,,1,19869,,,,31,30244,,,,22,3470,,,,11,19084,,,,,,,,,,,,,,,,,,,,,,,,,,,,,,,,,,,,,,,,,,,,,,,,
173715,9-Jun-18,15:14:26,2018-06-09 15:14:26,G,2,9,1328,914,0,5,-62.4488,-60.7832,14:33.8,FastGPS,-62.4488,-60.7832,,,0.6,-1.2,,,,15,17,29509,,,,23,13992,,,,11,28519,,,,1,14898,,,,18,2549,,,,,,,,,,,,,,,,,,,,,,,,,,,,,,,,,,,,,,,,,,,,,,,,,,,,,
173715,9-Jun-18,22:10:22,2018-06-09 22:10:22,G,2,9,1330,,0,9,-62.431,-60.4839,10:29.8,FastGPS,-62.431,-60.4839,,,4.9,-1.2,,,,15,15,12179,,,,7,30414,,,,20,7137,,,,13,9329,,,,8,4514,,,,21,27979,,,,27,29258,,,,28,12260,,,,30,5193,,,,,,,,,,,,,,,,,,,,,,,,,,,,,,,,,
173715,10-Jun-18,3:43:00,2018-06-10 03:43:00,G,1,9,1335,,1,9,-62.4607,-60.3353,43:07.8,FastGPS,-62.4607,-60.3353,,,10,-1.2,,,,15,31,385,,,,12,2381,,,,32,567,,,,6,17065,,,,2,12832,,,,25,7676,,,,24,27415,,,,19,20492,,,,29,23822,,,,,,,,,,,,,,,,,,,,,,,,,,,,,,,,,
173715,10-Jun-18,10:08:55,2018-06-10 10:08:55,G,1,9,1338,924,0,8,-62.4509,-60.2423,09:02.9,FastGPS,-62.4509,-60.2423,,,10.9,-1.1,,,,15,15,10408,,,,27,28284,,,,8,20605,,,,10,9863,,,,21,4317,,,,13,26401,,,,16,17088,,,,20,12311,,,,,,,,,,,,,,,,,,,,,,,,,,,,,,,,,,,,,,
173715,10-Jun-18,13:12:24,2018-06-10 13:12:24,G,1,9,1343,926,0,6,-62.5041,-60.2749,12:31.9,FastGPS,-62.5041,-60.2749,,,5,-1.1,,,,15,32,17217,,,,1,6916,,,,11,5649,,,,22,22311,,,,14,82,,,,8,317,,,,,,,,,,,,,,,,,,,,,,,,,,,,,,,,,,,,,,,,,,,,,,,,
173715,10-Jun-18,15:03:09,2018-06-10 15:03:09,G,2,9,1345,928,0,7,-62.4946,-60.343,03:16.8,FastGPS,-62.4946,-60.343,,,13.6,-1.2,,,,15,12,17000,,,,32,1617,,,,14,30093,,,,22,17974,,,,19,13352,,,,31,19492,,,,3,14790,,,,,,,,,,,,,,,,,,,,,,,,,,,,,,,,,,,,,,,,,,,
173715,10-Jun-18,15:34:42,2018-06-10 15:34:42,G,2,9,1346,928,0,8,-62.4929,-60.3447,34:49.9,FastGPS,-62.4929,-60.3447,,,11.6,-1.1,,,,15,17,12936,,,,19,22263,,,,6,13493,,,,23,24899,,,,12,23842,,,,31,26386,,,,3,7876,,,,22,1632,,,,,,,,,,,,,,,,,,,,,,,,,,,,,,,,,,,,,,
173715,10-Jun-18,16:08:52,2018-06-10 16:08:52,G,3,9,1347,928,0,6,-62.4835,-60.359,08:59.8,FastGPS,-62.4835,-60.359,,,4.9,-1.2,,,,15,31,17274,,,,22,6114,,,,17,20761,,,,3,26925,,,,1,24741,,,,23,5161,,,,,,,,,,,,,,,,,,,,,,,,,,,,,,,,,,,,,,,,,,,,,,,,
173715,10-Jun-18,16:41:12,2018-06-10 16:41:12,G,1,9,1348,928,0,6,-62.4699,-60.3731,41:20.4,FastGPS,-62.4699,-60.3731,,,6,-0.6,,,,15,22,30507,,,,3,19419,,,,19,11972,,,,23,19180,,,,17,23284,,,,31,5248,,,,,,,,,,,,,,,,,,,,,,,,,,,,,,,,,,,,,,,,,,,,,,,,
173715,10-Jun-18,17:51:25,2018-06-10 17:51:25,G,2,9,1349,930,0,7,-62.4633,-60.3972,51:32.8,FastGPS,-62.4633,-60.3972,,,9.5,-1.2,,,,15,7,31205,,,,29,16779,,,,9,8077,,,,23,10742,,,,6,11267,,,,2,12174,,,,3,20537,,,,,,,,,,,,,,,,,,,,,,,,,,,,,,,,,,,,,,,,,,,
173715,10-Jun-18,18:22:22,2018-06-10 18:22:22,G,1,9,1350,930,0,4,-62.437,-60.19,6/11/2018 8:16,K,-62.4509,-60.4087,,,1.5,-1.3,,,,15,7,5918,,,,9,101,,,,23,21341,,,,2,5798,,,,,,,,,,,,,,,,,,,,,,,,,,,,,,,,,,,,,,,,,,,,,,,,,,,,,,,,,,
173715,10-Jun-18,18:58:06,2018-06-10 18:58:06,G,1,9,1351,930,0,6,-62.4539,-60.4247,58:14.3,FastGPS,-62.4539,-60.4247,,,2.2,-0.7,,,,15,23,5714,,,,4,18239,,,,9,5850,,,,29,24229,,,,26,565,,,,7,29379,,,,,,,,,,,,,,,,,,,,,,,,,,,,,,,,,,,,,,,,,,,,,,,,
173715,10-Jun-18,20:29:48,2018-06-10 20:29:48,G,1,9,1352,930,0,7,-62.46,-60.3649,29:56.3,FastGPS,-62.46,-60.3649,,,6.1,-0.7,,,,15,5,13118,,,,13,23216,,,,27,10594,,,,7,1468,,,,8,1205,,,,30,5130,,,,9,19424,,,,,,,,,,,,,,,,,,,,,,,,,,,,,,,,,,,,,,,,,,,
173715,10-Jun-18,21:30:11,2018-06-10 21:30:11,G,1,9,1354,930,0,7,-62.4676,-60.3346,30:19.3,FastGPS,-62.4676,-60.3346,,,7.7,-0.7,,,,15,27,7077,,,,7,6387,,,,30,22988,,,,8,16092,,,,9,19941,,,,28,8957,,,,5,10548,,,,,,,,,,,,,,,,,,,,,,,,,,,,,,,,,,,,,,,,,,,
173715,10-Jun-18,22:00:00,2018-06-10 22:00:00,G,2,9,1355,930,0,4,-62.437,-60.19,6/11/2018 8:16,K,-62.4604,-60.3353,,,0.6,-1.1,,,,15,15,8393,,,,5,30724,,,,13,18578,,,,27,2162,,,,,,,,,,,,,,,,,,,,,,,,,,,,,,,,,,,,,,,,,,,,,,,,,,,,,,,,,,
173715,10-Jun-18,22:45:00,2018-06-10 22:45:00,G,1,9,1356,931,1,4,-62.437,-60.19,6/11/2018 8:16,K,-62.4604,-60.3338,,,0.6,-1.1,,,,15,15,1515,,,,5,12261,,,,13,4391,,,,20,26241,,,,,,,,,,,,,,,,,,,,,,,,,,,,,,,,,,,,,,,,,,,,,,,,,,,,,,,,,,
173715,11-Jun-18,4:17:00,2018-06-11 04:17:00,G,1,9,1360,931,0,4,-62.437,-60.19,6/11/2018 8:16,K,-62.4761,-60.2838,,,0.5,0.5,,,,15,29,13169,,,,31,32687,,,,2,27984,,,,3,4275,,,,,,,,,,,,,,,,,,,,,,,,,,,,,,,,,,,,,,,,,,,,,,,,,,,,,,,,,,
173715,11-Jun-18,5:50:11,2018-06-11 05:50:11,G,1,9,1362,933,0,6,-62.4704,-60.2172,50:19.9,FastGPS,-62.4704,-60.2172,,1,1.4,-0.1,,,,15,31,27113,,,,26,16907,,,,2,18736,,,,23,23028,,,,29,1203,,,,4,17519,,,,,,,,,,,,,,,,,,,,,,,,,,,,,,,,,,,,,,,,,,,,,,,,
173715,11-Jun-18,7:08:01,2018-06-11 07:08:01,G,1,9,1364,934,0,6,-62.4471,-60.1983,08:08.8,FastGPS,-62.4471,-60.1983,,,15.8,-1.2,,,,15,5,5420,,,,29,2432,,,,9,5007,,,,26,14526,,,,16,204,,,,4,13080,,,,,,,,,,,,,,,,,,,,,,,,,,,,,,,,,,,,,,,,,,,,,,,,
173715,11-Jun-18,7:55:04,2018-06-11 07:55:04,G,1,9,1365,935,0,5,-62.437,-60.19,6/11/2018 8:16,K,-62.4407,-60.1883,,1,0.6,-0.1,,,,15,5,2869,,,,16,16990,,,,26,24793,,,,4,12450,,,,29,10212,,,,,,,,,,,,,,,,,,,,,,,,,,,,,,,,,,,,,,,,,,,,,,,,,,,,,
173715,11-Jun-18,8:41:03,2018-06-11 08:41:03,G,1,9,1366,936,0,8,-62.4364,-60.1839,41:10.9,FastGPS,-62.4364,-60.1839,,,6,-1.1,,,,15,27,30333,,,,7,3974,,,,16,1237,,,,29,32243,,,,15,29477,,,,26,28910,,,,13,20234,,,,20,18062,,,,,,,,,,,,,,,,,,,,,,,,,,,,,,,,,,,,,,
173715,11-Jun-18,13:48:08,2018-06-11 13:48:08,G,1,9,1370,947,0,6,-62.4341,-60.2427,48:16.4,FastGPS,-62.4341,-60.2427,,,5.3,-0.6,,,,15,32,23480,,,,22,31014,,,,3,23867,,,,11,3267,,,,1,24724,,,,31,18253,,,,,,,,,,,,,,,,,,,,,,,,,,,,,,,,,,,,,,,,,,,,,,,,
173715,11-Jun-18,15:36:12,2018-06-11 15:36:12,G,1,9,1372,947,0,7,-62.4386,-60.3437,36:20.4,FastGPS,-62.4386,-60.3437,,,3.3,-0.6,,,,15,17,15158,,,,18,31144,,,,31,15708,,,,11,32370,,,,1,5736,,,,14,8869,,,,23,32583,,,,,,,,,,,,,,,,,,,,,,,,,,,,,,,,,,,,,,,,,,,
173715,11-Jun-18,17:21:01,2018-06-11 17:21:01,G,1,9,1375,947,0,5,-62.4545,-60.4255,21:08.9,FastGPS,-62.4545,-60.4255,,,0.5,-1.1,,,,15,4,7392,,,,26,18334,,,,31,19641,,,,3,13170,,,,2,14125,,,,,,,,,,,,,,,,,,,,,,,,,,,,,,,,,,,,,,,,,,,,,,,,,,,,,
173715,11-Jun-18,18:12:28,2018-06-11 18:12:28,G,3,9,1376,948,0,6,-62.4577,-60.4352,12:35.8,FastGPS,-62.4577,-60.4352,,1,4.5,-1.2,,,,15,9,19046,,,,7,2065,,,,26,14386,,,,4,26408,,,,16,9716,,,,23,28534,,,,,,,,,,,,,,,,,,,,,,,,,,,,,,,,,,,,,,,,,,,,,,,,
173715,11-Jun-18,18:42:11,2018-06-11 18:42:11,G,1,9,1377,948,0,7,-62.4668,-60.4294,42:18.9,FastGPS,-62.4668,-60.4294,,1,8.2,-1.1,,,,15,29,14842,,,,5,2586,,,,4,28079,,,,23,26936,,,,26,3793,,,,16,17917,,,,2,25675,,,,,,,,,,,,,,,,,,,,,,,,,,,,,,,,,,,,,,,,,,,
173715,11-Jun-18,19:12:15,2018-06-11 19:12:15,G,1,9,1378,948,0,5,-62.4748,-60.4149,12:22.9,FastGPS,-62.4748,-60.4149,,,1.8,-1.1,,,,15,7,11043,,,,9,7973,,,,30,31799,,,,23,21305,,,,16,2022,,,,,,,,,,,,,,,,,,,,,,,,,,,,,,,,,,,,,,,,,,,,,,,,,,,,,
173715,11-Jun-18,21:50:00,2018-06-11 21:50:00,G,2,9,1381,951,0,4,-62.487,-60.357,6/12/2018 10:01,R,-62.4627,-60.3793,,,1.2,-1.1,,,,15,7,18569,,,,30,31170,,,,28,8322,,,,15,593,,,,,,,,,,,,,,,,,,,,,,,,,,,,,,,,,,,,,,,,,,,,,,,,,,,,,,,,,,
173715,12-Jun-18,1:07:00,2018-06-12 01:07:00,G,1,9,1383,959,0,5,-62.4686,-60.36,07:08.4,FastGPS,-62.4686,-60.36,,,2.3,-0.6,,,,15,17,28682,,,,15,15534,,,,19,25214,,,,24,21473,,,,18,31661,,,,,,,,,,,,,,,,,,,,,,,,,,,,,,,,,,,,,,,,,,,,,,,,,,,,,
173715,12-Jun-18,1:56:25,2018-06-12 01:56:25,G,2,9,1384,960,0,5,-62.4665,-60.3519,56:33.9,FastGPS,-62.4665,-60.3519,,,4.3,-0.1,,,,15,12,605,,,,24,10253,,,,32,25611,,,,17,2373,,,,1,6479,,,,,,,,,,,,,,,,,,,,,,,,,,,,,,,,,,,,,,,,,,,,,,,,,,,,,
173715,12-Jun-18,3:24:13,2018-06-12 03:24:13,G,3,9,1385,963,0,5,-62.4738,-60.3495,24:20.9,FastGPS,-62.4738,-60.3495,,,2,-1.1,,,,15,19,2687,,,,14,2203,,,,6,27149,,,,12,17522,,,,31,28296,,,,,,,,,,,,,,,,,,,,,,,,,,,,,,,,,,,,,,,,,,,,,,,,,,,,,
173715,12-Jun-18,4:49:20,2018-06-12 04:49:20,G,2,9,1386,965,0,7,-62.4738,-60.3494,49:28.4,FastGPS,-62.4738,-60.3494,,,8.3,-0.6,,,,15,2,3855,,,,25,17370,,,,23,16032,,,,4,20207,,,,29,6874,,,,31,16564,,,,6,29610,,,,,,,,,,,,,,,,,,,,,,,,,,,,,,,,,,,,,,,,,,,
173715,12-Jun-18,7:13:46,2018-06-12 07:13:46,G,1,9,1388,968,0,5,-62.4738,-60.3483,13:54.9,FastGPS,-62.4738,-60.3483,,,5,-0.1,,,,15,29,21887,,,,5,6346,,,,4,22361,,,,21,21540,,,,25,15995,,,,,,,,,,,,,,,,,,,,,,,,,,,,,,,,,,,,,,,,,,,,,,,,,,,,,
173715,12-Jun-18,8:28:24,2018-06-12 08:28:24,G,1,9,1390,968,0,6,-62.4738,-60.3486,28:32.9,FastGPS,-62.4738,-60.3486,,1,16.9,-0.1,,,,15,20,29900,,,,4,28130,,,,26,3061,,,,7,8937,,,,21,31764,,,,16,15768,,,,,,,,,,,,,,,,,,,,,,,,,,,,,,,,,,,,,,,,,,,,,,,,
173715,12-Jun-18,8:58:52,2018-06-12 08:58:52,G,1,9,1391,968,0,4,-62.509,-60.334,6/13/2018 8:44,P,-62.4766,-60.3392,,,1.3,-1.1,,,,15,27,20074,,,,7,19625,,,,16,24010,,,,13,2625,,,,,,,,,,,,,,,,,,,,,,,,,,,,,,,,,,,,,,,,,,,,,,,,,,,,,,,,,,
173715,12-Jun-18,9:47:04,2018-06-12 09:47:04,G,2,9,1392,969,0,5,-62.4888,-60.3677,47:12.9,FastGPS,-62.4888,-60.3677,,,1.8,-0.1,,,,15,21,334,,,,10,10827,,,,15,17246,,,,20,24837,,,,16,17426,,,,,,,,,,,,,,,,,,,,,,,,,,,,,,,,,,,,,,,,,,,,,,,,,,,,,
173715,12-Jun-18,10:21:25,2018-06-12 10:21:25,G,1,9,1393,969,0,5,-62.4982,-60.3832,21:32.9,FastGPS,-62.4982,-60.3832,,,5,-1.1,,,,15,10,25484,,,,20,27752,,,,27,29584,,,,8,18840,,,,21,11974,,,,,,,,,,,,,,,,,,,,,,,,,,,,,,,,,,,,,,,,,,,,,,,,,,,,,
173715,12-Jun-18,13:26:51,2018-06-12 13:26:51,G,1,9,1397,969,0,5,-62.4873,-60.4838,26:59.9,FastGPS,-62.4873,-60.4838,,,7.5,-0.1,,,,15,11,21941,,,,22,19152,,,,3,23766,,,,1,6486,,,,17,24388,,,,,,,,,,,,,,,,,,,,,,,,,,,,,,,,,,,,,,,,,,,,,,,,,,,,,
173715,12-Jun-18,14:44:46,2018-06-12 14:44:46,G,1,9,1399,,0,9,-62.4763,-60.4708,44:54.4,FastGPS,-62.4763,-60.4708,,,9.7,-0.6,,,,15,18,13373,,,,31,22028,,,,32,6459,,,,11,1724,,,,17,25456,,,,14,18514,,,,23,4680,,,,25,28573,,,,1,1628,,,,,,,,,,,,,,,,,,,,,,,,,,,,,,,,,
173715,12-Jun-18,16:16:36,2018-06-12 16:16:36,G,1,9,1402,970,0,7,-62.4669,-60.4611,16:44.0,FastGPS,-62.4669,-60.4611,,1,16.4,-1,,,,15,31,6102,,,,1,27318,,,,6,20743,,,,22,28412,,,,23,22206,,,,3,17684,,,,4,32336,,,,,,,,,,,,,,,,,,,,,,,,,,,,,,,,,,,,,,,,,,,
173715,12-Jun-18,17:53:23,2018-06-12 17:53:23,G,1,9,1403,974,0,6,-62.4605,-60.4479,53:31.4,FastGPS,-62.4605,-60.4479,,1,2.6,-0.6,,,,15,16,28124,,,,26,7988,,,,4,31969,,,,3,9528,,,,7,17940,,,,23,23887,,,,,,,,,,,,,,,,,,,,,,,,,,,,,,,,,,,,,,,,,,,,,,,,
173715,13-Jun-18,0:30:34,2018-06-13 00:30:34,G,1,9,1411,983,0,5,-62.4904,-60.3468,30:43.4,FastGPS,-62.4904,-60.3468,,,15.7,0.4,,,,15,24,5761,,,,15,5516,,,,11,26250,,,,12,11910,,,,1,19475,,,,,,,,,,,,,,,,,,,,,,,,,,,,,,,,,,,,,,,,,,,,,,,,,,,,,
173715,13-Jun-18,2:32:21,2018-06-13 02:32:21,G,3,9,1412,989,0,5,-62.4985,-60.3201,32:30.4,FastGPS,-62.4985,-60.3201,,,7.5,0.4,,,,15,24,27424,,,,12,4988,,,,19,17372,,,,25,31554,,,,17,16477,,,,,,,,,,,,,,,,,,,,,,,,,,,,,,,,,,,,,,,,,,,,,,,,,,,,,
173715,13-Jun-18,3:02:00,2018-06-13 03:02:00,G,2,9,1413,989,0,8,-62.4991,-60.3225,02:09.4,FastGPS,-62.4991,-60.3225,,,6.9,0.4,,,,15,12,7247,,,,25,18043,,,,31,32027,,,,32,30589,,,,24,9827,,,,22,18586,,,,3,6756,,,,14,18352,,,,,,,,,,,,,,,,,,,,,,,,,,,,,,,,,,,,,,
173715,13-Jun-18,3:32:00,2018-06-13 03:32:00,G,2,9,1414,989,0,8,-62.4989,-60.3227,32:08.9,FastGPS,-62.4989,-60.3227,,,7.2,-0.1,,,,15,29,3347,,,,12,7973,,,,2,23326,,,,24,28153,,,,32,3895,,,,25,18249,,,,31,12951,,,,6,23548,,,,,,,,,,,,,,,,,,,,,,,,,,,,,,,,,,,,,,
173715,13-Jun-18,5:41:36,2018-06-13 05:41:36,G,3,9,1415,995,0,5,-62.4999,-60.3309,41:43.9,FastGPS,-62.4999,-60.3309,,,19.6,-1.1,,,,15,5,24931,,,,25,13281,,,,29,4071,,,,2,23694,,,,4,19967,,,,,,,,,,,,,,,,,,,,,,,,,,,,,,,,,,,,,,,,,,,,,,,,,,,,,
173715,13-Jun-18,7:30:01,2018-06-13 07:30:01,G,2,9,1416,1000,0,6,-62.5134,-60.3468,30:09.4,FastGPS,-62.5134,-60.3468,,,21,-0.6,,,,15,29,4352,,,,21,3588,,,,4,12346,,,,5,14323,,,,26,10094,,,,20,2262,,,,,,,,,,,,,,,,,,,,,,,,,,,,,,,,,,,,,,,,,,,,,,,,
173715,13-Jun-18,12:04:01,2018-06-13 12:04:01,G,1,9,1420,1009,0,8,-62.4989,-60.3202,04:09.4,FastGPS,-62.4989,-60.3202,,,9.5,-0.6,,,,15,27,10621,,,,14,8871,,,,32,4505,,,,10,18780,,,,1,18054,,,,28,24512,,,,11,24356,,,,8,25257,,,,,,,,,,,,,,,,,,,,,,,,,,,,,,,,,,,,,,
173715,13-Jun-18,16:07:53,2018-06-13 16:07:53,G,1,9,1421,1012,0,7,-62.4713,-60.4197,08:02.0,FastGPS,-62.4713,-60.4197,,1,21,0,,,,15,26,28229,,,,4,28390,,,,31,25645,,,,23,23449,,,,22,24541,,,,1,28265,,,,14,26715,,,,,,,,,,,,,,,,,,,,,,,,,,,,,,,,,,,,,,,,,,,
173715,13-Jun-18,17:08:44,2018-06-13 17:08:44,G,1,9,1422,1013,0,5,-62.451,-60.4229,08:52.4,FastGPS,-62.451,-60.4229,,,1.2,-0.6,,,,15,9,5265,,,,29,9877,,,,31,20782,,,,23,16676,,,,6,21491,,,,,,,,,,,,,,,,,,,,,,,,,,,,,,,,,,,,,,,,,,,,,,,,,,,,,
173715,13-Jun-18,17:54:52,2018-06-13 17:54:52,G,1,9,1423,1014,0,7,-62.4459,-60.439,54:59.9,FastGPS,-62.4459,-60.439,,,15.1,-1.1,,,,15,7,30922,,,,23,29349,,,,6,24482,,,,5,2247,,,,9,18165,,,,3,2806,,,,29,24741,,,,,,,,,,,,,,,,,,,,,,,,,,,,,,,,,,,,,,,,,,,
173715,13-Jun-18,18:28:11,2018-06-13 18:28:11,G,1,9,1424,1014,0,5,-62.4464,-60.4388,28:19.4,FastGPS,-62.4464,-60.4388,,,2.4,-0.6,,,,15,7,20015,,,,23,30766,,,,9,5645,,,,2,18634,,,,6,12491,,,,,,,,,,,,,,,,,,,,,,,,,,,,,,,,,,,,,,,,,,,,,,,,,,,,,
173715,13-Jun-18,20:46:23,2018-06-13 20:46:23,G,1,9,1427,1017,0,5,-62.4428,-60.3686,46:31.0,FastGPS,-62.4428,-60.3686,,,3.3,-1,,,,15,5,24692,,,,13,920,,,,7,13291,,,,8,26666,,,,30,4746,,,,,,,,,,,,,,,,,,,,,,,,,,,,,,,,,,,,,,,,,,,,,,,,,,,,,
173715,14-Jun-18,4:01:00,2018-06-14 04:01:00,G,1,9,1429,1042,1,4,-62.468,-60.226,6/15/2018 0:07,K,-62.4538,-60.351,,,0.5,-1,,,,15,25,7213,,,,31,29001,,,,12,11188,,,,2,30295,,,,,,,,,,,,,,,,,,,,,,,,,,,,,,,,,,,,,,,,,,,,,,,,,,,,,,,,,,
173715,14-Jun-18,4:31:00,2018-06-14 04:31:00,G,1,9,1430,1042,1,5,-62.4544,-60.3516,31:07.9,FastGPS,-62.4544,-60.3516,,,7.5,-1.1,,,,15,25,22106,,,,29,11481,,,,31,2556,,,,12,20180,,,,2,12360,,,,,,,,,,,,,,,,,,,,,,,,,,,,,,,,,,,,,,,,,,,,,,,,,,,,,
173715,14-Jun-18,6:01:00,2018-06-14 06:01:00,G,1,9,1433,1042,1,4,-62.468,-60.226,6/15/2018 0:07,K,,,,,,,,,,15,31,22698,,,,26,13647,,,,4,29107,,,,29,22516,,,,,,,,,,,,,,,,,,,,,,,,,,,,,,,,,,,,,,,,,,,,,,,,,,,,,,,,,,
173715,14-Jun-18,15:50:54,2018-06-14 15:50:54,G,1,9,1443,1044,0,6,-62.5387,-60.3188,51:02.5,FastGPS,-62.5387,-60.3188,,,4.4,-0.5,,,,15,31,28091,,,,25,3531,,,,22,21133,,,,3,4763,,,,1,7652,,,,6,4142,,,,,,,,,,,,,,,,,,,,,,,,,,,,,,,,,,,,,,,,,,,,,,,,
173715,14-Jun-18,16:39:09,2018-06-14 16:39:09,G,1,9,1444,1044,0,8,-62.5249,-60.2875,39:16.9,FastGPS,-62.5249,-60.2875,,1,8.5,-1.1,,,,15,2,31633,,,,6,14415,,,,4,3150,,,,22,13820,,,,31,8895,,,,25,14001,,,,26,23892,,,,9,17105,,,,,,,,,,,,,,,,,,,,,,,,,,,,,,,,,,,,,,
173715,14-Jun-18,21:33:02,2018-06-14 21:33:02,G,2,9,1445,1050,0,6,-62.4758,-60.27,33:10.5,FastGPS,-62.4758,-60.27,,,7.3,-0.5,,,,15,30,28141,,,,5,8279,,,,8,28504,,,,27,32351,,,,7,26833,,,,13,1276,,,,,,,,,,,,,,,,,,,,,,,,,,,,,,,,,,,,,,,,,,,,,,,,
173715,14-Jun-18,23:54:26,2018-06-14 23:54:26,G,2,9,1446,1052,0,7,-62.4708,-60.2312,54:34.0,FastGPS,-62.4708,-60.2312,,,9,-1,,,,15,11,10719,,,,17,10185,,,,18,2773,,,,30,6251,,,,10,5783,,,,15,32329,,,,13,28301,,,,,,,,,,,,,,,,,,,,,,,,,,,,,,,,,,,,,,,,,,,
173715,15-Jun-18,2:50:49,2018-06-15 02:50:49,G,1,9,1450,1055,0,7,-62.4449,-60.2005,50:57.0,FastGPS,-62.4449,-60.2005,,,13.3,-1,,,,15,17,30936,,,,2,7004,,,,12,32153,,,,19,20762,,,,3,31238,,,,6,27382,,,,32,27725,,,,,,,,,,,,,,,,,,,,,,,,,,,,,,,,,,,,,,,,,,,
173715,15-Jun-18,3:21:02,2018-06-15 03:21:02,G,1,9,1451,1055,0,4,-62.465,-60.006,6/16/2018 2:28,A,-62.4429,-60.178,,,0.8,-1.2,,,,15,2,22654,,,,25,19177,,,,19,10463,,,,6,835,,,,,,,,,,,,,,,,,,,,,,,,,,,,,,,,,,,,,,,,,,,,,,,,,,,,,,,,,,
173715,15-Jun-18,21:27:00,2018-06-15 21:27:00,G,1,9,1473,1080,1,5,-62.4656,-60.0078,27:08.0,FastGPS,-62.4656,-60.0078,,,4.5,-1,,,,15,15,15586,,,,13,18022,,,,21,21889,,,,28,28326,,,,5,3448,,,,,,,,,,,,,,,,,,,,,,,,,,,,,,,,,,,,,,,,,,,,,,,,,,,,,
173715,15-Jun-18,21:57:00,2018-06-15 21:57:00,G,2,9,1474,1080,1,6,-62.4656,-60.0073,57:08.0,FastGPS,-62.4656,-60.0073,,,5,-1,,,,15,5,8819,,,,20,22897,,,,21,29000,,,,15,19859,,,,13,27840,,,,28,13825,,,,,,,,,,,,,,,,,,,,,,,,,,,,,,,,,,,,,,,,,,,,,,,,
