Name,Day,Time,Date,lc,Count,Time Offset,LocNumber,Failures,Hauled Out,Satellites,InitLat,InitLon,InitTime,InitType,Latitude,Longitude,Height,Bad Sats,Residual,Time Error,TWIC Power,Fastloc Power,Noise,Range Bits,Id,Range,Signal,Doppler,CNR,Id,Range,Signal,Doppler,CNR,Id,Range,Signal,Doppler,CNR,Id,Range,Signal,Doppler,CNR,Id,Range,Signal,Doppler,CNR,Id,Range,Signal,Doppler,CNR,Id,Range,Signal,Doppler,CNR,Id,Range,Signal,Doppler,CNR,Id,Range,Signal,Doppler,CNR,Id,Range,Signal,Doppler,CNR,Id,Range,Signal,Doppler,CNR,Id,Range,Signal,Doppler,CNR,Id,Range,Signal,Doppler,CNR,Id,Range,Signal,Doppler,CNR,Id,Range,Signal,Doppler,CNR
173716,19-Apr-18,19:23:05,2018-04-19 19:23:05,G,14,4,35,3,0,8,-62.466,-60.7762,23:09.1,FastGPS,-62.466,-60.7762,,,11.1,0.1,,,,15,22,11938,,,,3,31624,,,,12,28547,,,,1,3688,,,,23,18698,,,,31,22346,,,,25,20822,,,,11,6141,,,,,,,,,,,,,,,,,,,,,,,,,,,,,,,,,,,,,,
173716,19-Apr-18,19:53:20,2018-04-19 19:53:20,G,9,4,36,3,0,8,-62.4639,-60.7769,53:22.7,FastGPS,-62.4639,-60.7769,,1,7.1,-1.3,,,,15,3,1666,,,,23,5111,,,,22,13212,,,,31,32550,,,,25,17770,,,,6,23176,,,,14,28685,,,,4,2537,,,,,,,,,,,,,,,,,,,,,,,,,,,,,,,,,,,,,,
173716,19-Apr-18,20:23:02,2018-04-19 20:23:02,G,5,4,37,,0,9,-62.4633,-60.7803,23:05.6,FastGPS,-62.4633,-60.7803,,1,7.6,-0.4,,,,15,3,19030,,,,31,17475,,,,2,19584,,,,6,32129,,,,4,12920,,,,23,808,,,,19,16728,,,,9,13444,,,,22,8362,,,,,,,,,,,,,,,,,,,,,,,,,,,,,,,,,
173716,19-Apr-18,20:53:00,2018-04-19 20:53:00,G,10,4,38,,0,9,-62.4635,-60.7792,53:03.1,FastGPS,-62.4635,-60.7792,,1,8.4,-0.9,,,,15,23,29360,,,,9,10362,,,,3,13558,,,,16,28052,,,,6,4998,,,,31,8697,,,,22,27461,,,,4,319,,,,26,4446,,,,,,,,,,,,,,,,,,,,,,,,,,,,,,,,,
173716,19-Apr-18,21:23:00,2018-04-19 21:23:00,G,5,4,39,3,0,6,-62.4625,-60.7774,23:02.6,FastGPS,-62.4625,-60.7774,,1,10,-1.4,,,,15,2,31096,,,,7,4431,,,,29,30170,,,,6,29814,,,,9,13494,,,,4,13476,,,,,,,,,,,,,,,,,,,,,,,,,,,,,,,,,,,,,,,,,,,,,,,,
173716,19-Apr-18,21:53:00,2018-04-19 21:53:00,G,3,4,40,3,0,8,-62.46,-60.7764,53:03.7,FastGPS,-62.46,-60.7764,,,6.3,-0.3,,,,15,23,25892,,,,9,5428,,,,2,19546,,,,7,4227,,,,16,862,,,,6,868,,,,5,14302,,,,29,13686,,,,,,,,,,,,,,,,,,,,,,,,,,,,,,,,,,,,,,
173716,19-Apr-18,22:23:01,2018-04-19 22:23:01,G,1,4,41,,0,9,-62.4595,-60.7744,23:04.1,FastGPS,-62.4595,-60.7744,,1,14.8,-0.9,,,,15,7,19690,,,,29,21700,,,,2,27365,,,,23,9185,,,,9,31318,,,,4,24902,,,,26,5306,,,,6,9100,,,,16,31041,,,,,,,,,,,,,,,,,,,,,,,,,,,,,,,,,
173716,19-Apr-18,22:53:03,2018-04-19 22:53:03,G,4,4,42,3,0,7,-62.4592,-60.7741,53:05.6,FastGPS,-62.4592,-60.7741,,,4.9,-1.4,,,,15,5,18486,,,,23,17224,,,,7,15781,,,,2,4736,,,,30,25916,,,,9,736,,,,16,29126,,,,,,,,,,,,,,,,,,,,,,,,,,,,,,,,,,,,,,,,,,,
173716,19-Apr-18,23:40:30,2018-04-19 23:40:30,G,3,4,43,4,0,6,-62.4562,-60.77,40:34.1,FastGPS,-62.4562,-60.77,,,12.2,0.1,,,,15,5,12049,,,,30,7372,,,,7,23822,,,,16,10916,,,,9,23532,,,,13,5342,,,,,,,,,,,,,,,,,,,,,,,,,,,,,,,,,,,,,,,,,,,,,,,,
173716,20-Apr-18,0:12:57,2018-04-20 00:12:57,G,5,4,44,4,0,8,-62.4454,-60.742,12:59.6,FastGPS,-62.4454,-60.742,,,5.5,-1.4,,,,15,8,27884,,,,16,13138,,,,30,28746,,,,9,20278,,,,7,22045,,,,27,26704,,,,5,15534,,,,21,2604,,,,,,,,,,,,,,,,,,,,,,,,,,,,,,,,,,,,,,
173716,20-Apr-18,0:45:53,2018-04-20 00:45:53,G,3,4,45,,0,9,-62.4414,-60.7058,45:56.6,FastGPS,-62.4414,-60.7058,,,11.9,-0.4,,,,15,5,30359,,,,7,5513,,,,15,17129,,,,30,6336,,,,13,14039,,,,21,21122,,,,20,6942,,,,27,30774,,,,8,20552,,,,,,,,,,,,,,,,,,,,,,,,,,,,,,,,,
173716,20-Apr-18,1:16:19,2018-04-20 01:16:19,G,4,4,46,,0,9,-62.4451,-60.6681,16:22.6,FastGPS,-62.4451,-60.6681,,,10.1,-0.4,,,,15,7,2685,,,,21,24044,,,,30,16332,,,,15,13575,,,,27,27480,,,,13,4668,,,,20,27517,,,,5,13164,,,,28,11254,,,,,,,,,,,,,,,,,,,,,,,,,,,,,,,,,
173716,20-Apr-18,1:46:54,2018-04-20 01:46:54,G,4,4,47,4,0,8,-62.4393,-60.6415,46:57.6,FastGPS,-62.4393,-60.6415,,,15.1,-0.4,,,,15,28,31620,,,,11,20333,,,,7,27990,,,,30,9028,,,,8,3957,,,,27,469,,,,15,16504,,,,5,14790,,,,,,,,,,,,,,,,,,,,,,,,,,,,,,,,,,,,,,
173716,20-Apr-18,2:18:13,2018-04-20 02:18:13,G,2,4,48,4,0,8,-62.4197,-60.6357,18:16.1,FastGPS,-62.4197,-60.6357,,,8.9,-0.9,,,,15,7,4996,,,,11,28661,,,,15,286,,,,13,24253,,,,30,3453,,,,5,28560,,,,28,8934,,,,20,27620,,,,,,,,,,,,,,,,,,,,,,,,,,,,,,,,,,,,,,
173716,20-Apr-18,2:49:17,2018-04-20 02:49:17,G,2,4,49,4,0,7,-62.4343,-60.6508,49:20.6,FastGPS,-62.4343,-60.6508,,,13,-0.4,,,,15,15,30637,,,,13,4179,,,,30,23374,,,,28,13540,,,,24,26806,,,,20,28460,,,,19,9166,,,,,,,,,,,,,,,,,,,,,,,,,,,,,,,,,,,,,,,,,,,
173716,20-Apr-18,3:21:21,2018-04-20 03:21:21,G,3,4,50,4,0,8,-62.4578,-60.6606,21:25.1,FastGPS,-62.4578,-60.6606,,,16.6,0.1,,,,15,28,1202,,,,24,6056,,,,15,23028,,,,20,25409,,,,30,27546,,,,13,8678,,,,10,21770,,,,18,24642,,,,,,,,,,,,,,,,,,,,,,,,,,,,,,,,,,,,,,
173716,20-Apr-18,3:51:04,2018-04-20 03:51:04,G,4,4,51,4,0,8,-62.472,-60.6275,51:07.1,FastGPS,-62.472,-60.6275,,,5.7,-0.9,,,,15,15,24278,,,,10,10040,,,,12,9476,,,,17,23611,,,,13,4719,,,,28,5075,,,,24,15314,,,,11,8152,,,,,,,,,,,,,,,,,,,,,,,,,,,,,,,,,,,,,,
173716,20-Apr-18,4:21:51,2018-04-20 04:21:51,G,5,4,52,4,0,8,-62.4802,-60.582,21:53.6,FastGPS,-62.4802,-60.582,,,4.3,-1.4,,,,15,17,28285,,,,1,27878,,,,18,1600,,,,28,80,,,,11,11806,,,,19,27594,,,,24,31014,,,,10,10980,,,,,,,,,,,,,,,,,,,,,,,,,,,,,,,,,,,,,,
173716,20-Apr-18,4:54:54,2018-04-20 04:54:54,G,5,4,53,4,0,8,-62.4726,-60.5392,54:57.6,FastGPS,-62.4726,-60.5392,,,8.1,-0.4,,,,15,17,19774,,,,19,2611,,,,32,3198,,,,10,207,,,,24,22332,,,,28,1781,,,,1,10833,,,,18,25760,,,,,,,,,,,,,,,,,,,,,,,,,,,,,,,,,,,,,,
173716,20-Apr-18,5:25:43,2018-04-20 05:25:43,G,3,4,54,4,0,7,-62.4591,-60.5203,25:47.1,FastGPS,-62.4591,-60.5203,,,6.3,0.1,,,,15,12,13446,,,,24,28966,,,,17,14124,,,,19,22210,,,,6,29110,,,,22,30178,,,,1,9363,,,,,,,,,,,,,,,,,,,,,,,,,,,,,,,,,,,,,,,,,,,
173716,20-Apr-18,5:58:14,2018-04-20 05:58:14,G,3,4,55,,0,9,-62.4519,-60.5222,58:18.1,FastGPS,-62.4519,-60.5222,,,10.4,0.1,,,,15,17,17823,,,,12,25690,,,,6,12521,,,,24,19778,,,,32,31188,,,,19,25974,,,,22,27782,,,,2,292,,,,3,28516,,,,,,,,,,,,,,,,,,,,,,,,,,,,,,,,,
173716,20-Apr-18,6:29:03,2018-04-20 06:29:03,G,2,4,56,,0,9,-62.4265,-60.5314,29:07.1,FastGPS,-62.4265,-60.5314,,,6.8,0.1,,,,15,17,5883,,,,12,19530,,,,24,20026,,,,6,5448,,,,25,22096,,,,2,32677,,,,32,6208,,,,3,21052,,,,19,6952,,,,,,,,,,,,,,,,,,,,,,,,,,,,,,,,,
173716,20-Apr-18,6:59:08,2018-04-20 06:59:08,G,4,4,57,,0,9,-62.4076,-60.563,59:11.1,FastGPS,-62.4076,-60.563,,,5.1,-0.9,,,,15,12,9312,,,,2,7328,,,,24,19317,,,,17,5245,,,,25,1553,,,,6,16768,,,,3,32708,,,,32,32294,,,,14,24422,,,,,,,,,,,,,,,,,,,,,,,,,,,,,,,,,
173716,20-Apr-18,7:29:45,2018-04-20 07:29:45,G,2,4,58,,0,9,-62.3886,-60.5757,29:49.1,FastGPS,-62.3886,-60.5757,,,3.4,0.1,,,,15,29,13176,,,,25,12177,,,,24,13612,,,,12,17006,,,,2,3166,,,,32,6973,,,,14,27725,,,,31,2897,,,,6,1093,,,,,,,,,,,,,,,,,,,,,,,,,,,,,,,,,
173716,20-Apr-18,8:00:00,2018-04-20 08:00:00,G,3,4,59,,0,9,-62.3937,-60.6157,00:03.7,FastGPS,-62.3937,-60.6157,,1,6.7,-0.3,,,,15,29,20420,,,,31,20854,,,,2,31684,,,,12,5432,,,,25,6426,,,,14,2134,,,,4,5140,,,,19,15972,,,,32,4503,,,,,,,,,,,,,,,,,,,,,,,,,,,,,,,,,
173716,20-Apr-18,8:30:02,2018-04-20 08:30:02,G,2,4,60,4,0,8,-62.4026,-60.6035,30:06.1,FastGPS,-62.4026,-60.6035,,1,10.7,0.1,,,,15,31,30702,,,,12,25806,,,,6,32254,,,,25,26779,,,,23,2146,,,,4,15978,,,,29,1078,,,,5,29393,,,,,,,,,,,,,,,,,,,,,,,,,,,,,,,,,,,,,,
173716,20-Apr-18,9:01:42,2018-04-20 09:01:42,G,1,4,61,4,0,8,-62.4227,-60.5786,01:45.6,FastGPS,-62.4227,-60.5786,,1,7.2,-0.4,,,,15,31,17635,,,,12,4394,,,,4,14118,,,,29,11243,,,,26,24433,,,,2,10902,,,,5,22225,,,,25,28906,,,,,,,,,,,,,,,,,,,,,,,,,,,,,,,,,,,,,,
173716,20-Apr-18,9:35:11,2018-04-20 09:35:11,G,2,4,62,,0,9,-62.4446,-60.5863,35:14.6,FastGPS,-62.4446,-60.5863,,1,5.4,-0.4,,,,15,31,16773,,,,26,2976,,,,29,21170,,,,4,1693,,,,21,4080,,,,23,15080,,,,12,24098,,,,25,20790,,,,2,32684,,,,,,,,,,,,,,,,,,,,,,,,,,,,,,,,,
173716,20-Apr-18,10:07:52,2018-04-20 10:07:52,G,1,4,63,,0,9,-62.4516,-60.554,07:55.6,FastGPS,-62.4516,-60.554,,1,15.7,-0.4,,,,15,4,27033,,,,29,28418,,,,16,920,,,,26,24790,,,,9,16796,,,,5,6425,,,,2,32466,,,,31,6796,,,,23,21472,,,,,,,,,,,,,,,,,,,,,,,,,,,,,,,,,
173716,20-Apr-18,10:42:38,2018-04-20 10:42:38,G,3,4,64,4,0,8,-62.4545,-60.5139,42:42.2,FastGPS,-62.4545,-60.5139,,1,6.4,0.2,,,,15,5,12998,,,,29,7074,,,,21,30226,,,,26,26350,,,,9,17096,,,,4,26140,,,,16,13064,,,,31,1143,,,,,,,,,,,,,,,,,,,,,,,,,,,,,,,,,,,,,,
173716,20-Apr-18,11:13:27,2018-04-20 11:13:27,G,1,4,65,4,0,6,-62.4584,-60.4844,13:31.2,FastGPS,-62.4584,-60.4844,,1,6.5,0.2,,,,15,5,9394,,,,29,28963,,,,16,21492,,,,26,11867,,,,20,22752,,,,4,12996,,,,,,,,,,,,,,,,,,,,,,,,,,,,,,,,,,,,,,,,,,,,,,,,
173716,20-Apr-18,11:44:47,2018-04-20 11:44:47,G,3,4,66,,0,9,-62.4586,-60.4547,44:51.1,FastGPS,-62.4586,-60.4547,,1,6.3,0.1,,,,15,5,727,,,,7,1494,,,,29,26232,,,,21,7705,,,,27,25955,,,,16,29914,,,,20,32652,,,,4,23346,,,,26,17992,,,,,,,,,,,,,,,,,,,,,,,,,,,,,,,,,
173716,20-Apr-18,12:16:10,2018-04-20 12:16:10,G,1,4,67,,0,9,-62.4508,-60.4792,16:13.7,FastGPS,-62.4508,-60.4792,,1,11.1,-0.3,,,,15,7,21950,,,,5,20373,,,,16,17395,,,,21,3880,,,,20,29767,,,,26,5689,,,,30,23127,,,,27,27842,,,,4,21398,,,,,,,,,,,,,,,,,,,,,,,,,,,,,,,,,
173716,20-Apr-18,12:48:43,2018-04-20 12:48:43,G,1,4,68,4,0,8,-62.4487,-60.4704,48:46.6,FastGPS,-62.4487,-60.4704,,,11.5,-0.4,,,,15,15,10751,,,,13,17074,,,,7,13798,,,,21,858,,,,27,538,,,,20,3154,,,,10,8384,,,,30,21066,,,,,,,,,,,,,,,,,,,,,,,,,,,,,,,,,,,,,,
173716,20-Apr-18,13:19:00,2018-04-20 13:19:00,G,1,4,69,,0,9,-62.4494,-60.4596,19:03.6,FastGPS,-62.4494,-60.4596,,,10.6,-0.4,,,,15,27,17742,,,,21,5033,,,,16,3535,,,,10,19080,,,,20,15280,,,,15,7917,,,,8,2489,,,,7,9782,,,,26,16934,,,,,,,,,,,,,,,,,,,,,,,,,,,,,,,,,
173716,20-Apr-18,13:53:21,2018-04-20 13:53:21,G,2,4,70,,0,9,-62.4398,-60.4378,53:24.6,FastGPS,-62.4398,-60.4378,,,8.5,-0.4,,,,15,21,26493,,,,15,31919,,,,20,15059,,,,10,14945,,,,27,973,,,,13,23092,,,,8,21177,,,,30,9850,,,,7,24110,,,,,,,,,,,,,,,,,,,,,,,,,,,,,,,,,
173716,20-Apr-18,14:24:49,2018-04-20 14:24:49,G,2,4,71,,0,9,-62.4381,-60.4435,24:53.1,FastGPS,-62.4381,-60.4435,,,10.9,0.1,,,,15,15,2231,,,,20,17036,,,,10,17111,,,,27,24126,,,,18,7538,,,,28,16909,,,,8,21694,,,,11,32136,,,,21,25384,,,,,,,,,,,,,,,,,,,,,,,,,,,,,,,,,
173716,20-Apr-18,15:26:00,2018-04-20 15:26:00,G,1,4,73,,0,9,-62.4373,-60.4449,26:02.6,FastGPS,-62.4373,-60.4449,,,11.4,-1.4,,,,15,10,23400,,,,28,12750,,,,32,2456,,,,1,586,,,,11,24108,,,,24,31203,,,,8,24050,,,,27,16735,,,,18,26534,,,,,,,,,,,,,,,,,,,,,,,,,,,,,,,,,
173716,20-Apr-18,15:58:39,2018-04-20 15:58:39,G,1,4,74,,0,9,-62.4268,-60.4473,58:42.7,FastGPS,-62.4268,-60.4473,,,17.4,-0.3,,,,15,32,14386,,,,10,25738,,,,24,23485,,,,14,18248,,,,11,26009,,,,22,10830,,,,1,17028,,,,18,23906,,,,27,21744,,,,,,,,,,,,,,,,,,,,,,,,,,,,,,,,,
173716,20-Apr-18,16:30:36,2018-04-20 16:30:36,G,3,4,75,,0,9,-62.4167,-60.4318,30:39.2,FastGPS,-62.4167,-60.4318,,,8.1,-0.8,,,,15,32,26826,,,,10,15820,,,,24,17290,,,,17,21615,,,,14,14405,,,,18,3605,,,,1,26224,,,,8,7848,,,,22,17412,,,,,,,,,,,,,,,,,,,,,,,,,,,,,,,,,
173716,20-Apr-18,17:02:35,2018-04-20 17:02:35,G,1,4,76,,0,9,-62.4105,-60.4174,02:37.7,FastGPS,-62.4105,-60.4174,,,10.3,-1.3,,,,15,32,5714,,,,17,15158,,,,14,19955,,,,22,17490,,,,1,22119,,,,10,3811,,,,18,28426,,,,28,7162,,,,24,15803,,,,,,,,,,,,,,,,,,,,,,,,,,,,,,,,,
173716,20-Apr-18,17:34:25,2018-04-20 17:34:25,G,4,4,77,,0,9,-62.4063,-60.4036,34:28.6,FastGPS,-62.4063,-60.4036,,,6.9,-0.4,,,,15,32,14122,,,,17,16786,,,,11,8729,,,,18,25026,,,,3,12691,,,,14,18992,,,,19,10590,,,,12,23579,,,,31,29884,,,,,,,,,,,,,,,,,,,,,,,,,,,,,,,,,
173716,20-Apr-18,18:05:01,2018-04-20 18:05:01,G,4,4,78,,0,9,-62.3975,-60.3977,05:05.1,FastGPS,-62.3975,-60.3977,,,6.6,0.1,,,,15,1,18810,,,,31,26163,,,,22,7670,,,,18,27392,,,,32,28212,,,,3,17220,,,,14,6651,,,,12,6857,,,,11,16970,,,,,,,,,,,,,,,,,,,,,,,,,,,,,,,,,
173716,20-Apr-18,18:50:02,2018-04-20 18:50:02,G,1,4,79,,0,9,-62.3973,-60.396,50:06.1,FastGPS,-62.3973,-60.396,,,4.5,0.1,,,,15,31,20315,,,,12,14594,,,,22,27743,,,,14,2611,,,,1,30450,,,,3,10017,,,,23,23398,,,,32,20518,,,,25,2382,,,,,,,,,,,,,,,,,,,,,,,,,,,,,,,,,
173716,20-Apr-18,19:22:40,2018-04-20 19:22:40,G,1,4,80,,0,9,-62.3923,-60.3927,22:43.1,FastGPS,-62.3923,-60.3927,,,11.6,-0.9,,,,15,31,3809,,,,3,10744,,,,14,267,,,,23,11260,,,,22,15748,,,,12,545,,,,25,3385,,,,17,30504,,,,1,2404,,,,,,,,,,,,,,,,,,,,,,,,,,,,,,,,,
173716,20-Apr-18,20:26:38,2018-04-20 20:26:38,G,1,4,82,5,0,6,-62.3962,-60.4253,26:40.6,FastGPS,-62.3962,-60.4253,,,8,-1.4,,,,15,6,23910,,,,9,26551,,,,3,16735,,,,23,24004,,,,16,27880,,,,22,26374,,,,,,,,,,,,,,,,,,,,,,,,,,,,,,,,,,,,,,,,,,,,,,,,
173716,20-Apr-18,20:59:10,2018-04-20 20:59:10,G,1,4,83,,0,9,-62.4042,-60.4537,59:12.6,FastGPS,-62.4042,-60.4537,,1,13.1,-1.4,,,,15,9,19594,,,,31,15439,,,,16,18462,,,,6,10776,,,,23,2225,,,,3,22808,,,,22,25592,,,,26,7274,,,,4,26470,,,,,,,,,,,,,,,,,,,,,,,,,,,,,,,,,
173716,20-Apr-18,21:29:44,2018-04-20 21:29:44,G,2,4,84,5,0,5,-62.4077,-60.4817,29:46.6,FastGPS,-62.4077,-60.4817,,,7.9,-1.4,,,,15,7,27014,,,,2,5011,,,,23,29120,,,,9,32488,,,,6,5489,,,,,,,,,,,,,,,,,,,,,,,,,,,,,,,,,,,,,,,,,,,,,,,,,,,,,
173716,20-Apr-18,22:00:53,2018-04-20 22:00:53,G,2,4,85,5,0,8,-62.4145,-60.507,00:56.7,FastGPS,-62.4145,-60.507,,1,8.5,-0.3,,,,15,9,12273,,,,4,16216,,,,7,25110,,,,23,21604,,,,16,24329,,,,29,13666,,,,26,17290,,,,2,6131,,,,,,,,,,,,,,,,,,,,,,,,,,,,,,,,,,,,,,
173716,20-Apr-18,22:31:24,2018-04-20 22:31:24,G,2,4,86,,0,9,-62.4331,-60.5441,31:27.2,FastGPS,-62.4331,-60.5441,,,12.3,-0.8,,,,15,2,22124,,,,5,14266,,,,7,25569,,,,6,16470,,,,30,7953,,,,9,18370,,,,23,21363,,,,16,31708,,,,29,30742,,,,,,,,,,,,,,,,,,,,,,,,,,,,,,,,,
173716,20-Apr-18,23:02:48,2018-04-20 23:02:48,G,2,4,87,5,0,5,-62.4387,-60.5907,02:50.6,FastGPS,-62.4387,-60.5907,,,11.9,-1.4,,,,15,30,8958,,,,7,6054,,,,23,14348,,,,9,772,,,,5,20910,,,,,,,,,,,,,,,,,,,,,,,,,,,,,,,,,,,,,,,,,,,,,,,,,,,,,
173716,20-Apr-18,23:34:49,2018-04-20 23:34:49,G,2,4,88,5,0,6,-62.4204,-60.6137,34:51.6,FastGPS,-62.4204,-60.6137,,,6.8,-1.4,,,,15,5,23915,,,,7,5750,,,,9,11358,,,,13,12110,,,,30,17428,,,,16,30459,,,,,,,,,,,,,,,,,,,,,,,,,,,,,,,,,,,,,,,,,,,,,,,,
173716,21-Apr-18,0:05:13,2018-04-21 00:05:13,G,2,4,89,5,0,8,-62.415,-60.6333,05:16.1,FastGPS,-62.415,-60.6333,,,9.9,-0.9,,,,15,21,7613,,,,13,30020,,,,5,28590,,,,7,7048,,,,16,7305,,,,27,1746,,,,9,15472,,,,30,3164,,,,,,,,,,,,,,,,,,,,,,,,,,,,,,,,,,,,,,
173716,21-Apr-18,0:38:09,2018-04-21 00:38:09,G,2,4,90,5,0,8,-62.4141,-60.6389,38:12.1,FastGPS,-62.4141,-60.6389,,,5.9,-0.9,,,,15,7,8596,,,,5,30138,,,,9,3882,,,,28,17226,,,,13,26946,,,,27,24763,,,,30,32044,,,,15,26278,,,,,,,,,,,,,,,,,,,,,,,,,,,,,,,,,,,,,,
173716,21-Apr-18,1:10:29,2018-04-21 01:10:29,G,5,4,91,,0,9,-62.425,-60.6217,10:32.6,FastGPS,-62.425,-60.6217,,,9.6,-0.4,,,,15,15,4749,,,,7,8085,,,,27,29384,,,,8,6128,,,,21,25590,,,,20,18716,,,,5,17538,,,,28,3302,,,,13,31642,,,,,,,,,,,,,,,,,,,,,,,,,,,,,,,,,
173716,21-Apr-18,1:41:04,2018-04-21 01:41:04,G,2,4,92,5,0,8,-62.4214,-60.6371,41:08.1,FastGPS,-62.4214,-60.6371,,,15,0.1,,,,15,28,22990,,,,5,17904,,,,13,9787,,,,7,31334,,,,8,314,,,,30,9254,,,,11,10926,,,,15,6032,,,,,,,,,,,,,,,,,,,,,,,,,,,,,,,,,,,,,,
173716,21-Apr-18,2:11:45,2018-04-21 02:11:45,G,1,4,93,5,0,8,-62.405,-60.6465,11:49.1,FastGPS,-62.405,-60.6465,,,11.1,0.1,,,,15,30,17934,,,,15,453,,,,7,22364,,,,28,13008,,,,20,1361,,,,11,29266,,,,8,27278,,,,5,13169,,,,,,,,,,,,,,,,,,,,,,,,,,,,,,,,,,,,,,
173716,21-Apr-18,3:13:23,2018-04-21 03:13:23,G,3,4,95,,0,9,-62.4078,-60.6542,13:26.1,FastGPS,-62.4078,-60.6542,,,14.8,-0.9,,,,15,24,24324,,,,17,25984,,,,13,20808,,,,19,18392,,,,15,24821,,,,28,11508,,,,20,6304,,,,10,16129,,,,11,25836,,,,,,,,,,,,,,,,,,,,,,,,,,,,,,,,,
173716,21-Apr-18,3:43:54,2018-04-21 03:43:54,G,3,4,96,,0,9,-62.4085,-60.6539,43:57.7,FastGPS,-62.4085,-60.6539,,,10.2,-0.3,,,,15,19,24999,,,,17,23352,,,,30,13563,,,,15,6426,,,,13,26498,,,,1,4797,,,,18,13003,,,,11,20268,,,,24,14380,,,,,,,,,,,,,,,,,,,,,,,,,,,,,,,,,
173716,21-Apr-18,4:15:58,2018-04-21 04:15:58,G,2,4,97,5,0,6,-62.4068,-60.6739,16:01.6,FastGPS,-62.4068,-60.6739,,,7.9,-0.4,,,,15,19,19772,,,,17,22474,,,,24,24167,,,,15,11772,,,,12,31732,,,,10,10678,,,,,,,,,,,,,,,,,,,,,,,,,,,,,,,,,,,,,,,,,,,,,,,,
173716,21-Apr-18,4:48:07,2018-04-21 04:48:07,G,2,4,98,,0,9,-62.4045,-60.6646,48:10.6,FastGPS,-62.4045,-60.6646,,,9.1,-0.4,,,,15,17,19606,,,,18,32150,,,,1,13052,,,,19,30975,,,,12,1548,,,,24,19555,,,,15,31835,,,,32,26128,,,,11,22137,,,,,,,,,,,,,,,,,,,,,,,,,,,,,,,,,
173716,21-Apr-18,5:19:21,2018-04-21 05:19:21,G,3,4,99,5,0,8,-62.4008,-60.6944,19:25.1,FastGPS,-62.4008,-60.6944,,,15.2,0.1,,,,15,6,12118,,,,12,178,,,,24,22787,,,,17,10158,,,,15,16988,,,,32,9522,,,,19,14354,,,,22,17661,,,,,,,,,,,,,,,,,,,,,,,,,,,,,,,,,,,,,,
173716,21-Apr-18,5:50:00,2018-04-21 05:50:00,G,1,4,100,5,0,7,-62.4115,-60.6638,50:03.1,FastGPS,-62.4115,-60.6638,,,7.3,-0.9,,,,15,17,18433,,,,32,16199,,,,12,5284,,,,14,16422,,,,19,19018,,,,22,13243,,,,6,19219,,,,,,,,,,,,,,,,,,,,,,,,,,,,,,,,,,,,,,,,,,,
173716,21-Apr-18,6:22:30,2018-04-21 06:22:30,G,2,4,101,5,0,6,-62.4339,-60.6678,22:33.7,FastGPS,-62.4339,-60.6678,,,15,-0.3,,,,15,32,27289,,,,25,31991,,,,24,13064,,,,12,2765,,,,14,7194,,,,2,5968,,,,,,,,,,,,,,,,,,,,,,,,,,,,,,,,,,,,,,,,,,,,,,,,
173716,21-Apr-18,6:55:03,2018-04-21 06:55:03,G,1,4,102,,0,9,-62.4301,-60.6729,55:06.2,FastGPS,-62.4301,-60.6729,,,7.2,-0.8,,,,15,2,28457,,,,12,30999,,,,19,10386,,,,6,5346,,,,25,23780,,,,24,7997,,,,17,26030,,,,31,28746,,,,3,22006,,,,,,,,,,,,,,,,,,,,,,,,,,,,,,,,,
173716,21-Apr-18,7:57:00,2018-04-21 07:57:00,G,1,4,104,5,0,7,-62.3849,-60.7089,57:02.7,FastGPS,-62.3849,-60.7089,,,12.1,-1.3,,,,15,29,8997,,,,12,19370,,,,31,8540,,,,25,24574,,,,6,1124,,,,2,16408,,,,19,27874,,,,,,,,,,,,,,,,,,,,,,,,,,,,,,,,,,,,,,,,,,,
173716,21-Apr-18,8:27:35,2018-04-21 08:27:35,G,1,4,105,5,0,8,-62.3756,-60.7026,27:37.7,FastGPS,-62.3756,-60.7026,,1,9.3,-1.3,,,,15,12,7716,,,,29,26671,,,,31,21190,,,,4,11144,,,,2,23153,,,,14,20301,,,,5,23649,,,,25,14194,,,,,,,,,,,,,,,,,,,,,,,,,,,,,,,,,,,,,,
173716,21-Apr-18,8:58:39,2018-04-21 08:58:39,G,1,4,106,5,0,8,-62.3871,-60.6864,58:42.2,FastGPS,-62.3871,-60.6864,,1,10.5,-0.8,,,,15,31,751,,,,4,1368,,,,29,29017,,,,25,10204,,,,2,23378,,,,5,8538,,,,26,12497,,,,12,15345,,,,,,,,,,,,,,,,,,,,,,,,,,,,,,,,,,,,,,
173716,21-Apr-18,9:30:30,2018-04-21 09:30:30,G,2,4,107,,0,9,-62.4056,-60.6768,30:32.6,FastGPS,-62.4056,-60.6768,,1,3,-1.4,,,,15,29,18855,,,,31,16314,,,,5,27606,,,,4,30785,,,,12,24470,,,,2,32581,,,,26,31736,,,,25,20566,,,,23,13590,,,,,,,,,,,,,,,,,,,,,,,,,,,,,,,,,
173716,21-Apr-18,10:01:40,2018-04-21 10:01:40,G,4,4,108,5,0,7,-62.4041,-60.7129,01:43.1,FastGPS,-62.4041,-60.7129,,1,16.3,-0.9,,,,15,29,12075,,,,4,5755,,,,31,29468,,,,26,1632,,,,20,30362,,,,21,843,,,,25,8947,,,,,,,,,,,,,,,,,,,,,,,,,,,,,,,,,,,,,,,,,,,
173716,21-Apr-18,10:32:01,2018-04-21 10:32:01,G,5,4,109,5,0,6,-62.4086,-60.7503,32:03.6,FastGPS,-62.4086,-60.7503,,1,10,-1.4,,,,15,29,30607,,,,4,2690,,,,26,29046,,,,20,1081,,,,9,4731,,,,25,5166,,,,,,,,,,,,,,,,,,,,,,,,,,,,,,,,,,,,,,,,,,,,,,,,
173716,21-Apr-18,11:06:53,2018-04-21 11:06:53,G,4,4,110,5,0,8,-62.4147,-60.7825,06:55.6,FastGPS,-62.4147,-60.7825,,1,6,-1.4,,,,15,5,17193,,,,29,7323,,,,16,19861,,,,26,17857,,,,4,21234,,,,27,381,,,,21,17606,,,,20,14577,,,,,,,,,,,,,,,,,,,,,,,,,,,,,,,,,,,,,,
173716,21-Apr-18,11:41:07,2018-04-21 11:41:07,G,1,4,111,5,0,7,-62.4185,-60.8115,41:10.1,FastGPS,-62.4185,-60.8115,,1,6.2,-0.9,,,,15,5,3427,,,,16,4636,,,,27,2306,,,,20,4318,,,,29,29026,,,,4,28748,,,,7,7896,,,,,,,,,,,,,,,,,,,,,,,,,,,,,,,,,,,,,,,,,,,
173716,21-Apr-18,12:11:00,2018-04-21 12:11:00,G,2,4,112,,0,9,-62.4118,-60.8327,11:02.7,FastGPS,-62.4118,-60.8327,,1,13.9,-1.3,,,,15,29,3462,,,,16,21588,,,,27,27750,,,,4,29085,,,,15,20302,,,,26,12941,,,,7,23894,,,,21,6420,,,,10,16576,,,,,,,,,,,,,,,,,,,,,,,,,,,,,,,,,
173716,21-Apr-18,12:41:57,2018-04-21 12:41:57,G,1,4,113,,0,9,-62.4081,-60.8352,41:59.6,FastGPS,-62.4081,-60.8352,,1,4.2,-1.4,,,,15,15,22256,,,,10,16260,,,,27,13516,,,,16,32408,,,,26,7500,,,,4,8780,,,,13,109,,,,20,23746,,,,21,24398,,,,,,,,,,,,,,,,,,,,,,,,,,,,,,,,,
173716,21-Apr-18,13:12:07,2018-04-21 13:12:07,G,2,4,114,,0,9,-62.403,-60.8348,12:10.1,FastGPS,-62.403,-60.8348,,,7.5,-0.9,,,,15,15,5820,,,,7,19815,,,,20,23905,,,,13,31771,,,,8,27914,,,,30,24826,,,,21,15218,,,,27,16548,,,,10,11690,,,,,,,,,,,,,,,,,,,,,,,,,,,,,,,,,
173716,21-Apr-18,13:43:58,2018-04-21 13:43:58,G,2,4,115,5,0,8,-62.4,-60.8411,44:01.1,FastGPS,-62.4,-60.8411,,,8.3,-0.9,,,,15,8,19436,,,,15,14488,,,,21,28810,,,,16,25246,,,,20,14390,,,,10,16061,,,,27,15192,,,,13,15606,,,,,,,,,,,,,,,,,,,,,,,,,,,,,,,,,,,,,,
173716,21-Apr-18,14:44:55,2018-04-21 14:44:55,G,1,4,117,5,0,8,-62.3966,-60.8549,44:58.6,FastGPS,-62.3966,-60.8549,,,7.5,-0.4,,,,15,10,1882,,,,18,11830,,,,8,1990,,,,11,5414,,,,27,15984,,,,15,13956,,,,32,21722,,,,28,12284,,,,,,,,,,,,,,,,,,,,,,,,,,,,,,,,,,,,,,
173716,21-Apr-18,15:15:40,2018-04-21 15:15:40,G,1,4,118,5,0,8,-62.3994,-60.8644,15:44.1,FastGPS,-62.3994,-60.8644,,,12.1,0.1,,,,15,10,7825,,,,11,14514,,,,28,14460,,,,1,16315,,,,18,17473,,,,32,19558,,,,8,5724,,,,22,15273,,,,,,,,,,,,,,,,,,,,,,,,,,,,,,,,,,,,,,
173716,21-Apr-18,15:46:35,2018-04-21 15:46:35,G,1,4,119,,0,9,-62.4018,-60.8763,46:38.1,FastGPS,-62.4018,-60.8763,,,7.9,-0.9,,,,15,1,10112,,,,8,21982,,,,11,31687,,,,10,2978,,,,32,16215,,,,28,23229,,,,22,31025,,,,27,15045,,,,18,30292,,,,,,,,,,,,,,,,,,,,,,,,,,,,,,,,,
173716,21-Apr-18,16:17:15,2018-04-21 16:17:15,G,1,4,120,,0,9,-62.4194,-60.8694,17:17.7,FastGPS,-62.4194,-60.8694,,,10.7,-1.3,,,,15,32,27572,,,,28,530,,,,22,24650,,,,10,24845,,,,18,4991,,,,1,9338,,,,8,19384,,,,24,32601,,,,11,10981,,,,,,,,,,,,,,,,,,,,,,,,,,,,,,,,,
173716,21-Apr-18,16:47:40,2018-04-21 16:47:40,G,2,4,121,,0,9,-62.4327,-60.8575,47:42.7,FastGPS,-62.4327,-60.8575,,,12.3,-1.3,,,,15,18,20776,,,,14,17666,,,,11,31314,,,,1,24220,,,,8,28189,,,,22,6924,,,,3,30880,,,,32,1940,,,,17,28405,,,,,,,,,,,,,,,,,,,,,,,,,,,,,,,,,
173716,21-Apr-18,17:19:42,2018-04-21 17:19:42,G,3,4,122,,0,9,-62.4473,-60.8463,19:45.1,FastGPS,-62.4473,-60.8463,,,8.2,-0.9,,,,15,17,21610,,,,32,2096,,,,1,15427,,,,22,6950,,,,8,20068,,,,3,6546,,,,11,22473,,,,18,6957,,,,14,11526,,,,,,,,,,,,,,,,,,,,,,,,,,,,,,,,,
173716,21-Apr-18,17:50:00,2018-04-21 17:50:00,G,2,4,123,,0,9,-62.4617,-60.8196,50:02.6,FastGPS,-62.4617,-60.8196,,,7.9,-1.4,,,,15,31,14080,,,,32,27610,,,,17,28732,,,,19,17853,,,,14,15551,,,,12,14592,,,,22,29569,,,,1,25418,,,,3,17428,,,,,,,,,,,,,,,,,,,,,,,,,,,,,,,,,
173716,21-Apr-18,18:21:01,2018-04-21 18:21:01,G,1,4,124,,0,9,-62.4685,-60.803,21:04.1,FastGPS,-62.4685,-60.803,,,10.5,-0.9,,,,15,32,15726,,,,22,7662,,,,17,12521,,,,14,31150,,,,11,22025,,,,12,32480,,,,31,20026,,,,19,28801,,,,25,26808,,,,,,,,,,,,,,,,,,,,,,,,,,,,,,,,,
173716,21-Apr-18,19:24:54,2018-04-21 19:24:54,G,1,4,125,,0,9,-62.4677,-60.8061,24:56.6,FastGPS,-62.4677,-60.8061,,,7.5,-1.4,,,,15,17,32461,,,,23,21170,,,,9,14679,,,,19,29060,,,,31,22240,,,,18,15187,,,,22,17234,,,,6,30230,,,,1,29462,,,,,,,,,,,,,,,,,,,,,,,,,,,,,,,,,
173716,21-Apr-18,21:01:50,2018-04-21 21:01:50,G,3,4,128,,0,9,-62.4482,-60.7581,01:52.6,FastGPS,-62.4482,-60.7581,,1,10.8,-1.4,,,,15,23,6167,,,,2,12068,,,,31,32233,,,,4,10242,,,,7,1854,,,,29,1900,,,,6,17398,,,,26,29564,,,,3,7680,,,,,,,,,,,,,,,,,,,,,,,,,,,,,,,,,
173716,21-Apr-18,21:33:01,2018-04-21 21:33:01,G,2,4,129,,0,9,-62.4429,-60.7416,33:04.2,FastGPS,-62.4429,-60.7416,,1,8.2,-0.9,,,,15,9,4285,,,,23,3646,,,,7,24564,,,,2,1492,,,,4,30325,,,,29,16520,,,,26,11951,,,,6,13823,,,,16,16830,,,,,,,,,,,,,,,,,,,,,,,,,,,,,,,,,
173716,21-Apr-18,22:03:29,2018-04-21 22:03:29,G,1,4,130,,0,9,-62.4374,-60.6962,03:32.2,FastGPS,-62.4374,-60.6962,,1,11.3,-0.8,,,,15,5,29817,,,,29,8885,,,,4,31595,,,,26,4496,,,,23,27820,,,,9,11181,,,,16,30599,,,,2,27278,,,,6,30960,,,,,,,,,,,,,,,,,,,,,,,,,,,,,,,,,
173716,21-Apr-18,22:36:35,2018-04-21 22:36:35,G,2,4,131,,0,9,-62.4376,-60.6482,36:39.1,FastGPS,-62.4376,-60.6482,,,8.3,0.1,,,,15,16,18142,,,,5,5310,,,,9,29302,,,,23,3210,,,,2,15882,,,,7,9918,,,,29,1493,,,,30,5608,,,,26,30559,,,,,,,,,,,,,,,,,,,,,,,,,,,,,,,,,
173716,21-Apr-18,23:08:09,2018-04-21 23:08:09,G,1,4,132,7,0,8,-62.4208,-60.6584,08:12.7,FastGPS,-62.4208,-60.6584,,,8.4,-0.3,,,,15,5,8769,,,,16,17000,,,,7,16630,,,,9,6722,,,,2,190,,,,30,6753,,,,26,20850,,,,29,16463,,,,,,,,,,,,,,,,,,,,,,,,,,,,,,,,,,,,,,
173716,21-Apr-18,23:38:00,2018-04-21 23:38:00,G,1,4,133,7,0,7,-62.4242,-60.6572,38:02.7,FastGPS,-62.4242,-60.6572,,,6.7,-1.3,,,,15,9,4775,,,,7,24097,,,,30,21940,,,,5,18492,,,,16,25772,,,,27,21309,,,,21,12559,,,,,,,,,,,,,,,,,,,,,,,,,,,,,,,,,,,,,,,,,,,
173716,22-Apr-18,0:09:24,2018-04-22 00:09:24,G,2,4,134,7,0,7,-62.4262,-60.6536,09:26.6,FastGPS,-62.4262,-60.6536,,,9,-1.4,,,,15,5,22417,,,,28,16282,,,,30,11098,,,,7,24406,,,,13,27834,,,,8,21876,,,,9,10341,,,,,,,,,,,,,,,,,,,,,,,,,,,,,,,,,,,,,,,,,,,
173716,22-Apr-18,1:10:50,2018-04-22 01:10:50,G,3,4,136,,0,9,-62.4456,-60.6428,10:52.6,FastGPS,-62.4456,-60.6428,,,8.1,-1.4,,,,15,5,30399,,,,8,5571,,,,15,17601,,,,7,18950,,,,30,6408,,,,13,4873,,,,27,15860,,,,28,15192,,,,20,21125,,,,,,,,,,,,,,,,,,,,,,,,,,,,,,,,,
173716,22-Apr-18,1:41:23,2018-04-22 01:41:23,G,1,4,137,7,0,7,-62.4473,-60.6531,41:26.7,FastGPS,-62.4473,-60.6531,,,8.6,-0.3,,,,15,15,26039,,,,7,16902,,,,5,4230,,,,20,30949,,,,28,6046,,,,30,3314,,,,13,20402,,,,,,,,,,,,,,,,,,,,,,,,,,,,,,,,,,,,,,,,,,,
173716,22-Apr-18,2:42:11,2018-04-22 02:42:11,G,1,4,139,,0,9,-62.436,-60.6785,42:14.1,FastGPS,-62.436,-60.6785,,,12.5,-0.9,,,,15,28,25007,,,,30,31972,,,,13,15038,,,,15,11684,,,,11,6891,,,,8,9852,,,,17,29799,,,,10,22423,,,,24,11606,,,,,,,,,,,,,,,,,,,,,,,,,,,,,,,,,
173716,22-Apr-18,4:43:45,2018-04-22 04:43:45,G,2,4,143,7,0,8,-62.439,-60.6178,43:49.1,FastGPS,-62.439,-60.6178,,,12,0.1,,,,15,12,31613,,,,15,31001,,,,24,17585,,,,13,14862,,,,17,18120,,,,6,15417,,,,19,28915,,,,10,7216,,,,,,,,,,,,,,,,,,,,,,,,,,,,,,,,,,,,,,
173716,22-Apr-18,5:15:51,2018-04-22 05:15:51,G,1,4,144,7,0,7,-62.4401,-60.6355,15:53.6,FastGPS,-62.4401,-60.6355,,,11.2,-1.4,,,,15,12,20460,,,,17,27726,,,,24,8306,,,,32,29744,,,,15,32520,,,,6,562,,,,19,425,,,,,,,,,,,,,,,,,,,,,,,,,,,,,,,,,,,,,,,,,,,
173716,22-Apr-18,5:46:00,2018-04-22 05:46:00,G,2,4,145,,0,9,-62.4289,-60.6228,46:02.7,FastGPS,-62.4289,-60.6228,,,8.2,-1.3,,,,15,12,12372,,,,17,24904,,,,24,21848,,,,19,26038,,,,6,26612,,,,22,20466,,,,3,13366,,,,25,32468,,,,32,23210,,,,,,,,,,,,,,,,,,,,,,,,,,,,,,,,,
173716,22-Apr-18,6:16:35,2018-04-22 06:16:35,G,2,4,146,,0,9,-62.4375,-60.6039,16:37.7,FastGPS,-62.4375,-60.6039,,,9.3,-1.3,,,,15,17,14711,,,,19,9381,,,,32,1568,,,,14,9643,,,,12,6599,,,,25,30826,,,,22,21872,,,,3,8552,,,,6,20822,,,,,,,,,,,,,,,,,,,,,,,,,,,,,,,,,
173716,22-Apr-18,6:47:50,2018-04-22 06:47:50,G,1,4,147,,0,9,-62.4535,-60.5778,47:52.7,FastGPS,-62.4535,-60.5778,,,12.1,-1.3,,,,15,32,6613,,,,12,9366,,,,31,25286,,,,19,10,,,,6,15165,,,,14,24514,,,,25,24771,,,,17,19495,,,,29,21508,,,,,,,,,,,,,,,,,,,,,,,,,,,,,,,,,
173716,22-Apr-18,7:19:59,2018-04-22 07:19:59,G,1,4,148,7,0,4,-62.366,-60.68,4/23/2018 7:05,K,-62.4595,-60.5706,,,0.4,-1.3,,,,15,2,5794,,,,29,12266,,,,25,15883,,,,12,25804,,,,,,,,,,,,,,,,,,,,,,,,,,,,,,,,,,,,,,,,,,,,,,,,,,,,,,,,,,
173716,22-Apr-18,7:53:26,2018-04-22 07:53:26,G,2,4,149,,0,9,-62.4601,-60.5889,53:29.2,FastGPS,-62.4601,-60.5889,,1,10.8,-0.8,,,,15,31,8850,,,,4,28214,,,,2,15808,,,,12,16662,,,,3,31051,,,,25,23558,,,,6,31986,,,,23,7062,,,,32,13260,,,,,,,,,,,,,,,,,,,,,,,,,,,,,,,,,
173716,22-Apr-18,8:55:28,2018-04-22 08:55:28,G,1,4,151,7,0,8,-62.4542,-60.592,55:32.2,FastGPS,-62.4542,-60.592,,1,6.3,0.2,,,,15,4,11500,,,,31,6964,,,,5,18876,,,,23,23988,,,,12,18031,,,,29,4306,,,,25,15203,,,,2,28542,,,,,,,,,,,,,,,,,,,,,,,,,,,,,,,,,,,,,,
173716,22-Apr-18,9:27:26,2018-04-22 09:27:26,G,1,4,152,,0,9,-62.456,-60.5946,27:29.1,FastGPS,-62.456,-60.5946,,1,6.7,-0.9,,,,15,31,4074,,,,4,23969,,,,12,9612,,,,5,20876,,,,26,25963,,,,29,9523,,,,23,2637,,,,25,7543,,,,21,26829,,,,,,,,,,,,,,,,,,,,,,,,,,,,,,,,,
173716,22-Apr-18,9:59:55,2018-04-22 09:59:55,G,1,4,153,7,0,7,-62.4535,-60.6059,59:57.7,FastGPS,-62.4535,-60.6059,,1,5.4,-1.3,,,,15,31,15467,,,,29,4803,,,,21,6485,,,,25,26744,,,,5,15792,,,,4,4158,,,,26,2438,,,,,,,,,,,,,,,,,,,,,,,,,,,,,,,,,,,,,,,,,,,
173716,22-Apr-18,11:06:19,2018-04-22 11:06:19,G,2,4,155,7,0,7,-62.4619,-60.6023,06:21.6,FastGPS,-62.4619,-60.6023,,1,13.1,-1.4,,,,15,5,3484,,,,16,21658,,,,29,22144,,,,21,20522,,,,26,8513,,,,20,17162,,,,4,8460,,,,,,,,,,,,,,,,,,,,,,,,,,,,,,,,,,,,,,,,,,,
173716,22-Apr-18,11:36:46,2018-04-22 11:36:46,G,2,4,156,,0,9,-62.4666,-60.5757,36:48.7,FastGPS,-62.4666,-60.5757,,1,9.5,-1.3,,,,15,4,29662,,,,29,31915,,,,27,948,,,,5,6442,,,,7,8574,,,,16,4497,,,,26,24518,,,,20,2953,,,,21,14450,,,,,,,,,,,,,,,,,,,,,,,,,,,,,,,,,
173716,22-Apr-18,12:39:47,2018-04-22 12:39:47,G,1,4,158,,0,9,-62.4947,-60.5258,39:50.1,FastGPS,-62.4947,-60.5258,,1,8,-0.9,,,,15,15,20967,,,,13,28840,,,,7,27249,,,,30,32569,,,,20,17745,,,,21,14450,,,,27,10766,,,,4,24058,,,,10,16795,,,,,,,,,,,,,,,,,,,,,,,,,,,,,,,,,
173716,22-Apr-18,13:11:11,2018-04-22 13:11:11,G,1,4,159,7,0,8,-62.5006,-60.4874,11:15.2,FastGPS,-62.5006,-60.4874,,,15.7,0.2,,,,15,15,22310,,,,20,1062,,,,21,18124,,,,30,3956,,,,27,32343,,,,13,9876,,,,10,1382,,,,7,23390,,,,,,,,,,,,,,,,,,,,,,,,,,,,,,,,,,,,,,
173716,22-Apr-18,13:43:21,2018-04-22 13:43:21,G,2,4,160,7,0,7,-62.492,-60.4783,43:25.1,FastGPS,-62.492,-60.4783,,,9.2,0.1,,,,15,8,26308,,,,15,10518,,,,27,10697,,,,10,20144,,,,20,5558,,,,21,11706,,,,30,23562,,,,,,,,,,,,,,,,,,,,,,,,,,,,,,,,,,,,,,,,,,,
173716,22-Apr-18,14:32:08,2018-04-22 14:32:08,G,3,4,161,8,0,6,-62.4923,-60.4786,32:11.2,FastGPS,-62.4923,-60.4786,,,14.9,-0.8,,,,15,15,5747,,,,20,4951,,,,10,170,,,,28,15888,,,,8,22344,,,,32,12842,,,,,,,,,,,,,,,,,,,,,,,,,,,,,,,,,,,,,,,,,,,,,,,,
173716,22-Apr-18,16:08:20,2018-04-22 16:08:20,G,1,4,164,8,0,8,-62.4884,-60.5369,08:23.1,FastGPS,-62.4884,-60.5369,,,4.9,-0.9,,,,15,10,3846,,,,32,15858,,,,28,2969,,,,1,18518,,,,18,24226,,,,11,29260,,,,14,30126,,,,24,29372,,,,,,,,,,,,,,,,,,,,,,,,,,,,,,,,,,,,,,
173716,22-Apr-18,16:38:01,2018-04-22 16:38:01,G,1,4,165,,0,9,-62.5042,-60.541,38:03.7,FastGPS,-62.5042,-60.541,,,10.7,-1.3,,,,15,1,4165,,,,11,22520,,,,18,13250,,,,22,13116,,,,8,10984,,,,32,31084,,,,17,31215,,,,14,29725,,,,10,21477,,,,,,,,,,,,,,,,,,,,,,,,,,,,,,,,,
173716,22-Apr-18,17:23:15,2018-04-22 17:23:15,G,1,4,166,,0,9,-62.5115,-60.5864,23:17.7,FastGPS,-62.5115,-60.5864,,,6.5,-1.3,,,,15,31,18154,,,,10,9082,,,,32,23256,,,,18,31853,,,,12,17720,,,,22,26302,,,,1,23704,,,,14,20081,,,,11,15311,,,,,,,,,,,,,,,,,,,,,,,,,,,,,,,,,
173716,22-Apr-18,18:26:41,2018-04-22 18:26:41,G,1,4,168,,0,9,-62.5021,-60.6148,26:43.7,FastGPS,-62.5021,-60.6148,,,7.5,-1.3,,,,15,23,30092,,,,18,11294,,,,31,32388,,,,17,24728,,,,1,16206,,,,11,8438,,,,3,800,,,,14,26675,,,,32,29424,,,,,,,,,,,,,,,,,,,,,,,,,,,,,,,,,
173716,22-Apr-18,18:59:31,2018-04-22 18:59:31,G,2,4,169,,0,9,-62.4902,-60.6287,59:34.2,FastGPS,-62.4902,-60.6287,,,12.1,-0.8,,,,15,18,24214,,,,1,28350,,,,31,32424,,,,3,13319,,,,22,19518,,,,23,24869,,,,14,29696,,,,11,31972,,,,32,32017,,,,,,,,,,,,,,,,,,,,,,,,,,,,,,,,,
173716,22-Apr-18,19:33:52,2018-04-22 19:33:52,G,2,4,170,9,0,8,-62.4799,-60.6468,33:55.2,FastGPS,-62.4799,-60.6468,,1,4.5,-0.8,,,,15,31,10138,,,,22,5146,,,,3,13154,,,,23,22194,,,,1,1718,,,,25,23249,,,,4,10598,,,,14,31749,,,,,,,,,,,,,,,,,,,,,,,,,,,,,,,,,,,,,,
173716,22-Apr-18,20:08:07,2018-04-22 20:08:07,G,4,4,171,9,0,7,-62.4747,-60.6553,08:09.7,FastGPS,-62.4747,-60.6553,,,5.7,-1.3,,,,15,3,26204,,,,23,30540,,,,31,24023,,,,22,17144,,,,9,2270,,,,25,26950,,,,2,7196,,,,,,,,,,,,,,,,,,,,,,,,,,,,,,,,,,,,,,,,,,,
173716,22-Apr-18,20:39:18,2018-04-22 20:39:18,G,3,4,172,,0,9,-62.4678,-60.6634,39:21.1,FastGPS,-62.4678,-60.6634,,1,9.2,-0.9,,,,15,23,18567,,,,31,2681,,,,3,8680,,,,26,23220,,,,2,30286,,,,4,20108,,,,29,11229,,,,9,27312,,,,25,24471,,,,,,,,,,,,,,,,,,,,,,,,,,,,,,,,,
173716,22-Apr-18,21:46:14,2018-04-22 21:46:14,G,1,4,174,9,0,8,-62.4186,-60.6915,46:17.2,FastGPS,-62.4186,-60.6915,,1,5.7,-0.8,,,,15,9,1572,,,,5,30910,,,,23,368,,,,29,6436,,,,7,21744,,,,26,16184,,,,16,4453,,,,4,20279,,,,,,,,,,,,,,,,,,,,,,,,,,,,,,,,,,,,,,
173716,22-Apr-18,22:17:08,2018-04-22 22:17:08,G,1,4,175,,0,9,-62.3904,-60.7056,17:11.2,FastGPS,-62.3904,-60.7056,,1,6.6,-0.8,,,,15,23,19993,,,,9,31830,,,,7,14292,,,,29,16305,,,,26,26680,,,,4,9799,,,,16,5454,,,,30,21298,,,,5,32012,,,,,,,,,,,,,,,,,,,,,,,,,,,,,,,,,
173716,22-Apr-18,22:47:40,2018-04-22 22:47:40,G,1,4,176,9,0,7,-62.3868,-60.6981,47:44.2,FastGPS,-62.3868,-60.6981,,,7.5,0.2,,,,15,2,8556,,,,5,3558,,,,7,28481,,,,9,17800,,,,16,17900,,,,6,7825,,,,30,17552,,,,,,,,,,,,,,,,,,,,,,,,,,,,,,,,,,,,,,,,,,,
173716,22-Apr-18,23:18:11,2018-04-22 23:18:11,G,1,4,177,9,0,7,-62.3851,-60.7077,18:14.7,FastGPS,-62.3851,-60.7077,,,7,-0.3,,,,15,5,10100,,,,7,1892,,,,9,4259,,,,16,20120,,,,30,25002,,,,2,8252,,,,13,7257,,,,,,,,,,,,,,,,,,,,,,,,,,,,,,,,,,,,,,,,,,,
173716,23-Apr-18,0:21:39,2018-04-23 00:21:39,G,1,4,179,9,0,8,-62.3847,-60.729,21:41.6,FastGPS,-62.3847,-60.729,,,12.4,-1.4,,,,15,7,12352,,,,27,7181,,,,30,12885,,,,5,27272,,,,21,25750,,,,13,13526,,,,8,29787,,,,15,5495,,,,,,,,,,,,,,,,,,,,,,,,,,,,,,,,,,,,,,
173716,23-Apr-18,0:53:24,2018-04-23 00:53:24,G,1,4,180,,0,9,-62.3851,-60.7202,53:26.7,FastGPS,-62.3851,-60.7202,,,8,-1.3,,,,15,7,22619,,,,5,28550,,,,30,10546,,,,28,15454,,,,8,9294,,,,21,21744,,,,27,26246,,,,15,16515,,,,20,4680,,,,,,,,,,,,,,,,,,,,,,,,,,,,,,,,,
173716,23-Apr-18,1:23:00,2018-04-23 01:23:00,G,1,4,181,,0,9,-62.3827,-60.7137,23:03.2,FastGPS,-62.3827,-60.7137,,,18.1,-0.8,,,,15,7,17290,,,,8,11150,,,,13,4342,,,,30,8662,,,,28,4545,,,,27,7026,,,,5,2601,,,,20,15091,,,,21,4948,,,,,,,,,,,,,,,,,,,,,,,,,,,,,,,,,
173716,23-Apr-18,1:56:20,2018-04-23 01:56:20,G,1,4,182,9,0,8,-62.3804,-60.713,56:24.2,FastGPS,-62.3804,-60.713,,,13.4,0.2,,,,15,30,3164,,,,7,17267,,,,8,1024,,,,28,31379,,,,15,8028,,,,27,10565,,,,13,23934,,,,20,27527,,,,,,,,,,,,,,,,,,,,,,,,,,,,,,,,,,,,,,
173716,23-Apr-18,2:59:01,2018-04-23 02:59:01,G,2,4,184,9,0,6,-62.3863,-60.6926,59:04.7,FastGPS,-62.3863,-60.6926,,,1.1,-0.3,,,,15,15,11478,,,,28,11786,,,,24,19287,,,,13,23844,,,,17,18410,,,,20,12708,,,,,,,,,,,,,,,,,,,,,,,,,,,,,,,,,,,,,,,,,,,,,,,,
173716,23-Apr-18,3:29:25,2018-04-23 03:29:25,G,1,4,185,,0,9,-62.3855,-60.681,29:29.1,FastGPS,-62.3855,-60.681,,,11,0.1,,,,15,17,10803,,,,28,23596,,,,13,26008,,,,19,8444,,,,24,1678,,,,10,25574,,,,18,21300,,,,11,1837,,,,30,19363,,,,,,,,,,,,,,,,,,,,,,,,,,,,,,,,,
173716,23-Apr-18,4:29:26,2018-04-23 04:29:26,G,2,4,187,9,0,6,-62.3801,-60.6545,29:29.7,FastGPS,-62.3801,-60.6545,,,4,-0.3,,,,15,15,24226,,,,12,10856,,,,24,22035,,,,17,1557,,,,19,28622,,,,13,18576,,,,,,,,,,,,,,,,,,,,,,,,,,,,,,,,,,,,,,,,,,,,,,,,
173716,23-Apr-18,6:01:01,2018-04-23 06:01:01,G,3,4,190,9,0,8,-62.3714,-60.6599,01:04.2,FastGPS,-62.3714,-60.6599,,,6,-0.8,,,,15,17,20600,,,,6,18887,,,,32,31204,,,,14,10586,,,,19,27456,,,,22,21388,,,,12,16443,,,,2,5486,,,,,,,,,,,,,,,,,,,,,,,,,,,,,,,,,,,,,,
173716,23-Apr-18,6:32:02,2018-04-23 06:32:02,G,1,4,191,,0,9,-62.3603,-60.6674,32:04.7,FastGPS,-62.3603,-60.6674,,,8.8,-1.3,,,,15,12,305,,,,2,5062,,,,6,30669,,,,32,22348,,,,24,4107,,,,17,1627,,,,14,12091,,,,19,30650,,,,25,13226,,,,,,,,,,,,,,,,,,,,,,,,,,,,,,,,,
173716,23-Apr-18,7:03:48,2018-04-23 07:03:48,G,1,4,192,,0,9,-62.3629,-60.6877,03:50.7,FastGPS,-62.3629,-60.6877,,,7.4,-1.3,,,,15,31,8116,,,,29,11685,,,,32,13382,,,,12,26315,,,,3,7210,,,,14,8472,,,,19,16900,,,,2,25172,,,,25,8612,,,,,,,,,,,,,,,,,,,,,,,,,,,,,,,,,
173716,23-Apr-18,7:50:20,2018-04-23 07:50:20,G,1,4,193,10,0,7,-62.3783,-60.6648,50:23.2,FastGPS,-62.3783,-60.6648,,1,6.3,-0.8,,,,15,29,3160,,,,31,1572,,,,6,18390,,,,25,14701,,,,12,4242,,,,2,6400,,,,4,22710,,,,,,,,,,,,,,,,,,,,,,,,,,,,,,,,,,,,,,,,,,,
173716,23-Apr-18,8:21:04,2018-04-23 08:21:04,G,1,4,194,,0,9,-62.3714,-60.6664,21:07.7,FastGPS,-62.3714,-60.6664,,1,6.4,-0.3,,,,15,29,2978,,,,4,22564,,,,31,27956,,,,12,6324,,,,25,18104,,,,2,26153,,,,23,349,,,,14,18492,,,,5,2572,,,,,,,,,,,,,,,,,,,,,,,,,,,,,,,,,
173716,23-Apr-18,8:52:19,2018-04-23 08:52:19,G,2,4,195,10,0,8,-62.3664,-60.6772,52:23.1,FastGPS,-62.3664,-60.6772,,1,9.2,0.1,,,,15,12,1460,,,,31,26957,,,,4,2252,,,,2,12673,,,,25,1193,,,,5,9324,,,,23,10428,,,,29,26224,,,,,,,,,,,,,,,,,,,,,,,,,,,,,,,,,,,,,,
173716,23-Apr-18,10:24:47,2018-04-23 10:24:47,G,2,4,198,10,0,8,-62.3857,-60.6539,24:50.7,FastGPS,-62.3857,-60.6539,,1,8,-0.3,,,,15,31,26192,,,,16,25489,,,,5,15448,,,,29,19049,,,,4,25506,,,,26,20121,,,,21,6363,,,,20,20847,,,,,,,,,,,,,,,,,,,,,,,,,,,,,,,,,,,,,,
173716,23-Apr-18,10:56:02,2018-04-23 10:56:02,G,2,4,199,,0,9,-62.3998,-60.6616,56:04.7,FastGPS,-62.3998,-60.6616,,1,9.1,-1.3,,,,15,5,24691,,,,4,26226,,,,21,10400,,,,26,20086,,,,20,657,,,,25,17989,,,,16,13926,,,,31,30472,,,,29,18102,,,,,,,,,,,,,,,,,,,,,,,,,,,,,,,,,
173716,23-Apr-18,11:27:29,2018-04-23 11:27:29,G,3,4,200,10,0,7,-62.4132,-60.67,27:32.1,FastGPS,-62.4132,-60.67,,1,13.5,-0.9,,,,15,27,13138,,,,29,20996,,,,16,32000,,,,4,13148,,,,21,7466,,,,26,3606,,,,20,21555,,,,,,,,,,,,,,,,,,,,,,,,,,,,,,,,,,,,,,,,,,,
173716,23-Apr-18,11:57:08,2018-04-23 11:57:08,G,2,4,201,,0,9,-62.4249,-60.6645,57:11.7,FastGPS,-62.4249,-60.6645,,1,7.4,-0.3,,,,15,27,621,,,,10,15875,,,,16,17382,,,,4,13002,,,,26,25768,,,,20,16786,,,,7,13859,,,,21,1472,,,,15,30260,,,,,,,,,,,,,,,,,,,,,,,,,,,,,,,,,
173716,23-Apr-18,12:43:20,2018-04-23 12:43:20,G,1,4,202,,0,9,-62.4321,-60.6789,43:23.7,FastGPS,-62.4321,-60.6789,,1,8.7,-0.3,,,,15,16,12388,,,,4,31000,,,,27,7638,,,,15,11914,,,,20,23458,,,,7,27159,,,,10,27842,,,,8,6095,,,,26,32442,,,,,,,,,,,,,,,,,,,,,,,,,,,,,,,,,
173716,23-Apr-18,13:15:59,2018-04-23 13:15:59,G,3,4,203,11,0,7,-62.4387,-60.709,16:02.7,FastGPS,-62.4387,-60.709,,,11.6,-0.3,,,,15,15,9516,,,,16,210,,,,27,27594,,,,10,16015,,,,21,2764,,,,26,2377,,,,20,744,,,,,,,,,,,,,,,,,,,,,,,,,,,,,,,,,,,,,,,,,,,
173716,23-Apr-18,13:46:02,2018-04-23 13:46:02,G,3,4,204,11,0,6,-62.4344,-60.7125,46:05.2,FastGPS,-62.4344,-60.7125,,,2.9,-0.8,,,,15,15,14302,,,,10,13766,,,,20,30556,,,,21,24469,,,,7,27403,,,,8,26524,,,,,,,,,,,,,,,,,,,,,,,,,,,,,,,,,,,,,,,,,,,,,,,,
173716,23-Apr-18,14:19:24,2018-04-23 14:19:24,G,1,4,205,11,0,7,-62.4259,-60.7012,19:27.2,FastGPS,-62.4259,-60.7012,,,5.8,-0.8,,,,15,15,6758,,,,28,31002,,,,10,9961,,,,20,24048,,,,8,23703,,,,27,509,,,,18,23299,,,,,,,,,,,,,,,,,,,,,,,,,,,,,,,,,,,,,,,,,,,
173716,23-Apr-18,15:21:04,2018-04-23 15:21:04,G,1,4,207,11,0,7,-62.4096,-60.6892,21:07.7,FastGPS,-62.4096,-60.6892,,,10.4,-0.3,,,,15,28,18230,,,,1,32441,,,,10,8038,,,,11,14184,,,,32,26955,,,,8,15443,,,,18,15085,,,,,,,,,,,,,,,,,,,,,,,,,,,,,,,,,,,,,,,,,,,
173716,23-Apr-18,15:51:00,2018-04-23 15:51:00,G,3,4,208,11,0,7,-62.4055,-60.6907,51:02.7,FastGPS,-62.4055,-60.6907,,,11.7,-1.3,,,,15,10,3452,,,,32,16344,,,,24,17296,,,,22,27795,,,,1,27844,,,,28,14763,,,,14,30522,,,,,,,,,,,,,,,,,,,,,,,,,,,,,,,,,,,,,,,,,,,
173716,23-Apr-18,16:23:42,2018-04-23 16:23:42,G,2,4,209,,0,9,-62.4038,-60.6866,23:45.2,FastGPS,-62.4038,-60.6866,,,9.1,-0.8,,,,15,14,12850,,,,28,31470,,,,18,22406,,,,22,22674,,,,32,10293,,,,17,30643,,,,11,30403,,,,3,30388,,,,8,1162,,,,,,,,,,,,,,,,,,,,,,,,,,,,,,,,,
173716,23-Apr-18,16:55:47,2018-04-23 16:55:47,G,1,4,210,,0,9,-62.4022,-60.6835,55:50.2,FastGPS,-62.4022,-60.6835,,,10,-0.8,,,,15,17,9856,,,,3,15910,,,,11,10406,,,,18,30491,,,,1,3977,,,,14,1004,,,,22,7730,,,,32,3342,,,,19,9352,,,,,,,,,,,,,,,,,,,,,,,,,,,,,,,,,
173716,23-Apr-18,17:26:00,2018-04-23 17:26:00,G,2,4,211,,0,9,-62.4047,-60.6853,26:02.7,FastGPS,-62.4047,-60.6853,,,9.1,-1.3,,,,15,32,24097,,,,17,15868,,,,3,14431,,,,31,547,,,,11,23655,,,,14,6872,,,,1,12092,,,,22,25015,,,,18,6188,,,,,,,,,,,,,,,,,,,,,,,,,,,,,,,,,
173716,23-Apr-18,17:56:00,2018-04-23 17:56:00,G,1,4,212,,0,9,-62.4085,-60.6822,56:02.7,FastGPS,-62.4085,-60.6822,,,8.2,-1.3,,,,15,32,6758,,,,17,3424,,,,31,27453,,,,18,9044,,,,19,17434,,,,12,3541,,,,14,25444,,,,3,17120,,,,11,32328,,,,,,,,,,,,,,,,,,,,,,,,,,,,,,,,,
173716,23-Apr-18,18:59:12,2018-04-23 18:59:12,G,1,4,214,,0,9,-62.4188,-60.6786,59:14.7,FastGPS,-62.4188,-60.6786,,,12.8,-1.3,,,,15,3,14232,,,,17,1810,,,,23,7692,,,,19,25569,,,,1,15182,,,,32,14318,,,,18,8690,,,,11,17767,,,,12,21010,,,,,,,,,,,,,,,,,,,,,,,,,,,,,,,,,
173716,23-Apr-18,19:30:35,2018-04-23 19:30:35,G,1,4,215,,0,9,-62.425,-60.6833,30:37.7,FastGPS,-62.425,-60.6833,,1,9.2,-1.3,,,,15,12,12050,,,,31,15453,,,,23,31480,,,,25,28804,,,,6,12826,,,,17,15946,,,,4,19939,,,,3,19107,,,,19,8181,,,,,,,,,,,,,,,,,,,,,,,,,,,,,,,,,
173716,23-Apr-18,20:01:54,2018-04-23 20:01:54,G,1,4,216,11,0,7,-62.4293,-60.6888,01:57.2,FastGPS,-62.4293,-60.6888,,1,3,-0.8,,,,15,22,10007,,,,23,13024,,,,9,11543,,,,26,26562,,,,6,9030,,,,4,16436,,,,3,16385,,,,,,,,,,,,,,,,,,,,,,,,,,,,,,,,,,,,,,,,,,,
173716,23-Apr-18,21:18:00,2018-04-23 21:18:00,G,1,4,218,12,0,6,-62.4486,-60.6937,18:02.7,FastGPS,-62.4486,-60.6937,,1,7.7,-1.3,,,,15,7,7852,,,,23,4546,,,,2,17074,,,,6,15699,,,,4,20654,,,,9,12020,,,,,,,,,,,,,,,,,,,,,,,,,,,,,,,,,,,,,,,,,,,,,,,,
173716,23-Apr-18,21:49:08,2018-04-23 21:49:08,G,1,4,219,12,0,8,-62.4509,-60.6899,49:11.2,FastGPS,-62.4509,-60.6899,,1,8.4,-0.8,,,,15,7,26731,,,,29,13410,,,,9,11868,,,,2,5749,,,,6,22439,,,,5,4343,,,,4,14411,,,,23,17138,,,,,,,,,,,,,,,,,,,,,,,,,,,,,,,,,,,,,,
173716,23-Apr-18,22:19:00,2018-04-23 22:19:00,G,2,4,220,,0,9,-62.452,-60.6667,19:02.7,FastGPS,-62.452,-60.6667,,1,6.2,-1.3,,,,15,9,31583,,,,7,5772,,,,5,27620,,,,16,11706,,,,23,312,,,,29,12097,,,,4,29542,,,,2,3928,,,,26,16754,,,,,,,,,,,,,,,,,,,,,,,,,,,,,,,,,
173716,24-Apr-18,0:21:55,2018-04-24 00:21:55,G,1,4,224,12,0,6,-62.3655,-60.7208,21:57.7,FastGPS,-62.3655,-60.7208,,,8.2,-1.3,,,,15,7,15479,,,,5,1628,,,,28,27478,,,,9,18516,,,,30,28248,,,,8,23407,,,,,,,,,,,,,,,,,,,,,,,,,,,,,,,,,,,,,,,,,,,,,,,,
173716,24-Apr-18,2:54:54,2018-04-24 02:54:54,G,1,4,229,,0,9,-62.4071,-60.7268,54:56.7,FastGPS,-62.4071,-60.7268,,,6.8,-1.3,,,,15,10,11697,,,,28,31457,,,,15,31196,,,,13,10710,,,,11,29892,,,,30,15078,,,,17,5364,,,,18,18677,,,,20,1106,,,,,,,,,,,,,,,,,,,,,,,,,,,,,,,,,
173716,24-Apr-18,3:25:56,2018-04-24 03:25:56,G,1,4,230,12,0,7,-62.4158,-60.6783,25:59.2,FastGPS,-62.4158,-60.6783,,,12.3,-0.8,,,,15,15,14644,,,,17,4128,,,,28,12703,,,,24,27770,,,,10,17202,,,,20,6141,,,,13,14531,,,,,,,,,,,,,,,,,,,,,,,,,,,,,,,,,,,,,,,,,,,
173716,24-Apr-18,4:30:30,2018-04-24 04:30:30,G,1,4,232,,0,9,-62.4529,-60.6075,30:33.7,FastGPS,-62.4529,-60.6075,,,4.9,-0.3,,,,15,1,8336,,,,32,29164,,,,12,2928,,,,10,11738,,,,17,8181,,,,15,8766,,,,19,10486,,,,24,1678,,,,18,3116,,,,,,,,,,,,,,,,,,,,,,,,,,,,,,,,,
173716,24-Apr-18,5:00:54,2018-04-24 05:00:54,G,1,4,233,12,0,6,-62.45,-60.5952,00:56.7,FastGPS,-62.45,-60.5952,,,8.1,-1.3,,,,15,12,17076,,,,17,23970,,,,19,16426,,,,1,26799,,,,32,30988,,,,24,26869,,,,,,,,,,,,,,,,,,,,,,,,,,,,,,,,,,,,,,,,,,,,,,,,
173716,24-Apr-18,5:32:22,2018-04-24 05:32:22,G,1,4,234,,0,9,-62.4525,-60.6084,32:24.7,FastGPS,-62.4525,-60.6084,,,5.8,-1.3,,,,15,17,24647,,,,19,15545,,,,32,1011,,,,22,358,,,,12,15955,,,,14,21276,,,,24,13199,,,,1,8150,,,,6,23942,,,,,,,,,,,,,,,,,,,,,,,,,,,,,,,,,
173716,24-Apr-18,7:05:38,2018-04-24 07:05:38,G,1,4,237,12,0,8,-62.4467,-60.5884,05:40.7,FastGPS,-62.4467,-60.5884,,,10.8,-1.3,,,,15,12,29652,,,,25,31700,,,,24,19528,,,,6,12832,,,,31,9504,,,,29,13910,,,,19,3832,,,,2,18693,,,,,,,,,,,,,,,,,,,,,,,,,,,,,,,,,,,,,,
173716,24-Apr-18,8:36:58,2018-04-24 08:36:58,G,2,4,240,12,0,8,-62.4397,-60.5661,37:01.2,FastGPS,-62.4397,-60.5661,,1,10.7,-0.8,,,,15,2,8469,,,,31,26647,,,,23,6946,,,,25,17142,,,,29,3194,,,,5,261,,,,26,29403,,,,4,23055,,,,,,,,,,,,,,,,,,,,,,,,,,,,,,,,,,,,,,
173716,24-Apr-18,9:07:24,2018-04-24 09:07:24,G,1,4,241,,0,9,-62.4381,-60.5485,07:27.2,FastGPS,-62.4381,-60.5485,,1,10.4,-0.8,,,,15,5,17299,,,,2,28272,,,,23,12768,,,,29,29481,,,,9,9492,,,,4,15127,,,,31,19888,,,,26,8244,,,,25,3236,,,,,,,,,,,,,,,,,,,,,,,,,,,,,,,,,
173716,24-Apr-18,9:37:03,2018-04-24 09:37:03,G,2,4,242,12,0,6,-62.4379,-60.5744,37:05.7,FastGPS,-62.4379,-60.5744,,1,12.6,-1.3,,,,15,21,24212,,,,5,25311,,,,29,10442,,,,2,8812,,,,25,14075,,,,4,4282,,,,,,,,,,,,,,,,,,,,,,,,,,,,,,,,,,,,,,,,,,,,,,,,
173716,24-Apr-18,10:23:00,2018-04-24 10:23:00,G,2,4,243,,0,9,-62.44,-60.6025,23:02.7,FastGPS,-62.44,-60.6025,,1,6.2,-1.3,,,,15,5,10148,,,,29,9724,,,,31,10976,,,,21,11095,,,,26,18456,,,,16,29908,,,,20,22117,,,,4,21293,,,,25,7948,,,,,,,,,,,,,,,,,,,,,,,,,,,,,,,,,
173716,24-Apr-18,10:53:01,2018-04-24 10:53:01,G,1,4,244,13,0,6,-62.464,-60.6186,53:04.2,FastGPS,-62.464,-60.6186,,1,0.9,-0.8,,,,15,5,18744,,,,16,12729,,,,29,10366,,,,21,8856,,,,4,20065,,,,26,15146,,,,,,,,,,,,,,,,,,,,,,,,,,,,,,,,,,,,,,,,,,,,,,,,
173716,24-Apr-18,11:53:09,2018-04-24 11:53:09,G,1,4,246,,0,9,-62.5011,-60.7012,53:12.2,FastGPS,-62.5011,-60.7012,,1,10.2,-0.8,,,,15,16,23569,,,,20,21821,,,,4,18114,,,,26,31064,,,,15,3696,,,,10,21750,,,,29,30260,,,,5,18463,,,,7,21072,,,,,,,,,,,,,,,,,,,,,,,,,,,,,,,,,
173716,24-Apr-18,12:23:00,2018-04-24 12:23:00,G,2,4,247,,0,9,-62.5208,-60.7039,23:03.7,FastGPS,-62.5208,-60.7039,,,11,-0.3,,,,15,7,11038,,,,27,28165,,,,16,12723,,,,30,28643,,,,15,9040,,,,29,5962,,,,10,18850,,,,13,30124,,,,26,3179,,,,,,,,,,,,,,,,,,,,,,,,,,,,,,,,,
173716,24-Apr-18,12:53:00,2018-04-24 12:53:00,G,1,4,248,,1,9,-62.5208,-60.7036,53:03.7,FastGPS,-62.5208,-60.7036,,1,8.6,-0.3,,,,15,7,29665,,,,30,19337,,,,8,27582,,,,27,30850,,,,21,30993,,,,16,31623,,,,26,26218,,,,4,21658,,,,20,3484,,,,,,,,,,,,,,,,,,,,,,,,,,,,,,,,,
173716,24-Apr-18,21:41:45,2018-04-24 21:41:45,G,1,4,250,13,0,8,-62.503,-60.6517,41:48.7,FastGPS,-62.503,-60.6517,,1,5.3,-0.3,,,,15,4,1486,,,,29,27177,,,,7,24414,,,,23,7524,,,,9,23130,,,,16,31174,,,,26,32719,,,,5,2300,,,,,,,,,,,,,,,,,,,,,,,,,,,,,,,,,,,,,,
173716,24-Apr-18,22:46:47,2018-04-24 22:46:47,G,1,4,252,13,0,7,-62.4518,-60.5917,46:51.2,FastGPS,-62.4518,-60.5917,,,2.7,0.2,,,,15,5,20078,,,,7,4898,,,,9,30564,,,,30,7413,,,,29,15950,,,,16,3378,,,,23,8482,,,,,,,,,,,,,,,,,,,,,,,,,,,,,,,,,,,,,,,,,,,
173716,24-Apr-18,23:20:20,2018-04-24 23:20:20,G,1,4,253,,0,9,-62.4628,-60.5719,20:23.7,FastGPS,-62.4628,-60.5719,,,5.4,-0.3,,,,15,5,9642,,,,7,22034,,,,16,7965,,,,21,25517,,,,23,31175,,,,30,4826,,,,8,11544,,,,13,3980,,,,27,5670,,,,,,,,,,,,,,,,,,,,,,,,,,,,,,,,,
173716,24-Apr-18,23:50:25,2018-04-24 23:50:25,G,1,4,254,13,0,8,-62.4549,-60.5218,50:29.2,FastGPS,-62.4549,-60.5218,,,4.2,0.2,,,,15,5,14435,,,,7,24500,,,,30,24201,,,,27,24014,,,,16,20405,,,,9,27954,,,,8,21815,,,,21,30261,,,,,,,,,,,,,,,,,,,,,,,,,,,,,,,,,,,,,,
173716,25-Apr-18,0:20:25,2018-04-25 00:20:25,G,3,4,255,,0,9,-62.4402,-60.4811,20:29.2,FastGPS,-62.4402,-60.4811,,,11.2,0.2,,,,15,5,7332,,,,7,20753,,,,13,29939,,,,27,1126,,,,30,7179,,,,8,10482,,,,21,21367,,,,28,18124,,,,9,18040,,,,,,,,,,,,,,,,,,,,,,,,,,,,,,,,,
173716,25-Apr-18,0:52:34,2018-04-25 00:52:34,G,1,4,256,,0,9,-62.4235,-60.4335,52:38.2,FastGPS,-62.4235,-60.4335,,,9.1,0.2,,,,15,7,16577,,,,30,22266,,,,5,24018,,,,8,7327,,,,13,29393,,,,27,2070,,,,28,31910,,,,15,31714,,,,21,30026,,,,,,,,,,,,,,,,,,,,,,,,,,,,,,,,,
173716,25-Apr-18,1:23:09,2018-04-25 01:23:09,G,3,4,257,13,0,6,-62.4017,-60.4373,23:12.7,FastGPS,-62.4017,-60.4373,,,11.7,-0.3,,,,15,7,4120,,,,28,16886,,,,30,12167,,,,13,5151,,,,8,31745,,,,27,4513,,,,,,,,,,,,,,,,,,,,,,,,,,,,,,,,,,,,,,,,,,,,,,,,
173716,25-Apr-18,1:53:22,2018-04-25 01:53:22,G,2,4,258,13,0,7,-62.388,-60.4774,53:25.2,FastGPS,-62.388,-60.4774,,,9.6,-0.8,,,,15,15,17224,,,,30,16723,,,,5,12656,,,,20,20562,,,,13,20881,,,,7,23081,,,,28,1608,,,,,,,,,,,,,,,,,,,,,,,,,,,,,,,,,,,,,,,,,,,
173716,25-Apr-18,2:24:33,2018-04-25 02:24:33,G,3,4,259,13,0,7,-62.4027,-60.5018,24:35.7,FastGPS,-62.4027,-60.5018,,,6.2,-1.3,,,,15,15,6058,,,,28,31892,,,,13,24977,,,,17,7356,,,,30,24678,,,,7,28967,,,,11,2585,,,,,,,,,,,,,,,,,,,,,,,,,,,,,,,,,,,,,,,,,,,
173716,25-Apr-18,2:56:23,2018-04-25 02:56:23,G,2,4,260,13,0,7,-62.4285,-60.5255,56:26.2,FastGPS,-62.4285,-60.5255,,,7.2,-0.8,,,,15,15,6440,,,,24,3850,,,,13,4336,,,,20,27732,,,,10,30055,,,,19,30040,,,,28,28396,,,,,,,,,,,,,,,,,,,,,,,,,,,,,,,,,,,,,,,,,,,
173716,25-Apr-18,3:29:35,2018-04-25 03:29:35,G,1,4,261,13,0,7,-62.4397,-60.5447,29:38.2,FastGPS,-62.4397,-60.5447,,,10.7,-0.8,,,,15,15,1542,,,,13,16968,,,,17,30242,,,,19,31544,,,,30,4604,,,,24,20208,,,,1,8107,,,,,,,,,,,,,,,,,,,,,,,,,,,,,,,,,,,,,,,,,,,
173716,25-Apr-18,3:59:44,2018-04-25 03:59:44,G,1,4,262,,0,9,-62.4458,-60.5516,59:47.7,FastGPS,-62.4458,-60.5516,,,9.3,-0.3,,,,15,17,28442,,,,15,16102,,,,19,24992,,,,12,4929,,,,13,6981,,,,1,29275,,,,18,6067,,,,11,16948,,,,24,29535,,,,,,,,,,,,,,,,,,,,,,,,,,,,,,,,,
173716,25-Apr-18,6:02:29,2018-04-25 06:02:29,G,1,4,266,,0,9,-62.4522,-60.5261,02:33.2,FastGPS,-62.4522,-60.5261,,,12.6,0.2,,,,15,19,335,,,,6,3233,,,,32,21154,,,,22,9241,,,,14,24345,,,,17,7185,,,,24,15130,,,,12,23064,,,,3,25455,,,,,,,,,,,,,,,,,,,,,,,,,,,,,,,,,
173716,25-Apr-18,6:32:00,2018-04-25 06:32:00,G,1,4,267,,0,9,-62.4522,-60.5294,32:03.7,FastGPS,-62.4522,-60.5294,,,8,-0.3,,,,15,6,4423,,,,19,4022,,,,17,26612,,,,2,4010,,,,24,3485,,,,12,549,,,,25,4852,,,,3,28208,,,,14,14762,,,,,,,,,,,,,,,,,,,,,,,,,,,,,,,,,
173716,25-Apr-18,7:03:54,2018-04-25 07:03:54,G,1,4,268,,0,9,-62.459,-60.5167,03:57.7,FastGPS,-62.459,-60.5167,,,5.6,-0.3,,,,15,29,21415,,,,12,24406,,,,24,5870,,,,25,1534,,,,6,8309,,,,14,4823,,,,19,25134,,,,31,16420,,,,2,22644,,,,,,,,,,,,,,,,,,,,,,,,,,,,,,,,,
173716,25-Apr-18,7:35:30,2018-04-25 07:35:30,G,1,4,269,,0,9,-62.4549,-60.5047,35:33.2,FastGPS,-62.4549,-60.5047,,,13.2,-0.8,,,,15,12,17346,,,,31,12544,,,,2,31446,,,,29,6416,,,,19,5765,,,,23,10828,,,,25,4978,,,,3,4107,,,,6,1013,,,,,,,,,,,,,,,,,,,,,,,,,,,,,,,,,
173716,25-Apr-18,8:37:43,2018-04-25 08:37:43,G,2,4,271,,0,9,-62.4641,-60.5378,37:46.2,FastGPS,-62.4641,-60.5378,,1,10.8,-0.8,,,,15,23,18248,,,,26,27255,,,,31,2970,,,,29,21602,,,,2,5960,,,,12,2386,,,,5,27078,,,,4,17981,,,,25,18973,,,,,,,,,,,,,,,,,,,,,,,,,,,,,,,,,
173716,25-Apr-18,9:08:00,2018-04-25 09:08:00,G,3,4,272,,0,9,-62.4588,-60.5312,08:03.7,FastGPS,-62.4588,-60.5312,,1,4.4,-0.3,,,,15,31,26875,,,,4,11758,,,,29,14976,,,,12,19347,,,,25,5115,,,,5,12278,,,,26,8600,,,,23,22159,,,,2,25672,,,,,,,,,,,,,,,,,,,,,,,,,,,,,,,,,
173716,25-Apr-18,9:38:26,2018-04-25 09:38:26,G,1,4,273,13,0,7,-62.4643,-60.5328,38:29.2,FastGPS,-62.4643,-60.5328,,1,7.5,-0.8,,,,15,31,31308,,,,5,23927,,,,21,9656,,,,29,30629,,,,4,5767,,,,26,28453,,,,25,16147,,,,,,,,,,,,,,,,,,,,,,,,,,,,,,,,,,,,,,,,,,,
173716,25-Apr-18,10:08:12,2018-04-25 10:08:12,G,1,4,274,13,0,7,-62.4843,-60.5409,08:15.7,FastGPS,-62.4843,-60.5409,,1,5.6,-0.3,,,,15,29,2458,,,,31,27310,,,,5,18428,,,,26,7027,,,,21,32457,,,,16,25824,,,,4,20680,,,,,,,,,,,,,,,,,,,,,,,,,,,,,,,,,,,,,,,,,,,
173716,25-Apr-18,11:41:09,2018-04-25 11:41:09,G,1,4,277,,0,9,-62.5192,-60.4743,41:12.7,FastGPS,-62.5192,-60.4743,,1,9.9,-0.3,,,,15,4,27396,,,,7,25150,,,,20,21181,,,,21,17944,,,,16,2865,,,,5,31538,,,,29,14353,,,,30,30783,,,,15,24108,,,,,,,,,,,,,,,,,,,,,,,,,,,,,,,,,
173716,25-Apr-18,14:15:32,2018-04-25 14:15:32,G,1,4,282,,0,9,-62.5196,-60.4542,15:35.2,FastGPS,-62.5196,-60.4542,,,9.2,-0.8,,,,15,15,22272,,,,20,9888,,,,10,3511,,,,32,30152,,,,21,15013,,,,8,21606,,,,27,15337,,,,18,30068,,,,11,23802,,,,,,,,,,,,,,,,,,,,,,,,,,,,,,,,,
173716,25-Apr-18,14:45:00,2018-04-25 14:45:00,G,1,4,283,13,0,6,-62.5191,-60.454,45:02.7,FastGPS,-62.5191,-60.454,,,2.6,-1.3,,,,15,10,5898,,,,15,10180,,,,32,7908,,,,8,21268,,,,28,1746,,,,27,11961,,,,,,,,,,,,,,,,,,,,,,,,,,,,,,,,,,,,,,,,,,,,,,,,
173716,25-Apr-18,15:18:31,2018-04-25 15:18:31,G,1,4,284,13,0,7,-62.5135,-60.4536,18:34.2,FastGPS,-62.5135,-60.4536,,,8.5,-0.8,,,,15,32,13750,,,,10,30888,,,,18,30942,,,,8,7065,,,,11,31138,,,,27,29699,,,,24,22938,,,,,,,,,,,,,,,,,,,,,,,,,,,,,,,,,,,,,,,,,,,
173716,25-Apr-18,15:48:45,2018-04-25 15:48:45,G,1,4,285,,0,9,-62.5078,-60.4453,48:48.2,FastGPS,-62.5078,-60.4453,,,8.4,-0.8,,,,15,32,7610,,,,10,31293,,,,1,28404,,,,27,9556,,,,11,19996,,,,18,15778,,,,24,326,,,,14,2222,,,,22,1240,,,,,,,,,,,,,,,,,,,,,,,,,,,,,,,,,
173716,25-Apr-18,16:20:09,2018-04-25 16:20:09,G,1,4,286,,0,9,-62.5019,-60.4301,20:11.7,FastGPS,-62.5019,-60.4301,,,11.2,-1.3,,,,15,32,30506,,,,22,25495,,,,10,10371,,,,18,10123,,,,11,18552,,,,28,2366,,,,24,6539,,,,8,31710,,,,14,12392,,,,,,,,,,,,,,,,,,,,,,,,,,,,,,,,,
173716,25-Apr-18,16:52:26,2018-04-25 16:52:26,G,1,4,287,,0,9,-62.4813,-60.417,52:28.7,FastGPS,-62.4813,-60.417,,,12.4,-1.3,,,,15,10,22644,,,,31,31556,,,,14,1098,,,,18,18978,,,,32,23073,,,,1,2936,,,,11,31830,,,,22,13398,,,,24,20864,,,,,,,,,,,,,,,,,,,,,,,,,,,,,,,,,
173716,25-Apr-18,17:25:59,2018-04-25 17:25:59,G,2,4,288,,0,9,-62.4587,-60.435,26:01.7,FastGPS,-62.4587,-60.435,,,10.5,-1.3,,,,15,31,25930,,,,11,30962,,,,18,12751,,,,22,27896,,,,14,29301,,,,1,2301,,,,12,4260,,,,32,26399,,,,3,30857,,,,,,,,,,,,,,,,,,,,,,,,,,,,,,,,,
173716,25-Apr-18,17:56:45,2018-04-25 17:56:45,G,3,4,289,,0,9,-62.4463,-60.4443,56:47.7,FastGPS,-62.4463,-60.4443,,,4.6,-1.3,,,,15,31,7830,,,,32,23778,,,,12,574,,,,22,18062,,,,1,9318,,,,14,26714,,,,18,29958,,,,17,21666,,,,3,20786,,,,,,,,,,,,,,,,,,,,,,,,,,,,,,,,,
173716,25-Apr-18,18:45:42,2018-04-25 18:45:42,G,1,4,290,,0,9,-62.4375,-60.4145,45:45.2,FastGPS,-62.4375,-60.4145,,,8.3,-0.8,,,,15,31,2546,,,,14,7807,,,,23,23244,,,,12,30777,,,,3,16142,,,,22,25662,,,,6,22722,,,,19,29768,,,,17,17690,,,,,,,,,,,,,,,,,,,,,,,,,,,,,,,,,
173716,25-Apr-18,19:47:29,2018-04-25 19:47:29,G,2,4,292,,0,9,-62.415,-60.4077,47:31.7,FastGPS,-62.415,-60.4077,,,7,-1.3,,,,15,3,25938,,,,6,24068,,,,23,31884,,,,31,22908,,,,17,23513,,,,19,26543,,,,9,11891,,,,1,3118,,,,2,13390,,,,,,,,,,,,,,,,,,,,,,,,,,,,,,,,,
173716,25-Apr-18,20:50:03,2018-04-25 20:50:03,G,4,4,294,,0,9,-62.435,-60.4421,50:05.7,FastGPS,-62.435,-60.4421,,1,7.1,-1.3,,,,15,9,18446,,,,26,27586,,,,16,30830,,,,23,22430,,,,6,61,,,,3,14843,,,,4,3787,,,,31,3715,,,,2,8291,,,,,,,,,,,,,,,,,,,,,,,,,,,,,,,,,
173716,25-Apr-18,21:23:41,2018-04-25 21:23:41,G,4,4,295,14,0,8,-62.4501,-60.4579,23:43.7,FastGPS,-62.4501,-60.4579,,,9.3,-1.3,,,,15,7,18359,,,,2,24704,,,,6,17978,,,,9,5342,,,,23,10076,,,,29,15206,,,,3,25288,,,,5,27530,,,,,,,,,,,,,,,,,,,,,,,,,,,,,,,,,,,,,,
173716,25-Apr-18,21:54:10,2018-04-25 21:54:10,G,1,4,296,14,0,7,-62.4628,-60.4894,54:12.7,FastGPS,-62.4628,-60.4894,,,17.2,-1.3,,,,15,2,12854,,,,9,10178,,,,7,12962,,,,6,1674,,,,30,6956,,,,5,26182,,,,29,3252,,,,,,,,,,,,,,,,,,,,,,,,,,,,,,,,,,,,,,,,,,,
173716,25-Apr-18,22:25:22,2018-04-25 22:25:22,G,2,4,297,14,0,7,-62.4777,-60.5184,25:24.7,FastGPS,-62.4777,-60.5184,,1,6,-1.3,,,,15,7,18662,,,,16,10556,,,,26,9877,,,,23,7135,,,,29,17788,,,,4,16120,,,,5,17931,,,,,,,,,,,,,,,,,,,,,,,,,,,,,,,,,,,,,,,,,,,
173716,25-Apr-18,22:55:56,2018-04-25 22:55:56,G,3,4,298,14,0,7,-62.4641,-60.5574,55:59.2,FastGPS,-62.4641,-60.5574,,,9.5,-0.8,,,,15,7,24387,,,,5,20925,,,,30,22567,,,,23,11898,,,,9,31128,,,,27,24186,,,,16,11094,,,,,,,,,,,,,,,,,,,,,,,,,,,,,,,,,,,,,,,,,,,
173716,25-Apr-18,23:58:00,2018-04-25 23:58:00,G,1,4,300,,0,9,-62.4402,-60.5096,58:02.7,FastGPS,-62.4402,-60.5096,,,5.8,-1.3,,,,15,7,9301,,,,5,11666,,,,13,7656,,,,30,9437,,,,21,19999,,,,27,7658,,,,28,2735,,,,8,992,,,,16,8057,,,,,,,,,,,,,,,,,,,,,,,,,,,,,,,,,
173716,26-Apr-18,0:29:18,2018-04-26 00:29:18,G,1,4,301,14,0,7,-62.4577,-60.5075,29:20.7,FastGPS,-62.4577,-60.5075,,,12.1,-1.3,,,,15,5,15717,,,,13,10642,,,,28,17194,,,,9,24563,,,,8,11400,,,,30,8298,,,,7,19041,,,,,,,,,,,,,,,,,,,,,,,,,,,,,,,,,,,,,,,,,,,
173716,26-Apr-18,1:01:24,2018-04-26 01:01:24,G,3,4,302,14,0,7,-62.4758,-60.4877,01:27.2,FastGPS,-62.4758,-60.4877,,,9.6,-0.8,,,,15,15,32594,,,,7,14154,,,,5,27039,,,,28,29154,,,,13,9142,,,,20,13091,,,,8,262,,,,,,,,,,,,,,,,,,,,,,,,,,,,,,,,,,,,,,,,,,,
173716,26-Apr-18,1:34:48,2018-04-26 01:34:48,G,4,4,303,14,0,6,-62.4738,-60.4584,34:51.2,FastGPS,-62.4738,-60.4584,,,3.4,-0.8,,,,15,30,27578,,,,28,11134,,,,7,23362,,,,13,13521,,,,8,10454,,,,27,9206,,,,,,,,,,,,,,,,,,,,,,,,,,,,,,,,,,,,,,,,,,,,,,,,
173716,26-Apr-18,2:06:38,2018-04-26 02:06:38,G,3,4,304,,0,9,-62.4549,-60.4815,06:41.2,FastGPS,-62.4549,-60.4815,,,16.3,-0.8,,,,15,15,1060,,,,30,30877,,,,13,24632,,,,28,21254,,,,11,30818,,,,7,15364,,,,8,23062,,,,18,14716,,,,10,16047,,,,,,,,,,,,,,,,,,,,,,,,,,,,,,,,,
173716,26-Apr-18,2:36:27,2018-04-26 02:36:27,G,2,4,305,14,0,8,-62.4406,-60.5079,36:29.7,FastGPS,-62.4406,-60.5079,,,10.8,-1.3,,,,15,15,20155,,,,17,17972,,,,13,27856,,,,30,22218,,,,1,32590,,,,28,11975,,,,24,23108,,,,20,20364,,,,,,,,,,,,,,,,,,,,,,,,,,,,,,,,,,,,,,
173716,26-Apr-18,3:09:16,2018-04-26 03:09:16,G,1,4,306,14,0,8,-62.4433,-60.5501,09:19.2,FastGPS,-62.4433,-60.5501,,,10.9,-0.8,,,,15,15,14677,,,,28,31938,,,,30,6178,,,,19,22514,,,,10,2861,,,,13,2097,,,,24,20690,,,,17,29558,,,,,,,,,,,,,,,,,,,,,,,,,,,,,,,,,,,,,,
173716,26-Apr-18,3:40:08,2018-04-26 03:40:08,G,1,4,307,,0,9,-62.4382,-60.5703,40:10.7,FastGPS,-62.4382,-60.5703,,,16,-1.3,,,,15,15,6903,,,,17,9746,,,,19,22216,,,,24,2854,,,,28,27376,,,,20,27696,,,,13,24917,,,,12,17368,,,,10,14722,,,,,,,,,,,,,,,,,,,,,,,,,,,,,,,,,
173716,26-Apr-18,4:10:30,2018-04-26 04:10:30,G,1,4,308,,0,9,-62.4502,-60.5316,10:33.2,FastGPS,-62.4502,-60.5316,,,9.6,-0.8,,,,15,10,16348,,,,17,11019,,,,19,27465,,,,1,25236,,,,12,30452,,,,18,7186,,,,24,24282,,,,15,28783,,,,32,25381,,,,,,,,,,,,,,,,,,,,,,,,,,,,,,,,,
173716,26-Apr-18,4:43:48,2018-04-26 04:43:48,G,1,4,309,14,0,8,-62.4533,-60.4872,43:51.2,FastGPS,-62.4533,-60.4872,,,9.9,-0.8,,,,15,32,6087,,,,10,14876,,,,15,21898,,,,17,2749,,,,24,24709,,,,12,20038,,,,19,10922,,,,1,13490,,,,,,,,,,,,,,,,,,,,,,,,,,,,,,,,,,,,,,
173716,26-Apr-18,5:15:56,2018-04-26 05:15:56,G,1,4,310,14,0,7,-62.4305,-60.4983,15:58.7,FastGPS,-62.4305,-60.4983,,,10.8,-1.3,,,,15,12,11179,,,,17,31048,,,,6,10588,,,,19,5842,,,,24,6396,,,,25,5784,,,,32,5129,,,,,,,,,,,,,,,,,,,,,,,,,,,,,,,,,,,,,,,,,,,
173716,26-Apr-18,5:46:14,2018-04-26 05:46:14,G,1,4,311,14,0,7,-62.4223,-60.5223,46:17.2,FastGPS,-62.4223,-60.5223,,,5.9,-0.8,,,,15,12,13228,,,,17,30750,,,,32,31979,,,,14,4951,,,,24,22068,,,,2,25949,,,,25,2716,,,,,,,,,,,,,,,,,,,,,,,,,,,,,,,,,,,,,,,,,,,
173716,26-Apr-18,6:46:38,2018-04-26 06:46:38,G,1,4,313,,0,9,-62.4316,-60.5134,46:40.7,FastGPS,-62.4316,-60.5134,,,13,-1.3,,,,15,12,3750,,,,2,16050,,,,25,2208,,,,24,32694,,,,14,18982,,,,29,26750,,,,32,690,,,,19,11289,,,,17,7122,,,,,,,,,,,,,,,,,,,,,,,,,,,,,,,,,
173716,26-Apr-18,7:16:19,2018-04-26 07:16:19,G,2,4,314,14,0,8,-62.4318,-60.5045,16:22.7,FastGPS,-62.4318,-60.5045,,,16.4,-0.3,,,,15,6,20314,,,,2,30014,,,,12,2625,,,,25,3717,,,,31,15758,,,,19,25089,,,,29,30412,,,,14,9943,,,,,,,,,,,,,,,,,,,,,,,,,,,,,,,,,,,,,,
173716,26-Apr-18,7:46:07,2018-04-26 07:46:07,G,1,4,315,14,0,8,-62.4311,-60.4902,46:11.2,FastGPS,-62.4311,-60.4902,,1,7.8,0.2,,,,15,31,11147,,,,29,20127,,,,12,4218,,,,14,28677,,,,2,31586,,,,25,8962,,,,6,17060,,,,4,13920,,,,,,,,,,,,,,,,,,,,,,,,,,,,,,,,,,,,,,
173716,26-Apr-18,8:16:45,2018-04-26 08:16:45,G,2,4,316,14,0,6,-62.4314,-60.4813,16:48.2,FastGPS,-62.4314,-60.4813,,1,3.9,-0.8,,,,15,29,5928,,,,31,18635,,,,2,31114,,,,25,28236,,,,4,5046,,,,5,17919,,,,,,,,,,,,,,,,,,,,,,,,,,,,,,,,,,,,,,,,,,,,,,,,
173716,26-Apr-18,8:47:00,2018-04-26 08:47:00,G,2,4,317,,0,9,-62.431,-60.4706,47:03.7,FastGPS,-62.431,-60.4706,,1,4.4,-0.3,,,,15,2,982,,,,12,11518,,,,5,8555,,,,25,27773,,,,4,1740,,,,31,29496,,,,29,11123,,,,26,19386,,,,23,17224,,,,,,,,,,,,,,,,,,,,,,,,,,,,,,,,,
173716,26-Apr-18,9:32:02,2018-04-26 09:32:02,G,1,4,318,15,0,7,-62.4029,-60.4966,32:06.2,FastGPS,-62.4029,-60.4966,,1,2.5,0.2,,,,15,29,7019,,,,5,28496,,,,31,13564,,,,4,8567,,,,2,25198,,,,25,479,,,,26,29126,,,,,,,,,,,,,,,,,,,,,,,,,,,,,,,,,,,,,,,,,,,
173716,26-Apr-18,10:04:05,2018-04-26 10:04:05,G,3,4,319,,0,9,-62.3819,-60.5119,04:08.7,FastGPS,-62.3819,-60.5119,,1,16.7,-0.3,,,,15,31,1636,,,,21,6733,,,,4,27157,,,,20,10969,,,,29,9285,,,,16,31613,,,,9,10528,,,,26,13303,,,,5,24740,,,,,,,,,,,,,,,,,,,,,,,,,,,,,,,,,
173716,26-Apr-18,10:34:00,2018-04-26 10:34:00,G,3,4,320,15,0,7,-62.3958,-60.5367,34:04.2,FastGPS,-62.3958,-60.5367,,1,5.5,0.2,,,,15,26,11099,,,,4,27053,,,,31,1062,,,,16,8916,,,,21,402,,,,5,1048,,,,27,1272,,,,,,,,,,,,,,,,,,,,,,,,,,,,,,,,,,,,,,,,,,,
173716,26-Apr-18,12:37:41,2018-04-26 12:37:41,G,1,4,324,,0,9,-62.4613,-60.5389,37:45.2,FastGPS,-62.4613,-60.5389,,,9.4,0.2,,,,15,7,24188,,,,8,11510,,,,16,1704,,,,27,30272,,,,30,30012,,,,26,9114,,,,15,31573,,,,20,30598,,,,21,490,,,,,,,,,,,,,,,,,,,,,,,,,,,,,,,,,
173716,26-Apr-18,13:08:52,2018-04-26 13:08:52,G,2,4,325,15,0,8,-62.4873,-60.534,08:55.7,FastGPS,-62.4873,-60.534,,,10.3,-0.3,,,,15,27,29436,,,,8,24247,,,,21,14858,,,,10,29527,,,,7,30134,,,,15,9303,,,,13,3887,,,,20,28954,,,,,,,,,,,,,,,,,,,,,,,,,,,,,,,,,,,,,,
173716,26-Apr-18,14:10:00,2018-04-26 14:10:00,G,3,4,327,15,0,8,-62.5234,-60.4616,10:04.2,FastGPS,-62.5234,-60.4616,,,8.2,0.2,,,,15,11,25308,,,,28,7382,,,,15,32722,,,,8,26394,,,,10,9592,,,,27,25005,,,,18,31456,,,,32,30117,,,,,,,,,,,,,,,,,,,,,,,,,,,,,,,,,,,,,,
173716,26-Apr-18,14:40:03,2018-04-26 14:40:03,G,2,4,328,15,0,8,-62.5396,-60.4437,40:07.2,FastGPS,-62.5396,-60.4437,,,9.6,0.2,,,,15,8,10173,,,,18,1166,,,,32,25922,,,,11,30240,,,,27,3534,,,,10,28367,,,,28,21748,,,,24,22178,,,,,,,,,,,,,,,,,,,,,,,,,,,,,,,,,,,,,,
173716,26-Apr-18,15:10:00,2018-04-26 15:10:00,G,2,4,329,,0,9,-62.5483,-60.4089,10:03.7,FastGPS,-62.5483,-60.4089,,,8.5,-0.3,,,,15,10,18410,,,,28,30888,,,,24,26791,,,,8,24040,,,,18,29535,,,,1,15684,,,,11,29340,,,,14,27922,,,,32,9994,,,,,,,,,,,,,,,,,,,,,,,,,,,,,,,,,
173716,26-Apr-18,15:40:00,2018-04-26 15:40:00,G,2,4,330,15,1,6,-62.5491,-60.4088,40:03.8,FastGPS,-62.5491,-60.4088,,,5.4,-0.2,,,,15,28,969,,,,24,8080,,,,11,19632,,,,10,21760,,,,1,19796,,,,18,15923,,,,,,,,,,,,,,,,,,,,,,,,,,,,,,,,,,,,,,,,,,,,,,,,
173716,27-Apr-18,20:58:30,2018-04-27 20:58:30,G,1,4,331,,0,9,-62.5479,-60.4101,58:33.2,FastGPS,-62.5479,-60.4101,,1,5.5,-0.8,,,,15,4,13736,,,,16,30243,,,,26,19400,,,,6,10816,,,,23,734,,,,9,28817,,,,29,12393,,,,2,4096,,,,7,12904,,,,,,,,,,,,,,,,,,,,,,,,,,,,,,,,,
173716,27-Apr-18,21:43:00,2018-04-27 21:43:00,G,1,4,332,,0,9,-62.5222,-60.4365,43:03.7,FastGPS,-62.5222,-60.4365,,1,13.4,-0.3,,,,15,7,23696,,,,16,26450,,,,26,21550,,,,4,13424,,,,23,1478,,,,6,2770,,,,9,902,,,,30,14149,,,,2,8894,,,,,,,,,,,,,,,,,,,,,,,,,,,,,,,,,
173716,27-Apr-18,22:13:01,2018-04-27 22:13:01,G,2,4,333,,0,9,-62.4976,-60.451,13:04.8,FastGPS,-62.4976,-60.451,,1,13,-0.2,,,,15,7,13737,,,,23,30907,,,,16,19835,,,,30,8716,,,,26,29930,,,,2,13539,,,,6,25088,,,,4,5292,,,,5,9648,,,,,,,,,,,,,,,,,,,,,,,,,,,,,,,,,
173716,27-Apr-18,23:14:00,2018-04-27 23:14:00,G,1,4,335,16,0,6,-62.4449,-60.4741,14:02.8,FastGPS,-62.4449,-60.4741,,,3,-1.2,,,,15,5,12516,,,,30,16171,,,,16,17960,,,,7,18384,,,,9,29646,,,,27,17784,,,,,,,,,,,,,,,,,,,,,,,,,,,,,,,,,,,,,,,,,,,,,,,,
173716,27-Apr-18,23:44:37,2018-04-27 23:44:37,G,1,4,336,16,0,6,-62.4189,-60.5044,44:40.2,FastGPS,-62.4189,-60.5044,,,2.9,-0.8,,,,15,30,9754,,,,7,24506,,,,5,21421,,,,8,22572,,,,9,10495,,,,28,14327,,,,,,,,,,,,,,,,,,,,,,,,,,,,,,,,,,,,,,,,,,,,,,,,
173716,28-Apr-18,0:15:26,2018-04-28 00:15:26,G,1,4,337,16,0,8,-62.408,-60.5543,15:28.8,FastGPS,-62.408,-60.5543,,,7.7,-1.2,,,,15,5,16750,,,,13,12873,,,,9,6621,,,,7,23601,,,,28,11438,,,,30,30517,,,,21,11727,,,,15,15862,,,,,,,,,,,,,,,,,,,,,,,,,,,,,,,,,,,,,,
173716,28-Apr-18,1:01:15,2018-04-28 01:01:15,G,1,4,338,,0,9,-62.384,-60.6214,01:17.8,FastGPS,-62.384,-60.6214,,,14.6,-1.2,,,,15,7,7767,,,,13,19482,,,,5,25067,,,,28,17954,,,,15,24194,,,,20,17105,,,,30,29826,,,,8,28576,,,,21,26167,,,,,,,,,,,,,,,,,,,,,,,,,,,,,,,,,
173716,28-Apr-18,2:03:54,2018-04-28 02:03:54,G,1,4,340,,0,9,-62.4174,-60.6504,03:57.8,FastGPS,-62.4174,-60.6504,,,10.7,-0.2,,,,15,15,14458,,,,10,4213,,,,7,24030,,,,13,23459,,,,20,18792,,,,8,9208,,,,28,23822,,,,30,13254,,,,18,31389,,,,,,,,,,,,,,,,,,,,,,,,,,,,,,,,,
173716,28-Apr-18,4:10:13,2018-04-28 04:10:13,G,1,4,344,,0,9,-62.4578,-60.5113,10:16.8,FastGPS,-62.4578,-60.5113,,,7.6,-0.2,,,,15,17,28406,,,,19,24202,,,,10,9984,,,,28,7560,,,,11,28553,,,,12,9406,,,,24,17242,,,,1,435,,,,15,12450,,,,,,,,,,,,,,,,,,,,,,,,,,,,,,,,,
173716,28-Apr-18,5:10:00,2018-04-28 05:10:00,G,1,4,346,17,0,8,-62.4428,-60.5645,10:02.8,FastGPS,-62.4428,-60.5645,,,15.2,-1.2,,,,15,12,12768,,,,17,19227,,,,24,31887,,,,19,32205,,,,32,4202,,,,6,14180,,,,25,11098,,,,1,6524,,,,,,,,,,,,,,,,,,,,,,,,,,,,,,,,,,,,,,
173716,28-Apr-18,5:45:53,2018-04-28 05:45:53,G,1,4,347,,0,9,-62.4631,-60.5894,45:55.7,FastGPS,-62.4631,-60.5894,,,10.6,-1.3,,,,15,12,7328,,,,17,13195,,,,25,15736,,,,6,15552,,,,32,13251,,,,2,12984,,,,3,9479,,,,14,5026,,,,24,16505,,,,,,,,,,,,,,,,,,,,,,,,,,,,,,,,,
173716,28-Apr-18,11:13:26,2018-04-28 11:13:26,G,1,4,357,,0,9,-62.5586,-61.0055,13:29.3,FastGPS,-62.5586,-61.0055,,1,4.9,-0.7,,,,15,26,24858,,,,21,18172,,,,16,10090,,,,15,13808,,,,4,28582,,,,20,27826,,,,5,4294,,,,29,27970,,,,13,23963,,,,,,,,,,,,,,,,,,,,,,,,,,,,,,,,,
173716,28-Apr-18,13:45:00,2018-04-28 13:45:00,G,1,4,362,,0,9,-62.5715,-60.983,45:03.8,FastGPS,-62.5715,-60.983,,,10.7,-0.2,,,,15,10,3459,,,,27,28990,,,,8,5885,,,,15,10961,,,,20,8666,,,,18,10798,,,,21,21524,,,,11,4478,,,,13,27190,,,,,,,,,,,,,,,,,,,,,,,,,,,,,,,,,
173716,28-Apr-18,14:15:08,2018-04-28 14:15:08,G,1,4,363,,0,9,-62.5704,-60.9808,15:11.8,FastGPS,-62.5704,-60.9808,,,15.2,-0.2,,,,15,1,21976,,,,15,3147,,,,8,18644,,,,18,25250,,,,10,17902,,,,27,1565,,,,11,20556,,,,20,21276,,,,28,26990,,,,,,,,,,,,,,,,,,,,,,,,,,,,,,,,,
173716,28-Apr-18,14:45:10,2018-04-28 14:45:10,G,2,4,364,,0,9,-62.5727,-60.9865,45:13.3,FastGPS,-62.5727,-60.9865,,,8.4,-0.7,,,,15,22,21430,,,,1,22758,,,,10,23812,,,,8,20154,,,,11,24688,,,,28,27134,,,,18,26306,,,,27,2786,,,,24,906,,,,,,,,,,,,,,,,,,,,,,,,,,,,,,,,,
173716,28-Apr-18,16:17:00,2018-04-28 16:17:00,G,4,4,367,,0,9,-62.5762,-60.9821,17:04.3,FastGPS,-62.5762,-60.9821,,,11.9,0.3,,,,15,18,18500,,,,22,32036,,,,11,29176,,,,8,31233,,,,14,8663,,,,3,16934,,,,24,29962,,,,1,18216,,,,32,433,,,,,,,,,,,,,,,,,,,,,,,,,,,,,,,,,
173716,28-Apr-18,18:34:27,2018-04-28 18:34:27,G,1,4,370,,0,9,-62.5832,-60.9745,34:30.3,FastGPS,-62.5832,-60.9745,,,12.9,-0.7,,,,15,17,26604,,,,19,8895,,,,23,5232,,,,14,12337,,,,6,7456,,,,11,11531,,,,31,10155,,,,3,25490,,,,22,30195,,,,,,,,,,,,,,,,,,,,,,,,,,,,,,,,,
173716,28-Apr-18,19:36:35,2018-04-28 19:36:35,G,4,4,372,,0,9,-62.5948,-60.9971,36:37.8,FastGPS,-62.5948,-60.9971,,,15.5,-1.2,,,,15,19,12382,,,,31,4757,,,,9,5764,,,,6,16366,,,,23,20381,,,,3,8026,,,,2,8750,,,,17,5528,,,,26,20488,,,,,,,,,,,,,,,,,,,,,,,,,,,,,,,,,
173716,28-Apr-18,20:37:00,2018-04-28 20:37:00,G,2,4,374,,0,9,-62.5954,-61.0157,37:03.3,FastGPS,-62.5954,-61.0157,,1,11.3,-0.7,,,,15,2,4106,,,,7,5350,,,,9,11962,,,,6,30022,,,,31,32727,,,,4,29037,,,,26,18702,,,,23,15860,,,,3,10340,,,,,,,,,,,,,,,,,,,,,,,,,,,,,,,,,
173716,28-Apr-18,21:07:45,2018-04-28 21:07:45,G,1,4,375,,0,9,-62.6087,-61.0057,07:47.8,FastGPS,-62.6087,-61.0057,,1,7.7,-1.2,,,,15,5,25685,,,,7,12017,,,,6,9078,,,,29,26146,,,,2,7644,,,,9,13622,,,,26,16122,,,,23,29065,,,,4,32333,,,,,,,,,,,,,,,,,,,,,,,,,,,,,,,,,
173716,28-Apr-18,23:25:41,2018-04-28 23:25:41,G,1,4,379,21,0,8,-62.5911,-61.0002,25:45.2,FastGPS,-62.5911,-61.0002,,,5.4,0.2,,,,15,30,9943,,,,5,16500,,,,9,25934,,,,8,21324,,,,27,9468,,,,13,24062,,,,7,645,,,,16,19651,,,,,,,,,,,,,,,,,,,,,,,,,,,,,,,,,,,,,,
173716,28-Apr-18,23:56:02,2018-04-28 23:56:02,G,2,4,380,21,0,8,-62.5777,-61.0147,56:06.3,FastGPS,-62.5777,-61.0147,,,9.7,0.3,,,,15,5,22950,,,,8,19844,,,,30,5300,,,,13,5414,,,,7,7552,,,,9,19753,,,,27,1015,,,,28,10129,,,,,,,,,,,,,,,,,,,,,,,,,,,,,,,,,,,,,,
173716,29-Apr-18,0:28:19,2018-04-29 00:28:19,G,2,4,381,21,0,8,-62.5617,-61.0456,28:23.3,FastGPS,-62.5617,-61.0456,,,11.1,0.3,,,,15,7,29036,,,,5,3656,,,,13,30445,,,,15,21499,,,,28,17111,,,,9,15460,,,,30,16680,,,,8,13638,,,,,,,,,,,,,,,,,,,,,,,,,,,,,,,,,,,,,,
173716,29-Apr-18,0:58:00,2018-04-29 00:58:00,G,1,4,382,,0,9,-62.553,-61.0748,58:04.3,FastGPS,-62.553,-61.0748,,,4.4,0.3,,,,15,7,22804,,,,15,18002,,,,30,14901,,,,28,7014,,,,20,6973,,,,13,10496,,,,8,15530,,,,21,15118,,,,27,15243,,,,,,,,,,,,,,,,,,,,,,,,,,,,,,,,,
173716,29-Apr-18,1:28:18,2018-04-29 01:28:18,G,4,4,383,21,0,7,-62.5561,-61.1012,28:21.8,FastGPS,-62.5561,-61.1012,,,9.4,-0.2,,,,15,28,23230,,,,30,11970,,,,13,21604,,,,27,24232,,,,7,29339,,,,15,30412,,,,8,3531,,,,,,,,,,,,,,,,,,,,,,,,,,,,,,,,,,,,,,,,,,,
173716,29-Apr-18,2:00:13,2018-04-29 02:00:13,G,3,4,384,,0,9,-62.5563,-61.1055,00:16.2,FastGPS,-62.5563,-61.1055,,,12.8,-0.8,,,,15,15,20030,,,,8,10720,,,,20,23951,,,,7,22308,,,,13,26194,,,,18,1662,,,,30,12667,,,,24,17052,,,,10,10780,,,,,,,,,,,,,,,,,,,,,,,,,,,,,,,,,
173716,29-Apr-18,2:32:53,2018-04-29 02:32:53,G,6,4,385,21,0,8,-62.5528,-61.1274,32:56.8,FastGPS,-62.5528,-61.1274,,,9.3,-0.2,,,,15,15,14662,,,,24,18719,,,,13,29486,,,,28,16614,,,,11,11220,,,,18,31840,,,,20,28210,,,,10,26729,,,,,,,,,,,,,,,,,,,,,,,,,,,,,,,,,,,,,,
173716,29-Apr-18,3:03:23,2018-04-29 03:03:23,G,2,4,386,,0,9,-62.5493,-61.1188,03:26.8,FastGPS,-62.5493,-61.1188,,,11.5,-0.2,,,,15,15,1353,,,,17,11601,,,,24,6213,,,,18,28232,,,,19,5974,,,,13,4128,,,,30,31945,,,,11,9222,,,,10,1914,,,,,,,,,,,,,,,,,,,,,,,,,,,,,,,,,
173716,29-Apr-18,3:33:02,2018-04-29 03:33:02,G,1,4,387,,0,9,-62.5646,-61.1158,33:06.3,FastGPS,-62.5646,-61.1158,,,9.8,0.3,,,,15,12,14388,,,,24,23988,,,,17,24648,,,,15,31985,,,,13,5334,,,,19,8641,,,,18,5619,,,,10,17346,,,,28,7536,,,,,,,,,,,,,,,,,,,,,,,,,,,,,,,,,
173716,29-Apr-18,5:03:00,2018-04-29 05:03:00,G,2,4,390,,0,9,-62.556,-61.0616,03:03.8,FastGPS,-62.556,-61.0616,,,9.7,-0.2,,,,15,17,30550,,,,12,11814,,,,19,5037,,,,22,7415,,,,32,7542,,,,24,7325,,,,6,5688,,,,1,21690,,,,14,6636,,,,,,,,,,,,,,,,,,,,,,,,,,,,,,,,,
173716,29-Apr-18,6:38:16,2018-04-29 06:38:16,G,2,4,393,,0,9,-62.5629,-61.0676,38:19.3,FastGPS,-62.5629,-61.0676,,,8.2,-0.7,,,,15,12,29971,,,,31,11928,,,,14,16220,,,,2,23098,,,,32,22398,,,,3,15848,,,,25,11533,,,,29,9900,,,,6,10392,,,,,,,,,,,,,,,,,,,,,,,,,,,,,,,,,
173716,29-Apr-18,7:09:25,2018-04-29 07:09:25,G,1,4,394,,0,9,-62.5608,-61.0306,09:28.8,FastGPS,-62.5608,-61.0306,,,5.5,-0.2,,,,15,29,29696,,,,25,22388,,,,32,27374,,,,31,13848,,,,2,13206,,,,12,32428,,,,24,9936,,,,14,9954,,,,6,17310,,,,,,,,,,,,,,,,,,,,,,,,,,,,,,,,,
173716,29-Apr-18,7:39:02,2018-04-29 07:39:02,G,1,4,395,21,0,6,-62.5682,-61.0066,39:06.3,FastGPS,-62.5682,-61.0066,,1,2.8,0.3,,,,15,31,18100,,,,29,30886,,,,12,11483,,,,25,3674,,,,23,19503,,,,4,32356,,,,,,,,,,,,,,,,,,,,,,,,,,,,,,,,,,,,,,,,,,,,,,,,
173716,29-Apr-18,9:46:10,2018-04-29 09:46:10,G,2,4,398,,0,9,-62.588,-60.9793,46:14.3,FastGPS,-62.588,-60.9793,,1,11.7,0.3,,,,15,29,26283,,,,4,32334,,,,26,14018,,,,21,20832,,,,25,1713,,,,2,8266,,,,5,31588,,,,31,918,,,,20,11860,,,,,,,,,,,,,,,,,,,,,,,,,,,,,,,,,
173716,29-Apr-18,10:16:31,2018-04-29 10:16:31,G,1,4,399,23,0,7,-62.588,-60.9833,16:34.8,FastGPS,-62.588,-60.9833,,1,4.7,-0.2,,,,15,5,4878,,,,4,27864,,,,29,16300,,,,21,10099,,,,26,7708,,,,31,22362,,,,20,4388,,,,,,,,,,,,,,,,,,,,,,,,,,,,,,,,,,,,,,,,,,,
173716,29-Apr-18,11:46:00,2018-04-29 11:46:00,G,1,4,401,,0,9,-62.5979,-61.0062,46:03.8,FastGPS,-62.5979,-61.0062,,1,9.7,-0.2,,,,15,27,31637,,,,4,4698,,,,29,8517,,,,7,5792,,,,26,25555,,,,16,25142,,,,20,9200,,,,15,18167,,,,10,28370,,,,,,,,,,,,,,,,,,,,,,,,,,,,,,,,,
173716,29-Apr-18,12:19:57,2018-04-29 12:19:57,G,1,4,402,25,0,7,-62.6068,-61.0258,20:01.3,FastGPS,-62.6068,-61.0258,,,8.2,0.3,,,,15,16,26828,,,,15,30249,,,,27,29270,,,,10,16452,,,,20,14361,,,,21,22654,,,,13,25670,,,,,,,,,,,,,,,,,,,,,,,,,,,,,,,,,,,,,,,,,,,
173716,29-Apr-18,13:24:30,2018-04-29 13:24:30,G,1,4,404,25,0,7,-62.5862,-61.0106,24:34.3,FastGPS,-62.5862,-61.0106,,,4,0.3,,,,15,27,3591,,,,10,2933,,,,13,6332,,,,15,28140,,,,21,27052,,,,20,28234,,,,8,23068,,,,,,,,,,,,,,,,,,,,,,,,,,,,,,,,,,,,,,,,,,,
173716,29-Apr-18,13:55:30,2018-04-29 13:55:30,G,1,4,405,25,0,7,-62.5904,-61.0069,55:34.2,FastGPS,-62.5904,-61.0069,,,9,0.2,,,,15,10,14359,,,,15,11292,,,,27,3546,,,,28,7596,,,,8,32108,,,,20,22312,,,,18,115,,,,,,,,,,,,,,,,,,,,,,,,,,,,,,,,,,,,,,,,,,,
173716,29-Apr-18,14:26:47,2018-04-29 14:26:47,G,1,4,406,25,0,8,-62.5868,-61.0049,26:50.8,FastGPS,-62.5868,-61.0049,,,10.5,-0.2,,,,15,11,21080,,,,18,24117,,,,10,18804,,,,8,2575,,,,32,10724,,,,27,30349,,,,28,12124,,,,1,3574,,,,,,,,,,,,,,,,,,,,,,,,,,,,,,,,,,,,,,
173716,29-Apr-18,15:59:00,2018-04-29 15:59:00,G,1,4,409,,0,9,-62.5868,-61.0174,59:03.8,FastGPS,-62.5868,-61.0174,,,7.1,-0.2,,,,15,8,20462,,,,17,24566,,,,22,11329,,,,14,30801,,,,24,14980,,,,1,13708,,,,11,20204,,,,32,30568,,,,18,11331,,,,,,,,,,,,,,,,,,,,,,,,,,,,,,,,,
173716,29-Apr-18,16:30:49,2018-04-29 16:30:49,G,2,4,410,,0,9,-62.589,-61.0215,30:52.8,FastGPS,-62.589,-61.0215,,,6.9,-0.2,,,,15,32,19546,,,,14,14897,,,,18,13917,,,,24,25632,,,,31,28278,,,,10,422,,,,22,23188,,,,11,27151,,,,1,20610,,,,,,,,,,,,,,,,,,,,,,,,,,,,,,,,,
173716,29-Apr-18,17:01:04,2018-04-29 17:01:04,G,1,4,411,25,0,7,-62.5892,-61.0242,01:08.3,FastGPS,-62.5892,-61.0242,,,8,0.3,,,,15,17,20098,,,,32,25082,,,,19,14340,,,,14,6786,,,,1,12697,,,,11,23933,,,,3,12737,,,,,,,,,,,,,,,,,,,,,,,,,,,,,,,,,,,,,,,,,,,
173716,29-Apr-18,18:31:00,2018-04-29 18:31:00,G,1,4,414,25,0,8,-62.6153,-61.0756,31:03.8,FastGPS,-62.6153,-61.0756,,,4.7,-0.2,,,,15,31,18074,,,,12,15034,,,,14,17879,,,,22,3870,,,,18,8762,,,,25,11580,,,,1,13958,,,,23,15971,,,,,,,,,,,,,,,,,,,,,,,,,,,,,,,,,,,,,,
173716,29-Apr-18,19:16:00,2018-04-29 19:16:00,G,4,4,415,26,1,7,-62.6153,-61.0758,16:03.8,FastGPS,-62.6153,-61.0758,,1,10.1,-0.2,,,,15,31,2356,,,,22,3842,,,,26,20071,,,,4,22696,,,,3,5969,,,,1,23930,,,,14,24605,,,,,,,,,,,,,,,,,,,,,,,,,,,,,,,,,,,,,,,,,,,
173716,30-Apr-18,11:00:06,2018-04-30 11:00:06,G,2,4,416,,0,9,-62.6145,-61.0739,00:09.3,FastGPS,-62.6145,-61.0739,,1,14.8,-0.7,,,,15,26,32568,,,,29,13110,,,,4,7590,,,,13,4454,,,,5,19073,,,,15,23806,,,,21,7264,,,,27,19101,,,,16,1716,,,,,,,,,,,,,,,,,,,,,,,,,,,,,,,,,
173716,30-Apr-18,11:33:13,2018-04-30 11:33:13,G,3,4,417,,0,9,-62.6113,-61.0597,33:16.3,FastGPS,-62.6113,-61.0597,,1,9.1,-0.7,,,,15,29,24346,,,,7,10312,,,,26,31944,,,,27,9515,,,,4,15964,,,,20,5345,,,,15,32280,,,,13,20608,,,,10,27211,,,,,,,,,,,,,,,,,,,,,,,,,,,,,,,,,
173716,30-Apr-18,13:36:30,2018-04-30 13:36:30,G,1,4,421,26,0,8,-62.5746,-60.995,36:33.3,FastGPS,-62.5746,-60.995,,,11.4,-0.7,,,,15,15,2925,,,,10,27021,,,,27,20554,,,,20,9704,,,,13,19471,,,,21,14583,,,,8,29677,,,,28,7416,,,,,,,,,,,,,,,,,,,,,,,,,,,,,,,,,,,,,,
173716,30-Apr-18,15:06:00,2018-04-30 15:06:00,G,2,4,424,,0,9,-62.514,-60.9713,06:02.8,FastGPS,-62.514,-60.9713,,,8.3,-1.2,,,,15,32,17478,,,,22,25696,,,,10,24438,,,,8,7381,,,,1,7836,,,,11,3788,,,,18,1594,,,,27,10460,,,,24,13232,,,,,,,,,,,,,,,,,,,,,,,,,,,,,,,,,
173716,30-Apr-18,15:37:22,2018-04-30 15:37:22,G,2,4,425,,0,9,-62.5017,-60.969,37:25.3,FastGPS,-62.5017,-60.969,,,8.7,-0.7,,,,15,32,31161,,,,10,9821,,,,18,9100,,,,24,8896,,,,1,7504,,,,14,15643,,,,22,19925,,,,11,15515,,,,8,1691,,,,,,,,,,,,,,,,,,,,,,,,,,,,,,,,,
173716,30-Apr-18,17:12:09,2018-04-30 17:12:09,G,1,4,428,,0,9,-62.4948,-60.9508,12:12.3,FastGPS,-62.4948,-60.9508,,,11.2,-0.7,,,,15,17,18303,,,,32,18478,,,,19,2535,,,,12,1101,,,,14,5508,,,,18,10580,,,,22,16301,,,,31,30940,,,,1,14206,,,,,,,,,,,,,,,,,,,,,,,,,,,,,,,,,
173716,30-Apr-18,17:44:24,2018-04-30 17:44:24,G,2,4,429,,0,9,-62.4856,-60.95,44:26.8,FastGPS,-62.4856,-60.95,,,10.9,-1.2,,,,15,1,3772,,,,22,24868,,,,32,32408,,,,31,5784,,,,18,11141,,,,17,32093,,,,3,14873,,,,12,18243,,,,11,5522,,,,,,,,,,,,,,,,,,,,,,,,,,,,,,,,,
173716,30-Apr-18,21:00:03,2018-04-30 21:00:03,G,1,4,435,27,0,8,-62.4991,-60.9834,00:06.8,FastGPS,-62.4991,-60.9834,,,7,-0.2,,,,15,7,22744,,,,2,14241,,,,3,26588,,,,23,1910,,,,29,32417,,,,6,15187,,,,5,1535,,,,16,5138,,,,,,,,,,,,,,,,,,,,,,,,,,,,,,,,,,,,,,
173716,30-Apr-18,22:16:02,2018-04-30 22:16:02,G,1,4,437,28,0,7,-62.5193,-61.0893,16:06.3,FastGPS,-62.5193,-61.0893,,,8.7,0.3,,,,15,5,6610,,,,2,4481,,,,6,32134,,,,30,17627,,,,7,28162,,,,9,11736,,,,16,12800,,,,,,,,,,,,,,,,,,,,,,,,,,,,,,,,,,,,,,,,,,,
173716,30-Apr-18,23:16:34,2018-04-30 23:16:34,G,2,4,439,28,0,8,-62.5489,-61.1564,16:38.3,FastGPS,-62.5489,-61.1564,,,9.9,0.3,,,,15,5,28162,,,,13,32177,,,,30,19679,,,,21,22116,,,,28,28102,,,,27,18046,,,,7,12687,,,,16,490,,,,,,,,,,,,,,,,,,,,,,,,,,,,,,,,,,,,,,
173716,1-May-18,0:16:30,2018-05-01 00:16:30,G,1,4,441,,0,9,-62.5441,-61.1459,16:33.8,FastGPS,-62.5441,-61.1459,,,10.6,-0.2,,,,15,5,5588,,,,7,32292,,,,13,11666,,,,28,25346,,,,9,23907,,,,30,10952,,,,27,29343,,,,21,26592,,,,8,31081,,,,,,,,,,,,,,,,,,,,,,,,,,,,,,,,,
173716,1-May-18,1:51:40,2018-05-01 01:51:40,G,2,4,444,,0,9,-62.5394,-61.1183,51:44.3,FastGPS,-62.5394,-61.1183,,,5.5,0.3,,,,15,28,26382,,,,30,15181,,,,11,12216,,,,17,22835,,,,18,1246,,,,8,11497,,,,15,19716,,,,13,27265,,,,7,24549,,,,,,,,,,,,,,,,,,,,,,,,,,,,,,,,,
173716,1-May-18,7:43:18,2018-05-01 07:43:18,G,1,4,455,29,0,7,-62.5364,-61.2007,43:21.8,FastGPS,-62.5364,-61.2007,,1,8.1,-0.2,,,,15,29,11285,,,,31,14565,,,,25,9830,,,,2,20704,,,,6,18081,,,,4,27468,,,,12,9467,,,,,,,,,,,,,,,,,,,,,,,,,,,,,,,,,,,,,,,,,,,
173716,1-May-18,8:44:08,2018-05-01 08:44:08,G,1,4,457,29,0,8,-62.524,-61.2003,44:10.8,FastGPS,-62.524,-61.2003,,1,5.2,-1.2,,,,15,12,21356,,,,29,25507,,,,5,20768,,,,25,11594,,,,9,11542,,,,2,31758,,,,23,609,,,,4,26587,,,,,,,,,,,,,,,,,,,,,,,,,,,,,,,,,,,,,,
173716,1-May-18,9:15:09,2018-05-01 09:15:09,G,1,4,458,,0,9,-62.5286,-61.2041,15:13.3,FastGPS,-62.5286,-61.2041,,1,12.1,0.3,,,,15,23,3136,,,,16,29540,,,,2,28314,,,,31,25856,,,,9,9076,,,,25,5300,,,,4,6592,,,,21,12645,,,,26,31918,,,,,,,,,,,,,,,,,,,,,,,,,,,,,,,,,
173716,1-May-18,12:53:21,2018-05-01 12:53:21,G,3,4,465,29,0,8,-62.5789,-61.2224,53:25.3,FastGPS,-62.5789,-61.2224,,,14,0.3,,,,15,15,7277,,,,10,11412,,,,21,26393,,,,16,22193,,,,20,30353,,,,13,27123,,,,27,1618,,,,7,18306,,,,,,,,,,,,,,,,,,,,,,,,,,,,,,,,,,,,,,
173716,1-May-18,14:56:52,2018-05-01 14:56:52,G,1,4,469,29,0,7,-62.617,-61.3062,56:56.3,FastGPS,-62.617,-61.3062,,,4.3,0.3,,,,15,28,11135,,,,8,20826,,,,1,25500,,,,27,2185,,,,22,5150,,,,32,4920,,,,10,6540,,,,,,,,,,,,,,,,,,,,,,,,,,,,,,,,,,,,,,,,,,,
173716,1-May-18,15:28:04,2018-05-01 15:28:04,G,1,4,470,,0,9,-62.6294,-61.3154,28:08.3,FastGPS,-62.6294,-61.3154,,,8.2,0.3,,,,15,3,22612,,,,32,22539,,,,28,28141,,,,1,24510,,,,10,26408,,,,22,30564,,,,18,2703,,,,8,18520,,,,11,8998,,,,,,,,,,,,,,,,,,,,,,,,,,,,,,,,,
173716,1-May-18,16:00:42,2018-05-01 16:00:42,G,1,4,471,29,0,8,-62.6331,-61.3231,00:46.3,FastGPS,-62.6331,-61.3231,,,9.6,0.3,,,,15,32,26822,,,,14,22767,,,,10,17549,,,,1,3643,,,,11,22671,,,,18,11926,,,,17,2230,,,,22,11150,,,,,,,,,,,,,,,,,,,,,,,,,,,,,,,,,,,,,,
173716,1-May-18,18:02:55,2018-05-01 18:02:55,G,1,4,475,,0,9,-62.6517,-61.3879,02:59.3,FastGPS,-62.6517,-61.3879,,,11.6,0.3,,,,15,23,7650,,,,17,20792,,,,3,28082,,,,18,545,,,,1,22198,,,,11,2033,,,,6,6910,,,,22,14606,,,,32,13557,,,,,,,,,,,,,,,,,,,,,,,,,,,,,,,,,
173716,1-May-18,19:37:51,2018-05-01 19:37:51,G,1,4,478,29,0,7,-62.663,-61.4388,37:55.3,FastGPS,-62.663,-61.4388,,1,9.8,0.3,,,,15,9,474,,,,6,9906,,,,23,5851,,,,22,19018,,,,4,21842,,,,3,10872,,,,26,5164,,,,,,,,,,,,,,,,,,,,,,,,,,,,,,,,,,,,,,,,,,,
173716,1-May-18,20:41:53,2018-05-01 20:41:53,G,1,4,480,29,0,6,-62.6815,-61.4817,41:57.3,FastGPS,-62.6815,-61.4817,,,4.6,0.3,,,,15,9,9838,,,,7,24486,,,,3,29386,,,,6,27554,,,,16,3787,,,,2,21100,,,,,,,,,,,,,,,,,,,,,,,,,,,,,,,,,,,,,,,,,,,,,,,,
173716,1-May-18,21:12:49,2018-05-01 21:12:49,G,1,4,481,29,0,8,-62.6777,-61.5188,12:52.8,FastGPS,-62.6777,-61.5188,,,7.9,-0.2,,,,15,7,28804,,,,9,29008,,,,3,3828,,,,23,8064,,,,2,247,,,,5,11536,,,,6,22044,,,,29,2784,,,,,,,,,,,,,,,,,,,,,,,,,,,,,,,,,,,,,,
173716,1-May-18,22:43:30,2018-05-01 22:43:30,G,1,4,484,29,0,5,-62.6459,-61.4401,43:33.8,FastGPS,-62.6459,-61.4401,,,1.4,-0.2,,,,15,7,9986,,,,9,1426,,,,5,25138,,,,16,20826,,,,30,4818,,,,,,,,,,,,,,,,,,,,,,,,,,,,,,,,,,,,,,,,,,,,,,,,,,,,,
173716,1-May-18,23:16:18,2018-05-01 23:16:18,G,2,4,485,29,0,8,-62.6305,-61.416,16:22.3,FastGPS,-62.6305,-61.416,,,10.2,0.3,,,,15,5,30860,,,,8,10476,,,,7,9450,,,,30,27585,,,,9,24810,,,,27,25312,,,,16,19783,,,,21,680,,,,,,,,,,,,,,,,,,,,,,,,,,,,,,,,,,,,,,
173716,2-May-18,0:20:20,2018-05-02 00:20:20,G,1,4,487,,0,9,-62.5947,-61.3445,20:23.8,FastGPS,-62.5947,-61.3445,,,9.4,-0.2,,,,15,7,1209,,,,30,696,,,,15,28550,,,,8,7161,,,,28,23105,,,,27,15672,,,,21,15500,,,,13,31880,,,,5,13000,,,,,,,,,,,,,,,,,,,,,,,,,,,,,,,,,
173716,2-May-18,3:30:29,2018-05-02 03:30:29,G,1,4,492,31,0,8,-62.5328,-61.0727,30:32.3,FastGPS,-62.5328,-61.0727,,,9.2,-0.7,,,,15,17,22410,,,,15,15617,,,,19,16934,,,,24,26548,,,,12,2566,,,,28,7466,,,,13,4999,,,,1,24052,,,,,,,,,,,,,,,,,,,,,,,,,,,,,,,,,,,,,,
173716,2-May-18,4:31:00,2018-05-02 04:31:00,G,1,4,494,,0,9,-62.5449,-61.1827,31:03.3,FastGPS,-62.5449,-61.1827,,,13.7,-0.7,,,,15,15,23419,,,,12,16044,,,,6,19370,,,,17,1954,,,,19,2020,,,,24,13645,,,,32,27577,,,,10,28745,,,,25,14552,,,,,,,,,,,,,,,,,,,,,,,,,,,,,,,,,
173716,2-May-18,5:33:14,2018-05-02 05:33:14,G,1,4,496,31,0,8,-62.5816,-61.2651,33:17.3,FastGPS,-62.5816,-61.2651,,,6.2,-0.7,,,,15,12,18338,,,,24,10102,,,,32,20110,,,,25,5669,,,,2,32244,,,,17,31363,,,,6,26140,,,,14,19916,,,,,,,,,,,,,,,,,,,,,,,,,,,,,,,,,,,,,,
173716,2-May-18,6:04:47,2018-05-02 06:04:47,G,1,4,497,31,0,6,-62.5939,-61.3052,04:49.8,FastGPS,-62.5939,-61.3051,,,6,-1.2,,,,15,2,3257,,,,12,31114,,,,24,26466,,,,25,10682,,,,32,4544,,,,14,16610,,,,,,,,,,,,,,,,,,,,,,,,,,,,,,,,,,,,,,,,,,,,,,,,
173716,2-May-18,6:37:40,2018-05-02 06:37:40,G,2,4,498,31,0,8,-62.601,-61.3157,37:43.3,FastGPS,-62.601,-61.3157,,,14.5,-0.7,,,,15,29,19190,,,,25,28382,,,,24,11156,,,,6,21660,,,,14,25073,,,,32,8466,,,,19,306,,,,31,17293,,,,,,,,,,,,,,,,,,,,,,,,,,,,,,,,,,,,,,
173716,2-May-18,9:59:05,2018-05-02 09:59:05,G,1,4,503,,0,9,-62.6212,-61.3998,59:07.9,FastGPS,-62.6212,-61.3998,,1,13,-1.1,,,,15,31,18679,,,,25,7128,,,,26,10244,,,,20,7045,,,,5,13497,,,,21,27057,,,,16,14330,,,,29,56,,,,4,2250,,,,,,,,,,,,,,,,,,,,,,,,,,,,,,,,,
173716,2-May-18,10:30:33,2018-05-02 10:30:33,G,1,4,504,34,0,7,-62.6273,-61.4196,30:36.3,FastGPS,-62.6273,-61.4196,,1,10.8,-0.7,,,,15,29,31397,,,,20,31568,,,,4,29554,,,,21,30770,,,,16,2346,,,,27,31386,,,,26,3207,,,,,,,,,,,,,,,,,,,,,,,,,,,,,,,,,,,,,,,,,,,
173716,2-May-18,11:03:22,2018-05-02 11:03:22,G,1,4,505,,0,9,-62.617,-61.4629,03:24.8,FastGPS,-62.617,-61.4629,,1,8.2,-1.2,,,,15,15,18294,,,,29,17376,,,,7,13144,,,,20,19324,,,,13,25496,,,,21,10178,,,,4,26564,,,,5,31038,,,,16,1992,,,,,,,,,,,,,,,,,,,,,,,,,,,,,,,,,
173716,2-May-18,11:36:27,2018-05-02 11:36:27,G,1,4,506,,0,9,-62.6055,-61.4127,36:29.8,FastGPS,-62.6055,-61.4127,,,6.7,-1.2,,,,15,7,5280,,,,15,21703,,,,26,14104,,,,20,7634,,,,27,7573,,,,5,20777,,,,10,7239,,,,30,22334,,,,29,25071,,,,,,,,,,,,,,,,,,,,,,,,,,,,,,,,,
173716,2-May-18,12:06:28,2018-05-02 12:06:28,G,2,4,507,34,0,8,-62.6133,-61.3648,06:31.3,FastGPS,-62.6133,-61.3648,,,9.5,-0.7,,,,15,15,27293,,,,21,25941,,,,7,17232,,,,20,18119,,,,13,25286,,,,27,28318,,,,30,5270,,,,26,17794,,,,,,,,,,,,,,,,,,,,,,,,,,,,,,,,,,,,,,
173716,2-May-18,12:36:14,2018-05-02 12:36:14,G,2,4,508,,0,9,-62.6201,-61.3428,36:16.8,FastGPS,-62.6201,-61.3428,,,7.7,-1.2,,,,15,21,20090,,,,7,3075,,,,8,10606,,,,20,3495,,,,27,408,,,,10,13019,,,,30,28376,,,,13,25551,,,,15,14081,,,,,,,,,,,,,,,,,,,,,,,,,,,,,,,,,
173716,2-May-18,13:06:19,2018-05-02 13:06:19,G,3,4,509,,0,9,-62.613,-61.3351,06:23.3,FastGPS,-62.613,-61.3351,,,9.8,0.3,,,,15,16,25598,,,,10,2068,,,,8,19606,,,,15,11842,,,,27,17604,,,,30,27083,,,,7,4952,,,,18,26452,,,,20,2014,,,,,,,,,,,,,,,,,,,,,,,,,,,,,,,,,
173716,2-May-18,13:36:08,2018-05-02 13:36:08,G,1,4,510,34,0,8,-62.6042,-61.3251,36:11.9,FastGPS,-62.6042,-61.3251,,,12.4,-0.1,,,,15,10,19088,,,,15,3893,,,,27,26498,,,,11,12256,,,,20,6166,,,,18,17585,,,,21,24346,,,,8,31598,,,,,,,,,,,,,,,,,,,,,,,,,,,,,,,,,,,,,,
173716,2-May-18,14:21:01,2018-05-02 14:21:01,G,1,4,511,35,0,8,-62.5926,-61.3199,21:04.8,FastGPS,-62.5926,-61.3199,,,7.2,-0.2,,,,15,10,23633,,,,8,15052,,,,27,21170,,,,15,18266,,,,18,26573,,,,32,16224,,,,11,24765,,,,24,3562,,,,,,,,,,,,,,,,,,,,,,,,,,,,,,,,,,,,,,
173716,2-May-18,14:51:11,2018-05-02 14:51:11,G,1,4,512,,0,9,-62.5907,-61.3169,51:14.8,FastGPS,-62.5907,-61.3169,,,4.7,-0.2,,,,15,22,30406,,,,11,25488,,,,1,19655,,,,28,11569,,,,18,23590,,,,8,24494,,,,27,10144,,,,24,8052,,,,10,10948,,,,,,,,,,,,,,,,,,,,,,,,,,,,,,,,,
173716,2-May-18,15:23:07,2018-05-02 15:23:07,G,1,4,513,,0,9,-62.5879,-61.3225,23:10.8,FastGPS,-62.5879,-61.3225,,,5.7,-0.2,,,,15,22,8116,,,,8,3086,,,,1,3167,,,,11,22150,,,,27,21116,,,,32,3054,,,,18,15940,,,,28,11188,,,,10,10836,,,,,,,,,,,,,,,,,,,,,,,,,,,,,,,,,
173716,2-May-18,16:10:59,2018-05-02 16:10:59,G,1,4,514,,0,9,-62.5796,-61.3287,11:02.9,FastGPS,-62.5796,-61.3287,,,7.6,-0.1,,,,15,8,12587,,,,17,30309,,,,1,2518,,,,3,24433,,,,22,27117,,,,14,26451,,,,11,24774,,,,18,12076,,,,28,5313,,,,,,,,,,,,,,,,,,,,,,,,,,,,,,,,,
173716,2-May-18,16:41:00,2018-05-02 16:41:00,G,2,4,515,,0,9,-62.5813,-61.3626,41:04.3,FastGPS,-62.5813,-61.3626,,,5.5,0.3,,,,15,17,25114,,,,32,31814,,,,31,17402,,,,18,8904,,,,14,26044,,,,11,26010,,,,3,7390,,,,19,7538,,,,22,32278,,,,,,,,,,,,,,,,,,,,,,,,,,,,,,,,,
173716,2-May-18,17:13:38,2018-05-02 17:13:38,G,1,4,516,,0,9,-62.574,-61.3965,13:42.3,FastGPS,-62.574,-61.3965,,,5.2,0.3,,,,15,17,3657,,,,3,1236,,,,18,21662,,,,31,3649,,,,11,11826,,,,12,26284,,,,19,4432,,,,22,28666,,,,32,22738,,,,,,,,,,,,,,,,,,,,,,,,,,,,,,,,,
173716,2-May-18,17:44:08,2018-05-02 17:44:08,G,1,4,517,,0,9,-62.5687,-61.4026,44:12.3,FastGPS,-62.5687,-61.4026,,,13.7,0.3,,,,15,23,28032,,,,17,29016,,,,11,11434,,,,1,18600,,,,12,24037,,,,19,29105,,,,18,14216,,,,3,29788,,,,32,31430,,,,,,,,,,,,,,,,,,,,,,,,,,,,,,,,,
173716,2-May-18,19:17:47,2018-05-02 19:17:47,G,1,4,520,,0,9,-62.5517,-61.4215,17:51.3,FastGPS,-62.5517,-61.4215,,,10.4,0.3,,,,15,17,14356,,,,6,10761,,,,1,21981,,,,9,27787,,,,31,4959,,,,19,18799,,,,23,15029,,,,3,10494,,,,22,13951,,,,,,,,,,,,,,,,,,,,,,,,,,,,,,,,,
173716,3-May-18,0:04:00,2018-05-03 00:04:00,G,2,4,527,,0,9,-62.6084,-61.5341,04:02.9,FastGPS,-62.6084,-61.5341,,,11.5,-1.1,,,,15,13,29184,,,,5,14004,,,,28,1091,,,,15,9442,,,,30,9293,,,,9,5534,,,,7,8288,,,,27,29303,,,,8,17350,,,,,,,,,,,,,,,,,,,,,,,,,,,,,,,,,
173716,3-May-18,0:50:47,2018-05-03 00:50:47,G,2,4,528,42,0,8,-62.6064,-61.5193,50:50.8,FastGPS,-62.6064,-61.5193,,,9.2,-0.2,,,,15,15,18068,,,,5,5862,,,,13,24778,,,,8,10659,,,,7,12976,,,,20,13089,,,,30,25318,,,,11,17905,,,,,,,,,,,,,,,,,,,,,,,,,,,,,,,,,,,,,,
173716,3-May-18,1:22:15,2018-05-03 01:22:15,G,2,4,529,42,0,7,-62.6122,-61.5238,22:18.3,FastGPS,-62.6122,-61.5238,,,10,-0.7,,,,15,15,5506,,,,7,22756,,,,13,3190,,,,11,29146,,,,28,14326,,,,20,30674,,,,30,22204,,,,,,,,,,,,,,,,,,,,,,,,,,,,,,,,,,,,,,,,,,,
173716,3-May-18,2:23:46,2018-05-03 02:23:46,G,1,4,531,,0,9,-62.6524,-61.4906,23:48.8,FastGPS,-62.6524,-61.4906,,,10.6,-1.2,,,,15,15,2505,,,,13,29449,,,,24,3977,,,,11,32158,,,,17,32171,,,,10,28553,,,,28,19403,,,,1,22868,,,,18,28051,,,,,,,,,,,,,,,,,,,,,,,,,,,,,,,,,
173716,3-May-18,2:55:23,2018-05-03 02:55:23,G,1,4,532,42,0,8,-62.6777,-61.4867,55:26.8,FastGPS,-62.6777,-61.4867,,,9.7,-0.2,,,,15,15,22079,,,,24,3716,,,,12,28914,,,,17,6488,,,,13,4039,,,,20,21495,,,,1,18914,,,,28,3697,,,,,,,,,,,,,,,,,,,,,,,,,,,,,,,,,,,,,,
173716,3-May-18,3:55:06,2018-05-03 03:55:06,G,2,4,534,,0,9,-62.6921,-61.4925,55:08.9,FastGPS,-62.6921,-61.4925,,,12.7,-1.1,,,,15,32,4587,,,,10,10861,,,,17,2400,,,,24,3450,,,,18,31506,,,,1,4344,,,,11,20424,,,,28,18372,,,,15,2190,,,,,,,,,,,,,,,,,,,,,,,,,,,,,,,,,
173716,3-May-18,4:56:01,2018-05-03 04:56:01,G,1,4,536,42,0,7,-62.7019,-61.495,56:04.3,FastGPS,-62.7019,-61.495,,,5.5,-0.7,,,,15,12,5360,,,,17,2449,,,,19,30635,,,,6,6445,,,,24,29193,,,,32,24574,,,,25,17302,,,,,,,,,,,,,,,,,,,,,,,,,,,,,,,,,,,,,,,,,,,
173716,3-May-18,5:26:00,2018-05-03 05:26:00,G,2,4,537,,0,9,-62.7017,-61.5227,26:03.9,FastGPS,-62.7017,-61.5227,,,6.1,-0.1,,,,15,12,8360,,,,17,4692,,,,6,11204,,,,25,21332,,,,19,28136,,,,24,11681,,,,2,8456,,,,32,16936,,,,22,2944,,,,,,,,,,,,,,,,,,,,,,,,,,,,,,,,,
173716,3-May-18,5:56:19,2018-05-03 05:56:19,G,1,4,538,42,0,8,-62.6874,-61.5447,56:21.8,FastGPS,-62.6874,-61.5447,,,9.8,-1.2,,,,15,29,23082,,,,19,21511,,,,6,7418,,,,17,10313,,,,12,9534,,,,32,26186,,,,25,9456,,,,24,21244,,,,,,,,,,,,,,,,,,,,,,,,,,,,,,,,,,,,,,
173716,3-May-18,6:59:12,2018-05-03 06:59:12,G,3,4,540,42,0,7,-62.681,-61.5872,59:15.3,FastGPS,-62.681,-61.5872,,,9.7,-0.7,,,,15,31,32066,,,,12,12178,,,,29,17554,,,,2,14614,,,,24,5828,,,,14,25684,,,,25,26757,,,,,,,,,,,,,,,,,,,,,,,,,,,,,,,,,,,,,,,,,,,
173716,3-May-18,7:30:02,2018-05-03 07:30:02,G,2,4,541,42,0,5,-62.6912,-61.63,30:06.3,FastGPS,-62.6912,-61.63,,,9.7,0.3,,,,15,12,24307,,,,5,10846,,,,29,29444,,,,31,9349,,,,2,23905,,,,,,,,,,,,,,,,,,,,,,,,,,,,,,,,,,,,,,,,,,,,,,,,,,,,,
173716,3-May-18,8:03:00,2018-05-03 08:03:00,G,1,4,542,42,0,8,-62.695,-61.6579,03:03.8,FastGPS,-62.695,-61.6579,,1,8,-0.2,,,,15,31,16522,,,,29,26868,,,,12,11068,,,,5,21771,,,,4,24622,,,,2,16944,,,,26,2188,,,,25,28477,,,,,,,,,,,,,,,,,,,,,,,,,,,,,,,,,,,,,,
173716,3-May-18,8:35:26,2018-05-03 08:35:26,G,1,4,543,42,0,7,-62.6759,-61.6828,35:28.8,FastGPS,-62.6759,-61.6828,,,6.7,-1.2,,,,15,31,18422,,,,29,2492,,,,5,26942,,,,2,10457,,,,25,21376,,,,26,4024,,,,12,30166,,,,,,,,,,,,,,,,,,,,,,,,,,,,,,,,,,,,,,,,,,,
173716,3-May-18,9:05:23,2018-05-03 09:05:23,G,2,4,544,42,0,5,-62.687,-61.496,5/3/2018 3:16,P,-62.6562,-61.653,,1,0.1,-0.6,,,,15,5,21645,,,,2,9438,,,,29,176,,,,4,12040,,,,25,16299,,,,,,,,,,,,,,,,,,,,,,,,,,,,,,,,,,,,,,,,,,,,,,,,,,,,,
173716,3-May-18,9:37:39,2018-05-03 09:37:39,G,2,4,545,,0,9,-62.6797,-61.6399,37:43.4,FastGPS,-62.6797,-61.6399,,1,11.1,0.4,,,,15,31,24781,,,,9,9332,,,,5,17947,,,,26,19027,,,,21,13246,,,,16,12624,,,,4,28254,,,,2,20628,,,,29,32658,,,,,,,,,,,,,,,,,,,,,,,,,,,,,,,,,
173716,3-May-18,10:08:03,2018-05-03 10:08:03,G,2,4,546,42,0,8,-62.7053,-61.6263,08:07.3,FastGPS,-62.7053,-61.6263,,1,9.7,0.3,,,,15,21,29994,,,,16,11866,,,,4,13894,,,,20,11725,,,,5,15253,,,,29,15846,,,,26,2818,,,,25,26430,,,,,,,,,,,,,,,,,,,,,,,,,,,,,,,,,,,,,,
173716,3-May-18,11:10:38,2018-05-03 11:10:38,G,1,4,548,,0,9,-62.7326,-61.5683,10:42.3,FastGPS,-62.7326,-61.5683,,1,11.7,0.3,,,,15,4,32042,,,,16,19797,,,,10,18102,,,,27,15808,,,,26,9340,,,,20,23328,,,,7,12196,,,,29,12724,,,,5,1555,,,,,,,,,,,,,,,,,,,,,,,,,,,,,,,,,
173716,3-May-18,12:10:06,2018-05-03 12:10:06,G,1,4,550,,0,9,-62.7414,-61.5669,10:09.9,FastGPS,-62.7414,-61.5669,,1,3.1,-0.1,,,,15,4,18645,,,,7,14860,,,,27,21967,,,,8,12272,,,,16,18696,,,,10,19361,,,,15,15026,,,,21,14548,,,,13,1255,,,,,,,,,,,,,,,,,,,,,,,,,,,,,,,,,
173716,3-May-18,16:18:08,2018-05-03 16:18:08,G,2,4,558,42,0,6,-62.6945,-61.5272,18:11.4,FastGPS,-62.6945,-61.5272,,,15.3,-0.6,,,,15,32,2794,,,,22,22678,,,,18,629,,,,11,15263,,,,1,16816,,,,3,2114,,,,,,,,,,,,,,,,,,,,,,,,,,,,,,,,,,,,,,,,,,,,,,,,
173716,3-May-18,16:49:27,2018-05-03 16:49:27,G,1,4,559,42,0,7,-62.6859,-61.5372,49:31.3,FastGPS,-62.6859,-61.5372,,,5.8,0.3,,,,15,32,25849,,,,31,29574,,,,14,20218,,,,18,10884,,,,12,19576,,,,11,30321,,,,17,15972,,,,,,,,,,,,,,,,,,,,,,,,,,,,,,,,,,,,,,,,,,,
173716,3-May-18,17:19:28,2018-05-03 17:19:28,G,1,4,560,,0,9,-62.6783,-61.5383,19:31.9,FastGPS,-62.6783,-61.5383,,,11.2,-0.1,,,,15,31,23936,,,,18,11548,,,,32,7640,,,,1,18918,,,,25,30024,,,,11,3986,,,,14,4203,,,,22,19618,,,,12,31602,,,,,,,,,,,,,,,,,,,,,,,,,,,,,,,,,
173716,3-May-18,17:49:08,2018-05-03 17:49:08,G,2,4,561,,0,9,-62.6696,-61.5432,49:11.3,FastGPS,-62.6696,-61.5432,,1,8.7,-0.7,,,,15,17,12682,,,,23,31470,,,,11,4588,,,,31,3902,,,,32,19321,,,,18,4681,,,,14,30315,,,,1,20578,,,,6,30067,,,,,,,,,,,,,,,,,,,,,,,,,,,,,,,,,
173716,3-May-18,18:19:04,2018-05-03 18:19:04,G,1,4,562,,0,9,-62.6478,-61.5365,19:07.9,FastGPS,-62.6478,-61.5365,,1,5.9,-0.1,,,,15,31,19765,,,,1,30680,,,,22,27345,,,,14,1150,,,,12,10390,,,,23,3358,,,,25,16644,,,,3,2442,,,,18,22052,,,,,,,,,,,,,,,,,,,,,,,,,,,,,,,,,
173716,3-May-18,20:07:00,2018-05-03 20:07:00,G,1,4,565,,0,9,-62.6558,-61.4796,07:02.9,FastGPS,-62.6558,-61.4796,,2,9.9,-1.1,,,,15,4,13537,,,,9,14889,,,,26,27244,,,,2,12688,,,,31,30200,,,,6,3022,,,,23,19057,,,,3,8173,,,,16,6533,,,,,,,,,,,,,,,,,,,,,,,,,,,,,,,,,
173716,3-May-18,20:37:06,2018-05-03 20:37:06,G,1,4,566,,0,9,-62.6537,-61.4577,37:09.3,FastGPS,-62.6537,-61.4577,,1,7.1,-0.7,,,,15,7,21291,,,,9,27516,,,,29,8921,,,,6,31488,,,,5,6661,,,,3,27408,,,,2,1931,,,,23,12983,,,,26,8352,,,,,,,,,,,,,,,,,,,,,,,,,,,,,,,,,
173716,3-May-18,21:07:15,2018-05-03 21:07:15,G,1,4,567,,0,9,-62.6317,-61.4166,07:19.3,FastGPS,-62.6317,-61.4166,,1,7.5,0.3,,,,15,16,16754,,,,23,10488,,,,4,13930,,,,7,19796,,,,9,9268,,,,26,12933,,,,6,24322,,,,29,13810,,,,5,1760,,,,,,,,,,,,,,,,,,,,,,,,,,,,,,,,,
173716,3-May-18,22:42:44,2018-05-03 22:42:44,G,2,4,570,43,0,5,-62.5667,-61.2843,42:47.9,FastGPS,-62.5667,-61.2843,,,5.3,-0.1,,,,15,7,13115,,,,16,32174,,,,30,26452,,,,9,11253,,,,5,3272,,,,,,,,,,,,,,,,,,,,,,,,,,,,,,,,,,,,,,,,,,,,,,,,,,,,,
173716,4-May-18,0:16:14,2018-05-04 00:16:14,G,1,4,573,43,0,7,-62.5417,-61.1402,16:16.9,FastGPS,-62.5417,-61.1402,,,3.6,-1.1,,,,15,15,683,,,,5,22376,,,,7,9731,,,,30,19150,,,,13,31577,,,,8,2928,,,,21,30894,,,,,,,,,,,,,,,,,,,,,,,,,,,,,,,,,,,,,,,,,,,
173716,4-May-18,1:49:39,2018-05-04 01:49:39,G,1,4,576,43,0,6,-62.5775,-61.0056,49:42.3,FastGPS,-62.5775,-61.0056,,,11.4,-0.7,,,,15,15,12525,,,,11,6980,,,,24,5406,,,,13,25003,,,,20,22942,,,,17,20566,,,,,,,,,,,,,,,,,,,,,,,,,,,,,,,,,,,,,,,,,,,,,,,,
173716,4-May-18,2:19:04,2018-05-04 02:19:04,G,2,4,577,,0,9,-62.6026,-61.0021,19:08.4,FastGPS,-62.6026,-61.0021,,,8.3,0.4,,,,15,15,24081,,,,19,7734,,,,30,18967,,,,13,21481,,,,17,21984,,,,10,16418,,,,20,26282,,,,1,13612,,,,28,12626,,,,,,,,,,,,,,,,,,,,,,,,,,,,,,,,,
173716,4-May-18,13:07:04,2018-05-04 13:07:04,G,1,4,582,43,0,7,-62.5943,-60.9761,07:08.4,FastGPS,-62.5943,-60.9761,,,3.8,0.4,,,,15,15,2404,,,,10,18918,,,,13,7607,,,,21,24364,,,,20,15697,,,,27,11780,,,,16,14358,,,,,,,,,,,,,,,,,,,,,,,,,,,,,,,,,,,,,,,,,,,
173716,4-May-18,13:39:22,2018-05-04 13:39:22,G,1,4,583,43,0,5,-62.5698,-60.9625,39:25.4,FastGPS,-62.5698,-60.9625,,,6.1,-0.6,,,,15,15,31333,,,,27,25012,,,,20,26984,,,,10,13856,,,,28,19942,,,,,,,,,,,,,,,,,,,,,,,,,,,,,,,,,,,,,,,,,,,,,,,,,,,,,
173716,4-May-18,14:09:41,2018-05-04 14:09:41,G,1,4,584,43,0,7,-62.5526,-60.958,09:43.9,FastGPS,-62.5526,-60.958,,,9.8,-1.1,,,,15,15,32320,,,,27,1541,,,,32,7008,,,,8,17015,,,,10,30105,,,,11,14952,,,,28,394,,,,,,,,,,,,,,,,,,,,,,,,,,,,,,,,,,,,,,,,,,,
173716,4-May-18,16:17:02,2018-05-04 16:17:02,G,2,4,588,,0,9,-62.4873,-60.9105,17:04.9,FastGPS,-62.4873,-60.9105,,,10.7,-1.1,,,,15,32,26378,,,,11,6092,,,,22,22744,,,,18,25003,,,,3,5275,,,,1,13032,,,,14,8726,,,,10,20336,,,,31,10791,,,,,,,,,,,,,,,,,,,,,,,,,,,,,,,,,
173716,4-May-18,17:48:51,2018-05-04 17:48:51,G,2,4,591,,0,9,-62.4022,-60.8936,48:55.4,FastGPS,-62.4022,-60.8936,,,2.8,0.4,,,,15,31,3746,,,,1,1396,,,,23,5457,,,,22,23685,,,,3,30278,,,,14,9960,,,,32,26522,,,,17,25458,,,,18,15470,,,,,,,,,,,,,,,,,,,,,,,,,,,,,,,,,
173716,4-May-18,18:55:53,2018-05-04 18:55:53,G,1,4,593,43,0,8,-62.3435,-60.8657,55:56.4,FastGPS,-62.3435,-60.8657,,,12.9,-0.6,,,,15,9,2293,,,,6,11613,,,,19,20397,,,,3,7252,,,,17,6203,,,,1,25172,,,,31,637,,,,12,13768,,,,,,,,,,,,,,,,,,,,,,,,,,,,,,,,,,,,,,
173716,4-May-18,20:42:00,2018-05-04 20:42:00,G,1,4,596,,0,9,-62.2798,-60.7839,42:03.4,FastGPS,-62.2798,-60.7839,,1,20.1,-0.6,,,,15,29,23810,,,,4,1824,,,,26,18266,,,,9,15959,,,,16,30440,,,,23,2046,,,,3,1550,,,,7,12118,,,,6,15431,,,,,,,,,,,,,,,,,,,,,,,,,,,,,,,,,
173716,4-May-18,21:45:12,2018-05-04 21:45:12,G,2,4,598,,0,9,-62.2491,-60.6967,45:15.4,FastGPS,-62.2491,-60.6967,,1,12.4,-0.6,,,,15,23,9596,,,,26,9406,,,,9,13914,,,,4,17603,,,,29,15990,,,,7,3659,,,,5,30345,,,,16,2212,,,,30,31563,,,,,,,,,,,,,,,,,,,,,,,,,,,,,,,,,
173716,4-May-18,22:15:59,2018-05-04 22:15:59,G,2,4,599,44,0,7,-62.245,-60.6532,16:03.4,FastGPS,-62.245,-60.6532,,,6.6,0.4,,,,15,5,2008,,,,16,3656,,,,30,470,,,,9,28154,,,,7,10698,,,,23,11809,,,,2,22151,,,,,,,,,,,,,,,,,,,,,,,,,,,,,,,,,,,,,,,,,,,
173716,4-May-18,22:48:08,2018-05-04 22:48:08,G,1,4,600,44,0,8,-62.2628,-60.593,48:11.9,FastGPS,-62.2628,-60.593,,,5.8,-0.1,,,,15,13,11522,,,,5,20858,,,,7,23609,,,,9,25042,,,,30,28588,,,,8,19709,,,,16,11036,,,,27,28236,,,,,,,,,,,,,,,,,,,,,,,,,,,,,,,,,,,,,,
173716,4-May-18,23:19:21,2018-05-04 23:19:21,G,1,4,601,44,0,8,-62.278,-60.5489,19:24.4,FastGPS,-62.278,-60.5489,,,10.9,-0.6,,,,15,27,32406,,,,7,7722,,,,9,17456,,,,21,10466,,,,30,2657,,,,28,22537,,,,5,8543,,,,16,7253,,,,,,,,,,,,,,,,,,,,,,,,,,,,,,,,,,,,,,
173716,4-May-18,23:52:05,2018-05-04 23:52:05,G,2,4,602,,0,9,-62.2873,-60.5043,52:08.4,FastGPS,-62.2873,-60.5043,,,7,-0.6,,,,15,7,9037,,,,28,5756,,,,8,32476,,,,27,18125,,,,20,29202,,,,30,30727,,,,21,9730,,,,9,15182,,,,13,30897,,,,,,,,,,,,,,,,,,,,,,,,,,,,,,,,,
173716,5-May-18,0:55:22,2018-05-05 00:55:22,G,1,4,604,,0,9,-62.2763,-60.3957,55:25.9,FastGPS,-62.2763,-60.3957,,,15.3,-0.1,,,,15,15,6628,,,,30,14675,,,,28,17178,,,,11,14308,,,,27,26900,,,,20,4552,,,,7,12866,,,,8,20723,,,,13,21756,,,,,,,,,,,,,,,,,,,,,,,,,,,,,,,,,
173716,5-May-18,1:57:09,2018-05-05 01:57:09,G,1,4,606,,0,9,-62.2773,-60.2947,57:13.4,FastGPS,-62.2773,-60.2947,,,10,0.4,,,,15,20,5932,,,,30,14134,,,,15,26878,,,,17,21876,,,,28,26376,,,,13,10914,,,,11,26999,,,,10,19029,,,,18,2778,,,,,,,,,,,,,,,,,,,,,,,,,,,,,,,,,
173716,5-May-18,2:59:51,2018-05-05 02:59:51,G,1,4,608,,0,9,-62.2743,-60.1895,59:54.9,FastGPS,-62.2743,-60.1895,,,14.7,-0.1,,,,15,17,133,,,,10,10050,,,,18,4168,,,,28,6326,,,,19,7016,,,,11,30862,,,,24,20132,,,,1,23717,,,,15,10778,,,,,,,,,,,,,,,,,,,,,,,,,,,,,,,,,
173716,5-May-18,3:30:05,2018-05-05 03:30:05,G,2,4,609,,0,9,-62.2691,-60.1397,30:08.9,FastGPS,-62.2691,-60.1397,,,17.2,-0.1,,,,15,17,5138,,,,28,16252,,,,32,3998,,,,18,8674,,,,19,15762,,,,24,12290,,,,11,10372,,,,12,13114,,,,1,21467,,,,,,,,,,,,,,,,,,,,,,,,,,,,,,,,,
173716,5-May-18,4:00:15,2018-05-05 04:00:15,G,1,4,610,44,0,4,-62.104,-58.97,5/6/2018 0:12,K,-62.2673,-60.0912,,,0.4,-0.2,,,,15,19,31342,,,,24,13575,,,,17,1715,,,,32,8636,,,,,,,,,,,,,,,,,,,,,,,,,,,,,,,,,,,,,,,,,,,,,,,,,,,,,,,,,,
173716,5-May-18,4:30:13,2018-05-05 04:30:13,G,1,4,611,,0,9,-62.2668,-60.0429,30:16.9,FastGPS,-62.2668,-60.0429,,,9.2,-0.1,,,,15,17,19866,,,,6,14024,,,,15,10468,,,,32,20420,,,,19,12221,,,,12,21061,,,,1,12627,,,,24,14723,,,,22,26432,,,,,,,,,,,,,,,,,,,,,,,,,,,,,,,,,
173716,5-May-18,5:00:01,2018-05-05 05:00:01,G,1,4,612,,0,9,-62.2642,-59.9948,00:05.4,FastGPS,-62.2642,-59.9948,,,4.6,0.4,,,,15,12,30093,,,,17,31455,,,,24,11138,,,,32,27463,,,,6,24078,,,,14,8102,,,,19,20980,,,,3,30453,,,,2,13383,,,,,,,,,,,,,,,,,,,,,,,,,,,,,,,,,
173716,5-May-18,7:04:41,2018-05-05 07:04:41,G,3,4,616,44,0,5,-62.2226,-59.8261,04:44.9,FastGPS,-62.2226,-59.8261,,,1.1,-0.1,,,,15,12,20744,,,,2,3285,,,,29,3990,,,,23,2206,,,,25,8508,,,,,,,,,,,,,,,,,,,,,,,,,,,,,,,,,,,,,,,,,,,,,,,,,,,,,
173716,5-May-18,10:47:39,2018-05-05 10:47:39,G,1,4,623,44,0,6,-62.149,-59.3777,47:42.4,FastGPS,-62.149,-59.3777,,1,7.4,-0.6,,,,15,26,32431,,,,4,3810,,,,16,23246,,,,20,10185,,,,5,12363,,,,7,30672,,,,,,,,,,,,,,,,,,,,,,,,,,,,,,,,,,,,,,,,,,,,,,,,
173716,5-May-18,12:17:32,2018-05-05 12:17:32,G,1,4,626,,0,9,-62.0803,-59.3601,17:36.4,FastGPS,-62.0803,-59.3601,,,9.1,0.4,,,,15,15,28860,,,,10,6790,,,,21,29016,,,,16,18359,,,,26,2484,,,,27,30730,,,,13,12709,,,,20,4916,,,,7,19356,,,,,,,,,,,,,,,,,,,,,,,,,,,,,,,,,
173716,5-May-18,14:47:08,2018-05-05 14:47:08,G,1,4,631,44,0,7,-62.0793,-59.2468,47:11.9,FastGPS,-62.0793,-59.2468,,,10,-0.1,,,,15,24,31311,,,,11,14021,,,,10,6022,,,,28,7735,,,,1,18020,,,,18,13070,,,,8,14476,,,,,,,,,,,,,,,,,,,,,,,,,,,,,,,,,,,,,,,,,,,
173716,5-May-18,17:50:00,2018-05-05 17:50:00,G,1,4,637,,0,9,-62.0569,-59.1743,50:02.9,FastGPS,-62.0569,-59.1743,,,5.1,-1.1,,,,15,23,14449,,,,19,5427,,,,17,28456,,,,11,17992,,,,18,21127,,,,1,9590,,,,12,22698,,,,22,8856,,,,3,22832,,,,,,,,,,,,,,,,,,,,,,,,,,,,,,,,,
173716,5-May-18,18:50:53,2018-05-05 18:50:53,G,1,4,639,,0,9,-62.0599,-59.1635,50:55.9,FastGPS,-62.0599,-59.1635,,,8.4,-1.1,,,,15,19,26011,,,,17,14062,,,,31,20117,,,,9,5630,,,,25,1066,,,,23,2730,,,,3,25070,,,,6,14186,,,,1,13039,,,,,,,,,,,,,,,,,,,,,,,,,,,,,,,,,
173716,5-May-18,19:21:43,2018-05-05 19:21:43,G,1,4,640,44,0,4,-62.04,-58.975,5/6/2018 14:50,A,-62.0774,-59.1354,,,0.2,-1.1,,,,15,23,6680,,,,9,28272,,,,6,32124,,,,31,9051,,,,,,,,,,,,,,,,,,,,,,,,,,,,,,,,,,,,,,,,,,,,,,,,,,,,,,,,,,
173716,5-May-18,21:22:12,2018-05-05 21:22:12,G,1,4,644,44,0,7,-62.1187,-59.0124,22:15.4,FastGPS,-62.1187,-59.0124,,,10,-0.6,,,,15,5,22094,,,,2,18262,,,,29,19678,,,,9,8261,,,,7,14454,,,,6,25369,,,,26,7072,,,,,,,,,,,,,,,,,,,,,,,,,,,,,,,,,,,,,,,,,,,
173716,5-May-18,21:52:04,2018-05-05 21:52:04,G,1,4,645,44,0,6,-62.1159,-58.9939,52:08.4,FastGPS,-62.1159,-58.9939,,,5.8,0.4,,,,15,7,12098,,,,9,14213,,,,23,18126,,,,30,23114,,,,16,12834,,,,5,8666,,,,,,,,,,,,,,,,,,,,,,,,,,,,,,,,,,,,,,,,,,,,,,,,
173716,5-May-18,22:22:27,2018-05-05 22:22:27,G,1,4,646,44,0,6,-62.115,-58.9887,22:30.9,FastGPS,-62.115,-58.9887,,,11.8,-0.1,,,,15,7,15454,,,,9,30707,,,,16,9639,,,,27,4741,,,,5,11520,,,,26,22731,,,,,,,,,,,,,,,,,,,,,,,,,,,,,,,,,,,,,,,,,,,,,,,,
173716,6-May-18,5:09:04,2018-05-06 05:09:04,G,1,4,657,49,0,5,-62.0334,-59.0749,09:06.9,FastGPS,-62.0334,-59.0749,,,10.5,-1.1,,,,15,25,31821,,,,6,20098,,,,12,6124,,,,32,11888,,,,24,2822,,,,,,,,,,,,,,,,,,,,,,,,,,,,,,,,,,,,,,,,,,,,,,,,,,,,,
173716,6-May-18,7:32:00,2018-05-06 07:32:00,G,1,4,661,50,0,8,-62.0471,-59.0989,32:02.9,FastGPS,-62.0471,-59.0989,,1,7.4,-1.1,,,,15,31,15148,,,,4,19493,,,,2,16034,,,,29,31506,,,,12,17507,,,,6,16998,,,,5,17827,,,,26,19746,,,,,,,,,,,,,,,,,,,,,,,,,,,,,,,,,,,,,,
173716,6-May-18,8:02:25,2018-05-06 08:02:25,G,2,4,662,50,0,8,-62.0536,-59.0506,02:27.9,FastGPS,-62.0536,-59.0506,,1,6.6,-1.1,,,,15,31,12658,,,,4,32484,,,,29,22640,,,,26,15753,,,,12,18879,,,,23,31058,,,,5,23883,,,,2,4273,,,,,,,,,,,,,,,,,,,,,,,,,,,,,,,,,,,,,,
173716,6-May-18,10:35:10,2018-05-06 10:35:10,G,1,4,667,,0,9,-62.0466,-59.042,35:12.9,FastGPS,-62.0466,-59.042,,1,13.8,-1.1,,,,15,5,7911,,,,7,10569,,,,29,11472,,,,20,16034,,,,16,11329,,,,27,22478,,,,4,27224,,,,21,24704,,,,13,29993,,,,,,,,,,,,,,,,,,,,,,,,,,,,,,,,,
173716,6-May-18,11:38:26,2018-05-06 11:38:26,G,1,4,669,,0,9,-62.037,-58.98,38:28.9,FastGPS,-62.037,-58.98,,1,8.2,-1.1,,,,15,27,29116,,,,15,23872,,,,16,29028,,,,10,8004,,,,26,12921,,,,4,18658,,,,21,31384,,,,29,26332,,,,20,4140,,,,,,,,,,,,,,,,,,,,,,,,,,,,,,,,,
173716,6-May-18,12:42:08,2018-05-06 12:42:08,G,1,4,671,,0,9,-62.0277,-58.9829,42:11.4,FastGPS,-62.0277,-58.9829,,,10.2,-0.6,,,,15,8,7814,,,,16,16044,,,,27,5014,,,,10,11468,,,,7,8880,,,,18,5431,,,,13,9868,,,,21,3165,,,,20,1691,,,,,,,,,,,,,,,,,,,,,,,,,,,,,,,,,
173716,6-May-18,15:14:46,2018-05-06 15:14:46,G,1,4,676,50,0,8,-62.0315,-58.9796,14:48.9,FastGPS,-62.0315,-58.9796,,,7,-1.1,,,,15,3,24687,,,,28,11505,,,,32,20087,,,,10,22440,,,,22,30006,,,,11,24093,,,,1,16808,,,,18,19848,,,,,,,,,,,,,,,,,,,,,,,,,,,,,,,,,,,,,,
173716,6-May-18,16:47:35,2018-05-06 16:47:35,G,1,4,679,,0,9,-62.0292,-58.9923,47:38.4,FastGPS,-62.0292,-58.9923,,,12.5,-0.6,,,,15,17,11602,,,,19,26878,,,,3,27986,,,,11,32677,,,,1,16016,,,,22,16676,,,,32,26640,,,,23,19498,,,,18,17386,,,,,,,,,,,,,,,,,,,,,,,,,,,,,,,,,
173716,6-May-18,21:51:24,2018-05-06 21:51:24,G,1,4,689,50,0,8,-62.0869,-58.8819,51:28.4,FastGPS,-62.0869,-58.8819,,,13.4,0.4,,,,15,5,5850,,,,16,28492,,,,23,23878,,,,30,23816,,,,26,30629,,,,7,6792,,,,2,5274,,,,27,7105,,,,,,,,,,,,,,,,,,,,,,,,,,,,,,,,,,,,,,
173716,6-May-18,22:21:12,2018-05-06 22:21:12,G,1,4,690,,0,9,-62.1003,-58.8306,21:16.4,FastGPS,-62.1003,-58.8306,,,13.4,0.4,,,,15,27,8748,,,,5,10748,,,,2,8007,,,,16,29637,,,,23,12937,,,,13,6828,,,,7,12115,,,,30,29284,,,,9,17301,,,,,,,,,,,,,,,,,,,,,,,,,,,,,,,,,
173716,7-May-18,1:54:01,2018-05-07 01:54:01,G,1,4,695,51,0,8,-62.0943,-58.7789,54:04.9,FastGPS,-62.0943,-58.7789,,,6.3,-0.1,,,,15,11,19446,,,,15,7299,,,,28,5044,,,,17,1836,,,,30,16556,,,,13,15213,,,,10,8764,,,,20,4640,,,,,,,,,,,,,,,,,,,,,,,,,,,,,,,,,,,,,,
173716,7-May-18,2:24:00,2018-05-07 02:24:00,G,1,4,696,,0,9,-62.0939,-58.7803,24:03.9,FastGPS,-62.0939,-58.7803,,,6,-0.1,,,,15,15,25166,,,,20,18742,,,,28,21202,,,,17,21724,,,,13,19868,,,,10,9974,,,,19,9320,,,,30,3913,,,,24,27036,,,,,,,,,,,,,,,,,,,,,,,,,,,,,,,,,
173716,7-May-18,5:47:53,2018-05-07 05:47:53,G,1,4,700,,0,9,-62.0756,-58.8175,47:57.4,FastGPS,-62.0756,-58.8175,,,11,0.4,,,,15,12,17968,,,,19,11450,,,,3,8257,,,,6,30776,,,,25,30981,,,,31,31654,,,,24,3704,,,,17,18126,,,,2,14079,,,,,,,,,,,,,,,,,,,,,,,,,,,,,,,,,
173716,7-May-18,8:58:01,2018-05-07 08:58:01,G,1,4,706,,0,9,-62.0691,-59.0527,58:05.0,FastGPS,-62.0691,-59.0527,,1,6.5,0,,,,15,21,16502,,,,26,11814,,,,31,27962,,,,4,14162,,,,25,17548,,,,29,23990,,,,23,4194,,,,16,19459,,,,5,5573,,,,,,,,,,,,,,,,,,,,,,,,,,,,,,,,,
173716,7-May-18,11:35:01,2018-05-07 11:35:01,G,3,4,711,56,0,4,-62.054,-58.797,5/8/2018 7:12,P,-62.0436,-59.0955,,,2.5,0,,,,15,7,18094,,,,21,21570,,,,8,5650,,,,20,28414,,,,,,,,,,,,,,,,,,,,,,,,,,,,,,,,,,,,,,,,,,,,,,,,,,,,,,,,,,
173716,7-May-18,12:09:53,2018-05-07 12:09:53,G,1,4,712,,0,9,-62.0342,-59.1053,09:56.9,FastGPS,-62.0342,-59.1053,,,9.9,-0.1,,,,15,15,23278,,,,21,21506,,,,20,1773,,,,10,1994,,,,8,13829,,,,16,8769,,,,13,5387,,,,7,9506,,,,27,23668,,,,,,,,,,,,,,,,,,,,,,,,,,,,,,,,,
173716,7-May-18,12:41:18,2018-05-07 12:41:18,G,1,4,713,56,0,8,-62.0279,-59.0981,41:22.0,FastGPS,-62.0279,-59.0981,,,4.6,0,,,,15,21,16921,,,,10,14581,,,,15,7128,,,,8,14416,,,,13,29385,,,,20,24298,,,,27,916,,,,30,9061,,,,,,,,,,,,,,,,,,,,,,,,,,,,,,,,,,,,,,
173716,7-May-18,13:11:32,2018-05-07 13:11:32,G,1,4,714,56,0,7,-62.0217,-59.097,11:36.4,FastGPS,-62.0217,-59.0969,,,11.1,0.4,,,,15,10,23608,,,,15,20245,,,,21,30157,,,,27,4308,,,,13,23726,,,,18,26586,,,,8,19686,,,,,,,,,,,,,,,,,,,,,,,,,,,,,,,,,,,,,,,,,,,
173716,7-May-18,17:17:26,2018-05-07 17:17:26,G,1,4,722,56,0,8,-61.9675,-59.0764,17:29.9,FastGPS,-61.9675,-59.0764,,,7.5,-0.1,,,,15,31,23430,,,,17,24644,,,,18,15075,,,,22,30024,,,,1,6088,,,,14,24758,,,,23,30394,,,,32,1408,,,,,,,,,,,,,,,,,,,,,,,,,,,,,,,,,,,,,,
173716,7-May-18,18:32:00,2018-05-07 18:32:00,G,1,4,724,57,0,7,-61.971,-59.0942,32:04.0,FastGPS,-61.971,-59.0942,,,13.9,0,,,,15,23,31243,,,,17,11947,,,,9,11843,,,,19,3862,,,,1,18258,,,,6,4551,,,,31,22570,,,,,,,,,,,,,,,,,,,,,,,,,,,,,,,,,,,,,,,,,,,
173716,7-May-18,19:33:00,2018-05-07 19:33:00,G,1,4,726,57,0,6,-61.9642,-59.0605,33:03.4,FastGPS,-61.9642,-59.0605,,1,4.7,-0.6,,,,15,9,1991,,,,6,12339,,,,31,12880,,,,4,9278,,,,3,30615,,,,2,28061,,,,,,,,,,,,,,,,,,,,,,,,,,,,,,,,,,,,,,,,,,,,,,,,
173716,7-May-18,21:53:51,2018-05-07 21:53:51,G,1,4,730,58,0,7,-61.9984,-59.0284,53:54.5,FastGPS,-61.9984,-59.0284,,,6.3,-0.5,,,,15,5,25424,,,,16,17519,,,,29,20125,,,,26,4829,,,,7,20338,,,,23,27323,,,,9,14776,,,,,,,,,,,,,,,,,,,,,,,,,,,,,,,,,,,,,,,,,,,
173716,7-May-18,22:54:13,2018-05-07 22:54:13,G,1,4,732,58,0,8,-62.0087,-58.9942,54:17.4,FastGPS,-62.0087,-58.9942,,,6.4,0.4,,,,15,9,25220,,,,16,8411,,,,27,1779,,,,8,686,,,,21,28959,,,,7,9880,,,,5,20239,,,,30,29400,,,,,,,,,,,,,,,,,,,,,,,,,,,,,,,,,,,,,,
173716,7-May-18,23:39:12,2018-05-07 23:39:12,G,1,4,733,59,0,6,-62.01,-58.9842,39:16.4,FastGPS,-62.01,-58.9842,,,4,0.4,,,,15,30,26853,,,,28,409,,,,5,30316,,,,9,20165,,,,8,202,,,,7,10417,,,,,,,,,,,,,,,,,,,,,,,,,,,,,,,,,,,,,,,,,,,,,,,,
173716,8-May-18,0:40:37,2018-05-08 00:40:37,G,1,4,735,,0,9,-62.0289,-58.9447,40:41.0,FastGPS,-62.0289,-58.9447,,,6.6,0,,,,15,15,23774,,,,20,20946,,,,30,26980,,,,8,26826,,,,7,31568,,,,5,8972,,,,13,16178,,,,28,14836,,,,27,2468,,,,,,,,,,,,,,,,,,,,,,,,,,,,,,,,,
173716,8-May-18,2:40:01,2018-05-08 02:40:01,G,1,4,739,,0,9,-62.0874,-58.7789,40:04.9,FastGPS,-62.0874,-58.7789,,,12.3,-0.1,,,,15,17,10950,,,,28,2883,,,,10,700,,,,19,10008,,,,11,6579,,,,1,11546,,,,18,4284,,,,24,17268,,,,15,16296,,,,,,,,,,,,,,,,,,,,,,,,,,,,,,,,,
173716,8-May-18,3:10:07,2018-05-08 03:10:07,G,2,4,740,59,0,6,-62.0761,-58.7459,10:09.9,FastGPS,-62.0761,-58.7459,,,6.3,-1.1,,,,15,17,27755,,,,24,18492,,,,19,26694,,,,10,18079,,,,12,3536,,,,15,22158,,,,,,,,,,,,,,,,,,,,,,,,,,,,,,,,,,,,,,,,,,,,,,,,
173716,8-May-18,4:11:01,2018-05-08 04:11:01,G,1,4,742,59,0,4,-62.043,-59.191,5/9/2018 3:08,N,-62.0715,-58.7498,,,0.9,-0.1,,,,15,12,28088,,,,17,3659,,,,24,14887,,,,6,24508,,,,,,,,,,,,,,,,,,,,,,,,,,,,,,,,,,,,,,,,,,,,,,,,,,,,,,,,,,
173716,8-May-18,7:26:01,2018-05-08 07:26:01,G,1,4,745,66,0,5,-62.0531,-58.7955,26:05.4,FastGPS,-62.0531,-58.7955,,,2.4,0.4,,,,15,12,1414,,,,2,5470,,,,29,27765,,,,25,28052,,,,5,19498,,,,,,,,,,,,,,,,,,,,,,,,,,,,,,,,,,,,,,,,,,,,,,,,,,,,,
173716,8-May-18,7:56:10,2018-05-08 07:56:10,G,1,4,746,66,0,8,-62.0498,-58.7988,56:13.9,FastGPS,-62.0498,-58.7988,,1,7.5,-0.1,,,,15,31,26355,,,,2,15841,,,,5,14881,,,,29,8444,,,,4,21720,,,,12,26967,,,,25,3847,,,,26,6428,,,,,,,,,,,,,,,,,,,,,,,,,,,,,,,,,,,,,,
173716,8-May-18,12:01:04,2018-05-08 12:01:04,G,1,4,753,68,0,8,-62.0423,-58.8684,01:07.9,FastGPS,-62.0423,-58.8684,,,6.4,-0.1,,,,15,16,29732,,,,10,22989,,,,27,20838,,,,15,26192,,,,20,15066,,,,21,10224,,,,8,32340,,,,13,16562,,,,,,,,,,,,,,,,,,,,,,,,,,,,,,,,,,,,,,
173716,8-May-18,12:33:01,2018-05-08 12:33:01,G,1,4,754,68,0,7,-62.026,-58.9089,33:04.9,FastGPS,-62.026,-58.9089,,,5.6,-0.1,,,,15,10,6451,,,,15,12830,,,,27,1865,,,,21,5152,,,,13,9522,,,,20,7667,,,,8,2442,,,,,,,,,,,,,,,,,,,,,,,,,,,,,,,,,,,,,,,,,,,
173716,8-May-18,14:51:00,2018-05-08 14:51:00,G,2,4,758,,0,9,-61.9926,-59.083,51:04.0,FastGPS,-61.9926,-59.083,,,6.5,0,,,,15,32,14934,,,,10,26111,,,,14,27904,,,,8,6538,,,,28,25090,,,,11,16777,,,,18,13971,,,,1,13718,,,,22,12065,,,,,,,,,,,,,,,,,,,,,,,,,,,,,,,,,
173716,8-May-18,17:09:02,2018-05-08 17:09:02,G,1,4,762,,0,9,-61.9978,-59.1031,09:06.5,FastGPS,-61.9978,-59.1031,,,7.6,0.5,,,,15,31,31387,,,,17,13938,,,,32,5430,,,,18,16424,,,,1,1238,,,,3,27515,,,,22,18002,,,,11,4856,,,,12,2923,,,,,,,,,,,,,,,,,,,,,,,,,,,,,,,,,
173716,8-May-18,17:40:34,2018-05-08 17:40:34,G,1,4,763,,0,9,-61.9907,-59.1284,40:38.4,FastGPS,-61.9907,-59.1284,,,12.4,0.4,,,,15,14,31975,,,,31,450,,,,32,5926,,,,1,21750,,,,23,13376,,,,12,7767,,,,25,12156,,,,22,26009,,,,3,13220,,,,,,,,,,,,,,,,,,,,,,,,,,,,,,,,,
173716,8-May-18,18:11:46,2018-05-08 18:11:46,G,1,4,764,70,0,8,-61.997,-59.1174,11:50.0,FastGPS,-61.997,-59.1174,,,17.8,0,,,,15,23,15762,,,,31,32688,,,,17,4536,,,,1,21002,,,,22,7440,,,,19,28316,,,,12,12596,,,,6,15596,,,,,,,,,,,,,,,,,,,,,,,,,,,,,,,,,,,,,,
173716,8-May-18,19:43:24,2018-05-08 19:43:24,G,2,4,767,,0,9,-61.9838,-59.1967,43:28.0,FastGPS,-61.9838,-59.1967,,1,10.5,0,,,,15,31,5146,,,,4,9675,,,,22,28636,,,,16,1590,,,,26,24036,,,,3,26823,,,,29,8981,,,,23,20413,,,,7,24401,,,,,,,,,,,,,,,,,,,,,,,,,,,,,,,,,
173716,8-May-18,20:14:33,2018-05-08 20:14:33,G,1,4,768,,0,9,-61.9807,-59.2123,14:37.0,FastGPS,-61.9807,-59.2123,,1,7.1,0,,,,15,7,15118,,,,2,21783,,,,29,300,,,,9,23826,,,,4,6557,,,,31,26784,,,,6,30354,,,,23,27958,,,,3,20811,,,,,,,,,,,,,,,,,,,,,,,,,,,,,,,,,
173716,8-May-18,21:45:51,2018-05-08 21:45:51,G,1,4,771,70,0,7,-61.9953,-59.1641,45:55.0,FastGPS,-61.9953,-59.1641,,,5.4,0,,,,15,23,28677,,,,16,6724,,,,30,19123,,,,2,13626,,,,7,29424,,,,9,6149,,,,5,30804,,,,,,,,,,,,,,,,,,,,,,,,,,,,,,,,,,,,,,,,,,,
173716,8-May-18,23:46:01,2018-05-08 23:46:01,G,1,4,774,,0,9,-61.9736,-59.1932,46:04.5,FastGPS,-61.9736,-59.1932,,,11.5,-0.5,,,,15,13,30410,,,,7,19816,,,,15,13046,,,,28,29041,,,,8,30890,,,,5,15799,,,,27,14650,,,,21,1754,,,,30,725,,,,,,,,,,,,,,,,,,,,,,,,,,,,,,,,,
173716,9-May-18,0:47:13,2018-05-09 00:47:13,G,2,4,776,72,0,7,-62.0032,-59.1916,47:17.0,FastGPS,-62.0032,-59.1916,,,5.8,0,,,,15,7,26565,,,,15,4379,,,,5,7856,,,,13,4520,,,,8,23112,,,,27,7496,,,,28,13916,,,,,,,,,,,,,,,,,,,,,,,,,,,,,,,,,,,,,,,,,,,
173716,9-May-18,2:21:17,2018-05-09 02:21:17,G,2,4,778,74,0,8,-62.0416,-59.1753,21:20.5,FastGPS,-62.0416,-59.1753,,,8.2,-0.5,,,,15,17,20876,,,,15,36,,,,13,13281,,,,20,18950,,,,24,27748,,,,10,25578,,,,28,13914,,,,30,21794,,,,,,,,,,,,,,,,,,,,,,,,,,,,,,,,,,,,,,
173716,9-May-18,3:22:22,2018-05-09 03:22:22,G,3,4,780,,0,9,-62.0364,-59.1889,22:26.4,FastGPS,-62.0364,-59.1889,,,5.6,0.4,,,,15,32,18316,,,,12,30589,,,,17,32253,,,,18,5256,,,,10,8530,,,,15,24430,,,,19,23696,,,,1,2864,,,,24,10213,,,,,,,,,,,,,,,,,,,,,,,,,,,,,,,,,
173716,9-May-18,4:22:30,2018-05-09 04:22:30,G,1,4,782,74,0,7,-62.0304,-59.2092,22:33.5,FastGPS,-62.0304,-59.2092,,,6.8,-0.5,,,,15,17,21334,,,,12,382,,,,24,30241,,,,6,9905,,,,19,1075,,,,15,27031,,,,32,21011,,,,,,,,,,,,,,,,,,,,,,,,,,,,,,,,,,,,,,,,,,,
173716,9-May-18,4:52:03,2018-05-09 04:52:03,G,1,4,783,74,0,5,-62.0395,-59.224,52:06.5,FastGPS,-62.0395,-59.224,,,6.3,-0.5,,,,15,24,10567,,,,12,28385,,,,19,25644,,,,2,10113,,,,3,29688,,,,,,,,,,,,,,,,,,,,,,,,,,,,,,,,,,,,,,,,,,,,,,,,,,,,,
173716,9-May-18,5:23:45,2018-05-09 05:23:45,G,1,4,784,,0,9,-62.0466,-59.2319,23:48.0,FastGPS,-62.0466,-59.2319,,,8.5,-1,,,,15,12,28751,,,,31,6245,,,,14,30042,,,,24,12968,,,,32,16359,,,,19,10358,,,,25,27976,,,,2,26652,,,,22,1301,,,,,,,,,,,,,,,,,,,,,,,,,,,,,,,,,
173716,9-May-18,5:54:01,2018-05-09 05:54:01,G,1,4,785,,0,9,-62.0512,-59.2366,54:04.0,FastGPS,-62.0512,-59.2366,,,7.9,-1,,,,15,31,18778,,,,12,431,,,,19,11364,,,,17,29408,,,,32,21041,,,,14,6772,,,,2,18784,,,,6,16278,,,,25,28639,,,,,,,,,,,,,,,,,,,,,,,,,,,,,,,,,
173716,9-May-18,6:24:42,2018-05-09 06:24:42,G,1,4,786,74,0,8,-62.0568,-59.2394,24:45.0,FastGPS,-62.0568,-59.2394,,,11.2,-1,,,,15,31,4089,,,,25,25899,,,,2,26944,,,,12,23678,,,,19,14632,,,,6,8101,,,,29,21848,,,,14,21947,,,,,,,,,,,,,,,,,,,,,,,,,,,,,,,,,,,,,,
173716,9-May-18,6:57:01,2018-05-09 06:57:01,G,2,4,787,74,0,5,-62.0612,-59.2454,57:04.5,FastGPS,-62.0612,-59.2454,,,9,-0.5,,,,15,29,3894,,,,25,16580,,,,12,1562,,,,6,10097,,,,2,10248,,,,,,,,,,,,,,,,,,,,,,,,,,,,,,,,,,,,,,,,,,,,,,,,,,,,,
173716,9-May-18,8:30:48,2018-05-09 08:30:48,G,2,4,790,,0,9,-62.0733,-59.2275,30:51.5,FastGPS,-62.0733,-59.2275,,1,5.9,-0.5,,,,15,25,18520,,,,29,28007,,,,31,17178,,,,5,6388,,,,4,3005,,,,16,28924,,,,21,11192,,,,26,16796,,,,23,18360,,,,,,,,,,,,,,,,,,,,,,,,,,,,,,,,,
173716,9-May-18,9:01:16,2018-05-09 09:01:16,G,1,4,791,74,0,8,-62.0765,-59.225,01:20.5,FastGPS,-62.0765,-59.225,,1,8.8,0.5,,,,15,29,27608,,,,5,28523,,,,25,18096,,,,26,23629,,,,9,15785,,,,16,20291,,,,4,14734,,,,2,27276,,,,,,,,,,,,,,,,,,,,,,,,,,,,,,,,,,,,,,
173716,9-May-18,11:41:00,2018-05-09 11:41:00,G,1,4,796,74,0,7,-62.0589,-59.2534,41:04.0,FastGPS,-62.0589,-59.2534,,,9.5,0,,,,15,27,22790,,,,16,14574,,,,21,20694,,,,10,26356,,,,20,25395,,,,26,32053,,,,15,4786,,,,,,,,,,,,,,,,,,,,,,,,,,,,,,,,,,,,,,,,,,,
173716,9-May-18,12:11:06,2018-05-09 12:11:06,G,1,4,797,74,0,7,-62.0639,-59.2666,11:10.4,FastGPS,-62.0639,-59.2666,,,11.1,0.4,,,,15,27,23747,,,,10,21114,,,,15,14743,,,,20,12088,,,,16,26830,,,,8,7092,,,,21,8931,,,,,,,,,,,,,,,,,,,,,,,,,,,,,,,,,,,,,,,,,,,
173716,9-May-18,13:43:10,2018-05-09 13:43:10,G,1,4,800,74,0,7,-62.0837,-59.2625,43:14.5,FastGPS,-62.0837,-59.2625,,,4.2,0.5,,,,15,18,25082,,,,27,27338,,,,11,21604,,,,10,10108,,,,8,16190,,,,15,24678,,,,20,25025,,,,,,,,,,,,,,,,,,,,,,,,,,,,,,,,,,,,,,,,,,,
173716,9-May-18,14:13:00,2018-05-09 14:13:00,G,3,4,801,74,0,8,-62.0806,-59.2376,13:04.0,FastGPS,-62.0806,-59.2376,,,5.5,0,,,,15,11,24488,,,,8,4279,,,,18,25017,,,,27,23532,,,,32,14510,,,,1,2381,,,,10,6302,,,,14,21189,,,,,,,,,,,,,,,,,,,,,,,,,,,,,,,,,,,,,,
173716,9-May-18,15:45:18,2018-05-09 15:45:18,G,2,4,804,,0,9,-62.058,-59.1855,45:21.4,FastGPS,-62.058,-59.1855,,,9.4,-0.6,,,,15,18,14990,,,,14,10068,,,,11,24099,,,,22,31515,,,,1,5740,,,,32,28100,,,,17,4248,,,,10,25976,,,,24,30522,,,,,,,,,,,,,,,,,,,,,,,,,,,,,,,,,
173716,9-May-18,16:16:03,2018-05-09 16:16:03,G,2,4,805,,0,9,-62.0339,-59.1851,16:06.5,FastGPS,-62.0339,-59.1851,,,13.5,-0.5,,,,15,14,4956,,,,18,9360,,,,32,32532,,,,3,13934,,,,31,17256,,,,17,27891,,,,22,4764,,,,10,16688,,,,1,1894,,,,,,,,,,,,,,,,,,,,,,,,,,,,,,,,,
173716,9-May-18,16:47:23,2018-05-09 16:47:23,G,1,4,806,,0,9,-62.0071,-59.1705,47:26.0,FastGPS,-62.0071,-59.1705,,,8.6,-1,,,,15,12,4672,,,,17,3144,,,,22,5289,,,,14,12432,,,,11,14358,,,,32,29305,,,,19,6770,,,,1,18188,,,,31,648,,,,,,,,,,,,,,,,,,,,,,,,,,,,,,,,,
173716,9-May-18,17:49:10,2018-05-09 17:49:10,G,1,4,808,,0,9,-61.9897,-59.1741,49:13.0,FastGPS,-61.9897,-59.1741,,,4.1,-1,,,,15,22,5166,,,,31,14597,,,,12,29617,,,,3,23462,,,,1,13201,,,,23,973,,,,17,14350,,,,14,20618,,,,18,11441,,,,,,,,,,,,,,,,,,,,,,,,,,,,,,,,,
173716,9-May-18,18:21:08,2018-05-09 18:21:08,G,1,4,809,,0,9,-61.9826,-59.1618,21:11.0,FastGPS,-61.9826,-59.1618,,1,3.2,-1,,,,15,22,7765,,,,3,3822,,,,23,29860,,,,4,21080,,,,31,31155,,,,14,7276,,,,25,3016,,,,9,6376,,,,1,3468,,,,,,,,,,,,,,,,,,,,,,,,,,,,,,,,,
173716,9-May-18,18:51:30,2018-05-09 18:51:30,G,1,4,810,,0,9,-61.9768,-59.1565,51:33.5,FastGPS,-61.9768,-59.1565,,1,14,-0.5,,,,15,31,21993,,,,3,31795,,,,6,22482,,,,2,8564,,,,22,5442,,,,4,3596,,,,25,13500,,,,23,2762,,,,19,17530,,,,,,,,,,,,,,,,,,,,,,,,,,,,,,,,,
173716,9-May-18,19:51:54,2018-05-09 19:51:54,G,4,4,812,74,0,7,-61.9773,-59.1174,51:57.0,FastGPS,-61.9773,-59.1174,,1,6,-1,,,,15,23,2756,,,,2,5940,,,,7,22810,,,,9,24813,,,,6,5100,,,,4,14980,,,,26,7764,,,,,,,,,,,,,,,,,,,,,,,,,,,,,,,,,,,,,,,,,,,
173716,9-May-18,20:22:29,2018-05-09 20:22:29,G,2,4,813,,0,9,-61.9642,-59.1022,22:32.0,FastGPS,-61.9642,-59.1022,,1,7.8,-1,,,,15,29,30638,,,,23,16946,,,,5,23394,,,,9,25745,,,,4,13708,,,,2,8850,,,,7,26589,,,,6,16220,,,,26,191,,,,,,,,,,,,,,,,,,,,,,,,,,,,,,,,,
173716,9-May-18,20:52:02,2018-05-09 20:52:02,G,1,4,814,,0,9,-61.9667,-59.0576,52:05.0,FastGPS,-61.9667,-59.0576,,1,9.1,-1,,,,15,5,18900,,,,29,23775,,,,26,25836,,,,4,17293,,,,23,15806,,,,7,19751,,,,2,5837,,,,9,3258,,,,16,29966,,,,,,,,,,,,,,,,,,,,,,,,,,,,,,,,,
173716,9-May-18,21:54:26,2018-05-09 21:54:26,G,1,4,816,74,0,7,-61.9823,-59.0351,54:29.0,FastGPS,-61.9823,-59.0351,,,6.5,-1,,,,15,5,13467,,,,7,31930,,,,16,31050,,,,9,24752,,,,30,15152,,,,2,8651,,,,23,18516,,,,,,,,,,,,,,,,,,,,,,,,,,,,,,,,,,,,,,,,,,,
173716,9-May-18,23:26:00,2018-05-09 23:26:00,G,1,4,819,,0,9,-62.005,-59.0118,26:03.0,FastGPS,-62.005,-59.0118,,,7.9,-1,,,,15,5,16527,,,,7,32698,,,,13,7925,,,,8,29904,,,,30,2734,,,,9,18560,,,,27,26538,,,,21,8052,,,,28,17248,,,,,,,,,,,,,,,,,,,,,,,,,,,,,,,,,
173716,10-May-18,0:11:00,2018-05-10 00:11:00,G,2,4,820,,0,9,-62.0147,-59.0007,11:03.0,FastGPS,-62.0147,-59.0007,,,6.7,-1,,,,15,7,32030,,,,15,20347,,,,13,24710,,,,8,11852,,,,30,17467,,,,5,5914,,,,20,17184,,,,27,10780,,,,21,772,,,,,,,,,,,,,,,,,,,,,,,,,,,,,,,,,
173716,10-May-18,1:42:00,2018-05-10 01:42:00,G,1,4,823,,0,9,-62.0663,-58.895,42:03.0,FastGPS,-62.0663,-58.895,,,8.1,-1,,,,15,15,7172,,,,28,3883,,,,20,5563,,,,24,19318,,,,17,3692,,,,13,14414,,,,30,15228,,,,10,8736,,,,11,18404,,,,,,,,,,,,,,,,,,,,,,,,,,,,,,,,,
173716,10-May-18,2:12:58,2018-05-10 02:12:58,G,2,4,824,,0,9,-62.0862,-58.8622,13:01.0,FastGPS,-62.0862,-58.8622,,,12,-1,,,,15,15,13938,,,,20,9432,,,,28,6803,,,,10,645,,,,13,5306,,,,11,30076,,,,18,9236,,,,17,16775,,,,24,21948,,,,,,,,,,,,,,,,,,,,,,,,,,,,,,,,,
173716,10-May-18,2:43:09,2018-05-10 02:43:09,G,3,4,825,,0,9,-62.1085,-58.8529,43:12.5,FastGPS,-62.1085,-58.8529,,,8.9,-0.5,,,,15,18,9034,,,,10,8081,,,,17,21996,,,,15,6000,,,,1,6282,,,,11,504,,,,28,3253,,,,24,378,,,,19,30710,,,,,,,,,,,,,,,,,,,,,,,,,,,,,,,,,
173716,10-May-18,3:13:00,2018-05-10 03:13:00,G,1,4,826,,0,9,-62.1105,-58.8421,13:03.0,FastGPS,-62.1105,-58.8421,,,15.4,-1,,,,15,17,19631,,,,19,1896,,,,15,31494,,,,24,22348,,,,1,30159,,,,10,9571,,,,12,30260,,,,28,13490,,,,13,4862,,,,,,,,,,,,,,,,,,,,,,,,,,,,,,,,,
173716,10-May-18,3:43:53,2018-05-10 03:43:53,G,2,4,827,75,0,7,-62.1108,-58.8428,43:56.0,FastGPS,-62.1108,-58.8428,,,18.2,-1,,,,15,12,2801,,,,32,17518,,,,17,2306,,,,19,7510,,,,24,15046,,,,1,12433,,,,15,28090,,,,,,,,,,,,,,,,,,,,,,,,,,,,,,,,,,,,,,,,,,,
173716,10-May-18,6:46:32,2018-05-10 06:46:32,G,1,4,833,75,0,7,-62.0645,-58.757,46:35.0,FastGPS,-62.0645,-58.757,,1,1.7,-1,,,,15,29,14552,,,,31,6416,,,,12,22940,,,,4,1333,,,,23,12013,,,,2,13659,,,,14,4541,,,,,,,,,,,,,,,,,,,,,,,,,,,,,,,,,,,,,,,,,,,
173716,10-May-18,7:31:06,2018-05-10 07:31:06,G,1,4,834,76,0,8,-62.0635,-58.7515,5/10/2018 7:31,FastGPS,-62.0635,-58.7515,,1,3.7,-1,,,,15,29,7506,,,,31,28532,,,,25,28877,,,,12,29323,,,,6,23518,,,,5,18919,,,,4,20554,,,,2,26826,,,,,,,,,,,,,,,,,,,,,,,,,,,,,,,,,,,,,,
173716,10-May-18,8:48:30,2018-05-10 08:48:30,G,1,4,836,77,0,8,-62.0625,-58.7434,5/10/2018 8:48,FastGPS,-62.0625,-58.7434,,1,8.9,0,,,,15,4,11970,,,,29,16166,,,,5,3672,,,,25,940,,,,26,12308,,,,2,18184,,,,31,11037,,,,16,24877,,,,,,,,,,,,,,,,,,,,,,,,,,,,,,,,,,,,,,
173716,10-May-18,11:05:09,2018-05-10 11:05:09,G,1,4,839,80,0,7,-62.055,-58.7599,05:12.0,FastGPS,-62.055,-58.7599,,,7.7,-1,,,,15,13,285,,,,16,4748,,,,5,10087,,,,15,31673,,,,30,10618,,,,21,2827,,,,27,23888,,,,,,,,,,,,,,,,,,,,,,,,,,,,,,,,,,,,,,,,,,,
173716,10-May-18,12:37:05,2018-05-10 12:37:05,G,1,4,842,,0,9,-62.0435,-58.8177,37:08.5,FastGPS,-62.0435,-58.8177,,,15.4,-0.5,,,,15,21,617,,,,8,23804,,,,20,31770,,,,27,16793,,,,16,9274,,,,15,18597,,,,13,25548,,,,18,30315,,,,30,10371,,,,,,,,,,,,,,,,,,,,,,,,,,,,,,,,,
173716,10-May-18,13:08:04,2018-05-10 13:08:04,G,1,4,843,80,0,8,-62.0446,-58.8251,08:08.0,FastGPS,-62.0446,-58.8251,,,10.9,0,,,,15,27,1200,,,,8,14452,,,,15,13574,,,,20,16652,,,,32,16785,,,,10,9469,,,,18,4944,,,,11,32128,,,,,,,,,,,,,,,,,,,,,,,,,,,,,,,,,,,,,,
173716,10-May-18,13:40:16,2018-05-10 13:40:16,G,1,4,844,80,0,8,-62.0479,-58.8442,40:19.0,FastGPS,-62.0479,-58.8442,,,8.9,-1,,,,15,32,14934,,,,18,8920,,,,11,5514,,,,10,24425,,,,15,3549,,,,8,29640,,,,27,5362,,,,20,8989,,,,,,,,,,,,,,,,,,,,,,,,,,,,,,,,,,,,,,
173716,10-May-18,15:13:49,2018-05-10 15:13:49,G,2,4,847,,0,9,-62.0362,-58.9613,13:52.5,FastGPS,-62.0362,-58.9613,,,11,-0.5,,,,15,18,10657,,,,11,16675,,,,22,32610,,,,1,6514,,,,32,6605,,,,14,4805,,,,10,6750,,,,8,19388,,,,24,15293,,,,,,,,,,,,,,,,,,,,,,,,,,,,,,,,,
173716,10-May-18,15:44:59,2018-05-10 15:44:59,G,1,4,848,,0,9,-62.0203,-58.9927,45:02.0,FastGPS,-62.0203,-58.9927,,,5,-1,,,,15,22,28974,,,,11,9378,,,,1,31574,,,,32,11437,,,,18,238,,,,14,4543,,,,31,22710,,,,10,30768,,,,17,4702,,,,,,,,,,,,,,,,,,,,,,,,,,,,,,,,,
173716,10-May-18,19:05:02,2018-05-10 19:05:02,G,1,4,854,81,0,8,-61.9873,-59.1183,05:05.0,FastGPS,-61.9873,-59.1183,,,9.1,-1,,,,15,2,26004,,,,6,24768,,,,19,5562,,,,23,30730,,,,31,18380,,,,3,117,,,,9,32642,,,,25,20807,,,,,,,,,,,,,,,,,,,,,,,,,,,,,,,,,,,,,,
173716,10-May-18,21:05:11,2018-05-10 21:05:11,G,1,4,857,,0,9,-61.9933,-59.1085,05:14.5,FastGPS,-61.9933,-59.1085,,1,6.3,-0.5,,,,15,7,13270,,,,26,15220,,,,29,31612,,,,4,29349,,,,23,11486,,,,16,2318,,,,5,20594,,,,30,14952,,,,6,29846,,,,,,,,,,,,,,,,,,,,,,,,,,,,,,,,,
173716,11-May-18,3:54:46,2018-05-11 03:54:46,G,2,4,870,84,0,7,-61.9971,-59.0811,54:50.0,FastGPS,-61.9971,-59.0811,,,11.5,0,,,,15,17,10856,,,,12,19556,,,,32,23838,,,,15,28230,,,,19,14999,,,,25,13262,,,,1,8137,,,,,,,,,,,,,,,,,,,,,,,,,,,,,,,,,,,,,,,,,,,
173716,11-May-18,4:42:01,2018-05-11 04:42:01,G,2,4,871,85,0,5,-62.0027,-59.0764,42:04.0,FastGPS,-62.0027,-59.0764,,,1.2,-1,,,,15,17,29526,,,,12,31233,,,,6,5754,,,,24,20868,,,,19,3018,,,,,,,,,,,,,,,,,,,,,,,,,,,,,,,,,,,,,,,,,,,,,,,,,,,,,
173716,11-May-18,5:58:07,2018-05-11 05:58:07,G,1,4,873,86,0,6,-62.0029,-59.0807,58:10.0,FastGPS,-62.0029,-59.0807,,,6.4,-1,,,,15,29,24756,,,,25,6787,,,,12,3239,,,,32,29060,,,,31,17267,,,,14,6694,,,,,,,,,,,,,,,,,,,,,,,,,,,,,,,,,,,,,,,,,,,,,,,,
173716,11-May-18,6:59:21,2018-05-11 06:59:21,G,1,4,875,86,0,8,-62.0155,-59.0553,59:25.5,FastGPS,-62.0155,-59.0553,,1,20.3,0.5,,,,15,12,851,,,,6,5016,,,,31,6402,,,,23,12838,,,,2,5166,,,,4,7703,,,,29,3505,,,,25,17092,,,,,,,,,,,,,,,,,,,,,,,,,,,,,,,,,,,,,,
173716,11-May-18,8:33:00,2018-05-11 08:33:00,G,2,4,876,90,0,5,-62.055,-58.725,5/10/2018 8:56,R,-62.0088,-59.0452,,1,0.3,0,,,,15,5,12250,,,,25,2791,,,,4,14200,,,,26,4309,,,,29,13718,,,,,,,,,,,,,,,,,,,,,,,,,,,,,,,,,,,,,,,,,,,,,,,,,,,,,
173716,11-May-18,10:21:08,2018-05-11 10:21:08,G,1,4,879,,0,9,-61.9987,-59.03,21:12.5,FastGPS,-61.9987,-59.03,,1,9,0.5,,,,15,15,23363,,,,29,32260,,,,13,30404,,,,5,31593,,,,20,3331,,,,4,22414,,,,26,15912,,,,21,14894,,,,16,32100,,,,,,,,,,,,,,,,,,,,,,,,,,,,,,,,,
173716,11-May-18,12:26:38,2018-05-11 12:26:38,G,1,4,883,91,0,8,-62.0235,-59.0939,26:42.5,FastGPS,-62.0235,-59.0939,,,7.8,0.5,,,,15,15,3612,,,,8,18701,,,,21,7805,,,,10,16130,,,,27,31104,,,,20,30270,,,,30,3507,,,,16,19266,,,,,,,,,,,,,,,,,,,,,,,,,,,,,,,,,,,,,,
173716,11-May-18,12:58:33,2018-05-11 12:58:33,G,1,4,884,91,0,8,-62.013,-59.1249,58:37.0,FastGPS,-62.013,-59.125,,,11.2,0,,,,15,8,19484,,,,27,24287,,,,21,6206,,,,10,18876,,,,15,5555,,,,32,4694,,,,18,32152,,,,20,19287,,,,,,,,,,,,,,,,,,,,,,,,,,,,,,,,,,,,,,
173716,11-May-18,14:01:22,2018-05-11 14:01:22,G,1,4,886,91,0,8,-62.0001,-59.1409,01:26.0,FastGPS,-62.0001,-59.1409,,,7.7,0,,,,15,22,8035,,,,10,84,,,,18,1806,,,,11,953,,,,14,23754,,,,1,6676,,,,28,14006,,,,32,23422,,,,,,,,,,,,,,,,,,,,,,,,,,,,,,,,,,,,,,
173716,11-May-18,14:31:00,2018-05-11 14:31:00,G,1,4,887,,0,9,-61.9928,-59.1442,31:03.5,FastGPS,-61.9928,-59.1442,,,3.9,-0.5,,,,15,8,26196,,,,32,30899,,,,14,24463,,,,27,16550,,,,1,16913,,,,18,31078,,,,10,15317,,,,11,644,,,,24,4154,,,,,,,,,,,,,,,,,,,,,,,,,,,,,,,,,
173716,11-May-18,19:04:01,2018-05-11 19:04:01,G,1,4,896,91,0,8,-61.9722,-59.2285,04:05.0,FastGPS,-61.9722,-59.2285,,,5.6,0,,,,15,19,3603,,,,6,2866,,,,3,32178,,,,9,19684,,,,22,3948,,,,31,16096,,,,2,12503,,,,23,7350,,,,,,,,,,,,,,,,,,,,,,,,,,,,,,,,,,,,,,
173716,11-May-18,19:35:39,2018-05-11 19:35:39,G,2,4,897,91,0,7,-61.9605,-59.2348,35:42.5,FastGPS,-61.9605,-59.2348,,1,20.1,-0.5,,,,15,6,27446,,,,2,2770,,,,9,17370,,,,16,27754,,,,4,22081,,,,31,27808,,,,23,25295,,,,,,,,,,,,,,,,,,,,,,,,,,,,,,,,,,,,,,,,,,,
173716,11-May-18,20:50:30,2018-05-11 20:50:30,G,1,4,899,,0,9,-61.9813,-59.2245,50:34.5,FastGPS,-61.9813,-59.2245,,1,8.8,0.5,,,,15,5,20395,,,,29,23257,,,,2,31698,,,,7,18453,,,,26,17272,,,,4,4798,,,,16,7396,,,,6,18907,,,,9,7338,,,,,,,,,,,,,,,,,,,,,,,,,,,,,,,,,
173716,12-May-18,1:54:43,2018-05-12 01:54:43,G,1,4,909,,0,9,-61.9916,-59.1701,54:46.0,FastGPS,-61.9916,-59.1701,,,13.1,-1,,,,15,10,2451,,,,28,13889,,,,20,19648,,,,24,30137,,,,13,17572,,,,17,22191,,,,15,995,,,,11,11699,,,,30,12321,,,,,,,,,,,,,,,,,,,,,,,,,,,,,,,,,
173716,12-May-18,2:27:54,2018-05-12 02:27:54,G,1,4,910,,0,9,-61.9998,-59.1388,27:58.5,FastGPS,-61.9998,-59.1388,,,10.6,0.5,,,,15,12,5197,,,,24,27161,,,,15,4482,,,,10,26834,,,,17,18128,,,,19,20041,,,,20,28944,,,,28,12042,,,,13,8068,,,,,,,,,,,,,,,,,,,,,,,,,,,,,,,,,
173716,12-May-18,3:01:09,2018-05-12 03:01:09,G,1,4,911,,0,9,-62.002,-59.1356,01:13.0,FastGPS,-62.002,-59.1356,,,9.6,0,,,,15,17,23178,,,,10,25141,,,,32,12309,,,,15,20551,,,,18,21891,,,,12,25080,,,,19,234,,,,24,23403,,,,11,24358,,,,,,,,,,,,,,,,,,,,,,,,,,,,,,,,,
173716,12-May-18,6:52:37,2018-05-12 06:52:37,G,1,4,916,97,0,8,-61.9884,-59.1464,52:40.0,FastGPS,-61.9884,-59.1464,,1,12.4,-1,,,,15,29,20275,,,,5,22403,,,,12,1046,,,,31,26902,,,,25,9228,,,,6,5892,,,,4,21326,,,,23,31966,,,,,,,,,,,,,,,,,,,,,,,,,,,,,,,,,,,,,,
173716,12-May-18,7:22:05,2018-05-12 07:22:05,G,1,4,917,97,0,5,-61.9752,-59.1722,22:08.0,FastGPS,-61.9752,-59.1722,,,3,-1,,,,15,12,1344,,,,2,30016,,,,5,16888,,,,25,260,,,,29,9636,,,,,,,,,,,,,,,,,,,,,,,,,,,,,,,,,,,,,,,,,,,,,,,,,,,,,
173716,12-May-18,11:44:32,2018-05-12 11:44:32,G,1,4,924,,0,9,-61.9585,-59.2223,44:35.0,FastGPS,-61.9585,-59.2223,,1,9.5,-1,,,,15,7,14724,,,,30,18313,,,,15,12040,,,,16,19595,,,,13,2716,,,,4,9248,,,,26,10843,,,,10,11345,,,,21,30820,,,,,,,,,,,,,,,,,,,,,,,,,,,,,,,,,
173716,12-May-18,12:15:15,2018-05-12 12:15:15,G,1,4,925,,0,9,-61.9719,-59.1908,15:18.0,FastGPS,-61.9719,-59.1908,,,11.6,-1,,,,15,18,30460,,,,7,17332,,,,27,4656,,,,8,2836,,,,15,15029,,,,20,23952,,,,21,13233,,,,30,22704,,,,13,14250,,,,,,,,,,,,,,,,,,,,,,,,,,,,,,,,,
173716,12-May-18,13:18:17,2018-05-12 13:18:17,G,1,4,927,100,0,8,-61.9949,-59.1295,18:20.5,FastGPS,-61.9949,-59.1295,,,16.9,-0.5,,,,15,18,322,,,,32,26182,,,,8,29698,,,,11,28747,,,,10,3944,,,,1,27234,,,,21,25772,,,,28,32522,,,,,,,,,,,,,,,,,,,,,,,,,,,,,,,,,,,,,,
173716,12-May-18,14:19:29,2018-05-12 14:19:29,G,2,4,929,,0,9,-62.0045,-59.0824,19:32.0,FastGPS,-62.0045,-59.0824,,,12.3,-1,,,,15,8,17544,,,,10,10055,,,,28,12320,,,,11,22963,,,,27,24149,,,,14,29009,,,,18,21385,,,,22,10472,,,,1,27140,,,,,,,,,,,,,,,,,,,,,,,,,,,,,,,,,
173716,12-May-18,14:51:07,2018-05-12 14:51:07,G,2,4,930,100,0,8,-61.9948,-59.084,51:10.0,FastGPS,-61.9948,-59.084,,,14.6,-1,,,,15,22,21509,,,,1,10962,,,,10,9575,,,,8,23926,,,,17,31944,,,,32,12038,,,,28,872,,,,3,18002,,,,,,,,,,,,,,,,,,,,,,,,,,,,,,,,,,,,,,
173716,12-May-18,15:21:47,2018-05-12 15:21:47,G,1,4,931,,0,9,-62.0025,-59.0851,21:50.5,FastGPS,-62.0025,-59.0851,,,6.4,-0.5,,,,15,17,25158,,,,3,11688,,,,22,25514,,,,11,24520,,,,1,14868,,,,10,7186,,,,28,25748,,,,8,17346,,,,18,16718,,,,,,,,,,,,,,,,,,,,,,,,,,,,,,,,,
173716,12-May-18,15:52:01,2018-05-12 15:52:01,G,1,4,932,,0,9,-62.0142,-59.0882,52:04.5,FastGPS,-62.0142,-59.0882,,,11.4,-0.5,,,,15,17,19112,,,,3,23255,,,,22,60,,,,11,26655,,,,18,15722,,,,19,21014,,,,32,15450,,,,8,26304,,,,1,15396,,,,,,,,,,,,,,,,,,,,,,,,,,,,,,,,,
173716,12-May-18,16:22:00,2018-05-12 16:22:00,G,1,4,933,,0,9,-62.0111,-59.1061,22:03.5,FastGPS,-62.0111,-59.1061,,,9.6,-0.5,,,,15,31,26830,,,,11,20793,,,,32,15317,,,,18,5853,,,,1,2722,,,,22,571,,,,12,19812,,,,3,9600,,,,17,30583,,,,,,,,,,,,,,,,,,,,,,,,,,,,,,,,,
173716,12-May-18,17:22:03,2018-05-12 17:22:03,G,1,4,935,100,0,7,-62.0328,-59.1018,22:06.5,FastGPS,-62.0328,-59.1018,,,6.5,-0.5,,,,15,17,26646,,,,12,21948,,,,6,7710,,,,14,20832,,,,31,10222,,,,25,21219,,,,32,28300,,,,,,,,,,,,,,,,,,,,,,,,,,,,,,,,,,,,,,,,,,,
173716,12-May-18,17:54:24,2018-05-12 17:54:24,G,2,4,936,,0,9,-62.0108,-59.1077,54:27.0,FastGPS,-62.0108,-59.1077,,,10.4,-1,,,,15,18,13960,,,,31,615,,,,17,7639,,,,11,21866,,,,23,11328,,,,9,30174,,,,19,29996,,,,1,25382,,,,22,12058,,,,,,,,,,,,,,,,,,,,,,,,,,,,,,,,,
173716,12-May-18,18:40:15,2018-05-12 18:40:15,G,1,4,937,,0,9,-62.0202,-59.1076,40:18.0,FastGPS,-62.0202,-59.1076,,1,16.7,-1,,,,15,31,14825,,,,19,9566,,,,17,31641,,,,6,19628,,,,9,17127,,,,23,31296,,,,26,12694,,,,2,7534,,,,4,1938,,,,,,,,,,,,,,,,,,,,,,,,,,,,,,,,,
173716,12-May-18,21:56:10,2018-05-12 21:56:10,G,1,4,943,102,0,5,-62.0271,-59.0149,56:13.0,FastGPS,-62.0271,-59.0149,,,9.5,-1,,,,15,5,29591,,,,30,14470,,,,16,15864,,,,9,4646,,,,7,31703,,,,,,,,,,,,,,,,,,,,,,,,,,,,,,,,,,,,,,,,,,,,,,,,,,,,,
173716,12-May-18,23:59:45,2018-05-12 23:59:45,G,2,4,947,102,0,7,-62.066,-59.106,5/13/2018 14:05,A,-62.058,-58.8028,,3,269.7,2.8,,,,15,15,31627,,,,5,9543,,,,7,4388,,,,8,21430,,,,20,19279,,,,30,24827,,,,13,2133,,,,,,,,,,,,,,,,,,,,,,,,,,,,,,,,,,,,,,,,,,,
173716,13-May-18,0:30:50,2018-05-13 00:30:50,G,3,4,948,102,0,7,-62.1006,-58.8011,30:54.6,FastGPS,-62.1006,-58.8011,,,5.7,0.6,,,,15,15,19317,,,,5,22861,,,,13,20618,,,,30,27286,,,,7,12474,,,,28,30840,,,,20,19188,,,,,,,,,,,,,,,,,,,,,,,,,,,,,,,,,,,,,,,,,,,
173716,13-May-18,1:01:03,2018-05-13 01:01:03,G,1,4,949,102,0,6,-62.1105,-58.8478,01:07.5,FastGPS,-62.1105,-58.8478,,,5,0.5,,,,15,17,2243,,,,15,10824,,,,30,6853,,,,20,11362,,,,28,3844,,,,13,31882,,,,,,,,,,,,,,,,,,,,,,,,,,,,,,,,,,,,,,,,,,,,,,,,
173716,13-May-18,1:46:00,2018-05-13 01:46:00,G,1,4,950,,0,9,-62.1175,-58.8759,46:04.1,FastGPS,-62.1175,-58.8759,,,6.3,0.1,,,,15,30,3274,,,,11,16216,,,,28,28725,,,,10,31528,,,,1,19139,,,,15,2834,,,,13,31620,,,,20,32408,,,,17,4546,,,,,,,,,,,,,,,,,,,,,,,,,,,,,,,,,
173716,13-May-18,2:16:00,2018-05-13 02:16:00,G,2,4,951,,1,9,-62.1175,-58.8759,16:04.1,FastGPS,-62.1175,-58.8759,,,9.7,0.1,,,,15,17,10155,,,,30,21364,,,,18,15132,,,,15,32248,,,,11,20327,,,,24,16061,,,,10,11277,,,,1,14826,,,,13,20113,,,,,,,,,,,,,,,,,,,,,,,,,,,,,,,,,
173716,13-May-18,5:14:22,2018-05-13 05:14:22,G,1,4,952,,0,9,-62.1172,-58.8756,14:26.0,FastGPS,-62.1172,-58.8756,,,12.7,0,,,,15,17,13720,,,,3,297,,,,6,12936,,,,12,4871,,,,31,12216,,,,19,30039,,,,24,25352,,,,2,29671,,,,32,9262,,,,,,,,,,,,,,,,,,,,,,,,,,,,,,,,,
173716,13-May-18,6:17:28,2018-05-13 06:17:28,G,1,4,954,,0,9,-62.0985,-58.9106,17:32.6,FastGPS,-62.0985,-58.9106,,,9.3,0.6,,,,15,12,14772,,,,25,15578,,,,2,17894,,,,19,20454,,,,6,31312,,,,14,7845,,,,3,1124,,,,23,12740,,,,32,17930,,,,,,,,,,,,,,,,,,,,,,,,,,,,,,,,,
173716,13-May-18,12:38:54,2018-05-13 12:38:54,G,1,4,966,,0,9,-62.0473,-59.083,38:58.6,FastGPS,-62.0473,-59.083,,,8.3,0.6,,,,15,15,4524,,,,21,6154,,,,20,7823,,,,10,14669,,,,13,20214,,,,8,4131,,,,27,14562,,,,30,17288,,,,28,1798,,,,,,,,,,,,,,,,,,,,,,,,,,,,,,,,,
173716,13-May-18,13:09:00,2018-05-13 13:09:00,G,1,4,967,,0,9,-62.0572,-59.0797,09:04.0,FastGPS,-62.0572,-59.0797,,,7,0,,,,15,18,5916,,,,11,1563,,,,27,22352,,,,20,29295,,,,8,16663,,,,10,28940,,,,32,26895,,,,15,27126,,,,28,9126,,,,,,,,,,,,,,,,,,,,,,,,,,,,,,,,,
173716,13-May-18,16:14:09,2018-05-13 16:14:09,G,4,4,973,,0,9,-62.0624,-59.1549,14:13.0,FastGPS,-62.0624,-59.1549,,,8,0,,,,15,31,32529,,,,11,16532,,,,32,14818,,,,1,24574,,,,3,18146,,,,22,16214,,,,12,32348,,,,18,2105,,,,14,24930,,,,,,,,,,,,,,,,,,,,,,,,,,,,,,,,,
173716,13-May-18,16:45:09,2018-05-13 16:45:09,G,1,4,974,,0,9,-62.054,-59.1773,45:13.1,FastGPS,-62.054,-59.1773,,,11.5,0.1,,,,15,18,12019,,,,1,24760,,,,3,4125,,,,31,6304,,,,22,3058,,,,11,32102,,,,32,3728,,,,17,838,,,,19,500,,,,,,,,,,,,,,,,,,,,,,,,,,,,,,,,,
173716,13-May-18,17:15:00,2018-05-13 17:15:00,G,1,4,975,,0,9,-62.0345,-59.172,15:04.5,FastGPS,-62.0345,-59.172,,,9.6,0.5,,,,15,17,9970,,,,1,27020,,,,31,15606,,,,23,11042,,,,3,30239,,,,18,7819,,,,22,23924,,,,19,14141,,,,11,2917,,,,,,,,,,,,,,,,,,,,,,,,,,,,,,,,,
173716,13-May-18,18:45:08,2018-05-13 18:45:08,G,1,4,978,103,0,8,-62.0018,-59.1261,45:11.1,FastGPS,-62.0018,-59.1261,,1,12.1,-0.9,,,,15,19,11263,,,,31,20558,,,,9,16999,,,,6,29719,,,,4,23422,,,,23,5092,,,,26,7696,,,,17,20792,,,,,,,,,,,,,,,,,,,,,,,,,,,,,,,,,,,,,,
173716,13-May-18,23:30:00,2018-05-13 23:30:00,G,1,4,985,108,0,7,-62.1333,-58.8954,30:03.1,FastGPS,-62.1333,-58.8954,,,5.9,-0.9,,,,15,9,6906,,,,8,24451,,,,7,23506,,,,30,15338,,,,27,28599,,,,15,15066,,,,28,31500,,,,,,,,,,,,,,,,,,,,,,,,,,,,,,,,,,,,,,,,,,,
173716,14-May-18,0:00:00,2018-05-14 00:00:00,G,1,4,986,108,1,6,-62.1334,-58.8952,00:03.1,FastGPS,-62.1334,-58.8952,,,9,-0.9,,,,15,28,10627,,,,7,7712,,,,30,5136,,,,8,9732,,,,13,32004,,,,15,4475,,,,,,,,,,,,,,,,,,,,,,,,,,,,,,,,,,,,,,,,,,,,,,,,
173716,14-May-18,7:48:38,2018-05-14 07:48:38,G,5,4,988,,0,9,-62.1278,-58.9303,48:42.6,FastGPS,-62.1278,-58.9303,,1,3.8,0.5,,,,15,31,20209,,,,12,26569,,,,5,13441,,,,4,28688,,,,25,9523,,,,29,9272,,,,21,13099,,,,23,14588,,,,26,26049,,,,,,,,,,,,,,,,,,,,,,,,,,,,,,,,,
173716,14-May-18,8:19:53,2018-05-14 08:19:53,G,2,4,989,,0,9,-62.1156,-58.9635,19:57.1,FastGPS,-62.1156,-58.9635,,1,13.2,0.1,,,,15,5,17039,,,,29,19533,,,,31,14765,,,,4,17816,,,,25,10303,,,,21,20768,,,,26,7740,,,,2,6838,,,,16,712,,,,,,,,,,,,,,,,,,,,,,,,,,,,,,,,,
173716,14-May-18,8:52:44,2018-05-14 08:52:44,G,1,4,990,108,0,8,-62.0944,-58.9909,52:48.5,FastGPS,-62.0944,-58.9909,,1,5.8,0.5,,,,15,31,22736,,,,4,28531,,,,26,16684,,,,21,16646,,,,25,912,,,,20,22294,,,,5,1366,,,,29,13403,,,,,,,,,,,,,,,,,,,,,,,,,,,,,,,,,,,,,,
173716,14-May-18,10:24:00,2018-05-14 10:24:00,G,1,4,993,,0,9,-62.0299,-59.0038,24:04.1,FastGPS,-62.0299,-59.0038,,1,6.7,0.1,,,,15,15,3677,,,,29,26765,,,,4,30760,,,,20,31556,,,,26,2553,,,,13,32625,,,,16,1548,,,,5,856,,,,27,17111,,,,,,,,,,,,,,,,,,,,,,,,,,,,,,,,,
173716,14-May-18,10:56:03,2018-05-14 10:56:03,G,1,4,994,,0,9,-62.011,-59.0371,56:07.1,FastGPS,-62.011,-59.0371,,1,9.7,0.1,,,,15,29,31501,,,,27,22275,,,,15,23121,,,,7,23363,,,,30,30791,,,,16,2964,,,,10,20051,,,,4,20868,,,,20,16783,,,,,,,,,,,,,,,,,,,,,,,,,,,,,,,,,
173716,14-May-18,11:27:45,2018-05-14 11:27:45,G,2,4,995,108,0,8,-62.0109,-59.053,27:49.1,FastGPS,-62.0109,-59.053,,,10.8,0.1,,,,15,7,13724,,,,13,22473,,,,8,32626,,,,30,30320,,,,27,5117,,,,15,16252,,,,16,26086,,,,21,3672,,,,,,,,,,,,,,,,,,,,,,,,,,,,,,,,,,,,,,
173716,14-May-18,13:29:31,2018-05-14 13:29:31,G,1,4,999,,0,9,-62.0613,-59.0065,29:35.5,FastGPS,-62.0613,-59.0065,,,12.3,0.5,,,,15,1,8184,,,,11,25612,,,,10,17888,,,,28,8445,,,,18,27909,,,,8,29290,,,,32,3978,,,,27,19306,,,,24,24811,,,,,,,,,,,,,,,,,,,,,,,,,,,,,,,,,
173716,14-May-18,15:29:13,2018-05-14 15:29:13,G,1,4,1003,108,0,7,-62.0477,-59.0801,29:17.6,FastGPS,-62.0477,-59.0801,,,6.1,0.6,,,,15,31,9946,,,,10,12310,,,,32,27981,,,,18,17354,,,,14,22485,,,,17,26489,,,,24,24018,,,,,,,,,,,,,,,,,,,,,,,,,,,,,,,,,,,,,,,,,,,
173716,14-May-18,15:59:08,2018-05-14 15:59:08,G,1,4,1004,,0,9,-62.0263,-59.0984,59:12.6,FastGPS,-62.0263,-59.0984,,,8.9,0.6,,,,15,17,18288,,,,3,5998,,,,18,17118,,,,11,29861,,,,1,16996,,,,19,5558,,,,32,5227,,,,22,23851,,,,14,20093,,,,,,,,,,,,,,,,,,,,,,,,,,,,,,,,,
173716,14-May-18,16:29:04,2018-05-14 16:29:04,G,1,4,1005,,0,9,-62.0338,-59.1169,29:08.1,FastGPS,-62.0338,-59.1169,,,7.9,0.1,,,,15,32,5680,,,,17,21385,,,,23,18573,,,,1,31920,,,,14,26833,,,,22,22274,,,,11,24008,,,,3,29436,,,,31,24558,,,,,,,,,,,,,,,,,,,,,,,,,,,,,,,,,
173716,14-May-18,16:59:35,2018-05-14 16:59:35,G,1,4,1006,,0,9,-62.0621,-59.0888,59:39.0,FastGPS,-62.0621,-59.0888,,,11.7,0,,,,15,17,24119,,,,23,20708,,,,12,2,,,,3,11314,,,,11,7599,,,,1,22228,,,,19,1067,,,,31,24784,,,,22,119,,,,,,,,,,,,,,,,,,,,,,,,,,,,,,,,,
173716,14-May-18,17:30:33,2018-05-14 17:30:33,G,1,4,1007,,0,9,-62.0602,-59.046,30:37.6,FastGPS,-62.0602,-59.046,,,8.8,0.6,,,,15,23,19964,,,,31,31404,,,,32,23944,,,,14,31506,,,,1,20786,,,,17,23183,,,,6,18794,,,,18,17492,,,,25,18172,,,,,,,,,,,,,,,,,,,,,,,,,,,,,,,,,
173716,14-May-18,18:00:00,2018-05-14 18:00:00,G,1,4,1008,,0,9,-62.0385,-59.0563,00:04.6,FastGPS,-62.0385,-59.0563,,,4.6,0.6,,,,15,23,17482,,,,17,20824,,,,31,23811,,,,1,30016,,,,9,27722,,,,12,13474,,,,19,7992,,,,22,3548,,,,3,29192,,,,,,,,,,,,,,,,,,,,,,,,,,,,,,,,,
173716,14-May-18,18:46:51,2018-05-14 18:46:51,G,2,4,1009,,1,15,-62.064,-59.161,5/15/2018 7:37,P,-62.0509,-59.1156,,11,0.4,0.6,,,,15,6,5746,,,,9,8411,,,,22,1003,,,,2,981,,,,3,20693,,,,19,26972,,,,23,11506,,,,31,6219,,,,1,18142,,,,30,902,,,,15,30552,,,,11,19368,,,,14,27637,,,,21,16523,,,,16,24695,,,
173716,14-May-18,19:17:04,2018-05-14 19:17:04,G,1,4,1010,,0,9,-62.0458,-59.1632,17:08.6,FastGPS,-62.0458,-59.1632,,1,13.5,0.6,,,,15,6,23390,,,,9,23632,,,,22,7430,,,,16,27620,,,,29,4021,,,,3,2210,,,,2,11927,,,,4,8126,,,,7,14137,,,,,,,,,,,,,,,,,,,,,,,,,,,,,,,,,
173716,14-May-18,20:18:27,2018-05-14 20:18:27,G,1,4,1012,,0,9,-62.0356,-59.2205,18:31.6,FastGPS,-62.0356,-59.2205,,1,7.1,0.6,,,,15,5,30166,,,,2,28533,,,,7,139,,,,29,450,,,,6,25259,,,,4,17048,,,,9,3140,,,,30,5778,,,,23,32134,,,,,,,,,,,,,,,,,,,,,,,,,,,,,,,,,
173716,14-May-18,20:48:01,2018-05-14 20:48:01,G,2,4,1013,109,0,8,-62.0485,-59.2324,48:05.1,FastGPS,-62.0485,-59.2324,,1,3.5,0.1,,,,15,29,9950,,,,7,19288,,,,2,7590,,,,6,9036,,,,30,18848,,,,26,26110,,,,5,26835,,,,4,8358,,,,,,,,,,,,,,,,,,,,,,,,,,,,,,,,,,,,,,
173716,14-May-18,22:18:33,2018-05-14 22:18:33,G,2,4,1016,109,0,6,-62.0715,-59.1639,18:37.5,FastGPS,-62.0715,-59.1639,,,6.8,0.5,,,,15,5,29558,,,,28,6268,,,,9,27843,,,,30,25642,,,,13,27624,,,,7,26467,,,,,,,,,,,,,,,,,,,,,,,,,,,,,,,,,,,,,,,,,,,,,,,,
173716,14-May-18,22:48:04,2018-05-14 22:48:04,G,1,4,1017,109,0,7,-62.0543,-59.1916,48:08.6,FastGPS,-62.0543,-59.1916,,,11.4,0.6,,,,15,8,5146,,,,5,1710,,,,9,20195,,,,27,16736,,,,28,16742,,,,7,31766,,,,30,18080,,,,,,,,,,,,,,,,,,,,,,,,,,,,,,,,,,,,,,,,,,,
173716,15-May-18,1:22:00,2018-05-15 01:22:00,G,1,4,1022,109,0,4,-62.064,-59.161,5/15/2018 7:37,P,-62.0636,-59.1275,,,0.3,0.2,,,,15,13,11100,,,,15,5152,,,,28,12,,,,24,20522,,,,,,,,,,,,,,,,,,,,,,,,,,,,,,,,,,,,,,,,,,,,,,,,,,,,,,,,,,
173716,15-May-18,1:52:34,2018-05-15 01:52:34,G,1,4,1023,,0,9,-62.0792,-59.1386,52:38.6,FastGPS,-62.0792,-59.1386,,,6.4,0.6,,,,15,28,15534,,,,15,24507,,,,20,27196,,,,10,11158,,,,13,15101,,,,11,5668,,,,18,18092,,,,24,1096,,,,17,27525,,,,,,,,,,,,,,,,,,,,,,,,,,,,,,,,,
173716,15-May-18,6:23:00,2018-05-15 06:23:00,G,2,4,1032,109,0,5,-62.0801,-59.1197,23:03.1,FastGPS,-62.0801,-59.1197,,,3,-0.9,,,,15,29,2968,,,,12,28060,,,,2,10398,,,,31,32243,,,,25,12034,,,,,,,,,,,,,,,,,,,,,,,,,,,,,,,,,,,,,,,,,,,,,,,,,,,,,
173716,15-May-18,6:53:02,2018-05-15 06:53:02,G,2,4,1033,109,0,7,-62.071,-59.1439,53:06.1,FastGPS,-62.071,-59.1439,,1,7.1,0.1,,,,15,31,2140,,,,29,13478,,,,5,30076,,,,2,8448,,,,12,11176,,,,4,32025,,,,26,306,,,,,,,,,,,,,,,,,,,,,,,,,,,,,,,,,,,,,,,,,,,
173716,15-May-18,7:23:01,2018-05-15 07:23:01,G,2,4,1034,,0,9,-62.0607,-59.1578,23:05.6,FastGPS,-62.0607,-59.1578,,,13.3,0.6,,,,15,29,21376,,,,23,2681,,,,25,31704,,,,5,17833,,,,2,16378,,,,12,30001,,,,6,20552,,,,9,18916,,,,31,18011,,,,,,,,,,,,,,,,,,,,,,,,,,,,,,,,,
173716,15-May-18,7:54:40,2018-05-15 07:54:40,G,2,4,1035,109,0,8,-62.0544,-59.152,54:43.6,FastGPS,-62.0544,-59.152,,1,13.9,-0.4,,,,15,31,27034,,,,4,19362,,,,29,8116,,,,12,3511,,,,5,30284,,,,26,24486,,,,25,5528,,,,2,21624,,,,,,,,,,,,,,,,,,,,,,,,,,,,,,,,,,,,,,
173716,15-May-18,8:54:01,2018-05-15 08:54:01,G,1,4,1037,109,0,8,-62.0435,-59.1304,54:04.6,FastGPS,-62.0435,-59.1304,,1,15.9,-0.4,,,,15,5,10674,,,,21,20636,,,,29,15260,,,,31,12965,,,,4,10990,,,,25,20952,,,,16,7255,,,,26,4532,,,,,,,,,,,,,,,,,,,,,,,,,,,,,,,,,,,,,,
173716,15-May-18,11:24:00,2018-05-15 11:24:00,G,1,4,1041,111,0,8,-62.0248,-59.0395,24:03.6,FastGPS,-62.0248,-59.0395,,1,10.6,-0.4,,,,15,27,21162,,,,26,11838,,,,16,7462,,,,21,18254,,,,20,11524,,,,10,7589,,,,4,12022,,,,15,32178,,,,,,,,,,,,,,,,,,,,,,,,,,,,,,,,,,,,,,
173716,15-May-18,12:24:00,2018-05-15 12:24:00,G,1,4,1043,111,0,8,-62.0351,-59.043,24:03.1,FastGPS,-62.0351,-59.043,,,12.4,-0.9,,,,15,10,19725,,,,21,21108,,,,27,2599,,,,8,2921,,,,18,17784,,,,15,30561,,,,20,17108,,,,13,24534,,,,,,,,,,,,,,,,,,,,,,,,,,,,,,,,,,,,,,
173716,15-May-18,13:28:55,2018-05-15 13:28:55,G,1,4,1045,111,0,7,-62.0722,-59.0593,28:58.5,FastGPS,-62.0722,-59.0593,,,8.1,-0.5,,,,15,28,22186,,,,10,20854,,,,11,12128,,,,1,30917,,,,8,2866,,,,18,13946,,,,27,14567,,,,,,,,,,,,,,,,,,,,,,,,,,,,,,,,,,,,,,,,,,,
173716,15-May-18,13:59:33,2018-05-15 13:59:33,G,1,4,1046,,0,9,-62.0933,-59.0618,59:36.1,FastGPS,-62.0933,-59.0618,,,8.9,-0.9,,,,15,32,127,,,,1,30894,,,,11,6008,,,,18,4781,,,,22,5838,,,,28,16635,,,,10,31098,,,,8,1350,,,,27,26047,,,,,,,,,,,,,,,,,,,,,,,,,,,,,,,,,
173716,15-May-18,14:32:36,2018-05-15 14:32:36,G,1,4,1047,,0,9,-62.1139,-59.0497,32:39.1,FastGPS,-62.1139,-59.0497,,,4.8,-0.9,,,,15,22,20076,,,,1,18028,,,,28,9493,,,,18,31613,,,,11,3373,,,,14,2947,,,,10,26357,,,,8,5747,,,,3,14445,,,,,,,,,,,,,,,,,,,,,,,,,,,,,,,,,
173716,15-May-18,15:02:33,2018-05-15 15:02:33,G,1,4,1048,111,0,8,-62.1366,-59.0267,02:36.1,FastGPS,-62.1366,-59.0267,,,12.8,-0.9,,,,15,17,5208,,,,32,13869,,,,28,24328,,,,22,5735,,,,24,9488,,,,18,22119,,,,1,5342,,,,10,9995,,,,,,,,,,,,,,,,,,,,,,,,,,,,,,,,,,,,,,
173716,15-May-18,15:32:08,2018-05-15 15:32:08,G,1,4,1049,,0,9,-62.1559,-58.9873,32:11.6,FastGPS,-62.1559,-58.9873,,,10.5,-0.4,,,,15,17,22133,,,,32,21600,,,,19,15384,,,,3,15946,,,,28,11033,,,,22,3444,,,,14,3409,,,,1,30856,,,,10,18630,,,,,,,,,,,,,,,,,,,,,,,,,,,,,,,,,
173716,15-May-18,16:02:00,2018-05-15 16:02:00,G,1,4,1050,111,0,8,-62.1643,-58.9668,02:03.1,FastGPS,-62.1643,-58.9668,,,17.9,-0.9,,,,15,31,15966,,,,18,8853,,,,11,22218,,,,14,25956,,,,22,8370,,,,1,23442,,,,3,2537,,,,32,26421,,,,,,,,,,,,,,,,,,,,,,,,,,,,,,,,,,,,,,
173716,15-May-18,16:32:00,2018-05-15 16:32:00,G,1,4,1051,,1,9,-62.1643,-58.9664,32:03.1,FastGPS,-62.1643,-58.9664,,,10.4,-0.9,,,,15,31,2266,,,,11,22979,,,,18,4583,,,,14,3791,,,,32,1707,,,,23,7374,,,,1,9438,,,,22,12326,,,,3,1627,,,,,,,,,,,,,,,,,,,,,,,,,,,,,,,,,
173716,16-May-18,6:31:07,2018-05-16 06:31:07,G,1,4,1052,,0,9,-62.1633,-58.9686,31:10.6,FastGPS,-62.1633,-58.9686,,1,8.9,-0.4,,,,15,29,14769,,,,31,30436,,,,25,20920,,,,12,28612,,,,6,5400,,,,23,2872,,,,5,13842,,,,2,14746,,,,4,12018,,,,,,,,,,,,,,,,,,,,,,,,,,,,,,,,,
173716,16-May-18,7:01:58,2018-05-16 07:01:58,G,1,4,1053,,0,9,-62.1442,-59.0063,02:01.6,FastGPS,-62.1442,-59.0063,,1,12.7,-0.4,,,,15,29,16922,,,,12,31178,,,,25,20704,,,,5,19775,,,,2,23817,,,,6,28852,,,,4,23584,,,,31,15621,,,,23,28596,,,,,,,,,,,,,,,,,,,,,,,,,,,,,,,,,
173716,16-May-18,8:34:49,2018-05-16 08:34:49,G,2,4,1056,111,0,8,-62.0911,-59.0901,34:52.2,FastGPS,-62.0911,-59.0901,,1,8.1,-0.8,,,,15,29,9587,,,,21,17551,,,,4,1254,,,,26,12908,,,,9,31157,,,,25,25075,,,,2,3482,,,,16,14639,,,,,,,,,,,,,,,,,,,,,,,,,,,,,,,,,,,,,,
173716,16-May-18,10:36:36,2018-05-16 10:36:36,G,1,4,1060,,0,9,-62.0659,-59.0685,36:39.6,FastGPS,-62.0659,-59.0685,,1,6.1,-0.4,,,,15,27,22332,,,,10,3731,,,,5,5778,,,,4,8419,,,,7,30177,,,,20,1770,,,,13,3943,,,,15,29474,,,,30,12449,,,,,,,,,,,,,,,,,,,,,,,,,,,,,,,,,
173716,16-May-18,11:57:57,2018-05-16 11:57:57,G,1,4,1062,112,0,8,-62.0346,-59.0321,58:00.6,FastGPS,-62.0346,-59.0321,,,5.8,-0.4,,,,15,10,1708,,,,27,2099,,,,16,27452,,,,15,15006,,,,8,31900,,,,20,2545,,,,30,22914,,,,21,16588,,,,,,,,,,,,,,,,,,,,,,,,,,,,,,,,,,,,,,
173716,16-May-18,13:47:00,2018-05-16 13:47:00,G,1,4,1065,,0,9,-62.0821,-59.142,47:03.1,FastGPS,-62.0821,-59.142,,,5.3,-0.9,,,,15,11,28588,,,,18,28083,,,,28,27430,,,,27,8888,,,,10,29442,,,,8,28219,,,,32,19259,,,,14,27630,,,,1,8669,,,,,,,,,,,,,,,,,,,,,,,,,,,,,,,,,
173716,16-May-18,14:17:00,2018-05-16 14:17:00,G,1,4,1066,113,0,7,-62.0903,-59.1635,17:03.1,FastGPS,-62.0903,-59.1635,,,3.2,-0.9,,,,15,8,7076,,,,10,28522,,,,32,11002,,,,14,17836,,,,18,11132,,,,11,14682,,,,22,32681,,,,,,,,,,,,,,,,,,,,,,,,,,,,,,,,,,,,,,,,,,,
173716,16-May-18,15:19:23,2018-05-16 15:19:23,G,1,4,1068,,0,9,-62.1002,-59.1224,19:27.6,FastGPS,-62.1002,-59.1224,,,10.8,0.6,,,,15,17,23916,,,,22,10251,,,,1,16858,,,,3,12110,,,,28,13212,,,,31,3805,,,,32,31951,,,,11,29394,,,,14,21052,,,,,,,,,,,,,,,,,,,,,,,,,,,,,,,,,
173716,16-May-18,15:49:10,2018-05-16 15:49:10,G,1,4,1069,113,0,8,-62.104,-59.145,49:14.1,FastGPS,-62.104,-59.145,,,18.3,0.1,,,,15,17,14134,,,,12,23590,,,,3,30372,,,,14,18157,,,,11,30828,,,,31,4442,,,,19,30870,,,,1,14773,,,,,,,,,,,,,,,,,,,,,,,,,,,,,,,,,,,,,,
173716,16-May-18,16:20:14,2018-05-16 16:20:14,G,1,4,1070,,0,9,-62.1214,-59.1714,20:18.1,FastGPS,-62.1214,-59.1714,,,4.4,0.1,,,,15,17,18951,,,,23,10186,,,,1,29159,,,,32,5090,,,,25,17914,,,,18,4518,,,,11,21826,,,,3,24270,,,,31,18645,,,,,,,,,,,,,,,,,,,,,,,,,,,,,,,,,
173716,16-May-18,16:50:30,2018-05-16 16:50:30,G,1,4,1071,,0,9,-62.1291,-59.2065,50:34.1,FastGPS,-62.1291,-59.2065,,,12.3,0.1,,,,15,12,26249,,,,31,15174,,,,32,28238,,,,25,21132,,,,14,3385,,,,17,18955,,,,19,26464,,,,22,26392,,,,1,17002,,,,,,,,,,,,,,,,,,,,,,,,,,,,,,,,,
173716,16-May-18,20:05:07,2018-05-16 20:05:07,G,1,4,1077,114,0,7,-62.1085,-59.3007,05:11.6,FastGPS,-62.1085,-59.3007,,,11.7,0.6,,,,15,23,1038,,,,29,18900,,,,9,17986,,,,16,23166,,,,26,6954,,,,5,25521,,,,7,27176,,,,,,,,,,,,,,,,,,,,,,,,,,,,,,,,,,,,,,,,,,,
173716,16-May-18,20:36:00,2018-05-16 20:36:00,G,1,4,1078,114,0,8,-62.1236,-59.2693,36:04.6,FastGPS,-62.1236,-59.2693,,1,8.6,0.6,,,,15,5,2467,,,,9,26312,,,,29,6952,,,,4,11194,,,,16,32682,,,,23,31320,,,,2,8000,,,,7,28586,,,,,,,,,,,,,,,,,,,,,,,,,,,,,,,,,,,,,,
173716,16-May-18,21:06:04,2018-05-16 21:06:04,G,1,4,1079,114,0,7,-62.1467,-59.2496,06:08.1,FastGPS,-62.1467,-59.2496,,,4.3,0.1,,,,15,5,8280,,,,30,19066,,,,2,7162,,,,9,16936,,,,29,4164,,,,16,14618,,,,7,12416,,,,,,,,,,,,,,,,,,,,,,,,,,,,,,,,,,,,,,,,,,,
173716,16-May-18,21:36:05,2018-05-16 21:36:05,G,1,4,1080,114,0,6,-62.1639,-59.2472,36:09.1,FastGPS,-62.1639,-59.2472,,,6.5,0.1,,,,15,9,28526,,,,16,7531,,,,23,6008,,,,7,10525,,,,27,27823,,,,5,5766,,,,,,,,,,,,,,,,,,,,,,,,,,,,,,,,,,,,,,,,,,,,,,,,
173716,16-May-18,22:06:46,2018-05-16 22:06:46,G,2,4,1081,114,0,4,-61.985,-59.002,5/17/2018 19:14,P,-62.1693,-59.2692,,,0.6,-0.4,,,,15,5,7659,,,,30,29526,,,,7,8077,,,,9,19424,,,,,,,,,,,,,,,,,,,,,,,,,,,,,,,,,,,,,,,,,,,,,,,,,,,,,,,,,,
173716,16-May-18,23:07:02,2018-05-16 23:07:02,G,1,4,1083,114,0,7,-62.1899,-59.2788,07:05.1,FastGPS,-62.1899,-59.2788,,,4,-0.9,,,,15,13,9448,,,,5,28564,,,,30,1018,,,,7,3684,,,,21,7264,,,,27,20828,,,,9,2296,,,,,,,,,,,,,,,,,,,,,,,,,,,,,,,,,,,,,,,,,,,
173716,16-May-18,23:53:18,2018-05-16 23:53:18,G,1,4,1084,,0,9,-62.1819,-59.2594,53:21.1,FastGPS,-62.1819,-59.2594,,,12.6,-0.9,,,,15,7,7764,,,,30,18062,,,,28,18644,,,,27,3920,,,,8,31513,,,,15,18533,,,,21,28084,,,,13,2032,,,,5,18626,,,,,,,,,,,,,,,,,,,,,,,,,,,,,,,,,
173716,17-May-18,0:23:00,2018-05-17 00:23:00,G,1,4,1085,,0,9,-62.1772,-59.2474,23:04.1,FastGPS,-62.1772,-59.2474,,,9.9,0.1,,,,15,7,9442,,,,30,6502,,,,13,30779,,,,8,30232,,,,28,15190,,,,11,2416,,,,15,18257,,,,5,24408,,,,20,28012,,,,,,,,,,,,,,,,,,,,,,,,,,,,,,,,,
173716,17-May-18,0:53:25,2018-05-17 00:53:25,G,1,4,1086,115,0,8,-62.1732,-59.221,53:29.6,FastGPS,-62.1732,-59.221,,,6.7,0.6,,,,15,10,2804,,,,30,9156,,,,15,30123,,,,8,26600,,,,11,8126,,,,28,3783,,,,13,26568,,,,17,16904,,,,,,,,,,,,,,,,,,,,,,,,,,,,,,,,,,,,,,
173716,17-May-18,1:26:39,2018-05-17 01:26:39,G,1,4,1087,,0,9,-62.1589,-59.2074,26:43.1,FastGPS,-62.1589,-59.2074,,,7,0.1,,,,15,15,19298,,,,18,24489,,,,28,17527,,,,30,31154,,,,11,30245,,,,10,10872,,,,13,22424,,,,1,24168,,,,8,27570,,,,,,,,,,,,,,,,,,,,,,,,,,,,,,,,,
173716,17-May-18,3:06:14,2018-05-17 03:06:14,G,1,4,1090,,0,9,-62.1228,-59.2192,06:18.1,FastGPS,-62.1228,-59.2192,,,8.6,0.1,,,,15,17,17786,,,,19,6171,,,,1,4736,,,,24,19488,,,,12,17576,,,,18,13682,,,,28,30200,,,,10,15638,,,,11,32353,,,,,,,,,,,,,,,,,,,,,,,,,,,,,,,,,
173716,17-May-18,3:38:08,2018-05-17 03:38:08,G,1,4,1091,115,0,7,-62.1333,-59.1839,38:12.6,FastGPS,-62.1333,-59.1839,,,5.1,0.6,,,,15,12,508,,,,32,31566,,,,17,14082,,,,25,4040,,,,15,13337,,,,19,3518,,,,24,3536,,,,,,,,,,,,,,,,,,,,,,,,,,,,,,,,,,,,,,,,,,,
173716,17-May-18,5:44:30,2018-05-17 05:44:30,G,1,4,1095,,0,9,-62.2109,-59.2193,44:34.1,FastGPS,-62.2109,-59.2193,,,9.5,0.1,,,,15,12,31591,,,,6,18160,,,,2,7908,,,,25,9623,,,,31,8408,,,,29,17311,,,,19,12731,,,,3,1625,,,,32,4192,,,,,,,,,,,,,,,,,,,,,,,,,,,,,,,,,
173716,17-May-18,6:16:56,2018-05-17 06:16:56,G,1,4,1096,,0,9,-62.2327,-59.2379,17:00.7,FastGPS,-62.2327,-59.2379,,1,10.5,0.7,,,,15,31,22651,,,,25,29988,,,,12,4564,,,,29,26449,,,,14,27193,,,,6,18154,,,,2,27058,,,,32,18630,,,,4,15754,,,,,,,,,,,,,,,,,,,,,,,,,,,,,,,,,
173716,17-May-18,6:49:39,2018-05-17 06:49:39,G,2,4,1097,,0,9,-62.2704,-59.2347,49:42.1,FastGPS,-62.2704,-59.2347,,1,10.3,-0.9,,,,15,29,6603,,,,4,1603,,,,31,21530,,,,2,15394,,,,26,5192,,,,25,4951,,,,14,12188,,,,23,32214,,,,6,7819,,,,,,,,,,,,,,,,,,,,,,,,,,,,,,,,,
173716,17-May-18,7:21:33,2018-05-17 07:21:33,G,1,4,1098,115,0,7,-62.2788,-59.2155,21:36.6,FastGPS,-62.2788,-59.2155,,1,5.2,-0.4,,,,15,4,13148,,,,5,52,,,,2,23604,,,,31,7297,,,,26,1213,,,,12,24569,,,,23,29678,,,,,,,,,,,,,,,,,,,,,,,,,,,,,,,,,,,,,,,,,,,
173716,17-May-18,8:22:14,2018-05-17 08:22:14,G,1,4,1100,,0,9,-62.272,-59.2076,22:17.6,FastGPS,-62.272,-59.2076,,1,7.7,-0.4,,,,15,5,7707,,,,9,4168,,,,29,17055,,,,4,21040,,,,26,25215,,,,16,11128,,,,2,11650,,,,31,7187,,,,21,4919,,,,,,,,,,,,,,,,,,,,,,,,,,,,,,,,,
173716,17-May-18,8:52:01,2018-05-17 08:52:01,G,2,4,1101,115,0,7,-62.2605,-59.2156,52:04.6,FastGPS,-62.2605,-59.2156,,1,12.2,-0.4,,,,15,5,1322,,,,16,26294,,,,4,6312,,,,29,28711,,,,26,6732,,,,9,28192,,,,21,6930,,,,,,,,,,,,,,,,,,,,,,,,,,,,,,,,,,,,,,,,,,,
173716,17-May-18,9:22:00,2018-05-17 09:22:00,G,1,4,1102,115,0,8,-62.2453,-59.2232,22:03.1,FastGPS,-62.2453,-59.2232,,1,14.5,-0.9,,,,15,5,31287,,,,29,22868,,,,4,28585,,,,21,29222,,,,20,13147,,,,26,25484,,,,16,31906,,,,7,7442,,,,,,,,,,,,,,,,,,,,,,,,,,,,,,,,,,,,,,
173716,17-May-18,10:58:35,2018-05-17 10:58:35,G,1,4,1105,,0,9,-62.2004,-59.1848,58:38.6,FastGPS,-62.2004,-59.1848,,,8.9,-0.4,,,,15,13,22568,,,,15,18985,,,,20,23728,,,,7,9254,,,,21,8132,,,,27,29497,,,,16,3124,,,,26,7292,,,,30,18174,,,,,,,,,,,,,,,,,,,,,,,,,,,,,,,,,
173716,17-May-18,11:28:16,2018-05-17 11:28:16,G,2,4,1106,,0,9,-62.1882,-59.1665,28:19.1,FastGPS,-62.1882,-59.1665,,,5.3,-0.9,,,,15,15,9118,,,,10,17405,,,,13,26109,,,,8,2580,,,,21,10765,,,,27,8369,,,,20,3671,,,,16,28112,,,,7,31479,,,,,,,,,,,,,,,,,,,,,,,,,,,,,,,,,
173716,17-May-18,12:31:58,2018-05-17 12:31:58,G,1,4,1108,115,0,7,-62.1395,-59.1615,32:02.1,FastGPS,-62.1395,-59.1615,,,10.4,0.1,,,,15,27,24377,,,,15,9146,,,,21,14583,,,,10,14191,,,,8,14942,,,,20,15656,,,,18,22755,,,,,,,,,,,,,,,,,,,,,,,,,,,,,,,,,,,,,,,,,,,
173716,17-May-18,13:04:01,2018-05-17 13:04:01,G,1,4,1109,,0,9,-62.1126,-59.1462,04:05.6,FastGPS,-62.1126,-59.1462,,,8.9,0.6,,,,15,10,22272,,,,15,23013,,,,24,15064,,,,32,7650,,,,27,21576,,,,8,22324,,,,11,8126,,,,20,1222,,,,18,10994,,,,,,,,,,,,,,,,,,,,,,,,,,,,,,,,,
173716,17-May-18,13:34:00,2018-05-17 13:34:00,G,2,4,1110,115,0,8,-62.086,-59.1232,34:04.1,FastGPS,-62.086,-59.1232,,,4.7,0.1,,,,15,10,9756,,,,27,7625,,,,32,17766,,,,8,2524,,,,28,16798,,,,11,31136,,,,18,31408,,,,1,32152,,,,,,,,,,,,,,,,,,,,,,,,,,,,,,,,,,,,,,
173716,17-May-18,15:41:18,2018-05-17 15:41:18,G,1,4,1114,,0,9,-62.0161,-59.0542,41:21.1,FastGPS,-62.0161,-59.0542,,,9.1,-0.9,,,,15,17,16730,,,,3,28402,,,,18,4636,,,,22,22809,,,,1,25314,,,,31,1610,,,,14,29718,,,,11,16493,,,,19,27769,,,,,,,,,,,,,,,,,,,,,,,,,,,,,,,,,
173716,17-May-18,16:11:02,2018-05-17 16:11:02,G,1,4,1115,,0,9,-62.0128,-59.0322,11:05.1,FastGPS,-62.0128,-59.0322,,,7.4,-0.9,,,,15,12,29585,,,,32,7402,,,,31,19353,,,,17,31714,,,,14,16702,,,,22,32067,,,,1,19146,,,,18,4327,,,,19,26085,,,,,,,,,,,,,,,,,,,,,,,,,,,,,,,,,
173716,17-May-18,16:41:19,2018-05-17 16:41:19,G,2,4,1116,,0,9,-62.0141,-59.0305,41:22.6,FastGPS,-62.0141,-59.0305,,,8,-0.4,,,,15,32,27811,,,,12,2022,,,,17,1537,,,,14,28748,,,,31,15735,,,,3,4644,,,,19,29236,,,,22,8410,,,,1,8202,,,,,,,,,,,,,,,,,,,,,,,,,,,,,,,,,
173716,17-May-18,17:11:14,2018-05-17 17:11:14,G,2,4,1117,,0,9,-62.0152,-59.0355,11:17.2,FastGPS,-62.0152,-59.0355,,,10.9,-0.8,,,,15,31,2199,,,,12,26387,,,,6,30980,,,,14,2326,,,,17,17490,,,,19,19724,,,,22,8486,,,,3,11639,,,,23,32590,,,,,,,,,,,,,,,,,,,,,,,,,,,,,,,,,
173716,17-May-18,17:41:41,2018-05-17 17:41:41,G,3,4,1118,,0,9,-62.0194,-59.0417,41:44.6,FastGPS,-62.0194,-59.0417,,,8.2,-0.4,,,,15,23,17966,,,,31,14492,,,,22,9176,,,,14,18688,,,,17,28838,,,,1,9842,,,,3,20069,,,,19,3784,,,,6,25424,,,,,,,,,,,,,,,,,,,,,,,,,,,,,,,,,
173716,17-May-18,18:12:48,2018-05-17 18:12:48,G,4,4,1119,,0,9,-62.0112,-59.0189,12:51.6,FastGPS,-62.0112,-59.0189,,1,11.7,-0.4,,,,15,26,30584,,,,14,12822,,,,31,8035,,,,22,5420,,,,4,23738,,,,3,17776,,,,23,29984,,,,25,28023,,,,6,16554,,,,,,,,,,,,,,,,,,,,,,,,,,,,,,,,,
173716,17-May-18,18:45:02,2018-05-17 18:45:02,G,2,4,1120,115,0,8,-62.0043,-59.01,45:05.6,FastGPS,-62.0043,-59.01,,1,17.1,-0.4,,,,15,31,29877,,,,4,22428,,,,3,15958,,,,23,7330,,,,9,5114,,,,26,19271,,,,22,14142,,,,2,28762,,,,,,,,,,,,,,,,,,,,,,,,,,,,,,,,,,,,,,
173716,17-May-18,19:15:07,2018-05-17 19:15:07,G,1,4,1121,,0,9,-61.988,-58.9997,15:10.1,FastGPS,-61.988,-58.9997,,1,7.3,-0.9,,,,15,31,24188,,,,16,23529,,,,3,18580,,,,29,19073,,,,9,6962,,,,4,5172,,,,23,1476,,,,26,27426,,,,6,1258,,,,,,,,,,,,,,,,,,,,,,,,,,,,,,,,,
173716,17-May-18,19:45:36,2018-05-17 19:45:36,G,2,4,1122,115,0,8,-61.9677,-58.9824,45:39.1,FastGPS,-61.9677,-58.9824,,1,10.9,-0.9,,,,15,29,23866,,,,4,15910,,,,3,4521,,,,26,31747,,,,16,5977,,,,23,28112,,,,6,23850,,,,2,4930,,,,,,,,,,,,,,,,,,,,,,,,,,,,,,,,,,,,,,
173716,17-May-18,20:17:23,2018-05-17 20:17:23,G,1,4,1123,,0,9,-61.9466,-58.9725,17:26.6,FastGPS,-61.9466,-58.9725,,1,5.9,-0.4,,,,15,4,16521,,,,23,21301,,,,16,22487,,,,29,19106,,,,7,6580,,,,26,23606,,,,9,30424,,,,2,3148,,,,5,3826,,,,,,,,,,,,,,,,,,,,,,,,,,,,,,,,,
173716,17-May-18,21:17:11,2018-05-17 21:17:11,G,1,4,1125,,0,9,-61.912,-58.9456,17:14.6,FastGPS,-61.912,-58.9456,,,13.4,-0.4,,,,15,23,12131,,,,27,10445,,,,9,2094,,,,7,25292,,,,16,5829,,,,26,16991,,,,30,29427,,,,29,3383,,,,2,27626,,,,,,,,,,,,,,,,,,,,,,,,,,,,,,,,,
173716,17-May-18,22:49:36,2018-05-17 22:49:36,G,1,4,1128,115,0,5,-61.9012,-58.97,49:39.6,FastGPS,-61.9012,-58.97,,,1.8,-0.4,,,,15,13,2281,,,,5,31177,,,,7,17173,,,,8,29228,,,,21,14387,,,,,,,,,,,,,,,,,,,,,,,,,,,,,,,,,,,,,,,,,,,,,,,,,,,,,
173716,17-May-18,23:19:36,2018-05-17 23:19:36,G,1,4,1129,115,0,8,-61.909,-58.9703,19:39.6,FastGPS,-61.909,-58.9703,,,6.2,-0.4,,,,15,13,15205,,,,5,6756,,,,15,9182,,,,30,14074,,,,9,15246,,,,8,1616,,,,28,29307,,,,7,6114,,,,,,,,,,,,,,,,,,,,,,,,,,,,,,,,,,,,,,
173716,17-May-18,23:49:34,2018-05-17 23:49:34,G,1,4,1130,115,0,7,-61.9033,-58.9872,49:37.6,FastGPS,-61.9033,-58.9872,,,4.7,-0.4,,,,15,7,536,,,,5,11222,,,,15,9856,,,,13,27371,,,,30,11404,,,,8,23468,,,,28,14533,,,,,,,,,,,,,,,,,,,,,,,,,,,,,,,,,,,,,,,,,,,
173716,18-May-18,0:19:17,2018-05-18 00:19:17,G,2,4,1131,115,0,8,-61.89,-59.0245,19:20.6,FastGPS,-61.89,-59.0245,,,10.6,-0.4,,,,15,7,8209,,,,15,16136,,,,13,29949,,,,11,2982,,,,30,5848,,,,20,22390,,,,5,23538,,,,28,16006,,,,,,,,,,,,,,,,,,,,,,,,,,,,,,,,,,,,,,
173716,18-May-18,0:49:03,2018-05-18 00:49:03,G,2,4,1132,,0,9,-61.8733,-59.05,49:06.6,FastGPS,-61.8733,-59.05,,,7.9,-0.4,,,,15,30,11872,,,,15,28305,,,,8,24488,,,,18,32540,,,,17,19304,,,,11,7208,,,,13,27852,,,,28,4467,,,,20,6717,,,,,,,,,,,,,,,,,,,,,,,,,,,,,,,,,
173716,18-May-18,1:19:00,2018-05-18 01:19:00,G,3,4,1133,,0,9,-61.8753,-59.0422,19:03.2,FastGPS,-61.8753,-59.0422,,,10.5,-0.8,,,,15,30,23186,,,,10,8497,,,,17,1730,,,,15,25786,,,,11,2902,,,,18,25528,,,,28,32638,,,,8,13688,,,,1,20044,,,,,,,,,,,,,,,,,,,,,,,,,,,,,,,,,
173716,18-May-18,1:49:02,2018-05-18 01:49:02,G,3,4,1134,,0,9,-61.8727,-59.0399,49:05.6,FastGPS,-61.8727,-59.0399,,,14.1,-0.4,,,,15,20,9024,,,,15,18969,,,,10,17019,,,,28,23237,,,,24,2692,,,,11,528,,,,19,21418,,,,1,8678,,,,30,29012,,,,,,,,,,,,,,,,,,,,,,,,,,,,,,,,,
173716,18-May-18,2:34:32,2018-05-18 02:34:32,G,2,4,1135,,0,9,-61.8785,-59.0346,34:35.2,FastGPS,-61.8785,-59.0346,,,13.8,-0.8,,,,15,17,25237,,,,12,22085,,,,10,31100,,,,19,31533,,,,24,22260,,,,13,12604,,,,32,5698,,,,15,31905,,,,28,17500,,,,,,,,,,,,,,,,,,,,,,,,,,,,,,,,,
173716,18-May-18,3:04:01,2018-05-18 03:04:01,G,1,4,1136,,0,9,-61.8701,-59.0644,04:05.6,FastGPS,-61.8701,-59.0644,,,5.6,0.6,,,,15,12,15611,,,,15,30644,,,,17,7700,,,,13,9750,,,,28,11358,,,,24,11862,,,,1,23010,,,,19,832,,,,6,16670,,,,,,,,,,,,,,,,,,,,,,,,,,,,,,,,,
173716,18-May-18,3:35:44,2018-05-18 03:35:44,G,1,4,1137,116,0,5,-61.883,-59.099,35:47.1,FastGPS,-61.883,-59.099,,,2.3,-0.9,,,,15,12,32667,,,,32,26728,,,,17,3573,,,,15,2265,,,,24,30245,,,,,,,,,,,,,,,,,,,,,,,,,,,,,,,,,,,,,,,,,,,,,,,,,,,,,
173716,18-May-18,4:36:03,2018-05-18 04:36:03,G,1,4,1139,116,0,8,-61.8813,-59.1632,36:06.6,FastGPS,-61.8813,-59.1632,,,11.8,-0.4,,,,15,14,25139,,,,25,1618,,,,12,399,,,,32,8284,,,,2,21574,,,,22,28406,,,,17,31682,,,,24,28955,,,,,,,,,,,,,,,,,,,,,,,,,,,,,,,,,,,,,,
173716,18-May-18,5:06:03,2018-05-18 05:06:03,G,1,4,1140,116,0,8,-61.8854,-59.1786,06:06.6,FastGPS,-61.8854,-59.1786,,,7.5,-0.4,,,,15,24,25414,,,,12,18498,,,,25,10808,,,,29,14502,,,,6,30470,,,,32,30308,,,,19,916,,,,2,25500,,,,,,,,,,,,,,,,,,,,,,,,,,,,,,,,,,,,,,
173716,18-May-18,5:37:49,2018-05-18 05:37:49,G,2,4,1141,,0,9,-61.8947,-59.1932,37:52.1,FastGPS,-61.8947,-59.1932,,,12.6,-0.9,,,,15,32,20773,,,,29,15346,,,,3,11021,,,,24,1874,,,,19,29374,,,,25,11811,,,,31,3448,,,,2,10936,,,,12,10894,,,,,,,,,,,,,,,,,,,,,,,,,,,,,,,,,
173716,18-May-18,6:10:02,2018-05-18 06:10:02,G,1,4,1142,116,0,7,-61.9055,-59.1973,10:05.6,FastGPS,-61.9055,-59.1973,,1,8.3,-0.4,,,,15,31,19942,,,,6,30880,,,,14,9155,,,,12,19939,,,,2,380,,,,29,24210,,,,4,8088,,,,,,,,,,,,,,,,,,,,,,,,,,,,,,,,,,,,,,,,,,,
173716,18-May-18,8:26:53,2018-05-18 08:26:53,G,1,4,1146,,0,9,-61.9026,-59.1614,26:56.6,FastGPS,-61.9026,-59.1614,,1,6.6,-0.4,,,,15,29,20916,,,,25,4225,,,,4,13194,,,,31,22684,,,,5,25216,,,,2,12748,,,,16,26507,,,,21,31727,,,,26,24882,,,,,,,,,,,,,,,,,,,,,,,,,,,,,,,,,
173716,18-May-18,8:59:02,2018-05-18 08:59:02,G,3,4,1147,,0,9,-61.9019,-59.1662,59:05.1,FastGPS,-61.9019,-59.1662,,1,11.6,-0.9,,,,15,4,8012,,,,21,24326,,,,26,18509,,,,5,23732,,,,20,22189,,,,29,6283,,,,25,1816,,,,16,264,,,,31,64,,,,,,,,,,,,,,,,,,,,,,,,,,,,,,,,,
173716,18-May-18,9:29:00,2018-05-18 09:29:00,G,1,4,1148,117,0,6,-61.9046,-59.1511,29:03.6,FastGPS,-61.9046,-59.1511,,1,4.5,-0.4,,,,15,29,14858,,,,5,29651,,,,20,20726,,,,16,18942,,,,26,12841,,,,4,6600,,,,,,,,,,,,,,,,,,,,,,,,,,,,,,,,,,,,,,,,,,,,,,,,
173716,18-May-18,9:59:02,2018-05-18 09:59:02,G,1,4,1149,117,0,8,-61.8971,-59.1244,59:05.1,FastGPS,-61.8971,-59.1244,,,8.7,-0.9,,,,15,29,16349,,,,27,40,,,,5,17234,,,,7,25082,,,,15,23300,,,,16,15672,,,,13,25991,,,,20,15779,,,,,,,,,,,,,,,,,,,,,,,,,,,,,,,,,,,,,,
173716,18-May-18,10:29:00,2018-05-18 10:29:00,G,1,4,1150,,0,9,-61.8899,-59.0859,29:03.6,FastGPS,-61.8899,-59.0859,,1,12.9,-0.4,,,,15,7,21616,,,,20,27081,,,,15,24382,,,,27,16994,,,,4,1130,,,,21,9818,,,,29,15675,,,,13,29800,,,,10,2064,,,,,,,,,,,,,,,,,,,,,,,,,,,,,,,,,
173716,18-May-18,12:50:36,2018-05-18 12:50:36,G,1,4,1154,,0,9,-61.8853,-58.9524,50:39.6,FastGPS,-61.8853,-58.9524,,,5.3,-0.4,,,,15,15,25371,,,,11,13416,,,,10,1194,,,,18,17465,,,,28,17729,,,,8,23422,,,,20,16548,,,,32,10176,,,,27,23050,,,,,,,,,,,,,,,,,,,,,,,,,,,,,,,,,
173716,18-May-18,13:20:01,2018-05-18 13:20:01,G,1,4,1155,118,0,7,-61.8858,-58.9274,20:04.1,FastGPS,-61.8858,-58.9274,,,9.7,-0.9,,,,15,18,3736,,,,11,2126,,,,28,5166,,,,10,29200,,,,8,13847,,,,1,24022,,,,27,16913,,,,,,,,,,,,,,,,,,,,,,,,,,,,,,,,,,,,,,,,,,,
173716,18-May-18,14:22:33,2018-05-18 14:22:33,G,1,4,1156,,0,9,-61.885,-58.888,22:36.2,FastGPS,-61.885,-58.888,,,7.2,-0.8,,,,15,28,31240,,,,10,14342,,,,32,31752,,,,24,2521,,,,1,19758,,,,11,1904,,,,18,30154,,,,22,23774,,,,8,27206,,,,,,,,,,,,,,,,,,,,,,,,,,,,,,,,,
173716,18-May-18,18:44:00,2018-05-18 18:44:00,G,1,4,1164,,0,9,-61.9693,-58.6425,44:03.2,FastGPS,-61.9693,-58.6425,,1,8.1,-0.8,,,,15,6,26215,,,,9,4657,,,,23,30718,,,,2,27304,,,,26,19575,,,,3,30738,,,,31,10702,,,,4,19994,,,,22,25439,,,,,,,,,,,,,,,,,,,,,,,,,,,,,,,,,
173716,18-May-18,20:44:07,2018-05-18 20:44:07,G,1,4,1168,121,0,7,-61.989,-58.5749,44:10.6,FastGPS,-61.989,-58.5749,,,12.1,-0.4,,,,15,5,21857,,,,9,5541,,,,7,8856,,,,29,974,,,,6,664,,,,23,28406,,,,2,17462,,,,,,,,,,,,,,,,,,,,,,,,,,,,,,,,,,,,,,,,,,,
173716,18-May-18,21:14:01,2018-05-18 21:14:01,G,1,4,1169,121,0,6,-61.9857,-58.5467,14:04.2,FastGPS,-61.9857,-58.5467,,,15,-0.8,,,,15,5,11535,,,,16,15998,,,,9,10582,,,,23,20206,,,,7,3488,,,,29,10086,,,,,,,,,,,,,,,,,,,,,,,,,,,,,,,,,,,,,,,,,,,,,,,,
173716,18-May-18,22:01:01,2018-05-18 22:01:01,G,1,4,1170,122,0,7,-61.9784,-58.5184,01:04.6,FastGPS,-61.9784,-58.5184,,,12.6,-0.4,,,,15,13,29850,,,,5,4400,,,,30,24,,,,7,6300,,,,9,12332,,,,27,10461,,,,16,27200,,,,,,,,,,,,,,,,,,,,,,,,,,,,,,,,,,,,,,,,,,,
173716,18-May-18,22:32:13,2018-05-18 22:32:13,G,1,4,1171,122,0,7,-61.967,-58.5185,32:16.2,FastGPS,-61.967,-58.5185,,,10.1,-0.8,,,,15,7,12606,,,,30,31124,,,,27,31769,,,,5,11628,,,,21,3643,,,,8,23668,,,,9,507,,,,,,,,,,,,,,,,,,,,,,,,,,,,,,,,,,,,,,,,,,,
173716,18-May-18,23:04:03,2018-05-18 23:04:03,G,1,4,1172,122,0,5,-61.9608,-58.4874,04:07.2,FastGPS,-61.9608,-58.4874,,,1.5,0.2,,,,15,27,9923,,,,21,26057,,,,9,9315,,,,13,16562,,,,7,17406,,,,,,,,,,,,,,,,,,,,,,,,,,,,,,,,,,,,,,,,,,,,,,,,,,,,,
173716,18-May-18,23:34:00,2018-05-18 23:34:00,G,1,4,1173,122,0,5,-61.9602,-58.4609,34:03.1,FastGPS,-61.9602,-58.4609,,,2.7,-0.9,,,,15,5,17790,,,,13,2706,,,,15,27232,,,,30,32705,,,,28,9762,,,,,,,,,,,,,,,,,,,,,,,,,,,,,,,,,,,,,,,,,,,,,,,,,,,,,
173716,19-May-18,0:05:20,2018-05-19 00:05:20,G,3,4,1174,122,0,6,-61.948,-58.4343,05:24.6,FastGPS,-61.948,-58.4343,,,10,0.6,,,,15,7,9666,,,,8,20,,,,5,18231,,,,11,392,,,,13,10408,,,,28,21255,,,,,,,,,,,,,,,,,,,,,,,,,,,,,,,,,,,,,,,,,,,,,,,,
173716,19-May-18,0:35:43,2018-05-19 00:35:43,G,2,4,1175,122,0,7,-61.9406,-58.4347,35:46.1,FastGPS,-61.9406,-58.4347,,,3.5,-0.9,,,,15,7,22440,,,,15,6068,,,,13,32211,,,,11,25332,,,,17,3019,,,,18,9435,,,,28,4666,,,,,,,,,,,,,,,,,,,,,,,,,,,,,,,,,,,,,,,,,,,
173716,19-May-18,1:06:09,2018-05-19 01:06:09,G,2,4,1176,,0,9,-61.9283,-58.44,06:13.7,FastGPS,-61.9283,-58.44,,,10.1,0.7,,,,15,8,1322,,,,30,14068,,,,11,18280,,,,17,11800,,,,13,10520,,,,10,6758,,,,18,31699,,,,28,1464,,,,1,11394,,,,,,,,,,,,,,,,,,,,,,,,,,,,,,,,,
173716,19-May-18,1:36:06,2018-05-19 01:36:06,G,2,4,1177,,0,9,-61.928,-58.3927,36:09.7,FastGPS,-61.928,-58.3927,,,11.2,-0.3,,,,15,11,1196,,,,10,1532,,,,15,16263,,,,28,12165,,,,1,15813,,,,18,12994,,,,17,25172,,,,30,30429,,,,19,8310,,,,,,,,,,,,,,,,,,,,,,,,,,,,,,,,,
173716,19-May-18,2:06:06,2018-05-19 02:06:06,G,1,4,1178,,0,9,-61.9322,-58.3584,06:10.6,FastGPS,-61.9322,-58.3584,,,13.2,0.6,,,,15,17,26947,,,,10,6715,,,,19,413,,,,28,8044,,,,13,32579,,,,1,8416,,,,11,1799,,,,18,10266,,,,24,32695,,,,,,,,,,,,,,,,,,,,,,,,,,,,,,,,,
173716,19-May-18,2:36:51,2018-05-19 02:36:51,G,1,4,1179,,0,9,-61.9358,-58.3104,36:54.1,FastGPS,-61.9358,-58.3104,,,6.9,-0.9,,,,15,10,3231,,,,12,536,,,,17,21157,,,,1,28774,,,,24,21358,,,,32,18884,,,,28,11825,,,,15,28873,,,,18,4516,,,,,,,,,,,,,,,,,,,,,,,,,,,,,,,,,
173716,19-May-18,3:22:09,2018-05-19 03:22:09,G,1,4,1180,123,0,7,-61.9454,-58.2285,22:13.6,FastGPS,-61.9454,-58.2285,,,10.9,0.6,,,,15,17,29864,,,,32,6582,,,,12,4318,,,,19,2836,,,,24,2068,,,,6,32734,,,,1,26957,,,,,,,,,,,,,,,,,,,,,,,,,,,,,,,,,,,,,,,,,,,
173716,19-May-18,4:22:46,2018-05-19 04:22:46,G,1,4,1182,123,0,7,-61.94,-58.1874,22:50.7,FastGPS,-61.94,-58.1874,,,11.3,0.6,,,,15,17,21232,,,,19,25562,,,,24,471,,,,6,24438,,,,12,32226,,,,2,22969,,,,22,16634,,,,,,,,,,,,,,,,,,,,,,,,,,,,,,,,,,,,,,,,,,,
173716,19-May-18,5:25:01,2018-05-19 05:25:01,G,1,4,1184,123,0,6,-61.9384,-58.173,25:05.2,FastGPS,-61.9384,-58.173,,,8.6,0.2,,,,15,2,540,,,,25,31525,,,,12,32005,,,,24,18097,,,,6,19579,,,,29,13808,,,,,,,,,,,,,,,,,,,,,,,,,,,,,,,,,,,,,,,,,,,,,,,,
173716,19-May-18,5:55:42,2018-05-19 05:55:42,G,2,4,1185,123,0,5,-61.9376,-58.1696,55:46.6,FastGPS,-61.9376,-58.1696,,,8.7,0.6,,,,15,12,25710,,,,2,7005,,,,29,25206,,,,6,8885,,,,25,1174,,,,,,,,,,,,,,,,,,,,,,,,,,,,,,,,,,,,,,,,,,,,,,,,,,,,,
173716,19-May-18,6:26:53,2018-05-19 06:26:53,G,1,4,1186,123,0,7,-61.9348,-58.1458,26:56.6,FastGPS,-61.9348,-58.1458,,,7.7,-0.4,,,,15,12,14828,,,,6,19228,,,,2,22456,,,,23,25044,,,,31,16826,,,,29,14614,,,,5,28598,,,,,,,,,,,,,,,,,,,,,,,,,,,,,,,,,,,,,,,,,,,
173716,19-May-18,6:57:03,2018-05-19 06:57:03,G,1,4,1187,123,0,7,-61.9291,-58.1003,57:06.1,FastGPS,-61.9291,-58.1003,,1,14.6,-0.9,,,,15,2,23842,,,,23,9403,,,,12,18458,,,,5,87,,,,31,26022,,,,29,11540,,,,4,27620,,,,,,,,,,,,,,,,,,,,,,,,,,,,,,,,,,,,,,,,,,,
173716,19-May-18,7:58:23,2018-05-19 07:58:23,G,2,4,1189,,0,9,-61.9096,-58.0299,58:26.1,FastGPS,-61.9096,-58.0299,,1,9.4,-0.9,,,,15,5,22467,,,,2,18706,,,,31,17139,,,,9,28760,,,,29,23252,,,,4,14563,,,,25,19436,,,,23,23720,,,,26,3112,,,,,,,,,,,,,,,,,,,,,,,,,,,,,,,,,
173716,19-May-18,8:28:03,2018-05-19 08:28:03,G,1,4,1190,,0,9,-61.8968,-58.003,28:06.7,FastGPS,-61.8968,-58.003,,1,6.2,-0.3,,,,15,5,1090,,,,9,3975,,,,31,32228,,,,2,27584,,,,29,18186,,,,21,23410,,,,25,18512,,,,4,18060,,,,26,1239,,,,,,,,,,,,,,,,,,,,,,,,,,,,,,,,,
173716,19-May-18,8:59:23,2018-05-19 08:59:23,G,1,4,1191,123,0,8,-61.9018,-57.9658,59:27.7,FastGPS,-61.9018,-57.9658,,1,5.3,0.7,,,,15,5,3780,,,,29,12680,,,,21,19841,,,,31,21570,,,,16,24542,,,,26,30988,,,,4,17158,,,,20,20832,,,,,,,,,,,,,,,,,,,,,,,,,,,,,,,,,,,,,,
173716,19-May-18,9:59:48,2018-05-19 09:59:48,G,1,4,1193,,0,9,-61.9262,-57.9135,59:52.6,FastGPS,-61.9262,-57.9135,,,11,0.6,,,,15,27,508,,,,7,18432,,,,26,14898,,,,29,20420,,,,16,904,,,,5,22848,,,,15,794,,,,13,32438,,,,21,24095,,,,,,,,,,,,,,,,,,,,,,,,,,,,,,,,,
173716,19-May-18,11:01:39,2018-05-19 11:01:39,G,1,4,1195,,0,9,-61.9406,-57.8423,01:43.2,FastGPS,-61.9406,-57.8423,,,11.1,0.2,,,,15,7,16990,,,,21,19210,,,,27,18335,,,,30,22834,,,,15,11289,,,,20,31250,,,,10,31162,,,,13,25368,,,,8,1898,,,,,,,,,,,,,,,,,,,,,,,,,,,,,,,,,
173716,19-May-18,11:31:49,2018-05-19 11:31:49,G,1,4,1196,,0,9,-61.9352,-57.7994,31:53.7,FastGPS,-61.9352,-57.7994,,,15.5,0.7,,,,15,15,8154,,,,21,29517,,,,13,31948,,,,30,21785,,,,7,11369,,,,20,20220,,,,27,7982,,,,16,2008,,,,10,13903,,,,,,,,,,,,,,,,,,,,,,,,,,,,,,,,,
173716,19-May-18,12:03:05,2018-05-19 12:03:05,G,1,4,1197,123,0,8,-61.9247,-57.7718,03:09.2,FastGPS,-61.9247,-57.7718,,,11.2,0.2,,,,15,13,17505,,,,15,19201,,,,10,23188,,,,21,27008,,,,20,24272,,,,30,242,,,,27,13710,,,,16,25106,,,,,,,,,,,,,,,,,,,,,,,,,,,,,,,,,,,,,,
173716,19-May-18,12:34:12,2018-05-19 12:34:12,G,2,4,1198,123,0,6,-61.9118,-57.7482,34:16.2,FastGPS,-61.9118,-57.7482,,,11.3,0.2,,,,15,10,3994,,,,20,8180,,,,15,1754,,,,28,12098,,,,27,19380,,,,21,16359,,,,,,,,,,,,,,,,,,,,,,,,,,,,,,,,,,,,,,,,,,,,,,,,
173716,19-May-18,13:05:44,2018-05-19 13:05:44,G,1,4,1199,,0,9,-61.911,-57.7265,05:48.6,FastGPS,-61.911,-57.7265,,,4.7,0.6,,,,15,10,14577,,,,15,22343,,,,18,2012,,,,8,17004,,,,28,20586,,,,24,12665,,,,32,18653,,,,11,32132,,,,27,21356,,,,,,,,,,,,,,,,,,,,,,,,,,,,,,,,,
173716,19-May-18,13:36:00,2018-05-19 13:36:00,G,1,4,1200,,0,9,-61.9074,-57.6923,36:04.1,FastGPS,-61.9074,-57.6923,,,9.9,0.1,,,,15,10,17762,,,,32,15384,,,,28,8480,,,,18,13120,,,,27,24310,,,,1,25752,,,,8,9664,,,,14,24600,,,,11,12950,,,,,,,,,,,,,,,,,,,,,,,,,,,,,,,,,
173716,19-May-18,16:07:02,2018-05-19 16:07:02,G,2,4,1205,123,0,6,-61.9293,-57.6104,07:06.2,FastGPS,-61.9293,-57.6104,,,14.2,0.2,,,,15,17,26648,,,,19,30072,,,,31,5761,,,,23,15487,,,,32,29180,,,,14,13976,,,,,,,,,,,,,,,,,,,,,,,,,,,,,,,,,,,,,,,,,,,,,,,,
173716,19-May-18,16:37:00,2018-05-19 16:37:00,G,2,4,1206,,0,9,-61.9533,-57.5913,37:04.7,FastGPS,-61.9533,-57.5913,,,12.7,0.7,,,,15,17,4105,,,,31,11646,,,,19,9324,,,,14,4642,,,,23,21585,,,,32,31538,,,,1,12162,,,,3,21756,,,,11,30453,,,,,,,,,,,,,,,,,,,,,,,,,,,,,,,,,
173716,19-May-18,17:08:37,2018-05-19 17:08:37,G,2,4,1207,,0,9,-61.9816,-57.5724,08:40.2,FastGPS,-61.9816,-57.5724,,,10.3,-0.8,,,,15,17,12477,,,,19,29400,,,,31,29944,,,,6,868,,,,23,1875,,,,3,30991,,,,12,3088,,,,14,5378,,,,1,20096,,,,,,,,,,,,,,,,,,,,,,,,,,,,,,,,,
173716,19-May-18,17:40:15,2018-05-19 17:40:15,G,3,4,1208,,0,9,-62.0116,-57.5486,40:18.7,FastGPS,-62.0116,-57.5486,,,12.1,-0.3,,,,15,17,29200,,,,19,19449,,,,31,16522,,,,6,10754,,,,23,2562,,,,3,17674,,,,22,28000,,,,9,13210,,,,25,18103,,,,,,,,,,,,,,,,,,,,,,,,,,,,,,,,,
173716,19-May-18,18:12:26,2018-05-19 18:12:26,G,2,4,1209,123,0,8,-62.0392,-57.5358,12:29.2,FastGPS,-62.0392,-57.5358,,,10,-0.8,,,,15,23,1136,,,,22,7222,,,,19,2820,,,,6,19516,,,,31,22664,,,,9,19146,,,,1,25404,,,,3,31330,,,,,,,,,,,,,,,,,,,,,,,,,,,,,,,,,,,,,,
173716,19-May-18,18:43:46,2018-05-19 18:43:46,G,2,4,1210,123,0,7,-62.0565,-57.5407,43:49.7,FastGPS,-62.0565,-57.5407,,1,1.4,-0.3,,,,15,9,9285,,,,6,18080,,,,4,28134,,,,26,31112,,,,23,26648,,,,31,30528,,,,3,16524,,,,,,,,,,,,,,,,,,,,,,,,,,,,,,,,,,,,,,,,,,,
173716,19-May-18,19:14:00,2018-05-19 19:14:00,G,2,4,1211,123,0,7,-62.0624,-57.536,14:03.7,FastGPS,-62.0624,-57.536,,,7.4,-0.3,,,,15,3,25182,,,,9,18232,,,,23,25541,,,,7,24021,,,,16,21433,,,,6,15623,,,,2,26059,,,,,,,,,,,,,,,,,,,,,,,,,,,,,,,,,,,,,,,,,,,
173716,19-May-18,20:44:00,2018-05-19 20:44:00,G,1,4,1212,,0,9,-62.0761,-57.5238,44:03.2,FastGPS,-62.0761,-57.5238,,1,7.2,-0.8,,,,15,7,10800,,,,5,25018,,,,26,24989,,,,9,26962,,,,2,24566,,,,29,16220,,,,30,29328,,,,16,21882,,,,4,31292,,,,,,,,,,,,,,,,,,,,,,,,,,,,,,,,,
173716,19-May-18,23:45:00,2018-05-19 23:45:00,G,2,4,1218,127,0,8,-62.236,-57.5073,45:04.2,FastGPS,-62.236,-57.5073,,,8.6,0.2,,,,15,15,19691,,,,13,30622,,,,30,9018,,,,5,22971,,,,28,24738,,,,8,30784,,,,27,22874,,,,7,26805,,,,,,,,,,,,,,,,,,,,,,,,,,,,,,,,,,,,,,
173716,20-May-18,0:16:02,2018-05-20 00:16:02,G,1,4,1219,127,0,8,-62.2602,-57.5007,16:06.7,FastGPS,-62.2602,-57.5007,,,10.9,0.7,,,,15,15,23651,,,,20,19888,,,,30,27770,,,,28,21066,,,,5,24638,,,,7,25072,,,,13,26038,,,,18,27726,,,,,,,,,,,,,,,,,,,,,,,,,,,,,,,,,,,,,,
173716,20-May-18,0:47:45,2018-05-20 00:47:45,G,1,4,1220,127,0,7,-62.2908,-57.4988,47:48.2,FastGPS,-62.2908,-57.4988,,,16,-0.8,,,,15,15,30943,,,,13,12660,,,,24,32032,,,,20,28052,,,,28,856,,,,30,22500,,,,17,19134,,,,,,,,,,,,,,,,,,,,,,,,,,,,,,,,,,,,,,,,,,,
173716,20-May-18,1:18:36,2018-05-20 01:18:36,G,1,4,1221,127,0,7,-62.3264,-57.5049,18:39.2,FastGPS,-62.3264,-57.5049,,,7,-0.8,,,,15,24,12583,,,,15,30290,,,,13,25618,,,,28,30992,,,,1,30982,,,,20,29968,,,,11,23696,,,,,,,,,,,,,,,,,,,,,,,,,,,,,,,,,,,,,,,,,,,
173716,20-May-18,2:48:00,2018-05-20 02:48:00,G,2,4,1224,,0,9,-62.4145,-57.5113,48:03.2,FastGPS,-62.4145,-57.5113,,,9.4,-0.8,,,,15,12,29251,,,,15,5581,,,,24,17434,,,,1,29307,,,,17,846,,,,18,12132,,,,13,26878,,,,19,7948,,,,32,20527,,,,,,,,,,,,,,,,,,,,,,,,,,,,,,,,,
173716,20-May-18,3:18:04,2018-05-20 03:18:04,G,1,4,1225,127,0,6,-62.4352,-57.5117,18:07.2,FastGPS,-62.4352,-57.5117,,,9.3,-0.8,,,,15,32,20986,,,,15,18036,,,,12,12770,,,,17,12480,,,,24,11640,,,,19,15604,,,,,,,,,,,,,,,,,,,,,,,,,,,,,,,,,,,,,,,,,,,,,,,,
173716,20-May-18,3:48:00,2018-05-20 03:48:00,G,1,4,1226,127,0,8,-62.4663,-57.517,48:03.2,FastGPS,-62.4663,-57.517,,,13.5,-0.8,,,,15,17,28915,,,,25,27726,,,,32,786,,,,12,24582,,,,19,32480,,,,24,14825,,,,14,23098,,,,22,11472,,,,,,,,,,,,,,,,,,,,,,,,,,,,,,,,,,,,,,
173716,20-May-18,6:23:08,2018-05-20 06:23:08,G,2,4,1231,127,0,8,-62.6024,-57.5528,23:12.6,FastGPS,-62.6024,-57.5528,,1,8.7,0.6,,,,15,31,28234,,,,29,21254,,,,12,21792,,,,6,2902,,,,2,2062,,,,23,11538,,,,4,29670,,,,5,6518,,,,,,,,,,,,,,,,,,,,,,,,,,,,,,,,,,,,,,
173716,20-May-18,6:56:00,2018-05-20 06:56:00,G,2,4,1232,127,0,8,-62.6332,-57.5512,56:04.7,FastGPS,-62.6332,-57.5512,,1,12.3,0.7,,,,15,4,5290,,,,31,22039,,,,2,18408,,,,29,12248,,,,26,18632,,,,5,8464,,,,23,15778,,,,25,15560,,,,,,,,,,,,,,,,,,,,,,,,,,,,,,,,,,,,,,
173716,20-May-18,7:27:50,2018-05-20 07:27:50,G,2,4,1233,127,0,8,-62.6617,-57.5412,27:54.7,FastGPS,-62.6617,-57.5412,,1,3.5,0.7,,,,15,5,31154,,,,26,7430,,,,31,8664,,,,29,12054,,,,4,6214,,,,21,25022,,,,25,31192,,,,12,9334,,,,,,,,,,,,,,,,,,,,,,,,,,,,,,,,,,,,,,
173716,20-May-18,8:31:36,2018-05-20 08:31:36,G,1,4,1235,127,0,7,-62.715,-57.5042,31:40.2,FastGPS,-62.715,-57.5042,,1,4.4,0.2,,,,15,31,30031,,,,29,9020,,,,5,8478,,,,16,18634,,,,26,17683,,,,21,21878,,,,4,25370,,,,,,,,,,,,,,,,,,,,,,,,,,,,,,,,,,,,,,,,,,,
173716,20-May-18,9:04:02,2018-05-20 09:04:02,G,4,4,1236,127,0,6,-62.7378,-57.4906,04:05.7,FastGPS,-62.7378,-57.4906,,1,0.6,-0.3,,,,15,5,27368,,,,16,19831,,,,4,4466,,,,29,19322,,,,26,28484,,,,21,11283,,,,,,,,,,,,,,,,,,,,,,,,,,,,,,,,,,,,,,,,,,,,,,,,
173716,20-May-18,9:37:09,2018-05-20 09:37:09,G,3,4,1237,127,0,8,-62.7604,-57.4743,37:12.7,FastGPS,-62.7604,-57.4743,,1,13.3,-0.3,,,,15,5,24162,,,,29,20552,,,,26,10839,,,,4,22836,,,,27,14122,,,,7,18593,,,,21,19661,,,,20,1522,,,,,,,,,,,,,,,,,,,,,,,,,,,,,,,,,,,,,,
173716,20-May-18,10:07:00,2018-05-20 10:07:00,G,3,4,1238,,0,9,-62.7788,-57.4597,07:03.2,FastGPS,-62.7788,-57.4597,,1,6.4,-0.8,,,,15,27,6743,,,,5,14094,,,,26,968,,,,7,1384,,,,4,24463,,,,16,26744,,,,21,22214,,,,30,25730,,,,20,32714,,,,,,,,,,,,,,,,,,,,,,,,,,,,,,,,,
173716,20-May-18,10:39:31,2018-05-20 10:39:31,G,4,4,1239,,0,9,-62.7975,-57.4333,39:34.2,FastGPS,-62.7975,-57.4333,,,10,-0.8,,,,15,20,30638,,,,21,3716,,,,27,19383,,,,29,4978,,,,7,32050,,,,15,27399,,,,13,11372,,,,8,6564,,,,10,24524,,,,,,,,,,,,,,,,,,,,,,,,,,,,,,,,,
173716,20-May-18,11:11:27,2018-05-20 11:11:27,G,1,4,1240,,0,9,-62.8095,-57.4002,11:30.2,FastGPS,-62.8095,-57.4002,,,5.4,-0.8,,,,15,15,16154,,,,8,15028,,,,21,31268,,,,27,29931,,,,20,13372,,,,7,10239,,,,13,10003,,,,16,1798,,,,10,27902,,,,,,,,,,,,,,,,,,,,,,,,,,,,,,,,,
173716,20-May-18,11:44:39,2018-05-20 11:44:39,G,2,4,1241,,0,9,-62.8199,-57.3649,44:42.7,FastGPS,-62.8199,-57.3649,,,10.8,-0.3,,,,15,15,23315,,,,13,19017,,,,20,10845,,,,7,4756,,,,30,21468,,,,21,8858,,,,18,26225,,,,8,6251,,,,10,2359,,,,,,,,,,,,,,,,,,,,,,,,,,,,,,,,,
173716,20-May-18,12:16:22,2018-05-20 12:16:22,G,2,4,1242,,0,9,-62.8288,-57.3377,16:25.7,FastGPS,-62.8288,-57.3377,,,6.8,-0.3,,,,15,15,25204,,,,8,1372,,,,11,28954,,,,18,30710,,,,30,21954,,,,28,20255,,,,13,29458,,,,20,10421,,,,10,5732,,,,,,,,,,,,,,,,,,,,,,,,,,,,,,,,,
173716,20-May-18,12:49:33,2018-05-20 12:49:33,G,1,4,1243,,0,9,-62.8336,-57.3034,49:37.7,FastGPS,-62.8336,-57.3034,,,10,0.7,,,,15,10,17346,,,,15,3188,,,,28,30131,,,,18,21124,,,,20,27670,,,,11,20240,,,,8,8258,,,,32,20813,,,,27,13316,,,,,,,,,,,,,,,,,,,,,,,,,,,,,,,,,
173716,20-May-18,13:20:02,2018-05-20 13:20:02,G,1,4,1244,,0,9,-62.8323,-57.2686,20:06.7,FastGPS,-62.8323,-57.2686,,,13.6,0.7,,,,15,10,16225,,,,15,23155,,,,18,19107,,,,11,19830,,,,28,15728,,,,20,856,,,,27,4706,,,,24,21878,,,,32,9308,,,,,,,,,,,,,,,,,,,,,,,,,,,,,,,,,
173716,20-May-18,15:52:28,2018-05-20 15:52:28,G,1,4,1249,,0,9,-62.8429,-57.0837,52:32.2,FastGPS,-62.8429,-57.0837,,,5.3,0.2,,,,15,17,11270,,,,23,4060,,,,3,19050,,,,11,12236,,,,18,1659,,,,22,8241,,,,1,4892,,,,31,20430,,,,12,18202,,,,,,,,,,,,,,,,,,,,,,,,,,,,,,,,,
173716,20-May-18,16:22:09,2018-05-20 16:22:09,G,1,4,1250,,0,9,-62.8588,-57.0817,22:13.2,FastGPS,-62.8588,-57.0817,,,3.5,0.2,,,,15,17,3051,,,,23,12426,,,,11,11750,,,,3,18830,,,,1,17069,,,,19,19826,,,,31,5390,,,,18,28536,,,,14,22487,,,,,,,,,,,,,,,,,,,,,,,,,,,,,,,,,
173716,20-May-18,16:52:38,2018-05-20 16:52:38,G,1,4,1251,,0,9,-62.8731,-57.0694,52:42.7,FastGPS,-62.8731,-57.0694,,,8.6,0.7,,,,15,31,22262,,,,17,10145,,,,1,21542,,,,18,29236,,,,23,11724,,,,11,20846,,,,3,21993,,,,22,5582,,,,19,2713,,,,,,,,,,,,,,,,,,,,,,,,,,,,,,,,,
173716,20-May-18,17:22:00,2018-05-20 17:22:00,G,2,4,1252,,0,9,-62.8797,-57.062,22:04.2,FastGPS,-62.8797,-57.062,,,8.2,0.2,,,,15,3,23127,,,,1,434,,,,12,7072,,,,31,29228,,,,22,358,,,,18,22380,,,,23,17904,,,,32,16488,,,,26,8534,,,,,,,,,,,,,,,,,,,,,,,,,,,,,,,,,
173716,20-May-18,17:52:00,2018-05-20 17:52:00,G,2,4,1253,,1,9,-62.8831,-57.0724,52:04.2,FastGPS,-62.8831,-57.0724,,1,9.8,0.2,,,,15,14,20688,,,,4,27424,,,,31,23864,,,,2,1672,,,,12,14199,,,,25,6685,,,,26,27182,,,,6,15435,,,,3,19254,,,,,,,,,,,,,,,,,,,,,,,,,,,,,,,,,
173716,20-May-18,21:14:02,2018-05-20 21:14:02,G,3,4,1254,127,0,7,-62.9112,-57.1402,14:06.2,FastGPS,-62.9112,-57.1402,,,5.6,0.2,,,,15,5,9812,,,,30,6956,,,,16,22742,,,,27,11516,,,,7,22764,,,,23,30978,,,,2,34,,,,,,,,,,,,,,,,,,,,,,,,,,,,,,,,,,,,,,,,,,,
173716,20-May-18,21:44:00,2018-05-20 21:44:00,G,2,4,1255,127,0,6,-62.9196,-57.1166,44:04.2,FastGPS,-62.9196,-57.1166,,,6.4,0.2,,,,15,5,3036,,,,30,13232,,,,7,18465,,,,27,11894,,,,13,28338,,,,9,19515,,,,,,,,,,,,,,,,,,,,,,,,,,,,,,,,,,,,,,,,,,,,,,,,
173716,20-May-18,22:14:44,2018-05-20 22:14:44,G,2,4,1256,,0,9,-62.9234,-57.0807,14:48.2,FastGPS,-62.9234,-57.0807,,,8.9,0.2,,,,15,13,4049,,,,5,12464,,,,27,4845,,,,7,31565,,,,21,2873,,,,8,1156,,,,30,16015,,,,9,5380,,,,16,3823,,,,,,,,,,,,,,,,,,,,,,,,,,,,,,,,,
173716,20-May-18,22:47:10,2018-05-20 22:47:10,G,2,4,1257,127,0,6,-62.9254,-57.041,47:14.7,FastGPS,-62.9254,-57.041,,,8.6,0.7,,,,15,5,23914,,,,13,22970,,,,7,20362,,,,30,264,,,,28,3496,,,,9,19272,,,,,,,,,,,,,,,,,,,,,,,,,,,,,,,,,,,,,,,,,,,,,,,,
173716,20-May-18,23:50:26,2018-05-20 23:50:26,G,1,4,1259,127,0,8,-62.9337,-56.9644,50:30.2,FastGPS,-62.9337,-56.9644,,,5.8,0.2,,,,15,7,3796,,,,27,16174,,,,30,2968,,,,28,27475,,,,5,24419,,,,15,4219,,,,8,11905,,,,13,24048,,,,,,,,,,,,,,,,,,,,,,,,,,,,,,,,,,,,,,
173716,21-May-18,0:20:00,2018-05-21 00:20:00,G,1,4,1260,,0,9,-62.9359,-56.9425,20:04.2,FastGPS,-62.9359,-56.9425,,,12,0.2,,,,15,15,30032,,,,13,8441,,,,8,30785,,,,20,12818,,,,11,32294,,,,7,8788,,,,30,21594,,,,28,12765,,,,18,12304,,,,,,,,,,,,,,,,,,,,,,,,,,,,,,,,,
173716,21-May-18,0:51:12,2018-05-21 00:51:12,G,2,4,1261,,0,9,-62.9364,-56.8999,51:16.7,FastGPS,-62.9364,-56.8999,,,6.9,0.7,,,,15,30,7000,,,,11,18880,,,,8,1793,,,,18,27249,,,,17,32579,,,,10,26956,,,,13,9449,,,,15,18525,,,,28,8271,,,,,,,,,,,,,,,,,,,,,,,,,,,,,,,,,
173716,21-May-18,1:21:52,2018-05-21 01:21:52,G,2,4,1262,,0,9,-62.9324,-56.8567,21:56.2,FastGPS,-62.9324,-56.8567,,,15.7,0.2,,,,15,11,28897,,,,17,8808,,,,18,2796,,,,30,7339,,,,28,15427,,,,13,30954,,,,1,24598,,,,10,14622,,,,19,17827,,,,,,,,,,,,,,,,,,,,,,,,,,,,,,,,,
173716,21-May-18,1:52:25,2018-05-21 01:52:25,G,3,4,1263,127,0,7,-62.9231,-56.8149,52:29.7,FastGPS,-62.9231,-56.8149,,,7.8,0.7,,,,15,10,16120,,,,17,13018,,,,12,19758,,,,24,13473,,,,15,11406,,,,18,30794,,,,11,27066,,,,,,,,,,,,,,,,,,,,,,,,,,,,,,,,,,,,,,,,,,,
173716,21-May-18,2:23:56,2018-05-21 02:23:56,G,3,4,1264,,0,9,-62.9243,-56.7604,24:00.7,FastGPS,-62.9243,-56.7604,,,7.7,0.7,,,,15,17,32243,,,,15,13394,,,,1,25137,,,,10,27863,,,,19,1990,,,,28,26184,,,,18,9338,,,,11,12712,,,,32,20858,,,,,,,,,,,,,,,,,,,,,,,,,,,,,,,,,
173716,21-May-18,2:54:44,2018-05-21 02:54:44,G,2,4,1265,127,0,7,-62.9266,-56.7092,54:47.7,FastGPS,-62.9266,-56.7092,,,16.5,-0.3,,,,15,15,24115,,,,17,2171,,,,12,3204,,,,24,30138,,,,19,27521,,,,6,21637,,,,1,24342,,,,,,,,,,,,,,,,,,,,,,,,,,,,,,,,,,,,,,,,,,,
173716,21-May-18,10:13:13,2018-05-21 10:13:13,G,2,4,1268,127,0,8,-62.9749,-56.5957,13:16.2,FastGPS,-62.9749,-56.5957,,1,5,-0.8,,,,15,7,23096,,,,27,24658,,,,16,850,,,,26,10164,,,,13,3195,,,,15,19926,,,,4,28280,,,,29,31078,,,,,,,,,,,,,,,,,,,,,,,,,,,,,,,,,,,,,,
173716,21-May-18,10:44:44,2018-05-21 10:44:44,G,2,4,1269,,0,9,-62.9738,-56.5651,44:48.2,FastGPS,-62.9738,-56.5651,,,12.6,0.2,,,,15,15,10999,,,,21,14534,,,,20,32507,,,,7,12582,,,,13,12878,,,,27,1995,,,,10,22844,,,,29,19267,,,,30,2712,,,,,,,,,,,,,,,,,,,,,,,,,,,,,,,,,
173716,21-May-18,11:15:35,2018-05-21 11:15:35,G,3,4,1270,127,0,8,-62.9802,-56.5196,15:39.7,FastGPS,-62.9802,-56.5196,,,4.4,0.7,,,,15,27,21670,,,,15,8606,,,,8,26992,,,,10,4336,,,,16,14851,,,,13,19266,,,,21,22210,,,,7,694,,,,,,,,,,,,,,,,,,,,,,,,,,,,,,,,,,,,,,
173716,21-May-18,11:45:25,2018-05-21 11:45:25,G,2,4,1271,,0,9,-62.9714,-56.4871,45:28.7,FastGPS,-62.9714,-56.4871,,,16.5,-0.3,,,,15,15,15080,,,,21,14994,,,,20,30404,,,,30,2812,,,,8,9686,,,,13,667,,,,27,18114,,,,10,3666,,,,18,31688,,,,,,,,,,,,,,,,,,,,,,,,,,,,,,,,,
173716,21-May-18,12:30:10,2018-05-21 12:30:10,G,1,4,1272,,0,9,-62.9787,-56.4056,30:13.7,FastGPS,-62.9787,-56.4056,,,5.6,-0.3,,,,15,15,27657,,,,20,1222,,,,11,1766,,,,10,26099,,,,8,1252,,,,28,26569,,,,32,26469,,,,18,2607,,,,21,21396,,,,,,,,,,,,,,,,,,,,,,,,,,,,,,,,,
173716,21-May-18,13:00:59,2018-05-21 13:00:59,G,1,4,1273,,0,9,-62.988,-56.3512,01:02.7,FastGPS,-62.988,-56.3512,,,8.6,-0.3,,,,15,11,11516,,,,18,11328,,,,8,12881,,,,28,4708,,,,27,1852,,,,1,22486,,,,10,15007,,,,15,27924,,,,24,3546,,,,,,,,,,,,,,,,,,,,,,,,,,,,,,,,,
173716,21-May-18,13:32:54,2018-05-21 13:32:54,G,1,4,1274,,0,9,-63.0025,-56.31,32:57.7,FastGPS,-63.0025,-56.31,,,9.5,-0.3,,,,15,18,32108,,,,11,969,,,,8,898,,,,1,19977,,,,28,23285,,,,32,3014,,,,22,14782,,,,10,20472,,,,27,32312,,,,,,,,,,,,,,,,,,,,,,,,,,,,,,,,,
173716,21-May-18,14:03:00,2018-05-21 14:03:00,G,1,4,1275,,0,9,-63.0061,-56.2715,03:03.2,FastGPS,-63.0061,-56.2715,,,4.3,-0.8,,,,15,10,12782,,,,32,18375,,,,28,2840,,,,11,9765,,,,24,17882,,,,18,7031,,,,22,582,,,,14,894,,,,8,29828,,,,,,,,,,,,,,,,,,,,,,,,,,,,,,,,,
173716,21-May-18,14:33:00,2018-05-21 14:33:00,G,1,4,1276,,1,9,-63.0051,-56.2675,33:04.2,FastGPS,-63.0051,-56.2675,,,9.4,0.2,,,,15,22,21689,,,,1,3576,,,,8,9521,,,,28,17151,,,,18,313,,,,11,3996,,,,3,28548,,,,17,7687,,,,32,7292,,,,,,,,,,,,,,,,,,,,,,,,,,,,,,,,,
173716,22-May-18,6:48:13,2018-05-22 06:48:13,G,2,4,1277,129,0,8,-62.9951,-56.1546,48:17.2,FastGPS,-62.9951,-56.1546,,1,9.3,0.2,,,,15,31,8198,,,,4,26666,,,,2,15609,,,,25,4973,,,,26,7964,,,,23,10652,,,,29,510,,,,5,6490,,,,,,,,,,,,,,,,,,,,,,,,,,,,,,,,,,,,,,
173716,22-May-18,7:19:01,2018-05-22 07:19:01,G,2,4,1278,129,0,6,-62.9907,-56.1103,19:05.7,FastGPS,-62.9907,-56.1103,,1,16.6,0.7,,,,15,4,6924,,,,31,10015,,,,2,20253,,,,29,16614,,,,23,24582,,,,5,9696,,,,,,,,,,,,,,,,,,,,,,,,,,,,,,,,,,,,,,,,,,,,,,,,
173716,22-May-18,7:51:39,2018-05-22 07:51:39,G,2,4,1279,129,0,8,-62.9833,-56.0593,51:42.2,FastGPS,-62.9833,-56.0593,,1,9.7,-0.8,,,,15,31,16198,,,,26,13673,,,,21,26225,,,,29,17826,,,,16,16372,,,,4,18808,,,,5,3912,,,,23,12004,,,,,,,,,,,,,,,,,,,,,,,,,,,,,,,,,,,,,,
173716,22-May-18,9:27:18,2018-05-22 09:27:18,G,1,4,1282,,0,9,-62.9868,-55.9049,27:21.2,FastGPS,-62.9868,-55.9049,,1,9.1,-0.8,,,,15,29,8438,,,,4,31562,,,,20,29290,,,,21,22461,,,,26,17325,,,,16,10155,,,,5,13448,,,,15,32123,,,,27,8683,,,,,,,,,,,,,,,,,,,,,,,,,,,,,,,,,
173716,22-May-18,9:57:52,2018-05-22 09:57:52,G,1,4,1283,,0,9,-62.9922,-55.8689,57:56.2,FastGPS,-62.9922,-55.8689,,1,6.8,0.2,,,,15,7,31267,,,,27,26812,,,,5,23200,,,,29,2044,,,,13,31172,,,,21,18932,,,,15,2238,,,,20,23026,,,,4,20768,,,,,,,,,,,,,,,,,,,,,,,,,,,,,,,,,
173716,22-May-18,10:28:51,2018-05-22 10:28:51,G,2,4,1284,,0,9,-62.9961,-55.8513,28:54.7,FastGPS,-62.9961,-55.8513,,1,8.8,-0.3,,,,15,16,11189,,,,29,12296,,,,15,19027,,,,27,28873,,,,13,6968,,,,4,12597,,,,10,31944,,,,26,2674,,,,20,16538,,,,,,,,,,,,,,,,,,,,,,,,,,,,,,,,,
173716,22-May-18,10:59:00,2018-05-22 10:59:00,G,5,4,1285,,0,9,-62.9946,-55.8305,59:03.2,FastGPS,-62.9946,-55.8305,,1,13.4,-0.8,,,,15,15,30769,,,,4,21086,,,,21,26756,,,,27,29028,,,,20,29495,,,,8,4017,,,,7,28324,,,,16,20906,,,,13,31673,,,,,,,,,,,,,,,,,,,,,,,,,,,,,,,,,
173716,22-May-18,11:29:00,2018-05-22 11:29:00,G,6,4,1286,129,1,7,-62.9984,-55.8248,29:03.2,FastGPS,-62.9984,-55.8248,,,9.7,-0.8,,,,15,15,11625,,,,10,23574,,,,21,23360,,,,20,9110,,,,27,673,,,,13,19868,,,,16,3672,,,,,,,,,,,,,,,,,,,,,,,,,,,,,,,,,,,,,,,,,,,
173716,22-May-18,17:05:18,2018-05-22 17:05:18,G,3,4,1287,,0,9,-63.0072,-55.7186,05:22.7,FastGPS,-63.0072,-55.7186,,,7.5,0.7,,,,15,14,23498,,,,32,14003,,,,31,18476,,,,22,8244,,,,3,7010,,,,12,8510,,,,1,16986,,,,17,17927,,,,6,15134,,,,,,,,,,,,,,,,,,,,,,,,,,,,,,,,,
173716,22-May-18,17:35:00,2018-05-22 17:35:00,G,2,4,1288,,0,9,-63.0034,-55.6982,35:04.2,FastGPS,-63.0034,-55.6982,,,11.1,0.2,,,,15,17,28805,,,,23,18961,,,,3,15918,,,,6,5538,,,,31,26496,,,,22,12846,,,,1,11308,,,,19,6148,,,,14,18592,,,,,,,,,,,,,,,,,,,,,,,,,,,,,,,,,
173716,22-May-18,18:05:00,2018-05-22 18:05:00,G,4,4,1289,,1,9,-62.9997,-55.6924,05:04.2,FastGPS,-62.9997,-55.6924,,1,15,0.2,,,,15,31,19420,,,,23,31122,,,,22,16919,,,,4,5293,,,,6,19820,,,,19,7797,,,,26,18330,,,,3,15236,,,,1,19368,,,,,,,,,,,,,,,,,,,,,,,,,,,,,,,,,
173716,22-May-18,19:40:22,2018-05-22 19:40:22,G,3,4,1290,129,0,7,-62.9866,-55.6832,40:26.7,FastGPS,-62.9866,-55.6832,,,14.8,0.7,,,,15,7,26390,,,,2,21942,,,,6,23722,,,,9,29055,,,,3,324,,,,16,23514,,,,23,29811,,,,,,,,,,,,,,,,,,,,,,,,,,,,,,,,,,,,,,,,,,,
173716,22-May-18,20:12:34,2018-05-22 20:12:34,G,4,4,1291,129,0,6,-62.9831,-55.6314,12:38.2,FastGPS,-62.9831,-55.6314,,1,3.1,0.2,,,,15,23,10144,,,,16,18606,,,,7,19922,,,,9,25648,,,,26,10791,,,,4,26406,,,,,,,,,,,,,,,,,,,,,,,,,,,,,,,,,,,,,,,,,,,,,,,,
173716,22-May-18,20:57:00,2018-05-22 20:57:00,G,2,4,1292,130,0,8,-62.989,-55.5875,57:04.3,FastGPS,-62.989,-55.5875,,,4.8,0.3,,,,15,9,449,,,,30,7895,,,,7,14581,,,,16,20537,,,,5,21702,,,,2,3060,,,,26,32419,,,,23,21336,,,,,,,,,,,,,,,,,,,,,,,,,,,,,,,,,,,,,,
173716,22-May-18,21:27:00,2018-05-22 21:27:00,G,2,4,1293,130,1,4,-62.948,-55.465,5/23/2018 10:36,A,-62.9873,-55.5837,,,0.3,0.3,,,,15,5,13878,,,,30,10952,,,,7,11753,,,,16,9356,,,,,,,,,,,,,,,,,,,,,,,,,,,,,,,,,,,,,,,,,,,,,,,,,,,,,,,,,,
173716,22-May-18,22:12:00,2018-05-22 22:12:00,G,1,4,1294,131,1,4,-62.948,-55.465,5/23/2018 10:36,A,-62.9837,-55.5798,,,1,0.3,,,,15,5,28604,,,,13,13459,,,,21,3271,,,,30,15272,,,,,,,,,,,,,,,,,,,,,,,,,,,,,,,,,,,,,,,,,,,,,,,,,,,,,,,,,,
173716,22-May-18,22:42:00,2018-05-22 22:42:00,G,1,4,1295,131,1,4,-62.948,-55.465,5/23/2018 10:36,A,-62.9815,-55.5766,,,2,0.2,,,,15,5,734,,,,13,17208,,,,30,23080,,,,28,6821,,,,,,,,,,,,,,,,,,,,,,,,,,,,,,,,,,,,,,,,,,,,,,,,,,,,,,,,,,
173716,22-May-18,23:27:00,2018-05-22 23:27:00,G,3,4,1296,132,1,4,-62.948,-55.465,5/23/2018 10:36,A,-62.9773,-55.5729,,,1.2,0.3,,,,15,15,3422,,,,13,25876,,,,5,9600,,,,20,27907,,,,,,,,,,,,,,,,,,,,,,,,,,,,,,,,,,,,,,,,,,,,,,,,,,,,,,,,,,
173716,22-May-18,23:57:00,2018-05-22 23:57:00,G,3,4,1297,132,1,5,-62.9754,-55.5721,57:04.2,FastGPS,-62.9754,-55.5721,,,7.6,0.2,,,,15,15,23351,,,,20,32481,,,,13,10135,,,,5,32499,,,,30,12412,,,,,,,,,,,,,,,,,,,,,,,,,,,,,,,,,,,,,,,,,,,,,,,,,,,,,
173716,23-May-18,0:27:00,2018-05-23 00:27:00,G,3,4,1298,132,1,4,-62.948,-55.465,5/23/2018 10:36,A,-62.9728,-55.5716,,,0.2,0.2,,,,15,15,5476,,,,20,22021,,,,8,7574,,,,28,1567,,,,,,,,,,,,,,,,,,,,,,,,,,,,,,,,,,,,,,,,,,,,,,,,,,,,,,,,,,
173716,23-May-18,0:57:00,2018-05-23 00:57:00,G,4,4,1299,132,1,8,-62.9715,-55.5718,57:04.2,FastGPS,-62.9715,-55.5718,,,7.6,0.2,,,,15,17,3781,,,,30,20359,,,,19,7845,,,,1,14250,,,,18,22853,,,,28,23227,,,,13,9580,,,,8,15406,,,,,,,,,,,,,,,,,,,,,,,,,,,,,,,,,,,,,,
173716,23-May-18,13:41:00,2018-05-23 13:41:00,G,2,4,1300,,0,9,-62.9443,-55.4304,41:04.3,FastGPS,-62.9443,-55.4304,,,12,0.3,,,,15,11,20060,,,,18,18376,,,,32,32614,,,,8,9824,,,,1,31498,,,,10,31319,,,,28,26086,,,,27,8008,,,,14,14212,,,,,,,,,,,,,,,,,,,,,,,,,,,,,,,,,
173716,23-May-18,14:14:55,2018-05-23 14:14:55,G,1,4,1301,132,0,5,-62.9482,-55.4189,14:59.7,FastGPS,-62.9482,-55.4189,,,0.8,0.7,,,,15,32,28470,,,,18,14795,,,,10,28916,,,,11,17169,,,,14,32464,,,,,,,,,,,,,,,,,,,,,,,,,,,,,,,,,,,,,,,,,,,,,,,,,,,,,
173716,23-May-18,15:03:58,2018-05-23 15:03:58,G,2,4,1302,133,0,7,-62.9532,-55.4197,04:02.3,FastGPS,-62.9532,-55.4197,,,7.8,0.3,,,,15,32,31356,,,,1,31208,,,,11,11680,,,,17,6882,,,,18,7951,,,,14,17622,,,,22,4103,,,,,,,,,,,,,,,,,,,,,,,,,,,,,,,,,,,,,,,,,,,
173716,23-May-18,16:48:39,2018-05-23 16:48:39,G,1,4,1303,,0,9,-62.9633,-55.4297,48:43.3,FastGPS,-62.9633,-55.4297,,,9.8,0.3,,,,15,17,25399,,,,31,16755,,,,22,6237,,,,3,5717,,,,23,18552,,,,19,7632,,,,11,28704,,,,18,5418,,,,14,10725,,,,,,,,,,,,,,,,,,,,,,,,,,,,,,,,,
173716,23-May-18,17:21:04,2018-05-23 17:21:04,G,2,4,1304,135,0,7,-62.9699,-55.4202,21:08.3,FastGPS,-62.9699,-55.4202,,1,10.2,0.3,,,,15,31,16454,,,,22,24422,,,,3,4154,,,,23,2198,,,,14,9286,,,,4,28973,,,,6,20052,,,,,,,,,,,,,,,,,,,,,,,,,,,,,,,,,,,,,,,,,,,
173716,23-May-18,18:08:03,2018-05-23 18:08:03,G,2,4,1305,136,0,7,-62.9731,-55.4224,08:07.3,FastGPS,-62.9731,-55.4224,,,7,0.3,,,,15,3,31326,,,,9,18492,,,,6,26812,,,,22,21306,,,,23,6346,,,,19,15606,,,,26,11144,,,,,,,,,,,,,,,,,,,,,,,,,,,,,,,,,,,,,,,,,,,
173716,23-May-18,19:59:56,2018-05-23 19:59:56,G,3,4,1306,137,0,7,-62.9777,-55.3814,00:00.8,FastGPS,-62.9777,-55.3814,,,9.1,0.8,,,,15,5,1666,,,,7,27066,,,,2,14718,,,,29,28900,,,,9,2728,,,,23,17684,,,,16,22022,,,,,,,,,,,,,,,,,,,,,,,,,,,,,,,,,,,,,,,,,,,
173716,23-May-18,20:30:09,2018-05-23 20:30:09,G,4,4,1307,137,0,6,-62.9832,-55.3745,30:13.8,FastGPS,-62.9832,-55.3745,,,2.3,0.8,,,,15,7,17168,,,,9,31458,,,,30,265,,,,23,15174,,,,5,6144,,,,2,12836,,,,,,,,,,,,,,,,,,,,,,,,,,,,,,,,,,,,,,,,,,,,,,,,
173716,23-May-18,21:00:00,2018-05-23 21:00:00,G,3,4,1308,137,0,5,-62.9866,-55.3665,00:04.3,FastGPS,-62.9866,-55.3665,,,4.8,0.3,,,,15,23,8226,,,,27,6951,,,,9,2057,,,,30,19187,,,,7,11183,,,,,,,,,,,,,,,,,,,,,,,,,,,,,,,,,,,,,,,,,,,,,,,,,,,,,
173716,23-May-18,21:30:00,2018-05-23 21:30:00,G,3,4,1309,137,1,6,-62.9852,-55.3566,30:04.3,FastGPS,-62.9852,-55.3566,,,7.8,0.3,,,,15,8,18672,,,,7,28087,,,,9,5889,,,,23,24570,,,,30,12716,,,,5,3190,,,,,,,,,,,,,,,,,,,,,,,,,,,,,,,,,,,,,,,,,,,,,,,,
173716,24-May-18,10:46:13,2018-05-24 10:46:13,G,5,4,1310,,0,9,-63.0374,-55.0928,46:17.3,FastGPS,-63.0374,-55.0928,,,11,0.3,,,,15,21,3712,,,,15,24069,,,,20,25721,,,,27,12934,,,,7,32342,,,,13,245,,,,10,29136,,,,8,10868,,,,30,26809,,,,,,,,,,,,,,,,,,,,,,,,,,,,,,,,,
173716,24-May-18,11:31:35,2018-05-24 11:31:35,G,3,4,1311,140,0,4,-62.994,-54.989,5/25/2018 5:40,P,-63.0438,-55.0612,,,1.1,0.3,,,,15,21,6722,,,,10,10538,,,,15,1558,,,,27,26412,,,,,,,,,,,,,,,,,,,,,,,,,,,,,,,,,,,,,,,,,,,,,,,,,,,,,,,,,,
173716,24-May-18,12:03:31,2018-05-24 12:03:31,G,2,4,1312,140,0,5,-63.0502,-55.0206,03:35.8,FastGPS,-63.0502,-55.0206,,,1.8,0.8,,,,15,10,14832,,,,27,15629,,,,15,1179,,,,8,6690,,,,13,27964,,,,,,,,,,,,,,,,,,,,,,,,,,,,,,,,,,,,,,,,,,,,,,,,,,,,,
173716,24-May-18,12:34:42,2018-05-24 12:34:42,G,2,4,1313,140,0,7,-63.0513,-55.0082,34:46.8,FastGPS,-63.0513,-55.0082,,,5.8,0.8,,,,15,27,13776,,,,10,28526,,,,8,10884,,,,20,27778,,,,24,7770,,,,15,17704,,,,18,25436,,,,,,,,,,,,,,,,,,,,,,,,,,,,,,,,,,,,,,,,,,,
173716,24-May-18,13:05:25,2018-05-24 13:05:25,G,1,4,1314,140,0,7,-63.0524,-54.9961,05:29.7,FastGPS,-63.0524,-54.9961,,,7.4,0.7,,,,15,32,26932,,,,20,2134,,,,24,12286,,,,10,26872,,,,27,1905,,,,8,26633,,,,15,1750,,,,,,,,,,,,,,,,,,,,,,,,,,,,,,,,,,,,,,,,,,,
173716,24-May-18,13:35:50,2018-05-24 13:35:50,G,2,4,1315,,0,9,-63.0509,-55.0168,35:54.3,FastGPS,-63.0509,-55.0168,,,8.2,0.3,,,,15,11,24219,,,,18,22622,,,,28,1436,,,,10,10709,,,,1,804,,,,32,5364,,,,27,19226,,,,14,16534,,,,8,18376,,,,,,,,,,,,,,,,,,,,,,,,,,,,,,,,,
173716,24-May-18,14:06:01,2018-05-24 14:06:01,G,2,4,1316,,0,9,-63.0437,-55.0323,06:05.3,FastGPS,-63.0437,-55.0323,,,13.3,0.3,,,,15,10,20782,,,,32,30722,,,,24,3316,,,,18,14438,,,,22,16011,,,,11,16429,,,,14,20272,,,,1,17313,,,,8,26459,,,,,,,,,,,,,,,,,,,,,,,,,,,,,,,,,
173716,24-May-18,14:39:04,2018-05-24 14:39:04,G,2,4,1317,140,0,7,-63.0457,-55.0209,39:08.8,FastGPS,-63.0457,-55.0209,,,3.1,0.8,,,,15,32,31175,,,,10,20388,,,,14,19670,,,,17,8466,,,,18,26434,,,,1,2799,,,,11,28820,,,,,,,,,,,,,,,,,,,,,,,,,,,,,,,,,,,,,,,,,,,
173716,24-May-18,15:09:03,2018-05-24 15:09:03,G,2,4,1318,140,0,8,-63.0442,-55.0196,09:07.3,FastGPS,-63.0442,-55.0196,,,7.8,0.3,,,,15,18,21159,,,,11,24664,,,,22,18910,,,,32,8387,,,,1,31674,,,,14,20058,,,,3,11698,,,,31,14646,,,,,,,,,,,,,,,,,,,,,,,,,,,,,,,,,,,,,,
173716,24-May-18,15:39:30,2018-05-24 15:39:30,G,1,4,1319,,0,9,-63.0511,-55.0055,39:34.3,FastGPS,-63.0511,-55.0055,,,7.6,0.3,,,,15,32,168,,,,22,16140,,,,18,31646,,,,1,6498,,,,14,25652,,,,3,28812,,,,31,15798,,,,12,7033,,,,11,5278,,,,,,,,,,,,,,,,,,,,,,,,,,,,,,,,,
173716,24-May-18,16:09:42,2018-05-24 16:09:42,G,3,4,1320,,0,9,-63.0554,-55.0042,09:46.3,FastGPS,-63.0554,-55.0042,,,9.5,0.3,,,,15,17,26003,,,,3,22650,,,,12,19833,,,,19,21982,,,,14,21528,,,,31,25161,,,,1,6996,,,,22,10435,,,,32,964,,,,,,,,,,,,,,,,,,,,,,,,,,,,,,,,,
173716,24-May-18,16:41:58,2018-05-24 16:41:58,G,2,4,1321,,0,9,-63.0541,-55.0082,42:02.8,FastGPS,-63.0541,-55.0082,,,5.3,0.8,,,,15,31,13586,,,,23,3017,,,,14,19379,,,,3,726,,,,17,27914,,,,18,13218,,,,19,4728,,,,32,22632,,,,1,8684,,,,,,,,,,,,,,,,,,,,,,,,,,,,,,,,,
173716,24-May-18,18:34:19,2018-05-24 18:34:19,G,3,4,1322,143,0,6,-63.0402,-54.9977,34:23.3,FastGPS,-63.0402,-54.9977,,1,8.5,0.3,,,,15,4,23320,,,,6,1270,,,,23,20066,,,,3,8520,,,,9,30098,,,,26,1357,,,,,,,,,,,,,,,,,,,,,,,,,,,,,,,,,,,,,,,,,,,,,,,,
173716,24-May-18,19:25:00,2018-05-24 19:25:00,G,2,4,1323,144,0,6,-63.0488,-54.991,25:04.8,FastGPS,-63.0488,-54.991,,,2.9,0.8,,,,15,7,27000,,,,23,23114,,,,9,24657,,,,3,7322,,,,6,14590,,,,16,15432,,,,,,,,,,,,,,,,,,,,,,,,,,,,,,,,,,,,,,,,,,,,,,,,
173716,24-May-18,20:44:14,2018-05-24 20:44:14,G,3,4,1324,,0,9,-63.0428,-54.9968,44:18.8,FastGPS,-63.0428,-54.9968,,1,7.1,0.8,,,,15,26,26658,,,,5,14032,,,,9,18028,,,,23,20104,,,,29,22010,,,,7,12142,,,,27,21556,,,,4,26040,,,,16,5076,,,,,,,,,,,,,,,,,,,,,,,,,,,,,,,,,
173716,24-May-18,21:14:00,2018-05-24 21:14:00,G,1,4,1325,146,0,4,-62.994,-54.989,5/25/2018 5:40,P,-63.037,-54.9971,,,2.3,-0.7,,,,15,5,21200,,,,13,31306,,,,16,9494,,,,21,27568,,,,,,,,,,,,,,,,,,,,,,,,,,,,,,,,,,,,,,,,,,,,,,,,,,,,,,,,,,
173716,24-May-18,22:14:00,2018-05-24 22:14:00,G,1,4,1327,146,1,5,-63.0323,-55.0044,14:03.3,FastGPS,-63.0323,-55.0044,,,2.9,-0.7,,,,15,5,19328,,,,27,21528,,,,21,16467,,,,13,24202,,,,16,8736,,,,,,,,,,,,,,,,,,,,,,,,,,,,,,,,,,,,,,,,,,,,,,,,,,,,,
173716,24-May-18,22:44:00,2018-05-24 22:44:00,G,2,4,1328,146,1,5,-63.0294,-55.0091,44:03.2,FastGPS,-63.0294,-55.0091,,,1.6,-0.8,,,,15,13,19241,,,,27,23547,,,,15,2613,,,,5,8757,,,,7,14434,,,,,,,,,,,,,,,,,,,,,,,,,,,,,,,,,,,,,,,,,,,,,,,,,,,,,
173716,24-May-18,23:14:00,2018-05-24 23:14:00,G,2,4,1329,146,1,5,-63.0269,-55.0131,14:03.3,FastGPS,-63.0269,-55.0131,,,7.8,-0.7,,,,15,27,11837,,,,15,15023,,,,8,25103,,,,7,24156,,,,20,9146,,,,,,,,,,,,,,,,,,,,,,,,,,,,,,,,,,,,,,,,,,,,,,,,,,,,,
173716,25-May-18,0:14:00,2018-05-25 00:14:00,G,1,4,1330,148,1,8,-63.0219,-55.02,14:04.3,FastGPS,-63.0219,-55.02,,,12.1,0.3,,,,15,15,9851,,,,8,6336,,,,18,17036,,,,20,2352,,,,10,28384,,,,11,28534,,,,24,3619,,,,13,29680,,,,,,,,,,,,,,,,,,,,,,,,,,,,,,,,,,,,,,
173716,25-May-18,7:41:35,2018-05-25 07:41:35,G,2,4,1331,148,0,7,-62.964,-54.9859,41:39.8,FastGPS,-62.964,-54.9859,,1,12.1,0.8,,,,15,5,8960,,,,29,14993,,,,2,32299,,,,4,17082,,,,9,5350,,,,25,11114,,,,26,13578,,,,,,,,,,,,,,,,,,,,,,,,,,,,,,,,,,,,,,,,,,,
173716,25-May-18,8:13:10,2018-05-25 08:13:10,G,2,4,1332,148,0,7,-62.9656,-54.9498,13:14.3,FastGPS,-62.9656,-54.9498,,1,1.4,0.3,,,,15,4,14923,,,,26,8292,,,,16,14625,,,,29,5986,,,,9,365,,,,21,17425,,,,5,15263,,,,,,,,,,,,,,,,,,,,,,,,,,,,,,,,,,,,,,,,,,,
173716,25-May-18,9:11:45,2018-05-25 09:11:45,G,3,4,1333,148,0,8,-62.9661,-54.9517,11:49.8,FastGPS,-62.9661,-54.9517,,1,13.6,0.8,,,,15,29,31878,,,,5,1682,,,,4,12496,,,,26,27428,,,,21,21232,,,,13,20745,,,,20,13688,,,,16,9192,,,,,,,,,,,,,,,,,,,,,,,,,,,,,,,,,,,,,,
173716,25-May-18,10:27:46,2018-05-25 10:27:46,G,3,4,1334,149,0,5,-62.9552,-54.9554,27:50.7,FastGPS,-62.9552,-54.9554,,,11.3,0.7,,,,15,27,9083,,,,16,1139,,,,21,997,,,,10,880,,,,20,14008,,,,,,,,,,,,,,,,,,,,,,,,,,,,,,,,,,,,,,,,,,,,,,,,,,,,,
173716,25-May-18,11:36:56,2018-05-25 11:36:56,G,2,4,1335,151,0,5,-62.9431,-54.9407,36:59.3,FastGPS,-62.9431,-54.9407,,,2.6,-0.7,,,,15,27,927,,,,10,8816,,,,8,15596,,,,15,1570,,,,16,8370,,,,,,,,,,,,,,,,,,,,,,,,,,,,,,,,,,,,,,,,,,,,,,,,,,,,,
173716,25-May-18,13:03:38,2018-05-25 13:03:38,G,2,4,1337,,0,9,-62.9393,-54.925,03:42.3,FastGPS,-62.9393,-54.925,,,8.8,0.3,,,,15,32,5032,,,,10,24814,,,,14,28446,,,,8,25462,,,,20,32206,,,,18,32116,,,,27,28182,,,,11,175,,,,24,17683,,,,,,,,,,,,,,,,,,,,,,,,,,,,,,,,,
173716,25-May-18,13:55:26,2018-05-25 13:55:26,G,2,4,1338,153,0,8,-62.9323,-54.934,55:30.3,FastGPS,-62.9323,-54.934,,,7.9,0.3,,,,15,32,8023,,,,18,22832,,,,11,24583,,,,10,27380,,,,1,11964,,,,22,4034,,,,8,1636,,,,14,13162,,,,,,,,,,,,,,,,,,,,,,,,,,,,,,,,,,,,,,
173716,25-May-18,15:32:43,2018-05-25 15:32:43,G,3,4,1339,155,0,6,-62.9296,-54.9684,32:47.3,FastGPS,-62.9296,-54.9684,,,11.1,0.3,,,,15,31,9688,,,,11,15686,,,,18,9852,,,,1,11802,,,,22,15919,,,,14,30992,,,,,,,,,,,,,,,,,,,,,,,,,,,,,,,,,,,,,,,,,,,,,,,,
173716,25-May-18,16:34:40,2018-05-25 16:34:40,G,4,4,1340,,0,9,-62.9343,-54.9631,34:44.8,FastGPS,-62.9343,-54.9631,,,6.1,0.8,,,,15,17,32371,,,,23,19081,,,,31,7097,,,,11,12199,,,,18,24906,,,,22,11210,,,,1,17448,,,,19,870,,,,3,27432,,,,,,,,,,,,,,,,,,,,,,,,,,,,,,,,,
173716,25-May-18,17:25:02,2018-05-25 17:25:02,G,3,4,1341,,0,9,-62.9295,-54.9801,25:06.3,FastGPS,-62.9295,-54.9801,,,13.7,0.3,,,,15,31,23164,,,,23,20301,,,,3,11741,,,,6,6385,,,,1,31284,,,,17,12176,,,,9,12142,,,,22,6058,,,,19,27353,,,,,,,,,,,,,,,,,,,,,,,,,,,,,,,,,
173716,25-May-18,18:15:32,2018-05-25 18:15:32,G,2,4,1342,158,0,4,-62.953,-55.033,5/26/2018 11:17,A,-62.9366,-54.9867,,,0.6,0.8,,,,15,6,24974,,,,23,7936,,,,9,1610,,,,31,10066,,,,,,,,,,,,,,,,,,,,,,,,,,,,,,,,,,,,,,,,,,,,,,,,,,,,,,,,,,
173716,25-May-18,18:45:00,2018-05-25 18:45:00,G,2,4,1343,,0,9,-62.9293,-54.9925,45:04.3,FastGPS,-62.9293,-54.9925,,1,6.9,0.3,,,,15,23,17502,,,,9,14940,,,,4,9692,,,,6,25971,,,,16,32206,,,,26,1256,,,,3,27406,,,,2,30713,,,,31,17417,,,,,,,,,,,,,,,,,,,,,,,,,,,,,,,,,
173716,25-May-18,20:16:00,2018-05-25 20:16:00,G,1,4,1344,161,0,7,-62.949,-54.954,16:04.3,FastGPS,-62.949,-54.954,,1,2.3,0.3,,,,15,23,23840,,,,16,26276,,,,26,7764,,,,29,17785,,,,9,19815,,,,4,15128,,,,7,12531,,,,,,,,,,,,,,,,,,,,,,,,,,,,,,,,,,,,,,,,,,,
173716,25-May-18,20:46:00,2018-05-25 20:46:00,G,3,4,1345,161,1,7,-62.9486,-54.9545,46:04.3,FastGPS,-62.9486,-54.9545,,,13.2,0.3,,,,15,23,6685,,,,27,22232,,,,16,6066,,,,9,17726,,,,5,8349,,,,26,14823,,,,7,2792,,,,,,,,,,,,,,,,,,,,,,,,,,,,,,,,,,,,,,,,,,,
173716,26-May-18,6:59:00,2018-05-26 06:59:00,G,2,4,1347,,0,9,-62.9708,-54.973,59:04.3,FastGPS,-62.9708,-54.973,,1,7.4,0.3,,,,15,4,12200,,,,31,401,,,,12,28870,,,,29,398,,,,23,16752,,,,25,5381,,,,26,10632,,,,9,8841,,,,2,27906,,,,,,,,,,,,,,,,,,,,,,,,,,,,,,,,,
173716,26-May-18,8:04:18,2018-05-26 08:04:18,G,3,4,1348,163,0,8,-62.9695,-55.0118,04:22.3,FastGPS,-62.9695,-55.0118,,1,8.7,0.3,,,,15,5,17976,,,,21,29731,,,,9,9790,,,,16,30749,,,,29,15430,,,,2,27603,,,,4,14128,,,,26,3013,,,,,,,,,,,,,,,,,,,,,,,,,,,,,,,,,,,,,,
173716,26-May-18,8:35:59,2018-05-26 08:35:59,G,4,4,1349,163,0,7,-62.969,-55.0209,36:03.3,FastGPS,-62.969,-55.0209,,1,1.3,0.3,,,,15,16,29701,,,,26,15607,,,,5,7000,,,,4,28908,,,,21,18868,,,,20,31024,,,,29,31158,,,,,,,,,,,,,,,,,,,,,,,,,,,,,,,,,,,,,,,,,,,
173716,26-May-18,9:06:00,2018-05-26 09:06:00,G,3,4,1350,163,0,7,-62.9676,-55.0119,06:04.3,FastGPS,-62.9676,-55.0119,,1,12.2,0.3,,,,15,5,12540,,,,29,11129,,,,26,3528,,,,4,22658,,,,21,23378,,,,16,12764,,,,20,9160,,,,,,,,,,,,,,,,,,,,,,,,,,,,,,,,,,,,,,,,,,,
173716,26-May-18,9:36:00,2018-05-26 09:36:00,G,2,4,1351,,0,9,-62.9673,-55.0202,36:04.3,FastGPS,-62.9673,-55.0202,,1,12.4,0.3,,,,15,29,18422,,,,16,4094,,,,4,27789,,,,26,30940,,,,20,17489,,,,15,8206,,,,27,21540,,,,13,10174,,,,5,3644,,,,,,,,,,,,,,,,,,,,,,,,,,,,,,,,,
173716,26-May-18,10:06:57,2018-05-26 10:06:57,G,1,4,1352,,0,9,-62.9609,-55.0255,07:01.3,FastGPS,-62.9609,-55.0255,,,6,0.3,,,,15,15,3836,,,,20,30358,,,,13,32479,,,,21,968,,,,27,2567,,,,5,1626,,,,7,18871,,,,30,4069,,,,16,12620,,,,,,,,,,,,,,,,,,,,,,,,,,,,,,,,,
173716,26-May-18,11:07:00,2018-05-26 11:07:00,G,1,4,1354,163,0,7,-62.9472,-55.0368,07:04.3,FastGPS,-62.9472,-55.0368,,,2.8,0.3,,,,15,21,15429,,,,10,6612,,,,27,27128,,,,15,15405,,,,8,30844,,,,16,24529,,,,20,23438,,,,,,,,,,,,,,,,,,,,,,,,,,,,,,,,,,,,,,,,,,,
173716,26-May-18,11:37:00,2018-05-26 11:37:00,G,2,4,1355,163,0,8,-62.9459,-55.0451,37:04.3,FastGPS,-62.9459,-55.0451,,,8.1,0.3,,,,15,15,17544,,,,10,5826,,,,21,10095,,,,20,72,,,,8,16230,,,,27,20490,,,,13,10029,,,,18,16520,,,,,,,,,,,,,,,,,,,,,,,,,,,,,,,,,,,,,,
173716,26-May-18,12:07:00,2018-05-26 12:07:00,G,1,4,1356,163,0,8,-62.9452,-55.0521,07:04.3,FastGPS,-62.9452,-55.0521,,,4.8,0.3,,,,15,27,25442,,,,15,3242,,,,20,31456,,,,10,21936,,,,8,22650,,,,32,12830,,,,21,6113,,,,18,14789,,,,,,,,,,,,,,,,,,,,,,,,,,,,,,,,,,,,,,
173716,26-May-18,12:38:29,2018-05-26 12:38:29,G,1,4,1357,,0,9,-62.9449,-55.058,38:33.3,FastGPS,-62.9449,-55.058,,,9.5,0.3,,,,15,15,26543,,,,20,8996,,,,32,9386,,,,11,18886,,,,18,18547,,,,10,5769,,,,27,27223,,,,28,16768,,,,8,28936,,,,,,,,,,,,,,,,,,,,,,,,,,,,,,,,,
173716,26-May-18,13:08:07,2018-05-26 13:08:07,G,2,4,1358,,0,9,-62.9449,-55.0546,08:11.3,FastGPS,-62.9449,-55.0546,,,5.6,0.3,,,,15,10,14808,,,,18,30768,,,,8,19230,,,,1,10067,,,,22,31758,,,,32,7171,,,,27,32245,,,,11,31931,,,,24,4532,,,,,,,,,,,,,,,,,,,,,,,,,,,,,,,,,
173716,26-May-18,14:39:00,2018-05-26 14:39:00,G,2,4,1361,,0,9,-62.9441,-55.0629,39:04.3,FastGPS,-62.9441,-55.0629,,,9.3,0.3,,,,15,32,10742,,,,17,24643,,,,1,5110,,,,22,22610,,,,11,13490,,,,18,10898,,,,24,10674,,,,14,24457,,,,10,5760,,,,,,,,,,,,,,,,,,,,,,,,,,,,,,,,,
173716,26-May-18,15:11:06,2018-05-26 15:11:06,G,1,4,1362,,0,9,-62.9409,-55.0515,11:10.3,FastGPS,-62.9409,-55.0515,,,6.2,0.3,,,,15,31,2114,,,,12,26613,,,,18,12986,,,,17,21987,,,,14,486,,,,32,25468,,,,19,12945,,,,11,17174,,,,1,12405,,,,,,,,,,,,,,,,,,,,,,,,,,,,,,,,,
173716,26-May-18,15:41:00,2018-05-26 15:41:00,G,2,4,1363,163,1,7,-62.9434,-55.0495,41:04.3,FastGPS,-62.9434,-55.0495,,,10,0.3,,,,15,17,13073,,,,12,13078,,,,19,27028,,,,32,24382,,,,25,20216,,,,3,16650,,,,14,6198,,,,,,,,,,,,,,,,,,,,,,,,,,,,,,,,,,,,,,,,,,,
173716,26-May-18,19:09:23,2018-05-26 19:09:23,G,2,4,1364,,0,9,-62.9541,-55.0386,09:27.8,FastGPS,-62.9541,-55.0386,,,14.1,0.8,,,,15,7,21981,,,,2,26551,,,,23,6670,,,,9,12521,,,,29,5921,,,,3,7892,,,,26,22021,,,,6,1743,,,,16,27452,,,,,,,,,,,,,,,,,,,,,,,,,,,,,,,,,
173716,26-May-18,19:41:04,2018-05-26 19:41:04,G,2,4,1365,163,0,8,-62.9558,-55.0229,41:08.3,FastGPS,-62.9558,-55.0229,,,8.6,0.3,,,,15,2,1852,,,,7,8325,,,,5,12616,,,,3,25784,,,,6,29754,,,,30,12129,,,,9,11052,,,,23,19228,,,,,,,,,,,,,,,,,,,,,,,,,,,,,,,,,,,,,,
173716,26-May-18,20:11:01,2018-05-26 20:11:01,G,2,4,1366,163,0,7,-62.9554,-55.0244,11:05.8,FastGPS,-62.9554,-55.0244,,,7.8,0.8,,,,15,5,5024,,,,7,21847,,,,2,26535,,,,9,32593,,,,6,4405,,,,30,25821,,,,29,31939,,,,,,,,,,,,,,,,,,,,,,,,,,,,,,,,,,,,,,,,,,,
173716,26-May-18,20:43:03,2018-05-26 20:43:03,G,1,4,1367,163,0,8,-62.9593,-55.0349,43:07.3,FastGPS,-62.9593,-55.0349,,,6.3,0.3,,,,15,23,17148,,,,27,8634,,,,7,20293,,,,9,30315,,,,16,19065,,,,26,25651,,,,5,27094,,,,30,16674,,,,,,,,,,,,,,,,,,,,,,,,,,,,,,,,,,,,,,
173716,26-May-18,21:15:25,2018-05-26 21:15:25,G,2,4,1368,163,0,8,-62.9582,-55.0488,15:29.8,FastGPS,-62.9582,-55.0488,,,9.9,0.8,,,,15,7,31684,,,,16,13751,,,,5,2995,,,,9,17868,,,,27,24234,,,,30,8870,,,,13,11846,,,,21,27642,,,,,,,,,,,,,,,,,,,,,,,,,,,,,,,,,,,,,,
173716,26-May-18,21:47:02,2018-05-26 21:47:02,G,3,4,1369,163,0,6,-62.9658,-55.0767,47:06.8,FastGPS,-62.9658,-55.0767,,,5,0.8,,,,15,5,10423,,,,13,18535,,,,30,12442,,,,28,23162,,,,7,10921,,,,9,28024,,,,,,,,,,,,,,,,,,,,,,,,,,,,,,,,,,,,,,,,,,,,,,,,
173716,26-May-18,22:18:05,2018-05-26 22:18:05,G,4,4,1370,163,0,7,-62.9716,-55.083,18:08.8,FastGPS,-62.9716,-55.083,,,3.6,-0.2,,,,15,5,13522,,,,7,26050,,,,9,607,,,,28,526,,,,13,19858,,,,30,20220,,,,8,9798,,,,,,,,,,,,,,,,,,,,,,,,,,,,,,,,,,,,,,,,,,,
173716,26-May-18,22:48:03,2018-05-26 22:48:03,G,2,4,1371,163,0,7,-62.9703,-55.0921,48:06.3,FastGPS,-62.9703,-55.0921,,,9.4,-0.7,,,,15,28,26670,,,,30,30858,,,,13,3414,,,,7,20594,,,,5,19692,,,,15,3741,,,,8,13383,,,,,,,,,,,,,,,,,,,,,,,,,,,,,,,,,,,,,,,,,,,
173716,26-May-18,23:18:53,2018-05-26 23:18:53,G,1,4,1372,163,0,7,-62.9668,-55.1079,18:56.3,FastGPS,-62.9668,-55.1079,,,3.2,-0.7,,,,15,7,7246,,,,30,22940,,,,8,22482,,,,28,8563,,,,15,1678,,,,13,8628,,,,20,5580,,,,,,,,,,,,,,,,,,,,,,,,,,,,,,,,,,,,,,,,,,,
173716,26-May-18,23:50:45,2018-05-26 23:50:45,G,1,4,1373,163,0,6,-62.9656,-55.0918,50:48.8,FastGPS,-62.9656,-55.0918,,,6.2,-0.2,,,,15,15,3158,,,,30,4866,,,,7,32213,,,,20,21522,,,,13,31285,,,,28,3827,,,,,,,,,,,,,,,,,,,,,,,,,,,,,,,,,,,,,,,,,,,,,,,,
173716,27-May-18,0:24:57,2018-05-27 00:24:57,G,1,4,1374,163,0,7,-62.9602,-55.0835,25:00.3,FastGPS,-62.9602,-55.0835,,,6.4,-0.7,,,,15,15,28518,,,,17,16226,,,,20,15661,,,,10,7276,,,,24,14392,,,,28,429,,,,13,28800,,,,,,,,,,,,,,,,,,,,,,,,,,,,,,,,,,,,,,,,,,,
173716,27-May-18,0:55:27,2018-05-27 00:55:27,G,2,4,1375,,0,9,-62.961,-55.0834,55:30.8,FastGPS,-62.961,-55.0834,,,11.1,-0.2,,,,15,17,4016,,,,15,15736,,,,13,31833,,,,30,22812,,,,28,23510,,,,18,5451,,,,11,1323,,,,1,25792,,,,19,8220,,,,,,,,,,,,,,,,,,,,,,,,,,,,,,,,,
173716,27-May-18,1:26:53,2018-05-27 01:26:53,G,1,4,1376,,0,9,-62.9607,-55.0872,26:57.8,FastGPS,-62.9607,-55.0872,,,5.4,0.8,,,,15,17,32482,,,,15,24802,,,,28,4466,,,,19,23702,,,,24,21302,,,,1,7501,,,,13,32493,,,,11,18762,,,,18,20743,,,,,,,,,,,,,,,,,,,,,,,,,,,,,,,,,
173716,27-May-18,1:57:16,2018-05-27 01:57:16,G,1,4,1377,163,0,8,-62.9608,-55.0905,57:20.3,FastGPS,-62.9608,-55.0905,,,14.3,0.3,,,,15,12,22633,,,,19,19564,,,,17,22813,,,,1,19839,,,,24,453,,,,11,11172,,,,18,5146,,,,28,438,,,,,,,,,,,,,,,,,,,,,,,,,,,,,,,,,,,,,,
173716,27-May-18,2:28:01,2018-05-27 02:28:01,G,1,4,1378,163,0,8,-62.9608,-55.0935,28:05.3,FastGPS,-62.9608,-55.0935,,,12.2,0.3,,,,15,17,27431,,,,12,9696,,,,19,14408,,,,15,15833,,,,32,7270,,,,24,11719,,,,10,24840,,,,1,19340,,,,,,,,,,,,,,,,,,,,,,,,,,,,,,,,,,,,,,
173716,27-May-18,2:58:00,2018-05-27 02:58:00,G,2,4,1379,163,0,7,-62.9613,-55.0964,58:04.3,FastGPS,-62.9613,-55.0964,,,3.2,0.3,,,,15,12,30686,,,,17,2502,,,,6,21728,,,,24,3194,,,,19,21700,,,,32,3734,,,,1,32384,,,,,,,,,,,,,,,,,,,,,,,,,,,,,,,,,,,,,,,,,,,
173716,27-May-18,3:28:00,2018-05-27 03:28:00,G,2,4,1380,163,0,7,-62.9617,-55.0987,28:04.3,FastGPS,-62.9617,-55.0987,,,4.3,0.3,,,,15,12,32735,,,,17,3496,,,,6,21295,,,,32,28825,,,,19,24916,,,,24,22132,,,,25,13791,,,,,,,,,,,,,,,,,,,,,,,,,,,,,,,,,,,,,,,,,,,
173716,27-May-18,3:59:17,2018-05-27 03:59:17,G,4,4,1381,163,0,8,-62.9622,-55.1007,59:21.8,FastGPS,-62.9622,-55.1007,,,9.6,0.8,,,,15,32,23422,,,,25,13380,,,,17,15172,,,,19,3847,,,,6,6566,,,,12,24025,,,,14,20452,,,,22,5726,,,,,,,,,,,,,,,,,,,,,,,,,,,,,,,,,,,,,,
173716,27-May-18,4:29:00,2018-05-27 04:29:00,G,2,4,1382,,0,9,-62.9626,-55.1033,29:03.3,FastGPS,-62.9626,-55.1033,,,7.6,-0.7,,,,15,12,4046,,,,32,32040,,,,25,15692,,,,6,2141,,,,19,12314,,,,29,6962,,,,14,2367,,,,31,28918,,,,3,10290,,,,,,,,,,,,,,,,,,,,,,,,,,,,,,,,,
173716,27-May-18,5:01:06,2018-05-27 05:01:06,G,3,4,1383,,0,9,-62.9626,-55.1065,01:10.3,FastGPS,-62.9626,-55.1065,,,10.5,0.3,,,,15,29,7016,,,,2,32536,,,,6,30626,,,,19,6154,,,,12,28346,,,,25,17459,,,,32,13888,,,,24,4357,,,,31,13812,,,,,,,,,,,,,,,,,,,,,,,,,,,,,,,,,
173716,27-May-18,5:31:47,2018-05-27 05:31:47,G,2,4,1384,163,0,6,-62.9626,-55.1101,31:51.8,FastGPS,-62.9626,-55.1101,,,10.2,0.8,,,,15,12,4020,,,,29,7102,,,,6,447,,,,2,19970,,,,25,3205,,,,31,17286,,,,,,,,,,,,,,,,,,,,,,,,,,,,,,,,,,,,,,,,,,,,,,,,
173716,27-May-18,6:03:04,2018-05-27 06:03:04,G,3,4,1385,163,0,7,-62.9622,-55.1136,03:07.3,FastGPS,-62.9622,-55.1136,,1,5.7,-0.7,,,,15,31,2834,,,,29,9026,,,,2,7230,,,,25,4932,,,,6,17941,,,,23,740,,,,4,27607,,,,,,,,,,,,,,,,,,,,,,,,,,,,,,,,,,,,,,,,,,,
173716,27-May-18,6:34:22,2018-05-27 06:34:22,G,4,4,1386,163,0,8,-62.961,-55.119,34:26.3,FastGPS,-62.961,-55.119,,1,12.4,0.3,,,,15,31,12621,,,,4,26056,,,,2,14775,,,,29,22828,,,,5,13752,,,,25,5730,,,,26,11515,,,,23,20632,,,,,,,,,,,,,,,,,,,,,,,,,,,,,,,,,,,,,,
173716,27-May-18,7:04:00,2018-05-27 07:04:00,G,3,4,1387,163,0,7,-62.9598,-55.1251,04:04.3,FastGPS,-62.9598,-55.1251,,1,2.3,0.3,,,,15,5,18064,,,,29,9842,,,,2,27137,,,,31,17348,,,,4,9352,,,,26,14565,,,,25,13468,,,,,,,,,,,,,,,,,,,,,,,,,,,,,,,,,,,,,,,,,,,
173716,27-May-18,7:53:02,2018-05-27 07:53:02,G,1,4,1388,164,0,7,-62.9568,-55.1355,53:06.3,FastGPS,-62.9568,-55.1355,,1,2.4,0.3,,,,15,5,24347,,,,16,9353,,,,31,30257,,,,29,32598,,,,9,26412,,,,4,15618,,,,26,30515,,,,,,,,,,,,,,,,,,,,,,,,,,,,,,,,,,,,,,,,,,,
173716,27-May-18,9:28:00,2018-05-27 09:28:00,G,2,4,1391,,0,9,-62.9481,-55.1667,28:04.3,FastGPS,-62.9481,-55.1667,,,13.8,0.3,,,,15,29,21605,,,,5,4831,,,,16,23248,,,,27,25652,,,,21,19308,,,,26,29376,,,,20,21285,,,,15,13063,,,,13,18744,,,,,,,,,,,,,,,,,,,,,,,,,,,,,,,,,
173716,27-May-18,10:02:16,2018-05-27 10:02:16,G,1,4,1392,,0,9,-62.9419,-55.1814,02:20.3,FastGPS,-62.9419,-55.1814,,,11.7,0.3,,,,15,7,26504,,,,20,1888,,,,16,21284,,,,15,8596,,,,21,8538,,,,30,9810,,,,27,8256,,,,29,15098,,,,8,17764,,,,,,,,,,,,,,,,,,,,,,,,,,,,,,,,,
173716,27-May-18,10:32:57,2018-05-27 10:32:57,G,4,4,1393,,0,9,-62.9408,-55.1948,33:01.8,FastGPS,-62.9408,-55.1948,,,6.2,0.8,,,,15,27,32378,,,,15,10936,,,,13,21236,,,,21,27896,,,,16,20826,,,,20,13874,,,,7,22708,,,,30,14302,,,,10,15334,,,,,,,,,,,,,,,,,,,,,,,,,,,,,,,,,
173716,27-May-18,11:23:49,2018-05-27 11:23:49,G,4,4,1394,165,0,8,-62.9301,-55.2252,23:52.8,FastGPS,-62.9301,-55.2252,,,13.6,-0.2,,,,15,15,21784,,,,20,14001,,,,10,14423,,,,21,12146,,,,27,18893,,,,13,31396,,,,8,19150,,,,30,30194,,,,,,,,,,,,,,,,,,,,,,,,,,,,,,,,,,,,,,
173716,27-May-18,11:54:00,2018-05-27 11:54:00,G,1,4,1395,,0,9,-62.9195,-55.2439,54:03.3,FastGPS,-62.9195,-55.2439,,,10.1,-0.7,,,,15,8,18542,,,,27,18200,,,,10,24030,,,,15,32538,,,,32,12721,,,,18,23268,,,,20,3888,,,,11,22948,,,,21,26648,,,,,,,,,,,,,,,,,,,,,,,,,,,,,,,,,
173716,27-May-18,12:24:59,2018-05-27 12:24:59,G,2,4,1396,165,0,8,-62.9063,-55.245,25:03.3,FastGPS,-62.9063,-55.245,,,9.9,0.3,,,,15,20,644,,,,10,30248,,,,15,10798,,,,28,15746,,,,8,15430,,,,27,10572,,,,24,16136,,,,18,5672,,,,,,,,,,,,,,,,,,,,,,,,,,,,,,,,,,,,,,
173716,27-May-18,12:59:54,2018-05-27 12:59:54,G,2,4,1397,165,0,6,-62.9015,-55.252,59:58.3,FastGPS,-62.9015,-55.252,,,11.9,0.3,,,,15,32,18245,,,,10,14236,,,,20,20817,,,,27,9314,,,,24,21850,,,,8,18495,,,,,,,,,,,,,,,,,,,,,,,,,,,,,,,,,,,,,,,,,,,,,,,,
173716,27-May-18,13:34:46,2018-05-27 13:34:46,G,2,4,1398,,0,9,-62.9148,-55.269,34:50.8,FastGPS,-62.9148,-55.269,,,10.8,0.8,,,,15,22,26799,,,,32,216,,,,1,14612,,,,8,23430,,,,18,16465,,,,27,4697,,,,14,6800,,,,11,18449,,,,10,13200,,,,,,,,,,,,,,,,,,,,,,,,,,,,,,,,,
173716,27-May-18,14:07:49,2018-05-27 14:07:49,G,2,4,1399,165,0,5,-62.9211,-55.2819,07:52.3,FastGPS,-62.9211,-55.2819,,,4.4,-0.7,,,,15,10,444,,,,18,27618,,,,32,6476,,,,14,5182,,,,24,17620,,,,,,,,,,,,,,,,,,,,,,,,,,,,,,,,,,,,,,,,,,,,,,,,,,,,,
173716,27-May-18,15:56:00,2018-05-27 15:56:00,G,1,4,1402,,0,9,-62.926,-55.2923,56:04.3,FastGPS,-62.926,-55.2923,,,10.1,0.3,,,,15,12,27274,,,,11,9890,,,,14,210,,,,22,20916,,,,31,30652,,,,1,21095,,,,18,30696,,,,32,14682,,,,3,29920,,,,,,,,,,,,,,,,,,,,,,,,,,,,,,,,,
173716,27-May-18,16:27:26,2018-05-27 16:27:26,G,2,4,1403,,0,9,-62.9233,-55.2798,27:30.3,FastGPS,-62.9233,-55.2798,,,5.8,0.3,,,,15,32,31522,,,,22,13714,,,,31,10882,,,,17,2594,,,,14,25677,,,,18,24723,,,,3,32616,,,,23,27160,,,,1,18548,,,,,,,,,,,,,,,,,,,,,,,,,,,,,,,,,
173716,27-May-18,17:03:01,2018-05-27 17:03:01,G,2,4,1404,,0,9,-62.9336,-55.2952,03:05.8,FastGPS,-62.9336,-55.2952,,,13.4,0.8,,,,15,17,20858,,,,22,1457,,,,23,31267,,,,31,20950,,,,9,383,,,,12,3448,,,,1,12497,,,,25,23053,,,,3,8591,,,,,,,,,,,,,,,,,,,,,,,,,,,,,,,,,
173716,27-May-18,17:33:52,2018-05-27 17:33:52,G,2,4,1405,,0,9,-62.9358,-55.2858,33:55.3,FastGPS,-62.9358,-55.2858,,1,6.8,-0.7,,,,15,31,10995,,,,4,6402,,,,23,11356,,,,6,32327,,,,3,4756,,,,25,27691,,,,2,11376,,,,22,28850,,,,26,12876,,,,,,,,,,,,,,,,,,,,,,,,,,,,,,,,,
173716,27-May-18,18:08:28,2018-05-27 18:08:28,G,1,4,1406,,0,9,-62.9421,-55.2825,08:32.3,FastGPS,-62.9421,-55.2825,,1,6.3,0.3,,,,15,4,18428,,,,22,4600,,,,31,2535,,,,23,5642,,,,16,25020,,,,3,6447,,,,26,17876,,,,9,4302,,,,29,16331,,,,,,,,,,,,,,,,,,,,,,,,,,,,,,,,,
173716,27-May-18,18:43:01,2018-05-27 18:43:01,G,1,4,1407,166,0,8,-62.9345,-55.2767,43:05.8,FastGPS,-62.9345,-55.2767,,,9,0.8,,,,15,6,31402,,,,2,22394,,,,23,24286,,,,9,12854,,,,7,16376,,,,3,16444,,,,16,1645,,,,22,10536,,,,,,,,,,,,,,,,,,,,,,,,,,,,,,,,,,,,,,
173716,27-May-18,20:17:33,2018-05-27 20:17:33,G,1,4,1410,166,0,7,-62.9141,-55.2271,17:36.8,FastGPS,-62.9141,-55.2271,,1,2,-0.2,,,,15,7,5288,,,,5,27836,,,,9,3792,,,,2,9578,,,,23,12578,,,,16,15025,,,,4,8418,,,,,,,,,,,,,,,,,,,,,,,,,,,,,,,,,,,,,,,,,,,
173716,27-May-18,20:49:04,2018-05-27 20:49:04,G,2,4,1411,166,0,6,-62.9068,-55.2011,49:07.9,FastGPS,-62.9068,-55.2011,,,7.4,-0.1,,,,15,5,16084,,,,7,184,,,,30,19614,,,,16,26292,,,,9,2542,,,,23,714,,,,,,,,,,,,,,,,,,,,,,,,,,,,,,,,,,,,,,,,,,,,,,,,
173716,27-May-18,21:19:00,2018-05-27 21:19:00,G,1,4,1412,166,0,6,-62.8996,-55.1755,19:03.3,FastGPS,-62.8996,-55.1755,,,7.8,-0.7,,,,15,5,4192,,,,30,23895,,,,7,25384,,,,8,7765,,,,9,17827,,,,27,2522,,,,,,,,,,,,,,,,,,,,,,,,,,,,,,,,,,,,,,,,,,,,,,,,
173716,27-May-18,21:51:10,2018-05-27 21:51:10,G,1,4,1413,166,0,6,-62.8915,-55.141,51:14.8,FastGPS,-62.8915,-55.141,,,5.1,0.8,,,,15,7,2146,,,,5,8360,,,,30,28183,,,,13,23523,,,,27,24128,,,,21,15368,,,,,,,,,,,,,,,,,,,,,,,,,,,,,,,,,,,,,,,,,,,,,,,,
173716,27-May-18,22:24:52,2018-05-27 22:24:52,G,1,4,1414,,0,9,-62.8883,-55.131,24:55.3,FastGPS,-62.8883,-55.131,,,4.1,-0.7,,,,15,5,12804,,,,7,19506,,,,13,15042,,,,15,20951,,,,21,15590,,,,27,15007,,,,28,11941,,,,30,11930,,,,9,6600,,,,,,,,,,,,,,,,,,,,,,,,,,,,,,,,,
173716,27-May-18,22:55:35,2018-05-27 22:55:35,G,1,4,1415,166,0,8,-62.8833,-55.1397,55:39.8,FastGPS,-62.8833,-55.1397,,,8.1,0.8,,,,15,13,21269,,,,27,11906,,,,15,7959,,,,30,6708,,,,8,8776,,,,20,32552,,,,7,275,,,,21,14081,,,,,,,,,,,,,,,,,,,,,,,,,,,,,,,,,,,,,,
173716,28-May-18,0:01:15,2018-05-28 00:01:15,G,1,4,1417,,0,9,-62.8631,-55.1883,01:18.3,FastGPS,-62.8631,-55.1883,,,6.1,-0.7,,,,15,30,7472,,,,17,5270,,,,15,21544,,,,28,30772,,,,11,6724,,,,8,17710,,,,7,15712,,,,10,5328,,,,13,11194,,,,,,,,,,,,,,,,,,,,,,,,,,,,,,,,,
173716,28-May-18,0:31:37,2018-05-28 00:31:37,G,1,4,1418,166,0,6,-62.8587,-55.2146,31:41.8,FastGPS,-62.8587,-55.2146,,,9.3,0.8,,,,15,17,9088,,,,13,13336,,,,15,9582,,,,30,3609,,,,28,24492,,,,19,10538,,,,,,,,,,,,,,,,,,,,,,,,,,,,,,,,,,,,,,,,,,,,,,,,
173716,28-May-18,1:17:45,2018-05-28 01:17:45,G,1,4,1419,166,0,4,-62.966,-55.087,5/27/2018 3:00,N,-62.8543,-55.243,,,1.6,-0.2,,,,15,17,19041,,,,15,3506,,,,24,6042,,,,28,23221,,,,,,,,,,,,,,,,,,,,,,,,,,,,,,,,,,,,,,,,,,,,,,,,,,,,,,,,,,
173716,28-May-18,1:48:48,2018-05-28 01:48:48,G,2,4,1420,166,0,7,-62.8567,-55.262,48:51.3,FastGPS,-62.8567,-55.262,,,4.5,-0.7,,,,15,1,27084,,,,28,27976,,,,18,20642,,,,11,29667,,,,17,25560,,,,15,27537,,,,24,32163,,,,,,,,,,,,,,,,,,,,,,,,,,,,,,,,,,,,,,,,,,,
173716,28-May-18,2:19:00,2018-05-28 02:19:00,G,2,4,1421,166,0,4,-62.966,-55.087,5/27/2018 3:00,N,-62.8626,-55.2848,,,0.4,0.3,,,,15,19,15377,,,,17,4877,,,,24,15758,,,,1,1324,,,,,,,,,,,,,,,,,,,,,,,,,,,,,,,,,,,,,,,,,,,,,,,,,,,,,,,,,,
173716,28-May-18,3:22:30,2018-05-28 03:22:30,G,2,4,1423,166,0,7,-62.8611,-55.3665,22:33.8,FastGPS,-62.8611,-55.3665,,,3.8,-0.2,,,,15,32,20618,,,,12,22840,,,,24,17703,,,,25,1571,,,,17,31383,,,,2,2630,,,,6,8440,,,,,,,,,,,,,,,,,,,,,,,,,,,,,,,,,,,,,,,,,,,
173716,28-May-18,3:52:00,2018-05-28 03:52:00,G,2,4,1424,166,0,7,-62.8558,-55.3768,52:03.8,FastGPS,-62.8558,-55.3768,,,10.9,-0.2,,,,15,12,30162,,,,24,999,,,,17,3320,,,,32,3965,,,,6,8930,,,,25,11757,,,,19,19603,,,,,,,,,,,,,,,,,,,,,,,,,,,,,,,,,,,,,,,,,,,
173716,28-May-18,4:25:52,2018-05-28 04:25:52,G,2,4,1425,,0,9,-62.8588,-55.3774,25:55.3,FastGPS,-62.8588,-55.3774,,,6.8,-0.7,,,,15,31,25050,,,,17,21928,,,,6,25767,,,,12,28702,,,,3,32636,,,,32,22667,,,,25,11556,,,,14,27068,,,,19,32260,,,,,,,,,,,,,,,,,,,,,,,,,,,,,,,,,
173716,28-May-18,5:16:28,2018-05-28 05:16:28,G,2,4,1426,167,0,4,-63.066,-55.508,5/29/2018 4:53,P,-62.8584,-55.3652,,,0.8,0.8,,,,15,12,15092,,,,2,25447,,,,25,8402,,,,6,13126,,,,,,,,,,,,,,,,,,,,,,,,,,,,,,,,,,,,,,,,,,,,,,,,,,,,,,,,,,
173716,28-May-18,5:46:52,2018-05-28 05:46:52,G,2,4,1427,167,0,7,-62.8419,-55.3916,46:55.8,FastGPS,-62.8419,-55.3916,,,8.9,-0.2,,,,15,31,14903,,,,29,462,,,,12,2684,,,,2,11065,,,,25,2747,,,,6,23780,,,,5,32176,,,,,,,,,,,,,,,,,,,,,,,,,,,,,,,,,,,,,,,,,,,
173716,28-May-18,6:18:11,2018-05-28 06:18:11,G,2,4,1428,167,0,8,-62.8318,-55.4229,18:14.3,FastGPS,-62.8318,-55.4229,,1,5.4,-0.7,,,,15,31,3530,,,,12,13165,,,,2,29327,,,,25,11134,,,,26,10411,,,,29,17381,,,,4,31442,,,,23,4812,,,,,,,,,,,,,,,,,,,,,,,,,,,,,,,,,,,,,,
173716,28-May-18,6:48:00,2018-05-28 06:48:00,G,2,4,1429,,0,9,-62.819,-55.4415,48:03.3,FastGPS,-62.819,-55.4415,,1,6.9,-0.7,,,,15,29,6113,,,,12,16349,,,,4,12245,,,,25,21422,,,,5,24725,,,,31,15396,,,,23,27589,,,,26,8894,,,,2,11286,,,,,,,,,,,,,,,,,,,,,,,,,,,,,,,,,
173716,28-May-18,7:18:00,2018-05-28 07:18:00,G,3,4,1430,167,0,7,-62.8197,-55.4448,18:04.3,FastGPS,-62.8197,-55.4448,,1,3.2,0.3,,,,15,5,14940,,,,2,8032,,,,29,9434,,,,31,31490,,,,25,13013,,,,4,18575,,,,26,5500,,,,,,,,,,,,,,,,,,,,,,,,,,,,,,,,,,,,,,,,,,,
173716,28-May-18,7:48:00,2018-05-28 07:48:00,G,1,4,1431,,0,9,-62.8198,-55.4823,48:04.3,FastGPS,-62.8198,-55.4823,,1,6.3,0.3,,,,15,29,21534,,,,4,3624,,,,26,17603,,,,5,10372,,,,31,24311,,,,25,22152,,,,16,26684,,,,2,28190,,,,21,21066,,,,,,,,,,,,,,,,,,,,,,,,,,,,,,,,,
173716,28-May-18,8:20:21,2018-05-28 08:20:21,G,1,4,1432,167,0,7,-62.824,-55.5164,20:25.8,FastGPS,-62.824,-55.5164,,1,6,0.8,,,,15,21,11739,,,,29,3586,,,,5,2395,,,,26,2370,,,,16,27134,,,,4,22678,,,,25,12374,,,,,,,,,,,,,,,,,,,,,,,,,,,,,,,,,,,,,,,,,,,
173716,28-May-18,8:53:03,2018-05-28 08:53:03,G,1,4,1433,,0,9,-62.819,-55.5763,53:06.3,FastGPS,-62.819,-55.5763,,1,17,-0.7,,,,15,29,15381,,,,5,11586,,,,7,1341,,,,20,4128,,,,4,24004,,,,13,21500,,,,21,1372,,,,16,27082,,,,26,970,,,,,,,,,,,,,,,,,,,,,,,,,,,,,,,,,
173716,28-May-18,9:23:00,2018-05-28 09:23:00,G,2,4,1434,,0,9,-62.8086,-55.616,23:03.3,FastGPS,-62.8086,-55.616,,1,10.3,-0.7,,,,15,29,20950,,,,20,12494,,,,15,4228,,,,16,20892,,,,4,30370,,,,27,19782,,,,26,30458,,,,21,15382,,,,13,9911,,,,,,,,,,,,,,,,,,,,,,,,,,,,,,,,,
173716,28-May-18,9:53:00,2018-05-28 09:53:00,G,2,4,1435,,0,9,-62.8132,-55.6513,53:03.3,FastGPS,-62.8132,-55.6513,,1,10.6,-0.7,,,,15,7,20641,,,,4,26721,,,,15,17448,,,,20,14646,,,,26,11224,,,,29,31342,,,,10,8185,,,,16,22998,,,,27,17534,,,,,,,,,,,,,,,,,,,,,,,,,,,,,,,,,
173716,28-May-18,10:23:00,2018-05-28 10:23:00,G,2,4,1436,167,0,5,-62.8191,-55.661,23:04.3,FastGPS,-62.8191,-55.661,,,13.7,0.3,,,,15,15,19758,,,,27,7660,,,,21,28126,,,,20,29224,,,,7,22018,,,,,,,,,,,,,,,,,,,,,,,,,,,,,,,,,,,,,,,,,,,,,,,,,,,,,
173716,28-May-18,10:53:00,2018-05-28 10:53:00,G,1,4,1437,167,0,6,-62.8238,-55.6755,53:04.3,FastGPS,-62.8238,-55.6755,,,5.3,0.3,,,,15,10,9869,,,,27,10399,,,,16,5779,,,,21,22056,,,,20,15950,,,,8,32312,,,,,,,,,,,,,,,,,,,,,,,,,,,,,,,,,,,,,,,,,,,,,,,,
173716,28-May-18,11:23:00,2018-05-28 11:23:00,G,3,4,1438,167,0,7,-62.8311,-55.6973,23:03.3,FastGPS,-62.8311,-55.6973,,,9.1,-0.7,,,,15,15,30804,,,,27,1251,,,,10,4346,,,,8,12198,,,,16,17338,,,,21,10728,,,,20,23751,,,,,,,,,,,,,,,,,,,,,,,,,,,,,,,,,,,,,,,,,,,
173716,28-May-18,11:53:00,2018-05-28 11:53:00,G,2,4,1439,,0,9,-62.8399,-55.7177,53:04.3,FastGPS,-62.8399,-55.7177,,,15.9,0.3,,,,15,27,20952,,,,15,30169,,,,10,924,,,,8,32175,,,,20,3572,,,,18,11716,,,,32,1342,,,,21,16054,,,,11,11195,,,,,,,,,,,,,,,,,,,,,,,,,,,,,,,,,
173716,28-May-18,12:41:00,2018-05-28 12:41:00,G,2,4,1440,,0,9,-62.8566,-55.7433,41:03.3,FastGPS,-62.8566,-55.7433,,,5.5,-0.7,,,,15,10,12413,,,,11,11330,,,,18,10532,,,,8,12622,,,,28,20877,,,,15,4730,,,,1,30318,,,,27,10895,,,,20,26064,,,,,,,,,,,,,,,,,,,,,,,,,,,,,,,,,
173716,28-May-18,13:11:00,2018-05-28 13:11:00,G,2,4,1441,,0,9,-62.8624,-55.743,11:03.3,FastGPS,-62.8624,-55.743,,,5.1,-0.7,,,,15,10,23134,,,,11,792,,,,32,9168,,,,8,2080,,,,18,31677,,,,28,2357,,,,1,28646,,,,24,16874,,,,20,3010,,,,,,,,,,,,,,,,,,,,,,,,,,,,,,,,,
173716,28-May-18,13:42:58,2018-05-28 13:42:58,G,4,4,1442,168,0,6,-62.8645,-55.7274,43:01.3,FastGPS,-62.8645,-55.7274,,,16,-0.7,,,,15,10,12878,,,,32,27298,,,,24,9243,,,,18,13080,,,,11,15714,,,,22,26607,,,,,,,,,,,,,,,,,,,,,,,,,,,,,,,,,,,,,,,,,,,,,,,,
173716,28-May-18,14:13:00,2018-05-28 14:13:00,G,4,4,1443,,0,9,-62.8724,-55.7353,13:03.3,FastGPS,-62.8724,-55.7353,,,10.9,-0.7,,,,15,10,10889,,,,17,24656,,,,32,21628,,,,18,15738,,,,14,16146,,,,11,18952,,,,24,16626,,,,22,29122,,,,8,16100,,,,,,,,,,,,,,,,,,,,,,,,,,,,,,,,,
173716,28-May-18,14:43:00,2018-05-28 14:43:00,G,2,4,1444,,0,9,-62.9005,-55.7279,43:03.3,FastGPS,-62.9005,-55.7279,,,5.6,-0.7,,,,15,22,8380,,,,11,19586,,,,1,5127,,,,32,4989,,,,17,13800,,,,18,15415,,,,3,21796,,,,31,16014,,,,14,23373,,,,,,,,,,,,,,,,,,,,,,,,,,,,,,,,,
173716,28-May-18,15:15:13,2018-05-28 15:15:13,G,1,4,1445,,0,9,-62.9218,-55.7362,15:16.3,FastGPS,-62.9218,-55.7362,,,5.4,-0.7,,,,15,31,23081,,,,17,17812,,,,32,28242,,,,14,3150,,,,22,13080,,,,12,28076,,,,1,19370,,,,3,12069,,,,18,26439,,,,,,,,,,,,,,,,,,,,,,,,,,,,,,,,,
173716,28-May-18,15:45:00,2018-05-28 15:45:00,G,1,4,1446,168,0,6,-62.9361,-55.7406,45:03.3,FastGPS,-62.9361,-55.7406,,,11.1,-0.7,,,,15,31,8898,,,,1,1428,,,,14,12552,,,,22,19948,,,,17,11150,,,,18,20724,,,,,,,,,,,,,,,,,,,,,,,,,,,,,,,,,,,,,,,,,,,,,,,,
173716,28-May-18,16:15:08,2018-05-28 16:15:08,G,1,4,1447,,0,9,-62.9623,-55.7294,15:11.8,FastGPS,-62.9623,-55.7294,,,8.1,-0.2,,,,15,17,5646,,,,23,6377,,,,22,6154,,,,1,26834,,,,31,12645,,,,3,5978,,,,11,26328,,,,19,21053,,,,14,263,,,,,,,,,,,,,,,,,,,,,,,,,,,,,,,,,
173716,28-May-18,16:46:09,2018-05-28 16:46:09,G,1,4,1448,,0,9,-62.9775,-55.7175,46:12.3,FastGPS,-62.9775,-55.7175,,,9.5,-0.7,,,,15,17,11815,,,,23,29450,,,,31,31818,,,,6,16240,,,,19,4430,,,,12,9399,,,,3,20350,,,,25,29022,,,,14,12504,,,,,,,,,,,,,,,,,,,,,,,,,,,,,,,,,
173716,28-May-18,17:17:05,2018-05-28 17:17:05,G,1,4,1449,,0,9,-62.9957,-55.6958,17:08.3,FastGPS,-62.9957,-55.6958,,,15.2,-0.7,,,,15,3,28446,,,,19,10974,,,,6,10720,,,,9,25131,,,,22,12580,,,,23,21236,,,,17,19733,,,,25,16136,,,,12,22469,,,,,,,,,,,,,,,,,,,,,,,,,,,,,,,,,
173716,28-May-18,17:47:00,2018-05-28 17:47:00,G,1,4,1450,168,0,8,-63.0075,-55.6747,47:03.3,FastGPS,-63.0075,-55.6747,,1,8,-0.7,,,,15,23,29396,,,,3,24474,,,,2,12264,,,,9,9346,,,,31,25586,,,,22,16358,,,,26,32162,,,,4,13962,,,,,,,,,,,,,,,,,,,,,,,,,,,,,,,,,,,,,,
173716,28-May-18,18:50:27,2018-05-28 18:50:27,G,1,4,1452,,0,9,-63.0208,-55.6453,50:30.8,FastGPS,-63.0208,-55.6453,,1,10,-0.2,,,,15,29,14291,,,,7,21330,,,,2,13232,,,,26,6030,,,,6,19346,,,,23,15478,,,,4,32012,,,,31,29252,,,,3,9072,,,,,,,,,,,,,,,,,,,,,,,,,,,,,,,,,
173716,28-May-18,19:21:07,2018-05-28 19:21:07,G,2,4,1453,,0,9,-63.0205,-55.6291,21:10.3,FastGPS,-63.0205,-55.6291,,1,9.9,-0.7,,,,15,29,513,,,,23,5704,,,,4,27581,,,,16,22345,,,,5,11496,,,,26,26697,,,,9,22167,,,,3,31388,,,,2,5307,,,,,,,,,,,,,,,,,,,,,,,,,,,,,,,,,
173716,28-May-18,19:51:46,2018-05-28 19:51:46,G,2,4,1454,,0,9,-63.0255,-55.6017,51:49.3,FastGPS,-63.0255,-55.6017,,1,5.7,-0.7,,,,15,7,19764,,,,29,24181,,,,9,9957,,,,23,18168,,,,5,32090,,,,4,2252,,,,2,31048,,,,16,6232,,,,30,9278,,,,,,,,,,,,,,,,,,,,,,,,,,,,,,,,,
173716,28-May-18,20:22:37,2018-05-28 20:22:37,G,2,4,1455,168,0,8,-63.023,-55.5997,22:40.3,FastGPS,-63.023,-55.5997,,1,9.2,-0.7,,,,15,23,3182,,,,7,27009,,,,9,19488,,,,16,2970,,,,30,31789,,,,26,4306,,,,4,5751,,,,2,9879,,,,,,,,,,,,,,,,,,,,,,,,,,,,,,,,,,,,,,
173716,28-May-18,20:52:00,2018-05-28 20:52:00,G,2,4,1456,,0,9,-63.0165,-55.5934,52:03.3,FastGPS,-63.0165,-55.5934,,,13.9,-0.7,,,,15,30,21252,,,,5,9132,,,,7,17172,,,,23,8638,,,,9,24071,,,,8,5261,,,,13,3930,,,,27,5078,,,,2,27591,,,,,,,,,,,,,,,,,,,,,,,,,,,,,,,,,
173716,28-May-18,21:37:00,2018-05-28 21:37:00,G,1,4,1457,169,1,5,-63.0177,-55.5808,37:03.3,FastGPS,-63.0177,-55.5808,,,1,-0.7,,,,15,9,1598,,,,7,13639,,,,8,30738,,,,5,14487,,,,30,10900,,,,,,,,,,,,,,,,,,,,,,,,,,,,,,,,,,,,,,,,,,,,,,,,,,,,,
173716,29-May-18,3:37:00,2018-05-29 03:37:00,G,1,4,1458,191,1,6,-63.0516,-55.5307,37:04.3,FastGPS,-63.0516,-55.5307,,,16.6,0.3,,,,15,6,24047,,,,3,16334,,,,2,26404,,,,17,23988,,,,24,5176,,,,19,18078,,,,,,,,,,,,,,,,,,,,,,,,,,,,,,,,,,,,,,,,,,,,,,,,
173716,29-May-18,9:01:00,2018-05-29 09:01:00,G,1,4,1465,,1,9,-63.085,-55.4749,01:04.3,FastGPS,-63.085,-55.4749,,,3.8,0.3,,,,15,7,16348,,,,13,13461,,,,5,25304,,,,16,28771,,,,15,25594,,,,27,82,,,,26,27778,,,,21,9748,,,,29,17621,,,,,,,,,,,,,,,,,,,,,,,,,,,,,,,,,
173716,29-May-18,11:27:32,2018-05-29 11:27:32,G,1,4,1467,194,0,6,-63.0689,-55.5206,27:36.3,FastGPS,-63.0689,-55.5206,,,6.8,0.3,,,,15,15,1897,,,,10,32214,,,,20,22465,,,,27,8057,,,,21,16824,,,,8,15454,,,,,,,,,,,,,,,,,,,,,,,,,,,,,,,,,,,,,,,,,,,,,,,,
173716,29-May-18,12:21:35,2018-05-29 12:21:35,G,1,4,1468,,0,9,-63.0622,-55.5451,21:39.3,FastGPS,-63.0622,-55.5451,,,12.4,0.3,,,,15,15,2361,,,,27,1616,,,,10,646,,,,8,23412,,,,20,30682,,,,24,2461,,,,28,2388,,,,11,31482,,,,18,30628,,,,,,,,,,,,,,,,,,,,,,,,,,,,,,,,,
173716,29-May-18,13:39:05,2018-05-29 13:39:05,G,1,4,1470,196,0,6,-63.0554,-55.5769,39:09.8,FastGPS,-63.0554,-55.5769,,,6.2,0.8,,,,15,10,15036,,,,18,15058,,,,32,29378,,,,1,5493,,,,11,17782,,,,22,27738,,,,,,,,,,,,,,,,,,,,,,,,,,,,,,,,,,,,,,,,,,,,,,,,
173716,29-May-18,14:42:03,2018-05-29 14:42:03,G,2,4,1471,197,0,8,-63.0538,-55.5904,42:07.8,FastGPS,-63.0538,-55.5904,,,9.1,0.8,,,,15,17,29207,,,,1,13200,,,,22,20932,,,,32,5308,,,,18,16053,,,,11,20166,,,,14,31810,,,,3,5770,,,,,,,,,,,,,,,,,,,,,,,,,,,,,,,,,,,,,,
173716,29-May-18,15:13:54,2018-05-29 15:13:54,G,3,4,1472,197,0,7,-63.0503,-55.5962,13:58.8,FastGPS,-63.0503,-55.5962,,,17.3,0.8,,,,15,1,16964,,,,31,431,,,,32,20388,,,,17,21110,,,,18,18214,,,,14,1196,,,,3,19892,,,,,,,,,,,,,,,,,,,,,,,,,,,,,,,,,,,,,,,,,,,
173716,29-May-18,15:44:00,2018-05-29 15:44:00,G,2,4,1473,197,0,7,-63.0512,-55.5972,44:04.3,FastGPS,-63.0512,-55.5972,,,9,0.3,,,,15,12,21116,,,,32,23786,,,,17,4969,,,,19,19888,,,,25,26348,,,,31,13477,,,,14,2244,,,,,,,,,,,,,,,,,,,,,,,,,,,,,,,,,,,,,,,,,,,
173716,29-May-18,16:14:00,2018-05-29 16:14:00,G,1,4,1474,,0,9,-63.0523,-55.5959,14:04.3,FastGPS,-63.0523,-55.5959,,,12.1,0.3,,,,15,31,2070,,,,12,8409,,,,22,19784,,,,17,16005,,,,19,6613,,,,14,8523,,,,6,22798,,,,3,26517,,,,25,21794,,,,,,,,,,,,,,,,,,,,,,,,,,,,,,,,,
173716,29-May-18,16:45:59,2018-05-29 16:45:59,G,2,4,1475,197,0,4,-62.973,-55.69,5/30/2018 11:33,A,-63.0519,-55.595,,,0.1,0.4,,,,15,23,188,,,,22,23807,,,,3,10489,,,,31,22756,,,,,,,,,,,,,,,,,,,,,,,,,,,,,,,,,,,,,,,,,,,,,,,,,,,,,,,,,,
173716,29-May-18,17:31:22,2018-05-29 17:31:22,G,1,4,1476,198,0,8,-63.0374,-55.6074,31:26.8,FastGPS,-63.0374,-55.6074,,1,13.5,0.8,,,,15,31,8020,,,,3,3330,,,,23,31333,,,,4,13,,,,22,16173,,,,25,28692,,,,26,10034,,,,14,25938,,,,,,,,,,,,,,,,,,,,,,,,,,,,,,,,,,,,,,
173716,29-May-18,18:02:13,2018-05-29 18:02:13,G,2,4,1477,,0,9,-63.0381,-55.6238,02:17.3,FastGPS,-63.0381,-55.6238,,1,9.8,0.3,,,,15,31,16753,,,,23,27268,,,,4,9337,,,,26,10098,,,,6,14062,,,,22,16260,,,,9,1001,,,,3,20831,,,,16,20021,,,,,,,,,,,,,,,,,,,,,,,,,,,,,,,,,
173716,29-May-18,19:04:57,2018-05-29 19:04:57,G,1,4,1478,200,0,8,-63.0426,-55.6497,05:01.8,FastGPS,-63.0426,-55.6497,,1,8.1,0.8,,,,15,2,8118,,,,9,4338,,,,7,8559,,,,23,32735,,,,26,30396,,,,6,26651,,,,4,8017,,,,29,24832,,,,,,,,,,,,,,,,,,,,,,,,,,,,,,,,,,,,,,
173716,29-May-18,19:35:23,2018-05-29 19:35:23,G,1,4,1479,,0,9,-63.0339,-55.6561,35:27.8,FastGPS,-63.0339,-55.6561,,1,13.2,0.8,,,,15,5,12094,,,,7,4065,,,,2,25952,,,,30,13106,,,,9,12131,,,,6,6679,,,,29,6557,,,,26,14546,,,,4,2909,,,,,,,,,,,,,,,,,,,,,,,,,,,,,,,,,
173716,29-May-18,20:06:43,2018-05-29 20:06:43,G,2,4,1480,,0,9,-63.0335,-55.6523,06:47.3,FastGPS,-63.0335,-55.6523,,1,6.7,0.3,,,,15,29,4920,,,,26,18314,,,,5,25957,,,,7,2826,,,,16,21102,,,,23,27514,,,,2,26226,,,,30,19170,,,,4,23716,,,,,,,,,,,,,,,,,,,,,,,,,,,,,,,,,
173716,29-May-18,20:54:57,2018-05-29 20:54:57,G,1,4,1481,201,0,5,-63.0432,-55.6344,55:01.9,FastGPS,-63.0432,-55.6344,,,13,0.9,,,,15,5,29405,,,,30,19459,,,,7,30413,,,,9,10776,,,,16,6622,,,,,,,,,,,,,,,,,,,,,,,,,,,,,,,,,,,,,,,,,,,,,,,,,,,,,
173716,29-May-18,21:25:00,2018-05-29 21:25:00,G,1,4,1482,,0,9,-63.0267,-55.6538,25:04.3,FastGPS,-63.0267,-55.6538,,,13.2,0.3,,,,15,5,31085,,,,7,3882,,,,27,14850,,,,30,10830,,,,9,14562,,,,8,15945,,,,16,13862,,,,13,28426,,,,21,973,,,,,,,,,,,,,,,,,,,,,,,,,,,,,,,,,
173716,29-May-18,21:55:00,2018-05-29 21:55:00,G,1,4,1483,201,0,7,-63.0074,-55.6601,55:04.8,FastGPS,-63.0074,-55.6601,,,3.6,0.8,,,,15,7,31047,,,,5,16070,,,,27,15273,,,,8,25948,,,,30,28219,,,,21,13832,,,,13,29050,,,,,,,,,,,,,,,,,,,,,,,,,,,,,,,,,,,,,,,,,,,
173716,29-May-18,22:25:00,2018-05-29 22:25:00,G,1,4,1484,,0,9,-62.9945,-55.6896,25:04.3,FastGPS,-62.9945,-55.6896,,,12,0.3,,,,15,7,26615,,,,27,5910,,,,8,3241,,,,5,27078,,,,30,10562,,,,9,31288,,,,13,12926,,,,28,18200,,,,21,10634,,,,,,,,,,,,,,,,,,,,,,,,,,,,,,,,,
173716,30-May-18,14:14:51,2018-05-30 14:14:51,G,1,4,1488,201,0,5,-62.9626,-55.8263,14:55.8,FastGPS,-62.9626,-55.8263,,,3,0.8,,,,15,22,4714,,,,11,25108,,,,1,32228,,,,17,6907,,,,18,21470,,,,,,,,,,,,,,,,,,,,,,,,,,,,,,,,,,,,,,,,,,,,,,,,,,,,,
173716,30-May-18,14:49:50,2018-05-30 14:49:50,G,2,4,1489,,0,9,-62.9651,-55.8317,49:54.8,FastGPS,-62.9651,-55.8317,,,7.5,0.8,,,,15,17,19953,,,,11,31256,,,,24,4478,,,,22,11430,,,,32,6129,,,,18,26034,,,,1,16404,,,,3,14148,,,,14,1466,,,,,,,,,,,,,,,,,,,,,,,,,,,,,,,,,
173716,30-May-18,16:18:13,2018-05-30 16:18:13,G,4,4,1490,203,0,7,-62.9792,-55.8287,18:17.8,FastGPS,-62.9792,-55.8287,,,11.9,0.8,,,,15,31,20390,,,,14,20283,,,,22,16846,,,,32,23916,,,,23,15836,,,,1,16375,,,,25,9660,,,,,,,,,,,,,,,,,,,,,,,,,,,,,,,,,,,,,,,,,,,
173716,30-May-18,17:03:00,2018-05-30 17:03:00,G,2,4,1491,204,0,7,-62.9873,-55.8195,03:04.4,FastGPS,-62.9873,-55.8195,,,7.1,0.4,,,,15,31,1046,,,,23,27799,,,,22,22023,,,,3,24782,,,,25,10124,,,,14,20312,,,,1,16968,,,,,,,,,,,,,,,,,,,,,,,,,,,,,,,,,,,,,,,,,,,
173716,30-May-18,17:34:41,2018-05-30 17:34:41,G,2,4,1492,204,0,5,-62.9939,-55.8048,34:45.9,FastGPS,-62.9939,-55.8048,,,6.4,0.9,,,,15,9,12362,,,,6,562,,,,3,20356,,,,23,10108,,,,19,10664,,,,,,,,,,,,,,,,,,,,,,,,,,,,,,,,,,,,,,,,,,,,,,,,,,,,,
173716,30-May-18,18:07:47,2018-05-30 18:07:47,G,1,4,1493,,0,9,-63.0037,-55.7842,07:50.8,FastGPS,-63.0037,-55.7842,,1,6.3,-0.2,,,,15,31,20201,,,,3,27833,,,,4,29579,,,,9,7268,,,,6,18143,,,,23,442,,,,29,15010,,,,26,5916,,,,22,11181,,,,,,,,,,,,,,,,,,,,,,,,,,,,,,,,,
173716,30-May-18,18:38:16,2018-05-30 18:38:16,G,2,4,1494,,0,9,-63.0135,-55.7651,38:19.3,FastGPS,-63.0135,-55.7651,,1,6.2,-0.7,,,,15,26,26166,,,,4,22966,,,,23,12780,,,,16,24330,,,,29,30590,,,,31,3687,,,,9,31005,,,,7,23621,,,,3,16722,,,,,,,,,,,,,,,,,,,,,,,,,,,,,,,,,
173716,30-May-18,19:08:33,2018-05-30 19:08:33,G,1,4,1495,204,0,7,-63.0173,-55.7402,08:36.9,FastGPS,-63.0173,-55.7402,,,7,-0.1,,,,15,7,6792,,,,23,6196,,,,9,6402,,,,16,1245,,,,3,7171,,,,26,18284,,,,2,30230,,,,,,,,,,,,,,,,,,,,,,,,,,,,,,,,,,,,,,,,,,,
173716,30-May-18,19:38:00,2018-05-30 19:38:00,G,1,4,1496,,0,9,-63.0148,-55.7305,38:03.3,FastGPS,-63.0148,-55.7305,,1,11.2,-0.7,,,,15,7,11367,,,,23,18629,,,,5,21340,,,,16,15418,,,,26,13256,,,,9,24300,,,,2,25012,,,,29,11791,,,,4,30414,,,,,,,,,,,,,,,,,,,,,,,,,,,,,,,,,
173716,30-May-18,20:09:00,2018-05-30 20:09:00,G,5,4,1497,204,0,5,-63.0138,-55.7137,09:03.3,FastGPS,-63.0138,-55.7137,,,3.4,-0.7,,,,15,7,27538,,,,23,8112,,,,9,9153,,,,5,22257,,,,30,21948,,,,,,,,,,,,,,,,,,,,,,,,,,,,,,,,,,,,,,,,,,,,,,,,,,,,,
173716,30-May-18,20:39:00,2018-05-30 20:39:00,G,3,4,1498,204,0,5,-63.0013,-55.6886,39:03.4,FastGPS,-63.0013,-55.6886,,,1.5,-0.6,,,,15,5,5514,,,,30,10152,,,,23,4762,,,,9,9846,,,,7,18004,,,,,,,,,,,,,,,,,,,,,,,,,,,,,,,,,,,,,,,,,,,,,,,,,,,,,
173716,30-May-18,21:09:00,2018-05-30 21:09:00,G,3,4,1499,204,1,4,-62.947,-55.871,5/31/2018 19:32,R,-62.9946,-55.6769,,,0.1,-0.6,,,,15,9,24836,,,,30,15040,,,,8,84,,,,5,25776,,,,,,,,,,,,,,,,,,,,,,,,,,,,,,,,,,,,,,,,,,,,,,,,,,,,,,,,,,
173716,30-May-18,21:39:00,2018-05-30 21:39:00,G,2,4,1500,204,1,5,-62.9894,-55.6634,39:03.4,FastGPS,-62.9894,-55.6634,,,4.6,-0.6,,,,15,13,14132,,,,5,30231,,,,28,26222,,,,9,13387,,,,30,15560,,,,,,,,,,,,,,,,,,,,,,,,,,,,,,,,,,,,,,,,,,,,,,,,,,,,,
173716,30-May-18,23:39:00,2018-05-30 23:39:00,G,1,4,1502,208,1,5,-62.9731,-55.624,39:03.4,FastGPS,-62.9731,-55.624,,,7,-0.6,,,,15,20,22430,,,,15,17150,,,,13,130,,,,28,8534,,,,24,21432,,,,,,,,,,,,,,,,,,,,,,,,,,,,,,,,,,,,,,,,,,,,,,,,,,,,,
173716,31-May-18,0:24:00,2018-05-31 00:24:00,G,1,4,1503,209,1,6,-62.9663,-55.6205,24:03.4,FastGPS,-62.9663,-55.6205,,,6.5,-0.6,,,,15,24,16016,,,,20,31286,,,,15,5308,,,,30,8023,,,,13,27697,,,,17,22574,,,,,,,,,,,,,,,,,,,,,,,,,,,,,,,,,,,,,,,,,,,,,,,,
173716,31-May-18,6:30:08,2018-05-31 06:30:08,G,1,4,1504,209,0,5,-62.9738,-55.6049,30:12.9,FastGPS,-62.9738,-55.6049,,,1,0.8,,,,15,5,12486,,,,2,4056,,,,31,29754,,,,25,6724,,,,29,4507,,,,,,,,,,,,,,,,,,,,,,,,,,,,,,,,,,,,,,,,,,,,,,,,,,,,,
173716,31-May-18,8:16:16,2018-05-31 08:16:16,G,1,4,1505,211,0,6,-62.9604,-55.6924,16:20.4,FastGPS,-62.9604,-55.6924,,1,0.9,0.4,,,,15,26,22692,,,,16,6778,,,,4,1880,,,,21,27482,,,,29,32092,,,,5,8039,,,,,,,,,,,,,,,,,,,,,,,,,,,,,,,,,,,,,,,,,,,,,,,,
173716,31-May-18,10:12:26,2018-05-31 10:12:26,G,1,4,1508,,0,9,-62.9614,-55.7352,12:29.8,FastGPS,-62.9614,-55.7352,,1,10,-0.2,,,,15,15,32706,,,,20,5970,,,,27,22568,,,,10,29752,,,,29,16568,,,,21,1932,,,,16,32678,,,,13,18725,,,,4,19599,,,,,,,,,,,,,,,,,,,,,,,,,,,,,,,,,
173716,31-May-18,11:05:16,2018-05-31 11:05:16,G,4,4,1509,213,0,8,-62.9588,-55.7453,05:19.4,FastGPS,-62.9588,-55.7453,,,5.5,-0.6,,,,15,15,24444,,,,27,22476,,,,10,12030,,,,20,26782,,,,21,22440,,,,13,6192,,,,16,29067,,,,8,18432,,,,,,,,,,,,,,,,,,,,,,,,,,,,,,,,,,,,,,
173716,31-May-18,12:21:20,2018-05-31 12:21:20,G,2,4,1510,215,0,6,-62.9616,-55.8251,21:23.4,FastGPS,-62.9616,-55.8251,,,4.2,-0.6,,,,15,10,10203,,,,18,9605,,,,27,25930,,,,32,30283,,,,8,6525,,,,20,25652,,,,,,,,,,,,,,,,,,,,,,,,,,,,,,,,,,,,,,,,,,,,,,,,
173716,31-May-18,12:51:00,2018-05-31 12:51:00,G,2,4,1511,215,0,8,-62.9557,-55.8475,51:03.4,FastGPS,-62.9557,-55.8475,,,2.8,-0.6,,,,15,11,31607,,,,32,2610,,,,18,29546,,,,8,1558,,,,10,24670,,,,1,14454,,,,24,25250,,,,28,22359,,,,,,,,,,,,,,,,,,,,,,,,,,,,,,,,,,,,,,
173716,31-May-18,13:26:25,2018-05-31 13:26:25,G,2,4,1512,215,0,8,-62.9464,-55.8624,26:28.9,FastGPS,-62.9464,-55.8625,,,4.7,-0.1,,,,15,18,11800,,,,11,14719,,,,22,10996,,,,8,11060,,,,24,15929,,,,10,30972,,,,14,21129,,,,1,26050,,,,,,,,,,,,,,,,,,,,,,,,,,,,,,,,,,,,,,
173716,31-May-18,14:03:59,2018-05-31 14:03:59,G,4,4,1513,215,0,7,-62.9388,-55.8805,04:02.4,FastGPS,-62.9388,-55.8805,,,2.4,-0.6,,,,15,1,32510,,,,22,28152,,,,18,4240,,,,32,8170,,,,10,17631,,,,11,7798,,,,14,12688,,,,,,,,,,,,,,,,,,,,,,,,,,,,,,,,,,,,,,,,,,,
173716,31-May-18,14:39:13,2018-05-31 14:39:13,G,1,4,1514,215,0,5,-62.926,-55.8917,39:16.9,FastGPS,-62.926,-55.8917,,,2.1,-0.1,,,,15,3,28392,,,,22,2640,,,,17,11222,,,,1,19015,,,,11,15004,,,,,,,,,,,,,,,,,,,,,,,,,,,,,,,,,,,,,,,,,,,,,,,,,,,,,
173716,31-May-18,16:39:38,2018-05-31 16:39:38,G,1,4,1516,,0,9,-62.9154,-55.8949,39:41.9,FastGPS,-62.9154,-55.8949,,,11.6,-0.1,,,,15,19,7456,,,,17,1639,,,,23,26334,,,,31,7048,,,,6,14360,,,,1,27980,,,,9,21614,,,,25,6511,,,,3,29520,,,,,,,,,,,,,,,,,,,,,,,,,,,,,,,,,
173716,31-May-18,18:12:59,2018-05-31 18:12:59,G,1,4,1519,216,0,4,-62.958,-55.952,6/1/2018 3:40,N,-62.9305,-55.8944,,,0.3,-0.6,,,,15,9,21678,,,,6,29802,,,,23,14668,,,,2,9243,,,,,,,,,,,,,,,,,,,,,,,,,,,,,,,,,,,,,,,,,,,,,,,,,,,,,,,,,,
173716,31-May-18,18:43:00,2018-05-31 18:43:00,G,1,4,1520,216,0,8,-62.9355,-55.8896,43:03.3,FastGPS,-62.9355,-55.8896,,1,5.4,-0.7,,,,15,23,70,,,,9,18942,,,,6,2384,,,,26,32419,,,,16,21340,,,,7,8220,,,,2,9510,,,,4,21427,,,,,,,,,,,,,,,,,,,,,,,,,,,,,,,,,,,,,,
173716,31-May-18,19:47:30,2018-05-31 19:47:30,G,2,4,1522,216,0,7,-62.9479,-55.8705,47:33.9,FastGPS,-62.9479,-55.8705,,1,6.9,-0.1,,,,15,5,20664,,,,16,27192,,,,9,26052,,,,26,20161,,,,23,9767,,,,7,5133,,,,4,30333,,,,,,,,,,,,,,,,,,,,,,,,,,,,,,,,,,,,,,,,,,,
173716,1-Jun-18,6:49:54,2018-06-01 06:49:54,G,2,4,1524,217,0,7,-62.9838,-55.9382,49:58.4,FastGPS,-62.9838,-55.9382,,1,14.1,0.4,,,,15,31,17912,,,,29,25336,,,,26,20344,,,,25,3824,,,,4,9254,,,,21,19196,,,,12,28304,,,,,,,,,,,,,,,,,,,,,,,,,,,,,,,,,,,,,,,,,,,
173716,1-Jun-18,7:21:17,2018-06-01 07:21:17,G,3,4,1525,217,0,8,-62.9833,-55.9661,21:21.9,FastGPS,-62.9833,-55.9661,,1,6.5,0.9,,,,15,31,238,,,,5,3920,,,,4,25140,,,,29,32208,,,,26,30482,,,,21,2434,,,,16,19786,,,,25,31432,,,,,,,,,,,,,,,,,,,,,,,,,,,,,,,,,,,,,,
173716,1-Jun-18,7:52:15,2018-06-01 07:52:15,G,4,4,1526,217,0,4,-62.958,-55.952,6/1/2018 3:40,N,,,,,,,,,,15,4,22604,,,,26,24660,,,,21,24403,,,,5,10008,,,,,,,,,,,,,,,,,,,,,,,,,,,,,,,,,,,,,,,,,,,,,,,,,,,,,,,,,,
173716,1-Jun-18,8:23:00,2018-06-01 08:23:00,G,2,4,1527,217,0,6,-62.972,-55.9928,23:03.9,FastGPS,-62.972,-55.9928,,1,5.3,-0.1,,,,15,29,3140,,,,5,22422,,,,16,8770,,,,26,24320,,,,4,25920,,,,21,3666,,,,,,,,,,,,,,,,,,,,,,,,,,,,,,,,,,,,,,,,,,,,,,,,
173716,1-Jun-18,8:59:58,2018-06-01 08:59:58,G,2,4,1528,217,0,7,-62.9586,-56.0253,00:01.9,FastGPS,-62.9586,-56.0253,,1,3,-0.1,,,,15,5,21004,,,,29,8160,,,,4,13532,,,,20,902,,,,26,9571,,,,21,1116,,,,13,16556,,,,,,,,,,,,,,,,,,,,,,,,,,,,,,,,,,,,,,,,,,,
173716,1-Jun-18,9:47:16,2018-06-01 09:47:16,G,1,4,1529,217,0,8,-62.9462,-56.087,47:19.4,FastGPS,-62.9462,-56.087,,,4,-0.6,,,,15,27,28242,,,,21,1531,,,,20,2667,,,,15,17031,,,,13,6492,,,,16,14643,,,,7,24364,,,,26,8060,,,,,,,,,,,,,,,,,,,,,,,,,,,,,,,,,,,,,,
173716,1-Jun-18,11:26:44,2018-06-01 11:26:44,G,1,4,1531,217,0,7,-62.9682,-56.1532,26:48.4,FastGPS,-62.9682,-56.1532,,,16.7,0.4,,,,15,15,3316,,,,10,8043,,,,21,15860,,,,20,26576,,,,8,1982,,,,13,4736,,,,27,21187,,,,,,,,,,,,,,,,,,,,,,,,,,,,,,,,,,,,,,,,,,,
173716,1-Jun-18,11:57:00,2018-06-01 11:57:00,G,1,4,1532,,0,9,-62.9708,-56.1897,57:04.4,FastGPS,-62.9708,-56.1897,,,8.2,0.4,,,,15,8,28842,,,,10,11509,,,,11,30376,,,,18,29715,,,,15,13135,,,,27,12980,,,,20,24713,,,,1,21262,,,,32,31717,,,,,,,,,,,,,,,,,,,,,,,,,,,,,,,,,
173716,1-Jun-18,12:49:56,2018-06-01 12:49:56,G,1,4,1533,,0,9,-62.975,-56.2246,50:00.4,FastGPS,-62.975,-56.2246,,,5.7,0.4,,,,15,11,261,,,,18,30512,,,,10,8539,,,,8,20978,,,,32,2578,,,,27,17238,,,,14,23035,,,,22,10238,,,,1,20559,,,,,,,,,,,,,,,,,,,,,,,,,,,,,,,,,
173716,1-Jun-18,13:20:00,2018-06-01 13:20:00,G,2,4,1534,,0,9,-62.9662,-56.2056,20:04.4,FastGPS,-62.9662,-56.2056,,,7.7,0.4,,,,15,32,17996,,,,10,1697,,,,18,6292,,,,11,9584,,,,14,8409,,,,28,27191,,,,8,16674,,,,1,16540,,,,24,12872,,,,,,,,,,,,,,,,,,,,,,,,,,,,,,,,,
173716,1-Jun-18,14:50:45,2018-06-01 14:50:45,G,1,4,1535,,0,9,-62.9589,-56.2317,50:49.8,FastGPS,-62.9589,-56.2317,,,13.6,0.8,,,,15,31,13737,,,,11,10652,,,,18,3971,,,,3,10806,,,,1,14166,,,,22,25072,,,,14,29495,,,,32,9334,,,,17,1474,,,,,,,,,,,,,,,,,,,,,,,,,,,,,,,,,
173716,1-Jun-18,15:56:14,2018-06-01 15:56:14,G,1,4,1536,,0,9,-62.9646,-56.2651,56:18.4,FastGPS,-62.9646,-56.2651,,,4.3,0.4,,,,15,11,22772,,,,23,13989,,,,18,3688,,,,17,32480,,,,3,22595,,,,1,21495,,,,31,25643,,,,22,28280,,,,14,24312,,,,,,,,,,,,,,,,,,,,,,,,,,,,,,,,,
173716,1-Jun-18,16:28:39,2018-06-01 16:28:39,G,2,4,1537,,0,9,-62.96,-56.2781,28:43.4,FastGPS,-62.96,-56.2781,,,10.4,0.4,,,,15,31,23326,,,,23,19264,,,,3,14474,,,,6,8136,,,,1,7342,,,,19,1818,,,,17,11670,,,,25,20488,,,,22,6564,,,,,,,,,,,,,,,,,,,,,,,,,,,,,,,,,
173716,1-Jun-18,16:59:14,2018-06-01 16:59:14,G,2,4,1538,,0,9,-62.961,-56.2737,59:18.4,FastGPS,-62.961,-56.2737,,,10.1,0.4,,,,15,31,19824,,,,23,824,,,,6,24938,,,,3,13453,,,,22,752,,,,19,427,,,,25,31734,,,,14,23751,,,,9,5340,,,,,,,,,,,,,,,,,,,,,,,,,,,,,,,,,
173716,1-Jun-18,19:57:00,2018-06-01 19:57:00,G,1,4,1540,229,0,6,-62.9471,-56.2584,57:04.4,FastGPS,-62.9471,-56.2584,,,4.8,0.4,,,,15,23,15544,,,,7,10983,,,,5,3330,,,,9,6528,,,,16,15860,,,,2,20733,,,,,,,,,,,,,,,,,,,,,,,,,,,,,,,,,,,,,,,,,,,,,,,,
173716,1-Jun-18,20:27:00,2018-06-01 20:27:00,G,1,4,1541,229,1,4,-62.861,-56.235,6/2/2018 10:17,R,-62.9457,-56.258,,,1.4,0.4,,,,15,5,22645,,,,30,21481,,,,7,4618,,,,2,470,,,,,,,,,,,,,,,,,,,,,,,,,,,,,,,,,,,,,,,,,,,,,,,,,,,,,,,,,,
173716,1-Jun-18,21:12:00,2018-06-01 21:12:00,G,3,4,1542,230,1,4,-62.861,-56.235,6/2/2018 10:17,R,-62.9448,-56.2582,,,0.7,0.4,,,,15,5,10743,,,,30,20402,,,,7,13932,,,,13,5538,,,,,,,,,,,,,,,,,,,,,,,,,,,,,,,,,,,,,,,,,,,,,,,,,,,,,,,,,,
173716,1-Jun-18,21:42:00,2018-06-01 21:42:00,G,3,4,1543,230,1,4,-62.861,-56.235,6/2/2018 10:17,R,-62.9428,-56.2586,,,2.4,0.4,,,,15,5,7131,,,,13,16192,,,,30,15348,,,,28,8566,,,,,,,,,,,,,,,,,,,,,,,,,,,,,,,,,,,,,,,,,,,,,,,,,,,,,,,,,,
173716,1-Jun-18,22:12:00,2018-06-01 22:12:00,G,2,4,1544,230,1,4,-62.861,-56.235,6/2/2018 10:17,R,-62.9317,-56.2972,,,0.7,1.2,,,,15,15,19420,,,,28,6995,,,,13,4503,,,,5,23446,,,,,,,,,,,,,,,,,,,,,,,,,,,,,,,,,,,,,,,,,,,,,,,,,,,,,,,,,,
173716,2-Jun-18,0:12:00,2018-06-02 00:12:00,G,2,4,1545,236,1,5,-62.9377,-56.2805,12:04.4,FastGPS,-62.9377,-56.2805,,,9.2,0.4,,,,15,15,16907,,,,13,15767,,,,30,32543,,,,17,15214,,,,28,24172,,,,,,,,,,,,,,,,,,,,,,,,,,,,,,,,,,,,,,,,,,,,,,,,,,,,,
173716,2-Jun-18,6:30:09,2018-06-02 06:30:09,G,1,4,1547,248,0,8,-62.932,-56.3447,30:13.9,FastGPS,-62.932,-56.3447,,1,8.6,0.9,,,,15,2,6119,,,,5,700,,,,29,15504,,,,12,4122,,,,31,20848,,,,25,18629,,,,4,30443,,,,26,30048,,,,,,,,,,,,,,,,,,,,,,,,,,,,,,,,,,,,,,
173716,2-Jun-18,7:32:00,2018-06-02 07:32:00,G,2,4,1549,248,0,8,-62.9145,-56.3257,32:03.4,FastGPS,-62.9145,-56.3257,,1,5.5,-0.6,,,,15,5,14360,,,,29,20506,,,,4,16650,,,,26,3294,,,,31,16274,,,,2,10872,,,,16,23304,,,,21,17430,,,,,,,,,,,,,,,,,,,,,,,,,,,,,,,,,,,,,,
173716,2-Jun-18,8:02:56,2018-06-02 08:02:56,G,2,4,1550,248,0,6,-62.9026,-56.3147,03:00.9,FastGPS,-62.9026,-56.3147,,1,2.4,0.9,,,,15,5,22486,,,,29,20395,,,,26,252,,,,4,16640,,,,16,2081,,,,21,18600,,,,,,,,,,,,,,,,,,,,,,,,,,,,,,,,,,,,,,,,,,,,,,,,
173716,2-Jun-18,9:52:41,2018-06-02 09:52:41,G,2,4,1551,251,0,8,-62.8716,-56.2523,52:45.9,FastGPS,-62.8716,-56.2523,,1,4.8,0.9,,,,15,27,8522,,,,15,22652,,,,10,28261,,,,20,3120,,,,16,13361,,,,4,25865,,,,21,5305,,,,26,18413,,,,,,,,,,,,,,,,,,,,,,,,,,,,,,,,,,,,,,
173716,2-Jun-18,10:23:00,2018-06-02 10:23:00,G,2,4,1552,251,0,8,-62.8646,-56.2466,23:03.4,FastGPS,-62.8646,-56.2466,,,8.8,-0.6,,,,15,10,15613,,,,21,25109,,,,15,29302,,,,16,16086,,,,27,4446,,,,20,24816,,,,13,12534,,,,26,2428,,,,,,,,,,,,,,,,,,,,,,,,,,,,,,,,,,,,,,
173716,2-Jun-18,11:02:58,2018-06-02 11:02:58,G,2,4,1553,251,0,8,-62.8716,-56.284,03:01.9,FastGPS,-62.8716,-56.284,,,11.8,-0.1,,,,15,27,1724,,,,10,5043,,,,21,6567,,,,8,16962,,,,15,28259,,,,13,31804,,,,20,32196,,,,16,16103,,,,,,,,,,,,,,,,,,,,,,,,,,,,,,,,,,,,,,
173716,2-Jun-18,11:36:17,2018-06-02 11:36:17,G,5,4,1554,251,0,8,-62.8826,-56.3267,36:20.4,FastGPS,-62.8826,-56.3267,,,9.6,-0.6,,,,15,10,20176,,,,20,25614,,,,27,31758,,,,32,1800,,,,28,4586,,,,21,11837,,,,8,25140,,,,11,14080,,,,,,,,,,,,,,,,,,,,,,,,,,,,,,,,,,,,,,
173716,2-Jun-18,12:07:56,2018-06-02 12:07:56,G,4,4,1555,,0,9,-62.8804,-56.3346,07:59.9,FastGPS,-62.8804,-56.3346,,,6.7,-0.1,,,,15,10,24482,,,,11,5852,,,,18,4818,,,,8,20142,,,,27,22250,,,,28,1728,,,,1,10456,,,,32,19155,,,,15,16414,,,,,,,,,,,,,,,,,,,,,,,,,,,,,,,,,
173716,2-Jun-18,12:38:13,2018-06-02 12:38:13,G,4,4,1556,,0,9,-62.8793,-56.3545,38:16.9,FastGPS,-62.8793,-56.3545,,,6.5,-0.1,,,,15,10,26458,,,,8,4987,,,,18,12668,,,,20,23042,,,,28,16413,,,,32,13995,,,,24,9746,,,,27,20007,,,,11,14873,,,,,,,,,,,,,,,,,,,,,,,,,,,,,,,,,
173716,2-Jun-18,13:12:22,2018-06-02 13:12:22,G,2,4,1557,251,0,8,-62.8803,-56.3762,12:25.4,FastGPS,-62.8803,-56.3762,,,3.3,-0.6,,,,15,22,27120,,,,10,23238,,,,18,11984,,,,32,23060,,,,11,15310,,,,1,15368,,,,8,7346,,,,27,17497,,,,,,,,,,,,,,,,,,,,,,,,,,,,,,,,,,,,,,
173716,2-Jun-18,13:43:43,2018-06-02 13:43:43,G,2,4,1558,251,0,7,-62.883,-56.4056,43:46.9,FastGPS,-62.883,-56.4056,,,6.4,-0.1,,,,15,32,10996,,,,1,6867,,,,18,4610,,,,14,13894,,,,17,14614,,,,11,8681,,,,8,11968,,,,,,,,,,,,,,,,,,,,,,,,,,,,,,,,,,,,,,,,,,,
173716,2-Jun-18,14:15:08,2018-06-02 14:15:08,G,7,4,1559,,0,9,-62.8782,-56.4459,15:11.4,FastGPS,-62.8782,-56.4459,,,8.9,-0.6,,,,15,10,20558,,,,18,19667,,,,11,24692,,,,1,26562,,,,31,9034,,,,22,17094,,,,32,10745,,,,8,21810,,,,14,8852,,,,,,,,,,,,,,,,,,,,,,,,,,,,,,,,,
173716,2-Jun-18,14:46:11,2018-06-02 14:46:11,G,4,4,1560,,0,9,-62.8844,-56.4792,46:15.4,FastGPS,-62.8844,-56.4792,,,11.7,0.4,,,,15,31,15300,,,,3,14094,,,,11,16684,,,,1,18895,,,,22,28727,,,,32,13546,,,,14,402,,,,18,9616,,,,17,5277,,,,,,,,,,,,,,,,,,,,,,,,,,,,,,,,,
173716,2-Jun-18,15:16:07,2018-06-02 15:16:07,G,4,4,1561,,0,9,-62.8899,-56.5003,16:11.4,FastGPS,-62.8899,-56.5003,,,5.3,0.4,,,,15,17,31488,,,,31,27817,,,,18,30312,,,,11,8610,,,,3,9576,,,,1,31057,,,,22,32142,,,,32,16239,,,,12,26828,,,,,,,,,,,,,,,,,,,,,,,,,,,,,,,,,
173716,2-Jun-18,15:46:43,2018-06-02 15:46:43,G,2,4,1562,,0,9,-62.892,-56.5223,46:47.4,FastGPS,-62.892,-56.5223,,,5,0.4,,,,15,17,13394,,,,19,7580,,,,23,25190,,,,1,7741,,,,3,17765,,,,14,9243,,,,32,1081,,,,22,3450,,,,12,16676,,,,,,,,,,,,,,,,,,,,,,,,,,,,,,,,,
173716,2-Jun-18,17:52:49,2018-06-02 17:52:49,G,1,4,1566,,0,9,-62.9217,-56.5173,52:53.4,FastGPS,-62.9217,-56.5173,,1,17.1,0.4,,,,15,31,735,,,,4,29028,,,,23,7780,,,,26,3096,,,,29,10824,,,,3,10881,,,,16,25967,,,,6,29156,,,,22,30194,,,,,,,,,,,,,,,,,,,,,,,,,,,,,,,,,
173716,2-Jun-18,18:24:17,2018-06-02 18:24:17,G,1,4,1567,,0,9,-62.9122,-56.4906,24:21.9,FastGPS,-62.9122,-56.4906,,1,13.9,0.9,,,,15,16,30842,,,,3,6414,,,,9,12258,,,,31,22623,,,,26,4012,,,,4,2440,,,,23,30230,,,,6,8096,,,,2,15542,,,,,,,,,,,,,,,,,,,,,,,,,,,,,,,,,
173716,2-Jun-18,18:55:04,2018-06-02 18:55:04,G,2,4,1568,,0,9,-62.9118,-56.4806,55:08.9,FastGPS,-62.9118,-56.4806,,,8.4,0.9,,,,15,7,20789,,,,23,25553,,,,16,12490,,,,9,23458,,,,6,20919,,,,2,18258,,,,3,29990,,,,26,234,,,,4,5827,,,,,,,,,,,,,,,,,,,,,,,,,,,,,,,,,
173716,2-Jun-18,19:25:21,2018-06-02 19:25:21,G,1,4,1569,251,0,8,-62.9077,-56.4643,25:25.4,FastGPS,-62.9077,-56.4643,,,4.5,0.4,,,,15,9,28684,,,,5,25888,,,,23,23069,,,,7,16552,,,,16,16168,,,,26,15236,,,,4,384,,,,2,1196,,,,,,,,,,,,,,,,,,,,,,,,,,,,,,,,,,,,,,
173716,2-Jun-18,19:55:00,2018-06-02 19:55:00,G,1,4,1570,251,0,6,-62.9055,-56.452,55:04.4,FastGPS,-62.9055,-56.452,,1,12.3,0.4,,,,15,16,8472,,,,23,1942,,,,7,12566,,,,26,27296,,,,9,31313,,,,4,31766,,,,,,,,,,,,,,,,,,,,,,,,,,,,,,,,,,,,,,,,,,,,,,,,
173716,2-Jun-18,20:25:00,2018-06-02 20:25:00,G,2,4,1571,251,1,6,-62.9092,-56.4369,25:04.4,FastGPS,-62.9092,-56.4369,,,6.3,0.4,,,,15,9,9478,,,,7,13736,,,,16,234,,,,30,3120,,,,27,14508,,,,23,8348,,,,,,,,,,,,,,,,,,,,,,,,,,,,,,,,,,,,,,,,,,,,,,,,
173716,3-Jun-18,10:55:33,2018-06-03 10:55:33,G,2,4,1572,251,0,6,-62.9076,-56.2912,55:37.4,FastGPS,-62.9076,-56.2912,,,11.5,0.4,,,,15,21,32473,,,,10,8703,,,,27,13563,,,,20,17628,,,,15,10165,,,,8,19005,,,,,,,,,,,,,,,,,,,,,,,,,,,,,,,,,,,,,,,,,,,,,,,,
173716,3-Jun-18,11:25:07,2018-06-03 11:25:07,G,2,4,1573,251,0,8,-62.9067,-56.2932,25:11.9,FastGPS,-62.9067,-56.2932,,,10.5,0.9,,,,15,15,30090,,,,10,23614,,,,27,20305,,,,20,24254,,,,8,23178,,,,13,20268,,,,32,10313,,,,24,10231,,,,,,,,,,,,,,,,,,,,,,,,,,,,,,,,,,,,,,
173716,3-Jun-18,11:57:15,2018-06-03 11:57:15,G,2,4,1574,251,0,7,-62.9047,-56.2886,57:19.4,FastGPS,-62.9047,-56.2886,,,7.9,0.4,,,,15,20,27415,,,,10,31873,,,,27,12864,,,,24,17188,,,,15,9278,,,,32,26886,,,,8,22955,,,,,,,,,,,,,,,,,,,,,,,,,,,,,,,,,,,,,,,,,,,
173716,3-Jun-18,12:27:00,2018-06-03 12:27:00,G,2,4,1575,251,0,8,-62.9044,-56.3062,27:04.4,FastGPS,-62.9044,-56.3062,,,8.6,0.4,,,,15,18,28364,,,,8,18625,,,,11,30424,,,,32,25868,,,,10,10570,,,,27,19362,,,,1,29191,,,,28,16310,,,,,,,,,,,,,,,,,,,,,,,,,,,,,,,,,,,,,,
173716,3-Jun-18,13:00:59,2018-06-03 13:00:59,G,1,4,1576,,0,9,-62.9037,-56.3414,01:03.4,FastGPS,-62.9037,-56.3414,,,6.4,0.4,,,,15,14,11037,,,,32,13607,,,,24,27077,,,,8,994,,,,18,3270,,,,11,6466,,,,10,17516,,,,20,6529,,,,1,25784,,,,,,,,,,,,,,,,,,,,,,,,,,,,,,,,,
173716,3-Jun-18,15:05:08,2018-06-03 15:05:08,G,2,4,1580,,0,9,-62.9105,-56.4287,05:12.4,FastGPS,-62.9105,-56.4287,,,8.6,0.4,,,,15,18,20490,,,,11,30173,,,,31,7449,,,,3,25174,,,,1,9200,,,,32,10788,,,,22,29544,,,,17,32532,,,,14,19438,,,,,,,,,,,,,,,,,,,,,,,,,,,,,,,,,
173716,3-Jun-18,15:54:06,2018-06-03 15:54:06,G,1,4,1581,,0,9,-62.9131,-56.4467,54:10.4,FastGPS,-62.9131,-56.4467,,,10.3,0.4,,,,15,31,27835,,,,23,2225,,,,22,14978,,,,1,29745,,,,3,23940,,,,18,5704,,,,14,29471,,,,32,8366,,,,17,13795,,,,,,,,,,,,,,,,,,,,,,,,,,,,,,,,,
173716,3-Jun-18,16:28:02,2018-06-03 16:28:02,G,5,4,1582,252,0,6,-62.9175,-56.4382,28:06.5,FastGPS,-62.9175,-56.4382,,,5.2,0.5,,,,15,31,13236,,,,22,12342,,,,3,5335,,,,23,4854,,,,1,1274,,,,14,30828,,,,,,,,,,,,,,,,,,,,,,,,,,,,,,,,,,,,,,,,,,,,,,,,
173716,3-Jun-18,16:59:28,2018-06-03 16:59:28,G,2,4,1583,252,0,8,-62.9189,-56.433,59:32.4,FastGPS,-62.9189,-56.433,,,2.3,0.4,,,,15,31,11696,,,,26,11464,,,,3,8255,,,,1,24961,,,,22,10997,,,,23,26899,,,,4,7989,,,,9,18325,,,,,,,,,,,,,,,,,,,,,,,,,,,,,,,,,,,,,,
173716,3-Jun-18,17:31:41,2018-06-03 17:31:41,G,4,4,1584,252,0,8,-62.9224,-56.4229,31:45.9,FastGPS,-62.9224,-56.4229,,,5.2,0.9,,,,15,23,92,,,,3,28115,,,,6,24090,,,,26,20279,,,,31,22642,,,,2,8798,,,,9,11878,,,,4,27350,,,,,,,,,,,,,,,,,,,,,,,,,,,,,,,,,,,,,,
173716,3-Jun-18,18:03:42,2018-06-03 18:03:42,G,2,4,1585,,0,9,-62.92,-56.4131,03:46.9,FastGPS,-62.92,-56.4131,,1,2.8,0.9,,,,15,16,22734,,,,3,24859,,,,4,15037,,,,31,10954,,,,9,22344,,,,26,2158,,,,23,2359,,,,6,18783,,,,29,22648,,,,,,,,,,,,,,,,,,,,,,,,,,,,,,,,,
173716,3-Jun-18,18:35:34,2018-06-03 18:35:34,G,3,4,1586,,0,9,-62.9138,-56.4136,35:38.4,FastGPS,-62.9138,-56.4136,,1,12.7,0.4,,,,15,23,31508,,,,7,10808,,,,4,25161,,,,26,7204,,,,16,9000,,,,9,4709,,,,6,1313,,,,3,2848,,,,29,26732,,,,,,,,,,,,,,,,,,,,,,,,,,,,,,,,,
173716,3-Jun-18,19:05:00,2018-06-03 19:05:00,G,3,4,1587,,0,9,-62.9145,-56.3989,05:04.4,FastGPS,-62.9145,-56.3989,,,4.3,0.4,,,,15,23,4088,,,,7,5650,,,,16,23694,,,,4,31904,,,,9,19031,,,,29,21202,,,,26,3800,,,,2,22104,,,,5,10303,,,,,,,,,,,,,,,,,,,,,,,,,,,,,,,,,
173716,3-Jun-18,19:35:00,2018-06-03 19:35:00,G,2,4,1588,252,0,5,-62.9159,-56.3793,35:04.4,FastGPS,-62.9159,-56.3793,,,1.5,0.4,,,,15,7,30138,,,,2,27888,,,,5,13099,,,,30,29311,,,,9,17582,,,,,,,,,,,,,,,,,,,,,,,,,,,,,,,,,,,,,,,,,,,,,,,,,,,,,
173716,3-Jun-18,20:05:00,2018-06-03 20:05:00,G,1,4,1589,252,1,5,-62.9155,-56.3595,05:04.5,FastGPS,-62.9155,-56.3595,,,6,0.4,,,,15,5,11878,,,,30,25624,,,,7,6801,,,,23,1611,,,,2,17268,,,,,,,,,,,,,,,,,,,,,,,,,,,,,,,,,,,,,,,,,,,,,,,,,,,,,
173716,3-Jun-18,20:50:00,2018-06-03 20:50:00,G,2,4,1590,253,1,5,-62.9136,-56.3298,50:04.4,FastGPS,-62.9136,-56.3298,,,4.3,0.4,,,,15,30,29787,,,,5,13824,,,,7,30157,,,,9,19128,,,,8,7121,,,,,,,,,,,,,,,,,,,,,,,,,,,,,,,,,,,,,,,,,,,,,,,,,,,,,
173716,3-Jun-18,21:20:00,2018-06-03 21:20:00,G,1,4,1591,253,0,5,-62.9115,-56.3096,20:04.4,FastGPS,-62.9115,-56.3096,,,2.2,0.4,,,,15,5,5456,,,,13,9442,,,,30,15688,,,,28,15829,,,,21,3542,,,,,,,,,,,,,,,,,,,,,,,,,,,,,,,,,,,,,,,,,,,,,,,,,,,,,
173716,3-Jun-18,21:50:00,2018-06-03 21:50:00,G,1,4,1592,253,1,6,-62.9092,-56.2897,50:04.4,FastGPS,-62.9092,-56.2897,,,1.6,0.4,,,,15,13,13276,,,,21,3749,,,,5,13643,,,,15,10411,,,,27,31023,,,,30,25834,,,,,,,,,,,,,,,,,,,,,,,,,,,,,,,,,,,,,,,,,,,,,,,,
173716,4-Jun-18,7:36:40,2018-06-04 07:36:40,G,3,4,1593,253,0,7,-62.8836,-56.0756,36:44.4,FastGPS,-62.8836,-56.0756,,1,10.1,0.4,,,,15,4,17563,,,,31,21586,,,,16,1611,,,,21,5395,,,,26,16388,,,,5,6716,,,,29,26724,,,,,,,,,,,,,,,,,,,,,,,,,,,,,,,,,,,,,,,,,,,
173716,4-Jun-18,8:07:15,2018-06-04 08:07:15,G,2,4,1594,253,0,7,-62.8919,-56.0506,07:19.4,FastGPS,-62.8919,-56.0506,,1,1.8,0.4,,,,15,29,13639,,,,5,29022,,,,16,32182,,,,21,24886,,,,4,31012,,,,9,8422,,,,7,24023,,,,,,,,,,,,,,,,,,,,,,,,,,,,,,,,,,,,,,,,,,,
173716,4-Jun-18,8:37:00,2018-06-04 08:37:00,G,2,4,1595,,0,9,-62.9125,-56.0283,37:04.4,FastGPS,-62.9125,-56.0283,,1,10.4,0.4,,,,15,29,3995,,,,16,20781,,,,26,18784,,,,4,30936,,,,27,26181,,,,21,1321,,,,20,32005,,,,5,10276,,,,13,1371,,,,,,,,,,,,,,,,,,,,,,,,,,,,,,,,,
173716,4-Jun-18,9:07:26,2018-06-04 09:07:26,G,2,4,1596,,0,9,-62.9296,-56.0495,07:30.9,FastGPS,-62.9296,-56.0495,,1,3.4,0.9,,,,15,15,25020,,,,16,1784,,,,20,11955,,,,26,3482,,,,4,27513,,,,29,6202,,,,7,15908,,,,27,19864,,,,21,3214,,,,,,,,,,,,,,,,,,,,,,,,,,,,,,,,,
173716,4-Jun-18,9:38:04,2018-06-04 09:38:04,G,1,4,1597,253,0,7,-62.9305,-56.037,38:08.4,FastGPS,-62.9305,-56.037,,,6.3,0.4,,,,15,13,27606,,,,15,10344,,,,30,7727,,,,7,7076,,,,21,16472,,,,20,22253,,,,27,22956,,,,,,,,,,,,,,,,,,,,,,,,,,,,,,,,,,,,,,,,,,,
173716,4-Jun-18,10:08:00,2018-06-04 10:08:00,G,3,4,1598,253,1,8,-62.9308,-56.0259,08:04.4,FastGPS,-62.9308,-56.0259,,1,6.2,0.4,,,,15,27,6923,,,,16,20676,,,,20,4343,,,,15,6131,,,,10,4271,,,,21,28189,,,,26,16372,,,,4,18932,,,,,,,,,,,,,,,,,,,,,,,,,,,,,,,,,,,,,,
173716,4-Jun-18,10:38:13,2018-06-04 10:38:13,G,2,4,1599,253,0,6,-62.9342,-56.0123,38:17.9,FastGPS,-62.9342,-56.0123,,,11.9,0.9,,,,15,27,21741,,,,10,18758,,,,16,13099,,,,20,12853,,,,21,1898,,,,15,30422,,,,,,,,,,,,,,,,,,,,,,,,,,,,,,,,,,,,,,,,,,,,,,,,
173716,4-Jun-18,11:09:02,2018-06-04 11:09:02,G,1,4,1600,253,0,8,-62.9432,-56.0416,09:06.4,FastGPS,-62.9432,-56.0416,,,7.6,0.4,,,,15,10,4530,,,,27,31077,,,,32,14752,,,,21,14172,,,,8,27100,,,,13,27198,,,,20,18518,,,,30,10991,,,,,,,,,,,,,,,,,,,,,,,,,,,,,,,,,,,,,,
173716,4-Jun-18,11:40:07,2018-06-04 11:40:07,G,1,4,1601,,0,9,-62.9447,-56.0336,40:11.4,FastGPS,-62.9447,-56.0336,,,11.8,0.4,,,,15,10,11799,,,,28,30944,,,,15,27336,,,,8,25302,,,,21,4242,,,,20,19175,,,,27,24728,,,,24,21758,,,,32,11710,,,,,,,,,,,,,,,,,,,,,,,,,,,,,,,,,
173716,4-Jun-18,12:10:00,2018-06-04 12:10:00,G,1,4,1602,253,1,8,-62.9454,-56.0293,10:04.4,FastGPS,-62.9454,-56.0293,,,7,0.4,,,,15,10,15784,,,,8,16026,,,,27,20353,,,,18,5936,,,,11,7634,,,,15,16039,,,,28,20370,,,,32,29126,,,,,,,,,,,,,,,,,,,,,,,,,,,,,,,,,,,,,,
173716,4-Jun-18,12:40:14,2018-06-04 12:40:14,G,3,4,1603,,0,9,-62.9459,-56.0281,40:18.9,FastGPS,-62.9459,-56.0281,,,6.4,0.9,,,,15,32,11860,,,,11,7305,,,,8,15721,,,,27,7185,,,,18,4648,,,,1,30956,,,,22,20969,,,,10,3977,,,,28,14584,,,,,,,,,,,,,,,,,,,,,,,,,,,,,,,,,
173716,4-Jun-18,13:16:00,2018-06-04 13:16:00,G,3,4,1604,,0,9,-62.9471,-56.0542,16:04.4,FastGPS,-62.9471,-56.0542,,,8.6,0.4,,,,15,22,12676,,,,8,32211,,,,1,23739,,,,18,30320,,,,32,9842,,,,28,21315,,,,27,26508,,,,14,22688,,,,11,1010,,,,,,,,,,,,,,,,,,,,,,,,,,,,,,,,,
173716,4-Jun-18,13:46:42,2018-06-04 13:46:42,G,1,4,1605,253,0,8,-62.9634,-56.0718,46:46.4,FastGPS,-62.9634,-56.0718,,,12.5,0.4,,,,15,18,16962,,,,11,20854,,,,14,23130,,,,22,3464,,,,1,10755,,,,32,20601,,,,8,4356,,,,17,6722,,,,,,,,,,,,,,,,,,,,,,,,,,,,,,,,,,,,,,
173716,4-Jun-18,14:17:16,2018-06-04 14:17:16,G,1,4,1606,,0,9,-62.9793,-56.1194,17:20.9,FastGPS,-62.9793,-56.1194,,,7.3,0.9,,,,15,31,26613,,,,22,14584,,,,1,8716,,,,32,31122,,,,3,437,,,,18,11588,,,,11,16472,,,,14,25653,,,,10,12921,,,,,,,,,,,,,,,,,,,,,,,,,,,,,,,,,
173716,4-Jun-18,14:48:51,2018-06-04 14:48:51,G,1,4,1607,,0,9,-62.9837,-56.1337,48:55.9,FastGPS,-62.9837,-56.1337,,,5.8,0.9,,,,15,31,13499,,,,18,3984,,,,3,3280,,,,14,16481,,,,11,11368,,,,32,3580,,,,1,2381,,,,22,31994,,,,12,17032,,,,,,,,,,,,,,,,,,,,,,,,,,,,,,,,,
173716,4-Jun-18,15:19:00,2018-06-04 15:19:00,G,1,4,1608,,0,9,-62.9922,-56.1705,19:04.4,FastGPS,-62.9922,-56.1705,,,5.8,0.4,,,,15,17,30749,,,,23,20417,,,,11,9009,,,,3,6666,,,,32,12776,,,,31,273,,,,1,15243,,,,18,29482,,,,22,5962,,,,,,,,,,,,,,,,,,,,,,,,,,,,,,,,,
173716,4-Jun-18,18:27:03,2018-06-04 18:27:03,G,2,4,1612,253,0,7,-62.9955,-56.1906,27:07.9,FastGPS,-62.9955,-56.1906,,,7.3,0.9,,,,15,7,26300,,,,3,29098,,,,2,26577,,,,9,3616,,,,6,18016,,,,23,15152,,,,16,4165,,,,,,,,,,,,,,,,,,,,,,,,,,,,,,,,,,,,,,,,,,,
173716,4-Jun-18,18:57:22,2018-06-04 18:57:22,G,1,4,1613,253,0,7,-63.0012,-56.2356,57:26.5,FastGPS,-63.0012,-56.2356,,,3.4,0.5,,,,15,29,10295,,,,23,2634,,,,4,27506,,,,5,13582,,,,7,8471,,,,9,4106,,,,2,13257,,,,,,,,,,,,,,,,,,,,,,,,,,,,,,,,,,,,,,,,,,,
173716,4-Jun-18,19:45:28,2018-06-04 19:45:28,G,2,4,1614,254,0,7,-62.9994,-56.27,45:33.0,FastGPS,-62.9994,-56.27,,1,10.9,1,,,,15,23,23508,,,,16,25308,,,,9,14854,,,,7,22743,,,,26,15068,,,,30,11453,,,,4,20097,,,,,,,,,,,,,,,,,,,,,,,,,,,,,,,,,,,,,,,,,,,
173716,4-Jun-18,20:15:23,2018-06-04 20:15:23,G,1,4,1615,254,0,5,-63.0004,-56.2739,15:26.4,FastGPS,-63.0004,-56.2739,,,1.1,-0.6,,,,15,5,14436,,,,9,29622,,,,7,28313,,,,30,13247,,,,23,310,,,,,,,,,,,,,,,,,,,,,,,,,,,,,,,,,,,,,,,,,,,,,,,,,,,,,
173716,4-Jun-18,20:46:41,2018-06-04 20:46:41,G,1,4,1616,254,0,6,-63.0004,-56.2846,46:44.4,FastGPS,-63.0004,-56.2846,,,1.3,-0.6,,,,15,7,8098,,,,30,9414,,,,8,21608,,,,27,15025,,,,9,26756,,,,23,13397,,,,,,,,,,,,,,,,,,,,,,,,,,,,,,,,,,,,,,,,,,,,,,,,
173716,4-Jun-18,21:17:33,2018-06-04 21:17:33,G,1,4,1617,254,0,6,-63.0026,-56.2777,17:36.4,FastGPS,-63.0026,-56.2777,,,4.9,-0.6,,,,15,13,2968,,,,5,23124,,,,7,10632,,,,21,25890,,,,8,6009,,,,27,29141,,,,,,,,,,,,,,,,,,,,,,,,,,,,,,,,,,,,,,,,,,,,,,,,
173716,4-Jun-18,23:19:16,2018-06-04 23:19:16,G,2,4,1621,254,0,8,-62.978,-56.3936,19:19.9,FastGPS,-62.978,-56.3936,,,7.8,-0.1,,,,15,7,7206,,,,15,26449,,,,30,24180,,,,13,6786,,,,28,13450,,,,11,4499,,,,8,26562,,,,17,10310,,,,,,,,,,,,,,,,,,,,,,,,,,,,,,,,,,,,,,
173716,4-Jun-18,23:53:57,2018-06-04 23:53:57,G,1,4,1622,254,0,7,-62.9712,-56.4119,54:00.9,FastGPS,-62.9712,-56.4119,,,6.6,-0.1,,,,15,17,27536,,,,30,30184,,,,11,26456,,,,13,1896,,,,15,20096,,,,28,6208,,,,10,5687,,,,,,,,,,,,,,,,,,,,,,,,,,,,,,,,,,,,,,,,,,,
173716,5-Jun-18,0:40:04,2018-06-05 00:40:04,G,1,4,1623,255,0,8,-62.9588,-56.4272,40:07.9,FastGPS,-62.9588,-56.4272,,,13.6,-0.1,,,,15,28,19720,,,,15,31000,,,,17,17179,,,,1,1915,,,,19,30662,,,,11,11216,,,,30,18902,,,,13,23874,,,,,,,,,,,,,,,,,,,,,,,,,,,,,,,,,,,,,,
173716,5-Jun-18,2:30:52,2018-06-05 02:30:52,G,1,4,1626,256,0,5,-62.9398,-56.529,30:55.9,FastGPS,-62.9398,-56.529,,,8.2,-0.1,,,,15,17,17713,,,,12,14214,,,,19,30588,,,,24,11978,,,,6,2746,,,,,,,,,,,,,,,,,,,,,,,,,,,,,,,,,,,,,,,,,,,,,,,,,,,,,
173716,5-Jun-18,3:01:10,2018-06-05 03:01:10,G,1,4,1627,,0,9,-62.9479,-56.5614,01:13.5,FastGPS,-62.9479,-56.5614,,,9.8,-0.5,,,,15,12,15676,,,,17,13850,,,,32,27814,,,,24,25786,,,,19,30083,,,,6,3244,,,,25,21762,,,,22,7638,,,,3,2730,,,,,,,,,,,,,,,,,,,,,,,,,,,,,,,,,
173716,5-Jun-18,3:35:01,2018-06-05 03:35:01,G,1,4,1628,256,0,7,-62.9617,-56.5926,35:04.4,FastGPS,-62.9617,-56.5926,,,11.4,-0.6,,,,15,12,15002,,,,2,13850,,,,24,15576,,,,19,10156,,,,6,30654,,,,17,24282,,,,25,12627,,,,,,,,,,,,,,,,,,,,,,,,,,,,,,,,,,,,,,,,,,,
173716,5-Jun-18,4:58:08,2018-06-05 04:58:08,G,2,4,1629,259,0,6,-62.9842,-56.6569,58:11.5,FastGPS,-62.9842,-56.6569,,,8.7,-0.5,,,,15,6,12552,,,,31,26239,,,,12,17750,,,,25,3632,,,,29,18990,,,,2,12372,,,,,,,,,,,,,,,,,,,,,,,,,,,,,,,,,,,,,,,,,,,,,,,,
173716,5-Jun-18,5:28:00,2018-06-05 05:28:00,G,1,4,1630,,1,9,-62.9828,-56.6524,28:03.4,FastGPS,-62.9828,-56.6524,,1,13.4,-0.6,,,,15,29,1346,,,,31,26818,,,,12,1648,,,,25,20771,,,,4,25197,,,,5,4903,,,,14,28069,,,,2,17200,,,,26,30485,,,,,,,,,,,,,,,,,,,,,,,,,,,,,,,,,
173716,5-Jun-18,14:50:00,2018-06-05 14:50:00,G,3,4,1631,,0,9,-63.0239,-56.6673,50:03.4,FastGPS,-63.0239,-56.6673,,,7.4,-0.6,,,,15,1,22060,,,,11,21696,,,,18,12579,,,,17,4238,,,,22,28868,,,,31,20393,,,,14,290,,,,3,11260,,,,32,7484,,,,,,,,,,,,,,,,,,,,,,,,,,,,,,,,,
173716,5-Jun-18,16:42:41,2018-06-05 16:42:41,G,1,4,1632,265,0,8,-62.9913,-56.8113,42:44.9,FastGPS,-62.9913,-56.8113,,,7.1,-0.1,,,,15,31,3060,,,,6,11963,,,,3,31345,,,,23,18129,,,,22,19004,,,,9,25841,,,,17,31490,,,,19,21552,,,,,,,,,,,,,,,,,,,,,,,,,,,,,,,,,,,,,,
173716,5-Jun-18,17:46:41,2018-06-05 17:46:41,G,2,4,1633,267,0,8,-63.0039,-56.941,46:44.4,FastGPS,-63.0039,-56.941,,1,7.1,-0.6,,,,15,23,1620,,,,3,17393,,,,22,29814,,,,9,25571,,,,16,11962,,,,6,23398,,,,4,31549,,,,26,10545,,,,,,,,,,,,,,,,,,,,,,,,,,,,,,,,,,,,,,
173716,5-Jun-18,18:17:00,2018-06-05 18:17:00,G,4,4,1634,,0,9,-63.0002,-56.9958,17:03.5,FastGPS,-63.0002,-56.9958,,1,7.1,-0.5,,,,15,23,15728,,,,16,5891,,,,7,20770,,,,9,17995,,,,6,26452,,,,3,11248,,,,26,32654,,,,4,27292,,,,31,26770,,,,,,,,,,,,,,,,,,,,,,,,,,,,,,,,,
173716,5-Jun-18,18:51:34,2018-06-05 18:51:34,G,1,4,1635,267,0,6,-62.9892,-57.0638,51:37.9,FastGPS,-62.9892,-57.0638,,,4.8,-0.1,,,,15,7,32218,,,,9,501,,,,6,28706,,,,23,2212,,,,16,29168,,,,26,25466,,,,,,,,,,,,,,,,,,,,,,,,,,,,,,,,,,,,,,,,,,,,,,,,
173716,5-Jun-18,19:24:04,2018-06-05 19:24:04,G,1,4,1636,,0,9,-62.9818,-57.1281,24:08.0,FastGPS,-62.9818,-57.1281,,,5.3,0,,,,15,23,5019,,,,16,9156,,,,7,16545,,,,26,11720,,,,4,24612,,,,9,13780,,,,30,12494,,,,5,277,,,,29,26154,,,,,,,,,,,,,,,,,,,,,,,,,,,,,,,,,
173716,5-Jun-18,20:33:25,2018-06-05 20:33:25,G,1,4,1638,267,0,6,-62.9582,-57.2455,33:28.5,FastGPS,-62.9582,-57.2455,,,7.1,-0.5,,,,15,7,13821,,,,30,25047,,,,5,25819,,,,27,26362,,,,9,28450,,,,16,25320,,,,,,,,,,,,,,,,,,,,,,,,,,,,,,,,,,,,,,,,,,,,,,,,
173716,5-Jun-18,21:03:12,2018-06-05 21:03:12,G,1,4,1639,267,0,8,-62.9458,-57.2961,03:15.4,FastGPS,-62.9458,-57.2961,,,8,-0.6,,,,15,5,20976,,,,7,11462,,,,9,30114,,,,8,18679,,,,28,8122,,,,30,10221,,,,13,18180,,,,27,1688,,,,,,,,,,,,,,,,,,,,,,,,,,,,,,,,,,,,,,
173716,5-Jun-18,21:33:00,2018-06-05 21:33:00,G,3,4,1640,267,0,8,-62.9438,-57.3145,33:04.5,FastGPS,-62.9438,-57.3145,,,3.6,0.5,,,,15,5,2884,,,,7,1849,,,,13,19551,,,,30,23544,,,,28,17274,,,,9,13328,,,,27,32115,,,,21,7745,,,,,,,,,,,,,,,,,,,,,,,,,,,,,,,,,,,,,,
173716,5-Jun-18,22:07:24,2018-06-05 22:07:24,G,4,4,1641,267,0,6,-62.9787,-57.3352,07:28.5,FastGPS,-62.9787,-57.3352,,,1.6,0.5,,,,15,5,9023,,,,7,23683,,,,13,25831,,,,28,7886,,,,8,16792,,,,30,8981,,,,,,,,,,,,,,,,,,,,,,,,,,,,,,,,,,,,,,,,,,,,,,,,
173716,5-Jun-18,22:39:48,2018-06-05 22:39:48,G,2,4,1642,267,0,6,-63.0038,-57.3726,39:52.5,FastGPS,-63.0038,-57.3726,,,5.8,0.5,,,,15,15,26740,,,,13,28868,,,,5,24840,,,,28,23220,,,,30,25694,,,,8,22428,,,,,,,,,,,,,,,,,,,,,,,,,,,,,,,,,,,,,,,,,,,,,,,,
173716,5-Jun-18,23:13:09,2018-06-05 23:13:09,G,1,4,1643,267,0,7,-63.0281,-57.4259,13:13.9,FastGPS,-63.0281,-57.4259,,,10.9,0.9,,,,15,15,31972,,,,28,16858,,,,30,599,,,,13,15634,,,,7,17302,,,,17,3816,,,,20,29958,,,,,,,,,,,,,,,,,,,,,,,,,,,,,,,,,,,,,,,,,,,
173716,5-Jun-18,23:47:03,2018-06-05 23:47:03,G,1,4,1644,267,0,8,-63.049,-57.4943,47:08.0,FastGPS,-63.049,-57.4943,,,6.6,1,,,,15,15,17522,,,,17,7021,,,,13,4263,,,,28,3090,,,,20,32504,,,,24,19796,,,,1,24814,,,,19,6486,,,,,,,,,,,,,,,,,,,,,,,,,,,,,,,,,,,,,,
173716,6-Jun-18,0:51:33,2018-06-06 00:51:33,G,2,4,1646,,0,9,-63.0815,-57.6003,51:36.5,FastGPS,-63.0815,-57.6003,,,17.6,-0.5,,,,15,17,22320,,,,10,14325,,,,28,18730,,,,18,23811,,,,11,13660,,,,1,17473,,,,19,18214,,,,20,1976,,,,15,1409,,,,,,,,,,,,,,,,,,,,,,,,,,,,,,,,,
173716,6-Jun-18,1:23:29,2018-06-06 01:23:29,G,1,4,1647,267,0,8,-63.1098,-57.6373,23:33.0,FastGPS,-63.1098,-57.6373,,,14.2,0,,,,15,17,30739,,,,12,9994,,,,15,28836,,,,19,7244,,,,24,31426,,,,28,28955,,,,13,28956,,,,10,18154,,,,,,,,,,,,,,,,,,,,,,,,,,,,,,,,,,,,,,
173716,6-Jun-18,1:53:00,2018-06-06 01:53:00,G,2,4,1648,267,0,8,-63.1243,-57.6903,53:04.5,FastGPS,-63.1243,-57.6903,,,5.1,0.5,,,,15,12,22105,,,,17,23636,,,,19,25706,,,,24,31741,,,,32,11861,,,,15,9134,,,,10,28454,,,,6,31174,,,,,,,,,,,,,,,,,,,,,,,,,,,,,,,,,,,,,,
173716,6-Jun-18,2:58:36,2018-06-06 02:58:36,G,1,4,1650,267,0,8,-63.1436,-57.8084,58:40.9,FastGPS,-63.1436,-57.8084,,,8.7,0.9,,,,15,32,29850,,,,17,32063,,,,25,30131,,,,12,16584,,,,24,17344,,,,14,8778,,,,22,4600,,,,6,30074,,,,,,,,,,,,,,,,,,,,,,,,,,,,,,,,,,,,,,
173716,6-Jun-18,3:28:47,2018-06-06 03:28:47,G,1,4,1651,,0,9,-63.1562,-57.8659,28:52.0,FastGPS,-63.1562,-57.8659,,,14.1,0.9,,,,15,12,26127,,,,32,13191,,,,25,22468,,,,24,520,,,,19,23944,,,,6,1592,,,,14,1862,,,,2,10585,,,,17,8232,,,,,,,,,,,,,,,,,,,,,,,,,,,,,,,,,
173716,6-Jun-18,4:01:51,2018-06-06 04:01:51,G,1,4,1652,,0,9,-63.1461,-57.9286,01:56.0,FastGPS,-63.1461,-57.9286,,,8.9,1,,,,15,12,26544,,,,31,133,,,,25,31174,,,,32,6500,,,,2,16562,,,,6,19928,,,,14,4701,,,,19,17083,,,,3,26961,,,,,,,,,,,,,,,,,,,,,,,,,,,,,,,,,
173716,6-Jun-18,4:32:35,2018-06-06 04:32:35,G,5,4,1653,267,0,7,-63.1318,-57.9758,32:40.0,FastGPS,-63.1318,-57.9758,,,10.2,1,,,,15,29,14632,,,,6,8446,,,,2,26422,,,,19,19784,,,,31,13991,,,,12,10856,,,,25,25380,,,,,,,,,,,,,,,,,,,,,,,,,,,,,,,,,,,,,,,,,,,
173716,6-Jun-18,5:05:33,2018-06-06 05:05:33,G,3,4,1654,267,0,7,-63.11,-58.0196,05:37.9,FastGPS,-63.11,-58.0196,,1,10.4,0.9,,,,15,29,5082,,,,31,30933,,,,25,16900,,,,6,10726,,,,12,18522,,,,2,16956,,,,4,11009,,,,,,,,,,,,,,,,,,,,,,,,,,,,,,,,,,,,,,,,,,,
173716,6-Jun-18,5:35:41,2018-06-06 05:35:41,G,4,4,1655,,0,9,-63.0853,-58.0302,35:45.5,FastGPS,-63.0853,-58.0302,,1,10.6,0.5,,,,15,2,12672,,,,29,20930,,,,25,28448,,,,12,1762,,,,6,18110,,,,23,17046,,,,31,25418,,,,5,29658,,,,4,246,,,,,,,,,,,,,,,,,,,,,,,,,,,,,,,,,
173716,6-Jun-18,6:09:00,2018-06-06 06:09:00,G,1,4,1656,267,0,8,-63.0609,-58.0709,09:04.9,FastGPS,-63.0609,-58.0709,,1,12.4,0.9,,,,15,31,4318,,,,12,19156,,,,29,13302,,,,25,29962,,,,4,23272,,,,5,12256,,,,2,19252,,,,26,20921,,,,,,,,,,,,,,,,,,,,,,,,,,,,,,,,,,,,,,
173716,6-Jun-18,7:12:39,2018-06-06 07:12:39,G,1,4,1658,267,0,7,-63.0094,-58.1272,12:44.0,FastGPS,-63.0094,-58.1272,,1,5.9,1,,,,15,5,13007,,,,29,27956,,,,4,25242,,,,26,10829,,,,31,9239,,,,25,21452,,,,21,13293,,,,,,,,,,,,,,,,,,,,,,,,,,,,,,,,,,,,,,,,,,,
173716,6-Jun-18,7:42:56,2018-06-06 07:42:56,G,2,4,1659,267,0,6,-62.9815,-58.1401,43:00.5,FastGPS,-62.9815,-58.1401,,1,0.9,0.5,,,,15,29,7932,,,,5,4509,,,,4,6437,,,,26,21112,,,,21,24003,,,,9,13321,,,,,,,,,,,,,,,,,,,,,,,,,,,,,,,,,,,,,,,,,,,,,,,,
173716,6-Jun-18,8:16:28,2018-06-06 08:16:28,G,1,4,1660,,0,9,-62.9483,-58.1568,16:32.5,FastGPS,-62.9483,-58.1568,,1,9.8,0.5,,,,15,29,20024,,,,5,18451,,,,4,10762,,,,20,13906,,,,26,23197,,,,16,19960,,,,21,19803,,,,7,18718,,,,13,23824,,,,,,,,,,,,,,,,,,,,,,,,,,,,,,,,,
173716,6-Jun-18,9:17:00,2018-06-06 09:17:00,G,2,4,1662,,0,9,-62.9071,-58.2398,17:04.5,FastGPS,-62.9071,-58.2398,,1,6,0.5,,,,15,15,1759,,,,20,22716,,,,16,26516,,,,13,7442,,,,27,26461,,,,26,10247,,,,5,9474,,,,4,23379,,,,21,30326,,,,,,,,,,,,,,,,,,,,,,,,,,,,,,,,,
173716,6-Jun-18,9:47:45,2018-06-06 09:47:45,G,3,4,1663,267,0,8,-62.889,-58.2819,47:50.0,FastGPS,-62.889,-58.2819,,,9.4,1,,,,15,10,24241,,,,15,11925,,,,13,749,,,,27,22049,,,,16,1112,,,,20,22206,,,,26,14606,,,,21,21354,,,,,,,,,,,,,,,,,,,,,,,,,,,,,,,,,,,,,,
173716,6-Jun-18,10:20:35,2018-06-06 10:20:35,G,1,4,1664,,0,9,-62.8705,-58.3235,20:39.5,FastGPS,-62.8705,-58.3235,,,4.5,0.5,,,,15,15,8389,,,,10,12640,,,,21,17463,,,,27,8288,,,,20,2624,,,,8,17580,,,,16,15892,,,,13,126,,,,7,11172,,,,,,,,,,,,,,,,,,,,,,,,,,,,,,,,,
173716,6-Jun-18,10:52:54,2018-06-06 10:52:54,G,2,4,1665,267,0,8,-62.8531,-58.3593,52:59.0,FastGPS,-62.8531,-58.3593,,,6.5,1,,,,15,10,17908,,,,15,13490,,,,27,2884,,,,20,25008,,,,21,2333,,,,13,8740,,,,30,30762,,,,16,26194,,,,,,,,,,,,,,,,,,,,,,,,,,,,,,,,,,,,,,
173716,6-Jun-18,11:26:52,2018-06-06 11:26:52,G,1,4,1666,267,0,8,-62.835,-58.3927,26:56.5,FastGPS,-62.835,-58.3927,,,11.8,0.5,,,,15,10,16428,,,,15,7612,,,,27,15180,,,,8,3292,,,,32,25446,,,,21,27043,,,,20,7433,,,,28,25244,,,,,,,,,,,,,,,,,,,,,,,,,,,,,,,,,,,,,,
173716,6-Jun-18,11:59:32,2018-06-06 11:59:32,G,2,4,1667,,0,9,-62.8169,-58.4319,59:35.5,FastGPS,-62.8169,-58.4319,,,8,-0.5,,,,15,32,1428,,,,10,31694,,,,27,17249,,,,8,10181,,,,15,1528,,,,1,10150,,,,11,29006,,,,20,28490,,,,24,28156,,,,,,,,,,,,,,,,,,,,,,,,,,,,,,,,,
173716,6-Jun-18,12:29:54,2018-06-06 12:29:54,G,1,4,1668,,0,9,-62.8008,-58.4665,29:57.9,FastGPS,-62.8008,-58.4665,,,11.3,-0.1,,,,15,32,13600,,,,8,7420,,,,18,20216,,,,10,14037,,,,11,24190,,,,20,12051,,,,27,4,,,,24,23139,,,,22,1729,,,,,,,,,,,,,,,,,,,,,,,,,,,,,,,,,
173716,6-Jun-18,14:15:24,2018-06-06 14:15:24,G,1,4,1671,,0,9,-62.7338,-58.6026,15:28.9,FastGPS,-62.7338,-58.6026,,,7.8,0.9,,,,15,32,10750,,,,18,6837,,,,22,5737,,,,1,21091,,,,31,14744,,,,17,17548,,,,11,16778,,,,10,5528,,,,14,27800,,,,,,,,,,,,,,,,,,,,,,,,,,,,,,,,,
173716,6-Jun-18,14:50:01,2018-06-06 14:50:01,G,1,4,1672,,0,9,-62.7066,-58.6481,50:05.9,FastGPS,-62.7066,-58.6481,,,7.9,0.9,,,,15,18,12472,,,,31,4753,,,,32,26082,,,,22,12339,,,,11,26376,,,,3,6998,,,,1,31428,,,,12,25132,,,,14,31699,,,,,,,,,,,,,,,,,,,,,,,,,,,,,,,,,
173716,6-Jun-18,15:23:27,2018-06-06 15:23:27,G,2,4,1673,,0,9,-62.68,-58.6957,23:32.0,FastGPS,-62.68,-58.6957,,,3.4,1,,,,15,1,21272,,,,11,3214,,,,31,19587,,,,3,2871,,,,14,11558,,,,18,15346,,,,22,420,,,,23,24506,,,,17,25569,,,,,,,,,,,,,,,,,,,,,,,,,,,,,,,,,
173716,6-Jun-18,15:57:49,2018-06-06 15:57:49,G,2,4,1674,,0,9,-62.6539,-58.7428,57:54.0,FastGPS,-62.6539,-58.7428,,,6.6,1,,,,15,23,13847,,,,31,3932,,,,3,8410,,,,22,21573,,,,32,24978,,,,1,12887,,,,14,27772,,,,19,13164,,,,17,17934,,,,,,,,,,,,,,,,,,,,,,,,,,,,,,,,,
173716,6-Jun-18,16:28:44,2018-06-06 16:28:44,G,1,4,1675,267,0,7,-62.634,-58.7798,28:48.9,FastGPS,-62.634,-58.7798,,1,3.8,0.9,,,,15,31,28501,,,,23,19766,,,,1,15526,,,,4,27418,,,,22,5304,,,,3,31734,,,,26,22716,,,,,,,,,,,,,,,,,,,,,,,,,,,,,,,,,,,,,,,,,,,
173716,6-Jun-18,17:01:30,2018-06-06 17:01:30,G,3,4,1676,267,0,8,-62.6102,-58.8196,01:34.9,FastGPS,-62.6102,-58.8196,,,7.3,0.9,,,,15,31,32413,,,,23,20261,,,,3,9303,,,,6,17873,,,,26,17658,,,,4,4436,,,,1,23942,,,,14,3660,,,,,,,,,,,,,,,,,,,,,,,,,,,,,,,,,,,,,,
173716,6-Jun-18,18:39:28,2018-06-06 18:39:28,G,1,4,1679,267,0,7,-62.5336,-58.9284,39:32.0,FastGPS,-62.5336,-58.9284,,1,6,-0.1,,,,15,7,12828,,,,16,14769,,,,23,30204,,,,26,226,,,,4,6294,,,,9,6819,,,,3,4440,,,,,,,,,,,,,,,,,,,,,,,,,,,,,,,,,,,,,,,,,,,
173716,6-Jun-18,19:12:11,2018-06-06 19:12:11,G,1,4,1680,267,0,7,-62.5056,-58.9549,12:14.5,FastGPS,-62.5056,-58.9549,,,7.5,-0.5,,,,15,7,16678,,,,9,7275,,,,2,19305,,,,16,19223,,,,30,5987,,,,6,16585,,,,23,17360,,,,,,,,,,,,,,,,,,,,,,,,,,,,,,,,,,,,,,,,,,,
173716,6-Jun-18,19:44:48,2018-06-06 19:44:48,G,2,4,1681,267,0,7,-62.4774,-58.984,44:53.0,FastGPS,-62.4774,-58.984,,,12.4,0.9,,,,15,23,16843,,,,30,25571,,,,9,1094,,,,7,16885,,,,5,17599,,,,2,19236,,,,16,6363,,,,,,,,,,,,,,,,,,,,,,,,,,,,,,,,,,,,,,,,,,,
173716,6-Jun-18,20:17:14,2018-06-06 20:17:14,G,1,4,1682,267,0,6,-62.4505,-59.0087,17:17.4,FastGPS,-62.4505,-59.0087,,,4.4,-0.6,,,,15,23,7606,,,,27,9080,,,,30,23227,,,,7,5414,,,,5,8395,,,,9,26466,,,,,,,,,,,,,,,,,,,,,,,,,,,,,,,,,,,,,,,,,,,,,,,,
173716,7-Jun-18,0:57:44,2018-06-07 00:57:44,G,1,4,1690,,0,9,-62.2836,-59.3851,57:48.5,FastGPS,-62.2836,-59.3851,,,9.7,0.5,,,,15,15,22596,,,,12,10199,,,,17,14152,,,,10,6177,,,,24,1522,,,,28,769,,,,20,13720,,,,18,2674,,,,13,22602,,,,,,,,,,,,,,,,,,,,,,,,,,,,,,,,,
173716,7-Jun-18,2:00:42,2018-06-07 02:00:42,G,1,4,1691,271,0,7,-62.2733,-59.4717,00:45.9,FastGPS,-62.2733,-59.4717,,,13.1,-0.1,,,,15,12,30728,,,,17,24978,,,,6,7188,,,,24,32307,,,,15,28894,,,,32,1209,,,,19,26375,,,,,,,,,,,,,,,,,,,,,,,,,,,,,,,,,,,,,,,,,,,
173716,7-Jun-18,2:31:00,2018-06-07 02:31:00,G,1,4,1692,271,0,8,-62.273,-59.5264,31:03.4,FastGPS,-62.273,-59.5264,,,6,-0.6,,,,15,12,12705,,,,19,17009,,,,32,22815,,,,6,23093,,,,24,8154,,,,17,11189,,,,14,5740,,,,25,12780,,,,,,,,,,,,,,,,,,,,,,,,,,,,,,,,,,,,,,
173716,7-Jun-18,3:01:00,2018-06-07 03:01:00,G,2,4,1693,,0,9,-62.272,-59.5558,01:04.0,FastGPS,-62.272,-59.5558,,,17.5,0,,,,15,12,7618,,,,24,17622,,,,17,2808,,,,19,9399,,,,6,18495,,,,2,196,,,,25,8754,,,,32,8352,,,,22,494,,,,,,,,,,,,,,,,,,,,,,,,,,,,,,,,,
173716,7-Jun-18,4:23:34,2018-06-07 04:23:34,G,4,4,1695,272,0,8,-62.2754,-59.6688,23:37.5,FastGPS,-62.2754,-59.6688,,,4.6,-0.5,,,,15,31,17058,,,,29,25740,,,,14,15318,,,,12,6957,,,,2,2608,,,,25,8686,,,,32,9249,,,,24,5199,,,,,,,,,,,,,,,,,,,,,,,,,,,,,,,,,,,,,,
173716,7-Jun-18,4:55:59,2018-06-07 04:55:59,G,1,4,1696,272,0,7,-62.2876,-59.722,56:03.0,FastGPS,-62.2876,-59.722,,1,9.6,0,,,,15,29,6776,,,,31,138,,,,12,12407,,,,2,23031,,,,25,29376,,,,14,7108,,,,4,2383,,,,,,,,,,,,,,,,,,,,,,,,,,,,,,,,,,,,,,,,,,,
173716,7-Jun-18,9:11:19,2018-06-07 09:11:19,G,2,4,1704,,0,9,-62.3535,-60.0417,11:22.5,FastGPS,-62.3535,-60.0417,,1,5.8,-0.5,,,,15,4,25768,,,,27,13652,,,,26,12605,,,,20,5452,,,,16,23019,,,,29,2318,,,,10,29963,,,,21,17396,,,,15,7867,,,,,,,,,,,,,,,,,,,,,,,,,,,,,,,,,
173716,7-Jun-18,9:42:35,2018-06-07 09:42:35,G,1,4,1705,,0,9,-62.3617,-60.0921,42:38.5,FastGPS,-62.3617,-60.0921,,1,7.2,-0.5,,,,15,10,21036,,,,16,7868,,,,15,27932,,,,26,23972,,,,21,14787,,,,27,19300,,,,20,14635,,,,4,26134,,,,13,17563,,,,,,,,,,,,,,,,,,,,,,,,,,,,,,,,,
173716,7-Jun-18,10:12:21,2018-06-07 10:12:21,G,3,4,1706,272,0,6,-62.3706,-60.1368,12:24.9,FastGPS,-62.3706,-60.1368,,,12.1,-0.1,,,,15,27,3846,,,,10,32051,,,,21,21617,,,,20,29299,,,,16,4506,,,,8,2925,,,,,,,,,,,,,,,,,,,,,,,,,,,,,,,,,,,,,,,,,,,,,,,,
173716,7-Jun-18,10:44:56,2018-06-07 10:44:56,G,1,4,1707,272,0,4,-62.47,-60.649,6/8/2018 3:32,A,-62.3833,-60.1839,,,0.7,0,,,,15,27,3928,,,,10,7397,,,,8,32698,,,,20,22544,,,,,,,,,,,,,,,,,,,,,,,,,,,,,,,,,,,,,,,,,,,,,,,,,,,,,,,,,,
173716,7-Jun-18,11:15:05,2018-06-07 11:15:05,G,2,4,1708,272,0,7,-62.3938,-60.2264,15:08.5,FastGPS,-62.3938,-60.2264,,,7.2,-0.5,,,,15,27,18188,,,,10,28132,,,,32,5652,,,,21,8225,,,,20,7147,,,,8,14549,,,,18,8366,,,,,,,,,,,,,,,,,,,,,,,,,,,,,,,,,,,,,,,,,,,
173716,7-Jun-18,11:49:21,2018-06-07 11:49:21,G,2,4,1709,272,0,6,-62.4132,-60.2651,49:24.5,FastGPS,-62.4132,-60.2651,,,9,-0.5,,,,15,8,26641,,,,10,10055,,,,18,22520,,,,27,17955,,,,32,16678,,,,21,16938,,,,,,,,,,,,,,,,,,,,,,,,,,,,,,,,,,,,,,,,,,,,,,,,
173716,7-Jun-18,13:23:00,2018-06-07 13:23:00,G,2,4,1712,,0,9,-62.4491,-60.393,23:03.5,FastGPS,-62.4491,-60.393,,,13.7,-0.5,,,,15,22,18546,,,,1,3576,,,,11,5948,,,,8,10052,,,,18,29194,,,,32,17546,,,,14,28116,,,,17,5878,,,,3,32582,,,,,,,,,,,,,,,,,,,,,,,,,,,,,,,,,
173716,7-Jun-18,14:12:05,2018-06-07 14:12:05,G,1,4,1713,273,0,8,-62.4553,-60.4842,12:10.0,FastGPS,-62.4553,-60.4842,,,7.1,1,,,,15,31,9448,,,,22,10181,,,,1,23332,,,,17,21373,,,,3,14198,,,,11,18888,,,,18,5192,,,,32,31850,,,,,,,,,,,,,,,,,,,,,,,,,,,,,,,,,,,,,,
173716,7-Jun-18,14:42:33,2018-06-07 14:42:33,G,2,4,1714,,0,9,-62.4628,-60.5329,42:37.5,FastGPS,-62.4628,-60.5329,,,8.5,0.5,,,,15,1,14131,,,,22,20761,,,,11,16881,,,,3,12859,,,,31,27402,,,,18,32099,,,,32,5112,,,,14,6310,,,,19,18087,,,,,,,,,,,,,,,,,,,,,,,,,,,,,,,,,
173716,7-Jun-18,15:47:14,2018-06-07 15:47:14,G,2,4,1716,,0,9,-62.4659,-60.6421,47:18.5,FastGPS,-62.4659,-60.6421,,,7.3,0.5,,,,15,31,19486,,,,17,8428,,,,22,27226,,,,25,8988,,,,3,2502,,,,32,6754,,,,14,6009,,,,19,17668,,,,1,1416,,,,,,,,,,,,,,,,,,,,,,,,,,,,,,,,,
173716,7-Jun-18,16:17:44,2018-06-07 16:17:44,G,3,4,1717,273,0,7,-62.4566,-60.6353,17:48.5,FastGPS,-62.4566,-60.6353,,1,8.7,0.5,,,,15,31,10263,,,,3,20781,,,,23,20775,,,,1,31768,,,,22,6503,,,,26,221,,,,4,6867,,,,,,,,,,,,,,,,,,,,,,,,,,,,,,,,,,,,,,,,,,,
173716,7-Jun-18,18:25:04,2018-06-07 18:25:04,G,2,4,1721,,0,9,-62.4489,-60.6682,25:09.0,FastGPS,-62.4489,-60.6682,,1,6.8,1,,,,15,5,484,,,,23,15503,,,,9,27020,,,,6,12517,,,,29,267,,,,4,9034,,,,2,12778,,,,26,26620,,,,16,11226,,,,,,,,,,,,,,,,,,,,,,,,,,,,,,,,,
173716,7-Jun-18,21:32:29,2018-06-07 21:32:29,G,1,4,1727,,0,9,-62.4599,-60.6353,32:34.0,FastGPS,-62.4599,-60.6353,,,13.6,1,,,,15,9,29148,,,,7,31595,,,,13,21875,,,,5,30687,,,,15,17020,,,,28,22725,,,,21,2753,,,,8,23156,,,,30,20916,,,,,,,,,,,,,,,,,,,,,,,,,,,,,,,,,
173716,7-Jun-18,22:32:19,2018-06-07 22:32:19,G,1,4,1729,273,0,7,-62.4407,-60.6655,32:24.0,FastGPS,-62.4407,-60.6655,,,4,1,,,,15,5,31826,,,,15,32464,,,,30,8616,,,,7,6061,,,,28,18636,,,,13,31227,,,,8,30954,,,,,,,,,,,,,,,,,,,,,,,,,,,,,,,,,,,,,,,,,,,
173716,7-Jun-18,23:02:08,2018-06-07 23:02:08,G,2,4,1730,,0,9,-62.4527,-60.6732,02:12.5,FastGPS,-62.4527,-60.6732,,,11.6,0.5,,,,15,20,27474,,,,15,2638,,,,5,10994,,,,24,10384,,,,8,26098,,,,28,11795,,,,13,23870,,,,30,31610,,,,7,13867,,,,,,,,,,,,,,,,,,,,,,,,,,,,,,,,,
173716,7-Jun-18,23:33:46,2018-06-07 23:33:46,G,2,4,1731,273,0,6,-62.463,-60.6411,33:50.5,FastGPS,-62.463,-60.6411,,,15.4,0.5,,,,15,15,23112,,,,17,13681,,,,13,20586,,,,28,1591,,,,19,16855,,,,11,25440,,,,,,,,,,,,,,,,,,,,,,,,,,,,,,,,,,,,,,,,,,,,,,,,
173716,8-Jun-18,0:07:35,2018-06-08 00:07:35,G,1,4,1732,,0,9,-62.4527,-60.6359,07:39.5,FastGPS,-62.4527,-60.6359,,,10.9,0.5,,,,15,15,30981,,,,17,31772,,,,13,32698,,,,19,4429,,,,30,23972,,,,28,30506,,,,24,17030,,,,18,11200,,,,1,27606,,,,,,,,,,,,,,,,,,,,,,,,,,,,,,,,,
173716,8-Jun-18,0:37:00,2018-06-08 00:37:00,G,1,4,1733,,0,9,-62.437,-60.6631,37:04.5,FastGPS,-62.437,-60.6631,,,5.3,0.5,,,,15,15,12354,,,,28,13491,,,,17,18172,,,,13,8504,,,,11,25222,,,,1,8717,,,,10,6974,,,,18,31218,,,,19,11554,,,,,,,,,,,,,,,,,,,,,,,,,,,,,,,,,
173716,8-Jun-18,1:08:54,2018-06-08 01:08:54,G,2,4,1734,,0,9,-62.4174,-60.6463,08:59.0,FastGPS,-62.4174,-60.6463,,,8.5,1,,,,15,17,19851,,,,15,1408,,,,28,11540,,,,1,5754,,,,19,23625,,,,11,29090,,,,18,30447,,,,12,3021,,,,24,29491,,,,,,,,,,,,,,,,,,,,,,,,,,,,,,,,,
173716,8-Jun-18,5:56:47,2018-06-08 05:56:47,G,1,4,1743,,0,9,-62.4579,-60.6337,56:50.5,FastGPS,-62.4579,-60.6337,,1,6.9,-0.5,,,,15,31,6104,,,,12,17470,,,,4,2482,,,,29,30622,,,,26,30486,,,,2,5555,,,,25,26218,,,,23,30170,,,,5,6672,,,,,,,,,,,,,,,,,,,,,,,,,,,,,,,,,
173716,8-Jun-18,7:32:05,2018-06-08 07:32:05,G,2,4,1746,273,0,7,-62.453,-60.6493,32:10.0,FastGPS,-62.453,-60.6493,,,7.3,1,,,,15,29,20777,,,,16,24290,,,,5,7207,,,,26,7304,,,,4,27003,,,,31,23171,,,,21,1897,,,,,,,,,,,,,,,,,,,,,,,,,,,,,,,,,,,,,,,,,,,
173716,8-Jun-18,8:02:36,2018-06-08 08:02:36,G,2,4,1747,273,0,8,-62.4627,-60.6719,02:41.0,FastGPS,-62.4627,-60.6719,,1,12.6,1,,,,15,29,23223,,,,5,11832,,,,16,7026,,,,4,20968,,,,27,3547,,,,26,29640,,,,21,1822,,,,7,19926,,,,,,,,,,,,,,,,,,,,,,,,,,,,,,,,,,,,,,
173716,8-Jun-18,8:36:22,2018-06-08 08:36:22,G,1,4,1748,273,0,8,-62.4596,-60.6496,36:26.9,FastGPS,-62.4596,-60.6496,,1,13.8,0.9,,,,15,21,1307,,,,26,3319,,,,16,22807,,,,4,828,,,,27,20013,,,,7,5539,,,,20,20392,,,,29,26771,,,,,,,,,,,,,,,,,,,,,,,,,,,,,,,,,,,,,,
173716,8-Jun-18,11:22:15,2018-06-08 11:22:15,G,1,4,1753,,0,9,-62.4558,-60.6542,22:19.5,FastGPS,-62.4558,-60.6542,,,16.2,0.5,,,,15,15,8988,,,,10,3853,,,,28,24990,,,,20,16385,,,,8,2756,,,,11,25822,,,,21,19812,,,,27,489,,,,18,25750,,,,,,,,,,,,,,,,,,,,,,,,,,,,,,,,,
173716,8-Jun-18,14:59:00,2018-06-08 14:59:00,G,1,4,1760,,0,9,-62.4499,-60.6432,59:03.5,FastGPS,-62.4499,-60.6432,,,9.3,-0.5,,,,15,18,28066,,,,1,12872,,,,31,21883,,,,14,30361,,,,11,16605,,,,23,3270,,,,22,24361,,,,32,20978,,,,12,11774,,,,,,,,,,,,,,,,,,,,,,,,,,,,,,,,,
173716,8-Jun-18,15:29:37,2018-06-08 15:29:37,G,1,4,1761,,0,9,-62.4544,-60.6339,29:41.0,FastGPS,-62.4544,-60.6339,,,6.1,0,,,,15,17,6326,,,,23,28558,,,,18,20952,,,,11,16933,,,,19,13395,,,,22,14972,,,,31,2160,,,,3,22968,,,,1,12627,,,,,,,,,,,,,,,,,,,,,,,,,,,,,,,,,
173716,8-Jun-18,17:03:47,2018-06-08 17:03:47,G,2,4,1764,273,0,6,-62.4539,-60.6059,03:51.0,FastGPS,-62.4539,-60.6059,,,9.9,0,,,,15,6,19192,,,,9,21056,,,,23,15042,,,,3,28856,,,,31,10942,,,,22,14412,,,,,,,,,,,,,,,,,,,,,,,,,,,,,,,,,,,,,,,,,,,,,,,,
173716,8-Jun-18,19:06:00,2018-06-08 19:06:00,G,1,4,1768,,0,9,-62.4564,-60.6192,06:03.5,FastGPS,-62.4564,-60.6192,,,10.4,-0.5,,,,15,7,10384,,,,9,20924,,,,5,24338,,,,26,15729,,,,2,6579,,,,4,952,,,,29,7218,,,,16,29074,,,,23,20122,,,,,,,,,,,,,,,,,,,,,,,,,,,,,,,,,
173716,8-Jun-18,22:16:08,2018-06-08 22:16:08,G,1,4,1774,,0,9,-62.4496,-60.6505,16:11.5,FastGPS,-62.4496,-60.6505,,,10.6,-0.5,,,,15,15,6745,,,,7,10403,,,,13,32595,,,,30,21516,,,,8,23747,,,,27,12014,,,,28,4242,,,,11,30662,,,,21,11569,,,,,,,,,,,,,,,,,,,,,,,,,,,,,,,,,
173716,9-Jun-18,0:21:41,2018-06-09 00:21:41,G,1,4,1778,,0,9,-62.3929,-60.5141,21:44.5,FastGPS,-62.3929,-60.5141,,,11.5,-0.5,,,,15,15,14141,,,,17,1493,,,,11,23458,,,,18,18010,,,,28,6597,,,,1,5678,,,,19,17220,,,,13,3616,,,,10,23251,,,,,,,,,,,,,,,,,,,,,,,,,,,,,,,,,
173716,9-Jun-18,4:07:42,2018-06-09 04:07:42,G,2,4,1785,273,0,7,-62.2108,-60.4152,07:45.5,FastGPS,-62.2108,-60.4152,,,9.2,-0.5,,,,15,29,18248,,,,25,19122,,,,12,8336,,,,6,26401,,,,2,5900,,,,24,31748,,,,31,13724,,,,,,,,,,,,,,,,,,,,,,,,,,,,,,,,,,,,,,,,,,,
173716,9-Jun-18,5:11:45,2018-06-09 05:11:45,G,1,4,1787,273,0,8,-62.1691,-60.3663,11:49.0,FastGPS,-62.1691,-60.3663,,,11.3,0,,,,15,29,3444,,,,12,13932,,,,2,24764,,,,31,27533,,,,6,19902,,,,25,12663,,,,23,28844,,,,5,12406,,,,,,,,,,,,,,,,,,,,,,,,,,,,,,,,,,,,,,
173716,9-Jun-18,5:42:37,2018-06-09 05:42:37,G,3,4,1788,,0,9,-62.1522,-60.3241,42:41.0,FastGPS,-62.1522,-60.3241,,,8,0,,,,15,31,11979,,,,29,14894,,,,5,7174,,,,25,15394,,,,6,27000,,,,2,2306,,,,12,30637,,,,9,14829,,,,23,27751,,,,,,,,,,,,,,,,,,,,,,,,,,,,,,,,,
173716,9-Jun-18,6:12:28,2018-06-09 06:12:28,G,2,4,1789,,0,9,-62.1367,-60.2815,12:32.0,FastGPS,-62.1367,-60.2815,,1,5.5,0,,,,15,29,20874,,,,5,4886,,,,4,3496,,,,2,4763,,,,31,11870,,,,9,14448,,,,23,11040,,,,25,13967,,,,16,14302,,,,,,,,,,,,,,,,,,,,,,,,,,,,,,,,,
173716,9-Jun-18,10:54:11,2018-06-09 10:54:11,G,2,4,1797,,0,9,-62.22,-60.2204,54:15.0,FastGPS,-62.22,-60.2204,,,7.8,0,,,,15,15,22992,,,,18,23417,,,,10,16526,,,,27,4359,,,,20,9365,,,,32,11458,,,,11,21865,,,,21,4950,,,,8,23350,,,,,,,,,,,,,,,,,,,,,,,,,,,,,,,,,
173716,9-Jun-18,11:24:00,2018-06-09 11:24:00,G,2,4,1798,275,0,5,-62.2193,-60.1922,24:03.5,FastGPS,-62.2193,-60.1922,,,2.5,-0.5,,,,15,10,16158,,,,8,17816,,,,20,15716,,,,27,31853,,,,18,23508,,,,,,,,,,,,,,,,,,,,,,,,,,,,,,,,,,,,,,,,,,,,,,,,,,,,,
173716,9-Jun-18,12:29:51,2018-06-09 12:29:51,G,1,4,1800,,0,9,-62.2027,-60.1823,29:56.0,FastGPS,-62.2027,-60.1823,,,9.4,1,,,,15,32,2235,,,,8,9128,,,,10,30725,,,,11,15989,,,,18,10551,,,,24,13274,,,,14,26753,,,,27,8414,,,,20,21938,,,,,,,,,,,,,,,,,,,,,,,,,,,,,,,,,
173716,9-Jun-18,14:37:27,2018-06-09 14:37:27,G,1,4,1804,,0,9,-62.1732,-60.0542,37:32.0,FastGPS,-62.1732,-60.0542,,,7.8,1,,,,15,32,11394,,,,1,28339,,,,14,19806,,,,22,6970,,,,12,8841,,,,31,25411,,,,18,9602,,,,11,26428,,,,3,3702,,,,,,,,,,,,,,,,,,,,,,,,,,,,,,,,,
173716,9-Jun-18,16:10:49,2018-06-09 16:10:49,G,1,5,1807,,0,9,-62.1529,-60.1465,10:52.5,FastGPS,-62.1529,-60.1465,,,6.4,-1.5,,,,15,23,328,,,,31,18665,,,,3,29643,,,,6,22104,,,,17,28913,,,,19,15776,,,,22,14766,,,,1,5357,,,,25,23480,,,,,,,,,,,,,,,,,,,,,,,,,,,,,,,,,
173716,9-Jun-18,16:41:00,2018-06-09 16:41:00,G,1,5,1808,,0,9,-62.1398,-60.1734,41:03.5,FastGPS,-62.1398,-60.1734,,1,9.7,-1.5,,,,15,23,32658,,,,3,16484,,,,22,3786,,,,31,362,,,,9,20202,,,,6,29634,,,,4,26202,,,,26,2860,,,,25,24755,,,,,,,,,,,,,,,,,,,,,,,,,,,,,,,,,
173716,9-Jun-18,18:11:37,2018-06-09 18:11:37,G,1,5,1811,,0,9,-62.1572,-60.2048,11:41.5,FastGPS,-62.1572,-60.2048,,1,3.7,-0.5,,,,15,29,30605,,,,2,14902,,,,9,27235,,,,6,32667,,,,23,4459,,,,7,10950,,,,3,12389,,,,16,6342,,,,4,19618,,,,,,,,,,,,,,,,,,,,,,,,,,,,,,,,,
173716,9-Jun-18,19:43:29,2018-06-09 19:43:29,G,1,5,1814,275,0,8,-62.1542,-60.1439,43:34.0,FastGPS,-62.1542,-60.1439,,,12.3,0,,,,15,7,27540,,,,9,28359,,,,23,17911,,,,27,6786,,,,16,2594,,,,30,29252,,,,26,16770,,,,4,19544,,,,,,,,,,,,,,,,,,,,,,,,,,,,,,,,,,,,,,
173716,9-Jun-18,20:14:49,2018-06-09 20:14:49,G,2,5,1815,275,0,7,-62.132,-60.1088,14:53.5,FastGPS,-62.132,-60.1088,,,7.4,-0.5,,,,15,7,18296,,,,27,6704,,,,30,486,,,,16,19660,,,,9,1408,,,,5,3464,,,,23,702,,,,,,,,,,,,,,,,,,,,,,,,,,,,,,,,,,,,,,,,,,,
173716,9-Jun-18,22:46:23,2018-06-09 22:46:23,G,1,5,1820,275,0,7,-62.0473,-59.9822,46:27.0,FastGPS,-62.0473,-59.9822,,,24.6,-1,,,,15,7,9292,,,,15,32730,,,,28,29044,,,,13,13109,,,,11,16519,,,,30,16188,,,,8,30263,,,,,,,,,,,,,,,,,,,,,,,,,,,,,,,,,,,,,,,,,,,
173716,9-Jun-18,23:16:09,2018-06-09 23:16:09,G,1,5,1821,,0,9,-62.047,-59.9776,16:13.0,FastGPS,-62.047,-59.9776,,,7.1,-1,,,,15,15,27649,,,,28,31835,,,,20,20425,,,,11,2901,,,,10,2992,,,,8,9097,,,,30,4859,,,,18,30252,,,,13,23940,,,,,,,,,,,,,,,,,,,,,,,,,,,,,,,,,
173716,10-Jun-18,0:16:00,2018-06-10 00:16:00,G,1,5,1823,,0,9,-62.0561,-59.96,16:03.5,FastGPS,-62.0561,-59.96,,,7.8,-1.5,,,,15,28,17560,,,,15,19950,,,,10,22086,,,,11,28401,,,,24,13127,,,,18,20420,,,,17,4428,,,,20,6540,,,,1,6989,,,,,,,,,,,,,,,,,,,,,,,,,,,,,,,,,
173716,10-Jun-18,1:19:54,2018-06-10 01:19:54,G,1,5,1825,275,0,8,-62.0503,-59.8892,19:58.0,FastGPS,-62.0503,-59.8892,,,8.4,-1,,,,15,1,25954,,,,19,4746,,,,28,17982,,,,18,14974,,,,11,1617,,,,17,30231,,,,32,21122,,,,13,13760,,,,,,,,,,,,,,,,,,,,,,,,,,,,,,,,,,,,,,
173716,10-Jun-18,1:50:05,2018-06-10 01:50:05,G,1,5,1826,275,0,7,-62.0525,-59.8803,50:09.0,FastGPS,-62.0525,-59.8803,,,7.4,-1,,,,15,6,12067,,,,12,4347,,,,17,17585,,,,24,31660,,,,32,2870,,,,19,24819,,,,15,23686,,,,,,,,,,,,,,,,,,,,,,,,,,,,,,,,,,,,,,,,,,,
173716,10-Jun-18,2:20:21,2018-06-10 02:20:21,G,2,5,1827,,0,9,-62.0433,-59.8588,20:25.0,FastGPS,-62.0433,-59.8588,,,12.4,-1,,,,15,6,16874,,,,17,23801,,,,12,6836,,,,24,28362,,,,22,7506,,,,32,12784,,,,19,3095,,,,25,10500,,,,3,25424,,,,,,,,,,,,,,,,,,,,,,,,,,,,,,,,,
173716,10-Jun-18,6:57:00,2018-06-10 06:57:00,G,1,5,1835,277,0,7,-62.0294,-59.8037,57:03.5,FastGPS,-62.0294,-59.8037,,,14.8,-1.5,,,,15,26,29954,,,,29,6544,,,,4,11709,,,,5,16995,,,,25,5844,,,,21,10068,,,,16,10144,,,,,,,,,,,,,,,,,,,,,,,,,,,,,,,,,,,,,,,,,,,
173716,10-Jun-18,7:27:11,2018-06-10 07:27:11,G,1,5,1836,277,0,5,-62.0251,-59.8376,27:14.5,FastGPS,-62.0251,-59.8376,,,6.8,-1.5,,,,15,16,9173,,,,4,4304,,,,29,27864,,,,26,18792,,,,21,27707,,,,,,,,,,,,,,,,,,,,,,,,,,,,,,,,,,,,,,,,,,,,,,,,,,,,,
173716,10-Jun-18,8:29:00,2018-06-10 08:29:00,G,1,5,1838,,0,9,-62.0221,-59.8743,29:03.5,FastGPS,-62.0221,-59.8743,,1,12.4,-1.5,,,,15,4,14000,,,,16,1146,,,,26,15363,,,,20,2066,,,,27,31206,,,,5,15892,,,,21,16554,,,,7,14170,,,,15,10654,,,,,,,,,,,,,,,,,,,,,,,,,,,,,,,,,
173716,10-Jun-18,8:59:21,2018-06-10 08:59:21,G,1,5,1839,,0,9,-62.0414,-59.8592,59:25.0,FastGPS,-62.0414,-59.8592,,,12.9,-1,,,,15,27,23620,,,,21,28786,,,,4,5624,,,,16,982,,,,20,12672,,,,29,14693,,,,26,24508,,,,7,14774,,,,10,13171,,,,,,,,,,,,,,,,,,,,,,,,,,,,,,,,,
173716,10-Jun-18,10:29:24,2018-06-10 10:29:24,G,1,5,1842,277,0,8,-62.0418,-59.7639,29:27.5,FastGPS,-62.0418,-59.7639,,,9.7,-1.5,,,,15,15,25931,,,,27,25578,,,,20,22204,,,,13,32717,,,,8,9196,,,,21,12314,,,,10,23538,,,,30,23795,,,,,,,,,,,,,,,,,,,,,,,,,,,,,,,,,,,,,,
173716,10-Jun-18,12:35:08,2018-06-10 12:35:08,G,1,5,1846,,0,9,-61.9689,-59.6645,35:11.5,FastGPS,-61.9689,-59.6645,,,11.6,-1.5,,,,15,18,4464,,,,10,14142,,,,32,1847,,,,22,12820,,,,8,25936,,,,27,10157,,,,11,10020,,,,14,16294,,,,28,18016,,,,,,,,,,,,,,,,,,,,,,,,,,,,,,,,,
173716,10-Jun-18,13:10:44,2018-06-10 13:10:44,G,1,5,1847,,0,9,-61.9958,-59.6714,10:48.0,FastGPS,-61.9958,-59.6714,,,10.2,-1,,,,15,22,19910,,,,32,24333,,,,8,15841,,,,18,396,,,,1,4402,,,,11,8678,,,,14,4352,,,,3,1032,,,,28,24336,,,,,,,,,,,,,,,,,,,,,,,,,,,,,,,,,
173716,10-Jun-18,13:41:03,2018-06-10 13:41:03,G,3,5,1848,,0,9,-62.0062,-59.6777,41:07.0,FastGPS,-62.0062,-59.6777,,,11.1,-1,,,,15,22,1940,,,,8,21277,,,,32,12779,,,,11,16394,,,,1,11956,,,,31,8100,,,,17,2658,,,,3,11912,,,,18,5964,,,,,,,,,,,,,,,,,,,,,,,,,,,,,,,,,
173716,10-Jun-18,14:41:29,2018-06-10 14:41:29,G,1,5,1850,,0,9,-62.0114,-59.7253,41:33.0,FastGPS,-62.0114,-59.7253,,,4.9,-1,,,,15,12,10520,,,,32,5953,,,,31,12421,,,,14,31146,,,,18,10410,,,,17,9165,,,,1,9840,,,,19,14619,,,,23,1686,,,,,,,,,,,,,,,,,,,,,,,,,,,,,,,,,
173716,10-Jun-18,15:11:44,2018-06-10 15:11:44,G,2,5,1851,,0,9,-62.028,-59.7377,11:48.0,FastGPS,-62.028,-59.7377,,,11.5,-1,,,,15,17,28483,,,,3,19361,,,,31,32437,,,,23,26962,,,,11,715,,,,19,9227,,,,14,30262,,,,22,5050,,,,1,21144,,,,,,,,,,,,,,,,,,,,,,,,,,,,,,,,,
173716,10-Jun-18,15:42:00,2018-06-10 15:42:00,G,2,5,1852,,0,9,-62.0314,-59.7169,42:03.5,FastGPS,-62.0314,-59.7169,,,9,-1.5,,,,15,17,12470,,,,3,2022,,,,23,12940,,,,31,23886,,,,19,5625,,,,22,13713,,,,1,8815,,,,6,27568,,,,11,2392,,,,,,,,,,,,,,,,,,,,,,,,,,,,,,,,,
173716,10-Jun-18,16:12:03,2018-06-10 16:12:03,G,2,5,1853,,0,9,-62.0296,-59.7017,12:07.1,FastGPS,-62.0296,-59.7017,,1,9.5,-0.9,,,,15,14,11704,,,,31,14550,,,,22,165,,,,25,20926,,,,4,12470,,,,3,25469,,,,6,3114,,,,23,14500,,,,1,15467,,,,,,,,,,,,,,,,,,,,,,,,,,,,,,,,,
173716,10-Jun-18,16:42:08,2018-06-10 16:42:08,G,2,5,1854,277,0,8,-62.0244,-59.688,42:12.0,FastGPS,-62.0244,-59.688,,1,16.8,-1,,,,15,22,4631,,,,4,30225,,,,31,7827,,,,26,10572,,,,3,25814,,,,23,26259,,,,25,671,,,,6,22388,,,,,,,,,,,,,,,,,,,,,,,,,,,,,,,,,,,,,,
173716,10-Jun-18,18:13:15,2018-06-10 18:13:15,G,1,5,2075,,0,9,-62.008,-59.737,6/11/2018 14:02,A,,,,,,,,,,15,26,11021,,,,4,24004,,,,29,11074,,,,2,21518,,,,23,2092,,,,5,9633,,,,32,390,,,,6,3266,,,,22,18278,,,,,,,,,,,,,,,,,,,,,,,,,,,,,,,,,
173716,10-Jun-18,20:43:20,2018-06-10 20:43:20,G,1,5,2118,277,0,8,-62.0281,-59.5812,43:24.0,FastGPS,-62.0281,-59.5812,,,14,-1,,,,15,9,1318,,,,30,27355,,,,8,19990,,,,7,17494,,,,27,29710,,,,5,7704,,,,13,6648,,,,16,21961,,,,,,,,,,,,,,,,,,,,,,,,,,,,,,,,,,,,,,
173716,10-Jun-18,21:13:01,2018-06-10 21:13:01,G,1,5,2119,277,0,8,-62.0308,-59.6116,13:05.0,FastGPS,-62.0308,-59.6116,,,10.3,-1,,,,15,5,32110,,,,13,13682,,,,7,11425,,,,28,14176,,,,15,30751,,,,30,11074,,,,8,482,,,,27,1602,,,,,,,,,,,,,,,,,,,,,,,,,,,,,,,,,,,,,,
173716,10-Jun-18,21:43:26,2018-06-10 21:43:26,G,1,5,2120,277,0,6,-62.0167,-59.5856,43:30.0,FastGPS,-62.0167,-59.5856,,,3.3,-1,,,,15,7,10686,,,,27,32050,,,,28,18139,,,,8,16147,,,,30,28092,,,,21,24625,,,,,,,,,,,,,,,,,,,,,,,,,,,,,,,,,,,,,,,,,,,,,,,,
173716,11-Jun-18,7:25:42,2018-06-11 07:25:42,G,2,5,2139,277,0,8,-62.0425,-59.5429,25:46.5,FastGPS,-62.0425,-59.5429,,,9.4,-0.5,,,,15,4,28119,,,,21,30028,,,,26,12176,,,,29,15198,,,,5,7136,,,,16,9883,,,,25,27346,,,,20,26728,,,,,,,,,,,,,,,,,,,,,,,,,,,,,,,,,,,,,,
173716,11-Jun-18,8:27:18,2018-06-11 08:27:18,G,1,5,2141,,0,9,-62.0247,-59.5941,27:22.0,FastGPS,-62.0247,-59.5941,,1,11.5,-1,,,,15,4,25702,,,,16,21456,,,,26,28402,,,,7,4971,,,,29,21034,,,,5,28178,,,,20,28013,,,,13,9300,,,,21,6032,,,,,,,,,,,,,,,,,,,,,,,,,,,,,,,,,
173716,11-Jun-18,12:51:04,2018-06-11 12:51:04,G,1,5,2148,280,0,5,-61.9761,-59.6955,51:07.6,FastGPS,-61.9761,-59.6955,,,1.2,-1.4,,,,15,18,8728,,,,11,15952,,,,10,19428,,,,1,12430,,,,32,4672,,,,,,,,,,,,,,,,,,,,,,,,,,,,,,,,,,,,,,,,,,,,,,,,,,,,,
173716,12-Jun-18,11:45:32,2018-06-12 11:45:32,G,3,5,2189,,0,9,-62.0284,-59.6586,45:36.0,FastGPS,-62.0284,-59.6586,,,3.5,-1,,,,15,32,4208,,,,8,31861,,,,10,5271,,,,27,11727,,,,11,25260,,,,18,23088,,,,20,1762,,,,24,274,,,,28,9122,,,,,,,,,,,,,,,,,,,,,,,,,,,,,,,,,
173716,13-Jun-18,1:50:59,2018-06-13 01:50:59,G,1,5,2214,292,0,5,-61.9556,-59.4579,51:03.1,FastGPS,-61.9556,-59.4579,,,0.5,-0.9,,,,15,17,380,,,,12,21152,,,,32,8815,,,,19,6299,,,,24,5357,,,,,,,,,,,,,,,,,,,,,,,,,,,,,,,,,,,,,,,,,,,,,,,,,,,,,
173716,13-Jun-18,4:54:02,2018-06-13 04:54:02,G,2,5,2218,296,0,7,-62.0107,-59.5717,54:05.5,FastGPS,-62.0107,-59.5717,,,20.6,-1.5,,,,15,4,15382,,,,29,29031,,,,14,1932,,,,31,20734,,,,26,20498,,,,2,28054,,,,5,9945,,,,,,,,,,,,,,,,,,,,,,,,,,,,,,,,,,,,,,,,,,,
173716,13-Jun-18,5:24:01,2018-06-13 05:24:01,G,1,5,2219,296,0,7,-62.0253,-59.5893,24:04.5,FastGPS,-62.0253,-59.5893,,,7.2,-1.5,,,,15,4,224,,,,31,27348,,,,26,20092,,,,29,27352,,,,12,26868,,,,25,5052,,,,23,9950,,,,,,,,,,,,,,,,,,,,,,,,,,,,,,,,,,,,,,,,,,,
173716,13-Jun-18,12:42:42,2018-06-13 12:42:42,G,1,5,2233,,0,9,-62.0254,-59.689,42:46.1,FastGPS,-62.0254,-59.689,,,14.1,-0.9,,,,15,28,31808,,,,18,17605,,,,11,24934,,,,10,29102,,,,22,17245,,,,3,22428,,,,8,8221,,,,1,20981,,,,32,13531,,,,,,,,,,,,,,,,,,,,,,,,,,,,,,,,,
173716,13-Jun-18,21:49:47,2018-06-13 21:49:47,G,1,5,2250,299,0,8,-62.1091,-59.459,49:51.6,FastGPS,-62.1091,-59.459,,,12.9,-0.4,,,,15,7,18542,,,,13,29690,,,,5,272,,,,8,5642,,,,28,252,,,,15,19500,,,,30,15172,,,,21,31687,,,,,,,,,,,,,,,,,,,,,,,,,,,,,,,,,,,,,,
173716,13-Jun-18,22:52:01,2018-06-13 22:52:01,G,1,5,2252,299,0,8,-62.1185,-59.4734,52:05.0,FastGPS,-62.1185,-59.4734,,,10.8,-1,,,,15,13,29230,,,,28,696,,,,8,20,,,,15,9360,,,,20,6845,,,,11,24649,,,,24,16877,,,,18,11894,,,,,,,,,,,,,,,,,,,,,,,,,,,,,,,,,,,,,,
173716,14-Jun-18,2:27:14,2018-06-14 02:27:14,G,2,5,2258,,0,9,-62.0682,-59.5347,27:19.1,FastGPS,-62.0682,-59.5347,,,13.4,0.1,,,,15,32,620,,,,12,26635,,,,14,9916,,,,24,24146,,,,25,14786,,,,2,32278,,,,19,12494,,,,17,12493,,,,22,24954,,,,,,,,,,,,,,,,,,,,,,,,,,,,,,,,,
173716,14-Jun-18,4:42:11,2018-06-14 04:42:11,G,2,5,2261,304,0,7,-62.0811,-59.523,42:16.1,FastGPS,-62.0811,-59.523,,1,10.8,0.1,,,,15,31,31119,,,,12,1667,,,,29,26830,,,,4,3404,,,,26,5785,,,,2,24097,,,,14,20304,,,,,,,,,,,,,,,,,,,,,,,,,,,,,,,,,,,,,,,,,,,
173716,14-Jun-18,5:42:30,2018-06-14 05:42:30,G,1,5,2263,304,0,7,-62.0829,-59.5538,42:34.6,FastGPS,-62.0829,-59.5538,,,2.7,-0.4,,,,15,5,6498,,,,12,4123,,,,31,16710,,,,4,26793,,,,25,32136,,,,29,4226,,,,26,28736,,,,,,,,,,,,,,,,,,,,,,,,,,,,,,,,,,,,,,,,,,,
173716,14-Jun-18,6:44:14,2018-06-14 06:44:14,G,2,5,2265,304,0,8,-62.0751,-59.5155,44:19.1,FastGPS,-62.0751,-59.5155,,1,9.5,0.1,,,,15,25,6891,,,,31,2593,,,,26,20934,,,,21,10722,,,,4,31876,,,,5,3792,,,,29,19284,,,,16,9404,,,,,,,,,,,,,,,,,,,,,,,,,,,,,,,,,,,,,,
173716,14-Jun-18,10:36:02,2018-06-14 10:36:02,G,1,5,2272,,0,9,-62.0968,-59.4033,36:06.6,FastGPS,-62.0968,-59.4033,,,14.3,-0.4,,,,15,16,19572,,,,11,12014,,,,27,18634,,,,10,5192,,,,8,10814,,,,15,6475,,,,18,13464,,,,32,10573,,,,30,12677,,,,,,,,,,,,,,,,,,,,,,,,,,,,,,,,,
173716,14-Jun-18,17:20:00,2018-06-14 17:20:00,G,2,5,2285,,0,9,-62.0465,-59.2365,20:04.6,FastGPS,-62.0465,-59.2365,,,9.2,-0.4,,,,15,4,18636,,,,9,24654,,,,23,20378,,,,3,9340,,,,26,8047,,,,6,16600,,,,31,6784,,,,29,30214,,,,16,2650,,,,,,,,,,,,,,,,,,,,,,,,,,,,,,,,,
173716,14-Jun-18,17:50:22,2018-06-14 17:50:22,G,2,5,2286,,0,9,-62.0399,-59.2053,50:26.6,FastGPS,-62.0399,-59.2053,,1,5.5,-0.4,,,,15,29,27938,,,,4,22524,,,,7,5857,,,,26,4589,,,,16,8945,,,,9,25055,,,,3,21009,,,,6,30244,,,,23,10210,,,,,,,,,,,,,,,,,,,,,,,,,,,,,,,,,
173716,14-Jun-18,19:28:33,2018-06-14 19:28:33,G,2,5,2289,305,0,7,-61.9811,-59.1767,28:38.1,FastGPS,-61.9811,-59.1767,,,7.2,0.1,,,,15,7,28013,,,,9,8980,,,,5,8306,,,,16,18024,,,,30,6744,,,,23,25523,,,,29,12652,,,,,,,,,,,,,,,,,,,,,,,,,,,,,,,,,,,,,,,,,,,
173716,14-Jun-18,23:05:07,2018-06-14 23:05:07,G,1,5,2296,305,0,4,-62.066,-59.734,6/15/2018 9:11,N,-61.9922,-59.5567,,,1.2,-0.4,,,,15,17,3356,,,,13,1956,,,,28,17186,,,,30,28834,,,,,,,,,,,,,,,,,,,,,,,,,,,,,,,,,,,,,,,,,,,,,,,,,,,,,,,,,,
173716,15-Jun-18,0:20:12,2018-06-15 00:20:12,G,2,5,2298,306,0,6,-62.0055,-59.6574,20:16.1,FastGPS,-62.0055,-59.6574,,,9.8,-0.9,,,,15,15,16716,,,,13,25429,,,,19,23719,,,,24,1309,,,,17,17564,,,,12,7149,,,,,,,,,,,,,,,,,,,,,,,,,,,,,,,,,,,,,,,,,,,,,,,,
173716,15-Jun-18,0:51:55,2018-06-15 00:51:55,G,1,5,2299,,0,9,-62.0004,-59.6808,51:59.6,FastGPS,-62.0004,-59.6808,,,8.4,-0.4,,,,15,17,28201,,,,11,22550,,,,18,31302,,,,19,20665,,,,1,30392,,,,12,14990,,,,32,22410,,,,28,21813,,,,24,12910,,,,,,,,,,,,,,,,,,,,,,,,,,,,,,,,,
173716,15-Jun-18,2:52:00,2018-06-15 02:52:00,G,1,5,2303,,0,9,-62.027,-59.7212,52:05.1,FastGPS,-62.027,-59.7212,,,9.9,0.1,,,,15,22,8569,,,,17,24608,,,,19,17325,,,,6,30573,,,,32,22124,,,,2,16726,,,,14,3882,,,,25,1963,,,,31,9110,,,,,,,,,,,,,,,,,,,,,,,,,,,,,,,,,
173716,15-Jun-18,3:53:12,2018-06-15 03:53:12,G,1,5,2305,306,0,6,-62.0488,-59.7248,53:16.6,FastGPS,-62.0488,-59.7248,,,8.4,-0.4,,,,15,31,911,,,,29,13962,,,,12,11486,,,,2,17140,,,,14,19029,,,,25,23198,,,,,,,,,,,,,,,,,,,,,,,,,,,,,,,,,,,,,,,,,,,,,,,,
173716,15-Jun-18,4:23:07,2018-06-15 04:23:07,G,1,5,2306,306,0,7,-62.0399,-59.745,23:10.6,FastGPS,-62.0399,-59.745,,,15.7,-1.4,,,,15,29,18813,,,,31,10232,,,,12,23356,,,,2,2509,,,,6,4150,,,,25,8864,,,,14,18143,,,,,,,,,,,,,,,,,,,,,,,,,,,,,,,,,,,,,,,,,,,
173716,15-Jun-18,4:53:28,2018-06-15 04:53:28,G,1,5,2307,306,0,5,-62.0463,-59.7452,53:33.0,FastGPS,-62.0463,-59.7452,,,14,0,,,,15,29,20618,,,,31,32566,,,,2,20931,,,,12,26162,,,,4,19036,,,,,,,,,,,,,,,,,,,,,,,,,,,,,,,,,,,,,,,,,,,,,,,,,,,,,
173716,15-Jun-18,6:57:03,2018-06-15 06:57:03,G,2,5,2311,306,0,6,-62.0709,-59.7437,57:08.1,FastGPS,-62.0709,-59.7437,,,10.9,0.1,,,,15,26,8290,,,,4,2842,,,,16,5560,,,,21,17212,,,,29,15166,,,,31,26556,,,,,,,,,,,,,,,,,,,,,,,,,,,,,,,,,,,,,,,,,,,,,,,,
173716,15-Jun-18,8:27:04,2018-06-15 08:27:04,G,1,5,2314,306,0,4,-61.923,-59.901,6/16/2018 7:23,N,,,,,,,,,,15,16,30867,,,,29,24928,,,,26,21762,,,,4,9122,,,,,,,,,,,,,,,,,,,,,,,,,,,,,,,,,,,,,,,,,,,,,,,,,,,,,,,,,,
173716,15-Jun-18,12:50:57,2018-06-15 12:50:57,G,1,5,2322,307,0,6,-62.0926,-59.6569,51:01.6,FastGPS,-62.0926,-59.6569,,,2.9,-0.4,,,,15,32,10808,,,,14,25648,,,,17,29382,,,,10,21835,,,,18,19680,,,,1,25231,,,,,,,,,,,,,,,,,,,,,,,,,,,,,,,,,,,,,,,,,,,,,,,,
173716,15-Jun-18,14:24:10,2018-06-15 14:24:10,G,1,5,2325,,0,9,-62.0747,-59.6391,24:15.1,FastGPS,-62.0747,-59.6391,,,6.3,0.1,,,,15,1,11598,,,,22,10316,,,,18,6553,,,,17,16500,,,,31,28856,,,,3,28748,,,,12,22310,,,,32,1545,,,,11,23940,,,,,,,,,,,,,,,,,,,,,,,,,,,,,,,,,
173716,15-Jun-18,14:54:00,2018-06-15 14:54:00,G,1,5,2326,,0,9,-62.0687,-59.6285,54:04.6,FastGPS,-62.0687,-59.6285,,,12.9,-0.4,,,,15,17,8008,,,,23,21044,,,,19,28495,,,,1,30575,,,,18,15550,,,,11,6742,,,,31,22252,,,,3,7168,,,,14,5444,,,,,,,,,,,,,,,,,,,,,,,,,,,,,,,,,
173716,15-Jun-18,15:26:35,2018-06-15 15:26:35,G,1,5,2327,307,0,7,-62.06,-59.6191,26:40.1,FastGPS,-62.06,-59.6191,,,6.4,0.1,,,,15,23,3534,,,,31,32446,,,,22,10422,,,,3,9574,,,,12,29166,,,,1,28600,,,,14,26670,,,,,,,,,,,,,,,,,,,,,,,,,,,,,,,,,,,,,,,,,,,
173716,15-Jun-18,18:58:58,2018-06-15 18:58:58,G,1,5,2334,307,0,8,-62.033,-59.5457,59:02.6,FastGPS,-62.033,-59.5457,,,9.3,-0.4,,,,15,7,2748,,,,23,30528,,,,30,27090,,,,5,22936,,,,2,27203,,,,29,14443,,,,9,20080,,,,16,14924,,,,,,,,,,,,,,,,,,,,,,,,,,,,,,,,,,,,,,
173716,16-Jun-18,0:15:21,2018-06-16 00:15:21,G,1,5,2343,,0,9,-62.0014,-59.6494,15:25.6,FastGPS,-62.0014,-59.6494,,,5.1,-0.4,,,,15,15,29650,,,,28,13015,,,,19,32139,,,,17,27175,,,,10,795,,,,13,7035,,,,12,15233,,,,11,12534,,,,24,10268,,,,,,,,,,,,,,,,,,,,,,,,,,,,,,,,,
173716,16-Jun-18,2:31:18,2018-06-16 02:31:18,G,1,5,2347,311,0,5,-61.9189,-59.7211,31:21.6,FastGPS,-61.9189,-59.7211,,,1.6,-1.4,,,,15,25,14967,,,,32,13959,,,,12,27570,,,,24,9796,,,,2,12210,,,,,,,,,,,,,,,,,,,,,,,,,,,,,,,,,,,,,,,,,,,,,,,,,,,,,
173716,16-Jun-18,3:01:13,2018-06-16 03:01:13,G,1,5,2348,311,0,7,-61.9435,-59.7452,01:17.1,FastGPS,-61.9435,-59.7452,,,7.2,-0.9,,,,15,32,28570,,,,12,32465,,,,14,8820,,,,24,27875,,,,29,30012,,,,25,10563,,,,19,5874,,,,,,,,,,,,,,,,,,,,,,,,,,,,,,,,,,,,,,,,,,,
173716,16-Jun-18,3:31:00,2018-06-16 03:31:00,G,1,5,2349,311,0,6,-61.9589,-59.7837,31:04.1,FastGPS,-61.9589,-59.7837,,,5.7,-0.9,,,,15,31,28562,,,,29,32397,,,,12,6047,,,,14,17870,,,,25,19406,,,,2,5516,,,,,,,,,,,,,,,,,,,,,,,,,,,,,,,,,,,,,,,,,,,,,,,,
173716,16-Jun-18,4:01:00,2018-06-16 04:01:00,G,1,5,2350,311,0,6,-61.9784,-59.7987,01:04.1,FastGPS,-61.9784,-59.7987,,,5.2,-0.9,,,,15,12,20276,,,,2,4596,,,,25,9032,,,,14,23477,,,,29,32186,,,,24,15670,,,,,,,,,,,,,,,,,,,,,,,,,,,,,,,,,,,,,,,,,,,,,,,,
173716,16-Jun-18,4:31:05,2018-06-16 04:31:05,G,1,5,2351,,0,9,-61.9858,-59.7598,31:08.6,FastGPS,-61.9858,-59.7598,,1,10,-1.4,,,,15,31,22570,,,,14,28196,,,,29,14629,,,,2,21161,,,,4,19859,,,,26,21390,,,,6,15746,,,,12,6430,,,,25,32216,,,,,,,,,,,,,,,,,,,,,,,,,,,,,,,,,
173716,16-Jun-18,11:55:17,2018-06-16 11:55:17,G,1,5,2364,313,0,8,-62.091,-60.0165,55:20.6,FastGPS,-62.091,-60.0165,,,8.7,-1.4,,,,15,11,13501,,,,32,32533,,,,28,1642,,,,1,11624,,,,22,5748,,,,10,25383,,,,18,8429,,,,8,1150,,,,,,,,,,,,,,,,,,,,,,,,,,,,,,,,,,,,,,
173716,16-Jun-18,17:44:00,2018-06-16 17:44:00,G,3,5,2375,,0,9,-62.0644,-59.6378,44:03.6,FastGPS,-62.0644,-59.6378,,,4.4,-1.4,,,,15,4,18516,,,,7,14346,,,,26,1629,,,,6,25940,,,,2,9970,,,,29,28786,,,,16,10344,,,,9,26994,,,,23,4142,,,,,,,,,,,,,,,,,,,,,,,,,,,,,,,,,
173716,16-Jun-18,18:44:55,2018-06-16 18:44:55,G,2,5,2377,313,0,6,-62.0598,-59.6476,44:58.6,FastGPS,-62.0598,-59.6476,,,2.2,-1.4,,,,15,5,986,,,,7,21595,,,,30,28997,,,,9,14944,,,,2,7663,,,,23,20092,,,,,,,,,,,,,,,,,,,,,,,,,,,,,,,,,,,,,,,,,,,,,,,,
173716,16-Jun-18,19:47:08,2018-06-16 19:47:08,G,1,5,2379,313,0,4,-62.12,-59.53,6/17/2018 11:57,A,-62.0502,-59.6527,,,0.8,-1.4,,,,15,27,8856,,,,16,14718,,,,9,28998,,,,23,454,,,,,,,,,,,,,,,,,,,,,,,,,,,,,,,,,,,,,,,,,,,,,,,,,,,,,,,,,,
173716,16-Jun-18,20:17:05,2018-06-16 20:17:05,G,1,5,2380,,0,9,-62.043,-59.6381,17:09.1,FastGPS,-62.043,-59.6381,,,16.4,-0.9,,,,15,30,8518,,,,27,11618,,,,5,25328,,,,7,4065,,,,13,17414,,,,8,31660,,,,9,23068,,,,21,13122,,,,16,12630,,,,,,,,,,,,,,,,,,,,,,,,,,,,,,,,,
173716,16-Jun-18,22:05:05,2018-06-16 22:05:05,G,1,5,2383,314,0,5,-62.0607,-59.6563,05:08.6,FastGPS,-62.0607,-59.6563,,,9.5,-1.5,,,,15,5,32368,,,,15,31174,,,,8,26674,,,,7,9280,,,,30,29560,,,,,,,,,,,,,,,,,,,,,,,,,,,,,,,,,,,,,,,,,,,,,,,,,,,,,
173716,16-Jun-18,22:36:35,2018-06-16 22:36:35,G,1,5,2384,314,0,8,-62.0527,-59.6653,36:38.6,FastGPS,-62.0527,-59.6653,,,11.3,-1.4,,,,15,17,28626,,,,13,22679,,,,15,26124,,,,30,3900,,,,8,30424,,,,11,8321,,,,5,31317,,,,20,21541,,,,,,,,,,,,,,,,,,,,,,,,,,,,,,,,,,,,,,
173716,16-Jun-18,23:06:19,2018-06-16 23:06:19,G,1,5,2385,314,0,6,-62.0594,-59.6906,06:22.6,FastGPS,-62.0594,-59.6906,,,9.4,-1.4,,,,15,13,978,,,,28,21454,,,,15,24391,,,,10,29357,,,,20,22723,,,,30,7260,,,,,,,,,,,,,,,,,,,,,,,,,,,,,,,,,,,,,,,,,,,,,,,,
173716,16-Jun-18,23:36:01,2018-06-16 23:36:01,G,1,5,2386,314,0,8,-62.0636,-59.7042,36:04.6,FastGPS,-62.0636,-59.7042,,,17.2,-1.4,,,,15,17,30730,,,,1,14020,,,,11,4414,,,,28,21534,,,,18,17375,,,,13,21684,,,,15,28859,,,,30,12322,,,,,,,,,,,,,,,,,,,,,,,,,,,,,,,,,,,,,,
173716,17-Jun-18,1:40:01,2018-06-17 01:40:01,G,1,5,2390,,0,9,-62.0839,-59.7031,40:04.6,FastGPS,-62.0839,-59.7031,,,8.7,-1.4,,,,15,17,11332,,,,6,26940,,,,22,12387,,,,1,10807,,,,32,14884,,,,19,30856,,,,24,27698,,,,15,11398,,,,14,10720,,,,,,,,,,,,,,,,,,,,,,,,,,,,,,,,,
173716,17-Jun-18,3:16:06,2018-06-17 03:16:06,G,1,5,2393,,0,9,-62.1027,-59.7815,16:10.1,FastGPS,-62.1027,-59.7815,,,8.3,-0.9,,,,15,31,6756,,,,29,3770,,,,32,30224,,,,14,20009,,,,2,25808,,,,6,22130,,,,12,6344,,,,17,9494,,,,24,28228,,,,,,,,,,,,,,,,,,,,,,,,,,,,,,,,,
173716,17-Jun-18,3:46:01,2018-06-17 03:46:01,G,1,5,2394,,0,9,-62.1177,-59.8116,46:05.1,FastGPS,-62.1177,-59.8116,,,10.2,-0.9,,,,15,31,25834,,,,29,5917,,,,14,5179,,,,12,29398,,,,32,28393,,,,2,6185,,,,6,16461,,,,24,20255,,,,25,12968,,,,,,,,,,,,,,,,,,,,,,,,,,,,,,,,,
173716,17-Jun-18,5:19:13,2018-06-17 05:19:13,G,1,5,2397,314,0,8,-62.1457,-59.8322,19:17.6,FastGPS,-62.1457,-59.8322,,,15.8,-0.4,,,,15,5,13614,,,,12,27337,,,,31,8644,,,,25,1956,,,,4,32454,,,,2,17218,,,,29,1183,,,,26,27394,,,,,,,,,,,,,,,,,,,,,,,,,,,,,,,,,,,,,,
173716,17-Jun-18,10:40:04,2018-06-17 10:40:04,G,1,5,2405,319,0,6,-62.1665,-59.5433,40:08.6,FastGPS,-62.1665,-59.5433,,,13.6,-0.4,,,,15,15,26580,,,,27,14019,,,,8,28070,,,,20,1522,,,,28,2211,,,,10,6007,,,,,,,,,,,,,,,,,,,,,,,,,,,,,,,,,,,,,,,,,,,,,,,,
173716,17-Jun-18,17:23:08,2018-06-17 17:23:08,G,2,5,2417,321,0,7,-62.1086,-59.7553,23:11.6,FastGPS,-62.1086,-59.7553,,,3.3,-1.4,,,,15,9,30467,,,,2,27866,,,,6,30000,,,,7,23884,,,,4,24249,,,,23,2122,,,,29,1800,,,,,,,,,,,,,,,,,,,,,,,,,,,,,,,,,,,,,,,,,,,
173716,17-Jun-18,18:23:00,2018-06-17 18:23:00,G,1,5,2419,,0,9,-62.1168,-59.8231,23:03.6,FastGPS,-62.1168,-59.8231,,1,4.9,-1.4,,,,15,7,12151,,,,4,7080,,,,9,15320,,,,26,19462,,,,2,6724,,,,5,13850,,,,16,17912,,,,29,32084,,,,23,8315,,,,,,,,,,,,,,,,,,,,,,,,,,,,,,,,,
173716,17-Jun-18,19:23:04,2018-06-17 19:23:04,G,1,5,2421,321,0,6,-62.1058,-59.878,23:08.1,FastGPS,-62.1058,-59.878,,,6.6,-0.9,,,,15,5,28607,,,,9,21617,,,,16,2331,,,,23,25456,,,,7,4099,,,,27,11173,,,,,,,,,,,,,,,,,,,,,,,,,,,,,,,,,,,,,,,,,,,,,,,,
173716,17-Jun-18,20:38:08,2018-06-17 20:38:08,G,1,5,2423,322,0,5,-62.0877,-59.7816,38:12.0,FastGPS,-62.0877,-59.7816,,,4.9,-1,,,,15,30,16137,,,,7,1565,,,,27,9811,,,,13,187,,,,5,18008,,,,,,,,,,,,,,,,,,,,,,,,,,,,,,,,,,,,,,,,,,,,,,,,,,,,,
173716,17-Jun-18,21:08:06,2018-06-17 21:08:06,G,1,5,2424,322,0,7,-62.0616,-59.7707,08:09.7,FastGPS,-62.0616,-59.7707,,,4.1,-1.3,,,,15,28,18993,,,,27,7060,,,,8,4728,,,,7,29949,,,,5,3991,,,,30,31052,,,,13,19140,,,,,,,,,,,,,,,,,,,,,,,,,,,,,,,,,,,,,,,,,,,
173716,18-Jun-18,0:46:55,2018-06-18 00:46:55,G,3,5,2431,,0,9,-62.0502,-59.7963,46:58.6,FastGPS,-62.0502,-59.7963,,,20.1,-1.4,,,,15,17,23822,,,,11,28012,,,,10,16614,,,,18,9146,,,,12,7666,,,,15,28150,,,,32,14018,,,,24,20058,,,,28,14226,,,,,,,,,,,,,,,,,,,,,,,,,,,,,,,,,
173716,18-Jun-18,1:19:54,2018-06-18 01:19:54,G,1,5,2432,322,0,7,-62.0432,-59.8337,19:57.6,FastGPS,-62.0432,-59.8337,,,5.2,-1.4,,,,15,6,22929,,,,12,14159,,,,17,10870,,,,24,31082,,,,15,13718,,,,32,8968,,,,19,25775,,,,,,,,,,,,,,,,,,,,,,,,,,,,,,,,,,,,,,,,,,,
173716,18-Jun-18,2:58:18,2018-06-18 02:58:18,G,1,5,2435,,0,9,-62.059,-59.81,58:22.1,FastGPS,-62.059,-59.81,,,27.5,-0.9,,,,15,12,32612,,,,17,30157,,,,6,9582,,,,2,27088,,,,32,18958,,,,25,28518,,,,19,22913,,,,22,4304,,,,3,25096,,,,,,,,,,,,,,,,,,,,,,,,,,,,,,,,,
173716,18-Jun-18,4:34:02,2018-06-18 04:34:02,G,1,5,2437,,0,9,-62.0812,-59.8729,34:06.1,FastGPS,-62.0812,-59.8729,,1,9.2,-0.9,,,,15,12,1798,,,,29,17768,,,,31,9634,,,,5,29298,,,,25,31389,,,,6,9185,,,,23,10854,,,,2,14342,,,,4,5734,,,,,,,,,,,,,,,,,,,,,,,,,,,,,,,,,
173716,18-Jun-18,6:19:00,2018-06-18 06:19:00,G,1,5,2440,325,0,6,-62.0657,-59.9407,19:03.7,FastGPS,-62.0657,-59.9407,,1,1.7,-1.3,,,,15,29,20943,,,,26,27422,,,,4,13480,,,,5,22607,,,,25,1576,,,,2,27057,,,,,,,,,,,,,,,,,,,,,,,,,,,,,,,,,,,,,,,,,,,,,,,,
173716,18-Jun-18,9:55:00,2018-06-18 09:55:00,G,2,5,2445,329,0,5,-62.1303,-60.0397,55:04.1,FastGPS,-62.1303,-60.0397,,,2.9,-0.9,,,,15,27,19425,,,,10,13156,,,,21,12656,,,,20,29403,,,,8,1498,,,,,,,,,,,,,,,,,,,,,,,,,,,,,,,,,,,,,,,,,,,,,,,,,,,,,
173716,18-Jun-18,13:13:41,2018-06-18 13:13:41,G,1,5,2451,330,0,6,-62.2072,-59.9884,13:44.6,FastGPS,-62.2072,-59.9884,,,8.7,-1.4,,,,15,32,18485,,,,17,7524,,,,22,29629,,,,11,26464,,,,3,14819,,,,1,1708,,,,,,,,,,,,,,,,,,,,,,,,,,,,,,,,,,,,,,,,,,,,,,,,
173716,18-Jun-18,14:00:51,2018-06-18 14:00:51,G,2,5,2452,331,0,7,-62.2384,-59.9691,00:54.6,FastGPS,-62.2384,-59.9691,,,12.8,-1.4,,,,15,17,20516,,,,31,27633,,,,18,9778,,,,11,25922,,,,1,29310,,,,22,7473,,,,3,4108,,,,,,,,,,,,,,,,,,,,,,,,,,,,,,,,,,,,,,,,,,,
173716,18-Jun-18,15:01:00,2018-06-18 15:01:00,G,1,5,2454,,0,9,-62.2475,-60.0432,01:03.6,FastGPS,-62.2475,-60.0432,,,16.2,-1.4,,,,15,31,18650,,,,23,10712,,,,14,6547,,,,22,31232,,,,3,32175,,,,17,5441,,,,25,5064,,,,1,5789,,,,32,11800,,,,,,,,,,,,,,,,,,,,,,,,,,,,,,,,,
173716,18-Jun-18,15:31:14,2018-06-18 15:31:14,G,2,5,2455,331,0,8,-62.228,-60.0364,31:17.7,FastGPS,-62.228,-60.0364,,,8,-1.3,,,,15,31,22423,,,,23,22611,,,,14,12684,,,,22,26608,,,,3,294,,,,1,17782,,,,9,13660,,,,25,25578,,,,,,,,,,,,,,,,,,,,,,,,,,,,,,,,,,,,,,
173716,18-Jun-18,16:01:57,2018-06-18 16:01:57,G,1,5,2456,331,0,4,-62.156,-59.423,6/19/2018 12:13,B,-62.2048,-60.0318,,,1.1,-0.8,,,,15,31,21356,,,,22,31114,,,,23,9534,,,,25,10854,,,,,,,,,,,,,,,,,,,,,,,,,,,,,,,,,,,,,,,,,,,,,,,,,,,,,,,,,,
173716,18-Jun-18,16:36:12,2018-06-18 16:36:12,G,1,5,2457,331,0,7,-62.1837,-60.0054,36:15.6,FastGPS,-62.1837,-60.0054,,1,2.2,-1.4,,,,15,31,28151,,,,4,30574,,,,3,22088,,,,16,4401,,,,26,29685,,,,23,15861,,,,22,24056,,,,,,,,,,,,,,,,,,,,,,,,,,,,,,,,,,,,,,,,,,,
173716,18-Jun-18,20:08:26,2018-06-18 20:08:26,G,1,5,2463,,0,9,-62.0475,-59.8809,08:30.1,FastGPS,-62.0475,-59.8809,,,4,-0.9,,,,15,8,1389,,,,30,13023,,,,5,31434,,,,7,9336,,,,9,28414,,,,27,15087,,,,13,21981,,,,16,18852,,,,21,17452,,,,,,,,,,,,,,,,,,,,,,,,,,,,,,,,,
173716,18-Jun-18,20:39:59,2018-06-18 20:39:59,G,1,5,2464,332,0,8,-62.0221,-59.8968,40:02.6,FastGPS,-62.0221,-59.8968,,,5.3,-1.4,,,,15,8,2056,,,,28,15426,,,,5,4568,,,,9,26118,,,,7,14308,,,,13,17540,,,,27,3844,,,,30,14147,,,,,,,,,,,,,,,,,,,,,,,,,,,,,,,,,,,,,,
173716,18-Jun-18,21:10:51,2018-06-18 21:10:51,G,3,5,2465,332,0,7,-62.0018,-59.8884,10:54.7,FastGPS,-62.0018,-59.8884,,,7.6,-1.3,,,,15,7,1174,,,,27,23675,,,,8,7261,,,,30,20717,,,,15,21869,,,,28,10981,,,,13,1350,,,,,,,,,,,,,,,,,,,,,,,,,,,,,,,,,,,,,,,,,,,
173716,18-Jun-18,23:57:09,2018-06-18 23:57:09,G,1,5,2470,,0,9,-61.9848,-59.7538,57:13.1,FastGPS,-61.9848,-59.7538,,,7.2,-0.9,,,,15,10,26427,,,,17,1882,,,,28,25158,,,,18,21187,,,,19,31697,,,,1,12326,,,,11,10834,,,,24,14453,,,,30,18943,,,,,,,,,,,,,,,,,,,,,,,,,,,,,,,,,
173716,19-Jun-18,1:30:10,2018-06-19 01:30:10,G,1,5,2473,333,0,8,-61.9974,-59.6687,30:15.1,FastGPS,-61.9974,-59.6688,,,4.7,0.1,,,,15,6,30574,,,,17,24347,,,,15,29446,,,,12,3918,,,,32,20461,,,,1,24123,,,,22,17904,,,,19,8236,,,,,,,,,,,,,,,,,,,,,,,,,,,,,,,,,,,,,,
173716,19-Jun-18,2:31:31,2018-06-19 02:31:31,G,1,5,2475,,0,9,-61.998,-59.667,31:36.2,FastGPS,-61.998,-59.667,,,11.7,0.2,,,,15,32,8441,,,,25,1444,,,,14,13376,,,,6,6341,,,,12,11477,,,,24,8628,,,,22,28389,,,,3,6129,,,,17,23030,,,,,,,,,,,,,,,,,,,,,,,,,,,,,,,,,
173716,19-Jun-18,3:01:00,2018-06-19 03:01:00,G,1,5,2476,333,0,5,-62.0049,-59.6698,01:04.6,FastGPS,-62.0049,-59.6698,,,5.8,-0.4,,,,15,12,1396,,,,31,30770,,,,6,14636,,,,19,4004,,,,2,24941,,,,,,,,,,,,,,,,,,,,,,,,,,,,,,,,,,,,,,,,,,,,,,,,,,,,,
173716,19-Jun-18,3:31:48,2018-06-19 03:31:48,G,1,5,2477,,0,9,-62.0197,-59.6658,31:53.2,FastGPS,-62.0197,-59.6658,,,7.3,0.2,,,,15,31,15763,,,,29,25778,,,,32,29979,,,,14,29906,,,,6,7758,,,,19,5344,,,,25,15252,,,,2,7394,,,,3,30693,,,,,,,,,,,,,,,,,,,,,,,,,,,,,,,,,
173716,19-Jun-18,4:03:11,2018-06-19 04:03:11,G,2,5,2478,333,0,7,-62.032,-59.6589,03:16.2,FastGPS,-62.032,-59.6589,,,6.2,0.2,,,,15,31,32610,,,,29,4354,,,,6,13965,,,,25,5512,,,,12,31446,,,,19,19827,,,,2,485,,,,,,,,,,,,,,,,,,,,,,,,,,,,,,,,,,,,,,,,,,,
173716,19-Jun-18,5:50:00,2018-06-19 05:50:00,G,1,5,2481,,0,9,-62.0618,-59.6358,50:04.7,FastGPS,-62.0618,-59.6358,,1,9.9,-0.3,,,,15,4,5044,,,,29,11768,,,,2,19738,,,,31,17677,,,,26,29316,,,,21,30209,,,,25,7112,,,,5,1928,,,,16,20938,,,,,,,,,,,,,,,,,,,,,,,,,,,,,,,,,
173716,19-Jun-18,6:20:00,2018-06-19 06:20:00,G,1,5,2482,,0,9,-62.0726,-59.6222,20:04.7,FastGPS,-62.0726,-59.6222,,1,5.8,-0.3,,,,15,31,19826,,,,5,4838,,,,16,28977,,,,21,26973,,,,26,15935,,,,4,30146,,,,9,16095,,,,29,26411,,,,2,15638,,,,,,,,,,,,,,,,,,,,,,,,,,,,,,,,,
173716,19-Jun-18,8:22:31,2018-06-19 08:22:31,G,1,5,2486,,0,9,-62.1221,-59.5545,22:35.1,FastGPS,-62.1221,-59.5545,,1,3.3,-0.9,,,,15,7,3075,,,,27,9982,,,,15,9308,,,,26,11502,,,,29,4114,,,,13,13378,,,,4,25926,,,,21,17442,,,,8,25432,,,,,,,,,,,,,,,,,,,,,,,,,,,,,,,,,
173716,19-Jun-18,9:22:00,2018-06-19 09:22:00,G,1,5,2488,,0,9,-62.1363,-59.5322,22:04.7,FastGPS,-62.1363,-59.5322,,,8,-0.3,,,,15,15,25382,,,,16,7424,,,,21,28526,,,,10,29120,,,,7,19902,,,,13,24616,,,,27,31971,,,,20,32118,,,,26,16771,,,,,,,,,,,,,,,,,,,,,,,,,,,,,,,,,
173716,19-Jun-18,11:56:00,2018-06-19 11:56:00,G,1,5,2493,,0,9,-62.154,-59.4419,56:04.7,FastGPS,-62.154,-59.4419,,,10.9,-0.3,,,,15,18,18362,,,,11,24245,,,,22,13755,,,,8,14770,,,,1,10709,,,,27,4971,,,,32,15693,,,,20,13512,,,,14,25608,,,,,,,,,,,,,,,,,,,,,,,,,,,,,,,,,
173716,19-Jun-18,15:50:52,2018-06-19 15:50:52,G,1,5,2500,,0,9,-62.0888,-59.3466,50:57.2,FastGPS,-62.0888,-59.3466,,1,13.6,0.2,,,,15,31,682,,,,1,15823,,,,6,18776,,,,23,24147,,,,19,8259,,,,4,11940,,,,14,10563,,,,25,15968,,,,3,14217,,,,,,,,,,,,,,,,,,,,,,,,,,,,,,,,,
173716,19-Jun-18,17:59:16,2018-06-19 17:59:16,G,1,5,2504,335,0,7,-62.0602,-59.3915,59:21.1,FastGPS,-62.0602,-59.3915,,,12,0.1,,,,15,7,17904,,,,23,1550,,,,9,20844,,,,3,23109,,,,6,8497,,,,2,1113,,,,30,17800,,,,,,,,,,,,,,,,,,,,,,,,,,,,,,,,,,,,,,,,,,,
173716,19-Jun-18,21:00:34,2018-06-19 21:00:34,G,1,5,2510,335,0,8,-61.9539,-59.5724,00:39.2,FastGPS,-61.9539,-59.5724,,,7.1,0.2,,,,15,7,25197,,,,5,31742,,,,28,19606,,,,8,2948,,,,15,27080,,,,30,27930,,,,27,2490,,,,13,16984,,,,,,,,,,,,,,,,,,,,,,,,,,,,,,,,,,,,,,
173716,19-Jun-18,23:52:00,2018-06-19 23:52:00,G,1,5,2514,,0,9,-61.9534,-59.6124,52:03.7,FastGPS,-61.9534,-59.6124,,,15.9,-1.3,,,,15,24,23230,,,,15,12936,,,,17,12471,,,,19,8028,,,,28,9789,,,,12,19146,,,,13,4532,,,,10,6040,,,,11,25259,,,,,,,,,,,,,,,,,,,,,,,,,,,,,,,,,
173716,20-Jun-18,1:39:05,2018-06-20 01:39:05,G,1,5,2515,343,0,8,-61.956,-59.6137,39:09.1,FastGPS,-61.956,-59.6137,,,5,-0.9,,,,15,17,1167,,,,12,19298,,,,22,17278,,,,24,7658,,,,3,2552,,,,6,29082,,,,1,29919,,,,19,16418,,,,,,,,,,,,,,,,,,,,,,,,,,,,,,,,,,,,,,
173716,20-Jun-18,2:40:46,2018-06-20 02:40:46,G,2,5,2517,,0,9,-61.9405,-59.659,40:50.2,FastGPS,-61.9405,-59.659,,,8.4,-0.8,,,,15,31,1512,,,,19,5398,,,,6,22347,,,,25,15680,,,,12,17759,,,,32,21656,,,,3,10754,,,,14,25566,,,,29,27809,,,,,,,,,,,,,,,,,,,,,,,,,,,,,,,,,
173716,20-Jun-18,3:41:05,2018-06-20 03:41:05,G,1,5,2519,343,0,8,-61.9696,-59.6753,41:08.7,FastGPS,-61.9696,-59.6753,,,10.3,-1.3,,,,15,29,2690,,,,19,843,,,,12,13156,,,,6,31562,,,,2,18057,,,,25,22507,,,,14,17374,,,,24,17822,,,,,,,,,,,,,,,,,,,,,,,,,,,,,,,,,,,,,,
173716,20-Jun-18,5:14:47,2018-06-20 05:14:47,G,1,5,2522,343,0,8,-61.9571,-59.74,14:51.2,FastGPS,-61.9571,-59.74,,,16,-0.8,,,,15,2,31422,,,,31,6278,,,,9,778,,,,26,163,,,,5,13010,,,,29,17981,,,,12,218,,,,25,24278,,,,,,,,,,,,,,,,,,,,,,,,,,,,,,,,,,,,,,
173716,20-Jun-18,14:06:08,2018-06-20 14:06:08,G,1,5,2539,,0,9,-62.0447,-59.848,06:12.2,FastGPS,-62.0447,-59.848,,,5.6,-0.8,,,,15,25,16090,,,,12,4154,,,,31,14874,,,,32,3502,,,,18,10854,,,,1,20431,,,,22,23350,,,,11,28821,,,,3,14182,,,,,,,,,,,,,,,,,,,,,,,,,,,,,,,,,
173716,20-Jun-18,14:39:35,2018-06-20 14:39:35,G,1,5,2540,,0,9,-62.0259,-59.8728,39:38.7,FastGPS,-62.0259,-59.8728,,,9.6,-1.3,,,,15,12,19781,,,,32,2638,,,,25,11760,,,,31,881,,,,1,15752,,,,23,17137,,,,22,16598,,,,11,19164,,,,14,18057,,,,,,,,,,,,,,,,,,,,,,,,,,,,,,,,,
173716,20-Jun-18,16:12:17,2018-06-20 16:12:17,G,1,5,2543,,0,9,-62.0275,-59.8312,12:21.2,FastGPS,-62.0275,-59.8312,,1,12.6,-0.8,,,,15,31,19313,,,,2,19027,,,,4,3057,,,,19,18728,,,,9,15900,,,,25,18473,,,,23,14594,,,,3,10140,,,,22,4539,,,,,,,,,,,,,,,,,,,,,,,,,,,,,,,,,
173716,20-Jun-18,16:43:03,2018-06-20 16:43:03,G,1,5,2544,,0,9,-62.0502,-59.8581,43:06.7,FastGPS,-62.0502,-59.8581,,1,3.7,-1.3,,,,15,6,13930,,,,9,11133,,,,3,6050,,,,4,20892,,,,23,13412,,,,26,32488,,,,31,4890,,,,2,17684,,,,22,22478,,,,,,,,,,,,,,,,,,,,,,,,,,,,,,,,,
173716,20-Jun-18,17:16:37,2018-06-20 17:16:37,G,2,5,2545,,0,9,-62.0423,-59.9061,16:40.7,FastGPS,-62.0423,-59.9061,,,6.7,-1.3,,,,15,29,8794,,,,7,20236,,,,4,19864,,,,23,22949,,,,26,26649,,,,31,13030,,,,16,5986,,,,9,6822,,,,2,31782,,,,,,,,,,,,,,,,,,,,,,,,,,,,,,,,,
173716,20-Jun-18,18:18:51,2018-06-20 18:18:51,G,1,5,2547,,0,9,-62.0533,-59.8735,18:55.2,FastGPS,-62.0533,-59.8735,,1,7.6,-0.8,,,,15,23,9811,,,,5,11906,,,,4,13571,,,,9,7733,,,,29,18662,,,,2,19026,,,,7,7189,,,,16,18233,,,,26,30122,,,,,,,,,,,,,,,,,,,,,,,,,,,,,,,,,
173716,20-Jun-18,19:54:00,2018-06-20 19:54:00,G,1,5,2550,344,0,7,-62.0431,-59.7267,54:04.2,FastGPS,-62.0431,-59.7267,,,10.1,-0.8,,,,15,5,13483,,,,13,10292,,,,21,19444,,,,27,21742,,,,7,32708,,,,16,26333,,,,9,3492,,,,,,,,,,,,,,,,,,,,,,,,,,,,,,,,,,,,,,,,,,,
173716,21-Jun-18,1:46:12,2018-06-21 01:46:12,G,2,5,2559,,0,9,-61.9473,-59.6418,46:17.2,FastGPS,-61.9473,-59.6418,,,14.2,0.2,,,,15,17,24066,,,,24,18804,,,,22,21896,,,,12,7084,,,,6,29725,,,,3,26707,,,,19,380,,,,14,10334,,,,32,29766,,,,,,,,,,,,,,,,,,,,,,,,,,,,,,,,,
173716,21-Jun-18,2:17:41,2018-06-21 02:17:41,G,1,5,2560,,0,9,-61.9255,-59.664,17:46.2,FastGPS,-61.9255,-59.664,,,9.1,0.2,,,,15,31,31271,,,,22,25769,,,,32,5754,,,,17,6064,,,,19,16976,,,,25,5336,,,,6,21598,,,,12,31684,,,,2,8339,,,,,,,,,,,,,,,,,,,,,,,,,,,,,,,,,
173716,21-Jun-18,2:48:10,2018-06-21 02:48:10,G,1,5,2561,348,0,5,-61.9018,-59.695,48:14.7,FastGPS,-61.9018,-59.695,,,8.1,-0.3,,,,15,6,15408,,,,19,21174,,,,2,8802,,,,29,6729,,,,24,4718,,,,,,,,,,,,,,,,,,,,,,,,,,,,,,,,,,,,,,,,,,,,,,,,,,,,,
173716,21-Jun-18,5:33:18,2018-06-21 05:33:18,G,1,5,2566,,0,9,-61.9003,-59.7239,33:22.2,FastGPS,-61.9003,-59.7239,,,5.2,-0.8,,,,15,5,25680,,,,31,16130,,,,4,23742,,,,25,12184,,,,29,19690,,,,9,19162,,,,26,8152,,,,23,19955,,,,21,26090,,,,,,,,,,,,,,,,,,,,,,,,,,,,,,,,,
173716,21-Jun-18,6:33:02,2018-06-21 06:33:02,G,1,5,2568,349,0,6,-61.9051,-59.7517,33:06.7,FastGPS,-61.9051,-59.7517,,,5.3,-0.3,,,,15,5,3308,,,,29,26771,,,,16,19237,,,,9,20566,,,,26,21406,,,,25,881,,,,,,,,,,,,,,,,,,,,,,,,,,,,,,,,,,,,,,,,,,,,,,,,
173716,21-Jun-18,15:02:58,2018-06-21 15:02:58,G,3,5,2583,,0,9,-62.0849,-59.8362,03:03.2,FastGPS,-62.0849,-59.8362,,,13.5,0.2,,,,15,31,5216,,,,12,674,,,,22,15446,,,,3,16042,,,,23,11573,,,,1,30882,,,,14,25962,,,,32,23594,,,,17,5838,,,,,,,,,,,,,,,,,,,,,,,,,,,,,,,,,
173716,21-Jun-18,15:36:11,2018-06-21 15:36:11,G,1,5,2584,,0,9,-62.093,-59.8316,36:15.7,FastGPS,-62.093,-59.8316,,,10,-0.3,,,,15,22,8211,,,,9,27950,,,,26,16311,,,,17,1279,,,,31,4744,,,,23,4876,,,,3,18236,,,,6,32610,,,,4,14433,,,,,,,,,,,,,,,,,,,,,,,,,,,,,,,,,
173716,21-Jun-18,16:06:11,2018-06-21 16:06:11,G,1,5,2585,,0,9,-62.0989,-59.8377,06:15.7,FastGPS,-62.0989,-59.8377,,,6,-0.3,,,,15,9,30452,,,,23,1706,,,,31,14953,,,,22,2274,,,,6,1793,,,,19,14798,,,,3,4374,,,,2,664,,,,26,6781,,,,,,,,,,,,,,,,,,,,,,,,,,,,,,,,,
173716,21-Jun-18,18:10:41,2018-06-21 18:10:41,G,1,5,2589,,0,9,-62.1147,-59.8339,10:46.2,FastGPS,-62.1147,-59.8339,,1,17,0.2,,,,15,5,19070,,,,2,19806,,,,30,3192,,,,6,17632,,,,23,16810,,,,4,17629,,,,7,16290,,,,9,1771,,,,26,32040,,,,,,,,,,,,,,,,,,,,,,,,,,,,,,,,,
173716,21-Jun-18,18:41:34,2018-06-21 18:41:34,G,3,5,2590,352,0,6,-62.1152,-59.8392,41:38.7,FastGPS,-62.1152,-59.8392,,,8.7,-0.3,,,,15,7,6244,,,,23,20098,,,,30,10339,,,,5,1218,,,,2,23766,,,,9,24864,,,,,,,,,,,,,,,,,,,,,,,,,,,,,,,,,,,,,,,,,,,,,,,,
173716,21-Jun-18,19:42:06,2018-06-21 19:42:06,G,1,5,2592,352,0,8,-62.1273,-59.8687,42:11.2,FastGPS,-62.1273,-59.8687,,,5.6,0.2,,,,15,13,12535,,,,30,3004,,,,28,13915,,,,5,13418,,,,7,8936,,,,16,25421,,,,8,32356,,,,21,3195,,,,,,,,,,,,,,,,,,,,,,,,,,,,,,,,,,,,,,
173716,21-Jun-18,20:12:02,2018-06-21 20:12:02,G,2,5,2593,352,0,6,-62.1439,-59.883,12:07.2,FastGPS,-62.1439,-59.883,,,7.6,0.2,,,,15,7,4118,,,,13,10716,,,,5,11558,,,,30,22591,,,,28,17299,,,,27,20679,,,,,,,,,,,,,,,,,,,,,,,,,,,,,,,,,,,,,,,,,,,,,,,,
173716,21-Jun-18,21:47:09,2018-06-21 21:47:09,G,1,5,2596,352,0,7,-62.1785,-59.8773,47:12.7,FastGPS,-62.1785,-59.8773,,,16.7,-1.3,,,,15,5,13218,,,,13,6959,,,,7,20160,,,,15,30514,,,,30,13621,,,,28,11928,,,,11,23300,,,,,,,,,,,,,,,,,,,,,,,,,,,,,,,,,,,,,,,,,,,
173716,21-Jun-18,22:18:03,2018-06-21 22:18:03,G,2,5,2597,352,0,8,-62.1786,-59.8761,18:06.7,FastGPS,-62.1786,-59.8761,,,2.4,-1.3,,,,15,15,25037,,,,7,20366,,,,28,17902,,,,30,24254,,,,20,11076,,,,13,15888,,,,11,6322,,,,8,18845,,,,,,,,,,,,,,,,,,,,,,,,,,,,,,,,,,,,,,
173716,21-Jun-18,22:48:00,2018-06-21 22:48:00,G,1,5,2598,352,0,6,-62.1781,-59.8748,48:03.7,FastGPS,-62.1781,-59.8748,,,8,-1.3,,,,15,13,21934,,,,15,19468,,,,17,2824,,,,11,27698,,,,18,11408,,,,19,30450,,,,,,,,,,,,,,,,,,,,,,,,,,,,,,,,,,,,,,,,,,,,,,,,
173716,21-Jun-18,23:18:03,2018-06-21 23:18:03,G,1,5,2599,352,0,8,-62.1781,-59.8737,18:06.7,FastGPS,-62.1781,-59.8737,,,11.3,-1.3,,,,15,28,18739,,,,17,11963,,,,13,17178,,,,11,7646,,,,30,5549,,,,15,31984,,,,1,24656,,,,19,15942,,,,,,,,,,,,,,,,,,,,,,,,,,,,,,,,,,,,,,
173716,21-Jun-18,23:50:30,2018-06-21 23:50:30,G,1,5,2600,,0,9,-62.1749,-59.8697,50:34.2,FastGPS,-62.1749,-59.8697,,,13.8,-0.8,,,,15,15,14218,,,,24,27582,,,,1,15138,,,,11,29870,,,,12,184,,,,18,13327,,,,10,19852,,,,20,31268,,,,28,30730,,,,,,,,,,,,,,,,,,,,,,,,,,,,,,,,,
173716,22-Jun-18,0:20:01,2018-06-22 00:20:01,G,2,5,2601,352,0,8,-62.1735,-59.8675,20:05.2,FastGPS,-62.1735,-59.8675,,,7.2,-0.8,,,,15,18,2334,,,,17,20870,,,,11,27514,,,,24,3216,,,,1,28008,,,,12,32400,,,,19,6339,,,,32,7148,,,,,,,,,,,,,,,,,,,,,,,,,,,,,,,,,,,,,,
173716,22-Jun-18,2:27:19,2018-06-22 02:27:19,G,1,5,2605,,0,9,-62.1139,-59.8491,27:23.7,FastGPS,-62.1139,-59.8491,,,4,-0.3,,,,15,12,5802,,,,25,21271,,,,31,724,,,,6,6134,,,,19,11096,,,,17,7279,,,,22,8531,,,,3,1250,,,,2,2954,,,,,,,,,,,,,,,,,,,,,,,,,,,,,,,,,
173716,22-Jun-18,5:01:10,2018-06-22 05:01:10,G,1,5,2610,,0,9,-62.0662,-59.8608,01:15.2,FastGPS,-62.0662,-59.8608,,,10.3,0.2,,,,15,31,22226,,,,29,20310,,,,2,26323,,,,12,31006,,,,4,23582,,,,26,20515,,,,23,12092,,,,5,4195,,,,25,12391,,,,,,,,,,,,,,,,,,,,,,,,,,,,,,,,,
173716,22-Jun-18,8:32:00,2018-06-22 08:32:00,G,1,5,2617,,0,9,-62.0458,-59.8928,32:04.7,FastGPS,-62.0458,-59.8928,,2,7,-0.3,,,,15,15,17840,,,,13,21380,,,,7,11563,,,,30,17843,,,,20,20210,,,,21,10679,,,,26,10770,,,,8,17955,,,,4,16849,,,,,,,,,,,,,,,,,,,,,,,,,,,,,,,,,
173716,22-Jun-18,9:02:20,2018-06-22 09:02:20,G,2,5,2618,352,0,6,-62.0414,-59.9198,02:25.2,FastGPS,-62.0414,-59.9198,,,4.5,0.2,,,,15,10,22836,,,,20,12634,,,,16,21750,,,,27,7754,,,,21,4642,,,,13,17273,,,,,,,,,,,,,,,,,,,,,,,,,,,,,,,,,,,,,,,,,,,,,,,,
173716,22-Jun-18,9:33:22,2018-06-22 09:33:22,G,2,5,2619,,0,9,-62.0579,-59.9284,33:26.7,FastGPS,-62.0579,-59.9284,,,9.6,-0.3,,,,15,30,28003,,,,13,8556,,,,7,9579,,,,15,22611,,,,8,16141,,,,18,8275,,,,21,953,,,,20,4417,,,,27,16632,,,,,,,,,,,,,,,,,,,,,,,,,,,,,,,,,
173716,22-Jun-18,10:04:06,2018-06-22 10:04:06,G,1,5,2620,,0,9,-62.0613,-59.9051,04:10.7,FastGPS,-62.0613,-59.9051,,1,8.8,-0.3,,,,15,8,18807,,,,18,23543,,,,15,7382,,,,11,22717,,,,27,21660,,,,32,17188,,,,16,20482,,,,20,28340,,,,10,9142,,,,,,,,,,,,,,,,,,,,,,,,,,,,,,,,,
173716,22-Jun-18,10:36:22,2018-06-22 10:36:22,G,1,5,2621,,0,9,-62.0669,-59.9412,36:26.7,FastGPS,-62.0669,-59.9412,,1,11.7,-0.3,,,,15,15,13074,,,,20,9425,,,,10,5524,,,,28,22354,,,,24,28189,,,,11,2136,,,,8,11830,,,,1,29869,,,,18,1273,,,,,,,,,,,,,,,,,,,,,,,,,,,,,,,,,
173716,22-Jun-18,11:09:48,2018-06-22 11:09:48,G,1,5,2622,,0,9,-62.0567,-59.9533,09:52.7,FastGPS,-62.0567,-59.9533,,,8,-0.3,,,,15,15,3775,,,,22,29934,,,,18,19073,,,,11,22623,,,,14,9916,,,,10,6606,,,,28,27065,,,,20,8958,,,,1,21852,,,,,,,,,,,,,,,,,,,,,,,,,,,,,,,,,
173716,22-Jun-18,11:40:21,2018-06-22 11:40:21,G,2,5,2623,352,0,8,-62.0634,-59.9381,40:26.2,FastGPS,-62.0634,-59.9381,,,15,0.2,,,,15,10,11416,,,,32,3563,,,,1,28606,,,,24,6086,,,,11,15352,,,,18,9250,,,,8,21427,,,,28,7705,,,,,,,,,,,,,,,,,,,,,,,,,,,,,,,,,,,,,,
173716,22-Jun-18,12:40:00,2018-06-22 12:40:00,G,1,5,2625,,0,9,-62.074,-59.9643,40:04.7,FastGPS,-62.074,-59.9643,,,9.9,-0.3,,,,15,17,13923,,,,32,9122,,,,22,9130,,,,14,11490,,,,8,23190,,,,1,7722,,,,3,8047,,,,11,5371,,,,18,27968,,,,,,,,,,,,,,,,,,,,,,,,,,,,,,,,,
173716,22-Jun-18,16:21:00,2018-06-22 16:21:00,G,1,5,2632,352,0,8,-62.1208,-59.9779,21:03.7,FastGPS,-62.1208,-59.9779,,1,5.5,-1.3,,,,15,2,31247,,,,6,7244,,,,9,24670,,,,4,21733,,,,31,12916,,,,23,5427,,,,22,10380,,,,25,22582,,,,,,,,,,,,,,,,,,,,,,,,,,,,,,,,,,,,,,
173716,22-Jun-18,16:52:17,2018-06-22 16:52:17,G,1,5,2633,352,0,8,-62.1289,-60.0031,52:21.2,FastGPS,-62.1289,-60.0031,,,14,-0.8,,,,15,7,4473,,,,6,18110,,,,3,27100,,,,2,14236,,,,31,21892,,,,9,12262,,,,23,19898,,,,4,23984,,,,,,,,,,,,,,,,,,,,,,,,,,,,,,,,,,,,,,
173716,22-Jun-18,20:57:03,2018-06-22 20:57:03,G,1,5,2641,352,0,8,-62.1068,-60.0701,57:08.2,FastGPS,-62.1068,-60.0701,,,11.2,0.2,,,,15,5,26506,,,,15,20967,,,,13,29898,,,,28,8308,,,,8,29940,,,,7,11694,,,,21,3739,,,,30,5912,,,,,,,,,,,,,,,,,,,,,,,,,,,,,,,,,,,,,,
173716,22-Jun-18,22:00:35,2018-06-22 22:00:35,G,1,5,2643,352,0,7,-62.1196,-60.0702,00:40.2,FastGPS,-62.1196,-60.0702,,,7.2,0.2,,,,15,15,19715,,,,8,13278,,,,5,6453,,,,30,29458,,,,13,15525,,,,20,17434,,,,17,22765,,,,,,,,,,,,,,,,,,,,,,,,,,,,,,,,,,,,,,,,,,,
173716,23-Jun-18,1:25:49,2018-06-23 01:25:49,G,1,5,2648,355,0,5,-62.1216,-60.0742,25:54.2,FastGPS,-62.1216,-60.0742,,,0.9,0.2,,,,15,17,22710,,,,12,6286,,,,32,12029,,,,24,28718,,,,6,10458,,,,,,,,,,,,,,,,,,,,,,,,,,,,,,,,,,,,,,,,,,,,,,,,,,,,,
173716,23-Jun-18,2:29:27,2018-06-23 02:29:27,G,2,5,2650,,0,9,-62.1511,-60.0485,29:32.2,FastGPS,-62.1511,-60.0485,,,8.9,0.2,,,,15,2,3364,,,,25,17272,,,,32,18784,,,,24,18876,,,,31,5688,,,,6,17932,,,,3,9158,,,,12,13972,,,,14,25759,,,,,,,,,,,,,,,,,,,,,,,,,,,,,,,,,
173716,23-Jun-18,3:03:12,2018-06-23 03:03:12,G,2,5,2651,,0,9,-62.1343,-60.08,03:16.2,FastGPS,-62.1343,-60.08,,,11.3,-0.8,,,,15,31,22942,,,,19,8052,,,,12,24528,,,,2,26179,,,,29,24311,,,,25,11315,,,,6,10440,,,,14,7513,,,,24,6418,,,,,,,,,,,,,,,,,,,,,,,,,,,,,,,,,
173716,23-Jun-18,3:36:16,2018-06-23 03:36:16,G,3,5,2652,,0,9,-62.1323,-60.0853,36:19.7,FastGPS,-62.1323,-60.0853,,,14.7,-1.3,,,,15,29,12106,,,,12,5315,,,,4,28592,,,,2,4980,,,,31,20028,,,,25,11431,,,,14,11188,,,,3,8774,,,,32,16399,,,,,,,,,,,,,,,,,,,,,,,,,,,,,,,,,
173716,23-Jun-18,5:13:11,2018-06-23 05:13:11,G,1,5,2655,355,0,8,-62.1272,-60.0977,13:16.2,FastGPS,-62.1272,-60.0977,,,3.1,0.2,,,,15,5,1573,,,,4,30050,,,,29,20691,,,,31,16486,,,,2,19401,,,,26,5950,,,,12,6774,,,,9,13986,,,,,,,,,,,,,,,,,,,,,,,,,,,,,,,,,,,,,,
173716,23-Jun-18,5:47:55,2018-06-23 05:47:55,G,1,5,2656,355,0,7,-62.1386,-60.0952,48:00.2,FastGPS,-62.1386,-60.0952,,1,7.9,0.2,,,,15,4,9846,,,,31,14104,,,,26,14655,,,,29,10762,,,,21,14822,,,,5,26166,,,,2,26502,,,,,,,,,,,,,,,,,,,,,,,,,,,,,,,,,,,,,,,,,,,
173716,23-Jun-18,6:19:04,2018-06-23 06:19:04,G,1,5,2657,355,0,8,-62.136,-60.0994,19:09.3,FastGPS,-62.136,-60.0994,,1,7.7,0.3,,,,15,4,20828,,,,26,21996,,,,21,12763,,,,5,12702,,,,29,10591,,,,25,30004,,,,16,6526,,,,31,3046,,,,,,,,,,,,,,,,,,,,,,,,,,,,,,,,,,,,,,
173716,23-Jun-18,9:23:44,2018-06-23 09:23:44,G,1,5,2663,355,0,8,-62.1514,-60.0455,23:49.2,FastGPS,-62.1514,-60.0455,,,8,0.2,,,,15,10,5984,,,,15,13604,,,,27,3585,,,,21,11860,,,,7,18692,,,,8,20824,,,,16,21588,,,,18,7578,,,,,,,,,,,,,,,,,,,,,,,,,,,,,,,,,,,,,,
173716,23-Jun-18,9:54:01,2018-06-23 09:54:01,G,1,5,2664,355,0,8,-62.1474,-60.0571,54:05.7,FastGPS,-62.1474,-60.0571,,,10.2,-0.3,,,,15,8,14545,,,,16,22910,,,,15,25305,,,,18,8035,,,,10,8834,,,,20,11420,,,,27,2842,,,,32,27080,,,,,,,,,,,,,,,,,,,,,,,,,,,,,,,,,,,,,,
173716,23-Jun-18,10:25:51,2018-06-23 10:25:51,G,1,5,2665,355,0,7,-62.1564,-60.1048,25:55.7,FastGPS,-62.1564,-60.1048,,,6.7,-0.3,,,,15,15,21786,,,,10,29266,,,,8,30940,,,,20,15338,,,,27,14725,,,,28,27131,,,,32,15302,,,,,,,,,,,,,,,,,,,,,,,,,,,,,,,,,,,,,,,,,,,
173716,23-Jun-18,10:56:52,2018-06-23 10:56:52,G,1,5,2666,,0,9,-62.1446,-60.0824,56:55.7,FastGPS,-62.1446,-60.0824,,,8.3,-1.3,,,,15,11,4003,,,,10,28700,,,,20,13973,,,,32,7798,,,,18,930,,,,1,24653,,,,27,11067,,,,8,21794,,,,14,3885,,,,,,,,,,,,,,,,,,,,,,,,,,,,,,,,,
173716,23-Jun-18,16:28:00,2018-06-23 16:28:00,G,1,5,2676,,0,9,-62.1886,-59.9926,28:04.7,FastGPS,-62.1886,-59.9926,,1,4.6,-0.3,,,,15,6,2740,,,,31,3038,,,,2,30359,,,,3,1860,,,,9,23274,,,,4,4204,,,,22,21874,,,,23,1276,,,,26,13187,,,,,,,,,,,,,,,,,,,,,,,,,,,,,,,,,
173716,23-Jun-18,17:29:13,2018-06-23 17:29:13,G,1,5,2678,,0,9,-62.1816,-59.985,29:17.7,FastGPS,-62.1816,-59.985,,,6.7,-0.3,,,,15,23,8402,,,,7,21588,,,,5,15483,,,,16,13908,,,,2,15824,,,,9,14436,,,,6,24061,,,,4,7704,,,,29,13242,,,,,,,,,,,,,,,,,,,,,,,,,,,,,,,,,
173716,23-Jun-18,22:37:26,2018-06-23 22:37:26,G,1,5,2688,,0,9,-62.1864,-60.0606,37:30.7,FastGPS,-62.1864,-60.0606,,,11.3,-0.3,,,,15,8,32597,,,,18,86,,,,11,18731,,,,28,7915,,,,10,17794,,,,13,20490,,,,30,26927,,,,20,10332,,,,1,5426,,,,,,,,,,,,,,,,,,,,,,,,,,,,,,,,,
173716,24-Jun-18,0:57:18,2018-06-24 00:57:18,G,2,5,2692,357,0,7,-62.1855,-60.1154,57:21.7,FastGPS,-62.1855,-60.1154,,,9.4,-1.3,,,,15,17,11183,,,,24,4184,,,,19,31698,,,,12,28772,,,,10,182,,,,25,21319,,,,32,22212,,,,,,,,,,,,,,,,,,,,,,,,,,,,,,,,,,,,,,,,,,,
173716,24-Jun-18,1:42:02,2018-06-24 01:42:02,G,2,5,2693,358,0,6,-62.1858,-60.1231,42:06.2,FastGPS,-62.1858,-60.1231,,,4.2,-0.8,,,,15,17,25797,,,,12,24170,,,,6,19327,,,,24,2033,,,,3,13484,,,,19,21270,,,,,,,,,,,,,,,,,,,,,,,,,,,,,,,,,,,,,,,,,,,,,,,,
173716,24-Jun-18,2:46:52,2018-06-24 02:46:52,G,1,5,2695,,0,9,-62.1877,-60.0606,46:56.7,FastGPS,-62.1877,-60.0606,,,12.6,-0.3,,,,15,12,19889,,,,31,19828,,,,6,2658,,,,3,11426,,,,19,5098,,,,2,2332,,,,25,29620,,,,22,1256,,,,14,3824,,,,,,,,,,,,,,,,,,,,,,,,,,,,,,,,,
173716,24-Jun-18,3:20:49,2018-06-24 03:20:49,G,1,5,2696,358,0,7,-62.1719,-60.0615,20:54.2,FastGPS,-62.1719,-60.0615,,,5.8,0.2,,,,15,29,26740,,,,31,12251,,,,2,16996,,,,12,26388,,,,25,25310,,,,14,4224,,,,32,23118,,,,,,,,,,,,,,,,,,,,,,,,,,,,,,,,,,,,,,,,,,,
173716,24-Jun-18,5:25:46,2018-06-24 05:25:46,G,1,5,2700,,0,9,-62.1845,-60.1692,25:49.7,FastGPS,-62.1845,-60.1692,,,8.3,-1.3,,,,15,5,22966,,,,25,15501,,,,29,9506,,,,2,1484,,,,4,28234,,,,9,16003,,,,23,5384,,,,26,17577,,,,21,7755,,,,,,,,,,,,,,,,,,,,,,,,,,,,,,,,,
173716,24-Jun-18,7:41:01,2018-06-24 07:41:01,G,1,5,2704,358,0,6,-62.1987,-60.2266,41:04.7,FastGPS,-62.1987,-60.2266,,,6.9,-1.3,,,,15,27,25817,,,,16,26768,,,,26,11350,,,,10,19970,,,,7,18672,,,,5,5072,,,,,,,,,,,,,,,,,,,,,,,,,,,,,,,,,,,,,,,,,,,,,,,,
173716,24-Jun-18,8:15:24,2018-06-24 08:15:24,G,2,5,2705,358,0,7,-62.1979,-60.2196,15:28.2,FastGPS,-62.1979,-60.2196,,1,5.1,-0.8,,,,15,7,6951,,,,21,8672,,,,27,28928,,,,13,618,,,,8,971,,,,4,6873,,,,15,14562,,,,,,,,,,,,,,,,,,,,,,,,,,,,,,,,,,,,,,,,,,,
173716,24-Jun-18,8:47:10,2018-06-24 08:47:10,G,1,5,2706,358,0,7,-62.1985,-60.2151,47:13.7,FastGPS,-62.1985,-60.2151,,,4,-1.3,,,,15,27,18548,,,,15,17564,,,,8,18432,,,,10,17823,,,,7,1693,,,,21,14240,,,,16,1840,,,,,,,,,,,,,,,,,,,,,,,,,,,,,,,,,,,,,,,,,,,
173716,24-Jun-18,9:17:00,2018-06-24 09:17:00,G,1,5,2707,358,0,7,-62.215,-60.2093,17:03.7,FastGPS,-62.215,-60.2093,,,6.3,-1.3,,,,15,8,31568,,,,15,32218,,,,16,18375,,,,27,20856,,,,21,7426,,,,20,11793,,,,7,14460,,,,,,,,,,,,,,,,,,,,,,,,,,,,,,,,,,,,,,,,,,,
173716,24-Jun-18,9:47:03,2018-06-24 09:47:03,G,1,5,2708,358,0,8,-62.2026,-60.1945,47:06.7,FastGPS,-62.2026,-60.1945,,,5.5,-1.3,,,,15,15,21396,,,,21,20974,,,,10,28877,,,,8,520,,,,20,6438,,,,27,29858,,,,13,713,,,,18,21788,,,,,,,,,,,,,,,,,,,,,,,,,,,,,,,,,,,,,,
173716,24-Jun-18,10:47:32,2018-06-24 10:47:32,G,1,5,2710,358,0,6,-62.2058,-60.263,47:36.2,FastGPS,-62.2058,-60.263,,,8.3,-0.8,,,,15,32,24646,,,,15,4017,,,,10,8188,,,,24,2963,,,,8,31236,,,,27,1750,,,,,,,,,,,,,,,,,,,,,,,,,,,,,,,,,,,,,,,,,,,,,,,,
173716,24-Jun-18,11:17:45,2018-06-24 11:17:45,G,1,5,2711,,0,9,-62.1994,-60.2702,17:48.7,FastGPS,-62.1994,-60.2702,,,4.7,-1.3,,,,15,10,9353,,,,8,16056,,,,32,23558,,,,11,9414,,,,22,16854,,,,20,19080,,,,18,3969,,,,27,8072,,,,28,9802,,,,,,,,,,,,,,,,,,,,,,,,,,,,,,,,,
173716,24-Jun-18,11:48:46,2018-06-24 11:48:46,G,2,5,2712,,0,9,-62.2026,-60.3049,48:49.7,FastGPS,-62.2026,-60.3049,,,10.6,-1.3,,,,15,28,20966,,,,10,23768,,,,1,25931,,,,18,6826,,,,22,6570,,,,11,14752,,,,27,5147,,,,8,3499,,,,32,58,,,,,,,,,,,,,,,,,,,,,,,,,,,,,,,,,
173716,24-Jun-18,12:36:30,2018-06-24 12:36:30,G,1,5,2713,,0,9,-62.2297,-60.316,36:34.3,FastGPS,-62.2297,-60.316,,,15,-0.7,,,,15,17,4369,,,,3,31502,,,,22,27038,,,,32,6014,,,,11,6606,,,,1,19896,,,,14,21668,,,,8,2644,,,,10,194,,,,,,,,,,,,,,,,,,,,,,,,,,,,,,,,,
173716,24-Jun-18,13:06:02,2018-06-24 13:06:02,G,2,5,2714,,0,9,-62.2283,-60.2844,06:06.2,FastGPS,-62.2283,-60.2844,,,6.8,-0.8,,,,15,32,13320,,,,17,20974,,,,12,16981,,,,14,13384,,,,19,15396,,,,3,12402,,,,1,14261,,,,31,15641,,,,24,15434,,,,,,,,,,,,,,,,,,,,,,,,,,,,,,,,,
173716,24-Jun-18,13:40:20,2018-06-24 13:40:20,G,2,5,2715,,0,9,-62.2136,-60.2444,40:23.8,FastGPS,-62.2136,-60.2444,,,4.7,-1.2,,,,15,12,22885,,,,31,11536,,,,14,16546,,,,17,28281,,,,32,1796,,,,11,19003,,,,18,1846,,,,19,21999,,,,3,19517,,,,,,,,,,,,,,,,,,,,,,,,,,,,,,,,,
173716,24-Jun-18,14:11:11,2018-06-24 14:11:11,G,2,5,2716,,0,9,-62.2045,-60.2319,11:15.2,FastGPS,-62.2045,-60.2319,,,6.3,-0.8,,,,15,17,23512,,,,19,27875,,,,23,25626,,,,31,10670,,,,14,22636,,,,12,25819,,,,3,1387,,,,1,16082,,,,22,27750,,,,,,,,,,,,,,,,,,,,,,,,,,,,,,,,,
173716,24-Jun-18,14:57:47,2018-06-24 14:57:47,G,1,5,2717,,0,9,-62.2041,-60.2303,57:52.2,FastGPS,-62.2041,-60.2303,,,4.8,0.2,,,,15,17,18936,,,,19,14146,,,,11,26486,,,,18,20930,,,,1,3836,,,,22,324,,,,23,6082,,,,31,6462,,,,6,32010,,,,,,,,,,,,,,,,,,,,,,,,,,,,,,,,,
173716,24-Jun-18,15:30:12,2018-06-24 15:30:12,G,1,5,2718,,0,9,-62.2033,-60.2284,30:17.2,FastGPS,-62.2033,-60.2284,,,9.1,0.2,,,,15,19,9415,,,,6,18140,,,,23,19168,,,,31,26583,,,,3,9054,,,,4,1954,,,,14,1234,,,,22,18372,,,,26,6836,,,,,,,,,,,,,,,,,,,,,,,,,,,,,,,,,
173716,24-Jun-18,16:02:17,2018-06-24 16:02:17,G,2,5,2719,360,0,6,-62.2068,-60.2455,02:21.7,FastGPS,-62.2068,-60.2455,,1,3,-0.3,,,,15,22,7909,,,,9,7186,,,,26,8225,,,,23,18204,,,,6,21269,,,,4,16000,,,,,,,,,,,,,,,,,,,,,,,,,,,,,,,,,,,,,,,,,,,,,,,,
173716,24-Jun-18,18:39:21,2018-06-24 18:39:21,G,1,5,2724,360,0,5,-62.2077,-60.2666,39:26.3,FastGPS,-62.2077,-60.2666,,,4.5,0.3,,,,15,9,10038,,,,30,26713,,,,5,9265,,,,7,1530,,,,16,17974,,,,,,,,,,,,,,,,,,,,,,,,,,,,,,,,,,,,,,,,,,,,,,,,,,,,,
173716,24-Jun-18,19:45:05,2018-06-24 19:45:05,G,1,5,2725,362,0,7,-62.2154,-60.2999,45:09.7,FastGPS,-62.2154,-60.2999,,,4.8,-0.3,,,,15,9,21050,,,,8,6250,,,,27,18006,,,,7,8650,,,,30,16409,,,,16,16330,,,,5,1873,,,,,,,,,,,,,,,,,,,,,,,,,,,,,,,,,,,,,,,,,,,
173716,24-Jun-18,20:46:04,2018-06-24 20:46:04,G,1,5,2727,362,0,8,-62.1879,-60.3161,46:09.3,FastGPS,-62.1879,-60.3161,,,11.6,0.3,,,,15,7,31353,,,,5,13692,,,,15,20640,,,,8,4558,,,,28,6798,,,,27,23850,,,,13,1608,,,,30,19188,,,,,,,,,,,,,,,,,,,,,,,,,,,,,,,,,,,,,,
173716,24-Jun-18,21:34:52,2018-06-24 21:34:52,G,1,5,2728,363,0,7,-62.2175,-60.3174,34:57.2,FastGPS,-62.2175,-60.3174,,,10.8,0.2,,,,15,8,27112,,,,20,24600,,,,15,14524,,,,30,28170,,,,13,23584,,,,5,30459,,,,7,500,,,,,,,,,,,,,,,,,,,,,,,,,,,,,,,,,,,,,,,,,,,
173716,24-Jun-18,22:35:08,2018-06-24 22:35:08,G,1,5,2730,,0,9,-62.2071,-60.2906,35:13.2,FastGPS,-62.2071,-60.2906,,,11.2,0.2,,,,15,28,28000,,,,24,1540,,,,8,15676,,,,18,25956,,,,10,13324,,,,1,1185,,,,20,2041,,,,13,7513,,,,15,4260,,,,,,,,,,,,,,,,,,,,,,,,,,,,,,,,,
173716,24-Jun-18,23:35:03,2018-06-24 23:35:03,G,1,5,2732,363,0,8,-62.1831,-60.3196,35:08.2,FastGPS,-62.1831,-60.3196,,,10.4,0.2,,,,15,17,23069,,,,18,4350,,,,11,23229,,,,28,31051,,,,24,9285,,,,19,21474,,,,1,31612,,,,10,13037,,,,,,,,,,,,,,,,,,,,,,,,,,,,,,,,,,,,,,
173716,25-Jun-18,1:54:10,2018-06-25 01:54:10,G,1,5,2736,364,0,8,-62.1816,-60.3825,54:14.8,FastGPS,-62.1816,-60.3825,,,2,-0.2,,,,15,17,5638,,,,3,22284,,,,6,8196,,,,19,4025,,,,22,6199,,,,24,8864,,,,12,29532,,,,2,4298,,,,,,,,,,,,,,,,,,,,,,,,,,,,,,,,,,,,,,
173716,25-Jun-18,2:24:05,2018-06-25 02:24:05,G,1,5,2737,,0,9,-62.1717,-60.3953,24:08.8,FastGPS,-62.1717,-60.3953,,,12.2,-1.2,,,,15,31,26470,,,,14,1926,,,,6,24563,,,,17,6600,,,,22,6452,,,,19,27713,,,,32,21353,,,,25,1421,,,,3,15007,,,,,,,,,,,,,,,,,,,,,,,,,,,,,,,,,
173716,25-Jun-18,2:54:05,2018-06-25 02:54:05,G,2,5,2738,364,0,7,-62.1738,-60.3899,54:09.2,FastGPS,-62.1738,-60.3899,,,9.9,-0.8,,,,15,12,27324,,,,2,24386,,,,6,12723,,,,19,13325,,,,31,22928,,,,3,15496,,,,25,12732,,,,,,,,,,,,,,,,,,,,,,,,,,,,,,,,,,,,,,,,,,,
173716,25-Jun-18,3:39:09,2018-06-25 03:39:09,G,2,5,2739,365,0,5,-62.1961,-60.3877,39:13.8,FastGPS,-62.1961,-60.3877,,,3.4,-0.3,,,,15,12,14093,,,,25,28054,,,,2,19660,,,,29,29038,,,,31,26188,,,,,,,,,,,,,,,,,,,,,,,,,,,,,,,,,,,,,,,,,,,,,,,,,,,,,
173716,25-Jun-18,7:00:26,2018-06-25 07:00:26,G,1,5,2744,368,0,4,-62.472,-60.429,6/26/2018 3:59,A,-62.2034,-60.3326,,,1.1,-0.2,,,,15,5,23113,,,,29,29416,,,,16,17371,,,,20,16412,,,,,,,,,,,,,,,,,,,,,,,,,,,,,,,,,,,,,,,,,,,,,,,,,,,,,,,,,,
173716,25-Jun-18,8:00:34,2018-06-25 08:00:34,G,2,5,2745,370,0,6,-62.2026,-60.342,00:38.8,FastGPS,-62.2026,-60.342,,1,2.2,-0.2,,,,15,7,48,,,,20,4666,,,,21,8921,,,,29,15340,,,,4,10118,,,,30,24674,,,,,,,,,,,,,,,,,,,,,,,,,,,,,,,,,,,,,,,,,,,,,,,,
173716,25-Jun-18,9:33:09,2018-06-25 09:33:09,G,1,5,2748,370,0,7,-62.198,-60.3056,33:13.8,FastGPS,-62.198,-60.3056,,,10.2,-0.2,,,,15,27,964,,,,15,30836,,,,10,9830,,,,8,6741,,,,18,12967,,,,16,5760,,,,13,27916,,,,,,,,,,,,,,,,,,,,,,,,,,,,,,,,,,,,,,,,,,,
173716,25-Jun-18,12:08:14,2018-06-25 12:08:14,G,1,5,2753,370,0,8,-62.198,-60.4136,08:18.7,FastGPS,-62.198,-60.4136,,,2.3,-0.3,,,,15,32,28278,,,,18,7023,,,,11,16708,,,,22,17348,,,,10,12131,,,,14,6870,,,,24,32648,,,,17,15728,,,,,,,,,,,,,,,,,,,,,,,,,,,,,,,,,,,,,,
173716,25-Jun-18,12:38:45,2018-06-25 12:38:45,G,1,5,2754,370,0,8,-62.1901,-60.4137,38:50.3,FastGPS,-62.1901,-60.4137,,,13.9,0.3,,,,15,17,29480,,,,32,430,,,,3,28525,,,,14,2065,,,,1,334,,,,11,6015,,,,22,16776,,,,8,8790,,,,,,,,,,,,,,,,,,,,,,,,,,,,,,,,,,,,,,
173716,25-Jun-18,13:09:00,2018-06-25 13:09:00,G,1,5,2755,370,0,8,-62.1969,-60.3971,09:04.8,FastGPS,-62.1969,-60.3971,,,9.2,-0.2,,,,15,31,8508,,,,11,20032,,,,1,13056,,,,17,32583,,,,18,5962,,,,22,13495,,,,32,23973,,,,3,1906,,,,,,,,,,,,,,,,,,,,,,,,,,,,,,,,,,,,,,
173716,25-Jun-18,13:42:00,2018-06-25 13:42:00,G,2,5,2756,,0,9,-62.1983,-60.4051,42:05.3,FastGPS,-62.1983,-60.4051,,,10.1,0.3,,,,15,18,21559,,,,1,26662,,,,31,1476,,,,12,2355,,,,22,22614,,,,17,1921,,,,3,7018,,,,11,7230,,,,14,10376,,,,,,,,,,,,,,,,,,,,,,,,,,,,,,,,,
173716,25-Jun-18,16:44:00,2018-06-25 16:44:00,G,1,5,2762,370,0,7,-62.2381,-60.4361,44:04.8,FastGPS,-62.2381,-60.4361,,1,5.9,-0.2,,,,15,7,17155,,,,2,14710,,,,6,5200,,,,9,13887,,,,16,25255,,,,3,1368,,,,4,16137,,,,,,,,,,,,,,,,,,,,,,,,,,,,,,,,,,,,,,,,,,,
173716,25-Jun-18,17:17:16,2018-06-25 17:17:16,G,1,5,2763,370,0,6,-62.2491,-60.4397,17:20.7,FastGPS,-62.2491,-60.4397,,,10,-0.3,,,,15,7,12889,,,,16,12710,,,,6,13651,,,,23,26572,,,,2,28316,,,,26,11070,,,,,,,,,,,,,,,,,,,,,,,,,,,,,,,,,,,,,,,,,,,,,,,,
173716,25-Jun-18,18:22:34,2018-06-25 18:22:34,G,1,5,2765,370,0,7,-62.2679,-60.4401,22:38.8,FastGPS,-62.2679,-60.4401,,,7.6,-0.2,,,,15,5,5652,,,,9,5169,,,,7,10338,,,,2,14391,,,,30,9196,,,,16,4934,,,,6,2232,,,,,,,,,,,,,,,,,,,,,,,,,,,,,,,,,,,,,,,,,,,
173716,25-Jun-18,20:44:40,2018-06-25 20:44:40,G,2,5,2769,371,0,8,-62.3574,-60.4046,44:45.3,FastGPS,-62.3574,-60.4046,,,7.8,0.3,,,,15,15,8570,,,,7,29365,,,,5,12836,,,,30,24154,,,,28,24250,,,,13,17373,,,,21,26440,,,,27,28778,,,,,,,,,,,,,,,,,,,,,,,,,,,,,,,,,,,,,,
173716,25-Jun-18,21:14:21,2018-06-25 21:14:21,G,2,5,2770,371,0,8,-62.3789,-60.3913,14:25.3,FastGPS,-62.3789,-60.3913,,,7.4,-0.8,,,,15,15,1535,,,,5,9541,,,,7,15869,,,,30,13174,,,,20,21668,,,,13,16753,,,,8,23732,,,,28,31830,,,,,,,,,,,,,,,,,,,,,,,,,,,,,,,,,,,,,,
173716,25-Jun-18,21:44:00,2018-06-25 21:44:00,G,1,5,2771,371,0,8,-62.402,-60.4045,44:03.7,FastGPS,-62.402,-60.4045,,,8.7,-1.3,,,,15,15,384,,,,13,6395,,,,8,14626,,,,7,16719,,,,28,23226,,,,30,32671,,,,5,15235,,,,20,3587,,,,,,,,,,,,,,,,,,,,,,,,,,,,,,,,,,,,,,
173716,25-Jun-18,22:16:02,2018-06-25 22:16:02,G,1,5,2772,,0,9,-62.4252,-60.3796,16:05.8,FastGPS,-62.4252,-60.3796,,,8.8,-1.2,,,,15,20,31412,,,,8,5896,,,,15,19326,,,,17,5700,,,,24,2038,,,,10,8676,,,,18,28476,,,,30,1736,,,,13,32141,,,,,,,,,,,,,,,,,,,,,,,,,,,,,,,,,
173716,26-Jun-18,0:16:00,2018-06-26 00:16:00,G,2,5,2776,,1,9,-62.4433,-60.3782,16:03.8,FastGPS,-62.4433,-60.3782,,,15.6,-1.2,,,,15,18,21730,,,,28,17757,,,,11,5011,,,,32,7456,,,,17,1841,,,,13,8426,,,,24,4871,,,,19,11280,,,,6,2476,,,,,,,,,,,,,,,,,,,,,,,,,,,,,,,,,
173716,26-Jun-18,0:46:00,2018-06-26 00:46:00,G,2,5,2777,,0,9,-62.4474,-60.3945,46:03.8,FastGPS,-62.4474,-60.3945,,,10.6,-1.2,,,,15,15,24070,,,,12,19892,,,,32,17461,,,,1,29341,,,,25,8604,,,,24,3998,,,,10,13820,,,,14,16021,,,,22,14318,,,,,,,,,,,,,,,,,,,,,,,,,,,,,,,,,
173716,26-Jun-18,1:16:00,2018-06-26 01:16:00,G,1,5,2778,371,1,6,-62.4516,-60.4089,16:04.7,FastGPS,-62.4516,-60.4089,,,9.9,-0.3,,,,15,32,15174,,,,12,9460,,,,25,15982,,,,14,8331,,,,24,20262,,,,19,30202,,,,,,,,,,,,,,,,,,,,,,,,,,,,,,,,,,,,,,,,,,,,,,,,
173716,26-Jun-18,12:51:42,2018-06-26 12:51:42,G,1,5,2779,,0,9,-62.5124,-60.4613,51:46.2,FastGPS,-62.5124,-60.4613,,,8,-0.8,,,,15,22,22212,,,,11,12264,,,,1,12050,,,,18,32007,,,,3,23446,,,,31,20756,,,,32,29216,,,,14,11401,,,,17,11114,,,,,,,,,,,,,,,,,,,,,,,,,,,,,,,,,
173716,26-Jun-18,13:24:16,2018-06-26 13:24:16,G,1,5,2780,,0,9,-62.4901,-60.4538,24:19.8,FastGPS,-62.4901,-60.4538,,,8,-1.2,,,,15,1,13967,,,,18,32224,,,,17,4196,,,,32,7546,,,,22,17300,,,,31,24970,,,,11,15862,,,,3,7593,,,,12,23098,,,,,,,,,,,,,,,,,,,,,,,,,,,,,,,,,
173716,26-Jun-18,13:57:03,2018-06-26 13:57:03,G,1,5,2781,,0,9,-62.4661,-60.4454,57:07.3,FastGPS,-62.4661,-60.4454,,,8.4,-0.7,,,,15,31,243,,,,22,1864,,,,12,32340,,,,17,4515,,,,32,19997,,,,1,609,,,,3,28182,,,,14,10856,,,,25,9964,,,,,,,,,,,,,,,,,,,,,,,,,,,,,,,,,
173716,26-Jun-18,14:30:42,2018-06-26 14:30:42,G,1,5,2782,,0,9,-62.4425,-60.4389,30:45.8,FastGPS,-62.4425,-60.4389,,,11.1,-1.2,,,,15,12,16573,,,,31,23542,,,,22,31225,,,,25,13410,,,,3,5202,,,,23,21653,,,,14,31072,,,,32,4708,,,,19,18148,,,,,,,,,,,,,,,,,,,,,,,,,,,,,,,,,
173716,26-Jun-18,15:36:24,2018-06-26 15:36:24,G,2,5,2784,371,0,8,-62.4025,-60.4378,36:28.3,FastGPS,-62.4025,-60.4378,,,8.5,-0.8,,,,15,23,5799,,,,22,22064,,,,3,8139,,,,4,8566,,,,26,21145,,,,31,23506,,,,9,13622,,,,25,18876,,,,,,,,,,,,,,,,,,,,,,,,,,,,,,,,,,,,,,
173716,26-Jun-18,16:09:34,2018-06-26 16:09:34,G,1,5,2785,,0,9,-62.3972,-60.4216,09:38.3,FastGPS,-62.3972,-60.4216,,1,12.2,-0.7,,,,15,23,15892,,,,3,1768,,,,16,27241,,,,31,7189,,,,22,29270,,,,6,20280,,,,29,18742,,,,4,7771,,,,9,19968,,,,,,,,,,,,,,,,,,,,,,,,,,,,,,,,,
173716,26-Jun-18,16:42:21,2018-06-26 16:42:21,G,3,5,2786,,0,9,-62.3968,-60.4292,42:25.3,FastGPS,-62.3968,-60.4292,,1,8.3,-0.7,,,,15,7,21531,,,,9,11792,,,,6,26414,,,,4,10910,,,,26,8456,,,,3,16156,,,,2,12499,,,,23,28290,,,,29,16230,,,,,,,,,,,,,,,,,,,,,,,,,,,,,,,,,
173716,26-Jun-18,17:12:49,2018-06-26 17:12:49,G,1,5,2787,,0,9,-62.3957,-60.425,12:52.8,FastGPS,-62.3957,-60.425,,,10.3,-1.2,,,,15,23,15384,,,,2,16636,,,,6,1716,,,,9,7926,,,,5,28416,,,,26,136,,,,4,10926,,,,16,32634,,,,29,10316,,,,,,,,,,,,,,,,,,,,,,,,,,,,,,,,,
173716,26-Jun-18,17:43:14,2018-06-26 17:43:14,G,2,5,2788,,0,9,-62.3984,-60.427,43:17.8,FastGPS,-62.3984,-60.427,,,8.4,-1.2,,,,15,23,8318,,,,9,4025,,,,16,2926,,,,7,21451,,,,5,25539,,,,30,32028,,,,6,13443,,,,2,5258,,,,29,27808,,,,,,,,,,,,,,,,,,,,,,,,,,,,,,,,,
173716,26-Jun-18,19:02:44,2018-06-26 19:02:44,G,3,5,2790,372,0,7,-62.393,-60.4351,02:47.8,FastGPS,-62.393,-60.4351,,,4.2,-1.2,,,,15,7,43,,,,5,16006,,,,30,5528,,,,13,17390,,,,9,18548,,,,16,10620,,,,27,14388,,,,,,,,,,,,,,,,,,,,,,,,,,,,,,,,,,,,,,,,,,,
173716,26-Jun-18,19:33:15,2018-06-26 19:33:15,G,3,5,2791,372,0,7,-62.4013,-60.4043,33:19.3,FastGPS,-62.4013,-60.4043,,,9.4,-0.7,,,,15,5,28756,,,,13,11217,,,,30,2899,,,,7,6578,,,,8,18981,,,,27,6910,,,,28,19298,,,,,,,,,,,,,,,,,,,,,,,,,,,,,,,,,,,,,,,,,,,
173716,26-Jun-18,20:03:00,2018-06-26 20:03:00,G,3,5,2792,372,0,7,-62.4105,-60.3548,03:03.8,FastGPS,-62.4105,-60.3548,,,2.2,-1.2,,,,15,7,1325,,,,13,16228,,,,5,22827,,,,8,896,,,,9,15656,,,,27,16499,,,,30,22011,,,,,,,,,,,,,,,,,,,,,,,,,,,,,,,,,,,,,,,,,,,
173716,26-Jun-18,21:04:00,2018-06-26 21:04:00,G,2,5,2794,372,0,5,-62.4414,-60.3734,04:03.8,FastGPS,-62.4414,-60.3734,,,6.9,-1.2,,,,15,7,9298,,,,28,13552,,,,30,26354,,,,8,27398,,,,27,13895,,,,,,,,,,,,,,,,,,,,,,,,,,,,,,,,,,,,,,,,,,,,,,,,,,,,,
173716,26-Jun-18,23:49:00,2018-06-26 23:49:00,G,1,5,2796,,1,9,-62.4596,-60.4222,49:03.8,FastGPS,-62.4596,-60.4222,,,10.3,-1.2,,,,15,28,20022,,,,10,7470,,,,1,1971,,,,17,14264,,,,11,29016,,,,18,30050,,,,12,28899,,,,24,21066,,,,19,11956,,,,,,,,,,,,,,,,,,,,,,,,,,,,,,,,,
173716,27-Jun-18,1:04:00,2018-06-27 01:04:00,G,2,5,2798,380,1,5,-62.4702,-60.4157,04:03.7,FastGPS,-62.4702,-60.4157,,,6.8,-1.3,,,,15,17,24238,,,,19,24918,,,,12,12952,,,,6,5878,,,,24,19572,,,,,,,,,,,,,,,,,,,,,,,,,,,,,,,,,,,,,,,,,,,,,,,,,,,,,
173716,27-Jun-18,5:07:23,2018-06-27 05:07:23,G,3,5,2801,,0,9,-62.4545,-60.4433,07:27.3,FastGPS,-62.4545,-60.4433,,,10.1,-0.7,,,,15,29,20832,,,,5,21238,,,,31,23169,,,,4,26108,,,,26,11333,,,,25,12530,,,,2,8384,,,,23,626,,,,9,26516,,,,,,,,,,,,,,,,,,,,,,,,,,,,,,,,,
173716,27-Jun-18,5:37:24,2018-06-27 05:37:24,G,3,5,2802,,0,9,-62.4379,-60.4694,37:27.8,FastGPS,-62.4379,-60.4694,,,9.7,-1.2,,,,15,21,12126,,,,5,32386,,,,31,28449,,,,26,952,,,,25,29571,,,,2,2706,,,,29,6334,,,,4,22422,,,,16,28826,,,,,,,,,,,,,,,,,,,,,,,,,,,,,,,,,
173716,27-Jun-18,6:09:51,2018-06-27 06:09:51,G,1,5,2803,390,0,8,-62.4177,-60.4886,09:54.8,FastGPS,-62.4177,-60.4886,,1,12.9,-1.2,,,,15,26,29805,,,,5,6483,,,,29,25134,,,,4,20706,,,,21,8147,,,,16,2045,,,,9,28735,,,,25,23488,,,,,,,,,,,,,,,,,,,,,,,,,,,,,,,,,,,,,,
173716,27-Jun-18,6:42:30,2018-06-27 06:42:30,G,3,5,2804,390,0,7,-62.4098,-60.5251,42:34.3,FastGPS,-62.4098,-60.5251,,1,5.2,-0.7,,,,15,29,10372,,,,5,30812,,,,16,12606,,,,21,5541,,,,4,3808,,,,26,10208,,,,7,23119,,,,,,,,,,,,,,,,,,,,,,,,,,,,,,,,,,,,,,,,,,,
173716,27-Jun-18,7:57:03,2018-06-27 07:57:03,G,3,5,2806,,0,9,-62.381,-60.568,57:07.8,FastGPS,-62.381,-60.568,,1,7.1,-0.2,,,,15,29,11512,,,,16,27902,,,,4,8604,,,,10,15652,,,,26,31048,,,,15,5235,,,,27,20088,,,,20,4918,,,,21,24052,,,,,,,,,,,,,,,,,,,,,,,,,,,,,,,,,
173716,27-Jun-18,9:31:05,2018-06-27 09:31:05,G,2,5,2809,,0,9,-62.3518,-60.5627,31:09.3,FastGPS,-62.3518,-60.5627,,,10.5,-0.7,,,,15,13,13331,,,,21,3560,,,,20,9674,,,,10,22317,,,,30,18712,,,,15,26476,,,,8,26860,,,,27,32674,,,,11,9540,,,,,,,,,,,,,,,,,,,,,,,,,,,,,,,,,
173716,27-Jun-18,10:01:10,2018-06-27 10:01:10,G,1,5,2810,391,0,7,-62.3434,-60.5887,01:15.3,FastGPS,-62.3434,-60.5887,,,4,0.3,,,,15,8,26551,,,,10,29100,,,,27,1451,,,,32,8087,,,,18,7658,,,,11,8754,,,,15,13153,,,,,,,,,,,,,,,,,,,,,,,,,,,,,,,,,,,,,,,,,,,
173716,27-Jun-18,11:34:25,2018-06-27 11:34:25,G,1,5,2813,,0,9,-62.3243,-60.5582,34:29.3,FastGPS,-62.3243,-60.5582,,,9.7,-0.7,,,,15,10,30925,,,,32,29888,,,,24,11308,,,,11,13923,,,,18,5672,,,,22,30549,,,,20,7828,,,,1,21298,,,,27,15132,,,,,,,,,,,,,,,,,,,,,,,,,,,,,,,,,
173716,27-Jun-18,12:05:04,2018-06-27 12:05:04,G,1,5,2814,,0,9,-62.3113,-60.514,05:08.3,FastGPS,-62.3113,-60.514,,,9.4,-0.7,,,,15,32,4053,,,,22,11937,,,,14,29554,,,,17,16011,,,,28,870,,,,10,496,,,,8,8662,,,,11,27827,,,,1,32338,,,,,,,,,,,,,,,,,,,,,,,,,,,,,,,,,
173716,27-Jun-18,12:35:10,2018-06-27 12:35:10,G,1,5,2815,,0,9,-62.301,-60.4711,35:13.8,FastGPS,-62.301,-60.4711,,,12.3,-1.2,,,,15,32,12068,,,,17,32106,,,,24,2221,,,,10,5660,,,,1,25267,,,,18,8394,,,,19,1701,,,,14,26310,,,,31,25106,,,,,,,,,,,,,,,,,,,,,,,,,,,,,,,,,
173716,27-Jun-18,15:16:03,2018-06-27 15:16:03,G,2,5,2820,,0,9,-62.2012,-60.3298,16:07.3,FastGPS,-62.2012,-60.3298,,,8.1,-0.7,,,,15,31,19239,,,,4,17314,,,,14,30672,,,,22,15360,,,,3,1767,,,,23,4352,,,,26,21398,,,,1,9345,,,,25,2962,,,,,,,,,,,,,,,,,,,,,,,,,,,,,,,,,
173716,27-Jun-18,15:46:51,2018-06-27 15:46:51,G,2,5,2821,,0,9,-62.1781,-60.3351,46:54.8,FastGPS,-62.1781,-60.3351,,1,3.6,-1.2,,,,15,31,27596,,,,16,7481,,,,3,19256,,,,26,17274,,,,22,8976,,,,23,2309,,,,9,16423,,,,2,17753,,,,4,27125,,,,,,,,,,,,,,,,,,,,,,,,,,,,,,,,,
173716,27-Jun-18,16:21:09,2018-06-27 16:21:09,G,1,5,2822,,0,9,-62.1555,-60.3574,21:12.8,FastGPS,-62.1555,-60.3574,,1,4.7,-1.2,,,,15,4,4133,,,,29,8115,,,,16,2130,,,,31,20818,,,,26,20886,,,,22,1170,,,,9,9509,,,,23,19410,,,,3,23858,,,,,,,,,,,,,,,,,,,,,,,,,,,,,,,,,
173716,27-Jun-18,16:52:05,2018-06-27 16:52:05,G,2,5,2823,,0,9,-62.1731,-60.3798,52:08.8,FastGPS,-62.1731,-60.3798,,,9.1,-1.2,,,,15,2,3560,,,,7,7739,,,,16,15111,,,,6,7880,,,,29,15417,,,,4,16947,,,,26,26441,,,,9,14022,,,,3,2957,,,,,,,,,,,,,,,,,,,,,,,,,,,,,,,,,
173716,27-Jun-18,17:22:15,2018-06-27 17:22:15,G,1,5,2824,,0,9,-62.1897,-60.3938,22:18.8,FastGPS,-62.1896,-60.3938,,,4.8,-1.2,,,,15,5,24714,,,,23,10775,,,,29,12096,,,,9,16520,,,,2,7806,,,,4,20582,,,,6,23857,,,,16,26227,,,,26,19908,,,,,,,,,,,,,,,,,,,,,,,,,,,,,,,,,
173716,27-Jun-18,17:53:07,2018-06-27 17:53:07,G,1,5,2825,391,0,7,-62.2039,-60.3828,53:11.3,FastGPS,-62.2039,-60.3828,,,3.9,-0.7,,,,15,5,20776,,,,7,12014,,,,23,27029,,,,30,7348,,,,2,10202,,,,6,26574,,,,9,31550,,,,,,,,,,,,,,,,,,,,,,,,,,,,,,,,,,,,,,,,,,,
173716,27-Jun-18,18:24:54,2018-06-27 18:24:54,G,1,5,2826,,0,9,-62.2106,-60.3732,24:58.3,FastGPS,-62.2106,-60.3732,,,10.7,-0.7,,,,15,5,29502,,,,29,31900,,,,16,14917,,,,23,20017,,,,2,214,,,,30,11500,,,,27,24279,,,,7,24272,,,,26,8796,,,,,,,,,,,,,,,,,,,,,,,,,,,,,,,,,
173716,27-Jun-18,18:56:49,2018-06-27 18:56:49,G,1,5,2827,391,0,7,-62.2182,-60.3615,56:52.8,FastGPS,-62.2182,-60.3615,,,26.3,-1.2,,,,15,5,18568,,,,13,14522,,,,30,7016,,,,16,20818,,,,23,17858,,,,2,11155,,,,7,6350,,,,,,,,,,,,,,,,,,,,,,,,,,,,,,,,,,,,,,,,,,,
173716,27-Jun-18,20:00:23,2018-06-27 20:00:23,G,1,5,2829,391,0,8,-62.2487,-60.3469,00:27.3,FastGPS,-62.2487,-60.3469,,,13.5,-0.7,,,,15,5,20294,,,,7,29606,,,,13,20460,,,,28,8342,,,,30,22388,,,,21,2266,,,,9,9026,,,,8,3815,,,,,,,,,,,,,,,,,,,,,,,,,,,,,,,,,,,,,,
173716,27-Jun-18,20:30:00,2018-06-27 20:30:00,G,1,5,2830,391,0,8,-62.2591,-60.3447,30:03.8,FastGPS,-62.2591,-60.3447,,,11.4,-1.2,,,,15,5,14300,,,,28,12284,,,,13,13767,,,,7,1188,,,,8,22722,,,,15,25963,,,,21,16452,,,,27,20044,,,,,,,,,,,,,,,,,,,,,,,,,,,,,,,,,,,,,,
173716,27-Jun-18,22:01:38,2018-06-27 22:01:38,G,2,5,2833,391,0,7,-62.2941,-60.3036,01:42.3,FastGPS,-62.2941,-60.3036,,,5.3,-0.7,,,,15,20,25978,,,,24,7872,,,,30,27245,,,,15,9398,,,,13,8946,,,,11,19244,,,,28,16329,,,,,,,,,,,,,,,,,,,,,,,,,,,,,,,,,,,,,,,,,,,
173716,27-Jun-18,23:03:48,2018-06-27 23:03:48,G,2,5,2835,,0,9,-62.322,-60.2899,03:51.8,FastGPS,-62.322,-60.2899,,,7.1,-1.2,,,,15,10,24602,,,,17,8290,,,,28,11325,,,,20,16886,,,,15,16555,,,,30,17271,,,,11,24984,,,,18,20171,,,,12,29020,,,,,,,,,,,,,,,,,,,,,,,,,,,,,,,,,
173716,27-Jun-18,23:35:08,2018-06-27 23:35:08,G,1,5,2836,,0,9,-62.3377,-60.2855,35:12.3,FastGPS,-62.3377,-60.2855,,,12,-0.7,,,,15,12,3100,,,,10,4088,,,,15,16589,,,,17,17168,,,,20,1197,,,,28,14634,,,,11,1773,,,,19,31806,,,,18,27252,,,,,,,,,,,,,,,,,,,,,,,,,,,,,,,,,
173716,28-Jun-18,0:06:56,2018-06-28 00:06:56,G,3,5,2837,,0,9,-62.3552,-60.2835,06:59.8,FastGPS,-62.3552,-60.2835,,,9.8,-1.2,,,,15,12,17285,,,,15,26565,,,,17,22550,,,,19,30521,,,,10,19406,,,,32,23419,,,,13,1220,,,,1,21921,,,,18,10542,,,,,,,,,,,,,,,,,,,,,,,,,,,,,,,,,
173716,28-Jun-18,0:38:01,2018-06-28 00:38:01,G,3,5,2838,391,0,8,-62.3691,-60.296,38:04.8,FastGPS,-62.3691,-60.296,,,5.5,-1.2,,,,15,12,12720,,,,15,15845,,,,24,28506,,,,17,7468,,,,19,21094,,,,32,8680,,,,6,12744,,,,1,19820,,,,,,,,,,,,,,,,,,,,,,,,,,,,,,,,,,,,,,
173716,28-Jun-18,1:08:00,2018-06-28 01:08:00,G,2,5,2839,391,0,8,-62.3865,-60.3212,08:03.8,FastGPS,-62.3865,-60.3212,,,13.7,-1.2,,,,15,32,2466,,,,17,30150,,,,25,4555,,,,12,30800,,,,24,8072,,,,14,29132,,,,19,18260,,,,6,1872,,,,,,,,,,,,,,,,,,,,,,,,,,,,,,,,,,,,,,
173716,28-Jun-18,1:39:26,2018-06-28 01:39:26,G,1,5,2840,391,0,7,-62.4046,-60.3309,39:29.8,FastGPS,-62.4046,-60.3309,,,10.5,-1.2,,,,15,32,3798,,,,25,24980,,,,14,6497,,,,17,31803,,,,19,25789,,,,24,28977,,,,22,25616,,,,,,,,,,,,,,,,,,,,,,,,,,,,,,,,,,,,,,,,,,,
173716,28-Jun-18,2:56:22,2018-06-28 02:56:22,G,1,5,2842,392,0,7,-62.4258,-60.3601,56:25.8,FastGPS,-62.4258,-60.3601,,,17.9,-1.2,,,,15,29,31768,,,,31,26589,,,,14,32152,,,,32,29131,,,,3,1826,,,,6,4826,,,,2,5958,,,,,,,,,,,,,,,,,,,,,,,,,,,,,,,,,,,,,,,,,,,
173716,28-Jun-18,3:26:23,2018-06-28 03:26:23,G,2,5,2843,392,0,7,-62.4381,-60.3756,26:27.3,FastGPS,-62.4381,-60.3756,,1,6.3,-0.7,,,,15,29,22155,,,,31,22373,,,,25,23777,,,,14,16128,,,,4,16669,,,,32,10646,,,,6,31307,,,,,,,,,,,,,,,,,,,,,,,,,,,,,,,,,,,,,,,,,,,
173716,28-Jun-18,3:56:07,2018-06-28 03:56:07,G,2,5,2844,392,0,5,-62.561,-60.348,6/29/2018 2:57,A,-62.4475,-60.3862,,1,0.7,-1.3,,,,15,29,20762,,,,31,10950,,,,4,16893,,,,12,10885,,,,6,25521,,,,,,,,,,,,,,,,,,,,,,,,,,,,,,,,,,,,,,,,,,,,,,,,,,,,,
173716,28-Jun-18,4:26:01,2018-06-28 04:26:01,G,2,5,2845,392,0,8,-62.4514,-60.3814,26:05.3,FastGPS,-62.4514,-60.3814,,1,5.8,-0.7,,,,15,26,16654,,,,31,4312,,,,4,25146,,,,2,30667,,,,5,1486,,,,25,2818,,,,23,24014,,,,29,8314,,,,,,,,,,,,,,,,,,,,,,,,,,,,,,,,,,,,,,
173716,28-Jun-18,4:56:03,2018-06-28 04:56:03,G,2,5,2846,,0,9,-62.4706,-60.366,56:07.3,FastGPS,-62.4706,-60.366,,1,8.5,-0.7,,,,15,31,17836,,,,23,23839,,,,29,29674,,,,25,14050,,,,4,16779,,,,16,1420,,,,26,29076,,,,2,16914,,,,9,30175,,,,,,,,,,,,,,,,,,,,,,,,,,,,,,,,,
173716,28-Jun-18,5:26:04,2018-06-28 05:26:04,G,3,5,2847,392,0,8,-62.4807,-60.3488,26:08.3,FastGPS,-62.4807,-60.3488,,1,7.5,-0.7,,,,15,31,5142,,,,26,32632,,,,21,24452,,,,16,14442,,,,29,30565,,,,4,27879,,,,2,23156,,,,5,10887,,,,,,,,,,,,,,,,,,,,,,,,,,,,,,,,,,,,,,
173716,28-Jun-18,5:56:35,2018-06-28 05:56:35,G,1,5,2848,392,0,8,-62.4895,-60.3418,56:38.8,FastGPS,-62.4895,-60.3418,,1,6.8,-1.2,,,,15,4,29356,,,,26,29800,,,,5,23627,,,,21,10591,,,,29,22556,,,,31,19706,,,,16,11413,,,,25,10646,,,,,,,,,,,,,,,,,,,,,,,,,,,,,,,,,,,,,,
173716,28-Jun-18,6:26:59,2018-06-28 06:26:59,G,1,5,2849,392,0,6,-62.4871,-60.3251,27:02.9,FastGPS,-62.4871,-60.3251,,1,4.2,-1.1,,,,15,21,4264,,,,4,21746,,,,26,17966,,,,29,16693,,,,16,18312,,,,5,26114,,,,,,,,,,,,,,,,,,,,,,,,,,,,,,,,,,,,,,,,,,,,,,,,
173716,28-Jun-18,6:57:01,2018-06-28 06:57:01,G,1,5,2850,392,0,7,-62.4959,-60.3599,57:04.8,FastGPS,-62.4959,-60.3599,,,3.9,-1.2,,,,15,29,22645,,,,26,30892,,,,4,9084,,,,16,27255,,,,21,29958,,,,7,24850,,,,15,9474,,,,,,,,,,,,,,,,,,,,,,,,,,,,,,,,,,,,,,,,,,,
173716,28-Jun-18,14:44:27,2018-06-28 14:44:27,G,1,5,2854,,0,9,-62.546,-60.3644,44:31.3,FastGPS,-62.546,-60.3644,,,9,-0.7,,,,15,17,9943,,,,19,14839,,,,6,15358,,,,31,8324,,,,22,26408,,,,9,5305,,,,25,10683,,,,1,22627,,,,23,15659,,,,,,,,,,,,,,,,,,,,,,,,,,,,,,,,,
173716,28-Jun-18,15:14:03,2018-06-28 15:14:03,G,1,5,2855,392,0,4,-62.419,-60.361,6/29/2018 12:57,R,-62.5427,-60.3704,,,1.6,-1.2,,,,15,22,3722,,,,6,8304,,,,23,4936,,,,3,27692,,,,,,,,,,,,,,,,,,,,,,,,,,,,,,,,,,,,,,,,,,,,,,,,,,,,,,,,,,
173716,28-Jun-18,15:44:02,2018-06-28 15:44:02,G,2,5,2856,392,0,5,-62.5486,-60.357,44:05.8,FastGPS,-62.5486,-60.357,,,1.7,-1.2,,,,15,31,6196,,,,6,20065,,,,23,14653,,,,25,11137,,,,2,5762,,,,,,,,,,,,,,,,,,,,,,,,,,,,,,,,,,,,,,,,,,,,,,,,,,,,,
173716,28-Jun-18,16:14:00,2018-06-28 16:14:00,G,1,5,2857,392,0,8,-62.5508,-60.3558,14:04.3,FastGPS,-62.5508,-60.3558,,1,7.1,-0.7,,,,15,3,3390,,,,6,27210,,,,9,4192,,,,23,24649,,,,2,12325,,,,4,7034,,,,16,25856,,,,26,20220,,,,,,,,,,,,,,,,,,,,,,,,,,,,,,,,,,,,,,
173716,28-Jun-18,16:44:09,2018-06-28 16:44:09,G,1,5,2858,,0,9,-62.5503,-60.3525,44:13.3,FastGPS,-62.5503,-60.3525,,1,9.2,-0.7,,,,15,9,17111,,,,16,13532,,,,2,12124,,,,7,26595,,,,23,31716,,,,3,26343,,,,6,25282,,,,4,31539,,,,26,4272,,,,,,,,,,,,,,,,,,,,,,,,,,,,,,,,,
173716,28-Jun-18,17:14:00,2018-06-28 17:14:00,G,2,5,2859,392,0,8,-62.5495,-60.3491,14:03.8,FastGPS,-62.5495,-60.3491,,,6.1,-1.2,,,,15,26,11927,,,,23,7458,,,,7,24616,,,,3,5822,,,,16,4380,,,,29,536,,,,4,16191,,,,9,31389,,,,,,,,,,,,,,,,,,,,,,,,,,,,,,,,,,,,,,
173716,28-Jun-18,17:44:00,2018-06-28 17:44:00,G,2,5,2860,392,1,7,-62.5516,-60.3469,44:03.8,FastGPS,-62.5516,-60.3469,,,3.2,-1.2,,,,15,4,27159,,,,23,20195,,,,16,19967,,,,9,9435,,,,26,8500,,,,29,30286,,,,7,31854,,,,,,,,,,,,,,,,,,,,,,,,,,,,,,,,,,,,,,,,,,,
173716,29-Jun-18,8:40:49,2018-06-29 08:40:49,G,1,5,2861,,0,9,-62.5544,-60.3423,40:53.4,FastGPS,-62.5544,-60.3423,,,6.1,-0.7,,,,15,15,4950,,,,27,14740,,,,21,8176,,,,7,8812,,,,20,12500,,,,10,7082,,,,13,8173,,,,8,19780,,,,30,8860,,,,,,,,,,,,,,,,,,,,,,,,,,,,,,,,,
173716,29-Jun-18,9:13:58,2018-06-29 09:13:58,G,1,5,2862,393,0,8,-62.5352,-60.3409,14:03.3,FastGPS,-62.5352,-60.3409,,,10.4,0.3,,,,15,15,25896,,,,10,25129,,,,27,23580,,,,21,32412,,,,8,23980,,,,13,29314,,,,20,5682,,,,16,5238,,,,,,,,,,,,,,,,,,,,,,,,,,,,,,,,,,,,,,
173716,29-Jun-18,9:45:50,2018-06-29 09:45:50,G,1,5,2863,393,0,8,-62.515,-60.3457,45:53.9,FastGPS,-62.515,-60.3457,,,12,-1.1,,,,15,15,23992,,,,10,17337,,,,27,5529,,,,21,27597,,,,20,9698,,,,8,8530,,,,28,3944,,,,13,4781,,,,,,,,,,,,,,,,,,,,,,,,,,,,,,,,,,,,,,
173716,29-Jun-18,10:17:34,2018-06-29 10:17:34,G,2,5,2864,,0,9,-62.4949,-60.3413,17:38.3,FastGPS,-62.4949,-60.3413,,,9.4,-0.7,,,,15,27,28028,,,,32,13237,,,,24,9724,,,,8,31718,,,,20,30348,,,,10,15446,,,,21,32089,,,,18,23466,,,,15,4677,,,,,,,,,,,,,,,,,,,,,,,,,,,,,,,,,
173716,29-Jun-18,11:18:54,2018-06-29 11:18:54,G,2,5,2866,,0,9,-62.4575,-60.3629,18:58.8,FastGPS,-62.4575,-60.3629,,,7.8,-0.2,,,,15,22,22956,,,,10,18647,,,,8,27953,,,,1,23054,,,,18,21824,,,,11,29568,,,,32,13078,,,,20,2570,,,,28,2107,,,,,,,,,,,,,,,,,,,,,,,,,,,,,,,,,
173716,29-Jun-18,12:22:00,2018-06-29 12:22:00,G,1,5,2868,,0,9,-62.42,-60.3611,22:03.9,FastGPS,-62.42,-60.3611,,,10.6,-1.1,,,,15,14,9700,,,,22,22338,,,,11,13933,,,,32,10366,,,,1,8286,,,,18,2408,,,,17,7556,,,,10,18402,,,,8,15658,,,,,,,,,,,,,,,,,,,,,,,,,,,,,,,,,
173716,29-Jun-18,12:57:05,2018-06-29 12:57:05,G,1,5,2869,,0,9,-62.4019,-60.362,57:08.8,FastGPS,-62.4019,-60.362,,,19.3,-1.2,,,,15,32,5224,,,,1,5074,,,,18,20587,,,,17,2586,,,,22,12867,,,,14,642,,,,31,18016,,,,19,14518,,,,11,2139,,,,,,,,,,,,,,,,,,,,,,,,,,,,,,,,,
173716,29-Jun-18,13:31:29,2018-06-29 13:31:29,G,1,5,2870,,0,9,-62.3829,-60.3833,31:32.8,FastGPS,-62.3829,-60.3833,,,6.9,-1.2,,,,15,18,2300,,,,1,17844,,,,22,25564,,,,31,20127,,,,3,22184,,,,11,21422,,,,12,12794,,,,17,3548,,,,14,32416,,,,,,,,,,,,,,,,,,,,,,,,,,,,,,,,,
173716,29-Jun-18,14:20:49,2018-06-29 14:20:49,G,1,5,2871,394,0,8,-62.3793,-60.4066,20:53.3,FastGPS,-62.3793,-60.4066,,,7.5,-0.7,,,,15,31,32072,,,,23,4742,,,,3,13224,,,,17,3903,,,,1,31066,,,,22,1539,,,,18,23551,,,,32,212,,,,,,,,,,,,,,,,,,,,,,,,,,,,,,,,,,,,,,
173716,29-Jun-18,14:56:35,2018-06-29 14:56:35,G,4,5,2872,,0,9,-62.3696,-60.4442,56:39.3,FastGPS,-62.3696,-60.4442,,,8.8,-0.7,,,,15,23,25562,,,,31,20433,,,,22,4686,,,,4,26336,,,,3,192,,,,14,1563,,,,6,25666,,,,17,5442,,,,1,11336,,,,,,,,,,,,,,,,,,,,,,,,,,,,,,,,,
173716,29-Jun-18,15:26:21,2018-06-29 15:26:21,G,1,5,2873,394,0,7,-62.3551,-60.45,26:25.3,FastGPS,-62.3551,-60.45,,,8.4,-0.7,,,,15,23,31836,,,,22,4780,,,,9,14044,,,,4,5127,,,,26,19354,,,,3,26874,,,,6,3020,,,,,,,,,,,,,,,,,,,,,,,,,,,,,,,,,,,,,,,,,,,
173716,29-Jun-18,16:01:32,2018-06-29 16:01:32,G,2,5,2874,394,0,7,-62.335,-60.4586,01:36.3,FastGPS,-62.335,-60.4586,,,4.8,-0.7,,,,15,6,7142,,,,9,21820,,,,23,3288,,,,3,9057,,,,22,31951,,,,16,32551,,,,2,27531,,,,,,,,,,,,,,,,,,,,,,,,,,,,,,,,,,,,,,,,,,,
173716,29-Jun-18,17:04:13,2018-06-29 17:04:13,G,1,5,2876,,0,9,-62.2989,-60.452,04:17.3,FastGPS,-62.2989,-60.452,,,9.2,-0.7,,,,15,7,11101,,,,9,6156,,,,23,1412,,,,16,2660,,,,2,9967,,,,26,24963,,,,3,11958,,,,29,6082,,,,4,138,,,,,,,,,,,,,,,,,,,,,,,,,,,,,,,,,
173716,29-Jun-18,17:38:57,2018-06-29 17:38:57,G,1,5,2877,,0,9,-62.2749,-60.4664,39:01.3,FastGPS,-62.2749,-60.4664,,,13.8,-0.7,,,,15,23,16185,,,,7,22714,,,,9,2463,,,,16,9889,,,,29,20450,,,,2,24408,,,,26,32552,,,,4,18657,,,,30,9404,,,,,,,,,,,,,,,,,,,,,,,,,,,,,,,,,
173716,29-Jun-18,18:14:14,2018-06-29 18:14:14,G,2,5,2878,,0,9,-62.2603,-60.4833,14:17.9,FastGPS,-62.2603,-60.4833,,,6.2,-1.1,,,,15,9,5414,,,,5,15364,,,,16,11648,,,,23,24162,,,,7,12354,,,,29,174,,,,30,26641,,,,26,11460,,,,2,3494,,,,,,,,,,,,,,,,,,,,,,,,,,,,,,,,,
173716,29-Jun-18,18:45:04,2018-06-29 18:45:04,G,1,5,2879,394,0,6,-62.2618,-60.4835,45:07.9,FastGPS,-62.2618,-60.4835,,,11.4,-1.1,,,,15,5,24938,,,,2,7182,,,,30,7702,,,,7,16858,,,,13,11216,,,,27,15881,,,,,,,,,,,,,,,,,,,,,,,,,,,,,,,,,,,,,,,,,,,,,,,,
173716,29-Jun-18,19:18:09,2018-06-29 19:18:09,G,1,5,2880,394,0,7,-62.2532,-60.4719,18:13.3,FastGPS,-62.2532,-60.4719,,,8.7,-0.7,,,,15,5,10592,,,,13,13844,,,,30,12679,,,,7,24437,,,,9,19542,,,,28,19720,,,,27,15549,,,,,,,,,,,,,,,,,,,,,,,,,,,,,,,,,,,,,,,,,,,
173716,29-Jun-18,19:53:00,2018-06-29 19:53:00,G,1,5,2881,,0,9,-62.2485,-60.5091,53:04.3,FastGPS,-62.2485,-60.5091,,,10.8,-0.7,,,,15,7,27926,,,,5,20662,,,,30,23630,,,,27,14778,,,,8,6101,,,,21,3760,,,,15,854,,,,13,25167,,,,28,13166,,,,,,,,,,,,,,,,,,,,,,,,,,,,,,,,,
173716,29-Jun-18,20:39:36,2018-06-29 20:39:36,G,1,5,2882,395,0,8,-62.2675,-60.5305,39:39.9,FastGPS,-62.2675,-60.5305,,,9.6,-1.1,,,,15,7,19156,,,,5,9961,,,,30,9964,,,,28,2415,,,,15,21996,,,,21,4210,,,,8,20956,,,,13,12113,,,,,,,,,,,,,,,,,,,,,,,,,,,,,,,,,,,,,,
173716,29-Jun-18,23:43:36,2018-06-29 23:43:36,G,1,5,2888,,0,9,-62.3013,-60.4444,43:40.4,FastGPS,-62.3013,-60.4444,,,4.4,-0.6,,,,15,17,20527,,,,32,31960,,,,10,25632,,,,18,14502,,,,15,17736,,,,11,8105,,,,1,32422,,,,28,19848,,,,19,31233,,,,,,,,,,,,,,,,,,,,,,,,,,,,,,,,,
173716,30-Jun-18,0:45:02,2018-06-30 00:45:02,G,1,5,2890,395,0,8,-62.3112,-60.4199,45:06.3,FastGPS,-62.3112,-60.4199,,,7.2,-0.7,,,,15,17,25930,,,,12,14082,,,,24,11068,,,,32,31330,,,,19,12055,,,,25,25703,,,,6,31030,,,,14,26832,,,,,,,,,,,,,,,,,,,,,,,,,,,,,,,,,,,,,,
173716,30-Jun-18,3:32:01,2018-06-30 03:32:01,G,1,5,2895,,0,9,-62.3483,-60.3875,32:05.3,FastGPS,-62.3483,-60.3875,,1,8.1,-0.7,,,,15,31,31893,,,,2,29830,,,,29,17648,,,,12,12524,,,,4,24614,,,,25,7903,,,,14,12590,,,,6,30489,,,,5,9432,,,,,,,,,,,,,,,,,,,,,,,,,,,,,,,,,
173716,30-Jun-18,4:02:00,2018-06-30 04:02:00,G,1,5,2896,,0,9,-62.3534,-60.3925,02:03.9,FastGPS,-62.3534,-60.3925,,1,7.8,-1.1,,,,15,31,19508,,,,4,8595,,,,23,28908,,,,29,23122,,,,26,24042,,,,2,15868,,,,6,31406,,,,12,21326,,,,25,9076,,,,,,,,,,,,,,,,,,,,,,,,,,,,,,,,,
173716,30-Jun-18,4:33:55,2018-06-30 04:33:55,G,1,5,2897,396,0,7,-62.366,-60.3843,33:59.3,FastGPS,-62.366,-60.3843,,1,2.2,-0.7,,,,15,31,9674,,,,26,6910,,,,4,4879,,,,29,18885,,,,5,9844,,,,25,20866,,,,2,2492,,,,,,,,,,,,,,,,,,,,,,,,,,,,,,,,,,,,,,,,,,,
173716,30-Jun-18,5:05:32,2018-06-30 05:05:32,G,3,5,2898,396,0,8,-62.38,-60.3829,05:36.4,FastGPS,-62.38,-60.3829,,,7.2,-0.6,,,,15,31,29958,,,,5,11011,,,,29,22287,,,,4,20614,,,,25,11117,,,,21,10720,,,,26,14493,,,,2,32115,,,,,,,,,,,,,,,,,,,,,,,,,,,,,,,,,,,,,,
173716,30-Jun-18,5:36:05,2018-06-30 05:36:05,G,1,5,2899,396,0,8,-62.4069,-60.3841,36:09.4,FastGPS,-62.4069,-60.3841,,,7.8,-0.6,,,,15,29,12539,,,,31,6940,,,,5,25733,,,,16,29326,,,,4,22796,,,,21,20878,,,,26,11504,,,,2,3558,,,,,,,,,,,,,,,,,,,,,,,,,,,,,,,,,,,,,,
173716,30-Jun-18,6:07:47,2018-06-30 06:07:47,G,2,5,2900,396,0,8,-62.4352,-60.3869,07:51.4,FastGPS,-62.4352,-60.3869,,1,13.2,-0.6,,,,15,5,12095,,,,16,19538,,,,21,31834,,,,4,302,,,,26,19039,,,,29,16187,,,,25,22799,,,,31,6258,,,,,,,,,,,,,,,,,,,,,,,,,,,,,,,,,,,,,,
173716,30-Jun-18,6:38:00,2018-06-30 06:38:00,G,2,5,2901,396,0,6,-62.4543,-60.3687,38:04.9,FastGPS,-62.4543,-60.3687,,1,0.6,-0.1,,,,15,5,4656,,,,16,20771,,,,29,8873,,,,21,17809,,,,26,26524,,,,4,13564,,,,,,,,,,,,,,,,,,,,,,,,,,,,,,,,,,,,,,,,,,,,,,,,
173716,30-Jun-18,7:08:00,2018-06-30 07:08:00,G,1,5,2902,396,0,8,-62.4757,-60.3644,08:04.8,FastGPS,-62.4757,-60.3644,,,8.8,-0.2,,,,15,26,4961,,,,4,2176,,,,5,11496,,,,16,28918,,,,27,29376,,,,7,14390,,,,21,8769,,,,20,17335,,,,,,,,,,,,,,,,,,,,,,,,,,,,,,,,,,,,,,
173716,30-Jun-18,7:38:37,2018-06-30 07:38:37,G,2,5,2903,,0,9,-62.4965,-60.353,38:42.3,FastGPS,-62.4965,-60.353,,,9.7,0.3,,,,15,4,26690,,,,16,27847,,,,27,24424,,,,26,13668,,,,21,22520,,,,7,16148,,,,15,14144,,,,10,10288,,,,5,29700,,,,,,,,,,,,,,,,,,,,,,,,,,,,,,,,,
173716,30-Jun-18,8:08:23,2018-06-30 08:08:23,G,2,5,2904,396,0,8,-62.5144,-60.3702,08:27.8,FastGPS,-62.5144,-60.3702,,1,15.3,-0.2,,,,15,10,31731,,,,16,18508,,,,26,2640,,,,27,29872,,,,4,5670,,,,15,4055,,,,20,7528,,,,21,26514,,,,,,,,,,,,,,,,,,,,,,,,,,,,,,,,,,,,,,
173716,30-Jun-18,8:38:04,2018-06-30 08:38:04,G,3,5,2905,396,0,8,-62.5288,-60.3884,38:08.3,FastGPS,-62.5288,-60.3884,,,11.6,-0.7,,,,15,10,17296,,,,16,22296,,,,27,21917,,,,20,18995,,,,8,30706,,,,15,10939,,,,21,8893,,,,30,13422,,,,,,,,,,,,,,,,,,,,,,,,,,,,,,,,,,,,,,
173716,30-Jun-18,9:08:00,2018-06-30 09:08:00,G,4,5,2906,396,0,5,-62.5367,-60.3858,08:03.9,FastGPS,-62.5367,-60.3858,,,2.7,-1.1,,,,15,15,15825,,,,10,9603,,,,27,12512,,,,20,28001,,,,16,2318,,,,,,,,,,,,,,,,,,,,,,,,,,,,,,,,,,,,,,,,,,,,,,,,,,,,,
173716,30-Jun-18,9:53:00,2018-06-30 09:53:00,G,4,5,2907,397,1,5,-62.5394,-60.3892,53:03.8,FastGPS,-62.5394,-60.3892,,,3.2,-1.2,,,,15,10,24252,,,,27,18503,,,,8,25082,,,,24,12874,,,,20,20884,,,,,,,,,,,,,,,,,,,,,,,,,,,,,,,,,,,,,,,,,,,,,,,,,,,,,
173716,30-Jun-18,10:53:00,2018-06-30 10:53:00,G,2,5,2908,399,1,5,-62.5424,-60.3953,53:03.9,FastGPS,-62.5424,-60.3953,,,3.2,-1.1,,,,15,10,5539,,,,32,16585,,,,20,15573,,,,8,10028,,,,27,1604,,,,,,,,,,,,,,,,,,,,,,,,,,,,,,,,,,,,,,,,,,,,,,,,,,,,,
173716,30-Jun-18,11:53:00,2018-06-30 11:53:00,G,1,5,2909,401,1,4,-62.187,-60.483,7/1/2018 10:27,A,-62.5454,-60.3944,,,1.8,-0.9,,,,15,32,12922,,,,14,5220,,,,24,13105,,,,10,9219,,,,,,,,,,,,,,,,,,,,,,,,,,,,,,,,,,,,,,,,,,,,,,,,,,,,,,,,,,
173716,30-Jun-18,13:08:00,2018-06-30 13:08:00,G,2,5,2910,404,1,5,-62.5445,-60.4035,08:04.9,FastGPS,-62.5445,-60.4035,,,5,-0.1,,,,15,32,9086,,,,23,21052,,,,14,5515,,,,11,16099,,,,1,14958,,,,,,,,,,,,,,,,,,,,,,,,,,,,,,,,,,,,,,,,,,,,,,,,,,,,,
173716,30-Jun-18,13:53:00,2018-06-30 13:53:00,G,1,5,2911,,1,9,-62.5438,-60.4057,53:03.9,FastGPS,-62.5438,-60.4057,,,13.2,-1.1,,,,15,22,20001,,,,1,27012,,,,31,19820,,,,32,27060,,,,14,32460,,,,3,8633,,,,25,1784,,,,11,264,,,,23,16055,,,,,,,,,,,,,,,,,,,,,,,,,,,,,,,,,
173716,30-Jun-18,19:59:31,2018-06-30 19:59:31,G,1,5,2912,,0,9,-62.5271,-60.391,59:36.4,FastGPS,-62.5271,-60.391,,,9.9,0.4,,,,15,15,25745,,,,7,7761,,,,21,15658,,,,5,7836,,,,30,789,,,,9,28242,,,,8,7760,,,,13,5604,,,,28,5998,,,,,,,,,,,,,,,,,,,,,,,,,,,,,,,,,
173716,30-Jun-18,20:31:47,2018-06-30 20:31:47,G,2,5,2913,405,0,6,-62.5201,-60.3843,31:52.4,FastGPS,-62.5201,-60.3843,,,5.7,0.4,,,,15,7,6814,,,,13,9268,,,,8,27029,,,,15,12758,,,,30,20834,,,,5,26097,,,,,,,,,,,,,,,,,,,,,,,,,,,,,,,,,,,,,,,,,,,,,,,,
173716,30-Jun-18,21:23:24,2018-06-30 21:23:24,G,2,5,2914,406,0,7,-62.4977,-60.3905,23:28.9,FastGPS,-62.4977,-60.3905,,,3.6,-0.1,,,,15,15,6289,,,,13,13332,,,,5,22894,,,,30,8276,,,,17,28068,,,,28,29895,,,,7,24085,,,,,,,,,,,,,,,,,,,,,,,,,,,,,,,,,,,,,,,,,,,
173716,30-Jun-18,21:53:01,2018-06-30 21:53:01,G,2,5,2915,,0,9,-62.477,-60.3962,53:05.9,FastGPS,-62.477,-60.3962,,,17.6,-0.1,,,,15,17,1860,,,,13,10584,,,,30,20254,,,,18,30821,,,,15,22689,,,,11,32082,,,,28,21240,,,,24,32294,,,,1,9438,,,,,,,,,,,,,,,,,,,,,,,,,,,,,,,,,
173716,30-Jun-18,22:38:22,2018-06-30 22:38:22,G,3,5,2916,,0,9,-62.4384,-60.4098,38:26.9,FastGPS,-62.4384,-60.4098,,,5.7,-0.1,,,,15,17,13979,,,,1,30325,,,,15,16150,,,,13,5781,,,,11,22972,,,,18,4534,,,,28,7918,,,,30,30716,,,,19,12742,,,,,,,,,,,,,,,,,,,,,,,,,,,,,,,,,
173716,30-Jun-18,23:08:00,2018-06-30 23:08:00,G,2,5,2917,,0,9,-62.4165,-60.4138,08:04.9,FastGPS,-62.4165,-60.4138,,,10.8,-0.1,,,,15,15,15659,,,,17,15684,,,,28,8615,,,,19,8756,,,,11,28268,,,,1,28937,,,,24,2326,,,,13,32196,,,,18,7757,,,,,,,,,,,,,,,,,,,,,,,,,,,,,,,,,
173716,30-Jun-18,23:40:02,2018-06-30 23:40:02,G,1,5,2918,,0,9,-62.3879,-60.4034,40:06.9,FastGPS,-62.3879,-60.4034,,,7,-0.1,,,,15,15,98,,,,12,13376,,,,28,2724,,,,17,5554,,,,10,9706,,,,19,16743,,,,1,17908,,,,18,31892,,,,13,24856,,,,,,,,,,,,,,,,,,,,,,,,,,,,,,,,,
173716,1-Jul-18,0:10:03,2018-07-01 00:10:03,G,1,5,2919,,0,9,-62.3606,-60.3879,10:07.4,FastGPS,-62.3606,-60.3879,,,7.8,-0.6,,,,15,17,4582,,,,12,2264,,,,24,31660,,,,19,14408,,,,15,24855,,,,1,26066,,,,18,24507,,,,28,23054,,,,22,3015,,,,,,,,,,,,,,,,,,,,,,,,,,,,,,,,,
173716,1-Jul-18,1:10:34,2018-07-01 01:10:34,G,1,5,2921,407,0,6,-62.308,-60.3837,10:38.4,FastGPS,-62.308,-60.3837,,,10.5,-0.6,,,,15,17,15473,,,,6,24003,,,,24,21444,,,,32,20787,,,,19,7414,,,,14,16372,,,,,,,,,,,,,,,,,,,,,,,,,,,,,,,,,,,,,,,,,,,,,,,,
173716,1-Jul-18,1:40:55,2018-07-01 01:40:55,G,1,5,2922,,0,9,-62.2802,-60.3859,40:59.4,FastGPS,-62.2802,-60.3859,,,19.1,-0.6,,,,15,24,23155,,,,17,3899,,,,12,24449,,,,25,14125,,,,32,27871,,,,19,27802,,,,31,12738,,,,6,13811,,,,2,8260,,,,,,,,,,,,,,,,,,,,,,,,,,,,,,,,,
173716,1-Jul-18,2:26:49,2018-07-01 02:26:49,G,2,5,2923,408,0,7,-62.2369,-60.3868,26:52.9,FastGPS,-62.2369,-60.3868,,,9.4,-1.1,,,,15,29,6604,,,,6,11861,,,,24,19872,,,,32,7628,,,,12,26228,,,,2,11071,,,,25,3502,,,,,,,,,,,,,,,,,,,,,,,,,,,,,,,,,,,,,,,,,,,
173716,1-Jul-18,2:57:05,2018-07-01 02:57:05,G,2,5,2924,408,0,8,-62.2098,-60.4046,57:09.4,FastGPS,-62.2098,-60.4046,,,8.5,-0.6,,,,15,29,7778,,,,25,25797,,,,12,5774,,,,2,15905,,,,6,27429,,,,14,18395,,,,32,31626,,,,19,29570,,,,,,,,,,,,,,,,,,,,,,,,,,,,,,,,,,,,,,
173716,1-Jul-18,3:28:40,2018-07-01 03:28:40,G,1,5,2925,408,0,8,-62.1841,-60.4264,28:44.3,FastGPS,-62.1841,-60.4264,,1,11.4,-0.7,,,,15,29,14910,,,,2,23564,,,,5,7172,,,,12,4496,,,,25,2300,,,,31,26662,,,,6,20340,,,,4,21168,,,,,,,,,,,,,,,,,,,,,,,,,,,,,,,,,,,,,,
173716,1-Jul-18,3:58:00,2018-07-01 03:58:00,G,1,5,2926,,0,9,-62.1777,-60.4445,58:03.9,FastGPS,-62.1777,-60.4445,,1,7.6,-1.1,,,,15,31,6557,,,,2,2369,,,,29,11077,,,,4,28124,,,,25,29498,,,,12,8679,,,,5,9430,,,,23,13960,,,,6,16257,,,,,,,,,,,,,,,,,,,,,,,,,,,,,,,,,
173716,1-Jul-18,4:59:04,2018-07-01 04:59:04,G,2,5,2928,408,0,8,-62.1788,-60.5281,59:08.4,FastGPS,-62.1788,-60.5281,,1,5,-0.6,,,,15,31,6936,,,,29,24461,,,,4,16550,,,,5,7542,,,,26,8184,,,,21,1699,,,,25,22526,,,,2,9830,,,,,,,,,,,,,,,,,,,,,,,,,,,,,,,,,,,,,,
173716,1-Jul-18,5:31:28,2018-07-01 05:31:28,G,1,5,2929,408,0,8,-62.1835,-60.5515,31:32.9,FastGPS,-62.1835,-60.5515,,1,5.1,-0.1,,,,15,16,1762,,,,31,19323,,,,29,21428,,,,5,32370,,,,4,30908,,,,26,18777,,,,21,28682,,,,9,14534,,,,,,,,,,,,,,,,,,,,,,,,,,,,,,,,,,,,,,
173716,1-Jul-18,6:02:15,2018-07-01 06:02:15,G,2,5,2930,408,0,6,-62.1841,-60.5167,02:18.9,FastGPS,-62.1841,-60.5167,,1,8.7,-1.1,,,,15,21,29400,,,,29,21334,,,,26,20346,,,,4,3440,,,,5,13416,,,,16,15332,,,,,,,,,,,,,,,,,,,,,,,,,,,,,,,,,,,,,,,,,,,,,,,,
173716,1-Jul-18,10:42:22,2018-07-01 10:42:22,G,1,5,2939,408,0,8,-62.1842,-60.4762,42:26.3,FastGPS,-62.1842,-60.4762,,,7.8,-0.7,,,,15,24,30594,,,,20,32064,,,,10,13278,,,,32,24870,,,,28,31068,,,,1,26635,,,,11,15199,,,,18,9838,,,,,,,,,,,,,,,,,,,,,,,,,,,,,,,,,,,,,,
173716,1-Jul-18,11:12:01,2018-07-01 11:12:01,G,1,5,2940,,0,9,-62.1848,-60.4766,12:04.9,FastGPS,-62.1848,-60.4766,,,7.6,-1.1,,,,15,22,2107,,,,1,32499,,,,8,30901,,,,10,18550,,,,11,4514,,,,18,29504,,,,32,21453,,,,27,13435,,,,20,752,,,,,,,,,,,,,,,,,,,,,,,,,,,,,,,,,
173716,1-Jul-18,11:42:23,2018-07-01 11:42:23,G,1,5,2941,,0,9,-62.1909,-60.4915,42:26.9,FastGPS,-62.1909,-60.4915,,,7.5,-1.1,,,,15,1,20206,,,,17,25920,,,,22,23579,,,,10,30022,,,,14,17381,,,,11,29844,,,,20,23926,,,,32,8702,,,,18,20033,,,,,,,,,,,,,,,,,,,,,,,,,,,,,,,,,
173716,1-Jul-18,12:12:33,2018-07-01 12:12:33,G,1,5,2942,,0,9,-62.1843,-60.4776,12:36.9,FastGPS,-62.1843,-60.4776,,,6.1,-1.1,,,,15,8,30328,,,,22,25379,,,,32,17916,,,,17,8583,,,,3,3332,,,,28,9514,,,,14,15216,,,,19,2783,,,,18,10909,,,,,,,,,,,,,,,,,,,,,,,,,,,,,,,,,
173716,1-Jul-18,12:43:22,2018-07-01 12:43:22,G,1,5,2943,,0,9,-62.1967,-60.4926,43:26.4,FastGPS,-62.1967,-60.4926,,,7.6,-0.6,,,,15,19,17931,,,,17,17124,,,,3,15124,,,,11,6687,,,,32,11420,,,,22,28006,,,,12,15481,,,,1,30550,,,,18,25456,,,,,,,,,,,,,,,,,,,,,,,,,,,,,,,,,
173716,1-Jul-18,13:14:01,2018-07-01 13:14:01,G,1,5,2944,,0,9,-62.1807,-60.5099,14:04.9,FastGPS,-62.1807,-60.5099,,,6.7,-1.1,,,,15,11,686,,,,31,6184,,,,1,15192,,,,3,14150,,,,17,18987,,,,22,4078,,,,32,13123,,,,18,15672,,,,14,31598,,,,,,,,,,,,,,,,,,,,,,,,,,,,,,,,,
173716,1-Jul-18,13:44:00,2018-07-01 13:44:00,G,1,5,2945,,0,9,-62.1899,-60.4684,44:03.9,FastGPS,-62.1899,-60.4684,,,8.5,-1.1,,,,15,17,31088,,,,19,5720,,,,23,6542,,,,1,21196,,,,31,21126,,,,3,12441,,,,22,2946,,,,14,24028,,,,11,32699,,,,,,,,,,,,,,,,,,,,,,,,,,,,,,,,,
173716,1-Jul-18,14:15:15,2018-07-01 14:15:15,G,1,5,2946,,0,9,-62.1947,-60.4341,15:18.9,FastGPS,-62.1947,-60.4341,,,10.6,-1.1,,,,15,14,25036,,,,31,10387,,,,6,19807,,,,25,729,,,,19,31926,,,,17,6003,,,,3,24497,,,,12,22604,,,,22,7341,,,,,,,,,,,,,,,,,,,,,,,,,,,,,,,,,
173716,1-Jul-18,16:15:00,2018-07-01 16:15:00,G,1,5,2950,,0,9,-62.205,-60.4844,15:03.9,FastGPS,-62.205,-60.4844,,1,5.5,-1.1,,,,15,2,16195,,,,6,23061,,,,7,4887,,,,31,25828,,,,29,15943,,,,4,25122,,,,23,23436,,,,26,17433,,,,9,16380,,,,,,,,,,,,,,,,,,,,,,,,,,,,,,,,,
173716,1-Jul-18,19:35:03,2018-07-01 19:35:03,G,2,5,2956,409,0,4,-62.544,-60.381,7/2/2018 9:43,R,-62.2665,-60.4675,,,1,-0.1,,,,15,5,24452,,,,13,11886,,,,9,5268,,,,28,18132,,,,,,,,,,,,,,,,,,,,,,,,,,,,,,,,,,,,,,,,,,,,,,,,,,,,,,,,,,
173716,1-Jul-18,20:07:20,2018-07-01 20:07:20,G,1,5,2957,409,0,8,-62.2754,-60.4656,07:25.4,FastGPS,-62.2754,-60.4656,,,8,0.4,,,,15,5,10328,,,,7,32346,,,,13,6956,,,,9,3254,,,,28,27750,,,,27,6308,,,,15,8426,,,,21,2151,,,,,,,,,,,,,,,,,,,,,,,,,,,,,,,,,,,,,,
173716,1-Jul-18,20:39:13,2018-07-01 20:39:13,G,2,5,2958,,0,9,-62.2808,-60.4644,39:17.9,FastGPS,-62.2808,-60.4644,,,9.9,-0.1,,,,15,7,29914,,,,5,23364,,,,15,28523,,,,28,4754,,,,8,30406,,,,13,3749,,,,30,6077,,,,27,27556,,,,21,26799,,,,,,,,,,,,,,,,,,,,,,,,,,,,,,,,,
173716,1-Jul-18,21:09:18,2018-07-01 21:09:18,G,2,5,2959,,0,9,-62.2866,-60.4474,09:23.4,FastGPS,-62.2866,-60.4474,,,10.4,0.4,,,,15,7,30628,,,,20,13724,,,,15,2957,,,,8,596,,,,30,32530,,,,13,5390,,,,28,11258,,,,11,24862,,,,27,29128,,,,,,,,,,,,,,,,,,,,,,,,,,,,,,,,,
173716,1-Jul-18,21:39:00,2018-07-01 21:39:00,G,1,5,2960,,0,9,-62.2899,-60.4303,39:04.9,FastGPS,-62.2899,-60.4303,,,11,-0.1,,,,15,15,32417,,,,13,17857,,,,30,19992,,,,20,22011,,,,8,13300,,,,10,4298,,,,24,16346,,,,17,14189,,,,28,19968,,,,,,,,,,,,,,,,,,,,,,,,,,,,,,,,,
173716,1-Jul-18,22:10:08,2018-07-01 22:10:08,G,1,5,2961,,0,9,-62.2932,-60.431,10:13.4,FastGPS,-62.2932,-60.431,,,13.1,0.4,,,,15,20,3979,,,,28,22900,,,,15,7514,,,,13,32596,,,,11,12785,,,,18,562,,,,30,28510,,,,19,26284,,,,24,19710,,,,,,,,,,,,,,,,,,,,,,,,,,,,,,,,,
173716,1-Jul-18,22:41:24,2018-07-01 22:41:24,G,2,5,2962,,0,9,-62.3046,-60.4247,41:29.4,FastGPS,-62.3046,-60.4247,,,9.2,0.4,,,,15,17,19440,,,,15,21980,,,,10,20749,,,,24,30872,,,,20,26450,,,,28,29404,,,,13,26454,,,,11,27988,,,,18,17058,,,,,,,,,,,,,,,,,,,,,,,,,,,,,,,,,
173716,1-Jul-18,23:12:45,2018-07-01 23:12:45,G,2,5,2963,,0,9,-62.3139,-60.4153,12:50.4,FastGPS,-62.3139,-60.4153,,,9.7,0.4,,,,15,15,30839,,,,12,10101,,,,10,9726,,,,20,17306,,,,17,4419,,,,19,9619,,,,28,5811,,,,13,29572,,,,24,28995,,,,,,,,,,,,,,,,,,,,,,,,,,,,,,,,,
173716,1-Jul-18,23:43:03,2018-07-01 23:43:03,G,1,5,2964,409,0,7,-62.3225,-60.4076,43:07.9,FastGPS,-62.3225,-60.4076,,,6.3,-0.1,,,,15,1,10340,,,,12,6220,,,,10,22189,,,,11,32379,,,,17,4983,,,,18,11526,,,,32,10997,,,,,,,,,,,,,,,,,,,,,,,,,,,,,,,,,,,,,,,,,,,
173716,2-Jul-18,1:15:05,2018-07-02 01:15:05,G,1,5,2967,409,0,8,-62.3441,-60.4039,15:10.4,FastGPS,-62.3441,-60.404,,,13.1,0.4,,,,15,19,74,,,,6,21960,,,,24,8369,,,,32,29672,,,,22,18428,,,,14,13393,,,,17,21075,,,,12,23330,,,,,,,,,,,,,,,,,,,,,,,,,,,,,,,,,,,,,,
173716,2-Jul-18,2:15:45,2018-07-02 02:15:45,G,1,5,2969,,0,9,-62.3666,-60.3988,15:49.9,FastGPS,-62.3666,-60.3988,,,11,-0.1,,,,15,31,26476,,,,12,14548,,,,32,9923,,,,14,2633,,,,6,31094,,,,2,1297,,,,29,19928,,,,25,614,,,,19,30345,,,,,,,,,,,,,,,,,,,,,,,,,,,,,,,,,
173716,2-Jul-18,3:48:46,2018-07-02 03:48:46,G,1,5,2972,409,0,7,-62.435,-60.3834,48:50.4,FastGPS,-62.435,-60.3834,,1,3.6,-0.6,,,,15,31,13820,,,,29,7364,,,,4,17306,,,,2,22180,,,,12,3691,,,,26,30532,,,,5,30462,,,,,,,,,,,,,,,,,,,,,,,,,,,,,,,,,,,,,,,,,,,
173716,2-Jul-18,6:51:08,2018-07-02 06:51:08,G,1,5,2978,,0,9,-62.5507,-60.375,51:13.4,FastGPS,-62.5507,-60.375,,,12.1,0.4,,,,15,4,11218,,,,29,12389,,,,16,5364,,,,15,14782,,,,26,8161,,,,20,27486,,,,13,30683,,,,21,13192,,,,5,25527,,,,,,,,,,,,,,,,,,,,,,,,,,,,,,,,,
173716,2-Jul-18,11:38:56,2018-07-02 11:38:56,G,1,5,2986,412,0,7,-62.5408,-60.3682,39:01.4,FastGPS,-62.5408,-60.3682,,,6.3,0.4,,,,15,10,15779,,,,18,6507,,,,1,9106,,,,32,28558,,,,11,16376,,,,17,19667,,,,14,4375,,,,,,,,,,,,,,,,,,,,,,,,,,,,,,,,,,,,,,,,,,,
173716,2-Jul-18,12:09:00,2018-07-02 12:09:00,G,1,5,2987,,0,9,-62.5408,-60.3701,09:04.9,FastGPS,-62.5408,-60.3701,,,10.7,-0.1,,,,15,32,17444,,,,17,13125,,,,22,24634,,,,1,12999,,,,11,19761,,,,3,3130,,,,10,27502,,,,14,14181,,,,18,8266,,,,,,,,,,,,,,,,,,,,,,,,,,,,,,,,,
173716,2-Jul-18,17:27:47,2018-07-02 17:27:47,G,1,5,2997,,0,9,-62.5336,-60.3534,27:51.4,FastGPS,-62.5336,-60.3534,,,14.1,-0.6,,,,15,7,20550,,,,9,29522,,,,23,8892,,,,30,7301,,,,6,6471,,,,29,17589,,,,26,28800,,,,16,7710,,,,4,14748,,,,,,,,,,,,,,,,,,,,,,,,,,,,,,,,,
173716,2-Jul-18,20:18:00,2018-07-02 20:18:00,G,4,5,3002,414,0,7,-62.4925,-60.3847,18:03.9,FastGPS,-62.4925,-60.3847,,,8,-1.1,,,,15,5,6203,,,,28,30299,,,,7,21504,,,,8,17270,,,,30,21934,,,,13,22606,,,,27,26490,,,,,,,,,,,,,,,,,,,,,,,,,,,,,,,,,,,,,,,,,,,
173716,2-Jul-18,20:49:42,2018-07-02 20:49:42,G,1,5,3003,414,0,8,-62.4707,-60.3961,49:46.4,FastGPS,-62.4707,-60.3961,,,7.3,-0.6,,,,15,7,16021,,,,13,7246,,,,11,29314,,,,8,5275,,,,28,26482,,,,15,32295,,,,5,11591,,,,30,22622,,,,,,,,,,,,,,,,,,,,,,,,,,,,,,,,,,,,,,
173716,2-Jul-18,21:21:44,2018-07-02 21:21:44,G,2,5,3004,414,0,7,-62.4504,-60.4211,21:48.4,FastGPS,-62.4504,-60.4211,,,8,-0.6,,,,15,7,23430,,,,28,93,,,,11,3102,,,,13,9686,,,,30,17260,,,,15,20042,,,,8,2746,,,,,,,,,,,,,,,,,,,,,,,,,,,,,,,,,,,,,,,,,,,
173716,2-Jul-18,21:52:46,2018-07-02 21:52:46,G,1,5,3005,414,0,8,-62.4335,-60.4527,52:49.9,FastGPS,-62.4335,-60.4527,,,19.4,-1.1,,,,15,17,8284,,,,13,30144,,,,30,21112,,,,15,32480,,,,1,4768,,,,28,13416,,,,18,14172,,,,11,7414,,,,,,,,,,,,,,,,,,,,,,,,,,,,,,,,,,,,,,
173716,2-Jul-18,22:23:00,2018-07-02 22:23:00,G,2,5,3006,,0,9,-62.4137,-60.475,23:03.9,FastGPS,-62.4137,-60.475,,,10.1,-1.1,,,,15,17,9974,,,,15,10550,,,,30,20952,,,,13,19518,,,,28,18665,,,,24,23391,,,,18,22628,,,,19,4520,,,,1,1464,,,,,,,,,,,,,,,,,,,,,,,,,,,,,,,,,
173716,2-Jul-18,23:23:08,2018-07-02 23:23:08,G,2,5,3008,,0,9,-62.3724,-60.5134,23:11.9,FastGPS,-62.3724,-60.5134,,,10.7,-1.1,,,,15,28,29287,,,,13,18995,,,,15,14291,,,,1,3816,,,,19,11534,,,,12,30123,,,,17,16227,,,,24,22174,,,,18,1460,,,,,,,,,,,,,,,,,,,,,,,,,,,,,,,,,
173716,3-Jul-18,2:23:42,2018-07-03 02:23:42,G,1,5,3013,416,0,6,-62.286,-60.6103,23:46.4,FastGPS,-62.286,-60.6103,,,10,-0.6,,,,15,19,17290,,,,24,11288,,,,2,7549,,,,6,21446,,,,29,13051,,,,12,1668,,,,,,,,,,,,,,,,,,,,,,,,,,,,,,,,,,,,,,,,,,,,,,,,
173716,3-Jul-18,4:29:31,2018-07-03 04:29:31,G,1,5,3016,,0,9,-62.2227,-60.6282,29:34.9,FastGPS,-62.2227,-60.6282,,1,3.8,-1.1,,,,15,23,25477,,,,2,2310,,,,31,26901,,,,9,14344,,,,5,26997,,,,4,26372,,,,25,28434,,,,26,1412,,,,29,21936,,,,,,,,,,,,,,,,,,,,,,,,,,,,,,,,,
173716,3-Jul-18,5:48:31,2018-07-03 05:48:31,G,2,5,3018,419,0,7,-62.219,-60.6044,48:34.9,FastGPS,-62.219,-60.6044,,1,3.9,-1.1,,,,15,5,7936,,,,29,22855,,,,21,28138,,,,4,26350,,,,26,5490,,,,25,14358,,,,31,29566,,,,,,,,,,,,,,,,,,,,,,,,,,,,,,,,,,,,,,,,,,,
173716,3-Jul-18,6:18:00,2018-07-03 06:18:00,G,2,5,3019,419,0,7,-62.206,-60.587,18:04.4,FastGPS,-62.206,-60.587,,1,9.6,-0.6,,,,15,5,952,,,,29,14253,,,,27,4069,,,,26,14964,,,,20,22232,,,,21,10423,,,,4,8971,,,,,,,,,,,,,,,,,,,,,,,,,,,,,,,,,,,,,,,,,,,
173716,3-Jul-18,6:48:02,2018-07-03 06:48:02,G,1,5,3020,419,0,8,-62.2047,-60.5568,48:05.9,FastGPS,-62.2047,-60.5568,,,10.4,-1.1,,,,15,27,28342,,,,29,25362,,,,5,2097,,,,7,28928,,,,20,18891,,,,16,22802,,,,26,24670,,,,21,32012,,,,,,,,,,,,,,,,,,,,,,,,,,,,,,,,,,,,,,
173716,3-Jul-18,13:00:40,2018-07-03 13:00:40,G,1,5,3032,,0,9,-62.2766,-60.5274,00:43.9,FastGPS,-62.2766,-60.5274,,,8.6,-1.1,,,,15,12,11298,,,,32,2806,,,,14,10370,,,,19,6490,,,,3,2945,,,,1,24106,,,,17,21399,,,,31,24350,,,,22,3102,,,,,,,,,,,,,,,,,,,,,,,,,,,,,,,,,
173716,3-Jul-18,15:02:59,2018-07-03 15:02:59,G,2,5,3036,,0,9,-62.2515,-60.4546,03:03.4,FastGPS,-62.2515,-60.4546,,,7.9,-0.6,,,,15,3,11786,,,,4,18322,,,,23,22828,,,,26,28781,,,,22,3788,,,,9,22856,,,,6,25718,,,,31,25916,,,,25,16952,,,,,,,,,,,,,,,,,,,,,,,,,,,,,,,,,
173716,3-Jul-18,16:03:00,2018-07-03 16:03:00,G,1,5,3038,,0,9,-62.2541,-60.4374,03:04.4,FastGPS,-62.2541,-60.4374,,1,8.6,-0.6,,,,15,31,1843,,,,29,32217,,,,23,20230,,,,2,564,,,,4,15831,,,,9,114,,,,6,20239,,,,26,4910,,,,3,6252,,,,,,,,,,,,,,,,,,,,,,,,,,,,,,,,,
173716,3-Jul-18,17:06:13,2018-07-03 17:06:13,G,2,5,3040,,0,9,-62.2757,-60.3814,06:16.9,FastGPS,-62.2757,-60.3814,,,6.2,-1.1,,,,15,5,11543,,,,7,14823,,,,23,104,,,,29,25138,,,,4,18815,,,,2,12162,,,,9,31809,,,,16,20225,,,,26,23381,,,,,,,,,,,,,,,,,,,,,,,,,,,,,,,,,
173716,3-Jul-18,17:38:23,2018-07-03 17:38:23,G,1,5,3041,419,0,8,-62.2922,-60.3365,38:27.4,FastGPS,-62.2922,-60.3365,,,13.4,-0.6,,,,15,5,17373,,,,2,8176,,,,23,15340,,,,7,1682,,,,16,2912,,,,9,11196,,,,29,19681,,,,6,8093,,,,,,,,,,,,,,,,,,,,,,,,,,,,,,,,,,,,,,
173716,3-Jul-18,18:08:06,2018-07-03 18:08:06,G,2,5,3042,419,0,5,-62.3103,-60.3029,08:09.9,FastGPS,-62.3103,-60.3029,,,4.5,-1.1,,,,15,30,4584,,,,5,15198,,,,7,1516,,,,2,644,,,,16,32328,,,,,,,,,,,,,,,,,,,,,,,,,,,,,,,,,,,,,,,,,,,,,,,,,,,,,
173716,3-Jul-18,18:38:00,2018-07-03 18:38:00,G,2,5,3043,419,0,8,-62.3206,-60.297,38:03.9,FastGPS,-62.3206,-60.297,,,5.5,-1.1,,,,15,23,15182,,,,27,20657,,,,16,26288,,,,8,18735,,,,7,28760,,,,9,31946,,,,30,11420,,,,5,15434,,,,,,,,,,,,,,,,,,,,,,,,,,,,,,,,,,,,,,
173716,4-Jul-18,6:13:11,2018-07-04 06:13:11,G,1,5,3047,420,0,4,-61.997,-59.906,7/5/2018 6:09,P,,,,,,,,,,15,29,15969,,,,5,3352,,,,16,12022,,,,4,7349,,,,,,,,,,,,,,,,,,,,,,,,,,,,,,,,,,,,,,,,,,,,,,,,,,,,,,,,,,
173716,4-Jul-18,7:29:00,2018-07-04 07:29:00,G,1,5,3049,,0,9,-62.2704,-60.3042,29:03.9,FastGPS,-62.2704,-60.3042,,,11.2,-1.1,,,,15,20,3229,,,,26,24695,,,,4,2718,,,,15,2851,,,,10,14856,,,,16,21670,,,,27,15268,,,,13,31330,,,,30,18218,,,,,,,,,,,,,,,,,,,,,,,,,,,,,,,,,
173716,4-Jul-18,8:30:12,2018-07-04 08:30:12,G,1,5,3051,,0,9,-62.247,-60.3333,30:15.9,FastGPS,-62.247,-60.3333,,,9.8,-1.1,,,,15,15,5619,,,,13,19678,,,,10,5980,,,,7,7078,,,,27,22644,,,,30,28926,,,,16,15846,,,,8,20858,,,,21,3636,,,,,,,,,,,,,,,,,,,,,,,,,,,,,,,,,
173716,4-Jul-18,11:30:00,2018-07-04 11:30:00,G,1,5,3057,,1,9,-62.2998,-59.9635,30:03.9,FastGPS,-62.2998,-59.9635,,,12.9,-1.1,,,,15,17,23117,,,,32,7061,,,,28,19834,,,,18,15816,,,,22,15969,,,,3,114,,,,1,15017,,,,11,24987,,,,14,14622,,,,,,,,,,,,,,,,,,,,,,,,,,,,,,,,,
173716,4-Jul-18,21:41:00,2018-07-04 21:41:00,G,1,5,3058,421,0,7,-62.1347,-59.7678,41:03.9,FastGPS,-62.1347,-59.7678,,,7,-1.1,,,,15,17,2162,,,,15,30800,,,,28,24776,,,,30,12850,,,,24,20452,,,,20,8172,,,,13,10273,,,,,,,,,,,,,,,,,,,,,,,,,,,,,,,,,,,,,,,,,,,
173716,4-Jul-18,22:11:28,2018-07-04 22:11:28,G,1,5,3059,,0,9,-62.1185,-59.7783,11:31.9,FastGPS,-62.1185,-59.7783,,,9.2,-1.1,,,,15,15,1001,,,,17,25677,,,,13,23051,,,,30,32409,,,,20,16970,,,,19,18208,,,,1,18434,,,,11,9180,,,,10,4159,,,,,,,,,,,,,,,,,,,,,,,,,,,,,,,,,
173716,4-Jul-18,22:41:12,2018-07-04 22:41:12,G,3,5,3060,,0,9,-62.0915,-59.7999,41:16.4,FastGPS,-62.0915,-59.7999,,,9.6,-0.6,,,,15,15,6466,,,,28,23094,,,,17,29804,,,,13,16707,,,,19,10631,,,,24,4995,,,,12,25285,,,,20,32266,,,,10,20242,,,,,,,,,,,,,,,,,,,,,,,,,,,,,,,,,
173716,4-Jul-18,23:57:11,2018-07-04 23:57:11,G,1,5,3062,422,0,6,-62.0518,-59.819,57:15.0,FastGPS,-62.0518,-59.819,,,9.2,-1,,,,15,12,9481,,,,17,29038,,,,15,7695,,,,6,31739,,,,28,2911,,,,24,28217,,,,,,,,,,,,,,,,,,,,,,,,,,,,,,,,,,,,,,,,,,,,,,,,
173716,5-Jul-18,0:27:07,2018-07-05 00:27:07,G,1,5,3063,422,0,6,-62.0312,-59.833,27:11.5,FastGPS,-62.0312,-59.833,,,5.9,-0.5,,,,15,12,26470,,,,32,4644,,,,17,24252,,,,6,17943,,,,24,14892,,,,14,6472,,,,,,,,,,,,,,,,,,,,,,,,,,,,,,,,,,,,,,,,,,,,,,,,
173716,5-Jul-18,2:15:39,2018-07-05 02:15:39,G,2,5,3066,423,0,7,-62.0225,-59.8686,15:44.0,FastGPS,-62.0225,-59.8686,,,8.4,0,,,,15,32,27708,,,,29,3690,,,,2,2338,,,,31,32045,,,,6,14132,,,,12,26806,,,,19,10281,,,,,,,,,,,,,,,,,,,,,,,,,,,,,,,,,,,,,,,,,,,
173716,5-Jul-18,3:18:03,2018-07-05 03:18:03,G,3,5,3068,423,0,7,-62.0202,-59.8685,18:08.5,FastGPS,-62.0202,-59.8685,,1,6.3,0.5,,,,15,29,965,,,,4,11254,,,,14,12729,,,,26,16510,,,,31,2422,,,,25,3383,,,,23,31746,,,,,,,,,,,,,,,,,,,,,,,,,,,,,,,,,,,,,,,,,,,
173716,5-Jul-18,3:48:17,2018-07-05 03:48:17,G,3,5,3069,423,0,7,-62.0296,-59.8871,48:22.4,FastGPS,-62.0296,-59.8871,,1,14.4,0.4,,,,15,12,9507,,,,5,31308,,,,31,31317,,,,2,17138,,,,29,18204,,,,4,12090,,,,25,14575,,,,,,,,,,,,,,,,,,,,,,,,,,,,,,,,,,,,,,,,,,,
173716,5-Jul-18,4:20:09,2018-07-05 04:20:09,G,2,5,3070,423,0,6,-62.0284,-59.8903,20:13.9,FastGPS,-62.0284,-59.8903,,1,3,-0.1,,,,15,29,1746,,,,31,7049,,,,5,8459,,,,2,23032,,,,25,14779,,,,4,32584,,,,,,,,,,,,,,,,,,,,,,,,,,,,,,,,,,,,,,,,,,,,,,,,
173716,5-Jul-18,4:50:00,2018-07-05 04:50:00,G,3,5,3071,423,0,6,-62.0085,-59.8671,50:05.5,FastGPS,-62.0085,-59.8671,,,10.6,0.5,,,,15,31,6688,,,,16,18574,,,,29,13284,,,,26,18220,,,,4,20932,,,,2,4223,,,,,,,,,,,,,,,,,,,,,,,,,,,,,,,,,,,,,,,,,,,,,,,,
173716,5-Jul-18,5:53:01,2018-07-05 05:53:01,G,2,5,3073,423,0,7,-61.995,-59.8782,53:06.4,FastGPS,-61.995,-59.8782,,1,3.4,0.4,,,,15,31,18723,,,,27,25099,,,,21,25870,,,,9,3717,,,,26,23478,,,,4,936,,,,16,4580,,,,,,,,,,,,,,,,,,,,,,,,,,,,,,,,,,,,,,,,,,,
173716,5-Jul-18,7:24:00,2018-07-05 07:24:00,G,1,5,3076,423,0,8,-62.0433,-59.9339,24:05.0,FastGPS,-62.0433,-59.9339,,,10.7,0,,,,15,16,22356,,,,27,9876,,,,15,2029,,,,26,29282,,,,20,2430,,,,30,13334,,,,10,12584,,,,21,20902,,,,,,,,,,,,,,,,,,,,,,,,,,,,,,,,,,,,,,
173716,5-Jul-18,8:26:04,2018-07-05 08:26:04,G,1,5,3078,,0,9,-62.067,-59.9978,26:08.4,FastGPS,-62.067,-59.9978,,,8.7,-0.6,,,,15,7,23067,,,,8,4902,,,,10,26095,,,,27,8070,,,,30,12332,,,,13,4812,,,,16,2536,,,,20,3892,,,,15,25210,,,,,,,,,,,,,,,,,,,,,,,,,,,,,,,,,
173716,5-Jul-18,8:57:07,2018-07-05 08:57:07,G,1,5,3079,423,0,7,-62.0654,-60.0254,57:12.5,FastGPS,-62.0654,-60.0254,,,11.8,0.5,,,,15,18,12636,,,,16,28832,,,,8,293,,,,15,6805,,,,27,11119,,,,10,32373,,,,21,23146,,,,,,,,,,,,,,,,,,,,,,,,,,,,,,,,,,,,,,,,,,,
173716,5-Jul-18,11:37:19,2018-07-05 11:37:19,G,3,5,3084,,0,9,-62.1245,-60.1205,37:23.4,FastGPS,-62.1245,-60.1205,,,7.3,-0.6,,,,15,22,10137,,,,11,12295,,,,32,21043,,,,1,26472,,,,18,2370,,,,8,2503,,,,3,2828,,,,14,29707,,,,28,31259,,,,,,,,,,,,,,,,,,,,,,,,,,,,,,,,,
173716,5-Jul-18,17:31:03,2018-07-05 17:31:03,G,2,5,3095,,0,9,-62.1642,-59.9495,31:08.0,FastGPS,-62.1642,-59.9495,,,11.4,0,,,,15,7,6750,,,,23,17038,,,,2,6002,,,,5,19702,,,,16,5358,,,,9,12797,,,,30,16107,,,,26,16264,,,,29,17714,,,,,,,,,,,,,,,,,,,,,,,,,,,,,,,,,
173716,5-Jul-18,20:16:01,2018-07-05 20:16:01,G,1,5,3100,424,0,5,-62.0331,-59.971,16:06.5,FastGPS,-62.0331,-59.971,,,1.5,0.5,,,,15,30,10926,,,,7,17850,,,,8,22424,,,,28,8323,,,,27,2010,,,,,,,,,,,,,,,,,,,,,,,,,,,,,,,,,,,,,,,,,,,,,,,,,,,,,
173716,5-Jul-18,22:32:13,2018-07-05 22:32:13,G,1,5,3104,,0,9,-62.0274,-59.9676,32:18.4,FastGPS,-62.0274,-59.9676,,,8.2,0.4,,,,15,15,4621,,,,12,27784,,,,10,10408,,,,24,12519,,,,20,554,,,,18,7068,,,,19,14388,,,,13,26486,,,,11,10969,,,,,,,,,,,,,,,,,,,,,,,,,,,,,,,,,
173716,6-Jul-18,0:37:03,2018-07-06 00:37:03,G,1,5,3107,427,0,7,-62.013,-59.9108,37:08.4,FastGPS,-62.013,-59.9108,,,6.8,0.4,,,,15,17,5982,,,,12,20679,,,,6,28890,,,,24,23990,,,,19,2834,,,,25,28975,,,,32,17865,,,,,,,,,,,,,,,,,,,,,,,,,,,,,,,,,,,,,,,,,,,
173716,6-Jul-18,5:10:01,2018-07-06 05:10:01,G,1,5,3113,433,0,8,-61.9944,-59.8324,10:06.0,FastGPS,-61.9944,-59.8324,,,7.4,0,,,,15,2,6802,,,,5,19926,,,,25,6546,,,,21,8456,,,,16,11254,,,,4,12799,,,,31,6220,,,,26,31675,,,,,,,,,,,,,,,,,,,,,,,,,,,,,,,,,,,,,,
173716,6-Jul-18,6:42:54,2018-07-06 06:42:54,G,1,5,3116,,0,9,-61.9826,-59.8615,42:59.0,FastGPS,-61.9826,-59.8615,,1,22.9,-0.1,,,,15,4,9265,,,,26,10048,,,,29,3238,,,,5,13492,,,,7,8635,,,,15,2519,,,,20,22108,,,,16,28385,,,,21,11072,,,,,,,,,,,,,,,,,,,,,,,,,,,,,,,,,
173716,6-Jul-18,7:13:52,2018-07-06 07:13:52,G,2,5,3117,,0,9,-61.9887,-59.8381,13:57.4,FastGPS,-61.9887,-59.8381,,,5.1,0.4,,,,15,7,25369,,,,10,30803,,,,26,1250,,,,27,2870,,,,4,15892,,,,16,11138,,,,5,11966,,,,29,22782,,,,20,30866,,,,,,,,,,,,,,,,,,,,,,,,,,,,,,,,,
173716,6-Jul-18,7:44:31,2018-07-06 07:44:31,G,1,5,3118,433,0,5,-61.9835,-59.8015,44:36.0,FastGPS,-61.9835,-59.8015,,,4.7,0,,,,15,21,26152,,,,15,6169,,,,20,12060,,,,10,6069,,,,27,27334,,,,,,,,,,,,,,,,,,,,,,,,,,,,,,,,,,,,,,,,,,,,,,,,,,,,,
173716,6-Jul-18,8:14:00,2018-07-06 08:14:00,G,2,5,3119,,0,9,-61.9823,-59.7944,14:05.5,FastGPS,-61.9823,-59.7944,,,5.5,0.5,,,,15,30,7714,,,,27,22894,,,,7,3646,,,,8,31156,,,,15,14131,,,,13,8736,,,,20,24516,,,,10,25430,,,,16,24858,,,,,,,,,,,,,,,,,,,,,,,,,,,,,,,,,
173716,6-Jul-18,8:46:00,2018-07-06 08:46:00,G,1,5,3120,433,0,5,-61.9837,-59.7973,46:05.5,FastGPS,-61.9837,-59.7973,,,7.8,0.5,,,,15,27,2920,,,,8,2566,,,,21,12237,,,,20,18850,,,,10,8955,,,,,,,,,,,,,,,,,,,,,,,,,,,,,,,,,,,,,,,,,,,,,,,,,,,,,
173716,6-Jul-18,17:46:26,2018-07-06 17:46:26,G,1,5,3136,435,0,6,-62.0198,-59.8532,46:31.5,FastGPS,-62.0198,-59.8532,,,0.9,0.5,,,,15,23,22254,,,,30,23924,,,,5,7448,,,,7,9886,,,,16,5606,,,,9,31904,,,,,,,,,,,,,,,,,,,,,,,,,,,,,,,,,,,,,,,,,,,,,,,,
173716,6-Jul-18,21:26:24,2018-07-06 21:26:24,G,2,5,3143,435,0,4,-61.914,-59.442,7/7/2018 15:08,A,-61.9616,-59.5778,,,0.4,-0.1,,,,15,28,6,,,,13,22681,,,,20,4463,,,,15,22264,,,,,,,,,,,,,,,,,,,,,,,,,,,,,,,,,,,,,,,,,,,,,,,,,,,,,,,,,,
173716,7-Jul-18,0:01:04,2018-07-07 00:01:04,G,1,5,3148,435,0,7,-61.9329,-59.5279,01:09.5,FastGPS,-61.9329,-59.5279,,,9.7,0.5,,,,15,12,13945,,,,24,28879,,,,6,18907,,,,32,2492,,,,17,7688,,,,19,24506,,,,28,6102,,,,,,,,,,,,,,,,,,,,,,,,,,,,,,,,,,,,,,,,,,,
173716,7-Jul-18,0:31:38,2018-07-07 00:31:38,G,2,5,3149,435,0,4,-61.902,-59.524,7/8/2018 0:31,K,-61.931,-59.5144,,,0.6,0,,,,15,32,8099,,,,12,10947,,,,24,19902,,,,25,15288,,,,,,,,,,,,,,,,,,,,,,,,,,,,,,,,,,,,,,,,,,,,,,,,,,,,,,,,,,
173716,7-Jul-18,1:31:12,2018-07-07 01:31:12,G,1,5,3151,435,0,8,-61.9308,-59.5214,31:17.5,FastGPS,-61.9308,-59.5214,,,9.6,0.5,,,,15,29,9558,,,,32,4248,,,,31,15217,,,,24,9676,,,,14,9529,,,,12,708,,,,25,261,,,,17,2304,,,,,,,,,,,,,,,,,,,,,,,,,,,,,,,,,,,,,,
173716,7-Jul-18,3:37:23,2018-07-07 03:37:23,G,1,5,3155,435,0,8,-61.9222,-59.5145,37:28.5,FastGPS,-61.9222,-59.5145,,1,9.8,0.5,,,,15,31,32143,,,,26,18974,,,,4,1557,,,,29,14695,,,,23,9398,,,,2,27398,,,,25,21742,,,,6,28978,,,,,,,,,,,,,,,,,,,,,,,,,,,,,,,,,,,,,,
173716,7-Jul-18,4:39:02,2018-07-07 04:39:02,G,1,5,3157,435,0,8,-61.921,-59.508,39:07.0,FastGPS,-61.921,-59.508,,1,12.2,0,,,,15,2,2684,,,,21,32731,,,,5,27149,,,,31,30627,,,,29,31390,,,,25,16496,,,,16,20406,,,,4,30087,,,,,,,,,,,,,,,,,,,,,,,,,,,,,,,,,,,,,,
173716,7-Jul-18,7:13:13,2018-07-07 07:13:13,G,1,5,3161,,0,9,-61.9176,-59.4766,13:18.0,FastGPS,-61.9176,-59.4766,,,12.4,0,,,,15,4,12943,,,,27,24138,,,,7,1993,,,,10,26588,,,,26,32056,,,,16,17324,,,,29,20399,,,,20,21230,,,,30,31640,,,,,,,,,,,,,,,,,,,,,,,,,,,,,,,,,
173716,7-Jul-18,8:46:51,2018-07-07 08:46:51,G,1,5,3163,439,0,7,-61.9235,-59.5113,46:56.0,FastGPS,-61.9235,-59.5113,,,10.6,0,,,,15,16,26389,,,,8,13942,,,,27,9,,,,10,17884,,,,15,31569,,,,30,16992,,,,21,23590,,,,,,,,,,,,,,,,,,,,,,,,,,,,,,,,,,,,,,,,,,,
173716,7-Jul-18,11:06:10,2018-07-07 11:06:10,G,1,5,3167,440,0,8,-61.894,-59.4624,06:14.5,FastGPS,-61.894,-59.4624,,,8.3,-0.5,,,,15,11,8874,,,,18,1148,,,,1,5833,,,,14,8306,,,,8,11109,,,,27,6187,,,,22,26574,,,,10,4123,,,,,,,,,,,,,,,,,,,,,,,,,,,,,,,,,,,,,,
173716,7-Jul-18,11:36:00,2018-07-07 11:36:00,G,2,5,3168,,0,9,-61.8862,-59.4667,36:04.0,FastGPS,-61.8862,-59.4667,,,11.7,-1,,,,15,3,2634,,,,32,24535,,,,14,20898,,,,1,11806,,,,11,16415,,,,22,4596,,,,10,10601,,,,17,16988,,,,18,7264,,,,,,,,,,,,,,,,,,,,,,,,,,,,,,,,,
173716,7-Jul-18,12:37:58,2018-07-07 12:37:58,G,2,5,3170,,0,9,-61.91,-59.4616,38:02.4,FastGPS,-61.91,-59.4616,,,10.3,-0.6,,,,15,17,3772,,,,23,18488,,,,18,13723,,,,14,13908,,,,11,27317,,,,12,23544,,,,19,6509,,,,3,5602,,,,1,22394,,,,,,,,,,,,,,,,,,,,,,,,,,,,,,,,,
173716,7-Jul-18,23:54:23,2018-07-07 23:54:23,G,1,5,3191,441,0,8,-61.8827,-59.4968,54:28.0,FastGPS,-61.8827,-59.4968,,,10.8,0,,,,15,12,23987,,,,15,17908,,,,17,30228,,,,6,26104,,,,32,12878,,,,1,7206,,,,24,13976,,,,19,8345,,,,,,,,,,,,,,,,,,,,,,,,,,,,,,,,,,,,,,
173716,8-Jul-18,0:25:31,2018-07-08 00:25:31,G,1,5,3192,441,0,8,-61.898,-59.5334,25:36.4,FastGPS,-61.898,-59.5334,,,9.9,0.4,,,,15,17,19458,,,,32,13700,,,,25,15214,,,,24,31065,,,,22,6580,,,,14,5852,,,,3,25234,,,,19,9089,,,,,,,,,,,,,,,,,,,,,,,,,,,,,,,,,,,,,,
173716,8-Jul-18,5:03:17,2018-07-08 05:03:17,G,1,5,3201,441,0,8,-61.9105,-59.6108,03:22.0,FastGPS,-61.9105,-59.6108,,,8.8,0,,,,15,31,8453,,,,5,29379,,,,21,23845,,,,26,9168,,,,4,21963,,,,16,24144,,,,29,16044,,,,9,2804,,,,,,,,,,,,,,,,,,,,,,,,,,,,,,,,,,,,,,
173716,8-Jul-18,6:03:14,2018-07-08 06:03:14,G,1,5,3203,441,0,7,-61.8999,-59.6465,03:19.4,FastGPS,-61.8999,-59.6465,,1,5.6,0.4,,,,15,16,5402,,,,20,1404,,,,5,2650,,,,21,7061,,,,4,12698,,,,26,21954,,,,27,4197,,,,,,,,,,,,,,,,,,,,,,,,,,,,,,,,,,,,,,,,,,,
173716,8-Jul-18,7:08:03,2018-07-08 07:08:03,G,1,5,3205,441,0,8,-61.9274,-59.5841,08:08.5,FastGPS,-61.9274,-59.5841,,,5.5,0.5,,,,15,10,27877,,,,7,8949,,,,26,10019,,,,27,27302,,,,4,24018,,,,16,25376,,,,5,20189,,,,29,31170,,,,,,,,,,,,,,,,,,,,,,,,,,,,,,,,,,,,,,
173716,8-Jul-18,7:39:53,2018-07-08 07:39:53,G,1,5,3206,,0,9,-61.9492,-59.5809,39:58.0,FastGPS,-61.9492,-59.5809,,,9,0,,,,15,16,18602,,,,4,2810,,,,10,533,,,,26,31732,,,,8,29382,,,,27,14231,,,,20,31426,,,,13,4494,,,,15,25337,,,,,,,,,,,,,,,,,,,,,,,,,,,,,,,,,
173716,8-Jul-18,8:25:14,2018-07-08 08:25:14,G,1,5,3207,,0,9,-61.9596,-59.5506,25:18.5,FastGPS,-61.9596,-59.5506,,,8.7,-0.5,,,,15,18,1266,,,,8,13884,,,,15,30099,,,,21,18444,,,,7,19350,,,,30,1232,,,,13,17864,,,,16,23955,,,,27,18620,,,,,,,,,,,,,,,,,,,,,,,,,,,,,,,,,
173716,8-Jul-18,9:25:01,2018-07-08 09:25:01,G,1,5,3209,442,0,8,-61.9606,-59.5369,25:05.5,FastGPS,-61.9606,-59.5369,,,6.9,-0.5,,,,15,15,23633,,,,32,21217,,,,27,14364,,,,20,14735,,,,11,3113,,,,10,30176,,,,18,1957,,,,8,30666,,,,,,,,,,,,,,,,,,,,,,,,,,,,,,,,,,,,,,
173716,8-Jul-18,10:29:43,2018-07-08 10:29:43,G,1,5,3211,,0,9,-61.964,-59.5345,29:47.5,FastGPS,-61.964,-59.5345,,,8.6,-0.5,,,,15,18,10264,,,,11,16199,,,,32,5665,,,,10,6186,,,,27,22556,,,,22,5997,,,,14,1557,,,,8,11574,,,,1,18177,,,,,,,,,,,,,,,,,,,,,,,,,,,,,,,,,
173716,8-Jul-18,15:39:25,2018-07-08 15:39:25,G,1,5,3221,,0,9,-62.0998,-59.4593,39:30.5,FastGPS,-62.0998,-59.4593,,,12,0.5,,,,15,6,4505,,,,7,9790,,,,9,8733,,,,2,4920,,,,23,9747,,,,26,21700,,,,22,17782,,,,3,7804,,,,31,1692,,,,,,,,,,,,,,,,,,,,,,,,,,,,,,,,,
173716,8-Jul-18,16:09:28,2018-07-08 16:09:28,G,1,5,3222,442,0,8,-62.1182,-59.463,09:33.5,FastGPS,-62.1182,-59.463,,,9.6,0.5,,,,15,2,23144,,,,6,21594,,,,7,10505,,,,9,8506,,,,3,22451,,,,29,9190,,,,23,5546,,,,16,17503,,,,,,,,,,,,,,,,,,,,,,,,,,,,,,,,,,,,,,
173716,8-Jul-18,18:49:13,2018-07-08 18:49:13,G,1,5,3227,442,0,6,-62.2015,-59.6629,49:18.5,FastGPS,-62.2015,-59.6629,,,11.1,0.5,,,,15,5,19690,,,,13,23750,,,,7,28438,,,,30,5402,,,,28,10630,,,,9,746,,,,,,,,,,,,,,,,,,,,,,,,,,,,,,,,,,,,,,,,,,,,,,,,
173716,8-Jul-18,20:24:00,2018-07-08 20:24:00,G,2,5,3230,442,0,7,-62.2395,-59.7174,24:05.0,FastGPS,-62.2395,-59.7174,,,7.2,0,,,,15,15,24475,,,,5,19232,,,,13,6826,,,,28,27956,,,,30,30682,,,,8,9019,,,,20,16220,,,,,,,,,,,,,,,,,,,,,,,,,,,,,,,,,,,,,,,,,,,
173716,8-Jul-18,20:54:16,2018-07-08 20:54:16,G,1,5,3231,442,0,6,-62.25,-59.7612,54:21.0,FastGPS,-62.25,-59.7612,,,5.7,0,,,,15,7,24297,,,,30,14851,,,,28,16538,,,,15,24606,,,,17,2306,,,,13,26853,,,,,,,,,,,,,,,,,,,,,,,,,,,,,,,,,,,,,,,,,,,,,,,,
173716,9-Jul-18,0:26:00,2018-07-09 00:26:00,G,2,5,3237,444,0,4,-62.265,-60.152,7/9/2018 8:21,K,-62.2798,-59.9821,,,0.3,0,,,,15,12,189,,,,24,29692,,,,17,11251,,,,19,11023,,,,,,,,,,,,,,,,,,,,,,,,,,,,,,,,,,,,,,,,,,,,,,,,,,,,,,,,,,
173716,9-Jul-18,1:28:01,2018-07-09 01:28:01,G,1,5,3238,,0,9,-62.2837,-59.9642,28:05.5,FastGPS,-62.2837,-59.9642,,,13.1,-0.5,,,,15,2,3330,,,,6,9223,,,,12,1906,,,,29,2068,,,,19,10860,,,,24,21571,,,,25,20585,,,,31,12756,,,,32,32258,,,,,,,,,,,,,,,,,,,,,,,,,,,,,,,,,
173716,9-Jul-18,4:34:30,2018-07-09 04:34:30,G,1,5,3244,446,0,7,-62.2298,-60.0746,34:34.4,FastGPS,-62.2298,-60.0746,,1,2.3,-0.6,,,,15,5,30203,,,,4,7618,,,,25,31398,,,,29,29154,,,,26,6468,,,,31,20776,,,,16,9216,,,,,,,,,,,,,,,,,,,,,,,,,,,,,,,,,,,,,,,,,,,
173716,9-Jul-18,5:04:02,2018-07-09 05:04:02,G,1,5,3245,446,0,6,-62.2226,-60.1017,04:06.5,FastGPS,-62.2226,-60.1017,,,3.9,-0.5,,,,15,25,27769,,,,21,24509,,,,29,18688,,,,26,31955,,,,31,1024,,,,16,26883,,,,,,,,,,,,,,,,,,,,,,,,,,,,,,,,,,,,,,,,,,,,,,,,
173716,9-Jul-18,5:50:02,2018-07-09 05:50:02,G,1,5,3246,447,0,7,-62.2222,-60.1398,50:06.5,FastGPS,-62.2222,-60.1398,,1,8.5,-0.5,,,,15,26,29128,,,,4,26472,,,,20,19257,,,,21,12481,,,,29,7116,,,,16,19360,,,,5,24406,,,,,,,,,,,,,,,,,,,,,,,,,,,,,,,,,,,,,,,,,,,
173716,9-Jul-18,6:20:02,2018-07-09 06:20:02,G,1,5,3247,,0,9,-62.2277,-60.1596,20:07.0,FastGPS,-62.2277,-60.1596,,1,6.9,0,,,,15,5,3815,,,,16,5291,,,,29,27876,,,,27,31081,,,,26,18455,,,,4,24302,,,,21,13874,,,,20,24120,,,,13,26155,,,,,,,,,,,,,,,,,,,,,,,,,,,,,,,,,
173716,9-Jul-18,7:37:12,2018-07-09 07:37:12,G,2,5,3249,,0,9,-62.2471,-60.1434,37:16.0,FastGPS,-62.2471,-60.1434,,,8.6,-1,,,,15,10,22363,,,,4,12113,,,,7,24658,,,,27,5543,,,,26,9360,,,,16,444,,,,20,17474,,,,8,25993,,,,21,11162,,,,,,,,,,,,,,,,,,,,,,,,,,,,,,,,,
173716,9-Jul-18,8:37:01,2018-07-09 08:37:01,G,1,5,3251,,0,9,-62.2817,-60.149,37:05.5,FastGPS,-62.2817,-60.149,,,5.6,-0.5,,,,15,8,3240,,,,15,23114,,,,18,9331,,,,27,23024,,,,10,2387,,,,11,10115,,,,30,15869,,,,16,21946,,,,20,3642,,,,,,,,,,,,,,,,,,,,,,,,,,,,,,,,,
173716,9-Jul-18,9:07:03,2018-07-09 09:07:03,G,1,5,3252,448,0,5,-62.2889,-60.1544,07:08.5,FastGPS,-62.2889,-60.1544,,,1.9,0.5,,,,15,27,27884,,,,10,11690,,,,8,4204,,,,32,2725,,,,20,30400,,,,,,,,,,,,,,,,,,,,,,,,,,,,,,,,,,,,,,,,,,,,,,,,,,,,,
173716,9-Jul-18,11:04:58,2018-07-09 11:04:58,G,1,5,3255,,0,9,-62.3093,-60.1968,05:03.5,FastGPS,-62.3093,-60.1968,,,9.2,0.5,,,,15,22,29355,,,,28,1742,,,,1,3188,,,,32,5047,,,,3,11965,,,,14,669,,,,18,13629,,,,8,19710,,,,24,18617,,,,,,,,,,,,,,,,,,,,,,,,,,,,,,,,,
173716,9-Jul-18,11:35:00,2018-07-09 11:35:00,G,1,5,3256,,0,9,-62.3201,-60.2316,35:04.0,FastGPS,-62.3201,-60.2316,,,13.5,-1,,,,15,3,23674,,,,1,15771,,,,17,6167,,,,8,27316,,,,18,24432,,,,14,19091,,,,31,16234,,,,22,17487,,,,11,2630,,,,,,,,,,,,,,,,,,,,,,,,,,,,,,,,,
173716,9-Jul-18,12:07:42,2018-07-09 12:07:42,G,1,5,3257,,0,9,-62.3336,-60.2675,07:46.0,FastGPS,-62.3336,-60.2675,,,10.1,-1,,,,15,1,27526,,,,11,8670,,,,32,19302,,,,22,17928,,,,3,390,,,,31,7080,,,,17,11790,,,,18,28315,,,,10,26478,,,,,,,,,,,,,,,,,,,,,,,,,,,,,,,,,
173716,9-Jul-18,13:41:00,2018-07-09 13:41:00,G,1,5,3260,,0,9,-62.3319,-60.2819,41:04.0,FastGPS,-62.3319,-60.2819,,,2.5,-1,,,,15,23,23566,,,,3,31556,,,,31,18338,,,,14,5188,,,,17,16927,,,,11,2436,,,,1,12603,,,,22,19457,,,,18,3586,,,,,,,,,,,,,,,,,,,,,,,,,,,,,,,,,
173716,9-Jul-18,15:13:47,2018-07-09 15:13:47,G,1,5,3263,449,0,5,-62.3337,-60.3121,13:51.0,FastGPS,-62.3337,-60.3121,,,1.4,-1,,,,15,2,4728,,,,23,6653,,,,3,3841,,,,6,10226,,,,22,5080,,,,,,,,,,,,,,,,,,,,,,,,,,,,,,,,,,,,,,,,,,,,,,,,,,,,,
173716,9-Jul-18,16:17:00,2018-07-09 16:17:00,G,1,5,3265,,0,9,-62.3302,-60.3219,17:04.0,FastGPS,-62.3302,-60.3219,,1,6.1,-1,,,,15,23,13858,,,,6,29569,,,,7,6576,,,,5,31854,,,,2,2878,,,,9,26933,,,,16,14762,,,,4,2433,,,,26,22528,,,,,,,,,,,,,,,,,,,,,,,,,,,,,,,,,
173716,9-Jul-18,16:49:20,2018-07-09 16:49:20,G,1,5,3266,,0,9,-62.3272,-60.3203,49:24.0,FastGPS,-62.3272,-60.3203,,,9.3,-1,,,,15,5,11443,,,,9,29767,,,,7,13083,,,,23,9423,,,,29,20473,,,,4,1642,,,,16,28446,,,,6,9014,,,,26,10638,,,,,,,,,,,,,,,,,,,,,,,,,,,,,,,,,
173716,9-Jul-18,17:19:25,2018-07-09 17:19:25,G,2,5,3267,449,0,6,-62.3167,-60.3283,19:29.5,FastGPS,-62.3167,-60.3283,,,2,-0.5,,,,15,7,30208,,,,9,14664,,,,30,14619,,,,5,16743,,,,23,7886,,,,2,4483,,,,,,,,,,,,,,,,,,,,,,,,,,,,,,,,,,,,,,,,,,,,,,,,
173716,9-Jul-18,17:51:30,2018-07-09 17:51:30,G,2,5,3268,449,0,7,-62.3176,-60.3229,51:34.0,FastGPS,-62.3176,-60.3229,,,4.8,-1,,,,15,16,24775,,,,5,11075,,,,9,4862,,,,2,11603,,,,23,26676,,,,30,9947,,,,7,21322,,,,,,,,,,,,,,,,,,,,,,,,,,,,,,,,,,,,,,,,,,,
173716,9-Jul-18,18:21:09,2018-07-09 18:21:09,G,1,5,3269,449,0,8,-62.3176,-60.3309,21:13.5,FastGPS,-62.3176,-60.3309,,,19.1,-0.5,,,,15,7,7100,,,,5,3730,,,,9,15324,,,,30,11530,,,,21,12259,,,,16,13328,,,,13,12314,,,,27,19714,,,,,,,,,,,,,,,,,,,,,,,,,,,,,,,,,,,,,,
173716,9-Jul-18,19:24:43,2018-07-09 19:24:43,G,1,5,3271,449,0,8,-62.3137,-60.3521,24:47.5,FastGPS,-62.3137,-60.3521,,,12.5,-0.5,,,,15,15,29987,,,,5,5177,,,,28,17704,,,,13,12326,,,,8,12148,,,,27,20258,,,,21,12989,,,,30,1542,,,,,,,,,,,,,,,,,,,,,,,,,,,,,,,,,,,,,,
173716,9-Jul-18,21:28:04,2018-07-09 21:28:04,G,1,5,3275,449,0,8,-62.3317,-60.4144,28:08.5,FastGPS,-62.3317,-60.4144,,,16.2,-0.5,,,,15,15,21619,,,,17,16516,,,,13,9473,,,,11,29751,,,,24,4650,,,,18,7748,,,,20,27585,,,,10,26042,,,,,,,,,,,,,,,,,,,,,,,,,,,,,,,,,,,,,,
173716,9-Jul-18,23:46:03,2018-07-09 23:46:03,G,1,5,3279,450,0,6,-62.3423,-60.444,46:07.5,FastGPS,-62.3423,-60.444,,,9.8,-0.5,,,,15,17,5959,,,,12,4474,,,,24,24902,,,,19,15362,,,,1,21552,,,,32,30462,,,,,,,,,,,,,,,,,,,,,,,,,,,,,,,,,,,,,,,,,,,,,,,,
173716,10-Jul-18,0:31:00,2018-07-10 00:31:00,G,1,5,3280,451,0,5,-62.3423,-60.4265,31:05.0,FastGPS,-62.3423,-60.4265,,,9.3,0,,,,15,17,24940,,,,19,14283,,,,12,1532,,,,24,28318,,,,6,17533,,,,,,,,,,,,,,,,,,,,,,,,,,,,,,,,,,,,,,,,,,,,,,,,,,,,,
173716,10-Jul-18,1:02:01,2018-07-10 01:02:01,G,2,5,3281,,0,9,-62.3462,-60.4261,02:06.5,FastGPS,-62.3462,-60.4261,,,10.9,0.5,,,,15,24,20480,,,,2,19312,,,,32,22923,,,,25,400,,,,12,15746,,,,14,22486,,,,19,26808,,,,6,2250,,,,17,2222,,,,,,,,,,,,,,,,,,,,,,,,,,,,,,,,,
173716,10-Jul-18,2:47:26,2018-07-10 02:47:26,G,4,5,3283,454,0,5,-62.3531,-60.4022,47:31.5,FastGPS,-62.3531,-60.4022,,,1.3,0.5,,,,15,5,18562,,,,12,14225,,,,29,31584,,,,25,1122,,,,31,17846,,,,,,,,,,,,,,,,,,,,,,,,,,,,,,,,,,,,,,,,,,,,,,,,,,,,,
173716,10-Jul-18,3:18:23,2018-07-10 03:18:23,G,2,5,3284,,0,9,-62.3659,-60.3845,18:28.0,FastGPS,-62.3659,-60.3845,,1,6.8,0,,,,15,12,18124,,,,23,16442,,,,25,2162,,,,4,19848,,,,6,32,,,,2,13514,,,,29,7100,,,,31,8649,,,,5,293,,,,,,,,,,,,,,,,,,,,,,,,,,,,,,,,,
173716,10-Jul-18,4:19:03,2018-07-10 04:19:03,G,1,5,3285,456,0,8,-62.3401,-60.3117,19:08.0,FastGPS,-62.3401,-60.3117,,1,10.5,0,,,,15,25,8480,,,,31,24086,,,,29,1688,,,,5,12140,,,,4,17744,,,,2,6539,,,,16,26891,,,,26,7445,,,,,,,,,,,,,,,,,,,,,,,,,,,,,,,,,,,,,,
173716,10-Jul-18,4:50:11,2018-07-10 04:50:11,G,1,5,3286,,0,9,-62.3495,-60.3259,50:16.0,FastGPS,-62.3495,-60.3259,,,11.3,0,,,,15,25,11164,,,,16,29095,,,,9,159,,,,21,17594,,,,4,5048,,,,31,14748,,,,26,22076,,,,29,7611,,,,5,12486,,,,,,,,,,,,,,,,,,,,,,,,,,,,,,,,,
173716,10-Jul-18,5:52:26,2018-07-10 05:52:26,G,1,5,3287,458,0,6,-62.3489,-60.2988,52:31.5,FastGPS,-62.3489,-60.2988,,1,7.9,0.5,,,,15,21,29430,,,,5,8420,,,,4,14109,,,,26,22812,,,,29,16116,,,,7,15380,,,,,,,,,,,,,,,,,,,,,,,,,,,,,,,,,,,,,,,,,,,,,,,,
173716,10-Jul-18,6:37:01,2018-07-10 06:37:01,G,2,5,3288,459,0,5,-62.327,-60.415,7/11/2018 4:12,K,-62.3485,-60.288,,1,1.1,0.1,,,,15,27,3286,,,,26,11907,,,,16,31943,,,,7,27406,,,,4,3525,,,,,,,,,,,,,,,,,,,,,,,,,,,,,,,,,,,,,,,,,,,,,,,,,,,,,
173716,10-Jul-18,7:37:03,2018-07-10 07:37:03,G,2,5,3289,461,0,7,-62.341,-60.2527,37:08.0,FastGPS,-62.341,-60.2527,,,9.2,0,,,,15,15,363,,,,21,16682,,,,20,6881,,,,13,5798,,,,16,4483,,,,10,20866,,,,27,30562,,,,,,,,,,,,,,,,,,,,,,,,,,,,,,,,,,,,,,,,,,,
173716,10-Jul-18,8:23:42,2018-07-10 08:23:42,G,1,5,3290,,0,9,-62.3362,-60.2331,23:46.0,FastGPS,-62.3362,-60.2331,,,9.5,-1,,,,15,7,22762,,,,8,27531,,,,20,26409,,,,10,32247,,,,27,8829,,,,30,17981,,,,15,14730,,,,21,8299,,,,18,21298,,,,,,,,,,,,,,,,,,,,,,,,,,,,,,,,,
173716,10-Jul-18,8:54:08,2018-07-10 08:54:08,G,1,5,3291,,0,9,-62.3329,-60.2355,54:12.0,FastGPS,-62.3329,-60.2355,,,23.3,-1,,,,15,32,22350,,,,27,6552,,,,8,20954,,,,15,28136,,,,18,388,,,,21,18602,,,,10,2344,,,,11,1662,,,,20,11324,,,,,,,,,,,,,,,,,,,,,,,,,,,,,,,,,
173716,10-Jul-18,9:24:26,2018-07-10 09:24:26,G,1,5,3292,462,0,8,-62.3295,-60.2484,24:30.5,FastGPS,-62.3295,-60.2484,,,4.7,-0.5,,,,15,18,17716,,,,11,20534,,,,27,9780,,,,32,1668,,,,10,10202,,,,8,20618,,,,1,13458,,,,15,20572,,,,,,,,,,,,,,,,,,,,,,,,,,,,,,,,,,,,,,
173716,10-Jul-18,10:25:02,2018-07-10 10:25:02,G,1,5,3294,,0,9,-62.347,-60.2634,25:07.5,FastGPS,-62.347,-60.2634,,,6.5,0.5,,,,15,18,11980,,,,22,15310,,,,27,27804,,,,8,26072,,,,32,1968,,,,11,19329,,,,1,28143,,,,10,18868,,,,14,5145,,,,,,,,,,,,,,,,,,,,,,,,,,,,,,,,,
173716,10-Jul-18,10:55:50,2018-07-10 10:55:50,G,2,5,3295,,0,9,-62.351,-60.2855,55:54.5,FastGPS,-62.351,-60.2855,,,9.2,-0.5,,,,15,28,235,,,,22,25514,,,,1,5979,,,,18,26967,,,,8,23757,,,,11,3501,,,,14,726,,,,32,18913,,,,24,8342,,,,,,,,,,,,,,,,,,,,,,,,,,,,,,,,,
173716,10-Jul-18,11:28:53,2018-07-10 11:28:53,G,1,5,3296,,0,9,-62.3602,-60.3054,28:58.5,FastGPS,-62.3602,-60.3054,,,5.1,0.5,,,,15,8,20057,,,,1,29019,,,,22,27342,,,,17,16468,,,,3,31771,,,,11,20228,,,,18,9250,,,,14,31804,,,,32,22210,,,,,,,,,,,,,,,,,,,,,,,,,,,,,,,,,
173716,10-Jul-18,11:59:22,2018-07-10 11:59:22,G,2,5,3297,462,0,7,-62.3759,-60.3203,59:27.5,FastGPS,-62.3759,-60.3203,,,12.8,0.5,,,,15,1,17504,,,,17,27822,,,,22,185,,,,11,7321,,,,3,9236,,,,18,27202,,,,31,12982,,,,,,,,,,,,,,,,,,,,,,,,,,,,,,,,,,,,,,,,,,,
173716,10-Jul-18,13:00:00,2018-07-10 13:00:00,G,2,5,3299,,0,9,-62.3899,-60.3654,00:05.0,FastGPS,-62.3899,-60.3654,,,9.6,0,,,,15,17,26385,,,,31,23342,,,,1,22928,,,,3,17047,,,,32,9057,,,,11,7660,,,,22,24647,,,,18,19096,,,,19,14923,,,,,,,,,,,,,,,,,,,,,,,,,,,,,,,,,
173716,10-Jul-18,14:00:00,2018-07-10 14:00:00,G,1,5,3301,,0,9,-62.3843,-60.4312,00:05.0,FastGPS,-62.3843,-60.4312,,1,6.7,0,,,,15,23,20152,,,,31,29703,,,,3,9055,,,,22,8738,,,,1,28730,,,,6,22054,,,,9,24815,,,,17,15490,,,,4,13330,,,,,,,,,,,,,,,,,,,,,,,,,,,,,,,,,
173716,10-Jul-18,17:09:07,2018-07-10 17:09:07,G,1,5,3307,462,0,6,-62.3694,-60.434,09:12.5,FastGPS,-62.3694,-60.434,,,7.8,0.5,,,,15,7,4155,,,,16,7470,,,,23,24620,,,,30,10343,,,,2,15819,,,,6,14740,,,,,,,,,,,,,,,,,,,,,,,,,,,,,,,,,,,,,,,,,,,,,,,,
173716,10-Jul-18,17:54:01,2018-07-10 17:54:01,G,1,5,3308,463,0,4,-62.31,-60.273,7/11/2018 10:24,A,-62.3621,-60.4642,,,1.3,0,,,,15,27,21127,,,,16,18383,,,,23,5401,,,,30,9849,,,,,,,,,,,,,,,,,,,,,,,,,,,,,,,,,,,,,,,,,,,,,,,,,,,,,,,,,,
173716,10-Jul-18,18:55:02,2018-07-10 18:55:02,G,1,5,3310,463,0,8,-62.3354,-60.4676,55:07.5,FastGPS,-62.3354,-60.4676,,,12.8,0.5,,,,15,7,13612,,,,27,839,,,,8,25716,,,,21,17018,,,,30,2894,,,,16,18438,,,,5,26133,,,,28,31078,,,,,,,,,,,,,,,,,,,,,,,,,,,,,,,,,,,,,,
173716,10-Jul-18,19:25:00,2018-07-10 19:25:00,G,2,5,3311,463,0,7,-62.3176,-60.446,25:05.0,FastGPS,-62.3176,-60.446,,,7.9,0,,,,15,7,20744,,,,8,20024,,,,28,5716,,,,9,29121,,,,5,28622,,,,30,843,,,,27,16804,,,,,,,,,,,,,,,,,,,,,,,,,,,,,,,,,,,,,,,,,,,
173716,10-Jul-18,19:55:05,2018-07-10 19:55:05,G,2,5,3312,463,0,7,-62.3334,-60.4753,55:10.0,FastGPS,-62.3334,-60.4753,,,17.9,0,,,,15,5,13755,,,,15,24784,,,,28,7928,,,,13,18126,,,,27,9640,,,,8,25688,,,,30,14667,,,,,,,,,,,,,,,,,,,,,,,,,,,,,,,,,,,,,,,,,,,
173716,10-Jul-18,22:58:10,2018-07-10 22:58:10,G,1,5,3318,463,0,8,-62.3293,-60.444,58:15.5,FastGPS,-62.3293,-60.444,,,13.8,0.5,,,,15,19,2064,,,,15,26298,,,,17,25761,,,,24,7846,,,,13,17689,,,,12,2536,,,,32,3488,,,,10,32198,,,,,,,,,,,,,,,,,,,,,,,,,,,,,,,,,,,,,,
173716,10-Jul-18,23:43:04,2018-07-10 23:43:04,G,1,5,3319,464,0,4,-62.31,-60.273,7/11/2018 10:24,A,-61.1725,-68.7484,,,1.7,-0.6,,,,15,6,15656,,,,12,23243,,,,17,18345,,,,15,5676,,,,,,,,,,,,,,,,,,,,,,,,,,,,,,,,,,,,,,,,,,,,,,,,,,,,,,,,,,
173716,11-Jul-18,0:13:03,2018-07-11 00:13:03,G,1,5,3320,,0,9,-62.3218,-60.4982,13:08.0,FastGPS,-62.3218,-60.4982,,,9.3,0,,,,15,19,25506,,,,17,3677,,,,32,6230,,,,25,5817,,,,22,28432,,,,12,3192,,,,6,618,,,,1,10642,,,,24,15804,,,,,,,,,,,,,,,,,,,,,,,,,,,,,,,,,
173716,11-Jul-18,0:45:51,2018-07-11 00:45:51,G,1,5,3321,,0,9,-62.3236,-60.486,45:56.0,FastGPS,-62.3236,-60.486,,,17.2,0,,,,15,32,23256,,,,24,15482,,,,12,29191,,,,25,12311,,,,14,26480,,,,22,10945,,,,2,16114,,,,6,2204,,,,19,13480,,,,,,,,,,,,,,,,,,,,,,,,,,,,,,,,,
173716,11-Jul-18,3:06:14,2018-07-11 03:06:14,G,1,5,3325,465,0,7,-62.3128,-60.487,06:19.0,FastGPS,-62.3128,-60.487,,1,10,0,,,,15,2,4502,,,,12,27624,,,,29,31495,,,,6,11148,,,,25,21875,,,,31,14902,,,,4,30660,,,,,,,,,,,,,,,,,,,,,,,,,,,,,,,,,,,,,,,,,,,
173716,11-Jul-18,3:38:46,2018-07-11 03:38:46,G,2,5,3326,,0,9,-62.3144,-60.4472,38:51.5,FastGPS,-62.3144,-60.4472,,1,2.5,0.5,,,,15,31,5779,,,,5,26289,,,,4,18484,,,,26,14554,,,,2,22388,,,,23,27606,,,,29,23386,,,,12,15214,,,,25,28334,,,,,,,,,,,,,,,,,,,,,,,,,,,,,,,,,
173716,11-Jul-18,4:09:06,2018-07-11 04:09:06,G,3,5,3327,465,0,7,-62.3204,-60.4154,09:10.7,FastGPS,-62.3204,-60.4154,,1,11.7,-0.3,,,,15,31,5533,,,,29,13,,,,4,1484,,,,26,19265,,,,25,27056,,,,5,30811,,,,16,31416,,,,,,,,,,,,,,,,,,,,,,,,,,,,,,,,,,,,,,,,,,,
173716,11-Jul-18,4:39:26,2018-07-11 04:39:26,G,2,5,3328,,0,9,-62.3191,-60.4079,39:31.5,FastGPS,-62.3191,-60.4079,,1,4.7,0.5,,,,15,5,19447,,,,29,27050,,,,2,31968,,,,31,18987,,,,9,16407,,,,21,29303,,,,16,12610,,,,4,7972,,,,25,18318,,,,,,,,,,,,,,,,,,,,,,,,,,,,,,,,,
173716,11-Jul-18,6:26:00,2018-07-11 06:26:00,G,1,5,3330,468,0,8,-62.3136,-60.422,26:05.0,FastGPS,-62.3136,-60.422,,1,6.7,0,,,,15,7,14012,,,,27,4318,,,,16,27056,,,,15,6072,,,,20,28814,,,,29,12164,,,,5,30610,,,,4,23899,,,,,,,,,,,,,,,,,,,,,,,,,,,,,,,,,,,,,,
173716,11-Jul-18,7:41:04,2018-07-11 07:41:04,G,2,5,3331,,0,9,-62.2978,-60.411,41:09.0,FastGPS,-62.2978,-60.411,,,9.1,0,,,,15,16,25420,,,,26,15500,,,,7,30370,,,,10,894,,,,27,27371,,,,8,9900,,,,20,32132,,,,15,23716,,,,21,6780,,,,,,,,,,,,,,,,,,,,,,,,,,,,,,,,,
173716,11-Jul-18,8:11:00,2018-07-11 08:11:00,G,1,5,3332,,0,9,-62.2959,-60.4041,11:05.0,FastGPS,-62.2959,-60.4041,,,8.8,0,,,,15,15,11552,,,,10,5453,,,,27,1463,,,,16,14419,,,,8,28374,,,,21,4918,,,,7,14956,,,,20,22862,,,,30,24992,,,,,,,,,,,,,,,,,,,,,,,,,,,,,,,,,
173716,11-Jul-18,9:11:01,2018-07-11 09:11:01,G,3,5,3334,471,0,7,-62.299,-60.3264,11:06.0,FastGPS,-62.299,-60.3264,,,10.3,0,,,,15,8,27030,,,,11,30138,,,,18,27933,,,,20,11557,,,,15,24643,,,,28,19514,,,,1,14822,,,,,,,,,,,,,,,,,,,,,,,,,,,,,,,,,,,,,,,,,,,
173716,11-Jul-18,9:41:38,2018-07-11 09:41:38,G,1,5,3335,471,0,8,-62.3009,-60.295,41:43.5,FastGPS,-62.3009,-60.295,,,7.8,0.5,,,,15,1,31594,,,,11,15867,,,,28,4780,,,,20,30170,,,,18,11503,,,,15,4242,,,,24,19776,,,,8,2683,,,,,,,,,,,,,,,,,,,,,,,,,,,,,,,,,,,,,,
173716,11-Jul-18,10:11:05,2018-07-11 10:11:05,G,1,5,3336,471,0,7,-62.3047,-60.2673,11:10.5,FastGPS,-62.3047,-60.2673,,,6,0.5,,,,15,28,598,,,,10,24598,,,,32,21716,,,,1,985,,,,18,2304,,,,24,13230,,,,20,29768,,,,,,,,,,,,,,,,,,,,,,,,,,,,,,,,,,,,,,,,,,,
173716,11-Jul-18,11:15:17,2018-07-11 11:15:17,G,2,5,3338,,0,9,-62.3098,-60.2061,15:22.5,FastGPS,-62.3098,-60.2061,,,9.6,0.5,,,,15,32,6615,,,,22,3604,,,,1,19261,,,,17,22011,,,,10,6905,,,,11,31844,,,,3,32184,,,,14,21992,,,,28,10688,,,,,,,,,,,,,,,,,,,,,,,,,,,,,,,,,
173716,11-Jul-18,14:50:07,2018-07-11 14:50:07,G,1,5,3345,,0,9,-62.3827,-60.097,50:12.0,FastGPS,-62.3827,-60.097,,,15.8,0,,,,15,19,26774,,,,9,20362,,,,31,28090,,,,6,4806,,,,2,14808,,,,4,29365,,,,25,28953,,,,23,538,,,,26,19910,,,,,,,,,,,,,,,,,,,,,,,,,,,,,,,,,
173716,11-Jul-18,15:20:12,2018-07-11 15:20:12,G,1,5,3346,471,0,8,-62.4075,-60.0861,20:17.5,FastGPS,-62.4075,-60.0861,,,15.4,0.5,,,,15,9,22441,,,,2,21856,,,,31,27359,,,,6,10823,,,,4,23984,,,,23,10950,,,,29,21535,,,,26,4733,,,,,,,,,,,,,,,,,,,,,,,,,,,,,,,,,,,,,,
173716,11-Jul-18,16:20:10,2018-07-11 16:20:10,G,1,5,3348,471,0,5,-62.4525,-60.0388,20:15.0,FastGPS,-62.4525,-60.0388,,,3.8,0,,,,15,7,14267,,,,23,5971,,,,2,19177,,,,26,5178,,,,9,22930,,,,,,,,,,,,,,,,,,,,,,,,,,,,,,,,,,,,,,,,,,,,,,,,,,,,,
173716,11-Jul-18,17:20:00,2018-07-11 17:20:00,G,1,5,3350,471,1,4,-62.459,-60.091,7/12/2018 4:06,N,-62.4599,-60.0226,,,0.5,0.1,,,,15,5,21261,,,,7,25858,,,,2,14218,,,,9,6664,,,,,,,,,,,,,,,,,,,,,,,,,,,,,,,,,,,,,,,,,,,,,,,,,,,,,,,,,,
173716,11-Jul-18,20:50:00,2018-07-11 20:50:00,G,2,5,3354,477,1,4,-62.459,-60.091,7/12/2018 4:06,N,-62.4595,-60.0234,,,0.6,0,,,,15,15,21804,,,,13,204,,,,20,22120,,,,28,29570,,,,,,,,,,,,,,,,,,,,,,,,,,,,,,,,,,,,,,,,,,,,,,,,,,,,,,,,,,
173716,11-Jul-18,23:50:00,2018-07-11 23:50:00,G,1,5,3356,485,1,8,-62.4598,-60.0227,50:04.0,FastGPS,-62.4598,-60.0227,,,10.4,-1,,,,15,12,23767,,,,17,31424,,,,32,10762,,,,24,4949,,,,25,23493,,,,15,22669,,,,19,5024,,,,6,32405,,,,,,,,,,,,,,,,,,,,,,,,,,,,,,,,,,,,,,
173716,12-Jul-18,2:27:00,2018-07-12 02:27:00,G,1,5,3357,485,0,7,-62.4597,-60.0227,27:05.1,FastGPS,-62.4597,-60.0227,,,8.1,0.1,,,,15,31,24322,,,,25,31845,,,,12,21812,,,,2,24758,,,,6,15136,,,,14,28985,,,,29,22291,,,,,,,,,,,,,,,,,,,,,,,,,,,,,,,,,,,,,,,,,,,
173716,12-Jul-18,11:46:07,2018-07-12 11:46:07,G,1,5,3375,,0,9,-62.5135,-59.8864,46:12.0,FastGPS,-62.5135,-59.8864,,,8.8,0,,,,15,31,10938,,,,11,32309,,,,22,5235,,,,3,6510,,,,1,32354,,,,17,2152,,,,32,21187,,,,10,15618,,,,14,1872,,,,,,,,,,,,,,,,,,,,,,,,,,,,,,,,,
173716,12-Jul-18,13:01:00,2018-07-12 13:01:00,G,1,5,3377,,1,9,-62.51,-59.8869,01:05.1,FastGPS,-62.51,-59.8869,,,15.2,0.1,,,,15,12,500,,,,17,21408,,,,19,3083,,,,32,15956,,,,3,9054,,,,6,6690,,,,14,14156,,,,25,3773,,,,11,15438,,,,,,,,,,,,,,,,,,,,,,,,,,,,,,,,,
173716,12-Jul-18,18:39:01,2018-07-12 18:39:01,G,1,5,3378,488,0,7,-62.5114,-59.8686,39:06.0,FastGPS,-62.5114,-59.8686,,,4.1,0,,,,15,7,14010,,,,5,13745,,,,30,9449,,,,27,15014,,,,13,14820,,,,9,31964,,,,8,21383,,,,,,,,,,,,,,,,,,,,,,,,,,,,,,,,,,,,,,,,,,,
173716,12-Jul-18,19:12:37,2018-07-12 19:12:37,G,1,5,3379,,0,9,-62.5154,-59.8698,12:42.1,FastGPS,-62.5154,-59.8698,,,9.8,0.1,,,,15,5,253,,,,7,568,,,,30,32056,,,,8,13496,,,,28,14376,,,,13,9635,,,,27,21476,,,,21,12282,,,,9,13474,,,,,,,,,,,,,,,,,,,,,,,,,,,,,,,,,
173716,12-Jul-18,20:19:45,2018-07-12 20:19:45,G,1,5,3381,488,0,5,-62.5126,-59.8696,19:50.6,FastGPS,-62.5126,-59.8696,,,1.9,0.6,,,,15,5,4014,,,,7,8514,,,,30,3937,,,,15,5194,,,,13,22785,,,,,,,,,,,,,,,,,,,,,,,,,,,,,,,,,,,,,,,,,,,,,,,,,,,,,
173716,12-Jul-18,22:52:00,2018-07-12 22:52:00,G,1,5,3386,,0,9,-62.4835,-59.9697,52:04.0,FastGPS,-62.4835,-59.9697,,,14.6,-1,,,,15,17,10263,,,,28,4171,,,,19,21932,,,,1,22408,,,,18,749,,,,11,25486,,,,10,8974,,,,15,32224,,,,32,27042,,,,,,,,,,,,,,,,,,,,,,,,,,,,,,,,,
173716,13-Jul-18,1:26:21,2018-07-13 01:26:21,G,4,5,3391,,0,9,-62.4922,-60.0161,26:26.5,FastGPS,-62.4922,-60.0161,,,11.7,0.5,,,,15,6,14891,,,,25,2406,,,,32,1078,,,,19,31345,,,,24,27577,,,,2,29168,,,,14,18670,,,,12,30543,,,,31,19134,,,,,,,,,,,,,,,,,,,,,,,,,,,,,,,,,
173716,13-Jul-18,1:58:16,2018-07-13 01:58:16,G,2,5,3392,488,0,7,-62.4929,-60.0189,58:21.1,FastGPS,-62.4929,-60.0189,,,2.2,0.1,,,,15,12,25530,,,,2,31672,,,,6,19851,,,,29,31030,,,,14,9744,,,,31,23437,,,,25,13453,,,,,,,,,,,,,,,,,,,,,,,,,,,,,,,,,,,,,,,,,,,
173716,13-Jul-18,2:31:17,2018-07-13 02:31:17,G,1,5,3393,488,0,8,-62.4921,-60.0245,31:22.1,FastGPS,-62.4921,-60.0245,,1,11.4,0.1,,,,15,31,6744,,,,12,24162,,,,29,14594,,,,2,23692,,,,4,13109,,,,14,28040,,,,6,16971,,,,25,30725,,,,,,,,,,,,,,,,,,,,,,,,,,,,,,,,,,,,,,
173716,13-Jul-18,3:02:28,2018-07-13 03:02:28,G,1,5,3394,488,0,8,-62.5023,-60.0195,02:33.0,FastGPS,-62.5023,-60.0195,,1,15.4,0,,,,15,29,18861,,,,31,27262,,,,12,20824,,,,4,25413,,,,25,27571,,,,26,6212,,,,2,11145,,,,23,3014,,,,,,,,,,,,,,,,,,,,,,,,,,,,,,,,,,,,,,
173716,13-Jul-18,5:35:53,2018-07-13 05:35:53,G,1,5,3399,488,0,7,-62.5338,-60.0117,35:58.6,FastGPS,-62.5338,-60.0117,,,5.7,0.6,,,,15,16,3876,,,,29,10506,,,,4,32519,,,,21,28422,,,,5,1191,,,,26,4974,,,,20,5025,,,,,,,,,,,,,,,,,,,,,,,,,,,,,,,,,,,,,,,,,,,
173716,13-Jul-18,7:14:26,2018-07-13 07:14:26,G,1,5,3402,488,0,7,-62.534,-60.0113,14:30.6,FastGPS,-62.534,-60.0113,,,7,-0.5,,,,15,7,22161,,,,15,17995,,,,20,20790,,,,30,16518,,,,21,10853,,,,10,10072,,,,13,11110,,,,,,,,,,,,,,,,,,,,,,,,,,,,,,,,,,,,,,,,,,,
173716,13-Jul-18,7:45:45,2018-07-13 07:45:45,G,1,5,3403,,0,9,-62.5335,-60.0116,45:49.1,FastGPS,-62.5335,-60.0116,,,12.6,-1,,,,15,15,9497,,,,21,3636,,,,13,6704,,,,7,1608,,,,16,13340,,,,30,8008,,,,10,16316,,,,20,16170,,,,27,17350,,,,,,,,,,,,,,,,,,,,,,,,,,,,,,,,,
173716,13-Jul-18,9:54:20,2018-07-13 09:54:20,G,1,5,3407,,0,9,-62.4798,-60.0653,54:25.1,FastGPS,-62.4798,-60.0653,,,5.1,0.1,,,,15,32,6272,,,,8,23845,,,,20,8792,,,,1,8312,,,,27,30690,,,,18,23842,,,,11,30066,,,,28,11232,,,,24,14858,,,,,,,,,,,,,,,,,,,,,,,,,,,,,,,,,
173716,13-Jul-18,12:27:32,2018-07-13 12:27:32,G,1,5,3411,,0,9,-62.436,-60.1569,27:37.5,FastGPS,-62.436,-60.1569,,,9.1,0.5,,,,15,31,31238,,,,17,3888,,,,18,21198,,,,11,5348,,,,1,26370,,,,14,10194,,,,22,20296,,,,32,23281,,,,19,6084,,,,,,,,,,,,,,,,,,,,,,,,,,,,,,,,,
173716,13-Jul-18,13:01:29,2018-07-13 13:01:29,G,1,5,3412,,0,9,-62.4316,-60.1472,01:33.1,FastGPS,-62.4316,-60.1472,,,17,-0.9,,,,15,12,22086,,,,6,19281,,,,17,5560,,,,31,21560,,,,32,18524,,,,25,3576,,,,14,21972,,,,3,7686,,,,23,16694,,,,,,,,,,,,,,,,,,,,,,,,,,,,,,,,,
173716,13-Jul-18,16:46:52,2018-07-13 16:46:52,G,1,5,3419,490,0,8,-62.3481,-60.2942,46:56.6,FastGPS,-62.3481,-60.2942,,,19.4,-0.4,,,,15,2,12817,,,,7,8328,,,,30,30896,,,,5,13719,,,,26,22323,,,,9,29729,,,,4,6216,,,,29,13640,,,,,,,,,,,,,,,,,,,,,,,,,,,,,,,,,,,,,,
173716,13-Jul-18,17:21:42,2018-07-13 17:21:42,G,1,5,3420,490,0,7,-62.3432,-60.3416,21:46.5,FastGPS,-62.3432,-60.3416,,,10.1,-0.5,,,,15,5,252,,,,2,26307,,,,7,27409,,,,9,30684,,,,16,11336,,,,30,16064,,,,29,25500,,,,,,,,,,,,,,,,,,,,,,,,,,,,,,,,,,,,,,,,,,,
173716,13-Jul-18,19:01:50,2018-07-13 19:01:50,G,2,5,3423,490,0,7,-62.3416,-60.4778,01:54.1,FastGPS,-62.3416,-60.4778,,,6.1,-0.9,,,,15,5,2066,,,,30,16961,,,,13,6918,,,,8,13867,,,,7,2729,,,,28,1066,,,,27,6510,,,,,,,,,,,,,,,,,,,,,,,,,,,,,,,,,,,,,,,,,,,
173716,13-Jul-18,22:11:00,2018-07-13 22:11:00,G,2,5,3429,,0,9,-62.3542,-60.6543,11:05.1,FastGPS,-62.3542,-60.6543,,,13.8,0.1,,,,15,17,8502,,,,15,26036,,,,24,26786,,,,13,16402,,,,1,22851,,,,12,25302,,,,20,18412,,,,28,24536,,,,19,26946,,,,,,,,,,,,,,,,,,,,,,,,,,,,,,,,,
173716,13-Jul-18,22:44:06,2018-07-13 22:44:06,G,1,5,3430,490,0,8,-62.3497,-60.701,44:11.6,FastGPS,-62.3497,-60.701,,,7.9,0.6,,,,15,13,7430,,,,19,10954,,,,17,5404,,,,15,14854,,,,12,12050,,,,24,19781,,,,11,32388,,,,28,17866,,,,,,,,,,,,,,,,,,,,,,,,,,,,,,,,,,,,,,
173716,13-Jul-18,23:15:53,2018-07-13 23:15:53,G,1,5,3431,490,0,6,-62.3379,-60.7145,15:58.5,FastGPS,-62.3379,-60.7145,,,8.6,0.5,,,,15,12,3512,,,,24,30304,,,,17,1196,,,,15,31289,,,,19,10672,,,,6,9159,,,,,,,,,,,,,,,,,,,,,,,,,,,,,,,,,,,,,,,,,,,,,,,,
173716,14-Jul-18,1:21:39,2018-07-14 01:21:39,G,2,5,3435,,0,9,-62.3184,-60.7603,21:44.5,FastGPS,-62.3184,-60.7603,,,10.7,0.5,,,,15,12,15509,,,,19,14578,,,,6,29287,,,,25,21009,,,,31,2626,,,,32,24219,,,,17,24154,,,,29,28850,,,,2,10664,,,,,,,,,,,,,,,,,,,,,,,,,,,,,,,,,
173716,14-Jul-18,2:26:38,2018-07-14 02:26:38,G,2,5,3437,490,0,8,-62.3301,-60.8345,26:42.1,FastGPS,-62.3301,-60.8345,,,5.7,-0.9,,,,15,31,1889,,,,25,25677,,,,29,10262,,,,12,17927,,,,6,8705,,,,2,15204,,,,19,12558,,,,23,22470,,,,,,,,,,,,,,,,,,,,,,,,,,,,,,,,,,,,,,
173716,14-Jul-18,3:26:03,2018-07-14 03:26:03,G,3,5,3439,490,0,7,-62.3325,-60.8433,26:07.5,FastGPS,-62.3325,-60.8433,,1,2.9,-0.5,,,,15,12,9297,,,,5,17679,,,,29,18431,,,,31,2945,,,,25,23712,,,,2,18524,,,,4,13462,,,,,,,,,,,,,,,,,,,,,,,,,,,,,,,,,,,,,,,,,,,
173716,14-Jul-18,3:56:14,2018-07-14 03:56:14,G,2,5,3440,490,0,7,-62.3241,-60.8301,56:18.0,FastGPS,-62.3241,-60.8301,,,10.1,-1,,,,15,25,1224,,,,5,664,,,,31,14820,,,,29,5896,,,,26,24842,,,,12,30380,,,,2,5148,,,,,,,,,,,,,,,,,,,,,,,,,,,,,,,,,,,,,,,,,,,
173716,14-Jul-18,5:01:16,2018-07-14 05:01:16,G,1,5,3442,490,0,8,-62.3142,-60.8172,01:20.1,FastGPS,-62.3142,-60.8172,,,17.1,-0.9,,,,15,4,9032,,,,21,720,,,,5,25526,,,,16,26654,,,,29,9196,,,,31,22348,,,,26,19399,,,,25,3251,,,,,,,,,,,,,,,,,,,,,,,,,,,,,,,,,,,,,,
173716,14-Jul-18,5:31:02,2018-07-14 05:31:02,G,1,5,3443,490,0,7,-62.3129,-60.8372,31:06.1,FastGPS,-62.3129,-60.8372,,,8.3,-0.9,,,,15,29,25642,,,,21,10947,,,,5,13529,,,,26,23636,,,,4,18892,,,,7,26392,,,,16,19306,,,,,,,,,,,,,,,,,,,,,,,,,,,,,,,,,,,,,,,,,,,
173716,14-Jul-18,11:45:39,2018-07-14 11:45:39,G,3,5,3455,,0,9,-62.3218,-60.996,45:44.6,FastGPS,-62.3218,-60.996,,,8.9,0.6,,,,15,22,15026,,,,1,28044,,,,3,29582,,,,31,29392,,,,18,30894,,,,11,12506,,,,17,11995,,,,32,20496,,,,14,23432,,,,,,,,,,,,,,,,,,,,,,,,,,,,,,,,,
173716,14-Jul-18,12:15:14,2018-07-14 12:15:14,G,1,5,3456,,0,9,-62.336,-61.0074,15:19.1,FastGPS,-62.336,-61.0074,,,4.3,0.1,,,,15,31,3062,,,,23,5625,,,,17,8020,,,,19,21852,,,,14,23891,,,,3,17754,,,,18,16236,,,,11,1060,,,,32,18948,,,,,,,,,,,,,,,,,,,,,,,,,,,,,,,,,
173716,14-Jul-18,12:49:01,2018-07-14 12:49:01,G,1,5,3457,,0,9,-62.3481,-61.0118,49:06.1,FastGPS,-62.3481,-61.0118,,,12.5,0.1,,,,15,23,2488,,,,17,13208,,,,31,23658,,,,19,15064,,,,18,22048,,,,3,18784,,,,14,1234,,,,22,13115,,,,11,13085,,,,,,,,,,,,,,,,,,,,,,,,,,,,,,,,,
173716,14-Jul-18,19:36:12,2018-07-14 19:36:12,G,1,5,3470,490,0,8,-62.5023,-60.9137,36:16.5,FastGPS,-62.5023,-60.9137,,,8.9,-0.5,,,,15,15,18647,,,,5,26073,,,,13,17067,,,,7,31092,,,,30,20118,,,,21,19920,,,,8,26449,,,,28,32338,,,,,,,,,,,,,,,,,,,,,,,,,,,,,,,,,,,,,,
173716,14-Jul-18,20:06:17,2018-07-14 20:06:17,G,1,5,3471,490,0,8,-62.5017,-60.8956,06:22.6,FastGPS,-62.5017,-60.8956,,,8.4,0.6,,,,15,20,1494,,,,15,12427,,,,7,14906,,,,27,10820,,,,30,3214,,,,8,23358,,,,28,752,,,,13,9447,,,,,,,,,,,,,,,,,,,,,,,,,,,,,,,,,,,,,,
173716,14-Jul-18,20:51:00,2018-07-14 20:51:00,G,1,5,3472,,0,9,-62.526,-60.8503,51:04.1,FastGPS,-62.526,-60.8503,,,8.6,-0.9,,,,15,15,23097,,,,13,26178,,,,20,13010,,,,30,14713,,,,28,32071,,,,17,22742,,,,11,280,,,,24,25608,,,,8,9228,,,,,,,,,,,,,,,,,,,,,,,,,,,,,,,,,
173716,14-Jul-18,21:21:07,2018-07-14 21:21:07,G,2,5,3473,,0,9,-62.5434,-60.8561,21:12.6,FastGPS,-62.5434,-60.8561,,,2.2,0.6,,,,15,10,1682,,,,15,7726,,,,17,19840,,,,18,5731,,,,20,4369,,,,1,24442,,,,24,6971,,,,11,12416,,,,13,19076,,,,,,,,,,,,,,,,,,,,,,,,,,,,,,,,,
173716,15-Jul-18,13:09:54,2018-07-15 13:09:54,G,1,5,3478,491,0,7,-62.5366,-60.8536,09:59.1,FastGPS,-62.5366,-60.8536,,,20,0.1,,,,15,12,25488,,,,6,13175,,,,17,18838,,,,23,8576,,,,9,19688,,,,25,14653,,,,3,8790,,,,,,,,,,,,,,,,,,,,,,,,,,,,,,,,,,,,,,,,,,,
173716,15-Jul-18,19:46:00,2018-07-15 19:46:00,G,1,5,3483,497,0,8,-62.5733,-60.8519,46:04.1,FastGPS,-62.5733,-60.8519,,,12.4,-0.9,,,,15,7,4457,,,,8,22918,,,,30,25499,,,,28,9068,,,,15,4463,,,,13,7038,,,,5,3962,,,,27,14326,,,,,,,,,,,,,,,,,,,,,,,,,,,,,,,,,,,,,,
173716,16-Jul-18,0:20:56,2018-07-16 00:20:56,G,1,5,3491,499,0,6,-62.278,-60.8231,21:00.6,FastGPS,-62.278,-60.8231,,,14.7,-0.4,,,,15,6,2420,,,,17,8094,,,,19,1338,,,,2,3174,,,,12,4462,,,,24,6912,,,,,,,,,,,,,,,,,,,,,,,,,,,,,,,,,,,,,,,,,,,,,,,,
173716,16-Jul-18,1:54:11,2018-07-16 01:54:11,G,1,5,3494,499,0,7,-62.2591,-60.8417,54:15.6,FastGPS,-62.2591,-60.8417,,,12,-0.4,,,,15,31,3740,,,,12,22423,,,,29,21121,,,,32,25879,,,,2,29015,,,,25,10962,,,,6,14684,,,,,,,,,,,,,,,,,,,,,,,,,,,,,,,,,,,,,,,,,,,
173716,16-Jul-18,3:28:21,2018-07-16 03:28:21,G,1,5,3497,,0,9,-62.2484,-60.8997,28:25.1,FastGPS,-62.2484,-60.8997,,1,10.9,-0.9,,,,15,5,3098,,,,2,3198,,,,29,16464,,,,26,5017,,,,4,1902,,,,31,9342,,,,23,3099,,,,25,16585,,,,12,12467,,,,,,,,,,,,,,,,,,,,,,,,,,,,,,,,,
173716,16-Jul-18,3:58:26,2018-07-16 03:58:26,G,1,5,3498,499,0,8,-62.2504,-60.8915,58:30.6,FastGPS,-62.2504,-60.8915,,1,3.4,-0.4,,,,15,4,6234,,,,31,26710,,,,5,27036,,,,25,3714,,,,2,32438,,,,29,11320,,,,26,32387,,,,21,26147,,,,,,,,,,,,,,,,,,,,,,,,,,,,,,,,,,,,,,
173716,16-Jul-18,4:28:05,2018-07-16 04:28:05,G,1,5,3499,499,0,4,-62.421,-60.482,7/17/2018 0:35,P,,,,,,,,,,15,5,7959,,,,29,262,,,,26,26026,,,,4,6371,,,,,,,,,,,,,,,,,,,,,,,,,,,,,,,,,,,,,,,,,,,,,,,,,,,,,,,,,,
173716,16-Jul-18,4:59:27,2018-07-16 04:59:27,G,1,5,3500,499,0,5,-62.2329,-60.9603,7/16/2018 4:59,FastGPS,-62.2329,-60.9603,,,19.2,-1,,,,15,29,3719,,,,16,26042,,,,26,1841,,,,5,28720,,,,4,18332,,,,,,,,,,,,,,,,,,,,,,,,,,,,,,,,,,,,,,,,,,,,,,,,,,,,,
173716,16-Jul-18,5:33:37,2018-07-16 05:33:37,G,1,5,3501,499,0,7,-62.2405,-60.9626,33:41.1,FastGPS,-62.2405,-60.9626,,,10.9,-0.9,,,,15,5,20580,,,,29,22679,,,,16,11398,,,,26,15234,,,,27,19558,,,,4,1480,,,,13,23750,,,,,,,,,,,,,,,,,,,,,,,,,,,,,,,,,,,,,,,,,,,
173716,16-Jul-18,6:35:42,2018-07-16 06:35:42,G,1,5,3503,,0,9,-62.2123,-60.9774,35:46.6,FastGPS,-62.2123,-60.9774,,1,6.7,-0.4,,,,15,20,18763,,,,7,11606,,,,10,24134,,,,8,32668,,,,4,18775,,,,15,14119,,,,21,17786,,,,26,6391,,,,16,24902,,,,,,,,,,,,,,,,,,,,,,,,,,,,,,,,,
173716,16-Jul-18,8:09:02,2018-07-16 08:09:02,G,1,5,3506,499,0,8,-62.2513,-60.9723,09:06.6,FastGPS,-62.2513,-60.9723,,,4.5,-0.4,,,,15,8,32626,,,,16,12152,,,,27,14550,,,,18,8013,,,,15,10402,,,,10,26758,,,,20,24114,,,,30,7314,,,,,,,,,,,,,,,,,,,,,,,,,,,,,,,,,,,,,,
173716,16-Jul-18,8:39:19,2018-07-16 08:39:19,G,1,5,3507,499,0,8,-62.2571,-60.9744,39:23.6,FastGPS,-62.2571,-60.9744,,,9.3,-0.4,,,,15,11,3723,,,,28,26259,,,,8,30642,,,,27,16394,,,,18,1902,,,,15,30495,,,,32,27468,,,,10,322,,,,,,,,,,,,,,,,,,,,,,,,,,,,,,,,,,,,,,
173716,16-Jul-18,14:19:19,2018-07-16 14:19:19,G,1,5,3518,499,0,5,-62.2933,-60.9052,19:23.6,FastGPS,-62.2933,-60.9052,,,5.9,-0.4,,,,15,9,21669,,,,19,746,,,,6,30628,,,,23,23896,,,,31,22436,,,,,,,,,,,,,,,,,,,,,,,,,,,,,,,,,,,,,,,,,,,,,,,,,,,,,
173716,16-Jul-18,17:30:01,2018-07-16 17:30:01,G,1,5,3524,499,0,7,-62.3971,-60.748,30:05.1,FastGPS,-62.3971,-60.748,,,6.2,-0.9,,,,15,5,17872,,,,30,24577,,,,27,1937,,,,23,16908,,,,16,29591,,,,9,3018,,,,7,17754,,,,,,,,,,,,,,,,,,,,,,,,,,,,,,,,,,,,,,,,,,,
173716,16-Jul-18,18:00:01,2018-07-16 18:00:01,G,1,5,3525,499,0,6,-62.4014,-60.7262,00:05.1,FastGPS,-62.4014,-60.7262,,,2,-0.9,,,,15,30,5259,,,,7,10926,,,,5,19432,,,,27,11036,,,,13,24470,,,,16,28291,,,,,,,,,,,,,,,,,,,,,,,,,,,,,,,,,,,,,,,,,,,,,,,,
173716,16-Jul-18,19:35:10,2018-07-16 19:35:10,G,1,5,3528,499,0,8,-62.4137,-60.6303,35:14.1,FastGPS,-62.4137,-60.6303,,,6.5,-0.9,,,,15,30,17893,,,,15,20485,,,,28,777,,,,27,9970,,,,13,6321,,,,21,9688,,,,20,21748,,,,7,12124,,,,,,,,,,,,,,,,,,,,,,,,,,,,,,,,,,,,,,
173716,16-Jul-18,20:08:03,2018-07-16 20:08:03,G,1,5,3529,499,0,5,-62.4241,-60.5854,08:07.1,FastGPS,-62.4241,-60.5854,,,2,-0.9,,,,15,30,25966,,,,7,20135,,,,15,25376,,,,5,24900,,,,20,9153,,,,,,,,,,,,,,,,,,,,,,,,,,,,,,,,,,,,,,,,,,,,,,,,,,,,,
173716,17-Jul-18,0:19:22,2018-07-17 00:19:22,G,1,5,3537,499,0,7,-62.4113,-60.4707,19:26.6,FastGPS,-62.4113,-60.4707,,,8.5,-0.4,,,,15,12,14864,,,,32,11844,,,,6,17669,,,,25,25785,,,,14,11857,,,,24,6881,,,,17,7320,,,,,,,,,,,,,,,,,,,,,,,,,,,,,,,,,,,,,,,,,,,
173716,17-Jul-18,0:49:28,2018-07-17 00:49:28,G,3,5,3538,,0,9,-62.4097,-60.4521,49:32.6,FastGPS,-62.4097,-60.4521,,,16.8,-0.4,,,,15,14,30956,,,,12,13636,,,,29,18821,,,,32,25496,,,,19,8040,,,,31,31781,,,,6,14893,,,,25,16748,,,,17,15010,,,,,,,,,,,,,,,,,,,,,,,,,,,,,,,,,
173716,17-Jul-18,1:49:00,2018-07-17 01:49:00,G,1,5,3540,,0,9,-62.4371,-60.3618,49:04.1,FastGPS,-62.4371,-60.3618,,,10.8,-0.9,,,,15,29,416,,,,12,11952,,,,14,29512,,,,6,6698,,,,31,18864,,,,32,13888,,,,2,14616,,,,25,28020,,,,19,17984,,,,,,,,,,,,,,,,,,,,,,,,,,,,,,,,,
173716,17-Jul-18,2:49:39,2018-07-17 02:49:39,G,1,5,3542,499,0,5,-62.346,-59.808,7/18/2018 1:24,A,-62.4596,-60.3401,,1,0.7,-0.5,,,,15,29,16286,,,,4,28597,,,,31,18096,,,,25,11253,,,,2,25457,,,,,,,,,,,,,,,,,,,,,,,,,,,,,,,,,,,,,,,,,,,,,,,,,,,,,
173716,17-Jul-18,3:19:00,2018-07-17 03:19:00,G,1,5,3543,499,0,8,-62.4601,-60.339,19:04.6,FastGPS,-62.4601,-60.339,,1,3.8,-0.4,,,,15,31,27665,,,,29,23896,,,,4,29483,,,,5,3282,,,,25,10521,,,,26,29198,,,,2,5534,,,,21,23136,,,,,,,,,,,,,,,,,,,,,,,,,,,,,,,,,,,,,,
173716,17-Jul-18,5:49:00,2018-07-17 05:49:00,G,1,5,3548,499,1,4,-62.346,-59.808,7/18/2018 1:24,A,,,,,,,,,,15,27,29846,,,,26,4986,,,,16,31076,,,,4,9144,,,,,,,,,,,,,,,,,,,,,,,,,,,,,,,,,,,,,,,,,,,,,,,,,,,,,,,,,,
173716,17-Jul-18,6:49:00,2018-07-17 06:49:00,G,1,5,3549,501,1,4,-62.346,-59.808,7/18/2018 1:24,A,-62.4599,-60.3393,,,1.4,-0.9,,,,15,15,28004,,,,20,31544,,,,27,15335,,,,21,26574,,,,,,,,,,,,,,,,,,,,,,,,,,,,,,,,,,,,,,,,,,,,,,,,,,,,,,,,,,
173716,17-Jul-18,7:19:00,2018-07-17 07:19:00,G,1,5,3550,501,1,5,-62.4602,-60.339,19:04.1,FastGPS,-62.4602,-60.339,,,9.6,-0.9,,,,15,15,29734,,,,8,24799,,,,21,1932,,,,20,4224,,,,27,920,,,,,,,,,,,,,,,,,,,,,,,,,,,,,,,,,,,,,,,,,,,,,,,,,,,,,
173716,17-Jul-18,8:04:00,2018-07-17 08:04:00,G,2,5,3551,502,1,4,-62.346,-59.808,7/18/2018 1:24,A,-62.4599,-60.3397,,,0.9,-0.9,,,,15,21,16583,,,,8,4614,,,,10,19,,,,15,24055,,,,,,,,,,,,,,,,,,,,,,,,,,,,,,,,,,,,,,,,,,,,,,,,,,,,,,,,,,
173716,17-Jul-18,8:34:00,2018-07-17 08:34:00,G,3,5,3552,502,1,5,-62.4603,-60.3394,34:04.1,FastGPS,-62.4603,-60.3394,,,4.7,-0.9,,,,15,11,5881,,,,18,3512,,,,27,26068,,,,10,9082,,,,20,28680,,,,,,,,,,,,,,,,,,,,,,,,,,,,,,,,,,,,,,,,,,,,,,,,,,,,,
173716,17-Jul-18,9:04:00,2018-07-17 09:04:00,G,2,5,3553,502,1,4,-62.346,-59.808,7/18/2018 1:24,A,-62.4597,-60.3415,,,0.4,-1.1,,,,15,18,30719,,,,11,2068,,,,20,1508,,,,10,20257,,,,,,,,,,,,,,,,,,,,,,,,,,,,,,,,,,,,,,,,,,,,,,,,,,,,,,,,,,
173716,17-Jul-18,9:34:00,2018-07-17 09:34:00,G,1,5,3554,502,1,6,-62.4595,-60.3399,34:04.1,FastGPS,-62.4595,-60.3399,,,7.2,-0.9,,,,15,10,12615,,,,18,28684,,,,20,3376,,,,11,2199,,,,32,7042,,,,1,6903,,,,,,,,,,,,,,,,,,,,,,,,,,,,,,,,,,,,,,,,,,,,,,,,
173716,17-Jul-18,11:27:01,2018-07-17 11:27:01,G,2,5,3555,502,0,4,-62.462,-59.504,7/18/2018 9:45,R,-62.4602,-60.3397,,,0.2,0.1,,,,15,32,3598,,,,14,21200,,,,18,5790,,,,1,21196,,,,,,,,,,,,,,,,,,,,,,,,,,,,,,,,,,,,,,,,,,,,,,,,,,,,,,,,,,
173716,17-Jul-18,11:57:51,2018-07-17 11:57:51,G,2,5,3556,,0,9,-62.4547,-60.3363,57:56.1,FastGPS,-62.4547,-60.3363,,,9.8,0.1,,,,15,32,2757,,,,31,15488,,,,12,17038,,,,18,25224,,,,11,7790,,,,1,6732,,,,14,28279,,,,19,1797,,,,22,6514,,,,,,,,,,,,,,,,,,,,,,,,,,,,,,,,,
173716,17-Jul-18,12:28:31,2018-07-17 12:28:31,G,3,5,3557,502,0,8,-62.4508,-60.3112,28:36.6,FastGPS,-62.4508,-60.3112,,,11.3,0.6,,,,15,23,19110,,,,11,2341,,,,17,16122,,,,3,29974,,,,18,14858,,,,22,11738,,,,1,15376,,,,32,8074,,,,,,,,,,,,,,,,,,,,,,,,,,,,,,,,,,,,,,
173716,17-Jul-18,12:58:16,2018-07-17 12:58:16,G,1,5,3558,,0,9,-62.4659,-60.2834,58:21.6,FastGPS,-62.4659,-60.2834,,,18.5,0.6,,,,15,17,21422,,,,12,24534,,,,31,19683,,,,6,25151,,,,23,21312,,,,19,18834,,,,3,2091,,,,9,31187,,,,25,7156,,,,,,,,,,,,,,,,,,,,,,,,,,,,,,,,,
173716,17-Jul-18,13:31:39,2018-07-17 13:31:39,G,2,5,3559,,0,9,-62.4864,-60.2447,31:44.6,FastGPS,-62.4864,-60.2447,,,11.2,0.6,,,,15,31,15403,,,,17,29429,,,,19,16528,,,,6,7804,,,,23,3110,,,,9,12740,,,,12,15538,,,,25,19072,,,,14,31182,,,,,,,,,,,,,,,,,,,,,,,,,,,,,,,,,
173716,17-Jul-18,14:01:38,2018-07-17 14:01:38,G,1,5,3560,,0,9,-62.493,-60.1893,01:43.1,FastGPS,-62.493,-60.1893,,,8.4,0.1,,,,15,31,27721,,,,22,13314,,,,9,32048,,,,19,5844,,,,25,15236,,,,23,2088,,,,3,10495,,,,26,4987,,,,2,12478,,,,,,,,,,,,,,,,,,,,,,,,,,,,,,,,,
173716,17-Jul-18,14:31:14,2018-07-17 14:31:14,G,2,5,3561,,0,9,-62.4788,-60.1631,31:19.1,FastGPS,-62.4788,-60.1631,,1,7.2,0.1,,,,15,2,19660,,,,6,26213,,,,9,26658,,,,19,25345,,,,23,21489,,,,3,20549,,,,4,26946,,,,31,28624,,,,25,32206,,,,,,,,,,,,,,,,,,,,,,,,,,,,,,,,,
173716,17-Jul-18,15:01:21,2018-07-17 15:01:21,G,2,5,3562,,0,9,-62.4759,-60.1635,01:26.1,FastGPS,-62.4759,-60.1635,,,6.1,0.1,,,,15,22,20719,,,,29,7321,,,,4,31680,,,,31,7448,,,,9,7752,,,,23,9351,,,,16,6,,,,3,8757,,,,6,7528,,,,,,,,,,,,,,,,,,,,,,,,,,,,,,,,,
173716,17-Jul-18,16:40:22,2018-07-17 16:40:22,G,2,5,3563,505,0,6,-62.4678,-60.1534,40:27.6,FastGPS,-62.4678,-60.1534,,,15.3,0.6,,,,15,7,2745,,,,30,6428,,,,16,8634,,,,5,15445,,,,23,28156,,,,9,13856,,,,,,,,,,,,,,,,,,,,,,,,,,,,,,,,,,,,,,,,,,,,,,,,
173716,17-Jul-18,17:10:40,2018-07-17 17:10:40,G,2,5,3564,505,0,4,-62.462,-59.504,7/18/2018 9:45,R,-62.4678,-60.1521,,,0.6,0.9,,,,15,7,23856,,,,5,2494,,,,9,4850,,,,16,24303,,,,,,,,,,,,,,,,,,,,,,,,,,,,,,,,,,,,,,,,,,,,,,,,,,,,,,,,,,
173716,17-Jul-18,18:11:00,2018-07-17 18:11:00,G,1,5,3566,505,0,6,-62.4678,-60.1542,11:04.1,FastGPS,-62.4678,-60.1542,,,4.7,-0.9,,,,15,5,22032,,,,30,2663,,,,13,22470,,,,9,32382,,,,7,29606,,,,28,32441,,,,,,,,,,,,,,,,,,,,,,,,,,,,,,,,,,,,,,,,,,,,,,,,
173716,17-Jul-18,22:10:11,2018-07-17 22:10:11,G,1,5,3572,,0,9,-62.3663,-60.0539,10:15.6,FastGPS,-62.3663,-60.0539,,,7.9,-0.4,,,,15,15,21138,,,,17,9136,,,,19,15343,,,,11,2628,,,,1,7110,,,,18,26300,,,,13,12522,,,,24,1494,,,,28,26420,,,,,,,,,,,,,,,,,,,,,,,,,,,,,,,,,
173716,18-Jul-18,0:16:11,2018-07-18 00:16:11,G,1,5,3576,508,0,7,-62.3426,-59.8461,16:15.6,FastGPS,-62.3426,-59.8461,,,9.5,-0.4,,,,15,19,11969,,,,6,28570,,,,14,17122,,,,17,11173,,,,32,14331,,,,25,32373,,,,12,21193,,,,,,,,,,,,,,,,,,,,,,,,,,,,,,,,,,,,,,,,,,,
173716,18-Jul-18,0:48:09,2018-07-18 00:48:09,G,1,5,3577,508,0,6,-62.3379,-59.8052,48:13.6,FastGPS,-62.3379,-59.8052,,,3,-0.4,,,,15,6,25526,,,,19,7763,,,,12,19532,,,,32,22765,,,,2,4882,,,,25,29106,,,,,,,,,,,,,,,,,,,,,,,,,,,,,,,,,,,,,,,,,,,,,,,,
173716,18-Jul-18,2:24:02,2018-07-18 02:24:02,G,1,5,3580,508,0,6,-62.3652,-59.815,24:06.6,FastGPS,-62.3652,-59.815,,1,2.4,-0.4,,,,15,12,9464,,,,2,19366,,,,29,21976,,,,4,32710,,,,6,32376,,,,14,6196,,,,,,,,,,,,,,,,,,,,,,,,,,,,,,,,,,,,,,,,,,,,,,,,
173716,18-Jul-18,3:12:57,2018-07-18 03:12:57,G,2,5,3581,509,0,6,-62.3705,-59.8219,13:01.6,FastGPS,-62.3705,-59.8219,,1,6.3,-0.4,,,,15,31,11049,,,,29,4275,,,,5,15757,,,,25,32247,,,,12,12069,,,,4,3385,,,,,,,,,,,,,,,,,,,,,,,,,,,,,,,,,,,,,,,,,,,,,,,,
173716,18-Jul-18,3:43:58,2018-07-18 03:43:58,G,1,5,3582,509,0,8,-62.3736,-59.8228,44:02.1,FastGPS,-62.3736,-59.8228,,1,10.5,-0.9,,,,15,29,28267,,,,4,3476,,,,31,22138,,,,25,9913,,,,26,24148,,,,5,3355,,,,23,3168,,,,2,16422,,,,,,,,,,,,,,,,,,,,,,,,,,,,,,,,,,,,,,
173716,18-Jul-18,4:14:01,2018-07-18 04:14:01,G,1,5,3583,,0,9,-62.3753,-59.8199,14:05.6,FastGPS,-62.3753,-59.8199,,1,7.3,-0.4,,,,15,5,21372,,,,26,20940,,,,16,20840,,,,9,10853,,,,25,622,,,,29,20645,,,,4,7150,,,,23,1220,,,,2,19649,,,,,,,,,,,,,,,,,,,,,,,,,,,,,,,,,
173716,18-Jul-18,4:46:58,2018-07-18 04:46:58,G,2,5,3584,509,0,7,-62.3794,-59.8116,47:02.2,FastGPS,-62.3794,-59.8116,,1,13.7,-0.8,,,,15,5,25991,,,,16,27629,,,,26,15265,,,,29,4315,,,,31,6082,,,,4,3642,,,,21,4024,,,,,,,,,,,,,,,,,,,,,,,,,,,,,,,,,,,,,,,,,,,
173716,18-Jul-18,5:20:28,2018-07-18 05:20:28,G,3,5,3585,,0,9,-62.3933,-59.7704,20:32.1,FastGPS,-62.3933,-59.7704,,1,10.5,-0.9,,,,15,29,1070,,,,16,19971,,,,26,6740,,,,20,4149,,,,21,16596,,,,4,30620,,,,5,29131,,,,7,4507,,,,27,13684,,,,,,,,,,,,,,,,,,,,,,,,,,,,,,,,,
173716,18-Jul-18,5:50:26,2018-07-18 05:50:26,G,1,5,3586,509,0,7,-62.4042,-59.719,50:30.6,FastGPS,-62.4042,-59.719,,,11.6,-0.4,,,,15,27,4770,,,,7,3288,,,,5,27995,,,,29,10438,,,,16,21086,,,,26,11304,,,,15,15683,,,,,,,,,,,,,,,,,,,,,,,,,,,,,,,,,,,,,,,,,,,
173716,18-Jul-18,6:23:59,2018-07-18 06:23:59,G,2,5,3587,509,0,8,-62.4099,-59.6639,24:03.6,FastGPS,-62.4099,-59.6639,,1,9.1,-0.4,,,,15,20,20248,,,,7,24474,,,,21,2632,,,,27,27398,,,,15,23853,,,,29,19092,,,,4,10826,,,,5,18420,,,,,,,,,,,,,,,,,,,,,,,,,,,,,,,,,,,,,,
173716,18-Jul-18,6:54:48,2018-07-18 06:54:48,G,3,5,3588,,0,9,-62.4143,-59.6209,54:52.6,FastGPS,-62.4143,-59.6209,,,14.5,-0.4,,,,15,7,31384,,,,27,20783,,,,8,1094,,,,16,10825,,,,15,1528,,,,13,24629,,,,30,28506,,,,10,27726,,,,21,23353,,,,,,,,,,,,,,,,,,,,,,,,,,,,,,,,,
173716,18-Jul-18,7:25:15,2018-07-18 07:25:15,G,1,5,3589,,0,9,-62.4302,-59.5887,25:19.1,FastGPS,-62.4302,-59.5887,,,10.5,-0.9,,,,15,15,25330,,,,21,19654,,,,10,31061,,,,30,20130,,,,13,20838,,,,20,31398,,,,27,30172,,,,7,12930,,,,8,12637,,,,,,,,,,,,,,,,,,,,,,,,,,,,,,,,,
173716,18-Jul-18,8:49:02,2018-07-18 08:49:02,G,1,5,3590,512,0,8,-62.4447,-59.5761,49:07.5,FastGPS,-62.4447,-59.5761,,,13.8,0.5,,,,15,10,19861,,,,8,25700,,,,18,13828,,,,20,26850,,,,28,3374,,,,11,17062,,,,1,5334,,,,15,8688,,,,,,,,,,,,,,,,,,,,,,,,,,,,,,,,,,,,,,
173716,18-Jul-18,9:36:05,2018-07-18 09:36:05,G,3,5,3591,513,0,6,-62.4625,-59.5122,36:10.6,FastGPS,-62.4625,-59.5122,,,6.1,0.6,,,,15,18,24520,,,,8,14134,,,,11,30726,,,,10,16680,,,,28,5975,,,,1,11182,,,,,,,,,,,,,,,,,,,,,,,,,,,,,,,,,,,,,,,,,,,,,,,,
173716,18-Jul-18,10:06:06,2018-07-18 10:06:06,G,1,5,3592,,0,9,-62.4651,-59.4597,06:11.6,FastGPS,-62.4651,-59.4597,,,7.9,0.6,,,,15,32,23374,,,,14,26507,,,,24,9402,,,,8,5001,,,,1,2345,,,,22,31058,,,,10,4362,,,,20,16834,,,,27,20096,,,,,,,,,,,,,,,,,,,,,,,,,,,,,,,,,
173716,18-Jul-18,10:37:03,2018-07-18 10:37:03,G,1,5,3593,513,0,8,-62.4533,-59.4091,37:08.6,FastGPS,-62.4533,-59.4091,,,9.2,0.6,,,,15,32,17902,,,,1,230,,,,3,21924,,,,8,18352,,,,11,1308,,,,22,237,,,,14,5120,,,,28,13368,,,,,,,,,,,,,,,,,,,,,,,,,,,,,,,,,,,,,,
173716,18-Jul-18,11:07:05,2018-07-18 11:07:05,G,1,5,3594,,0,9,-62.4531,-59.4094,07:10.6,FastGPS,-62.4531,-59.4094,,,12.5,0.6,,,,15,17,5294,,,,10,28673,,,,32,28436,,,,22,6960,,,,31,26066,,,,12,28458,,,,1,27794,,,,11,27031,,,,14,2129,,,,,,,,,,,,,,,,,,,,,,,,,,,,,,,,,
173716,18-Jul-18,11:37:21,2018-07-18 11:37:21,G,2,5,3595,513,0,8,-62.453,-59.4093,37:25.6,FastGPS,-62.453,-59.4093,,,6,-0.4,,,,15,32,27732,,,,1,15596,,,,18,3255,,,,22,15714,,,,3,7121,,,,11,14896,,,,14,15124,,,,17,12350,,,,,,,,,,,,,,,,,,,,,,,,,,,,,,,,,,,,,,
173716,18-Jul-18,12:07:19,2018-07-18 12:07:19,G,1,5,3596,,0,9,-62.4531,-59.4097,07:23.6,FastGPS,-62.4531,-59.4097,,,11.6,-0.4,,,,15,11,32272,,,,31,31975,,,,32,22812,,,,18,17197,,,,3,29239,,,,1,22114,,,,25,7440,,,,23,3260,,,,12,4686,,,,,,,,,,,,,,,,,,,,,,,,,,,,,,,,,
173716,18-Jul-18,12:53:48,2018-07-18 12:53:48,G,1,5,3597,,0,9,-62.453,-59.4097,53:52.1,FastGPS,-62.453,-59.4097,,,7.1,-0.9,,,,15,11,26102,,,,3,9425,,,,1,1320,,,,23,25468,,,,31,31611,,,,17,26674,,,,12,274,,,,14,32652,,,,18,351,,,,,,,,,,,,,,,,,,,,,,,,,,,,,,,,,
173716,18-Jul-18,15:47:28,2018-07-18 15:47:28,G,1,5,3602,,0,9,-62.4531,-59.4095,47:33.2,FastGPS,-62.4531,-59.4095,,,8.9,0.2,,,,15,7,5459,,,,3,6003,,,,2,28856,,,,23,31718,,,,9,31301,,,,26,22221,,,,6,1184,,,,29,32198,,,,16,1465,,,,,,,,,,,,,,,,,,,,,,,,,,,,,,,,,
173716,18-Jul-18,16:33:36,2018-07-18 16:33:36,G,2,5,3603,516,0,7,-62.4531,-59.4094,33:41.7,FastGPS,-62.4531,-59.4094,,1,7.5,0.7,,,,15,23,8754,,,,16,11310,,,,9,17419,,,,7,25586,,,,4,15430,,,,29,28832,,,,30,23377,,,,,,,,,,,,,,,,,,,,,,,,,,,,,,,,,,,,,,,,,,,
173716,18-Jul-18,17:03:01,2018-07-18 17:03:01,G,3,5,3604,516,0,6,-62.4532,-59.4096,03:06.1,FastGPS,-62.4532,-59.4096,,,3.1,0.1,,,,15,23,9158,,,,30,13998,,,,16,7313,,,,5,28768,,,,27,6195,,,,7,24652,,,,,,,,,,,,,,,,,,,,,,,,,,,,,,,,,,,,,,,,,,,,,,,,
173716,18-Jul-18,17:35:44,2018-07-18 17:35:44,G,3,5,3605,516,0,6,-62.4533,-59.4097,35:49.6,FastGPS,-62.4533,-59.4097,,,9,0.6,,,,15,30,5974,,,,5,10635,,,,9,986,,,,23,31228,,,,8,23685,,,,7,30372,,,,,,,,,,,,,,,,,,,,,,,,,,,,,,,,,,,,,,,,,,,,,,,,
173716,18-Jul-18,18:08:00,2018-07-18 18:08:00,G,2,5,3606,516,0,6,-62.4529,-59.4099,08:05.1,FastGPS,-62.4529,-59.4099,,,11.6,0.1,,,,15,5,4434,,,,28,24084,,,,13,8864,,,,9,16056,,,,8,25400,,,,30,21891,,,,,,,,,,,,,,,,,,,,,,,,,,,,,,,,,,,,,,,,,,,,,,,,
173716,18-Jul-18,18:41:03,2018-07-18 18:41:03,G,2,5,3607,516,0,6,-62.4531,-59.4097,41:08.1,FastGPS,-62.4531,-59.4097,,,4.8,0.1,,,,15,5,4442,,,,7,12735,,,,9,3745,,,,30,22840,,,,21,3454,,,,28,4053,,,,,,,,,,,,,,,,,,,,,,,,,,,,,,,,,,,,,,,,,,,,,,,,
173716,18-Jul-18,19:11:59,2018-07-18 19:11:59,G,1,5,3608,516,0,4,-62.723,-58.17,7/19/2018 14:15,A,-62.4529,-59.4099,,,0.6,0.2,,,,15,7,29658,,,,30,28394,,,,13,21954,,,,8,23969,,,,,,,,,,,,,,,,,,,,,,,,,,,,,,,,,,,,,,,,,,,,,,,,,,,,,,,,,,
173716,18-Jul-18,20:12:41,2018-07-18 20:12:41,G,2,5,3609,518,0,6,-62.4531,-59.4084,12:45.7,FastGPS,-62.4531,-59.4084,,,10.3,-0.3,,,,15,7,17726,,,,30,9223,,,,15,9486,,,,20,19479,,,,28,5706,,,,13,15882,,,,,,,,,,,,,,,,,,,,,,,,,,,,,,,,,,,,,,,,,,,,,,,,
173716,18-Jul-18,20:43:02,2018-07-18 20:43:02,G,2,5,3610,518,0,6,-62.4533,-59.4099,43:06.6,FastGPS,-62.4533,-59.4099,,,9.8,-0.4,,,,15,13,6676,,,,15,23894,,,,30,15956,,,,17,31144,,,,28,23882,,,,7,22891,,,,,,,,,,,,,,,,,,,,,,,,,,,,,,,,,,,,,,,,,,,,,,,,
173716,18-Jul-18,21:14:07,2018-07-18 21:14:07,G,2,5,3611,518,0,4,-62.723,-58.17,7/19/2018 14:15,A,-62.4535,-59.4095,,,0.4,-0.4,,,,15,28,21160,,,,15,28600,,,,17,24819,,,,30,514,,,,,,,,,,,,,,,,,,,,,,,,,,,,,,,,,,,,,,,,,,,,,,,,,,,,,,,,,,
173716,18-Jul-18,21:44:40,2018-07-18 21:44:40,G,2,5,3612,,0,9,-62.4525,-59.4069,44:44.6,FastGPS,-62.4525,-59.4069,,,7.7,-0.4,,,,15,12,28506,,,,17,30192,,,,15,32721,,,,13,6563,,,,18,17684,,,,11,15050,,,,24,5182,,,,19,6230,,,,10,19396,,,,,,,,,,,,,,,,,,,,,,,,,,,,,,,,,
173716,18-Jul-18,22:45:43,2018-07-18 22:45:43,G,1,5,3613,,0,9,-62.443,-59.3635,45:47.6,FastGPS,-62.443,-59.3635,,,11.3,-0.4,,,,15,12,12501,,,,1,25188,,,,28,32570,,,,17,28085,,,,15,15397,,,,19,13329,,,,18,3786,,,,24,1470,,,,11,17346,,,,,,,,,,,,,,,,,,,,,,,,,,,,,,,,,
173716,18-Jul-18,23:19:42,2018-07-18 23:19:42,G,1,5,3614,520,0,8,-62.4234,-59.3387,19:46.1,FastGPS,-62.4234,-59.3387,,,6.5,-0.9,,,,15,12,24648,,,,6,1865,,,,17,9045,,,,24,10600,,,,22,7796,,,,32,10346,,,,15,3312,,,,1,20718,,,,,,,,,,,,,,,,,,,,,,,,,,,,,,,,,,,,,,
173716,18-Jul-18,23:54:47,2018-07-18 23:54:47,G,1,5,3615,520,0,7,-62.4121,-59.3184,54:51.6,FastGPS,-62.4121,-59.3184,,,5,-0.4,,,,15,22,19967,,,,17,31587,,,,3,30138,,,,24,32487,,,,19,24904,,,,12,8979,,,,6,31142,,,,,,,,,,,,,,,,,,,,,,,,,,,,,,,,,,,,,,,,,,,
173716,19-Jul-18,1:02:19,2018-07-19 01:02:19,G,2,5,3617,520,0,8,-62.4138,-59.2693,02:23.2,FastGPS,-62.4138,-59.2693,,,8.6,-0.8,,,,15,29,7242,,,,12,27656,,,,32,25958,,,,14,12071,,,,31,14584,,,,25,31930,,,,6,14713,,,,19,30788,,,,,,,,,,,,,,,,,,,,,,,,,,,,,,,,,,,,,,
173716,19-Jul-18,1:33:42,2018-07-19 01:33:42,G,2,5,3618,520,0,8,-62.4147,-59.2448,33:46.1,FastGPS,-62.4147,-59.2448,,,10.9,-0.9,,,,15,31,6945,,,,25,32424,,,,12,13647,,,,29,16188,,,,6,9770,,,,2,21073,,,,14,25582,,,,19,4961,,,,,,,,,,,,,,,,,,,,,,,,,,,,,,,,,,,,,,
173716,19-Jul-18,3:04:04,2018-07-19 03:04:04,G,2,5,3621,520,0,7,-62.4297,-59.1053,04:08.6,FastGPS,-62.4297,-59.1053,,,3.8,-0.4,,,,15,31,26537,,,,4,30185,,,,29,10386,,,,25,24552,,,,26,25212,,,,5,17262,,,,2,28655,,,,,,,,,,,,,,,,,,,,,,,,,,,,,,,,,,,,,,,,,,,
173716,19-Jul-18,4:53:42,2018-07-19 04:53:42,G,2,5,3624,521,0,7,-62.4675,-58.89,53:46.7,FastGPS,-62.4675,-58.89,,,8.3,-0.3,,,,15,29,10710,,,,5,15646,,,,16,25868,,,,21,9698,,,,26,15998,,,,4,27682,,,,31,17146,,,,,,,,,,,,,,,,,,,,,,,,,,,,,,,,,,,,,,,,,,,
173716,19-Jul-18,5:26:08,2018-07-19 05:26:08,G,2,5,3625,521,0,6,-62.4776,-58.842,26:12.1,FastGPS,-62.4776,-58.842,,,10.3,-0.9,,,,15,16,30410,,,,27,14768,,,,26,19257,,,,21,1436,,,,20,10937,,,,5,2092,,,,,,,,,,,,,,,,,,,,,,,,,,,,,,,,,,,,,,,,,,,,,,,,
173716,19-Jul-18,6:00:11,2018-07-19 06:00:11,G,1,5,3626,521,0,7,-62.4937,-58.804,00:15.6,FastGPS,-62.4937,-58.804,,,13.6,-0.4,,,,15,7,28231,,,,27,30214,,,,5,19408,,,,13,12241,,,,16,28066,,,,29,26896,,,,15,10850,,,,,,,,,,,,,,,,,,,,,,,,,,,,,,,,,,,,,,,,,,,
173716,19-Jul-18,6:30:36,2018-07-19 06:30:36,G,1,5,3627,,0,9,-62.5078,-58.7626,30:40.2,FastGPS,-62.5078,-58.7626,,1,9.1,-0.8,,,,15,13,24354,,,,29,11126,,,,7,25880,,,,15,31716,,,,27,32674,,,,16,25176,,,,4,870,,,,10,7493,,,,8,11659,,,,,,,,,,,,,,,,,,,,,,,,,,,,,,,,,
173716,19-Jul-18,7:06:21,2018-07-19 07:06:21,G,2,5,3628,521,0,8,-62.5202,-58.7135,06:26.6,FastGPS,-62.5202,-58.7135,,,8.8,0.6,,,,15,7,3622,,,,8,4218,,,,27,24806,,,,21,24156,,,,15,3438,,,,16,31188,,,,13,28245,,,,10,29638,,,,,,,,,,,,,,,,,,,,,,,,,,,,,,,,,,,,,,
173716,19-Jul-18,7:36:32,2018-07-19 07:36:32,G,2,5,3629,521,0,5,-62.5328,-58.658,36:37.1,FastGPS,-62.5328,-58.658,,,10.3,0.1,,,,15,15,8796,,,,8,6396,,,,10,19404,,,,27,16676,,,,30,13412,,,,,,,,,,,,,,,,,,,,,,,,,,,,,,,,,,,,,,,,,,,,,,,,,,,,,
173716,19-Jul-18,8:06:58,2018-07-19 08:06:58,G,1,5,3630,521,0,8,-62.5452,-58.5929,07:03.2,FastGPS,-62.5452,-58.5929,,,15.1,0.2,,,,15,15,28968,,,,10,29785,,,,18,24008,,,,8,3682,,,,21,17037,,,,20,5436,,,,27,22180,,,,11,26259,,,,,,,,,,,,,,,,,,,,,,,,,,,,,,,,,,,,,,
173716,19-Jul-18,8:39:27,2018-07-19 08:39:27,G,1,5,3631,521,0,6,-62.5631,-58.5368,39:32.6,FastGPS,-62.5631,-58.5368,,,4,0.6,,,,15,11,28184,,,,10,25384,,,,18,25020,,,,1,10634,,,,20,15235,,,,8,22852,,,,,,,,,,,,,,,,,,,,,,,,,,,,,,,,,,,,,,,,,,,,,,,,
173716,19-Jul-18,9:10:18,2018-07-19 09:10:18,G,1,5,3632,521,0,8,-62.5816,-58.4833,10:23.6,FastGPS,-62.5816,-58.4833,,,4.1,0.6,,,,15,10,27604,,,,18,24966,,,,1,11412,,,,11,29676,,,,8,10543,,,,20,16288,,,,28,19468,,,,32,3298,,,,,,,,,,,,,,,,,,,,,,,,,,,,,,,,,,,,,,
173716,19-Jul-18,9:40:33,2018-07-19 09:40:33,G,3,5,3633,,0,9,-62.5985,-58.4359,40:38.7,FastGPS,-62.5985,-58.4359,,,4.3,0.7,,,,15,10,16020,,,,1,25309,,,,22,31982,,,,28,18721,,,,8,8047,,,,18,25804,,,,11,31947,,,,20,21338,,,,32,21553,,,,,,,,,,,,,,,,,,,,,,,,,,,,,,,,,
173716,19-Jul-18,10:10:40,2018-07-19 10:10:40,G,1,5,3634,,0,9,-62.6136,-58.387,10:45.1,FastGPS,-62.6136,-58.387,,,10.8,0.1,,,,15,1,20190,,,,22,23433,,,,28,27228,,,,11,3378,,,,10,4802,,,,20,11229,,,,24,3510,,,,32,30424,,,,18,29048,,,,,,,,,,,,,,,,,,,,,,,,,,,,,,,,,
173716,19-Jul-18,11:20:20,2018-07-19 11:20:20,G,1,5,3636,,0,9,-62.6449,-58.2912,20:25.2,FastGPS,-62.6449,-58.2912,,,7.9,0.2,,,,15,32,5045,,,,17,22840,,,,10,28010,,,,11,7170,,,,22,22279,,,,31,12616,,,,3,25214,,,,12,28650,,,,1,14538,,,,,,,,,,,,,,,,,,,,,,,,,,,,,,,,,
173716,19-Jul-18,11:54:01,2018-07-19 11:54:01,G,3,5,3637,,0,9,-62.6563,-58.2445,54:06.6,FastGPS,-62.6563,-58.2445,,,7.3,0.6,,,,15,17,25964,,,,11,22244,,,,18,11046,,,,22,6900,,,,19,8992,,,,12,29399,,,,32,29301,,,,3,32132,,,,1,31152,,,,,,,,,,,,,,,,,,,,,,,,,,,,,,,,,
173716,19-Jul-18,12:26:47,2018-07-19 12:26:47,G,2,5,3638,,0,9,-62.6671,-58.222,26:52.2,FastGPS,-62.6671,-58.222,,,9.5,0.2,,,,15,17,7354,,,,19,8820,,,,22,17934,,,,31,2021,,,,3,12692,,,,12,20867,,,,14,20702,,,,23,16716,,,,32,472,,,,,,,,,,,,,,,,,,,,,,,,,,,,,,,,,
173716,19-Jul-18,13:02:01,2018-07-19 13:02:01,G,1,5,3639,,0,9,-62.6833,-58.1841,02:06.6,FastGPS,-62.6833,-58.1841,,,12.7,0.6,,,,15,17,20663,,,,19,21064,,,,23,8556,,,,31,17171,,,,3,19057,,,,12,20348,,,,9,25280,,,,6,14496,,,,14,26674,,,,,,,,,,,,,,,,,,,,,,,,,,,,,,,,,
173716,19-Jul-18,13:33:13,2018-07-19 13:33:13,G,1,5,3640,,0,9,-62.6971,-58.1486,33:18.2,FastGPS,-62.6971,-58.1486,,,6.9,0.2,,,,15,31,25565,,,,6,7862,,,,19,32650,,,,17,20572,,,,9,24021,,,,22,12312,,,,23,2944,,,,3,29043,,,,25,31524,,,,,,,,,,,,,,,,,,,,,,,,,,,,,,,,,
173716,19-Jul-18,14:03:40,2018-07-19 14:03:40,G,2,5,3641,521,0,6,-62.7148,-58.1532,03:45.1,FastGPS,-62.7148,-58.1532,,,7.3,0.1,,,,15,31,14140,,,,3,25748,,,,23,16798,,,,22,12629,,,,9,32168,,,,6,19326,,,,,,,,,,,,,,,,,,,,,,,,,,,,,,,,,,,,,,,,,,,,,,,,
173716,19-Jul-18,15:19:19,2018-07-19 15:19:19,G,2,5,3643,522,0,6,-62.715,-58.1719,19:24.6,FastGPS,-62.715,-58.1719,,,2.7,0.6,,,,15,9,17884,,,,6,12427,,,,7,27742,,,,23,5624,,,,2,1926,,,,3,31736,,,,,,,,,,,,,,,,,,,,,,,,,,,,,,,,,,,,,,,,,,,,,,,,
173716,20-Jul-18,21:15:49,2018-07-20 21:15:49,G,2,5,3645,,0,9,-62.8124,-57.4365,15:53.7,FastGPS,-62.8124,-57.4365,,,6.2,-0.3,,,,15,15,29852,,,,10,26841,,,,13,27284,,,,20,9448,,,,24,6163,,,,28,14495,,,,17,13161,,,,11,29279,,,,18,9536,,,,,,,,,,,,,,,,,,,,,,,,,,,,,,,,,
173716,20-Jul-18,21:46:39,2018-07-20 21:46:39,G,1,5,3646,528,0,5,-62.8152,-57.4237,46:43.7,FastGPS,-62.8152,-57.4237,,,9.5,-0.3,,,,15,17,24663,,,,19,9200,,,,28,21277,,,,10,8218,,,,15,3201,,,,,,,,,,,,,,,,,,,,,,,,,,,,,,,,,,,,,,,,,,,,,,,,,,,,,
173716,20-Jul-18,23:16:00,2018-07-20 23:16:00,G,2,5,3648,530,0,7,-62.8128,-57.3818,16:04.2,FastGPS,-62.8128,-57.3818,,,13.5,-0.8,,,,15,19,19692,,,,6,28699,,,,17,8320,,,,12,323,,,,24,6298,,,,32,18606,,,,1,18166,,,,,,,,,,,,,,,,,,,,,,,,,,,,,,,,,,,,,,,,,,,
173716,20-Jul-18,23:46:00,2018-07-20 23:46:00,G,2,5,3649,,0,9,-62.8098,-57.3737,46:04.2,FastGPS,-62.8098,-57.3737,,,5.3,-0.8,,,,15,17,22089,,,,12,15302,,,,24,8627,,,,6,15195,,,,19,11106,,,,25,6534,,,,3,17638,,,,2,1030,,,,32,31574,,,,,,,,,,,,,,,,,,,,,,,,,,,,,,,,,
173716,21-Jul-18,0:16:00,2018-07-21 00:16:00,G,1,5,3650,530,1,5,-62.8087,-57.3604,16:04.2,FastGPS,-62.8087,-57.3604,,,6.1,-0.8,,,,15,32,30552,,,,25,3529,,,,14,2133,,,,12,31559,,,,24,4069,,,,,,,,,,,,,,,,,,,,,,,,,,,,,,,,,,,,,,,,,,,,,,,,,,,,,
173716,21-Jul-18,5:25:37,2018-07-21 05:25:37,G,1,5,3653,533,0,7,-62.8411,-57.2307,25:41.7,FastGPS,-62.8411,-57.2307,,,9.3,-0.3,,,,15,4,25782,,,,26,14512,,,,21,28864,,,,16,18524,,,,29,20662,,,,20,23713,,,,7,32373,,,,,,,,,,,,,,,,,,,,,,,,,,,,,,,,,,,,,,,,,,,
173716,21-Jul-18,5:55:48,2018-07-21 05:55:48,G,3,5,3654,,0,9,-62.8575,-57.2128,55:52.7,FastGPS,-62.8575,-57.2128,,1,18.7,-0.3,,,,15,16,18850,,,,27,3626,,,,4,12070,,,,26,20482,,,,10,8546,,,,29,12310,,,,21,17103,,,,5,11134,,,,15,28456,,,,,,,,,,,,,,,,,,,,,,,,,,,,,,,,,
173716,21-Jul-18,6:26:00,2018-07-21 06:26:00,G,1,5,3655,,0,9,-62.8701,-57.228,26:04.2,FastGPS,-62.8701,-57.228,,,9.4,-0.8,,,,15,16,13188,,,,27,7232,,,,15,16809,,,,13,4885,,,,21,31344,,,,29,32112,,,,10,20312,,,,20,2808,,,,26,1642,,,,,,,,,,,,,,,,,,,,,,,,,,,,,,,,,
173716,21-Jul-18,7:57:08,2018-07-21 07:57:08,G,1,5,3658,533,0,8,-62.9165,-57.2373,57:12.7,FastGPS,-62.9165,-57.2373,,,19.2,-0.3,,,,15,18,14938,,,,16,11143,,,,10,30251,,,,11,18575,,,,8,789,,,,27,24168,,,,32,7528,,,,30,7324,,,,,,,,,,,,,,,,,,,,,,,,,,,,,,,,,,,,,,
173716,21-Jul-18,11:44:05,2018-07-21 11:44:05,G,1,5,3665,,0,9,-63.0148,-57.2468,44:09.2,FastGPS,-63.0148,-57.2468,,,5.7,-0.8,,,,15,31,26028,,,,1,21790,,,,22,27068,,,,32,291,,,,3,14523,,,,17,15334,,,,18,4997,,,,11,13828,,,,14,24896,,,,,,,,,,,,,,,,,,,,,,,,,,,,,,,,,
173716,21-Jul-18,12:14:18,2018-07-21 12:14:18,G,2,5,3666,,0,9,-63.0129,-57.2309,14:23.2,FastGPS,-63.0129,-57.2309,,,8.6,0.2,,,,15,12,11365,,,,31,13815,,,,32,10970,,,,11,11017,,,,25,30720,,,,14,22940,,,,1,31541,,,,23,7246,,,,22,4115,,,,,,,,,,,,,,,,,,,,,,,,,,,,,,,,,
173716,21-Jul-18,12:44:00,2018-07-21 12:44:00,G,1,5,3667,,0,9,-63.0011,-57.2207,44:05.2,FastGPS,-63.0011,-57.2207,,,8.9,0.2,,,,15,23,14716,,,,31,1002,,,,3,31320,,,,12,25896,,,,17,32549,,,,1,10226,,,,22,12772,,,,11,30029,,,,19,8964,,,,,,,,,,,,,,,,,,,,,,,,,,,,,,,,,
173716,21-Jul-18,13:15:06,2018-07-21 13:15:06,G,1,5,3668,,0,9,-62.99,-57.2416,15:10.7,FastGPS,-62.99,-57.2416,,,9.2,-0.3,,,,15,23,28455,,,,31,764,,,,22,4680,,,,4,20040,,,,14,19418,,,,3,30410,,,,17,17483,,,,12,21180,,,,25,2728,,,,,,,,,,,,,,,,,,,,,,,,,,,,,,,,,
173716,21-Jul-18,22:24:24,2018-07-21 22:24:24,G,2,5,3674,,0,9,-63.0434,-57.0432,24:28.7,FastGPS,-63.0434,-57.0432,,,11.2,-0.3,,,,15,15,4911,,,,24,16871,,,,17,4564,,,,13,17965,,,,12,96,,,,19,29410,,,,32,12600,,,,10,26358,,,,28,26246,,,,,,,,,,,,,,,,,,,,,,,,,,,,,,,,,
173716,21-Jul-18,23:28:34,2018-07-21 23:28:34,G,1,5,3676,534,0,5,-63.0028,-57.0665,28:38.7,FastGPS,-63.0028,-57.0665,,,7.6,-0.3,,,,15,17,23658,,,,12,5504,,,,32,7633,,,,19,11301,,,,24,16397,,,,,,,,,,,,,,,,,,,,,,,,,,,,,,,,,,,,,,,,,,,,,,,,,,,,,
173716,22-Jul-18,1:22:39,2018-07-22 01:22:39,G,2,5,3679,,0,9,-62.8926,-57.0302,22:43.2,FastGPS,-62.8926,-57.0302,,,10.6,-0.8,,,,15,19,1186,,,,29,29936,,,,12,848,,,,24,16263,,,,32,22265,,,,2,14934,,,,6,5609,,,,3,26138,,,,25,17090,,,,,,,,,,,,,,,,,,,,,,,,,,,,,,,,,
173716,22-Jul-18,1:58:31,2018-07-22 01:58:31,G,1,5,3680,535,0,7,-62.8631,-57.0493,58:36.2,FastGPS,-62.8631,-57.0493,,,8.1,0.2,,,,15,12,14306,,,,29,16178,,,,31,4097,,,,25,27428,,,,2,227,,,,6,15928,,,,5,27419,,,,,,,,,,,,,,,,,,,,,,,,,,,,,,,,,,,,,,,,,,,
173716,22-Jul-18,2:29:39,2018-07-22 02:29:39,G,1,5,3681,535,0,8,-62.8478,-57.0869,29:43.2,FastGPS,-62.8478,-57.0869,,1,17.7,-0.8,,,,15,12,28418,,,,29,7270,,,,5,22666,,,,31,4596,,,,2,4316,,,,4,15901,,,,6,23188,,,,26,31852,,,,,,,,,,,,,,,,,,,,,,,,,,,,,,,,,,,,,,
173716,22-Jul-18,5:17:07,2018-07-22 05:17:07,G,1,5,3686,535,0,8,-62.7583,-57.3413,17:11.6,FastGPS,-62.7583,-57.3413,,,15.5,-0.4,,,,15,29,27746,,,,4,28412,,,,26,13704,,,,21,10792,,,,16,3206,,,,7,11700,,,,5,5757,,,,20,28054,,,,,,,,,,,,,,,,,,,,,,,,,,,,,,,,,,,,,,
173716,22-Jul-18,7:21:08,2018-07-22 07:21:08,G,1,5,3690,535,0,8,-62.693,-57.5114,21:12.2,FastGPS,-62.693,-57.5114,,,9.1,-0.8,,,,15,10,20368,,,,27,22993,,,,8,3922,,,,15,25978,,,,21,1559,,,,20,25709,,,,13,26264,,,,16,21030,,,,,,,,,,,,,,,,,,,,,,,,,,,,,,,,,,,,,,
173716,22-Jul-18,7:51:00,2018-07-22 07:51:00,G,1,5,3691,535,0,8,-62.6787,-57.5527,51:04.7,FastGPS,-62.6787,-57.5527,,,12.7,-0.3,,,,15,27,19634,,,,10,20506,,,,8,21940,,,,15,3443,,,,21,2605,,,,11,3512,,,,13,8981,,,,20,8962,,,,,,,,,,,,,,,,,,,,,,,,,,,,,,,,,,,,,,
173716,22-Jul-18,8:22:47,2018-07-22 08:22:47,G,1,5,3692,535,0,8,-62.6654,-57.5906,22:51.7,FastGPS,-62.6654,-57.5906,,,11.5,-0.3,,,,15,10,27774,,,,15,17458,,,,8,18536,,,,27,16004,,,,20,30642,,,,28,9521,,,,24,28822,,,,18,6352,,,,,,,,,,,,,,,,,,,,,,,,,,,,,,,,,,,,,,
173716,22-Jul-18,9:30:32,2018-07-22 09:30:32,G,1,5,3694,,0,9,-62.6297,-57.6576,30:36.2,FastGPS,-62.6297,-57.6576,,,5.3,-0.8,,,,15,32,16356,,,,18,15878,,,,20,3250,,,,10,32486,,,,11,21620,,,,8,19678,,,,24,7360,,,,14,6436,,,,27,5074,,,,,,,,,,,,,,,,,,,,,,,,,,,,,,,,,
173716,22-Jul-18,10:00:30,2018-07-22 10:00:30,G,1,5,3695,,0,9,-62.6178,-57.6847,00:34.7,FastGPS,-62.6178,-57.6847,,,6.7,-0.3,,,,15,11,14553,,,,14,8302,,,,8,29172,,,,18,8216,,,,1,2336,,,,10,10880,,,,22,6362,,,,32,12815,,,,20,16352,,,,,,,,,,,,,,,,,,,,,,,,,,,,,,,,,
173716,22-Jul-18,12:10:16,2018-07-22 12:10:16,G,1,5,3699,,0,9,-62.5521,-57.8345,10:20.2,FastGPS,-62.5521,-57.8345,,,7.5,-0.8,,,,15,3,20479,,,,17,28002,,,,11,14590,,,,31,10939,,,,18,32334,,,,22,3627,,,,1,640,,,,32,3802,,,,23,11390,,,,,,,,,,,,,,,,,,,,,,,,,,,,,,,,,
173716,22-Jul-18,14:02:18,2018-07-22 14:02:18,G,1,5,3702,,0,9,-62.5049,-57.9631,02:23.7,FastGPS,-62.5049,-57.9631,,1,11.8,0.7,,,,15,22,4748,,,,23,136,,,,26,27278,,,,4,5413,,,,31,18123,,,,3,3058,,,,6,31852,,,,9,10472,,,,25,9000,,,,,,,,,,,,,,,,,,,,,,,,,,,,,,,,,
173716,22-Jul-18,14:35:27,2018-07-22 14:35:27,G,1,5,3703,,0,9,-62.4927,-58.0003,35:32.7,FastGPS,-62.4927,-58.0003,,1,4.2,0.7,,,,15,16,32534,,,,3,11885,,,,31,14600,,,,9,31232,,,,23,24374,,,,4,12718,,,,6,13250,,,,29,5552,,,,26,27362,,,,,,,,,,,,,,,,,,,,,,,,,,,,,,,,,
173716,22-Jul-18,17:56:11,2018-07-22 17:56:11,G,1,5,3709,535,0,8,-62.4624,-58.1762,56:15.7,FastGPS,-62.4624,-58.1762,,,15.9,-0.3,,,,15,13,8376,,,,5,17120,,,,21,30121,,,,30,13932,,,,7,29629,,,,28,2256,,,,8,1681,,,,16,27710,,,,,,,,,,,,,,,,,,,,,,,,,,,,,,,,,,,,,,
173716,22-Jul-18,18:30:03,2018-07-22 18:30:03,G,1,5,3710,,0,9,-62.4638,-58.1784,30:07.7,FastGPS,-62.4638,-58.1784,,,10.4,-0.3,,,,15,5,9953,,,,30,12045,,,,28,18280,,,,7,22309,,,,27,6751,,,,21,21187,,,,13,9443,,,,15,18334,,,,9,2903,,,,,,,,,,,,,,,,,,,,,,,,,,,,,,,,,
173716,22-Jul-18,19:00:00,2018-07-22 19:00:00,G,1,5,3711,535,0,4,-62.3123,-58.4944,54:34.0,FastGPS,-62.4655,-58.1892,,,1,-0.8,,,,15,5,22058,,,,13,26599,,,,15,14484,,,,28,13788,,,,,,,,,,,,,,,,,,,,,,,,,,,,,,,,,,,,,,,,,,,,,,,,,,,,,,,,,,
173716,22-Jul-18,19:30:07,2018-07-22 19:30:07,G,1,5,3712,535,0,8,-62.4608,-58.2057,30:11.7,FastGPS,-62.4608,-58.2057,,,12,-0.3,,,,15,5,12632,,,,13,19701,,,,15,6098,,,,7,29896,,,,28,15348,,,,8,23142,,,,30,7704,,,,11,32424,,,,,,,,,,,,,,,,,,,,,,,,,,,,,,,,,,,,,,
173716,22-Jul-18,20:00:00,2018-07-22 20:00:00,G,2,5,3713,535,0,8,-62.4611,-58.2067,00:04.2,FastGPS,-62.4611,-58.2067,,,11,-0.8,,,,15,15,4271,,,,30,26293,,,,7,30503,,,,20,14357,,,,11,14509,,,,13,4070,,,,18,23808,,,,28,1528,,,,,,,,,,,,,,,,,,,,,,,,,,,,,,,,,,,,,,
173716,22-Jul-18,20:34:11,2018-07-22 20:34:11,G,2,5,3714,535,0,7,-62.4503,-58.2321,34:15.2,FastGPS,-62.4503,-58.2321,,,8.7,-0.8,,,,15,17,12335,,,,1,5140,,,,13,31224,,,,15,1768,,,,30,31159,,,,11,31083,,,,28,25398,,,,,,,,,,,,,,,,,,,,,,,,,,,,,,,,,,,,,,,,,,,
173716,22-Jul-18,21:05:50,2018-07-22 21:05:50,G,1,5,3715,535,0,8,-62.4412,-58.2452,05:54.7,FastGPS,-62.4412,-58.2452,,,10.8,-0.3,,,,15,28,16538,,,,17,7846,,,,10,23695,,,,15,1877,,,,19,27792,,,,24,2837,,,,30,16322,,,,20,13252,,,,,,,,,,,,,,,,,,,,,,,,,,,,,,,,,,,,,,
173716,22-Jul-18,22:44:42,2018-07-22 22:44:42,G,2,5,3718,535,0,7,-62.4067,-58.2533,44:46.2,FastGPS,-62.4067,-58.2533,,,3.6,-0.8,,,,15,17,18378,,,,24,13067,,,,19,7109,,,,32,27872,,,,12,669,,,,1,4714,,,,10,21378,,,,,,,,,,,,,,,,,,,,,,,,,,,,,,,,,,,,,,,,,,,
173716,23-Jul-18,0:40:09,2018-07-23 00:40:09,G,2,5,3721,,0,9,-62.3683,-58.3158,40:13.2,FastGPS,-62.3683,-58.3158,,,9.8,-0.8,,,,15,12,24338,,,,25,5203,,,,6,11588,,,,2,1505,,,,19,15285,,,,17,27529,,,,14,3638,,,,32,28596,,,,22,27182,,,,,,,,,,,,,,,,,,,,,,,,,,,,,,,,,
173716,23-Jul-18,3:51:27,2018-07-23 03:51:27,G,1,5,3727,536,0,8,-62.334,-58.3924,51:32.7,FastGPS,-62.334,-58.3924,,1,8.1,0.7,,,,15,4,19246,,,,5,13016,,,,25,30800,,,,21,12859,,,,31,22582,,,,29,11565,,,,26,30172,,,,2,25341,,,,,,,,,,,,,,,,,,,,,,,,,,,,,,,,,,,,,,
173716,23-Jul-18,4:21:00,2018-07-23 04:21:00,G,2,5,3728,536,0,7,-62.3268,-58.4261,21:05.2,FastGPS,-62.3268,-58.4261,,1,3,0.2,,,,15,26,31803,,,,29,13422,,,,4,26503,,,,21,4027,,,,16,28316,,,,5,29596,,,,31,18074,,,,,,,,,,,,,,,,,,,,,,,,,,,,,,,,,,,,,,,,,,,
173716,23-Jul-18,4:54:28,2018-07-23 04:54:28,G,1,5,3729,536,0,4,-62.344,-59.703,7/24/2018 3:24,N,-62.3123,-58.4944,,,62,1,,,,15,16,20194,,,,4,22964,,,,21,17018,,,,26,25772,,,,,,,,,,,,,,,,,,,,,,,,,,,,,,,,,,,,,,,,,,,,,,,,,,,,,,,,,,
173716,23-Jul-18,6:00:48,2018-07-23 06:00:48,G,1,5,3731,,0,9,-62.3099,-58.5094,00:53.7,FastGPS,-62.3099,-58.5094,,1,9.5,0.7,,,,15,29,22324,,,,4,6876,,,,16,22097,,,,10,22602,,,,26,22142,,,,15,6172,,,,20,30842,,,,27,29984,,,,13,18052,,,,,,,,,,,,,,,,,,,,,,,,,,,,,,,,,
173716,23-Jul-18,6:34:54,2018-07-23 06:34:54,G,1,5,3732,,0,9,-62.3064,-58.5523,34:59.2,FastGPS,-62.3064,-58.5523,,1,8.1,0.2,,,,15,10,14906,,,,16,23251,,,,15,24295,,,,27,2076,,,,20,24055,,,,26,11011,,,,21,9023,,,,4,16677,,,,8,16292,,,,,,,,,,,,,,,,,,,,,,,,,,,,,,,,,
173716,23-Jul-18,12:15:53,2018-07-23 12:15:53,G,1,5,3741,,0,9,-62.287,-58.6998,15:57.7,FastGPS,-62.287,-58.6998,,,7.5,-0.3,,,,15,12,28514,,,,14,13723,,,,17,13287,,,,19,27032,,,,23,26940,,,,6,30869,,,,3,4204,,,,11,12917,,,,1,8126,,,,,,,,,,,,,,,,,,,,,,,,,,,,,,,,,
173716,23-Jul-18,13:37:01,2018-07-23 13:37:01,G,1,5,3743,,0,9,-62.2898,-58.7871,37:05.7,FastGPS,-62.2898,-58.7871,,,5.4,-0.3,,,,15,23,5659,,,,9,2651,,,,22,26722,,,,31,5592,,,,1,31970,,,,19,4446,,,,3,19717,,,,17,18622,,,,26,18578,,,,,,,,,,,,,,,,,,,,,,,,,,,,,,,,,
173716,23-Jul-18,14:43:36,2018-07-23 14:43:36,G,2,5,3745,,0,9,-62.3215,-58.833,43:40.2,FastGPS,-62.3215,-58.833,,,10.4,-0.8,,,,15,22,21744,,,,16,24660,,,,3,13732,,,,9,14648,,,,6,18659,,,,2,3809,,,,26,25674,,,,23,31023,,,,7,28427,,,,,,,,,,,,,,,,,,,,,,,,,,,,,,,,,
173716,23-Jul-18,15:49:41,2018-07-23 15:49:41,G,1,5,3747,,0,9,-62.332,-58.8741,49:45.2,FastGPS,-62.332,-58.8741,,,13.9,-0.8,,,,15,3,16400,,,,7,21197,,,,23,14114,,,,29,6702,,,,5,9938,,,,30,19386,,,,2,16500,,,,6,30678,,,,9,16914,,,,,,,,,,,,,,,,,,,,,,,,,,,,,,,,,
173716,23-Jul-18,17:31:42,2018-07-23 17:31:42,G,1,5,3750,541,0,6,-62.3752,-59.0074,31:46.2,FastGPS,-62.3752,-59.0074,,,5.2,-0.8,,,,15,5,18811,,,,30,9191,,,,7,19382,,,,9,638,,,,13,23584,,,,28,21994,,,,,,,,,,,,,,,,,,,,,,,,,,,,,,,,,,,,,,,,,,,,,,,,
173716,23-Jul-18,18:05:41,2018-07-23 18:05:41,G,2,5,3751,541,0,7,-62.3784,-59.0517,05:45.7,FastGPS,-62.3784,-59.0517,,,10.1,-0.3,,,,15,5,11000,,,,28,11628,,,,13,2150,,,,9,23498,,,,7,2871,,,,30,32386,,,,21,14411,,,,,,,,,,,,,,,,,,,,,,,,,,,,,,,,,,,,,,,,,,,
173716,24-Jul-18,1:01:18,2018-07-24 01:01:18,G,1,5,3763,,0,9,-62.3209,-59.5996,01:22.2,FastGPS,-62.3209,-59.5996,,,13.1,-0.8,,,,15,2,631,,,,29,9112,,,,12,11359,,,,24,9071,,,,31,5384,,,,25,22290,,,,14,29094,,,,32,8799,,,,6,5058,,,,,,,,,,,,,,,,,,,,,,,,,,,,,,,,,
173716,24-Jul-18,2:03:46,2018-07-24 02:03:46,G,1,5,3765,543,0,4,-62.3123,-58.4944,54:34.0,FastGPS,-62.3203,-59.6379,,,2.2,0.7,,,,15,31,29197,,,,29,32056,,,,5,4676,,,,12,22798,,,,,,,,,,,,,,,,,,,,,,,,,,,,,,,,,,,,,,,,,,,,,,,,,,,,,,,,,,
173716,24-Jul-18,4:54:01,2018-07-24 04:54:01,G,2,5,3770,544,0,7,-62.3708,-59.7726,54:05.7,FastGPS,-62.3708,-59.7726,,,24.5,-0.3,,,,15,16,29134,,,,5,15243,,,,26,22221,,,,27,17728,,,,21,25038,,,,29,20582,,,,4,15025,,,,,,,,,,,,,,,,,,,,,,,,,,,,,,,,,,,,,,,,,,,
173716,24-Jul-18,6:30:19,2018-07-24 06:30:19,G,1,5,3773,,0,9,-62.39,-59.8615,30:23.7,FastGPS,-62.39,-59.8615,,,10.9,-0.3,,,,15,13,9369,,,,7,17610,,,,27,7132,,,,15,18690,,,,10,14662,,,,21,8490,,,,16,30188,,,,8,22894,,,,30,14072,,,,,,,,,,,,,,,,,,,,,,,,,,,,,,,,,
173716,24-Jul-18,7:48:00,2018-07-24 07:48:00,G,1,5,3775,545,0,7,-62.3832,-59.8746,48:04.7,FastGPS,-62.3832,-59.8746,,,4.4,-0.3,,,,15,8,21733,,,,15,31585,,,,18,14900,,,,27,494,,,,20,9794,,,,10,9244,,,,11,16644,,,,,,,,,,,,,,,,,,,,,,,,,,,,,,,,,,,,,,,,,,,
173716,24-Jul-18,9:05:53,2018-07-24 09:05:53,G,1,5,3776,,0,9,-62.3776,-59.8913,05:57.2,FastGPS,-62.3776,-59.8913,,,10.7,-0.8,,,,15,20,17787,,,,14,20917,,,,10,27516,,,,27,9996,,,,28,4455,,,,32,25544,,,,24,5790,,,,1,21677,,,,18,11464,,,,,,,,,,,,,,,,,,,,,,,,,,,,,,,,,
173716,24-Jul-18,10:28:20,2018-07-24 10:28:20,G,1,5,3778,549,0,8,-62.379,-59.9406,28:25.7,FastGPS,-62.379,-59.9406,,,11,0.7,,,,15,32,15104,,,,14,15602,,,,22,31259,,,,11,8550,,,,18,31036,,,,1,9842,,,,3,1452,,,,8,18798,,,,,,,,,,,,,,,,,,,,,,,,,,,,,,,,,,,,,,
173716,24-Jul-18,12:39:03,2018-07-24 12:39:03,G,2,5,3782,,0,9,-62.4054,-60.0865,39:07.2,FastGPS,-62.4054,-60.0865,,,13,-0.8,,,,15,31,24373,,,,32,24136,,,,23,21046,,,,25,15147,,,,12,5976,,,,14,9612,,,,17,21678,,,,1,19490,,,,18,9414,,,,,,,,,,,,,,,,,,,,,,,,,,,,,,,,,
173716,24-Jul-18,13:11:06,2018-07-24 13:11:06,G,1,5,3783,,0,9,-62.4209,-60.13,11:10.7,FastGPS,-62.4209,-60.13,,,8.5,-0.3,,,,15,17,28885,,,,6,32693,,,,19,3224,,,,23,26787,,,,12,24567,,,,9,20280,,,,25,16600,,,,22,5874,,,,14,25600,,,,,,,,,,,,,,,,,,,,,,,,,,,,,,,,,
173716,24-Jul-18,19:56:40,2018-07-24 19:56:40,G,1,5,3795,550,0,7,-62.4056,-60.7418,56:44.7,FastGPS,-62.4056,-60.7418,,,8.4,-0.3,,,,15,15,7058,,,,13,20748,,,,7,8295,,,,17,6704,,,,30,14692,,,,28,14844,,,,20,10130,,,,,,,,,,,,,,,,,,,,,,,,,,,,,,,,,,,,,,,,,,,
173716,24-Jul-18,20:26:30,2018-07-24 20:26:30,G,1,5,3796,550,0,6,-62.3991,-60.7888,26:34.2,FastGPS,-62.3991,-60.7888,,,1.2,-0.8,,,,15,17,8308,,,,15,10544,,,,28,17824,,,,13,32511,,,,18,29760,,,,24,31180,,,,,,,,,,,,,,,,,,,,,,,,,,,,,,,,,,,,,,,,,,,,,,,,
173716,24-Jul-18,23:39:06,2018-07-24 23:39:06,G,1,5,3802,550,0,6,-62.3275,-61.0361,39:10.7,FastGPS,-62.3275,-61.0361,,,6.1,-0.3,,,,15,12,17873,,,,2,23880,,,,6,6898,,,,32,25492,,,,25,10994,,,,24,4168,,,,,,,,,,,,,,,,,,,,,,,,,,,,,,,,,,,,,,,,,,,,,,,,
173716,25-Jul-18,0:10:50,2018-07-25 00:10:50,G,2,5,3803,,0,9,-62.3174,-61.0545,10:54.7,FastGPS,-62.3174,-61.0545,,,10.7,-0.3,,,,15,17,26283,,,,2,9404,,,,32,27810,,,,14,19202,,,,3,31618,,,,19,13620,,,,24,31688,,,,12,2736,,,,29,15012,,,,,,,,,,,,,,,,,,,,,,,,,,,,,,,,,
173716,25-Jul-18,0:57:48,2018-07-25 00:57:48,G,1,5,3804,551,0,8,-62.2974,-61.0461,57:52.7,FastGPS,-62.2974,-61.0461,,,8.1,-0.3,,,,15,2,18512,,,,19,8771,,,,32,2584,,,,29,5526,,,,12,28238,,,,31,825,,,,14,22850,,,,25,15264,,,,,,,,,,,,,,,,,,,,,,,,,,,,,,,,,,,,,,
173716,25-Jul-18,1:59:01,2018-07-25 01:59:01,G,1,5,3806,551,0,7,-62.3016,-61.0288,59:05.7,FastGPS,-62.3016,-61.0288,,1,5.8,-0.3,,,,15,5,9932,,,,12,2150,,,,29,16396,,,,25,6248,,,,31,15862,,,,2,26120,,,,4,140,,,,,,,,,,,,,,,,,,,,,,,,,,,,,,,,,,,,,,,,,,,
173716,25-Jul-18,2:29:02,2018-07-25 02:29:02,G,1,5,3807,551,0,7,-62.3039,-61.018,29:06.7,FastGPS,-62.3039,-61.018,,1,0.9,-0.3,,,,15,31,2407,,,,12,15307,,,,5,31452,,,,29,24260,,,,2,12882,,,,25,6221,,,,4,26008,,,,,,,,,,,,,,,,,,,,,,,,,,,,,,,,,,,,,,,,,,,
173716,25-Jul-18,2:59:20,2018-07-25 02:59:20,G,1,5,3808,551,0,8,-62.3059,-61.026,59:24.7,FastGPS,-62.3059,-61.026,,,6.3,-0.3,,,,15,26,23237,,,,31,17082,,,,4,13958,,,,23,16991,,,,29,9764,,,,16,23192,,,,12,23214,,,,25,12761,,,,,,,,,,,,,,,,,,,,,,,,,,,,,,,,,,,,,,
173716,25-Jul-18,3:31:21,2018-07-25 03:31:21,G,1,5,3809,551,0,7,-62.3074,-61.0263,31:25.2,FastGPS,-62.3074,-61.0263,,,7.1,-0.8,,,,15,29,6362,,,,5,8828,,,,26,29292,,,,16,4125,,,,4,27042,,,,31,30554,,,,2,25335,,,,,,,,,,,,,,,,,,,,,,,,,,,,,,,,,,,,,,,,,,,
173716,25-Jul-18,4:02:01,2018-07-25 04:02:01,G,1,5,3810,551,0,5,-62.3132,-60.9933,02:06.7,FastGPS,-62.3132,-60.9933,,,11.5,0.7,,,,15,31,4088,,,,5,17747,,,,16,24732,,,,21,22428,,,,26,20762,,,,,,,,,,,,,,,,,,,,,,,,,,,,,,,,,,,,,,,,,,,,,,,,,,,,,
173716,25-Jul-18,4:33:20,2018-07-25 04:33:20,G,1,5,3811,551,0,7,-62.3215,-61.0145,33:24.7,FastGPS,-62.3215,-61.0145,,1,5.3,-0.3,,,,15,5,26878,,,,16,6284,,,,21,23507,,,,26,16516,,,,31,2024,,,,29,18240,,,,4,22865,,,,,,,,,,,,,,,,,,,,,,,,,,,,,,,,,,,,,,,,,,,
173716,25-Jul-18,6:09:16,2018-07-25 06:09:16,G,1,5,3814,,0,9,-62.3073,-61.0476,09:20.3,FastGPS,-62.3073,-61.0476,,,12.1,-0.7,,,,15,29,10233,,,,20,26355,,,,13,7473,,,,5,16071,,,,27,8537,,,,26,7886,,,,30,1558,,,,10,17541,,,,7,18723,,,,,,,,,,,,,,,,,,,,,,,,,,,,,,,,,
173716,25-Jul-18,8:14:06,2018-07-25 08:14:06,G,1,5,3818,551,0,7,-62.3131,-61.0489,14:10.2,FastGPS,-62.3131,-61.0489,,,6.9,-0.8,,,,15,10,24221,,,,20,9428,,,,32,4968,,,,27,13934,,,,24,21436,,,,15,27034,,,,8,32386,,,,,,,,,,,,,,,,,,,,,,,,,,,,,,,,,,,,,,,,,,,
173716,25-Jul-18,8:59:00,2018-07-25 08:59:00,G,1,5,3819,,0,9,-62.3175,-61.0341,59:04.2,FastGPS,-62.3175,-61.0341,,,7.9,-0.8,,,,15,18,14674,,,,11,21078,,,,8,7212,,,,27,29059,,,,32,20338,,,,10,3741,,,,28,12626,,,,1,22040,,,,20,29067,,,,,,,,,,,,,,,,,,,,,,,,,,,,,,,,,
173716,25-Jul-18,11:03:07,2018-07-25 11:03:07,G,1,5,3823,,0,9,-62.3461,-61.0197,03:11.7,FastGPS,-62.3461,-61.0197,,,14.1,-0.3,,,,15,31,11738,,,,11,13032,,,,22,23765,,,,1,1621,,,,32,20573,,,,17,25449,,,,14,28578,,,,10,23119,,,,18,31260,,,,,,,,,,,,,,,,,,,,,,,,,,,,,,,,,
173716,25-Jul-18,19:11:48,2018-07-25 19:11:48,G,1,5,3838,552,0,7,-62.2919,-60.9596,11:52.2,FastGPS,-62.2919,-60.9596,,,12.6,-0.8,,,,15,7,26041,,,,28,15573,,,,11,15762,,,,5,794,,,,30,31128,,,,15,10812,,,,13,3478,,,,,,,,,,,,,,,,,,,,,,,,,,,,,,,,,,,,,,,,,,,
173716,26-Jul-18,0:15:46,2018-07-26 00:15:46,G,1,5,3848,,0,9,-62.2924,-60.9425,15:50.7,FastGPS,-62.2924,-60.9425,,,6.7,-0.3,,,,15,17,30564,,,,2,32153,,,,24,13138,,,,6,19480,,,,19,1888,,,,3,15730,,,,12,17668,,,,14,5600,,,,32,26492,,,,,,,,,,,,,,,,,,,,,,,,,,,,,,,,,
173716,26-Jul-18,1:49:29,2018-07-26 01:49:29,G,1,5,3851,552,0,7,-62.284,-60.956,49:33.7,FastGPS,-62.284,-60.956,,,9.9,-0.3,,,,15,29,28459,,,,31,2886,,,,12,17277,,,,2,25456,,,,25,4124,,,,6,9617,,,,23,27223,,,,,,,,,,,,,,,,,,,,,,,,,,,,,,,,,,,,,,,,,,,
173716,26-Jul-18,3:50:29,2018-07-26 03:50:29,G,1,5,3854,554,0,6,-62.3008,-60.8985,50:33.7,FastGPS,-62.3008,-60.8985,,,18.9,-0.3,,,,15,5,32345,,,,29,17493,,,,21,2056,,,,31,15794,,,,25,1620,,,,16,9100,,,,,,,,,,,,,,,,,,,,,,,,,,,,,,,,,,,,,,,,,,,,,,,,
173716,26-Jul-18,4:55:51,2018-07-26 04:55:51,G,1,5,3855,556,0,7,-62.2986,-60.847,55:55.7,FastGPS,-62.2986,-60.847,,,14.9,-0.3,,,,15,26,24833,,,,4,8596,,,,5,28735,,,,21,30206,,,,16,30742,,,,27,13152,,,,29,24905,,,,,,,,,,,,,,,,,,,,,,,,,,,,,,,,,,,,,,,,,,,
173716,26-Jul-18,5:58:03,2018-07-26 05:58:03,G,1,5,3857,,0,9,-62.3011,-60.836,58:07.2,FastGPS,-62.3011,-60.836,,1,6.5,-0.8,,,,15,20,9538,,,,16,513,,,,27,21294,,,,7,25048,,,,21,28385,,,,15,3815,,,,13,3829,,,,4,18374,,,,10,20078,,,,,,,,,,,,,,,,,,,,,,,,,,,,,,,,,
173716,26-Jul-18,7:36:22,2018-07-26 07:36:22,G,1,5,3860,,0,9,-62.3079,-60.919,36:27.2,FastGPS,-62.3079,-60.919,,,5.1,0.2,,,,15,16,5352,,,,27,8204,,,,8,20850,,,,32,13796,,,,18,9618,,,,10,6905,,,,15,2329,,,,20,14266,,,,30,22022,,,,,,,,,,,,,,,,,,,,,,,,,,,,,,,,,
173716,26-Jul-18,10:26:02,2018-07-26 10:26:02,G,1,5,3865,,0,9,-62.2923,-61.0052,26:07.7,FastGPS,-62.2923,-61.0052,,,8.6,0.7,,,,15,31,28052,,,,17,29354,,,,10,3467,,,,32,14679,,,,28,23488,,,,8,2830,,,,1,32184,,,,3,8126,,,,22,30618,,,,,,,,,,,,,,,,,,,,,,,,,,,,,,,,,
173716,26-Jul-18,11:31:42,2018-07-26 11:31:42,G,1,5,3867,,0,9,-62.2997,-60.992,31:46.7,FastGPS,-62.2997,-60.992,,,12.8,-0.3,,,,15,11,18848,,,,1,3065,,,,17,12525,,,,31,23323,,,,3,1050,,,,19,3990,,,,23,32146,,,,32,1352,,,,18,744,,,,,,,,,,,,,,,,,,,,,,,,,,,,,,,,,
173716,26-Jul-18,14:45:06,2018-07-26 14:45:06,G,1,5,3873,557,0,8,-62.2968,-60.9903,45:10.2,FastGPS,-62.2968,-60.9903,,,10.3,-0.8,,,,15,7,5257,,,,29,8232,,,,4,25549,,,,6,1279,,,,9,11586,,,,2,31659,,,,22,12016,,,,31,5546,,,,,,,,,,,,,,,,,,,,,,,,,,,,,,,,,,,,,,
173716,26-Jul-18,18:53:11,2018-07-26 18:53:11,G,1,5,3880,558,0,8,-62.303,-60.9881,53:16.8,FastGPS,-62.303,-60.9881,,,8.3,0.8,,,,15,15,23460,,,,13,15842,,,,30,30064,,,,7,24010,,,,5,26794,,,,28,7676,,,,20,28145,,,,21,22908,,,,,,,,,,,,,,,,,,,,,,,,,,,,,,,,,,,,,,
173716,26-Jul-18,22:14:31,2018-07-26 22:14:31,G,1,5,3886,,0,9,-62.2868,-60.9864,14:35.7,FastGPS,-62.2868,-60.9864,,,12.2,-0.3,,,,15,1,16562,,,,19,12045,,,,17,20338,,,,28,15847,,,,15,16803,,,,18,27652,,,,32,20013,,,,12,28089,,,,11,5106,,,,,,,,,,,,,,,,,,,,,,,,,,,,,,,,,
173716,27-Jul-18,0:51:03,2018-07-27 00:51:03,G,1,5,3891,,0,9,-62.309,-61.069,51:07.7,FastGPS,-62.309,-61.069,,,14.8,-0.3,,,,15,29,16510,,,,31,10793,,,,2,26366,,,,32,2347,,,,25,22802,,,,6,21632,,,,14,24833,,,,12,29822,,,,24,23868,,,,,,,,,,,,,,,,,,,,,,,,,,,,,,,,,
173716,27-Jul-18,2:30:29,2018-07-27 02:30:29,G,1,5,3894,,0,9,-62.3024,-61.0214,30:33.3,FastGPS,-62.3024,-61.0214,,,8.5,-0.7,,,,15,23,15363,,,,31,29622,,,,9,17494,,,,5,31547,,,,12,4258,,,,2,20283,,,,26,23612,,,,25,18908,,,,29,6646,,,,,,,,,,,,,,,,,,,,,,,,,,,,,,,,,
173716,27-Jul-18,3:33:43,2018-07-27 03:33:43,G,1,5,3896,,0,9,-62.3411,-61.0265,33:48.3,FastGPS,-62.3411,-61.0265,,,10.2,0.3,,,,15,26,9565,,,,31,12588,,,,25,4095,,,,4,30611,,,,21,19094,,,,9,5515,,,,16,3277,,,,29,15144,,,,5,6068,,,,,,,,,,,,,,,,,,,,,,,,,,,,,,,,,
173716,27-Jul-18,5:16:09,2018-07-27 05:16:09,G,1,5,3899,559,0,7,-62.3632,-61.0993,16:14.2,FastGPS,-62.3632,-61.0993,,,6,0.2,,,,15,5,22537,,,,7,15271,,,,27,27316,,,,26,15822,,,,4,14115,,,,16,942,,,,29,32698,,,,,,,,,,,,,,,,,,,,,,,,,,,,,,,,,,,,,,,,,,,
173716,27-Jul-18,7:20:27,2018-07-27 07:20:27,G,1,5,3903,559,0,7,-62.4236,-61.252,20:31.3,FastGPS,-62.4236,-61.252,,,8.5,-0.7,,,,15,16,27132,,,,10,18439,,,,18,28944,,,,27,15058,,,,8,26348,,,,20,25618,,,,21,14734,,,,,,,,,,,,,,,,,,,,,,,,,,,,,,,,,,,,,,,,,,,
173716,27-Jul-18,8:21:05,2018-07-27 08:21:05,G,2,5,3905,,0,9,-62.4375,-61.1988,21:09.7,FastGPS,-62.4375,-61.1988,,,11.2,-0.3,,,,15,24,14805,,,,15,29728,,,,10,29080,,,,20,12418,,,,18,5372,,,,27,17324,,,,21,19612,,,,32,17896,,,,11,9753,,,,,,,,,,,,,,,,,,,,,,,,,,,,,,,,,
173716,27-Jul-18,8:52:50,2018-07-27 08:52:50,G,2,5,3906,,0,9,-62.4382,-61.142,52:54.7,FastGPS,-62.4382,-61.142,,,10.1,-0.3,,,,15,20,30884,,,,32,2764,,,,27,29370,,,,10,8763,,,,28,24906,,,,24,15968,,,,8,12816,,,,15,10857,,,,11,4418,,,,,,,,,,,,,,,,,,,,,,,,,,,,,,,,,
173716,27-Jul-18,9:59:15,2018-07-27 09:59:15,G,1,5,3908,,0,9,-62.4438,-61.1382,59:19.3,FastGPS,-62.4438,-61.1382,,,3.8,-0.7,,,,15,22,8916,,,,1,11646,,,,8,32684,,,,32,21280,,,,17,2279,,,,28,1561,,,,11,14398,,,,14,8643,,,,3,606,,,,,,,,,,,,,,,,,,,,,,,,,,,,,,,,,
173716,27-Jul-18,10:29:03,2018-07-27 10:29:03,G,2,5,3909,559,0,7,-62.4515,-61.11,29:07.3,FastGPS,-62.4515,-61.11,,,8.1,-0.7,,,,15,17,30813,,,,3,13221,,,,11,20497,,,,32,13580,,,,1,18767,,,,22,27930,,,,10,13125,,,,,,,,,,,,,,,,,,,,,,,,,,,,,,,,,,,,,,,,,,,
173716,27-Jul-18,12:04:54,2018-07-27 12:04:54,G,3,5,3911,,0,9,-62.4402,-61.0649,04:58.3,FastGPS,-62.4402,-61.0649,,,4.9,-0.7,,,,15,31,11331,,,,23,10680,,,,1,11610,,,,22,9893,,,,17,1059,,,,14,5202,,,,11,12868,,,,3,2469,,,,18,19835,,,,,,,,,,,,,,,,,,,,,,,,,,,,,,,,,
173716,27-Jul-18,13:07:50,2018-07-27 13:07:50,G,2,5,3913,561,0,8,-62.4214,-60.9721,07:54.8,FastGPS,-62.4214,-60.9721,,,7.4,-0.2,,,,15,31,31639,,,,3,14661,,,,23,22920,,,,9,2702,,,,17,31017,,,,1,3724,,,,25,12201,,,,4,30482,,,,,,,,,,,,,,,,,,,,,,,,,,,,,,,,,,,,,,
173716,27-Jul-18,20:29:21,2018-07-27 20:29:21,G,4,5,3926,,0,9,-62.2826,-60.449,29:26.3,FastGPS,-62.2826,-60.449,,,7,0.3,,,,15,17,29337,,,,30,3819,,,,13,13388,,,,1,26292,,,,28,8150,,,,11,9374,,,,18,3823,,,,8,30175,,,,10,30262,,,,,,,,,,,,,,,,,,,,,,,,,,,,,,,,,
173716,27-Jul-18,21:30:29,2018-07-27 21:30:29,G,2,5,3928,563,0,4,-62.119,-60.372,7/28/2018 20:57,R,-62.2501,-60.3616,,,1.1,0.7,,,,15,17,2866,,,,28,11811,,,,19,10262,,,,15,12514,,,,,,,,,,,,,,,,,,,,,,,,,,,,,,,,,,,,,,,,,,,,,,,,,,,,,,,,,,
173716,27-Jul-18,23:15:13,2018-07-27 23:15:13,G,2,5,3931,564,0,4,-62.119,-60.372,7/28/2018 20:57,R,-62.2019,-60.363,,,0.2,0.7,,,,15,12,30185,,,,17,22812,,,,6,7700,,,,19,14930,,,,,,,,,,,,,,,,,,,,,,,,,,,,,,,,,,,,,,,,,,,,,,,,,,,,,,,,,,
173716,28-Jul-18,0:30:05,2018-07-28 00:30:05,G,1,5,3933,565,0,7,-62.168,-60.4051,30:10.3,FastGPS,-62.168,-60.4051,,,10.3,0.3,,,,15,25,30166,,,,19,23836,,,,31,16838,,,,32,640,,,,6,21582,,,,12,3028,,,,29,17051,,,,,,,,,,,,,,,,,,,,,,,,,,,,,,,,,,,,,,,,,,,
173716,28-Jul-18,1:00:05,2018-07-28 01:00:05,G,2,5,3934,,0,9,-62.1572,-60.4069,00:10.3,FastGPS,-62.1572,-60.4069,,,8.2,0.3,,,,15,29,5542,,,,24,28182,,,,32,16376,,,,31,21714,,,,2,26230,,,,12,5033,,,,14,24584,,,,25,10065,,,,19,21524,,,,,,,,,,,,,,,,,,,,,,,,,,,,,,,,,
173716,28-Jul-18,1:30:22,2018-07-28 01:30:22,G,3,5,3935,565,0,8,-62.1525,-60.4001,30:27.8,FastGPS,-62.1525,-60.4001,,,13.1,0.8,,,,15,31,11773,,,,29,24821,,,,14,31663,,,,4,18788,,,,12,23172,,,,2,28973,,,,6,16532,,,,25,4654,,,,,,,,,,,,,,,,,,,,,,,,,,,,,,,,,,,,,,
173716,28-Jul-18,2:00:08,2018-07-28 02:00:08,G,3,5,3936,565,0,7,-62.1526,-60.4186,00:13.8,FastGPS,-62.1526,-60.4186,,1,7.5,0.8,,,,15,4,4314,,,,31,11390,,,,12,3280,,,,29,3376,,,,5,19636,,,,23,14021,,,,25,13646,,,,,,,,,,,,,,,,,,,,,,,,,,,,,,,,,,,,,,,,,,,
173716,28-Jul-18,2:30:33,2018-07-28 02:30:33,G,3,5,3937,,0,9,-62.1574,-60.4251,30:38.8,FastGPS,-62.1574,-60.4251,,1,4.5,0.8,,,,15,31,12213,,,,4,28492,,,,29,545,,,,25,32256,,,,26,26144,,,,12,9942,,,,23,712,,,,2,31504,,,,5,4586,,,,,,,,,,,,,,,,,,,,,,,,,,,,,,,,,
173716,28-Jul-18,3:00:01,2018-07-28 03:00:01,G,1,5,3938,565,0,6,-62.1485,-60.4407,00:06.8,FastGPS,-62.1485,-60.4407,,,6.5,0.8,,,,15,5,15125,,,,31,22257,,,,23,30204,,,,29,16810,,,,21,13889,,,,2,18324,,,,,,,,,,,,,,,,,,,,,,,,,,,,,,,,,,,,,,,,,,,,,,,,
173716,28-Jul-18,4:16:18,2018-07-28 04:16:18,G,1,5,3940,566,0,8,-62.1831,-60.4365,16:23.3,FastGPS,-62.1831,-60.4365,,1,8.1,0.3,,,,15,31,29006,,,,16,28044,,,,5,9700,,,,21,12469,,,,26,20825,,,,4,32363,,,,9,5540,,,,29,7236,,,,,,,,,,,,,,,,,,,,,,,,,,,,,,,,,,,,,,
173716,28-Jul-18,4:48:43,2018-07-28 04:48:43,G,1,5,3941,,0,9,-62.2054,-60.3969,48:48.7,FastGPS,-62.2054,-60.3969,,,12.6,0.7,,,,15,16,28713,,,,27,12912,,,,26,20602,,,,7,18517,,,,29,21080,,,,21,30505,,,,4,4187,,,,20,6196,,,,5,25139,,,,,,,,,,,,,,,,,,,,,,,,,,,,,,,,,
173716,28-Jul-18,5:19:07,2018-07-28 05:19:07,G,1,5,3942,,0,9,-62.2117,-60.3921,19:12.3,FastGPS,-62.2117,-60.3921,,,14.9,0.3,,,,15,27,9753,,,,4,14074,,,,16,24358,,,,26,19292,,,,20,5594,,,,21,7858,,,,5,21031,,,,13,15998,,,,7,13418,,,,,,,,,,,,,,,,,,,,,,,,,,,,,,,,,
173716,28-Jul-18,6:27:14,2018-07-28 06:27:14,G,1,5,3944,566,0,8,-62.2203,-60.3985,27:19.8,FastGPS,-62.2203,-60.3985,,,10.2,0.8,,,,15,13,14123,,,,15,16926,,,,21,18338,,,,10,17448,,,,20,26028,,,,8,28775,,,,27,17194,,,,7,4716,,,,,,,,,,,,,,,,,,,,,,,,,,,,,,,,,,,,,,
173716,28-Jul-18,7:01:15,2018-07-28 07:01:15,G,1,5,3945,566,0,7,-62.225,-60.3939,01:20.3,FastGPS,-62.225,-60.3939,,,6.9,0.3,,,,15,30,5298,,,,8,12472,,,,13,19110,,,,20,3955,,,,21,19506,,,,15,26400,,,,27,14549,,,,,,,,,,,,,,,,,,,,,,,,,,,,,,,,,,,,,,,,,,,
173716,28-Jul-18,7:34:53,2018-07-28 07:34:53,G,1,5,3946,566,0,8,-62.2297,-60.3894,34:58.8,FastGPS,-62.2297,-60.3894,,,11.2,0.8,,,,15,27,18490,,,,10,998,,,,8,17724,,,,20,23591,,,,32,286,,,,18,18515,,,,15,11507,,,,16,23238,,,,,,,,,,,,,,,,,,,,,,,,,,,,,,,,,,,,,,
173716,28-Jul-18,8:38:13,2018-07-28 08:38:13,G,1,5,3948,566,0,8,-62.2361,-60.3788,38:18.8,FastGPS,-62.2361,-60.3788,,,8.7,0.8,,,,15,27,5854,,,,32,1784,,,,18,29950,,,,10,30352,,,,8,26660,,,,11,2552,,,,14,13966,,,,28,10242,,,,,,,,,,,,,,,,,,,,,,,,,,,,,,,,,,,,,,
173716,28-Jul-18,11:52:11,2018-07-28 11:52:11,G,2,5,3953,568,0,5,-62.2624,-60.2928,52:15.8,FastGPS,-62.2624,-60.2928,,,2.6,-0.2,,,,15,22,2246,,,,17,30105,,,,3,5858,,,,23,19288,,,,1,21536,,,,,,,,,,,,,,,,,,,,,,,,,,,,,,,,,,,,,,,,,,,,,,,,,,,,,
173716,28-Jul-18,12:25:03,2018-07-28 12:25:03,G,3,5,3954,,0,9,-62.2638,-60.2893,25:07.8,FastGPS,-62.2638,-60.2893,,,4.7,-0.2,,,,15,23,2311,,,,3,9140,,,,31,28644,,,,1,15948,,,,12,4095,,,,22,28464,,,,17,19019,,,,19,15701,,,,6,6272,,,,,,,,,,,,,,,,,,,,,,,,,,,,,,,,,
173716,28-Jul-18,13:30:40,2018-07-28 13:30:40,G,1,5,3956,,0,9,-62.2674,-60.2805,30:44.3,FastGPS,-62.2674,-60.2805,,,8,-0.7,,,,15,31,3869,,,,23,2469,,,,3,26532,,,,9,5234,,,,2,12309,,,,6,8095,,,,19,9004,,,,22,5710,,,,25,29017,,,,,,,,,,,,,,,,,,,,,,,,,,,,,,,,,
173716,28-Jul-18,14:05:24,2018-07-28 14:05:24,G,1,5,3957,568,0,8,-62.269,-60.2732,05:29.7,FastGPS,-62.269,-60.2732,,1,4.7,0.7,,,,15,2,11471,,,,23,24558,,,,6,25178,,,,31,24984,,,,9,24228,,,,26,3493,,,,4,26405,,,,3,27008,,,,,,,,,,,,,,,,,,,,,,,,,,,,,,,,,,,,,,
173716,28-Jul-18,16:18:02,2018-07-28 16:18:02,G,1,5,3961,568,0,8,-62.2602,-60.2327,18:07.8,FastGPS,-62.2602,-60.2327,,,5.3,0.8,,,,15,7,1226,,,,5,31686,,,,9,9782,,,,16,24747,,,,26,22140,,,,30,14876,,,,23,9946,,,,29,7718,,,,,,,,,,,,,,,,,,,,,,,,,,,,,,,,,,,,,,
173716,28-Jul-18,18:02:56,2018-07-28 18:02:56,G,1,5,3964,568,0,8,-62.2293,-60.2305,03:01.8,FastGPS,-62.2293,-60.2305,,,6.9,0.8,,,,15,5,2838,,,,30,22750,,,,8,25978,,,,7,524,,,,9,16099,,,,28,18409,,,,27,10600,,,,13,19953,,,,,,,,,,,,,,,,,,,,,,,,,,,,,,,,,,,,,,
173716,28-Jul-18,20:13:23,2018-07-28 20:13:23,G,1,5,3968,568,0,8,-62.1749,-60.3079,13:27.3,FastGPS,-62.1749,-60.3079,,,8.1,-0.7,,,,15,18,20640,,,,11,6720,,,,13,11458,,,,17,12754,,,,15,28851,,,,1,22580,,,,20,1130,,,,28,32102,,,,,,,,,,,,,,,,,,,,,,,,,,,,,,,,,,,,,,
173716,28-Jul-18,23:22:06,2018-07-28 23:22:06,G,1,5,3974,568,0,8,-62.1262,-60.3796,22:10.8,FastGPS,-62.1262,-60.3796,,,7.7,-0.2,,,,15,12,4903,,,,32,9700,,,,24,27377,,,,25,26844,,,,19,20835,,,,17,1609,,,,2,10558,,,,14,24010,,,,,,,,,,,,,,,,,,,,,,,,,,,,,,,,,,,,,,
173716,29-Jul-18,1:32:53,2018-07-29 01:32:53,G,1,5,3978,568,0,7,-62.1718,-60.4407,32:57.7,FastGPS,-62.1718,-60.4407,,,9.4,-0.3,,,,15,29,9644,,,,12,29146,,,,31,20964,,,,2,24592,,,,25,678,,,,4,10731,,,,5,28932,,,,,,,,,,,,,,,,,,,,,,,,,,,,,,,,,,,,,,,,,,,
173716,29-Jul-18,4:12:18,2018-07-29 04:12:18,G,1,5,3983,568,0,7,-62.2063,-60.6088,12:22.3,FastGPS,-62.2063,-60.6088,,1,6.4,-0.7,,,,15,21,2308,,,,26,10632,,,,4,21884,,,,16,18324,,,,29,28310,,,,5,31190,,,,31,18471,,,,,,,,,,,,,,,,,,,,,,,,,,,,,,,,,,,,,,,,,,,
173716,29-Jul-18,6:23:36,2018-07-29 06:23:36,G,1,5,3987,,0,9,-62.2927,-60.6432,23:41.3,FastGPS,-62.2927,-60.6432,,,4.1,0.3,,,,15,27,22798,,,,21,20215,,,,16,9038,,,,10,22594,,,,15,20538,,,,8,3680,,,,13,17708,,,,20,29959,,,,7,9234,,,,,,,,,,,,,,,,,,,,,,,,,,,,,,,,,
173716,29-Jul-18,7:53:16,2018-07-29 07:53:16,G,1,5,3990,568,0,4,-62.483,-60.744,7/30/2018 5:36,A,-62.3579,-60.6292,,,0.2,0.2,,,,15,10,16109,,,,20,13174,,,,27,14914,,,,32,9100,,,,,,,,,,,,,,,,,,,,,,,,,,,,,,,,,,,,,,,,,,,,,,,,,,,,,,,,,,
173716,29-Jul-18,16:53:19,2018-07-29 16:53:19,G,1,5,4007,568,0,6,-62.5454,-60.4265,53:24.3,FastGPS,-62.5454,-60.4265,,,9.9,0.3,,,,15,5,5123,,,,7,17590,,,,9,4717,,,,30,2180,,,,23,6238,,,,16,12252,,,,,,,,,,,,,,,,,,,,,,,,,,,,,,,,,,,,,,,,,,,,,,,,
173716,29-Jul-18,18:58:01,2018-07-29 18:58:01,G,1,5,4011,568,0,8,-62.5579,-60.4516,58:06.8,FastGPS,-62.5579,-60.4516,,,11.1,0.8,,,,15,7,26900,,,,8,12675,,,,28,31082,,,,30,3965,,,,13,15659,,,,27,16874,,,,11,4635,,,,5,30081,,,,,,,,,,,,,,,,,,,,,,,,,,,,,,,,,,,,,,
173716,29-Jul-18,20:28:27,2018-07-29 20:28:27,G,1,5,4014,,0,9,-62.5634,-60.4859,28:32.8,FastGPS,-62.5634,-60.4859,,,8.9,0.8,,,,15,15,25499,,,,19,29918,,,,17,14957,,,,13,13394,,,,24,28421,,,,10,1920,,,,30,26210,,,,20,15626,,,,28,14401,,,,,,,,,,,,,,,,,,,,,,,,,,,,,,,,,
173716,29-Jul-18,20:58:00,2018-07-29 20:58:00,G,2,5,4015,,0,9,-62.5561,-60.5289,58:05.3,FastGPS,-62.5561,-60.5289,,,15,0.3,,,,15,15,30838,,,,13,4095,,,,17,15156,,,,19,19847,,,,24,30571,,,,10,16225,,,,28,15861,,,,30,17354,,,,1,5071,,,,,,,,,,,,,,,,,,,,,,,,,,,,,,,,,
173716,30-Jul-18,0:44:34,2018-07-30 00:44:34,G,1,5,4022,,0,9,-62.5416,-60.6499,44:39.8,FastGPS,-62.5416,-60.6499,,,7.8,0.8,,,,15,31,16489,,,,2,24711,,,,12,2691,,,,29,22919,,,,19,5151,,,,6,32043,,,,25,16516,,,,3,3300,,,,14,28612,,,,,,,,,,,,,,,,,,,,,,,,,,,,,,,,,
173716,30-Jul-18,1:50:16,2018-07-30 01:50:16,G,2,5,4024,569,0,7,-62.519,-60.6572,50:20.3,FastGPS,-62.519,-60.6572,,1,9.5,-0.7,,,,15,4,21060,,,,31,276,,,,2,21924,,,,25,2268,,,,29,19671,,,,26,1901,,,,6,21186,,,,,,,,,,,,,,,,,,,,,,,,,,,,,,,,,,,,,,,,,,,
173716,30-Jul-18,4:29:25,2018-07-30 04:29:25,G,1,5,4028,,0,9,-62.4882,-60.6736,29:30.3,FastGPS,-62.4882,-60.6736,,1,15.2,0.3,,,,15,16,2482,,,,29,19294,,,,26,27459,,,,5,16958,,,,4,19310,,,,21,28470,,,,20,10532,,,,7,16264,,,,27,24790,,,,,,,,,,,,,,,,,,,,,,,,,,,,,,,,,
173716,30-Jul-18,5:47:20,2018-07-30 05:47:20,G,1,5,4030,,0,9,-62.4829,-60.7701,47:25.3,FastGPS,-62.4829,-60.7701,,1,9.2,0.3,,,,15,4,14775,,,,27,29123,,,,29,10235,,,,20,14598,,,,26,5636,,,,16,13188,,,,10,1992,,,,13,1804,,,,7,13930,,,,,,,,,,,,,,,,,,,,,,,,,,,,,,,,,
173716,30-Jul-18,6:17:27,2018-07-30 06:17:27,G,1,5,4031,572,0,8,-62.4736,-60.7615,17:32.8,FastGPS,-62.4736,-60.7615,,1,6.5,0.8,,,,15,10,14385,,,,15,18940,,,,13,21632,,,,30,8414,,,,21,26925,,,,7,17114,,,,20,27298,,,,4,17260,,,,,,,,,,,,,,,,,,,,,,,,,,,,,,,,,,,,,,
173716,30-Jul-18,7:18:14,2018-07-30 07:18:14,G,1,5,4033,,0,9,-62.4563,-60.8022,18:19.3,FastGPS,-62.4563,-60.8022,,,14.8,0.3,,,,15,15,7212,,,,21,4057,,,,10,3930,,,,27,9227,,,,30,27596,,,,13,17144,,,,20,17029,,,,18,2887,,,,8,17866,,,,,,,,,,,,,,,,,,,,,,,,,,,,,,,,,
173716,30-Jul-18,7:51:11,2018-07-30 07:51:11,G,1,5,4034,572,0,8,-62.4647,-60.8261,51:16.8,FastGPS,-62.4647,-60.8261,,,6.9,0.8,,,,15,8,11006,,,,10,5032,,,,18,8152,,,,27,31990,,,,15,17566,,,,11,11451,,,,28,29833,,,,32,6284,,,,,,,,,,,,,,,,,,,,,,,,,,,,,,,,,,,,,,
173716,30-Jul-18,9:59:19,2018-07-30 09:59:19,G,1,5,4038,,0,9,-62.4744,-60.8582,59:24.3,FastGPS,-62.4744,-60.8582,,,8,0.3,,,,15,8,4937,,,,22,15739,,,,1,2350,,,,11,10580,,,,18,31687,,,,24,30168,,,,3,16816,,,,32,14600,,,,14,3410,,,,,,,,,,,,,,,,,,,,,,,,,,,,,,,,,
173716,30-Jul-18,11:15:00,2018-07-30 11:15:00,G,1,5,4040,,0,9,-62.4669,-60.8512,15:05.3,FastGPS,-62.4669,-60.8512,,,4.3,0.3,,,,15,17,24834,,,,14,27157,,,,31,910,,,,3,10758,,,,19,15622,,,,23,5958,,,,1,14208,,,,32,16054,,,,12,19379,,,,,,,,,,,,,,,,,,,,,,,,,,,,,,,,,
173716,30-Jul-18,11:50:46,2018-07-30 11:50:46,G,1,5,4041,,0,9,-62.4796,-60.8624,50:51.8,FastGPS,-62.4796,-60.8624,,,10.8,0.8,,,,15,17,4274,,,,23,768,,,,19,26342,,,,12,15884,,,,31,9306,,,,3,32669,,,,1,17142,,,,14,12162,,,,18,27306,,,,,,,,,,,,,,,,,,,,,,,,,,,,,,,,,
173716,30-Jul-18,12:21:12,2018-07-30 12:21:12,G,1,5,4042,573,0,7,-62.4992,-60.8615,21:17.3,FastGPS,-62.4992,-60.8615,,,8.1,0.3,,,,15,23,27946,,,,9,28353,,,,6,3704,,,,17,17032,,,,19,26617,,,,1,6294,,,,3,19512,,,,,,,,,,,,,,,,,,,,,,,,,,,,,,,,,,,,,,,,,,,
173716,30-Jul-18,13:08:56,2018-07-30 13:08:56,G,1,5,4043,,0,9,-62.5335,-60.8885,09:01.3,FastGPS,-62.5335,-60.8885,,,10.9,0.3,,,,15,17,14377,,,,2,5780,,,,31,20185,,,,9,4583,,,,19,4122,,,,23,30001,,,,6,7041,,,,22,7729,,,,4,22071,,,,,,,,,,,,,,,,,,,,,,,,,,,,,,,,,
173716,30-Jul-18,18:11:00,2018-07-30 18:11:00,G,1,5,4052,576,0,7,-62.582,-61.1316,11:05.8,FastGPS,-62.582,-61.1316,,,3.3,0.8,,,,15,7,9812,,,,5,31081,,,,28,23338,,,,13,8568,,,,30,15518,,,,8,16426,,,,27,28443,,,,,,,,,,,,,,,,,,,,,,,,,,,,,,,,,,,,,,,,,,,
173716,30-Jul-18,18:42:57,2018-07-30 18:42:57,G,1,5,4053,576,0,6,-62.5757,-61.174,43:02.3,FastGPS,-62.5757,-61.174,,,2.6,0.3,,,,15,5,7153,,,,13,31254,,,,7,993,,,,28,28668,,,,30,21905,,,,15,19209,,,,,,,,,,,,,,,,,,,,,,,,,,,,,,,,,,,,,,,,,,,,,,,,
173716,30-Jul-18,22:16:29,2018-07-30 22:16:29,G,1,5,4059,578,0,7,-62.6636,-61.38,16:34.8,FastGPS,-62.6636,-61.38,,,12.2,0.8,,,,15,24,19268,,,,32,20716,,,,19,3502,,,,12,29637,,,,1,24626,,,,15,9570,,,,17,316,,,,,,,,,,,,,,,,,,,,,,,,,,,,,,,,,,,,,,,,,,,
173716,31-Jul-18,1:30:37,2018-07-31 01:30:37,G,1,5,4065,578,0,8,-62.7417,-61.5177,30:42.3,FastGPS,-62.7417,-61.5177,,1,19.3,0.3,,,,15,29,19498,,,,31,28115,,,,4,2058,,,,12,24310,,,,5,2852,,,,2,9802,,,,25,21624,,,,14,9288,,,,,,,,,,,,,,,,,,,,,,,,,,,,,,,,,,,,,,
173716,31-Jul-18,2:01:21,2018-07-31 02:01:21,G,4,5,4066,578,0,6,-62.7632,-61.5376,01:26.8,FastGPS,-62.7632,-61.5376,,1,7.8,0.8,,,,15,29,3828,,,,31,23584,,,,12,6283,,,,4,3231,,,,2,6993,,,,25,27029,,,,,,,,,,,,,,,,,,,,,,,,,,,,,,,,,,,,,,,,,,,,,,,,
173716,31-Jul-18,3:34:01,2018-07-31 03:34:01,G,1,5,4069,578,0,8,-62.8189,-61.5816,34:06.3,FastGPS,-62.8189,-61.5816,,,7.9,0.3,,,,15,21,4405,,,,31,18207,,,,26,18228,,,,25,27370,,,,29,27124,,,,4,22437,,,,5,17934,,,,16,16856,,,,,,,,,,,,,,,,,,,,,,,,,,,,,,,,,,,,,,
173716,31-Jul-18,4:38:22,2018-07-31 04:38:22,G,1,5,4071,578,0,8,-62.8521,-61.6098,38:27.3,FastGPS,-62.8521,-61.6098,,1,8.4,0.3,,,,15,26,2328,,,,29,23243,,,,4,14662,,,,16,21479,,,,21,17250,,,,20,24236,,,,13,7688,,,,27,13523,,,,,,,,,,,,,,,,,,,,,,,,,,,,,,,,,,,,,,
173716,31-Jul-18,6:46:25,2018-07-31 06:46:25,G,1,5,4075,578,0,8,-62.9312,-61.5774,46:30.3,FastGPS,-62.9312,-61.5774,,,11.2,0.3,,,,15,16,3080,,,,21,21900,,,,15,23321,,,,8,10420,,,,27,12539,,,,10,5294,,,,13,27526,,,,20,30583,,,,,,,,,,,,,,,,,,,,,,,,,,,,,,,,,,,,,,
173716,31-Jul-18,7:48:29,2018-07-31 07:48:29,G,1,5,4077,578,0,7,-62.9782,-61.5531,48:34.7,FastGPS,-62.9782,-61.5531,,,6.8,0.7,,,,15,20,26966,,,,11,24566,,,,27,28196,,,,18,19624,,,,15,18956,,,,8,16236,,,,10,5102,,,,,,,,,,,,,,,,,,,,,,,,,,,,,,,,,,,,,,,,,,,
173716,31-Jul-18,10:49:39,2018-07-31 10:49:39,G,1,5,4082,579,0,8,-63.0928,-61.448,49:44.8,FastGPS,-63.0928,-61.448,,,8,0.8,,,,15,17,17308,,,,31,16470,,,,19,27137,,,,32,23019,,,,11,16533,,,,12,20977,,,,18,308,,,,1,30844,,,,,,,,,,,,,,,,,,,,,,,,,,,,,,,,,,,,,,
173716,31-Jul-18,11:53:54,2018-07-31 11:53:54,G,1,5,4084,,0,9,-63.1326,-61.4262,53:59.3,FastGPS,-63.1326,-61.4262,,,12.6,0.3,,,,15,31,24815,,,,17,31216,,,,23,3385,,,,25,17835,,,,14,26387,,,,32,23501,,,,6,24287,,,,19,11553,,,,12,25622,,,,,,,,,,,,,,,,,,,,,,,,,,,,,,,,,
173716,31-Jul-18,12:28:19,2018-07-31 12:28:19,G,1,5,4085,,0,9,-63.1432,-61.4088,28:24.3,FastGPS,-63.1432,-61.4088,,,5.9,0.3,,,,15,12,1167,,,,31,12222,,,,22,4332,,,,3,24554,,,,6,25883,,,,19,29346,,,,23,7731,,,,25,19429,,,,1,26616,,,,,,,,,,,,,,,,,,,,,,,,,,,,,,,,,
173716,31-Jul-18,12:59:46,2018-07-31 12:59:46,G,1,5,4086,,0,9,-63.1553,-61.3847,59:51.8,FastGPS,-63.1553,-61.3847,,,11.1,0.8,,,,15,12,6280,,,,31,10721,,,,19,56,,,,2,1480,,,,23,29208,,,,17,16437,,,,22,544,,,,9,27216,,,,25,1172,,,,,,,,,,,,,,,,,,,,,,,,,,,,,,,,,
173716,31-Jul-18,16:46:58,2018-07-31 16:46:58,G,3,5,4092,581,0,6,-63.1017,-61.3443,47:02.8,FastGPS,-63.1017,-61.3443,,,15.1,-0.2,,,,15,7,32733,,,,16,26652,,,,27,2674,,,,30,23346,,,,9,8720,,,,23,8579,,,,,,,,,,,,,,,,,,,,,,,,,,,,,,,,,,,,,,,,,,,,,,,,
173716,31-Jul-18,17:19:37,2018-07-31 17:19:37,G,1,5,4093,581,0,7,-63.0985,-61.3467,19:41.8,FastGPS,-63.0985,-61.3467,,,6.1,-0.2,,,,15,7,14472,,,,5,21251,,,,9,22729,,,,8,12918,,,,30,7554,,,,27,13608,,,,28,21072,,,,,,,,,,,,,,,,,,,,,,,,,,,,,,,,,,,,,,,,,,,
173716,31-Jul-18,17:51:00,2018-07-31 17:51:00,G,1,5,4094,581,0,8,-63.0954,-61.3407,51:05.8,FastGPS,-63.0954,-61.3407,,,7.5,0.8,,,,15,7,18524,,,,9,24759,,,,28,822,,,,30,10538,,,,27,5054,,,,21,3579,,,,8,14216,,,,13,18302,,,,,,,,,,,,,,,,,,,,,,,,,,,,,,,,,,,,,,
173716,31-Jul-18,19:56:00,2018-07-31 19:56:00,G,2,5,4098,,0,9,-63.0794,-61.32,56:05.3,FastGPS,-63.0794,-61.32,,,7.3,0.3,,,,15,11,8118,,,,28,8614,,,,17,15827,,,,13,21926,,,,30,10382,,,,24,18008,,,,15,31908,,,,18,19074,,,,8,12827,,,,,,,,,,,,,,,,,,,,,,,,,,,,,,,,,
173716,1-Aug-18,4:05:55,2018-08-01 04:05:55,G,1,5,4109,590,0,6,-63.0581,-61.3016,06:00.3,FastGPS,-63.0581,-61.3016,,1,9.2,0.3,,,,15,29,31009,,,,5,16517,,,,4,6292,,,,21,10858,,,,16,685,,,,26,2964,,,,,,,,,,,,,,,,,,,,,,,,,,,,,,,,,,,,,,,,,,,,,,,,
173716,1-Aug-18,8:02:14,2018-08-01 08:02:14,G,2,5,4116,591,0,8,-63.0702,-61.2998,02:19.3,FastGPS,-63.0702,-61.2998,,,7,0.3,,,,15,32,31795,,,,15,12640,,,,27,20478,,,,20,21517,,,,10,7133,,,,18,25407,,,,1,28326,,,,8,27935,,,,,,,,,,,,,,,,,,,,,,,,,,,,,,,,,,,,,,
173716,1-Aug-18,8:36:56,2018-08-01 08:36:56,G,1,5,4117,,0,9,-63.0701,-61.2822,37:01.3,FastGPS,-63.0701,-61.2822,,,7.2,0.3,,,,15,10,18988,,,,28,20254,,,,32,234,,,,11,6456,,,,18,30682,,,,1,16781,,,,22,5476,,,,15,21837,,,,20,2309,,,,,,,,,,,,,,,,,,,,,,,,,,,,,,,,,
173716,1-Aug-18,9:47:26,2018-08-01 09:47:26,G,1,5,4119,,0,9,-63.0595,-61.2425,47:31.3,FastGPS,-63.0595,-61.2425,,,10.6,0.3,,,,15,32,24014,,,,17,18341,,,,10,29675,,,,3,8594,,,,22,9843,,,,28,13570,,,,24,19224,,,,1,4838,,,,11,19097,,,,,,,,,,,,,,,,,,,,,,,,,,,,,,,,,
173716,1-Aug-18,16:53:26,2018-08-01 16:53:26,G,1,6,4132,591,0,7,-63.0171,-61.3003,53:31.8,FastGPS,-63.0171,-61.3003,,,8,-0.2,,,,15,30,3594,,,,5,24138,,,,13,29542,,,,27,13545,,,,21,20547,,,,7,13800,,,,16,8661,,,,,,,,,,,,,,,,,,,,,,,,,,,,,,,,,,,,,,,,,,,
173716,1-Aug-18,18:38:02,2018-08-01 18:38:02,G,1,6,4135,,0,9,-63.0251,-61.3335,38:06.8,FastGPS,-63.0251,-61.3335,,,10,-1.2,,,,15,7,5783,,,,20,27448,,,,8,1728,,,,15,20972,,,,21,28864,,,,27,27526,,,,30,1393,,,,13,23886,,,,28,22223,,,,,,,,,,,,,,,,,,,,,,,,,,,,,,,,,
173716,1-Aug-18,19:10:05,2018-08-01 19:10:05,G,3,6,4136,592,0,6,-63.0256,-61.3485,10:09.8,FastGPS,-63.0255,-61.3485,,,4.3,-1.2,,,,15,7,1063,,,,15,4701,,,,13,22798,,,,28,32290,,,,30,23560,,,,11,26114,,,,,,,,,,,,,,,,,,,,,,,,,,,,,,,,,,,,,,,,,,,,,,,,
173716,2-Aug-18,1:14:47,2018-08-02 01:14:47,G,2,6,4147,593,0,7,-63.1684,-61.2812,14:51.8,FastGPS,-63.1684,-61.2812,,1,5.3,-1.2,,,,15,31,6301,,,,29,16011,,,,25,12925,,,,4,25496,,,,14,27996,,,,12,6673,,,,6,14354,,,,,,,,,,,,,,,,,,,,,,,,,,,,,,,,,,,,,,,,,,,
173716,2-Aug-18,1:45:04,2018-08-02 01:45:04,G,1,6,4148,593,0,8,-63.1748,-61.2563,45:08.8,FastGPS,-63.1748,-61.2563,,1,9.8,-1.2,,,,15,31,20018,,,,4,2343,,,,29,15612,,,,23,813,,,,6,7740,,,,14,14558,,,,26,20337,,,,25,3015,,,,,,,,,,,,,,,,,,,,,,,,,,,,,,,,,,,,,,
173716,2-Aug-18,2:51:11,2018-08-02 02:51:11,G,1,6,4150,593,0,7,-63.1977,-61.2511,51:15.3,FastGPS,-63.1977,-61.2511,,1,3.5,-1.7,,,,15,26,15707,,,,4,17702,,,,31,22498,,,,21,2968,,,,29,13140,,,,25,20273,,,,5,828,,,,,,,,,,,,,,,,,,,,,,,,,,,,,,,,,,,,,,,,,,,
173716,2-Aug-18,3:21:00,2018-08-02 03:21:00,G,1,6,4151,,0,9,-63.2012,-61.2715,21:05.3,FastGPS,-63.2012,-61.2715,,1,5.1,-0.7,,,,15,26,32376,,,,4,7702,,,,5,9670,,,,16,21636,,,,25,2979,,,,21,681,,,,31,24310,,,,29,25414,,,,2,6174,,,,,,,,,,,,,,,,,,,,,,,,,,,,,,,,,
173716,2-Aug-18,3:51:01,2018-08-02 03:51:01,G,2,6,4152,593,0,6,-63.2064,-61.2939,51:06.3,FastGPS,-63.2064,-61.2939,,1,4.7,-0.7,,,,15,4,19682,,,,21,8036,,,,16,6820,,,,29,811,,,,26,6870,,,,5,4906,,,,,,,,,,,,,,,,,,,,,,,,,,,,,,,,,,,,,,,,,,,,,,,,
173716,2-Aug-18,5:38:25,2018-08-02 05:38:25,G,1,6,4153,598,0,5,-63.1967,-61.2905,38:29.3,FastGPS,-63.1967,-61.2905,,,12.3,-1.7,,,,15,21,1720,,,,7,17096,,,,27,6800,,,,20,14822,,,,15,11948,,,,,,,,,,,,,,,,,,,,,,,,,,,,,,,,,,,,,,,,,,,,,,,,,,,,,
173716,2-Aug-18,6:39:03,2018-08-02 06:39:03,G,1,6,4155,,0,9,-63.1997,-61.3107,39:08.3,FastGPS,-63.1997,-61.3107,,,4.6,-0.7,,,,15,8,7856,,,,10,32683,,,,21,13642,,,,27,6227,,,,20,24734,,,,7,3974,,,,15,20304,,,,30,12567,,,,16,23518,,,,,,,,,,,,,,,,,,,,,,,,,,,,,,,,,
173716,2-Aug-18,7:11:45,2018-08-02 07:11:45,G,1,6,4156,598,0,8,-63.2121,-61.3344,11:50.8,FastGPS,-63.2121,-61.3344,,,9.5,-0.2,,,,15,32,8349,,,,8,19243,,,,10,26293,,,,18,15022,,,,15,21518,,,,20,25731,,,,27,19321,,,,16,29739,,,,,,,,,,,,,,,,,,,,,,,,,,,,,,,,,,,,,,
173716,2-Aug-18,11:28:00,2018-08-02 11:28:00,G,3,6,4163,,0,9,-63.2934,-61.4843,28:04.3,FastGPS,-63.2934,-61.4843,,,9.2,-1.7,,,,15,31,14566,,,,17,25189,,,,1,5360,,,,32,28622,,,,14,10874,,,,12,25958,,,,18,25196,,,,23,8504,,,,11,15916,,,,,,,,,,,,,,,,,,,,,,,,,,,,,,,,,
173716,2-Aug-18,11:59:51,2018-08-02 11:59:51,G,2,6,4164,,0,9,-63.2799,-61.4968,59:55.3,FastGPS,-63.2799,-61.4968,,,4.6,-1.7,,,,15,23,1928,,,,17,30503,,,,1,15467,,,,19,19254,,,,3,30427,,,,32,29916,,,,25,12719,,,,31,13121,,,,18,2962,,,,,,,,,,,,,,,,,,,,,,,,,,,,,,,,,
173716,2-Aug-18,13:10:28,2018-08-02 13:10:28,G,1,6,4166,600,0,7,-63.282,-61.5229,10:32.8,FastGPS,-63.282,-61.5229,,,9.3,-1.2,,,,15,23,11314,,,,2,3804,,,,9,19193,,,,6,27795,,,,3,30534,,,,19,27170,,,,25,18146,,,,,,,,,,,,,,,,,,,,,,,,,,,,,,,,,,,,,,,,,,,
173716,2-Aug-18,14:10:00,2018-08-02 14:10:00,G,1,6,4168,,0,9,-63.2947,-61.4749,10:04.3,FastGPS,-63.2947,-61.4749,,1,5,-1.7,,,,15,29,30168,,,,26,14882,,,,4,20842,,,,3,24482,,,,6,3541,,,,2,19363,,,,23,6073,,,,16,23092,,,,9,22925,,,,,,,,,,,,,,,,,,,,,,,,,,,,,,,,,
173716,2-Aug-18,15:10:00,2018-08-02 15:10:00,G,1,6,4170,600,0,8,-63.2862,-61.5075,10:04.3,FastGPS,-63.2862,-61.5075,,,14.1,-1.7,,,,15,7,6277,,,,2,12705,,,,5,13292,,,,6,13923,,,,23,16794,,,,9,28120,,,,30,6127,,,,29,3302,,,,,,,,,,,,,,,,,,,,,,,,,,,,,,,,,,,,,,
173716,2-Aug-18,16:17:34,2018-08-02 16:17:34,G,1,6,4172,600,0,6,-63.3124,-61.5506,17:38.8,FastGPS,-63.3124,-61.5506,,,11.8,-1.2,,,,15,23,12620,,,,9,15717,,,,7,28173,,,,30,24414,,,,5,30910,,,,27,7262,,,,,,,,,,,,,,,,,,,,,,,,,,,,,,,,,,,,,,,,,,,,,,,,
173716,2-Aug-18,16:51:13,2018-08-02 16:51:13,G,1,6,4173,,0,9,-63.3287,-61.5615,51:17.3,FastGPS,-63.3287,-61.5615,,,7.1,-1.7,,,,15,5,22901,,,,7,8035,,,,30,3234,,,,9,6418,,,,27,14772,,,,16,1024,,,,13,3710,,,,21,26152,,,,28,6352,,,,,,,,,,,,,,,,,,,,,,,,,,,,,,,,,
173716,2-Aug-18,17:21:00,2018-08-02 17:21:00,G,1,6,4174,600,0,6,-63.3352,-61.5728,21:04.3,FastGPS,-63.3352,-61.5728,,,4.7,-1.7,,,,15,5,21712,,,,7,2499,,,,30,25722,,,,13,1674,,,,27,30765,,,,8,17378,,,,,,,,,,,,,,,,,,,,,,,,,,,,,,,,,,,,,,,,,,,,,,,,
173716,2-Aug-18,17:54:52,2018-08-02 17:54:52,G,1,6,4175,600,0,6,-63.3505,-61.5745,54:56.3,FastGPS,-63.3505,-61.5745,,,10.8,-1.7,,,,15,5,23799,,,,7,5572,,,,30,359,,,,28,15557,,,,9,22873,,,,13,17922,,,,,,,,,,,,,,,,,,,,,,,,,,,,,,,,,,,,,,,,,,,,,,,,
173716,2-Aug-18,18:28:48,2018-08-02 18:28:48,G,2,6,4176,600,0,6,-63.3598,-61.6037,28:52.8,FastGPS,-63.3598,-61.6037,,,13,-1.2,,,,15,5,17358,,,,15,23779,,,,28,23630,,,,30,30371,,,,13,3826,,,,7,13159,,,,,,,,,,,,,,,,,,,,,,,,,,,,,,,,,,,,,,,,,,,,,,,,
173716,2-Aug-18,19:01:44,2018-08-02 19:01:44,G,1,6,4177,600,0,6,-63.3648,-61.6143,01:48.3,FastGPS,-63.3648,-61.6143,,,5.3,-1.7,,,,15,15,19505,,,,5,24188,,,,13,14600,,,,28,17164,,,,30,27639,,,,8,1991,,,,,,,,,,,,,,,,,,,,,,,,,,,,,,,,,,,,,,,,,,,,,,,,
173716,2-Aug-18,19:32:54,2018-08-02 19:32:54,G,1,6,4178,600,0,6,-63.3782,-61.631,32:58.8,FastGPS,-63.3782,-61.631,,,7.8,-1.2,,,,15,15,12917,,,,13,13798,,,,30,3244,,,,20,13690,,,,17,6334,,,,24,23266,,,,,,,,,,,,,,,,,,,,,,,,,,,,,,,,,,,,,,,,,,,,,,,,
173716,2-Aug-18,23:43:01,2018-08-02 23:43:01,G,1,6,4186,,0,9,-63.43,-61.7408,43:06.8,FastGPS,-63.43,-61.7408,,,9.9,-0.2,,,,15,32,18662,,,,12,1146,,,,14,2878,,,,29,20928,,,,25,24799,,,,24,18938,,,,19,23924,,,,31,15545,,,,17,18125,,,,,,,,,,,,,,,,,,,,,,,,,,,,,,,,,
173716,3-Aug-18,1:17:12,2018-08-03 01:17:12,G,1,6,4189,,0,9,-63.4682,-61.8114,17:16.3,FastGPS,-63.4682,-61.8114,,1,5.8,-1.7,,,,15,31,16928,,,,29,560,,,,12,9035,,,,23,15090,,,,4,21188,,,,6,20964,,,,25,6966,,,,2,29192,,,,5,11847,,,,,,,,,,,,,,,,,,,,,,,,,,,,,,,,,
173716,3-Aug-18,1:47:40,2018-08-03 01:47:40,G,1,6,4190,,0,9,-63.4801,-61.8366,47:44.8,FastGPS,-63.4801,-61.8366,,1,8,-1.2,,,,15,31,1136,,,,4,10330,,,,23,20968,,,,29,7951,,,,12,13113,,,,2,20139,,,,6,22861,,,,26,32430,,,,9,22197,,,,,,,,,,,,,,,,,,,,,,,,,,,,,,,,,
173716,3-Aug-18,2:50:05,2018-08-03 02:50:05,G,1,6,4192,,0,9,-63.5116,-61.8742,50:09.8,FastGPS,-63.5116,-61.8742,,1,8.9,-1.2,,,,15,31,25500,,,,29,21916,,,,21,28680,,,,4,4698,,,,25,15600,,,,26,6336,,,,2,4152,,,,16,11498,,,,9,20947,,,,,,,,,,,,,,,,,,,,,,,,,,,,,,,,,
173716,3-Aug-18,3:50:05,2018-08-03 03:50:05,G,1,6,4194,600,0,6,-63.5351,-61.9537,50:10.8,FastGPS,-63.5351,-61.9537,,1,2.2,-0.2,,,,15,16,17941,,,,29,19391,,,,26,6549,,,,21,16570,,,,4,15108,,,,5,30636,,,,,,,,,,,,,,,,,,,,,,,,,,,,,,,,,,,,,,,,,,,,,,,,
173716,3-Aug-18,5:21:03,2018-08-03 05:21:03,G,1,6,4197,,0,9,-63.5626,-62.0219,21:08.3,FastGPS,-63.5626,-62.0219,,1,6.8,-0.7,,,,15,15,30525,,,,29,2813,,,,26,30012,,,,20,31674,,,,4,7704,,,,13,15654,,,,16,19824,,,,10,170,,,,5,31053,,,,,,,,,,,,,,,,,,,,,,,,,,,,,,,,,
173716,3-Aug-18,5:51:33,2018-08-03 05:51:33,G,1,6,4198,,0,9,-63.566,-62.0522,51:37.3,FastGPS,-63.566,-62.0522,,,13.1,-1.7,,,,15,7,19263,,,,8,6146,,,,10,15,,,,30,18420,,,,20,4746,,,,15,434,,,,21,16410,,,,16,11223,,,,27,7510,,,,,,,,,,,,,,,,,,,,,,,,,,,,,,,,,
173716,3-Aug-18,6:21:20,2018-08-03 06:21:20,G,1,6,4199,600,0,7,-63.5714,-62.089,21:25.9,FastGPS,-63.5714,-62.089,,,12.1,-0.2,,,,15,10,28844,,,,15,21478,,,,27,5308,,,,21,4746,,,,16,20945,,,,20,25376,,,,8,6966,,,,,,,,,,,,,,,,,,,,,,,,,,,,,,,,,,,,,,,,,,,
173716,3-Aug-18,6:54:21,2018-08-03 06:54:21,G,1,6,4200,600,0,6,-63.5801,-62.115,54:25.3,FastGPS,-63.5801,-62.115,,,13.5,-1.7,,,,15,15,30462,,,,10,28997,,,,21,9975,,,,27,24247,,,,20,32699,,,,18,24972,,,,,,,,,,,,,,,,,,,,,,,,,,,,,,,,,,,,,,,,,,,,,,,,
173716,3-Aug-18,10:12:09,2018-08-03 10:12:09,G,1,6,4205,,0,9,-63.595,-62.2771,12:14.8,FastGPS,-63.595,-62.2771,,,11.1,-0.2,,,,15,17,13096,,,,1,30732,,,,3,26930,,,,22,24795,,,,11,1370,,,,18,18333,,,,28,26484,,,,14,22152,,,,32,23481,,,,,,,,,,,,,,,,,,,,,,,,,,,,,,,,,
173716,3-Aug-18,10:57:22,2018-08-03 10:57:22,G,1,6,4206,,0,9,-63.5974,-62.3016,57:26.3,FastGPS,-63.5974,-62.3016,,,9.2,-1.7,,,,15,31,27520,,,,17,12798,,,,23,656,,,,3,19045,,,,1,20372,,,,11,1218,,,,14,2350,,,,22,7632,,,,32,30446,,,,,,,,,,,,,,,,,,,,,,,,,,,,,,,,,
173716,3-Aug-18,14:21:58,2018-08-03 14:21:58,G,2,6,4212,604,0,8,-63.6819,-62.2408,22:03.8,FastGPS,-63.6819,-62.2408,,1,12.4,-0.2,,,,15,7,5334,,,,2,15286,,,,6,6630,,,,9,19882,,,,23,13816,,,,29,2225,,,,4,24603,,,,26,30194,,,,,,,,,,,,,,,,,,,,,,,,,,,,,,,,,,,,,,
173716,3-Aug-18,14:52:01,2018-08-03 14:52:01,G,2,6,4213,604,0,8,-63.6909,-62.2323,52:05.3,FastGPS,-63.6909,-62.2323,,1,9.2,-1.7,,,,15,29,1088,,,,2,22034,,,,23,12583,,,,4,1802,,,,6,20756,,,,16,26014,,,,7,29588,,,,26,29746,,,,,,,,,,,,,,,,,,,,,,,,,,,,,,,,,,,,,,
173716,3-Aug-18,15:23:34,2018-08-03 15:23:34,G,2,6,4214,,0,9,-63.6934,-62.2241,23:39.3,FastGPS,-63.6934,-62.2241,,1,4.8,-0.7,,,,15,5,19466,,,,7,28086,,,,2,3245,,,,30,17961,,,,6,30761,,,,9,2467,,,,29,12642,,,,16,28662,,,,4,29235,,,,,,,,,,,,,,,,,,,,,,,,,,,,,,,,,
173716,3-Aug-18,15:53:04,2018-08-03 15:53:04,G,2,6,4215,604,0,7,-63.6915,-62.2124,53:09.4,FastGPS,-63.6915,-62.2124,,,13.2,-0.6,,,,15,9,19722,,,,16,16561,,,,23,20086,,,,7,14621,,,,5,31594,,,,30,26816,,,,29,17434,,,,,,,,,,,,,,,,,,,,,,,,,,,,,,,,,,,,,,,,,,,
173716,3-Aug-18,16:23:00,2018-08-03 16:23:00,G,1,6,4216,604,0,6,-63.6932,-62.1901,23:05.3,FastGPS,-63.6932,-62.1901,,,13.5,-0.7,,,,15,30,13480,,,,7,23786,,,,5,11012,,,,9,4673,,,,27,27700,,,,2,26372,,,,,,,,,,,,,,,,,,,,,,,,,,,,,,,,,,,,,,,,,,,,,,,,
173716,3-Aug-18,16:57:36,2018-08-03 16:57:36,G,1,6,4217,604,0,6,-63.6928,-62.1766,57:41.3,FastGPS,-63.6928,-62.1766,,,10.2,-0.7,,,,15,5,25795,,,,28,25260,,,,7,26368,,,,30,22020,,,,13,18012,,,,9,22540,,,,,,,,,,,,,,,,,,,,,,,,,,,,,,,,,,,,,,,,,,,,,,,,
173716,3-Aug-18,17:28:11,2018-08-03 17:28:11,G,1,6,4218,604,0,6,-63.6921,-62.1855,28:16.8,FastGPS,-63.6921,-62.1855,,,6.8,-0.2,,,,15,9,22038,,,,5,3965,,,,28,29538,,,,7,2427,,,,30,28968,,,,13,10124,,,,,,,,,,,,,,,,,,,,,,,,,,,,,,,,,,,,,,,,,,,,,,,,
173716,3-Aug-18,18:00:23,2018-08-03 18:00:23,G,1,6,4219,604,0,4,-63.568,-62.104,8/3/2018 6:30,N,-63.6936,-62.1802,,,0.3,-1.2,,,,15,28,3793,,,,8,23020,,,,30,7086,,,,13,29186,,,,,,,,,,,,,,,,,,,,,,,,,,,,,,,,,,,,,,,,,,,,,,,,,,,,,,,,,,
173716,3-Aug-18,19:31:40,2018-08-03 19:31:40,G,1,6,4222,604,0,6,-63.6965,-62.2256,31:44.3,FastGPS,-63.6965,-62.2256,,,2.7,-1.7,,,,15,15,12342,,,,13,1118,,,,17,8401,,,,28,9776,,,,20,13098,,,,10,12645,,,,,,,,,,,,,,,,,,,,,,,,,,,,,,,,,,,,,,,,,,,,,,,,
173716,3-Aug-18,23:08:15,2018-08-03 23:08:15,G,1,6,4229,,0,9,-63.7487,-62.4564,08:20.3,FastGPS,-63.7487,-62.4564,,,11.2,-0.7,,,,15,32,5672,,,,25,27750,,,,24,4,,,,2,22680,,,,6,24986,,,,19,12720,,,,14,17987,,,,17,3936,,,,22,28018,,,,,,,,,,,,,,,,,,,,,,,,,,,,,,,,,
173716,4-Aug-18,5:57:06,2018-08-04 05:57:06,G,1,6,4231,,0,9,-63.7712,-62.4987,57:11.8,FastGPS,-63.7712,-62.4987,,,10.1,-0.2,,,,15,7,19199,,,,30,10278,,,,15,31025,,,,16,29388,,,,13,12638,,,,10,20216,,,,27,11258,,,,8,32086,,,,20,2615,,,,,,,,,,,,,,,,,,,,,,,,,,,,,,,,,
173716,4-Aug-18,7:45:30,2018-08-04 07:45:30,G,2,6,4234,605,0,7,-63.8041,-62.5668,45:34.3,FastGPS,-63.8041,-62.5668,,,10.8,-1.7,,,,15,20,1655,,,,8,1109,,,,32,5594,,,,10,10239,,,,27,32154,,,,15,1124,,,,18,19924,,,,,,,,,,,,,,,,,,,,,,,,,,,,,,,,,,,,,,,,,,,
173716,4-Aug-18,8:24:37,2018-08-04 08:24:37,G,2,6,4235,605,0,8,-63.8145,-62.5895,24:41.8,FastGPS,-63.8145,-62.5895,,,1.9,-1.2,,,,15,32,32438,,,,10,23856,,,,20,6589,,,,14,1921,,,,18,10728,,,,8,27466,,,,27,25838,,,,11,21324,,,,,,,,,,,,,,,,,,,,,,,,,,,,,,,,,,,,,,
173716,4-Aug-18,9:26:09,2018-08-04 09:26:09,G,1,6,4236,,0,9,-63.8213,-62.6154,26:13.8,FastGPS,-63.8213,-62.6154,,,10.5,-1.2,,,,15,1,14572,,,,17,19604,,,,32,13150,,,,11,13000,,,,28,13846,,,,14,26939,,,,18,31625,,,,22,2550,,,,10,21932,,,,,,,,,,,,,,,,,,,,,,,,,,,,,,,,,
173716,4-Aug-18,10:16:58,2018-08-04 10:16:58,G,1,6,4237,,0,9,-63.8281,-62.6402,17:02.4,FastGPS,-63.8281,-62.6402,,,9.5,-1.6,,,,15,32,27943,,,,17,28264,,,,11,9795,,,,1,26595,,,,14,15950,,,,18,25452,,,,22,4883,,,,12,13228,,,,19,7710,,,,,,,,,,,,,,,,,,,,,,,,,,,,,,,,,
173716,4-Aug-18,10:47:02,2018-08-04 10:47:02,G,1,6,4238,,0,9,-63.8247,-62.6667,47:06.8,FastGPS,-63.8247,-62.6667,,,11.1,-1.2,,,,15,31,4233,,,,3,3690,,,,11,19205,,,,18,31717,,,,17,15376,,,,19,23833,,,,1,28694,,,,14,12452,,,,22,3312,,,,,,,,,,,,,,,,,,,,,,,,,,,,,,,,,
173716,4-Aug-18,13:33:09,2018-08-04 13:33:09,G,1,6,4243,607,0,7,-63.8592,-62.6272,33:14.4,FastGPS,-63.8592,-62.6272,,,4.4,-0.6,,,,15,6,1070,,,,9,14556,,,,23,18403,,,,2,17418,,,,19,11321,,,,3,21308,,,,16,29886,,,,,,,,,,,,,,,,,,,,,,,,,,,,,,,,,,,,,,,,,,,
173716,4-Aug-18,14:06:46,2018-08-04 14:06:46,G,1,6,4244,,0,9,-63.8724,-62.5982,06:51.8,FastGPS,-63.8724,-62.5982,,1,10.6,-0.2,,,,15,6,32382,,,,7,10530,,,,23,31985,,,,2,4802,,,,9,2728,,,,29,16955,,,,4,25186,,,,3,31976,,,,26,21132,,,,,,,,,,,,,,,,,,,,,,,,,,,,,,,,,
173716,4-Aug-18,20:08:00,2018-08-04 20:08:00,G,1,6,4253,610,0,4,-63.674,-61.916,8/5/2018 7:04,K,-63.9157,-62.2961,,,0.4,-0.8,,,,15,15,32278,,,,24,27464,,,,13,28006,,,,28,5522,,,,,,,,,,,,,,,,,,,,,,,,,,,,,,,,,,,,,,,,,,,,,,,,,,,,,,,,,,
173716,4-Aug-18,21:42:16,2018-08-04 21:42:16,G,1,6,4256,610,0,7,-63.8693,-62.1802,42:21.8,FastGPS,-63.8693,-62.1802,,,10.1,-0.2,,,,15,12,28306,,,,15,4546,,,,24,24373,,,,19,23668,,,,17,27900,,,,28,7128,,,,18,14142,,,,,,,,,,,,,,,,,,,,,,,,,,,,,,,,,,,,,,,,,,,
173716,5-Aug-18,6:36:13,2018-08-05 06:36:13,G,1,6,4270,613,0,7,-63.6698,-61.9222,36:17.4,FastGPS,-63.6698,-61.9222,,,7.9,-1.6,,,,15,16,14571,,,,15,21476,,,,27,10426,,,,21,5835,,,,8,10634,,,,10,23380,,,,13,8638,,,,,,,,,,,,,,,,,,,,,,,,,,,,,,,,,,,,,,,,,,,
173716,5-Aug-18,7:22:43,2018-08-05 07:22:43,G,1,6,4271,,0,9,-63.6621,-61.9255,22:47.8,FastGPS,-63.6621,-61.9255,,,15.7,-1.2,,,,15,15,24658,,,,21,13789,,,,10,21378,,,,27,22716,,,,32,27403,,,,28,20707,,,,8,32695,,,,20,25482,,,,13,22990,,,,,,,,,,,,,,,,,,,,,,,,,,,,,,,,,
173716,5-Aug-18,8:08:04,2018-08-05 08:08:04,G,1,6,4272,,0,9,-63.6391,-61.9132,08:08.8,FastGPS,-63.6391,-61.9132,,,6.1,-1.2,,,,15,10,16989,,,,32,23956,,,,1,8039,,,,11,16381,,,,18,7251,,,,27,11350,,,,14,6408,,,,28,25680,,,,8,15385,,,,,,,,,,,,,,,,,,,,,,,,,,,,,,,,,
173716,5-Aug-18,10:19:30,2018-08-05 10:19:30,G,1,6,4276,615,0,8,-63.5953,-61.9006,19:34.3,FastGPS,-63.5953,-61.9006,,,4.1,-1.7,,,,15,32,22408,,,,17,12962,,,,3,17779,,,,14,27266,,,,31,8720,,,,18,22564,,,,11,6040,,,,1,3118,,,,,,,,,,,,,,,,,,,,,,,,,,,,,,,,,,,,,,
173716,5-Aug-18,12:09:48,2018-08-05 12:09:48,G,1,6,4279,,0,9,-63.5454,-61.9032,09:52.9,FastGPS,-63.5454,-61.9032,,,7.8,-1.1,,,,15,14,5564,,,,22,30092,,,,31,11428,,,,23,12025,,,,25,23294,,,,12,1319,,,,3,23144,,,,1,14106,,,,19,31158,,,,,,,,,,,,,,,,,,,,,,,,,,,,,,,,,
173716,5-Aug-18,15:58:31,2018-08-05 15:58:31,G,1,6,4286,616,0,8,-63.5367,-62.0282,58:35.9,FastGPS,-63.5367,-62.0282,,,7.9,-1.1,,,,15,5,14984,,,,23,6896,,,,30,29348,,,,9,30186,,,,7,17753,,,,2,5187,,,,27,12157,,,,29,18892,,,,,,,,,,,,,,,,,,,,,,,,,,,,,,,,,,,,,,
173716,5-Aug-18,16:47:00,2018-08-05 16:47:00,G,2,6,4287,617,0,6,-63.5294,-62.0535,47:04.9,FastGPS,-63.5294,-62.0535,,,8.3,-1.2,,,,15,5,8695,,,,13,23048,,,,9,16584,,,,30,1418,,,,8,15163,,,,7,13174,,,,,,,,,,,,,,,,,,,,,,,,,,,,,,,,,,,,,,,,,,,,,,,,
173716,5-Aug-18,17:32:00,2018-08-05 17:32:00,G,1,6,4288,618,0,7,-63.5266,-62.0666,32:04.4,FastGPS,-63.5266,-62.0666,,,7.4,-1.6,,,,15,7,4978,,,,13,20652,,,,5,17883,,,,28,29257,,,,30,2820,,,,15,28316,,,,21,3236,,,,,,,,,,,,,,,,,,,,,,,,,,,,,,,,,,,,,,,,,,,
173716,5-Aug-18,18:33:00,2018-08-05 18:33:00,G,1,6,4289,620,0,8,-63.5148,-62.0821,33:05.4,FastGPS,-63.5148,-62.0821,,,12.9,-0.6,,,,15,13,32652,,,,7,11366,,,,8,19633,,,,28,9738,,,,5,24417,,,,30,32252,,,,11,18836,,,,15,26806,,,,,,,,,,,,,,,,,,,,,,,,,,,,,,,,,,,,,,
173716,5-Aug-18,20:09:01,2018-08-05 20:09:01,G,1,6,4292,,0,9,-63.5021,-62.0628,09:06.8,FastGPS,-63.5021,-62.0628,,,12.8,-0.2,,,,15,15,11519,,,,11,17631,,,,30,25598,,,,24,26224,,,,18,876,,,,28,5582,,,,13,28642,,,,1,15112,,,,10,12192,,,,,,,,,,,,,,,,,,,,,,,,,,,,,,,,,
173716,5-Aug-18,20:42:15,2018-08-05 20:42:15,G,1,6,4293,,0,9,-63.4877,-62.0697,42:20.8,FastGPS,-63.4877,-62.0697,,,11.7,-0.2,,,,15,15,21913,,,,13,20496,,,,17,20680,,,,28,9002,,,,19,4780,,,,1,5764,,,,10,4940,,,,12,952,,,,24,25291,,,,,,,,,,,,,,,,,,,,,,,,,,,,,,,,,
173716,5-Aug-18,22:13:49,2018-08-05 22:13:49,G,1,6,4296,,0,9,-63.4354,-62.0597,13:54.8,FastGPS,-63.4354,-62.0597,,,7.3,-0.2,,,,15,17,19791,,,,25,12555,,,,19,12504,,,,6,22600,,,,12,31896,,,,15,11049,,,,24,10625,,,,14,25265,,,,32,18308,,,,,,,,,,,,,,,,,,,,,,,,,,,,,,,,,
173716,5-Aug-18,22:44:00,2018-08-05 22:44:00,G,2,6,4297,620,0,8,-63.4325,-62.0505,44:05.4,FastGPS,-63.4325,-62.0505,,,9.9,-0.6,,,,15,22,16019,,,,3,24498,,,,17,28966,,,,1,22198,,,,19,1484,,,,2,1219,,,,25,21396,,,,6,9734,,,,,,,,,,,,,,,,,,,,,,,,,,,,,,,,,,,,,,
173716,5-Aug-18,23:14:05,2018-08-05 23:14:05,G,1,6,4298,620,0,8,-63.4217,-62.0454,14:10.4,FastGPS,-63.4217,-62.0454,,,8.8,-0.6,,,,15,12,23431,,,,17,19842,,,,25,26919,,,,6,4225,,,,24,4900,,,,32,4822,,,,2,12120,,,,19,28175,,,,,,,,,,,,,,,,,,,,,,,,,,,,,,,,,,,,,,
173716,5-Aug-18,23:44:36,2018-08-05 23:44:36,G,2,6,4299,,0,9,-63.4063,-62.0341,44:41.4,FastGPS,-63.4063,-62.0341,,,13.9,-0.6,,,,15,29,24784,,,,6,7600,,,,12,25642,,,,25,1344,,,,19,10536,,,,32,20923,,,,31,14042,,,,2,27122,,,,24,27241,,,,,,,,,,,,,,,,,,,,,,,,,,,,,,,,,
173716,6-Aug-18,0:29:00,2018-08-06 00:29:00,G,3,6,4300,621,0,6,-63.3935,-61.9939,29:05.4,FastGPS,-63.3935,-61.9939,,,15.5,-0.6,,,,15,31,12324,,,,12,4095,,,,25,10863,,,,6,12158,,,,2,17144,,,,29,18296,,,,,,,,,,,,,,,,,,,,,,,,,,,,,,,,,,,,,,,,,,,,,,,,
173716,6-Aug-18,0:59:00,2018-08-06 00:59:00,G,1,6,4301,621,0,7,-63.3808,-61.9692,59:05.8,FastGPS,-63.3808,-61.9692,,1,12.4,-0.2,,,,15,31,13362,,,,29,21852,,,,2,3396,,,,12,2285,,,,4,1970,,,,25,15404,,,,6,14424,,,,,,,,,,,,,,,,,,,,,,,,,,,,,,,,,,,,,,,,,,,
173716,6-Aug-18,3:48:15,2018-08-06 03:48:15,G,1,6,4306,622,0,6,-63.3286,-61.9549,48:19.9,FastGPS,-63.3286,-61.9549,,1,1.2,-1.1,,,,15,29,29012,,,,5,21686,,,,16,21408,,,,4,12987,,,,26,13358,,,,21,29886,,,,,,,,,,,,,,,,,,,,,,,,,,,,,,,,,,,,,,,,,,,,,,,,
173716,6-Aug-18,7:02:03,2018-08-06 07:02:03,G,1,6,4312,622,0,8,-63.3127,-61.946,02:07.9,FastGPS,-63.3127,-61.946,,,10.7,-1.1,,,,15,15,24017,,,,8,14446,,,,20,26985,,,,13,15948,,,,10,13841,,,,32,18770,,,,18,26036,,,,21,910,,,,,,,,,,,,,,,,,,,,,,,,,,,,,,,,,,,,,,
173716,6-Aug-18,7:37:52,2018-08-06 07:37:52,G,1,6,4313,,0,9,-63.2912,-61.942,37:56.9,FastGPS,-63.2912,-61.942,,,4.2,-1.1,,,,15,27,10506,,,,11,1960,,,,10,20533,,,,8,9391,,,,32,23129,,,,15,5786,,,,24,2484,,,,18,27962,,,,21,16529,,,,,,,,,,,,,,,,,,,,,,,,,,,,,,,,,
173716,6-Aug-18,8:08:57,2018-08-06 08:08:57,G,1,6,4314,,0,9,-63.271,-61.94,09:01.4,FastGPS,-63.271,-61.94,,,6.2,-1.6,,,,15,1,11314,,,,18,3680,,,,8,24704,,,,10,22788,,,,28,9731,,,,32,27137,,,,15,10059,,,,20,17226,,,,24,23880,,,,,,,,,,,,,,,,,,,,,,,,,,,,,,,,,
173716,6-Aug-18,9:18:33,2018-08-06 09:18:33,G,2,6,4316,,0,9,-63.2398,-61.943,18:37.9,FastGPS,-63.2398,-61.943,,,6.5,-1.1,,,,15,22,228,,,,10,17520,,,,32,12204,,,,18,28700,,,,24,22734,,,,14,30235,,,,11,8993,,,,17,10955,,,,8,17042,,,,,,,,,,,,,,,,,,,,,,,,,,,,,,,,,
173716,6-Aug-18,9:55:46,2018-08-06 09:55:46,G,1,6,4317,622,0,8,-63.2237,-61.9491,55:50.9,FastGPS,-63.2237,-61.9491,,,10.2,-1.1,,,,15,22,23700,,,,11,18734,,,,1,4750,,,,10,17066,,,,18,3753,,,,31,1501,,,,3,20391,,,,17,9082,,,,,,,,,,,,,,,,,,,,,,,,,,,,,,,,,,,,,,
173716,6-Aug-18,10:26:23,2018-08-06 10:26:23,G,1,6,4318,622,0,8,-63.2141,-61.9484,26:27.4,FastGPS,-63.2141,-61.9484,,,5.5,-1.6,,,,15,31,22917,,,,11,17684,,,,32,23080,,,,18,262,,,,3,23934,,,,17,27190,,,,1,2376,,,,22,14977,,,,,,,,,,,,,,,,,,,,,,,,,,,,,,,,,,,,,,
173716,6-Aug-18,13:10:15,2018-08-06 13:10:15,G,1,6,4323,,0,9,-63.1464,-62.0218,10:19.9,FastGPS,-63.1464,-62.0218,,1,5.2,-1.1,,,,15,9,19751,,,,31,6159,,,,3,25290,,,,23,60,,,,4,2035,,,,2,6557,,,,6,14696,,,,26,27855,,,,19,14010,,,,,,,,,,,,,,,,,,,,,,,,,,,,,,,,,
173716,6-Aug-18,13:41:25,2018-08-06 13:41:25,G,1,6,4324,,0,9,-63.1442,-62.0478,41:29.4,FastGPS,-63.1442,-62.0478,,1,3,-1.6,,,,15,2,30762,,,,4,13397,,,,6,28149,,,,16,11884,,,,26,30346,,,,22,22332,,,,31,17706,,,,9,3080,,,,29,1388,,,,,,,,,,,,,,,,,,,,,,,,,,,,,,,,,
173716,6-Aug-18,17:49:04,2018-08-06 17:49:04,G,1,6,4332,622,0,8,-63.1787,-62.1943,49:08.9,FastGPS,-63.1787,-62.1943,,,13.1,-1.1,,,,15,5,8254,,,,7,8775,,,,13,26567,,,,30,2786,,,,28,7944,,,,8,17089,,,,15,31099,,,,27,17540,,,,,,,,,,,,,,,,,,,,,,,,,,,,,,,,,,,,,,
173716,6-Aug-18,18:22:15,2018-08-06 18:22:15,G,1,6,4333,622,0,7,-63.1822,-62.2179,22:19.9,FastGPS,-63.1822,-62.2179,,,15.2,-1.1,,,,15,15,17317,,,,7,22844,,,,5,5440,,,,20,22724,,,,13,9047,,,,27,24008,,,,30,31155,,,,,,,,,,,,,,,,,,,,,,,,,,,,,,,,,,,,,,,,,,,
173716,6-Aug-18,18:54:42,2018-08-06 18:54:42,G,3,6,4334,622,0,7,-63.1774,-62.2476,54:46.4,FastGPS,-63.1774,-62.2476,,,23,-1.6,,,,15,15,10996,,,,30,27012,,,,7,27338,,,,28,25998,,,,13,13304,,,,11,24403,,,,5,17455,,,,,,,,,,,,,,,,,,,,,,,,,,,,,,,,,,,,,,,,,,,
173716,6-Aug-18,19:26:16,2018-08-06 19:26:16,G,3,6,4335,622,0,6,-63.1727,-62.2576,26:20.9,FastGPS,-63.1727,-62.2576,,,4.7,-1.1,,,,15,17,15192,,,,18,31767,,,,30,20960,,,,13,25402,,,,8,22952,,,,20,12656,,,,,,,,,,,,,,,,,,,,,,,,,,,,,,,,,,,,,,,,,,,,,,,,
173716,6-Aug-18,19:58:36,2018-08-06 19:58:36,G,1,6,4336,622,0,7,-63.1735,-62.2658,58:40.8,FastGPS,-63.1735,-62.2658,,,8.8,-1.2,,,,15,13,26076,,,,15,22105,,,,28,28387,,,,24,10134,,,,10,9091,,,,18,31778,,,,11,23195,,,,,,,,,,,,,,,,,,,,,,,,,,,,,,,,,,,,,,,,,,,
173716,6-Aug-18,20:28:00,2018-08-06 20:28:00,G,1,6,4337,,0,9,-63.1733,-62.2773,28:04.4,FastGPS,-63.1733,-62.2773,,,7.7,-1.6,,,,15,17,16925,,,,15,31430,,,,19,21825,,,,28,2772,,,,24,16934,,,,13,21754,,,,18,10578,,,,11,2944,,,,12,12449,,,,,,,,,,,,,,,,,,,,,,,,,,,,,,,,,
173716,6-Aug-18,20:58:22,2018-08-06 20:58:22,G,1,6,4338,,0,9,-63.1681,-62.2946,58:26.4,FastGPS,-63.1681,-62.2946,,,9.8,-1.6,,,,15,12,29874,,,,13,2046,,,,24,13398,,,,15,10128,,,,1,22143,,,,19,13184,,,,10,14747,,,,28,20257,,,,18,27164,,,,,,,,,,,,,,,,,,,,,,,,,,,,,,,,,
173716,6-Aug-18,21:28:23,2018-08-06 21:28:23,G,1,6,4339,622,0,6,-63.1677,-62.3091,28:27.9,FastGPS,-63.1677,-62.3091,,,11.6,-1.1,,,,15,15,13398,,,,10,17803,,,,17,9912,,,,32,22193,,,,12,24043,,,,13,28944,,,,,,,,,,,,,,,,,,,,,,,,,,,,,,,,,,,,,,,,,,,,,,,,
173716,7-Aug-18,6:30:46,2018-08-07 06:30:46,G,1,6,4353,,0,9,-62.9597,-62.2358,30:50.4,FastGPS,-62.9597,-62.2358,,,13.7,-1.6,,,,15,27,11635,,,,10,586,,,,8,16657,,,,21,25197,,,,20,21180,,,,16,9056,,,,15,14297,,,,30,29056,,,,13,25026,,,,,,,,,,,,,,,,,,,,,,,,,,,,,,,,,
173716,7-Aug-18,7:58:04,2018-08-07 07:58:04,G,1,6,4354,,0,9,-62.9183,-62.2167,58:08.9,FastGPS,-62.9183,-62.2167,,,13.3,-1.1,,,,15,32,14424,,,,8,14286,,,,27,17995,,,,18,28210,,,,11,3276,,,,20,16166,,,,10,11438,,,,1,25243,,,,24,16402,,,,,,,,,,,,,,,,,,,,,,,,,,,,,,,,,
173716,7-Aug-18,8:52:10,2018-08-07 08:52:10,G,2,6,4355,631,0,7,-62.8941,-62.2098,52:14.9,FastGPS,-62.8941,-62.2098,,,8.6,-1.1,,,,15,18,10570,,,,8,7984,,,,11,22506,,,,22,2938,,,,1,7071,,,,32,25039,,,,14,19232,,,,,,,,,,,,,,,,,,,,,,,,,,,,,,,,,,,,,,,,,,,
173716,7-Aug-18,10:47:38,2018-08-07 10:47:38,G,2,6,4357,633,0,5,-62.8481,-62.2308,47:43.0,FastGPS,-62.8481,-62.2308,,,14.5,-1,,,,15,1,27866,,,,12,19329,,,,32,15813,,,,18,12010,,,,14,1523,,,,,,,,,,,,,,,,,,,,,,,,,,,,,,,,,,,,,,,,,,,,,,,,,,,,,
173716,7-Aug-18,12:23:32,2018-08-07 12:23:32,G,2,6,4360,633,0,7,-62.8103,-62.2917,23:36.9,FastGPS,-62.8103,-62.2917,,,6,-1.1,,,,15,3,31908,,,,31,15410,,,,22,25486,,,,6,27254,,,,19,19652,,,,17,19236,,,,23,10624,,,,,,,,,,,,,,,,,,,,,,,,,,,,,,,,,,,,,,,,,,,
173716,7-Aug-18,13:18:36,2018-08-07 13:18:36,G,1,6,4361,,0,9,-62.8208,-62.3728,18:40.9,FastGPS,-62.8208,-62.3728,,,7,-1.1,,,,15,2,4303,,,,9,17586,,,,23,26554,,,,6,5990,,,,19,25724,,,,3,9452,,,,31,15072,,,,29,1079,,,,26,16294,,,,,,,,,,,,,,,,,,,,,,,,,,,,,,,,,
173716,7-Aug-18,21:47:55,2018-08-07 21:47:55,G,1,6,4376,635,0,6,-62.8584,-62.6375,47:59.4,FastGPS,-62.8584,-62.6375,,,2.4,-1.6,,,,15,17,29218,,,,12,25104,,,,32,13671,,,,19,11805,,,,24,28969,,,,15,4408,,,,,,,,,,,,,,,,,,,,,,,,,,,,,,,,,,,,,,,,,,,,,,,,
173716,7-Aug-18,22:18:30,2018-08-07 22:18:30,G,1,6,4377,635,0,8,-62.8486,-62.5989,18:34.4,FastGPS,-62.8486,-62.5989,,,8,-1.6,,,,15,17,3112,,,,22,8743,,,,6,668,,,,32,30541,,,,1,26286,,,,14,28933,,,,24,24984,,,,19,1073,,,,,,,,,,,,,,,,,,,,,,,,,,,,,,,,,,,,,,
173716,7-Aug-18,22:51:08,2018-08-07 22:51:08,G,2,6,4378,,0,9,-62.843,-62.5503,51:12.4,FastGPS,-62.843,-62.5503,,,7.6,-1.6,,,,15,17,26230,,,,22,11111,,,,6,18315,,,,12,27752,,,,14,3604,,,,19,6049,,,,32,29562,,,,3,14982,,,,25,20770,,,,,,,,,,,,,,,,,,,,,,,,,,,,,,,,,
173716,7-Aug-18,23:21:34,2018-08-07 23:21:34,G,2,6,4379,,0,9,-62.8367,-62.5155,21:38.4,FastGPS,-62.8367,-62.5155,,,10.8,-1.6,,,,15,6,9339,,,,19,556,,,,12,12802,,,,31,18478,,,,17,24588,,,,3,17377,,,,24,6089,,,,25,3799,,,,22,20836,,,,,,,,,,,,,,,,,,,,,,,,,,,,,,,,,
173716,8-Aug-18,0:22:01,2018-08-08 00:22:01,G,1,6,4381,635,0,7,-62.8209,-62.4936,22:05.4,FastGPS,-62.8209,-62.4936,,,10.4,-1.6,,,,15,12,19904,,,,19,30985,,,,31,20,,,,25,32440,,,,2,5606,,,,6,22848,,,,29,14794,,,,,,,,,,,,,,,,,,,,,,,,,,,,,,,,,,,,,,,,,,,
173716,8-Aug-18,0:52:08,2018-08-08 00:52:08,G,1,6,4382,635,0,8,-62.8176,-62.5196,52:12.9,FastGPS,-62.8176,-62.5196,,,17.4,-1.1,,,,15,29,794,,,,25,19714,,,,2,4985,,,,12,768,,,,5,1035,,,,31,18243,,,,6,6292,,,,23,4947,,,,,,,,,,,,,,,,,,,,,,,,,,,,,,,,,,,,,,
173716,8-Aug-18,1:24:50,2018-08-08 01:24:50,G,2,6,4383,,0,9,-62.8408,-62.5428,24:54.9,FastGPS,-62.8408,-62.5428,,1,12.5,-1.1,,,,15,31,14700,,,,4,12440,,,,29,18220,,,,26,136,,,,2,771,,,,23,23268,,,,25,18780,,,,12,1033,,,,5,32284,,,,,,,,,,,,,,,,,,,,,,,,,,,,,,,,,
173716,8-Aug-18,1:55:59,2018-08-08 01:55:59,G,1,6,4384,635,0,8,-62.8613,-62.5519,56:03.9,FastGPS,-62.8613,-62.5519,,1,8.1,-1.1,,,,15,4,493,,,,26,7608,,,,31,31927,,,,29,4612,,,,25,21294,,,,12,32540,,,,2,21852,,,,23,32021,,,,,,,,,,,,,,,,,,,,,,,,,,,,,,,,,,,,,,
173716,8-Aug-18,2:27:48,2018-08-08 02:27:48,G,1,6,4385,,0,9,-62.8798,-62.5663,27:52.9,FastGPS,-62.8798,-62.5663,,1,10.9,-1.1,,,,15,31,14098,,,,26,10648,,,,29,32628,,,,9,22480,,,,16,11243,,,,2,17292,,,,4,11244,,,,5,16973,,,,25,2531,,,,,,,,,,,,,,,,,,,,,,,,,,,,,,,,,
173716,8-Aug-18,3:00:40,2018-08-08 03:00:40,G,1,6,4386,635,0,7,-62.9014,-62.5613,00:44.4,FastGPS,-62.9014,-62.5613,,1,3.4,-1.6,,,,15,5,7171,,,,16,11394,,,,26,13227,,,,29,18431,,,,4,16928,,,,9,27274,,,,31,17724,,,,,,,,,,,,,,,,,,,,,,,,,,,,,,,,,,,,,,,,,,,
173716,8-Aug-18,4:36:47,2018-08-08 04:36:47,G,1,6,4389,,0,9,-62.9195,-62.5389,36:51.9,FastGPS,-62.9195,-62.5389,,1,13,-1.1,,,,15,29,19134,,,,4,17489,,,,15,19730,,,,26,27368,,,,20,23288,,,,16,12974,,,,27,13646,,,,21,21916,,,,10,26494,,,,,,,,,,,,,,,,,,,,,,,,,,,,,,,,,
173716,8-Aug-18,5:07:52,2018-08-08 05:07:52,G,4,6,4390,,0,9,-62.9234,-62.5378,07:56.9,FastGPS,-62.9234,-62.5378,,,12.2,-1.1,,,,15,7,24828,,,,20,2432,,,,16,21541,,,,21,11314,,,,26,17225,,,,15,24664,,,,27,28162,,,,8,19254,,,,13,27829,,,,,,,,,,,,,,,,,,,,,,,,,,,,,,,,,
173716,8-Aug-18,5:38:21,2018-08-08 05:38:21,G,1,6,4391,,0,9,-62.9197,-62.5388,38:25.4,FastGPS,-62.9197,-62.5388,,,10.7,-1.6,,,,15,21,29804,,,,7,1929,,,,10,4396,,,,30,16833,,,,27,23899,,,,20,21622,,,,8,4546,,,,15,10134,,,,16,28429,,,,,,,,,,,,,,,,,,,,,,,,,,,,,,,,,
173716,8-Aug-18,12:27:49,2018-08-08 12:27:49,G,1,6,4403,637,0,7,-62.9842,-62.5949,27:53.4,FastGPS,-62.9842,-62.5949,,,13.5,-1.6,,,,15,19,15774,,,,6,29772,,,,17,29665,,,,23,10792,,,,9,18102,,,,3,31941,,,,1,20628,,,,,,,,,,,,,,,,,,,,,,,,,,,,,,,,,,,,,,,,,,,
173716,8-Aug-18,13:01:10,2018-08-08 13:01:10,G,1,6,4404,637,0,4,-62.905,-62.498,8/9/2018 7:43,P,-63.0033,-62.613,,,0.1,-1.6,,,,15,3,3593,,,,23,8743,,,,2,11390,,,,6,25048,,,,,,,,,,,,,,,,,,,,,,,,,,,,,,,,,,,,,,,,,,,,,,,,,,,,,,,,,,
173716,8-Aug-18,13:31:00,2018-08-08 13:31:00,G,1,6,4405,637,0,6,-63.0166,-62.6477,31:04.4,FastGPS,-63.0166,-62.6477,,,2.7,-1.6,,,,15,9,16076,,,,3,2040,,,,2,8978,,,,6,16429,,,,23,7378,,,,7,30838,,,,,,,,,,,,,,,,,,,,,,,,,,,,,,,,,,,,,,,,,,,,,,,,
173716,9-Aug-18,0:34:12,2018-08-09 00:34:12,G,1,6,4408,637,0,6,-63.0618,-62.6888,34:17.9,FastGPS,-63.0618,-62.6888,,,13.1,-0.1,,,,15,29,29788,,,,25,29844,,,,31,1432,,,,12,23136,,,,2,10700,,,,6,31724,,,,,,,,,,,,,,,,,,,,,,,,,,,,,,,,,,,,,,,,,,,,,,,,
173716,9-Aug-18,1:24:38,2018-08-09 01:24:38,G,1,6,4409,638,0,8,-63.0552,-62.7097,24:43.9,FastGPS,-63.0552,-62.7097,,1,8.9,-0.1,,,,15,29,13446,,,,12,2400,,,,31,3354,,,,2,13774,,,,25,31479,,,,23,16758,,,,4,16918,,,,26,7090,,,,,,,,,,,,,,,,,,,,,,,,,,,,,,,,,,,,,,
173716,9-Aug-18,1:58:29,2018-08-09 01:58:29,G,4,6,4410,,0,9,-63.0469,-62.6987,58:34.9,FastGPS,-63.0469,-62.6987,,1,7.5,-0.1,,,,15,5,28150,,,,29,3194,,,,25,27209,,,,2,26617,,,,31,15146,,,,12,26214,,,,26,28677,,,,4,16382,,,,9,7957,,,,,,,,,,,,,,,,,,,,,,,,,,,,,,,,,
173716,9-Aug-18,5:50:54,2018-08-09 05:50:54,G,1,6,4417,639,0,5,-62.9554,-62.5599,50:58.4,FastGPS,-62.9554,-62.5599,,,1.5,-1.6,,,,15,15,9078,,,,27,29015,,,,21,20804,,,,20,19324,,,,8,15402,,,,,,,,,,,,,,,,,,,,,,,,,,,,,,,,,,,,,,,,,,,,,,,,,,,,,
173716,9-Aug-18,6:35:29,2018-08-09 06:35:29,G,2,6,4418,639,0,7,-62.937,-62.5549,35:34.5,FastGPS,-62.937,-62.5549,,,7.3,-0.5,,,,15,15,3492,,,,10,25900,,,,27,6895,,,,8,18252,,,,20,9684,,,,21,31180,,,,16,16817,,,,,,,,,,,,,,,,,,,,,,,,,,,,,,,,,,,,,,,,,,,
173716,9-Aug-18,7:05:14,2018-08-09 07:05:14,G,1,6,4419,639,0,8,-62.9209,-62.536,05:18.9,FastGPS,-62.9209,-62.536,,,10.2,-1.1,,,,15,15,14107,,,,10,16597,,,,20,19172,,,,27,24936,,,,8,28430,,,,21,12344,,,,18,15554,,,,32,22407,,,,,,,,,,,,,,,,,,,,,,,,,,,,,,,,,,,,,,
173716,9-Aug-18,7:35:09,2018-08-09 07:35:09,G,1,6,4420,639,0,5,-62.9092,-62.5012,35:13.9,FastGPS,-62.9092,-62.5012,,,4.1,-1.1,,,,15,32,14685,,,,10,25218,,,,8,22570,,,,27,31096,,,,20,24726,,,,,,,,,,,,,,,,,,,,,,,,,,,,,,,,,,,,,,,,,,,,,,,,,,,,,
173716,9-Aug-18,8:40:23,2018-08-09 08:40:23,G,1,6,4422,639,0,8,-62.8922,-62.431,40:28.4,FastGPS,-62.8922,-62.431,,,7.7,-0.6,,,,15,10,8198,,,,32,18389,,,,18,5709,,,,11,17668,,,,14,4158,,,,22,18732,,,,1,27664,,,,28,29767,,,,,,,,,,,,,,,,,,,,,,,,,,,,,,,,,,,,,,
173716,9-Aug-18,13:34:10,2018-08-09 13:34:10,G,1,6,4431,,0,9,-62.8587,-62.2289,34:14.4,FastGPS,-62.8587,-62.2289,,,12,-1.6,,,,15,2,424,,,,9,9717,,,,23,12163,,,,31,20874,,,,7,16081,,,,6,16266,,,,29,4452,,,,3,19878,,,,26,30204,,,,,,,,,,,,,,,,,,,,,,,,,,,,,,,,,
173716,9-Aug-18,14:09:29,2018-08-09 14:09:29,G,1,6,4432,,0,9,-62.8617,-62.1783,09:33.9,FastGPS,-62.8617,-62.1783,,1,7.8,-1.1,,,,15,29,13004,,,,26,514,,,,16,16408,,,,23,28896,,,,4,16404,,,,7,15854,,,,2,22178,,,,9,8135,,,,5,9560,,,,,,,,,,,,,,,,,,,,,,,,,,,,,,,,,
173716,9-Aug-18,15:42:48,2018-08-09 15:42:48,G,1,6,4435,639,0,7,-62.8728,-62.0487,42:52.5,FastGPS,-62.8728,-62.0487,,,4.8,-1.5,,,,15,5,26886,,,,2,19462,,,,7,2484,,,,16,13048,,,,30,17354,,,,23,21741,,,,9,10548,,,,,,,,,,,,,,,,,,,,,,,,,,,,,,,,,,,,,,,,,,,
173716,9-Aug-18,16:21:18,2018-08-09 16:21:18,G,1,6,4436,639,0,7,-62.8813,-61.9785,21:22.9,FastGPS,-62.8813,-61.9785,,,3.5,-1.1,,,,15,7,16233,,,,5,29968,,,,16,7305,,,,27,14662,,,,9,16394,,,,21,24874,,,,30,10007,,,,,,,,,,,,,,,,,,,,,,,,,,,,,,,,,,,,,,,,,,,
173716,9-Aug-18,16:51:00,2018-08-09 16:51:00,G,2,6,4437,639,0,7,-62.8826,-61.9241,51:04.4,FastGPS,-62.8826,-61.9241,,,6.3,-1.6,,,,15,7,13704,,,,27,1746,,,,8,20905,,,,30,2607,,,,13,6614,,,,5,2055,,,,9,31085,,,,,,,,,,,,,,,,,,,,,,,,,,,,,,,,,,,,,,,,,,,
173716,9-Aug-18,17:29:30,2018-08-09 17:29:30,G,4,6,4438,639,0,8,-62.8813,-61.8572,29:34.4,FastGPS,-62.8813,-61.8572,,,15.2,-1.6,,,,15,7,10761,,,,15,2534,,,,30,17472,,,,13,13184,,,,21,4204,,,,27,566,,,,28,19656,,,,8,16460,,,,,,,,,,,,,,,,,,,,,,,,,,,,,,,,,,,,,,
173716,9-Aug-18,18:01:17,2018-08-09 18:01:17,G,3,6,4439,,0,9,-62.8869,-61.7985,01:21.9,FastGPS,-62.8869,-61.7985,,,13.8,-1.1,,,,15,7,6776,,,,28,30206,,,,8,20171,,,,30,28904,,,,27,23874,,,,15,23354,,,,13,6310,,,,21,27877,,,,5,18830,,,,,,,,,,,,,,,,,,,,,,,,,,,,,,,,,
173716,9-Aug-18,18:33:42,2018-08-09 18:33:42,G,1,6,4440,639,0,8,-62.8926,-61.7428,33:46.5,FastGPS,-62.8926,-61.7428,,,8.9,-1.5,,,,15,15,7325,,,,8,17850,,,,13,5914,,,,30,16618,,,,20,31287,,,,7,30008,,,,28,9656,,,,5,17810,,,,,,,,,,,,,,,,,,,,,,,,,,,,,,,,,,,,,,
173716,9-Aug-18,19:07:54,2018-08-09 19:07:54,G,2,6,4441,,0,9,-62.8931,-61.6944,07:58.4,FastGPS,-62.8931,-61.6944,,,8.6,-1.6,,,,15,13,10779,,,,15,16425,,,,10,12286,,,,8,16644,,,,28,18802,,,,20,12069,,,,18,25656,,,,30,23235,,,,11,26502,,,,,,,,,,,,,,,,,,,,,,,,,,,,,,,,,
173716,9-Aug-18,19:40:31,2018-08-09 19:40:31,G,1,6,4442,639,0,6,-62.8971,-61.6457,40:35.9,FastGPS,-62.8971,-61.6457,,,9.7,-1.1,,,,15,15,32580,,,,24,29792,,,,13,24580,,,,20,30058,,,,11,3444,,,,17,3991,,,,,,,,,,,,,,,,,,,,,,,,,,,,,,,,,,,,,,,,,,,,,,,,
173716,9-Aug-18,20:12:51,2018-08-09 20:12:51,G,1,6,4443,639,0,5,-62.9051,-61.6051,12:55.4,FastGPS,-62.9051,-61.6051,,,13,-1.6,,,,15,15,27634,,,,13,28158,,,,24,30573,,,,17,5250,,,,12,25176,,,,,,,,,,,,,,,,,,,,,,,,,,,,,,,,,,,,,,,,,,,,,,,,,,,,,
173716,9-Aug-18,20:47:32,2018-08-09 20:47:32,G,1,6,4444,,0,9,-62.9193,-61.5737,47:36.5,FastGPS,-62.9193,-61.5737,,,18.4,-1.6,,,,15,17,24650,,,,15,32080,,,,11,12123,,,,24,7718,,,,1,15882,,,,28,9692,,,,18,15900,,,,19,13977,,,,32,22363,,,,,,,,,,,,,,,,,,,,,,,,,,,,,,,,,
173716,9-Aug-18,23:58:19,2018-08-09 23:58:19,G,1,6,4450,,0,9,-62.9864,-61.4462,58:23.9,FastGPS,-62.9864,-61.4462,,,3.8,-1.1,,,,15,31,11172,,,,29,12521,,,,25,11673,,,,6,27950,,,,12,26618,,,,14,30894,,,,32,32458,,,,2,9536,,,,19,6146,,,,,,,,,,,,,,,,,,,,,,,,,,,,,,,,,
173716,10-Aug-18,0:29:49,2018-08-10 00:29:49,G,1,6,4451,639,0,6,-63.0048,-61.4125,29:53.9,FastGPS,-63.0048,-61.4125,,1,8.7,-1.1,,,,15,12,4002,,,,31,4208,,,,2,23488,,,,25,4721,,,,6,12825,,,,4,28890,,,,,,,,,,,,,,,,,,,,,,,,,,,,,,,,,,,,,,,,,,,,,,,,
173716,10-Aug-18,1:02:17,2018-08-10 01:02:17,G,1,6,4452,,0,9,-63.0211,-61.3734,02:21.4,FastGPS,-63.0211,-61.3734,,1,4.9,-1.6,,,,15,31,6820,,,,2,31469,,,,4,18514,,,,29,17892,,,,12,408,,,,26,31965,,,,23,11504,,,,25,8200,,,,5,16380,,,,,,,,,,,,,,,,,,,,,,,,,,,,,,,,,
173716,10-Aug-18,1:33:59,2018-08-10 01:33:59,G,1,6,4453,,0,9,-63.0422,-61.3379,34:04.9,FastGPS,-63.0422,-61.3379,,1,9.4,-0.1,,,,15,31,12512,,,,26,14164,,,,2,7386,,,,4,16494,,,,29,22192,,,,25,26283,,,,23,7437,,,,5,11226,,,,12,1892,,,,,,,,,,,,,,,,,,,,,,,,,,,,,,,,,
173716,10-Aug-18,2:04:39,2018-08-10 02:04:39,G,1,6,4454,,0,9,-63.0621,-61.3044,04:44.5,FastGPS,-63.0621,-61.3044,,1,11.7,-0.5,,,,15,31,2841,,,,2,9224,,,,4,23273,,,,16,23184,,,,29,22018,,,,23,21530,,,,26,9948,,,,5,11303,,,,9,3784,,,,,,,,,,,,,,,,,,,,,,,,,,,,,,,,,
173716,10-Aug-18,2:34:24,2018-08-10 02:34:24,G,1,6,4455,639,0,7,-63.075,-61.2757,34:29.4,FastGPS,-63.075,-61.2757,,1,4.1,-0.6,,,,15,5,12806,,,,29,23974,,,,4,3641,,,,26,15474,,,,2,24752,,,,25,10376,,,,16,8404,,,,,,,,,,,,,,,,,,,,,,,,,,,,,,,,,,,,,,,,,,,
173716,10-Aug-18,3:06:30,2018-08-10 03:06:30,G,1,6,4456,639,0,6,-63.0763,-61.251,06:35.4,FastGPS,-63.0763,-61.251,,1,2.8,-0.6,,,,15,29,10773,,,,4,4068,,,,16,12369,,,,5,28904,,,,26,12722,,,,21,7754,,,,,,,,,,,,,,,,,,,,,,,,,,,,,,,,,,,,,,,,,,,,,,,,
173716,10-Aug-18,3:36:32,2018-08-10 03:36:32,G,1,6,4457,639,0,8,-63.0914,-61.2281,36:37.5,FastGPS,-63.0914,-61.2281,,1,10.5,-0.5,,,,15,5,28262,,,,29,30499,,,,26,23250,,,,16,10277,,,,4,20063,,,,21,25941,,,,31,899,,,,27,15082,,,,,,,,,,,,,,,,,,,,,,,,,,,,,,,,,,,,,,
173716,10-Aug-18,4:08:26,2018-08-10 04:08:26,G,1,6,4458,639,0,8,-63.1183,-61.2165,08:31.5,FastGPS,-63.1183,-61.2165,,1,10.7,-0.5,,,,15,26,28136,,,,27,8855,,,,4,32233,,,,21,19292,,,,16,17127,,,,7,28784,,,,5,26605,,,,29,28524,,,,,,,,,,,,,,,,,,,,,,,,,,,,,,,,,,,,,,
173716,10-Aug-18,4:41:05,2018-08-10 04:41:05,G,1,6,4459,,0,9,-63.1364,-61.2108,41:10.9,FastGPS,-63.1364,-61.2108,,,12.9,-0.1,,,,15,7,12874,,,,15,28366,,,,13,26408,,,,21,15485,,,,5,11224,,,,27,14618,,,,16,28172,,,,20,28242,,,,29,25412,,,,,,,,,,,,,,,,,,,,,,,,,,,,,,,,,
173716,10-Aug-18,5:11:26,2018-08-10 05:11:26,G,1,6,4460,639,0,8,-63.1403,-61.2102,11:31.9,FastGPS,-63.1403,-61.2102,,,13.1,-0.1,,,,15,7,1172,,,,21,15681,,,,27,12870,,,,30,4170,,,,20,21204,,,,13,32603,,,,15,16515,,,,8,22655,,,,,,,,,,,,,,,,,,,,,,,,,,,,,,,,,,,,,,
173716,10-Aug-18,5:41:00,2018-08-10 05:41:00,G,1,6,4461,639,0,5,-63.1483,-61.2112,41:05.5,FastGPS,-63.1483,-61.2112,,,2.9,-0.5,,,,15,27,30350,,,,15,22910,,,,8,1828,,,,16,10174,,,,13,13468,,,,,,,,,,,,,,,,,,,,,,,,,,,,,,,,,,,,,,,,,,,,,,,,,,,,,
173716,10-Aug-18,6:12:24,2018-08-10 06:12:24,G,1,6,4462,,0,9,-63.159,-61.2034,12:29.9,FastGPS,-63.159,-61.2034,,,10.1,-0.1,,,,15,15,24142,,,,13,13204,,,,21,24812,,,,8,31304,,,,27,11202,,,,30,7239,,,,18,16737,,,,10,19939,,,,20,27658,,,,,,,,,,,,,,,,,,,,,,,,,,,,,,,,,
173716,10-Aug-18,6:42:00,2018-08-10 06:42:00,G,1,6,4463,639,0,6,-63.162,-61.1946,42:05.5,FastGPS,-63.162,-61.1946,,,8.8,-0.5,,,,15,10,28888,,,,27,14418,,,,20,20056,,,,8,23882,,,,11,30633,,,,21,7777,,,,,,,,,,,,,,,,,,,,,,,,,,,,,,,,,,,,,,,,,,,,,,,,
173716,10-Aug-18,9:48:08,2018-08-10 09:48:08,G,2,6,4468,641,0,6,-63.1656,-61.1272,48:13.4,FastGPS,-63.1656,-61.1272,,,8.4,-0.6,,,,15,17,14512,,,,32,13186,,,,14,24544,,,,18,9007,,,,1,28062,,,,19,16952,,,,,,,,,,,,,,,,,,,,,,,,,,,,,,,,,,,,,,,,,,,,,,,,
173716,10-Aug-18,10:19:06,2018-08-10 10:19:06,G,1,6,4469,,0,9,-63.1658,-61.1228,19:11.9,FastGPS,-63.1658,-61.1228,,,8.2,-0.1,,,,15,31,13262,,,,18,27078,,,,1,13148,,,,11,10971,,,,14,161,,,,22,10884,,,,3,1480,,,,17,17231,,,,32,15067,,,,,,,,,,,,,,,,,,,,,,,,,,,,,,,,,
173716,11-Aug-18,12:57:36,2018-08-11 12:57:36,G,2,6,4491,642,0,7,-63.0584,-61.1969,57:41.5,FastGPS,-63.0584,-61.1969,,,4.3,-0.5,,,,15,9,7328,,,,31,11879,,,,22,7272,,,,6,8582,,,,23,32188,,,,3,312,,,,26,17138,,,,,,,,,,,,,,,,,,,,,,,,,,,,,,,,,,,,,,,,,,,
173716,11-Aug-18,13:28:23,2018-08-11 13:28:23,G,1,6,4492,,0,9,-63.0698,-61.1885,28:28.9,FastGPS,-63.0698,-61.1885,,1,3.6,-0.1,,,,15,23,17884,,,,9,19476,,,,6,15046,,,,3,19142,,,,29,21088,,,,4,22653,,,,26,13581,,,,7,32126,,,,16,11675,,,,,,,,,,,,,,,,,,,,,,,,,,,,,,,,,
173716,11-Aug-18,13:58:07,2018-08-11 13:58:07,G,2,6,4493,642,0,7,-63.0712,-61.1882,58:12.5,FastGPS,-63.0712,-61.1882,,1,3.9,-0.5,,,,15,7,3345,,,,6,26919,,,,2,24738,,,,23,13195,,,,9,11279,,,,3,4542,,,,4,31258,,,,,,,,,,,,,,,,,,,,,,,,,,,,,,,,,,,,,,,,,,,
173716,11-Aug-18,14:29:23,2018-08-11 14:29:23,G,2,6,4494,,0,9,-63.0728,-61.1963,29:29.0,FastGPS,-63.0728,-61.1963,,1,17.4,0,,,,15,23,31865,,,,9,27890,,,,7,23861,,,,16,22408,,,,5,21210,,,,29,985,,,,26,26717,,,,4,23094,,,,30,17708,,,,,,,,,,,,,,,,,,,,,,,,,,,,,,,,,
173716,11-Aug-18,15:02:36,2018-08-11 15:02:36,G,2,6,4495,642,0,5,-63.0757,-61.2011,02:41.5,FastGPS,-63.0757,-61.2011,,,9,-0.5,,,,15,7,14328,,,,30,21605,,,,2,11000,,,,9,31388,,,,5,521,,,,,,,,,,,,,,,,,,,,,,,,,,,,,,,,,,,,,,,,,,,,,,,,,,,,,
173716,11-Aug-18,15:32:56,2018-08-11 15:32:56,G,3,6,4496,642,0,6,-63.0804,-61.2101,33:02.0,FastGPS,-63.0804,-61.2101,,,3.5,-0.1,,,,15,23,12382,,,,7,11482,,,,16,104,,,,30,19150,,,,27,3819,,,,9,28160,,,,,,,,,,,,,,,,,,,,,,,,,,,,,,,,,,,,,,,,,,,,,,,,
173716,11-Aug-18,16:03:00,2018-08-11 16:03:00,G,2,6,4497,642,0,4,-63.208,-60.982,8/12/2018 4:25,A,-63.0703,-61.2016,,,0.1,-0.5,,,,15,5,10698,,,,7,14986,,,,30,7685,,,,27,20774,,,,,,,,,,,,,,,,,,,,,,,,,,,,,,,,,,,,,,,,,,,,,,,,,,,,,,,,,,
173716,11-Aug-18,16:33:00,2018-08-11 16:33:00,G,3,6,4498,642,0,5,-63.0685,-61.1813,33:05.4,FastGPS,-63.0685,-61.1813,,,3.1,-0.6,,,,15,9,11702,,,,7,3544,,,,5,7552,,,,30,23980,,,,13,32670,,,,,,,,,,,,,,,,,,,,,,,,,,,,,,,,,,,,,,,,,,,,,,,,,,,,,
173716,11-Aug-18,17:05:46,2018-08-11 17:05:46,G,1,6,4499,642,0,8,-63.0841,-61.1437,05:51.5,FastGPS,-63.0841,-61.1437,,,8.4,-0.5,,,,15,27,21620,,,,7,1860,,,,8,30886,,,,30,26319,,,,5,9700,,,,21,19088,,,,28,14689,,,,13,106,,,,,,,,,,,,,,,,,,,,,,,,,,,,,,,,,,,,,,
173716,11-Aug-18,17:53:41,2018-08-11 17:53:41,G,2,6,4500,643,0,6,-63.1034,-61.0984,53:47.0,FastGPS,-63.1034,-61.0984,,,4.2,0,,,,15,15,17869,,,,13,409,,,,5,7849,,,,30,24168,,,,7,2274,,,,27,21042,,,,,,,,,,,,,,,,,,,,,,,,,,,,,,,,,,,,,,,,,,,,,,,,
173716,11-Aug-18,18:24:23,2018-08-11 18:24:23,G,2,6,4501,643,0,4,-63.208,-60.982,8/12/2018 4:25,A,-63.1119,-61.0824,,,0.5,0,,,,15,15,27623,,,,13,30161,,,,28,1232,,,,7,31524,,,,,,,,,,,,,,,,,,,,,,,,,,,,,,,,,,,,,,,,,,,,,,,,,,,,,,,,,,
173716,11-Aug-18,20:33:45,2018-08-11 20:33:45,G,1,6,4505,,0,9,-63.1476,-61.0282,33:51.0,FastGPS,-63.1476,-61.0282,,,12.5,0,,,,15,12,23514,,,,13,2246,,,,15,216,,,,19,16700,,,,24,14897,,,,17,7032,,,,10,30075,,,,18,16366,,,,28,26816,,,,,,,,,,,,,,,,,,,,,,,,,,,,,,,,,
173716,11-Aug-18,21:07:19,2018-08-11 21:07:19,G,1,6,4506,643,0,8,-63.1663,-61.0243,07:25.0,FastGPS,-63.1663,-61.0243,,,11.1,0,,,,15,17,21558,,,,32,23854,,,,19,5088,,,,1,28072,,,,24,5204,,,,10,20820,,,,12,26487,,,,18,9835,,,,,,,,,,,,,,,,,,,,,,,,,,,,,,,,,,,,,,
173716,12-Aug-18,5:53:09,2018-08-12 05:53:09,G,2,6,4510,,0,9,-63.2168,-60.9589,53:14.0,FastGPS,-63.2168,-60.9589,,,9.6,-1,,,,15,15,6140,,,,10,2815,,,,13,18472,,,,20,9080,,,,21,18661,,,,16,27997,,,,8,9571,,,,27,19526,,,,30,1605,,,,,,,,,,,,,,,,,,,,,,,,,,,,,,,,,
173716,12-Aug-18,6:25:16,2018-08-12 06:25:16,G,2,6,4511,,0,9,-63.2303,-60.936,25:21.0,FastGPS,-63.2303,-60.936,,,7.9,-1,,,,15,15,21364,,,,10,7528,,,,27,13412,,,,18,14187,,,,20,22984,,,,8,29926,,,,13,32126,,,,11,18984,,,,30,9984,,,,,,,,,,,,,,,,,,,,,,,,,,,,,,,,,
173716,12-Aug-18,6:57:59,2018-08-12 06:57:59,G,3,6,4512,643,0,6,-63.2463,-60.9109,58:04.0,FastGPS,-63.2463,-60.9109,,,12.4,-1,,,,15,10,26404,,,,27,17908,,,,8,2516,,,,20,21078,,,,15,18847,,,,18,1915,,,,,,,,,,,,,,,,,,,,,,,,,,,,,,,,,,,,,,,,,,,,,,,,
173716,12-Aug-18,7:30:29,2018-08-12 07:30:29,G,3,6,4513,643,0,8,-63.2469,-60.8867,30:33.5,FastGPS,-63.2469,-60.8867,,,9.7,-1.5,,,,15,18,13800,,,,11,21242,,,,8,28915,,,,27,19035,,,,10,4290,,,,32,31818,,,,14,4046,,,,1,31628,,,,,,,,,,,,,,,,,,,,,,,,,,,,,,,,,,,,,,
173716,12-Aug-18,8:00:47,2018-08-12 08:00:47,G,1,6,4514,,0,9,-63.2457,-60.8661,00:52.0,FastGPS,-63.2457,-60.8661,,,11.9,-1,,,,15,32,3595,,,,10,8220,,,,18,28214,,,,8,7212,,,,20,12456,,,,11,4704,,,,14,24482,,,,1,28026,,,,24,5979,,,,,,,,,,,,,,,,,,,,,,,,,,,,,,,,,
173716,12-Aug-18,8:31:47,2018-08-12 08:31:47,G,2,6,4515,643,0,6,-63.2456,-60.8599,31:51.9,FastGPS,-63.2456,-60.8599,,,7.5,-1.1,,,,15,32,20969,,,,10,29453,,,,1,28384,,,,22,19550,,,,14,13052,,,,18,744,,,,,,,,,,,,,,,,,,,,,,,,,,,,,,,,,,,,,,,,,,,,,,,,
173716,12-Aug-18,10:54:41,2018-08-12 10:54:41,G,1,6,4519,,0,9,-63.2451,-60.8395,54:46.0,FastGPS,-63.2451,-60.8395,,,10.2,-1,,,,15,17,5502,,,,19,23094,,,,23,3908,,,,31,29878,,,,11,15063,,,,18,24087,,,,3,21660,,,,22,7580,,,,14,16458,,,,,,,,,,,,,,,,,,,,,,,,,,,,,,,,,
173716,12-Aug-18,11:25:16,2018-08-12 11:25:16,G,1,6,4520,,0,9,-63.2466,-60.8353,25:20.5,FastGPS,-63.2466,-60.8353,,,6.2,-1.5,,,,15,23,16120,,,,1,17094,,,,3,25218,,,,6,6142,,,,17,31746,,,,14,9607,,,,31,12848,,,,22,6732,,,,11,209,,,,,,,,,,,,,,,,,,,,,,,,,,,,,,,,,
173716,12-Aug-18,11:55:00,2018-08-12 11:55:00,G,1,6,4521,,0,9,-63.2481,-60.831,55:04.5,FastGPS,-63.2481,-60.831,,,15.8,-1.5,,,,15,31,25571,,,,22,14634,,,,17,3875,,,,23,8056,,,,6,27831,,,,9,17882,,,,19,22723,,,,25,5992,,,,3,1369,,,,,,,,,,,,,,,,,,,,,,,,,,,,,,,,,
173716,12-Aug-18,12:25:00,2018-08-12 12:25:00,G,1,6,4522,644,0,8,-63.2491,-60.8271,25:04.5,FastGPS,-63.2491,-60.8271,,1,7.9,-1.5,,,,15,31,29438,,,,22,27720,,,,6,16445,,,,4,10907,,,,26,23278,,,,23,744,,,,3,8304,,,,9,1432,,,,,,,,,,,,,,,,,,,,,,,,,,,,,,,,,,,,,,
173716,12-Aug-18,12:55:30,2018-08-12 12:55:30,G,2,6,4523,644,0,7,-63.2511,-60.8239,55:35.0,FastGPS,-63.2511,-60.8239,,1,11.8,-1,,,,15,16,14212,,,,3,8802,,,,26,6964,,,,22,13444,,,,23,14547,,,,9,26958,,,,4,6453,,,,,,,,,,,,,,,,,,,,,,,,,,,,,,,,,,,,,,,,,,,
173716,12-Aug-18,13:27:03,2018-08-12 13:27:03,G,2,6,4524,644,0,7,-63.2522,-60.8194,27:08.0,FastGPS,-63.2522,-60.8194,,,8,-1,,,,15,6,19822,,,,9,2474,,,,16,1562,,,,23,26276,,,,7,22873,,,,3,19124,,,,22,23860,,,,,,,,,,,,,,,,,,,,,,,,,,,,,,,,,,,,,,,,,,,
173716,12-Aug-18,13:57:28,2018-08-12 13:57:28,G,1,6,4525,,0,9,-63.2527,-60.8147,57:33.0,FastGPS,-63.2527,-60.8147,,,14,-1,,,,15,23,30448,,,,29,16194,,,,7,9696,,,,9,5261,,,,6,6033,,,,2,16348,,,,16,22150,,,,5,5081,,,,26,6915,,,,,,,,,,,,,,,,,,,,,,,,,,,,,,,,,
173716,12-Aug-18,14:42:00,2018-08-12 14:42:00,G,1,6,4526,645,0,5,-63.2525,-60.8129,42:04.5,FastGPS,-63.2525,-60.8129,,,2.5,-1.5,,,,15,23,17936,,,,5,5224,,,,2,25694,,,,9,26416,,,,7,31026,,,,,,,,,,,,,,,,,,,,,,,,,,,,,,,,,,,,,,,,,,,,,,,,,,,,,
173716,12-Aug-18,15:13:47,2018-08-12 15:13:47,G,2,6,4527,,0,9,-63.2537,-60.8061,13:51.5,FastGPS,-63.2537,-60.8061,,1,6.1,-1.5,,,,15,7,18596,,,,29,22188,,,,5,20627,,,,16,28600,,,,4,13899,,,,26,5899,,,,9,1979,,,,30,22162,,,,23,16205,,,,,,,,,,,,,,,,,,,,,,,,,,,,,,,,,
173716,12-Aug-18,15:44:00,2018-08-12 15:44:00,G,2,6,4528,645,0,5,-63.255,-60.781,44:04.6,FastGPS,-63.255,-60.781,,,1.5,-1.4,,,,15,5,10980,,,,30,17562,,,,7,4299,,,,9,27152,,,,23,21866,,,,,,,,,,,,,,,,,,,,,,,,,,,,,,,,,,,,,,,,,,,,,,,,,,,,,
173716,12-Aug-18,16:14:10,2018-08-12 16:14:10,G,2,6,4529,645,0,8,-63.251,-60.7529,14:15.0,FastGPS,-63.251,-60.7529,,,7,-1,,,,15,9,4424,,,,8,7358,,,,27,7470,,,,7,20232,,,,16,3308,,,,5,2512,,,,30,24996,,,,21,17636,,,,,,,,,,,,,,,,,,,,,,,,,,,,,,,,,,,,,,
173716,12-Aug-18,16:44:00,2018-08-12 16:44:00,G,2,6,4530,645,0,8,-63.2453,-60.7215,44:04.5,FastGPS,-63.2453,-60.7215,,,4.8,-1.5,,,,15,5,101,,,,27,20989,,,,7,13646,,,,30,14526,,,,21,11779,,,,13,31187,,,,9,16950,,,,8,19397,,,,,,,,,,,,,,,,,,,,,,,,,,,,,,,,,,,,,,
173716,12-Aug-18,19:50:00,2018-08-12 19:50:00,G,1,6,4536,,0,9,-63.2364,-60.5677,50:04.5,FastGPS,-63.2364,-60.5677,,,6.1,-1.5,,,,15,18,3920,,,,17,778,,,,11,11521,,,,1,8563,,,,19,21009,,,,28,11536,,,,30,20974,,,,13,26503,,,,15,30264,,,,,,,,,,,,,,,,,,,,,,,,,,,,,,,,,
173716,13-Aug-18,6:26:16,2018-08-13 06:26:16,G,1,6,4538,645,0,8,-63.2601,-60.5562,26:22.0,FastGPS,-63.2601,-60.5562,,,8.8,0,,,,15,13,3414,,,,15,3508,,,,10,1926,,,,21,4407,,,,30,16246,,,,28,15840,,,,20,4297,,,,27,27372,,,,,,,,,,,,,,,,,,,,,,,,,,,,,,,,,,,,,,
173716,13-Aug-18,6:56:42,2018-08-13 06:56:42,G,1,6,4539,645,0,8,-63.2427,-60.5633,56:47.5,FastGPS,-63.2427,-60.5633,,,7.2,-0.5,,,,15,27,28920,,,,15,31192,,,,8,21112,,,,10,12147,,,,32,20602,,,,20,680,,,,18,28694,,,,21,6992,,,,,,,,,,,,,,,,,,,,,,,,,,,,,,,,,,,,,,
173716,13-Aug-18,8:45:46,2018-08-13 08:45:46,G,1,6,4542,,0,9,-63.1983,-60.4837,45:51.5,FastGPS,-63.1983,-60.4837,,,10.6,-0.5,,,,15,14,963,,,,8,9663,,,,32,27444,,,,18,4471,,,,10,19342,,,,22,19836,,,,17,2211,,,,11,15344,,,,1,5320,,,,,,,,,,,,,,,,,,,,,,,,,,,,,,,,,
173716,13-Aug-18,9:18:08,2018-08-13 09:18:08,G,1,6,4543,,0,9,-63.2094,-60.4541,18:14.0,FastGPS,-63.2094,-60.4541,,,9.1,0,,,,15,17,3976,,,,8,2076,,,,3,565,,,,11,17212,,,,32,20594,,,,22,15574,,,,18,5362,,,,1,15566,,,,10,24052,,,,,,,,,,,,,,,,,,,,,,,,,,,,,,,,,
173716,13-Aug-18,9:50:37,2018-08-13 09:50:37,G,2,6,4544,,0,9,-63.2274,-60.4661,50:42.5,FastGPS,-63.2274,-60.4661,,,9.6,-0.5,,,,15,1,22252,,,,22,18490,,,,18,4324,,,,11,17974,,,,3,13300,,,,14,17837,,,,31,19913,,,,32,4300,,,,17,717,,,,,,,,,,,,,,,,,,,,,,,,,,,,,,,,,
173716,13-Aug-18,10:20:00,2018-08-13 10:20:00,G,1,6,4545,,0,9,-63.2437,-60.4639,20:05.5,FastGPS,-63.2437,-60.4639,,,9.5,-0.5,,,,15,31,3774,,,,3,11163,,,,18,27034,,,,17,25614,,,,1,4094,,,,11,11207,,,,19,23736,,,,23,2024,,,,32,12368,,,,,,,,,,,,,,,,,,,,,,,,,,,,,,,,,
173716,13-Aug-18,10:52:45,2018-08-13 10:52:45,G,2,6,4546,,0,9,-63.2563,-60.4724,52:50.5,FastGPS,-63.2563,-60.4724,,,7,-0.5,,,,15,12,27032,,,,31,10433,,,,19,31379,,,,14,18196,,,,17,7098,,,,6,14716,,,,32,28330,,,,22,13702,,,,3,31656,,,,,,,,,,,,,,,,,,,,,,,,,,,,,,,,,
173716,13-Aug-18,11:24:55,2018-08-13 11:24:55,G,1,6,4547,,0,9,-63.271,-60.4815,25:00.5,FastGPS,-63.271,-60.4815,,,5,-0.5,,,,15,17,17738,,,,31,16467,,,,23,29951,,,,19,3506,,,,6,19786,,,,9,8727,,,,12,21601,,,,22,100,,,,3,26282,,,,,,,,,,,,,,,,,,,,,,,,,,,,,,,,,
173716,13-Aug-18,15:45:21,2018-08-13 15:45:21,G,1,6,4555,646,0,6,-63.3635,-60.5376,45:26.5,FastGPS,-63.3635,-60.5376,,,4.2,-0.5,,,,15,5,25980,,,,7,12579,,,,9,15073,,,,30,7358,,,,16,5182,,,,2,25860,,,,,,,,,,,,,,,,,,,,,,,,,,,,,,,,,,,,,,,,,,,,,,,,
173716,13-Aug-18,16:18:24,2018-08-13 16:18:24,G,3,6,4556,646,0,6,-63.3744,-60.5432,18:30.0,FastGPS,-63.3744,-60.5432,,,5.1,0,,,,15,7,2036,,,,13,24733,,,,5,26968,,,,30,31972,,,,9,26497,,,,28,12809,,,,,,,,,,,,,,,,,,,,,,,,,,,,,,,,,,,,,,,,,,,,,,,,
173716,13-Aug-18,16:48:30,2018-08-13 16:48:30,G,3,6,4557,646,0,8,-63.3864,-60.5429,48:35.5,FastGPS,-63.3864,-60.5429,,,11.5,-0.5,,,,15,9,25582,,,,5,3160,,,,7,9015,,,,13,12886,,,,28,11591,,,,30,3200,,,,21,1304,,,,15,2673,,,,,,,,,,,,,,,,,,,,,,,,,,,,,,,,,,,,,,
173716,13-Aug-18,17:20:16,2018-08-13 17:20:16,G,2,6,4558,646,0,8,-63.4016,-60.536,20:21.5,FastGPS,-63.4016,-60.536,,,7.3,-0.5,,,,15,5,16993,,,,13,2937,,,,15,2735,,,,7,29838,,,,30,19384,,,,21,3585,,,,28,19939,,,,8,6920,,,,,,,,,,,,,,,,,,,,,,,,,,,,,,,,,,,,,,
173716,13-Aug-18,17:51:23,2018-08-13 17:51:23,G,1,6,4559,646,0,8,-63.4176,-60.5348,51:29.0,FastGPS,-63.4176,-60.5348,,,6.8,0,,,,15,15,4237,,,,8,18274,,,,13,6004,,,,7,10646,,,,5,12060,,,,30,11610,,,,28,7308,,,,21,2553,,,,,,,,,,,,,,,,,,,,,,,,,,,,,,,,,,,,,,
173716,13-Aug-18,18:21:00,2018-08-13 18:21:00,G,1,6,4560,646,0,5,-63.4283,-60.5123,21:05.5,FastGPS,-63.4283,-60.5123,,,3,-0.5,,,,15,7,17052,,,,8,17090,,,,28,12840,,,,11,13918,,,,30,7980,,,,,,,,,,,,,,,,,,,,,,,,,,,,,,,,,,,,,,,,,,,,,,,,,,,,,
173716,13-Aug-18,18:51:00,2018-08-13 18:51:00,G,1,6,4561,,1,9,-63.4324,-60.5191,51:05.5,FastGPS,-63.4324,-60.5191,,,12.8,-0.5,,,,15,17,15873,,,,7,22875,,,,18,22806,,,,13,29362,,,,30,18530,,,,1,24362,,,,28,10118,,,,11,23355,,,,10,4780,,,,,,,,,,,,,,,,,,,,,,,,,,,,,,,,,
173716,14-Aug-18,14:18:16,2018-08-14 14:18:16,G,1,6,4562,646,0,7,-63.4697,-60.615,18:20.5,FastGPS,-63.4697,-60.615,,1,4.2,-1.5,,,,15,29,23002,,,,5,11748,,,,16,13424,,,,7,10711,,,,23,16275,,,,4,12399,,,,9,12760,,,,,,,,,,,,,,,,,,,,,,,,,,,,,,,,,,,,,,,,,,,
173716,14-Aug-18,14:49:24,2018-08-14 14:49:24,G,1,6,4563,646,0,6,-63.4702,-60.6212,49:28.5,FastGPS,-63.4702,-60.6212,,,8.6,-1.5,,,,15,16,55,,,,7,30524,,,,23,7607,,,,30,925,,,,9,21252,,,,6,12702,,,,,,,,,,,,,,,,,,,,,,,,,,,,,,,,,,,,,,,,,,,,,,,,
173716,14-Aug-18,15:19:00,2018-08-14 15:19:00,G,1,6,4564,646,1,8,-63.4708,-60.6249,19:04.5,FastGPS,-63.4708,-60.6249,,,13.5,-1.5,,,,15,7,22136,,,,5,7752,,,,29,29751,,,,2,18969,,,,30,22754,,,,9,13828,,,,16,23064,,,,13,25922,,,,,,,,,,,,,,,,,,,,,,,,,,,,,,,,,,,,,,
173716,14-Aug-18,15:49:32,2018-08-14 15:49:32,G,1,6,4565,646,0,7,-63.4718,-60.6265,49:36.5,FastGPS,-63.4718,-60.6265,,,8.2,-1.5,,,,15,30,29977,,,,7,11206,,,,9,15616,,,,2,20138,,,,5,3812,,,,27,18744,,,,23,27878,,,,,,,,,,,,,,,,,,,,,,,,,,,,,,,,,,,,,,,,,,,
173716,14-Aug-18,16:19:52,2018-08-14 16:19:52,G,1,6,4566,646,0,5,-63.4662,-60.6337,19:56.6,FastGPS,-63.4662,-60.6337,,,9.6,-1.4,,,,15,7,9962,,,,5,9700,,,,30,24804,,,,27,6872,,,,13,32183,,,,,,,,,,,,,,,,,,,,,,,,,,,,,,,,,,,,,,,,,,,,,,,,,,,,,
173716,14-Aug-18,16:54:58,2018-08-14 16:54:58,G,1,6,4567,646,0,6,-63.4678,-60.6446,55:03.1,FastGPS,-63.4678,-60.6446,,,8.3,-1,,,,15,5,9323,,,,7,4647,,,,15,11102,,,,13,9839,,,,30,31436,,,,28,23678,,,,,,,,,,,,,,,,,,,,,,,,,,,,,,,,,,,,,,,,,,,,,,,,
173716,14-Aug-18,18:04:26,2018-08-14 18:04:26,G,2,6,4569,646,0,6,-63.4731,-60.6599,04:30.6,FastGPS,-63.4731,-60.6599,,,18.7,-1.4,,,,15,5,18437,,,,13,1850,,,,15,11036,,,,11,17056,,,,28,28008,,,,7,11410,,,,,,,,,,,,,,,,,,,,,,,,,,,,,,,,,,,,,,,,,,,,,,,,
173716,14-Aug-18,18:34:00,2018-08-14 18:34:00,G,3,6,4570,646,0,8,-63.4742,-60.6517,34:04.5,FastGPS,-63.4742,-60.6517,,,9.3,-1.5,,,,15,15,21290,,,,28,23735,,,,13,24519,,,,30,13399,,,,24,11886,,,,20,2763,,,,11,15020,,,,8,3674,,,,,,,,,,,,,,,,,,,,,,,,,,,,,,,,,,,,,,
173716,14-Aug-18,19:06:07,2018-08-14 19:06:07,G,3,6,4571,,0,9,-63.473,-60.6454,06:12.0,FastGPS,-63.473,-60.6454,,,7.3,-1,,,,15,17,30133,,,,15,12047,,,,13,13411,,,,1,16252,,,,11,30146,,,,30,26282,,,,18,16940,,,,28,11481,,,,24,26670,,,,,,,,,,,,,,,,,,,,,,,,,,,,,,,,,
173716,14-Aug-18,19:38:13,2018-08-14 19:38:13,G,2,6,4572,,0,9,-63.47,-60.6436,38:17.5,FastGPS,-63.47,-60.6436,,,12.1,-1.5,,,,15,20,10781,,,,10,3150,,,,28,16203,,,,15,25816,,,,17,12466,,,,13,30254,,,,24,678,,,,18,30722,,,,11,9006,,,,,,,,,,,,,,,,,,,,,,,,,,,,,,,,,
173716,15-Aug-18,8:35:51,2018-08-15 08:35:51,G,2,6,4576,646,0,4,-63.625,-60.889,8/16/2018 0:51,K,-63.5087,-60.7973,,,0.1,-1.3,,,,15,10,10748,,,,18,21758,,,,1,20454,,,,11,452,,,,,,,,,,,,,,,,,,,,,,,,,,,,,,,,,,,,,,,,,,,,,,,,,,,,,,,,,,
173716,15-Aug-18,10:15:08,2018-08-15 10:15:08,G,1,6,4577,649,0,5,-63.5131,-60.7957,15:13.0,FastGPS,-63.5131,-60.7957,,,0.9,-1,,,,15,3,20014,,,,11,31054,,,,17,27043,,,,22,31182,,,,1,30032,,,,,,,,,,,,,,,,,,,,,,,,,,,,,,,,,,,,,,,,,,,,,,,,,,,,,
173716,15-Aug-18,10:52:45,2018-08-15 10:52:45,G,1,6,4578,,0,9,-63.5201,-60.7979,52:49.6,FastGPS,-63.5201,-60.7979,,,11.7,-1.4,,,,15,31,31182,,,,32,592,,,,14,30156,,,,12,32574,,,,25,28378,,,,22,12690,,,,19,15238,,,,3,17517,,,,17,31303,,,,,,,,,,,,,,,,,,,,,,,,,,,,,,,,,
173716,15-Aug-18,13:41:57,2018-08-15 13:41:57,G,1,6,4583,650,0,6,-63.5447,-60.8348,42:01.6,FastGPS,-63.5447,-60.8348,,1,0.4,-1.4,,,,15,23,4372,,,,9,1107,,,,29,15861,,,,2,15842,,,,16,12822,,,,4,27147,,,,,,,,,,,,,,,,,,,,,,,,,,,,,,,,,,,,,,,,,,,,,,,,
173716,15-Aug-18,14:12:00,2018-08-15 14:12:00,G,2,6,4584,,0,9,-63.5599,-60.8261,12:04.6,FastGPS,-63.5599,-60.8261,,,5.5,-1.4,,,,15,7,7084,,,,5,8908,,,,26,25897,,,,2,8062,,,,29,31416,,,,9,18962,,,,16,15918,,,,6,18101,,,,23,28530,,,,,,,,,,,,,,,,,,,,,,,,,,,,,,,,,
173716,15-Aug-18,14:43:22,2018-08-15 14:43:22,G,2,6,4585,,0,9,-63.5771,-60.8358,43:27.1,FastGPS,-63.5771,-60.8358,,1,6.6,-0.9,,,,15,29,9508,,,,5,28860,,,,26,7749,,,,7,8749,,,,16,17655,,,,23,31566,,,,2,24134,,,,9,7833,,,,4,22054,,,,,,,,,,,,,,,,,,,,,,,,,,,,,,,,,
173716,15-Aug-18,15:13:00,2018-08-15 15:13:00,G,2,6,4586,650,0,6,-63.5811,-60.8391,13:04.6,FastGPS,-63.5811,-60.8391,,,4.6,-1.4,,,,15,5,17565,,,,30,28778,,,,23,25524,,,,2,8818,,,,7,8,,,,9,31562,,,,,,,,,,,,,,,,,,,,,,,,,,,,,,,,,,,,,,,,,,,,,,,,
173716,15-Aug-18,15:46:41,2018-08-15 15:46:41,G,2,6,4587,650,0,6,-63.593,-60.8523,46:45.6,FastGPS,-63.593,-60.8523,,,3.1,-1.4,,,,15,7,12987,,,,16,11219,,,,27,24072,,,,21,28552,,,,30,2918,,,,5,8702,,,,,,,,,,,,,,,,,,,,,,,,,,,,,,,,,,,,,,,,,,,,,,,,
173716,15-Aug-18,16:49:33,2018-08-15 16:49:33,G,1,6,4589,650,0,5,-63.5999,-60.8781,49:37.6,FastGPS,-63.5999,-60.8781,,,11.5,-1.4,,,,15,5,1735,,,,30,20169,,,,13,28704,,,,7,29695,,,,9,26202,,,,,,,,,,,,,,,,,,,,,,,,,,,,,,,,,,,,,,,,,,,,,,,,,,,,,
173716,15-Aug-18,19:29:39,2018-08-15 19:29:39,G,1,6,4594,650,0,6,-63.6153,-60.8623,29:45.1,FastGPS,-63.6153,-60.8623,,,5.9,0.1,,,,15,15,9789,,,,13,25258,,,,19,20077,,,,24,32070,,,,28,9742,,,,17,8086,,,,,,,,,,,,,,,,,,,,,,,,,,,,,,,,,,,,,,,,,,,,,,,,
173716,15-Aug-18,20:03:53,2018-08-15 20:03:53,G,1,6,4595,,0,9,-63.6153,-60.8606,03:57.6,FastGPS,-63.6153,-60.8606,,,10,-1.4,,,,15,17,31172,,,,10,380,,,,20,10617,,,,24,30240,,,,28,5907,,,,18,22057,,,,15,14056,,,,13,8326,,,,11,2295,,,,,,,,,,,,,,,,,,,,,,,,,,,,,,,,,
173716,15-Aug-18,20:36:00,2018-08-15 20:36:00,G,1,6,4596,650,0,7,-63.6158,-60.8554,36:04.6,FastGPS,-63.6158,-60.8554,,,9.7,-1.4,,,,15,15,15501,,,,19,11433,,,,17,32622,,,,24,27842,,,,12,10684,,,,13,17217,,,,28,18002,,,,,,,,,,,,,,,,,,,,,,,,,,,,,,,,,,,,,,,,,,,
173716,15-Aug-18,21:06:00,2018-08-15 21:06:00,G,1,6,4597,,0,9,-63.6152,-60.8611,06:04.6,FastGPS,-63.6152,-60.8611,,,9.8,-1.4,,,,15,12,6675,,,,22,26450,,,,25,7581,,,,18,29542,,,,15,16985,,,,14,2068,,,,24,7136,,,,32,5108,,,,19,20771,,,,,,,,,,,,,,,,,,,,,,,,,,,,,,,,,
173716,15-Aug-18,23:36:00,2018-08-15 23:36:00,G,2,6,4598,658,1,4,-63.625,-60.889,8/16/2018 0:51,K,-63.6229,-60.8762,,,0.9,-1.4,,,,15,31,29845,,,,2,21329,,,,19,13380,,,,12,28429,,,,,,,,,,,,,,,,,,,,,,,,,,,,,,,,,,,,,,,,,,,,,,,,,,,,,,,,,,
173716,16-Aug-18,0:06:00,2018-08-16 00:06:00,G,2,6,4599,658,1,7,-63.6245,-60.8804,06:05.6,FastGPS,-63.6245,-60.8804,,,4.5,-0.4,,,,15,12,18998,,,,19,21248,,,,2,12428,,,,31,27512,,,,29,19813,,,,23,20335,,,,6,5198,,,,,,,,,,,,,,,,,,,,,,,,,,,,,,,,,,,,,,,,,,,
173716,16-Aug-18,7:24:30,2018-08-16 07:24:30,G,2,6,4602,659,0,6,-63.6692,-61.0725,24:34.6,FastGPS,-63.6692,-61.0725,,,4.3,-1.4,,,,15,1,687,,,,18,158,,,,11,9115,,,,32,21622,,,,27,29062,,,,10,6948,,,,,,,,,,,,,,,,,,,,,,,,,,,,,,,,,,,,,,,,,,,,,,,,
173716,16-Aug-18,8:09:09,2018-08-16 08:09:09,G,2,6,4603,,0,9,-63.6753,-61.0862,09:14.1,FastGPS,-63.6753,-61.0862,,,9.6,-0.9,,,,15,32,7508,,,,22,19414,,,,14,15735,,,,8,10732,,,,11,2406,,,,10,16053,,,,1,7416,,,,18,24028,,,,28,25252,,,,,,,,,,,,,,,,,,,,,,,,,,,,,,,,,
173716,16-Aug-18,9:13:52,2018-08-16 09:13:52,G,1,6,4605,660,0,4,-63.646,-60.764,8/17/2018 4:34,P,-63.6815,-61.0981,,,0.3,-1,,,,15,32,2657,,,,1,21332,,,,3,29987,,,,14,18327,,,,,,,,,,,,,,,,,,,,,,,,,,,,,,,,,,,,,,,,,,,,,,,,,,,,,,,,,,
173716,16-Aug-18,9:49:28,2018-08-16 09:49:28,G,3,6,4606,660,0,7,-63.6902,-61.0973,49:32.6,FastGPS,-63.6902,-61.0973,,,13.2,-1.4,,,,15,3,20794,,,,17,21166,,,,1,18795,,,,32,5940,,,,14,9656,,,,11,23436,,,,22,6036,,,,,,,,,,,,,,,,,,,,,,,,,,,,,,,,,,,,,,,,,,,
173716,16-Aug-18,11:12:40,2018-08-16 11:12:40,G,3,6,4607,662,0,4,-63.646,-60.764,8/17/2018 4:34,P,-63.6985,-61.0944,,,0.5,-0.9,,,,15,17,26596,,,,22,4107,,,,3,32288,,,,19,14852,,,,,,,,,,,,,,,,,,,,,,,,,,,,,,,,,,,,,,,,,,,,,,,,,,,,,,,,,,
173716,16-Aug-18,12:05:20,2018-08-16 12:05:20,G,3,6,4608,663,0,8,-63.7045,-61.0855,05:25.1,FastGPS,-63.7045,-61.0855,,1,11.8,-0.9,,,,15,23,31366,,,,22,10598,,,,9,27069,,,,4,5704,,,,3,18625,,,,6,19568,,,,31,12002,,,,26,14963,,,,,,,,,,,,,,,,,,,,,,,,,,,,,,,,,,,,,,
173716,16-Aug-18,13:07:04,2018-08-16 13:07:04,G,3,6,4609,665,0,4,-63.646,-60.764,8/17/2018 4:34,P,-63.7168,-61.0552,,,1.2,-0.9,,,,15,23,24074,,,,9,22353,,,,2,16538,,,,6,20182,,,,,,,,,,,,,,,,,,,,,,,,,,,,,,,,,,,,,,,,,,,,,,,,,,,,,,,,,,
173716,16-Aug-18,13:37:53,2018-08-16 13:37:53,G,1,6,4610,665,0,6,-63.7082,-61.0154,37:58.1,FastGPS,-63.7082,-61.0154,,1,1.2,-0.9,,,,15,29,19901,,,,23,5834,,,,9,3032,,,,3,24496,,,,4,30043,,,,16,14148,,,,,,,,,,,,,,,,,,,,,,,,,,,,,,,,,,,,,,,,,,,,,,,,
173716,16-Aug-18,15:15:10,2018-08-16 15:15:10,G,3,6,4613,665,0,8,-63.6675,-60.9771,15:14.6,FastGPS,-63.6675,-60.9771,,,9.3,-1.4,,,,15,5,30166,,,,30,15615,,,,9,8717,,,,16,24509,,,,7,4038,,,,23,25084,,,,2,12796,,,,29,28032,,,,,,,,,,,,,,,,,,,,,,,,,,,,,,,,,,,,,,
173716,16-Aug-18,15:45:00,2018-08-16 15:45:00,G,3,6,4614,665,0,7,-63.6671,-60.9448,45:05.1,FastGPS,-63.6671,-60.9448,,,11,-0.9,,,,15,5,6664,,,,9,29324,,,,30,4274,,,,7,7100,,,,16,31654,,,,13,22346,,,,21,32284,,,,,,,,,,,,,,,,,,,,,,,,,,,,,,,,,,,,,,,,,,,
173716,16-Aug-18,16:17:20,2018-08-16 16:17:20,G,4,6,4615,,0,9,-63.6561,-60.909,17:25.1,FastGPS,-63.6561,-60.909,,,11.6,-0.9,,,,15,9,18297,,,,8,14312,,,,30,28058,,,,7,27606,,,,27,9272,,,,16,31938,,,,5,3057,,,,28,17072,,,,13,19739,,,,,,,,,,,,,,,,,,,,,,,,,,,,,,,,,
173716,16-Aug-18,16:47:00,2018-08-16 16:47:00,G,2,6,4616,665,0,8,-63.6533,-60.9154,47:04.6,FastGPS,-63.6533,-60.9154,,,6.4,-1.4,,,,15,7,27520,,,,5,1133,,,,30,22737,,,,13,3941,,,,28,14440,,,,8,2388,,,,27,24510,,,,15,5249,,,,,,,,,,,,,,,,,,,,,,,,,,,,,,,,,,,,,,
173716,16-Aug-18,17:19:32,2018-08-16 17:19:32,G,1,6,4617,,0,9,-63.6562,-60.8847,19:36.6,FastGPS,-63.6562,-60.8847,,,10.8,-1.4,,,,15,5,26468,,,,30,19119,,,,27,629,,,,21,32046,,,,15,1084,,,,13,12696,,,,7,30805,,,,8,28218,,,,28,11950,,,,,,,,,,,,,,,,,,,,,,,,,,,,,,,,,
173716,16-Aug-18,17:50:18,2018-08-16 17:50:18,G,2,6,4618,,0,9,-63.6483,-60.8479,50:23.1,FastGPS,-63.6483,-60.8479,,,7.9,-0.9,,,,15,7,30938,,,,8,13859,,,,30,23293,,,,28,8065,,,,15,18713,,,,27,13692,,,,20,29487,,,,13,24817,,,,11,26554,,,,,,,,,,,,,,,,,,,,,,,,,,,,,,,,,
173716,16-Aug-18,18:50:00,2018-08-16 18:50:00,G,1,6,4620,665,0,6,-63.6478,-60.8464,50:04.6,FastGPS,-63.6478,-60.8464,,,5.1,-1.4,,,,15,13,19046,,,,15,26892,,,,17,13250,,,,28,10758,,,,30,14617,,,,11,13576,,,,,,,,,,,,,,,,,,,,,,,,,,,,,,,,,,,,,,,,,,,,,,,,
173716,16-Aug-18,19:52:24,2018-08-16 19:52:24,G,2,6,4622,,0,9,-63.6431,-60.8097,52:28.6,FastGPS,-63.6431,-60.8097,,1,7.1,-1.4,,,,15,17,24634,,,,19,30435,,,,15,6668,,,,1,16333,,,,28,13913,,,,11,26432,,,,13,17603,,,,18,6324,,,,12,22916,,,,,,,,,,,,,,,,,,,,,,,,,,,,,,,,,
173716,16-Aug-18,20:22:00,2018-08-16 20:22:00,G,1,6,4623,,0,9,-63.6459,-60.7979,22:04.6,FastGPS,-63.6459,-60.7979,,1,6.2,-1.4,,,,15,12,14470,,,,19,27912,,,,17,4897,,,,15,25723,,,,28,11313,,,,13,9776,,,,1,1414,,,,18,28199,,,,24,21556,,,,,,,,,,,,,,,,,,,,,,,,,,,,,,,,,
173716,16-Aug-18,20:53:25,2018-08-16 20:53:25,G,1,6,4624,665,0,6,-63.6543,-60.805,53:29.6,FastGPS,-63.6543,-60.805,,1,2.3,-1.4,,,,15,15,1081,,,,12,25707,,,,17,26614,,,,32,26656,,,,19,23666,,,,10,11666,,,,,,,,,,,,,,,,,,,,,,,,,,,,,,,,,,,,,,,,,,,,,,,,
173716,16-Aug-18,21:23:00,2018-08-16 21:23:00,G,1,6,4625,665,1,8,-63.6568,-60.8096,23:04.6,FastGPS,-63.6568,-60.8096,,1,6.7,-1.4,,,,15,32,9977,,,,12,21386,,,,25,20836,,,,17,10764,,,,1,6596,,,,24,18586,,,,14,10496,,,,15,8183,,,,,,,,,,,,,,,,,,,,,,,,,,,,,,,,,,,,,,
173716,17-Aug-18,8:30:19,2018-08-17 08:30:19,G,1,6,4626,,0,9,-63.6309,-60.7973,30:23.6,FastGPS,-63.6309,-60.7973,,,6.1,-1.4,,,,15,17,20159,,,,32,940,,,,14,7947,,,,28,27937,,,,22,29262,,,,10,22281,,,,1,16782,,,,8,8770,,,,24,18932,,,,,,,,,,,,,,,,,,,,,,,,,,,,,,,,,
173716,17-Aug-18,9:00:00,2018-08-17 09:00:00,G,2,6,4627,,0,9,-63.6295,-60.8074,00:05.1,FastGPS,-63.6295,-60.8074,,,10.6,-0.9,,,,15,10,496,,,,32,25308,,,,11,20374,,,,22,11646,,,,18,7859,,,,14,14760,,,,1,16532,,,,3,28558,,,,24,30132,,,,,,,,,,,,,,,,,,,,,,,,,,,,,,,,,
173716,17-Aug-18,9:46:58,2018-08-17 09:46:58,G,1,6,4628,666,0,8,-63.6293,-60.8297,47:03.1,FastGPS,-63.6293,-60.8297,,,10.4,-0.9,,,,15,12,9379,,,,19,15367,,,,17,24948,,,,14,12496,,,,32,5537,,,,3,28733,,,,18,7404,,,,1,21347,,,,,,,,,,,,,,,,,,,,,,,,,,,,,,,,,,,,,,
173716,17-Aug-18,11:56:01,2018-08-17 11:56:01,G,1,6,4631,668,0,7,-63.6446,-60.8544,56:06.1,FastGPS,-63.6446,-60.8544,,,12,-0.9,,,,15,31,1665,,,,3,7837,,,,6,20502,,,,2,19446,,,,25,26178,,,,23,32027,,,,22,10172,,,,,,,,,,,,,,,,,,,,,,,,,,,,,,,,,,,,,,,,,,,
173716,17-Aug-18,12:56:00,2018-08-17 12:56:00,G,1,6,4633,,0,9,-63.6461,-60.8371,56:04.6,FastGPS,-63.6461,-60.8371,,1,8.6,-1.4,,,,15,9,22932,,,,23,13873,,,,4,10681,,,,31,19465,,,,2,15644,,,,3,3192,,,,6,12604,,,,26,26702,,,,29,30469,,,,,,,,,,,,,,,,,,,,,,,,,,,,,,,,,
173716,17-Aug-18,13:26:01,2018-08-17 13:26:01,G,2,6,4634,668,0,4,-63.621,-60.695,8/18/2018 1:57,N,-63.6476,-60.842,,,1.4,-1.4,,,,15,16,18698,,,,9,20451,,,,6,29129,,,,3,20171,,,,,,,,,,,,,,,,,,,,,,,,,,,,,,,,,,,,,,,,,,,,,,,,,,,,,,,,,,
173716,17-Aug-18,13:56:23,2018-08-17 13:56:23,G,3,6,4635,,0,9,-63.6495,-60.8399,56:27.6,FastGPS,-63.6495,-60.8399,,,7.4,-1.4,,,,15,7,17514,,,,3,5084,,,,9,30370,,,,29,12812,,,,5,18033,,,,23,29782,,,,2,27666,,,,16,15557,,,,6,23106,,,,,,,,,,,,,,,,,,,,,,,,,,,,,,,,,
173716,17-Aug-18,14:26:00,2018-08-17 14:26:00,G,1,6,4636,668,0,7,-63.6535,-60.8467,26:04.6,FastGPS,-63.6535,-60.8467,,,4.9,-1.4,,,,15,23,19148,,,,9,4256,,,,7,28582,,,,16,2707,,,,26,17534,,,,5,9339,,,,2,710,,,,,,,,,,,,,,,,,,,,,,,,,,,,,,,,,,,,,,,,,,,
173716,17-Aug-18,14:58:23,2018-08-17 14:58:23,G,1,6,4637,668,0,7,-63.6539,-60.8464,58:28.1,FastGPS,-63.6539,-60.8464,,,9,-0.9,,,,15,16,31966,,,,23,1938,,,,7,1625,,,,9,27397,,,,5,11904,,,,26,348,,,,30,14825,,,,,,,,,,,,,,,,,,,,,,,,,,,,,,,,,,,,,,,,,,,
173716,17-Aug-18,15:59:12,2018-08-17 15:59:12,G,2,6,4639,668,0,6,-63.6652,-60.8682,59:16.6,FastGPS,-63.6652,-60.8682,,,5.7,-1.4,,,,15,30,5404,,,,8,31804,,,,5,7659,,,,7,17146,,,,28,5962,,,,27,23410,,,,,,,,,,,,,,,,,,,,,,,,,,,,,,,,,,,,,,,,,,,,,,,,
173716,17-Aug-18,16:47:25,2018-08-17 16:47:25,G,2,6,4640,669,0,8,-63.6575,-60.8228,47:29.6,FastGPS,-63.6575,-60.8228,,,8.6,-1.4,,,,15,15,23328,,,,7,12715,,,,21,18977,,,,27,20933,,,,13,16806,,,,5,22390,,,,30,21274,,,,8,10366,,,,,,,,,,,,,,,,,,,,,,,,,,,,,,,,,,,,,,
173716,17-Aug-18,17:19:41,2018-08-17 17:19:41,G,1,6,4641,669,0,8,-63.6532,-60.7791,19:46.1,FastGPS,-63.6532,-60.7791,,,3.3,-0.9,,,,15,15,21544,,,,30,17280,,,,7,18373,,,,5,15539,,,,8,1085,,,,13,25210,,,,27,28406,,,,28,31834,,,,,,,,,,,,,,,,,,,,,,,,,,,,,,,,,,,,,,
173716,17-Aug-18,17:50:06,2018-08-17 17:50:06,G,1,6,4642,669,0,8,-63.6435,-60.776,50:10.6,FastGPS,-63.6435,-60.776,,,15.1,-1.4,,,,15,15,5955,,,,7,21309,,,,30,21161,,,,8,16348,,,,28,24426,,,,13,2404,,,,5,28682,,,,11,13101,,,,,,,,,,,,,,,,,,,,,,,,,,,,,,,,,,,,,,
173716,17-Aug-18,18:39:15,2018-08-17 18:39:15,G,1,6,4643,670,0,6,-63.6425,-60.7821,39:19.6,FastGPS,-63.6425,-60.7821,,,12.5,-1.4,,,,15,20,7950,,,,15,8331,,,,13,21890,,,,24,12080,,,,10,21438,,,,11,30004,,,,,,,,,,,,,,,,,,,,,,,,,,,,,,,,,,,,,,,,,,,,,,,,
173716,17-Aug-18,19:10:15,2018-08-17 19:10:15,G,2,6,4644,,0,9,-63.6411,-60.7614,10:19.6,FastGPS,-63.6411,-60.7614,,,9.9,-1.4,,,,15,15,30042,,,,20,31429,,,,11,14384,,,,10,20314,,,,18,19463,,,,17,14485,,,,28,24282,,,,24,7294,,,,1,15610,,,,,,,,,,,,,,,,,,,,,,,,,,,,,,,,,
173716,17-Aug-18,19:42:55,2018-08-17 19:42:55,G,2,6,4645,670,0,8,-63.6479,-60.7374,42:59.6,FastGPS,-63.6479,-60.7374,,,10.1,-1.4,,,,15,17,3148,,,,11,27492,,,,18,1958,,,,1,541,,,,28,27419,,,,19,1721,,,,13,32390,,,,15,8358,,,,,,,,,,,,,,,,,,,,,,,,,,,,,,,,,,,,,,
173716,17-Aug-18,20:13:47,2018-08-17 20:13:47,G,2,6,4646,670,0,7,-63.6414,-60.7226,13:52.1,FastGPS,-63.6414,-60.7226,,,6.9,-0.9,,,,15,11,27452,,,,18,30341,,,,17,28372,,,,1,28325,,,,28,25528,,,,12,23946,,,,24,7835,,,,,,,,,,,,,,,,,,,,,,,,,,,,,,,,,,,,,,,,,,,
173716,17-Aug-18,20:44:00,2018-08-17 20:44:00,G,1,6,4647,670,0,8,-63.6394,-60.7171,44:04.6,FastGPS,-63.6394,-60.7171,,,7.6,-1.4,,,,15,12,5430,,,,15,21585,,,,17,30263,,,,1,7905,,,,24,13864,,,,19,14002,,,,32,7694,,,,18,20316,,,,,,,,,,,,,,,,,,,,,,,,,,,,,,,,,,,,,,
173716,18-Aug-18,8:00:35,2018-08-18 08:00:35,G,1,6,4652,,0,9,-63.5897,-60.7015,00:39.6,FastGPS,-63.5897,-60.7015,,,8.8,-1.4,,,,15,10,27598,,,,14,24877,,,,32,17277,,,,24,13908,,,,20,5143,,,,8,20728,,,,11,9789,,,,1,13400,,,,22,24782,,,,,,,,,,,,,,,,,,,,,,,,,,,,,,,,,
173716,18-Aug-18,8:49:17,2018-08-18 08:49:17,G,1,6,4653,678,0,8,-63.5927,-60.7238,49:21.6,FastGPS,-63.5927,-60.7238,,,8.2,-1.4,,,,15,1,31664,,,,3,25522,,,,22,15048,,,,18,6084,,,,8,434,,,,11,18229,,,,17,10150,,,,14,29797,,,,,,,,,,,,,,,,,,,,,,,,,,,,,,,,,,,,,,
173716,18-Aug-18,9:22:20,2018-08-18 09:22:20,G,2,6,4654,,0,9,-63.603,-60.7117,22:24.6,FastGPS,-63.603,-60.7117,,,11.3,-1.4,,,,15,31,5988,,,,12,11308,,,,11,21422,,,,32,15509,,,,10,18140,,,,18,7765,,,,1,11086,,,,3,7690,,,,17,14519,,,,,,,,,,,,,,,,,,,,,,,,,,,,,,,,,
173716,18-Aug-18,9:53:00,2018-08-18 09:53:00,G,2,6,4655,,0,9,-63.611,-60.7293,53:05.1,FastGPS,-63.611,-60.7293,,,6.4,-0.9,,,,15,17,28371,,,,1,10625,,,,12,25435,,,,32,4125,,,,22,22900,,,,3,25384,,,,18,10250,,,,31,10539,,,,19,10260,,,,,,,,,,,,,,,,,,,,,,,,,,,,,,,,,
173716,18-Aug-18,10:23:18,2018-08-18 10:23:18,G,2,6,4656,,0,9,-63.6114,-60.7409,23:22.6,FastGPS,-63.6114,-60.7409,,,12,-1.4,,,,15,23,21430,,,,17,8318,,,,19,7831,,,,11,26439,,,,1,20030,,,,18,4435,,,,12,16288,,,,22,1082,,,,25,32659,,,,,,,,,,,,,,,,,,,,,,,,,,,,,,,,,
173716,18-Aug-18,10:53:00,2018-08-18 10:53:00,G,2,6,4657,678,0,8,-63.6166,-60.7576,53:05.1,FastGPS,-63.6166,-60.7576,,,15.4,-0.9,,,,15,31,727,,,,17,15405,,,,23,5516,,,,1,2720,,,,22,13400,,,,3,14140,,,,14,1820,,,,12,4768,,,,,,,,,,,,,,,,,,,,,,,,,,,,,,,,,,,,,,
173716,18-Aug-18,11:23:32,2018-08-18 11:23:32,G,1,6,4658,,0,9,-63.6201,-60.7673,23:37.1,FastGPS,-63.6201,-60.7673,,,11.7,-0.9,,,,15,31,4299,,,,23,20058,,,,6,13528,,,,3,10399,,,,22,5985,,,,19,7273,,,,1,6314,,,,17,1749,,,,14,32374,,,,,,,,,,,,,,,,,,,,,,,,,,,,,,,,,
173716,18-Aug-18,11:57:14,2018-08-18 11:57:14,G,1,6,4659,678,0,8,-63.6322,-60.7897,57:18.6,FastGPS,-63.6322,-60.7897,,,8.7,-1.4,,,,15,3,14313,,,,23,26172,,,,9,22484,,,,6,13234,,,,31,7664,,,,19,13900,,,,22,7027,,,,25,1204,,,,,,,,,,,,,,,,,,,,,,,,,,,,,,,,,,,,,,
173716,18-Aug-18,12:29:02,2018-08-18 12:29:02,G,1,6,4660,,0,9,-63.642,-60.7715,29:07.1,FastGPS,-63.642,-60.7715,,1,12.7,-0.9,,,,15,22,19356,,,,9,19964,,,,3,11737,,,,6,20972,,,,4,3137,,,,26,1240,,,,23,11621,,,,31,32466,,,,16,3300,,,,,,,,,,,,,,,,,,,,,,,,,,,,,,,,,
173716,18-Aug-18,12:59:03,2018-08-18 12:59:03,G,1,6,4661,,0,9,-63.6401,-60.7321,59:07.6,FastGPS,-63.6401,-60.7321,,1,6.3,-1.4,,,,15,16,14704,,,,3,24189,,,,6,17679,,,,26,21617,,,,7,26798,,,,4,32426,,,,31,6705,,,,22,32340,,,,23,23587,,,,,,,,,,,,,,,,,,,,,,,,,,,,,,,,,
173716,18-Aug-18,13:29:00,2018-08-18 13:29:00,G,1,6,4662,,0,9,-63.6437,-60.7063,29:04.6,FastGPS,-63.6437,-60.7063,,1,5.8,-1.4,,,,15,4,30154,,,,16,12596,,,,23,7700,,,,7,19576,,,,26,10772,,,,29,17386,,,,9,1415,,,,3,28328,,,,6,15320,,,,,,,,,,,,,,,,,,,,,,,,,,,,,,,,,
173716,18-Aug-18,14:02:22,2018-08-18 14:02:22,G,1,6,4663,,0,9,-63.6463,-60.7059,02:27.1,FastGPS,-63.6463,-60.7059,,1,14,-0.9,,,,15,4,1653,,,,23,3506,,,,16,2378,,,,26,5590,,,,5,2380,,,,2,19181,,,,29,13074,,,,7,32681,,,,9,124,,,,,,,,,,,,,,,,,,,,,,,,,,,,,,,,,
173716,18-Aug-18,14:32:40,2018-08-18 14:32:40,G,1,6,4664,,0,9,-63.6428,-60.7134,32:44.6,FastGPS,-63.6428,-60.7134,,1,13.5,-1.4,,,,15,29,3894,,,,2,16717,,,,5,31062,,,,7,10303,,,,16,15257,,,,26,1916,,,,6,27698,,,,4,15600,,,,30,11935,,,,,,,,,,,,,,,,,,,,,,,,,,,,,,,,,
173716,18-Aug-18,20:53:00,2018-08-18 20:53:00,G,1,6,4676,678,0,7,-63.6586,-60.6903,53:04.6,FastGPS,-63.6586,-60.6903,,,7.7,-1.4,,,,15,12,31037,,,,32,30773,,,,1,1894,,,,10,31238,,,,24,1932,,,,15,15460,,,,25,32212,,,,,,,,,,,,,,,,,,,,,,,,,,,,,,,,,,,,,,,,,,,
173716,18-Aug-18,21:23:00,2018-08-18 21:23:00,G,1,6,4677,678,1,8,-63.6576,-60.6724,23:04.6,FastGPS,-63.6576,-60.6724,,,7.6,-1.4,,,,15,32,6608,,,,12,23274,,,,25,5907,,,,17,3813,,,,22,29582,,,,1,30709,,,,14,23588,,,,24,25394,,,,,,,,,,,,,,,,,,,,,,,,,,,,,,,,,,,,,,
173716,19-Aug-18,4:13:46,2018-08-19 04:13:46,G,1,6,4680,,0,9,-63.6573,-60.6959,13:50.6,FastGPS,-63.6573,-60.6959,,,14.9,-1.4,,,,15,15,17785,,,,20,15286,,,,21,1782,,,,13,7678,,,,16,6649,,,,27,5002,,,,5,5603,,,,29,3688,,,,26,23986,,,,,,,,,,,,,,,,,,,,,,,,,,,,,,,,,
173716,19-Aug-18,4:44:13,2018-08-19 04:44:13,G,1,6,4681,,0,9,-63.653,-60.7436,44:17.6,FastGPS,-63.653,-60.7436,,,8.6,-1.4,,,,15,15,23502,,,,7,7282,,,,10,12875,,,,30,5110,,,,8,18719,,,,21,12477,,,,13,25406,,,,16,1304,,,,20,23915,,,,,,,,,,,,,,,,,,,,,,,,,,,,,,,,,
173716,19-Aug-18,5:16:07,2018-08-19 05:16:07,G,1,6,4682,679,0,8,-63.6475,-60.7777,16:12.2,FastGPS,-63.6475,-60.7777,,,15.6,-0.9,,,,15,21,10284,,,,10,31938,,,,15,30807,,,,27,4511,,,,20,30215,,,,8,9208,,,,13,30732,,,,16,18715,,,,,,,,,,,,,,,,,,,,,,,,,,,,,,,,,,,,,,
173716,19-Aug-18,6:16:26,2018-08-19 06:16:26,G,1,6,4684,679,0,8,-63.645,-60.8341,16:32.1,FastGPS,-63.645,-60.8341,,,10.7,0.1,,,,15,18,11495,,,,8,14978,,,,11,17738,,,,27,999,,,,10,11789,,,,20,8232,,,,15,11735,,,,28,11224,,,,,,,,,,,,,,,,,,,,,,,,,,,,,,,,,,,,,,
173716,19-Aug-18,7:01:18,2018-08-19 07:01:18,G,1,6,4685,679,0,4,-63.651,-60.583,8/19/2018 1:19,K,-63.6469,-60.8323,,,0.5,-0.3,,,,15,10,24128,,,,8,14106,,,,18,32584,,,,32,12734,,,,,,,,,,,,,,,,,,,,,,,,,,,,,,,,,,,,,,,,,,,,,,,,,,,,,,,,,,
173716,19-Aug-18,8:14:19,2018-08-19 08:14:19,G,1,6,4686,680,0,7,-63.6484,-60.8124,14:24.1,FastGPS,-63.6484,-60.8124,,,7.7,-0.9,,,,15,18,25774,,,,32,14499,,,,11,4416,,,,1,13315,,,,14,1033,,,,10,4742,,,,20,1830,,,,,,,,,,,,,,,,,,,,,,,,,,,,,,,,,,,,,,,,,,,
173716,19-Aug-18,9:08:22,2018-08-19 09:08:22,G,1,6,4687,681,0,7,-63.6591,-60.8103,08:27.1,FastGPS,-63.6591,-60.8103,,,8,-0.9,,,,15,17,24904,,,,11,3441,,,,3,1028,,,,22,30124,,,,31,25588,,,,18,22908,,,,1,4566,,,,,,,,,,,,,,,,,,,,,,,,,,,,,,,,,,,,,,,,,,,
173716,19-Aug-18,9:54:18,2018-08-19 09:54:18,G,1,6,4688,682,0,8,-63.6692,-60.822,54:23.1,FastGPS,-63.6692,-60.822,,,5.4,-0.9,,,,15,31,31482,,,,32,20687,,,,12,3386,,,,1,6179,,,,14,24683,,,,18,28438,,,,22,30483,,,,3,10832,,,,,,,,,,,,,,,,,,,,,,,,,,,,,,,,,,,,,,
173716,19-Aug-18,11:04:13,2018-08-19 11:04:13,G,2,6,4689,683,0,7,-63.669,-60.8076,04:17.7,FastGPS,-63.669,-60.8076,,,7.8,-1.3,,,,15,31,3474,,,,23,27670,,,,22,8948,,,,3,12152,,,,6,24474,,,,19,22902,,,,1,1814,,,,,,,,,,,,,,,,,,,,,,,,,,,,,,,,,,,,,,,,,,,
173716,19-Aug-18,11:36:54,2018-08-19 11:36:54,G,3,6,4690,683,0,4,-63.611,-60.871,8/20/2018 11:34,A,-63.6735,-60.8264,,,0.5,-1.3,,,,15,31,15457,,,,3,20553,,,,23,993,,,,22,11876,,,,,,,,,,,,,,,,,,,,,,,,,,,,,,,,,,,,,,,,,,,,,,,,,,,,,,,,,,
173716,19-Aug-18,12:07:00,2018-08-19 12:07:00,G,1,6,4691,683,0,8,-63.68,-60.8453,07:04.6,FastGPS,-63.68,-60.8453,,1,4.8,-1.4,,,,15,23,17932,,,,31,10036,,,,3,18170,,,,22,19634,,,,4,13666,,,,9,13414,,,,6,1608,,,,26,31704,,,,,,,,,,,,,,,,,,,,,,,,,,,,,,,,,,,,,,
173716,19-Aug-18,12:37:46,2018-08-19 12:37:46,G,1,6,4692,,0,9,-63.6879,-60.8557,37:50.7,FastGPS,-63.6879,-60.8557,,1,5,-1.4,,,,15,7,14710,,,,9,29522,,,,23,17197,,,,4,30012,,,,26,5122,,,,22,30491,,,,29,663,,,,6,21150,,,,16,28406,,,,,,,,,,,,,,,,,,,,,,,,,,,,,,,,,
173716,19-Aug-18,16:18:01,2018-08-19 16:18:01,G,1,6,4699,683,0,8,-63.6404,-60.7097,18:05.6,FastGPS,-63.6404,-60.7097,,,6.3,-1.4,,,,15,7,31053,,,,21,10230,,,,13,1090,,,,5,20114,,,,27,16862,,,,30,6810,,,,8,19606,,,,15,15703,,,,,,,,,,,,,,,,,,,,,,,,,,,,,,,,,,,,,,
173716,19-Aug-18,16:48:09,2018-08-19 16:48:09,G,1,6,4700,,0,9,-63.6563,-60.7035,48:13.7,FastGPS,-63.6563,-60.7035,,,8.7,-1.3,,,,15,15,20494,,,,21,2964,,,,7,8443,,,,5,24530,,,,13,2280,,,,30,10210,,,,8,17185,,,,28,2780,,,,27,4855,,,,,,,,,,,,,,,,,,,,,,,,,,,,,,,,,
173716,19-Aug-18,17:18:00,2018-08-19 17:18:00,G,2,6,4701,683,0,5,-63.6722,-60.6975,18:05.2,FastGPS,-63.6722,-60.6975,,,5.6,-0.8,,,,15,30,4134,,,,7,22119,,,,5,21885,,,,28,18914,,,,13,1630,,,,,,,,,,,,,,,,,,,,,,,,,,,,,,,,,,,,,,,,,,,,,,,,,,,,,
173716,19-Aug-18,17:48:25,2018-08-19 17:48:25,G,3,6,4702,683,0,7,-63.6737,-60.6973,48:29.7,FastGPS,-63.6737,-60.6973,,,3.7,-1.3,,,,15,15,22141,,,,5,29391,,,,28,491,,,,20,27654,,,,13,1621,,,,30,32582,,,,7,20746,,,,,,,,,,,,,,,,,,,,,,,,,,,,,,,,,,,,,,,,,,,
173716,19-Aug-18,18:19:30,2018-08-19 18:19:30,G,4,6,4703,,0,9,-63.6755,-60.6866,19:34.6,FastGPS,-63.6755,-60.6866,,,8.6,-1.4,,,,15,20,27701,,,,15,15976,,,,8,2578,,,,10,15467,,,,13,946,,,,28,7332,,,,7,17265,,,,11,9689,,,,30,7434,,,,,,,,,,,,,,,,,,,,,,,,,,,,,,,,,
173716,19-Aug-18,18:51:14,2018-08-19 18:51:14,G,2,6,4704,683,0,7,-63.6751,-60.6877,51:19.2,FastGPS,-63.6751,-60.6877,,,10,-0.8,,,,15,15,2530,,,,13,18728,,,,17,9439,,,,11,21735,,,,18,15112,,,,30,22483,,,,10,11282,,,,,,,,,,,,,,,,,,,,,,,,,,,,,,,,,,,,,,,,,,,
173716,19-Aug-18,19:23:54,2018-08-19 19:23:54,G,2,6,4705,,0,9,-63.6784,-60.6812,23:59.1,FastGPS,-63.6784,-60.6812,,,11.6,-0.9,,,,15,15,23425,,,,10,11903,,,,20,4754,,,,11,9076,,,,28,1294,,,,18,5100,,,,12,5237,,,,24,27168,,,,13,9780,,,,,,,,,,,,,,,,,,,,,,,,,,,,,,,,,
173716,19-Aug-18,22:15:03,2018-08-19 22:15:03,G,1,6,4710,684,0,5,-63.6939,-60.6259,15:07.6,FastGPS,-63.6939,-60.6259,,,6.4,-1.4,,,,15,12,18988,,,,2,28519,,,,25,14794,,,,32,31820,,,,6,4109,,,,,,,,,,,,,,,,,,,,,,,,,,,,,,,,,,,,,,,,,,,,,,,,,,,,,
173716,19-Aug-18,23:16:23,2018-08-19 23:16:23,G,1,6,4712,684,0,7,-63.6967,-60.6942,16:28.1,FastGPS,-63.6967,-60.6942,,,3.2,-0.9,,,,15,29,32192,,,,6,1567,,,,24,29789,,,,25,7376,,,,12,25036,,,,2,1685,,,,19,18356,,,,,,,,,,,,,,,,,,,,,,,,,,,,,,,,,,,,,,,,,,,
173716,19-Aug-18,23:47:59,2018-08-19 23:47:59,G,1,6,4713,684,0,5,-63.6945,-60.7174,48:04.1,FastGPS,-63.6945,-60.7174,,,2.2,-0.9,,,,15,29,25187,,,,31,2051,,,,12,4011,,,,2,23237,,,,6,23377,,,,,,,,,,,,,,,,,,,,,,,,,,,,,,,,,,,,,,,,,,,,,,,,,,,,,
173716,20-Aug-18,1:47:43,2018-08-20 01:47:43,G,1,6,4714,687,0,6,-63.6907,-60.7239,47:48.7,FastGPS,-63.6907,-60.7239,,1,5.9,-0.3,,,,15,5,5869,,,,29,25749,,,,26,29935,,,,4,22222,,,,31,5895,,,,2,27818,,,,,,,,,,,,,,,,,,,,,,,,,,,,,,,,,,,,,,,,,,,,,,,,
173716,20-Aug-18,2:48:32,2018-08-20 02:48:32,G,1,6,4716,687,0,5,-63.64,-60.865,8/21/2018 1:19,A,-63.6786,-60.757,,1,0.1,0.1,,,,15,29,14179,,,,5,10675,,,,16,19799,,,,26,18881,,,,4,21080,,,,,,,,,,,,,,,,,,,,,,,,,,,,,,,,,,,,,,,,,,,,,,,,,,,,,
173716,20-Aug-18,5:56:52,2018-08-20 05:56:52,G,1,6,4722,687,0,8,-63.6468,-60.7415,56:58.2,FastGPS,-63.6468,-60.7415,,,13.8,0.2,,,,15,8,28911,,,,10,1106,,,,27,28902,,,,18,21413,,,,21,7628,,,,20,6691,,,,11,27412,,,,15,10248,,,,,,,,,,,,,,,,,,,,,,,,,,,,,,,,,,,,,,
173716,20-Aug-18,6:29:56,2018-08-20 06:29:56,G,2,6,4723,,0,9,-63.6428,-60.7283,30:01.6,FastGPS,-63.6428,-60.7283,,,13,-0.4,,,,15,8,6056,,,,18,21696,,,,27,5564,,,,20,12230,,,,11,28500,,,,10,27296,,,,24,11839,,,,28,16175,,,,15,15584,,,,,,,,,,,,,,,,,,,,,,,,,,,,,,,,,
173716,20-Aug-18,7:05:11,2018-08-20 07:05:11,G,1,6,4724,687,0,4,-63.633,-60.834,8/21/2018 4:38,A,-63.6372,-60.7187,,,0.4,-0.4,,,,15,10,16194,,,,11,2902,,,,28,13882,,,,32,15107,,,,,,,,,,,,,,,,,,,,,,,,,,,,,,,,,,,,,,,,,,,,,,,,,,,,,,,,,,
173716,20-Aug-18,10:03:48,2018-08-20 10:03:48,G,1,6,4728,689,0,7,-63.5814,-60.7827,03:53.7,FastGPS,-63.5814,-60.7827,,,9.9,-0.3,,,,15,17,31506,,,,3,18876,,,,19,30888,,,,22,11284,,,,31,16285,,,,12,21680,,,,11,9952,,,,,,,,,,,,,,,,,,,,,,,,,,,,,,,,,,,,,,,,,,,
173716,20-Aug-18,10:39:45,2018-08-20 10:39:45,G,1,6,4729,,0,9,-63.5952,-60.8089,39:50.7,FastGPS,-63.5952,-60.8089,,,14.6,-0.3,,,,15,17,8244,,,,31,5537,,,,23,26766,,,,19,14535,,,,9,399,,,,22,32253,,,,3,21310,,,,1,31783,,,,6,26206,,,,,,,,,,,,,,,,,,,,,,,,,,,,,,,,,
173716,20-Aug-18,13:34:31,2018-08-20 13:34:31,G,1,6,4734,,0,9,-63.6044,-60.755,34:36.7,FastGPS,-63.6044,-60.755,,1,3.3,-0.3,,,,15,7,28873,,,,16,19777,,,,9,17992,,,,2,23028,,,,26,13054,,,,6,13190,,,,4,22144,,,,3,6943,,,,29,710,,,,,,,,,,,,,,,,,,,,,,,,,,,,,,,,,
173716,20-Aug-18,19:01:56,2018-08-20 19:01:56,G,1,6,4744,,0,9,-63.5828,-60.8025,02:01.1,FastGPS,-63.5828,-60.8025,,,5.1,-0.9,,,,15,28,31830,,,,15,14081,,,,11,30394,,,,1,11140,,,,18,7062,,,,10,9496,,,,13,18534,,,,30,31558,,,,24,7554,,,,,,,,,,,,,,,,,,,,,,,,,,,,,,,,,
173716,20-Aug-18,20:06:14,2018-08-20 20:06:14,G,1,6,4746,,0,9,-63.5885,-60.7901,06:18.7,FastGPS,-63.5885,-60.7901,,,12.1,-1.3,,,,15,17,28419,,,,15,15112,,,,18,16134,,,,28,31544,,,,12,5120,,,,19,19764,,,,11,9420,,,,24,13034,,,,1,23628,,,,,,,,,,,,,,,,,,,,,,,,,,,,,,,,,
173716,20-Aug-18,20:38:13,2018-08-20 20:38:13,G,2,6,4747,689,0,7,-63.5892,-60.7924,38:18.2,FastGPS,-63.5892,-60.7924,,,10.4,-0.8,,,,15,17,22104,,,,12,25145,,,,32,26567,,,,19,22714,,,,1,28567,,,,24,16336,,,,6,10836,,,,,,,,,,,,,,,,,,,,,,,,,,,,,,,,,,,,,,,,,,,
173716,20-Aug-18,21:09:20,2018-08-20 21:09:20,G,1,6,4748,689,0,6,-63.5882,-60.7952,09:25.1,FastGPS,-63.5882,-60.7952,,,5.8,-0.9,,,,15,17,15813,,,,12,7388,,,,24,29380,,,,32,27455,,,,6,32644,,,,1,11022,,,,,,,,,,,,,,,,,,,,,,,,,,,,,,,,,,,,,,,,,,,,,,,,
173716,20-Aug-18,21:41:02,2018-08-20 21:41:02,G,1,6,4749,689,0,7,-63.5919,-60.8068,41:06.7,FastGPS,-63.5919,-60.8068,,,4.6,-1.3,,,,15,12,25362,,,,17,27094,,,,32,15492,,,,6,32406,,,,24,28540,,,,22,7756,,,,19,32196,,,,,,,,,,,,,,,,,,,,,,,,,,,,,,,,,,,,,,,,,,,
173716,20-Aug-18,22:12:16,2018-08-20 22:12:16,G,2,6,4750,,0,9,-63.6014,-60.8329,12:21.2,FastGPS,-63.6014,-60.8329,,,9.1,-0.8,,,,15,32,27129,,,,12,15951,,,,6,1816,,,,17,16965,,,,14,8218,,,,19,30140,,,,24,29241,,,,25,16822,,,,2,31132,,,,,,,,,,,,,,,,,,,,,,,,,,,,,,,,,
173716,20-Aug-18,22:42:00,2018-08-20 22:42:00,G,1,6,4751,,0,9,-63.613,-60.8571,42:04.7,FastGPS,-63.613,-60.8571,,,14.8,-1.3,,,,15,12,16609,,,,25,19666,,,,2,9149,,,,31,26091,,,,32,9594,,,,14,21868,,,,29,4452,,,,24,18820,,,,6,3067,,,,,,,,,,,,,,,,,,,,,,,,,,,,,,,,,
173716,21-Aug-18,8:37:34,2018-08-21 08:37:34,G,1,6,4756,689,0,8,-63.6196,-60.8015,37:39.1,FastGPS,-63.6196,-60.8015,,,13.2,-0.9,,,,15,18,17536,,,,11,29851,,,,32,4137,,,,1,11974,,,,10,31669,,,,22,28470,,,,14,9918,,,,3,7282,,,,,,,,,,,,,,,,,,,,,,,,,,,,,,,,,,,,,,
173716,21-Aug-18,9:39:34,2018-08-21 09:39:34,G,1,6,4758,,0,9,-63.6113,-60.8272,39:39.2,FastGPS,-63.6113,-60.8272,,,11.1,-0.8,,,,15,17,9593,,,,11,10902,,,,14,13123,,,,31,19145,,,,18,26894,,,,1,25530,,,,22,2360,,,,3,3026,,,,32,21512,,,,,,,,,,,,,,,,,,,,,,,,,,,,,,,,,
173716,21-Aug-18,12:33:16,2018-08-21 12:33:16,G,1,6,4763,,0,9,-63.6198,-60.9105,33:21.2,FastGPS,-63.6198,-60.9105,,1,11,-0.8,,,,15,4,21466,,,,9,27110,,,,16,30098,,,,31,30187,,,,26,32417,,,,3,12831,,,,23,3211,,,,29,30636,,,,6,5337,,,,,,,,,,,,,,,,,,,,,,,,,,,,,,,,,
173716,21-Aug-18,13:07:51,2018-08-21 13:07:51,G,1,6,4764,690,0,5,-63.651,-60.934,8/22/2018 3:41,B,-63.622,-60.9062,,1,1.3,-0.9,,,,15,23,15048,,,,16,8249,,,,4,23848,,,,9,14140,,,,26,30127,,,,,,,,,,,,,,,,,,,,,,,,,,,,,,,,,,,,,,,,,,,,,,,,,,,,,
173716,21-Aug-18,13:40:15,2018-08-21 13:40:15,G,1,6,4765,,0,9,-63.6167,-60.8802,40:19.7,FastGPS,-63.6167,-60.8802,,1,10.9,-1.3,,,,15,16,16108,,,,7,19710,,,,2,27954,,,,30,3482,,,,9,30704,,,,5,17977,,,,29,12804,,,,4,17200,,,,23,30420,,,,,,,,,,,,,,,,,,,,,,,,,,,,,,,,,
173716,21-Aug-18,14:11:02,2018-08-21 14:11:02,G,1,6,4766,,0,9,-63.6098,-60.8772,11:06.7,FastGPS,-63.6098,-60.8772,,1,6.9,-1.3,,,,15,2,7034,,,,23,24149,,,,30,29068,,,,7,10326,,,,29,17468,,,,16,11782,,,,4,8213,,,,26,23228,,,,5,22652,,,,,,,,,,,,,,,,,,,,,,,,,,,,,,,,,
173716,21-Aug-18,14:44:15,2018-08-21 14:44:15,G,2,6,4767,690,0,7,-63.5954,-60.8523,44:20.2,FastGPS,-63.5954,-60.8523,,,3.7,-0.8,,,,15,5,23043,,,,16,1338,,,,9,26467,,,,7,11974,,,,30,29963,,,,2,12707,,,,23,32197,,,,,,,,,,,,,,,,,,,,,,,,,,,,,,,,,,,,,,,,,,,
173716,21-Aug-18,15:16:53,2018-08-21 15:16:53,G,1,6,4768,690,0,6,-63.5954,-60.843,16:58.1,FastGPS,-63.5954,-60.843,,,9.1,-0.9,,,,15,5,14849,,,,7,27164,,,,16,8994,,,,30,1141,,,,9,9282,,,,27,23367,,,,,,,,,,,,,,,,,,,,,,,,,,,,,,,,,,,,,,,,,,,,,,,,
173716,21-Aug-18,17:34:48,2018-08-21 17:34:48,G,2,6,4772,691,0,7,-63.6077,-60.8535,34:52.7,FastGPS,-63.6077,-60.8535,,1,4.7,-1.3,,,,15,15,13651,,,,5,31353,,,,13,8999,,,,28,32346,,,,30,24126,,,,20,23251,,,,23,23637,,,,,,,,,,,,,,,,,,,,,,,,,,,,,,,,,,,,,,,,,,,
173716,21-Aug-18,18:05:00,2018-08-21 18:05:00,G,3,6,4773,691,0,8,-63.6244,-60.8445,05:04.7,FastGPS,-63.6244,-60.8445,,,5.7,-1.3,,,,15,13,4528,,,,15,32114,,,,30,26900,,,,28,2996,,,,11,27232,,,,7,10542,,,,8,17250,,,,18,14820,,,,,,,,,,,,,,,,,,,,,,,,,,,,,,,,,,,,,,
173716,21-Aug-18,18:35:00,2018-08-21 18:35:00,G,2,6,4774,691,0,8,-63.6449,-60.8581,35:04.7,FastGPS,-63.6449,-60.8581,,,17.1,-1.3,,,,15,15,2334,,,,13,11020,,,,17,10981,,,,10,32588,,,,28,7804,,,,20,23457,,,,24,11910,,,,19,10778,,,,,,,,,,,,,,,,,,,,,,,,,,,,,,,,,,,,,,
173716,21-Aug-18,19:05:00,2018-08-21 19:05:00,G,1,6,4775,691,0,7,-63.6608,-60.8895,05:04.7,FastGPS,-63.6608,-60.8895,,,5.9,-1.3,,,,15,17,23,,,,13,16874,,,,15,1234,,,,19,9821,,,,30,21100,,,,28,2201,,,,24,24502,,,,,,,,,,,,,,,,,,,,,,,,,,,,,,,,,,,,,,,,,,,
173716,21-Aug-18,19:35:00,2018-08-21 19:35:00,G,1,6,4776,691,0,6,-63.6684,-60.9024,35:04.7,FastGPS,-63.6684,-60.9024,,,4.7,-1.3,,,,15,28,16154,,,,17,13648,,,,1,1802,,,,11,2306,,,,19,22495,,,,18,18153,,,,,,,,,,,,,,,,,,,,,,,,,,,,,,,,,,,,,,,,,,,,,,,,
173716,22-Aug-18,5:06:02,2018-08-22 05:06:02,G,2,6,4780,691,0,7,-63.6435,-60.9203,06:06.7,FastGPS,-63.6435,-60.9203,,,13.8,-1.3,,,,15,10,26184,,,,15,18678,,,,21,21210,,,,20,18316,,,,8,5061,,,,27,26576,,,,16,30313,,,,,,,,,,,,,,,,,,,,,,,,,,,,,,,,,,,,,,,,,,,
173716,22-Aug-18,5:37:52,2018-08-22 05:37:52,G,2,6,4781,691,0,6,-63.6414,-60.917,37:56.7,FastGPS,-63.6414,-60.917,,,6.2,-1.3,,,,15,15,14630,,,,21,17950,,,,10,9101,,,,8,32596,,,,20,11543,,,,27,31444,,,,,,,,,,,,,,,,,,,,,,,,,,,,,,,,,,,,,,,,,,,,,,,,
173716,22-Aug-18,6:08:01,2018-08-22 06:08:01,G,1,6,4782,,0,9,-63.6398,-60.9146,08:05.7,FastGPS,-63.6398,-60.9146,,,8.6,-1.3,,,,15,15,22745,,,,8,5325,,,,20,18500,,,,10,32366,,,,18,12679,,,,27,12208,,,,11,18982,,,,28,10968,,,,21,22250,,,,,,,,,,,,,,,,,,,,,,,,,,,,,,,,,
173716,22-Aug-18,6:38:00,2018-08-22 06:38:00,G,2,6,4783,691,0,7,-63.6381,-60.913,38:04.7,FastGPS,-63.6381,-60.913,,,6,-1.3,,,,15,32,27319,,,,10,31138,,,,27,4046,,,,20,11266,,,,15,14496,,,,8,17741,,,,18,25858,,,,,,,,,,,,,,,,,,,,,,,,,,,,,,,,,,,,,,,,,,,
173716,22-Aug-18,7:08:00,2018-08-22 07:08:00,G,1,6,4784,691,0,8,-63.6373,-60.9122,08:04.7,FastGPS,-63.6373,-60.9122,,,6.4,-1.3,,,,15,18,32213,,,,8,28984,,,,27,7762,,,,20,23786,,,,24,24068,,,,10,1682,,,,11,8686,,,,22,18410,,,,,,,,,,,,,,,,,,,,,,,,,,,,,,,,,,,,,,
173716,22-Aug-18,7:41:46,2018-08-22 07:41:46,G,1,6,4785,691,0,7,-63.6368,-60.911,41:50.7,FastGPS,-63.6368,-60.911,,,3.7,-1.3,,,,15,11,16068,,,,18,5272,,,,8,4842,,,,32,21142,,,,10,10896,,,,1,14687,,,,14,23648,,,,,,,,,,,,,,,,,,,,,,,,,,,,,,,,,,,,,,,,,,,
173716,22-Aug-18,8:14:13,2018-08-22 08:14:13,G,1,6,4786,691,0,4,-63.651,-60.934,8/22/2018 3:41,B,-63.6366,-60.9115,,,0.1,-0.8,,,,15,22,26399,,,,1,8527,,,,11,5197,,,,18,26030,,,,,,,,,,,,,,,,,,,,,,,,,,,,,,,,,,,,,,,,,,,,,,,,,,,,,,,,,,
173716,22-Aug-18,10:09:25,2018-08-22 10:09:25,G,2,6,4788,693,0,4,-63.651,-60.934,8/22/2018 3:41,B,-63.6452,-60.9267,,,0.8,-0.3,,,,15,31,8201,,,,14,18652,,,,12,15186,,,,3,3317,,,,,,,,,,,,,,,,,,,,,,,,,,,,,,,,,,,,,,,,,,,,,,,,,,,,,,,,,,
173716,22-Aug-18,10:43:24,2018-08-22 10:43:24,G,1,6,4789,693,0,8,-63.6562,-60.9256,43:29.2,FastGPS,-63.6562,-60.9256,,,7.1,-0.8,,,,15,31,24212,,,,12,13811,,,,6,17351,,,,19,21218,,,,3,3228,,,,22,19512,,,,1,28109,,,,23,18722,,,,,,,,,,,,,,,,,,,,,,,,,,,,,,,,,,,,,,
173716,22-Aug-18,11:34:11,2018-08-22 11:34:11,G,1,6,4790,694,0,6,-63.6602,-60.9267,34:16.7,FastGPS,-63.6602,-60.9267,,,5.3,-0.3,,,,15,9,23218,,,,23,5035,,,,3,19718,,,,22,25173,,,,31,13942,,,,6,27247,,,,,,,,,,,,,,,,,,,,,,,,,,,,,,,,,,,,,,,,,,,,,,,,
173716,22-Aug-18,12:57:29,2018-08-22 12:57:29,G,1,6,4792,,0,9,-63.6682,-60.9255,57:34.2,FastGPS,-63.6682,-60.9255,,1,10.7,-0.8,,,,15,6,12430,,,,3,18374,,,,4,26280,,,,9,6298,,,,2,27254,,,,23,26788,,,,29,19528,,,,7,30445,,,,26,27382,,,,,,,,,,,,,,,,,,,,,,,,,,,,,,,,,
173716,22-Aug-18,13:28:12,2018-08-22 13:28:12,G,1,6,4793,,0,9,-63.6739,-60.9206,28:17.7,FastGPS,-63.6739,-60.9206,,1,8.4,-0.3,,,,15,7,23199,,,,9,4258,,,,6,25761,,,,2,8818,,,,16,8752,,,,26,30326,,,,4,5630,,,,29,20656,,,,23,27877,,,,,,,,,,,,,,,,,,,,,,,,,,,,,,,,,
173716,22-Aug-18,13:58:00,2018-08-22 13:58:00,G,1,6,4794,695,1,7,-63.6794,-60.9135,58:04.7,FastGPS,-63.6794,-60.9135,,,7,-1.3,,,,15,7,4758,,,,30,10576,,,,5,12032,,,,2,21712,,,,6,30402,,,,29,24989,,,,9,14075,,,,,,,,,,,,,,,,,,,,,,,,,,,,,,,,,,,,,,,,,,,
173716,22-Aug-18,21:15:26,2018-08-22 21:15:26,G,1,6,4795,,0,9,-63.6767,-60.9358,15:31.2,FastGPS,-63.6767,-60.9358,,,5.2,-0.8,,,,15,17,12572,,,,14,27811,,,,19,4826,,,,22,14486,,,,32,24905,,,,25,18211,,,,24,18029,,,,6,27576,,,,12,14753,,,,,,,,,,,,,,,,,,,,,,,,,,,,,,,,,
173716,22-Aug-18,23:41:38,2018-08-22 23:41:38,G,1,6,4799,696,0,7,-63.616,-61.0265,41:43.7,FastGPS,-63.616,-61.0265,,1,2.4,-0.3,,,,15,29,594,,,,31,1333,,,,12,3681,,,,2,12324,,,,14,29829,,,,25,22776,,,,4,2084,,,,,,,,,,,,,,,,,,,,,,,,,,,,,,,,,,,,,,,,,,,
173716,23-Aug-18,0:11:00,2018-08-23 00:11:00,G,1,6,4800,,0,9,-63.634,-61.0091,11:04.7,FastGPS,-63.634,-61.0091,,1,7.6,-1.3,,,,15,31,19276,,,,29,31960,,,,4,4425,,,,2,12642,,,,12,1195,,,,26,19816,,,,25,14784,,,,6,19464,,,,23,32737,,,,,,,,,,,,,,,,,,,,,,,,,,,,,,,,,
173716,23-Aug-18,1:42:05,2018-08-23 01:42:05,G,1,6,4803,696,0,8,-63.6487,-61.0376,42:10.2,FastGPS,-63.6487,-61.0376,,1,10.5,-0.8,,,,15,16,6132,,,,21,4933,,,,26,9638,,,,31,12022,,,,4,28634,,,,5,7786,,,,29,14027,,,,25,23138,,,,,,,,,,,,,,,,,,,,,,,,,,,,,,,,,,,,,,
173716,23-Aug-18,2:12:00,2018-08-23 02:12:00,G,1,6,4804,696,0,8,-63.6485,-61.0783,12:04.7,FastGPS,-63.6485,-61.0783,,1,5.8,-1.3,,,,15,26,8579,,,,4,29,,,,21,29414,,,,5,31747,,,,16,7064,,,,29,9849,,,,31,2715,,,,2,21132,,,,,,,,,,,,,,,,,,,,,,,,,,,,,,,,,,,,,,
173716,23-Aug-18,4:27:39,2018-08-23 04:27:39,G,1,6,4808,,0,9,-63.6001,-61.2115,27:43.7,FastGPS,-63.6001,-61.2115,,,12.4,-1.3,,,,15,15,17354,,,,20,20376,,,,13,20137,,,,21,8536,,,,10,9802,,,,27,17356,,,,16,652,,,,30,1310,,,,7,5410,,,,,,,,,,,,,,,,,,,,,,,,,,,,,,,,,
173716,23-Aug-18,11:12:03,2018-08-23 11:12:03,G,2,6,4820,697,0,8,-63.4565,-61.4517,12:08.2,FastGPS,-63.4565,-61.4517,,,8.4,-0.8,,,,15,31,20450,,,,23,9934,,,,22,4946,,,,3,29084,,,,9,31546,,,,14,11622,,,,17,26630,,,,6,1722,,,,,,,,,,,,,,,,,,,,,,,,,,,,,,,,,,,,,,
173716,23-Aug-18,11:46:02,2018-08-23 11:46:02,G,1,6,4821,,0,9,-63.4404,-61.4462,46:06.7,FastGPS,-63.4404,-61.4462,,,6.8,-1.3,,,,15,31,7072,,,,23,1107,,,,9,22470,,,,6,19168,,,,22,27370,,,,3,18170,,,,2,23741,,,,19,13894,,,,25,4308,,,,,,,,,,,,,,,,,,,,,,,,,,,,,,,,,
173716,23-Aug-18,12:21:23,2018-08-23 12:21:23,G,2,6,4822,697,0,7,-63.4226,-61.4395,21:27.7,FastGPS,-63.4226,-61.4395,,1,4.3,-1.3,,,,15,23,23129,,,,9,5940,,,,4,31641,,,,31,26767,,,,2,23744,,,,3,12216,,,,6,28986,,,,,,,,,,,,,,,,,,,,,,,,,,,,,,,,,,,,,,,,,,,
173716,23-Aug-18,14:27:56,2018-08-23 14:27:56,G,1,6,4826,697,0,6,-63.3641,-61.4716,28:00.8,FastGPS,-63.3641,-61.4716,,,8.1,-1.2,,,,15,23,23016,,,,5,20704,,,,9,1456,,,,7,19917,,,,30,21289,,,,16,31274,,,,,,,,,,,,,,,,,,,,,,,,,,,,,,,,,,,,,,,,,,,,,,,,
173716,23-Aug-18,15:03:26,2018-08-23 15:03:26,G,2,6,4827,697,0,6,-63.35,-61.4833,03:31.2,FastGPS,-63.35,-61.4833,,,5.3,-0.8,,,,15,5,22593,,,,16,2202,,,,7,8344,,,,9,7654,,,,27,18195,,,,30,2216,,,,,,,,,,,,,,,,,,,,,,,,,,,,,,,,,,,,,,,,,,,,,,,,
173716,23-Aug-18,15:41:04,2018-08-23 15:41:04,G,1,6,4828,697,0,8,-63.3321,-61.4794,41:09.2,FastGPS,-63.3321,-61.4794,,,7.6,-0.8,,,,15,27,27773,,,,21,16021,,,,16,25508,,,,8,18531,,,,7,6230,,,,5,8337,,,,30,17952,,,,9,14462,,,,,,,,,,,,,,,,,,,,,,,,,,,,,,,,,,,,,,
173716,23-Aug-18,16:42:19,2018-08-23 16:42:19,G,1,6,4830,697,0,8,-63.3155,-61.4701,42:23.7,FastGPS,-63.3155,-61.4701,,,6,-1.3,,,,15,15,3950,,,,7,3939,,,,8,27820,,,,27,21334,,,,21,23238,,,,5,3496,,,,13,3701,,,,30,5684,,,,,,,,,,,,,,,,,,,,,,,,,,,,,,,,,,,,,,
173716,23-Aug-18,19:04:41,2018-08-23 19:04:41,G,1,6,4834,697,0,8,-63.251,-61.36,04:46.7,FastGPS,-63.251,-61.36,,,20.4,-0.3,,,,15,28,13718,,,,15,3381,,,,17,2213,,,,13,30742,,,,10,14982,,,,20,17014,,,,19,19558,,,,12,1902,,,,,,,,,,,,,,,,,,,,,,,,,,,,,,,,,,,,,,
173716,23-Aug-18,19:37:34,2018-08-23 19:37:34,G,1,6,4835,,0,9,-63.2357,-61.3232,37:39.7,FastGPS,-63.2357,-61.3232,,,6.5,-0.3,,,,15,17,3635,,,,28,1012,,,,24,8364,,,,18,1364,,,,15,28701,,,,12,703,,,,10,16840,,,,19,31456,,,,1,8483,,,,,,,,,,,,,,,,,,,,,,,,,,,,,,,,,
173716,23-Aug-18,20:12:29,2018-08-23 20:12:29,G,2,6,4836,,0,9,-63.2143,-61.2833,12:34.7,FastGPS,-63.2143,-61.2833,,,14.6,-0.3,,,,15,17,11936,,,,12,27103,,,,19,14442,,,,15,2668,,,,1,22758,,,,11,26481,,,,28,15908,,,,18,13693,,,,24,22437,,,,,,,,,,,,,,,,,,,,,,,,,,,,,,,,,
173716,23-Aug-18,20:48:12,2018-08-23 20:48:12,G,2,6,4837,697,0,7,-63.1977,-61.2538,48:18.2,FastGPS,-63.1977,-61.2538,,,7.9,0.2,,,,15,12,1121,,,,17,17694,,,,22,7895,,,,24,21203,,,,6,12712,,,,19,15345,,,,32,23342,,,,,,,,,,,,,,,,,,,,,,,,,,,,,,,,,,,,,,,,,,,
173716,23-Aug-18,21:18:22,2018-08-23 21:18:22,G,2,6,4838,,0,9,-63.1771,-61.2353,18:27.7,FastGPS,-63.1771,-61.2353,,,16.7,-0.3,,,,15,17,5136,,,,19,19372,,,,22,3976,,,,12,17979,,,,6,8032,,,,24,29517,,,,32,17784,,,,14,890,,,,1,29908,,,,,,,,,,,,,,,,,,,,,,,,,,,,,,,,,
173716,23-Aug-18,22:18:13,2018-08-23 22:18:13,G,2,6,4840,,0,9,-63.137,-61.2108,18:18.2,FastGPS,-63.137,-61.2108,,,9.1,-0.8,,,,15,19,9526,,,,2,21018,,,,17,22988,,,,24,31624,,,,6,22690,,,,12,17843,,,,3,29028,,,,31,28827,,,,22,26556,,,,,,,,,,,,,,,,,,,,,,,,,,,,,,,,,
173716,23-Aug-18,23:20:10,2018-08-23 23:20:10,G,1,6,4842,697,0,7,-63.1037,-61.1685,20:14.7,FastGPS,-63.1037,-61.1685,,,1.7,-1.3,,,,15,12,9983,,,,29,22134,,,,6,19138,,,,2,11164,,,,19,25330,,,,31,3530,,,,25,32575,,,,,,,,,,,,,,,,,,,,,,,,,,,,,,,,,,,,,,,,,,,
173716,23-Aug-18,23:56:45,2018-08-23 23:56:45,G,1,6,4843,697,0,7,-63.0794,-61.1554,56:49.7,FastGPS,-63.0794,-61.1554,,,10.6,-1.3,,,,15,12,29388,,,,6,6921,,,,2,5568,,,,29,24857,,,,31,25738,,,,25,11252,,,,23,26642,,,,,,,,,,,,,,,,,,,,,,,,,,,,,,,,,,,,,,,,,,,
173716,24-Aug-18,2:00:00,2018-08-24 02:00:00,G,1,6,4847,697,0,7,-63.0439,-61.0899,00:05.8,FastGPS,-63.0439,-61.0899,,1,3.4,-0.2,,,,15,29,172,,,,5,4018,,,,2,30474,,,,4,4272,,,,25,14570,,,,16,12432,,,,26,4087,,,,,,,,,,,,,,,,,,,,,,,,,,,,,,,,,,,,,,,,,,,
173716,24-Aug-18,4:11:50,2018-08-24 04:11:50,G,1,6,4850,,0,9,-62.9864,-60.9566,11:54.7,FastGPS,-62.9864,-60.9566,,,11.3,-1.3,,,,15,7,31940,,,,21,18186,,,,8,12092,,,,10,14492,,,,20,15271,,,,16,16934,,,,27,2139,,,,15,8660,,,,26,27148,,,,,,,,,,,,,,,,,,,,,,,,,,,,,,,,,
173716,24-Aug-18,4:43:06,2018-08-24 04:43:06,G,1,6,4851,,0,9,-62.9744,-60.9084,43:11.2,FastGPS,-62.9744,-60.9084,,,10.7,-0.8,,,,15,21,16744,,,,15,12594,,,,8,22920,,,,7,17983,,,,27,17310,,,,13,2596,,,,10,23461,,,,20,18356,,,,30,31165,,,,,,,,,,,,,,,,,,,,,,,,,,,,,,,,,
173716,24-Aug-18,6:06:07,2018-08-24 06:06:07,G,2,6,4853,700,0,8,-62.9503,-60.8045,06:12.2,FastGPS,-62.9503,-60.8045,,,12.8,-0.8,,,,15,24,8072,,,,15,20565,,,,13,5638,,,,8,27471,,,,10,20515,,,,32,5056,,,,21,9212,,,,28,8744,,,,,,,,,,,,,,,,,,,,,,,,,,,,,,,,,,,,,,
173716,24-Aug-18,6:36:00,2018-08-24 06:36:00,G,3,6,4854,700,0,8,-62.9367,-60.7869,36:04.7,FastGPS,-62.9367,-60.7869,,,7.5,-1.3,,,,15,10,3762,,,,20,1872,,,,15,32635,,,,18,23326,,,,32,5273,,,,24,30415,,,,28,22321,,,,11,29639,,,,,,,,,,,,,,,,,,,,,,,,,,,,,,,,,,,,,,
173716,24-Aug-18,7:28:07,2018-08-24 07:28:07,G,2,6,4855,,0,9,-62.9129,-60.7411,28:12.2,FastGPS,-62.9129,-60.7411,,,7.5,-0.8,,,,15,10,9884,,,,32,29340,,,,11,21596,,,,18,11928,,,,8,10282,,,,20,27053,,,,22,13571,,,,1,7726,,,,28,31400,,,,,,,,,,,,,,,,,,,,,,,,,,,,,,,,,
173716,24-Aug-18,8:06:24,2018-08-24 08:06:24,G,3,6,4856,,0,9,-62.9149,-60.7328,06:29.2,FastGPS,-62.9149,-60.7328,,,8.6,-0.8,,,,15,18,10208,,,,32,31496,,,,11,21622,,,,1,23105,,,,14,22716,,,,10,30199,,,,8,22198,,,,17,30258,,,,22,11745,,,,,,,,,,,,,,,,,,,,,,,,,,,,,,,,,
173716,24-Aug-18,8:38:06,2018-08-24 08:38:06,G,2,6,4857,,0,9,-62.908,-60.7219,38:10.7,FastGPS,-62.908,-60.7219,,,9.6,-1.3,,,,15,17,16150,,,,32,9061,,,,22,26432,,,,18,30345,,,,14,20058,,,,11,10290,,,,1,18915,,,,28,19852,,,,10,28705,,,,,,,,,,,,,,,,,,,,,,,,,,,,,,,,,
173716,24-Aug-18,9:28:34,2018-08-24 09:28:34,G,2,6,4858,,0,9,-62.8906,-60.6862,28:39.2,FastGPS,-62.8906,-60.6862,,,7.5,-0.8,,,,15,17,4309,,,,3,5352,,,,1,25568,,,,22,3126,,,,31,25395,,,,32,12448,,,,11,11217,,,,19,14505,,,,14,8556,,,,,,,,,,,,,,,,,,,,,,,,,,,,,,,,,
173716,24-Aug-18,10:42:05,2018-08-24 10:42:05,G,2,6,4859,,0,9,-62.8835,-60.6556,42:09.7,FastGPS,-62.8835,-60.6556,,,10.9,-1.3,,,,15,31,8493,,,,22,23120,,,,19,26159,,,,1,22802,,,,14,6372,,,,17,2998,,,,3,20080,,,,6,17692,,,,23,31352,,,,,,,,,,,,,,,,,,,,,,,,,,,,,,,,,
173716,24-Aug-18,11:12:00,2018-08-24 11:12:00,G,1,6,4860,703,0,7,-62.8835,-60.656,12:04.8,FastGPS,-62.8835,-60.656,,1,1.6,-1.2,,,,15,31,5155,,,,3,15898,,,,22,18964,,,,23,11318,,,,14,14702,,,,4,25574,,,,25,16278,,,,,,,,,,,,,,,,,,,,,,,,,,,,,,,,,,,,,,,,,,,
173716,25-Aug-18,3:28:54,2018-08-25 03:28:54,G,3,6,4867,705,0,8,-62.8017,-60.5864,28:59.3,FastGPS,-62.8017,-60.5864,,1,11.4,-0.7,,,,15,16,29948,,,,21,14731,,,,26,11146,,,,27,32640,,,,29,9848,,,,13,2102,,,,7,31751,,,,4,2681,,,,,,,,,,,,,,,,,,,,,,,,,,,,,,,,,,,,,,
173716,25-Aug-18,6:44:30,2018-08-25 06:44:30,G,1,6,4871,,0,9,-62.85,-60.5046,44:35.7,FastGPS,-62.85,-60.5046,,,4.7,-0.3,,,,15,20,23697,,,,10,16454,,,,15,19921,,,,8,10453,,,,11,32196,,,,27,19691,,,,24,24554,,,,32,20632,,,,18,25308,,,,,,,,,,,,,,,,,,,,,,,,,,,,,,,,,
173716,25-Aug-18,9:46:46,2018-08-25 09:46:46,G,1,6,4873,,0,9,-62.8731,-60.4892,46:51.7,FastGPS,-62.8731,-60.4892,,,8.3,-0.3,,,,15,18,5784,,,,1,8564,,,,3,15066,,,,22,1936,,,,23,16267,,,,11,25738,,,,17,13575,,,,31,17522,,,,14,13272,,,,,,,,,,,,,,,,,,,,,,,,,,,,,,,,,
173716,25-Aug-18,11:21:05,2018-08-25 11:21:05,G,1,6,4874,,0,9,-62.899,-60.5304,21:11.2,FastGPS,-62.899,-60.5304,,1,8.7,0.2,,,,15,26,15704,,,,3,30629,,,,14,18943,,,,23,11305,,,,22,7583,,,,4,8068,,,,31,18521,,,,9,29741,,,,25,2178,,,,,,,,,,,,,,,,,,,,,,,,,,,,,,,,,
173716,25-Aug-18,12:35:03,2018-08-25 12:35:03,G,1,6,4876,715,0,7,-62.8733,-60.6053,35:09.3,FastGPS,-62.8733,-60.6053,,1,8.2,0.3,,,,15,9,26940,,,,29,26038,,,,23,13472,,,,2,6953,,,,4,23298,,,,6,3778,,,,26,18340,,,,,,,,,,,,,,,,,,,,,,,,,,,,,,,,,,,,,,,,,,,
173716,25-Aug-18,13:07:26,2018-08-25 13:07:26,G,2,6,4877,715,0,6,-62.8708,-60.6145,07:32.2,FastGPS,-62.8708,-60.6145,,,11,0.2,,,,15,9,8250,,,,2,11878,,,,7,29362,,,,6,29622,,,,23,26096,,,,16,29395,,,,,,,,,,,,,,,,,,,,,,,,,,,,,,,,,,,,,,,,,,,,,,,,
173716,25-Aug-18,13:40:24,2018-08-25 13:40:24,G,3,6,4878,,0,9,-62.8713,-60.6406,40:29.7,FastGPS,-62.8713,-60.6406,,,8.7,-0.3,,,,15,5,27781,,,,29,2838,,,,7,5458,,,,23,22207,,,,16,11244,,,,9,1939,,,,6,5672,,,,30,4934,,,,2,11371,,,,,,,,,,,,,,,,,,,,,,,,,,,,,,,,,
173716,25-Aug-18,14:12:37,2018-08-25 14:12:37,G,2,6,4879,715,0,8,-62.8725,-60.6371,12:42.7,FastGPS,-62.8725,-60.6371,,1,11.7,-0.3,,,,15,7,7915,,,,23,28501,,,,30,26371,,,,16,7776,,,,4,13308,,,,9,21684,,,,2,26154,,,,27,19274,,,,,,,,,,,,,,,,,,,,,,,,,,,,,,,,,,,,,,
173716,25-Aug-18,14:42:00,2018-08-25 14:42:00,G,5,6,4880,715,0,7,-62.8727,-60.6438,42:05.7,FastGPS,-62.8727,-60.6438,,,4.3,-0.3,,,,15,5,6904,,,,7,18785,,,,9,6049,,,,30,7932,,,,16,18852,,,,27,26888,,,,2,7940,,,,,,,,,,,,,,,,,,,,,,,,,,,,,,,,,,,,,,,,,,,
173716,25-Aug-18,15:16:38,2018-08-25 15:16:38,G,4,6,4881,715,0,6,-62.8699,-60.6719,16:44.2,FastGPS,-62.8699,-60.6719,,,1.4,0.2,,,,15,5,6184,,,,7,32309,,,,9,26000,,,,8,724,,,,30,24406,,,,27,4551,,,,,,,,,,,,,,,,,,,,,,,,,,,,,,,,,,,,,,,,,,,,,,,,
173716,25-Aug-18,15:46:52,2018-08-25 15:46:52,G,3,6,4882,715,0,5,-62.8705,-60.6792,46:58.2,FastGPS,-62.8705,-60.6792,,,1.1,0.2,,,,15,5,26148,,,,13,4022,,,,7,10178,,,,30,294,,,,21,25604,,,,,,,,,,,,,,,,,,,,,,,,,,,,,,,,,,,,,,,,,,,,,,,,,,,,,
173716,25-Aug-18,16:17:14,2018-08-25 16:17:14,G,1,6,4883,715,0,8,-62.8712,-60.6782,17:19.8,FastGPS,-62.8712,-60.6782,,,8.6,-0.2,,,,15,7,26523,,,,27,1798,,,,13,12344,,,,30,12232,,,,15,14396,,,,8,2460,,,,21,30752,,,,5,9998,,,,,,,,,,,,,,,,,,,,,,,,,,,,,,,,,,,,,,
173716,25-Aug-18,16:48:39,2018-08-25 16:48:39,G,3,6,4884,715,0,7,-62.8716,-60.6798,48:44.8,FastGPS,-62.8716,-60.6798,,,5.9,-0.2,,,,15,7,2146,,,,30,7539,,,,28,2016,,,,8,20524,,,,13,19048,,,,5,7431,,,,27,7780,,,,,,,,,,,,,,,,,,,,,,,,,,,,,,,,,,,,,,,,,,,
173716,25-Aug-18,18:12:16,2018-08-25 18:12:16,G,1,6,4886,716,0,5,-62.8697,-60.6716,12:21.7,FastGPS,-62.8697,-60.6716,,,3,-0.3,,,,15,15,26340,,,,13,28997,,,,24,17028,,,,20,16156,,,,28,16551,,,,,,,,,,,,,,,,,,,,,,,,,,,,,,,,,,,,,,,,,,,,,,,,,,,,,
173716,25-Aug-18,19:13:34,2018-08-25 19:13:34,G,1,6,4887,,0,9,-62.8695,-60.6525,13:39.7,FastGPS,-62.8695,-60.6525,,,14.1,-0.3,,,,15,10,29289,,,,15,558,,,,17,11520,,,,20,27686,,,,12,32232,,,,24,136,,,,18,18599,,,,19,15660,,,,28,7418,,,,,,,,,,,,,,,,,,,,,,,,,,,,,,,,,
173716,25-Aug-18,19:43:09,2018-08-25 19:43:09,G,1,6,4888,,0,9,-62.8729,-60.6338,43:15.2,FastGPS,-62.8729,-60.6338,,,18.8,0.2,,,,15,10,6224,,,,12,7558,,,,15,8670,,,,20,17854,,,,17,8396,,,,19,30261,,,,11,21496,,,,13,30598,,,,18,25357,,,,,,,,,,,,,,,,,,,,,,,,,,,,,,,,,
173716,25-Aug-18,20:13:00,2018-08-25 20:13:00,G,1,6,4889,717,1,7,-62.8716,-60.6192,13:05.8,FastGPS,-62.8716,-60.6192,,,7.7,-0.2,,,,15,12,31196,,,,15,11543,,,,6,17809,,,,19,8926,,,,17,16226,,,,24,4533,,,,13,24134,,,,,,,,,,,,,,,,,,,,,,,,,,,,,,,,,,,,,,,,,,,
173716,26-Aug-18,9:30:52,2018-08-26 09:30:52,G,1,6,4890,,0,9,-62.8057,-60.2669,30:57.3,FastGPS,-62.8057,-60.2669,,,8.1,-0.7,,,,15,14,27084,,,,31,1662,,,,32,13164,,,,17,6063,,,,12,12591,,,,22,15874,,,,1,15921,,,,19,10696,,,,18,32390,,,,,,,,,,,,,,,,,,,,,,,,,,,,,,,,,
173716,26-Aug-18,10:03:31,2018-08-26 10:03:31,G,1,6,4891,,0,9,-62.7927,-60.2434,03:36.8,FastGPS,-62.7927,-60.2434,,,8.3,-0.2,,,,15,31,8436,,,,14,23620,,,,1,29089,,,,22,1931,,,,19,19556,,,,17,19191,,,,23,27692,,,,6,16603,,,,3,26826,,,,,,,,,,,,,,,,,,,,,,,,,,,,,,,,,
173716,26-Aug-18,13:25:02,2018-08-26 13:25:02,G,1,6,4897,718,0,8,-62.7524,-60.3367,25:07.3,FastGPS,-62.7524,-60.3367,,,4.7,-0.7,,,,15,7,5455,,,,9,19962,,,,23,7413,,,,16,12426,,,,26,24418,,,,6,28080,,,,2,5560,,,,5,19273,,,,,,,,,,,,,,,,,,,,,,,,,,,,,,,,,,,,,,
173716,26-Aug-18,15:30:34,2018-08-26 15:30:34,G,1,6,4901,718,0,5,-62.7495,-60.336,30:39.2,FastGPS,-62.7495,-60.336,,,1.9,-0.8,,,,15,16,3559,,,,7,26797,,,,13,11686,,,,21,32427,,,,30,9958,,,,,,,,,,,,,,,,,,,,,,,,,,,,,,,,,,,,,,,,,,,,,,,,,,,,,
173716,26-Aug-18,18:55:42,2018-08-26 18:55:42,G,1,6,4907,,0,9,-62.7493,-60.3358,55:46.8,FastGPS,-62.7493,-60.3358,,,8.7,-1.2,,,,15,17,27954,,,,12,22498,,,,13,31049,,,,15,6833,,,,24,8754,,,,20,11464,,,,10,16636,,,,28,13960,,,,19,15665,,,,,,,,,,,,,,,,,,,,,,,,,,,,,,,,,
173716,26-Aug-18,21:05:11,2018-08-26 21:05:11,G,1,6,4911,719,0,5,-62.7092,-60.3339,05:16.3,FastGPS,-62.7092,-60.3339,,,6.6,-0.7,,,,15,17,4586,,,,12,10352,,,,24,29180,,,,6,6840,,,,32,6455,,,,,,,,,,,,,,,,,,,,,,,,,,,,,,,,,,,,,,,,,,,,,,,,,,,,,
173716,26-Aug-18,22:07:12,2018-08-26 22:07:12,G,1,6,4913,719,0,4,-62.69,-60.269,8/27/2018 12:12,R,-62.6875,-60.2814,,,0.1,-0.7,,,,15,32,27452,,,,14,15049,,,,19,11838,,,,31,30488,,,,,,,,,,,,,,,,,,,,,,,,,,,,,,,,,,,,,,,,,,,,,,,,,,,,,,,,,,
173716,26-Aug-18,22:38:18,2018-08-26 22:38:18,G,1,6,4914,719,0,5,-62.6907,-60.2709,38:22.8,FastGPS,-62.6907,-60.2709,,,5.6,-1.2,,,,15,2,17503,,,,12,20183,,,,29,1925,,,,25,28098,,,,31,30293,,,,,,,,,,,,,,,,,,,,,,,,,,,,,,,,,,,,,,,,,,,,,,,,,,,,,
173716,26-Aug-18,23:10:05,2018-08-26 23:10:05,G,1,6,4915,719,0,6,-62.6925,-60.2748,10:09.8,FastGPS,-62.6925,-60.2748,,1,6.2,-1.2,,,,15,29,21408,,,,12,272,,,,2,9404,,,,25,24878,,,,31,27349,,,,4,32378,,,,,,,,,,,,,,,,,,,,,,,,,,,,,,,,,,,,,,,,,,,,,,,,
173716,27-Aug-18,0:03:01,2018-08-27 00:03:01,G,1,6,4916,720,0,6,-62.7004,-60.3031,03:06.3,FastGPS,-62.7004,-60.3031,,1,2.8,-0.7,,,,15,12,3948,,,,29,14765,,,,25,1315,,,,2,29430,,,,31,12214,,,,4,23752,,,,,,,,,,,,,,,,,,,,,,,,,,,,,,,,,,,,,,,,,,,,,,,,
173716,27-Aug-18,0:33:18,2018-08-27 00:33:18,G,1,6,4917,720,0,7,-62.7002,-60.3035,33:23.3,FastGPS,-62.7002,-60.3035,,1,8.4,-0.7,,,,15,25,28416,,,,2,13624,,,,5,1875,,,,31,22266,,,,29,23665,,,,4,30028,,,,12,25619,,,,,,,,,,,,,,,,,,,,,,,,,,,,,,,,,,,,,,,,,,,
173716,27-Aug-18,1:05:17,2018-08-27 01:05:17,G,1,6,4918,,0,9,-62.6993,-60.3113,05:23.3,FastGPS,-62.6993,-60.3113,,1,8.4,0.3,,,,15,5,24366,,,,29,9321,,,,2,30532,,,,4,30339,,,,26,24128,,,,31,26884,,,,25,28789,,,,21,16516,,,,9,26373,,,,,,,,,,,,,,,,,,,,,,,,,,,,,,,,,
173716,27-Aug-18,1:39:31,2018-08-27 01:39:31,G,1,6,4919,,0,9,-62.6834,-60.3244,39:36.8,FastGPS,-62.6834,-60.3244,,1,4.2,-0.2,,,,15,5,19377,,,,29,30914,,,,2,23153,,,,26,1531,,,,4,10714,,,,25,5438,,,,31,28291,,,,21,14953,,,,9,27624,,,,,,,,,,,,,,,,,,,,,,,,,,,,,,,,,
173716,27-Aug-18,4:31:35,2018-08-27 04:31:35,G,1,6,4924,720,0,5,-62.6989,-60.3009,31:41.3,FastGPS,-62.6989,-60.3009,,,4.5,0.3,,,,15,27,12670,,,,10,24591,,,,8,18592,,,,16,29368,,,,20,17466,,,,,,,,,,,,,,,,,,,,,,,,,,,,,,,,,,,,,,,,,,,,,,,,,,,,,
173716,27-Aug-18,5:05:24,2018-08-27 05:05:24,G,2,6,4925,720,0,7,-62.6993,-60.2987,05:29.2,FastGPS,-62.6993,-60.2987,,,21.8,-0.8,,,,15,10,30693,,,,8,5246,,,,27,11637,,,,15,27997,,,,16,25990,,,,21,17978,,,,20,30789,,,,,,,,,,,,,,,,,,,,,,,,,,,,,,,,,,,,,,,,,,,
173716,27-Aug-18,6:19:31,2018-08-27 06:19:31,G,3,6,4926,722,0,6,-62.6993,-60.2993,19:36.8,FastGPS,-62.6993,-60.2993,,,2,-0.2,,,,15,20,27706,,,,8,7148,,,,32,2278,,,,18,19159,,,,10,20700,,,,27,27741,,,,,,,,,,,,,,,,,,,,,,,,,,,,,,,,,,,,,,,,,,,,,,,,
173716,27-Aug-18,7:13:59,2018-08-27 07:13:59,G,2,6,4927,723,0,7,-62.6995,-60.3003,14:04.8,FastGPS,-62.6995,-60.3003,,,3.1,-0.2,,,,15,10,17488,,,,32,28352,,,,8,16998,,,,18,8510,,,,11,17444,,,,24,29543,,,,14,18690,,,,,,,,,,,,,,,,,,,,,,,,,,,,,,,,,,,,,,,,,,,
173716,27-Aug-18,8:17:17,2018-08-27 08:17:17,G,1,6,4929,723,0,7,-62.699,-60.2997,17:22.8,FastGPS,-62.699,-60.2997,,,9.2,-0.2,,,,15,11,10372,,,,1,31226,,,,18,31532,,,,22,23289,,,,14,3525,,,,3,6351,,,,32,14616,,,,,,,,,,,,,,,,,,,,,,,,,,,,,,,,,,,,,,,,,,,
173716,27-Aug-18,9:56:05,2018-08-27 09:56:05,G,1,6,4932,723,0,8,-62.6989,-60.2992,56:10.8,FastGPS,-62.6989,-60.2992,,,5.8,-0.2,,,,15,3,15006,,,,22,30363,,,,31,27623,,,,1,32405,,,,23,5391,,,,17,19105,,,,18,6849,,,,11,30382,,,,,,,,,,,,,,,,,,,,,,,,,,,,,,,,,,,,,,
173716,27-Aug-18,11:03:00,2018-08-27 11:03:00,G,2,6,4934,723,0,5,-62.6991,-60.2994,03:06.3,FastGPS,-62.6991,-60.2994,,,7.9,0.3,,,,15,31,31945,,,,22,8564,,,,23,17642,,,,3,10760,,,,19,17286,,,,,,,,,,,,,,,,,,,,,,,,,,,,,,,,,,,,,,,,,,,,,,,,,,,,,
173716,27-Aug-18,11:33:12,2018-08-27 11:33:12,G,2,6,4935,723,0,6,-62.6988,-60.299,33:17.8,FastGPS,-62.6988,-60.299,,1,2.1,-0.2,,,,15,31,31832,,,,23,9074,,,,4,202,,,,9,5795,,,,3,17824,,,,6,18204,,,,,,,,,,,,,,,,,,,,,,,,,,,,,,,,,,,,,,,,,,,,,,,,
173716,27-Aug-18,12:03:13,2018-08-27 12:03:13,G,1,6,4936,723,0,5,-62.6996,-60.3017,03:18.8,FastGPS,-62.6996,-60.3017,,,8.5,-0.2,,,,15,2,17239,,,,6,3520,,,,31,9882,,,,23,3735,,,,26,17610,,,,,,,,,,,,,,,,,,,,,,,,,,,,,,,,,,,,,,,,,,,,,,,,,,,,,
173716,27-Aug-18,12:33:00,2018-08-27 12:33:00,G,1,6,4937,,1,9,-62.7,-60.3019,33:05.8,FastGPS,-62.7,-60.3019,,1,12.6,-0.2,,,,15,26,4828,,,,3,28519,,,,4,4194,,,,7,1629,,,,23,18748,,,,16,27627,,,,9,17459,,,,6,3751,,,,22,30837,,,,,,,,,,,,,,,,,,,,,,,,,,,,,,,,,
173716,27-Aug-18,21:49:56,2018-08-27 21:49:56,G,1,6,4939,,0,9,-62.7145,-60.3309,50:00.8,FastGPS,-62.7145,-60.3309,,,9,-1.2,,,,15,32,18024,,,,25,9441,,,,14,10106,,,,6,17696,,,,12,22910,,,,24,18330,,,,19,17573,,,,22,10822,,,,2,6648,,,,,,,,,,,,,,,,,,,,,,,,,,,,,,,,,
173716,27-Aug-18,22:23:46,2018-08-27 22:23:46,G,3,6,4940,723,0,7,-62.7422,-60.3319,23:50.8,FastGPS,-62.7422,-60.3319,,,10.5,-1.2,,,,15,32,28880,,,,14,24154,,,,12,27881,,,,29,12657,,,,31,13495,,,,6,18904,,,,19,27360,,,,,,,,,,,,,,,,,,,,,,,,,,,,,,,,,,,,,,,,,,,
173716,27-Aug-18,22:57:42,2018-08-27 22:57:42,G,2,6,4941,723,0,8,-62.7562,-60.3397,57:48.3,FastGPS,-62.7562,-60.3397,,,7.2,0.3,,,,15,29,2001,,,,31,15749,,,,12,2440,,,,14,24906,,,,32,12460,,,,6,6636,,,,25,30382,,,,2,8351,,,,,,,,,,,,,,,,,,,,,,,,,,,,,,,,,,,,,,
173716,27-Aug-18,23:34:03,2018-08-27 23:34:03,G,1,6,4942,723,0,7,-62.778,-60.371,34:08.3,FastGPS,-62.778,-60.371,,1,8.1,-0.7,,,,15,31,5946,,,,29,32306,,,,4,4090,,,,12,20376,,,,25,9449,,,,14,28315,,,,23,4151,,,,,,,,,,,,,,,,,,,,,,,,,,,,,,,,,,,,,,,,,,,
173716,28-Aug-18,0:04:02,2018-08-28 00:04:02,G,2,6,4943,723,0,7,-62.7907,-60.4053,04:06.8,FastGPS,-62.7907,-60.4053,,1,4.7,-1.2,,,,15,31,11481,,,,5,16848,,,,29,23350,,,,4,9714,,,,25,23226,,,,12,12452,,,,23,28056,,,,,,,,,,,,,,,,,,,,,,,,,,,,,,,,,,,,,,,,,,,
173716,28-Aug-18,0:34:00,2018-08-28 00:34:00,G,1,6,4944,723,0,4,-63.048,-60.896,8/29/2018 0:27,K,-62.797,-60.4111,,,1.4,-1.1,,,,15,25,27873,,,,5,29338,,,,31,29496,,,,29,9108,,,,,,,,,,,,,,,,,,,,,,,,,,,,,,,,,,,,,,,,,,,,,,,,,,,,,,,,,,
173716,28-Aug-18,1:34:00,2018-08-28 01:34:00,G,1,6,4946,,1,9,-62.8088,-60.4108,34:04.8,FastGPS,-62.8088,-60.4108,,1,7.8,-1.2,,,,15,5,19096,,,,29,286,,,,2,31504,,,,4,9744,,,,26,32342,,,,31,1154,,,,9,31319,,,,25,10420,,,,21,7782,,,,,,,,,,,,,,,,,,,,,,,,,,,,,,,,,
173716,28-Aug-18,3:23:16,2018-08-28 03:23:16,G,2,6,4947,,0,9,-62.8212,-60.409,23:20.8,FastGPS,-62.8212,-60.409,,1,9.4,-1.2,,,,15,5,1492,,,,29,14544,,,,7,5587,,,,20,16981,,,,13,19526,,,,4,11822,,,,27,25497,,,,15,15631,,,,10,27759,,,,,,,,,,,,,,,,,,,,,,,,,,,,,,,,,
173716,28-Aug-18,3:53:20,2018-08-28 03:53:20,G,1,6,4948,,0,9,-62.8379,-60.434,53:25.3,FastGPS,-62.8379,-60.434,,,6.6,-0.7,,,,15,27,12680,,,,21,9314,,,,7,17368,,,,13,14826,,,,15,24710,,,,20,30616,,,,16,7059,,,,30,10010,,,,8,19464,,,,,,,,,,,,,,,,,,,,,,,,,,,,,,,,,
173716,28-Aug-18,4:24:02,2018-08-28 04:24:02,G,1,6,4949,,0,9,-62.8541,-60.4803,24:07.3,FastGPS,-62.8541,-60.4803,,,17.9,-0.7,,,,15,16,27412,,,,27,26658,,,,10,29742,,,,8,26141,,,,26,21526,,,,21,8991,,,,7,4280,,,,20,31665,,,,13,20468,,,,,,,,,,,,,,,,,,,,,,,,,,,,,,,,,
173716,28-Aug-18,4:55:12,2018-08-28 04:55:12,G,1,6,4950,,0,9,-62.873,-60.5218,55:16.8,FastGPS,-62.873,-60.5218,,,11.5,-1.2,,,,15,27,19237,,,,15,5471,,,,16,28201,,,,10,23204,,,,18,12476,,,,8,30363,,,,20,7906,,,,7,915,,,,21,18573,,,,,,,,,,,,,,,,,,,,,,,,,,,,,,,,,
173716,28-Aug-18,7:06:12,2018-08-28 07:06:12,G,1,6,4954,,0,9,-62.8864,-60.6609,06:17.3,FastGPS,-62.8864,-60.6609,,,15.1,-0.7,,,,15,32,19540,,,,8,28676,,,,18,4068,,,,14,1570,,,,11,13330,,,,10,28704,,,,1,21261,,,,22,20164,,,,28,5751,,,,,,,,,,,,,,,,,,,,,,,,,,,,,,,,,
173716,28-Aug-18,7:52:00,2018-08-28 07:52:00,G,1,6,4955,,0,9,-62.8772,-60.6801,52:04.8,FastGPS,-62.8772,-60.6801,,,10.8,-1.2,,,,15,1,5099,,,,32,9321,,,,18,20721,,,,11,32166,,,,14,6148,,,,22,28364,,,,17,16435,,,,10,32568,,,,3,27457,,,,,,,,,,,,,,,,,,,,,,,,,,,,,,,,,
173716,28-Aug-18,10:12:37,2018-08-28 10:12:37,G,1,6,4958,,0,9,-62.9111,-60.7811,12:42.3,FastGPS,-62.9111,-60.7811,,,14.2,-0.7,,,,15,31,18403,,,,14,11528,,,,23,28462,,,,3,723,,,,19,17445,,,,25,13698,,,,17,31195,,,,22,849,,,,6,17474,,,,,,,,,,,,,,,,,,,,,,,,,,,,,,,,,
173716,28-Aug-18,10:42:00,2018-08-28 10:42:00,G,2,6,4959,726,0,5,-62.9095,-60.8056,42:04.8,FastGPS,-62.9095,-60.8056,,,2.1,-1.2,,,,15,31,17503,,,,22,27543,,,,23,2634,,,,3,27986,,,,9,13650,,,,,,,,,,,,,,,,,,,,,,,,,,,,,,,,,,,,,,,,,,,,,,,,,,,,,
173716,28-Aug-18,11:23:26,2018-08-28 11:23:26,G,1,6,4960,726,0,7,-62.9129,-60.8048,23:30.8,FastGPS,-62.9129,-60.8048,,,13.7,-1.2,,,,15,6,17169,,,,9,22065,,,,22,15144,,,,23,3908,,,,3,32338,,,,31,16764,,,,26,1273,,,,,,,,,,,,,,,,,,,,,,,,,,,,,,,,,,,,,,,,,,,
173716,28-Aug-18,11:59:42,2018-08-28 11:59:42,G,1,6,4961,,0,9,-62.905,-60.7992,59:46.8,FastGPS,-62.905,-60.7992,,1,8,-1.2,,,,15,31,8268,,,,4,8292,,,,26,17352,,,,2,22486,,,,23,3442,,,,9,15476,,,,29,4738,,,,16,9072,,,,3,770,,,,,,,,,,,,,,,,,,,,,,,,,,,,,,,,,
173716,28-Aug-18,12:32:01,2018-08-28 12:32:01,G,1,6,4962,726,0,8,-62.9012,-60.76,32:06.3,FastGPS,-62.9012,-60.76,,1,16.8,-0.7,,,,15,9,29660,,,,2,8353,,,,23,20027,,,,4,10948,,,,26,13303,,,,16,9450,,,,6,5572,,,,7,23828,,,,,,,,,,,,,,,,,,,,,,,,,,,,,,,,,,,,,,
173716,28-Aug-18,13:07:03,2018-08-28 13:07:03,G,1,6,4963,726,0,5,-62.8924,-60.7648,07:07.8,FastGPS,-62.8924,-60.7648,,,16.2,-1.2,,,,15,7,7942,,,,23,15593,,,,6,11905,,,,9,454,,,,16,8396,,,,,,,,,,,,,,,,,,,,,,,,,,,,,,,,,,,,,,,,,,,,,,,,,,,,,
173716,28-Aug-18,13:37:00,2018-08-28 13:37:00,G,2,6,4964,726,0,7,-62.9052,-60.7996,37:04.8,FastGPS,-62.9052,-60.7996,,,9.6,-1.2,,,,15,23,27210,,,,7,9229,,,,9,29496,,,,5,3750,,,,2,31209,,,,16,19270,,,,29,29008,,,,,,,,,,,,,,,,,,,,,,,,,,,,,,,,,,,,,,,,,,,
173716,28-Aug-18,16:32:00,2018-08-28 16:32:00,G,2,6,4969,726,0,7,-63.0148,-60.877,32:04.8,FastGPS,-63.0148,-60.877,,,11,-1.2,,,,15,5,16120,,,,7,11309,,,,13,4095,,,,15,18683,,,,28,10687,,,,30,6678,,,,21,10400,,,,,,,,,,,,,,,,,,,,,,,,,,,,,,,,,,,,,,,,,,,
173716,28-Aug-18,17:23:32,2018-08-28 17:23:32,G,2,6,4970,727,0,6,-63.0242,-60.9463,23:36.8,FastGPS,-63.0242,-60.9463,,,7.6,-1.2,,,,15,15,13721,,,,7,22573,,,,13,31394,,,,30,23853,,,,28,13720,,,,11,16459,,,,,,,,,,,,,,,,,,,,,,,,,,,,,,,,,,,,,,,,,,,,,,,,
173716,28-Aug-18,17:57:03,2018-08-28 17:57:03,G,1,6,4971,727,0,7,-63.0448,-60.9658,57:08.3,FastGPS,-63.0448,-60.9658,,,5.7,-0.7,,,,15,17,26030,,,,30,22361,,,,28,5266,,,,13,20143,,,,15,9358,,,,11,29372,,,,8,13973,,,,,,,,,,,,,,,,,,,,,,,,,,,,,,,,,,,,,,,,,,,
173716,28-Aug-18,18:27:29,2018-08-28 18:27:29,G,1,6,4972,727,0,7,-63.0591,-60.9768,27:33.8,FastGPS,-63.0591,-60.9768,,,17.6,-1.2,,,,15,15,5832,,,,19,9178,,,,17,5069,,,,13,18843,,,,30,31545,,,,28,26101,,,,24,26069,,,,,,,,,,,,,,,,,,,,,,,,,,,,,,,,,,,,,,,,,,,
173716,28-Aug-18,19:00:02,2018-08-28 19:00:02,G,1,6,4973,727,0,8,-63.0746,-61.0045,00:07.3,FastGPS,-63.0746,-61.0045,,,4.8,-0.7,,,,15,28,1222,,,,11,1096,,,,24,20750,,,,15,25314,,,,18,10074,,,,17,28814,,,,10,22240,,,,1,14963,,,,,,,,,,,,,,,,,,,,,,,,,,,,,,,,,,,,,,
173716,29-Aug-18,5:13:42,2018-08-29 05:13:42,G,2,6,4985,731,0,8,-63.2132,-60.7757,13:48.3,FastGPS,-63.2132,-60.7757,,,12.4,0.3,,,,15,18,5654,,,,27,11669,,,,10,1290,,,,11,9970,,,,8,24104,,,,21,12248,,,,20,22318,,,,16,18688,,,,,,,,,,,,,,,,,,,,,,,,,,,,,,,,,,,,,,
173716,29-Aug-18,5:50:34,2018-08-29 05:50:34,G,2,6,4986,,0,9,-63.2314,-60.7739,50:39.8,FastGPS,-63.2314,-60.7739,,,11.1,-0.2,,,,15,15,11862,,,,8,29416,,,,10,18950,,,,28,26518,,,,11,10122,,,,20,8359,,,,27,5919,,,,24,25236,,,,18,4668,,,,,,,,,,,,,,,,,,,,,,,,,,,,,,,,,
173716,29-Aug-18,6:20:55,2018-08-29 06:20:55,G,3,6,4987,,0,9,-63.2463,-60.7623,21:01.3,FastGPS,-63.2463,-60.7623,,,12.4,0.3,,,,15,32,16456,,,,8,12812,,,,18,506,,,,10,21645,,,,14,25453,,,,27,4743,,,,11,7786,,,,20,10039,,,,1,15898,,,,,,,,,,,,,,,,,,,,,,,,,,,,,,,,,
173716,29-Aug-18,6:59:11,2018-08-29 06:59:11,G,2,6,4988,,0,9,-63.2593,-60.7653,59:16.8,FastGPS,-63.2593,-60.7653,,,4.7,-0.2,,,,15,32,17424,,,,11,15604,,,,10,11811,,,,18,5970,,,,8,9072,,,,14,24712,,,,1,18684,,,,27,18683,,,,20,5984,,,,,,,,,,,,,,,,,,,,,,,,,,,,,,,,,
173716,29-Aug-18,12:09:58,2018-08-29 12:09:58,G,1,6,4995,734,0,6,-63.3715,-60.6709,10:03.8,FastGPS,-63.3715,-60.6709,,,8.4,-0.2,,,,15,9,25642,,,,6,491,,,,3,20425,,,,23,5458,,,,2,8247,,,,7,18587,,,,,,,,,,,,,,,,,,,,,,,,,,,,,,,,,,,,,,,,,,,,,,,,
173716,29-Aug-18,15:07:16,2018-08-29 15:07:16,G,1,6,5000,735,0,6,-63.3607,-60.6527,07:22.3,FastGPS,-63.3607,-60.6527,,,5,0.3,,,,15,7,1827,,,,5,19176,,,,9,2744,,,,27,31198,,,,30,14366,,,,8,4952,,,,,,,,,,,,,,,,,,,,,,,,,,,,,,,,,,,,,,,,,,,,,,,,
173716,29-Aug-18,15:41:06,2018-08-29 15:41:06,G,1,6,5001,735,0,4,-63.32,-60.594,8/30/2018 4:51,A,-63.3605,-60.6538,,,0.5,0.3,,,,15,7,25340,,,,13,20159,,,,5,20461,,,,21,14328,,,,,,,,,,,,,,,,,,,,,,,,,,,,,,,,,,,,,,,,,,,,,,,,,,,,,,,,,,
173716,29-Aug-18,16:47:45,2018-08-29 16:47:45,G,1,6,5002,737,0,5,-63.365,-60.6525,47:51.3,FastGPS,-63.365,-60.6525,,,0.5,0.3,,,,15,7,16708,,,,30,25093,,,,28,29172,,,,13,26092,,,,5,26528,,,,,,,,,,,,,,,,,,,,,,,,,,,,,,,,,,,,,,,,,,,,,,,,,,,,,
173716,30-Aug-18,8:21:12,2018-08-30 08:21:12,G,1,6,5011,,0,9,-63.2869,-60.492,21:18.3,FastGPS,-63.2869,-60.492,,,11.7,0.3,,,,15,22,15360,,,,32,643,,,,1,28470,,,,17,10822,,,,11,702,,,,31,11518,,,,10,31566,,,,12,26497,,,,3,16886,,,,,,,,,,,,,,,,,,,,,,,,,,,,,,,,,
173716,30-Aug-18,13:30:12,2018-08-30 13:30:12,G,1,6,5019,740,0,6,-63.1251,-60.4563,30:17.8,FastGPS,-63.1251,-60.4563,,,8.3,-0.2,,,,15,7,29461,,,,23,8134,,,,5,26177,,,,16,6569,,,,4,13028,,,,2,11412,,,,,,,,,,,,,,,,,,,,,,,,,,,,,,,,,,,,,,,,,,,,,,,,
173716,30-Aug-18,14:32:53,2018-08-30 14:32:53,G,2,6,5021,740,0,7,-63.0849,-60.4832,32:59.3,FastGPS,-63.0849,-60.4832,,,10.3,0.3,,,,15,27,11327,,,,7,4481,,,,23,16918,,,,9,11310,,,,30,23551,,,,16,4012,,,,5,8381,,,,,,,,,,,,,,,,,,,,,,,,,,,,,,,,,,,,,,,,,,,
173716,30-Aug-18,16:16:39,2018-08-30 16:16:39,G,1,6,5024,,0,9,-63.0336,-60.4902,16:45.3,FastGPS,-63.0336,-60.4902,,,6.2,0.3,,,,15,7,16518,,,,30,25306,,,,13,28363,,,,8,20738,,,,15,27478,,,,27,3988,,,,5,14444,,,,21,218,,,,28,24655,,,,,,,,,,,,,,,,,,,,,,,,,,,,,,,,,
173716,30-Aug-18,17:48:06,2018-08-30 17:48:06,G,1,6,5027,,0,9,-63.009,-60.4853,48:11.8,FastGPS,-63.009,-60.4853,,,9.4,-0.2,,,,15,17,11377,,,,13,8258,,,,15,25622,,,,28,26876,,,,11,17726,,,,20,21690,,,,18,23152,,,,1,2798,,,,30,14797,,,,,,,,,,,,,,,,,,,,,,,,,,,,,,,,,
173716,30-Aug-18,18:19:29,2018-08-30 18:19:29,G,1,6,5028,,0,9,-62.9961,-60.4916,19:34.8,FastGPS,-62.9961,-60.4916,,,6.4,-0.2,,,,15,17,27181,,,,15,23183,,,,30,19830,,,,13,4962,,,,28,13626,,,,19,30328,,,,24,11258,,,,20,17530,,,,1,15008,,,,,,,,,,,,,,,,,,,,,,,,,,,,,,,,,
173716,30-Aug-18,18:49:56,2018-08-30 18:49:56,G,1,6,5029,,0,9,-62.9842,-60.4739,50:00.8,FastGPS,-62.9842,-60.4739,,,22.4,-1.2,,,,15,10,232,,,,28,23257,,,,17,5998,,,,20,4316,,,,12,15792,,,,15,7081,,,,24,25766,,,,18,24036,,,,11,17566,,,,,,,,,,,,,,,,,,,,,,,,,,,,,,,,,
173716,30-Aug-18,19:50:52,2018-08-30 19:50:52,G,4,6,5031,740,0,6,-62.9629,-60.4824,50:56.8,FastGPS,-62.9629,-60.4824,,,11.3,-1.2,,,,15,12,22816,,,,24,3796,,,,15,19214,,,,19,6502,,,,17,18570,,,,18,31944,,,,,,,,,,,,,,,,,,,,,,,,,,,,,,,,,,,,,,,,,,,,,,,,
173716,30-Aug-18,20:24:01,2018-08-30 20:24:01,G,3,6,5032,740,0,8,-62.9571,-60.4808,24:06.3,FastGPS,-62.9571,-60.4808,,,5.1,-0.7,,,,15,12,19511,,,,17,18189,,,,19,30055,,,,24,28765,,,,6,13240,,,,15,1209,,,,1,9820,,,,14,5164,,,,,,,,,,,,,,,,,,,,,,,,,,,,,,,,,,,,,,
173716,30-Aug-18,20:54:10,2018-08-30 20:54:10,G,1,6,5033,740,0,8,-62.9439,-60.5057,54:15.3,FastGPS,-62.9439,-60.5057,,,18.9,-0.7,,,,15,17,5882,,,,6,10919,,,,12,7666,,,,24,5656,,,,32,1331,,,,22,22607,,,,19,1912,,,,3,22121,,,,,,,,,,,,,,,,,,,,,,,,,,,,,,,,,,,,,,
173716,31-Aug-18,1:25:01,2018-08-31 01:25:01,G,1,6,5042,740,0,5,-62.8945,-60.5722,25:06.8,FastGPS,-62.8945,-60.5722,,,2.5,-0.2,,,,15,5,20849,,,,29,27988,,,,2,17808,,,,26,7115,,,,25,27041,,,,,,,,,,,,,,,,,,,,,,,,,,,,,,,,,,,,,,,,,,,,,,,,,,,,,
173716,31-Aug-18,2:56:40,2018-08-31 02:56:40,G,1,6,5045,740,0,5,-62.862,-60.494,9/1/2018 2:35,N,-62.8946,-60.5734,,1,0.1,-0.7,,,,15,29,20518,,,,4,8047,,,,16,7528,,,,20,3418,,,,21,21480,,,,,,,,,,,,,,,,,,,,,,,,,,,,,,,,,,,,,,,,,,,,,,,,,,,,,
173716,31-Aug-18,3:59:09,2018-08-31 03:59:09,G,1,6,5047,740,0,5,-62.8945,-60.5737,59:15.3,FastGPS,-62.8945,-60.5737,,,16.8,0.3,,,,15,27,32509,,,,21,9133,,,,26,13954,,,,16,250,,,,20,10146,,,,,,,,,,,,,,,,,,,,,,,,,,,,,,,,,,,,,,,,,,,,,,,,,,,,,
173716,31-Aug-18,7:51:29,2018-08-31 07:51:29,G,1,6,5054,,0,9,-62.8888,-60.6319,51:34.8,FastGPS,-62.8888,-60.6319,,,15.1,-0.2,,,,15,22,18597,,,,32,17942,,,,3,26858,,,,14,13512,,,,17,10590,,,,1,10632,,,,18,31595,,,,11,10742,,,,10,29325,,,,,,,,,,,,,,,,,,,,,,,,,,,,,,,,,
173716,31-Aug-18,8:40:00,2018-08-31 08:40:00,G,1,6,5055,,0,9,-62.8888,-60.6084,40:05.9,FastGPS,-62.8888,-60.6084,,,6,-0.1,,,,15,17,4390,,,,32,26832,,,,1,21012,,,,18,29196,,,,22,21026,,,,14,13436,,,,3,22001,,,,12,4038,,,,19,32179,,,,,,,,,,,,,,,,,,,,,,,,,,,,,,,,,
173716,31-Aug-18,9:12:52,2018-08-31 09:12:52,G,1,6,5056,,0,9,-62.8894,-60.5965,12:58.3,FastGPS,-62.8894,-60.5965,,,6.4,0.3,,,,15,1,6383,,,,12,10094,,,,18,17351,,,,32,31306,,,,17,1899,,,,22,11857,,,,3,6141,,,,14,15026,,,,11,3299,,,,,,,,,,,,,,,,,,,,,,,,,,,,,,,,,
173716,31-Aug-18,10:44:00,2018-08-31 10:44:00,G,1,6,5059,742,0,7,-62.8795,-60.5785,44:05.8,FastGPS,-62.8795,-60.5785,,,4.3,-0.2,,,,15,23,4579,,,,3,8315,,,,9,5027,,,,22,11078,,,,31,30685,,,,6,21526,,,,19,20104,,,,,,,,,,,,,,,,,,,,,,,,,,,,,,,,,,,,,,,,,,,
173716,31-Aug-18,11:19:49,2018-08-31 11:19:49,G,2,6,5060,,0,9,-62.8719,-60.5945,19:54.8,FastGPS,-62.8719,-60.5945,,,8,-0.2,,,,15,26,18050,,,,4,28992,,,,23,1357,,,,31,13522,,,,22,246,,,,9,7486,,,,3,31166,,,,6,11860,,,,16,1948,,,,,,,,,,,,,,,,,,,,,,,,,,,,,,,,,
173716,31-Aug-18,11:58:19,2018-08-31 11:58:19,G,3,6,5061,,0,9,-62.8719,-60.5875,58:24.8,FastGPS,-62.8719,-60.5875,,1,12.4,-0.2,,,,15,31,24304,,,,29,27702,,,,9,1338,,,,4,13613,,,,23,23534,,,,16,11701,,,,26,31563,,,,3,19505,,,,2,9241,,,,,,,,,,,,,,,,,,,,,,,,,,,,,,,,,
173716,31-Aug-18,12:31:05,2018-08-31 12:31:05,G,4,6,5062,,0,9,-62.8709,-60.5939,31:11.3,FastGPS,-62.8709,-60.5939,,1,8.2,0.3,,,,15,29,20765,,,,9,17208,,,,7,22936,,,,23,6361,,,,2,24569,,,,4,13331,,,,6,16212,,,,26,24880,,,,16,17242,,,,,,,,,,,,,,,,,,,,,,,,,,,,,,,,,
173716,31-Aug-18,13:06:12,2018-08-31 13:06:12,G,2,6,5063,,0,9,-62.8707,-60.6032,06:17.9,FastGPS,-62.8707,-60.6032,,,16.5,-0.1,,,,15,7,19271,,,,23,9458,,,,9,25663,,,,4,25972,,,,2,12221,,,,6,29490,,,,26,29560,,,,16,20542,,,,29,29258,,,,,,,,,,,,,,,,,,,,,,,,,,,,,,,,,
173716,31-Aug-18,13:37:19,2018-08-31 13:37:19,G,3,6,5064,,0,9,-62.8731,-60.6067,37:25.4,FastGPS,-62.8731,-60.6067,,,6.5,0.4,,,,15,23,16448,,,,16,22390,,,,7,19929,,,,5,22462,,,,30,17346,,,,2,1749,,,,26,12748,,,,29,8949,,,,4,26170,,,,,,,,,,,,,,,,,,,,,,,,,,,,,,,,,
173716,31-Aug-18,14:07:00,2018-08-31 14:07:00,G,4,6,5065,742,0,8,-62.8659,-60.6225,07:05.8,FastGPS,-62.8659,-60.6225,,,7.5,-0.2,,,,15,5,16139,,,,23,13400,,,,9,6873,,,,16,13716,,,,2,24306,,,,7,11865,,,,27,27494,,,,30,6610,,,,,,,,,,,,,,,,,,,,,,,,,,,,,,,,,,,,,,
173716,31-Aug-18,17:18:03,2018-08-31 17:18:03,G,2,6,5071,,0,9,-62.8626,-60.6694,18:09.3,FastGPS,-62.8626,-60.6694,,,15.2,0.3,,,,15,15,15111,,,,20,4268,,,,30,21754,,,,13,15204,,,,5,2252,,,,8,29762,,,,24,3768,,,,17,23155,,,,28,6498,,,,,,,,,,,,,,,,,,,,,,,,,,,,,,,,,
173716,31-Aug-18,17:50:14,2018-08-31 17:50:14,G,2,6,5072,,0,9,-62.8618,-60.6555,50:20.3,FastGPS,-62.8618,-60.6555,,,9.2,0.3,,,,15,15,26308,,,,17,1609,,,,11,14145,,,,30,14224,,,,18,25858,,,,13,22506,,,,28,12324,,,,1,16018,,,,8,3508,,,,,,,,,,,,,,,,,,,,,,,,,,,,,,,,,
173716,31-Aug-18,20:54:00,2018-08-31 20:54:00,G,1,6,5078,742,0,5,-62.8509,-60.6859,54:05.9,FastGPS,-62.8509,-60.6859,,,5.4,-0.1,,,,15,32,27146,,,,25,14310,,,,14,29160,,,,12,5324,,,,17,12892,,,,,,,,,,,,,,,,,,,,,,,,,,,,,,,,,,,,,,,,,,,,,,,,,,,,,
173716,31-Aug-18,21:24:00,2018-08-31 21:24:00,G,2,6,5079,742,1,7,-62.8503,-60.6604,24:05.9,FastGPS,-62.8503,-60.6604,,,2.7,-0.1,,,,15,32,11016,,,,25,22938,,,,14,14958,,,,12,30647,,,,24,28446,,,,17,7583,,,,3,30570,,,,,,,,,,,,,,,,,,,,,,,,,,,,,,,,,,,,,,,,,,,
173716,1-Sep-18,13:03:00,2018-09-01 13:03:00,G,2,6,5087,742,0,7,-62.8481,-60.285,03:04.9,FastGPS,-62.8481,-60.285,,,7.4,-1.1,,,,15,7,18992,,,,23,4307,,,,16,19172,,,,26,25376,,,,2,5780,,,,4,20942,,,,9,21709,,,,,,,,,,,,,,,,,,,,,,,,,,,,,,,,,,,,,,,,,,,
173716,1-Sep-18,13:33:44,2018-09-01 13:33:44,G,2,6,5088,742,0,7,-62.8598,-60.3019,33:48.9,FastGPS,-62.8598,-60.3019,,,10.5,-1.1,,,,15,7,29379,,,,9,22441,,,,30,26967,,,,23,24304,,,,2,7097,,,,16,31468,,,,5,30856,,,,,,,,,,,,,,,,,,,,,,,,,,,,,,,,,,,,,,,,,,,
173716,1-Sep-18,14:06:08,2018-09-01 14:06:08,G,2,6,5089,742,0,6,-62.861,-60.2889,06:13.4,FastGPS,-62.861,-60.2889,,,11.5,-0.6,,,,15,9,5892,,,,23,8188,,,,7,23699,,,,27,15684,,,,16,15942,,,,5,30777,,,,,,,,,,,,,,,,,,,,,,,,,,,,,,,,,,,,,,,,,,,,,,,,
173716,1-Sep-18,14:38:28,2018-09-01 14:38:28,G,2,6,5090,,0,9,-62.8568,-60.291,38:33.4,FastGPS,-62.8568,-60.291,,,11.9,-0.6,,,,15,9,19094,,,,7,28821,,,,16,16755,,,,5,18211,,,,23,10842,,,,8,21841,,,,13,31870,,,,2,31464,,,,27,7568,,,,,,,,,,,,,,,,,,,,,,,,,,,,,,,,,
173716,1-Sep-18,15:08:08,2018-09-01 15:08:08,G,2,6,5091,742,0,6,-62.8526,-60.3008,08:12.9,FastGPS,-62.8526,-60.3008,,,10.8,-1.1,,,,15,5,322,,,,30,22313,,,,13,30135,,,,21,14549,,,,28,1870,,,,9,31300,,,,,,,,,,,,,,,,,,,,,,,,,,,,,,,,,,,,,,,,,,,,,,,,
173716,1-Sep-18,15:39:52,2018-09-01 15:39:52,G,2,6,5092,742,0,6,-62.853,-60.3176,39:57.3,FastGPS,-62.853,-60.3176,,,14.7,-0.7,,,,15,8,25262,,,,5,31903,,,,27,12882,,,,28,5801,,,,7,25120,,,,30,17234,,,,,,,,,,,,,,,,,,,,,,,,,,,,,,,,,,,,,,,,,,,,,,,,
173716,1-Sep-18,16:11:26,2018-09-01 16:11:26,G,2,6,5093,742,0,7,-62.8535,-60.3169,11:31.4,FastGPS,-62.8535,-60.3169,,,3.7,-0.6,,,,15,5,13727,,,,15,12112,,,,7,13582,,,,13,9672,,,,28,13021,,,,30,30345,,,,27,4835,,,,,,,,,,,,,,,,,,,,,,,,,,,,,,,,,,,,,,,,,,,
173716,1-Sep-18,16:42:28,2018-09-01 16:42:28,G,2,6,5094,742,0,8,-62.8535,-60.318,42:33.4,FastGPS,-62.8535,-60.318,,,5.7,-0.6,,,,15,7,32285,,,,8,1478,,,,13,12774,,,,28,30172,,,,15,19930,,,,30,22960,,,,5,13921,,,,27,4620,,,,,,,,,,,,,,,,,,,,,,,,,,,,,,,,,,,,,,
173716,1-Sep-18,19:32:00,2018-09-01 19:32:00,G,1,6,5099,743,1,5,-62.8475,-60.295,32:05.9,FastGPS,-62.8475,-60.295,,,12.6,-0.1,,,,15,17,1400,,,,19,28742,,,,12,24902,,,,15,4093,,,,24,2284,,,,,,,,,,,,,,,,,,,,,,,,,,,,,,,,,,,,,,,,,,,,,,,,,,,,,
173716,2-Sep-18,10:15:36,2018-09-02 10:15:36,G,1,6,5102,743,0,7,-62.8098,-59.9136,15:40.9,FastGPS,-62.8098,-59.9136,,,6.5,-1.1,,,,15,17,22260,,,,3,15410,,,,23,29400,,,,1,9550,,,,31,7738,,,,22,30600,,,,19,8961,,,,,,,,,,,,,,,,,,,,,,,,,,,,,,,,,,,,,,,,,,,
173716,2-Sep-18,12:02:18,2018-09-02 12:02:18,G,1,6,5105,,0,9,-62.7893,-59.934,02:23.4,FastGPS,-62.7893,-59.934,,,6.9,-0.6,,,,15,31,21516,,,,23,25866,,,,29,3570,,,,9,5079,,,,3,19716,,,,16,6298,,,,7,31846,,,,22,27343,,,,26,31611,,,,,,,,,,,,,,,,,,,,,,,,,,,,,,,,,
173716,2-Sep-18,12:34:28,2018-09-02 12:34:28,G,1,6,5106,,0,9,-62.7838,-59.9515,34:32.9,FastGPS,-62.7838,-59.9515,,1,9.8,-1.1,,,,15,7,16263,,,,9,28298,,,,3,29196,,,,6,15359,,,,23,17608,,,,4,6327,,,,26,27332,,,,29,32083,,,,2,27685,,,,,,,,,,,,,,,,,,,,,,,,,,,,,,,,,
173716,2-Sep-18,14:34:32,2018-09-02 14:34:32,G,1,6,5110,744,0,8,-62.7111,-60.0154,34:36.9,FastGPS,-62.7111,-60.0154,,,13.5,-1.1,,,,15,30,13661,,,,7,19173,,,,5,6699,,,,21,28707,,,,9,9711,,,,16,5567,,,,27,31066,,,,13,20530,,,,,,,,,,,,,,,,,,,,,,,,,,,,,,,,,,,,,,
173716,2-Sep-18,17:08:02,2018-09-02 17:08:02,G,1,6,5115,744,0,4,-62.709,-60.055,9/3/2018 3:28,A,-62.699,-60.0292,,,1,-0.6,,,,15,15,20186,,,,28,20476,,,,30,11866,,,,13,29279,,,,,,,,,,,,,,,,,,,,,,,,,,,,,,,,,,,,,,,,,,,,,,,,,,,,,,,,,,
173716,2-Sep-18,17:38:21,2018-09-02 17:38:21,G,2,6,5116,,0,9,-62.6981,-60.0238,38:25.9,FastGPS,-62.6981,-60.0238,,,10.8,-1.1,,,,15,11,23802,,,,17,31212,,,,18,30974,,,,30,10806,,,,13,7978,,,,15,29216,,,,8,27784,,,,10,11466,,,,28,28795,,,,,,,,,,,,,,,,,,,,,,,,,,,,,,,,,
173716,2-Sep-18,18:08:15,2018-09-02 18:08:15,G,1,6,5117,744,0,8,-62.6954,-60,08:19.9,FastGPS,-62.6954,-60,,,11.3,-1.1,,,,15,30,16271,,,,15,18804,,,,17,72,,,,28,9548,,,,13,1203,,,,19,3108,,,,1,16104,,,,24,10176,,,,,,,,,,,,,,,,,,,,,,,,,,,,,,,,,,,,,,
173716,2-Sep-18,18:40:02,2018-09-02 18:40:02,G,1,6,5118,744,0,8,-62.6965,-60.0172,40:06.9,FastGPS,-62.6965,-60.0172,,,11,-1.1,,,,15,10,1250,,,,15,9276,,,,13,384,,,,24,4498,,,,20,802,,,,28,21491,,,,17,21336,,,,18,26650,,,,,,,,,,,,,,,,,,,,,,,,,,,,,,,,,,,,,,
173716,2-Sep-18,22:48:00,2018-09-02 22:48:00,G,2,6,5126,744,0,8,-62.6926,-60.0089,48:06.4,FastGPS,-62.6926,-60.0089,,,19.8,0.4,,,,15,31,17723,,,,29,20111,,,,12,24396,,,,6,27812,,,,2,24996,,,,19,24066,,,,14,2773,,,,25,3448,,,,,,,,,,,,,,,,,,,,,,,,,,,,,,,,,,,,,,
173716,2-Sep-18,23:49:25,2018-09-02 23:49:25,G,1,6,5128,744,0,8,-62.6927,-60.0102,49:30.4,FastGPS,-62.6927,-60.0102,,,8.8,-0.6,,,,15,31,21316,,,,12,20938,,,,29,22574,,,,5,3128,,,,2,13658,,,,4,25803,,,,26,19298,,,,9,11310,,,,,,,,,,,,,,,,,,,,,,,,,,,,,,,,,,,,,,
173716,3-Sep-18,0:34:45,2018-09-03 00:34:45,G,1,6,5129,745,0,7,-62.6924,-60.0091,34:50.9,FastGPS,-62.6924,-60.0091,,1,5.9,-0.1,,,,15,4,11043,,,,29,29540,,,,26,3146,,,,25,21644,,,,31,18344,,,,2,30561,,,,5,8529,,,,,,,,,,,,,,,,,,,,,,,,,,,,,,,,,,,,,,,,,,,
173716,3-Sep-18,1:07:08,2018-09-03 01:07:08,G,2,6,5130,745,0,6,-62.6925,-60.0098,07:13.9,FastGPS,-62.6925,-60.0098,,,9.3,-0.1,,,,15,2,1088,,,,25,7087,,,,9,18057,,,,21,16695,,,,16,23494,,,,4,24846,,,,,,,,,,,,,,,,,,,,,,,,,,,,,,,,,,,,,,,,,,,,,,,,
173716,3-Sep-18,1:37:00,2018-09-03 01:37:00,G,1,6,5131,745,0,7,-62.6989,-60.0386,37:05.4,FastGPS,-62.6989,-60.0386,,,8.3,-0.6,,,,15,16,26314,,,,29,17354,,,,26,8082,,,,5,21304,,,,4,26239,,,,21,6518,,,,9,15751,,,,,,,,,,,,,,,,,,,,,,,,,,,,,,,,,,,,,,,,,,,
173716,3-Sep-18,2:08:23,2018-09-03 02:08:23,G,1,6,5132,745,0,5,-62.703,-60.349,9/4/2018 1:58,N,-62.7073,-60.0505,,1,0.2,0.3,,,,15,29,23961,,,,27,8782,,,,4,28850,,,,5,5173,,,,16,17843,,,,,,,,,,,,,,,,,,,,,,,,,,,,,,,,,,,,,,,,,,,,,,,,,,,,,
173716,3-Sep-18,2:38:52,2018-09-03 02:38:52,G,1,6,5133,745,0,5,-62.703,-60.349,9/4/2018 1:58,N,-62.7071,-60.0487,,1,0.4,-1.1,,,,15,20,2732,,,,29,1126,,,,4,14172,,,,26,13637,,,,16,23091,,,,,,,,,,,,,,,,,,,,,,,,,,,,,,,,,,,,,,,,,,,,,,,,,,,,,
173716,3-Sep-18,6:57:03,2018-09-03 06:57:03,G,1,6,5140,,0,9,-62.7148,-60.1178,57:09.4,FastGPS,-62.7148,-60.1178,,,6.4,0.4,,,,15,22,2280,,,,18,6638,,,,28,26178,,,,1,20016,,,,8,22154,,,,10,25631,,,,32,30125,,,,14,15397,,,,24,10076,,,,,,,,,,,,,,,,,,,,,,,,,,,,,,,,,
173716,3-Sep-18,7:30:00,2018-09-03 07:30:00,G,1,6,5141,748,0,6,-62.7129,-60.1444,30:05.9,FastGPS,-62.7129,-60.1444,,,1.8,-0.1,,,,15,17,7097,,,,32,25708,,,,14,29792,,,,10,6069,,,,11,13470,,,,18,2684,,,,,,,,,,,,,,,,,,,,,,,,,,,,,,,,,,,,,,,,,,,,,,,,
173716,3-Sep-18,8:36:15,2018-09-03 08:36:15,G,1,6,5143,748,0,8,-62.7315,-60.1477,36:21.4,FastGPS,-62.7315,-60.1477,,,7.7,0.4,,,,15,31,16493,,,,3,32060,,,,17,27366,,,,32,18686,,,,22,17997,,,,11,7016,,,,1,804,,,,12,4535,,,,,,,,,,,,,,,,,,,,,,,,,,,,,,,,,,,,,,
173716,3-Sep-18,10:15:48,2018-09-03 10:15:48,G,1,6,5146,,0,9,-62.7373,-60.1795,15:53.9,FastGPS,-62.7373,-60.1795,,,5.7,-0.1,,,,15,23,26400,,,,31,18936,,,,22,565,,,,9,6108,,,,17,21042,,,,6,10391,,,,3,27918,,,,19,18429,,,,1,5944,,,,,,,,,,,,,,,,,,,,,,,,,,,,,,,,,
173716,3-Sep-18,13:57:00,2018-09-03 13:57:00,G,3,6,5153,748,0,8,-62.7572,-60.3678,57:05.9,FastGPS,-62.7572,-60.3678,,,15.7,-0.1,,,,15,23,20268,,,,30,29770,,,,5,1756,,,,9,15080,,,,27,18400,,,,7,29982,,,,2,29501,,,,16,23947,,,,,,,,,,,,,,,,,,,,,,,,,,,,,,,,,,,,,,
173716,3-Sep-18,14:31:13,2018-09-03 14:31:13,G,3,6,5154,748,0,6,-62.7493,-60.354,31:19.4,FastGPS,-62.7493,-60.354,,,1.4,0.4,,,,15,7,7053,,,,9,26150,,,,5,30204,,,,30,4770,,,,16,23782,,,,27,20189,,,,,,,,,,,,,,,,,,,,,,,,,,,,,,,,,,,,,,,,,,,,,,,,
173716,3-Sep-18,15:01:20,2018-09-03 15:01:20,G,2,6,5155,748,0,7,-62.7589,-60.3639,01:26.4,FastGPS,-62.7589,-60.3639,,,9.2,0.4,,,,15,30,11904,,,,8,27550,,,,5,19996,,,,9,11718,,,,7,17077,,,,27,19851,,,,28,30302,,,,,,,,,,,,,,,,,,,,,,,,,,,,,,,,,,,,,,,,,,,
173716,3-Sep-18,15:36:17,2018-09-03 15:36:17,G,1,6,5156,,0,9,-62.7537,-60.378,36:23.4,FastGPS,-62.7537,-60.378,,,9.6,0.4,,,,15,7,13463,,,,27,11922,,,,8,3402,,,,30,20132,,,,5,26114,,,,15,27828,,,,21,5538,,,,28,31625,,,,13,4772,,,,,,,,,,,,,,,,,,,,,,,,,,,,,,,,,
173716,3-Sep-18,16:06:00,2018-09-03 16:06:00,G,1,6,5157,748,0,8,-62.7443,-60.3658,06:05.9,FastGPS,-62.7443,-60.3658,,,7.2,-0.1,,,,15,30,29801,,,,7,5343,,,,28,27111,,,,8,124,,,,15,24906,,,,13,18752,,,,5,8876,,,,27,880,,,,,,,,,,,,,,,,,,,,,,,,,,,,,,,,,,,,,,
173716,3-Sep-18,17:10:42,2018-09-03 17:10:42,G,2,6,5159,748,0,7,-62.7279,-60.3557,10:47.9,FastGPS,-62.7279,-60.3557,,,8,-0.1,,,,15,15,5784,,,,30,20554,,,,28,23814,,,,17,32398,,,,13,26214,,,,11,10362,,,,8,29032,,,,,,,,,,,,,,,,,,,,,,,,,,,,,,,,,,,,,,,,,,,
173716,3-Sep-18,17:41:00,2018-09-03 17:41:00,G,1,6,5160,,0,9,-62.7221,-60.3506,41:05.9,FastGPS,-62.7221,-60.3506,,,6.3,-0.1,,,,15,17,11119,,,,15,20571,,,,30,29254,,,,13,9521,,,,10,10712,,,,18,24280,,,,28,1984,,,,11,9738,,,,20,5213,,,,,,,,,,,,,,,,,,,,,,,,,,,,,,,,,
173716,3-Sep-18,19:15:51,2018-09-03 19:15:51,G,1,6,5163,,0,9,-62.7174,-60.3473,15:57.4,FastGPS,-62.7174,-60.3473,,,9.5,0.4,,,,15,19,4060,,,,17,27422,,,,12,20440,,,,28,24226,,,,15,26487,,,,1,7399,,,,24,17506,,,,32,18029,,,,11,4844,,,,,,,,,,,,,,,,,,,,,,,,,,,,,,,,,
173716,3-Sep-18,20:18:04,2018-09-03 20:18:04,G,2,6,5165,748,0,6,-62.7078,-60.3456,18:10.4,FastGPS,-62.7078,-60.3456,,,7.3,0.4,,,,15,17,4161,,,,19,14282,,,,14,25304,,,,32,6515,,,,1,25232,,,,12,28552,,,,,,,,,,,,,,,,,,,,,,,,,,,,,,,,,,,,,,,,,,,,,,,,
173716,3-Sep-18,21:18:00,2018-09-03 21:18:00,G,1,6,5167,,1,9,-62.7034,-60.3541,18:05.9,FastGPS,-62.7034,-60.3541,,,9.3,-0.1,,,,15,6,27889,,,,19,9784,,,,17,13819,,,,2,2573,,,,3,5383,,,,12,3912,,,,24,11244,,,,22,29727,,,,32,5079,,,,,,,,,,,,,,,,,,,,,,,,,,,,,,,,,
173716,4-Sep-18,5:40:40,2018-09-04 05:40:40,G,1,6,5168,,0,9,-62.7048,-60.3539,40:46.4,FastGPS,-62.7048,-60.3539,,,4.4,0.4,,,,15,10,21981,,,,18,29469,,,,32,4559,,,,20,9087,,,,8,5866,,,,11,1426,,,,27,10541,,,,15,10569,,,,28,3052,,,,,,,,,,,,,,,,,,,,,,,,,,,,,,,,,
173716,4-Sep-18,6:11:54,2018-09-04 06:11:54,G,1,6,5169,749,0,8,-62.7119,-60.378,11:59.9,FastGPS,-62.7119,-60.378,,,12.7,-0.1,,,,15,32,6853,,,,10,21906,,,,8,18312,,,,18,4869,,,,20,14857,,,,11,11910,,,,1,8216,,,,27,10647,,,,,,,,,,,,,,,,,,,,,,,,,,,,,,,,,,,,,,
173716,4-Sep-18,6:51:59,2018-09-04 06:51:59,G,2,6,5170,,0,9,-62.7157,-60.4056,52:03.9,FastGPS,-62.7157,-60.4056,,,8.7,-1.1,,,,15,32,7136,,,,18,18082,,,,22,10952,,,,1,29879,,,,11,27747,,,,8,5444,,,,14,23224,,,,10,7019,,,,28,8540,,,,,,,,,,,,,,,,,,,,,,,,,,,,,,,,,
173716,4-Sep-18,7:23:19,2018-09-04 07:23:19,G,2,6,5171,,0,9,-62.7183,-60.3884,23:24.4,FastGPS,-62.7183,-60.3884,,,13.6,-0.6,,,,15,32,27104,,,,11,15618,,,,10,17072,,,,1,20268,,,,18,4548,,,,22,9699,,,,8,7018,,,,14,24567,,,,3,9698,,,,,,,,,,,,,,,,,,,,,,,,,,,,,,,,,
173716,4-Sep-18,7:57:20,2018-09-04 07:57:20,G,1,6,5172,749,0,4,-62.703,-60.349,9/4/2018 1:58,N,-62.7105,-60.3557,,,0.5,-0.1,,,,15,17,9222,,,,32,18192,,,,3,15518,,,,14,7260,,,,,,,,,,,,,,,,,,,,,,,,,,,,,,,,,,,,,,,,,,,,,,,,,,,,,,,,,,
173716,4-Sep-18,13:30:03,2018-09-04 13:30:03,G,1,6,5183,749,0,8,-62.695,-60.3452,30:07.9,FastGPS,-62.695,-60.3452,,,6.1,-1.1,,,,15,7,27266,,,,23,29708,,,,16,31414,,,,9,12677,,,,26,31560,,,,5,1714,,,,30,8282,,,,2,21246,,,,,,,,,,,,,,,,,,,,,,,,,,,,,,,,,,,,,,
173716,4-Sep-18,14:25:28,2018-09-04 14:25:28,G,1,6,5184,749,0,4,-62.703,-60.349,9/4/2018 1:58,N,-62.711,-60.3916,,,0.1,-0.5,,,,15,9,5719,,,,5,1878,,,,30,7050,,,,7,14180,,,,,,,,,,,,,,,,,,,,,,,,,,,,,,,,,,,,,,,,,,,,,,,,,,,,,,,,,,
173716,4-Sep-18,14:59:06,2018-09-04 14:59:06,G,1,6,5185,749,0,7,-62.7213,-60.4246,59:11.9,FastGPS,-62.7213,-60.4246,,,8.5,-0.1,,,,15,9,4524,,,,7,14994,,,,30,16119,,,,8,1964,,,,27,22773,,,,5,20910,,,,13,32221,,,,,,,,,,,,,,,,,,,,,,,,,,,,,,,,,,,,,,,,,,,
173716,4-Sep-18,15:32:14,2018-09-04 15:32:14,G,1,6,5186,749,0,7,-62.7134,-60.4564,32:19.4,FastGPS,-62.7134,-60.4564,,,11.9,-0.6,,,,15,15,25341,,,,30,17962,,,,5,24371,,,,13,2952,,,,7,10736,,,,21,3060,,,,9,30382,,,,,,,,,,,,,,,,,,,,,,,,,,,,,,,,,,,,,,,,,,,
173716,4-Sep-18,17:38:48,2018-09-04 17:38:48,G,1,6,5190,,0,9,-62.6712,-60.5604,38:53.9,FastGPS,-62.6712,-60.5604,,,10.1,-0.1,,,,15,17,618,,,,11,23160,,,,18,7015,,,,10,28272,,,,30,1386,,,,13,19404,,,,8,20410,,,,28,12249,,,,1,6314,,,,,,,,,,,,,,,,,,,,,,,,,,,,,,,,,
173716,4-Sep-18,18:15:08,2018-09-04 18:15:08,G,1,6,5191,,0,9,-62.6571,-60.5432,15:13.4,FastGPS,-62.6571,-60.5432,,,7.4,-0.6,,,,15,13,15032,,,,15,12994,,,,28,27984,,,,17,19156,,,,30,9376,,,,24,275,,,,19,1053,,,,10,16877,,,,1,16681,,,,,,,,,,,,,,,,,,,,,,,,,,,,,,,,,
173716,4-Sep-18,18:45:00,2018-09-04 18:45:00,G,2,6,5192,749,0,7,-62.6668,-60.5563,45:05.9,FastGPS,-62.6668,-60.5563,,,5.6,-0.1,,,,15,15,14206,,,,13,4914,,,,19,32203,,,,17,10560,,,,12,19638,,,,24,5751,,,,10,20751,,,,,,,,,,,,,,,,,,,,,,,,,,,,,,,,,,,,,,,,,,,
173716,4-Sep-18,19:15:55,2018-09-04 19:15:55,G,2,6,5193,,0,9,-62.6675,-60.5578,16:00.4,FastGPS,-62.6675,-60.5578,,,13.4,-0.6,,,,15,28,11786,,,,15,22950,,,,17,3628,,,,12,13573,,,,1,13090,,,,11,32714,,,,24,725,,,,32,10560,,,,19,23096,,,,,,,,,,,,,,,,,,,,,,,,,,,,,,,,,
173716,4-Sep-18,19:46:02,2018-09-04 19:46:02,G,1,6,5194,749,0,6,-62.6675,-60.5576,46:07.9,FastGPS,-62.6675,-60.5576,,,15.3,-0.1,,,,15,12,10858,,,,15,27762,,,,6,17209,,,,17,32230,,,,1,26796,,,,24,13310,,,,,,,,,,,,,,,,,,,,,,,,,,,,,,,,,,,,,,,,,,,,,,,,
173716,4-Sep-18,23:49:29,2018-09-04 23:49:29,G,1,6,5201,750,0,5,-62.6563,-60.6068,49:34.0,FastGPS,-62.6563,-60.6068,,,3.6,-1,,,,15,29,18872,,,,2,6568,,,,31,1150,,,,4,8248,,,,25,14627,,,,,,,,,,,,,,,,,,,,,,,,,,,,,,,,,,,,,,,,,,,,,,,,,,,,,
173716,5-Sep-18,13:48:00,2018-09-05 13:48:00,G,1,6,5216,761,0,8,-62.6838,-60.5802,48:05.9,FastGPS,-62.6838,-60.5802,,,9.6,-0.1,,,,15,7,31567,,,,5,1668,,,,30,29868,,,,9,18513,,,,23,26076,,,,2,4138,,,,16,26694,,,,27,16272,,,,,,,,,,,,,,,,,,,,,,,,,,,,,,,,,,,,,,
173716,5-Sep-18,14:19:23,2018-09-05 14:19:23,G,2,6,5217,761,0,4,-62.832,-60.421,9/6/2018 4:06,A,-62.6822,-60.5729,,,0.9,0.4,,,,15,5,32632,,,,30,2196,,,,7,14764,,,,27,16140,,,,,,,,,,,,,,,,,,,,,,,,,,,,,,,,,,,,,,,,,,,,,,,,,,,,,,,,,,
173716,5-Sep-18,15:33:28,2018-09-05 15:33:28,G,1,6,5218,,0,9,-62.6857,-60.5758,33:34.0,FastGPS,-62.6857,-60.5758,,,13.8,0,,,,15,5,21668,,,,28,30738,,,,13,28449,,,,7,1611,,,,30,25206,,,,15,24664,,,,27,12567,,,,21,7876,,,,9,12770,,,,,,,,,,,,,,,,,,,,,,,,,,,,,,,,,
173716,5-Sep-18,16:05:34,2018-09-05 16:05:34,G,2,6,5219,763,0,6,-62.6909,-60.5799,05:39.4,FastGPS,-62.6909,-60.5799,,,7.4,-0.6,,,,15,7,4706,,,,8,30924,,,,30,16729,,,,13,1432,,,,27,13757,,,,15,22570,,,,,,,,,,,,,,,,,,,,,,,,,,,,,,,,,,,,,,,,,,,,,,,,
173716,5-Sep-18,16:41:40,2018-09-05 16:41:40,G,2,6,5220,763,0,6,-62.692,-60.5845,41:45.0,FastGPS,-62.692,-60.5845,,,11.9,-1,,,,15,30,8428,,,,15,67,,,,28,23416,,,,5,11450,,,,13,18252,,,,7,20266,,,,,,,,,,,,,,,,,,,,,,,,,,,,,,,,,,,,,,,,,,,,,,,,
173716,5-Sep-18,17:12:33,2018-09-05 17:12:33,G,1,6,5221,763,0,8,-62.6965,-60.5941,12:38.4,FastGPS,-62.6965,-60.5941,,,12.8,-0.6,,,,15,15,15999,,,,30,3995,,,,24,6315,,,,20,23440,,,,17,5630,,,,28,11874,,,,13,4922,,,,10,14866,,,,,,,,,,,,,,,,,,,,,,,,,,,,,,,,,,,,,,
173716,5-Sep-18,18:41:57,2018-09-05 18:41:57,G,1,6,5222,,0,9,-62.7356,-60.6055,42:01.9,FastGPS,-62.7356,-60.6055,,,12,-1.1,,,,15,12,8410,,,,10,5345,,,,15,29545,,,,20,11100,,,,19,20028,,,,24,26503,,,,28,7015,,,,17,29787,,,,13,17234,,,,,,,,,,,,,,,,,,,,,,,,,,,,,,,,,
173716,5-Sep-18,19:13:07,2018-09-05 19:13:07,G,1,6,5223,,0,9,-62.7523,-60.6109,13:11.9,FastGPS,-62.7523,-60.6109,,,8,-1.1,,,,15,32,2614,,,,17,22192,,,,10,12029,,,,1,31724,,,,18,30234,,,,28,24454,,,,11,15526,,,,19,11502,,,,12,3960,,,,,,,,,,,,,,,,,,,,,,,,,,,,,,,,,
173716,5-Sep-18,20:31:00,2018-09-05 20:31:00,G,1,6,5225,,0,9,-62.7692,-60.6066,31:04.9,FastGPS,-62.7692,-60.6066,,,5.6,-1.1,,,,15,17,14207,,,,19,16708,,,,32,17659,,,,12,25409,,,,14,14698,,,,25,30584,,,,6,31347,,,,24,19689,,,,3,6685,,,,,,,,,,,,,,,,,,,,,,,,,,,,,,,,,
173716,5-Sep-18,21:01:45,2018-09-05 21:01:45,G,2,6,5226,766,0,7,-62.7801,-60.6081,01:49.9,FastGPS,-62.7801,-60.6081,,,10.5,-1.1,,,,15,32,1120,,,,12,17966,,,,14,1142,,,,25,6269,,,,24,23078,,,,6,31614,,,,19,15149,,,,,,,,,,,,,,,,,,,,,,,,,,,,,,,,,,,,,,,,,,,
173716,5-Sep-18,21:35:07,2018-09-05 21:35:07,G,2,6,5227,,0,9,-62.7861,-60.6078,35:12.5,FastGPS,-62.7861,-60.6078,,,9,-0.6,,,,15,32,29536,,,,6,19852,,,,14,2238,,,,25,2584,,,,12,5756,,,,19,4065,,,,31,25082,,,,29,22793,,,,24,15556,,,,,,,,,,,,,,,,,,,,,,,,,,,,,,,,,
173716,5-Sep-18,22:20:00,2018-09-05 22:20:00,G,2,6,5228,767,1,6,-62.794,-60.597,20:05.9,FastGPS,-62.794,-60.597,,,5,-0.1,,,,15,29,19798,,,,12,26151,,,,2,24121,,,,19,18487,,,,25,17572,,,,6,28112,,,,,,,,,,,,,,,,,,,,,,,,,,,,,,,,,,,,,,,,,,,,,,,,
173716,6-Sep-18,7:07:46,2018-09-06 07:07:46,G,2,6,5229,,0,9,-62.8498,-60.2968,07:51.0,FastGPS,-62.8498,-60.2968,,,12.1,-1,,,,15,32,3828,,,,17,12568,,,,10,24565,,,,24,10119,,,,11,23224,,,,28,24638,,,,18,12512,,,,1,11506,,,,14,13940,,,,,,,,,,,,,,,,,,,,,,,,,,,,,,,,,
173716,6-Sep-18,7:42:48,2018-09-06 07:42:48,G,1,6,5230,767,0,8,-62.8622,-60.3091,42:53.4,FastGPS,-62.8622,-60.3091,,,8.7,-0.6,,,,15,17,21162,,,,32,24836,,,,22,26394,,,,18,9616,,,,3,17396,,,,1,25399,,,,14,29371,,,,11,21711,,,,,,,,,,,,,,,,,,,,,,,,,,,,,,,,,,,,,,
173716,6-Sep-18,8:14:33,2018-09-06 08:14:33,G,1,6,5231,767,0,7,-62.8773,-60.3068,14:39.0,FastGPS,-62.8773,-60.3068,,,2.9,0,,,,15,17,25599,,,,32,21175,,,,3,7517,,,,1,10710,,,,14,4550,,,,22,7967,,,,11,2307,,,,,,,,,,,,,,,,,,,,,,,,,,,,,,,,,,,,,,,,,,,
173716,6-Sep-18,8:48:22,2018-09-06 08:48:22,G,1,6,5232,767,0,8,-62.8859,-60.3221,48:27.0,FastGPS,-62.8859,-60.3221,,,10.9,-1,,,,15,18,6665,,,,11,24940,,,,3,27970,,,,31,25506,,,,17,23698,,,,1,28712,,,,23,32341,,,,22,1284,,,,,,,,,,,,,,,,,,,,,,,,,,,,,,,,,,,,,,
173716,6-Sep-18,9:21:57,2018-09-06 09:21:57,G,1,6,5233,,0,9,-62.894,-60.3529,22:01.9,FastGPS,-62.894,-60.3529,,,5.1,-1.1,,,,15,1,19447,,,,3,412,,,,22,490,,,,11,10392,,,,12,10541,,,,31,15353,,,,18,17299,,,,17,13722,,,,23,9381,,,,,,,,,,,,,,,,,,,,,,,,,,,,,,,,,
173716,6-Sep-18,9:55:26,2018-09-06 09:55:26,G,1,6,5234,767,0,8,-62.8925,-60.3975,55:30.9,FastGPS,-62.8925,-60.3975,,,5.6,-1.1,,,,15,31,1466,,,,6,30569,,,,23,10432,,,,3,10782,,,,22,760,,,,19,10466,,,,1,19282,,,,12,17627,,,,,,,,,,,,,,,,,,,,,,,,,,,,,,,,,,,,,,
173716,6-Sep-18,15:11:44,2018-09-06 15:11:44,G,1,6,5244,767,0,7,-62.8766,-60.565,11:49.4,FastGPS,-62.8766,-60.565,,,9.2,-0.6,,,,15,9,11152,,,,5,5680,,,,7,4877,,,,30,7072,,,,28,24289,,,,8,32378,,,,13,19481,,,,,,,,,,,,,,,,,,,,,,,,,,,,,,,,,,,,,,,,,,,
173716,6-Sep-18,15:46:09,2018-09-06 15:46:09,G,2,6,5245,767,0,6,-62.8801,-60.6007,46:15.0,FastGPS,-62.8801,-60.6007,,,6.8,0,,,,15,13,8355,,,,5,6994,,,,15,32068,,,,7,6396,,,,28,2177,,,,30,11752,,,,,,,,,,,,,,,,,,,,,,,,,,,,,,,,,,,,,,,,,,,,,,,,
173716,6-Sep-18,16:17:20,2018-09-06 16:17:20,G,1,6,5246,767,0,5,-62.8739,-60.6196,17:25.0,FastGPS,-62.8739,-60.6196,,,4,-1,,,,15,7,11562,,,,13,2169,,,,28,11365,,,,30,26860,,,,27,13268,,,,,,,,,,,,,,,,,,,,,,,,,,,,,,,,,,,,,,,,,,,,,,,,,,,,,
173716,6-Sep-18,16:49:15,2018-09-06 16:49:15,G,1,6,5247,,0,9,-62.865,-60.6323,49:21.4,FastGPS,-62.865,-60.6323,,,7.9,0.4,,,,15,7,11380,,,,17,17052,,,,15,15724,,,,28,17587,,,,13,31236,,,,30,17958,,,,11,24399,,,,8,21872,,,,18,1004,,,,,,,,,,,,,,,,,,,,,,,,,,,,,,,,,
173716,6-Sep-18,17:19:00,2018-09-06 17:19:00,G,1,6,5248,,0,9,-62.8642,-60.6244,19:05.9,FastGPS,-62.8642,-60.6244,,,6.9,-0.1,,,,15,15,29563,,,,13,16212,,,,17,17829,,,,28,706,,,,10,9684,,,,11,22360,,,,30,23041,,,,8,9080,,,,18,27135,,,,,,,,,,,,,,,,,,,,,,,,,,,,,,,,,
173716,6-Sep-18,18:22:41,2018-09-06 18:22:41,G,1,6,5250,,0,9,-62.8678,-60.6035,22:46.5,FastGPS,-62.8678,-60.6035,,,15.2,-0.5,,,,15,15,7652,,,,12,21044,,,,24,32712,,,,19,10811,,,,20,2218,,,,17,12047,,,,10,486,,,,11,15062,,,,30,13846,,,,,,,,,,,,,,,,,,,,,,,,,,,,,,,,,
173716,6-Sep-18,19:56:09,2018-09-06 19:56:09,G,1,6,5253,767,0,6,-62.87,-60.5908,56:15.0,FastGPS,-62.87,-60.5908,,,12.3,0,,,,15,32,7246,,,,12,19830,,,,15,1732,,,,25,30143,,,,24,28578,,,,1,6394,,,,,,,,,,,,,,,,,,,,,,,,,,,,,,,,,,,,,,,,,,,,,,,,
173716,6-Sep-18,21:29:00,2018-09-06 21:29:00,G,1,6,5256,767,0,7,-62.8717,-60.5604,29:06.0,FastGPS,-62.8717,-60.5604,,,2.5,0,,,,15,32,25564,,,,24,14210,,,,29,3392,,,,2,4145,,,,31,7306,,,,14,27430,,,,25,20836,,,,,,,,,,,,,,,,,,,,,,,,,,,,,,,,,,,,,,,,,,,
173716,7-Sep-18,9:32:56,2018-09-07 09:32:56,G,1,6,5258,,0,9,-62.8877,-60.1752,33:01.0,FastGPS,-62.8877,-60.1752,,,10.1,-1,,,,15,17,2409,,,,23,8120,,,,19,25810,,,,31,506,,,,32,18553,,,,9,32692,,,,1,31762,,,,14,18277,,,,6,30428,,,,,,,,,,,,,,,,,,,,,,,,,,,,,,,,,
173716,7-Sep-18,11:07:06,2018-09-07 11:07:06,G,1,6,5261,768,0,8,-62.8975,-60.2101,07:11.0,FastGPS,-62.8975,-60.2101,,,7.8,-1,,,,15,23,16951,,,,9,31616,,,,4,5444,,,,31,3154,,,,26,5886,,,,6,21010,,,,3,23298,,,,22,2745,,,,,,,,,,,,,,,,,,,,,,,,,,,,,,,,,,,,,,
173716,7-Sep-18,11:38:08,2018-09-07 11:38:08,G,1,6,5262,,0,9,-62.9042,-60.23,38:13.5,FastGPS,-62.9042,-60.23,,,8.7,-0.5,,,,15,16,26390,,,,9,1995,,,,3,2856,,,,23,32150,,,,29,31825,,,,31,7939,,,,26,28671,,,,6,21204,,,,22,13736,,,,,,,,,,,,,,,,,,,,,,,,,,,,,,,,,
173716,7-Sep-18,14:12:00,2018-09-07 14:12:00,G,1,6,5267,,0,9,-62.9171,-60.2974,12:06.0,FastGPS,-62.9171,-60.2974,,,6.1,0,,,,15,27,139,,,,8,11915,,,,7,26514,,,,5,12236,,,,9,20272,,,,30,14672,,,,23,18793,,,,21,32727,,,,16,21534,,,,,,,,,,,,,,,,,,,,,,,,,,,,,,,,,
173716,7-Sep-18,14:42:00,2018-09-07 14:42:00,G,1,6,5268,,1,9,-62.9226,-60.2765,42:06.0,FastGPS,-62.9226,-60.2765,,,7.5,0,,,,15,7,27860,,,,8,24516,,,,30,12439,,,,16,7254,,,,27,23671,,,,5,26056,,,,21,6331,,,,13,17094,,,,9,27347,,,,,,,,,,,,,,,,,,,,,,,,,,,,,,,,,
173716,7-Sep-18,19:52:21,2018-09-07 19:52:21,G,1,6,5278,768,0,6,-62.8049,-60.1902,52:26.5,FastGPS,-62.8049,-60.1902,,,16.1,-0.5,,,,15,17,8980,,,,12,13289,,,,24,22277,,,,19,25866,,,,15,27186,,,,22,20978,,,,,,,,,,,,,,,,,,,,,,,,,,,,,,,,,,,,,,,,,,,,,,,,
173716,7-Sep-18,20:54:29,2018-09-07 20:54:29,G,2,6,5280,768,0,6,-62.7946,-60.1756,54:34.5,FastGPS,-62.7946,-60.1756,,,15,-0.5,,,,15,12,27239,,,,19,24023,,,,6,11530,,,,25,17316,,,,17,9353,,,,24,28812,,,,,,,,,,,,,,,,,,,,,,,,,,,,,,,,,,,,,,,,,,,,,,,,
173716,7-Sep-18,23:58:21,2018-09-07 23:58:21,G,1,6,5286,,0,9,-62.762,-60.3023,58:26.0,FastGPS,-62.762,-60.3023,,,11.4,-1,,,,15,31,11711,,,,4,20705,,,,25,29154,,,,29,14290,,,,12,10456,,,,5,21268,,,,26,824,,,,23,23655,,,,9,22996,,,,,,,,,,,,,,,,,,,,,,,,,,,,,,,,,
173716,8-Sep-18,2:05:14,2018-09-08 02:05:14,G,2,6,5290,768,0,8,-62.7535,-60.3436,05:20.0,FastGPS,-62.7535,-60.3436,,1,4,0,,,,15,5,29958,,,,4,29077,,,,26,19542,,,,20,19650,,,,29,28408,,,,16,20417,,,,7,28124,,,,21,27349,,,,,,,,,,,,,,,,,,,,,,,,,,,,,,,,,,,,,,
173716,8-Sep-18,6:42:23,2018-09-08 06:42:23,G,1,6,5299,768,0,5,-62.7519,-60.3456,42:29.0,FastGPS,-62.7519,-60.3456,,,3.9,0,,,,15,32,26161,,,,14,26119,,,,1,28891,,,,10,25948,,,,11,12996,,,,,,,,,,,,,,,,,,,,,,,,,,,,,,,,,,,,,,,,,,,,,,,,,,,,,
173716,8-Sep-18,7:43:16,2018-09-08 07:43:16,G,1,6,5301,768,0,7,-62.7522,-60.345,43:22.5,FastGPS,-62.7522,-60.345,,,7.3,0.5,,,,15,31,18386,,,,11,13608,,,,3,21708,,,,14,6152,,,,8,19710,,,,22,20732,,,,32,11750,,,,,,,,,,,,,,,,,,,,,,,,,,,,,,,,,,,,,,,,,,,
173716,8-Sep-18,9:03:11,2018-09-08 09:03:11,G,1,6,5303,,0,9,-62.7521,-60.3446,03:17.0,FastGPS,-62.7521,-60.3446,,,11.6,0,,,,15,31,28076,,,,17,2958,,,,11,18932,,,,1,18578,,,,14,13508,,,,22,8856,,,,18,28566,,,,23,25276,,,,3,17845,,,,,,,,,,,,,,,,,,,,,,,,,,,,,,,,,
173716,8-Sep-18,13:59:02,2018-09-08 13:59:02,G,1,6,5312,770,0,5,-62.7066,-60.3852,59:08.5,FastGPS,-62.7066,-60.3852,,,1.1,0.5,,,,15,7,29457,,,,5,392,,,,30,24920,,,,9,22043,,,,23,31084,,,,,,,,,,,,,,,,,,,,,,,,,,,,,,,,,,,,,,,,,,,,,,,,,,,,,
173716,8-Sep-18,14:31:44,2018-09-08 14:31:44,G,1,6,5313,770,0,8,-62.7098,-60.3892,31:50.0,FastGPS,-62.7098,-60.3892,,,3.6,0,,,,15,5,28606,,,,9,23140,,,,30,4778,,,,8,4470,,,,7,6247,,,,27,14952,,,,13,25998,,,,28,20646,,,,,,,,,,,,,,,,,,,,,,,,,,,,,,,,,,,,,,
173716,8-Sep-18,15:36:41,2018-09-08 15:36:41,G,1,6,5315,770,0,6,-62.7037,-60.3765,36:47.5,FastGPS,-62.7037,-60.3765,,,10.2,0.5,,,,15,28,4330,,,,13,10092,,,,7,17658,,,,5,17280,,,,8,7522,,,,30,19602,,,,,,,,,,,,,,,,,,,,,,,,,,,,,,,,,,,,,,,,,,,,,,,,
173716,8-Sep-18,16:09:53,2018-09-08 16:09:53,G,1,6,5316,770,0,7,-62.7033,-60.3761,09:59.5,FastGPS,-62.7033,-60.3761,,,9.6,0.5,,,,15,5,12387,,,,7,27446,,,,30,11641,,,,13,20770,,,,28,32686,,,,15,13489,,,,8,15990,,,,,,,,,,,,,,,,,,,,,,,,,,,,,,,,,,,,,,,,,,,
173716,8-Sep-18,20:05:46,2018-09-08 20:05:46,G,3,6,5323,771,0,7,-62.7001,-60.3731,05:52.0,FastGPS,-62.7001,-60.3731,,,18.1,0,,,,15,12,2162,,,,17,31515,,,,6,25180,,,,19,78,,,,14,10675,,,,32,7492,,,,25,12808,,,,,,,,,,,,,,,,,,,,,,,,,,,,,,,,,,,,,,,,,,,
173716,8-Sep-18,21:07:56,2018-09-08 21:07:56,G,1,6,5325,,0,9,-62.722,-60.435,08:02.0,FastGPS,-62.722,-60.435,,,13,0,,,,15,12,28694,,,,32,12763,,,,25,8433,,,,19,4572,,,,29,533,,,,17,18394,,,,31,3955,,,,6,30296,,,,14,20412,,,,,,,,,,,,,,,,,,,,,,,,,,,,,,,,,
173716,9-Sep-18,1:03:00,2018-09-09 01:03:00,G,1,6,5331,774,0,6,-62.6764,-60.4239,03:06.0,FastGPS,-62.6764,-60.4239,,,4.4,0,,,,15,5,153,,,,4,878,,,,21,8248,,,,29,11440,,,,25,2946,,,,16,32626,,,,,,,,,,,,,,,,,,,,,,,,,,,,,,,,,,,,,,,,,,,,,,,,
173716,9-Sep-18,6:12:01,2018-09-09 06:12:01,G,1,6,5338,,0,9,-62.6603,-60.3993,12:07.0,FastGPS,-62.6603,-60.3993,,,4.7,0,,,,15,27,4680,,,,8,19104,,,,14,24782,,,,10,19484,,,,11,11793,,,,18,3396,,,,32,17875,,,,20,15978,,,,1,8814,,,,,,,,,,,,,,,,,,,,,,,,,,,,,,,,,
173716,9-Sep-18,8:46:19,2018-09-09 08:46:19,G,1,6,5343,777,0,8,-62.6289,-60.4364,46:25.0,FastGPS,-62.6289,-60.4364,,,17.2,0,,,,15,18,1077,,,,31,18212,,,,12,32040,,,,22,508,,,,1,6246,,,,11,21624,,,,17,10560,,,,3,15112,,,,,,,,,,,,,,,,,,,,,,,,,,,,,,,,,,,,,,
173716,9-Sep-18,11:52:00,2018-09-09 11:52:00,G,1,6,5349,777,0,8,-62.6422,-60.5346,52:06.5,FastGPS,-62.6422,-60.5346,,1,13.5,0.5,,,,15,3,1792,,,,7,25935,,,,9,27286,,,,6,1204,,,,23,23649,,,,4,24668,,,,16,21795,,,,26,2282,,,,,,,,,,,,,,,,,,,,,,,,,,,,,,,,,,,,,,
173716,9-Sep-18,16:01:25,2018-09-09 16:01:25,G,1,6,5357,777,0,7,-62.655,-60.5548,01:31.5,FastGPS,-62.655,-60.5548,,,6.9,0.5,,,,15,7,19871,,,,8,26248,,,,27,14850,,,,28,28162,,,,30,28102,,,,5,5487,,,,13,22912,,,,,,,,,,,,,,,,,,,,,,,,,,,,,,,,,,,,,,,,,,,
173716,9-Sep-18,16:31:43,2018-09-09 16:31:43,G,1,6,5358,777,0,8,-62.6545,-60.5531,31:49.5,FastGPS,-62.6545,-60.5531,,,8.7,0.5,,,,15,7,10073,,,,28,19722,,,,8,6648,,,,15,5074,,,,30,9513,,,,11,19516,,,,13,6577,,,,18,23922,,,,,,,,,,,,,,,,,,,,,,,,,,,,,,,,,,,,,,
173716,9-Sep-18,19:34:00,2018-09-09 19:34:00,G,1,6,5364,777,0,7,-62.6471,-60.549,34:06.0,FastGPS,-62.6471,-60.549,,,6.4,0,,,,15,12,19289,,,,6,4778,,,,15,11111,,,,24,29906,,,,32,10449,,,,19,22584,,,,17,32586,,,,,,,,,,,,,,,,,,,,,,,,,,,,,,,,,,,,,,,,,,,
173716,9-Sep-18,20:34:20,2018-09-09 20:34:20,G,1,6,5366,777,0,8,-62.6468,-60.5485,34:26.0,FastGPS,-62.6468,-60.5485,,,8.9,0,,,,15,32,28260,,,,17,6124,,,,14,3400,,,,25,19632,,,,12,28739,,,,19,27624,,,,6,29510,,,,24,12746,,,,,,,,,,,,,,,,,,,,,,,,,,,,,,,,,,,,,,
173716,9-Sep-18,21:34:00,2018-09-09 21:34:00,G,1,6,5368,,0,9,-62.6473,-60.549,34:06.0,FastGPS,-62.6473,-60.549,,,12.1,0,,,,15,29,8853,,,,32,30540,,,,2,27667,,,,14,30330,,,,31,1986,,,,25,19088,,,,12,2660,,,,24,25254,,,,3,8842,,,,,,,,,,,,,,,,,,,,,,,,,,,,,,,,,
173716,9-Sep-18,23:06:42,2018-09-09 23:06:42,G,3,6,5371,777,0,7,-62.647,-60.5488,06:48.5,FastGPS,-62.647,-60.5488,,,5.3,0.5,,,,15,25,9959,,,,4,4610,,,,23,3382,,,,2,7992,,,,29,29890,,,,31,23883,,,,26,23545,,,,,,,,,,,,,,,,,,,,,,,,,,,,,,,,,,,,,,,,,,,
173716,9-Sep-18,23:37:54,2018-09-09 23:37:54,G,1,6,5372,777,0,8,-62.6463,-60.5543,38:00.5,FastGPS,-62.6463,-60.5543,,,8.9,0.5,,,,15,29,3430,,,,5,14365,,,,31,30856,,,,25,30643,,,,2,20069,,,,4,12146,,,,26,16387,,,,12,1036,,,,,,,,,,,,,,,,,,,,,,,,,,,,,,,,,,,,,,
173716,10-Sep-18,0:08:49,2018-09-10 00:08:49,G,1,6,5373,,0,9,-62.6494,-60.5724,08:55.0,FastGPS,-62.6494,-60.5724,,1,11.2,0,,,,15,31,10792,,,,5,7644,,,,26,9801,,,,25,6090,,,,23,1236,,,,21,8831,,,,29,25426,,,,4,15316,,,,2,14104,,,,,,,,,,,,,,,,,,,,,,,,,,,,,,,,,
173716,10-Sep-18,0:39:14,2018-09-10 00:39:14,G,1,6,5374,,0,9,-62.6509,-60.578,39:19.5,FastGPS,-62.6509,-60.578,,1,8.5,-0.5,,,,15,5,32003,,,,16,22852,,,,26,10084,,,,9,11624,,,,21,18651,,,,29,16024,,,,31,24773,,,,25,29060,,,,4,22014,,,,,,,,,,,,,,,,,,,,,,,,,,,,,,,,,
173716,10-Sep-18,1:39:23,2018-09-10 01:39:23,G,2,6,5376,777,0,7,-62.6549,-60.5895,39:29.0,FastGPS,-62.6549,-60.5895,,,6.9,0,,,,15,27,31060,,,,16,7577,,,,7,29912,,,,5,27739,,,,29,11742,,,,26,30008,,,,4,20741,,,,,,,,,,,,,,,,,,,,,,,,,,,,,,,,,,,,,,,,,,,
173716,10-Sep-18,6:02:40,2018-09-10 06:02:40,G,1,6,5384,,0,9,-62.6581,-60.6268,02:46.5,FastGPS,-62.6581,-60.6268,,,12.3,0.5,,,,15,32,31402,,,,24,24087,,,,8,28721,,,,27,23424,,,,1,17284,,,,10,28180,,,,18,21171,,,,14,28352,,,,11,29366,,,,,,,,,,,,,,,,,,,,,,,,,,,,,,,,,
173716,10-Sep-18,9:53:05,2018-09-10 09:53:05,G,1,6,5391,,0,9,-62.6564,-60.6173,53:11.0,FastGPS,-62.6564,-60.6173,,,10.2,0,,,,15,1,28224,,,,22,31882,,,,23,28218,,,,6,11831,,,,19,26526,,,,17,13854,,,,31,28589,,,,9,21525,,,,12,15474,,,,,,,,,,,,,,,,,,,,,,,,,,,,,,,,,
173716,10-Sep-18,14:26:53,2018-09-10 14:26:53,G,1,6,5400,,0,9,-62.649,-60.5191,26:59.5,FastGPS,-62.649,-60.5191,,,9.2,0.5,,,,15,27,9336,,,,8,5974,,,,21,23431,,,,5,19477,,,,7,24130,,,,16,7685,,,,9,30885,,,,30,1426,,,,13,30842,,,,,,,,,,,,,,,,,,,,,,,,,,,,,,,,,
173716,10-Sep-18,15:59:58,2018-09-10 15:59:58,G,2,6,5403,,0,9,-62.6445,-60.5098,00:04.0,FastGPS,-62.6445,-60.5098,,,16.4,0,,,,15,7,6466,,,,28,720,,,,30,20496,,,,13,24222,,,,15,11351,,,,8,21910,,,,11,13144,,,,27,4948,,,,20,1828,,,,,,,,,,,,,,,,,,,,,,,,,,,,,,,,,
173716,10-Sep-18,16:30:54,2018-09-10 16:30:54,G,1,6,5404,779,0,8,-62.6475,-60.5208,31:00.5,FastGPS,-62.6475,-60.5208,,,10.8,0.5,,,,15,7,25424,,,,30,30008,,,,17,15076,,,,13,4160,,,,5,21305,,,,15,11912,,,,8,29416,,,,28,21314,,,,,,,,,,,,,,,,,,,,,,,,,,,,,,,,,,,,,,
173716,10-Sep-18,18:01:48,2018-09-10 18:01:48,G,1,6,5407,,0,9,-62.6429,-60.5017,01:54.0,FastGPS,-62.6429,-60.5017,,,8.6,0,,,,15,18,31441,,,,17,10546,,,,20,19539,,,,28,11976,,,,10,7675,,,,24,27354,,,,15,23350,,,,1,28177,,,,11,28619,,,,,,,,,,,,,,,,,,,,,,,,,,,,,,,,,
173716,10-Sep-18,18:33:33,2018-09-10 18:33:33,G,2,6,5408,779,0,8,-62.6409,-60.495,33:39.5,FastGPS,-62.6409,-60.495,,,9.3,0.5,,,,15,15,31436,,,,12,22222,,,,19,25270,,,,28,17593,,,,13,26376,,,,17,12657,,,,1,1578,,,,18,3078,,,,,,,,,,,,,,,,,,,,,,,,,,,,,,,,,,,,,,
173716,11-Sep-18,1:08:04,2018-09-11 01:08:04,G,1,6,5420,781,0,6,-62.6463,-60.5725,08:10.5,FastGPS,-62.6463,-60.5725,,,5.8,0.5,,,,15,21,22272,,,,29,3356,,,,4,24457,,,,26,9896,,,,16,5066,,,,5,14701,,,,,,,,,,,,,,,,,,,,,,,,,,,,,,,,,,,,,,,,,,,,,,,,
173716,11-Sep-18,4:43:27,2018-09-11 04:43:27,G,1,6,5426,,0,9,-62.6548,-60.5842,43:33.5,FastGPS,-62.6548,-60.5842,,,4,0.5,,,,15,15,23727,,,,28,16108,,,,20,20251,,,,10,30572,,,,32,9993,,,,11,3005,,,,13,16215,,,,30,10337,,,,18,482,,,,,,,,,,,,,,,,,,,,,,,,,,,,,,,,,
173716,11-Sep-18,5:43:02,2018-09-11 05:43:02,G,2,6,5428,,0,9,-62.6548,-60.584,43:07.5,FastGPS,-62.6548,-60.584,,,13.7,-0.5,,,,15,32,9175,,,,11,16234,,,,27,16068,,,,1,11635,,,,18,9305,,,,8,22479,,,,14,11666,,,,15,20506,,,,24,29650,,,,,,,,,,,,,,,,,,,,,,,,,,,,,,,,,
173716,11-Sep-18,12:07:46,2018-09-11 12:07:46,G,1,6,5440,,0,9,-62.6724,-60.7352,07:51.0,FastGPS,-62.6724,-60.7352,,1,6.6,-1,,,,15,23,27657,,,,2,152,,,,26,21534,,,,7,5572,,,,4,26398,,,,5,6379,,,,9,3334,,,,29,5941,,,,16,7053,,,,,,,,,,,,,,,,,,,,,,,,,,,,,,,,,
173716,11-Sep-18,12:42:45,2018-09-11 12:42:45,G,1,6,5441,,0,9,-62.6926,-60.7082,42:51.5,FastGPS,-62.6926,-60.7082,,,12.1,0.5,,,,15,5,1692,,,,2,17510,,,,23,13851,,,,7,15388,,,,9,16878,,,,16,12584,,,,6,21268,,,,29,14490,,,,26,28748,,,,,,,,,,,,,,,,,,,,,,,,,,,,,,,,,
173716,11-Sep-18,13:46:47,2018-09-11 13:46:47,G,1,6,5443,783,0,8,-62.6742,-60.6799,46:52.5,FastGPS,-62.6742,-60.6799,,,3.4,-0.5,,,,15,7,11899,,,,16,30385,,,,5,16034,,,,9,2272,,,,27,22751,,,,30,8358,,,,23,13274,,,,13,136,,,,,,,,,,,,,,,,,,,,,,,,,,,,,,,,,,,,,,
173716,11-Sep-18,14:18:18,2018-09-11 14:18:18,G,1,6,5444,783,0,7,-62.6554,-60.6754,18:23.5,FastGPS,-62.6554,-60.6754,,,4.3,-0.5,,,,15,5,10889,,,,7,21565,,,,13,4162,,,,30,17650,,,,9,7269,,,,27,25984,,,,8,13529,,,,,,,,,,,,,,,,,,,,,,,,,,,,,,,,,,,,,,,,,,,
173716,11-Sep-18,14:48:00,2018-09-11 14:48:00,G,1,6,5445,783,0,7,-62.6411,-60.6696,48:05.0,FastGPS,-62.6411,-60.6696,,,4.8,-1,,,,15,9,7000,,,,5,26702,,,,30,21146,,,,7,27738,,,,28,24569,,,,13,22714,,,,8,5971,,,,,,,,,,,,,,,,,,,,,,,,,,,,,,,,,,,,,,,,,,,
173716,11-Sep-18,15:19:07,2018-09-11 15:19:07,G,2,6,5446,,0,9,-62.6346,-60.6517,19:13.5,FastGPS,-62.6346,-60.6517,,1,4,0.5,,,,15,15,15072,,,,5,11370,,,,7,12352,,,,30,1080,,,,13,6881,,,,27,14086,,,,28,24930,,,,8,11239,,,,21,10274,,,,,,,,,,,,,,,,,,,,,,,,,,,,,,,,,
173716,11-Sep-18,19:57:15,2018-09-11 19:57:15,G,1,6,5455,783,0,6,-62.6882,-60.4821,57:20.5,FastGPS,-62.6882,-60.4821,,,5.1,-0.5,,,,15,12,18088,,,,32,20612,,,,17,25922,,,,6,13568,,,,24,16204,,,,19,5821,,,,,,,,,,,,,,,,,,,,,,,,,,,,,,,,,,,,,,,,,,,,,,,,
173716,11-Sep-18,21:36:54,2018-09-11 21:36:54,G,1,6,5458,,0,9,-62.6978,-60.4318,36:59.5,FastGPS,-62.6978,-60.4318,,,12.9,-0.5,,,,15,31,7042,,,,12,12680,,,,6,8106,,,,2,24514,,,,19,10346,,,,14,4752,,,,25,2170,,,,3,17836,,,,29,18984,,,,,,,,,,,,,,,,,,,,,,,,,,,,,,,,,
173716,12-Sep-18,1:28:00,2018-09-12 01:28:00,G,1,6,5465,784,0,7,-62.7001,-60.4261,28:05.0,FastGPS,-62.7001,-60.4261,,,5.8,-1,,,,15,5,20738,,,,26,16680,,,,21,14598,,,,4,10154,,,,16,17046,,,,27,32686,,,,20,23856,,,,,,,,,,,,,,,,,,,,,,,,,,,,,,,,,,,,,,,,,,,
173716,12-Sep-18,4:18:44,2018-09-12 04:18:44,G,1,6,5470,,0,9,-62.7027,-60.4308,18:49.5,FastGPS,-62.7027,-60.4308,,,11.5,-0.5,,,,15,20,32478,,,,15,1964,,,,8,7590,,,,13,1156,,,,21,13370,,,,10,19636,,,,16,25036,,,,11,29994,,,,18,28156,,,,,,,,,,,,,,,,,,,,,,,,,,,,,,,,,
173716,12-Sep-18,13:54:21,2018-09-12 13:54:21,G,1,6,5485,791,0,8,-62.7217,-60.4353,54:26.5,FastGPS,-62.7217,-60.4353,,,7.4,-0.5,,,,15,5,21720,,,,30,30474,,,,7,32602,,,,13,8150,,,,9,14646,,,,27,12414,,,,16,17357,,,,21,14040,,,,,,,,,,,,,,,,,,,,,,,,,,,,,,,,,,,,,,
173716,12-Sep-18,14:27:00,2018-09-12 14:27:00,G,1,6,5486,791,0,7,-62.7218,-60.4354,27:05.0,FastGPS,-62.7218,-60.4354,,,9.7,-1,,,,15,8,23116,,,,5,6094,,,,30,2697,,,,7,31707,,,,27,9266,,,,13,20877,,,,16,29798,,,,,,,,,,,,,,,,,,,,,,,,,,,,,,,,,,,,,,,,,,,
173716,12-Sep-18,15:27:56,2018-09-12 15:27:56,G,1,6,5488,791,0,7,-62.7215,-60.4328,28:01.5,FastGPS,-62.7215,-60.4328,,,14.8,-0.5,,,,15,7,26809,,,,5,780,,,,15,1649,,,,13,2029,,,,8,17556,,,,28,7563,,,,30,17080,,,,,,,,,,,,,,,,,,,,,,,,,,,,,,,,,,,,,,,,,,,
173716,12-Sep-18,16:28:41,2018-09-12 16:28:41,G,1,6,5490,791,0,7,-62.7195,-60.4128,28:46.5,FastGPS,-62.7195,-60.4128,,,10.9,-0.5,,,,15,7,16389,,,,13,20785,,,,30,29666,,,,15,14566,,,,11,24904,,,,28,12407,,,,18,4568,,,,,,,,,,,,,,,,,,,,,,,,,,,,,,,,,,,,,,,,,,,
173716,12-Sep-18,19:12:38,2018-09-12 19:12:38,G,1,6,5495,791,0,8,-62.7179,-60.4113,12:44.1,FastGPS,-62.7179,-60.4113,,,12.7,0.1,,,,15,12,19956,,,,17,15692,,,,6,29388,,,,32,16541,,,,19,12858,,,,24,28276,,,,10,8915,,,,28,31687,,,,,,,,,,,,,,,,,,,,,,,,,,,,,,,,,,,,,,
173716,12-Sep-18,19:42:00,2018-09-12 19:42:00,G,1,6,5496,791,0,8,-62.7181,-60.4105,42:05.0,FastGPS,-62.7181,-60.4105,,,7.6,-1,,,,15,17,1810,,,,12,29364,,,,22,28565,,,,24,3684,,,,1,24149,,,,19,16151,,,,32,9530,,,,14,31573,,,,,,,,,,,,,,,,,,,,,,,,,,,,,,,,,,,,,,
173716,12-Sep-18,20:12:34,2018-09-12 20:12:34,G,1,6,5497,791,0,8,-62.718,-60.4105,12:39.5,FastGPS,-62.718,-60.4105,,,14.8,-0.5,,,,15,12,15129,,,,19,11858,,,,32,28298,,,,25,14990,,,,17,13169,,,,24,3656,,,,22,16270,,,,14,15882,,,,,,,,,,,,,,,,,,,,,,,,,,,,,,,,,,,,,,
173716,12-Sep-18,20:42:58,2018-09-12 20:42:58,G,1,6,5498,791,0,7,-62.7189,-60.4101,43:03.0,FastGPS,-62.7189,-60.4101,,,5.2,-1,,,,15,12,384,,,,32,32374,,,,25,19572,,,,6,26356,,,,14,21659,,,,19,2756,,,,2,8594,,,,,,,,,,,,,,,,,,,,,,,,,,,,,,,,,,,,,,,,,,,
173716,12-Sep-18,22:18:10,2018-09-12 22:18:10,G,1,6,5501,791,0,8,-62.7215,-60.4353,18:15.1,FastGPS,-62.7215,-60.4353,,1,3.8,-0.9,,,,15,12,4668,,,,31,24150,,,,6,4666,,,,2,12118,,,,23,17052,,,,4,28786,,,,25,19128,,,,19,20830,,,,,,,,,,,,,,,,,,,,,,,,,,,,,,,,,,,,,,
173716,13-Sep-18,4:52:54,2018-09-13 04:52:54,G,1,6,5513,792,0,7,-62.722,-60.4423,53:00.0,FastGPS,-62.722,-60.4423,,,2.5,0,,,,15,15,8471,,,,10,24485,,,,27,5575,,,,28,2662,,,,8,3142,,,,20,3614,,,,1,4391,,,,,,,,,,,,,,,,,,,,,,,,,,,,,,,,,,,,,,,,,,,
173716,13-Sep-18,5:27:33,2018-09-13 05:27:33,G,1,6,5514,,0,9,-62.721,-60.4413,27:39.1,FastGPS,-62.721,-60.4413,,,6.2,0.1,,,,15,28,9116,,,,20,25423,,,,10,19913,,,,32,29274,,,,18,2646,,,,11,8933,,,,1,26136,,,,14,20777,,,,24,31116,,,,,,,,,,,,,,,,,,,,,,,,,,,,,,,,,
173716,13-Sep-18,5:58:43,2018-09-13 05:58:43,G,1,6,5515,,0,9,-62.7211,-60.4413,58:49.5,FastGPS,-62.7211,-60.4413,,,8.8,0.5,,,,15,32,1132,,,,8,18706,,,,10,19477,,,,11,27647,,,,24,12414,,,,27,32340,,,,18,19010,,,,20,12297,,,,1,30145,,,,,,,,,,,,,,,,,,,,,,,,,,,,,,,,,
173716,13-Sep-18,6:31:20,2018-09-13 06:31:20,G,1,6,5516,792,0,7,-62.7216,-60.4415,31:25.6,FastGPS,-62.7216,-60.4415,,,10.2,-0.4,,,,15,32,6140,,,,14,30164,,,,1,29152,,,,17,17732,,,,18,15362,,,,11,25916,,,,8,21204,,,,,,,,,,,,,,,,,,,,,,,,,,,,,,,,,,,,,,,,,,,
173716,13-Sep-18,10:45:03,2018-09-13 10:45:03,G,1,6,5524,792,0,8,-62.7177,-60.44,45:09.0,FastGPS,-62.7177,-60.44,,,7.5,0,,,,15,31,15359,,,,3,5534,,,,22,15029,,,,23,7416,,,,9,31498,,,,2,25583,,,,6,10620,,,,19,7362,,,,,,,,,,,,,,,,,,,,,,,,,,,,,,,,,,,,,,
173716,13-Sep-18,14:37:24,2018-09-13 14:37:24,G,1,6,5531,793,0,7,-62.7215,-60.4353,37:30.1,FastGPS,-62.7215,-60.4353,,,11.4,0.1,,,,15,30,10297,,,,7,25370,,,,13,4068,,,,8,25025,,,,5,19654,,,,27,11210,,,,21,1241,,,,,,,,,,,,,,,,,,,,,,,,,,,,,,,,,,,,,,,,,,,
173716,13-Sep-18,15:08:24,2018-09-13 15:08:24,G,1,6,5532,793,0,4,-62.639,-60.536,9/14/2018 6:16,A,-62.7218,-60.4351,,,0.5,0.5,,,,15,5,155,,,,13,15054,,,,30,18724,,,,7,4973,,,,,,,,,,,,,,,,,,,,,,,,,,,,,,,,,,,,,,,,,,,,,,,,,,,,,,,,,,
173716,13-Sep-18,18:16:41,2018-09-13 18:16:41,G,1,6,5538,,0,9,-62.7217,-60.4354,16:47.1,FastGPS,-62.7217,-60.4354,,,9.4,0.1,,,,15,17,2678,,,,10,20610,,,,19,5190,,,,28,1914,,,,15,5697,,,,13,9472,,,,12,28733,,,,24,5586,,,,1,28856,,,,,,,,,,,,,,,,,,,,,,,,,,,,,,,,,
173716,13-Sep-18,19:19:41,2018-09-13 19:19:41,G,1,6,5540,793,0,6,-62.7096,-60.4421,19:47.0,FastGPS,-62.7096,-60.4421,,,6.3,0,,,,15,32,11538,,,,17,24224,,,,19,20017,,,,12,19419,,,,15,30618,,,,24,24886,,,,,,,,,,,,,,,,,,,,,,,,,,,,,,,,,,,,,,,,,,,,,,,,
173716,13-Sep-18,20:50:54,2018-09-13 20:50:54,G,1,6,5543,,0,9,-62.6686,-60.4192,51:00.1,FastGPS,-62.6686,-60.4192,,,11.8,0.1,,,,15,3,10491,,,,19,5140,,,,6,10485,,,,31,28198,,,,12,5817,,,,17,10114,,,,2,4069,,,,22,9251,,,,24,24344,,,,,,,,,,,,,,,,,,,,,,,,,,,,,,,,,
173716,13-Sep-18,21:56:28,2018-09-13 21:56:28,G,2,6,5545,793,0,5,-62.6405,-60.4524,56:34.5,FastGPS,-62.6405,-60.4524,,,3.2,0.5,,,,15,12,12441,,,,29,31271,,,,31,31275,,,,25,326,,,,2,15946,,,,,,,,,,,,,,,,,,,,,,,,,,,,,,,,,,,,,,,,,,,,,,,,,,,,,
173716,13-Sep-18,22:27:03,2018-09-13 22:27:03,G,1,6,5546,793,0,7,-62.6379,-60.494,27:09.6,FastGPS,-62.6379,-60.494,,1,4.3,0.6,,,,15,31,27687,,,,29,29636,,,,12,5785,,,,25,28024,,,,4,31569,,,,2,24739,,,,6,2601,,,,,,,,,,,,,,,,,,,,,,,,,,,,,,,,,,,,,,,,,,,
173716,13-Sep-18,22:57:20,2018-09-13 22:57:20,G,1,6,5547,793,0,8,-62.6385,-60.5267,57:26.6,FastGPS,-62.6385,-60.5267,,,13,0.6,,,,15,12,7726,,,,31,9476,,,,4,16298,,,,5,22818,,,,23,26476,,,,29,29187,,,,26,6066,,,,25,15349,,,,,,,,,,,,,,,,,,,,,,,,,,,,,,,,,,,,,,
173716,13-Sep-18,23:42:32,2018-09-13 23:42:32,G,1,6,5548,794,0,7,-62.6416,-60.523,42:37.6,FastGPS,-62.6416,-60.523,,,9.9,-0.4,,,,15,29,28010,,,,5,20278,,,,4,23694,,,,31,5388,,,,26,10260,,,,25,10072,,,,2,21681,,,,,,,,,,,,,,,,,,,,,,,,,,,,,,,,,,,,,,,,,,,
173716,14-Sep-18,2:37:28,2018-09-14 02:37:28,G,1,6,5552,,0,9,-62.6407,-60.4984,37:33.1,FastGPS,-62.6407,-60.4984,,1,9.7,-0.9,,,,15,29,18972,,,,20,17101,,,,10,510,,,,4,1602,,,,15,7561,,,,27,26072,,,,16,21949,,,,26,23671,,,,7,22104,,,,,,,,,,,,,,,,,,,,,,,,,,,,,,,,,
173716,14-Sep-18,8:45:01,2018-09-14 08:45:01,G,1,6,5564,,0,9,-62.6443,-60.5472,45:06.6,FastGPS,-62.6443,-60.5472,,,10.2,-0.4,,,,15,18,11193,,,,17,32250,,,,31,15620,,,,3,3895,,,,1,9688,,,,11,4096,,,,23,31478,,,,12,18966,,,,19,28508,,,,,,,,,,,,,,,,,,,,,,,,,,,,,,,,,
173716,14-Sep-18,11:27:15,2018-09-14 11:27:15,G,1,6,5569,,0,9,-62.6556,-60.592,27:20.1,FastGPS,-62.6556,-60.592,,,7.3,-0.9,,,,15,7,16514,,,,16,20377,,,,6,23778,,,,9,2090,,,,26,12582,,,,31,31105,,,,23,11179,,,,2,7971,,,,29,32514,,,,,,,,,,,,,,,,,,,,,,,,,,,,,,,,,
173716,14-Sep-18,11:57:01,2018-09-14 11:57:01,G,1,6,5570,,0,9,-62.6539,-60.6257,57:06.6,FastGPS,-62.6539,-60.6257,,1,7.2,-0.4,,,,15,6,9016,,,,7,4068,,,,26,11889,,,,5,2848,,,,2,22820,,,,29,29692,,,,4,15565,,,,23,15706,,,,16,1480,,,,,,,,,,,,,,,,,,,,,,,,,,,,,,,,,
173716,14-Sep-18,12:57:02,2018-09-14 12:57:02,G,1,6,5572,797,0,5,-62.6544,-60.619,57:07.7,FastGPS,-62.6544,-60.619,,,10.2,-0.3,,,,15,23,1020,,,,5,28958,,,,7,16296,,,,30,13528,,,,9,27346,,,,,,,,,,,,,,,,,,,,,,,,,,,,,,,,,,,,,,,,,,,,,,,,,,,,,
173716,14-Sep-18,14:32:12,2018-09-14 14:32:12,G,1,6,5575,797,0,6,-62.6558,-60.6205,32:17.1,FastGPS,-62.6558,-60.6205,,,1.8,-0.9,,,,15,5,24590,,,,28,32426,,,,30,12528,,,,13,3378,,,,27,12490,,,,21,2971,,,,,,,,,,,,,,,,,,,,,,,,,,,,,,,,,,,,,,,,,,,,,,,,
173716,14-Sep-18,20:24:06,2018-09-14 20:24:06,G,3,6,5585,800,0,5,-62.655,-60.6012,24:11.1,FastGPS,-62.655,-60.6012,,,9.2,-0.9,,,,15,12,8920,,,,32,26521,,,,2,4092,,,,24,17669,,,,25,30468,,,,,,,,,,,,,,,,,,,,,,,,,,,,,,,,,,,,,,,,,,,,,,,,,,,,,
173716,14-Sep-18,20:54:53,2018-09-14 20:54:53,G,4,6,5586,,0,9,-62.65,-60.6127,54:58.6,FastGPS,-62.65,-60.6127,,,13.4,-0.4,,,,15,22,3864,,,,31,11350,,,,3,19374,,,,6,24545,,,,25,330,,,,14,8768,,,,2,17204,,,,32,10932,,,,29,14151,,,,,,,,,,,,,,,,,,,,,,,,,,,,,,,,,
173716,14-Sep-18,21:26:54,2018-09-14 21:26:54,G,2,6,5587,,0,9,-62.6363,-60.6322,26:59.6,FastGPS,-62.6363,-60.6322,,,12,-0.4,,,,15,29,6116,,,,24,28848,,,,12,17420,,,,31,23597,,,,25,15440,,,,32,21716,,,,2,7086,,,,6,12345,,,,19,8805,,,,,,,,,,,,,,,,,,,,,,,,,,,,,,,,,
173716,14-Sep-18,21:57:04,2018-09-14 21:57:04,G,1,6,5588,800,0,6,-62.6341,-60.6402,57:09.1,FastGPS,-62.6341,-60.6402,,1,14.9,-0.9,,,,15,31,25285,,,,29,29922,,,,12,12212,,,,4,5354,,,,3,8308,,,,25,16516,,,,,,,,,,,,,,,,,,,,,,,,,,,,,,,,,,,,,,,,,,,,,,,,
173716,15-Sep-18,5:10:38,2018-09-15 05:10:38,G,2,6,5600,804,0,7,-62.6552,-60.7394,10:44.1,FastGPS,-62.6552,-60.7394,,,7.8,0.1,,,,15,32,7338,,,,18,22869,,,,27,3557,,,,8,4994,,,,11,28330,,,,14,20928,,,,28,8595,,,,,,,,,,,,,,,,,,,,,,,,,,,,,,,,,,,,,,,,,,,
173716,15-Sep-18,11:22:40,2018-09-15 11:22:40,G,2,6,5611,,0,9,-62.6762,-60.8008,22:46.6,FastGPS,-62.6762,-60.8008,,,10.8,0.6,,,,15,9,10125,,,,6,1322,,,,3,8956,,,,16,26110,,,,23,19984,,,,7,22609,,,,26,19914,,,,2,16874,,,,29,7520,,,,,,,,,,,,,,,,,,,,,,,,,,,,,,,,,
173716,15-Sep-18,14:44:03,2018-09-15 14:44:03,G,1,6,5617,,0,9,-62.7056,-60.8274,44:09.1,FastGPS,-62.7056,-60.8274,,,6.4,0.1,,,,15,7,20016,,,,5,2550,,,,13,29150,,,,21,7625,,,,27,12310,,,,30,20076,,,,28,15649,,,,8,28300,,,,15,12873,,,,,,,,,,,,,,,,,,,,,,,,,,,,,,,,,
173716,15-Sep-18,19:36:36,2018-09-15 19:36:36,G,2,6,5626,807,0,8,-62.7105,-60.8175,36:42.1,FastGPS,-62.7105,-60.8175,,,12.4,0.1,,,,15,17,7634,,,,24,24502,,,,12,10178,,,,32,18224,,,,6,30896,,,,25,25087,,,,22,2376,,,,19,9544,,,,,,,,,,,,,,,,,,,,,,,,,,,,,,,,,,,,,,
173716,15-Sep-18,20:06:04,2018-09-15 20:06:04,G,2,6,5627,,0,9,-62.7106,-60.8186,06:10.6,FastGPS,-62.7106,-60.8186,,,7.3,0.6,,,,15,32,4464,,,,6,25495,,,,19,8151,,,,14,4610,,,,17,26617,,,,25,14948,,,,12,30359,,,,2,570,,,,24,28420,,,,,,,,,,,,,,,,,,,,,,,,,,,,,,,,,
173716,15-Sep-18,21:40:48,2018-09-15 21:40:48,G,1,6,5630,,0,9,-62.7106,-60.8187,40:54.1,FastGPS,-62.7106,-60.8187,,,9,0.1,,,,15,29,5541,,,,31,11999,,,,25,29636,,,,12,790,,,,24,27528,,,,6,32446,,,,2,4861,,,,19,20436,,,,14,20055,,,,,,,,,,,,,,,,,,,,,,,,,,,,,,,,,
173716,15-Sep-18,23:16:10,2018-09-15 23:16:10,G,1,6,5633,,0,9,-62.7107,-60.8182,16:16.6,FastGPS,-62.7107,-60.8182,,,8,0.6,,,,15,2,4588,,,,31,25199,,,,12,19303,,,,4,19048,,,,23,28470,,,,29,3289,,,,26,25379,,,,5,17896,,,,9,5322,,,,,,,,,,,,,,,,,,,,,,,,,,,,,,,,,
173716,15-Sep-18,23:46:04,2018-09-15 23:46:04,G,1,6,5634,807,0,8,-62.7107,-60.8182,46:10.6,FastGPS,-62.7107,-60.8182,,,8.6,0.6,,,,15,5,11361,,,,29,26170,,,,4,21646,,,,31,8812,,,,21,21895,,,,26,17816,,,,25,31008,,,,16,13265,,,,,,,,,,,,,,,,,,,,,,,,,,,,,,,,,,,,,,
173716,16-Sep-18,0:18:30,2018-09-16 00:18:30,G,1,6,5635,807,0,7,-62.7106,-60.8185,18:35.1,FastGPS,-62.7106,-60.8185,,1,3,-0.9,,,,15,26,24854,,,,4,361,,,,31,18218,,,,21,12416,,,,25,15571,,,,29,15784,,,,5,7220,,,,,,,,,,,,,,,,,,,,,,,,,,,,,,,,,,,,,,,,,,,
173716,16-Sep-18,0:50:03,2018-09-16 00:50:03,G,1,6,5636,807,0,7,-62.7052,-60.8283,50:08.6,FastGPS,-62.7052,-60.8283,,,13.6,-0.4,,,,15,21,8662,,,,29,4100,,,,5,20956,,,,16,22489,,,,26,20473,,,,4,32547,,,,25,22955,,,,,,,,,,,,,,,,,,,,,,,,,,,,,,,,,,,,,,,,,,,
173716,16-Sep-18,1:54:14,2018-09-16 01:54:14,G,1,6,5638,,0,9,-62.6974,-60.8653,54:19.6,FastGPS,-62.6974,-60.8653,,1,5.5,-0.4,,,,15,15,25830,,,,29,16411,,,,16,20616,,,,21,3764,,,,5,5841,,,,13,11563,,,,26,19210,,,,4,13834,,,,20,30117,,,,,,,,,,,,,,,,,,,,,,,,,,,,,,,,,
173716,16-Sep-18,2:24:00,2018-09-16 02:24:00,G,3,6,5639,,1,9,-62.6971,-60.8701,24:05.1,FastGPS,-62.6971,-60.8701,,1,15.6,-0.9,,,,15,15,30379,,,,4,31934,,,,20,7915,,,,26,19647,,,,10,14960,,,,16,5394,,,,21,32190,,,,27,17394,,,,29,15730,,,,,,,,,,,,,,,,,,,,,,,,,,,,,,,,,
173716,16-Sep-18,7:27:00,2018-09-16 07:27:00,G,1,6,5640,,0,9,-62.6974,-60.8679,27:06.1,FastGPS,-62.6974,-60.8679,,,11.4,0.1,,,,15,17,22208,,,,11,22559,,,,32,9440,,,,1,16564,,,,22,32228,,,,18,7444,,,,31,23626,,,,3,23788,,,,14,10262,,,,,,,,,,,,,,,,,,,,,,,,,,,,,,,,,
173716,16-Sep-18,8:01:42,2018-09-16 08:01:42,G,3,6,5641,,0,9,-62.6995,-60.8702,01:48.6,FastGPS,-62.6995,-60.8702,,,13.6,0.6,,,,15,17,23737,,,,1,1782,,,,3,10396,,,,19,15186,,,,31,32568,,,,14,9440,,,,11,7294,,,,32,5639,,,,18,20879,,,,,,,,,,,,,,,,,,,,,,,,,,,,,,,,,
173716,16-Sep-18,8:48:08,2018-09-16 08:48:08,G,1,6,5642,,0,9,-62.7096,-60.8733,48:13.6,FastGPS,-62.7096,-60.8733,,,9.9,-0.4,,,,15,31,737,,,,14,23112,,,,12,12932,,,,6,9308,,,,1,7577,,,,25,25559,,,,19,6054,,,,17,7782,,,,23,19389,,,,,,,,,,,,,,,,,,,,,,,,,,,,,,,,,
173716,16-Sep-18,9:20:10,2018-09-16 09:20:10,G,1,6,5643,,0,9,-62.7188,-60.8896,20:15.1,FastGPS,-62.7188,-60.8896,,,16.3,-0.9,,,,15,19,4244,,,,17,12084,,,,6,15512,,,,1,27790,,,,9,17236,,,,23,29250,,,,3,8052,,,,22,18220,,,,31,29608,,,,,,,,,,,,,,,,,,,,,,,,,,,,,,,,,
173716,16-Sep-18,9:54:21,2018-09-16 09:54:21,G,1,6,5644,,0,9,-62.7213,-60.9172,54:27.6,FastGPS,-62.7213,-60.9172,,1,7.8,0.6,,,,15,31,27537,,,,22,13658,,,,4,30034,,,,23,32137,,,,3,8178,,,,9,5680,,,,26,7500,,,,6,14374,,,,1,7986,,,,,,,,,,,,,,,,,,,,,,,,,,,,,,,,,
173716,16-Sep-18,10:25:18,2018-09-16 10:25:18,G,1,6,5645,808,0,6,-62.7242,-60.9451,25:23.6,FastGPS,-62.7242,-60.9451,,,3.5,-0.4,,,,15,3,4219,,,,23,13690,,,,22,23638,,,,6,21454,,,,9,21595,,,,2,11432,,,,,,,,,,,,,,,,,,,,,,,,,,,,,,,,,,,,,,,,,,,,,,,,
173716,16-Sep-18,10:55:03,2018-09-16 10:55:03,G,1,6,5646,808,0,7,-62.7339,-60.9544,55:08.1,FastGPS,-62.7339,-60.9544,,,10,-0.9,,,,15,6,16084,,,,9,9018,,,,7,1024,,,,2,13787,,,,23,20604,,,,29,29688,,,,31,14488,,,,,,,,,,,,,,,,,,,,,,,,,,,,,,,,,,,,,,,,,,,
173716,16-Sep-18,11:28:00,2018-09-16 11:28:00,G,2,6,5647,,0,9,-62.7325,-60.9427,28:06.6,FastGPS,-62.7325,-60.9427,,,8.3,0.6,,,,15,16,22304,,,,9,22430,,,,7,7248,,,,4,11595,,,,29,23088,,,,3,2443,,,,26,25072,,,,6,13223,,,,2,28667,,,,,,,,,,,,,,,,,,,,,,,,,,,,,,,,,
173716,16-Sep-18,11:58:00,2018-09-16 11:58:00,G,1,6,5648,,0,9,-62.7285,-60.95,58:05.1,FastGPS,-62.7285,-60.95,,1,12.1,-0.9,,,,15,7,29540,,,,23,6257,,,,16,294,,,,9,10880,,,,2,2352,,,,6,28294,,,,5,32163,,,,26,18857,,,,4,16923,,,,,,,,,,,,,,,,,,,,,,,,,,,,,,,,,
173716,16-Sep-18,12:29:21,2018-09-16 12:29:21,G,1,6,5649,,0,9,-62.7331,-60.9596,29:27.6,FastGPS,-62.7331,-60.9596,,1,13.8,0.6,,,,15,7,15202,,,,23,29810,,,,16,21530,,,,9,14740,,,,5,6854,,,,30,7092,,,,4,2150,,,,2,10124,,,,29,12642,,,,,,,,,,,,,,,,,,,,,,,,,,,,,,,,,
173716,16-Sep-18,14:48:02,2018-09-16 14:48:02,G,1,6,5653,809,0,8,-62.7412,-60.968,48:07.6,FastGPS,-62.7412,-60.968,,,4.5,-0.4,,,,15,7,32432,,,,8,14902,,,,5,24684,,,,30,24565,,,,27,12395,,,,21,9531,,,,13,28516,,,,15,23764,,,,,,,,,,,,,,,,,,,,,,,,,,,,,,,,,,,,,,
173716,16-Sep-18,16:51:24,2018-09-16 16:51:24,G,2,6,5657,,0,9,-62.7446,-60.9649,51:29.6,FastGPS,-62.7446,-60.9649,,,10,-0.4,,,,15,18,11474,,,,11,25206,,,,13,17424,,,,10,2850,,,,28,11163,,,,24,2139,,,,30,27192,,,,8,13440,,,,1,12404,,,,,,,,,,,,,,,,,,,,,,,,,,,,,,,,,
173716,16-Sep-18,17:54:27,2018-09-16 17:54:27,G,2,6,5659,,0,9,-62.7511,-60.978,54:32.6,FastGPS,-62.7511,-60.978,,,8.3,-0.4,,,,15,28,8052,,,,10,81,,,,17,15694,,,,15,27471,,,,1,17392,,,,19,915,,,,11,29745,,,,18,17447,,,,24,13772,,,,,,,,,,,,,,,,,,,,,,,,,,,,,,,,,
173716,16-Sep-18,18:55:00,2018-09-16 18:55:00,G,1,6,5661,809,0,6,-62.7463,-60.9475,55:05.1,FastGPS,-62.7463,-60.9475,,,5.2,-0.9,,,,15,17,17800,,,,12,18326,,,,32,16529,,,,1,14934,,,,19,12469,,,,28,5368,,,,,,,,,,,,,,,,,,,,,,,,,,,,,,,,,,,,,,,,,,,,,,,,
173716,16-Sep-18,19:25:23,2018-09-16 19:25:23,G,1,6,5662,,0,9,-62.7364,-60.9371,25:29.6,FastGPS,-62.7364,-60.9371,,,14.4,0.6,,,,15,3,30194,,,,12,29563,,,,17,581,,,,24,4654,,,,6,7060,,,,22,27588,,,,32,11436,,,,19,15405,,,,15,9952,,,,,,,,,,,,,,,,,,,,,,,,,,,,,,,,,
173716,16-Sep-18,21:25:26,2018-09-16 21:25:26,G,2,6,5666,809,0,5,-62.6956,-60.8708,25:31.6,FastGPS,-62.6956,-60.8708,,,1.5,-0.4,,,,15,2,30294,,,,19,18879,,,,12,10536,,,,6,7074,,,,25,266,,,,,,,,,,,,,,,,,,,,,,,,,,,,,,,,,,,,,,,,,,,,,,,,,,,,,
173716,16-Sep-18,22:26:23,2018-09-16 22:26:23,G,1,6,5668,809,0,8,-62.6976,-60.8847,26:28.6,FastGPS,-62.6976,-60.8847,,1,18.6,-0.4,,,,15,26,21495,,,,31,1952,,,,23,6295,,,,14,14314,,,,4,7724,,,,2,5818,,,,25,9092,,,,29,20994,,,,,,,,,,,,,,,,,,,,,,,,,,,,,,,,,,,,,,
173716,16-Sep-18,22:56:57,2018-09-16 22:56:57,G,1,6,5669,809,0,7,-62.6977,-60.885,57:02.6,FastGPS,-62.6977,-60.885,,,1.7,-0.4,,,,15,31,6800,,,,23,31536,,,,9,8297,,,,29,16948,,,,26,26522,,,,4,29882,,,,2,14244,,,,,,,,,,,,,,,,,,,,,,,,,,,,,,,,,,,,,,,,,,,
173716,17-Sep-18,0:45:01,2018-09-17 00:45:01,G,1,6,5672,810,0,5,-62.6977,-60.8856,45:06.1,FastGPS,-62.6977,-60.8856,,,5.6,-0.9,,,,15,5,31598,,,,21,15101,,,,4,10142,,,,16,29203,,,,26,29952,,,,,,,,,,,,,,,,,,,,,,,,,,,,,,,,,,,,,,,,,,,,,,,,,,,,,
173716,17-Sep-18,3:54:45,2018-09-17 03:54:45,G,2,6,5678,810,0,5,-62.6915,-60.8818,54:51.6,FastGPS,-62.6915,-60.8818,,,14.4,0.6,,,,15,15,26292,,,,21,17560,,,,27,17348,,,,32,24256,,,,8,25589,,,,,,,,,,,,,,,,,,,,,,,,,,,,,,,,,,,,,,,,,,,,,,,,,,,,,
173716,17-Sep-18,4:26:43,2018-09-17 04:26:43,G,1,6,5679,,0,9,-62.6936,-60.8802,26:49.6,FastGPS,-62.6936,-60.8802,,,10.2,0.6,,,,15,18,28580,,,,10,28931,,,,8,3883,,,,21,19248,,,,20,30753,,,,15,1185,,,,27,926,,,,11,31262,,,,24,12657,,,,,,,,,,,,,,,,,,,,,,,,,,,,,,,,,
173716,17-Sep-18,4:57:17,2018-09-17 04:57:17,G,1,6,5680,,0,9,-62.6968,-60.876,57:22.6,FastGPS,-62.6968,-60.876,,,3.2,-0.4,,,,15,32,9365,,,,18,31408,,,,11,3744,,,,27,11808,,,,8,585,,,,10,9097,,,,14,17457,,,,20,7084,,,,15,10362,,,,,,,,,,,,,,,,,,,,,,,,,,,,,,,,,
173716,17-Sep-18,6:27:05,2018-09-17 06:27:05,G,1,6,5683,,0,9,-62.703,-60.8692,27:10.6,FastGPS,-62.703,-60.8692,,,7.1,-0.4,,,,15,18,3378,,,,10,24798,,,,11,15155,,,,32,24728,,,,14,15135,,,,24,20865,,,,22,28429,,,,17,22180,,,,3,29084,,,,,,,,,,,,,,,,,,,,,,,,,,,,,,,,,
173716,17-Sep-18,6:57:32,2018-09-17 06:57:32,G,1,6,5684,810,0,4,-62.701,-60.886,9/17/2018 5:18,P,-62.7042,-60.8677,,,1.6,-1,,,,15,22,24012,,,,1,24272,,,,11,21617,,,,17,20794,,,,,,,,,,,,,,,,,,,,,,,,,,,,,,,,,,,,,,,,,,,,,,,,,,,,,,,,,,
173716,17-Sep-18,8:42:22,2018-09-17 08:42:22,G,2,6,5685,815,0,5,-62.7007,-60.8574,42:28.6,FastGPS,-62.7007,-60.8574,,,3.5,0.6,,,,15,23,32320,,,,3,5315,,,,17,22,,,,1,1120,,,,22,25349,,,,,,,,,,,,,,,,,,,,,,,,,,,,,,,,,,,,,,,,,,,,,,,,,,,,,
173716,17-Sep-18,9:30:00,2018-09-17 09:30:00,G,1,6,5686,,0,9,-62.6981,-60.8608,30:06.6,FastGPS,-62.6981,-60.8608,,,14.8,0.6,,,,15,23,13562,,,,22,16936,,,,3,3704,,,,17,25914,,,,31,25496,,,,1,4406,,,,9,19904,,,,19,20298,,,,12,4298,,,,,,,,,,,,,,,,,,,,,,,,,,,,,,,,,
173716,17-Sep-18,10:04:52,2018-09-17 10:04:52,G,2,6,5687,816,0,8,-62.6985,-60.8677,04:58.1,FastGPS,-62.6985,-60.8677,,1,10.7,0.1,,,,15,31,12264,,,,6,22104,,,,4,27540,,,,9,13611,,,,19,15940,,,,26,13656,,,,22,8395,,,,23,10265,,,,,,,,,,,,,,,,,,,,,,,,,,,,,,,,,,,,,,
173716,17-Sep-18,10:38:36,2018-09-17 10:38:36,G,1,6,5688,816,0,7,-62.6986,-60.8668,38:42.1,FastGPS,-62.6986,-60.8668,,1,5.9,0.1,,,,15,4,24910,,,,2,8090,,,,6,22258,,,,26,2428,,,,16,27831,,,,31,25136,,,,22,14936,,,,,,,,,,,,,,,,,,,,,,,,,,,,,,,,,,,,,,,,,,,
173716,17-Sep-18,11:08:00,2018-09-17 11:08:00,G,2,6,5689,,0,9,-62.6985,-60.867,08:06.1,FastGPS,-62.6985,-60.867,,,7.9,0.1,,,,15,6,13782,,,,9,32552,,,,2,7145,,,,23,28268,,,,4,12312,,,,3,1205,,,,29,27606,,,,7,19758,,,,16,3148,,,,,,,,,,,,,,,,,,,,,,,,,,,,,,,,,
173716,17-Sep-18,11:40:45,2018-09-17 11:40:45,G,1,6,5690,,0,9,-62.6985,-60.8672,40:51.6,FastGPS,-62.6985,-60.8672,,,8.5,0.6,,,,15,26,4628,,,,23,15710,,,,29,19240,,,,9,16214,,,,5,6172,,,,2,15506,,,,16,14948,,,,6,12924,,,,7,8372,,,,,,,,,,,,,,,,,,,,,,,,,,,,,,,,,
173716,17-Sep-18,12:11:10,2018-09-17 12:11:10,G,1,6,5691,816,0,8,-62.6967,-60.853,11:16.6,FastGPS,-62.6967,-60.853,,,10.6,0.6,,,,15,7,19456,,,,9,18790,,,,30,22090,,,,16,4701,,,,23,2628,,,,6,13676,,,,26,8133,,,,2,27734,,,,,,,,,,,,,,,,,,,,,,,,,,,,,,,,,,,,,,
173716,17-Sep-18,12:41:05,2018-09-17 12:41:05,G,1,6,5692,,0,9,-62.6963,-60.8529,41:11.6,FastGPS,-62.6963,-60.8529,,1,9.7,0.6,,,,15,26,19180,,,,5,14114,,,,2,8684,,,,23,13772,,,,16,26388,,,,7,6036,,,,4,27869,,,,30,28116,,,,9,31541,,,,,,,,,,,,,,,,,,,,,,,,,,,,,,,,,
173716,17-Sep-18,13:11:01,2018-09-17 13:11:01,G,1,6,5693,816,0,4,-62.599,-60.709,9/18/2018 9:15,N,-62.6967,-60.8531,,,0.2,0.6,,,,15,5,32338,,,,30,11416,,,,7,14034,,,,9,11070,,,,,,,,,,,,,,,,,,,,,,,,,,,,,,,,,,,,,,,,,,,,,,,,,,,,,,,,,,
173716,17-Sep-18,13:58:51,2018-09-17 13:58:51,G,1,6,5694,817,0,6,-62.7039,-60.853,58:57.6,FastGPS,-62.7039,-60.853,,,2.9,0.6,,,,15,7,27427,,,,30,7853,,,,13,7851,,,,5,25548,,,,16,11136,,,,21,31645,,,,,,,,,,,,,,,,,,,,,,,,,,,,,,,,,,,,,,,,,,,,,,,,
173716,17-Sep-18,20:30:06,2018-09-17 20:30:06,G,1,6,5706,,0,9,-62.7045,-60.7619,30:12.6,FastGPS,-62.7045,-60.7619,,,14.2,0.6,,,,15,17,21012,,,,3,1379,,,,24,32037,,,,2,8409,,,,32,18074,,,,29,32420,,,,14,23251,,,,19,8179,,,,22,8980,,,,,,,,,,,,,,,,,,,,,,,,,,,,,,,,,
173716,17-Sep-18,21:04:22,2018-09-17 21:04:22,G,1,6,5707,,0,9,-62.6981,-60.7209,04:28.1,FastGPS,-62.6981,-60.7209,,,13.2,0.1,,,,15,2,8135,,,,19,15404,,,,12,832,,,,32,23837,,,,31,15090,,,,29,25765,,,,25,29026,,,,3,6518,,,,6,24361,,,,,,,,,,,,,,,,,,,,,,,,,,,,,,,,,
173716,17-Sep-18,21:34:05,2018-09-17 21:34:05,G,1,6,5708,818,0,6,-62.6748,-60.7066,34:11.1,FastGPS,-62.6748,-60.7066,,,4.8,0.1,,,,15,19,31250,,,,6,13967,,,,25,15715,,,,31,138,,,,29,28827,,,,14,32342,,,,,,,,,,,,,,,,,,,,,,,,,,,,,,,,,,,,,,,,,,,,,,,,
173716,18-Sep-18,8:21:07,2018-09-18 08:21:07,G,1,6,5724,,0,9,-62.6261,-60.6801,21:13.6,FastGPS,-62.6261,-60.6801,,,5.1,0.6,,,,15,31,29178,,,,12,17986,,,,19,18206,,,,32,11511,,,,14,19218,,,,22,14937,,,,6,16560,,,,25,17756,,,,23,24564,,,,,,,,,,,,,,,,,,,,,,,,,,,,,,,,,
173716,18-Sep-18,9:23:00,2018-09-18 09:23:00,G,1,6,5726,822,0,8,-62.6173,-60.6844,23:06.1,FastGPS,-62.6173,-60.6844,,,15.4,0.1,,,,15,31,7288,,,,22,5234,,,,23,16006,,,,3,18026,,,,17,15880,,,,1,29754,,,,9,18808,,,,19,2936,,,,,,,,,,,,,,,,,,,,,,,,,,,,,,,,,,,,,,
173716,18-Sep-18,9:53:00,2018-09-18 09:53:00,G,1,6,5727,822,0,7,-62.6203,-60.6896,53:06.1,FastGPS,-62.6203,-60.6896,,,5.7,0.1,,,,15,3,16092,,,,23,30,,,,22,9777,,,,6,12442,,,,31,1090,,,,19,7606,,,,26,21822,,,,,,,,,,,,,,,,,,,,,,,,,,,,,,,,,,,,,,,,,,,
173716,18-Sep-18,11:16:00,2018-09-18 11:16:00,G,1,6,5729,823,0,8,-62.6258,-60.6841,16:06.1,FastGPS,-62.6258,-60.6841,,,11.1,0.1,,,,15,9,20602,,,,2,26032,,,,23,14516,,,,6,24174,,,,4,15603,,,,7,23100,,,,16,14319,,,,26,26542,,,,,,,,,,,,,,,,,,,,,,,,,,,,,,,,,,,,,,
173716,18-Sep-18,13:47:03,2018-09-18 13:47:03,G,1,6,5734,823,0,6,-62.6336,-60.6422,47:09.1,FastGPS,-62.6336,-60.6422,,,10.2,0.1,,,,15,7,25622,,,,30,13414,,,,9,15460,,,,5,10156,,,,16,28048,,,,28,15094,,,,,,,,,,,,,,,,,,,,,,,,,,,,,,,,,,,,,,,,,,,,,,,,
173716,18-Sep-18,14:33:21,2018-09-18 14:33:21,G,1,6,5735,824,0,5,-62.6336,-60.6414,33:27.6,FastGPS,-62.6336,-60.6414,,,7.6,0.6,,,,15,7,20644,,,,27,16588,,,,8,4387,,,,13,5843,,,,5,4425,,,,,,,,,,,,,,,,,,,,,,,,,,,,,,,,,,,,,,,,,,,,,,,,,,,,,
173716,18-Sep-18,15:05:23,2018-09-18 15:05:23,G,2,6,5736,824,0,6,-62.6334,-60.641,05:29.6,FastGPS,-62.6334,-60.641,,,10.7,0.6,,,,15,8,7974,,,,7,8650,,,,28,6732,,,,5,20895,,,,30,5714,,,,13,31177,,,,,,,,,,,,,,,,,,,,,,,,,,,,,,,,,,,,,,,,,,,,,,,,
173716,18-Sep-18,15:36:26,2018-09-18 15:36:26,G,2,6,5737,824,0,6,-62.6336,-60.6418,36:32.1,FastGPS,-62.6336,-60.6418,,,5.6,0.1,,,,15,11,28755,,,,28,11644,,,,13,22887,,,,8,31160,,,,7,18024,,,,30,19890,,,,,,,,,,,,,,,,,,,,,,,,,,,,,,,,,,,,,,,,,,,,,,,,
173716,18-Sep-18,16:09:21,2018-09-18 16:09:21,G,2,6,5738,824,0,8,-62.6336,-60.6418,09:27.1,FastGPS,-62.6336,-60.6418,,,5,0.1,,,,15,17,1740,,,,13,25612,,,,7,29616,,,,28,22205,,,,15,4832,,,,11,8322,,,,30,18586,,,,18,25413,,,,,,,,,,,,,,,,,,,,,,,,,,,,,,,,,,,,,,
173716,18-Sep-18,16:41:39,2018-09-18 16:41:39,G,2,6,5739,824,0,4,-62.635,-60.763,9/19/2018 3:20,K,-62.6337,-60.6416,,,0.2,0.1,,,,15,15,26509,,,,8,6438,,,,11,12645,,,,28,1942,,,,,,,,,,,,,,,,,,,,,,,,,,,,,,,,,,,,,,,,,,,,,,,,,,,,,,,,,,
173716,18-Sep-18,17:12:54,2018-09-18 17:12:54,G,1,6,5740,824,0,6,-62.6338,-60.6412,13:00.6,FastGPS,-62.6338,-60.6412,,,5.9,0.6,,,,15,28,4478,,,,18,2819,,,,10,6924,,,,11,17082,,,,20,21811,,,,1,30316,,,,,,,,,,,,,,,,,,,,,,,,,,,,,,,,,,,,,,,,,,,,,,,,
173716,18-Sep-18,17:43:02,2018-09-18 17:43:02,G,1,6,5741,824,0,6,-62.6335,-60.6413,43:08.6,FastGPS,-62.6335,-60.6413,,,2.5,0.6,,,,15,15,23313,,,,28,12866,,,,11,26110,,,,24,26888,,,,1,4396,,,,17,1105,,,,,,,,,,,,,,,,,,,,,,,,,,,,,,,,,,,,,,,,,,,,,,,,
173716,18-Sep-18,18:16:25,2018-09-18 18:16:25,G,1,6,5742,824,0,8,-62.6338,-60.6413,16:31.6,FastGPS,-62.6338,-60.6413,,1,5.3,0.6,,,,15,32,24875,,,,17,27358,,,,10,25030,,,,1,4963,,,,18,8590,,,,28,15465,,,,11,29289,,,,16,16418,,,,,,,,,,,,,,,,,,,,,,,,,,,,,,,,,,,,,,
173716,18-Sep-18,19:36:17,2018-09-18 19:36:17,G,1,6,5744,825,0,6,-62.6337,-60.6415,36:23.6,FastGPS,-62.6337,-60.6415,,,3.6,0.6,,,,15,6,19467,,,,17,9674,,,,24,15764,,,,12,13220,,,,3,27248,,,,19,12044,,,,,,,,,,,,,,,,,,,,,,,,,,,,,,,,,,,,,,,,,,,,,,,,
173716,18-Sep-18,20:07:26,2018-09-18 20:07:26,G,1,6,5745,825,0,5,-62.6339,-60.6419,07:32.2,FastGPS,-62.6339,-60.6419,,,8.9,0.2,,,,15,17,21771,,,,24,11310,,,,19,3099,,,,2,29946,,,,12,1396,,,,,,,,,,,,,,,,,,,,,,,,,,,,,,,,,,,,,,,,,,,,,,,,,,,,,
173716,18-Sep-18,20:52:10,2018-09-18 20:52:10,G,3,6,5746,826,0,4,-62.635,-60.763,9/19/2018 3:20,K,-62.6337,-60.6422,,,0.5,0.5,,,,15,6,23303,,,,12,4139,,,,19,6066,,,,25,4112,,,,,,,,,,,,,,,,,,,,,,,,,,,,,,,,,,,,,,,,,,,,,,,,,,,,,,,,,,
173716,18-Sep-18,21:23:42,2018-09-18 21:23:42,G,2,6,5747,826,0,7,-62.6338,-60.6413,23:48.1,FastGPS,-62.6338,-60.6414,,,5.5,0.1,,,,15,31,11557,,,,12,31230,,,,14,17098,,,,32,12982,,,,3,31074,,,,2,14090,,,,19,25382,,,,,,,,,,,,,,,,,,,,,,,,,,,,,,,,,,,,,,,,,,,
173716,18-Sep-18,22:25:04,2018-09-18 22:25:04,G,1,6,5748,828,0,4,-62.635,-60.763,9/19/2018 3:20,K,-62.6339,-60.6416,,,0.9,0.1,,,,15,12,26452,,,,25,1416,,,,5,8629,,,,2,30915,,,,,,,,,,,,,,,,,,,,,,,,,,,,,,,,,,,,,,,,,,,,,,,,,,,,,,,,,,
173716,18-Sep-18,23:32:03,2018-09-18 23:32:03,G,2,6,5749,830,0,7,-62.6335,-60.6417,32:09.1,FastGPS,-62.6335,-60.6417,,,5.7,0.1,,,,15,16,11511,,,,23,11647,,,,9,19620,,,,2,18148,,,,4,24438,,,,5,16650,,,,26,18864,,,,,,,,,,,,,,,,,,,,,,,,,,,,,,,,,,,,,,,,,,,
173716,19-Sep-18,0:05:14,2018-09-19 00:05:14,G,1,6,5750,,0,9,-62.6295,-60.6729,05:20.1,FastGPS,-62.6295,-60.6729,,1,4,0.1,,,,15,21,12693,,,,4,2888,,,,26,26110,,,,31,26534,,,,5,11460,,,,25,24225,,,,29,21614,,,,16,11537,,,,2,13788,,,,,,,,,,,,,,,,,,,,,,,,,,,,,,,,,
173716,19-Sep-18,0:35:29,2018-09-19 00:35:29,G,1,6,5751,830,0,6,-62.6253,-60.709,35:35.6,FastGPS,-62.6253,-60.709,,1,5.3,0.6,,,,15,29,24847,,,,5,5693,,,,26,814,,,,4,15332,,,,9,23868,,,,16,28308,,,,,,,,,,,,,,,,,,,,,,,,,,,,,,,,,,,,,,,,,,,,,,,,
173716,19-Sep-18,2:35:00,2018-09-19 02:35:00,G,1,6,5753,,0,9,-62.63,-60.7455,35:05.1,FastGPS,-62.63,-60.7455,,1,7.3,-0.9,,,,15,15,13222,,,,7,29938,,,,27,6809,,,,21,13718,,,,20,23395,,,,16,11851,,,,10,10986,,,,8,6736,,,,4,13115,,,,,,,,,,,,,,,,,,,,,,,,,,,,,,,,,
173716,19-Sep-18,4:06:00,2018-09-19 04:06:00,G,1,6,5756,834,0,7,-62.6386,-60.7554,06:05.1,FastGPS,-62.6386,-60.7554,,,14.6,-0.9,,,,15,8,602,,,,11,26170,,,,10,1302,,,,18,24514,,,,15,4058,,,,27,1860,,,,28,3942,,,,,,,,,,,,,,,,,,,,,,,,,,,,,,,,,,,,,,,,,,,
173716,19-Sep-18,4:36:00,2018-09-19 04:36:00,G,1,6,5757,834,0,7,-62.6419,-60.7581,36:06.1,FastGPS,-62.6419,-60.7581,,,3.7,0.1,,,,15,15,32517,,,,18,3920,,,,11,7634,,,,32,2684,,,,8,21666,,,,1,24428,,,,10,4324,,,,,,,,,,,,,,,,,,,,,,,,,,,,,,,,,,,,,,,,,,,
173716,19-Sep-18,6:36:00,2018-09-19 06:36:00,G,1,6,5761,,0,9,-62.6661,-60.7455,36:05.1,FastGPS,-62.6661,-60.7455,,,8.3,-0.9,,,,15,22,3914,,,,17,882,,,,11,23255,,,,1,27400,,,,18,10756,,,,3,17064,,,,32,29426,,,,14,31932,,,,28,18726,,,,,,,,,,,,,,,,,,,,,,,,,,,,,,,,,
173716,19-Sep-18,7:10:29,2018-09-19 07:10:29,G,1,6,5762,834,0,8,-62.6768,-60.752,10:34.6,FastGPS,-62.6768,-60.752,,,8.8,-0.4,,,,15,17,21763,,,,32,28076,,,,19,21687,,,,31,13196,,,,11,5143,,,,22,29571,,,,3,15319,,,,1,22748,,,,,,,,,,,,,,,,,,,,,,,,,,,,,,,,,,,,,,
173716,19-Sep-18,7:41:54,2018-09-19 07:41:54,G,1,6,5763,,0,9,-62.6947,-60.7466,41:59.1,FastGPS,-62.6947,-60.7466,,,9.2,-0.9,,,,15,18,19136,,,,11,4302,,,,17,31389,,,,31,14600,,,,3,29626,,,,1,19065,,,,19,3294,,,,22,26694,,,,14,31366,,,,,,,,,,,,,,,,,,,,,,,,,,,,,,,,,
173716,19-Sep-18,9:47:34,2018-09-19 09:47:34,G,1,6,5767,,0,9,-62.737,-60.7161,47:39.6,FastGPS,-62.737,-60.7161,,1,11.3,-0.4,,,,15,31,32722,,,,22,9252,,,,23,24960,,,,4,31210,,,,3,13359,,,,6,5854,,,,26,11736,,,,9,10352,,,,25,12420,,,,,,,,,,,,,,,,,,,,,,,,,,,,,,,,,
173716,19-Sep-18,14:18:00,2018-09-19 14:18:00,G,1,6,5775,835,1,5,-62.6986,-60.7506,18:05.2,FastGPS,-62.6986,-60.7506,,,5.1,-0.9,,,,15,13,27956,,,,27,14480,,,,5,18179,,,,21,7590,,,,15,3104,,,,,,,,,,,,,,,,,,,,,,,,,,,,,,,,,,,,,,,,,,,,,,,,,,,,,
173716,19-Sep-18,14:48:00,2018-09-19 14:48:00,G,1,6,5776,835,1,7,-62.6984,-60.7503,48:05.1,FastGPS,-62.6984,-60.7503,,,3.6,-0.9,,,,15,15,17291,,,,27,2455,,,,7,27863,,,,21,31581,,,,8,2580,,,,13,1705,,,,5,30860,,,,,,,,,,,,,,,,,,,,,,,,,,,,,,,,,,,,,,,,,,,
173716,19-Sep-18,18:48:00,2018-09-19 18:48:00,G,1,6,5779,836,0,7,-62.6913,-60.7393,48:05.1,FastGPS,-62.6913,-60.7393,,,8.1,-0.9,,,,15,17,16443,,,,12,8391,,,,24,6040,,,,19,26284,,,,32,5178,,,,1,11364,,,,15,6424,,,,,,,,,,,,,,,,,,,,,,,,,,,,,,,,,,,,,,,,,,,
173716,19-Sep-18,22:25:32,2018-09-19 22:25:32,G,1,6,5786,,0,9,-62.6794,-60.7141,25:37.6,FastGPS,-62.6794,-60.7141,,,7.9,-0.4,,,,15,23,25291,,,,12,11668,,,,2,27291,,,,31,13059,,,,29,19610,,,,26,10868,,,,25,31081,,,,6,2836,,,,5,29795,,,,,,,,,,,,,,,,,,,,,,,,,,,,,,,,,
173716,19-Sep-18,23:11:35,2018-09-19 23:11:35,G,1,6,5787,837,0,6,-62.652,-60.686,11:40.6,FastGPS,-62.652,-60.686,,,7.8,-0.4,,,,15,29,15345,,,,5,24216,,,,25,18744,,,,2,31672,,,,23,20574,,,,31,9254,,,,,,,,,,,,,,,,,,,,,,,,,,,,,,,,,,,,,,,,,,,,,,,,
173716,19-Sep-18,23:41:52,2018-09-19 23:41:52,G,2,6,5788,,0,9,-62.6465,-60.6433,41:57.2,FastGPS,-62.6465,-60.6433,,,7.9,-0.8,,,,15,5,8648,,,,29,27772,,,,2,22324,,,,31,13113,,,,9,18325,,,,4,22453,,,,16,9648,,,,26,28546,,,,23,12888,,,,,,,,,,,,,,,,,,,,,,,,,,,,,,,,,
173716,20-Sep-18,0:13:20,2018-09-20 00:13:20,G,2,6,5789,837,0,6,-62.643,-60.6139,13:25.1,FastGPS,-62.6472,-60.617,,2,2,-0.4,,,,15,5,19810,,,,29,5232,,,,16,32545,,,,4,17709,,,,26,19305,,,,21,9080,,,,,,,,,,,,,,,,,,,,,,,,,,,,,,,,,,,,,,,,,,,,,,,,
173716,20-Sep-18,0:43:00,2018-09-20 00:43:00,G,3,6,5790,837,0,6,-62.6521,-60.6105,43:05.2,FastGPS,-62.6521,-60.6105,,1,1.7,-0.8,,,,15,5,15641,,,,29,16181,,,,4,31096,,,,21,15263,,,,16,21999,,,,26,26924,,,,,,,,,,,,,,,,,,,,,,,,,,,,,,,,,,,,,,,,,,,,,,,,
173716,20-Sep-18,1:46:21,2018-09-20 01:46:21,G,1,6,5792,,0,9,-62.6536,-60.6221,46:27.2,FastGPS,-62.6536,-60.6221,,1,13.3,0.2,,,,15,29,19857,,,,26,1518,,,,4,24317,,,,16,26790,,,,15,459,,,,20,5622,,,,27,9050,,,,13,7842,,,,5,15974,,,,,,,,,,,,,,,,,,,,,,,,,,,,,,,,,
173716,20-Sep-18,2:17:01,2018-09-20 02:17:01,G,1,6,5793,837,0,8,-62.6536,-60.6222,17:07.1,FastGPS,-62.6536,-60.6222,,,7.6,0.1,,,,15,7,23877,,,,15,23416,,,,27,10356,,,,13,16980,,,,16,19605,,,,8,20500,,,,21,17672,,,,20,209,,,,,,,,,,,,,,,,,,,,,,,,,,,,,,,,,,,,,,
173716,20-Sep-18,5:55:58,2018-09-20 05:55:58,G,1,6,5799,,0,9,-62.6537,-60.6221,56:03.2,FastGPS,-62.6537,-60.6221,,,4.7,-0.8,,,,15,22,19182,,,,1,29666,,,,8,2979,,,,32,20259,,,,11,8658,,,,18,31032,,,,17,8341,,,,10,5498,,,,20,7086,,,,,,,,,,,,,,,,,,,,,,,,,,,,,,,,,
173716,20-Sep-18,6:26:00,2018-09-20 06:26:00,G,1,6,5800,,0,9,-62.6618,-60.611,26:06.1,FastGPS,-62.6618,-60.611,,,9.1,0.1,,,,15,1,8265,,,,17,4444,,,,10,15848,,,,32,26709,,,,22,7681,,,,11,17952,,,,24,3262,,,,3,16106,,,,18,5962,,,,,,,,,,,,,,,,,,,,,,,,,,,,,,,,,
173716,20-Sep-18,7:12:03,2018-09-20 07:12:03,G,2,6,5801,,0,9,-62.6594,-60.5913,12:09.1,FastGPS,-62.6594,-60.5913,,,11,0.1,,,,15,1,18093,,,,22,3362,,,,31,32037,,,,18,6236,,,,3,29582,,,,11,21034,,,,14,12168,,,,32,8856,,,,17,25689,,,,,,,,,,,,,,,,,,,,,,,,,,,,,,,,,
173716,20-Sep-18,8:12:09,2018-09-20 08:12:09,G,1,6,5803,,0,9,-62.6566,-60.5701,12:15.1,FastGPS,-62.6566,-60.5701,,,4.3,0.1,,,,15,31,29222,,,,1,31088,,,,22,16764,,,,17,14344,,,,18,9049,,,,23,21227,,,,3,22094,,,,14,23465,,,,11,232,,,,,,,,,,,,,,,,,,,,,,,,,,,,,,,,,
173716,20-Sep-18,8:43:29,2018-09-20 08:43:29,G,1,6,5804,840,0,8,-62.6559,-60.5605,43:35.2,FastGPS,-62.6559,-60.5605,,,7.7,0.2,,,,15,17,29574,,,,3,19844,,,,23,28468,,,,22,10715,,,,19,30492,,,,31,6586,,,,12,22912,,,,6,15853,,,,,,,,,,,,,,,,,,,,,,,,,,,,,,,,,,,,,,
173716,20-Sep-18,9:45:00,2018-09-20 09:45:00,G,1,6,5806,840,0,7,-62.6617,-60.5773,45:06.6,FastGPS,-62.6617,-60.5773,,1,2.7,0.6,,,,15,31,21218,,,,22,28914,,,,3,2568,,,,23,19492,,,,19,25882,,,,25,255,,,,4,28155,,,,,,,,,,,,,,,,,,,,,,,,,,,,,,,,,,,,,,,,,,,
173716,20-Sep-18,10:18:01,2018-09-20 10:18:01,G,2,6,5807,,0,9,-62.6732,-60.5829,18:06.2,FastGPS,-62.6732,-60.5829,,1,12.9,-0.8,,,,15,4,18494,,,,26,22538,,,,31,29886,,,,22,27660,,,,9,25708,,,,16,920,,,,3,19726,,,,6,30020,,,,23,27213,,,,,,,,,,,,,,,,,,,,,,,,,,,,,,,,,
173716,20-Sep-18,10:51:31,2018-09-20 10:51:31,G,2,6,5808,,0,9,-62.6817,-60.5761,51:37.1,FastGPS,-62.6817,-60.5761,,,12.8,0.1,,,,15,31,25910,,,,23,5589,,,,29,23272,,,,4,16454,,,,6,24444,,,,9,29926,,,,16,26746,,,,26,14330,,,,3,23258,,,,,,,,,,,,,,,,,,,,,,,,,,,,,,,,,
173716,20-Sep-18,11:21:00,2018-09-20 11:21:00,G,2,6,5809,840,0,7,-62.6791,-60.5783,21:06.1,FastGPS,-62.6791,-60.5783,,,7.6,0.1,,,,15,23,18352,,,,4,4620,,,,9,29102,,,,26,25525,,,,16,15188,,,,2,30719,,,,6,18261,,,,,,,,,,,,,,,,,,,,,,,,,,,,,,,,,,,,,,,,,,,
173716,20-Sep-18,11:53:35,2018-09-20 11:53:35,G,1,6,5810,,0,9,-62.6776,-60.5679,53:41.2,FastGPS,-62.6776,-60.5679,,1,6.2,0.2,,,,15,5,29468,,,,23,15132,,,,2,28327,,,,16,27413,,,,9,16038,,,,29,17330,,,,26,12754,,,,4,3340,,,,7,24878,,,,,,,,,,,,,,,,,,,,,,,,,,,,,,,,,
173716,20-Sep-18,13:23:00,2018-09-20 13:23:00,G,1,6,5813,,0,9,-62.6744,-60.5597,23:06.1,FastGPS,-62.6744,-60.5597,,,5,0.1,,,,15,7,6336,,,,30,8920,,,,9,12166,,,,5,29611,,,,27,22002,,,,16,20148,,,,8,10441,,,,13,22338,,,,23,17046,,,,,,,,,,,,,,,,,,,,,,,,,,,,,,,,,
173716,20-Sep-18,13:53:00,2018-09-20 13:53:00,G,1,6,5814,,0,9,-62.6664,-60.5475,53:06.1,FastGPS,-62.6664,-60.5475,,,12.3,0.1,,,,15,5,31250,,,,7,25109,,,,13,8138,,,,30,25675,,,,8,10735,,,,9,8116,,,,27,31626,,,,21,17301,,,,28,15253,,,,,,,,,,,,,,,,,,,,,,,,,,,,,,,,,
173716,20-Sep-18,14:23:00,2018-09-20 14:23:00,G,1,6,5815,840,0,7,-62.6607,-60.5431,23:06.1,FastGPS,-62.6607,-60.5431,,,7.6,0.1,,,,15,7,23641,,,,8,29912,,,,5,4572,,,,28,14219,,,,13,27473,,,,27,14648,,,,30,21643,,,,,,,,,,,,,,,,,,,,,,,,,,,,,,,,,,,,,,,,,,,
173716,20-Sep-18,14:55:28,2018-09-20 14:55:28,G,1,6,5816,840,0,8,-62.6502,-60.5217,55:34.2,FastGPS,-62.6502,-60.5217,,,12.2,0.2,,,,15,5,16026,,,,13,16658,,,,7,5309,,,,28,22300,,,,30,30582,,,,15,20690,,,,8,30442,,,,27,2055,,,,,,,,,,,,,,,,,,,,,,,,,,,,,,,,,,,,,,
173716,20-Sep-18,15:25:03,2018-09-20 15:25:03,G,2,6,5817,,0,9,-62.6391,-60.4937,25:09.1,FastGPS,-62.6391,-60.4937,,,10,0.1,,,,15,27,19966,,,,7,11724,,,,15,4830,,,,30,7303,,,,20,20455,,,,28,16072,,,,5,4998,,,,8,14986,,,,11,32426,,,,,,,,,,,,,,,,,,,,,,,,,,,,,,,,,
173716,20-Sep-18,16:12:47,2018-09-20 16:12:47,G,1,6,5818,841,0,7,-62.6384,-60.5027,12:53.6,FastGPS,-62.6384,-60.5027,,,13.8,0.6,,,,15,17,4950,,,,15,7049,,,,30,19160,,,,13,23341,,,,28,32225,,,,7,16850,,,,24,3714,,,,,,,,,,,,,,,,,,,,,,,,,,,,,,,,,,,,,,,,,,,
173716,20-Sep-18,16:43:07,2018-09-20 16:43:07,G,2,6,5819,841,0,8,-62.6497,-60.5243,43:12.1,FastGPS,-62.6497,-60.5243,,,15.6,-0.9,,,,15,15,15651,,,,17,18174,,,,24,2251,,,,13,32430,,,,19,13640,,,,20,18725,,,,28,140,,,,10,18883,,,,,,,,,,,,,,,,,,,,,,,,,,,,,,,,,,,,,,
173716,20-Sep-18,17:15:09,2018-09-20 17:15:09,G,1,6,5820,841,0,8,-62.6589,-60.5464,15:15.2,FastGPS,-62.6589,-60.5464,,,6.4,0.2,,,,15,28,23715,,,,15,20764,,,,20,22238,,,,17,18141,,,,10,31028,,,,24,1277,,,,12,169,,,,13,7074,,,,,,,,,,,,,,,,,,,,,,,,,,,,,,,,,,,,,,
173716,20-Sep-18,17:45:09,2018-09-20 17:45:09,G,1,6,5821,,0,9,-62.6693,-60.5514,45:15.6,FastGPS,-62.6693,-60.5514,,,8.6,0.6,,,,15,12,10314,,,,13,19700,,,,15,8766,,,,24,29281,,,,17,28104,,,,28,11384,,,,19,26498,,,,10,21182,,,,18,6656,,,,,,,,,,,,,,,,,,,,,,,,,,,,,,,,,
173716,20-Sep-18,18:15:00,2018-09-20 18:15:00,G,2,6,5822,,0,9,-62.6802,-60.5696,15:05.6,FastGPS,-62.6802,-60.5696,,,6.9,-0.4,,,,15,12,16932,,,,15,472,,,,17,28776,,,,24,1374,,,,11,10280,,,,18,26732,,,,1,2791,,,,10,9846,,,,32,20237,,,,,,,,,,,,,,,,,,,,,,,,,,,,,,,,,
173716,20-Sep-18,18:45:00,2018-09-20 18:45:00,G,2,6,5823,841,0,6,-62.6774,-60.5675,45:05.2,FastGPS,-62.6774,-60.5675,,,20.4,-0.8,,,,15,17,14920,,,,19,27856,,,,12,10990,,,,24,5850,,,,1,9210,,,,32,7594,,,,,,,,,,,,,,,,,,,,,,,,,,,,,,,,,,,,,,,,,,,,,,,,
173716,20-Sep-18,19:15:07,2018-09-20 19:15:07,G,1,6,5824,,0,9,-62.6776,-60.5775,15:12.1,FastGPS,-62.6776,-60.5775,,,8.6,-0.9,,,,15,17,276,,,,12,27959,,,,32,4856,,,,25,10460,,,,14,6813,,,,6,17279,,,,24,15006,,,,3,2521,,,,22,22751,,,,,,,,,,,,,,,,,,,,,,,,,,,,,,,,,
173716,20-Sep-18,20:00:47,2018-09-20 20:00:47,G,1,6,5825,842,0,7,-62.679,-60.573,00:53.7,FastGPS,-62.679,-60.573,,,11,0.6,,,,15,12,8533,,,,17,21132,,,,24,11869,,,,2,11630,,,,3,7458,,,,6,23782,,,,25,2957,,,,,,,,,,,,,,,,,,,,,,,,,,,,,,,,,,,,,,,,,,,
173716,20-Sep-18,20:32:25,2018-09-20 20:32:25,G,1,6,5826,842,0,8,-62.6732,-60.5742,32:30.2,FastGPS,-62.6732,-60.5742,,,10.9,-0.8,,,,15,29,6258,,,,32,20385,,,,25,21478,,,,14,22228,,,,12,27534,,,,6,6789,,,,31,407,,,,19,28214,,,,,,,,,,,,,,,,,,,,,,,,,,,,,,,,,,,,,,
173716,21-Sep-18,5:18:00,2018-09-21 05:18:00,G,1,6,5831,,0,9,-62.647,-60.5788,18:06.2,FastGPS,-62.647,-60.5788,,,8,0.2,,,,15,18,6108,,,,32,15334,,,,11,13999,,,,8,10082,,,,1,1596,,,,10,9938,,,,27,6186,,,,14,14818,,,,28,29004,,,,,,,,,,,,,,,,,,,,,,,,,,,,,,,,,
173716,21-Sep-18,6:35:09,2018-09-21 06:35:09,G,1,6,5833,,0,9,-62.6609,-60.5829,35:15.7,FastGPS,-62.6609,-60.5829,,,6.3,0.7,,,,15,17,25867,,,,11,18237,,,,32,22808,,,,14,11466,,,,18,5586,,,,22,27901,,,,1,6700,,,,3,14962,,,,8,13571,,,,,,,,,,,,,,,,,,,,,,,,,,,,,,,,,
173716,21-Sep-18,9:00:08,2018-09-21 09:00:08,G,1,6,5837,,0,9,-62.6677,-60.5711,00:14.7,FastGPS,-62.6677,-60.5711,,,15,0.7,,,,15,22,3556,,,,31,16047,,,,3,26036,,,,17,26323,,,,19,19948,,,,6,32713,,,,12,20104,,,,9,6600,,,,25,14842,,,,,,,,,,,,,,,,,,,,,,,,,,,,,,,,,
173716,21-Sep-18,13:04:30,2018-09-21 13:04:30,G,1,6,5844,845,0,8,-62.6658,-60.5607,04:35.7,FastGPS,-62.6658,-60.5607,,,7.2,-0.3,,,,15,30,25509,,,,7,932,,,,5,32640,,,,27,8040,,,,9,24561,,,,16,24852,,,,23,12453,,,,13,15474,,,,,,,,,,,,,,,,,,,,,,,,,,,,,,,,,,,,,,
173716,21-Sep-18,13:34:38,2018-09-21 13:34:38,G,1,6,5845,845,0,5,-62.6637,-60.556,34:44.6,FastGPS,-62.6637,-60.556,,,11.9,0.6,,,,15,5,25921,,,,7,9482,,,,13,9573,,,,30,29336,,,,16,13318,,,,,,,,,,,,,,,,,,,,,,,,,,,,,,,,,,,,,,,,,,,,,,,,,,,,,
173716,21-Sep-18,14:04:00,2018-09-21 14:04:00,G,1,6,5846,845,0,7,-62.6652,-60.5599,04:06.2,FastGPS,-62.6652,-60.5599,,,7.4,0.2,,,,15,5,24135,,,,7,28877,,,,13,5160,,,,27,13187,,,,30,12902,,,,8,25859,,,,28,1348,,,,,,,,,,,,,,,,,,,,,,,,,,,,,,,,,,,,,,,,,,,
173716,21-Sep-18,15:06:00,2018-09-21 15:06:00,G,2,6,5848,845,0,8,-62.6726,-60.5535,06:05.2,FastGPS,-62.6726,-60.5535,,,3.2,-0.8,,,,15,7,8918,,,,30,5002,,,,15,13395,,,,13,10334,,,,5,29063,,,,28,5370,,,,8,26765,,,,27,30726,,,,,,,,,,,,,,,,,,,,,,,,,,,,,,,,,,,,,,
173716,21-Sep-18,15:38:21,2018-09-21 15:38:21,G,1,6,5849,845,0,8,-62.677,-60.518,38:26.2,FastGPS,-62.677,-60.518,,,19.2,-0.8,,,,15,15,5726,,,,30,464,,,,7,5472,,,,20,7333,,,,28,24210,,,,5,4622,,,,8,25625,,,,13,16516,,,,,,,,,,,,,,,,,,,,,,,,,,,,,,,,,,,,,,
173716,21-Sep-18,16:09:03,2018-09-21 16:09:03,G,1,6,5850,,0,9,-62.6822,-60.5023,09:09.2,FastGPS,-62.6822,-60.5023,,,5.5,0.2,,,,15,30,11916,,,,11,32235,,,,13,16880,,,,18,28125,,,,17,638,,,,15,2299,,,,8,22677,,,,28,26268,,,,10,2560,,,,,,,,,,,,,,,,,,,,,,,,,,,,,,,,,
173716,21-Sep-18,16:39:00,2018-09-21 16:39:00,G,2,6,5851,,0,9,-62.686,-60.4721,39:06.2,FastGPS,-62.686,-60.4721,,,11.9,0.2,,,,15,17,30144,,,,28,12509,,,,10,31192,,,,20,30856,,,,11,10881,,,,13,11516,,,,15,27652,,,,18,5594,,,,1,22156,,,,,,,,,,,,,,,,,,,,,,,,,,,,,,,,,
173716,22-Sep-18,11:16:28,2018-09-22 11:16:28,G,1,6,5861,845,0,6,-62.7167,-60.439,16:34.7,FastGPS,-62.7167,-60.439,,,11.4,0.7,,,,15,29,5548,,,,5,3901,,,,2,2480,,,,23,15122,,,,7,10591,,,,6,11208,,,,,,,,,,,,,,,,,,,,,,,,,,,,,,,,,,,,,,,,,,,,,,,,
173716,22-Sep-18,11:46:00,2018-09-22 11:46:00,G,1,6,5862,845,0,7,-62.7212,-60.4315,46:06.2,FastGPS,-62.7212,-60.4315,,,10.1,0.2,,,,15,23,23938,,,,7,4125,,,,5,8138,,,,16,5894,,,,2,3760,,,,29,26964,,,,6,725,,,,,,,,,,,,,,,,,,,,,,,,,,,,,,,,,,,,,,,,,,,
173716,22-Sep-18,12:17:39,2018-09-22 12:17:39,G,1,6,5863,,0,9,-62.7212,-60.4315,17:45.7,FastGPS,-62.7212,-60.4315,,1,7.9,0.7,,,,15,16,30620,,,,5,32076,,,,2,14508,,,,9,3882,,,,7,31114,,,,23,28579,,,,29,28979,,,,26,30916,,,,4,7378,,,,,,,,,,,,,,,,,,,,,,,,,,,,,,,,,
173716,22-Sep-18,12:47:00,2018-09-22 12:47:00,G,1,6,5864,845,0,6,-62.723,-60.431,47:06.2,FastGPS,-62.723,-60.431,,,7.9,0.2,,,,15,9,17793,,,,7,7662,,,,23,24267,,,,30,26632,,,,2,28579,,,,5,17208,,,,,,,,,,,,,,,,,,,,,,,,,,,,,,,,,,,,,,,,,,,,,,,,
173716,22-Sep-18,13:48:00,2018-09-22 13:48:00,G,1,6,5866,845,0,5,-62.722,-60.4351,48:06.2,FastGPS,-62.722,-60.4351,,,17.6,0.2,,,,15,7,26816,,,,30,4633,,,,8,29309,,,,5,4348,,,,13,28387,,,,,,,,,,,,,,,,,,,,,,,,,,,,,,,,,,,,,,,,,,,,,,,,,,,,,
173716,22-Sep-18,14:20:39,2018-09-22 14:20:39,G,1,6,5867,845,0,7,-62.7218,-60.4351,20:45.2,FastGPS,-62.7218,-60.4351,,,8.1,0.2,,,,15,5,28336,,,,13,16483,,,,28,11848,,,,7,8746,,,,30,24299,,,,8,11559,,,,27,15080,,,,,,,,,,,,,,,,,,,,,,,,,,,,,,,,,,,,,,,,,,,
173716,22-Sep-18,14:50:44,2018-09-22 14:50:44,G,1,6,5868,845,0,7,-62.7221,-60.4426,50:50.7,FastGPS,-62.7221,-60.4426,,,9.2,0.7,,,,15,7,26251,,,,28,3641,,,,5,6277,,,,8,955,,,,30,27701,,,,13,25913,,,,27,30329,,,,,,,,,,,,,,,,,,,,,,,,,,,,,,,,,,,,,,,,,,,
173716,22-Sep-18,15:22:53,2018-09-22 15:22:53,G,1,6,5869,845,0,8,-62.7266,-60.4329,22:58.7,FastGPS,-62.7266,-60.4329,,,12.3,-0.3,,,,15,7,10510,,,,8,311,,,,13,29560,,,,15,20200,,,,28,22269,,,,11,10584,,,,5,5756,,,,30,18080,,,,,,,,,,,,,,,,,,,,,,,,,,,,,,,,,,,,,,
173716,22-Sep-18,15:54:49,2018-09-22 15:54:49,G,3,6,5870,845,0,8,-62.7277,-60.4389,54:55.2,FastGPS,-62.7277,-60.4389,,,7.5,0.2,,,,15,7,14064,,,,11,6339,,,,13,16636,,,,18,25354,,,,8,12494,,,,28,15996,,,,30,5812,,,,15,3070,,,,,,,,,,,,,,,,,,,,,,,,,,,,,,,,,,,,,,
173716,22-Sep-18,16:28:39,2018-09-22 16:28:39,G,2,6,5871,,0,9,-62.7286,-60.4291,28:45.7,FastGPS,-62.7286,-60.4291,,,10.5,0.7,,,,15,15,21773,,,,24,20458,,,,20,32226,,,,13,25198,,,,10,17946,,,,28,22404,,,,11,8068,,,,1,746,,,,18,28774,,,,,,,,,,,,,,,,,,,,,,,,,,,,,,,,,
173716,22-Sep-18,17:31:58,2018-09-22 17:31:58,G,1,6,5873,,0,9,-62.725,-60.4526,32:04.2,FastGPS,-62.725,-60.4526,,,7.2,0.2,,,,15,17,31224,,,,15,30345,,,,19,20402,,,,28,12072,,,,1,30726,,,,18,25046,,,,24,27821,,,,11,3307,,,,12,30469,,,,,,,,,,,,,,,,,,,,,,,,,,,,,,,,,
173716,22-Sep-18,18:05:50,2018-09-22 18:05:50,G,1,6,5874,,0,9,-62.7068,-60.4653,05:56.7,FastGPS,-62.7068,-60.4653,,,14.3,0.7,,,,15,15,4317,,,,12,13147,,,,28,24755,,,,17,30764,,,,19,26820,,,,24,1478,,,,18,30901,,,,1,5539,,,,11,15252,,,,,,,,,,,,,,,,,,,,,,,,,,,,,,,,,
173716,22-Sep-18,18:38:56,2018-09-22 18:38:56,G,1,6,5875,845,0,7,-62.6988,-60.5012,39:02.2,FastGPS,-62.6988,-60.5012,,,12.7,0.2,,,,15,24,17819,,,,12,29024,,,,17,23245,,,,19,9458,,,,6,16154,,,,15,3544,,,,1,17180,,,,,,,,,,,,,,,,,,,,,,,,,,,,,,,,,,,,,,,,,,,
173716,22-Sep-18,19:10:42,2018-09-22 19:10:42,G,3,6,5876,,0,9,-62.6846,-60.5257,10:48.7,FastGPS,-62.6846,-60.5257,,,9.4,0.7,,,,15,12,3859,,,,17,20988,,,,6,31729,,,,24,9762,,,,32,10447,,,,22,28634,,,,1,11773,,,,25,27581,,,,19,31112,,,,,,,,,,,,,,,,,,,,,,,,,,,,,,,,,
173716,22-Sep-18,19:41:00,2018-09-22 19:41:00,G,5,6,5877,,0,9,-62.6775,-60.5466,41:06.2,FastGPS,-62.6775,-60.5466,,,8.6,0.2,,,,15,12,13083,,,,17,23128,,,,32,14847,,,,25,9086,,,,24,30238,,,,19,13764,,,,6,14940,,,,22,2456,,,,3,7419,,,,,,,,,,,,,,,,,,,,,,,,,,,,,,,,,
173716,22-Sep-18,20:12:49,2018-09-22 20:12:49,G,4,6,5878,,0,9,-62.6724,-60.5479,12:55.2,FastGPS,-62.6724,-60.5479,,,8.9,0.2,,,,15,14,29920,,,,32,18076,,,,25,27108,,,,6,7126,,,,12,4200,,,,19,4943,,,,24,25836,,,,29,22216,,,,31,17926,,,,,,,,,,,,,,,,,,,,,,,,,,,,,,,,,
173716,22-Sep-18,20:43:00,2018-09-22 20:43:00,G,6,6,5879,,0,9,-62.67,-60.5486,43:06.2,FastGPS,-62.67,-60.5486,,,6.8,0.2,,,,15,2,14556,,,,12,10760,,,,24,21456,,,,31,16589,,,,25,2364,,,,6,834,,,,19,25798,,,,29,29626,,,,14,3542,,,,,,,,,,,,,,,,,,,,,,,,,,,,,,,,,
173716,22-Sep-18,21:13:12,2018-09-22 21:13:12,G,4,6,5880,,0,9,-62.6659,-60.5664,13:18.7,FastGPS,-62.6659,-60.5664,,,7.5,0.7,,,,15,29,43,,,,12,23634,,,,25,20824,,,,2,30978,,,,31,2294,,,,6,21148,,,,3,21136,,,,14,5128,,,,32,27704,,,,,,,,,,,,,,,,,,,,,,,,,,,,,,,,,
173716,22-Sep-18,21:43:00,2018-09-22 21:43:00,G,2,6,5881,845,0,7,-62.6619,-60.565,43:05.2,FastGPS,-62.6619,-60.565,,,7.1,-0.8,,,,15,6,5882,,,,23,18101,,,,31,22503,,,,29,17135,,,,14,8550,,,,2,598,,,,25,6664,,,,,,,,,,,,,,,,,,,,,,,,,,,,,,,,,,,,,,,,,,,
173716,22-Sep-18,22:13:00,2018-09-22 22:13:00,G,2,6,5882,845,1,8,-62.6598,-60.5608,13:06.2,FastGPS,-62.6598,-60.5608,,1,15,0.2,,,,15,6,19731,,,,23,6969,,,,26,23154,,,,9,13635,,,,29,1260,,,,4,4446,,,,2,9722,,,,31,27000,,,,,,,,,,,,,,,,,,,,,,,,,,,,,,,,,,,,,,
173716,23-Sep-18,9:12:31,2018-09-23 09:12:31,G,1,6,5883,845,0,8,-62.6413,-60.5042,12:37.2,FastGPS,-62.6413,-60.5042,,1,14.5,0.2,,,,15,31,3518,,,,23,16928,,,,22,13808,,,,4,2979,,,,3,13862,,,,9,4606,,,,26,6932,,,,6,32289,,,,,,,,,,,,,,,,,,,,,,,,,,,,,,,,,,,,,,
173716,23-Sep-18,9:42:02,2018-09-23 09:42:02,G,1,6,5884,845,0,8,-62.6424,-60.5415,42:08.7,FastGPS,-62.6424,-60.5415,,,7.5,0.7,,,,15,6,29350,,,,9,28832,,,,22,10680,,,,3,33,,,,31,16706,,,,23,19324,,,,26,28036,,,,19,15210,,,,,,,,,,,,,,,,,,,,,,,,,,,,,,,,,,,,,,
173716,23-Sep-18,15:13:33,2018-09-23 15:13:33,G,1,6,5892,849,0,6,-62.6431,-60.6516,13:39.7,FastGPS,-62.6431,-60.6516,,,2.3,0.7,,,,15,7,31622,,,,28,9758,,,,30,29718,,,,13,24725,,,,5,28134,,,,15,1760,,,,,,,,,,,,,,,,,,,,,,,,,,,,,,,,,,,,,,,,,,,,,,,,
173716,23-Sep-18,15:43:00,2018-09-23 15:43:00,G,1,6,5893,849,0,6,-62.6454,-60.6438,43:06.2,FastGPS,-62.6454,-60.6438,,,7.6,0.2,,,,15,30,21346,,,,15,7156,,,,28,1738,,,,13,11678,,,,7,6295,,,,17,20624,,,,,,,,,,,,,,,,,,,,,,,,,,,,,,,,,,,,,,,,,,,,,,,,
173716,23-Sep-18,16:15:39,2018-09-23 16:15:39,G,1,6,5894,849,0,6,-62.6488,-60.6409,15:45.7,FastGPS,-62.6488,-60.6409,,,7.3,0.7,,,,15,13,3616,,,,15,4504,,,,17,17367,,,,28,25524,,,,11,25265,,,,30,29226,,,,,,,,,,,,,,,,,,,,,,,,,,,,,,,,,,,,,,,,,,,,,,,,
173716,23-Sep-18,16:46:44,2018-09-23 16:46:44,G,1,6,5895,,0,9,-62.6536,-60.6394,46:50.2,FastGPS,-62.6536,-60.6394,,,13.9,0.2,,,,15,10,28614,,,,15,5917,,,,28,15154,,,,11,14746,,,,13,5682,,,,20,23836,,,,18,27012,,,,17,3627,,,,30,11955,,,,,,,,,,,,,,,,,,,,,,,,,,,,,,,,,
173716,23-Sep-18,17:17:00,2018-09-23 17:17:00,G,1,7,5896,849,1,8,-62.6554,-60.6309,17:06.2,FastGPS,-62.6554,-60.6309,,,12.2,-0.8,,,,15,24,29897,,,,18,490,,,,11,21800,,,,15,18105,,,,10,12630,,,,12,14105,,,,1,15418,,,,20,7115,,,,,,,,,,,,,,,,,,,,,,,,,,,,,,,,,,,,,,
173716,24-Sep-18,10:04:51,2018-09-24 10:04:51,G,2,7,5898,849,0,8,-62.6419,-60.5396,04:57.7,FastGPS,-62.6419,-60.5396,,1,14.2,-0.3,,,,15,23,32432,,,,22,18610,,,,6,774,,,,3,14256,,,,9,7676,,,,16,18627,,,,26,2398,,,,4,28540,,,,,,,,,,,,,,,,,,,,,,,,,,,,,,,,,,,,,,
173716,24-Sep-18,10:36:29,2018-09-24 10:36:29,G,1,7,5899,,0,9,-62.6499,-60.5665,36:35.2,FastGPS,-62.6499,-60.5665,,1,4.8,-0.8,,,,15,7,3130,,,,29,19472,,,,2,8,,,,31,14760,,,,4,10446,,,,16,24720,,,,23,30798,,,,3,12060,,,,26,9474,,,,,,,,,,,,,,,,,,,,,,,,,,,,,,,,,
173716,24-Sep-18,11:06:14,2018-09-24 11:06:14,G,1,7,5900,849,0,6,-62.6495,-60.5649,06:20.2,FastGPS,-62.6495,-60.5649,,,9.2,-0.8,,,,15,16,484,,,,23,29766,,,,7,11543,,,,26,6875,,,,4,17460,,,,9,11702,,,,,,,,,,,,,,,,,,,,,,,,,,,,,,,,,,,,,,,,,,,,,,,,
173716,24-Sep-18,11:36:00,2018-09-24 11:36:00,G,3,7,5901,,0,9,-62.6517,-60.5711,36:06.2,FastGPS,-62.6517,-60.5711,,,7.4,-0.8,,,,15,7,32095,,,,29,29309,,,,5,199,,,,9,27622,,,,6,10257,,,,30,25079,,,,2,8440,,,,26,26654,,,,4,17850,,,,,,,,,,,,,,,,,,,,,,,,,,,,,,,,,
173716,24-Sep-18,12:06:14,2018-09-24 12:06:14,G,2,7,5902,849,0,8,-62.6485,-60.5617,06:20.8,FastGPS,-62.6485,-60.5617,,1,5.9,-0.2,,,,15,23,26170,,,,7,7962,,,,9,26717,,,,30,16210,,,,16,16482,,,,5,3514,,,,26,24700,,,,4,2209,,,,,,,,,,,,,,,,,,,,,,,,,,,,,,,,,,,,,,
173716,24-Sep-18,12:36:52,2018-09-24 12:36:52,G,1,7,5903,849,0,6,-62.65,-60.5633,36:58.8,FastGPS,-62.65,-60.5633,,,9,-0.2,,,,15,30,11754,,,,5,3108,,,,7,30165,,,,9,14111,,,,16,4270,,,,23,24699,,,,,,,,,,,,,,,,,,,,,,,,,,,,,,,,,,,,,,,,,,,,,,,,
173716,24-Sep-18,13:07:00,2018-09-24 13:07:00,G,2,7,5904,849,0,7,-62.6488,-60.559,07:06.2,FastGPS,-62.6488,-60.559,,,10.4,-0.8,,,,15,7,24253,,,,30,28216,,,,5,14600,,,,9,26924,,,,16,4656,,,,27,8153,,,,13,9514,,,,,,,,,,,,,,,,,,,,,,,,,,,,,,,,,,,,,,,,,,,
173716,24-Sep-18,13:38:12,2018-09-24 13:38:12,G,2,7,5905,849,0,6,-62.648,-60.5569,38:18.2,FastGPS,-62.6481,-60.5569,,,17.4,-0.8,,,,15,7,261,,,,5,8986,,,,30,6395,,,,8,27171,,,,13,25820,,,,9,10137,,,,,,,,,,,,,,,,,,,,,,,,,,,,,,,,,,,,,,,,,,,,,,,,
173716,24-Sep-18,14:09:00,2018-09-24 14:09:00,G,2,7,5906,849,0,6,-62.6478,-60.5554,09:06.7,FastGPS,-62.6478,-60.5554,,,3.7,-0.3,,,,15,5,990,,,,7,16256,,,,30,22179,,,,13,3172,,,,8,2187,,,,28,25996,,,,,,,,,,,,,,,,,,,,,,,,,,,,,,,,,,,,,,,,,,,,,,,,
173716,24-Sep-18,14:41:13,2018-09-24 14:41:13,G,3,7,5907,849,0,4,-62.641,-60.477,9/25/2018 2:56,N,-62.6479,-60.5589,,,1.3,-0.3,,,,15,13,9978,,,,5,31358,,,,30,16049,,,,28,18452,,,,,,,,,,,,,,,,,,,,,,,,,,,,,,,,,,,,,,,,,,,,,,,,,,,,,,,,,,
173716,24-Sep-18,17:29:00,2018-09-24 17:29:00,G,1,7,5912,,0,9,-62.647,-60.5529,29:06.2,FastGPS,-62.647,-60.5529,,,11.6,-0.8,,,,15,17,4912,,,,19,4364,,,,15,16769,,,,10,29600,,,,13,27944,,,,24,6588,,,,12,18328,,,,28,19863,,,,20,26928,,,,,,,,,,,,,,,,,,,,,,,,,,,,,,,,,
173716,24-Sep-18,18:29:00,2018-09-24 18:29:00,G,1,7,5914,,1,9,-62.646,-60.5443,29:06.3,FastGPS,-62.646,-60.5443,,,7.6,-0.7,,,,15,10,6791,,,,25,21133,,,,12,18071,,,,24,13254,,,,14,30994,,,,15,5944,,,,32,15406,,,,17,21215,,,,22,1268,,,,,,,,,,,,,,,,,,,,,,,,,,,,,,,,,
173716,25-Sep-18,5:37:49,2018-09-25 05:37:49,G,2,7,5916,,0,9,-62.6432,-60.4934,37:55.3,FastGPS,-62.6432,-60.4934,,,9.4,-0.7,,,,15,14,31534,,,,32,17219,,,,8,20008,,,,22,21796,,,,18,27165,,,,10,24188,,,,11,4760,,,,1,30397,,,,24,7286,,,,,,,,,,,,,,,,,,,,,,,,,,,,,,,,,
173716,25-Sep-18,6:38:56,2018-09-25 06:38:56,G,1,7,5918,,0,9,-62.6406,-60.4919,39:02.3,FastGPS,-62.6406,-60.4919,,,7.3,-0.7,,,,15,32,13580,,,,17,7457,,,,31,16856,,,,19,28886,,,,3,21174,,,,1,19564,,,,18,3610,,,,14,19463,,,,22,11664,,,,,,,,,,,,,,,,,,,,,,,,,,,,,,,,,
173716,25-Sep-18,7:24:25,2018-09-25 07:24:25,G,2,7,5919,,0,9,-62.6458,-60.5009,24:31.2,FastGPS,-62.6458,-60.5009,,,7.5,-0.8,,,,15,17,31164,,,,3,16461,,,,23,1568,,,,11,16325,,,,22,792,,,,14,18984,,,,12,25332,,,,18,30320,,,,32,18493,,,,,,,,,,,,,,,,,,,,,,,,,,,,,,,,,
173716,25-Sep-18,8:11:13,2018-09-25 08:11:13,G,2,7,5920,,0,9,-62.6467,-60.5135,11:19.7,FastGPS,-62.6467,-60.5135,,,7.9,-0.3,,,,15,1,19878,,,,23,28270,,,,31,13690,,,,12,24630,,,,22,15195,,,,18,8392,,,,3,30402,,,,11,5132,,,,19,16846,,,,,,,,,,,,,,,,,,,,,,,,,,,,,,,,,
173716,25-Sep-18,8:41:00,2018-09-25 08:41:00,G,2,7,5921,852,0,7,-62.6388,-60.5177,41:06.3,FastGPS,-62.6388,-60.5177,,,12.9,-0.7,,,,15,31,22349,,,,3,32274,,,,6,27606,,,,23,9460,,,,19,28242,,,,22,16240,,,,1,28646,,,,,,,,,,,,,,,,,,,,,,,,,,,,,,,,,,,,,,,,,,,
173716,25-Sep-18,9:11:35,2018-09-25 09:11:35,G,3,7,5922,,0,9,-62.634,-60.5177,11:41.8,FastGPS,-62.634,-60.5177,,1,16.4,-0.2,,,,15,22,13862,,,,31,17043,,,,25,22767,,,,4,20194,,,,26,27636,,,,6,8405,,,,1,13155,,,,3,28202,,,,9,27478,,,,,,,,,,,,,,,,,,,,,,,,,,,,,,,,,
173716,25-Sep-18,9:42:02,2018-09-25 09:42:02,G,2,7,5923,,0,9,-62.6337,-60.5166,42:08.3,FastGPS,-62.6337,-60.5166,,1,6.6,-0.7,,,,15,23,30022,,,,26,23275,,,,31,27995,,,,3,13188,,,,22,10966,,,,4,30331,,,,16,12271,,,,19,21956,,,,2,9888,,,,,,,,,,,,,,,,,,,,,,,,,,,,,,,,,
173716,25-Sep-18,10:43:24,2018-09-25 10:43:24,G,1,7,5925,,0,9,-62.6334,-60.5022,43:30.2,FastGPS,-62.6334,-60.5022,,1,8,-0.8,,,,15,4,27382,,,,26,2568,,,,9,25960,,,,7,12625,,,,6,9496,,,,2,31716,,,,31,17867,,,,29,22809,,,,23,31874,,,,,,,,,,,,,,,,,,,,,,,,,,,,,,,,,
173716,25-Sep-18,14:16:01,2018-09-25 14:16:01,G,1,7,5932,852,0,6,-62.6525,-60.5154,16:07.7,FastGPS,-62.6525,-60.5154,,,8,-0.3,,,,15,7,32540,,,,15,30501,,,,13,24286,,,,30,6188,,,,27,24205,,,,5,29044,,,,,,,,,,,,,,,,,,,,,,,,,,,,,,,,,,,,,,,,,,,,,,,,
173716,25-Sep-18,14:47:41,2018-09-25 14:47:41,G,2,7,5933,852,0,7,-62.6461,-60.506,47:47.7,FastGPS,-62.6461,-60.506,,,19.2,-0.3,,,,15,5,26372,,,,30,30604,,,,7,5639,,,,15,29124,,,,13,28912,,,,21,17740,,,,8,16733,,,,,,,,,,,,,,,,,,,,,,,,,,,,,,,,,,,,,,,,,,,
173716,25-Sep-18,15:18:21,2018-09-25 15:18:21,G,1,7,5934,852,0,5,-62.6507,-60.5233,18:27.8,FastGPS,-62.6507,-60.5233,,,12.8,-0.2,,,,15,15,11620,,,,5,5028,,,,13,31506,,,,28,1738,,,,7,4358,,,,,,,,,,,,,,,,,,,,,,,,,,,,,,,,,,,,,,,,,,,,,,,,,,,,,
173716,25-Sep-18,15:50:16,2018-09-25 15:50:16,G,1,7,5935,,0,9,-62.6502,-60.5267,50:22.7,FastGPS,-62.6502,-60.5267,,,13,-0.3,,,,15,13,27883,,,,30,28620,,,,11,3927,,,,8,5021,,,,18,30195,,,,28,2066,,,,10,2517,,,,17,30185,,,,7,27312,,,,,,,,,,,,,,,,,,,,,,,,,,,,,,,,,
173716,25-Sep-18,16:20:00,2018-09-25 16:20:00,G,3,7,5936,852,0,7,-62.6493,-60.5246,20:06.3,FastGPS,-62.6493,-60.5246,,,7.9,-0.7,,,,15,17,19758,,,,15,26951,,,,13,18804,,,,28,17758,,,,30,20789,,,,10,26125,,,,20,32236,,,,,,,,,,,,,,,,,,,,,,,,,,,,,,,,,,,,,,,,,,,
173716,25-Sep-18,16:50:00,2018-09-25 16:50:00,G,5,7,5937,852,0,7,-62.65,-60.5239,50:06.2,FastGPS,-62.65,-60.5239,,,16,-0.8,,,,15,15,27824,,,,28,9939,,,,13,27411,,,,10,32139,,,,24,22039,,,,19,21120,,,,17,6988,,,,,,,,,,,,,,,,,,,,,,,,,,,,,,,,,,,,,,,,,,,
173716,25-Sep-18,17:20:36,2018-09-25 17:20:36,G,2,7,5938,852,0,7,-62.6526,-60.5267,20:42.3,FastGPS,-62.6526,-60.5267,,,10,-0.7,,,,15,15,17647,,,,12,22798,,,,24,19880,,,,13,5551,,,,17,22080,,,,19,13685,,,,20,30616,,,,,,,,,,,,,,,,,,,,,,,,,,,,,,,,,,,,,,,,,,,
173716,25-Sep-18,17:50:00,2018-09-25 17:50:00,G,2,7,5939,,0,9,-62.6519,-60.5216,50:06.3,FastGPS,-62.6519,-60.5216,,,13.1,-0.7,,,,15,12,4036,,,,32,8953,,,,18,11649,,,,1,12866,,,,17,3874,,,,28,15084,,,,24,2736,,,,11,31159,,,,10,27929,,,,,,,,,,,,,,,,,,,,,,,,,,,,,,,,,
173716,26-Sep-18,9:15:14,2018-09-26 09:15:14,G,3,7,5946,852,0,8,-62.6355,-60.4576,15:20.8,FastGPS,-62.6355,-60.4576,,,13.2,-0.2,,,,15,22,22836,,,,3,19002,,,,6,27732,,,,31,6810,,,,23,14738,,,,26,29072,,,,19,12553,,,,25,14402,,,,,,,,,,,,,,,,,,,,,,,,,,,,,,,,,,,,,,
173716,26-Sep-18,9:46:26,2018-09-26 09:46:26,G,1,7,5947,852,0,7,-62.6367,-60.4567,46:32.8,FastGPS,-62.6367,-60.4567,,1,7.5,-0.2,,,,15,4,9208,,,,31,26632,,,,2,1568,,,,26,8194,,,,23,28600,,,,3,13790,,,,9,11662,,,,,,,,,,,,,,,,,,,,,,,,,,,,,,,,,,,,,,,,,,,
173716,26-Sep-18,10:16:53,2018-09-26 10:16:53,G,2,7,5948,852,0,8,-62.6371,-60.4655,16:59.7,FastGPS,-62.6371,-60.4655,,1,4.6,-0.3,,,,15,4,14698,,,,26,4600,,,,16,26786,,,,9,16196,,,,23,19616,,,,6,10452,,,,2,20202,,,,3,1592,,,,,,,,,,,,,,,,,,,,,,,,,,,,,,,,,,,,,,
173716,26-Sep-18,10:48:57,2018-09-26 10:48:57,G,1,7,5949,852,0,6,-62.6462,-60.4891,49:03.8,FastGPS,-62.6462,-60.4891,,,7.5,-0.2,,,,15,7,28443,,,,9,2037,,,,6,17204,,,,3,7155,,,,23,13459,,,,16,6477,,,,,,,,,,,,,,,,,,,,,,,,,,,,,,,,,,,,,,,,,,,,,,,,
173716,26-Sep-18,11:34:05,2018-09-26 11:34:05,G,1,7,5950,853,0,6,-62.6514,-60.4844,34:11.3,FastGPS,-62.6514,-60.4844,,,6.1,-0.7,,,,15,7,9601,,,,23,30107,,,,16,28930,,,,9,8176,,,,5,13257,,,,26,1229,,,,,,,,,,,,,,,,,,,,,,,,,,,,,,,,,,,,,,,,,,,,,,,,
173716,26-Sep-18,12:04:11,2018-09-26 12:04:11,G,1,7,5951,853,0,5,-62.6541,-60.4758,04:17.8,FastGPS,-62.6541,-60.4758,,,0.7,-0.2,,,,15,7,8969,,,,23,20780,,,,9,32194,,,,5,10854,,,,16,30550,,,,,,,,,,,,,,,,,,,,,,,,,,,,,,,,,,,,,,,,,,,,,,,,,,,,,
173716,26-Sep-18,13:08:05,2018-09-26 13:08:05,G,2,7,5953,853,0,6,-62.6441,-60.4959,08:11.8,FastGPS,-62.6441,-60.4959,,,11.9,-0.2,,,,15,8,10672,,,,30,26728,,,,27,5232,,,,9,30985,,,,5,31736,,,,7,26261,,,,,,,,,,,,,,,,,,,,,,,,,,,,,,,,,,,,,,,,,,,,,,,,
173716,26-Sep-18,14:09:15,2018-09-26 14:09:15,G,2,7,5955,853,0,8,-62.642,-60.533,09:21.8,FastGPS,-62.642,-60.533,,,6.1,-0.2,,,,15,5,4722,,,,13,18222,,,,28,21740,,,,7,10457,,,,30,9226,,,,8,4802,,,,15,20938,,,,27,28833,,,,,,,,,,,,,,,,,,,,,,,,,,,,,,,,,,,,,,
173716,26-Sep-18,14:39:01,2018-09-26 14:39:01,G,2,7,5956,853,0,6,-62.6521,-60.5659,39:07.3,FastGPS,-62.6521,-60.5659,,,4.6,-0.7,,,,15,5,31998,,,,15,474,,,,13,9721,,,,28,27335,,,,30,27324,,,,8,6780,,,,,,,,,,,,,,,,,,,,,,,,,,,,,,,,,,,,,,,,,,,,,,,,
173716,26-Sep-18,15:41:06,2018-09-26 15:41:06,G,3,7,5958,853,0,8,-62.6689,-60.5919,41:12.8,FastGPS,-62.6689,-60.5919,,,14.4,-0.2,,,,15,13,23226,,,,11,18610,,,,18,7366,,,,28,24842,,,,8,11334,,,,30,4138,,,,15,18997,,,,7,8136,,,,,,,,,,,,,,,,,,,,,,,,,,,,,,,,,,,,,,
173716,26-Sep-18,16:12:13,2018-09-26 16:12:13,G,1,7,5959,,0,9,-62.6735,-60.578,12:19.3,FastGPS,-62.6735,-60.578,,,4.6,-0.7,,,,15,17,26961,,,,13,18625,,,,18,20542,,,,11,32649,,,,1,24980,,,,15,15463,,,,28,15009,,,,30,27045,,,,24,14522,,,,,,,,,,,,,,,,,,,,,,,,,,,,,,,,,
173716,26-Sep-18,17:12:07,2018-09-26 17:12:07,G,1,7,5961,,0,9,-62.6751,-60.5555,12:13.3,FastGPS,-62.6751,-60.5555,,,16.1,-0.7,,,,15,17,6387,,,,15,19299,,,,28,7892,,,,19,23144,,,,11,23848,,,,1,7941,,,,24,1089,,,,10,22923,,,,18,9570,,,,,,,,,,,,,,,,,,,,,,,,,,,,,,,,,
173716,26-Sep-18,17:43:05,2018-09-26 17:43:05,G,1,7,5962,853,0,8,-62.6754,-60.5472,43:11.8,FastGPS,-62.6754,-60.5472,,,10.1,-0.2,,,,15,17,8397,,,,12,30006,,,,28,922,,,,10,6963,,,,1,19315,,,,19,22617,,,,15,3238,,,,24,3525,,,,,,,,,,,,,,,,,,,,,,,,,,,,,,,,,,,,,,
173716,26-Sep-18,18:13:00,2018-09-26 18:13:00,G,1,7,5963,853,0,7,-62.6778,-60.5345,13:06.3,FastGPS,-62.6778,-60.5345,,,14.6,-0.7,,,,15,12,3609,,,,32,4776,,,,15,16836,,,,17,14122,,,,1,10822,,,,19,7146,,,,24,24599,,,,,,,,,,,,,,,,,,,,,,,,,,,,,,,,,,,,,,,,,,,
173716,26-Sep-18,18:43:08,2018-09-26 18:43:08,G,1,7,5964,853,0,8,-62.6737,-60.527,43:14.3,FastGPS,-62.6737,-60.527,,,9.1,-0.7,,,,15,17,8444,,,,32,10778,,,,12,26175,,,,15,15814,,,,19,20592,,,,14,32318,,,,24,9567,,,,25,31386,,,,,,,,,,,,,,,,,,,,,,,,,,,,,,,,,,,,,,
173716,26-Sep-18,19:13:19,2018-09-26 19:13:19,G,1,7,5965,,0,9,-62.6723,-60.5183,13:25.7,FastGPS,-62.6723,-60.5183,,,18.1,-0.3,,,,15,12,7216,,,,24,4552,,,,6,28205,,,,32,25354,,,,17,15092,,,,2,21626,,,,19,10676,,,,14,10026,,,,25,9404,,,,,,,,,,,,,,,,,,,,,,,,,,,,,,,,,
173716,26-Sep-18,19:43:00,2018-09-26 19:43:00,G,1,7,5966,,0,9,-62.6761,-60.4977,43:06.3,FastGPS,-62.6761,-60.4977,,,8.3,-0.7,,,,15,12,12318,,,,31,28640,,,,22,7347,,,,14,1192,,,,32,17530,,,,25,28084,,,,24,20737,,,,2,14660,,,,19,20998,,,,,,,,,,,,,,,,,,,,,,,,,,,,,,,,,
173716,26-Sep-18,20:13:00,2018-09-26 20:13:00,G,1,7,5967,853,1,6,-62.6802,-60.4777,13:06.3,FastGPS,-62.6802,-60.4777,,,13.3,-0.7,,,,15,29,29274,,,,24,13815,,,,32,5382,,,,2,29494,,,,25,1247,,,,12,22629,,,,,,,,,,,,,,,,,,,,,,,,,,,,,,,,,,,,,,,,,,,,,,,,
173716,27-Sep-18,5:25:06,2018-09-27 05:25:06,G,2,7,5971,,0,9,-62.7582,-60.2711,25:12.8,FastGPS,-62.7582,-60.2711,,,6.8,-0.2,,,,15,11,7106,,,,32,20004,,,,18,29985,,,,8,10580,,,,1,23098,,,,22,7532,,,,14,22707,,,,28,29946,,,,10,16410,,,,,,,,,,,,,,,,,,,,,,,,,,,,,,,,,
173716,27-Sep-18,5:56:04,2018-09-27 05:56:04,G,2,7,5972,853,0,6,-62.7632,-60.3085,56:09.2,FastGPS,-62.7632,-60.3085,,,4.9,-1.8,,,,15,11,12105,,,,1,32334,,,,10,17515,,,,18,507,,,,22,27811,,,,24,1473,,,,,,,,,,,,,,,,,,,,,,,,,,,,,,,,,,,,,,,,,,,,,,,,
173716,27-Sep-18,6:57:42,2018-09-27 06:57:42,G,1,7,5974,853,0,7,-62.7629,-60.3077,57:48.3,FastGPS,-62.7629,-60.3077,,,5.1,-0.7,,,,15,12,29434,,,,31,7172,,,,18,19493,,,,32,19158,,,,14,17800,,,,1,29887,,,,3,27507,,,,,,,,,,,,,,,,,,,,,,,,,,,,,,,,,,,,,,,,,,,
173716,27-Sep-18,16:41:02,2018-09-27 16:41:02,G,2,7,5993,853,0,8,-62.7519,-60.3389,41:08.3,FastGPS,-62.7519,-60.3389,,,16.8,-0.7,,,,15,15,32240,,,,24,23862,,,,17,9289,,,,28,18272,,,,13,1311,,,,20,6760,,,,10,4250,,,,19,22220,,,,,,,,,,,,,,,,,,,,,,,,,,,,,,,,,,,,,,
173716,27-Sep-18,17:11:16,2018-09-27 17:11:16,G,1,7,5994,853,0,8,-62.752,-60.3392,11:22.8,FastGPS,-62.752,-60.3392,,,11.1,-0.2,,,,15,17,23217,,,,10,29933,,,,28,6019,,,,15,21525,,,,18,17390,,,,11,28801,,,,1,22942,,,,19,12309,,,,,,,,,,,,,,,,,,,,,,,,,,,,,,,,,,,,,,
173716,27-Sep-18,18:15:21,2018-09-27 18:15:21,G,2,7,5996,853,0,6,-62.752,-60.3394,15:27.3,FastGPS,-62.752,-60.3394,,,4.9,-0.7,,,,15,12,10813,,,,19,1488,,,,22,31042,,,,15,8534,,,,1,19038,,,,24,12036,,,,,,,,,,,,,,,,,,,,,,,,,,,,,,,,,,,,,,,,,,,,,,,,
173716,27-Sep-18,18:46:51,2018-09-27 18:46:51,G,2,7,5997,853,0,5,-62.7521,-60.3379,46:57.4,FastGPS,-62.7521,-60.3379,,,3,-0.6,,,,15,12,29562,,,,17,2684,,,,32,8160,,,,19,3352,,,,14,12598,,,,,,,,,,,,,,,,,,,,,,,,,,,,,,,,,,,,,,,,,,,,,,,,,,,,,
173716,27-Sep-18,21:09:34,2018-09-27 21:09:34,G,2,7,6001,854,0,6,-62.7029,-60.3842,09:40.3,FastGPS,-62.7029,-60.3842,,,3.5,-0.7,,,,15,29,25642,,,,31,11632,,,,12,7534,,,,25,26192,,,,2,15288,,,,14,9872,,,,,,,,,,,,,,,,,,,,,,,,,,,,,,,,,,,,,,,,,,,,,,,,
173716,27-Sep-18,21:40:25,2018-09-27 21:40:25,G,1,7,6002,854,0,6,-62.7181,-60.4132,40:31.8,FastGPS,-62.7181,-60.4132,,,5.2,-0.2,,,,15,12,3544,,,,4,7495,,,,29,26592,,,,31,6106,,,,6,28226,,,,23,12840,,,,,,,,,,,,,,,,,,,,,,,,,,,,,,,,,,,,,,,,,,,,,,,,
173716,27-Sep-18,22:10:08,2018-09-27 22:10:08,G,1,7,6003,854,0,6,-62.7206,-60.4369,10:14.3,FastGPS,-62.7206,-60.4369,,1,10.5,-0.7,,,,15,29,26975,,,,2,29601,,,,31,18462,,,,4,32134,,,,25,4933,,,,26,27497,,,,,,,,,,,,,,,,,,,,,,,,,,,,,,,,,,,,,,,,,,,,,,,,
173716,27-Sep-18,23:10:20,2018-09-27 23:10:20,G,1,7,6004,,0,9,-62.6937,-60.4285,10:26.8,FastGPS,-62.6937,-60.4285,,,11.9,-0.2,,,,15,29,32720,,,,25,22730,,,,31,15014,,,,5,17307,,,,26,3686,,,,2,19519,,,,4,29498,,,,16,19280,,,,21,11209,,,,,,,,,,,,,,,,,,,,,,,,,,,,,,,,,
173716,27-Sep-18,23:42:11,2018-09-27 23:42:11,G,1,7,6005,855,0,6,-62.678,-60.425,42:17.8,FastGPS,-62.678,-60.425,,,5.9,-0.2,,,,15,4,29702,,,,29,13645,,,,21,29367,,,,26,32498,,,,5,686,,,,31,21190,,,,,,,,,,,,,,,,,,,,,,,,,,,,,,,,,,,,,,,,,,,,,,,,
173716,28-Sep-18,0:16:57,2018-09-28 00:16:57,G,1,7,6006,855,0,6,-62.6644,-60.4037,17:03.8,FastGPS,-62.6644,-60.4037,,1,0.8,-0.2,,,,15,5,1726,,,,29,22260,,,,21,32250,,,,4,17942,,,,16,373,,,,26,19265,,,,,,,,,,,,,,,,,,,,,,,,,,,,,,,,,,,,,,,,,,,,,,,,
173716,28-Sep-18,0:47:00,2018-09-28 00:47:00,G,1,7,6007,,0,9,-62.6602,-60.3939,47:06.3,FastGPS,-62.6602,-60.3939,,,10.1,-0.7,,,,15,29,21410,,,,21,13038,,,,4,13,,,,13,20913,,,,5,2510,,,,20,15191,,,,26,25302,,,,7,13735,,,,15,23098,,,,,,,,,,,,,,,,,,,,,,,,,,,,,,,,,
173716,28-Sep-18,1:17:00,2018-09-28 01:17:00,G,1,7,6008,,1,9,-62.6566,-60.3881,17:06.3,FastGPS,-62.6566,-60.3881,,,13.2,-0.7,,,,15,7,30003,,,,26,19926,,,,16,20653,,,,20,14537,,,,21,10452,,,,4,8490,,,,27,15901,,,,29,214,,,,10,26213,,,,,,,,,,,,,,,,,,,,,,,,,,,,,,,,,
173716,28-Sep-18,4:19:21,2018-09-28 04:19:21,G,1,7,6012,,0,9,-62.6372,-60.4564,19:27.3,FastGPS,-62.6372,-60.4564,,,10.1,-0.7,,,,15,1,2927,,,,8,29545,,,,27,25268,,,,32,9605,,,,10,4086,,,,28,4816,,,,18,24316,,,,14,28213,,,,15,19254,,,,,,,,,,,,,,,,,,,,,,,,,,,,,,,,,
173716,28-Sep-18,4:53:49,2018-09-28 04:53:49,G,1,7,6013,,0,9,-62.6412,-60.4914,53:55.8,FastGPS,-62.6412,-60.4914,,,4.6,-0.2,,,,15,32,9329,,,,27,2054,,,,11,6040,,,,10,12630,,,,1,950,,,,18,30776,,,,8,12404,,,,14,18490,,,,22,21790,,,,,,,,,,,,,,,,,,,,,,,,,,,,,,,,,
173716,28-Sep-18,5:26:40,2018-09-28 05:26:40,G,1,7,6014,857,0,8,-62.6454,-60.5161,26:46.3,FastGPS,-62.6454,-60.5161,,,9.2,-0.7,,,,15,22,22368,,,,8,11316,,,,32,14269,,,,11,1997,,,,10,15764,,,,1,29976,,,,18,24290,,,,17,15884,,,,,,,,,,,,,,,,,,,,,,,,,,,,,,,,,,,,,,
173716,28-Sep-18,6:27:20,2018-09-28 06:27:20,G,1,7,6016,,0,9,-62.6547,-60.585,27:26.3,FastGPS,-62.6547,-60.585,,,6,-0.7,,,,15,3,30425,,,,17,16100,,,,11,22617,,,,22,19572,,,,18,8385,,,,1,26345,,,,32,18475,,,,31,24946,,,,14,25516,,,,,,,,,,,,,,,,,,,,,,,,,,,,,,,,,
173716,28-Sep-18,6:57:11,2018-09-28 06:57:11,G,2,7,6017,,0,9,-62.6547,-60.5844,57:17.8,FastGPS,-62.6547,-60.5844,,,12.8,-0.2,,,,15,17,14018,,,,11,11268,,,,18,26925,,,,1,12048,,,,3,23916,,,,31,3897,,,,14,28930,,,,19,48,,,,22,1766,,,,,,,,,,,,,,,,,,,,,,,,,,,,,,,,,
173716,28-Sep-18,7:28:16,2018-09-28 07:28:16,G,3,7,6018,,0,9,-62.6546,-60.5843,28:22.8,FastGPS,-62.6546,-60.5843,,,9.8,-0.2,,,,15,31,15972,,,,3,15798,,,,22,829,,,,14,5152,,,,18,32340,,,,11,21696,,,,1,7237,,,,17,13308,,,,19,18330,,,,,,,,,,,,,,,,,,,,,,,,,,,,,,,,,
173716,28-Sep-18,7:58:12,2018-09-28 07:58:12,G,3,7,6019,857,0,7,-62.6543,-60.5854,58:18.8,FastGPS,-62.6543,-60.5854,,,5,-0.2,,,,15,3,15357,,,,31,30640,,,,22,1582,,,,23,9896,,,,19,2784,,,,1,7733,,,,17,5644,,,,,,,,,,,,,,,,,,,,,,,,,,,,,,,,,,,,,,,,,,,
173716,28-Sep-18,8:28:01,2018-09-28 08:28:01,G,1,7,6020,857,0,8,-62.6544,-60.5857,28:07.8,FastGPS,-62.6544,-60.5857,,,7.6,-0.2,,,,15,31,22295,,,,22,17672,,,,19,29333,,,,1,31112,,,,3,32290,,,,17,11670,,,,9,32720,,,,25,19110,,,,,,,,,,,,,,,,,,,,,,,,,,,,,,,,,,,,,,
173716,28-Sep-18,8:58:40,2018-09-28 08:58:40,G,1,7,6021,,0,9,-62.6545,-60.5914,58:46.3,FastGPS,-62.6545,-60.5914,,1,12.9,-0.7,,,,15,26,28740,,,,23,29162,,,,4,21646,,,,22,20252,,,,3,630,,,,31,22757,,,,6,11393,,,,14,20523,,,,9,30832,,,,,,,,,,,,,,,,,,,,,,,,,,,,,,,,,
173716,28-Sep-18,9:29:03,2018-09-28 09:29:03,G,1,7,6022,,0,9,-62.6546,-60.5882,29:09.8,FastGPS,-62.6546,-60.5882,,,6.1,-0.2,,,,15,6,24198,,,,19,11286,,,,31,17481,,,,9,11594,,,,22,553,,,,26,7400,,,,25,31654,,,,23,15978,,,,3,1642,,,,,,,,,,,,,,,,,,,,,,,,,,,,,,,,,
173716,28-Sep-18,17:00:58,2018-09-28 17:00:58,G,1,7,6036,858,0,7,-62.6648,-60.7061,01:04.8,FastGPS,-62.6648,-60.7061,,,19.1,-0.2,,,,15,15,8860,,,,12,30964,,,,24,9945,,,,13,13372,,,,17,16262,,,,28,2862,,,,19,28584,,,,,,,,,,,,,,,,,,,,,,,,,,,,,,,,,,,,,,,,,,,
173716,28-Sep-18,18:03:19,2018-09-28 18:03:19,G,1,7,6037,860,0,6,-62.6872,-60.7164,03:25.8,FastGPS,-62.6872,-60.7164,,,6.1,-0.2,,,,15,15,19804,,,,12,28252,,,,17,12687,,,,32,30328,,,,19,1969,,,,1,10229,,,,,,,,,,,,,,,,,,,,,,,,,,,,,,,,,,,,,,,,,,,,,,,,
173716,28-Sep-18,18:37:02,2018-09-28 18:37:02,G,1,7,6038,,0,9,-62.7036,-60.7392,37:08.3,FastGPS,-62.7036,-60.7392,,,4.9,-0.7,,,,15,12,22486,,,,17,24988,,,,32,6222,,,,25,482,,,,19,10458,,,,6,4993,,,,24,30811,,,,15,29842,,,,14,31898,,,,,,,,,,,,,,,,,,,,,,,,,,,,,,,,,
173716,28-Sep-18,19:07:00,2018-09-28 19:07:00,G,1,7,6039,,0,9,-62.7048,-60.7523,07:06.3,FastGPS,-62.7048,-60.7523,,,6.2,-0.7,,,,15,17,16822,,,,19,17303,,,,12,20536,,,,24,9980,,,,32,4539,,,,6,9909,,,,25,28984,,,,2,8864,,,,14,26012,,,,,,,,,,,,,,,,,,,,,,,,,,,,,,,,,
173716,28-Sep-18,19:38:14,2018-09-28 19:38:14,G,1,7,6040,,0,9,-62.7025,-60.7558,38:20.3,FastGPS,-62.7025,-60.7558,,,10.9,-0.7,,,,15,2,4722,,,,17,10653,,,,6,13174,,,,19,17292,,,,12,20390,,,,24,14601,,,,29,24540,,,,25,15176,,,,14,11851,,,,,,,,,,,,,,,,,,,,,,,,,,,,,,,,,
173716,28-Sep-18,20:08:00,2018-09-28 20:08:00,G,1,7,6041,860,0,8,-62.7023,-60.7584,08:06.3,FastGPS,-62.7023,-60.7584,,,16.1,-0.7,,,,15,12,21065,,,,25,11680,,,,2,9652,,,,31,2454,,,,14,16372,,,,6,4880,,,,32,32308,,,,24,235,,,,,,,,,,,,,,,,,,,,,,,,,,,,,,,,,,,,,,
173716,28-Sep-18,21:10:41,2018-09-28 21:10:41,G,1,7,6043,860,0,7,-62.6997,-60.7389,10:47.8,FastGPS,-62.6997,-60.7389,,,7.8,-0.2,,,,15,12,2775,,,,29,24308,,,,2,29296,,,,31,4645,,,,14,4813,,,,25,6449,,,,6,31414,,,,,,,,,,,,,,,,,,,,,,,,,,,,,,,,,,,,,,,,,,,
173716,28-Sep-18,23:58:01,2018-09-28 23:58:01,G,2,7,6048,861,0,5,-62.6687,-60.778,58:07.4,FastGPS,-62.6687,-60.778,,,6.8,-0.6,,,,15,5,29072,,,,29,6445,,,,16,31056,,,,26,27540,,,,9,5320,,,,,,,,,,,,,,,,,,,,,,,,,,,,,,,,,,,,,,,,,,,,,,,,,,,,,
173716,29-Sep-18,0:58:27,2018-09-29 00:58:27,G,2,7,6050,,0,9,-62.6703,-60.7848,58:33.3,FastGPS,-62.6703,-60.7848,,,15.1,-0.7,,,,15,29,31648,,,,27,28856,,,,21,8720,,,,20,26504,,,,16,25177,,,,5,26509,,,,7,19554,,,,10,21682,,,,26,1210,,,,,,,,,,,,,,,,,,,,,,,,,,,,,,,,,
173716,29-Sep-18,1:28:25,2018-09-29 01:28:25,G,1,7,6051,861,0,8,-62.6703,-60.7844,28:31.8,FastGPS,-62.6703,-60.7844,,,16.5,-0.2,,,,15,29,24666,,,,30,21266,,,,5,3661,,,,20,1120,,,,13,5315,,,,26,30953,,,,21,1310,,,,10,4014,,,,,,,,,,,,,,,,,,,,,,,,,,,,,,,,,,,,,,
173716,29-Sep-18,1:59:22,2018-09-29 01:59:22,G,1,7,6052,,0,9,-62.6719,-60.789,59:28.8,FastGPS,-62.6719,-60.789,,,12.3,-0.2,,,,15,10,18664,,,,26,4127,,,,20,19242,,,,15,10030,,,,16,16342,,,,21,18020,,,,7,6593,,,,8,16977,,,,13,31911,,,,,,,,,,,,,,,,,,,,,,,,,,,,,,,,,
173716,29-Sep-18,10:09:02,2018-09-29 10:09:02,G,1,7,6064,,0,9,-62.6741,-60.7392,09:08.8,FastGPS,-62.6741,-60.7392,,,10.1,-0.2,,,,15,7,4572,,,,22,23564,,,,29,10024,,,,2,27106,,,,31,17307,,,,6,733,,,,26,5570,,,,23,11096,,,,16,4066,,,,,,,,,,,,,,,,,,,,,,,,,,,,,,,,,
173716,29-Sep-18,10:39:22,2018-09-29 10:39:22,G,1,7,6065,,0,9,-62.6741,-60.7393,39:28.8,FastGPS,-62.6741,-60.7393,,,6.3,-0.2,,,,15,7,19176,,,,2,18140,,,,3,3843,,,,6,20372,,,,16,21776,,,,23,17142,,,,26,13701,,,,29,14356,,,,9,13687,,,,,,,,,,,,,,,,,,,,,,,,,,,,,,,,,
173716,29-Sep-18,11:40:04,2018-09-29 11:40:04,G,1,7,6067,,0,9,-62.674,-60.7394,40:10.8,FastGPS,-62.674,-60.7394,,,8.8,-0.2,,,,15,5,1112,,,,26,30571,,,,23,4726,,,,30,10883,,,,29,21610,,,,7,13702,,,,16,7155,,,,6,4388,,,,9,23598,,,,,,,,,,,,,,,,,,,,,,,,,,,,,,,,,
173716,29-Sep-18,12:43:22,2018-09-29 12:43:22,G,1,7,6069,,0,9,-62.6737,-60.7388,43:28.3,FastGPS,-62.6737,-60.7388,,,7.7,-0.7,,,,15,27,8358,,,,5,19374,,,,16,24430,,,,21,13479,,,,9,12000,,,,13,5314,,,,30,28995,,,,7,1613,,,,23,26704,,,,,,,,,,,,,,,,,,,,,,,,,,,,,,,,,
173716,29-Sep-18,13:14:36,2018-09-29 13:14:36,G,1,7,6070,867,0,8,-62.6803,-60.732,14:42.3,FastGPS,-62.6803,-60.732,,,6.4,-0.7,,,,15,7,238,,,,5,5259,,,,30,29697,,,,13,8908,,,,9,15013,,,,8,11433,,,,28,11839,,,,21,22451,,,,,,,,,,,,,,,,,,,,,,,,,,,,,,,,,,,,,,
173716,29-Sep-18,14:22:39,2018-09-29 14:22:39,G,2,7,6072,867,0,8,-62.6884,-60.7547,22:45.8,FastGPS,-62.6884,-60.7547,,,5.6,-0.2,,,,15,7,5466,,,,30,10434,,,,8,16288,,,,13,12055,,,,15,28848,,,,28,22232,,,,27,12750,,,,5,24174,,,,,,,,,,,,,,,,,,,,,,,,,,,,,,,,,,,,,,
173716,29-Sep-18,14:52:07,2018-09-29 14:52:07,G,1,7,6073,867,0,8,-62.6909,-60.7545,52:13.8,FastGPS,-62.6909,-60.7545,,,6.4,-0.2,,,,15,15,1573,,,,5,3008,,,,7,1906,,,,13,13559,,,,30,7474,,,,28,2270,,,,11,21209,,,,20,10696,,,,,,,,,,,,,,,,,,,,,,,,,,,,,,,,,,,,,,
173716,29-Sep-18,15:53:00,2018-09-29 15:53:00,G,1,7,6075,,0,9,-62.6924,-60.7615,53:06.3,FastGPS,-62.6924,-60.7615,,,11.1,-0.7,,,,15,15,4944,,,,20,21868,,,,24,15579,,,,17,23064,,,,13,29228,,,,11,23476,,,,28,19934,,,,19,17114,,,,18,4086,,,,,,,,,,,,,,,,,,,,,,,,,,,,,,,,,
173716,29-Sep-18,16:59:24,2018-09-29 16:59:24,G,2,7,6077,867,0,7,-62.69,-60.7569,59:30.3,FastGPS,-62.69,-60.7569,,,5.7,-0.7,,,,15,17,3635,,,,19,20114,,,,28,7756,,,,15,18984,,,,13,17530,,,,24,32324,,,,1,5368,,,,,,,,,,,,,,,,,,,,,,,,,,,,,,,,,,,,,,,,,,,
173716,29-Sep-18,17:29:00,2018-09-29 17:29:00,G,2,7,6078,867,0,7,-62.6891,-60.7375,29:06.3,FastGPS,-62.6891,-60.7375,,,5.5,-0.7,,,,15,17,27673,,,,12,9752,,,,10,32190,,,,15,29195,,,,19,5365,,,,32,16002,,,,1,7076,,,,,,,,,,,,,,,,,,,,,,,,,,,,,,,,,,,,,,,,,,,
173716,29-Sep-18,18:01:35,2018-09-29 18:01:35,G,1,7,6079,867,0,8,-62.6904,-60.7136,01:41.3,FastGPS,-62.6904,-60.7136,,,4.8,-0.7,,,,15,17,6754,,,,24,19803,,,,19,2562,,,,1,3590,,,,15,7541,,,,32,2418,,,,18,22984,,,,28,30902,,,,,,,,,,,,,,,,,,,,,,,,,,,,,,,,,,,,,,
173716,29-Sep-18,18:31:41,2018-09-29 18:31:41,G,1,7,6080,,0,9,-62.6908,-60.6956,31:47.3,FastGPS,-62.6908,-60.6956,,,8.4,-0.7,,,,15,32,4713,,,,17,29801,,,,25,28953,,,,12,19903,,,,19,11852,,,,24,527,,,,6,1291,,,,15,3386,,,,14,28209,,,,,,,,,,,,,,,,,,,,,,,,,,,,,,,,,
173716,29-Sep-18,19:02:00,2018-09-29 19:02:00,G,1,7,6081,,0,9,-62.6852,-60.6842,02:06.3,FastGPS,-62.6852,-60.6842,,,5.9,-0.7,,,,15,17,10483,,,,19,8743,,,,24,2206,,,,32,26604,,,,12,8811,,,,6,30312,,,,25,15359,,,,14,13490,,,,2,27559,,,,,,,,,,,,,,,,,,,,,,,,,,,,,,,,,
173716,29-Sep-18,21:37:00,2018-09-29 21:37:00,G,1,7,6086,867,0,5,-62.649,-60.603,37:06.4,FastGPS,-62.649,-60.603,,,4,-0.6,,,,15,12,14157,,,,6,3565,,,,2,3648,,,,25,7882,,,,29,2576,,,,,,,,,,,,,,,,,,,,,,,,,,,,,,,,,,,,,,,,,,,,,,,,,,,,,
173716,29-Sep-18,22:07:00,2018-09-29 22:07:00,G,1,7,6087,867,1,5,-62.6488,-60.6028,07:06.4,FastGPS,-62.6488,-60.6028,,,3.1,-0.6,,,,15,12,27207,,,,25,25816,,,,2,14525,,,,29,2163,,,,31,16084,,,,,,,,,,,,,,,,,,,,,,,,,,,,,,,,,,,,,,,,,,,,,,,,,,,,,
173716,29-Sep-18,22:37:00,2018-09-29 22:37:00,G,1,7,6088,867,1,6,-62.6489,-60.6034,37:06.3,FastGPS,-62.6489,-60.6034,,,3,-0.7,,,,15,5,30950,,,,31,19879,,,,25,18755,,,,21,8324,,,,29,8139,,,,2,26489,,,,,,,,,,,,,,,,,,,,,,,,,,,,,,,,,,,,,,,,,,,,,,,,
173716,30-Sep-18,6:24:26,2018-09-30 06:24:26,G,1,7,6089,867,0,8,-62.6489,-60.6047,24:32.3,FastGPS,-62.6489,-60.6047,,,12.3,-0.7,,,,15,17,5453,,,,31,25149,,,,3,28462,,,,1,6928,,,,22,10477,,,,11,24180,,,,32,17400,,,,14,3798,,,,,,,,,,,,,,,,,,,,,,,,,,,,,,,,,,,,,,
173716,30-Sep-18,6:55:44,2018-09-30 06:55:44,G,1,7,6090,,0,9,-62.654,-60.6219,55:50.8,FastGPS,-62.654,-60.6219,,,10.4,-0.2,,,,15,31,6884,,,,18,18698,,,,17,28598,,,,32,11978,,,,11,4156,,,,3,23136,,,,14,29935,,,,23,19139,,,,1,17368,,,,,,,,,,,,,,,,,,,,,,,,,,,,,,,,,
173716,30-Sep-18,7:26:08,2018-09-30 07:26:08,G,1,7,6091,,0,9,-62.6539,-60.6215,26:14.8,FastGPS,-62.6539,-60.6215,,,11.1,-0.2,,,,15,23,1356,,,,31,23839,,,,14,12547,,,,17,30690,,,,12,27108,,,,11,25456,,,,1,18555,,,,32,15505,,,,18,1802,,,,,,,,,,,,,,,,,,,,,,,,,,,,,,,,,
173716,30-Sep-18,10:06:36,2018-09-30 10:06:36,G,1,7,6096,,0,9,-62.6538,-60.6223,06:42.8,FastGPS,-62.6538,-60.6223,,,10,-0.2,,,,15,31,24048,,,,29,26630,,,,16,23537,,,,3,18503,,,,2,10223,,,,6,10671,,,,9,4278,,,,23,22680,,,,7,26535,,,,,,,,,,,,,,,,,,,,,,,,,,,,,,,,,
173716,30-Sep-18,10:39:47,2018-09-30 10:39:47,G,2,7,6097,867,0,5,-62.6539,-60.6225,39:53.8,FastGPS,-62.6539,-60.6225,,,4.2,-0.2,,,,15,7,11992,,,,2,21897,,,,29,21009,,,,5,31852,,,,6,10339,,,,,,,,,,,,,,,,,,,,,,,,,,,,,,,,,,,,,,,,,,,,,,,,,,,,,
173716,30-Sep-18,11:10:01,2018-09-30 11:10:01,G,1,7,6098,867,0,6,-62.6539,-60.6222,10:07.8,FastGPS,-62.6539,-60.6222,,,6.2,-0.2,,,,15,7,27644,,,,5,24232,,,,9,28120,,,,23,4805,,,,2,10948,,,,6,16874,,,,,,,,,,,,,,,,,,,,,,,,,,,,,,,,,,,,,,,,,,,,,,,,
173716,30-Sep-18,11:41:27,2018-09-30 11:41:27,G,1,7,6099,867,0,7,-62.6537,-60.622,41:33.4,FastGPS,-62.6537,-60.622,,,9.5,-0.6,,,,15,16,30238,,,,23,9333,,,,26,7353,,,,5,13965,,,,29,1741,,,,9,6016,,,,7,21352,,,,,,,,,,,,,,,,,,,,,,,,,,,,,,,,,,,,,,,,,,,
173716,30-Sep-18,12:41:47,2018-09-30 12:41:47,G,1,7,6101,,0,9,-62.6539,-60.6223,41:53.4,FastGPS,-62.6539,-60.6223,,,10.1,-0.7,,,,15,5,3062,,,,13,29702,,,,16,30295,,,,30,16664,,,,27,28940,,,,21,2270,,,,8,18037,,,,9,16228,,,,7,14508,,,,,,,,,,,,,,,,,,,,,,,,,,,,,,,,,
173716,30-Sep-18,15:18:14,2018-09-30 15:18:14,G,1,7,6106,867,0,7,-62.6513,-60.6051,18:20.8,FastGPS,-62.6513,-60.6051,,,7.7,-0.2,,,,15,30,16791,,,,15,27346,,,,20,10454,,,,17,17355,,,,10,9270,,,,13,18040,,,,28,12610,,,,,,,,,,,,,,,,,,,,,,,,,,,,,,,,,,,,,,,,,,,
173716,30-Sep-18,15:48:00,2018-09-30 15:48:00,G,2,7,6107,,1,9,-62.6479,-60.6033,48:06.3,FastGPS,-62.6479,-60.6033,,,8.5,-0.7,,,,15,15,25216,,,,28,10506,,,,13,20229,,,,11,12343,,,,20,9879,,,,10,9184,,,,17,8854,,,,30,11192,,,,8,24990,,,,,,,,,,,,,,,,,,,,,,,,,,,,,,,,,
173716,1-Oct-18,1:43:05,2018-10-01 01:43:05,G,1,7,6108,,0,9,-62.6482,-60.6047,43:11.4,FastGPS,-62.6482,-60.6047,,,8.7,-0.6,,,,15,26,7335,,,,10,16470,,,,16,3638,,,,15,26414,,,,7,18259,,,,8,13532,,,,27,15512,,,,13,30902,,,,20,2470,,,,,,,,,,,,,,,,,,,,,,,,,,,,,,,,,
173716,1-Oct-18,2:13:06,2018-10-01 02:13:06,G,1,7,6109,867,0,8,-62.6544,-60.6204,13:12.8,FastGPS,-62.6544,-60.6204,,,11.9,-0.2,,,,15,15,7328,,,,13,15284,,,,30,13910,,,,21,15864,,,,8,3367,,,,7,18070,,,,10,2132,,,,27,11028,,,,,,,,,,,,,,,,,,,,,,,,,,,,,,,,,,,,,,
173716,1-Oct-18,2:43:00,2018-10-01 02:43:00,G,2,7,6110,867,0,8,-62.6545,-60.621,43:06.8,FastGPS,-62.6545,-60.621,,,5.2,-0.2,,,,15,13,4128,,,,16,29996,,,,8,16424,,,,10,3428,,,,18,11380,,,,21,9566,,,,15,28715,,,,27,14835,,,,,,,,,,,,,,,,,,,,,,,,,,,,,,,,,,,,,,
173716,1-Oct-18,3:13:06,2018-10-01 03:13:06,G,1,7,6111,867,0,8,-62.6547,-60.6206,13:11.9,FastGPS,-62.6547,-60.6206,,,7.5,-1.1,,,,15,18,13190,,,,15,9284,,,,11,13686,,,,21,12418,,,,13,22346,,,,27,8540,,,,8,29404,,,,10,31934,,,,,,,,,,,,,,,,,,,,,,,,,,,,,,,,,,,,,,
173716,1-Oct-18,4:14:53,2018-10-01 04:14:53,G,1,7,6113,,0,9,-62.6544,-60.6214,14:58.8,FastGPS,-62.6544,-60.6214,,,9.3,-1.2,,,,15,32,19938,,,,14,16989,,,,1,19434,,,,27,11125,,,,10,4842,,,,18,29533,,,,11,2368,,,,20,7908,,,,8,1051,,,,,,,,,,,,,,,,,,,,,,,,,,,,,,,,,
173716,1-Oct-18,4:47:06,2018-10-01 04:47:06,G,1,7,6114,,0,9,-62.6543,-60.621,47:11.9,FastGPS,-62.6543,-60.621,,,13.3,-1.1,,,,15,10,20785,,,,24,20589,,,,20,10875,,,,11,9906,,,,28,30752,,,,1,14966,,,,8,21216,,,,18,1388,,,,27,2066,,,,,,,,,,,,,,,,,,,,,,,,,,,,,,,,,
173716,1-Oct-18,8:06:00,2018-10-01 08:06:00,G,1,7,6120,,0,9,-62.6504,-60.571,06:06.4,FastGPS,-62.6504,-60.571,,,9.7,-0.6,,,,15,12,10910,,,,31,10456,,,,22,28802,,,,1,27292,,,,19,27155,,,,3,21845,,,,25,4966,,,,6,10712,,,,14,1222,,,,,,,,,,,,,,,,,,,,,,,,,,,,,,,,,
173716,1-Oct-18,8:36:00,2018-10-01 08:36:00,G,1,7,6121,,0,9,-62.6611,-60.5609,36:06.4,FastGPS,-62.6611,-60.5609,,,11.7,-0.6,,,,15,31,1358,,,,23,30290,,,,3,10378,,,,9,17963,,,,22,18202,,,,25,2545,,,,17,18840,,,,12,6228,,,,14,32574,,,,,,,,,,,,,,,,,,,,,,,,,,,,,,,,,
173716,1-Oct-18,9:06:39,2018-10-01 09:06:39,G,1,7,6122,,0,9,-62.6458,-60.557,06:45.3,FastGPS,-62.6458,-60.557,,,4.1,-0.7,,,,15,26,7818,,,,31,14737,,,,6,15249,,,,2,21710,,,,9,12569,,,,19,12454,,,,23,4454,,,,3,28453,,,,22,11274,,,,,,,,,,,,,,,,,,,,,,,,,,,,,,,,,
173716,1-Oct-18,9:54:10,2018-10-01 09:54:10,G,1,7,6123,,0,9,-62.6464,-60.5578,54:16.8,FastGPS,-62.6464,-60.5578,,,9.2,-0.2,,,,15,31,7461,,,,16,7748,,,,29,21306,,,,22,18110,,,,23,11727,,,,3,10,,,,26,23626,,,,9,3319,,,,7,29037,,,,,,,,,,,,,,,,,,,,,,,,,,,,,,,,,
173716,1-Oct-18,10:24:04,2018-10-01 10:24:04,G,2,7,6124,869,0,7,-62.6461,-60.5567,24:10.4,FastGPS,-62.6461,-60.5567,,,11.5,-0.6,,,,15,7,2402,,,,16,21914,,,,3,21666,,,,26,32594,,,,23,18262,,,,2,32512,,,,6,24982,,,,,,,,,,,,,,,,,,,,,,,,,,,,,,,,,,,,,,,,,,,
173716,1-Oct-18,10:54:47,2018-10-01 10:54:47,G,1,7,6125,,0,9,-62.6526,-60.5821,54:53.4,FastGPS,-62.6526,-60.5821,,,11.5,-0.6,,,,15,7,18667,,,,3,16761,,,,30,30422,,,,23,11193,,,,2,29735,,,,16,26583,,,,6,29977,,,,5,8955,,,,9,5529,,,,,,,,,,,,,,,,,,,,,,,,,,,,,,,,,
173716,1-Oct-18,13:01:57,2018-10-01 13:01:57,G,1,7,6129,869,0,5,-62.6568,-60.616,02:03.8,FastGPS,-62.6568,-60.616,,,2.7,-0.2,,,,15,5,25812,,,,13,10752,,,,30,10657,,,,21,2944,,,,7,28730,,,,,,,,,,,,,,,,,,,,,,,,,,,,,,,,,,,,,,,,,,,,,,,,,,,,,
173716,1-Oct-18,14:05:19,2018-10-01 14:05:19,G,1,7,6131,869,0,7,-62.6569,-60.6158,05:25.4,FastGPS,-62.6569,-60.6158,,,12.4,-0.6,,,,15,13,18777,,,,28,15127,,,,30,17552,,,,7,3897,,,,5,15418,,,,27,26442,,,,8,8848,,,,,,,,,,,,,,,,,,,,,,,,,,,,,,,,,,,,,,,,,,,
173716,1-Oct-18,16:37:25,2018-10-01 16:37:25,G,2,7,6136,,0,9,-62.6529,-60.6178,37:31.9,FastGPS,-62.6529,-60.6178,,,2.9,-0.1,,,,15,10,23672,,,,28,24038,,,,11,9047,,,,17,32428,,,,1,13667,,,,18,13436,,,,20,31952,,,,24,19384,,,,15,4234,,,,,,,,,,,,,,,,,,,,,,,,,,,,,,,,,
173716,1-Oct-18,17:07:00,2018-10-01 17:07:00,G,2,7,6137,,0,9,-62.6483,-60.6033,07:06.4,FastGPS,-62.6483,-60.6033,,,5.1,-0.6,,,,15,18,23256,,,,1,21476,,,,10,6666,,,,15,18297,,,,12,30763,,,,17,306,,,,20,25791,,,,32,3848,,,,11,24068,,,,,,,,,,,,,,,,,,,,,,,,,,,,,,,,,
173716,1-Oct-18,21:56:00,2018-10-01 21:56:00,G,3,7,6142,869,0,6,-62.6488,-60.6056,56:06.4,FastGPS,-62.6488,-60.6056,,,6.9,-0.6,,,,15,31,10498,,,,29,23674,,,,12,369,,,,5,3867,,,,2,14213,,,,25,24736,,,,,,,,,,,,,,,,,,,,,,,,,,,,,,,,,,,,,,,,,,,,,,,,
173716,1-Oct-18,22:27:58,2018-10-01 22:27:58,G,1,7,6143,,0,9,-62.6538,-60.6216,28:04.9,FastGPS,-62.6538,-60.6216,,,11.5,-0.1,,,,15,31,19126,,,,5,25656,,,,25,18167,,,,26,14722,,,,21,1433,,,,23,1842,,,,12,6004,,,,2,26010,,,,16,26696,,,,,,,,,,,,,,,,,,,,,,,,,,,,,,,,,
173716,1-Oct-18,23:01:04,2018-10-01 23:01:04,G,2,7,6144,869,0,8,-62.6545,-60.6213,01:10.4,FastGPS,-62.6545,-60.6213,,,14,-0.6,,,,15,5,21442,,,,31,21464,,,,26,18488,,,,16,13833,,,,2,11940,,,,23,26536,,,,29,21234,,,,9,14098,,,,,,,,,,,,,,,,,,,,,,,,,,,,,,,,,,,,,,
173716,1-Oct-18,23:46:00,2018-10-01 23:46:00,G,2,7,6145,870,0,5,-62.6545,-60.6201,46:06.4,FastGPS,-62.6545,-60.6201,,,4,-0.6,,,,15,21,20119,,,,16,27168,,,,5,26196,,,,26,23461,,,,29,2195,,,,,,,,,,,,,,,,,,,,,,,,,,,,,,,,,,,,,,,,,,,,,,,,,,,,,
173716,2-Oct-18,1:18:26,2018-10-02 01:18:26,G,1,7,6148,870,0,8,-62.6566,-60.6156,18:32.8,FastGPS,-62.6566,-60.6156,,,19.5,-0.2,,,,15,10,4802,,,,27,3527,,,,26,11902,,,,16,27130,,,,7,21474,,,,20,30839,,,,21,21379,,,,13,31298,,,,,,,,,,,,,,,,,,,,,,,,,,,,,,,,,,,,,,
173716,2-Oct-18,1:52:50,2018-10-02 01:52:50,G,1,7,6149,870,0,6,-62.6568,-60.6156,52:56.4,FastGPS,-62.6568,-60.6156,,,5.9,-0.6,,,,15,10,20776,,,,21,14218,,,,16,10630,,,,20,8046,,,,26,22069,,,,7,5691,,,,,,,,,,,,,,,,,,,,,,,,,,,,,,,,,,,,,,,,,,,,,,,,
173716,2-Oct-18,2:23:01,2018-10-02 02:23:01,G,2,7,6150,870,0,6,-62.657,-60.6159,23:06.4,FastGPS,-62.657,-60.6159,,,6.4,-1.6,,,,15,10,19360,,,,15,21340,,,,21,1955,,,,16,24655,,,,20,26974,,,,27,32188,,,,,,,,,,,,,,,,,,,,,,,,,,,,,,,,,,,,,,,,,,,,,,,,
173716,2-Oct-18,2:53:03,2018-10-02 02:53:03,G,3,7,6151,870,0,6,-62.6564,-60.6155,53:08.9,FastGPS,-62.6564,-60.6155,,,6.3,-1.1,,,,15,27,32020,,,,15,6358,,,,10,19338,,,,13,17844,,,,20,9010,,,,16,19030,,,,,,,,,,,,,,,,,,,,,,,,,,,,,,,,,,,,,,,,,,,,,,,,
173716,2-Oct-18,3:25:47,2018-10-02 03:25:47,G,1,7,6152,870,0,6,-62.657,-60.6159,25:53.8,FastGPS,-62.657,-60.6159,,,6.7,-0.2,,,,15,10,15803,,,,8,23556,,,,27,19987,,,,20,16676,,,,1,19907,,,,18,18719,,,,,,,,,,,,,,,,,,,,,,,,,,,,,,,,,,,,,,,,,,,,,,,,
173716,2-Oct-18,6:29:00,2018-10-02 06:29:00,G,1,7,6158,,0,9,-62.6678,-60.558,29:05.4,FastGPS,-62.6678,-60.558,,,9.4,-1.6,,,,15,17,28721,,,,3,10742,,,,19,20949,,,,31,14906,,,,12,17798,,,,32,19759,,,,11,100,,,,22,7145,,,,1,10296,,,,,,,,,,,,,,,,,,,,,,,,,,,,,,,,,
173716,2-Oct-18,6:59:00,2018-10-02 06:59:00,G,1,7,6159,,0,9,-62.667,-60.5468,59:06.4,FastGPS,-62.667,-60.5468,,,10.8,-0.6,,,,15,17,19568,,,,3,13962,,,,19,20928,,,,31,5496,,,,32,29277,,,,12,17602,,,,1,27111,,,,14,91,,,,11,27188,,,,,,,,,,,,,,,,,,,,,,,,,,,,,,,,,
173716,2-Oct-18,10:10:17,2018-10-02 10:10:17,G,1,7,6165,870,0,6,-62.6496,-60.5726,10:23.3,FastGPS,-62.6496,-60.5726,,,4.2,-0.7,,,,15,23,2881,,,,7,18943,,,,2,24112,,,,3,30870,,,,26,28654,,,,29,12056,,,,,,,,,,,,,,,,,,,,,,,,,,,,,,,,,,,,,,,,,,,,,,,,
173716,2-Oct-18,10:40:00,2018-10-02 10:40:00,G,4,7,6166,870,0,8,-62.6534,-60.5869,40:06.4,FastGPS,-62.6534,-60.5869,,,10.4,-0.6,,,,15,2,17203,,,,23,20497,,,,9,18912,,,,29,21651,,,,7,16048,,,,26,9500,,,,3,12498,,,,6,13718,,,,,,,,,,,,,,,,,,,,,,,,,,,,,,,,,,,,,,
173716,2-Oct-18,11:10:00,2018-10-02 11:10:00,G,2,7,6167,870,0,4,-62.672,-60.597,10/2/2018 5:09,A,-62.6546,-60.5874,,,1.1,-0.6,,,,15,7,4438,,,,26,26234,,,,23,21914,,,,16,21377,,,,,,,,,,,,,,,,,,,,,,,,,,,,,,,,,,,,,,,,,,,,,,,,,,,,,,,,,,
173716,2-Oct-18,12:13:52,2018-10-02 12:13:52,G,3,7,6169,870,0,6,-62.6546,-60.5883,13:58.4,FastGPS,-62.6546,-60.5883,,,7.6,-0.6,,,,15,9,11309,,,,5,23748,,,,30,12726,,,,7,4473,,,,2,17257,,,,16,13937,,,,,,,,,,,,,,,,,,,,,,,,,,,,,,,,,,,,,,,,,,,,,,,,
173716,2-Oct-18,12:44:27,2018-10-02 12:44:27,G,2,7,6170,870,0,8,-62.6542,-60.5884,44:33.9,FastGPS,-62.6542,-60.5884,,,12.7,-0.1,,,,15,5,25100,,,,9,16548,,,,30,21937,,,,7,18146,,,,13,23740,,,,27,32515,,,,28,4064,,,,16,4590,,,,,,,,,,,,,,,,,,,,,,,,,,,,,,,,,,,,,,
173716,2-Oct-18,13:16:32,2018-10-02 13:16:32,G,1,7,6171,870,0,6,-62.6545,-60.5885,16:37.4,FastGPS,-62.6545,-60.5885,,,6,-1.6,,,,15,7,10162,,,,5,3358,,,,30,20200,,,,27,21567,,,,13,5388,,,,28,29599,,,,,,,,,,,,,,,,,,,,,,,,,,,,,,,,,,,,,,,,,,,,,,,,
173716,2-Oct-18,14:20:04,2018-10-02 14:20:04,G,1,7,6173,870,0,7,-62.6544,-60.5882,20:10.9,FastGPS,-62.6544,-60.5882,,,10,-0.1,,,,15,15,29931,,,,7,25848,,,,8,9067,,,,27,16328,,,,30,21824,,,,5,17836,,,,13,24144,,,,,,,,,,,,,,,,,,,,,,,,,,,,,,,,,,,,,,,,,,,
173716,2-Oct-18,14:50:46,2018-10-02 14:50:46,G,1,7,6174,870,0,8,-62.6544,-60.5884,50:51.9,FastGPS,-62.6544,-60.5884,,,7.9,-1.1,,,,15,15,12339,,,,20,12086,,,,8,7456,,,,13,26570,,,,27,20186,,,,30,18228,,,,5,30116,,,,7,25242,,,,,,,,,,,,,,,,,,,,,,,,,,,,,,,,,,,,,,
173716,2-Oct-18,15:23:38,2018-10-02 15:23:38,G,1,7,6175,870,0,8,-62.6545,-60.5896,23:43.9,FastGPS,-62.6545,-60.5896,,,14.5,-1.1,,,,15,17,1214,,,,30,13891,,,,15,5217,,,,7,9038,,,,13,18482,,,,20,6854,,,,11,32625,,,,28,27266,,,,,,,,,,,,,,,,,,,,,,,,,,,,,,,,,,,,,,
173716,2-Oct-18,19:05:58,2018-10-02 19:05:58,G,1,7,6181,872,0,8,-62.659,-60.6108,06:03.9,FastGPS,-62.659,-60.6108,,,8.9,-1.1,,,,15,17,2768,,,,12,26279,,,,6,2869,,,,24,19462,,,,25,9746,,,,22,7700,,,,3,23747,,,,19,7828,,,,,,,,,,,,,,,,,,,,,,,,,,,,,,,,,,,,,,
173716,2-Oct-18,19:52:01,2018-10-02 19:52:01,G,1,7,6182,,0,9,-62.6611,-60.6026,52:06.9,FastGPS,-62.6611,-60.6026,,,6.9,-1.1,,,,15,12,16540,,,,19,21782,,,,6,726,,,,25,8212,,,,2,8082,,,,3,20870,,,,31,29627,,,,22,19478,,,,24,26354,,,,,,,,,,,,,,,,,,,,,,,,,,,,,,,,,
173716,2-Oct-18,20:38:26,2018-10-02 20:38:26,G,3,7,6183,874,0,5,-62.6542,-60.5983,38:31.4,FastGPS,-62.6542,-60.5983,,,2.3,-1.6,,,,15,29,26085,,,,12,11093,,,,2,8906,,,,31,19273,,,,19,8378,,,,,,,,,,,,,,,,,,,,,,,,,,,,,,,,,,,,,,,,,,,,,,,,,,,,,
173716,2-Oct-18,21:08:00,2018-10-02 21:08:00,G,1,7,6184,874,0,8,-62.6542,-60.6011,08:06.4,FastGPS,-62.6542,-60.6011,,,19.8,-0.6,,,,15,12,26342,,,,29,4457,,,,2,31674,,,,6,18789,,,,31,32029,,,,25,4374,,,,14,17874,,,,23,31387,,,,,,,,,,,,,,,,,,,,,,,,,,,,,,,,,,,,,,
173716,2-Oct-18,21:40:06,2018-10-02 21:40:06,G,2,7,6185,874,0,7,-62.6556,-60.608,40:12.9,FastGPS,-62.6556,-60.608,,,6.3,-0.1,,,,15,31,18274,,,,12,23394,,,,5,29895,,,,29,8602,,,,26,14705,,,,25,21260,,,,23,3750,,,,,,,,,,,,,,,,,,,,,,,,,,,,,,,,,,,,,,,,,,,
173716,3-Oct-18,0:12:00,2018-10-03 00:12:00,G,1,7,6189,876,0,7,-62.6541,-60.6213,12:05.8,FastGPS,-62.6541,-60.6213,,,7.2,-1.2,,,,15,29,6437,,,,26,13676,,,,21,15626,,,,16,8954,,,,5,7750,,,,20,12019,,,,27,14898,,,,,,,,,,,,,,,,,,,,,,,,,,,,,,,,,,,,,,,,,,,
173716,3-Oct-18,0:42:00,2018-10-03 00:42:00,G,1,7,6190,,0,9,-62.6536,-60.6228,42:05.4,FastGPS,-62.6536,-60.6228,,,19.9,-1.6,,,,15,7,12685,,,,16,18039,,,,20,20261,,,,26,27968,,,,29,25551,,,,27,20709,,,,5,22338,,,,21,2546,,,,15,20851,,,,,,,,,,,,,,,,,,,,,,,,,,,,,,,,,
173716,3-Oct-18,1:28:00,2018-10-03 01:28:00,G,2,7,6191,,0,9,-62.6612,-60.6152,28:06.4,FastGPS,-62.6612,-60.6152,,,16.9,-0.6,,,,15,16,27334,,,,27,4330,,,,8,24402,,,,20,27049,,,,10,26662,,,,7,2500,,,,21,25340,,,,13,3092,,,,26,12994,,,,,,,,,,,,,,,,,,,,,,,,,,,,,,,,,
173716,3-Oct-18,1:59:28,2018-10-03 01:59:28,G,1,7,6192,,0,9,-62.6625,-60.5998,59:34.4,FastGPS,-62.6625,-60.5998,,,12.7,-0.6,,,,15,15,29894,,,,10,11072,,,,16,23371,,,,7,28113,,,,21,29433,,,,20,4668,,,,13,16907,,,,27,30561,,,,26,19188,,,,,,,,,,,,,,,,,,,,,,,,,,,,,,,,,
173716,3-Oct-18,2:29:43,2018-10-03 02:29:43,G,3,7,6193,,0,9,-62.6544,-60.5901,29:49.9,FastGPS,-62.6544,-60.5901,,,9.3,-0.1,,,,15,15,23112,,,,21,24295,,,,30,31992,,,,13,9680,,,,20,27666,,,,10,17076,,,,7,9954,,,,27,6724,,,,16,12924,,,,,,,,,,,,,,,,,,,,,,,,,,,,,,,,,
173716,3-Oct-18,3:30:04,2018-10-03 03:30:04,G,2,7,6194,879,0,8,-62.6548,-60.5882,30:09.4,FastGPS,-62.6548,-60.5882,,,13.5,-1.6,,,,15,15,17556,,,,32,26614,,,,21,14343,,,,24,21016,,,,20,19478,,,,27,24439,,,,8,18746,,,,11,8957,,,,,,,,,,,,,,,,,,,,,,,,,,,,,,,,,,,,,,
173716,3-Oct-18,4:00:23,2018-10-03 04:00:23,G,1,7,6195,,0,9,-62.6546,-60.5884,00:29.4,FastGPS,-62.6546,-60.5884,,,6.8,-0.6,,,,15,20,26626,,,,15,22712,,,,10,12187,,,,32,25587,,,,24,4203,,,,8,6246,,,,1,21218,,,,11,13154,,,,28,18470,,,,,,,,,,,,,,,,,,,,,,,,,,,,,,,,,
173716,3-Oct-18,4:33:08,2018-10-03 04:33:08,G,1,7,6196,,0,9,-62.6545,-60.588,33:14.4,FastGPS,-62.6545,-60.588,,,10.2,-0.6,,,,15,1,29836,,,,11,2894,,,,18,27704,,,,8,9394,,,,28,6125,,,,10,9131,,,,22,17088,,,,27,41,,,,24,21819,,,,,,,,,,,,,,,,,,,,,,,,,,,,,,,,,
173716,3-Oct-18,5:03:26,2018-10-03 05:03:26,G,1,7,6197,,0,9,-62.6547,-60.5883,03:32.4,FastGPS,-62.6547,-60.5883,,,11.4,-0.6,,,,15,17,29619,,,,28,5979,,,,10,17844,,,,1,14356,,,,22,2651,,,,11,25306,,,,24,29267,,,,18,14967,,,,3,29928,,,,,,,,,,,,,,,,,,,,,,,,,,,,,,,,,
173716,3-Oct-18,7:04:22,2018-10-03 07:04:22,G,1,7,6200,,0,9,-62.6545,-60.5885,04:27.4,FastGPS,-62.6545,-60.5885,,,6.8,-1.6,,,,15,32,15000,,,,31,23754,,,,12,15661,,,,14,31960,,,,3,26508,,,,22,18176,,,,1,32510,,,,19,30892,,,,18,29542,,,,,,,,,,,,,,,,,,,,,,,,,,,,,,,,,
173716,3-Oct-18,9:08:53,2018-10-03 09:08:53,G,1,7,6203,883,0,4,-62.662,-60.791,10/4/2018 4:33,N,-62.6539,-60.592,,,0.4,-1.2,,,,15,9,28231,,,,6,4872,,,,23,29572,,,,31,31310,,,,,,,,,,,,,,,,,,,,,,,,,,,,,,,,,,,,,,,,,,,,,,,,,,,,,,,,,,
173716,3-Oct-18,10:11:56,2018-10-03 10:11:56,G,1,7,6205,883,0,7,-62.6564,-60.6182,12:01.9,FastGPS,-62.6564,-60.6182,,,7.3,-1.1,,,,15,2,15378,,,,29,5678,,,,6,20544,,,,23,10922,,,,16,28159,,,,26,16618,,,,9,8864,,,,,,,,,,,,,,,,,,,,,,,,,,,,,,,,,,,,,,,,,,,
173716,3-Oct-18,11:15:00,2018-10-03 11:15:00,G,1,7,6207,,0,9,-62.6428,-60.6318,15:05.4,FastGPS,-62.6428,-60.6318,,,4.9,-1.6,,,,15,7,15655,,,,9,32225,,,,29,32534,,,,23,1850,,,,26,17543,,,,6,4270,,,,5,23994,,,,30,29884,,,,2,31770,,,,,,,,,,,,,,,,,,,,,,,,,,,,,,,,,
173716,3-Oct-18,11:45:52,2018-10-03 11:45:52,G,2,7,6208,883,0,7,-62.6305,-60.6549,45:57.9,FastGPS,-62.6305,-60.6549,,,8.4,-1.1,,,,15,23,24758,,,,30,22548,,,,9,18188,,,,7,11565,,,,27,8465,,,,5,25056,,,,16,31341,,,,,,,,,,,,,,,,,,,,,,,,,,,,,,,,,,,,,,,,,,,
173716,3-Oct-18,12:16:52,2018-10-03 12:16:52,G,2,7,6209,883,0,7,-62.6297,-60.702,16:58.4,FastGPS,-62.6297,-60.702,,,10.4,-0.6,,,,15,30,23220,,,,23,1249,,,,7,26632,,,,9,5743,,,,5,25436,,,,27,3762,,,,16,13968,,,,,,,,,,,,,,,,,,,,,,,,,,,,,,,,,,,,,,,,,,,
173716,3-Oct-18,12:47:40,2018-10-03 12:47:40,G,1,7,6210,883,0,6,-62.6335,-60.7249,47:46.9,FastGPS,-62.6335,-60.7249,,,13.5,-0.1,,,,15,7,24580,,,,30,19852,,,,5,11978,,,,28,27262,,,,9,470,,,,13,5623,,,,,,,,,,,,,,,,,,,,,,,,,,,,,,,,,,,,,,,,,,,,,,,,
173716,3-Oct-18,13:19:51,2018-10-03 13:19:51,G,1,7,6211,,0,9,-62.6308,-60.7248,19:56.4,FastGPS,-62.6308,-60.7248,,,5,-1.6,,,,15,7,10920,,,,5,15698,,,,27,10122,,,,30,12608,,,,13,20515,,,,21,3243,,,,28,22784,,,,8,1673,,,,9,7743,,,,,,,,,,,,,,,,,,,,,,,,,,,,,,,,,
173716,3-Oct-18,13:50:00,2018-10-03 13:50:00,G,1,7,6212,,0,9,-62.633,-60.7199,50:05.4,FastGPS,-62.633,-60.7199,,,7.7,-1.6,,,,15,7,28542,,,,15,20794,,,,13,32577,,,,8,1902,,,,5,2699,,,,27,3916,,,,28,17134,,,,21,31970,,,,30,23130,,,,,,,,,,,,,,,,,,,,,,,,,,,,,,,,,
173716,3-Oct-18,14:21:30,2018-10-03 14:21:30,G,1,7,6213,883,0,8,-62.6287,-60.7186,21:35.4,FastGPS,-62.6287,-60.7186,,,14.8,-1.6,,,,15,28,16429,,,,7,16644,,,,30,25811,,,,8,20024,,,,13,15418,,,,27,15680,,,,11,30055,,,,5,13394,,,,,,,,,,,,,,,,,,,,,,,,,,,,,,,,,,,,,,
173716,3-Oct-18,15:24:17,2018-10-03 15:24:17,G,1,7,6215,883,0,8,-62.6336,-60.735,24:22.9,FastGPS,-62.6336,-60.735,,,8.6,-1.1,,,,15,20,24778,,,,13,26356,,,,15,28571,,,,24,4583,,,,10,30216,,,,30,9338,,,,11,19368,,,,17,5910,,,,,,,,,,,,,,,,,,,,,,,,,,,,,,,,,,,,,,
173716,3-Oct-18,15:54:14,2018-10-03 15:54:14,G,1,7,6216,,0,9,-62.6487,-60.7453,54:19.9,FastGPS,-62.6487,-60.7453,,,8.9,-1.1,,,,15,24,20579,,,,1,19532,,,,11,28332,,,,15,17139,,,,17,2345,,,,13,18582,,,,20,13928,,,,10,24152,,,,19,912,,,,,,,,,,,,,,,,,,,,,,,,,,,,,,,,,
173716,3-Oct-18,18:30:58,2018-10-03 18:30:58,G,1,7,6221,,0,9,-62.6876,-60.7637,31:03.4,FastGPS,-62.6876,-60.7637,,,7.7,-1.6,,,,15,24,7072,,,,12,20314,,,,6,22572,,,,17,7092,,,,19,32678,,,,32,24042,,,,22,8194,,,,25,29224,,,,1,150,,,,,,,,,,,,,,,,,,,,,,,,,,,,,,,,,
173716,3-Oct-18,19:02:27,2018-10-03 19:02:27,G,1,7,6222,,0,9,-62.6863,-60.7601,02:32.4,FastGPS,-62.6863,-60.7601,,,13.7,-1.6,,,,15,12,1448,,,,2,21255,,,,32,28230,,,,24,24669,,,,14,19028,,,,6,10678,,,,25,20113,,,,17,6924,,,,19,13325,,,,,,,,,,,,,,,,,,,,,,,,,,,,,,,,,
173716,3-Oct-18,19:33:53,2018-10-03 19:33:53,G,1,7,6223,,0,9,-62.6804,-60.7675,33:59.9,FastGPS,-62.6804,-60.7675,,,3.9,-0.1,,,,15,12,3741,,,,17,11666,,,,2,29102,,,,24,32559,,,,19,15889,,,,25,16497,,,,6,10783,,,,32,8040,,,,29,22269,,,,,,,,,,,,,,,,,,,,,,,,,,,,,,,,,
173716,3-Oct-18,20:04:05,2018-10-03 20:04:05,G,1,7,6224,,0,9,-62.6733,-60.8024,04:11.9,FastGPS,-62.6733,-60.8024,,,9.8,-0.1,,,,15,29,15280,,,,12,24242,,,,2,23503,,,,24,11468,,,,32,4618,,,,25,5092,,,,31,27086,,,,6,15228,,,,14,15306,,,,,,,,,,,,,,,,,,,,,,,,,,,,,,,,,
173716,4-Oct-18,0:57:00,2018-10-04 00:57:00,G,1,7,6226,883,0,5,-62.674,-60.8009,57:06.9,FastGPS,-62.674,-60.8009,,,1.2,-0.1,,,,15,27,5288,,,,10,20612,,,,16,23419,,,,29,13011,,,,26,10532,,,,,,,,,,,,,,,,,,,,,,,,,,,,,,,,,,,,,,,,,,,,,,,,,,,,,
173716,4-Oct-18,2:59:40,2018-10-04 02:59:40,G,2,7,6230,883,0,7,-62.6789,-60.8068,59:46.4,FastGPS,-62.6789,-60.8068,,,8.3,-0.6,,,,15,18,4528,,,,27,4504,,,,15,4188,,,,11,4790,,,,8,22688,,,,10,24794,,,,21,10669,,,,,,,,,,,,,,,,,,,,,,,,,,,,,,,,,,,,,,,,,,,
173716,4-Oct-18,3:29:00,2018-10-04 03:29:00,G,1,7,6231,,0,9,-62.6789,-60.8069,29:05.9,FastGPS,-62.6789,-60.8069,,,7.2,-1.1,,,,15,15,10522,,,,28,24273,,,,11,23120,,,,10,6830,,,,27,18858,,,,18,20781,,,,20,12612,,,,24,31474,,,,32,8854,,,,,,,,,,,,,,,,,,,,,,,,,,,,,,,,,
173716,4-Oct-18,5:04:00,2018-10-04 05:04:00,G,1,7,6234,,0,9,-62.6789,-60.8072,04:05.9,FastGPS,-62.6789,-60.8072,,,11.4,-1.1,,,,15,22,11285,,,,32,28140,,,,14,17768,,,,17,7298,,,,1,17033,,,,28,16653,,,,18,6670,,,,24,12414,,,,11,17636,,,,,,,,,,,,,,,,,,,,,,,,,,,,,,,,,
173716,4-Oct-18,6:42:22,2018-10-04 06:42:22,G,1,7,6237,883,0,8,-62.6749,-60.7937,42:27.4,FastGPS,-62.6749,-60.7937,,,10.6,-1.6,,,,15,32,5770,,,,17,1600,,,,31,20152,,,,19,12835,,,,12,17674,,,,14,27986,,,,3,3856,,,,11,32271,,,,,,,,,,,,,,,,,,,,,,,,,,,,,,,,,,,,,,
173716,4-Oct-18,11:55:18,2018-10-04 11:55:18,G,1,7,6246,884,0,8,-62.6936,-60.8042,55:24.9,FastGPS,-62.6936,-60.8042,,,9.1,-0.1,,,,15,7,21568,,,,16,30892,,,,30,1477,,,,9,2476,,,,5,24086,,,,13,6393,,,,29,23556,,,,26,9398,,,,,,,,,,,,,,,,,,,,,,,,,,,,,,,,,,,,,,
173716,4-Oct-18,12:27:17,2018-10-04 12:27:17,G,1,7,6247,884,0,8,-62.6955,-60.8097,27:22.9,FastGPS,-62.6955,-60.8097,,,5.4,-1.1,,,,15,7,30801,,,,30,6559,,,,9,23392,,,,5,23053,,,,16,9449,,,,13,24300,,,,27,17720,,,,8,9821,,,,,,,,,,,,,,,,,,,,,,,,,,,,,,,,,,,,,,
173716,4-Oct-18,13:29:11,2018-10-04 13:29:11,G,3,7,6249,884,0,8,-62.6934,-60.801,29:16.9,FastGPS,-62.6934,-60.801,,,4.9,-1.1,,,,15,7,29314,,,,8,21954,,,,5,19102,,,,27,31877,,,,13,26430,,,,30,7698,,,,15,23636,,,,21,27341,,,,,,,,,,,,,,,,,,,,,,,,,,,,,,,,,,,,,,
173716,4-Oct-18,13:59:29,2018-10-04 13:59:29,G,1,7,6250,884,0,7,-62.6931,-60.8034,59:35.4,FastGPS,-62.6931,-60.8034,,,6.3,-0.6,,,,15,5,8778,,,,15,27552,,,,13,13778,,,,28,18940,,,,7,22537,,,,21,20704,,,,30,21425,,,,,,,,,,,,,,,,,,,,,,,,,,,,,,,,,,,,,,,,,,,
173716,4-Oct-18,14:32:26,2018-10-04 14:32:26,G,1,7,6251,,0,9,-62.6937,-60.8051,32:32.9,FastGPS,-62.6937,-60.8051,,,6.3,-0.1,,,,15,7,15604,,,,8,3373,,,,30,23669,,,,28,21963,,,,27,2299,,,,20,31422,,,,15,24838,,,,13,32657,,,,11,9064,,,,,,,,,,,,,,,,,,,,,,,,,,,,,,,,,
173716,4-Oct-18,18:05:00,2018-10-04 18:05:00,G,1,7,6258,884,0,6,-62.688,-60.845,05:06.9,FastGPS,-62.688,-60.845,,,13,-0.1,,,,15,12,18620,,,,17,30203,,,,32,9446,,,,15,13181,,,,25,20870,,,,24,23078,,,,,,,,,,,,,,,,,,,,,,,,,,,,,,,,,,,,,,,,,,,,,,,,
173716,4-Oct-18,19:35:02,2018-10-04 19:35:02,G,2,7,6261,884,0,5,-62.6959,-60.8711,35:08.9,FastGPS,-62.6959,-60.8711,,,2,-0.1,,,,15,24,16716,,,,12,8110,,,,2,24486,,,,29,21836,,,,6,18672,,,,,,,,,,,,,,,,,,,,,,,,,,,,,,,,,,,,,,,,,,,,,,,,,,,,,
173716,4-Oct-18,20:06:46,2018-10-04 20:06:46,G,2,7,6262,884,0,6,-62.6959,-60.8707,06:52.4,FastGPS,-62.6959,-60.8707,,,7.5,-0.6,,,,15,19,19589,,,,6,1664,,,,2,5224,,,,12,8710,,,,24,6997,,,,25,12585,,,,,,,,,,,,,,,,,,,,,,,,,,,,,,,,,,,,,,,,,,,,,,,,
173716,4-Oct-18,20:37:48,2018-10-04 20:37:48,G,1,7,6263,884,0,7,-62.696,-60.8713,37:54.9,FastGPS,-62.696,-60.8713,,,14.5,-0.1,,,,15,12,25194,,,,31,11315,,,,2,18994,,,,19,8676,,,,29,24954,,,,3,16586,,,,14,30773,,,,,,,,,,,,,,,,,,,,,,,,,,,,,,,,,,,,,,,,,,,
173716,4-Oct-18,22:12:23,2018-10-04 22:12:23,G,1,7,6266,884,0,8,-62.6958,-60.8715,12:29.9,FastGPS,-62.6958,-60.8715,,,6.3,-0.1,,,,15,5,26216,,,,2,14928,,,,25,6010,,,,21,28028,,,,23,18541,,,,29,15222,,,,26,14080,,,,12,32620,,,,,,,,,,,,,,,,,,,,,,,,,,,,,,,,,,,,,,
173716,5-Oct-18,1:00:54,2018-10-05 01:00:54,G,1,7,6271,885,0,6,-62.6969,-60.8679,00:59.5,FastGPS,-62.6969,-60.8679,,,15.1,-1.5,,,,15,26,2422,,,,16,4026,,,,10,14326,,,,20,16280,,,,27,21570,,,,7,26121,,,,,,,,,,,,,,,,,,,,,,,,,,,,,,,,,,,,,,,,,,,,,,,,
173716,5-Oct-18,1:48:56,2018-10-05 01:48:56,G,2,7,6272,,0,9,-62.6978,-60.8654,49:02.9,FastGPS,-62.6978,-60.8654,,,7.7,-0.1,,,,15,27,19979,,,,10,27811,,,,15,18676,,,,20,27023,,,,16,25015,,,,7,28081,,,,21,28530,,,,13,11348,,,,8,29320,,,,,,,,,,,,,,,,,,,,,,,,,,,,,,,,,
173716,5-Oct-18,2:37:17,2018-10-05 02:37:17,G,1,7,6273,887,0,8,-62.6962,-60.8592,37:22.4,FastGPS,-62.6962,-60.8592,,,7.7,-1.6,,,,15,10,24542,,,,15,20004,,,,8,12145,,,,27,12912,,,,21,24727,,,,18,23633,,,,20,23593,,,,16,14943,,,,,,,,,,,,,,,,,,,,,,,,,,,,,,,,,,,,,,
173716,5-Oct-18,3:09:33,2018-10-05 03:09:33,G,4,7,6274,887,0,7,-62.6925,-60.8329,09:38.9,FastGPS,-62.6925,-60.8329,,,4.2,-1.1,,,,15,10,22860,,,,15,31266,,,,28,21991,,,,20,611,,,,18,14235,,,,27,3737,,,,30,21907,,,,,,,,,,,,,,,,,,,,,,,,,,,,,,,,,,,,,,,,,,,
173716,5-Oct-18,5:16:30,2018-10-05 05:16:30,G,2,7,6278,,0,9,-62.691,-60.7318,16:35.4,FastGPS,-62.691,-60.7318,,,10.8,-1.6,,,,15,32,21999,,,,1,15698,,,,28,21628,,,,17,1238,,,,18,32360,,,,11,11610,,,,22,490,,,,3,5660,,,,14,20460,,,,,,,,,,,,,,,,,,,,,,,,,,,,,,,,,
173716,5-Oct-18,5:47:01,2018-10-05 05:47:01,G,1,7,6279,,0,9,-62.6904,-60.7123,47:06.4,FastGPS,-62.6904,-60.7123,,,6.7,-1.6,,,,15,17,11625,,,,32,31347,,,,11,29569,,,,3,8429,,,,14,9154,,,,8,20539,,,,18,15640,,,,28,6360,,,,1,6788,,,,,,,,,,,,,,,,,,,,,,,,,,,,,,,,,
173716,5-Oct-18,6:52:22,2018-10-05 06:52:22,G,1,7,6281,,0,9,-62.6864,-60.6884,52:27.9,FastGPS,-62.6864,-60.6884,,,11.4,-1.1,,,,15,17,12578,,,,3,23947,,,,11,4234,,,,23,29891,,,,14,14343,,,,18,15556,,,,22,22812,,,,1,12918,,,,19,30204,,,,,,,,,,,,,,,,,,,,,,,,,,,,,,,,,
173716,5-Oct-18,7:22:00,2018-10-05 07:22:00,G,1,7,6282,,0,9,-62.6876,-60.6908,22:05.4,FastGPS,-62.6876,-60.6908,,,8,-1.6,,,,15,17,31330,,,,3,13130,,,,23,12830,,,,18,32648,,,,1,5048,,,,22,15553,,,,12,23878,,,,19,6411,,,,11,28186,,,,,,,,,,,,,,,,,,,,,,,,,,,,,,,,,
173716,5-Oct-18,9:56:00,2018-10-05 09:56:00,G,1,7,6287,887,0,7,-62.7031,-60.7708,56:05.4,FastGPS,-62.7031,-60.7708,,,6.9,-1.6,,,,15,9,31446,,,,6,5394,,,,23,22745,,,,16,2603,,,,2,7564,,,,29,26412,,,,3,22617,,,,,,,,,,,,,,,,,,,,,,,,,,,,,,,,,,,,,,,,,,,
173716,5-Oct-18,11:14:00,2018-10-05 11:14:00,G,1,7,6289,,0,9,-62.7081,-60.7951,14:05.4,FastGPS,-62.7081,-60.7951,,,7.7,-1.6,,,,15,7,6352,,,,23,8306,,,,30,141,,,,5,22302,,,,9,21224,,,,2,14648,,,,26,446,,,,16,4618,,,,29,21621,,,,,,,,,,,,,,,,,,,,,,,,,,,,,,,,,
173716,5-Oct-18,13:21:15,2018-10-05 13:21:15,G,2,7,6293,888,0,5,-62.7053,-60.8141,21:21.4,FastGPS,-62.7053,-60.8141,,,4.2,-0.6,,,,15,5,17189,,,,30,31226,,,,7,31801,,,,28,20353,,,,13,4764,,,,,,,,,,,,,,,,,,,,,,,,,,,,,,,,,,,,,,,,,,,,,,,,,,,,,
173716,5-Oct-18,13:51:00,2018-10-05 13:51:00,G,5,7,6294,888,0,6,-62.7037,-60.8229,51:06.4,FastGPS,-62.7037,-60.8229,,,4,-0.6,,,,15,7,13542,,,,28,8684,,,,8,28240,,,,30,1100,,,,5,29610,,,,13,10792,,,,,,,,,,,,,,,,,,,,,,,,,,,,,,,,,,,,,,,,,,,,,,,,
173716,5-Oct-18,14:21:07,2018-10-05 14:21:07,G,3,7,6295,888,0,8,-62.7028,-60.8234,21:13.9,FastGPS,-62.7028,-60.8234,,,8.7,-0.1,,,,15,7,22790,,,,28,12780,,,,30,16629,,,,13,1228,,,,15,7970,,,,8,21018,,,,5,24666,,,,27,1398,,,,,,,,,,,,,,,,,,,,,,,,,,,,,,,,,,,,,,
173716,5-Oct-18,14:51:34,2018-10-05 14:51:34,G,2,7,6296,,0,9,-62.7031,-60.8263,51:40.4,FastGPS,-62.7031,-60.8263,,,21.5,-0.6,,,,15,15,11170,,,,5,31200,,,,24,31825,,,,30,1085,,,,13,18269,,,,20,31386,,,,8,828,,,,17,15052,,,,10,17497,,,,,,,,,,,,,,,,,,,,,,,,,,,,,,,,,
173716,5-Oct-18,15:23:42,2018-10-05 15:23:42,G,2,7,6297,888,0,8,-62.6977,-60.8377,23:48.4,FastGPS,-62.6977,-60.8377,,,7.8,-0.6,,,,15,17,1498,,,,15,512,,,,30,3812,,,,13,5809,,,,28,25302,,,,20,21472,,,,24,30251,,,,11,19638,,,,,,,,,,,,,,,,,,,,,,,,,,,,,,,,,,,,,,
173716,5-Oct-18,15:54:00,2018-10-05 15:54:00,G,1,7,6298,888,0,7,-62.687,-60.8593,54:06.4,FastGPS,-62.687,-60.8593,,,6.3,-0.6,,,,15,17,10886,,,,13,4830,,,,15,28205,,,,30,14706,,,,28,12632,,,,24,29054,,,,19,13945,,,,,,,,,,,,,,,,,,,,,,,,,,,,,,,,,,,,,,,,,,,
173716,5-Oct-18,16:24:00,2018-10-05 16:24:00,G,2,7,6299,888,1,7,-62.687,-60.8587,24:06.4,FastGPS,-62.687,-60.8587,,,2.6,-0.6,,,,15,13,1232,,,,15,9200,,,,19,16545,,,,17,15778,,,,10,301,,,,20,2678,,,,24,6303,,,,,,,,,,,,,,,,,,,,,,,,,,,,,,,,,,,,,,,,,,,
173716,6-Oct-18,8:24:56,2018-10-06 08:24:56,G,1,7,6301,888,0,7,-62.6924,-60.8573,25:02.4,FastGPS,-62.6924,-60.8573,,,7.9,-0.6,,,,15,31,17948,,,,9,22336,,,,26,15659,,,,1,17179,,,,22,16118,,,,23,19364,,,,3,27503,,,,,,,,,,,,,,,,,,,,,,,,,,,,,,,,,,,,,,,,,,,
173716,6-Oct-18,8:56:40,2018-10-06 08:56:40,G,2,7,6302,888,0,8,-62.6939,-60.8655,56:46.9,FastGPS,-62.6939,-60.8655,,,6.5,-0.1,,,,15,31,8137,,,,26,29810,,,,22,21441,,,,9,4959,,,,16,17532,,,,3,23018,,,,2,24618,,,,23,6566,,,,,,,,,,,,,,,,,,,,,,,,,,,,,,,,,,,,,,
173716,6-Oct-18,9:26:06,2018-10-06 09:26:06,G,2,7,6303,,0,9,-62.6981,-60.8695,26:11.4,FastGPS,-62.6981,-60.8695,,,7.3,-1.6,,,,15,7,17778,,,,2,20108,,,,6,9424,,,,3,23326,,,,23,11838,,,,9,16185,,,,22,16280,,,,29,30502,,,,31,1726,,,,,,,,,,,,,,,,,,,,,,,,,,,,,,,,,
173716,6-Oct-18,9:56:00,2018-10-06 09:56:00,G,1,7,6304,888,0,7,-62.6984,-60.8727,56:05.4,FastGPS,-62.6984,-60.8727,,,4.1,-1.6,,,,15,7,10484,,,,6,25457,,,,2,8775,,,,9,32190,,,,26,9274,,,,29,28882,,,,23,12094,,,,,,,,,,,,,,,,,,,,,,,,,,,,,,,,,,,,,,,,,,,
173716,6-Oct-18,10:27:43,2018-10-06 10:27:43,G,2,7,6305,888,0,8,-62.6986,-60.8726,27:48.9,FastGPS,-62.6986,-60.8726,,,6.9,-1.1,,,,15,26,1679,,,,29,18733,,,,2,12240,,,,16,22119,,,,5,17418,,,,23,4969,,,,7,31115,,,,6,29849,,,,,,,,,,,,,,,,,,,,,,,,,,,,,,,,,,,,,,
173716,6-Oct-18,12:02:24,2018-10-06 12:02:24,G,2,7,6308,888,0,7,-62.6987,-60.8728,02:29.4,FastGPS,-62.6987,-60.8728,,,9.6,-1.6,,,,15,5,24778,,,,13,10414,,,,16,24180,,,,30,19820,,,,27,28,,,,2,19449,,,,7,29460,,,,,,,,,,,,,,,,,,,,,,,,,,,,,,,,,,,,,,,,,,,
173716,6-Oct-18,12:32:13,2018-10-06 12:32:13,G,3,7,6309,888,0,5,-62.699,-60.8726,32:18.4,FastGPS,-62.699,-60.8726,,,1.9,-1.6,,,,15,5,32165,,,,30,2140,,,,7,16796,,,,13,14462,,,,21,26658,,,,,,,,,,,,,,,,,,,,,,,,,,,,,,,,,,,,,,,,,,,,,,,,,,,,,
173716,6-Oct-18,13:04:24,2018-10-06 13:04:24,G,1,7,6310,888,0,7,-62.6985,-60.8729,04:30.4,FastGPS,-62.6985,-60.8729,,,3.8,-0.6,,,,15,28,29622,,,,5,11684,,,,7,10055,,,,30,2226,,,,21,27698,,,,8,17766,,,,13,1513,,,,,,,,,,,,,,,,,,,,,,,,,,,,,,,,,,,,,,,,,,,
173716,6-Oct-18,13:35:18,2018-10-06 13:35:18,G,1,7,6311,888,0,6,-62.6989,-60.8725,35:24.9,FastGPS,-62.6989,-60.8725,,,18.9,-0.1,,,,15,5,16787,,,,13,906,,,,27,14686,,,,7,10339,,,,8,6112,,,,30,31602,,,,,,,,,,,,,,,,,,,,,,,,,,,,,,,,,,,,,,,,,,,,,,,,
173716,6-Oct-18,14:05:00,2018-10-06 14:05:00,G,2,7,6312,888,0,4,-62.71,-60.922,10/7/2018 8:59,K,-62.6986,-60.8705,,,1.1,-0.5,,,,15,28,13115,,,,30,11315,,,,8,181,,,,15,30896,,,,,,,,,,,,,,,,,,,,,,,,,,,,,,,,,,,,,,,,,,,,,,,,,,,,,,,,,,
173716,6-Oct-18,14:35:10,2018-10-06 14:35:10,G,2,7,6313,,0,9,-62.6988,-60.871,35:16.9,FastGPS,-62.6988,-60.871,,,8.1,-0.1,,,,15,15,13698,,,,20,11230,,,,7,15508,,,,30,11109,,,,8,1322,,,,11,22808,,,,13,23460,,,,28,27259,,,,27,14118,,,,,,,,,,,,,,,,,,,,,,,,,,,,,,,,,
173716,6-Oct-18,15:08:13,2018-10-06 15:08:13,G,2,7,6314,888,0,8,-62.7082,-60.864,08:19.4,FastGPS,-62.7082,-60.864,,,9.9,-0.6,,,,15,13,7974,,,,28,17014,,,,30,32322,,,,18,20694,,,,17,28663,,,,11,23744,,,,15,32443,,,,10,29259,,,,,,,,,,,,,,,,,,,,,,,,,,,,,,,,,,,,,,
173716,6-Oct-18,15:41:34,2018-10-06 15:41:34,G,1,7,6315,888,0,8,-62.7099,-60.8625,41:40.5,FastGPS,-62.7099,-60.8625,,,9.8,-0.5,,,,15,17,17108,,,,13,3380,,,,11,12462,,,,30,25498,,,,1,2118,,,,18,11860,,,,15,1723,,,,28,6505,,,,,,,,,,,,,,,,,,,,,,,,,,,,,,,,,,,,,,
173716,6-Oct-18,18:43:08,2018-10-06 18:43:08,G,1,7,6321,888,0,7,-62.6915,-60.8666,43:14.4,FastGPS,-62.6915,-60.8666,,,14.2,-0.6,,,,15,32,8985,,,,19,4424,,,,17,14327,,,,25,5159,,,,6,3858,,,,14,17440,,,,12,3276,,,,,,,,,,,,,,,,,,,,,,,,,,,,,,,,,,,,,,,,,,,
173716,6-Oct-18,19:14:59,2018-10-06 19:14:59,G,1,7,6322,,0,9,-62.6956,-60.8721,15:05.9,FastGPS,-62.6956,-60.8721,,,8.3,-0.1,,,,15,32,22762,,,,19,3846,,,,6,6635,,,,14,372,,,,12,5358,,,,31,12987,,,,25,31425,,,,29,24179,,,,3,9467,,,,,,,,,,,,,,,,,,,,,,,,,,,,,,,,,
173716,6-Oct-18,19:46:38,2018-10-06 19:46:38,G,1,7,6323,,0,9,-62.6984,-60.8729,46:44.9,FastGPS,-62.6984,-60.8729,,,11.2,-0.1,,,,15,31,30875,,,,2,329,,,,12,24412,,,,6,13182,,,,19,30981,,,,25,21078,,,,14,17268,,,,29,18016,,,,24,27358,,,,,,,,,,,,,,,,,,,,,,,,,,,,,,,,,
173716,6-Oct-18,23:23:02,2018-10-06 23:23:02,G,1,7,6330,888,0,5,-62.6987,-60.8726,23:08.5,FastGPS,-62.6987,-60.8726,,,10.9,-0.5,,,,15,16,26956,,,,21,19612,,,,29,14916,,,,26,30515,,,,5,3858,,,,,,,,,,,,,,,,,,,,,,,,,,,,,,,,,,,,,,,,,,,,,,,,,,,,,
173716,7-Oct-18,0:25:21,2018-10-07 00:25:21,G,4,7,6331,890,0,4,-62.671,-61.039,10/8/2018 0:25,K,-62.6982,-60.8731,,,0.9,-0.1,,,,15,5,15491,,,,7,4238,,,,13,26668,,,,16,9375,,,,,,,,,,,,,,,,,,,,,,,,,,,,,,,,,,,,,,,,,,,,,,,,,,,,,,,,,,
173716,7-Oct-18,4:07:24,2018-10-07 04:07:24,G,1,7,6338,,0,9,-62.719,-60.8574,07:30.9,FastGPS,-62.719,-60.8574,,,8.3,-0.1,,,,15,10,6936,,,,18,15898,,,,11,23122,,,,22,11222,,,,27,14749,,,,8,7467,,,,32,17000,,,,1,1032,,,,14,9757,,,,,,,,,,,,,,,,,,,,,,,,,,,,,,,,,
173716,7-Oct-18,4:38:43,2018-10-07 04:38:43,G,1,7,6339,,0,9,-62.7194,-60.848,38:49.5,FastGPS,-62.7194,-60.848,,,11.8,-0.5,,,,15,1,23679,,,,22,780,,,,8,15112,,,,27,7197,,,,11,19373,,,,14,18796,,,,32,27330,,,,18,9335,,,,28,26658,,,,,,,,,,,,,,,,,,,,,,,,,,,,,,,,,
173716,7-Oct-18,5:40:07,2018-10-07 05:40:07,G,2,7,6341,,0,9,-62.7196,-60.8192,40:13.9,FastGPS,-62.7196,-60.8192,,,6,-0.1,,,,15,10,28188,,,,11,19819,,,,3,5869,,,,32,20930,,,,18,5500,,,,22,5747,,,,1,214,,,,31,23450,,,,14,1647,,,,,,,,,,,,,,,,,,,,,,,,,,,,,,,,,
173716,7-Oct-18,7:44:50,2018-10-07 07:44:50,G,2,7,6345,,0,9,-62.7162,-60.8613,44:56.9,FastGPS,-62.7162,-60.8613,,,7,-0.1,,,,15,17,15803,,,,19,17052,,,,31,1238,,,,9,17833,,,,23,26733,,,,6,14741,,,,22,11468,,,,11,13304,,,,3,12725,,,,,,,,,,,,,,,,,,,,,,,,,,,,,,,,,
173716,7-Oct-18,9:54:12,2018-10-07 09:54:12,G,1,7,6349,,0,9,-62.7002,-60.8915,54:17.9,FastGPS,-62.7002,-60.8915,,,7.1,-1.1,,,,15,29,14059,,,,16,32007,,,,31,11902,,,,3,5477,,,,23,22708,,,,2,25747,,,,7,4158,,,,9,16259,,,,26,24952,,,,,,,,,,,,,,,,,,,,,,,,,,,,,,,,,
173716,7-Oct-18,10:24:18,2018-10-07 10:24:18,G,1,7,6350,890,0,4,-62.701,-60.856,10/8/2018 10:08,K,-62.7,-60.8901,,,0.1,-1.1,,,,15,7,12410,,,,23,14060,,,,16,1335,,,,9,24750,,,,,,,,,,,,,,,,,,,,,,,,,,,,,,,,,,,,,,,,,,,,,,,,,,,,,,,,,,
173716,7-Oct-18,12:14:41,2018-10-07 12:14:41,G,1,7,6353,891,0,4,-62.701,-60.856,10/8/2018 10:08,K,-62.6993,-60.8897,,,0.6,-1.6,,,,15,5,5943,,,,7,14398,,,,30,22197,,,,9,9740,,,,,,,,,,,,,,,,,,,,,,,,,,,,,,,,,,,,,,,,,,,,,,,,,,,,,,,,,,
173716,7-Oct-18,12:45:36,2018-10-07 12:45:36,G,2,7,6354,891,0,7,-62.6992,-60.8896,45:42.4,FastGPS,-62.6992,-60.8896,,,11.5,-0.6,,,,15,28,249,,,,9,31474,,,,7,26862,,,,8,24960,,,,30,4094,,,,5,6250,,,,13,26912,,,,,,,,,,,,,,,,,,,,,,,,,,,,,,,,,,,,,,,,,,,
173716,7-Oct-18,16:21:53,2018-10-07 16:21:53,G,1,7,6361,,0,9,-62.7139,-60.9125,22:00.0,FastGPS,-62.7139,-60.9125,,,13.2,0,,,,15,10,31916,,,,15,14,,,,12,4635,,,,17,31362,,,,19,8542,,,,20,22040,,,,18,17474,,,,28,32374,,,,13,9932,,,,,,,,,,,,,,,,,,,,,,,,,,,,,,,,,
173716,7-Oct-18,16:53:42,2018-10-07 16:53:42,G,3,7,6362,891,0,7,-62.713,-60.913,53:48.5,FastGPS,-62.713,-60.913,,,9.5,-0.5,,,,15,17,402,,,,10,12695,,,,12,3278,,,,15,10059,,,,20,15557,,,,28,16057,,,,13,22030,,,,,,,,,,,,,,,,,,,,,,,,,,,,,,,,,,,,,,,,,,,
173716,7-Oct-18,18:58:26,2018-10-07 18:58:26,G,1,7,6365,893,0,6,-62.6868,-60.9356,58:32.5,FastGPS,-62.6868,-60.9356,,,7.4,-0.5,,,,15,2,24318,,,,24,22327,,,,6,6411,,,,19,21353,,,,25,6789,,,,12,17124,,,,,,,,,,,,,,,,,,,,,,,,,,,,,,,,,,,,,,,,,,,,,,,,
173716,7-Oct-18,19:28:00,2018-10-07 19:28:00,G,1,7,6366,893,0,8,-62.6866,-60.9357,28:07.0,FastGPS,-62.6866,-60.9357,,,6.1,0,,,,15,2,12208,,,,12,4057,,,,31,31052,,,,19,16778,,,,25,18873,,,,24,25233,,,,6,17756,,,,14,32682,,,,,,,,,,,,,,,,,,,,,,,,,,,,,,,,,,,,,,
173716,7-Oct-18,20:29:01,2018-10-07 20:29:01,G,1,7,6368,,0,9,-62.6785,-60.944,29:08.0,FastGPS,-62.6785,-60.944,,,13.6,0,,,,15,29,12060,,,,12,22324,,,,2,28128,,,,19,31222,,,,6,16761,,,,25,8627,,,,23,16548,,,,31,26571,,,,14,25332,,,,,,,,,,,,,,,,,,,,,,,,,,,,,,,,,
173716,7-Oct-18,21:00:16,2018-10-07 21:00:16,G,1,7,6369,893,0,7,-62.6752,-60.9658,00:22.4,FastGPS,-62.6752,-60.9658,,,9.2,-0.6,,,,15,12,4562,,,,29,116,,,,5,15597,,,,31,9223,,,,25,17494,,,,2,11667,,,,23,14668,,,,,,,,,,,,,,,,,,,,,,,,,,,,,,,,,,,,,,,,,,,
173716,7-Oct-18,22:02:44,2018-10-07 22:02:44,G,1,7,6371,893,0,7,-62.6706,-60.9922,02:50.9,FastGPS,-62.6706,-60.9922,,,3.9,-0.1,,,,15,2,16946,,,,9,9403,,,,5,13796,,,,23,29375,,,,25,10581,,,,29,30171,,,,16,16412,,,,,,,,,,,,,,,,,,,,,,,,,,,,,,,,,,,,,,,,,,,
173716,7-Oct-18,23:06:58,2018-10-07 23:06:58,G,1,7,6373,893,0,7,-62.6673,-61.0218,07:05.0,FastGPS,-62.6673,-61.0218,,,15.9,0,,,,15,29,29004,,,,26,5955,,,,5,28563,,,,16,3160,,,,21,22866,,,,9,28750,,,,2,17330,,,,,,,,,,,,,,,,,,,,,,,,,,,,,,,,,,,,,,,,,,,
173716,8-Oct-18,0:07:18,2018-10-08 00:07:18,G,1,7,6375,893,0,6,-62.6697,-61.027,07:24.9,FastGPS,-62.6697,-61.027,,,11.4,-0.1,,,,15,5,15981,,,,7,474,,,,21,31783,,,,26,8428,,,,16,19620,,,,27,27770,,,,,,,,,,,,,,,,,,,,,,,,,,,,,,,,,,,,,,,,,,,,,,,,
173716,8-Oct-18,0:37:00,2018-10-08 00:37:00,G,1,7,6376,,0,9,-62.6718,-61.0269,37:06.5,FastGPS,-62.6718,-61.0269,,,6.9,-0.5,,,,15,20,32130,,,,7,13714,,,,5,16292,,,,21,24206,,,,16,3703,,,,10,13002,,,,13,25704,,,,27,24129,,,,30,31154,,,,,,,,,,,,,,,,,,,,,,,,,,,,,,,,,
173716,8-Oct-18,1:58:34,2018-10-08 01:58:34,G,2,7,6378,894,0,7,-62.6765,-61.0256,58:40.9,FastGPS,-62.6765,-61.0256,,,15.7,-0.1,,,,15,15,7922,,,,10,8341,,,,21,20029,,,,16,14856,,,,27,10586,,,,8,16875,,,,13,19162,,,,,,,,,,,,,,,,,,,,,,,,,,,,,,,,,,,,,,,,,,,
173716,8-Oct-18,2:30:18,2018-10-08 02:30:18,G,1,7,6379,,0,9,-62.6745,-61.0239,30:23.5,FastGPS,-62.6745,-61.0239,,,17,-1.5,,,,15,15,20563,,,,10,8013,,,,8,32066,,,,27,6458,,,,30,8274,,,,21,5593,,,,18,21058,,,,20,24660,,,,11,20368,,,,,,,,,,,,,,,,,,,,,,,,,,,,,,,,,
173716,8-Oct-18,4:35:21,2018-10-08 04:35:21,G,1,7,6383,894,0,7,-62.6722,-61.0198,35:26.9,FastGPS,-62.6722,-61.0198,,,22.8,-1.1,,,,15,1,3838,,,,32,5218,,,,28,2940,,,,14,31544,,,,10,22433,,,,18,20501,,,,20,28786,,,,,,,,,,,,,,,,,,,,,,,,,,,,,,,,,,,,,,,,,,,
173716,8-Oct-18,6:40:31,2018-10-08 06:40:31,G,1,7,6386,,0,9,-62.678,-60.9946,40:37.5,FastGPS,-62.678,-60.9946,,,8.9,-0.5,,,,15,17,24245,,,,31,27774,,,,19,10307,,,,1,22784,,,,23,10208,,,,22,853,,,,3,3626,,,,18,23826,,,,14,22382,,,,,,,,,,,,,,,,,,,,,,,,,,,,,,,,,
173716,8-Oct-18,7:45:57,2018-10-08 07:45:57,G,1,7,6388,,0,9,-62.7018,-60.9646,46:03.9,FastGPS,-62.7018,-60.9646,,,16,-0.1,,,,15,23,19505,,,,3,18023,,,,17,2836,,,,19,18282,,,,31,7137,,,,9,14936,,,,1,20537,,,,6,6882,,,,18,21652,,,,,,,,,,,,,,,,,,,,,,,,,,,,,,,,,
173716,8-Oct-18,9:23:00,2018-10-08 09:23:00,G,1,7,6391,896,0,6,-62.6993,-60.8891,23:05.9,FastGPS,-62.6993,-60.8891,,,7.3,-1.1,,,,15,6,3875,,,,22,24521,,,,3,3876,,,,23,8855,,,,26,13468,,,,7,12260,,,,,,,,,,,,,,,,,,,,,,,,,,,,,,,,,,,,,,,,,,,,,,,,
173716,8-Oct-18,10:11:02,2018-10-08 10:11:02,G,1,7,6392,897,0,6,-62.6992,-60.889,11:08.0,FastGPS,-62.6992,-60.889,,,6.5,-1,,,,15,7,29204,,,,23,31557,,,,3,31273,,,,9,17324,,,,26,12146,,,,6,29334,,,,,,,,,,,,,,,,,,,,,,,,,,,,,,,,,,,,,,,,,,,,,,,,
173716,8-Oct-18,10:41:04,2018-10-08 10:41:04,G,1,7,6393,897,0,4,-62.712,-60.867,10/9/2018 10:12,N,-62.6997,-60.8897,,,0.5,-1.5,,,,15,2,12046,,,,16,12785,,,,5,12774,,,,29,2269,,,,,,,,,,,,,,,,,,,,,,,,,,,,,,,,,,,,,,,,,,,,,,,,,,,,,,,,,,
173716,8-Oct-18,11:30:28,2018-10-08 11:30:28,G,3,7,6394,898,0,4,-62.712,-60.867,10/9/2018 10:12,N,-62.6997,-60.8942,,,0.3,-1.3,,,,15,16,31124,,,,9,12532,,,,23,10358,,,,7,27540,,,,,,,,,,,,,,,,,,,,,,,,,,,,,,,,,,,,,,,,,,,,,,,,,,,,,,,,,,
173716,8-Oct-18,13:38:00,2018-10-08 13:38:00,G,1,7,6395,904,0,6,-62.6995,-60.8901,38:06.5,FastGPS,-62.6995,-60.8901,,,5.4,-0.5,,,,15,5,2206,,,,13,11518,,,,30,4060,,,,15,17435,,,,27,1673,,,,7,17730,,,,,,,,,,,,,,,,,,,,,,,,,,,,,,,,,,,,,,,,,,,,,,,,
173716,8-Oct-18,15:57:05,2018-10-08 15:57:05,G,2,7,6399,905,0,4,-62.712,-60.867,10/9/2018 10:12,N,-62.6989,-60.8895,,,1.5,-0.5,,,,15,28,15816,,,,10,7786,,,,17,14668,,,,18,54,,,,,,,,,,,,,,,,,,,,,,,,,,,,,,,,,,,,,,,,,,,,,,,,,,,,,,,,,,
173716,8-Oct-18,16:27:00,2018-10-08 16:27:00,G,1,7,6400,905,0,7,-62.6992,-60.8894,27:06.4,FastGPS,-62.6992,-60.8894,,,8.4,-0.6,,,,15,12,13263,,,,24,18792,,,,15,14582,,,,13,4041,,,,17,17754,,,,19,10414,,,,28,28482,,,,,,,,,,,,,,,,,,,,,,,,,,,,,,,,,,,,,,,,,,,
173716,8-Oct-18,17:13:24,2018-10-08 17:13:24,G,2,7,6401,906,0,7,-62.6991,-60.8894,13:31.0,FastGPS,-62.6991,-60.8894,,,9,0,,,,15,13,4496,,,,17,25901,,,,19,25057,,,,32,3767,,,,24,20899,,,,28,29518,,,,1,27293,,,,,,,,,,,,,,,,,,,,,,,,,,,,,,,,,,,,,,,,,,,
173716,8-Oct-18,17:43:56,2018-10-08 17:43:56,G,1,7,6402,,0,9,-62.6932,-60.8822,44:03.0,FastGPS,-62.6932,-60.8822,,,13.4,0,,,,15,6,7216,,,,22,17781,,,,12,6677,,,,15,2456,,,,25,4504,,,,24,29157,,,,19,29827,,,,32,1664,,,,17,11942,,,,,,,,,,,,,,,,,,,,,,,,,,,,,,,,,
173716,8-Oct-18,18:14:01,2018-10-08 18:14:01,G,1,7,6403,906,0,6,-62.6788,-60.8842,14:07.5,FastGPS,-62.6788,-60.8842,,,2.9,-0.5,,,,15,17,1946,,,,19,4698,,,,6,9824,,,,24,8991,,,,12,2918,,,,25,22405,,,,,,,,,,,,,,,,,,,,,,,,,,,,,,,,,,,,,,,,,,,,,,,,
173716,8-Oct-18,18:44:00,2018-10-08 18:44:00,G,1,7,6404,,0,9,-62.6802,-60.9064,44:06.4,FastGPS,-62.6802,-60.9064,,,10.6,-0.6,,,,15,24,13090,,,,25,25064,,,,2,28390,,,,12,31187,,,,32,23154,,,,6,9589,,,,22,9184,,,,19,3000,,,,14,18360,,,,,,,,,,,,,,,,,,,,,,,,,,,,,,,,,
173716,8-Oct-18,22:22:04,2018-10-08 22:22:04,G,1,7,6409,910,0,5,-62.6994,-60.8896,22:10.5,FastGPS,-62.6994,-60.8896,,,9.3,-0.5,,,,15,29,3860,,,,31,31364,,,,25,1046,,,,5,12168,,,,21,1020,,,,,,,,,,,,,,,,,,,,,,,,,,,,,,,,,,,,,,,,,,,,,,,,,,,,,
173716,8-Oct-18,22:52:04,2018-10-08 22:52:04,G,2,7,6410,910,0,4,-62.712,-60.867,10/9/2018 10:12,N,-62.6997,-60.8885,,,0.3,0,,,,15,26,5786,,,,16,9412,,,,29,1665,,,,9,295,,,,,,,,,,,,,,,,,,,,,,,,,,,,,,,,,,,,,,,,,,,,,,,,,,,,,,,,,,
173716,8-Oct-18,23:55:41,2018-10-08 23:55:41,G,3,7,6411,912,0,4,-62.712,-60.867,10/9/2018 10:12,N,-62.6998,-60.8878,,,1.4,-0.6,,,,15,16,11740,,,,20,5130,,,,21,21907,,,,26,24136,,,,,,,,,,,,,,,,,,,,,,,,,,,,,,,,,,,,,,,,,,,,,,,,,,,,,,,,,,
173716,9-Oct-18,0:46:36,2018-10-09 00:46:36,G,4,7,6412,913,0,6,-62.6991,-60.8896,46:42.5,FastGPS,-62.6991,-60.8896,,,11.8,-0.5,,,,15,27,27268,,,,16,11862,,,,7,3340,,,,5,14317,,,,8,4234,,,,13,5700,,,,,,,,,,,,,,,,,,,,,,,,,,,,,,,,,,,,,,,,,,,,,,,,
173716,9-Oct-18,1:17:20,2018-10-09 01:17:20,G,1,7,6413,913,0,8,-62.6993,-60.889,17:27.0,FastGPS,-62.6993,-60.889,,,8.6,0,,,,15,10,12709,,,,16,18854,,,,27,21720,,,,8,12934,,,,26,10078,,,,20,15718,,,,7,7424,,,,21,17890,,,,,,,,,,,,,,,,,,,,,,,,,,,,,,,,,,,,,,
173716,9-Oct-18,2:33:00,2018-10-09 02:33:00,G,1,7,6415,914,0,4,-62.69,-60.93,10/10/2018 1:13,K,-62.6969,-60.8652,,,0.4,-0.6,,,,15,15,2803,,,,8,2800,,,,10,7955,,,,20,6323,,,,,,,,,,,,,,,,,,,,,,,,,,,,,,,,,,,,,,,,,,,,,,,,,,,,,,,,,,
173716,9-Oct-18,3:55:11,2018-10-09 03:55:11,G,2,7,6417,,0,9,-62.6946,-60.8461,55:17.5,FastGPS,-62.6946,-60.8461,,,11,-0.5,,,,15,20,18511,,,,32,24716,,,,27,8496,,,,8,4046,,,,24,1897,,,,10,3934,,,,15,11270,,,,18,26886,,,,14,10884,,,,,,,,,,,,,,,,,,,,,,,,,,,,,,,,,
173716,9-Oct-18,4:30:04,2018-10-09 04:30:04,G,1,7,6418,,0,9,-62.6915,-60.8325,30:11.0,FastGPS,-62.6915,-60.8325,,,7.5,0,,,,15,32,30245,,,,14,20908,,,,24,6575,,,,22,2007,,,,20,28445,,,,17,28202,,,,10,20926,,,,8,20308,,,,18,12421,,,,,,,,,,,,,,,,,,,,,,,,,,,,,,,,,
173716,9-Oct-18,5:01:18,2018-10-09 05:01:18,G,1,7,6419,,0,9,-62.6888,-60.8228,01:25.0,FastGPS,-62.6888,-60.8228,,,7.5,0,,,,15,10,1989,,,,22,4578,,,,32,21480,,,,17,6570,,,,1,18446,,,,28,18040,,,,18,32081,,,,3,11130,,,,24,6428,,,,,,,,,,,,,,,,,,,,,,,,,,,,,,,,,
173716,9-Oct-18,7:13:21,2018-10-09 07:13:21,G,1,7,6423,,0,9,-62.6923,-60.7995,13:27.5,FastGPS,-62.6923,-60.7995,,,8.4,-0.5,,,,15,22,5542,,,,12,16845,,,,31,1429,,,,17,10700,,,,3,20425,,,,6,4370,,,,14,23941,,,,9,22028,,,,19,9516,,,,,,,,,,,,,,,,,,,,,,,,,,,,,,,,,
173716,9-Oct-18,7:43:49,2018-10-09 07:43:49,G,1,7,6424,,0,9,-62.6969,-60.8202,43:56.0,FastGPS,-62.6969,-60.8202,,,8.2,0,,,,15,17,7942,,,,23,6703,,,,9,3323,,,,31,20953,,,,3,30892,,,,19,28746,,,,22,14060,,,,1,25645,,,,6,26430,,,,,,,,,,,,,,,,,,,,,,,,,,,,,,,,,
173716,9-Oct-18,8:20:25,2018-10-09 08:20:25,G,1,7,6425,915,0,8,-62.7105,-60.8405,20:31.5,FastGPS,-62.7105,-60.8405,,,5.5,-0.5,,,,15,6,8255,,,,23,26132,,,,9,7920,,,,22,10658,,,,19,1219,,,,26,2578,,,,1,2042,,,,3,4006,,,,,,,,,,,,,,,,,,,,,,,,,,,,,,,,,,,,,,
173716,9-Oct-18,8:52:12,2018-10-09 08:52:12,G,1,7,6426,915,0,8,-62.717,-60.8592,52:18.5,FastGPS,-62.717,-60.8592,,,6.4,-0.5,,,,15,26,29306,,,,6,28133,,,,23,21574,,,,3,9347,,,,22,29142,,,,31,26542,,,,9,3616,,,,16,26739,,,,,,,,,,,,,,,,,,,,,,,,,,,,,,,,,,,,,,
173716,9-Oct-18,12:36:00,2018-10-09 12:36:00,G,1,7,6433,915,0,8,-62.7118,-60.8476,36:06.5,FastGPS,-62.7118,-60.8476,,,7.7,-0.5,,,,15,7,14487,,,,5,24091,,,,30,19812,,,,8,5776,,,,9,24179,,,,27,13637,,,,13,6002,,,,21,14498,,,,,,,,,,,,,,,,,,,,,,,,,,,,,,,,,,,,,,
173716,9-Oct-18,13:08:21,2018-10-09 13:08:21,G,2,7,6434,,0,9,-62.709,-60.8479,08:28.0,FastGPS,-62.709,-60.8479,,,10.8,0,,,,15,7,15563,,,,5,6376,,,,30,26343,,,,27,7170,,,,8,7193,,,,15,10612,,,,21,13950,,,,28,31982,,,,13,11390,,,,,,,,,,,,,,,,,,,,,,,,,,,,,,,,,
173716,9-Oct-18,13:39:33,2018-10-09 13:39:33,G,1,7,6435,915,0,8,-62.6964,-60.8554,39:39.5,FastGPS,-62.6964,-60.8554,,,14.7,-0.5,,,,15,7,6965,,,,28,8152,,,,8,10365,,,,15,19809,,,,5,28777,,,,13,2723,,,,30,8218,,,,27,1880,,,,,,,,,,,,,,,,,,,,,,,,,,,,,,,,,,,,,,
173716,9-Oct-18,14:09:28,2018-10-09 14:09:28,G,1,7,6436,,0,9,-62.6932,-60.8591,09:35.0,FastGPS,-62.6932,-60.8591,,,15,0,,,,15,7,24056,,,,27,31306,,,,5,30374,,,,15,16752,,,,8,5136,,,,11,852,,,,30,28318,,,,20,23221,,,,28,14633,,,,,,,,,,,,,,,,,,,,,,,,,,,,,,,,,
173716,9-Oct-18,19:46:10,2018-10-09 19:46:10,G,1,7,6447,,0,9,-62.7182,-60.8467,46:17.0,FastGPS,-62.7182,-60.8467,,,10.8,0,,,,15,12,23168,,,,31,27996,,,,6,15819,,,,3,23580,,,,2,19054,,,,25,26380,,,,19,32456,,,,29,21624,,,,32,24392,,,,,,,,,,,,,,,,,,,,,,,,,,,,,,,,,
173716,10-Oct-18,0:11:06,2018-10-10 00:11:06,G,1,7,6455,916,0,4,-62.69,-60.93,10/10/2018 1:13,K,-62.6874,-60.9368,,,0.3,-1,,,,15,26,4340,,,,20,12590,,,,5,1420,,,,21,2930,,,,,,,,,,,,,,,,,,,,,,,,,,,,,,,,,,,,,,,,,,,,,,,,,,,,,,,,,,
173716,10-Oct-18,0:43:02,2018-10-10 00:43:02,G,1,7,6456,916,0,5,-62.687,-60.9357,43:09.0,FastGPS,-62.687,-60.9357,,,1.6,0,,,,15,21,19813,,,,16,28169,,,,20,18942,,,,15,11526,,,,26,20757,,,,,,,,,,,,,,,,,,,,,,,,,,,,,,,,,,,,,,,,,,,,,,,,,,,,,
173716,10-Oct-18,8:04:09,2018-10-10 08:04:09,G,2,7,6470,916,0,8,-62.6752,-60.9387,04:14.5,FastGPS,-62.6752,-60.9387,,,12.5,-1.5,,,,15,23,22242,,,,3,15297,,,,22,12600,,,,1,19296,,,,17,9794,,,,19,24011,,,,9,16501,,,,14,17002,,,,,,,,,,,,,,,,,,,,,,,,,,,,,,,,,,,,,,
173716,10-Oct-18,8:34:00,2018-10-10 08:34:00,G,1,7,6471,,0,9,-62.6738,-60.9417,34:05.5,FastGPS,-62.6738,-60.9417,,,10.2,-1.5,,,,15,22,4114,,,,9,4162,,,,3,28373,,,,6,31956,,,,23,21023,,,,19,11352,,,,2,22724,,,,31,15484,,,,26,30296,,,,,,,,,,,,,,,,,,,,,,,,,,,,,,,,,
173716,10-Oct-18,10:24:00,2018-10-10 10:24:00,G,1,7,6473,,0,9,-62.672,-60.9583,24:05.5,FastGPS,-62.672,-60.9583,,,13,-1.5,,,,15,7,31652,,,,23,11953,,,,2,9973,,,,6,28766,,,,9,21054,,,,29,25458,,,,5,20133,,,,30,15828,,,,16,19245,,,,,,,,,,,,,,,,,,,,,,,,,,,,,,,,,
173716,10-Oct-18,10:57:22,2018-10-10 10:57:22,G,1,7,6474,919,0,8,-62.6758,-60.9818,57:27.5,FastGPS,-62.6758,-60.9818,,,5,-1.5,,,,15,7,8448,,,,23,17132,,,,9,6127,,,,30,9478,,,,5,26175,,,,16,25806,,,,29,3972,,,,2,26792,,,,,,,,,,,,,,,,,,,,,,,,,,,,,,,,,,,,,,
173716,10-Oct-18,13:02:03,2018-10-10 13:02:03,G,1,7,6478,919,0,7,-62.6968,-61.0256,02:09.0,FastGPS,-62.6968,-61.0256,,,13.7,-1,,,,15,30,3584,,,,27,17692,,,,28,31236,,,,7,31624,,,,5,21249,,,,9,13242,,,,21,25267,,,,,,,,,,,,,,,,,,,,,,,,,,,,,,,,,,,,,,,,,,,
173716,10-Oct-18,14:32:33,2018-10-10 14:32:33,G,1,7,6481,919,0,8,-62.695,-61.0135,32:38.5,FastGPS,-62.695,-61.0135,,,10.9,-1.5,,,,15,15,29527,,,,13,30575,,,,30,7989,,,,7,22950,,,,17,2519,,,,28,18294,,,,11,28780,,,,8,8523,,,,,,,,,,,,,,,,,,,,,,,,,,,,,,,,,,,,,,
173716,10-Oct-18,15:32:44,2018-10-10 15:32:44,G,1,7,6483,,0,9,-62.687,-61.0161,32:50.0,FastGPS,-62.687,-61.0161,,,8.6,-1,,,,15,17,7854,,,,13,7477,,,,30,17312,,,,19,11092,,,,15,29020,,,,1,16512,,,,18,11276,,,,24,27815,,,,11,3538,,,,,,,,,,,,,,,,,,,,,,,,,,,,,,,,,
173716,10-Oct-18,17:21:45,2018-10-10 17:21:45,G,1,7,6486,920,0,8,-62.6799,-61.0157,21:50.5,FastGPS,-62.6799,-61.0157,,,10.3,-1.5,,,,15,17,26325,,,,12,12728,,,,24,18420,,,,6,28870,,,,28,1760,,,,19,5346,,,,15,13956,,,,22,31571,,,,,,,,,,,,,,,,,,,,,,,,,,,,,,,,,,,,,,
173716,10-Oct-18,22:01:11,2018-10-10 22:01:11,G,1,7,6490,921,0,7,-62.6756,-61.0313,01:16.5,FastGPS,-62.6756,-61.0313,,,8.7,-1.5,,,,15,31,24010,,,,26,10811,,,,5,7627,,,,21,20953,,,,29,30865,,,,16,2016,,,,2,5372,,,,,,,,,,,,,,,,,,,,,,,,,,,,,,,,,,,,,,,,,,,
173716,10-Oct-18,23:02:35,2018-10-10 23:02:35,G,1,7,6492,921,0,5,-62.6925,-61.0054,02:40.6,FastGPS,-62.6925,-61.0054,,,11.2,-1.4,,,,15,29,18044,,,,5,756,,,,21,31403,,,,16,6566,,,,26,21684,,,,,,,,,,,,,,,,,,,,,,,,,,,,,,,,,,,,,,,,,,,,,,,,,,,,,
173716,10-Oct-18,23:33:54,2018-10-10 23:33:54,G,1,7,6493,921,0,5,-62.6889,-60.9885,33:59.5,FastGPS,-62.6889,-60.9885,,,12.6,-1.5,,,,15,29,10386,,,,5,9560,,,,21,24758,,,,7,14395,,,,16,19058,,,,,,,,,,,,,,,,,,,,,,,,,,,,,,,,,,,,,,,,,,,,,,,,,,,,,
173716,11-Oct-18,0:04:51,2018-10-11 00:04:51,G,2,7,6494,,0,9,-62.6783,-60.9658,04:56.5,FastGPS,-62.6783,-60.9658,,1,15.6,-1.5,,,,15,15,9278,,,,26,13330,,,,13,28603,,,,5,12332,,,,29,13278,,,,27,29676,,,,20,7112,,,,16,21622,,,,4,19553,,,,,,,,,,,,,,,,,,,,,,,,,,,,,,,,,
173716,11-Oct-18,2:37:01,2018-10-11 02:37:01,G,3,7,6499,,0,9,-62.6804,-60.9641,37:07.0,FastGPS,-62.6804,-60.9641,,,11.3,-1,,,,15,15,14303,,,,20,17983,,,,10,20033,,,,18,20644,,,,8,22622,,,,21,1020,,,,28,25400,,,,11,20474,,,,13,22288,,,,,,,,,,,,,,,,,,,,,,,,,,,,,,,,,
173716,11-Oct-18,3:07:51,2018-10-11 03:07:51,G,1,7,6500,,0,9,-62.6841,-60.9507,07:57.5,FastGPS,-62.6841,-60.9507,,1,5.3,-0.5,,,,15,15,15780,,,,20,20152,,,,27,17314,,,,32,5043,,,,10,31722,,,,18,12554,,,,28,8914,,,,4,4888,,,,24,17222,,,,,,,,,,,,,,,,,,,,,,,,,,,,,,,,,
173716,11-Oct-18,3:38:02,2018-10-11 03:38:02,G,1,7,6501,921,0,7,-62.6868,-60.9348,38:08.5,FastGPS,-62.6868,-60.9348,,,2.7,-0.5,,,,15,32,11700,,,,15,28979,,,,10,7476,,,,20,3101,,,,24,5328,,,,27,29578,,,,1,17699,,,,,,,,,,,,,,,,,,,,,,,,,,,,,,,,,,,,,,,,,,,
173716,11-Oct-18,4:09:05,2018-10-11 04:09:05,G,1,7,6502,921,0,6,-62.6871,-60.935,09:11.0,FastGPS,-62.6871,-60.935,,,12,-1,,,,15,10,8967,,,,18,6934,,,,20,28253,,,,11,15739,,,,1,26112,,,,32,18439,,,,,,,,,,,,,,,,,,,,,,,,,,,,,,,,,,,,,,,,,,,,,,,,
173716,11-Oct-18,7:44:31,2018-10-11 07:44:31,G,1,7,6509,921,0,5,-62.6868,-60.9352,44:37.5,FastGPS,-62.6868,-60.9352,,,3.9,-0.5,,,,15,23,8854,,,,9,14322,,,,25,19542,,,,3,30934,,,,12,17192,,,,,,,,,,,,,,,,,,,,,,,,,,,,,,,,,,,,,,,,,,,,,,,,,,,,,
173716,11-Oct-18,8:30:01,2018-10-11 08:30:01,G,1,7,6510,922,0,6,-62.6871,-60.9354,30:06.5,FastGPS,-62.6871,-60.9354,,,8.7,-1.5,,,,15,26,9282,,,,22,14944,,,,9,15323,,,,23,32452,,,,3,6634,,,,19,22268,,,,,,,,,,,,,,,,,,,,,,,,,,,,,,,,,,,,,,,,,,,,,,,,
173716,11-Oct-18,9:02:38,2018-10-11 09:02:38,G,2,7,6511,922,0,4,-62.655,-60.627,10/12/2018 7:11,P,-62.6867,-60.935,,,0.7,-1.5,,,,15,29,22385,,,,6,12418,,,,23,13347,,,,9,8133,,,,,,,,,,,,,,,,,,,,,,,,,,,,,,,,,,,,,,,,,,,,,,,,,,,,,,,,,,
173716,11-Oct-18,9:33:17,2018-10-11 09:33:17,G,2,7,6512,922,0,4,-62.655,-60.627,10/12/2018 7:11,P,-62.6867,-60.935,,,1.7,-1,,,,15,7,31529,,,,6,29792,,,,9,27625,,,,2,6163,,,,,,,,,,,,,,,,,,,,,,,,,,,,,,,,,,,,,,,,,,,,,,,,,,,,,,,,,,
173716,11-Oct-18,10:04:06,2018-10-11 10:04:06,G,4,7,6513,922,0,8,-62.6827,-60.935,04:12.0,FastGPS,-62.6827,-60.935,,,10.4,-1,,,,15,16,18393,,,,26,7480,,,,7,20600,,,,23,17057,,,,29,21139,,,,9,16991,,,,6,11260,,,,5,2654,,,,,,,,,,,,,,,,,,,,,,,,,,,,,,,,,,,,,,
173716,11-Oct-18,12:07:36,2018-10-11 12:07:36,G,2,7,6515,926,0,8,-62.6709,-60.9441,07:42.0,FastGPS,-62.6709,-60.9441,,1,10.2,-1,,,,15,9,8526,,,,27,9707,,,,4,8187,,,,8,28565,,,,30,12412,,,,7,7181,,,,5,15044,,,,28,25527,,,,,,,,,,,,,,,,,,,,,,,,,,,,,,,,,,,,,,
173716,11-Oct-18,13:07:55,2018-10-11 13:07:55,G,1,7,6517,926,0,5,-62.6693,-60.9423,08:01.0,FastGPS,-62.6693,-60.9423,,,6.8,-1,,,,15,28,16871,,,,5,4536,,,,30,5388,,,,13,16599,,,,7,3324,,,,,,,,,,,,,,,,,,,,,,,,,,,,,,,,,,,,,,,,,,,,,,,,,,,,,
173716,11-Oct-18,17:17:12,2018-10-11 17:17:12,G,1,7,6525,926,0,6,-62.7206,-60.9116,17:18.0,FastGPS,-62.7206,-60.9116,,,10.1,-1,,,,15,24,22017,,,,12,14246,,,,15,18725,,,,6,30802,,,,19,8920,,,,1,27977,,,,,,,,,,,,,,,,,,,,,,,,,,,,,,,,,,,,,,,,,,,,,,,,
173716,11-Oct-18,18:19:10,2018-10-11 18:19:10,G,1,7,6527,,0,9,-62.7073,-60.8784,19:16.0,FastGPS,-62.7073,-60.8784,,,9.9,-1,,,,15,12,28216,,,,17,26196,,,,24,28870,,,,6,24971,,,,19,7894,,,,22,24749,,,,32,7129,,,,3,22381,,,,25,23803,,,,,,,,,,,,,,,,,,,,,,,,,,,,,,,,,
173716,11-Oct-18,18:49:04,2018-10-11 18:49:04,G,1,7,6528,,0,9,-62.6915,-60.8646,49:09.5,FastGPS,-62.6915,-60.8646,,,11.3,-1.5,,,,15,17,28808,,,,12,28927,,,,2,2676,,,,24,5400,,,,32,23904,,,,19,10770,,,,6,25507,,,,3,32140,,,,22,12118,,,,,,,,,,,,,,,,,,,,,,,,,,,,,,,,,
173716,11-Oct-18,20:20:40,2018-10-11 20:20:40,G,1,7,6531,926,0,7,-62.6824,-60.8289,20:45.5,FastGPS,-62.6824,-60.8289,,,7.9,-1.5,,,,15,12,3062,,,,31,15506,,,,2,3113,,,,6,28679,,,,25,12640,,,,29,10692,,,,23,10068,,,,,,,,,,,,,,,,,,,,,,,,,,,,,,,,,,,,,,,,,,,
173716,11-Oct-18,20:52:06,2018-10-11 20:52:06,G,1,7,6532,926,0,7,-62.6851,-60.8181,52:11.6,FastGPS,-62.6851,-60.8181,,,16.2,-1.4,,,,15,29,848,,,,12,20925,,,,2,13866,,,,26,10268,,,,31,28910,,,,25,20118,,,,23,7506,,,,,,,,,,,,,,,,,,,,,,,,,,,,,,,,,,,,,,,,,,,
173716,11-Oct-18,21:23:38,2018-10-11 21:23:38,G,1,7,6533,,0,9,-62.6826,-60.8187,23:44.0,FastGPS,-62.6826,-60.8187,,,10.5,-1,,,,15,5,31866,,,,29,3852,,,,2,19203,,,,31,5846,,,,25,2060,,,,23,4916,,,,12,32665,,,,9,1234,,,,26,606,,,,,,,,,,,,,,,,,,,,,,,,,,,,,,,,,
173716,12-Oct-18,1:15:08,2018-10-12 01:15:08,G,2,7,6540,927,0,8,-62.6374,-60.6547,15:14.5,FastGPS,-62.6374,-60.6547,,,7.9,-0.5,,,,15,21,6208,,,,7,1070,,,,30,29064,,,,15,7686,,,,10,4150,,,,20,16162,,,,13,10332,,,,16,4657,,,,,,,,,,,,,,,,,,,,,,,,,,,,,,,,,,,,,,
173716,12-Oct-18,1:46:03,2018-10-12 01:46:03,G,2,7,6541,,0,9,-62.6379,-60.6253,46:10.0,FastGPS,-62.6379,-60.6253,,1,6.4,0,,,,15,30,7570,,,,7,280,,,,4,18023,,,,16,10724,,,,18,23776,,,,15,22162,,,,27,24654,,,,13,24474,,,,10,32027,,,,,,,,,,,,,,,,,,,,,,,,,,,,,,,,,
173716,12-Oct-18,2:16:00,2018-10-12 02:16:00,G,3,7,6542,,0,9,-62.6459,-60.6049,16:06.5,FastGPS,-62.6459,-60.6049,,1,14.5,-0.5,,,,15,15,17536,,,,10,10377,,,,8,1196,,,,21,28142,,,,20,21890,,,,13,23338,,,,27,3224,,,,11,25638,,,,4,17857,,,,,,,,,,,,,,,,,,,,,,,,,,,,,,,,,
173716,12-Oct-18,2:46:00,2018-10-12 02:46:00,G,3,7,6543,,0,9,-62.6514,-60.6088,46:06.5,FastGPS,-62.6514,-60.6088,,1,15.8,-0.5,,,,15,18,16342,,,,27,30879,,,,4,5706,,,,15,664,,,,11,16882,,,,10,6988,,,,32,25244,,,,8,15852,,,,28,21269,,,,,,,,,,,,,,,,,,,,,,,,,,,,,,,,,
173716,12-Oct-18,3:16:21,2018-10-12 03:16:21,G,1,7,6544,,0,9,-62.6538,-60.6224,16:28.0,FastGPS,-62.6538,-60.6224,,,4.3,0,,,,15,28,8632,,,,10,24878,,,,15,13960,,,,11,27615,,,,20,20166,,,,8,16566,,,,32,31770,,,,18,24175,,,,24,23767,,,,,,,,,,,,,,,,,,,,,,,,,,,,,,,,,
173716,12-Oct-18,3:47:43,2018-10-12 03:47:43,G,1,7,6545,,0,9,-62.6539,-60.6223,47:49.5,FastGPS,-62.6539,-60.6223,,,8.7,-0.5,,,,15,10,10466,,,,32,25124,,,,1,8183,,,,8,10380,,,,22,19048,,,,11,29496,,,,28,19857,,,,15,9015,,,,20,18385,,,,,,,,,,,,,,,,,,,,,,,,,,,,,,,,,
173716,12-Oct-18,4:21:29,2018-10-12 04:21:29,G,1,7,6546,,0,9,-62.6544,-60.6202,21:36.0,FastGPS,-62.6544,-60.6202,,,11.1,0,,,,15,32,32634,,,,28,19096,,,,10,4873,,,,1,514,,,,24,1250,,,,17,9198,,,,11,22652,,,,22,14069,,,,18,12778,,,,,,,,,,,,,,,,,,,,,,,,,,,,,,,,,
173716,12-Oct-18,15:07:01,2018-10-12 15:07:01,G,2,7,6564,932,0,8,-62.6623,-60.6107,07:08.0,FastGPS,-62.6623,-60.6107,,,12.3,0,,,,15,17,21149,,,,13,9074,,,,11,24114,,,,30,16618,,,,28,6113,,,,18,12534,,,,10,1544,,,,15,8658,,,,,,,,,,,,,,,,,,,,,,,,,,,,,,,,,,,,,,
173716,12-Oct-18,15:40:22,2018-10-12 15:40:22,G,2,7,6565,,0,9,-62.6604,-60.5848,40:28.5,FastGPS,-62.6604,-60.5848,,,9.1,-0.5,,,,15,17,23824,,,,18,9380,,,,28,27142,,,,15,10660,,,,13,10800,,,,11,17657,,,,19,7070,,,,1,16234,,,,30,4424,,,,,,,,,,,,,,,,,,,,,,,,,,,,,,,,,
173716,12-Oct-18,16:41:02,2018-10-12 16:41:02,G,2,7,6567,,0,9,-62.6581,-60.5802,41:09.0,FastGPS,-62.6581,-60.5802,,,2.7,0,,,,15,1,27678,,,,18,24034,,,,11,11117,,,,17,19138,,,,15,31735,,,,12,15020,,,,19,10848,,,,24,20548,,,,32,24928,,,,,,,,,,,,,,,,,,,,,,,,,,,,,,,,,
173716,13-Oct-18,2:10:03,2018-10-13 02:10:03,G,1,7,6584,935,0,8,-62.6549,-60.5804,10:09.6,FastGPS,-62.6549,-60.5804,,1,7.1,-0.4,,,,15,15,2767,,,,10,23358,,,,8,13108,,,,13,12415,,,,20,7307,,,,21,19836,,,,4,4948,,,,30,20782,,,,,,,,,,,,,,,,,,,,,,,,,,,,,,,,,,,,,,
173716,13-Oct-18,2:43:16,2018-10-13 02:43:16,G,1,7,6585,,0,9,-62.6557,-60.5803,43:23.0,FastGPS,-62.6557,-60.5803,,,14.6,0,,,,15,15,8208,,,,10,18171,,,,28,4183,,,,27,6259,,,,21,19985,,,,8,27758,,,,20,12702,,,,11,274,,,,24,14640,,,,,,,,,,,,,,,,,,,,,,,,,,,,,,,,,
173716,13-Oct-18,3:13:13,2018-10-13 03:13:13,G,1,7,6586,,0,9,-62.658,-60.5868,13:20.0,FastGPS,-62.658,-60.5868,,,11.8,0,,,,15,10,3474,,,,28,22885,,,,8,28137,,,,32,15424,,,,11,10401,,,,27,25379,,,,18,6957,,,,15,23020,,,,20,29652,,,,,,,,,,,,,,,,,,,,,,,,,,,,,,,,,
173716,13-Oct-18,3:45:15,2018-10-13 03:45:15,G,1,7,6587,,0,9,-62.6627,-60.6012,45:21.6,FastGPS,-62.6627,-60.6012,,,7.4,-0.4,,,,15,10,11256,,,,32,2008,,,,24,32594,,,,1,19561,,,,11,5436,,,,20,16977,,,,18,31344,,,,8,11175,,,,14,32626,,,,,,,,,,,,,,,,,,,,,,,,,,,,,,,,,
173716,13-Oct-18,4:16:10,2018-10-13 04:16:10,G,2,7,6588,,0,9,-62.6647,-60.6114,16:17.0,FastGPS,-62.6647,-60.6114,,,9.1,0,,,,15,32,7446,,,,24,11228,,,,10,18394,,,,17,12824,,,,8,16316,,,,14,3962,,,,28,30754,,,,22,17725,,,,18,20759,,,,,,,,,,,,,,,,,,,,,,,,,,,,,,,,,
173716,13-Oct-18,4:47:18,2018-10-13 04:47:18,G,2,7,6589,935,0,6,-62.6633,-60.6171,47:24.6,FastGPS,-62.6633,-60.6171,,,9.7,-0.4,,,,15,32,2323,,,,17,28830,,,,18,12116,,,,11,24276,,,,22,25819,,,,1,3600,,,,,,,,,,,,,,,,,,,,,,,,,,,,,,,,,,,,,,,,,,,,,,,,
173716,13-Oct-18,5:38:16,2018-10-13 05:38:16,G,2,7,6590,,0,9,-62.6615,-60.6208,38:22.6,FastGPS,-62.6615,-60.6208,,,5.3,-0.4,,,,15,12,15210,,,,17,3452,,,,32,18358,,,,19,17814,,,,18,10280,,,,14,18063,,,,31,2993,,,,1,24966,,,,11,26508,,,,,,,,,,,,,,,,,,,,,,,,,,,,,,,,,
173716,13-Oct-18,6:08:30,2018-10-13 06:08:30,G,1,7,6591,,0,9,-62.6593,-60.6252,08:36.0,FastGPS,-62.6593,-60.6252,,,5.5,-1,,,,15,17,11607,,,,3,22294,,,,11,306,,,,1,24504,,,,22,9102,,,,19,31992,,,,31,7420,,,,14,32496,,,,12,31539,,,,,,,,,,,,,,,,,,,,,,,,,,,,,,,,,
173716,13-Oct-18,6:39:15,2018-10-13 06:39:15,G,2,7,6592,,0,9,-62.6548,-60.6245,39:21.0,FastGPS,-62.6548,-60.6245,,,6.2,-1,,,,15,12,5974,,,,31,15934,,,,32,2920,,,,1,13187,,,,14,2290,,,,22,1686,,,,17,31464,,,,19,9652,,,,25,8144,,,,,,,,,,,,,,,,,,,,,,,,,,,,,,,,,
173716,13-Oct-18,7:11:17,2018-10-13 07:11:17,G,2,7,6593,,0,9,-62.6544,-60.6218,11:23.0,FastGPS,-62.6544,-60.6218,,,18.7,-1,,,,15,17,10782,,,,3,8886,,,,19,19435,,,,31,28764,,,,23,20148,,,,6,8420,,,,1,4238,,,,12,10388,,,,22,28022,,,,,,,,,,,,,,,,,,,,,,,,,,,,,,,,,
173716,13-Oct-18,8:30:02,2018-10-13 08:30:02,G,1,7,6595,,0,9,-62.6544,-60.6214,30:08.5,FastGPS,-62.6544,-60.6214,,,11.3,-0.5,,,,15,9,29174,,,,22,3036,,,,23,30018,,,,26,25956,,,,6,4624,,,,3,7022,,,,31,26461,,,,19,14070,,,,16,15853,,,,,,,,,,,,,,,,,,,,,,,,,,,,,,,,,
173716,13-Oct-18,9:03:03,2018-10-13 09:03:03,G,2,7,6596,937,0,8,-62.6546,-60.6215,03:10.0,FastGPS,-62.6546,-60.6215,,,4.3,0,,,,15,7,27113,,,,26,26923,,,,16,5536,,,,23,20518,,,,6,13702,,,,22,1989,,,,3,14068,,,,31,26314,,,,,,,,,,,,,,,,,,,,,,,,,,,,,,,,,,,,,,
173716,13-Oct-18,9:33:01,2018-10-13 09:33:01,G,1,7,6597,,0,9,-62.6544,-60.6213,33:07.5,FastGPS,-62.6544,-60.6213,,,13.9,-0.5,,,,15,6,3990,,,,23,29066,,,,7,316,,,,16,21090,,,,3,2771,,,,9,29668,,,,2,6280,,,,26,5890,,,,29,29215,,,,,,,,,,,,,,,,,,,,,,,,,,,,,,,,,
173716,13-Oct-18,10:37:11,2018-10-13 10:37:11,G,1,7,6599,937,0,7,-62.6545,-60.6206,37:17.5,FastGPS,-62.6545,-60.6206,,1,9.9,-0.5,,,,15,7,17997,,,,16,28935,,,,5,23910,,,,2,13898,,,,23,16927,,,,29,18366,,,,4,13768,,,,,,,,,,,,,,,,,,,,,,,,,,,,,,,,,,,,,,,,,,,
173716,13-Oct-18,11:07:02,2018-10-13 11:07:02,G,1,7,6600,937,0,6,-62.6545,-60.6205,07:08.5,FastGPS,-62.6545,-60.6205,,,13.5,-0.5,,,,15,5,15817,,,,2,27142,,,,30,18779,,,,7,3414,,,,16,17246,,,,26,19582,,,,,,,,,,,,,,,,,,,,,,,,,,,,,,,,,,,,,,,,,,,,,,,,
173716,13-Oct-18,18:22:58,2018-10-13 18:22:58,G,1,7,6614,937,0,6,-62.6567,-60.6148,23:04.6,FastGPS,-62.6567,-60.6148,,,12.5,-0.4,,,,15,24,17418,,,,32,25096,,,,12,92,,,,14,19480,,,,25,26278,,,,22,11966,,,,,,,,,,,,,,,,,,,,,,,,,,,,,,,,,,,,,,,,,,,,,,,,
173716,13-Oct-18,20:59:07,2018-10-13 20:59:07,G,1,7,6619,937,0,8,-62.6506,-60.611,59:13.0,FastGPS,-62.6506,-60.611,,,13.8,-1,,,,15,23,13116,,,,26,4374,,,,31,24569,,,,2,9142,,,,12,18188,,,,29,23860,,,,5,17146,,,,9,9297,,,,,,,,,,,,,,,,,,,,,,,,,,,,,,,,,,,,,,
173716,13-Oct-18,21:29:00,2018-10-13 21:29:00,G,2,7,6620,,0,9,-62.6498,-60.6086,29:05.5,FastGPS,-62.6498,-60.6086,,,8.2,-1.5,,,,15,31,4018,,,,25,12429,,,,23,12414,,,,5,27358,,,,29,32097,,,,26,5542,,,,16,7932,,,,21,14504,,,,2,23160,,,,,,,,,,,,,,,,,,,,,,,,,,,,,,,,,
173716,13-Oct-18,21:59:06,2018-10-13 21:59:06,G,2,7,6621,937,0,7,-62.6539,-60.6221,59:12.1,FastGPS,-62.6539,-60.6221,,,12.3,-0.9,,,,15,9,2503,,,,5,16710,,,,2,13399,,,,23,9802,,,,25,17968,,,,26,28120,,,,29,13444,,,,,,,,,,,,,,,,,,,,,,,,,,,,,,,,,,,,,,,,,,,
173716,14-Oct-18,3:48:02,2018-10-14 03:48:02,G,1,7,6632,,0,9,-62.6565,-60.6123,48:08.6,FastGPS,-62.6565,-60.6123,,,6.8,-0.4,,,,15,28,16906,,,,1,7888,,,,22,26511,,,,18,6956,,,,11,14430,,,,8,19788,,,,27,1296,,,,32,14808,,,,10,19374,,,,,,,,,,,,,,,,,,,,,,,,,,,,,,,,,
173716,14-Oct-18,4:18:01,2018-10-14 04:18:01,G,1,7,6633,,0,9,-62.6563,-60.6121,18:08.0,FastGPS,-62.6563,-60.6121,,,10.3,0,,,,15,32,2268,,,,8,13710,,,,10,17050,,,,24,27306,,,,14,12814,,,,17,28515,,,,1,12056,,,,22,31438,,,,18,13968,,,,,,,,,,,,,,,,,,,,,,,,,,,,,,,,,
173716,14-Oct-18,5:19:22,2018-10-14 05:19:22,G,1,7,6634,940,0,7,-62.6564,-60.6117,19:29.0,FastGPS,-62.6564,-60.6117,,,13.5,0,,,,15,1,7407,,,,31,25706,,,,22,27484,,,,32,8368,,,,17,28156,,,,11,9052,,,,19,15958,,,,,,,,,,,,,,,,,,,,,,,,,,,,,,,,,,,,,,,,,,,
173716,14-Oct-18,6:19:00,2018-10-14 06:19:00,G,1,7,6636,,0,9,-62.6566,-60.6121,19:07.0,FastGPS,-62.6566,-60.6121,,,10.8,0,,,,15,31,11409,,,,12,4996,,,,32,8808,,,,19,22258,,,,18,18990,,,,14,21789,,,,22,7917,,,,17,26418,,,,25,5022,,,,,,,,,,,,,,,,,,,,,,,,,,,,,,,,,
173716,14-Oct-18,7:21:00,2018-10-14 07:21:00,G,1,7,6638,,0,9,-62.6567,-60.6124,21:06.5,FastGPS,-62.6567,-60.6124,,,6.1,-0.5,,,,15,19,15349,,,,23,14760,,,,31,7268,,,,17,739,,,,3,16576,,,,6,1302,,,,9,6346,,,,22,5274,,,,14,23518,,,,,,,,,,,,,,,,,,,,,,,,,,,,,,,,,
173716,14-Oct-18,8:54:15,2018-10-14 08:54:15,G,1,7,6641,,0,9,-62.6567,-60.6121,54:21.5,FastGPS,-62.6567,-60.6121,,,6.2,-0.5,,,,15,22,559,,,,16,29200,,,,9,2234,,,,6,27540,,,,31,21550,,,,3,7876,,,,26,27278,,,,29,20536,,,,2,10726,,,,,,,,,,,,,,,,,,,,,,,,,,,,,,,,,
173716,14-Oct-18,10:24:02,2018-10-14 10:24:02,G,2,7,6644,,0,9,-62.656,-60.605,24:09.0,FastGPS,-62.656,-60.605,,,9.2,0,,,,15,29,5649,,,,23,22749,,,,26,31139,,,,5,22956,,,,16,32550,,,,9,5920,,,,7,26355,,,,2,8516,,,,30,30148,,,,,,,,,,,,,,,,,,,,,,,,,,,,,,,,,
173716,14-Oct-18,16:40:28,2018-10-14 16:40:28,G,1,7,6656,940,0,8,-62.6904,-60.4273,40:35.1,FastGPS,-62.6904,-60.4273,,,15.1,0.1,,,,15,10,13180,,,,32,12915,,,,17,9404,,,,15,28172,,,,12,2378,,,,1,14178,,,,24,21543,,,,19,19797,,,,,,,,,,,,,,,,,,,,,,,,,,,,,,,,,,,,,,
173716,14-Oct-18,18:45:45,2018-10-14 18:45:45,G,1,7,6660,940,0,8,-62.721,-60.4379,45:51.6,FastGPS,-62.721,-60.4379,,,12.7,-0.4,,,,15,17,4053,,,,12,14269,,,,19,2199,,,,24,20040,,,,25,18774,,,,32,23449,,,,6,20346,,,,29,17218,,,,,,,,,,,,,,,,,,,,,,,,,,,,,,,,,,,,,,
173716,14-Oct-18,20:19:11,2018-10-14 20:19:11,G,1,7,6663,,0,9,-62.7227,-60.4308,19:18.1,FastGPS,-62.7227,-60.4308,,,10.8,0.1,,,,15,23,6467,,,,29,13101,,,,25,10426,,,,2,5063,,,,6,27819,,,,12,3978,,,,31,4211,,,,14,22009,,,,26,12380,,,,,,,,,,,,,,,,,,,,,,,,,,,,,,,,,
173716,14-Oct-18,21:04:05,2018-10-14 21:04:05,G,1,7,6664,941,0,7,-62.7225,-60.4309,04:10.6,FastGPS,-62.7225,-60.4309,,,22.4,-1.4,,,,15,2,24664,,,,31,26059,,,,12,17947,,,,5,23734,,,,26,16183,,,,25,3490,,,,29,10454,,,,,,,,,,,,,,,,,,,,,,,,,,,,,,,,,,,,,,,,,,,
173716,14-Oct-18,22:35:01,2018-10-14 22:35:01,G,1,7,6667,941,0,5,-62.7227,-60.4311,35:06.6,FastGPS,-62.7227,-60.4311,,,7,-1.4,,,,15,21,25006,,,,5,16226,,,,26,15674,,,,29,20287,,,,16,3724,,,,,,,,,,,,,,,,,,,,,,,,,,,,,,,,,,,,,,,,,,,,,,,,,,,,,
173716,15-Oct-18,0:10:25,2018-10-15 00:10:25,G,2,7,6670,941,0,7,-62.723,-60.4312,10:30.5,FastGPS,-62.723,-60.4312,,1,8.9,-1.5,,,,15,8,22159,,,,27,24063,,,,4,28622,,,,26,22517,,,,16,28972,,,,21,19780,,,,29,25180,,,,,,,,,,,,,,,,,,,,,,,,,,,,,,,,,,,,,,,,,,,
173716,15-Oct-18,0:41:25,2018-10-15 00:41:25,G,2,7,6671,941,0,8,-62.7228,-60.4311,41:31.0,FastGPS,-62.7228,-60.4311,,1,8.3,-1,,,,15,27,15976,,,,15,11346,,,,26,21170,,,,16,6257,,,,7,16770,,,,4,18248,,,,21,4368,,,,8,21346,,,,,,,,,,,,,,,,,,,,,,,,,,,,,,,,,,,,,,
173716,15-Oct-18,1:12:19,2018-10-15 01:12:19,G,2,7,6672,,0,9,-62.7225,-60.4304,12:25.1,FastGPS,-62.7225,-60.4304,,1,7.3,-0.9,,,,15,15,2700,,,,21,23801,,,,13,18506,,,,7,24696,,,,30,13004,,,,20,9578,,,,27,23964,,,,10,20617,,,,4,16796,,,,,,,,,,,,,,,,,,,,,,,,,,,,,,,,,
173716,15-Oct-18,3:14:00,2018-10-15 03:14:00,G,1,7,6676,,0,9,-62.708,-60.3361,14:05.6,FastGPS,-62.708,-60.3361,,1,7.3,-1.4,,,,15,10,28315,,,,32,22843,,,,28,9190,,,,18,5054,,,,8,22014,,,,20,5428,,,,11,9273,,,,27,31058,,,,4,32266,,,,,,,,,,,,,,,,,,,,,,,,,,,,,,,,,
173716,15-Oct-18,13:50:00,2018-10-15 13:50:00,G,2,7,6685,941,0,6,-62.7175,-60.4441,50:05.6,FastGPS,-62.7175,-60.4441,,,4,-1.4,,,,15,28,2073,,,,30,25586,,,,15,10850,,,,13,8501,,,,5,18492,,,,8,7688,,,,,,,,,,,,,,,,,,,,,,,,,,,,,,,,,,,,,,,,,,,,,,,,
173716,15-Oct-18,14:20:33,2018-10-15 14:20:33,G,1,7,6686,941,0,8,-62.7074,-60.4378,20:39.1,FastGPS,-62.7074,-60.4378,,,15.7,-0.9,,,,15,15,17724,,,,13,25902,,,,30,15317,,,,28,25106,,,,5,2422,,,,24,24202,,,,17,16399,,,,11,16696,,,,,,,,,,,,,,,,,,,,,,,,,,,,,,,,,,,,,,
173716,15-Oct-18,14:51:56,2018-10-15 14:51:56,G,1,7,6687,941,0,7,-62.7148,-60.4405,52:01.6,FastGPS,-62.7148,-60.4405,,,10,-1.4,,,,15,28,4223,,,,24,24316,,,,13,8192,,,,15,32021,,,,20,9196,,,,10,21888,,,,30,22266,,,,,,,,,,,,,,,,,,,,,,,,,,,,,,,,,,,,,,,,,,,
173716,15-Oct-18,15:22:00,2018-10-15 15:22:00,G,1,7,6688,,0,9,-62.7222,-60.4396,22:05.6,FastGPS,-62.7222,-60.4396,,,7.5,-1.4,,,,15,17,3063,,,,15,13845,,,,13,31024,,,,28,13405,,,,19,13313,,,,24,18994,,,,30,32140,,,,20,25798,,,,18,8814,,,,,,,,,,,,,,,,,,,,,,,,,,,,,,,,,
173716,15-Oct-18,16:52:49,2018-10-15 16:52:49,G,2,7,6691,941,0,8,-62.7229,-60.431,52:54.6,FastGPS,-62.7229,-60.431,,,7.5,-1.4,,,,15,10,23494,,,,15,23887,,,,17,20635,,,,12,23884,,,,24,27454,,,,19,8672,,,,25,31250,,,,32,31564,,,,,,,,,,,,,,,,,,,,,,,,,,,,,,,,,,,,,,
173716,15-Oct-18,17:54:10,2018-10-15 17:54:10,G,2,7,6693,,0,9,-62.723,-60.431,54:16.1,FastGPS,-62.723,-60.431,,,7.4,-0.9,,,,15,17,16435,,,,12,31766,,,,6,20901,,,,32,22283,,,,24,3403,,,,22,8913,,,,25,7747,,,,19,8937,,,,14,6330,,,,,,,,,,,,,,,,,,,,,,,,,,,,,,,,,
173716,16-Oct-18,1:49:08,2018-10-16 01:49:08,G,1,7,6708,,0,9,-62.6375,-60.368,49:15.1,FastGPS,-62.6375,-60.368,,1,13.5,0.1,,,,15,10,5741,,,,15,8630,,,,18,30383,,,,20,13954,,,,4,18962,,,,8,22565,,,,30,2742,,,,16,16288,,,,13,2770,,,,,,,,,,,,,,,,,,,,,,,,,,,,,,,,,
173716,16-Oct-18,2:19:00,2018-10-16 02:19:00,G,1,7,6709,,1,9,-62.637,-60.367,19:06.6,FastGPS,-62.637,-60.367,,,9.4,-0.4,,,,15,15,28668,,,,28,19208,,,,30,23974,,,,20,1015,,,,18,14112,,,,21,9314,,,,8,10174,,,,10,8548,,,,11,13334,,,,,,,,,,,,,,,,,,,,,,,,,,,,,,,,,
173716,16-Oct-18,2:49:00,2018-10-16 02:49:00,G,1,7,6710,,0,9,-62.6377,-60.368,49:06.6,FastGPS,-62.6377,-60.368,,1,6.7,-0.4,,,,15,27,28655,,,,4,15258,,,,10,14569,,,,15,26145,,,,18,32037,,,,8,283,,,,32,29242,,,,1,18648,,,,11,1139,,,,,,,,,,,,,,,,,,,,,,,,,,,,,,,,,
173716,16-Oct-18,3:19:00,2018-10-16 03:19:00,G,1,7,6711,,0,9,-62.6375,-60.3701,19:06.6,FastGPS,-62.6375,-60.3701,,,16.5,-0.4,,,,15,32,8432,,,,10,28903,,,,8,25590,,,,27,14886,,,,11,20025,,,,28,3286,,,,18,15027,,,,1,11070,,,,14,16274,,,,,,,,,,,,,,,,,,,,,,,,,,,,,,,,,
173716,16-Oct-18,6:20:00,2018-10-16 06:20:00,G,2,7,6717,,1,9,-62.6302,-60.3327,20:05.6,FastGPS,-62.6302,-60.3327,,,11.1,-1.4,,,,15,17,84,,,,6,23564,,,,12,28690,,,,25,16630,,,,19,23310,,,,32,24921,,,,3,21335,,,,23,28826,,,,14,15692,,,,,,,,,,,,,,,,,,,,,,,,,,,,,,,,,
173716,16-Oct-18,21:41:35,2018-10-16 21:41:35,G,2,7,6720,942,0,6,-62.621,-60.4008,41:41.1,FastGPS,-62.621,-60.4008,,,7.4,-0.9,,,,15,26,18630,,,,29,24763,,,,25,13911,,,,31,4254,,,,21,11032,,,,5,16620,,,,,,,,,,,,,,,,,,,,,,,,,,,,,,,,,,,,,,,,,,,,,,,,
173716,17-Oct-18,2:13:33,2018-10-17 02:13:33,G,1,7,6728,943,0,8,-62.6556,-60.6013,13:39.1,FastGPS,-62.6556,-60.6013,,1,5.4,-0.9,,,,15,18,30299,,,,15,17582,,,,11,29398,,,,8,29204,,,,27,12595,,,,4,2652,,,,20,22844,,,,32,25382,,,,,,,,,,,,,,,,,,,,,,,,,,,,,,,,,,,,,,
173716,17-Oct-18,9:30:05,2018-10-17 09:30:05,G,2,7,6742,,0,9,-62.6741,-60.7396,30:11.6,FastGPS,-62.6741,-60.7396,,,15.4,-0.4,,,,15,29,23889,,,,2,26211,,,,23,15705,,,,16,4923,,,,9,20896,,,,5,26526,,,,26,20661,,,,7,16068,,,,3,22580,,,,,,,,,,,,,,,,,,,,,,,,,,,,,,,,,
173716,17-Oct-18,10:00:45,2018-10-17 10:00:45,G,2,7,6743,943,0,8,-62.6758,-60.7335,00:51.6,FastGPS,-62.6758,-60.7335,,,9.4,-0.4,,,,15,29,892,,,,9,31400,,,,5,21922,,,,16,6348,,,,2,12876,,,,23,9431,,,,7,847,,,,26,2986,,,,,,,,,,,,,,,,,,,,,,,,,,,,,,,,,,,,,,
173716,17-Oct-18,11:02:14,2018-10-17 11:02:14,G,3,7,6745,943,0,5,-62.6753,-60.7304,02:20.6,FastGPS,-62.6753,-60.7304,,,1.6,-0.4,,,,15,5,20218,,,,30,1332,,,,9,8008,,,,7,21596,,,,16,31656,,,,,,,,,,,,,,,,,,,,,,,,,,,,,,,,,,,,,,,,,,,,,,,,,,,,,
173716,17-Oct-18,11:34:15,2018-10-17 11:34:15,G,4,7,6746,943,0,8,-62.6742,-60.7388,34:22.1,FastGPS,-62.6742,-60.7388,,1,9.6,0.1,,,,15,5,15120,,,,7,24474,,,,16,4936,,,,9,24776,,,,13,18720,,,,4,12467,,,,8,5648,,,,30,960,,,,,,,,,,,,,,,,,,,,,,,,,,,,,,,,,,,,,,
173716,17-Oct-18,12:06:05,2018-10-17 12:06:05,G,3,7,6747,,0,9,-62.6729,-60.7623,06:11.6,FastGPS,-62.6729,-60.7623,,1,7.6,-0.4,,,,15,13,30174,,,,28,5497,,,,5,3466,,,,7,21912,,,,9,30841,,,,30,4168,,,,8,28618,,,,4,27332,,,,21,32008,,,,,,,,,,,,,,,,,,,,,,,,,,,,,,,,,
173716,17-Oct-18,14:41:06,2018-10-17 14:41:06,G,2,7,6751,,0,9,-62.6826,-60.7706,41:12.6,FastGPS,-62.6826,-60.7706,,,11.5,-0.4,,,,15,10,406,,,,1,7482,,,,28,24121,,,,20,27444,,,,15,15251,,,,17,6555,,,,30,15982,,,,11,31066,,,,18,13860,,,,,,,,,,,,,,,,,,,,,,,,,,,,,,,,,
173716,17-Oct-18,15:29:28,2018-10-17 15:29:28,G,1,7,6752,,0,9,-62.6832,-60.7799,29:35.1,FastGPS,-62.6832,-60.7799,,,6.8,0.1,,,,15,17,17164,,,,19,12107,,,,18,5006,,,,28,25048,,,,13,4953,,,,1,32418,,,,15,30639,,,,11,3198,,,,10,15499,,,,,,,,,,,,,,,,,,,,,,,,,,,,,,,,,
173716,17-Oct-18,16:01:14,2018-10-17 16:01:14,G,1,7,6753,,0,9,-62.6853,-60.7933,01:20.6,FastGPS,-62.6853,-60.7933,,,5,-0.4,,,,15,19,7634,,,,15,9638,,,,24,4330,,,,18,15836,,,,11,17219,,,,17,25580,,,,13,11634,,,,28,6228,,,,12,16130,,,,,,,,,,,,,,,,,,,,,,,,,,,,,,,,,
173716,17-Oct-18,20:35:10,2018-10-17 20:35:10,G,1,7,6762,,0,9,-62.7014,-60.8294,35:16.6,FastGPS,-62.7014,-60.8294,,,8.8,-0.4,,,,15,12,24296,,,,25,6044,,,,29,16934,,,,6,7918,,,,9,28286,,,,5,26080,,,,31,31156,,,,23,15030,,,,2,30750,,,,,,,,,,,,,,,,,,,,,,,,,,,,,,,,,
173716,17-Oct-18,22:06:28,2018-10-17 22:06:28,G,1,7,6765,946,0,7,-62.6954,-60.875,06:35.1,FastGPS,-62.6954,-60.875,,,11.4,0.1,,,,15,31,13892,,,,26,5176,,,,25,26902,,,,5,26540,,,,16,21256,,,,21,1511,,,,29,32681,,,,,,,,,,,,,,,,,,,,,,,,,,,,,,,,,,,,,,,,,,,
173716,17-Oct-18,22:37:42,2018-10-17 22:37:42,G,1,7,6766,946,0,5,-62.6957,-60.879,37:48.6,FastGPS,-62.6957,-60.879,,,6.1,-0.4,,,,15,29,10297,,,,26,26324,,,,21,17337,,,,5,2310,,,,16,20407,,,,,,,,,,,,,,,,,,,,,,,,,,,,,,,,,,,,,,,,,,,,,,,,,,,,,
173716,17-Oct-18,23:40:02,2018-10-17 23:40:02,G,1,7,6768,,0,9,-62.6954,-60.8777,40:08.6,FastGPS,-62.6954,-60.8777,,1,13.5,-0.4,,,,15,5,18151,,,,13,23561,,,,20,7082,,,,29,12235,,,,7,2219,,,,16,6744,,,,26,20826,,,,4,16082,,,,21,24412,,,,,,,,,,,,,,,,,,,,,,,,,,,,,,,,,
173716,18-Oct-18,0:41:13,2018-10-18 00:41:13,G,1,7,6770,,0,9,-62.6958,-60.8715,41:19.6,FastGPS,-62.6958,-60.8715,,1,8,-0.4,,,,15,27,11947,,,,21,4322,,,,8,6349,,,,4,31004,,,,15,30705,,,,7,27971,,,,16,7031,,,,20,6982,,,,10,5738,,,,,,,,,,,,,,,,,,,,,,,,,,,,,,,,,
173716,18-Oct-18,1:13:50,2018-10-18 01:13:50,G,2,7,6771,,0,9,-62.6986,-60.8812,13:56.1,FastGPS,-62.6986,-60.8812,,1,10.3,-0.9,,,,15,27,30756,,,,16,22543,,,,26,2778,,,,10,21691,,,,21,24857,,,,8,29072,,,,4,2942,,,,20,6028,,,,7,6128,,,,,,,,,,,,,,,,,,,,,,,,,,,,,,,,,
173716,18-Oct-18,2:17:11,2018-10-18 02:17:11,G,1,7,6772,,0,9,-62.6995,-60.8903,17:17.1,FastGPS,-62.6995,-60.8903,,1,9.9,-0.9,,,,15,20,11968,,,,27,5426,,,,4,17892,,,,8,11976,,,,11,1517,,,,18,1774,,,,15,6551,,,,10,4024,,,,28,5163,,,,,,,,,,,,,,,,,,,,,,,,,,,,,,,,,
173716,18-Oct-18,3:18:17,2018-10-18 03:18:17,G,1,7,6774,948,0,4,-62.686,-60.886,10/19/2018 0:57,A,-62.716,-60.8451,,,0.8,2.3,,,,15,18,21563,,,,28,28537,,,,11,27721,,,,10,29581,,,,,,,,,,,,,,,,,,,,,,,,,,,,,,,,,,,,,,,,,,,,,,,,,,,,,,,,,,
173716,18-Oct-18,3:48:43,2018-10-18 03:48:43,G,1,7,6775,,0,9,-62.6993,-60.8903,48:48.6,FastGPS,-62.6993,-60.8903,,,13,-1.4,,,,15,32,29114,,,,14,10449,,,,10,9162,,,,8,9699,,,,27,31592,,,,11,23488,,,,24,13720,,,,1,17070,,,,28,12398,,,,,,,,,,,,,,,,,,,,,,,,,,,,,,,,,
173716,18-Oct-18,7:24:20,2018-10-18 07:24:20,G,1,7,6781,,0,9,-62.6963,-60.874,24:26.1,FastGPS,-62.6963,-60.874,,,7.5,-0.9,,,,15,17,10902,,,,6,22976,,,,23,5522,,,,9,18398,,,,19,9748,,,,31,20296,,,,1,22816,,,,22,6520,,,,3,27616,,,,,,,,,,,,,,,,,,,,,,,,,,,,,,,,,
173716,18-Oct-18,7:54:00,2018-10-18 07:54:00,G,1,7,6782,950,0,6,-62.6979,-60.86,54:05.7,FastGPS,-62.6979,-60.86,,,7.7,-1.3,,,,15,31,1210,,,,23,7262,,,,9,4560,,,,6,19637,,,,26,2424,,,,19,30726,,,,,,,,,,,,,,,,,,,,,,,,,,,,,,,,,,,,,,,,,,,,,,,,
173716,18-Oct-18,8:39:03,2018-10-18 08:39:03,G,1,7,6783,,0,9,-62.6993,-60.8579,39:08.6,FastGPS,-62.6993,-60.8579,,,13.3,-1.4,,,,15,3,20787,,,,26,14099,,,,16,17516,,,,31,3522,,,,22,12175,,,,23,16953,,,,6,13036,,,,9,22452,,,,2,1527,,,,,,,,,,,,,,,,,,,,,,,,,,,,,,,,,
173716,18-Oct-18,10:41:59,2018-10-18 10:41:59,G,1,7,6787,951,0,5,-62.6993,-60.8711,42:05.1,FastGPS,-62.6993,-60.8711,,,4.7,-0.9,,,,15,23,8650,,,,9,32386,,,,5,17949,,,,16,6942,,,,30,15890,,,,,,,,,,,,,,,,,,,,,,,,,,,,,,,,,,,,,,,,,,,,,,,,,,,,,
173716,18-Oct-18,11:12:11,2018-10-18 11:12:11,G,1,7,6788,951,0,8,-62.699,-60.8713,12:16.6,FastGPS,-62.699,-60.8713,,1,9.8,-1.4,,,,15,7,30435,,,,30,17486,,,,23,23866,,,,27,18824,,,,5,21990,,,,4,22812,,,,16,30160,,,,9,27984,,,,,,,,,,,,,,,,,,,,,,,,,,,,,,,,,,,,,,
173716,18-Oct-18,22:56:24,2018-10-18 22:56:24,G,1,7,6809,954,0,7,-62.7267,-60.9577,56:30.1,FastGPS,-62.7267,-60.9577,,1,6.2,-0.9,,,,15,16,2116,,,,5,16058,,,,29,20070,,,,26,7258,,,,21,8211,,,,20,12442,,,,4,19136,,,,,,,,,,,,,,,,,,,,,,,,,,,,,,,,,,,,,,,,,,,
173716,19-Oct-18,3:39:02,2018-10-19 03:39:02,G,1,7,6818,,0,9,-62.695,-60.8601,39:08.7,FastGPS,-62.695,-60.8601,,,12.4,-0.3,,,,15,22,11956,,,,28,4544,,,,11,32522,,,,18,23778,,,,10,12346,,,,1,14854,,,,8,13414,,,,24,31490,,,,20,28952,,,,,,,,,,,,,,,,,,,,,,,,,,,,,,,,,
173716,19-Oct-18,19:23:42,2018-10-19 19:23:42,G,1,7,6847,,0,9,-62.6983,-60.8529,23:49.2,FastGPS,-62.6983,-60.8529,,,6.9,0.2,,,,15,29,30074,,,,31,19859,,,,32,16996,,,,25,12482,,,,12,15209,,,,6,9256,,,,2,21827,,,,14,23698,,,,19,12812,,,,,,,,,,,,,,,,,,,,,,,,,,,,,,,,,
