Name,Day,Time,Date,lc,Count,Time Offset,LocNumber,Failures,Hauled Out,Satellites,InitLat,InitLon,InitTime,InitType,Latitude,Longitude,Height,Bad Sats,Residual,Time Error,TWIC Power,Fastloc Power,Noise,Range Bits,Id,Range,Signal,Doppler,CNR,Id,Range,Signal,Doppler,CNR,Id,Range,Signal,Doppler,CNR,Id,Range,Signal,Doppler,CNR,Id,Range,Signal,Doppler,CNR,Id,Range,Signal,Doppler,CNR,Id,Range,Signal,Doppler,CNR,Id,Range,Signal,Doppler,CNR,Id,Range,Signal,Doppler,CNR,Id,Range,Signal,Doppler,CNR,Id,Range,Signal,Doppler,CNR,Id,Range,Signal,Doppler,CNR,Id,Range,Signal,Doppler,CNR,Id,Range,Signal,Doppler,CNR,Id,Range,Signal,Doppler,CNR
180843,21-May-19,18:26:00,2019-05-21 18:26:00,G,14,1,30,1,0,8,-62.4737,-60.7955,26:00.7,FastGPS,-62.4737,-60.7955,,1,3.4,-0.3,,,,15,2,8382,,,,7,27100,,,,4,32103,,,,23,20998,,,,9,3175,,,,6,12835,,,,16,28867,,,,3,3125,,,,,,,,,,,,,,,,,,,,,,,,,,,,,,,,,,,,,,
180843,21-May-19,19:41:04,2019-05-21 19:41:04,G,30,1,31,2,0,6,-62.4659,-60.8136,41:04.5,FastGPS,-62.4659,-60.8136,,1,10.4,-0.5,,,,15,7,20585,,,,23,17064,,,,16,19631,,,,9,25467,,,,30,10548,,,,4,17900,,,,,,,,,,,,,,,,,,,,,,,,,,,,,,,,,,,,,,,,,,,,,,,,
180843,21-May-19,21:17:08,2019-05-21 21:17:08,G,12,1,32,4,0,7,-62.451,-60.8317,17:08.0,FastGPS,-62.451,-60.8317,,1,4.8,-1,,,,15,5,16967,,,,9,9789,,,,7,4508,,,,28,12188,,,,8,22851,,,,4,2454,,,,30,19392,,,,,,,,,,,,,,,,,,,,,,,,,,,,,,,,,,,,,,,,,,,
180843,21-May-19,22:18:20,2019-05-21 22:18:20,G,16,1,33,4,0,5,-62.4436,-60.8261,18:20.0,FastGPS,-62.4436,-60.8261,,,1.5,-1,,,,15,5,2394,,,,30,13993,,,,28,8707,,,,13,31820,,,,7,17307,,,,,,,,,,,,,,,,,,,,,,,,,,,,,,,,,,,,,,,,,,,,,,,,,,,,,
180843,21-May-19,23:18:01,2019-05-21 23:18:01,G,16,1,34,4,0,6,-62.4192,-60.814,18:02.0,FastGPS,-62.4192,-60.814,,,5.5,0,,,,15,17,14216,,,,30,8963,,,,15,13165,,,,13,15314,,,,8,30040,,,,28,31067,,,,,,,,,,,,,,,,,,,,,,,,,,,,,,,,,,,,,,,,,,,,,,,,
180843,22-May-19,0:35:08,2019-05-22 00:35:08,G,10,1,35,5,0,8,-62.3718,-60.857,35:07.5,FastGPS,-62.3718,-60.857,,,10.1,-1.5,,,,15,17,16060,,,,28,29594,,,,13,23556,,,,15,26714,,,,19,14245,,,,12,18123,,,,11,9882,,,,1,13482,,,,,,,,,,,,,,,,,,,,,,,,,,,,,,,,,,,,,,
180843,22-May-19,1:41:09,2019-05-22 01:41:09,G,14,1,36,5,0,6,-62.3462,-60.9368,41:09.0,FastGPS,-62.3462,-60.9368,,,3,-1,,,,15,12,29386,,,,19,26634,,,,17,6782,,,,15,24501,,,,24,4579,,,,28,7378,,,,,,,,,,,,,,,,,,,,,,,,,,,,,,,,,,,,,,,,,,,,,,,,
180843,22-May-19,2:43:57,2019-05-22 02:43:57,G,10,1,37,5,0,6,-62.3376,-61.0011,43:56.5,FastGPS,-62.3376,-61.0011,,,5.6,-1.5,,,,15,12,7367,,,,17,16426,,,,32,888,,,,25,10683,,,,19,1975,,,,22,17591,,,,,,,,,,,,,,,,,,,,,,,,,,,,,,,,,,,,,,,,,,,,,,,,
180843,22-May-19,4:05:00,2019-05-22 04:05:00,G,8,1,38,6,0,5,-62.3443,-61.0466,05:00.5,FastGPS,-62.3443,-61.0466,,,2.1,-0.5,,,,15,25,28950,,,,29,23197,,,,12,19812,,,,31,7413,,,,24,6064,,,,,,,,,,,,,,,,,,,,,,,,,,,,,,,,,,,,,,,,,,,,,,,,,,,,,
180843,22-May-19,5:12:35,2019-05-22 05:12:35,G,14,1,39,6,0,5,-62.3548,-61.0712,12:35.0,FastGPS,-62.3548,-61.0712,,,2,-1,,,,15,12,16250,,,,31,25034,,,,2,27130,,,,29,11353,,,,14,16100,,,,,,,,,,,,,,,,,,,,,,,,,,,,,,,,,,,,,,,,,,,,,,,,,,,,,
180843,22-May-19,6:13:06,2019-05-22 06:13:06,G,12,1,40,6,0,5,-62.3836,-61.0996,13:06.0,FastGPS,-62.3836,-61.0996,,,5.2,-1,,,,15,31,8794,,,,2,24099,,,,26,6780,,,,29,12905,,,,5,31211,,,,,,,,,,,,,,,,,,,,,,,,,,,,,,,,,,,,,,,,,,,,,,,,,,,,,
180843,22-May-19,7:31:47,2019-05-22 07:31:47,G,6,1,41,7,0,4,-62.3548,-61.0712,12:35.0,FastGPS,-62.4177,-61.1248,,,1,-1,,,,15,31,19161,,,,29,13715,,,,21,27165,,,,26,24199,,,,,,,,,,,,,,,,,,,,,,,,,,,,,,,,,,,,,,,,,,,,,,,,,,,,,,,,,,
180843,22-May-19,8:36:24,2019-05-22 08:36:24,G,12,1,42,7,0,6,-62.4445,-61.128,36:23.5,FastGPS,-62.4445,-61.128,,,4.5,-1.5,,,,15,21,20741,,,,26,10682,,,,7,30025,,,,16,22641,,,,29,20586,,,,27,873,,,,,,,,,,,,,,,,,,,,,,,,,,,,,,,,,,,,,,,,,,,,,,,,
180843,22-May-19,9:37:03,2019-05-22 09:37:03,G,10,1,43,7,0,7,-62.4573,-61.1337,37:02.5,FastGPS,-62.4573,-61.1337,,,8.6,-1.5,,,,15,27,28412,,,,21,12299,,,,7,8707,,,,30,15795,,,,16,15860,,,,13,9351,,,,20,11006,,,,,,,,,,,,,,,,,,,,,,,,,,,,,,,,,,,,,,,,,,,
180843,22-May-19,10:38:44,2019-05-22 10:38:44,G,10,1,44,7,0,4,-62.4177,-61.1248,31:47.0,FastGPS,-62.4636,-61.14,,,0.3,-0.5,,,,15,21,19507,,,,15,21915,,,,8,21155,,,,20,14221,,,,,,,,,,,,,,,,,,,,,,,,,,,,,,,,,,,,,,,,,,,,,,,,,,,,,,,,,,
180843,22-May-19,11:58:07,2019-05-22 11:58:07,G,10,1,45,,0,9,-62.5074,-61.1805,58:08.0,FastGPS,-62.5074,-61.1805,,,5.3,0,,,,15,15,8001,,,,18,29350,,,,8,8093,,,,24,17006,,,,11,2611,,,,27,19232,,,,20,18212,,,,1,340,,,,10,10900,,,,,,,,,,,,,,,,,,,,,,,,,,,,,,,,,
180843,22-May-19,12:58:23,2019-05-22 12:58:23,G,10,1,46,8,0,4,-62.4636,-61.14,38:44.5,FastGPS,-62.5411,-61.2159,,,0.4,-1.4,,,,15,18,15294,,,,8,5733,,,,32,32478,,,,11,29651,,,,,,,,,,,,,,,,,,,,,,,,,,,,,,,,,,,,,,,,,,,,,,,,,,,,,,,,,,
180843,22-May-19,15:24:31,2019-05-22 15:24:31,G,10,1,47,,0,9,-62.5995,-61.2549,24:30.5,FastGPS,-62.5995,-61.2549,,,6.9,-1.5,,,,15,17,3433,,,,19,6058,,,,23,25199,,,,11,19920,,,,1,13004,,,,18,23040,,,,3,1947,,,,12,13395,,,,22,11526,,,,,,,,,,,,,,,,,,,,,,,,,,,,,,,,,
180843,22-May-19,16:25:02,2019-05-22 16:25:02,G,10,1,48,8,0,6,-62.6145,-61.2667,25:01.5,FastGPS,-62.6145,-61.2667,,,3.2,-1.5,,,,15,17,22728,,,,22,20578,,,,31,27084,,,,1,14811,,,,9,9219,,,,3,5466,,,,,,,,,,,,,,,,,,,,,,,,,,,,,,,,,,,,,,,,,,,,,,,,
180843,22-May-19,17:25:01,2019-05-22 17:25:01,G,4,1,49,8,0,6,-62.6159,-61.2665,25:02.0,FastGPS,-62.6159,-61.2665,,1,12.3,0,,,,15,6,3849,,,,9,23593,,,,4,14886,,,,22,13629,,,,23,7775,,,,3,291,,,,,,,,,,,,,,,,,,,,,,,,,,,,,,,,,,,,,,,,,,,,,,,,
180843,22-May-19,18:40:00,2019-05-22 18:40:00,G,4,1,50,9,0,8,-62.6152,-61.2676,40:00.5,FastGPS,-62.6152,-61.2676,,1,6.4,-0.5,,,,15,29,2616,,,,26,6874,,,,23,9004,,,,9,27216,,,,16,11426,,,,7,12757,,,,3,16740,,,,4,20042,,,,,,,,,,,,,,,,,,,,,,,,,,,,,,,,,,,,,,
180843,22-May-19,20:03:36,2019-05-22 20:03:36,G,4,1,51,10,0,6,-62.6176,-61.2843,03:36.0,FastGPS,-62.6176,-61.2843,,1,2.4,-1,,,,15,7,9673,,,,5,30570,,,,30,1714,,,,9,22559,,,,4,27764,,,,2,20246,,,,,,,,,,,,,,,,,,,,,,,,,,,,,,,,,,,,,,,,,,,,,,,,
180843,22-May-19,21:04:51,2019-05-22 21:04:51,G,2,1,52,10,0,6,-62.6208,-61.2786,04:52.0,FastGPS,-62.6208,-61.2786,,,6.5,0,,,,15,5,908,,,,8,2877,,,,7,32242,,,,30,20929,,,,13,21714,,,,9,18012,,,,,,,,,,,,,,,,,,,,,,,,,,,,,,,,,,,,,,,,,,,,,,,,
180843,22-May-19,22:05:04,2019-05-22 22:05:04,G,6,1,53,10,0,7,-62.6133,-61.2962,05:04.5,FastGPS,-62.6133,-61.2962,,,9.2,-0.5,,,,15,7,26102,,,,15,29883,,,,8,692,,,,27,10739,,,,21,1632,,,,13,17931,,,,30,300,,,,,,,,,,,,,,,,,,,,,,,,,,,,,,,,,,,,,,,,,,,
180843,22-May-19,23:11:41,2019-05-22 23:11:41,G,6,1,54,10,0,8,-62.6169,-61.2838,11:41.0,FastGPS,-62.6169,-61.2838,,,3.7,-1,,,,15,15,24913,,,,8,17969,,,,20,17125,,,,11,3025,,,,7,27097,,,,13,30775,,,,30,28676,,,,18,6399,,,,,,,,,,,,,,,,,,,,,,,,,,,,,,,,,,,,,,
180843,23-May-19,0:27:00,2019-05-23 00:27:00,G,10,1,55,11,0,7,-62.6183,-61.2852,27:00.5,FastGPS,-62.6183,-61.2852,,,3.6,-0.5,,,,15,15,27251,,,,17,26841,,,,13,30963,,,,19,22280,,,,24,3000,,,,11,9791,,,,1,31974,,,,,,,,,,,,,,,,,,,,,,,,,,,,,,,,,,,,,,,,,,,
180843,23-May-19,1:29:40,2019-05-23 01:29:40,G,10,1,56,11,0,5,-62.6188,-61.2867,29:41.0,FastGPS,-62.6188,-61.2867,,,8.5,0,,,,15,17,830,,,,19,6386,,,,24,22229,,,,15,13072,,,,12,27670,,,,,,,,,,,,,,,,,,,,,,,,,,,,,,,,,,,,,,,,,,,,,,,,,,,,,
180843,23-May-19,2:30:47,2019-05-23 02:30:47,G,12,1,57,11,0,5,-62.6163,-61.2858,30:46.4,FastGPS,-62.6163,-61.2858,,,2.8,-1.6,,,,15,17,21770,,,,12,25303,,,,19,19758,,,,25,13949,,,,24,19042,,,,,,,,,,,,,,,,,,,,,,,,,,,,,,,,,,,,,,,,,,,,,,,,,,,,,
180843,23-May-19,3:51:00,2019-05-23 03:51:00,G,8,1,58,,0,9,-62.6252,-61.3067,50:59.5,FastGPS,-62.6252,-61.3067,,,12.1,-1.5,,,,15,25,21782,,,,12,8466,,,,24,31041,,,,14,9301,,,,31,18376,,,,2,9083,,,,32,22901,,,,19,24484,,,,17,14117,,,,,,,,,,,,,,,,,,,,,,,,,,,,,,,,,
180843,23-May-19,5:10:14,2019-05-23 05:10:14,G,6,1,59,13,0,5,-62.6243,-61.3068,10:14.5,FastGPS,-62.6243,-61.3068,,,12.9,-0.5,,,,15,12,22041,,,,25,20676,,,,29,28708,,,,31,11108,,,,2,6124,,,,,,,,,,,,,,,,,,,,,,,,,,,,,,,,,,,,,,,,,,,,,,,,,,,,,
180843,23-May-19,7:30:00,2019-05-23 07:30:00,G,4,1,61,14,0,6,-62.6346,-61.3001,30:00.0,FastGPS,-62.6346,-61.3001,,1,4.1,-1,,,,15,21,1620,,,,16,20269,,,,5,8361,,,,4,17293,,,,9,14930,,,,26,27297,,,,,,,,,,,,,,,,,,,,,,,,,,,,,,,,,,,,,,,,,,,,,,,,
180843,23-May-19,8:30:00,2019-05-23 08:30:00,G,2,1,62,14,0,8,-62.6346,-61.3008,29:59.5,FastGPS,-62.6346,-61.3008,,,14.7,-1.5,,,,15,29,24606,,,,5,7722,,,,16,16027,,,,7,23824,,,,21,12146,,,,27,21034,,,,13,4891,,,,15,2172,,,,,,,,,,,,,,,,,,,,,,,,,,,,,,,,,,,,,,
180843,23-May-19,9:30:05,2019-05-23 09:30:05,G,4,1,63,14,0,8,-62.6345,-61.3008,30:05.0,FastGPS,-62.6345,-61.3008,,1,6.6,-1,,,,15,20,14001,,,,21,28445,,,,26,9874,,,,27,32720,,,,10,4628,,,,16,32082,,,,15,8045,,,,7,611,,,,,,,,,,,,,,,,,,,,,,,,,,,,,,,,,,,,,,
180843,23-May-19,10:30:32,2019-05-23 10:30:32,G,2,1,64,14,0,6,-62.6349,-61.3004,30:32.0,FastGPS,-62.6349,-61.3004,,,5,-1,,,,15,16,1425,,,,10,15038,,,,20,7107,,,,21,28598,,,,15,16834,,,,27,31197,,,,,,,,,,,,,,,,,,,,,,,,,,,,,,,,,,,,,,,,,,,,,,,,
180843,23-May-19,11:33:49,2019-05-23 11:33:49,G,4,1,65,14,0,7,-62.6381,-61.2948,33:49.0,FastGPS,-62.6381,-61.2948,,,5.3,-1,,,,15,10,27068,,,,27,9634,,,,11,436,,,,18,29557,,,,8,5631,,,,32,19788,,,,1,10934,,,,,,,,,,,,,,,,,,,,,,,,,,,,,,,,,,,,,,,,,,,
180843,23-May-19,12:38:08,2019-05-23 12:38:08,G,4,1,66,,0,9,-62.6384,-61.2949,38:08.0,FastGPS,-62.6384,-61.2949,,,7.7,-1,,,,15,32,18368,,,,18,16739,,,,1,25441,,,,10,20760,,,,27,16101,,,,14,385,,,,11,29348,,,,22,31143,,,,8,14306,,,,,,,,,,,,,,,,,,,,,,,,,,,,,,,,,
180843,23-May-19,13:41:20,2019-05-23 13:41:20,G,8,1,67,14,0,6,-62.6347,-61.295,41:21.0,FastGPS,-62.6347,-61.295,,,9.7,0,,,,15,32,16853,,,,17,5803,,,,10,22342,,,,24,6347,,,,14,23471,,,,1,24106,,,,,,,,,,,,,,,,,,,,,,,,,,,,,,,,,,,,,,,,,,,,,,,,
180843,23-May-19,15:44:18,2019-05-23 15:44:18,G,4,1,69,,0,9,-62.626,-61.3016,44:19.0,FastGPS,-62.626,-61.3016,,,4.6,0,,,,15,17,23694,,,,23,5927,,,,19,18856,,,,31,23695,,,,22,18812,,,,3,25961,,,,1,7441,,,,11,26448,,,,18,23631,,,,,,,,,,,,,,,,,,,,,,,,,,,,,,,,,
180843,23-May-19,17:05:14,2019-05-23 17:05:14,G,2,1,70,15,0,7,-62.6253,-61.3031,05:14.5,FastGPS,-62.6253,-61.3031,,1,7.2,-0.5,,,,15,31,4335,,,,22,5360,,,,3,2863,,,,26,4241,,,,9,19542,,,,23,16267,,,,4,29997,,,,,,,,,,,,,,,,,,,,,,,,,,,,,,,,,,,,,,,,,,,
180843,23-May-19,18:20:48,2019-05-23 18:20:48,G,4,1,71,16,0,7,-62.6246,-61.3071,20:48.5,FastGPS,-62.6246,-61.3071,,1,6.4,-0.5,,,,15,7,4075,,,,9,5136,,,,2,9363,,,,23,9454,,,,4,6352,,,,3,17249,,,,6,3995,,,,,,,,,,,,,,,,,,,,,,,,,,,,,,,,,,,,,,,,,,,
180843,23-May-19,19:38:00,2019-05-23 19:38:00,G,8,1,72,17,0,8,-62.6236,-61.3048,38:00.5,FastGPS,-62.6236,-61.3048,,1,9.3,-0.5,,,,15,7,20243,,,,9,6877,,,,5,6806,,,,2,12449,,,,30,23301,,,,4,9320,,,,23,14654,,,,29,23596,,,,,,,,,,,,,,,,,,,,,,,,,,,,,,,,,,,,,,
180843,23-May-19,20:54:17,2019-05-23 20:54:17,G,8,1,73,18,0,7,-62.6225,-61.3012,54:17.5,FastGPS,-62.6225,-61.3012,,1,7.8,-0.5,,,,15,30,27304,,,,5,17506,,,,9,25795,,,,4,5898,,,,7,27305,,,,27,640,,,,8,26759,,,,,,,,,,,,,,,,,,,,,,,,,,,,,,,,,,,,,,,,,,,
180843,23-May-19,21:55:03,2019-05-23 21:55:03,G,8,1,74,18,0,7,-62.6222,-61.2992,55:04.0,FastGPS,-62.6222,-61.2992,,1,2.4,0,,,,15,7,14674,,,,30,5579,,,,27,17113,,,,8,24668,,,,13,349,,,,4,11066,,,,15,3076,,,,,,,,,,,,,,,,,,,,,,,,,,,,,,,,,,,,,,,,,,,
180843,23-May-19,23:12:34,2019-05-23 23:12:34,G,2,1,75,19,0,5,-62.6225,-61.2982,12:34.5,FastGPS,-62.6225,-61.2982,,,1.2,-0.5,,,,15,30,32358,,,,28,3452,,,,11,2320,,,,13,17582,,,,18,9954,,,,,,,,,,,,,,,,,,,,,,,,,,,,,,,,,,,,,,,,,,,,,,,,,,,,,
180843,24-May-19,0:13:13,2019-05-24 00:13:13,G,4,1,76,19,0,7,-62.6225,-61.2989,13:14.0,FastGPS,-62.6225,-61.2989,,,18.3,0,,,,15,17,14336,,,,19,5141,,,,28,18502,,,,13,22242,,,,24,23851,,,,11,8246,,,,20,11342,,,,,,,,,,,,,,,,,,,,,,,,,,,,,,,,,,,,,,,,,,,
180843,24-May-19,2:04:14,2019-05-24 02:04:14,G,8,1,77,22,0,4,-62.6232,-61.3101,46:14.5,FastGPS,-62.6225,-61.2982,,,0.4,0,,,,15,17,7839,,,,19,23488,,,,32,5035,,,,12,17924,,,,,,,,,,,,,,,,,,,,,,,,,,,,,,,,,,,,,,,,,,,,,,,,,,,,,,,,,,
180843,24-May-19,5:53:24,2019-05-24 05:53:24,G,2,1,80,25,0,8,-62.6224,-61.3033,53:24.5,FastGPS,-62.6224,-61.3033,,,8.2,-0.5,,,,15,31,22727,,,,29,5463,,,,23,21116,,,,5,29222,,,,9,30134,,,,2,32614,,,,6,14588,,,,25,12237,,,,,,,,,,,,,,,,,,,,,,,,,,,,,,,,,,,,,,
180843,24-May-19,8:26:44,2019-05-24 08:26:44,G,2,1,82,27,0,5,-62.6224,-61.3013,26:44.5,FastGPS,-62.6224,-61.3013,,,7,-0.5,,,,15,29,30242,,,,20,22237,,,,5,13614,,,,7,967,,,,21,22085,,,,,,,,,,,,,,,,,,,,,,,,,,,,,,,,,,,,,,,,,,,,,,,,,,,,,
180843,24-May-19,9:42:01,2019-05-24 09:42:01,G,2,1,83,28,0,6,-62.6222,-61.3013,42:01.0,FastGPS,-62.6222,-61.3013,,,12.4,-1,,,,15,27,12542,,,,16,1703,,,,7,1279,,,,21,30579,,,,20,18821,,,,10,10821,,,,,,,,,,,,,,,,,,,,,,,,,,,,,,,,,,,,,,,,,,,,,,,,
180843,24-May-19,10:46:15,2019-05-24 10:46:15,G,6,1,84,28,0,6,-62.6232,-61.3101,46:14.5,FastGPS,-62.6232,-61.3101,,,5.1,-1.5,,,,15,10,12296,,,,8,14004,,,,27,20338,,,,18,13471,,,,16,1173,,,,20,14591,,,,,,,,,,,,,,,,,,,,,,,,,,,,,,,,,,,,,,,,,,,,,,,,
180843,24-May-19,11:47:54,2019-05-24 11:47:54,G,6,1,85,28,0,7,-62.6237,-61.3076,47:55.0,FastGPS,-62.6237,-61.3076,,,8.4,0,,,,15,27,12688,,,,32,24993,,,,11,17714,,,,18,11586,,,,8,29612,,,,10,1051,,,,1,13302,,,,,,,,,,,,,,,,,,,,,,,,,,,,,,,,,,,,,,,,,,,
180843,24-May-19,13:05:02,2019-05-24 13:05:02,G,2,1,86,,0,9,-62.6206,-61.3019,05:02.0,FastGPS,-62.6206,-61.3019,,,6,-1,,,,15,32,1182,,,,22,18518,,,,14,6059,,,,18,6132,,,,3,3400,,,,8,26696,,,,11,22294,,,,1,13303,,,,20,1468,,,,,,,,,,,,,,,,,,,,,,,,,,,,,,,,,
180843,24-May-19,17:37:00,2019-05-24 17:37:00,G,6,1,90,30,0,7,-62.6194,-61.2769,36:59.5,FastGPS,-62.6194,-61.2769,,,5.7,-1.5,,,,15,3,28942,,,,7,3999,,,,31,31996,,,,22,20124,,,,23,7368,,,,26,23241,,,,16,30091,,,,,,,,,,,,,,,,,,,,,,,,,,,,,,,,,,,,,,,,,,,
180843,24-May-19,19:09:00,2019-05-24 19:09:00,G,4,1,91,32,0,6,-62.6113,-61.2929,5/24/2019 19:09,FastGPS,-62.6113,-61.2929,,1,1.1,0,,,,15,7,30035,,,,23,23824,,,,9,8090,,,,4,32360,,,,29,17646,,,,16,11665,,,,,,,,,,,,,,,,,,,,,,,,,,,,,,,,,,,,,,,,,,,,,,,,
180843,24-May-19,22:27:00,2019-05-24 22:27:00,G,2,1,94,33,0,6,-62.5334,-61.0759,26:59.5,FastGPS,-62.5334,-61.0759,,,1.7,-1.5,,,,15,7,1957,,,,15,16805,,,,8,10115,,,,30,10360,,,,28,27322,,,,13,13938,,,,,,,,,,,,,,,,,,,,,,,,,,,,,,,,,,,,,,,,,,,,,,,,
180843,25-May-19,0:27:24,2019-05-25 00:27:24,G,2,1,96,,0,9,-62.4477,-60.8953,27:24.0,FastGPS,-62.4477,-60.8953,,,8.4,-1,,,,15,17,8088,,,,18,7412,,,,1,1136,,,,11,16020,,,,24,14036,,,,10,17782,,,,28,27249,,,,19,10251,,,,30,12957,,,,,,,,,,,,,,,,,,,,,,,,,,,,,,,,,
180843,25-May-19,2:29:53,2019-05-25 02:29:53,G,2,1,98,33,0,5,-62.4386,-60.7031,29:52.5,FastGPS,-62.4386,-60.7031,,,6.5,-1.5,,,,15,17,16852,,,,12,26603,,,,32,23200,,,,22,9108,,,,3,13791,,,,,,,,,,,,,,,,,,,,,,,,,,,,,,,,,,,,,,,,,,,,,,,,,,,,,
180843,25-May-19,3:30:08,2019-05-25 03:30:08,G,4,1,99,,0,9,-62.4558,-60.6313,30:08.5,FastGPS,-62.4558,-60.6313,,,8.6,-0.5,,,,15,17,3285,,,,32,32212,,,,19,27674,,,,31,11033,,,,14,30788,,,,25,2887,,,,12,29323,,,,3,1862,,,,22,22745,,,,,,,,,,,,,,,,,,,,,,,,,,,,,,,,,
180843,25-May-19,4:31:46,2019-05-25 04:31:46,G,2,1,100,,0,9,-62.465,-60.5571,31:47.0,FastGPS,-62.465,-60.5571,,,11.7,0,,,,15,29,31502,,,,31,3477,,,,6,30065,,,,12,12628,,,,25,12589,,,,14,3555,,,,2,3529,,,,32,23413,,,,19,14537,,,,,,,,,,,,,,,,,,,,,,,,,,,,,,,,,
180843,25-May-19,7:02:09,2019-05-25 07:02:09,G,4,1,102,34,0,7,-62.4841,-60.4223,02:08.5,FastGPS,-62.4841,-60.4223,,1,3.4,-1.5,,,,15,16,21620,,,,5,2098,,,,26,7609,,,,31,4631,,,,4,30676,,,,21,28409,,,,2,14543,,,,,,,,,,,,,,,,,,,,,,,,,,,,,,,,,,,,,,,,,,,
180843,25-May-19,8:07:07,2019-05-25 08:07:07,G,4,1,103,34,0,7,-62.4902,-60.3667,07:06.5,FastGPS,-62.4902,-60.3667,,,9.2,-1.5,,,,15,29,18773,,,,16,13977,,,,5,17915,,,,26,23539,,,,27,13642,,,,7,17392,,,,21,11143,,,,,,,,,,,,,,,,,,,,,,,,,,,,,,,,,,,,,,,,,,,
180843,25-May-19,10:24:42,2019-05-25 10:24:42,G,6,1,105,35,0,4,-62.3233,-60.3101,26:00.0,FastGPS,-62.5061,-60.3107,,,0.5,0,,,,15,10,13535,,,,15,10560,,,,8,28294,,,,27,21965,,,,,,,,,,,,,,,,,,,,,,,,,,,,,,,,,,,,,,,,,,,,,,,,,,,,,,,,,,
180843,25-May-19,11:26:49,2019-05-25 11:26:49,G,6,1,106,35,0,5,-62.5109,-60.2844,26:49.0,FastGPS,-62.5109,-60.2844,,,13.8,-1,,,,15,10,32339,,,,15,11333,,,,20,17873,,,,27,10473,,,,32,676,,,,,,,,,,,,,,,,,,,,,,,,,,,,,,,,,,,,,,,,,,,,,,,,,,,,,
180843,25-May-19,16:25:01,2019-05-25 16:25:01,G,2,1,110,38,0,6,-62.4777,-60.2598,25:02.0,FastGPS,-62.4777,-60.2598,,,7.3,0,,,,15,31,28956,,,,6,26443,,,,22,28366,,,,3,1509,,,,25,32683,,,,19,15308,,,,,,,,,,,,,,,,,,,,,,,,,,,,,,,,,,,,,,,,,,,,,,,,
180843,25-May-19,18:46:30,2019-05-25 18:46:30,G,2,1,112,39,0,4,-62.3233,-60.3101,26:00.0,FastGPS,-62.4352,-60.1594,,,1.3,-1,,,,15,23,11217,,,,9,27940,,,,16,11353,,,,2,10591,,,,,,,,,,,,,,,,,,,,,,,,,,,,,,,,,,,,,,,,,,,,,,,,,,,,,,,,,,
180843,25-May-19,20:21:42,2019-05-25 20:21:42,G,6,1,113,41,0,6,-62.4196,-60.1194,21:41.9,FastGPS,-62.4196,-60.1194,,1,6.2,-1.1,,,,15,7,22796,,,,27,10416,,,,16,15106,,,,9,15611,,,,30,5862,,,,4,30964,,,,,,,,,,,,,,,,,,,,,,,,,,,,,,,,,,,,,,,,,,,,,,,,
180843,25-May-19,22:23:13,2019-05-25 22:23:13,G,2,1,115,41,0,6,-62.3646,-60.1423,23:13.0,FastGPS,-62.3646,-60.1423,,,3,-1,,,,15,30,20581,,,,7,13924,,,,8,20534,,,,5,4346,,,,13,20279,,,,28,5382,,,,,,,,,,,,,,,,,,,,,,,,,,,,,,,,,,,,,,,,,,,,,,,,
180843,26-May-19,0:26:00,2019-05-26 00:26:00,G,2,1,116,45,0,6,-62.3233,-60.3101,26:00.0,FastGPS,-62.3233,-60.3101,,,4.5,-1,,,,15,17,32688,,,,28,1970,,,,13,21349,,,,19,4489,,,,15,6266,,,,30,17670,,,,,,,,,,,,,,,,,,,,,,,,,,,,,,,,,,,,,,,,,,,,,,,,
180843,26-May-19,1:28:04,2019-05-26 01:28:04,G,2,1,117,45,0,5,-62.2848,-60.299,28:04.0,FastGPS,-62.2848,-60.299,,,1.3,-1,,,,15,17,22963,,,,19,15816,,,,24,21875,,,,28,10354,,,,6,12213,,,,,,,,,,,,,,,,,,,,,,,,,,,,,,,,,,,,,,,,,,,,,,,,,,,,,
180843,26-May-19,2:43:09,2019-05-26 02:43:09,G,2,1,118,46,0,8,-62.2383,-60.2819,5/26/2019 2:43,FastGPS,-62.2383,-60.2819,,,11.3,0,,,,15,17,6495,,,,32,25553,,,,12,18554,,,,19,21811,,,,25,16066,,,,3,4728,,,,14,13561,,,,22,3000,,,,,,,,,,,,,,,,,,,,,,,,,,,,,,,,,,,,,,
180843,26-May-19,5:16:05,2019-05-26 05:16:05,G,4,1,120,48,0,5,-62.1885,-60.2664,16:05.0,FastGPS,-62.1885,-60.2664,,,1.2,-1,,,,15,25,7701,,,,2,18788,,,,29,3048,,,,12,27286,,,,5,9688,,,,,,,,,,,,,,,,,,,,,,,,,,,,,,,,,,,,,,,,,,,,,,,,,,,,,
180843,26-May-19,6:16:22,2019-05-26 06:16:22,G,2,1,121,48,0,5,-62.1771,-60.3515,16:22.0,FastGPS,-62.1771,-60.3515,,,3.5,-1,,,,15,21,30538,,,,31,18751,,,,26,28334,,,,29,30789,,,,25,8400,,,,,,,,,,,,,,,,,,,,,,,,,,,,,,,,,,,,,,,,,,,,,,,,,,,,,
180843,26-May-19,7:16:18,2019-05-26 07:16:18,G,2,1,122,48,0,7,-62.1855,-60.3446,16:18.0,FastGPS,-62.1855,-60.3446,,1,3.1,-1,,,,15,5,28072,,,,16,25962,,,,26,6038,,,,31,28629,,,,4,29675,,,,21,12755,,,,9,27572,,,,,,,,,,,,,,,,,,,,,,,,,,,,,,,,,,,,,,,,,,,
180843,26-May-19,8:16:12,2019-05-26 08:16:12,G,2,1,123,48,0,7,-62.1961,-60.3348,16:11.5,FastGPS,-62.1961,-60.3348,,,16.3,-1.5,,,,15,7,528,,,,5,31565,,,,29,24363,,,,27,27542,,,,16,28909,,,,13,22566,,,,26,30823,,,,,,,,,,,,,,,,,,,,,,,,,,,,,,,,,,,,,,,,,,,
180843,26-May-19,9:16:03,2019-05-26 09:16:03,G,4,1,124,48,0,8,-62.2108,-60.3188,16:03.5,FastGPS,-62.2108,-60.3188,,,13.1,-0.5,,,,15,7,7503,,,,16,19029,,,,27,8824,,,,30,4321,,,,26,4202,,,,20,32355,,,,8,6637,,,,15,27673,,,,,,,,,,,,,,,,,,,,,,,,,,,,,,,,,,,,,,
180843,26-May-19,10:16:13,2019-05-26 10:16:13,G,2,1,125,48,0,8,-62.2215,-60.2949,16:14.0,FastGPS,-62.2215,-60.2949,,,13.9,0,,,,15,10,2922,,,,27,18309,,,,16,32094,,,,7,7547,,,,15,9748,,,,30,25014,,,,8,10870,,,,13,19968,,,,,,,,,,,,,,,,,,,,,,,,,,,,,,,,,,,,,,
180843,26-May-19,11:16:01,2019-05-26 11:16:01,G,6,1,126,48,0,5,-62.2449,-60.2972,16:01.0,FastGPS,-62.2449,-60.2972,,,6.4,-1,,,,15,27,4376,,,,32,14839,,,,15,5220,,,,8,11441,,,,18,18481,,,,,,,,,,,,,,,,,,,,,,,,,,,,,,,,,,,,,,,,,,,,,,,,,,,,,
180843,26-May-19,17:08:18,2019-05-26 17:08:18,G,6,1,128,,0,9,-62.4535,-60.3313,08:18.0,FastGPS,-62.4535,-60.3313,,1,1.5,-1,,,,15,22,26140,,,,9,23789,,,,6,3916,,,,3,10432,,,,4,12537,,,,23,12226,,,,2,22562,,,,19,21665,,,,26,10155,,,,,,,,,,,,,,,,,,,,,,,,,,,,,,,,,
180843,26-May-19,18:08:00,2019-05-26 18:08:00,G,2,1,129,51,1,6,-62.46,-60.3382,07:59.5,FastGPS,-62.46,-60.3382,,1,3.4,-1.5,,,,15,7,14544,,,,6,15031,,,,9,16867,,,,2,17781,,,,4,14916,,,,23,26338,,,,,,,,,,,,,,,,,,,,,,,,,,,,,,,,,,,,,,,,,,,,,,,,
180843,27-May-19,2:24:50,2019-05-27 02:24:50,G,2,1,130,52,0,6,-62.4467,-60.3512,24:49.5,FastGPS,-62.4467,-60.3512,,,4,-1.5,,,,15,17,29714,,,,19,15344,,,,6,7525,,,,24,10204,,,,12,22116,,,,2,6671,,,,,,,,,,,,,,,,,,,,,,,,,,,,,,,,,,,,,,,,,,,,,,,,
180843,27-May-19,3:25:31,2019-05-27 03:25:31,G,2,1,131,52,0,7,-62.3883,-60.3427,25:32.0,FastGPS,-62.3883,-60.3427,,,4.9,0,,,,15,2,20360,,,,12,19300,,,,19,4913,,,,17,9133,,,,6,27440,,,,29,23200,,,,24,16073,,,,,,,,,,,,,,,,,,,,,,,,,,,,,,,,,,,,,,,,,,,
180843,27-May-19,4:25:00,2019-05-27 04:25:00,G,6,1,132,52,0,7,-62.3186,-60.3204,24:59.5,FastGPS,-62.3186,-60.3204,,,10.3,-1.5,,,,15,12,26129,,,,6,9198,,,,29,19018,,,,31,21994,,,,24,8297,,,,19,23937,,,,25,29314,,,,,,,,,,,,,,,,,,,,,,,,,,,,,,,,,,,,,,,,,,,
180843,27-May-19,5:25:29,2019-05-27 05:25:29,G,4,1,133,52,0,7,-62.2489,-60.2964,25:29.0,FastGPS,-62.2489,-60.2964,,,4.2,-1,,,,15,2,27950,,,,12,10890,,,,5,30064,,,,6,1944,,,,25,26882,,,,23,28179,,,,29,31750,,,,,,,,,,,,,,,,,,,,,,,,,,,,,,,,,,,,,,,,,,,
180843,27-May-19,7:30:15,2019-05-27 07:30:15,G,2,1,135,52,0,7,-62.1661,-60.2433,30:15.0,FastGPS,-62.1661,-60.2433,,,7.4,-1,,,,15,29,20560,,,,31,20048,,,,21,23955,,,,5,13683,,,,16,30823,,,,26,29658,,,,25,25954,,,,,,,,,,,,,,,,,,,,,,,,,,,,,,,,,,,,,,,,,,,
180843,27-May-19,8:30:44,2019-05-27 08:30:44,G,2,1,136,52,0,8,-62.1451,-60.279,30:43.5,FastGPS,-62.1451,-60.279,,,18.8,-1.5,,,,15,29,4514,,,,20,917,,,,10,25024,,,,15,16136,,,,16,10582,,,,27,32012,,,,21,12265,,,,26,18240,,,,,,,,,,,,,,,,,,,,,,,,,,,,,,,,,,,,,,
180843,27-May-19,9:33:51,2019-05-27 09:33:51,G,2,1,137,52,0,8,-62.1692,-60.2681,33:51.5,FastGPS,-62.1692,-60.2681,,,8.1,-0.5,,,,15,26,4443,,,,7,30567,,,,10,12176,,,,8,256,,,,16,3357,,,,20,10523,,,,27,31408,,,,21,4635,,,,,,,,,,,,,,,,,,,,,,,,,,,,,,,,,,,,,,
180843,27-May-19,14:39:04,2019-05-27 14:39:04,G,4,1,141,55,0,6,-62.2374,-60.2359,39:04.5,FastGPS,-62.2374,-60.2359,,,8.3,-0.5,,,,15,31,16905,,,,18,24048,,,,14,8191,,,,32,25999,,,,11,14098,,,,17,17684,,,,,,,,,,,,,,,,,,,,,,,,,,,,,,,,,,,,,,,,,,,,,,,,
180843,27-May-19,15:42:21,2019-05-27 15:42:21,G,2,1,142,55,0,7,-62.2047,-60.2562,42:21.5,FastGPS,-62.2047,-60.2562,,,17.6,-0.5,,,,15,31,2997,,,,17,5461,,,,22,23723,,,,18,27013,,,,19,503,,,,3,24371,,,,1,18819,,,,,,,,,,,,,,,,,,,,,,,,,,,,,,,,,,,,,,,,,,,
180843,27-May-19,18:53:05,2019-05-27 18:53:05,G,2,1,145,,0,9,-62.2597,-60.1192,53:05.5,FastGPS,-62.2597,-60.1192,,1,13.3,-0.5,,,,15,5,2490,,,,26,13996,,,,16,19296,,,,23,15957,,,,9,17939,,,,2,5600,,,,7,26030,,,,29,23605,,,,4,172,,,,,,,,,,,,,,,,,,,,,,,,,,,,,,,,,
180843,27-May-19,21:02:30,2019-05-27 21:02:30,G,2,1,147,55,0,8,-62.205,-60.0163,02:30.5,FastGPS,-62.205,-60.0163,,1,4,-0.5,,,,15,7,23974,,,,5,12678,,,,28,10721,,,,9,13628,,,,4,15307,,,,30,2340,,,,8,32492,,,,27,13486,,,,,,,,,,,,,,,,,,,,,,,,,,,,,,,,,,,,,,
180843,27-May-19,22:02:27,2019-05-27 22:02:27,G,4,1,148,55,0,6,-62.168,-59.9921,02:28.0,FastGPS,-62.168,-59.9921,,,24.8,0,,,,15,15,21708,,,,13,14952,,,,27,32520,,,,5,3942,,,,21,15352,,,,28,11941,,,,,,,,,,,,,,,,,,,,,,,,,,,,,,,,,,,,,,,,,,,,,,,,
180843,27-May-19,23:21:01,2019-05-27 23:21:01,G,6,1,149,,0,9,-62.1937,-59.9825,21:01.0,FastGPS,-62.1937,-59.9825,,,24.4,-1,,,,15,15,7643,,,,13,4126,,,,10,204,,,,8,30965,,,,11,25146,,,,20,10479,,,,18,22109,,,,24,21546,,,,28,28089,,,,,,,,,,,,,,,,,,,,,,,,,,,,,,,,,
180843,28-May-19,0:36:34,2019-05-28 00:36:34,G,4,1,150,57,0,7,-62.1961,-59.9763,36:34.0,FastGPS,-62.1961,-59.9763,,,5.8,-1,,,,15,17,578,,,,19,24567,,,,12,13270,,,,13,27639,,,,15,15833,,,,28,18970,,,,24,9300,,,,,,,,,,,,,,,,,,,,,,,,,,,,,,,,,,,,,,,,,,,
180843,28-May-19,1:52:45,2019-05-28 01:52:45,G,6,1,151,58,0,8,-62.1962,-59.9837,52:45.0,FastGPS,-62.1962,-59.9837,,,7.5,-1,,,,15,17,12484,,,,15,18149,,,,12,8347,,,,19,5632,,,,25,950,,,,6,31679,,,,24,4453,,,,32,22278,,,,,,,,,,,,,,,,,,,,,,,,,,,,,,,,,,,,,,
180843,28-May-19,4:08:13,2019-05-28 04:08:13,G,8,1,153,59,0,6,-62.1995,-59.9862,08:13.0,FastGPS,-62.1995,-59.9862,,,6.8,-1,,,,15,29,4071,,,,25,14034,,,,31,12694,,,,19,17005,,,,32,14538,,,,14,16936,,,,,,,,,,,,,,,,,,,,,,,,,,,,,,,,,,,,,,,,,,,,,,,,
180843,28-May-19,5:08:08,2019-05-28 05:08:08,G,6,1,154,59,0,6,-62.2067,-59.9754,08:09.0,FastGPS,-62.2067,-59.9754,,,7.6,0,,,,15,29,21424,,,,31,12320,,,,12,13332,,,,25,26471,,,,2,5904,,,,5,30914,,,,,,,,,,,,,,,,,,,,,,,,,,,,,,,,,,,,,,,,,,,,,,,,
180843,28-May-19,7:09:01,2019-05-28 07:09:01,G,8,1,156,59,0,8,-62.1825,-59.9276,09:01.0,FastGPS,-62.1825,-59.9276,,1,6,-1,,,,15,21,31774,,,,26,22803,,,,31,6542,,,,5,13093,,,,29,13940,,,,9,9420,,,,16,12304,,,,4,13671,,,,,,,,,,,,,,,,,,,,,,,,,,,,,,,,,,,,,,
180843,28-May-19,8:09:07,2019-05-28 08:09:07,G,2,1,157,59,0,4,-62.1734,-59.9366,11:49.0,FastGPS,-62.165,-59.9543,,,1.4,-1.1,,,,15,29,391,,,,20,10680,,,,5,7140,,,,21,9089,,,,,,,,,,,,,,,,,,,,,,,,,,,,,,,,,,,,,,,,,,,,,,,,,,,,,,,,,,
180843,28-May-19,9:39:03,2019-05-28 09:39:03,G,4,1,158,61,0,6,-62.1469,-59.8207,39:02.5,FastGPS,-62.1469,-59.8207,,,6,-1.5,,,,15,20,12942,,,,10,3650,,,,21,1442,,,,27,5450,,,,16,29709,,,,15,31320,,,,,,,,,,,,,,,,,,,,,,,,,,,,,,,,,,,,,,,,,,,,,,,,
180843,28-May-19,10:46:54,2019-05-28 10:46:54,G,6,1,159,61,0,6,-62.1825,-59.7381,46:54.0,FastGPS,-62.1825,-59.7381,,,8.3,-1,,,,15,8,19183,,,,15,294,,,,27,13314,,,,10,11718,,,,18,11872,,,,13,10934,,,,,,,,,,,,,,,,,,,,,,,,,,,,,,,,,,,,,,,,,,,,,,,,
180843,28-May-19,11:47:04,2019-05-28 11:47:04,G,8,1,160,61,0,6,-62.2082,-59.7077,47:04.0,FastGPS,-62.2082,-59.7077,,,11.2,-1,,,,15,18,14857,,,,11,21680,,,,8,13544,,,,28,1672,,,,27,24813,,,,1,2482,,,,,,,,,,,,,,,,,,,,,,,,,,,,,,,,,,,,,,,,,,,,,,,,
180843,28-May-19,12:49:13,2019-05-28 12:49:13,G,2,1,161,61,0,8,-62.2164,-59.7283,49:13.0,FastGPS,-62.2164,-59.7283,,,7.2,-1,,,,15,22,30073,,,,8,9303,,,,14,30486,,,,10,14180,,,,3,14212,,,,32,24787,,,,11,1993,,,,1,24855,,,,,,,,,,,,,,,,,,,,,,,,,,,,,,,,,,,,,,
180843,28-May-19,20:11:49,2019-05-28 20:11:49,G,2,1,163,62,0,4,-62.1453,-59.9628,11:59.5,FastGPS,-62.1734,-59.9366,,,1.5,-1,,,,15,27,28416,,,,7,1114,,,,16,17336,,,,9,21416,,,,,,,,,,,,,,,,,,,,,,,,,,,,,,,,,,,,,,,,,,,,,,,,,,,,,,,,,,
180843,28-May-19,21:12:00,2019-05-28 21:12:00,G,4,1,164,62,0,8,-62.1453,-59.9628,11:59.5,FastGPS,-62.1453,-59.9628,,1,5,-1.5,,,,15,7,21640,,,,5,28504,,,,4,3036,,,,30,8937,,,,28,22071,,,,8,7325,,,,9,24682,,,,13,8186,,,,,,,,,,,,,,,,,,,,,,,,,,,,,,,,,,,,,,
180843,28-May-19,23:14:17,2019-05-28 23:14:17,G,6,1,166,62,0,7,-62.1098,-59.944,14:16.5,FastGPS,-62.1098,-59.944,,,8.6,-1.5,,,,15,24,23607,,,,17,14033,,,,13,22965,,,,15,18597,,,,28,10563,,,,30,13847,,,,10,6098,,,,,,,,,,,,,,,,,,,,,,,,,,,,,,,,,,,,,,,,,,,
180843,29-May-19,3:47:02,2019-05-29 03:47:02,G,2,1,170,64,0,7,-62.14,-59.9403,47:01.5,FastGPS,-62.14,-59.9403,,,5.2,-1.5,,,,15,12,2434,,,,6,20305,,,,29,22628,,,,24,16828,,,,19,15939,,,,2,23047,,,,25,6738,,,,,,,,,,,,,,,,,,,,,,,,,,,,,,,,,,,,,,,,,,,
180843,29-May-19,4:47:05,2019-05-29 04:47:05,G,6,1,171,64,0,5,-62.1129,-59.9285,47:05.0,FastGPS,-62.1129,-59.9285,,,0.4,-1,,,,15,29,31608,,,,31,8827,,,,25,22932,,,,6,28276,,,,23,21647,,,,,,,,,,,,,,,,,,,,,,,,,,,,,,,,,,,,,,,,,,,,,,,,,,,,,
180843,29-May-19,5:47:02,2019-05-29 05:47:02,G,2,1,172,64,0,4,-62.1129,-59.9285,47:05.0,FastGPS,-62.1003,-59.9342,,,1.2,-1.1,,,,15,31,1881,,,,29,14917,,,,5,13267,,,,26,13813,,,,,,,,,,,,,,,,,,,,,,,,,,,,,,,,,,,,,,,,,,,,,,,,,,,,,,,,,,
180843,29-May-19,6:47:04,2019-05-29 06:47:04,G,4,1,173,64,0,5,-62.0855,-59.9642,47:03.5,FastGPS,-62.0855,-59.9642,,,2.7,-1.5,,,,15,29,21531,,,,5,20056,,,,31,16278,,,,21,19714,,,,25,7801,,,,,,,,,,,,,,,,,,,,,,,,,,,,,,,,,,,,,,,,,,,,,,,,,,,,,
180843,29-May-19,7:47:09,2019-05-29 07:47:09,G,2,1,174,64,0,4,-62.1129,-59.9285,47:05.0,FastGPS,-62.0773,-60.0082,,,0.5,-1,,,,15,5,23705,,,,16,1554,,,,26,24526,,,,21,950,,,,,,,,,,,,,,,,,,,,,,,,,,,,,,,,,,,,,,,,,,,,,,,,,,,,,,,,,,
180843,29-May-19,9:02:00,2019-05-29 09:02:00,G,4,1,175,65,0,5,-62.0581,-59.9841,01:59.5,FastGPS,-62.0581,-59.9841,,,8.6,-1.5,,,,15,15,20747,,,,27,29924,,,,16,16230,,,,13,31971,,,,7,2495,,,,,,,,,,,,,,,,,,,,,,,,,,,,,,,,,,,,,,,,,,,,,,,,,,,,,
180843,29-May-19,11:02:15,2019-05-29 11:02:15,G,4,1,177,,0,9,-62.0687,-60.0258,02:14.5,FastGPS,-62.0687,-60.0258,,,13.2,-1.5,,,,15,15,31733,,,,8,31587,,,,27,31082,,,,18,1646,,,,20,6888,,,,10,2466,,,,21,9053,,,,11,2722,,,,28,4849,,,,,,,,,,,,,,,,,,,,,,,,,,,,,,,,,
180843,29-May-19,12:11:56,2019-05-29 12:11:56,G,2,1,178,,0,9,-62.0793,-60.0747,11:57.0,FastGPS,-62.0793,-60.0747,,,9.8,0,,,,15,32,26898,,,,27,866,,,,1,17474,,,,14,5281,,,,11,25574,,,,8,24956,,,,28,21681,,,,18,14882,,,,22,22359,,,,,,,,,,,,,,,,,,,,,,,,,,,,,,,,,
180843,29-May-19,13:25:08,2019-05-29 13:25:08,G,2,1,179,65,0,8,-62.11,-60.0525,25:07.5,FastGPS,-62.11,-60.0525,,,7.4,-1.5,,,,15,17,13991,,,,1,23033,,,,22,16706,,,,10,11412,,,,24,4589,,,,11,8606,,,,19,1159,,,,28,67,,,,,,,,,,,,,,,,,,,,,,,,,,,,,,,,,,,,,,
180843,29-May-19,14:48:53,2019-05-29 14:48:53,G,2,1,180,,0,9,-62.1165,-59.9428,48:53.0,FastGPS,-62.1165,-59.9428,,,8.3,-1,,,,15,17,15958,,,,19,1639,,,,23,6293,,,,3,32127,,,,12,16481,,,,14,3882,,,,31,13451,,,,22,28082,,,,32,31562,,,,,,,,,,,,,,,,,,,,,,,,,,,,,,,,,
180843,29-May-19,21:32:02,2019-05-29 21:32:02,G,4,1,182,,0,9,-62.0806,-59.6022,32:02.5,FastGPS,-62.0806,-59.6022,,1,5.9,-0.5,,,,15,7,32421,,,,27,28227,,,,4,31407,,,,8,13744,,,,13,12292,,,,5,29580,,,,30,21165,,,,21,11031,,,,9,9548,,,,,,,,,,,,,,,,,,,,,,,,,,,,,,,,,
180843,30-May-19,5:53:04,2019-05-30 05:53:04,G,2,1,185,68,0,7,-62.2045,-59.6082,53:04.5,FastGPS,-62.2045,-59.6082,,,4.8,-0.5,,,,15,26,8520,,,,23,13571,,,,29,6179,,,,2,4532,,,,9,30040,,,,31,4713,,,,5,29047,,,,,,,,,,,,,,,,,,,,,,,,,,,,,,,,,,,,,,,,,,,
180843,30-May-19,10:03:50,2019-05-30 10:03:50,G,2,1,186,68,0,7,-62.2833,-59.6858,03:50.6,FastGPS,-62.2833,-59.6858,,,13.6,-0.5,,,,15,15,3120,,,,27,11587,,,,13,5539,,,,8,12976,,,,10,5039,,,,21,12419,,,,18,25860,,,,,,,,,,,,,,,,,,,,,,,,,,,,,,,,,,,,,,,,,,,
180843,30-May-19,11:28:20,2019-05-30 11:28:20,G,8,1,187,68,0,8,-62.3159,-59.711,28:21.0,FastGPS,-62.3159,-59.711,,,12.6,0,,,,15,8,10728,,,,10,17792,,,,27,17266,,,,18,6341,,,,11,12023,,,,28,3864,,,,1,12805,,,,15,7702,,,,,,,,,,,,,,,,,,,,,,,,,,,,,,,,,,,,,,
180843,30-May-19,12:28:00,2019-05-30 12:28:00,G,4,1,188,68,0,4,-62.3552,-59.6948,40:22.5,FastGPS,-62.3463,-59.7048,,,0.3,-0.4,,,,15,32,23516,,,,14,2843,,,,10,17175,,,,11,7653,,,,,,,,,,,,,,,,,,,,,,,,,,,,,,,,,,,,,,,,,,,,,,,,,,,,,,,,,,
180843,30-May-19,13:28:00,2019-05-30 13:28:00,G,4,1,189,,1,9,-62.3552,-59.691,28:00.5,FastGPS,-62.3552,-59.691,,,4.2,-0.5,,,,15,3,15765,,,,11,29508,,,,18,12732,,,,8,29566,,,,1,28279,,,,32,27896,,,,17,1904,,,,14,1905,,,,22,31546,,,,,,,,,,,,,,,,,,,,,,,,,,,,,,,,,
180843,31-May-19,0:40:22,2019-05-31 00:40:22,G,2,1,190,68,0,6,-62.3552,-59.6948,40:22.5,FastGPS,-62.3552,-59.6948,,,2.2,-0.5,,,,15,15,17311,,,,17,10273,,,,19,22247,,,,24,73,,,,12,575,,,,13,2564,,,,,,,,,,,,,,,,,,,,,,,,,,,,,,,,,,,,,,,,,,,,,,,,
180843,31-May-19,1:41:46,2019-05-31 01:41:46,G,2,1,191,68,0,7,-62.326,-59.7104,41:46.0,FastGPS,-62.326,-59.7104,,,8.4,-1,,,,15,17,25062,,,,12,24780,,,,19,19375,,,,6,18706,,,,24,16589,,,,22,8394,,,,15,23914,,,,,,,,,,,,,,,,,,,,,,,,,,,,,,,,,,,,,,,,,,,
180843,31-May-19,8:30:46,2019-05-31 08:30:46,G,2,1,197,69,0,7,-62.0499,-59.5581,30:45.5,FastGPS,-62.0499,-59.5581,,,11.6,-1.5,,,,15,7,26252,,,,26,3290,,,,20,31833,,,,16,13336,,,,21,18109,,,,27,27453,,,,13,13732,,,,,,,,,,,,,,,,,,,,,,,,,,,,,,,,,,,,,,,,,,,
180843,31-May-19,9:44:15,2019-05-31 09:44:15,G,8,1,198,69,0,7,-62.0472,-59.5731,44:14.5,FastGPS,-62.0472,-59.5731,,,7.3,-1.5,,,,15,15,29943,,,,10,20267,,,,16,24980,,,,27,21745,,,,21,32295,,,,20,17158,,,,8,13708,,,,,,,,,,,,,,,,,,,,,,,,,,,,,,,,,,,,,,,,,,,
180843,31-May-19,15:43:43,2019-05-31 15:43:43,G,8,1,199,,0,9,-62.2031,-59.4855,43:43.0,FastGPS,-62.2031,-59.4855,,,13.7,-1,,,,15,22,25595,,,,12,32228,,,,23,3646,,,,6,7427,,,,31,16691,,,,3,27754,,,,17,15596,,,,19,17204,,,,14,19540,,,,,,,,,,,,,,,,,,,,,,,,,,,,,,,,,
180843,31-May-19,17:28:03,2019-05-31 17:28:03,G,2,1,200,70,0,8,-62.1998,-59.4643,28:03.5,FastGPS,-62.1998,-59.4643,,1,13.3,-0.5,,,,15,7,12564,,,,3,31434,,,,16,22180,,,,6,15062,,,,9,8711,,,,4,8416,,,,23,27401,,,,26,4261,,,,,,,,,,,,,,,,,,,,,,,,,,,,,,,,,,,,,,
180843,31-May-19,18:50:11,2019-05-31 18:50:11,G,2,1,201,,0,9,-62.173,-59.4472,50:11.0,FastGPS,-62.173,-59.4472,,1,8.1,-1,,,,15,5,18299,,,,23,29400,,,,29,28721,,,,16,25535,,,,26,14107,,,,9,7907,,,,2,30799,,,,7,30356,,,,4,12442,,,,,,,,,,,,,,,,,,,,,,,,,,,,,,,,,
180843,31-May-19,19:51:56,2019-05-31 19:51:56,G,10,1,202,71,0,5,-61.9524,-59.4697,57:03.6,FastGPS,-62.1378,-59.4181,,1,1.6,-1,,,,15,5,17496,,,,16,28983,,,,27,31880,,,,7,28558,,,,4,12122,,,,,,,,,,,,,,,,,,,,,,,,,,,,,,,,,,,,,,,,,,,,,,,,,,,,,
180843,31-May-19,20:52:06,2019-05-31 20:52:06,G,2,1,203,71,0,6,-62.0845,-59.3535,52:06.5,FastGPS,-62.0845,-59.3535,,1,4.9,-0.5,,,,15,7,30285,,,,4,17791,,,,9,11096,,,,8,6336,,,,30,24539,,,,27,3867,,,,,,,,,,,,,,,,,,,,,,,,,,,,,,,,,,,,,,,,,,,,,,,,
180843,31-May-19,21:55:39,2019-05-31 21:55:39,G,2,1,204,71,0,7,-62.0334,-59.296,55:39.5,FastGPS,-62.0334,-59.296,,1,3.6,-0.5,,,,15,30,22335,,,,5,9077,,,,15,30660,,,,7,26745,,,,28,23665,,,,4,10621,,,,13,6819,,,,,,,,,,,,,,,,,,,,,,,,,,,,,,,,,,,,,,,,,,,
180843,1-Jun-19,0:10:48,2019-06-01 00:10:48,G,2,1,206,72,0,6,-61.9166,-59.3393,10:47.5,FastGPS,-61.9166,-59.3393,,,4.8,-1.5,,,,15,17,25099,,,,15,15124,,,,13,15333,,,,24,21185,,,,19,7332,,,,28,1374,,,,,,,,,,,,,,,,,,,,,,,,,,,,,,,,,,,,,,,,,,,,,,,,
180843,1-Jun-19,1:41:06,2019-06-01 01:41:06,G,2,1,207,74,0,5,-61.9527,-59.4098,41:06.0,FastGPS,-61.9527,-59.4098,,,5.8,-1,,,,15,12,1150,,,,17,15529,,,,32,10241,,,,24,14694,,,,22,9818,,,,,,,,,,,,,,,,,,,,,,,,,,,,,,,,,,,,,,,,,,,,,,,,,,,,,
180843,1-Jun-19,2:41:06,2019-06-01 02:41:06,G,6,1,208,74,0,7,-61.9545,-59.421,41:06.0,FastGPS,-61.9545,-59.421,,,12.1,-1,,,,15,2,27503,,,,19,27853,,,,24,17292,,,,12,13394,,,,6,9729,,,,17,6406,,,,32,14679,,,,,,,,,,,,,,,,,,,,,,,,,,,,,,,,,,,,,,,,,,,
180843,1-Jun-19,3:57:04,2019-06-01 03:57:04,G,6,1,209,75,0,4,-61.9897,-59.3071,43:26.5,FastGPS,-61.9524,-59.4697,,,0.8,-1.4,,,,15,29,31418,,,,25,28981,,,,12,21187,,,,31,3475,,,,,,,,,,,,,,,,,,,,,,,,,,,,,,,,,,,,,,,,,,,,,,,,,,,,,,,,,,
180843,1-Jun-19,7:43:27,2019-06-01 07:43:27,G,2,1,212,78,0,7,-61.9897,-59.3071,43:26.5,FastGPS,-61.9897,-59.3071,,,9.3,-1.5,,,,15,16,4708,,,,5,20668,,,,29,25258,,,,26,1008,,,,13,26542,,,,21,6776,,,,7,5576,,,,,,,,,,,,,,,,,,,,,,,,,,,,,,,,,,,,,,,,,,,
180843,1-Jun-19,13:26:54,2019-06-01 13:26:54,G,2,1,217,80,0,8,-62.006,-59.1753,26:54.0,FastGPS,-62.006,-59.1753,,,4.6,-1,,,,15,14,9136,,,,32,19019,,,,18,4856,,,,11,20916,,,,22,16283,,,,31,7796,,,,12,8694,,,,1,1774,,,,,,,,,,,,,,,,,,,,,,,,,,,,,,,,,,,,,,
180843,1-Jun-19,14:27:22,2019-06-01 14:27:22,G,2,1,218,,0,9,-62.0223,-59.2182,27:22.5,FastGPS,-62.0223,-59.2182,,,7.8,-0.5,,,,15,3,17658,,,,1,2900,,,,11,32530,,,,17,24086,,,,18,11001,,,,23,31164,,,,19,22538,,,,12,13231,,,,22,888,,,,,,,,,,,,,,,,,,,,,,,,,,,,,,,,,
180843,1-Jun-19,15:57:06,2019-06-01 15:57:06,G,2,1,219,82,0,7,-62.0751,-59.2037,57:05.5,FastGPS,-62.0751,-59.2037,,,9,-1.5,,,,15,31,3298,,,,23,23236,,,,26,28839,,,,1,10044,,,,14,5292,,,,3,10585,,,,9,12981,,,,,,,,,,,,,,,,,,,,,,,,,,,,,,,,,,,,,,,,,,,
180843,1-Jun-19,17:01:39,2019-06-01 17:01:39,G,2,1,220,,0,9,-62.0733,-59.217,01:39.0,FastGPS,-62.0733,-59.217,,1,4.9,-1,,,,15,9,522,,,,3,8798,,,,7,12127,,,,22,5912,,,,4,4556,,,,16,23392,,,,26,17024,,,,23,498,,,,31,32691,,,,,,,,,,,,,,,,,,,,,,,,,,,,,,,,,
180843,1-Jun-19,22:10:48,2019-06-01 22:10:48,G,4,1,225,82,0,6,-61.9994,-59.1081,10:48.5,FastGPS,-61.9994,-59.1081,,,8.1,-0.5,,,,15,15,20463,,,,28,4663,,,,30,28847,,,,5,19886,,,,13,19687,,,,7,32181,,,,,,,,,,,,,,,,,,,,,,,,,,,,,,,,,,,,,,,,,,,,,,,,
180843,1-Jun-19,23:29:21,2019-06-01 23:29:21,G,4,1,226,83,0,6,-61.998,-59.2726,29:21.5,FastGPS,-61.998,-59.2726,,,19.8,-0.5,,,,15,15,19028,,,,13,7368,,,,17,19405,,,,28,31820,,,,19,10734,,,,20,31536,,,,,,,,,,,,,,,,,,,,,,,,,,,,,,,,,,,,,,,,,,,,,,,,
180843,1-Jun-19,23:29:29,2019-06-01 23:29:29,G,2,1,391,,1,6,-61.9842,-59.2853,6/1/2019 8:14,NK,-61.8231,-59.6409,,2,2935.8,1.4,,,,15,15,19028,,,,12,7368,,,,17,19405,,,,30,31820,,,,19,10728,,,,3,21486,,,,,,,,,,,,,,,,,,,,,,,,,,,,,,,,,,,,,,,,,,,,,,,,
180843,2-Jun-19,0:30:38,2019-06-02 00:30:38,G,8,1,483,83,0,6,-62.0048,-59.3879,30:39.0,FastGPS,-62.0048,-59.3879,,,2.8,0,,,,15,12,11642,,,,15,8169,,,,17,27353,,,,13,30635,,,,19,5679,,,,28,28521,,,,,,,,,,,,,,,,,,,,,,,,,,,,,,,,,,,,,,,,,,,,,,,,
180843,2-Jun-19,1:45:34,2019-06-02 01:45:34,G,6,1,484,84,0,5,-62.0409,-59.4425,45:35.0,FastGPS,-62.0409,-59.4425,,,7.8,0,,,,15,17,5429,,,,25,13829,,,,19,25005,,,,12,5949,,,,24,20948,,,,,,,,,,,,,,,,,,,,,,,,,,,,,,,,,,,,,,,,,,,,,,,,,,,,,
180843,2-Jun-19,3:01:16,2019-06-02 03:01:16,G,4,1,485,85,0,7,-62.0252,-59.5015,01:17.0,FastGPS,-62.0252,-59.5015,,,4.9,0,,,,15,19,10733,,,,17,17512,,,,24,25227,,,,2,31830,,,,6,3746,,,,12,25407,,,,29,27814,,,,,,,,,,,,,,,,,,,,,,,,,,,,,,,,,,,,,,,,,,,
180843,2-Jun-19,4:01:02,2019-06-02 04:01:02,G,10,1,486,85,0,6,-62.0131,-59.4927,01:02.0,FastGPS,-62.0131,-59.4927,,,9.6,-1,,,,15,31,22885,,,,29,21352,,,,24,13597,,,,12,30406,,,,2,29195,,,,25,31704,,,,,,,,,,,,,,,,,,,,,,,,,,,,,,,,,,,,,,,,,,,,,,,,
180843,2-Jun-19,5:01:05,2019-06-02 05:01:05,G,8,1,487,85,0,5,-62.0328,-59.4846,01:05.0,FastGPS,-62.0328,-59.4846,,,3.3,-1,,,,15,5,20352,,,,2,15480,,,,12,31280,,,,25,13024,,,,29,15002,,,,,,,,,,,,,,,,,,,,,,,,,,,,,,,,,,,,,,,,,,,,,,,,,,,,,
180843,2-Jun-19,6:01:16,2019-06-02 06:01:16,G,6,1,488,85,0,5,-62.023,-59.4706,01:15.5,FastGPS,-62.023,-59.4706,,,10,-1.5,,,,15,31,26458,,,,21,13669,,,,29,5881,,,,25,10153,,,,26,20166,,,,,,,,,,,,,,,,,,,,,,,,,,,,,,,,,,,,,,,,,,,,,,,,,,,,,
180843,2-Jun-19,7:01:59,2019-06-02 07:01:59,G,6,1,489,85,0,6,-62.0225,-59.4619,01:59.1,FastGPS,-62.0225,-59.4619,,,3.6,-1,,,,15,5,16476,,,,29,30652,,,,21,3082,,,,26,20126,,,,25,9916,,,,31,28371,,,,,,,,,,,,,,,,,,,,,,,,,,,,,,,,,,,,,,,,,,,,,,,,
180843,2-Jun-19,8:02:08,2019-06-02 08:02:08,G,4,1,490,85,0,7,-62.0122,-59.4771,02:08.0,FastGPS,-62.0122,-59.4771,,,19.9,-1,,,,15,7,24201,,,,5,20063,,,,16,17535,,,,26,5659,,,,21,21318,,,,13,9923,,,,15,19240,,,,,,,,,,,,,,,,,,,,,,,,,,,,,,,,,,,,,,,,,,,
180843,2-Jun-19,9:05:38,2019-06-02 09:05:38,G,6,1,491,85,0,8,-62.0192,-59.4584,05:37.5,FastGPS,-62.0192,-59.4584,,,15.6,-1.5,,,,15,27,16384,,,,16,6255,,,,13,6223,,,,15,25575,,,,26,15906,,,,30,12583,,,,20,2585,,,,10,27969,,,,,,,,,,,,,,,,,,,,,,,,,,,,,,,,,,,,,,
180843,2-Jun-19,10:06:40,2019-06-02 10:06:40,G,4,1,492,85,0,5,-62.0238,-59.4133,06:39.5,FastGPS,-62.0238,-59.4133,,,1.6,-1.5,,,,15,15,6711,,,,8,8177,,,,13,14308,,,,21,32732,,,,18,4216,,,,,,,,,,,,,,,,,,,,,,,,,,,,,,,,,,,,,,,,,,,,,,,,,,,,,
180843,2-Jun-19,11:22:00,2019-06-02 11:22:00,G,6,1,493,,0,9,-62.024,-59.344,21:59.6,FastGPS,-62.024,-59.344,,,12.2,-1.4,,,,15,18,11040,,,,8,28627,,,,11,16795,,,,27,20949,,,,28,1405,,,,15,5819,,,,24,7654,,,,10,31399,,,,1,24798,,,,,,,,,,,,,,,,,,,,,,,,,,,,,,,,,
180843,2-Jun-19,14:05:02,2019-06-02 14:05:02,G,2,1,495,86,0,7,-62.0593,-59.2408,05:01.5,FastGPS,-62.0593,-59.2408,,,6.5,-1.5,,,,15,31,32649,,,,12,13923,,,,17,17800,,,,32,3471,,,,14,6322,,,,19,12553,,,,3,2218,,,,,,,,,,,,,,,,,,,,,,,,,,,,,,,,,,,,,,,,,,,
180843,2-Jun-19,16:41:00,2019-06-02 16:41:00,G,2,1,497,88,0,8,-62.1285,-59.2039,40:59.6,FastGPS,-62.1285,-59.2039,,1,19.3,-1.4,,,,15,9,12757,,,,31,26380,,,,6,19893,,,,23,1042,,,,4,32101,,,,25,17348,,,,3,702,,,,2,6540,,,,,,,,,,,,,,,,,,,,,,,,,,,,,,,,,,,,,,
180843,2-Jun-19,17:41:04,2019-06-02 17:41:04,G,2,1,498,,0,9,-62.1793,-59.1491,41:03.5,FastGPS,-62.1793,-59.1491,,1,4.3,-1.5,,,,15,4,32436,,,,29,15179,,,,6,23171,,,,26,8265,,,,9,2689,,,,2,28926,,,,7,5946,,,,23,9196,,,,5,24423,,,,,,,,,,,,,,,,,,,,,,,,,,,,,,,,,
180843,3-Jun-19,20:17:02,2019-06-03 20:17:02,G,4,1,501,88,0,5,-62.1491,-59.042,28:56.6,FastGPS,-62.219,-59.0293,,1,0.3,-1.5,,,,15,30,8564,,,,7,22779,,,,4,29479,,,,5,9942,,,,9,8606,,,,,,,,,,,,,,,,,,,,,,,,,,,,,,,,,,,,,,,,,,,,,,,,,,,,,
180843,3-Jun-19,21:23:17,2019-06-03 21:23:17,G,2,1,502,88,0,4,-62.1491,-59.042,28:56.6,FastGPS,-62.183,-59.0443,,,1.3,-0.9,,,,15,7,24429,,,,28,21822,,,,8,27696,,,,5,23754,,,,,,,,,,,,,,,,,,,,,,,,,,,,,,,,,,,,,,,,,,,,,,,,,,,,,,,,,,
180843,3-Jun-19,22:28:57,2019-06-03 22:28:57,G,4,1,503,88,0,4,-62.0743,-59.2016,40:36.1,FastGPS,-62.1491,-59.042,,,0.3,-1.4,,,,15,30,14708,,,,28,22738,,,,15,31453,,,,13,28814,,,,,,,,,,,,,,,,,,,,,,,,,,,,,,,,,,,,,,,,,,,,,,,,,,,,,,,,,,
180843,3-Jun-19,23:32:59,2019-06-03 23:32:59,G,4,1,504,88,0,8,-62.1238,-59.0839,32:59.1,FastGPS,-62.1238,-59.0839,,,14.4,-0.9,,,,15,17,30460,,,,19,26561,,,,13,32502,,,,28,4337,,,,15,8428,,,,20,13751,,,,30,12905,,,,11,294,,,,,,,,,,,,,,,,,,,,,,,,,,,,,,,,,,,,,,
180843,4-Jun-19,0:37:26,2019-06-04 00:37:26,G,4,1,505,88,0,5,-62.095,-59.1327,37:26.0,FastGPS,-62.095,-59.1327,,,6.1,-1,,,,15,17,30034,,,,15,12391,,,,12,30994,,,,13,14420,,,,24,32308,,,,,,,,,,,,,,,,,,,,,,,,,,,,,,,,,,,,,,,,,,,,,,,,,,,,,
180843,4-Jun-19,1:40:36,2019-06-04 01:40:36,G,4,1,506,88,0,5,-62.0743,-59.2016,40:36.1,FastGPS,-62.0743,-59.2016,,,2.7,-0.9,,,,15,17,11624,,,,12,28214,,,,6,11032,,,,19,4109,,,,24,31512,,,,,,,,,,,,,,,,,,,,,,,,,,,,,,,,,,,,,,,,,,,,,,,,,,,,,
180843,4-Jun-19,2:40:45,2019-06-04 02:40:45,G,2,1,507,,0,9,-62.0776,-59.3109,40:44.6,FastGPS,-62.0776,-59.3109,,,12.6,-1.4,,,,15,2,31585,,,,6,12463,,,,12,7207,,,,24,25689,,,,25,16387,,,,32,19563,,,,19,8077,,,,14,2791,,,,17,1801,,,,,,,,,,,,,,,,,,,,,,,,,,,,,,,,,
180843,4-Jun-19,3:43:25,2019-06-04 03:43:25,G,4,1,508,88,0,7,-62.1042,-59.4229,43:25.1,FastGPS,-62.1042,-59.4229,,,11.2,-0.9,,,,15,12,10372,,,,2,10161,,,,32,25307,,,,29,11220,,,,25,14025,,,,31,20214,,,,14,32459,,,,,,,,,,,,,,,,,,,,,,,,,,,,,,,,,,,,,,,,,,,
180843,4-Jun-19,4:43:03,2019-06-04 04:43:03,G,2,1,509,88,0,6,-62.117,-59.5005,43:03.6,FastGPS,-62.117,-59.5005,,,7.6,-0.4,,,,15,12,11143,,,,29,3873,,,,25,540,,,,2,11813,,,,31,23308,,,,5,24296,,,,,,,,,,,,,,,,,,,,,,,,,,,,,,,,,,,,,,,,,,,,,,,,
180843,4-Jun-19,7:48:53,2019-06-04 07:48:53,G,4,1,512,88,0,5,-62.0692,-59.6026,48:52.6,FastGPS,-62.0692,-59.6026,,,3.8,-1.4,,,,15,29,7730,,,,26,27427,,,,16,23860,,,,20,20449,,,,15,11312,,,,,,,,,,,,,,,,,,,,,,,,,,,,,,,,,,,,,,,,,,,,,,,,,,,,,
180843,4-Jun-19,16:35:32,2019-06-04 16:35:32,G,6,1,514,88,0,6,-62.0705,-59.7277,35:32.1,FastGPS,-62.0705,-59.7277,,1,0.5,-0.9,,,,15,23,27089,,,,3,16560,,,,9,16593,,,,6,15489,,,,4,5741,,,,19,15282,,,,,,,,,,,,,,,,,,,,,,,,,,,,,,,,,,,,,,,,,,,,,,,,
180843,5-Jun-19,0:24:11,2019-06-05 00:24:11,G,4,1,515,88,0,7,-62.0427,-60.0787,24:11.1,FastGPS,-62.0427,-60.0787,,,8.1,-0.9,,,,15,15,12082,,,,17,19183,,,,19,6616,,,,12,28037,,,,13,23688,,,,24,14786,,,,28,21059,,,,,,,,,,,,,,,,,,,,,,,,,,,,,,,,,,,,,,,,,,,
180843,5-Jun-19,6:05:18,2019-06-05 06:05:18,G,2,1,516,89,0,6,-62.0848,-60.1836,05:18.1,FastGPS,-62.0848,-60.1836,,,5.8,-0.9,,,,15,31,25915,,,,26,22410,,,,5,7410,,,,21,14483,,,,29,3978,,,,25,25662,,,,,,,,,,,,,,,,,,,,,,,,,,,,,,,,,,,,,,,,,,,,,,,,
180843,5-Jun-19,9:29:53,2019-06-05 09:29:53,G,4,1,518,93,0,5,-62.1484,-60.266,29:52.6,FastGPS,-62.1484,-60.266,,,2.7,-1.4,,,,15,16,10309,,,,21,15830,,,,15,2429,,,,20,25200,,,,27,5219,,,,,,,,,,,,,,,,,,,,,,,,,,,,,,,,,,,,,,,,,,,,,,,,,,,,,
180843,5-Jun-19,10:30:02,2019-06-05 10:30:02,G,2,1,519,93,0,6,-62.1829,-60.2781,30:03.1,FastGPS,-62.1829,-60.2781,,,5,0.1,,,,15,10,21394,,,,27,24423,,,,11,10625,,,,8,14605,,,,18,9452,,,,28,12349,,,,,,,,,,,,,,,,,,,,,,,,,,,,,,,,,,,,,,,,,,,,,,,,
180843,5-Jun-19,14:16:59,2019-06-05 14:16:59,G,4,1,522,,0,9,-62.2871,-60.2053,17:00.1,FastGPS,-62.2871,-60.2053,,,16,0.1,,,,15,12,16608,,,,17,21567,,,,3,26317,,,,1,18218,,,,22,29162,,,,14,14562,,,,19,797,,,,18,14926,,,,23,26832,,,,,,,,,,,,,,,,,,,,,,,,,,,,,,,,,
180843,5-Jun-19,15:37:28,2019-06-05 15:37:28,G,6,1,523,,0,9,-62.3499,-60.218,37:28.6,FastGPS,-62.3499,-60.218,,,11.3,-0.4,,,,15,17,25626,,,,6,22284,,,,23,12119,,,,19,22342,,,,9,29822,,,,25,2419,,,,12,29698,,,,22,10890,,,,3,9125,,,,,,,,,,,,,,,,,,,,,,,,,,,,,,,,,
180843,5-Jun-19,16:37:00,2019-06-05 16:37:00,G,4,1,524,95,0,7,-62.3683,-60.2471,37:00.1,FastGPS,-62.3683,-60.2471,,1,5.4,-0.9,,,,15,9,25767,,,,23,16807,,,,3,17666,,,,22,23218,,,,4,20683,,,,6,9403,,,,16,32213,,,,,,,,,,,,,,,,,,,,,,,,,,,,,,,,,,,,,,,,,,,
180843,5-Jun-19,20:59:02,2019-06-05 20:59:02,G,4,1,528,96,0,7,-62.3436,-60.433,59:03.1,FastGPS,-62.3436,-60.433,,1,3.5,0.1,,,,15,7,29515,,,,30,5377,,,,4,29454,,,,5,25861,,,,28,28244,,,,8,19970,,,,15,14061,,,,,,,,,,,,,,,,,,,,,,,,,,,,,,,,,,,,,,,,,,,
180843,6-Jun-19,0:33:36,2019-06-06 00:33:36,G,4,1,531,98,0,5,-62.2774,-60.4956,33:36.6,FastGPS,-62.2774,-60.4956,,,1.9,-0.4,,,,15,15,12005,,,,17,6995,,,,12,2018,,,,19,15392,,,,24,23401,,,,,,,,,,,,,,,,,,,,,,,,,,,,,,,,,,,,,,,,,,,,,,,,,,,,,
180843,6-Jun-19,2:33:03,2019-06-06 02:33:03,G,2,1,533,98,0,8,-62.2787,-60.5314,33:02.6,FastGPS,-62.2787,-60.5314,,,10.5,-1.4,,,,15,12,22794,,,,32,7345,,,,25,4712,,,,24,4144,,,,2,9836,,,,14,23694,,,,31,4087,,,,22,839,,,,,,,,,,,,,,,,,,,,,,,,,,,,,,,,,,,,,,
180843,6-Jun-19,3:33:38,2019-06-06 03:33:38,G,6,1,534,98,0,6,-62.2538,-60.5624,33:37.6,FastGPS,-62.2538,-60.5624,,,2,-1.4,,,,15,6,26101,,,,12,10641,,,,2,3082,,,,29,7382,,,,24,27071,,,,19,32143,,,,,,,,,,,,,,,,,,,,,,,,,,,,,,,,,,,,,,,,,,,,,,,,
180843,6-Jun-19,4:48:30,2019-06-06 04:48:30,G,4,1,535,99,0,7,-62.2853,-60.56,48:30.1,FastGPS,-62.2853,-60.56,,,11.1,-0.9,,,,15,2,8136,,,,31,28861,,,,26,15355,,,,29,26137,,,,5,31761,,,,6,2372,,,,25,10070,,,,,,,,,,,,,,,,,,,,,,,,,,,,,,,,,,,,,,,,,,,
180843,6-Jun-19,5:48:05,2019-06-06 05:48:05,G,4,1,536,99,0,6,-62.2843,-60.5909,48:05.6,FastGPS,-62.2843,-60.5909,,,4.5,-0.4,,,,15,5,30775,,,,29,24028,,,,21,18711,,,,2,24024,,,,25,16407,,,,31,9980,,,,,,,,,,,,,,,,,,,,,,,,,,,,,,,,,,,,,,,,,,,,,,,,
180843,6-Jun-19,6:48:01,2019-06-06 06:48:01,G,2,1,537,99,0,6,-62.2733,-60.58,48:02.1,FastGPS,-62.2733,-60.58,,1,13.6,0.1,,,,15,5,9290,,,,16,25396,,,,4,20452,,,,26,24885,,,,29,19346,,,,21,11139,,,,,,,,,,,,,,,,,,,,,,,,,,,,,,,,,,,,,,,,,,,,,,,,
180843,6-Jun-19,7:48:32,2019-06-06 07:48:32,G,2,1,538,99,0,7,-62.2812,-60.5819,48:33.1,FastGPS,-62.2812,-60.5819,,,7.5,0.1,,,,15,5,14938,,,,13,19366,,,,20,13000,,,,29,30186,,,,15,28487,,,,21,29338,,,,26,6646,,,,,,,,,,,,,,,,,,,,,,,,,,,,,,,,,,,,,,,,,,,
180843,6-Jun-19,14:02:26,2019-06-06 14:02:26,G,2,1,542,,0,9,-62.4505,-60.4198,02:25.6,FastGPS,-62.4505,-60.4198,,,6.1,-1.4,,,,15,17,14551,,,,31,25099,,,,19,4632,,,,12,25692,,,,32,3777,,,,22,13940,,,,14,27785,,,,18,4318,,,,3,24583,,,,,,,,,,,,,,,,,,,,,,,,,,,,,,,,,
180843,6-Jun-19,15:02:34,2019-06-06 15:02:34,G,2,1,543,,0,9,-62.4695,-60.3424,02:34.6,FastGPS,-62.4695,-60.3424,,,8.4,-0.4,,,,15,31,27279,,,,17,27945,,,,23,27249,,,,25,16742,,,,19,25204,,,,12,14250,,,,14,7439,,,,6,31332,,,,22,13785,,,,,,,,,,,,,,,,,,,,,,,,,,,,,,,,,
180843,6-Jun-19,16:02:00,2019-06-06 16:02:00,G,4,1,544,,1,9,-62.4619,-60.3316,6/6/2019 19:51,SR,-62.4608,-60.3362,,5,0.4,-0.5,,,,15,25,31307,,,,31,12345,,,,3,18005,,,,22,1249,,,,23,3230,,,,26,16113,,,,19,12473,,,,13,14753,,,,7,13051,,,,,,,,,,,,,,,,,,,,,,,,,,,,,,,,,
180843,6-Jun-19,22:49:47,2019-06-06 22:49:47,G,2,1,546,109,0,8,-62.4394,-60.4756,49:47.6,FastGPS,-62.4394,-60.4756,,,6.6,-0.4,,,,15,17,838,,,,15,30226,,,,19,24983,,,,28,1249,,,,1,21765,,,,30,20522,,,,13,30602,,,,11,12900,,,,,,,,,,,,,,,,,,,,,,,,,,,,,,,,,,,,,,
180843,7-Jun-19,1:06:01,2019-06-07 01:06:01,G,16,1,548,110,0,4,-62.4394,-60.4756,49:47.6,FastGPS,-62.4454,-60.5716,,,0.2,-1.4,,,,15,17,20031,,,,32,8084,,,,12,19371,,,,24,32584,,,,,,,,,,,,,,,,,,,,,,,,,,,,,,,,,,,,,,,,,,,,,,,,,,,,,,,,,,
180843,7-Jun-19,2:06:18,2019-06-07 02:06:18,G,8,1,549,110,0,7,-62.4515,-60.5319,06:18.1,FastGPS,-62.4515,-60.5319,,,12.7,-0.9,,,,15,19,23353,,,,17,23742,,,,32,30105,,,,14,5550,,,,22,665,,,,25,27942,,,,3,22005,,,,,,,,,,,,,,,,,,,,,,,,,,,,,,,,,,,,,,,,,,,
180843,7-Jun-19,3:07:40,2019-06-07 03:07:40,G,6,1,550,110,0,5,-62.4566,-60.5412,07:41.1,FastGPS,-62.4566,-60.5412,,,7.6,0.1,,,,15,2,16082,,,,12,8284,,,,29,13031,,,,6,24954,,,,25,7174,,,,,,,,,,,,,,,,,,,,,,,,,,,,,,,,,,,,,,,,,,,,,,,,,,,,,
180843,7-Jun-19,5:08:59,2019-06-07 05:08:59,G,2,1,552,110,0,5,-62.4574,-60.5587,08:59.6,FastGPS,-62.4574,-60.5587,,,4.9,-0.4,,,,15,31,8445,,,,29,16040,,,,2,28623,,,,26,19040,,,,23,13120,,,,,,,,,,,,,,,,,,,,,,,,,,,,,,,,,,,,,,,,,,,,,,,,,,,,,
180843,7-Jun-19,7:10:48,2019-06-07 07:10:48,G,2,1,554,110,0,6,-62.4482,-60.6034,10:48.0,FastGPS,-62.4482,-60.6034,,,5.5,-1,,,,15,16,1266,,,,29,24186,,,,5,16615,,,,26,18088,,,,7,30056,,,,21,25749,,,,,,,,,,,,,,,,,,,,,,,,,,,,,,,,,,,,,,,,,,,,,,,,
180843,7-Jun-19,8:58:08,2019-06-07 08:58:08,G,2,1,555,113,0,8,-62.4258,-60.582,58:08.6,FastGPS,-62.4258,-60.582,,,5.7,-0.4,,,,15,7,31379,,,,16,27179,,,,10,32608,,,,30,10837,,,,27,6556,,,,20,8902,,,,21,31898,,,,26,9441,,,,,,,,,,,,,,,,,,,,,,,,,,,,,,,,,,,,,,
180843,7-Jun-19,9:58:06,2019-06-07 09:58:06,G,6,1,556,113,0,6,-62.4495,-60.6201,58:05.6,FastGPS,-62.4495,-60.6201,,,9.1,-1.4,,,,15,10,10343,,,,21,8201,,,,20,21205,,,,15,23437,,,,27,29880,,,,16,3439,,,,,,,,,,,,,,,,,,,,,,,,,,,,,,,,,,,,,,,,,,,,,,,,
180843,7-Jun-19,11:13:02,2019-06-07 11:13:02,G,2,1,557,,0,9,-62.3865,-60.7573,13:02.1,FastGPS,-62.3865,-60.7573,,,15,-0.9,,,,15,32,27409,,,,10,31846,,,,8,12530,,,,11,17722,,,,18,8774,,,,20,3764,,,,27,1484,,,,14,3964,,,,1,9427,,,,,,,,,,,,,,,,,,,,,,,,,,,,,,,,,
180843,7-Jun-19,12:13:06,2019-06-07 12:13:06,G,4,1,558,114,0,7,-62.3776,-60.8346,13:07.1,FastGPS,-62.3776,-60.8346,,,1.6,0.1,,,,15,18,23611,,,,11,6929,,,,24,30206,,,,1,8551,,,,17,30021,,,,10,20664,,,,22,14472,,,,,,,,,,,,,,,,,,,,,,,,,,,,,,,,,,,,,,,,,,,
180843,7-Jun-19,13:13:11,2019-06-07 13:13:11,G,2,1,559,,0,9,-62.3723,-60.8555,13:11.6,FastGPS,-62.3723,-60.8555,,,9.3,-0.4,,,,15,17,31710,,,,1,23034,,,,3,28809,,,,11,16820,,,,22,22904,,,,12,20617,,,,19,11963,,,,32,4764,,,,18,29394,,,,,,,,,,,,,,,,,,,,,,,,,,,,,,,,,
180843,7-Jun-19,14:28:05,2019-06-07 14:28:05,G,2,1,560,,0,9,-62.4145,-60.8645,28:04.6,FastGPS,-62.4145,-60.8645,,,7.7,-1.4,,,,15,17,3270,,,,3,25966,,,,1,4044,,,,22,21844,,,,31,15793,,,,12,29078,,,,23,25728,,,,19,26697,,,,6,26588,,,,,,,,,,,,,,,,,,,,,,,,,,,,,,,,,
180843,7-Jun-19,15:28:11,2019-06-07 15:28:11,G,2,1,561,115,0,8,-62.4667,-60.8454,28:10.6,FastGPS,-62.4667,-60.8454,,,7.4,-1.4,,,,15,31,26832,,,,6,18042,,,,19,23734,,,,23,5942,,,,17,29259,,,,12,30400,,,,25,31594,,,,9,22611,,,,,,,,,,,,,,,,,,,,,,,,,,,,,,,,,,,,,,
180843,7-Jun-19,16:43:00,2019-06-07 16:43:00,G,6,1,562,116,1,5,-62.4454,-60.5716,06:00.6,FastGPS,-62.4725,-60.8267,,1,0.5,-1.3,,,,15,29,11395,,,,9,19697,,,,2,13250,,,,6,22441,,,,4,30881,,,,,,,,,,,,,,,,,,,,,,,,,,,,,,,,,,,,,,,,,,,,,,,,,,,,,
180843,7-Jun-19,18:58:00,2019-06-07 18:58:00,G,2,1,563,121,1,5,-62.4725,-60.8267,57:59.6,FastGPS,-62.4725,-60.8267,,,0.9,-1.4,,,,15,5,29913,,,,2,23553,,,,16,8554,,,,7,12621,,,,26,9112,,,,,,,,,,,,,,,,,,,,,,,,,,,,,,,,,,,,,,,,,,,,,,,,,,,,,
180843,7-Jun-19,19:58:00,2019-06-07 19:58:00,G,2,1,564,121,1,5,-62.4722,-60.8263,57:59.6,FastGPS,-62.4722,-60.8263,,,3.3,-1.4,,,,15,13,11045,,,,30,17136,,,,5,29435,,,,27,24092,,,,21,1553,,,,,,,,,,,,,,,,,,,,,,,,,,,,,,,,,,,,,,,,,,,,,,,,,,,,,
180843,7-Jun-19,20:58:00,2019-06-07 20:58:00,G,6,1,565,121,1,5,-62.4726,-60.8269,57:59.6,FastGPS,-62.4726,-60.8269,,,1.5,-1.4,,,,15,15,5127,,,,5,29565,,,,27,29790,,,,13,30841,,,,21,20860,,,,,,,,,,,,,,,,,,,,,,,,,,,,,,,,,,,,,,,,,,,,,,,,,,,,,
180843,7-Jun-19,21:58:00,2019-06-07 21:58:00,G,2,1,566,121,1,5,-62.4725,-60.8268,57:59.6,FastGPS,-62.4725,-60.8268,,,7.5,-1.4,,,,15,15,14569,,,,11,32038,,,,20,11173,,,,8,18672,,,,13,11609,,,,,,,,,,,,,,,,,,,,,,,,,,,,,,,,,,,,,,,,,,,,,,,,,,,,,
180843,8-Jun-19,21:14:06,2019-06-08 21:14:06,G,8,1,568,122,0,6,-62.4592,-60.8189,14:06.6,FastGPS,-62.4592,-60.8189,,1,4.6,-0.4,,,,15,7,29372,,,,30,5625,,,,4,14886,,,,13,31571,,,,28,23053,,,,8,18575,,,,,,,,,,,,,,,,,,,,,,,,,,,,,,,,,,,,,,,,,,,,,,,,
180843,8-Jun-19,22:14:19,2019-06-08 22:14:19,G,4,1,569,122,0,8,-62.4067,-60.8018,14:20.1,FastGPS,-62.4067,-60.8018,,,9,0.1,,,,15,17,25781,,,,8,4637,,,,15,30263,,,,7,27540,,,,11,11741,,,,30,30341,,,,18,24127,,,,28,4221,,,,,,,,,,,,,,,,,,,,,,,,,,,,,,,,,,,,,,
180843,8-Jun-19,23:14:32,2019-06-08 23:14:32,G,8,1,570,122,0,8,-62.3592,-60.7414,14:31.6,FastGPS,-62.3592,-60.7414,,,5.7,-1.4,,,,15,17,23034,,,,18,30543,,,,19,22370,,,,11,19846,,,,30,19399,,,,1,31980,,,,28,19880,,,,15,3499,,,,,,,,,,,,,,,,,,,,,,,,,,,,,,,,,,,,,,
180843,9-Jun-19,2:12:42,2019-06-09 02:12:42,G,6,1,571,122,0,7,-62.3546,-60.6874,12:43.1,FastGPS,-62.3546,-60.6874,,,7.2,0.1,,,,15,12,23982,,,,19,15920,,,,25,17329,,,,6,16423,,,,17,24496,,,,2,11085,,,,32,24457,,,,,,,,,,,,,,,,,,,,,,,,,,,,,,,,,,,,,,,,,,,
180843,9-Jun-19,3:13:33,2019-06-09 03:13:33,G,8,1,572,122,0,8,-62.347,-60.7055,13:32.6,FastGPS,-62.347,-60.7055,,,4,-1.4,,,,15,31,21130,,,,6,100,,,,2,12807,,,,19,26635,,,,25,28130,,,,12,16646,,,,14,25044,,,,3,21777,,,,,,,,,,,,,,,,,,,,,,,,,,,,,,,,,,,,,,
180843,9-Jun-19,8:51:25,2019-06-09 08:51:25,G,4,1,573,122,0,5,-62.4326,-60.6051,51:25.1,FastGPS,-62.4326,-60.6051,,,1.8,-0.9,,,,15,8,2963,,,,7,833,,,,13,27786,,,,16,28210,,,,27,15267,,,,,,,,,,,,,,,,,,,,,,,,,,,,,,,,,,,,,,,,,,,,,,,,,,,,,
180843,9-Jun-19,13:22:27,2019-06-09 13:22:27,G,2,1,574,122,0,8,-62.4712,-60.7516,22:26.6,FastGPS,-62.4712,-60.7516,,,4.7,-1.4,,,,15,17,31441,,,,11,10711,,,,18,22217,,,,19,3896,,,,1,21521,,,,3,18054,,,,22,21026,,,,32,27357,,,,,,,,,,,,,,,,,,,,,,,,,,,,,,,,,,,,,,
180843,9-Jun-19,14:22:00,2019-06-09 14:22:00,G,2,1,575,122,1,8,-62.4689,-60.7726,21:59.7,FastGPS,-62.4689,-60.7726,,,7.3,-1.3,,,,15,32,827,,,,19,9002,,,,17,13106,,,,6,18115,,,,12,10798,,,,25,13339,,,,14,27418,,,,31,1199,,,,,,,,,,,,,,,,,,,,,,,,,,,,,,,,,,,,,,
180843,9-Jun-19,19:22:44,2019-06-09 19:22:44,G,6,1,576,122,0,7,-62.4682,-60.7689,22:44.6,FastGPS,-62.4682,-60.7689,,,7.4,-0.4,,,,15,7,10227,,,,9,26003,,,,8,21363,,,,30,2528,,,,23,14109,,,,5,20506,,,,27,2755,,,,,,,,,,,,,,,,,,,,,,,,,,,,,,,,,,,,,,,,,,,
180843,9-Jun-19,21:29:16,2019-06-09 21:29:16,G,6,1,577,122,0,8,-62.3943,-60.6681,29:17.1,FastGPS,-62.3943,-60.6681,,,9.1,0.1,,,,15,7,25043,,,,15,24626,,,,8,23427,,,,20,30873,,,,30,6059,,,,13,7042,,,,28,2068,,,,11,17001,,,,,,,,,,,,,,,,,,,,,,,,,,,,,,,,,,,,,,
180843,9-Jun-19,22:47:32,2019-06-09 22:47:32,G,4,1,578,,0,9,-62.4088,-60.6143,47:32.6,FastGPS,-62.4088,-60.6143,,,11,-0.4,,,,15,15,11881,,,,13,17887,,,,10,6282,,,,18,12069,,,,8,17411,,,,20,3135,,,,17,24416,,,,30,21928,,,,19,17258,,,,,,,,,,,,,,,,,,,,,,,,,,,,,,,,,
180843,10-Jun-19,5:22:27,2019-06-10 05:22:27,G,8,1,579,,0,9,-62.3735,-60.5899,22:27.2,FastGPS,-62.3735,-60.5899,,1,11.4,-0.8,,,,15,5,26197,,,,4,5331,,,,9,18248,,,,2,12675,,,,23,27954,,,,12,2490,,,,25,27707,,,,29,7645,,,,31,12785,,,,,,,,,,,,,,,,,,,,,,,,,,,,,,,,,
180843,10-Jun-19,6:24:29,2019-06-10 06:24:29,G,10,1,580,122,0,5,-62.3917,-60.5681,24:30.2,FastGPS,-62.3917,-60.5681,,,5.1,0.2,,,,15,29,4800,,,,5,16907,,,,31,14251,,,,21,12097,,,,26,17093,,,,,,,,,,,,,,,,,,,,,,,,,,,,,,,,,,,,,,,,,,,,,,,,,,,,,
180843,10-Jun-19,7:33:03,2019-06-10 07:33:03,G,4,1,581,,0,9,-62.3966,-60.5609,33:03.6,FastGPS,-62.3966,-60.5609,,,12.6,-0.4,,,,15,5,2077,,,,7,28650,,,,16,20282,,,,29,16003,,,,13,11226,,,,26,25008,,,,21,18419,,,,20,3961,,,,15,20151,,,,,,,,,,,,,,,,,,,,,,,,,,,,,,,,,
180843,10-Jun-19,8:42:58,2019-06-10 08:42:58,G,4,1,582,122,0,7,-62.4074,-60.5207,42:58.2,FastGPS,-62.4074,-60.5207,,,7.9,-0.8,,,,15,30,21749,,,,7,17143,,,,15,2757,,,,13,3543,,,,21,19534,,,,27,11927,,,,20,16535,,,,,,,,,,,,,,,,,,,,,,,,,,,,,,,,,,,,,,,,,,,
180843,10-Jun-19,9:53:40,2019-06-10 09:53:40,G,6,1,583,122,0,8,-62.4072,-60.5715,53:41.2,FastGPS,-62.4072,-60.5715,,,10.9,0.2,,,,15,15,24452,,,,8,12035,,,,10,2021,,,,21,19680,,,,27,5039,,,,18,7139,,,,20,24538,,,,13,4533,,,,,,,,,,,,,,,,,,,,,,,,,,,,,,,,,,,,,,
180843,10-Jun-19,11:10:14,2019-06-10 11:10:14,G,10,1,584,,0,9,-62.4384,-60.5907,10:14.6,FastGPS,-62.4384,-60.5907,,,8.4,-0.4,,,,15,8,1979,,,,28,3372,,,,22,4093,,,,18,3773,,,,1,19742,,,,10,15523,,,,27,150,,,,11,14063,,,,20,6346,,,,,,,,,,,,,,,,,,,,,,,,,,,,,,,,,
180843,10-Jun-19,12:10:09,2019-06-10 12:10:09,G,10,1,585,,0,9,-62.4707,-60.6961,10:09.2,FastGPS,-62.4707,-60.6961,,,6.5,-0.8,,,,15,14,25555,,,,8,10332,,,,28,10485,,,,32,24740,,,,3,31835,,,,1,24408,,,,17,30357,,,,18,18217,,,,22,7590,,,,,,,,,,,,,,,,,,,,,,,,,,,,,,,,,
180843,10-Jun-19,13:10:00,2019-06-10 13:10:00,G,2,1,586,,0,9,-62.4712,-60.7675,10:01.1,FastGPS,-62.4712,-60.7675,,,9,0.1,,,,15,32,10496,,,,14,9138,,,,18,3614,,,,22,881,,,,1,17661,,,,31,20629,,,,3,18404,,,,11,24228,,,,17,11651,,,,,,,,,,,,,,,,,,,,,,,,,,,,,,,,,
180843,10-Jun-19,14:10:00,2019-06-10 14:10:00,G,12,1,587,,0,9,-62.4669,-60.7678,10:01.2,FastGPS,-62.4669,-60.7678,,,9.6,0.2,,,,15,12,21544,,,,17,5287,,,,11,18041,,,,14,738,,,,19,15507,,,,1,12450,,,,25,7094,,,,31,29938,,,,23,24837,,,,,,,,,,,,,,,,,,,,,,,,,,,,,,,,,
180843,10-Jun-19,15:10:48,2019-06-10 15:10:48,G,6,1,588,123,0,6,-62.4655,-60.7673,10:47.7,FastGPS,-62.4655,-60.7673,,,3.5,-1.3,,,,15,31,19875,,,,22,14033,,,,25,22083,,,,14,25111,,,,3,247,,,,1,27747,,,,,,,,,,,,,,,,,,,,,,,,,,,,,,,,,,,,,,,,,,,,,,,,
180843,10-Jun-19,16:26:52,2019-06-10 16:26:52,G,8,1,589,,0,9,-62.4634,-60.7699,26:52.7,FastGPS,-62.4634,-60.7699,,1,4.1,-0.4,,,,15,4,8068,,,,6,18310,,,,3,22189,,,,31,12601,,,,22,16628,,,,7,9753,,,,29,26800,,,,9,2458,,,,23,21779,,,,,,,,,,,,,,,,,,,,,,,,,,,,,,,,,
180843,10-Jun-19,17:47:37,2019-06-10 17:47:37,G,8,1,590,125,0,7,-62.4489,-60.7784,47:37.7,FastGPS,-62.4489,-60.7784,,1,6.2,-0.3,,,,15,23,28795,,,,7,18758,,,,9,10967,,,,16,387,,,,26,18848,,,,30,26394,,,,2,14140,,,,,,,,,,,,,,,,,,,,,,,,,,,,,,,,,,,,,,,,,,,
180843,10-Jun-19,19:03:10,2019-06-10 19:03:10,G,6,1,591,126,0,6,-62.4388,-60.725,03:10.6,FastGPS,-62.4388,-60.725,,,7.1,-0.4,,,,15,5,161,,,,7,18564,,,,27,25491,,,,9,11824,,,,30,28872,,,,23,23832,,,,,,,,,,,,,,,,,,,,,,,,,,,,,,,,,,,,,,,,,,,,,,,,
180843,10-Jun-19,20:04:31,2019-06-10 20:04:31,G,4,1,592,,0,9,-62.4185,-60.674,04:32.1,FastGPS,-62.4185,-60.674,,1,4.9,0.1,,,,15,27,8464,,,,7,23781,,,,4,14828,,,,30,30530,,,,8,22649,,,,28,31960,,,,5,12431,,,,21,25228,,,,9,8180,,,,,,,,,,,,,,,,,,,,,,,,,,,,,,,,,
180843,10-Jun-19,21:04:00,2019-06-10 21:04:00,G,10,1,593,126,0,8,-62.3831,-60.6535,04:01.2,FastGPS,-62.3831,-60.6535,,,19.5,0.2,,,,15,7,3332,,,,13,24686,,,,15,30099,,,,27,11731,,,,5,19330,,,,21,1074,,,,8,15927,,,,30,7802,,,,,,,,,,,,,,,,,,,,,,,,,,,,,,,,,,,,,,
180843,10-Jun-19,22:36:00,2019-06-10 22:36:00,G,6,1,594,128,0,8,-62.3889,-60.5867,36:00.7,FastGPS,-62.3889,-60.5867,,,11.2,-0.3,,,,15,13,3831,,,,15,10387,,,,10,24796,,,,24,1281,,,,30,22455,,,,20,6639,,,,28,9869,,,,17,23414,,,,,,,,,,,,,,,,,,,,,,,,,,,,,,,,,,,,,,
180843,10-Jun-19,23:53:14,2019-06-10 23:53:14,G,12,1,595,,0,9,-62.4118,-60.5682,53:14.6,FastGPS,-62.4118,-60.5682,,,5.6,-0.4,,,,15,24,542,,,,1,25347,,,,17,8308,,,,18,22066,,,,13,15280,,,,28,15010,,,,15,29998,,,,19,18791,,,,11,30738,,,,,,,,,,,,,,,,,,,,,,,,,,,,,,,,,
180843,11-Jun-19,0:53:03,2019-06-11 00:53:03,G,14,1,596,129,0,6,-62.4131,-60.5698,53:03.7,FastGPS,-62.4131,-60.5698,,,1.6,-0.3,,,,15,12,24958,,,,32,12269,,,,17,8031,,,,24,26253,,,,1,7997,,,,19,25076,,,,,,,,,,,,,,,,,,,,,,,,,,,,,,,,,,,,,,,,,,,,,,,,
180843,11-Jun-19,1:58:22,2019-06-11 01:58:22,G,8,1,597,129,0,7,-62.4078,-60.5947,58:22.7,FastGPS,-62.4078,-60.5947,,,12.5,-0.3,,,,15,6,30672,,,,12,10258,,,,24,17785,,,,19,26885,,,,2,6594,,,,32,21587,,,,17,14283,,,,,,,,,,,,,,,,,,,,,,,,,,,,,,,,,,,,,,,,,,,
180843,11-Jun-19,3:03:10,2019-06-11 03:03:10,G,10,1,598,129,0,7,-62.402,-60.6147,03:11.1,FastGPS,-62.402,-60.6147,,,4.5,0.1,,,,15,29,12139,,,,2,29022,,,,31,2132,,,,25,12548,,,,12,8381,,,,32,22319,,,,24,23998,,,,,,,,,,,,,,,,,,,,,,,,,,,,,,,,,,,,,,,,,,,
180843,11-Jun-19,4:05:43,2019-06-11 04:05:43,G,4,1,599,129,0,7,-62.4118,-60.6488,05:44.1,FastGPS,-62.4118,-60.6488,,,4.2,0.1,,,,15,29,15789,,,,31,19939,,,,23,4469,,,,12,2121,,,,26,18502,,,,5,14274,,,,25,5783,,,,,,,,,,,,,,,,,,,,,,,,,,,,,,,,,,,,,,,,,,,
180843,11-Jun-19,5:07:12,2019-06-11 05:07:12,G,10,1,600,129,0,6,-62.4349,-60.6722,07:13.1,FastGPS,-62.4349,-60.6722,,,10.6,0.1,,,,15,31,21639,,,,26,16696,,,,5,17976,,,,25,14328,,,,21,32453,,,,29,25361,,,,,,,,,,,,,,,,,,,,,,,,,,,,,,,,,,,,,,,,,,,,,,,,
180843,11-Jun-19,6:10:16,2019-06-11 06:10:16,G,6,1,601,129,0,6,-62.4521,-60.7067,10:17.2,FastGPS,-62.4521,-60.7067,,,3.2,0.2,,,,15,29,2805,,,,21,7829,,,,5,30786,,,,16,1767,,,,31,30803,,,,26,11188,,,,,,,,,,,,,,,,,,,,,,,,,,,,,,,,,,,,,,,,,,,,,,,,
180843,11-Jun-19,7:10:01,2019-06-11 07:10:01,G,2,1,602,129,0,7,-62.4696,-60.7482,10:01.6,FastGPS,-62.4696,-60.7482,,,7.7,-0.4,,,,15,27,2787,,,,7,7285,,,,26,5590,,,,21,243,,,,5,9962,,,,20,27582,,,,16,6513,,,,,,,,,,,,,,,,,,,,,,,,,,,,,,,,,,,,,,,,,,,
180843,11-Jun-19,8:27:19,2019-06-11 08:27:19,G,2,1,603,130,0,8,-62.4873,-60.7331,27:18.7,FastGPS,-62.4873,-60.7331,,,13,-1.3,,,,15,15,7977,,,,7,833,,,,13,28312,,,,8,28459,,,,27,8101,,,,30,7850,,,,21,4752,,,,20,18152,,,,,,,,,,,,,,,,,,,,,,,,,,,,,,,,,,,,,,
180843,11-Jun-19,10:16:00,2019-06-11 10:16:00,G,4,1,604,,0,9,-62.4999,-60.6863,15:59.6,FastGPS,-62.4999,-60.6863,,,6.5,-1.4,,,,15,15,22885,,,,8,14201,,,,18,4309,,,,27,21247,,,,11,7894,,,,20,28878,,,,32,8279,,,,28,9859,,,,1,20230,,,,,,,,,,,,,,,,,,,,,,,,,,,,,,,,,
180843,11-Jun-19,11:18:42,2019-06-11 11:18:42,G,2,1,605,,0,9,-62.5149,-60.6651,18:41.7,FastGPS,-62.5149,-60.6651,,,8.7,-1.3,,,,15,8,30446,,,,11,285,,,,18,20948,,,,1,26543,,,,22,20549,,,,28,32224,,,,10,4057,,,,32,30112,,,,27,307,,,,,,,,,,,,,,,,,,,,,,,,,,,,,,,,,
180843,11-Jun-19,14:28:11,2019-06-11 14:28:11,G,10,1,607,,0,9,-62.5623,-60.5802,28:10.6,FastGPS,-62.5623,-60.5802,,,10.6,-1.4,,,,15,12,10161,,,,14,12089,,,,31,27594,,,,17,17347,,,,25,12554,,,,19,14679,,,,32,7936,,,,6,21659,,,,1,269,,,,,,,,,,,,,,,,,,,,,,,,,,,,,,,,,
180843,11-Jun-19,15:30:36,2019-06-11 15:30:36,G,8,1,608,130,0,8,-62.5657,-60.5424,30:36.1,FastGPS,-62.5657,-60.5424,,,10.5,-0.9,,,,15,31,32334,,,,6,1268,,,,25,14915,,,,2,25504,,,,26,4623,,,,22,9360,,,,3,7222,,,,23,15957,,,,,,,,,,,,,,,,,,,,,,,,,,,,,,,,,,,,,,
180843,11-Jun-19,16:32:42,2019-06-11 16:32:42,G,8,1,609,,0,9,-62.5618,-60.5181,32:41.6,FastGPS,-62.5618,-60.5181,,,10.9,-1.4,,,,15,3,31270,,,,31,22341,,,,29,2801,,,,26,9706,,,,16,4093,,,,22,16735,,,,7,9456,,,,2,1400,,,,23,28032,,,,,,,,,,,,,,,,,,,,,,,,,,,,,,,,,
180843,11-Jun-19,17:49:54,2019-06-11 17:49:54,G,10,1,610,131,0,8,-62.5623,-60.5141,49:54.2,FastGPS,-62.5623,-60.5141,,1,7.2,-0.8,,,,15,16,22912,,,,7,21423,,,,5,3935,,,,23,20652,,,,26,23556,,,,29,4614,,,,2,18999,,,,4,3009,,,,,,,,,,,,,,,,,,,,,,,,,,,,,,,,,,,,,,
180843,11-Jun-19,18:50:55,2019-06-11 18:50:55,G,8,1,611,131,0,7,-62.5622,-60.5138,50:54.7,FastGPS,-62.5622,-60.5138,,1,3.6,-1.3,,,,15,7,5548,,,,9,23654,,,,23,18213,,,,30,23605,,,,4,11857,,,,2,2575,,,,5,5114,,,,,,,,,,,,,,,,,,,,,,,,,,,,,,,,,,,,,,,,,,,
180843,11-Jun-19,20:00:03,2019-06-11 20:00:03,G,14,1,612,131,0,7,-62.5494,-60.5152,00:03.2,FastGPS,-62.5494,-60.5152,,1,4.4,-0.8,,,,15,7,10933,,,,5,30052,,,,4,1492,,,,9,27579,,,,8,7798,,,,28,13692,,,,27,27949,,,,,,,,,,,,,,,,,,,,,,,,,,,,,,,,,,,,,,,,,,,
180843,11-Jun-19,21:00:47,2019-06-11 21:00:47,G,14,1,613,131,0,6,-62.5398,-60.5325,00:46.7,FastGPS,-62.5398,-60.5325,,,10.9,-1.4,,,,15,5,25698,,,,30,17534,,,,28,26604,,,,8,28612,,,,7,11721,,,,15,12011,,,,,,,,,,,,,,,,,,,,,,,,,,,,,,,,,,,,,,,,,,,,,,,,
180843,12-Jun-19,1:01:00,2019-06-12 01:01:00,G,2,1,616,135,0,7,-62.5397,-60.5365,00:59.7,FastGPS,-62.5397,-60.5365,,,9.4,-1.3,,,,15,17,2206,,,,12,17793,,,,6,13947,,,,15,16373,,,,24,9111,,,,19,10024,,,,22,19871,,,,,,,,,,,,,,,,,,,,,,,,,,,,,,,,,,,,,,,,,,,
180843,12-Jun-19,2:03:21,2019-06-12 02:03:21,G,6,1,617,,0,9,-62.5372,-60.5572,03:20.7,FastGPS,-62.5372,-60.5572,,,7.9,-1.3,,,,15,32,32203,,,,12,3681,,,,25,4017,,,,31,1062,,,,24,4976,,,,6,31885,,,,2,346,,,,14,6886,,,,17,24214,,,,,,,,,,,,,,,,,,,,,,,,,,,,,,,,,
180843,12-Jun-19,3:03:00,2019-06-12 03:03:00,G,4,1,618,,0,9,-62.5313,-60.6133,02:59.7,FastGPS,-62.5313,-60.6133,,,9,-1.3,,,,15,29,7640,,,,2,17772,,,,12,15369,,,,6,32693,,,,32,21801,,,,31,30946,,,,24,17164,,,,19,22258,,,,14,23124,,,,,,,,,,,,,,,,,,,,,,,,,,,,,,,,,
180843,12-Jun-19,4:03:00,2019-06-12 04:03:00,G,4,1,619,135,0,7,-62.5263,-60.6756,02:59.7,FastGPS,-62.5263,-60.6756,,,8.2,-1.3,,,,15,12,31348,,,,2,21424,,,,6,30666,,,,5,21223,,,,29,20724,,,,25,6685,,,,23,10300,,,,,,,,,,,,,,,,,,,,,,,,,,,,,,,,,,,,,,,,,,,
180843,12-Jun-19,5:03:00,2019-06-12 05:03:00,G,4,1,620,,0,9,-62.5024,-60.6975,02:59.6,FastGPS,-62.5024,-60.6975,,,8,-1.4,,,,15,5,4053,,,,2,30725,,,,12,23276,,,,25,776,,,,31,8334,,,,29,11770,,,,21,17555,,,,26,3543,,,,23,19891,,,,,,,,,,,,,,,,,,,,,,,,,,,,,,,,,
180843,12-Jun-19,6:06:21,2019-06-12 06:06:21,G,2,1,621,135,0,5,-62.503,-60.6937,06:20.7,FastGPS,-62.503,-60.6937,,,1.2,-1.3,,,,15,29,28237,,,,5,23962,,,,31,22543,,,,25,3326,,,,21,939,,,,,,,,,,,,,,,,,,,,,,,,,,,,,,,,,,,,,,,,,,,,,,,,,,,,,
180843,12-Jun-19,7:06:00,2019-06-12 07:06:00,G,4,1,622,,0,9,-62.5006,-60.6918,05:59.6,FastGPS,-62.5006,-60.6918,,1,3.8,-1.4,,,,15,29,26501,,,,27,25940,,,,26,28118,,,,20,17833,,,,16,29634,,,,21,23110,,,,5,472,,,,7,30563,,,,4,31241,,,,,,,,,,,,,,,,,,,,,,,,,,,,,,,,,
180843,12-Jun-19,8:07:18,2019-06-12 08:07:18,G,4,1,623,,0,9,-62.4963,-60.7009,07:17.6,FastGPS,-62.4963,-60.7009,,,14.8,-1.4,,,,15,20,3085,,,,7,14652,,,,16,20869,,,,30,12832,,,,27,18052,,,,15,31532,,,,10,24658,,,,8,10976,,,,21,23618,,,,,,,,,,,,,,,,,,,,,,,,,,,,,,,,,
180843,12-Jun-19,9:07:13,2019-06-12 09:07:13,G,4,1,624,,0,9,-62.4963,-60.7004,07:12.7,FastGPS,-62.4963,-60.7004,,,9.9,-1.3,,,,15,27,18503,,,,15,9036,,,,8,9830,,,,16,24377,,,,30,26858,,,,13,20079,,,,21,32556,,,,10,1880,,,,20,31552,,,,,,,,,,,,,,,,,,,,,,,,,,,,,,,,,
180843,12-Jun-19,10:09:51,2019-06-12 10:09:51,G,4,1,625,135,0,7,-62.4952,-60.7044,09:50.6,FastGPS,-62.4952,-60.7044,,,6.9,-1.4,,,,15,8,5219,,,,27,18762,,,,18,22634,,,,10,662,,,,28,28036,,,,15,21579,,,,11,25933,,,,,,,,,,,,,,,,,,,,,,,,,,,,,,,,,,,,,,,,,,,
180843,12-Jun-19,11:11:56,2019-06-12 11:11:56,G,4,1,626,,0,9,-62.4952,-60.7049,11:56.1,FastGPS,-62.4952,-60.7049,,,8.3,-0.9,,,,15,18,16415,,,,11,28157,,,,8,5065,,,,22,8470,,,,1,17273,,,,28,32559,,,,10,12165,,,,24,11880,,,,27,13027,,,,,,,,,,,,,,,,,,,,,,,,,,,,,,,,,
180843,12-Jun-19,12:12:20,2019-06-12 12:12:20,G,4,1,627,135,0,5,-62.4916,-60.7088,12:20.6,FastGPS,-62.4916,-60.7088,,,4.5,-0.4,,,,15,32,1104,,,,10,3064,,,,14,24586,,,,24,2720,,,,17,14866,,,,,,,,,,,,,,,,,,,,,,,,,,,,,,,,,,,,,,,,,,,,,,,,,,,,,
180843,12-Jun-19,13:12:19,2019-06-12 13:12:19,G,2,1,628,135,0,8,-62.4896,-60.7235,12:19.1,FastGPS,-62.4896,-60.7235,,,12.5,-0.9,,,,15,32,21145,,,,31,2391,,,,14,6972,,,,11,5553,,,,1,20511,,,,18,16906,,,,3,23608,,,,22,23783,,,,,,,,,,,,,,,,,,,,,,,,,,,,,,,,,,,,,,
180843,12-Jun-19,21:43:14,2019-06-12 21:43:14,G,2,1,631,135,0,8,-62.4691,-60.77,43:15.1,FastGPS,-62.4691,-60.77,,,6.6,0.1,,,,15,15,22191,,,,30,10496,,,,7,22910,,,,17,2928,,,,11,6870,,,,20,15878,,,,8,1610,,,,28,12186,,,,,,,,,,,,,,,,,,,,,,,,,,,,,,,,,,,,,,
180843,13-Jun-19,1:05:09,2019-06-13 01:05:09,G,2,1,634,,0,9,-62.388,-60.6284,05:09.7,FastGPS,-62.388,-60.6284,,,11.1,-0.3,,,,15,12,5189,,,,24,31385,,,,25,19922,,,,17,7379,,,,32,10568,,,,22,26838,,,,14,16970,,,,1,31572,,,,19,32173,,,,,,,,,,,,,,,,,,,,,,,,,,,,,,,,,
180843,13-Jun-19,3:07:21,2019-06-13 03:07:21,G,6,1,636,136,0,6,-62.3748,-60.6425,07:20.6,FastGPS,-62.3748,-60.6425,,,8,-1.4,,,,15,29,2953,,,,19,10278,,,,6,9458,,,,12,27143,,,,24,4239,,,,31,20049,,,,,,,,,,,,,,,,,,,,,,,,,,,,,,,,,,,,,,,,,,,,,,,,
180843,13-Jun-19,6:11:07,2019-06-13 06:11:07,G,2,1,639,136,0,5,-62.3239,-60.7576,11:07.6,FastGPS,-62.3239,-60.7576,,,2,-0.4,,,,15,26,13412,,,,21,4490,,,,5,13478,,,,31,16425,,,,29,4256,,,,,,,,,,,,,,,,,,,,,,,,,,,,,,,,,,,,,,,,,,,,,,,,,,,,,
180843,13-Jun-19,8:46:53,2019-06-13 08:46:53,G,2,1,641,138,0,7,-62.3779,-60.751,46:53.1,FastGPS,-62.3779,-60.751,,,13.1,-0.9,,,,15,10,31640,,,,27,13638,,,,30,22287,,,,7,11332,,,,16,496,,,,20,6194,,,,13,25640,,,,,,,,,,,,,,,,,,,,,,,,,,,,,,,,,,,,,,,,,,,
180843,13-Jun-19,10:48:53,2019-06-13 10:48:53,G,4,1,643,,0,9,-62.4503,-60.7878,48:54.1,FastGPS,-62.4503,-60.7878,,,6.2,0.1,,,,15,27,26061,,,,32,24329,,,,11,13403,,,,14,31666,,,,8,6574,,,,28,16454,,,,1,6277,,,,18,4220,,,,10,25168,,,,,,,,,,,,,,,,,,,,,,,,,,,,,,,,,
180843,13-Jun-19,12:49:03,2019-06-13 12:49:03,G,6,1,645,,0,9,-62.4673,-60.8318,49:04.2,FastGPS,-62.4673,-60.8318,,,16,0.2,,,,15,32,17848,,,,14,32590,,,,31,6327,,,,18,9924,,,,17,13774,,,,8,1995,,,,11,30098,,,,3,9383,,,,22,3653,,,,,,,,,,,,,,,,,,,,,,,,,,,,,,,,,
180843,14-Jun-19,18:13:38,2019-06-14 18:13:38,G,2,1,648,138,0,5,-62.3736,-60.6804,29:02.2,FastGPS,-62.4518,-60.7873,,1,1,-0.4,,,,15,5,28160,,,,23,22912,,,,7,3581,,,,26,10270,,,,4,17761,,,,,,,,,,,,,,,,,,,,,,,,,,,,,,,,,,,,,,,,,,,,,,,,,,,,,
180843,14-Jun-19,19:43:02,2019-06-14 19:43:02,G,4,1,649,,0,9,-62.4145,-60.8106,43:02.2,FastGPS,-62.4145,-60.8106,,1,6.5,-0.8,,,,15,27,560,,,,8,1986,,,,9,25516,,,,7,1044,,,,28,32698,,,,4,29419,,,,5,14903,,,,30,23877,,,,13,27946,,,,,,,,,,,,,,,,,,,,,,,,,,,,,,,,,
180843,14-Jun-19,20:45:58,2019-06-14 20:45:58,G,2,1,650,139,0,8,-62.3751,-60.7828,45:58.7,FastGPS,-62.3751,-60.7828,,1,15.5,-0.3,,,,15,27,15016,,,,28,6922,,,,15,23939,,,,4,31734,,,,13,22028,,,,30,12046,,,,7,11260,,,,8,15383,,,,,,,,,,,,,,,,,,,,,,,,,,,,,,,,,,,,,,
180843,15-Jun-19,2:24:07,2019-06-15 02:24:07,G,4,1,655,,0,9,-62.3597,-60.7174,24:06.7,FastGPS,-62.3597,-60.7174,,,10.1,-1.3,,,,15,29,31401,,,,32,14745,,,,12,19230,,,,25,16963,,,,31,30955,,,,14,12592,,,,24,19654,,,,3,12212,,,,17,2098,,,,,,,,,,,,,,,,,,,,,,,,,,,,,,,,,
180843,15-Jun-19,3:29:07,2019-06-15 03:29:07,G,4,1,656,141,0,4,-62.4518,-60.7873,13:38.6,FastGPS,-62.3477,-60.7222,,,0.3,-1.3,,,,15,12,6916,,,,2,6760,,,,25,16546,,,,29,30024,,,,,,,,,,,,,,,,,,,,,,,,,,,,,,,,,,,,,,,,,,,,,,,,,,,,,,,,,,
180843,15-Jun-19,4:29:01,2019-06-15 04:29:01,G,2,1,657,141,0,8,-62.3736,-60.6804,29:02.2,FastGPS,-62.3736,-60.6804,,,6.4,0.2,,,,15,31,15451,,,,29,8149,,,,2,19242,,,,23,15576,,,,26,22507,,,,25,2628,,,,9,8730,,,,6,12389,,,,,,,,,,,,,,,,,,,,,,,,,,,,,,,,,,,,,,
180843,15-Jun-19,5:34:58,2019-06-15 05:34:58,G,4,1,658,141,0,6,-62.3698,-60.6785,34:59.2,FastGPS,-62.3698,-60.6785,,,7.4,0.2,,,,15,5,28725,,,,29,4592,,,,25,28093,,,,21,14389,,,,31,4196,,,,2,19438,,,,,,,,,,,,,,,,,,,,,,,,,,,,,,,,,,,,,,,,,,,,,,,,
180843,15-Jun-19,9:12:25,2019-06-15 09:12:25,G,2,1,661,143,0,7,-62.3452,-60.6806,12:25.7,FastGPS,-62.3452,-60.6806,,,19.3,-0.3,,,,15,8,1573,,,,18,32527,,,,10,14133,,,,27,27213,,,,21,28757,,,,20,27528,,,,16,19961,,,,,,,,,,,,,,,,,,,,,,,,,,,,,,,,,,,,,,,,,,,
180843,15-Jun-19,10:12:58,2019-06-15 10:12:58,G,6,1,662,143,0,8,-62.3465,-60.6868,12:58.7,FastGPS,-62.3465,-60.6868,,,6.8,-0.3,,,,15,32,26631,,,,20,10453,,,,27,7093,,,,24,31604,,,,10,19160,,,,8,7265,,,,15,201,,,,21,31856,,,,,,,,,,,,,,,,,,,,,,,,,,,,,,,,,,,,,,
180843,15-Jun-19,11:32:07,2019-06-15 11:32:07,G,2,1,663,,0,9,-62.3511,-60.6918,32:07.7,FastGPS,-62.3511,-60.6918,,,13.4,-0.3,,,,15,22,22787,,,,1,30744,,,,18,31220,,,,8,6480,,,,11,13623,,,,14,26594,,,,28,5773,,,,32,30841,,,,24,18057,,,,,,,,,,,,,,,,,,,,,,,,,,,,,,,,,
180843,15-Jun-19,13:32:06,2019-06-15 13:32:06,G,2,1,665,144,0,8,-62.4206,-60.7016,32:06.7,FastGPS,-62.4206,-60.7016,,,13.5,-0.3,,,,15,17,5024,,,,1,3733,,,,23,23902,,,,3,28786,,,,12,24852,,,,11,32026,,,,18,6832,,,,22,7136,,,,,,,,,,,,,,,,,,,,,,,,,,,,,,,,,,,,,,
180843,15-Jun-19,19:23:46,2019-06-15 19:23:46,G,2,1,668,144,0,8,-62.4151,-60.5976,23:46.7,FastGPS,-62.4151,-60.5976,,1,4.4,-0.3,,,,15,7,24853,,,,9,12725,,,,8,6223,,,,30,30940,,,,4,2201,,,,5,12862,,,,27,6119,,,,28,4143,,,,,,,,,,,,,,,,,,,,,,,,,,,,,,,,,,,,,,
180843,15-Jun-19,22:06:11,2019-06-15 22:06:11,G,2,1,670,144,0,6,-62.3942,-60.7119,06:11.2,FastGPS,-62.3942,-60.7119,,,9,-0.8,,,,15,15,31280,,,,13,17368,,,,24,20787,,,,28,11571,,,,20,1646,,,,11,12685,,,,,,,,,,,,,,,,,,,,,,,,,,,,,,,,,,,,,,,,,,,,,,,,
180843,16-Jun-19,1:06:01,2019-06-16 01:06:01,G,8,1,673,144,0,8,-62.4279,-60.6591,06:01.2,FastGPS,-62.4279,-60.6591,,,8.7,-0.8,,,,15,12,5396,,,,17,31121,,,,32,30616,,,,3,20890,,,,22,8167,,,,24,12995,,,,6,25323,,,,19,15227,,,,,,,,,,,,,,,,,,,,,,,,,,,,,,,,,,,,,,
180843,16-Jun-19,2:06:34,2019-06-16 02:06:34,G,2,1,674,144,0,7,-62.452,-60.6115,06:34.7,FastGPS,-62.452,-60.6115,,,9.3,-0.3,,,,15,12,26703,,,,17,10438,,,,31,8849,,,,3,29399,,,,6,1650,,,,19,31440,,,,22,8665,,,,,,,,,,,,,,,,,,,,,,,,,,,,,,,,,,,,,,,,,,,
180843,16-Jun-19,4:37:15,2019-06-16 04:37:15,G,4,1,676,146,0,6,-62.451,-60.5894,37:15.2,FastGPS,-62.451,-60.5894,,,2.9,-0.8,,,,15,29,31198,,,,25,18422,,,,31,14114,,,,26,22366,,,,12,22938,,,,21,20790,,,,,,,,,,,,,,,,,,,,,,,,,,,,,,,,,,,,,,,,,,,,,,,,
180843,16-Jun-19,5:37:00,2019-06-16 05:37:00,G,2,1,677,,0,9,-62.4668,-60.5023,37:00.7,FastGPS,-62.4668,-60.5023,,1,3.7,-0.3,,,,15,26,9125,,,,5,22576,,,,9,5044,,,,16,4371,,,,4,20084,,,,2,14711,,,,21,905,,,,31,3504,,,,29,18402,,,,,,,,,,,,,,,,,,,,,,,,,,,,,,,,,
180843,16-Jun-19,7:37:13,2019-06-16 07:37:13,G,6,1,679,146,0,4,-62.451,-60.5894,37:15.2,FastGPS,-62.3794,-60.4133,,,0.1,-0.8,,,,15,15,9229,,,,29,16666,,,,21,17255,,,,16,14669,,,,,,,,,,,,,,,,,,,,,,,,,,,,,,,,,,,,,,,,,,,,,,,,,,,,,,,,,,
180843,16-Jun-19,8:53:05,2019-06-16 08:53:05,G,4,1,680,147,0,4,-62.3794,-60.4133,37:13.2,FastGPS,-62.3103,-60.3934,,,0.4,0.2,,,,15,15,12998,,,,21,30573,,,,13,18460,,,,10,13832,,,,,,,,,,,,,,,,,,,,,,,,,,,,,,,,,,,,,,,,,,,,,,,,,,,,,,,,,,
180843,16-Jun-19,10:53:04,2019-06-16 10:53:04,G,2,1,682,,0,9,-62.2338,-60.2675,53:04.7,FastGPS,-62.2338,-60.2675,,,15,-0.3,,,,15,10,29399,,,,20,10914,,,,24,18285,,,,32,28874,,,,18,19046,,,,8,20962,,,,14,25710,,,,27,2934,,,,1,14435,,,,,,,,,,,,,,,,,,,,,,,,,,,,,,,,,
180843,16-Jun-19,23:06:20,2019-06-16 23:06:20,G,2,1,692,152,0,5,-62.2227,-60.3804,06:20.2,FastGPS,-62.2227,-60.3804,,,6.1,-0.8,,,,15,17,3443,,,,19,22584,,,,28,11614,,,,13,22966,,,,12,5882,,,,,,,,,,,,,,,,,,,,,,,,,,,,,,,,,,,,,,,,,,,,,,,,,,,,,
180843,17-Jun-19,2:33:50,2019-06-17 02:33:50,G,2,1,695,153,0,8,-62.1996,-60.4301,33:50.7,FastGPS,-62.1996,-60.4301,,,12.8,-0.3,,,,15,29,26496,,,,32,7324,,,,12,18358,,,,31,18393,,,,25,5781,,,,14,30422,,,,3,28369,,,,2,21296,,,,,,,,,,,,,,,,,,,,,,,,,,,,,,,,,,,,,,
180843,17-Jun-19,5:55:32,2019-06-17 05:55:32,G,2,1,698,154,0,6,-62.2761,-60.4503,55:32.2,FastGPS,-62.2761,-60.4503,,1,1,-0.8,,,,15,26,27153,,,,4,1618,,,,21,20134,,,,16,9621,,,,29,17479,,,,9,17330,,,,,,,,,,,,,,,,,,,,,,,,,,,,,,,,,,,,,,,,,,,,,,,,
180843,17-Jun-19,9:38:51,2019-06-17 09:38:51,G,4,1,701,155,0,5,-62.1923,-60.1813,38:52.2,FastGPS,-62.1923,-60.1813,,,1.1,0.2,,,,15,18,5304,,,,27,32155,,,,8,14416,,,,10,25696,,,,11,6320,,,,,,,,,,,,,,,,,,,,,,,,,,,,,,,,,,,,,,,,,,,,,,,,,,,,,
180843,17-Jun-19,12:42:08,2019-06-17 12:42:08,G,2,1,704,155,0,7,-62.1497,-60.2251,42:09.2,FastGPS,-62.1497,-60.2251,,,2.9,0.2,,,,15,17,4977,,,,3,14736,,,,1,14997,,,,11,21607,,,,22,30680,,,,18,2124,,,,32,5958,,,,,,,,,,,,,,,,,,,,,,,,,,,,,,,,,,,,,,,,,,,
180843,17-Jun-19,15:50:19,2019-06-17 15:50:19,G,6,1,,,,2,,,,,,,,,,,,,,15,24,0,,,,32,0,,,,,,,,,,,,,,,,,,,,,,,,,,,,,,,,,,,,,,,,,,,,,,,,,,,,,,,,,,,,,,,,,,,,
180843,17-Jun-19,22:21:14,2019-06-17 22:21:14,G,2,1,713,155,0,8,-62.1532,-60.1994,21:14.7,FastGPS,-62.1532,-60.1994,,,5.6,-0.3,,,,15,17,14890,,,,19,11893,,,,1,13507,,,,28,17161,,,,30,27643,,,,11,20754,,,,13,28512,,,,15,3955,,,,,,,,,,,,,,,,,,,,,,,,,,,,,,,,,,,,,,
180843,18-Jun-19,0:23:00,2019-06-18 00:23:00,G,4,1,715,,0,9,-62.1459,-60.2377,23:00.7,FastGPS,-62.1459,-60.2377,,,14.1,-0.3,,,,15,17,2574,,,,12,10468,,,,15,15306,,,,32,29252,,,,24,16342,,,,1,30947,,,,10,8110,,,,25,25644,,,,19,15974,,,,,,,,,,,,,,,,,,,,,,,,,,,,,,,,,
180843,18-Jun-19,2:03:22,2019-06-18 02:03:22,G,4,1,716,157,0,7,-62.161,-60.2505,03:23.2,FastGPS,-62.161,-60.2505,,,9.6,0.2,,,,15,6,17478,,,,29,8107,,,,2,4597,,,,24,9944,,,,19,25735,,,,12,7013,,,,25,9210,,,,,,,,,,,,,,,,,,,,,,,,,,,,,,,,,,,,,,,,,,,
180843,18-Jun-19,3:08:07,2019-06-18 03:08:07,G,4,1,717,157,0,5,-62.1631,-60.2765,08:08.2,FastGPS,-62.1631,-60.2765,,,6,0.2,,,,15,12,20260,,,,2,26982,,,,29,20785,,,,25,587,,,,6,27182,,,,,,,,,,,,,,,,,,,,,,,,,,,,,,,,,,,,,,,,,,,,,,,,,,,,,
180843,18-Jun-19,5:42:09,2019-06-18 05:42:09,G,2,1,719,158,0,6,-62.1828,-60.423,42:10.2,FastGPS,-62.1828,-60.423,,,6.2,0.2,,,,15,29,114,,,,21,6274,,,,5,26912,,,,16,32103,,,,31,24743,,,,26,7809,,,,,,,,,,,,,,,,,,,,,,,,,,,,,,,,,,,,,,,,,,,,,,,,
180843,18-Jun-19,10:41:05,2019-06-18 10:41:05,G,2,1,723,,0,9,-62.2089,-60.5369,41:05.7,FastGPS,-62.2089,-60.5369,,,9.3,-0.3,,,,15,10,7395,,,,18,13012,,,,32,18572,,,,11,23373,,,,20,26465,,,,22,20287,,,,27,21047,,,,8,31382,,,,14,9224,,,,,,,,,,,,,,,,,,,,,,,,,,,,,,,,,
180843,18-Jun-19,16:48:58,2019-06-18 16:48:58,G,6,1,724,,0,9,-62.2333,-60.4921,48:58.2,FastGPS,-62.2333,-60.4921,,1,8.4,-0.8,,,,15,23,29008,,,,2,30519,,,,26,30292,,,,5,23026,,,,4,3677,,,,9,17610,,,,29,19742,,,,7,28272,,,,16,6326,,,,,,,,,,,,,,,,,,,,,,,,,,,,,,,,,
180843,18-Jun-19,18:05:17,2019-06-18 18:05:17,G,2,1,725,160,0,6,-62.2266,-60.4991,05:17.7,FastGPS,-62.2266,-60.4991,,1,7.8,-0.3,,,,15,2,12963,,,,7,28352,,,,30,32086,,,,5,29294,,,,9,3030,,,,4,28952,,,,,,,,,,,,,,,,,,,,,,,,,,,,,,,,,,,,,,,,,,,,,,,,
180843,18-Jun-19,22:07:11,2019-06-18 22:07:11,G,2,1,726,,0,9,-62.2436,-60.536,07:11.2,FastGPS,-62.2436,-60.536,,,13.9,-0.8,,,,15,15,18371,,,,10,5305,,,,11,343,,,,20,10805,,,,18,13710,,,,28,12690,,,,24,22461,,,,30,17643,,,,1,27738,,,,,,,,,,,,,,,,,,,,,,,,,,,,,,,,,
180843,18-Jun-19,23:14:21,2019-06-18 23:14:21,G,2,1,727,,0,9,-62.2342,-60.5266,14:21.7,FastGPS,-62.2342,-60.5266,,,12.1,-0.3,,,,15,17,8424,,,,28,18124,,,,1,30483,,,,18,7127,,,,15,25850,,,,24,26023,,,,19,12586,,,,13,21513,,,,11,21760,,,,,,,,,,,,,,,,,,,,,,,,,,,,,,,,,
180843,19-Jun-19,0:15:08,2019-06-19 00:15:08,G,4,1,728,160,0,5,-62.2378,-60.557,15:08.2,FastGPS,-62.2378,-60.557,,,10.2,-0.8,,,,15,17,26358,,,,19,32024,,,,32,5516,,,,24,1146,,,,1,25222,,,,,,,,,,,,,,,,,,,,,,,,,,,,,,,,,,,,,,,,,,,,,,,,,,,,,
180843,19-Jun-19,1:33:11,2019-06-19 01:33:11,G,2,1,729,161,0,8,-62.2186,-60.5451,33:11.2,FastGPS,-62.2186,-60.5451,,,8,-0.8,,,,15,17,25963,,,,19,14448,,,,24,7371,,,,2,20957,,,,6,23408,,,,22,22178,,,,12,29400,,,,3,5715,,,,,,,,,,,,,,,,,,,,,,,,,,,,,,,,,,,,,,
180843,19-Jun-19,3:45:24,2019-06-19 03:45:24,G,2,1,731,161,0,5,-62.2374,-60.5787,45:23.7,FastGPS,-62.2374,-60.5787,,,6.1,-1.3,,,,15,31,29557,,,,29,9007,,,,23,17811,,,,26,9974,,,,25,27361,,,,,,,,,,,,,,,,,,,,,,,,,,,,,,,,,,,,,,,,,,,,,,,,,,,,,
180843,19-Jun-19,4:48:48,2019-06-19 04:48:48,G,4,1,732,161,0,6,-62.2356,-60.5973,48:48.7,FastGPS,-62.2356,-60.5973,,1,9,-0.3,,,,15,2,10465,,,,4,20588,,,,29,16895,,,,5,9606,,,,25,29026,,,,9,29228,,,,,,,,,,,,,,,,,,,,,,,,,,,,,,,,,,,,,,,,,,,,,,,,
180843,19-Jun-19,7:08:03,2019-06-19 07:08:03,G,2,1,734,162,0,7,-62.2864,-60.6034,08:03.2,FastGPS,-62.2864,-60.6034,,,9.2,-0.8,,,,15,27,17169,,,,16,19796,,,,26,19923,,,,7,30331,,,,21,19058,,,,5,15307,,,,13,1384,,,,,,,,,,,,,,,,,,,,,,,,,,,,,,,,,,,,,,,,,,,
180843,19-Jun-19,8:11:12,2019-06-19 08:11:12,G,2,1,735,,0,9,-62.3292,-60.6699,11:11.7,FastGPS,-62.3292,-60.6699,,,15.4,-1.3,,,,15,10,24721,,,,26,14148,,,,7,9137,,,,16,2514,,,,8,11519,,,,27,26572,,,,20,27720,,,,30,24659,,,,21,10300,,,,,,,,,,,,,,,,,,,,,,,,,,,,,,,,,
180843,19-Jun-19,9:26:32,2019-06-19 09:26:32,G,4,1,736,163,0,7,-62.3826,-60.6828,26:32.2,FastGPS,-62.3826,-60.6828,,,5.6,-0.8,,,,15,18,22077,,,,27,2649,,,,8,6559,,,,11,23285,,,,10,19848,,,,20,17018,,,,15,14321,,,,,,,,,,,,,,,,,,,,,,,,,,,,,,,,,,,,,,,,,,,
180843,19-Jun-19,10:26:01,2019-06-19 10:26:01,G,4,1,737,163,0,7,-62.3762,-60.6781,26:01.2,FastGPS,-62.3762,-60.6781,,,6.6,-0.8,,,,15,10,22202,,,,14,8409,,,,8,5370,,,,27,20265,,,,32,1072,,,,20,24813,,,,22,20548,,,,,,,,,,,,,,,,,,,,,,,,,,,,,,,,,,,,,,,,,,,
180843,19-Jun-19,11:28:16,2019-06-19 11:28:16,G,4,1,738,163,0,7,-62.3792,-60.6883,28:16.2,FastGPS,-62.3792,-60.6883,,,5.2,-0.8,,,,15,32,4898,,,,14,26796,,,,27,19449,,,,10,10106,,,,24,974,,,,18,32167,,,,8,17114,,,,,,,,,,,,,,,,,,,,,,,,,,,,,,,,,,,,,,,,,,,
180843,19-Jun-19,12:28:00,2019-06-19 12:28:00,G,6,1,739,,0,9,-62.3822,-60.6735,28:00.2,FastGPS,-62.3822,-60.6735,,,9.4,-0.8,,,,15,3,2144,,,,1,21174,,,,11,7076,,,,22,25498,,,,17,2417,,,,32,25453,,,,18,19766,,,,14,16021,,,,19,24360,,,,,,,,,,,,,,,,,,,,,,,,,,,,,,,,,
180843,19-Jun-19,13:28:36,2019-06-19 13:28:36,G,2,1,740,,0,9,-62.4203,-60.6952,28:36.7,FastGPS,-62.4203,-60.6952,,,12.7,-0.3,,,,15,3,6921,,,,17,15539,,,,22,26553,,,,23,12233,,,,1,28541,,,,11,7841,,,,31,24573,,,,19,15319,,,,18,13184,,,,,,,,,,,,,,,,,,,,,,,,,,,,,,,,,
180843,19-Jun-19,14:28:01,2019-06-19 14:28:01,G,2,1,741,,0,9,-62.4662,-60.7837,28:00.7,FastGPS,-62.4662,-60.7837,,,11.1,-1.3,,,,15,31,13884,,,,23,22232,,,,17,22239,,,,19,24424,,,,6,29434,,,,3,30139,,,,25,13805,,,,12,2484,,,,9,17263,,,,,,,,,,,,,,,,,,,,,,,,,,,,,,,,,
180843,19-Jun-19,21:01:55,2019-06-19 21:01:55,G,2,1,745,,0,9,-62.4154,-60.7508,01:55.2,FastGPS,-62.4154,-60.7508,,,7,-0.8,,,,15,7,23961,,,,27,13287,,,,30,27474,,,,20,26390,,,,8,31931,,,,15,25792,,,,13,9010,,,,5,19289,,,,11,14073,,,,,,,,,,,,,,,,,,,,,,,,,,,,,,,,,
180843,19-Jun-19,22:04:13,2019-06-19 22:04:13,G,2,1,746,,0,9,-62.3933,-60.6679,04:13.7,FastGPS,-62.3933,-60.6679,,,12.2,-0.3,,,,15,15,10922,,,,1,23411,,,,18,8085,,,,10,1402,,,,11,25899,,,,20,4018,,,,17,10216,,,,8,29306,,,,30,4254,,,,,,,,,,,,,,,,,,,,,,,,,,,,,,,,,
180843,19-Jun-19,23:49:00,2019-06-19 23:49:00,G,4,1,747,166,0,5,-62.3259,-60.7384,49:00.2,FastGPS,-62.3259,-60.7384,,,12,-0.8,,,,15,17,6854,,,,15,31128,,,,28,14025,,,,12,24216,,,,19,3803,,,,,,,,,,,,,,,,,,,,,,,,,,,,,,,,,,,,,,,,,,,,,,,,,,,,,
180843,20-Jun-19,0:49:10,2019-06-20 00:49:10,G,10,1,748,166,0,4,-62.3946,-60.6715,6/19/2019 12:49,NN,-62.2996,-60.8232,,,0.3,-0.5,,,,15,17,2908,,,,19,17704,,,,24,17544,,,,6,26411,,,,,,,,,,,,,,,,,,,,,,,,,,,,,,,,,,,,,,,,,,,,,,,,,,,,,,,,,,
180843,20-Jun-19,1:49:22,2019-06-20 01:49:22,G,4,1,749,166,0,7,-62.3141,-60.8444,49:22.2,FastGPS,-62.3141,-60.8444,,,7.4,-0.8,,,,15,2,29576,,,,17,13189,,,,3,27052,,,,12,25670,,,,19,30987,,,,6,31345,,,,24,17860,,,,,,,,,,,,,,,,,,,,,,,,,,,,,,,,,,,,,,,,,,,
180843,20-Jun-19,4:27:02,2019-06-20 04:27:02,G,4,1,750,172,0,8,-62.36,-60.7918,27:02.7,FastGPS,-62.36,-60.7918,,,5.6,-0.3,,,,15,29,8129,,,,12,1700,,,,5,25451,,,,2,8477,,,,31,12022,,,,26,22505,,,,21,29422,,,,25,9122,,,,,,,,,,,,,,,,,,,,,,,,,,,,,,,,,,,,,,
180843,20-Jun-19,5:27:03,2019-06-20 05:27:03,G,4,1,751,172,0,7,-62.3829,-60.7627,27:03.2,FastGPS,-62.3829,-60.7627,,1,4.8,-0.8,,,,15,26,6071,,,,16,15774,,,,5,4270,,,,4,4899,,,,2,30564,,,,29,21956,,,,21,14683,,,,,,,,,,,,,,,,,,,,,,,,,,,,,,,,,,,,,,,,,,,
180843,20-Jun-19,6:30:09,2019-06-20 06:30:09,G,10,1,752,172,0,4,-62.4634,-60.7865,44:31.3,FastGPS,-62.3766,-60.7763,,,1.2,-0.3,,,,15,5,12169,,,,29,11002,,,,16,28313,,,,13,7994,,,,,,,,,,,,,,,,,,,,,,,,,,,,,,,,,,,,,,,,,,,,,,,,,,,,,,,,,,
180843,20-Jun-19,7:46:09,2019-06-20 07:46:09,G,2,1,753,173,0,8,-62.3753,-60.8138,46:09.2,FastGPS,-62.3753,-60.8138,,,8.4,-0.8,,,,15,7,12996,,,,27,1748,,,,16,15062,,,,30,6637,,,,13,30747,,,,21,19727,,,,20,14582,,,,15,4443,,,,,,,,,,,,,,,,,,,,,,,,,,,,,,,,,,,,,,
180843,20-Jun-19,8:48:07,2019-06-20 08:48:07,G,4,1,754,173,0,6,-62.3693,-60.7884,48:07.7,FastGPS,-62.3693,-60.7884,,,3.5,-0.3,,,,15,15,16086,,,,21,26689,,,,20,10556,,,,10,19220,,,,27,7565,,,,13,2760,,,,,,,,,,,,,,,,,,,,,,,,,,,,,,,,,,,,,,,,,,,,,,,,
180843,20-Jun-19,10:07:18,2019-06-20 10:07:18,G,2,1,755,174,0,6,-62.3694,-60.7482,07:17.7,FastGPS,-62.3694,-60.7482,,,4.9,-1.3,,,,15,10,6889,,,,27,31697,,,,20,1848,,,,32,32673,,,,28,15816,,,,8,10365,,,,,,,,,,,,,,,,,,,,,,,,,,,,,,,,,,,,,,,,,,,,,,,,
180843,20-Jun-19,11:07:09,2019-06-20 11:07:09,G,6,1,756,174,0,6,-62.4071,-60.7686,07:09.3,FastGPS,-62.4071,-60.7686,,,3.9,-0.7,,,,15,18,30641,,,,11,12809,,,,14,13536,,,,1,21108,,,,22,5266,,,,24,24332,,,,,,,,,,,,,,,,,,,,,,,,,,,,,,,,,,,,,,,,,,,,,,,,
180843,20-Jun-19,12:07:00,2019-06-20 12:07:00,G,4,1,757,174,0,6,-62.4381,-60.8295,07:00.2,FastGPS,-62.4381,-60.8295,,,5.1,-0.8,,,,15,17,4259,,,,32,3943,,,,24,27456,,,,19,9257,,,,22,30037,,,,3,19421,,,,,,,,,,,,,,,,,,,,,,,,,,,,,,,,,,,,,,,,,,,,,,,,
180843,20-Jun-19,13:29:03,2019-06-20 13:29:03,G,4,1,758,,0,9,-62.4574,-60.8452,29:02.7,FastGPS,-62.4574,-60.8452,,,11.9,-1.3,,,,15,31,29434,,,,12,21176,,,,14,1598,,,,32,9430,,,,18,23071,,,,19,15895,,,,22,19572,,,,17,5888,,,,1,11832,,,,,,,,,,,,,,,,,,,,,,,,,,,,,,,,,
180843,20-Jun-19,14:29:03,2019-06-20 14:29:03,G,2,1,759,175,0,7,-62.4571,-60.7922,29:03.2,FastGPS,-62.4571,-60.7922,,,7.1,-0.8,,,,15,31,12949,,,,12,25776,,,,14,23854,,,,3,28152,,,,6,16326,,,,22,12794,,,,19,17275,,,,,,,,,,,,,,,,,,,,,,,,,,,,,,,,,,,,,,,,,,,
180843,20-Jun-19,15:29:31,2019-06-20 15:29:31,G,4,1,760,175,0,5,-62.4642,-60.7787,29:31.7,FastGPS,-62.4642,-60.7787,,,8.4,-0.3,,,,15,31,10274,,,,6,26100,,,,9,23034,,,,2,15814,,,,26,5296,,,,,,,,,,,,,,,,,,,,,,,,,,,,,,,,,,,,,,,,,,,,,,,,,,,,,
180843,20-Jun-19,16:44:02,2019-06-20 16:44:02,G,4,1,761,176,0,7,-62.4658,-60.7822,44:02.2,FastGPS,-62.4658,-60.7822,,,5.8,-0.8,,,,15,23,28398,,,,7,18371,,,,16,23243,,,,26,6934,,,,3,22743,,,,6,19237,,,,9,31041,,,,,,,,,,,,,,,,,,,,,,,,,,,,,,,,,,,,,,,,,,,
180843,20-Jun-19,17:44:30,2019-06-20 17:44:30,G,2,1,762,176,0,7,-62.4634,-60.7865,44:31.3,FastGPS,-62.4634,-60.7865,,1,3.2,0.3,,,,15,30,13231,,,,23,19682,,,,16,23350,,,,9,25723,,,,26,4885,,,,7,7463,,,,4,30360,,,,,,,,,,,,,,,,,,,,,,,,,,,,,,,,,,,,,,,,,,,
180843,20-Jun-19,18:59:00,2019-06-20 18:59:00,G,6,1,763,177,0,6,-62.463,-60.7877,59:01.2,FastGPS,-62.463,-60.7877,,,12.8,0.2,,,,15,5,6466,,,,13,29058,,,,30,16469,,,,7,25359,,,,27,23740,,,,21,30296,,,,,,,,,,,,,,,,,,,,,,,,,,,,,,,,,,,,,,,,,,,,,,,,
180843,20-Jun-19,20:15:00,2019-06-20 20:15:00,G,8,1,764,178,0,5,-62.459,-60.7793,15:00.8,FastGPS,-62.459,-60.7793,,,5.3,-0.2,,,,15,15,25744,,,,7,1331,,,,13,3042,,,,8,7631,,,,21,15929,,,,,,,,,,,,,,,,,,,,,,,,,,,,,,,,,,,,,,,,,,,,,,,,,,,,,
180843,20-Jun-19,21:19:19,2019-06-20 21:19:19,G,6,1,765,178,0,5,-62.4512,-60.7547,19:19.2,FastGPS,-62.4512,-60.7547,,,0.7,-0.8,,,,15,20,11356,,,,15,22669,,,,30,29711,,,,13,15274,,,,11,6535,,,,,,,,,,,,,,,,,,,,,,,,,,,,,,,,,,,,,,,,,,,,,,,,,,,,,
180843,20-Jun-19,22:39:41,2019-06-20 22:39:41,G,4,1,766,,0,9,-62.426,-60.705,39:42.2,FastGPS,-62.426,-60.705,,,7.5,0.2,,,,15,10,233,,,,18,23909,,,,24,2323,,,,1,22538,,,,11,31301,,,,20,10965,,,,15,9458,,,,28,6323,,,,17,29733,,,,,,,,,,,,,,,,,,,,,,,,,,,,,,,,,
180843,20-Jun-19,23:40:07,2019-06-20 23:40:07,G,2,1,767,,0,9,-62.4007,-60.6753,40:07.7,FastGPS,-62.4007,-60.6753,,,20,-0.3,,,,15,17,19129,,,,28,15503,,,,1,6724,,,,19,7350,,,,18,18981,,,,11,7848,,,,24,13296,,,,32,14148,,,,15,26639,,,,,,,,,,,,,,,,,,,,,,,,,,,,,,,,,
180843,21-Jun-19,1:40:55,2019-06-21 01:40:55,G,4,1,769,179,0,7,-62.3415,-60.6874,40:55.2,FastGPS,-62.3415,-60.6874,,,7.3,-0.8,,,,15,2,13238,,,,19,16140,,,,17,5063,,,,24,3665,,,,3,30814,,,,6,30718,,,,22,19603,,,,,,,,,,,,,,,,,,,,,,,,,,,,,,,,,,,,,,,,,,,
180843,21-Jun-19,2:41:05,2019-06-21 02:41:05,G,6,1,770,179,0,5,-62.3346,-60.7336,41:06.2,FastGPS,-62.3346,-60.7336,,,8.7,0.2,,,,15,31,21875,,,,6,5652,,,,29,5880,,,,14,21615,,,,25,26587,,,,,,,,,,,,,,,,,,,,,,,,,,,,,,,,,,,,,,,,,,,,,,,,,,,,,
180843,21-Jun-19,3:56:18,2019-06-21 03:56:18,G,4,1,771,180,0,6,-62.3388,-60.7319,56:18.7,FastGPS,-62.3388,-60.7319,,,9.1,-0.3,,,,15,2,26431,,,,29,12674,,,,5,4508,,,,12,13869,,,,25,2067,,,,6,29307,,,,,,,,,,,,,,,,,,,,,,,,,,,,,,,,,,,,,,,,,,,,,,,,
180843,21-Jun-19,4:56:04,2019-06-21 04:56:04,G,2,1,772,,0,9,-62.3346,-60.7813,56:04.2,FastGPS,-62.3346,-60.7813,,1,6.7,-0.8,,,,15,23,12217,,,,9,24071,,,,16,26093,,,,31,23333,,,,26,3005,,,,4,6180,,,,2,26430,,,,5,19338,,,,21,8541,,,,,,,,,,,,,,,,,,,,,,,,,,,,,,,,,
180843,21-Jun-19,7:56:02,2019-06-21 07:56:02,G,2,1,775,180,0,7,-62.3593,-60.7049,56:03.2,FastGPS,-62.3593,-60.7049,,,7.5,0.2,,,,15,30,22816,,,,15,1992,,,,13,5728,,,,20,16326,,,,7,25366,,,,10,28905,,,,27,10989,,,,,,,,,,,,,,,,,,,,,,,,,,,,,,,,,,,,,,,,,,,
180843,21-Jun-19,9:11:02,2019-06-21 09:11:02,G,8,1,776,,0,9,-62.3827,-60.6873,11:03.2,FastGPS,-62.3827,-60.6873,,,10.7,0.2,,,,15,10,21661,,,,30,13737,,,,8,32459,,,,27,19562,,,,11,1328,,,,15,4403,,,,21,28449,,,,20,5259,,,,18,878,,,,,,,,,,,,,,,,,,,,,,,,,,,,,,,,,
180843,21-Jun-19,10:11:00,2019-06-21 10:11:00,G,6,1,777,,0,9,-62.3909,-60.7053,11:00.8,FastGPS,-62.3909,-60.7053,,,6.2,-0.2,,,,15,18,8913,,,,1,3771,,,,11,17262,,,,8,32466,,,,28,26716,,,,27,32119,,,,10,22043,,,,24,24626,,,,20,3367,,,,,,,,,,,,,,,,,,,,,,,,,,,,,,,,,
180843,21-Jun-19,11:26:46,2019-06-21 11:26:46,G,4,1,778,,0,9,-62.3829,-60.7457,26:46.2,FastGPS,-62.3829,-60.7457,,,7.3,-0.8,,,,15,17,30739,,,,22,7872,,,,1,26454,,,,3,152,,,,11,799,,,,18,16638,,,,28,4584,,,,32,23969,,,,24,7698,,,,,,,,,,,,,,,,,,,,,,,,,,,,,,,,,
180843,21-Jun-19,14:00:20,2019-06-21 14:00:20,G,2,1,779,187,0,7,-62.4427,-60.7938,00:20.7,FastGPS,-62.4427,-60.7938,,,4.7,-0.3,,,,15,23,31938,,,,12,14918,,,,6,583,,,,3,15561,,,,31,24587,,,,1,5390,,,,17,2980,,,,,,,,,,,,,,,,,,,,,,,,,,,,,,,,,,,,,,,,,,,
180843,21-Jun-19,15:00:29,2019-06-21 15:00:29,G,10,1,780,187,0,8,-62.4631,-60.7865,00:29.2,FastGPS,-62.4631,-60.7865,,1,9.7,-0.8,,,,15,9,24838,,,,3,24425,,,,23,9200,,,,6,29766,,,,31,12311,,,,4,20599,,,,22,9864,,,,25,2740,,,,,,,,,,,,,,,,,,,,,,,,,,,,,,,,,,,,,,
180843,21-Jun-19,16:03:30,2019-06-21 16:03:30,G,2,1,781,187,0,6,-62.4483,-60.7709,03:30.2,FastGPS,-62.4483,-60.7709,,,9.4,-0.8,,,,15,26,18210,,,,16,6581,,,,31,27820,,,,2,13791,,,,29,17469,,,,3,12291,,,,,,,,,,,,,,,,,,,,,,,,,,,,,,,,,,,,,,,,,,,,,,,,
180843,22-Jun-19,9:20:17,2019-06-22 09:20:17,G,2,1,785,189,0,8,-62.4654,-60.7725,20:16.8,FastGPS,-62.4654,-60.7725,,,11.9,-1.2,,,,15,8,4429,,,,15,22085,,,,18,983,,,,10,10486,,,,11,3170,,,,20,25562,,,,21,9433,,,,27,13488,,,,,,,,,,,,,,,,,,,,,,,,,,,,,,,,,,,,,,
180843,22-Jun-19,10:20:00,2019-06-22 10:20:00,G,2,1,786,189,1,8,-62.4661,-60.7769,19:59.7,FastGPS,-62.4661,-60.7769,,,15.3,-1.3,,,,15,18,24934,,,,1,7685,,,,32,23641,,,,28,26649,,,,8,29135,,,,11,2568,,,,22,17259,,,,14,5471,,,,,,,,,,,,,,,,,,,,,,,,,,,,,,,,,,,,,,
180843,22-Jun-19,18:48:20,2019-06-22 18:48:20,G,4,1,787,189,0,8,-62.4645,-60.7743,48:19.8,FastGPS,-62.4645,-60.7743,,1,17.9,-1.2,,,,15,9,19069,,,,7,19104,,,,27,8751,,,,4,3411,,,,16,19703,,,,8,26089,,,,21,13742,,,,5,28294,,,,,,,,,,,,,,,,,,,,,,,,,,,,,,,,,,,,,,
180843,22-Jun-19,20:14:36,2019-06-22 20:14:36,G,2,1,788,,0,9,-62.446,-60.7608,14:36.3,FastGPS,-62.446,-60.7608,,1,6.3,-0.7,,,,15,7,32141,,,,8,7888,,,,13,16282,,,,30,2570,,,,15,20379,,,,27,3144,,,,4,17895,,,,28,1852,,,,5,12565,,,,,,,,,,,,,,,,,,,,,,,,,,,,,,,,,
180843,22-Jun-19,21:15:38,2019-06-22 21:15:38,G,2,1,789,189,0,7,-62.4188,-60.6703,15:39.3,FastGPS,-62.4188,-60.6703,,,10,0.3,,,,15,11,10147,,,,30,9424,,,,15,26059,,,,20,11719,,,,8,11934,,,,7,6407,,,,18,20408,,,,,,,,,,,,,,,,,,,,,,,,,,,,,,,,,,,,,,,,,,,
180843,22-Jun-19,22:46:12,2019-06-22 22:46:12,G,2,1,790,189,0,8,-62.4092,-60.5699,46:12.8,FastGPS,-62.4092,-60.5699,,,7.4,-0.2,,,,15,17,6711,,,,11,8130,,,,18,15285,,,,19,30910,,,,1,13000,,,,28,23447,,,,15,13671,,,,13,29367,,,,,,,,,,,,,,,,,,,,,,,,,,,,,,,,,,,,,,
180843,23-Jun-19,8:38:17,2019-06-23 08:38:17,G,2,1,792,189,0,7,-62.4373,-60.5759,38:17.3,FastGPS,-62.4373,-60.5759,,,14.5,-0.7,,,,15,10,27498,,,,27,10610,,,,21,21271,,,,18,9512,,,,8,11840,,,,20,12925,,,,16,7054,,,,,,,,,,,,,,,,,,,,,,,,,,,,,,,,,,,,,,,,,,,
180843,23-Jun-19,9:57:00,2019-06-23 09:57:00,G,6,1,793,189,0,7,-62.4357,-60.5865,56:59.8,FastGPS,-62.4357,-60.5865,,,15.7,-1.2,,,,15,27,12648,,,,32,30193,,,,8,29953,,,,11,25017,,,,10,25514,,,,18,17449,,,,28,8750,,,,,,,,,,,,,,,,,,,,,,,,,,,,,,,,,,,,,,,,,,,
180843,23-Jun-19,10:57:52,2019-06-23 10:57:52,G,4,1,794,189,0,8,-62.4502,-60.567,57:51.8,FastGPS,-62.4502,-60.567,,,14.4,-1.2,,,,15,10,29794,,,,24,10369,,,,32,19588,,,,14,10309,,,,8,2676,,,,20,12037,,,,18,19276,,,,11,1533,,,,,,,,,,,,,,,,,,,,,,,,,,,,,,,,,,,,,,
180843,23-Jun-19,11:58:10,2019-06-23 11:58:10,G,6,1,795,,0,9,-62.4419,-60.5758,58:10.3,FastGPS,-62.4419,-60.5758,,,9.3,-0.7,,,,15,32,19204,,,,1,13909,,,,14,14304,,,,22,24856,,,,31,15322,,,,18,10416,,,,3,17351,,,,11,29444,,,,28,15306,,,,,,,,,,,,,,,,,,,,,,,,,,,,,,,,,
180843,23-Jun-19,12:58:09,2019-06-23 12:58:09,G,4,1,796,189,0,8,-62.4647,-60.5399,58:09.3,FastGPS,-62.4647,-60.5399,,,12.5,-0.7,,,,15,31,5123,,,,1,10255,,,,18,16404,,,,17,9825,,,,3,29048,,,,22,11415,,,,32,8103,,,,14,13042,,,,,,,,,,,,,,,,,,,,,,,,,,,,,,,,,,,,,,
180843,23-Jun-19,14:04:26,2019-06-23 14:04:26,G,12,1,797,,0,9,-62.4974,-60.4751,04:26.3,FastGPS,-62.4974,-60.4751,,,9.3,-0.7,,,,15,17,9864,,,,23,26812,,,,12,11608,,,,25,7930,,,,19,29146,,,,31,11782,,,,6,31176,,,,14,9156,,,,32,22307,,,,,,,,,,,,,,,,,,,,,,,,,,,,,,,,,
180843,23-Jun-19,15:07:04,2019-06-23 15:07:04,G,2,1,798,189,0,7,-62.5173,-60.466,07:03.8,FastGPS,-62.5173,-60.466,,,11.1,-1.2,,,,15,31,23799,,,,6,32078,,,,2,23290,,,,9,31938,,,,26,22472,,,,25,22088,,,,23,7990,,,,,,,,,,,,,,,,,,,,,,,,,,,,,,,,,,,,,,,,,,,
180843,23-Jun-19,16:07:55,2019-06-23 16:07:55,G,6,1,799,189,0,8,-62.5375,-60.464,07:54.8,FastGPS,-62.5375,-60.464,,1,15,-1.2,,,,15,23,2606,,,,7,14547,,,,9,12615,,,,4,29266,,,,6,29708,,,,3,14512,,,,16,6764,,,,26,21120,,,,,,,,,,,,,,,,,,,,,,,,,,,,,,,,,,,,,,
180843,23-Jun-19,19:22:28,2019-06-23 19:22:28,G,4,1,801,193,0,5,-62.414,-60.6595,41:46.3,FastGPS,-62.5108,-60.5262,,1,0.3,-0.7,,,,15,7,23759,,,,30,28281,,,,4,4970,,,,9,18536,,,,28,18115,,,,,,,,,,,,,,,,,,,,,,,,,,,,,,,,,,,,,,,,,,,,,,,,,,,,,
180843,23-Jun-19,20:24:46,2019-06-23 20:24:46,G,4,1,802,,0,9,-62.479,-60.5198,24:46.3,FastGPS,-62.479,-60.5198,,1,4.1,-0.7,,,,15,30,7863,,,,8,9826,,,,28,22154,,,,7,8038,,,,13,9380,,,,15,9733,,,,27,2265,,,,5,25778,,,,4,20195,,,,,,,,,,,,,,,,,,,,,,,,,,,,,,,,,
180843,23-Jun-19,21:25:05,2019-06-23 21:25:05,G,2,1,803,193,0,7,-62.4507,-60.5041,25:04.8,FastGPS,-62.4507,-60.5041,,,8,-1.2,,,,15,28,9186,,,,15,15803,,,,11,176,,,,13,25302,,,,30,25607,,,,18,23519,,,,17,19309,,,,,,,,,,,,,,,,,,,,,,,,,,,,,,,,,,,,,,,,,,,
180843,24-Jun-19,0:29:05,2019-06-24 00:29:05,G,8,1,806,193,0,4,-62.414,-60.6595,41:46.3,FastGPS,-62.4135,-60.5737,,,1.7,-0.7,,,,15,17,26768,,,,6,22822,,,,12,7108,,,,19,32252,,,,,,,,,,,,,,,,,,,,,,,,,,,,,,,,,,,,,,,,,,,,,,,,,,,,,,,,,,
180843,24-Jun-19,1:30:46,2019-06-24 01:30:46,G,2,1,807,193,0,8,-62.4278,-60.5562,30:45.8,FastGPS,-62.4278,-60.5562,,,7.5,-1.2,,,,15,6,29489,,,,12,23734,,,,17,26802,,,,19,6103,,,,29,16433,,,,24,24387,,,,2,17942,,,,3,28211,,,,,,,,,,,,,,,,,,,,,,,,,,,,,,,,,,,,,,
180843,24-Jun-19,3:50:26,2019-06-24 03:50:26,G,2,1,808,193,0,7,-62.408,-60.5847,50:25.8,FastGPS,-62.408,-60.5847,,,7.3,-1.2,,,,15,12,10999,,,,5,18237,,,,2,1047,,,,25,13662,,,,6,24989,,,,31,23072,,,,29,11904,,,,,,,,,,,,,,,,,,,,,,,,,,,,,,,,,,,,,,,,,,,
180843,24-Jun-19,6:41:46,2019-06-24 06:41:46,G,2,1,809,195,0,5,-62.414,-60.6595,41:46.3,FastGPS,-62.414,-60.6595,,,1.1,-0.7,,,,15,26,14696,,,,16,30881,,,,20,829,,,,7,6679,,,,21,28344,,,,,,,,,,,,,,,,,,,,,,,,,,,,,,,,,,,,,,,,,,,,,,,,,,,,,
180843,24-Jun-19,7:42:38,2019-06-24 07:42:38,G,2,1,810,195,0,5,-62.4648,-60.7336,42:38.3,FastGPS,-62.4648,-60.7336,,,14.5,-0.7,,,,15,16,14949,,,,27,416,,,,26,7061,,,,8,31960,,,,10,14996,,,,,,,,,,,,,,,,,,,,,,,,,,,,,,,,,,,,,,,,,,,,,,,,,,,,,
180843,24-Jun-19,8:42:00,2019-06-24 08:42:00,G,2,1,811,,0,9,-62.4682,-60.773,41:59.8,FastGPS,-62.4682,-60.773,,,20.7,-1.2,,,,15,15,18619,,,,21,27793,,,,8,11128,,,,20,14651,,,,10,18178,,,,27,18397,,,,30,12025,,,,13,21081,,,,18,18709,,,,,,,,,,,,,,,,,,,,,,,,,,,,,,,,,
180843,24-Jun-19,10:42:00,2019-06-24 10:42:00,G,6,1,813,195,1,6,-62.4682,-60.7734,41:59.8,FastGPS,-62.4682,-60.7734,,,5.9,-1.2,,,,15,10,29803,,,,32,22205,,,,14,21763,,,,20,21147,,,,27,2600,,,,24,3217,,,,,,,,,,,,,,,,,,,,,,,,,,,,,,,,,,,,,,,,,,,,,,,,
180843,24-Jun-19,20:49:14,2019-06-24 20:49:14,G,6,1,814,195,0,6,-62.4681,-60.7689,49:14.3,FastGPS,-62.4681,-60.7689,,,15.1,-0.7,,,,15,18,30644,,,,7,24283,,,,27,19689,,,,15,16451,,,,8,21513,,,,20,13437,,,,,,,,,,,,,,,,,,,,,,,,,,,,,,,,,,,,,,,,,,,,,,,,
180843,24-Jun-19,22:51:07,2019-06-24 22:51:07,G,2,1,816,195,0,6,-62.3938,-60.6229,51:06.8,FastGPS,-62.3938,-60.6229,,,4.3,-1.2,,,,15,17,23662,,,,19,29772,,,,1,13254,,,,11,1863,,,,24,10761,,,,18,21038,,,,,,,,,,,,,,,,,,,,,,,,,,,,,,,,,,,,,,,,,,,,,,,,
180843,24-Jun-19,23:51:35,2019-06-24 23:51:35,G,4,1,817,195,0,6,-62.3888,-60.6291,51:34.8,FastGPS,-62.3888,-60.6291,,,10,-1.2,,,,15,12,14826,,,,15,5315,,,,24,27796,,,,32,6156,,,,17,20328,,,,19,26077,,,,,,,,,,,,,,,,,,,,,,,,,,,,,,,,,,,,,,,,,,,,,,,,
180843,25-Jun-19,1:23:05,2019-06-25 01:23:05,G,6,1,818,197,0,7,-62.3933,-60.6149,23:04.8,FastGPS,-62.3933,-60.6149,,,2.5,-1.2,,,,15,12,29400,,,,25,31020,,,,32,55,,,,31,15739,,,,14,29737,,,,22,26679,,,,17,18034,,,,,,,,,,,,,,,,,,,,,,,,,,,,,,,,,,,,,,,,,,,
180843,25-Jun-19,2:23:06,2019-06-25 02:23:06,G,4,1,819,197,0,8,-62.4046,-60.603,23:05.8,FastGPS,-62.4046,-60.603,,,13.3,-1.2,,,,15,29,19025,,,,31,5957,,,,32,30882,,,,12,17722,,,,14,14847,,,,25,12832,,,,2,3325,,,,6,30868,,,,,,,,,,,,,,,,,,,,,,,,,,,,,,,,,,,,,,
180843,25-Jun-19,3:42:10,2019-06-25 03:42:10,G,2,1,820,198,0,5,-62.3918,-60.6454,42:09.8,FastGPS,-62.3918,-60.6454,,,12.4,-1.2,,,,15,31,2871,,,,29,16325,,,,25,31801,,,,12,5081,,,,26,15409,,,,,,,,,,,,,,,,,,,,,,,,,,,,,,,,,,,,,,,,,,,,,,,,,,,,,
180843,25-Jun-19,4:59:15,2019-06-25 04:59:15,G,2,1,821,199,0,4,-62.383,-60.7151,51:27.2,FastGPS,-62.3861,-60.6728,,,1.2,-0.8,,,,15,16,18135,,,,29,2742,,,,26,23622,,,,5,3706,,,,,,,,,,,,,,,,,,,,,,,,,,,,,,,,,,,,,,,,,,,,,,,,,,,,,,,,,,
180843,25-Jun-19,6:51:27,2019-06-25 06:51:27,G,2,1,822,202,0,4,-62.4414,-60.768,30:54.3,FastGPS,-62.383,-60.7151,,,0.3,-0.8,,,,15,15,25018,,,,7,13650,,,,21,31752,,,,13,31003,,,,,,,,,,,,,,,,,,,,,,,,,,,,,,,,,,,,,,,,,,,,,,,,,,,,,,,,,,
180843,25-Jun-19,7:52:58,2019-06-25 07:52:58,G,2,1,823,202,0,5,-62.3898,-60.6803,52:58.3,FastGPS,-62.3898,-60.6803,,,5.9,-0.7,,,,15,10,9188,,,,27,150,,,,13,25426,,,,21,19515,,,,30,18546,,,,,,,,,,,,,,,,,,,,,,,,,,,,,,,,,,,,,,,,,,,,,,,,,,,,,
180843,25-Jun-19,8:54:22,2019-06-25 08:54:22,G,4,1,824,202,0,7,-62.392,-60.6977,54:21.8,FastGPS,-62.392,-60.6977,,,10.5,-1.2,,,,15,10,25722,,,,20,10424,,,,21,2687,,,,27,24203,,,,15,9833,,,,32,20720,,,,8,2794,,,,,,,,,,,,,,,,,,,,,,,,,,,,,,,,,,,,,,,,,,,
180843,25-Jun-19,11:04:42,2019-06-25 11:04:42,G,2,1,826,202,0,8,-62.4104,-60.7509,04:41.8,FastGPS,-62.4104,-60.7509,,,7,-1.2,,,,15,17,32422,,,,28,15152,,,,14,7064,,,,32,16516,,,,11,27071,,,,22,12044,,,,18,10556,,,,8,25373,,,,,,,,,,,,,,,,,,,,,,,,,,,,,,,,,,,,,,
180843,25-Jun-19,12:05:11,2019-06-25 12:05:11,G,6,1,827,,0,9,-62.4469,-60.8459,05:10.8,FastGPS,-62.4469,-60.8459,,,10.1,-1.2,,,,15,17,977,,,,19,27115,,,,11,31484,,,,22,22813,,,,31,7079,,,,1,16387,,,,18,10915,,,,12,32174,,,,14,10250,,,,,,,,,,,,,,,,,,,,,,,,,,,,,,,,,
180843,25-Jun-19,13:07:16,2019-06-25 13:07:16,G,6,1,828,202,0,8,-62.4666,-60.8422,07:15.8,FastGPS,-62.4666,-60.8422,,,9.1,-1.2,,,,15,12,19214,,,,17,6362,,,,32,11975,,,,3,4855,,,,25,1042,,,,31,25113,,,,19,13526,,,,1,13377,,,,,,,,,,,,,,,,,,,,,,,,,,,,,,,,,,,,,,
180843,25-Jun-19,14:13:27,2019-06-25 14:13:27,G,2,1,829,202,0,8,-62.4558,-60.7952,13:26.8,FastGPS,-62.4558,-60.7952,,,15.3,-1.2,,,,15,31,6175,,,,3,21392,,,,23,20906,,,,6,30333,,,,19,5082,,,,22,30236,,,,25,12143,,,,26,4003,,,,,,,,,,,,,,,,,,,,,,,,,,,,,,,,,,,,,,
180843,25-Jun-19,15:30:54,2019-06-25 15:30:54,G,10,1,830,203,0,5,-62.3924,-60.729,33:59.3,FastGPS,-62.4414,-60.768,,1,0.8,-0.7,,,,15,23,30923,,,,3,21697,,,,31,3218,,,,4,8422,,,,6,28851,,,,,,,,,,,,,,,,,,,,,,,,,,,,,,,,,,,,,,,,,,,,,,,,,,,,,
180843,25-Jun-19,16:31:53,2019-06-25 16:31:53,G,6,1,831,203,0,6,-62.4159,-60.7359,31:53.4,FastGPS,-62.4159,-60.7359,,,1.5,-0.6,,,,15,23,15020,,,,29,14062,,,,26,13477,,,,9,17319,,,,2,15589,,,,3,360,,,,,,,,,,,,,,,,,,,,,,,,,,,,,,,,,,,,,,,,,,,,,,,,
180843,25-Jun-19,17:33:59,2019-06-25 17:33:59,G,8,1,832,203,0,5,-62.3694,-60.6426,42:36.8,FastGPS,-62.3924,-60.729,,1,1,-0.7,,,,15,5,15408,,,,7,16553,,,,30,11415,,,,2,18078,,,,4,22616,,,,,,,,,,,,,,,,,,,,,,,,,,,,,,,,,,,,,,,,,,,,,,,,,,,,,
180843,25-Jun-19,18:38:41,2019-06-25 18:38:41,G,8,1,833,,0,9,-62.3722,-60.7069,38:40.8,FastGPS,-62.3722,-60.7069,,1,11.5,-1.2,,,,15,7,2695,,,,21,5827,,,,8,23264,,,,5,15456,,,,9,29452,,,,27,358,,,,4,17432,,,,13,5904,,,,16,28492,,,,,,,,,,,,,,,,,,,,,,,,,,,,,,,,,
180843,25-Jun-19,19:42:37,2019-06-25 19:42:37,G,12,1,834,203,0,6,-62.3694,-60.6426,42:36.8,FastGPS,-62.3694,-60.6426,,1,2.6,-1.2,,,,15,5,66,,,,21,19984,,,,15,24741,,,,30,22103,,,,13,23186,,,,4,30943,,,,,,,,,,,,,,,,,,,,,,,,,,,,,,,,,,,,,,,,,,,,,,,,
180843,25-Jun-19,22:02:09,2019-06-25 22:02:09,G,2,1,836,204,0,8,-62.3723,-60.5867,02:09.3,FastGPS,-62.3723,-60.5867,,,3.2,-0.7,,,,15,15,17911,,,,17,21453,,,,13,5412,,,,19,25043,,,,30,21613,,,,24,24688,,,,20,28360,,,,10,12918,,,,,,,,,,,,,,,,,,,,,,,,,,,,,,,,,,,,,,
180843,26-Jun-19,0:17:16,2019-06-26 00:17:16,G,6,1,838,205,0,5,-62.3615,-60.6174,17:15.7,FastGPS,-62.3615,-60.6174,,,3.7,-1.3,,,,15,17,30983,,,,19,28872,,,,12,23454,,,,2,16630,,,,6,2088,,,,,,,,,,,,,,,,,,,,,,,,,,,,,,,,,,,,,,,,,,,,,,,,,,,,,
180843,26-Jun-19,2:49:15,2019-06-26 02:49:15,G,8,1,840,207,0,5,-62.3785,-60.6328,49:14.8,FastGPS,-62.3785,-60.6328,,,8.1,-1.2,,,,15,29,8833,,,,12,21843,,,,25,15679,,,,2,5381,,,,31,2325,,,,,,,,,,,,,,,,,,,,,,,,,,,,,,,,,,,,,,,,,,,,,,,,,,,,,
180843,26-Jun-19,3:51:11,2019-06-26 03:51:11,G,10,1,841,207,0,8,-62.3576,-60.6745,51:11.3,FastGPS,-62.3576,-60.6745,,1,4,-0.7,,,,15,29,11637,,,,31,5648,,,,9,22532,,,,23,8703,,,,25,17232,,,,5,4243,,,,4,5543,,,,6,6090,,,,,,,,,,,,,,,,,,,,,,,,,,,,,,,,,,,,,,
180843,26-Jun-19,4:51:54,2019-06-26 04:51:54,G,10,1,842,207,0,6,-62.367,-60.6138,51:54.8,FastGPS,-62.367,-60.6138,,1,5.2,-0.2,,,,15,31,16633,,,,26,31608,,,,16,19485,,,,29,23747,,,,21,9706,,,,4,12878,,,,,,,,,,,,,,,,,,,,,,,,,,,,,,,,,,,,,,,,,,,,,,,,
180843,26-Jun-19,5:52:16,2019-06-26 05:52:16,G,6,1,843,207,0,8,-62.3785,-60.5924,52:16.3,FastGPS,-62.3785,-60.5924,,1,14.4,-0.7,,,,15,26,924,,,,16,17232,,,,27,4926,,,,7,5139,,,,5,1457,,,,21,3464,,,,4,24860,,,,29,13717,,,,,,,,,,,,,,,,,,,,,,,,,,,,,,,,,,,,,,
180843,26-Jun-19,6:53:53,2019-06-26 06:53:53,G,4,1,844,207,0,8,-62.3778,-60.6179,53:54.3,FastGPS,-62.3778,-60.6179,,,15.5,0.3,,,,15,20,28119,,,,29,25909,,,,10,21756,,,,13,28509,,,,15,29966,,,,21,14884,,,,7,30965,,,,5,20679,,,,,,,,,,,,,,,,,,,,,,,,,,,,,,,,,,,,,,
180843,26-Jun-19,7:54:00,2019-06-26 07:54:00,G,6,1,845,207,0,8,-62.3723,-60.6069,54:01.3,FastGPS,-62.3723,-60.6069,,,8.5,0.3,,,,15,7,2622,,,,10,24487,,,,8,14807,,,,27,5444,,,,16,21163,,,,30,13283,,,,15,12139,,,,13,16975,,,,,,,,,,,,,,,,,,,,,,,,,,,,,,,,,,,,,,
180843,26-Jun-19,8:54:01,2019-06-26 08:54:01,G,2,1,846,207,0,6,-62.3755,-60.5987,54:01.8,FastGPS,-62.3755,-60.5987,,,10,-0.2,,,,15,10,9593,,,,20,17434,,,,27,85,,,,15,15850,,,,32,20442,,,,16,19097,,,,,,,,,,,,,,,,,,,,,,,,,,,,,,,,,,,,,,,,,,,,,,,,
180843,26-Jun-19,10:12:00,2019-06-26 10:12:00,G,6,1,847,,0,9,-62.3384,-60.6797,12:00.3,FastGPS,-62.3384,-60.6797,,,7.7,-0.7,,,,15,1,23101,,,,11,4742,,,,18,26260,,,,8,29556,,,,32,2865,,,,22,5992,,,,14,28951,,,,27,8287,,,,24,23940,,,,,,,,,,,,,,,,,,,,,,,,,,,,,,,,,
180843,26-Jun-19,11:13:52,2019-06-26 11:13:52,G,6,1,848,208,0,5,-62.3237,-60.7147,13:51.8,FastGPS,-62.3237,-60.7147,,,1.4,-1.2,,,,15,32,1548,,,,10,6700,,,,14,22556,,,,24,4000,,,,8,15868,,,,,,,,,,,,,,,,,,,,,,,,,,,,,,,,,,,,,,,,,,,,,,,,,,,,,
180843,26-Jun-19,12:16:11,2019-06-26 12:16:11,G,10,1,849,,0,9,-62.3399,-60.6846,16:10.8,FastGPS,-62.3399,-60.6846,,,8.2,-1.2,,,,15,17,26381,,,,12,6543,,,,32,8390,,,,3,16779,,,,19,8085,,,,22,17219,,,,31,2764,,,,1,13760,,,,14,695,,,,,,,,,,,,,,,,,,,,,,,,,,,,,,,,,
180843,26-Jun-19,13:20:09,2019-06-26 13:20:09,G,6,1,850,,0,9,-62.3556,-60.6575,20:09.3,FastGPS,-62.3556,-60.6575,,,12.1,-0.7,,,,15,12,2824,,,,17,26658,,,,19,6299,,,,32,22361,,,,31,10073,,,,25,23088,,,,22,23208,,,,6,19051,,,,3,10403,,,,,,,,,,,,,,,,,,,,,,,,,,,,,,,,,
180843,26-Jun-19,14:30:20,2019-06-26 14:30:20,G,4,1,851,208,0,6,-62.3559,-60.5848,30:20.3,FastGPS,-62.3559,-60.5848,,,7.2,-0.7,,,,15,19,17731,,,,25,27009,,,,6,20312,,,,31,9884,,,,2,7017,,,,23,4852,,,,,,,,,,,,,,,,,,,,,,,,,,,,,,,,,,,,,,,,,,,,,,,,
180843,26-Jun-19,15:32:58,2019-06-26 15:32:58,G,10,1,852,208,0,6,-62.3828,-60.5106,32:57.8,FastGPS,-62.3828,-60.5106,,1,6.1,-1.2,,,,15,2,10094,,,,26,21832,,,,31,20468,,,,6,30506,,,,9,24613,,,,4,7555,,,,,,,,,,,,,,,,,,,,,,,,,,,,,,,,,,,,,,,,,,,,,,,,
180843,26-Jun-19,18:59:42,2019-06-26 18:59:42,G,4,1,853,208,0,7,-62.4374,-60.5726,59:41.8,FastGPS,-62.4373,-60.5725,,1,10.1,-1.2,,,,15,4,30964,,,,7,7898,,,,9,18460,,,,8,5364,,,,5,26192,,,,30,12359,,,,28,14631,,,,,,,,,,,,,,,,,,,,,,,,,,,,,,,,,,,,,,,,,,,
180843,26-Jun-19,20:54:46,2019-06-26 20:54:46,G,12,1,854,208,0,8,-62.3726,-60.6053,54:46.3,FastGPS,-62.3726,-60.6053,,,16.7,-0.7,,,,15,30,4969,,,,11,12057,,,,8,1800,,,,15,26245,,,,17,31963,,,,13,20156,,,,18,17825,,,,28,8951,,,,,,,,,,,,,,,,,,,,,,,,,,,,,,,,,,,,,,
180843,26-Jun-19,21:55:01,2019-06-26 21:55:01,G,8,1,855,,0,9,-62.3824,-60.5912,55:01.3,FastGPS,-62.3824,-60.5912,,1,3.1,-0.7,,,,15,17,7816,,,,30,1611,,,,18,7402,,,,1,28782,,,,19,10633,,,,11,4337,,,,13,13969,,,,15,18976,,,,21,18427,,,,,,,,,,,,,,,,,,,,,,,,,,,,,,,,,
180843,26-Jun-19,23:10:03,2019-06-26 23:10:03,G,6,1,856,209,0,8,-62.3863,-60.5384,10:03.3,FastGPS,-62.3863,-60.5384,,,6.2,-0.7,,,,15,15,2210,,,,12,13783,,,,28,30617,,,,19,19108,,,,13,22727,,,,17,7509,,,,24,24740,,,,1,31910,,,,,,,,,,,,,,,,,,,,,,,,,,,,,,,,,,,,,,
180843,27-Jun-19,0:11:52,2019-06-27 00:11:52,G,6,1,857,209,0,7,-62.3957,-60.4791,11:52.3,FastGPS,-62.3957,-60.4791,,,13.8,-0.7,,,,15,32,22428,,,,17,2910,,,,14,31300,,,,12,19356,,,,3,31607,,,,22,1117,,,,19,30422,,,,,,,,,,,,,,,,,,,,,,,,,,,,,,,,,,,,,,,,,,,
180843,27-Jun-19,1:15:33,2019-06-27 01:15:33,G,4,1,858,,0,9,-62.4097,-60.4156,15:33.9,FastGPS,-62.4097,-60.4156,,,13.5,-0.1,,,,15,32,20667,,,,17,6775,,,,14,18923,,,,19,12902,,,,25,22015,,,,3,25269,,,,12,19391,,,,24,32465,,,,31,8390,,,,,,,,,,,,,,,,,,,,,,,,,,,,,,,,,
180843,27-Jun-19,2:33:22,2019-06-27 02:33:22,G,8,1,859,210,0,6,-62.4085,-60.3397,33:22.4,FastGPS,-62.4085,-60.3397,,,5,-0.6,,,,15,12,2330,,,,6,10112,,,,2,17149,,,,29,14251,,,,31,20013,,,,25,23819,,,,,,,,,,,,,,,,,,,,,,,,,,,,,,,,,,,,,,,,,,,,,,,,
180843,27-Jun-19,3:36:09,2019-06-27 03:36:09,G,2,1,860,210,0,7,-62.3795,-60.3112,36:09.8,FastGPS,-62.3795,-60.3112,,,11.6,-0.2,,,,15,12,961,,,,2,22200,,,,5,26519,,,,29,22644,,,,25,32011,,,,9,21093,,,,23,4210,,,,,,,,,,,,,,,,,,,,,,,,,,,,,,,,,,,,,,,,,,,
180843,27-Jun-19,5:33:15,2019-06-27 05:33:15,G,4,1,861,211,0,6,-62.3355,-60.2295,33:14.9,FastGPS,-62.3355,-60.2295,,1,1.2,-1.1,,,,15,5,7818,,,,29,5018,,,,16,13585,,,,4,22897,,,,26,10144,,,,9,11356,,,,,,,,,,,,,,,,,,,,,,,,,,,,,,,,,,,,,,,,,,,,,,,,
180843,27-Jun-19,7:15:49,2019-06-27 07:15:49,G,2,1,862,211,0,8,-62.3264,-60.1222,15:49.3,FastGPS,-62.3264,-60.1222,,,13.6,-0.7,,,,15,13,10745,,,,27,5957,,,,30,14127,,,,7,24182,,,,10,31991,,,,16,27063,,,,21,3823,,,,26,16893,,,,,,,,,,,,,,,,,,,,,,,,,,,,,,,,,,,,,,
180843,27-Jun-19,8:16:03,2019-06-27 08:16:03,G,4,1,863,211,0,7,-62.3158,-60.0947,16:03.8,FastGPS,-62.3158,-60.0947,,,9.9,-0.2,,,,15,21,16964,,,,15,25253,,,,27,9236,,,,16,31060,,,,8,22832,,,,10,15727,,,,20,17908,,,,,,,,,,,,,,,,,,,,,,,,,,,,,,,,,,,,,,,,,,,
180843,27-Jun-19,10:35:46,2019-06-27 10:35:46,G,2,1,865,212,0,7,-62.3475,-60.0673,35:46.3,FastGPS,-62.3475,-60.0673,,,8.4,-0.7,,,,15,28,14190,,,,1,5452,,,,11,2954,,,,18,21890,,,,8,161,,,,22,15760,,,,24,22728,,,,,,,,,,,,,,,,,,,,,,,,,,,,,,,,,,,,,,,,,,,
180843,27-Jun-19,14:17:54,2019-06-27 14:17:54,G,4,1,866,213,0,8,-62.4388,-60.0183,17:53.9,FastGPS,-62.4388,-60.0183,,,8.7,-1.1,,,,15,19,1700,,,,31,23806,,,,9,17917,,,,6,28482,,,,17,24908,,,,23,16661,,,,25,2525,,,,12,5558,,,,,,,,,,,,,,,,,,,,,,,,,,,,,,,,,,,,,,
180843,27-Jun-19,19:06:00,2019-06-27 19:06:00,G,2,1,867,215,0,4,-62.4514,-60.001,39:30.3,FastGPS,-62.4517,-59.9986,,,0.2,-1.2,,,,15,5,23304,,,,13,20870,,,,30,30186,,,,28,19040,,,,,,,,,,,,,,,,,,,,,,,,,,,,,,,,,,,,,,,,,,,,,,,,,,,,,,,,,,
180843,28-Jun-19,0:18:26,2019-06-28 00:18:26,G,8,1,869,220,0,5,-62.4507,-59.9981,18:26.3,FastGPS,-62.4507,-59.9981,,,1.3,-0.7,,,,15,17,29146,,,,24,6487,,,,12,4429,,,,19,10666,,,,6,30450,,,,,,,,,,,,,,,,,,,,,,,,,,,,,,,,,,,,,,,,,,,,,,,,,,,,,
180843,28-Jun-19,1:18:00,2019-06-28 01:18:00,G,10,1,870,220,0,6,-62.4517,-59.9981,18:01.4,FastGPS,-62.4517,-59.9981,,,22.9,0.4,,,,15,12,17327,,,,24,3857,,,,25,4925,,,,2,26828,,,,6,27105,,,,19,21408,,,,,,,,,,,,,,,,,,,,,,,,,,,,,,,,,,,,,,,,,,,,,,,,
180843,28-Jun-19,2:19:19,2019-06-28 02:19:19,G,12,2,871,220,0,6,-62.4509,-59.9995,19:19.3,FastGPS,-62.4509,-59.9995,,,6.2,-1.7,,,,15,12,11716,,,,2,27539,,,,29,26897,,,,25,32702,,,,31,9171,,,,6,23719,,,,,,,,,,,,,,,,,,,,,,,,,,,,,,,,,,,,,,,,,,,,,,,,
180843,28-Jun-19,3:39:02,2019-06-28 03:39:02,G,14,2,872,220,0,4,-62.4514,-60.001,39:30.3,FastGPS,-62.4804,-60.011,,,0.9,-0.1,,,,15,5,4562,,,,29,16751,,,,31,16642,,,,2,22042,,,,,,,,,,,,,,,,,,,,,,,,,,,,,,,,,,,,,,,,,,,,,,,,,,,,,,,,,,
180843,28-Jun-19,4:39:30,2019-06-28 04:39:30,G,14,2,873,220,0,4,-62.4503,-59.9943,54:59.8,FastGPS,-62.4514,-60.001,,,0.4,-1.7,,,,15,29,14214,,,,5,2114,,,,31,11537,,,,25,10508,,,,,,,,,,,,,,,,,,,,,,,,,,,,,,,,,,,,,,,,,,,,,,,,,,,,,,,,,,
180843,28-Jun-19,6:55:00,2019-06-28 06:55:00,G,8,2,874,223,1,6,-62.4503,-59.9943,54:59.8,FastGPS,-62.4503,-59.9943,,,5.4,-2.2,,,,15,15,32244,,,,13,19091,,,,21,15446,,,,29,25265,,,,20,31117,,,,10,6892,,,,,,,,,,,,,,,,,,,,,,,,,,,,,,,,,,,,,,,,,,,,,,,,
180843,28-Jun-19,21:45:32,2019-06-28 21:45:32,G,6,2,876,224,0,6,-62.4014,-60.0465,45:32.3,FastGPS,-62.4014,-60.0465,,,4.2,-1.7,,,,15,17,19815,,,,28,3228,,,,15,1627,,,,13,1332,,,,19,22521,,,,30,27588,,,,,,,,,,,,,,,,,,,,,,,,,,,,,,,,,,,,,,,,,,,,,,,,
180843,28-Jun-19,22:46:46,2019-06-28 22:46:46,G,4,2,877,224,0,8,-62.3654,-60.1085,46:46.8,FastGPS,-62.3654,-60.1085,,,4.5,-1.2,,,,15,15,14610,,,,17,25906,,,,19,14840,,,,12,8015,,,,13,22401,,,,28,29451,,,,1,780,,,,24,21218,,,,,,,,,,,,,,,,,,,,,,,,,,,,,,,,,,,,,,
180843,28-Jun-19,23:49:19,2019-06-28 23:49:19,G,6,2,878,224,0,6,-62.3386,-60.1933,49:18.8,FastGPS,-62.3386,-60.1933,,,6,-2.2,,,,15,17,10405,,,,6,7453,,,,19,9402,,,,24,8449,,,,15,25823,,,,25,4369,,,,,,,,,,,,,,,,,,,,,,,,,,,,,,,,,,,,,,,,,,,,,,,,
180843,29-Jun-19,0:51:24,2019-06-29 00:51:24,G,2,2,879,224,0,8,-62.3183,-60.2829,51:23.9,FastGPS,-62.3183,-60.2829,,,8.9,-2.1,,,,15,12,29630,,,,19,18681,,,,6,23942,,,,17,4788,,,,2,15321,,,,24,11183,,,,25,19887,,,,32,28070,,,,,,,,,,,,,,,,,,,,,,,,,,,,,,,,,,,,,,
180843,29-Jun-19,2:07:56,2019-06-29 02:07:56,G,2,2,880,224,0,6,-62.284,-60.2887,07:55.9,FastGPS,-62.284,-60.2887,,,15.5,-2.1,,,,15,31,13955,,,,14,15451,,,,29,27876,,,,32,30028,,,,6,806,,,,25,19426,,,,,,,,,,,,,,,,,,,,,,,,,,,,,,,,,,,,,,,,,,,,,,,,
180843,29-Jun-19,3:08:05,2019-06-29 03:08:05,G,8,2,881,224,0,4,-62.4503,-59.9951,6/28/2019 8:54,NP,-62.2952,-60.2959,,,0.9,-2.2,,,,15,31,21455,,,,23,13324,,,,29,4797,,,,26,18898,,,,,,,,,,,,,,,,,,,,,,,,,,,,,,,,,,,,,,,,,,,,,,,,,,,,,,,,,,
180843,29-Jun-19,5:09:40,2019-06-29 05:09:40,G,6,2,883,224,0,7,-62.2823,-60.2792,09:41.4,FastGPS,-62.2823,-60.2792,,1,3.3,-0.6,,,,15,16,14145,,,,26,21128,,,,5,15726,,,,29,2009,,,,21,21215,,,,4,23373,,,,9,154,,,,,,,,,,,,,,,,,,,,,,,,,,,,,,,,,,,,,,,,,,,
180843,29-Jun-19,6:24:49,2019-06-29 06:24:49,G,6,2,884,225,0,8,-62.278,-60.2728,24:50.3,FastGPS,-62.278,-60.2728,,,14.9,-0.7,,,,15,16,3501,,,,27,24593,,,,5,11694,,,,7,12107,,,,30,25872,,,,26,9806,,,,13,14986,,,,15,32391,,,,,,,,,,,,,,,,,,,,,,,,,,,,,,,,,,,,,,
180843,29-Jun-19,7:43:03,2019-06-29 07:43:03,G,8,2,885,226,0,6,-62.2818,-60.2628,43:03.9,FastGPS,-62.2818,-60.2628,,,11.6,-1.1,,,,15,21,31647,,,,15,14665,,,,16,16290,,,,20,1158,,,,10,30408,,,,27,7223,,,,,,,,,,,,,,,,,,,,,,,,,,,,,,,,,,,,,,,,,,,,,,,,
180843,29-Jun-19,8:46:12,2019-06-29 08:46:12,G,4,2,886,226,0,5,-62.2735,-60.2705,46:11.9,FastGPS,-62.2735,-60.2705,,,4.7,-2.1,,,,15,10,7746,,,,27,21127,,,,20,4544,,,,21,7042,,,,15,1202,,,,,,,,,,,,,,,,,,,,,,,,,,,,,,,,,,,,,,,,,,,,,,,,,,,,,
180843,29-Jun-19,10:49:02,2019-06-29 10:49:02,G,4,2,888,226,0,5,-62.2722,-60.2744,49:02.4,FastGPS,-62.2722,-60.2744,,,2.3,-1.6,,,,15,10,28009,,,,32,31810,,,,24,23068,,,,28,23409,,,,14,23658,,,,,,,,,,,,,,,,,,,,,,,,,,,,,,,,,,,,,,,,,,,,,,,,,,,,,
180843,29-Jun-19,12:04:01,2019-06-29 12:04:01,G,4,2,889,,0,9,-62.2602,-60.3087,04:01.9,FastGPS,-62.2602,-60.3087,,,11.3,-1.1,,,,15,18,20763,,,,17,1792,,,,11,8641,,,,1,23820,,,,3,25404,,,,14,12356,,,,31,15879,,,,22,26790,,,,32,19052,,,,,,,,,,,,,,,,,,,,,,,,,,,,,,,,,
180843,29-Jun-19,13:04:04,2019-06-29 13:04:04,G,6,2,890,227,0,8,-62.2944,-60.2962,04:04.4,FastGPS,-62.2944,-60.2962,,,10.2,-1.6,,,,15,17,1113,,,,23,8122,,,,1,28400,,,,11,25747,,,,12,4317,,,,19,4664,,,,6,1596,,,,3,6922,,,,,,,,,,,,,,,,,,,,,,,,,,,,,,,,,,,,,,
180843,29-Jun-19,14:04:45,2019-06-29 14:04:45,G,10,2,891,227,0,6,-62.3021,-60.274,04:45.4,FastGPS,-62.3021,-60.274,,,5.8,-1.6,,,,15,22,19741,,,,31,8820,,,,25,17340,,,,3,23745,,,,14,9963,,,,6,28139,,,,,,,,,,,,,,,,,,,,,,,,,,,,,,,,,,,,,,,,,,,,,,,,
180843,29-Jun-19,15:05:25,2019-06-29 15:05:25,G,4,2,892,227,0,7,-62.3176,-60.2836,05:25.3,FastGPS,-62.3176,-60.2836,,1,6.6,-1.7,,,,15,6,16559,,,,2,10965,,,,9,22985,,,,4,18353,,,,7,15143,,,,23,22014,,,,31,22570,,,,,,,,,,,,,,,,,,,,,,,,,,,,,,,,,,,,,,,,,,,
180843,29-Jun-19,16:05:05,2019-06-29 16:05:05,G,2,2,893,227,0,7,-62.3247,-60.31,05:04.9,FastGPS,-62.3247,-60.31,,1,7.1,-2.1,,,,15,7,28481,,,,6,12106,,,,9,17820,,,,23,21944,,,,29,20103,,,,4,3967,,,,2,28604,,,,,,,,,,,,,,,,,,,,,,,,,,,,,,,,,,,,,,,,,,,
180843,29-Jun-19,18:12:52,2019-06-29 18:12:52,G,2,2,895,227,0,7,-62.3219,-60.3565,12:51.8,FastGPS,-62.3219,-60.3565,,1,10.2,-2.2,,,,15,7,1336,,,,9,17038,,,,27,32432,,,,5,27735,,,,4,27005,,,,8,3952,,,,30,24292,,,,,,,,,,,,,,,,,,,,,,,,,,,,,,,,,,,,,,,,,,,
180843,29-Jun-19,19:17:19,2019-06-29 19:17:19,G,4,2,896,,0,9,-62.2881,-60.3647,17:19.4,FastGPS,-62.2881,-60.3647,,1,8.8,-1.6,,,,15,7,13233,,,,30,7904,,,,8,10627,,,,5,442,,,,4,15038,,,,27,14110,,,,28,5268,,,,9,16264,,,,13,5398,,,,,,,,,,,,,,,,,,,,,,,,,,,,,,,,,
180843,29-Jun-19,20:17:02,2019-06-29 20:17:02,G,2,2,897,227,0,7,-62.2609,-60.3985,17:02.4,FastGPS,-62.2609,-60.3985,,,9.7,-1.6,,,,15,7,11411,,,,30,8609,,,,5,1684,,,,8,3732,,,,11,2254,,,,28,15376,,,,15,7988,,,,,,,,,,,,,,,,,,,,,,,,,,,,,,,,,,,,,,,,,,,
180843,29-Jun-19,21:32:34,2019-06-29 21:32:34,G,2,2,898,228,0,6,-62.2636,-60.4035,32:33.9,FastGPS,-62.2636,-60.4035,,,6.6,-2.1,,,,15,17,11267,,,,28,15952,,,,19,12880,,,,30,29515,,,,15,3224,,,,20,21315,,,,,,,,,,,,,,,,,,,,,,,,,,,,,,,,,,,,,,,,,,,,,,,,
180843,29-Jun-19,23:05:35,2019-06-29 23:05:35,G,2,2,899,230,0,7,-62.2621,-60.4098,05:35.4,FastGPS,-62.2621,-60.4098,,,9.1,-1.6,,,,15,15,29731,,,,17,31227,,,,28,17838,,,,12,3530,,,,13,10105,,,,19,23117,,,,24,26018,,,,,,,,,,,,,,,,,,,,,,,,,,,,,,,,,,,,,,,,,,,
180843,30-Jun-19,0:05:12,2019-06-30 00:05:12,G,6,2,900,230,0,5,-62.2693,-60.4149,05:12.4,FastGPS,-62.2693,-60.4149,,,7.1,-1.6,,,,15,24,31866,,,,19,32450,,,,12,10278,,,,25,4019,,,,32,6330,,,,,,,,,,,,,,,,,,,,,,,,,,,,,,,,,,,,,,,,,,,,,,,,,,,,,
180843,30-Jun-19,1:05:01,2019-06-30 01:05:01,G,2,2,901,,0,9,-62.2725,-60.4222,05:00.9,FastGPS,-62.2725,-60.4222,,,16.3,-2.1,,,,15,2,21423,,,,29,17478,,,,6,4185,,,,19,17641,,,,24,6691,,,,12,31851,,,,25,6360,,,,32,29096,,,,14,29862,,,,,,,,,,,,,,,,,,,,,,,,,,,,,,,,,
180843,30-Jun-19,2:20:06,2019-06-30 02:20:06,G,6,2,902,231,0,7,-62.2665,-60.3995,20:05.9,FastGPS,-62.2665,-60.3995,,,4.6,-2.1,,,,15,29,30957,,,,12,24925,,,,2,3925,,,,6,31198,,,,31,4380,,,,25,10717,,,,14,5196,,,,,,,,,,,,,,,,,,,,,,,,,,,,,,,,,,,,,,,,,,,
180843,30-Jun-19,3:20:06,2019-06-30 03:20:06,G,6,2,903,231,0,7,-62.2733,-60.3979,20:05.8,FastGPS,-62.2733,-60.3979,,,4.6,-2.2,,,,15,25,18985,,,,12,28215,,,,29,29405,,,,5,25138,,,,31,18500,,,,2,11782,,,,26,23629,,,,,,,,,,,,,,,,,,,,,,,,,,,,,,,,,,,,,,,,,,,
180843,30-Jun-19,4:23:58,2019-06-30 04:23:58,G,8,2,904,231,0,5,-62.2725,-60.3914,23:58.4,FastGPS,-62.2725,-60.3914,,,4.2,-1.6,,,,15,25,13290,,,,21,3788,,,,26,22037,,,,31,11430,,,,29,27733,,,,,,,,,,,,,,,,,,,,,,,,,,,,,,,,,,,,,,,,,,,,,,,,,,,,,
180843,30-Jun-19,6:47:29,2019-06-30 06:47:29,G,2,2,906,231,0,7,-62.2757,-60.378,47:29.9,FastGPS,-62.2757,-60.378,,,11.9,-1.1,,,,15,10,23283,,,,20,12481,,,,26,16025,,,,7,9311,,,,27,22148,,,,16,20424,,,,8,29195,,,,,,,,,,,,,,,,,,,,,,,,,,,,,,,,,,,,,,,,,,,
180843,30-Jun-19,7:48:12,2019-06-30 07:48:12,G,6,2,907,,0,9,-62.308,-60.4231,48:12.4,FastGPS,-62.308,-60.4231,,,10.1,-1.6,,,,15,7,28940,,,,15,10263,,,,8,15084,,,,27,13173,,,,10,20839,,,,13,28419,,,,16,9457,,,,30,31379,,,,18,30966,,,,,,,,,,,,,,,,,,,,,,,,,,,,,,,,,
180843,30-Jun-19,9:21:45,2019-06-30 09:21:45,G,2,2,908,231,0,6,-62.3337,-60.5306,21:45.9,FastGPS,-62.3337,-60.5306,,,12,-1.1,,,,15,11,4806,,,,8,2245,,,,32,7320,,,,27,4216,,,,10,4124,,,,1,9692,,,,,,,,,,,,,,,,,,,,,,,,,,,,,,,,,,,,,,,,,,,,,,,,
180843,30-Jun-19,13:20:49,2019-06-30 13:20:49,G,2,2,909,,0,9,-62.3876,-60.648,20:48.9,FastGPS,-62.3876,-60.648,,,5,-2.1,,,,15,22,13646,,,,17,32595,,,,9,10064,,,,31,11305,,,,1,3582,,,,23,13411,,,,3,3060,,,,11,22775,,,,18,18407,,,,,,,,,,,,,,,,,,,,,,,,,,,,,,,,,
180843,30-Jun-19,14:42:05,2019-06-30 14:42:05,G,4,2,910,231,0,8,-62.4022,-60.6619,42:04.9,FastGPS,-62.4022,-60.6619,,1,11.4,-2.1,,,,15,3,29557,,,,23,12429,,,,9,15975,,,,19,32113,,,,4,23859,,,,2,3923,,,,6,4861,,,,26,2612,,,,,,,,,,,,,,,,,,,,,,,,,,,,,,,,,,,,,,
180843,30-Jun-19,15:42:02,2019-06-30 15:42:02,G,10,2,911,231,0,7,-62.4002,-60.6529,42:02.4,FastGPS,-62.4002,-60.6529,,1,9,-1.6,,,,15,16,27163,,,,23,6701,,,,26,475,,,,3,17827,,,,9,30203,,,,2,31022,,,,4,17581,,,,,,,,,,,,,,,,,,,,,,,,,,,,,,,,,,,,,,,,,,,
180843,30-Jun-19,16:45:50,2019-06-30 16:45:50,G,8,2,912,,0,9,-62.411,-60.6697,45:50.9,FastGPS,-62.411,-60.6697,,1,19,-1.1,,,,15,29,13301,,,,5,22058,,,,2,17960,,,,6,2466,,,,9,13011,,,,16,25778,,,,26,19849,,,,7,26846,,,,4,17553,,,,,,,,,,,,,,,,,,,,,,,,,,,,,,,,,
180843,30-Jun-19,23:58:37,2019-06-30 23:58:37,G,10,2,913,232,0,6,-62.3902,-60.6233,58:36.9,FastGPS,-62.3902,-60.6233,,,9.3,-2.1,,,,15,17,24205,,,,6,5956,,,,22,1670,,,,32,25781,,,,14,6017,,,,3,3690,,,,,,,,,,,,,,,,,,,,,,,,,,,,,,,,,,,,,,,,,,,,,,,,
180843,1-Jul-19,1:29:00,2019-07-01 01:29:00,G,2,2,914,233,0,8,-62.4012,-60.6385,29:00.4,FastGPS,-62.4012,-60.6385,,,5.8,-1.6,,,,15,19,14921,,,,6,9338,,,,2,31721,,,,12,27992,,,,24,25122,,,,25,24907,,,,32,1392,,,,29,23836,,,,,,,,,,,,,,,,,,,,,,,,,,,,,,,,,,,,,,
180843,1-Jul-19,3:22:29,2019-07-01 03:22:29,G,6,2,915,233,0,6,-62.3849,-60.6468,22:28.9,FastGPS,-62.3849,-60.6468,,,9,-2.1,,,,15,5,14747,,,,2,27653,,,,12,1242,,,,29,7029,,,,31,17660,,,,25,7385,,,,,,,,,,,,,,,,,,,,,,,,,,,,,,,,,,,,,,,,,,,,,,,,
180843,1-Jul-19,4:24:01,2019-07-01 04:24:01,G,2,2,916,,0,9,-62.3937,-60.6449,24:01.4,FastGPS,-62.3937,-60.6449,,1,9.1,-1.6,,,,15,26,16912,,,,16,24240,,,,9,11012,,,,2,9192,,,,4,7534,,,,31,12710,,,,25,10137,,,,29,4506,,,,5,16560,,,,,,,,,,,,,,,,,,,,,,,,,,,,,,,,,
180843,1-Jul-19,5:26:59,2019-07-01 05:26:59,G,8,2,917,233,0,5,-62.3881,-60.6528,26:59.8,FastGPS,-62.3881,-60.6528,,,7.3,-1.2,,,,15,5,19156,,,,26,9918,,,,29,4404,,,,16,12265,,,,21,27759,,,,,,,,,,,,,,,,,,,,,,,,,,,,,,,,,,,,,,,,,,,,,,,,,,,,,
180843,1-Jul-19,6:28:50,2019-07-01 06:28:50,G,2,2,918,,0,9,-62.3904,-60.6475,28:50.9,FastGPS,-62.3904,-60.6475,,,14.3,-1.1,,,,15,29,23757,,,,13,28459,,,,15,24470,,,,26,25876,,,,10,7364,,,,20,20582,,,,5,16357,,,,7,6902,,,,16,24155,,,,,,,,,,,,,,,,,,,,,,,,,,,,,,,,,
180843,1-Jul-19,7:33:02,2019-07-01 07:33:02,G,4,2,919,233,0,6,-62.3814,-60.6524,33:03.4,FastGPS,-62.3814,-60.6524,,,3.6,-0.6,,,,15,15,24825,,,,13,30528,,,,10,3089,,,,30,26774,,,,21,16151,,,,20,11091,,,,,,,,,,,,,,,,,,,,,,,,,,,,,,,,,,,,,,,,,,,,,,,,
180843,1-Jul-19,8:36:37,2019-07-01 08:36:37,G,2,2,920,233,0,7,-62.3782,-60.6565,36:37.9,FastGPS,-62.3782,-60.6565,,,3.6,-1.1,,,,15,18,1697,,,,11,2651,,,,27,19673,,,,21,8887,,,,10,2791,,,,32,28301,,,,16,27731,,,,,,,,,,,,,,,,,,,,,,,,,,,,,,,,,,,,,,,,,,,
180843,1-Jul-19,9:36:01,2019-07-01 09:36:01,G,2,2,921,,0,9,-62.3814,-60.6774,36:02.4,FastGPS,-62.3814,-60.6774,,,7.9,-0.6,,,,15,32,17955,,,,28,775,,,,27,7097,,,,1,27384,,,,22,27550,,,,8,24455,,,,14,19509,,,,10,7970,,,,20,13418,,,,,,,,,,,,,,,,,,,,,,,,,,,,,,,,,
180843,1-Jul-19,10:36:01,2019-07-01 10:36:01,G,2,2,922,233,0,7,-62.3945,-60.71,36:02.4,FastGPS,-62.3945,-60.71,,,4.7,-0.6,,,,15,28,2864,,,,22,3896,,,,8,21686,,,,17,21823,,,,14,5252,,,,32,24700,,,,3,23744,,,,,,,,,,,,,,,,,,,,,,,,,,,,,,,,,,,,,,,,,,,
180843,1-Jul-19,11:36:05,2019-07-01 11:36:05,G,4,2,923,233,0,8,-62.4173,-60.7231,36:05.9,FastGPS,-62.4173,-60.7231,,,7.6,-1.1,,,,15,17,19002,,,,32,22424,,,,14,9250,,,,3,13544,,,,18,17967,,,,22,8935,,,,1,12610,,,,19,9182,,,,,,,,,,,,,,,,,,,,,,,,,,,,,,,,,,,,,,
180843,1-Jul-19,12:53:26,2019-07-01 12:53:26,G,4,2,924,234,0,6,-62.4437,-60.7183,53:27.4,FastGPS,-62.4437,-60.7183,,,18.2,-0.6,,,,15,17,20515,,,,11,13922,,,,1,14144,,,,14,1652,,,,3,16656,,,,18,16080,,,,,,,,,,,,,,,,,,,,,,,,,,,,,,,,,,,,,,,,,,,,,,,,
180843,1-Jul-19,13:53:41,2019-07-01 13:53:41,G,2,2,925,,0,9,-62.464,-60.7283,53:42.4,FastGPS,-62.464,-60.7283,,,17.3,-0.6,,,,15,17,2640,,,,12,1587,,,,9,24499,,,,19,30117,,,,23,5822,,,,6,16060,,,,3,19806,,,,1,13799,,,,25,13596,,,,,,,,,,,,,,,,,,,,,,,,,,,,,,,,,
180843,1-Jul-19,14:56:16,2019-07-01 14:56:16,G,2,2,926,234,0,8,-62.4863,-60.7242,56:17.3,FastGPS,-62.4863,-60.7242,,1,12.3,-0.7,,,,15,31,1501,,,,2,19202,,,,6,27306,,,,26,5445,,,,9,29638,,,,4,23834,,,,29,17098,,,,16,7451,,,,,,,,,,,,,,,,,,,,,,,,,,,,,,,,,,,,,,
180843,1-Jul-19,15:58:13,2019-07-01 15:58:13,G,2,2,927,234,0,8,-62.4956,-60.6689,58:13.9,FastGPS,-62.4956,-60.6689,,1,2.4,-1.1,,,,15,2,9648,,,,29,2024,,,,5,13806,,,,7,12078,,,,26,8547,,,,9,31162,,,,4,20164,,,,6,20614,,,,,,,,,,,,,,,,,,,,,,,,,,,,,,,,,,,,,,
180843,1-Jul-19,17:03:50,2019-07-01 17:03:50,G,6,2,928,234,0,7,-62.5151,-60.6273,03:50.9,FastGPS,-62.5151,-60.6273,,,14.3,-1.1,,,,15,5,4219,,,,2,13052,,,,29,29269,,,,16,17943,,,,26,21718,,,,30,24359,,,,7,12919,,,,,,,,,,,,,,,,,,,,,,,,,,,,,,,,,,,,,,,,,,,
180843,1-Jul-19,18:06:11,2019-07-01 18:06:11,G,6,2,929,234,0,5,-62.5355,-60.6028,06:10.8,FastGPS,-62.5355,-60.6028,,,4.2,-2.2,,,,15,5,3907,,,,30,632,,,,13,28067,,,,7,6235,,,,9,16300,,,,,,,,,,,,,,,,,,,,,,,,,,,,,,,,,,,,,,,,,,,,,,,,,,,,,
180843,1-Jul-19,20:06:24,2019-07-01 20:06:24,G,4,2,930,235,0,6,-62.5551,-60.597,06:25.4,FastGPS,-62.5551,-60.597,,,13.1,-0.6,,,,15,8,31130,,,,30,4777,,,,28,29576,,,,15,24543,,,,7,11530,,,,13,24264,,,,,,,,,,,,,,,,,,,,,,,,,,,,,,,,,,,,,,,,,,,,,,,,
180843,1-Jul-19,21:06:00,2019-07-01 21:06:00,G,2,2,931,235,0,8,-62.5474,-60.5721,06:00.9,FastGPS,-62.5474,-60.5721,,,5.5,-1.1,,,,15,15,15065,,,,20,16218,,,,13,19283,,,,17,4070,,,,30,24989,,,,28,22368,,,,10,25440,,,,24,21048,,,,,,,,,,,,,,,,,,,,,,,,,,,,,,,,,,,,,,
180843,1-Jul-19,22:06:40,2019-07-01 22:06:40,G,2,2,932,,0,9,-62.5368,-60.5365,06:41.3,FastGPS,-62.5368,-60.5365,,,18.9,-0.7,,,,15,10,12218,,,,28,17954,,,,17,14023,,,,18,2494,,,,1,26220,,,,24,23401,,,,15,2108,,,,20,31510,,,,19,4436,,,,,,,,,,,,,,,,,,,,,,,,,,,,,,,,,
180843,1-Jul-19,23:06:23,2019-07-01 23:06:23,G,2,2,933,235,0,8,-62.5382,-60.5062,06:24.4,FastGPS,-62.5382,-60.5062,,,7.7,-0.6,,,,15,32,28278,,,,17,16606,,,,24,25292,,,,12,27779,,,,19,22677,,,,10,30006,,,,1,26038,,,,28,30524,,,,,,,,,,,,,,,,,,,,,,,,,,,,,,,,,,,,,,
180843,2-Jul-19,0:06:00,2019-07-02 00:06:00,G,2,2,934,235,0,5,-62.5336,-60.5166,06:00.9,FastGPS,-62.5336,-60.5166,,,1.8,-1.1,,,,15,17,20297,,,,12,19765,,,,19,7440,,,,6,13302,,,,24,4611,,,,,,,,,,,,,,,,,,,,,,,,,,,,,,,,,,,,,,,,,,,,,,,,,,,,,
180843,2-Jul-19,1:06:00,2019-07-02 01:06:00,G,4,2,935,,0,9,-62.5294,-60.5533,06:00.9,FastGPS,-62.5294,-60.5533,,,7.3,-1.1,,,,15,29,10662,,,,2,7543,,,,32,28743,,,,24,17872,,,,12,15976,,,,6,25449,,,,25,18661,,,,31,23799,,,,19,2138,,,,,,,,,,,,,,,,,,,,,,,,,,,,,,,,,
180843,2-Jul-19,2:07:22,2019-07-02 02:07:22,G,2,2,936,235,0,7,-62.5318,-60.637,07:22.9,FastGPS,-62.5318,-60.637,,,5.5,-1.1,,,,15,12,25459,,,,29,4734,,,,31,18620,,,,2,23306,,,,25,31160,,,,14,13423,,,,32,17221,,,,,,,,,,,,,,,,,,,,,,,,,,,,,,,,,,,,,,,,,,,
180843,2-Jul-19,3:07:42,2019-07-02 03:07:42,G,2,2,937,,0,9,-62.51,-60.6929,07:43.4,FastGPS,-62.51,-60.6929,,,5.6,-0.6,,,,15,23,2665,,,,29,6742,,,,31,5218,,,,25,9134,,,,2,7146,,,,26,24864,,,,9,29203,,,,6,12116,,,,12,26247,,,,,,,,,,,,,,,,,,,,,,,,,,,,,,,,,
180843,2-Jul-19,5:08:00,2019-07-02 05:08:00,G,2,2,939,235,1,7,-62.51,-60.693,07:59.9,FastGPS,-62.51,-60.693,,1,10.3,-2.1,,,,15,29,1012,,,,7,27313,,,,21,25397,,,,16,17866,,,,26,26095,,,,5,31185,,,,4,14063,,,,,,,,,,,,,,,,,,,,,,,,,,,,,,,,,,,,,,,,,,,
180843,2-Jul-19,6:08:32,2019-07-02 06:08:32,G,6,2,940,,0,9,-62.5089,-60.6921,08:31.8,FastGPS,-62.5089,-60.6921,,,16.2,-2.2,,,,15,7,27425,,,,20,18468,,,,10,16643,,,,27,26949,,,,26,3055,,,,13,19639,,,,16,19300,,,,5,11210,,,,29,24127,,,,,,,,,,,,,,,,,,,,,,,,,,,,,,,,,
180843,2-Jul-19,7:08:25,2019-07-02 07:08:25,G,2,2,941,,0,9,-62.5068,-60.6849,08:25.4,FastGPS,-62.5068,-60.6849,,,9.9,-1.6,,,,15,15,6339,,,,10,24432,,,,13,15156,,,,7,7613,,,,30,30018,,,,16,459,,,,26,27805,,,,27,12837,,,,8,5129,,,,,,,,,,,,,,,,,,,,,,,,,,,,,,,,,
180843,2-Jul-19,8:08:00,2019-07-02 08:08:00,G,6,2,942,,0,9,-62.504,-60.6856,07:59.9,FastGPS,-62.504,-60.6856,,,11.7,-2.1,,,,15,10,31038,,,,16,216,,,,18,27802,,,,8,20508,,,,21,18294,,,,15,3720,,,,27,883,,,,20,31589,,,,11,26990,,,,,,,,,,,,,,,,,,,,,,,,,,,,,,,,,
180843,2-Jul-19,10:08:00,2019-07-02 10:08:00,G,2,2,944,235,0,8,-62.506,-60.6711,07:59.9,FastGPS,-62.506,-60.6711,,,10,-2.1,,,,15,10,4660,,,,11,12196,,,,18,31016,,,,24,7276,,,,20,31150,,,,1,1558,,,,32,24220,,,,8,9715,,,,,,,,,,,,,,,,,,,,,,,,,,,,,,,,,,,,,,
180843,2-Jul-19,14:08:52,2019-07-02 14:08:52,G,2,2,948,,0,9,-62.4874,-60.7069,08:51.9,FastGPS,-62.4874,-60.7069,,1,8.6,-2.1,,,,15,22,27032,,,,26,15743,,,,31,13651,,,,3,28621,,,,1,29333,,,,23,21198,,,,9,18404,,,,4,6081,,,,6,5942,,,,,,,,,,,,,,,,,,,,,,,,,,,,,,,,,
180843,2-Jul-19,17:10:21,2019-07-02 17:10:21,G,2,2,951,235,0,4,-62.507,-60.6919,7/2/2019 8:35,NK,-62.4905,-60.7161,,,0.6,-1.4,,,,15,7,29412,,,,30,1305,,,,5,3914,,,,9,28310,,,,,,,,,,,,,,,,,,,,,,,,,,,,,,,,,,,,,,,,,,,,,,,,,,,,,,,,,,
180843,2-Jul-19,19:26:22,2019-07-02 19:26:22,G,4,2,953,236,0,6,-62.4893,-60.72,26:21.9,FastGPS,-62.4893,-60.72,,,4.7,-2.1,,,,15,5,20564,,,,13,15906,,,,28,18569,,,,15,5114,,,,30,32683,,,,7,14906,,,,,,,,,,,,,,,,,,,,,,,,,,,,,,,,,,,,,,,,,,,,,,,,
180843,2-Jul-19,20:26:00,2019-07-02 20:26:00,G,4,2,954,,0,9,-62.4643,-60.7271,25:59.9,FastGPS,-62.4643,-60.7271,,,10.3,-2.1,,,,15,13,18677,,,,28,7,,,,30,18298,,,,20,5792,,,,15,13790,,,,24,12338,,,,5,19760,,,,10,32718,,,,17,2796,,,,,,,,,,,,,,,,,,,,,,,,,,,,,,,,,
180843,3-Jul-19,0:32:01,2019-07-03 00:32:01,G,4,2,958,236,0,6,-62.4157,-60.5805,32:01.4,FastGPS,-62.4157,-60.5805,,,10.9,-1.6,,,,15,6,31618,,,,12,8779,,,,19,8089,,,,2,12449,,,,24,2006,,,,17,1357,,,,,,,,,,,,,,,,,,,,,,,,,,,,,,,,,,,,,,,,,,,,,,,,
180843,3-Jul-19,3:06:19,2019-07-03 03:06:19,G,2,2,960,238,0,8,-62.4146,-60.5767,06:19.4,FastGPS,-62.4146,-60.5767,,,4.8,-1.6,,,,15,31,11866,,,,5,10370,,,,29,18827,,,,12,24116,,,,23,9618,,,,26,11266,,,,2,8421,,,,25,13004,,,,,,,,,,,,,,,,,,,,,,,,,,,,,,,,,,,,,,
180843,3-Jul-19,4:07:43,2019-07-03 04:07:43,G,6,2,961,238,0,6,-62.413,-60.5819,07:42.9,FastGPS,-62.413,-60.5819,,,2.2,-2.1,,,,15,31,27858,,,,26,15795,,,,29,2311,,,,25,30999,,,,5,30280,,,,21,17860,,,,,,,,,,,,,,,,,,,,,,,,,,,,,,,,,,,,,,,,,,,,,,,,
180843,3-Jul-19,5:11:41,2019-07-03 05:11:41,G,6,2,962,238,0,7,-62.4127,-60.5901,11:41.3,FastGPS,-62.4127,-60.5901,,1,5.7,-1.7,,,,15,5,26560,,,,7,29806,,,,4,11950,,,,29,20021,,,,21,29363,,,,16,17446,,,,26,3455,,,,,,,,,,,,,,,,,,,,,,,,,,,,,,,,,,,,,,,,,,,
180843,3-Jul-19,6:14:29,2019-07-03 06:14:29,G,4,2,963,238,0,7,-62.4115,-60.5949,14:29.4,FastGPS,-62.4115,-60.5949,,,6.7,-1.6,,,,15,15,13556,,,,29,27314,,,,21,685,,,,26,20507,,,,16,1058,,,,13,24232,,,,20,6141,,,,,,,,,,,,,,,,,,,,,,,,,,,,,,,,,,,,,,,,,,,
180843,3-Jul-19,7:31:14,2019-07-03 07:31:14,G,4,2,964,239,0,6,-62.3887,-60.6085,31:13.9,FastGPS,-62.3887,-60.6085,,,8.8,-2.1,,,,15,15,29625,,,,10,26086,,,,21,29827,,,,13,23974,,,,16,14053,,,,20,17382,,,,,,,,,,,,,,,,,,,,,,,,,,,,,,,,,,,,,,,,,,,,,,,,
180843,3-Jul-19,9:50:56,2019-07-03 09:50:56,G,2,2,966,240,0,8,-62.3844,-60.6085,50:56.9,FastGPS,-62.3844,-60.6085,,,12.2,-1.1,,,,15,27,7666,,,,10,14258,,,,32,27482,,,,14,31075,,,,20,21391,,,,22,6992,,,,8,14294,,,,11,22064,,,,,,,,,,,,,,,,,,,,,,,,,,,,,,,,,,,,,,
180843,3-Jul-19,12:06:00,2019-07-03 12:06:00,G,2,2,968,,0,9,-62.403,-60.6288,05:59.9,FastGPS,-62.403,-60.6288,,,4.3,-2.1,,,,15,12,18980,,,,17,15276,,,,19,30027,,,,3,6864,,,,32,19280,,,,1,1754,,,,22,10923,,,,14,12164,,,,25,11850,,,,,,,,,,,,,,,,,,,,,,,,,,,,,,,,,
180843,3-Jul-19,15:28:00,2019-07-03 15:28:00,G,4,2,970,243,1,4,-62.403,-60.6288,05:59.9,FastGPS,,,,,,,,,,15,2,32303,,,,29,10376,,,,4,13627,,,,9,29477,,,,,,,,,,,,,,,,,,,,,,,,,,,,,,,,,,,,,,,,,,,,,,,,,,,,,,,,,,
180843,3-Jul-19,16:28:00,2019-07-03 16:28:00,G,6,2,971,243,1,6,-62.4911,-60.7182,27:59.9,FastGPS,-62.4911,-60.7182,,1,2.8,-2.1,,,,15,5,25512,,,,7,1879,,,,2,25776,,,,29,16710,,,,30,23355,,,,4,3954,,,,,,,,,,,,,,,,,,,,,,,,,,,,,,,,,,,,,,,,,,,,,,,,
180843,3-Jul-19,21:07:30,2019-07-03 21:07:30,G,6,2,972,,0,9,-62.4766,-60.7058,07:30.4,FastGPS,-62.4766,-60.7058,,,6.9,-1.6,,,,15,17,24045,,,,15,26712,,,,30,24328,,,,11,10652,,,,10,19392,,,,19,26508,,,,18,25435,,,,28,19036,,,,13,4564,,,,,,,,,,,,,,,,,,,,,,,,,,,,,,,,,
180843,3-Jul-19,22:09:23,2019-07-03 22:09:23,G,4,2,973,244,0,7,-62.4387,-60.6145,09:24.4,FastGPS,-62.4387,-60.6145,,,3.8,-0.6,,,,15,17,6511,,,,24,22209,,,,28,9262,,,,15,9095,,,,10,613,,,,1,2993,,,,20,1068,,,,,,,,,,,,,,,,,,,,,,,,,,,,,,,,,,,,,,,,,,,
180843,3-Jul-19,23:24:18,2019-07-03 23:24:18,G,4,2,974,245,0,7,-62.415,-60.5918,24:19.4,FastGPS,-62.415,-60.5918,,,7.6,-0.6,,,,15,17,12880,,,,19,1670,,,,6,11185,,,,24,2401,,,,15,5416,,,,12,22985,,,,32,10133,,,,,,,,,,,,,,,,,,,,,,,,,,,,,,,,,,,,,,,,,,,
180843,4-Jul-19,0:29:36,2019-07-04 00:29:36,G,8,2,975,245,0,7,-62.3933,-60.6319,29:36.9,FastGPS,-62.3933,-60.6319,,,11.7,-1.1,,,,15,17,10850,,,,2,4437,,,,12,27455,,,,24,13963,,,,19,19754,,,,6,18601,,,,3,5483,,,,,,,,,,,,,,,,,,,,,,,,,,,,,,,,,,,,,,,,,,,
180843,4-Jul-19,1:29:36,2019-07-04 01:29:36,G,6,2,976,245,0,8,-62.3811,-60.6458,29:36.4,FastGPS,-62.3811,-60.6458,,,11.8,-1.6,,,,15,29,24474,,,,31,24274,,,,32,2912,,,,25,29315,,,,12,23159,,,,14,2729,,,,6,4864,,,,3,3103,,,,,,,,,,,,,,,,,,,,,,,,,,,,,,,,,,,,,,
180843,4-Jul-19,3:33:27,2019-07-04 03:33:27,G,2,2,977,249,0,4,-62.3693,-60.6718,48:13.3,FastGPS,-62.3758,-60.6584,,,1,-1.2,,,,15,31,32340,,,,29,4286,,,,26,2250,,,,25,27715,,,,,,,,,,,,,,,,,,,,,,,,,,,,,,,,,,,,,,,,,,,,,,,,,,,,,,,,,,
180843,4-Jul-19,4:48:12,2019-07-04 04:48:12,G,6,2,978,250,0,5,-62.3423,-60.7985,06:03.9,FastGPS,-62.3693,-60.6718,,1,0.4,-0.7,,,,15,5,29292,,,,16,26945,,,,26,2359,,,,29,17181,,,,4,5517,,,,,,,,,,,,,,,,,,,,,,,,,,,,,,,,,,,,,,,,,,,,,,,,,,,,,
180843,4-Jul-19,5:50:30,2019-07-04 05:50:30,G,2,2,979,250,0,4,-62.3423,-60.7985,06:03.9,FastGPS,-62.3678,-60.6656,,,2.6,-1.1,,,,15,29,31197,,,,5,10474,,,,20,8532,,,,15,26607,,,,,,,,,,,,,,,,,,,,,,,,,,,,,,,,,,,,,,,,,,,,,,,,,,,,,,,,,,
180843,4-Jul-19,6:51:09,2019-07-04 06:51:09,G,2,2,980,250,0,7,-62.3713,-60.6665,51:09.9,FastGPS,-62.3713,-60.6665,,,2.7,-1.1,,,,15,27,7548,,,,16,8097,,,,7,8761,,,,10,5034,,,,26,21246,,,,30,6605,,,,20,19267,,,,,,,,,,,,,,,,,,,,,,,,,,,,,,,,,,,,,,,,,,,
180843,4-Jul-19,8:07:51,2019-07-04 08:07:51,G,6,2,981,251,0,8,-62.3649,-60.6703,07:51.9,FastGPS,-62.3649,-60.6703,,,11.2,-1.1,,,,15,15,27775,,,,21,18681,,,,10,15012,,,,8,11534,,,,20,25981,,,,13,17942,,,,16,1112,,,,27,599,,,,,,,,,,,,,,,,,,,,,,,,,,,,,,,,,,,,,,
180843,4-Jul-19,9:10:18,2019-07-04 09:10:18,G,10,2,982,251,0,8,-62.3629,-60.6789,10:18.9,FastGPS,-62.3629,-60.6789,,,9.5,-1.1,,,,15,32,5076,,,,20,1838,,,,10,5756,,,,24,11348,,,,14,22375,,,,15,21461,,,,8,9848,,,,11,30353,,,,,,,,,,,,,,,,,,,,,,,,,,,,,,,,,,,,,,
180843,4-Jul-19,10:20:51,2019-07-04 10:20:51,G,6,2,983,251,0,5,-62.3542,-60.7011,20:50.9,FastGPS,-62.3542,-60.7011,,,17.2,-2.1,,,,15,8,1410,,,,18,17836,,,,11,978,,,,22,23754,,,,1,32001,,,,,,,,,,,,,,,,,,,,,,,,,,,,,,,,,,,,,,,,,,,,,,,,,,,,,
180843,4-Jul-19,12:06:04,2019-07-04 12:06:04,G,8,2,984,254,0,5,-62.3423,-60.7985,06:03.9,FastGPS,-62.3423,-60.7985,,,2.1,-2.1,,,,15,18,14276,,,,11,5764,,,,3,16404,,,,22,13015,,,,23,4118,,,,,,,,,,,,,,,,,,,,,,,,,,,,,,,,,,,,,,,,,,,,,,,,,,,,,
180843,4-Jul-19,13:06:39,2019-07-04 13:06:39,G,6,2,985,,0,9,-62.3831,-60.8105,06:39.4,FastGPS,-62.3831,-60.8105,,,8,-1.6,,,,15,17,6909,,,,23,3671,,,,6,1038,,,,12,14227,,,,3,15529,,,,19,28658,,,,9,1637,,,,1,7066,,,,11,26489,,,,,,,,,,,,,,,,,,,,,,,,,,,,,,,,,
180843,4-Jul-19,15:03:52,2019-07-04 15:03:52,G,10,2,986,,0,9,-62.4237,-60.7844,03:52.9,FastGPS,-62.4237,-60.7844,,,13.6,-1.1,,,,15,29,21637,,,,31,6501,,,,2,20012,,,,23,29858,,,,26,29367,,,,16,4688,,,,9,4612,,,,3,30670,,,,6,29378,,,,,,,,,,,,,,,,,,,,,,,,,,,,,,,,,
180843,4-Jul-19,16:11:14,2019-07-04 16:11:14,G,8,2,987,,0,9,-62.4161,-60.7646,11:14.4,FastGPS,-62.4161,-60.7646,,1,13.4,-1.6,,,,15,7,7085,,,,2,2921,,,,6,19015,,,,5,19249,,,,29,14505,,,,26,757,,,,16,21791,,,,4,232,,,,9,29998,,,,,,,,,,,,,,,,,,,,,,,,,,,,,,,,,
180843,4-Jul-19,17:16:14,2019-07-04 17:16:14,G,6,2,988,254,0,6,-62.4158,-60.7684,16:15.4,FastGPS,-62.4158,-60.7684,,1,4.6,-0.6,,,,15,16,5181,,,,9,21516,,,,4,13016,,,,27,16999,,,,7,4178,,,,23,5568,,,,,,,,,,,,,,,,,,,,,,,,,,,,,,,,,,,,,,,,,,,,,,,,
180843,4-Jul-19,18:24:48,2019-07-04 18:24:48,G,4,2,989,254,0,8,-62.3982,-60.7383,24:48.9,FastGPS,-62.3982,-60.7383,,1,7.8,-1.1,,,,15,8,7,,,,7,17850,,,,4,9896,,,,5,4,,,,9,29041,,,,28,5109,,,,27,24060,,,,30,14038,,,,,,,,,,,,,,,,,,,,,,,,,,,,,,,,,,,,,,
180843,4-Jul-19,23:40:11,2019-07-04 23:40:11,G,6,2,990,255,0,6,-62.4117,-60.5789,40:11.4,FastGPS,-62.4117,-60.5789,,,1.6,-1.6,,,,15,17,9499,,,,24,2940,,,,12,30591,,,,19,3212,,,,32,812,,,,25,15409,,,,,,,,,,,,,,,,,,,,,,,,,,,,,,,,,,,,,,,,,,,,,,,,
180843,5-Jul-19,10:12:02,2019-07-05 10:12:02,G,6,2,991,255,0,8,-62.3801,-60.5756,12:02.0,FastGPS,-62.3801,-60.5756,,,13.3,-2,,,,15,10,25705,,,,32,2099,,,,28,2428,,,,14,30648,,,,1,2515,,,,24,17648,,,,18,31423,,,,20,7604,,,,,,,,,,,,,,,,,,,,,,,,,,,,,,,,,,,,,,
180843,5-Jul-19,12:16:47,2019-07-05 12:16:47,G,4,2,992,255,0,8,-62.4244,-60.5812,16:48.0,FastGPS,-62.4244,-60.5812,,,10,-1,,,,15,17,12457,,,,12,10904,,,,19,32205,,,,3,16524,,,,1,904,,,,23,13927,,,,14,684,,,,32,13717,,,,,,,,,,,,,,,,,,,,,,,,,,,,,,,,,,,,,,
180843,5-Jul-19,13:51:07,2019-07-05 13:51:07,G,4,2,993,,0,9,-62.4787,-60.6931,51:07.9,FastGPS,-62.4787,-60.6931,,,15.7,-1.1,,,,15,9,13669,,,,19,20271,,,,6,12508,,,,23,30279,,,,3,25076,,,,22,935,,,,17,3558,,,,1,7811,,,,2,22555,,,,,,,,,,,,,,,,,,,,,,,,,,,,,,,,,
180843,5-Jul-19,15:21:00,2019-07-05 15:21:00,G,6,2,994,258,1,4,-62.4915,-60.7211,50:59.7,FastGPS,,,,,,,,,,15,29,16393,,,,26,7122,,,,4,21869,,,,2,4855,,,,,,,,,,,,,,,,,,,,,,,,,,,,,,,,,,,,,,,,,,,,,,,,,,,,,,,,,,
180843,5-Jul-19,16:21:00,2019-07-05 16:21:00,G,4,2,995,258,1,4,-62.4915,-60.7211,50:59.7,FastGPS,,,,,,,,,,15,5,3638,,,,26,29997,,,,4,11774,,,,2,29431,,,,,,,,,,,,,,,,,,,,,,,,,,,,,,,,,,,,,,,,,,,,,,,,,,,,,,,,,,
180843,5-Jul-19,17:36:00,2019-07-05 17:36:00,G,10,2,996,259,1,4,-62.4915,-60.7211,50:59.7,FastGPS,-62.4909,-60.7186,,,0.6,-2.1,,,,15,5,7587,,,,16,7711,,,,13,14587,,,,7,1462,,,,,,,,,,,,,,,,,,,,,,,,,,,,,,,,,,,,,,,,,,,,,,,,,,,,,,,,,,
180843,5-Jul-19,18:36:00,2019-07-05 18:36:00,G,8,2,997,259,1,4,-62.4915,-60.7211,50:59.7,FastGPS,-62.4908,-60.7183,,,0.9,-2.1,,,,15,13,26326,,,,27,32184,,,,15,26413,,,,5,13512,,,,,,,,,,,,,,,,,,,,,,,,,,,,,,,,,,,,,,,,,,,,,,,,,,,,,,,,,,
180843,5-Jul-19,19:51:00,2019-07-05 19:51:00,G,10,2,998,260,1,4,-62.4909,-60.7196,50:59.9,FastGPS,-62.4915,-60.7211,,,0.4,-2.3,,,,15,15,29547,,,,8,31793,,,,13,27460,,,,20,1538,,,,,,,,,,,,,,,,,,,,,,,,,,,,,,,,,,,,,,,,,,,,,,,,,,,,,,,,,,
180843,5-Jul-19,20:51:00,2019-07-05 20:51:00,G,8,2,999,260,1,4,-62.4917,-60.7183,7/5/2019 21:24,NP,-62.4909,-60.7196,,,0.4,-2.1,,,,15,15,21139,,,,20,20998,,,,24,31809,,,,10,222,,,,,,,,,,,,,,,,,,,,,,,,,,,,,,,,,,,,,,,,,,,,,,,,,,,,,,,,,,
180843,5-Jul-19,21:51:00,2019-07-05 21:51:00,G,8,2,1000,260,1,8,-62.4908,-60.7182,50:59.9,FastGPS,-62.4908,-60.7182,,,12.6,-2,,,,15,11,3121,,,,15,8098,,,,24,32373,,,,18,7610,,,,10,18529,,,,20,4405,,,,1,32390,,,,12,4517,,,,,,,,,,,,,,,,,,,,,,,,,,,,,,,,,,,,,,
180843,6-Jul-19,0:13:16,2019-07-06 00:13:16,G,8,2,1001,260,0,4,-62.4908,-60.7182,50:59.9,FastGPS,-62.4879,-60.7122,,,1.7,-1.8,,,,15,17,10070,,,,24,32510,,,,6,29426,,,,19,4447,,,,,,,,,,,,,,,,,,,,,,,,,,,,,,,,,,,,,,,,,,,,,,,,,,,,,,,,,,
180843,6-Jul-19,1:13:00,2019-07-06 01:13:00,G,6,2,1002,,0,9,-62.4551,-60.6653,13:01.0,FastGPS,-62.4551,-60.6653,,,11,-1,,,,15,2,25497,,,,31,29263,,,,25,16145,,,,19,10515,,,,12,4692,,,,6,19215,,,,3,25005,,,,24,19246,,,,29,23551,,,,,,,,,,,,,,,,,,,,,,,,,,,,,,,,,
180843,6-Jul-19,3:40:00,2019-07-06 03:40:00,G,4,2,1003,260,0,7,-62.4591,-60.7728,40:00.4,FastGPS,-62.4591,-60.7728,,,8.8,-1.6,,,,15,31,25304,,,,21,17786,,,,29,29794,,,,26,18292,,,,25,6316,,,,23,8357,,,,16,22938,,,,,,,,,,,,,,,,,,,,,,,,,,,,,,,,,,,,,,,,,,,
180843,6-Jul-19,4:45:04,2019-07-06 04:45:04,G,8,2,1004,260,0,7,-62.4837,-60.7383,45:05.4,FastGPS,-62.4837,-60.7383,,1,2.2,-0.6,,,,15,21,32342,,,,26,22570,,,,5,7221,,,,31,10633,,,,16,29058,,,,4,19488,,,,9,23113,,,,,,,,,,,,,,,,,,,,,,,,,,,,,,,,,,,,,,,,,,,
180843,6-Jul-19,5:45:00,2019-07-06 05:45:00,G,8,2,1005,260,1,5,-62.4909,-60.7184,45:01.0,FastGPS,-62.4909,-60.7184,,,2.6,-1,,,,15,26,5712,,,,16,32621,,,,20,6108,,,,27,15082,,,,21,26739,,,,,,,,,,,,,,,,,,,,,,,,,,,,,,,,,,,,,,,,,,,,,,,,,,,,,
180843,6-Jul-19,6:45:00,2019-07-06 06:45:00,G,6,2,1006,260,1,4,-62.4908,-60.7182,50:59.9,FastGPS,-62.4906,-60.7187,,,0.2,-2.1,,,,15,10,23663,,,,16,13956,,,,20,1056,,,,7,17663,,,,,,,,,,,,,,,,,,,,,,,,,,,,,,,,,,,,,,,,,,,,,,,,,,,,,,,,,,
180843,6-Jul-19,9:15:00,2019-07-06 09:15:00,G,16,2,1007,266,1,5,-62.4869,-60.7254,15:00.2,FastGPS,-62.4869,-60.7254,,,11.9,-1.8,,,,15,18,20023,,,,32,14947,,,,11,29286,,,,27,6482,,,,8,23851,,,,,,,,,,,,,,,,,,,,,,,,,,,,,,,,,,,,,,,,,,,,,,,,,,,,,
180843,6-Jul-19,10:15:00,2019-07-06 10:15:00,G,12,2,1008,266,1,5,-62.4912,-60.7195,15:00.9,FastGPS,-62.4912,-60.7195,,,5.7,-1.1,,,,15,1,15914,,,,18,28793,,,,11,12277,,,,8,1514,,,,22,9022,,,,,,,,,,,,,,,,,,,,,,,,,,,,,,,,,,,,,,,,,,,,,,,,,,,,,
180843,6-Jul-19,11:15:00,2019-07-06 11:15:00,G,12,2,1009,266,1,5,-62.4913,-60.7199,15:00.0,FastGPS,-62.4913,-60.7199,,,1.2,-2,,,,15,31,29001,,,,32,2195,,,,14,21053,,,,11,17923,,,,18,30585,,,,,,,,,,,,,,,,,,,,,,,,,,,,,,,,,,,,,,,,,,,,,,,,,,,,,
180843,6-Jul-19,12:15:00,2019-07-06 12:15:00,G,8,2,1010,266,1,8,-62.4909,-60.7178,15:00.0,FastGPS,-62.4909,-60.7178,,,6.3,-2,,,,15,11,14028,,,,23,25493,,,,1,27784,,,,17,11353,,,,18,20004,,,,3,20729,,,,22,18566,,,,6,20677,,,,,,,,,,,,,,,,,,,,,,,,,,,,,,,,,,,,,,
180843,6-Jul-19,21:26:32,2019-07-06 21:26:32,G,2,2,1011,266,0,7,-62.4885,-60.721,26:32.4,FastGPS,-62.4885,-60.721,,,10.5,-1.6,,,,15,15,26807,,,,28,4435,,,,19,17786,,,,17,6503,,,,13,23283,,,,24,12266,,,,20,319,,,,,,,,,,,,,,,,,,,,,,,,,,,,,,,,,,,,,,,,,,,
180843,6-Jul-19,22:26:04,2019-07-06 22:26:04,G,4,2,1012,,0,9,-62.4573,-60.6576,26:05.5,FastGPS,-62.4573,-60.6576,,,12.8,-0.5,,,,15,17,2736,,,,19,9315,,,,1,29878,,,,32,2284,,,,11,21119,,,,18,25661,,,,10,4388,,,,28,9592,,,,12,32001,,,,,,,,,,,,,,,,,,,,,,,,,,,,,,,,,
180843,6-Jul-19,23:30:51,2019-07-06 23:30:51,G,6,2,1013,266,0,8,-62.4203,-60.612,30:52.0,FastGPS,-62.4203,-60.612,,,4.5,-1,,,,15,17,22869,,,,32,8862,,,,12,4430,,,,14,14266,,,,19,13639,,,,6,13643,,,,24,13611,,,,22,16936,,,,,,,,,,,,,,,,,,,,,,,,,,,,,,,,,,,,,,
180843,7-Jul-19,0:41:12,2019-07-07 00:41:12,G,8,2,1014,266,0,8,-62.385,-60.6357,41:12.5,FastGPS,-62.385,-60.6357,,,9.8,-1.5,,,,15,17,20652,,,,19,29675,,,,6,3596,,,,29,3312,,,,2,3283,,,,12,29831,,,,24,17838,,,,25,18980,,,,,,,,,,,,,,,,,,,,,,,,,,,,,,,,,,,,,,
180843,7-Jul-19,1:41:17,2019-07-07 01:41:17,G,4,2,1015,266,0,8,-62.3815,-60.6412,41:18.5,FastGPS,-62.3815,-60.6412,,,7.8,-0.5,,,,15,31,18551,,,,12,22281,,,,29,22,,,,25,9621,,,,2,1378,,,,14,15380,,,,6,32404,,,,23,29192,,,,,,,,,,,,,,,,,,,,,,,,,,,,,,,,,,,,,,
180843,7-Jul-19,3:21:05,2019-07-07 03:21:05,G,2,2,1016,,0,9,-62.3724,-60.629,21:06.0,FastGPS,-62.3724,-60.629,,,8.8,-1,,,,15,23,2172,,,,5,24078,,,,26,28786,,,,29,30661,,,,9,28312,,,,25,22035,,,,2,21953,,,,12,4306,,,,31,26040,,,,,,,,,,,,,,,,,,,,,,,,,,,,,,,,,
180843,7-Jul-19,8:09:37,2019-07-07 08:09:37,G,4,2,1018,267,0,7,-62.3971,-60.5287,09:37.0,FastGPS,-62.3971,-60.5287,,,11.5,-2,,,,15,15,5437,,,,8,11418,,,,21,21272,,,,13,6519,,,,27,20955,,,,28,21330,,,,10,32225,,,,,,,,,,,,,,,,,,,,,,,,,,,,,,,,,,,,,,,,,,,
180843,7-Jul-19,10:34:31,2019-07-07 10:34:31,G,4,2,1019,267,0,8,-62.4563,-60.478,34:32.5,FastGPS,-62.4563,-60.478,,,13.4,-0.5,,,,15,3,14804,,,,17,13418,,,,11,30597,,,,8,14564,,,,22,14812,,,,28,28751,,,,1,20392,,,,24,18543,,,,,,,,,,,,,,,,,,,,,,,,,,,,,,,,,,,,,,
180843,7-Jul-19,14:05:12,2019-07-07 14:05:12,G,4,2,1020,,0,9,-62.5365,-60.393,05:13.0,FastGPS,-62.5365,-60.393,,1,7.9,-1,,,,15,31,5013,,,,6,30203,,,,9,17997,,,,19,27019,,,,2,3207,,,,4,16174,,,,26,11325,,,,23,7872,,,,25,3001,,,,,,,,,,,,,,,,,,,,,,,,,,,,,,,,,
180843,7-Jul-19,15:07:22,2019-07-07 15:07:22,G,2,2,1021,,0,9,-62.5481,-60.3452,07:23.4,FastGPS,-62.5481,-60.3452,,1,7.9,-0.6,,,,15,2,32468,,,,26,6921,,,,29,10527,,,,6,22352,,,,9,27041,,,,4,3023,,,,23,25875,,,,16,18363,,,,7,13294,,,,,,,,,,,,,,,,,,,,,,,,,,,,,,,,,
180843,7-Jul-19,16:39:46,2019-07-07 16:39:46,G,4,2,1022,270,0,7,-62.5332,-60.2991,39:46.5,FastGPS,-62.5332,-60.2991,,,7.6,-1.5,,,,15,26,20482,,,,23,22644,,,,16,17990,,,,9,15652,,,,7,13017,,,,29,27653,,,,5,3533,,,,,,,,,,,,,,,,,,,,,,,,,,,,,,,,,,,,,,,,,,,
180843,7-Jul-19,17:41:21,2019-07-07 17:41:21,G,6,2,1023,270,0,8,-62.5174,-60.288,41:21.4,FastGPS,-62.5174,-60.288,,1,7.9,-1.6,,,,15,7,30513,,,,5,24938,,,,4,21346,,,,9,7466,,,,13,15572,,,,30,21315,,,,8,4734,,,,27,808,,,,,,,,,,,,,,,,,,,,,,,,,,,,,,,,,,,,,,
180843,7-Jul-19,18:42:25,2019-07-07 18:42:25,G,4,2,1024,270,0,7,-62.5076,-60.2633,42:25.5,FastGPS,-62.5076,-60.2633,,1,5.3,-1.6,,,,15,27,31084,,,,13,12345,,,,5,18002,,,,4,4375,,,,7,3735,,,,8,20744,,,,30,22955,,,,,,,,,,,,,,,,,,,,,,,,,,,,,,,,,,,,,,,,,,,
180843,7-Jul-19,19:44:28,2019-07-07 19:44:28,G,10,2,1025,270,0,6,-62.4973,-60.232,44:28.5,FastGPS,-62.4973,-60.232,,,8,-1.5,,,,15,7,14810,,,,30,11979,,,,5,329,,,,11,5330,,,,28,14779,,,,15,8975,,,,,,,,,,,,,,,,,,,,,,,,,,,,,,,,,,,,,,,,,,,,,,,,
180843,7-Jul-19,20:50:00,2019-07-07 20:50:00,G,12,2,1026,,0,9,-62.4894,-60.2009,50:01.0,FastGPS,-62.4894,-60.2009,,,10.1,-1,,,,15,15,25272,,,,20,19740,,,,24,29391,,,,18,26541,,,,11,13564,,,,28,22649,,,,1,8072,,,,8,23822,,,,17,19482,,,,,,,,,,,,,,,,,,,,,,,,,,,,,,,,,
180843,7-Jul-19,21:50:00,2019-07-07 21:50:00,G,14,2,1027,,0,9,-62.4806,-60.1818,50:01.0,FastGPS,-62.4806,-60.1818,,,9,-1,,,,15,18,7477,,,,28,4222,,,,11,29592,,,,1,15641,,,,17,14125,,,,19,13154,,,,10,16088,,,,24,25252,,,,15,28845,,,,,,,,,,,,,,,,,,,,,,,,,,,,,,,,,
180843,7-Jul-19,22:51:38,2019-07-07 22:51:38,G,14,2,1028,270,0,8,-62.4744,-60.1581,51:38.0,FastGPS,-62.4744,-60.1581,,,6.6,-2,,,,15,32,14242,,,,1,26381,,,,17,27555,,,,19,17465,,,,6,23922,,,,12,16673,,,,28,4034,,,,24,17111,,,,,,,,,,,,,,,,,,,,,,,,,,,,,,,,,,,,,,
180843,7-Jul-19,23:53:14,2019-07-07 23:53:14,G,18,2,1029,270,0,5,-62.4628,-60.1735,53:14.5,FastGPS,-62.4628,-60.1735,,,5.1,-1.5,,,,15,6,12214,,,,17,6185,,,,12,4019,,,,2,6093,,,,19,11794,,,,,,,,,,,,,,,,,,,,,,,,,,,,,,,,,,,,,,,,,,,,,,,,,,,,,
180843,8-Jul-19,0:53:03,2019-07-08 00:53:03,G,14,2,1030,270,0,8,-62.4607,-60.1759,53:04.5,FastGPS,-62.4607,-60.1759,,,6,-0.5,,,,15,12,31498,,,,2,5433,,,,29,16925,,,,6,12828,,,,19,10951,,,,25,3000,,,,17,16190,,,,24,22932,,,,,,,,,,,,,,,,,,,,,,,,,,,,,,,,,,,,,,
180843,8-Jul-19,1:56:46,2019-07-08 01:56:46,G,6,2,1031,270,0,5,-62.471,-60.158,56:46.5,FastGPS,-62.471,-60.158,,,10.1,-1.5,,,,15,29,31667,,,,31,53,,,,25,19677,,,,12,3375,,,,23,17934,,,,,,,,,,,,,,,,,,,,,,,,,,,,,,,,,,,,,,,,,,,,,,,,,,,,,
180843,8-Jul-19,2:59:02,2019-07-08 02:59:02,G,12,2,1032,270,0,7,-62.4795,-60.1731,59:02.5,FastGPS,-62.4795,-60.1731,,,13.9,-1.5,,,,15,25,31254,,,,31,13044,,,,29,13735,,,,26,14967,,,,12,13669,,,,5,2688,,,,23,17553,,,,,,,,,,,,,,,,,,,,,,,,,,,,,,,,,,,,,,,,,,,
180843,8-Jul-19,3:59:00,2019-07-08 03:59:00,G,12,2,1033,,0,9,-62.4939,-60.1807,59:00.0,FastGPS,-62.4939,-60.1807,,1,10.2,-2,,,,15,31,17562,,,,21,9853,,,,16,28862,,,,29,21721,,,,25,16803,,,,26,13595,,,,5,9597,,,,4,1699,,,,23,12296,,,,,,,,,,,,,,,,,,,,,,,,,,,,,,,,,
180843,8-Jul-19,4:59:00,2019-07-08 04:59:00,G,6,2,1034,270,1,6,-62.4973,-60.1847,59:00.0,FastGPS,-62.4973,-60.1847,,,9.1,-2,,,,15,16,10917,,,,5,18230,,,,26,5247,,,,27,20716,,,,29,2204,,,,21,24914,,,,,,,,,,,,,,,,,,,,,,,,,,,,,,,,,,,,,,,,,,,,,,,,
180843,8-Jul-19,6:30:25,2019-07-08 06:30:25,G,4,2,1035,270,0,5,-62.4972,-60.1822,30:26.5,FastGPS,-62.4972,-60.1822,,,3.6,-0.5,,,,15,15,9347,,,,20,14985,,,,16,20854,,,,21,32566,,,,27,239,,,,,,,,,,,,,,,,,,,,,,,,,,,,,,,,,,,,,,,,,,,,,,,,,,,,,
180843,8-Jul-19,9:33:59,2019-07-08 09:33:59,G,4,2,1038,,0,9,-62.504,-60.2787,34:00.0,FastGPS,-62.504,-60.2787,,,9.8,-1,,,,15,8,427,,,,27,18231,,,,14,8466,,,,11,23535,,,,32,751,,,,22,14612,,,,18,11085,,,,28,11086,,,,1,28490,,,,,,,,,,,,,,,,,,,,,,,,,,,,,,,,,
180843,8-Jul-19,10:34:00,2019-07-08 10:34:00,G,2,2,1039,270,0,8,-62.5154,-60.2977,34:00.5,FastGPS,-62.5154,-60.2977,,,12.1,-1.5,,,,15,17,22737,,,,10,18950,,,,3,23955,,,,22,21554,,,,8,25874,,,,28,11626,,,,14,26464,,,,1,22156,,,,,,,,,,,,,,,,,,,,,,,,,,,,,,,,,,,,,,
180843,8-Jul-19,13:17:23,2019-07-08 13:17:23,G,4,2,1041,,0,9,-62.5103,-60.2705,17:24.4,FastGPS,-62.5103,-60.2705,,,11.2,-0.6,,,,15,31,21055,,,,6,80,,,,19,19205,,,,17,7495,,,,12,27988,,,,25,25800,,,,14,29842,,,,9,28557,,,,23,26940,,,,,,,,,,,,,,,,,,,,,,,,,,,,,,,,,
180843,8-Jul-19,15:02:09,2019-07-08 15:02:09,G,4,2,1042,272,0,8,-62.5075,-60.2618,02:10.0,FastGPS,-62.5075,-60.2618,,1,7.8,-1,,,,15,7,11335,,,,3,31481,,,,16,19091,,,,23,31957,,,,26,10060,,,,6,28200,,,,9,28696,,,,4,2564,,,,,,,,,,,,,,,,,,,,,,,,,,,,,,,,,,,,,,
180843,8-Jul-19,16:02:35,2019-07-08 16:02:35,G,2,2,1043,272,0,6,-62.5077,-60.2622,02:35.0,FastGPS,-62.5077,-60.2622,,,3.3,-2,,,,15,5,29613,,,,16,10527,,,,23,15207,,,,29,18285,,,,2,30198,,,,26,548,,,,,,,,,,,,,,,,,,,,,,,,,,,,,,,,,,,,,,,,,,,,,,,,
180843,8-Jul-19,17:02:05,2019-07-08 17:02:05,G,12,2,1044,272,0,6,-62.5085,-60.2631,02:05.5,FastGPS,-62.5085,-60.2631,,,15,-1.5,,,,15,5,3926,,,,16,2083,,,,7,5258,,,,27,27618,,,,9,16213,,,,23,27770,,,,,,,,,,,,,,,,,,,,,,,,,,,,,,,,,,,,,,,,,,,,,,,,
180843,8-Jul-19,18:02:00,2019-07-08 18:02:00,G,10,2,1045,272,0,8,-62.5086,-60.2583,02:01.4,FastGPS,-62.5086,-60.2583,,1,6.1,-0.6,,,,15,8,29185,,,,27,4008,,,,9,6352,,,,13,19671,,,,4,15104,,,,5,19142,,,,30,23356,,,,7,17879,,,,,,,,,,,,,,,,,,,,,,,,,,,,,,,,,,,,,,
180843,8-Jul-19,19:02:00,2019-07-08 19:02:00,G,8,2,1046,272,1,7,-62.5074,-60.2573,02:01.0,FastGPS,-62.5074,-60.2573,,1,3.9,-1,,,,15,7,19684,,,,8,24547,,,,28,20127,,,,30,3476,,,,27,2799,,,,5,20474,,,,4,6373,,,,,,,,,,,,,,,,,,,,,,,,,,,,,,,,,,,,,,,,,,,
180843,8-Jul-19,20:02:04,2019-07-08 20:02:04,G,6,2,1047,,0,9,-62.5066,-60.2584,02:04.5,FastGPS,-62.5066,-60.2584,,,11.9,-1.5,,,,15,15,30178,,,,8,29598,,,,11,21345,,,,13,2029,,,,7,9488,,,,20,22904,,,,10,19433,,,,18,23532,,,,28,18147,,,,,,,,,,,,,,,,,,,,,,,,,,,,,,,,,
180843,8-Jul-19,21:03:18,2019-07-08 21:03:18,G,6,2,1048,272,0,7,-62.4989,-60.2605,03:19.5,FastGPS,-62.4989,-60.2605,,,6.3,-0.5,,,,15,17,7413,,,,19,13475,,,,15,32398,,,,13,1404,,,,28,3307,,,,30,1056,,,,24,11672,,,,,,,,,,,,,,,,,,,,,,,,,,,,,,,,,,,,,,,,,,,
180843,8-Jul-19,22:03:00,2019-07-08 22:03:00,G,14,2,1049,272,0,8,-62.484,-60.2981,03:01.0,FastGPS,-62.484,-60.2981,,,13.4,-1,,,,15,17,21683,,,,12,30825,,,,19,7430,,,,15,23998,,,,13,1242,,,,24,14749,,,,28,10473,,,,1,904,,,,,,,,,,,,,,,,,,,,,,,,,,,,,,,,,,,,,,
180843,8-Jul-19,23:03:00,2019-07-08 23:03:00,G,16,2,1050,272,0,8,-62.4655,-60.3321,03:00.0,FastGPS,-62.4655,-60.3321,,,12.7,-2,,,,15,12,22528,,,,32,11435,,,,24,4647,,,,15,11049,,,,17,19635,,,,22,26013,,,,14,15895,,,,1,7845,,,,,,,,,,,,,,,,,,,,,,,,,,,,,,,,,,,,,,
180843,9-Jul-19,0:03:00,2019-07-09 00:03:00,G,8,2,1051,272,0,8,-62.4697,-60.3331,03:01.0,FastGPS,-62.4697,-60.3331,,,7.4,-1,,,,15,6,19350,,,,2,17348,,,,19,16782,,,,17,20898,,,,24,10871,,,,12,31898,,,,25,1538,,,,32,12402,,,,,,,,,,,,,,,,,,,,,,,,,,,,,,,,,,,,,,
180843,9-Jul-19,1:18:00,2019-07-09 01:18:00,G,10,2,1052,,0,9,-62.4704,-60.3344,18:00.5,FastGPS,-62.4704,-60.3344,,,11,-1.5,,,,15,29,4761,,,,2,11261,,,,12,20831,,,,6,2727,,,,24,11700,,,,31,2947,,,,32,13928,,,,14,25368,,,,25,22790,,,,,,,,,,,,,,,,,,,,,,,,,,,,,,,,,
180843,9-Jul-19,2:18:00,2019-07-09 02:18:00,G,6,2,1053,273,0,6,-62.4703,-60.3344,18:01.5,FastGPS,-62.4703,-60.3344,,,6,-0.5,,,,15,12,27828,,,,2,4483,,,,5,29525,,,,29,14666,,,,31,15843,,,,25,22248,,,,,,,,,,,,,,,,,,,,,,,,,,,,,,,,,,,,,,,,,,,,,,,,
180843,9-Jul-19,3:18:06,2019-07-09 03:18:06,G,8,2,1054,273,0,7,-62.4702,-60.3338,18:07.0,FastGPS,-62.4702,-60.3338,,1,7,-1,,,,15,12,1238,,,,5,25941,,,,25,26860,,,,29,19440,,,,2,24591,,,,9,24852,,,,4,1950,,,,,,,,,,,,,,,,,,,,,,,,,,,,,,,,,,,,,,,,,,,
180843,9-Jul-19,5:12:22,2019-07-09 05:12:22,G,4,2,1055,273,0,7,-62.4548,-60.4039,12:23.0,FastGPS,-62.4548,-60.4039,,1,5.3,-1,,,,15,5,27063,,,,29,27385,,,,20,16099,,,,13,20609,,,,26,12334,,,,16,7261,,,,15,28824,,,,,,,,,,,,,,,,,,,,,,,,,,,,,,,,,,,,,,,,,,,
180843,9-Jul-19,10:46:35,2019-07-09 10:46:35,G,4,2,1056,274,0,8,-62.4655,-60.5118,46:35.1,FastGPS,-62.4655,-60.5118,,,8.2,-1.9,,,,15,17,21708,,,,22,14969,,,,1,19548,,,,11,16752,,,,18,30718,,,,3,32350,,,,24,3837,,,,28,21037,,,,,,,,,,,,,,,,,,,,,,,,,,,,,,,,,,,,,,
180843,9-Jul-19,12:32:53,2019-07-09 12:32:53,G,2,2,1057,,0,9,-62.5051,-60.4772,32:54.5,FastGPS,-62.5051,-60.4772,,,7.5,-0.5,,,,15,17,9619,,,,19,2147,,,,12,29166,,,,31,14083,,,,6,11633,,,,14,7140,,,,23,16590,,,,25,30755,,,,32,21954,,,,,,,,,,,,,,,,,,,,,,,,,,,,,,,,,
180843,9-Jul-19,13:36:44,2019-07-09 13:36:44,G,2,2,1058,275,0,7,-62.531,-60.4446,36:44.0,FastGPS,-62.531,-60.4446,,,20.7,-2,,,,15,19,4637,,,,31,30613,,,,9,12720,,,,6,8100,,,,17,18740,,,,23,25673,,,,26,13808,,,,,,,,,,,,,,,,,,,,,,,,,,,,,,,,,,,,,,,,,,,
180843,9-Jul-19,15:37:00,2019-07-09 15:37:00,G,2,2,1060,275,0,8,-62.5484,-60.4167,37:01.0,FastGPS,-62.5484,-60.4167,,,5.1,-1,,,,15,29,28432,,,,26,26430,,,,23,16315,,,,7,19920,,,,16,8378,,,,9,31840,,,,5,25524,,,,3,8676,,,,,,,,,,,,,,,,,,,,,,,,,,,,,,,,,,,,,,
180843,9-Jul-19,17:23:58,2019-07-09 17:23:58,G,4,2,1061,,0,9,-62.5461,-60.4109,23:59.5,FastGPS,-62.5461,-60.4109,,1,7.9,-0.5,,,,15,7,17057,,,,5,28777,,,,9,16778,,,,30,10726,,,,4,19207,,,,13,18165,,,,16,12827,,,,8,8499,,,,27,22028,,,,,,,,,,,,,,,,,,,,,,,,,,,,,,,,,
180843,9-Jul-19,18:24:00,2019-07-09 18:24:00,G,4,2,1062,275,0,8,-62.5466,-60.4119,24:01.0,FastGPS,-62.5466,-60.4119,,,11.5,-1,,,,15,5,1518,,,,7,30373,,,,13,5307,,,,15,9321,,,,8,23861,,,,27,30026,,,,9,8813,,,,21,19900,,,,,,,,,,,,,,,,,,,,,,,,,,,,,,,,,,,,,,
180843,9-Jul-19,19:27:15,2019-07-09 19:27:15,G,2,2,1063,275,0,8,-62.5471,-60.4126,27:15.5,FastGPS,-62.5471,-60.4126,,1,8.5,-1.5,,,,15,8,24509,,,,30,10182,,,,15,19735,,,,5,11922,,,,7,28500,,,,13,3341,,,,4,2979,,,,20,29176,,,,,,,,,,,,,,,,,,,,,,,,,,,,,,,,,,,,,,
180843,9-Jul-19,20:30:24,2019-07-09 20:30:24,G,8,2,1064,,0,9,-62.5331,-60.455,30:24.0,FastGPS,-62.5331,-60.455,,,11.2,-2,,,,15,17,6978,,,,13,11321,,,,15,31245,,,,20,1785,,,,28,11176,,,,19,13103,,,,24,26016,,,,30,27331,,,,10,4454,,,,,,,,,,,,,,,,,,,,,,,,,,,,,,,,,
180843,9-Jul-19,21:51:31,2019-07-09 21:51:31,G,8,2,1065,275,0,6,-62.5035,-60.5103,51:32.5,FastGPS,-62.5035,-60.5103,,,7.6,-0.5,,,,15,28,7560,,,,15,13683,,,,17,9441,,,,1,30967,,,,19,19221,,,,13,1654,,,,,,,,,,,,,,,,,,,,,,,,,,,,,,,,,,,,,,,,,,,,,,,,
180843,10-Jul-19,2:27:25,2019-07-10 02:27:25,G,6,2,1066,275,0,5,-62.3859,-60.6413,27:26.1,FastGPS,-62.3859,-60.6413,,,6.9,-0.9,,,,15,2,8887,,,,12,5942,,,,5,12387,,,,25,4586,,,,29,8429,,,,,,,,,,,,,,,,,,,,,,,,,,,,,,,,,,,,,,,,,,,,,,,,,,,,,
180843,10-Jul-19,4:00:01,2019-07-10 04:00:01,G,6,2,1067,276,0,6,-62.378,-60.6252,00:02.5,FastGPS,-62.378,-60.6252,,,14.2,-0.5,,,,15,31,1201,,,,29,22199,,,,5,26283,,,,26,18631,,,,21,7145,,,,25,26523,,,,,,,,,,,,,,,,,,,,,,,,,,,,,,,,,,,,,,,,,,,,,,,,
180843,10-Jul-19,5:42:52,2019-07-10 05:42:52,G,4,2,1068,,0,9,-62.3891,-60.6053,42:53.5,FastGPS,-62.3891,-60.6053,,,10.8,-0.5,,,,15,7,13456,,,,5,32680,,,,26,31515,,,,30,31330,,,,15,5821,,,,16,3645,,,,27,4706,,,,20,29761,,,,13,19615,,,,,,,,,,,,,,,,,,,,,,,,,,,,,,,,,
180843,10-Jul-19,8:24:45,2019-07-10 08:24:45,G,4,2,1070,277,0,8,-62.3984,-60.6082,24:46.5,FastGPS,-62.3984,-60.6082,,,11.5,-0.5,,,,15,27,8589,,,,10,10477,,,,18,2342,,,,1,28801,,,,11,6295,,,,32,27585,,,,8,23180,,,,20,17256,,,,,,,,,,,,,,,,,,,,,,,,,,,,,,,,,,,,,,
180843,10-Jul-19,12:00:34,2019-07-10 12:00:34,G,2,2,1072,277,0,8,-62.4652,-60.5019,00:35.0,FastGPS,-62.4652,-60.5019,,,7.3,-1,,,,15,17,23850,,,,23,19160,,,,19,20228,,,,3,5602,,,,12,29566,,,,11,22654,,,,1,5547,,,,14,4873,,,,,,,,,,,,,,,,,,,,,,,,,,,,,,,,,,,,,,
180843,10-Jul-19,13:07:14,2019-07-10 13:07:14,G,4,2,1073,,0,9,-62.4903,-60.4705,07:14.0,FastGPS,-62.4903,-60.4705,,,22.6,-2,,,,15,17,24079,,,,31,28902,,,,19,31366,,,,6,2021,,,,12,7126,,,,23,29787,,,,3,13159,,,,22,2135,,,,25,137,,,,,,,,,,,,,,,,,,,,,,,,,,,,,,,,,
180843,10-Jul-19,14:07:00,2019-07-10 14:07:00,G,4,2,1074,277,0,6,-62.4983,-60.4406,07:01.0,FastGPS,-62.4983,-60.4406,,1,1.9,-1,,,,15,23,23062,,,,31,2698,,,,3,23546,,,,9,12624,,,,4,23096,,,,26,30956,,,,,,,,,,,,,,,,,,,,,,,,,,,,,,,,,,,,,,,,,,,,,,,,
180843,10-Jul-19,15:07:00,2019-07-10 15:07:00,G,4,2,1075,,0,9,-62.4841,-60.3691,07:00.0,FastGPS,-62.4841,-60.3691,,1,6.5,-2,,,,15,7,28632,,,,2,29649,,,,9,3197,,,,29,13679,,,,23,20353,,,,6,15910,,,,4,30903,,,,16,10471,,,,3,25664,,,,,,,,,,,,,,,,,,,,,,,,,,,,,,,,,
180843,10-Jul-19,16:10:29,2019-07-10 16:10:29,G,2,2,1076,,0,9,-62.4719,-60.3431,10:30.5,FastGPS,-62.4719,-60.3431,,1,7.8,-0.5,,,,15,5,12628,,,,7,11800,,,,2,5843,,,,30,17575,,,,9,11624,,,,4,26491,,,,23,32482,,,,16,31173,,,,6,12089,,,,,,,,,,,,,,,,,,,,,,,,,,,,,,,,,
180843,10-Jul-19,17:10:00,2019-07-10 17:10:00,G,6,2,1077,277,0,6,-62.4665,-60.3486,10:01.4,FastGPS,-62.4665,-60.3486,,1,14.9,-0.6,,,,15,9,24964,,,,7,30445,,,,30,25622,,,,4,13194,,,,16,16694,,,,5,24135,,,,,,,,,,,,,,,,,,,,,,,,,,,,,,,,,,,,,,,,,,,,,,,,
180843,10-Jul-19,18:27:37,2019-07-10 18:27:37,G,2,2,1078,278,0,8,-62.4669,-60.3487,27:38.0,FastGPS,-62.4669,-60.3487,,1,10.1,-1,,,,15,5,8886,,,,15,1536,,,,13,21567,,,,28,8484,,,,4,32280,,,,21,7607,,,,30,8669,,,,7,29646,,,,,,,,,,,,,,,,,,,,,,,,,,,,,,,,,,,,,,
180843,10-Jul-19,19:45:54,2019-07-10 19:45:54,G,2,2,1079,279,0,4,-62.4983,-60.4406,07:01.0,FastGPS,-62.4516,-60.3745,,,0.4,-0.5,,,,15,15,27229,,,,13,20603,,,,20,24457,,,,30,15493,,,,,,,,,,,,,,,,,,,,,,,,,,,,,,,,,,,,,,,,,,,,,,,,,,,,,,,,,,
180843,10-Jul-19,20:51:46,2019-07-10 20:51:46,G,2,2,1080,,0,9,-62.4322,-60.4265,51:47.0,FastGPS,-62.4322,-60.4265,,,9.3,-1,,,,15,17,3385,,,,11,135,,,,18,28328,,,,13,22921,,,,28,20280,,,,30,26839,,,,19,9737,,,,15,12587,,,,1,4405,,,,,,,,,,,,,,,,,,,,,,,,,,,,,,,,,
180843,10-Jul-19,23:39:07,2019-07-10 23:39:07,G,6,2,1081,,0,9,-62.4347,-60.5633,39:08.0,FastGPS,-62.4347,-60.5633,,,15,-1,,,,15,17,8322,,,,6,910,,,,32,3627,,,,14,22300,,,,22,5487,,,,19,9482,,,,3,9363,,,,12,29921,,,,24,7578,,,,,,,,,,,,,,,,,,,,,,,,,,,,,,,,,
180843,11-Jul-19,3:08:19,2019-07-11 03:08:19,G,10,2,1082,280,0,6,-62.4745,-60.5857,08:20.0,FastGPS,-62.4745,-60.5857,,,5.1,-1,,,,15,31,6893,,,,21,9085,,,,29,19826,,,,23,18408,,,,25,32165,,,,26,32374,,,,,,,,,,,,,,,,,,,,,,,,,,,,,,,,,,,,,,,,,,,,,,,,
180843,11-Jul-19,4:08:48,2019-07-11 04:08:48,G,2,2,1083,280,0,8,-62.5028,-60.6425,08:49.5,FastGPS,-62.5028,-60.6425,,1,21,-0.5,,,,15,21,1050,,,,29,30043,,,,31,14891,,,,16,8224,,,,26,9333,,,,5,25145,,,,25,1565,,,,4,29410,,,,,,,,,,,,,,,,,,,,,,,,,,,,,,,,,,,,,,
180843,11-Jul-19,5:13:55,2019-07-11 05:13:55,G,6,2,1084,280,0,5,-62.5132,-60.6545,13:56.0,FastGPS,-62.5132,-60.6545,,,7.2,-1,,,,15,21,25161,,,,16,2308,,,,26,8299,,,,20,5631,,,,7,31686,,,,,,,,,,,,,,,,,,,,,,,,,,,,,,,,,,,,,,,,,,,,,,,,,,,,,
180843,11-Jul-19,6:14:03,2019-07-11 06:14:03,G,4,2,1085,280,0,5,-62.5105,-60.6421,14:04.5,FastGPS,-62.5105,-60.6421,,,2.5,-0.5,,,,15,7,14043,,,,13,20141,,,,21,23901,,,,10,22708,,,,15,16511,,,,,,,,,,,,,,,,,,,,,,,,,,,,,,,,,,,,,,,,,,,,,,,,,,,,,
180843,11-Jul-19,7:20:24,2019-07-11 07:20:24,G,6,2,1086,280,0,6,-62.507,-60.6296,20:25.0,FastGPS,-62.507,-60.6296,,,2.3,-1,,,,15,15,27399,,,,21,13952,,,,20,19563,,,,27,13551,,,,10,21598,,,,30,324,,,,,,,,,,,,,,,,,,,,,,,,,,,,,,,,,,,,,,,,,,,,,,,,
180843,11-Jul-19,8:22:43,2019-07-11 08:22:43,G,2,2,1087,,0,9,-62.5281,-60.6077,22:44.5,FastGPS,-62.5281,-60.6077,,,12.3,-0.5,,,,15,1,12163,,,,11,20580,,,,18,16034,,,,8,30643,,,,27,8616,,,,28,19073,,,,15,11089,,,,10,15482,,,,20,18242,,,,,,,,,,,,,,,,,,,,,,,,,,,,,,,,,
180843,11-Jul-19,9:26:39,2019-07-11 09:26:39,G,2,2,1088,,0,9,-62.5535,-60.57,26:39.5,FastGPS,-62.5535,-60.57,,,12.3,-1.5,,,,15,22,25478,,,,18,8142,,,,8,8562,,,,1,3060,,,,11,21438,,,,28,31147,,,,27,15166,,,,14,16244,,,,32,82,,,,,,,,,,,,,,,,,,,,,,,,,,,,,,,,,
180843,11-Jul-19,10:26:00,2019-07-11 10:26:00,G,4,2,1089,280,0,8,-62.5626,-60.5374,26:00.0,FastGPS,-62.5626,-60.5374,,,17.1,-2,,,,15,22,6902,,,,11,26077,,,,18,7924,,,,1,1211,,,,3,12845,,,,8,10974,,,,17,10139,,,,14,4100,,,,,,,,,,,,,,,,,,,,,,,,,,,,,,,,,,,,,,
180843,11-Jul-19,12:32:42,2019-07-11 12:32:42,G,2,2,1091,,0,9,-62.5587,-60.4919,32:42.5,FastGPS,-62.5587,-60.4919,,,6.6,-1.5,,,,15,31,17244,,,,23,12486,,,,14,4160,,,,1,20290,,,,17,17379,,,,22,28181,,,,32,13637,,,,3,8976,,,,11,9176,,,,,,,,,,,,,,,,,,,,,,,,,,,,,,,,,
180843,11-Jul-19,16:57:06,2019-07-11 16:57:06,G,2,2,1095,,0,9,-62.5409,-60.4708,57:07.0,FastGPS,-62.5409,-60.4708,,1,8.2,-1,,,,15,7,15070,,,,9,2396,,,,5,26997,,,,4,10260,,,,13,22818,,,,30,15991,,,,23,31369,,,,16,24436,,,,27,25667,,,,,,,,,,,,,,,,,,,,,,,,,,,,,,,,,
180843,11-Jul-19,19:00:00,2019-07-11 19:00:00,G,2,2,1097,,0,9,-62.5386,-60.4714,00:01.0,FastGPS,-62.5386,-60.4714,,1,14.3,-1,,,,15,7,7463,,,,8,25534,,,,30,15588,,,,28,24854,,,,5,15320,,,,27,9598,,,,13,3194,,,,15,10685,,,,4,21755,,,,,,,,,,,,,,,,,,,,,,,,,,,,,,,,,
180843,11-Jul-19,20:02:35,2019-07-11 20:02:35,G,2,2,1098,281,0,8,-62.5378,-60.4748,02:36.0,FastGPS,-62.5378,-60.4748,,,5.5,-1,,,,15,15,31991,,,,20,16613,,,,30,162,,,,17,30179,,,,11,19924,,,,8,5032,,,,18,1010,,,,13,1288,,,,,,,,,,,,,,,,,,,,,,,,,,,,,,,,,,,,,,
180843,11-Jul-19,22:06:19,2019-07-11 22:06:19,G,2,2,1100,281,0,5,-62.5188,-60.4483,06:19.5,FastGPS,-62.5188,-60.4483,,,9.5,-1.5,,,,15,17,17907,,,,19,25121,,,,24,29496,,,,28,22502,,,,1,11579,,,,,,,,,,,,,,,,,,,,,,,,,,,,,,,,,,,,,,,,,,,,,,,,,,,,,
180843,12-Jul-19,0:09:12,2019-07-12 00:09:12,G,2,2,1102,281,0,8,-62.4742,-60.3243,09:13.0,FastGPS,-62.4742,-60.3243,,,1.9,-1,,,,15,17,26515,,,,25,24233,,,,32,16199,,,,12,4985,,,,14,4778,,,,31,7382,,,,19,16277,,,,3,13875,,,,,,,,,,,,,,,,,,,,,,,,,,,,,,,,,,,,,,
180843,12-Jul-19,2:29:00,2019-07-12 02:29:00,G,2,2,1104,282,1,5,-62.4583,-60.3368,29:00.0,FastGPS,-62.4583,-60.3368,,,10.9,-2,,,,15,26,7557,,,,31,8651,,,,12,22257,,,,25,11689,,,,29,14081,,,,,,,,,,,,,,,,,,,,,,,,,,,,,,,,,,,,,,,,,,,,,,,,,,,,,
180843,12-Jul-19,3:29:00,2019-07-12 03:29:00,G,4,2,1105,282,1,4,-62.4583,-60.3368,29:00.0,FastGPS,-62.4583,-60.336,,,1,-2,,,,15,26,958,,,,29,27540,,,,25,29154,,,,31,22119,,,,,,,,,,,,,,,,,,,,,,,,,,,,,,,,,,,,,,,,,,,,,,,,,,,,,,,,,,
180843,12-Jul-19,5:47:44,2019-07-12 05:47:44,G,2,2,1107,,0,9,-62.4459,-60.3518,47:45.0,FastGPS,-62.4459,-60.3518,,,13.3,-1,,,,15,15,3983,,,,20,92,,,,13,3962,,,,21,23854,,,,10,25504,,,,29,9493,,,,16,20257,,,,26,10114,,,,5,3066,,,,,,,,,,,,,,,,,,,,,,,,,,,,,,,,,
180843,12-Jul-19,6:48:12,2019-07-12 06:48:12,G,4,2,1108,283,0,6,-62.4184,-60.3641,48:13.5,FastGPS,-62.4184,-60.3641,,,9,-0.5,,,,15,15,3570,,,,21,28020,,,,10,13025,,,,16,8675,,,,13,8295,,,,20,21346,,,,,,,,,,,,,,,,,,,,,,,,,,,,,,,,,,,,,,,,,,,,,,,,
180843,12-Jul-19,8:05:19,2019-07-12 08:05:19,G,2,2,1109,,0,9,-62.3721,-60.3923,05:19.0,FastGPS,-62.3721,-60.3923,,,7.8,-2,,,,15,10,3961,,,,20,4315,,,,15,31834,,,,32,30903,,,,21,7481,,,,8,1556,,,,27,24379,,,,18,16026,,,,24,20260,,,,,,,,,,,,,,,,,,,,,,,,,,,,,,,,,
180843,12-Jul-19,9:06:27,2019-07-12 09:06:27,G,2,2,1110,283,0,7,-62.3528,-60.4254,06:27.5,FastGPS,-62.3528,-60.4254,,,14.1,-1.5,,,,15,10,14494,,,,20,32332,,,,24,4506,,,,32,18864,,,,18,4479,,,,11,15338,,,,27,19246,,,,,,,,,,,,,,,,,,,,,,,,,,,,,,,,,,,,,,,,,,,
180843,12-Jul-19,10:10:23,2019-07-12 10:10:23,G,8,2,1111,283,0,5,-62.3402,-60.4396,10:22.9,FastGPS,-62.3403,-60.4396,,,7.3,-2.1,,,,15,10,8080,,,,14,3897,,,,32,11980,,,,22,20296,,,,18,1772,,,,,,,,,,,,,,,,,,,,,,,,,,,,,,,,,,,,,,,,,,,,,,,,,,,,,
180843,12-Jul-19,11:14:02,2019-07-12 11:14:02,G,12,2,1112,,0,9,-62.3262,-60.448,14:02.0,FastGPS,-62.3262,-60.448,,,6.8,-2,,,,15,31,4282,,,,17,14390,,,,32,15949,,,,18,21716,,,,12,2870,,,,19,5544,,,,14,18751,,,,3,8544,,,,11,10435,,,,,,,,,,,,,,,,,,,,,,,,,,,,,,,,,
180843,12-Jul-19,12:19:54,2019-07-12 12:19:54,G,12,2,1113,,0,9,-62.319,-60.4117,19:54.0,FastGPS,-62.319,-60.4117,,,10.9,-2,,,,15,17,841,,,,23,5944,,,,12,16983,,,,3,31240,,,,19,23464,,,,6,29686,,,,31,3126,,,,25,17651,,,,14,32358,,,,,,,,,,,,,,,,,,,,,,,,,,,,,,,,,
180843,12-Jul-19,13:27:44,2019-07-12 13:27:44,G,8,2,1114,283,0,7,-62.3254,-60.3407,27:44.5,FastGPS,-62.3254,-60.3407,,,9.1,-1.5,,,,15,6,962,,,,31,10114,,,,26,14676,,,,23,19561,,,,19,14053,,,,3,28710,,,,9,14768,,,,,,,,,,,,,,,,,,,,,,,,,,,,,,,,,,,,,,,,,,,
180843,12-Jul-19,14:50:25,2019-07-12 14:50:25,G,6,2,1115,284,0,7,-62.3316,-60.2937,50:25.0,FastGPS,-62.3316,-60.2937,,1,2.2,-2,,,,15,9,8904,,,,6,22411,,,,29,20330,,,,4,22270,,,,7,6522,,,,26,16165,,,,2,8785,,,,,,,,,,,,,,,,,,,,,,,,,,,,,,,,,,,,,,,,,,,
180843,12-Jul-19,16:00:59,2019-07-12 16:00:59,G,4,2,1116,,0,9,-62.3529,-60.2875,00:59.1,FastGPS,-62.3529,-60.2875,,1,15,-1.9,,,,15,7,19528,,,,5,17169,,,,30,22327,,,,2,20567,,,,29,19675,,,,4,3631,,,,23,15579,,,,9,24161,,,,16,8980,,,,,,,,,,,,,,,,,,,,,,,,,,,,,,,,,
180843,12-Jul-19,17:18:27,2019-07-12 17:18:27,G,4,2,1117,285,0,7,-62.3718,-60.2991,18:28.5,FastGPS,-62.3718,-60.2991,,1,6.6,-0.5,,,,15,5,5419,,,,30,30828,,,,13,19476,,,,7,16170,,,,21,5908,,,,4,10512,,,,9,31332,,,,,,,,,,,,,,,,,,,,,,,,,,,,,,,,,,,,,,,,,,,
180843,12-Jul-19,18:22:22,2019-07-12 18:22:22,G,4,2,1118,285,0,8,-62.3808,-60.3504,22:23.0,FastGPS,-62.3808,-60.3504,,,6.5,-1,,,,15,15,31355,,,,30,25045,,,,7,5010,,,,28,8462,,,,5,19993,,,,21,22461,,,,13,15522,,,,27,30681,,,,,,,,,,,,,,,,,,,,,,,,,,,,,,,,,,,,,,
180843,12-Jul-19,19:46:22,2019-07-12 19:46:22,G,4,2,1119,285,0,5,-62.3738,-60.4254,46:23.5,FastGPS,-62.3738,-60.4254,,,9.1,-0.5,,,,15,17,19035,,,,28,13291,,,,13,29369,,,,15,25714,,,,30,30497,,,,,,,,,,,,,,,,,,,,,,,,,,,,,,,,,,,,,,,,,,,,,,,,,,,,,
180843,12-Jul-19,21:17:38,2019-07-12 21:17:38,G,8,2,1120,285,0,7,-62.3912,-60.5111,17:39.5,FastGPS,-62.3912,-60.5111,,,13.5,-0.5,,,,15,15,20263,,,,17,10885,,,,19,1109,,,,13,15927,,,,10,21643,,,,20,16814,,,,12,18852,,,,,,,,,,,,,,,,,,,,,,,,,,,,,,,,,,,,,,,,,,,
180843,12-Jul-19,23:04:44,2019-07-12 23:04:44,G,4,2,1121,285,0,7,-62.4024,-60.5786,04:45.5,FastGPS,-62.4024,-60.5786,,,9.8,-0.5,,,,15,17,12627,,,,19,30932,,,,6,24284,,,,24,31294,,,,22,29940,,,,12,16843,,,,1,23601,,,,,,,,,,,,,,,,,,,,,,,,,,,,,,,,,,,,,,,,,,,
180843,13-Jul-19,0:20:13,2019-07-13 00:20:13,G,4,2,1122,286,0,7,-62.3686,-60.6392,20:14.0,FastGPS,-62.3686,-60.6392,,,7.8,-1,,,,15,29,27855,,,,32,20417,,,,25,5720,,,,12,6114,,,,14,3593,,,,31,10570,,,,24,13764,,,,,,,,,,,,,,,,,,,,,,,,,,,,,,,,,,,,,,,,,,,
180843,13-Jul-19,1:21:03,2019-07-13 01:21:03,G,4,2,1123,286,0,5,-62.363,-60.7004,21:04.5,FastGPS,-62.363,-60.7004,,,3.8,-0.5,,,,15,12,5530,,,,2,32669,,,,6,13731,,,,29,9032,,,,32,32416,,,,,,,,,,,,,,,,,,,,,,,,,,,,,,,,,,,,,,,,,,,,,,,,,,,,,
180843,13-Jul-19,2:24:50,2019-07-13 02:24:50,G,2,2,1124,286,0,7,-62.3531,-60.7719,24:51.0,FastGPS,-62.3531,-60.7719,,,17,-1,,,,15,12,29413,,,,31,18370,,,,5,12200,,,,2,16393,,,,29,22639,,,,25,20000,,,,26,16749,,,,,,,,,,,,,,,,,,,,,,,,,,,,,,,,,,,,,,,,,,,
180843,13-Jul-19,3:29:09,2019-07-13 03:29:09,G,2,2,1125,286,0,7,-62.3405,-60.8498,29:10.0,FastGPS,-62.3405,-60.8498,,,1.6,-1,,,,15,31,23303,,,,29,2300,,,,25,25056,,,,21,32248,,,,26,26959,,,,5,1084,,,,16,25687,,,,,,,,,,,,,,,,,,,,,,,,,,,,,,,,,,,,,,,,,,,
180843,13-Jul-19,4:34:16,2019-07-13 04:34:16,G,4,2,1126,286,0,4,-62.4323,-60.9045,12:19.5,FastGPS,-62.3512,-60.926,,,0.5,-0.4,,,,15,29,17198,,,,5,26607,,,,21,15656,,,,26,12026,,,,,,,,,,,,,,,,,,,,,,,,,,,,,,,,,,,,,,,,,,,,,,,,,,,,,,,,,,
180843,13-Jul-19,5:38:02,2019-07-13 05:38:02,G,2,2,1127,286,0,7,-62.3724,-60.9337,38:02.0,FastGPS,-62.3724,-60.9337,,,15.4,-2,,,,15,7,8845,,,,16,28269,,,,27,26696,,,,26,1160,,,,5,26784,,,,20,16503,,,,21,27759,,,,,,,,,,,,,,,,,,,,,,,,,,,,,,,,,,,,,,,,,,,
180843,13-Jul-19,7:03:26,2019-07-13 07:03:26,G,2,2,1128,286,0,5,-62.3663,-60.9367,03:26.5,FastGPS,-62.3663,-60.9367,,,6.1,-1.5,,,,15,15,4055,,,,13,8002,,,,10,7787,,,,21,22846,,,,20,28612,,,,,,,,,,,,,,,,,,,,,,,,,,,,,,,,,,,,,,,,,,,,,,,,,,,,,
180843,13-Jul-19,9:06:10,2019-07-13 09:06:10,G,2,2,1130,,0,9,-62.3632,-60.8962,06:10.0,FastGPS,-62.3632,-60.8962,,,10.6,-2,,,,15,10,22193,,,,20,2037,,,,32,16267,,,,8,23813,,,,27,22608,,,,14,10316,,,,18,1173,,,,24,26971,,,,22,17071,,,,,,,,,,,,,,,,,,,,,,,,,,,,,,,,,
180843,13-Jul-19,10:06:20,2019-07-13 10:06:20,G,8,2,1131,286,0,7,-62.3512,-60.869,06:20.0,FastGPS,-62.3512,-60.869,,,12,-2,,,,15,17,22782,,,,22,28282,,,,8,28436,,,,3,25943,,,,28,3368,,,,11,26511,,,,1,7895,,,,,,,,,,,,,,,,,,,,,,,,,,,,,,,,,,,,,,,,,,,
180843,13-Jul-19,11:06:12,2019-07-13 11:06:12,G,2,2,1132,286,0,7,-62.3623,-60.9255,06:12.5,FastGPS,-62.3623,-60.9255,,,7.7,-1.5,,,,15,17,6179,,,,18,25989,,,,11,15482,,,,22,29075,,,,1,28375,,,,3,26404,,,,19,24506,,,,,,,,,,,,,,,,,,,,,,,,,,,,,,,,,,,,,,,,,,,
180843,13-Jul-19,12:47:32,2019-07-13 12:47:32,G,4,2,1133,,0,9,-62.3946,-60.9355,47:32.5,FastGPS,-62.3946,-60.9355,,,7.4,-1.5,,,,15,23,9792,,,,17,22106,,,,1,5483,,,,3,18167,,,,19,13610,,,,22,21916,,,,12,22471,,,,31,30379,,,,6,10958,,,,,,,,,,,,,,,,,,,,,,,,,,,,,,,,,
180843,13-Jul-19,14:08:42,2019-07-13 14:08:42,G,2,2,1134,,0,9,-62.4281,-60.908,08:42.0,FastGPS,-62.4281,-60.908,,,9.6,-2,,,,15,31,6889,,,,9,17129,,,,16,28056,,,,6,8409,,,,29,32636,,,,22,999,,,,23,9474,,,,26,22378,,,,2,2010,,,,,,,,,,,,,,,,,,,,,,,,,,,,,,,,,
180843,13-Jul-19,15:12:10,2019-07-13 15:12:10,G,2,2,1135,287,0,8,-62.4364,-60.9105,12:10.5,FastGPS,-62.4364,-60.9105,,,12.3,-1.5,,,,15,7,7473,,,,26,21872,,,,23,30300,,,,16,13235,,,,9,18061,,,,3,6838,,,,2,25389,,,,29,18597,,,,,,,,,,,,,,,,,,,,,,,,,,,,,,,,,,,,,,
180843,13-Jul-19,16:12:00,2019-07-13 16:12:00,G,2,2,1136,287,0,8,-62.435,-60.9062,12:00.1,FastGPS,-62.435,-60.9062,,,11.7,-1.9,,,,15,5,31333,,,,23,2661,,,,7,11629,,,,2,30553,,,,16,22068,,,,9,24474,,,,26,32543,,,,29,9460,,,,,,,,,,,,,,,,,,,,,,,,,,,,,,,,,,,,,,
180843,13-Jul-19,17:12:19,2019-07-13 17:12:19,G,2,2,1137,287,0,8,-62.4323,-60.9045,12:19.5,FastGPS,-62.4323,-60.9045,,,4.5,-1.5,,,,15,5,50,,,,27,28824,,,,9,29615,,,,7,11008,,,,16,25247,,,,8,23255,,,,21,27009,,,,30,20449,,,,,,,,,,,,,,,,,,,,,,,,,,,,,,,,,,,,,,
180843,13-Jul-19,19:12:00,2019-07-13 19:12:00,G,2,2,1139,287,0,7,-62.4285,-60.8988,12:01.1,FastGPS,-62.4285,-60.8988,,,10.6,-0.9,,,,15,7,25332,,,,8,24400,,,,15,27309,,,,27,24500,,,,28,2546,,,,30,10042,,,,13,8613,,,,,,,,,,,,,,,,,,,,,,,,,,,,,,,,,,,,,,,,,,,
180843,13-Jul-19,20:35:25,2019-07-13 20:35:25,G,2,2,1140,,0,9,-62.4588,-60.8605,35:26.5,FastGPS,-62.4588,-60.8605,,,8.7,-0.5,,,,15,15,23515,,,,20,11280,,,,10,30675,,,,11,8006,,,,28,2467,,,,1,31677,,,,24,3120,,,,18,31863,,,,8,12778,,,,,,,,,,,,,,,,,,,,,,,,,,,,,,,,,
180843,14-Jul-19,21:22:01,2019-07-14 21:22:01,G,4,2,1143,291,0,7,-62.4458,-60.8928,22:02.5,FastGPS,-62.4458,-60.8928,,,6.2,-0.5,,,,15,15,12405,,,,17,28286,,,,28,14963,,,,13,14839,,,,19,29798,,,,12,32615,,,,1,28326,,,,,,,,,,,,,,,,,,,,,,,,,,,,,,,,,,,,,,,,,,,
180843,14-Jul-19,22:27:11,2019-07-14 22:27:11,G,4,2,1144,291,0,6,-62.4328,-60.9923,27:12.5,FastGPS,-62.4328,-60.9923,,,9.7,-0.5,,,,15,17,6404,,,,12,22092,,,,19,3085,,,,24,5968,,,,15,29900,,,,6,26099,,,,,,,,,,,,,,,,,,,,,,,,,,,,,,,,,,,,,,,,,,,,,,,,
180843,14-Jul-19,23:28:39,2019-07-14 23:28:39,G,8,2,1145,291,0,6,-62.4096,-60.9931,28:40.1,FastGPS,-62.4096,-60.9931,,,12.1,-0.9,,,,15,17,1569,,,,19,11105,,,,6,31832,,,,24,11000,,,,12,25063,,,,2,2718,,,,,,,,,,,,,,,,,,,,,,,,,,,,,,,,,,,,,,,,,,,,,,,,
180843,15-Jul-19,0:28:28,2019-07-15 00:28:28,G,2,2,1146,291,0,6,-62.3966,-61.0667,28:29.6,FastGPS,-62.3966,-61.0667,,,3.2,-0.4,,,,15,2,7746,,,,29,29356,,,,12,19767,,,,6,31200,,,,24,31352,,,,32,2451,,,,,,,,,,,,,,,,,,,,,,,,,,,,,,,,,,,,,,,,,,,,,,,,
180843,15-Jul-19,1:28:59,2019-07-15 01:28:59,G,6,2,1147,291,0,7,-62.4394,-61.1481,29:00.1,FastGPS,-62.4394,-61.1481,,,8,-0.9,,,,15,12,12797,,,,31,21732,,,,29,19073,,,,14,27794,,,,25,3825,,,,2,25862,,,,6,15574,,,,,,,,,,,,,,,,,,,,,,,,,,,,,,,,,,,,,,,,,,,
180843,15-Jul-19,2:32:17,2019-07-15 02:32:17,G,4,2,1148,291,0,7,-62.485,-61.1973,32:18.1,FastGPS,-62.485,-61.1973,,,7.6,-0.9,,,,15,31,7665,,,,29,8252,,,,26,21401,,,,23,10366,,,,25,18467,,,,2,1882,,,,9,19944,,,,,,,,,,,,,,,,,,,,,,,,,,,,,,,,,,,,,,,,,,,
180843,15-Jul-19,3:33:48,2019-07-15 03:33:48,G,12,2,1149,291,0,7,-62.5265,-61.1996,33:49.6,FastGPS,-62.5265,-61.1996,,,7.9,-0.4,,,,15,23,30693,,,,26,21035,,,,16,12096,,,,29,9767,,,,5,1882,,,,31,3418,,,,21,23141,,,,,,,,,,,,,,,,,,,,,,,,,,,,,,,,,,,,,,,,,,,
180843,15-Jul-19,4:34:46,2019-07-15 04:34:46,G,6,2,1150,291,0,7,-62.5603,-61.217,34:47.1,FastGPS,-62.5603,-61.217,,,14.3,-0.9,,,,15,29,3661,,,,27,1123,,,,21,25125,,,,16,13729,,,,26,25065,,,,20,15119,,,,5,24940,,,,,,,,,,,,,,,,,,,,,,,,,,,,,,,,,,,,,,,,,,,
180843,15-Jul-19,7:44:58,2019-07-15 07:44:58,G,2,2,1153,291,0,8,-62.5974,-61.3314,44:59.1,FastGPS,-62.5974,-61.3314,,,11.3,-0.9,,,,15,11,18381,,,,27,32481,,,,18,16496,,,,8,19002,,,,15,11935,,,,28,16961,,,,10,26815,,,,20,13260,,,,,,,,,,,,,,,,,,,,,,,,,,,,,,,,,,,,,,
180843,15-Jul-19,8:46:17,2019-07-15 08:46:17,G,2,2,1154,291,0,7,-62.6068,-61.32,46:18.1,FastGPS,-62.6068,-61.32,,,5,-0.9,,,,15,18,10502,,,,8,14805,,,,32,11344,,,,1,29595,,,,27,5878,,,,11,21312,,,,28,12563,,,,,,,,,,,,,,,,,,,,,,,,,,,,,,,,,,,,,,,,,,,
180843,15-Jul-19,9:49:42,2019-07-15 09:49:42,G,2,2,1155,,0,9,-62.6104,-61.2722,49:43.1,FastGPS,-62.6104,-61.2722,,,12.8,-0.9,,,,15,1,23686,,,,28,31872,,,,32,15429,,,,24,970,,,,17,22819,,,,11,27156,,,,10,14012,,,,22,29745,,,,14,19300,,,,,,,,,,,,,,,,,,,,,,,,,,,,,,,,,
180843,15-Jul-19,10:52:46,2019-07-15 10:52:46,G,4,2,1156,,0,9,-62.591,-61.2164,52:47.0,FastGPS,-62.591,-61.2164,,,4.2,-1,,,,15,32,11426,,,,31,2577,,,,11,3825,,,,14,29996,,,,18,14116,,,,3,19582,,,,12,19636,,,,1,6942,,,,17,9644,,,,,,,,,,,,,,,,,,,,,,,,,,,,,,,,,
180843,15-Jul-19,12:01:39,2019-07-15 12:01:39,G,4,2,1157,291,0,7,-62.5674,-61.1613,01:40.6,FastGPS,-62.5674,-61.1613,,,11.4,-0.4,,,,15,17,20816,,,,31,27004,,,,19,30632,,,,3,28840,,,,12,25654,,,,32,6323,,,,14,22977,,,,,,,,,,,,,,,,,,,,,,,,,,,,,,,,,,,,,,,,,,,
180843,15-Jul-19,14:03:58,2019-07-15 14:03:58,G,8,2,1159,291,0,4,-62.561,-61.1286,04:44.5,FastGPS,-62.5642,-61.1359,,,0.4,-0.4,,,,15,9,23838,,,,6,3654,,,,23,2448,,,,3,15260,,,,,,,,,,,,,,,,,,,,,,,,,,,,,,,,,,,,,,,,,,,,,,,,,,,,,,,,,,
180843,15-Jul-19,15:04:43,2019-07-15 15:04:43,G,6,2,1160,291,0,4,-62.562,-61.1291,05:01.6,FastGPS,-62.561,-61.1286,,,0.1,-0.5,,,,15,16,12868,,,,29,19206,,,,26,20298,,,,23,25076,,,,,,,,,,,,,,,,,,,,,,,,,,,,,,,,,,,,,,,,,,,,,,,,,,,,,,,,,,
180843,15-Jul-19,16:05:00,2019-07-15 16:05:00,G,4,2,1161,291,0,6,-62.562,-61.1291,05:01.6,FastGPS,-62.562,-61.1291,,,3.5,-0.4,,,,15,7,29203,,,,5,19913,,,,30,873,,,,9,4698,,,,2,10971,,,,23,10694,,,,,,,,,,,,,,,,,,,,,,,,,,,,,,,,,,,,,,,,,,,,,,,,
180843,15-Jul-19,17:05:23,2019-07-15 17:05:23,G,8,2,1162,291,0,5,-62.5643,-61.1334,05:24.5,FastGPS,-62.5643,-61.1334,,,5.7,-0.5,,,,15,5,32702,,,,9,21277,,,,7,7503,,,,21,30342,,,,30,20588,,,,,,,,,,,,,,,,,,,,,,,,,,,,,,,,,,,,,,,,,,,,,,,,,,,,,
180843,15-Jul-19,18:05:09,2019-07-15 18:05:09,G,6,2,1163,291,0,8,-62.5639,-61.1323,05:10.6,FastGPS,-62.5639,-61.1323,,,8.6,-0.4,,,,15,5,15812,,,,13,18151,,,,15,28523,,,,7,1410,,,,27,15619,,,,30,8503,,,,8,23588,,,,21,11033,,,,,,,,,,,,,,,,,,,,,,,,,,,,,,,,,,,,,,
180843,15-Jul-19,19:05:35,2019-07-15 19:05:35,G,8,2,1164,291,0,6,-62.5639,-61.1304,05:36.1,FastGPS,-62.5639,-61.1304,,,9.3,-0.9,,,,15,15,11258,,,,13,20155,,,,8,36,,,,28,15824,,,,5,15703,,,,20,18706,,,,,,,,,,,,,,,,,,,,,,,,,,,,,,,,,,,,,,,,,,,,,,,,
180843,15-Jul-19,20:05:00,2019-07-15 20:05:00,G,12,2,1165,291,0,7,-62.5955,-61.1187,05:01.0,FastGPS,-62.5955,-61.1187,,,7.9,-1,,,,15,15,12887,,,,13,26213,,,,24,5301,,,,20,17801,,,,10,17484,,,,11,28008,,,,8,30340,,,,,,,,,,,,,,,,,,,,,,,,,,,,,,,,,,,,,,,,,,,
180843,15-Jul-19,21:05:00,2019-07-15 21:05:00,G,2,2,1166,291,1,8,-62.5981,-61.112,05:01.1,FastGPS,-62.5981,-61.112,,,7.3,-0.9,,,,15,11,8708,,,,18,7856,,,,1,20194,,,,10,19561,,,,24,12722,,,,20,15628,,,,17,267,,,,15,15506,,,,,,,,,,,,,,,,,,,,,,,,,,,,,,,,,,,,,,
180843,16-Jul-19,12:01:54,2019-07-16 12:01:54,G,4,2,1168,,0,9,-62.6035,-61.068,01:55.6,FastGPS,-62.6035,-61.068,,,12.1,-0.4,,,,15,17,3035,,,,19,22446,,,,23,28083,,,,32,11969,,,,12,15788,,,,6,22542,,,,3,24338,,,,25,2315,,,,31,25336,,,,,,,,,,,,,,,,,,,,,,,,,,,,,,,,,
180843,16-Jul-19,14:13:38,2019-07-16 14:13:38,G,2,2,1170,291,0,5,-62.6018,-61.0007,13:38.6,FastGPS,-62.6018,-61.0007,,,0.9,-1.4,,,,15,23,28524,,,,9,2824,,,,26,27684,,,,31,10422,,,,7,31062,,,,,,,,,,,,,,,,,,,,,,,,,,,,,,,,,,,,,,,,,,,,,,,,,,,,,
180843,16-Jul-19,17:42:19,2019-07-16 17:42:19,G,4,2,1173,292,0,8,-62.5097,-60.9218,42:19.1,FastGPS,-62.5097,-60.9218,,,8.5,-1.9,,,,15,7,30840,,,,27,22776,,,,30,12680,,,,8,13569,,,,9,25249,,,,28,750,,,,13,21509,,,,5,20988,,,,,,,,,,,,,,,,,,,,,,,,,,,,,,,,,,,,,,
180843,16-Jul-19,18:43:26,2019-07-16 18:43:26,G,4,2,1174,292,0,7,-62.4866,-60.9017,43:27.6,FastGPS,-62.4866,-60.9017,,,5.2,-0.4,,,,15,7,29739,,,,27,4514,,,,15,373,,,,13,17922,,,,8,30724,,,,5,10070,,,,30,14483,,,,,,,,,,,,,,,,,,,,,,,,,,,,,,,,,,,,,,,,,,,
180843,16-Jul-19,19:44:16,2019-07-16 19:44:16,G,2,2,1175,,0,9,-62.4727,-60.8736,44:16.6,FastGPS,-62.4727,-60.8736,,,10.2,-1.4,,,,15,15,9120,,,,10,19225,,,,8,3732,,,,20,24629,,,,11,26496,,,,18,9337,,,,13,4864,,,,30,30552,,,,24,13834,,,,,,,,,,,,,,,,,,,,,,,,,,,,,,,,,
180843,16-Jul-19,20:47:48,2019-07-16 20:47:48,G,2,2,1176,,0,9,-62.4514,-60.8361,47:48.1,FastGPS,-62.4514,-60.8361,,,10.5,-1.9,,,,15,17,3216,,,,18,22559,,,,28,22996,,,,11,4840,,,,15,15710,,,,1,7854,,,,19,18965,,,,10,30081,,,,30,21683,,,,,,,,,,,,,,,,,,,,,,,,,,,,,,,,,
180843,16-Jul-19,22:29:48,2019-07-16 22:29:48,G,4,2,1177,294,0,6,-62.4053,-60.762,29:48.0,FastGPS,-62.4053,-60.762,,,9,-2,,,,15,17,5893,,,,6,26266,,,,24,23012,,,,19,21474,,,,32,30639,,,,12,8902,,,,,,,,,,,,,,,,,,,,,,,,,,,,,,,,,,,,,,,,,,,,,,,,
180843,17-Jul-19,0:50:57,2019-07-17 00:50:57,G,6,2,1178,294,0,6,-62.3897,-60.6441,50:58.1,FastGPS,-62.3897,-60.6441,,,9.6,-0.9,,,,15,31,16737,,,,29,20645,,,,25,17569,,,,14,5472,,,,6,14492,,,,32,19775,,,,,,,,,,,,,,,,,,,,,,,,,,,,,,,,,,,,,,,,,,,,,,,,
180843,17-Jul-19,1:53:45,2019-07-17 01:53:45,G,4,2,1179,294,0,7,-62.3956,-60.6368,53:45.6,FastGPS,-62.3956,-60.6368,,,8,-1.4,,,,15,31,10253,,,,26,8991,,,,29,21034,,,,23,3415,,,,2,11037,,,,6,2716,,,,25,27257,,,,,,,,,,,,,,,,,,,,,,,,,,,,,,,,,,,,,,,,,,,
180843,17-Jul-19,2:56:21,2019-07-17 02:56:21,G,12,2,1180,294,0,4,-62.4037,-60.0717,46:47.6,FastGPS,-62.391,-60.5771,,,1.7,-1.9,,,,15,29,17200,,,,5,14166,,,,2,11979,,,,25,16199,,,,,,,,,,,,,,,,,,,,,,,,,,,,,,,,,,,,,,,,,,,,,,,,,,,,,,,,,,
180843,17-Jul-19,3:58:54,2019-07-17 03:58:54,G,12,2,1181,294,0,6,-62.38,-60.5121,58:54.6,FastGPS,-62.38,-60.5121,,,1.3,-1.4,,,,15,21,10165,,,,26,5263,,,,29,8631,,,,5,26032,,,,31,30790,,,,16,9410,,,,,,,,,,,,,,,,,,,,,,,,,,,,,,,,,,,,,,,,,,,,,,,,
180843,17-Jul-19,5:30:27,2019-07-17 05:30:27,G,10,2,1182,,0,9,-62.3681,-60.4681,30:27.6,FastGPS,-62.3681,-60.4681,,,19.6,-1.4,,,,15,15,1343,,,,7,25859,,,,21,11439,,,,29,17695,,,,13,29818,,,,20,50,,,,30,16195,,,,27,10066,,,,26,21220,,,,,,,,,,,,,,,,,,,,,,,,,,,,,,,,,
180843,17-Jul-19,7:25:32,2019-07-17 07:25:32,G,6,2,1183,299,0,7,-62.3708,-60.3602,25:33.1,FastGPS,-62.3708,-60.3602,,,9.5,-0.9,,,,15,8,9371,,,,18,15958,,,,15,20413,,,,11,15678,,,,27,31723,,,,20,20652,,,,10,4336,,,,,,,,,,,,,,,,,,,,,,,,,,,,,,,,,,,,,,,,,,,
180843,17-Jul-19,8:33:04,2019-07-17 08:33:04,G,8,2,1184,299,0,4,-62.4037,-60.0717,46:47.6,FastGPS,-62.371,-60.3136,,,1.3,-0.9,,,,15,10,16491,,,,32,12871,,,,20,20666,,,,27,9352,,,,,,,,,,,,,,,,,,,,,,,,,,,,,,,,,,,,,,,,,,,,,,,,,,,,,,,,,,
180843,17-Jul-19,10:09:58,2019-07-17 10:09:58,G,6,2,1185,300,0,8,-62.3886,-60.2789,09:59.1,FastGPS,-62.3886,-60.2789,,,13.5,-0.9,,,,15,17,10180,,,,22,6042,,,,11,26160,,,,3,18854,,,,18,7973,,,,1,19605,,,,19,22743,,,,24,19747,,,,,,,,,,,,,,,,,,,,,,,,,,,,,,,,,,,,,,
180843,17-Jul-19,11:13:13,2019-07-17 11:13:13,G,6,2,1186,300,0,8,-62.3952,-60.2428,13:14.1,FastGPS,-62.3952,-60.2428,,,9.7,-0.9,,,,15,12,22072,,,,32,28861,,,,31,20817,,,,17,8714,,,,14,738,,,,18,9648,,,,3,8709,,,,19,1610,,,,,,,,,,,,,,,,,,,,,,,,,,,,,,,,,,,,,,
180843,17-Jul-19,12:14:36,2019-07-17 12:14:36,G,6,2,1187,,0,9,-62.4036,-60.2195,14:37.1,FastGPS,-62.4036,-60.2195,,,11.8,-0.9,,,,15,17,31738,,,,19,21370,,,,23,8534,,,,3,11430,,,,6,2129,,,,31,22596,,,,12,7998,,,,22,19010,,,,25,5022,,,,,,,,,,,,,,,,,,,,,,,,,,,,,,,,,
180843,17-Jul-19,13:38:00,2019-07-17 13:38:00,G,8,2,1188,301,0,6,-62.4026,-60.1654,38:01.0,FastGPS,-62.4026,-60.1654,,,2.5,-1,,,,15,9,23007,,,,31,14690,,,,6,26581,,,,23,1815,,,,2,5207,,,,3,6128,,,,,,,,,,,,,,,,,,,,,,,,,,,,,,,,,,,,,,,,,,,,,,,,
180843,17-Jul-19,14:42:03,2019-07-17 14:42:03,G,10,2,1189,,0,9,-62.3995,-60.1122,42:04.1,FastGPS,-62.3995,-60.1122,,,6.7,-0.9,,,,15,2,25104,,,,26,30997,,,,6,947,,,,23,5813,,,,29,12042,,,,9,4733,,,,5,7168,,,,16,18615,,,,7,8434,,,,,,,,,,,,,,,,,,,,,,,,,,,,,,,,,
180843,17-Jul-19,15:46:46,2019-07-17 15:46:46,G,4,2,1190,301,0,4,-62.406,-60.0614,24:21.6,FastGPS,-62.4037,-60.0717,,,0.8,-0.4,,,,15,5,21244,,,,23,2153,,,,26,21677,,,,16,22982,,,,,,,,,,,,,,,,,,,,,,,,,,,,,,,,,,,,,,,,,,,,,,,,,,,,,,,,,,
180843,17-Jul-19,17:24:20,2019-07-17 17:24:20,G,8,2,1191,303,0,6,-62.406,-60.0614,24:21.6,FastGPS,-62.406,-60.0614,,1,6.8,-0.4,,,,15,5,2298,,,,13,31411,,,,16,24780,,,,27,18756,,,,7,5036,,,,30,5065,,,,,,,,,,,,,,,,,,,,,,,,,,,,,,,,,,,,,,,,,,,,,,,,
180843,17-Jul-19,18:29:10,2019-07-17 18:29:10,G,2,2,1192,303,0,6,-62.4079,-60.0538,29:11.1,FastGPS,-62.4079,-60.0538,,,12.2,-0.9,,,,15,15,32518,,,,13,6620,,,,7,21451,,,,8,9180,,,,27,7267,,,,5,21998,,,,,,,,,,,,,,,,,,,,,,,,,,,,,,,,,,,,,,,,,,,,,,,,
180843,17-Jul-19,20:02:29,2019-07-17 20:02:29,G,8,2,1193,305,0,8,-62.411,-60.0339,02:05.1,FastGPS,-62.3925,-63.1858,,4,7707.1,-0.1,,,,15,17,20483,,,,19,29413,,,,30,28049,,,,28,32040,,,,11,13098,,,,15,23262,,,,20,22166,,,,18,18053,,,,,,,,,,,,,,,,,,,,,,,,,,,,,,,,,,,,,,
180843,17-Jul-19,21:02:04,2019-07-17 21:02:04,G,6,2,1194,,0,9,-62.411,-60.0339,02:05.1,FastGPS,-62.411,-60.0339,,,10.4,-0.9,,,,15,18,10505,,,,10,17161,,,,24,31069,,,,11,7636,,,,15,8815,,,,1,3762,,,,20,2480,,,,28,27954,,,,12,7709,,,,,,,,,,,,,,,,,,,,,,,,,,,,,,,,,
180843,17-Jul-19,22:04:11,2019-07-17 22:04:11,G,2,2,1195,305,0,4,-62.4037,-60.0717,46:47.6,FastGPS,-62.4412,-59.979,,,0.5,-0.9,,,,15,12,21307,,,,17,31175,,,,24,6680,,,,32,22132,,,,,,,,,,,,,,,,,,,,,,,,,,,,,,,,,,,,,,,,,,,,,,,,,,,,,,,,,,
180843,17-Jul-19,23:04:00,2019-07-17 23:04:00,G,4,2,1196,305,0,7,-62.4437,-59.9727,04:01.1,FastGPS,-62.4437,-59.9727,,,5.6,-0.9,,,,15,17,12262,,,,32,5993,,,,12,23737,,,,6,24118,,,,14,10835,,,,19,30931,,,,2,27620,,,,,,,,,,,,,,,,,,,,,,,,,,,,,,,,,,,,,,,,,,,
180843,18-Jul-19,0:05:17,2019-07-18 00:05:17,G,8,2,1197,,0,9,-62.4383,-59.9549,05:18.6,FastGPS,-62.4383,-59.9549,,,9.7,-0.4,,,,15,25,87,,,,31,22523,,,,3,26341,,,,32,25401,,,,14,19217,,,,12,26259,,,,19,28744,,,,17,15795,,,,6,5864,,,,,,,,,,,,,,,,,,,,,,,,,,,,,,,,,
180843,18-Jul-19,1:05:00,2019-07-18 01:05:00,G,8,2,1198,305,0,6,-62.4384,-59.9406,05:01.6,FastGPS,-62.4384,-59.9406,,,4.5,-0.4,,,,15,29,7042,,,,31,21591,,,,6,22523,,,,14,29846,,,,25,21674,,,,2,24722,,,,,,,,,,,,,,,,,,,,,,,,,,,,,,,,,,,,,,,,,,,,,,,,
180843,18-Jul-19,2:23:59,2019-07-18 02:23:59,G,6,2,1199,306,0,8,-62.4411,-59.9165,24:00.6,FastGPS,-62.4411,-59.9165,,,9.7,-0.4,,,,15,29,15944,,,,31,2420,,,,25,8490,,,,23,8816,,,,26,5062,,,,12,17361,,,,5,19175,,,,21,21556,,,,,,,,,,,,,,,,,,,,,,,,,,,,,,,,,,,,,,
180843,18-Jul-19,3:24:50,2019-07-18 03:24:50,G,10,2,1200,306,0,6,-62.4364,-59.8878,24:51.6,FastGPS,-62.4364,-59.8878,,,3.4,-0.4,,,,15,5,832,,,,31,10552,,,,21,28541,,,,29,32553,,,,25,2344,,,,26,15942,,,,,,,,,,,,,,,,,,,,,,,,,,,,,,,,,,,,,,,,,,,,,,,,
180843,18-Jul-19,4:27:29,2019-07-18 04:27:29,G,2,2,1201,306,0,8,-62.4348,-59.8734,27:30.6,FastGPS,-62.4348,-59.8734,,,7.3,-0.4,,,,15,5,32378,,,,29,8155,,,,16,3160,,,,7,21723,,,,26,335,,,,13,6989,,,,15,31713,,,,21,20187,,,,,,,,,,,,,,,,,,,,,,,,,,,,,,,,,,,,,,
180843,18-Jul-19,5:30:50,2019-07-18 05:30:50,G,8,2,1202,306,0,8,-62.4322,-59.8473,30:51.1,FastGPS,-62.4322,-59.8473,,,6.9,-0.9,,,,15,15,3901,,,,13,26575,,,,29,19654,,,,21,28993,,,,10,6086,,,,7,10043,,,,20,1164,,,,26,22534,,,,,,,,,,,,,,,,,,,,,,,,,,,,,,,,,,,,,,
180843,18-Jul-19,6:47:05,2019-07-18 06:47:05,G,6,2,1203,307,0,8,-62.433,-59.8452,47:06.1,FastGPS,-62.433,-59.8452,,,6.5,-0.9,,,,15,21,29201,,,,16,148,,,,10,2452,,,,15,24655,,,,20,14623,,,,27,1842,,,,13,19039,,,,8,32596,,,,,,,,,,,,,,,,,,,,,,,,,,,,,,,,,,,,,,
180843,18-Jul-19,7:47:00,2019-07-18 07:47:00,G,8,2,1204,307,0,6,-62.4326,-59.8435,47:00.7,FastGPS,-62.4326,-59.8435,,,21.5,-1.3,,,,15,18,2759,,,,11,5680,,,,27,8837,,,,8,5377,,,,15,17081,,,,28,7768,,,,,,,,,,,,,,,,,,,,,,,,,,,,,,,,,,,,,,,,,,,,,,,,
180843,18-Jul-19,8:47:44,2019-07-18 08:47:44,G,6,2,1205,,0,9,-62.4314,-59.8499,47:45.1,FastGPS,-62.4314,-59.8499,,,9.8,-0.9,,,,15,10,18141,,,,18,199,,,,20,30631,,,,11,11381,,,,8,15109,,,,32,23456,,,,1,7562,,,,14,18365,,,,22,17421,,,,,,,,,,,,,,,,,,,,,,,,,,,,,,,,,
180843,18-Jul-19,10:05:55,2019-07-18 10:05:55,G,8,2,1206,307,0,8,-62.4205,-59.8697,05:56.1,FastGPS,-62.4205,-59.8697,,,11,-0.9,,,,15,32,12366,,,,10,335,,,,1,12906,,,,31,21571,,,,18,1847,,,,14,19196,,,,17,3300,,,,11,19267,,,,,,,,,,,,,,,,,,,,,,,,,,,,,,,,,,,,,,
180843,18-Jul-19,11:37:10,2019-07-18 11:37:10,G,2,2,1207,,0,9,-62.4177,-59.8765,37:11.1,FastGPS,-62.4177,-59.8765,,,9.1,-0.9,,,,15,17,21352,,,,31,29192,,,,14,23218,,,,19,5122,,,,32,16093,,,,12,11453,,,,6,751,,,,3,29779,,,,22,9254,,,,,,,,,,,,,,,,,,,,,,,,,,,,,,,,,
180843,18-Jul-19,12:41:48,2019-07-18 12:41:48,G,4,2,1208,,0,9,-62.4249,-59.8991,41:49.6,FastGPS,-62.4249,-59.8991,,,8,-0.4,,,,15,22,21844,,,,31,28485,,,,17,31892,,,,23,23667,,,,3,12143,,,,6,27785,,,,1,10459,,,,9,397,,,,19,17514,,,,,,,,,,,,,,,,,,,,,,,,,,,,,,,,,
180843,18-Jul-19,13:58:06,2019-07-18 13:58:06,G,2,2,1209,,0,9,-62.4264,-59.9072,58:07.1,FastGPS,-62.4264,-59.9072,,,7.3,-0.9,,,,15,16,24677,,,,31,22439,,,,3,18363,,,,26,172,,,,22,10581,,,,2,8460,,,,23,19365,,,,9,27518,,,,7,4264,,,,,,,,,,,,,,,,,,,,,,,,,,,,,,,,,
180843,18-Jul-19,15:40:16,2019-07-18 15:40:16,G,2,2,1210,311,0,5,-62.4229,-59.9072,40:17.1,FastGPS,-62.4229,-59.9072,,,8.6,-0.9,,,,15,5,6260,,,,30,16972,,,,7,4869,,,,2,17447,,,,29,21456,,,,,,,,,,,,,,,,,,,,,,,,,,,,,,,,,,,,,,,,,,,,,,,,,,,,,
180843,18-Jul-19,16:57:31,2019-07-18 16:57:31,G,2,2,1211,,0,9,-62.4185,-59.9082,57:32.6,FastGPS,-62.4185,-59.9082,,1,9.9,-0.4,,,,15,5,32102,,,,4,14990,,,,27,12888,,,,13,27844,,,,30,2120,,,,16,7785,,,,21,9941,,,,9,11738,,,,7,6988,,,,,,,,,,,,,,,,,,,,,,,,,,,,,,,,,
180843,18-Jul-19,18:02:28,2019-07-18 18:02:28,G,8,2,1212,312,0,5,-62.4124,-59.9296,02:29.1,FastGPS,-62.4124,-59.9296,,,5.9,-0.9,,,,15,7,6369,,,,5,21278,,,,8,13969,,,,28,11372,,,,30,9272,,,,,,,,,,,,,,,,,,,,,,,,,,,,,,,,,,,,,,,,,,,,,,,,,,,,,
180843,18-Jul-19,20:19:31,2019-07-18 20:19:31,G,10,2,1213,314,0,8,-62.4264,-59.9425,19:31.6,FastGPS,-62.4264,-59.9425,,,7.8,-1.4,,,,15,15,6121,,,,11,30671,,,,10,21123,,,,24,3296,,,,18,25719,,,,20,22326,,,,1,3361,,,,13,16464,,,,,,,,,,,,,,,,,,,,,,,,,,,,,,,,,,,,,,
180843,18-Jul-19,22:49:00,2019-07-18 22:49:00,G,8,2,1214,320,1,4,-62.445,-59.9367,7/18/2019 21:19,SR,-62.4444,-59.9416,,,1.6,-1.9,,,,15,6,26150,,,,12,4682,,,,19,21363,,,,24,18907,,,,,,,,,,,,,,,,,,,,,,,,,,,,,,,,,,,,,,,,,,,,,,,,,,,,,,,,,,
180843,18-Jul-19,23:49:00,2019-07-18 23:49:00,G,2,2,1215,320,1,4,-62.4444,-59.9416,49:00.1,FastGPS,-62.4445,-59.9415,,,0.4,-0.9,,,,15,2,15972,,,,24,24945,,,,12,23763,,,,6,31175,,,,,,,,,,,,,,,,,,,,,,,,,,,,,,,,,,,,,,,,,,,,,,,,,,,,,,,,,,
180843,19-Jul-19,0:49:00,2019-07-19 00:49:00,G,6,2,1216,320,1,4,-62.4445,-59.9415,49:01.1,FastGPS,-62.4444,-59.9412,,,0.5,-0.9,,,,15,29,17845,,,,12,32220,,,,2,1735,,,,19,28334,,,,,,,,,,,,,,,,,,,,,,,,,,,,,,,,,,,,,,,,,,,,,,,,,,,,,,,,,,
180843,19-Jul-19,1:49:00,2019-07-19 01:49:00,G,4,2,1217,320,1,8,-62.4443,-59.9409,49:01.1,FastGPS,-62.4443,-59.9409,,3,2.8,-0.9,,,,15,5,25689,,,,12,29159,,,,2,783,,,,6,16653,,,,25,16475,,,,21,10592,,,,7,4576,,,,20,10093,,,,,,,,,,,,,,,,,,,,,,,,,,,,,,,,,,,,,,
180843,19-Jul-19,10:39:07,2019-07-19 10:39:07,G,2,2,1218,320,0,8,-62.4447,-59.9436,39:08.6,FastGPS,-62.4447,-59.9436,,,5.2,-0.4,,,,15,31,26847,,,,11,3305,,,,1,11609,,,,22,5596,,,,18,16152,,,,3,29428,,,,32,14306,,,,17,14789,,,,,,,,,,,,,,,,,,,,,,,,,,,,,,,,,,,,,,
180843,19-Jul-19,12:58:08,2019-07-19 12:58:08,G,8,2,1220,321,0,5,-62.4289,-59.9752,58:08.2,FastGPS,-62.4289,-59.9752,,,10.8,-1.8,,,,15,3,20601,,,,31,2212,,,,22,24877,,,,23,6811,,,,9,31455,,,,,,,,,,,,,,,,,,,,,,,,,,,,,,,,,,,,,,,,,,,,,,,,,,,,,
180843,19-Jul-19,14:19:01,2019-07-19 14:19:01,G,4,2,1221,322,0,6,-62.4183,-60.0025,19:02.6,FastGPS,-62.4183,-60.0025,,,5.1,-0.4,,,,15,2,18663,,,,16,12713,,,,9,17923,,,,23,10900,,,,6,7841,,,,26,30481,,,,,,,,,,,,,,,,,,,,,,,,,,,,,,,,,,,,,,,,,,,,,,,,
180843,19-Jul-19,15:25:31,2019-07-19 15:25:31,G,4,2,1222,322,0,8,-62.4129,-60.0115,25:31.1,FastGPS,-62.4129,-60.0115,,,6.2,-1.9,,,,15,5,12960,,,,29,24973,,,,26,1812,,,,2,30634,,,,23,32473,,,,16,1635,,,,7,22897,,,,9,22204,,,,,,,,,,,,,,,,,,,,,,,,,,,,,,,,,,,,,,
180843,19-Jul-19,16:26:39,2019-07-19 16:26:39,G,8,2,1223,322,0,5,-62.4125,-60.0008,26:40.6,FastGPS,-62.4125,-60.0008,,,4.3,-0.4,,,,15,9,27554,,,,30,23736,,,,7,14719,,,,5,26648,,,,27,626,,,,,,,,,,,,,,,,,,,,,,,,,,,,,,,,,,,,,,,,,,,,,,,,,,,,,
180843,19-Jul-19,18:06:21,2019-07-19 18:06:21,G,2,2,1224,,0,9,-62.4086,-59.9854,06:21.1,FastGPS,-62.4086,-59.9854,,1,8.6,-1.9,,,,15,7,26681,,,,15,16808,,,,8,9364,,,,13,16788,,,,21,6719,,,,30,18779,,,,4,19488,,,,5,16084,,,,27,14530,,,,,,,,,,,,,,,,,,,,,,,,,,,,,,,,,
180843,19-Jul-19,19:28:55,2019-07-19 19:28:55,G,6,2,1225,325,0,8,-62.4071,-59.9821,28:56.1,FastGPS,-62.4071,-59.9821,,,9,-0.9,,,,15,30,11914,,,,11,18504,,,,28,3231,,,,13,5,,,,17,22828,,,,8,8038,,,,18,30384,,,,15,25614,,,,,,,,,,,,,,,,,,,,,,,,,,,,,,,,,,,,,,
180843,19-Jul-19,20:32:23,2019-07-19 20:32:23,G,4,2,1226,325,0,5,-62.403,-59.96,32:23.1,FastGPS,-62.403,-59.96,,,16,-1.9,,,,15,17,23277,,,,28,31570,,,,13,14678,,,,15,13723,,,,19,5430,,,,,,,,,,,,,,,,,,,,,,,,,,,,,,,,,,,,,,,,,,,,,,,,,,,,,
180843,19-Jul-19,21:32:01,2019-07-19 21:32:01,G,6,2,1227,325,0,8,-62.3875,-59.9421,32:01.6,FastGPS,-62.3875,-59.9421,,,5.6,-1.4,,,,15,17,4086,,,,19,9284,,,,1,29656,,,,13,2454,,,,32,32108,,,,28,18213,,,,10,916,,,,18,26646,,,,,,,,,,,,,,,,,,,,,,,,,,,,,,,,,,,,,,
180843,19-Jul-19,22:32:01,2019-07-19 22:32:01,G,4,2,1228,325,0,7,-62.3605,-59.9389,32:01.1,FastGPS,-62.3605,-59.9389,,,10.1,-1.9,,,,15,17,18287,,,,19,26230,,,,22,13565,,,,12,27197,,,,6,29765,,,,1,25794,,,,3,2144,,,,,,,,,,,,,,,,,,,,,,,,,,,,,,,,,,,,,,,,,,,
180843,19-Jul-19,23:32:00,2019-07-19 23:32:00,G,4,2,1229,325,0,7,-62.3289,-59.9418,32:01.1,FastGPS,-62.3289,-59.9418,,,4.4,-0.9,,,,15,2,16023,,,,17,27108,,,,19,5604,,,,24,31572,,,,12,10118,,,,6,5087,,,,3,19140,,,,,,,,,,,,,,,,,,,,,,,,,,,,,,,,,,,,,,,,,,,
180843,20-Jul-19,0:32:16,2019-07-20 00:32:16,G,2,2,1230,325,0,5,-62.2955,-59.9586,32:17.1,FastGPS,-62.2955,-59.9586,,,1.7,-0.9,,,,15,12,25759,,,,6,1807,,,,2,14039,,,,25,16503,,,,19,18026,,,,,,,,,,,,,,,,,,,,,,,,,,,,,,,,,,,,,,,,,,,,,,,,,,,,,
180843,20-Jul-19,1:32:31,2019-07-20 01:32:31,G,2,2,1231,325,0,5,-62.2652,-59.9731,32:32.1,FastGPS,-62.2652,-59.9731,,,2,-0.9,,,,15,5,10264,,,,12,10874,,,,2,21366,,,,6,29011,,,,31,27419,,,,,,,,,,,,,,,,,,,,,,,,,,,,,,,,,,,,,,,,,,,,,,,,,,,,,
180843,20-Jul-19,2:33:22,2019-07-20 02:33:22,G,4,2,1232,325,0,7,-62.2392,-59.9588,33:22.1,FastGPS,-62.2392,-59.9588,,,6.6,-1.9,,,,15,2,14073,,,,5,15005,,,,25,8472,,,,12,20110,,,,9,9724,,,,26,23190,,,,29,6454,,,,,,,,,,,,,,,,,,,,,,,,,,,,,,,,,,,,,,,,,,,
180843,20-Jul-19,7:36:45,2019-07-20 07:36:45,G,8,2,1233,326,0,8,-62.2141,-59.7524,36:45.6,FastGPS,-62.2141,-59.7524,,1,8.5,-1.4,,,,15,20,12967,,,,10,20855,,,,4,11959,,,,15,5426,,,,21,8312,,,,32,7366,,,,24,20068,,,,27,31636,,,,,,,,,,,,,,,,,,,,,,,,,,,,,,,,,,,,,,
180843,20-Jul-19,10:52:04,2019-07-20 10:52:04,G,2,2,1234,326,0,8,-62.1792,-59.4613,52:05.1,FastGPS,-62.1792,-59.4613,,,11,-0.9,,,,15,32,9172,,,,31,9196,,,,12,19669,,,,14,627,,,,18,19988,,,,19,23752,,,,17,13088,,,,1,14147,,,,,,,,,,,,,,,,,,,,,,,,,,,,,,,,,,,,,,
180843,20-Jul-19,14:33:42,2019-07-20 14:33:42,G,4,2,1236,,0,9,-62.1184,-59.1223,33:43.1,FastGPS,-62.1184,-59.1223,,,9.1,-0.9,,,,15,2,11329,,,,26,24412,,,,16,25128,,,,29,2867,,,,9,625,,,,6,6018,,,,23,22796,,,,7,19091,,,,5,10073,,,,,,,,,,,,,,,,,,,,,,,,,,,,,,,,,
180843,20-Jul-19,18:27:45,2019-07-20 18:27:45,G,4,2,1238,329,0,6,-62.1115,-58.888,27:46.1,FastGPS,-62.1115,-58.888,,,19.8,-0.9,,,,15,7,2153,,,,8,1120,,,,30,21359,,,,27,31558,,,,28,15021,,,,15,21249,,,,,,,,,,,,,,,,,,,,,,,,,,,,,,,,,,,,,,,,,,,,,,,,
180843,20-Jul-19,19:28:02,2019-07-20 19:28:02,G,4,2,1239,329,0,7,-62.095,-58.833,28:03.6,FastGPS,-62.095,-58.833,,,8.2,-0.4,,,,15,30,10294,,,,11,31997,,,,17,16567,,,,8,3278,,,,18,12788,,,,28,11431,,,,13,612,,,,,,,,,,,,,,,,,,,,,,,,,,,,,,,,,,,,,,,,,,,
180843,20-Jul-19,20:48:27,2019-07-20 20:48:27,G,8,2,1240,330,0,8,-62.0643,-58.7698,48:27.1,FastGPS,-62.0643,-58.7698,,,12,-1.9,,,,15,17,25364,,,,28,3451,,,,19,20238,,,,10,9241,,,,24,19921,,,,18,9534,,,,11,9977,,,,15,8666,,,,,,,,,,,,,,,,,,,,,,,,,,,,,,,,,,,,,,
180843,20-Jul-19,21:51:26,2019-07-20 21:51:26,G,8,2,1241,330,0,6,-62.0439,-58.7414,51:26.6,FastGPS,-62.0439,-58.7414,,,6.8,-1.4,,,,15,17,2029,,,,15,16665,,,,12,15250,,,,19,11113,,,,28,8288,,,,24,3256,,,,,,,,,,,,,,,,,,,,,,,,,,,,,,,,,,,,,,,,,,,,,,,,
180843,20-Jul-19,22:52:18,2019-07-20 22:52:18,G,14,2,1242,,0,9,-62.0299,-58.7252,52:18.1,FastGPS,-62.0299,-58.7252,,,8.6,-1.9,,,,15,17,9814,,,,19,28531,,,,22,3241,,,,3,61,,,,6,23909,,,,2,32670,,,,24,24421,,,,12,18459,,,,32,27463,,,,,,,,,,,,,,,,,,,,,,,,,,,,,,,,,
180843,20-Jul-19,23:52:00,2019-07-20 23:52:00,G,2,2,1243,330,0,8,-62.0052,-58.6985,52:00.6,FastGPS,-62.0052,-58.6985,,,13.7,-1.4,,,,15,6,32630,,,,17,20157,,,,2,541,,,,12,22266,,,,19,30120,,,,31,4504,,,,3,17677,,,,25,19712,,,,,,,,,,,,,,,,,,,,,,,,,,,,,,,,,,,,,,
180843,21-Jul-19,0:52:07,2019-07-21 00:52:07,G,4,2,1244,330,0,5,-61.9977,-58.65,52:07.6,FastGPS,-61.9977,-58.65,,,17.5,-1.4,,,,15,31,21693,,,,12,29713,,,,6,29810,,,,2,5513,,,,25,29012,,,,,,,,,,,,,,,,,,,,,,,,,,,,,,,,,,,,,,,,,,,,,,,,,,,,,
180843,21-Jul-19,2:02:57,2019-07-21 02:02:57,G,2,2,1245,330,0,7,-61.9828,-58.5998,02:57.6,FastGPS,-61.9828,-58.5998,,,6.9,-1.4,,,,15,5,24926,,,,31,32466,,,,29,32064,,,,2,24629,,,,12,23086,,,,23,974,,,,26,18167,,,,,,,,,,,,,,,,,,,,,,,,,,,,,,,,,,,,,,,,,,,
180843,21-Jul-19,3:07:19,2019-07-21 03:07:19,G,8,2,1246,330,0,5,-61.975,-58.5719,07:19.6,FastGPS,-61.975,-58.5719,,,1.9,-1.4,,,,15,5,30075,,,,26,24920,,,,29,4851,,,,2,89,,,,16,9119,,,,,,,,,,,,,,,,,,,,,,,,,,,,,,,,,,,,,,,,,,,,,,,,,,,,,
180843,21-Jul-19,4:23:15,2019-07-21 04:23:15,G,4,2,1247,331,0,6,-61.9688,-58.5669,23:15.1,FastGPS,-61.9688,-58.5669,,1,14.8,-1.9,,,,15,26,31858,,,,16,23659,,,,4,4506,,,,20,11051,,,,5,21605,,,,21,17248,,,,,,,,,,,,,,,,,,,,,,,,,,,,,,,,,,,,,,,,,,,,,,,,
180843,21-Jul-19,5:23:00,2019-07-21 05:23:00,G,10,2,1248,331,0,7,-61.9582,-58.5107,23:00.1,FastGPS,-61.9582,-58.5107,,1,2,-1.9,,,,15,15,11446,,,,7,20366,,,,29,31012,,,,27,7867,,,,4,24234,,,,21,17131,,,,16,1111,,,,,,,,,,,,,,,,,,,,,,,,,,,,,,,,,,,,,,,,,,,
180843,21-Jul-19,6:56:24,2019-07-21 06:56:24,G,2,2,1249,333,0,8,-61.9245,-58.442,56:24.2,FastGPS,-61.9245,-58.442,,,11.5,-1.8,,,,15,15,8017,,,,8,28514,,,,21,13207,,,,10,19106,,,,30,17665,,,,20,6155,,,,27,2907,,,,13,25444,,,,,,,,,,,,,,,,,,,,,,,,,,,,,,,,,,,,,,
180843,21-Jul-19,7:56:00,2019-07-21 07:56:00,G,8,2,1250,,0,9,-61.9151,-58.3926,56:00.1,FastGPS,-61.9151,-58.3926,,,14.5,-1.9,,,,15,20,1415,,,,11,8547,,,,15,16399,,,,24,13838,,,,18,4539,,,,28,31643,,,,8,11946,,,,10,23958,,,,32,5928,,,,,,,,,,,,,,,,,,,,,,,,,,,,,,,,,
180843,21-Jul-19,8:57:42,2019-07-21 08:57:42,G,8,2,1251,333,0,7,-61.9132,-58.3359,57:42.6,FastGPS,-61.9132,-58.3359,,,16.1,-1.4,,,,15,10,6628,,,,32,4818,,,,18,23314,,,,24,29934,,,,20,32142,,,,28,9426,,,,1,3742,,,,,,,,,,,,,,,,,,,,,,,,,,,,,,,,,,,,,,,,,,,
180843,21-Jul-19,10:27:20,2019-07-21 10:27:20,G,4,2,1252,333,0,7,-61.9281,-58.2381,27:20.6,FastGPS,-61.9281,-58.2381,,,4.9,-1.4,,,,15,17,1659,,,,3,14498,,,,32,32198,,,,31,27125,,,,22,31984,,,,19,15287,,,,1,15114,,,,,,,,,,,,,,,,,,,,,,,,,,,,,,,,,,,,,,,,,,,
180843,21-Jul-19,11:30:13,2019-07-21 11:30:13,G,2,2,1253,,0,9,-61.9245,-58.1809,30:14.6,FastGPS,-61.9245,-58.1809,,,10.6,-0.4,,,,15,32,27293,,,,31,11641,,,,12,3386,,,,14,7952,,,,18,20592,,,,1,10117,,,,23,31817,,,,25,8223,,,,22,5380,,,,,,,,,,,,,,,,,,,,,,,,,,,,,,,,,
180843,21-Jul-19,12:49:21,2019-07-21 12:49:21,G,6,2,1254,334,0,6,-61.9117,-58.0842,49:22.6,FastGPS,-61.9117,-58.0842,,,19,-0.4,,,,15,31,15638,,,,22,12128,,,,25,19781,,,,26,19278,,,,6,12601,,,,23,13335,,,,,,,,,,,,,,,,,,,,,,,,,,,,,,,,,,,,,,,,,,,,,,,,
180843,21-Jul-19,13:49:54,2019-07-21 13:49:54,G,4,2,1255,334,0,6,-61.9006,-58.0204,49:55.1,FastGPS,-61.9006,-58.0204,,,11.3,-0.9,,,,15,16,17206,,,,26,13477,,,,22,2164,,,,3,11561,,,,31,6681,,,,7,25801,,,,,,,,,,,,,,,,,,,,,,,,,,,,,,,,,,,,,,,,,,,,,,,,
180843,21-Jul-19,14:50:00,2019-07-21 14:50:00,G,4,2,1256,,0,9,-61.9023,-57.9624,50:01.1,FastGPS,-61.9023,-57.9624,,,7.7,-0.9,,,,15,7,30456,,,,2,12866,,,,5,19802,,,,16,24931,,,,26,30738,,,,6,20371,,,,29,20526,,,,9,3194,,,,23,19127,,,,,,,,,,,,,,,,,,,,,,,,,,,,,,,,,
180843,21-Jul-19,17:16:48,2019-07-21 17:16:48,G,2,2,1258,335,0,7,-61.9069,-57.8688,16:49.1,FastGPS,-61.9069,-57.8688,,1,13.1,-0.9,,,,15,5,26791,,,,8,23022,,,,4,24458,,,,7,31565,,,,13,29523,,,,27,4231,,,,30,25369,,,,,,,,,,,,,,,,,,,,,,,,,,,,,,,,,,,,,,,,,,,
180843,21-Jul-19,18:17:00,2019-07-21 18:17:00,G,6,2,1259,335,0,8,-61.9092,-57.8077,17:00.1,FastGPS,-61.9092,-57.8077,,,13.6,-1.9,,,,15,7,26164,,,,13,18162,,,,27,6541,,,,8,27830,,,,5,12505,,,,15,12924,,,,30,27650,,,,11,17909,,,,,,,,,,,,,,,,,,,,,,,,,,,,,,,,,,,,,,
180843,21-Jul-19,19:19:10,2019-07-21 19:19:10,G,8,2,1260,335,0,5,-61.902,-57.7542,19:11.6,FastGPS,-61.902,-57.7542,,,6.4,-0.4,,,,15,17,11585,,,,11,12473,,,,8,1954,,,,30,16490,,,,15,278,,,,,,,,,,,,,,,,,,,,,,,,,,,,,,,,,,,,,,,,,,,,,,,,,,,,,
180843,21-Jul-19,20:20:00,2019-07-21 20:20:00,G,6,2,1261,335,0,7,-61.9004,-57.6947,20:00.1,FastGPS,-61.9004,-57.6947,,,10.2,-1.9,,,,15,18,1529,,,,30,23060,,,,17,28817,,,,1,11202,,,,15,24543,,,,10,20960,,,,11,28257,,,,,,,,,,,,,,,,,,,,,,,,,,,,,,,,,,,,,,,,,,,
180843,21-Jul-19,21:20:37,2019-07-21 21:20:37,G,4,2,1262,,0,9,-61.8956,-57.6653,20:38.1,FastGPS,-61.8956,-57.6653,,,8.2,-0.9,,,,15,1,8763,,,,12,13770,,,,24,4882,,,,10,2864,,,,15,27699,,,,32,16386,,,,18,6333,,,,11,10539,,,,28,18369,,,,,,,,,,,,,,,,,,,,,,,,,,,,,,,,,
180843,21-Jul-19,22:40:57,2019-07-21 22:40:57,G,8,2,1263,336,0,7,-61.9196,-57.6237,40:58.6,FastGPS,-61.9196,-57.6237,,,6.3,-0.4,,,,15,12,21406,,,,17,28289,,,,24,25493,,,,32,5588,,,,22,20867,,,,3,7639,,,,19,664,,,,,,,,,,,,,,,,,,,,,,,,,,,,,,,,,,,,,,,,,,,
180843,21-Jul-19,23:42:08,2019-07-21 23:42:08,G,8,2,1264,,0,9,-61.9346,-57.5628,42:08.6,FastGPS,-61.9346,-57.5628,,,7.7,-1.4,,,,15,25,17342,,,,32,9087,,,,17,7914,,,,14,23648,,,,31,25697,,,,19,9809,,,,3,8731,,,,6,22902,,,,12,9534,,,,,,,,,,,,,,,,,,,,,,,,,,,,,,,,,
180843,22-Jul-19,1:01:39,2019-07-22 01:01:39,G,6,2,1265,337,0,5,-61.9529,-57.4632,01:39.6,FastGPS,-61.9529,-57.4632,,,3.9,-1.4,,,,15,29,3475,,,,31,31426,,,,6,5552,,,,23,26243,,,,25,17883,,,,,,,,,,,,,,,,,,,,,,,,,,,,,,,,,,,,,,,,,,,,,,,,,,,,,
180843,22-Jul-19,2:02:43,2019-07-22 02:02:43,G,4,2,1266,337,0,4,-61.9529,-57.4632,01:39.6,FastGPS,-61.9727,-57.4333,,,0.3,-1.9,,,,15,31,27643,,,,29,6563,,,,25,22627,,,,23,159,,,,,,,,,,,,,,,,,,,,,,,,,,,,,,,,,,,,,,,,,,,,,,,,,,,,,,,,,,
180843,22-Jul-19,3:04:54,2019-07-22 03:04:54,G,4,2,1267,337,0,7,-61.9811,-57.4447,04:55.6,FastGPS,-61.9811,-57.4447,,,10.2,-0.4,,,,15,21,1170,,,,31,8944,,,,25,20212,,,,16,11893,,,,26,24769,,,,29,4624,,,,9,1542,,,,,,,,,,,,,,,,,,,,,,,,,,,,,,,,,,,,,,,,,,,
180843,22-Jul-19,7:31:25,2019-07-22 07:31:25,G,2,2,1269,,0,9,-62.01,-57.5336,31:25.1,FastGPS,-62.01,-57.5336,,1,5.5,-1.9,,,,15,15,30742,,,,32,23293,,,,24,2360,,,,20,8821,,,,4,31197,,,,21,1767,,,,27,19212,,,,10,19029,,,,18,5822,,,,,,,,,,,,,,,,,,,,,,,,,,,,,,,,,
180843,22-Jul-19,9:44:36,2019-07-22 09:44:36,G,8,2,1271,338,0,5,-62.0114,-57.572,44:37.6,FastGPS,-62.0114,-57.572,,,32.4,-0.4,,,,15,17,10231,,,,11,22955,,,,3,15582,,,,1,3749,,,,32,28551,,,,,,,,,,,,,,,,,,,,,,,,,,,,,,,,,,,,,,,,,,,,,,,,,,,,,
180843,22-Jul-19,10:45:50,2019-07-22 10:45:50,G,4,2,1272,,0,9,-62.0169,-57.5722,45:51.1,FastGPS,-62.0169,-57.5722,,,7.1,-0.9,,,,15,32,31624,,,,17,28044,,,,12,14888,,,,3,16526,,,,19,10856,,,,31,14718,,,,11,22433,,,,14,25884,,,,23,1538,,,,,,,,,,,,,,,,,,,,,,,,,,,,,,,,,
180843,22-Jul-19,12:11:39,2019-07-22 12:11:39,G,10,2,1273,339,0,8,-62.0065,-57.5627,11:40.1,FastGPS,-62.0065,-57.5627,,,6.8,-0.9,,,,15,6,4868,,,,19,3748,,,,17,12822,,,,1,14581,,,,9,32031,,,,12,20788,,,,23,17731,,,,22,7766,,,,,,,,,,,,,,,,,,,,,,,,,,,,,,,,,,,,,,
180843,22-Jul-19,13:14:00,2019-07-22 13:14:00,G,4,2,1274,339,0,4,-61.9727,-57.4333,02:43.1,FastGPS,-62.0142,-57.5853,,,0.4,-0.4,,,,15,9,12871,,,,2,21456,,,,6,18781,,,,31,9254,,,,,,,,,,,,,,,,,,,,,,,,,,,,,,,,,,,,,,,,,,,,,,,,,,,,,,,,,,
180843,22-Jul-19,14:29:35,2019-07-22 14:29:35,G,6,2,1275,340,0,7,-61.9981,-57.6374,29:35.6,FastGPS,-61.9981,-57.6374,,,11.1,-1.4,,,,15,16,16860,,,,29,10681,,,,26,3035,,,,23,25121,,,,3,18718,,,,7,11035,,,,2,11299,,,,,,,,,,,,,,,,,,,,,,,,,,,,,,,,,,,,,,,,,,,
180843,22-Jul-19,15:46:00,2019-07-22 15:46:00,G,2,2,1276,341,0,6,-61.9738,-57.6881,45:59.9,FastGPS,-61.9738,-57.6881,,1,9.5,-2.1,,,,15,23,19256,,,,16,699,,,,9,27768,,,,30,4737,,,,4,2768,,,,7,14192,,,,,,,,,,,,,,,,,,,,,,,,,,,,,,,,,,,,,,,,,,,,,,,,
180843,22-Jul-19,17:01:00,2019-07-22 17:01:00,G,2,2,1277,,0,9,-61.9594,-57.6581,01:00.1,FastGPS,-61.9594,-57.6581,,2,6.1,-1.9,,,,15,13,13359,,,,27,6603,,,,5,1493,,,,4,32678,,,,21,24371,,,,8,17707,,,,7,24746,,,,9,22218,,,,30,12256,,,,,,,,,,,,,,,,,,,,,,,,,,,,,,,,,
180843,22-Jul-19,18:02:52,2019-07-22 18:02:52,G,4,2,1278,342,0,8,-61.9513,-57.6517,02:53.1,FastGPS,-61.9513,-57.6517,,2,2.7,-0.9,,,,15,7,25295,,,,27,26926,,,,8,15029,,,,30,1544,,,,28,30502,,,,4,15130,,,,15,27982,,,,5,3810,,,,,,,,,,,,,,,,,,,,,,,,,,,,,,,,,,,,,,
180843,22-Jul-19,19:04:47,2019-07-22 19:04:47,G,4,2,1279,,0,9,-61.9385,-57.6419,04:48.6,FastGPS,-61.9385,-57.6419,,,10.7,-0.4,,,,15,15,20670,,,,11,4632,,,,7,32699,,,,8,7230,,,,30,30230,,,,13,3304,,,,28,26264,,,,20,13182,,,,10,13986,,,,,,,,,,,,,,,,,,,,,,,,,,,,,,,,,
180843,22-Jul-19,20:05:35,2019-07-22 20:05:35,G,6,2,1280,,0,9,-61.9227,-57.6432,05:35.1,FastGPS,-61.9227,-57.6432,,,19.5,-1.9,,,,15,30,17680,,,,17,1102,,,,28,422,,,,18,12160,,,,11,17348,,,,15,12787,,,,19,12093,,,,10,27083,,,,1,220,,,,,,,,,,,,,,,,,,,,,,,,,,,,,,,,,
180843,22-Jul-19,22:42:32,2019-07-22 22:42:32,G,2,2,1282,342,0,8,-61.8758,-57.624,42:33.1,FastGPS,-61.8758,-57.624,,,8,-0.9,,,,15,17,25201,,,,22,7130,,,,6,29751,,,,3,3319,,,,19,7191,,,,12,17968,,,,2,264,,,,32,26382,,,,,,,,,,,,,,,,,,,,,,,,,,,,,,,,,,,,,,
180843,22-Jul-19,23:48:20,2019-07-22 23:48:20,G,2,2,1283,,0,9,-61.8716,-57.6095,48:21.1,FastGPS,-61.8716,-57.6095,,,8.9,-0.9,,,,15,29,3295,,,,32,23443,,,,25,21108,,,,12,14122,,,,31,12098,,,,6,28610,,,,14,22917,,,,19,9701,,,,24,24306,,,,,,,,,,,,,,,,,,,,,,,,,,,,,,,,,
180843,23-Jul-19,1:03:42,2019-07-23 01:03:42,G,8,2,1284,342,0,6,-61.8879,-57.5981,03:43.1,FastGPS,-61.8879,-57.5981,,,8.4,-0.9,,,,15,29,8080,,,,31,28238,,,,25,4121,,,,2,12451,,,,23,22446,,,,6,290,,,,,,,,,,,,,,,,,,,,,,,,,,,,,,,,,,,,,,,,,,,,,,,,
180843,23-Jul-19,2:29:48,2019-07-23 02:29:48,G,4,2,1285,342,0,8,-61.8962,-57.656,29:48.1,FastGPS,-61.8962,-57.656,,,7.2,-1.9,,,,15,5,3066,,,,29,31679,,,,12,14898,,,,25,10894,,,,9,7317,,,,2,11386,,,,31,13622,,,,21,7564,,,,,,,,,,,,,,,,,,,,,,,,,,,,,,,,,,,,,,
180843,23-Jul-19,3:41:49,2019-07-23 03:41:49,G,6,2,1286,342,0,6,-61.8964,-57.6712,41:50.2,FastGPS,-61.8964,-57.6712,,,13.2,-0.8,,,,15,5,11032,,,,29,18871,,,,21,21458,,,,26,19861,,,,25,1637,,,,31,8148,,,,,,,,,,,,,,,,,,,,,,,,,,,,,,,,,,,,,,,,,,,,,,,,
180843,23-Jul-19,5:01:17,2019-07-23 05:01:17,G,6,2,1287,,0,9,-61.8895,-57.6868,01:17.1,FastGPS,-61.8895,-57.6868,,1,15.1,-1.9,,,,15,10,3271,,,,7,6070,,,,20,14210,,,,4,2857,,,,26,25178,,,,16,26489,,,,21,8584,,,,27,10937,,,,15,27284,,,,,,,,,,,,,,,,,,,,,,,,,,,,,,,,,
180843,23-Jul-19,6:25:58,2019-07-23 06:25:58,G,8,2,1288,,0,9,-61.8881,-57.6966,25:59.2,FastGPS,-61.8881,-57.6966,,1,11,-0.8,,,,15,21,6327,,,,16,28951,,,,10,891,,,,15,27652,,,,18,9199,,,,4,18967,,,,20,16890,,,,27,504,,,,8,13655,,,,,,,,,,,,,,,,,,,,,,,,,,,,,,,,,
180843,23-Jul-19,9:28:20,2019-07-23 09:28:20,G,6,2,1289,345,0,5,-61.8616,-57.7131,28:21.8,FastGPS,-61.8616,-57.7131,,,2.6,-0.2,,,,15,32,23892,,,,10,11830,,,,24,11269,,,,17,14778,,,,14,22318,,,,,,,,,,,,,,,,,,,,,,,,,,,,,,,,,,,,,,,,,,,,,,,,,,,,,
180843,23-Jul-19,11:00:11,2019-07-23 11:00:11,G,8,2,1290,345,0,7,-61.8733,-57.7017,00:12.7,FastGPS,-61.8733,-57.7017,,,3.6,-0.3,,,,15,12,14849,,,,17,7829,,,,32,6485,,,,14,29238,,,,19,23652,,,,31,16630,,,,1,16615,,,,,,,,,,,,,,,,,,,,,,,,,,,,,,,,,,,,,,,,,,,
180843,23-Jul-19,12:24:57,2019-07-23 12:24:57,G,6,2,1291,346,0,6,-61.8829,-57.6931,24:58.7,FastGPS,-61.8829,-57.6931,,,12.4,-0.3,,,,15,31,18746,,,,22,9554,,,,6,10937,,,,23,18417,,,,3,933,,,,1,21103,,,,,,,,,,,,,,,,,,,,,,,,,,,,,,,,,,,,,,,,,,,,,,,,
180843,23-Jul-19,13:52:04,2019-07-23 13:52:04,G,8,2,1292,347,0,5,-61.8828,-57.6932,52:05.1,FastGPS,-61.8828,-57.6932,,,9.8,-0.9,,,,15,9,8810,,,,6,30527,,,,26,13044,,,,16,7245,,,,23,20488,,,,,,,,,,,,,,,,,,,,,,,,,,,,,,,,,,,,,,,,,,,,,,,,,,,,,
180843,23-Jul-19,14:54:02,2019-07-23 14:54:02,G,8,2,1293,347,0,5,-61.8826,-57.6928,54:03.1,FastGPS,-61.8826,-57.6928,,,13.5,-0.9,,,,15,23,4983,,,,2,18950,,,,9,30913,,,,16,879,,,,7,4873,,,,,,,,,,,,,,,,,,,,,,,,,,,,,,,,,,,,,,,,,,,,,,,,,,,,,
180843,23-Jul-19,16:18:27,2019-07-23 16:18:27,G,6,2,1294,348,0,5,-61.882,-57.6938,18:28.1,FastGPS,-61.882,-57.6938,,,13.9,-0.9,,,,15,5,17732,,,,9,794,,,,7,6197,,,,30,967,,,,13,9723,,,,,,,,,,,,,,,,,,,,,,,,,,,,,,,,,,,,,,,,,,,,,,,,,,,,,
180843,23-Jul-19,17:18:21,2019-07-23 17:18:21,G,8,2,1295,348,0,5,-61.8691,-57.7001,7/24/2019 0:33,NP,-61.8799,-57.6861,,1,0.4,-0.8,,,,15,7,29136,,,,13,22347,,,,30,20143,,,,4,3044,,,,27,2053,,,,,,,,,,,,,,,,,,,,,,,,,,,,,,,,,,,,,,,,,,,,,,,,,,,,,
180843,23-Jul-19,18:21:17,2019-07-23 18:21:17,G,2,2,1296,348,0,7,-61.8771,-57.6885,21:18.2,FastGPS,-61.8771,-57.6885,,,8.4,-0.8,,,,15,15,32579,,,,7,14018,,,,8,42,,,,30,10278,,,,27,17683,,,,20,16896,,,,13,13340,,,,,,,,,,,,,,,,,,,,,,,,,,,,,,,,,,,,,,,,,,,
180843,23-Jul-19,19:29:08,2019-07-23 19:29:08,G,2,2,1297,348,0,7,-61.8758,-57.6805,29:08.1,FastGPS,-61.8758,-57.6805,,,8.5,-1.9,,,,15,15,31124,,,,24,5275,,,,20,32683,,,,13,1491,,,,8,14510,,,,10,29848,,,,18,32394,,,,,,,,,,,,,,,,,,,,,,,,,,,,,,,,,,,,,,,,,,,
180843,23-Jul-19,20:30:27,2019-07-23 20:30:27,G,4,2,1298,,0,9,-61.8707,-57.6718,30:27.1,FastGPS,-61.8707,-57.6718,,,7.5,-1.9,,,,15,28,21204,,,,24,22982,,,,19,30990,,,,10,1121,,,,18,8947,,,,30,18695,,,,11,16667,,,,1,25703,,,,17,6934,,,,,,,,,,,,,,,,,,,,,,,,,,,,,,,,,
180843,23-Jul-19,21:47:38,2019-07-23 21:47:38,G,6,2,1299,349,0,8,-61.8866,-57.6867,47:39.1,FastGPS,-61.8866,-57.6867,,,11,-0.9,,,,15,12,11301,,,,17,31087,,,,24,8630,,,,1,14848,,,,32,4695,,,,22,32332,,,,6,4409,,,,19,20992,,,,,,,,,,,,,,,,,,,,,,,,,,,,,,,,,,,,,,
180843,23-Jul-19,22:47:00,2019-07-23 22:47:00,G,6,2,1300,349,0,8,-61.884,-57.6917,47:01.1,FastGPS,-61.884,-57.6917,,,7.3,-0.9,,,,15,12,9457,,,,17,407,,,,2,18901,,,,6,28295,,,,22,15689,,,,3,26343,,,,24,22461,,,,19,29321,,,,,,,,,,,,,,,,,,,,,,,,,,,,,,,,,,,,,,
180843,24-Jul-19,1:02:00,2019-07-24 01:02:00,G,6,2,1302,350,0,8,-61.8669,-57.7018,02:00.2,FastGPS,-61.8669,-57.7018,,,12.4,-1.8,,,,15,12,19510,,,,31,16629,,,,29,32166,,,,23,10330,,,,5,15207,,,,2,27711,,,,25,20933,,,,6,7444,,,,,,,,,,,,,,,,,,,,,,,,,,,,,,,,,,,,,,
180843,24-Jul-19,2:02:00,2019-07-24 02:02:00,G,4,2,1303,350,0,8,-61.8584,-57.7075,02:01.1,FastGPS,-61.8584,-57.7075,,,7.6,-0.9,,,,15,29,5994,,,,5,27093,,,,31,11393,,,,2,20196,,,,12,6266,,,,26,25166,,,,25,30183,,,,21,23365,,,,,,,,,,,,,,,,,,,,,,,,,,,,,,,,,,,,,,
180843,24-Jul-19,3:16:41,2019-07-24 03:16:41,G,4,2,1304,350,0,5,-61.8757,-57.713,16:42.6,FastGPS,-61.8757,-57.713,,,1.7,-0.4,,,,15,31,29290,,,,21,29950,,,,26,29735,,,,16,28077,,,,5,30729,,,,,,,,,,,,,,,,,,,,,,,,,,,,,,,,,,,,,,,,,,,,,,,,,,,,,
180843,24-Jul-19,4:17:17,2019-07-24 04:17:17,G,4,2,1305,350,0,7,-61.891,-57.6961,17:17.1,FastGPS,-61.891,-57.6961,,1,9.3,-1.9,,,,15,7,7188,,,,16,14385,,,,26,3324,,,,4,8081,,,,5,21250,,,,27,17824,,,,21,12854,,,,,,,,,,,,,,,,,,,,,,,,,,,,,,,,,,,,,,,,,,,
180843,24-Jul-19,12:07:10,2019-07-24 12:07:10,G,2,2,1311,,0,9,-61.8829,-57.6899,07:11.6,FastGPS,-61.8829,-57.6899,,,4.7,-0.4,,,,15,31,30502,,,,22,13907,,,,17,15329,,,,23,11512,,,,9,410,,,,3,10270,,,,1,14601,,,,19,12235,,,,14,30666,,,,,,,,,,,,,,,,,,,,,,,,,,,,,,,,,
180843,24-Jul-19,14:09:00,2019-07-24 14:09:00,G,4,2,1313,351,0,7,-61.8844,-57.6757,09:00.1,FastGPS,-61.8844,-57.6757,,,6.5,-1.9,,,,15,7,17179,,,,16,17822,,,,26,4025,,,,3,9711,,,,23,23841,,,,6,29726,,,,29,312,,,,,,,,,,,,,,,,,,,,,,,,,,,,,,,,,,,,,,,,,,,
180843,24-Jul-19,16:14:00,2019-07-24 16:14:00,G,6,2,1315,351,0,5,-61.9011,-57.6888,14:01.1,FastGPS,-61.9011,-57.6888,,,1.7,-0.9,,,,15,30,16863,,,,7,23582,,,,5,1679,,,,9,18972,,,,13,25399,,,,,,,,,,,,,,,,,,,,,,,,,,,,,,,,,,,,,,,,,,,,,,,,,,,,,
180843,24-Jul-19,17:15:48,2019-07-24 17:15:48,G,4,2,1316,351,0,7,-61.8933,-57.6966,15:49.6,FastGPS,-61.8933,-57.6966,,2,3.7,-0.4,,,,15,7,430,,,,9,21270,,,,8,9951,,,,4,9283,,,,28,13464,,,,27,10132,,,,30,28807,,,,,,,,,,,,,,,,,,,,,,,,,,,,,,,,,,,,,,,,,,,
180843,24-Jul-19,20:00:06,2019-07-24 20:00:06,G,2,2,1318,351,0,8,-61.8878,-57.5984,00:07.1,FastGPS,-61.8878,-57.5984,,,6,-0.9,,,,15,15,26520,,,,10,11654,,,,20,31662,,,,11,31245,,,,18,28692,,,,24,7469,,,,1,22477,,,,28,10401,,,,,,,,,,,,,,,,,,,,,,,,,,,,,,,,,,,,,,
180843,25-Jul-19,1:10:28,2019-07-25 01:10:28,G,2,2,1320,352,0,7,-61.7889,-57.3294,10:29.6,FastGPS,-61.7889,-57.3294,,,6,-0.4,,,,15,12,3107,,,,6,16019,,,,23,18892,,,,5,27643,,,,31,22693,,,,29,24417,,,,2,8796,,,,,,,,,,,,,,,,,,,,,,,,,,,,,,,,,,,,,,,,,,,
180843,25-Jul-19,2:10:00,2019-07-25 02:10:00,G,2,2,1321,352,0,8,-61.7632,-57.2736,10:01.6,FastGPS,-61.7632,-57.2736,,,4.9,-0.4,,,,15,2,3545,,,,12,13381,,,,5,21810,,,,29,6643,,,,25,24899,,,,21,18052,,,,31,14905,,,,26,32240,,,,,,,,,,,,,,,,,,,,,,,,,,,,,,,,,,,,,,
180843,25-Jul-19,3:42:34,2019-07-25 03:42:34,G,6,2,1322,352,0,6,-61.7189,-57.2046,42:35.1,FastGPS,-61.7189,-57.2046,,1,0.6,-0.9,,,,15,29,2389,,,,5,2801,,,,16,7596,,,,7,19391,,,,26,27138,,,,4,10095,,,,,,,,,,,,,,,,,,,,,,,,,,,,,,,,,,,,,,,,,,,,,,,,
180843,25-Jul-19,4:44:19,2019-07-25 04:44:19,G,6,2,1323,,0,9,-61.688,-57.1621,44:19.6,FastGPS,-61.688,-57.1621,,1,12,-1.4,,,,15,15,17058,,,,5,12867,,,,7,14901,,,,29,6135,,,,4,21335,,,,13,21725,,,,27,20648,,,,20,31259,,,,16,8619,,,,,,,,,,,,,,,,,,,,,,,,,,,,,,,,,
180843,25-Jul-19,8:00:50,2019-07-25 08:00:50,G,2,2,1324,352,0,6,-61.5787,-57.0583,00:51.6,FastGPS,-61.5787,-57.0583,,1,3.9,-0.4,,,,15,10,1204,,,,32,7445,,,,20,9726,,,,14,2947,,,,4,1773,,,,24,7780,,,,,,,,,,,,,,,,,,,,,,,,,,,,,,,,,,,,,,,,,,,,,,,,
180843,25-Jul-19,9:03:46,2019-07-25 09:03:46,G,6,2,1325,352,0,8,-61.5499,-56.9978,03:47.2,FastGPS,-61.5499,-56.9978,,,9.1,-0.8,,,,15,1,8644,,,,32,9476,,,,18,17235,,,,10,942,,,,11,27826,,,,24,21157,,,,17,19808,,,,28,32221,,,,,,,,,,,,,,,,,,,,,,,,,,,,,,,,,,,,,,
180843,25-Jul-19,10:06:35,2019-07-25 10:06:35,G,6,2,1326,352,0,7,-61.5319,-56.9146,06:36.6,FastGPS,-61.5319,-56.9146,,,11.2,-0.4,,,,15,17,29791,,,,19,6918,,,,31,31050,,,,22,32112,,,,3,5975,,,,1,26445,,,,12,30328,,,,,,,,,,,,,,,,,,,,,,,,,,,,,,,,,,,,,,,,,,,
180843,25-Jul-19,11:06:48,2019-07-25 11:06:48,G,6,2,1327,,0,9,-61.5146,-56.8407,06:49.6,FastGPS,-61.5146,-56.8407,,,5,-0.4,,,,15,14,26726,,,,17,27371,,,,12,23251,,,,19,6745,,,,31,28386,,,,6,22840,,,,32,18374,,,,3,8413,,,,25,18029,,,,,,,,,,,,,,,,,,,,,,,,,,,,,,,,,
180843,25-Jul-19,13:17:23,2019-07-25 13:17:23,G,4,2,1329,352,0,6,-61.4723,-56.6854,17:24.1,FastGPS,-61.4723,-56.6854,,,18.9,-0.9,,,,15,6,11818,,,,31,14979,,,,2,28081,,,,26,30984,,,,9,26502,,,,23,8226,,,,,,,,,,,,,,,,,,,,,,,,,,,,,,,,,,,,,,,,,,,,,,,,
180843,25-Jul-19,14:17:30,2019-07-25 14:17:30,G,2,2,1330,352,0,7,-61.4687,-56.5971,17:31.7,FastGPS,-61.4687,-56.5971,,,6.3,-0.3,,,,15,29,6600,,,,16,24731,,,,2,6378,,,,23,32494,,,,9,13835,,,,26,6343,,,,7,16506,,,,,,,,,,,,,,,,,,,,,,,,,,,,,,,,,,,,,,,,,,,
180843,25-Jul-19,15:18:06,2019-07-25 15:18:06,G,4,2,1331,352,0,5,-61.4017,-56.0114,05:01.1,FastGPS,-61.4636,-56.5321,,1,1,-2.5,,,,15,5,18011,,,,23,11979,,,,9,5015,,,,4,6800,,,,26,14217,,,,,,,,,,,,,,,,,,,,,,,,,,,,,,,,,,,,,,,,,,,,,,,,,,,,,
180843,25-Jul-19,16:24:05,2019-07-25 16:24:05,G,4,2,1332,352,0,4,-61.4017,-56.0114,05:01.1,FastGPS,,,,,,,,,,15,27,18353,,,,5,11581,,,,4,16449,,,,16,22240,,,,,,,,,,,,,,,,,,,,,,,,,,,,,,,,,,,,,,,,,,,,,,,,,,,,,,,,,,
180843,25-Jul-19,18:26:43,2019-07-25 18:26:43,G,4,2,1334,352,0,5,-61.4322,-56.2231,26:44.2,FastGPS,-61.4322,-56.2231,,,5.4,-0.8,,,,15,7,22583,,,,30,10116,,,,15,31831,,,,13,20162,,,,11,9392,,,,,,,,,,,,,,,,,,,,,,,,,,,,,,,,,,,,,,,,,,,,,,,,,,,,,
180843,25-Jul-19,19:33:43,2019-07-25 19:33:43,G,2,2,1335,,0,9,-61.43,-56.1286,33:44.6,FastGPS,-61.43,-56.1286,,,15.2,-0.4,,,,15,15,6013,,,,18,26635,,,,20,25511,,,,8,8603,,,,10,21199,,,,11,22400,,,,1,12827,,,,28,32694,,,,17,17748,,,,,,,,,,,,,,,,,,,,,,,,,,,,,,,,,
180843,25-Jul-19,21:05:00,2019-07-25 21:05:00,G,4,2,1336,354,0,4,-61.3153,-55.616,14:34.2,FastGPS,-61.4017,-56.0114,,,1.1,-0.9,,,,15,17,7103,,,,1,23816,,,,28,5373,,,,19,9782,,,,,,,,,,,,,,,,,,,,,,,,,,,,,,,,,,,,,,,,,,,,,,,,,,,,,,,,,,
180843,25-Jul-19,23:06:51,2019-07-25 23:06:51,G,2,2,1338,,0,9,-61.3632,-55.841,06:52.7,FastGPS,-61.3632,-55.841,,,10.9,-0.3,,,,15,17,12448,,,,22,15502,,,,12,6812,,,,32,5076,,,,6,21736,,,,3,14363,,,,19,18949,,,,25,17763,,,,14,15636,,,,,,,,,,,,,,,,,,,,,,,,,,,,,,,,,
180843,26-Jul-19,0:08:16,2019-07-26 00:08:16,G,4,2,1339,354,0,5,-61.3522,-55.7558,08:17.7,FastGPS,-61.3522,-55.7558,,,7.7,-0.3,,,,15,12,27383,,,,19,24082,,,,31,7267,,,,6,4524,,,,25,499,,,,,,,,,,,,,,,,,,,,,,,,,,,,,,,,,,,,,,,,,,,,,,,,,,,,,
180843,26-Jul-19,1:12:20,2019-07-26 01:12:20,G,2,2,1340,354,0,5,-61.3342,-55.6788,12:21.2,FastGPS,-61.3342,-55.6788,,,18.4,-0.8,,,,15,12,9321,,,,2,24802,,,,5,15602,,,,29,22500,,,,6,13107,,,,,,,,,,,,,,,,,,,,,,,,,,,,,,,,,,,,,,,,,,,,,,,,,,,,,
180843,26-Jul-19,2:14:33,2019-07-26 02:14:33,G,4,2,1341,354,0,4,-61.2279,-55.4195,54:16.2,FastGPS,-61.3153,-55.616,,,1.1,-0.8,,,,15,29,1847,,,,12,9106,,,,2,32321,,,,5,8979,,,,,,,,,,,,,,,,,,,,,,,,,,,,,,,,,,,,,,,,,,,,,,,,,,,,,,,,,,
180843,26-Jul-19,3:14:00,2019-07-26 03:14:00,G,6,2,1342,354,0,6,-61.2936,-55.5616,14:01.7,FastGPS,-61.2936,-55.5616,,,6.6,-0.3,,,,15,5,11411,,,,26,7290,,,,29,7721,,,,16,15472,,,,25,26282,,,,21,30042,,,,,,,,,,,,,,,,,,,,,,,,,,,,,,,,,,,,,,,,,,,,,,,,
180843,26-Jul-19,5:08:30,2019-07-26 05:08:30,G,8,2,1343,357,0,7,-61.2771,-55.5112,08:31.7,FastGPS,-61.2771,-55.5112,,1,3.4,-0.3,,,,15,15,31159,,,,7,21983,,,,29,13291,,,,27,10271,,,,13,27190,,,,20,22565,,,,4,18154,,,,,,,,,,,,,,,,,,,,,,,,,,,,,,,,,,,,,,,,,,,
180843,26-Jul-19,6:08:00,2019-07-26 06:08:00,G,6,2,1344,357,0,7,-61.2721,-55.4972,08:01.2,FastGPS,-61.2721,-55.4972,,,9.5,-0.8,,,,15,15,16598,,,,21,18310,,,,13,7138,,,,8,29628,,,,27,4170,,,,30,29620,,,,10,2199,,,,,,,,,,,,,,,,,,,,,,,,,,,,,,,,,,,,,,,,,,,
180843,26-Jul-19,7:08:58,2019-07-26 07:08:58,G,2,2,1345,357,0,8,-61.2581,-55.4635,08:59.6,FastGPS,-61.2581,-55.4635,,,15.7,-0.4,,,,15,15,25118,,,,11,11470,,,,8,8431,,,,18,13472,,,,27,16770,,,,28,21333,,,,20,6356,,,,24,32424,,,,,,,,,,,,,,,,,,,,,,,,,,,,,,,,,,,,,,
180843,26-Jul-19,8:13:39,2019-07-26 08:13:39,G,6,2,1346,,0,9,-61.2348,-55.4413,13:40.7,FastGPS,-61.2348,-55.4413,,1,8.9,-0.3,,,,15,10,10115,,,,32,14127,,,,14,3912,,,,20,30247,,,,18,22715,,,,11,28127,,,,27,5704,,,,4,5433,,,,1,18320,,,,,,,,,,,,,,,,,,,,,,,,,,,,,,,,,
180843,26-Jul-19,9:54:15,2019-07-26 09:54:15,G,6,2,1347,359,0,6,-61.2279,-55.4195,54:16.2,FastGPS,-61.2279,-55.4195,,,3.1,-0.8,,,,15,31,28281,,,,17,25068,,,,32,7834,,,,12,31462,,,,10,12581,,,,14,32624,,,,,,,,,,,,,,,,,,,,,,,,,,,,,,,,,,,,,,,,,,,,,,,,
180843,26-Jul-19,10:54:01,2019-07-26 10:54:01,G,6,2,1348,,0,9,-61.2156,-55.395,54:02.7,FastGPS,-61.2156,-55.395,,,10.3,-0.3,,,,15,12,11254,,,,31,8424,,,,32,18438,,,,17,20370,,,,19,15412,,,,25,25551,,,,14,17046,,,,3,13002,,,,22,25875,,,,,,,,,,,,,,,,,,,,,,,,,,,,,,,,,
180843,26-Jul-19,12:24:27,2019-07-26 12:24:27,G,4,2,1349,361,0,6,-61.1731,-55.4132,24:28.1,FastGPS,-61.1731,-55.4132,,,4,-0.9,,,,15,31,30389,,,,3,16280,,,,22,8207,,,,9,4717,,,,23,2432,,,,26,18577,,,,,,,,,,,,,,,,,,,,,,,,,,,,,,,,,,,,,,,,,,,,,,,,
180843,26-Jul-19,13:24:33,2019-07-26 13:24:33,G,6,2,1350,361,0,7,-61.1372,-55.439,24:34.2,FastGPS,-61.1372,-55.439,,,3.5,-0.8,,,,15,9,2122,,,,3,32036,,,,22,30904,,,,16,3532,,,,23,14517,,,,7,21612,,,,2,30054,,,,,,,,,,,,,,,,,,,,,,,,,,,,,,,,,,,,,,,,,,,
180843,26-Jul-19,14:24:06,2019-07-26 14:24:06,G,2,2,1351,,0,9,-61.1372,-55.439,24:34.2,FastGPS,-61.1372,-55.439,,1,11952.3,-2.3,,,,15,26,22659,,,,29,14052,,,,2,5961,,,,9,2397,,,,23,18904,,,,5,11753,,,,16,29539,,,,3,32136,,,,7,10979,,,,,,,,,,,,,,,,,,,,,,,,,,,,,,,,,
180843,26-Jul-19,17:09:03,2019-07-26 17:09:03,G,6,2,1353,364,0,6,-61.0691,-55.4097,09:04.1,FastGPS,-61.0691,-55.4097,,,1.3,-0.9,,,,15,7,10828,,,,30,4504,,,,28,1850,,,,9,3473,,,,27,17068,,,,5,5220,,,,,,,,,,,,,,,,,,,,,,,,,,,,,,,,,,,,,,,,,,,,,,,,
180843,26-Jul-19,18:09:13,2019-07-26 18:09:13,G,6,2,1354,364,0,6,-61.0512,-55.3774,09:14.2,FastGPS,-61.0512,-55.3774,,,8.6,-0.8,,,,15,15,21595,,,,7,30073,,,,13,10415,,,,8,13200,,,,11,17306,,,,30,21618,,,,,,,,,,,,,,,,,,,,,,,,,,,,,,,,,,,,,,,,,,,,,,,,
180843,26-Jul-19,19:09:02,2019-07-26 19:09:02,G,6,2,1355,,0,9,-61.0367,-55.307,09:03.7,FastGPS,-61.0367,-55.307,,,7.2,-0.3,,,,15,15,10885,,,,13,14369,,,,8,13417,,,,18,22038,,,,10,29200,,,,11,7732,,,,20,14489,,,,28,8080,,,,30,31347,,,,,,,,,,,,,,,,,,,,,,,,,,,,,,,,,
180843,26-Jul-19,20:09:00,2019-07-26 20:09:00,G,2,2,1356,,0,9,-61.0628,-55.2484,09:00.2,FastGPS,-61.0628,-55.2484,,,5.7,-1.8,,,,15,11,25256,,,,10,12491,,,,18,4532,,,,1,8698,,,,20,26963,,,,24,2404,,,,15,13073,,,,28,16136,,,,17,13449,,,,,,,,,,,,,,,,,,,,,,,,,,,,,,,,,
180843,26-Jul-19,21:09:02,2019-07-26 21:09:02,G,2,2,1357,364,0,7,-61.0609,-55.2033,09:03.6,FastGPS,-61.0609,-55.2033,,,10.8,-0.4,,,,15,17,17509,,,,18,29034,,,,11,32341,,,,32,25069,,,,24,757,,,,10,14768,,,,1,19538,,,,,,,,,,,,,,,,,,,,,,,,,,,,,,,,,,,,,,,,,,,
180843,26-Jul-19,23:09:00,2019-07-26 23:09:00,G,2,2,1359,,0,9,-61.0698,-55.1258,09:00.2,FastGPS,-61.0698,-55.1258,,,7.9,-1.8,,,,15,17,31697,,,,2,10906,,,,19,13764,,,,6,11889,,,,24,2839,,,,12,24456,,,,3,26048,,,,14,26996,,,,29,32546,,,,,,,,,,,,,,,,,,,,,,,,,,,,,,,,,
180843,27-Jul-19,0:26:15,2019-07-27 00:26:15,G,2,2,1360,365,0,7,-61.0698,-55.13,26:16.7,FastGPS,-61.0698,-55.13,,,12.2,-0.3,,,,15,31,32081,,,,29,29993,,,,12,12053,,,,25,23471,,,,19,21504,,,,2,17880,,,,6,7633,,,,,,,,,,,,,,,,,,,,,,,,,,,,,,,,,,,,,,,,,,,
180843,27-Jul-19,1:26:48,2019-07-27 01:26:48,G,4,2,1361,365,0,7,-61.0875,-55.1064,26:48.6,FastGPS,-61.0875,-55.1064,,,9,-1.4,,,,15,31,28233,,,,12,28322,,,,25,25991,,,,29,15603,,,,5,11145,,,,26,8016,,,,2,8570,,,,,,,,,,,,,,,,,,,,,,,,,,,,,,,,,,,,,,,,,,,
180843,27-Jul-19,2:31:11,2019-07-27 02:31:11,G,2,2,1362,365,0,5,-61.0907,-55.0526,31:11.7,FastGPS,-61.0907,-55.0526,,,11.2,-1.3,,,,15,5,16283,,,,9,10938,,,,2,15580,,,,25,32681,,,,29,3193,,,,,,,,,,,,,,,,,,,,,,,,,,,,,,,,,,,,,,,,,,,,,,,,,,,,,
180843,27-Jul-19,3:31:36,2019-07-27 03:31:36,G,4,2,1363,365,0,6,-61.0988,-55.008,31:36.2,FastGPS,-61.0988,-55.008,,1,1.2,-1.8,,,,15,26,26819,,,,5,28370,,,,16,3075,,,,4,32324,,,,29,2776,,,,21,30844,,,,,,,,,,,,,,,,,,,,,,,,,,,,,,,,,,,,,,,,,,,,,,,,
180843,27-Jul-19,4:31:00,2019-07-27 04:31:00,G,8,2,1364,,0,9,-61.1035,-54.9993,31:01.2,FastGPS,-61.1035,-54.9993,,1,9.7,-0.8,,,,15,26,19724,,,,20,22,,,,7,16551,,,,16,15500,,,,27,2629,,,,29,24323,,,,5,18363,,,,4,10081,,,,10,560,,,,,,,,,,,,,,,,,,,,,,,,,,,,,,,,,
180843,27-Jul-19,5:34:08,2019-07-27 05:34:08,G,2,2,1365,365,0,7,-61.1053,-54.9617,34:09.2,FastGPS,-61.1053,-54.9617,,1,6.6,-0.8,,,,15,15,26893,,,,13,4083,,,,27,3891,,,,20,31565,,,,21,31473,,,,8,18082,,,,4,9914,,,,,,,,,,,,,,,,,,,,,,,,,,,,,,,,,,,,,,,,,,,
180843,27-Jul-19,6:37:58,2019-07-27 06:37:58,G,4,2,1366,365,0,7,-61.107,-54.9387,37:58.7,FastGPS,-61.107,-54.9387,,1,1.5,-1.3,,,,15,15,20646,,,,10,14516,,,,20,22611,,,,21,20294,,,,18,218,,,,4,1152,,,,27,16764,,,,,,,,,,,,,,,,,,,,,,,,,,,,,,,,,,,,,,,,,,,
180843,27-Jul-19,7:39:51,2019-07-27 07:39:51,G,2,2,1367,365,0,8,-61.108,-54.94,39:51.6,FastGPS,-61.108,-54.94,,1,13.2,-1.4,,,,15,32,22712,,,,4,16841,,,,24,11936,,,,27,308,,,,20,18754,,,,10,18956,,,,8,4143,,,,14,32002,,,,,,,,,,,,,,,,,,,,,,,,,,,,,,,,,,,,,,
180843,27-Jul-19,8:57:10,2019-07-27 08:57:10,G,6,2,1368,366,0,5,-61.106,-54.928,57:10.7,FastGPS,-61.106,-54.928,,,7.3,-1.3,,,,15,10,10329,,,,24,26565,,,,1,11039,,,,32,23406,,,,14,18419,,,,,,,,,,,,,,,,,,,,,,,,,,,,,,,,,,,,,,,,,,,,,,,,,,,,,
180843,27-Jul-19,10:15:54,2019-07-27 10:15:54,G,6,2,1369,,0,9,-61.0977,-54.898,15:54.2,FastGPS,-61.0977,-54.898,,,10.3,-1.8,,,,15,32,18366,,,,31,13320,,,,17,17166,,,,19,18779,,,,23,28591,,,,3,25387,,,,12,9088,,,,14,30682,,,,1,23348,,,,,,,,,,,,,,,,,,,,,,,,,,,,,,,,,
180843,27-Jul-19,11:16:11,2019-07-27 11:16:11,G,6,2,1370,367,0,6,-61.0989,-54.8901,16:11.2,FastGPS,-61.0989,-54.8901,,,9.5,-1.8,,,,15,31,29581,,,,32,12207,,,,12,9916,,,,14,3246,,,,25,20497,,,,3,27563,,,,,,,,,,,,,,,,,,,,,,,,,,,,,,,,,,,,,,,,,,,,,,,,
180843,27-Jul-19,12:32:49,2019-07-27 12:32:49,G,2,2,1371,368,0,7,-61.101,-54.8538,32:49.6,FastGPS,-61.101,-54.8538,,,13.9,-1.4,,,,15,6,19058,,,,31,12611,,,,26,1894,,,,23,31144,,,,22,7095,,,,9,30047,,,,3,4188,,,,,,,,,,,,,,,,,,,,,,,,,,,,,,,,,,,,,,,,,,,
180843,27-Jul-19,13:39:50,2019-07-27 13:39:50,G,4,2,1372,368,0,7,-61.1056,-54.8386,39:50.7,FastGPS,-61.1056,-54.8386,,,3.8,-1.3,,,,15,16,3102,,,,9,10648,,,,26,17325,,,,23,19549,,,,6,9505,,,,7,17981,,,,3,18848,,,,,,,,,,,,,,,,,,,,,,,,,,,,,,,,,,,,,,,,,,,
180843,27-Jul-19,14:40:00,2019-07-27 14:40:00,G,4,2,1373,368,1,8,-61.1064,-54.8366,40:01.2,FastGPS,-61.1064,-54.8366,,1,7.7,-0.8,,,,15,3,13303,,,,30,27463,,,,7,30639,,,,6,30297,,,,23,29486,,,,9,16869,,,,16,30290,,,,4,3537,,,,,,,,,,,,,,,,,,,,,,,,,,,,,,,,,,,,,,
180843,27-Jul-19,18:17:40,2019-07-27 18:17:40,G,8,2,1374,368,0,6,-61.1062,-54.8163,17:40.7,FastGPS,-61.1062,-54.8163,,,8.7,-1.3,,,,15,30,3156,,,,15,6285,,,,13,1182,,,,7,20253,,,,8,12698,,,,28,23167,,,,,,,,,,,,,,,,,,,,,,,,,,,,,,,,,,,,,,,,,,,,,,,,
180843,27-Jul-19,19:21:37,2019-07-27 19:21:37,G,6,2,1375,368,0,4,-61.1169,-54.6289,39:25.1,FastGPS,-61.0958,-54.7466,,,1.1,-1.8,,,,15,15,13561,,,,13,4825,,,,17,20141,,,,28,22056,,,,,,,,,,,,,,,,,,,,,,,,,,,,,,,,,,,,,,,,,,,,,,,,,,,,,,,,,,
180843,27-Jul-19,20:23:13,2019-07-27 20:23:13,G,6,2,1376,368,0,5,-61.0997,-54.6907,23:13.2,FastGPS,-61.0997,-54.6907,,,5,-1.8,,,,15,15,23853,,,,24,9881,,,,28,5319,,,,1,14483,,,,17,14804,,,,,,,,,,,,,,,,,,,,,,,,,,,,,,,,,,,,,,,,,,,,,,,,,,,,,
180843,27-Jul-19,21:39:25,2019-07-27 21:39:25,G,4,2,1377,369,0,5,-61.1169,-54.6289,39:25.1,FastGPS,-61.1169,-54.6289,,,0.6,-1.9,,,,15,17,6571,,,,12,7166,,,,32,22609,,,,24,17963,,,,22,30914,,,,,,,,,,,,,,,,,,,,,,,,,,,,,,,,,,,,,,,,,,,,,,,,,,,,,
180843,27-Jul-19,22:39:30,2019-07-27 22:39:30,G,2,2,1378,369,0,8,-61.1384,-54.5652,39:30.7,FastGPS,-61.1384,-54.5652,,,6.3,-1.3,,,,15,12,30183,,,,17,19742,,,,32,29912,,,,14,2139,,,,19,28100,,,,6,11107,,,,25,20520,,,,3,17463,,,,,,,,,,,,,,,,,,,,,,,,,,,,,,,,,,,,,,
180843,28-Jul-19,0:07:51,2019-07-28 00:07:51,G,2,2,1379,369,0,7,-61.1563,-54.4581,07:52.2,FastGPS,-61.1563,-54.4581,,,6,-0.8,,,,15,31,27880,,,,19,29888,,,,25,11217,,,,2,10671,,,,12,17684,,,,6,24582,,,,14,1494,,,,,,,,,,,,,,,,,,,,,,,,,,,,,,,,,,,,,,,,,,,
180843,28-Jul-19,1:15:47,2019-07-28 01:15:47,G,2,2,1380,,0,9,-61.1682,-54.4052,15:48.7,FastGPS,-61.1682,-54.4052,,,4.4,-0.3,,,,15,31,8424,,,,29,16141,,,,2,10872,,,,12,6992,,,,6,2753,,,,5,4856,,,,23,11666,,,,25,17727,,,,26,22044,,,,,,,,,,,,,,,,,,,,,,,,,,,,,,,,,
180843,28-Jul-19,2:17:22,2019-07-28 02:17:22,G,2,2,1381,369,0,6,-61.1826,-54.3661,17:23.2,FastGPS,-61.1826,-54.3661,,,10.5,-0.8,,,,15,31,29352,,,,29,17647,,,,26,23436,,,,21,31235,,,,5,17069,,,,16,10336,,,,,,,,,,,,,,,,,,,,,,,,,,,,,,,,,,,,,,,,,,,,,,,,
180843,28-Jul-19,3:17:03,2019-07-28 03:17:03,G,4,2,1382,369,0,6,-61.2049,-54.3246,17:04.2,FastGPS,-61.2049,-54.3246,,1,0.5,-0.8,,,,15,16,28708,,,,26,15934,,,,5,13218,,,,4,12139,,,,21,18207,,,,29,28844,,,,,,,,,,,,,,,,,,,,,,,,,,,,,,,,,,,,,,,,,,,,,,,,
180843,28-Jul-19,4:19:59,2019-07-28 04:19:59,G,6,2,1383,369,0,8,-61.2259,-54.2362,20:00.2,FastGPS,-61.2259,-54.2362,,1,14.5,-0.8,,,,15,16,11580,,,,26,3651,,,,7,13207,,,,5,18267,,,,4,18443,,,,21,31333,,,,20,5874,,,,27,5280,,,,,,,,,,,,,,,,,,,,,,,,,,,,,,,,,,,,,,
180843,28-Jul-19,5:20:42,2019-07-28 05:20:42,G,8,2,1384,369,0,6,-61.2112,-54.1756,20:43.2,FastGPS,-61.2112,-54.1756,,1,6,-0.8,,,,15,15,9145,,,,27,285,,,,4,18513,,,,7,16447,,,,13,2459,,,,30,18845,,,,,,,,,,,,,,,,,,,,,,,,,,,,,,,,,,,,,,,,,,,,,,,,
180843,28-Jul-19,6:39:35,2019-07-28 06:39:35,G,10,2,1385,369,0,4,-61.134,-54.0709,24:01.2,FastGPS,,,,,,,,,,15,10,31520,,,,20,26901,,,,27,20883,,,,4,30852,,,,,,,,,,,,,,,,,,,,,,,,,,,,,,,,,,,,,,,,,,,,,,,,,,,,,,,,,,
180843,28-Jul-19,8:43:00,2019-07-28 08:43:00,G,4,2,1386,373,0,6,-61.1531,-54.1202,43:01.7,FastGPS,-61.1531,-54.1202,,,6.1,-0.3,,,,15,10,26174,,,,8,15076,,,,32,24925,,,,22,1134,,,,27,28432,,,,3,15735,,,,,,,,,,,,,,,,,,,,,,,,,,,,,,,,,,,,,,,,,,,,,,,,
180843,28-Jul-19,10:04:58,2019-07-28 10:04:58,G,6,2,1387,374,0,8,-61.1508,-54.1256,04:59.2,FastGPS,-61.1508,-54.1256,,,8.5,-0.8,,,,15,32,32673,,,,18,29586,,,,31,14500,,,,11,3420,,,,3,22916,,,,14,31140,,,,1,15078,,,,22,7626,,,,,,,,,,,,,,,,,,,,,,,,,,,,,,,,,,,,,,
180843,28-Jul-19,11:20:31,2019-07-28 11:20:31,G,2,2,1388,,0,9,-61.1601,-54.1068,20:32.2,FastGPS,-61.1601,-54.1068,,,7.9,-0.8,,,,15,23,10594,,,,3,21051,,,,1,25589,,,,18,25345,,,,17,11225,,,,22,98,,,,11,13011,,,,19,12207,,,,31,26819,,,,,,,,,,,,,,,,,,,,,,,,,,,,,,,,,
180843,28-Jul-19,12:22:27,2019-07-28 12:22:27,G,10,2,1389,375,0,7,-61.17,-54.1228,22:28.2,FastGPS,-61.17,-54.1228,,,10.6,-0.8,,,,15,9,30307,,,,23,16594,,,,31,27574,,,,22,28650,,,,6,1778,,,,3,13233,,,,19,11410,,,,,,,,,,,,,,,,,,,,,,,,,,,,,,,,,,,,,,,,,,,
180843,28-Jul-19,13:23:42,2019-07-28 13:23:42,G,8,2,1390,375,0,7,-61.1756,-54.1355,23:43.6,FastGPS,-61.1756,-54.1355,,,11.7,-0.4,,,,15,16,3986,,,,26,13525,,,,2,8847,,,,22,266,,,,9,17502,,,,3,7666,,,,6,29752,,,,,,,,,,,,,,,,,,,,,,,,,,,,,,,,,,,,,,,,,,,
180843,28-Jul-19,14:39:00,2019-07-28 14:39:00,G,4,2,1391,376,0,8,-61.1704,-54.1209,39:01.2,FastGPS,-61.1704,-54.1209,,,10.4,-0.8,,,,15,7,29387,,,,9,6371,,,,29,23093,,,,26,31227,,,,5,9028,,,,16,25193,,,,23,11481,,,,2,28360,,,,,,,,,,,,,,,,,,,,,,,,,,,,,,,,,,,,,,
180843,28-Jul-19,15:55:16,2019-07-28 15:55:16,G,2,2,1392,377,0,4,-61.134,-54.0709,24:01.2,FastGPS,-61.158,-54.0865,,,0.9,-0.4,,,,15,9,25804,,,,30,22102,,,,7,13749,,,,5,31440,,,,,,,,,,,,,,,,,,,,,,,,,,,,,,,,,,,,,,,,,,,,,,,,,,,,,,,,,,
180843,28-Jul-19,18:46:04,2019-07-28 18:46:04,G,4,2,1393,377,0,7,-61.1329,-54.071,46:05.2,FastGPS,-61.1329,-54.071,,,19.1,-0.8,,,,15,8,10446,,,,15,23222,,,,17,18015,,,,30,3754,,,,13,3805,,,,7,3612,,,,11,6342,,,,,,,,,,,,,,,,,,,,,,,,,,,,,,,,,,,,,,,,,,,
180843,28-Jul-19,19:49:25,2019-07-28 19:49:25,G,6,2,1394,377,0,8,-61.1373,-54.0728,49:26.7,FastGPS,-61.1373,-54.0728,,,11.7,-0.3,,,,15,17,5253,,,,11,10411,,,,13,25575,,,,28,15492,,,,1,23808,,,,19,20129,,,,30,28083,,,,15,18937,,,,,,,,,,,,,,,,,,,,,,,,,,,,,,,,,,,,,,
180843,28-Jul-19,22:11:46,2019-07-28 22:11:46,G,2,2,1395,377,0,4,-61.134,-54.0709,24:01.2,FastGPS,-61.1409,-54.0715,,,1.4,-0.1,,,,15,12,2412,,,,6,3420,,,,17,1658,,,,19,2244,,,,,,,,,,,,,,,,,,,,,,,,,,,,,,,,,,,,,,,,,,,,,,,,,,,,,,,,,,
180843,28-Jul-19,23:12:00,2019-07-28 23:12:00,G,2,2,1396,377,0,5,-61.1501,-54.0786,12:01.2,FastGPS,-61.1501,-54.0786,,,5.5,-0.8,,,,15,12,24207,,,,25,12052,,,,29,10383,,,,32,6669,,,,24,21546,,,,,,,,,,,,,,,,,,,,,,,,,,,,,,,,,,,,,,,,,,,,,,,,,,,,,
180843,29-Jul-19,1:07:25,2019-07-29 01:07:25,G,2,2,1397,378,0,6,-61.1421,-54.0802,07:26.2,FastGPS,-61.1421,-54.0802,,,6.7,-0.8,,,,15,2,19194,,,,12,22329,,,,29,4229,,,,31,3995,,,,5,21312,,,,25,20529,,,,,,,,,,,,,,,,,,,,,,,,,,,,,,,,,,,,,,,,,,,,,,,,
180843,29-Jul-19,3:24:00,2019-07-29 03:24:00,G,4,2,1399,379,0,6,-61.134,-54.0709,24:01.2,FastGPS,-61.134,-54.0709,,1,10.8,-0.8,,,,15,21,10553,,,,16,14728,,,,26,3945,,,,29,17484,,,,5,11741,,,,4,10526,,,,,,,,,,,,,,,,,,,,,,,,,,,,,,,,,,,,,,,,,,,,,,,,
180843,29-Jul-19,4:24:00,2019-07-29 04:24:00,G,6,2,1400,379,0,5,-61.1357,-54.0771,7/29/2019 3:51,MC,-61.1368,-54.0761,,1,0.6,-0.8,,,,15,4,21354,,,,15,15022,,,,16,23148,,,,29,1642,,,,26,24000,,,,,,,,,,,,,,,,,,,,,,,,,,,,,,,,,,,,,,,,,,,,,,,,,,,,,
180843,29-Jul-19,5:39:00,2019-07-29 05:39:00,G,10,2,1401,380,0,4,-61.1368,-54.0761,24:01.2,FastGPS,,,,,,,,,,15,15,9353,,,,27,29761,,,,4,19221,,,,21,964,,,,,,,,,,,,,,,,,,,,,,,,,,,,,,,,,,,,,,,,,,,,,,,,,,,,,,,,,,
180843,29-Jul-19,6:42:30,2019-07-29 06:42:30,G,4,2,1402,380,0,5,-61.1368,-54.0761,24:01.2,FastGPS,-61.1519,-54.1068,,1,0.4,-0.4,,,,15,4,19866,,,,10,10175,,,,27,18505,,,,20,20298,,,,15,13700,,,,,,,,,,,,,,,,,,,,,,,,,,,,,,,,,,,,,,,,,,,,,,,,,,,,,
180843,29-Jul-19,9:26:04,2019-07-29 09:26:04,G,2,2,1404,381,0,8,-61.158,-54.1135,26:04.7,FastGPS,-61.158,-54.1135,,,10.8,-1.3,,,,15,11,2154,,,,32,19790,,,,18,29005,,,,10,4150,,,,14,6707,,,,31,10571,,,,22,23636,,,,3,32358,,,,,,,,,,,,,,,,,,,,,,,,,,,,,,,,,,,,,,
180843,29-Jul-19,10:27:26,2019-07-29 10:27:26,G,2,2,1405,381,0,7,-61.1459,-54.1072,27:26.7,FastGPS,-61.1459,-54.1072,,,6.2,-1.3,,,,15,32,16018,,,,19,24948,,,,17,22564,,,,31,11989,,,,14,28289,,,,3,10308,,,,22,19489,,,,,,,,,,,,,,,,,,,,,,,,,,,,,,,,,,,,,,,,,,,
180843,29-Jul-19,11:32:12,2019-07-29 11:32:12,G,6,2,1406,381,0,6,-61.1443,-54.0751,32:12.7,FastGPS,-61.1443,-54.0751,,,6.1,-1.3,,,,15,31,25665,,,,19,23849,,,,6,3826,,,,17,24160,,,,14,21537,,,,3,23307,,,,,,,,,,,,,,,,,,,,,,,,,,,,,,,,,,,,,,,,,,,,,,,,
180843,29-Jul-19,12:34:26,2019-07-29 12:34:26,G,6,2,1407,381,0,7,-61.1239,-54.0685,34:26.7,FastGPS,-61.1239,-54.0685,,,4.5,-1.3,,,,15,31,16340,,,,23,3479,,,,6,24301,,,,9,26937,,,,26,590,,,,3,11415,,,,22,31512,,,,,,,,,,,,,,,,,,,,,,,,,,,,,,,,,,,,,,,,,,,
180843,29-Jul-19,13:38:11,2019-07-29 13:38:11,G,2,2,1408,381,0,7,-61.1266,-54.0253,38:11.7,FastGPS,-61.1266,-54.0253,,,9.3,-1.3,,,,15,6,19498,,,,9,16596,,,,7,9725,,,,2,25888,,,,23,4653,,,,3,21000,,,,26,19212,,,,,,,,,,,,,,,,,,,,,,,,,,,,,,,,,,,,,,,,,,,
180843,29-Jul-19,14:57:17,2019-07-29 14:57:17,G,4,2,1409,382,0,8,-61.1363,-54.0043,57:17.7,FastGPS,-61.1363,-54.0043,,1,2.1,-1.3,,,,15,5,1863,,,,16,25206,,,,23,26155,,,,7,425,,,,2,3710,,,,26,5107,,,,9,27623,,,,4,19144,,,,,,,,,,,,,,,,,,,,,,,,,,,,,,,,,,,,,,
180843,29-Jul-19,15:57:01,2019-07-29 15:57:01,G,8,2,1410,382,0,5,-61.1284,-54.0073,57:01.2,FastGPS,-61.1284,-54.0073,,,1.1,-1.8,,,,15,9,15761,,,,5,14495,,,,7,20503,,,,16,21930,,,,30,13360,,,,,,,,,,,,,,,,,,,,,,,,,,,,,,,,,,,,,,,,,,,,,,,,,,,,,
180843,29-Jul-19,17:16:39,2019-07-29 17:16:39,G,8,2,1411,382,0,5,-61.1253,-54.0472,16:40.8,FastGPS,-61.1253,-54.0472,,,6,-0.2,,,,15,7,2742,,,,30,18163,,,,5,5334,,,,8,8566,,,,13,14278,,,,,,,,,,,,,,,,,,,,,,,,,,,,,,,,,,,,,,,,,,,,,,,,,,,,,
180843,29-Jul-19,18:17:34,2019-07-29 18:17:34,G,4,2,1412,382,0,5,-61.1354,-54.0655,17:34.2,FastGPS,-61.1354,-54.0655,,,3.6,-1.8,,,,15,30,24846,,,,8,11358,,,,28,17193,,,,15,3072,,,,13,13225,,,,,,,,,,,,,,,,,,,,,,,,,,,,,,,,,,,,,,,,,,,,,,,,,,,,,
180843,29-Jul-19,19:23:28,2019-07-29 19:23:28,G,8,2,1413,382,0,6,-61.1359,-54.0697,23:29.2,FastGPS,-61.1359,-54.0697,,,6.7,-0.8,,,,15,15,13783,,,,30,13810,,,,28,11221,,,,1,22085,,,,13,11930,,,,17,32656,,,,,,,,,,,,,,,,,,,,,,,,,,,,,,,,,,,,,,,,,,,,,,,,
180843,29-Jul-19,20:24:16,2019-07-29 20:24:16,G,8,2,1414,,0,9,-61.1444,-54.0767,24:17.7,FastGPS,-61.1444,-54.0767,,,8.7,-0.3,,,,15,17,24219,,,,15,20035,,,,19,31527,,,,12,23697,,,,24,23436,,,,13,7265,,,,10,20520,,,,20,15727,,,,28,27804,,,,,,,,,,,,,,,,,,,,,,,,,,,,,,,,,
180843,29-Jul-19,21:25:04,2019-07-29 21:25:04,G,8,2,1415,382,0,7,-61.1483,-54.0837,25:04.2,FastGPS,-61.1483,-54.0837,,,5,-1.8,,,,15,12,5436,,,,17,7476,,,,15,2736,,,,24,2811,,,,6,1389,,,,19,32008,,,,32,25760,,,,,,,,,,,,,,,,,,,,,,,,,,,,,,,,,,,,,,,,,,,
180843,29-Jul-19,22:59:37,2019-07-29 22:59:37,G,8,2,1416,384,0,6,-61.134,-54.0685,59:38.2,FastGPS,-61.134,-54.0685,,,6.3,-0.8,,,,15,32,25509,,,,12,24068,,,,6,17034,,,,25,20366,,,,14,22516,,,,2,23267,,,,,,,,,,,,,,,,,,,,,,,,,,,,,,,,,,,,,,,,,,,,,,,,
180843,29-Jul-19,23:59:02,2019-07-29 23:59:02,G,8,2,1417,384,0,5,-61.1281,-54.0583,59:03.2,FastGPS,-61.1281,-54.0583,,,4.1,-0.8,,,,15,31,21696,,,,12,16994,,,,25,6784,,,,2,8324,,,,6,24875,,,,,,,,,,,,,,,,,,,,,,,,,,,,,,,,,,,,,,,,,,,,,,,,,,,,,
180843,30-Jul-19,1:15:13,2019-07-30 01:15:13,G,6,2,1418,384,0,6,-61.1228,-54.0512,15:14.2,FastGPS,-61.1228,-54.0512,,,9.9,-0.8,,,,15,5,3880,,,,12,13639,,,,2,30131,,,,29,32651,,,,31,8859,,,,25,10651,,,,,,,,,,,,,,,,,,,,,,,,,,,,,,,,,,,,,,,,,,,,,,,,
180843,30-Jul-19,2:23:22,2019-07-30 02:23:22,G,2,2,1419,384,0,5,-61.1327,-54.0923,23:23.7,FastGPS,-61.1327,-54.0923,,,5.6,-0.3,,,,15,5,12561,,,,2,21876,,,,25,4521,,,,29,21677,,,,21,18298,,,,,,,,,,,,,,,,,,,,,,,,,,,,,,,,,,,,,,,,,,,,,,,,,,,,,
180843,30-Jul-19,3:29:58,2019-07-30 03:29:58,G,2,2,1420,384,0,5,-61.1443,-54.1275,29:58.7,FastGPS,-61.1443,-54.1275,,,9.6,-1.3,,,,15,29,13713,,,,5,16055,,,,21,4961,,,,26,29274,,,,20,11478,,,,,,,,,,,,,,,,,,,,,,,,,,,,,,,,,,,,,,,,,,,,,,,,,,,,,
180843,30-Jul-19,4:35:16,2019-07-30 04:35:16,G,6,2,1421,384,0,8,-61.1486,-54.1249,35:17.2,FastGPS,-61.1486,-54.1249,,1,10.4,-0.8,,,,15,27,162,,,,4,26707,,,,7,19127,,,,16,10452,,,,13,4512,,,,15,19010,,,,26,32568,,,,20,28788,,,,,,,,,,,,,,,,,,,,,,,,,,,,,,,,,,,,,,
180843,30-Jul-19,5:37:47,2019-07-30 05:37:47,G,6,2,1422,,0,9,-61.1611,-54.1406,37:48.7,FastGPS,-61.1611,-54.1406,,1,16.8,-0.3,,,,15,16,16627,,,,15,30706,,,,21,12750,,,,27,22685,,,,4,8228,,,,10,284,,,,20,6821,,,,7,16263,,,,8,6507,,,,,,,,,,,,,,,,,,,,,,,,,,,,,,,,,
180843,30-Jul-19,6:48:00,2019-07-30 06:48:00,G,10,2,1423,,0,9,-61.1711,-54.1727,48:00.2,FastGPS,-61.1711,-54.1727,,1,8.4,-1.8,,,,15,27,32728,,,,18,30799,,,,11,27787,,,,10,10445,,,,15,18504,,,,4,22602,,,,8,5019,,,,20,29548,,,,28,10351,,,,,,,,,,,,,,,,,,,,,,,,,,,,,,,,,
180843,30-Jul-19,7:48:00,2019-07-30 07:48:00,G,2,2,1424,,0,9,-61.1883,-54.1738,48:00.2,FastGPS,-61.1883,-54.1738,,1,5.2,-1.8,,,,15,32,20403,,,,27,8786,,,,11,29634,,,,18,26134,,,,8,3481,,,,10,2751,,,,14,24831,,,,4,13730,,,,1,5015,,,,,,,,,,,,,,,,,,,,,,,,,,,,,,,,,
180843,30-Jul-19,8:48:00,2019-07-30 08:48:00,G,4,2,1425,,0,9,-61.1886,-54.1465,48:00.2,FastGPS,-61.1886,-54.1465,,,11.1,-1.8,,,,15,22,29456,,,,11,7969,,,,8,4578,,,,18,1903,,,,1,29813,,,,14,7618,,,,32,6000,,,,3,15971,,,,17,14464,,,,,,,,,,,,,,,,,,,,,,,,,,,,,,,,,
180843,30-Jul-19,9:48:00,2019-07-30 09:48:00,G,6,2,1426,,0,9,-61.1621,-54.1573,48:00.2,FastGPS,-61.1621,-54.1573,,,6.1,-1.8,,,,15,17,32057,,,,31,32354,,,,32,9500,,,,19,14785,,,,1,1747,,,,18,2151,,,,3,11443,,,,22,7780,,,,14,23804,,,,,,,,,,,,,,,,,,,,,,,,,,,,,,,,,
180843,30-Jul-19,10:52:05,2019-07-30 10:52:05,G,2,2,1427,,0,9,-61.1525,-54.1497,52:06.7,FastGPS,-61.1525,-54.1497,,,13,-0.3,,,,15,12,11015,,,,32,26414,,,,31,8897,,,,14,9181,,,,18,18054,,,,25,29087,,,,3,2204,,,,1,30654,,,,22,23192,,,,,,,,,,,,,,,,,,,,,,,,,,,,,,,,,
180843,30-Jul-19,13:11:30,2019-07-30 13:11:30,G,2,2,1429,384,0,5,-61.1788,-54.1569,11:31.2,FastGPS,-61.1788,-54.1569,,,1.7,-0.8,,,,15,2,20850,,,,6,22750,,,,9,28208,,,,23,1457,,,,7,22249,,,,,,,,,,,,,,,,,,,,,,,,,,,,,,,,,,,,,,,,,,,,,,,,,,,,,
180843,30-Jul-19,14:36:01,2019-07-30 14:36:01,G,6,2,1430,385,0,7,-61.1775,-54.1436,36:02.7,FastGPS,-61.1775,-54.1436,,,12,-0.3,,,,15,7,26220,,,,16,6450,,,,23,5484,,,,26,31169,,,,9,17331,,,,30,32473,,,,2,29458,,,,,,,,,,,,,,,,,,,,,,,,,,,,,,,,,,,,,,,,,,,
180843,30-Jul-19,15:38:55,2019-07-30 15:38:55,G,2,2,1431,385,0,7,-61.1736,-54.1487,38:55.2,FastGPS,-61.1736,-54.1487,,1,11.2,-1.8,,,,15,5,15858,,,,30,28218,,,,9,15021,,,,7,11698,,,,23,30322,,,,16,21710,,,,4,13095,,,,,,,,,,,,,,,,,,,,,,,,,,,,,,,,,,,,,,,,,,,
180843,30-Jul-19,18:43:00,2019-07-30 18:43:00,G,4,2,1434,,0,9,-61.1479,-54.1358,43:01.2,FastGPS,-61.1479,-54.1358,,,14.2,-0.8,,,,15,17,8897,,,,15,31733,,,,8,26971,,,,30,17113,,,,7,10655,,,,11,11945,,,,13,31269,,,,20,14721,,,,28,15026,,,,,,,,,,,,,,,,,,,,,,,,,,,,,,,,,
180843,30-Jul-19,19:48:37,2019-07-30 19:48:37,G,2,2,1435,,0,9,-61.1443,-54.0987,48:38.2,FastGPS,-61.1443,-54.0987,,,13.7,-0.8,,,,15,15,28624,,,,24,29730,,,,11,18758,,,,18,25495,,,,28,14179,,,,10,24788,,,,20,12292,,,,1,22480,,,,17,15930,,,,,,,,,,,,,,,,,,,,,,,,,,,,,,,,,
180843,30-Jul-19,20:48:00,2019-07-30 20:48:00,G,2,2,1436,385,1,4,-61.1257,-54.0752,7/30/2019 1:50,MC,-61.1419,-54.0571,,,0.8,-0.8,,,,15,15,21402,,,,12,32333,,,,17,13460,,,,19,20282,,,,,,,,,,,,,,,,,,,,,,,,,,,,,,,,,,,,,,,,,,,,,,,,,,,,,,,,,,
180843,31-Jul-19,0:19:00,2019-07-31 00:19:00,G,4,2,1439,387,0,6,-61.1505,-54.0675,19:01.2,FastGPS,-61.1505,-54.0675,,,6,-0.8,,,,15,31,26014,,,,29,31506,,,,12,31251,,,,25,4158,,,,2,298,,,,14,20874,,,,,,,,,,,,,,,,,,,,,,,,,,,,,,,,,,,,,,,,,,,,,,,,
180843,31-Jul-19,1:19:00,2019-07-31 01:19:00,G,8,2,1440,387,0,7,-61.1537,-54.0697,19:01.2,FastGPS,-61.1537,-54.0697,,,6.2,-0.8,,,,15,12,11454,,,,31,2894,,,,5,27905,,,,25,28047,,,,29,10647,,,,2,6889,,,,26,25905,,,,,,,,,,,,,,,,,,,,,,,,,,,,,,,,,,,,,,,,,,,
180843,31-Jul-19,5:28:18,2019-07-31 05:28:18,G,6,2,1444,,0,9,-61.1728,-54.1069,28:19.7,FastGPS,-61.1728,-54.1069,,1,13.9,-0.3,,,,15,10,11704,,,,8,13214,,,,7,29591,,,,4,3356,,,,16,31835,,,,20,32211,,,,27,10439,,,,21,26275,,,,26,1743,,,,,,,,,,,,,,,,,,,,,,,,,,,,,,,,,
180843,31-Jul-19,6:28:00,2019-07-31 06:28:00,G,4,2,1445,387,0,6,-61.1782,-54.1224,28:01.2,FastGPS,-61.1782,-54.1224,,1,3.7,-0.8,,,,15,10,15060,,,,27,3036,,,,4,12603,,,,20,8419,,,,8,19441,,,,18,14879,,,,,,,,,,,,,,,,,,,,,,,,,,,,,,,,,,,,,,,,,,,,,,,,
180843,31-Jul-19,7:28:02,2019-07-31 07:28:02,G,8,2,1446,387,0,8,-61.1863,-54.1353,28:03.7,FastGPS,-61.1863,-54.1353,,1,5.9,-0.3,,,,15,32,2609,,,,27,8726,,,,10,6967,,,,18,18390,,,,8,25229,,,,4,22993,,,,14,15641,,,,11,20322,,,,,,,,,,,,,,,,,,,,,,,,,,,,,,,,,,,,,,
180843,31-Jul-19,8:47:14,2019-07-31 08:47:14,G,6,2,1447,388,0,5,-61.1995,-54.1387,47:15.7,FastGPS,-61.1995,-54.1387,,,1.7,-0.3,,,,15,32,12715,,,,14,22452,,,,11,15516,,,,18,9446,,,,22,15877,,,,,,,,,,,,,,,,,,,,,,,,,,,,,,,,,,,,,,,,,,,,,,,,,,,,,
180843,31-Jul-19,10:52:08,2019-07-31 10:52:08,G,2,2,1449,388,0,8,-61.1854,-54.1476,52:08.2,FastGPS,-61.1854,-54.1476,,,20.1,-1.8,,,,15,12,14814,,,,31,20688,,,,18,6444,,,,1,23787,,,,14,666,,,,22,26530,,,,3,13770,,,,23,18042,,,,,,,,,,,,,,,,,,,,,,,,,,,,,,,,,,,,,,
180843,31-Jul-19,17:17:00,2019-07-31 17:17:00,G,6,2,1454,,0,9,-61.1514,-54.1547,17:00.2,FastGPS,-61.1514,-54.1547,,2,4.1,-1.8,,,,15,5,7453,,,,13,32245,,,,7,30318,,,,30,4485,,,,27,30237,,,,8,10852,,,,4,24663,,,,28,13946,,,,21,27830,,,,,,,,,,,,,,,,,,,,,,,,,,,,,,,,,
180843,31-Jul-19,18:17:32,2019-07-31 18:17:32,G,4,2,1455,389,0,7,-61.1532,-54.1501,17:33.7,FastGPS,-61.1532,-54.1501,,,9.3,-0.3,,,,15,7,12546,,,,11,6501,,,,30,22519,,,,8,17060,,,,5,16160,,,,15,14973,,,,13,5135,,,,,,,,,,,,,,,,,,,,,,,,,,,,,,,,,,,,,,,,,,,
180843,31-Jul-19,19:19:28,2019-07-31 19:19:28,G,4,2,1456,,0,9,-61.1471,-54.1608,19:28.2,FastGPS,-61.1471,-54.1608,,,9.9,-1.8,,,,15,17,21534,,,,30,185,,,,15,18442,,,,19,1655,,,,13,5070,,,,24,6512,,,,28,9088,,,,1,4610,,,,10,15260,,,,,,,,,,,,,,,,,,,,,,,,,,,,,,,,,
180843,31-Jul-19,20:20:11,2019-07-31 20:20:11,G,4,2,1457,389,0,5,-61.1512,-54.1412,20:12.7,FastGPS,-61.1512,-54.1412,,,1.3,-0.3,,,,15,15,24376,,,,24,19718,,,,19,25381,,,,17,13669,,,,10,29184,,,,,,,,,,,,,,,,,,,,,,,,,,,,,,,,,,,,,,,,,,,,,,,,,,,,,
180843,31-Jul-19,21:20:00,2019-07-31 21:20:00,G,4,2,1458,389,1,7,-61.1409,-54.0988,20:00.2,FastGPS,-61.1409,-54.0988,,,8.9,-1.8,,,,15,15,13957,,,,12,7912,,,,32,26179,,,,24,30547,,,,19,23770,,,,17,27140,,,,25,21570,,,,,,,,,,,,,,,,,,,,,,,,,,,,,,,,,,,,,,,,,,,
180843,1-Aug-19,11:47:08,2019-08-01 11:47:08,G,4,2,1459,389,0,6,-61.019,-54.0542,47:09.2,FastGPS,-61.019,-54.0542,,,1.9,-0.8,,,,15,6,9865,,,,3,28268,,,,31,18423,,,,22,16244,,,,23,30268,,,,19,18955,,,,,,,,,,,,,,,,,,,,,,,,,,,,,,,,,,,,,,,,,,,,,,,,
180843,1-Aug-19,13:16:26,2019-08-01 13:16:26,G,4,2,1460,,0,9,-61.0689,-54.102,16:26.2,FastGPS,-61.0689,-54.102,,,20.6,-1.8,,,,15,9,27892,,,,2,11129,,,,6,3563,,,,26,10897,,,,3,27083,,,,23,18777,,,,29,10867,,,,16,23029,,,,31,6672,,,,,,,,,,,,,,,,,,,,,,,,,,,,,,,,,
180843,1-Aug-19,15:25:26,2019-08-01 15:25:26,G,4,2,1462,390,0,5,-61.1333,-54.1407,25:27.2,FastGPS,-61.1333,-54.1407,,,2.4,-0.8,,,,15,30,32343,,,,5,26153,,,,7,31389,,,,9,18274,,,,2,17077,,,,,,,,,,,,,,,,,,,,,,,,,,,,,,,,,,,,,,,,,,,,,,,,,,,,,
180843,1-Aug-19,16:25:00,2019-08-01 16:25:00,G,6,2,1463,390,0,8,-61.1431,-54.1275,25:01.2,FastGPS,-61.1431,-54.1275,,,5.2,-0.8,,,,15,5,10079,,,,9,11833,,,,7,18632,,,,8,17124,,,,30,9301,,,,13,6798,,,,27,7923,,,,28,13196,,,,,,,,,,,,,,,,,,,,,,,,,,,,,,,,,,,,,,
180843,1-Aug-19,17:28:31,2019-08-01 17:28:31,G,4,2,1464,390,0,7,-61.1454,-54.1377,28:31.7,FastGPS,-61.1454,-54.1377,,,5.6,-1.3,,,,15,7,22717,,,,5,9592,,,,30,5343,,,,28,81,,,,8,6827,,,,13,25172,,,,15,2929,,,,,,,,,,,,,,,,,,,,,,,,,,,,,,,,,,,,,,,,,,,
180843,1-Aug-19,18:33:36,2019-08-01 18:33:36,G,4,2,1465,390,0,6,-61.1522,-54.1507,33:36.7,FastGPS,-61.1522,-54.1507,,,10,-1.3,,,,15,17,26364,,,,30,13822,,,,15,21098,,,,28,5940,,,,7,8601,,,,13,24078,,,,,,,,,,,,,,,,,,,,,,,,,,,,,,,,,,,,,,,,,,,,,,,,
180843,1-Aug-19,19:41:25,2019-08-01 19:41:25,G,4,2,1466,390,0,7,-61.155,-54.1486,41:25.2,FastGPS,-61.155,-54.1486,,,11.5,-1.8,,,,15,17,24157,,,,13,18917,,,,19,11049,,,,15,318,,,,10,30489,,,,24,8485,,,,28,17058,,,,,,,,,,,,,,,,,,,,,,,,,,,,,,,,,,,,,,,,,,,
180843,1-Aug-19,20:42:06,2019-08-01 20:42:06,G,2,2,1467,390,0,8,-61.1633,-54.147,42:07.2,FastGPS,-61.1633,-54.147,,,17.1,-0.8,,,,15,15,8842,,,,12,4886,,,,17,9269,,,,24,16817,,,,10,5655,,,,19,19213,,,,13,15367,,,,32,4670,,,,,,,,,,,,,,,,,,,,,,,,,,,,,,,,,,,,,,
180843,1-Aug-19,21:44:15,2019-08-01 21:44:15,G,4,2,1468,390,0,7,-61.1741,-54.1537,44:16.7,FastGPS,-61.1741,-54.1537,,,11.4,-0.3,,,,15,12,1481,,,,17,32296,,,,24,27221,,,,32,24673,,,,25,19222,,,,19,11812,,,,14,25819,,,,,,,,,,,,,,,,,,,,,,,,,,,,,,,,,,,,,,,,,,,
180843,1-Aug-19,22:44:00,2019-08-01 22:44:00,G,2,2,1469,,0,9,-61.178,-54.1766,44:01.7,FastGPS,-61.178,-54.1766,,,16.3,-0.3,,,,15,19,27071,,,,6,23111,,,,12,31319,,,,2,16199,,,,29,31810,,,,17,17481,,,,25,18383,,,,24,13384,,,,32,8475,,,,,,,,,,,,,,,,,,,,,,,,,,,,,,,,,
180843,1-Aug-19,23:44:01,2019-08-01 23:44:01,G,4,2,1470,390,0,4,-61.1814,-54.1793,8/1/2019 23:11,NK,-61.1969,-54.1761,,,0.7,-1.9,,,,15,29,20953,,,,31,7363,,,,25,28666,,,,12,14561,,,,,,,,,,,,,,,,,,,,,,,,,,,,,,,,,,,,,,,,,,,,,,,,,,,,,,,,,,
180843,2-Aug-19,2:56:25,2019-08-02 02:56:25,G,6,2,1472,390,0,6,-61.1963,-54.1533,56:26.3,FastGPS,-61.1963,-54.1533,,,13.1,-0.7,,,,15,5,27091,,,,29,9881,,,,21,28975,,,,25,1339,,,,26,27678,,,,16,7642,,,,,,,,,,,,,,,,,,,,,,,,,,,,,,,,,,,,,,,,,,,,,,,,
180843,2-Aug-19,3:59:29,2019-08-02 03:59:29,G,2,2,1473,,0,9,-61.1715,-54.1319,59:30.2,FastGPS,-61.1715,-54.1319,,1,10.2,-0.8,,,,15,29,24949,,,,27,2433,,,,7,9745,,,,26,1500,,,,20,4929,,,,4,15957,,,,21,29167,,,,10,27835,,,,16,9122,,,,,,,,,,,,,,,,,,,,,,,,,,,,,,,,,
180843,2-Aug-19,5:00:44,2019-08-02 05:00:44,G,2,2,1474,,0,9,-61.1627,-54.11,00:45.7,FastGPS,-61.1627,-54.11,,1,9.3,-0.3,,,,15,15,21766,,,,27,13064,,,,10,16379,,,,20,18579,,,,26,3830,,,,4,31221,,,,16,3669,,,,21,22218,,,,7,26552,,,,,,,,,,,,,,,,,,,,,,,,,,,,,,,,,
180843,2-Aug-19,6:20:09,2019-08-02 06:20:09,G,4,2,1475,391,0,4,-61.1969,-54.1761,44:01.1,FastGPS,-61.1561,-54.0936,,,0.3,-1.3,,,,15,10,32117,,,,15,21791,,,,20,24467,,,,27,19360,,,,,,,,,,,,,,,,,,,,,,,,,,,,,,,,,,,,,,,,,,,,,,,,,,,,,,,,,,
180843,2-Aug-19,7:21:13,2019-08-02 07:21:13,G,6,2,1476,391,0,7,-61.1356,-54.0861,21:13.7,FastGPS,-61.1356,-54.0861,,1,4,-1.3,,,,15,10,6332,,,,20,29444,,,,32,10435,,,,27,5735,,,,24,25455,,,,4,19619,,,,14,24588,,,,,,,,,,,,,,,,,,,,,,,,,,,,,,,,,,,,,,,,,,,
180843,2-Aug-19,8:27:22,2019-08-02 08:27:22,G,8,2,1477,391,0,6,-61.1213,-54.0836,27:22.2,FastGPS,-61.1213,-54.0836,,,5.5,-1.8,,,,15,10,15157,,,,32,3137,,,,22,27020,,,,14,16934,,,,11,2681,,,,18,29595,,,,,,,,,,,,,,,,,,,,,,,,,,,,,,,,,,,,,,,,,,,,,,,,
180843,2-Aug-19,9:47:36,2019-08-02 09:47:36,G,6,2,1478,,0,9,-61.1352,-54.1188,47:37.7,FastGPS,-61.1352,-54.1188,,,7,-0.3,,,,15,17,24748,,,,11,22021,,,,1,6697,,,,18,15163,,,,31,18978,,,,22,5463,,,,3,24475,,,,19,23540,,,,32,14584,,,,,,,,,,,,,,,,,,,,,,,,,,,,,,,,,
180843,2-Aug-19,10:54:37,2019-08-02 10:54:37,G,12,2,1479,,0,9,-61.1564,-54.14,54:37.2,FastGPS,-61.1564,-54.14,,,5.9,-1.8,,,,15,17,17956,,,,12,19117,,,,19,7271,,,,23,11452,,,,31,14412,,,,3,7770,,,,32,12122,,,,14,8220,,,,6,14590,,,,,,,,,,,,,,,,,,,,,,,,,,,,,,,,,
180843,2-Aug-19,12:02:48,2019-08-02 12:02:48,G,6,2,1480,391,0,6,-61.1679,-54.1371,02:48.7,FastGPS,-61.1679,-54.1371,,,8.5,-1.3,,,,15,31,17046,,,,6,28188,,,,23,8959,,,,26,7860,,,,3,4176,,,,22,18764,,,,,,,,,,,,,,,,,,,,,,,,,,,,,,,,,,,,,,,,,,,,,,,,
180843,2-Aug-19,13:09:50,2019-08-02 13:09:50,G,2,2,1481,391,0,4,-61.2275,-54.2041,40:38.2,FastGPS,-61.1796,-54.133,,,0.4,-1.8,,,,15,6,29636,,,,23,11393,,,,3,25646,,,,16,3601,,,,,,,,,,,,,,,,,,,,,,,,,,,,,,,,,,,,,,,,,,,,,,,,,,,,,,,,,,
180843,2-Aug-19,14:13:03,2019-08-02 14:13:03,G,2,2,1482,,0,9,-61.1854,-54.1568,13:03.7,FastGPS,-61.1854,-54.1568,,,9.7,-1.3,,,,15,7,11131,,,,9,8861,,,,16,23971,,,,26,12564,,,,29,628,,,,6,27484,,,,2,9307,,,,23,2433,,,,5,19217,,,,,,,,,,,,,,,,,,,,,,,,,,,,,,,,,
180843,2-Aug-19,15:13:13,2019-08-02 15:13:13,G,2,2,1483,391,0,6,-61.195,-54.1645,13:13.9,FastGPS,-61.195,-54.1645,,1,7.2,-1.1,,,,15,5,5882,,,,9,3911,,,,23,16544,,,,7,23767,,,,30,2205,,,,4,8812,,,,,,,,,,,,,,,,,,,,,,,,,,,,,,,,,,,,,,,,,,,,,,,,
180843,2-Aug-19,16:29:47,2019-08-02 16:29:47,G,2,2,1484,392,0,6,-61.2066,-54.1856,29:47.2,FastGPS,-61.2066,-54.1856,,,6.2,-1.8,,,,15,7,31543,,,,30,18041,,,,27,11363,,,,28,27763,,,,13,10310,,,,5,2221,,,,,,,,,,,,,,,,,,,,,,,,,,,,,,,,,,,,,,,,,,,,,,,,
180843,2-Aug-19,17:31:46,2019-08-02 17:31:46,G,4,2,1485,392,0,7,-61.2234,-54.1917,31:46.7,FastGPS,-61.2234,-54.1917,,,6.4,-1.3,,,,15,7,32598,,,,5,23209,,,,30,449,,,,15,6528,,,,8,14212,,,,28,1300,,,,13,15058,,,,,,,,,,,,,,,,,,,,,,,,,,,,,,,,,,,,,,,,,,,
180843,2-Aug-19,18:40:38,2019-08-02 18:40:38,G,6,2,1486,392,0,4,-61.2376,-54.2154,8/3/2019 0:46,NN,-61.2275,-54.2041,,,0.3,-1.8,,,,15,15,10250,,,,13,15055,,,,28,12934,,,,17,19204,,,,,,,,,,,,,,,,,,,,,,,,,,,,,,,,,,,,,,,,,,,,,,,,,,,,,,,,,,
180843,2-Aug-19,19:42:21,2019-08-02 19:42:21,G,4,2,1487,392,0,5,-61.23,-54.207,42:22.2,FastGPS,-61.23,-54.207,,,3.4,-0.8,,,,15,13,27963,,,,15,21737,,,,24,22754,,,,10,27551,,,,19,25207,,,,,,,,,,,,,,,,,,,,,,,,,,,,,,,,,,,,,,,,,,,,,,,,,,,,,
180843,2-Aug-19,20:42:00,2019-08-02 20:42:00,G,8,2,1488,392,1,4,-61.2376,-54.2154,8/3/2019 0:46,NN,-61.2353,-54.2049,,,0.8,-0.4,,,,15,17,19639,,,,1,20357,,,,19,2167,,,,28,7790,,,,,,,,,,,,,,,,,,,,,,,,,,,,,,,,,,,,,,,,,,,,,,,,,,,,,,,,,,
180843,2-Aug-19,22:12:00,2019-08-02 22:12:00,G,4,2,1489,394,1,7,-61.2371,-54.2149,12:01.2,FastGPS,-61.2371,-54.2149,,,20.1,-0.8,,,,15,24,11374,,,,17,23973,,,,6,25571,,,,19,23741,,,,2,25793,,,,12,12090,,,,3,2762,,,,,,,,,,,,,,,,,,,,,,,,,,,,,,,,,,,,,,,,,,,
180843,3-Aug-19,10:06:10,2019-08-03 10:06:10,G,10,2,1490,395,0,7,-61.2323,-54.181,06:10.3,FastGPS,-61.2323,-54.181,,,3.9,-1.7,,,,15,17,18061,,,,32,12285,,,,19,19982,,,,31,3994,,,,3,2240,,,,22,13265,,,,14,25585,,,,,,,,,,,,,,,,,,,,,,,,,,,,,,,,,,,,,,,,,,,
180843,3-Aug-19,11:12:36,2019-08-03 11:12:36,G,8,2,1491,395,0,7,-61.2226,-54.1772,12:37.8,FastGPS,-61.2226,-54.1772,,,12,-0.2,,,,15,31,6438,,,,1,2147,,,,23,13949,,,,14,146,,,,22,14484,,,,3,4601,,,,25,8603,,,,,,,,,,,,,,,,,,,,,,,,,,,,,,,,,,,,,,,,,,,
180843,3-Aug-19,12:14:14,2019-08-03 12:14:14,G,6,2,1492,395,0,5,-61.2194,-54.1757,14:14.7,FastGPS,-61.2194,-54.1757,,,2.2,-1.3,,,,15,6,6531,,,,31,29050,,,,9,10001,,,,23,16810,,,,3,24678,,,,,,,,,,,,,,,,,,,,,,,,,,,,,,,,,,,,,,,,,,,,,,,,,,,,,
180843,3-Aug-19,13:18:15,2019-08-03 13:18:15,G,6,2,1493,395,0,5,-61.2275,-54.1817,18:15.2,FastGPS,-61.2275,-54.1817,,,1.9,-1.8,,,,15,23,18806,,,,9,10,,,,3,894,,,,26,872,,,,7,24792,,,,,,,,,,,,,,,,,,,,,,,,,,,,,,,,,,,,,,,,,,,,,,,,,,,,,
180843,3-Aug-19,14:19:27,2019-08-03 14:19:27,G,2,2,1494,395,0,4,-61.2376,-54.2154,8/3/2019 0:46,NN,-61.2303,-54.1831,,,0.4,-0.3,,,,15,26,29336,,,,16,3674,,,,7,22127,,,,23,5181,,,,,,,,,,,,,,,,,,,,,,,,,,,,,,,,,,,,,,,,,,,,,,,,,,,,,,,,,,
180843,3-Aug-19,15:20:42,2019-08-03 15:20:42,G,2,2,1495,395,0,5,-61.236,-54.1935,20:42.9,FastGPS,-61.236,-54.1935,,,5.5,-1.1,,,,15,7,13701,,,,9,21791,,,,5,14757,,,,23,10628,,,,30,23757,,,,,,,,,,,,,,,,,,,,,,,,,,,,,,,,,,,,,,,,,,,,,,,,,,,,,
180843,3-Aug-19,16:22:54,2019-08-03 16:22:54,G,8,2,1496,395,0,6,-61.2433,-54.2183,22:54.7,FastGPS,-61.2433,-54.2183,,1,7.8,-1.3,,,,15,7,5711,,,,30,15784,,,,13,32693,,,,27,11219,,,,5,5605,,,,4,23318,,,,,,,,,,,,,,,,,,,,,,,,,,,,,,,,,,,,,,,,,,,,,,,,
180843,3-Aug-19,17:25:19,2019-08-03 17:25:19,G,4,2,1497,395,0,7,-61.2562,-54.2433,25:19.7,FastGPS,-61.2562,-54.2433,,,8,-1.3,,,,15,30,21068,,,,15,14228,,,,28,8881,,,,13,27225,,,,8,31132,,,,5,15794,,,,7,26102,,,,,,,,,,,,,,,,,,,,,,,,,,,,,,,,,,,,,,,,,,,
180843,3-Aug-19,18:26:39,2019-08-03 18:26:39,G,6,2,1498,395,0,6,-61.2652,-54.2675,26:39.7,FastGPS,-61.2652,-54.2675,,,5.6,-1.3,,,,15,13,11943,,,,15,13015,,,,30,31016,,,,28,28094,,,,11,25626,,,,17,19490,,,,,,,,,,,,,,,,,,,,,,,,,,,,,,,,,,,,,,,,,,,,,,,,
180843,3-Aug-19,19:27:23,2019-08-03 19:27:23,G,6,2,1499,,0,9,-61.2931,-54.2741,27:23.7,FastGPS,-61.2931,-54.2741,,,5.5,-1.3,,,,15,28,27441,,,,19,14391,,,,13,904,,,,15,2086,,,,17,29273,,,,11,26452,,,,30,2498,,,,1,13784,,,,18,28161,,,,,,,,,,,,,,,,,,,,,,,,,,,,,,,,,
180843,3-Aug-19,20:43:00,2019-08-03 20:43:00,G,4,2,1500,396,0,7,-61.3342,-54.2608,43:00.3,FastGPS,-61.3342,-54.2608,,,5.5,-1.7,,,,15,28,7246,,,,1,4174,,,,32,8791,,,,18,3086,,,,24,32411,,,,11,4627,,,,19,31627,,,,,,,,,,,,,,,,,,,,,,,,,,,,,,,,,,,,,,,,,,,
180843,3-Aug-19,22:43:00,2019-08-03 22:43:00,G,4,2,1502,,1,9,-61.3826,-54.2334,43:01.3,FastGPS,-61.3826,-54.2334,,,8.1,-0.7,,,,15,29,15386,,,,12,18761,,,,6,11274,,,,25,26897,,,,2,28722,,,,24,2201,,,,19,19717,,,,32,13010,,,,17,2081,,,,,,,,,,,,,,,,,,,,,,,,,,,,,,,,,
180843,4-Aug-19,9:20:54,2019-08-04 09:20:54,G,2,2,1503,,0,9,-61.5133,-54.0126,20:54.2,FastGPS,-61.5133,-54.0126,,,8.8,-1.8,,,,15,17,4713,,,,31,22358,,,,19,15626,,,,22,8133,,,,18,30630,,,,1,16956,,,,12,25094,,,,32,12196,,,,10,13865,,,,,,,,,,,,,,,,,,,,,,,,,,,,,,,,,
180843,4-Aug-19,10:55:44,2019-08-04 10:55:44,G,2,2,1504,,0,9,-61.4779,-54.0354,55:44.3,FastGPS,-61.4779,-54.0354,,,10.6,-1.7,,,,15,31,28034,,,,14,13224,,,,1,6652,,,,23,19690,,,,3,21718,,,,25,26819,,,,12,17356,,,,11,25922,,,,17,839,,,,,,,,,,,,,,,,,,,,,,,,,,,,,,,,,
180843,4-Aug-19,12:04:30,2019-08-04 12:04:30,G,10,2,1505,396,0,6,-61.436,-54.0882,04:30.2,FastGPS,-61.436,-54.0882,,,4.5,-1.8,,,,15,31,25303,,,,26,8040,,,,22,11868,,,,3,15335,,,,25,23304,,,,6,11594,,,,,,,,,,,,,,,,,,,,,,,,,,,,,,,,,,,,,,,,,,,,,,,,
180843,4-Aug-19,13:10:30,2019-08-04 13:10:30,G,4,2,1506,396,0,7,-61.395,-54.1262,10:30.8,FastGPS,-61.395,-54.1262,,,8.3,-1.2,,,,15,26,13385,,,,16,6442,,,,7,17604,,,,23,5877,,,,9,5669,,,,3,28535,,,,6,20743,,,,,,,,,,,,,,,,,,,,,,,,,,,,,,,,,,,,,,,,,,,
180843,4-Aug-19,14:12:33,2019-08-04 14:12:33,G,6,2,1507,396,0,8,-61.3509,-54.155,12:33.2,FastGPS,-61.3509,-54.155,,1,12,-1.8,,,,15,7,17108,,,,16,8817,,,,23,21296,,,,9,20703,,,,26,9979,,,,30,17509,,,,4,28153,,,,29,4944,,,,,,,,,,,,,,,,,,,,,,,,,,,,,,,,,,,,,,
180843,4-Aug-19,15:28:07,2019-08-04 15:28:07,G,2,2,1508,397,0,5,-61.3236,-54.258,28:07.2,FastGPS,-61.3236,-54.258,,,2.3,-1.8,,,,15,7,14469,,,,9,19716,,,,30,25333,,,,5,2430,,,,13,20290,,,,,,,,,,,,,,,,,,,,,,,,,,,,,,,,,,,,,,,,,,,,,,,,,,,,,
180843,4-Aug-19,16:29:51,2019-08-04 16:29:51,G,4,2,1509,,0,9,-61.3176,-54.3034,29:51.3,FastGPS,-61.3176,-54.3034,,1,7.2,-1.7,,,,15,21,18658,,,,27,4980,,,,5,18074,,,,8,26466,,,,13,4022,,,,30,16881,,,,4,2893,,,,9,27991,,,,7,4275,,,,,,,,,,,,,,,,,,,,,,,,,,,,,,,,,
180843,4-Aug-19,17:34:57,2019-08-04 17:34:57,G,2,2,1510,397,0,8,-61.3169,-54.3134,34:57.3,FastGPS,-61.3169,-54.3134,,,11.4,-1.7,,,,15,15,25661,,,,7,26289,,,,13,11068,,,,8,18368,,,,27,11323,,,,30,20005,,,,28,15292,,,,11,31063,,,,,,,,,,,,,,,,,,,,,,,,,,,,,,,,,,,,,,
180843,4-Aug-19,18:51:52,2019-08-04 18:51:52,G,2,2,1511,,0,9,-61.3025,-54.2735,51:53.7,FastGPS,-61.3025,-54.2735,,,8.7,-0.3,,,,15,15,5274,,,,20,25322,,,,24,15540,,,,10,23233,,,,17,22530,,,,8,27782,,,,11,5699,,,,13,21355,,,,18,6946,,,,,,,,,,,,,,,,,,,,,,,,,,,,,,,,,
180843,4-Aug-19,19:52:00,2019-08-04 19:52:00,G,2,2,1512,398,0,5,-61.3097,-54.2481,52:01.3,FastGPS,-61.3097,-54.2481,,,10.6,-0.7,,,,15,15,30782,,,,24,27583,,,,17,29963,,,,28,16151,,,,1,31309,,,,,,,,,,,,,,,,,,,,,,,,,,,,,,,,,,,,,,,,,,,,,,,,,,,,,
180843,4-Aug-19,20:53:53,2019-08-04 20:53:53,G,6,2,1513,398,0,6,-61.312,-54.2353,53:54.3,FastGPS,-61.312,-54.2352,,,18.8,-0.7,,,,15,17,17245,,,,12,16853,,,,19,29443,,,,24,1098,,,,6,4036,,,,28,18101,,,,,,,,,,,,,,,,,,,,,,,,,,,,,,,,,,,,,,,,,,,,,,,,
180843,4-Aug-19,21:54:00,2019-08-04 21:54:00,G,4,2,1514,398,1,5,-61.3203,-54.2298,54:01.2,FastGPS,-61.3203,-54.2298,,,7.2,-0.8,,,,15,17,29913,,,,2,5400,,,,19,12407,,,,6,32520,,,,24,31415,,,,,,,,,,,,,,,,,,,,,,,,,,,,,,,,,,,,,,,,,,,,,,,,,,,,,
180843,4-Aug-19,22:54:00,2019-08-04 22:54:00,G,6,2,1515,398,1,6,-61.3379,-54.1967,54:01.3,FastGPS,-61.3379,-54.1967,,,3.4,-0.7,,,,15,12,21699,,,,2,25072,,,,29,22596,,,,24,10232,,,,6,13829,,,,19,31611,,,,,,,,,,,,,,,,,,,,,,,,,,,,,,,,,,,,,,,,,,,,,,,,
180843,5-Aug-19,4:01:49,2019-08-05 04:01:49,G,2,2,1516,399,0,8,-61.3336,-54.0526,01:50.7,FastGPS,-61.3336,-54.0526,,,6.9,-0.3,,,,15,15,12344,,,,10,25172,,,,13,10701,,,,26,13790,,,,29,17000,,,,5,17033,,,,20,16545,,,,16,640,,,,,,,,,,,,,,,,,,,,,,,,,,,,,,,,,,,,,,
180843,5-Aug-19,5:20:20,2019-08-05 05:20:20,G,2,2,1517,400,0,6,-61.3174,-54.1084,20:20.3,FastGPS,-61.3174,-54.1084,,1,10.7,-1.7,,,,15,21,30338,,,,10,30020,,,,4,16297,,,,20,17743,,,,15,7022,,,,16,29261,,,,,,,,,,,,,,,,,,,,,,,,,,,,,,,,,,,,,,,,,,,,,,,,
180843,5-Aug-19,7:05:06,2019-08-05 07:05:06,G,2,2,1518,400,0,8,-61.3265,-54.0984,05:07.8,FastGPS,-61.3265,-54.0984,,1,6.3,-0.2,,,,15,10,16470,,,,20,11984,,,,32,29979,,,,27,20023,,,,8,30363,,,,4,4106,,,,14,4526,,,,18,15075,,,,,,,,,,,,,,,,,,,,,,,,,,,,,,,,,,,,,,
180843,5-Aug-19,8:05:00,2019-08-05 08:05:00,G,10,2,1519,400,0,8,-61.3277,-54.1041,05:00.3,FastGPS,-61.3277,-54.1041,,,7.1,-1.7,,,,15,10,5100,,,,32,9931,,,,22,31500,,,,8,25447,,,,18,3228,,,,11,9044,,,,20,25605,,,,14,30860,,,,,,,,,,,,,,,,,,,,,,,,,,,,,,,,,,,,,,
180843,5-Aug-19,9:06:56,2019-08-05 09:06:56,G,4,2,1520,400,0,6,-61.3175,-54.1193,06:57.8,FastGPS,-61.3175,-54.1193,,,13.5,-0.2,,,,15,32,4487,,,,10,30048,,,,14,14709,,,,18,19302,,,,3,3950,,,,22,19500,,,,,,,,,,,,,,,,,,,,,,,,,,,,,,,,,,,,,,,,,,,,,,,,
180843,5-Aug-19,10:28:01,2019-08-05 10:28:01,G,4,2,1521,,0,9,-61.3012,-54.21,28:01.8,FastGPS,-61.3012,-54.21,,,9.1,-1.2,,,,15,31,26518,,,,32,7895,,,,23,10696,,,,18,31926,,,,14,26384,,,,1,12268,,,,17,13475,,,,22,7365,,,,3,19553,,,,,,,,,,,,,,,,,,,,,,,,,,,,,,,,,
180843,5-Aug-19,11:34:42,2019-08-05 11:34:42,G,4,2,1522,401,0,6,-61.2761,-54.2466,34:42.8,FastGPS,-61.2761,-54.2466,,,3.6,-1.2,,,,15,31,19045,,,,6,30072,,,,25,3865,,,,3,30196,,,,22,9787,,,,23,12227,,,,,,,,,,,,,,,,,,,,,,,,,,,,,,,,,,,,,,,,,,,,,,,,
180843,5-Aug-19,12:37:12,2019-08-05 12:37:12,G,4,2,1523,401,0,7,-61.2482,-54.2264,37:12.2,FastGPS,-61.2482,-54.2264,,,11.6,-1.8,,,,15,26,18589,,,,2,2262,,,,23,14897,,,,31,9926,,,,9,7856,,,,16,13318,,,,6,4740,,,,,,,,,,,,,,,,,,,,,,,,,,,,,,,,,,,,,,,,,,,
180843,5-Aug-19,13:38:11,2019-08-05 13:38:11,G,4,2,1524,,0,9,-61.2303,-54.1794,38:12.8,FastGPS,-61.2303,-54.1794,,,11.9,-0.2,,,,15,2,7914,,,,9,1381,,,,16,31572,,,,23,12772,,,,7,20088,,,,26,18178,,,,6,13951,,,,29,20199,,,,5,18068,,,,,,,,,,,,,,,,,,,,,,,,,,,,,,,,,
180843,5-Aug-19,14:44:48,2019-08-05 14:44:48,G,10,2,1525,401,0,6,-61.2102,-54.169,44:48.3,FastGPS,-61.2102,-54.169,,,6.9,-1.7,,,,15,5,21227,,,,16,3531,,,,23,22185,,,,7,30952,,,,2,12713,,,,30,1153,,,,,,,,,,,,,,,,,,,,,,,,,,,,,,,,,,,,,,,,,,,,,,,,
180843,5-Aug-19,15:46:05,2019-08-05 15:46:05,G,6,2,1526,401,0,7,-61.1881,-54.1543,46:06.2,FastGPS,-61.1881,-54.1543,,1,7.8,-0.8,,,,15,5,11101,,,,9,31797,,,,7,21064,,,,27,13814,,,,30,2790,,,,4,846,,,,21,4726,,,,,,,,,,,,,,,,,,,,,,,,,,,,,,,,,,,,,,,,,,,
180843,5-Aug-19,16:52:24,2019-08-05 16:52:24,G,10,2,1527,401,0,8,-61.1756,-54.1353,52:25.3,FastGPS,-61.1756,-54.1353,,,9,-0.7,,,,15,7,7458,,,,13,14339,,,,15,25682,,,,8,281,,,,5,13331,,,,30,1914,,,,27,31358,,,,21,18856,,,,,,,,,,,,,,,,,,,,,,,,,,,,,,,,,,,,,,
180843,5-Aug-19,18:25:01,2019-08-05 18:25:01,G,4,2,1528,,0,9,-61.1628,-54.1363,25:02.7,FastGPS,-61.1628,-54.1363,,,8.6,-0.3,,,,15,17,24305,,,,30,12134,,,,8,25693,,,,15,26825,,,,10,15357,,,,11,5105,,,,28,2268,,,,20,4327,,,,13,9094,,,,,,,,,,,,,,,,,,,,,,,,,,,,,,,,,
180843,5-Aug-19,19:33:18,2019-08-05 19:33:18,G,4,2,1529,402,0,5,-61.1447,-54.1148,33:18.3,FastGPS,-61.1447,-54.1148,,,5.3,-1.7,,,,15,17,31865,,,,1,23792,,,,13,2182,,,,28,7943,,,,30,25126,,,,,,,,,,,,,,,,,,,,,,,,,,,,,,,,,,,,,,,,,,,,,,,,,,,,,
180843,5-Aug-19,20:39:49,2019-08-05 20:39:49,G,4,2,1530,402,0,5,-61.1522,-54.0878,39:49.3,FastGPS,-61.1522,-54.0878,,,5.5,-1.7,,,,15,12,28813,,,,15,22548,,,,24,6530,,,,17,9021,,,,32,24941,,,,,,,,,,,,,,,,,,,,,,,,,,,,,,,,,,,,,,,,,,,,,,,,,,,,,
180843,5-Aug-19,21:40:25,2019-08-05 21:40:25,G,6,2,1531,402,0,4,-61.1695,-54.1405,56:58.8,FastGPS,-61.1669,-54.0963,,,0.4,-1.7,,,,15,12,31296,,,,17,24859,,,,24,9529,,,,19,24044,,,,,,,,,,,,,,,,,,,,,,,,,,,,,,,,,,,,,,,,,,,,,,,,,,,,,,,,,,
180843,5-Aug-19,22:55:00,2019-08-05 22:55:00,G,2,2,1532,403,0,8,-61.1666,-54.0965,55:01.3,FastGPS,-61.1666,-54.0965,,,7,-0.7,,,,15,12,10539,,,,2,1963,,,,25,14021,,,,31,6532,,,,6,1405,,,,24,13535,,,,29,3960,,,,14,27464,,,,,,,,,,,,,,,,,,,,,,,,,,,,,,,,,,,,,,
180843,6-Aug-19,0:25:00,2019-08-06 00:25:00,G,4,2,1533,405,1,5,-61.1645,-54.0958,25:01.3,FastGPS,-61.1645,-54.0958,,,7.6,-0.7,,,,15,31,25445,,,,12,16913,,,,29,6928,,,,25,22196,,,,2,31204,,,,,,,,,,,,,,,,,,,,,,,,,,,,,,,,,,,,,,,,,,,,,,,,,,,,,
180843,6-Aug-19,1:25:00,2019-08-06 01:25:00,G,4,2,1534,405,1,4,-61.1669,-54.0963,40:25.3,FastGPS,-61.1725,-54.0923,,,0.3,-1.3,,,,15,31,27916,,,,29,10571,,,,12,10602,,,,5,16648,,,,,,,,,,,,,,,,,,,,,,,,,,,,,,,,,,,,,,,,,,,,,,,,,,,,,,,,,,
180843,6-Aug-19,2:25:00,2019-08-06 02:25:00,G,4,2,1535,405,0,5,-61.1674,-54.1003,25:00.3,FastGPS,-61.1674,-54.1003,,,7.2,-1.7,,,,15,26,13327,,,,5,13521,,,,21,361,,,,25,7811,,,,29,13050,,,,,,,,,,,,,,,,,,,,,,,,,,,,,,,,,,,,,,,,,,,,,,,,,,,,,
180843,6-Aug-19,3:40:00,2019-08-06 03:40:00,G,8,2,1536,406,0,6,-61.1758,-54.1142,40:01.3,FastGPS,-61.1758,-54.1142,,1,7.8,-0.7,,,,15,16,31256,,,,4,29258,,,,20,16997,,,,21,16822,,,,27,13331,,,,26,187,,,,,,,,,,,,,,,,,,,,,,,,,,,,,,,,,,,,,,,,,,,,,,,,
180843,6-Aug-19,4:40:00,2019-08-06 04:40:00,G,8,2,1537,406,0,5,-61.1788,-54.1183,40:01.3,FastGPS,-61.1788,-54.1183,,,17.4,-0.7,,,,15,15,13389,,,,21,28737,,,,20,8357,,,,10,29755,,,,16,11886,,,,,,,,,,,,,,,,,,,,,,,,,,,,,,,,,,,,,,,,,,,,,,,,,,,,,
180843,6-Aug-19,5:47:30,2019-08-06 05:47:30,G,6,2,1538,406,0,5,-61.1671,-54.1172,47:31.3,FastGPS,-61.1671,-54.1172,,,3.1,-0.7,,,,15,15,9936,,,,21,3328,,,,10,2593,,,,8,14545,,,,20,3628,,,,,,,,,,,,,,,,,,,,,,,,,,,,,,,,,,,,,,,,,,,,,,,,,,,,,
180843,6-Aug-19,6:50:31,2019-08-06 06:50:31,G,10,2,1539,406,0,6,-61.1488,-54.1221,50:32.8,FastGPS,-61.1488,-54.1221,,1,7.2,-0.2,,,,15,10,9087,,,,32,210,,,,20,23444,,,,27,1558,,,,14,27863,,,,4,26954,,,,,,,,,,,,,,,,,,,,,,,,,,,,,,,,,,,,,,,,,,,,,,,,
180843,6-Aug-19,7:56:19,2019-08-06 07:56:19,G,10,2,1540,406,0,7,-61.1495,-54.1246,56:20.8,FastGPS,-61.1495,-54.1246,,,2.3,-0.2,,,,15,10,31555,,,,14,26204,,,,24,27253,,,,27,11820,,,,20,22458,,,,8,20115,,,,32,15372,,,,,,,,,,,,,,,,,,,,,,,,,,,,,,,,,,,,,,,,,,,
180843,6-Aug-19,8:56:00,2019-08-06 08:56:00,G,6,2,1541,,0,9,-61.1484,-54.1231,56:01.3,FastGPS,-61.1484,-54.1231,,,11.6,-0.7,,,,15,17,9043,,,,10,11485,,,,1,24785,,,,19,5991,,,,22,15594,,,,32,14,,,,11,18128,,,,31,8185,,,,3,20358,,,,,,,,,,,,,,,,,,,,,,,,,,,,,,,,,
180843,6-Aug-19,9:58:57,2019-08-06 09:58:57,G,2,2,1542,,0,9,-61.1517,-54.1218,58:58.8,FastGPS,-61.1517,-54.1218,,,9,-0.2,,,,15,3,28795,,,,17,4152,,,,11,6205,,,,1,6091,,,,18,28915,,,,22,4669,,,,23,23749,,,,19,15193,,,,32,12658,,,,,,,,,,,,,,,,,,,,,,,,,,,,,,,,,
180843,6-Aug-19,11:18:42,2019-08-06 11:18:42,G,10,2,1543,406,0,5,-61.1594,-54.127,18:43.3,FastGPS,-61.1594,-54.127,,,6.3,-0.7,,,,15,31,33,,,,14,22345,,,,22,10268,,,,23,11288,,,,1,27062,,,,,,,,,,,,,,,,,,,,,,,,,,,,,,,,,,,,,,,,,,,,,,,,,,,,,
180843,6-Aug-19,12:47:52,2019-08-06 12:47:52,G,12,2,1544,407,0,5,-61.1681,-54.1465,47:53.8,FastGPS,-61.1681,-54.1465,,,2.1,-0.2,,,,15,2,14878,,,,9,27097,,,,26,20826,,,,6,1355,,,,16,13916,,,,,,,,,,,,,,,,,,,,,,,,,,,,,,,,,,,,,,,,,,,,,,,,,,,,,
180843,6-Aug-19,13:48:00,2019-08-06 13:48:00,G,4,2,1545,,0,9,-61.1703,-54.1412,48:01.3,FastGPS,-61.1703,-54.1412,,,7.7,-0.7,,,,15,7,18435,,,,16,24486,,,,23,9379,,,,6,3202,,,,9,15694,,,,26,4461,,,,2,31793,,,,30,31726,,,,3,556,,,,,,,,,,,,,,,,,,,,,,,,,,,,,,,,,
180843,6-Aug-19,14:56:57,2019-08-06 14:56:57,G,8,2,1546,407,0,5,-61.1695,-54.1405,56:58.8,FastGPS,-61.1695,-54.1405,,,1.5,-0.2,,,,15,5,11788,,,,30,8026,,,,7,30422,,,,16,15629,,,,2,24372,,,,,,,,,,,,,,,,,,,,,,,,,,,,,,,,,,,,,,,,,,,,,,,,,,,,,
180843,6-Aug-19,16:04:12,2019-08-06 16:04:12,G,2,2,1547,407,0,8,-61.1605,-54.1532,04:12.8,FastGPS,-61.1605,-54.1532,,1,9,-1.2,,,,15,7,10210,,,,5,574,,,,8,5428,,,,27,30626,,,,30,31394,,,,9,2256,,,,28,612,,,,4,19038,,,,,,,,,,,,,,,,,,,,,,,,,,,,,,,,,,,,,,
180843,6-Aug-19,17:13:03,2019-08-06 17:13:03,G,4,2,1548,407,0,7,-61.1551,-54.1507,13:03.3,FastGPS,-61.1551,-54.1507,,,6,-1.7,,,,15,7,3923,,,,15,21709,,,,30,31148,,,,8,7902,,,,13,3369,,,,5,25641,,,,28,18576,,,,,,,,,,,,,,,,,,,,,,,,,,,,,,,,,,,,,,,,,,,
180843,6-Aug-19,21:39:47,2019-08-06 21:39:47,G,4,2,1551,408,0,7,-61.12,-54.0471,39:48.3,FastGPS,-61.12,-54.0471,,,7.9,-0.7,,,,15,32,19046,,,,17,26724,,,,12,19910,,,,6,23941,,,,19,31310,,,,2,15268,,,,24,17661,,,,,,,,,,,,,,,,,,,,,,,,,,,,,,,,,,,,,,,,,,,
180843,6-Aug-19,23:28:17,2019-08-06 23:28:17,G,4,2,1552,411,0,6,-61.1281,-54.034,28:17.3,FastGPS,-61.1281,-54.034,,,10.5,-1.7,,,,15,6,2435,,,,31,11963,,,,12,28690,,,,25,25903,,,,2,27145,,,,29,28291,,,,,,,,,,,,,,,,,,,,,,,,,,,,,,,,,,,,,,,,,,,,,,,,
180843,7-Aug-19,0:29:01,2019-08-07 00:29:01,G,6,2,1553,411,0,4,-61.1614,-54.0966,31:17.8,FastGPS,-61.1334,-54.0566,,,0.5,-0.9,,,,15,12,1959,,,,2,32521,,,,29,7903,,,,25,30647,,,,,,,,,,,,,,,,,,,,,,,,,,,,,,,,,,,,,,,,,,,,,,,,,,,,,,,,,,
180843,7-Aug-19,1:29:06,2019-08-07 01:29:06,G,2,2,1554,411,0,5,-61.1497,-54.0639,29:07.0,FastGPS,-61.1497,-54.0639,,,10.6,-1,,,,15,26,6113,,,,31,23033,,,,5,14797,,,,16,17361,,,,29,26868,,,,,,,,,,,,,,,,,,,,,,,,,,,,,,,,,,,,,,,,,,,,,,,,,,,,,
180843,7-Aug-19,2:31:16,2019-08-07 02:31:16,G,2,2,1555,411,0,5,-61.1607,-54.0935,8/7/2019 2:55,MB,-61.1614,-54.0966,,1,0.3,-0.2,,,,15,5,28662,,,,16,18966,,,,21,4556,,,,26,18479,,,,4,29628,,,,,,,,,,,,,,,,,,,,,,,,,,,,,,,,,,,,,,,,,,,,,,,,,,,,,
180843,7-Aug-19,3:31:47,2019-08-07 03:31:47,G,6,2,1556,411,0,7,-61.1618,-54.0963,31:47.3,FastGPS,-61.1618,-54.0963,,1,14.7,-1.7,,,,15,27,78,,,,16,32299,,,,21,15801,,,,26,14027,,,,4,18904,,,,29,18768,,,,20,4669,,,,,,,,,,,,,,,,,,,,,,,,,,,,,,,,,,,,,,,,,,,
180843,7-Aug-19,4:33:54,2019-08-07 04:33:54,G,2,2,1557,,0,9,-61.167,-54.1018,33:55.3,FastGPS,-61.167,-54.1018,,,8,-0.7,,,,15,16,9567,,,,10,14459,,,,20,30325,,,,27,19431,,,,15,3416,,,,7,30579,,,,26,22004,,,,21,25558,,,,8,29377,,,,,,,,,,,,,,,,,,,,,,,,,,,,,,,,,
180843,7-Aug-19,5:49:00,2019-08-07 05:49:00,G,4,2,1558,412,0,8,-61.1708,-54.1072,49:01.3,FastGPS,-61.1708,-54.1072,,1,9.1,-0.7,,,,15,10,26751,,,,27,761,,,,4,25031,,,,18,28746,,,,8,13206,,,,30,24227,,,,21,27154,,,,11,22478,,,,,,,,,,,,,,,,,,,,,,,,,,,,,,,,,,,,,,
180843,7-Aug-19,6:49:49,2019-08-07 06:49:49,G,4,2,1559,,0,9,-61.1758,-54.1148,49:50.8,FastGPS,-61.1758,-54.1148,,1,8.2,-0.2,,,,15,27,1113,,,,11,14085,,,,18,13689,,,,32,24834,,,,1,23863,,,,8,21426,,,,28,6272,,,,4,23910,,,,10,15395,,,,,,,,,,,,,,,,,,,,,,,,,,,,,,,,,
180843,7-Aug-19,7:50:00,2019-08-07 07:50:00,G,4,2,1560,,0,9,-61.1786,-54.1162,50:00.8,FastGPS,-61.1786,-54.1162,,,5.4,-1.2,,,,15,32,3188,,,,14,8545,,,,1,4039,,,,11,1394,,,,22,3022,,,,10,30325,,,,8,18252,,,,28,29652,,,,18,28771,,,,,,,,,,,,,,,,,,,,,,,,,,,,,,,,,
180843,7-Aug-19,8:50:08,2019-08-07 08:50:08,G,4,2,1561,,0,9,-61.1789,-54.129,50:08.3,FastGPS,-61.1789,-54.129,,,13.7,-1.7,,,,15,32,25419,,,,31,22869,,,,3,2876,,,,18,3615,,,,22,32476,,,,14,15663,,,,11,9743,,,,1,12450,,,,17,25993,,,,,,,,,,,,,,,,,,,,,,,,,,,,,,,,,
180843,7-Aug-19,9:51:56,2019-08-07 09:51:56,G,2,2,1562,,0,9,-61.1678,-54.1384,51:57.3,FastGPS,-61.1678,-54.1384,,,6,-0.7,,,,15,31,7809,,,,3,31026,,,,17,14395,,,,11,25257,,,,1,20593,,,,22,12059,,,,18,15547,,,,14,18776,,,,32,662,,,,,,,,,,,,,,,,,,,,,,,,,,,,,,,,,
180843,7-Aug-19,10:54:04,2019-08-07 10:54:04,G,2,2,1563,,0,9,-61.171,-54.1283,54:05.8,FastGPS,-61.171,-54.1283,,,17.2,-0.2,,,,15,31,21296,,,,23,19462,,,,1,25541,,,,17,26589,,,,14,25295,,,,3,12917,,,,22,1221,,,,18,17156,,,,9,20529,,,,,,,,,,,,,,,,,,,,,,,,,,,,,,,,,
180843,7-Aug-19,12:13:55,2019-08-07 12:13:55,G,2,2,1564,413,0,7,-61.1608,-54.1093,13:55.7,FastGPS,-61.1608,-54.1093,,,3.2,-1.3,,,,15,23,22103,,,,3,5277,,,,22,6547,,,,31,5259,,,,9,30813,,,,2,24514,,,,6,12273,,,,,,,,,,,,,,,,,,,,,,,,,,,,,,,,,,,,,,,,,,,
180843,7-Aug-19,14:20:52,2019-08-07 14:20:52,G,2,2,1566,413,0,5,-61.1552,-54.1237,20:52.3,FastGPS,-61.1552,-54.1237,,,6.9,-1.7,,,,15,23,9931,,,,30,16237,,,,16,5254,,,,2,18512,,,,7,14557,,,,,,,,,,,,,,,,,,,,,,,,,,,,,,,,,,,,,,,,,,,,,,,,,,,,,
180843,8-Aug-19,0:33:38,2019-08-08 00:33:38,G,2,2,1575,416,0,6,-61.2121,-54.1488,33:39.8,FastGPS,-61.2121,-54.1488,,,11.4,-0.2,,,,15,12,19842,,,,29,13372,,,,25,7666,,,,31,999,,,,26,29307,,,,23,5973,,,,,,,,,,,,,,,,,,,,,,,,,,,,,,,,,,,,,,,,,,,,,,,,
180843,8-Aug-19,2:20:02,2019-08-08 02:20:02,G,2,2,1576,419,0,7,-61.2173,-54.1532,20:03.3,FastGPS,-61.2173,-54.1532,,1,4.5,-0.7,,,,15,29,25154,,,,26,4087,,,,16,19409,,,,25,11246,,,,21,142,,,,31,18311,,,,4,24359,,,,,,,,,,,,,,,,,,,,,,,,,,,,,,,,,,,,,,,,,,,
180843,8-Aug-19,3:20:00,2019-08-08 03:20:00,G,2,2,1577,419,0,4,-61.2184,-54.1833,8/8/2019 2:35,MB,-61.22,-54.1591,,,0.7,-0.7,,,,15,29,29032,,,,21,16209,,,,7,32030,,,,26,9708,,,,,,,,,,,,,,,,,,,,,,,,,,,,,,,,,,,,,,,,,,,,,,,,,,,,,,,,,,
180843,8-Aug-19,4:22:30,2019-08-08 04:22:30,G,6,2,1578,,0,9,-61.2205,-54.1574,22:31.3,FastGPS,-61.2205,-54.1574,,1,7.4,-0.7,,,,15,7,31173,,,,20,1219,,,,10,2213,,,,16,12280,,,,4,20396,,,,27,18466,,,,21,24373,,,,8,15480,,,,26,6973,,,,,,,,,,,,,,,,,,,,,,,,,,,,,,,,,
180843,8-Aug-19,5:22:00,2019-08-08 05:22:00,G,6,2,1579,419,0,7,-61.2203,-54.1576,22:01.3,FastGPS,-61.2203,-54.1576,,,1.8,-0.7,,,,15,8,13474,,,,21,32617,,,,27,7894,,,,10,23282,,,,16,27445,,,,20,5726,,,,15,20704,,,,,,,,,,,,,,,,,,,,,,,,,,,,,,,,,,,,,,,,,,,
180843,8-Aug-19,7:08:00,2019-08-08 07:08:00,G,10,2,1580,,0,9,-61.2198,-54.1938,08:01.3,FastGPS,-61.2198,-54.1938,,1,10.5,-0.7,,,,15,32,9677,,,,27,18805,,,,8,6653,,,,4,27246,,,,1,23532,,,,14,5378,,,,18,15934,,,,11,18752,,,,28,9110,,,,,,,,,,,,,,,,,,,,,,,,,,,,,,,,,
180843,8-Aug-19,8:23:00,2019-08-08 08:23:00,G,6,2,1581,,0,9,-61.217,-54.1623,23:01.3,FastGPS,-61.217,-54.1623,,,9.4,-0.7,,,,15,32,11901,,,,10,6770,,,,1,816,,,,18,11558,,,,14,9569,,,,17,3132,,,,11,17726,,,,22,14517,,,,28,28822,,,,,,,,,,,,,,,,,,,,,,,,,,,,,,,,,
180843,8-Aug-19,10:04:45,2019-08-08 10:04:45,G,2,2,1582,425,0,8,-61.2096,-54.1516,04:46.8,FastGPS,-61.2096,-54.1516,,,10.4,-0.2,,,,15,31,31975,,,,12,23078,,,,23,17061,,,,17,20616,,,,11,16057,,,,1,1646,,,,14,22219,,,,18,3283,,,,,,,,,,,,,,,,,,,,,,,,,,,,,,,,,,,,,,
180843,8-Aug-19,11:07:25,2019-08-08 11:07:25,G,6,2,1583,425,0,5,-61.192,-54.1256,07:25.8,FastGPS,-61.192,-54.1256,,,5.9,-1.2,,,,15,1,13029,,,,3,7032,,,,17,26920,,,,9,19884,,,,22,23947,,,,,,,,,,,,,,,,,,,,,,,,,,,,,,,,,,,,,,,,,,,,,,,,,,,,,
180843,8-Aug-19,13:18:19,2019-08-08 13:18:19,G,4,2,1585,425,0,7,-61.1597,-54.1163,18:19.3,FastGPS,-61.1597,-54.1163,,,8.8,-1.7,,,,15,3,6844,,,,7,26809,,,,23,10395,,,,26,142,,,,16,25719,,,,9,23178,,,,6,13544,,,,,,,,,,,,,,,,,,,,,,,,,,,,,,,,,,,,,,,,,,,
180843,8-Aug-19,14:18:24,2019-08-08 14:18:24,G,4,2,1586,425,0,7,-61.1442,-54.1066,18:25.8,FastGPS,-61.1442,-54.1066,,,4.3,-0.2,,,,15,7,17528,,,,9,26051,,,,5,20624,,,,30,22095,,,,2,12427,,,,29,22170,,,,23,2824,,,,,,,,,,,,,,,,,,,,,,,,,,,,,,,,,,,,,,,,,,,
180843,8-Aug-19,15:22:07,2019-08-08 15:22:07,G,2,2,1587,425,0,6,-61.1591,-54.1452,22:07.7,FastGPS,-61.1591,-54.1452,,,5.8,-1.3,,,,15,5,7588,,,,9,1144,,,,7,4433,,,,30,13536,,,,13,26700,,,,27,29679,,,,,,,,,,,,,,,,,,,,,,,,,,,,,,,,,,,,,,,,,,,,,,,,
180843,8-Aug-19,16:29:25,2019-08-08 16:29:25,G,2,2,1588,425,0,6,-61.1664,-54.126,29:25.8,FastGPS,-61.1664,-54.126,,,3.1,-1.2,,,,15,13,9758,,,,7,7670,,,,5,3718,,,,15,6773,,,,8,12662,,,,30,2907,,,,,,,,,,,,,,,,,,,,,,,,,,,,,,,,,,,,,,,,,,,,,,,,
180843,8-Aug-19,19:01:39,2019-08-08 19:01:39,G,2,2,1590,426,0,6,-61.161,-54.1355,01:39.3,FastGPS,-61.161,-54.1355,,1,3.9,-1.7,,,,15,17,8011,,,,15,5061,,,,13,18457,,,,19,26219,,,,24,24849,,,,20,30281,,,,,,,,,,,,,,,,,,,,,,,,,,,,,,,,,,,,,,,,,,,,,,,,
180843,8-Aug-19,21:04:13,2019-08-08 21:04:13,G,6,2,1592,426,0,5,-61.1824,-54.1246,04:14.3,FastGPS,-61.1824,-54.1246,,,4.2,-0.7,,,,15,12,14634,,,,17,11906,,,,24,13676,,,,32,18365,,,,19,1586,,,,,,,,,,,,,,,,,,,,,,,,,,,,,,,,,,,,,,,,,,,,,,,,,,,,,
180843,9-Aug-19,1:23:33,2019-08-09 01:23:33,G,2,2,1595,430,0,5,-61.1903,-54.1268,23:33.1,FastGPS,-61.1903,-54.1268,,,3.6,-1.9,,,,15,31,17567,,,,26,17306,,,,5,20224,,,,16,32095,,,,29,27972,,,,,,,,,,,,,,,,,,,,,,,,,,,,,,,,,,,,,,,,,,,,,,,,,,,,,
180843,9-Aug-19,6:01:02,2019-08-09 06:01:02,G,2,2,1599,432,0,8,-61.1798,-54.1178,01:03.3,FastGPS,-61.1798,-54.1178,,1,3.9,-0.7,,,,15,8,11161,,,,4,27603,,,,18,26715,,,,20,27898,,,,27,28828,,,,21,14319,,,,10,28906,,,,32,232,,,,,,,,,,,,,,,,,,,,,,,,,,,,,,,,,,,,,,
180843,9-Aug-19,7:21:29,2019-08-09 07:21:29,G,2,2,1600,433,0,6,-61.1802,-54.12,21:30.3,FastGPS,-61.1802,-54.12,,,3.2,-0.7,,,,15,11,7265,,,,18,3133,,,,10,7306,,,,1,6262,,,,32,6228,,,,14,449,,,,,,,,,,,,,,,,,,,,,,,,,,,,,,,,,,,,,,,,,,,,,,,,
180843,9-Aug-19,8:23:01,2019-08-09 08:23:01,G,6,2,1601,433,0,5,-61.1677,-54.1138,23:02.8,FastGPS,-61.1677,-54.1138,,,3.2,-0.2,,,,15,32,13282,,,,10,25657,,,,14,21572,,,,17,22928,,,,1,12869,,,,,,,,,,,,,,,,,,,,,,,,,,,,,,,,,,,,,,,,,,,,,,,,,,,,,
180843,9-Aug-19,9:26:00,2019-08-09 09:26:00,G,6,2,1602,,0,9,-61.1584,-54.1163,26:01.3,FastGPS,-61.1584,-54.1163,,,12.9,-0.7,,,,15,32,24140,,,,18,29809,,,,11,4832,,,,14,13140,,,,31,11287,,,,1,2366,,,,22,16699,,,,23,18604,,,,17,52,,,,,,,,,,,,,,,,,,,,,,,,,,,,,,,,,
180843,9-Aug-19,10:26:33,2019-08-09 10:26:33,G,10,2,1603,,0,9,-61.1421,-54.1129,26:34.8,FastGPS,-61.1421,-54.1129,,,8.4,-0.2,,,,15,12,29481,,,,23,22521,,,,17,29406,,,,19,18795,,,,1,12768,,,,22,10521,,,,3,13700,,,,31,26692,,,,25,19044,,,,,,,,,,,,,,,,,,,,,,,,,,,,,,,,,
180843,9-Aug-19,11:26:00,2019-08-09 11:26:00,G,8,2,1604,,0,9,-61.1405,-54.1122,26:01.3,FastGPS,-61.1405,-54.1122,,,14.6,-0.7,,,,15,22,9849,,,,31,28006,,,,6,5210,,,,3,5837,,,,23,18841,,,,9,8839,,,,26,4957,,,,19,18263,,,,17,20173,,,,,,,,,,,,,,,,,,,,,,,,,,,,,,,,,
180843,9-Aug-19,12:57:00,2019-08-09 12:57:00,G,4,2,1605,435,0,6,-61.1491,-54.1192,57:01.3,FastGPS,-61.1491,-54.1192,,,13.1,-0.7,,,,15,7,23642,,,,23,30693,,,,29,29818,,,,9,11361,,,,3,32446,,,,26,18126,,,,,,,,,,,,,,,,,,,,,,,,,,,,,,,,,,,,,,,,,,,,,,,,
180843,9-Aug-19,13:58:36,2019-08-09 13:58:36,G,2,2,1606,435,0,7,-61.143,-54.1111,58:37.3,FastGPS,-61.143,-54.1111,,,9.2,-0.7,,,,15,23,1246,,,,7,7122,,,,16,10228,,,,30,16246,,,,9,7745,,,,26,25635,,,,2,25584,,,,,,,,,,,,,,,,,,,,,,,,,,,,,,,,,,,,,,,,,,,
180843,9-Aug-19,16:16:00,2019-08-09 16:16:00,G,2,2,1608,436,0,5,-61.1546,-54.0622,16:01.4,FastGPS,-61.1546,-54.0622,,,0.4,-0.6,,,,15,7,24174,,,,30,23151,,,,15,17238,,,,13,30403,,,,5,10212,,,,,,,,,,,,,,,,,,,,,,,,,,,,,,,,,,,,,,,,,,,,,,,,,,,,,
180843,9-Aug-19,17:16:47,2019-08-09 17:16:47,G,2,2,1609,436,0,5,-61.1547,-54.0661,16:47.8,FastGPS,-61.1547,-54.0661,,,6.1,-1.2,,,,15,5,12440,,,,30,15687,,,,28,21595,,,,15,29350,,,,13,12237,,,,,,,,,,,,,,,,,,,,,,,,,,,,,,,,,,,,,,,,,,,,,,,,,,,,,
180843,9-Aug-19,18:34:42,2019-08-09 18:34:42,G,2,2,1610,437,0,5,-61.1486,-54.0623,34:42.8,FastGPS,-61.1486,-54.0623,,,9,-1.2,,,,15,13,14328,,,,17,5827,,,,15,5296,,,,28,9810,,,,19,21978,,,,,,,,,,,,,,,,,,,,,,,,,,,,,,,,,,,,,,,,,,,,,,,,,,,,,
180843,9-Aug-19,19:35:01,2019-08-09 19:35:01,G,2,2,1611,437,0,5,-61.1476,-54.0546,35:01.3,FastGPS,-61.1476,-54.0546,,,6.5,-1.7,,,,15,15,3478,,,,17,19653,,,,24,16991,,,,19,24795,,,,13,30686,,,,,,,,,,,,,,,,,,,,,,,,,,,,,,,,,,,,,,,,,,,,,,,,,,,,,
180843,9-Aug-19,20:46:04,2019-08-09 20:46:04,G,2,2,1612,437,0,5,-61.1459,-54.053,46:05.8,FastGPS,-61.1459,-54.053,,,10.6,-0.2,,,,15,17,15686,,,,24,22166,,,,32,26660,,,,19,14964,,,,12,10526,,,,,,,,,,,,,,,,,,,,,,,,,,,,,,,,,,,,,,,,,,,,,,,,,,,,,
180843,9-Aug-19,22:06:46,2019-08-09 22:06:46,G,4,2,1613,438,0,7,-61.1471,-54.056,06:47.3,FastGPS,-61.1471,-54.056,,,14.5,-0.7,,,,15,32,23892,,,,2,2865,,,,24,5654,,,,12,4456,,,,6,28053,,,,25,10538,,,,31,25818,,,,,,,,,,,,,,,,,,,,,,,,,,,,,,,,,,,,,,,,,,,
180843,9-Aug-19,23:09:08,2019-08-09 23:09:08,G,8,2,1614,438,0,5,-61.1504,-54.0586,09:09.3,FastGPS,-61.1504,-54.0586,,,4.9,-0.7,,,,15,29,29209,,,,12,3871,,,,2,11108,,,,25,10805,,,,24,31264,,,,,,,,,,,,,,,,,,,,,,,,,,,,,,,,,,,,,,,,,,,,,,,,,,,,,
180843,10-Aug-19,0:09:24,2019-08-10 00:09:24,G,4,2,1615,438,0,5,-61.149,-54.0598,09:25.3,FastGPS,-61.149,-54.0598,,,3.8,-0.7,,,,15,12,26271,,,,2,11010,,,,25,1955,,,,29,21099,,,,31,5996,,,,,,,,,,,,,,,,,,,,,,,,,,,,,,,,,,,,,,,,,,,,,,,,,,,,,
180843,10-Aug-19,2:33:03,2019-08-10 02:33:03,G,12,2,1616,443,0,4,-61.1462,-54.0657,8/10/2019 3:03,MC,-61.144,-54.0701,,,0.6,-0.7,,,,15,5,265,,,,16,26577,,,,29,7084,,,,26,19857,,,,,,,,,,,,,,,,,,,,,,,,,,,,,,,,,,,,,,,,,,,,,,,,,,,,,,,,,,
180843,10-Aug-19,4:04:45,2019-08-10 04:04:45,G,12,2,1617,445,0,6,-61.1385,-54.0696,04:46.8,FastGPS,-61.1385,-54.0696,,1,5.1,-0.2,,,,15,20,4146,,,,4,26606,,,,7,3565,,,,27,13811,,,,16,22196,,,,10,18659,,,,,,,,,,,,,,,,,,,,,,,,,,,,,,,,,,,,,,,,,,,,,,,,
180843,10-Aug-19,6:23:30,2019-08-10 06:23:30,G,2,2,1619,446,0,5,-61.1462,-54.0657,8/10/2019 3:03,MC,-61.1612,-54.0797,,1,1,-1.8,,,,15,10,30457,,,,8,17846,,,,27,10596,,,,18,31862,,,,4,13526,,,,,,,,,,,,,,,,,,,,,,,,,,,,,,,,,,,,,,,,,,,,,,,,,,,,,
180843,10-Aug-19,8:28:13,2019-08-10 08:28:13,G,6,2,1621,,0,9,-61.1495,-54.1249,28:14.8,FastGPS,-61.1495,-54.1249,,,20.7,-0.2,,,,15,11,5879,,,,17,14466,,,,22,21595,,,,3,16695,,,,1,19158,,,,8,29524,,,,18,32507,,,,28,6483,,,,19,5467,,,,,,,,,,,,,,,,,,,,,,,,,,,,,,,,,
180843,10-Aug-19,9:29:16,2019-08-10 09:29:16,G,4,2,1622,,0,9,-61.1457,-54.1218,29:17.8,FastGPS,-61.1457,-54.1218,,,11.5,-0.2,,,,15,3,5315,,,,18,18627,,,,11,27142,,,,1,5005,,,,22,3960,,,,17,15347,,,,31,12537,,,,23,192,,,,19,3641,,,,,,,,,,,,,,,,,,,,,,,,,,,,,,,,,
180843,10-Aug-19,10:35:30,2019-08-10 10:35:30,G,2,2,1623,,0,9,-61.1598,-54.1066,35:30.8,FastGPS,-61.1598,-54.1066,,,11.7,-1.2,,,,15,23,27715,,,,17,13521,,,,19,28991,,,,3,10228,,,,14,19732,,,,6,4803,,,,22,12361,,,,31,20603,,,,1,17182,,,,,,,,,,,,,,,,,,,,,,,,,,,,,,,,,
180843,10-Aug-19,11:36:03,2019-08-10 11:36:03,G,2,2,1624,446,0,4,-61.1462,-54.0657,8/10/2019 3:03,MC,-61.1758,-54.1046,,,0.4,-0.9,,,,15,23,2938,,,,3,6636,,,,9,26481,,,,22,16954,,,,,,,,,,,,,,,,,,,,,,,,,,,,,,,,,,,,,,,,,,,,,,,,,,,,,,,,,,
180843,10-Aug-19,16:03:04,2019-08-10 16:03:04,G,2,2,1628,447,0,6,-61.1538,-54.1104,03:05.3,FastGPS,-61.1538,-54.1104,,1,12.2,-0.7,,,,15,5,13771,,,,27,30129,,,,4,31441,,,,30,8523,,,,7,4764,,,,13,19790,,,,,,,,,,,,,,,,,,,,,,,,,,,,,,,,,,,,,,,,,,,,,,,,
180843,10-Aug-19,17:03:49,2019-08-10 17:03:49,G,2,2,1629,447,0,4,-61.1462,-54.0657,8/10/2019 3:03,MC,-61.1595,-54.1278,,,1.4,-1.4,,,,15,15,13033,,,,7,6244,,,,13,14561,,,,20,12187,,,,,,,,,,,,,,,,,,,,,,,,,,,,,,,,,,,,,,,,,,,,,,,,,,,,,,,,,,
180843,10-Aug-19,18:04:00,2019-08-10 18:04:00,G,2,2,1630,447,0,7,-61.1575,-54.0961,04:00.3,FastGPS,-61.1575,-54.0961,,,9.7,-1.7,,,,15,15,12662,,,,17,8853,,,,30,3868,,,,11,25330,,,,20,24545,,,,13,30034,,,,28,22467,,,,,,,,,,,,,,,,,,,,,,,,,,,,,,,,,,,,,,,,,,,
180843,10-Aug-19,19:05:48,2019-08-10 19:05:48,G,8,2,1631,447,0,6,-61.1543,-54.0822,05:49.8,FastGPS,-61.1543,-54.0822,,,12.8,-0.2,,,,15,17,23342,,,,30,8590,,,,10,26953,,,,28,10817,,,,24,7396,,,,19,12537,,,,,,,,,,,,,,,,,,,,,,,,,,,,,,,,,,,,,,,,,,,,,,,,
180843,10-Aug-19,20:34:00,2019-08-10 20:34:00,G,8,2,1632,448,0,5,-61.1571,-54.0693,34:00.3,FastGPS,-61.1571,-54.0693,,,3.5,-1.7,,,,15,12,7121,,,,17,18355,,,,19,4861,,,,24,9388,,,,15,18423,,,,,,,,,,,,,,,,,,,,,,,,,,,,,,,,,,,,,,,,,,,,,,,,,,,,,
180843,11-Aug-19,5:51:20,2019-08-11 05:51:20,G,8,2,1633,449,0,4,-61.1127,-54.0249,56:01.4,FastGPS,-61.1607,-54.0787,,,0.5,-0.7,,,,15,10,30864,,,,20,722,,,,27,942,,,,8,10137,,,,,,,,,,,,,,,,,,,,,,,,,,,,,,,,,,,,,,,,,,,,,,,,,,,,,,,,,,
180843,11-Aug-19,10:19:49,2019-08-11 10:19:49,G,10,2,1634,450,0,8,-61.1501,-54.0701,19:50.3,FastGPS,-61.1501,-54.0701,,,10.4,-0.7,,,,15,23,4654,,,,18,21745,,,,11,9029,,,,31,5168,,,,1,17400,,,,17,2679,,,,3,24783,,,,19,27954,,,,,,,,,,,,,,,,,,,,,,,,,,,,,,,,,,,,,,
180843,11-Aug-19,11:52:08,2019-08-11 11:52:08,G,14,2,1635,451,0,8,-61.1441,-54.094,52:09.8,FastGPS,-61.1441,-54.094,,,13.2,-0.2,,,,15,9,20249,,,,22,17386,,,,26,28546,,,,3,7727,,,,31,9686,,,,16,22676,,,,6,29105,,,,23,6123,,,,,,,,,,,,,,,,,,,,,,,,,,,,,,,,,,,,,,
180843,11-Aug-19,13:39:26,2019-08-11 13:39:26,G,12,2,1636,453,0,4,-61.1127,-54.0249,56:01.4,FastGPS,-61.1567,-54.0665,,,0.2,-1.6,,,,15,7,4501,,,,2,19482,,,,9,13328,,,,23,11894,,,,,,,,,,,,,,,,,,,,,,,,,,,,,,,,,,,,,,,,,,,,,,,,,,,,,,,,,,
180843,11-Aug-19,15:13:53,2019-08-11 15:13:53,G,6,2,1637,455,0,5,-61.1532,-54.0597,13:54.3,FastGPS,-61.1532,-54.0597,,,0.8,-0.7,,,,15,5,29871,,,,7,21057,,,,30,8990,,,,13,30878,,,,9,5968,,,,,,,,,,,,,,,,,,,,,,,,,,,,,,,,,,,,,,,,,,,,,,,,,,,,,
180843,11-Aug-19,16:46:55,2019-08-11 16:46:55,G,4,2,1638,455,0,6,-61.1429,-54.1142,46:56.9,FastGPS,-61.1429,-54.1142,,,11.9,-0.1,,,,15,7,18939,,,,5,3880,,,,15,21368,,,,28,19623,,,,30,31357,,,,13,14566,,,,,,,,,,,,,,,,,,,,,,,,,,,,,,,,,,,,,,,,,,,,,,,,
180843,11-Aug-19,18:56:21,2019-08-11 18:56:21,G,8,2,1639,458,0,7,-61.1258,-54.0321,56:21.8,FastGPS,-61.1258,-54.0321,,,13.8,-1.2,,,,15,17,2699,,,,28,22931,,,,30,31420,,,,19,22368,,,,13,27274,,,,15,30882,,,,24,17420,,,,,,,,,,,,,,,,,,,,,,,,,,,,,,,,,,,,,,,,,,,
180843,11-Aug-19,19:56:00,2019-08-11 19:56:00,G,16,2,1640,,0,9,-61.1161,-54.0136,56:01.4,FastGPS,-61.1161,-54.0136,,,11.9,-0.7,,,,15,12,25466,,,,15,1886,,,,17,14698,,,,19,17761,,,,24,12075,,,,10,25712,,,,18,14748,,,,1,26005,,,,13,14331,,,,,,,,,,,,,,,,,,,,,,,,,,,,,,,,,
180843,11-Aug-19,20:56:00,2019-08-11 20:56:00,G,10,2,1641,458,1,4,-61.108,-54.032,56:01.4,FastGPS,-61.1127,-54.0249,,,0.1,-0.6,,,,15,17,27399,,,,32,19081,,,,19,24969,,,,22,20870,,,,,,,,,,,,,,,,,,,,,,,,,,,,,,,,,,,,,,,,,,,,,,,,,,,,,,,,,,
180843,11-Aug-19,21:56:00,2019-08-11 21:56:00,G,8,2,1642,458,1,6,-61.108,-54.032,56:01.4,FastGPS,-61.108,-54.032,,,3.3,-0.6,,,,15,19,10998,,,,14,20606,,,,17,14751,,,,12,20418,,,,3,24743,,,,32,12595,,,,,,,,,,,,,,,,,,,,,,,,,,,,,,,,,,,,,,,,,,,,,,,,
180843,12-Aug-19,13:31:16,2019-08-12 13:31:16,G,16,2,1643,458,0,8,-60.9449,-54.0476,31:17.4,FastGPS,-60.9449,-54.0476,,,9.1,-0.6,,,,15,7,21495,,,,9,11573,,,,23,24903,,,,16,4367,,,,5,24317,,,,2,24148,,,,3,5900,,,,6,11964,,,,,,,,,,,,,,,,,,,,,,,,,,,,,,,,,,,,,,
180843,12-Aug-19,14:35:23,2019-08-12 14:35:23,G,10,2,1644,458,0,4,-60.9985,-54.2313,35:01.4,FastGPS,-60.9697,-54.0888,,,0.9,-0.6,,,,15,5,29730,,,,30,30489,,,,9,4019,,,,7,13560,,,,,,,,,,,,,,,,,,,,,,,,,,,,,,,,,,,,,,,,,,,,,,,,,,,,,,,,,,
180843,12-Aug-19,15:41:05,2019-08-12 15:41:05,G,8,2,1645,458,0,4,-60.9985,-54.2313,35:01.4,FastGPS,-60.9922,-54.1078,,,0.7,-0.7,,,,15,5,2914,,,,13,4714,,,,7,11828,,,,30,3593,,,,,,,,,,,,,,,,,,,,,,,,,,,,,,,,,,,,,,,,,,,,,,,,,,,,,,,,,,
180843,12-Aug-19,17:00:05,2019-08-12 17:00:05,G,16,2,1646,459,0,7,-60.9879,-54.1316,00:06.9,FastGPS,-60.9879,-54.1316,,,4.8,-0.1,,,,15,8,3677,,,,15,30043,,,,30,10840,,,,13,23756,,,,7,22650,,,,28,26305,,,,5,16766,,,,,,,,,,,,,,,,,,,,,,,,,,,,,,,,,,,,,,,,,,,
180843,12-Aug-19,18:04:59,2019-08-12 18:04:59,G,10,2,1647,459,0,4,-60.9985,-54.2313,35:01.4,FastGPS,-60.9827,-54.151,,,0.6,0,,,,15,13,24676,,,,15,31598,,,,11,6507,,,,28,29324,,,,,,,,,,,,,,,,,,,,,,,,,,,,,,,,,,,,,,,,,,,,,,,,,,,,,,,,,,
180843,12-Aug-19,19:05:00,2019-08-12 19:05:00,G,8,2,1648,459,1,4,-60.9985,-54.2313,35:01.4,FastGPS,-60.9855,-54.1789,,,0.2,-0.7,,,,15,15,2860,,,,17,1547,,,,19,27282,,,,13,2210,,,,,,,,,,,,,,,,,,,,,,,,,,,,,,,,,,,,,,,,,,,,,,,,,,,,,,,,,,
180843,12-Aug-19,20:05:00,2019-08-12 20:05:00,G,6,2,1649,459,1,5,-60.9883,-54.2051,05:01.3,FastGPS,-60.9883,-54.2051,,,6.8,-0.7,,,,15,12,18341,,,,15,26495,,,,24,8033,,,,19,10187,,,,17,21581,,,,,,,,,,,,,,,,,,,,,,,,,,,,,,,,,,,,,,,,,,,,,,,,,,,,,
180843,12-Aug-19,21:35:00,2019-08-12 21:35:00,G,2,2,1650,461,1,4,-60.9976,-54.2286,35:01.4,FastGPS,-60.9956,-54.2225,,,2.5,-0.7,,,,15,24,29999,,,,25,1705,,,,2,5131,,,,12,12996,,,,,,,,,,,,,,,,,,,,,,,,,,,,,,,,,,,,,,,,,,,,,,,,,,,,,,,,,,
180843,12-Aug-19,22:35:00,2019-08-12 22:35:00,G,2,2,1651,461,1,4,-60.9984,-54.2288,8/13/2019 0:29,NN,-60.9976,-54.2286,,,0.3,-0.6,,,,15,2,19428,,,,12,28075,,,,29,273,,,,25,27059,,,,,,,,,,,,,,,,,,,,,,,,,,,,,,,,,,,,,,,,,,,,,,,,,,,,,,,,,,
180843,12-Aug-19,23:35:00,2019-08-12 23:35:00,G,6,2,1652,461,1,5,-60.9974,-54.2313,35:01.3,FastGPS,-60.9974,-54.2313,,,8.6,-0.7,,,,15,29,32614,,,,12,8445,,,,25,14073,,,,31,17496,,,,5,8050,,,,,,,,,,,,,,,,,,,,,,,,,,,,,,,,,,,,,,,,,,,,,,,,,,,,,
180843,13-Aug-19,0:35:00,2019-08-13 00:35:00,G,8,2,1653,461,1,5,-60.9985,-54.2313,35:01.4,FastGPS,-60.9985,-54.2313,,,8.6,-0.6,,,,15,5,20486,,,,12,386,,,,29,20539,,,,25,9005,,,,31,25828,,,,,,,,,,,,,,,,,,,,,,,,,,,,,,,,,,,,,,,,,,,,,,,,,,,,,
180843,13-Aug-19,3:35:00,2019-08-13 03:35:00,G,14,2,1654,469,1,5,-61.0081,-54.2106,35:01.3,FastGPS,-61.0081,-54.2106,,,8.2,-0.7,,,,15,20,8847,,,,15,28872,,,,29,26250,,,,13,17949,,,,21,29458,,,,,,,,,,,,,,,,,,,,,,,,,,,,,,,,,,,,,,,,,,,,,,,,,,,,,
180843,13-Aug-19,4:35:00,2019-08-13 04:35:00,G,8,2,1655,469,1,4,-60.9985,-54.2313,35:01.4,FastGPS,,,,,,,,,,15,10,27111,,,,15,6131,,,,4,18394,,,,20,13738,,,,,,,,,,,,,,,,,,,,,,,,,,,,,,,,,,,,,,,,,,,,,,,,,,,,,,,,,,
180843,13-Aug-19,6:20:00,2019-08-13 06:20:00,G,12,2,1656,472,1,4,-60.9985,-54.2313,35:01.4,FastGPS,,,,,,,,,,15,27,4694,,,,4,576,,,,10,7502,,,,24,31399,,,,,,,,,,,,,,,,,,,,,,,,,,,,,,,,,,,,,,,,,,,,,,,,,,,,,,,,,,
180843,13-Aug-19,8:20:00,2019-08-13 08:20:00,G,10,2,1657,476,1,8,-61.0104,-54.159,20:01.4,FastGPS,-61.0104,-54.159,,,6,-0.6,,,,15,10,15446,,,,22,28844,,,,18,24345,,,,14,25510,,,,32,15160,,,,1,19680,,,,11,30508,,,,8,7408,,,,,,,,,,,,,,,,,,,,,,,,,,,,,,,,,,,,,,
180843,14-Aug-19,7:44:50,2019-08-14 07:44:50,G,10,2,1658,,0,9,-60.9214,-54.1075,44:51.9,FastGPS,-60.9214,-54.1075,,,5.3,-0.1,,,,15,32,21803,,,,14,18475,,,,8,899,,,,22,874,,,,18,16435,,,,1,7090,,,,10,4335,,,,11,22118,,,,28,9744,,,,,,,,,,,,,,,,,,,,,,,,,,,,,,,,,
180843,14-Aug-19,8:47:03,2019-08-14 08:47:03,G,10,2,1659,477,0,8,-60.9477,-54.1028,47:04.8,FastGPS,-60.9477,-54.1028,,,10,-0.2,,,,15,17,16321,,,,18,20909,,,,11,27592,,,,31,21478,,,,22,24485,,,,1,19890,,,,19,858,,,,3,21329,,,,,,,,,,,,,,,,,,,,,,,,,,,,,,,,,,,,,,
180843,14-Aug-19,9:48:18,2019-08-14 09:48:18,G,10,2,1660,,0,9,-60.9497,-54.0873,48:19.9,FastGPS,-60.9497,-54.0873,,,10.6,-0.1,,,,15,31,13424,,,,32,7482,,,,12,16951,,,,1,12912,,,,18,5446,,,,14,27899,,,,3,31189,,,,23,19145,,,,22,32613,,,,,,,,,,,,,,,,,,,,,,,,,,,,,,,,,
180843,14-Aug-19,10:50:56,2019-08-14 10:50:56,G,10,2,1661,477,0,8,-60.9723,-54.1135,50:57.4,FastGPS,-60.9723,-54.1135,,,10.2,-0.6,,,,15,1,14439,,,,17,30515,,,,22,7343,,,,19,6232,,,,9,29074,,,,23,32247,,,,6,15091,,,,3,5775,,,,,,,,,,,,,,,,,,,,,,,,,,,,,,,,,,,,,,
180843,14-Aug-19,11:51:30,2019-08-14 11:51:30,G,12,2,1662,477,0,8,-60.9813,-54.1437,51:31.9,FastGPS,-60.9813,-54.1437,,,4.4,-0.1,,,,15,22,10983,,,,16,15349,,,,9,5193,,,,26,2140,,,,3,17623,,,,31,10154,,,,23,19463,,,,6,8568,,,,,,,,,,,,,,,,,,,,,,,,,,,,,,,,,,,,,,
180843,14-Aug-19,12:51:45,2019-08-14 12:51:45,G,18,2,1663,477,0,6,-60.9874,-54.1955,51:46.4,FastGPS,-60.9874,-54.1955,,,8.6,-0.6,,,,15,9,32578,,,,7,28771,,,,26,11277,,,,23,28384,,,,16,32347,,,,29,3080,,,,,,,,,,,,,,,,,,,,,,,,,,,,,,,,,,,,,,,,,,,,,,,,
180843,14-Aug-19,13:58:16,2019-08-14 13:58:16,G,6,2,1664,477,0,7,-60.9962,-54.2685,58:17.9,FastGPS,-60.9962,-54.2685,,,5.2,-0.1,,,,15,7,471,,,,5,7018,,,,30,13117,,,,2,4898,,,,23,24775,,,,9,25048,,,,16,2131,,,,,,,,,,,,,,,,,,,,,,,,,,,,,,,,,,,,,,,,,,,
180843,14-Aug-19,14:58:00,2019-08-14 14:58:00,G,8,2,1665,477,0,5,-61.0016,-54.3812,02:56.4,FastGPS,-61.0082,-54.3434,,1,0.6,-0.7,,,,15,5,13202,,,,30,19730,,,,4,5526,,,,7,9870,,,,27,1505,,,,,,,,,,,,,,,,,,,,,,,,,,,,,,,,,,,,,,,,,,,,,,,,,,,,,
180843,14-Aug-19,16:02:55,2019-08-14 16:02:55,G,14,2,1666,477,0,4,-60.9988,-54.4051,03:06.4,FastGPS,-61.0016,-54.3812,,,1,-0.6,,,,15,7,842,,,,30,22922,,,,28,9047,,,,5,29639,,,,,,,,,,,,,,,,,,,,,,,,,,,,,,,,,,,,,,,,,,,,,,,,,,,,,,,,,,
180843,14-Aug-19,17:03:05,2019-08-14 17:03:05,G,10,2,1667,477,0,5,-60.9987,-54.4049,03:06.4,FastGPS,-60.9987,-54.4049,,,1.4,-0.6,,,,15,15,16906,,,,30,30580,,,,8,5168,,,,7,18335,,,,13,18867,,,,,,,,,,,,,,,,,,,,,,,,,,,,,,,,,,,,,,,,,,,,,,,,,,,,,
180843,14-Aug-19,18:21:00,2019-08-14 18:21:00,G,6,2,1668,,0,9,-60.9891,-54.4367,21:01.4,FastGPS,-60.9891,-54.4367,,,5.8,-0.6,,,,15,13,23730,,,,17,30953,,,,15,185,,,,19,13328,,,,10,27483,,,,11,28006,,,,18,5637,,,,28,25195,,,,1,13181,,,,,,,,,,,,,,,,,,,,,,,,,,,,,,,,,
180843,14-Aug-19,19:21:10,2019-08-14 19:21:10,G,14,2,1669,478,0,8,-60.9879,-54.4906,21:11.4,FastGPS,-60.9879,-54.4906,,,7.4,-0.6,,,,15,11,3067,,,,1,8893,,,,17,30025,,,,19,8765,,,,18,7374,,,,28,20683,,,,13,70,,,,15,18928,,,,,,,,,,,,,,,,,,,,,,,,,,,,,,,,,,,,,,
180843,14-Aug-19,20:21:00,2019-08-14 20:21:00,G,18,2,1670,478,1,6,-60.9854,-54.5091,21:01.4,FastGPS,-60.9854,-54.5091,,,2.7,-0.6,,,,15,12,3167,,,,1,20673,,,,32,20163,,,,24,26320,,,,22,25602,,,,17,25065,,,,,,,,,,,,,,,,,,,,,,,,,,,,,,,,,,,,,,,,,,,,,,,,
180843,15-Aug-19,5:22:15,2019-08-15 05:22:15,G,18,2,1671,478,0,6,-60.927,-54.4832,22:16.9,FastGPS,-60.927,-54.4832,,1,3.7,-0.1,,,,15,27,18940,,,,20,23505,,,,10,23038,,,,4,4345,,,,21,20358,,,,15,24117,,,,,,,,,,,,,,,,,,,,,,,,,,,,,,,,,,,,,,,,,,,,,,,,
180843,15-Aug-19,6:33:10,2019-08-15 06:33:10,G,14,2,1672,478,0,7,-60.9611,-54.4222,33:10.4,FastGPS,-60.9611,-54.4222,,,4.6,-1.6,,,,15,11,1681,,,,18,277,,,,8,16693,,,,1,31921,,,,20,32203,,,,28,1249,,,,24,24678,,,,,,,,,,,,,,,,,,,,,,,,,,,,,,,,,,,,,,,,,,,
180843,15-Aug-19,7:33:40,2019-08-15 07:33:40,G,6,2,1673,478,0,7,-60.981,-54.3641,33:41.9,FastGPS,-60.981,-54.3641,,,8,-0.1,,,,15,32,27798,,,,14,6549,,,,22,14952,,,,11,27677,,,,1,30695,,,,8,5593,,,,28,5782,,,,,,,,,,,,,,,,,,,,,,,,,,,,,,,,,,,,,,,,,,,
180843,15-Aug-19,8:37:48,2019-08-15 08:37:48,G,6,2,1674,478,0,6,-60.9995,-54.3174,37:48.4,FastGPS,-60.9995,-54.3174,,,2.3,-1.6,,,,15,32,3864,,,,1,19080,,,,22,12767,,,,18,30696,,,,17,7075,,,,14,11866,,,,,,,,,,,,,,,,,,,,,,,,,,,,,,,,,,,,,,,,,,,,,,,,
180843,15-Aug-19,9:38:38,2019-08-15 09:38:38,G,8,2,1675,,0,9,-61.0185,-54.318,38:39.9,FastGPS,-61.0185,-54.318,,,9.1,-0.1,,,,15,31,3987,,,,17,18456,,,,23,27956,,,,18,28371,,,,22,2522,,,,3,23480,,,,11,9673,,,,14,14478,,,,1,29084,,,,,,,,,,,,,,,,,,,,,,,,,,,,,,,,,
180843,15-Aug-19,10:39:04,2019-08-15 10:39:04,G,4,2,1676,478,0,6,-61.0339,-54.3373,39:04.9,FastGPS,-61.0339,-54.3373,,,3.6,-1.1,,,,15,23,16440,,,,31,15955,,,,3,16535,,,,6,31610,,,,17,2666,,,,22,1025,,,,,,,,,,,,,,,,,,,,,,,,,,,,,,,,,,,,,,,,,,,,,,,,
180843,15-Aug-19,11:41:09,2019-08-15 11:41:09,G,2,2,1677,478,0,5,-61.0536,-54.3613,41:09.4,FastGPS,-61.0536,-54.3613,,,0.8,-1.6,,,,15,23,14392,,,,9,14128,,,,2,13421,,,,6,5161,,,,3,31838,,,,,,,,,,,,,,,,,,,,,,,,,,,,,,,,,,,,,,,,,,,,,,,,,,,,,
180843,15-Aug-19,12:41:05,2019-08-15 12:41:05,G,2,2,1678,478,0,7,-61.0735,-54.3811,41:06.9,FastGPS,-61.0735,-54.3811,,,15.1,-0.1,,,,15,7,27557,,,,23,8381,,,,6,15294,,,,3,23874,,,,9,21556,,,,2,26390,,,,16,13968,,,,,,,,,,,,,,,,,,,,,,,,,,,,,,,,,,,,,,,,,,,
180843,15-Aug-19,13:41:00,2019-08-15 13:41:00,G,8,2,1679,478,0,8,-61.0841,-54.4405,41:00.4,FastGPS,-61.0841,-54.4405,,,15.1,-1.6,,,,15,7,2937,,,,2,17352,,,,5,27827,,,,30,22975,,,,9,10155,,,,23,16141,,,,29,19272,,,,26,12365,,,,,,,,,,,,,,,,,,,,,,,,,,,,,,,,,,,,,,
180843,15-Aug-19,14:52:26,2019-08-15 14:52:26,G,6,2,1680,478,0,7,-61.0801,-54.5326,52:27.4,FastGPS,-61.0801,-54.5326,,,15.5,-0.6,,,,15,5,20662,,,,9,15777,,,,7,18705,,,,30,24116,,,,13,5213,,,,23,22416,,,,8,29562,,,,,,,,,,,,,,,,,,,,,,,,,,,,,,,,,,,,,,,,,,,
180843,15-Aug-19,15:55:07,2019-08-15 15:55:07,G,8,2,1681,478,0,6,-61.0835,-54.6048,55:08.4,FastGPS,-61.0835,-54.6048,,,8.5,-0.6,,,,15,9,27697,,,,5,29303,,,,28,13618,,,,13,3380,,,,7,2832,,,,30,14034,,,,,,,,,,,,,,,,,,,,,,,,,,,,,,,,,,,,,,,,,,,,,,,,
180843,15-Aug-19,16:58:23,2019-08-15 16:58:23,G,8,2,1682,478,0,7,-61.0894,-54.6739,58:23.9,FastGPS,-61.0894,-54.6739,,,13.8,-1.1,,,,15,7,31104,,,,8,17093,,,,15,27801,,,,28,15328,,,,11,28272,,,,13,30412,,,,30,9975,,,,,,,,,,,,,,,,,,,,,,,,,,,,,,,,,,,,,,,,,,,
180843,15-Aug-19,18:19:10,2019-08-15 18:19:10,G,4,2,1683,478,0,8,-61.0919,-54.7146,19:11.9,FastGPS,-61.0919,-54.7146,,,12.9,-0.1,,,,15,17,21991,,,,13,32275,,,,15,16240,,,,19,4210,,,,10,14395,,,,24,8261,,,,28,3433,,,,30,27985,,,,,,,,,,,,,,,,,,,,,,,,,,,,,,,,,,,,,,
180843,15-Aug-19,19:26:03,2019-08-15 19:26:03,G,2,2,1684,478,0,8,-61.0921,-54.7796,26:03.4,FastGPS,-61.0921,-54.7796,,,11.5,-1.6,,,,15,15,12166,,,,13,9186,,,,24,11785,,,,12,2693,,,,17,28471,,,,10,23167,,,,19,16261,,,,28,1686,,,,,,,,,,,,,,,,,,,,,,,,,,,,,,,,,,,,,,
180843,15-Aug-19,20:30:12,2019-08-15 20:30:12,G,6,2,1685,478,0,5,-61.1088,-54.8207,30:13.9,FastGPS,-61.1088,-54.8207,,,5.8,-0.1,,,,15,6,4026,,,,17,20172,,,,12,3187,,,,19,3515,,,,24,17103,,,,,,,,,,,,,,,,,,,,,,,,,,,,,,,,,,,,,,,,,,,,,,,,,,,,,
180843,15-Aug-19,22:45:00,2019-08-15 22:45:00,G,2,2,1686,483,1,5,-61.1098,-54.8286,45:01.4,FastGPS,-61.1098,-54.8286,,,1.9,-0.6,,,,15,2,27288,,,,6,27739,,,,12,19398,,,,31,8013,,,,25,31385,,,,,,,,,,,,,,,,,,,,,,,,,,,,,,,,,,,,,,,,,,,,,,,,,,,,,
180843,15-Aug-19,23:45:00,2019-08-15 23:45:00,G,4,2,1687,483,1,5,-61.1103,-54.8287,45:01.4,FastGPS,-61.1103,-54.8287,,,1.6,-0.6,,,,15,2,5931,,,,5,17930,,,,12,18976,,,,29,19798,,,,31,6071,,,,,,,,,,,,,,,,,,,,,,,,,,,,,,,,,,,,,,,,,,,,,,,,,,,,,
180843,16-Aug-19,0:45:00,2019-08-16 00:45:00,G,2,2,1688,483,1,7,-61.1082,-54.8279,45:01.4,FastGPS,-61.1082,-54.8279,,,29,-0.6,,,,15,12,8365,,,,5,21833,,,,31,3664,,,,2,9110,,,,25,28481,,,,26,8537,,,,29,17847,,,,,,,,,,,,,,,,,,,,,,,,,,,,,,,,,,,,,,,,,,,
180843,16-Aug-19,4:06:10,2019-08-16 04:06:10,G,6,2,1689,483,0,6,-61.1024,-54.8388,06:11.9,FastGPS,-61.1024,-54.8388,,1,1.1,-0.1,,,,15,15,30412,,,,27,31281,,,,13,17843,,,,4,14188,,,,16,7444,,,,21,24029,,,,,,,,,,,,,,,,,,,,,,,,,,,,,,,,,,,,,,,,,,,,,,,,
180843,16-Aug-19,5:09:44,2019-08-16 05:09:44,G,2,2,1690,483,0,7,-61.092,-54.8394,09:44.4,FastGPS,-61.092,-54.8394,,1,2.8,-1.6,,,,15,15,24194,,,,21,8582,,,,27,9233,,,,20,19067,,,,10,29084,,,,4,5196,,,,16,4876,,,,,,,,,,,,,,,,,,,,,,,,,,,,,,,,,,,,,,,,,,,
180843,16-Aug-19,6:15:21,2019-08-16 06:15:21,G,2,2,1691,483,0,6,-61.0867,-54.8181,15:22.4,FastGPS,-61.0867,-54.8181,,1,1.5,-0.6,,,,15,32,3693,,,,10,10610,,,,20,10810,,,,27,27667,,,,8,23714,,,,4,17652,,,,,,,,,,,,,,,,,,,,,,,,,,,,,,,,,,,,,,,,,,,,,,,,
180843,16-Aug-19,7:17:13,2019-08-16 07:17:13,G,4,2,1692,,0,9,-61.0854,-54.7959,17:14.4,FastGPS,-61.0854,-54.7959,,,11.5,-0.6,,,,15,28,27430,,,,11,10603,,,,1,21860,,,,10,13888,,,,32,9776,,,,18,4552,,,,24,16017,,,,22,23617,,,,20,558,,,,,,,,,,,,,,,,,,,,,,,,,,,,,,,,,
180843,16-Aug-19,8:19:16,2019-08-16 08:19:16,G,2,2,1693,483,0,8,-61.0846,-54.7851,19:17.9,FastGPS,-61.0846,-54.7851,,,12.3,-0.1,,,,15,32,17333,,,,31,19304,,,,14,24345,,,,10,16095,,,,18,3248,,,,1,26228,,,,17,21035,,,,11,10998,,,,,,,,,,,,,,,,,,,,,,,,,,,,,,,,,,,,,,
180843,16-Aug-19,9:28:00,2019-08-16 09:28:00,G,4,2,1694,,0,9,-61.0887,-54.7488,28:00.9,FastGPS,-61.0887,-54.7488,,,8.3,-1.1,,,,15,31,287,,,,23,9719,,,,17,6960,,,,1,23861,,,,22,14013,,,,11,12706,,,,3,23517,,,,14,12163,,,,18,31555,,,,,,,,,,,,,,,,,,,,,,,,,,,,,,,,,
180843,16-Aug-19,10:37:41,2019-08-16 10:37:41,G,8,2,1695,,0,9,-61.0845,-54.7135,37:41.9,FastGPS,-61.0845,-54.7135,,,8.5,-1.1,,,,15,17,17618,,,,31,2507,,,,19,18032,,,,6,19,,,,25,13829,,,,23,15573,,,,9,6275,,,,3,5669,,,,14,27463,,,,,,,,,,,,,,,,,,,,,,,,,,,,,,,,,
180843,16-Aug-19,11:41:30,2019-08-16 11:41:30,G,6,2,1696,483,0,6,-61.0845,-54.6919,41:30.4,FastGPS,-61.0845,-54.6919,,,9.3,-1.6,,,,15,9,25548,,,,23,10518,,,,6,2529,,,,2,24833,,,,31,6469,,,,3,13136,,,,,,,,,,,,,,,,,,,,,,,,,,,,,,,,,,,,,,,,,,,,,,,,
180843,16-Aug-19,12:46:42,2019-08-16 12:46:42,G,6,2,1697,483,0,7,-61.0894,-54.6577,46:43.9,FastGPS,-61.0894,-54.6577,,,6.2,-0.1,,,,15,23,24467,,,,7,15164,,,,16,8872,,,,26,12811,,,,3,19460,,,,9,9112,,,,6,28410,,,,,,,,,,,,,,,,,,,,,,,,,,,,,,,,,,,,,,,,,,,
180843,16-Aug-19,13:47:36,2019-08-16 13:47:36,G,6,2,1698,483,0,6,-61.0901,-54.658,47:36.4,FastGPS,-61.0901,-54.658,,,3.6,-1.6,,,,15,2,7246,,,,23,25640,,,,7,18905,,,,9,19014,,,,30,26667,,,,5,24126,,,,,,,,,,,,,,,,,,,,,,,,,,,,,,,,,,,,,,,,,,,,,,,,
180843,16-Aug-19,14:53:27,2019-08-16 14:53:27,G,8,2,1699,483,0,6,-61.1024,-54.8388,06:11.9,FastGPS,-61.0978,-54.6424,,2,0.8,-0.1,,,,15,5,21792,,,,30,32481,,,,7,10788,,,,13,24517,,,,8,13073,,,,4,11528,,,,,,,,,,,,,,,,,,,,,,,,,,,,,,,,,,,,,,,,,,,,,,,,
180843,16-Aug-19,16:27:35,2019-08-16 16:27:35,G,2,2,1700,485,0,7,-61.1025,-54.6265,27:35.4,FastGPS,-61.1025,-54.6265,,,12.8,-1.6,,,,15,13,8971,,,,5,26145,,,,30,19500,,,,28,13891,,,,15,16834,,,,7,3213,,,,27,24811,,,,,,,,,,,,,,,,,,,,,,,,,,,,,,,,,,,,,,,,,,,
180843,16-Aug-19,17:30:34,2019-08-16 17:30:34,G,4,2,1701,485,0,8,-61.1177,-54.6322,30:35.4,FastGPS,-61.1177,-54.6322,,,12.5,-0.6,,,,15,30,2160,,,,15,29888,,,,28,16357,,,,13,6065,,,,17,30252,,,,20,18572,,,,24,7863,,,,7,30324,,,,,,,,,,,,,,,,,,,,,,,,,,,,,,,,,,,,,,
180843,16-Aug-19,18:30:39,2019-08-16 18:30:39,G,10,2,1702,485,0,8,-61.1261,-54.6803,30:40.4,FastGPS,-61.1261,-54.6803,,,16.4,-0.6,,,,15,13,2971,,,,15,28040,,,,17,5872,,,,19,23234,,,,10,13618,,,,24,22741,,,,20,18805,,,,28,24094,,,,,,,,,,,,,,,,,,,,,,,,,,,,,,,,,,,,,,
180843,16-Aug-19,19:32:26,2019-08-16 19:32:26,G,6,2,1703,485,0,7,-61.1288,-54.6696,32:27.4,FastGPS,-61.1288,-54.6696,,,7.9,-0.6,,,,15,1,3289,,,,28,4385,,,,11,12461,,,,18,31695,,,,17,20753,,,,19,20619,,,,15,25135,,,,,,,,,,,,,,,,,,,,,,,,,,,,,,,,,,,,,,,,,,,
180843,16-Aug-19,20:36:09,2019-08-16 20:36:09,G,8,2,1704,485,0,7,-61.1175,-54.6386,36:10.4,FastGPS,-61.1175,-54.6386,,,9.6,-0.6,,,,15,12,13547,,,,17,10015,,,,24,26748,,,,22,8013,,,,19,10651,,,,6,25096,,,,1,20447,,,,,,,,,,,,,,,,,,,,,,,,,,,,,,,,,,,,,,,,,,,
180843,16-Aug-19,21:40:49,2019-08-16 21:40:49,G,6,2,1705,485,0,6,-61.0819,-54.6523,40:50.9,FastGPS,-61.0819,-54.6523,,,8.5,-0.1,,,,15,24,17279,,,,32,9427,,,,14,26963,,,,12,26864,,,,2,31471,,,,17,18686,,,,,,,,,,,,,,,,,,,,,,,,,,,,,,,,,,,,,,,,,,,,,,,,
180843,16-Aug-19,22:41:00,2019-08-16 22:41:00,G,8,2,1706,,0,9,-61.093,-54.698,41:00.4,FastGPS,-61.093,-54.698,,,11.9,-1.6,,,,15,29,24905,,,,31,14468,,,,12,26118,,,,2,1769,,,,24,22275,,,,25,5189,,,,14,20193,,,,32,2210,,,,6,1826,,,,,,,,,,,,,,,,,,,,,,,,,,,,,,,,,
180843,16-Aug-19,23:43:17,2019-08-16 23:43:17,G,4,2,1707,485,0,6,-61.0972,-54.7021,43:18.4,FastGPS,-61.0972,-54.7021,,,7.1,-0.6,,,,15,5,6519,,,,2,14391,,,,12,22102,,,,25,9047,,,,29,3921,,,,31,18678,,,,,,,,,,,,,,,,,,,,,,,,,,,,,,,,,,,,,,,,,,,,,,,,
180843,17-Aug-19,2:17:58,2019-08-17 02:17:58,G,2,2,1709,487,0,5,-61.0952,-54.7365,17:59.9,FastGPS,-61.0952,-54.7365,,,7.2,-0.1,,,,15,29,23913,,,,21,26108,,,,20,6884,,,,16,28281,,,,26,13635,,,,,,,,,,,,,,,,,,,,,,,,,,,,,,,,,,,,,,,,,,,,,,,,,,,,,
180843,17-Aug-19,3:36:16,2019-08-17 03:36:16,G,4,2,1710,488,0,8,-61.1013,-54.7765,36:16.9,FastGPS,-61.1013,-54.7765,,1,6.5,-1.1,,,,15,10,14373,,,,20,32265,,,,27,11284,,,,21,22707,,,,29,11057,,,,16,18594,,,,15,7969,,,,4,24004,,,,,,,,,,,,,,,,,,,,,,,,,,,,,,,,,,,,,,
180843,17-Aug-19,4:37:22,2019-08-17 04:37:22,G,4,2,1711,488,0,5,-61.1042,-54.8018,37:22.5,FastGPS,-61.1042,-54.8018,,,1.9,-1.6,,,,15,21,24131,,,,15,19179,,,,10,812,,,,20,2578,,,,16,25395,,,,,,,,,,,,,,,,,,,,,,,,,,,,,,,,,,,,,,,,,,,,,,,,,,,,,
180843,17-Aug-19,5:42:05,2019-08-17 05:42:05,G,2,2,1712,488,0,8,-61.1072,-54.8319,42:05.9,FastGPS,-61.1072,-54.8319,,1,3.8,-1.1,,,,15,10,30502,,,,20,26135,,,,21,9553,,,,32,2876,,,,4,22395,,,,8,3013,,,,18,17488,,,,15,16868,,,,,,,,,,,,,,,,,,,,,,,,,,,,,,,,,,,,,,
180843,17-Aug-19,6:44:29,2019-08-17 06:44:29,G,2,2,1713,,0,9,-61.0958,-54.8653,44:29.4,FastGPS,-61.0958,-54.8653,,,6,-1.6,,,,15,32,23387,,,,10,11322,,,,8,26925,,,,14,7787,,,,22,27572,,,,11,27872,,,,1,21255,,,,27,2676,,,,18,23962,,,,,,,,,,,,,,,,,,,,,,,,,,,,,,,,,
180843,17-Aug-19,8:06:46,2019-08-17 08:06:46,G,2,2,1714,,0,9,-61.0935,-54.8834,06:46.9,FastGPS,-61.0935,-54.8834,,,10.5,-1.1,,,,15,18,18838,,,,17,1968,,,,11,26644,,,,22,4842,,,,1,22999,,,,3,6162,,,,8,24363,,,,14,23955,,,,32,4970,,,,,,,,,,,,,,,,,,,,,,,,,,,,,,,,,
180843,17-Aug-19,9:07:00,2019-08-17 09:07:00,G,4,2,1715,,0,9,-61.093,-54.9094,07:00.4,FastGPS,-61.093,-54.9094,,,2.6,-1.6,,,,15,31,7379,,,,32,23917,,,,18,10634,,,,11,22250,,,,14,7777,,,,1,8874,,,,3,2678,,,,23,11117,,,,17,110,,,,,,,,,,,,,,,,,,,,,,,,,,,,,,,,,
180843,17-Aug-19,10:12:05,2019-08-17 10:12:05,G,14,2,1716,,0,9,-61.0894,-54.9742,12:05.9,FastGPS,-61.0894,-54.9742,,,9.3,-1.1,,,,15,31,15332,,,,23,13225,,,,1,27997,,,,14,25816,,,,25,15975,,,,17,31996,,,,3,10843,,,,32,11606,,,,22,1182,,,,,,,,,,,,,,,,,,,,,,,,,,,,,,,,,
180843,17-Aug-19,11:14:47,2019-08-17 11:14:47,G,12,2,1717,489,0,6,-61.0878,-55.044,14:48.4,FastGPS,-61.0878,-55.044,,,8.6,-0.6,,,,15,26,24015,,,,31,17728,,,,22,9680,,,,23,1969,,,,3,12638,,,,9,17550,,,,,,,,,,,,,,,,,,,,,,,,,,,,,,,,,,,,,,,,,,,,,,,,
180843,17-Aug-19,12:15:00,2019-08-17 12:15:00,G,10,2,1718,,0,9,-61.0785,-55.1122,15:00.4,FastGPS,-61.0785,-55.1122,,,13.7,-1.6,,,,15,26,1655,,,,16,23556,,,,23,6228,,,,7,2901,,,,9,21677,,,,3,31357,,,,31,9069,,,,6,25005,,,,2,10357,,,,,,,,,,,,,,,,,,,,,,,,,,,,,,,,,
180843,17-Aug-19,14:10:15,2019-08-17 14:10:15,G,4,2,1719,489,0,6,-61.0513,-55.2367,10:15.9,FastGPS,-61.0513,-55.2367,,,4.1,-1.1,,,,15,7,1132,,,,30,7437,,,,9,3324,,,,5,13906,,,,2,12214,,,,23,5989,,,,,,,,,,,,,,,,,,,,,,,,,,,,,,,,,,,,,,,,,,,,,,,,
180843,17-Aug-19,15:11:16,2019-08-17 15:11:16,G,2,2,1720,489,0,5,-61.0479,-55.3133,11:17.9,FastGPS,-61.0479,-55.3133,,,7,-0.1,,,,15,7,13162,,,,13,23735,,,,9,5610,,,,30,10186,,,,5,30665,,,,,,,,,,,,,,,,,,,,,,,,,,,,,,,,,,,,,,,,,,,,,,,,,,,,,
180843,17-Aug-19,16:17:09,2019-08-17 16:17:09,G,8,2,1721,489,0,6,-61.0361,-55.3786,17:09.9,FastGPS,-61.0361,-55.3786,,,3.7,-1.1,,,,15,15,27764,,,,28,23082,,,,5,19453,,,,30,28134,,,,13,30682,,,,7,25963,,,,,,,,,,,,,,,,,,,,,,,,,,,,,,,,,,,,,,,,,,,,,,,,
180843,17-Aug-19,17:33:00,2019-08-17 17:33:00,G,6,2,1722,490,0,8,-61.0001,-55.4287,33:01.4,FastGPS,-61.0001,-55.4287,,,11.6,-0.6,,,,15,17,5368,,,,11,21949,,,,8,27204,,,,30,15729,,,,15,19190,,,,28,26697,,,,18,29003,,,,13,9252,,,,,,,,,,,,,,,,,,,,,,,,,,,,,,,,,,,,,,
180843,17-Aug-19,18:33:49,2019-08-17 18:33:49,G,4,2,1723,490,0,6,-60.9759,-55.5051,33:50.4,FastGPS,-60.9759,-55.5051,,1,1.8,-0.6,,,,15,17,27034,,,,19,14839,,,,13,7871,,,,15,19756,,,,28,30920,,,,14,29387,,,,,,,,,,,,,,,,,,,,,,,,,,,,,,,,,,,,,,,,,,,,,,,,
180843,17-Aug-19,19:55:36,2019-08-17 19:55:36,G,4,2,1724,491,0,7,-60.9809,-55.6024,55:37.9,FastGPS,-60.9809,-55.6024,,,8.9,-0.1,,,,15,12,30974,,,,15,17497,,,,24,21650,,,,19,13776,,,,17,6821,,,,6,927,,,,32,19998,,,,,,,,,,,,,,,,,,,,,,,,,,,,,,,,,,,,,,,,,,,
180843,17-Aug-19,20:55:00,2019-08-17 20:55:00,G,6,2,1725,491,0,8,-60.9928,-55.6501,55:01.4,FastGPS,-60.9928,-55.6501,,,11.6,-0.6,,,,15,12,31065,,,,24,24624,,,,17,20765,,,,32,30758,,,,19,29329,,,,6,22750,,,,22,14811,,,,14,23900,,,,,,,,,,,,,,,,,,,,,,,,,,,,,,,,,,,,,,
180843,17-Aug-19,21:57:43,2019-08-17 21:57:43,G,4,2,1726,491,0,8,-60.971,-55.6788,57:44.4,FastGPS,-60.971,-55.6788,,,7.9,-0.6,,,,15,17,27937,,,,14,14173,,,,25,1682,,,,32,22957,,,,29,10216,,,,12,18434,,,,6,3114,,,,2,5262,,,,,,,,,,,,,,,,,,,,,,,,,,,,,,,,,,,,,,
180843,17-Aug-19,22:58:47,2019-08-17 22:58:47,G,4,2,1727,491,0,6,-60.976,-55.663,58:48.4,FastGPS,-60.976,-55.663,,,5.2,-0.6,,,,15,31,13317,,,,29,9729,,,,6,31617,,,,25,31799,,,,14,19699,,,,12,6653,,,,,,,,,,,,,,,,,,,,,,,,,,,,,,,,,,,,,,,,,,,,,,,,
180843,17-Aug-19,23:59:00,2019-08-17 23:59:00,G,8,2,1728,491,0,7,-60.9856,-55.6787,59:01.4,FastGPS,-60.9856,-55.6787,,,9.6,-0.6,,,,15,31,6624,,,,29,27939,,,,25,97,,,,26,32327,,,,12,21750,,,,23,4825,,,,2,15542,,,,,,,,,,,,,,,,,,,,,,,,,,,,,,,,,,,,,,,,,,,
180843,18-Aug-19,0:59:21,2019-08-18 00:59:21,G,6,2,1729,491,0,8,-60.9995,-55.6831,59:22.4,FastGPS,-60.9995,-55.6831,,,9.3,-0.6,,,,15,31,7149,,,,26,17417,,,,16,17796,,,,29,8321,,,,21,7445,,,,9,1719,,,,5,15765,,,,2,1137,,,,,,,,,,,,,,,,,,,,,,,,,,,,,,,,,,,,,,
180843,18-Aug-19,2:27:35,2019-08-18 02:27:35,G,12,2,1730,492,0,5,-60.976,-55.6629,58:48.4,FastGPS,-61.0203,-55.688,,1,0.3,0,,,,15,4,21305,,,,21,16486,,,,20,24514,,,,26,22189,,,,29,23993,,,,,,,,,,,,,,,,,,,,,,,,,,,,,,,,,,,,,,,,,,,,,,,,,,,,,
180843,18-Aug-19,3:28:43,2019-08-18 03:28:43,G,2,2,1731,492,0,8,-61.0345,-55.6747,28:43.4,FastGPS,-61.0345,-55.6747,,1,9.4,-1.6,,,,15,15,17672,,,,7,26406,,,,4,8751,,,,27,25656,,,,13,21291,,,,16,16782,,,,29,13570,,,,21,14501,,,,,,,,,,,,,,,,,,,,,,,,,,,,,,,,,,,,,,
180843,18-Aug-19,4:29:05,2019-08-18 04:29:05,G,6,2,1732,,0,9,-61.0594,-55.6164,29:06.4,FastGPS,-61.0594,-55.6164,,1,8.4,-0.6,,,,15,27,30921,,,,10,22578,,,,4,5544,,,,16,12347,,,,15,16667,,,,13,13209,,,,30,85,,,,8,1105,,,,7,19021,,,,,,,,,,,,,,,,,,,,,,,,,,,,,,,,,
180843,18-Aug-19,5:29:00,2019-08-18 05:29:00,G,8,2,1733,492,0,8,-61.0779,-55.5933,29:01.5,FastGPS,-61.0779,-55.5933,,1,13.9,-0.5,,,,15,21,14501,,,,20,8836,,,,4,15259,,,,10,26446,,,,15,3131,,,,8,21772,,,,27,20977,,,,18,17217,,,,,,,,,,,,,,,,,,,,,,,,,,,,,,,,,,,,,,
180843,18-Aug-19,6:29:00,2019-08-18 06:29:00,G,6,2,1734,492,0,8,-61.0891,-55.5666,29:01.4,FastGPS,-61.0891,-55.5666,,1,13.1,-0.6,,,,15,10,30277,,,,27,11032,,,,32,13741,,,,20,25629,,,,28,10856,,,,14,10663,,,,4,20394,,,,1,3796,,,,,,,,,,,,,,,,,,,,,,,,,,,,,,,,,,,,,,
180843,18-Aug-19,7:32:59,2019-08-18 07:32:59,G,8,2,1735,,0,9,-61.0986,-55.5498,33:00.9,FastGPS,-61.0986,-55.5498,,,11,-0.1,,,,15,10,23345,,,,32,29713,,,,8,30186,,,,22,3209,,,,14,5595,,,,3,18333,,,,24,25658,,,,11,7731,,,,18,32220,,,,,,,,,,,,,,,,,,,,,,,,,,,,,,,,,
180843,18-Aug-19,8:38:01,2019-08-18 08:38:01,G,6,2,1736,492,0,8,-61.0941,-55.5373,38:01.9,FastGPS,-61.0941,-55.5373,,,10.3,-1.1,,,,15,31,29831,,,,32,17534,,,,17,24275,,,,12,7205,,,,14,21700,,,,11,2426,,,,18,24408,,,,19,16036,,,,,,,,,,,,,,,,,,,,,,,,,,,,,,,,,,,,,,
180843,18-Aug-19,10:06:45,2019-08-18 10:06:45,G,8,2,1737,,0,9,-61.0975,-55.5842,06:45.9,FastGPS,-61.0975,-55.5842,,,4,-1.1,,,,15,17,30547,,,,23,1580,,,,31,4184,,,,19,21110,,,,6,15576,,,,12,11539,,,,3,2236,,,,25,4884,,,,32,5337,,,,,,,,,,,,,,,,,,,,,,,,,,,,,,,,,
180843,18-Aug-19,11:07:00,2019-08-18 11:07:00,G,10,2,1738,,0,9,-61.1094,-55.5811,07:00.4,FastGPS,-61.1094,-55.5811,,,6.1,-1.6,,,,15,9,23471,,,,23,15586,,,,6,10068,,,,31,10818,,,,3,4800,,,,25,12037,,,,2,13653,,,,19,2275,,,,22,7451,,,,,,,,,,,,,,,,,,,,,,,,,,,,,,,,,
180843,18-Aug-19,12:12:04,2019-08-18 12:12:04,G,4,2,1739,,0,9,-61.1161,-55.5932,12:05.9,FastGPS,-61.1161,-55.5932,,,8.3,-0.1,,,,15,16,17962,,,,3,18533,,,,26,26361,,,,2,7307,,,,7,2691,,,,29,2714,,,,6,18197,,,,9,18621,,,,23,29685,,,,,,,,,,,,,,,,,,,,,,,,,,,,,,,,,
180843,18-Aug-19,13:17:06,2019-08-18 13:17:06,G,2,2,1740,,0,9,-61.1338,-55.6352,17:06.9,FastGPS,-61.1338,-55.6352,,,10.3,-1.1,,,,15,7,15107,,,,30,18035,,,,29,25355,,,,5,31635,,,,6,31012,,,,9,30622,,,,2,1910,,,,23,5283,,,,16,24543,,,,,,,,,,,,,,,,,,,,,,,,,,,,,,,,,
180843,18-Aug-19,15:27:24,2019-08-18 15:27:24,G,2,2,1742,493,0,8,-61.205,-55.7488,27:24.9,FastGPS,-61.205,-55.7488,,,14.6,-1.1,,,,15,5,27324,,,,13,19300,,,,30,9348,,,,28,31697,,,,7,10833,,,,9,25838,,,,21,13171,,,,27,26861,,,,,,,,,,,,,,,,,,,,,,,,,,,,,,,,,,,,,,
180843,18-Aug-19,16:32:20,2019-08-18 16:32:20,G,4,2,1743,493,0,8,-61.2338,-55.8158,32:20.4,FastGPS,-61.2338,-55.8158,,,9.6,-1.6,,,,15,15,3003,,,,28,23536,,,,5,13013,,,,30,23633,,,,13,1191,,,,7,6033,,,,20,32488,,,,27,16518,,,,,,,,,,,,,,,,,,,,,,,,,,,,,,,,,,,,,,
180843,18-Aug-19,17:35:29,2019-08-18 17:35:29,G,4,2,1744,493,0,8,-61.2733,-55.8434,35:29.4,FastGPS,-61.2733,-55.8434,,,10.5,-1.6,,,,15,13,15186,,,,15,13390,,,,20,21747,,,,10,3907,,,,28,8703,,,,17,16929,,,,8,21220,,,,24,28241,,,,,,,,,,,,,,,,,,,,,,,,,,,,,,,,,,,,,,
180843,18-Aug-19,18:46:27,2019-08-18 18:46:27,G,6,2,1745,493,0,6,-61.2966,-55.9051,46:27.9,FastGPS,-61.2966,-55.9051,,,1.4,-1.1,,,,15,13,27515,,,,17,32442,,,,15,15718,,,,24,66,,,,19,28651,,,,10,32292,,,,,,,,,,,,,,,,,,,,,,,,,,,,,,,,,,,,,,,,,,,,,,,,
180843,18-Aug-19,19:51:19,2019-08-18 19:51:19,G,4,2,1746,493,0,6,-61.284,-55.9479,51:20.4,FastGPS,-61.284,-55.9479,,,10.5,-0.6,,,,15,1,15274,,,,32,18648,,,,6,23986,,,,17,875,,,,24,16940,,,,15,11857,,,,,,,,,,,,,,,,,,,,,,,,,,,,,,,,,,,,,,,,,,,,,,,,
180843,18-Aug-19,20:57:55,2019-08-18 20:57:55,G,2,2,1747,493,0,5,-61.2619,-55.9547,57:56.4,FastGPS,-61.2619,-55.9547,,,4.9,-0.6,,,,15,6,31577,,,,17,18712,,,,19,6060,,,,24,1772,,,,12,4589,,,,,,,,,,,,,,,,,,,,,,,,,,,,,,,,,,,,,,,,,,,,,,,,,,,,,
180843,18-Aug-19,21:58:00,2019-08-18 21:58:00,G,4,2,1748,493,1,5,-61.241,-55.9601,58:01.4,FastGPS,-61.241,-55.9601,,,1.3,-0.6,,,,15,32,24201,,,,12,27137,,,,29,7269,,,,14,24153,,,,25,26193,,,,,,,,,,,,,,,,,,,,,,,,,,,,,,,,,,,,,,,,,,,,,,,,,,,,,
180843,18-Aug-19,23:58:00,2019-08-18 23:58:00,G,4,2,1750,493,1,5,-61.2192,-55.9649,58:01.4,FastGPS,-61.2192,-55.9649,,,4.7,-0.6,,,,15,25,26278,,,,12,5787,,,,2,7235,,,,5,31279,,,,29,208,,,,,,,,,,,,,,,,,,,,,,,,,,,,,,,,,,,,,,,,,,,,,,,,,,,,,
180843,19-Aug-19,0:58:00,2019-08-19 00:58:00,G,4,2,1751,493,1,4,-61.2192,-55.9649,58:01.4,FastGPS,-61.2066,-55.9831,,,1.2,-0.5,,,,15,29,11891,,,,5,23358,,,,25,5092,,,,2,27521,,,,,,,,,,,,,,,,,,,,,,,,,,,,,,,,,,,,,,,,,,,,,,,,,,,,,,,,,,
180843,19-Aug-19,1:58:00,2019-08-19 01:58:00,G,4,2,1752,493,1,4,-61.2066,-55.9831,58:01.5,FastGPS,-61.1969,-56.0094,,,0.5,-0.6,,,,15,5,7928,,,,29,13239,,,,21,13851,,,,26,11369,,,,,,,,,,,,,,,,,,,,,,,,,,,,,,,,,,,,,,,,,,,,,,,,,,,,,,,,,,
180843,19-Aug-19,2:58:00,2019-08-19 02:58:00,G,6,2,1753,493,1,5,-61.1889,-56.0425,58:01.4,FastGPS,-61.1889,-56.0425,,,3.1,-0.6,,,,15,29,783,,,,20,22769,,,,15,6741,,,,26,1269,,,,21,19051,,,,,,,,,,,,,,,,,,,,,,,,,,,,,,,,,,,,,,,,,,,,,,,,,,,,,
180843,19-Aug-19,3:58:00,2019-08-19 03:58:00,G,10,2,1754,493,1,7,-61.183,-56.0719,58:01.4,FastGPS,-61.183,-56.0719,,1,8.3,-0.6,,,,15,10,14695,,,,21,3464,,,,20,30388,,,,15,21689,,,,13,4053,,,,4,14661,,,,16,25138,,,,,,,,,,,,,,,,,,,,,,,,,,,,,,,,,,,,,,,,,,,
180843,19-Aug-19,6:31:46,2019-08-19 06:31:46,G,10,2,1755,493,0,5,-61.1754,-56.1174,31:47.4,FastGPS,-61.1754,-56.1174,,,3.7,-0.6,,,,15,18,22419,,,,11,26828,,,,10,23765,,,,8,10662,,,,1,14438,,,,,,,,,,,,,,,,,,,,,,,,,,,,,,,,,,,,,,,,,,,,,,,,,,,,,
180843,19-Aug-19,7:40:16,2019-08-19 07:40:16,G,10,2,1756,493,0,8,-61.1508,-56.0683,40:17.4,FastGPS,-61.1508,-56.0683,,,9.4,-0.6,,,,15,32,23825,,,,10,5223,,,,24,2283,,,,1,30673,,,,8,14673,,,,17,7921,,,,11,9802,,,,18,168,,,,,,,,,,,,,,,,,,,,,,,,,,,,,,,,,,,,,,
180843,19-Aug-19,8:45:16,2019-08-19 08:45:16,G,6,2,1757,493,0,8,-61.1131,-56.0279,45:17.4,FastGPS,-61.1131,-56.0279,,,9.5,-0.6,,,,15,31,11660,,,,17,17299,,,,19,24377,,,,32,21234,,,,3,20310,,,,14,15894,,,,18,4578,,,,1,12413,,,,,,,,,,,,,,,,,,,,,,,,,,,,,,,,,,,,,,
180843,19-Aug-19,9:46:10,2019-08-19 09:46:10,G,4,2,1758,,0,9,-61.0798,-55.985,46:11.9,FastGPS,-61.0798,-55.985,,,8.3,-0.1,,,,15,12,20134,,,,31,12180,,,,14,4404,,,,19,20051,,,,6,32514,,,,17,30217,,,,32,30398,,,,3,9231,,,,23,20759,,,,,,,,,,,,,,,,,,,,,,,,,,,,,,,,,
180843,19-Aug-19,12:57:26,2019-08-19 12:57:26,G,6,2,1761,493,0,8,-61.0565,-55.8385,57:26.9,FastGPS,-61.0565,-55.8385,,,19,-1.1,,,,15,5,8849,,,,16,26086,,,,29,23539,,,,23,6733,,,,2,10809,,,,26,32274,,,,9,12519,,,,3,28526,,,,,,,,,,,,,,,,,,,,,,,,,,,,,,,,,,,,,,
180843,19-Aug-19,13:57:00,2019-08-19 13:57:00,G,8,2,1762,493,0,5,-61.047,-55.8318,57:00.5,FastGPS,-61.047,-55.8318,,,1.5,-1.5,,,,15,5,27457,,,,7,21026,,,,30,15369,,,,9,5953,,,,16,18776,,,,,,,,,,,,,,,,,,,,,,,,,,,,,,,,,,,,,,,,,,,,,,,,,,,,,
180843,19-Aug-19,15:00:02,2019-08-19 15:00:02,G,16,2,1763,493,0,8,-61.0482,-55.8462,00:02.4,FastGPS,-61.0482,-55.8462,,1,14.4,-1.6,,,,15,7,5865,,,,9,3750,,,,8,1361,,,,27,23023,,,,5,21671,,,,4,30221,,,,30,27044,,,,16,20747,,,,,,,,,,,,,,,,,,,,,,,,,,,,,,,,,,,,,,
180843,19-Aug-19,16:01:37,2019-08-19 16:01:37,G,12,2,1764,493,0,8,-61.0564,-55.8417,01:37.9,FastGPS,-61.0564,-55.8417,,1,6.6,-1.1,,,,15,5,30075,,,,13,32146,,,,15,17352,,,,7,5270,,,,27,5867,,,,30,21572,,,,8,25428,,,,4,3021,,,,,,,,,,,,,,,,,,,,,,,,,,,,,,,,,,,,,,
180843,19-Aug-19,17:01:31,2019-08-19 17:01:31,G,14,2,1765,493,0,7,-61.0688,-55.8167,01:33.0,FastGPS,-61.0688,-55.8167,,,9.4,0,,,,15,15,771,,,,13,20153,,,,20,4422,,,,28,1008,,,,5,30622,,,,8,21324,,,,7,11221,,,,,,,,,,,,,,,,,,,,,,,,,,,,,,,,,,,,,,,,,,,
180843,19-Aug-19,18:01:44,2019-08-19 18:01:44,G,12,2,1766,,0,9,-61.0824,-55.7476,01:45.9,FastGPS,-61.0824,-55.7476,,,15.1,-0.1,,,,15,30,28489,,,,10,14574,,,,17,16180,,,,15,19609,,,,1,24574,,,,11,4893,,,,28,2422,,,,18,17008,,,,20,27294,,,,,,,,,,,,,,,,,,,,,,,,,,,,,,,,,
180843,19-Aug-19,19:02:27,2019-08-19 19:02:27,G,4,2,1767,,0,9,-61.0803,-55.6672,02:28.9,FastGPS,-61.0803,-55.6672,,,9,-0.1,,,,15,24,1380,,,,28,462,,,,10,12806,,,,17,21277,,,,15,9477,,,,11,20095,,,,1,28907,,,,18,26648,,,,19,2019,,,,,,,,,,,,,,,,,,,,,,,,,,,,,,,,,
180843,19-Aug-19,20:02:00,2019-08-19 20:02:00,G,8,2,1768,493,0,7,-61.0713,-55.6128,02:01.4,FastGPS,-61.0713,-55.6128,,,2.8,-0.6,,,,15,12,938,,,,24,16076,,,,15,6495,,,,17,5241,,,,19,3095,,,,25,11103,,,,6,15941,,,,,,,,,,,,,,,,,,,,,,,,,,,,,,,,,,,,,,,,,,,
180843,19-Aug-19,21:02:00,2019-08-19 21:02:00,G,12,2,1769,493,1,6,-61.0569,-55.5837,02:01.4,FastGPS,-61.0569,-55.5837,,,7.7,-0.6,,,,15,14,27786,,,,12,28162,,,,32,2672,,,,25,9986,,,,24,27457,,,,2,28167,,,,,,,,,,,,,,,,,,,,,,,,,,,,,,,,,,,,,,,,,,,,,,,,
180843,20-Aug-19,9:04:06,2019-08-20 09:04:06,G,10,2,1770,,0,9,-61.0312,-55.5343,04:07.4,FastGPS,-61.0312,-55.5343,,,6.4,-0.6,,,,15,31,25829,,,,32,11799,,,,17,29472,,,,3,22631,,,,1,21763,,,,23,21430,,,,14,11836,,,,22,25772,,,,18,7562,,,,,,,,,,,,,,,,,,,,,,,,,,,,,,,,,
180843,20-Aug-19,10:10:01,2019-08-20 10:10:01,G,6,2,1771,493,0,6,-60.9865,-55.5088,10:02.5,FastGPS,-60.9865,-55.5088,,,7.9,-0.5,,,,15,31,4325,,,,1,13981,,,,14,6237,,,,23,11159,,,,25,9998,,,,3,6297,,,,,,,,,,,,,,,,,,,,,,,,,,,,,,,,,,,,,,,,,,,,,,,,
180843,20-Aug-19,11:13:30,2019-08-20 11:13:30,G,8,2,1772,493,0,6,-60.9423,-55.5105,13:31.4,FastGPS,-60.9423,-55.5105,,1,9,-0.6,,,,15,23,17454,,,,31,19436,,,,22,3258,,,,3,24173,,,,9,1033,,,,26,27689,,,,,,,,,,,,,,,,,,,,,,,,,,,,,,,,,,,,,,,,,,,,,,,,
180843,20-Aug-19,12:37:25,2019-08-20 12:37:25,G,6,2,1773,494,0,7,-60.9233,-55.5385,37:25.4,FastGPS,-60.9233,-55.5385,,,4.7,-1.6,,,,15,26,4909,,,,23,7325,,,,16,20893,,,,7,19812,,,,3,23095,,,,29,11873,,,,9,20270,,,,,,,,,,,,,,,,,,,,,,,,,,,,,,,,,,,,,,,,,,,
180843,20-Aug-19,14:45:41,2019-08-20 14:45:41,G,2,2,1775,494,0,8,-60.9561,-55.58,45:42.4,FastGPS,-60.9561,-55.58,,1,7.9,-0.6,,,,15,5,19091,,,,7,22142,,,,8,31330,,,,9,12586,,,,30,8806,,,,27,10262,,,,4,31644,,,,13,22461,,,,,,,,,,,,,,,,,,,,,,,,,,,,,,,,,,,,,,
180843,20-Aug-19,15:52:51,2019-08-20 15:52:51,G,4,2,1776,494,0,7,-60.9331,-55.5434,52:53.0,FastGPS,-60.9331,-55.5434,,,9,0,,,,15,8,19046,,,,13,15451,,,,27,11588,,,,5,7756,,,,15,25312,,,,30,23920,,,,9,21761,,,,,,,,,,,,,,,,,,,,,,,,,,,,,,,,,,,,,,,,,,,
180843,20-Aug-19,16:59:57,2019-08-20 16:59:57,G,6,2,1777,494,0,7,-60.9323,-55.4479,59:57.4,FastGPS,-60.9323,-55.4479,,,6.5,-1.6,,,,15,15,8757,,,,7,5791,,,,11,23389,,,,13,23416,,,,18,12038,,,,30,24977,,,,8,19319,,,,,,,,,,,,,,,,,,,,,,,,,,,,,,,,,,,,,,,,,,,
180843,20-Aug-19,18:00:35,2019-08-20 18:00:35,G,2,2,1778,,0,9,-60.9422,-55.3761,00:36.4,FastGPS,-60.9422,-55.3761,,,13.2,-0.6,,,,15,10,24256,,,,11,13077,,,,30,27029,,,,20,29834,,,,18,27675,,,,15,26555,,,,24,26394,,,,28,6942,,,,1,9437,,,,,,,,,,,,,,,,,,,,,,,,,,,,,,,,,
180843,20-Aug-19,20:05:38,2019-08-20 20:05:38,G,6,2,1780,494,0,6,-60.9718,-55.2359,05:39.5,FastGPS,-60.9718,-55.2359,,1,15.9,-0.5,,,,15,12,22646,,,,32,31830,,,,17,22350,,,,24,14928,,,,28,31848,,,,21,27835,,,,,,,,,,,,,,,,,,,,,,,,,,,,,,,,,,,,,,,,,,,,,,,,
180843,20-Aug-19,21:15:30,2019-08-20 21:15:30,G,6,2,1781,494,0,7,-61.0022,-55.1908,15:31.9,FastGPS,-61.0022,-55.1908,,,18.1,-0.1,,,,15,12,8529,,,,24,3079,,,,32,12280,,,,14,9725,,,,25,395,,,,17,10315,,,,2,8952,,,,,,,,,,,,,,,,,,,,,,,,,,,,,,,,,,,,,,,,,,,
180843,20-Aug-19,22:50:42,2019-08-20 22:50:42,G,4,2,1782,494,0,7,-61.0284,-55.1313,50:44.0,FastGPS,-61.0284,-55.1313,,,18.6,0,,,,15,29,16284,,,,31,16706,,,,6,14756,,,,2,21739,,,,25,29016,,,,14,30008,,,,12,23729,,,,,,,,,,,,,,,,,,,,,,,,,,,,,,,,,,,,,,,,,,,
180843,21-Aug-19,0:15:56,2019-08-21 00:15:56,G,4,2,1783,494,0,6,-61.0402,-55.0466,15:57.5,FastGPS,-61.0402,-55.0466,,,9.3,-0.5,,,,15,31,6611,,,,29,30908,,,,26,26162,,,,23,13577,,,,2,27220,,,,9,10369,,,,,,,,,,,,,,,,,,,,,,,,,,,,,,,,,,,,,,,,,,,,,,,,
180843,21-Aug-19,4:50:00,2019-08-21 04:50:00,G,4,2,1787,495,0,7,-61.0532,-54.8514,50:01.4,FastGPS,-61.0532,-54.8514,,1,11.4,-0.6,,,,15,15,30769,,,,8,23192,,,,21,12964,,,,27,16296,,,,20,25052,,,,10,4764,,,,4,12221,,,,,,,,,,,,,,,,,,,,,,,,,,,,,,,,,,,,,,,,,,,
180843,21-Aug-19,5:54:28,2019-08-21 05:54:28,G,2,2,1788,,0,9,-61.0652,-54.8252,54:29.4,FastGPS,-61.0652,-54.8252,,,5.1,-0.6,,,,15,18,22115,,,,20,10003,,,,11,21690,,,,15,24031,,,,8,23490,,,,28,8875,,,,24,26011,,,,32,2052,,,,10,9918,,,,,,,,,,,,,,,,,,,,,,,,,,,,,,,,,
180843,21-Aug-19,6:54:51,2019-08-21 06:54:51,G,4,2,1789,495,0,6,-61.0774,-54.7867,54:51.9,FastGPS,-61.0774,-54.7867,,,7.3,-1.1,,,,15,10,9136,,,,18,23568,,,,11,29373,,,,1,4556,,,,32,29237,,,,24,6018,,,,,,,,,,,,,,,,,,,,,,,,,,,,,,,,,,,,,,,,,,,,,,,,
180843,21-Aug-19,7:55:00,2019-08-21 07:55:00,G,4,2,1790,,0,9,-61.0838,-54.7415,55:01.5,FastGPS,-61.0838,-54.7415,,,4.7,-0.5,,,,15,22,9293,,,,3,14195,,,,1,19897,,,,17,9183,,,,11,13379,,,,32,21942,,,,18,5624,,,,10,31071,,,,14,19814,,,,,,,,,,,,,,,,,,,,,,,,,,,,,,,,,
180843,21-Aug-19,8:56:41,2019-08-21 08:56:41,G,2,2,1791,495,0,7,-61.0927,-54.6957,56:42.4,FastGPS,-61.0927,-54.6957,,,15.2,-0.6,,,,15,31,21525,,,,17,28303,,,,1,27542,,,,32,29926,,,,19,3552,,,,18,19687,,,,3,12839,,,,,,,,,,,,,,,,,,,,,,,,,,,,,,,,,,,,,,,,,,,
180843,21-Aug-19,10:03:24,2019-08-21 10:03:24,G,2,2,1792,495,0,8,-61.0962,-54.6723,03:25.5,FastGPS,-61.0962,-54.6723,,,16.9,-0.5,,,,15,31,9033,,,,25,13153,,,,14,22247,,,,22,13681,,,,3,5814,,,,6,15657,,,,1,22825,,,,18,12900,,,,,,,,,,,,,,,,,,,,,,,,,,,,,,,,,,,,,,
180843,21-Aug-19,11:05:45,2019-08-21 11:05:45,G,2,2,1793,495,0,7,-61.098,-54.6395,05:46.9,FastGPS,-61.098,-54.6395,,,7.8,-0.1,,,,15,31,7779,,,,26,26730,,,,6,11306,,,,23,18713,,,,3,6596,,,,22,25060,,,,9,21440,,,,,,,,,,,,,,,,,,,,,,,,,,,,,,,,,,,,,,,,,,,
180843,21-Aug-19,12:10:27,2019-08-21 12:10:27,G,6,2,1794,495,0,7,-61.1021,-54.6191,10:28.5,FastGPS,-61.1021,-54.6191,,,5,-0.5,,,,15,16,12771,,,,3,1318,,,,23,4953,,,,6,14401,,,,9,28181,,,,7,12177,,,,26,26295,,,,,,,,,,,,,,,,,,,,,,,,,,,,,,,,,,,,,,,,,,,
180843,21-Aug-19,13:39:01,2019-08-21 13:39:01,G,8,2,1795,,0,9,-61.1025,-54.6127,39:03.0,FastGPS,-61.1025,-54.6127,,1,9.5,0,,,,15,23,11457,,,,5,31802,,,,16,14222,,,,9,1310,,,,7,11404,,,,4,11970,,,,27,9489,,,,30,10795,,,,2,763,,,,,,,,,,,,,,,,,,,,,,,,,,,,,,,,,
180843,21-Aug-19,14:44:47,2019-08-21 14:44:47,G,2,2,1796,,0,9,-61.1015,-54.5914,44:48.5,FastGPS,-61.1015,-54.5914,,1,10.5,-0.5,,,,15,5,31181,,,,13,13904,,,,27,2836,,,,8,31186,,,,30,27631,,,,7,2060,,,,4,19354,,,,9,17924,,,,16,2730,,,,,,,,,,,,,,,,,,,,,,,,,,,,,,,,,
180843,21-Aug-19,16:56:10,2019-08-21 16:56:10,G,2,2,1798,496,0,8,-61.081,-54.5512,56:11.5,FastGPS,-61.081,-54.5512,,,19.7,-0.5,,,,15,7,29502,,,,30,14766,,,,11,16773,,,,15,26357,,,,13,8572,,,,18,5866,,,,28,30000,,,,5,4444,,,,,,,,,,,,,,,,,,,,,,,,,,,,,,,,,,,,,,
180843,21-Aug-19,17:56:17,2019-08-21 17:56:17,G,4,2,1799,496,0,4,-61.0722,-54.5584,58:49.9,FastGPS,-61.0962,-54.5713,,,2.6,-2.6,,,,15,15,31578,,,,28,17939,,,,11,26215,,,,13,11317,,,,,,,,,,,,,,,,,,,,,,,,,,,,,,,,,,,,,,,,,,,,,,,,,,,,,,,,,,
180843,21-Aug-19,18:58:48,2019-08-21 18:58:48,G,6,2,1800,,0,9,-61.0722,-54.5584,58:49.9,FastGPS,-61.0722,-54.5584,,,9.4,-0.1,,,,15,28,2757,,,,10,15027,,,,24,24397,,,,15,8123,,,,19,31375,,,,1,15322,,,,17,14006,,,,18,2407,,,,11,26565,,,,,,,,,,,,,,,,,,,,,,,,,,,,,,,,,
180843,21-Aug-19,19:59:36,2019-08-21 19:59:36,G,4,2,1801,496,0,6,-61.0766,-54.5432,59:36.5,FastGPS,-61.0766,-54.5432,,,1.7,-1.5,,,,15,12,30662,,,,24,30021,,,,32,10310,,,,17,12869,,,,15,26195,,,,1,3206,,,,,,,,,,,,,,,,,,,,,,,,,,,,,,,,,,,,,,,,,,,,,,,,
180843,21-Aug-19,21:10:30,2019-08-21 21:10:30,G,8,2,1802,496,0,8,-61.083,-54.5571,10:32.0,FastGPS,-61.083,-54.5571,,,11.3,-0.1,,,,15,12,2332,,,,24,298,,,,2,407,,,,6,19880,,,,25,22363,,,,14,2654,,,,17,12905,,,,3,6446,,,,,,,,,,,,,,,,,,,,,,,,,,,,,,,,,,,,,,
180843,21-Aug-19,22:10:00,2019-08-21 22:10:00,G,4,2,1803,496,1,8,-61.078,-54.5471,10:01.5,FastGPS,-61.078,-54.5471,,,11.1,-0.5,,,,15,24,4638,,,,32,4284,,,,31,6518,,,,12,6374,,,,29,9823,,,,25,14666,,,,14,9991,,,,2,8515,,,,,,,,,,,,,,,,,,,,,,,,,,,,,,,,,,,,,,
180843,22-Aug-19,9:21:02,2019-08-22 09:21:02,G,4,2,1804,,0,9,-61.0451,-54.6119,21:04.0,FastGPS,-61.0451,-54.6119,,,6.5,0,,,,15,23,12938,,,,11,4620,,,,1,585,,,,17,5669,,,,19,3251,,,,18,19253,,,,31,23915,,,,22,1785,,,,3,11576,,,,,,,,,,,,,,,,,,,,,,,,,,,,,,,,,
180843,22-Aug-19,10:33:03,2019-08-22 10:33:03,G,10,2,1805,496,0,8,-61.0722,-54.6296,33:05.0,FastGPS,-61.0722,-54.6296,,,9.6,0,,,,15,9,18824,,,,6,11105,,,,31,27594,,,,19,23147,,,,25,16544,,,,23,21082,,,,3,9255,,,,17,22137,,,,,,,,,,,,,,,,,,,,,,,,,,,,,,,,,,,,,,
180843,22-Aug-19,11:43:11,2019-08-22 11:43:11,G,2,2,1806,496,0,6,-61.079,-54.6419,43:12.5,FastGPS,-61.079,-54.6419,,,10.1,-0.5,,,,15,6,2389,,,,9,21581,,,,26,19864,,,,2,14156,,,,23,16497,,,,16,15629,,,,,,,,,,,,,,,,,,,,,,,,,,,,,,,,,,,,,,,,,,,,,,,,
180843,22-Aug-19,12:51:02,2019-08-22 12:51:02,G,2,2,1807,,0,9,-61.0898,-54.633,51:04.0,FastGPS,-61.0898,-54.633,,,6.7,0,,,,15,29,24588,,,,7,31657,,,,9,20533,,,,5,4318,,,,2,3496,,,,23,611,,,,30,19013,,,,16,11630,,,,6,19713,,,,,,,,,,,,,,,,,,,,,,,,,,,,,,,,,
180843,22-Aug-19,13:52:05,2019-08-22 13:52:05,G,6,2,1808,496,0,7,-61.1025,-54.604,52:06.5,FastGPS,-61.1025,-54.604,,1,2.6,-0.5,,,,15,16,17849,,,,7,5753,,,,23,4011,,,,5,19355,,,,4,24860,,,,9,1375,,,,26,26589,,,,,,,,,,,,,,,,,,,,,,,,,,,,,,,,,,,,,,,,,,,
180843,22-Aug-19,15:00:30,2019-08-22 15:00:30,G,4,2,1809,496,0,8,-61.0861,-54.5596,00:31.5,FastGPS,-61.0861,-54.5596,,,10.7,-0.5,,,,15,8,29673,,,,7,28375,,,,5,21511,,,,9,31492,,,,30,20406,,,,28,29129,,,,13,26082,,,,27,16812,,,,,,,,,,,,,,,,,,,,,,,,,,,,,,,,,,,,,,
180843,22-Aug-19,16:00:00,2019-08-22 16:00:00,G,4,2,1810,496,0,7,-61.0718,-54.5157,00:01.5,FastGPS,-61.0718,-54.5157,,,6.6,-0.5,,,,15,8,9599,,,,15,25553,,,,7,7819,,,,13,25077,,,,5,27537,,,,27,22605,,,,30,15359,,,,,,,,,,,,,,,,,,,,,,,,,,,,,,,,,,,,,,,,,,,
180843,22-Aug-19,17:00:01,2019-08-22 17:00:01,G,6,2,1811,496,0,6,-61.0707,-54.4902,00:02.4,FastGPS,-61.0707,-54.4902,,,10.7,-0.6,,,,15,30,26038,,,,15,16023,,,,13,10307,,,,28,11628,,,,11,2851,,,,8,26514,,,,,,,,,,,,,,,,,,,,,,,,,,,,,,,,,,,,,,,,,,,,,,,,
180843,22-Aug-19,19:01:04,2019-08-22 19:01:04,G,4,2,1813,496,0,7,-61.0414,-54.4461,01:05.5,FastGPS,-61.0414,-54.4461,,,8.7,-0.5,,,,15,15,1281,,,,19,26575,,,,13,25734,,,,12,19273,,,,17,2040,,,,10,13572,,,,24,19398,,,,,,,,,,,,,,,,,,,,,,,,,,,,,,,,,,,,,,,,,,,
180843,22-Aug-19,20:01:06,2019-08-22 20:01:06,G,4,2,1814,496,0,7,-61.0278,-54.4325,01:07.9,FastGPS,-61.0278,-54.4325,,,7.1,-0.1,,,,15,12,27049,,,,17,12849,,,,24,8818,,,,32,1425,,,,6,29731,,,,19,29917,,,,15,13962,,,,,,,,,,,,,,,,,,,,,,,,,,,,,,,,,,,,,,,,,,,
180843,22-Aug-19,21:01:00,2019-08-22 21:01:00,G,2,2,1815,,0,9,-61.0146,-54.4337,01:01.5,FastGPS,-61.0146,-54.4337,,,11.1,-0.5,,,,15,17,18057,,,,32,24693,,,,25,15577,,,,19,4738,,,,12,10286,,,,6,26248,,,,22,9667,,,,14,9359,,,,24,30887,,,,,,,,,,,,,,,,,,,,,,,,,,,,,,,,,
180843,22-Aug-19,23:31:00,2019-08-22 23:31:00,G,4,2,1816,502,1,5,-61.0001,-54.4409,31:01.5,FastGPS,-61.0001,-54.4409,,,0.1,-0.5,,,,15,12,24133,,,,5,4432,,,,29,13366,,,,25,13331,,,,2,9302,,,,,,,,,,,,,,,,,,,,,,,,,,,,,,,,,,,,,,,,,,,,,,,,,,,,,
180843,23-Aug-19,0:31:00,2019-08-23 00:31:00,G,2,2,1817,502,1,5,-60.991,-54.4466,31:01.5,FastGPS,-60.991,-54.4466,,,12.8,-0.5,,,,15,31,701,,,,29,21553,,,,25,17946,,,,5,20211,,,,21,3255,,,,,,,,,,,,,,,,,,,,,,,,,,,,,,,,,,,,,,,,,,,,,,,,,,,,,
180843,23-Aug-19,1:31:00,2019-08-23 01:31:00,G,8,2,1818,502,1,4,-60.9724,-54.463,31:01.5,FastGPS,-60.9815,-54.4545,,,1,-0.5,,,,15,26,16463,,,,21,18838,,,,29,29412,,,,16,31563,,,,,,,,,,,,,,,,,,,,,,,,,,,,,,,,,,,,,,,,,,,,,,,,,,,,,,,,,,
180843,23-Aug-19,2:31:00,2019-08-23 02:31:00,G,14,2,1819,502,1,6,-60.9724,-54.463,31:01.5,FastGPS,-60.9724,-54.463,,1,5.7,-0.5,,,,15,27,10394,,,,20,18188,,,,26,26949,,,,21,11365,,,,29,23214,,,,4,26972,,,,,,,,,,,,,,,,,,,,,,,,,,,,,,,,,,,,,,,,,,,,,,,,
180843,23-Aug-19,9:28:35,2019-08-23 09:28:35,G,12,2,1820,502,0,5,-60.9272,-54.5076,28:37.0,FastGPS,-60.9272,-54.5076,,,1.7,0,,,,15,23,26201,,,,22,21609,,,,31,927,,,,3,21905,,,,1,25362,,,,,,,,,,,,,,,,,,,,,,,,,,,,,,,,,,,,,,,,,,,,,,,,,,,,,
180843,23-Aug-19,10:36:46,2019-08-23 10:36:46,G,10,2,1821,502,0,8,-60.9155,-54.539,36:46.5,FastGPS,-60.9155,-54.539,,,5.8,-1.5,,,,15,31,31201,,,,23,24602,,,,19,20167,,,,9,7161,,,,3,19009,,,,6,14379,,,,2,21429,,,,25,23099,,,,,,,,,,,,,,,,,,,,,,,,,,,,,,,,,,,,,,
180843,23-Aug-19,11:39:30,2019-08-23 11:39:30,G,8,2,1822,502,0,8,-60.9442,-54.5469,39:32.0,FastGPS,-60.9442,-54.5469,,,7.8,0,,,,15,7,25267,,,,6,22963,,,,23,5335,,,,22,26015,,,,16,6814,,,,9,11532,,,,3,28663,,,,2,2108,,,,,,,,,,,,,,,,,,,,,,,,,,,,,,,,,,,,,,
180843,23-Aug-19,12:40:51,2019-08-23 12:40:51,G,8,2,1823,,0,9,-60.9688,-54.5938,40:52.0,FastGPS,-60.9688,-54.5938,,,11.4,-1,,,,15,7,7173,,,,23,19950,,,,2,10623,,,,5,6633,,,,9,18255,,,,3,8077,,,,30,20315,,,,6,8900,,,,16,4574,,,,,,,,,,,,,,,,,,,,,,,,,,,,,,,,,
180843,23-Aug-19,13:42:09,2019-08-23 13:42:09,G,12,2,1824,502,0,6,-60.9732,-54.629,42:10.5,FastGPS,-60.9732,-54.629,,,8.4,-0.5,,,,15,5,20116,,,,9,32436,,,,7,17015,,,,30,10992,,,,23,16194,,,,16,13835,,,,,,,,,,,,,,,,,,,,,,,,,,,,,,,,,,,,,,,,,,,,,,,,
180843,23-Aug-19,14:42:24,2019-08-23 14:42:24,G,10,2,1825,502,0,5,-60.9954,-54.6842,42:26.0,FastGPS,-60.9954,-54.6842,,,2.2,0,,,,15,13,9103,,,,5,2369,,,,7,29444,,,,9,30977,,,,30,8641,,,,,,,,,,,,,,,,,,,,,,,,,,,,,,,,,,,,,,,,,,,,,,,,,,,,,
180843,23-Aug-19,15:42:31,2019-08-23 15:42:31,G,10,2,1826,502,0,7,-61.0041,-54.7472,42:31.5,FastGPS,-61.0041,-54.7472,,,13.7,-1.5,,,,15,5,21701,,,,7,8981,,,,15,19664,,,,13,8272,,,,28,17946,,,,30,13561,,,,8,15412,,,,,,,,,,,,,,,,,,,,,,,,,,,,,,,,,,,,,,,,,,,
180843,23-Aug-19,16:46:19,2019-08-23 16:46:19,G,6,2,1827,502,0,7,-61.0161,-54.8269,46:20.5,FastGPS,-61.0161,-54.8269,,,4.2,-0.5,,,,15,15,4729,,,,30,1879,,,,28,9622,,,,13,24306,,,,17,30692,,,,5,28822,,,,20,10010,,,,,,,,,,,,,,,,,,,,,,,,,,,,,,,,,,,,,,,,,,,
180843,23-Aug-19,17:47:58,2019-08-23 17:47:58,G,4,2,1828,502,0,7,-61.0112,-54.8899,48:00.0,FastGPS,-61.0112,-54.8899,,,6.7,0,,,,15,17,12868,,,,13,10130,,,,15,30313,,,,19,26118,,,,24,28159,,,,20,1724,,,,28,14886,,,,,,,,,,,,,,,,,,,,,,,,,,,,,,,,,,,,,,,,,,,
180843,23-Aug-19,18:55:32,2019-08-23 18:55:32,G,6,2,1829,,0,9,-61.0116,-54.8858,55:32.5,FastGPS,-61.0116,-54.8858,,,9.5,-1.5,,,,15,15,10980,,,,11,26750,,,,24,20613,,,,17,2735,,,,18,6390,,,,1,27971,,,,19,25994,,,,13,3710,,,,28,29376,,,,,,,,,,,,,,,,,,,,,,,,,,,,,,,,,
180843,23-Aug-19,19:57:26,2019-08-23 19:57:26,G,8,2,1830,502,0,6,-60.9965,-54.9213,57:27.5,FastGPS,-60.9965,-54.9213,,,4.5,-0.5,,,,15,12,9025,,,,24,20961,,,,6,7953,,,,19,6853,,,,17,21042,,,,32,15050,,,,,,,,,,,,,,,,,,,,,,,,,,,,,,,,,,,,,,,,,,,,,,,,
180843,23-Aug-19,21:00:50,2019-08-23 21:00:50,G,6,2,1831,502,0,7,-60.9915,-54.9519,00:51.5,FastGPS,-60.9915,-54.9519,,,10.6,-0.5,,,,15,6,14058,,,,17,14201,,,,2,23176,,,,12,32203,,,,19,7597,,,,25,16596,,,,24,3949,,,,,,,,,,,,,,,,,,,,,,,,,,,,,,,,,,,,,,,,,,,
180843,23-Aug-19,22:01:00,2019-08-23 22:01:00,G,4,2,1832,502,1,5,-60.985,-54.9725,01:01.5,FastGPS,-60.985,-54.9725,,,14.8,-0.5,,,,15,31,9763,,,,6,25189,,,,25,19699,,,,14,19186,,,,19,541,,,,,,,,,,,,,,,,,,,,,,,,,,,,,,,,,,,,,,,,,,,,,,,,,,,,,
180843,23-Aug-19,23:01:00,2019-08-23 23:01:00,G,2,2,1833,502,1,5,-60.9865,-54.9692,01:00.5,FastGPS,-60.9865,-54.9692,,,7.9,-1.5,,,,15,31,10530,,,,6,15568,,,,2,3059,,,,29,5911,,,,25,20490,,,,,,,,,,,,,,,,,,,,,,,,,,,,,,,,,,,,,,,,,,,,,,,,,,,,,
180843,24-Aug-19,0:31:00,2019-08-24 00:31:00,G,12,2,1834,504,1,4,-60.9646,-54.476,8/23/2019 3:29,MC,,,,,,,,,,15,31,10769,,,,26,31486,,,,29,6545,,,,14,15011,,,,,,,,,,,,,,,,,,,,,,,,,,,,,,,,,,,,,,,,,,,,,,,,,,,,,,,,,,
180843,24-Aug-19,1:31:00,2019-08-24 01:31:00,G,16,2,1835,504,1,4,-60.9903,-54.955,16:01.5,FastGPS,,,,,,,,,,15,16,9462,,,,5,32638,,,,26,15501,,,,4,30308,,,,,,,,,,,,,,,,,,,,,,,,,,,,,,,,,,,,,,,,,,,,,,,,,,,,,,,,,,
180843,24-Aug-19,4:16:00,2019-08-24 04:16:00,G,14,2,1836,511,1,6,-60.9903,-54.955,16:01.5,FastGPS,-60.9903,-54.955,,1,4.9,-0.5,,,,15,27,10249,,,,8,15040,,,,4,3417,,,,10,24000,,,,13,24510,,,,16,406,,,,,,,,,,,,,,,,,,,,,,,,,,,,,,,,,,,,,,,,,,,,,,,,
180843,25-Aug-19,9:02:52,2019-08-25 09:02:52,G,18,2,1837,511,0,7,-61.0251,-55.1024,8/25/2019 9:02,FastGPS,-61.0251,-55.1024,,,6.7,-1,,,,15,17,10083,,,,1,9933,,,,3,27824,,,,22,29012,,,,18,2532,,,,23,11891,,,,31,4563,,,,,,,,,,,,,,,,,,,,,,,,,,,,,,,,,,,,,,,,,,,
180843,25-Aug-19,10:09:12,2019-08-25 10:09:12,G,10,2,1838,,0,9,-61.0318,-55.1392,09:12.5,FastGPS,-61.0318,-55.1392,,,17.5,-1.5,,,,15,3,13535,,,,22,7561,,,,23,18384,,,,9,28993,,,,6,7589,,,,31,3696,,,,1,8723,,,,17,31619,,,,19,14924,,,,,,,,,,,,,,,,,,,,,,,,,,,,,,,,,
180843,25-Aug-19,11:11:11,2019-08-25 11:11:11,G,12,2,1839,,0,9,-61.0333,-55.2031,11:11.5,FastGPS,-61.0333,-55.2031,,,11.7,-1.5,,,,15,22,19181,,,,3,32620,,,,23,17111,,,,16,26849,,,,9,23518,,,,6,10204,,,,26,5275,,,,7,16008,,,,2,17752,,,,,,,,,,,,,,,,,,,,,,,,,,,,,,,,,
180843,25-Aug-19,12:14:30,2019-08-25 12:14:30,G,12,2,1840,511,0,8,-61.0296,-55.2844,14:31.0,FastGPS,-61.0296,-55.2844,,,10,-1,,,,15,7,14941,,,,23,25199,,,,6,28346,,,,16,26733,,,,9,26794,,,,3,11347,,,,2,15848,,,,26,17903,,,,,,,,,,,,,,,,,,,,,,,,,,,,,,,,,,,,,,
180843,25-Aug-19,13:15:18,2019-08-25 13:15:18,G,10,2,1841,511,0,6,-61.0304,-55.3704,15:18.5,FastGPS,-61.0304,-55.3704,,,10.6,-1.5,,,,15,7,7521,,,,9,21836,,,,2,8888,,,,23,18992,,,,5,18653,,,,30,24310,,,,,,,,,,,,,,,,,,,,,,,,,,,,,,,,,,,,,,,,,,,,,,,,
180843,25-Aug-19,14:19:53,2019-08-25 14:19:53,G,8,2,1842,511,0,5,-61.0461,-55.4663,19:54.0,FastGPS,-61.0461,-55.4663,,,0.9,-1,,,,15,30,16578,,,,7,16537,,,,9,18803,,,,13,19753,,,,5,3120,,,,,,,,,,,,,,,,,,,,,,,,,,,,,,,,,,,,,,,,,,,,,,,,,,,,,
180843,25-Aug-19,15:21:31,2019-08-25 15:21:31,G,12,2,1843,511,0,8,-61.0621,-55.5436,21:31.5,FastGPS,-61.0621,-55.5436,,,7.9,-1.5,,,,15,5,23856,,,,7,16186,,,,9,25879,,,,28,21673,,,,30,18346,,,,13,4358,,,,15,31550,,,,8,24988,,,,,,,,,,,,,,,,,,,,,,,,,,,,,,,,,,,,,,
180843,25-Aug-19,16:21:23,2019-08-25 16:21:23,G,10,2,1844,511,0,7,-61.0506,-55.6018,21:23.6,FastGPS,-61.0506,-55.6018,,,4.5,-1.4,,,,15,15,2472,,,,28,18073,,,,30,25535,,,,5,16868,,,,13,29857,,,,7,4617,,,,20,21813,,,,,,,,,,,,,,,,,,,,,,,,,,,,,,,,,,,,,,,,,,,
180843,25-Aug-19,17:22:29,2019-08-25 17:22:29,G,10,2,1845,511,0,7,-61.0308,-55.6503,22:29.5,FastGPS,-61.0308,-55.6503,,,8.2,-1.5,,,,15,17,29590,,,,15,24853,,,,13,18127,,,,19,10284,,,,28,32421,,,,30,7055,,,,24,23320,,,,,,,,,,,,,,,,,,,,,,,,,,,,,,,,,,,,,,,,,,,
180843,25-Aug-19,18:22:08,2019-08-25 18:22:08,G,8,2,1846,,0,9,-61.0369,-55.7113,22:08.5,FastGPS,-61.0369,-55.7113,,,8.9,-1.5,,,,15,15,16683,,,,12,16393,,,,24,20504,,,,11,26705,,,,18,18450,,,,13,20889,,,,10,1279,,,,19,22163,,,,17,23080,,,,,,,,,,,,,,,,,,,,,,,,,,,,,,,,,
180843,25-Aug-19,19:22:06,2019-08-25 19:22:06,G,8,2,1847,511,0,7,-61.0274,-55.7207,22:07.0,FastGPS,-61.0274,-55.7207,,,4.6,-1,,,,15,12,30203,,,,24,19930,,,,32,19292,,,,15,21175,,,,1,17872,,,,17,5421,,,,28,30605,,,,,,,,,,,,,,,,,,,,,,,,,,,,,,,,,,,,,,,,,,,
180843,25-Aug-19,22:29:58,2019-08-25 22:29:58,G,6,2,1848,511,0,4,-61.057,-55.7024,08:01.5,FastGPS,-61.0251,-55.724,,,0.3,-0.2,,,,15,31,22793,,,,29,21319,,,,25,1542,,,,6,17327,,,,,,,,,,,,,,,,,,,,,,,,,,,,,,,,,,,,,,,,,,,,,,,,,,,,,,,,,,
180843,26-Aug-19,0:08:12,2019-08-26 00:08:12,G,6,2,1849,511,0,5,-61.0502,-55.7119,08:14.2,FastGPS,-61.0502,-55.7119,,,10.5,0.2,,,,15,29,9458,,,,25,6012,,,,31,21940,,,,5,16385,,,,12,6746,,,,,,,,,,,,,,,,,,,,,,,,,,,,,,,,,,,,,,,,,,,,,,,,,,,,,
180843,26-Aug-19,1:08:00,2019-08-26 01:08:00,G,10,2,1850,511,1,5,-61.0698,-55.677,08:01.5,FastGPS,-61.057,-55.7024,,1,0.1,-0.5,,,,15,21,26976,,,,26,27230,,,,4,23491,,,,5,4999,,,,29,1279,,,,,,,,,,,,,,,,,,,,,,,,,,,,,,,,,,,,,,,,,,,,,,,,,,,,,
180843,26-Aug-19,2:08:00,2019-08-26 02:08:00,G,16,2,1851,511,1,4,-61.0698,-55.677,08:01.5,FastGPS,,,,,,,,,,15,4,27521,,,,16,22097,,,,21,30079,,,,26,21405,,,,,,,,,,,,,,,,,,,,,,,,,,,,,,,,,,,,,,,,,,,,,,,,,,,,,,,,,,
180843,26-Aug-19,3:08:00,2019-08-26 03:08:00,G,10,2,1852,511,1,5,-61.0784,-55.6637,8/26/2019 4:11,MC,-61.0698,-55.677,,1,1.6,-0.5,,,,15,4,245,,,,27,29341,,,,20,9283,,,,21,31068,,,,16,27106,,,,,,,,,,,,,,,,,,,,,,,,,,,,,,,,,,,,,,,,,,,,,,,,,,,,,
180843,26-Aug-19,5:23:00,2019-08-26 05:23:00,G,12,2,1853,516,1,5,-61.0776,-55.639,23:00.6,FastGPS,-61.0776,-55.639,,,0.9,-1.4,,,,15,27,31730,,,,8,27380,,,,11,21675,,,,18,23893,,,,32,22847,,,,,,,,,,,,,,,,,,,,,,,,,,,,,,,,,,,,,,,,,,,,,,,,,,,,,
180843,26-Aug-19,6:23:00,2019-08-26 06:23:00,G,16,2,1854,516,1,4,-61.057,-55.7024,08:01.5,FastGPS,-61.0631,-55.636,,,0.8,0,,,,15,8,26334,,,,18,26232,,,,11,31886,,,,32,27164,,,,,,,,,,,,,,,,,,,,,,,,,,,,,,,,,,,,,,,,,,,,,,,,,,,,,,,,,,
180843,26-Aug-19,7:23:00,2019-08-26 07:23:00,G,10,2,1855,,1,9,-61.0775,-55.5998,23:01.6,FastGPS,-61.0775,-55.5998,,,8.3,-0.5,,,,15,17,4751,,,,32,32711,,,,10,8502,,,,22,4397,,,,31,9936,,,,19,22594,,,,11,22637,,,,3,450,,,,1,2966,,,,,,,,,,,,,,,,,,,,,,,,,,,,,,,,,
180843,26-Aug-19,8:27:35,2019-08-26 08:27:35,G,8,2,1856,,0,9,-61.0724,-55.5834,27:36.1,FastGPS,-61.0724,-55.5834,,,14.6,-0.9,,,,15,31,6651,,,,18,28849,,,,17,13626,,,,1,22857,,,,11,9748,,,,14,22258,,,,3,6444,,,,22,30536,,,,32,6060,,,,,,,,,,,,,,,,,,,,,,,,,,,,,,,,,
180843,26-Aug-19,9:27:00,2019-08-26 09:27:00,G,6,2,1857,516,0,7,-61.0612,-55.6249,27:01.5,FastGPS,-61.0612,-55.6249,,,11.2,-0.5,,,,15,1,4449,,,,3,17446,,,,23,24006,,,,31,21137,,,,12,8201,,,,22,25005,,,,6,7181,,,,,,,,,,,,,,,,,,,,,,,,,,,,,,,,,,,,,,,,,,,
180843,26-Aug-19,10:32:55,2019-08-26 10:32:55,G,8,2,1858,516,0,4,-61.057,-55.7024,08:01.5,FastGPS,-61.0682,-55.6545,,,0.5,-1,,,,15,23,11763,,,,3,7125,,,,6,7124,,,,22,12728,,,,,,,,,,,,,,,,,,,,,,,,,,,,,,,,,,,,,,,,,,,,,,,,,,,,,,,,,,
180843,26-Aug-19,21:14:48,2019-08-26 21:14:48,G,10,2,1859,516,0,7,-61.058,-55.6549,14:50.0,FastGPS,-61.058,-55.6549,,,17.1,0,,,,15,12,565,,,,25,30460,,,,24,30312,,,,19,1110,,,,2,25365,,,,14,32063,,,,6,17941,,,,,,,,,,,,,,,,,,,,,,,,,,,,,,,,,,,,,,,,,,,
180843,27-Aug-19,2:19:53,2019-08-27 02:19:53,G,6,2,1860,,0,9,-61.0825,-55.7412,19:55.0,FastGPS,-61.0825,-55.7412,,1,13.6,0,,,,15,29,23707,,,,15,19830,,,,16,29931,,,,26,12613,,,,13,31700,,,,5,19643,,,,20,1664,,,,4,13934,,,,7,24024,,,,,,,,,,,,,,,,,,,,,,,,,,,,,,,,,
180843,27-Aug-19,3:20:00,2019-08-27 03:20:00,G,10,2,1861,517,1,5,-61.1064,-55.7415,8/27/2019 3:50,MC,-61.0996,-55.7429,,1,0.9,-0.4,,,,15,13,16647,,,,21,26025,,,,27,425,,,,20,32730,,,,4,17958,,,,,,,,,,,,,,,,,,,,,,,,,,,,,,,,,,,,,,,,,,,,,,,,,,,,,
180843,27-Aug-19,4:20:00,2019-08-27 04:20:00,G,16,2,1862,517,1,4,-61.1064,-55.7415,8/27/2019 3:50,MC,,,,,,,,,,15,10,25750,,,,15,1212,,,,4,20334,,,,27,16920,,,,,,,,,,,,,,,,,,,,,,,,,,,,,,,,,,,,,,,,,,,,,,,,,,,,,,,,,,
180843,27-Aug-19,5:20:00,2019-08-27 05:20:00,G,10,2,1863,517,1,7,-61.1266,-55.7327,20:00.6,FastGPS,-61.1266,-55.7327,,1,9.8,-1.4,,,,15,32,25681,,,,15,25534,,,,24,30433,,,,10,20225,,,,27,26771,,,,20,4045,,,,4,27084,,,,,,,,,,,,,,,,,,,,,,,,,,,,,,,,,,,,,,,,,,,
180843,27-Aug-19,9:08:33,2019-08-27 09:08:33,G,12,2,1864,,0,9,-61.1459,-55.724,08:34.1,FastGPS,-61.1459,-55.724,,,5.6,-0.9,,,,15,14,210,,,,31,14740,,,,18,2872,,,,22,13847,,,,1,26208,,,,25,6161,,,,32,26017,,,,11,26480,,,,12,31692,,,,,,,,,,,,,,,,,,,,,,,,,,,,,,,,,
180843,27-Aug-19,11:23:00,2019-08-27 11:23:00,G,10,2,1865,519,0,5,-61.1488,-55.7232,23:01.6,FastGPS,-61.1488,-55.7232,,,5.8,-0.4,,,,15,23,19925,,,,6,11299,,,,9,30606,,,,3,8335,,,,7,6930,,,,,,,,,,,,,,,,,,,,,,,,,,,,,,,,,,,,,,,,,,,,,,,,,,,,,
180843,27-Aug-19,12:40:28,2019-08-27 12:40:28,G,14,2,1866,519,0,8,-61.1637,-55.7444,40:29.0,FastGPS,-61.1637,-55.7444,,,8.2,-1,,,,15,23,7532,,,,9,29622,,,,7,13778,,,,30,15123,,,,2,2638,,,,6,29474,,,,16,23530,,,,5,30020,,,,,,,,,,,,,,,,,,,,,,,,,,,,,,,,,,,,,,
180843,27-Aug-19,13:45:11,2019-08-27 13:45:11,G,14,2,1867,519,0,7,-61.1787,-55.7545,45:12.6,FastGPS,-61.1787,-55.7545,,1,14,-0.4,,,,15,7,16998,,,,30,412,,,,16,15359,,,,27,15218,,,,4,16486,,,,9,29479,,,,5,24865,,,,,,,,,,,,,,,,,,,,,,,,,,,,,,,,,,,,,,,,,,,
180843,27-Aug-19,15:02:56,2019-08-27 15:02:56,G,16,2,1868,519,0,8,-61.1969,-55.7629,02:57.1,FastGPS,-61.1969,-55.7629,,1,15.1,-0.9,,,,15,5,22426,,,,13,12988,,,,21,28470,,,,30,27939,,,,15,28619,,,,7,24776,,,,28,10263,,,,4,30414,,,,,,,,,,,,,,,,,,,,,,,,,,,,,,,,,,,,,,
180843,27-Aug-19,16:59:21,2019-08-27 16:59:21,G,8,2,1869,519,0,7,-61.2141,-55.7318,59:22.6,FastGPS,-61.2141,-55.7318,,,8.3,-0.5,,,,15,15,19763,,,,13,21585,,,,11,19039,,,,8,21921,,,,30,11423,,,,18,375,,,,28,16192,,,,,,,,,,,,,,,,,,,,,,,,,,,,,,,,,,,,,,,,,,,
180843,27-Aug-19,22:23:38,2019-08-27 22:23:38,G,14,2,1870,519,0,7,-61.2314,-55.6746,23:39.0,FastGPS,-61.2314,-55.6746,,,10.8,-1,,,,15,29,26118,,,,12,20026,,,,31,27984,,,,2,24922,,,,5,11926,,,,6,12452,,,,25,2297,,,,,,,,,,,,,,,,,,,,,,,,,,,,,,,,,,,,,,,,,,,
180843,27-Aug-19,23:23:00,2019-08-27 23:23:00,G,10,2,1871,519,1,5,-61.2298,-55.6744,23:01.5,FastGPS,-61.2298,-55.6744,,,6.8,-0.5,,,,15,31,25567,,,,29,23254,,,,26,12664,,,,23,27940,,,,25,11779,,,,,,,,,,,,,,,,,,,,,,,,,,,,,,,,,,,,,,,,,,,,,,,,,,,,,
180843,28-Aug-19,0:23:00,2019-08-28 00:23:00,G,6,2,1872,519,1,4,-61.1064,-55.7415,8/27/2019 3:50,MC,-61.2327,-55.6464,,,48.6,-0.7,,,,15,26,26889,,,,31,18528,,,,21,23606,,,,16,3818,,,,,,,,,,,,,,,,,,,,,,,,,,,,,,,,,,,,,,,,,,,,,,,,,,,,,,,,,,
180843,28-Aug-19,1:23:00,2019-08-28 01:23:00,G,8,2,1873,519,1,4,-61.1064,-55.7415,8/27/2019 3:50,MC,,,,,,,,,,15,16,342,,,,26,13172,,,,21,21847,,,,4,32456,,,,,,,,,,,,,,,,,,,,,,,,,,,,,,,,,,,,,,,,,,,,,,,,,,,,,,,,,,
180843,28-Aug-19,2:23:00,2019-08-28 02:23:00,G,8,2,1874,519,1,7,-61.2405,-55.6569,23:01.6,FastGPS,-61.2405,-55.6569,,1,19.6,-0.4,,,,15,7,134,,,,16,424,,,,26,26226,,,,4,7163,,,,21,19210,,,,27,763,,,,20,29986,,,,,,,,,,,,,,,,,,,,,,,,,,,,,,,,,,,,,,,,,,,
180843,28-Aug-19,8:45:32,2019-08-28 08:45:32,G,4,2,1875,,0,9,-61.1904,-55.5674,45:33.1,FastGPS,-61.1904,-55.5674,,,8.3,-0.9,,,,15,31,19417,,,,23,14312,,,,32,12434,,,,18,14348,,,,14,1143,,,,11,32734,,,,1,16135,,,,3,13368,,,,22,23430,,,,,,,,,,,,,,,,,,,,,,,,,,,,,,,,,
180843,28-Aug-19,9:45:17,2019-08-28 09:45:17,G,2,2,1876,519,0,8,-61.1652,-55.6042,45:18.6,FastGPS,-61.1652,-55.6042,,,19.9,-0.4,,,,15,31,12917,,,,1,23748,,,,14,20146,,,,3,17880,,,,23,15127,,,,22,2246,,,,17,11096,,,,26,28165,,,,,,,,,,,,,,,,,,,,,,,,,,,,,,,,,,,,,,
180843,28-Aug-19,10:49:14,2019-08-28 10:49:14,G,2,2,1877,519,0,5,-61.1594,-55.576,49:14.6,FastGPS,-61.1594,-55.576,,,5.9,-1.4,,,,15,31,4517,,,,6,28960,,,,23,32720,,,,2,3354,,,,3,12286,,,,,,,,,,,,,,,,,,,,,,,,,,,,,,,,,,,,,,,,,,,,,,,,,,,,,
180843,28-Aug-19,17:02:48,2019-08-28 17:02:48,G,6,2,1878,520,0,5,-61.2554,-55.6582,02:49.1,FastGPS,-61.2554,-55.6582,,,0.9,-0.9,,,,15,15,5668,,,,28,24382,,,,17,13505,,,,13,18771,,,,30,24752,,,,,,,,,,,,,,,,,,,,,,,,,,,,,,,,,,,,,,,,,,,,,,,,,,,,,
180843,28-Aug-19,23:23:42,2019-08-28 23:23:42,G,6,2,1879,522,0,5,-61.1569,-55.778,23:43.1,FastGPS,-61.1569,-55.778,,,2.5,-0.9,,,,15,5,27274,,,,12,15484,,,,2,31893,,,,25,21374,,,,29,15993,,,,,,,,,,,,,,,,,,,,,,,,,,,,,,,,,,,,,,,,,,,,,,,,,,,,,
180843,29-Aug-19,0:24:00,2019-08-29 00:24:00,G,8,2,1880,522,0,6,-61.1286,-55.7745,24:00.6,FastGPS,-61.1286,-55.7745,,,10.9,-1.4,,,,15,5,19544,,,,21,19020,,,,31,3215,,,,25,1308,,,,29,28677,,,,26,9072,,,,,,,,,,,,,,,,,,,,,,,,,,,,,,,,,,,,,,,,,,,,,,,,
180843,29-Aug-19,1:24:04,2019-08-29 01:24:04,G,10,2,1881,522,0,4,-61.0618,-55.7453,00:32.5,FastGPS,-61.1245,-55.7866,,,0.3,-1.4,,,,15,5,28374,,,,29,27117,,,,21,4129,,,,20,10163,,,,,,,,,,,,,,,,,,,,,,,,,,,,,,,,,,,,,,,,,,,,,,,,,,,,,,,,,,
180843,29-Aug-19,2:27:16,2019-08-29 02:27:16,G,10,2,1882,522,0,7,-61.1183,-55.7837,27:16.6,FastGPS,-61.1183,-55.7837,,,15.1,-1.4,,,,15,20,2125,,,,29,30486,,,,15,11965,,,,10,14268,,,,26,8110,,,,21,28147,,,,27,7239,,,,,,,,,,,,,,,,,,,,,,,,,,,,,,,,,,,,,,,,,,,
180843,29-Aug-19,3:27:00,2019-08-29 03:27:00,G,6,2,1883,,0,9,-61.1178,-55.7853,27:00.6,FastGPS,-61.1178,-55.7853,,1,9.7,-1.4,,,,15,15,29871,,,,10,17207,,,,16,24117,,,,21,9369,,,,20,8643,,,,4,21469,,,,26,30271,,,,27,22961,,,,8,20875,,,,,,,,,,,,,,,,,,,,,,,,,,,,,,,,,
180843,29-Aug-19,4:27:00,2019-08-29 04:27:00,G,8,2,1884,522,0,8,-61.1287,-55.798,27:00.6,FastGPS,-61.1287,-55.798,,1,10.4,-1.4,,,,15,21,2950,,,,15,17163,,,,18,23826,,,,10,21711,,,,32,12229,,,,20,13396,,,,8,29282,,,,4,722,,,,,,,,,,,,,,,,,,,,,,,,,,,,,,,,,,,,,,
180843,29-Aug-19,5:27:00,2019-08-29 05:27:00,G,4,2,1885,522,0,8,-61.1312,-55.808,27:01.1,FastGPS,-61.1312,-55.808,,1,5.5,-0.9,,,,15,32,32190,,,,27,20452,,,,11,20836,,,,4,9378,,,,18,20684,,,,1,10618,,,,8,2918,,,,14,31533,,,,,,,,,,,,,,,,,,,,,,,,,,,,,,,,,,,,,,
180843,29-Aug-19,6:28:59,2019-08-29 06:28:59,G,4,2,1886,522,0,4,-61.0618,-55.7453,00:32.5,FastGPS,-61.1064,-55.8544,,,18.2,-2.5,,,,15,10,1420,,,,32,24512,,,,14,15976,,,,24,20808,,,,,,,,,,,,,,,,,,,,,,,,,,,,,,,,,,,,,,,,,,,,,,,,,,,,,,,,,,
180843,29-Aug-19,7:35:09,2019-08-29 07:35:09,G,2,2,1887,,0,9,-61.077,-55.806,35:09.6,FastGPS,-61.077,-55.806,,,12.5,-1.4,,,,15,32,19070,,,,22,10675,,,,31,13187,,,,1,28490,,,,14,18255,,,,17,13779,,,,3,29506,,,,11,27414,,,,10,26628,,,,,,,,,,,,,,,,,,,,,,,,,,,,,,,,,
180843,29-Aug-19,8:35:10,2019-08-29 08:35:10,G,6,2,1888,,0,9,-61.0844,-55.7933,35:10.6,FastGPS,-61.0844,-55.7933,,,11.7,-1.4,,,,15,31,13539,,,,23,26559,,,,17,29499,,,,18,14403,,,,22,31380,,,,11,32082,,,,19,24621,,,,1,7488,,,,14,26995,,,,,,,,,,,,,,,,,,,,,,,,,,,,,,,,,
180843,29-Aug-19,9:38:27,2019-08-29 09:38:27,G,6,2,1889,522,0,6,-61.0757,-55.7722,38:27.6,FastGPS,-61.0757,-55.7722,,,15.7,-1.4,,,,15,31,3578,,,,3,8517,,,,6,18205,,,,22,31366,,,,19,3142,,,,26,5585,,,,,,,,,,,,,,,,,,,,,,,,,,,,,,,,,,,,,,,,,,,,,,,,
180843,29-Aug-19,11:26:58,2019-08-29 11:26:58,G,6,2,1890,524,0,6,-61.0573,-55.7111,26:58.6,FastGPS,-61.0573,-55.7111,,,6.5,-1.4,,,,15,9,26863,,,,7,6737,,,,2,11958,,,,23,5944,,,,6,25418,,,,16,24452,,,,,,,,,,,,,,,,,,,,,,,,,,,,,,,,,,,,,,,,,,,,,,,,
180843,29-Aug-19,13:00:32,2019-08-29 13:00:32,G,8,2,1891,524,0,4,-61.0712,-55.743,42:14.6,FastGPS,-61.0618,-55.7453,,,0.6,-1.5,,,,15,5,24788,,,,7,10781,,,,9,18039,,,,16,26760,,,,,,,,,,,,,,,,,,,,,,,,,,,,,,,,,,,,,,,,,,,,,,,,,,,,,,,,,,
180843,29-Aug-19,15:16:07,2019-08-29 15:16:07,G,4,2,1892,525,0,5,-61.0679,-55.7507,16:08.1,FastGPS,-61.0679,-55.7507,,,1.9,-0.9,,,,15,5,373,,,,30,15641,,,,7,13997,,,,13,8687,,,,28,9952,,,,,,,,,,,,,,,,,,,,,,,,,,,,,,,,,,,,,,,,,,,,,,,,,,,,,
180843,29-Aug-19,16:42:14,2019-08-29 16:42:14,G,4,2,1893,526,0,4,-61.0083,-55.7499,33:04.6,FastGPS,-61.0712,-55.743,,,0.9,-1.4,,,,15,15,3647,,,,13,31937,,,,28,13138,,,,30,11929,,,,,,,,,,,,,,,,,,,,,,,,,,,,,,,,,,,,,,,,,,,,,,,,,,,,,,,,,,
180843,29-Aug-19,17:44:32,2019-08-29 17:44:32,G,10,2,1894,526,0,7,-61.0593,-55.7376,44:33.1,FastGPS,-61.0593,-55.7376,,,3.9,-0.9,,,,15,28,26173,,,,17,22648,,,,19,8175,,,,15,14695,,,,13,2125,,,,10,6794,,,,11,27884,,,,,,,,,,,,,,,,,,,,,,,,,,,,,,,,,,,,,,,,,,,
180843,29-Aug-19,19:28:33,2019-08-29 19:28:33,G,14,2,1895,526,0,5,-61.0309,-55.7345,28:34.0,FastGPS,-61.0309,-55.7345,,,2.7,-1,,,,15,12,29558,,,,24,19169,,,,17,22771,,,,19,3163,,,,32,6067,,,,,,,,,,,,,,,,,,,,,,,,,,,,,,,,,,,,,,,,,,,,,,,,,,,,,
180843,29-Aug-19,20:33:04,2019-08-29 20:33:04,G,12,2,1896,526,0,4,-60.9416,-55.8341,33:00.6,FastGPS,-61.0083,-55.7499,,,1.7,-1.4,,,,15,12,4826,,,,6,12780,,,,24,21442,,,,19,20978,,,,,,,,,,,,,,,,,,,,,,,,,,,,,,,,,,,,,,,,,,,,,,,,,,,,,,,,,,
180843,29-Aug-19,21:33:00,2019-08-29 21:33:00,G,12,2,1897,526,0,6,-60.984,-55.7664,33:00.6,FastGPS,-60.984,-55.7664,,,9.9,-1.4,,,,15,12,31138,,,,31,15486,,,,25,30410,,,,14,13731,,,,2,15210,,,,24,15323,,,,,,,,,,,,,,,,,,,,,,,,,,,,,,,,,,,,,,,,,,,,,,,,
180843,29-Aug-19,22:33:00,2019-08-29 22:33:00,G,16,2,1898,526,0,8,-60.955,-55.7988,33:00.6,FastGPS,-60.955,-55.7988,,1,14.6,-1.4,,,,15,31,18895,,,,29,8087,,,,12,24381,,,,23,9979,,,,2,14129,,,,25,31606,,,,6,2144,,,,14,23569,,,,,,,,,,,,,,,,,,,,,,,,,,,,,,,,,,,,,,
180843,29-Aug-19,23:33:00,2019-08-29 23:33:00,G,10,2,1899,526,1,4,-60.9324,-55.8701,33:01.1,FastGPS,-60.9416,-55.8341,,,1.8,-1.4,,,,15,29,217,,,,23,29969,,,,26,11348,,,,31,26925,,,,,,,,,,,,,,,,,,,,,,,,,,,,,,,,,,,,,,,,,,,,,,,,,,,,,,,,,,
180843,30-Aug-19,0:33:00,2019-08-30 00:33:00,G,4,2,1900,,1,9,-60.9324,-55.8701,33:01.1,FastGPS,-60.9324,-55.8701,,,5.4,-0.9,,,,15,26,16636,,,,29,22100,,,,5,32585,,,,16,26929,,,,21,29330,,,,2,1020,,,,31,31949,,,,25,23893,,,,9,19629,,,,,,,,,,,,,,,,,,,,,,,,,,,,,,,,,
180843,30-Aug-19,10:43:42,2019-08-30 10:43:42,G,4,2,1901,526,0,6,-60.9171,-55.9837,43:44.0,FastGPS,-60.9171,-55.9837,,,1.3,0,,,,15,31,18643,,,,9,16345,,,,6,24860,,,,2,6170,,,,23,28041,,,,16,5981,,,,,,,,,,,,,,,,,,,,,,,,,,,,,,,,,,,,,,,,,,,,,,,,
180843,30-Aug-19,11:45:44,2019-08-30 11:45:44,G,6,2,1902,526,0,8,-60.9389,-55.9483,45:45.6,FastGPS,-60.9389,-55.9483,,,9.6,-0.4,,,,15,29,19230,,,,9,19982,,,,23,14015,,,,3,17559,,,,7,11338,,,,26,21135,,,,2,20166,,,,16,7208,,,,,,,,,,,,,,,,,,,,,,,,,,,,,,,,,,,,,,
180843,30-Aug-19,12:47:27,2019-08-30 12:47:27,G,8,2,1903,526,0,6,-60.9417,-55.9146,47:28.1,FastGPS,-60.9417,-55.9146,,,11,-0.9,,,,15,7,2431,,,,2,15169,,,,5,3356,,,,9,9512,,,,30,4369,,,,26,25150,,,,,,,,,,,,,,,,,,,,,,,,,,,,,,,,,,,,,,,,,,,,,,,,
180843,30-Aug-19,15:28:04,2019-08-30 15:28:04,G,8,2,1904,529,0,4,-60.9472,-55.9198,8/30/2019 4:26,MC,-61.0457,-55.7807,,,2.1,0.1,,,,15,30,5503,,,,5,24295,,,,28,19953,,,,13,23861,,,,,,,,,,,,,,,,,,,,,,,,,,,,,,,,,,,,,,,,,,,,,,,,,,,,,,,,,,
180843,30-Aug-19,16:28:04,2019-08-30 16:28:04,G,12,2,1905,,0,9,-61.0502,-55.774,28:05.6,FastGPS,-61.0502,-55.774,,,11.4,-0.4,,,,15,15,225,,,,30,31963,,,,7,31989,,,,20,28745,,,,8,28404,,,,17,20008,,,,11,9172,,,,13,24010,,,,28,22543,,,,,,,,,,,,,,,,,,,,,,,,,,,,,,,,,
180843,30-Aug-19,17:29:26,2019-08-30 17:29:26,G,8,2,1906,,0,9,-61.0694,-55.7574,29:27.6,FastGPS,-61.0694,-55.7574,,,1.6,-0.4,,,,15,15,23341,,,,11,6498,,,,17,14443,,,,24,32725,,,,30,17185,,,,20,18101,,,,10,1802,,,,19,28523,,,,13,6264,,,,,,,,,,,,,,,,,,,,,,,,,,,,,,,,,
180843,30-Aug-19,18:29:00,2019-08-30 18:29:00,G,2,2,1907,529,0,7,-61.0716,-55.7423,29:00.6,FastGPS,-61.0716,-55.7423,,,8.5,-1.4,,,,15,28,21868,,,,24,32436,,,,17,6937,,,,10,25243,,,,19,518,,,,15,12084,,,,1,28383,,,,,,,,,,,,,,,,,,,,,,,,,,,,,,,,,,,,,,,,,,,
180843,30-Aug-19,19:30:56,2019-08-30 19:30:56,G,8,2,1908,529,0,6,-61.0639,-55.7311,30:57.1,FastGPS,-61.0639,-55.7311,,,15.3,-0.9,,,,15,17,21885,,,,6,23092,,,,12,30486,,,,32,1962,,,,19,13744,,,,24,32117,,,,,,,,,,,,,,,,,,,,,,,,,,,,,,,,,,,,,,,,,,,,,,,,
180843,30-Aug-19,20:36:23,2019-08-30 20:36:23,G,2,2,1909,529,0,6,-61.0537,-55.7212,36:24.6,FastGPS,-61.0537,-55.7212,,,11.6,-0.4,,,,15,6,24826,,,,32,15432,,,,12,13355,,,,25,11301,,,,2,15214,,,,24,32681,,,,,,,,,,,,,,,,,,,,,,,,,,,,,,,,,,,,,,,,,,,,,,,,
180843,30-Aug-19,22:39:51,2019-08-30 22:39:51,G,2,2,1911,529,0,6,-60.9918,-55.805,39:52.1,FastGPS,-60.9918,-55.805,,,10.5,-0.9,,,,15,12,22617,,,,2,6846,,,,29,8342,,,,25,31603,,,,31,3260,,,,6,26990,,,,,,,,,,,,,,,,,,,,,,,,,,,,,,,,,,,,,,,,,,,,,,,,
180843,31-Aug-19,0:56:00,2019-08-31 00:56:00,G,2,2,1913,530,1,6,-60.9622,-55.8824,56:01.6,FastGPS,-60.9622,-55.8824,,,6.1,-0.4,,,,15,16,31699,,,,21,15458,,,,29,32724,,,,31,17988,,,,26,21646,,,,25,30944,,,,,,,,,,,,,,,,,,,,,,,,,,,,,,,,,,,,,,,,,,,,,,,,
180843,31-Aug-19,7:16:46,2019-08-31 07:16:46,G,4,2,1914,530,0,8,-60.976,-55.8714,16:47.1,FastGPS,-60.976,-55.8714,,,17.1,-0.9,,,,15,10,17467,,,,32,17845,,,,14,25303,,,,11,20047,,,,31,14380,,,,22,25691,,,,3,1184,,,,1,31285,,,,,,,,,,,,,,,,,,,,,,,,,,,,,,,,,,,,,,
180843,31-Aug-19,8:17:00,2019-08-31 08:17:00,G,2,2,1915,,0,9,-60.9856,-55.8189,17:01.6,FastGPS,-60.9856,-55.8189,,,9.4,-0.4,,,,15,17,9860,,,,3,26941,,,,32,26517,,,,12,15799,,,,31,29251,,,,14,28123,,,,11,8658,,,,22,1714,,,,1,2882,,,,,,,,,,,,,,,,,,,,,,,,,,,,,,,,,
180843,31-Aug-19,9:28:47,2019-08-31 09:28:47,G,2,2,1916,,0,9,-61.0018,-55.7494,28:48.1,FastGPS,-61.0018,-55.7494,,,10.9,-0.9,,,,15,23,19955,,,,17,12213,,,,9,10161,,,,12,10681,,,,3,4643,,,,1,28390,,,,22,31051,,,,19,1066,,,,6,8287,,,,,,,,,,,,,,,,,,,,,,,,,,,,,,,,,
180843,31-Aug-19,10:35:46,2019-08-31 10:35:46,G,2,2,1917,530,0,7,-61.0302,-55.722,35:48.1,FastGPS,-61.0302,-55.722,,1,11.4,0.1,,,,15,9,31244,,,,23,22838,,,,3,6999,,,,6,19242,,,,22,8126,,,,2,22195,,,,25,833,,,,,,,,,,,,,,,,,,,,,,,,,,,,,,,,,,,,,,,,,,,
180843,31-Aug-19,11:38:37,2019-08-31 11:38:37,G,8,2,1918,530,0,6,-61.0384,-55.6606,38:39.0,FastGPS,-61.0384,-55.6606,,,4.9,0,,,,15,29,14446,,,,2,14607,,,,16,30246,,,,9,11452,,,,7,23688,,,,26,19941,,,,,,,,,,,,,,,,,,,,,,,,,,,,,,,,,,,,,,,,,,,,,,,,
180843,31-Aug-19,12:38:49,2019-08-31 12:38:49,G,4,2,1919,,0,9,-61.0118,-55.7022,38:50.6,FastGPS,-61.0118,-55.7022,,1,13.4,-0.4,,,,15,5,10763,,,,23,8061,,,,7,15271,,,,29,18028,,,,9,7560,,,,16,9774,,,,26,606,,,,2,20005,,,,4,27247,,,,,,,,,,,,,,,,,,,,,,,,,,,,,,,,,
180843,31-Aug-19,13:43:50,2019-08-31 13:43:50,G,4,2,1920,530,0,8,-61.0132,-55.6123,43:50.6,FastGPS,-61.0132,-55.6123,,,7.8,-1.4,,,,15,5,12208,,,,7,13362,,,,30,8669,,,,16,30441,,,,13,23495,,,,21,4323,,,,27,19050,,,,9,12740,,,,,,,,,,,,,,,,,,,,,,,,,,,,,,,,,,,,,,
180843,31-Aug-19,14:44:16,2019-08-31 14:44:16,G,4,2,1921,,0,9,-61.0056,-55.5082,44:16.6,FastGPS,-61.0056,-55.5082,,1,11.9,-1.4,,,,15,9,12769,,,,7,19483,,,,21,12820,,,,8,28295,,,,30,14204,,,,27,23068,,,,13,22322,,,,4,19727,,,,15,753,,,,,,,,,,,,,,,,,,,,,,,,,,,,,,,,,
180843,31-Aug-19,15:44:54,2019-08-31 15:44:54,G,4,2,1922,530,0,6,-60.9783,-55.4334,44:54.6,FastGPS,-60.9783,-55.4334,,,7.8,-1.4,,,,15,7,14323,,,,8,32219,,,,30,10192,,,,28,4494,,,,27,22985,,,,13,3597,,,,,,,,,,,,,,,,,,,,,,,,,,,,,,,,,,,,,,,,,,,,,,,,
180843,31-Aug-19,17:03:00,2019-08-31 17:03:00,G,4,2,1923,,0,9,-60.9798,-55.4063,03:00.6,FastGPS,-60.9798,-55.4063,,,11.1,-1.4,,,,15,10,22260,,,,15,6815,,,,20,24899,,,,1,22965,,,,17,3958,,,,30,2426,,,,11,210,,,,18,643,,,,28,8714,,,,,,,,,,,,,,,,,,,,,,,,,,,,,,,,,
180843,31-Aug-19,18:10:36,2019-08-31 18:10:36,G,6,2,1924,,0,9,-60.9553,-55.3959,10:36.6,FastGPS,-60.9553,-55.3959,,,5.4,-1.4,,,,15,1,23386,,,,17,14731,,,,19,25128,,,,10,10122,,,,15,13306,,,,18,26433,,,,28,9819,,,,24,19776,,,,11,24446,,,,,,,,,,,,,,,,,,,,,,,,,,,,,,,,,
180843,31-Aug-19,19:16:12,2019-08-31 19:16:12,G,4,2,1925,531,0,6,-60.9301,-55.4121,16:13.1,FastGPS,-60.9301,-55.4121,,,10.1,-0.9,,,,15,12,9,,,,24,2413,,,,17,15756,,,,19,22236,,,,1,9350,,,,32,11209,,,,,,,,,,,,,,,,,,,,,,,,,,,,,,,,,,,,,,,,,,,,,,,,
180843,31-Aug-19,20:16:09,2019-08-31 20:16:09,G,4,2,1926,531,0,8,-60.9606,-55.4867,16:10.6,FastGPS,-60.9606,-55.4867,,,16.5,-0.4,,,,15,32,19752,,,,24,5985,,,,2,28653,,,,12,19722,,,,6,24125,,,,25,7348,,,,17,28200,,,,14,16459,,,,,,,,,,,,,,,,,,,,,,,,,,,,,,,,,,,,,,
180843,31-Aug-19,21:19:25,2019-08-31 21:19:25,G,10,2,1927,531,0,6,-60.9458,-55.5819,19:25.6,FastGPS,-60.9458,-55.5819,,,12,-1.4,,,,15,19,11590,,,,6,13486,,,,12,32114,,,,29,20596,,,,2,28706,,,,24,2550,,,,,,,,,,,,,,,,,,,,,,,,,,,,,,,,,,,,,,,,,,,,,,,,
180843,31-Aug-19,22:19:00,2019-08-31 22:19:00,G,12,2,1928,531,0,8,-60.9248,-55.6509,19:01.6,FastGPS,-60.9248,-55.6509,,,9.3,-0.4,,,,15,6,9033,,,,31,25899,,,,12,27573,,,,2,1703,,,,29,7427,,,,25,15846,,,,23,16495,,,,5,5170,,,,,,,,,,,,,,,,,,,,,,,,,,,,,,,,,,,,,,
180843,31-Aug-19,23:21:26,2019-08-31 23:21:26,G,14,2,1929,531,0,7,-60.9077,-55.7085,21:27.1,FastGPS,-60.9077,-55.7085,,,7.5,-0.9,,,,15,29,20620,,,,31,22172,,,,25,26802,,,,23,24531,,,,5,18492,,,,26,20484,,,,12,31782,,,,,,,,,,,,,,,,,,,,,,,,,,,,,,,,,,,,,,,,,,,
180843,1-Sep-19,0:21:22,2019-09-01 00:21:22,G,10,2,1930,531,0,7,-60.931,-55.7322,21:23.1,FastGPS,-60.931,-55.7322,,,4.5,-0.9,,,,15,31,17973,,,,26,15228,,,,16,18526,,,,29,1040,,,,5,6750,,,,9,30189,,,,21,18910,,,,,,,,,,,,,,,,,,,,,,,,,,,,,,,,,,,,,,,,,,,
180843,1-Sep-19,1:23:00,2019-09-01 01:23:00,G,6,2,1931,531,0,6,-60.9504,-55.7879,23:00.6,FastGPS,-60.9503,-55.7877,,1,9.4,-1.4,,,,15,29,13265,,,,5,21817,,,,16,27622,,,,26,25570,,,,21,26456,,,,4,20482,,,,,,,,,,,,,,,,,,,,,,,,,,,,,,,,,,,,,,,,,,,,,,,,
180843,1-Sep-19,2:59:01,2019-09-01 02:59:01,G,8,2,1932,,0,9,-60.9579,-55.8441,59:01.6,FastGPS,-60.9579,-55.8441,,1,11.6,-1.4,,,,15,26,28184,,,,10,15118,,,,7,20052,,,,16,29475,,,,8,8652,,,,20,12726,,,,27,11707,,,,15,4341,,,,4,29956,,,,,,,,,,,,,,,,,,,,,,,,,,,,,,,,,
180843,1-Sep-19,5:57:37,2019-09-01 05:57:37,G,6,2,1933,,0,9,-60.9436,-55.9101,57:38.1,FastGPS,-60.9436,-55.9101,,,7.5,-0.9,,,,15,8,19258,,,,10,20184,,,,14,27824,,,,27,28801,,,,32,16242,,,,24,11761,,,,20,13993,,,,11,21110,,,,28,11477,,,,,,,,,,,,,,,,,,,,,,,,,,,,,,,,,
180843,1-Sep-19,7:55:36,2019-09-01 07:55:36,G,2,2,1934,535,0,8,-60.9092,-55.9461,55:38.1,FastGPS,-60.9092,-55.9461,,,10.3,0.1,,,,15,32,15128,,,,3,4074,,,,31,709,,,,17,29849,,,,12,17883,,,,1,18054,,,,11,19191,,,,22,7408,,,,,,,,,,,,,,,,,,,,,,,,,,,,,,,,,,,,,,
180843,1-Sep-19,8:55:45,2019-09-01 08:55:45,G,8,2,1935,,0,9,-60.9287,-55.9745,55:46.6,FastGPS,-60.9287,-55.9745,,,9.6,-0.4,,,,15,23,10513,,,,3,26013,,,,1,10275,,,,17,4475,,,,31,29261,,,,22,15188,,,,6,26417,,,,19,802,,,,12,28894,,,,,,,,,,,,,,,,,,,,,,,,,,,,,,,,,
180843,1-Sep-19,10:15:06,2019-09-01 10:15:06,G,8,2,1936,536,0,5,-60.9156,-56.0211,15:08.2,FastGPS,-60.9156,-56.0211,,,4.1,0.2,,,,15,6,32720,,,,23,3172,,,,22,3328,,,,9,31468,,,,3,9054,,,,,,,,,,,,,,,,,,,,,,,,,,,,,,,,,,,,,,,,,,,,,,,,,,,,,
180843,1-Sep-19,11:20:49,2019-09-01 11:20:49,G,4,2,1937,536,0,6,-60.8963,-56.0658,20:51.1,FastGPS,-60.8963,-56.0658,,,1.8,0.1,,,,15,23,29155,,,,9,7748,,,,26,1133,,,,16,9014,,,,2,22059,,,,7,7579,,,,,,,,,,,,,,,,,,,,,,,,,,,,,,,,,,,,,,,,,,,,,,,,
180843,1-Sep-19,13:15:25,2019-09-01 13:15:25,G,6,2,1938,536,0,6,-60.8594,-56.1255,15:26.6,FastGPS,-60.8594,-56.1255,,1,2.9,-0.4,,,,15,7,1215,,,,9,9783,,,,5,23950,,,,23,6923,,,,4,16644,,,,27,4464,,,,,,,,,,,,,,,,,,,,,,,,,,,,,,,,,,,,,,,,,,,,,,,,
180843,1-Sep-19,19:02:45,2019-09-01 19:02:45,G,8,2,1940,536,0,6,-60.7292,-56.1674,02:46.1,FastGPS,-60.7292,-56.1674,,,4.8,-0.9,,,,15,17,4019,,,,19,28794,,,,24,8647,,,,12,14233,,,,15,1016,,,,32,27396,,,,,,,,,,,,,,,,,,,,,,,,,,,,,,,,,,,,,,,,,,,,,,,,
180843,1-Sep-19,20:18:17,2019-09-01 20:18:17,G,8,2,1941,536,0,6,-60.7128,-56.1591,18:18.6,FastGPS,-60.7128,-56.1591,,,10.7,-0.4,,,,15,17,10987,,,,32,19,,,,12,11208,,,,25,16272,,,,19,770,,,,14,8337,,,,,,,,,,,,,,,,,,,,,,,,,,,,,,,,,,,,,,,,,,,,,,,,
180843,1-Sep-19,21:25:20,2019-09-01 21:25:20,G,6,2,1942,536,0,7,-60.7264,-56.0613,25:20.6,FastGPS,-60.7264,-56.0613,,,18.4,-1.4,,,,15,31,13466,,,,6,14327,,,,2,10030,,,,25,22474,,,,19,18043,,,,12,6534,,,,3,25265,,,,,,,,,,,,,,,,,,,,,,,,,,,,,,,,,,,,,,,,,,,
180843,1-Sep-19,22:25:44,2019-09-01 22:25:44,G,4,2,1943,536,0,6,-60.7371,-55.9622,25:44.6,FastGPS,-60.7371,-55.9622,,,4.9,-1.4,,,,15,29,20260,,,,31,22959,,,,25,28730,,,,2,6106,,,,23,12016,,,,6,9414,,,,,,,,,,,,,,,,,,,,,,,,,,,,,,,,,,,,,,,,,,,,,,,,
180843,1-Sep-19,23:26:00,2019-09-01 23:26:00,G,2,2,1944,536,0,6,-60.7403,-55.8927,26:00.6,FastGPS,-60.7403,-55.8927,,,8.2,-1.4,,,,15,29,9060,,,,31,23622,,,,26,4134,,,,2,5488,,,,5,22312,,,,25,19868,,,,,,,,,,,,,,,,,,,,,,,,,,,,,,,,,,,,,,,,,,,,,,,,
180843,2-Sep-19,0:26:57,2019-09-02 00:26:57,G,6,2,1945,536,0,7,-60.7504,-55.8318,26:57.6,FastGPS,-60.7504,-55.8318,,,5.6,-1.4,,,,15,5,13090,,,,26,10068,,,,31,23073,,,,16,495,,,,29,27094,,,,21,8733,,,,2,14149,,,,,,,,,,,,,,,,,,,,,,,,,,,,,,,,,,,,,,,,,,,
180843,2-Sep-19,1:30:52,2019-09-02 01:30:52,G,4,2,1946,536,0,7,-60.7785,-55.7761,30:52.6,FastGPS,-60.7785,-55.7761,,1,5.3,-1.4,,,,15,16,6598,,,,5,7871,,,,26,1262,,,,4,23553,,,,27,28819,,,,21,11888,,,,7,17511,,,,,,,,,,,,,,,,,,,,,,,,,,,,,,,,,,,,,,,,,,,
180843,2-Sep-19,2:32:39,2019-09-02 02:32:39,G,4,2,1947,,0,9,-60.8048,-55.738,32:40.1,FastGPS,-60.8048,-55.738,,1,7.8,-0.9,,,,15,20,16573,,,,26,8622,,,,16,28081,,,,7,4858,,,,10,2432,,,,27,28787,,,,4,7077,,,,30,9078,,,,21,28223,,,,,,,,,,,,,,,,,,,,,,,,,,,,,,,,,
180843,2-Sep-19,3:34:05,2019-09-02 03:34:05,G,6,2,1948,536,0,6,-60.8339,-55.7131,34:07.1,FastGPS,-60.8339,-55.7131,,1,3.5,0.1,,,,15,16,20922,,,,27,5011,,,,4,5321,,,,10,8904,,,,8,32377,,,,13,29821,,,,,,,,,,,,,,,,,,,,,,,,,,,,,,,,,,,,,,,,,,,,,,,,
180843,2-Sep-19,4:39:55,2019-09-02 04:39:55,G,6,2,1949,,0,9,-60.8363,-55.6819,39:56.6,FastGPS,-60.8363,-55.6819,,1,6.4,-0.4,,,,15,18,23146,,,,8,2698,,,,27,22710,,,,20,876,,,,4,6000,,,,11,17234,,,,10,17753,,,,15,27588,,,,28,19956,,,,,,,,,,,,,,,,,,,,,,,,,,,,,,,,,
180843,2-Sep-19,6:41:00,2019-09-02 06:41:00,G,4,2,1950,,0,9,-60.832,-55.6856,41:00.6,FastGPS,-60.832,-55.6856,,,10,-1.4,,,,15,11,8165,,,,22,2453,,,,3,21914,,,,1,23718,,,,18,32130,,,,17,147,,,,32,24630,,,,14,25382,,,,8,18607,,,,,,,,,,,,,,,,,,,,,,,,,,,,,,,,,
180843,2-Sep-19,7:41:00,2019-09-02 07:41:00,G,6,2,1951,,0,9,-60.8328,-55.6867,41:00.6,FastGPS,-60.8328,-55.6867,,,8.9,-1.4,,,,15,17,9247,,,,3,27357,,,,22,14114,,,,1,16977,,,,18,25093,,,,32,9587,,,,19,3911,,,,14,27675,,,,31,22932,,,,,,,,,,,,,,,,,,,,,,,,,,,,,,,,,
180843,2-Sep-19,9:12:43,2019-09-02 09:12:43,G,4,2,1952,,0,9,-60.8351,-55.6854,12:44.1,FastGPS,-60.8351,-55.6854,,,12.8,-0.9,,,,15,17,10925,,,,19,17141,,,,23,30534,,,,31,7976,,,,6,15928,,,,3,9673,,,,25,10449,,,,12,30430,,,,14,30000,,,,,,,,,,,,,,,,,,,,,,,,,,,,,,,,,
180843,2-Sep-19,10:13:31,2019-09-02 10:13:31,G,12,2,1953,539,0,8,-60.8395,-55.6978,13:32.6,FastGPS,-60.8395,-55.6978,,,7.4,-0.4,,,,15,31,32635,,,,6,828,,,,9,6792,,,,23,5279,,,,19,22407,,,,25,4287,,,,26,689,,,,3,3981,,,,,,,,,,,,,,,,,,,,,,,,,,,,,,,,,,,,,,
180843,2-Sep-19,11:40:24,2019-09-02 11:40:24,G,12,2,1954,539,0,5,-60.8339,-55.7001,40:25.1,FastGPS,-60.8339,-55.7001,,,3.5,-0.9,,,,15,23,26191,,,,16,17792,,,,26,12004,,,,7,5525,,,,9,22378,,,,,,,,,,,,,,,,,,,,,,,,,,,,,,,,,,,,,,,,,,,,,,,,,,,,,
180843,2-Sep-19,15:34:54,2019-09-02 15:34:54,G,6,2,1955,540,0,6,-60.8661,-55.676,34:55.1,FastGPS,-60.8661,-55.676,,,6.4,-0.9,,,,15,28,24157,,,,13,26397,,,,7,13435,,,,30,5872,,,,5,22054,,,,15,30135,,,,,,,,,,,,,,,,,,,,,,,,,,,,,,,,,,,,,,,,,,,,,,,,
180843,2-Sep-19,16:35:37,2019-09-02 16:35:37,G,6,2,1956,540,0,8,-60.8876,-55.668,35:37.6,FastGPS,-60.8876,-55.668,,,14.8,-1.4,,,,15,17,19674,,,,15,29542,,,,13,32393,,,,30,21780,,,,19,1218,,,,24,15892,,,,28,27335,,,,20,3540,,,,,,,,,,,,,,,,,,,,,,,,,,,,,,,,,,,,,,
180843,2-Sep-19,17:35:00,2019-09-02 17:35:00,G,2,2,1957,,0,9,-60.8991,-55.6592,35:00.7,FastGPS,-60.8991,-55.6592,,,10.3,-1.3,,,,15,17,26400,,,,10,16148,,,,24,11920,,,,30,16554,,,,15,18219,,,,28,19170,,,,11,29379,,,,18,5847,,,,20,26666,,,,,,,,,,,,,,,,,,,,,,,,,,,,,,,,,
180843,2-Sep-19,18:54:20,2019-09-02 18:54:20,G,6,2,1958,541,0,6,-60.8809,-55.6184,54:20.6,FastGPS,-60.8809,-55.6184,,,10.1,-1.4,,,,15,12,27266,,,,17,9365,,,,24,1557,,,,6,30233,,,,28,18286,,,,19,26080,,,,,,,,,,,,,,,,,,,,,,,,,,,,,,,,,,,,,,,,,,,,,,,,
180843,2-Sep-19,19:54:24,2019-09-02 19:54:24,G,4,2,1959,541,0,7,-60.8932,-55.6068,54:24.6,FastGPS,-60.8932,-55.6068,,,7,-1.4,,,,15,17,23933,,,,19,14015,,,,24,11980,,,,3,8914,,,,6,32376,,,,12,5726,,,,2,1456,,,,,,,,,,,,,,,,,,,,,,,,,,,,,,,,,,,,,,,,,,,
180843,2-Sep-19,20:54:00,2019-09-02 20:54:00,G,2,2,1960,,0,9,-60.8864,-55.6086,54:00.7,FastGPS,-60.8864,-55.6086,,,7,-1.3,,,,15,31,23477,,,,6,5072,,,,25,9606,,,,14,15260,,,,12,20930,,,,2,14622,,,,32,21146,,,,19,24647,,,,17,14007,,,,,,,,,,,,,,,,,,,,,,,,,,,,,,,,,
180843,2-Sep-19,23:13:30,2019-09-02 23:13:30,G,8,2,1961,542,0,5,-60.8789,-55.6103,13:30.6,FastGPS,-60.8789,-55.6103,,,9.1,-1.4,,,,15,31,19161,,,,29,18426,,,,26,18834,,,,2,20553,,,,25,24229,,,,,,,,,,,,,,,,,,,,,,,,,,,,,,,,,,,,,,,,,,,,,,,,,,,,,
180843,3-Sep-19,0:28:28,2019-09-03 00:28:28,G,8,2,1962,543,0,6,-60.8696,-55.6193,28:28.6,FastGPS,-60.8696,-55.6193,,,2,-1.4,,,,15,5,30606,,,,16,8804,,,,26,4872,,,,29,3264,,,,21,18559,,,,25,5943,,,,,,,,,,,,,,,,,,,,,,,,,,,,,,,,,,,,,,,,,,,,,,,,
180843,3-Sep-19,1:28:15,2019-09-03 01:28:15,G,4,2,1963,543,0,5,-60.9209,-55.6503,03:00.6,FastGPS,-60.88,-55.6445,,1,0.7,-0.8,,,,15,29,2209,,,,16,22602,,,,21,28235,,,,26,11980,,,,4,9865,,,,,,,,,,,,,,,,,,,,,,,,,,,,,,,,,,,,,,,,,,,,,,,,,,,,,
180843,3-Sep-19,2:29:39,2019-09-03 02:29:39,G,2,2,1964,543,0,7,-60.8818,-55.673,29:40.1,FastGPS,-60.8818,-55.673,,1,10.6,-0.9,,,,15,16,6281,,,,4,22351,,,,15,30521,,,,27,12798,,,,26,16637,,,,13,23914,,,,21,7501,,,,,,,,,,,,,,,,,,,,,,,,,,,,,,,,,,,,,,,,,,,
180843,3-Sep-19,3:31:07,2019-09-03 03:31:07,G,4,2,1965,543,0,7,-60.8879,-55.6925,31:07.6,FastGPS,-60.8879,-55.6925,,1,4,-1.4,,,,15,10,31725,,,,21,29752,,,,27,26112,,,,8,24737,,,,16,3373,,,,20,21491,,,,4,24594,,,,,,,,,,,,,,,,,,,,,,,,,,,,,,,,,,,,,,,,,,,
180843,3-Sep-19,4:33:47,2019-09-03 04:33:47,G,2,2,1966,543,0,7,-60.9015,-55.6832,33:47.6,FastGPS,-60.9015,-55.6832,,,8.4,-1.4,,,,15,11,14073,,,,18,20271,,,,8,5028,,,,15,6140,,,,10,22699,,,,20,10564,,,,24,2242,,,,,,,,,,,,,,,,,,,,,,,,,,,,,,,,,,,,,,,,,,,
180843,3-Sep-19,5:34:00,2019-09-03 05:34:00,G,8,2,1967,,0,9,-60.8988,-55.6815,34:00.6,FastGPS,-60.8988,-55.6815,,,7.9,-1.4,,,,15,11,2238,,,,18,31921,,,,28,29325,,,,1,29520,,,,10,16987,,,,32,29996,,,,20,27607,,,,22,31710,,,,14,8162,,,,,,,,,,,,,,,,,,,,,,,,,,,,,,,,,
180843,3-Sep-19,6:34:00,2019-09-03 06:34:00,G,8,2,1968,,0,9,-60.9022,-55.7125,34:00.6,FastGPS,-60.9022,-55.7125,,,6.7,-1.4,,,,15,32,12671,,,,14,5192,,,,18,18740,,,,8,16990,,,,22,10803,,,,1,4225,,,,17,8930,,,,3,28585,,,,11,27441,,,,,,,,,,,,,,,,,,,,,,,,,,,,,,,,,
180843,3-Sep-19,7:49:08,2019-09-03 07:49:08,G,6,2,1969,543,0,8,-60.8954,-55.7358,49:09.1,FastGPS,-60.8954,-55.7358,,,8.8,-0.9,,,,15,31,8255,,,,32,10689,,,,3,8984,,,,17,31346,,,,11,15280,,,,14,20090,,,,1,16992,,,,22,10238,,,,,,,,,,,,,,,,,,,,,,,,,,,,,,,,,,,,,,
180843,3-Sep-19,8:59:09,2019-09-03 08:59:09,G,8,2,1970,,0,9,-60.8795,-55.7424,59:10.1,FastGPS,-60.8795,-55.7424,,,6.3,-0.9,,,,15,19,2352,,,,12,22257,,,,31,14265,,,,6,18904,,,,17,14742,,,,32,21083,,,,14,10840,,,,18,7945,,,,11,6160,,,,,,,,,,,,,,,,,,,,,,,,,,,,,,,,,
180843,3-Sep-19,9:59:50,2019-09-03 09:59:50,G,2,2,1971,543,0,8,-60.8819,-55.7483,59:50.6,FastGPS,-60.8819,-55.7483,,,6.3,-1.4,,,,15,22,7450,,,,26,10584,,,,6,30137,,,,31,2715,,,,23,1991,,,,3,369,,,,2,25212,,,,9,11860,,,,,,,,,,,,,,,,,,,,,,,,,,,,,,,,,,,,,,
180843,3-Sep-19,12:16:00,2019-09-03 12:16:00,G,4,2,1973,544,0,7,-60.8837,-55.7786,16:00.6,FastGPS,-60.8837,-55.7786,,,2.8,-1.4,,,,15,23,25977,,,,7,25736,,,,9,24892,,,,2,22973,,,,30,32627,,,,16,19888,,,,26,4431,,,,,,,,,,,,,,,,,,,,,,,,,,,,,,,,,,,,,,,,,,,
180843,3-Sep-19,14:05:21,2019-09-03 14:05:21,G,6,2,1974,546,0,7,-60.8869,-55.8181,05:22.1,FastGPS,-60.8869,-55.8181,,1,4.4,-0.9,,,,15,5,5049,,,,13,15240,,,,27,13923,,,,7,14218,,,,30,21448,,,,8,13528,,,,4,12487,,,,,,,,,,,,,,,,,,,,,,,,,,,,,,,,,,,,,,,,,,,
180843,3-Sep-19,15:18:13,2019-09-03 15:18:13,G,10,2,1975,546,0,7,-60.8911,-55.8247,18:14.1,FastGPS,-60.8911,-55.8247,,,4.9,-0.9,,,,15,13,5079,,,,5,3822,,,,7,429,,,,15,15949,,,,30,29188,,,,8,28162,,,,28,13298,,,,,,,,,,,,,,,,,,,,,,,,,,,,,,,,,,,,,,,,,,,
180843,3-Sep-19,16:18:00,2019-09-03 16:18:00,G,6,2,1976,,0,9,-60.9111,-55.8025,18:00.6,FastGPS,-60.9111,-55.8025,,,5.5,-1.4,,,,15,15,31353,,,,30,30453,,,,20,20667,,,,7,22305,,,,11,5110,,,,8,26514,,,,10,6576,,,,13,6752,,,,28,14630,,,,,,,,,,,,,,,,,,,,,,,,,,,,,,,,,
180843,3-Sep-19,17:18:00,2019-09-03 17:18:00,G,8,2,1977,546,0,4,-60.9209,-55.6503,03:00.6,FastGPS,-60.914,-55.7639,,,0.8,-0.4,,,,15,10,10391,,,,15,27915,,,,20,16069,,,,24,25683,,,,,,,,,,,,,,,,,,,,,,,,,,,,,,,,,,,,,,,,,,,,,,,,,,,,,,,,,,
180843,3-Sep-19,19:48:00,2019-09-03 19:48:00,G,4,2,1978,552,1,5,-60.9297,-55.7187,48:00.6,FastGPS,-60.9297,-55.7187,,,13.3,-1.4,,,,15,12,9479,,,,32,4039,,,,2,29875,,,,19,26355,,,,6,502,,,,,,,,,,,,,,,,,,,,,,,,,,,,,,,,,,,,,,,,,,,,,,,,,,,,,
180843,3-Sep-19,20:48:00,2019-09-03 20:48:00,G,6,2,1979,552,1,4,-60.9209,-55.6503,03:00.6,FastGPS,-60.931,-55.6963,,,1.7,-1.4,,,,15,25,30073,,,,12,14268,,,,24,22878,,,,32,19499,,,,,,,,,,,,,,,,,,,,,,,,,,,,,,,,,,,,,,,,,,,,,,,,,,,,,,,,,,
180843,3-Sep-19,23:03:00,2019-09-03 23:03:00,G,6,2,1980,557,1,4,-60.9099,-55.6321,9/4/2019 0:23,MA,-60.9209,-55.6503,,,0.5,-1.4,,,,15,31,18809,,,,29,3045,,,,25,30046,,,,12,14362,,,,,,,,,,,,,,,,,,,,,,,,,,,,,,,,,,,,,,,,,,,,,,,,,,,,,,,,,,
180843,4-Sep-19,2:48:00,2019-09-04 02:48:00,G,8,2,1981,568,1,5,-60.9099,-55.6321,9/4/2019 0:23,MA,-60.8973,-55.6063,,1,0.5,-1.4,,,,15,10,18239,,,,27,11465,,,,20,13155,,,,4,27946,,,,16,22960,,,,,,,,,,,,,,,,,,,,,,,,,,,,,,,,,,,,,,,,,,,,,,,,,,,,,
180843,4-Sep-19,4:03:00,2019-09-04 04:03:00,G,8,2,1982,569,1,6,-60.8903,-55.5879,03:00.7,FastGPS,-60.8903,-55.5879,,1,17.3,-1.3,,,,15,27,29333,,,,4,12773,,,,15,28884,,,,10,2976,,,,20,24939,,,,21,14715,,,,,,,,,,,,,,,,,,,,,,,,,,,,,,,,,,,,,,,,,,,,,,,,
180843,4-Sep-19,7:14:12,2019-09-04 07:14:12,G,6,2,1983,,0,9,-60.8594,-55.5377,14:12.6,FastGPS,-60.8594,-55.5377,,,14,-1.4,,,,15,32,4203,,,,12,19947,,,,31,24318,,,,1,23830,,,,11,16220,,,,22,12500,,,,3,1665,,,,10,5047,,,,14,13494,,,,,,,,,,,,,,,,,,,,,,,,,,,,,,,,,
180843,4-Sep-19,8:17:49,2019-09-04 08:17:49,G,6,2,1984,569,0,7,-60.8703,-55.551,17:50.2,FastGPS,-60.8703,-55.551,,,13,-0.8,,,,15,17,2863,,,,31,13132,,,,3,5539,,,,14,23036,,,,19,11891,,,,22,15149,,,,1,6640,,,,,,,,,,,,,,,,,,,,,,,,,,,,,,,,,,,,,,,,,,,
180843,4-Sep-19,9:47:01,2019-09-04 09:47:01,G,10,2,1985,570,0,7,-60.8985,-55.5398,47:03.2,FastGPS,-60.8985,-55.5398,,,13.1,0.1,,,,15,31,7444,,,,19,6659,,,,6,29282,,,,23,2337,,,,9,24095,,,,3,31542,,,,17,26183,,,,,,,,,,,,,,,,,,,,,,,,,,,,,,,,,,,,,,,,,,,
180843,4-Sep-19,10:48:30,2019-09-04 10:48:30,G,8,2,1986,,0,9,-60.8822,-55.5703,48:31.6,FastGPS,-60.8822,-55.5703,,,17.9,-0.4,,,,15,2,2474,,,,3,3514,,,,23,7792,,,,9,11884,,,,31,10149,,,,16,28352,,,,29,27546,,,,22,2158,,,,26,2043,,,,,,,,,,,,,,,,,,,,,,,,,,,,,,,,,
180843,4-Sep-19,11:48:05,2019-09-04 11:48:05,G,10,2,1987,570,0,6,-60.8439,-55.5989,48:06.1,FastGPS,-60.8439,-55.5989,,,27.5,-0.9,,,,15,26,28242,,,,7,10056,,,,23,16728,,,,9,1876,,,,16,12379,,,,2,4594,,,,,,,,,,,,,,,,,,,,,,,,,,,,,,,,,,,,,,,,,,,,,,,,
180843,4-Sep-19,13:12:27,2019-09-04 13:12:27,G,14,2,1988,571,0,4,-60.9209,-55.6503,03:00.6,FastGPS,-60.8364,-55.5533,,,0.7,-1.3,,,,15,30,26418,,,,7,11807,,,,5,14874,,,,9,23931,,,,,,,,,,,,,,,,,,,,,,,,,,,,,,,,,,,,,,,,,,,,,,,,,,,,,,,,,,
180843,4-Sep-19,14:29:48,2019-09-04 14:29:48,G,14,2,1989,571,0,8,-60.8816,-55.5571,29:48.6,FastGPS,-60.8816,-55.5571,,1,15,-1.4,,,,15,5,17108,,,,13,3264,,,,7,21703,,,,27,27689,,,,30,22022,,,,15,14438,,,,9,11054,,,,4,21399,,,,,,,,,,,,,,,,,,,,,,,,,,,,,,,,,,,,,,
180843,4-Sep-19,15:49:24,2019-09-04 15:49:24,G,6,2,1990,571,0,7,-60.91,-55.5239,49:25.1,FastGPS,-60.91,-55.5239,,,12.6,-0.9,,,,15,7,12142,,,,15,5960,,,,30,16272,,,,8,26572,,,,20,20727,,,,11,29613,,,,28,17956,,,,,,,,,,,,,,,,,,,,,,,,,,,,,,,,,,,,,,,,,,,
180843,4-Sep-19,16:53:41,2019-09-04 16:53:41,G,6,2,1991,571,0,8,-60.9501,-55.5529,53:43.1,FastGPS,-60.9501,-55.5529,,,16.6,0.1,,,,15,13,19690,,,,17,20519,,,,15,25992,,,,20,3452,,,,19,30940,,,,10,17094,,,,28,16286,,,,24,3250,,,,,,,,,,,,,,,,,,,,,,,,,,,,,,,,,,,,,,
180843,4-Sep-19,17:58:38,2019-09-04 17:58:38,G,6,2,1992,,0,9,-60.9572,-55.6284,58:39.7,FastGPS,-60.9572,-55.6284,,,9.2,-0.3,,,,15,1,27062,,,,11,16889,,,,28,28834,,,,19,8069,,,,18,22183,,,,17,25801,,,,15,6917,,,,13,9630,,,,24,3827,,,,,,,,,,,,,,,,,,,,,,,,,,,,,,,,,
180843,4-Sep-19,18:58:09,2019-09-04 18:58:09,G,8,2,1993,571,0,7,-60.9834,-55.6941,58:09.6,FastGPS,-60.9834,-55.6941,,,10.9,-1.4,,,,15,17,24417,,,,6,16591,,,,15,29606,,,,19,28840,,,,12,3913,,,,24,9474,,,,28,25318,,,,,,,,,,,,,,,,,,,,,,,,,,,,,,,,,,,,,,,,,,,
180843,4-Sep-19,20:17:34,2019-09-04 20:17:34,G,4,2,1994,572,0,7,-60.9769,-55.715,17:34.7,FastGPS,-60.9769,-55.715,,,11.4,-1.3,,,,15,2,30201,,,,17,23606,,,,19,31006,,,,3,14779,,,,12,19086,,,,32,17173,,,,24,32418,,,,,,,,,,,,,,,,,,,,,,,,,,,,,,,,,,,,,,,,,,,
180843,4-Sep-19,21:18:02,2019-09-04 21:18:02,G,2,2,1995,572,0,8,-60.9693,-55.7121,18:02.7,FastGPS,-60.9693,-55.7121,,,18.9,-1.3,,,,15,6,1193,,,,31,26264,,,,2,16023,,,,12,25434,,,,29,32230,,,,19,26522,,,,25,25614,,,,24,12347,,,,,,,,,,,,,,,,,,,,,,,,,,,,,,,,,,,,,,
180843,4-Sep-19,22:18:50,2019-09-04 22:18:50,G,6,2,1996,572,0,5,-60.9529,-55.7177,18:50.6,FastGPS,-60.9529,-55.7177,,,16.9,-1.4,,,,15,12,26222,,,,5,26076,,,,2,9059,,,,29,8728,,,,6,31278,,,,,,,,,,,,,,,,,,,,,,,,,,,,,,,,,,,,,,,,,,,,,,,,,,,,,
180843,4-Sep-19,23:21:59,2019-09-04 23:21:59,G,6,2,1997,572,0,5,-60.9246,-55.7099,22:00.1,FastGPS,-60.9246,-55.7099,,,6.8,-0.9,,,,15,2,13304,,,,26,11023,,,,31,13185,,,,5,16576,,,,29,19732,,,,,,,,,,,,,,,,,,,,,,,,,,,,,,,,,,,,,,,,,,,,,,,,,,,,,
180843,5-Sep-19,0:22:00,2019-09-05 00:22:00,G,8,2,1998,572,1,6,-60.912,-55.6841,22:00.7,FastGPS,-60.912,-55.6841,,,11.6,-1.3,,,,15,5,24027,,,,26,2247,,,,16,10695,,,,25,24709,,,,2,22805,,,,9,23890,,,,,,,,,,,,,,,,,,,,,,,,,,,,,,,,,,,,,,,,,,,,,,,,
180843,5-Sep-19,7:40:34,2019-09-05 07:40:34,G,8,2,1999,,0,9,-60.8709,-55.5267,40:35.1,FastGPS,-60.8709,-55.5267,,,6.8,-0.9,,,,15,11,27595,,,,1,28492,,,,3,18193,,,,17,9061,,,,22,20632,,,,32,23881,,,,18,14090,,,,19,21806,,,,31,19358,,,,,,,,,,,,,,,,,,,,,,,,,,,,,,,,,
180843,5-Sep-19,8:44:16,2019-09-05 08:44:16,G,8,2,2000,,0,9,-60.885,-55.4886,44:17.7,FastGPS,-60.885,-55.4886,,,11,-0.3,,,,15,31,21073,,,,23,14235,,,,1,12046,,,,14,15278,,,,22,29222,,,,11,8184,,,,17,7949,,,,3,16074,,,,32,27951,,,,,,,,,,,,,,,,,,,,,,,,,,,,,,,,,
180843,5-Sep-19,9:48:32,2019-09-05 09:48:32,G,12,2,2001,572,0,7,-60.9069,-55.4974,48:33.2,FastGPS,-60.9069,-55.4974,,,5.5,-0.8,,,,15,9,7106,,,,31,20141,,,,6,32485,,,,23,4824,,,,22,27962,,,,3,14909,,,,19,14811,,,,,,,,,,,,,,,,,,,,,,,,,,,,,,,,,,,,,,,,,,,
180843,5-Sep-19,10:55:19,2019-09-05 10:55:19,G,10,2,2002,572,0,7,-60.9257,-55.5109,55:20.7,FastGPS,-60.9257,-55.5109,,,8,-0.3,,,,15,9,21224,,,,6,30114,,,,7,23003,,,,23,12342,,,,29,1401,,,,2,8146,,,,26,31032,,,,,,,,,,,,,,,,,,,,,,,,,,,,,,,,,,,,,,,,,,,
180843,5-Sep-19,11:56:53,2019-09-05 11:56:53,G,6,2,2003,572,0,7,-60.9501,-55.5469,56:53.7,FastGPS,-60.9501,-55.5469,,,9.5,-1.3,,,,15,7,18819,,,,5,24282,,,,6,19827,,,,30,9070,,,,9,28158,,,,2,10929,,,,29,29054,,,,,,,,,,,,,,,,,,,,,,,,,,,,,,,,,,,,,,,,,,,
180843,5-Sep-19,13:01:17,2019-09-05 13:01:17,G,12,2,2004,572,0,6,-60.9557,-55.6185,01:18.7,FastGPS,-60.9557,-55.6185,,,4.1,-0.3,,,,15,5,395,,,,30,2532,,,,7,8634,,,,2,11957,,,,16,26118,,,,9,10383,,,,,,,,,,,,,,,,,,,,,,,,,,,,,,,,,,,,,,,,,,,,,,,,
180843,5-Sep-19,14:02:50,2019-09-05 14:02:50,G,10,2,2005,572,0,8,-60.9592,-55.6889,02:51.1,FastGPS,-60.9592,-55.6889,,,4,-0.9,,,,15,5,20318,,,,13,23910,,,,28,20789,,,,7,22107,,,,30,14107,,,,21,17765,,,,27,4592,,,,9,19472,,,,,,,,,,,,,,,,,,,,,,,,,,,,,,,,,,,,,,
180843,5-Sep-19,15:03:06,2019-09-05 15:03:06,G,12,2,2006,572,0,5,-60.9815,-55.7587,03:07.7,FastGPS,-60.9815,-55.7587,,,3.8,-0.3,,,,15,5,32364,,,,7,1884,,,,30,12539,,,,28,23661,,,,13,28358,,,,,,,,,,,,,,,,,,,,,,,,,,,,,,,,,,,,,,,,,,,,,,,,,,,,,
180843,5-Sep-19,16:10:43,2019-09-05 16:10:43,G,10,2,2007,572,0,5,-61.0064,-55.8297,10:44.2,FastGPS,-61.0064,-55.8297,,,1.6,-0.8,,,,15,17,30226,,,,15,17477,,,,30,11850,,,,13,22796,,,,28,31986,,,,,,,,,,,,,,,,,,,,,,,,,,,,,,,,,,,,,,,,,,,,,,,,,,,,,
180843,5-Sep-19,17:16:29,2019-09-05 17:16:29,G,6,2,2008,572,0,6,-61.0371,-55.8964,16:30.2,FastGPS,-61.0371,-55.8964,,,14.9,-0.8,,,,15,17,29333,,,,15,17818,,,,19,14037,,,,13,3661,,,,28,27968,,,,30,2987,,,,,,,,,,,,,,,,,,,,,,,,,,,,,,,,,,,,,,,,,,,,,,,,
180843,5-Sep-19,18:16:13,2019-09-05 18:16:13,G,4,2,2009,572,0,8,-61.0779,-55.9247,16:13.7,FastGPS,-61.0779,-55.9247,,,5,-1.3,,,,15,15,29173,,,,12,13028,,,,17,2958,,,,19,12328,,,,24,14102,,,,13,29366,,,,10,19089,,,,32,5764,,,,,,,,,,,,,,,,,,,,,,,,,,,,,,,,,,,,,,
180843,5-Sep-19,19:24:55,2019-09-05 19:24:55,G,10,2,2010,572,0,6,-61.1238,-55.9138,24:55.6,FastGPS,-61.1238,-55.9138,,,5.3,-1.4,,,,15,12,31834,,,,17,14985,,,,19,8531,,,,6,7066,,,,24,1344,,,,32,16228,,,,,,,,,,,,,,,,,,,,,,,,,,,,,,,,,,,,,,,,,,,,,,,,
180843,5-Sep-19,20:25:45,2019-09-05 20:25:45,G,12,2,2011,572,0,8,-61.1317,-55.875,25:45.7,FastGPS,-61.1317,-55.875,,,6.1,-1.3,,,,15,12,22642,,,,2,15764,,,,25,28620,,,,6,4808,,,,24,18843,,,,19,19641,,,,14,24279,,,,32,28380,,,,,,,,,,,,,,,,,,,,,,,,,,,,,,,,,,,,,,
180843,5-Sep-19,21:29:46,2019-09-05 21:29:46,G,8,2,2012,572,0,6,-61.1324,-55.8619,29:47.2,FastGPS,-61.1324,-55.8619,,,13.1,-0.8,,,,15,31,9816,,,,6,23996,,,,12,22109,,,,2,5146,,,,25,13519,,,,29,24328,,,,,,,,,,,,,,,,,,,,,,,,,,,,,,,,,,,,,,,,,,,,,,,,
180843,5-Sep-19,22:30:15,2019-09-05 22:30:15,G,8,2,2013,572,0,4,-61.1321,-55.8122,30:00.7,FastGPS,-61.1344,-55.8427,,,0.5,-1.3,,,,15,29,7589,,,,31,10507,,,,25,16608,,,,2,11010,,,,,,,,,,,,,,,,,,,,,,,,,,,,,,,,,,,,,,,,,,,,,,,,,,,,,,,,,,
180843,5-Sep-19,23:30:00,2019-09-05 23:30:00,G,8,2,2014,572,1,6,-61.1321,-55.8122,30:00.7,FastGPS,-61.1321,-55.8122,,,6.9,-1.3,,,,15,2,32604,,,,26,27335,,,,5,10748,,,,16,13678,,,,23,1508,,,,29,24601,,,,,,,,,,,,,,,,,,,,,,,,,,,,,,,,,,,,,,,,,,,,,,,,
180843,6-Sep-19,8:37:20,2019-09-06 08:37:20,G,8,2,2016,,0,9,-61.1033,-55.6958,37:20.7,FastGPS,-61.1033,-55.6958,,,7.3,-1.3,,,,15,17,12599,,,,23,29969,,,,31,14201,,,,19,14560,,,,12,10139,,,,14,22354,,,,3,9316,,,,32,3598,,,,25,9320,,,,,,,,,,,,,,,,,,,,,,,,,,,,,,,,,
180843,6-Sep-19,9:37:26,2019-09-06 09:37:26,G,10,2,2017,572,0,5,-61.1135,-55.6595,37:27.2,FastGPS,-61.1135,-55.6595,,,11.8,-0.8,,,,15,31,31244,,,,26,10134,,,,1,18776,,,,22,12569,,,,3,20013,,,,,,,,,,,,,,,,,,,,,,,,,,,,,,,,,,,,,,,,,,,,,,,,,,,,,
180843,6-Sep-19,10:37:09,2019-09-06 10:37:09,G,6,2,2018,572,0,7,-61.0923,-55.6694,37:10.7,FastGPS,-61.0923,-55.6694,,,18.5,-0.3,,,,15,9,3317,,,,6,563,,,,31,23874,,,,2,30106,,,,23,9566,,,,29,21692,,,,3,12835,,,,,,,,,,,,,,,,,,,,,,,,,,,,,,,,,,,,,,,,,,,
180843,6-Sep-19,11:53:17,2019-09-06 11:53:17,G,6,2,2019,573,0,8,-61.1119,-55.7317,53:17.7,FastGPS,-61.1119,-55.7317,,,9.1,-1.3,,,,15,5,23827,,,,2,6920,,,,7,15157,,,,23,26153,,,,16,12476,,,,29,26232,,,,9,23261,,,,26,26044,,,,,,,,,,,,,,,,,,,,,,,,,,,,,,,,,,,,,,
180843,6-Sep-19,12:53:30,2019-09-06 12:53:30,G,12,2,2020,573,0,6,-61.103,-55.7163,53:31.7,FastGPS,-61.103,-55.7163,,,6,-0.3,,,,15,7,25134,,,,9,5883,,,,30,8373,,,,5,12068,,,,2,14397,,,,23,10167,,,,,,,,,,,,,,,,,,,,,,,,,,,,,,,,,,,,,,,,,,,,,,,,
180843,6-Sep-19,14:09:43,2019-09-06 14:09:43,G,2,2,2021,574,0,7,-61.0983,-55.7397,09:44.2,FastGPS,-61.0983,-55.7397,,1,12.4,-0.8,,,,15,7,25,,,,9,6879,,,,8,21434,,,,27,11542,,,,4,20503,,,,28,16059,,,,30,27530,,,,,,,,,,,,,,,,,,,,,,,,,,,,,,,,,,,,,,,,,,,
180843,6-Sep-19,15:10:33,2019-09-06 15:10:33,G,4,2,2022,574,0,7,-61.0885,-55.7349,10:33.7,FastGPS,-61.0885,-55.7349,,,8.1,-1.3,,,,15,7,2668,,,,5,6168,,,,30,9055,,,,28,15394,,,,15,21981,,,,8,15668,,,,13,1101,,,,,,,,,,,,,,,,,,,,,,,,,,,,,,,,,,,,,,,,,,,
180843,6-Sep-19,16:29:13,2019-09-06 16:29:13,G,4,2,2023,575,0,5,-61.0758,-55.7255,29:14.1,FastGPS,-61.0758,-55.7255,,,5.5,-0.9,,,,15,15,14612,,,,13,20178,,,,17,7499,,,,28,29327,,,,10,19113,,,,,,,,,,,,,,,,,,,,,,,,,,,,,,,,,,,,,,,,,,,,,,,,,,,,,
180843,6-Sep-19,17:48:00,2019-09-06 17:48:00,G,4,2,2024,576,0,8,-61.1011,-55.7263,48:01.2,FastGPS,-61.1011,-55.7263,,,6,-0.8,,,,15,1,15646,,,,19,21307,,,,17,9407,,,,18,16246,,,,11,12945,,,,28,26908,,,,15,1244,,,,13,7235,,,,,,,,,,,,,,,,,,,,,,,,,,,,,,,,,,,,,,
180843,6-Sep-19,18:52:00,2019-09-06 18:52:00,G,4,2,2025,576,0,6,-61.0601,-55.7104,52:00.7,FastGPS,-61.0601,-55.7104,,,4.2,-1.3,,,,15,17,12310,,,,15,12251,,,,12,2920,,,,19,20437,,,,6,16553,,,,24,1819,,,,,,,,,,,,,,,,,,,,,,,,,,,,,,,,,,,,,,,,,,,,,,,,
180843,6-Sep-19,19:53:28,2019-09-06 19:53:28,G,6,2,2026,576,0,7,-61.0479,-55.6892,53:28.7,FastGPS,-61.0479,-55.6892,,,10.4,-1.3,,,,15,24,1744,,,,17,18011,,,,19,1809,,,,6,27481,,,,2,7758,,,,12,24018,,,,32,21291,,,,,,,,,,,,,,,,,,,,,,,,,,,,,,,,,,,,,,,,,,,
180843,6-Sep-19,20:53:00,2019-09-06 20:53:00,G,6,2,2027,576,0,6,-61.0459,-55.6784,53:00.7,FastGPS,-61.0459,-55.6784,,,11.4,-1.3,,,,15,6,8219,,,,12,25916,,,,2,16684,,,,19,11685,,,,29,3703,,,,25,1077,,,,,,,,,,,,,,,,,,,,,,,,,,,,,,,,,,,,,,,,,,,,,,,,
180843,6-Sep-19,22:01:41,2019-09-06 22:01:41,G,8,2,2028,576,0,6,-61.0443,-55.6712,01:42.2,FastGPS,-61.0443,-55.6712,,,7.5,-0.8,,,,15,29,25202,,,,31,2733,,,,6,11594,,,,25,13266,,,,12,32101,,,,5,30735,,,,,,,,,,,,,,,,,,,,,,,,,,,,,,,,,,,,,,,,,,,,,,,,
180843,6-Sep-19,23:06:23,2019-09-06 23:06:23,G,8,2,2029,576,0,5,-61.0442,-55.6457,06:23.6,FastGPS,-61.0442,-55.6457,,,7.4,-1.4,,,,15,31,29367,,,,25,24442,,,,29,17838,,,,26,17430,,,,5,903,,,,,,,,,,,,,,,,,,,,,,,,,,,,,,,,,,,,,,,,,,,,,,,,,,,,,
180843,7-Sep-19,0:27:10,2019-09-07 00:27:10,G,6,2,2030,577,0,4,-61.0392,-55.6341,27:00.7,FastGPS,-61.0388,-55.6521,,,1,-0.9,,,,15,5,25174,,,,21,23380,,,,29,10884,,,,20,5673,,,,,,,,,,,,,,,,,,,,,,,,,,,,,,,,,,,,,,,,,,,,,,,,,,,,,,,,,,
180843,7-Sep-19,1:27:00,2019-09-07 01:27:00,G,2,2,2031,577,1,7,-61.0392,-55.6341,27:00.7,FastGPS,-61.0392,-55.6341,,,6.5,-1.3,,,,15,26,11493,,,,16,4723,,,,29,5214,,,,15,5042,,,,21,16559,,,,20,17778,,,,27,13413,,,,,,,,,,,,,,,,,,,,,,,,,,,,,,,,,,,,,,,,,,,
180843,7-Sep-19,9:22:34,2019-09-07 09:22:34,G,4,2,2032,577,0,4,-61.0377,-55.5788,9/7/2019 3:23,MC,-60.9886,-55.4548,,,0.9,-1.4,,,,15,31,25471,,,,6,27576,,,,26,9032,,,,3,8246,,,,,,,,,,,,,,,,,,,,,,,,,,,,,,,,,,,,,,,,,,,,,,,,,,,,,,,,,,
180843,7-Sep-19,10:22:11,2019-09-07 10:22:11,G,6,2,2033,,0,9,-60.9751,-55.4548,22:11.7,FastGPS,-60.9751,-55.4548,,,13.5,-1.3,,,,15,22,2738,,,,23,17375,,,,3,21255,,,,26,13398,,,,6,9917,,,,9,7372,,,,7,3863,,,,16,10595,,,,2,1582,,,,,,,,,,,,,,,,,,,,,,,,,,,,,,,,,
180843,7-Sep-19,11:28:55,2019-09-07 11:28:55,G,2,2,2034,577,0,5,-60.9574,-55.5191,28:55.7,FastGPS,-60.9574,-55.5191,,,6.5,-1.3,,,,15,23,2236,,,,7,8627,,,,16,294,,,,9,27867,,,,26,3146,,,,,,,,,,,,,,,,,,,,,,,,,,,,,,,,,,,,,,,,,,,,,,,,,,,,,
180843,7-Sep-19,14:29:55,2019-09-07 14:29:55,G,2,2,2037,577,0,4,-60.9886,-55.4548,22:34.6,FastGPS,-60.9368,-55.5556,,,0.1,-0.8,,,,15,30,28948,,,,5,32200,,,,28,6213,,,,13,19811,,,,,,,,,,,,,,,,,,,,,,,,,,,,,,,,,,,,,,,,,,,,,,,,,,,,,,,,,,
180843,7-Sep-19,15:34:25,2019-09-07 15:34:25,G,2,2,2038,577,0,5,-60.9328,-55.5691,34:27.2,FastGPS,-60.9328,-55.5691,,,1.3,0.2,,,,15,15,12561,,,,30,5193,,,,13,27351,,,,28,25371,,,,7,5926,,,,,,,,,,,,,,,,,,,,,,,,,,,,,,,,,,,,,,,,,,,,,,,,,,,,,
180843,7-Sep-19,16:36:52,2019-09-07 16:36:52,G,6,2,2039,577,0,7,-60.9274,-55.5694,36:54.2,FastGPS,-60.9274,-55.5693,,,5.6,0.2,,,,15,15,27321,,,,17,3744,,,,30,12422,,,,13,652,,,,24,19058,,,,20,9350,,,,19,13361,,,,,,,,,,,,,,,,,,,,,,,,,,,,,,,,,,,,,,,,,,,
180843,7-Sep-19,17:37:00,2019-09-07 17:37:00,G,4,2,2040,,0,9,-60.9259,-55.5751,37:01.7,FastGPS,-60.9259,-55.5751,,,10.6,-0.3,,,,15,15,251,,,,12,24193,,,,19,17317,,,,13,20927,,,,24,11423,,,,17,12034,,,,11,10547,,,,18,7393,,,,1,26548,,,,,,,,,,,,,,,,,,,,,,,,,,,,,,,,,
180843,7-Sep-19,18:37:00,2019-09-07 18:37:00,G,4,2,2041,577,0,7,-60.9224,-55.5988,37:00.7,FastGPS,-60.9224,-55.5988,,,14.2,-1.3,,,,15,17,7205,,,,32,25392,,,,24,6203,,,,6,13554,,,,12,9163,,,,19,29830,,,,28,6635,,,,,,,,,,,,,,,,,,,,,,,,,,,,,,,,,,,,,,,,,,,
180843,7-Sep-19,19:41:09,2019-09-07 19:41:09,G,6,2,2042,577,0,8,-60.9354,-55.619,41:09.7,FastGPS,-60.9354,-55.619,,,10.9,-1.3,,,,15,17,24886,,,,32,28928,,,,14,9722,,,,12,17733,,,,19,28674,,,,6,16132,,,,24,28278,,,,3,19651,,,,,,,,,,,,,,,,,,,,,,,,,,,,,,,,,,,,,,
180843,7-Sep-19,20:47:39,2019-09-07 20:47:39,G,6,2,2043,577,0,7,-60.9389,-55.6586,47:39.7,FastGPS,-60.9389,-55.6586,,,7.2,-1.3,,,,15,2,16323,,,,31,3282,,,,12,29730,,,,24,12633,,,,14,17994,,,,25,303,,,,32,31393,,,,,,,,,,,,,,,,,,,,,,,,,,,,,,,,,,,,,,,,,,,
180843,7-Sep-19,21:48:53,2019-09-07 21:48:53,G,10,2,2044,577,0,5,-60.9564,-55.6333,48:54.2,FastGPS,-60.9564,-55.6333,,,7.5,-0.8,,,,15,12,29870,,,,2,967,,,,29,1500,,,,31,22796,,,,25,15276,,,,,,,,,,,,,,,,,,,,,,,,,,,,,,,,,,,,,,,,,,,,,,,,,,,,,
180843,7-Sep-19,22:49:00,2019-09-07 22:49:00,G,12,2,2045,577,1,4,-60.9368,-55.5556,29:56.2,FastGPS,-60.9694,-55.5999,,,0.6,-0.3,,,,15,5,5974,,,,2,93,,,,29,14842,,,,26,3771,,,,,,,,,,,,,,,,,,,,,,,,,,,,,,,,,,,,,,,,,,,,,,,,,,,,,,,,,,
180843,8-Sep-19,0:04:00,2019-09-08 00:04:00,G,18,2,2046,578,1,5,-60.9823,-55.5769,04:00.7,FastGPS,-60.9823,-55.5769,,,10.9,-1.3,,,,15,26,7183,,,,5,9498,,,,31,8747,,,,16,2781,,,,21,8372,,,,,,,,,,,,,,,,,,,,,,,,,,,,,,,,,,,,,,,,,,,,,,,,,,,,,
180843,8-Sep-19,1:04:00,2019-09-08 01:04:00,G,4,2,2047,578,1,6,-60.9892,-55.5523,04:00.7,FastGPS,-60.9892,-55.5523,,1,5,-1.3,,,,15,16,25196,,,,26,25524,,,,5,8686,,,,4,2675,,,,21,28427,,,,27,8051,,,,,,,,,,,,,,,,,,,,,,,,,,,,,,,,,,,,,,,,,,,,,,,,
180843,8-Sep-19,6:52:10,2019-09-08 06:52:10,G,2,2,2048,578,0,6,-60.994,-55.4533,52:11.2,FastGPS,-60.994,-55.4533,,,13.5,-0.8,,,,15,32,27533,,,,17,13380,,,,3,21865,,,,22,6586,,,,1,30062,,,,18,23724,,,,,,,,,,,,,,,,,,,,,,,,,,,,,,,,,,,,,,,,,,,,,,,,
180843,8-Sep-19,7:56:53,2019-09-08 07:56:53,G,4,2,2049,,0,9,-60.9895,-55.4519,56:55.2,FastGPS,-60.9895,-55.4519,,,11.4,0.2,,,,15,17,32553,,,,1,8020,,,,31,27993,,,,18,12761,,,,11,31171,,,,3,20068,,,,22,6007,,,,23,8757,,,,19,197,,,,,,,,,,,,,,,,,,,,,,,,,,,,,,,,,
180843,8-Sep-19,9:03:21,2019-09-08 09:03:21,G,12,2,2050,,0,9,-61.0106,-55.4715,03:22.2,FastGPS,-61.0106,-55.4715,,,6,-0.8,,,,15,23,23195,,,,9,27948,,,,3,18202,,,,6,15225,,,,25,23081,,,,17,30755,,,,22,30426,,,,31,11266,,,,1,11689,,,,,,,,,,,,,,,,,,,,,,,,,,,,,,,,,
180843,8-Sep-19,10:05:38,2019-09-08 10:05:38,G,14,2,2051,578,0,4,-60.9865,-55.5605,9/8/2019 0:40,MA,-60.9927,-55.5103,,,0.2,-0.4,,,,15,6,27456,,,,9,16753,,,,23,32350,,,,31,30462,,,,,,,,,,,,,,,,,,,,,,,,,,,,,,,,,,,,,,,,,,,,,,,,,,,,,,,,,,
180843,8-Sep-19,11:21:10,2019-09-08 11:21:10,G,10,2,2052,,0,9,-60.986,-55.4838,21:11.2,FastGPS,-60.986,-55.4838,,,8.1,-0.8,,,,15,7,22782,,,,2,8422,,,,9,23339,,,,23,10804,,,,29,14081,,,,6,8329,,,,16,25334,,,,26,5697,,,,3,21713,,,,,,,,,,,,,,,,,,,,,,,,,,,,,,,,,
180843,8-Sep-19,12:25:08,2019-09-08 12:25:08,G,12,2,2053,578,0,6,-61.0286,-55.4463,25:09.7,FastGPS,-61.0286,-55.4463,,,10.5,-0.3,,,,15,7,17787,,,,30,14513,,,,2,12957,,,,5,3760,,,,9,5050,,,,26,29193,,,,,,,,,,,,,,,,,,,,,,,,,,,,,,,,,,,,,,,,,,,,,,,,
180843,8-Sep-19,13:38:58,2019-09-08 13:38:58,G,10,2,2054,578,0,7,-61.0489,-55.5219,38:58.7,FastGPS,-61.0489,-55.5219,,,6.3,-1.3,,,,15,9,12149,,,,8,26090,,,,7,23602,,,,5,2299,,,,30,8428,,,,28,32652,,,,13,20134,,,,,,,,,,,,,,,,,,,,,,,,,,,,,,,,,,,,,,,,,,,
180843,8-Sep-19,14:39:45,2019-09-08 14:39:45,G,10,2,2055,578,0,6,-61.0559,-55.5936,39:46.2,FastGPS,-61.0559,-55.5936,,,2.3,-0.8,,,,15,5,10283,,,,7,22665,,,,30,2396,,,,28,18407,,,,13,10293,,,,8,4789,,,,,,,,,,,,,,,,,,,,,,,,,,,,,,,,,,,,,,,,,,,,,,,,
180843,8-Sep-19,16:58:35,2019-09-08 16:58:35,G,4,2,2056,,0,9,-61.1049,-55.6438,58:36.7,FastGPS,-61.1049,-55.6438,,,12.5,-0.3,,,,15,28,12123,,,,13,23768,,,,11,7640,,,,18,4459,,,,1,16876,,,,15,23673,,,,19,25742,,,,17,11585,,,,30,31778,,,,,,,,,,,,,,,,,,,,,,,,,,,,,,,,,
180843,8-Sep-19,17:59:39,2019-09-08 17:59:39,G,6,2,2057,578,0,7,-61.1315,-55.6582,59:40.2,FastGPS,-61.1315,-55.6582,,,10.8,-0.8,,,,15,12,19895,,,,15,1003,,,,1,4866,,,,18,1729,,,,24,29031,,,,11,16646,,,,17,26490,,,,,,,,,,,,,,,,,,,,,,,,,,,,,,,,,,,,,,,,,,,
180843,8-Sep-19,19:04:30,2019-09-08 19:04:30,G,6,2,2140,578,1,6,-60.9927,-55.5103,05:39.6,FastGPS,-61.156,-55.636,,2,0.1,0.3,,,,15,12,28940,,,,17,25549,,,,24,26554,,,,32,22875,,,,16,18607,,,,8,24523,,,,,,,,,,,,,,,,,,,,,,,,,,,,,,,,,,,,,,,,,,,,,,,,
180843,8-Sep-19,20:06:54,2019-09-08 20:06:54,G,4,2,2315,578,0,6,-61.1728,-55.5741,06:56.2,FastGPS,-61.1728,-55.5741,,,3.5,0.2,,,,15,17,32162,,,,12,25241,,,,19,16107,,,,24,14427,,,,6,6828,,,,2,26498,,,,,,,,,,,,,,,,,,,,,,,,,,,,,,,,,,,,,,,,,,,,,,,,
180843,8-Sep-19,21:24:05,2019-09-08 21:24:05,G,4,2,2316,578,0,7,-61.1586,-55.6603,24:07.2,FastGPS,-61.1586,-55.6603,,,9,0.2,,,,15,31,13044,,,,12,24426,,,,29,32643,,,,25,5908,,,,14,17131,,,,2,30930,,,,6,23582,,,,,,,,,,,,,,,,,,,,,,,,,,,,,,,,,,,,,,,,,,,
180843,8-Sep-19,22:24:06,2019-09-08 22:24:06,G,4,2,2317,578,0,6,-61.1304,-55.6525,24:08.2,FastGPS,-61.1304,-55.6525,,,3.4,0.2,,,,15,25,23032,,,,29,639,,,,31,24013,,,,12,16854,,,,5,18990,,,,2,11201,,,,,,,,,,,,,,,,,,,,,,,,,,,,,,,,,,,,,,,,,,,,,,,,
180843,9-Sep-19,0:56:30,2019-09-09 00:56:30,G,6,2,2318,579,0,5,-60.9797,-55.4924,47:40.2,FastGPS,-61.0755,-55.5849,,1,0.9,-0.3,,,,15,4,16700,,,,16,13921,,,,29,31510,,,,27,20606,,,,26,24224,,,,,,,,,,,,,,,,,,,,,,,,,,,,,,,,,,,,,,,,,,,,,,,,,,,,,
180843,9-Sep-19,2:22:09,2019-09-09 02:22:09,G,4,2,2319,579,0,6,-61.0617,-55.5587,22:11.2,FastGPS,-61.0617,-55.5587,,1,3.9,0.2,,,,15,27,22038,,,,16,26875,,,,21,5104,,,,10,18820,,,,20,27753,,,,4,10910,,,,,,,,,,,,,,,,,,,,,,,,,,,,,,,,,,,,,,,,,,,,,,,,
180843,9-Sep-19,3:27:24,2019-09-09 03:27:24,G,4,2,2320,579,0,7,-61.0555,-55.5239,27:25.7,FastGPS,-61.0555,-55.5239,,1,2.9,-0.3,,,,15,15,7881,,,,27,22238,,,,10,115,,,,20,30901,,,,8,22513,,,,21,2040,,,,4,24119,,,,,,,,,,,,,,,,,,,,,,,,,,,,,,,,,,,,,,,,,,,
180843,9-Sep-19,4:56:00,2019-09-09 04:56:00,G,10,2,2321,,0,9,-61.0392,-55.4514,56:01.7,FastGPS,-61.0392,-55.4514,,1,8.2,-0.3,,,,15,32,23903,,,,11,31844,,,,1,7918,,,,18,31095,,,,10,18923,,,,8,25889,,,,4,17668,,,,14,7083,,,,27,4773,,,,,,,,,,,,,,,,,,,,,,,,,,,,,,,,,
180843,9-Sep-19,5:58:41,2019-09-09 05:58:41,G,10,2,2322,580,0,8,-61.036,-55.4208,58:43.2,FastGPS,-61.036,-55.4208,,,3,0.2,,,,15,22,17478,,,,11,8683,,,,1,28628,,,,18,1078,,,,32,809,,,,28,32647,,,,8,10997,,,,24,3696,,,,,,,,,,,,,,,,,,,,,,,,,,,,,,,,,,,,,,
180843,9-Sep-19,6:59:08,2019-09-09 06:59:08,G,8,2,2323,580,0,8,-61.0312,-55.3795,59:10.2,FastGPS,-61.0312,-55.3795,,,6.6,0.2,,,,15,32,1905,,,,1,3040,,,,14,23888,,,,22,2900,,,,18,5556,,,,11,16644,,,,3,30596,,,,17,7644,,,,,,,,,,,,,,,,,,,,,,,,,,,,,,,,,,,,,,
180843,9-Sep-19,8:14:00,2019-09-09 08:14:00,G,10,2,2324,,0,9,-61.025,-55.3347,14:01.7,FastGPS,-61.025,-55.3347,,,4.4,-0.3,,,,15,23,29833,,,,11,7543,,,,17,20298,,,,1,3881,,,,3,12483,,,,18,16618,,,,31,21209,,,,12,4237,,,,19,32091,,,,,,,,,,,,,,,,,,,,,,,,,,,,,,,,,
180843,9-Sep-19,9:14:55,2019-09-09 09:14:55,G,10,2,2325,581,0,6,-61.0039,-55.3426,14:56.7,FastGPS,-61.0039,-55.3426,,,11.2,-0.3,,,,15,3,21739,,,,22,2411,,,,31,6311,,,,23,15635,,,,9,14849,,,,6,9852,,,,,,,,,,,,,,,,,,,,,,,,,,,,,,,,,,,,,,,,,,,,,,,,
180843,9-Sep-19,10:15:33,2019-09-09 10:15:33,G,2,2,2326,581,0,7,-60.9885,-55.3762,15:35.2,FastGPS,-60.9885,-55.3762,,,8.4,0.2,,,,15,31,20468,,,,3,6942,,,,23,7525,,,,22,19355,,,,29,21759,,,,26,7423,,,,7,1877,,,,,,,,,,,,,,,,,,,,,,,,,,,,,,,,,,,,,,,,,,,
180843,9-Sep-19,11:46:54,2019-09-09 11:46:54,G,6,3,2327,581,0,8,-60.9622,-55.4328,46:56.2,FastGPS,-60.9622,-55.4328,,,9.9,-0.8,,,,15,23,27665,,,,16,2504,,,,9,8499,,,,30,20832,,,,6,8678,,,,7,22886,,,,26,32130,,,,5,124,,,,,,,,,,,,,,,,,,,,,,,,,,,,,,,,,,,,,,
180843,9-Sep-19,12:47:38,2019-09-09 12:47:38,G,16,3,2328,581,0,5,-61.0318,-55.2217,56:18.7,FastGPS,-60.9797,-55.4924,,1,0.6,-0.8,,,,15,5,1003,,,,30,5808,,,,7,5709,,,,27,25637,,,,4,30395,,,,,,,,,,,,,,,,,,,,,,,,,,,,,,,,,,,,,,,,,,,,,,,,,,,,,
180843,9-Sep-19,14:35:15,2019-09-09 14:35:15,G,10,3,2329,581,0,7,-61.0138,-55.4881,35:16.7,FastGPS,-61.0138,-55.4881,,,12.4,-1.3,,,,15,30,17066,,,,28,30802,,,,7,6194,,,,5,25424,,,,8,18786,,,,13,22784,,,,15,3676,,,,,,,,,,,,,,,,,,,,,,,,,,,,,,,,,,,,,,,,,,,
180843,9-Sep-19,15:46:21,2019-09-09 15:46:21,G,6,3,2330,581,0,4,-61.0318,-55.2217,56:18.7,FastGPS,-61.0404,-55.4486,,,2.7,-1.3,,,,15,15,16526,,,,11,29392,,,,30,25180,,,,13,10289,,,,,,,,,,,,,,,,,,,,,,,,,,,,,,,,,,,,,,,,,,,,,,,,,,,,,,,,,,
180843,9-Sep-19,16:49:48,2019-09-09 16:49:48,G,8,3,2331,,0,9,-61.0532,-55.3877,49:49.7,FastGPS,-61.0532,-55.3877,,,7.3,-1.3,,,,15,15,12642,,,,13,25921,,,,17,14463,,,,18,23695,,,,24,25876,,,,11,32119,,,,10,25120,,,,20,4950,,,,1,26941,,,,,,,,,,,,,,,,,,,,,,,,,,,,,,,,,
180843,9-Sep-19,17:50:00,2019-09-09 17:50:00,G,6,3,2332,,0,9,-61.0383,-55.3303,50:01.7,FastGPS,-61.0383,-55.3303,,,8,-1.3,,,,15,28,19949,,,,17,12851,,,,10,20765,,,,24,4466,,,,1,30473,,,,15,7457,,,,18,3611,,,,19,8794,,,,11,23118,,,,,,,,,,,,,,,,,,,,,,,,,,,,,,,,,
180843,9-Sep-19,18:55:36,2019-09-09 18:55:36,G,14,3,2333,581,0,7,-61.0383,-55.2637,55:36.7,FastGPS,-61.0383,-55.2637,,,4.2,-2.3,,,,15,17,17466,,,,19,21552,,,,6,25186,,,,22,11548,,,,12,25365,,,,1,1471,,,,15,14970,,,,,,,,,,,,,,,,,,,,,,,,,,,,,,,,,,,,,,,,,,,
180843,9-Sep-19,19:56:36,2019-09-09 19:56:36,G,2,3,2334,581,0,6,-61.0301,-55.2408,56:37.2,FastGPS,-61.0301,-55.2408,,,7,-1.8,,,,15,17,28365,,,,2,134,,,,24,2933,,,,19,3900,,,,6,1512,,,,12,20613,,,,,,,,,,,,,,,,,,,,,,,,,,,,,,,,,,,,,,,,,,,,,,,,
180843,9-Sep-19,20:56:17,2019-09-09 20:56:17,G,2,3,2335,581,0,5,-61.0318,-55.2217,56:18.7,FastGPS,-61.0318,-55.2217,,,2.5,-1.3,,,,15,29,18187,,,,25,16483,,,,12,22026,,,,2,9662,,,,14,29968,,,,,,,,,,,,,,,,,,,,,,,,,,,,,,,,,,,,,,,,,,,,,,,,,,,,,
180843,9-Sep-19,22:00:32,2019-09-09 22:00:32,G,2,3,2336,581,0,8,-61.0182,-55.1984,00:33.2,FastGPS,-61.0182,-55.1984,,,34.2,-1.8,,,,15,12,4684,,,,31,23723,,,,5,22434,,,,23,19581,,,,29,31226,,,,6,10797,,,,25,19476,,,,2,25879,,,,,,,,,,,,,,,,,,,,,,,,,,,,,,,,,,,,,,
180843,9-Sep-19,23:04:18,2019-09-09 23:04:18,G,2,3,2337,581,0,8,-60.9966,-55.1742,04:19.2,FastGPS,-60.9966,-55.1742,,,4.3,-1.8,,,,15,5,12816,,,,2,22524,,,,29,8288,,,,9,25429,,,,25,14495,,,,26,7759,,,,31,24990,,,,12,14807,,,,,,,,,,,,,,,,,,,,,,,,,,,,,,,,,,,,,,
180843,10-Sep-19,1:40:00,2019-09-10 01:40:00,G,4,3,2339,,1,9,-61.0481,-55.0873,40:00.7,FastGPS,-61.0481,-55.0873,,1,6.2,-2.3,,,,15,29,28783,,,,15,22717,,,,20,12375,,,,27,12117,,,,16,3323,,,,26,1597,,,,4,8131,,,,7,6341,,,,21,29939,,,,,,,,,,,,,,,,,,,,,,,,,,,,,,,,,
180843,10-Sep-19,4:50:36,2019-09-10 04:50:36,G,2,3,2340,581,0,5,-61.0701,-54.9763,50:36.2,FastGPS,-61.0701,-54.9763,,,19.1,-2.8,,,,15,32,20976,,,,20,22135,,,,10,23668,,,,18,26181,,,,11,26424,,,,,,,,,,,,,,,,,,,,,,,,,,,,,,,,,,,,,,,,,,,,,,,,,,,,,
180843,10-Sep-19,5:50:20,2019-09-10 05:50:20,G,2,3,2341,581,0,6,-61.0907,-54.9551,50:20.7,FastGPS,-61.0907,-54.9551,,,6.5,-2.3,,,,15,22,27905,,,,11,2101,,,,1,13289,,,,18,28203,,,,28,6447,,,,8,23579,,,,,,,,,,,,,,,,,,,,,,,,,,,,,,,,,,,,,,,,,,,,,,,,
180843,10-Sep-19,6:50:00,2019-09-10 06:50:00,G,4,3,2342,,0,9,-61.1021,-54.9313,50:00.7,FastGPS,-61.1021,-54.9313,,,12.2,-2.3,,,,15,17,14818,,,,32,2532,,,,3,28433,,,,22,7489,,,,31,23411,,,,19,19161,,,,14,11765,,,,1,19153,,,,11,9968,,,,,,,,,,,,,,,,,,,,,,,,,,,,,,,,,
180843,10-Sep-19,7:57:04,2019-09-10 07:57:04,G,2,3,2343,,0,9,-61.0931,-54.8842,57:05.2,FastGPS,-61.0931,-54.8842,,,12.4,-1.8,,,,15,1,3557,,,,17,4801,,,,22,23592,,,,19,23239,,,,3,19756,,,,31,32026,,,,23,30083,,,,14,25366,,,,11,17185,,,,,,,,,,,,,,,,,,,,,,,,,,,,,,,,,
180843,10-Sep-19,8:59:00,2019-09-10 08:59:00,G,2,3,2344,581,0,8,-61.0945,-54.8597,59:01.2,FastGPS,-61.0945,-54.8597,,,10.4,-1.8,,,,15,31,9156,,,,23,31400,,,,3,15332,,,,6,24679,,,,19,22552,,,,22,20728,,,,1,25305,,,,14,30138,,,,,,,,,,,,,,,,,,,,,,,,,,,,,,,,,,,,,,
180843,10-Sep-19,10:04:02,2019-09-10 10:04:02,G,4,3,2345,581,0,6,-61.0827,-54.8499,04:02.7,FastGPS,-61.0827,-54.8499,,,3.5,-2.3,,,,15,23,2134,,,,31,11942,,,,26,21072,,,,3,25175,,,,9,4492,,,,2,733,,,,,,,,,,,,,,,,,,,,,,,,,,,,,,,,,,,,,,,,,,,,,,,,
180843,10-Sep-19,12:37:02,2019-09-10 12:37:02,G,8,3,2347,582,0,7,-61.0948,-54.8998,37:03.2,FastGPS,-61.0948,-54.8998,,1,8.6,-1.8,,,,15,30,6468,,,,5,9506,,,,7,26842,,,,27,2174,,,,9,9421,,,,4,14700,,,,16,27704,,,,,,,,,,,,,,,,,,,,,,,,,,,,,,,,,,,,,,,,,,,
180843,10-Sep-19,13:40:06,2019-09-10 13:40:06,G,2,3,2348,582,0,7,-61.0859,-54.9504,40:07.2,FastGPS,-61.0859,-54.9504,,,5,-1.8,,,,15,5,17298,,,,13,10869,,,,30,8657,,,,7,28359,,,,21,15453,,,,8,15482,,,,27,6192,,,,,,,,,,,,,,,,,,,,,,,,,,,,,,,,,,,,,,,,,,,
180843,10-Sep-19,14:44:30,2019-09-10 14:44:30,G,2,3,2349,582,0,7,-61.0789,-55.0083,44:31.2,FastGPS,-61.0789,-55.0083,,,6.2,-1.8,,,,15,7,21574,,,,5,12738,,,,30,1354,,,,8,26820,,,,13,19960,,,,28,18894,,,,15,23404,,,,,,,,,,,,,,,,,,,,,,,,,,,,,,,,,,,,,,,,,,,
180843,10-Sep-19,16:11:53,2019-09-10 16:11:53,G,6,3,2350,583,0,8,-61.0481,-55.0267,11:54.2,FastGPS,-61.0481,-55.0267,,,18.7,-1.8,,,,15,15,8083,,,,13,17532,,,,8,25758,,,,18,32040,,,,28,27616,,,,10,11927,,,,20,5380,,,,11,10008,,,,,,,,,,,,,,,,,,,,,,,,,,,,,,,,,,,,,,
180843,10-Sep-19,17:12:00,2019-09-10 17:12:00,G,6,3,2351,583,0,5,-61.0645,-55.0067,12:01.4,FastGPS,-61.0645,-55.0067,,,23.7,-1.6,,,,15,18,3563,,,,19,19377,,,,17,26082,,,,11,19078,,,,1,29752,,,,,,,,,,,,,,,,,,,,,,,,,,,,,,,,,,,,,,,,,,,,,,,,,,,,,
180843,10-Sep-19,18:47:39,2019-09-10 18:47:39,G,2,3,2352,585,0,4,-61.0755,-54.8863,55:00.7,FastGPS,-61.0711,-55.0089,,,0.5,-1.9,,,,15,17,16819,,,,12,2157,,,,24,29451,,,,19,13932,,,,,,,,,,,,,,,,,,,,,,,,,,,,,,,,,,,,,,,,,,,,,,,,,,,,,,,,,,
180843,10-Sep-19,19:48:56,2019-09-10 19:48:56,G,2,3,2353,,0,9,-61.0749,-55.0114,48:57.2,FastGPS,-61.0749,-55.0114,,,8.1,-1.8,,,,15,12,6760,,,,17,2414,,,,32,11003,,,,25,27555,,,,14,4710,,,,6,20022,,,,19,5555,,,,3,7153,,,,22,24800,,,,,,,,,,,,,,,,,,,,,,,,,,,,,,,,,
180843,10-Sep-19,20:52:16,2019-09-10 20:52:16,G,4,3,2354,585,0,7,-61.0761,-54.9805,52:17.2,FastGPS,-61.0761,-54.9805,,,5.2,-1.8,,,,15,31,6367,,,,25,8159,,,,6,26128,,,,12,14163,,,,29,9225,,,,19,22290,,,,24,4025,,,,,,,,,,,,,,,,,,,,,,,,,,,,,,,,,,,,,,,,,,,
180843,10-Sep-19,21:54:45,2019-09-10 21:54:45,G,6,3,2355,585,0,6,-61.0705,-54.9777,54:46.2,FastGPS,-61.0705,-54.9777,,,3.5,-1.8,,,,15,29,2590,,,,31,30717,,,,25,29481,,,,2,5353,,,,12,20173,,,,23,27708,,,,,,,,,,,,,,,,,,,,,,,,,,,,,,,,,,,,,,,,,,,,,,,,
180843,10-Sep-19,22:55:00,2019-09-10 22:55:00,G,4,3,2356,585,1,5,-61.073,-54.959,55:00.7,FastGPS,-61.073,-54.959,,,1.9,-2.3,,,,15,5,5211,,,,21,27562,,,,29,9343,,,,25,87,,,,12,8832,,,,,,,,,,,,,,,,,,,,,,,,,,,,,,,,,,,,,,,,,,,,,,,,,,,,,
180843,10-Sep-19,23:55:00,2019-09-10 23:55:00,G,2,3,2357,585,1,5,-61.0745,-54.924,55:00.8,FastGPS,-61.0745,-54.924,,,8.7,-2.2,,,,15,5,14420,,,,25,19313,,,,21,23587,,,,29,17799,,,,2,19627,,,,,,,,,,,,,,,,,,,,,,,,,,,,,,,,,,,,,,,,,,,,,,,,,,,,,
180843,11-Sep-19,0:55:00,2019-09-11 00:55:00,G,4,3,2358,585,1,5,-61.0745,-54.8437,55:01.7,FastGPS,-61.0755,-54.8863,,1,0.9,-2.3,,,,15,27,22198,,,,4,14708,,,,20,31070,,,,16,31117,,,,26,20941,,,,,,,,,,,,,,,,,,,,,,,,,,,,,,,,,,,,,,,,,,,,,,,,,,,,,
180843,11-Sep-19,1:55:00,2019-09-11 01:55:00,G,4,3,2359,,1,9,-61.0745,-54.8437,55:01.7,FastGPS,-61.0745,-54.8437,,,5.6,-1.3,,,,15,7,31249,,,,27,16055,,,,8,10647,,,,10,20194,,,,26,32131,,,,16,17413,,,,29,10802,,,,15,10654,,,,20,6619,,,,,,,,,,,,,,,,,,,,,,,,,,,,,,,,,
180843,11-Sep-19,5:56:03,2019-09-11 05:56:03,G,2,3,2360,585,0,7,-61.0766,-54.6526,56:04.2,FastGPS,-61.0766,-54.6526,,,6.7,-1.8,,,,15,18,23052,,,,11,29782,,,,8,6144,,,,32,24211,,,,22,24004,,,,14,32416,,,,10,12523,,,,,,,,,,,,,,,,,,,,,,,,,,,,,,,,,,,,,,,,,,,
180843,11-Sep-19,7:13:48,2019-09-11 07:13:48,G,2,3,2361,586,0,7,-61.0917,-54.663,13:50.2,FastGPS,-61.0917,-54.663,,,3.6,-0.8,,,,15,17,9210,,,,32,5086,,,,19,19321,,,,12,4135,,,,31,17076,,,,1,30772,,,,25,29753,,,,,,,,,,,,,,,,,,,,,,,,,,,,,,,,,,,,,,,,,,,
180843,11-Sep-19,8:33:00,2019-09-11 08:33:00,G,2,3,2362,587,0,6,-61.1017,-54.6527,33:01.7,FastGPS,-61.1017,-54.6527,,,14,-1.3,,,,15,31,5781,,,,3,307,,,,14,11262,,,,22,19769,,,,25,7684,,,,32,15371,,,,,,,,,,,,,,,,,,,,,,,,,,,,,,,,,,,,,,,,,,,,,,,,
180843,11-Sep-19,10:42:48,2019-09-11 10:42:48,G,2,3,2364,587,0,6,-61.0879,-54.6819,42:49.2,FastGPS,-61.0879,-54.6819,,,3.8,-1.8,,,,15,9,26690,,,,23,11906,,,,2,6103,,,,7,30198,,,,6,17057,,,,3,12308,,,,,,,,,,,,,,,,,,,,,,,,,,,,,,,,,,,,,,,,,,,,,,,,
180843,11-Sep-19,12:48:16,2019-09-11 12:48:16,G,2,3,2366,587,0,4,-61.0767,-54.7767,9/11/2019 3:40,MC,-61.092,-54.7058,,,0.9,-1.3,,,,15,30,27796,,,,7,5323,,,,5,12541,,,,9,3049,,,,,,,,,,,,,,,,,,,,,,,,,,,,,,,,,,,,,,,,,,,,,,,,,,,,,,,,,,
180843,11-Sep-19,14:49:15,2019-09-11 14:49:15,G,2,3,2368,587,0,7,-61.0957,-54.7097,49:16.2,FastGPS,-61.0957,-54.7097,,,2.3,-1.8,,,,15,7,5369,,,,5,31340,,,,30,6379,,,,8,12677,,,,13,22283,,,,28,4436,,,,15,9818,,,,,,,,,,,,,,,,,,,,,,,,,,,,,,,,,,,,,,,,,,,
180843,11-Sep-19,15:53:35,2019-09-11 15:53:35,G,2,3,2369,587,0,7,-61.0939,-54.7201,53:36.2,FastGPS,-61.0939,-54.7201,,,16.4,-1.8,,,,15,17,17827,,,,30,2950,,,,18,27275,,,,11,18951,,,,7,19366,,,,28,15604,,,,13,24791,,,,,,,,,,,,,,,,,,,,,,,,,,,,,,,,,,,,,,,,,,,
180843,11-Sep-19,16:56:35,2019-09-11 16:56:35,G,4,3,2370,587,0,6,-61.0977,-54.6969,56:35.7,FastGPS,-61.0977,-54.6969,,,20.1,-2.3,,,,15,15,20956,,,,17,29312,,,,28,838,,,,30,3126,,,,19,14619,,,,13,30990,,,,,,,,,,,,,,,,,,,,,,,,,,,,,,,,,,,,,,,,,,,,,,,,
180843,11-Sep-19,19:06:37,2019-09-11 19:06:37,G,6,3,2371,588,0,6,-61.0967,-54.7184,06:37.7,FastGPS,-61.0967,-54.7184,,,3.3,-2.3,,,,15,12,3833,,,,17,21915,,,,32,10788,,,,25,32120,,,,24,17144,,,,19,27539,,,,,,,,,,,,,,,,,,,,,,,,,,,,,,,,,,,,,,,,,,,,,,,,
180843,11-Sep-19,20:07:28,2019-09-11 20:07:28,G,4,3,2372,,0,9,-61.0943,-54.6762,07:29.2,FastGPS,-61.0943,-54.6762,,,11.9,-1.8,,,,15,25,10455,,,,17,32034,,,,12,22843,,,,32,8310,,,,29,32169,,,,19,1276,,,,6,10981,,,,14,18015,,,,24,27489,,,,,,,,,,,,,,,,,,,,,,,,,,,,,,,,,
180843,11-Sep-19,21:25:52,2019-09-11 21:25:52,G,4,3,2373,589,0,5,-61.0934,-54.682,25:54.2,FastGPS,-61.0934,-54.682,,,1.7,-0.8,,,,15,12,26355,,,,29,16830,,,,31,14648,,,,25,19885,,,,2,12575,,,,,,,,,,,,,,,,,,,,,,,,,,,,,,,,,,,,,,,,,,,,,,,,,,,,,
180843,11-Sep-19,22:55:46,2019-09-11 22:55:46,G,2,3,2374,589,0,4,-61.092,-54.7058,48:17.7,FastGPS,-61.1041,-54.7228,,,0.5,-1.1,,,,15,31,8212,,,,29,25588,,,,5,31557,,,,2,10199,,,,,,,,,,,,,,,,,,,,,,,,,,,,,,,,,,,,,,,,,,,,,,,,,,,,,,,,,,
180843,12-Sep-19,0:16:53,2019-09-12 00:16:53,G,8,3,2375,589,0,4,-61.1041,-54.7228,55:47.9,FastGPS,-61.1018,-54.7248,,,0.3,-1.8,,,,15,5,74,,,,21,11971,,,,26,17773,,,,29,5880,,,,,,,,,,,,,,,,,,,,,,,,,,,,,,,,,,,,,,,,,,,,,,,,,,,,,,,,,,
180843,12-Sep-19,2:57:03,2019-09-12 02:57:03,G,4,3,2376,590,0,5,-61.1018,-54.7248,16:54.2,FastGPS,-61.1024,-54.7253,,1,1.4,-0.7,,,,15,10,12990,,,,21,31792,,,,4,27649,,,,27,1583,,,,15,14473,,,,,,,,,,,,,,,,,,,,,,,,,,,,,,,,,,,,,,,,,,,,,,,,,,,,,
180843,12-Sep-19,5:38:00,2019-09-12 05:38:00,G,4,3,2377,,0,9,-61.0982,-54.7176,38:02.3,FastGPS,-61.0982,-54.7176,,,5.6,-0.7,,,,15,22,16543,,,,8,12974,,,,18,32180,,,,11,5400,,,,1,8213,,,,32,4951,,,,14,8387,,,,3,24975,,,,10,18957,,,,,,,,,,,,,,,,,,,,,,,,,,,,,,,,,
180843,12-Sep-19,6:39:00,2019-09-12 06:39:00,G,4,3,2378,591,0,7,-61.1007,-54.6907,39:01.7,FastGPS,-61.1007,-54.6907,,,11.3,-1.3,,,,15,22,21599,,,,3,6100,,,,11,3783,,,,1,7055,,,,32,32518,,,,31,2658,,,,18,27333,,,,,,,,,,,,,,,,,,,,,,,,,,,,,,,,,,,,,,,,,,,
180843,12-Sep-19,7:41:10,2019-09-12 07:41:10,G,6,3,2379,591,0,8,-61.1022,-54.6451,41:11.3,FastGPS,-61.1022,-54.6451,,,9.6,-1.7,,,,15,18,17882,,,,17,4362,,,,31,8146,,,,22,13776,,,,1,13066,,,,11,2120,,,,3,27064,,,,14,7913,,,,,,,,,,,,,,,,,,,,,,,,,,,,,,,,,,,,,,
180843,12-Sep-19,9:00:05,2019-09-12 09:00:05,G,2,3,2380,592,0,8,-61.1157,-54.6346,00:07.3,FastGPS,-61.1157,-54.6346,,,11.7,-0.8,,,,15,23,14915,,,,3,50,,,,31,22061,,,,22,19756,,,,9,8974,,,,6,9469,,,,25,7384,,,,19,23925,,,,,,,,,,,,,,,,,,,,,,,,,,,,,,,,,,,,,,
180843,12-Sep-19,21:54:38,2019-09-12 21:54:38,G,2,3,2383,594,0,6,-61.1605,-54.8799,54:39.3,FastGPS,-61.1605,-54.8799,,,8.6,-1.7,,,,15,29,1321,,,,31,15955,,,,12,1759,,,,25,3047,,,,23,15788,,,,2,5032,,,,,,,,,,,,,,,,,,,,,,,,,,,,,,,,,,,,,,,,,,,,,,,,
180843,12-Sep-19,22:54:00,2019-09-12 22:54:00,G,2,3,2384,594,0,7,-61.1614,-54.921,54:01.8,FastGPS,-61.1614,-54.921,,,4.8,-1.2,,,,15,5,3284,,,,29,26817,,,,31,4290,,,,25,25572,,,,2,178,,,,26,525,,,,21,15713,,,,,,,,,,,,,,,,,,,,,,,,,,,,,,,,,,,,,,,,,,,
180843,13-Sep-19,0:55:02,2019-09-13 00:55:02,G,4,3,2386,594,0,6,-61.1753,-55.0516,55:02.7,FastGPS,-61.1753,-55.0516,,,8.1,-2.3,,,,15,21,6165,,,,29,5590,,,,16,29687,,,,27,13356,,,,7,16761,,,,26,25948,,,,,,,,,,,,,,,,,,,,,,,,,,,,,,,,,,,,,,,,,,,,,,,,
180843,13-Sep-19,3:14:26,2019-09-13 03:14:26,G,4,3,2387,595,0,7,-61.2031,-55.0565,14:27.3,FastGPS,-61.2031,-55.0565,,1,11.2,-1.7,,,,15,10,23011,,,,27,5270,,,,4,1999,,,,15,23081,,,,20,13173,,,,8,18187,,,,21,7196,,,,,,,,,,,,,,,,,,,,,,,,,,,,,,,,,,,,,,,,,,,
180843,13-Sep-19,4:14:00,2019-09-13 04:14:00,G,4,3,2388,,0,9,-61.2104,-55.0423,14:01.7,FastGPS,-61.2104,-55.0423,,1,16.1,-1.3,,,,15,10,29814,,,,18,16188,,,,11,12756,,,,8,6702,,,,28,7349,,,,27,26585,,,,4,23334,,,,32,24942,,,,1,25048,,,,,,,,,,,,,,,,,,,,,,,,,,,,,,,,,
180843,13-Sep-19,5:44:25,2019-09-13 05:44:25,G,2,3,2389,597,0,6,-61.2322,-55.0732,44:26.3,FastGPS,-61.2322,-55.0732,,,9.7,-1.7,,,,15,14,31505,,,,32,446,,,,8,29898,,,,22,21732,,,,1,32136,,,,18,32512,,,,,,,,,,,,,,,,,,,,,,,,,,,,,,,,,,,,,,,,,,,,,,,,
180843,13-Sep-19,6:45:29,2019-09-13 06:45:29,G,4,3,2390,597,0,8,-61.2313,-55.1286,45:30.8,FastGPS,-61.2313,-55.1286,,,11.5,-1.2,,,,15,31,514,,,,18,30676,,,,17,13878,,,,1,1512,,,,11,9025,,,,22,6963,,,,14,22791,,,,32,27715,,,,,,,,,,,,,,,,,,,,,,,,,,,,,,,,,,,,,,
180843,13-Sep-19,8:05:48,2019-09-13 08:05:48,G,4,3,2391,,0,9,-61.2578,-55.1817,05:48.8,FastGPS,-61.2578,-55.1817,,,6.7,-2.2,,,,15,3,10672,,,,22,3710,,,,1,28995,,,,18,1781,,,,17,22644,,,,12,20361,,,,19,20314,,,,31,19469,,,,23,18192,,,,,,,,,,,,,,,,,,,,,,,,,,,,,,,,,
180843,13-Sep-19,9:06:01,2019-09-13 09:06:01,G,2,3,2392,598,0,5,-61.2827,-55.2084,06:01.9,FastGPS,-61.2827,-55.2084,,,7.4,-2.1,,,,15,23,6906,,,,31,3302,,,,3,20596,,,,9,22360,,,,14,32225,,,,,,,,,,,,,,,,,,,,,,,,,,,,,,,,,,,,,,,,,,,,,,,,,,,,,
180843,13-Sep-19,10:29:53,2019-09-13 10:29:53,G,4,3,2393,599,0,8,-61.278,-55.2695,29:54.3,FastGPS,-61.278,-55.2695,,,9.4,-1.7,,,,15,7,636,,,,2,885,,,,9,14696,,,,6,25345,,,,23,14306,,,,29,28891,,,,26,17313,,,,3,24653,,,,,,,,,,,,,,,,,,,,,,,,,,,,,,,,,,,,,,
180843,13-Sep-19,12:25:39,2019-09-13 12:25:39,G,8,3,2394,599,0,5,-61.2471,-55.3648,25:40.7,FastGPS,-61.2471,-55.3648,,,2.6,-1.3,,,,15,7,6851,,,,5,26072,,,,30,21913,,,,9,17121,,,,2,20919,,,,,,,,,,,,,,,,,,,,,,,,,,,,,,,,,,,,,,,,,,,,,,,,,,,,,
180843,13-Sep-19,13:44:05,2019-09-13 13:44:05,G,2,3,2395,599,0,7,-61.2182,-55.4008,44:06.8,FastGPS,-61.2182,-55.4008,,,8.8,-1.2,,,,15,5,25236,,,,30,12832,,,,28,13165,,,,8,16204,,,,27,30079,,,,7,11202,,,,21,17981,,,,,,,,,,,,,,,,,,,,,,,,,,,,,,,,,,,,,,,,,,,
180843,13-Sep-19,15:46:08,2019-09-13 15:46:08,G,4,3,2397,599,0,5,-61.2198,-55.3945,46:09.8,FastGPS,-61.2198,-55.3945,,,4,-1.2,,,,15,30,14517,,,,17,3814,,,,15,29304,,,,28,31764,,,,11,1336,,,,,,,,,,,,,,,,,,,,,,,,,,,,,,,,,,,,,,,,,,,,,,,,,,,,,
180843,13-Sep-19,16:48:10,2019-09-13 16:48:10,G,4,3,2398,599,0,7,-61.2268,-55.3854,48:12.2,FastGPS,-61.2268,-55.3854,,,11.1,-0.8,,,,15,28,11217,,,,17,5431,,,,19,23187,,,,13,10257,,,,15,2270,,,,11,21340,,,,1,28210,,,,,,,,,,,,,,,,,,,,,,,,,,,,,,,,,,,,,,,,,,,
180843,13-Sep-19,17:49:16,2019-09-13 17:49:16,G,2,3,2399,599,0,5,-61.2153,-55.3963,49:18.3,FastGPS,-61.2153,-55.3963,,,7.7,-0.7,,,,15,28,23958,,,,17,25811,,,,15,24662,,,,12,23838,,,,1,24746,,,,,,,,,,,,,,,,,,,,,,,,,,,,,,,,,,,,,,,,,,,,,,,,,,,,,
180843,13-Sep-19,20:09:32,2019-09-13 20:09:32,G,2,3,2401,600,0,8,-61.193,-55.4021,09:34.3,FastGPS,-61.193,-55.4021,,,7.7,-0.7,,,,15,12,26429,,,,29,22278,,,,2,25126,,,,24,24225,,,,6,12267,,,,19,30777,,,,31,1045,,,,25,17354,,,,,,,,,,,,,,,,,,,,,,,,,,,,,,,,,,,,,,
180843,13-Sep-19,21:26:04,2019-09-13 21:26:04,G,2,3,2402,601,0,5,-61.1896,-55.4041,26:06.3,FastGPS,-61.1896,-55.4041,,,3.9,-0.7,,,,15,29,791,,,,25,11229,,,,31,22215,,,,12,18555,,,,2,29109,,,,,,,,,,,,,,,,,,,,,,,,,,,,,,,,,,,,,,,,,,,,,,,,,,,,,
180843,13-Sep-19,22:26:18,2019-09-13 22:26:18,G,10,3,2403,601,0,7,-61.2024,-55.396,26:20.3,FastGPS,-61.2024,-55.396,,,9.4,-0.7,,,,15,31,5266,,,,29,32299,,,,26,28686,,,,2,8827,,,,9,8190,,,,23,12844,,,,25,11835,,,,,,,,,,,,,,,,,,,,,,,,,,,,,,,,,,,,,,,,,,,
180843,13-Sep-19,23:27:14,2019-09-13 23:27:14,G,10,3,2404,601,0,7,-61.1913,-55.4167,27:16.3,FastGPS,-61.1913,-55.4167,,1,6.7,-0.7,,,,15,5,31257,,,,31,7839,,,,29,24771,,,,21,1218,,,,25,3036,,,,2,10282,,,,24,30989,,,,,,,,,,,,,,,,,,,,,,,,,,,,,,,,,,,,,,,,,,,
180843,14-Sep-19,0:28:12,2019-09-14 00:28:12,G,4,3,2405,601,0,8,-61.1849,-55.418,28:14.2,FastGPS,-61.1849,-55.418,,1,12.3,-0.8,,,,15,29,30313,,,,21,30801,,,,4,20251,,,,26,2480,,,,5,9430,,,,7,8653,,,,20,25101,,,,16,1618,,,,,,,,,,,,,,,,,,,,,,,,,,,,,,,,,,,,,,
180843,14-Sep-19,1:43:08,2019-09-14 01:43:08,G,4,3,2406,,0,9,-61.1873,-55.4101,43:09.7,FastGPS,-61.1873,-55.4101,,1,11.1,-1.3,,,,15,15,28417,,,,27,6894,,,,29,25473,,,,21,8192,,,,10,8241,,,,4,15410,,,,13,25062,,,,26,18099,,,,20,26552,,,,,,,,,,,,,,,,,,,,,,,,,,,,,,,,,
180843,14-Sep-19,2:43:03,2019-09-14 02:43:03,G,4,3,2407,602,0,6,-61.1822,-55.4117,43:03.8,FastGPS,-61.1822,-55.4117,,1,0.7,-2.2,,,,15,15,26876,,,,21,30244,,,,10,10033,,,,4,11286,,,,20,10124,,,,16,32593,,,,,,,,,,,,,,,,,,,,,,,,,,,,,,,,,,,,,,,,,,,,,,,,
180843,14-Sep-19,3:43:01,2019-09-14 03:43:01,G,10,3,2408,602,0,5,-61.1822,-55.4117,43:03.8,FastGPS,-61.1575,-55.4179,,1,1.1,-2.2,,,,15,15,11285,,,,32,864,,,,20,12327,,,,10,10758,,,,4,18168,,,,,,,,,,,,,,,,,,,,,,,,,,,,,,,,,,,,,,,,,,,,,,,,,,,,,
180843,14-Sep-19,4:43:00,2019-09-14 04:43:00,G,6,3,2409,602,0,6,-61.1347,-55.4362,43:00.8,FastGPS,-61.1347,-55.4362,,,7,-2.2,,,,15,32,13037,,,,27,4463,,,,20,16657,,,,10,32450,,,,14,7183,,,,18,16507,,,,,,,,,,,,,,,,,,,,,,,,,,,,,,,,,,,,,,,,,,,,,,,,
180843,14-Sep-19,21:56:20,2019-09-14 21:56:20,G,6,3,2411,602,0,5,-61.1736,-55.3961,56:20.8,FastGPS,-61.1736,-55.3961,,,2.7,-2.2,,,,15,23,1629,,,,12,6775,,,,5,18478,,,,2,28561,,,,29,4456,,,,,,,,,,,,,,,,,,,,,,,,,,,,,,,,,,,,,,,,,,,,,,,,,,,,,
180843,14-Sep-19,22:56:00,2019-09-14 22:56:00,G,4,3,2412,602,1,8,-61.1757,-55.4008,56:01.8,FastGPS,-61.1757,-55.4008,,1,6.3,-1.2,,,,15,5,30657,,,,9,28969,,,,29,5010,,,,2,29963,,,,12,16084,,,,25,2186,,,,26,16607,,,,20,24867,,,,,,,,,,,,,,,,,,,,,,,,,,,,,,,,,,,,,,
180843,15-Sep-19,0:34:28,2019-09-15 00:34:28,G,4,3,2413,602,0,7,-61.1792,-55.4226,34:29.3,FastGPS,-61.1792,-55.4226,,1,12.1,-1.7,,,,15,29,4103,,,,16,32068,,,,26,1009,,,,4,5954,,,,27,12439,,,,21,1127,,,,5,23346,,,,,,,,,,,,,,,,,,,,,,,,,,,,,,,,,,,,,,,,,,,
180843,15-Sep-19,1:34:45,2019-09-15 01:34:45,G,6,3,2414,602,0,4,-61.176,-55.3974,9/14/2019 22:59,NK,,,,,,,,,,15,4,7344,,,,20,17084,,,,16,13549,,,,15,20328,,,,,,,,,,,,,,,,,,,,,,,,,,,,,,,,,,,,,,,,,,,,,,,,,,,,,,,,,,
180843,15-Sep-19,3:56:46,2019-09-15 03:56:46,G,6,3,2415,604,0,5,-61.176,-55.3974,9/14/2019 22:59,NK,-61.2129,-55.4234,,1,0.3,-0.8,,,,15,32,17430,,,,27,19568,,,,10,4168,,,,4,23832,,,,8,4861,,,,,,,,,,,,,,,,,,,,,,,,,,,,,,,,,,,,,,,,,,,,,,,,,,,,,
180843,15-Sep-19,8:34:08,2019-09-15 08:34:08,G,8,3,2416,606,0,5,-61.2629,-55.3135,34:09.8,FastGPS,-61.2629,-55.3135,,,13.7,-1.2,,,,15,31,1643,,,,22,19841,,,,3,6209,,,,23,6397,,,,14,6697,,,,,,,,,,,,,,,,,,,,,,,,,,,,,,,,,,,,,,,,,,,,,,,,,,,,,
180843,15-Sep-19,9:34:36,2019-09-15 09:34:36,G,12,3,2417,606,0,6,-61.2376,-55.3547,34:37.3,FastGPS,-61.2376,-55.3547,,,4.3,-1.7,,,,15,3,32573,,,,26,11677,,,,31,24908,,,,9,25504,,,,23,14588,,,,22,1072,,,,,,,,,,,,,,,,,,,,,,,,,,,,,,,,,,,,,,,,,,,,,,,,
180843,15-Sep-19,10:34:38,2019-09-15 10:34:38,G,2,3,2418,606,0,7,-61.2004,-55.3909,34:40.3,FastGPS,-61.2004,-55.3909,,,6.9,-0.7,,,,15,26,29787,,,,9,15197,,,,7,12077,,,,23,1909,,,,16,32333,,,,29,21172,,,,3,14548,,,,,,,,,,,,,,,,,,,,,,,,,,,,,,,,,,,,,,,,,,,
180843,15-Sep-19,11:43:42,2019-09-15 11:43:42,G,4,3,2419,606,0,8,-61.1555,-55.4078,43:43.8,FastGPS,-61.1555,-55.4078,,1,5.4,-1.2,,,,15,16,27393,,,,7,16662,,,,5,17817,,,,9,19247,,,,23,10936,,,,26,4403,,,,29,26165,,,,4,2860,,,,,,,,,,,,,,,,,,,,,,,,,,,,,,,,,,,,,,
180843,15-Sep-19,12:47:14,2019-09-15 12:47:14,G,4,3,2420,606,0,6,-61.1608,-55.4935,47:14.7,FastGPS,-61.1608,-55.4935,,,14.2,-2.3,,,,15,7,12853,,,,5,17082,,,,9,26180,,,,30,18684,,,,27,32262,,,,8,967,,,,,,,,,,,,,,,,,,,,,,,,,,,,,,,,,,,,,,,,,,,,,,,,
180843,15-Sep-19,13:51:06,2019-09-15 13:51:06,G,4,3,2421,606,0,5,-61.153,-55.5909,51:07.3,FastGPS,-61.153,-55.5909,,,9.9,-1.7,,,,15,5,15734,,,,30,32651,,,,28,8640,,,,7,15031,,,,15,28086,,,,,,,,,,,,,,,,,,,,,,,,,,,,,,,,,,,,,,,,,,,,,,,,,,,,,
180843,15-Sep-19,14:58:40,2019-09-15 14:58:40,G,6,3,2422,606,0,7,-61.1367,-55.5819,58:41.8,FastGPS,-61.1367,-55.5819,,,8.6,-1.2,,,,15,15,29444,,,,13,14667,,,,5,22261,,,,8,5606,,,,28,5920,,,,30,3664,,,,7,10352,,,,,,,,,,,,,,,,,,,,,,,,,,,,,,,,,,,,,,,,,,,
180843,15-Sep-19,15:58:30,2019-09-15 15:58:30,G,6,3,2423,,0,9,-61.1455,-55.4918,58:31.3,FastGPS,-61.1455,-55.4918,,,3.7,-1.7,,,,15,15,19388,,,,24,22022,,,,20,8535,,,,11,14660,,,,1,26520,,,,18,11089,,,,13,6346,,,,28,25009,,,,17,5802,,,,,,,,,,,,,,,,,,,,,,,,,,,,,,,,,
180843,15-Sep-19,17:02:39,2019-09-15 17:02:39,G,12,3,2424,606,0,7,-61.1223,-55.4767,02:41.3,FastGPS,-61.1223,-55.4767,,,11.8,-0.7,,,,15,17,19387,,,,15,11691,,,,12,28955,,,,19,21958,,,,28,20759,,,,24,16281,,,,13,3301,,,,,,,,,,,,,,,,,,,,,,,,,,,,,,,,,,,,,,,,,,,
180843,15-Sep-19,18:17:00,2019-09-15 18:17:00,G,10,3,2425,607,0,4,-61.2129,-55.4234,56:48.2,FastGPS,-61.1058,-55.4766,,,0.7,-1.2,,,,15,6,16298,,,,17,31780,,,,32,11482,,,,24,25366,,,,,,,,,,,,,,,,,,,,,,,,,,,,,,,,,,,,,,,,,,,,,,,,,,,,,,,,,,
180843,15-Sep-19,19:34:23,2019-09-15 19:34:23,G,6,3,2426,608,0,6,-61.1022,-55.4404,34:23.8,FastGPS,-61.1022,-55.4404,,,9.5,-2.2,,,,15,12,2464,,,,6,15466,,,,32,28716,,,,19,8093,,,,14,1611,,,,2,24930,,,,,,,,,,,,,,,,,,,,,,,,,,,,,,,,,,,,,,,,,,,,,,,,
180843,15-Sep-19,20:35:14,2019-09-15 20:35:14,G,10,3,2427,608,0,5,-61.1082,-55.4494,35:14.8,FastGPS,-61.1082,-55.4494,,,13.6,-2.2,,,,15,12,6626,,,,29,24087,,,,25,15618,,,,2,8872,,,,31,20070,,,,,,,,,,,,,,,,,,,,,,,,,,,,,,,,,,,,,,,,,,,,,,,,,,,,,
180843,15-Sep-19,21:35:23,2019-09-15 21:35:23,G,16,3,2428,608,0,6,-61.0833,-55.4614,35:23.8,FastGPS,-61.0833,-55.4614,,,10.9,-2.2,,,,15,2,23761,,,,12,3235,,,,5,16747,,,,29,29258,,,,25,19257,,,,6,11799,,,,,,,,,,,,,,,,,,,,,,,,,,,,,,,,,,,,,,,,,,,,,,,,
180843,15-Sep-19,22:37:05,2019-09-15 22:37:05,G,4,3,2429,608,0,6,-61.0414,-55.4951,37:05.8,FastGPS,-61.0414,-55.4951,,,3,-2.2,,,,15,5,13803,,,,29,16197,,,,25,30596,,,,31,8456,,,,2,4392,,,,12,32010,,,,,,,,,,,,,,,,,,,,,,,,,,,,,,,,,,,,,,,,,,,,,,,,
180843,15-Sep-19,23:41:26,2019-09-15 23:41:26,G,2,3,2430,608,0,8,-61.0322,-55.5775,41:26.8,FastGPS,-61.0322,-55.5775,,1,6.8,-2.2,,,,15,29,6162,,,,31,5848,,,,5,10672,,,,21,26839,,,,25,23385,,,,26,28628,,,,16,16624,,,,4,18570,,,,,,,,,,,,,,,,,,,,,,,,,,,,,,,,,,,,,,
180843,16-Sep-19,1:02:14,2019-09-16 01:02:14,G,10,3,2431,,0,9,-61.0411,-55.6332,02:14.8,FastGPS,-61.0411,-55.6332,,1,5.9,-2.2,,,,15,5,16817,,,,26,7967,,,,29,16005,,,,7,32056,,,,16,4890,,,,27,25221,,,,4,30614,,,,13,15442,,,,20,28679,,,,,,,,,,,,,,,,,,,,,,,,,,,,,,,,,
180843,16-Sep-19,2:02:26,2019-09-16 02:02:26,G,6,3,2432,609,0,8,-61.0666,-55.6174,02:27.2,FastGPS,-61.0666,-55.6174,,1,12.5,-1.8,,,,15,27,20484,,,,8,2793,,,,13,24528,,,,4,30001,,,,7,7998,,,,21,26829,,,,15,9560,,,,16,11629,,,,,,,,,,,,,,,,,,,,,,,,,,,,,,,,,,,,,,
180843,16-Sep-19,3:02:15,2019-09-16 03:02:15,G,8,3,2433,,0,9,-61.0936,-55.5834,02:15.8,FastGPS,-61.0936,-55.5834,,1,16.5,-2.2,,,,15,8,15097,,,,27,550,,,,15,13335,,,,10,17442,,,,20,5484,,,,21,31169,,,,18,21014,,,,13,18518,,,,4,29575,,,,,,,,,,,,,,,,,,,,,,,,,,,,,,,,,
180843,16-Sep-19,4:02:02,2019-09-16 04:02:02,G,6,3,2434,609,0,8,-61.1106,-55.555,02:02.8,FastGPS,-61.1106,-55.555,,,19.4,-2.2,,,,15,11,14031,,,,8,7253,,,,18,17910,,,,1,27735,,,,15,22594,,,,10,26711,,,,24,19565,,,,21,3473,,,,,,,,,,,,,,,,,,,,,,,,,,,,,,,,,,,,,,
180843,16-Sep-19,5:23:08,2019-09-16 05:23:08,G,6,3,2435,,0,9,-61.1506,-55.4942,23:08.8,FastGPS,-61.1506,-55.4942,,,11.1,-2.2,,,,15,11,11783,,,,1,18232,,,,22,28364,,,,8,10486,,,,28,25674,,,,18,4612,,,,3,4729,,,,10,11686,,,,32,6095,,,,,,,,,,,,,,,,,,,,,,,,,,,,,,,,,
180843,16-Sep-19,6:26:42,2019-09-16 06:26:42,G,8,3,2436,,0,9,-61.1629,-55.4699,26:43.3,FastGPS,-61.1629,-55.4699,,,9.6,-1.7,,,,15,17,6319,,,,11,26652,,,,22,29000,,,,3,19028,,,,32,14430,,,,1,5128,,,,19,10598,,,,18,15095,,,,12,10484,,,,,,,,,,,,,,,,,,,,,,,,,,,,,,,,,
180843,16-Sep-19,7:31:04,2019-09-16 07:31:04,G,6,3,2437,,0,9,-61.1688,-55.4574,31:06.3,FastGPS,-61.1688,-55.4574,,,14,-0.7,,,,15,17,11886,,,,12,10150,,,,1,8473,,,,3,19521,,,,23,24036,,,,22,25358,,,,19,27315,,,,18,4245,,,,32,30531,,,,,,,,,,,,,,,,,,,,,,,,,,,,,,,,,
180843,16-Sep-19,8:31:00,2019-09-16 08:31:00,G,6,3,2438,,0,9,-61.1777,-55.435,31:01.8,FastGPS,-61.1777,-55.435,,,9.8,-1.2,,,,15,31,28905,,,,3,2182,,,,6,2297,,,,22,13854,,,,19,18739,,,,12,23413,,,,23,5991,,,,25,9110,,,,1,24404,,,,,,,,,,,,,,,,,,,,,,,,,,,,,,,,,
180843,16-Sep-19,9:37:15,2019-09-16 09:37:15,G,4,3,2439,610,0,6,-61.1839,-55.4388,37:15.8,FastGPS,-61.1839,-55.4388,,,5.5,-2.2,,,,15,9,728,,,,31,18759,,,,6,29293,,,,23,2017,,,,29,21310,,,,2,32035,,,,,,,,,,,,,,,,,,,,,,,,,,,,,,,,,,,,,,,,,,,,,,,,
180843,16-Sep-19,10:38:13,2019-09-16 10:38:13,G,4,3,2440,610,0,8,-61.1939,-55.4499,38:15.3,FastGPS,-61.1939,-55.4499,,,10.6,-0.7,,,,15,7,3691,,,,9,12469,,,,6,4938,,,,23,4979,,,,2,11797,,,,26,14175,,,,3,901,,,,29,13387,,,,,,,,,,,,,,,,,,,,,,,,,,,,,,,,,,,,,,
180843,16-Sep-19,12:23:38,2019-09-16 12:23:38,G,4,3,2441,612,0,5,-61.2134,-55.5209,23:39.1,FastGPS,-61.2134,-55.5209,,,25.6,-1.9,,,,15,7,18224,,,,30,29527,,,,9,25743,,,,5,21642,,,,13,26842,,,,,,,,,,,,,,,,,,,,,,,,,,,,,,,,,,,,,,,,,,,,,,,,,,,,,
180843,16-Sep-19,13:41:49,2019-09-16 13:41:49,G,4,3,2442,613,0,8,-61.2056,-55.5093,41:51.3,FastGPS,-61.2056,-55.5093,,1,13.7,-0.7,,,,15,7,14264,,,,27,23135,,,,8,4671,,,,30,15078,,,,28,30210,,,,4,14856,,,,9,25557,,,,5,8230,,,,,,,,,,,,,,,,,,,,,,,,,,,,,,,,,,,,,,
180843,16-Sep-19,15:20:58,2019-09-16 15:20:58,G,2,3,2443,615,0,5,-61.2012,-55.459,21:00.3,FastGPS,-61.2012,-55.459,,,1.2,-0.7,,,,15,15,9200,,,,20,3028,,,,7,28221,,,,30,31030,,,,17,7647,,,,,,,,,,,,,,,,,,,,,,,,,,,,,,,,,,,,,,,,,,,,,,,,,,,,,
180843,16-Sep-19,16:21:42,2019-09-16 16:21:42,G,4,3,2444,615,0,6,-61.1995,-55.4139,21:44.3,FastGPS,-61.1995,-55.4139,,,8.6,-0.7,,,,15,15,6971,,,,13,17863,,,,30,1936,,,,17,12029,,,,19,22774,,,,24,22820,,,,,,,,,,,,,,,,,,,,,,,,,,,,,,,,,,,,,,,,,,,,,,,,
180843,16-Sep-19,21:22:00,2019-09-16 21:22:00,G,6,3,2445,631,1,4,-61.1935,-55.5343,9/17/2019 8:01,NK,-61.1856,-55.4348,,,0.1,-1.2,,,,15,31,24799,,,,29,14705,,,,25,850,,,,2,12811,,,,,,,,,,,,,,,,,,,,,,,,,,,,,,,,,,,,,,,,,,,,,,,,,,,,,,,,,,
180843,16-Sep-19,22:52:00,2019-09-16 22:52:00,G,6,3,2446,633,1,6,-61.1609,-55.4557,52:00.8,FastGPS,-61.1609,-55.4557,,,8.9,-2.2,,,,15,31,29243,,,,29,20702,,,,21,25041,,,,5,20896,,,,26,14689,,,,25,4252,,,,,,,,,,,,,,,,,,,,,,,,,,,,,,,,,,,,,,,,,,,,,,,,
180843,17-Sep-19,7:39:34,2019-09-17 07:39:34,G,8,3,2447,633,0,7,-61.1951,-55.5143,39:35.3,FastGPS,-61.1951,-55.5143,,,3.4,-1.7,,,,15,23,22924,,,,17,29313,,,,3,13998,,,,11,17812,,,,1,11335,,,,12,11093,,,,19,5934,,,,,,,,,,,,,,,,,,,,,,,,,,,,,,,,,,,,,,,,,,,
180843,17-Sep-19,8:41:45,2019-09-17 08:41:45,G,4,3,2448,633,0,8,-61.1855,-55.5626,41:46.8,FastGPS,-61.1855,-55.5626,,,9.3,-1.2,,,,15,22,20058,,,,31,24327,,,,26,7148,,,,9,32675,,,,3,6183,,,,23,29970,,,,19,77,,,,17,993,,,,,,,,,,,,,,,,,,,,,,,,,,,,,,,,,,,,,,
180843,17-Sep-19,9:47:19,2019-09-17 09:47:19,G,6,3,2449,633,0,8,-61.1829,-55.6333,47:20.8,FastGPS,-61.1829,-55.6333,,,7.8,-1.2,,,,15,22,1059,,,,6,814,,,,16,26693,,,,3,27137,,,,9,20796,,,,23,9540,,,,26,18626,,,,7,26383,,,,,,,,,,,,,,,,,,,,,,,,,,,,,,,,,,,,,,
180843,17-Sep-19,10:52:38,2019-09-17 10:52:38,G,10,3,2450,633,0,5,-61.1464,-55.6979,52:39.3,FastGPS,-61.1464,-55.6979,,,5.5,-1.7,,,,15,7,3701,,,,16,17419,,,,26,8913,,,,23,2045,,,,9,8490,,,,,,,,,,,,,,,,,,,,,,,,,,,,,,,,,,,,,,,,,,,,,,,,,,,,,
180843,17-Sep-19,11:52:00,2019-09-17 11:52:00,G,10,3,2451,,0,9,-61.1165,-55.7641,52:00.8,FastGPS,-61.1165,-55.7641,,1,8.8,-2.2,,,,15,5,10020,,,,9,23485,,,,7,18707,,,,16,4782,,,,2,26435,,,,27,18480,,,,30,22774,,,,23,5827,,,,4,16189,,,,,,,,,,,,,,,,,,,,,,,,,,,,,,,,,
180843,17-Sep-19,13:12:53,2019-09-17 13:12:53,G,8,3,2452,633,0,7,-61.0629,-55.7686,12:54.8,FastGPS,-61.0629,-55.7686,,1,6.7,-1.2,,,,15,7,3504,,,,27,15329,,,,4,6040,,,,30,22859,,,,5,31796,,,,9,29068,,,,8,28652,,,,,,,,,,,,,,,,,,,,,,,,,,,,,,,,,,,,,,,,,,,
180843,17-Sep-19,14:19:52,2019-09-17 14:19:52,G,2,3,2453,633,0,8,-61.0364,-55.7521,19:54.3,FastGPS,-61.0364,-55.7521,,,12.9,-0.7,,,,15,7,32417,,,,27,18591,,,,15,9078,,,,28,30437,,,,21,21392,,,,13,27127,,,,8,19171,,,,30,23932,,,,,,,,,,,,,,,,,,,,,,,,,,,,,,,,,,,,,,
180843,17-Sep-19,16:14:48,2019-09-17 16:14:48,G,4,3,2454,,0,9,-61.0466,-55.7005,14:49.8,FastGPS,-61.0466,-55.7005,,,8.3,-1.2,,,,15,15,43,,,,17,24657,,,,30,3987,,,,19,2055,,,,28,32228,,,,11,18505,,,,1,4843,,,,24,2615,,,,13,18427,,,,,,,,,,,,,,,,,,,,,,,,,,,,,,,,,
180843,17-Sep-19,17:15:00,2019-09-17 17:15:00,G,2,3,2455,,0,9,-61.0332,-55.6516,15:01.8,FastGPS,-61.0332,-55.6516,,,7.1,-1.2,,,,15,1,24469,,,,18,2787,,,,28,23938,,,,17,4822,,,,11,24970,,,,12,7725,,,,19,30953,,,,15,8661,,,,24,27025,,,,,,,,,,,,,,,,,,,,,,,,,,,,,,,,,
180843,17-Sep-19,18:33:16,2019-09-17 18:33:16,G,4,3,2456,,0,9,-61.0267,-55.6027,33:18.3,FastGPS,-61.0267,-55.6027,,,10.3,-0.7,,,,15,32,2629,,,,17,10152,,,,12,17275,,,,24,26750,,,,25,30406,,,,19,2854,,,,6,22930,,,,14,20590,,,,3,17175,,,,,,,,,,,,,,,,,,,,,,,,,,,,,,,,,
180843,17-Sep-19,19:36:30,2019-09-17 19:36:30,G,4,3,2457,,0,9,-61.0486,-55.6166,36:32.3,FastGPS,-61.0486,-55.6166,,,8.6,-0.7,,,,15,2,19823,,,,32,25623,,,,24,18978,,,,6,3687,,,,12,21138,,,,25,25567,,,,19,18587,,,,29,3902,,,,14,20249,,,,,,,,,,,,,,,,,,,,,,,,,,,,,,,,,
180843,17-Sep-19,20:56:05,2019-09-17 20:56:05,G,6,3,2458,633,0,5,-61.0641,-55.652,56:06.7,FastGPS,-61.0641,-55.652,,,0.2,-1.3,,,,15,29,26195,,,,31,30464,,,,25,9512,,,,6,22733,,,,12,28397,,,,,,,,,,,,,,,,,,,,,,,,,,,,,,,,,,,,,,,,,,,,,,,,,,,,,
180843,17-Sep-19,21:57:35,2019-09-17 21:57:35,G,6,3,2459,,0,9,-61.0716,-55.6753,57:36.3,FastGPS,-61.0716,-55.6753,,,10.7,-1.7,,,,15,29,7550,,,,5,10576,,,,12,26429,,,,2,2110,,,,31,9624,,,,26,103,,,,23,11348,,,,25,28939,,,,9,6359,,,,,,,,,,,,,,,,,,,,,,,,,,,,,,,,,
180843,17-Sep-19,22:59:34,2019-09-17 22:59:34,G,6,3,2460,633,0,4,-61.0728,-55.7666,17:04.8,FastGPS,-61.0771,-55.6953,,,0.3,-2.8,,,,15,29,2461,,,,31,15715,,,,25,15300,,,,5,22045,,,,,,,,,,,,,,,,,,,,,,,,,,,,,,,,,,,,,,,,,,,,,,,,,,,,,,,,,,
180843,18-Sep-19,0:17:04,2019-09-18 00:17:04,G,10,3,2461,634,0,6,-61.0728,-55.7666,17:04.8,FastGPS,-61.0728,-55.7666,,,12.7,-2.2,,,,15,29,11060,,,,13,21796,,,,21,12112,,,,5,26133,,,,16,12987,,,,26,30905,,,,,,,,,,,,,,,,,,,,,,,,,,,,,,,,,,,,,,,,,,,,,,,,
180843,18-Sep-19,1:19:26,2019-09-18 01:19:26,G,12,3,2462,,0,9,-61.0668,-55.8374,19:26.8,FastGPS,-61.0668,-55.8374,,1,6.7,-2.2,,,,15,15,25619,,,,16,1039,,,,20,24267,,,,13,32423,,,,10,24754,,,,4,15186,,,,21,30640,,,,26,32172,,,,7,10086,,,,,,,,,,,,,,,,,,,,,,,,,,,,,,,,,
180843,18-Sep-19,2:49:02,2019-09-18 02:49:02,G,10,3,2463,634,0,6,-61.1045,-55.8758,49:03.3,FastGPS,-61.1045,-55.8758,,1,2.2,-1.7,,,,15,10,17805,,,,4,13490,,,,8,11007,,,,27,11067,,,,30,23736,,,,18,10914,,,,,,,,,,,,,,,,,,,,,,,,,,,,,,,,,,,,,,,,,,,,,,,,
180843,18-Sep-19,5:29:55,2019-09-18 05:29:55,G,8,3,2464,634,0,8,-61.2011,-55.9201,29:57.3,FastGPS,-61.2011,-55.9201,,,5.1,-0.7,,,,15,1,15397,,,,22,14367,,,,11,10359,,,,18,1215,,,,8,4412,,,,3,29872,,,,17,23640,,,,32,28492,,,,,,,,,,,,,,,,,,,,,,,,,,,,,,,,,,,,,,
180843,18-Sep-19,12:17:35,2019-09-18 12:17:35,G,6,3,2465,635,0,5,-61.4331,-55.8701,17:36.8,FastGPS,-61.4331,-55.8701,,,8.9,-1.2,,,,15,30,18150,,,,7,663,,,,5,10340,,,,9,32036,,,,2,21270,,,,,,,,,,,,,,,,,,,,,,,,,,,,,,,,,,,,,,,,,,,,,,,,,,,,,
180843,18-Sep-19,13:17:56,2019-09-18 13:17:56,G,2,3,2466,635,0,7,-61.4585,-55.9098,17:57.3,FastGPS,-61.4585,-55.9098,,,3.7,-1.7,,,,15,9,8136,,,,5,14070,,,,7,4902,,,,28,25577,,,,8,12018,,,,30,20969,,,,13,27435,,,,,,,,,,,,,,,,,,,,,,,,,,,,,,,,,,,,,,,,,,,
180843,18-Sep-19,14:22:31,2019-09-18 14:22:31,G,2,3,2467,635,0,5,-61.4781,-55.9534,22:32.8,FastGPS,-61.4781,-55.9534,,,6,-1.2,,,,15,5,18699,,,,28,30621,,,,13,19877,,,,15,17911,,,,30,23452,,,,,,,,,,,,,,,,,,,,,,,,,,,,,,,,,,,,,,,,,,,,,,,,,,,,,
180843,18-Sep-19,18:17:10,2019-09-18 18:17:10,G,6,3,2468,636,0,6,-61.5564,-56.0737,17:10.8,FastGPS,-61.5564,-56.0737,,,4.5,-2.2,,,,15,12,11092,,,,17,4118,,,,32,14587,,,,19,6504,,,,6,31025,,,,24,25871,,,,,,,,,,,,,,,,,,,,,,,,,,,,,,,,,,,,,,,,,,,,,,,,
180843,18-Sep-19,21:22:17,2019-09-18 21:22:17,G,2,3,2469,636,0,6,-61.6291,-56.1844,22:18.3,FastGPS,-61.6291,-56.1844,,,8.5,-1.7,,,,15,2,17001,,,,12,26615,,,,29,22103,,,,31,22771,,,,25,12941,,,,5,1018,,,,,,,,,,,,,,,,,,,,,,,,,,,,,,,,,,,,,,,,,,,,,,,,
180843,18-Sep-19,22:22:08,2019-09-18 22:22:08,G,6,3,2470,636,0,6,-61.6717,-56.1955,22:09.8,FastGPS,-61.6717,-56.1955,,,10.6,-1.2,,,,15,31,5055,,,,29,3522,,,,21,20899,,,,26,26766,,,,25,21619,,,,23,22361,,,,,,,,,,,,,,,,,,,,,,,,,,,,,,,,,,,,,,,,,,,,,,,,
180843,18-Sep-19,23:23:22,2019-09-18 23:23:22,G,2,3,2471,636,0,6,-61.7146,-56.1389,23:23.8,FastGPS,-61.7146,-56.1389,,1,1.4,-1.2,,,,15,5,3034,,,,26,11830,,,,16,22460,,,,29,3205,,,,21,19620,,,,4,18216,,,,,,,,,,,,,,,,,,,,,,,,,,,,,,,,,,,,,,,,,,,,,,,,
180843,19-Sep-19,0:27:17,2019-09-19 00:27:17,G,6,3,2472,,0,9,-61.7581,-56.1132,27:18.8,FastGPS,-61.7581,-56.1132,,1,12.1,-1.2,,,,15,4,27061,,,,5,12042,,,,16,31220,,,,7,18722,,,,27,7581,,,,26,130,,,,21,227,,,,13,28089,,,,29,11498,,,,,,,,,,,,,,,,,,,,,,,,,,,,,,,,,
180843,19-Sep-19,2:36:16,2019-09-19 02:36:16,G,6,3,2473,,0,9,-61.81,-55.9748,36:17.3,FastGPS,-61.81,-55.9748,,1,4,-1.7,,,,15,15,24131,,,,8,3384,,,,18,24694,,,,27,25040,,,,10,12628,,,,13,25291,,,,4,3895,,,,30,31937,,,,21,11980,,,,,,,,,,,,,,,,,,,,,,,,,,,,,,,,,
180843,19-Sep-19,3:39:45,2019-09-19 03:39:45,G,4,3,2474,636,0,8,-61.8343,-55.9032,39:46.3,FastGPS,-61.8343,-55.9032,,,11.2,-1.7,,,,15,15,15667,,,,18,7063,,,,11,3082,,,,20,17301,,,,8,25966,,,,10,22617,,,,28,7359,,,,27,3921,,,,,,,,,,,,,,,,,,,,,,,,,,,,,,,,,,,,,,
180843,19-Sep-19,5:47:34,2019-09-19 05:47:34,G,4,3,2476,636,0,8,-61.888,-55.7675,47:36.3,FastGPS,-61.888,-55.7675,,,8.3,-0.7,,,,15,11,1054,,,,22,23849,,,,18,22821,,,,17,13990,,,,1,22683,,,,3,20525,,,,8,28236,,,,19,27873,,,,,,,,,,,,,,,,,,,,,,,,,,,,,,,,,,,,,,
180843,19-Sep-19,8:04:47,2019-09-19 08:04:47,G,6,3,2478,,0,9,-61.952,-55.6464,04:49.3,FastGPS,-61.952,-55.6464,,,12.1,-0.7,,,,15,17,5383,,,,31,12686,,,,19,21871,,,,6,1180,,,,23,27480,,,,3,9919,,,,22,16025,,,,14,4010,,,,12,7564,,,,,,,,,,,,,,,,,,,,,,,,,,,,,,,,,
180843,19-Sep-19,9:14:33,2019-09-19 09:14:33,G,4,3,2479,636,0,8,-61.98,-55.5812,14:34.8,FastGPS,-61.98,-55.5812,,,15.8,-1.2,,,,15,23,24463,,,,9,25857,,,,6,25477,,,,31,22909,,,,3,18946,,,,26,14443,,,,25,4213,,,,2,1331,,,,,,,,,,,,,,,,,,,,,,,,,,,,,,,,,,,,,,
180843,19-Sep-19,10:21:13,2019-09-19 10:21:13,G,6,3,2480,636,0,6,-62.0042,-55.4935,21:14.3,FastGPS,-62.0042,-55.4935,,,2.1,-1.7,,,,15,7,32087,,,,6,9820,,,,9,32465,,,,29,14374,,,,2,10535,,,,26,14582,,,,,,,,,,,,,,,,,,,,,,,,,,,,,,,,,,,,,,,,,,,,,,,,
180843,19-Sep-19,11:30:13,2019-09-19 11:30:13,G,6,3,2481,,0,9,-62.0308,-55.4299,30:14.9,FastGPS,-62.0308,-55.4299,,1,6.6,-1.1,,,,15,5,23977,,,,2,30334,,,,9,2618,,,,16,19830,,,,7,8973,,,,23,20575,,,,26,26825,,,,29,19630,,,,4,4726,,,,,,,,,,,,,,,,,,,,,,,,,,,,,,,,,
180843,19-Sep-19,12:35:00,2019-09-19 12:35:00,G,10,3,2482,636,0,6,-62.0587,-55.3922,35:01.9,FastGPS,-62.0587,-55.3922,,,8.7,-1.1,,,,15,5,27241,,,,13,7071,,,,30,28933,,,,27,17879,,,,7,13967,,,,9,10216,,,,,,,,,,,,,,,,,,,,,,,,,,,,,,,,,,,,,,,,,,,,,,,,
180843,19-Sep-19,13:43:23,2019-09-19 13:43:23,G,10,3,2483,636,0,6,-62.0887,-55.3891,43:25.3,FastGPS,-62.0887,-55.3891,,,12.7,-0.7,,,,15,7,1789,,,,5,5468,,,,30,10003,,,,13,14084,,,,8,30023,,,,28,21399,,,,,,,,,,,,,,,,,,,,,,,,,,,,,,,,,,,,,,,,,,,,,,,,
180843,19-Sep-19,14:43:00,2019-09-19 14:43:00,G,2,3,2484,636,1,6,-62.0906,-55.3875,43:01.9,FastGPS,-62.0906,-55.3875,,,10.4,-1.1,,,,15,7,7307,,,,30,825,,,,11,22513,,,,28,1374,,,,8,10843,,,,5,11321,,,,,,,,,,,,,,,,,,,,,,,,,,,,,,,,,,,,,,,,,,,,,,,,
180843,20-Sep-19,3:35:56,2019-09-20 03:35:56,G,10,3,2485,636,0,8,-62.0967,-55.3228,35:58.3,FastGPS,-62.0967,-55.3228,,,10.2,-0.7,,,,15,10,2854,,,,20,31534,,,,15,31322,,,,11,14856,,,,27,12861,,,,8,3904,,,,32,7567,,,,18,18331,,,,,,,,,,,,,,,,,,,,,,,,,,,,,,,,,,,,,,
180843,20-Sep-19,4:36:13,2019-09-20 04:36:13,G,6,3,2486,,0,9,-62.1151,-55.2954,36:14.9,FastGPS,-62.1151,-55.2954,,,12.2,-1.1,,,,15,28,1367,,,,11,25586,,,,18,20647,,,,10,14287,,,,1,9574,,,,32,18483,,,,20,9404,,,,24,3266,,,,22,9328,,,,,,,,,,,,,,,,,,,,,,,,,,,,,,,,,
180843,20-Sep-19,5:37:06,2019-09-20 05:37:06,G,6,3,2487,636,0,7,-62.1463,-55.2523,37:07.8,FastGPS,-62.1463,-55.2523,,,9,-1.2,,,,15,22,4157,,,,1,16381,,,,11,7749,,,,3,28090,,,,18,30682,,,,32,23993,,,,17,30944,,,,,,,,,,,,,,,,,,,,,,,,,,,,,,,,,,,,,,,,,,,
180843,20-Sep-19,6:37:11,2019-09-20 06:37:11,G,6,3,2488,,0,9,-62.1835,-55.2332,37:13.4,FastGPS,-62.1835,-55.2332,,,4.8,-0.6,,,,15,17,15563,,,,32,880,,,,19,27924,,,,3,5924,,,,11,21338,,,,22,12068,,,,12,10985,,,,1,21399,,,,31,4537,,,,,,,,,,,,,,,,,,,,,,,,,,,,,,,,,
180843,20-Sep-19,7:38:07,2019-09-20 07:38:07,G,6,3,2489,636,0,7,-62.204,-55.1951,38:09.3,FastGPS,-62.204,-55.1951,,,7.8,-0.7,,,,15,3,28873,,,,1,2007,,,,23,32010,,,,22,18169,,,,31,6023,,,,11,1113,,,,18,5537,,,,,,,,,,,,,,,,,,,,,,,,,,,,,,,,,,,,,,,,,,,
180843,20-Sep-19,8:38:00,2019-09-20 08:38:00,G,4,3,2490,,0,9,-62.2193,-55.1369,38:00.9,FastGPS,-62.2193,-55.1369,,,22,-2.1,,,,15,6,18239,,,,31,14628,,,,26,6663,,,,19,7152,,,,23,10616,,,,22,18722,,,,9,29442,,,,3,23321,,,,14,11021,,,,,,,,,,,,,,,,,,,,,,,,,,,,,,,,,
180843,20-Sep-19,9:57:06,2019-09-20 09:57:06,G,4,3,2491,637,0,8,-62.2173,-55.1279,57:06.9,FastGPS,-62.2173,-55.1279,,,8.7,-2.1,,,,15,29,13255,,,,9,17746,,,,6,10961,,,,2,16082,,,,23,275,,,,31,6282,,,,26,31762,,,,7,12469,,,,,,,,,,,,,,,,,,,,,,,,,,,,,,,,,,,,,,
180843,20-Sep-19,11:08:47,2019-09-20 11:08:47,G,10,3,2492,637,0,6,-62.2416,-55.1125,08:47.9,FastGPS,-62.2416,-55.1125,,,10.5,-2.1,,,,15,23,4642,,,,7,2715,,,,26,28003,,,,16,9790,,,,9,1604,,,,5,1831,,,,,,,,,,,,,,,,,,,,,,,,,,,,,,,,,,,,,,,,,,,,,,,,
180843,20-Sep-19,12:09:00,2019-09-20 12:09:00,G,6,3,2493,637,0,5,-62.2173,-55.1279,57:06.9,FastGPS,-62.2575,-55.1098,,1,0.7,-2.2,,,,15,27,1163,,,,16,24165,,,,4,31959,,,,9,20240,,,,5,31510,,,,,,,,,,,,,,,,,,,,,,,,,,,,,,,,,,,,,,,,,,,,,,,,,,,,,
180843,20-Sep-19,13:09:00,2019-09-20 13:09:00,G,8,3,2494,637,1,8,-62.2572,-55.118,09:00.8,FastGPS,-62.2572,-55.118,,1,13.7,-2.2,,,,15,7,25809,,,,8,31390,,,,13,7777,,,,27,3289,,,,5,27105,,,,21,24555,,,,4,17107,,,,30,1371,,,,,,,,,,,,,,,,,,,,,,,,,,,,,,,,,,,,,,
180843,20-Sep-19,23:10:41,2019-09-20 23:10:41,G,8,3,2495,637,0,4,-62.2575,-55.1098,09:00.8,FastGPS,-62.2294,-55.2459,,,1.1,-1.6,,,,15,5,13238,,,,29,15662,,,,25,15218,,,,31,30334,,,,,,,,,,,,,,,,,,,,,,,,,,,,,,,,,,,,,,,,,,,,,,,,,,,,,,,,,,
180843,21-Sep-19,0:11:40,2019-09-21 00:11:40,G,6,3,2496,637,0,8,-62.2357,-55.299,11:42.4,FastGPS,-62.2357,-55.299,,1,8.9,-0.6,,,,15,29,5645,,,,4,26542,,,,20,27109,,,,27,2986,,,,21,12950,,,,16,16476,,,,26,5682,,,,5,7182,,,,,,,,,,,,,,,,,,,,,,,,,,,,,,,,,,,,,,
180843,21-Sep-19,1:12:22,2019-09-21 01:12:22,G,6,3,2497,,0,9,-62.2272,-55.3609,12:24.4,FastGPS,-62.2272,-55.3609,,1,17.8,-0.6,,,,15,20,22828,,,,27,11932,,,,4,19228,,,,15,179,,,,21,17636,,,,16,13248,,,,10,28839,,,,13,6746,,,,26,25832,,,,,,,,,,,,,,,,,,,,,,,,,,,,,,,,,
180843,21-Sep-19,2:14:42,2019-09-21 02:14:42,G,6,3,2498,637,0,7,-62.2076,-55.3937,14:43.9,FastGPS,-62.2076,-55.3937,,1,9.2,-1.1,,,,15,8,57,,,,10,19313,,,,4,21830,,,,27,26137,,,,16,5299,,,,15,13671,,,,21,10114,,,,,,,,,,,,,,,,,,,,,,,,,,,,,,,,,,,,,,,,,,,
180843,21-Sep-19,4:40:27,2019-09-21 04:40:27,G,12,3,2499,637,0,8,-62.1794,-55.4915,40:28.4,FastGPS,-62.1794,-55.4915,,,9.5,-1.6,,,,15,32,14848,,,,10,33,,,,14,25123,,,,8,18166,,,,27,17127,,,,1,21105,,,,28,9465,,,,24,17657,,,,,,,,,,,,,,,,,,,,,,,,,,,,,,,,,,,,,,
180843,21-Sep-19,5:41:13,2019-09-21 05:41:13,G,6,3,2500,637,0,5,-62.1612,-55.5224,41:15.4,FastGPS,-62.1612,-55.5224,,,14.8,-0.6,,,,15,32,29458,,,,17,11078,,,,11,19043,,,,1,12904,,,,22,16540,,,,,,,,,,,,,,,,,,,,,,,,,,,,,,,,,,,,,,,,,,,,,,,,,,,,,
180843,21-Sep-19,7:18:10,2019-09-21 07:18:10,G,4,3,2501,637,0,7,-62.1473,-55.5627,18:11.9,FastGPS,-62.1473,-55.5627,,,5.5,-1.1,,,,15,31,1785,,,,22,15763,,,,3,26771,,,,14,6339,,,,1,6910,,,,17,30475,,,,32,29848,,,,,,,,,,,,,,,,,,,,,,,,,,,,,,,,,,,,,,,,,,,
180843,21-Sep-19,8:23:24,2019-09-21 08:23:24,G,2,3,2502,637,0,6,-62.1274,-55.5766,23:25.3,FastGPS,-62.1274,-55.5766,,,8.3,-1.7,,,,15,31,3828,,,,22,25286,,,,3,9777,,,,23,25064,,,,9,25361,,,,19,11836,,,,,,,,,,,,,,,,,,,,,,,,,,,,,,,,,,,,,,,,,,,,,,,,
180843,21-Sep-19,9:51:49,2019-09-21 09:51:49,G,12,3,2503,638,0,5,-62.1153,-55.6028,51:50.4,FastGPS,-62.1153,-55.6028,,,4.7,-1.6,,,,15,6,5016,,,,23,23597,,,,16,1446,,,,9,6143,,,,26,17699,,,,,,,,,,,,,,,,,,,,,,,,,,,,,,,,,,,,,,,,,,,,,,,,,,,,,
180843,21-Sep-19,13:31:42,2019-09-21 13:31:42,G,8,3,2505,638,0,6,-62.0995,-55.6701,31:42.9,FastGPS,-62.0995,-55.6701,,,11.7,-2.1,,,,15,5,21964,,,,30,17537,,,,28,10784,,,,7,19486,,,,13,11141,,,,8,29915,,,,,,,,,,,,,,,,,,,,,,,,,,,,,,,,,,,,,,,,,,,,,,,,
180843,21-Sep-19,14:32:00,2019-09-21 14:32:00,G,12,3,2506,638,1,5,-62.0875,-55.6957,32:01.9,FastGPS,-62.0875,-55.6957,,,12.6,-1.1,,,,15,7,17123,,,,11,11468,,,,30,5719,,,,20,19935,,,,8,11721,,,,,,,,,,,,,,,,,,,,,,,,,,,,,,,,,,,,,,,,,,,,,,,,,,,,,
180843,21-Sep-19,15:32:00,2019-09-21 15:32:00,G,10,3,2507,638,1,8,-62.077,-55.7189,32:00.9,FastGPS,-62.077,-55.7189,,,9.9,-2.1,,,,15,17,792,,,,30,16291,,,,11,30233,,,,1,1591,,,,10,17177,,,,28,4583,,,,18,26732,,,,8,24934,,,,,,,,,,,,,,,,,,,,,,,,,,,,,,,,,,,,,,
180843,22-Sep-19,20:55:39,2019-09-22 20:55:39,G,2,3,2508,638,0,4,-62.1993,-54.6242,03:03.4,FastGPS,-62.1004,-55.4788,,,0.8,-0.6,,,,15,12,4257,,,,29,31298,,,,31,18640,,,,5,410,,,,,,,,,,,,,,,,,,,,,,,,,,,,,,,,,,,,,,,,,,,,,,,,,,,,,,,,,,
180843,23-Sep-19,0:29:18,2019-09-23 00:29:18,G,6,3,2510,,0,9,-62.108,-55.1966,29:18.9,FastGPS,-62.108,-55.1966,,1,15.8,-2.1,,,,15,16,289,,,,5,11819,,,,4,14444,,,,27,8145,,,,26,9623,,,,7,5117,,,,13,10587,,,,20,1264,,,,15,26947,,,,,,,,,,,,,,,,,,,,,,,,,,,,,,,,,
180843,23-Sep-19,1:31:25,2019-09-23 01:31:25,G,6,3,2511,639,0,7,-62.1104,-55.1544,31:25.9,FastGPS,-62.1104,-55.1544,,1,9.2,-2.1,,,,15,13,10158,,,,15,17324,,,,10,17516,,,,20,16588,,,,16,16500,,,,4,30503,,,,8,6727,,,,,,,,,,,,,,,,,,,,,,,,,,,,,,,,,,,,,,,,,,,
180843,23-Sep-19,2:35:50,2019-09-23 02:35:50,G,8,3,2512,,0,9,-62.1122,-55.0939,35:51.4,FastGPS,-62.1122,-55.0939,,,2.8,-1.6,,,,15,15,18627,,,,8,27168,,,,18,30361,,,,21,22203,,,,10,17590,,,,20,4284,,,,13,25636,,,,30,9162,,,,11,20366,,,,,,,,,,,,,,,,,,,,,,,,,,,,,,,,,
180843,23-Sep-19,3:42:27,2019-09-23 03:42:27,G,6,3,2513,639,0,7,-62.1316,-54.9773,42:28.4,FastGPS,-62.1316,-54.9773,,,7,-1.6,,,,15,11,26985,,,,10,29146,,,,8,15187,,,,18,28070,,,,24,30667,,,,20,19833,,,,1,17368,,,,,,,,,,,,,,,,,,,,,,,,,,,,,,,,,,,,,,,,,,,
180843,23-Sep-19,4:42:00,2019-09-23 04:42:00,G,8,3,2514,,0,9,-62.1441,-54.901,42:00.9,FastGPS,-62.1441,-54.901,,,11.4,-2.1,,,,15,1,2470,,,,11,18120,,,,18,11926,,,,10,18008,,,,8,881,,,,22,21684,,,,24,417,,,,32,15309,,,,28,10690,,,,,,,,,,,,,,,,,,,,,,,,,,,,,,,,,
180843,23-Sep-19,6:01:19,2019-09-23 06:01:19,G,2,3,2515,,0,9,-62.1694,-54.8029,01:20.4,FastGPS,-62.1694,-54.8029,,,8.9,-1.6,,,,15,31,21345,,,,17,23308,,,,32,13293,,,,19,575,,,,18,4643,,,,14,30238,,,,1,4657,,,,22,2651,,,,3,28181,,,,,,,,,,,,,,,,,,,,,,,,,,,,,,,,,
180843,23-Sep-19,9:03:02,2019-09-23 09:03:02,G,6,3,2516,640,0,4,-62.1737,-54.6688,21:00.9,FastGPS,-62.1993,-54.6242,,,0.2,-1.6,,,,15,23,21535,,,,3,1119,,,,9,1735,,,,6,18392,,,,,,,,,,,,,,,,,,,,,,,,,,,,,,,,,,,,,,,,,,,,,,,,,,,,,,,,,,
180843,23-Sep-19,10:49:50,2019-09-23 10:49:50,G,6,3,2517,640,0,5,-62.1812,-54.6406,49:50.9,FastGPS,-62.1812,-54.6406,,,3.3,-2.1,,,,15,23,2625,,,,7,14910,,,,16,13449,,,,2,12121,,,,5,6141,,,,,,,,,,,,,,,,,,,,,,,,,,,,,,,,,,,,,,,,,,,,,,,,,,,,,
180843,23-Sep-19,12:21:00,2019-09-23 12:21:00,G,6,3,2518,642,0,4,-62.1733,-54.6792,9/23/2019 12:27,NN,-62.1737,-54.6688,,,0.8,-2.1,,,,15,5,15165,,,,7,2385,,,,30,21173,,,,13,3632,,,,,,,,,,,,,,,,,,,,,,,,,,,,,,,,,,,,,,,,,,,,,,,,,,,,,,,,,,
180843,23-Sep-19,13:23:15,2019-09-23 13:23:15,G,6,3,2519,642,0,6,-62.1689,-54.6927,23:16.4,FastGPS,-62.1689,-54.6927,,,12.4,-1.6,,,,15,13,26238,,,,5,5071,,,,30,4628,,,,27,15717,,,,7,11148,,,,8,21171,,,,,,,,,,,,,,,,,,,,,,,,,,,,,,,,,,,,,,,,,,,,,,,,
180843,23-Sep-19,17:25:47,2019-09-23 17:25:47,G,2,3,2520,643,0,8,-62.0993,-54.6012,25:49.0,FastGPS,-62.0993,-54.6012,,,2.3,-1,,,,15,32,8559,,,,24,18075,,,,17,4950,,,,12,8035,,,,19,15079,,,,11,18664,,,,28,1564,,,,1,25578,,,,,,,,,,,,,,,,,,,,,,,,,,,,,,,,,,,,,,
180843,23-Sep-19,18:59:05,2019-09-23 18:59:05,G,2,3,2521,643,0,6,-62.0861,-54.4435,59:06.4,FastGPS,-62.0861,-54.4435,,,6.2,-1.6,,,,15,17,6234,,,,12,24791,,,,6,8478,,,,19,16926,,,,24,32629,,,,2,2309,,,,,,,,,,,,,,,,,,,,,,,,,,,,,,,,,,,,,,,,,,,,,,,,
180843,23-Sep-19,20:24:37,2019-09-23 20:24:37,G,2,3,2522,643,0,4,-62.1733,-54.6792,9/23/2019 12:27,NN,-62.0828,-54.2997,,,0.3,-1,,,,15,29,20062,,,,31,10159,,,,6,20293,,,,25,29754,,,,,,,,,,,,,,,,,,,,,,,,,,,,,,,,,,,,,,,,,,,,,,,,,,,,,,,,,,
180843,23-Sep-19,21:26:23,2019-09-23 21:26:23,G,2,3,2523,643,0,8,-62.0945,-54.2102,26:24.9,FastGPS,-62.0945,-54.2102,,,7.6,-1.1,,,,15,29,28775,,,,31,12114,,,,5,26670,,,,23,28786,,,,12,20775,,,,2,31732,,,,25,7192,,,,26,8301,,,,,,,,,,,,,,,,,,,,,,,,,,,,,,,,,,,,,,
180843,23-Sep-19,22:26:03,2019-09-23 22:26:03,G,2,3,2524,643,0,7,-62.0918,-54.1224,26:03.9,FastGPS,-62.0918,-54.1224,,,6,-2.1,,,,15,9,22457,,,,29,18113,,,,26,20744,,,,16,25103,,,,2,20313,,,,5,29288,,,,25,18391,,,,,,,,,,,,,,,,,,,,,,,,,,,,,,,,,,,,,,,,,,,
180843,24-Sep-19,0:16:05,2019-09-24 00:16:05,G,4,3,2525,643,0,8,-62.0623,-53.9712,16:06.4,FastGPS,-62.0623,-53.9712,,1,10.8,-1.6,,,,15,5,23940,,,,16,31378,,,,26,3607,,,,4,17475,,,,21,11053,,,,27,3969,,,,15,9269,,,,20,4822,,,,,,,,,,,,,,,,,,,,,,,,,,,,,,,,,,,,,,
180843,24-Sep-19,1:21:18,2019-09-24 01:21:18,G,4,3,2526,,0,9,-62.0822,-53.9004,21:20.4,FastGPS,-62.0822,-53.9004,,1,29.8,-0.6,,,,15,27,30903,,,,16,24077,,,,10,20229,,,,4,15161,,,,20,3159,,,,7,32197,,,,21,17397,,,,15,10769,,,,13,12474,,,,,,,,,,,,,,,,,,,,,,,,,,,,,,,,,
180843,24-Sep-19,2:25:05,2019-09-24 02:25:05,G,2,3,2527,643,0,6,-62.1073,-53.8374,25:06.9,FastGPS,-62.1073,-53.8374,,1,2.5,-1.1,,,,15,27,11487,,,,10,21255,,,,8,18804,,,,4,10512,,,,15,14975,,,,13,30936,,,,,,,,,,,,,,,,,,,,,,,,,,,,,,,,,,,,,,,,,,,,,,,,
180843,24-Sep-19,3:25:01,2019-09-24 03:25:01,G,2,3,2528,,0,9,-62.1334,-53.7883,25:01.9,FastGPS,-62.1334,-53.7883,,,14,-2.1,,,,15,11,7575,,,,18,11031,,,,8,13994,,,,20,1395,,,,24,2926,,,,10,14322,,,,1,16149,,,,15,30506,,,,28,16197,,,,,,,,,,,,,,,,,,,,,,,,,,,,,,,,,
180843,24-Sep-19,4:29:44,2019-09-24 04:29:44,G,4,3,2529,,0,9,-62.1563,-53.7046,29:45.4,FastGPS,-62.1563,-53.7046,,,10.7,-1.6,,,,15,18,12422,,,,11,16489,,,,1,17730,,,,10,448,,,,28,32029,,,,22,25856,,,,24,22200,,,,32,20760,,,,8,6134,,,,,,,,,,,,,,,,,,,,,,,,,,,,,,,,,
180843,24-Sep-19,5:30:37,2019-09-24 05:30:37,G,6,3,2530,643,0,7,-62.191,-53.633,30:39.4,FastGPS,-62.191,-53.633,,,5.8,-0.6,,,,15,22,7052,,,,1,2942,,,,11,4837,,,,18,30246,,,,32,25619,,,,17,4963,,,,3,3706,,,,,,,,,,,,,,,,,,,,,,,,,,,,,,,,,,,,,,,,,,,
180843,24-Sep-19,6:34:32,2019-09-24 06:34:32,G,8,3,2531,,0,9,-62.2306,-53.5808,34:33.9,FastGPS,-62.2306,-53.5808,,,4.3,-1.1,,,,15,3,26797,,,,17,32272,,,,12,19500,,,,22,13947,,,,11,30500,,,,23,21498,,,,14,8184,,,,19,5541,,,,1,20820,,,,,,,,,,,,,,,,,,,,,,,,,,,,,,,,,
180843,24-Sep-19,7:39:09,2019-09-24 07:39:09,G,8,3,2532,,0,9,-62.2635,-53.5162,39:10.4,FastGPS,-62.2635,-53.5162,,,14.1,-1.6,,,,15,17,28316,,,,31,6519,,,,23,15678,,,,3,23959,,,,19,4975,,,,14,23268,,,,6,26831,,,,25,16470,,,,12,4316,,,,,,,,,,,,,,,,,,,,,,,,,,,,,,,,,
180843,24-Sep-19,8:47:51,2019-09-24 08:47:51,G,10,3,2533,643,0,5,-62.2941,-53.4824,47:53.5,FastGPS,-62.2941,-53.4824,,,3.4,-0.5,,,,15,9,14420,,,,6,477,,,,31,6480,,,,23,2710,,,,2,29267,,,,,,,,,,,,,,,,,,,,,,,,,,,,,,,,,,,,,,,,,,,,,,,,,,,,,
180843,24-Sep-19,9:53:56,2019-09-24 09:53:56,G,8,3,2534,643,0,6,-62.3069,-53.4037,53:58.0,FastGPS,-62.3069,-53.4037,,,4.4,-1,,,,15,29,14883,,,,2,3921,,,,9,20734,,,,16,14398,,,,6,19441,,,,26,27351,,,,,,,,,,,,,,,,,,,,,,,,,,,,,,,,,,,,,,,,,,,,,,,,
180843,24-Sep-19,10:58:08,2019-09-24 10:58:08,G,4,3,2535,,0,9,-62.327,-53.334,58:09.4,FastGPS,-62.327,-53.334,,1,9.8,-1.6,,,,15,5,9957,,,,2,27443,,,,16,8988,,,,7,9475,,,,9,23158,,,,23,16662,,,,29,18974,,,,26,11833,,,,4,15380,,,,,,,,,,,,,,,,,,,,,,,,,,,,,,,,,
180843,24-Sep-19,12:05:58,2019-09-24 12:05:58,G,6,3,2536,643,0,4,-62.0828,-54.2997,24:39.0,FastGPS,,,,,,,,,,15,5,2225,,,,7,12453,,,,30,23835,,,,4,14695,,,,,,,,,,,,,,,,,,,,,,,,,,,,,,,,,,,,,,,,,,,,,,,,,,,,,,,,,,
180843,24-Sep-19,13:08:47,2019-09-24 13:08:47,G,6,3,2537,643,0,6,-62.3643,-53.2051,08:48.0,FastGPS,-62.3643,-53.2051,,,5.2,-2.1,,,,15,28,30321,,,,5,13177,,,,7,8582,,,,30,29125,,,,13,12251,,,,9,7037,,,,,,,,,,,,,,,,,,,,,,,,,,,,,,,,,,,,,,,,,,,,,,,,
180843,24-Sep-19,14:18:00,2019-09-24 14:18:00,G,4,3,2538,643,0,8,-62.3647,-53.1373,18:01.4,FastGPS,-62.3647,-53.1373,,,15,-1.6,,,,15,15,27325,,,,8,5223,,,,13,15164,,,,5,31039,,,,7,18521,,,,28,31242,,,,30,30294,,,,20,27692,,,,,,,,,,,,,,,,,,,,,,,,,,,,,,,,,,,,,,
180843,24-Sep-19,15:27:04,2019-09-24 15:27:04,G,6,3,2539,643,0,6,-62.3637,-53.113,27:05.4,FastGPS,-62.3637,-53.113,,1,3.7,-1.6,,,,15,11,25819,,,,13,7022,,,,15,5229,,,,18,28688,,,,28,16101,,,,17,18486,,,,,,,,,,,,,,,,,,,,,,,,,,,,,,,,,,,,,,,,,,,,,,,,
180843,24-Sep-19,16:28:58,2019-09-24 16:28:58,G,8,3,2540,643,0,8,-62.3667,-53.0974,28:59.4,FastGPS,-62.3667,-53.0974,,,6.9,-1.6,,,,15,28,12832,,,,10,23078,,,,17,16670,,,,24,7783,,,,19,16153,,,,1,14438,,,,15,9032,,,,11,31442,,,,,,,,,,,,,,,,,,,,,,,,,,,,,,,,,,,,,,
180843,24-Sep-19,17:29:40,2019-09-24 17:29:40,G,8,3,2541,643,0,7,-62.371,-53.0856,29:40.9,FastGPS,-62.371,-53.0856,,,9.3,-2.1,,,,15,12,1898,,,,15,25697,,,,24,25395,,,,17,5451,,,,1,19197,,,,32,2988,,,,19,27349,,,,,,,,,,,,,,,,,,,,,,,,,,,,,,,,,,,,,,,,,,,
180843,24-Sep-19,18:35:55,2019-09-24 18:35:55,G,8,3,2542,,0,9,-62.373,-53.0706,35:56.4,FastGPS,-62.373,-53.0706,,,15.4,-1.6,,,,15,17,1545,,,,32,7955,,,,19,12966,,,,12,2661,,,,14,4119,,,,6,14290,,,,25,10382,,,,3,29225,,,,24,20372,,,,,,,,,,,,,,,,,,,,,,,,,,,,,,,,,
180843,24-Sep-19,19:36:41,2019-09-24 19:36:41,G,12,3,2543,643,0,6,-62.3874,-53.0561,36:42.9,FastGPS,-62.3874,-53.0561,,,9.8,-1.1,,,,15,2,2265,,,,6,16087,,,,3,8976,,,,12,17291,,,,19,32230,,,,31,21367,,,,,,,,,,,,,,,,,,,,,,,,,,,,,,,,,,,,,,,,,,,,,,,,
180843,24-Sep-19,20:37:00,2019-09-24 20:37:00,G,4,3,2544,643,0,6,-62.4016,-53.0331,37:01.0,FastGPS,-62.4016,-53.0331,,,11.7,-2,,,,15,29,30667,,,,31,2569,,,,12,19145,,,,25,29537,,,,23,14369,,,,2,26868,,,,,,,,,,,,,,,,,,,,,,,,,,,,,,,,,,,,,,,,,,,,,,,,
180843,24-Sep-19,21:37:00,2019-09-24 21:37:00,G,8,3,2545,643,0,8,-62.4339,-53.0279,37:00.9,FastGPS,-62.4339,-53.0279,,,9.8,-2.1,,,,15,31,4016,,,,29,26212,,,,25,19081,,,,23,894,,,,2,4001,,,,5,24125,,,,26,13076,,,,12,32574,,,,,,,,,,,,,,,,,,,,,,,,,,,,,,,,,,,,,,
180843,24-Sep-19,23:56:22,2019-09-24 23:56:22,G,4,3,2546,643,0,8,-62.4769,-53.0211,56:22.9,FastGPS,-62.4769,-53.0211,,1,6.7,-2.1,,,,15,16,7199,,,,5,12361,,,,4,17242,,,,29,6369,,,,26,25256,,,,21,8226,,,,7,6919,,,,27,26815,,,,,,,,,,,,,,,,,,,,,,,,,,,,,,,,,,,,,,
180843,25-Sep-19,4:34:09,2019-09-25 04:34:09,G,2,3,2548,,0,9,-62.4583,-52.9379,34:09.9,FastGPS,-62.4583,-52.9379,,,23.2,-2.1,,,,15,10,511,,,,32,27005,,,,14,23649,,,,1,4494,,,,18,15271,,,,24,17251,,,,8,31475,,,,11,19441,,,,28,12283,,,,,,,,,,,,,,,,,,,,,,,,,,,,,,,,,
180843,25-Sep-19,6:35:17,2019-09-25 06:35:17,G,4,3,2550,,0,9,-62.4488,-52.8279,35:18.4,FastGPS,-62.4488,-52.8279,,,6.7,-1.6,,,,15,12,429,,,,31,32193,,,,19,18705,,,,17,1772,,,,32,3491,,,,14,7255,,,,18,5386,,,,22,23200,,,,25,29791,,,,,,,,,,,,,,,,,,,,,,,,,,,,,,,,,
180843,25-Sep-19,7:36:55,2019-09-25 07:36:55,G,4,3,2551,,0,9,-62.431,-52.788,36:56.4,FastGPS,-62.431,-52.788,,,18.1,-1.6,,,,15,23,4223,,,,17,2962,,,,12,19554,,,,3,8694,,,,31,27362,,,,19,17317,,,,25,5960,,,,22,26816,,,,6,17558,,,,,,,,,,,,,,,,,,,,,,,,,,,,,,,,,
180843,25-Sep-19,8:44:30,2019-09-25 08:44:30,G,8,3,2552,644,0,6,-62.4162,-52.7194,44:30.9,FastGPS,-62.4162,-52.7194,,,2.5,-2.1,,,,15,31,15678,,,,26,6848,,,,3,29605,,,,9,21462,,,,22,13054,,,,23,9943,,,,,,,,,,,,,,,,,,,,,,,,,,,,,,,,,,,,,,,,,,,,,,,,
180843,25-Sep-19,9:51:11,2019-09-25 09:51:11,G,10,3,2553,644,0,7,-62.3984,-52.6596,51:13.4,FastGPS,-62.3984,-52.6596,,,8.9,-0.6,,,,15,29,15432,,,,7,24926,,,,3,3020,,,,23,26642,,,,16,19177,,,,9,19253,,,,26,28782,,,,,,,,,,,,,,,,,,,,,,,,,,,,,,,,,,,,,,,,,,,
180843,25-Sep-19,10:51:31,2019-09-25 10:51:31,G,4,3,2554,644,0,7,-62.3701,-52.6261,51:33.4,FastGPS,-62.3701,-52.6261,,,8.1,-0.6,,,,15,7,7376,,,,5,4449,,,,9,468,,,,23,4057,,,,30,9956,,,,2,5588,,,,29,31077,,,,,,,,,,,,,,,,,,,,,,,,,,,,,,,,,,,,,,,,,,,
180843,25-Sep-19,11:54:46,2019-09-25 11:54:46,G,8,3,2555,644,0,8,-62.3363,-52.6012,54:47.4,FastGPS,-62.3363,-52.6012,,1,10,-1.6,,,,15,9,24208,,,,5,16991,,,,16,32565,,,,30,28325,,,,7,8207,,,,23,12840,,,,4,4497,,,,27,16768,,,,,,,,,,,,,,,,,,,,,,,,,,,,,,,,,,,,,,
180843,25-Sep-19,12:55:00,2019-09-25 12:55:00,G,8,3,2556,644,0,8,-62.3105,-52.5668,55:00.9,FastGPS,-62.3105,-52.5668,,,7.3,-2.1,,,,15,7,19553,,,,5,9525,,,,9,3726,,,,13,22663,,,,30,6175,,,,28,27850,,,,8,31153,,,,27,14302,,,,,,,,,,,,,,,,,,,,,,,,,,,,,,,,,,,,,,
180843,25-Sep-19,14:01:09,2019-09-25 14:01:09,G,6,3,2557,644,0,7,-62.2751,-52.5722,01:09.9,FastGPS,-62.2751,-52.5722,,,9.2,-2.1,,,,15,7,17938,,,,30,127,,,,5,21220,,,,15,20829,,,,13,5138,,,,28,31016,,,,11,6034,,,,,,,,,,,,,,,,,,,,,,,,,,,,,,,,,,,,,,,,,,,
180843,25-Sep-19,15:03:43,2019-09-25 15:03:43,G,6,3,2558,644,0,6,-62.2427,-52.5522,03:43.9,FastGPS,-62.2427,-52.5522,,,15.2,-2.1,,,,15,17,8885,,,,15,4011,,,,13,27823,,,,30,6567,,,,28,6857,,,,19,12512,,,,,,,,,,,,,,,,,,,,,,,,,,,,,,,,,,,,,,,,,,,,,,,,
180843,25-Sep-19,16:04:00,2019-09-25 16:04:00,G,4,3,2559,,0,9,-62.2084,-52.5283,04:00.9,FastGPS,-62.2084,-52.5283,,,5.5,-2.1,,,,15,17,26049,,,,13,14592,,,,1,24249,,,,19,7905,,,,11,4181,,,,28,12609,,,,18,12772,,,,15,14785,,,,24,29587,,,,,,,,,,,,,,,,,,,,,,,,,,,,,,,,,
180843,25-Sep-19,18:11:47,2019-09-25 18:11:47,G,2,3,2561,644,0,6,-62.1808,-52.473,11:47.9,FastGPS,-62.1808,-52.473,,,11.4,-2.1,,,,15,12,4479,,,,17,22563,,,,24,4198,,,,19,31677,,,,6,4170,,,,25,30949,,,,,,,,,,,,,,,,,,,,,,,,,,,,,,,,,,,,,,,,,,,,,,,,
180843,25-Sep-19,19:25:40,2019-09-25 19:25:40,G,2,3,2562,,0,9,-62.1689,-52.4431,25:40.9,FastGPS,-62.1689,-52.4431,,,12.9,-2.1,,,,15,19,6250,,,,12,492,,,,32,7110,,,,14,21050,,,,25,622,,,,31,31420,,,,6,811,,,,17,15016,,,,2,25316,,,,,,,,,,,,,,,,,,,,,,,,,,,,,,,,,
180843,25-Sep-19,20:29:46,2019-09-25 20:29:46,G,2,3,2563,644,0,6,-62.1488,-52.401,29:47.0,FastGPS,-62.1488,-52.401,,,3.2,-2,,,,15,31,30035,,,,29,23273,,,,12,3345,,,,25,32541,,,,6,13404,,,,2,962,,,,,,,,,,,,,,,,,,,,,,,,,,,,,,,,,,,,,,,,,,,,,,,,
180843,25-Sep-19,21:33:37,2019-09-25 21:33:37,G,2,3,2564,644,0,8,-62.1213,-52.379,33:37.9,FastGPS,-62.1213,-52.379,,,9.7,-2.1,,,,15,2,22459,,,,12,21018,,,,5,17538,,,,25,6838,,,,31,20014,,,,9,10952,,,,23,15653,,,,29,13734,,,,,,,,,,,,,,,,,,,,,,,,,,,,,,,,,,,,,,
180843,25-Sep-19,22:33:23,2019-09-25 22:33:23,G,4,3,2565,644,0,8,-62.1016,-52.3183,33:24.4,FastGPS,-62.1016,-52.3183,,,9.2,-1.6,,,,15,31,11483,,,,26,20814,,,,16,19148,,,,5,17326,,,,29,6270,,,,2,18014,,,,21,32408,,,,9,9123,,,,,,,,,,,,,,,,,,,,,,,,,,,,,,,,,,,,,,
180843,25-Sep-19,23:33:00,2019-09-25 23:33:00,G,2,3,2566,644,0,8,-62.0817,-52.2652,33:00.9,FastGPS,-62.0817,-52.2652,,1,4.8,-2.1,,,,15,5,12651,,,,16,12452,,,,26,26806,,,,4,13227,,,,29,26055,,,,27,13343,,,,7,1389,,,,21,3111,,,,,,,,,,,,,,,,,,,,,,,,,,,,,,,,,,,,,,
180843,26-Sep-19,0:39:01,2019-09-26 00:39:01,G,2,3,2567,644,0,8,-62.0422,-52.2519,39:02.4,FastGPS,-62.0422,-52.2519,,1,9.8,-1.6,,,,15,15,7251,,,,27,9831,,,,7,32079,,,,4,31619,,,,29,4722,,,,21,18733,,,,16,9131,,,,13,28323,,,,,,,,,,,,,,,,,,,,,,,,,,,,,,,,,,,,,,
180843,26-Sep-19,1:43:39,2019-09-26 01:43:39,G,2,3,2568,,0,9,-61.9959,-52.2485,43:40.0,FastGPS,-61.9959,-52.2485,,1,9.6,-2,,,,15,15,533,,,,13,8681,,,,10,25959,,,,21,32025,,,,4,24271,,,,30,10404,,,,27,12417,,,,20,32025,,,,16,9669,,,,,,,,,,,,,,,,,,,,,,,,,,,,,,,,,
180843,26-Sep-19,2:47:35,2019-09-26 02:47:35,G,2,3,2569,,0,9,-61.9511,-52.2028,47:36.5,FastGPS,-61.9511,-52.2028,,1,6.8,-1.6,,,,15,10,7178,,,,15,6812,,,,8,32706,,,,32,32623,,,,21,18962,,,,27,26939,,,,20,878,,,,4,21844,,,,24,2367,,,,,,,,,,,,,,,,,,,,,,,,,,,,,,,,,
180843,26-Sep-19,3:48:21,2019-09-26 03:48:21,G,2,3,2570,,0,9,-61.9108,-52.1631,48:22.4,FastGPS,-61.9108,-52.1631,,1,11.8,-1.6,,,,15,20,1664,,,,24,11569,,,,32,13281,,,,10,4662,,,,27,29473,,,,14,18677,,,,8,21522,,,,4,7827,,,,11,5401,,,,,,,,,,,,,,,,,,,,,,,,,,,,,,,,,
180843,26-Sep-19,5:08:38,2019-09-26 05:08:38,G,2,3,2571,644,0,5,-61.8692,-52.141,08:40.0,FastGPS,-61.8692,-52.141,,,3.7,-1,,,,15,32,13626,,,,14,18440,,,,18,6617,,,,11,10388,,,,1,9897,,,,,,,,,,,,,,,,,,,,,,,,,,,,,,,,,,,,,,,,,,,,,,,,,,,,,
180843,26-Sep-19,6:11:50,2019-09-26 06:11:50,G,8,3,2572,,0,9,-61.8334,-52.1455,11:51.9,FastGPS,-61.8334,-52.1455,,,9.5,-1.1,,,,15,31,20285,,,,32,18253,,,,14,19994,,,,18,15892,,,,11,23282,,,,17,5760,,,,1,23137,,,,12,17275,,,,3,27673,,,,,,,,,,,,,,,,,,,,,,,,,,,,,,,,,
180843,26-Sep-19,7:19:16,2019-09-26 07:19:16,G,10,3,2573,,0,9,-61.7949,-52.1464,19:18.4,FastGPS,-61.7949,-52.1464,,,14.6,-0.6,,,,15,31,13340,,,,14,15103,,,,1,6197,,,,25,13963,,,,32,19837,,,,22,6207,,,,23,4429,,,,18,10391,,,,3,21160,,,,,,,,,,,,,,,,,,,,,,,,,,,,,,,,,
180843,26-Sep-19,8:22:45,2019-09-26 08:22:45,G,8,3,2574,644,0,7,-61.7849,-52.1589,22:46.9,FastGPS,-61.7849,-52.1589,,,7.9,-1.1,,,,15,23,24633,,,,9,25653,,,,3,13281,,,,6,21287,,,,31,3786,,,,19,26387,,,,25,28544,,,,,,,,,,,,,,,,,,,,,,,,,,,,,,,,,,,,,,,,,,,
180843,26-Sep-19,9:40:05,2019-09-26 09:40:05,G,6,3,2575,644,0,4,-61.7516,-52.1622,9/26/2019 10:13,NN,-61.7541,-52.1816,,,0.6,-1.6,,,,15,9,31268,,,,29,24988,,,,7,18175,,,,2,13965,,,,,,,,,,,,,,,,,,,,,,,,,,,,,,,,,,,,,,,,,,,,,,,,,,,,,,,,,,
180843,26-Sep-19,10:40:00,2019-09-26 10:40:00,G,4,3,2576,644,1,5,-61.7471,-52.148,40:01.0,FastGPS,-61.7471,-52.148,,,1.9,-2,,,,15,7,4801,,,,2,8145,,,,30,28906,,,,6,28931,,,,9,26174,,,,,,,,,,,,,,,,,,,,,,,,,,,,,,,,,,,,,,,,,,,,,,,,,,,,,
180843,26-Sep-19,11:40:00,2019-09-26 11:40:00,G,12,3,2577,644,1,4,-61.7471,-52.1481,40:01.0,FastGPS,-61.7373,-52.1165,,,1,-2.1,,,,15,30,8184,,,,23,17809,,,,7,19165,,,,5,5823,,,,,,,,,,,,,,,,,,,,,,,,,,,,,,,,,,,,,,,,,,,,,,,,,,,,,,,,,,
180843,26-Sep-19,12:55:00,2019-09-26 12:55:00,G,8,3,2578,645,1,5,-61.7272,-52.0741,55:00.9,FastGPS,-61.7272,-52.0741,,,1.7,-2.1,,,,15,5,15130,,,,9,4430,,,,28,2386,,,,30,23030,,,,13,13518,,,,,,,,,,,,,,,,,,,,,,,,,,,,,,,,,,,,,,,,,,,,,,,,,,,,,
180843,26-Sep-19,15:25:00,2019-09-26 15:25:00,G,2,3,2580,647,1,4,-61.7471,-52.1481,40:01.0,FastGPS,-61.7181,-52.0091,,,1.2,-1.9,,,,15,13,28275,,,,17,23250,,,,30,26839,,,,19,24976,,,,,,,,,,,,,,,,,,,,,,,,,,,,,,,,,,,,,,,,,,,,,,,,,,,,,,,,,,
180843,26-Sep-19,16:55:00,2019-09-26 16:55:00,G,2,3,2581,649,1,5,-61.7165,-51.9763,55:02.0,FastGPS,-61.7165,-51.9763,,,5.7,-1,,,,15,19,12973,,,,15,7779,,,,17,790,,,,28,16108,,,,13,16462,,,,,,,,,,,,,,,,,,,,,,,,,,,,,,,,,,,,,,,,,,,,,,,,,,,,,
180843,26-Sep-19,17:55:00,2019-09-26 17:55:00,G,2,3,2582,649,1,4,-61.7471,-52.1481,40:01.0,FastGPS,-61.7212,-51.9529,,,0.2,-2.1,,,,15,24,32257,,,,6,9988,,,,12,16165,,,,19,29231,,,,,,,,,,,,,,,,,,,,,,,,,,,,,,,,,,,,,,,,,,,,,,,,,,,,,,,,,,
180843,26-Sep-19,18:55:00,2019-09-26 18:55:00,G,2,3,2583,649,1,4,-61.7212,-51.9529,55:00.9,FastGPS,-61.7276,-51.9239,,,1.2,-2,,,,15,24,30900,,,,12,20339,,,,2,8980,,,,6,19314,,,,,,,,,,,,,,,,,,,,,,,,,,,,,,,,,,,,,,,,,,,,,,,,,,,,,,,,,,
180843,26-Sep-19,19:55:00,2019-09-26 19:55:00,G,4,3,2584,649,1,5,-61.7334,-51.8855,55:01.0,FastGPS,-61.7334,-51.8855,,,7.1,-2,,,,15,12,19455,,,,2,12671,,,,19,24391,,,,24,9346,,,,6,9228,,,,,,,,,,,,,,,,,,,,,,,,,,,,,,,,,,,,,,,,,,,,,,,,,,,,,
180843,26-Sep-19,21:25:00,2019-09-26 21:25:00,G,2,3,2585,651,1,8,-61.7374,-51.8276,25:01.0,FastGPS,-61.7374,-51.8276,,,11.3,-2,,,,15,12,11624,,,,9,31367,,,,6,22231,,,,5,5745,,,,2,2830,,,,25,17592,,,,29,5433,,,,31,21060,,,,,,,,,,,,,,,,,,,,,,,,,,,,,,,,,,,,,,
180843,27-Sep-19,0:14:58,2019-09-27 00:14:58,G,4,3,2586,,0,9,-61.7126,-51.7279,14:59.5,FastGPS,-61.7126,-51.7279,,1,8,-1.5,,,,15,4,27313,,,,16,9801,,,,26,17379,,,,27,20680,,,,13,20543,,,,5,4668,,,,15,10540,,,,21,6068,,,,29,26492,,,,,,,,,,,,,,,,,,,,,,,,,,,,,,,,,
180843,27-Sep-19,1:16:57,2019-09-27 01:16:57,G,2,3,2587,652,0,4,-61.7212,-51.9529,55:00.9,FastGPS,-61.702,-51.7074,,,0.4,-0.6,,,,15,15,15479,,,,13,30492,,,,21,23942,,,,10,5402,,,,,,,,,,,,,,,,,,,,,,,,,,,,,,,,,,,,,,,,,,,,,,,,,,,,,,,,,,
180843,27-Sep-19,2:18:49,2019-09-27 02:18:49,G,4,3,2588,652,0,8,-61.67,-51.711,18:51.4,FastGPS,-61.67,-51.711,,1,15.4,-0.6,,,,15,15,29272,,,,10,19149,,,,21,9347,,,,32,15988,,,,13,29500,,,,27,24475,,,,8,12446,,,,4,17754,,,,,,,,,,,,,,,,,,,,,,,,,,,,,,,,,,,,,,
180843,27-Sep-19,3:19:15,2019-09-27 03:19:15,G,2,3,2589,,0,9,-61.6536,-51.7138,19:17.5,FastGPS,-61.6536,-51.7138,,1,11.2,-0.5,,,,15,18,7557,,,,10,29139,,,,20,5851,,,,11,2847,,,,32,3610,,,,4,105,,,,8,24728,,,,27,5954,,,,21,6219,,,,,,,,,,,,,,,,,,,,,,,,,,,,,,,,,
180843,27-Sep-19,4:44:52,2019-09-27 04:44:52,G,6,3,2590,652,0,6,-61.6411,-51.7667,44:54.5,FastGPS,-61.6411,-51.7667,,,10,-0.5,,,,15,32,24100,,,,18,7720,,,,14,7312,,,,1,31589,,,,8,4384,,,,11,10038,,,,,,,,,,,,,,,,,,,,,,,,,,,,,,,,,,,,,,,,,,,,,,,,
180843,27-Sep-19,6:00:45,2019-09-27 06:00:45,G,6,3,2591,653,0,8,-61.6575,-51.8313,00:46.9,FastGPS,-61.6575,-51.8313,,,6.8,-1.1,,,,15,17,28563,,,,11,6554,,,,18,718,,,,1,26169,,,,31,28332,,,,22,26204,,,,19,29592,,,,3,1149,,,,,,,,,,,,,,,,,,,,,,,,,,,,,,,,,,,,,,
180843,27-Sep-19,7:04:36,2019-09-27 07:04:36,G,4,3,2592,,0,9,-61.6919,-51.8539,04:37.5,FastGPS,-61.6919,-51.8539,,,11.8,-1.5,,,,15,1,4535,,,,18,17340,,,,17,18115,,,,23,16866,,,,22,10639,,,,31,31741,,,,19,13347,,,,11,3829,,,,3,2146,,,,,,,,,,,,,,,,,,,,,,,,,,,,,,,,,
180843,27-Sep-19,8:49:31,2019-09-27 08:49:31,G,10,3,2593,653,0,8,-61.7424,-51.8095,49:33.0,FastGPS,-61.7424,-51.8095,,,9.3,-1,,,,15,9,15481,,,,6,18120,,,,31,18770,,,,23,2653,,,,29,30531,,,,3,14023,,,,2,25761,,,,26,29543,,,,,,,,,,,,,,,,,,,,,,,,,,,,,,,,,,,,,,
180843,27-Sep-19,10:18:40,2019-09-27 10:18:40,G,4,3,2594,654,0,7,-61.7729,-51.7181,18:40.9,FastGPS,-61.7729,-51.7181,,,16.3,-2.1,,,,15,7,27019,,,,29,5009,,,,23,6707,,,,9,18766,,,,5,29139,,,,26,28298,,,,2,32606,,,,,,,,,,,,,,,,,,,,,,,,,,,,,,,,,,,,,,,,,,,
180843,27-Sep-19,11:34:21,2019-09-27 11:34:21,G,4,3,2595,654,0,4,-61.7694,-51.3287,47:20.5,FastGPS,-61.782,-51.7034,,,0.5,-0.6,,,,15,5,24108,,,,30,24310,,,,7,8450,,,,27,22171,,,,,,,,,,,,,,,,,,,,,,,,,,,,,,,,,,,,,,,,,,,,,,,,,,,,,,,,,,
180843,27-Sep-19,13:47:28,2019-09-27 13:47:28,G,2,3,2596,654,0,5,-61.7782,-51.6769,47:30.0,FastGPS,-61.7782,-51.6769,,,1.6,-1,,,,15,7,28430,,,,15,9530,,,,30,27742,,,,13,8060,,,,28,29572,,,,,,,,,,,,,,,,,,,,,,,,,,,,,,,,,,,,,,,,,,,,,,,,,,,,,
180843,27-Sep-19,15:21:59,2019-09-27 15:21:59,G,4,3,2597,655,0,7,-61.7936,-51.6062,22:01.0,FastGPS,-61.7936,-51.6062,,,9.9,-1,,,,15,15,16593,,,,17,10350,,,,13,6323,,,,10,25318,,,,20,27878,,,,30,6080,,,,28,27634,,,,,,,,,,,,,,,,,,,,,,,,,,,,,,,,,,,,,,,,,,,
180843,27-Sep-19,16:22:00,2019-09-27 16:22:00,G,4,3,2598,655,0,8,-61.8166,-51.5597,22:01.0,FastGPS,-61.8166,-51.5597,,,10.5,-2,,,,15,17,13939,,,,28,12787,,,,19,19494,,,,15,5531,,,,1,30985,,,,13,23898,,,,11,32267,,,,12,17922,,,,,,,,,,,,,,,,,,,,,,,,,,,,,,,,,,,,,,
180843,27-Sep-19,17:22:00,2019-09-27 17:22:00,G,6,3,2599,655,1,6,-61.8157,-51.514,22:01.0,FastGPS,-61.8157,-51.514,,,7.8,-2,,,,15,17,8387,,,,28,1328,,,,6,21143,,,,19,6977,,,,15,11415,,,,12,19312,,,,,,,,,,,,,,,,,,,,,,,,,,,,,,,,,,,,,,,,,,,,,,,,
180843,27-Sep-19,21:47:19,2019-09-27 21:47:19,G,2,3,2600,655,0,5,-61.7694,-51.3287,47:20.5,FastGPS,-61.7694,-51.3287,,,6.8,-1.5,,,,15,29,25973,,,,31,1421,,,,26,5865,,,,5,9591,,,,2,2365,,,,,,,,,,,,,,,,,,,,,,,,,,,,,,,,,,,,,,,,,,,,,,,,,,,,,
180843,28-Sep-19,0:41:54,2019-09-28 00:41:54,G,2,3,2601,,0,9,-61.8392,-51.3709,41:56.5,FastGPS,-61.8392,-51.3709,,1,13.3,-0.5,,,,15,7,28293,,,,16,759,,,,4,31557,,,,27,20009,,,,26,22756,,,,10,18001,,,,20,21085,,,,21,23329,,,,29,32531,,,,,,,,,,,,,,,,,,,,,,,,,,,,,,,,,
180843,28-Sep-19,1:45:40,2019-09-28 01:45:40,G,6,3,2602,655,0,5,-61.8683,-51.4246,45:42.0,FastGPS,-61.8683,-51.4246,,,4.4,-1,,,,15,15,21734,,,,27,9107,,,,20,23550,,,,10,11501,,,,21,20591,,,,,,,,,,,,,,,,,,,,,,,,,,,,,,,,,,,,,,,,,,,,,,,,,,,,,
180843,28-Sep-19,2:45:49,2019-09-28 02:45:49,G,6,3,2603,655,0,5,-61.8683,-51.4246,45:42.0,FastGPS,-61.8801,-51.4427,,1,1,-1.5,,,,15,27,21277,,,,10,17109,,,,4,9455,,,,20,28730,,,,32,7489,,,,,,,,,,,,,,,,,,,,,,,,,,,,,,,,,,,,,,,,,,,,,,,,,,,,,
180843,28-Sep-19,3:46:44,2019-09-28 03:46:44,G,4,3,2604,,0,9,-61.9156,-51.4799,46:45.5,FastGPS,-61.9156,-51.4799,,,14.5,-1.5,,,,15,32,7182,,,,10,29130,,,,14,22857,,,,11,25033,,,,27,5938,,,,18,25953,,,,8,12386,,,,1,13535,,,,28,9726,,,,,,,,,,,,,,,,,,,,,,,,,,,,,,,,,
180843,28-Sep-19,4:55:51,2019-09-28 04:55:51,G,4,3,2605,655,0,8,-61.9523,-51.517,55:53.0,FastGPS,-61.9523,-51.517,,,9.5,-1,,,,15,18,23501,,,,11,26182,,,,1,15914,,,,14,25772,,,,17,17217,,,,32,2722,,,,22,15808,,,,8,14808,,,,,,,,,,,,,,,,,,,,,,,,,,,,,,,,,,,,,,
180843,28-Sep-19,5:56:16,2019-09-28 05:56:16,G,2,3,2606,,0,9,-61.9795,-51.5518,56:17.5,FastGPS,-61.9795,-51.5518,,,12.2,-1.5,,,,15,31,21885,,,,18,27712,,,,3,27106,,,,32,5739,,,,11,510,,,,1,20634,,,,17,25616,,,,14,23399,,,,22,20215,,,,,,,,,,,,,,,,,,,,,,,,,,,,,,,,,
180843,28-Sep-19,6:56:00,2019-09-28 06:56:00,G,2,3,2607,,0,9,-61.9959,-51.6018,56:02.0,FastGPS,-61.9959,-51.6018,,,13.9,-1,,,,15,31,29072,,,,17,30677,,,,23,28133,,,,1,18466,,,,18,2231,,,,14,3694,,,,22,14929,,,,11,19805,,,,3,29864,,,,,,,,,,,,,,,,,,,,,,,,,,,,,,,,,
180843,28-Sep-19,8:04:05,2019-09-28 08:04:05,G,6,3,2608,,0,9,-62.0139,-51.648,04:06.5,FastGPS,-62.0139,-51.648,,,14.1,-1.5,,,,15,31,29926,,,,6,1418,,,,23,445,,,,3,28958,,,,9,12222,,,,22,330,,,,26,21638,,,,19,24024,,,,17,8161,,,,,,,,,,,,,,,,,,,,,,,,,,,,,,,,,
180843,28-Sep-19,9:04:35,2019-09-28 09:04:35,G,8,3,2609,655,0,5,-62.0279,-51.6558,04:37.5,FastGPS,-62.0279,-51.6558,,,6.6,-0.5,,,,15,6,4709,,,,2,13349,,,,3,13396,,,,23,1220,,,,9,5813,,,,,,,,,,,,,,,,,,,,,,,,,,,,,,,,,,,,,,,,,,,,,,,,,,,,,
180843,28-Sep-19,10:04:00,2019-09-28 10:04:00,G,8,3,2610,,0,9,-62.0487,-51.6703,04:02.0,FastGPS,-62.0487,-51.6703,,,9.3,-1,,,,15,7,29952,,,,23,22228,,,,16,27528,,,,26,31738,,,,9,31335,,,,6,9890,,,,2,568,,,,3,11223,,,,30,24055,,,,,,,,,,,,,,,,,,,,,,,,,,,,,,,,,
180843,28-Sep-19,11:13:52,2019-09-28 11:13:52,G,8,3,2611,655,0,5,-62.0821,-51.6791,13:53.5,FastGPS,-62.0821,-51.6791,,,4.3,-1.5,,,,15,5,5696,,,,7,10212,,,,30,15122,,,,9,285,,,,2,26053,,,,,,,,,,,,,,,,,,,,,,,,,,,,,,,,,,,,,,,,,,,,,,,,,,,,,
180843,28-Sep-19,12:32:37,2019-09-28 12:32:37,G,6,3,2612,655,0,5,-62.1235,-51.6836,32:39.5,FastGPS,-62.1235,-51.6836,,,2.9,-0.5,,,,15,8,20970,,,,30,7779,,,,27,28688,,,,9,31959,,,,7,25304,,,,,,,,,,,,,,,,,,,,,,,,,,,,,,,,,,,,,,,,,,,,,,,,,,,,,
180843,28-Sep-19,13:32:00,2019-09-28 13:32:00,G,4,3,2613,655,1,6,-62.1188,-51.6955,32:02.0,FastGPS,-62.1188,-51.6955,,1,7.9,-1,,,,15,27,21469,,,,4,5005,,,,8,15518,,,,21,2481,,,,15,32207,,,,13,16968,,,,,,,,,,,,,,,,,,,,,,,,,,,,,,,,,,,,,,,,,,,,,,,,
180843,29-Sep-19,2:12:57,2019-09-29 02:12:57,G,8,3,2614,655,0,6,-62.2897,-51.693,12:59.1,FastGPS,-62.2897,-51.693,,1,6.1,-0.9,,,,15,10,24194,,,,8,25898,,,,21,1344,,,,27,25449,,,,4,13726,,,,20,14745,,,,,,,,,,,,,,,,,,,,,,,,,,,,,,,,,,,,,,,,,,,,,,,,
180843,29-Sep-19,3:25:50,2019-09-29 03:25:50,G,10,3,2615,655,0,4,-62.2897,-51.693,12:59.1,FastGPS,-62.3215,-51.7402,,,1.6,-1,,,,15,32,29678,,,,28,16059,,,,10,14391,,,,8,20776,,,,,,,,,,,,,,,,,,,,,,,,,,,,,,,,,,,,,,,,,,,,,,,,,,,,,,,,,,
180843,29-Sep-19,5:50:57,2019-09-29 05:50:57,G,8,3,2616,,0,9,-62.4055,-51.7742,50:58.0,FastGPS,-62.4055,-51.7742,,,9.1,-2,,,,15,31,20551,,,,3,30491,,,,17,2709,,,,11,8175,,,,18,1739,,,,14,30551,,,,32,16946,,,,22,24578,,,,1,27069,,,,,,,,,,,,,,,,,,,,,,,,,,,,,,,,,
180843,29-Sep-19,6:58:07,2019-09-29 06:58:07,G,8,3,2617,656,0,4,-62.3215,-51.7402,25:52.0,FastGPS,-62.4368,-51.8022,,,0.6,-1.1,,,,15,31,1769,,,,22,8267,,,,19,18546,,,,3,4965,,,,,,,,,,,,,,,,,,,,,,,,,,,,,,,,,,,,,,,,,,,,,,,,,,,,,,,,,,
180843,29-Sep-19,8:07:37,2019-09-29 08:07:37,G,4,3,2618,656,0,5,-62.4596,-51.8377,07:38.6,FastGPS,-62.4596,-51.8377,,,10.9,-1.4,,,,15,3,27053,,,,31,27129,,,,6,30556,,,,23,27602,,,,22,14922,,,,,,,,,,,,,,,,,,,,,,,,,,,,,,,,,,,,,,,,,,,,,,,,,,,,,
180843,29-Sep-19,9:34:42,2019-09-29 09:34:42,G,14,3,2619,657,0,5,-62.4686,-51.8779,34:43.5,FastGPS,-62.4686,-51.8779,,,8,-1.5,,,,15,7,10935,,,,9,8087,,,,23,19317,,,,26,22694,,,,16,12678,,,,,,,,,,,,,,,,,,,,,,,,,,,,,,,,,,,,,,,,,,,,,,,,,,,,,
180843,29-Sep-19,11:28:51,2019-09-29 11:28:51,G,12,3,2620,658,0,5,-62.4947,-51.9899,28:52.6,FastGPS,-62.4947,-51.9899,,,4.7,-1.4,,,,15,5,30711,,,,7,4921,,,,30,26882,,,,9,21450,,,,23,30033,,,,,,,,,,,,,,,,,,,,,,,,,,,,,,,,,,,,,,,,,,,,,,,,,,,,,
180843,29-Sep-19,12:29:25,2019-09-29 12:29:25,G,8,3,2621,658,0,7,-62.5119,-52.0543,29:26.0,FastGPS,-62.5119,-52.0543,,,9.6,-2,,,,15,5,30046,,,,28,19654,,,,13,30273,,,,30,7366,,,,7,21629,,,,9,22585,,,,8,20921,,,,,,,,,,,,,,,,,,,,,,,,,,,,,,,,,,,,,,,,,,,
180843,29-Sep-19,13:31:40,2019-09-29 13:31:40,G,6,3,2622,658,0,6,-62.5239,-52.1304,31:42.5,FastGPS,-62.5239,-52.1304,,,5.2,-0.5,,,,15,7,17807,,,,8,11223,,,,28,21717,,,,30,31079,,,,5,10289,,,,13,22722,,,,,,,,,,,,,,,,,,,,,,,,,,,,,,,,,,,,,,,,,,,,,,,,
180843,29-Sep-19,16:06:07,2019-09-29 16:06:07,G,6,3,2624,659,0,7,-62.5493,-52.2471,06:08.5,FastGPS,-62.5493,-52.2471,,,7.9,-1.5,,,,15,17,27846,,,,15,24748,,,,13,19052,,,,19,23378,,,,12,18943,,,,24,11783,,,,28,7688,,,,,,,,,,,,,,,,,,,,,,,,,,,,,,,,,,,,,,,,,,,
180843,29-Sep-19,17:29:31,2019-09-29 17:29:31,G,10,3,2625,659,0,7,-62.5624,-52.3562,29:33.0,FastGPS,-62.5624,-52.3562,,,11,-1,,,,15,12,26388,,,,6,32037,,,,32,9700,,,,24,18750,,,,17,26848,,,,25,8253,,,,19,20161,,,,,,,,,,,,,,,,,,,,,,,,,,,,,,,,,,,,,,,,,,,
180843,29-Sep-19,20:17:26,2019-09-29 20:17:26,G,18,3,2626,659,0,7,-62.5636,-52.5745,17:27.5,FastGPS,-62.5636,-52.5745,,,2.1,-1.5,,,,15,12,22577,,,,6,3974,,,,31,10520,,,,29,5577,,,,2,2180,,,,23,25683,,,,25,3713,,,,,,,,,,,,,,,,,,,,,,,,,,,,,,,,,,,,,,,,,,,
180843,29-Sep-19,22:41:01,2019-09-29 22:41:01,G,14,3,2627,659,0,7,-62.5425,-52.6963,41:03.5,FastGPS,-62.5425,-52.6963,,,6.8,-0.5,,,,15,5,26180,,,,21,23135,,,,26,10580,,,,29,10788,,,,31,23373,,,,25,17923,,,,16,31551,,,,,,,,,,,,,,,,,,,,,,,,,,,,,,,,,,,,,,,,,,,
180843,29-Sep-19,23:48:55,2019-09-29 23:48:55,G,18,3,2628,659,0,8,-62.5327,-52.7447,48:56.5,FastGPS,-62.5327,-52.7447,,1,15.9,-1.5,,,,15,29,17610,,,,15,29155,,,,27,12269,,,,16,16141,,,,4,26598,,,,26,26614,,,,20,13290,,,,21,28308,,,,,,,,,,,,,,,,,,,,,,,,,,,,,,,,,,,,,,
180843,30-Sep-19,0:54:49,2019-09-30 00:54:49,G,10,3,2629,,0,9,-62.5264,-52.7599,54:51.0,FastGPS,-62.5264,-52.7599,,1,8.6,-1,,,,15,15,6695,,,,7,29861,,,,13,13441,,,,30,22367,,,,27,15594,,,,4,880,,,,8,20179,,,,20,23470,,,,21,15517,,,,,,,,,,,,,,,,,,,,,,,,,,,,,,,,,
180843,30-Sep-19,1:58:02,2019-09-30 01:58:02,G,8,3,2630,659,0,7,-62.5205,-52.7821,58:04.0,FastGPS,-62.5205,-52.7821,,1,13.7,-1,,,,15,8,31954,,,,10,2087,,,,21,8119,,,,27,29263,,,,4,30281,,,,20,21268,,,,18,16179,,,,,,,,,,,,,,,,,,,,,,,,,,,,,,,,,,,,,,,,,,,
180843,30-Sep-19,3:05:11,2019-09-30 03:05:11,G,10,3,2631,659,0,5,-62.5189,-52.8035,05:13.5,FastGPS,-62.5189,-52.8035,,,15.9,-0.5,,,,15,28,27865,,,,32,32330,,,,10,8561,,,,11,18483,,,,20,20581,,,,,,,,,,,,,,,,,,,,,,,,,,,,,,,,,,,,,,,,,,,,,,,,,,,,,
180843,30-Sep-19,4:05:03,2019-09-30 04:05:03,G,12,3,2632,,0,9,-62.5102,-52.8207,05:05.5,FastGPS,-62.5102,-52.8207,,,10.4,-0.5,,,,15,18,19829,,,,32,31018,,,,11,23059,,,,10,14185,,,,28,8829,,,,1,24987,,,,24,5480,,,,8,9976,,,,14,4364,,,,,,,,,,,,,,,,,,,,,,,,,,,,,,,,,
180843,30-Sep-19,5:14:26,2019-09-30 05:14:26,G,14,3,2633,659,0,8,-62.5204,-52.8044,14:27.0,FastGPS,-62.5204,-52.8044,,,7,-2,,,,15,32,11057,,,,31,30962,,,,17,28195,,,,18,14731,,,,11,21371,,,,24,32309,,,,1,6328,,,,10,13149,,,,,,,,,,,,,,,,,,,,,,,,,,,,,,,,,,,,,,
180843,30-Sep-19,6:15:49,2019-09-30 06:15:49,G,8,3,2634,,0,9,-62.5161,-52.8297,15:51.5,FastGPS,-62.5161,-52.8297,,1,5.9,-0.5,,,,15,32,2775,,,,31,5064,,,,14,9633,,,,3,15895,,,,22,27071,,,,1,16834,,,,17,5163,,,,18,4513,,,,21,17614,,,,,,,,,,,,,,,,,,,,,,,,,,,,,,,,,
180843,30-Sep-19,7:38:02,2019-09-30 07:38:02,G,8,3,2635,,0,9,-62.5193,-52.8426,38:03.0,FastGPS,-62.5193,-52.8426,,,13.3,-2,,,,15,17,21907,,,,6,27670,,,,19,11892,,,,31,19145,,,,14,15378,,,,23,15125,,,,3,8664,,,,25,6217,,,,22,13134,,,,,,,,,,,,,,,,,,,,,,,,,,,,,,,,,
180843,30-Sep-19,10:49:37,2019-09-30 10:49:37,G,8,3,2636,659,0,7,-62.4977,-52.9042,49:39.5,FastGPS,-62.4977,-52.9042,,1,8.6,-0.5,,,,15,7,2321,,,,30,5567,,,,23,5163,,,,26,14295,,,,5,18887,,,,4,21339,,,,16,16492,,,,,,,,,,,,,,,,,,,,,,,,,,,,,,,,,,,,,,,,,,,
180843,30-Sep-19,11:49:04,2019-09-30 11:49:04,G,8,3,2637,659,0,6,-62.4948,-52.9801,49:06.0,FastGPS,-62.4948,-52.9801,,,16.5,-1,,,,15,5,2059,,,,7,3003,,,,9,1281,,,,13,10915,,,,8,18777,,,,30,3057,,,,,,,,,,,,,,,,,,,,,,,,,,,,,,,,,,,,,,,,,,,,,,,,
180843,30-Sep-19,12:51:58,2019-09-30 12:51:58,G,12,3,2638,659,0,6,-62.4987,-53.0685,52:00.0,FastGPS,-62.4987,-53.0685,,,2.3,-1,,,,15,7,21296,,,,5,31085,,,,28,3188,,,,8,20181,,,,30,31983,,,,9,2579,,,,,,,,,,,,,,,,,,,,,,,,,,,,,,,,,,,,,,,,,,,,,,,,
180843,30-Sep-19,14:00:20,2019-09-30 14:00:20,G,8,3,2639,659,0,6,-62.4876,-53.1563,00:22.1,FastGPS,-62.4876,-53.1563,,,8.4,-0.9,,,,15,30,20155,,,,5,9256,,,,13,26089,,,,7,27766,,,,8,44,,,,28,21708,,,,,,,,,,,,,,,,,,,,,,,,,,,,,,,,,,,,,,,,,,,,,,,,
180843,30-Sep-19,15:02:52,2019-09-30 15:02:52,G,8,3,2640,,0,9,-62.4812,-53.2517,02:54.5,FastGPS,-62.4812,-53.2517,,,8.2,-0.5,,,,15,13,31238,,,,17,13395,,,,10,3523,,,,15,31831,,,,20,24073,,,,19,13396,,,,24,21207,,,,30,1853,,,,28,8531,,,,,,,,,,,,,,,,,,,,,,,,,,,,,,,,,
180843,30-Sep-19,16:15:23,2019-09-30 16:15:23,G,8,3,2641,659,0,7,-62.4671,-53.3309,15:24.5,FastGPS,-62.4671,-53.3309,,,9,-1.5,,,,15,15,9620,,,,12,3068,,,,17,1863,,,,19,13153,,,,24,5905,,,,28,3245,,,,13,11401,,,,,,,,,,,,,,,,,,,,,,,,,,,,,,,,,,,,,,,,,,,
180843,30-Sep-19,17:16:17,2019-09-30 17:16:17,G,10,3,2642,659,0,6,-62.4579,-53.4009,16:18.5,FastGPS,-62.4579,-53.4009,,,9.1,-1.5,,,,15,32,3531,,,,12,12387,,,,24,32335,,,,15,11942,,,,19,30681,,,,17,20161,,,,,,,,,,,,,,,,,,,,,,,,,,,,,,,,,,,,,,,,,,,,,,,,
180843,30-Sep-19,18:16:05,2019-09-30 18:16:05,G,2,3,2643,659,0,8,-62.4491,-53.489,16:06.0,FastGPS,-62.4491,-53.489,,,6.5,-2,,,,15,6,31933,,,,32,16907,,,,25,8195,,,,2,11133,,,,19,9024,,,,12,20312,,,,24,17718,,,,17,20244,,,,,,,,,,,,,,,,,,,,,,,,,,,,,,,,,,,,,,
180843,30-Sep-19,19:16:26,2019-09-30 19:16:26,G,6,3,2644,,0,9,-62.4433,-53.577,16:27.0,FastGPS,-62.4433,-53.577,,,12.6,-2,,,,15,12,24248,,,,29,25249,,,,2,27925,,,,6,21815,,,,32,12708,,,,24,18001,,,,14,13894,,,,31,19917,,,,25,3774,,,,,,,,,,,,,,,,,,,,,,,,,,,,,,,,,
180843,30-Sep-19,20:19:26,2019-09-30 20:19:26,G,4,3,2645,659,0,5,-62.4327,-53.6651,19:27.5,FastGPS,-62.4327,-53.6651,,,0.2,-1.5,,,,15,12,14123,,,,31,4961,,,,29,10269,,,,2,10246,,,,25,19660,,,,,,,,,,,,,,,,,,,,,,,,,,,,,,,,,,,,,,,,,,,,,,,,,,,,,
180843,30-Sep-19,21:20:42,2019-09-30 21:20:42,G,2,3,2646,659,0,6,-62.4134,-53.7432,20:43.0,FastGPS,-62.4134,-53.7432,,,6.4,-2,,,,15,5,3865,,,,12,14830,,,,31,19568,,,,29,27955,,,,25,22897,,,,2,27105,,,,,,,,,,,,,,,,,,,,,,,,,,,,,,,,,,,,,,,,,,,,,,,,
180843,30-Sep-19,22:24:42,2019-09-30 22:24:42,G,2,3,2647,659,0,6,-62.3935,-53.8216,24:43.5,FastGPS,-62.3935,-53.8216,,,6.1,-1.5,,,,15,29,19278,,,,21,26044,,,,5,13437,,,,31,3281,,,,26,17568,,,,25,29755,,,,,,,,,,,,,,,,,,,,,,,,,,,,,,,,,,,,,,,,,,,,,,,,
180843,30-Sep-19,23:28:10,2019-09-30 23:28:10,G,6,3,2648,659,0,8,-62.3737,-53.9065,28:12.5,FastGPS,-62.3737,-53.9065,,,8.6,-0.5,,,,15,29,25680,,,,5,28893,,,,26,9775,,,,21,10168,,,,20,20982,,,,13,11978,,,,15,7513,,,,16,12971,,,,,,,,,,,,,,,,,,,,,,,,,,,,,,,,,,,,,,
180843,1-Oct-19,0:28:16,2019-10-01 00:28:16,G,6,3,2649,,0,9,-62.353,-53.9141,28:18.0,FastGPS,-62.353,-53.9141,,1,7.5,-1,,,,15,7,22475,,,,15,13349,,,,27,8587,,,,13,23362,,,,4,18242,,,,8,10223,,,,21,1830,,,,5,7429,,,,16,24785,,,,,,,,,,,,,,,,,,,,,,,,,,,,,,,,,
180843,1-Oct-19,1:30:48,2019-10-01 01:30:48,G,4,3,2650,659,0,7,-62.3219,-53.9718,30:50.1,FastGPS,-62.3219,-53.9718,,1,5.8,-0.9,,,,15,15,4603,,,,21,10462,,,,16,28123,,,,4,3470,,,,10,26794,,,,27,4475,,,,20,9640,,,,,,,,,,,,,,,,,,,,,,,,,,,,,,,,,,,,,,,,,,,
180843,1-Oct-19,2:33:32,2019-10-01 02:33:32,G,2,3,2651,,0,9,-62.3132,-54.0024,33:34.5,FastGPS,-62.3132,-54.0024,,1,13.6,-0.5,,,,15,10,28807,,,,32,14518,,,,18,1700,,,,21,31679,,,,8,6602,,,,27,5414,,,,4,24036,,,,20,2446,,,,15,7414,,,,,,,,,,,,,,,,,,,,,,,,,,,,,,,,,
180843,1-Oct-19,3:33:00,2019-10-01 03:33:00,G,2,3,2652,,0,9,-62.2857,-54.0814,33:02.0,FastGPS,-62.2857,-54.0814,,,5.9,-1,,,,15,10,5882,,,,27,25666,,,,32,9489,,,,18,13485,,,,11,14454,,,,20,23840,,,,8,2956,,,,14,22918,,,,1,3205,,,,,,,,,,,,,,,,,,,,,,,,,,,,,,,,,
180843,1-Oct-19,4:38:22,2019-10-01 04:38:22,G,8,3,2653,659,0,7,-62.2664,-54.1621,38:24.0,FastGPS,-62.2664,-54.1621,,,13.8,-1,,,,15,8,29563,,,,22,27410,,,,14,27665,,,,18,14736,,,,1,1315,,,,17,28187,,,,32,17686,,,,,,,,,,,,,,,,,,,,,,,,,,,,,,,,,,,,,,,,,,,
180843,1-Oct-19,5:39:21,2019-10-01 05:39:21,G,10,3,2654,659,0,7,-62.2658,-54.2628,39:23.5,FastGPS,-62.2658,-54.2628,,,6.2,-0.5,,,,15,17,17137,,,,1,10523,,,,18,21766,,,,3,6386,,,,31,8338,,,,22,1131,,,,11,1011,,,,,,,,,,,,,,,,,,,,,,,,,,,,,,,,,,,,,,,,,,,
180843,1-Oct-19,6:42:45,2019-10-01 06:42:45,G,8,3,2655,659,0,8,-62.2738,-54.3461,42:47.0,FastGPS,-62.2738,-54.3461,,,16.8,-1,,,,15,17,24612,,,,18,12563,,,,31,26454,,,,23,8164,,,,19,8511,,,,1,31316,,,,22,24217,,,,11,4519,,,,,,,,,,,,,,,,,,,,,,,,,,,,,,,,,,,,,,
180843,1-Oct-19,7:48:20,2019-10-01 07:48:20,G,2,3,2656,659,0,8,-62.2875,-54.3763,48:22.5,FastGPS,-62.2875,-54.3763,,,12.2,-0.5,,,,15,31,20999,,,,6,32462,,,,19,10615,,,,25,15195,,,,9,3402,,,,17,31306,,,,23,22952,,,,22,30051,,,,,,,,,,,,,,,,,,,,,,,,,,,,,,,,,,,,,,
180843,1-Oct-19,8:48:37,2019-10-01 08:48:37,G,4,3,2657,659,0,7,-62.3108,-54.4167,48:39.5,FastGPS,-62.3108,-54.4167,,,4.5,-0.5,,,,15,26,31002,,,,31,2159,,,,6,3117,,,,23,16091,,,,9,19451,,,,3,1081,,,,2,32625,,,,,,,,,,,,,,,,,,,,,,,,,,,,,,,,,,,,,,,,,,,
180843,1-Oct-19,9:49:30,2019-10-01 09:49:30,G,4,3,2658,659,0,6,-62.3312,-54.4371,49:31.1,FastGPS,-62.3312,-54.4371,,,4.3,-1.9,,,,15,7,26864,,,,2,20529,,,,6,259,,,,23,23589,,,,9,2173,,,,16,15182,,,,,,,,,,,,,,,,,,,,,,,,,,,,,,,,,,,,,,,,,,,,,,,,
180843,1-Oct-19,10:49:00,2019-10-01 10:49:00,G,4,3,2659,659,1,4,-62.3283,-54.4642,10/1/2019 10:25,NK,-62.3302,-54.4627,,,0.3,-1.8,,,,15,5,14161,,,,7,24157,,,,30,5867,,,,9,22073,,,,,,,,,,,,,,,,,,,,,,,,,,,,,,,,,,,,,,,,,,,,,,,,,,,,,,,,,,
180843,1-Oct-19,12:04:00,2019-10-01 12:04:00,G,2,3,2660,660,1,4,-62.3302,-54.4627,49:01.2,FastGPS,-62.325,-54.4892,,,1,-1,,,,15,13,21311,,,,7,368,,,,30,2662,,,,5,1752,,,,,,,,,,,,,,,,,,,,,,,,,,,,,,,,,,,,,,,,,,,,,,,,,,,,,,,,,,
180843,1-Oct-19,14:19:00,2019-10-01 14:19:00,G,6,3,2662,661,1,4,-62.3302,-54.4627,49:01.2,FastGPS,-62.3212,-54.5253,,,0.7,-2,,,,15,15,27437,,,,13,2034,,,,28,5301,,,,20,28430,,,,,,,,,,,,,,,,,,,,,,,,,,,,,,,,,,,,,,,,,,,,,,,,,,,,,,,,,,
180843,1-Oct-19,15:19:00,2019-10-01 15:19:00,G,4,3,2663,661,1,5,-62.3232,-54.5346,19:02.0,FastGPS,-62.3232,-54.5346,,,3.5,-1,,,,15,10,17848,,,,13,270,,,,17,24730,,,,15,22948,,,,28,354,,,,,,,,,,,,,,,,,,,,,,,,,,,,,,,,,,,,,,,,,,,,,,,,,,,,,
180843,1-Oct-19,16:19:00,2019-10-01 16:19:00,G,4,3,2664,661,1,5,-62.3272,-54.5362,19:02.0,FastGPS,-62.3272,-54.5362,,,1.2,-1,,,,15,12,31414,,,,15,11824,,,,10,13049,,,,17,29770,,,,13,32303,,,,,,,,,,,,,,,,,,,,,,,,,,,,,,,,,,,,,,,,,,,,,,,,,,,,,
180843,1-Oct-19,23:04:58,2019-10-01 23:04:58,G,4,3,2666,662,0,7,-62.3217,-54.4808,05:00.5,FastGPS,-62.3217,-54.4808,,1,17.5,-0.5,,,,15,29,25861,,,,5,11356,,,,26,73,,,,21,26074,,,,16,10553,,,,4,6306,,,,20,605,,,,,,,,,,,,,,,,,,,,,,,,,,,,,,,,,,,,,,,,,,,
180843,2-Oct-19,0:10:21,2019-10-02 00:10:21,G,10,3,2667,,0,9,-62.3219,-54.5587,10:22.6,FastGPS,-62.3219,-54.5587,,1,12,-1.4,,,,15,10,1014,,,,26,11262,,,,27,5549,,,,7,8067,,,,20,28419,,,,16,20683,,,,4,28037,,,,21,17444,,,,15,16921,,,,,,,,,,,,,,,,,,,,,,,,,,,,,,,,,
180843,2-Oct-19,1:10:00,2019-10-02 01:10:00,G,10,3,2668,662,0,8,-62.3084,-54.638,10:01.1,FastGPS,-62.3084,-54.638,,1,8.9,-1.9,,,,15,21,13565,,,,15,15430,,,,10,22643,,,,27,422,,,,16,11197,,,,20,17151,,,,4,20975,,,,8,24899,,,,,,,,,,,,,,,,,,,,,,,,,,,,,,,,,,,,,,
180843,2-Oct-19,2:10:00,2019-10-02 02:10:00,G,8,3,2669,,0,9,-62.2994,-54.7224,10:02.1,FastGPS,-62.2994,-54.7224,,1,12.7,-0.9,,,,15,15,27361,,,,20,16132,,,,10,26132,,,,21,503,,,,4,21466,,,,27,13781,,,,32,25755,,,,8,18081,,,,18,3688,,,,,,,,,,,,,,,,,,,,,,,,,,,,,,,,,
180843,2-Oct-19,3:12:07,2019-10-02 03:12:07,G,4,3,2670,,0,9,-62.2919,-54.8152,12:09.0,FastGPS,-62.2919,-54.8152,,1,12,-1,,,,15,20,21185,,,,10,10562,,,,24,5424,,,,27,32019,,,,8,1123,,,,32,20903,,,,15,12678,,,,4,14793,,,,14,6630,,,,,,,,,,,,,,,,,,,,,,,,,,,,,,,,,
180843,2-Oct-19,4:15:18,2019-10-02 04:15:18,G,4,3,2671,,0,9,-62.2865,-54.9045,15:20.5,FastGPS,-62.2865,-54.9045,,,10.2,-0.5,,,,15,32,8601,,,,10,28542,,,,8,8889,,,,14,32274,,,,18,5391,,,,1,17715,,,,22,15558,,,,11,12282,,,,24,10115,,,,,,,,,,,,,,,,,,,,,,,,,,,,,,,,,
180843,2-Oct-19,5:15:00,2019-10-02 05:15:00,G,6,3,2672,,0,9,-62.278,-54.9883,15:01.0,FastGPS,-62.278,-54.9883,,,7.7,-2,,,,15,31,11009,,,,18,19682,,,,3,23182,,,,17,5125,,,,32,627,,,,11,31460,,,,14,26780,,,,1,95,,,,22,9007,,,,,,,,,,,,,,,,,,,,,,,,,,,,,,,,,
180843,2-Oct-19,6:15:00,2019-10-02 06:15:00,G,10,3,2673,,0,9,-62.2759,-55.0722,15:02.0,FastGPS,-62.2759,-55.0722,,,10.4,-1,,,,15,23,27924,,,,11,27055,,,,17,1549,,,,18,6595,,,,3,1247,,,,19,32454,,,,1,31384,,,,22,27471,,,,31,9677,,,,,,,,,,,,,,,,,,,,,,,,,,,,,,,,,
180843,2-Oct-19,7:22:05,2019-10-02 07:22:05,G,6,3,2674,662,0,8,-62.2789,-55.1635,22:07.6,FastGPS,-62.2789,-55.1635,,,6.7,-0.4,,,,15,17,3413,,,,23,666,,,,1,8172,,,,6,14152,,,,22,718,,,,31,19699,,,,19,10831,,,,3,16316,,,,,,,,,,,,,,,,,,,,,,,,,,,,,,,,,,,,,,
180843,2-Oct-19,8:28:10,2019-10-02 08:28:10,G,4,3,2675,662,0,6,-62.2831,-55.1621,28:11.5,FastGPS,-62.2831,-55.1621,,,10.6,-1.5,,,,15,31,18848,,,,23,8020,,,,6,6532,,,,9,30607,,,,2,13533,,,,3,12858,,,,,,,,,,,,,,,,,,,,,,,,,,,,,,,,,,,,,,,,,,,,,,,,
180843,2-Oct-19,9:35:24,2019-10-02 09:35:24,G,6,3,2676,662,0,7,-62.2965,-55.2176,35:25.0,FastGPS,-62.2965,-55.2176,,,13.4,-2,,,,15,26,5913,,,,9,32054,,,,16,29694,,,,23,19228,,,,7,19543,,,,2,2489,,,,3,31642,,,,,,,,,,,,,,,,,,,,,,,,,,,,,,,,,,,,,,,,,,,
180843,2-Oct-19,10:54:00,2019-10-02 10:54:00,G,4,3,2677,663,0,6,-62.2975,-55.2789,54:01.1,FastGPS,-62.2975,-55.2789,,,3,-1.9,,,,15,5,32395,,,,30,385,,,,7,28641,,,,9,21208,,,,16,18875,,,,2,16023,,,,,,,,,,,,,,,,,,,,,,,,,,,,,,,,,,,,,,,,,,,,,,,,
180843,2-Oct-19,11:57:21,2019-10-02 11:57:21,G,4,3,2678,663,0,5,-62.3055,-55.335,57:23.0,FastGPS,-62.3055,-55.335,,,6.4,-1,,,,15,30,3676,,,,5,9634,,,,7,7126,,,,27,21517,,,,16,32229,,,,,,,,,,,,,,,,,,,,,,,,,,,,,,,,,,,,,,,,,,,,,,,,,,,,,
180843,2-Oct-19,13:08:14,2019-10-02 13:08:14,G,6,3,2679,663,0,8,-62.32,-55.4011,08:16.6,FastGPS,-62.32,-55.4011,,1,11.3,-0.4,,,,15,5,2830,,,,28,16422,,,,15,22361,,,,13,13366,,,,21,893,,,,30,12569,,,,4,24364,,,,7,19897,,,,,,,,,,,,,,,,,,,,,,,,,,,,,,,,,,,,,,
180843,2-Oct-19,14:14:29,2019-10-02 14:14:29,G,2,3,2680,663,0,6,-62.3326,-55.4546,14:30.6,FastGPS,-62.3326,-55.4546,,,10.3,-1.4,,,,15,7,22857,,,,30,23729,,,,15,2821,,,,28,9054,,,,13,9028,,,,8,16598,,,,,,,,,,,,,,,,,,,,,,,,,,,,,,,,,,,,,,,,,,,,,,,,
180843,2-Oct-19,15:15:14,2019-10-02 15:15:14,G,2,3,2681,,0,9,-62.3449,-55.4985,15:16.5,FastGPS,-62.3449,-55.4985,,,14.3,-0.5,,,,15,17,6609,,,,15,8841,,,,30,9298,,,,28,12552,,,,13,15450,,,,1,30681,,,,19,11577,,,,11,10382,,,,18,1551,,,,,,,,,,,,,,,,,,,,,,,,,,,,,,,,,
180843,2-Oct-19,16:15:01,2019-10-02 16:15:01,G,6,3,2682,,0,9,-62.3545,-55.5521,15:03.1,FastGPS,-62.3545,-55.5521,,,10.2,-0.9,,,,15,12,6638,,,,15,16805,,,,19,20000,,,,17,29379,,,,10,19651,,,,13,1743,,,,28,17535,,,,24,23473,,,,1,28475,,,,,,,,,,,,,,,,,,,,,,,,,,,,,,,,,
180843,2-Oct-19,17:17:03,2019-10-02 17:17:03,G,4,3,2683,663,0,7,-62.3718,-55.6038,17:05.5,FastGPS,-62.3718,-55.6038,,,13,-0.5,,,,15,12,8789,,,,17,17586,,,,6,21918,,,,32,21533,,,,24,28277,,,,19,14699,,,,25,28697,,,,,,,,,,,,,,,,,,,,,,,,,,,,,,,,,,,,,,,,,,,
180843,2-Oct-19,18:21:50,2019-10-02 18:21:50,G,6,3,2684,663,0,8,-62.3772,-55.6782,21:52.6,FastGPS,-62.3772,-55.6782,,,11.8,-0.4,,,,15,19,15663,,,,3,5587,,,,12,27318,,,,17,2246,,,,6,3862,,,,22,21236,,,,24,1503,,,,2,144,,,,,,,,,,,,,,,,,,,,,,,,,,,,,,,,,,,,,,
180843,2-Oct-19,19:27:13,2019-10-02 19:27:13,G,4,3,2685,663,0,8,-62.38,-55.7374,27:15.6,FastGPS,-62.38,-55.7374,,,12.9,-0.4,,,,15,31,23779,,,,29,10800,,,,12,17842,,,,2,29591,,,,24,21713,,,,25,8740,,,,32,13776,,,,14,8687,,,,,,,,,,,,,,,,,,,,,,,,,,,,,,,,,,,,,,
180843,2-Oct-19,20:31:09,2019-10-02 20:31:09,G,6,3,2686,663,0,7,-62.3783,-55.8088,31:11.1,FastGPS,-62.3783,-55.8088,,,5.2,-0.9,,,,15,12,14111,,,,5,7164,,,,31,13953,,,,29,19822,,,,25,24776,,,,2,25826,,,,26,28070,,,,,,,,,,,,,,,,,,,,,,,,,,,,,,,,,,,,,,,,,,,
180843,2-Oct-19,21:36:08,2019-10-02 21:36:08,G,2,3,2687,663,0,6,-62.3765,-55.8782,36:10.5,FastGPS,-62.3765,-55.8782,,,5.1,-0.5,,,,15,5,10862,,,,29,31949,,,,2,12815,,,,31,2282,,,,21,5694,,,,25,6789,,,,,,,,,,,,,,,,,,,,,,,,,,,,,,,,,,,,,,,,,,,,,,,,
180843,2-Oct-19,22:42:51,2019-10-02 22:42:51,G,4,3,2688,663,0,4,-62.4744,-56.45,20:57.8,FastGPS,-62.3708,-55.9338,,,0.8,-0.4,,,,15,5,19617,,,,29,23110,,,,16,13305,,,,21,13813,,,,,,,,,,,,,,,,,,,,,,,,,,,,,,,,,,,,,,,,,,,,,,,,,,,,,,,,,,
180843,2-Oct-19,23:45:28,2019-10-02 23:45:28,G,4,3,2689,,0,9,-62.3683,-56.0046,45:30.6,FastGPS,-62.3683,-56.0046,,1,11.7,-0.4,,,,15,29,12905,,,,15,22842,,,,26,27401,,,,4,15773,,,,16,11344,,,,20,31081,,,,13,9243,,,,27,9980,,,,21,21018,,,,,,,,,,,,,,,,,,,,,,,,,,,,,,,,,
180843,3-Oct-19,0:46:59,2019-10-03 00:46:59,G,6,3,2690,663,0,5,-62.3665,-56.071,47:01.6,FastGPS,-62.3665,-56.071,,,12.5,-0.4,,,,15,15,25070,,,,16,11218,,,,10,17968,,,,21,26961,,,,26,7496,,,,,,,,,,,,,,,,,,,,,,,,,,,,,,,,,,,,,,,,,,,,,,,,,,,,,
180843,3-Oct-19,1:47:00,2019-10-03 01:47:00,G,10,3,2691,,0,9,-62.3673,-56.1361,47:01.1,FastGPS,-62.3673,-56.1361,,1,6,-1.9,,,,15,10,21156,,,,27,19239,,,,4,16950,,,,15,11081,,,,8,31709,,,,13,4410,,,,16,31269,,,,18,22711,,,,20,28219,,,,,,,,,,,,,,,,,,,,,,,,,,,,,,,,,
180843,3-Oct-19,2:47:46,2019-10-03 02:47:46,G,10,3,2692,,0,9,-62.3743,-56.1879,47:47.5,FastGPS,-62.3743,-56.1879,,1,8.9,-1.5,,,,15,20,30896,,,,27,16791,,,,32,15007,,,,24,30297,,,,18,28037,,,,4,13169,,,,10,16346,,,,8,28880,,,,15,29960,,,,,,,,,,,,,,,,,,,,,,,,,,,,,,,,,
180843,3-Oct-19,4:10:33,2019-10-03 04:10:33,G,8,3,2693,664,0,8,-62.382,-56.2233,10:34.1,FastGPS,-62.382,-56.2233,,,9,-1.9,,,,15,8,9599,,,,10,20648,,,,32,32711,,,,14,22809,,,,18,2915,,,,11,11665,,,,24,3470,,,,1,16453,,,,,,,,,,,,,,,,,,,,,,,,,,,,,,,,,,,,,,
180843,3-Oct-19,5:39:01,2019-10-03 05:39:01,G,8,3,2694,665,0,4,-62.4744,-56.45,20:57.8,FastGPS,-62.3911,-56.2698,,,1.6,-1.9,,,,15,32,28664,,,,31,29465,,,,22,21410,,,,1,9264,,,,,,,,,,,,,,,,,,,,,,,,,,,,,,,,,,,,,,,,,,,,,,,,,,,,,,,,,,
180843,3-Oct-19,6:39:00,2019-10-03 06:39:00,G,4,3,2695,,0,9,-62.3976,-56.292,39:01.1,FastGPS,-62.3976,-56.292,,,5.4,-1.9,,,,15,31,28897,,,,17,28653,,,,22,24100,,,,1,21181,,,,3,24374,,,,23,5316,,,,19,21261,,,,18,29050,,,,14,22699,,,,,,,,,,,,,,,,,,,,,,,,,,,,,,,,,
180843,3-Oct-19,9:15:09,2019-10-03 09:15:09,G,6,3,2696,666,0,7,-62.454,-56.4053,15:10.0,FastGPS,-62.454,-56.4053,,,6.4,-2,,,,15,7,31296,,,,9,5282,,,,6,19332,,,,29,27058,,,,23,10493,,,,2,32168,,,,16,9018,,,,,,,,,,,,,,,,,,,,,,,,,,,,,,,,,,,,,,,,,,,
180843,3-Oct-19,10:20:56,2019-10-03 10:20:56,G,2,3,2697,666,0,4,-62.4996,-56.5318,34:49.1,FastGPS,-62.4744,-56.45,,,0.1,-1.2,,,,15,7,27657,,,,30,7066,,,,9,2719,,,,23,24805,,,,,,,,,,,,,,,,,,,,,,,,,,,,,,,,,,,,,,,,,,,,,,,,,,,,,,,,,,
180843,3-Oct-19,11:34:48,2019-10-03 11:34:48,G,2,3,2698,666,0,4,-62.4831,-56.8379,29:43.6,FastGPS,-62.4996,-56.5318,,,0.8,-1.9,,,,15,30,20141,,,,7,15401,,,,9,10573,,,,5,28942,,,,,,,,,,,,,,,,,,,,,,,,,,,,,,,,,,,,,,,,,,,,,,,,,,,,,,,,,,
180843,3-Oct-19,12:36:39,2019-10-03 12:36:39,G,4,3,2699,666,0,8,-62.5084,-56.6151,36:40.6,FastGPS,-62.5084,-56.6151,,,10,-1.4,,,,15,7,17658,,,,5,19044,,,,13,10324,,,,30,30194,,,,9,1240,,,,28,21411,,,,15,15659,,,,8,29422,,,,,,,,,,,,,,,,,,,,,,,,,,,,,,,,,,,,,,
180843,3-Oct-19,13:46:25,2019-10-03 13:46:25,G,8,3,2700,666,0,8,-62.5111,-56.7039,46:26.5,FastGPS,-62.5111,-56.7039,,,7,-1.5,,,,15,7,9262,,,,30,5821,,,,11,27294,,,,15,26726,,,,5,22757,,,,8,14158,,,,13,25001,,,,18,11558,,,,,,,,,,,,,,,,,,,,,,,,,,,,,,,,,,,,,,
180843,3-Oct-19,14:49:43,2019-10-03 14:49:43,G,4,3,2701,,0,9,-62.504,-56.7821,49:44.5,FastGPS,-62.504,-56.7821,,,4.8,-1.5,,,,15,11,31483,,,,17,29770,,,,30,17730,,,,1,19545,,,,28,29701,,,,15,6836,,,,18,2666,,,,13,32292,,,,19,31441,,,,,,,,,,,,,,,,,,,,,,,,,,,,,,,,,
180843,3-Oct-19,15:53:19,2019-10-03 15:53:19,G,4,3,2702,666,0,6,-62.4945,-56.8297,53:20.5,FastGPS,-62.4945,-56.8297,,,9.4,-1.5,,,,15,15,12761,,,,12,8104,,,,17,5965,,,,19,8387,,,,13,21952,,,,24,20875,,,,,,,,,,,,,,,,,,,,,,,,,,,,,,,,,,,,,,,,,,,,,,,,
180843,3-Oct-19,18:29:42,2019-10-03 18:29:42,G,2,3,2704,667,0,4,-62.4357,-56.7847,14:32.6,FastGPS,-62.4831,-56.8379,,,1.1,-1.4,,,,15,12,28535,,,,24,20839,,,,25,4660,,,,19,290,,,,,,,,,,,,,,,,,,,,,,,,,,,,,,,,,,,,,,,,,,,,,,,,,,,,,,,,,,
180843,3-Oct-19,19:31:21,2019-10-03 19:31:21,G,6,3,2705,667,0,5,-62.4831,-56.8317,31:22.6,FastGPS,-62.4831,-56.8317,,,3.6,-1.4,,,,15,12,14765,,,,31,6484,,,,25,7683,,,,29,31916,,,,6,1445,,,,,,,,,,,,,,,,,,,,,,,,,,,,,,,,,,,,,,,,,,,,,,,,,,,,,
180843,3-Oct-19,20:52:46,2019-10-03 20:52:46,G,8,3,2706,668,0,5,-62.4758,-56.8208,52:48.1,FastGPS,-62.4758,-56.8208,,,3.7,-0.9,,,,15,31,3180,,,,29,28301,,,,2,15546,,,,25,7299,,,,26,6195,,,,,,,,,,,,,,,,,,,,,,,,,,,,,,,,,,,,,,,,,,,,,,,,,,,,,
180843,3-Oct-19,21:57:21,2019-10-03 21:57:21,G,10,3,2707,668,0,8,-62.4738,-56.8154,57:22.6,FastGPS,-62.4738,-56.8154,,,8.3,-1.4,,,,15,29,27741,,,,21,20259,,,,5,20689,,,,25,17461,,,,26,23019,,,,2,965,,,,16,18544,,,,31,2471,,,,,,,,,,,,,,,,,,,,,,,,,,,,,,,,,,,,,,
180843,3-Oct-19,22:59:12,2019-10-03 22:59:12,G,10,3,2708,668,0,7,-62.4697,-56.8062,59:13.1,FastGPS,-62.4697,-56.8062,,1,5.7,-1.9,,,,15,21,9418,,,,4,32496,,,,16,30204,,,,29,14070,,,,20,16040,,,,26,10519,,,,27,2809,,,,,,,,,,,,,,,,,,,,,,,,,,,,,,,,,,,,,,,,,,,
180843,4-Oct-19,0:03:52,2019-10-04 00:03:52,G,16,3,2709,668,0,8,-62.4431,-56.8042,03:53.0,FastGPS,-62.4431,-56.8042,,1,22.7,-2,,,,15,27,3892,,,,7,28656,,,,4,22674,,,,21,30378,,,,16,9173,,,,15,25105,,,,13,21024,,,,20,14967,,,,,,,,,,,,,,,,,,,,,,,,,,,,,,,,,,,,,,
180843,4-Oct-19,1:14:31,2019-10-04 01:14:31,G,8,3,2710,668,0,7,-62.4357,-56.7847,14:32.6,FastGPS,-62.4357,-56.7847,,,4.9,-1.4,,,,15,7,26066,,,,15,28144,,,,8,6340,,,,30,563,,,,27,9787,,,,21,15986,,,,10,17802,,,,,,,,,,,,,,,,,,,,,,,,,,,,,,,,,,,,,,,,,,,
180843,4-Oct-19,2:14:00,2019-10-04 02:14:00,G,4,3,2711,668,1,6,-62.4294,-56.7871,14:01.1,FastGPS,-62.4294,-56.7871,,1,18.2,-1.9,,,,15,10,23544,,,,4,14363,,,,27,22308,,,,18,20747,,,,21,20212,,,,20,9229,,,,,,,,,,,,,,,,,,,,,,,,,,,,,,,,,,,,,,,,,,,,,,,,
180843,4-Oct-19,6:20:46,2019-10-04 06:20:46,G,4,3,2712,668,0,7,-62.4215,-56.7962,20:48.6,FastGPS,-62.4215,-56.7962,,,2.3,-0.4,,,,15,31,30760,,,,22,26113,,,,1,26171,,,,3,31064,,,,14,29195,,,,17,21669,,,,32,18567,,,,,,,,,,,,,,,,,,,,,,,,,,,,,,,,,,,,,,,,,,,
180843,4-Oct-19,7:26:48,2019-10-04 07:26:48,G,4,3,2713,,0,9,-62.4186,-56.7379,26:49.6,FastGPS,-62.4186,-56.7379,,,10.9,-1.4,,,,15,31,23992,,,,19,12724,,,,6,16351,,,,17,14757,,,,25,19461,,,,22,16865,,,,23,33,,,,3,29784,,,,12,15284,,,,,,,,,,,,,,,,,,,,,,,,,,,,,,,,,
180843,4-Oct-19,8:29:12,2019-10-04 08:29:12,G,2,3,2714,668,0,8,-62.4354,-56.7699,29:13.5,FastGPS,-62.4354,-56.7699,,,9.7,-1.5,,,,15,31,7812,,,,23,2920,,,,9,25903,,,,26,24302,,,,22,19281,,,,29,18887,,,,3,5896,,,,16,9680,,,,,,,,,,,,,,,,,,,,,,,,,,,,,,,,,,,,,,
180843,4-Oct-19,11:12:00,2019-10-04 11:12:00,G,2,3,2715,671,0,6,-62.4361,-56.7538,12:01.1,FastGPS,-62.4361,-56.7538,,,9.7,-1.9,,,,15,5,28747,,,,30,25082,,,,7,12095,,,,8,19750,,,,13,11248,,,,23,31816,,,,,,,,,,,,,,,,,,,,,,,,,,,,,,,,,,,,,,,,,,,,,,,,
180843,4-Oct-19,12:12:00,2019-10-04 12:12:00,G,8,3,2716,671,1,5,-62.434,-56.7557,12:02.1,FastGPS,-62.434,-56.7557,,,1.3,-0.9,,,,15,5,24059,,,,7,13174,,,,9,691,,,,13,7706,,,,8,16381,,,,,,,,,,,,,,,,,,,,,,,,,,,,,,,,,,,,,,,,,,,,,,,,,,,,,
180843,4-Oct-19,13:12:00,2019-10-04 13:12:00,G,12,3,2717,671,1,4,-62.434,-56.7557,12:02.1,FastGPS,-62.4342,-56.7638,,,0.6,-0.9,,,,15,7,18339,,,,28,17722,,,,5,19776,,,,30,13405,,,,,,,,,,,,,,,,,,,,,,,,,,,,,,,,,,,,,,,,,,,,,,,,,,,,,,,,,,
180843,4-Oct-19,14:12:00,2019-10-04 14:12:00,G,8,3,2718,671,1,6,-62.435,-56.7802,12:02.0,FastGPS,-62.435,-56.7802,,,8.2,-1,,,,15,17,15547,,,,30,4468,,,,18,23946,,,,7,27009,,,,8,1712,,,,13,11648,,,,,,,,,,,,,,,,,,,,,,,,,,,,,,,,,,,,,,,,,,,,,,,,
180843,4-Oct-19,16:26:43,2019-10-04 16:26:43,G,4,3,2719,671,0,6,-62.4373,-56.8256,26:45.6,FastGPS,-62.4373,-56.8256,,,10.3,-0.4,,,,15,12,9180,,,,15,28233,,,,17,14073,,,,19,2351,,,,1,22033,,,,10,20321,,,,,,,,,,,,,,,,,,,,,,,,,,,,,,,,,,,,,,,,,,,,,,,,
180843,4-Oct-19,17:27:59,2019-10-04 17:27:59,G,4,3,2720,671,0,8,-62.4447,-56.8398,28:00.1,FastGPS,-62.4447,-56.8398,,,8.9,-1.9,,,,15,32,7050,,,,12,15548,,,,17,8291,,,,24,31864,,,,14,31323,,,,19,9775,,,,6,7465,,,,25,5858,,,,,,,,,,,,,,,,,,,,,,,,,,,,,,,,,,,,,,
180843,4-Oct-19,19:16:49,2019-10-04 19:16:49,G,6,3,2721,673,0,5,-62.4476,-56.868,16:51.1,FastGPS,-62.4476,-56.868,,,9,-0.9,,,,15,29,23817,,,,12,5077,,,,25,26166,,,,24,17651,,,,6,26156,,,,,,,,,,,,,,,,,,,,,,,,,,,,,,,,,,,,,,,,,,,,,,,,,,,,,
180843,4-Oct-19,20:18:27,2019-10-04 20:18:27,G,6,3,2722,673,0,6,-62.4543,-56.87,18:29.0,FastGPS,-62.4543,-56.87,,,1.6,-1,,,,15,31,9986,,,,2,23445,,,,25,23025,,,,12,21113,,,,29,5430,,,,6,22454,,,,,,,,,,,,,,,,,,,,,,,,,,,,,,,,,,,,,,,,,,,,,,,,
180843,4-Oct-19,21:31:01,2019-10-04 21:31:01,G,6,3,2723,673,0,5,-62.4441,-56.8812,31:03.6,FastGPS,-62.4441,-56.8812,,,4.7,-0.4,,,,15,5,22833,,,,29,9255,,,,2,4982,,,,31,9106,,,,26,24619,,,,,,,,,,,,,,,,,,,,,,,,,,,,,,,,,,,,,,,,,,,,,,,,,,,,,
180843,4-Oct-19,22:55:52,2019-10-04 22:55:52,G,6,3,2724,674,0,8,-62.4573,-56.8898,55:53.1,FastGPS,-62.4573,-56.8898,,1,12.6,-1.9,,,,15,21,21153,,,,29,20521,,,,20,29196,,,,16,8702,,,,5,10449,,,,4,12234,,,,26,19500,,,,27,15819,,,,,,,,,,,,,,,,,,,,,,,,,,,,,,,,,,,,,,
180843,4-Oct-19,23:57:17,2019-10-04 23:57:17,G,4,3,2725,,0,9,-62.4482,-56.9046,57:19.1,FastGPS,-62.4482,-56.9046,,,9.3,-0.9,,,,15,13,28557,,,,5,466,,,,15,29703,,,,10,25111,,,,29,32247,,,,20,18981,,,,16,23638,,,,26,14293,,,,21,10143,,,,,,,,,,,,,,,,,,,,,,,,,,,,,,,,,
180843,5-Oct-19,1:10:03,2019-10-05 01:10:03,G,6,3,2726,674,0,8,-62.4187,-56.9142,10:05.6,FastGPS,-62.4187,-56.9142,,1,11.3,-0.4,,,,15,15,21015,,,,13,1693,,,,21,10400,,,,10,10467,,,,27,3330,,,,20,32637,,,,4,5401,,,,30,27275,,,,,,,,,,,,,,,,,,,,,,,,,,,,,,,,,,,,,,
180843,5-Oct-19,3:05:52,2019-10-05 03:05:52,G,4,3,2727,674,0,7,-62.3865,-56.9365,05:53.6,FastGPS,-62.3865,-56.9365,,,8.6,-1.4,,,,15,10,19941,,,,32,32078,,,,20,15888,,,,24,2016,,,,27,4267,,,,8,26933,,,,1,4469,,,,,,,,,,,,,,,,,,,,,,,,,,,,,,,,,,,,,,,,,,,
180843,5-Oct-19,4:08:20,2019-10-05 04:08:20,G,12,3,2728,674,0,8,-62.3708,-56.9848,08:22.1,FastGPS,-62.3708,-56.9848,,,9.8,-0.9,,,,15,32,21719,,,,10,13732,,,,18,28364,,,,24,15133,,,,14,28680,,,,8,7695,,,,1,23193,,,,11,6140,,,,,,,,,,,,,,,,,,,,,,,,,,,,,,,,,,,,,,
180843,5-Oct-19,5:10:06,2019-10-05 05:10:06,G,2,3,2729,674,0,8,-62.3457,-57.0334,10:08.6,FastGPS,-62.3457,-57.0334,,,15.2,-0.4,,,,15,31,3754,,,,14,27655,,,,17,832,,,,18,10555,,,,32,12409,,,,1,10167,,,,22,5600,,,,3,31293,,,,,,,,,,,,,,,,,,,,,,,,,,,,,,,,,,,,,,
180843,5-Oct-19,6:10:00,2019-10-05 06:10:00,G,10,3,2730,,0,9,-62.3232,-57.0748,10:01.1,FastGPS,-62.3232,-57.0748,,,9.5,-1.9,,,,15,19,3208,,,,17,24059,,,,31,6945,,,,3,10480,,,,12,17544,,,,32,3165,,,,22,18451,,,,14,6273,,,,18,32371,,,,,,,,,,,,,,,,,,,,,,,,,,,,,,,,,
180843,5-Oct-19,7:10:00,2019-10-05 07:10:00,G,6,3,2731,674,1,7,-62.3176,-57.0873,10:01.1,FastGPS,-62.3176,-57.0873,,,7,-1.9,,,,15,31,23880,,,,1,18750,,,,3,27697,,,,22,7905,,,,23,17205,,,,9,3245,,,,14,11458,,,,,,,,,,,,,,,,,,,,,,,,,,,,,,,,,,,,,,,,,,,
180843,5-Oct-19,22:30:00,2019-10-05 22:30:00,G,6,3,2732,674,0,4,-62.3825,-57.265,03:56.1,FastGPS,-62.3392,-57.1724,,,0.8,-0.9,,,,15,29,24911,,,,21,18856,,,,26,28435,,,,16,19942,,,,,,,,,,,,,,,,,,,,,,,,,,,,,,,,,,,,,,,,,,,,,,,,,,,,,,,,,,
180843,5-Oct-19,23:30:00,2019-10-05 23:30:00,G,8,3,2733,,0,9,-62.331,-57.2129,30:02.1,FastGPS,-62.331,-57.2129,,1,8.6,-0.9,,,,15,29,25106,,,,15,9662,,,,26,10400,,,,16,17868,,,,20,22714,,,,5,13027,,,,4,12859,,,,13,30859,,,,27,5974,,,,,,,,,,,,,,,,,,,,,,,,,,,,,,,,,
180843,6-Oct-19,0:31:05,2019-10-06 00:31:05,G,4,3,2734,674,0,7,-62.3267,-57.2244,31:07.6,FastGPS,-62.3267,-57.2244,,1,4,-0.4,,,,15,21,901,,,,20,20897,,,,4,10256,,,,27,29609,,,,15,16081,,,,8,10179,,,,7,5470,,,,,,,,,,,,,,,,,,,,,,,,,,,,,,,,,,,,,,,,,,,
180843,6-Oct-19,1:36:19,2019-10-06 01:36:19,G,6,3,2735,674,0,7,-62.3321,-57.2252,36:21.6,FastGPS,-62.3321,-57.2252,,1,4,-0.4,,,,15,10,18731,,,,4,10441,,,,27,15616,,,,8,3251,,,,15,31323,,,,21,19229,,,,20,18439,,,,,,,,,,,,,,,,,,,,,,,,,,,,,,,,,,,,,,,,,,,
180843,6-Oct-19,2:59:13,2019-10-06 02:59:13,G,4,3,2736,674,0,4,-62.3825,-57.265,03:56.1,FastGPS,,,,,,,,,,15,10,27493,,,,27,18210,,,,32,26171,,,,4,30705,,,,,,,,,,,,,,,,,,,,,,,,,,,,,,,,,,,,,,,,,,,,,,,,,,,,,,,,,,
180843,6-Oct-19,4:43:36,2019-10-06 04:43:36,G,4,3,2737,674,0,8,-62.346,-57.2548,43:38.1,FastGPS,-62.346,-57.2548,,,5,-0.9,,,,15,32,26429,,,,1,30455,,,,18,13578,,,,14,14424,,,,22,9983,,,,11,28996,,,,17,10774,,,,3,11991,,,,,,,,,,,,,,,,,,,,,,,,,,,,,,,,,,,,,,
180843,6-Oct-19,6:31:05,2019-10-06 06:31:05,G,4,3,2738,675,0,6,-62.3577,-57.2601,31:06.1,FastGPS,-62.3577,-57.2601,,,8.4,-1.9,,,,15,1,30192,,,,3,21323,,,,18,1241,,,,23,18092,,,,31,20694,,,,22,9924,,,,,,,,,,,,,,,,,,,,,,,,,,,,,,,,,,,,,,,,,,,,,,,,
180843,6-Oct-19,7:54:21,2019-10-06 07:54:21,G,8,3,2739,676,0,6,-62.3677,-57.2522,54:23.6,FastGPS,-62.3677,-57.2522,,,1.4,-0.4,,,,15,31,20122,,,,26,6393,,,,22,27844,,,,23,14045,,,,3,9280,,,,6,26071,,,,,,,,,,,,,,,,,,,,,,,,,,,,,,,,,,,,,,,,,,,,,,,,
180843,6-Oct-19,9:03:54,2019-10-06 09:03:54,G,4,3,2740,676,0,4,-62.3827,-57.2545,10/6/2019 9:57,NN,-62.3825,-57.265,,,1.1,-0.9,,,,15,16,14400,,,,23,13896,,,,7,12151,,,,9,15300,,,,,,,,,,,,,,,,,,,,,,,,,,,,,,,,,,,,,,,,,,,,,,,,,,,,,,,,,,
180843,6-Oct-19,10:04:00,2019-10-06 10:04:00,G,4,3,2741,676,1,6,-62.3851,-57.2522,04:01.1,FastGPS,-62.3851,-57.2522,,,3.5,-1.9,,,,15,23,14100,,,,9,12525,,,,5,24299,,,,29,27453,,,,16,16925,,,,26,4345,,,,,,,,,,,,,,,,,,,,,,,,,,,,,,,,,,,,,,,,,,,,,,,,
180843,6-Oct-19,19:27:18,2019-10-06 19:27:18,G,4,3,2742,676,0,6,-62.4253,-57.1749,27:20.2,FastGPS,-62.4253,-57.1749,,,11.1,-0.8,,,,15,31,12886,,,,12,8235,,,,2,15489,,,,6,25144,,,,25,32523,,,,29,14133,,,,,,,,,,,,,,,,,,,,,,,,,,,,,,,,,,,,,,,,,,,,,,,,
180843,6-Oct-19,20:32:20,2019-10-06 20:32:20,G,6,3,2743,676,0,5,-62.434,-57.1852,32:22.6,FastGPS,-62.434,-57.1852,,,21.1,-0.4,,,,15,31,11032,,,,29,17040,,,,2,4398,,,,25,24012,,,,23,20757,,,,,,,,,,,,,,,,,,,,,,,,,,,,,,,,,,,,,,,,,,,,,,,,,,,,,
180843,6-Oct-19,21:48:16,2019-10-06 21:48:16,G,6,3,2744,676,0,6,-62.4466,-57.2053,48:18.6,FastGPS,-62.4466,-57.2053,,,11,-0.4,,,,15,29,26039,,,,5,23984,,,,31,28202,,,,21,7754,,,,25,6181,,,,2,16730,,,,,,,,,,,,,,,,,,,,,,,,,,,,,,,,,,,,,,,,,,,,,,,,
180843,6-Oct-19,23:24:05,2019-10-06 23:24:05,G,4,3,2745,677,0,6,-62.4606,-57.197,24:06.6,FastGPS,-62.4606,-57.197,,,18.2,-1.4,,,,15,29,4,,,,26,14748,,,,5,21621,,,,20,14824,,,,15,3886,,,,21,20006,,,,,,,,,,,,,,,,,,,,,,,,,,,,,,,,,,,,,,,,,,,,,,,,
180843,7-Oct-19,0:38:49,2019-10-07 00:38:49,G,10,3,2746,677,0,8,-62.4767,-57.1946,38:50.1,FastGPS,-62.4767,-57.1946,,1,7.1,-1.9,,,,15,27,27301,,,,21,8944,,,,20,8842,,,,4,25794,,,,10,22652,,,,8,897,,,,15,2131,,,,16,28056,,,,,,,,,,,,,,,,,,,,,,,,,,,,,,,,,,,,,,
180843,7-Oct-19,1:39:21,2019-10-07 01:39:21,G,14,3,2747,677,0,6,-62.4828,-57.1865,39:23.6,FastGPS,-62.4828,-57.1865,,1,5.5,-0.4,,,,15,21,31671,,,,10,8417,,,,8,1982,,,,4,8427,,,,27,23149,,,,18,5544,,,,,,,,,,,,,,,,,,,,,,,,,,,,,,,,,,,,,,,,,,,,,,,,
180843,7-Oct-19,2:56:14,2019-10-07 02:56:14,G,12,3,2748,677,0,8,-62.4809,-57.2251,56:15.6,FastGPS,-62.4809,-57.2251,,,8.7,-1.4,,,,15,10,27392,,,,32,31259,,,,11,30344,,,,18,29647,,,,8,1837,,,,20,24990,,,,27,14477,,,,1,5559,,,,,,,,,,,,,,,,,,,,,,,,,,,,,,,,,,,,,,
180843,7-Oct-19,6:15:37,2019-10-07 06:15:37,G,6,3,2750,,0,9,-62.5192,-57.2689,15:39.1,FastGPS,-62.5192,-57.2689,,,9.6,-0.9,,,,15,3,22017,,,,18,29010,,,,31,20138,,,,1,15773,,,,22,1442,,,,19,32296,,,,23,12890,,,,17,22314,,,,11,28368,,,,,,,,,,,,,,,,,,,,,,,,,,,,,,,,,
180843,7-Oct-19,7:47:11,2019-10-07 07:47:11,G,2,3,2751,677,0,6,-62.5316,-57.3448,47:12.6,FastGPS,-62.5316,-57.3448,,,6,-1.4,,,,15,31,3038,,,,22,12276,,,,23,16098,,,,26,2036,,,,3,21847,,,,25,16967,,,,,,,,,,,,,,,,,,,,,,,,,,,,,,,,,,,,,,,,,,,,,,,,
180843,7-Oct-19,9:06:00,2019-10-07 09:06:00,G,4,3,2752,678,0,7,-62.5373,-57.3523,06:01.1,FastGPS,-62.5373,-57.3523,,,6.3,-1.9,,,,15,7,20196,,,,29,20287,,,,6,21838,,,,23,12261,,,,2,24899,,,,9,2142,,,,3,8915,,,,,,,,,,,,,,,,,,,,,,,,,,,,,,,,,,,,,,,,,,,
180843,7-Oct-19,10:14:07,2019-10-07 10:14:07,G,6,3,2753,678,0,7,-62.5347,-57.2865,14:08.7,FastGPS,-62.5347,-57.2865,,,3,-1.3,,,,15,5,6060,,,,16,2838,,,,9,17626,,,,29,22619,,,,23,13381,,,,26,21016,,,,7,18730,,,,,,,,,,,,,,,,,,,,,,,,,,,,,,,,,,,,,,,,,,,
180843,7-Oct-19,11:34:49,2019-10-07 11:34:49,G,8,3,2754,678,0,8,-62.5467,-57.2523,34:50.6,FastGPS,-62.5467,-57.2523,,1,4.6,-1.4,,,,15,7,16292,,,,30,10727,,,,5,26534,,,,27,21306,,,,16,13487,,,,4,4325,,,,13,30601,,,,28,32576,,,,,,,,,,,,,,,,,,,,,,,,,,,,,,,,,,,,,,
180843,7-Oct-19,14:01:35,2019-10-07 14:01:35,G,2,3,2755,678,0,5,-62.5757,-57.222,01:36.6,FastGPS,-62.5757,-57.222,,,2.8,-1.4,,,,15,20,6881,,,,15,14310,,,,13,26269,,,,24,28312,,,,17,7356,,,,,,,,,,,,,,,,,,,,,,,,,,,,,,,,,,,,,,,,,,,,,,,,,,,,,
180843,7-Oct-19,15:06:37,2019-10-07 15:06:37,G,6,3,2756,,0,9,-62.5999,-57.194,06:38.6,FastGPS,-62.5999,-57.194,,,8.7,-1.4,,,,15,10,13929,,,,17,11811,,,,15,289,,,,28,12820,,,,18,31416,,,,24,11365,,,,13,5259,,,,11,27548,,,,20,30748,,,,,,,,,,,,,,,,,,,,,,,,,,,,,,,,,
180843,7-Oct-19,16:06:00,2019-10-07 16:06:00,G,4,3,2757,678,0,5,-62.6142,-57.1516,06:01.1,FastGPS,-62.6142,-57.1516,,,5.4,-1.9,,,,15,12,17465,,,,17,19496,,,,24,7400,,,,15,32647,,,,19,26992,,,,,,,,,,,,,,,,,,,,,,,,,,,,,,,,,,,,,,,,,,,,,,,,,,,,,
180843,7-Oct-19,17:06:15,2019-10-07 17:06:15,G,4,3,2758,678,0,5,-62.6188,-57.1309,06:16.6,FastGPS,-62.6188,-57.1309,,,4.1,-1.4,,,,15,17,29938,,,,12,19861,,,,32,24392,,,,24,2217,,,,19,14035,,,,,,,,,,,,,,,,,,,,,,,,,,,,,,,,,,,,,,,,,,,,,,,,,,,,,
180843,7-Oct-19,18:31:19,2019-10-07 18:31:19,G,2,3,2759,,0,9,-62.6237,-57.1421,31:20.1,FastGPS,-62.6237,-57.1421,,,8.3,-1.9,,,,15,24,15906,,,,29,18997,,,,31,21484,,,,2,21505,,,,32,8233,,,,12,25766,,,,14,9748,,,,25,29959,,,,19,393,,,,,,,,,,,,,,,,,,,,,,,,,,,,,,,,,
180843,7-Oct-19,19:31:54,2019-10-07 19:31:54,G,8,3,2760,679,0,6,-62.6275,-57.1369,31:55.2,FastGPS,-62.6275,-57.1369,,,3.7,-1.9,,,,15,2,27066,,,,12,21932,,,,25,12231,,,,29,17683,,,,6,6166,,,,31,9256,,,,,,,,,,,,,,,,,,,,,,,,,,,,,,,,,,,,,,,,,,,,,,,,
180843,7-Oct-19,20:34:51,2019-10-07 20:34:51,G,4,3,2761,679,0,6,-62.6266,-57.1524,34:52.7,FastGPS,-62.6266,-57.1524,,,4.7,-1.3,,,,15,2,7860,,,,29,16063,,,,31,28545,,,,5,2584,,,,25,32051,,,,6,11504,,,,,,,,,,,,,,,,,,,,,,,,,,,,,,,,,,,,,,,,,,,,,,,,
180843,7-Oct-19,21:36:27,2019-10-07 21:36:27,G,10,3,2762,679,0,4,-62.4568,-56.8537,05:17.6,FastGPS,-62.6229,-57.1669,,,0.4,-1.4,,,,15,29,5057,,,,5,21206,,,,25,7215,,,,26,19525,,,,,,,,,,,,,,,,,,,,,,,,,,,,,,,,,,,,,,,,,,,,,,,,,,,,,,,,,,
180843,7-Oct-19,22:44:01,2019-10-07 22:44:01,G,6,3,2763,679,0,5,-62.6237,-57.1917,44:02.6,FastGPS,-62.6237,-57.1917,,,0.9,-1.4,,,,15,5,19626,,,,29,26966,,,,26,29224,,,,21,31861,,,,16,20950,,,,,,,,,,,,,,,,,,,,,,,,,,,,,,,,,,,,,,,,,,,,,,,,,,,,,
180843,7-Oct-19,23:46:20,2019-10-07 23:46:20,G,2,3,2764,,0,9,-62.6311,-57.1889,46:22.1,FastGPS,-62.6311,-57.1889,,,11.8,-0.9,,,,15,13,1389,,,,5,497,,,,20,25693,,,,29,27510,,,,15,3138,,,,26,12712,,,,10,600,,,,21,12967,,,,16,26703,,,,,,,,,,,,,,,,,,,,,,,,,,,,,,,,,
180843,8-Oct-19,0:46:34,2019-10-08 00:46:34,G,4,3,2765,679,0,4,-62.4568,-56.8537,05:17.6,FastGPS,-62.6109,-57.1774,,,0.5,-0.4,,,,15,15,15190,,,,13,17762,,,,10,2842,,,,21,11025,,,,,,,,,,,,,,,,,,,,,,,,,,,,,,,,,,,,,,,,,,,,,,,,,,,,,,,,,,
180843,8-Oct-19,1:50:48,2019-10-08 01:50:48,G,6,3,2766,679,0,7,-62.5976,-57.1488,50:50.6,FastGPS,-62.5976,-57.1488,,1,0.8,-0.4,,,,15,8,12350,,,,18,11154,,,,15,13493,,,,27,14736,,,,10,838,,,,20,3987,,,,11,1426,,,,,,,,,,,,,,,,,,,,,,,,,,,,,,,,,,,,,,,,,,,
180843,8-Oct-19,2:52:45,2019-10-08 02:52:45,G,2,3,2767,,0,9,-62.5876,-57.0997,52:47.1,FastGPS,-62.5876,-57.0997,,1,6.5,-0.9,,,,15,8,1560,,,,1,9232,,,,11,454,,,,18,32348,,,,32,1598,,,,27,12278,,,,28,6654,,,,10,27880,,,,15,20196,,,,,,,,,,,,,,,,,,,,,,,,,,,,,,,,,
180843,8-Oct-19,3:56:19,2019-10-08 03:56:19,G,6,3,2768,,0,9,-62.5889,-57.0366,56:21.6,FastGPS,-62.5889,-57.0366,,1,7.8,-0.4,,,,15,1,24847,,,,11,6537,,,,32,21576,,,,10,12802,,,,28,24334,,,,22,31337,,,,24,17157,,,,18,28482,,,,3,7847,,,,,,,,,,,,,,,,,,,,,,,,,,,,,,,,,
180843,8-Oct-19,4:57:24,2019-10-08 04:57:24,G,8,3,2769,,0,9,-62.57,-56.9932,57:26.2,FastGPS,-62.57,-56.9932,,1,12.6,-0.8,,,,15,32,26265,,,,12,9785,,,,31,12600,,,,18,22123,,,,17,14549,,,,19,17895,,,,1,21635,,,,14,6919,,,,22,16091,,,,,,,,,,,,,,,,,,,,,,,,,,,,,,,,,
180843,8-Oct-19,6:00:48,2019-10-08 06:00:48,G,2,3,2770,,0,9,-62.5447,-56.9617,00:50.1,FastGPS,-62.5447,-56.9617,,1,3.8,-0.9,,,,15,31,14320,,,,32,25129,,,,14,105,,,,18,19188,,,,22,18517,,,,12,20985,,,,17,20709,,,,11,15046,,,,25,15441,,,,,,,,,,,,,,,,,,,,,,,,,,,,,,,,,
180843,8-Oct-19,7:01:07,2019-10-08 07:01:07,G,4,3,2771,,0,9,-62.5253,-56.9356,01:09.6,FastGPS,-62.5253,-56.9356,,,6.3,-0.4,,,,15,31,7787,,,,14,17034,,,,23,11250,,,,1,18902,,,,3,10621,,,,25,32353,,,,22,16290,,,,17,27267,,,,19,9907,,,,,,,,,,,,,,,,,,,,,,,,,,,,,,,,,
180843,8-Oct-19,8:01:00,2019-10-08 08:01:00,G,6,3,2772,,0,9,-62.52,-56.8854,01:02.1,FastGPS,-62.52,-56.8854,,,8,-0.9,,,,15,31,4484,,,,2,28517,,,,6,27498,,,,3,29708,,,,23,20375,,,,9,10098,,,,22,25705,,,,26,14610,,,,16,13001,,,,,,,,,,,,,,,,,,,,,,,,,,,,,,,,,
180843,8-Oct-19,9:01:00,2019-10-08 09:01:00,G,6,3,2773,,0,9,-62.4959,-56.8599,01:02.1,FastGPS,-62.4959,-56.8599,,,10.6,-0.9,,,,15,7,17001,,,,26,16197,,,,23,17842,,,,9,2693,,,,29,21245,,,,16,11217,,,,3,16909,,,,6,24487,,,,2,24710,,,,,,,,,,,,,,,,,,,,,,,,,,,,,,,,,
180843,8-Oct-19,10:02:10,2019-10-08 10:02:10,G,18,3,2774,679,0,6,-62.4775,-56.8246,02:12.2,FastGPS,-62.4775,-56.8246,,,9,-0.8,,,,15,7,2606,,,,16,14587,,,,23,21043,,,,26,18787,,,,9,2414,,,,5,12039,,,,,,,,,,,,,,,,,,,,,,,,,,,,,,,,,,,,,,,,,,,,,,,,
180843,8-Oct-19,11:05:15,2019-10-08 11:05:15,G,12,3,2775,679,0,4,-62.4587,-56.8612,05:02.2,FastGPS,-62.4568,-56.8537,,,0.2,-0.5,,,,15,5,20366,,,,7,21133,,,,30,29984,,,,13,31609,,,,,,,,,,,,,,,,,,,,,,,,,,,,,,,,,,,,,,,,,,,,,,,,,,,,,,,,,,
180843,8-Oct-19,12:05:00,2019-10-08 12:05:00,G,4,3,2776,679,0,4,-62.4591,-56.8541,10/8/2019 12:54,NN,-62.4587,-56.8612,,,0.6,-0.8,,,,15,5,12986,,,,7,22685,,,,30,31959,,,,28,1128,,,,,,,,,,,,,,,,,,,,,,,,,,,,,,,,,,,,,,,,,,,,,,,,,,,,,,,,,,
180843,8-Oct-19,13:05:00,2019-10-08 13:05:00,G,6,3,2777,679,1,5,-62.46,-56.866,05:02.2,FastGPS,-62.46,-56.866,,,8.3,-0.8,,,,15,15,8587,,,,13,19772,,,,30,4157,,,,5,26333,,,,28,25688,,,,,,,,,,,,,,,,,,,,,,,,,,,,,,,,,,,,,,,,,,,,,,,,,,,,,
180843,8-Oct-19,15:05:00,2019-10-08 15:05:00,G,4,3,2778,683,1,6,-62.4663,-56.8729,05:02.1,FastGPS,-62.4663,-56.8729,,,13.3,-0.9,,,,15,15,16181,,,,17,9378,,,,13,17160,,,,28,27300,,,,19,20842,,,,24,5830,,,,,,,,,,,,,,,,,,,,,,,,,,,,,,,,,,,,,,,,,,,,,,,,
180843,8-Oct-19,23:51:36,2019-10-08 23:51:36,G,12,3,2779,,0,9,-62.4894,-56.8701,51:38.1,FastGPS,-62.4894,-56.8701,,,9.5,-0.9,,,,15,7,10092,,,,15,31193,,,,27,16724,,,,29,20206,,,,20,24396,,,,26,12285,,,,16,16676,,,,30,17208,,,,21,10101,,,,,,,,,,,,,,,,,,,,,,,,,,,,,,,,,
180843,9-Oct-19,0:52:38,2019-10-09 00:52:38,G,10,3,2780,683,0,7,-62.4637,-56.8246,52:40.1,FastGPS,-62.4637,-56.8246,,,7.3,-0.9,,,,15,15,6221,,,,13,21979,,,,21,31832,,,,10,24518,,,,27,19609,,,,16,6171,,,,20,17381,,,,,,,,,,,,,,,,,,,,,,,,,,,,,,,,,,,,,,,,,,,
180843,9-Oct-19,1:56:56,2019-10-09 01:56:56,G,10,3,2781,683,0,6,-62.4338,-56.7731,56:58.6,FastGPS,-62.4338,-56.7731,,,8.9,-0.4,,,,15,15,9433,,,,20,3795,,,,27,18889,,,,10,27438,,,,32,26850,,,,8,15508,,,,,,,,,,,,,,,,,,,,,,,,,,,,,,,,,,,,,,,,,,,,,,,,
180843,9-Oct-19,2:59:34,2019-10-09 02:59:34,G,4,3,2782,,0,9,-62.4038,-56.7225,59:35.6,FastGPS,-62.4038,-56.7225,,1,7.3,-1.4,,,,15,20,7848,,,,10,27624,,,,18,17322,,,,28,6026,,,,11,19364,,,,32,30765,,,,8,6994,,,,1,10220,,,,24,16168,,,,,,,,,,,,,,,,,,,,,,,,,,,,,,,,,
180843,9-Oct-19,4:39:48,2019-10-09 04:39:48,G,4,3,2783,685,0,8,-62.3423,-56.6839,39:49.2,FastGPS,-62.3423,-56.6839,,,9,-1.8,,,,15,17,4154,,,,32,15667,,,,22,3356,,,,10,3524,,,,3,12518,,,,1,6902,,,,11,20374,,,,14,26611,,,,,,,,,,,,,,,,,,,,,,,,,,,,,,,,,,,,,,
180843,9-Oct-19,6:41:42,2019-10-09 06:41:42,G,8,3,2784,685,0,4,-62.46,-56.866,05:02.2,FastGPS,-62.2861,-56.6627,,,0.8,-0.8,,,,15,31,22974,,,,22,29000,,,,3,22403,,,,23,32052,,,,,,,,,,,,,,,,,,,,,,,,,,,,,,,,,,,,,,,,,,,,,,,,,,,,,,,,,,
180843,9-Oct-19,7:42:00,2019-10-09 07:42:00,G,6,3,2785,685,0,5,-62.2498,-56.6548,42:02.2,FastGPS,-62.2498,-56.6548,,,0.4,-0.8,,,,15,31,22083,,,,3,11350,,,,22,31043,,,,2,8405,,,,23,13647,,,,,,,,,,,,,,,,,,,,,,,,,,,,,,,,,,,,,,,,,,,,,,,,,,,,,
180843,9-Oct-19,8:49:47,2019-10-09 08:49:47,G,2,3,2786,685,0,7,-62.2134,-56.644,49:49.6,FastGPS,-62.2134,-56.644,,,6.8,-0.4,,,,15,26,11436,,,,7,12629,,,,29,6907,,,,16,22534,,,,23,29610,,,,9,22297,,,,3,14920,,,,,,,,,,,,,,,,,,,,,,,,,,,,,,,,,,,,,,,,,,,
180843,9-Oct-19,9:52:51,2019-10-09 09:52:51,G,6,3,2787,685,0,8,-62.1887,-56.6483,52:52.6,FastGPS,-62.1887,-56.6483,,,7.2,-1.4,,,,15,23,24144,,,,16,28596,,,,5,1271,,,,7,1647,,,,9,22458,,,,2,21203,,,,30,7911,,,,6,28085,,,,,,,,,,,,,,,,,,,,,,,,,,,,,,,,,,,,,,
180843,9-Oct-19,11:16:30,2019-10-09 11:16:30,G,6,3,2788,686,0,4,-61.9432,-56.8495,09:46.1,FastGPS,-62.1678,-56.6407,,,0.3,-1.3,,,,15,7,22186,,,,5,11405,,,,9,30146,,,,30,14576,,,,,,,,,,,,,,,,,,,,,,,,,,,,,,,,,,,,,,,,,,,,,,,,,,,,,,,,,,
180843,9-Oct-19,12:16:00,2019-10-09 12:16:00,G,8,3,2789,,0,9,-62.1463,-56.6449,16:02.2,FastGPS,-62.1463,-56.6449,,,5.8,-0.8,,,,15,7,8688,,,,5,15160,,,,28,13272,,,,30,471,,,,13,24546,,,,9,18362,,,,15,3124,,,,21,12219,,,,27,7014,,,,,,,,,,,,,,,,,,,,,,,,,,,,,,,,,
180843,9-Oct-19,14:13:46,2019-10-09 14:13:46,G,10,3,2790,687,0,5,-62.1279,-56.6621,13:48.7,FastGPS,-62.1279,-56.6621,,,8.8,-0.3,,,,15,17,25086,,,,15,11994,,,,28,16073,,,,30,12965,,,,13,4883,,,,,,,,,,,,,,,,,,,,,,,,,,,,,,,,,,,,,,,,,,,,,,,,,,,,,
180843,9-Oct-19,15:34:08,2019-10-09 15:34:08,G,8,3,2791,687,0,5,-62.1258,-56.6456,34:09.2,FastGPS,-62.1258,-56.6456,,,7.4,-1.8,,,,15,17,19543,,,,28,5315,,,,10,21295,,,,19,28937,,,,24,3045,,,,,,,,,,,,,,,,,,,,,,,,,,,,,,,,,,,,,,,,,,,,,,,,,,,,,
180843,9-Oct-19,17:11:05,2019-10-09 17:11:05,G,6,3,2792,687,0,4,-62.1258,-56.6456,34:09.2,FastGPS,-62.1315,-56.6534,,,1.2,-0.4,,,,15,19,24206,,,,24,15514,,,,6,8566,,,,17,13806,,,,,,,,,,,,,,,,,,,,,,,,,,,,,,,,,,,,,,,,,,,,,,,,,,,,,,,,,,
180843,9-Oct-19,18:11:00,2019-10-09 18:11:00,G,6,3,2793,,0,9,-62.1174,-56.6381,11:01.2,FastGPS,-62.1174,-56.6381,,,11.9,-1.8,,,,15,2,9128,,,,12,27074,,,,19,8960,,,,6,8327,,,,24,505,,,,3,27795,,,,25,20547,,,,17,32173,,,,31,22342,,,,,,,,,,,,,,,,,,,,,,,,,,,,,,,,,
180843,9-Oct-19,19:12:28,2019-10-09 19:12:28,G,10,3,2794,687,0,4,-62.1315,-56.6534,11:07.6,FastGPS,-62.0955,-56.6377,,,0.6,-0.8,,,,15,31,13458,,,,12,28992,,,,25,8841,,,,2,27849,,,,,,,,,,,,,,,,,,,,,,,,,,,,,,,,,,,,,,,,,,,,,,,,,,,,,,,,,,
180843,9-Oct-19,20:22:51,2019-10-09 20:22:51,G,6,3,2795,687,0,5,-62.0857,-56.6567,22:53.1,FastGPS,-62.0857,-56.6567,,,1.8,-0.9,,,,15,2,7739,,,,29,8,,,,25,32421,,,,31,18390,,,,5,16047,,,,,,,,,,,,,,,,,,,,,,,,,,,,,,,,,,,,,,,,,,,,,,,,,,,,,
180843,9-Oct-19,22:51:01,2019-10-09 22:51:01,G,4,3,2796,687,0,5,-62.0535,-56.6992,51:03.7,FastGPS,-62.0535,-56.6992,,,12,-0.3,,,,15,21,19890,,,,26,25239,,,,16,26676,,,,7,5506,,,,5,24215,,,,,,,,,,,,,,,,,,,,,,,,,,,,,,,,,,,,,,,,,,,,,,,,,,,,,
180843,9-Oct-19,23:52:11,2019-10-09 23:52:11,G,8,3,2797,,0,9,-62.0545,-56.7584,52:12.6,FastGPS,-62.0545,-56.7584,,,21.2,-1.4,,,,15,15,2755,,,,7,26857,,,,21,31835,,,,27,22557,,,,20,618,,,,13,10934,,,,10,1636,,,,16,3115,,,,30,12956,,,,,,,,,,,,,,,,,,,,,,,,,,,,,,,,,
180843,10-Oct-19,0:52:22,2019-10-10 00:52:22,G,6,3,2798,687,0,5,-62.0369,-56.7805,52:23.2,FastGPS,-62.0369,-56.7805,,,6.9,-1.8,,,,15,15,10315,,,,20,25617,,,,21,25277,,,,10,12671,,,,27,29986,,,,,,,,,,,,,,,,,,,,,,,,,,,,,,,,,,,,,,,,,,,,,,,,,,,,,
180843,10-Oct-19,2:12:56,2019-10-10 02:12:56,G,12,3,2799,687,0,7,-62.0163,-56.7945,12:58.1,FastGPS,-62.0163,-56.7945,,1,7.1,-0.9,,,,15,10,28400,,,,32,31881,,,,27,13064,,,,24,15527,,,,18,17000,,,,20,20319,,,,8,5718,,,,,,,,,,,,,,,,,,,,,,,,,,,,,,,,,,,,,,,,,,,
180843,10-Oct-19,3:13:09,2019-10-10 03:13:09,G,8,3,2800,687,0,7,-61.9978,-56.7954,13:11.2,FastGPS,-61.9978,-56.7954,,,5.4,-0.8,,,,15,10,12326,,,,24,30789,,,,27,19642,,,,8,3223,,,,14,679,,,,20,2453,,,,32,16505,,,,,,,,,,,,,,,,,,,,,,,,,,,,,,,,,,,,,,,,,,,
180843,10-Oct-19,4:14:09,2019-10-10 04:14:09,G,8,3,2801,687,0,5,-62.0955,-56.6377,12:30.2,FastGPS,-61.9758,-56.8085,,1,17.2,-1.5,,,,15,32,8318,,,,1,7699,,,,10,27514,,,,22,27326,,,,23,23729,,,,,,,,,,,,,,,,,,,,,,,,,,,,,,,,,,,,,,,,,,,,,,,,,,,,,
180843,10-Oct-19,5:22:51,2019-10-10 05:22:51,G,8,3,2802,,0,9,-61.9624,-56.8077,22:53.2,FastGPS,-61.9624,-56.8077,,1,8.7,-0.8,,,,15,32,8801,,,,17,5272,,,,31,1633,,,,11,19531,,,,14,3600,,,,12,28807,,,,23,22067,,,,18,30377,,,,1,25957,,,,,,,,,,,,,,,,,,,,,,,,,,,,,,,,,
180843,10-Oct-19,7:09:44,2019-10-10 07:09:44,G,12,3,2803,687,0,4,-62.0955,-56.6377,12:30.2,FastGPS,-61.9432,-56.8495,,,0.1,-0.9,,,,15,22,17277,,,,31,31352,,,,3,11372,,,,23,9075,,,,,,,,,,,,,,,,,,,,,,,,,,,,,,,,,,,,,,,,,,,,,,,,,,,,,,,,,,
180843,10-Oct-19,8:28:00,2019-10-10 08:28:00,G,12,3,2804,688,0,7,-61.924,-56.8883,28:02.2,FastGPS,-61.924,-56.8884,,,12.9,-0.8,,,,15,9,2411,,,,3,2916,,,,23,2088,,,,6,24458,,,,16,10995,,,,29,18320,,,,2,7264,,,,,,,,,,,,,,,,,,,,,,,,,,,,,,,,,,,,,,,,,,,
180843,10-Oct-19,9:28:12,2019-10-10 09:28:12,G,8,3,2805,688,0,6,-61.9035,-56.9343,28:14.7,FastGPS,-61.9035,-56.9343,,,4.6,-0.3,,,,15,26,17727,,,,16,13712,,,,9,30190,,,,23,27569,,,,29,20878,,,,7,24509,,,,,,,,,,,,,,,,,,,,,,,,,,,,,,,,,,,,,,,,,,,,,,,,
180843,10-Oct-19,10:29:24,2019-10-10 10:29:24,G,10,3,2806,688,0,5,-61.8875,-57.0055,29:25.7,FastGPS,-61.8875,-57.0055,,,6.3,-1.3,,,,15,5,26864,,,,7,11032,,,,9,31357,,,,30,7505,,,,16,27858,,,,,,,,,,,,,,,,,,,,,,,,,,,,,,,,,,,,,,,,,,,,,,,,,,,,,
180843,10-Oct-19,12:05:57,2019-10-10 12:05:57,G,12,3,2807,688,0,7,-61.8785,-57.0978,05:58.6,FastGPS,-61.8785,-57.0978,,,8.9,-1.4,,,,15,5,32549,,,,30,3256,,,,7,28194,,,,15,12792,,,,21,16259,,,,28,21371,,,,8,26701,,,,,,,,,,,,,,,,,,,,,,,,,,,,,,,,,,,,,,,,,,,
180843,10-Oct-19,13:25:19,2019-10-10 13:25:19,G,6,3,2808,689,0,7,-61.8737,-57.187,25:20.2,FastGPS,-61.8737,-57.187,,,3.2,-1.8,,,,15,30,25206,,,,15,23466,,,,8,31152,,,,13,3739,,,,28,1881,,,,20,31627,,,,7,14151,,,,,,,,,,,,,,,,,,,,,,,,,,,,,,,,,,,,,,,,,,,
180843,10-Oct-19,14:26:22,2019-10-10 14:26:22,G,8,3,2809,,0,9,-61.8838,-57.229,26:24.2,FastGPS,-61.8838,-57.229,,1,11.6,-0.8,,,,15,17,557,,,,28,29229,,,,15,16297,,,,19,2473,,,,18,7800,,,,1,3660,,,,11,616,,,,13,29720,,,,30,3751,,,,,,,,,,,,,,,,,,,,,,,,,,,,,,,,,
180843,10-Oct-19,15:27:09,2019-10-10 15:27:09,G,6,3,2810,689,0,6,-61.8848,-57.2545,27:11.2,FastGPS,-61.8848,-57.2545,,,1.2,-0.8,,,,15,15,25906,,,,19,2581,,,,24,10917,,,,17,28072,,,,13,717,,,,12,9987,,,,,,,,,,,,,,,,,,,,,,,,,,,,,,,,,,,,,,,,,,,,,,,,
180843,10-Oct-19,16:27:13,2019-10-10 16:27:13,G,8,3,2811,689,0,6,-61.8881,-57.2656,27:15.2,FastGPS,-61.8881,-57.2656,,,3.6,-0.8,,,,15,17,18049,,,,19,20679,,,,24,5288,,,,12,4297,,,,15,27210,,,,1,30582,,,,,,,,,,,,,,,,,,,,,,,,,,,,,,,,,,,,,,,,,,,,,,,,
180843,10-Oct-19,17:42:04,2019-10-10 17:42:04,G,6,3,2812,690,0,8,-61.8892,-57.2809,42:06.2,FastGPS,-61.8892,-57.2809,,,12.7,-0.8,,,,15,32,9584,,,,2,30010,,,,25,3957,,,,24,22687,,,,19,22461,,,,6,13547,,,,14,22092,,,,12,18441,,,,,,,,,,,,,,,,,,,,,,,,,,,,,,,,,,,,,,
180843,10-Oct-19,18:44:21,2019-10-10 18:44:21,G,6,3,2813,690,0,8,-61.8894,-57.2894,44:23.7,FastGPS,-61.8894,-57.2894,,,13.3,-0.3,,,,15,31,6042,,,,29,26796,,,,25,11904,,,,12,17939,,,,6,2751,,,,14,23064,,,,32,12052,,,,2,24353,,,,,,,,,,,,,,,,,,,,,,,,,,,,,,,,,,,,,,
180843,10-Oct-19,19:45:17,2019-10-10 19:45:17,G,6,3,2814,690,0,6,-61.8831,-57.3075,45:18.7,FastGPS,-61.8831,-57.3075,,,12.3,-1.3,,,,15,2,29110,,,,29,15917,,,,12,18169,,,,6,16309,,,,25,28125,,,,31,31542,,,,,,,,,,,,,,,,,,,,,,,,,,,,,,,,,,,,,,,,,,,,,,,,
180843,10-Oct-19,20:47:06,2019-10-10 20:47:06,G,6,3,2815,690,0,5,-61.8821,-57.3072,47:07.7,FastGPS,-61.8822,-57.3072,,,1.9,-1.3,,,,15,31,28414,,,,26,22183,,,,29,8950,,,,2,14631,,,,5,12548,,,,,,,,,,,,,,,,,,,,,,,,,,,,,,,,,,,,,,,,,,,,,,,,,,,,,
180843,10-Oct-19,21:47:24,2019-10-10 21:47:24,G,6,3,2816,690,0,6,-61.8869,-57.341,47:25.7,FastGPS,-61.8869,-57.341,,,9,-1.3,,,,15,31,26870,,,,5,15928,,,,29,25081,,,,21,10773,,,,26,20876,,,,25,31375,,,,,,,,,,,,,,,,,,,,,,,,,,,,,,,,,,,,,,,,,,,,,,,,
180843,10-Oct-19,22:47:00,2019-10-10 22:47:00,G,6,3,2817,690,0,5,-61.8803,-57.3835,47:01.2,FastGPS,-61.8803,-57.3835,,,1.9,-1.8,,,,15,29,9764,,,,21,11116,,,,26,17406,,,,16,18311,,,,5,9899,,,,,,,,,,,,,,,,,,,,,,,,,,,,,,,,,,,,,,,,,,,,,,,,,,,,,
180843,10-Oct-19,23:47:00,2019-10-10 23:47:00,G,6,3,2818,690,0,8,-61.8671,-57.411,47:01.2,FastGPS,-61.8671,-57.411,,,8.9,-1.8,,,,15,29,15392,,,,20,16757,,,,16,25565,,,,21,17379,,,,27,6144,,,,26,15417,,,,10,16973,,,,7,12563,,,,,,,,,,,,,,,,,,,,,,,,,,,,,,,,,,,,,,
180843,11-Oct-19,0:47:00,2019-10-11 00:47:00,G,8,3,2819,690,0,8,-61.8545,-57.4609,47:01.2,FastGPS,-61.8545,-57.4609,,,3.4,-1.8,,,,15,15,25440,,,,10,29358,,,,21,13502,,,,13,1866,,,,27,16596,,,,8,16854,,,,16,28358,,,,20,10964,,,,,,,,,,,,,,,,,,,,,,,,,,,,,,,,,,,,,,
180843,11-Oct-19,1:49:53,2019-10-11 01:49:53,G,12,3,2820,690,0,8,-61.8441,-57.4908,49:54.2,FastGPS,-61.8441,-57.4908,,1,5,-1.8,,,,15,20,15327,,,,10,13162,,,,32,22297,,,,11,17986,,,,27,6231,,,,21,16172,,,,8,4230,,,,18,29003,,,,,,,,,,,,,,,,,,,,,,,,,,,,,,,,,,,,,,
180843,11-Oct-19,2:50:08,2019-10-11 02:50:08,G,8,3,2821,690,0,6,-61.8426,-57.5004,50:10.2,FastGPS,-61.8426,-57.5004,,1,3.9,-0.8,,,,15,10,18044,,,,32,19755,,,,20,30304,,,,18,6992,,,,8,4702,,,,24,30491,,,,,,,,,,,,,,,,,,,,,,,,,,,,,,,,,,,,,,,,,,,,,,,,
180843,11-Oct-19,3:50:38,2019-10-11 03:50:38,G,6,3,2822,690,0,8,-61.8374,-57.498,50:40.6,FastGPS,-61.8374,-57.498,,1,10.5,-0.4,,,,15,10,13763,,,,32,21761,,,,18,31916,,,,1,7906,,,,17,19412,,,,11,10771,,,,14,17655,,,,22,28619,,,,,,,,,,,,,,,,,,,,,,,,,,,,,,,,,,,,,,
180843,11-Oct-19,5:10:29,2019-10-11 05:10:29,G,4,3,2823,691,0,8,-61.8348,-57.5255,10:31.2,FastGPS,-61.8348,-57.5255,,1,18.2,-0.8,,,,15,18,18384,,,,14,9454,,,,32,29830,,,,19,5588,,,,12,9443,,,,31,32314,,,,1,32713,,,,3,17460,,,,,,,,,,,,,,,,,,,,,,,,,,,,,,,,,,,,,,
180843,11-Oct-19,7:25:39,2019-10-11 07:25:39,G,6,3,2824,691,0,7,-61.8264,-57.5455,25:41.2,FastGPS,-61.8264,-57.5455,,,5.6,-0.8,,,,15,22,7745,,,,3,7281,,,,9,13943,,,,23,14313,,,,6,25304,,,,31,14943,,,,19,18871,,,,,,,,,,,,,,,,,,,,,,,,,,,,,,,,,,,,,,,,,,,
180843,11-Oct-19,8:42:27,2019-10-11 08:42:27,G,4,3,2825,691,0,7,-61.8107,-57.5494,42:29.7,FastGPS,-61.8107,-57.5494,,,7.7,-0.3,,,,15,23,4377,,,,16,30677,,,,26,15770,,,,9,3269,,,,6,20263,,,,7,32582,,,,3,22775,,,,,,,,,,,,,,,,,,,,,,,,,,,,,,,,,,,,,,,,,,,
180843,11-Oct-19,10:37:02,2019-10-11 10:37:02,G,8,3,2826,691,0,6,-61.7937,-57.6015,37:03.2,FastGPS,-61.7937,-57.6015,,,3.6,-1.8,,,,15,23,21362,,,,5,5189,,,,7,1562,,,,16,9872,,,,9,10120,,,,30,32083,,,,,,,,,,,,,,,,,,,,,,,,,,,,,,,,,,,,,,,,,,,,,,,,
180843,11-Oct-19,11:37:53,2019-10-11 11:37:53,G,6,3,2827,691,0,6,-61.7944,-57.6303,37:55.6,FastGPS,-61.7944,-57.6303,,,4,-0.4,,,,15,7,25382,,,,30,22263,,,,27,12213,,,,8,30100,,,,5,1626,,,,9,24065,,,,,,,,,,,,,,,,,,,,,,,,,,,,,,,,,,,,,,,,,,,,,,,,
180843,11-Oct-19,12:42:04,2019-10-11 12:42:04,G,8,3,2828,691,0,7,-61.7841,-57.6644,42:06.7,FastGPS,-61.7841,-57.6644,,,4,-0.3,,,,15,15,11812,,,,7,4390,,,,13,12605,,,,8,22988,,,,30,31449,,,,28,663,,,,5,16998,,,,,,,,,,,,,,,,,,,,,,,,,,,,,,,,,,,,,,,,,,,
180843,11-Oct-19,13:42:00,2019-10-11 13:42:00,G,6,3,2829,,0,9,-61.7744,-57.6457,42:02.7,FastGPS,-61.7744,-57.6457,,1,6.3,-0.3,,,,15,15,29721,,,,7,2931,,,,20,18288,,,,30,12836,,,,11,13917,,,,18,16359,,,,8,31280,,,,17,19845,,,,13,20804,,,,,,,,,,,,,,,,,,,,,,,,,,,,,,,,,
180843,11-Oct-19,14:42:00,2019-10-11 14:42:00,G,6,3,2830,691,0,4,-61.7488,-57.6885,42:59.1,FastGPS,-61.7516,-57.6604,,,0.6,-0.8,,,,15,15,29664,,,,13,25122,,,,17,3370,,,,10,19451,,,,,,,,,,,,,,,,,,,,,,,,,,,,,,,,,,,,,,,,,,,,,,,,,,,,,,,,,,
180843,11-Oct-19,15:42:57,2019-10-11 15:42:57,G,6,3,2831,691,0,6,-61.7488,-57.6885,42:59.1,FastGPS,-61.7488,-57.6885,,1,3.2,-0.9,,,,15,15,10245,,,,17,27947,,,,12,9672,,,,24,6915,,,,19,29321,,,,30,27730,,,,,,,,,,,,,,,,,,,,,,,,,,,,,,,,,,,,,,,,,,,,,,,,
180843,11-Oct-19,16:43:00,2019-10-11 16:43:00,G,8,3,2832,,0,9,-61.7485,-57.7162,43:02.2,FastGPS,-61.7485,-57.7162,,,6.3,-0.8,,,,15,17,15265,,,,32,13829,,,,22,17292,,,,12,11347,,,,14,29953,,,,1,15709,,,,19,23619,,,,24,16616,,,,25,5108,,,,,,,,,,,,,,,,,,,,,,,,,,,,,,,,,
180843,11-Oct-19,17:43:00,2019-10-11 17:43:00,G,4,3,2833,691,1,6,-61.7507,-57.7335,43:02.2,FastGPS,-61.7507,-57.7335,,,9.5,-0.8,,,,15,2,30097,,,,6,27879,,,,24,17174,,,,17,30011,,,,19,13218,,,,12,31314,,,,,,,,,,,,,,,,,,,,,,,,,,,,,,,,,,,,,,,,,,,,,,,,
180843,11-Oct-19,22:14:35,2019-10-11 22:14:35,G,4,3,2834,691,0,4,-61.7455,-57.7645,10/11/2019 18:50,SR,-61.7674,-57.8064,,,0.5,-0.8,,,,15,5,1040,,,,29,31116,,,,21,24038,,,,26,32565,,,,,,,,,,,,,,,,,,,,,,,,,,,,,,,,,,,,,,,,,,,,,,,,,,,,,,,,,,
180843,11-Oct-19,23:14:00,2019-10-11 23:14:00,G,2,3,2835,691,0,8,-61.7911,-57.8421,14:02.2,FastGPS,-61.7911,-57.8421,,,10.6,-0.8,,,,15,29,11582,,,,5,31693,,,,7,8124,,,,15,26840,,,,20,19248,,,,21,20303,,,,13,3304,,,,16,12236,,,,,,,,,,,,,,,,,,,,,,,,,,,,,,,,,,,,,,
180843,12-Oct-19,0:14:14,2019-10-12 00:14:14,G,4,3,2836,691,0,8,-61.7952,-57.8899,14:16.2,FastGPS,-61.7952,-57.8899,,,10.1,-0.8,,,,15,16,7954,,,,10,7034,,,,21,11640,,,,20,100,,,,15,19011,,,,27,13378,,,,8,10904,,,,7,17078,,,,,,,,,,,,,,,,,,,,,,,,,,,,,,,,,,,,,,
180843,12-Oct-19,1:14:00,2019-10-12 01:14:00,G,2,3,2837,691,0,5,-61.8013,-57.9222,14:02.2,FastGPS,-61.8013,-57.9222,,,12,-0.8,,,,15,27,28780,,,,10,3185,,,,21,17834,,,,8,23183,,,,20,24966,,,,,,,,,,,,,,,,,,,,,,,,,,,,,,,,,,,,,,,,,,,,,,,,,,,,,
180843,12-Oct-19,2:15:07,2019-10-12 02:15:07,G,10,3,2838,,0,9,-61.7969,-57.961,15:09.2,FastGPS,-61.7969,-57.961,,1,4.9,-0.8,,,,15,20,23572,,,,28,18753,,,,18,200,,,,8,19465,,,,32,19561,,,,15,17555,,,,10,24485,,,,11,27441,,,,24,13430,,,,,,,,,,,,,,,,,,,,,,,,,,,,,,,,,
180843,12-Oct-19,3:17:28,2019-10-12 03:17:28,G,10,3,2839,,0,9,-61.7949,-57.9742,17:30.7,FastGPS,-61.7949,-57.9742,,1,8.3,-0.3,,,,15,22,1714,,,,8,25568,,,,18,5790,,,,1,20459,,,,27,19428,,,,28,24741,,,,11,13230,,,,14,11198,,,,32,28058,,,,,,,,,,,,,,,,,,,,,,,,,,,,,,,,,
180843,12-Oct-19,4:17:00,2019-10-12 04:17:00,G,8,3,2840,,0,9,-61.7895,-57.9993,17:01.2,FastGPS,-61.7895,-57.9993,,1,8.4,-1.8,,,,15,32,5606,,,,17,15349,,,,3,20076,,,,14,24525,,,,18,30976,,,,22,19457,,,,31,10472,,,,1,9575,,,,11,14887,,,,,,,,,,,,,,,,,,,,,,,,,,,,,,,,,
180843,12-Oct-19,5:19:00,2019-10-12 05:19:00,G,4,3,2841,691,0,7,-61.7999,-58.0157,19:02.7,FastGPS,-61.7999,-58.0157,,1,11.2,-0.3,,,,15,18,9504,,,,31,2499,,,,17,1940,,,,14,16636,,,,3,18801,,,,1,13282,,,,32,11121,,,,,,,,,,,,,,,,,,,,,,,,,,,,,,,,,,,,,,,,,,,
180843,12-Oct-19,6:20:07,2019-10-12 06:20:07,G,8,3,2842,,0,9,-61.7925,-58.0407,20:08.7,FastGPS,-61.7925,-58.0407,,1,3.5,-1.3,,,,15,31,17859,,,,14,27314,,,,23,5165,,,,3,23835,,,,18,4843,,,,1,8851,,,,17,1191,,,,22,15946,,,,25,25711,,,,,,,,,,,,,,,,,,,,,,,,,,,,,,,,,
180843,12-Oct-19,8:04:39,2019-10-12 08:04:39,G,4,3,2843,692,0,7,-61.7748,-58.1078,04:40.6,FastGPS,-61.7748,-58.1078,,,8.2,-1.4,,,,15,31,29262,,,,3,9604,,,,26,29802,,,,22,12726,,,,2,30268,,,,23,31017,,,,16,775,,,,,,,,,,,,,,,,,,,,,,,,,,,,,,,,,,,,,,,,,,,
180843,12-Oct-19,9:07:03,2019-10-12 09:07:03,G,6,3,2844,692,0,7,-61.7773,-58.0951,07:04.2,FastGPS,-61.7773,-58.0951,,,17.6,-1.8,,,,15,9,4581,,,,7,14108,,,,23,7096,,,,2,31899,,,,16,137,,,,26,7308,,,,6,9445,,,,,,,,,,,,,,,,,,,,,,,,,,,,,,,,,,,,,,,,,,,
180843,12-Oct-19,10:07:00,2019-10-12 10:07:00,G,6,3,2845,692,0,5,-61.7917,-58.1093,07:02.2,FastGPS,-61.7917,-58.1093,,,2.7,-0.8,,,,15,7,30224,,,,5,26968,,,,30,27015,,,,9,3346,,,,16,23181,,,,,,,,,,,,,,,,,,,,,,,,,,,,,,,,,,,,,,,,,,,,,,,,,,,,,
180843,12-Oct-19,11:25:40,2019-10-12 11:25:40,G,4,3,2846,692,0,6,-61.8264,-58.1393,25:42.7,FastGPS,-61.8264,-58.1393,,,8.4,-0.3,,,,15,13,13387,,,,5,28386,,,,7,28870,,,,27,25447,,,,8,22672,,,,30,86,,,,,,,,,,,,,,,,,,,,,,,,,,,,,,,,,,,,,,,,,,,,,,,,
180843,12-Oct-19,12:25:00,2019-10-12 12:25:00,G,2,3,2847,,0,9,-61.8474,-58.1602,25:02.2,FastGPS,-61.8474,-58.1602,,,9.1,-0.8,,,,15,7,25965,,,,15,1280,,,,30,19923,,,,5,466,,,,27,32498,,,,8,22471,,,,13,23673,,,,28,17309,,,,21,16064,,,,,,,,,,,,,,,,,,,,,,,,,,,,,,,,,
180843,12-Oct-19,13:26:16,2019-10-12 13:26:16,G,2,3,2848,692,0,8,-61.8475,-58.1583,26:18.7,FastGPS,-61.8475,-58.1583,,,6.4,-0.3,,,,15,7,4738,,,,17,5787,,,,28,22665,,,,30,32163,,,,15,23027,,,,11,4744,,,,13,10362,,,,8,11624,,,,,,,,,,,,,,,,,,,,,,,,,,,,,,,,,,,,,,
180843,12-Oct-19,14:27:56,2019-10-12 14:27:56,G,2,3,2849,692,0,8,-61.86,-58.1243,27:58.2,FastGPS,-61.86,-58.1243,,1,13.7,-0.8,,,,15,18,11308,,,,10,24986,,,,15,16381,,,,1,25028,,,,28,10941,,,,20,23375,,,,30,22601,,,,13,2165,,,,,,,,,,,,,,,,,,,,,,,,,,,,,,,,,,,,,,
180843,12-Oct-19,15:28:02,2019-10-12 15:28:02,G,8,3,2850,692,0,6,-61.8743,-58.0857,28:04.7,FastGPS,-61.8743,-58.0857,,,8.2,-0.3,,,,15,24,8797,,,,12,24715,,,,17,9821,,,,15,5493,,,,10,31635,,,,19,28775,,,,,,,,,,,,,,,,,,,,,,,,,,,,,,,,,,,,,,,,,,,,,,,,
180843,12-Oct-19,16:47:58,2019-10-12 16:47:58,G,12,3,2851,693,0,5,-61.8773,-58.0802,48:00.6,FastGPS,-61.8773,-58.0802,,,13.1,-0.4,,,,15,32,27749,,,,12,32661,,,,24,6867,,,,25,10449,,,,6,6779,,,,,,,,,,,,,,,,,,,,,,,,,,,,,,,,,,,,,,,,,,,,,,,,,,,,,
180843,12-Oct-19,17:48:18,2019-10-12 17:48:18,G,14,3,2852,693,0,8,-61.8781,-58.0795,48:20.2,FastGPS,-61.8781,-58.0795,,,9.7,-0.8,,,,15,12,23307,,,,19,2102,,,,32,22541,,,,17,4764,,,,25,21995,,,,6,24856,,,,14,2362,,,,3,20393,,,,,,,,,,,,,,,,,,,,,,,,,,,,,,,,,,,,,,
180843,12-Oct-19,18:48:23,2019-10-12 18:48:23,G,2,3,2853,693,0,5,-61.867,-58.0327,48:25.2,FastGPS,-61.867,-58.0327,,,1.5,-0.8,,,,15,12,27364,,,,6,9388,,,,25,3558,,,,31,19992,,,,2,15606,,,,,,,,,,,,,,,,,,,,,,,,,,,,,,,,,,,,,,,,,,,,,,,,,,,,,
180843,12-Oct-19,21:05:53,2019-10-12 21:05:53,G,4,3,2855,693,0,6,-61.8572,-58.0218,05:54.2,FastGPS,-61.8572,-58.0218,,,9,-1.8,,,,15,5,26594,,,,29,2664,,,,2,18772,,,,26,14149,,,,31,23660,,,,9,4026,,,,,,,,,,,,,,,,,,,,,,,,,,,,,,,,,,,,,,,,,,,,,,,,
180843,12-Oct-19,22:24:50,2019-10-12 22:24:50,G,6,3,2856,693,0,6,-61.8591,-58.0187,24:51.2,FastGPS,-61.8591,-58.0187,,,9.1,-1.8,,,,15,29,31080,,,,21,16892,,,,5,18366,,,,26,8769,,,,16,50,,,,27,12750,,,,,,,,,,,,,,,,,,,,,,,,,,,,,,,,,,,,,,,,,,,,,,,,
180843,12-Oct-19,23:46:38,2019-10-12 23:46:38,G,8,3,2857,693,0,5,-61.8577,-58.0204,46:40.7,FastGPS,-61.8577,-58.0204,,,7.7,-0.3,,,,15,7,32518,,,,15,21699,,,,27,25750,,,,16,7263,,,,13,20037,,,,,,,,,,,,,,,,,,,,,,,,,,,,,,,,,,,,,,,,,,,,,,,,,,,,,
180843,13-Oct-19,0:47:25,2019-10-13 00:47:25,G,8,3,2858,693,0,6,-61.8491,-58.0352,47:26.2,FastGPS,-61.8491,-58.0352,,,5.9,-1.8,,,,15,15,19962,,,,27,25204,,,,10,20418,,,,21,11681,,,,20,8841,,,,8,18348,,,,,,,,,,,,,,,,,,,,,,,,,,,,,,,,,,,,,,,,,,,,,,,,
180843,13-Oct-19,1:49:09,2019-10-13 01:49:09,G,14,3,2859,693,0,6,-61.8432,-58.0501,49:11.6,FastGPS,-61.8432,-58.0501,,1,6.4,-0.4,,,,15,18,23314,,,,27,20487,,,,10,8204,,,,8,11385,,,,11,13310,,,,28,15700,,,,,,,,,,,,,,,,,,,,,,,,,,,,,,,,,,,,,,,,,,,,,,,,
180843,13-Oct-19,2:51:06,2019-10-13 02:51:06,G,10,3,2860,693,0,5,-61.8331,-58.0213,10/13/2019 6:38,NP,-61.8436,-58.0395,,1,0.8,-0.1,,,,15,11,26800,,,,10,18136,,,,28,25644,,,,18,23687,,,,20,16904,,,,,,,,,,,,,,,,,,,,,,,,,,,,,,,,,,,,,,,,,,,,,,,,,,,,,
180843,13-Oct-19,3:51:00,2019-10-13 03:51:00,G,6,3,2861,693,0,8,-61.8441,-58.0431,51:02.2,FastGPS,-61.8441,-58.0431,,1,3.9,-0.8,,,,15,17,20206,,,,18,28719,,,,22,26935,,,,11,9751,,,,8,7218,,,,1,24476,,,,28,10685,,,,3,11358,,,,,,,,,,,,,,,,,,,,,,,,,,,,,,,,,,,,,,
180843,13-Oct-19,5:06:00,2019-10-13 05:06:00,G,10,3,2862,694,1,5,-61.8307,-58.0264,06:02.2,FastGPS,-61.8307,-58.0264,,,9.2,-0.8,,,,15,32,13501,,,,14,1883,,,,19,14728,,,,22,27036,,,,12,13252,,,,,,,,,,,,,,,,,,,,,,,,,,,,,,,,,,,,,,,,,,,,,,,,,,,,,
180843,13-Oct-19,6:06:00,2019-10-13 06:06:00,G,10,3,2863,694,1,5,-61.8322,-58.0258,06:02.2,FastGPS,-61.8322,-58.0258,,,6.7,-0.8,,,,15,31,18189,,,,22,4123,,,,1,19361,,,,3,23380,,,,32,3037,,,,,,,,,,,,,,,,,,,,,,,,,,,,,,,,,,,,,,,,,,,,,,,,,,,,,
180843,13-Oct-19,7:06:00,2019-10-13 07:06:00,G,8,3,2864,694,1,6,-61.8326,-58.0211,06:02.2,FastGPS,-61.8326,-58.0211,,,4.6,-0.8,,,,15,19,28486,,,,9,7089,,,,23,30436,,,,22,18902,,,,3,31192,,,,1,21249,,,,,,,,,,,,,,,,,,,,,,,,,,,,,,,,,,,,,,,,,,,,,,,,
180843,13-Oct-19,9:49:47,2019-10-13 09:49:47,G,4,3,2865,694,0,4,-61.8326,-58.021,06:02.2,FastGPS,-61.8285,-58.0254,,,0.3,-0.3,,,,15,7,1089,,,,2,10274,,,,30,1756,,,,5,12902,,,,,,,,,,,,,,,,,,,,,,,,,,,,,,,,,,,,,,,,,,,,,,,,,,,,,,,,,,
180843,13-Oct-19,10:50:00,2019-10-13 10:50:00,G,2,3,2866,694,0,7,-61.8496,-58.0309,50:01.2,FastGPS,-61.8496,-58.0309,,,8,-1.8,,,,15,5,24742,,,,30,12211,,,,7,14903,,,,13,21828,,,,16,23872,,,,21,28113,,,,9,16982,,,,,,,,,,,,,,,,,,,,,,,,,,,,,,,,,,,,,,,,,,,
180843,13-Oct-19,11:52:58,2019-10-13 11:52:58,G,2,3,2867,694,0,5,-61.8616,-58.0029,53:00.1,FastGPS,-61.8616,-58.0029,,,4.4,-0.9,,,,15,7,2018,,,,30,10192,,,,13,16996,,,,15,22246,,,,27,15311,,,,,,,,,,,,,,,,,,,,,,,,,,,,,,,,,,,,,,,,,,,,,,,,,,,,,
180843,13-Oct-19,13:16:01,2019-10-13 13:16:01,G,10,3,2868,695,0,4,-61.8285,-58.0254,49:49.7,FastGPS,-61.8549,-57.9931,,,0.6,-0.8,,,,15,15,16526,,,,28,21190,,,,30,28259,,,,13,19762,,,,,,,,,,,,,,,,,,,,,,,,,,,,,,,,,,,,,,,,,,,,,,,,,,,,,,,,,,
180843,13-Oct-19,14:16:13,2019-10-13 14:16:13,G,2,3,2869,695,0,7,-61.8531,-57.9951,16:15.6,FastGPS,-61.8531,-57.9951,,1,24,-0.4,,,,15,15,4132,,,,11,15201,,,,13,10050,,,,24,23085,,,,1,23544,,,,28,9671,,,,18,24616,,,,,,,,,,,,,,,,,,,,,,,,,,,,,,,,,,,,,,,,,,,
180843,13-Oct-19,15:16:02,2019-10-13 15:16:02,G,4,3,2870,,0,9,-61.8471,-58.003,16:04.7,FastGPS,-61.8471,-58.003,,,8.2,-0.3,,,,15,17,2083,,,,24,23424,,,,19,11214,,,,28,26501,,,,1,11201,,,,12,26808,,,,11,21218,,,,10,15049,,,,15,31457,,,,,,,,,,,,,,,,,,,,,,,,,,,,,,,,,
180843,13-Oct-19,16:16:00,2019-10-13 16:16:00,G,4,3,2871,695,1,6,-61.8456,-58.0038,16:01.2,FastGPS,-61.8456,-58.0038,,,6.9,-1.8,,,,15,15,32282,,,,19,26809,,,,17,20982,,,,24,15098,,,,12,19582,,,,6,26494,,,,,,,,,,,,,,,,,,,,,,,,,,,,,,,,,,,,,,,,,,,,,,,,
180843,13-Oct-19,21:23:32,2019-10-13 21:23:32,G,6,3,2872,695,0,4,-61.8285,-58.0254,49:49.7,FastGPS,-61.8593,-57.9621,,,0.5,-0.8,,,,15,29,26760,,,,5,28353,,,,26,17889,,,,25,32698,,,,,,,,,,,,,,,,,,,,,,,,,,,,,,,,,,,,,,,,,,,,,,,,,,,,,,,,,,
180843,13-Oct-19,22:25:20,2019-10-13 22:25:20,G,6,3,2873,695,0,5,-61.8583,-57.9601,25:22.7,FastGPS,-61.8583,-57.9601,,,11.7,-0.3,,,,15,29,26435,,,,16,20686,,,,26,15526,,,,21,7451,,,,5,18597,,,,,,,,,,,,,,,,,,,,,,,,,,,,,,,,,,,,,,,,,,,,,,,,,,,,,
180843,13-Oct-19,23:25:00,2019-10-13 23:25:00,G,4,3,2874,,0,9,-61.8536,-57.9335,25:01.2,FastGPS,-61.8536,-57.9335,,,6.7,-1.8,,,,15,15,19376,,,,27,6832,,,,29,24724,,,,16,5296,,,,13,8181,,,,21,22523,,,,5,22160,,,,7,16871,,,,26,19688,,,,,,,,,,,,,,,,,,,,,,,,,,,,,,,,,
180843,14-Oct-19,0:25:06,2019-10-14 00:25:06,G,10,3,2875,695,0,7,-61.8438,-57.8936,25:08.7,FastGPS,-61.8438,-57.8936,,,4.9,-0.3,,,,15,15,24432,,,,8,17595,,,,27,7708,,,,21,13785,,,,13,18721,,,,10,1759,,,,20,9552,,,,,,,,,,,,,,,,,,,,,,,,,,,,,,,,,,,,,,,,,,,
180843,14-Oct-19,1:25:08,2019-10-14 01:25:08,G,6,3,2876,695,0,8,-61.828,-57.8477,25:10.7,FastGPS,-61.828,-57.8477,,,9.7,-0.3,,,,15,15,25987,,,,21,23934,,,,10,22381,,,,13,20376,,,,27,8888,,,,8,379,,,,28,18718,,,,30,31131,,,,,,,,,,,,,,,,,,,,,,,,,,,,,,,,,,,,,,
180843,14-Oct-19,2:25:00,2019-10-14 02:25:00,G,4,3,2877,,0,9,-61.8451,-57.8633,25:02.2,FastGPS,-61.8451,-57.8633,,1,6,-0.8,,,,15,27,5140,,,,32,585,,,,10,4220,,,,8,16032,,,,18,31267,,,,1,3487,,,,11,29415,,,,28,1264,,,,14,21691,,,,,,,,,,,,,,,,,,,,,,,,,,,,,,,,,
180843,14-Oct-19,3:25:38,2019-10-14 03:25:38,G,4,3,2878,695,0,6,-61.836,-57.8763,25:40.2,FastGPS,-61.836,-57.8763,,,2.7,-0.8,,,,15,32,21795,,,,10,2366,,,,8,7092,,,,22,15832,,,,14,14500,,,,1,13729,,,,,,,,,,,,,,,,,,,,,,,,,,,,,,,,,,,,,,,,,,,,,,,,
180843,14-Oct-19,4:27:41,2019-10-14 04:27:41,G,2,3,2879,,0,9,-61.8508,-57.879,27:43.7,FastGPS,-61.8508,-57.879,,1,11.3,-0.3,,,,15,11,12246,,,,18,25905,,,,17,24275,,,,1,12915,,,,22,29238,,,,3,16030,,,,32,22715,,,,14,27933,,,,19,17804,,,,,,,,,,,,,,,,,,,,,,,,,,,,,,,,,
180843,14-Oct-19,5:30:49,2019-10-14 05:30:49,G,4,3,2880,,0,9,-61.8579,-57.9507,30:51.7,FastGPS,-61.8579,-57.9507,,1,13.6,-0.3,,,,15,18,27146,,,,1,27176,,,,17,11830,,,,11,24901,,,,23,70,,,,19,16229,,,,3,22317,,,,22,1441,,,,12,25334,,,,,,,,,,,,,,,,,,,,,,,,,,,,,,,,,
180843,14-Oct-19,6:31:00,2019-10-14 06:31:00,G,6,3,2881,,0,9,-61.8657,-57.9894,31:02.2,FastGPS,-61.8657,-57.9894,,,12.9,-0.8,,,,15,31,18868,,,,22,12033,,,,23,11170,,,,3,27828,,,,17,2591,,,,14,16503,,,,1,30451,,,,19,5357,,,,9,1881,,,,,,,,,,,,,,,,,,,,,,,,,,,,,,,,,
180843,14-Oct-19,7:31:00,2019-10-14 07:31:00,G,6,3,2882,695,0,7,-61.8612,-58.0234,31:02.2,FastGPS,-61.8612,-58.0234,,,2.8,-0.8,,,,15,31,20230,,,,26,32530,,,,9,6579,,,,22,24764,,,,3,21163,,,,23,25736,,,,6,3092,,,,,,,,,,,,,,,,,,,,,,,,,,,,,,,,,,,,,,,,,,,
180843,14-Oct-19,8:44:24,2019-10-14 08:44:24,G,6,3,2883,695,0,7,-61.8632,-58.0229,44:26.2,FastGPS,-61.8632,-58.0229,,,13.6,-0.8,,,,15,29,32356,,,,16,4781,,,,3,30900,,,,26,18891,,,,2,7398,,,,23,12288,,,,7,10661,,,,,,,,,,,,,,,,,,,,,,,,,,,,,,,,,,,,,,,,,,,
180843,14-Oct-19,9:44:18,2019-10-14 09:44:18,G,6,3,2884,695,0,5,-61.8808,-57.9857,44:20.7,FastGPS,-61.8808,-57.9857,,,4.4,-0.3,,,,15,7,16006,,,,5,26444,,,,23,16417,,,,2,651,,,,30,13530,,,,,,,,,,,,,,,,,,,,,,,,,,,,,,,,,,,,,,,,,,,,,,,,,,,,,
180843,14-Oct-19,10:47:07,2019-10-14 10:47:07,G,6,3,2885,695,0,6,-61.8663,-57.9466,47:09.7,FastGPS,-61.8663,-57.9466,,,6.1,-0.3,,,,15,16,14075,,,,9,6463,,,,7,8360,,,,27,17205,,,,8,16452,,,,5,19788,,,,,,,,,,,,,,,,,,,,,,,,,,,,,,,,,,,,,,,,,,,,,,,,
180843,14-Oct-19,11:47:42,2019-10-14 11:47:42,G,10,3,2886,695,0,7,-61.8606,-57.8808,47:44.7,FastGPS,-61.8606,-57.8808,,,5.6,-0.3,,,,15,27,20099,,,,7,9842,,,,9,30532,,,,8,29989,,,,5,17679,,,,30,13700,,,,28,22531,,,,,,,,,,,,,,,,,,,,,,,,,,,,,,,,,,,,,,,,,,,
180843,14-Oct-19,12:53:33,2019-10-14 12:53:33,G,8,3,2887,695,0,4,-61.9143,-57.7027,55:51.7,FastGPS,-61.8573,-57.8036,,,0.2,-0.4,,,,15,15,14065,,,,7,15675,,,,13,28986,,,,30,31615,,,,,,,,,,,,,,,,,,,,,,,,,,,,,,,,,,,,,,,,,,,,,,,,,,,,,,,,,,
180843,14-Oct-19,14:05:06,2019-10-14 14:05:06,G,2,3,2888,,0,9,-61.8496,-57.7877,05:08.7,FastGPS,-61.8496,-57.7877,,1,14.5,-0.3,,,,15,15,2709,,,,11,15350,,,,10,22014,,,,13,27764,,,,17,28875,,,,30,7546,,,,20,22962,,,,28,18621,,,,18,17592,,,,,,,,,,,,,,,,,,,,,,,,,,,,,,,,,
180843,14-Oct-19,15:09:50,2019-10-14 15:09:50,G,6,3,2889,695,0,8,-61.8792,-57.7724,09:52.7,FastGPS,-61.8792,-57.7724,,1,10.4,-0.3,,,,15,12,26668,,,,24,26517,,,,15,13189,,,,17,8961,,,,1,21324,,,,11,4646,,,,28,12953,,,,18,2560,,,,,,,,,,,,,,,,,,,,,,,,,,,,,,,,,,,,,,
180843,14-Oct-19,16:10:00,2019-10-14 16:10:00,G,2,3,2890,,0,9,-61.9052,-57.7334,10:02.2,FastGPS,-61.9052,-57.7334,,,17.6,-0.8,,,,15,12,19217,,,,17,31875,,,,32,4201,,,,24,20291,,,,19,1128,,,,15,12730,,,,28,24886,,,,6,25588,,,,22,9682,,,,,,,,,,,,,,,,,,,,,,,,,,,,,,,,,
180843,14-Oct-19,17:16:11,2019-10-14 17:16:11,G,2,3,2891,,0,9,-61.9025,-57.7138,16:13.2,FastGPS,-61.9025,-57.7138,,,6.7,-0.8,,,,15,17,6871,,,,2,1795,,,,3,24789,,,,6,11370,,,,12,27592,,,,22,8496,,,,19,84,,,,14,25195,,,,32,4349,,,,,,,,,,,,,,,,,,,,,,,,,,,,,,,,,
180843,14-Oct-19,18:23:10,2019-10-14 18:23:10,G,2,3,2892,695,0,6,-61.9019,-57.7141,23:12.2,FastGPS,-61.9019,-57.7141,,,7.8,-0.8,,,,15,6,12070,,,,19,30878,,,,2,15249,,,,25,6900,,,,12,27381,,,,29,10537,,,,,,,,,,,,,,,,,,,,,,,,,,,,,,,,,,,,,,,,,,,,,,,,
180843,14-Oct-19,20:55:49,2019-10-14 20:55:49,G,4,3,2893,696,0,4,-61.8767,-57.3519,21:13.2,FastGPS,-61.9143,-57.7027,,,0.3,-0.3,,,,15,5,204,,,,29,11639,,,,25,24027,,,,2,3149,,,,,,,,,,,,,,,,,,,,,,,,,,,,,,,,,,,,,,,,,,,,,,,,,,,,,,,,,,
180843,14-Oct-19,22:16:33,2019-10-14 22:16:33,G,10,3,2894,696,0,6,-61.8914,-57.6864,16:35.7,FastGPS,-61.8914,-57.6864,,,12.2,-0.3,,,,15,21,18511,,,,29,2293,,,,16,1200,,,,5,22982,,,,26,10122,,,,27,13042,,,,,,,,,,,,,,,,,,,,,,,,,,,,,,,,,,,,,,,,,,,,,,,,
180843,14-Oct-19,23:18:00,2019-10-14 23:18:00,G,8,3,2895,696,0,7,-61.8965,-57.6182,18:02.2,FastGPS,-61.8965,-57.6182,,,13.5,-0.8,,,,15,15,4593,,,,27,19410,,,,16,30778,,,,5,27699,,,,29,30686,,,,7,8300,,,,13,29533,,,,,,,,,,,,,,,,,,,,,,,,,,,,,,,,,,,,,,,,,,,
180843,15-Oct-19,0:20:19,2019-10-15 00:20:19,G,10,3,2896,696,0,5,-61.8696,-57.5082,20:21.2,FastGPS,-61.8696,-57.5082,,,10.3,-0.8,,,,15,27,12240,,,,21,23918,,,,13,27671,,,,15,32592,,,,20,16330,,,,,,,,,,,,,,,,,,,,,,,,,,,,,,,,,,,,,,,,,,,,,,,,,,,,,
180843,15-Oct-19,1:20:14,2019-10-15 01:20:14,G,2,3,2897,,0,9,-61.8638,-57.41,20:16.7,FastGPS,-61.8638,-57.41,,1,14.1,-0.3,,,,15,8,9936,,,,18,4581,,,,15,8987,,,,11,23296,,,,27,21474,,,,21,9399,,,,10,1666,,,,20,5660,,,,24,8722,,,,,,,,,,,,,,,,,,,,,,,,,,,,,,,,,
180843,15-Oct-19,2:21:11,2019-10-15 02:21:11,G,2,3,2898,,0,9,-61.8767,-57.3519,21:13.2,FastGPS,-61.8767,-57.3519,,1,11.5,-0.8,,,,15,10,5200,,,,18,30287,,,,11,28119,,,,1,2330,,,,20,3787,,,,28,788,,,,8,14201,,,,32,2761,,,,24,2296,,,,,,,,,,,,,,,,,,,,,,,,,,,,,,,,,
180843,15-Oct-19,3:22:31,2019-10-15 03:22:31,G,2,3,2899,696,0,6,-61.8828,-57.3006,22:33.7,FastGPS,-61.8828,-57.3006,,,11.9,-0.3,,,,15,14,11397,,,,24,12148,,,,10,27188,,,,32,17193,,,,17,32197,,,,1,7802,,,,,,,,,,,,,,,,,,,,,,,,,,,,,,,,,,,,,,,,,,,,,,,,
180843,15-Oct-19,4:29:40,2019-10-15 04:29:40,G,2,3,2900,,0,9,-61.8832,-57.2694,29:41.7,FastGPS,-61.8832,-57.2694,,1,8.6,-1.3,,,,15,17,25995,,,,32,123,,,,1,3529,,,,14,20456,,,,22,54,,,,19,27373,,,,3,25786,,,,18,4633,,,,31,31676,,,,,,,,,,,,,,,,,,,,,,,,,,,,,,,,,
180843,15-Oct-19,6:34:04,2019-10-15 06:34:04,G,2,3,2902,696,0,4,-61.9143,-57.7027,55:51.7,FastGPS,-61.887,-57.1564,,,0.4,-1.2,,,,15,31,26316,,,,22,4914,,,,23,8461,,,,6,21629,,,,,,,,,,,,,,,,,,,,,,,,,,,,,,,,,,,,,,,,,,,,,,,,,,,,,,,,,,
180843,15-Oct-19,7:34:46,2019-10-15 07:34:46,G,8,3,2903,696,0,7,-61.8866,-57.0894,34:47.2,FastGPS,-61.8866,-57.0894,,,6.2,-1.8,,,,15,22,25647,,,,31,30145,,,,23,28764,,,,3,32486,,,,26,25416,,,,2,7155,,,,9,28377,,,,,,,,,,,,,,,,,,,,,,,,,,,,,,,,,,,,,,,,,,,
180843,15-Oct-19,8:35:09,2019-10-15 08:35:09,G,4,3,2904,696,0,7,-61.8792,-57.0171,35:11.2,FastGPS,-61.8792,-57.0171,,,6.8,-0.8,,,,15,29,22397,,,,9,14153,,,,26,18239,,,,2,29628,,,,7,9198,,,,3,17038,,,,16,23802,,,,,,,,,,,,,,,,,,,,,,,,,,,,,,,,,,,,,,,,,,,
180843,15-Oct-19,9:41:43,2019-10-15 09:41:43,G,10,3,2905,696,0,6,-61.863,-56.9595,41:45.3,FastGPS,-61.863,-56.9595,,,9,-0.7,,,,15,23,1298,,,,16,14828,,,,7,4656,,,,30,2697,,,,9,635,,,,26,29768,,,,,,,,,,,,,,,,,,,,,,,,,,,,,,,,,,,,,,,,,,,,,,,,
180843,15-Oct-19,10:57:00,2019-10-15 10:57:00,G,10,3,2906,697,1,4,-61.6988,-56.5637,19:02.2,FastGPS,-61.8586,-56.9169,,,0.7,-0.8,,,,15,5,14155,,,,7,17038,,,,30,26658,,,,13,29910,,,,,,,,,,,,,,,,,,,,,,,,,,,,,,,,,,,,,,,,,,,,,,,,,,,,,,,,,,
180843,15-Oct-19,11:57:00,2019-10-15 11:57:00,G,6,3,2907,697,1,7,-61.8519,-56.9105,57:02.2,FastGPS,-61.8519,-56.9105,,,4.1,-0.8,,,,15,7,25857,,,,27,32070,,,,9,26766,,,,8,14785,,,,30,2410,,,,21,6953,,,,13,11743,,,,,,,,,,,,,,,,,,,,,,,,,,,,,,,,,,,,,,,,,,,
180843,15-Oct-19,21:16:27,2019-10-15 21:16:27,G,4,3,2908,697,0,6,-61.7228,-56.7301,16:29.2,FastGPS,-61.7228,-56.7301,,,18.4,-0.8,,,,15,16,12498,,,,5,22277,,,,26,3521,,,,29,15817,,,,31,6203,,,,21,32374,,,,,,,,,,,,,,,,,,,,,,,,,,,,,,,,,,,,,,,,,,,,,,,,
180843,15-Oct-19,23:19:00,2019-10-15 23:19:00,G,4,3,2910,,0,9,-61.6988,-56.5637,19:02.2,FastGPS,-61.6988,-56.5637,,,8.4,-0.8,,,,15,16,22539,,,,15,23879,,,,26,405,,,,27,32131,,,,5,8341,,,,7,2661,,,,10,5313,,,,13,7609,,,,20,20679,,,,,,,,,,,,,,,,,,,,,,,,,,,,,,,,,
180843,16-Oct-19,0:19:34,2019-10-16 00:19:34,G,2,3,2911,697,0,8,-61.6995,-56.4819,19:36.2,FastGPS,-61.6995,-56.4819,,,19.1,,,,,15,15,14454,,,,27,24209,,,,13,1068,,,,8,5735,,,,21,26844,,,,16,5395,,,,30,18247,,,,7,27704,,,,,,,,,,,,,,,,,,,,,,,,,,,,,,,,,,,,,,
