Name,Day,Time,Date,lc,Count,Time Offset,LocNumber,Failures,Hauled Out,Satellites,InitLat,InitLon,InitTime,InitType,Latitude,Longitude,Height,Bad Sats,Residual,Time Error,TWIC Power,Fastloc Power,Noise,Range Bits,Id,Range,Signal,Doppler,CNR,Id,Range,Signal,Doppler,CNR,Id,Range,Signal,Doppler,CNR,Id,Range,Signal,Doppler,CNR,Id,Range,Signal,Doppler,CNR,Id,Range,Signal,Doppler,CNR,Id,Range,Signal,Doppler,CNR,Id,Range,Signal,Doppler,CNR,Id,Range,Signal,Doppler,CNR,Id,Range,Signal,Doppler,CNR,Id,Range,Signal,Doppler,CNR,Id,Range,Signal,Doppler,CNR,Id,Range,Signal,Doppler,CNR,Id,Range,Signal,Doppler,CNR,Id,Range,Signal,Doppler,CNR
180853,13-May-19,15:03:06,2019-05-13 15:03:06,G,20,1,30,1,0,6,-62.466,-60.777,03:06.6,FastGPS,-62.466,-60.777,,,5.5,-0.4,,,,15,32,22211,,,,31,14643,,,,14,11975,,,,18,8688,,,,3,27667,,,,17,17071,,,,,,,,,,,,,,,,,,,,,,,,,,,,,,,,,,,,,,,,,,,,,,,,
180853,13-May-19,16:22:08,2019-05-13 16:22:08,G,22,1,31,,0,9,-62.4408,-60.7432,22:09.1,FastGPS,-62.4408,-60.7432,,,6.6,0.1,,,,15,31,15100,,,,1,13252,,,,3,17940,,,,22,16432,,,,12,6528,,,,23,14145,,,,14,19278,,,,11,32578,,,,17,20579,,,,,,,,,,,,,,,,,,,,,,,,,,,,,,,,,
180853,13-May-19,17:48:07,2019-05-13 17:48:07,G,14,1,32,3,0,6,-62.427,-60.8061,48:08.6,FastGPS,-62.427,-60.8061,,,7.4,0.6,,,,15,31,6045,,,,9,30952,,,,6,12559,,,,25,24618,,,,23,22280,,,,2,29370,,,,,,,,,,,,,,,,,,,,,,,,,,,,,,,,,,,,,,,,,,,,,,,,
180853,13-May-19,19:10:42,2019-05-13 19:10:42,G,14,1,33,4,0,8,-62.4274,-60.8092,10:43.1,FastGPS,-62.4274,-60.8092,,1,10.2,0.1,,,,15,29,12787,,,,4,19058,,,,26,23674,,,,2,26097,,,,16,11731,,,,7,3786,,,,6,31444,,,,5,25894,,,,,,,,,,,,,,,,,,,,,,,,,,,,,,,,,,,,,,
180853,13-May-19,20:11:15,2019-05-13 20:11:15,G,8,1,34,4,0,8,-62.4489,-60.8144,11:15.1,FastGPS,-62.4489,-60.8144,,1,6.4,-0.9,,,,15,7,24959,,,,26,2615,,,,9,4857,,,,16,29853,,,,5,28374,,,,4,25653,,,,29,24103,,,,30,5651,,,,,,,,,,,,,,,,,,,,,,,,,,,,,,,,,,,,,,
180853,13-May-19,21:26:01,2019-05-13 21:26:01,G,10,1,35,5,0,6,-62.4527,-60.8024,26:01.6,FastGPS,-62.4527,-60.8024,,,14.3,-0.4,,,,15,9,17073,,,,27,3311,,,,8,14856,,,,30,29663,,,,7,28108,,,,13,18512,,,,,,,,,,,,,,,,,,,,,,,,,,,,,,,,,,,,,,,,,,,,,,,,
180853,13-May-19,22:26:35,2019-05-13 22:26:35,G,8,1,36,5,0,8,-62.4519,-60.8025,26:36.1,FastGPS,-62.4519,-60.8025,,1,5.3,0.1,,,,15,13,4162,,,,7,16494,,,,9,6390,,,,8,13431,,,,27,28488,,,,30,17175,,,,4,18973,,,,5,15244,,,,,,,,,,,,,,,,,,,,,,,,,,,,,,,,,,,,,,
180853,13-May-19,23:41:00,2019-05-13 23:41:00,G,10,1,37,,0,9,-62.4519,-60.8021,41:00.6,FastGPS,-62.4519,-60.8021,,,12.5,-0.4,,,,15,15,30385,,,,13,24698,,,,30,19804,,,,8,26319,,,,7,21737,,,,18,10753,,,,11,13697,,,,20,25691,,,,28,25253,,,,,,,,,,,,,,,,,,,,,,,,,,,,,,,,,
180853,14-May-19,0:41:05,2019-05-14 00:41:05,G,6,1,38,,0,9,-62.4523,-60.8005,41:05.1,FastGPS,-62.4523,-60.8005,,,4.8,-0.9,,,,15,15,24665,,,,18,27158,,,,1,20731,,,,10,24099,,,,28,4539,,,,11,3916,,,,13,21589,,,,8,8940,,,,30,28123,,,,,,,,,,,,,,,,,,,,,,,,,,,,,,,,,
180853,14-May-19,1:56:01,2019-05-14 01:56:01,G,10,1,39,7,0,7,-62.4545,-60.7873,56:01.1,FastGPS,-62.4545,-60.7873,,,7,-0.9,,,,15,24,23915,,,,18,6510,,,,17,18225,,,,11,7353,,,,10,23899,,,,19,6195,,,,32,25052,,,,,,,,,,,,,,,,,,,,,,,,,,,,,,,,,,,,,,,,,,,
180853,14-May-19,4:11:02,2019-05-14 04:11:02,G,6,1,41,8,0,7,-62.4547,-60.8354,11:02.6,FastGPS,-62.4547,-60.8354,,,7.4,-0.4,,,,15,12,14312,,,,32,25683,,,,24,7657,,,,14,17729,,,,25,11702,,,,2,18107,,,,6,15788,,,,,,,,,,,,,,,,,,,,,,,,,,,,,,,,,,,,,,,,,,,
180853,14-May-19,5:11:01,2019-05-14 05:11:01,G,2,1,42,8,0,5,-62.4745,-60.8393,11:01.7,FastGPS,-62.4745,-60.8393,,,3.9,-0.3,,,,15,12,10393,,,,25,25947,,,,6,30187,,,,31,2859,,,,29,915,,,,,,,,,,,,,,,,,,,,,,,,,,,,,,,,,,,,,,,,,,,,,,,,,,,,,
180853,14-May-19,6:27:13,2019-05-14 06:27:13,G,4,1,43,9,0,5,-62.4782,-60.8436,27:14.5,FastGPS,-62.4782,-60.8436,,,1.4,0.5,,,,15,31,8779,,,,29,16251,,,,25,12274,,,,26,10262,,,,2,5607,,,,,,,,,,,,,,,,,,,,,,,,,,,,,,,,,,,,,,,,,,,,,,,,,,,,,
180853,14-May-19,7:29:36,2019-05-14 07:29:36,G,4,1,44,9,0,7,-62.4859,-60.8567,29:37.1,FastGPS,-62.4859,-60.8567,,,13.6,0.1,,,,15,29,1329,,,,5,25779,,,,26,31418,,,,31,8964,,,,16,12872,,,,25,1819,,,,23,1731,,,,,,,,,,,,,,,,,,,,,,,,,,,,,,,,,,,,,,,,,,,
180853,14-May-19,8:29:06,2019-05-14 08:29:06,G,2,1,45,9,0,5,-62.4888,-60.8429,29:07.1,FastGPS,-62.4888,-60.8429,,,2.8,0.1,,,,15,29,24028,,,,5,30995,,,,26,27127,,,,16,10962,,,,21,7566,,,,,,,,,,,,,,,,,,,,,,,,,,,,,,,,,,,,,,,,,,,,,,,,,,,,,
180853,14-May-19,10:15:54,2019-05-14 10:15:54,G,2,1,46,12,0,6,-62.4696,-60.9429,15:55.1,FastGPS,-62.4696,-60.9429,,,4.9,0.1,,,,15,10,32419,,,,26,26689,,,,15,14599,,,,21,30790,,,,27,10412,,,,16,2890,,,,,,,,,,,,,,,,,,,,,,,,,,,,,,,,,,,,,,,,,,,,,,,,
180853,14-May-19,11:18:26,2019-05-14 11:18:26,G,2,1,47,12,0,5,-62.4257,-60.9159,18:27.1,FastGPS,-62.4257,-60.9159,,,9.1,0.1,,,,15,15,13956,,,,21,17051,,,,27,6149,,,,10,13901,,,,16,27666,,,,,,,,,,,,,,,,,,,,,,,,,,,,,,,,,,,,,,,,,,,,,,,,,,,,,
180853,14-May-19,14:18:02,2019-05-14 14:18:02,G,2,1,49,,0,9,-62.345,-61.0671,18:02.1,FastGPS,-62.345,-61.0671,,,18.7,-0.9,,,,15,32,31645,,,,17,17941,,,,11,7794,,,,14,6210,,,,22,24194,,,,3,29531,,,,8,32245,,,,1,4064,,,,18,22148,,,,,,,,,,,,,,,,,,,,,,,,,,,,,,,,,
180853,14-May-19,17:08:18,2019-05-14 17:08:18,G,2,1,51,19,0,8,-62.4584,-60.9198,08:18.5,FastGPS,-62.4584,-60.9198,,,6,-0.5,,,,15,23,13492,,,,6,27267,,,,31,2942,,,,3,7602,,,,22,1350,,,,25,5579,,,,12,2887,,,,19,29195,,,,,,,,,,,,,,,,,,,,,,,,,,,,,,,,,,,,,,
180853,14-May-19,18:08:23,2019-05-14 18:08:23,G,4,1,52,19,0,6,-62.482,-60.853,08:23.5,FastGPS,-62.482,-60.853,,1,3,-0.5,,,,15,9,18433,,,,23,2912,,,,2,18768,,,,3,21492,,,,6,30582,,,,4,22586,,,,,,,,,,,,,,,,,,,,,,,,,,,,,,,,,,,,,,,,,,,,,,,,
180853,14-May-19,19:39:13,2019-05-14 19:39:13,G,6,1,53,,0,9,-62.5123,-60.8539,39:13.5,FastGPS,-62.5123,-60.8539,,1,5.3,-0.5,,,,15,29,20414,,,,7,21017,,,,5,27563,,,,9,3243,,,,23,26527,,,,4,8617,,,,26,12328,,,,2,8179,,,,16,26834,,,,,,,,,,,,,,,,,,,,,,,,,,,,,,,,,
180853,14-May-19,22:41:15,2019-05-14 22:41:15,G,2,1,56,21,0,7,-62.5814,-60.914,41:16.5,FastGPS,-62.5814,-60.914,,,6.8,0.5,,,,15,15,7832,,,,5,25270,,,,13,23192,,,,28,21575,,,,30,28209,,,,21,24185,,,,27,4577,,,,,,,,,,,,,,,,,,,,,,,,,,,,,,,,,,,,,,,,,,,
180853,14-May-19,23:41:24,2019-05-14 23:41:24,G,2,1,57,21,0,6,-62.5905,-60.9642,41:25.0,FastGPS,-62.5905,-60.9642,,,5.2,0,,,,15,20,12233,,,,13,196,,,,15,18527,,,,28,7321,,,,10,27474,,,,24,13490,,,,,,,,,,,,,,,,,,,,,,,,,,,,,,,,,,,,,,,,,,,,,,,,
180853,15-May-19,0:41:03,2019-05-15 00:41:03,G,8,1,58,21,0,6,-62.6195,-60.9783,5/15/2019 0:41,FastGPS,-62.6195,-60.9783,,,17.7,0,,,,15,17,26549,,,,13,30319,,,,15,12563,,,,19,10997,,,,28,18248,,,,24,2584,,,,,,,,,,,,,,,,,,,,,,,,,,,,,,,,,,,,,,,,,,,,,,,,
180853,15-May-19,1:41:11,2019-05-15 01:41:11,G,2,1,59,,0,9,-62.6174,-60.9791,41:12.0,FastGPS,-62.6174,-60.9791,,,17.5,0,,,,15,15,28399,,,,24,23154,,,,28,11504,,,,11,27370,,,,1,17582,,,,18,18223,,,,10,2575,,,,12,10813,,,,17,27820,,,,,,,,,,,,,,,,,,,,,,,,,,,,,,,,,
180853,15-May-19,2:41:01,2019-05-15 02:41:01,G,6,1,60,21,0,5,-62.6131,-61.0034,41:02.0,FastGPS,-62.6131,-61.0034,,,3.2,0,,,,15,17,21328,,,,24,9145,,,,19,5928,,,,6,4287,,,,12,30152,,,,,,,,,,,,,,,,,,,,,,,,,,,,,,,,,,,,,,,,,,,,,,,,,,,,,
180853,15-May-19,3:41:00,2019-05-15 03:41:00,G,6,1,61,,0,9,-62.6073,-60.9959,41:00.5,FastGPS,-62.6073,-60.9959,,,7.6,-0.5,,,,15,19,11213,,,,12,26901,,,,32,18599,,,,6,4203,,,,24,31142,,,,17,32555,,,,25,24668,,,,14,31822,,,,22,22295,,,,,,,,,,,,,,,,,,,,,,,,,,,,,,,,,
180853,15-May-19,4:57:48,2019-05-15 04:57:48,G,10,1,62,22,0,8,-62.6035,-60.9927,57:48.0,FastGPS,-62.6035,-60.9927,,,8.3,-1,,,,15,12,25326,,,,31,5191,,,,29,29310,,,,32,2607,,,,2,28432,,,,25,12755,,,,14,265,,,,6,13202,,,,,,,,,,,,,,,,,,,,,,,,,,,,,,,,,,,,,,
180853,15-May-19,6:17:15,2019-05-15 06:17:15,G,8,1,63,23,0,7,-62.6125,-61.0303,17:15.5,FastGPS,-62.6125,-61.0303,,,10.2,-0.5,,,,15,12,16145,,,,31,27954,,,,29,25359,,,,5,21637,,,,25,6937,,,,26,4210,,,,2,5739,,,,,,,,,,,,,,,,,,,,,,,,,,,,,,,,,,,,,,,,,,,
180853,15-May-19,7:17:11,2019-05-15 07:17:11,G,2,1,64,23,0,6,-62.5944,-61.1049,17:11.5,FastGPS,-62.5944,-61.1049,,,6.9,-0.5,,,,15,31,11869,,,,29,19291,,,,25,9948,,,,21,15400,,,,5,23679,,,,26,17325,,,,,,,,,,,,,,,,,,,,,,,,,,,,,,,,,,,,,,,,,,,,,,,,
180853,15-May-19,8:33:44,2019-05-15 08:33:44,G,4,1,65,24,0,6,-62.5762,-61.172,33:44.6,FastGPS,-62.5762,-61.172,,,9.2,-0.4,,,,15,29,3710,,,,26,5873,,,,21,12721,,,,16,16456,,,,27,24255,,,,5,23176,,,,,,,,,,,,,,,,,,,,,,,,,,,,,,,,,,,,,,,,,,,,,,,,
180853,15-May-19,9:50:00,2019-05-15 09:50:00,G,2,1,66,25,0,7,-62.5774,-61.1887,50:01.0,FastGPS,-62.5774,-61.1887,,,15.2,0,,,,15,16,16346,,,,27,24682,,,,7,6021,,,,13,6324,,,,21,12793,,,,30,3534,,,,15,11126,,,,,,,,,,,,,,,,,,,,,,,,,,,,,,,,,,,,,,,,,,,
180853,15-May-19,10:50:26,2019-05-15 10:50:26,G,2,1,67,25,0,5,-62.5869,-61.216,5/15/2019 10:50,FastGPS,-62.5869,-61.216,,,10.1,0,,,,15,10,22503,,,,16,31835,,,,27,31297,,,,15,29817,,,,20,16981,,,,,,,,,,,,,,,,,,,,,,,,,,,,,,,,,,,,,,,,,,,,,,,,,,,,,
180853,15-May-19,11:50:16,2019-05-15 11:50:16,G,4,1,68,25,0,6,-62.5925,-61.2129,50:17.5,FastGPS,-62.5925,-61.2129,,,6.3,0.5,,,,15,10,30558,,,,20,24626,,,,27,14530,,,,11,9755,,,,18,8586,,,,32,9684,,,,,,,,,,,,,,,,,,,,,,,,,,,,,,,,,,,,,,,,,,,,,,,,
180853,15-May-19,14:22:41,2019-05-15 14:22:41,G,2,1,70,,0,9,-62.5888,-61.2204,22:41.0,FastGPS,-62.5888,-61.2204,,,11.3,-1,,,,15,17,87,,,,18,28321,,,,22,31540,,,,11,14958,,,,1,32548,,,,32,7189,,,,14,31832,,,,24,12258,,,,28,11902,,,,,,,,,,,,,,,,,,,,,,,,,,,,,,,,,
180853,15-May-19,15:40:15,2019-05-15 15:40:15,G,4,1,71,,0,9,-62.5926,-61.2091,40:15.5,FastGPS,-62.5926,-61.2091,,,5.7,-0.5,,,,15,32,23354,,,,31,22184,,,,3,26800,,,,14,15799,,,,1,22165,,,,11,12067,,,,17,27987,,,,18,17432,,,,22,27897,,,,,,,,,,,,,,,,,,,,,,,,,,,,,,,,,
180853,15-May-19,16:40:03,2019-05-15 16:40:03,G,2,1,72,28,0,6,-62.5911,-61.2135,40:03.5,FastGPS,-62.5911,-61.2135,,,9.5,-0.5,,,,15,31,32633,,,,23,21208,,,,3,17557,,,,22,26014,,,,1,10500,,,,17,8812,,,,,,,,,,,,,,,,,,,,,,,,,,,,,,,,,,,,,,,,,,,,,,,,
180853,15-May-19,21:16:57,2019-05-15 21:16:57,G,2,1,74,33,0,6,-62.5769,-61.1937,16:58.5,FastGPS,-62.5769,-61.1937,,1,16.2,0.5,,,,15,7,29503,,,,5,2173,,,,30,28933,,,,4,18660,,,,13,17818,,,,9,19067,,,,,,,,,,,,,,,,,,,,,,,,,,,,,,,,,,,,,,,,,,,,,,,,
180853,16-May-19,1:03:36,2019-05-16 01:03:36,G,4,1,77,36,0,6,-62.5849,-61.1823,03:37.5,FastGPS,-62.5849,-61.1823,,,7.3,0.5,,,,15,19,4055,,,,17,4929,,,,28,26483,,,,13,17177,,,,15,31172,,,,10,19113,,,,,,,,,,,,,,,,,,,,,,,,,,,,,,,,,,,,,,,,,,,,,,,,
180853,16-May-19,2:19:38,2019-05-16 02:19:38,G,4,1,78,37,0,5,-62.5775,-61.1585,19:39.5,FastGPS,-62.5775,-61.1585,,,4.8,0.5,,,,15,17,10962,,,,24,893,,,,28,17684,,,,19,24917,,,,12,31723,,,,,,,,,,,,,,,,,,,,,,,,,,,,,,,,,,,,,,,,,,,,,,,,,,,,,
180853,16-May-19,3:19:00,2019-05-16 03:19:00,G,6,1,79,37,1,7,-62.5834,-61.146,19:00.9,FastGPS,-62.5834,-61.146,,,5.4,0,,,,15,12,11517,,,,17,23459,,,,19,32154,,,,24,25558,,,,6,797,,,,32,27790,,,,25,3777,,,,,,,,,,,,,,,,,,,,,,,,,,,,,,,,,,,,,,,,,,,
180853,16-May-19,13:47:38,2019-05-16 13:47:38,G,2,1,83,39,0,8,-62.5655,-61.2041,47:38.4,FastGPS,-62.5655,-61.2041,,,13.7,-0.6,,,,15,32,8074,,,,1,3737,,,,10,17351,,,,18,7560,,,,11,24388,,,,22,25193,,,,14,1243,,,,24,6584,,,,,,,,,,,,,,,,,,,,,,,,,,,,,,,,,,,,,,
180853,16-May-19,15:51:23,2019-05-16 15:51:23,G,6,1,85,,0,9,-62.5816,-61.1888,51:23.4,FastGPS,-62.5816,-61.1888,,,9.2,-0.6,,,,15,17,12102,,,,31,29489,,,,1,19879,,,,19,20305,,,,3,18460,,,,22,22168,,,,11,23398,,,,18,25880,,,,14,4103,,,,,,,,,,,,,,,,,,,,,,,,,,,,,,,,,
180853,16-May-19,20:17:36,2019-05-16 20:17:36,G,4,1,87,40,0,7,-62.5303,-61.2971,17:36.9,FastGPS,-62.5303,-61.2971,,1,9.1,-0.1,,,,15,7,28240,,,,5,30221,,,,9,9692,,,,2,26043,,,,30,22983,,,,4,29986,,,,23,25088,,,,,,,,,,,,,,,,,,,,,,,,,,,,,,,,,,,,,,,,,,,
180853,16-May-19,23:10:53,2019-05-16 23:10:53,G,2,1,89,40,0,8,-62.5156,-61.2383,10:53.4,FastGPS,-62.5156,-61.2383,,,9.7,-0.6,,,,15,15,22525,,,,5,19980,,,,13,26811,,,,8,31716,,,,7,13716,,,,27,10756,,,,30,15489,,,,28,28055,,,,,,,,,,,,,,,,,,,,,,,,,,,,,,,,,,,,,,
180853,17-May-19,1:43:54,2019-05-17 01:43:54,G,2,1,90,,0,9,-62.556,-61.1702,43:54.9,FastGPS,-62.556,-61.1702,,,10.1,-0.1,,,,15,15,9036,,,,24,28838,,,,17,20791,,,,12,8323,,,,1,31935,,,,10,29585,,,,18,10986,,,,28,10117,,,,19,8978,,,,,,,,,,,,,,,,,,,,,,,,,,,,,,,,,
180853,17-May-19,3:44:00,2019-05-17 03:44:00,G,2,1,92,40,1,6,-62.5836,-61.1455,43:59.9,FastGPS,-62.5836,-61.1455,,,18.1,-1.1,,,,15,14,8260,,,,29,13811,,,,32,8755,,,,12,1820,,,,25,26598,,,,19,6545,,,,,,,,,,,,,,,,,,,,,,,,,,,,,,,,,,,,,,,,,,,,,,,,
180853,17-May-19,11:59:47,2019-05-17 11:59:47,G,2,1,93,41,0,8,-62.5765,-61.1667,59:47.4,FastGPS,-62.5765,-61.1667,,,18.6,-0.6,,,,15,11,1559,,,,27,3450,,,,10,23476,,,,18,30967,,,,20,6514,,,,8,3145,,,,32,21556,,,,1,12733,,,,,,,,,,,,,,,,,,,,,,,,,,,,,,,,,,,,,,
180853,17-May-19,13:02:55,2019-05-17 13:02:55,G,2,1,94,,0,9,-62.5757,-61.18,02:56.4,FastGPS,-62.5757,-61.18,,,12.7,0.4,,,,15,10,27790,,,,18,24222,,,,11,3756,,,,28,31826,,,,20,29341,,,,1,32550,,,,24,10997,,,,32,25352,,,,22,9652,,,,,,,,,,,,,,,,,,,,,,,,,,,,,,,,,
180853,17-May-19,16:54:37,2019-05-17 16:54:37,G,2,1,95,,0,9,-62.5451,-61.3344,54:37.9,FastGPS,-62.5451,-61.3344,,,7.6,-0.1,,,,15,6,2193,,,,19,10817,,,,23,19673,,,,3,18303,,,,12,17049,,,,22,14534,,,,17,9704,,,,25,15753,,,,9,10854,,,,,,,,,,,,,,,,,,,,,,,,,,,,,,,,,
180853,17-May-19,22:34:53,2019-05-17 22:34:53,G,2,1,98,43,0,5,-62.527,-61.4332,34:53.9,FastGPS,-62.527,-61.4332,,,3.3,-0.1,,,,15,5,13008,,,,28,18612,,,,13,10974,,,,15,6110,,,,30,22455,,,,,,,,,,,,,,,,,,,,,,,,,,,,,,,,,,,,,,,,,,,,,,,,,,,,,
180853,18-May-19,1:36:18,2019-05-18 01:36:18,G,2,1,100,,0,9,-62.5749,-61.3831,36:19.4,FastGPS,-62.5749,-61.383,,,10.3,0.4,,,,15,11,16018,,,,18,13342,,,,24,17352,,,,15,16240,,,,19,27636,,,,17,12174,,,,1,26795,,,,10,96,,,,28,20103,,,,,,,,,,,,,,,,,,,,,,,,,,,,,,,,,
180853,18-May-19,3:51:06,2019-05-18 03:51:06,G,4,1,102,48,0,4,-62.604,-61.3864,50:01.8,FastGPS,-62.5415,-61.4088,,,0.5,0.4,,,,15,12,11701,,,,19,4189,,,,17,20424,,,,24,19386,,,,,,,,,,,,,,,,,,,,,,,,,,,,,,,,,,,,,,,,,,,,,,,,,,,,,,,,,,
180853,18-May-19,6:06:03,2019-05-18 06:06:03,G,2,1,104,49,0,5,-62.5787,-61.4378,06:04.3,FastGPS,-62.5787,-61.4378,,,7.2,0.3,,,,15,12,17138,,,,25,12125,,,,2,8642,,,,29,1342,,,,5,30564,,,,,,,,,,,,,,,,,,,,,,,,,,,,,,,,,,,,,,,,,,,,,,,,,,,,,
180853,18-May-19,8:06:00,2019-05-18 08:06:00,G,6,1,106,49,0,5,-62.5837,-61.4109,06:00.3,FastGPS,-62.5837,-61.4109,,,12.8,-0.7,,,,15,29,17164,,,,26,32332,,,,25,23300,,,,31,28649,,,,5,13562,,,,,,,,,,,,,,,,,,,,,,,,,,,,,,,,,,,,,,,,,,,,,,,,,,,,,
180853,18-May-19,9:21:54,2019-05-18 09:21:54,G,2,1,107,50,0,7,-62.5814,-61.3763,21:54.3,FastGPS,-62.5814,-61.3763,,,10.1,-0.6,,,,15,20,22986,,,,26,16566,,,,21,20139,,,,16,23202,,,,15,28584,,,,7,8428,,,,13,8607,,,,,,,,,,,,,,,,,,,,,,,,,,,,,,,,,,,,,,,,,,,
180853,18-May-19,10:29:49,2019-05-18 10:29:49,G,4,1,108,50,0,8,-62.5929,-61.4484,5/18/2019 7:27,NK,-62.5734,-61.34,,4,102.9,0,,,,15,27,25687,,,,7,6030,,,,20,17107,,,,16,793,,,,10,889,,,,30,11374,,,,8,9229,,,,21,25801,,,,,,,,,,,,,,,,,,,,,,,,,,,,,,,,,,,,,,
180853,18-May-19,14:50:02,2019-05-18 14:50:02,G,4,1,112,51,0,8,-62.604,-61.3864,50:01.8,FastGPS,-62.604,-61.3864,,,6.4,-1.2,,,,15,18,28074,,,,11,18154,,,,17,4007,,,,32,6315,,,,14,10275,,,,1,26009,,,,31,13367,,,,22,25165,,,,,,,,,,,,,,,,,,,,,,,,,,,,,,,,,,,,,,
180853,18-May-19,16:08:14,2019-05-18 16:08:14,G,4,1,113,,0,9,-62.6301,-61.3214,08:14.3,FastGPS,-62.6301,-61.3214,,,10.4,-0.7,,,,15,17,13612,,,,19,17799,,,,12,10889,,,,6,26363,,,,31,27506,,,,3,27166,,,,22,11437,,,,23,18328,,,,14,31923,,,,,,,,,,,,,,,,,,,,,,,,,,,,,,,,,
180853,18-May-19,18:04:03,2019-05-18 18:04:03,G,6,1,114,53,0,8,-62.6739,-61.2453,04:03.8,FastGPS,-62.6739,-61.2453,,1,7.4,-0.2,,,,15,31,21080,,,,6,919,,,,4,10557,,,,9,26701,,,,2,26173,,,,23,2836,,,,29,23874,,,,26,25122,,,,,,,,,,,,,,,,,,,,,,,,,,,,,,,,,,,,,,
180853,18-May-19,19:06:07,2019-05-18 19:06:07,G,2,1,115,53,0,8,-62.6961,-61.2439,06:07.3,FastGPS,-62.6961,-61.2439,,1,10.3,-0.7,,,,15,7,31126,,,,29,12523,,,,5,32488,,,,9,10247,,,,2,13770,,,,26,10671,,,,4,19965,,,,16,8983,,,,,,,,,,,,,,,,,,,,,,,,,,,,,,,,,,,,,,
180853,18-May-19,20:07:35,2019-05-18 20:07:35,G,2,1,116,53,0,7,-62.7158,-61.2366,07:36.3,FastGPS,-62.7158,-61.2366,,1,7.7,0.3,,,,15,5,4917,,,,7,4200,,,,9,25003,,,,4,9741,,,,26,31659,,,,16,1870,,,,29,32184,,,,,,,,,,,,,,,,,,,,,,,,,,,,,,,,,,,,,,,,,,,
180853,18-May-19,21:09:46,2019-05-18 21:09:46,G,2,1,117,53,0,8,-62.721,-61.2057,09:47.3,FastGPS,-62.721,-61.2057,,1,3.1,0.3,,,,15,5,24192,,,,7,9814,,,,30,25672,,,,9,19641,,,,4,25801,,,,27,32721,,,,8,16558,,,,16,32450,,,,,,,,,,,,,,,,,,,,,,,,,,,,,,,,,,,,,,
180853,18-May-19,23:27:18,2019-05-18 23:27:18,G,2,1,119,54,0,4,-62.721,-61.2057,09:47.3,FastGPS,-62.7162,-61.2104,,,0.6,-0.1,,,,15,15,28646,,,,13,3342,,,,10,8933,,,,28,13164,,,,,,,,,,,,,,,,,,,,,,,,,,,,,,,,,,,,,,,,,,,,,,,,,,,,,,,,,,
180853,19-May-19,1:33:00,2019-05-19 01:33:00,G,2,1,120,,0,9,-62.7121,-61.227,32:59.8,FastGPS,-62.7121,-61.227,,,16,-1.2,,,,15,24,12321,,,,15,5992,,,,12,18137,,,,18,7554,,,,13,13750,,,,1,22395,,,,28,11868,,,,17,7007,,,,11,9681,,,,,,,,,,,,,,,,,,,,,,,,,,,,,,,,,
180853,19-May-19,2:48:30,2019-05-19 02:48:30,G,2,1,121,59,0,7,-62.6963,-61.1611,48:29.8,FastGPS,-62.6963,-61.1611,,,9.1,-1.2,,,,15,12,12023,,,,17,1229,,,,32,15864,,,,24,696,,,,22,5661,,,,19,2991,,,,1,5407,,,,,,,,,,,,,,,,,,,,,,,,,,,,,,,,,,,,,,,,,,,
180853,19-May-19,4:05:33,2019-05-19 04:05:33,G,4,1,122,60,0,6,-62.7007,-61.1431,05:33.4,FastGPS,-62.7007,-61.1431,,,14.8,-0.7,,,,15,12,7369,,,,2,1386,,,,29,16970,,,,6,17387,,,,31,8080,,,,25,15378,,,,,,,,,,,,,,,,,,,,,,,,,,,,,,,,,,,,,,,,,,,,,,,,
180853,19-May-19,6:05:10,2019-05-19 06:05:10,G,8,1,124,60,0,6,-62.6724,-61.202,05:11.3,FastGPS,-62.6724,-61.202,,,3.3,0.3,,,,15,25,4473,,,,31,1168,,,,29,3476,,,,23,28745,,,,2,32711,,,,12,2306,,,,,,,,,,,,,,,,,,,,,,,,,,,,,,,,,,,,,,,,,,,,,,,,
180853,19-May-19,10:26:00,2019-05-19 10:26:00,G,2,1,128,61,0,8,-62.6133,-61.272,26:01.3,FastGPS,-62.6133,-61.272,,,12.8,0.3,,,,15,27,16485,,,,21,15899,,,,15,22638,,,,10,24823,,,,16,22432,,,,13,4271,,,,20,7863,,,,8,420,,,,,,,,,,,,,,,,,,,,,,,,,,,,,,,,,,,,,,
180853,19-May-19,14:07:17,2019-05-19 14:07:17,G,2,1,131,62,0,8,-62.5584,-61.1718,07:17.8,FastGPS,-62.5584,-61.1718,,,13.5,-0.2,,,,15,17,31745,,,,11,11347,,,,1,30934,,,,22,29989,,,,14,30423,,,,32,3505,,,,3,11346,,,,24,7198,,,,,,,,,,,,,,,,,,,,,,,,,,,,,,,,,,,,,,
180853,19-May-19,15:07:15,2019-05-19 15:07:15,G,4,1,132,,0,9,-62.5884,-61.2222,07:15.8,FastGPS,-62.5884,-61.2222,,,5.2,-0.2,,,,15,17,8643,,,,32,27092,,,,12,1021,,,,31,13440,,,,3,977,,,,14,32464,,,,19,10609,,,,22,1086,,,,1,27541,,,,,,,,,,,,,,,,,,,,,,,,,,,,,,,,,
180853,19-May-19,16:32:27,2019-05-19 16:32:27,G,2,1,133,63,0,8,-62.6133,-61.3317,32:28.3,FastGPS,-62.6133,-61.3317,,,7.3,0.3,,,,15,17,22844,,,,31,10724,,,,19,27428,,,,22,15184,,,,23,32470,,,,3,23953,,,,6,12156,,,,9,1116,,,,,,,,,,,,,,,,,,,,,,,,,,,,,,,,,,,,,,
180853,19-May-19,23:48:16,2019-05-19 23:48:16,G,6,1,134,63,0,8,-62.5427,-61.509,48:16.2,FastGPS,-62.5427,-61.509,,,6.3,-0.8,,,,15,15,11741,,,,13,17254,,,,18,11759,,,,8,19784,,,,11,18273,,,,28,30722,,,,10,28741,,,,30,11084,,,,,,,,,,,,,,,,,,,,,,,,,,,,,,,,,,,,,,
180853,20-May-19,4:50:31,2019-05-20 04:50:31,G,6,1,135,64,0,6,-62.6498,-61.2533,50:31.7,FastGPS,-62.6498,-61.2533,,,4.5,-0.3,,,,15,29,3040,,,,6,8565,,,,12,22172,,,,25,19829,,,,2,6457,,,,24,10288,,,,,,,,,,,,,,,,,,,,,,,,,,,,,,,,,,,,,,,,,,,,,,,,
180853,20-May-19,6:50:35,2019-05-20 06:50:35,G,4,1,136,64,0,8,-62.6652,-61.3028,50:35.2,FastGPS,-62.6652,-61.3028,,1,7.1,-0.8,,,,15,29,28849,,,,5,17850,,,,31,1440,,,,25,4662,,,,21,19224,,,,2,20823,,,,4,4451,,,,9,14070,,,,,,,,,,,,,,,,,,,,,,,,,,,,,,,,,,,,,,
180853,20-May-19,11:23:32,2019-05-20 11:23:32,G,2,1,137,65,0,8,-62.6586,-61.3442,23:32.7,FastGPS,-62.6586,-61.3442,,,5.3,-0.3,,,,15,10,19128,,,,8,8761,,,,20,29746,,,,27,16191,,,,11,11670,,,,18,10760,,,,30,12229,,,,16,16835,,,,,,,,,,,,,,,,,,,,,,,,,,,,,,,,,,,,,,
180853,20-May-19,12:26:45,2019-05-20 12:26:45,G,2,1,138,,0,9,-62.629,-61.4371,26:45.7,FastGPS,-62.629,-61.4371,,,5.1,-0.3,,,,15,32,1889,,,,10,13933,,,,11,5158,,,,18,28598,,,,27,16758,,,,1,28967,,,,8,28000,,,,22,16886,,,,14,17987,,,,,,,,,,,,,,,,,,,,,,,,,,,,,,,,,
180853,20-May-19,15:44:42,2019-05-20 15:44:42,G,4,1,140,,0,9,-62.6456,-61.2994,44:41.7,FastGPS,-62.6456,-61.2994,,,7.6,-1.3,,,,15,12,29091,,,,17,28822,,,,19,27974,,,,18,19050,,,,11,18877,,,,3,28840,,,,14,4006,,,,23,27818,,,,1,24379,,,,,,,,,,,,,,,,,,,,,,,,,,,,,,,,,
180853,20-May-19,17:06:58,2019-05-20 17:06:58,G,2,1,141,67,0,6,-62.6482,-61.2939,06:59.3,FastGPS,-62.6482,-61.2939,,,10.4,0.3,,,,15,6,28025,,,,3,85,,,,31,1419,,,,23,4859,,,,22,18473,,,,25,18370,,,,,,,,,,,,,,,,,,,,,,,,,,,,,,,,,,,,,,,,,,,,,,,,
180853,20-May-19,18:07:01,2019-05-20 18:07:01,G,2,1,142,67,0,7,-62.6433,-61.3095,07:01.7,FastGPS,-62.6433,-61.3095,,1,3.5,-0.3,,,,15,29,7238,,,,9,13179,,,,31,31185,,,,23,15248,,,,4,10464,,,,2,6983,,,,6,13462,,,,,,,,,,,,,,,,,,,,,,,,,,,,,,,,,,,,,,,,,,,
180853,20-May-19,19:22:01,2019-05-20 19:22:01,G,2,1,143,,0,9,-62.6436,-61.2644,22:01.2,FastGPS,-62.6436,-61.2644,,1,8.3,-0.8,,,,15,7,19721,,,,5,4707,,,,26,6786,,,,9,9462,,,,29,22384,,,,16,9063,,,,4,27963,,,,23,4966,,,,2,3634,,,,,,,,,,,,,,,,,,,,,,,,,,,,,,,,,
180853,20-May-19,21:22:00,2019-05-20 21:22:00,G,6,1,145,68,1,4,-62.633,-61.2832,5/20/2019 22:00,SR,-62.6325,-61.2838,,,1.5,-0.3,,,,15,5,31086,,,,13,28359,,,,28,27923,,,,30,241,,,,,,,,,,,,,,,,,,,,,,,,,,,,,,,,,,,,,,,,,,,,,,,,,,,,,,,,,,
180853,20-May-19,23:22:00,2019-05-20 23:22:00,G,4,1,147,68,1,4,-62.633,-61.2832,5/20/2019 22:00,SR,-62.6326,-61.2828,,,0.2,-1.2,,,,15,15,3251,,,,28,17649,,,,13,3411,,,,30,28104,,,,,,,,,,,,,,,,,,,,,,,,,,,,,,,,,,,,,,,,,,,,,,,,,,,,,,,,,,
180853,21-May-19,18:23:16,2019-05-21 18:23:16,G,2,1,151,68,0,8,-62.676,-61.371,23:16.1,FastGPS,-62.676,-61.371,,1,4,-0.8,,,,15,7,29409,,,,23,9038,,,,9,16079,,,,6,4940,,,,16,1431,,,,26,19844,,,,2,26995,,,,4,9105,,,,,,,,,,,,,,,,,,,,,,,,,,,,,,,,,,,,,,
180853,21-May-19,20:41:49,2019-05-21 20:41:49,G,2,1,152,,0,9,-62.6385,-61.4124,41:49.2,FastGPS,-62.6385,-61.4124,,1,9.6,-0.8,,,,15,5,3459,,,,7,17257,,,,9,30536,,,,16,3185,,,,30,15105,,,,27,15320,,,,4,19270,,,,23,24664,,,,8,4927,,,,,,,,,,,,,,,,,,,,,,,,,,,,,,,,,
180853,21-May-19,22:49:52,2019-05-21 22:49:52,G,2,1,153,68,0,6,-62.6353,-61.439,49:52.2,FastGPS,-62.6353,-61.439,,,7.6,-0.8,,,,15,15,6204,,,,5,6199,,,,28,9522,,,,30,31890,,,,7,1433,,,,13,10930,,,,,,,,,,,,,,,,,,,,,,,,,,,,,,,,,,,,,,,,,,,,,,,,
180853,21-May-19,23:51:03,2019-05-21 23:51:03,G,2,1,154,68,0,7,-62.5979,-61.4695,51:02.7,FastGPS,-62.5979,-61.4695,,,8.2,-1.3,,,,15,15,2317,,,,17,17453,,,,28,5787,,,,13,10362,,,,30,10909,,,,11,9692,,,,19,3350,,,,,,,,,,,,,,,,,,,,,,,,,,,,,,,,,,,,,,,,,,,
180853,22-May-19,2:21:28,2019-05-22 02:21:28,G,2,1,155,70,0,6,-62.5734,-61.417,21:28.1,FastGPS,-62.5734,-61.417,,,11,-0.9,,,,15,12,29456,,,,17,1789,,,,32,10626,,,,19,4615,,,,24,7560,,,,6,11094,,,,,,,,,,,,,,,,,,,,,,,,,,,,,,,,,,,,,,,,,,,,,,,,
180853,22-May-19,3:23:31,2019-05-22 03:23:31,G,2,1,156,,0,9,-62.5851,-61.3656,23:30.7,FastGPS,-62.5851,-61.3656,,,13.2,-1.3,,,,15,12,15544,,,,2,24117,,,,24,5419,,,,19,18667,,,,14,22201,,,,6,1934,,,,17,23018,,,,25,7282,,,,32,23490,,,,,,,,,,,,,,,,,,,,,,,,,,,,,,,,,
180853,22-May-19,4:40:47,2019-05-22 04:40:47,G,2,1,157,71,0,6,-62.5866,-61.3783,40:46.6,FastGPS,-62.5866,-61.3783,,,8.2,-1.4,,,,15,29,30076,,,,31,4295,,,,25,18264,,,,12,25244,,,,14,25581,,,,32,15844,,,,,,,,,,,,,,,,,,,,,,,,,,,,,,,,,,,,,,,,,,,,,,,,
180853,22-May-19,5:41:00,2019-05-22 05:41:00,G,2,1,158,71,0,7,-62.6234,-61.3992,41:00.1,FastGPS,-62.6234,-61.3992,,,6.9,-0.9,,,,15,12,25784,,,,2,3822,,,,31,9469,,,,25,82,,,,29,26095,,,,5,6245,,,,26,21755,,,,,,,,,,,,,,,,,,,,,,,,,,,,,,,,,,,,,,,,,,,
180853,22-May-19,6:57:54,2019-05-22 06:57:54,G,4,1,159,,0,9,-62.6432,-61.3647,57:53.6,FastGPS,-62.6432,-61.3647,,,8.7,-1.4,,,,15,5,28061,,,,26,9444,,,,31,9477,,,,29,2949,,,,21,22256,,,,2,2343,,,,25,32296,,,,9,7770,,,,23,4124,,,,,,,,,,,,,,,,,,,,,,,,,,,,,,,,,
180853,22-May-19,8:59:31,2019-05-22 08:59:31,G,2,1,161,72,0,8,-62.6034,-61.3251,59:30.6,FastGPS,-62.6034,-61.3251,,,12.4,-1.4,,,,15,26,23163,,,,16,12004,,,,21,9124,,,,27,32556,,,,7,27917,,,,20,22611,,,,5,18252,,,,29,18050,,,,,,,,,,,,,,,,,,,,,,,,,,,,,,,,,,,,,,
180853,22-May-19,10:17:15,2019-05-22 10:17:15,G,2,1,162,73,0,8,-62.5642,-61.3222,17:16.1,FastGPS,-62.5642,-61.3222,,,5.5,0.1,,,,15,10,10428,,,,27,27708,,,,20,16602,,,,7,23959,,,,21,10282,,,,8,18892,,,,16,16214,,,,30,5498,,,,,,,,,,,,,,,,,,,,,,,,,,,,,,,,,,,,,,
180853,22-May-19,11:21:03,2019-05-22 11:21:03,G,2,1,163,73,0,8,-62.538,-61.4394,21:03.6,FastGPS,-62.538,-61.4394,,,11.6,-0.4,,,,15,10,30053,,,,20,25086,,,,11,7876,,,,27,15497,,,,18,6641,,,,8,24874,,,,15,23520,,,,32,9488,,,,,,,,,,,,,,,,,,,,,,,,,,,,,,,,,,,,,,
180853,22-May-19,12:21:10,2019-05-22 12:21:10,G,2,1,164,73,0,8,-62.5924,-61.5087,21:09.6,FastGPS,-62.5924,-61.5087,,,9.9,-1.4,,,,15,10,16408,,,,28,21061,,,,32,20787,,,,8,259,,,,27,15161,,,,18,10945,,,,11,20684,,,,1,15698,,,,,,,,,,,,,,,,,,,,,,,,,,,,,,,,,,,,,,
180853,22-May-19,20:59:37,2019-05-22 20:59:37,G,2,1,166,,0,9,-62.6986,-61.3549,59:37.1,FastGPS,-62.6986,-61.3549,,1,9,-0.9,,,,15,30,23407,,,,5,12168,,,,7,19320,,,,21,10783,,,,27,30455,,,,4,28912,,,,13,10072,,,,16,28148,,,,9,14950,,,,,,,,,,,,,,,,,,,,,,,,,,,,,,,,,
180853,22-May-19,22:46:04,2019-05-22 22:46:04,G,4,1,167,77,0,8,-62.6663,-61.4641,46:04.6,FastGPS,-62.6663,-61.4641,,,5.8,-0.4,,,,15,15,30468,,,,13,1593,,,,28,360,,,,8,7698,,,,30,21055,,,,7,23498,,,,5,27987,,,,27,19734,,,,,,,,,,,,,,,,,,,,,,,,,,,,,,,,,,,,,,
180853,23-May-19,2:18:05,2019-05-23 02:18:05,G,4,1,169,81,0,6,-62.5974,-61.3691,18:04.6,FastGPS,-62.5974,-61.3691,,,14.3,-1.4,,,,15,12,30352,,,,32,11634,,,,17,32219,,,,24,5933,,,,19,3400,,,,15,31402,,,,,,,,,,,,,,,,,,,,,,,,,,,,,,,,,,,,,,,,,,,,,,,,
180853,23-May-19,7:16:51,2019-05-23 07:16:51,G,4,1,170,81,0,7,-62.6801,-61.3733,16:51.1,FastGPS,-62.6801,-61.3733,,,6.1,-0.9,,,,15,31,11511,,,,29,18617,,,,21,23937,,,,25,19781,,,,16,16905,,,,26,21140,,,,5,28367,,,,,,,,,,,,,,,,,,,,,,,,,,,,,,,,,,,,,,,,,,,
180853,23-May-19,9:14:17,2019-05-23 09:14:17,G,6,1,171,81,0,6,-62.7013,-61.3346,14:17.1,FastGPS,-62.7013,-61.3346,,,11.4,-0.9,,,,15,13,10355,,,,21,24110,,,,20,9947,,,,15,10756,,,,5,26029,,,,26,14234,,,,,,,,,,,,,,,,,,,,,,,,,,,,,,,,,,,,,,,,,,,,,,,,
180853,23-May-19,10:15:55,2019-05-23 10:15:55,G,4,1,172,81,0,8,-62.7049,-61.3117,15:55.1,FastGPS,-62.7049,-61.3117,,,12.5,-0.9,,,,15,21,4994,,,,15,3139,,,,27,2960,,,,10,22620,,,,13,7097,,,,8,1231,,,,20,22113,,,,30,9357,,,,,,,,,,,,,,,,,,,,,,,,,,,,,,,,,,,,,,
180853,23-May-19,12:38:01,2019-05-23 12:38:01,G,4,1,173,81,0,8,-62.6666,-61.1998,38:00.6,FastGPS,-62.6666,-61.1998,,,13.2,-1.4,,,,15,32,11908,,,,11,22629,,,,20,17956,,,,24,31062,,,,1,18454,,,,28,19521,,,,10,15362,,,,18,10088,,,,,,,,,,,,,,,,,,,,,,,,,,,,,,,,,,,,,,
180853,23-May-19,16:40:05,2019-05-23 16:40:05,G,12,1,177,,0,9,-62.6424,-61.1719,40:04.5,FastGPS,-62.6424,-61.1719,,,7.6,-1.4,,,,15,31,15228,,,,22,30459,,,,23,28728,,,,9,4309,,,,19,1253,,,,3,18703,,,,6,14615,,,,17,15254,,,,26,31863,,,,,,,,,,,,,,,,,,,,,,,,,,,,,,,,,
180853,23-May-19,17:42:39,2019-05-23 17:42:39,G,2,1,178,,0,9,-62.6281,-61.145,42:39.0,FastGPS,-62.6281,-61.145,,1,14.4,-1,,,,15,31,19163,,,,22,4792,,,,16,29147,,,,26,19578,,,,23,31651,,,,2,18087,,,,3,15128,,,,4,770,,,,9,19622,,,,,,,,,,,,,,,,,,,,,,,,,,,,,,,,,
180853,23-May-19,23:19:01,2019-05-23 23:19:01,G,2,1,181,,0,9,-62.5878,-61.1809,19:01.5,FastGPS,-62.5878,-61.1809,,,15.8,-0.5,,,,15,15,6796,,,,30,11582,,,,28,11387,,,,13,15267,,,,11,17142,,,,8,12550,,,,17,32184,,,,24,1847,,,,20,24868,,,,,,,,,,,,,,,,,,,,,,,,,,,,,,,,,
180853,24-May-19,0:20:11,2019-05-24 00:20:11,G,8,1,182,,0,9,-62.5841,-61.1968,20:10.5,FastGPS,-62.5841,-61.1968,,,8.5,-1.5,,,,15,15,16607,,,,17,3716,,,,13,27124,,,,19,30653,,,,28,29354,,,,24,11624,,,,20,28028,,,,18,11190,,,,11,31404,,,,,,,,,,,,,,,,,,,,,,,,,,,,,,,,,
180853,24-May-19,2:01:10,2019-05-24 02:01:10,G,4,1,183,93,0,6,-62.5959,-61.2305,01:10.0,FastGPS,-62.5959,-61.2305,,,3,-1,,,,15,12,18192,,,,24,6003,,,,32,6365,,,,17,24516,,,,22,7926,,,,1,2375,,,,,,,,,,,,,,,,,,,,,,,,,,,,,,,,,,,,,,,,,,,,,,,,
180853,24-May-19,4:31:04,2019-05-24 04:31:04,G,6,1,185,95,0,7,-62.621,-61.278,31:05.0,FastGPS,-62.621,-61.278,,,12.2,0,,,,15,31,4329,,,,29,27791,,,,12,345,,,,25,20900,,,,2,6609,,,,6,18802,,,,14,1720,,,,,,,,,,,,,,,,,,,,,,,,,,,,,,,,,,,,,,,,,,,
180853,24-May-19,5:31:09,2019-05-24 05:31:09,G,4,1,186,95,0,7,-62.6238,-61.2994,31:09.5,FastGPS,-62.6238,-61.2994,,,6.8,-0.5,,,,15,5,16975,,,,31,24941,,,,29,6241,,,,2,24344,,,,25,19010,,,,12,16288,,,,23,12726,,,,,,,,,,,,,,,,,,,,,,,,,,,,,,,,,,,,,,,,,,,
180853,24-May-19,6:32:11,2019-05-24 06:32:11,G,2,1,187,95,0,5,-62.6371,-61.2971,32:10.5,FastGPS,-62.6371,-61.2971,,,12.3,-1.5,,,,15,31,2197,,,,29,25805,,,,23,20599,,,,5,9838,,,,21,3022,,,,,,,,,,,,,,,,,,,,,,,,,,,,,,,,,,,,,,,,,,,,,,,,,,,,,
180853,24-May-19,7:54:54,2019-05-24 07:54:54,G,6,1,188,96,0,5,-62.6633,-61.2851,54:54.0,FastGPS,-62.6633,-61.2851,,,2.5,-1,,,,15,29,9219,,,,26,3581,,,,21,1229,,,,5,24447,,,,16,10779,,,,,,,,,,,,,,,,,,,,,,,,,,,,,,,,,,,,,,,,,,,,,,,,,,,,,
180853,24-May-19,9:24:04,2019-05-24 09:24:04,G,2,1,189,97,0,8,-62.6944,-61.2645,24:04.5,FastGPS,-62.6944,-61.2645,,,7.3,-0.5,,,,15,15,4536,,,,16,2505,,,,27,27505,,,,20,9068,,,,13,19099,,,,21,32183,,,,7,29851,,,,26,17513,,,,,,,,,,,,,,,,,,,,,,,,,,,,,,,,,,,,,,
180853,24-May-19,10:34:35,2019-05-24 10:34:35,G,2,1,190,,0,9,-62.7158,-61.2444,5/24/2019 10:34,FastGPS,-62.7158,-61.2444,,,15,0,,,,15,15,30092,,,,21,11801,,,,10,18812,,,,27,18574,,,,8,11554,,,,13,27206,,,,16,16283,,,,20,21465,,,,30,10649,,,,,,,,,,,,,,,,,,,,,,,,,,,,,,,,,
180853,24-May-19,12:34:08,2019-05-24 12:34:08,G,2,1,192,,0,9,-62.6878,-61.1977,34:08.5,FastGPS,-62.6878,-61.1977,,,7.6,-0.5,,,,15,18,22843,,,,10,27173,,,,11,2737,,,,8,19948,,,,32,25045,,,,1,31729,,,,20,29659,,,,28,32090,,,,24,11108,,,,,,,,,,,,,,,,,,,,,,,,,,,,,,,,,
180853,24-May-19,13:34:02,2019-05-24 13:34:02,G,2,,193,97,0,8,-62.6692,-61.1771,34:02.5,FastGPS,-62.6692,-61.1771,,,2.9,0.5,,,,15,1,10998,,,,32,11200,,,,10,30337,,,,18,2339,,,,11,20773,,,,17,19125,,,,14,10725,,,,22,21342,,,,,,,,,,,,,,,,,,,,,,,,,,,,,,,,,,,,,,
180853,24-May-19,14:34:00,2019-05-24 14:34:00,G,2,,194,97,1,8,-62.6712,-61.1803,34:00.5,FastGPS,-62.6712,-61.1803,,,5.5,0.5,,,,15,17,4912,,,,19,16597,,,,11,19967,,,,3,3417,,,,1,12063,,,,18,29716,,,,22,26228,,,,14,25909,,,,,,,,,,,,,,,,,,,,,,,,,,,,,,,,,,,,,,
180853,25-May-19,2:15:03,2019-05-25 02:15:03,G,6,,195,97,0,8,-62.6704,-61.1805,15:03.5,FastGPS,-62.6704,-61.1805,,,13.7,0.5,,,,15,17,2078,,,,12,26730,,,,19,15929,,,,24,16312,,,,6,16899,,,,32,5885,,,,25,3208,,,,15,21491,,,,,,,,,,,,,,,,,,,,,,,,,,,,,,,,,,,,,,
180853,25-May-19,3:15:31,2019-05-25 03:15:31,G,8,,196,97,0,8,-62.6428,-61.2404,15:31.0,FastGPS,-62.6428,-61.2404,,,12.2,0,,,,15,32,16099,,,,19,2452,,,,6,6359,,,,24,19862,,,,25,17238,,,,2,6842,,,,17,1266,,,,14,22370,,,,,,,,,,,,,,,,,,,,,,,,,,,,,,,,,,,,,,
180853,25-May-19,4:30:09,2019-05-25 04:30:09,G,6,,197,98,0,8,-62.6188,-61.3585,30:09.0,FastGPS,-62.6188,-61.3585,,,13.3,0,,,,15,29,16530,,,,12,3171,,,,31,24564,,,,2,20436,,,,14,2299,,,,6,20950,,,,32,23224,,,,25,1431,,,,,,,,,,,,,,,,,,,,,,,,,,,,,,,,,,,,,,
180853,25-May-19,10:08:54,2019-05-25 10:08:54,G,4,,202,,0,9,-62.5263,-61.3548,08:53.9,FastGPS,-62.5263,-61.3548,,,6.5,-0.1,,,,15,7,11231,,,,10,23014,,,,8,32223,,,,20,18535,,,,16,1645,,,,21,29260,,,,27,32505,,,,30,1612,,,,26,22898,,,,,,,,,,,,,,,,,,,,,,,,,,,,,,,,,
180853,25-May-19,11:48:29,2019-05-25 11:48:29,G,4,,203,100,0,8,-62.546,-61.3422,48:29.4,FastGPS,-62.546,-61.3422,,,8.5,0.4,,,,15,10,18885,,,,27,22166,,,,32,4530,,,,8,19201,,,,20,20983,,,,18,17016,,,,28,14108,,,,15,10678,,,,,,,,,,,,,,,,,,,,,,,,,,,,,,,,,,,,,,
180853,25-May-19,18:21:00,2019-05-25 18:21:00,G,2,,208,,0,9,-62.5231,-61.4687,20:59.4,FastGPS,-62.5231,-61.4687,,1,6,-0.5,,,,15,29,18509,,,,23,12603,,,,16,13553,,,,9,7818,,,,2,1848,,,,26,26703,,,,7,2534,,,,4,22247,,,,6,6648,,,,,,,,,,,,,,,,,,,,,,,,,,,,,,,,,
180853,25-May-19,20:36:31,2019-05-25 20:36:31,G,2,,210,,0,9,-62.5424,-61.4723,36:30.4,FastGPS,-62.5424,-61.4723,,1,10.4,-0.6,,,,15,5,19133,,,,27,16083,,,,8,24148,,,,16,6100,,,,9,31882,,,,7,12724,,,,30,14734,,,,4,2212,,,,13,4774,,,,,,,,,,,,,,,,,,,,,,,,,,,,,,,,,
180853,25-May-19,21:36:07,2019-05-25 21:36:07,G,4,,211,,0,9,-62.5841,-61.4069,36:06.9,FastGPS,-62.5841,-61.4069,,1,5.4,-0.1,,,,15,13,28568,,,,8,898,,,,5,13169,,,,30,8971,,,,7,15489,,,,27,20930,,,,4,18738,,,,15,16112,,,,9,1661,,,,,,,,,,,,,,,,,,,,,,,,,,,,,,,,,
180853,25-May-19,23:08:39,2019-05-25 23:08:39,G,6,,212,109,0,4,-62.5621,-61.4797,19:35.4,FastGPS,-62.593,-61.3884,,,0.9,-0.3,,,,15,15,6631,,,,13,20501,,,,10,410,,,,8,21713,,,,,,,,,,,,,,,,,,,,,,,,,,,,,,,,,,,,,,,,,,,,,,,,,,,,,,,,,,
180853,26-May-19,0:26:57,2019-05-26 00:26:57,G,2,,213,110,0,7,-62.5697,-61.386,26:56.4,FastGPS,-62.5697,-61.386,,,12.3,-0.6,,,,15,17,22498,,,,15,31010,,,,13,7126,,,,28,19796,,,,19,27811,,,,24,1105,,,,20,2111,,,,,,,,,,,,,,,,,,,,,,,,,,,,,,,,,,,,,,,,,,,
180853,26-May-19,1:31:06,2019-05-26 01:31:06,G,4,,214,110,0,6,-62.5636,-61.4192,31:06.4,FastGPS,-62.5636,-61.4192,,,8.9,0.4,,,,15,12,11209,,,,15,19926,,,,17,23917,,,,19,22068,,,,24,736,,,,32,4988,,,,,,,,,,,,,,,,,,,,,,,,,,,,,,,,,,,,,,,,,,,,,,,,
180853,26-May-19,3:17:14,2019-05-26 03:17:14,G,4,,215,113,0,6,-62.5386,-61.3852,17:14.4,FastGPS,-62.5386,-61.3852,,,7.2,0.4,,,,15,12,29769,,,,24,10522,,,,29,14133,,,,25,14384,,,,2,10738,,,,14,3268,,,,,,,,,,,,,,,,,,,,,,,,,,,,,,,,,,,,,,,,,,,,,,,,
180853,26-May-19,7:19:36,2019-05-26 07:19:36,G,2,,217,114,0,8,-62.5621,-61.4797,19:35.4,FastGPS,-62.5621,-61.4797,,1,8.1,-0.6,,,,15,21,2859,,,,9,4229,,,,4,9174,,,,16,21810,,,,5,31918,,,,26,23899,,,,31,25983,,,,29,27554,,,,,,,,,,,,,,,,,,,,,,,,,,,,,,,,,,,,,,
180853,26-May-19,8:35:00,2019-05-26 08:35:00,G,2,,218,115,0,5,-62.592,-61.4738,35:00.4,FastGPS,-62.592,-61.4738,,,9.7,0.4,,,,15,5,29469,,,,7,1004,,,,27,13805,,,,26,25008,,,,16,21622,,,,,,,,,,,,,,,,,,,,,,,,,,,,,,,,,,,,,,,,,,,,,,,,,,,,,
180853,26-May-19,9:37:18,2019-05-26 09:37:18,G,4,,219,,0,9,-62.619,-61.4585,37:18.4,FastGPS,-62.619,-61.4585,,,8.2,0.4,,,,15,21,12534,,,,27,11933,,,,16,16790,,,,15,2456,,,,20,15512,,,,13,17635,,,,30,3767,,,,10,15719,,,,8,16144,,,,,,,,,,,,,,,,,,,,,,,,,,,,,,,,,
180853,26-May-19,10:55:04,2019-05-26 10:55:04,G,4,,220,115,0,5,-62.6433,-61.4236,55:04.4,FastGPS,-62.6433,-61.4236,,,5.9,0.4,,,,15,15,27656,,,,20,26271,,,,8,22995,,,,10,5158,,,,18,17757,,,,,,,,,,,,,,,,,,,,,,,,,,,,,,,,,,,,,,,,,,,,,,,,,,,,,
180853,26-May-19,17:25:54,2019-05-26 17:25:54,G,6,,222,,0,9,-62.674,-61.2036,25:54.4,FastGPS,-62.674,-61.2036,,,10.2,0.4,,,,15,31,7859,,,,3,5360,,,,26,14655,,,,2,11649,,,,9,11822,,,,22,32424,,,,6,4221,,,,23,6102,,,,16,16320,,,,,,,,,,,,,,,,,,,,,,,,,,,,,,,,,
180853,26-May-19,18:26:00,2019-05-26 18:26:00,G,2,,223,,0,9,-62.6709,-61.1806,26:00.4,FastGPS,-62.6709,-61.1806,,1,7,0.4,,,,15,7,25547,,,,2,14887,,,,23,5633,,,,4,29210,,,,6,27330,,,,9,542,,,,30,4340,,,,29,7681,,,,26,10544,,,,,,,,,,,,,,,,,,,,,,,,,,,,,,,,,
180853,26-May-19,19:26:00,2019-05-26 19:26:00,G,2,,224,119,1,7,-62.6708,-61.1802,26:00.4,FastGPS,-62.6708,-61.1802,,1,5.3,0.4,,,,15,23,21900,,,,16,15759,,,,26,1345,,,,5,16611,,,,9,15814,,,,7,29496,,,,4,18646,,,,,,,,,,,,,,,,,,,,,,,,,,,,,,,,,,,,,,,,,,,
180853,27-May-19,4:04:01,2019-05-27 04:04:01,G,4,,225,,0,9,-62.6695,-61.187,04:01.9,FastGPS,-62.6695,-61.187,,,5.6,0.9,,,,15,29,7961,,,,12,986,,,,32,20950,,,,31,26768,,,,2,18534,,,,6,19653,,,,14,15260,,,,25,6639,,,,24,13286,,,,,,,,,,,,,,,,,,,,,,,,,,,,,,,,,
180853,27-May-19,7:58:27,2019-05-27 07:58:27,G,2,,227,127,0,7,-62.5635,-61.4184,58:27.8,FastGPS,-62.5635,-61.4184,,,4.8,0.8,,,,15,5,31444,,,,29,31805,,,,21,25877,,,,20,18860,,,,26,9365,,,,16,32679,,,,7,76,,,,,,,,,,,,,,,,,,,,,,,,,,,,,,,,,,,,,,,,,,,
180853,27-May-19,13:59:01,2019-05-27 13:59:01,G,4,,232,131,0,4,-62.5431,-61.4208,5/27/2019 8:40,NK,-62.5401,-61.5762,,,0.7,0.3,,,,15,11,4787,,,,18,15692,,,,1,14096,,,,22,18632,,,,,,,,,,,,,,,,,,,,,,,,,,,,,,,,,,,,,,,,,,,,,,,,,,,,,,,,,,
180853,27-May-19,14:59:12,2019-05-27 14:59:12,G,4,,233,,0,9,-62.5722,-61.5194,59:11.8,FastGPS,-62.5722,-61.5194,,,7.1,-0.2,,,,15,31,15521,,,,1,9066,,,,17,27372,,,,14,30599,,,,32,24192,,,,3,11046,,,,12,26615,,,,22,30988,,,,19,18397,,,,,,,,,,,,,,,,,,,,,,,,,,,,,,,,,
180853,27-May-19,16:14:03,2019-05-27 16:14:03,G,2,,234,,0,9,-62.5684,-61.4761,14:02.8,FastGPS,-62.5684,-61.4761,,,6.4,-0.2,,,,15,31,11201,,,,22,18131,,,,9,14424,,,,6,7580,,,,3,20540,,,,17,12486,,,,1,30768,,,,19,11824,,,,23,24880,,,,,,,,,,,,,,,,,,,,,,,,,,,,,,,,,
180853,27-May-19,17:14:01,2019-05-27 17:14:01,G,6,,235,,0,9,-62.5725,-61.4771,14:00.8,FastGPS,-62.5725,-61.4771,,,7.4,-0.2,,,,15,29,7794,,,,2,13968,,,,23,487,,,,6,31574,,,,9,14233,,,,25,30374,,,,26,18898,,,,31,26242,,,,3,26312,,,,,,,,,,,,,,,,,,,,,,,,,,,,,,,,,
180853,27-May-19,21:14:13,2019-05-27 21:14:13,G,4,,239,,0,9,-62.5874,-61.3783,14:12.3,FastGPS,-62.5874,-61.3783,,1,11,-0.7,,,,15,5,17015,,,,7,3660,,,,9,5404,,,,30,21477,,,,27,495,,,,13,22839,,,,28,21777,,,,4,16338,,,,8,11015,,,,,,,,,,,,,,,,,,,,,,,,,,,,,,,,,
180853,27-May-19,22:14:04,2019-05-27 22:14:04,G,6,,240,132,0,7,-62.5649,-61.3325,14:04.3,FastGPS,-62.5649,-61.3325,,,6.5,0.3,,,,15,5,25497,,,,7,27188,,,,30,244,,,,8,32706,,,,15,5543,,,,13,3713,,,,28,14491,,,,,,,,,,,,,,,,,,,,,,,,,,,,,,,,,,,,,,,,,,,
180853,27-May-19,23:29:09,2019-05-27 23:29:09,G,4,,241,133,0,7,-62.5343,-61.41,29:09.3,FastGPS,-62.5343,-61.41,,,9.2,0.3,,,,15,15,25356,,,,13,26721,,,,20,25756,,,,10,87,,,,28,25502,,,,17,18098,,,,24,5063,,,,,,,,,,,,,,,,,,,,,,,,,,,,,,,,,,,,,,,,,,,
180853,28-May-19,1:48:45,2019-05-28 01:48:45,G,4,,242,138,0,7,-62.5727,-61.3951,48:45.8,FastGPS,-62.5727,-61.3951,,,10.7,0.8,,,,15,17,12721,,,,19,29660,,,,12,27991,,,,15,30957,,,,6,1288,,,,32,14934,,,,24,1598,,,,,,,,,,,,,,,,,,,,,,,,,,,,,,,,,,,,,,,,,,,
180853,28-May-19,2:49:00,2019-05-28 02:49:00,G,8,,243,138,0,5,-62.5683,-61.4147,48:59.8,FastGPS,-62.5683,-61.4147,,,0.6,-0.2,,,,15,12,10198,,,,25,9233,,,,32,2039,,,,24,9845,,,,22,2173,,,,,,,,,,,,,,,,,,,,,,,,,,,,,,,,,,,,,,,,,,,,,,,,,,,,,
180853,28-May-19,3:50:30,2019-05-28 03:50:30,G,4,,244,138,0,8,-62.5605,-61.3905,50:29.3,FastGPS,-62.5605,-61.3905,,,9.4,-0.7,,,,15,31,25390,,,,6,30987,,,,19,28705,,,,12,15003,,,,32,22131,,,,2,28821,,,,14,4470,,,,25,23919,,,,,,,,,,,,,,,,,,,,,,,,,,,,,,,,,,,,,,
180853,28-May-19,6:33:26,2019-05-28 06:33:26,G,2,,245,144,0,8,-62.545,-61.3883,33:26.3,FastGPS,-62.545,-61.3883,,,7.8,0.3,,,,15,31,12219,,,,29,6560,,,,5,31032,,,,26,13938,,,,21,25029,,,,25,4156,,,,23,5308,,,,16,42,,,,,,,,,,,,,,,,,,,,,,,,,,,,,,,,,,,,,,
180853,28-May-19,14:38:12,2019-05-28 14:38:12,G,4,,251,,0,9,-62.5514,-61.4012,38:11.3,FastGPS,-62.5514,-61.4012,,,7.8,-0.7,,,,15,31,29604,,,,32,19769,,,,14,6597,,,,23,31680,,,,11,11641,,,,3,7415,,,,22,27612,,,,18,18435,,,,17,61,,,,,,,,,,,,,,,,,,,,,,,,,,,,,,,,,
180853,28-May-19,16:52:31,2019-05-28 16:52:31,G,2,,252,,0,9,-62.5545,-61.3675,52:30.2,FastGPS,-62.5545,-61.3675,,,9.9,-0.8,,,,15,31,4304,,,,6,9432,,,,2,5401,,,,23,14826,,,,9,6968,,,,25,32251,,,,26,21000,,,,3,5746,,,,22,30753,,,,,,,,,,,,,,,,,,,,,,,,,,,,,,,,,
180853,28-May-19,19:23:16,2019-05-28 19:23:16,G,4,,253,,0,9,-62.5439,-61.3606,23:16.3,FastGPS,-62.5439,-61.3606,,1,10.9,0.3,,,,15,30,19234,,,,5,27337,,,,7,32718,,,,23,22807,,,,2,27800,,,,9,32388,,,,16,3048,,,,4,12157,,,,6,27890,,,,,,,,,,,,,,,,,,,,,,,,,,,,,,,,,
180853,28-May-19,20:23:01,2019-05-28 20:23:01,G,4,,254,149,0,6,-62.5549,-61.3634,23:00.7,FastGPS,-62.5549,-61.3634,,,4.3,-0.3,,,,15,5,24390,,,,27,20242,,,,30,19051,,,,16,15950,,,,7,21279,,,,8,25705,,,,,,,,,,,,,,,,,,,,,,,,,,,,,,,,,,,,,,,,,,,,,,,,
180853,28-May-19,21:23:07,2019-05-28 21:23:07,G,4,,255,,0,9,-62.5911,-61.2729,23:07.2,FastGPS,-62.5911,-61.2729,,,4.3,0.2,,,,15,5,13604,,,,13,24968,,,,27,20833,,,,30,8452,,,,7,18549,,,,8,31910,,,,28,14151,,,,15,11208,,,,21,12606,,,,,,,,,,,,,,,,,,,,,,,,,,,,,,,,,
180853,29-May-19,0:53:00,2019-05-29 00:53:00,G,2,,257,155,1,4,-62.6211,-61.2623,5/29/2019 1:33,MC,-62.6211,-61.2638,,,0.9,0.2,,,,15,12,2278,,,,24,24511,,,,15,15042,,,,17,19159,,,,,,,,,,,,,,,,,,,,,,,,,,,,,,,,,,,,,,,,,,,,,,,,,,,,,,,,,,
180853,29-May-19,3:23:00,2019-05-29 03:23:00,G,4,,258,161,1,4,-62.6211,-61.2623,5/29/2019 1:33,MC,-62.6212,-61.2645,,,0.8,0.2,,,,15,29,20785,,,,12,22225,,,,25,24434,,,,32,10654,,,,,,,,,,,,,,,,,,,,,,,,,,,,,,,,,,,,,,,,,,,,,,,,,,,,,,,,,,
180853,29-May-19,7:23:07,2019-05-29 07:23:07,G,2,,261,165,0,4,-62.6212,-61.2645,23:00.2,FastGPS,-62.5366,-61.4054,,,0.8,0.2,,,,15,29,8942,,,,21,23186,,,,16,4569,,,,26,29849,,,,,,,,,,,,,,,,,,,,,,,,,,,,,,,,,,,,,,,,,,,,,,,,,,,,,,,,,,
180853,29-May-19,9:54:02,2019-05-29 09:54:02,G,2,,263,167,0,7,-62.5573,-61.455,54:02.7,FastGPS,-62.5573,-61.455,,,15,0.7,,,,15,27,28340,,,,15,24333,,,,13,23034,,,,21,18218,,,,16,21942,,,,20,12787,,,,8,30888,,,,,,,,,,,,,,,,,,,,,,,,,,,,,,,,,,,,,,,,,,,
180853,29-May-19,11:24:17,2019-05-29 11:24:17,G,2,,264,169,0,8,-62.5411,-61.4132,24:16.7,FastGPS,-62.5411,-61.4132,,,14.2,-0.3,,,,15,8,7952,,,,18,11862,,,,10,14420,,,,11,17548,,,,24,202,,,,27,229,,,,20,32670,,,,32,23440,,,,,,,,,,,,,,,,,,,,,,,,,,,,,,,,,,,,,,
180853,29-May-19,12:25:06,2019-05-29 12:25:06,G,6,,265,169,0,8,-62.5595,-61.4689,25:05.7,FastGPS,-62.5595,-61.4689,,,7.9,-0.3,,,,15,1,26217,,,,11,8765,,,,18,27232,,,,8,7420,,,,24,229,,,,28,11954,,,,10,7044,,,,14,7993,,,,,,,,,,,,,,,,,,,,,,,,,,,,,,,,,,,,,,
180853,29-May-19,13:25:03,2019-05-29 13:25:03,G,6,,266,169,0,6,-62.5572,-61.4867,25:02.2,FastGPS,-62.5572,-61.4867,,,8.3,-0.8,,,,15,32,25507,,,,17,15283,,,,18,16077,,,,14,17680,,,,11,3133,,,,1,19397,,,,,,,,,,,,,,,,,,,,,,,,,,,,,,,,,,,,,,,,,,,,,,,,
180853,29-May-19,14:26:25,2019-05-29 14:26:25,G,4,,267,,0,9,-62.5673,-61.4749,26:25.2,FastGPS,-62.5673,-61.4749,,,9.3,0.2,,,,15,17,2031,,,,31,6749,,,,32,16117,,,,19,5439,,,,3,24844,,,,1,20423,,,,11,5653,,,,12,26498,,,,14,25291,,,,,,,,,,,,,,,,,,,,,,,,,,,,,,,,,
180853,29-May-19,16:56:21,2019-05-29 16:56:21,G,6,,269,,0,9,-62.5849,-61.4581,56:21.7,FastGPS,-62.5849,-61.4581,,,10,0.7,,,,15,31,31210,,,,26,31406,,,,6,2112,,,,3,32504,,,,23,5274,,,,22,14170,,,,2,21063,,,,9,21434,,,,25,31151,,,,,,,,,,,,,,,,,,,,,,,,,,,,,,,,,
180853,29-May-19,17:56:23,2019-05-29 17:56:23,G,2,,270,171,0,7,-62.5566,-61.378,56:23.2,FastGPS,-62.5566,-61.378,,1,2.9,0.2,,,,15,2,8425,,,,29,20218,,,,26,1447,,,,4,5224,,,,6,2890,,,,9,4966,,,,16,32283,,,,,,,,,,,,,,,,,,,,,,,,,,,,,,,,,,,,,,,,,,,
180853,29-May-19,18:56:04,2019-05-29 18:56:04,G,4,,271,,0,9,-62.5453,-61.3461,56:03.7,FastGPS,-62.5453,-61.3461,,1,3.9,-0.3,,,,15,5,20596,,,,7,24305,,,,2,15105,,,,16,19858,,,,29,9779,,,,23,30757,,,,26,18764,,,,4,12727,,,,9,7966,,,,,,,,,,,,,,,,,,,,,,,,,,,,,,,,,
180853,29-May-19,20:28:03,2019-05-29 20:28:03,G,2,,272,173,0,8,-62.6208,-61.2717,28:02.2,FastGPS,-62.6208,-61.2717,,,9.9,-0.8,,,,15,5,1750,,,,30,9900,,,,13,19825,,,,7,15681,,,,27,14770,,,,16,25632,,,,9,16689,,,,8,4101,,,,,,,,,,,,,,,,,,,,,,,,,,,,,,,,,,,,,,
180853,29-May-19,21:28:00,2019-05-29 21:28:00,G,6,,273,173,1,5,-62.5366,-61.4054,23:07.2,FastGPS,-62.622,-61.2678,,1,4.6,0.2,,,,15,7,24814,,,,8,20049,,,,4,23022,,,,30,6348,,,,28,29936,,,,,,,,,,,,,,,,,,,,,,,,,,,,,,,,,,,,,,,,,,,,,,,,,,,,,
180853,29-May-19,23:28:00,2019-05-29 23:28:00,G,2,,274,177,1,6,-62.6219,-61.2679,28:00.2,FastGPS,-62.6219,-61.2679,,,9.2,0.2,,,,15,17,21508,,,,13,14223,,,,19,9871,,,,28,22444,,,,30,25338,,,,15,31863,,,,,,,,,,,,,,,,,,,,,,,,,,,,,,,,,,,,,,,,,,,,,,,,
180853,30-May-19,11:11:51,2019-05-30 11:11:51,G,2,,275,177,0,5,-62.621,-61.269,11:51.7,FastGPS,-62.621,-61.269,,,2.9,0.7,,,,15,10,27357,,,,32,24180,,,,27,28835,,,,8,12009,,,,20,31706,,,,,,,,,,,,,,,,,,,,,,,,,,,,,,,,,,,,,,,,,,,,,,,,,,,,,
180853,30-May-19,12:12:41,2019-05-30 12:12:41,G,4,,276,177,0,7,-62.6147,-61.3558,12:41.7,FastGPS,-62.6147,-61.3558,,,4.5,0.7,,,,15,22,5520,,,,32,24646,,,,11,31490,,,,18,18269,,,,10,6363,,,,8,3066,,,,28,21034,,,,,,,,,,,,,,,,,,,,,,,,,,,,,,,,,,,,,,,,,,,
180853,30-May-19,13:14:47,2019-05-30 13:14:47,G,2,,277,177,0,8,-62.5954,-61.3828,14:47.2,FastGPS,-62.5954,-61.3828,,,9.2,0.2,,,,15,10,976,,,,32,4571,,,,18,28328,,,,17,398,,,,14,15919,,,,1,16889,,,,8,32210,,,,11,14775,,,,,,,,,,,,,,,,,,,,,,,,,,,,,,,,,,,,,,
180853,30-May-19,18:33:06,2019-05-30 18:33:06,G,2,,279,178,0,6,-62.6466,-61.4822,33:06.2,FastGPS,-62.6466,-61.4822,,1,3.9,0.2,,,,15,5,4712,,,,7,24216,,,,29,1218,,,,9,12497,,,,2,22910,,,,4,16510,,,,,,,,,,,,,,,,,,,,,,,,,,,,,,,,,,,,,,,,,,,,,,,,
180853,30-May-19,21:06:17,2019-05-30 21:06:17,G,4,,280,,0,9,-62.7074,-61.3361,23:00.1,FastGPS,,,,,,,,,,15,7,25156,,,,9,19698,,,,13,7028,,,,4,1456,,,,5,9837,,,,30,22006,,,,8,23306,,,,28,11815,,,,27,2433,,,,,,,,,,,,,,,,,,,,,,,,,,,,,,,,,
180853,30-May-19,23:07:50,2019-05-30 23:07:50,G,4,,282,179,0,6,-62.7081,-61.3415,07:50.2,FastGPS,-62.7081,-61.3415,,,11.4,0.2,,,,15,13,13178,,,,17,7441,,,,30,25370,,,,28,1494,,,,11,29974,,,,15,20502,,,,,,,,,,,,,,,,,,,,,,,,,,,,,,,,,,,,,,,,,,,,,,,,
180853,31-May-19,0:08:20,2019-05-31 00:08:20,G,2,,283,179,0,6,-62.7078,-61.3406,08:20.2,FastGPS,-62.7078,-61.3406,,,5.3,0.2,,,,15,10,30211,,,,24,10281,,,,15,30595,,,,20,2126,,,,12,20735,,,,28,18639,,,,,,,,,,,,,,,,,,,,,,,,,,,,,,,,,,,,,,,,,,,,,,,,
180853,31-May-19,1:23:00,2019-05-31 01:23:00,G,10,,284,180,0,7,-62.7082,-61.339,23:00.2,FastGPS,-62.7082,-61.339,,,7.3,0.2,,,,15,17,30278,,,,12,8288,,,,15,16902,,,,24,25992,,,,28,19240,,,,19,18501,,,,1,12763,,,,,,,,,,,,,,,,,,,,,,,,,,,,,,,,,,,,,,,,,,,
180853,31-May-19,2:23:00,2019-05-31 02:23:00,G,4,,285,180,1,6,-62.7074,-61.3361,23:00.1,FastGPS,-62.7074,-61.3361,,,1.6,0.1,,,,15,17,12371,,,,19,25166,,,,12,27734,,,,6,22324,,,,24,18819,,,,25,28075,,,,,,,,,,,,,,,,,,,,,,,,,,,,,,,,,,,,,,,,,,,,,,,,
180853,31-May-19,10:59:02,2019-05-31 10:59:02,G,4,,286,180,0,7,-62.7074,-61.3365,59:02.6,FastGPS,-62.7074,-61.3365,,,13.6,0.6,,,,15,10,30787,,,,8,7044,,,,20,22937,,,,27,17067,,,,21,7752,,,,18,25544,,,,11,29388,,,,,,,,,,,,,,,,,,,,,,,,,,,,,,,,,,,,,,,,,,,
180853,31-May-19,12:56:55,2019-05-31 12:56:55,G,4,,287,181,0,7,-62.6873,-61.195,56:54.6,FastGPS,-62.6873,-61.195,,,5.3,-0.4,,,,15,1,5427,,,,32,22871,,,,10,12947,,,,11,1846,,,,18,16667,,,,22,454,,,,14,3812,,,,,,,,,,,,,,,,,,,,,,,,,,,,,,,,,,,,,,,,,,,
180853,31-May-19,16:17:17,2019-05-31 16:17:17,G,2,,290,182,0,7,-62.6093,-61.1663,17:16.1,FastGPS,-62.6093,-61.1663,,,8.2,-0.9,,,,15,22,19410,,,,3,23363,,,,23,7997,,,,6,29006,,,,9,3826,,,,2,28689,,,,19,28301,,,,,,,,,,,,,,,,,,,,,,,,,,,,,,,,,,,,,,,,,,,
180853,31-May-19,21:06:32,2019-05-31 21:06:32,G,4,,294,185,0,4,-62.6873,-61.1951,56:54.6,FastGPS,-62.579,-61.1649,,,0.5,0.1,,,,15,7,6463,,,,30,15352,,,,5,27842,,,,13,15181,,,,,,,,,,,,,,,,,,,,,,,,,,,,,,,,,,,,,,,,,,,,,,,,,,,,,,,,,,
180853,31-May-19,22:06:56,2019-05-31 22:06:56,G,2,,295,185,0,4,-62.579,-61.1649,06:32.1,FastGPS,-62.567,-61.13,,,3.9,0.6,,,,15,5,32237,,,,30,20470,,,,28,21495,,,,7,536,,,,,,,,,,,,,,,,,,,,,,,,,,,,,,,,,,,,,,,,,,,,,,,,,,,,,,,,,,
180853,1-Jun-19,0:22:03,2019-06-01 00:22:03,G,2,,297,186,0,8,-62.4994,-61.2885,22:02.1,FastGPS,-62.4994,-61.2885,,,9,-0.9,,,,15,15,12795,,,,17,31247,,,,19,25104,,,,10,4078,,,,28,7251,,,,24,18647,,,,13,16326,,,,12,26300,,,,,,,,,,,,,,,,,,,,,,,,,,,,,,,,,,,,,,
180853,1-Jun-19,1:37:07,2019-06-01 01:37:07,G,8,,298,187,0,4,-62.579,-61.1649,06:32.1,FastGPS,-62.4432,-61.3662,,,0.9,0,,,,15,17,15186,,,,19,8758,,,,24,12687,,,,12,23026,,,,,,,,,,,,,,,,,,,,,,,,,,,,,,,,,,,,,,,,,,,,,,,,,,,,,,,,,,
180853,1-Jun-19,2:37:37,2019-06-01 02:37:37,G,4,,299,187,0,7,-62.4729,-61.4006,37:36.6,FastGPS,-62.4729,-61.4006,,,3.3,-0.4,,,,15,24,14812,,,,12,2476,,,,25,12688,,,,32,18769,,,,19,23130,,,,2,23971,,,,14,6819,,,,,,,,,,,,,,,,,,,,,,,,,,,,,,,,,,,,,,,,,,,
180853,1-Jun-19,3:37:14,2019-06-01 03:37:14,G,4,,300,187,0,8,-62.4901,-61.4864,37:13.1,FastGPS,-62.4901,-61.4864,,,12.2,-0.9,,,,15,12,10805,,,,31,5057,,,,2,3794,,,,25,29648,,,,29,16116,,,,3,25105,,,,32,12129,,,,14,31297,,,,,,,,,,,,,,,,,,,,,,,,,,,,,,,,,,,,,,
180853,1-Jun-19,5:37:02,2019-06-01 05:37:02,G,8,,302,187,0,4,-62.5987,-61.4509,31:04.5,FastGPS,-62.534,-61.5093,,,0.9,-0.9,,,,15,5,17774,,,,12,19751,,,,2,15372,,,,29,22667,,,,,,,,,,,,,,,,,,,,,,,,,,,,,,,,,,,,,,,,,,,,,,,,,,,,,,,,,,
180853,1-Jun-19,6:37:13,2019-06-01 06:37:13,G,2,,303,187,0,8,-62.531,-61.5084,37:12.1,FastGPS,-62.531,-61.5084,,1,10.7,-0.9,,,,15,29,27502,,,,26,19218,,,,4,30439,,,,16,10202,,,,21,12025,,,,9,19416,,,,25,4163,,,,31,24836,,,,,,,,,,,,,,,,,,,,,,,,,,,,,,,,,,,,,,
180853,1-Jun-19,11:44:12,2019-06-01 11:44:12,G,2,,307,,0,9,-62.5136,-61.5227,44:11.5,FastGPS,-62.5136,-61.5227,,,6.7,-0.5,,,,15,10,30419,,,,8,18631,,,,18,10998,,,,32,29272,,,,27,22866,,,,11,21488,,,,1,23059,,,,24,12002,,,,28,15203,,,,,,,,,,,,,,,,,,,,,,,,,,,,,,,,,
180853,1-Jun-19,17:45:12,2019-06-01 17:45:12,G,2,,312,195,0,7,-62.614,-61.4285,45:12.1,FastGPS,-62.614,-61.4285,,1,1.3,0.1,,,,15,7,4017,,,,16,123,,,,6,29879,,,,4,5178,,,,23,1130,,,,9,3780,,,,26,31904,,,,,,,,,,,,,,,,,,,,,,,,,,,,,,,,,,,,,,,,,,,
180853,1-Jun-19,19:01:07,2019-06-01 19:01:07,G,8,,313,196,0,4,-62.5987,-61.4509,31:04.5,FastGPS,-62.5939,-61.4813,,,2,-0.1,,,,15,30,15065,,,,23,31144,,,,7,7454,,,,16,25030,,,,,,,,,,,,,,,,,,,,,,,,,,,,,,,,,,,,,,,,,,,,,,,,,,,,,,,,,,
180853,1-Jun-19,20:31:18,2019-06-01 20:31:18,G,2,,314,198,0,8,-62.612,-61.4592,31:18.0,FastGPS,-62.612,-61.4592,,1,11.4,0.1,,,,15,7,26172,,,,5,6222,,,,30,5484,,,,4,24735,,,,13,29065,,,,27,13160,,,,9,28535,,,,28,23291,,,,,,,,,,,,,,,,,,,,,,,,,,,,,,,,,,,,,,
180853,1-Jun-19,21:31:21,2019-06-01 21:31:21,G,8,,315,,0,9,-62.6087,-61.4554,31:21.6,FastGPS,-62.6087,-61.4554,,1,8.1,0.6,,,,15,7,30314,,,,30,17877,,,,28,1900,,,,4,20704,,,,8,4060,,,,13,1357,,,,27,27812,,,,5,14950,,,,15,24921,,,,,,,,,,,,,,,,,,,,,,,,,,,,,,,,,
180853,1-Jun-19,22:31:04,2019-06-01 22:31:04,G,8,,316,198,0,5,-62.5987,-61.4509,31:04.5,FastGPS,-62.5987,-61.4509,,,0.8,0.5,,,,15,15,10604,,,,13,15886,,,,28,26269,,,,30,7937,,,,24,10404,,,,,,,,,,,,,,,,,,,,,,,,,,,,,,,,,,,,,,,,,,,,,,,,,,,,,
180853,1-Jun-19,23:31:03,2019-06-01 23:31:03,G,6,,317,198,0,4,-62.6065,-61.4446,6/2/2019 1:01,FastGPS,-62.5899,-61.4243,,,1.2,0.1,,,,15,17,32026,,,,28,6422,,,,13,15202,,,,19,24081,,,,,,,,,,,,,,,,,,,,,,,,,,,,,,,,,,,,,,,,,,,,,,,,,,,,,,,,,,
180853,2-Jun-19,1:01:44,2019-06-02 01:01:44,G,8,,318,200,0,5,-62.6065,-61.4446,6/2/2019 1:01,FastGPS,-62.6065,-61.4446,,,5.1,0,,,,15,15,14267,,,,12,723,,,,17,16565,,,,19,12564,,,,24,23802,,,,,,,,,,,,,,,,,,,,,,,,,,,,,,,,,,,,,,,,,,,,,,,,,,,,,
180853,2-Jun-19,2:02:02,2019-06-02 02:02:02,G,2,,319,200,0,6,-62.6145,-61.4471,02:02.0,FastGPS,-62.6145,-61.4471,,,6.1,0,,,,15,17,14094,,,,12,21208,,,,32,16027,,,,19,1070,,,,6,463,,,,3,4740,,,,,,,,,,,,,,,,,,,,,,,,,,,,,,,,,,,,,,,,,,,,,,,,
180853,2-Jun-19,3:02:35,2019-06-02 03:02:35,G,2,,320,200,0,4,-62.5957,-61.445,6/2/2019 1:16,NK,-62.6155,-61.4403,,,0.2,0.4,,,,15,19,23059,,,,12,14517,,,,6,19016,,,,2,16153,,,,,,,,,,,,,,,,,,,,,,,,,,,,,,,,,,,,,,,,,,,,,,,,,,,,,,,,,,
180853,2-Jun-19,4:02:08,2019-06-02 04:02:08,G,2,,321,200,0,7,-62.6245,-61.4403,02:08.5,FastGPS,-62.6245,-61.4403,,,10.3,0.5,,,,15,29,2912,,,,31,12315,,,,25,10094,,,,6,11929,,,,2,29853,,,,19,22487,,,,12,28904,,,,,,,,,,,,,,,,,,,,,,,,,,,,,,,,,,,,,,,,,,,
180853,2-Jun-19,12:49:42,2019-06-02 12:49:42,G,4,,328,,0,9,-62.6052,-61.4717,49:41.5,FastGPS,-62.6051,-61.4717,,,10.3,-0.5,,,,15,22,6227,,,,11,4488,,,,18,18793,,,,17,60,,,,1,10052,,,,32,24182,,,,14,7627,,,,3,2940,,,,8,11605,,,,,,,,,,,,,,,,,,,,,,,,,,,,,,,,,
180853,2-Jun-19,13:50:12,2019-06-02 13:50:12,G,4,,329,203,0,4,-62.6155,-61.4403,02:35.4,FastGPS,-62.6077,-61.4239,,,0.4,-1,,,,15,31,31161,,,,18,2690,,,,11,25458,,,,32,9300,,,,,,,,,,,,,,,,,,,,,,,,,,,,,,,,,,,,,,,,,,,,,,,,,,,,,,,,,,
180853,2-Jun-19,14:51:39,2019-06-02 14:51:39,G,2,,330,,0,9,-62.6167,-61.4389,51:38.0,FastGPS,-62.6167,-61.4389,,,10.7,-1,,,,15,12,3868,,,,3,3113,,,,1,31642,,,,17,5671,,,,32,21235,,,,23,10218,,,,25,6277,,,,22,22630,,,,18,28290,,,,,,,,,,,,,,,,,,,,,,,,,,,,,,,,,
180853,2-Jun-19,15:51:01,2019-06-02 15:51:01,G,6,,331,,0,9,-62.6204,-61.4413,51:00.5,FastGPS,-62.6204,-61.4413,,,9.1,-0.5,,,,15,3,8088,,,,6,2475,,,,22,4049,,,,17,28875,,,,23,19000,,,,31,30981,,,,19,29788,,,,9,9636,,,,1,11719,,,,,,,,,,,,,,,,,,,,,,,,,,,,,,,,,
180853,2-Jun-19,16:51:00,2019-06-02 16:51:00,G,4,,332,203,0,8,-62.6359,-61.4527,50:59.5,FastGPS,-62.6359,-61.4527,,1,8.7,-0.5,,,,15,31,9137,,,,9,7543,,,,6,20603,,,,23,21696,,,,3,11612,,,,2,6968,,,,26,12583,,,,4,6505,,,,,,,,,,,,,,,,,,,,,,,,,,,,,,,,,,,,,,
180853,2-Jun-19,18:06:06,2019-06-02 18:06:06,G,6,,333,,0,9,-62.6195,-61.4205,06:06.0,FastGPS,-62.6195,-61.4205,,1,5.4,0,,,,15,7,14417,,,,2,26765,,,,29,25045,,,,5,19023,,,,23,28030,,,,9,24862,,,,6,17106,,,,16,25173,,,,4,2393,,,,,,,,,,,,,,,,,,,,,,,,,,,,,,,,,
180853,2-Jun-19,19:06:16,2019-06-02 19:06:16,G,6,,334,204,0,6,-62.6215,-61.4179,06:15.0,FastGPS,-62.6215,-61.4179,,1,0.3,-1,,,,15,7,16185,,,,5,17398,,,,9,4376,,,,4,23260,,,,16,10767,,,,30,13060,,,,,,,,,,,,,,,,,,,,,,,,,,,,,,,,,,,,,,,,,,,,,,,,
180853,2-Jun-19,21:22:00,2019-06-02 21:22:00,G,2,,336,205,1,4,-62.6155,-61.4403,02:35.4,FastGPS,-62.6328,-61.2825,,,1,0,,,,15,15,3675,,,,13,22044,,,,5,32403,,,,21,31143,,,,,,,,,,,,,,,,,,,,,,,,,,,,,,,,,,,,,,,,,,,,,,,,,,,,,,,,,,
180853,2-Jun-19,23:22:00,2019-06-02 23:22:00,G,4,,337,209,1,4,-62.6155,-61.4403,02:35.4,FastGPS,-62.6327,-61.2832,,,1,-1,,,,15,15,30330,,,,24,12014,,,,10,4007,,,,20,20217,,,,,,,,,,,,,,,,,,,,,,,,,,,,,,,,,,,,,,,,,,,,,,,,,,,,,,,,,,
180853,3-Jun-19,0:37:00,2019-06-03 00:37:00,G,8,,338,210,1,6,-62.6332,-61.2829,37:00.0,FastGPS,-62.6332,-61.2829,,,15.2,0,,,,15,10,26098,,,,24,1740,,,,18,9003,,,,12,23684,,,,1,9,,,,20,27470,,,,,,,,,,,,,,,,,,,,,,,,,,,,,,,,,,,,,,,,,,,,,,,,
180853,3-Jun-19,15:26:25,2019-06-03 15:26:25,G,6,,340,211,0,8,-62.6008,-61.3899,26:25.0,FastGPS,-62.6008,-61.3899,,,4.9,0,,,,15,31,1310,,,,22,23750,,,,3,19542,,,,17,1781,,,,1,28051,,,,23,12913,,,,9,3448,,,,14,26143,,,,,,,,,,,,,,,,,,,,,,,,,,,,,,,,,,,,,,
180853,3-Jun-19,17:00:06,2019-06-03 17:00:06,G,8,,341,,0,9,-62.6287,-61.4988,00:05.5,FastGPS,-62.6287,-61.4988,,1,14.7,-0.5,,,,15,7,26813,,,,22,10349,,,,4,21461,,,,23,8849,,,,3,21870,,,,31,18604,,,,16,18961,,,,26,3735,,,,9,7437,,,,,,,,,,,,,,,,,,,,,,,,,,,,,,,,,
180853,3-Jun-19,18:00:13,2019-06-03 18:00:13,G,4,,342,,0,9,-62.6132,-61.5244,00:13.0,FastGPS,-62.6132,-61.5244,,1,6.3,0,,,,15,7,15003,,,,23,8300,,,,29,844,,,,5,19338,,,,9,32170,,,,2,4503,,,,16,29396,,,,4,6670,,,,6,31705,,,,,,,,,,,,,,,,,,,,,,,,,,,,,,,,,
180853,3-Jun-19,19:00:05,2019-06-03 19:00:05,G,8,,343,211,0,7,-62.5965,-61.563,00:05.0,FastGPS,-62.5965,-61.563,,1,7.2,0,,,,15,7,16214,,,,2,6425,,,,16,15269,,,,9,11286,,,,4,26946,,,,5,14576,,,,23,27780,,,,,,,,,,,,,,,,,,,,,,,,,,,,,,,,,,,,,,,,,,,
180853,3-Jun-19,23:07:52,2019-06-03 23:07:52,G,6,,344,212,0,7,-62.6293,-61.5038,07:51.9,FastGPS,-62.6293,-61.5038,,,8.3,-0.1,,,,15,17,25027,,,,28,25802,,,,30,24720,,,,24,10477,,,,13,17642,,,,15,3979,,,,19,15487,,,,,,,,,,,,,,,,,,,,,,,,,,,,,,,,,,,,,,,,,,,
180853,4-Jun-19,0:36:40,2019-06-04 00:36:40,G,4,,345,,0,9,-62.6022,-61.4655,36:39.4,FastGPS,-62.6022,-61.4655,,,7.2,-0.6,,,,15,24,28146,,,,12,26993,,,,10,4445,,,,32,24051,,,,15,8363,,,,19,11730,,,,17,12534,,,,11,14689,,,,18,19174,,,,,,,,,,,,,,,,,,,,,,,,,,,,,,,,,
180853,4-Jun-19,1:36:23,2019-06-04 01:36:23,G,6,,346,,0,9,-62.5983,-61.4817,36:22.4,FastGPS,-62.5983,-61.4817,,,8.7,-0.6,,,,15,12,32548,,,,24,12404,,,,22,29056,,,,17,27237,,,,32,10840,,,,1,27349,,,,14,11017,,,,19,10542,,,,3,12501,,,,,,,,,,,,,,,,,,,,,,,,,,,,,,,,,
180853,4-Jun-19,2:36:04,2019-06-04 02:36:04,G,4,,347,,0,9,-62.6184,-61.5252,36:04.0,FastGPS,-62.6184,-61.5252,,,11.6,0,,,,15,12,31561,,,,32,30985,,,,24,30729,,,,6,22091,,,,2,25558,,,,25,3773,,,,19,10269,,,,29,26184,,,,14,5802,,,,,,,,,,,,,,,,,,,,,,,,,,,,,,,,,
180853,4-Jun-19,4:55:02,2019-06-04 04:55:02,G,4,,349,214,0,7,-62.6234,-61.521,55:01.0,FastGPS,-62.6234,-61.521,,,10.8,-1,,,,15,31,13185,,,,23,4842,,,,29,4465,,,,2,22217,,,,26,26861,,,,25,23309,,,,6,22905,,,,,,,,,,,,,,,,,,,,,,,,,,,,,,,,,,,,,,,,,,,
180853,4-Jun-19,7:53:44,2019-06-04 07:53:44,G,4,,351,216,0,7,-62.6708,-61.4278,53:42.9,FastGPS,-62.6708,-61.4278,,,8.4,-1.1,,,,15,7,2670,,,,5,21573,,,,16,25953,,,,26,8634,,,,27,3269,,,,13,3386,,,,15,7481,,,,,,,,,,,,,,,,,,,,,,,,,,,,,,,,,,,,,,,,,,,
180853,4-Jun-19,9:55:21,2019-06-04 09:55:21,G,2,,353,216,0,7,-62.7088,-61.3571,55:20.5,FastGPS,-62.7088,-61.3571,,,22.8,-0.5,,,,15,15,22715,,,,27,16839,,,,8,24042,,,,10,29136,,,,18,17467,,,,13,9977,,,,21,20032,,,,,,,,,,,,,,,,,,,,,,,,,,,,,,,,,,,,,,,,,,,
180853,4-Jun-19,10:55:02,2019-06-04 10:55:02,G,2,,354,,0,9,-62.7197,-61.3513,55:01.0,FastGPS,-62.7197,-61.3513,,,16,-1,,,,15,15,11701,,,,18,31331,,,,28,3346,,,,10,21046,,,,20,17769,,,,32,5283,,,,11,4196,,,,8,9579,,,,21,6834,,,,,,,,,,,,,,,,,,,,,,,,,,,,,,,,,
180853,4-Jun-19,15:13:05,2019-06-04 15:13:05,G,2,,355,,0,9,-62.6429,-61.2919,13:04.4,FastGPS,-62.6429,-61.2919,,,7.3,-0.6,,,,15,31,11678,,,,32,5991,,,,3,1601,,,,12,620,,,,22,25241,,,,17,11820,,,,25,4927,,,,23,23531,,,,19,15026,,,,,,,,,,,,,,,,,,,,,,,,,,,,,,,,,
180853,4-Jun-19,16:13:00,2019-06-04 16:13:00,G,10,,356,,0,9,-62.6231,-61.3105,12:58.9,FastGPS,-62.6231,-61.3105,,1,4.4,-1.1,,,,15,31,10371,,,,22,24308,,,,3,14776,,,,9,7564,,,,19,10290,,,,26,27752,,,,6,6232,,,,23,14131,,,,4,11471,,,,,,,,,,,,,,,,,,,,,,,,,,,,,,,,,
180853,4-Jun-19,17:25:15,2019-06-04 17:25:15,G,4,,357,,0,9,-62.5917,-61.3151,25:14.4,FastGPS,-62.5917,-61.3151,,1,7,-0.6,,,,15,2,2123,,,,26,29407,,,,29,10293,,,,16,11363,,,,4,13693,,,,23,18100,,,,3,16967,,,,9,25077,,,,6,15333,,,,,,,,,,,,,,,,,,,,,,,,,,,,,,,,,
180853,4-Jun-19,18:25:00,2019-06-04 18:25:00,G,6,,358,,0,9,-62.5935,-61.3058,24:58.9,FastGPS,-62.5935,-61.3058,,1,6.6,-1.1,,,,15,7,8307,,,,23,25684,,,,9,17375,,,,5,31817,,,,4,10169,,,,16,21641,,,,2,4505,,,,30,3176,,,,6,5581,,,,,,,,,,,,,,,,,,,,,,,,,,,,,,,,,
180853,4-Jun-19,19:40:00,2019-06-04 19:40:00,G,2,,359,220,0,7,-62.6206,-61.2668,39:58.9,FastGPS,-62.6206,-61.2668,,1,4.2,-1.1,,,,15,5,17301,,,,7,9149,,,,9,34,,,,13,12095,,,,4,18421,,,,30,26452,,,,16,32461,,,,,,,,,,,,,,,,,,,,,,,,,,,,,,,,,,,,,,,,,,,
180853,4-Jun-19,20:40:00,2019-06-04 20:40:00,G,4,,360,220,1,5,-62.6222,-61.2703,6/5/2019 1:44,MA,-62.6193,-61.2651,,1,1,-1.1,,,,15,8,16281,,,,7,19952,,,,30,30404,,,,5,28351,,,,4,970,,,,,,,,,,,,,,,,,,,,,,,,,,,,,,,,,,,,,,,,,,,,,,,,,,,,,
180853,4-Jun-19,21:40:00,2019-06-04 21:40:00,G,8,,361,220,1,5,-62.6215,-61.2671,39:58.9,FastGPS,-62.6215,-61.2671,,,6.3,-1.1,,,,15,30,3911,,,,8,4256,,,,15,2679,,,,28,11361,,,,13,4112,,,,,,,,,,,,,,,,,,,,,,,,,,,,,,,,,,,,,,,,,,,,,,,,,,,,,
180853,5-Jun-19,7:55:41,2019-06-05 07:55:41,G,4,,363,220,0,5,-62.6206,-61.2699,55:39.9,FastGPS,-62.6206,-61.2699,,,10.6,-1.1,,,,15,16,5360,,,,20,24628,,,,29,14919,,,,21,1077,,,,27,2516,,,,,,,,,,,,,,,,,,,,,,,,,,,,,,,,,,,,,,,,,,,,,,,,,,,,,
180853,5-Jun-19,8:56:07,2019-06-05 08:56:07,G,2,,364,,0,9,-62.6055,-61.3279,56:06.4,FastGPS,-62.6055,-61.3279,,,14.8,-0.6,,,,15,16,8087,,,,10,7429,,,,21,7771,,,,15,27736,,,,20,7760,,,,8,3046,,,,27,3520,,,,26,7484,,,,7,10959,,,,,,,,,,,,,,,,,,,,,,,,,,,,,,,,,
180853,5-Jun-19,13:24:31,2019-06-05 13:24:31,G,2,,367,,0,9,-62.5996,-61.3914,24:30.9,FastGPS,-62.5996,-61.3914,,,8,-0.1,,,,15,17,26085,,,,12,14035,,,,1,7663,,,,18,4829,,,,22,14048,,,,11,26382,,,,32,13034,,,,3,25224,,,,24,14555,,,,,,,,,,,,,,,,,,,,,,,,,,,,,,,,,
180853,5-Jun-19,15:09:04,2019-06-05 15:09:04,G,6,,368,,0,9,-62.6073,-61.4094,09:02.9,FastGPS,-62.6073,-61.4094,,,5.8,-1.1,,,,15,31,11900,,,,1,12202,,,,23,25533,,,,17,13186,,,,22,26020,,,,3,2461,,,,14,13384,,,,12,938,,,,9,4758,,,,,,,,,,,,,,,,,,,,,,,,,,,,,,,,,
180853,5-Jun-19,17:41:04,2019-06-05 17:41:04,G,2,,369,,0,9,-62.6041,-61.4201,41:02.9,FastGPS,-62.6041,-61.4201,,1,15.1,-1.1,,,,15,9,17533,,,,23,859,,,,2,5033,,,,6,27159,,,,7,25826,,,,4,5498,,,,16,32174,,,,30,9431,,,,26,30629,,,,,,,,,,,,,,,,,,,,,,,,,,,,,,,,,
180853,5-Jun-19,18:41:27,2019-06-05 18:41:27,G,4,,370,,0,9,-62.5632,-61.4443,41:26.4,FastGPS,-62.5632,-61.4443,,1,6.4,-0.6,,,,15,9,13907,,,,16,7757,,,,7,14611,,,,23,24952,,,,5,29831,,,,30,16792,,,,2,28337,,,,4,11195,,,,26,1907,,,,,,,,,,,,,,,,,,,,,,,,,,,,,,,,,
180853,5-Jun-19,22:26:27,2019-06-05 22:26:27,G,4,,373,235,0,5,-62.6084,-61.4925,26:27.4,FastGPS,-62.6084,-61.4925,,,0.9,0.4,,,,15,15,27229,,,,30,21075,,,,28,29597,,,,13,888,,,,20,12482,,,,,,,,,,,,,,,,,,,,,,,,,,,,,,,,,,,,,,,,,,,,,,,,,,,,,
180853,5-Jun-19,23:56:08,2019-06-05 23:56:08,G,6,,374,,0,9,-62.6163,-61.6665,56:08.4,FastGPS,-62.6163,-61.6665,,,8.2,0.4,,,,15,17,31670,,,,15,8352,,,,24,18324,,,,13,20136,,,,19,20116,,,,10,26178,,,,20,7526,,,,28,9353,,,,12,17722,,,,,,,,,,,,,,,,,,,,,,,,,,,,,,,,,
180853,6-Jun-19,0:56:08,2019-06-06 00:56:08,G,2,,375,237,0,7,-62.6608,-61.7688,56:08.4,FastGPS,-62.6608,-61.7688,,,9.8,0.4,,,,15,12,14185,,,,32,9397,,,,24,4249,,,,1,26889,,,,15,7202,,,,10,664,,,,19,27362,,,,,,,,,,,,,,,,,,,,,,,,,,,,,,,,,,,,,,,,,,,
180853,6-Jun-19,2:15:39,2019-06-06 02:15:39,G,2,,376,238,0,7,-62.6999,-61.7662,15:38.9,FastGPS,-62.6999,-61.7662,,,7.3,-0.1,,,,15,12,337,,,,19,25592,,,,17,16193,,,,25,7254,,,,32,21861,,,,6,10784,,,,24,17381,,,,,,,,,,,,,,,,,,,,,,,,,,,,,,,,,,,,,,,,,,,
180853,6-Jun-19,3:32:13,2019-06-06 03:32:13,G,2,,377,239,0,8,-62.6966,-61.7652,32:11.9,FastGPS,-62.6966,-61.7652,,,9.1,-1.1,,,,15,29,24797,,,,12,31596,,,,14,10665,,,,2,16770,,,,32,5046,,,,25,3303,,,,6,15628,,,,31,12501,,,,,,,,,,,,,,,,,,,,,,,,,,,,,,,,,,,,,,
180853,6-Jun-19,4:48:03,2019-06-06 04:48:03,G,4,,378,240,0,5,-62.7164,-61.7325,48:01.8,FastGPS,-62.7164,-61.7325,,,1.7,-1.2,,,,15,12,22957,,,,5,3659,,,,2,20142,,,,25,21841,,,,29,7093,,,,,,,,,,,,,,,,,,,,,,,,,,,,,,,,,,,,,,,,,,,,,,,,,,,,,
180853,6-Jun-19,5:48:28,2019-06-06 05:48:28,G,4,,379,,0,9,-62.7281,-61.7291,48:26.9,FastGPS,-62.7281,-61.7291,,1,9.6,-1.1,,,,15,31,7597,,,,29,17651,,,,26,29188,,,,2,15994,,,,25,4785,,,,5,22064,,,,16,5550,,,,21,15137,,,,4,12079,,,,,,,,,,,,,,,,,,,,,,,,,,,,,,,,,
180853,6-Jun-19,10:29:23,2019-06-06 10:29:23,G,2,,382,242,0,8,-62.7932,-61.78,29:22.3,FastGPS,-62.7932,-61.78,,,13.5,-0.7,,,,15,10,4347,,,,11,19541,,,,20,8665,,,,18,15852,,,,15,7115,,,,27,1734,,,,8,9864,,,,32,31332,,,,,,,,,,,,,,,,,,,,,,,,,,,,,,,,,,,,,,
180853,6-Jun-19,12:44:17,2019-06-06 12:44:17,G,2,,383,,0,9,-62.7709,-61.6263,44:16.4,FastGPS,-62.7709,-61.6263,,,11,-0.6,,,,15,32,16199,,,,18,8253,,,,8,20580,,,,14,23019,,,,10,19443,,,,1,26169,,,,11,27803,,,,3,8585,,,,17,5721,,,,,,,,,,,,,,,,,,,,,,,,,,,,,,,,,
180853,6-Jun-19,16:15:21,2019-06-06 16:15:21,G,6,,385,244,0,8,-62.6971,-61.5229,15:21.3,FastGPS,-62.6971,-61.5229,,,9.9,0.3,,,,15,31,16908,,,,26,191,,,,6,23548,,,,23,27559,,,,2,16690,,,,9,18495,,,,3,20948,,,,22,14787,,,,,,,,,,,,,,,,,,,,,,,,,,,,,,,,,,,,,,
180853,6-Jun-19,17:55:57,2019-06-06 17:55:57,G,6,,386,,0,9,-62.6392,-61.4118,55:57.3,FastGPS,-62.6392,-61.4118,,1,8.9,0.3,,,,15,7,24151,,,,23,25244,,,,29,8675,,,,9,13013,,,,16,22372,,,,5,167,,,,26,283,,,,4,1099,,,,2,5103,,,,,,,,,,,,,,,,,,,,,,,,,,,,,,,,,
180853,6-Jun-19,18:56:19,2019-06-06 18:56:19,G,2,,387,,0,9,-62.5964,-61.3255,56:18.3,FastGPS,-62.5964,-61.3255,,2,3.6,-0.7,,,,15,23,18520,,,,5,2326,,,,9,23660,,,,30,5316,,,,16,2081,,,,4,20901,,,,27,26373,,,,7,24190,,,,26,16133,,,,,,,,,,,,,,,,,,,,,,,,,,,,,,,,,
180853,6-Jun-19,19:56:16,2019-06-06 19:56:16,G,4,,388,,0,9,-62.5675,-61.2685,56:15.8,FastGPS,-62.5675,-61.2685,,1,7.9,-0.2,,,,15,5,5518,,,,16,22812,,,,27,19702,,,,8,10250,,,,30,15662,,,,4,32523,,,,13,27892,,,,7,19207,,,,21,29761,,,,,,,,,,,,,,,,,,,,,,,,,,,,,,,,,
180853,6-Jun-19,21:11:00,2019-06-06 21:11:00,G,2,,389,245,0,8,-62.626,-61.1963,10:59.3,FastGPS,-62.626,-61.1963,,,5.6,-0.7,,,,15,7,132,,,,13,1074,,,,27,27892,,,,5,13792,,,,8,5444,,,,30,17060,,,,15,24191,,,,28,1606,,,,,,,,,,,,,,,,,,,,,,,,,,,,,,,,,,,,,,
180853,6-Jun-19,22:41:15,2019-06-06 22:41:15,G,2,,390,247,0,8,-62.6635,-61.1694,41:13.8,FastGPS,-62.6635,-61.1694,,,14.7,-1.2,,,,15,13,29353,,,,24,27512,,,,17,3491,,,,10,6713,,,,15,8765,,,,30,2088,,,,28,20900,,,,20,15173,,,,,,,,,,,,,,,,,,,,,,,,,,,,,,,,,,,,,,
180853,7-Jun-19,0:41:01,2019-06-07 00:41:01,G,6,,392,247,0,7,-62.6439,-61.2902,41:00.3,FastGPS,-62.6439,-61.2902,,,8.4,-0.7,,,,15,17,5246,,,,15,2045,,,,12,19758,,,,19,143,,,,28,16360,,,,24,10320,,,,1,27840,,,,,,,,,,,,,,,,,,,,,,,,,,,,,,,,,,,,,,,,,,,
180853,7-Jun-19,1:41:00,2019-06-07 01:41:00,G,6,,393,247,1,5,-62.6331,-61.2825,40:59.8,FastGPS,-62.6331,-61.2825,,,3.2,-0.2,,,,15,6,19029,,,,24,19651,,,,17,5249,,,,19,21671,,,,12,6467,,,,,,,,,,,,,,,,,,,,,,,,,,,,,,,,,,,,,,,,,,,,,,,,,,,,,
180853,7-Jun-19,2:41:00,2019-06-07 02:41:00,G,2,,394,247,1,6,-62.633,-61.282,40:59.8,FastGPS,-62.633,-61.282,,,6.6,-0.2,,,,15,12,5287,,,,2,1831,,,,6,9599,,,,24,32021,,,,29,8406,,,,19,18165,,,,,,,,,,,,,,,,,,,,,,,,,,,,,,,,,,,,,,,,,,,,,,,,
180853,7-Jun-19,12:26:21,2019-06-07 12:26:21,G,2,,397,247,0,8,-62.5769,-61.4064,26:20.8,FastGPS,-62.5769,-61.4064,,,8.3,-0.2,,,,15,32,6341,,,,3,3156,,,,8,8313,,,,14,16027,,,,18,1555,,,,10,3481,,,,11,19658,,,,22,8562,,,,,,,,,,,,,,,,,,,,,,,,,,,,,,,,,,,,,,
180853,7-Jun-19,13:41:13,2019-06-07 13:41:13,G,8,,398,,0,9,-62.5155,-61.4157,41:12.8,FastGPS,-62.5155,-61.4157,,,5.7,-0.2,,,,15,32,18012,,,,14,17294,,,,11,7734,,,,22,27317,,,,18,16701,,,,3,9988,,,,1,6332,,,,31,20845,,,,17,5164,,,,,,,,,,,,,,,,,,,,,,,,,,,,,,,,,
180853,7-Jun-19,14:56:02,2019-06-07 14:56:02,G,4,,399,,0,9,-62.4672,-61.4643,56:01.8,FastGPS,-62.4672,-61.4643,,,11.9,-0.2,,,,15,31,14874,,,,23,14781,,,,17,2379,,,,1,5611,,,,22,10624,,,,3,9038,,,,14,6488,,,,12,11602,,,,19,25944,,,,,,,,,,,,,,,,,,,,,,,,,,,,,,,,,
180853,7-Jun-19,15:57:15,2019-06-07 15:57:15,G,2,,400,249,0,8,-62.5111,-61.4255,57:14.3,FastGPS,-62.5111,-61.4255,,,7.3,-0.7,,,,15,31,8470,,,,23,1772,,,,3,15909,,,,2,10421,,,,25,30896,,,,9,19086,,,,22,31557,,,,6,25012,,,,,,,,,,,,,,,,,,,,,,,,,,,,,,,,,,,,,,
180853,7-Jun-19,16:57:07,2019-06-07 16:57:07,G,2,,401,249,0,8,-62.568,-61.4054,57:07.3,FastGPS,-62.568,-61.4054,,1,13,0.3,,,,15,26,27916,,,,6,27267,,,,4,6747,,,,9,9041,,,,7,31417,,,,29,30541,,,,31,29600,,,,2,30482,,,,,,,,,,,,,,,,,,,,,,,,,,,,,,,,,,,,,,
180853,7-Jun-19,17:57:14,2019-06-07 17:57:14,G,6,,402,249,0,7,-62.6126,-61.3836,57:14.3,FastGPS,-62.6126,-61.3836,,1,5.4,0.3,,,,15,29,8316,,,,5,27222,,,,9,17346,,,,2,250,,,,7,15619,,,,4,14920,,,,6,29358,,,,,,,,,,,,,,,,,,,,,,,,,,,,,,,,,,,,,,,,,,,
180853,7-Jun-19,18:57:30,2019-06-07 18:57:30,G,2,,403,249,0,8,-62.6164,-61.4718,57:29.8,FastGPS,-62.6164,-61.4718,,1,11.5,-0.2,,,,15,7,31551,,,,30,26402,,,,4,19720,,,,9,13301,,,,16,28356,,,,26,31178,,,,5,19143,,,,2,16102,,,,,,,,,,,,,,,,,,,,,,,,,,,,,,,,,,,,,,
180853,7-Jun-19,19:59:24,2019-06-07 19:59:24,G,2,,404,249,0,8,-62.608,-61.4123,59:22.8,FastGPS,-62.608,-61.4123,,1,2.9,-1.2,,,,15,30,7075,,,,5,19477,,,,9,1945,,,,4,25884,,,,8,18036,,,,27,13045,,,,7,20190,,,,21,27434,,,,,,,,,,,,,,,,,,,,,,,,,,,,,,,,,,,,,,
180853,7-Jun-19,20:59:00,2019-06-07 20:59:00,G,2,,405,,0,9,-62.6192,-61.3034,58:59.3,FastGPS,-62.6192,-61.3034,,,8.3,-0.7,,,,15,7,19645,,,,27,29236,,,,5,27989,,,,13,3167,,,,30,17464,,,,8,18958,,,,15,12967,,,,28,21030,,,,21,22863,,,,,,,,,,,,,,,,,,,,,,,,,,,,,,,,,
180853,7-Jun-19,21:59:00,2019-06-07 21:59:00,G,4,,406,249,1,7,-62.6263,-61.2952,58:59.7,FastGPS,-62.6263,-61.2952,,,10.3,-0.3,,,,15,15,15442,,,,13,8065,,,,11,28416,,,,8,12618,,,,24,30708,,,,20,12029,,,,28,5843,,,,,,,,,,,,,,,,,,,,,,,,,,,,,,,,,,,,,,,,,,,
180853,8-Jun-19,13:11:24,2019-06-08 13:11:24,G,4,,408,251,0,8,-62.6238,-61.3199,11:23.3,FastGPS,-62.6238,-61.3199,,,18.5,-0.7,,,,15,32,17839,,,,31,15020,,,,17,26819,,,,1,10449,,,,18,9725,,,,14,2538,,,,22,14512,,,,11,31016,,,,,,,,,,,,,,,,,,,,,,,,,,,,,,,,,,,,,,
180853,8-Jun-19,14:14:17,2019-06-08 14:14:17,G,4,,409,251,0,8,-62.6017,-61.2696,14:16.8,FastGPS,-62.6017,-61.2696,,,8,-0.2,,,,15,17,26281,,,,23,18585,,,,3,19292,,,,31,31641,,,,22,1236,,,,1,2371,,,,11,12175,,,,18,15969,,,,,,,,,,,,,,,,,,,,,,,,,,,,,,,,,,,,,,
180853,8-Jun-19,20:09:39,2019-06-08 20:09:39,G,2,,410,251,0,5,-62.6272,-61.2978,6/8/2019 1:25,MC,-62.4394,-61.2502,,1,1.4,-1.2,,,,15,5,29109,,,,30,7301,,,,7,7921,,,,4,1380,,,,8,21584,,,,,,,,,,,,,,,,,,,,,,,,,,,,,,,,,,,,,,,,,,,,,,,,,,,,,
180853,8-Jun-19,22:27:59,2019-06-08 22:27:59,G,6,,411,,0,9,-62.4119,-61.0582,27:57.8,FastGPS,-62.4119,-61.0582,,,7.8,-1.2,,,,15,17,24498,,,,15,14241,,,,30,3678,,,,20,21970,,,,11,25141,,,,13,17850,,,,24,15569,,,,28,1776,,,,10,1177,,,,,,,,,,,,,,,,,,,,,,,,,,,,,,,,,
180853,9-Jun-19,0:28:48,2019-06-09 00:28:48,G,2,,412,252,0,6,-62.4092,-61.0268,28:46.7,FastGPS,-62.4092,-61.0268,,,9.5,-1.3,,,,15,24,23342,,,,1,16128,,,,17,25941,,,,12,22214,,,,32,18179,,,,19,14290,,,,,,,,,,,,,,,,,,,,,,,,,,,,,,,,,,,,,,,,,,,,,,,,
180853,9-Jun-19,4:13:46,2019-06-09 04:13:46,G,6,,413,252,0,8,-62.419,-61.0049,13:46.2,FastGPS,-62.419,-61.0049,,,7,0.2,,,,15,5,13785,,,,12,3521,,,,29,18506,,,,2,21381,,,,6,2393,,,,31,22824,,,,25,7674,,,,23,5804,,,,,,,,,,,,,,,,,,,,,,,,,,,,,,,,,,,,,,
180853,9-Jun-19,11:17:50,2019-06-09 11:17:50,G,4,,414,,0,9,-62.4655,-60.8929,17:49.2,FastGPS,-62.4655,-60.8929,,,8.9,-0.8,,,,15,11,31373,,,,18,20361,,,,8,3353,,,,10,13260,,,,20,31357,,,,1,9962,,,,32,19315,,,,24,20444,,,,28,14645,,,,,,,,,,,,,,,,,,,,,,,,,,,,,,,,,
180853,9-Jun-19,12:18:20,2019-06-09 12:18:20,G,4,,415,,0,9,-62.4804,-60.7926,18:19.7,FastGPS,-62.4804,-60.7926,,,7.6,-0.3,,,,15,10,31693,,,,1,10317,,,,11,11686,,,,32,1896,,,,18,27297,,,,22,32338,,,,17,24496,,,,14,11755,,,,24,14836,,,,,,,,,,,,,,,,,,,,,,,,,,,,,,,,,
180853,9-Jun-19,13:18:21,2019-06-09 13:18:21,G,2,,416,,0,9,-62.4747,-60.7985,18:20.2,FastGPS,-62.4747,-60.7985,,,8.6,-0.8,,,,15,17,7284,,,,18,14267,,,,31,24955,,,,22,29230,,,,11,2529,,,,3,20261,,,,19,6226,,,,32,20294,,,,14,26782,,,,,,,,,,,,,,,,,,,,,,,,,,,,,,,,,
180853,9-Jun-19,14:19:38,2019-06-09 14:19:38,G,2,,417,,0,9,-62.4671,-60.8082,19:36.7,FastGPS,-62.4671,-60.8082,,,9.3,-1.3,,,,15,31,10365,,,,23,19692,,,,11,31860,,,,17,31374,,,,32,24690,,,,14,16649,,,,3,20117,,,,18,1964,,,,22,17095,,,,,,,,,,,,,,,,,,,,,,,,,,,,,,,,,
180853,9-Jun-19,15:19:02,2019-06-09 15:19:02,G,2,,418,,0,9,-62.4584,-60.7824,19:00.7,FastGPS,-62.4584,-60.7824,,,15.5,-1.3,,,,15,23,31048,,,,31,22379,,,,22,6997,,,,9,12618,,,,25,26642,,,,3,1529,,,,19,20059,,,,6,9737,,,,17,28009,,,,,,,,,,,,,,,,,,,,,,,,,,,,,,,,,
180853,9-Jun-19,16:19:00,2019-06-09 16:19:00,G,2,,419,257,1,5,-62.4663,-60.7822,18:59.7,FastGPS,-62.4667,-60.7822,,1,0.5,-1.2,,,,15,9,31926,,,,6,21522,,,,4,24491,,,,23,26296,,,,3,32644,,,,,,,,,,,,,,,,,,,,,,,,,,,,,,,,,,,,,,,,,,,,,,,,,,,,,
180853,9-Jun-19,20:19:00,2019-06-09 20:19:00,G,6,,420,269,1,5,-62.4663,-60.7825,18:58.7,FastGPS,-62.4663,-60.7825,,,2.6,-1.3,,,,15,5,9533,,,,13,3685,,,,15,3976,,,,28,855,,,,30,11968,,,,,,,,,,,,,,,,,,,,,,,,,,,,,,,,,,,,,,,,,,,,,,,,,,,,,
180853,9-Jun-19,21:19:00,2019-06-09 21:19:00,G,4,,421,269,1,4,-62.4666,-60.7803,6/9/2019 21:24,NP,-62.4663,-60.7822,,,0.9,-0.3,,,,15,7,6100,,,,30,779,,,,28,4033,,,,8,32151,,,,,,,,,,,,,,,,,,,,,,,,,,,,,,,,,,,,,,,,,,,,,,,,,,,,,,,,,,
180853,9-Jun-19,22:19:00,2019-06-09 22:19:00,G,2,,422,269,1,6,-62.4664,-60.7828,18:58.7,FastGPS,-62.4664,-60.7828,,,3.7,-1.3,,,,15,30,29156,,,,28,6696,,,,11,24963,,,,17,3939,,,,13,28605,,,,18,13168,,,,,,,,,,,,,,,,,,,,,,,,,,,,,,,,,,,,,,,,,,,,,,,,
180853,10-Jun-19,7:57:50,2019-06-10 07:57:50,G,2,,,,,7,-62.4666,-60.7803,6/9/2019 21:24,NP,,,,,,,,,,15,10,10206,,,,20,26111,,,,5,22067,,,,14,30053,,,,13,24239,,,,30,21504,,,,32,0,,,,,,,,,,,,,,,,,,,,,,,,,,,,,,,,,,,,,,,,,,,
180853,10-Jun-19,10:24:05,2019-06-10 10:24:05,G,6,,423,269,0,7,-62.4649,-60.7826,24:03.7,FastGPS,-62.4649,-60.7826,,,5.1,-1.3,,,,15,27,12471,,,,10,6232,,,,32,27134,,,,8,17801,,,,20,18103,,,,15,10855,,,,18,19058,,,,,,,,,,,,,,,,,,,,,,,,,,,,,,,,,,,,,,,,,,,
180853,10-Jun-19,13:28:12,2019-06-10 13:28:12,G,6,,424,,0,9,-62.3693,-60.8917,28:11.2,FastGPS,-62.3693,-60.8917,,,8.3,-0.8,,,,15,17,11324,,,,32,31160,,,,11,20312,,,,14,30241,,,,31,31669,,,,3,15566,,,,18,30555,,,,1,17021,,,,22,3026,,,,,,,,,,,,,,,,,,,,,,,,,,,,,,,,,
180853,10-Jun-19,14:28:38,2019-06-10 14:28:38,G,4,,425,272,0,8,-62.3674,-60.8825,28:38.2,FastGPS,-62.3674,-60.8825,,,6.2,0.2,,,,15,23,25947,,,,3,11086,,,,31,10202,,,,14,12290,,,,18,25175,,,,1,3042,,,,11,25864,,,,22,13824,,,,,,,,,,,,,,,,,,,,,,,,,,,,,,,,,,,,,,
180853,10-Jun-19,16:13:46,2019-06-10 16:13:46,G,4,,426,275,0,7,-62.3567,-60.8283,13:46.2,FastGPS,-62.3567,-60.8283,,1,4.3,0.2,,,,15,6,24844,,,,2,26528,,,,9,32267,,,,3,8147,,,,23,29989,,,,4,23448,,,,31,30487,,,,,,,,,,,,,,,,,,,,,,,,,,,,,,,,,,,,,,,,,,,
180853,10-Jun-19,17:47:08,2019-06-10 17:47:08,G,2,,427,,0,9,-62.359,-60.8096,47:07.7,FastGPS,-62.359,-60.8096,,1,7.3,-0.3,,,,15,23,11649,,,,7,31475,,,,9,24949,,,,2,456,,,,16,13184,,,,30,5941,,,,4,24880,,,,6,26726,,,,26,32598,,,,,,,,,,,,,,,,,,,,,,,,,,,,,,,,,
180853,10-Jun-19,18:47:08,2019-06-10 18:47:08,G,2,,428,277,0,7,-62.3459,-60.8465,47:06.7,FastGPS,-62.3459,-60.8465,,1,11.6,-1.3,,,,15,5,26500,,,,7,7904,,,,4,25940,,,,30,6139,,,,16,31041,,,,9,17518,,,,27,30758,,,,,,,,,,,,,,,,,,,,,,,,,,,,,,,,,,,,,,,,,,,
180853,10-Jun-19,20:02:02,2019-06-10 20:02:02,G,2,,429,278,0,7,-62.3568,-60.8759,02:01.2,FastGPS,-62.3568,-60.8759,,1,5.5,-0.8,,,,15,5,32684,,,,30,13160,,,,13,25543,,,,7,13383,,,,21,6036,,,,27,22102,,,,4,6962,,,,,,,,,,,,,,,,,,,,,,,,,,,,,,,,,,,,,,,,,,,
180853,11-Jun-19,0:19:01,2019-06-11 00:19:01,G,2,,432,282,0,6,-62.3807,-60.857,18:59.7,FastGPS,-62.3807,-60.857,,,8,-1.3,,,,15,12,12494,,,,15,8038,,,,19,9403,,,,1,14791,,,,17,23947,,,,24,17704,,,,,,,,,,,,,,,,,,,,,,,,,,,,,,,,,,,,,,,,,,,,,,,,
180853,11-Jun-19,1:36:10,2019-06-11 01:36:10,G,2,,433,283,0,8,-62.3982,-60.8497,36:08.7,FastGPS,-62.3982,-60.8497,,,12.5,-1.3,,,,15,17,9259,,,,12,9798,,,,32,22700,,,,24,11093,,,,19,14439,,,,25,2231,,,,14,4155,,,,22,29095,,,,,,,,,,,,,,,,,,,,,,,,,,,,,,,,,,,,,,
180853,11-Jun-19,3:11:01,2019-06-11 03:11:01,G,6,,434,,0,9,-62.4127,-60.875,11:00.2,FastGPS,-62.4127,-60.875,,,8.6,-0.8,,,,15,12,24809,,,,31,28036,,,,6,7773,,,,25,22685,,,,24,15276,,,,29,8868,,,,14,30199,,,,2,8795,,,,32,25230,,,,,,,,,,,,,,,,,,,,,,,,,,,,,,,,,
180853,11-Jun-19,4:17:49,2019-06-11 04:17:49,G,6,,435,284,0,6,-62.3635,-60.9379,17:48.2,FastGPS,-62.3635,-60.9379,,,3.8,-0.8,,,,15,31,24992,,,,12,16358,,,,2,26988,,,,29,4342,,,,25,21087,,,,26,2946,,,,,,,,,,,,,,,,,,,,,,,,,,,,,,,,,,,,,,,,,,,,,,,,
180853,11-Jun-19,5:30:28,2019-06-11 05:30:28,G,6,,436,284,0,8,-62.3237,-60.9953,30:27.2,FastGPS,-62.3237,-60.9953,,,9.3,-0.8,,,,15,29,6549,,,,5,18069,,,,31,20653,,,,25,23190,,,,26,22885,,,,21,18229,,,,16,1827,,,,2,28456,,,,,,,,,,,,,,,,,,,,,,,,,,,,,,,,,,,,,,
180853,11-Jun-19,6:35:54,2019-06-11 06:35:54,G,2,,437,284,0,5,-62.317,-60.9893,35:52.7,FastGPS,-62.317,-60.9893,,,0.9,-1.3,,,,15,5,18730,,,,29,17638,,,,16,13800,,,,26,21079,,,,21,31814,,,,,,,,,,,,,,,,,,,,,,,,,,,,,,,,,,,,,,,,,,,,,,,,,,,,,
180853,11-Jun-19,9:00:12,2019-06-11 09:00:12,G,6,,438,284,0,7,-62.3814,-60.9941,00:10.7,FastGPS,-62.3814,-60.9941,,,9.3,-1.3,,,,15,10,19717,,,,27,25405,,,,7,566,,,,16,20487,,,,30,23201,,,,8,20288,,,,13,22126,,,,,,,,,,,,,,,,,,,,,,,,,,,,,,,,,,,,,,,,,,,
180853,11-Jun-19,13:40:54,2019-06-11 13:40:54,G,2,,439,,0,9,-62.5089,-60.8546,40:52.7,FastGPS,-62.5089,-60.8546,,,16.3,-1.3,,,,15,31,6108,,,,32,23802,,,,17,2707,,,,12,10324,,,,19,23780,,,,3,8163,,,,18,26320,,,,22,32249,,,,14,15569,,,,,,,,,,,,,,,,,,,,,,,,,,,,,,,,,
180853,11-Jun-19,14:41:33,2019-06-11 14:41:33,G,6,,440,,0,9,-62.4977,-60.8317,41:32.2,FastGPS,-62.4977,-60.8317,,,7.3,-0.8,,,,15,12,24341,,,,31,1065,,,,22,24113,,,,3,24258,,,,23,4443,,,,19,4355,,,,17,9325,,,,1,13071,,,,14,17530,,,,,,,,,,,,,,,,,,,,,,,,,,,,,,,,,
180853,11-Jun-19,16:26:13,2019-06-11 16:26:13,G,4,,441,287,0,8,-62.4682,-60.8048,26:11.7,FastGPS,-62.4682,-60.8048,,1,11.2,-1.3,,,,15,3,8764,,,,6,15635,,,,9,11566,,,,4,21061,,,,23,18675,,,,16,28294,,,,26,13453,,,,31,31179,,,,,,,,,,,,,,,,,,,,,,,,,,,,,,,,,,,,,,
180853,11-Jun-19,17:26:03,2019-06-11 17:26:03,G,6,,442,,0,9,-62.4631,-60.7811,26:02.1,FastGPS,-62.4631,-60.7811,,1,7.3,-0.8,,,,15,7,16273,,,,5,16552,,,,9,7543,,,,23,21797,,,,2,11017,,,,16,6454,,,,29,7452,,,,6,9140,,,,4,9749,,,,,,,,,,,,,,,,,,,,,,,,,,,,,,,,,
180853,11-Jun-19,18:26:00,2019-06-11 18:26:00,G,6,,443,,1,9,-62.4658,-60.7798,25:58.6,FastGPS,-62.4658,-60.7798,,1,4.1,-1.3,,,,15,5,20293,,,,30,15265,,,,7,28329,,,,9,29838,,,,23,15676,,,,16,31993,,,,2,22907,,,,6,19428,,,,4,9303,,,,,,,,,,,,,,,,,,,,,,,,,,,,,,,,,
180853,12-Jun-19,12:19:00,2019-06-12 12:19:00,G,2,,444,,0,9,-62.4652,-60.7807,18:58.7,FastGPS,-62.4652,-60.7807,,,8,-1.3,,,,15,32,2408,,,,11,10411,,,,17,11351,,,,1,5616,,,,14,8210,,,,3,15704,,,,18,25158,,,,8,10539,,,,28,1193,,,,,,,,,,,,,,,,,,,,,,,,,,,,,,,,,
180853,12-Jun-19,16:00:05,2019-06-12 16:00:05,G,6,,447,,0,9,-62.3769,-61.0248,00:03.6,FastGPS,-62.3769,-61.0248,,1,5.9,-1.4,,,,15,3,2288,,,,6,32721,,,,2,17076,,,,9,23245,,,,23,5282,,,,31,24086,,,,22,18293,,,,4,8458,,,,19,11345,,,,,,,,,,,,,,,,,,,,,,,,,,,,,,,,,
180853,12-Jun-19,17:00:21,2019-06-12 17:00:21,G,4,,448,288,0,8,-62.4015,-61.1178,00:20.1,FastGPS,-62.4015,-61.1178,,1,4.9,-0.9,,,,15,7,1089,,,,23,30051,,,,9,2366,,,,6,25897,,,,4,1368,,,,3,18280,,,,2,1728,,,,16,1494,,,,,,,,,,,,,,,,,,,,,,,,,,,,,,,,,,,,,,
180853,12-Jun-19,18:06:46,2019-06-12 18:06:46,G,6,,449,,0,9,-62.4259,-61.1227,06:45.1,FastGPS,-62.4259,-61.1227,,1,4.6,-0.9,,,,15,5,19353,,,,26,32102,,,,16,23481,,,,9,3835,,,,7,14639,,,,4,22417,,,,2,28282,,,,23,30224,,,,29,29458,,,,,,,,,,,,,,,,,,,,,,,,,,,,,,,,,
180853,12-Jun-19,19:12:31,2019-06-12 19:12:31,G,2,,450,288,0,8,-62.458,-61.0537,12:30.1,FastGPS,-62.458,-61.0537,,1,12.2,-0.9,,,,15,5,28155,,,,7,12995,,,,16,20249,,,,30,11626,,,,27,11220,,,,8,32423,,,,4,16579,,,,9,22591,,,,,,,,,,,,,,,,,,,,,,,,,,,,,,,,,,,,,,
180853,12-Jun-19,20:12:24,2019-06-12 20:12:24,G,4,,451,288,0,7,-62.4665,-61.0584,12:23.1,FastGPS,-62.4665,-61.0584,,1,11.5,-0.9,,,,15,7,7319,,,,30,30583,,,,5,19561,,,,13,11570,,,,4,18526,,,,15,17469,,,,28,16739,,,,,,,,,,,,,,,,,,,,,,,,,,,,,,,,,,,,,,,,,,,
180853,12-Jun-19,21:12:04,2019-06-12 21:12:04,G,4,,452,288,0,8,-62.4557,-61.0645,12:03.1,FastGPS,-62.4557,-61.0645,,,9.8,-0.9,,,,15,15,26365,,,,28,3368,,,,5,23758,,,,13,19201,,,,30,2831,,,,20,1577,,,,8,10876,,,,27,1455,,,,,,,,,,,,,,,,,,,,,,,,,,,,,,,,,,,,,,
180853,12-Jun-19,22:28:19,2019-06-12 22:28:19,G,2,,453,289,0,7,-62.4413,-61.0508,28:18.1,FastGPS,-62.4413,-61.0508,,,14.7,-0.9,,,,15,17,599,,,,30,28883,,,,15,22016,,,,28,18280,,,,24,15399,,,,19,27421,,,,20,18633,,,,,,,,,,,,,,,,,,,,,,,,,,,,,,,,,,,,,,,,,,,
180853,13-Jun-19,0:19:57,2019-06-13 00:19:57,G,8,,454,292,0,7,-62.4391,-61.0752,19:55.6,FastGPS,-62.4391,-61.0752,,,3.6,-1.4,,,,15,17,27834,,,,24,3934,,,,12,24371,,,,1,11595,,,,19,29306,,,,32,20459,,,,15,13119,,,,,,,,,,,,,,,,,,,,,,,,,,,,,,,,,,,,,,,,,,,
180853,13-Jun-19,1:20:10,2019-06-13 01:20:10,G,4,,455,292,0,6,-62.4403,-61.0794,20:08.6,FastGPS,-62.4402,-61.0794,,,11.5,-1.4,,,,15,24,6797,,,,12,7383,,,,32,30833,,,,25,17060,,,,19,8127,,,,14,30218,,,,,,,,,,,,,,,,,,,,,,,,,,,,,,,,,,,,,,,,,,,,,,,,
180853,13-Jun-19,2:51:15,2019-06-13 02:51:15,G,2,,456,294,0,5,-62.4341,-61.0423,51:14.2,FastGPS,-62.4341,-61.0423,,,0.6,-0.8,,,,15,25,2421,,,,19,2319,,,,29,25542,,,,31,18767,,,,12,8603,,,,,,,,,,,,,,,,,,,,,,,,,,,,,,,,,,,,,,,,,,,,,,,,,,,,,
180853,13-Jun-19,3:51:21,2019-06-13 03:51:21,G,2,,457,294,0,4,-62.4401,-61.0432,6/13/2019 3:57,MA,-62.4497,-61.0531,,,0.7,-1.4,,,,15,29,24680,,,,2,17697,,,,12,13141,,,,25,770,,,,,,,,,,,,,,,,,,,,,,,,,,,,,,,,,,,,,,,,,,,,,,,,,,,,,,,,,,
180853,13-Jun-19,11:13:06,2019-06-13 11:13:06,G,4,,463,299,0,7,-62.4304,-61.0702,13:05.1,FastGPS,-62.4304,-61.0702,,,6.2,-0.9,,,,15,1,216,,,,11,1827,,,,8,20806,,,,18,21940,,,,28,27874,,,,10,22358,,,,32,32246,,,,,,,,,,,,,,,,,,,,,,,,,,,,,,,,,,,,,,,,,,,
180853,13-Jun-19,12:51:12,2019-06-13 12:51:12,G,10,,464,,0,9,-62.4456,-61.1035,51:12.1,FastGPS,-62.4456,-61.1035,,,6.3,0.1,,,,15,11,20054,,,,14,24939,,,,32,5559,,,,3,11214,,,,18,31885,,,,1,31760,,,,17,12726,,,,22,2277,,,,31,7342,,,,,,,,,,,,,,,,,,,,,,,,,,,,,,,,,
180853,13-Jun-19,13:53:31,2019-06-13 13:53:31,G,2,,465,,0,9,-62.4571,-61.0843,53:30.6,FastGPS,-62.4571,-61.0843,,,5,-0.4,,,,15,1,10348,,,,3,24337,,,,12,6309,,,,11,21461,,,,17,32074,,,,18,25705,,,,23,26694,,,,14,397,,,,22,8525,,,,,,,,,,,,,,,,,,,,,,,,,,,,,,,,,
180853,13-Jun-19,19:36:15,2019-06-13 19:36:15,G,2,,469,306,0,6,-62.4897,-60.8701,36:14.0,FastGPS,-62.4897,-60.8701,,1,5,-1,,,,15,5,4587,,,,7,7420,,,,30,28537,,,,9,19133,,,,4,12786,,,,13,31920,,,,,,,,,,,,,,,,,,,,,,,,,,,,,,,,,,,,,,,,,,,,,,,,
180853,13-Jun-19,20:52:56,2019-06-13 20:52:56,G,2,,470,307,0,8,-62.479,-60.8074,52:54.6,FastGPS,-62.479,-60.8074,,,5.7,-1.4,,,,15,7,17751,,,,13,13915,,,,15,21955,,,,5,1384,,,,8,2582,,,,28,3284,,,,30,24838,,,,27,28532,,,,,,,,,,,,,,,,,,,,,,,,,,,,,,,,,,,,,,
180853,13-Jun-19,21:54:38,2019-06-13 21:54:38,G,2,,471,307,0,6,-62.4732,-60.799,54:36.6,FastGPS,-62.4732,-60.799,,,9.6,-1.4,,,,15,17,30115,,,,30,32491,,,,13,8275,,,,28,7235,,,,11,16339,,,,15,1429,,,,,,,,,,,,,,,,,,,,,,,,,,,,,,,,,,,,,,,,,,,,,,,,
180853,13-Jun-19,23:09:23,2019-06-13 23:09:23,G,4,,472,,0,9,-62.4823,-60.7978,09:21.5,FastGPS,-62.4823,-60.7978,,,13,-1.4,,,,15,17,13535,,,,18,3886,,,,15,20553,,,,11,9621,,,,1,4784,,,,13,30828,,,,19,23610,,,,28,14703,,,,24,20149,,,,,,,,,,,,,,,,,,,,,,,,,,,,,,,,,
180853,14-Jun-19,1:09:00,2019-06-14 01:09:00,G,10,,474,308,0,4,-62.4856,-60.8084,6/14/2019 6:36,NP,-62.4783,-60.8138,,,0.5,-0.9,,,,15,12,10081,,,,17,31975,,,,32,8781,,,,24,5031,,,,,,,,,,,,,,,,,,,,,,,,,,,,,,,,,,,,,,,,,,,,,,,,,,,,,,,,,,
180853,14-Jun-19,2:41:00,2019-06-14 02:41:00,G,6,,475,,0,9,-62.4733,-60.8054,40:58.6,FastGPS,-62.4733,-60.8054,,,8.9,-1.4,,,,15,12,3216,,,,19,16669,,,,6,18861,,,,25,9094,,,,31,14085,,,,2,17570,,,,3,21203,,,,29,17340,,,,14,22708,,,,,,,,,,,,,,,,,,,,,,,,,,,,,,,,,
180853,14-Jun-19,4:27:32,2019-06-14 04:27:32,G,8,,476,313,0,6,-62.4888,-60.833,27:30.6,FastGPS,-62.4888,-60.833,,,2.9,-1.4,,,,15,12,24434,,,,5,1443,,,,2,6870,,,,31,23697,,,,29,5473,,,,25,17281,,,,,,,,,,,,,,,,,,,,,,,,,,,,,,,,,,,,,,,,,,,,,,,,
180853,14-Jun-19,5:27:00,2019-06-14 05:27:00,G,10,,477,,1,9,-62.484,-60.8088,26:58.6,FastGPS,-62.484,-60.8088,,,5.4,-1.4,,,,15,5,20628,,,,31,14723,,,,26,7704,,,,29,21609,,,,16,1224,,,,2,13412,,,,21,19489,,,,25,11820,,,,9,24916,,,,,,,,,,,,,,,,,,,,,,,,,,,,,,,,,
180853,14-Jun-19,12:26:03,2019-06-14 12:26:03,G,2,,478,,0,9,-62.4855,-60.8223,26:01.5,FastGPS,-62.4855,-60.8223,,,12.4,-1.5,,,,15,32,32673,,,,11,8653,,,,1,6077,,,,18,22402,,,,3,20914,,,,14,6990,,,,17,9585,,,,19,7858,,,,22,4108,,,,,,,,,,,,,,,,,,,,,,,,,,,,,,,,,
180853,14-Jun-19,18:54:18,2019-06-14 18:54:18,G,10,,481,321,0,7,-62.4397,-61.0503,54:16.5,FastGPS,-62.4397,-61.0503,,1,5.5,-1.5,,,,15,7,2945,,,,30,2506,,,,9,6498,,,,5,32149,,,,13,12130,,,,4,19734,,,,16,32542,,,,,,,,,,,,,,,,,,,,,,,,,,,,,,,,,,,,,,,,,,,
180853,14-Jun-19,20:14:15,2019-06-14 20:14:15,G,8,,482,322,0,8,-62.3984,-61.1334,14:14.0,FastGPS,-62.3984,-61.1334,,1,8.4,-1,,,,15,7,5627,,,,30,24999,,,,15,28178,,,,5,29739,,,,28,1190,,,,4,10598,,,,13,10844,,,,8,16493,,,,,,,,,,,,,,,,,,,,,,,,,,,,,,,,,,,,,,
180853,14-Jun-19,22:25:05,2019-06-14 22:25:05,G,4,,483,,0,9,-62.389,-61.182,25:04.0,FastGPS,-62.389,-61.182,,,11.7,-1,,,,15,17,25058,,,,30,10267,,,,15,25923,,,,19,20154,,,,28,13946,,,,13,3284,,,,1,2547,,,,11,3860,,,,10,16122,,,,,,,,,,,,,,,,,,,,,,,,,,,,,,,,,
180853,14-Jun-19,23:27:03,2019-06-14 23:27:03,G,2,,484,,0,9,-62.3748,-61.2086,27:01.5,FastGPS,-62.3748,-61.2086,,,10.1,-1.5,,,,15,12,3192,,,,15,4489,,,,17,32306,,,,13,4181,,,,10,29243,,,,19,31447,,,,28,29956,,,,24,19515,,,,1,27335,,,,,,,,,,,,,,,,,,,,,,,,,,,,,,,,,
180853,15-Jun-19,0:46:35,2019-06-15 00:46:35,G,2,,485,,0,9,-62.3861,-61.2079,46:33.5,FastGPS,-62.3861,-61.2079,,,7.4,-1.5,,,,15,12,1123,,,,24,31380,,,,32,15045,,,,22,31964,,,,17,24925,,,,14,3414,,,,1,20423,,,,6,22758,,,,19,28543,,,,,,,,,,,,,,,,,,,,,,,,,,,,,,,,,
180853,15-Jun-19,1:47:02,2019-06-15 01:47:02,G,4,,486,326,0,7,-62.3655,-61.1992,47:01.0,FastGPS,-62.3655,-61.1992,,,7.7,-1,,,,15,17,25835,,,,6,7900,,,,19,12382,,,,2,31324,,,,25,10475,,,,24,5699,,,,32,23805,,,,,,,,,,,,,,,,,,,,,,,,,,,,,,,,,,,,,,,,,,,
180853,15-Jun-19,3:47:05,2019-06-15 03:47:05,G,2,-1,488,326,0,5,-62.3574,-61.1834,47:03.5,FastGPS,-62.3574,-61.1834,,,7.8,-0.5,,,,15,31,1886,,,,29,25971,,,,23,16051,,,,12,23304,,,,25,22798,,,,,,,,,,,,,,,,,,,,,,,,,,,,,,,,,,,,,,,,,,,,,,,,,,,,,
180853,15-Jun-19,6:04:00,2019-06-15 06:04:00,G,8,-1,490,327,0,5,-62.4135,-61.1689,03:59.0,FastGPS,-62.4135,-61.1689,,,2.2,0,,,,15,5,58,,,,26,4840,,,,21,30188,,,,16,21608,,,,29,21866,,,,,,,,,,,,,,,,,,,,,,,,,,,,,,,,,,,,,,,,,,,,,,,,,,,,,
180853,15-Jun-19,7:22:58,2019-06-15 07:22:58,G,8,-1,491,,0,9,-62.4415,-61.1383,22:56.5,FastGPS,-62.4415,-61.1383,,,7.1,-0.5,,,,15,15,7987,,,,5,15355,,,,16,15959,,,,26,19656,,,,13,23886,,,,20,339,,,,21,12884,,,,29,23630,,,,27,8966,,,,,,,,,,,,,,,,,,,,,,,,,,,,,,,,,
180853,15-Jun-19,8:23:35,2019-06-15 08:23:35,G,4,-1,492,328,0,7,-62.4278,-61.1556,6/15/2019 8:23,FastGPS,-62.4278,-61.1556,,,4.8,0,,,,15,21,146,,,,15,18446,,,,27,797,,,,26,14013,,,,16,29364,,,,10,22101,,,,20,1909,,,,,,,,,,,,,,,,,,,,,,,,,,,,,,,,,,,,,,,,,,,
180853,15-Jun-19,9:40:06,2019-06-15 09:40:06,G,4,-1,493,329,0,7,-62.3742,-61.1456,40:04.5,FastGPS,-62.3742,-61.1456,,,9.6,-0.5,,,,15,8,27032,,,,15,9289,,,,10,8104,,,,27,30747,,,,21,18505,,,,18,4452,,,,20,11381,,,,,,,,,,,,,,,,,,,,,,,,,,,,,,,,,,,,,,,,,,,
180853,15-Jun-19,10:55:32,2019-06-15 10:55:32,G,4,-1,494,,0,9,-62.3876,-61.1143,55:31.5,FastGPS,-62.3876,-61.1143,,,9.1,0.5,,,,15,11,13394,,,,8,9390,,,,18,2043,,,,10,15066,,,,1,28979,,,,28,24798,,,,22,15934,,,,32,4096,,,,20,30301,,,,,,,,,,,,,,,,,,,,,,,,,,,,,,,,,
180853,15-Jun-19,12:09:14,2019-06-15 12:09:14,G,2,-1,495,,0,9,-62.3899,-61.1316,09:13.5,FastGPS,-62.3899,-61.1316,,,10.6,0.5,,,,15,22,13620,,,,1,3181,,,,32,25008,,,,10,20712,,,,11,2493,,,,18,16476,,,,3,19102,,,,14,4307,,,,17,12391,,,,,,,,,,,,,,,,,,,,,,,,,,,,,,,,,
180853,15-Jun-19,13:26:01,2019-06-15 13:26:01,G,2,-1,496,,0,9,-62.3942,-61.1469,26:00.5,FastGPS,-62.3942,-61.1469,,,6.1,0.5,,,,15,17,25772,,,,22,23008,,,,1,32526,,,,11,4995,,,,31,32730,,,,3,1525,,,,18,12389,,,,23,12037,,,,32,5510,,,,,,,,,,,,,,,,,,,,,,,,,,,,,,,,,
180853,15-Jun-19,15:16:45,2019-06-15 15:16:45,G,4,-1,497,331,0,6,-62.4178,-61.1415,16:45.0,FastGPS,-62.4178,-61.1415,,,9,1,,,,15,6,8453,,,,23,22304,,,,31,23543,,,,22,32716,,,,3,2115,,,,26,11413,,,,,,,,,,,,,,,,,,,,,,,,,,,,,,,,,,,,,,,,,,,,,,,,
180853,15-Jun-19,16:17:26,2019-06-15 16:17:26,G,10,-1,498,,0,9,-62.4309,-61.1281,17:25.5,FastGPS,-62.4309,-61.1281,,1,7.3,0.5,,,,15,7,16155,,,,23,25924,,,,26,8572,,,,3,27649,,,,31,14007,,,,16,6054,,,,9,15166,,,,6,25127,,,,4,982,,,,,,,,,,,,,,,,,,,,,,,,,,,,,,,,,
180853,15-Jun-19,18:47:11,2019-06-15 18:47:11,G,6,-1,500,333,0,8,-62.4328,-61.1237,47:10.5,FastGPS,-62.4328,-61.1237,,1,15.5,0.5,,,,15,7,6406,,,,23,19507,,,,9,18191,,,,5,30331,,,,27,25747,,,,4,27340,,,,2,16142,,,,16,10001,,,,,,,,,,,,,,,,,,,,,,,,,,,,,,,,,,,,,,
180853,15-Jun-19,19:47:26,2019-06-15 19:47:26,G,4,-1,501,,0,9,-62.3876,-61.1143,55:31.5,FastGPS,,,,,,,,,,15,5,25073,,,,13,15397,,,,30,14260,,,,4,18237,,,,9,6950,,,,7,29855,,,,8,12384,,,,27,23713,,,,21,11254,,,,,,,,,,,,,,,,,,,,,,,,,,,,,,,,,
180853,15-Jun-19,20:52:05,2019-06-15 20:52:05,G,2,-1,502,333,0,7,-62.4177,-61.1132,52:04.0,FastGPS,-62.4177,-61.1132,,,11.5,0,,,,15,15,1521,,,,28,13736,,,,13,11364,,,,30,25360,,,,5,24840,,,,20,12096,,,,21,16864,,,,,,,,,,,,,,,,,,,,,,,,,,,,,,,,,,,,,,,,,,,
180853,15-Jun-19,23:09:47,2019-06-15 23:09:47,G,2,-1,503,,0,9,-62.4317,-61.1282,09:45.5,FastGPS,-62.4317,-61.1282,,,13.8,-0.5,,,,15,15,11353,,,,28,23397,,,,19,28640,,,,13,3028,,,,24,22181,,,,17,10515,,,,18,3709,,,,10,17356,,,,11,548,,,,,,,,,,,,,,,,,,,,,,,,,,,,,,,,,
180853,16-Jun-19,0:41:16,2019-06-16 00:41:16,G,4,-1,504,340,0,5,-62.4332,-61.1211,41:16.0,FastGPS,-62.4332,-61.1211,,,2.3,1,,,,15,17,14341,,,,12,15551,,,,19,14966,,,,15,6534,,,,24,17449,,,,,,,,,,,,,,,,,,,,,,,,,,,,,,,,,,,,,,,,,,,,,,,,,,,,,
180853,16-Jun-19,2:41:02,2019-06-16 02:41:02,G,2,-1,505,344,0,8,-62.4841,-61.0716,41:00.9,FastGPS,-62.4841,-61.0716,,,4.9,-0.1,,,,15,25,16171,,,,6,31069,,,,12,15506,,,,19,3311,,,,29,10215,,,,3,28116,,,,24,5000,,,,31,4762,,,,,,,,,,,,,,,,,,,,,,,,,,,,,,,,,,,,,,
180853,16-Jun-19,3:41:00,2019-06-16 03:41:00,G,4,-1,506,344,0,7,-62.5041,-60.9197,40:59.4,FastGPS,-62.5041,-60.9197,,,4.4,0.4,,,,15,29,23979,,,,31,3330,,,,5,14952,,,,6,2624,,,,25,27957,,,,2,12169,,,,23,19224,,,,,,,,,,,,,,,,,,,,,,,,,,,,,,,,,,,,,,,,,,,
180853,16-Jun-19,4:42:01,2019-06-16 04:42:01,G,2,-1,507,344,0,7,-62.485,-60.8236,42:00.4,FastGPS,-62.485,-60.8236,,1,3.2,0.4,,,,15,5,7565,,,,2,32151,,,,12,26341,,,,31,501,,,,29,26391,,,,4,14414,,,,9,18019,,,,,,,,,,,,,,,,,,,,,,,,,,,,,,,,,,,,,,,,,,,
180853,16-Jun-19,7:31:00,2019-06-16 07:31:00,G,4,-1,509,,0,9,-62.4618,-60.8161,30:59.4,FastGPS,-62.4618,-60.8161,,,11.4,0.4,,,,15,15,25266,,,,5,10252,,,,27,31092,,,,7,8037,,,,29,13698,,,,16,23260,,,,13,28792,,,,21,23182,,,,30,20314,,,,,,,,,,,,,,,,,,,,,,,,,,,,,,,,,
180853,16-Jun-19,8:31:11,2019-06-16 08:31:11,G,4,-1,510,347,0,8,-62.4557,-60.801,31:09.9,FastGPS,-62.4557,-60.801,,,10.2,-0.1,,,,15,27,1617,,,,15,10833,,,,21,11880,,,,10,12455,,,,16,4387,,,,13,23382,,,,20,28920,,,,7,15819,,,,,,,,,,,,,,,,,,,,,,,,,,,,,,,,,,,,,,
180853,16-Jun-19,9:31:00,2019-06-16 09:31:00,G,6,-1,511,347,0,4,-62.466,-60.7794,30:58.4,FastGPS,-62.4659,-60.7793,,,6,0.5,,,,15,15,26549,,,,20,26616,,,,21,17019,,,,10,9033,,,,,,,,,,,,,,,,,,,,,,,,,,,,,,,,,,,,,,,,,,,,,,,,,,,,,,,,,,
180853,16-Jun-19,10:31:00,2019-06-16 10:31:00,G,2,-1,512,,1,9,-62.4658,-60.7796,30:59.4,FastGPS,-62.4658,-60.7796,,,6.9,0.4,,,,15,10,4044,,,,24,5091,,,,28,8254,,,,15,4473,,,,20,18419,,,,11,30477,,,,18,22060,,,,8,13774,,,,32,4046,,,,,,,,,,,,,,,,,,,,,,,,,,,,,,,,,
180853,16-Jun-19,14:59:58,2019-06-16 14:59:58,G,2,-1,513,347,0,6,-62.4643,-60.7827,59:56.4,FastGPS,-62.4643,-60.7827,,,14.9,-0.6,,,,15,31,24822,,,,1,17896,,,,23,6397,,,,26,6558,,,,22,24948,,,,3,3647,,,,,,,,,,,,,,,,,,,,,,,,,,,,,,,,,,,,,,,,,,,,,,,,
180853,16-Jun-19,18:01:14,2019-06-16 18:01:14,G,2,-1,515,351,0,8,-62.5297,-60.8729,01:12.9,FastGPS,-62.5297,-60.8729,,1,9.1,-0.1,,,,15,7,18803,,,,5,5798,,,,30,26749,,,,9,2921,,,,4,8074,,,,16,1368,,,,29,18418,,,,2,5762,,,,,,,,,,,,,,,,,,,,,,,,,,,,,,,,,,,,,,
180853,16-Jun-19,19:16:01,2019-06-16 19:16:01,G,2,-1,516,352,0,7,-62.5605,-60.8633,15:59.9,FastGPS,-62.5605,-60.8633,,1,4.3,-0.1,,,,15,5,11010,,,,13,3535,,,,30,22017,,,,4,8170,,,,27,29465,,,,7,27747,,,,9,21870,,,,,,,,,,,,,,,,,,,,,,,,,,,,,,,,,,,,,,,,,,,
180853,16-Jun-19,20:16:12,2019-06-16 20:16:12,G,4,-1,517,352,0,6,-62.466,-60.7794,30:58.4,FastGPS,-62.564,-60.8583,,2,65.5,-0.1,,,,15,7,29482,,,,5,27024,,,,4,26575,,,,28,8180,,,,30,9560,,,,13,566,,,,,,,,,,,,,,,,,,,,,,,,,,,,,,,,,,,,,,,,,,,,,,,,
180853,16-Jun-19,22:16:07,2019-06-16 22:16:07,G,6,-1,518,356,0,6,-62.4836,-60.8139,16:06.9,FastGPS,-62.4836,-60.8139,,,7,0.9,,,,15,10,6651,,,,20,10174,,,,15,15989,,,,30,8033,,,,13,28682,,,,24,24492,,,,,,,,,,,,,,,,,,,,,,,,,,,,,,,,,,,,,,,,,,,,,,,,
180853,16-Jun-19,23:31:30,2019-06-16 23:31:30,G,4,-1,519,,0,9,-62.4575,-60.7926,31:29.4,FastGPS,-62.4575,-60.7926,,,11.8,0.4,,,,15,19,8707,,,,28,18797,,,,15,4709,,,,12,30253,,,,17,26648,,,,10,14516,,,,1,8178,,,,13,17493,,,,11,6742,,,,,,,,,,,,,,,,,,,,,,,,,,,,,,,,,
180853,17-Jun-19,0:31:00,2019-06-17 00:31:00,G,6,-1,520,357,1,5,-62.4657,-60.7789,30:59.4,FastGPS,-62.4657,-60.7789,,,4.2,0.4,,,,15,32,11480,,,,15,29144,,,,24,15713,,,,12,24253,,,,25,12827,,,,,,,,,,,,,,,,,,,,,,,,,,,,,,,,,,,,,,,,,,,,,,,,,,,,,
180853,17-Jun-19,1:31:00,2019-06-17 01:31:00,G,6,-1,521,357,1,5,-62.466,-60.7794,30:58.4,FastGPS,-62.466,-60.7794,,,3,-0.6,,,,15,32,15560,,,,14,32385,,,,24,17479,,,,25,758,,,,12,31090,,,,,,,,,,,,,,,,,,,,,,,,,,,,,,,,,,,,,,,,,,,,,,,,,,,,,
180853,17-Jun-19,2:31:00,2019-06-17 02:31:00,G,2,-1,522,357,1,6,-62.4659,-60.7801,30:59.4,FastGPS,-62.4659,-60.7801,,,4.9,0.4,,,,15,31,14422,,,,14,9564,,,,29,17233,,,,32,22178,,,,25,4647,,,,24,1784,,,,,,,,,,,,,,,,,,,,,,,,,,,,,,,,,,,,,,,,,,,,,,,,
180853,17-Jun-19,13:02:14,2019-06-17 13:02:14,G,4,-1,523,,0,9,-62.4654,-60.7822,02:13.4,FastGPS,-62.4654,-60.7822,,,17.4,0.4,,,,15,18,15450,,,,17,5724,,,,1,6584,,,,3,13291,,,,23,16125,,,,32,14748,,,,31,1774,,,,14,20022,,,,22,30257,,,,,,,,,,,,,,,,,,,,,,,,,,,,,,,,,
180853,17-Jun-19,14:02:50,2019-06-17 14:02:50,G,2,-1,524,,0,9,-62.4492,-60.8145,02:49.9,FastGPS,-62.4492,-60.8145,,,8.1,0.9,,,,15,17,18571,,,,31,22923,,,,22,19384,,,,23,16679,,,,18,21850,,,,3,21196,,,,11,23147,,,,1,1140,,,,19,12667,,,,,,,,,,,,,,,,,,,,,,,,,,,,,,,,,
180853,17-Jun-19,15:07:06,2019-06-17 15:07:06,G,4,-1,525,,0,9,-62.4565,-60.8248,07:04.9,FastGPS,-62.4565,-60.8248,,1,6.5,-0.1,,,,15,17,10713,,,,23,19734,,,,3,6078,,,,9,10909,,,,6,4723,,,,19,3957,,,,4,1808,,,,22,7233,,,,25,12010,,,,,,,,,,,,,,,,,,,,,,,,,,,,,,,,,
180853,17-Jun-19,17:07:12,2019-06-17 17:07:12,G,4,-1,527,357,0,7,-62.4499,-60.9839,07:10.4,FastGPS,-62.4499,-60.9839,,,4.9,-0.6,,,,15,7,29665,,,,6,13424,,,,9,1576,,,,23,24895,,,,2,29903,,,,16,7436,,,,30,22055,,,,,,,,,,,,,,,,,,,,,,,,,,,,,,,,,,,,,,,,,,,
180853,17-Jun-19,18:09:20,2019-06-17 18:09:20,G,2,-1,528,357,0,6,-62.416,-61.0851,09:18.4,FastGPS,-62.416,-61.0851,,1,1.1,-0.7,,,,15,7,20843,,,,30,25631,,,,4,21718,,,,9,27385,,,,23,22609,,,,16,1579,,,,,,,,,,,,,,,,,,,,,,,,,,,,,,,,,,,,,,,,,,,,,,,,
180853,17-Jun-19,19:11:04,2019-06-17 19:11:04,G,2,-1,529,,0,9,-62.4184,-61.1149,11:02.9,FastGPS,-62.4184,-61.1149,,,6.9,-0.1,,,,15,5,5195,,,,27,19102,,,,13,26729,,,,30,14493,,,,16,19370,,,,7,22022,,,,21,27010,,,,9,18088,,,,8,8938,,,,,,,,,,,,,,,,,,,,,,,,,,,,,,,,,
180853,17-Jun-19,20:11:03,2019-06-17 20:11:03,G,2,-1,530,357,0,8,-62.42,-61.0996,11:01.9,FastGPS,-62.42,-61.0996,,,4.3,-0.1,,,,15,7,2655,,,,5,1867,,,,13,1129,,,,30,13481,,,,8,27708,,,,15,30703,,,,9,5241,,,,27,21573,,,,,,,,,,,,,,,,,,,,,,,,,,,,,,,,,,,,,,
180853,17-Jun-19,22:30:14,2019-06-17 22:30:14,G,2,-1,532,,0,9,-62.4333,-61.03,30:13.4,FastGPS,-62.4333,-61.03,,,10.7,0.4,,,,15,15,16668,,,,17,29650,,,,18,816,,,,11,31259,,,,30,29898,,,,1,18146,,,,13,14387,,,,28,11578,,,,24,3954,,,,,,,,,,,,,,,,,,,,,,,,,,,,,,,,,
180853,17-Jun-19,23:37:55,2019-06-17 23:37:55,G,4,-1,533,,0,9,-62.4651,-60.9083,37:54.4,FastGPS,-62.4651,-60.9083,,,7.6,0.4,,,,15,17,32624,,,,24,8551,,,,15,32108,,,,12,6804,,,,1,2811,,,,11,5978,,,,19,30016,,,,18,7924,,,,10,22413,,,,,,,,,,,,,,,,,,,,,,,,,,,,,,,,,
180853,18-Jun-19,0:38:06,2019-06-18 00:38:06,G,4,-1,534,358,0,8,-62.4829,-60.7956,38:05.9,FastGPS,-62.4829,-60.7956,,,8.6,0.9,,,,15,12,22389,,,,32,2235,,,,24,6632,,,,17,29303,,,,6,18532,,,,19,6176,,,,25,26004,,,,22,19107,,,,,,,,,,,,,,,,,,,,,,,,,,,,,,,,,,,,,,
180853,18-Jun-19,1:38:30,2019-06-18 01:38:30,G,4,-1,535,358,0,8,-62.4682,-60.8047,38:29.4,FastGPS,-62.4682,-60.8047,,,7.8,0.4,,,,15,24,22077,,,,6,12257,,,,12,18573,,,,32,15564,,,,19,31979,,,,2,12050,,,,17,8772,,,,14,21367,,,,,,,,,,,,,,,,,,,,,,,,,,,,,,,,,,,,,,
180853,18-Jun-19,2:38:00,2019-06-18 02:38:00,G,6,-1,536,358,1,4,-62.461,-60.7935,22:59.4,FastGPS,-62.4608,-60.7948,,,1,0.4,,,,15,2,26486,,,,29,15365,,,,12,26159,,,,24,31827,,,,,,,,,,,,,,,,,,,,,,,,,,,,,,,,,,,,,,,,,,,,,,,,,,,,,,,,,,
180853,18-Jun-19,4:53:00,2019-06-18 04:53:00,G,6,-1,537,363,1,4,-62.4591,-60.798,6/18/2019 9:10,NP,-62.4608,-60.7949,,,0.9,0.4,,,,15,26,12575,,,,9,12421,,,,31,28173,,,,16,13884,,,,,,,,,,,,,,,,,,,,,,,,,,,,,,,,,,,,,,,,,,,,,,,,,,,,,,,,,,
180853,18-Jun-19,6:23:00,2019-06-18 06:23:00,G,8,-1,538,365,1,5,-62.4608,-60.7944,22:59.4,FastGPS,-62.4608,-60.7944,,,9.7,0.4,,,,15,16,9752,,,,27,27076,,,,26,385,,,,5,3435,,,,21,29281,,,,,,,,,,,,,,,,,,,,,,,,,,,,,,,,,,,,,,,,,,,,,,,,,,,,,
180853,18-Jun-19,7:23:00,2019-06-18 07:23:00,G,6,-1,539,365,1,5,-62.4591,-60.798,6/18/2019 9:10,NP,-62.5502,-62.9571,,,11020.8,-0.5,,,,15,27,6009,,,,7,14819,,,,16,30098,,,,5,2435,,,,15,13600,,,,,,,,,,,,,,,,,,,,,,,,,,,,,,,,,,,,,,,,,,,,,,,,,,,,,
180853,18-Jun-19,8:23:00,2019-06-18 08:23:00,G,6,-1,540,365,1,5,-62.4608,-60.7945,22:59.4,FastGPS,-62.4608,-60.7945,,,4.4,0.4,,,,15,8,26921,,,,27,22932,,,,7,4643,,,,13,11945,,,,16,25357,,,,,,,,,,,,,,,,,,,,,,,,,,,,,,,,,,,,,,,,,,,,,,,,,,,,,
180853,18-Jun-19,9:23:00,2019-06-18 09:23:00,G,6,-1,541,365,1,4,-62.4591,-60.798,6/18/2019 9:10,NP,-62.461,-60.7935,,,0.1,0.4,,,,15,8,3993,,,,18,4221,,,,11,4882,,,,27,23697,,,,,,,,,,,,,,,,,,,,,,,,,,,,,,,,,,,,,,,,,,,,,,,,,,,,,,,,,,
180853,18-Jun-19,10:23:00,2019-06-18 10:23:00,G,4,-1,542,365,1,6,-62.4608,-60.7966,22:59.3,FastGPS,-62.4608,-60.7966,,,10.7,0.4,,,,15,18,17943,,,,11,26410,,,,8,9191,,,,28,3904,,,,1,12318,,,,27,9435,,,,,,,,,,,,,,,,,,,,,,,,,,,,,,,,,,,,,,,,,,,,,,,,
180853,18-Jun-19,16:14:44,2019-06-18 16:14:44,G,2,-1,543,365,0,8,-62.4596,-60.7966,14:43.4,FastGPS,-62.4596,-60.7966,,1,8.7,0.4,,,,15,7,8764,,,,9,14364,,,,6,20646,,,,4,12129,,,,23,23195,,,,26,1875,,,,3,491,,,,16,20235,,,,,,,,,,,,,,,,,,,,,,,,,,,,,,,,,,,,,,
180853,18-Jun-19,18:23:38,2019-06-18 18:23:38,G,4,-1,544,365,0,6,-62.4354,-60.9504,23:37.9,FastGPS,-62.4354,-60.9504,,1,2.3,0.9,,,,15,5,30476,,,,7,27765,,,,9,7515,,,,4,32411,,,,2,22102,,,,30,15948,,,,,,,,,,,,,,,,,,,,,,,,,,,,,,,,,,,,,,,,,,,,,,,,
180853,18-Jun-19,20:41:14,2019-06-18 20:41:14,G,2,-1,545,366,0,8,-62.4115,-61.0484,41:12.9,FastGPS,-62.4115,-61.0484,,1,6.4,-0.1,,,,15,30,15694,,,,15,31506,,,,5,11888,,,,28,10821,,,,13,5963,,,,8,9714,,,,4,5199,,,,7,22563,,,,,,,,,,,,,,,,,,,,,,,,,,,,,,,,,,,,,,
180853,18-Jun-19,21:45:59,2019-06-18 21:45:59,G,6,-1,546,,0,9,-62.4291,-61.0259,45:57.4,FastGPS,-62.4291,-61.0259,,,15.7,-0.6,,,,15,13,602,,,,20,2640,,,,15,26333,,,,10,12408,,,,17,29808,,,,24,22672,,,,30,27261,,,,11,5831,,,,28,16128,,,,,,,,,,,,,,,,,,,,,,,,,,,,,,,,,
180853,19-Jun-19,3:02:54,2019-06-19 03:02:54,G,8,-1,547,368,0,5,-62.5304,-60.8976,02:53.4,FastGPS,-62.5304,-60.8976,,,4.6,0.4,,,,15,29,17508,,,,6,31545,,,,12,20954,,,,25,1044,,,,2,24654,,,,,,,,,,,,,,,,,,,,,,,,,,,,,,,,,,,,,,,,,,,,,,,,,,,,,
180853,19-Jun-19,4:30:37,2019-06-19 04:30:37,G,6,-1,548,369,0,8,-62.5386,-60.8961,30:36.4,FastGPS,-62.5386,-60.8961,,1,3.5,0.4,,,,15,31,26474,,,,29,21163,,,,26,2267,,,,23,3275,,,,9,14678,,,,25,22527,,,,2,24258,,,,4,11791,,,,,,,,,,,,,,,,,,,,,,,,,,,,,,,,,,,,,,
180853,19-Jun-19,5:30:41,2019-06-19 05:30:41,G,2,-1,549,369,0,7,-62.5477,-60.93,30:40.4,FastGPS,-62.5477,-60.93,,,8.6,0.4,,,,15,5,24428,,,,29,9591,,,,31,17269,,,,21,31920,,,,25,967,,,,26,26092,,,,16,2695,,,,,,,,,,,,,,,,,,,,,,,,,,,,,,,,,,,,,,,,,,,
180853,19-Jun-19,7:31:08,2019-06-19 07:31:08,G,2,-1,551,369,0,7,-62.5269,-60.8611,31:07.4,FastGPS,-62.5269,-60.8611,,,5.5,0.4,,,,15,20,14261,,,,26,29549,,,,16,31366,,,,10,22129,,,,21,478,,,,15,12402,,,,27,27768,,,,,,,,,,,,,,,,,,,,,,,,,,,,,,,,,,,,,,,,,,,
180853,19-Jun-19,9:47:46,2019-06-19 09:47:46,G,2,-1,553,,0,9,-62.478,-60.8138,47:44.8,FastGPS,-62.478,-60.8138,,,4.1,-0.2,,,,15,18,4571,,,,10,22613,,,,27,27428,,,,11,8712,,,,32,16544,,,,8,1565,,,,20,1134,,,,15,26795,,,,1,25990,,,,,,,,,,,,,,,,,,,,,,,,,,,,,,,,,
180853,19-Jun-19,11:49:16,2019-06-19 11:49:16,G,4,-1,555,,0,9,-62.4707,-60.7983,49:15.4,FastGPS,-62.4707,-60.7983,,,7.5,0.4,,,,15,32,9531,,,,1,10494,,,,22,13377,,,,11,17892,,,,17,11922,,,,3,15376,,,,10,20192,,,,28,12612,,,,18,32661,,,,,,,,,,,,,,,,,,,,,,,,,,,,,,,,,
180853,19-Jun-19,13:05:28,2019-06-19 13:05:28,G,10,-1,556,,0,9,-62.4788,-60.7962,05:26.8,FastGPS,-62.4788,-60.7962,,,9.3,-0.2,,,,15,1,30517,,,,17,16625,,,,18,18379,,,,14,4551,,,,23,16252,,,,19,601,,,,22,12468,,,,11,9496,,,,3,14846,,,,,,,,,,,,,,,,,,,,,,,,,,,,,,,,,
180853,19-Jun-19,14:20:01,2019-06-19 14:20:01,G,6,-1,557,,0,9,-62.4648,-60.8083,20:00.4,FastGPS,-62.4648,-60.8083,,,9.8,0.4,,,,15,31,28953,,,,19,17294,,,,17,31942,,,,6,13859,,,,14,28615,,,,18,32128,,,,1,26267,,,,3,15136,,,,22,26183,,,,,,,,,,,,,,,,,,,,,,,,,,,,,,,,,
180853,19-Jun-19,16:22:00,2019-06-19 16:22:00,G,4,-1,559,372,0,8,-62.4627,-60.8159,21:59.3,FastGPS,-62.4627,-60.8159,,,7.8,0.3,,,,15,7,1636,,,,2,12962,,,,9,5280,,,,23,3629,,,,3,18462,,,,6,180,,,,16,26280,,,,26,13751,,,,,,,,,,,,,,,,,,,,,,,,,,,,,,,,,,,,,,
180853,19-Jun-19,17:23:53,2019-06-19 17:23:53,G,4,-1,560,372,0,8,-62.461,-60.8172,23:52.3,FastGPS,-62.461,-60.8172,,1,9.6,0.3,,,,15,7,4724,,,,23,18384,,,,16,20692,,,,30,28497,,,,9,15488,,,,4,7292,,,,6,31180,,,,2,372,,,,,,,,,,,,,,,,,,,,,,,,,,,,,,,,,,,,,,
180853,19-Jun-19,23:42:00,2019-06-19 23:42:00,G,2,-1,566,373,1,5,-62.461,-60.7958,41:59.3,FastGPS,-62.461,-60.7959,,,3.8,0.3,,,,15,17,31668,,,,19,15981,,,,15,14929,,,,28,5500,,,,13,31768,,,,,,,,,,,,,,,,,,,,,,,,,,,,,,,,,,,,,,,,,,,,,,,,,,,,,
180853,20-Jun-19,0:42:00,2019-06-20 00:42:00,G,4,-1,567,373,1,6,-62.4609,-60.7962,41:59.3,FastGPS,-62.4609,-60.7962,,1,2.5,0.3,,,,15,17,17936,,,,19,18127,,,,6,23255,,,,24,17472,,,,12,13242,,,,7,16453,,,,,,,,,,,,,,,,,,,,,,,,,,,,,,,,,,,,,,,,,,,,,,,,
180853,20-Jun-19,2:04:01,2019-06-20 02:04:01,G,6,-1,568,373,0,5,-62.4601,-60.7968,04:00.8,FastGPS,-62.4601,-60.7968,,,6.7,0.8,,,,15,12,5389,,,,6,17734,,,,19,25810,,,,24,4515,,,,2,2181,,,,,,,,,,,,,,,,,,,,,,,,,,,,,,,,,,,,,,,,,,,,,,,,,,,,,
180853,20-Jun-19,3:04:01,2019-06-20 03:04:01,G,6,-1,569,373,0,4,-62.4612,-60.7878,6/20/2019 0:59,NN,-62.4501,-60.8177,,,0.4,-0.2,,,,15,31,20520,,,,12,23579,,,,2,10678,,,,25,19785,,,,,,,,,,,,,,,,,,,,,,,,,,,,,,,,,,,,,,,,,,,,,,,,,,,,,,,,,,
180853,20-Jun-19,4:05:36,2019-06-20 04:05:36,G,8,-1,570,373,0,6,-62.4262,-60.9508,05:34.3,FastGPS,-62.4262,-60.9508,,,7.2,-0.7,,,,15,29,16941,,,,2,8319,,,,25,21262,,,,31,31249,,,,26,24832,,,,12,21129,,,,,,,,,,,,,,,,,,,,,,,,,,,,,,,,,,,,,,,,,,,,,,,,
180853,20-Jun-19,5:05:43,2019-06-20 05:05:43,G,4,-1,571,373,0,6,-62.4111,-61.0469,05:41.8,FastGPS,-62.4111,-61.0469,,,5.8,-0.2,,,,15,31,22748,,,,29,3120,,,,5,7937,,,,25,17711,,,,21,21415,,,,26,3765,,,,,,,,,,,,,,,,,,,,,,,,,,,,,,,,,,,,,,,,,,,,,,,,
180853,20-Jun-19,6:06:59,2019-06-20 06:06:59,G,6,-1,572,373,0,7,-62.4005,-61.0758,06:58.3,FastGPS,-62.4005,-61.0758,,1,17.1,0.3,,,,15,7,24310,,,,5,4259,,,,26,21779,,,,21,23522,,,,4,25633,,,,9,10095,,,,16,7341,,,,,,,,,,,,,,,,,,,,,,,,,,,,,,,,,,,,,,,,,,,
180853,20-Jun-19,7:10:23,2019-06-20 07:10:23,G,6,-1,573,373,0,8,-62.4146,-61.0578,10:22.3,FastGPS,-62.4146,-61.0578,,,7.4,0.3,,,,15,29,26619,,,,15,4367,,,,16,19062,,,,13,12309,,,,20,503,,,,5,20456,,,,10,14919,,,,26,31535,,,,,,,,,,,,,,,,,,,,,,,,,,,,,,,,,,,,,,
180853,20-Jun-19,8:26:24,2019-06-20 08:26:24,G,4,-1,574,,0,9,-62.4099,-61.0899,26:23.8,FastGPS,-62.4099,-61.0899,,,8.8,0.8,,,,15,8,29301,,,,16,7892,,,,30,21379,,,,27,29342,,,,10,29361,,,,15,25001,,,,13,17418,,,,21,15652,,,,7,25511,,,,,,,,,,,,,,,,,,,,,,,,,,,,,,,,,
180853,20-Jun-19,9:42:24,2019-06-20 09:42:24,G,6,-1,575,,0,9,-62.4529,-61.1141,42:23.3,FastGPS,-62.4529,-61.1141,,,6,0.3,,,,15,10,22542,,,,20,3402,,,,18,1259,,,,27,30817,,,,15,29365,,,,8,1402,,,,11,5234,,,,32,10344,,,,1,21754,,,,,,,,,,,,,,,,,,,,,,,,,,,,,,,,,
180853,20-Jun-19,11:06:22,2019-06-20 11:06:22,G,6,-1,576,375,0,5,-62.5031,-61.0636,06:20.3,FastGPS,-62.5031,-61.0636,,,7,-0.7,,,,15,32,4215,,,,18,9006,,,,10,1850,,,,1,31362,,,,11,24272,,,,,,,,,,,,,,,,,,,,,,,,,,,,,,,,,,,,,,,,,,,,,,,,,,,,,
180853,20-Jun-19,14:16:19,2019-06-20 14:16:19,G,2,-1,578,,0,9,-62.5481,-60.9314,16:17.8,FastGPS,-62.5481,-60.9314,,,9.9,-0.2,,,,15,17,6039,,,,9,2014,,,,23,17976,,,,18,4081,,,,31,3308,,,,19,25090,,,,22,32294,,,,11,14240,,,,3,22263,,,,,,,,,,,,,,,,,,,,,,,,,,,,,,,,,
180853,20-Jun-19,16:51:03,2019-06-20 16:51:03,G,4,-1,580,381,0,8,-62.5461,-60.9374,51:01.3,FastGPS,-62.5461,-60.9374,,1,7.9,-0.7,,,,15,7,29002,,,,16,17965,,,,23,20368,,,,2,18471,,,,9,16718,,,,30,16791,,,,3,2552,,,,4,21465,,,,,,,,,,,,,,,,,,,,,,,,,,,,,,,,,,,,,,
180853,20-Jun-19,17:55:48,2019-06-20 17:55:48,G,4,-1,581,381,0,7,-62.5296,-60.9186,55:46.2,FastGPS,-62.5296,-60.9186,,1,2.6,-0.7,,,,15,30,5640,,,,9,17155,,,,23,14333,,,,16,24367,,,,7,5850,,,,5,9129,,,,4,9461,,,,,,,,,,,,,,,,,,,,,,,,,,,,,,,,,,,,,,,,,,,
180853,20-Jun-19,19:00:47,2019-06-20 19:00:47,G,4,-1,582,381,0,8,-62.4867,-60.9306,00:45.3,FastGPS,-62.4867,-60.9306,,1,5.9,-0.7,,,,15,4,10628,,,,7,31108,,,,30,28249,,,,13,13653,,,,9,21882,,,,5,16059,,,,27,2621,,,,28,22649,,,,,,,,,,,,,,,,,,,,,,,,,,,,,,,,,,,,,,
180853,20-Jun-19,20:25:01,2019-06-20 20:25:01,G,4,-1,583,382,0,8,-62.4543,-61.0258,24:59.3,FastGPS,-62.4543,-61.0258,,1,10.8,-0.7,,,,15,30,18388,,,,5,26630,,,,15,18835,,,,28,31628,,,,7,9638,,,,8,28432,,,,13,9753,,,,4,27557,,,,,,,,,,,,,,,,,,,,,,,,,,,,,,,,,,,,,,
180853,20-Jun-19,21:26:56,2019-06-20 21:26:56,G,4,-1,584,382,0,8,-62.4441,-61.0424,26:54.2,FastGPS,-62.4441,-61.0424,,,12.6,-0.8,,,,15,20,422,,,,13,20876,,,,15,16800,,,,10,18600,,,,11,29908,,,,28,20503,,,,8,18281,,,,30,11680,,,,,,,,,,,,,,,,,,,,,,,,,,,,,,,,,,,,,,
180853,20-Jun-19,22:30:53,2019-06-20 22:30:53,G,4,-1,585,382,0,7,-62.4425,-61.08,30:51.2,FastGPS,-62.4425,-61.08,,,8.1,-0.7,,,,15,15,26167,,,,17,1537,,,,19,7506,,,,13,24989,,,,24,8371,,,,30,27733,,,,28,1138,,,,,,,,,,,,,,,,,,,,,,,,,,,,,,,,,,,,,,,,,,,
180853,20-Jun-19,23:33:00,2019-06-20 23:33:00,G,2,-1,586,382,0,5,-62.4751,-61.0685,32:58.3,FastGPS,-62.4751,-61.0685,,,11.7,-0.7,,,,15,24,801,,,,12,17719,,,,15,18212,,,,17,14703,,,,28,11758,,,,,,,,,,,,,,,,,,,,,,,,,,,,,,,,,,,,,,,,,,,,,,,,,,,,,
180853,21-Jun-19,2:44:47,2019-06-21 02:44:47,G,2,-1,589,382,0,7,-62.4958,-61.0747,44:45.2,FastGPS,-62.4958,-61.0747,,,10.1,-0.8,,,,15,29,28636,,,,2,28996,,,,6,5310,,,,12,25531,,,,14,21233,,,,31,11547,,,,25,7046,,,,,,,,,,,,,,,,,,,,,,,,,,,,,,,,,,,,,,,,,,,
180853,21-Jun-19,3:47:59,2019-06-21 03:47:59,G,4,-1,590,382,0,8,-62.5211,-61.0561,47:57.2,FastGPS,-62.5211,-61.0561,,,2.8,-0.8,,,,15,25,4656,,,,31,28232,,,,29,22012,,,,23,22235,,,,6,23544,,,,26,23635,,,,9,2807,,,,2,3929,,,,,,,,,,,,,,,,,,,,,,,,,,,,,,,,,,,,,,
180853,21-Jun-19,4:48:09,2019-06-21 04:48:09,G,2,-1,591,382,0,6,-62.5448,-61.0549,48:07.8,FastGPS,-62.5448,-61.0549,,,5.9,-0.2,,,,15,5,7172,,,,25,18593,,,,2,30002,,,,29,31596,,,,26,12794,,,,21,30409,,,,,,,,,,,,,,,,,,,,,,,,,,,,,,,,,,,,,,,,,,,,,,,,
180853,21-Jun-19,5:48:25,2019-06-21 05:48:25,G,2,-1,592,382,0,4,-62.5653,-61.1272,06:56.7,FastGPS,-62.5411,-61.0358,,,0.2,-0.5,,,,15,29,15860,,,,16,6421,,,,5,8212,,,,26,29194,,,,,,,,,,,,,,,,,,,,,,,,,,,,,,,,,,,,,,,,,,,,,,,,,,,,,,,,,,
180853,21-Jun-19,8:51:23,2019-06-21 08:51:23,G,2,-1,593,386,0,8,-62.5525,-61.0805,51:21.7,FastGPS,-62.5525,-61.0805,,,5.1,-0.2,,,,15,15,20768,,,,10,11810,,,,21,5095,,,,27,18967,,,,16,27629,,,,20,15894,,,,18,8057,,,,13,29252,,,,,,,,,,,,,,,,,,,,,,,,,,,,,,,,,,,,,,
180853,21-Jun-19,9:53:49,2019-06-21 09:53:49,G,4,-1,594,386,0,7,-62.5407,-61.1015,53:47.7,FastGPS,-62.5407,-61.1015,,,13.3,-0.3,,,,15,10,27290,,,,32,31837,,,,27,4137,,,,18,4716,,,,11,11101,,,,8,22841,,,,1,9929,,,,,,,,,,,,,,,,,,,,,,,,,,,,,,,,,,,,,,,,,,,
180853,21-Jun-19,11:56:01,2019-06-21 11:56:01,G,2,-1,596,,0,9,-62.5618,-61.1283,55:59.2,FastGPS,-62.5618,-61.1283,,,7.5,-0.8,,,,15,32,16035,,,,28,11887,,,,18,7095,,,,22,14596,,,,1,20896,,,,3,29920,,,,14,20515,,,,19,20948,,,,11,26608,,,,,,,,,,,,,,,,,,,,,,,,,,,,,,,,,
180853,21-Jun-19,13:01:45,2019-06-21 13:01:45,G,6,-1,597,,0,9,-62.563,-61.1191,01:43.2,FastGPS,-62.563,-61.1191,,,16.3,-0.8,,,,15,18,11908,,,,17,27672,,,,23,16923,,,,31,2122,,,,14,3219,,,,3,1993,,,,22,23907,,,,1,32281,,,,11,4376,,,,,,,,,,,,,,,,,,,,,,,,,,,,,,,,,
180853,21-Jun-19,14:06:58,2019-06-21 14:06:58,G,2,-1,598,386,0,4,-62.4837,-60.8088,22:59.2,FastGPS,-62.5653,-61.1272,,,1.2,-0.3,,,,15,3,31513,,,,23,7807,,,,31,9723,,,,22,19478,,,,,,,,,,,,,,,,,,,,,,,,,,,,,,,,,,,,,,,,,,,,,,,,,,,,,,,,,,
180853,21-Jun-19,15:34:46,2019-06-21 15:34:46,G,2,-1,599,,0,9,-62.5608,-61.1307,34:44.2,FastGPS,-62.5608,-61.1307,,1,12,-0.8,,,,15,6,22711,,,,9,15697,,,,31,4259,,,,23,24428,,,,16,19440,,,,2,9304,,,,22,20625,,,,4,10355,,,,26,22746,,,,,,,,,,,,,,,,,,,,,,,,,,,,,,,,,
180853,21-Jun-19,16:35:06,2019-06-21 16:35:06,G,4,-1,600,,0,9,-62.5627,-61.1189,35:04.7,FastGPS,-62.5627,-61.1189,,1,9.6,-0.3,,,,15,16,12978,,,,29,3677,,,,9,29238,,,,26,10897,,,,4,13393,,,,2,15436,,,,7,31025,,,,23,10372,,,,6,4929,,,,,,,,,,,,,,,,,,,,,,,,,,,,,,,,,
180853,21-Jun-19,17:53:03,2019-06-21 17:53:03,G,2,-1,601,387,0,7,-62.5688,-61.1226,53:02.2,FastGPS,-62.5688,-61.1226,,1,2.3,0.2,,,,15,5,28738,,,,9,28542,,,,7,22260,,,,30,25461,,,,2,11468,,,,4,23767,,,,16,4092,,,,,,,,,,,,,,,,,,,,,,,,,,,,,,,,,,,,,,,,,,,
180853,21-Jun-19,18:53:04,2019-06-21 18:53:04,G,2,-1,602,387,0,6,-62.5623,-61.1284,53:03.2,FastGPS,-62.5623,-61.1284,,1,4.2,0.2,,,,15,7,12456,,,,5,25024,,,,4,28272,,,,30,30692,,,,9,10204,,,,13,7842,,,,,,,,,,,,,,,,,,,,,,,,,,,,,,,,,,,,,,,,,,,,,,,,
180853,21-Jun-19,20:45:07,2019-06-21 20:45:07,G,2,-1,603,387,0,6,-62.5137,-61.0599,45:06.2,FastGPS,-62.5137,-61.0599,,,4.4,0.2,,,,15,30,10772,,,,15,24844,,,,7,20550,,,,5,14880,,,,13,28119,,,,28,29089,,,,,,,,,,,,,,,,,,,,,,,,,,,,,,,,,,,,,,,,,,,,,,,,
180853,22-Jun-19,0:23:16,2019-06-22 00:23:16,G,4,-1,604,,0,9,-62.4986,-60.8752,23:15.2,FastGPS,-62.4986,-60.8752,,,12.9,0.2,,,,15,17,6219,,,,12,7501,,,,32,19661,,,,22,1346,,,,24,18222,,,,6,4664,,,,1,30066,,,,19,17583,,,,14,14615,,,,,,,,,,,,,,,,,,,,,,,,,,,,,,,,,
180853,22-Jun-19,1:23:00,2019-06-22 01:23:00,G,10,-1,605,,0,9,-62.4833,-60.808,22:59.2,FastGPS,-62.4833,-60.808,,,5.6,0.2,,,,15,22,2618,,,,12,10578,,,,3,21595,,,,14,13335,,,,32,6197,,,,31,11670,,,,29,32240,,,,25,11586,,,,24,10573,,,,,,,,,,,,,,,,,,,,,,,,,,,,,,,,,
180853,22-Jun-19,2:23:00,2019-06-22 02:23:00,G,8,-1,606,387,1,5,-62.4837,-60.8088,22:59.2,FastGPS,-62.4837,-60.8088,,,3.3,0.2,,,,15,29,10771,,,,31,4820,,,,32,20280,,,,25,2825,,,,3,23162,,,,,,,,,,,,,,,,,,,,,,,,,,,,,,,,,,,,,,,,,,,,,,,,,,,,,
180853,22-Jun-19,4:23:00,2019-06-22 04:23:00,G,2,-1,608,387,1,6,-62.4834,-60.8082,22:59.2,FastGPS,-62.4834,-60.8082,,,9,0.2,,,,15,23,31667,,,,31,20651,,,,9,24634,,,,29,25583,,,,26,23633,,,,21,1769,,,,,,,,,,,,,,,,,,,,,,,,,,,,,,,,,,,,,,,,,,,,,,,,
180853,22-Jun-19,13:35:04,2019-06-22 13:35:04,G,8,-1,609,,0,9,-62.4832,-60.8096,35:03.2,FastGPS,-62.4832,-60.8096,,,10.4,0.2,,,,15,17,2346,,,,31,11858,,,,12,9841,,,,22,28723,,,,23,18969,,,,6,17842,,,,3,14207,,,,14,7008,,,,1,23916,,,,,,,,,,,,,,,,,,,,,,,,,,,,,,,,,
180853,22-Jun-19,16:52:24,2019-06-22 16:52:24,G,8,-1,610,,0,9,-62.4352,-61.0696,52:23.2,FastGPS,-62.4352,-61.0696,,1,8.9,0.2,,,,15,23,9843,,,,7,24584,,,,9,9243,,,,2,28995,,,,6,31460,,,,5,32129,,,,30,21639,,,,16,22283,,,,4,31379,,,,,,,,,,,,,,,,,,,,,,,,,,,,,,,,,
180853,23-Jun-19,1:13:35,2019-06-23 01:13:35,G,6,-1,611,389,0,8,-62.3916,-61.0587,13:34.7,FastGPS,-62.3916,-61.0587,,,8.6,0.7,,,,15,17,10900,,,,2,3459,,,,6,17261,,,,19,24491,,,,12,28848,,,,32,1810,,,,24,18629,,,,14,30939,,,,,,,,,,,,,,,,,,,,,,,,,,,,,,,,,,,,,,
180853,23-Jun-19,5:07:50,2019-06-23 05:07:50,G,6,-1,612,390,0,6,-62.46,-61.0191,07:49.6,FastGPS,-62.46,-61.0191,,,6.4,0.7,,,,15,29,19272,,,,21,31187,,,,26,11091,,,,25,27738,,,,31,7413,,,,5,20767,,,,,,,,,,,,,,,,,,,,,,,,,,,,,,,,,,,,,,,,,,,,,,,,
180853,23-Jun-19,6:39:36,2019-06-23 06:39:36,G,2,-1,613,390,0,8,-62.4925,-60.98,39:35.6,FastGPS,-62.4925,-60.98,,,10.4,0.7,,,,15,20,10441,,,,29,27709,,,,21,26579,,,,27,19401,,,,26,1800,,,,16,31743,,,,10,2388,,,,15,25538,,,,,,,,,,,,,,,,,,,,,,,,,,,,,,,,,,,,,,
180853,23-Jun-19,8:42:00,2019-06-23 08:42:00,G,2,-1,614,391,0,8,-62.5373,-60.9269,41:59.7,FastGPS,-62.5373,-60.9269,,,9,0.7,,,,15,15,14747,,,,8,24792,,,,10,1714,,,,30,13572,,,,18,26950,,,,27,10996,,,,13,24696,,,,21,3723,,,,,,,,,,,,,,,,,,,,,,,,,,,,,,,,,,,,,,
180853,23-Jun-19,11:36:41,2019-06-23 11:36:41,G,2,-1,615,393,0,7,-62.5725,-60.842,36:40.6,FastGPS,-62.5725,-60.842,,,12.9,0.7,,,,15,10,7539,,,,32,11871,,,,8,11585,,,,18,1914,,,,14,23491,,,,22,28778,,,,1,21816,,,,,,,,,,,,,,,,,,,,,,,,,,,,,,,,,,,,,,,,,,,
180853,23-Jun-19,12:37:01,2019-06-23 12:37:01,G,2,-1,616,,0,9,-62.5742,-60.8401,37:00.6,FastGPS,-62.5742,-60.8401,,,9.6,0.6,,,,15,31,16618,,,,32,484,,,,14,6276,,,,18,1589,,,,12,12368,,,,1,24106,,,,17,22969,,,,11,24111,,,,19,18501,,,,,,,,,,,,,,,,,,,,,,,,,,,,,,,,,
180853,23-Jun-19,13:52:57,2019-06-23 13:52:57,G,8,-1,617,394,0,8,-62.5744,-60.8397,52:56.1,FastGPS,-62.5744,-60.8397,,,3.7,0.1,,,,15,31,25797,,,,22,17416,,,,23,3143,,,,3,16234,,,,14,9934,,,,32,26008,,,,1,1822,,,,17,2046,,,,,,,,,,,,,,,,,,,,,,,,,,,,,,,,,,,,,,
180853,23-Jun-19,15:08:02,2019-06-23 15:08:02,G,8,-1,618,395,0,5,-62.5778,-60.8909,08:01.6,FastGPS,-62.5778,-60.8909,,,1.1,0.6,,,,15,31,17357,,,,26,20770,,,,6,32229,,,,23,5997,,,,9,1510,,,,,,,,,,,,,,,,,,,,,,,,,,,,,,,,,,,,,,,,,,,,,,,,,,,,,
180853,23-Jun-19,16:08:01,2019-06-23 16:08:01,G,2,-1,619,,0,9,-62.5887,-60.9155,07:59.1,FastGPS,-62.5887,-60.9155,,1,7.2,-0.9,,,,15,7,3344,,,,23,22269,,,,9,1699,,,,6,19549,,,,2,7944,,,,4,19275,,,,16,25654,,,,3,585,,,,26,7688,,,,,,,,,,,,,,,,,,,,,,,,,,,,,,,,,
180853,23-Jun-19,17:23:21,2019-06-23 17:23:21,G,2,-1,620,396,0,8,-62.5778,-60.8909,08:01.6,FastGPS,-62.5867,-60.9557,,4,1.1,-1.5,,,,15,23,764,,,,5,6540,,,,9,16291,,,,26,10917,,,,7,30912,,,,16,6163,,,,30,16724,,,,4,5200,,,,,,,,,,,,,,,,,,,,,,,,,,,,,,,,,,,,,,
180853,23-Jun-19,18:53:25,2019-06-23 18:53:25,G,2,-1,621,398,0,8,-62.5882,-60.8794,53:23.1,FastGPS,-62.5882,-60.8794,,1,14.8,-0.9,,,,15,5,16147,,,,7,23929,,,,8,15182,,,,21,23536,,,,27,12495,,,,4,30723,,,,30,2886,,,,9,3063,,,,,,,,,,,,,,,,,,,,,,,,,,,,,,,,,,,,,,
180853,23-Jun-19,22:28:04,2019-06-23 22:28:04,G,4,-1,623,,0,9,-62.5666,-60.856,28:03.1,FastGPS,-62.5666,-60.856,,,8.1,0.1,,,,15,17,10667,,,,15,21700,,,,19,22973,,,,11,12174,,,,1,4634,,,,18,5571,,,,13,31867,,,,28,18018,,,,24,18454,,,,,,,,,,,,,,,,,,,,,,,,,,,,,,,,,
180853,23-Jun-19,23:28:01,2019-06-23 23:28:01,G,4,-1,624,404,0,5,-62.5791,-60.883,28:00.1,FastGPS,-62.5791,-60.883,,,15.5,0.1,,,,15,10,499,,,,24,14159,,,,12,17051,,,,15,25679,,,,32,18753,,,,,,,,,,,,,,,,,,,,,,,,,,,,,,,,,,,,,,,,,,,,,,,,,,,,,
180853,24-Jun-19,1:18:40,2019-06-24 01:18:40,G,2,-1,625,407,0,7,-62.5569,-60.8372,18:39.6,FastGPS,-62.5569,-60.8372,,,21.8,0.6,,,,15,12,25556,,,,19,20350,,,,24,9067,,,,2,2316,,,,32,14474,,,,17,26082,,,,29,29463,,,,,,,,,,,,,,,,,,,,,,,,,,,,,,,,,,,,,,,,,,,
180853,24-Jun-19,5:03:15,2019-06-24 05:03:15,G,2,-1,628,410,0,4,-62.5778,-60.8909,08:01.6,FastGPS,-62.4814,-60.801,,,0.5,0.1,,,,15,16,23164,,,,26,28574,,,,29,7125,,,,9,25486,,,,,,,,,,,,,,,,,,,,,,,,,,,,,,,,,,,,,,,,,,,,,,,,,,,,,,,,,,
180853,24-Jun-19,7:34:00,2019-06-24 07:34:00,G,2,-1,630,412,1,5,-62.4583,-60.7896,6/24/2019 7:33,FastGPS,-62.4583,-60.7896,,,1,0,,,,15,15,816,,,,20,11442,,,,10,1056,,,,21,188,,,,26,2416,,,,,,,,,,,,,,,,,,,,,,,,,,,,,,,,,,,,,,,,,,,,,,,,,,,,,
180853,24-Jun-19,8:34:00,2019-06-24 08:34:00,G,4,-1,631,412,1,4,-62.4814,-60.801,03:14.1,FastGPS,-62.4622,-60.8022,,,1.6,-0.1,,,,15,15,4768,,,,21,7831,,,,20,31673,,,,10,13152,,,,,,,,,,,,,,,,,,,,,,,,,,,,,,,,,,,,,,,,,,,,,,,,,,,,,,,,,,
180853,24-Jun-19,9:34:00,2019-06-24 09:34:00,G,6,-1,632,412,1,4,-62.4814,-60.801,03:14.1,FastGPS,-62.461,-60.7964,,,1.5,-0.9,,,,15,20,23791,,,,24,31393,,,,10,26886,,,,32,24969,,,,,,,,,,,,,,,,,,,,,,,,,,,,,,,,,,,,,,,,,,,,,,,,,,,,,,,,,,
180853,24-Jun-19,10:34:00,2019-06-24 10:34:00,G,2,-1,633,412,1,6,-62.461,-60.7959,33:58.1,FastGPS,-62.461,-60.7959,,,3.9,-0.9,,,,15,32,31020,,,,10,17888,,,,14,15512,,,,8,19427,,,,20,16874,,,,27,2124,,,,,,,,,,,,,,,,,,,,,,,,,,,,,,,,,,,,,,,,,,,,,,,,
180853,25-Jun-19,0:46:02,2019-06-25 00:46:02,G,2,-1,634,412,0,8,-62.46,-60.7954,46:01.1,FastGPS,-62.46,-60.7954,,,12.3,0.1,,,,15,12,5204,,,,24,9584,,,,32,9478,,,,2,7652,,,,19,13085,,,,25,9983,,,,6,9449,,,,14,1487,,,,,,,,,,,,,,,,,,,,,,,,,,,,,,,,,,,,,,
180853,25-Jun-19,1:46:01,2019-06-25 01:46:01,G,4,-1,635,,0,9,-62.4321,-60.8579,46:00.1,FastGPS,-62.4321,-60.8579,,,7.6,0.1,,,,15,29,18902,,,,6,7637,,,,2,1260,,,,12,28033,,,,32,18604,,,,24,18824,,,,31,23910,,,,25,1798,,,,19,6597,,,,,,,,,,,,,,,,,,,,,,,,,,,,,,,,,
180853,25-Jun-19,2:46:37,2019-06-25 02:46:37,G,4,-1,636,412,0,7,-62.3939,-60.9732,46:36.6,FastGPS,-62.3939,-60.9732,,,7.1,0.6,,,,15,29,17807,,,,12,4194,,,,31,18400,,,,25,10972,,,,6,9495,,,,14,15986,,,,2,828,,,,,,,,,,,,,,,,,,,,,,,,,,,,,,,,,,,,,,,,,,,
180853,25-Jun-19,4:01:20,2019-06-25 04:01:20,G,4,-1,637,413,0,8,-62.3905,-61.0364,01:19.1,FastGPS,-62.3905,-61.0364,,,8.8,0.1,,,,15,31,10549,,,,23,15754,,,,5,31566,,,,26,25678,,,,25,12682,,,,29,27475,,,,2,17549,,,,9,13040,,,,,,,,,,,,,,,,,,,,,,,,,,,,,,,,,,,,,,
180853,25-Jun-19,5:01:07,2019-06-25 05:01:07,G,4,-1,638,413,0,8,-62.3675,-61.0867,01:06.6,FastGPS,-62.3675,-61.0867,,1,10.8,0.6,,,,15,5,10195,,,,29,6611,,,,25,12149,,,,21,28549,,,,31,24906,,,,16,2785,,,,26,4222,,,,4,8859,,,,,,,,,,,,,,,,,,,,,,,,,,,,,,,,,,,,,,
180853,25-Jun-19,12:35:14,2019-06-25 12:35:14,G,4,-1,644,,0,9,-62.3852,-61.1362,35:13.1,FastGPS,-62.3852,-61.1362,,,7.6,0.1,,,,15,32,9974,,,,31,6275,,,,14,27691,,,,18,17112,,,,11,8351,,,,17,27691,,,,1,18555,,,,19,1326,,,,3,12758,,,,,,,,,,,,,,,,,,,,,,,,,,,,,,,,,
180853,25-Jun-19,13:35:00,2019-06-25 13:35:00,G,2,-1,645,419,0,7,-62.3983,-61.0991,34:59.6,FastGPS,-62.3983,-61.0991,,,12.1,0.6,,,,15,31,20871,,,,19,6569,,,,6,1995,,,,14,19225,,,,3,17655,,,,17,2541,,,,22,6770,,,,,,,,,,,,,,,,,,,,,,,,,,,,,,,,,,,,,,,,,,,
180853,25-Jun-19,14:35:18,2019-06-25 14:35:18,G,4,-1,646,,0,9,-62.3865,-61.0992,35:17.0,FastGPS,-62.3865,-61.0992,,1,10.7,0.1,,,,15,31,3345,,,,3,18209,,,,22,18965,,,,23,3434,,,,17,23061,,,,19,14918,,,,4,18619,,,,9,29686,,,,6,20900,,,,,,,,,,,,,,,,,,,,,,,,,,,,,,,,,
180853,25-Jun-19,16:53:27,2019-06-25 16:53:27,G,2,-1,648,,0,9,-62.4146,-61.1358,53:25.0,FastGPS,-62.4146,-61.1358,,1,9.2,-1,,,,15,5,21577,,,,9,4989,,,,23,23543,,,,2,2680,,,,16,1751,,,,7,4685,,,,26,31955,,,,30,18247,,,,4,19094,,,,,,,,,,,,,,,,,,,,,,,,,,,,,,,,,
180853,25-Jun-19,17:54:42,2019-06-25 17:54:42,G,2,-1,649,420,0,7,-62.4034,-61.1325,54:40.5,FastGPS,-62.4034,-61.1325,,1,4.5,-0.5,,,,15,5,12811,,,,7,10682,,,,26,21354,,,,30,29065,,,,4,16274,,,,27,26293,,,,23,7589,,,,,,,,,,,,,,,,,,,,,,,,,,,,,,,,,,,,,,,,,,,
180853,25-Jun-19,18:59:32,2019-06-25 18:59:32,G,2,-1,650,420,0,7,-62.403,-61.1295,59:30.5,FastGPS,-62.403,-61.1295,,,10.8,-0.5,,,,15,5,3861,,,,15,11452,,,,7,20372,,,,21,6988,,,,30,13424,,,,13,24952,,,,8,25467,,,,,,,,,,,,,,,,,,,,,,,,,,,,,,,,,,,,,,,,,,,
180853,25-Jun-19,21:01:00,2019-06-25 21:01:00,G,4,-1,651,424,0,4,-62.6099,-61.0663,38:09.0,FastGPS,-62.4418,-61.1171,,,0.8,-0.4,,,,15,15,9540,,,,13,28741,,,,8,4772,,,,17,18218,,,,,,,,,,,,,,,,,,,,,,,,,,,,,,,,,,,,,,,,,,,,,,,,,,,,,,,,,,
180853,25-Jun-19,23:31:07,2019-06-25 23:31:07,G,6,-1,653,,0,9,-62.4568,-61.1213,31:06.5,FastGPS,-62.4568,-61.1213,,,6.7,0.5,,,,15,17,23916,,,,32,5622,,,,12,7849,,,,24,4886,,,,10,10343,,,,15,26349,,,,1,1738,,,,18,30657,,,,19,31800,,,,,,,,,,,,,,,,,,,,,,,,,,,,,,,,,
180853,26-Jun-19,1:01:11,2019-06-26 01:01:11,G,2,-1,654,428,0,8,-62.51,-61.1306,01:10.5,FastGPS,-62.51,-61.1306,,,11.3,0.6,,,,15,12,21742,,,,32,28656,,,,25,8870,,,,22,25171,,,,17,6338,,,,14,24794,,,,19,17824,,,,24,11203,,,,,,,,,,,,,,,,,,,,,,,,,,,,,,,,,,,,,,
180853,26-Jun-19,5:21:09,2019-06-26 05:21:09,G,4,-1,656,429,0,5,-62.5589,-61.0276,21:08.5,FastGPS,-62.5589,-61.0276,,,3.7,0.5,,,,15,29,31426,,,,31,2231,,,,21,16082,,,,25,12297,,,,5,12998,,,,,,,,,,,,,,,,,,,,,,,,,,,,,,,,,,,,,,,,,,,,,,,,,,,,,
180853,26-Jun-19,6:21:11,2019-06-26 06:21:11,G,4,-1,657,429,0,7,-62.5666,-61.0395,21:09.0,FastGPS,-62.5666,-61.0395,,,6.8,-1,,,,15,5,15050,,,,29,236,,,,7,9056,,,,16,6037,,,,13,11856,,,,26,27340,,,,27,6307,,,,,,,,,,,,,,,,,,,,,,,,,,,,,,,,,,,,,,,,,,,
180853,26-Jun-19,7:22:35,2019-06-26 07:22:35,G,4,-1,658,,0,9,-62.5974,-61.0781,22:33.5,FastGPS,-62.5974,-61.0781,,,9.8,-0.5,,,,15,7,28771,,,,27,20102,,,,15,19552,,,,16,26438,,,,30,23960,,,,13,13466,,,,10,11474,,,,20,29043,,,,21,31917,,,,,,,,,,,,,,,,,,,,,,,,,,,,,,,,,
180853,26-Jun-19,8:23:24,2019-06-26 08:23:24,G,6,-1,659,429,0,8,-62.6013,-61.0847,23:22.5,FastGPS,-62.6013,-61.0847,,,5.6,-0.5,,,,15,15,13622,,,,13,2019,,,,8,31412,,,,27,4149,,,,10,13906,,,,21,23992,,,,20,6505,,,,18,27198,,,,,,,,,,,,,,,,,,,,,,,,,,,,,,,,,,,,,,
180853,26-Jun-19,9:38:10,2019-06-26 09:38:10,G,4,-1,660,430,0,7,-62.6099,-61.0662,38:09.0,FastGPS,-62.6099,-61.0662,,,9,0,,,,15,15,5199,,,,8,10775,,,,10,10596,,,,11,16060,,,,24,30229,,,,18,8839,,,,20,14999,,,,,,,,,,,,,,,,,,,,,,,,,,,,,,,,,,,,,,,,,,,
180853,26-Jun-19,10:38:00,2019-06-26 10:38:00,G,2,-1,661,,0,9,-62.6111,-61.0646,6/26/2019 10:37,FastGPS,-62.6111,-61.0646,,,7.5,,,,,15,18,21435,,,,11,3721,,,,1,3728,,,,32,14779,,,,10,32611,,,,20,20478,,,,28,22489,,,,22,11017,,,,24,22199,,,,,,,,,,,,,,,,,,,,,,,,,,,,,,,,,
180853,26-Jun-19,11:38:00,2019-06-26 11:38:00,G,4,-1,662,430,0,7,-62.6054,-61.0831,37:59.5,FastGPS,-62.6054,-61.0831,,,4,0.5,,,,15,32,8296,,,,10,19990,,,,17,22962,,,,22,15196,,,,1,19009,,,,14,18431,,,,3,32489,,,,,,,,,,,,,,,,,,,,,,,,,,,,,,,,,,,,,,,,,,,
180853,26-Jun-19,12:38:20,2019-06-26 12:38:20,G,10,-1,663,430,0,4,-62.6054,-61.0831,37:59.5,FastGPS,-62.612,-61.062,,,1.6,-0.4,,,,15,17,12022,,,,19,257,,,,31,10663,,,,32,32561,,,,,,,,,,,,,,,,,,,,,,,,,,,,,,,,,,,,,,,,,,,,,,,,,,,,,,,,,,
180853,26-Jun-19,13:40:59,2019-06-26 13:40:59,G,2,-1,664,,0,9,-62.6086,-61.0694,40:57.5,FastGPS,-62.6086,-61.0694,,,5.7,-0.5,,,,15,31,2399,,,,23,16061,,,,17,12935,,,,19,7593,,,,22,26960,,,,1,10143,,,,14,18517,,,,3,26367,,,,25,27461,,,,,,,,,,,,,,,,,,,,,,,,,,,,,,,,,
180853,26-Jun-19,14:41:33,2019-06-26 14:41:33,G,4,-1,665,430,0,6,-62.5985,-61.1011,41:31.0,FastGPS,-62.5985,-61.1011,,,7,-1,,,,15,23,9441,,,,3,18577,,,,31,5579,,,,19,6853,,,,6,32238,,,,22,1758,,,,,,,,,,,,,,,,,,,,,,,,,,,,,,,,,,,,,,,,,,,,,,,,
180853,26-Jun-19,15:41:02,2019-06-26 15:41:02,G,6,-1,666,430,0,8,-62.5918,-61.1223,41:00.5,FastGPS,-62.5918,-61.1223,,1,4.3,-0.5,,,,15,9,23032,,,,2,7346,,,,4,18078,,,,6,97,,,,23,32462,,,,26,9897,,,,3,15759,,,,7,10304,,,,,,,,,,,,,,,,,,,,,,,,,,,,,,,,,,,,,,
180853,26-Jun-19,17:11:00,2019-06-26 17:11:00,G,4,-1,667,,0,9,-62.5793,-61.1463,10:59.0,FastGPS,-62.5793,-61.1463,,1,6.6,0,,,,15,7,16984,,,,23,17854,,,,5,25878,,,,30,2164,,,,9,2420,,,,4,24477,,,,26,29257,,,,16,24166,,,,29,30590,,,,,,,,,,,,,,,,,,,,,,,,,,,,,,,,,
180853,26-Jun-19,18:12:16,2019-06-26 18:12:16,G,6,-1,668,432,0,7,-62.5803,-61.1509,12:14.5,FastGPS,-62.5803,-61.1509,,1,18.2,-0.5,,,,15,5,18489,,,,30,26805,,,,16,20239,,,,4,17331,,,,7,9609,,,,27,29811,,,,9,23745,,,,,,,,,,,,,,,,,,,,,,,,,,,,,,,,,,,,,,,,,,,
180853,26-Jun-19,19:12:09,2019-06-26 19:12:09,G,4,-1,669,432,0,8,-62.5794,-61.1457,12:08.5,FastGPS,-62.5794,-61.1457,,,6.6,0.5,,,,15,7,17893,,,,27,7300,,,,15,1988,,,,5,23585,,,,8,19214,,,,21,31548,,,,30,29385,,,,13,586,,,,,,,,,,,,,,,,,,,,,,,,,,,,,,,,,,,,,,
180853,26-Jun-19,20:27:17,2019-06-26 20:27:17,G,6,-1,670,433,0,8,-62.5807,-61.1505,27:16.5,FastGPS,-62.5807,-61.1505,,,9.3,0.5,,,,15,15,5455,,,,7,14627,,,,30,9477,,,,27,30959,,,,20,9742,,,,13,2470,,,,28,7263,,,,8,5030,,,,,,,,,,,,,,,,,,,,,,,,,,,,,,,,,,,,,,
180853,26-Jun-19,21:28:01,2019-06-26 21:28:01,G,2,-1,671,433,0,7,-62.5771,-61.1605,28:00.0,FastGPS,-62.5771,-61.1605,,,6.3,0,,,,15,15,31290,,,,1,18133,,,,13,29428,,,,30,26132,,,,24,12024,,,,11,11349,,,,28,32648,,,,,,,,,,,,,,,,,,,,,,,,,,,,,,,,,,,,,,,,,,,
180853,26-Jun-19,23:44:40,2019-06-26 23:44:40,G,2,-1,673,434,0,5,-62.5781,-61.1875,44:38.5,FastGPS,-62.5781,-61.1875,,,2.5,-0.5,,,,15,17,27930,,,,15,10323,,,,6,5840,,,,19,2469,,,,12,31652,,,,,,,,,,,,,,,,,,,,,,,,,,,,,,,,,,,,,,,,,,,,,,,,,,,,,
180853,27-Jun-19,1:01:02,2019-06-27 01:01:02,G,4,-1,674,435,0,6,-62.5767,-61.1816,01:01.5,FastGPS,-62.5768,-61.1816,,,15,0.5,,,,15,32,14843,,,,19,28013,,,,12,14457,,,,6,5295,,,,25,12163,,,,2,774,,,,,,,,,,,,,,,,,,,,,,,,,,,,,,,,,,,,,,,,,,,,,,,,
180853,27-Jun-19,2:03:06,2019-06-27 02:03:06,G,6,-1,675,435,0,5,-62.5763,-61.181,03:05.5,FastGPS,-62.5763,-61.181,,,6.2,0.5,,,,15,29,10533,,,,12,10845,,,,6,25779,,,,25,2615,,,,2,17476,,,,,,,,,,,,,,,,,,,,,,,,,,,,,,,,,,,,,,,,,,,,,,,,,,,,,
180853,27-Jun-19,3:03:00,2019-06-27 03:03:00,G,4,-1,676,435,0,4,-62.5808,-61.1805,15:54.7,FastGPS,-62.5784,-61.1634,,,0.5,0,,,,15,29,1243,,,,31,7936,,,,25,17810,,,,2,31478,,,,,,,,,,,,,,,,,,,,,,,,,,,,,,,,,,,,,,,,,,,,,,,,,,,,,,,,,,
180853,27-Jun-19,4:03:01,2019-06-27 04:03:01,G,6,-1,677,435,0,6,-62.5784,-61.1629,03:00.5,FastGPS,-62.5784,-61.1629,,,8.9,0.5,,,,15,29,2703,,,,25,20613,,,,5,28779,,,,21,13524,,,,31,30791,,,,2,18788,,,,,,,,,,,,,,,,,,,,,,,,,,,,,,,,,,,,,,,,,,,,,,,,
180853,27-Jun-19,5:03:00,2019-06-27 05:03:00,G,4,-1,678,435,0,5,-62.5783,-61.1629,02:59.0,FastGPS,-62.5783,-61.1629,,,3.6,0,,,,15,5,19998,,,,29,29594,,,,21,18525,,,,31,26734,,,,26,1094,,,,,,,,,,,,,,,,,,,,,,,,,,,,,,,,,,,,,,,,,,,,,,,,,,,,,
180853,27-Jun-19,6:34:00,2019-06-27 06:34:00,G,2,-1,679,437,0,6,-62.5783,-61.1643,33:58.0,FastGPS,-62.5783,-61.1643,,,9.3,-1,,,,15,13,4235,,,,16,28622,,,,26,29651,,,,20,11204,,,,21,24728,,,,27,22854,,,,,,,,,,,,,,,,,,,,,,,,,,,,,,,,,,,,,,,,,,,,,,,,
180853,27-Jun-19,8:05:03,2019-06-27 08:05:03,G,2,-1,680,439,0,8,-62.5806,-61.1469,05:01.5,FastGPS,-62.5806,-61.1469,,,2.9,-0.5,,,,15,27,9887,,,,8,28237,,,,30,22025,,,,10,23074,,,,13,12592,,,,16,16476,,,,20,22024,,,,21,28495,,,,,,,,,,,,,,,,,,,,,,,,,,,,,,,,,,,,,,
180853,27-Jun-19,9:36:26,2019-06-27 09:36:26,G,2,-1,681,441,0,7,-62.5824,-61.1464,36:25.0,FastGPS,-62.5824,-61.1464,,,8,0,,,,15,18,25581,,,,8,19375,,,,11,370,,,,27,11708,,,,10,16332,,,,32,29652,,,,28,20724,,,,,,,,,,,,,,,,,,,,,,,,,,,,,,,,,,,,,,,,,,,
180853,27-Jun-19,10:36:01,2019-06-27 10:36:01,G,2,-1,682,,0,9,-62.5893,-61.1212,36:00.0,FastGPS,-62.5893,-61.1212,,,8.8,0,,,,15,10,2110,,,,14,7189,,,,32,28822,,,,27,32042,,,,8,10052,,,,18,1466,,,,11,16761,,,,24,31778,,,,22,30409,,,,,,,,,,,,,,,,,,,,,,,,,,,,,,,,,
180853,27-Jun-19,11:51:00,2019-06-27 11:51:00,G,2,-1,683,,0,9,-62.5796,-61.1509,50:59.4,FastGPS,-62.5796,-61.1509,,,14.9,0.4,,,,15,32,26327,,,,1,13956,,,,14,8978,,,,11,8977,,,,3,12414,,,,18,20868,,,,31,11952,,,,22,8596,,,,17,20480,,,,,,,,,,,,,,,,,,,,,,,,,,,,,,,,,
180853,27-Jun-19,12:52:46,2019-06-27 12:52:46,G,2,-1,684,,0,9,-62.5771,-61.165,52:45.0,FastGPS,-62.5771,-61.165,,,8.6,0,,,,15,14,20267,,,,23,24112,,,,22,17111,,,,11,8753,,,,1,24648,,,,32,300,,,,17,11614,,,,18,13558,,,,19,5104,,,,,,,,,,,,,,,,,,,,,,,,,,,,,,,,,
180853,27-Jun-19,13:54:17,2019-06-27 13:54:17,G,6,-1,685,,0,9,-62.583,-61.1465,54:16.5,FastGPS,-62.583,-61.1465,,,12.3,0.5,,,,15,23,12763,,,,3,21728,,,,22,19220,,,,1,5017,,,,6,20450,,,,9,4871,,,,19,19028,,,,17,20419,,,,31,3508,,,,,,,,,,,,,,,,,,,,,,,,,,,,,,,,,
180853,27-Jun-19,14:56:06,2019-06-27 14:56:06,G,2,-1,686,,0,9,-62.578,-61.1876,56:04.9,FastGPS,-62.578,-61.1876,,1,12.1,-0.1,,,,15,31,3402,,,,22,6642,,,,6,5296,,,,3,18313,,,,9,19955,,,,26,1857,,,,23,9485,,,,2,11434,,,,4,30850,,,,,,,,,,,,,,,,,,,,,,,,,,,,,,,,,
180853,27-Jun-19,16:12:44,2019-06-27 16:12:44,G,2,-1,687,443,0,8,-62.5899,-61.1958,12:43.4,FastGPS,-62.5899,-61.1958,,1,12,0.4,,,,15,23,11483,,,,7,15944,,,,9,8138,,,,2,24439,,,,16,27606,,,,6,7188,,,,30,27827,,,,4,28137,,,,,,,,,,,,,,,,,,,,,,,,,,,,,,,,,,,,,,
180853,27-Jun-19,17:15:56,2019-06-27 17:15:56,G,2,-1,688,443,0,5,-62.578,-61.1657,16:14.4,FastGPS,-62.5808,-61.1805,,1,0.6,-0.3,,,,15,7,29908,,,,5,17950,,,,9,15052,,,,23,4490,,,,4,21161,,,,,,,,,,,,,,,,,,,,,,,,,,,,,,,,,,,,,,,,,,,,,,,,,,,,,
180853,27-Jun-19,18:16:15,2019-06-27 18:16:15,G,4,-1,689,443,0,6,-62.5781,-61.1658,16:14.4,FastGPS,-62.5781,-61.1658,,1,4,0.4,,,,15,5,19285,,,,30,5846,,,,27,10586,,,,7,28819,,,,9,21600,,,,4,26338,,,,,,,,,,,,,,,,,,,,,,,,,,,,,,,,,,,,,,,,,,,,,,,,
180853,27-Jun-19,19:31:00,2019-06-27 19:31:00,G,8,-1,690,444,1,7,-62.5824,-61.1472,30:58.9,FastGPS,-62.5824,-61.1472,,,9.2,-0.1,,,,15,15,12873,,,,13,15417,,,,21,27739,,,,5,10402,,,,27,32375,,,,7,13085,,,,30,24664,,,,,,,,,,,,,,,,,,,,,,,,,,,,,,,,,,,,,,,,,,,
180853,28-Jun-19,13:23:30,2019-06-28 13:23:30,G,4,-1,691,,0,9,-62.5803,-61.1377,23:28.4,FastGPS,-62.5803,-61.1377,,,4.6,-0.6,,,,15,17,30484,,,,19,3905,,,,23,3285,,,,31,18077,,,,22,1813,,,,3,14153,,,,1,2444,,,,6,4205,,,,14,14018,,,,,,,,,,,,,,,,,,,,,,,,,,,,,,,,,
180853,28-Jun-19,14:24:17,2019-06-28 14:24:17,G,6,-1,692,,0,9,-62.5764,-61.1875,24:16.0,FastGPS,-62.5764,-61.1875,,1,14.5,0,,,,15,23,11924,,,,3,21699,,,,2,23467,,,,9,8226,,,,19,18084,,,,31,7766,,,,25,29337,,,,22,20257,,,,4,29649,,,,,,,,,,,,,,,,,,,,,,,,,,,,,,,,,
180853,28-Jun-19,17:51:46,2019-06-28 17:51:46,G,4,-1,695,446,0,8,-62.57,-61.1268,51:44.4,FastGPS,-62.57,-61.1268,,1,4.6,-0.6,,,,15,9,4275,,,,7,20883,,,,5,7418,,,,16,28145,,,,27,888,,,,30,32249,,,,4,12905,,,,23,3086,,,,,,,,,,,,,,,,,,,,,,,,,,,,,,,,,,,,,,
180853,28-Jun-19,18:52:04,2019-06-28 18:52:04,G,4,-1,696,446,0,8,-62.5641,-61.1307,52:02.0,FastGPS,-62.5641,-61.1307,,1,4.7,-1,,,,15,5,3250,,,,13,16392,,,,27,31203,,,,7,13847,,,,4,2939,,,,30,20808,,,,9,21464,,,,21,18948,,,,,,,,,,,,,,,,,,,,,,,,,,,,,,,,,,,,,,
180853,28-Jun-19,20:49:25,2019-06-28 20:49:25,G,4,-1,697,446,0,7,-62.582,-61.1267,49:23.4,FastGPS,-62.582,-61.1267,,,14.7,-0.6,,,,15,13,32571,,,,30,7435,,,,28,24529,,,,15,15824,,,,24,32471,,,,20,3900,,,,17,24150,,,,,,,,,,,,,,,,,,,,,,,,,,,,,,,,,,,,,,,,,,,
180853,28-Jun-19,21:52:59,2019-06-28 21:52:59,G,6,-1,698,,0,9,-62.562,-61.1293,52:57.4,FastGPS,-62.562,-61.1293,,,9.2,-0.6,,,,15,17,28968,,,,13,25587,,,,30,5160,,,,19,1950,,,,24,5153,,,,28,32151,,,,10,17799,,,,11,434,,,,1,10570,,,,,,,,,,,,,,,,,,,,,,,,,,,,,,,,,
180853,29-Jun-19,1:48:22,2019-06-29 01:48:22,G,4,-1,699,,0,9,-62.4248,-61.0696,48:19.9,FastGPS,-62.4248,-61.0696,,,13.4,-1.1,,,,15,29,14265,,,,2,1442,,,,6,1013,,,,12,19705,,,,19,4713,,,,24,10715,,,,32,6059,,,,14,2983,,,,31,13728,,,,,,,,,,,,,,,,,,,,,,,,,,,,,,,,,
180853,29-Jun-19,5:49:30,2019-06-29 05:49:30,G,2,-1,700,448,0,7,-62.3614,-61.1278,49:27.9,FastGPS,-62.3614,-61.1278,,,10.9,-1.1,,,,15,5,30177,,,,16,30653,,,,26,16487,,,,21,17990,,,,7,20463,,,,27,8054,,,,29,824,,,,,,,,,,,,,,,,,,,,,,,,,,,,,,,,,,,,,,,,,,,
180853,29-Jun-19,8:45:12,2019-06-29 08:45:12,G,4,-1,701,448,0,8,-62.3912,-61.0483,45:10.4,FastGPS,-62.3912,-61.0483,,,6,-0.6,,,,15,27,5610,,,,11,25156,,,,16,13460,,,,8,7604,,,,10,21314,,,,32,14480,,,,20,19600,,,,18,24041,,,,,,,,,,,,,,,,,,,,,,,,,,,,,,,,,,,,,,
180853,29-Jun-19,9:46:27,2019-06-29 09:46:27,G,8,-1,702,,0,9,-62.3969,-61.0276,46:25.4,FastGPS,-62.3969,-61.0276,,,18,-0.6,,,,15,10,20760,,,,18,15664,,,,27,17126,,,,8,7997,,,,24,23089,,,,11,25382,,,,28,23462,,,,32,10266,,,,14,15781,,,,,,,,,,,,,,,,,,,,,,,,,,,,,,,,,
180853,29-Jun-19,10:46:24,2019-06-29 10:46:24,G,6,-1,703,448,0,8,-62.4318,-60.9241,46:21.9,FastGPS,-62.4318,-60.9241,,,6.8,-1.1,,,,15,32,17933,,,,22,6478,,,,1,6317,,,,18,13114,,,,8,5057,,,,11,29786,,,,24,16445,,,,10,26411,,,,,,,,,,,,,,,,,,,,,,,,,,,,,,,,,,,,,,
180853,29-Jun-19,11:46:08,2019-06-29 11:46:08,G,6,-1,704,,0,9,-62.4722,-60.8116,46:05.9,FastGPS,-62.4722,-60.8116,,,7.9,-1.1,,,,15,17,11767,,,,3,8101,,,,32,5764,,,,22,847,,,,1,503,,,,11,21631,,,,14,28668,,,,31,13872,,,,19,3374,,,,,,,,,,,,,,,,,,,,,,,,,,,,,,,,,
180853,29-Jun-19,12:47:55,2019-06-29 12:47:55,G,6,-1,705,448,0,6,-62.4762,-60.7945,47:53.4,FastGPS,-62.4762,-60.7945,,,9.5,-0.6,,,,15,17,9211,,,,31,17749,,,,14,14586,,,,32,22837,,,,19,9906,,,,3,31393,,,,,,,,,,,,,,,,,,,,,,,,,,,,,,,,,,,,,,,,,,,,,,,,
180853,29-Jun-19,13:48:00,2019-06-29 13:48:00,G,6,-1,706,448,1,8,-62.4761,-60.793,47:57.9,FastGPS,-62.4761,-60.793,,,14,-1.1,,,,15,12,8852,,,,22,1353,,,,31,21752,,,,3,6417,,,,25,22955,,,,23,4645,,,,19,31867,,,,14,19367,,,,,,,,,,,,,,,,,,,,,,,,,,,,,,,,,,,,,,
180853,30-Jun-19,5:16:06,2019-06-30 05:16:06,G,2,-1,707,448,0,6,-62.476,-60.7952,16:04.4,FastGPS,-62.476,-60.7952,,,2.1,-0.6,,,,15,29,6487,,,,21,31468,,,,5,3648,,,,26,32076,,,,31,22237,,,,16,23089,,,,,,,,,,,,,,,,,,,,,,,,,,,,,,,,,,,,,,,,,,,,,,,,
180853,30-Jun-19,6:16:05,2019-06-30 06:16:05,G,4,-1,708,448,0,8,-62.4649,-60.8249,16:03.9,FastGPS,-62.4649,-60.8249,,,10.6,-0.1,,,,15,5,3577,,,,7,17754,,,,16,10338,,,,30,19852,,,,21,6375,,,,13,8005,,,,26,29273,,,,27,15576,,,,,,,,,,,,,,,,,,,,,,,,,,,,,,,,,,,,,,
180853,30-Jun-19,7:16:40,2019-06-30 07:16:40,G,4,-1,709,,0,9,-62.4572,-60.834,16:37.9,FastGPS,-62.4572,-60.834,,,10,-1.1,,,,15,15,4838,,,,27,12554,,,,21,9844,,,,16,694,,,,13,13573,,,,7,6919,,,,8,5808,,,,20,17969,,,,30,29152,,,,,,,,,,,,,,,,,,,,,,,,,,,,,,,,,
180853,30-Jun-19,8:16:17,2019-06-30 08:16:17,G,6,-1,710,448,0,7,-62.4663,-60.7686,16:14.9,FastGPS,-62.4663,-60.7686,,,16.3,-1.1,,,,15,27,10098,,,,8,30342,,,,10,7518,,,,15,11888,,,,13,15954,,,,30,6956,,,,20,7483,,,,,,,,,,,,,,,,,,,,,,,,,,,,,,,,,,,,,,,,,,,
180853,30-Jun-19,9:33:00,2019-06-30 09:33:00,G,8,-1,711,,0,9,-62.4719,-60.7606,32:58.4,FastGPS,-62.4719,-60.7606,,,19.2,-0.6,,,,15,27,1090,,,,32,22785,,,,10,22490,,,,20,6951,,,,8,32553,,,,24,20981,,,,14,15732,,,,18,4194,,,,15,26266,,,,,,,,,,,,,,,,,,,,,,,,,,,,,,,,,
180853,30-Jun-19,10:33:22,2019-06-30 10:33:22,G,14,-1,712,,0,9,-62.4614,-60.7759,33:21.4,FastGPS,-62.4614,-60.7759,,,18.6,0.4,,,,15,10,18542,,,,14,29337,,,,32,31059,,,,8,28252,,,,1,2408,,,,11,11950,,,,22,22972,,,,18,28970,,,,24,13753,,,,,,,,,,,,,,,,,,,,,,,,,,,,,,,,,
180853,30-Jun-19,11:53:00,2019-06-30 11:53:00,G,4,-1,713,,0,9,-62.4659,-60.7757,52:59.4,FastGPS,-62.4659,-60.7757,,,11.1,0.4,,,,15,1,3115,,,,12,10686,,,,18,12984,,,,17,3447,,,,19,9284,,,,32,14079,,,,22,25006,,,,11,1352,,,,3,14233,,,,,,,,,,,,,,,,,,,,,,,,,,,,,,,,,
180853,30-Jun-19,12:55:06,2019-06-30 12:55:06,G,6,-1,714,,0,9,-62.4645,-60.7832,55:05.4,FastGPS,-62.4645,-60.7832,,,7.2,0.4,,,,15,31,20585,,,,23,11275,,,,11,2899,,,,14,22419,,,,17,4924,,,,18,5490,,,,1,1123,,,,22,24767,,,,19,30490,,,,,,,,,,,,,,,,,,,,,,,,,,,,,,,,,
180853,30-Jun-19,14:10:00,2019-06-30 14:10:00,G,6,-1,715,451,1,5,-62.4659,-60.7794,09:58.9,FastGPS,-62.4659,-60.7794,,,4.3,-0.1,,,,15,25,22637,,,,6,2419,,,,19,19360,,,,31,6201,,,,9,228,,,,,,,,,,,,,,,,,,,,,,,,,,,,,,,,,,,,,,,,,,,,,,,,,,,,,
180853,30-Jun-19,15:10:00,2019-06-30 15:10:00,G,6,-1,716,451,1,6,-62.4659,-60.7797,09:57.9,FastGPS,-62.4659,-60.7797,,1,0.9,-1.1,,,,15,7,24897,,,,9,13593,,,,4,19905,,,,3,6722,,,,6,10923,,,,23,12515,,,,,,,,,,,,,,,,,,,,,,,,,,,,,,,,,,,,,,,,,,,,,,,,
180853,1-Jul-19,4:41:18,2019-07-01 04:41:18,G,6,-1,717,451,0,6,-62.4647,-60.7824,41:16.9,FastGPS,-62.4647,-60.7824,,,5.5,-0.1,,,,15,29,20355,,,,5,603,,,,31,25281,,,,26,1878,,,,21,4116,,,,2,1394,,,,,,,,,,,,,,,,,,,,,,,,,,,,,,,,,,,,,,,,,,,,,,,,
180853,1-Jul-19,5:41:53,2019-07-01 05:41:53,G,6,-1,718,451,0,6,-62.4297,-60.8355,41:51.3,FastGPS,-62.4297,-60.8355,,,6.6,-0.7,,,,15,29,9579,,,,16,7942,,,,5,7050,,,,27,18888,,,,26,24151,,,,21,28001,,,,,,,,,,,,,,,,,,,,,,,,,,,,,,,,,,,,,,,,,,,,,,,,
180853,1-Jul-19,7:19:49,2019-07-01 07:19:49,G,4,-1,719,,0,9,-62.4064,-60.8362,19:46.9,FastGPS,-62.4064,-60.8362,,,5.6,-1.1,,,,15,21,19082,,,,15,9174,,,,10,16151,,,,27,23596,,,,13,5490,,,,20,24876,,,,16,8616,,,,26,23573,,,,8,31718,,,,,,,,,,,,,,,,,,,,,,,,,,,,,,,,,
180853,1-Jul-19,8:23:26,2019-07-01 08:23:26,G,2,-1,720,,0,9,-62.3886,-60.8345,23:24.4,FastGPS,-62.3886,-60.8345,,,13.2,-0.6,,,,15,10,2626,,,,16,3191,,,,20,4346,,,,27,14573,,,,8,4444,,,,15,5400,,,,21,17990,,,,18,28486,,,,32,7587,,,,,,,,,,,,,,,,,,,,,,,,,,,,,,,,,
180853,1-Jul-19,13:07:59,2019-07-01 13:07:59,G,2,-1,724,453,0,6,-62.4647,-60.781,07:56.9,FastGPS,-62.4647,-60.781,,,2.6,-1.1,,,,15,17,13568,,,,31,24875,,,,3,21027,,,,22,17049,,,,18,11924,,,,19,11751,,,,,,,,,,,,,,,,,,,,,,,,,,,,,,,,,,,,,,,,,,,,,,,,
180853,1-Jul-19,14:23:01,2019-07-01 14:23:01,G,4,-1,725,454,0,8,-62.4583,-60.804,22:58.8,FastGPS,-62.4583,-60.804,,1,11.7,-1.1,,,,15,9,2321,,,,22,28317,,,,19,29249,,,,4,30038,,,,3,14078,,,,31,31032,,,,23,10513,,,,6,31744,,,,,,,,,,,,,,,,,,,,,,,,,,,,,,,,,,,,,,
180853,1-Jul-19,15:23:30,2019-07-01 15:23:30,G,6,-1,726,,0,9,-62.4676,-60.8218,23:28.8,FastGPS,-62.4676,-60.8218,,1,7,-0.2,,,,15,23,6533,,,,6,5723,,,,2,20954,,,,4,6010,,,,7,3400,,,,9,8251,,,,16,17421,,,,26,26288,,,,3,19048,,,,,,,,,,,,,,,,,,,,,,,,,,,,,,,,,
180853,1-Jul-19,16:40:57,2019-07-01 16:40:57,G,8,-1,727,,0,9,-62.4664,-60.8343,40:54.8,FastGPS,-62.4664,-60.8343,,1,8.2,-1.1,,,,15,7,17720,,,,2,14838,,,,9,7059,,,,5,13379,,,,4,10485,,,,23,17566,,,,30,15446,,,,16,18830,,,,6,32518,,,,,,,,,,,,,,,,,,,,,,,,,,,,,,,,,
180853,1-Jul-19,17:43:21,2019-07-01 17:43:21,G,4,-1,728,455,0,5,-62.4723,-60.7991,43:18.8,FastGPS,-62.4723,-60.7991,,,7,-1.2,,,,15,9,12016,,,,16,3229,,,,27,32271,,,,7,6737,,,,5,30440,,,,,,,,,,,,,,,,,,,,,,,,,,,,,,,,,,,,,,,,,,,,,,,,,,,,,
180853,1-Jul-19,18:43:20,2019-07-01 18:43:20,G,4,-1,729,455,0,5,-62.469,-60.8018,43:17.8,FastGPS,-62.469,-60.8018,,,7.2,-1.2,,,,15,5,3009,,,,13,817,,,,15,25700,,,,28,16695,,,,30,27857,,,,,,,,,,,,,,,,,,,,,,,,,,,,,,,,,,,,,,,,,,,,,,,,,,,,,
180853,1-Jul-19,19:43:00,2019-07-01 19:43:00,G,2,-1,730,455,0,8,-62.4593,-60.8005,42:57.9,FastGPS,-62.4593,-60.8005,,1,3,-1.1,,,,15,15,11733,,,,7,17928,,,,13,31166,,,,30,32020,,,,5,32138,,,,28,25154,,,,4,758,,,,8,14026,,,,,,,,,,,,,,,,,,,,,,,,,,,,,,,,,,,,,,
180853,1-Jul-19,20:44:24,2019-07-01 20:44:24,G,2,-1,731,455,0,8,-62.4681,-60.7723,44:21.8,FastGPS,-62.4681,-60.7723,,,6,-1.2,,,,15,15,12965,,,,13,11516,,,,28,15620,,,,30,2029,,,,20,28518,,,,11,29451,,,,8,8639,,,,17,15923,,,,,,,,,,,,,,,,,,,,,,,,,,,,,,,,,,,,,,
180853,1-Jul-19,21:44:03,2019-07-01 21:44:03,G,4,-1,732,455,0,8,-62.4669,-60.7682,44:00.8,FastGPS,-62.4669,-60.7682,,,9.7,-1.2,,,,15,15,29919,,,,19,4196,,,,24,1373,,,,17,28707,,,,20,4964,,,,28,11054,,,,10,3851,,,,13,890,,,,,,,,,,,,,,,,,,,,,,,,,,,,,,,,,,,,,,
180853,1-Jul-19,22:44:00,2019-07-01 22:44:00,G,10,-1,733,455,1,6,-62.4658,-60.7801,43:57.8,FastGPS,-62.4658,-60.7801,,,10.8,-1.2,,,,15,17,5733,,,,28,24603,,,,1,3655,,,,11,499,,,,19,8411,,,,13,16524,,,,,,,,,,,,,,,,,,,,,,,,,,,,,,,,,,,,,,,,,,,,,,,,
180853,2-Jul-19,12:36:45,2019-07-02 12:36:45,G,4,-1,734,,0,9,-62.4655,-60.7804,36:42.8,FastGPS,-62.4655,-60.7804,,,10.9,-1.2,,,,15,17,11707,,,,31,24120,,,,3,3688,,,,1,20906,,,,22,22889,,,,14,15381,,,,23,22213,,,,11,485,,,,32,21087,,,,,,,,,,,,,,,,,,,,,,,,,,,,,,,,,
180853,2-Jul-19,13:52:00,2019-07-02 13:52:00,G,6,-1,735,,0,9,-62.4677,-60.8063,51:58.3,FastGPS,-62.4677,-60.8063,,,4.4,-0.7,,,,15,31,6948,,,,22,18805,,,,3,22573,,,,25,17904,,,,23,17968,,,,1,8691,,,,6,29124,,,,12,1124,,,,14,10140,,,,,,,,,,,,,,,,,,,,,,,,,,,,,,,,,
180853,2-Jul-19,14:57:53,2019-07-02 14:57:53,G,6,-1,736,456,0,7,-62.4832,-60.8376,57:50.8,FastGPS,-62.4832,-60.8376,,1,5.7,-1.2,,,,15,6,21402,,,,23,22897,,,,3,29268,,,,9,10358,,,,7,10392,,,,2,31513,,,,4,11290,,,,,,,,,,,,,,,,,,,,,,,,,,,,,,,,,,,,,,,,,,,
180853,2-Jul-19,15:58:10,2019-07-02 15:58:10,G,6,-1,737,456,0,6,-62.4848,-60.8381,58:08.3,FastGPS,-62.4848,-60.8381,,,9.5,-0.7,,,,15,7,29988,,,,23,15227,,,,2,8111,,,,9,1784,,,,29,2725,,,,16,31295,,,,,,,,,,,,,,,,,,,,,,,,,,,,,,,,,,,,,,,,,,,,,,,,
180853,2-Jul-19,16:58:01,2019-07-02 16:58:01,G,2,-1,738,456,0,6,-62.5022,-60.8361,57:58.8,FastGPS,-62.5022,-60.8361,,,1.8,-1.2,,,,15,5,28025,,,,7,5875,,,,9,15369,,,,23,29251,,,,2,16840,,,,26,22953,,,,,,,,,,,,,,,,,,,,,,,,,,,,,,,,,,,,,,,,,,,,,,,,
180853,2-Jul-19,18:00:01,2019-07-02 18:00:01,G,4,-1,739,,0,9,-62.4935,-60.8361,59:59.3,FastGPS,-62.4935,-60.8361,,1,4.3,-0.7,,,,15,5,25443,,,,7,30301,,,,4,23191,,,,30,18482,,,,27,26120,,,,9,12227,,,,13,9050,,,,16,10242,,,,8,27161,,,,,,,,,,,,,,,,,,,,,,,,,,,,,,,,,
180853,2-Jul-19,19:01:39,2019-07-02 19:01:39,G,6,-1,740,,0,9,-62.488,-60.8312,01:37.3,FastGPS,-62.488,-60.8312,,1,5.7,-0.7,,,,15,5,32272,,,,7,13882,,,,9,17450,,,,13,19634,,,,30,31978,,,,8,25097,,,,4,16252,,,,28,8344,,,,15,3221,,,,,,,,,,,,,,,,,,,,,,,,,,,,,,,,,
180853,2-Jul-19,20:01:00,2019-07-02 20:01:00,G,4,-1,741,456,0,7,-62.4872,-60.8306,00:58.3,FastGPS,-62.4872,-60.8306,,,4.8,-0.7,,,,15,7,23815,,,,15,28033,,,,30,15284,,,,13,30988,,,,8,5892,,,,28,600,,,,11,19120,,,,,,,,,,,,,,,,,,,,,,,,,,,,,,,,,,,,,,,,,,,
180853,2-Jul-19,21:01:01,2019-07-02 21:01:01,G,4,-1,742,456,0,8,-62.4771,-60.7927,00:58.8,FastGPS,-62.4771,-60.7927,,,8.5,-1.2,,,,15,11,3669,,,,20,22176,,,,10,28573,,,,18,7115,,,,24,23623,,,,8,21684,,,,28,28330,,,,13,27494,,,,,,,,,,,,,,,,,,,,,,,,,,,,,,,,,,,,,,
180853,2-Jul-19,22:01:01,2019-07-02 22:01:01,G,2,-1,743,456,0,8,-62.4773,-60.7921,00:58.8,FastGPS,-62.4773,-60.7921,,,11.9,-1.2,,,,15,10,23102,,,,12,29362,,,,15,16109,,,,20,13349,,,,24,28587,,,,13,6132,,,,17,18578,,,,19,8214,,,,,,,,,,,,,,,,,,,,,,,,,,,,,,,,,,,,,,
180853,2-Jul-19,23:01:02,2019-07-02 23:01:02,G,2,-1,744,456,0,8,-62.4718,-60.8002,01:00.3,FastGPS,-62.4718,-60.8002,,,12.8,-0.7,,,,15,12,30874,,,,15,27530,,,,19,27162,,,,17,22998,,,,10,8839,,,,32,30576,,,,6,22619,,,,24,31138,,,,,,,,,,,,,,,,,,,,,,,,,,,,,,,,,,,,,,
180853,3-Jul-19,0:01:00,2019-07-03 00:01:00,G,4,-1,745,456,0,8,-62.4606,-60.795,00:57.8,FastGPS,-62.4606,-60.795,,,9,-1.2,,,,15,32,1923,,,,12,13049,,,,14,1200,,,,24,1429,,,,25,22675,,,,17,16985,,,,6,3723,,,,22,6595,,,,,,,,,,,,,,,,,,,,,,,,,,,,,,,,,,,,,,
180853,3-Jul-19,1:01:00,2019-07-03 01:01:00,G,8,-1,746,456,1,8,-62.461,-60.795,00:57.8,FastGPS,-62.461,-60.795,,,15.1,-1.2,,,,15,31,24128,,,,25,20821,,,,29,11484,,,,32,3316,,,,14,19137,,,,12,20316,,,,24,26634,,,,2,7532,,,,,,,,,,,,,,,,,,,,,,,,,,,,,,,,,,,,,,
180853,3-Jul-19,16:27:00,2019-07-03 16:27:00,G,6,-1,747,,0,9,-62.46,-60.7954,26:57.8,FastGPS,-62.46,-60.7954,,1,4.4,-1.2,,,,15,7,29625,,,,5,19358,,,,9,8344,,,,23,3707,,,,2,26662,,,,4,786,,,,30,16897,,,,6,20593,,,,16,13897,,,,,,,,,,,,,,,,,,,,,,,,,,,,,,,,,
180853,3-Jul-19,17:42:11,2019-07-03 17:42:11,G,10,-1,748,457,0,4,-62.4624,-60.8003,7/3/2019 4:27,MC,,,,,,,,,,15,7,28649,,,,4,6170,,,,5,31787,,,,16,7083,,,,,,,,,,,,,,,,,,,,,,,,,,,,,,,,,,,,,,,,,,,,,,,,,,,,,,,,,,
180853,3-Jul-19,18:42:13,2019-07-03 18:42:13,G,4,-1,749,,0,9,-62.4512,-60.8112,42:10.8,FastGPS,-62.4512,-60.8112,,1,8.7,-1.2,,,,15,9,2927,,,,7,12731,,,,27,27700,,,,13,15342,,,,5,13397,,,,30,17987,,,,4,26265,,,,8,4629,,,,21,17271,,,,,,,,,,,,,,,,,,,,,,,,,,,,,,,,,
180853,3-Jul-19,19:42:01,2019-07-03 19:42:01,G,4,-1,750,457,0,7,-62.4629,-60.8226,41:59.3,FastGPS,-62.4629,-60.8226,,,4.3,-0.7,,,,15,28,26901,,,,30,26271,,,,5,14572,,,,13,19690,,,,15,15199,,,,8,22420,,,,7,29844,,,,,,,,,,,,,,,,,,,,,,,,,,,,,,,,,,,,,,,,,,,
180853,3-Jul-19,20:42:12,2019-07-03 20:42:12,G,6,-1,751,457,0,7,-62.4667,-60.8423,42:10.8,FastGPS,-62.4667,-60.8423,,,11.3,-0.2,,,,15,15,8266,,,,17,31938,,,,28,3031,,,,24,27779,,,,13,22896,,,,30,31024,,,,20,19792,,,,,,,,,,,,,,,,,,,,,,,,,,,,,,,,,,,,,,,,,,,
180853,3-Jul-19,21:57:05,2019-07-03 21:57:05,G,2,-1,752,458,0,8,-62.4771,-60.7929,57:02.8,FastGPS,-62.4771,-60.7929,,,9.8,-1.2,,,,15,17,14491,,,,24,24598,,,,15,11409,,,,19,4507,,,,28,27179,,,,13,1033,,,,10,18605,,,,1,27752,,,,,,,,,,,,,,,,,,,,,,,,,,,,,,,,,,,,,,
180853,3-Jul-19,23:42:02,2019-07-03 23:42:02,G,4,-1,753,461,0,8,-62.4672,-60.8381,41:59.8,FastGPS,-62.4672,-60.8381,,,11.3,-1.2,,,,15,17,29827,,,,12,6985,,,,32,12844,,,,19,19546,,,,24,20057,,,,14,17102,,,,25,21479,,,,6,13127,,,,,,,,,,,,,,,,,,,,,,,,,,,,,,,,,,,,,,
180853,4-Jul-19,0:42:33,2019-07-04 00:42:33,G,6,-1,754,461,0,8,-62.4469,-60.8305,42:30.8,FastGPS,-62.4469,-60.8305,,,6.7,-1.2,,,,15,12,139,,,,17,11958,,,,25,23669,,,,2,26884,,,,24,31343,,,,19,7674,,,,32,12170,,,,3,7684,,,,,,,,,,,,,,,,,,,,,,,,,,,,,,,,,,,,,,
180853,4-Jul-19,2:39:22,2019-07-04 02:39:22,G,6,-1,755,464,0,8,-62.4428,-60.7971,39:20.8,FastGPS,-62.4428,-60.7971,,,4.6,-0.2,,,,15,31,242,,,,5,13488,,,,12,6365,,,,2,15777,,,,23,22346,,,,25,3622,,,,6,31940,,,,29,822,,,,,,,,,,,,,,,,,,,,,,,,,,,,,,,,,,,,,,
180853,4-Jul-19,4:10:27,2019-07-04 04:10:27,G,8,-1,756,466,0,7,-62.4527,-60.7743,10:25.2,FastGPS,-62.4527,-60.7743,,,10.6,-0.8,,,,15,31,8678,,,,29,30163,,,,5,6455,,,,21,23214,,,,16,11459,,,,25,6435,,,,26,5800,,,,,,,,,,,,,,,,,,,,,,,,,,,,,,,,,,,,,,,,,,,
180853,4-Jul-19,5:11:14,2019-07-04 05:11:14,G,10,-1,757,466,0,6,-62.4717,-60.7518,11:11.7,FastGPS,-62.4717,-60.7518,,,11.4,-1.3,,,,15,21,855,,,,26,28663,,,,29,546,,,,27,24415,,,,5,11936,,,,16,21327,,,,,,,,,,,,,,,,,,,,,,,,,,,,,,,,,,,,,,,,,,,,,,,,
180853,4-Jul-19,6:11:25,2019-07-04 06:11:25,G,8,-1,758,,0,9,-62.4888,-60.7459,11:22.8,FastGPS,-62.4888,-60.7459,,,11.5,-1.2,,,,15,15,30518,,,,29,4055,,,,16,16050,,,,5,28769,,,,13,8107,,,,27,483,,,,21,15284,,,,26,31948,,,,7,29634,,,,,,,,,,,,,,,,,,,,,,,,,,,,,,,,,
180853,4-Jul-19,7:11:00,2019-07-04 07:11:00,G,4,-1,759,466,0,7,-62.4905,-60.7199,10:57.7,FastGPS,-62.4905,-60.7199,,,7.2,-1.2,,,,15,27,14821,,,,21,27439,,,,16,14231,,,,8,29688,,,,10,13108,,,,20,13812,,,,26,23582,,,,,,,,,,,,,,,,,,,,,,,,,,,,,,,,,,,,,,,,,,,
180853,4-Jul-19,8:11:20,2019-07-04 08:11:20,G,2,-1,760,466,0,7,-62.4956,-60.7038,11:18.3,FastGPS,-62.4956,-60.7038,,,8.1,-0.7,,,,15,27,27232,,,,15,20127,,,,8,17511,,,,13,5464,,,,10,15979,,,,21,31959,,,,20,18157,,,,,,,,,,,,,,,,,,,,,,,,,,,,,,,,,,,,,,,,,,,
180853,4-Jul-19,9:11:02,2019-07-04 09:11:02,G,6,-1,761,,0,9,-62.4893,-60.6748,11:00.2,FastGPS,-62.4893,-60.6748,,,5.1,-0.8,,,,15,10,13204,,,,32,15395,,,,11,8742,,,,8,17625,,,,27,1547,,,,28,26234,,,,15,28800,,,,18,1231,,,,20,8312,,,,,,,,,,,,,,,,,,,,,,,,,,,,,,,,,
180853,4-Jul-19,10:12:47,2019-07-04 10:12:47,G,8,-1,762,466,0,8,-62.4887,-60.6777,12:45.2,FastGPS,-62.4887,-60.6777,,,14.9,-0.8,,,,15,32,17654,,,,11,31863,,,,14,5982,,,,22,27206,,,,18,16642,,,,8,3010,,,,1,13804,,,,17,7942,,,,,,,,,,,,,,,,,,,,,,,,,,,,,,,,,,,,,,
180853,4-Jul-19,11:18:46,2019-07-04 11:18:46,G,6,-1,763,,0,9,-62.4775,-60.7243,18:43.7,FastGPS,-62.4775,-60.7243,,,7.7,-1.3,,,,15,17,17714,,,,22,7769,,,,3,5928,,,,1,21884,,,,11,25582,,,,32,11532,,,,10,16176,,,,31,10262,,,,18,5810,,,,,,,,,,,,,,,,,,,,,,,,,,,,,,,,,
180853,4-Jul-19,12:19:18,2019-07-04 12:19:18,G,8,-1,764,466,0,8,-62.4669,-60.7681,19:16.2,FastGPS,-62.4669,-60.7681,,,7.6,-0.8,,,,15,31,18979,,,,32,10421,,,,14,27774,,,,17,5120,,,,3,4603,,,,1,27598,,,,19,21457,,,,23,28933,,,,,,,,,,,,,,,,,,,,,,,,,,,,,,,,,,,,,,
180853,4-Jul-19,13:19:36,2019-07-04 13:19:36,G,6,-1,765,466,0,6,-62.4569,-60.7865,19:34.2,FastGPS,-62.4569,-60.7865,,,10.8,-0.8,,,,15,31,7702,,,,23,30455,,,,17,11212,,,,22,7047,,,,6,32465,,,,12,8209,,,,,,,,,,,,,,,,,,,,,,,,,,,,,,,,,,,,,,,,,,,,,,,,
180853,4-Jul-19,14:19:00,2019-07-04 14:19:00,G,10,-1,766,466,0,7,-62.4603,-60.7957,18:57.8,FastGPS,-62.4603,-60.7957,,,11,-1.2,,,,15,6,11310,,,,22,29849,,,,31,10234,,,,23,20173,,,,2,21624,,,,3,27883,,,,26,24941,,,,,,,,,,,,,,,,,,,,,,,,,,,,,,,,,,,,,,,,,,,
180853,4-Jul-19,15:19:49,2019-07-04 15:19:49,G,8,-1,767,,0,9,-62.4603,-60.811,19:46.7,FastGPS,-62.4603,-60.811,,1,6.3,-1.3,,,,15,9,10356,,,,16,31118,,,,4,20692,,,,26,19338,,,,6,6660,,,,23,7518,,,,31,9526,,,,3,1401,,,,7,31333,,,,,,,,,,,,,,,,,,,,,,,,,,,,,,,,,
180853,4-Jul-19,16:20:03,2019-07-04 16:20:03,G,8,-1,768,466,0,8,-62.4753,-60.7975,20:01.2,FastGPS,-62.4753,-60.7975,,1,7.9,-0.8,,,,15,23,2391,,,,7,8404,,,,16,563,,,,26,20828,,,,4,17930,,,,9,30891,,,,29,8781,,,,2,21748,,,,,,,,,,,,,,,,,,,,,,,,,,,,,,,,,,,,,,
180853,4-Jul-19,17:20:36,2019-07-04 17:20:36,G,2,-1,769,466,0,7,-62.4744,-60.7991,20:33.7,FastGPS,-62.4744,-60.7991,,1,5.8,-1.3,,,,15,5,8146,,,,9,6756,,,,7,3207,,,,23,15091,,,,27,29029,,,,30,25050,,,,4,5482,,,,,,,,,,,,,,,,,,,,,,,,,,,,,,,,,,,,,,,,,,,
180853,4-Jul-19,18:22:00,2019-07-04 18:22:00,G,4,-1,770,466,0,5,-62.4607,-60.7959,21:57.7,FastGPS,-62.4607,-60.8004,,1,1.5,-1.3,,,,15,9,2896,,,,5,30975,,,,8,18720,,,,4,14161,,,,7,19968,,,,,,,,,,,,,,,,,,,,,,,,,,,,,,,,,,,,,,,,,,,,,,,,,,,,,
180853,4-Jul-19,19:22:00,2019-07-04 19:22:00,G,6,-1,771,466,1,4,-62.4607,-60.8004,21:57.7,FastGPS,-62.4607,-60.7962,,,0.2,-1.3,,,,15,15,20327,,,,27,25011,,,,13,24481,,,,8,22202,,,,,,,,,,,,,,,,,,,,,,,,,,,,,,,,,,,,,,,,,,,,,,,,,,,,,,,,,,
180853,4-Jul-19,21:22:00,2019-07-04 21:22:00,G,4,-1,772,470,1,7,-62.4607,-60.7959,21:57.7,FastGPS,-62.4607,-60.7959,,,9.9,-1.3,,,,15,24,3460,,,,11,30934,,,,20,26655,,,,10,3336,,,,15,12804,,,,28,8991,,,,18,612,,,,,,,,,,,,,,,,,,,,,,,,,,,,,,,,,,,,,,,,,,,
180853,5-Jul-19,11:47:17,2019-07-05 11:47:17,G,8,-1,773,,0,9,-62.4603,-60.7953,47:14.7,FastGPS,-62.4603,-60.7953,,,6.2,-1.3,,,,15,32,10585,,,,3,487,,,,31,26789,,,,1,2979,,,,17,31173,,,,14,19377,,,,12,21572,,,,22,22198,,,,11,5848,,,,,,,,,,,,,,,,,,,,,,,,,,,,,,,,,
180853,5-Jul-19,12:48:26,2019-07-05 12:48:26,G,6,-1,774,,0,9,-62.45,-60.8171,48:23.8,FastGPS,-62.45,-60.8171,,,7.9,-1.2,,,,15,31,11592,,,,18,16681,,,,17,12698,,,,12,29239,,,,22,12801,,,,11,17723,,,,14,7840,,,,3,9351,,,,19,3259,,,,,,,,,,,,,,,,,,,,,,,,,,,,,,,,,
180853,5-Jul-19,13:52:30,2019-07-05 13:52:30,G,6,-1,775,470,0,8,-62.4497,-60.8168,52:28.2,FastGPS,-62.4497,-60.8168,,,9.1,-0.8,,,,15,23,2218,,,,6,17778,,,,31,8099,,,,25,27002,,,,9,22077,,,,19,19001,,,,26,19511,,,,3,24434,,,,,,,,,,,,,,,,,,,,,,,,,,,,,,,,,,,,,,
180853,5-Jul-19,16:22:24,2019-07-05 16:22:24,G,4,-1,777,,0,9,-62.458,-60.8017,22:22.2,FastGPS,-62.458,-60.8017,,1,10.1,-0.8,,,,15,7,20185,,,,5,13291,,,,29,22904,,,,23,982,,,,9,18176,,,,2,30339,,,,4,17531,,,,6,17766,,,,30,12836,,,,,,,,,,,,,,,,,,,,,,,,,,,,,,,,,
180853,5-Jul-19,17:42:08,2019-07-05 17:42:08,G,8,-1,778,473,0,6,-62.4495,-60.812,42:05.8,FastGPS,-62.4495,-60.812,,1,8.5,-1.2,,,,15,5,22916,,,,7,5612,,,,13,18606,,,,30,7665,,,,9,1094,,,,4,5435,,,,,,,,,,,,,,,,,,,,,,,,,,,,,,,,,,,,,,,,,,,,,,,,
180853,5-Jul-19,19:22:00,2019-07-05 19:22:00,G,4,-1,779,473,0,8,-62.4479,-60.7825,21:58.2,FastGPS,-62.4479,-60.7825,,,8,-0.8,,,,15,7,28268,,,,15,15824,,,,13,12362,,,,27,27974,,,,28,29667,,,,5,6482,,,,30,31853,,,,8,3370,,,,,,,,,,,,,,,,,,,,,,,,,,,,,,,,,,,,,,
180853,5-Jul-19,20:37:04,2019-07-05 20:37:04,G,10,-1,780,,0,9,-62.4663,-60.7841,37:02.2,FastGPS,-62.4663,-60.7841,,,5.9,-0.8,,,,15,20,27641,,,,17,20439,,,,13,24505,,,,15,18129,,,,28,9293,,,,30,26257,,,,24,14096,,,,10,6890,,,,8,6457,,,,,,,,,,,,,,,,,,,,,,,,,,,,,,,,,
180853,5-Jul-19,22:07:27,2019-07-05 22:07:27,G,10,-1,781,475,0,8,-62.4769,-60.7666,07:24.7,FastGPS,-62.4769,-60.7666,,,13.6,-1.3,,,,15,17,22320,,,,15,29863,,,,28,21759,,,,12,11563,,,,13,18297,,,,1,11214,,,,19,31268,,,,11,30703,,,,,,,,,,,,,,,,,,,,,,,,,,,,,,,,,,,,,,
180853,5-Jul-19,23:07:02,2019-07-05 23:07:02,G,10,-1,782,475,0,5,-62.4664,-60.7833,06:59.7,FastGPS,-62.4664,-60.7833,,,1.4,-1.3,,,,15,17,11427,,,,12,7943,,,,24,17256,,,,19,15281,,,,32,1287,,,,,,,,,,,,,,,,,,,,,,,,,,,,,,,,,,,,,,,,,,,,,,,,,,,,,
180853,6-Jul-19,0:07:00,2019-07-06 00:07:00,G,8,-1,783,475,1,5,-62.4666,-60.782,06:57.7,FastGPS,-62.4666,-60.782,,,3.1,-1.3,,,,15,32,18496,,,,14,20055,,,,12,22867,,,,25,6664,,,,24,2772,,,,,,,,,,,,,,,,,,,,,,,,,,,,,,,,,,,,,,,,,,,,,,,,,,,,,
180853,6-Jul-19,1:07:00,2019-07-06 01:07:00,G,2,-1,784,,1,9,-62.4668,-60.784,06:57.7,FastGPS,-62.4668,-60.784,,,5.3,-1.3,,,,15,29,7433,,,,31,15788,,,,12,21057,,,,2,17191,,,,25,13375,,,,24,24243,,,,6,1771,,,,32,31493,,,,14,11788,,,,,,,,,,,,,,,,,,,,,,,,,,,,,,,,,
180853,6-Jul-19,14:41:05,2019-07-06 14:41:05,G,2,-1,785,,0,9,-62.4659,-60.7838,41:02.7,FastGPS,-62.4659,-60.7838,,1,7.5,-1.3,,,,15,31,13464,,,,3,3525,,,,7,10522,,,,22,144,,,,26,17097,,,,23,26529,,,,4,12436,,,,9,13059,,,,2,74,,,,,,,,,,,,,,,,,,,,,,,,,,,,,,,,,
180853,6-Jul-19,15:58:35,2019-07-06 15:58:35,G,6,-2,786,,0,9,-62.4504,-60.8172,58:33.2,FastGPS,-62.4504,-60.8172,,1,7.5,0.2,,,,15,7,29095,,,,2,17739,,,,30,25720,,,,9,4123,,,,6,9972,,,,5,6196,,,,4,31373,,,,23,20199,,,,3,31792,,,,,,,,,,,,,,,,,,,,,,,,,,,,,,,,,
180853,6-Jul-19,16:59:40,2019-07-06 16:59:40,G,10,-2,787,476,0,7,-62.4502,-60.8056,59:39.2,FastGPS,-62.4502,-60.8056,,1,1.9,1.2,,,,15,5,30648,,,,7,14803,,,,9,26711,,,,4,4350,,,,30,538,,,,16,5857,,,,2,29375,,,,,,,,,,,,,,,,,,,,,,,,,,,,,,,,,,,,,,,,,,,
180853,6-Jul-19,18:01:03,2019-07-06 18:01:03,G,8,-2,788,476,0,8,-62.4546,-60.8208,01:02.2,FastGPS,-62.4546,-60.8208,,1,9.2,1.2,,,,15,5,26052,,,,13,17040,,,,7,2281,,,,30,13224,,,,8,26816,,,,27,23087,,,,4,8765,,,,21,576,,,,,,,,,,,,,,,,,,,,,,,,,,,,,,,,,,,,,,
180853,6-Jul-19,19:16:05,2019-07-06 19:16:05,G,4,-2,789,,0,9,-62.4551,-60.8205,16:03.7,FastGPS,-62.4551,-60.8205,,1,5.4,0.7,,,,15,5,342,,,,13,28720,,,,28,9442,,,,7,23069,,,,30,22475,,,,15,28566,,,,21,14264,,,,8,22597,,,,4,8202,,,,,,,,,,,,,,,,,,,,,,,,,,,,,,,,,
180853,6-Jul-19,20:16:31,2019-07-06 20:16:31,G,4,-2,790,477,0,7,-62.4551,-60.8205,16:29.2,FastGPS,-62.4551,-60.8205,,,13.9,0.2,,,,15,17,12803,,,,15,3809,,,,13,22998,,,,30,3251,,,,28,15157,,,,5,31268,,,,24,18694,,,,,,,,,,,,,,,,,,,,,,,,,,,,,,,,,,,,,,,,,,,
180853,6-Jul-19,21:17:25,2019-07-06 21:17:25,G,6,-2,791,477,0,8,-62.4549,-60.8207,17:23.7,FastGPS,-62.4549,-60.8207,,,10.9,0.7,,,,15,15,11919,,,,17,12313,,,,24,18962,,,,13,30289,,,,19,19838,,,,10,8252,,,,28,2594,,,,20,23478,,,,,,,,,,,,,,,,,,,,,,,,,,,,,,,,,,,,,,
180853,6-Jul-19,22:35:16,2019-07-06 22:35:16,G,4,-2,792,,0,9,-62.4552,-60.8196,35:14.2,FastGPS,-62.4552,-60.8196,,,12.8,0.2,,,,15,17,29462,,,,15,1880,,,,12,30240,,,,19,17662,,,,28,24496,,,,10,6493,,,,13,14132,,,,24,22726,,,,1,14441,,,,,,,,,,,,,,,,,,,,,,,,,,,,,,,,,
180853,6-Jul-19,23:35:00,2019-07-06 23:35:00,G,8,-2,793,478,0,8,-62.4664,-60.7834,34:58.7,FastGPS,-62.4664,-60.7834,,,5.5,0.7,,,,15,17,20530,,,,32,26708,,,,12,26053,,,,6,5821,,,,19,18965,,,,25,16201,,,,14,6835,,,,24,19073,,,,,,,,,,,,,,,,,,,,,,,,,,,,,,,,,,,,,,
180853,7-Jul-19,0:35:00,2019-07-07 00:35:00,G,4,-2,794,,1,9,-62.4665,-60.7829,34:57.7,FastGPS,-62.4665,-60.7829,,,11.5,-0.3,,,,15,19,633,,,,29,20199,,,,2,23162,,,,25,14731,,,,6,13456,,,,12,10732,,,,17,112,,,,32,13343,,,,14,11793,,,,,,,,,,,,,,,,,,,,,,,,,,,,,,,,,
180853,7-Jul-19,11:43:07,2019-07-07 11:43:07,G,4,-2,795,,0,9,-62.4652,-60.7811,43:04.7,FastGPS,-62.4652,-60.7811,,,5.4,-0.3,,,,15,17,12868,,,,11,5910,,,,22,5078,,,,1,10088,,,,23,16757,,,,14,24636,,,,31,19687,,,,3,22326,,,,18,15715,,,,,,,,,,,,,,,,,,,,,,,,,,,,,,,,,
180853,7-Jul-19,14:03:01,2019-07-07 14:03:01,G,4,-2,797,479,0,7,-62.4607,-60.8066,02:58.6,FastGPS,-62.4607,-60.8066,,1,16.7,-0.3,,,,15,9,26638,,,,31,24203,,,,4,23386,,,,6,11396,,,,19,19438,,,,23,21570,,,,22,17878,,,,,,,,,,,,,,,,,,,,,,,,,,,,,,,,,,,,,,,,,,,
180853,7-Jul-19,15:03:00,2019-07-07 15:03:00,G,4,-2,798,,0,9,-62.4667,-60.8094,02:57.7,FastGPS,-62.4667,-60.8094,,1,10.9,-0.3,,,,15,29,21255,,,,2,15049,,,,9,6195,,,,23,19958,,,,31,394,,,,4,8912,,,,6,19910,,,,16,20946,,,,7,11631,,,,,,,,,,,,,,,,,,,,,,,,,,,,,,,,,
180853,7-Jul-19,16:04:43,2019-07-07 16:04:43,G,2,-2,799,479,0,8,-62.4805,-60.796,04:41.1,FastGPS,-62.4805,-60.796,,1,4.6,0.1,,,,15,23,17738,,,,9,4635,,,,29,18264,,,,26,32233,,,,5,20228,,,,2,1150,,,,7,2770,,,,4,18544,,,,,,,,,,,,,,,,,,,,,,,,,,,,,,,,,,,,,,
180853,7-Jul-19,17:20:55,2019-07-07 17:20:55,G,4,-2,800,480,0,8,-62.4676,-60.8312,20:53.1,FastGPS,-62.4676,-60.8312,,1,8,0.1,,,,15,7,22511,,,,9,20436,,,,5,16553,,,,13,1592,,,,30,15782,,,,4,6750,,,,2,17219,,,,16,12091,,,,,,,,,,,,,,,,,,,,,,,,,,,,,,,,,,,,,,
180853,7-Jul-19,18:21:02,2019-07-07 18:21:02,G,4,-2,801,,0,9,-62.472,-60.8384,20:59.6,FastGPS,-62.472,-60.8384,,1,8,-0.3,,,,15,7,6647,,,,5,543,,,,30,28992,,,,13,10151,,,,4,23703,,,,15,3229,,,,27,6328,,,,28,28039,,,,8,2960,,,,,,,,,,,,,,,,,,,,,,,,,,,,,,,,,
180853,7-Jul-19,19:24:15,2019-07-07 19:24:15,G,6,-2,802,480,0,6,-62.4715,-60.838,24:12.7,FastGPS,-62.4715,-60.838,,,2.8,-0.3,,,,15,15,6867,,,,5,17761,,,,13,14892,,,,30,27637,,,,28,18761,,,,7,1411,,,,,,,,,,,,,,,,,,,,,,,,,,,,,,,,,,,,,,,,,,,,,,,,
180853,7-Jul-19,20:24:10,2019-07-07 20:24:10,G,10,-2,803,480,0,6,-62.477,-60.7927,24:08.1,FastGPS,-62.477,-60.7927,,,10.2,0.1,,,,15,13,13485,,,,15,26672,,,,8,4559,,,,17,10574,,,,11,10600,,,,28,24086,,,,,,,,,,,,,,,,,,,,,,,,,,,,,,,,,,,,,,,,,,,,,,,,
180853,7-Jul-19,22:24:00,2019-07-07 22:24:00,G,4,-2,805,480,1,5,-62.4607,-60.7961,23:57.7,FastGPS,-62.4607,-60.7961,,,9.9,-0.3,,,,15,15,14695,,,,17,14867,,,,19,24498,,,,28,11752,,,,12,20014,,,,,,,,,,,,,,,,,,,,,,,,,,,,,,,,,,,,,,,,,,,,,,,,,,,,,
180853,8-Jul-19,13:31:05,2019-07-08 13:31:05,G,4,-2,808,480,0,8,-62.4747,-60.7986,31:03.1,FastGPS,-62.4747,-60.7986,,,15.4,0.1,,,,15,31,24339,,,,6,29873,,,,3,8377,,,,23,18098,,,,14,17231,,,,22,31597,,,,12,13233,,,,25,5409,,,,,,,,,,,,,,,,,,,,,,,,,,,,,,,,,,,,,,
180853,8-Jul-19,14:31:04,2019-07-08 14:31:04,G,4,-2,809,,0,9,-62.4891,-60.8329,31:02.6,FastGPS,-62.4891,-60.8329,,1,10.2,0.6,,,,15,31,18752,,,,9,6586,,,,23,26200,,,,2,26327,,,,29,24630,,,,22,7850,,,,6,24850,,,,4,3234,,,,16,19928,,,,,,,,,,,,,,,,,,,,,,,,,,,,,,,,,
180853,8-Jul-19,15:31:00,2019-07-08 15:31:00,G,2,-2,810,,0,9,-62.5126,-60.8544,30:58.6,FastGPS,-62.5126,-60.8544,,1,9.5,0.6,,,,15,29,29900,,,,26,1631,,,,5,14308,,,,7,11221,,,,6,10612,,,,2,4299,,,,16,20423,,,,4,18321,,,,9,27141,,,,,,,,,,,,,,,,,,,,,,,,,,,,,,,,,
180853,8-Jul-19,17:43:11,2019-07-08 17:43:11,G,2,-2,811,483,0,5,-62.5832,-60.9056,43:10.1,FastGPS,-62.5832,-60.9056,,,7.1,1.1,,,,15,5,15222,,,,13,30636,,,,7,7300,,,,30,18679,,,,8,10509,,,,,,,,,,,,,,,,,,,,,,,,,,,,,,,,,,,,,,,,,,,,,,,,,,,,,
180853,8-Jul-19,18:43:33,2019-07-08 18:43:33,G,6,-2,812,,0,9,-62.5913,-60.9073,43:32.1,FastGPS,-62.5913,-60.9073,,1,7.1,1.1,,,,15,27,22582,,,,7,13443,,,,13,28214,,,,8,24770,,,,15,20116,,,,30,16049,,,,5,4403,,,,21,17745,,,,4,10506,,,,,,,,,,,,,,,,,,,,,,,,,,,,,,,,,
180853,8-Jul-19,19:43:00,2019-07-08 19:43:00,G,4,-2,813,483,0,7,-62.5901,-60.9081,42:58.6,FastGPS,-62.5901,-60.9081,,,10.2,0.6,,,,15,15,32397,,,,30,14892,,,,28,32487,,,,7,12449,,,,8,16001,,,,13,19338,,,,20,2906,,,,,,,,,,,,,,,,,,,,,,,,,,,,,,,,,,,,,,,,,,,
180853,8-Jul-19,20:43:13,2019-07-08 20:43:13,G,6,-2,814,483,0,7,-62.5897,-60.9178,43:12.1,FastGPS,-62.5897,-60.9178,,,10.2,1.1,,,,15,13,20451,,,,17,10061,,,,15,477,,,,28,30642,,,,10,20622,,,,20,30926,,,,24,28194,,,,,,,,,,,,,,,,,,,,,,,,,,,,,,,,,,,,,,,,,,,
180853,8-Jul-19,21:43:41,2019-07-08 21:43:41,G,6,-2,815,,0,9,-62.6006,-60.9532,43:40.1,FastGPS,-62.6006,-60.9532,,,5.4,1.1,,,,15,15,28070,,,,17,30797,,,,10,14429,,,,24,13620,,,,12,26692,,,,19,27941,,,,13,2663,,,,20,24051,,,,11,25412,,,,,,,,,,,,,,,,,,,,,,,,,,,,,,,,,
180853,8-Jul-19,22:59:51,2019-07-08 22:59:51,G,16,-2,816,484,0,6,-62.6097,-60.9568,59:49.6,FastGPS,-62.6097,-60.9568,,,2.3,0.6,,,,15,17,10179,,,,12,144,,,,6,12931,,,,19,22304,,,,24,24335,,,,32,25277,,,,,,,,,,,,,,,,,,,,,,,,,,,,,,,,,,,,,,,,,,,,,,,,
180853,9-Jul-19,0:02:35,2019-07-09 00:02:35,G,6,-2,817,484,0,8,-62.6082,-60.9845,02:33.1,FastGPS,-62.6082,-60.9845,,,9.1,0.1,,,,15,12,10718,,,,17,32367,,,,19,27499,,,,32,27556,,,,25,14242,,,,14,11845,,,,6,26730,,,,24,22528,,,,,,,,,,,,,,,,,,,,,,,,,,,,,,,,,,,,,,
180853,9-Jul-19,2:32:45,2019-07-09 02:32:45,G,6,-2,818,488,0,5,-62.5788,-61.1529,32:43.6,FastGPS,-62.5788,-61.1529,,,5.7,0.6,,,,15,31,10612,,,,5,951,,,,2,24840,,,,29,31168,,,,25,21711,,,,,,,,,,,,,,,,,,,,,,,,,,,,,,,,,,,,,,,,,,,,,,,,,,,,,
180853,9-Jul-19,3:33:03,2019-07-09 03:33:03,G,8,-2,819,488,0,6,-62.5866,-61.2011,33:01.1,FastGPS,-62.5866,-61.2011,,1,1.8,0.1,,,,15,5,16722,,,,2,21746,,,,31,30829,,,,26,24786,,,,29,12917,,,,4,2200,,,,,,,,,,,,,,,,,,,,,,,,,,,,,,,,,,,,,,,,,,,,,,,,
180853,9-Jul-19,4:33:30,2019-07-09 04:33:30,G,10,-2,820,488,0,4,-62.5866,-61.2011,33:01.1,FastGPS,-62.5896,-61.1951,,,1.2,1.1,,,,15,16,26709,,,,29,8832,,,,21,27311,,,,26,16994,,,,,,,,,,,,,,,,,,,,,,,,,,,,,,,,,,,,,,,,,,,,,,,,,,,,,,,,,,
180853,9-Jul-19,5:52:35,2019-07-09 05:52:35,G,12,-2,821,,0,9,-62.5837,-61.2296,52:34.1,FastGPS,-62.5837,-61.2296,,,11.5,1.1,,,,15,15,25396,,,,29,20659,,,,16,9711,,,,27,1813,,,,13,2500,,,,7,24567,,,,5,15131,,,,26,19492,,,,21,7428,,,,,,,,,,,,,,,,,,,,,,,,,,,,,,,,,
180853,9-Jul-19,7:01:11,2019-07-09 07:01:11,G,22,-2,822,488,0,7,-62.6206,-61.1633,01:10.1,FastGPS,-62.6206,-61.1633,,,6.8,1.1,,,,15,15,19382,,,,21,7792,,,,27,15612,,,,13,25593,,,,20,5192,,,,8,22941,,,,10,31778,,,,,,,,,,,,,,,,,,,,,,,,,,,,,,,,,,,,,,,,,,,
180853,9-Jul-19,8:18:19,2019-07-09 08:18:19,G,8,-2,823,489,0,6,-62.6199,-61.1615,18:18.1,FastGPS,-62.6199,-61.1615,,,3.9,1.1,,,,15,15,25470,,,,10,30951,,,,20,28811,,,,27,18104,,,,32,24985,,,,21,27265,,,,,,,,,,,,,,,,,,,,,,,,,,,,,,,,,,,,,,,,,,,,,,,,
180853,9-Jul-19,9:19:17,2019-07-09 09:19:17,G,6,-2,824,,0,9,-62.6074,-61.1633,19:16.1,FastGPS,-62.6074,-61.1633,,,12.2,1.1,,,,15,10,10088,,,,32,15133,,,,8,8525,,,,27,13782,,,,22,14330,,,,18,6925,,,,14,4420,,,,28,28467,,,,11,18929,,,,,,,,,,,,,,,,,,,,,,,,,,,,,,,,,
180853,9-Jul-19,10:34:02,2019-07-09 10:34:02,G,4,-2,825,,0,9,-62.5968,-61.1906,34:00.6,FastGPS,-62.5968,-61.1906,,,11.8,0.6,,,,15,22,21541,,,,32,28794,,,,28,18636,,,,3,28179,,,,1,15029,,,,17,24852,,,,11,7320,,,,18,20733,,,,14,14617,,,,,,,,,,,,,,,,,,,,,,,,,,,,,,,,,
180853,9-Jul-19,11:50:22,2019-07-09 11:50:22,G,6,-2,826,,0,9,-62.5873,-61.2154,50:19.6,FastGPS,-62.5873,-61.2154,,,6.2,-0.4,,,,15,31,8003,,,,18,3702,,,,14,31397,,,,3,2039,,,,17,25939,,,,22,22599,,,,32,23309,,,,1,26050,,,,11,29730,,,,,,,,,,,,,,,,,,,,,,,,,,,,,,,,,
180853,9-Jul-19,13:09:49,2019-07-09 13:09:49,G,6,-2,827,492,0,6,-62.5874,-61.1781,09:46.6,FastGPS,-62.5874,-61.1781,,,8.5,-0.4,,,,15,31,2345,,,,3,21160,,,,23,613,,,,1,18706,,,,22,11538,,,,6,7628,,,,,,,,,,,,,,,,,,,,,,,,,,,,,,,,,,,,,,,,,,,,,,,,
180853,9-Jul-19,14:11:10,2019-07-09 14:11:10,G,8,-2,828,492,0,4,-62.5896,-61.1951,33:29.1,FastGPS,-62.5786,-61.1648,,,2.1,0.1,,,,15,23,14822,,,,26,19489,,,,6,11812,,,,3,13027,,,,,,,,,,,,,,,,,,,,,,,,,,,,,,,,,,,,,,,,,,,,,,,,,,,,,,,,,,
180853,9-Jul-19,15:14:14,2019-07-09 15:14:14,G,6,-2,829,,0,9,-62.567,-61.1301,14:13.1,FastGPS,-62.567,-61.1301,,1,4,1.1,,,,15,7,8157,,,,23,7060,,,,6,7132,,,,4,6757,,,,26,27860,,,,16,11716,,,,29,14282,,,,9,4807,,,,2,30894,,,,,,,,,,,,,,,,,,,,,,,,,,,,,,,,,
180853,9-Jul-19,16:49:31,2019-07-09 16:49:31,G,8,-2,830,494,0,8,-62.5621,-61.1266,49:29.6,FastGPS,-62.5621,-61.1266,,1,9.1,0.6,,,,15,7,10246,,,,5,31509,,,,9,14209,,,,30,1225,,,,23,8052,,,,4,29452,,,,2,16645,,,,16,28159,,,,,,,,,,,,,,,,,,,,,,,,,,,,,,,,,,,,,,
180853,9-Jul-19,17:49:39,2019-07-09 17:49:39,G,10,-2,831,494,0,7,-62.5663,-61.1198,49:36.6,FastGPS,-62.5663,-61.1198,,1,2.3,-0.4,,,,15,5,6649,,,,9,16143,,,,30,26485,,,,7,12930,,,,27,3702,,,,4,17997,,,,16,18746,,,,,,,,,,,,,,,,,,,,,,,,,,,,,,,,,,,,,,,,,,,
180853,9-Jul-19,18:49:13,2019-07-09 18:49:13,G,8,-2,832,494,0,8,-62.5663,-61.1216,49:11.1,FastGPS,-62.5663,-61.1216,,1,3.6,0.1,,,,15,15,19996,,,,5,295,,,,13,13070,,,,30,28556,,,,7,31979,,,,28,28712,,,,21,28602,,,,4,23672,,,,,,,,,,,,,,,,,,,,,,,,,,,,,,,,,,,,,,
180853,9-Jul-19,19:49:52,2019-07-09 19:49:52,G,4,-2,833,494,0,8,-62.5661,-61.1178,49:51.1,FastGPS,-62.5661,-61.1178,,,11.4,1.1,,,,15,15,12711,,,,8,11454,,,,7,8900,,,,13,4075,,,,28,3682,,,,11,30570,,,,20,9796,,,,5,4886,,,,,,,,,,,,,,,,,,,,,,,,,,,,,,,,,,,,,,
180853,9-Jul-19,21:09:26,2019-07-09 21:09:26,G,4,-2,834,495,0,7,-62.5797,-61.1393,09:24.6,FastGPS,-62.5797,-61.1393,,,5.8,0.6,,,,15,15,28421,,,,13,2035,,,,17,13659,,,,20,6223,,,,10,502,,,,24,23668,,,,19,23729,,,,,,,,,,,,,,,,,,,,,,,,,,,,,,,,,,,,,,,,,,,
180853,9-Jul-19,22:09:00,2019-07-09 22:09:00,G,2,-2,835,495,1,5,-62.5838,-61.1473,08:57.6,FastGPS,-62.5838,-61.1473,,,5.6,-0.4,,,,15,28,10296,,,,1,12308,,,,17,11219,,,,19,10633,,,,24,20404,,,,,,,,,,,,,,,,,,,,,,,,,,,,,,,,,,,,,,,,,,,,,,,,,,,,,
180853,9-Jul-19,23:39:00,2019-07-09 23:39:00,G,2,-2,836,497,1,5,-62.5828,-61.1468,38:57.5,FastGPS,-62.5828,-61.1468,,,5.6,-0.5,,,,15,17,3028,,,,6,31230,,,,19,29793,,,,12,3319,,,,24,29075,,,,,,,,,,,,,,,,,,,,,,,,,,,,,,,,,,,,,,,,,,,,,,,,,,,,,
180853,10-Jul-19,0:39:00,2019-07-10 00:39:00,G,10,-2,837,497,1,4,-62.5928,-60.9118,31:57.5,FastGPS,-62.5829,-61.1476,,,0.4,-0.5,,,,15,19,11982,,,,6,24940,,,,12,15612,,,,2,27386,,,,,,,,,,,,,,,,,,,,,,,,,,,,,,,,,,,,,,,,,,,,,,,,,,,,,,,,,,
180853,10-Jul-19,1:39:00,2019-07-10 01:39:00,G,6,-2,838,497,1,7,-62.5836,-61.1469,38:57.6,FastGPS,-62.5836,-61.1469,,,3.4,-0.4,,,,15,12,11130,,,,29,18774,,,,2,23929,,,,25,1083,,,,6,19603,,,,31,32327,,,,24,2234,,,,,,,,,,,,,,,,,,,,,,,,,,,,,,,,,,,,,,,,,,,
180853,10-Jul-19,3:27:26,2019-07-10 03:27:26,G,2,-2,839,497,0,5,-62.5822,-61.1445,27:24.2,FastGPS,-62.5822,-61.1445,,,1.5,0.2,,,,15,29,16257,,,,26,22189,,,,31,4552,,,,25,12968,,,,2,31445,,,,,,,,,,,,,,,,,,,,,,,,,,,,,,,,,,,,,,,,,,,,,,,,,,,,,
180853,10-Jul-19,4:27:31,2019-07-10 04:27:31,G,8,-2,840,497,0,7,-62.5953,-61.1049,27:29.1,FastGPS,-62.5953,-61.1049,,1,6.5,0.1,,,,15,29,7339,,,,21,12452,,,,5,26269,,,,4,7229,,,,26,8445,,,,16,13079,,,,31,1517,,,,,,,,,,,,,,,,,,,,,,,,,,,,,,,,,,,,,,,,,,,
180853,10-Jul-19,5:27:14,2019-07-10 05:27:14,G,8,-2,841,,0,9,-62.6115,-61.0441,27:11.6,FastGPS,-62.6115,-61.0441,,,10.5,-0.4,,,,15,15,30133,,,,26,23222,,,,5,9987,,,,29,26577,,,,21,6179,,,,16,14370,,,,13,26060,,,,20,12653,,,,7,16918,,,,,,,,,,,,,,,,,,,,,,,,,,,,,,,,,
180853,10-Jul-19,6:27:00,2019-07-10 06:27:00,G,8,-2,842,,0,9,-62.6199,-61.0147,26:57.6,FastGPS,-62.6199,-61.0147,,,9.2,-0.4,,,,15,15,22331,,,,7,25796,,,,13,13658,,,,21,29612,,,,27,24163,,,,20,31870,,,,8,29055,,,,30,23495,,,,16,20508,,,,,,,,,,,,,,,,,,,,,,,,,,,,,,,,,
180853,10-Jul-19,7:41:50,2019-07-10 07:41:50,G,6,-2,843,,0,9,-62.6222,-60.9921,41:47.6,FastGPS,-62.6222,-60.9921,,,11.4,-0.4,,,,15,10,10206,,,,20,26111,,,,15,30267,,,,11,24944,,,,13,24111,,,,30,21532,,,,27,32506,,,,8,6825,,,,18,25183,,,,,,,,,,,,,,,,,,,,,,,,,,,,,,,,,
180853,10-Jul-19,9:18:18,2019-07-10 09:18:18,G,4,-2,844,,0,9,-62.6216,-60.9876,18:16.0,FastGPS,-62.6216,-60.9876,,,5.1,0,,,,15,32,19948,,,,8,29205,,,,10,29708,,,,22,22968,,,,1,13159,,,,27,27605,,,,18,7902,,,,11,20170,,,,20,9568,,,,,,,,,,,,,,,,,,,,,,,,,,,,,,,,,
180853,10-Jul-19,11:47:54,2019-07-10 11:47:54,G,2,-2,846,,0,9,-62.6151,-60.9913,47:52.5,FastGPS,-62.6151,-60.9913,,,6.6,0.5,,,,15,17,28237,,,,3,8277,,,,1,26179,,,,23,16269,,,,22,26442,,,,11,27329,,,,12,13496,,,,18,1551,,,,19,31711,,,,,,,,,,,,,,,,,,,,,,,,,,,,,,,,,
180853,10-Jul-19,12:48:34,2019-07-10 12:48:34,G,2,-2,847,,0,9,-62.6218,-60.991,48:31.5,FastGPS,-62.6218,-60.991,,,16.2,-0.5,,,,15,31,6311,,,,17,2242,,,,23,9480,,,,9,13164,,,,1,24875,,,,3,28600,,,,19,4884,,,,22,21886,,,,6,10884,,,,,,,,,,,,,,,,,,,,,,,,,,,,,,,,,
180853,10-Jul-19,13:48:04,2019-07-10 13:48:04,G,2,-2,848,,0,9,-62.6241,-60.99,48:02.0,FastGPS,-62.6241,-60.99,,1,10.5,0,,,,15,6,5938,,,,23,15498,,,,9,13012,,,,31,27908,,,,17,18761,,,,4,6761,,,,25,25832,,,,3,12507,,,,26,3350,,,,,,,,,,,,,,,,,,,,,,,,,,,,,,,,,
180853,10-Jul-19,14:53:10,2019-07-10 14:53:10,G,4,-2,849,,0,9,-62.6222,-60.9889,53:08.0,FastGPS,-62.6222,-60.9889,,1,4.8,0,,,,15,7,9430,,,,29,14478,,,,9,31385,,,,2,6990,,,,3,2765,,,,6,2769,,,,23,1557,,,,4,4833,,,,26,9694,,,,,,,,,,,,,,,,,,,,,,,,,,,,,,,,,
180853,10-Jul-19,15:57:31,2019-07-10 15:57:31,G,4,-2,850,,0,9,-62.6181,-60.9791,57:28.5,FastGPS,-62.6181,-60.9791,,1,10.3,-0.5,,,,15,5,21626,,,,7,29992,,,,2,2732,,,,9,13354,,,,4,4705,,,,29,25156,,,,23,7577,,,,16,18229,,,,6,27721,,,,,,,,,,,,,,,,,,,,,,,,,,,,,,,,,
180853,10-Jul-19,16:58:16,2019-07-10 16:58:16,G,8,-2,851,497,0,7,-62.618,-60.9904,58:13.5,FastGPS,-62.618,-60.9904,,1,4.6,-0.5,,,,15,7,14194,,,,5,23993,,,,30,7901,,,,9,9533,,,,4,13481,,,,16,31196,,,,27,14089,,,,,,,,,,,,,,,,,,,,,,,,,,,,,,,,,,,,,,,,,,,
180853,10-Jul-19,18:01:36,2019-07-10 18:01:36,G,8,-2,852,497,0,8,-62.6209,-60.9993,01:34.0,FastGPS,-62.6209,-60.9993,,1,6.4,0,,,,15,5,13464,,,,30,28455,,,,7,29311,,,,27,7183,,,,13,20400,,,,4,18734,,,,8,16700,,,,21,27103,,,,,,,,,,,,,,,,,,,,,,,,,,,,,,,,,,,,,,
180853,10-Jul-19,19:01:00,2019-07-10 19:01:00,G,4,-2,853,,0,9,-62.6161,-60.9843,00:57.6,FastGPS,-62.6161,-60.9843,,1,10.9,-0.4,,,,15,30,5769,,,,15,19947,,,,28,30744,,,,7,3566,,,,5,13731,,,,13,17323,,,,4,19386,,,,27,2817,,,,8,8904,,,,,,,,,,,,,,,,,,,,,,,,,,,,,,,,,
180853,10-Jul-19,20:24:04,2019-07-10 20:24:04,G,4,-2,854,,0,9,-62.6105,-60.9882,24:03.0,FastGPS,-62.6105,-60.9882,,,7.7,1,,,,15,17,24145,,,,15,29260,,,,30,32499,,,,20,2221,,,,10,31527,,,,28,9432,,,,11,12213,,,,18,11130,,,,13,13872,,,,,,,,,,,,,,,,,,,,,,,,,,,,,,,,,
180853,10-Jul-19,21:31:46,2019-07-10 21:31:46,G,4,-2,855,,0,9,-62.5916,-60.9141,31:44.0,FastGPS,-62.5916,-60.9141,,,5.9,0,,,,15,17,24549,,,,28,19325,,,,15,7220,,,,19,18738,,,,24,5185,,,,1,2579,,,,13,21753,,,,11,3366,,,,18,8936,,,,,,,,,,,,,,,,,,,,,,,,,,,,,,,,,
180853,10-Jul-19,22:32:00,2019-07-10 22:32:00,G,4,-2,856,498,0,4,-62.5928,-60.9131,31:57.5,FastGPS,-62.5928,-60.9118,,,0.3,-0.5,,,,15,12,15625,,,,15,14652,,,,32,16853,,,,24,3478,,,,,,,,,,,,,,,,,,,,,,,,,,,,,,,,,,,,,,,,,,,,,,,,,,,,,,,,,,
180853,10-Jul-19,23:32:00,2019-07-10 23:32:00,G,4,-2,857,498,1,8,-62.5928,-60.9131,31:57.5,FastGPS,-62.5928,-60.9131,,,4,-0.5,,,,15,24,2859,,,,12,30615,,,,17,15940,,,,19,4106,,,,32,16330,,,,14,21040,,,,25,13919,,,,6,24093,,,,,,,,,,,,,,,,,,,,,,,,,,,,,,,,,,,,,,
180853,11-Jul-19,0:32:00,2019-07-11 00:32:00,G,4,-2,858,,1,9,-62.5917,-60.9142,31:57.5,FastGPS,-62.5917,-60.9142,,,7.7,-0.5,,,,15,12,2728,,,,2,2782,,,,25,14928,,,,32,11881,,,,17,27490,,,,22,6881,,,,31,27182,,,,14,1962,,,,24,27099,,,,,,,,,,,,,,,,,,,,,,,,,,,,,,,,,
180853,11-Jul-19,1:53:14,2019-07-11 01:53:14,G,8,-2,859,498,0,7,-62.5843,-60.8584,53:11.5,FastGPS,-62.5843,-60.8584,,,4.3,-0.5,,,,15,31,18632,,,,29,25156,,,,12,5042,,,,2,7553,,,,6,6849,,,,25,18944,,,,23,4520,,,,,,,,,,,,,,,,,,,,,,,,,,,,,,,,,,,,,,,,,,,
180853,11-Jul-19,2:55:16,2019-07-11 02:55:16,G,12,-2,860,498,0,7,-62.5825,-60.8615,55:14.0,FastGPS,-62.5825,-60.8615,,,4.7,0,,,,15,29,14345,,,,31,31244,,,,25,2605,,,,12,31538,,,,5,18093,,,,26,15303,,,,2,14074,,,,,,,,,,,,,,,,,,,,,,,,,,,,,,,,,,,,,,,,,,,
180853,11-Jul-19,4:27:16,2019-07-11 04:27:16,G,4,-2,861,498,0,4,-62.5917,-60.9142,31:57.5,FastGPS,-62.5806,-60.8451,,,0.9,0.6,,,,15,5,4854,,,,29,13060,,,,21,9349,,,,16,7659,,,,,,,,,,,,,,,,,,,,,,,,,,,,,,,,,,,,,,,,,,,,,,,,,,,,,,,,,,
180853,11-Jul-19,5:37:36,2019-07-11 05:37:36,G,6,-2,862,498,0,7,-62.5839,-60.8574,37:33.5,FastGPS,-62.5839,-60.8574,,,9.3,-0.5,,,,15,16,11283,,,,27,8724,,,,21,8400,,,,26,8569,,,,20,30047,,,,5,12984,,,,29,22352,,,,,,,,,,,,,,,,,,,,,,,,,,,,,,,,,,,,,,,,,,,
180853,11-Jul-19,6:44:46,2019-07-11 06:44:46,G,6,-2,863,498,0,8,-62.5741,-60.8689,44:43.5,FastGPS,-62.5741,-60.8689,,,5.3,-0.5,,,,15,27,10944,,,,21,11913,,,,20,7341,,,,15,24157,,,,10,12505,,,,16,29550,,,,8,29058,,,,13,11273,,,,,,,,,,,,,,,,,,,,,,,,,,,,,,,,,,,,,,
180853,11-Jul-19,7:48:07,2019-07-11 07:48:07,G,2,-2,864,498,0,8,-62.5368,-60.8559,48:05.0,FastGPS,-62.5368,-60.8559,,,7.9,0,,,,15,15,6325,,,,10,16993,,,,20,5108,,,,21,2345,,,,8,24105,,,,27,16988,,,,13,15944,,,,32,13070,,,,,,,,,,,,,,,,,,,,,,,,,,,,,,,,,,,,,,
180853,11-Jul-19,8:49:54,2019-07-11 08:49:54,G,8,-2,865,,0,9,-62.5102,-60.8455,49:53.0,FastGPS,-62.5102,-60.8455,,,6,1,,,,15,10,3230,,,,32,17514,,,,27,10550,,,,20,18464,,,,14,8310,,,,18,27251,,,,11,3055,,,,8,16209,,,,22,15434,,,,,,,,,,,,,,,,,,,,,,,,,,,,,,,,,
180853,11-Jul-19,10:22:24,2019-07-11 10:22:24,G,6,-2,866,,0,9,-62.4735,-60.8379,22:22.5,FastGPS,-62.4735,-60.8379,,,9.4,0.5,,,,15,32,3840,,,,8,13532,,,,18,27585,,,,22,12913,,,,3,16291,,,,11,13298,,,,28,272,,,,17,13131,,,,1,12676,,,,,,,,,,,,,,,,,,,,,,,,,,,,,,,,,
180853,11-Jul-19,11:22:04,2019-07-11 11:22:04,G,2,-2,867,,0,9,-62.4747,-60.8357,22:02.5,FastGPS,-62.4747,-60.8357,,,9.1,0.5,,,,15,17,31579,,,,1,4962,,,,18,19709,,,,31,26133,,,,12,22240,,,,22,22286,,,,11,9682,,,,19,28703,,,,14,22553,,,,,,,,,,,,,,,,,,,,,,,,,,,,,,,,,
180853,11-Jul-19,12:52:00,2019-07-11 12:52:00,G,2,-2,868,,0,9,-62.4743,-60.8266,51:58.5,FastGPS,-62.4743,-60.8266,,,9.3,0.5,,,,15,23,20992,,,,31,24213,,,,22,22998,,,,17,26481,,,,19,11246,,,,14,20904,,,,3,11783,,,,25,22282,,,,1,12827,,,,,,,,,,,,,,,,,,,,,,,,,,,,,,,,,
180853,11-Jul-19,14:10:07,2019-07-11 14:10:07,G,4,-2,869,503,0,7,-62.4734,-60.798,7/11/2019 14:10,FastGPS,-62.4734,-60.798,,1,12.7,0,,,,15,9,7951,,,,6,22088,,,,31,12267,,,,23,25194,,,,3,2662,,,,4,26298,,,,29,24966,,,,,,,,,,,,,,,,,,,,,,,,,,,,,,,,,,,,,,,,,,,
180853,11-Jul-19,15:27:00,2019-07-11 15:27:00,G,4,-2,870,,0,9,-62.4645,-60.8102,26:58.5,FastGPS,-62.4645,-60.8102,,1,8.5,0.5,,,,15,23,16324,,,,7,9010,,,,16,32037,,,,9,27437,,,,4,672,,,,26,22382,,,,2,25470,,,,30,25534,,,,6,10277,,,,,,,,,,,,,,,,,,,,,,,,,,,,,,,,,
180853,11-Jul-19,16:28:57,2019-07-11 16:28:57,G,8,-2,871,504,0,8,-62.4646,-60.7823,7/12/2019 1:21,MC,-62.4654,-60.7763,,4,58.5,-0.1,,,,15,5,18471,,,,7,19043,,,,16,5746,,,,9,883,,,,4,26314,,,,2,22538,,,,30,9405,,,,26,28598,,,,,,,,,,,,,,,,,,,,,,,,,,,,,,,,,,,,,,
180853,11-Jul-19,17:33:05,2019-07-11 17:33:05,G,6,-2,872,,0,9,-62.4709,-60.7637,33:03.5,FastGPS,-62.4709,-60.7637,,1,9.4,0.5,,,,15,7,7566,,,,30,25061,,,,4,22062,,,,9,29418,,,,5,17709,,,,27,2675,,,,8,21985,,,,13,9088,,,,16,28334,,,,,,,,,,,,,,,,,,,,,,,,,,,,,,,,,
180853,11-Jul-19,19:31:52,2019-07-11 19:31:52,G,8,-2,873,504,0,7,-62.4605,-60.7754,31:49.5,FastGPS,-62.4605,-60.7754,,,8.2,-0.5,,,,15,15,6374,,,,30,17987,,,,7,13814,,,,5,4687,,,,13,24629,,,,28,7722,,,,11,30044,,,,,,,,,,,,,,,,,,,,,,,,,,,,,,,,,,,,,,,,,,,
180853,11-Jul-19,20:32:00,2019-07-11 20:32:00,G,8,-2,874,504,1,7,-62.4658,-60.7801,31:57.5,FastGPS,-62.4658,-60.7801,,,3.9,-0.5,,,,15,11,14570,,,,18,25785,,,,15,30509,,,,1,3428,,,,10,18465,,,,20,26381,,,,8,1334,,,,,,,,,,,,,,,,,,,,,,,,,,,,,,,,,,,,,,,,,,,
180853,12-Jul-19,12:54:00,2019-07-12 12:54:00,G,8,-2,875,504,0,8,-62.4654,-60.7804,53:57.5,FastGPS,-62.4654,-60.7804,,,8.5,-0.5,,,,15,23,28874,,,,31,10550,,,,17,25458,,,,19,22160,,,,22,28650,,,,3,29636,,,,6,31800,,,,1,7814,,,,,,,,,,,,,,,,,,,,,,,,,,,,,,,,,,,,,,
180853,12-Jul-19,13:54:19,2019-07-12 13:54:19,G,10,-2,876,,0,9,-62.4659,-60.7792,16:57.5,FastGPS,-62.484,-60.7405,,5,137.9,0.5,,,,15,31,19798,,,,6,19620,,,,26,20070,,,,23,26063,,,,2,19503,,,,22,32407,,,,3,8265,,,,25,24850,,,,16,30382,,,,,,,,,,,,,,,,,,,,,,,,,,,,,,,,,
180853,12-Jul-19,14:54:09,2019-07-12 14:54:09,G,8,-2,877,,0,9,-62.4953,-60.7046,54:06.5,FastGPS,-62.4953,-60.7046,,1,7.9,-0.5,,,,15,9,30845,,,,7,6681,,,,29,9803,,,,4,18274,,,,23,31391,,,,16,29587,,,,6,30445,,,,2,29798,,,,26,32446,,,,,,,,,,,,,,,,,,,,,,,,,,,,,,,,,
180853,12-Jul-19,16:15:34,2019-07-12 16:15:34,G,2,-2,878,504,0,8,-62.4865,-60.7191,15:32.0,FastGPS,-62.4865,-60.7191,,1,13.3,0,,,,15,23,15554,,,,9,2078,,,,5,5480,,,,7,19364,,,,16,32734,,,,30,20063,,,,4,10332,,,,2,7643,,,,,,,,,,,,,,,,,,,,,,,,,,,,,,,,,,,,,,
180853,12-Jul-19,18:55:47,2019-07-12 18:55:47,G,4,-2,879,504,0,8,-62.5172,-60.6884,7/12/2019 18:55,FastGPS,-62.5172,-60.6884,,,8.3,0,,,,15,5,17325,,,,13,3883,,,,30,15992,,,,15,11136,,,,28,24592,,,,8,24940,,,,7,7755,,,,27,9600,,,,,,,,,,,,,,,,,,,,,,,,,,,,,,,,,,,,,,
180853,12-Jul-19,19:59:26,2019-07-12 19:59:26,G,4,-2,880,504,0,6,-62.4808,-60.7308,59:24.5,FastGPS,-62.4808,-60.7308,,,17.6,0.5,,,,15,30,28217,,,,17,987,,,,15,825,,,,11,19148,,,,13,151,,,,28,4352,,,,,,,,,,,,,,,,,,,,,,,,,,,,,,,,,,,,,,,,,,,,,,,,
180853,12-Jul-19,20:59:28,2019-07-12 20:59:28,G,8,-2,881,504,0,7,-62.4659,-60.7792,16:57.5,FastGPS,-62.4742,-60.7685,,3,13.9,0.4,,,,15,17,18133,,,,13,22254,,,,15,19819,,,,24,24609,,,,19,30249,,,,28,1413,,,,30,6805,,,,,,,,,,,,,,,,,,,,,,,,,,,,,,,,,,,,,,,,,,,
180853,12-Jul-19,21:59:03,2019-07-12 21:59:03,G,4,-2,882,504,0,7,-62.4509,-60.8173,59:01.5,FastGPS,-62.4509,-60.8173,,,9.6,0.5,,,,15,12,3430,,,,15,32129,,,,24,23257,,,,1,10354,,,,28,1190,,,,19,16816,,,,17,13787,,,,,,,,,,,,,,,,,,,,,,,,,,,,,,,,,,,,,,,,,,,
180853,12-Jul-19,23:16:04,2019-07-12 23:16:04,G,4,-2,883,505,0,7,-62.4503,-60.817,16:02.0,FastGPS,-62.4503,-60.817,,,12.2,0,,,,15,32,30772,,,,12,3691,,,,24,7188,,,,25,3174,,,,14,19553,,,,3,12450,,,,22,1463,,,,,,,,,,,,,,,,,,,,,,,,,,,,,,,,,,,,,,,,,,,
180853,13-Jul-19,0:17:33,2019-07-13 00:17:33,G,6,-2,884,,0,9,-62.4568,-60.7867,17:31.4,FastGPS,-62.4568,-60.7867,,,11.1,0.5,,,,15,12,22013,,,,19,18039,,,,2,29539,,,,25,14052,,,,17,11798,,,,24,6747,,,,32,10220,,,,6,28209,,,,29,30460,,,,,,,,,,,,,,,,,,,,,,,,,,,,,,,,,
180853,13-Jul-19,1:17:00,2019-07-13 01:17:00,G,6,-2,885,505,1,5,-62.4661,-60.7785,16:57.5,FastGPS,-62.4661,-60.7785,,,1.6,-0.5,,,,15,31,15230,,,,29,26511,,,,14,10631,,,,25,4400,,,,32,16537,,,,,,,,,,,,,,,,,,,,,,,,,,,,,,,,,,,,,,,,,,,,,,,,,,,,,
180853,13-Jul-19,2:17:00,2019-07-13 02:17:00,G,6,-2,886,505,1,4,-62.4659,-60.7792,16:57.5,FastGPS,-62.466,-60.7796,,,1.1,-0.5,,,,15,31,882,,,,29,23245,,,,26,28855,,,,6,28238,,,,,,,,,,,,,,,,,,,,,,,,,,,,,,,,,,,,,,,,,,,,,,,,,,,,,,,,,,
180853,13-Jul-19,3:17:00,2019-07-13 03:17:00,G,14,-2,887,505,1,4,-62.4661,-60.7793,16:58.5,FastGPS,-62.4659,-60.7792,,,0.3,-0.5,,,,15,31,622,,,,26,29132,,,,9,7341,,,,29,18205,,,,,,,,,,,,,,,,,,,,,,,,,,,,,,,,,,,,,,,,,,,,,,,,,,,,,,,,,,
180853,13-Jul-19,4:17:00,2019-07-13 04:17:00,G,4,-2,888,505,1,4,-62.4659,-60.778,7/13/2019 4:21,MC,-62.4661,-60.7793,,,0.3,0.5,,,,15,16,24662,,,,5,31763,,,,26,15744,,,,21,26063,,,,,,,,,,,,,,,,,,,,,,,,,,,,,,,,,,,,,,,,,,,,,,,,,,,,,,,,,,
180853,13-Jul-19,5:17:00,2019-07-13 05:17:00,G,4,-2,889,505,1,6,-62.4659,-60.7787,16:57.5,FastGPS,-62.4659,-60.7787,,,11.6,-0.5,,,,15,7,13132,,,,27,28128,,,,5,31231,,,,16,11079,,,,26,14359,,,,21,4612,,,,,,,,,,,,,,,,,,,,,,,,,,,,,,,,,,,,,,,,,,,,,,,,
180853,13-Jul-19,13:14:03,2019-07-13 13:14:03,G,4,-2,890,505,0,7,-62.466,-60.7809,14:01.9,FastGPS,-62.466,-60.7809,,,5,0.9,,,,15,3,15024,,,,22,32663,,,,31,30030,,,,23,5190,,,,9,10370,,,,1,9142,,,,26,10150,,,,,,,,,,,,,,,,,,,,,,,,,,,,,,,,,,,,,,,,,,,
180853,13-Jul-19,14:16:26,2019-07-13 14:16:26,G,2,-2,891,505,0,7,-62.4532,-60.7995,16:24.5,FastGPS,-62.4532,-60.7995,,,5.2,0.5,,,,15,3,881,,,,23,32470,,,,9,2198,,,,2,19035,,,,6,32216,,,,26,2896,,,,7,6987,,,,,,,,,,,,,,,,,,,,,,,,,,,,,,,,,,,,,,,,,,,
180853,13-Jul-19,15:16:00,2019-07-13 15:16:00,G,4,-2,892,505,0,7,-62.4549,-60.8196,15:58.4,FastGPS,-62.4549,-60.8196,,,5.9,0.5,,,,15,7,650,,,,6,23961,,,,23,28535,,,,2,32091,,,,9,30102,,,,5,4573,,,,16,30930,,,,,,,,,,,,,,,,,,,,,,,,,,,,,,,,,,,,,,,,,,,
180853,13-Jul-19,18:44:19,2019-07-13 18:44:19,G,4,-2,895,506,0,8,-62.4635,-60.8085,44:17.4,FastGPS,-62.4635,-60.8085,,,11.7,0.4,,,,15,5,31276,,,,13,9113,,,,30,16213,,,,7,24854,,,,27,12344,,,,8,8397,,,,28,15522,,,,15,1863,,,,,,,,,,,,,,,,,,,,,,,,,,,,,,,,,,,,,,
180853,13-Jul-19,19:44:38,2019-07-13 19:44:38,G,8,-2,896,506,0,6,-62.4695,-60.7991,44:36.5,FastGPS,-62.4695,-60.7991,,,10,0.5,,,,15,15,14487,,,,13,10522,,,,28,29970,,,,30,3228,,,,20,4988,,,,8,30775,,,,,,,,,,,,,,,,,,,,,,,,,,,,,,,,,,,,,,,,,,,,,,,,
180853,13-Jul-19,20:48:57,2019-07-13 20:48:57,G,8,-2,897,506,0,7,-62.481,-60.7919,48:54.9,FastGPS,-62.481,-60.7919,,,17.3,-0.1,,,,15,15,22023,,,,17,21650,,,,13,7195,,,,28,13545,,,,19,31640,,,,24,29028,,,,10,18932,,,,,,,,,,,,,,,,,,,,,,,,,,,,,,,,,,,,,,,,,,,
180853,13-Jul-19,21:49:02,2019-07-13 21:49:02,G,4,-2,898,,0,9,-62.4736,-60.7975,48:59.4,FastGPS,-62.4736,-60.7975,,,9.3,-0.6,,,,15,15,14004,,,,12,5700,,,,17,3736,,,,18,19390,,,,13,13154,,,,28,22657,,,,1,7402,,,,19,31267,,,,24,6119,,,,,,,,,,,,,,,,,,,,,,,,,,,,,,,,,
180853,13-Jul-19,22:49:23,2019-07-13 22:49:23,G,8,-2,899,506,0,7,-62.4611,-60.8013,49:21.9,FastGPS,-62.4611,-60.8013,,,5.4,0.9,,,,15,17,27967,,,,12,4187,,,,6,29476,,,,19,24872,,,,32,21037,,,,22,29576,,,,24,26226,,,,,,,,,,,,,,,,,,,,,,,,,,,,,,,,,,,,,,,,,,,
180853,13-Jul-19,23:49:00,2019-07-13 23:49:00,G,8,-2,900,506,1,7,-62.461,-60.7952,48:58.4,FastGPS,-62.461,-60.7952,,,15.3,0.4,,,,15,12,31249,,,,6,21312,,,,2,5054,,,,32,1763,,,,25,18467,,,,19,20742,,,,24,16361,,,,,,,,,,,,,,,,,,,,,,,,,,,,,,,,,,,,,,,,,,,
180853,14-Jul-19,11:27:04,2019-07-14 11:27:04,G,6,-2,901,507,0,5,-62.4502,-60.8117,27:02.9,FastGPS,-62.4502,-60.8117,,,12.2,0.9,,,,15,18,32646,,,,32,18341,,,,31,19237,,,,14,24374,,,,12,20234,,,,,,,,,,,,,,,,,,,,,,,,,,,,,,,,,,,,,,,,,,,,,,,,,,,,,
180853,14-Jul-19,12:30:50,2019-07-14 12:30:50,G,4,-2,902,507,0,5,-62.451,-60.8161,30:48.9,FastGPS,-62.451,-60.8161,,,9.3,0.9,,,,15,31,25008,,,,23,25826,,,,6,23036,,,,19,23673,,,,14,28759,,,,,,,,,,,,,,,,,,,,,,,,,,,,,,,,,,,,,,,,,,,,,,,,,,,,,
180853,14-Jul-19,13:34:39,2019-07-14 13:34:39,G,8,-2,903,507,0,6,-62.4571,-60.7879,34:36.9,FastGPS,-62.4571,-60.7879,,,6,-0.1,,,,15,3,20792,,,,23,32725,,,,22,29272,,,,9,5972,,,,6,22286,,,,19,28228,,,,,,,,,,,,,,,,,,,,,,,,,,,,,,,,,,,,,,,,,,,,,,,,
180853,14-Jul-19,14:34:05,2019-07-14 14:34:05,G,12,-2,904,507,0,7,-62.4631,-60.8175,34:02.4,FastGPS,-62.4631,-60.8175,,,10.1,-0.6,,,,15,7,23655,,,,6,3043,,,,9,21815,,,,29,3009,,,,2,29455,,,,26,2859,,,,31,16533,,,,,,,,,,,,,,,,,,,,,,,,,,,,,,,,,,,,,,,,,,,
180853,14-Jul-19,15:34:21,2019-07-14 15:34:21,G,10,-2,905,507,0,8,-62.4625,-60.7924,7/14/2019 1:40,MA,-62.478,-60.8366,,4,274.5,0.4,,,,15,7,30507,,,,5,14206,,,,2,7748,,,,9,7422,,,,29,22969,,,,6,13123,,,,26,4794,,,,30,3125,,,,,,,,,,,,,,,,,,,,,,,,,,,,,,,,,,,,,,
180853,14-Jul-19,16:34:43,2019-07-14 16:34:43,G,12,-2,906,507,0,6,-62.5043,-60.829,34:41.4,FastGPS,-62.5043,-60.829,,,5,0.4,,,,15,7,17253,,,,9,2667,,,,5,13004,,,,30,21574,,,,2,27698,,,,13,16519,,,,,,,,,,,,,,,,,,,,,,,,,,,,,,,,,,,,,,,,,,,,,,,,
180853,14-Jul-19,17:37:16,2019-07-14 17:37:16,G,8,-2,907,507,0,7,-62.5356,-60.8821,37:13.4,FastGPS,-62.5356,-60.8821,,,5.2,-0.6,,,,15,5,18278,,,,27,30698,,,,30,19435,,,,13,18617,,,,7,14416,,,,8,20824,,,,21,13541,,,,,,,,,,,,,,,,,,,,,,,,,,,,,,,,,,,,,,,,,,,
180853,14-Jul-19,20:22:19,2019-07-14 20:22:19,G,4,-2,909,,0,9,-62.5866,-60.903,22:17.9,FastGPS,-62.5866,-60.903,,,9.7,0.9,,,,15,15,10675,,,,17,2063,,,,13,21007,,,,30,13039,,,,28,3442,,,,11,27951,,,,10,4458,,,,1,23893,,,,18,9381,,,,,,,,,,,,,,,,,,,,,,,,,,,,,,,,,
180853,14-Jul-19,21:22:13,2019-07-14 21:22:13,G,2,-2,910,,0,9,-62.5901,-60.889,22:10.9,FastGPS,-62.5901,-60.889,,,11.7,-0.1,,,,15,12,11542,,,,15,22863,,,,24,23861,,,,10,12954,,,,17,7099,,,,13,24426,,,,19,8305,,,,28,26646,,,,18,999,,,,,,,,,,,,,,,,,,,,,,,,,,,,,,,,,
180853,14-Jul-19,22:38:37,2019-07-14 22:38:37,G,2,-2,911,509,0,7,-62.5856,-60.9158,38:35.4,FastGPS,-62.5856,-60.9158,,,8.6,0.4,,,,15,17,18209,,,,19,2101,,,,12,24558,,,,24,3798,,,,32,14979,,,,15,10173,,,,6,8189,,,,,,,,,,,,,,,,,,,,,,,,,,,,,,,,,,,,,,,,,,,
180853,15-Jul-19,0:40:21,2019-07-15 00:40:21,G,2,-2,913,,0,9,-62.5902,-60.9284,40:18.9,FastGPS,-62.5902,-60.9284,,,9.5,-0.1,,,,15,31,2412,,,,29,25734,,,,12,17860,,,,25,11782,,,,14,4785,,,,6,32377,,,,32,8590,,,,2,21054,,,,3,6717,,,,,,,,,,,,,,,,,,,,,,,,,,,,,,,,,
180853,15-Jul-19,1:40:00,2019-07-15 01:40:00,G,2,-2,914,509,0,6,-62.5876,-60.9188,39:58.4,FastGPS,-62.5876,-60.9188,,,4.8,0.4,,,,15,29,30387,,,,25,15114,,,,31,20852,,,,2,2763,,,,12,23502,,,,14,28808,,,,,,,,,,,,,,,,,,,,,,,,,,,,,,,,,,,,,,,,,,,,,,,,
180853,15-Jul-19,4:40:00,2019-07-15 04:40:00,G,2,-2,917,509,1,6,-62.5902,-60.919,39:58.4,FastGPS,-62.5902,-60.919,,,11.6,0.4,,,,15,27,28119,,,,20,11844,,,,16,29318,,,,26,24468,,,,21,10661,,,,29,24014,,,,,,,,,,,,,,,,,,,,,,,,,,,,,,,,,,,,,,,,,,,,,,,,
180853,15-Jul-19,6:11:26,2019-07-15 06:11:26,G,2,-2,918,511,0,8,-62.5891,-60.9283,11:23.9,FastGPS,-62.5891,-60.9283,,,10.2,-0.1,,,,15,15,31558,,,,10,7210,,,,21,20358,,,,26,9988,,,,27,4154,,,,16,8724,,,,13,14657,,,,20,9974,,,,,,,,,,,,,,,,,,,,,,,,,,,,,,,,,,,,,,
180853,15-Jul-19,7:11:00,2019-07-15 07:11:00,G,6,-2,919,,0,9,-62.5934,-60.9326,10:58.4,FastGPS,-62.5934,-60.9326,,,12.1,0.4,,,,15,27,26400,,,,10,15299,,,,16,6757,,,,8,31475,,,,20,26921,,,,30,1905,,,,15,597,,,,18,4891,,,,21,28749,,,,,,,,,,,,,,,,,,,,,,,,,,,,,,,,,
180853,15-Jul-19,8:11:00,2019-07-15 08:11:00,G,10,-2,920,511,0,8,-62.5956,-60.9436,10:58.4,FastGPS,-62.5956,-60.9436,,,3.3,0.4,,,,15,15,16718,,,,10,31057,,,,20,23936,,,,24,14137,,,,8,20368,,,,32,17820,,,,27,15272,,,,28,21489,,,,,,,,,,,,,,,,,,,,,,,,,,,,,,,,,,,,,,
180853,15-Jul-19,9:13:16,2019-07-15 09:13:16,G,12,-2,921,511,0,8,-62.59,-60.9209,13:14.4,FastGPS,-62.59,-60.9209,,,12.6,0.4,,,,15,11,29812,,,,20,24834,,,,28,597,,,,18,15808,,,,1,17372,,,,10,27955,,,,24,26567,,,,32,8495,,,,,,,,,,,,,,,,,,,,,,,,,,,,,,,,,,,,,,
180853,15-Jul-19,10:13:50,2019-07-15 10:13:50,G,12,-2,922,,0,9,-62.5911,-60.8892,13:48.4,FastGPS,-62.5911,-60.8892,,,9.3,0.4,,,,15,32,6999,,,,17,19122,,,,24,19186,,,,1,2155,,,,10,8043,,,,18,31264,,,,14,3186,,,,31,21998,,,,11,17628,,,,,,,,,,,,,,,,,,,,,,,,,,,,,,,,,
180853,15-Jul-19,13:38:22,2019-07-15 13:38:22,G,6,-2,923,512,0,7,-62.5918,-60.9229,38:20.4,FastGPS,-62.5918,-60.9229,,,14.2,0.4,,,,15,23,7242,,,,3,1380,,,,22,30673,,,,9,4986,,,,6,794,,,,26,23474,,,,31,13686,,,,,,,,,,,,,,,,,,,,,,,,,,,,,,,,,,,,,,,,,,,
180853,15-Jul-19,14:39:26,2019-07-15 14:39:26,G,6,-2,924,512,0,4,-62.5956,-60.9436,10:58.4,FastGPS,-62.5898,-60.9081,,,0.5,0.3,,,,15,29,15531,,,,26,6302,,,,23,10562,,,,16,29458,,,,,,,,,,,,,,,,,,,,,,,,,,,,,,,,,,,,,,,,,,,,,,,,,,,,,,,,,,
180853,15-Jul-19,15:41:08,2019-07-15 15:41:08,G,4,-2,925,512,0,6,-62.5872,-60.9152,41:06.9,FastGPS,-62.5872,-60.9152,,,6.2,0.9,,,,15,23,10890,,,,29,7577,,,,5,26054,,,,9,32144,,,,7,31165,,,,26,13113,,,,,,,,,,,,,,,,,,,,,,,,,,,,,,,,,,,,,,,,,,,,,,,,
180853,15-Jul-19,17:56:10,2019-07-15 17:56:10,G,4,-2,927,,0,9,-62.5758,-60.8903,56:08.4,FastGPS,-62.5758,-60.8903,,,9.4,0.4,,,,15,7,25672,,,,5,27869,,,,30,4905,,,,13,14084,,,,8,30837,,,,9,5432,,,,27,14503,,,,15,13822,,,,28,9424,,,,,,,,,,,,,,,,,,,,,,,,,,,,,,,,,
180853,15-Jul-19,18:58:23,2019-07-15 18:58:23,G,2,-2,928,513,0,7,-62.5909,-60.9142,58:20.4,FastGPS,-62.5909,-60.9142,,,17.4,-0.6,,,,15,7,26322,,,,8,6098,,,,30,528,,,,15,18291,,,,5,10886,,,,28,26626,,,,13,11606,,,,,,,,,,,,,,,,,,,,,,,,,,,,,,,,,,,,,,,,,,,
180853,15-Jul-19,20:03:01,2019-07-15 20:03:01,G,2,-2,929,513,0,5,-62.5902,-60.9068,02:58.9,FastGPS,-62.5902,-60.9068,,,11.9,-0.1,,,,15,13,13658,,,,15,26847,,,,30,3702,,,,28,8746,,,,11,10895,,,,,,,,,,,,,,,,,,,,,,,,,,,,,,,,,,,,,,,,,,,,,,,,,,,,,
180853,15-Jul-19,21:03:00,2019-07-15 21:03:00,G,2,-2,930,513,0,7,-62.5952,-60.9183,02:57.3,FastGPS,-62.5952,-60.9183,,,5,-0.7,,,,15,15,17886,,,,13,16293,,,,12,1752,,,,20,18529,,,,19,15453,,,,10,18711,,,,17,26489,,,,,,,,,,,,,,,,,,,,,,,,,,,,,,,,,,,,,,,,,,,
180853,16-Jul-19,0:22:00,2019-07-16 00:22:00,G,8,-2,931,522,0,6,-62.5955,-60.918,21:58.4,FastGPS,-62.5955,-60.918,,,15.3,0.4,,,,15,25,3831,,,,32,18768,,,,24,17439,,,,31,9178,,,,2,8648,,,,12,31471,,,,,,,,,,,,,,,,,,,,,,,,,,,,,,,,,,,,,,,,,,,,,,,,
180853,16-Jul-19,2:56:00,2019-07-16 02:56:00,G,16,-2,932,528,1,4,-62.5898,-60.9081,39:24.3,FastGPS,-62.5962,-60.9178,,,0.8,0.3,,,,15,25,30269,,,,31,21767,,,,26,31790,,,,29,19157,,,,,,,,,,,,,,,,,,,,,,,,,,,,,,,,,,,,,,,,,,,,,,,,,,,,,,,,,,
180853,16-Jul-19,3:56:00,2019-07-16 03:56:00,G,12,-2,933,528,1,6,-62.5952,-60.9185,55:58.4,FastGPS,-62.5952,-60.9185,,,14.2,0.4,,,,15,31,27057,,,,21,11953,,,,16,18143,,,,25,2185,,,,29,23234,,,,26,31413,,,,,,,,,,,,,,,,,,,,,,,,,,,,,,,,,,,,,,,,,,,,,,,,
180853,16-Jul-19,5:04:35,2019-07-16 05:04:35,G,10,-2,934,,0,9,-62.5937,-60.9183,04:33.3,FastGPS,-62.5937,-60.9183,,,11.8,0.3,,,,15,27,30088,,,,16,12960,,,,26,15494,,,,7,15546,,,,15,1854,,,,20,17860,,,,21,5325,,,,5,1606,,,,10,9774,,,,,,,,,,,,,,,,,,,,,,,,,,,,,,,,,
180853,16-Jul-19,6:08:30,2019-07-16 06:08:30,G,4,-2,935,,0,9,-62.5993,-60.9496,08:28.3,FastGPS,-62.5993,-60.9496,,,13.2,0.3,,,,15,27,13117,,,,7,21053,,,,15,6654,,,,16,11789,,,,13,20674,,,,10,17977,,,,30,1251,,,,8,26835,,,,21,23844,,,,,,,,,,,,,,,,,,,,,,,,,,,,,,,,,
180853,16-Jul-19,7:24:32,2019-07-16 07:24:32,G,6,-2,936,528,0,6,-62.6016,-60.9444,24:30.8,FastGPS,-62.6016,-60.9444,,,5.3,0.8,,,,15,10,15720,,,,27,22307,,,,20,12476,,,,8,18765,,,,21,20060,,,,15,14942,,,,,,,,,,,,,,,,,,,,,,,,,,,,,,,,,,,,,,,,,,,,,,,,
180853,16-Jul-19,8:59:20,2019-07-16 08:59:20,G,2,-2,937,529,0,7,-62.5898,-60.9081,39:24.3,FastGPS,-62.6047,-60.9423,,3,16.9,-0.3,,,,15,32,29608,,,,10,5830,,,,14,31551,,,,18,11256,,,,8,9872,,,,27,27738,,,,11,24095,,,,,,,,,,,,,,,,,,,,,,,,,,,,,,,,,,,,,,,,,,,
180853,16-Jul-19,10:14:19,2019-07-16 10:14:19,G,6,-2,938,530,0,8,-62.596,-60.9526,14:16.3,FastGPS,-62.596,-60.9526,,,13.9,-0.7,,,,15,32,6240,,,,18,31400,,,,11,18185,,,,14,13482,,,,1,12962,,,,8,2946,,,,10,24248,,,,3,14225,,,,,,,,,,,,,,,,,,,,,,,,,,,,,,,,,,,,,,
180853,16-Jul-19,11:15:48,2019-07-16 11:15:48,G,6,-2,939,,0,9,-62.5877,-60.9195,15:45.8,FastGPS,-62.5877,-60.9195,,,14.6,-0.2,,,,15,31,23335,,,,32,11374,,,,11,15513,,,,14,13142,,,,18,23590,,,,17,23441,,,,23,10706,,,,12,31995,,,,1,2097,,,,,,,,,,,,,,,,,,,,,,,,,,,,,,,,,
180853,16-Jul-19,12:16:01,2019-07-16 12:16:01,G,6,-2,940,530,0,5,-62.5747,-60.8478,15:59.4,FastGPS,-62.5747,-60.8478,,,6.2,0.4,,,,15,31,20664,,,,3,12641,,,,22,24069,,,,14,23433,,,,1,8215,,,,,,,,,,,,,,,,,,,,,,,,,,,,,,,,,,,,,,,,,,,,,,,,,,,,,
180853,16-Jul-19,13:19:41,2019-07-16 13:19:41,G,6,-2,941,530,0,7,-62.5417,-60.8863,19:39.3,FastGPS,-62.5417,-60.8863,,,7.3,0.3,,,,15,31,7994,,,,23,16154,,,,22,13855,,,,26,27394,,,,3,27304,,,,6,3786,,,,25,28896,,,,,,,,,,,,,,,,,,,,,,,,,,,,,,,,,,,,,,,,,,,
180853,16-Jul-19,14:20:03,2019-07-16 14:20:03,G,8,-2,942,530,0,7,-62.5085,-60.8358,20:01.3,FastGPS,-62.5085,-60.8358,,,5.2,0.3,,,,15,23,32636,,,,26,17678,,,,6,1608,,,,7,13247,,,,9,30755,,,,3,25984,,,,16,4819,,,,,,,,,,,,,,,,,,,,,,,,,,,,,,,,,,,,,,,,,,,
180853,16-Jul-19,15:20:00,2019-07-16 15:20:00,G,10,-2,943,530,0,7,-62.4739,-60.8276,19:58.4,FastGPS,-62.4739,-60.8276,,,2.2,0.3,,,,15,7,10346,,,,6,7164,,,,2,22017,,,,9,11424,,,,23,14694,,,,16,720,,,,26,18570,,,,,,,,,,,,,,,,,,,,,,,,,,,,,,,,,,,,,,,,,,,
180853,16-Jul-19,16:36:11,2019-07-16 16:36:11,G,4,-2,944,531,0,6,-62.4657,-60.8097,36:09.8,FastGPS,-62.4657,-60.8097,,,10.2,0.8,,,,15,5,2516,,,,16,31658,,,,30,22610,,,,7,23589,,,,9,10805,,,,27,30662,,,,,,,,,,,,,,,,,,,,,,,,,,,,,,,,,,,,,,,,,,,,,,,,
180853,16-Jul-19,17:38:51,2019-07-16 17:38:51,G,6,-2,945,531,0,6,-62.4542,-60.8006,38:49.3,FastGPS,-62.4542,-60.8006,,,3.1,0.3,,,,15,5,155,,,,7,15504,,,,30,18712,,,,13,15205,,,,28,22724,,,,8,11236,,,,,,,,,,,,,,,,,,,,,,,,,,,,,,,,,,,,,,,,,,,,,,,,
180853,16-Jul-19,19:06:49,2019-07-16 19:06:49,G,4,-2,946,532,0,8,-62.4573,-60.7804,06:47.4,FastGPS,-62.4573,-60.7804,,,4.4,0.4,,,,15,15,17571,,,,28,22008,,,,30,25861,,,,13,15058,,,,8,19039,,,,20,22560,,,,7,29088,,,,5,17768,,,,,,,,,,,,,,,,,,,,,,,,,,,,,,,,,,,,,,
180853,16-Jul-19,20:22:11,2019-07-16 20:22:11,G,2,-2,947,,0,9,-62.4719,-60.7617,22:09.8,FastGPS,-62.4719,-60.7617,,,9.1,0.8,,,,15,1,18546,,,,30,15217,,,,15,12692,,,,13,2416,,,,17,8893,,,,28,26867,,,,18,20671,,,,11,30927,,,,10,18537,,,,,,,,,,,,,,,,,,,,,,,,,,,,,,,,,
180853,17-Jul-19,8:55:01,2019-07-17 08:55:01,G,6,-2,950,,0,9,-62.4717,-60.7515,54:59.3,FastGPS,-62.4717,-60.7515,,,7.6,0.3,,,,15,10,13051,,,,28,21131,,,,11,28789,,,,20,20583,,,,32,3861,,,,18,16348,,,,1,30987,,,,24,5887,,,,8,16994,,,,,,,,,,,,,,,,,,,,,,,,,,,,,,,,,
180853,17-Jul-19,10:25:07,2019-07-17 10:25:07,G,6,-2,951,537,0,7,-62.4915,-60.7052,25:05.8,FastGPS,-62.4915,-60.7052,,,12.7,0.8,,,,15,22,30403,,,,1,15452,,,,11,20855,,,,3,26844,,,,14,14835,,,,17,7261,,,,32,5132,,,,,,,,,,,,,,,,,,,,,,,,,,,,,,,,,,,,,,,,,,,
180853,17-Jul-19,11:25:23,2019-07-17 11:25:23,G,12,-2,952,,0,9,-62.5323,-60.6814,25:21.3,FastGPS,-62.5323,-60.6814,,,5.9,0.3,,,,15,17,16115,,,,31,28230,,,,12,11694,,,,1,5925,,,,22,19825,,,,3,11327,,,,18,6123,,,,19,32311,,,,11,32314,,,,,,,,,,,,,,,,,,,,,,,,,,,,,,,,,
180853,17-Jul-19,12:40:01,2019-07-17 12:40:01,G,10,-2,953,,0,9,-62.4717,-60.7515,54:59.3,FastGPS,-62.5603,-60.5928,,5,0.4,-0.3,,,,15,31,2919,,,,22,7540,,,,19,4912,,,,25,1565,,,,23,11753,,,,17,29427,,,,1,6465,,,,9,11486,,,,6,16659,,,,,,,,,,,,,,,,,,,,,,,,,,,,,,,,,
180853,17-Jul-19,13:41:25,2019-07-17 13:41:25,G,8,-2,954,538,0,5,-62.5608,-60.5438,41:22.3,FastGPS,-62.5608,-60.5438,,,2.2,-0.7,,,,15,31,1157,,,,6,27100,,,,2,17572,,,,9,220,,,,23,31885,,,,,,,,,,,,,,,,,,,,,,,,,,,,,,,,,,,,,,,,,,,,,,,,,,,,,
180853,17-Jul-19,15:13:39,2019-07-17 15:13:39,G,6,-2,955,540,0,5,-62.5595,-60.561,13:36.8,FastGPS,-62.5595,-60.5609,,,1,-0.2,,,,15,16,23050,,,,23,14040,,,,26,14672,,,,7,24142,,,,9,2265,,,,,,,,,,,,,,,,,,,,,,,,,,,,,,,,,,,,,,,,,,,,,,,,,,,,,
180853,17-Jul-19,16:28:00,2019-07-17 16:28:00,G,6,-2,956,541,0,6,-62.5497,-60.4565,27:58.3,FastGPS,-62.5497,-60.4565,,,4.3,0.3,,,,15,5,31552,,,,27,25142,,,,9,28759,,,,7,28166,,,,23,30311,,,,16,16194,,,,,,,,,,,,,,,,,,,,,,,,,,,,,,,,,,,,,,,,,,,,,,,,
180853,17-Jul-19,17:49:55,2019-07-17 17:49:55,G,6,-2,957,542,0,8,-62.5494,-60.5121,49:53.8,FastGPS,-62.5494,-60.5121,,1,6,0.8,,,,15,5,21799,,,,7,20303,,,,30,3956,,,,15,19222,,,,28,18263,,,,21,4360,,,,13,18143,,,,27,13754,,,,,,,,,,,,,,,,,,,,,,,,,,,,,,,,,,,,,,
180853,17-Jul-19,18:50:04,2019-07-17 18:50:04,G,8,-2,958,542,0,6,-62.561,-60.6133,50:02.3,FastGPS,-62.561,-60.6133,,,5.5,0.3,,,,15,5,6420,,,,28,21861,,,,7,24546,,,,15,11731,,,,13,6312,,,,8,2875,,,,,,,,,,,,,,,,,,,,,,,,,,,,,,,,,,,,,,,,,,,,,,,,
180853,17-Jul-19,20:20:15,2019-07-17 20:20:15,G,2,-2,959,544,0,7,-62.5603,-60.5928,39:58.7,FastGPS,-62.6459,-64.0829,,3,6787.3,1.8,,,,15,17,11526,,,,28,16957,,,,19,20337,,,,30,24249,,,,13,22153,,,,15,5442,,,,1,18983,,,,,,,,,,,,,,,,,,,,,,,,,,,,,,,,,,,,,,,,,,,
180853,17-Jul-19,21:22:47,2019-07-17 21:22:47,G,4,-2,960,544,0,8,-62.5603,-60.5928,39:58.7,FastGPS,-62.4708,-60.7568,,4,180.9,-0.3,,,,15,15,17660,,,,17,29109,,,,12,1243,,,,19,11952,,,,13,30784,,,,24,21156,,,,28,5710,,,,10,22796,,,,,,,,,,,,,,,,,,,,,,,,,,,,,,,,,,,,,,
180853,17-Jul-19,22:23:00,2019-07-17 22:23:00,G,2,-2,961,544,1,4,-62.5603,-60.5928,39:58.7,FastGPS,-62.4754,-60.7517,,,0.2,0.7,,,,15,32,9336,,,,17,29274,,,,1,17198,,,,19,6645,,,,,,,,,,,,,,,,,,,,,,,,,,,,,,,,,,,,,,,,,,,,,,,,,,,,,,,,,,
180853,17-Jul-19,23:23:00,2019-07-17 23:23:00,G,4,-2,962,544,1,4,-62.4754,-60.7517,22:58.7,FastGPS,-62.471,-60.7717,,,2.4,-0.4,,,,15,32,9672,,,,17,30308,,,,19,16122,,,,12,22169,,,,,,,,,,,,,,,,,,,,,,,,,,,,,,,,,,,,,,,,,,,,,,,,,,,,,,,,,,
180853,18-Jul-19,0:23:00,2019-07-18 00:23:00,G,2,-2,963,544,1,6,-62.4691,-60.7731,22:57.3,FastGPS,-62.4691,-60.7731,,,8.3,-0.7,,,,15,31,1142,,,,14,297,,,,6,25160,,,,25,13093,,,,32,11345,,,,19,19303,,,,,,,,,,,,,,,,,,,,,,,,,,,,,,,,,,,,,,,,,,,,,,,,
180853,18-Jul-19,14:35:02,2019-07-18 14:35:02,G,2,-2,964,,0,9,-62.4811,-60.7907,35:00.3,FastGPS,-62.4811,-60.7907,,,5.2,0.3,,,,15,7,30349,,,,9,5122,,,,23,14443,,,,29,13858,,,,2,30921,,,,6,15011,,,,3,24028,,,,16,10838,,,,26,32050,,,,,,,,,,,,,,,,,,,,,,,,,,,,,,,,,
180853,18-Jul-19,15:37:12,2019-07-18 15:37:12,G,6,-2,965,553,0,8,-62.4786,-60.8094,37:09.3,FastGPS,-62.4786,-60.8094,,,8.7,-0.7,,,,15,5,13651,,,,7,12112,,,,2,13780,,,,30,19972,,,,23,30884,,,,9,13844,,,,16,31762,,,,26,13086,,,,,,,,,,,,,,,,,,,,,,,,,,,,,,,,,,,,,,
180853,18-Jul-19,16:37:56,2019-07-18 16:37:56,G,8,-2,966,553,0,6,-62.4736,-60.829,37:53.7,FastGPS,-62.4735,-60.829,,,6.2,-0.3,,,,15,5,5829,,,,30,10350,,,,7,9683,,,,13,31594,,,,9,32231,,,,27,14901,,,,,,,,,,,,,,,,,,,,,,,,,,,,,,,,,,,,,,,,,,,,,,,,
180853,18-Jul-19,17:38:42,2019-07-18 17:38:42,G,2,-2,967,553,0,6,-62.4873,-60.829,38:40.3,FastGPS,-62.4873,-60.829,,,6.4,0.3,,,,15,5,18554,,,,15,3075,,,,13,9598,,,,7,23331,,,,30,23438,,,,28,29340,,,,,,,,,,,,,,,,,,,,,,,,,,,,,,,,,,,,,,,,,,,,,,,,
180853,18-Jul-19,18:41:37,2019-07-18 18:41:37,G,2,-2,968,,0,9,-62.5239,-60.8402,41:35.3,FastGPS,-62.5239,-60.8402,,,18.6,0.3,,,,15,15,26795,,,,8,1022,,,,27,24035,,,,20,6721,,,,5,22006,,,,28,4888,,,,13,31060,,,,7,7001,,,,21,19637,,,,,,,,,,,,,,,,,,,,,,,,,,,,,,,,,
180853,18-Jul-19,19:42:17,2019-07-18 19:42:17,G,4,-2,969,,0,9,-62.5727,-60.8527,42:15.8,FastGPS,-62.5727,-60.8527,,,11.5,0.8,,,,15,15,13615,,,,20,25749,,,,8,14773,,,,10,1715,,,,13,24448,,,,28,7308,,,,11,31298,,,,24,3672,,,,18,20298,,,,,,,,,,,,,,,,,,,,,,,,,,,,,,,,,
180853,18-Jul-19,20:42:11,2019-07-18 20:42:11,G,4,-2,970,,0,9,-62.5926,-60.9111,42:09.3,FastGPS,-62.5926,-60.9111,,,14.8,0.3,,,,15,15,4273,,,,24,12183,,,,10,24463,,,,17,2944,,,,20,9170,,,,18,16064,,,,28,8522,,,,11,28300,,,,1,6026,,,,,,,,,,,,,,,,,,,,,,,,,,,,,,,,,
180853,18-Jul-19,22:12:01,2019-07-18 22:12:01,G,8,-2,971,555,0,5,-62.6113,-60.9824,11:59.7,FastGPS,-62.6113,-60.9824,,,4.4,0.7,,,,15,12,30438,,,,17,10284,,,,24,9891,,,,15,27750,,,,6,2039,,,,,,,,,,,,,,,,,,,,,,,,,,,,,,,,,,,,,,,,,,,,,,,,,,,,,
180853,18-Jul-19,23:12:54,2019-07-18 23:12:54,G,2,-2,972,555,0,6,-62.6198,-60.9852,12:52.2,FastGPS,-62.6198,-60.9852,,,7.7,0.2,,,,15,17,14749,,,,12,5538,,,,19,22533,,,,24,20451,,,,6,12443,,,,32,4488,,,,,,,,,,,,,,,,,,,,,,,,,,,,,,,,,,,,,,,,,,,,,,,,
180853,19-Jul-19,0:13:00,2019-07-19 00:13:00,G,8,-2,973,,0,9,-62.6167,-61.0042,12:58.3,FastGPS,-62.6167,-61.0042,,,7.9,0.3,,,,15,31,10529,,,,3,12034,,,,32,29189,,,,14,9717,,,,12,15400,,,,29,27101,,,,25,31473,,,,6,28118,,,,2,5455,,,,,,,,,,,,,,,,,,,,,,,,,,,,,,,,,
180853,19-Jul-19,2:00:15,2019-07-19 02:00:15,G,8,-2,974,555,0,6,-62.6245,-60.9964,00:13.7,FastGPS,-62.6245,-60.9964,,,8.5,0.7,,,,15,29,12626,,,,31,10389,,,,12,16648,,,,25,2412,,,,2,9187,,,,5,427,,,,,,,,,,,,,,,,,,,,,,,,,,,,,,,,,,,,,,,,,,,,,,,,
180853,19-Jul-19,3:00:00,2019-07-19 03:00:00,G,12,-2,975,555,1,7,-62.6248,-60.9964,59:58.2,FastGPS,-62.6248,-60.9964,,,7.8,0.2,,,,15,26,523,,,,29,23820,,,,31,21770,,,,5,12762,,,,16,26223,,,,21,22196,,,,25,17875,,,,,,,,,,,,,,,,,,,,,,,,,,,,,,,,,,,,,,,,,,,
180853,19-Jul-19,9:12:18,2019-07-19 09:12:18,G,4,-2,976,556,0,6,-62.6117,-61.0326,12:16.7,FastGPS,-62.6117,-61.0326,,,13.4,0.7,,,,15,10,10435,,,,14,28381,,,,8,25701,,,,18,7301,,,,32,8520,,,,11,23136,,,,,,,,,,,,,,,,,,,,,,,,,,,,,,,,,,,,,,,,,,,,,,,,
180853,19-Jul-19,10:13:49,2019-07-19 10:13:49,G,8,-2,977,,0,9,-62.5918,-61.1167,13:47.2,FastGPS,-62.5918,-61.1167,,,4.3,0.2,,,,15,32,12583,,,,11,29032,,,,3,19086,,,,22,25758,,,,14,15293,,,,18,8377,,,,17,3126,,,,1,17025,,,,10,26898,,,,,,,,,,,,,,,,,,,,,,,,,,,,,,,,,
180853,19-Jul-19,11:14:16,2019-07-19 11:14:16,G,10,-2,978,556,0,8,-62.5759,-61.1843,14:13.3,FastGPS,-62.5759,-61.1843,,,8.4,-0.7,,,,15,31,28939,,,,1,22928,,,,22,30382,,,,3,17172,,,,14,27571,,,,18,26923,,,,17,30870,,,,11,21156,,,,,,,,,,,,,,,,,,,,,,,,,,,,,,,,,,,,,,
180853,19-Jul-19,12:21:01,2019-07-19 12:21:01,G,12,-2,979,556,0,8,-62.5875,-61.1856,20:59.2,FastGPS,-62.5875,-61.1856,,,12.2,0.2,,,,15,31,16774,,,,17,18380,,,,23,23946,,,,22,13462,,,,3,5413,,,,9,6892,,,,1,30783,,,,18,7190,,,,,,,,,,,,,,,,,,,,,,,,,,,,,,,,,,,,,,
180853,19-Jul-19,13:38:13,2019-07-19 13:38:13,G,6,-2,980,557,0,8,-62.5865,-61.2065,38:10.2,FastGPS,-62.5865,-61.2065,,,8.8,-0.8,,,,15,23,27411,,,,9,16469,,,,6,27613,,,,2,910,,,,31,11827,,,,3,4169,,,,19,30178,,,,26,23443,,,,,,,,,,,,,,,,,,,,,,,,,,,,,,,,,,,,,,
180853,19-Jul-19,14:39:08,2019-07-19 14:39:08,G,6,-2,981,557,0,6,-62.5797,-61.1768,39:06.2,FastGPS,-62.5797,-61.1768,,,4.6,0.2,,,,15,2,597,,,,29,20695,,,,9,14309,,,,5,7291,,,,23,22493,,,,26,29550,,,,,,,,,,,,,,,,,,,,,,,,,,,,,,,,,,,,,,,,,,,,,,,,
180853,19-Jul-19,15:41:20,2019-07-19 15:41:20,G,6,-2,982,,0,9,-62.5784,-61.1831,41:17.7,FastGPS,-62.5784,-61.1831,,,25.5,-0.3,,,,15,5,28748,,,,7,15019,,,,16,10831,,,,29,12760,,,,26,4725,,,,2,5916,,,,23,9230,,,,30,6908,,,,9,17818,,,,,,,,,,,,,,,,,,,,,,,,,,,,,,,,,
180853,19-Jul-19,18:42:29,2019-07-19 18:42:29,G,8,-2,983,564,0,7,-62.562,-61.1293,42:26.7,FastGPS,-62.562,-61.1293,,,7.2,-0.3,,,,15,5,2995,,,,30,29486,,,,28,20038,,,,15,12543,,,,13,5126,,,,7,16516,,,,8,30405,,,,,,,,,,,,,,,,,,,,,,,,,,,,,,,,,,,,,,,,,,,
180853,19-Jul-19,19:42:00,2019-07-19 19:42:00,G,6,-2,984,564,0,6,-62.5651,-61.1487,41:57.7,FastGPS,-62.5651,-61.1487,,,11.1,-0.3,,,,15,17,28253,,,,13,24188,,,,28,11886,,,,24,27227,,,,19,8751,,,,30,29714,,,,,,,,,,,,,,,,,,,,,,,,,,,,,,,,,,,,,,,,,,,,,,,,
180853,19-Jul-19,21:18:22,2019-07-19 21:18:22,G,6,-2,985,566,0,7,-62.566,-61.1184,18:19.2,FastGPS,-62.566,-61.1184,,,9.8,-0.8,,,,15,15,10952,,,,24,2669,,,,28,25855,,,,19,24898,,,,12,23689,,,,17,4749,,,,1,16711,,,,,,,,,,,,,,,,,,,,,,,,,,,,,,,,,,,,,,,,,,,
180853,19-Jul-19,22:18:00,2019-07-19 22:18:00,G,8,-2,986,,0,9,-62.6013,-61.0853,17:57.2,FastGPS,-62.6013,-61.0853,,,5.6,-0.8,,,,15,12,17739,,,,32,8935,,,,17,11661,,,,24,28954,,,,19,26672,,,,14,8504,,,,15,3910,,,,1,31377,,,,25,25513,,,,,,,,,,,,,,,,,,,,,,,,,,,,,,,,,
180853,20-Jul-19,0:50:11,2019-07-20 00:50:11,G,4,-2,987,567,0,6,-62.5654,-61.15,50:08.7,FastGPS,-62.5654,-61.15,,,8.6,-0.3,,,,15,31,4866,,,,29,14285,,,,6,28493,,,,12,23032,,,,2,10298,,,,25,13630,,,,,,,,,,,,,,,,,,,,,,,,,,,,,,,,,,,,,,,,,,,,,,,,
180853,20-Jul-19,1:50:50,2019-07-20 01:50:50,G,8,-2,988,567,0,8,-62.5618,-61.1285,50:48.7,FastGPS,-62.5618,-61.1285,,,8.6,0.7,,,,15,31,25813,,,,23,21938,,,,29,17880,,,,25,25334,,,,12,19031,,,,2,2629,,,,26,1514,,,,5,26947,,,,,,,,,,,,,,,,,,,,,,,,,,,,,,,,,,,,,,
180853,20-Jul-19,2:52:15,2019-07-20 02:52:15,G,6,-2,989,567,0,5,-62.5643,-61.1172,52:13.2,FastGPS,-62.5643,-61.1172,,,6.9,0.2,,,,15,25,23227,,,,5,30880,,,,29,17826,,,,2,14312,,,,26,13742,,,,,,,,,,,,,,,,,,,,,,,,,,,,,,,,,,,,,,,,,,,,,,,,,,,,,
180853,20-Jul-19,3:53:44,2019-07-20 03:53:44,G,6,-2,990,567,0,6,-62.605,-61.079,53:42.7,FastGPS,-62.605,-61.079,,1,0.6,0.7,,,,15,26,14157,,,,5,19420,,,,16,7365,,,,21,7454,,,,29,23205,,,,4,2372,,,,,,,,,,,,,,,,,,,,,,,,,,,,,,,,,,,,,,,,,,,,,,,,
180853,20-Jul-19,5:30:18,2019-07-20 05:30:18,G,6,-2,991,,0,9,-62.605,-61.079,53:42.7,FastGPS,,,,,,,,,,15,10,18838,,,,20,31973,,,,4,27731,,,,15,28056,,,,16,24218,,,,21,30204,,,,27,18412,,,,26,5073,,,,29,21631,,,,,,,,,,,,,,,,,,,,,,,,,,,,,,,,,
180853,20-Jul-19,6:30:00,2019-07-20 06:30:00,G,6,-2,992,567,1,7,-62.6206,-61.0232,29:58.2,FastGPS,-62.6206,-61.0232,,,4.9,0.2,,,,15,8,22426,,,,18,13122,,,,7,21816,,,,27,15076,,,,30,2520,,,,13,21182,,,,16,22122,,,,,,,,,,,,,,,,,,,,,,,,,,,,,,,,,,,,,,,,,,,
180853,20-Jul-19,11:12:00,2019-07-20 11:12:00,G,4,-2,993,,0,9,-62.6205,-61.0232,11:57.2,FastGPS,-62.6205,-61.0232,,,7.6,-0.8,,,,15,17,531,,,,11,18023,,,,22,1503,,,,23,20146,,,,1,22428,,,,31,5565,,,,18,23840,,,,19,14873,,,,3,23982,,,,,,,,,,,,,,,,,,,,,,,,,,,,,,,,,
180853,20-Jul-19,12:12:00,2019-07-20 12:12:00,G,2,-2,994,,1,9,-62.6205,-61.0234,11:58.2,FastGPS,-62.6205,-61.0234,,,9.5,0.2,,,,15,31,2186,,,,23,23691,,,,17,18859,,,,22,9848,,,,3,23930,,,,14,15125,,,,19,28398,,,,1,2343,,,,6,20226,,,,,,,,,,,,,,,,,,,,,,,,,,,,,,,,,
180853,20-Jul-19,18:06:24,2019-07-20 18:06:24,G,4,-2,995,568,0,6,-62.6247,-61.0088,06:21.3,FastGPS,-62.6247,-61.0088,,,5.2,-0.7,,,,15,5,13456,,,,28,23060,,,,30,19128,,,,13,5542,,,,27,14789,,,,7,13922,,,,,,,,,,,,,,,,,,,,,,,,,,,,,,,,,,,,,,,,,,,,,,,,
180853,20-Jul-19,19:30:00,2019-07-20 19:30:00,G,6,-2,996,569,0,6,-62.6218,-61.0089,29:58.2,FastGPS,-62.6218,-61.0089,,,11.4,0.2,,,,15,17,16699,,,,15,10375,,,,28,8427,,,,13,32201,,,,10,25051,,,,19,413,,,,,,,,,,,,,,,,,,,,,,,,,,,,,,,,,,,,,,,,,,,,,,,,
180853,20-Jul-19,20:30:00,2019-07-20 20:30:00,G,6,-2,997,569,0,8,-62.6258,-61.0096,29:57.2,FastGPS,-62.6258,-61.0096,,,6.9,-0.8,,,,15,12,19691,,,,17,26108,,,,15,15550,,,,13,8426,,,,30,31140,,,,24,3707,,,,19,9421,,,,28,25443,,,,,,,,,,,,,,,,,,,,,,,,,,,,,,,,,,,,,,
180853,20-Jul-19,21:30:00,2019-07-20 21:30:00,G,2,-2,998,569,1,8,-62.6258,-61.0095,29:58.2,FastGPS,-62.6258,-61.0095,,,5.6,0.2,,,,15,12,4928,,,,15,3102,,,,24,14098,,,,17,32488,,,,10,556,,,,13,21078,,,,19,7599,,,,28,2822,,,,,,,,,,,,,,,,,,,,,,,,,,,,,,,,,,,,,,
180853,21-Jul-19,11:58:14,2019-07-21 11:58:14,G,4,-2,999,569,0,7,-62.6251,-60.9907,58:11.7,FastGPS,-62.6251,-60.9907,,,7.5,-0.3,,,,15,17,14124,,,,23,18658,,,,3,21458,,,,19,3498,,,,22,27788,,,,31,29873,,,,6,12868,,,,,,,,,,,,,,,,,,,,,,,,,,,,,,,,,,,,,,,,,,,
180853,21-Jul-19,13:18:21,2019-07-21 13:18:21,G,2,-2,1000,569,0,8,-62.6167,-60.9895,18:18.7,FastGPS,-62.6167,-60.9895,,,8.4,-0.3,,,,15,3,9688,,,,23,28672,,,,9,9866,,,,22,469,,,,26,25131,,,,6,19881,,,,31,19258,,,,19,7755,,,,,,,,,,,,,,,,,,,,,,,,,,,,,,,,,,,,,,
180853,21-Jul-19,15:51:48,2019-07-21 15:51:48,G,6,-2,1001,569,0,4,-62.6251,-60.9907,58:11.7,FastGPS,-62.6251,-60.991,,,0.5,-0.4,,,,15,9,10609,,,,7,10275,,,,5,16712,,,,16,19622,,,,,,,,,,,,,,,,,,,,,,,,,,,,,,,,,,,,,,,,,,,,,,,,,,,,,,,,,,
180853,21-Jul-19,17:46:14,2019-07-21 17:46:14,G,6,-2,1002,570,0,7,-62.6114,-61.03,46:11.7,FastGPS,-62.6114,-61.03,,,6.9,-0.3,,,,15,5,25977,,,,15,10279,,,,30,1602,,,,13,26499,,,,28,13207,,,,7,7651,,,,21,31819,,,,,,,,,,,,,,,,,,,,,,,,,,,,,,,,,,,,,,,,,,,
180853,21-Jul-19,19:55:49,2019-07-21 19:55:49,G,4,-2,1004,570,0,6,-62.5819,-61.1891,55:46.1,FastGPS,-62.5819,-61.1891,,,11.5,-0.9,,,,15,15,4330,,,,13,8179,,,,10,1246,,,,20,31184,,,,24,21043,,,,17,1553,,,,,,,,,,,,,,,,,,,,,,,,,,,,,,,,,,,,,,,,,,,,,,,,
180853,21-Jul-19,20:57:21,2019-07-21 20:57:21,G,4,-2,1005,570,0,6,-62.5945,-61.1941,57:18.7,FastGPS,-62.5945,-61.1941,,,7.6,-0.3,,,,15,10,32074,,,,11,3538,,,,17,3628,,,,18,18392,,,,24,24776,,,,1,215,,,,,,,,,,,,,,,,,,,,,,,,,,,,,,,,,,,,,,,,,,,,,,,,
180853,21-Jul-19,23:03:27,2019-07-21 23:03:27,G,6,-2,1006,,0,9,-62.6499,-61.2054,03:25.1,FastGPS,-62.6499,-61.2054,,,9.6,0.1,,,,15,32,3583,,,,12,8306,,,,24,11131,,,,14,6355,,,,6,11810,,,,25,20849,,,,17,1965,,,,2,25372,,,,22,1506,,,,,,,,,,,,,,,,,,,,,,,,,,,,,,,,,
180853,22-Jul-19,0:53:46,2019-07-22 00:53:46,G,2,-2,1007,573,0,7,-62.7112,-61.2933,53:44.1,FastGPS,-62.7112,-61.2933,,,5,0.1,,,,15,29,16047,,,,6,20819,,,,12,17386,,,,31,30441,,,,2,12150,,,,25,14978,,,,23,12194,,,,,,,,,,,,,,,,,,,,,,,,,,,,,,,,,,,,,,,,,,,
180853,22-Jul-19,3:17:36,2019-07-22 03:17:36,G,4,-2,1008,573,0,6,-62.6267,-61.3012,17:34.6,FastGPS,-62.6267,-61.3012,,,2.3,0.6,,,,15,29,1733,,,,21,29498,,,,5,17719,,,,31,903,,,,25,12646,,,,16,14359,,,,,,,,,,,,,,,,,,,,,,,,,,,,,,,,,,,,,,,,,,,,,,,,
180853,22-Jul-19,4:32:00,2019-07-22 04:32:00,G,4,-2,1009,574,1,5,-62.6229,-61.2858,31:57.1,FastGPS,-62.6229,-61.2858,,,4.6,-0.9,,,,15,20,4697,,,,29,7356,,,,26,23727,,,,21,17231,,,,16,29653,,,,,,,,,,,,,,,,,,,,,,,,,,,,,,,,,,,,,,,,,,,,,,,,,,,,,
180853,22-Jul-19,5:32:00,2019-07-22 05:32:00,G,4,-2,1010,574,1,5,-62.623,-61.2853,31:58.1,FastGPS,-62.623,-61.2853,,,3.8,0.1,,,,15,10,27746,,,,20,20915,,,,26,26594,,,,16,3495,,,,21,11365,,,,,,,,,,,,,,,,,,,,,,,,,,,,,,,,,,,,,,,,,,,,,,,,,,,,,
180853,22-Jul-19,6:32:00,2019-07-22 06:32:00,G,2,-2,1011,574,1,5,-62.6231,-61.2853,7/22/2019 10:26,MA,-62.6229,-61.2861,,1,0.4,-0.9,,,,15,10,31994,,,,4,17251,,,,27,251,,,,20,6416,,,,8,4680,,,,,,,,,,,,,,,,,,,,,,,,,,,,,,,,,,,,,,,,,,,,,,,,,,,,,
180853,23-Jul-19,3:41:06,2019-07-23 03:41:06,G,6,-2,1013,574,0,6,-62.6228,-61.2868,41:04.1,FastGPS,-62.6228,-61.2868,,1,0.9,0.1,,,,15,29,7734,,,,5,3389,,,,4,18642,,,,21,22642,,,,26,31280,,,,16,24093,,,,,,,,,,,,,,,,,,,,,,,,,,,,,,,,,,,,,,,,,,,,,,,,
180853,23-Jul-19,4:41:00,2019-07-23 04:41:00,G,2,-2,1014,574,0,7,-62.6209,-61.2979,40:57.6,FastGPS,-62.6209,-61.2979,,1,15.1,-0.4,,,,15,7,14905,,,,16,10385,,,,27,19593,,,,4,25469,,,,21,2805,,,,26,28961,,,,5,9317,,,,,,,,,,,,,,,,,,,,,,,,,,,,,,,,,,,,,,,,,,,
180853,23-Jul-19,6:57:02,2019-07-23 06:57:02,G,6,-2,1016,575,0,7,-62.6155,-61.2842,56:59.6,FastGPS,-62.6155,-61.2842,,1,15.9,-0.4,,,,15,10,8066,,,,20,1773,,,,27,19180,,,,15,4274,,,,21,5847,,,,4,24018,,,,18,14642,,,,,,,,,,,,,,,,,,,,,,,,,,,,,,,,,,,,,,,,,,,
180853,23-Jul-19,7:59:25,2019-07-23 07:59:25,G,4,-2,1017,,0,9,-62.5916,-61.2123,14:21.6,FastGPS,-62.6127,-61.2713,,5,12.1,0,,,,15,32,20409,,,,10,11430,,,,20,30089,,,,14,4771,,,,4,3044,,,,8,25869,,,,27,27308,,,,11,7584,,,,18,31832,,,,,,,,,,,,,,,,,,,,,,,,,,,,,,,,,
180853,23-Jul-19,8:59:04,2019-07-23 08:59:04,G,2,-2,1018,575,0,8,-62.6158,-61.2602,59:01.1,FastGPS,-62.6158,-61.2602,,,12.2,-0.9,,,,15,32,28933,,,,10,14056,,,,18,27092,,,,20,30594,,,,11,10804,,,,24,12624,,,,8,34,,,,1,2338,,,,,,,,,,,,,,,,,,,,,,,,,,,,,,,,,,,,,,
180853,23-Jul-19,10:14:24,2019-07-23 10:14:24,G,2,-2,1019,576,0,7,-62.5916,-61.2123,14:21.6,FastGPS,-62.5916,-61.2123,,,5.1,-0.4,,,,15,17,9429,,,,11,29056,,,,3,10730,,,,18,6848,,,,1,20036,,,,22,29525,,,,32,4821,,,,,,,,,,,,,,,,,,,,,,,,,,,,,,,,,,,,,,,,,,,
180853,23-Jul-19,11:15:05,2019-07-23 11:15:05,G,4,-2,1020,,0,9,-62.6,-61.1768,15:02.6,FastGPS,-62.6,-61.1768,,,9.2,-0.4,,,,15,14,17292,,,,22,1398,,,,31,11997,,,,32,9184,,,,1,20265,,,,3,20874,,,,25,14320,,,,17,22572,,,,23,30015,,,,,,,,,,,,,,,,,,,,,,,,,,,,,,,,,
180853,23-Jul-19,12:30:19,2019-07-23 12:30:19,G,2,-2,1021,577,0,7,-62.6087,-61.1593,30:17.6,FastGPS,-62.6087,-61.1593,,,6.5,0.6,,,,15,31,30353,,,,9,30707,,,,3,17052,,,,26,27514,,,,23,29523,,,,22,7839,,,,1,17068,,,,,,,,,,,,,,,,,,,,,,,,,,,,,,,,,,,,,,,,,,,
180853,23-Jul-19,13:30:31,2019-07-23 13:30:31,G,4,-2,1022,577,0,6,-62.6087,-61.1582,30:29.1,FastGPS,-62.6087,-61.1582,,,10.4,0.1,,,,15,9,18507,,,,2,1736,,,,23,31416,,,,6,28144,,,,31,21178,,,,26,20247,,,,,,,,,,,,,,,,,,,,,,,,,,,,,,,,,,,,,,,,,,,,,,,,
180853,23-Jul-19,16:20:01,2019-07-23 16:20:01,G,4,-2,1023,584,0,6,-62.6085,-61.1591,19:59.6,FastGPS,-62.6085,-61.1591,,1,3.4,0.6,,,,15,5,25028,,,,7,23017,,,,13,27532,,,,30,30724,,,,16,30990,,,,4,31020,,,,,,,,,,,,,,,,,,,,,,,,,,,,,,,,,,,,,,,,,,,,,,,,
180853,23-Jul-19,17:20:23,2019-07-23 17:20:23,G,4,-2,1024,584,0,8,-62.6086,-61.1579,20:20.6,FastGPS,-62.6086,-61.1579,,,2.3,-0.4,,,,15,30,23119,,,,5,15674,,,,7,16559,,,,9,29706,,,,13,18818,,,,28,5483,,,,27,1285,,,,8,1988,,,,,,,,,,,,,,,,,,,,,,,,,,,,,,,,,,,,,,
180853,23-Jul-19,18:20:50,2019-07-23 18:20:50,G,2,-2,1025,584,0,8,-62.6086,-61.1594,20:47.6,FastGPS,-62.6086,-61.1594,,,8.8,-0.4,,,,15,15,15212,,,,7,29463,,,,30,31776,,,,5,13192,,,,28,23933,,,,13,20155,,,,20,28324,,,,21,11574,,,,,,,,,,,,,,,,,,,,,,,,,,,,,,,,,,,,,,
180853,23-Jul-19,19:53:02,2019-07-23 19:53:02,G,2,-2,1026,,0,9,-62.6086,-61.1582,52:59.1,FastGPS,-62.6086,-61.1582,,,12.1,-0.9,,,,15,15,17422,,,,19,17170,,,,13,6766,,,,17,6000,,,,20,8059,,,,24,23467,,,,28,31064,,,,10,23695,,,,30,26427,,,,,,,,,,,,,,,,,,,,,,,,,,,,,,,,,
180853,24-Jul-19,1:07:17,2019-07-24 01:07:17,G,4,-2,1030,589,0,8,-62.6085,-61.1581,07:15.1,FastGPS,-62.6085,-61.1581,,,12.3,0.1,,,,15,2,16495,,,,12,23836,,,,31,12076,,,,25,22962,,,,23,32016,,,,5,19809,,,,29,24809,,,,6,17853,,,,,,,,,,,,,,,,,,,,,,,,,,,,,,,,,,,,,,
180853,24-Jul-19,2:16:10,2019-07-24 02:16:10,G,8,-2,1031,589,0,8,-62.6085,-61.1577,16:08.6,FastGPS,-62.6085,-61.1577,,,1.9,0.6,,,,15,29,22739,,,,31,9582,,,,2,360,,,,5,23843,,,,26,11775,,,,25,23784,,,,9,29075,,,,21,16473,,,,,,,,,,,,,,,,,,,,,,,,,,,,,,,,,,,,,,
180853,24-Jul-19,3:17:52,2019-07-24 03:17:52,G,2,-2,1032,589,0,4,-62.6144,-61.1423,30:02.5,FastGPS,-62.6088,-61.1578,,,1.9,-0.4,,,,15,21,21448,,,,29,3896,,,,5,2227,,,,31,17735,,,,,,,,,,,,,,,,,,,,,,,,,,,,,,,,,,,,,,,,,,,,,,,,,,,,,,,,,,
180853,24-Jul-19,5:41:20,2019-07-24 05:41:20,G,4,-2,1033,589,0,7,-62.6095,-61.1564,41:18.1,FastGPS,-62.6095,-61.1564,,1,10.1,0.1,,,,15,10,30614,,,,21,578,,,,20,17699,,,,4,26092,,,,15,4011,,,,16,19415,,,,27,23054,,,,,,,,,,,,,,,,,,,,,,,,,,,,,,,,,,,,,,,,,,,
180853,24-Jul-19,6:43:55,2019-07-24 06:43:55,G,4,-2,1034,589,0,7,-62.6098,-61.157,43:53.6,FastGPS,-62.6098,-61.157,,2,10,0.6,,,,15,10,13319,,,,15,3204,,,,4,27325,,,,21,32687,,,,20,31540,,,,27,10597,,,,16,9239,,,,,,,,,,,,,,,,,,,,,,,,,,,,,,,,,,,,,,,,,,,
180853,24-Jul-19,7:50:51,2019-07-24 07:50:51,G,10,-2,1035,,0,9,-62.6095,-61.1565,50:49.0,FastGPS,-62.6095,-61.1565,,,9.8,0,,,,15,10,24282,,,,18,23197,,,,8,782,,,,11,30878,,,,1,14615,,,,20,18402,,,,24,7309,,,,27,15440,,,,15,8716,,,,,,,,,,,,,,,,,,,,,,,,,,,,,,,,,
180853,24-Jul-19,8:51:48,2019-07-24 08:51:48,G,2,-2,1036,589,0,8,-62.6094,-61.1563,51:46.6,FastGPS,-62.6094,-61.1563,,,5.1,0.6,,,,15,32,19789,,,,10,21014,,,,14,5875,,,,18,18674,,,,8,5992,,,,11,1915,,,,24,8985,,,,1,19750,,,,,,,,,,,,,,,,,,,,,,,,,,,,,,,,,,,,,,
180853,24-Jul-19,9:52:00,2019-07-24 09:52:00,G,8,-2,1037,589,0,8,-62.6127,-61.1465,51:58.1,FastGPS,-62.6127,-61.1465,,,15.4,0.1,,,,15,32,23683,,,,14,23689,,,,18,19570,,,,1,25158,,,,11,7607,,,,22,30131,,,,3,21563,,,,31,27016,,,,,,,,,,,,,,,,,,,,,,,,,,,,,,,,,,,,,,
180853,24-Jul-19,10:55:40,2019-07-24 10:55:40,G,4,-2,1038,,0,9,-62.6122,-61.1463,55:37.1,FastGPS,-62.6122,-61.1463,,,7.5,-0.9,,,,15,1,6837,,,,18,8454,,,,22,18834,,,,31,22644,,,,3,8279,,,,17,18341,,,,11,3140,,,,14,12168,,,,32,21813,,,,,,,,,,,,,,,,,,,,,,,,,,,,,,,,,
180853,24-Jul-19,11:57:12,2019-07-24 11:57:12,G,4,-2,1039,,0,9,-62.609,-61.1576,57:09.1,FastGPS,-62.609,-61.1576,,,8.2,-0.9,,,,15,31,16996,,,,17,30759,,,,14,24203,,,,23,10724,,,,3,6423,,,,25,8840,,,,19,9745,,,,22,22251,,,,6,9839,,,,,,,,,,,,,,,,,,,,,,,,,,,,,,,,,
180853,24-Jul-19,12:57:03,2019-07-24 12:57:03,G,6,-2,1040,589,0,4,-62.6144,-61.1423,30:02.5,FastGPS,-62.6092,-61.1566,,,0.8,-0.4,,,,15,23,25123,,,,2,22392,,,,6,14153,,,,9,11340,,,,,,,,,,,,,,,,,,,,,,,,,,,,,,,,,,,,,,,,,,,,,,,,,,,,,,,,,,
180853,24-Jul-19,13:57:18,2019-07-24 13:57:18,G,2,-2,1041,589,0,6,-62.6092,-61.1562,57:15.5,FastGPS,-62.6092,-61.1562,,,8,-0.5,,,,15,7,20378,,,,29,23061,,,,9,10100,,,,23,4556,,,,2,14822,,,,6,2422,,,,,,,,,,,,,,,,,,,,,,,,,,,,,,,,,,,,,,,,,,,,,,,,
180853,24-Jul-19,15:28:57,2019-07-24 15:28:57,G,6,-2,1042,591,0,6,-62.6145,-61.142,28:55.6,FastGPS,-62.6145,-61.142,,,7.9,0.6,,,,15,9,14050,,,,5,32530,,,,7,8510,,,,30,16587,,,,2,21468,,,,26,21708,,,,,,,,,,,,,,,,,,,,,,,,,,,,,,,,,,,,,,,,,,,,,,,,
180853,24-Jul-19,16:30:04,2019-07-24 16:30:04,G,2,-2,1043,591,0,4,-62.6123,-61.1481,30:30.1,FastGPS,-62.6144,-61.1423,,,0.8,0.5,,,,15,7,16456,,,,5,10142,,,,30,3630,,,,27,16358,,,,,,,,,,,,,,,,,,,,,,,,,,,,,,,,,,,,,,,,,,,,,,,,,,,,,,,,,,
180853,24-Jul-19,17:30:32,2019-07-24 17:30:32,G,2,-2,1044,591,0,7,-62.6123,-61.1481,30:30.1,FastGPS,-62.6123,-61.1481,,,3.1,0.1,,,,15,7,4116,,,,5,19387,,,,30,20728,,,,13,793,,,,28,12931,,,,27,28417,,,,15,12140,,,,,,,,,,,,,,,,,,,,,,,,,,,,,,,,,,,,,,,,,,,
180853,24-Jul-19,18:31:30,2019-07-24 18:31:30,G,4,-2,1045,591,0,6,-62.6147,-61.1433,31:28.5,FastGPS,-62.6147,-61.1433,,1,5.9,0.5,,,,15,15,16642,,,,7,14373,,,,13,20166,,,,28,19774,,,,30,12033,,,,8,1963,,,,,,,,,,,,,,,,,,,,,,,,,,,,,,,,,,,,,,,,,,,,,,,,
180853,24-Jul-19,19:31:14,2019-07-24 19:31:14,G,4,-2,1046,,0,9,-62.611,-61.1515,31:12.0,FastGPS,-62.611,-61.1515,,,9.9,0,,,,15,15,8474,,,,18,27359,,,,13,13722,,,,30,115,,,,11,24664,,,,8,21635,,,,20,11906,,,,1,22967,,,,28,15563,,,,,,,,,,,,,,,,,,,,,,,,,,,,,,,,,
180853,24-Jul-19,20:34:18,2019-07-24 20:34:18,G,10,-2,1047,591,0,6,-62.6295,-61.1469,34:16.5,FastGPS,-62.6295,-61.1469,,,7.6,0.5,,,,15,15,21476,,,,17,1345,,,,24,16885,,,,28,1352,,,,1,13851,,,,19,31357,,,,,,,,,,,,,,,,,,,,,,,,,,,,,,,,,,,,,,,,,,,,,,,,
180853,24-Jul-19,21:34:35,2019-07-24 21:34:35,G,6,-2,1048,591,0,7,-62.6435,-61.1565,34:32.5,FastGPS,-62.6435,-61.1565,,,5.5,-0.5,,,,15,17,23571,,,,24,1685,,,,12,17273,,,,15,15308,,,,19,30506,,,,1,27254,,,,32,20178,,,,,,,,,,,,,,,,,,,,,,,,,,,,,,,,,,,,,,,,,,,
180853,24-Jul-19,22:34:35,2019-07-24 22:34:35,G,4,-2,1049,591,0,8,-62.6263,-61.1378,34:32.0,FastGPS,-62.6263,-61.1378,,,13.1,-1,,,,15,17,8782,,,,6,5359,,,,24,23306,,,,12,19304,,,,19,22778,,,,32,6349,,,,22,5633,,,,2,10285,,,,,,,,,,,,,,,,,,,,,,,,,,,,,,,,,,,,,,
180853,24-Jul-19,23:36:14,2019-07-24 23:36:14,G,4,-2,1050,,0,9,-62.6226,-61.1434,36:12.1,FastGPS,-62.6226,-61.1434,,,10.2,0.1,,,,15,6,10108,,,,17,31785,,,,2,9404,,,,32,14012,,,,25,16565,,,,14,7033,,,,19,6880,,,,31,8572,,,,12,6593,,,,,,,,,,,,,,,,,,,,,,,,,,,,,,,,,
180853,25-Jul-19,0:36:00,2019-07-25 00:36:00,G,6,-2,1051,591,0,7,-62.6208,-61.143,35:58.0,FastGPS,-62.6208,-61.143,,,3.1,0,,,,15,31,25590,,,,29,5897,,,,6,13525,,,,14,4937,,,,25,21446,,,,12,9291,,,,32,1704,,,,,,,,,,,,,,,,,,,,,,,,,,,,,,,,,,,,,,,,,,,
180853,25-Jul-19,1:36:00,2019-07-25 01:36:00,G,4,-2,1052,591,0,8,-62.6246,-61.1414,35:58.5,FastGPS,-62.6246,-61.1414,,,6.5,0.5,,,,15,29,15153,,,,31,13334,,,,2,11594,,,,23,12071,,,,25,4308,,,,26,16733,,,,5,2543,,,,12,15745,,,,,,,,,,,,,,,,,,,,,,,,,,,,,,,,,,,,,,
180853,25-Jul-19,2:37:02,2019-07-25 02:37:02,G,4,-2,1053,591,0,7,-62.6224,-61.1418,36:59.0,FastGPS,-62.6224,-61.1418,,,6.1,-1,,,,15,5,2557,,,,29,10983,,,,31,5489,,,,25,334,,,,21,18854,,,,16,24053,,,,26,27686,,,,,,,,,,,,,,,,,,,,,,,,,,,,,,,,,,,,,,,,,,,
180853,25-Jul-19,3:57:02,2019-07-25 03:57:02,G,4,-2,1054,592,0,8,-62.611,-61.1547,57:00.1,FastGPS,-62.611,-61.1547,,1,8.8,0.1,,,,15,5,24398,,,,29,32300,,,,7,7700,,,,4,24162,,,,16,27106,,,,27,27058,,,,26,27229,,,,21,4972,,,,,,,,,,,,,,,,,,,,,,,,,,,,,,,,,,,,,,
180853,25-Jul-19,4:57:48,2019-07-25 04:57:48,G,2,-2,1055,,0,9,-62.6134,-61.144,57:46.0,FastGPS,-62.6134,-61.144,,1,11.9,0,,,,15,15,24607,,,,7,24274,,,,27,14569,,,,4,30591,,,,13,22982,,,,16,2953,,,,5,7718,,,,26,14546,,,,29,9251,,,,,,,,,,,,,,,,,,,,,,,,,,,,,,,,,
180853,25-Jul-19,8:14:00,2019-07-25 08:14:00,G,4,-2,1058,,0,9,-62.59,-61.2169,13:58.0,FastGPS,-62.59,-61.2169,,,8.8,0,,,,15,28,21535,,,,10,1978,,,,11,12234,,,,24,29127,,,,18,474,,,,32,12182,,,,8,8973,,,,1,1862,,,,20,19724,,,,,,,,,,,,,,,,,,,,,,,,,,,,,,,,,
180853,25-Jul-19,9:29:03,2019-07-25 09:29:03,G,2,-2,1059,594,0,5,-62.6118,-61.1537,29:01.5,FastGPS,-62.6118,-61.1537,,,3,0.5,,,,15,17,9746,,,,32,16575,,,,10,30821,,,,1,4274,,,,18,9032,,,,,,,,,,,,,,,,,,,,,,,,,,,,,,,,,,,,,,,,,,,,,,,,,,,,,
180853,25-Jul-19,10:34:37,2019-07-25 10:34:37,G,8,-2,1060,,0,9,-62.6249,-61.1457,34:34.5,FastGPS,-62.6249,-61.1457,,,10.6,-0.5,,,,15,12,18004,,,,32,16991,,,,17,14815,,,,19,31455,,,,3,31007,,,,1,541,,,,14,14898,,,,11,22211,,,,22,6670,,,,,,,,,,,,,,,,,,,,,,,,,,,,,,,,,
180853,25-Jul-19,11:34:26,2019-07-25 11:34:26,G,4,-2,1061,,0,9,-62.6238,-61.1437,34:24.5,FastGPS,-62.6238,-61.1437,,,8.6,0.5,,,,15,31,20074,,,,23,17248,,,,14,15352,,,,1,28944,,,,11,21412,,,,19,5466,,,,17,32510,,,,9,9265,,,,3,14915,,,,,,,,,,,,,,,,,,,,,,,,,,,,,,,,,
180853,25-Jul-19,12:49:57,2019-07-25 12:49:57,G,4,-2,1062,595,0,8,-62.6073,-61.1631,7/25/2019 12:49,FastGPS,-62.6073,-61.1631,,,11.1,0,,,,15,31,5550,,,,9,16935,,,,23,6943,,,,3,28207,,,,22,4122,,,,19,3386,,,,25,286,,,,6,27771,,,,,,,,,,,,,,,,,,,,,,,,,,,,,,,,,,,,,,
180853,25-Jul-19,13:52:29,2019-07-25 13:52:29,G,2,-2,1063,595,0,5,-62.5855,-61.2292,52:26.5,FastGPS,-62.5855,-61.2292,,,2.6,-0.5,,,,15,9,2210,,,,23,32100,,,,6,30178,,,,7,9907,,,,2,7142,,,,,,,,,,,,,,,,,,,,,,,,,,,,,,,,,,,,,,,,,,,,,,,,,,,,,
180853,25-Jul-19,14:55:15,2019-07-25 14:55:15,G,2,-2,1064,,0,9,-62.5548,-61.2988,55:13.0,FastGPS,-62.5548,-61.2988,,,7.1,0,,,,15,7,26005,,,,9,13837,,,,5,16362,,,,16,16398,,,,29,27873,,,,23,8961,,,,26,1504,,,,6,27170,,,,30,9849,,,,,,,,,,,,,,,,,,,,,,,,,,,,,,,,,
180853,25-Jul-19,15:58:19,2019-07-25 15:58:19,G,4,-2,1065,595,0,6,-62.6092,-61.3052,58:16.5,FastGPS,-62.6092,-61.3052,,1,5.2,-0.5,,,,15,5,16212,,,,7,4560,,,,30,3457,,,,16,14180,,,,27,13554,,,,4,20308,,,,,,,,,,,,,,,,,,,,,,,,,,,,,,,,,,,,,,,,,,,,,,,,
180853,25-Jul-19,16:59:47,2019-07-25 16:59:47,G,4,-2,1066,595,0,8,-62.6296,-61.2975,59:45.0,FastGPS,-62.6296,-61.2975,,1,5.3,0,,,,15,5,14765,,,,27,11064,,,,30,31591,,,,13,20122,,,,7,31766,,,,8,16087,,,,4,31382,,,,21,26416,,,,,,,,,,,,,,,,,,,,,,,,,,,,,,,,,,,,,,
180853,25-Jul-19,18:17:28,2019-07-25 18:17:28,G,2,-2,1067,596,0,7,-62.6401,-61.2349,17:26.5,FastGPS,-62.6401,-61.2349,,,6.7,0.5,,,,15,7,4235,,,,28,1971,,,,15,27905,,,,8,21246,,,,30,16280,,,,27,1649,,,,20,7342,,,,,,,,,,,,,,,,,,,,,,,,,,,,,,,,,,,,,,,,,,,
180853,25-Jul-19,19:17:48,2019-07-25 19:17:48,G,6,-2,1068,,0,9,-62.6468,-61.1643,17:45.5,FastGPS,-62.6468,-61.1643,,,15,-0.5,,,,15,17,28795,,,,15,26514,,,,13,25089,,,,30,32312,,,,8,15924,,,,11,10212,,,,18,3272,,,,28,13670,,,,10,21825,,,,,,,,,,,,,,,,,,,,,,,,,,,,,,,,,
180853,25-Jul-19,20:18:36,2019-07-25 20:18:36,G,4,-2,1069,596,0,8,-62.6217,-61.1455,18:34.0,FastGPS,-62.6217,-61.1455,,,10.6,0,,,,15,28,11907,,,,19,25941,,,,17,3595,,,,13,20351,,,,15,15732,,,,1,455,,,,11,7915,,,,12,12284,,,,,,,,,,,,,,,,,,,,,,,,,,,,,,,,,,,,,,
180853,25-Jul-19,22:50:00,2019-07-25 22:50:00,G,2,-2,1071,,0,9,-62.5748,-61.1875,49:58.0,FastGPS,-62.5748,-61.1875,,,7.7,0,,,,15,17,25527,,,,3,23802,,,,12,13983,,,,32,3952,,,,6,20245,,,,22,923,,,,14,11744,,,,25,458,,,,19,6376,,,,,,,,,,,,,,,,,,,,,,,,,,,,,,,,,
180853,26-Jul-19,0:09:07,2019-07-26 00:09:07,G,2,-2,1072,599,0,8,-62.5628,-61.1186,09:05.0,FastGPS,-62.5628,-61.1186,,,8.9,0,,,,15,14,29300,,,,29,5268,,,,31,10176,,,,6,24728,,,,32,14399,,,,25,17549,,,,2,8114,,,,12,16248,,,,,,,,,,,,,,,,,,,,,,,,,,,,,,,,,,,,,,
180853,26-Jul-19,3:54:41,2019-07-26 03:54:41,G,4,-2,1073,604,0,7,-62.4946,-60.8778,54:38.0,FastGPS,-62.4946,-60.8778,,1,4.5,-1,,,,15,5,4847,,,,7,28208,,,,16,14363,,,,4,14276,,,,26,9879,,,,27,17867,,,,21,27116,,,,,,,,,,,,,,,,,,,,,,,,,,,,,,,,,,,,,,,,,,,
180853,26-Jul-19,5:59:06,2019-07-26 05:59:06,G,4,-2,1075,604,0,8,-62.4773,-60.8076,59:04.0,FastGPS,-62.4773,-60.8076,,1,8.3,0,,,,15,15,12716,,,,13,3447,,,,8,4347,,,,27,19763,,,,21,7760,,,,10,13535,,,,4,21782,,,,26,5979,,,,,,,,,,,,,,,,,,,,,,,,,,,,,,,,,,,,,,
180853,26-Jul-19,6:59:53,2019-07-26 06:59:53,G,6,-2,1076,,0,9,-62.4608,-60.7953,59:51.5,FastGPS,-62.4608,-60.7953,,1,14.9,0.5,,,,15,27,27225,,,,8,8352,,,,15,2669,,,,20,4111,,,,4,14869,,,,10,16088,,,,18,1529,,,,21,30411,,,,11,2354,,,,,,,,,,,,,,,,,,,,,,,,,,,,,,,,,
180853,26-Jul-19,8:00:00,2019-07-26 08:00:00,G,6,-2,1077,,1,9,-62.4608,-60.7951,59:58.0,FastGPS,-62.4608,-60.7951,,1,3.2,0,,,,15,8,20153,,,,22,12503,,,,10,22723,,,,32,9559,,,,27,15845,,,,4,17939,,,,18,3126,,,,14,10303,,,,20,21417,,,,,,,,,,,,,,,,,,,,,,,,,,,,,,,,,
180853,26-Jul-19,11:58:20,2019-07-26 11:58:20,G,2,-2,1078,604,0,8,-62.4603,-60.7949,58:18.0,FastGPS,-62.4603,-60.7949,,,3.5,0,,,,15,31,9846,,,,9,29957,,,,23,1920,,,,22,28295,,,,1,576,,,,17,24023,,,,3,30240,,,,14,11737,,,,,,,,,,,,,,,,,,,,,,,,,,,,,,,,,,,,,,
180853,26-Jul-19,12:58:43,2019-07-26 12:58:43,G,2,-2,1079,604,0,7,-62.444,-60.8237,58:39.9,FastGPS,-62.444,-60.8237,,,6.2,-1,,,,15,23,7285,,,,6,30076,,,,31,26212,,,,9,24094,,,,26,6573,,,,22,11094,,,,3,20484,,,,,,,,,,,,,,,,,,,,,,,,,,,,,,,,,,,,,,,,,,,
180853,26-Jul-19,14:36:49,2019-07-26 14:36:49,G,2,-2,1080,,0,9,-62.4603,-60.7949,58:18.0,FastGPS,-62.4603,-60.7949,,1,11952.3,-2.6,,,,15,26,18446,,,,23,10110,,,,7,17746,,,,29,18828,,,,16,15865,,,,2,11086,,,,9,29306,,,,5,27451,,,,3,32264,,,,,,,,,,,,,,,,,,,,,,,,,,,,,,,,,
180853,26-Jul-19,17:10:00,2019-07-26 17:10:00,G,4,-2,1082,608,0,6,-62.4608,-60.7962,09:56.9,FastGPS,-62.4608,-60.7962,,,1.8,-1,,,,15,28,12468,,,,30,19752,,,,9,19173,,,,7,8737,,,,8,9060,,,,27,29520,,,,,,,,,,,,,,,,,,,,,,,,,,,,,,,,,,,,,,,,,,,,,,,,
180853,26-Jul-19,19:40:00,2019-07-26 19:40:00,G,4,-2,1084,610,1,5,-62.4608,-60.7972,39:56.9,FastGPS,-62.4608,-60.7972,,,6.2,-1.1,,,,15,15,28455,,,,13,21815,,,,24,29808,,,,20,18228,,,,10,32024,,,,,,,,,,,,,,,,,,,,,,,,,,,,,,,,,,,,,,,,,,,,,,,,,,,,,
180853,26-Jul-19,20:40:00,2019-07-26 20:40:00,G,4,-2,1085,610,1,4,-62.4608,-60.7962,09:56.9,FastGPS,-62.4608,-60.7954,,,0.8,-1,,,,15,15,20070,,,,24,22412,,,,12,27139,,,,10,16245,,,,,,,,,,,,,,,,,,,,,,,,,,,,,,,,,,,,,,,,,,,,,,,,,,,,,,,,,,
180853,26-Jul-19,21:40:00,2019-07-26 21:40:00,G,2,-2,1086,610,1,5,-62.4607,-60.7962,39:57.0,FastGPS,-62.4607,-60.7962,,,2.7,-1,,,,15,12,23489,,,,32,18827,,,,24,31988,,,,1,22622,,,,17,775,,,,,,,,,,,,,,,,,,,,,,,,,,,,,,,,,,,,,,,,,,,,,,,,,,,,,
180853,26-Jul-19,22:40:00,2019-07-26 22:40:00,G,6,-2,1087,610,1,7,-62.4606,-60.7972,39:57.9,FastGPS,-62.4606,-60.7972,,,6,-0.1,,,,15,32,237,,,,25,5460,,,,12,2421,,,,14,28247,,,,17,15687,,,,19,19213,,,,3,11724,,,,,,,,,,,,,,,,,,,,,,,,,,,,,,,,,,,,,,,,,,,
180853,27-Jul-19,8:16:54,2019-07-27 08:16:54,G,2,-2,1088,611,0,8,-62.4512,-60.8031,16:51.4,FastGPS,-62.4512,-60.8031,,1,11.9,-0.6,,,,15,32,2520,,,,14,6310,,,,27,18797,,,,10,26307,,,,4,13436,,,,8,6941,,,,18,11369,,,,11,24050,,,,,,,,,,,,,,,,,,,,,,,,,,,,,,,,,,,,,,
180853,27-Jul-19,13:38:53,2019-07-27 13:38:53,G,4,-2,1093,,0,9,-62.5891,-60.9107,38:50.9,FastGPS,-62.5891,-60.9107,,,4.3,-0.1,,,,15,23,16606,,,,6,12330,,,,9,29555,,,,26,3704,,,,2,3872,,,,7,19075,,,,29,10636,,,,16,8305,,,,3,2766,,,,,,,,,,,,,,,,,,,,,,,,,,,,,,,,,
180853,27-Jul-19,14:57:55,2019-07-27 14:57:55,G,4,-2,1094,613,0,7,-62.6128,-60.9749,57:52.4,FastGPS,-62.6128,-60.9749,,,12.6,-0.6,,,,15,7,23833,,,,16,19105,,,,29,8290,,,,23,31678,,,,9,3148,,,,26,31903,,,,30,24653,,,,,,,,,,,,,,,,,,,,,,,,,,,,,,,,,,,,,,,,,,,
180853,27-Jul-19,16:10:50,2019-07-27 16:10:50,G,4,-2,1095,613,0,6,-62.6225,-60.9893,10:47.4,FastGPS,-62.6225,-60.9893,,1,1.1,-0.6,,,,15,7,30660,,,,30,26624,,,,9,23078,,,,27,7899,,,,16,20240,,,,4,20138,,,,,,,,,,,,,,,,,,,,,,,,,,,,,,,,,,,,,,,,,,,,,,,,
180853,27-Jul-19,17:21:43,2019-07-27 17:21:43,G,12,-2,1096,613,0,6,-62.6262,-61.0078,21:39.9,FastGPS,-62.6262,-61.0078,,,4.8,-1.1,,,,15,5,15670,,,,7,31317,,,,30,24222,,,,28,1741,,,,13,16018,,,,15,31257,,,,,,,,,,,,,,,,,,,,,,,,,,,,,,,,,,,,,,,,,,,,,,,,
180853,27-Jul-19,18:23:07,2019-07-27 18:23:07,G,8,-2,1097,613,0,7,-62.6072,-61.0379,23:04.5,FastGPS,-62.6072,-61.0379,,,5.6,-0.5,,,,15,30,13491,,,,5,30987,,,,28,7913,,,,13,807,,,,15,6151,,,,7,9404,,,,20,13011,,,,,,,,,,,,,,,,,,,,,,,,,,,,,,,,,,,,,,,,,,,
180853,27-Jul-19,19:26:31,2019-07-27 19:26:31,G,12,-2,1098,613,0,7,-62.5849,-61.1246,26:28.4,FastGPS,-62.5849,-61.1246,,,3,-0.6,,,,15,17,23784,,,,28,12918,,,,13,918,,,,30,6822,,,,15,16308,,,,19,4285,,,,1,20158,,,,,,,,,,,,,,,,,,,,,,,,,,,,,,,,,,,,,,,,,,,
180853,27-Jul-19,20:28:52,2019-07-27 20:28:52,G,14,-2,1099,,0,9,-62.5755,-61.1869,28:49.4,FastGPS,-62.5755,-61.1869,,,6,-0.6,,,,15,15,30639,,,,17,10139,,,,19,13921,,,,12,21208,,,,10,19338,,,,28,867,,,,13,30640,,,,24,28777,,,,20,24856,,,,,,,,,,,,,,,,,,,,,,,,,,,,,,,,,
180853,27-Jul-19,21:33:23,2019-07-27 21:33:23,G,6,-2,1100,613,0,5,-62.5745,-61.1785,33:20.9,FastGPS,-62.5745,-61.1785,,,7.8,-0.1,,,,15,17,1212,,,,12,13864,,,,28,27939,,,,24,29301,,,,19,26267,,,,,,,,,,,,,,,,,,,,,,,,,,,,,,,,,,,,,,,,,,,,,,,,,,,,,
180853,28-Jul-19,0:51:37,2019-07-28 00:51:37,G,8,-2,1101,614,0,4,-62.5891,-60.9107,38:50.9,FastGPS,-62.4781,-61.0387,,,0.3,-0.6,,,,15,29,19525,,,,12,14823,,,,2,9881,,,,25,16261,,,,,,,,,,,,,,,,,,,,,,,,,,,,,,,,,,,,,,,,,,,,,,,,,,,,,,,,,,
180853,28-Jul-19,4:32:11,2019-07-28 04:32:11,G,6,-3,1102,,0,9,-62.323,-61.1942,32:09.4,FastGPS,-62.323,-61.1942,,1,12.7,1.4,,,,15,26,7313,,,,29,25604,,,,20,617,,,,7,6290,,,,4,14164,,,,27,17571,,,,21,27800,,,,15,3415,,,,16,30650,,,,,,,,,,,,,,,,,,,,,,,,,,,,,,,,,
180853,28-Jul-19,6:38:22,2019-07-28 06:38:22,G,4,-3,1103,615,0,7,-62.2713,-61.3957,38:19.9,FastGPS,-62.2713,-61.3957,,1,4,0.9,,,,15,10,6330,,,,18,17342,,,,4,18332,,,,27,14117,,,,20,26215,,,,8,15159,,,,11,15845,,,,,,,,,,,,,,,,,,,,,,,,,,,,,,,,,,,,,,,,,,,
180853,28-Jul-19,8:11:30,2019-07-28 08:11:30,G,8,-3,1104,615,0,7,-62.2215,-61.2824,11:27.4,FastGPS,-62.2215,-61.2824,,,5.2,0.4,,,,15,32,15847,,,,24,9271,,,,14,18116,,,,11,6580,,,,20,16931,,,,18,26696,,,,1,12331,,,,,,,,,,,,,,,,,,,,,,,,,,,,,,,,,,,,,,,,,,,
180853,28-Jul-19,9:11:40,2019-07-28 09:11:40,G,4,-3,1105,,0,9,-62.2154,-61.1675,11:37.9,FastGPS,-62.2154,-61.1675,,,3.5,0.9,,,,15,32,15707,,,,10,15289,,,,14,24819,,,,1,23897,,,,17,13162,,,,22,18536,,,,11,28374,,,,18,9241,,,,24,5644,,,,,,,,,,,,,,,,,,,,,,,,,,,,,,,,,
180853,28-Jul-19,10:11:39,2019-07-28 10:11:39,G,2,-3,1106,,0,9,-62.2295,-61.0353,11:35.9,FastGPS,-62.2295,-61.0353,,,8.4,-0.1,,,,15,3,10357,,,,32,27876,,,,1,23349,,,,17,11917,,,,22,4320,,,,12,2889,,,,18,8998,,,,14,9126,,,,31,8381,,,,,,,,,,,,,,,,,,,,,,,,,,,,,,,,,
180853,28-Jul-19,12:33:14,2019-07-28 12:33:14,G,6,-3,1107,,0,9,-62.295,-60.8879,33:10.9,FastGPS,-62.295,-60.8879,,,9.7,-0.1,,,,15,31,24627,,,,26,22502,,,,23,12117,,,,9,9369,,,,22,1958,,,,6,28728,,,,2,10957,,,,25,14382,,,,3,17717,,,,,,,,,,,,,,,,,,,,,,,,,,,,,,,,,
180853,28-Jul-19,13:53:27,2019-07-28 13:53:27,G,8,-3,1108,617,0,7,-62.3494,-60.8384,53:23.8,FastGPS,-62.3494,-60.8384,,,14.5,-0.2,,,,15,29,3098,,,,9,29660,,,,7,17668,,,,6,3911,,,,16,1282,,,,26,14477,,,,23,10740,,,,,,,,,,,,,,,,,,,,,,,,,,,,,,,,,,,,,,,,,,,
180853,28-Jul-19,14:54:20,2019-07-28 14:54:20,G,6,-3,1109,,0,9,-62.4024,-60.7842,54:16.9,FastGPS,-62.4024,-60.7842,,,6,-0.1,,,,15,7,28314,,,,29,6611,,,,5,25817,,,,9,5309,,,,26,31084,,,,30,29882,,,,23,847,,,,2,10221,,,,16,20788,,,,,,,,,,,,,,,,,,,,,,,,,,,,,,,,,
180853,28-Jul-19,16:09:20,2019-07-28 16:09:20,G,2,-3,1110,618,0,6,-62.453,-60.8096,09:16.8,FastGPS,-62.453,-60.8096,,,10.2,-0.2,,,,15,5,28902,,,,7,12886,,,,30,16908,,,,21,20533,,,,13,32126,,,,27,30576,,,,,,,,,,,,,,,,,,,,,,,,,,,,,,,,,,,,,,,,,,,,,,,,
180853,28-Jul-19,17:09:00,2019-07-28 17:09:00,G,4,-3,1111,618,1,7,-62.461,-60.7965,08:56.9,FastGPS,-62.461,-60.7965,,,8.8,-0.1,,,,15,5,13257,,,,9,5809,,,,13,30762,,,,7,6248,,,,30,6014,,,,28,3293,,,,8,13172,,,,,,,,,,,,,,,,,,,,,,,,,,,,,,,,,,,,,,,,,,,
180853,29-Jul-19,1:52:02,2019-07-29 01:52:02,G,4,-3,1112,618,0,8,-62.46,-60.796,51:58.9,FastGPS,-62.46,-60.796,,,5.2,-0.1,,,,15,29,31388,,,,5,25609,,,,21,5218,,,,31,25272,,,,12,26730,,,,2,26328,,,,25,13277,,,,26,29802,,,,,,,,,,,,,,,,,,,,,,,,,,,,,,,,,,,,,,
180853,29-Jul-19,5:11:38,2019-07-29 05:11:38,G,2,-3,1114,622,0,7,-62.4157,-60.8118,11:35.3,FastGPS,-62.4157,-60.8118,,,5,0.3,,,,15,15,11343,,,,26,29594,,,,16,30904,,,,10,14663,,,,13,29997,,,,21,11344,,,,27,20361,,,,,,,,,,,,,,,,,,,,,,,,,,,,,,,,,,,,,,,,,,,
180853,29-Jul-19,7:39:32,2019-07-29 07:39:32,G,10,-3,1115,,0,9,-62.3071,-60.6833,39:30.3,FastGPS,-62.3071,-60.6833,,1,6.8,1.3,,,,15,10,11496,,,,27,20084,,,,32,18810,,,,22,7741,,,,14,7031,,,,20,22056,,,,8,1608,,,,18,17504,,,,4,27529,,,,,,,,,,,,,,,,,,,,,,,,,,,,,,,,,
180853,29-Jul-19,8:49:43,2019-07-29 08:49:43,G,4,-3,1116,,0,9,-62.3041,-60.6609,49:41.4,FastGPS,-62.3041,-60.6609,,,2.5,1.4,,,,15,1,25726,,,,18,19385,,,,32,28307,,,,11,3496,,,,10,4979,,,,28,13480,,,,22,23909,,,,14,25018,,,,17,10713,,,,,,,,,,,,,,,,,,,,,,,,,,,,,,,,,
180853,29-Jul-19,20:32:46,2019-07-29 20:32:46,G,2,-3,1118,626,0,7,-62.2698,-60.4167,32:44.3,FastGPS,-62.2698,-60.4167,,,5.3,1.3,,,,15,15,30161,,,,24,24874,,,,17,4373,,,,28,20752,,,,1,18901,,,,12,8131,,,,18,18903,,,,,,,,,,,,,,,,,,,,,,,,,,,,,,,,,,,,,,,,,,,
180853,29-Jul-19,21:34:09,2019-07-29 21:34:09,G,6,-3,1119,626,0,7,-62.2355,-60.3274,34:06.3,FastGPS,-62.2355,-60.3274,,,11.1,0.3,,,,15,17,18645,,,,6,18034,,,,12,5433,,,,32,27033,,,,24,26311,,,,1,31762,,,,15,16903,,,,,,,,,,,,,,,,,,,,,,,,,,,,,,,,,,,,,,,,,,,
180853,29-Jul-19,23:06:01,2019-07-29 23:06:01,G,6,-3,1120,,0,9,-62.1523,-60.3313,05:58.3,FastGPS,-62.1523,-60.3313,,,7.8,0.3,,,,15,12,2324,,,,14,30567,,,,6,3072,,,,31,16008,,,,25,10406,,,,32,23476,,,,2,704,,,,29,29668,,,,24,31933,,,,,,,,,,,,,,,,,,,,,,,,,,,,,,,,,
180853,30-Jul-19,0:17:19,2019-07-30 00:17:19,G,4,-3,1121,628,0,4,-62.0299,-60.3385,40:48.8,FastGPS,-62.0863,-60.3113,,,0.7,0.4,,,,15,31,14710,,,,12,31664,,,,6,30097,,,,2,14616,,,,,,,,,,,,,,,,,,,,,,,,,,,,,,,,,,,,,,,,,,,,,,,,,,,,,,,,,,
180853,30-Jul-19,1:28:49,2019-07-30 01:28:49,G,12,-3,1122,628,0,5,-62.0661,-60.3075,28:45.8,FastGPS,-62.0661,-60.3075,,,12.4,-0.2,,,,15,12,12738,,,,5,1466,,,,2,22975,,,,29,13692,,,,25,28618,,,,,,,,,,,,,,,,,,,,,,,,,,,,,,,,,,,,,,,,,,,,,,,,,,,,,
180853,30-Jul-19,2:40:52,2019-07-30 02:40:52,G,10,-3,1123,628,0,7,-62.0299,-60.3384,40:48.8,FastGPS,-62.0299,-60.3384,,1,1.3,-0.2,,,,15,31,14011,,,,29,10937,,,,5,17918,,,,21,9923,,,,25,3598,,,,4,26497,,,,26,6088,,,,,,,,,,,,,,,,,,,,,,,,,,,,,,,,,,,,,,,,,,,
180853,30-Jul-19,3:44:46,2019-07-30 03:44:46,G,16,-3,1124,628,0,5,-62.0035,-60.3593,44:42.8,FastGPS,-62.0035,-60.3593,,,1.9,-0.2,,,,15,29,968,,,,26,1812,,,,5,25829,,,,20,7629,,,,21,18742,,,,,,,,,,,,,,,,,,,,,,,,,,,,,,,,,,,,,,,,,,,,,,,,,,,,,
180853,30-Jul-19,4:51:49,2019-07-30 04:51:49,G,4,-3,1125,,0,9,-61.9545,-60.3717,51:45.8,FastGPS,-61.9545,-60.3717,,1,4.4,-0.2,,,,15,15,7818,,,,10,8627,,,,21,1128,,,,20,16628,,,,26,27752,,,,16,24679,,,,4,2871,,,,27,32697,,,,13,14318,,,,,,,,,,,,,,,,,,,,,,,,,,,,,,,,,
180853,30-Jul-19,6:10:26,2019-07-30 06:10:26,G,2,-3,1126,628,0,7,-61.8946,-60.3335,10:22.8,FastGPS,-61.8946,-60.3335,,1,7.8,-0.2,,,,15,15,26546,,,,10,15996,,,,21,26781,,,,27,28456,,,,4,27859,,,,20,23829,,,,16,725,,,,,,,,,,,,,,,,,,,,,,,,,,,,,,,,,,,,,,,,,,,
180853,30-Jul-19,7:46:03,2019-07-30 07:46:03,G,6,-3,1127,,0,9,-61.8216,-60.2536,45:59.8,FastGPS,-61.8216,-60.2536,,1,6.7,-0.2,,,,15,32,30167,,,,10,23767,,,,4,20755,,,,20,18090,,,,27,18027,,,,14,2531,,,,18,12880,,,,24,17194,,,,8,24468,,,,,,,,,,,,,,,,,,,,,,,,,,,,,,,,,
180853,30-Jul-19,18:37:08,2019-07-30 18:37:08,G,2,-3,1128,,0,9,-61.7343,-60.2455,37:05.2,FastGPS,-61.7343,-60.2455,,,15,0.2,,,,15,15,13141,,,,28,1792,,,,13,11101,,,,20,32089,,,,30,10624,,,,11,5644,,,,8,30043,,,,10,4151,,,,24,23482,,,,,,,,,,,,,,,,,,,,,,,,,,,,,,,,,
180853,31-Jul-19,1:53:36,2019-07-31 01:53:36,G,6,-3,1129,641,0,8,-61.7946,-60.1843,53:32.8,FastGPS,-61.7946,-60.1843,,,6,-0.2,,,,15,29,8967,,,,31,11716,,,,2,27965,,,,5,27028,,,,25,30509,,,,26,3344,,,,9,11683,,,,21,6563,,,,,,,,,,,,,,,,,,,,,,,,,,,,,,,,,,,,,,
180853,31-Jul-19,6:18:17,2019-07-31 06:18:17,G,2,-3,1131,642,0,7,-61.8122,-60.1693,18:13.7,FastGPS,-61.8122,-60.1693,,1,6.4,-0.3,,,,15,15,4204,,,,8,18105,,,,21,882,,,,27,17242,,,,10,29057,,,,4,1271,,,,20,4480,,,,,,,,,,,,,,,,,,,,,,,,,,,,,,,,,,,,,,,,,,,
180853,31-Jul-19,9:18:00,2019-07-31 09:18:00,G,6,-3,1134,,0,9,-61.8233,-60.1777,17:58.3,FastGPS,-61.8233,-60.1777,,,7.7,1.3,,,,15,17,13995,,,,32,4058,,,,18,1366,,,,1,22230,,,,22,15839,,,,3,32682,,,,10,8085,,,,11,19873,,,,8,769,,,,,,,,,,,,,,,,,,,,,,,,,,,,,,,,,
180853,31-Jul-19,10:21:45,2019-07-31 10:21:45,G,6,-3,1135,,0,9,-61.8314,-60.182,21:43.2,FastGPS,-61.8314,-60.182,,,6.5,1.2,,,,15,17,29546,,,,3,11601,,,,22,2980,,,,31,32360,,,,18,20502,,,,1,6092,,,,14,12970,,,,32,24985,,,,11,12350,,,,,,,,,,,,,,,,,,,,,,,,,,,,,,,,,
180853,31-Jul-19,11:22:13,2019-07-31 11:22:13,G,4,-3,1136,,0,9,-61.8369,-60.1974,22:10.7,FastGPS,-61.8369,-60.1974,,,12.1,0.7,,,,15,17,18297,,,,31,21363,,,,23,24434,,,,3,11428,,,,22,12398,,,,19,13130,,,,1,14502,,,,6,12680,,,,9,31769,,,,,,,,,,,,,,,,,,,,,,,,,,,,,,,,,
180853,31-Jul-19,12:22:01,2019-07-31 12:22:01,G,2,-3,1137,,0,9,-61.8447,-60.1984,21:58.2,FastGPS,-61.8447,-60.1984,,,10.6,0.2,,,,15,6,13386,,,,23,1308,,,,9,886,,,,3,6649,,,,2,27784,,,,22,24093,,,,31,8513,,,,19,5549,,,,25,27467,,,,,,,,,,,,,,,,,,,,,,,,,,,,,,,,,
180853,31-Jul-19,13:39:00,2019-07-31 13:39:00,G,6,-3,1138,643,0,7,-61.8458,-60.1952,38:57.7,FastGPS,-61.8458,-60.1952,,,0.4,0.7,,,,15,23,31408,,,,9,6151,,,,7,22223,,,,2,26251,,,,26,26109,,,,6,20467,,,,16,10709,,,,,,,,,,,,,,,,,,,,,,,,,,,,,,,,,,,,,,,,,,,
180853,31-Jul-19,14:40:11,2019-07-31 14:40:11,G,4,-3,1139,,0,9,-61.8417,-60.2034,40:07.7,FastGPS,-61.8417,-60.2034,,,12.7,-0.3,,,,15,9,9864,,,,7,26619,,,,16,21256,,,,26,524,,,,23,14971,,,,2,13526,,,,30,24085,,,,5,12407,,,,6,21154,,,,,,,,,,,,,,,,,,,,,,,,,,,,,,,,,
180853,31-Jul-19,18:25:00,2019-07-31 18:25:00,G,2,-3,1142,644,0,5,-61.8372,-60.2596,24:56.7,FastGPS,-61.8372,-60.2596,,,2.7,-0.3,,,,15,13,1844,,,,28,12251,,,,15,15214,,,,5,20478,,,,7,27923,,,,,,,,,,,,,,,,,,,,,,,,,,,,,,,,,,,,,,,,,,,,,,,,,,,,,
180853,31-Jul-19,20:26:01,2019-07-31 20:26:01,G,2,-3,1144,644,0,8,-61.844,-60.2851,25:57.7,FastGPS,-61.844,-60.2851,,,18,-0.3,,,,15,17,5131,,,,10,19797,,,,24,26552,,,,28,11279,,,,12,13241,,,,19,24669,,,,15,25686,,,,20,5506,,,,,,,,,,,,,,,,,,,,,,,,,,,,,,,,,,,,,,
180853,31-Jul-19,21:26:04,2019-07-31 21:26:04,G,2,-3,1145,644,0,7,-61.8451,-60.2845,26:01.2,FastGPS,-61.8451,-60.2845,,,8.9,0.2,,,,15,12,23454,,,,17,1897,,,,6,4888,,,,32,7926,,,,19,10785,,,,24,13503,,,,28,32373,,,,,,,,,,,,,,,,,,,,,,,,,,,,,,,,,,,,,,,,,,,
180853,31-Jul-19,23:13:17,2019-07-31 23:13:17,G,8,-3,1146,,0,9,-61.8448,-60.251,13:15.2,FastGPS,-61.8448,-60.251,,,7.7,1.2,,,,15,31,26453,,,,12,8148,,,,6,13069,,,,14,29831,,,,25,31125,,,,24,17028,,,,32,28608,,,,3,31415,,,,19,19167,,,,,,,,,,,,,,,,,,,,,,,,,,,,,,,,,
180853,1-Aug-19,0:13:00,2019-08-01 00:13:00,G,2,-3,1147,644,1,6,-61.851,-60.264,12:57.7,FastGPS,-61.851,-60.264,,,17.7,0.7,,,,15,6,26370,,,,29,26122,,,,31,263,,,,14,14129,,,,25,25638,,,,2,27298,,,,,,,,,,,,,,,,,,,,,,,,,,,,,,,,,,,,,,,,,,,,,,,,
180853,1-Aug-19,3:55:19,2019-08-01 03:55:19,G,2,-3,1148,644,0,4,-61.8458,-60.1952,38:57.7,FastGPS,,,,,,,,,,15,16,12559,,,,4,1775,,,,26,22570,,,,27,19990,,,,,,,,,,,,,,,,,,,,,,,,,,,,,,,,,,,,,,,,,,,,,,,,,,,,,,,,,,
180853,1-Aug-19,6:28:24,2019-08-01 06:28:24,G,4,-3,1150,,0,9,-61.8467,-60.3255,28:21.2,FastGPS,-61.8467,-60.3255,,1,13.9,0.2,,,,15,8,17934,,,,10,8571,,,,15,8840,,,,27,1435,,,,18,30977,,,,20,11967,,,,4,195,,,,11,28537,,,,21,30121,,,,,,,,,,,,,,,,,,,,,,,,,,,,,,,,,
180853,1-Aug-19,8:55:58,2019-08-01 08:55:58,G,2,-3,1151,644,0,8,-61.8798,-60.3593,55:55.7,FastGPS,-61.8798,-60.3593,,,4.5,0.7,,,,15,1,16678,,,,17,2436,,,,32,11145,,,,18,3452,,,,11,21098,,,,22,11597,,,,14,23411,,,,8,6982,,,,,,,,,,,,,,,,,,,,,,,,,,,,,,,,,,,,,,
180853,1-Aug-19,10:04:57,2019-08-01 10:04:57,G,8,-3,1152,,0,9,-61.8555,-60.2988,04:53.7,FastGPS,-61.8555,-60.2988,,,3.9,-0.3,,,,15,31,20810,,,,17,21776,,,,3,8401,,,,14,2703,,,,32,1573,,,,19,3671,,,,18,24038,,,,11,14460,,,,1,20821,,,,,,,,,,,,,,,,,,,,,,,,,,,,,,,,,
180853,1-Aug-19,11:09:22,2019-08-01 11:09:22,G,4,-3,1153,,0,9,-61.8273,-60.255,09:18.7,FastGPS,-61.8273,-60.255,,,11.3,-0.3,,,,15,23,2996,,,,1,26799,,,,3,20721,,,,31,29154,,,,12,15118,,,,22,7356,,,,18,15269,,,,11,19603,,,,25,4690,,,,,,,,,,,,,,,,,,,,,,,,,,,,,,,,,
180853,1-Aug-19,15:22:59,2019-08-01 15:22:59,G,2,-3,1157,644,0,8,-61.7688,-60.3748,22:55.7,FastGPS,-61.7688,-60.3748,,1,7.4,-0.3,,,,15,30,27598,,,,5,6554,,,,7,17321,,,,9,28341,,,,16,4506,,,,2,19567,,,,27,5366,,,,4,18407,,,,,,,,,,,,,,,,,,,,,,,,,,,,,,,,,,,,,,
180853,1-Aug-19,19:02:41,2019-08-01 19:02:41,G,4,-3,1160,644,0,6,-61.6673,-60.487,02:37.7,FastGPS,-61.6673,-60.487,,,5.2,-0.3,,,,15,15,6140,,,,20,31463,,,,13,7526,,,,30,22218,,,,28,11428,,,,10,12964,,,,,,,,,,,,,,,,,,,,,,,,,,,,,,,,,,,,,,,,,,,,,,,,
180853,1-Aug-19,21:07:36,2019-08-01 21:07:36,G,4,-3,1161,645,0,7,-61.61,-60.3329,07:33.1,FastGPS,-61.61,-60.3329,,,7.1,0.1,,,,15,12,31901,,,,17,13323,,,,24,89,,,,15,25439,,,,32,20095,,,,19,31575,,,,1,30967,,,,,,,,,,,,,,,,,,,,,,,,,,,,,,,,,,,,,,,,,,,
180853,1-Aug-19,22:08:03,2019-08-01 22:08:03,G,2,-3,1162,645,0,8,-61.581,-60.2451,08:01.1,FastGPS,-61.581,-60.2451,,,4.7,1.1,,,,15,17,28677,,,,12,7485,,,,19,18882,,,,24,28746,,,,25,22338,,,,2,29135,,,,6,7189,,,,22,4894,,,,,,,,,,,,,,,,,,,,,,,,,,,,,,,,,,,,,,
180853,1-Aug-19,23:08:00,2019-08-01 23:08:00,G,2,-3,1163,645,0,8,-61.5483,-60.1672,07:57.6,FastGPS,-61.5483,-60.1672,,,8.8,0.6,,,,15,12,23005,,,,6,26678,,,,2,18551,,,,19,3408,,,,29,26107,,,,24,6297,,,,31,32138,,,,25,8391,,,,,,,,,,,,,,,,,,,,,,,,,,,,,,,,,,,,,,
180853,2-Aug-19,0:09:37,2019-08-02 00:09:37,G,2,-3,1164,645,0,6,-61.5124,-60.0784,09:34.1,FastGPS,-61.5124,-60.0784,,,11.8,0.1,,,,15,31,25497,,,,12,25428,,,,2,21868,,,,29,22669,,,,25,19545,,,,6,15290,,,,,,,,,,,,,,,,,,,,,,,,,,,,,,,,,,,,,,,,,,,,,,,,
180853,2-Aug-19,1:14:58,2019-08-02 01:14:58,G,4,-3,1165,645,0,8,-61.4756,-59.9927,14:55.6,FastGPS,-61.4756,-59.9927,,,15,0.6,,,,15,2,29223,,,,12,26463,,,,5,1070,,,,31,17307,,,,25,5210,,,,26,31701,,,,29,14373,,,,23,9655,,,,,,,,,,,,,,,,,,,,,,,,,,,,,,,,,,,,,,
180853,2-Aug-19,2:18:04,2019-08-02 02:18:04,G,2,-3,1166,645,0,7,-61.4498,-59.8928,18:00.6,FastGPS,-61.4498,-59.8928,,,3.4,-0.4,,,,15,5,11220,,,,26,8616,,,,31,17744,,,,16,913,,,,9,17714,,,,21,23090,,,,2,17184,,,,,,,,,,,,,,,,,,,,,,,,,,,,,,,,,,,,,,,,,,,
180853,2-Aug-19,3:20:51,2019-08-02 03:20:51,G,2,-3,1167,645,0,5,-61.4498,-59.8928,18:00.6,FastGPS,-61.4868,-59.9158,,1,1,-0.3,,,,15,29,6907,,,,16,29950,,,,26,6872,,,,21,16881,,,,4,19787,,,,,,,,,,,,,,,,,,,,,,,,,,,,,,,,,,,,,,,,,,,,,,,,,,,,,
180853,2-Aug-19,5:33:03,2019-08-02 05:33:03,G,4,-3,1169,,0,9,-61.5337,-59.7093,32:59.6,FastGPS,-61.5337,-59.7093,,1,13.4,-0.4,,,,15,10,31379,,,,8,4685,,,,16,14832,,,,20,9215,,,,4,26412,,,,21,7641,,,,27,23478,,,,7,29435,,,,30,32146,,,,,,,,,,,,,,,,,,,,,,,,,,,,,,,,,
180853,2-Aug-19,6:37:42,2019-08-02 06:37:42,G,2,-3,1170,,0,9,-61.5671,-59.6135,37:39.1,FastGPS,-61.5671,-59.6135,,1,11.9,0.1,,,,15,27,1409,,,,10,3074,,,,4,18568,,,,8,27131,,,,18,1060,,,,15,30974,,,,20,6454,,,,11,32202,,,,28,28424,,,,,,,,,,,,,,,,,,,,,,,,,,,,,,,,,
180853,2-Aug-19,8:24:02,2019-08-02 08:24:02,G,2,-3,1171,,0,9,-61.644,-59.5328,23:59.2,FastGPS,-61.644,-59.5328,,,9.5,0.2,,,,15,24,8782,,,,1,14380,,,,32,13202,,,,22,774,,,,11,13973,,,,17,6876,,,,28,11675,,,,18,110,,,,8,25941,,,,,,,,,,,,,,,,,,,,,,,,,,,,,,,,,
180853,2-Aug-19,11:23:42,2019-08-02 11:23:42,G,2,-3,1173,647,0,8,-61.8148,-59.4866,23:40.1,FastGPS,-61.8148,-59.4866,,,12.6,1.1,,,,15,17,2800,,,,23,9355,,,,22,12633,,,,3,29920,,,,1,27372,,,,19,16544,,,,6,398,,,,31,10163,,,,,,,,,,,,,,,,,,,,,,,,,,,,,,,,,,,,,,
180853,2-Aug-19,12:39:00,2019-08-02 12:39:00,G,4,-3,1174,647,0,5,-61.866,-59.4488,38:57.6,FastGPS,-61.866,-59.4488,,,2.6,0.6,,,,15,23,17218,,,,6,1047,,,,9,27490,,,,2,29453,,,,31,4009,,,,,,,,,,,,,,,,,,,,,,,,,,,,,,,,,,,,,,,,,,,,,,,,,,,,,
180853,2-Aug-19,13:46:34,2019-08-02 13:46:34,G,2,-3,1175,647,0,7,-61.8733,-59.455,46:32.1,FastGPS,-61.8733,-59.455,,,7.1,1.1,,,,15,23,8664,,,,9,6444,,,,2,8643,,,,7,12138,,,,16,3238,,,,5,65,,,,6,20425,,,,,,,,,,,,,,,,,,,,,,,,,,,,,,,,,,,,,,,,,,,
180853,2-Aug-19,23:58:35,2019-08-02 23:58:35,G,2,-3,1180,649,0,6,-62.0479,-59.9654,58:32.1,FastGPS,-62.0479,-59.9654,,,6.2,0.1,,,,15,31,31656,,,,29,16360,,,,12,29949,,,,25,2496,,,,14,15944,,,,2,5763,,,,,,,,,,,,,,,,,,,,,,,,,,,,,,,,,,,,,,,,,,,,,,,,
180853,3-Aug-19,0:59:30,2019-08-03 00:59:30,G,6,-3,1181,649,0,7,-62.0561,-60.0122,59:27.0,FastGPS,-62.0561,-60.0122,,,9.6,0,,,,15,29,23634,,,,23,13003,,,,31,17433,,,,25,16944,,,,12,29555,,,,26,11369,,,,2,24375,,,,,,,,,,,,,,,,,,,,,,,,,,,,,,,,,,,,,,,,,,,
180853,3-Aug-19,5:46:00,2019-08-03 05:46:00,G,4,-3,1182,,0,9,-62.1218,-60.0699,45:57.6,FastGPS,-62.1218,-60.0699,,1,7.9,0.6,,,,15,27,1560,,,,18,5012,,,,15,11419,,,,20,4189,,,,10,6695,,,,21,4309,,,,7,8407,,,,8,4170,,,,4,11975,,,,,,,,,,,,,,,,,,,,,,,,,,,,,,,,,
180853,3-Aug-19,8:48:00,2019-08-03 08:48:00,G,4,-3,1183,652,0,7,-62.1764,-59.9931,47:56.6,FastGPS,-62.1764,-59.9931,,,1.6,-0.4,,,,15,22,22729,,,,11,32508,,,,17,17841,,,,8,16288,,,,1,29575,,,,14,3655,,,,3,23782,,,,,,,,,,,,,,,,,,,,,,,,,,,,,,,,,,,,,,,,,,,
180853,3-Aug-19,14:03:54,2019-08-03 14:03:54,G,8,-3,1184,654,0,8,-62.2897,-59.9198,03:51.0,FastGPS,-62.2897,-59.9198,,,9,0,,,,15,7,4326,,,,5,8201,,,,29,4844,,,,2,28585,,,,26,21843,,,,16,7828,,,,9,18344,,,,6,13555,,,,,,,,,,,,,,,,,,,,,,,,,,,,,,,,,,,,,,
180853,3-Aug-19,15:04:59,2019-08-03 15:04:59,G,4,-3,1185,654,0,6,-62.3079,-59.9033,04:57.1,FastGPS,-62.3079,-59.9033,,1,4.4,1.1,,,,15,5,23001,,,,16,5716,,,,30,27892,,,,26,30912,,,,7,15619,,,,4,9026,,,,,,,,,,,,,,,,,,,,,,,,,,,,,,,,,,,,,,,,,,,,,,,,
180853,3-Aug-19,16:40:18,2019-08-03 16:40:18,G,8,-3,1186,656,0,8,-62.3475,-59.87,40:16.0,FastGPS,-62.3475,-59.87,,1,6.1,1,,,,15,5,5917,,,,27,4225,,,,7,11007,,,,15,28573,,,,4,1017,,,,13,88,,,,8,26969,,,,21,18574,,,,,,,,,,,,,,,,,,,,,,,,,,,,,,,,,,,,,,
180853,3-Aug-19,17:42:56,2019-08-03 17:42:56,G,2,-3,1187,656,0,8,-62.3632,-59.8302,42:54.0,FastGPS,-62.3632,-59.8302,,,8.9,1,,,,15,7,23172,,,,15,13494,,,,8,10967,,,,30,4027,,,,13,8136,,,,20,28922,,,,28,29730,,,,27,11905,,,,,,,,,,,,,,,,,,,,,,,,,,,,,,,,,,,,,,
180853,3-Aug-19,18:46:47,2019-08-03 18:46:47,G,2,-3,1188,656,0,7,-62.3584,-59.8522,46:45.0,FastGPS,-62.3584,-59.8522,,,11.4,1,,,,15,15,20874,,,,24,9905,,,,20,25634,,,,13,8874,,,,28,8593,,,,8,26297,,,,17,21811,,,,,,,,,,,,,,,,,,,,,,,,,,,,,,,,,,,,,,,,,,,
180853,3-Aug-19,19:47:10,2019-08-03 19:47:10,G,2,-3,1189,656,0,6,-62.3564,-59.8211,47:08.0,FastGPS,-62.3564,-59.8211,,,10.5,1,,,,15,17,27526,,,,15,7039,,,,19,22998,,,,28,3595,,,,13,4501,,,,24,218,,,,,,,,,,,,,,,,,,,,,,,,,,,,,,,,,,,,,,,,,,,,,,,,
180853,3-Aug-19,21:05:12,2019-08-03 21:05:12,G,2,-3,1190,657,0,8,-62.3723,-59.7926,05:09.5,FastGPS,-62.3723,-59.7926,,,14.6,0.5,,,,15,32,20869,,,,1,5085,,,,24,9866,,,,6,31958,,,,17,19359,,,,28,14459,,,,15,2235,,,,12,24888,,,,,,,,,,,,,,,,,,,,,,,,,,,,,,,,,,,,,,
180853,3-Aug-19,22:05:02,2019-08-03 22:05:02,G,2,-3,1191,,0,9,-62.3889,-59.7563,04:58.5,FastGPS,-62.3889,-59.7563,,,7.1,-0.5,,,,15,14,16691,,,,17,30169,,,,12,28329,,,,32,26274,,,,22,29170,,,,3,6994,,,,25,21371,,,,24,25065,,,,19,25308,,,,,,,,,,,,,,,,,,,,,,,,,,,,,,,,,
180853,3-Aug-19,23:05:19,2019-08-03 23:05:19,G,4,-3,1192,,0,9,-62.4052,-59.7892,05:16.0,FastGPS,-62.4052,-59.7892,,,9.5,0,,,,15,32,25346,,,,14,3871,,,,25,18814,,,,12,15150,,,,31,26188,,,,2,29822,,,,19,17895,,,,22,27148,,,,3,11416,,,,,,,,,,,,,,,,,,,,,,,,,,,,,,,,,
180853,4-Aug-19,0:05:02,2019-08-04 00:05:02,G,4,-3,1193,657,0,5,-62.4055,-59.8086,04:59.5,FastGPS,-62.4055,-59.8086,,,2.6,0.5,,,,15,31,24354,,,,2,9882,,,,25,6381,,,,29,16109,,,,12,31376,,,,,,,,,,,,,,,,,,,,,,,,,,,,,,,,,,,,,,,,,,,,,,,,,,,,,
180853,4-Aug-19,1:50:59,2019-08-04 01:50:59,G,2,-3,1194,660,0,8,-62.4148,-59.8034,50:56.0,FastGPS,-62.4148,-59.8034,,,5.1,0,,,,15,16,15598,,,,31,3569,,,,26,18950,,,,9,27958,,,,23,25372,,,,29,4285,,,,5,21328,,,,2,9026,,,,,,,,,,,,,,,,,,,,,,,,,,,,,,,,,,,,,,
180853,4-Aug-19,2:51:23,2019-08-04 02:51:23,G,4,-3,1195,660,0,7,-62.4161,-59.7993,51:21.0,FastGPS,-62.4161,-59.7993,,1,5,1,,,,15,29,13040,,,,5,6624,,,,16,13722,,,,4,5112,,,,26,14998,,,,9,5863,,,,21,14230,,,,,,,,,,,,,,,,,,,,,,,,,,,,,,,,,,,,,,,,,,,
180853,4-Aug-19,3:51:04,2019-08-04 03:51:04,G,6,-3,1196,660,0,6,-62.4126,-59.8069,51:02.0,FastGPS,-62.4126,-59.8069,,,9.6,1,,,,15,26,24102,,,,16,9741,,,,27,13285,,,,21,7000,,,,7,12144,,,,29,7073,,,,,,,,,,,,,,,,,,,,,,,,,,,,,,,,,,,,,,,,,,,,,,,,
180853,4-Aug-19,4:51:07,2019-08-04 04:51:07,G,4,-3,1197,,0,9,-62.4143,-59.7822,51:04.5,FastGPS,-62.4143,-59.7822,,1,3.6,0.5,,,,15,7,25171,,,,4,6198,,,,20,32220,,,,21,5342,,,,8,27595,,,,10,31882,,,,16,16671,,,,15,22580,,,,26,8857,,,,,,,,,,,,,,,,,,,,,,,,,,,,,,,,,
180853,4-Aug-19,5:51:16,2019-08-04 05:51:16,G,4,-3,1198,660,0,7,-62.4113,-59.7951,51:13.0,FastGPS,-62.4113,-59.7951,,1,16.7,0,,,,15,21,28169,,,,10,21700,,,,27,30507,,,,20,28005,,,,15,3301,,,,4,27713,,,,8,31128,,,,,,,,,,,,,,,,,,,,,,,,,,,,,,,,,,,,,,,,,,,
180853,4-Aug-19,7:06:01,2019-08-04 07:06:01,G,6,-3,1199,661,0,7,-62.414,-59.777,05:58.0,FastGPS,-62.414,-59.777,,,4.4,0,,,,15,10,16247,,,,8,23065,,,,27,2917,,,,18,5860,,,,11,11979,,,,32,3769,,,,20,8923,,,,,,,,,,,,,,,,,,,,,,,,,,,,,,,,,,,,,,,,,,,
180853,4-Aug-19,8:07:10,2019-08-04 08:07:10,G,8,-3,1200,,0,9,-62.4089,-59.7913,07:08.0,FastGPS,-62.4089,-59.7913,,,12.5,1,,,,15,32,30893,,,,22,23768,,,,11,3478,,,,10,31474,,,,18,22185,,,,8,16633,,,,14,15823,,,,28,31140,,,,3,6283,,,,,,,,,,,,,,,,,,,,,,,,,,,,,,,,,
180853,4-Aug-19,9:09:41,2019-08-04 09:09:41,G,4,-3,1201,661,0,7,-62.4094,-59.7911,09:38.5,FastGPS,-62.4094,-59.7911,,,7.1,0.5,,,,15,11,1908,,,,32,20955,,,,1,24132,,,,18,16183,,,,14,28924,,,,3,22344,,,,8,17865,,,,,,,,,,,,,,,,,,,,,,,,,,,,,,,,,,,,,,,,,,,
180853,4-Aug-19,13:47:46,2019-08-04 13:47:46,G,4,-3,1204,,0,9,-62.4109,-59.8218,47:43.0,FastGPS,-62.4109,-59.8218,,,5.3,0,,,,15,29,20957,,,,26,15744,,,,23,24279,,,,5,28748,,,,16,198,,,,6,361,,,,7,28556,,,,2,19470,,,,30,9249,,,,,,,,,,,,,,,,,,,,,,,,,,,,,,,,,
180853,4-Aug-19,14:51:05,2019-08-04 14:51:05,G,4,-3,1205,667,0,7,-62.4042,-59.8547,51:02.0,FastGPS,-62.4042,-59.8547,,,4.6,0,,,,15,5,29058,,,,7,3305,,,,9,17660,,,,29,25816,,,,16,23611,,,,23,16090,,,,2,5939,,,,,,,,,,,,,,,,,,,,,,,,,,,,,,,,,,,,,,,,,,,
180853,4-Aug-19,15:54:04,2019-08-04 15:54:04,G,2,-3,1206,667,0,5,-62.4234,-59.9019,54:00.5,FastGPS,-62.4234,-59.9019,,,1.7,-0.5,,,,15,7,2917,,,,30,13156,,,,5,2546,,,,8,13108,,,,13,24464,,,,,,,,,,,,,,,,,,,,,,,,,,,,,,,,,,,,,,,,,,,,,,,,,,,,,
180853,4-Aug-19,16:58:53,2019-08-04 16:58:53,G,4,-3,1207,667,0,8,-62.4149,-59.8393,58:50.0,FastGPS,-62.4149,-59.8393,,1,7.8,0,,,,15,7,17302,,,,30,1299,,,,8,23491,,,,27,1743,,,,28,31834,,,,13,22355,,,,4,5279,,,,15,15347,,,,,,,,,,,,,,,,,,,,,,,,,,,,,,,,,,,,,,
180853,4-Aug-19,18:00:45,2019-08-04 18:00:45,G,12,-3,1208,667,0,5,-62.4114,-59.8197,00:41.5,FastGPS,-62.4114,-59.8197,,,1.8,-0.5,,,,15,15,15985,,,,13,21842,,,,5,5151,,,,30,9243,,,,28,18629,,,,,,,,,,,,,,,,,,,,,,,,,,,,,,,,,,,,,,,,,,,,,,,,,,,,,
180853,4-Aug-19,22:33:05,2019-08-04 22:33:05,G,2,-3,1211,673,0,8,-62.3932,-59.7883,33:02.5,FastGPS,-62.3932,-59.7883,,,6.8,0.5,,,,15,12,29718,,,,17,22726,,,,19,61,,,,31,7078,,,,6,28723,,,,3,4952,,,,2,24273,,,,32,1034,,,,,,,,,,,,,,,,,,,,,,,,,,,,,,,,,,,,,,
180853,4-Aug-19,23:33:25,2019-08-04 23:33:25,G,2,-3,1212,673,0,7,-62.3934,-59.7882,33:23.0,FastGPS,-62.3934,-59.7882,,,5.7,1,,,,15,12,22614,,,,31,3581,,,,25,3972,,,,2,3688,,,,29,2191,,,,24,4847,,,,6,31043,,,,,,,,,,,,,,,,,,,,,,,,,,,,,,,,,,,,,,,,,,,
180853,5-Aug-19,0:34:39,2019-08-05 00:34:39,G,6,-3,1213,673,0,6,-62.3941,-59.7882,34:35.4,FastGPS,-62.3941,-59.7882,,,1.8,-0.6,,,,15,31,6023,,,,12,18056,,,,29,13414,,,,25,29021,,,,2,19649,,,,5,12003,,,,,,,,,,,,,,,,,,,,,,,,,,,,,,,,,,,,,,,,,,,,,,,,
180853,5-Aug-19,2:04:07,2019-08-05 02:04:07,G,4,-3,1214,675,0,7,-62.4224,-59.8004,04:04.9,FastGPS,-62.4224,-59.8004,,,1.9,0.9,,,,15,29,27897,,,,5,14721,,,,26,8842,,,,25,17228,,,,9,32133,,,,21,7792,,,,16,2301,,,,,,,,,,,,,,,,,,,,,,,,,,,,,,,,,,,,,,,,,,,
180853,5-Aug-19,3:04:42,2019-08-05 03:04:42,G,4,-3,1215,675,0,6,-62.4273,-59.8004,04:39.5,FastGPS,-62.4273,-59.8004,,,6.8,0.5,,,,15,29,17274,,,,16,23118,,,,26,5691,,,,21,94,,,,20,21174,,,,5,32084,,,,,,,,,,,,,,,,,,,,,,,,,,,,,,,,,,,,,,,,,,,,,,,,
180853,5-Aug-19,5:06:00,2019-08-05 05:06:00,G,4,-3,1217,,0,9,-62.4272,-59.8005,05:57.4,FastGPS,-62.4272,-59.8005,,1,4.9,0.4,,,,15,15,24597,,,,27,13166,,,,21,421,,,,4,962,,,,16,5352,,,,10,19943,,,,13,1995,,,,20,6692,,,,8,24429,,,,,,,,,,,,,,,,,,,,,,,,,,,,,,,,,
180853,5-Aug-19,6:39:53,2019-08-05 06:39:53,G,2,-3,1218,,0,9,-62.4247,-59.8051,39:50.4,FastGPS,-62.4247,-59.8051,,1,9.8,0.4,,,,15,10,26217,,,,8,6028,,,,27,23336,,,,28,19859,,,,18,17826,,,,11,20595,,,,4,23928,,,,32,24696,,,,15,26317,,,,,,,,,,,,,,,,,,,,,,,,,,,,,,,,,
180853,5-Aug-19,7:41:24,2019-08-05 07:41:24,G,4,-3,1219,,0,9,-62.4215,-59.8093,41:22.0,FastGPS,-62.4215,-59.8093,,,10.2,1,,,,15,10,6076,,,,32,21415,,,,24,15964,,,,14,24878,,,,18,23039,,,,8,15001,,,,28,18040,,,,11,1933,,,,1,11978,,,,,,,,,,,,,,,,,,,,,,,,,,,,,,,,,
180853,5-Aug-19,8:41:02,2019-08-05 08:41:02,G,4,-3,1220,,0,9,-62.4235,-59.8057,40:59.4,FastGPS,-62.4235,-59.8057,,,13.8,0.4,,,,15,32,3234,,,,10,32529,,,,11,8851,,,,22,3033,,,,17,1906,,,,14,15816,,,,8,19474,,,,18,24558,,,,24,26785,,,,,,,,,,,,,,,,,,,,,,,,,,,,,,,,,
180853,5-Aug-19,9:42:59,2019-08-05 09:42:59,G,2,-3,1221,,0,9,-62.4229,-59.8058,42:55.9,FastGPS,-62.4229,-59.8058,,,8.1,-0.1,,,,15,17,685,,,,22,28257,,,,18,18621,,,,31,16746,,,,14,30042,,,,1,6244,,,,11,7479,,,,19,9559,,,,23,1450,,,,,,,,,,,,,,,,,,,,,,,,,,,,,,,,,
180853,5-Aug-19,10:58:46,2019-08-05 10:58:46,G,4,-3,1222,,0,9,-62.4286,-59.8076,58:42.9,FastGPS,-62.4286,-59.8076,,,6.3,-0.1,,,,15,23,212,,,,31,16478,,,,22,10725,,,,3,3092,,,,11,3884,,,,18,31006,,,,1,13025,,,,19,10165,,,,17,19794,,,,,,,,,,,,,,,,,,,,,,,,,,,,,,,,,
180853,5-Aug-19,12:14:32,2019-08-05 12:14:32,G,6,-3,1223,679,0,7,-62.4243,-59.8007,14:28.9,FastGPS,-62.4243,-59.8007,,,10.8,-0.1,,,,15,26,10477,,,,23,22656,,,,31,23028,,,,6,7952,,,,3,18261,,,,9,26962,,,,22,15679,,,,,,,,,,,,,,,,,,,,,,,,,,,,,,,,,,,,,,,,,,,
180853,5-Aug-19,13:30:55,2019-08-05 13:30:55,G,10,-3,1224,680,0,6,-62.4144,-59.8304,30:51.9,FastGPS,-62.4144,-59.8304,,,11.2,-0.1,,,,15,9,22016,,,,7,10654,,,,23,3795,,,,3,29777,,,,16,13672,,,,26,31714,,,,,,,,,,,,,,,,,,,,,,,,,,,,,,,,,,,,,,,,,,,,,,,,
180853,5-Aug-19,14:31:47,2019-08-05 14:31:47,G,6,-3,1225,680,0,5,-62.4267,-59.8037,31:43.9,FastGPS,-62.4267,-59.8037,,,0.5,-0.1,,,,15,7,16594,,,,9,22464,,,,16,17305,,,,23,28914,,,,30,1089,,,,,,,,,,,,,,,,,,,,,,,,,,,,,,,,,,,,,,,,,,,,,,,,,,,,,
180853,5-Aug-19,15:47:58,2019-08-05 15:47:58,G,2,-3,1226,681,0,7,-62.4177,-59.8241,47:54.4,FastGPS,-62.4177,-59.8241,,1,1.6,-0.6,,,,15,7,28439,,,,30,31569,,,,27,19081,,,,5,24106,,,,8,27832,,,,4,11455,,,,9,17956,,,,,,,,,,,,,,,,,,,,,,,,,,,,,,,,,,,,,,,,,,,
180853,5-Aug-19,17:52:03,2019-08-05 17:52:03,G,2,-3,1227,684,0,6,-62.3881,-59.7945,51:59.9,FastGPS,-62.3881,-59.7945,,,6.9,-0.1,,,,15,13,13938,,,,28,2379,,,,30,16646,,,,15,28480,,,,8,18285,,,,5,18314,,,,,,,,,,,,,,,,,,,,,,,,,,,,,,,,,,,,,,,,,,,,,,,,
180853,5-Aug-19,18:52:06,2019-08-05 18:52:06,G,6,-3,1228,684,0,8,-62.4092,-59.7315,52:02.9,FastGPS,-62.4092,-59.7315,,,10.8,-0.1,,,,15,13,19222,,,,15,3287,,,,28,5221,,,,10,30458,,,,17,28501,,,,30,31676,,,,1,25507,,,,18,9355,,,,,,,,,,,,,,,,,,,,,,,,,,,,,,,,,,,,,,
180853,5-Aug-19,19:56:30,2019-08-05 19:56:30,G,6,-3,1229,,0,9,-62.4193,-59.771,56:27.4,FastGPS,-62.4193,-59.771,,,5.8,0.4,,,,15,17,23205,,,,19,32395,,,,10,7223,,,,12,4597,,,,24,4245,,,,28,23050,,,,18,632,,,,15,16061,,,,20,2336,,,,,,,,,,,,,,,,,,,,,,,,,,,,,,,,,
180853,6-Aug-19,0:38:00,2019-08-06 00:38:00,G,2,-3,1232,,0,9,-62.3566,-59.6899,37:57.4,FastGPS,-62.3566,-59.6899,,,7,0.4,,,,15,31,23056,,,,29,11254,,,,5,23831,,,,12,4915,,,,2,21426,,,,23,19806,,,,6,18515,,,,25,2772,,,,26,8778,,,,,,,,,,,,,,,,,,,,,,,,,,,,,,,,,
180853,6-Aug-19,3:39:27,2019-08-06 03:39:27,G,2,-3,1235,,0,9,-62.3576,-59.7038,39:24.4,FastGPS,-62.3576,-59.7038,,1,15.3,0.4,,,,15,4,1972,,,,26,25046,,,,27,23408,,,,21,28689,,,,20,15625,,,,10,6185,,,,16,32544,,,,29,14963,,,,7,31961,,,,,,,,,,,,,,,,,,,,,,,,,,,,,,,,,
180853,6-Aug-19,4:39:00,2019-08-06 04:39:00,G,4,-3,1236,690,0,6,-62.356,-59.6947,38:57.3,FastGPS,-62.356,-59.6947,,1,4.6,0.3,,,,15,15,32440,,,,4,17210,,,,20,8509,,,,26,9765,,,,27,32472,,,,21,30189,,,,,,,,,,,,,,,,,,,,,,,,,,,,,,,,,,,,,,,,,,,,,,,,
180853,6-Aug-19,5:40:30,2019-08-06 05:40:30,G,4,-3,1237,690,0,8,-62.3556,-59.6944,40:27.4,FastGPS,-62.3556,-59.6944,,1,7.2,0.4,,,,15,10,18281,,,,4,559,,,,27,32066,,,,8,23018,,,,16,5159,,,,18,29612,,,,11,25860,,,,20,31547,,,,,,,,,,,,,,,,,,,,,,,,,,,,,,,,,,,,,,
180853,6-Aug-19,6:41:54,2019-08-06 06:41:54,G,6,-3,1238,,0,9,-62.3551,-59.7119,41:51.4,FastGPS,-62.3551,-59.7119,,1,6.6,0.4,,,,15,11,6112,,,,10,18976,,,,27,4068,,,,1,6232,,,,18,2740,,,,8,6177,,,,4,32151,,,,20,9568,,,,15,4212,,,,,,,,,,,,,,,,,,,,,,,,,,,,,,,,,
180853,6-Aug-19,7:57:00,2019-08-06 07:57:00,G,6,-3,1239,,0,9,-62.3558,-59.6982,56:57.4,FastGPS,-62.3558,-59.6982,,,2.6,0.4,,,,15,18,10011,,,,10,28990,,,,8,14182,,,,32,18811,,,,11,23627,,,,1,4672,,,,14,31562,,,,20,13466,,,,22,4265,,,,,,,,,,,,,,,,,,,,,,,,,,,,,,,,,
180853,6-Aug-19,8:57:39,2019-08-06 08:57:39,G,4,-3,1240,,0,9,-62.3555,-59.7091,57:36.4,FastGPS,-62.3555,-59.7091,,,9.6,0.4,,,,15,32,31172,,,,11,10631,,,,8,8310,,,,17,28068,,,,22,22866,,,,31,542,,,,1,24147,,,,14,30201,,,,18,25241,,,,,,,,,,,,,,,,,,,,,,,,,,,,,,,,,
180853,6-Aug-19,10:50:13,2019-08-06 10:50:13,G,4,-3,1241,694,0,7,-62.3551,-59.7027,50:10.3,FastGPS,-62.3551,-59.7027,,,7.3,0.3,,,,15,22,4631,,,,31,32713,,,,1,16121,,,,23,970,,,,3,14066,,,,9,2516,,,,11,8090,,,,,,,,,,,,,,,,,,,,,,,,,,,,,,,,,,,,,,,,,,,
180853,6-Aug-19,12:05:43,2019-08-06 12:05:43,G,2,-3,1242,695,0,8,-62.3551,-59.6995,05:40.8,FastGPS,-62.3551,-59.6995,,,6.2,0.8,,,,15,31,8338,,,,26,239,,,,3,30200,,,,22,7999,,,,6,7754,,,,23,24061,,,,9,13826,,,,25,1031,,,,,,,,,,,,,,,,,,,,,,,,,,,,,,,,,,,,,,
180853,6-Aug-19,13:22:00,2019-08-06 13:22:00,G,4,-3,1243,696,0,5,-62.3505,-59.6902,21:56.9,FastGPS,-62.3505,-59.6902,,,2.5,-0.1,,,,15,9,13200,,,,7,17175,,,,29,18066,,,,23,14019,,,,6,26583,,,,,,,,,,,,,,,,,,,,,,,,,,,,,,,,,,,,,,,,,,,,,,,,,,,,,
180853,6-Aug-19,14:38:00,2019-08-06 14:38:00,G,4,-3,1244,697,0,4,-62.3505,-59.6902,21:56.9,FastGPS,-62.3339,-59.7007,,,0.2,-0.2,,,,15,7,9566,,,,5,26798,,,,9,9425,,,,2,5512,,,,,,,,,,,,,,,,,,,,,,,,,,,,,,,,,,,,,,,,,,,,,,,,,,,,,,,,,,
180853,6-Aug-19,15:40:47,2019-08-06 15:40:47,G,4,-3,1245,697,0,6,-62.3182,-59.6986,40:43.4,FastGPS,-62.3182,-59.6986,,1,2,-0.6,,,,15,5,29870,,,,7,7682,,,,13,30948,,,,30,324,,,,4,17244,,,,27,20704,,,,,,,,,,,,,,,,,,,,,,,,,,,,,,,,,,,,,,,,,,,,,,,,
180853,6-Aug-19,16:41:06,2019-08-06 16:41:06,G,4,-3,1246,697,0,5,-62.3198,-59.7147,41:02.8,FastGPS,-62.3198,-59.7147,,,2.4,-0.2,,,,15,5,3733,,,,30,17980,,,,13,3106,,,,28,28684,,,,9,14603,,,,,,,,,,,,,,,,,,,,,,,,,,,,,,,,,,,,,,,,,,,,,,,,,,,,,
180853,6-Aug-19,18:02:43,2019-08-06 18:02:43,G,4,-3,1247,698,0,8,-62.3198,-59.715,02:40.3,FastGPS,-62.3198,-59.715,,,9.2,0.3,,,,15,15,23775,,,,13,3660,,,,28,18746,,,,8,12870,,,,20,20728,,,,11,24767,,,,10,16233,,,,30,26286,,,,,,,,,,,,,,,,,,,,,,,,,,,,,,,,,,,,,,
180853,6-Aug-19,19:55:20,2019-08-06 19:55:20,G,6,-3,1248,701,0,7,-62.351,-59.6615,55:17.8,FastGPS,-62.351,-59.6615,,,6.8,0.8,,,,15,17,1304,,,,19,13508,,,,24,16021,,,,28,16296,,,,18,83,,,,15,12743,,,,1,24178,,,,,,,,,,,,,,,,,,,,,,,,,,,,,,,,,,,,,,,,,,,
180853,6-Aug-19,21:33:57,2019-08-06 21:33:57,G,2,-3,1249,702,0,6,-62.3555,-59.6952,33:54.3,FastGPS,-62.3555,-59.6952,,,3.4,0.3,,,,15,24,1671,,,,17,6163,,,,12,29321,,,,6,16550,,,,19,1167,,,,3,31365,,,,,,,,,,,,,,,,,,,,,,,,,,,,,,,,,,,,,,,,,,,,,,,,
180853,6-Aug-19,22:35:54,2019-08-06 22:35:54,G,6,-3,1250,,0,9,-62.3553,-59.7054,35:50.8,FastGPS,-62.3553,-59.7054,,,6.9,-0.2,,,,15,19,23272,,,,17,212,,,,6,32503,,,,25,8808,,,,31,21112,,,,12,27784,,,,32,8449,,,,14,21725,,,,2,2782,,,,,,,,,,,,,,,,,,,,,,,,,,,,,,,,,
180853,6-Aug-19,23:36:00,2019-08-06 23:36:00,G,10,-3,1251,702,1,7,-62.3572,-59.6867,35:57.3,FastGPS,-62.3572,-59.6867,,,5,0.3,,,,15,12,14375,,,,2,2678,,,,19,1114,,,,23,31348,,,,31,18502,,,,25,32028,,,,6,19666,,,,,,,,,,,,,,,,,,,,,,,,,,,,,,,,,,,,,,,,,,,
180853,7-Aug-19,8:04:36,2019-08-07 08:04:36,G,2,-3,1252,702,0,6,-62.3573,-59.6859,04:33.3,FastGPS,-62.3573,-59.6859,,,9.3,0.3,,,,15,1,27870,,,,11,23126,,,,18,8435,,,,32,20329,,,,10,5565,,,,22,9866,,,,,,,,,,,,,,,,,,,,,,,,,,,,,,,,,,,,,,,,,,,,,,,,
180853,7-Aug-19,9:04:10,2019-08-07 09:04:10,G,4,-3,1253,,0,9,-62.3459,-59.7081,04:07.8,FastGPS,-62.3459,-59.7081,,,18.1,0.8,,,,15,11,21516,,,,3,5354,,,,1,25133,,,,22,12296,,,,18,2675,,,,17,19274,,,,14,28820,,,,19,23894,,,,32,4317,,,,,,,,,,,,,,,,,,,,,,,,,,,,,,,,,
180853,7-Aug-19,10:22:20,2019-08-07 10:22:20,G,2,-3,1254,,0,9,-62.3135,-59.7567,22:17.3,FastGPS,-62.3135,-59.7567,,,6.1,0.3,,,,15,3,32008,,,,23,4083,,,,22,6740,,,,31,10777,,,,1,5016,,,,11,10023,,,,12,10105,,,,18,12858,,,,14,4854,,,,,,,,,,,,,,,,,,,,,,,,,,,,,,,,,
180853,7-Aug-19,12:28:34,2019-08-07 12:28:34,G,6,-3,1255,707,0,7,-62.3148,-59.7029,28:31.8,FastGPS,-62.3148,-59.7029,,,7.4,0.8,,,,15,31,55,,,,6,29953,,,,26,25368,,,,2,29066,,,,9,22885,,,,23,10399,,,,29,3517,,,,,,,,,,,,,,,,,,,,,,,,,,,,,,,,,,,,,,,,,,,
180853,7-Aug-19,13:31:57,2019-08-07 13:31:57,G,4,-3,1256,707,0,5,-62.3148,-59.7029,28:31.8,FastGPS,-62.3139,-59.6939,,1,2.7,-0.2,,,,15,23,19450,,,,9,5088,,,,3,24472,,,,6,27210,,,,7,28130,,,,,,,,,,,,,,,,,,,,,,,,,,,,,,,,,,,,,,,,,,,,,,,,,,,,,
180853,7-Aug-19,14:32:15,2019-08-07 14:32:15,G,4,-3,1257,,0,9,-62.316,-59.7102,32:11.3,FastGPS,-62.316,-59.7102,,1,5.7,-0.7,,,,15,5,13459,,,,16,5533,,,,7,31527,,,,26,798,,,,30,1664,,,,4,5434,,,,2,4098,,,,27,28502,,,,23,22220,,,,,,,,,,,,,,,,,,,,,,,,,,,,,,,,,
180853,7-Aug-19,15:32:08,2019-08-07 15:32:08,G,2,-3,1258,707,0,5,-62.3203,-59.7141,32:04.7,FastGPS,-62.3203,-59.7141,,,8.1,-0.3,,,,15,7,32233,,,,30,9774,,,,13,30393,,,,5,13866,,,,27,30647,,,,,,,,,,,,,,,,,,,,,,,,,,,,,,,,,,,,,,,,,,,,,,,,,,,,,
180853,7-Aug-19,16:48:58,2019-08-07 16:48:58,G,10,-3,1259,708,0,8,-62.3418,-59.7213,48:55.8,FastGPS,-62.3418,-59.7213,,1,4.9,0.8,,,,15,5,25447,,,,30,30033,,,,13,25886,,,,7,7484,,,,28,7875,,,,27,27951,,,,4,29422,,,,15,21344,,,,,,,,,,,,,,,,,,,,,,,,,,,,,,,,,,,,,,
180853,7-Aug-19,17:51:59,2019-08-07 17:51:59,G,4,-3,1260,708,0,7,-62.3449,-59.7124,51:56.3,FastGPS,-62.3449,-59.7124,,2,7.8,0.3,,,,15,7,17081,,,,15,32498,,,,11,2734,,,,8,19851,,,,30,8088,,,,20,1844,,,,13,30313,,,,,,,,,,,,,,,,,,,,,,,,,,,,,,,,,,,,,,,,,,,
180853,7-Aug-19,19:31:00,2019-08-07 19:31:00,G,8,-3,1261,709,0,8,-62.3537,-59.6894,30:57.3,FastGPS,-62.3537,-59.6894,,,2.9,0.3,,,,15,17,10904,,,,28,19989,,,,19,7500,,,,15,22429,,,,1,32417,,,,18,17678,,,,11,22484,,,,13,19752,,,,,,,,,,,,,,,,,,,,,,,,,,,,,,,,,,,,,,
180853,7-Aug-19,20:31:00,2019-08-07 20:31:00,G,10,-3,1262,709,0,7,-62.3538,-59.6895,30:57.3,FastGPS,-62.3538,-59.6895,,,12.3,0.3,,,,15,15,22416,,,,12,5462,,,,24,8405,,,,17,14783,,,,1,17197,,,,19,10380,,,,32,8048,,,,,,,,,,,,,,,,,,,,,,,,,,,,,,,,,,,,,,,,,,,
180853,7-Aug-19,21:31:00,2019-08-07 21:31:00,G,8,-3,1263,709,0,8,-62.3535,-59.6832,30:57.3,FastGPS,-62.3535,-59.6832,,,12.7,0.3,,,,15,17,10837,,,,12,7226,,,,19,7300,,,,6,28415,,,,24,7863,,,,32,30531,,,,25,26003,,,,22,1814,,,,,,,,,,,,,,,,,,,,,,,,,,,,,,,,,,,,,,
180853,7-Aug-19,22:31:21,2019-08-07 22:31:21,G,4,-3,1264,,0,9,-62.3272,-59.6939,31:18.3,FastGPS,-62.3272,-59.6939,,,14.1,0.3,,,,15,32,11053,,,,12,29561,,,,6,1277,,,,2,2542,,,,31,20413,,,,24,19662,,,,14,23305,,,,19,26500,,,,3,27526,,,,,,,,,,,,,,,,,,,,,,,,,,,,,,,,,
180853,7-Aug-19,23:31:48,2019-08-07 23:31:48,G,4,-3,1265,709,0,7,-62.2908,-59.695,31:45.3,FastGPS,-62.2908,-59.695,,,11.6,0.3,,,,15,2,1783,,,,29,24732,,,,12,13814,,,,24,1995,,,,6,18470,,,,31,16931,,,,25,31108,,,,,,,,,,,,,,,,,,,,,,,,,,,,,,,,,,,,,,,,,,,
180853,8-Aug-19,0:32:01,2019-08-08 00:32:01,G,4,-3,1266,709,0,7,-62.2758,-59.5402,31:58.3,FastGPS,-62.2758,-59.5402,,,12.1,0.3,,,,15,31,18738,,,,5,29276,,,,2,13814,,,,29,11466,,,,25,29192,,,,12,25753,,,,26,14163,,,,,,,,,,,,,,,,,,,,,,,,,,,,,,,,,,,,,,,,,,,
180853,8-Aug-19,2:05:58,2019-08-08 02:05:58,G,2,-3,1267,709,0,8,-62.2484,-59.341,05:55.3,FastGPS,-62.2484,-59.341,,,12.2,0.3,,,,15,5,12949,,,,26,29486,,,,29,32392,,,,2,26150,,,,21,3681,,,,16,18897,,,,31,22409,,,,9,29464,,,,,,,,,,,,,,,,,,,,,,,,,,,,,,,,,,,,,,
180853,8-Aug-19,3:21:10,2019-08-08 03:21:10,G,2,-3,1268,710,0,7,-62.2135,-59.2273,21:07.7,FastGPS,-62.2135,-59.2273,,1,12.1,0.7,,,,15,29,7737,,,,21,29058,,,,27,24485,,,,4,10789,,,,20,21164,,,,16,2867,,,,5,11766,,,,,,,,,,,,,,,,,,,,,,,,,,,,,,,,,,,,,,,,,,,
180853,8-Aug-19,4:26:06,2019-08-08 04:26:06,G,2,-3,1269,,0,9,-62.1886,-59.1912,26:02.8,FastGPS,-62.1886,-59.1912,,1,17.8,-0.2,,,,15,15,21870,,,,4,5033,,,,13,11705,,,,27,13637,,,,20,28861,,,,16,15410,,,,21,3768,,,,10,8761,,,,7,15558,,,,,,,,,,,,,,,,,,,,,,,,,,,,,,,,,
180853,8-Aug-19,10:46:19,2019-08-08 10:46:19,G,4,-3,1275,,0,9,-62.1689,-59.0159,46:16.8,FastGPS,-62.1689,-59.0159,,,5.7,0.8,,,,15,23,27217,,,,17,13235,,,,12,21286,,,,19,2092,,,,22,10171,,,,6,22111,,,,3,26554,,,,1,12499,,,,31,15691,,,,,,,,,,,,,,,,,,,,,,,,,,,,,,,,,
180853,8-Aug-19,11:53:44,2019-08-08 11:53:44,G,4,-3,1276,,0,9,-62.2077,-59.0705,53:41.3,FastGPS,-62.2077,-59.0705,,,11.4,0.3,,,,15,31,24035,,,,22,30813,,,,6,4579,,,,23,24555,,,,9,22730,,,,3,13116,,,,2,79,,,,25,11783,,,,19,5053,,,,,,,,,,,,,,,,,,,,,,,,,,,,,,,,,
180853,8-Aug-19,12:56:17,2019-08-08 12:56:17,G,6,-3,1277,711,0,7,-62.2474,-59.1381,56:14.7,FastGPS,-62.2474,-59.1381,,,7.7,0.7,,,,15,7,25710,,,,9,4853,,,,6,864,,,,2,10444,,,,3,23115,,,,23,20796,,,,29,27015,,,,,,,,,,,,,,,,,,,,,,,,,,,,,,,,,,,,,,,,,,,
180853,8-Aug-19,13:59:06,2019-08-08 13:59:06,G,6,-3,1278,711,0,8,-62.2793,-59.2091,59:03.2,FastGPS,-62.2793,-59.2091,,,5.1,0.2,,,,15,9,23837,,,,5,27535,,,,16,12110,,,,29,7807,,,,23,9234,,,,2,17049,,,,26,14935,,,,7,14985,,,,,,,,,,,,,,,,,,,,,,,,,,,,,,,,,,,,,,
180853,8-Aug-19,15:58:25,2019-08-08 15:58:25,G,2,-3,1279,711,0,8,-62.3067,-59.2466,58:22.7,FastGPS,-62.3067,-59.2466,,1,8.5,0.7,,,,15,9,23432,,,,8,23354,,,,7,29481,,,,30,6962,,,,5,23762,,,,27,25224,,,,4,17930,,,,28,8056,,,,,,,,,,,,,,,,,,,,,,,,,,,,,,,,,,,,,,
180853,8-Aug-19,21:42:10,2019-08-08 21:42:10,G,6,-3,1280,711,0,7,-62.2916,-59.4921,42:07.3,FastGPS,-62.2916,-59.4921,,,8.1,0.3,,,,15,32,17860,,,,24,24445,,,,12,17417,,,,14,1972,,,,6,23030,,,,22,21074,,,,25,3108,,,,,,,,,,,,,,,,,,,,,,,,,,,,,,,,,,,,,,,,,,,
180853,8-Aug-19,22:42:00,2019-08-08 22:42:00,G,6,-3,1281,,0,9,-62.3304,-59.5295,41:57.2,FastGPS,-62.3304,-59.5295,,1,8.2,0.2,,,,15,31,4445,,,,6,18793,,,,25,2370,,,,17,16189,,,,32,23867,,,,12,9197,,,,14,30390,,,,19,21510,,,,3,580,,,,,,,,,,,,,,,,,,,,,,,,,,,,,,,,,
180853,8-Aug-19,23:42:00,2019-08-08 23:42:00,G,6,-3,1282,711,1,7,-62.3359,-59.5684,41:57.3,FastGPS,-62.3359,-59.5684,,,7.3,0.3,,,,15,31,18602,,,,29,7260,,,,2,11282,,,,12,7158,,,,25,6427,,,,6,7152,,,,14,19748,,,,,,,,,,,,,,,,,,,,,,,,,,,,,,,,,,,,,,,,,,,
180853,9-Aug-19,8:24:00,2019-08-09 08:24:00,G,2,-3,1283,,0,9,-62.3356,-59.5696,23:57.2,FastGPS,-62.3356,-59.5696,,,16.4,0.2,,,,15,18,5799,,,,32,17824,,,,14,28795,,,,11,22376,,,,1,21130,,,,8,5117,,,,17,10419,,,,22,12683,,,,3,7579,,,,,,,,,,,,,,,,,,,,,,,,,,,,,,,,,
180853,9-Aug-19,10:25:19,2019-08-09 10:25:19,G,2,-3,1285,711,0,8,-62.2918,-59.7836,25:16.2,FastGPS,-62.2918,-59.7836,,,8.7,0.2,,,,15,1,32543,,,,23,17766,,,,11,30454,,,,3,9364,,,,17,21425,,,,22,26732,,,,31,24610,,,,18,30068,,,,,,,,,,,,,,,,,,,,,,,,,,,,,,,,,,,,,,
180853,9-Aug-19,12:26:31,2019-08-09 12:26:31,G,4,-3,1287,711,0,8,-62.3249,-60.0023,26:28.2,FastGPS,-62.3249,-60.0023,,,5.7,0.2,,,,15,9,27697,,,,6,24812,,,,2,11769,,,,31,6247,,,,29,18316,,,,26,1806,,,,3,5612,,,,23,3914,,,,,,,,,,,,,,,,,,,,,,,,,,,,,,,,,,,,,,
180853,9-Aug-19,13:27:40,2019-08-09 13:27:40,G,2,-3,1288,711,0,7,-62.3572,-60.1018,27:37.2,FastGPS,-62.3572,-60.1018,,,4,0.2,,,,15,7,9892,,,,9,26299,,,,23,4476,,,,2,404,,,,30,23004,,,,29,610,,,,3,3110,,,,,,,,,,,,,,,,,,,,,,,,,,,,,,,,,,,,,,,,,,,
180853,9-Aug-19,14:29:21,2019-08-09 14:29:21,G,4,-3,1289,711,0,5,-62.308,-60.1268,29:18.5,FastGPS,-62.308,-60.1268,,,12.4,0.5,,,,15,30,26997,,,,7,11257,,,,5,1867,,,,9,17635,,,,23,758,,,,,,,,,,,,,,,,,,,,,,,,,,,,,,,,,,,,,,,,,,,,,,,,,,,,,
180853,9-Aug-19,15:35:39,2019-08-09 15:35:39,G,6,-3,1290,711,0,7,-62.2561,-60.1086,35:36.2,FastGPS,-62.2561,-60.1086,,,10,0.2,,,,15,7,24686,,,,30,8791,,,,13,25662,,,,9,24604,,,,28,29950,,,,8,10745,,,,5,27937,,,,,,,,,,,,,,,,,,,,,,,,,,,,,,,,,,,,,,,,,,,
180853,9-Aug-19,16:56:25,2019-08-09 16:56:25,G,4,-3,1291,712,0,6,-62.2091,-60.1184,56:22.7,FastGPS,-62.2091,-60.1184,,,11.2,0.7,,,,15,7,31906,,,,13,19889,,,,28,31523,,,,15,9608,,,,30,30348,,,,5,32233,,,,,,,,,,,,,,,,,,,,,,,,,,,,,,,,,,,,,,,,,,,,,,,,
180853,9-Aug-19,18:20:54,2019-08-09 18:20:54,G,2,-3,1292,713,0,7,-62.1914,-60.1548,20:51.7,FastGPS,-62.1914,-60.1548,,,11.2,0.7,,,,15,13,19794,,,,15,27132,,,,10,28518,,,,20,32409,,,,17,21641,,,,24,11629,,,,30,27244,,,,,,,,,,,,,,,,,,,,,,,,,,,,,,,,,,,,,,,,,,,
180853,9-Aug-19,21:15:38,2019-08-09 21:15:38,G,2,-3,1294,,0,9,-62.1802,-60.1667,15:35.7,FastGPS,-62.1802,-60.1667,,,5.3,0.7,,,,15,17,11503,,,,6,15165,,,,12,5256,,,,19,28868,,,,32,3535,,,,14,5428,,,,24,32490,,,,22,4623,,,,3,141,,,,,,,,,,,,,,,,,,,,,,,,,,,,,,,,,
180853,10-Aug-19,1:29:08,2019-08-10 01:29:08,G,2,-3,1297,720,0,5,-62.2367,-59.836,29:04.6,FastGPS,-62.2367,-59.836,,,0.4,-0.4,,,,15,26,20666,,,,5,18207,,,,29,28853,,,,31,22289,,,,25,29526,,,,,,,,,,,,,,,,,,,,,,,,,,,,,,,,,,,,,,,,,,,,,,,,,,,,,
180853,10-Aug-19,2:45:47,2019-08-10 02:45:47,G,4,-3,1298,721,0,4,-62.1606,-59.6487,45:58.1,FastGPS,-62.1985,-59.7356,,,5.6,0.4,,,,15,29,14024,,,,20,116,,,,21,5825,,,,16,26722,,,,,,,,,,,,,,,,,,,,,,,,,,,,,,,,,,,,,,,,,,,,,,,,,,,,,,,,,,
180853,10-Aug-19,3:46:01,2019-08-10 03:46:01,G,2,-3,1299,,0,9,-62.1606,-59.6487,45:58.1,FastGPS,-62.1606,-59.6487,,1,8.1,0.1,,,,15,27,28488,,,,21,20912,,,,4,20904,,,,29,29320,,,,20,21913,,,,10,8263,,,,16,14702,,,,15,24340,,,,26,5811,,,,,,,,,,,,,,,,,,,,,,,,,,,,,,,,,
180853,10-Aug-19,4:46:05,2019-08-10 04:46:05,G,2,-3,1300,721,0,6,-62.1155,-59.5806,46:02.7,FastGPS,-62.1155,-59.5806,,1,1,0.7,,,,15,10,20938,,,,27,9646,,,,20,5458,,,,8,17792,,,,4,31039,,,,21,29161,,,,,,,,,,,,,,,,,,,,,,,,,,,,,,,,,,,,,,,,,,,,,,,,
180853,10-Aug-19,5:46:17,2019-08-10 05:46:17,G,2,-3,1301,,0,9,-62.0675,-59.525,46:14.1,FastGPS,-62.0675,-59.525,,1,20.4,0.1,,,,15,10,851,,,,8,29609,,,,27,907,,,,20,18433,,,,15,20957,,,,18,1513,,,,21,22586,,,,11,31001,,,,4,7579,,,,,,,,,,,,,,,,,,,,,,,,,,,,,,,,,
180853,10-Aug-19,7:26:11,2019-08-10 07:26:11,G,6,-3,1302,723,0,5,-62.0944,-59.5754,26:08.6,FastGPS,-62.0944,-59.5754,,,2.2,0.6,,,,15,18,6434,,,,11,17860,,,,10,29707,,,,32,11378,,,,1,4251,,,,,,,,,,,,,,,,,,,,,,,,,,,,,,,,,,,,,,,,,,,,,,,,,,,,,
180853,10-Aug-19,8:41:01,2019-08-10 08:41:01,G,4,-3,1303,724,0,8,-62.0561,-59.6189,40:58.1,FastGPS,-62.0561,-59.6189,,,11.3,0.1,,,,15,18,3531,,,,1,299,,,,14,7513,,,,32,7411,,,,22,30944,,,,11,21502,,,,8,23358,,,,31,11011,,,,,,,,,,,,,,,,,,,,,,,,,,,,,,,,,,,,,,
180853,10-Aug-19,9:41:02,2019-08-10 09:41:02,G,12,-3,1304,,0,9,-62.0152,-59.5965,40:59.6,FastGPS,-62.0152,-59.5965,,,5.6,0.6,,,,15,17,31013,,,,19,3900,,,,23,23464,,,,18,21642,,,,1,6477,,,,31,5146,,,,11,12750,,,,3,5541,,,,14,19586,,,,,,,,,,,,,,,,,,,,,,,,,,,,,,,,,
180853,10-Aug-19,11:42:47,2019-08-10 11:42:47,G,6,-3,1305,727,0,5,-62.0534,-59.5024,42:43.1,FastGPS,-62.0534,-59.5024,,,1,-0.9,,,,15,6,5184,,,,31,31550,,,,3,22760,,,,23,25100,,,,9,17658,,,,,,,,,,,,,,,,,,,,,,,,,,,,,,,,,,,,,,,,,,,,,,,,,,,,,
180853,10-Aug-19,13:01:01,2019-08-10 13:01:01,G,4,-3,1306,728,0,5,-62.0574,-59.4786,00:58.1,FastGPS,-62.0574,-59.4786,,,15.1,0.1,,,,15,7,26421,,,,9,26394,,,,23,25292,,,,3,725,,,,6,4135,,,,,,,,,,,,,,,,,,,,,,,,,,,,,,,,,,,,,,,,,,,,,,,,,,,,,
180853,10-Aug-19,14:01:08,2019-08-10 14:01:08,G,2,-3,1307,728,0,7,-62.0603,-59.4936,01:04.1,FastGPS,-62.0603,-59.4936,,,9.2,-0.9,,,,15,23,13250,,,,9,26820,,,,7,26448,,,,5,13837,,,,16,22529,,,,2,4028,,,,30,22703,,,,,,,,,,,,,,,,,,,,,,,,,,,,,,,,,,,,,,,,,,,
180853,10-Aug-19,15:01:00,2019-08-10 15:01:00,G,2,-3,1308,728,0,7,-62.058,-59.4994,00:57.1,FastGPS,-62.058,-59.4994,,1,9.6,0.1,,,,15,5,971,,,,7,22042,,,,9,7748,,,,23,19418,,,,4,21948,,,,27,26316,,,,30,4585,,,,,,,,,,,,,,,,,,,,,,,,,,,,,,,,,,,,,,,,,,,
180853,10-Aug-19,16:11:45,2019-08-10 16:11:45,G,6,-3,1309,728,0,5,-62.0238,-58.7249,14:02.9,FastGPS,-62.0958,-59.5228,,1,0.2,-0.4,,,,15,15,9699,,,,5,24170,,,,13,16914,,,,21,1014,,,,4,18322,,,,,,,,,,,,,,,,,,,,,,,,,,,,,,,,,,,,,,,,,,,,,,,,,,,,,
180853,10-Aug-19,17:26:20,2019-08-10 17:26:20,G,4,-3,1310,728,0,7,-62.139,-59.4738,26:16.6,FastGPS,-62.139,-59.4738,,,9.1,-0.4,,,,15,7,1861,,,,30,4223,,,,13,13501,,,,28,26389,,,,11,22068,,,,15,11675,,,,8,28253,,,,,,,,,,,,,,,,,,,,,,,,,,,,,,,,,,,,,,,,,,,
180853,10-Aug-19,18:46:01,2019-08-10 18:46:01,G,4,-3,1311,,0,9,-62.1563,-59.4022,45:57.6,FastGPS,-62.1563,-59.4022,,,15.4,-0.4,,,,15,15,977,,,,18,22435,,,,30,6557,,,,1,2498,,,,28,15898,,,,11,29661,,,,10,14996,,,,17,30129,,,,24,31203,,,,,,,,,,,,,,,,,,,,,,,,,,,,,,,,,
180853,10-Aug-19,19:48:09,2019-08-10 19:48:09,G,16,-3,1312,,0,9,-62.1588,-59.3045,48:06.1,FastGPS,-62.1588,-59.3045,,,10,0.1,,,,15,17,3666,,,,28,30614,,,,15,4139,,,,24,22186,,,,12,15015,,,,19,25448,,,,11,12107,,,,1,10229,,,,10,4936,,,,,,,,,,,,,,,,,,,,,,,,,,,,,,,,,
180853,10-Aug-19,20:52:24,2019-08-10 20:52:24,G,8,-3,1313,729,0,6,-62.1638,-59.2068,52:21.1,FastGPS,-62.1638,-59.2068,,,7.9,0.1,,,,15,6,11676,,,,17,32442,,,,24,14764,,,,19,16864,,,,32,32029,,,,12,15940,,,,,,,,,,,,,,,,,,,,,,,,,,,,,,,,,,,,,,,,,,,,,,,,
180853,10-Aug-19,22:07:34,2019-08-10 22:07:34,G,10,-3,1314,730,0,8,-62.1515,-59.0886,07:30.1,FastGPS,-62.1515,-59.0886,,,7.2,-0.9,,,,15,12,32299,,,,14,23314,,,,19,7386,,,,32,1422,,,,17,469,,,,6,596,,,,25,6885,,,,2,24900,,,,,,,,,,,,,,,,,,,,,,,,,,,,,,,,,,,,,,
180853,10-Aug-19,23:11:15,2019-08-10 23:11:15,G,4,-3,1315,730,0,8,-62.1275,-58.9804,11:12.1,FastGPS,-62.1275,-58.9804,,,10.3,0.1,,,,15,31,30569,,,,12,11011,,,,29,452,,,,2,2233,,,,6,17823,,,,25,29917,,,,14,3732,,,,19,15921,,,,,,,,,,,,,,,,,,,,,,,,,,,,,,,,,,,,,,
180853,11-Aug-19,0:12:26,2019-08-11 00:12:26,G,8,-3,1316,730,0,6,-62.1005,-58.8916,12:22.6,FastGPS,-62.1005,-58.8916,,,13.2,-0.4,,,,15,31,14667,,,,12,24501,,,,5,5394,,,,29,28601,,,,25,7111,,,,2,31208,,,,,,,,,,,,,,,,,,,,,,,,,,,,,,,,,,,,,,,,,,,,,,,,
180853,11-Aug-19,1:12:03,2019-08-11 01:12:03,G,10,-3,1317,730,0,7,-62.066,-58.8311,11:59.1,FastGPS,-62.066,-58.8311,,,5.4,-0.9,,,,15,29,14735,,,,31,1954,,,,5,13299,,,,26,18516,,,,12,20258,,,,25,25372,,,,2,31326,,,,,,,,,,,,,,,,,,,,,,,,,,,,,,,,,,,,,,,,,,,
180853,11-Aug-19,2:14:06,2019-08-11 02:14:06,G,10,-3,1318,730,0,4,-61.8435,-57.9427,10:35.2,FastGPS,-62.0238,-58.7249,,,0.1,-0.1,,,,15,5,8983,,,,29,29484,,,,26,27945,,,,16,810,,,,,,,,,,,,,,,,,,,,,,,,,,,,,,,,,,,,,,,,,,,,,,,,,,,,,,,,,,
180853,11-Aug-19,3:14:24,2019-08-11 03:14:24,G,12,-3,1319,,0,9,-61.8435,-57.9427,10:35.2,FastGPS,,,,,,,,,,15,4,13939,,,,29,8599,,,,27,30638,,,,16,25446,,,,26,2345,,,,20,1682,,,,15,22048,,,,13,16397,,,,21,23833,,,,,,,,,,,,,,,,,,,,,,,,,,,,,,,,,
180853,11-Aug-19,4:14:00,2019-08-11 04:14:00,G,6,-3,1320,730,0,6,-61.9528,-58.5943,13:56.1,FastGPS,-61.9528,-58.5943,,1,3.8,-0.9,,,,15,15,23135,,,,27,9895,,,,4,2427,,,,21,3557,,,,20,30047,,,,10,9961,,,,,,,,,,,,,,,,,,,,,,,,,,,,,,,,,,,,,,,,,,,,,,,,
180853,11-Aug-19,5:14:54,2019-08-11 05:14:54,G,8,-3,1321,730,0,8,-61.8435,-57.9427,10:35.2,FastGPS,,,,,,,,,,15,27,4530,,,,20,12118,,,,10,17315,,,,4,15613,,,,15,21178,,,,21,10910,,,,8,4529,,,,16,1118,,,,,,,,,,,,,,,,,,,,,,,,,,,,,,,,,,,,,,
180853,11-Aug-19,6:15:15,2019-08-11 06:15:15,G,8,-3,1322,,0,9,-61.8591,-58.4395,15:11.6,FastGPS,-61.8591,-58.4395,,1,11.2,-0.4,,,,15,32,16429,,,,10,11146,,,,11,25523,,,,18,25118,,,,21,86,,,,8,15690,,,,4,11779,,,,27,8074,,,,20,15268,,,,,,,,,,,,,,,,,,,,,,,,,,,,,,,,,
180853,11-Aug-19,7:15:46,2019-08-11 07:15:46,G,6,-3,1323,,0,9,-61.8293,-58.3481,15:42.1,FastGPS,-61.8293,-58.3481,,,16.3,-0.9,,,,15,10,86,,,,32,13342,,,,14,13638,,,,27,20762,,,,1,19330,,,,11,12390,,,,8,4967,,,,28,27218,,,,18,3356,,,,,,,,,,,,,,,,,,,,,,,,,,,,,,,,,
180853,11-Aug-19,9:22:16,2019-08-11 09:22:16,G,6,-3,1324,731,0,8,-61.8506,-58.1579,22:13.1,FastGPS,-61.8506,-58.1579,,,10.6,0.1,,,,15,17,1095,,,,31,13842,,,,32,3955,,,,3,10245,,,,14,3352,,,,22,5005,,,,11,5513,,,,1,9452,,,,,,,,,,,,,,,,,,,,,,,,,,,,,,,,,,,,,,
180853,11-Aug-19,10:48:30,2019-08-11 10:48:30,G,8,-3,1325,732,0,6,-61.86,-58.0374,48:27.1,FastGPS,-61.86,-58.0374,,,2.7,0.1,,,,15,31,15415,,,,23,8075,,,,22,13063,,,,3,23931,,,,1,19203,,,,14,7834,,,,,,,,,,,,,,,,,,,,,,,,,,,,,,,,,,,,,,,,,,,,,,,,
180853,11-Aug-19,12:00:42,2019-08-11 12:00:42,G,2,-3,1326,,0,9,-61.8702,-57.9535,00:39.6,FastGPS,-61.8702,-57.9535,,,8.3,0.6,,,,15,23,32498,,,,22,19583,,,,31,28831,,,,2,31256,,,,3,27886,,,,26,23344,,,,9,21451,,,,6,9132,,,,16,26782,,,,,,,,,,,,,,,,,,,,,,,,,,,,,,,,,
180853,11-Aug-19,13:10:38,2019-08-11 13:10:38,G,6,-3,1327,732,0,4,-61.8458,-57.9328,8/11/2019 13:29,MA,-61.8435,-57.9427,,,0.9,0.2,,,,15,7,4487,,,,23,7609,,,,9,20340,,,,2,26786,,,,,,,,,,,,,,,,,,,,,,,,,,,,,,,,,,,,,,,,,,,,,,,,,,,,,,,,,,
180853,11-Aug-19,14:10:00,2019-08-11 14:10:00,G,8,-3,1328,,1,9,-61.842,-57.9365,09:57.1,FastGPS,-61.842,-57.9365,,1,8.4,0.1,,,,15,7,6561,,,,30,25168,,,,16,1162,,,,9,26054,,,,4,13968,,,,27,357,,,,23,13451,,,,6,21727,,,,26,6788,,,,,,,,,,,,,,,,,,,,,,,,,,,,,,,,,
180853,12-Aug-19,7:58:27,2019-08-12 07:58:27,G,6,-3,1329,732,0,7,-61.7606,-57.7152,58:24.1,FastGPS,-61.7606,-57.7152,,,13.3,0.1,,,,15,10,6045,,,,32,18062,,,,14,28625,,,,8,21791,,,,1,9532,,,,18,29982,,,,22,11898,,,,,,,,,,,,,,,,,,,,,,,,,,,,,,,,,,,,,,,,,,,
180853,12-Aug-19,9:58:42,2019-08-12 09:58:42,G,2,-3,1331,,0,9,-61.7233,-57.6117,58:39.5,FastGPS,-61.7233,-57.6117,,,8.7,0.5,,,,15,31,8507,,,,17,31861,,,,14,16464,,,,12,30739,,,,22,4649,,,,19,22030,,,,32,26330,,,,23,11452,,,,18,27316,,,,,,,,,,,,,,,,,,,,,,,,,,,,,,,,,
180853,12-Aug-19,12:19:05,2019-08-12 12:19:05,G,4,-3,1333,733,0,5,-61.7189,-57.5895,19:02.5,FastGPS,-61.7189,-57.5895,,,6.3,0.5,,,,15,6,13638,,,,9,6553,,,,2,13076,,,,26,24308,,,,16,4244,,,,,,,,,,,,,,,,,,,,,,,,,,,,,,,,,,,,,,,,,,,,,,,,,,,,,
180853,12-Aug-19,13:22:27,2019-08-12 13:22:27,G,8,-3,1334,733,0,8,-61.7219,-57.6112,22:23.1,FastGPS,-61.7219,-57.6112,,,4.3,-0.9,,,,15,9,27764,,,,7,5899,,,,29,19619,,,,23,24626,,,,5,24243,,,,26,20922,,,,16,31990,,,,2,10508,,,,,,,,,,,,,,,,,,,,,,,,,,,,,,,,,,,,,,
180853,12-Aug-19,14:22:00,2019-08-12 14:22:00,G,4,-3,1335,733,0,6,-61.7243,-57.6354,21:57.0,FastGPS,-61.7243,-57.6354,,,2.7,0,,,,15,7,4447,,,,5,19636,,,,9,31239,,,,30,26777,,,,2,9027,,,,16,14477,,,,,,,,,,,,,,,,,,,,,,,,,,,,,,,,,,,,,,,,,,,,,,,,
180853,12-Aug-19,15:30:57,2019-08-12 15:30:57,G,2,-3,1336,733,0,6,-61.7127,-57.6576,30:53.1,FastGPS,-61.7127,-57.6576,,,17.1,-0.9,,,,15,7,25559,,,,5,25160,,,,8,26826,,,,9,14043,,,,30,27286,,,,27,18042,,,,,,,,,,,,,,,,,,,,,,,,,,,,,,,,,,,,,,,,,,,,,,,,
180853,12-Aug-19,16:47:18,2019-08-12 16:47:18,G,6,-3,1337,734,0,8,-61.7048,-57.6605,47:15.0,FastGPS,-61.7048,-57.6605,,,7.7,0,,,,15,7,2444,,,,30,2347,,,,13,21789,,,,8,5021,,,,28,18404,,,,5,18767,,,,27,11883,,,,15,10934,,,,,,,,,,,,,,,,,,,,,,,,,,,,,,,,,,,,,,
180853,12-Aug-19,17:47:00,2019-08-12 17:47:00,G,4,-3,1338,,0,9,-61.7052,-57.67,46:56.0,FastGPS,-61.7052,-57.67,,,9.5,-1,,,,15,15,12557,,,,13,10279,,,,28,12534,,,,11,30116,,,,30,20558,,,,7,12097,,,,8,6256,,,,20,1532,,,,18,1555,,,,,,,,,,,,,,,,,,,,,,,,,,,,,,,,,
180853,12-Aug-19,18:47:10,2019-08-12 18:47:10,G,6,-3,1339,,0,9,-61.7068,-57.6665,47:06.5,FastGPS,-61.7068,-57.6665,,,6.2,-0.5,,,,15,10,25875,,,,15,2592,,,,17,23780,,,,28,12812,,,,24,4564,,,,30,21654,,,,20,1869,,,,19,9877,,,,13,31036,,,,,,,,,,,,,,,,,,,,,,,,,,,,,,,,,
180853,12-Aug-19,19:47:00,2019-08-12 19:47:00,G,6,-3,1340,,0,9,-61.7166,-57.6614,46:57.0,FastGPS,-61.7166,-57.6614,,,13.5,0,,,,15,17,17021,,,,15,11773,,,,24,31351,,,,28,6304,,,,12,5919,,,,19,14553,,,,1,8450,,,,11,23551,,,,18,13939,,,,,,,,,,,,,,,,,,,,,,,,,,,,,,,,,
180853,12-Aug-19,20:47:00,2019-08-12 20:47:00,G,4,-3,1341,,0,9,-61.7235,-57.6484,46:56.0,FastGPS,-61.7235,-57.6484,,,9.6,-1,,,,15,12,26812,,,,17,3845,,,,32,3338,,,,24,19789,,,,19,26731,,,,6,6666,,,,22,19111,,,,1,28872,,,,14,7723,,,,,,,,,,,,,,,,,,,,,,,,,,,,,,,,,
180853,12-Aug-19,22:19:41,2019-08-12 22:19:41,G,4,-3,1342,,0,9,-61.7333,-57.6107,19:38.0,FastGPS,-61.7333,-57.6107,,,16.1,0,,,,15,12,15632,,,,6,28455,,,,25,13153,,,,14,25471,,,,2,207,,,,31,438,,,,19,18536,,,,32,30275,,,,29,19509,,,,,,,,,,,,,,,,,,,,,,,,,,,,,,,,,
180853,13-Aug-19,0:15:14,2019-08-13 00:15:14,G,4,-3,1343,736,0,6,-61.7477,-57.5495,15:10.5,FastGPS,-61.7477,-57.5495,,,9.6,-0.5,,,,15,12,3937,,,,29,31432,,,,31,25433,,,,25,10667,,,,2,28658,,,,5,4906,,,,,,,,,,,,,,,,,,,,,,,,,,,,,,,,,,,,,,,,,,,,,,,,
180853,13-Aug-19,2:17:02,2019-08-13 02:17:02,G,2,-3,1345,736,0,5,-61.7526,-57.457,16:59.0,FastGPS,-61.7526,-57.457,,,2.9,0,,,,15,21,32003,,,,26,19396,,,,16,20676,,,,29,26885,,,,5,19440,,,,,,,,,,,,,,,,,,,,,,,,,,,,,,,,,,,,,,,,,,,,,,,,,,,,,
180853,13-Aug-19,4:13:11,2019-08-13 04:13:11,G,4,-3,1346,736,0,8,-61.751,-57.3569,13:08.0,FastGPS,-61.751,-57.3569,,1,7,0,,,,15,21,19900,,,,10,4506,,,,20,9429,,,,4,4950,,,,27,19503,,,,16,19039,,,,15,3410,,,,13,7997,,,,,,,,,,,,,,,,,,,,,,,,,,,,,,,,,,,,,,
180853,13-Aug-19,5:14:51,2019-08-13 05:14:51,G,6,-3,1347,736,0,7,-61.7425,-57.3059,14:48.5,FastGPS,-61.7425,-57.3059,,,10.6,0.5,,,,15,15,4721,,,,8,12312,,,,21,3018,,,,20,29421,,,,13,28830,,,,27,23268,,,,10,22490,,,,,,,,,,,,,,,,,,,,,,,,,,,,,,,,,,,,,,,,,,,
180853,13-Aug-19,6:15:01,2019-08-13 06:15:01,G,2,-3,1348,736,0,8,-61.7297,-57.2694,14:58.5,FastGPS,-61.7297,-57.2694,,1,5.6,0.5,,,,15,11,29432,,,,4,30598,,,,8,30908,,,,27,355,,,,32,5291,,,,10,21578,,,,28,26632,,,,1,31472,,,,,,,,,,,,,,,,,,,,,,,,,,,,,,,,,,,,,,
180853,13-Aug-19,10:26:00,2019-08-13 10:26:00,G,4,-3,1350,,0,9,-61.6696,-57.1976,25:57.5,FastGPS,-61.6696,-57.1976,,,4.6,0.5,,,,15,23,17843,,,,3,20043,,,,31,16069,,,,22,9007,,,,1,9933,,,,14,3956,,,,25,22722,,,,17,29329,,,,32,25032,,,,,,,,,,,,,,,,,,,,,,,,,,,,,,,,,
180853,13-Aug-19,11:26:00,2019-08-13 11:26:00,G,8,-3,1351,,0,9,-61.6636,-57.189,8/13/2019 11:25,FastGPS,-61.6636,-57.189,,,8.1,0,,,,15,31,10424,,,,23,12351,,,,22,1422,,,,3,230,,,,9,19198,,,,6,14580,,,,26,9864,,,,25,18356,,,,14,25536,,,,,,,,,,,,,,,,,,,,,,,,,,,,,,,,,
180853,13-Aug-19,12:26:00,2019-08-13 12:26:00,G,8,-3,1352,736,0,6,-61.6557,-57.1918,25:57.0,FastGPS,-61.6557,-57.1918,,,11.1,0,,,,15,9,27282,,,,23,22670,,,,6,24401,,,,2,28430,,,,3,22673,,,,7,20805,,,,,,,,,,,,,,,,,,,,,,,,,,,,,,,,,,,,,,,,,,,,,,,,
180853,13-Aug-19,13:26:27,2019-08-13 13:26:27,G,4,-3,1353,,0,9,-61.6492,-57.2085,26:23.0,FastGPS,-61.6492,-57.2085,,,7.5,-1,,,,15,7,32445,,,,9,23971,,,,23,27376,,,,5,20331,,,,29,7117,,,,30,23471,,,,3,7832,,,,6,6962,,,,16,4993,,,,,,,,,,,,,,,,,,,,,,,,,,,,,,,,,
180853,13-Aug-19,16:11:00,2019-08-13 16:11:00,G,10,-3,1354,743,1,4,-61.6555,-57.1851,8/13/2019 12:25,MB,-61.6478,-57.2431,,,1.3,-1,,,,15,13,1273,,,,5,14721,,,,30,3405,,,,28,7596,,,,,,,,,,,,,,,,,,,,,,,,,,,,,,,,,,,,,,,,,,,,,,,,,,,,,,,,,,
180853,13-Aug-19,17:11:00,2019-08-13 17:11:00,G,6,-3,1355,743,1,4,-61.6478,-57.2431,10:56.0,FastGPS,-61.6535,-57.2456,,,0.4,,,,,15,15,14329,,,,13,31291,,,,5,12331,,,,20,29171,,,,,,,,,,,,,,,,,,,,,,,,,,,,,,,,,,,,,,,,,,,,,,,,,,,,,,,,,,
180853,13-Aug-19,18:11:00,2019-08-13 18:11:00,G,4,-3,1356,743,1,7,-61.66,-57.2387,10:57.0,FastGPS,-61.66,-57.2387,,1,6.8,0,,,,15,15,14581,,,,13,226,,,,20,9949,,,,24,14977,,,,10,25399,,,,28,11657,,,,5,20175,,,,,,,,,,,,,,,,,,,,,,,,,,,,,,,,,,,,,,,,,,,
180853,14-Aug-19,6:00:11,2019-08-14 06:00:11,G,4,-3,1357,,0,9,-61.6122,-56.9357,00:07.5,FastGPS,-61.6122,-56.9357,,1,8.8,-0.5,,,,15,10,2163,,,,20,14546,,,,18,27070,,,,11,25905,,,,4,10045,,,,32,29584,,,,8,27205,,,,27,1764,,,,15,6604,,,,,,,,,,,,,,,,,,,,,,,,,,,,,,,,,
180853,14-Aug-19,7:03:42,2019-08-14 07:03:42,G,4,-3,1358,,0,9,-61.6018,-56.8946,03:38.0,FastGPS,-61.6018,-56.8946,,,13.2,-1,,,,15,32,15603,,,,18,28455,,,,10,819,,,,11,2993,,,,8,31190,,,,27,17362,,,,14,14812,,,,1,9240,,,,20,5026,,,,,,,,,,,,,,,,,,,,,,,,,,,,,,,,,
180853,14-Aug-19,8:04:38,2019-08-14 08:04:38,G,10,-3,1359,743,0,8,-61.585,-56.8554,04:34.0,FastGPS,-61.585,-56.8554,,,8.8,-1,,,,15,1,2131,,,,22,26289,,,,11,3925,,,,32,12612,,,,18,25250,,,,14,27186,,,,3,18896,,,,17,21512,,,,,,,,,,,,,,,,,,,,,,,,,,,,,,,,,,,,,,
180853,14-Aug-19,9:19:28,2019-08-14 09:19:28,G,4,-3,1360,,0,9,-61.59,-56.8207,19:24.0,FastGPS,-61.59,-56.8207,,,7,-1,,,,15,12,9936,,,,32,19167,,,,31,31079,,,,14,2536,,,,3,11012,,,,18,6362,,,,11,22738,,,,1,9558,,,,23,17047,,,,,,,,,,,,,,,,,,,,,,,,,,,,,,,,,
180853,14-Aug-19,10:19:13,2019-08-14 10:19:13,G,12,-3,1361,,0,9,-61.5491,-56.7863,19:09.5,FastGPS,-61.5491,-56.7863,,,5.9,-0.5,,,,15,3,2995,,,,23,23717,,,,31,946,,,,12,26705,,,,17,19074,,,,6,9687,,,,19,2091,,,,22,31700,,,,1,5431,,,,,,,,,,,,,,,,,,,,,,,,,,,,,,,,,
180853,14-Aug-19,11:20:56,2019-08-14 11:20:56,G,12,-3,1362,743,0,6,-61.5181,-56.7534,20:51.9,FastGPS,-61.5181,-56.7534,,,20.1,-1.1,,,,15,31,8980,,,,23,6259,,,,26,4402,,,,22,3104,,,,25,14355,,,,3,31882,,,,,,,,,,,,,,,,,,,,,,,,,,,,,,,,,,,,,,,,,,,,,,,,
180853,14-Aug-19,12:21:00,2019-08-14 12:21:00,G,2,-3,1363,,0,9,-61.5309,-56.6828,20:56.0,FastGPS,-61.5309,-56.6828,,,5.3,-1,,,,15,29,28094,,,,23,6771,,,,3,10630,,,,6,5347,,,,2,5338,,,,9,5919,,,,26,18214,,,,31,29290,,,,16,21738,,,,,,,,,,,,,,,,,,,,,,,,,,,,,,,,,
180853,14-Aug-19,13:21:00,2019-08-14 13:21:00,G,2,-3,1364,743,1,5,-61.522,-56.6814,20:55.9,FastGPS,-61.522,-56.6814,,,1.6,-1.1,,,,15,29,7660,,,,7,28519,,,,5,12056,,,,26,8112,,,,9,25541,,,,,,,,,,,,,,,,,,,,,,,,,,,,,,,,,,,,,,,,,,,,,,,,,,,,,
180853,14-Aug-19,14:21:00,2019-08-14 14:21:00,G,4,-3,1365,,1,9,-61.5114,-56.6955,20:55.9,FastGPS,-61.5114,-56.6955,,1,6.7,-1.1,,,,15,27,32260,,,,4,21537,,,,7,16063,,,,16,4941,,,,26,23351,,,,23,20152,,,,5,3809,,,,9,20006,,,,2,10871,,,,,,,,,,,,,,,,,,,,,,,,,,,,,,,,,
180853,14-Aug-19,20:07:49,2019-08-14 20:07:49,G,8,-3,1366,743,0,6,-61.5128,-56.6791,07:45.5,FastGPS,-61.5128,-56.6791,,,2.9,-0.5,,,,15,28,10572,,,,12,21738,,,,17,25481,,,,1,9902,,,,24,12318,,,,19,30670,,,,,,,,,,,,,,,,,,,,,,,,,,,,,,,,,,,,,,,,,,,,,,,,
180853,14-Aug-19,21:25:50,2019-08-14 21:25:50,G,6,-3,1367,744,0,6,-61.5335,-56.6477,25:47.5,FastGPS,-61.5335,-56.6477,,,6.1,0.5,,,,15,12,31758,,,,19,17067,,,,17,13034,,,,6,29939,,,,24,13910,,,,25,26228,,,,,,,,,,,,,,,,,,,,,,,,,,,,,,,,,,,,,,,,,,,,,,,,
180853,14-Aug-19,22:26:55,2019-08-14 22:26:55,G,4,-3,1368,744,0,5,-61.516,-56.6753,26:52.4,FastGPS,-61.516,-56.6753,,,7.4,0.4,,,,15,12,23305,,,,19,9558,,,,6,5043,,,,2,7877,,,,24,27538,,,,,,,,,,,,,,,,,,,,,,,,,,,,,,,,,,,,,,,,,,,,,,,,,,,,,
180853,14-Aug-19,23:27:45,2019-08-14 23:27:45,G,6,-3,1369,744,0,5,-61.5098,-56.6654,27:41.9,FastGPS,-61.5098,-56.6654,,,0.7,-0.1,,,,15,29,16193,,,,12,3298,,,,31,6397,,,,25,23372,,,,6,23142,,,,,,,,,,,,,,,,,,,,,,,,,,,,,,,,,,,,,,,,,,,,,,,,,,,,,
180853,15-Aug-19,0:31:18,2019-08-15 00:31:18,G,10,-3,1370,744,0,7,-61.5107,-56.691,31:15.4,FastGPS,-61.5107,-56.691,,,7.3,0.4,,,,15,5,12735,,,,2,16187,,,,29,20174,,,,31,24329,,,,26,26255,,,,25,19666,,,,12,26115,,,,,,,,,,,,,,,,,,,,,,,,,,,,,,,,,,,,,,,,,,,
180853,15-Aug-19,1:31:17,2019-08-15 01:31:17,G,4,-3,1371,744,0,7,-61.467,-56.637,31:14.4,FastGPS,-61.467,-56.637,,,2.5,0.4,,,,15,5,27307,,,,29,21592,,,,26,11149,,,,16,16089,,,,25,28451,,,,9,29639,,,,2,6456,,,,,,,,,,,,,,,,,,,,,,,,,,,,,,,,,,,,,,,,,,,
180853,15-Aug-19,2:37:13,2019-08-15 02:37:13,G,4,-3,1372,744,0,6,-61.446,-56.536,37:10.4,FastGPS,-61.446,-56.536,,1,3.7,0.4,,,,15,29,16615,,,,21,30989,,,,16,1259,,,,26,15247,,,,20,28058,,,,4,4395,,,,,,,,,,,,,,,,,,,,,,,,,,,,,,,,,,,,,,,,,,,,,,,,
180853,15-Aug-19,3:37:00,2019-08-15 03:37:00,G,8,-3,1373,,0,9,-61.4333,-56.4689,36:56.9,FastGPS,-61.4333,-56.4689,,1,3.6,-0.1,,,,15,27,14240,,,,26,21169,,,,4,32532,,,,16,21564,,,,29,23373,,,,15,1301,,,,10,30283,,,,21,13913,,,,20,27825,,,,,,,,,,,,,,,,,,,,,,,,,,,,,,,,,
180853,15-Aug-19,4:37:19,2019-08-15 04:37:19,G,2,-3,1374,744,0,8,-61.4098,-56.3718,37:15.9,FastGPS,-61.4098,-56.3718,,1,12.2,-0.1,,,,15,15,25861,,,,21,25036,,,,10,19257,,,,27,6243,,,,4,17184,,,,13,899,,,,20,8772,,,,8,306,,,,,,,,,,,,,,,,,,,,,,,,,,,,,,,,,,,,,,
180853,15-Aug-19,5:55:13,2019-08-15 05:55:13,G,4,-3,1375,,0,9,-61.3765,-56.2782,55:10.4,FastGPS,-61.3765,-56.2782,,1,5.5,0.4,,,,15,10,9263,,,,11,23578,,,,20,24226,,,,8,29145,,,,18,25686,,,,1,15775,,,,4,20251,,,,27,10028,,,,15,14817,,,,,,,,,,,,,,,,,,,,,,,,,,,,,,,,,
180853,15-Aug-19,7:10:00,2019-08-15 07:10:00,G,2,-3,1376,,0,9,-61.3547,-56.1677,09:56.9,FastGPS,-61.3547,-56.1677,,,8,-0.1,,,,15,11,18491,,,,18,11304,,,,32,7214,,,,1,9488,,,,8,2879,,,,14,28352,,,,10,2097,,,,28,4066,,,,22,31460,,,,,,,,,,,,,,,,,,,,,,,,,,,,,,,,,
180853,15-Aug-19,8:16:43,2019-08-15 08:16:43,G,6,-3,1377,746,0,8,-61.3317,-56.0497,16:40.4,FastGPS,-61.3317,-56.0497,,,9.5,0.4,,,,15,32,19054,,,,10,532,,,,1,15617,,,,18,4487,,,,31,9919,,,,14,9719,,,,11,14796,,,,17,3,,,,,,,,,,,,,,,,,,,,,,,,,,,,,,,,,,,,,,
180853,15-Aug-19,9:17:00,2019-08-15 09:17:00,G,2,-3,1378,,0,9,-61.3307,-55.94,16:57.4,FastGPS,-61.3307,-55.94,,,11.7,0.4,,,,15,17,6966,,,,31,8118,,,,12,10462,,,,14,1718,,,,3,12244,,,,32,15444,,,,19,7163,,,,22,26850,,,,11,18148,,,,,,,,,,,,,,,,,,,,,,,,,,,,,,,,,
180853,15-Aug-19,10:17:37,2019-08-15 10:17:37,G,4,-3,1379,746,0,7,-61.2896,-55.878,17:34.4,FastGPS,-61.2896,-55.878,,,5,0.4,,,,15,31,14260,,,,23,8110,,,,1,7190,,,,3,12921,,,,17,15655,,,,22,6330,,,,14,3147,,,,,,,,,,,,,,,,,,,,,,,,,,,,,,,,,,,,,,,,,,,
180853,15-Aug-19,11:17:00,2019-08-15 11:17:00,G,4,-3,1380,746,0,8,-61.2677,-55.8517,16:56.9,FastGPS,-61.2677,-55.8517,,,9,-0.1,,,,15,31,23955,,,,22,20679,,,,26,23697,,,,3,14987,,,,6,15100,,,,23,19522,,,,25,25462,,,,9,21059,,,,,,,,,,,,,,,,,,,,,,,,,,,,,,,,,,,,,,
180853,15-Aug-19,12:17:20,2019-08-15 12:17:20,G,4,-3,1381,,0,9,-61.2666,-55.8671,17:16.9,FastGPS,-61.2666,-55.8671,,,6.4,-0.1,,,,15,6,25786,,,,26,13469,,,,23,32627,,,,9,29901,,,,3,5428,,,,2,25289,,,,16,19829,,,,31,20192,,,,29,18505,,,,,,,,,,,,,,,,,,,,,,,,,,,,,,,,,
180853,15-Aug-19,13:18:10,2019-08-15 13:18:10,G,2,-3,1382,746,0,8,-61.2558,-55.873,18:06.9,FastGPS,-61.2558,-55.873,,,5,-0.1,,,,15,7,23093,,,,29,24443,,,,9,15397,,,,23,25489,,,,16,492,,,,26,28644,,,,2,7685,,,,5,1096,,,,,,,,,,,,,,,,,,,,,,,,,,,,,,,,,,,,,,
180853,15-Aug-19,15:23:23,2019-08-15 15:23:23,G,4,-3,1384,746,0,5,-61.2473,-55.9805,48:29.3,FastGPS,-61.2466,-55.9328,,1,0.4,0.4,,,,15,7,20505,,,,30,32320,,,,4,23365,,,,5,15623,,,,27,26004,,,,,,,,,,,,,,,,,,,,,,,,,,,,,,,,,,,,,,,,,,,,,,,,,,,,,
180853,15-Aug-19,16:39:36,2019-08-15 16:39:36,G,4,-3,1385,746,0,4,-61.2473,-55.9805,48:29.3,FastGPS,-61.2468,-55.9592,,,1.2,0.3,,,,15,28,27409,,,,15,6674,,,,7,14523,,,,13,14020,,,,,,,,,,,,,,,,,,,,,,,,,,,,,,,,,,,,,,,,,,,,,,,,,,,,,,,,,,
180853,15-Aug-19,17:44:09,2019-08-15 17:44:09,G,2,-3,1386,746,0,4,-61.2473,-55.9805,48:29.3,FastGPS,-61.2517,-55.9635,,,0.4,0.5,,,,15,15,9687,,,,13,21169,,,,28,9030,,,,30,16697,,,,,,,,,,,,,,,,,,,,,,,,,,,,,,,,,,,,,,,,,,,,,,,,,,,,,,,,,,
180853,15-Aug-19,19:05:50,2019-08-15 19:05:50,G,4,-3,1387,746,0,7,-61.2534,-55.9705,05:46.9,FastGPS,-61.2534,-55.9705,,,13.9,-0.1,,,,15,15,22514,,,,17,5747,,,,28,29488,,,,11,167,,,,24,11285,,,,1,4116,,,,12,4786,,,,,,,,,,,,,,,,,,,,,,,,,,,,,,,,,,,,,,,,,,,
180853,15-Aug-19,20:48:33,2019-08-15 20:48:33,G,4,-3,1388,746,0,4,-61.2375,-55.9966,8/15/2019 21:48,SR,-61.2473,-55.9805,,,0.3,-0.7,,,,15,17,25157,,,,12,17444,,,,19,7540,,,,24,31505,,,,,,,,,,,,,,,,,,,,,,,,,,,,,,,,,,,,,,,,,,,,,,,,,,,,,,,,,,
180853,15-Aug-19,22:48:00,2019-08-15 22:48:00,G,2,-3,1390,746,1,4,-61.2375,-55.9966,8/15/2019 21:48,SR,-61.2248,-56.0112,,,1.1,-1.1,,,,15,12,24011,,,,2,8395,,,,6,29259,,,,25,18686,,,,,,,,,,,,,,,,,,,,,,,,,,,,,,,,,,,,,,,,,,,,,,,,,,,,,,,,,,
180853,15-Aug-19,23:48:00,2019-08-15 23:48:00,G,4,-3,1391,746,1,5,-61.2128,-56.0364,47:55.8,FastGPS,-61.2128,-56.0364,,,0.8,-1.1,,,,15,12,7046,,,,2,605,,,,5,26170,,,,25,357,,,,29,443,,,,,,,,,,,,,,,,,,,,,,,,,,,,,,,,,,,,,,,,,,,,,,,,,,,,,
180853,16-Aug-19,8:43:00,2019-08-16 08:43:00,G,6,-3,1392,,0,9,-61.1893,-56.0623,42:56.4,FastGPS,-61.1893,-56.0623,,,9.6,-0.6,,,,15,32,14015,,,,18,19578,,,,17,9257,,,,14,11050,,,,12,20322,,,,1,31341,,,,31,2909,,,,11,31282,,,,22,13767,,,,,,,,,,,,,,,,,,,,,,,,,,,,,,,,,
180853,16-Aug-19,9:43:01,2019-08-16 09:43:01,G,4,-3,1393,,0,9,-61.1483,-56.0587,42:58.4,FastGPS,-61.1483,-56.0587,,,9,0.4,,,,15,31,25799,,,,23,20599,,,,3,23501,,,,17,30045,,,,19,21042,,,,14,27954,,,,22,14814,,,,18,7653,,,,11,28194,,,,,,,,,,,,,,,,,,,,,,,,,,,,,,,,,
180853,16-Aug-19,10:43:23,2019-08-16 10:43:23,G,4,-3,1394,777,0,8,-61.1303,-56.1269,43:19.9,FastGPS,-61.1303,-56.1269,,,4.8,-0.1,,,,15,23,3938,,,,25,9921,,,,3,3353,,,,6,24997,,,,22,32587,,,,31,25300,,,,14,29427,,,,17,5803,,,,,,,,,,,,,,,,,,,,,,,,,,,,,,,,,,,,,,
180853,16-Aug-19,13:27:22,2019-08-16 13:27:22,G,6,-3,1395,777,0,5,-61.1136,-56.1419,27:17.9,FastGPS,-61.1136,-56.1419,,,6,-1.1,,,,15,7,28795,,,,16,28667,,,,9,2641,,,,5,15774,,,,26,20221,,,,,,,,,,,,,,,,,,,,,,,,,,,,,,,,,,,,,,,,,,,,,,,,,,,,,
180853,16-Aug-19,15:00:56,2019-08-16 15:00:56,G,2,-3,1396,,0,9,-61.1455,-56.1065,00:51.8,FastGPS,-61.1455,-56.1065,,1,6.7,-1.1,,,,15,5,1320,,,,8,2399,,,,27,19625,,,,7,2144,,,,30,19923,,,,4,10228,,,,9,27511,,,,13,721,,,,16,13498,,,,,,,,,,,,,,,,,,,,,,,,,,,,,,,,,
180853,16-Aug-19,16:04:57,2019-08-16 16:04:57,G,2,-3,1397,,0,9,-61.1601,-56.0716,04:54.4,FastGPS,-61.1601,-56.0716,,2,13.1,0.4,,,,15,5,18578,,,,13,3738,,,,7,32246,,,,30,24092,,,,27,17695,,,,4,23539,,,,15,10176,,,,28,30313,,,,8,9654,,,,,,,,,,,,,,,,,,,,,,,,,,,,,,,,,
180853,16-Aug-19,18:08:15,2019-08-16 18:08:15,G,2,-3,1399,778,0,7,-61.2153,-56.1189,08:12.4,FastGPS,-61.2153,-56.1189,,,11.8,0.4,,,,15,30,1087,,,,15,3995,,,,17,3593,,,,28,26239,,,,10,24858,,,,19,18852,,,,13,1755,,,,,,,,,,,,,,,,,,,,,,,,,,,,,,,,,,,,,,,,,,,
180853,16-Aug-19,20:24:18,2019-08-16 20:24:18,G,2,-3,1401,779,0,7,-61.2137,-56.1293,24:14.8,FastGPS,-61.2137,-56.1293,,,6.3,-0.2,,,,15,12,1048,,,,17,18168,,,,24,17936,,,,32,10801,,,,1,8297,,,,19,31982,,,,22,2167,,,,,,,,,,,,,,,,,,,,,,,,,,,,,,,,,,,,,,,,,,,
180853,16-Aug-19,21:42:58,2019-08-16 21:42:58,G,2,-3,1402,,0,9,-61.1941,-56.1488,42:53.8,FastGPS,-61.1941,-56.1488,,,9.2,-1.2,,,,15,12,9408,,,,24,22933,,,,2,16414,,,,25,3316,,,,6,23008,,,,19,25245,,,,32,27022,,,,14,14766,,,,22,2165,,,,,,,,,,,,,,,,,,,,,,,,,,,,,,,,,
180853,16-Aug-19,22:43:16,2019-08-16 22:43:16,G,2,-3,1403,780,0,8,-61.2033,-56.1829,43:11.8,FastGPS,-61.2033,-56.1829,,,14.9,-1.2,,,,15,29,7788,,,,31,29658,,,,2,2453,,,,12,20523,,,,6,25558,,,,32,3741,,,,25,13760,,,,14,23912,,,,,,,,,,,,,,,,,,,,,,,,,,,,,,,,,,,,,,
180853,17-Aug-19,0:04:21,2019-08-17 00:04:21,G,8,-3,1404,781,0,7,-61.2284,-56.2595,04:16.8,FastGPS,-61.2284,-56.2595,,,4.9,-1.2,,,,15,5,5246,,,,31,23379,,,,12,27659,,,,29,12257,,,,2,25138,,,,25,11079,,,,26,23475,,,,,,,,,,,,,,,,,,,,,,,,,,,,,,,,,,,,,,,,,,,
180853,17-Aug-19,1:07:12,2019-08-17 01:07:12,G,6,-3,1405,781,0,8,-61.2514,-56.3155,07:07.8,FastGPS,-61.2514,-56.3155,,,8.7,-1.2,,,,15,5,499,,,,29,21152,,,,31,13799,,,,21,10230,,,,25,11072,,,,26,15423,,,,16,22732,,,,2,31460,,,,,,,,,,,,,,,,,,,,,,,,,,,,,,,,,,,,,,
180853,17-Aug-19,2:15:27,2019-08-17 02:15:27,G,2,-3,1406,781,0,7,-61.2518,-56.4104,15:22.8,FastGPS,-61.2518,-56.4104,,1,6.3,-1.2,,,,15,29,25554,,,,5,28775,,,,21,21104,,,,26,20370,,,,20,26042,,,,16,28917,,,,4,7479,,,,,,,,,,,,,,,,,,,,,,,,,,,,,,,,,,,,,,,,,,,
180853,17-Aug-19,3:19:17,2019-08-17 03:19:17,G,4,-3,1407,781,0,6,-61.2652,-56.4919,19:12.8,FastGPS,-61.2652,-56.4919,,1,14.6,-1.2,,,,15,16,24078,,,,21,11911,,,,4,1217,,,,15,1893,,,,20,25823,,,,26,17449,,,,,,,,,,,,,,,,,,,,,,,,,,,,,,,,,,,,,,,,,,,,,,,,
180853,17-Aug-19,5:20:03,2019-08-17 05:20:03,G,2,-3,1409,,0,9,-61.2462,-56.5487,19:59.3,FastGPS,-61.2462,-56.5487,,1,11.2,-0.7,,,,15,27,25509,,,,10,3559,,,,11,16095,,,,18,22312,,,,8,16437,,,,20,17555,,,,4,1682,,,,21,24444,,,,16,1624,,,,,,,,,,,,,,,,,,,,,,,,,,,,,,,,,
180853,17-Aug-19,6:21:30,2019-08-17 06:21:30,G,4,-3,1410,781,0,8,-61.216,-56.5485,21:25.8,FastGPS,-61.216,-56.5485,,,3,-1.2,,,,15,8,19446,,,,11,27197,,,,18,24792,,,,10,16297,,,,32,32568,,,,20,28107,,,,1,22096,,,,27,19971,,,,,,,,,,,,,,,,,,,,,,,,,,,,,,,,,,,,,,
180853,17-Aug-19,7:21:38,2019-08-17 07:21:38,G,2,-3,1411,,0,9,-61.191,-56.5976,21:33.8,FastGPS,-61.191,-56.5976,,,9.1,-1.2,,,,15,32,14204,,,,22,3848,,,,18,18363,,,,10,8074,,,,14,17145,,,,1,23884,,,,11,27421,,,,8,20900,,,,28,21820,,,,,,,,,,,,,,,,,,,,,,,,,,,,,,,,,
180853,17-Aug-19,8:21:06,2019-08-17 08:21:06,G,2,-3,1412,,0,9,-61.1467,-56.5919,21:01.8,FastGPS,-61.1467,-56.5919,,,8.4,-1.2,,,,15,32,15342,,,,3,14443,,,,11,23867,,,,14,5734,,,,22,29683,,,,31,19162,,,,1,18659,,,,18,11916,,,,8,2836,,,,,,,,,,,,,,,,,,,,,,,,,,,,,,,,,
180853,17-Aug-19,9:22:29,2019-08-17 09:22:29,G,6,-3,1413,,0,9,-61.0988,-56.577,22:24.8,FastGPS,-61.0988,-56.577,,,7.5,-1.2,,,,15,31,14228,,,,17,9350,,,,23,1319,,,,14,2448,,,,1,21347,,,,32,27313,,,,18,28856,,,,22,7333,,,,11,14436,,,,,,,,,,,,,,,,,,,,,,,,,,,,,,,,,
180853,17-Aug-19,13:54:27,2019-08-17 13:54:27,G,2,-3,1416,781,0,8,-60.9572,-56.4573,54:22.8,FastGPS,-60.9572,-56.4573,,1,6.3,-1.2,,,,15,23,25153,,,,30,2186,,,,5,23139,,,,9,20212,,,,16,27821,,,,7,31741,,,,26,8177,,,,4,17842,,,,,,,,,,,,,,,,,,,,,,,,,,,,,,,,,,,,,,
180853,17-Aug-19,14:54:03,2019-08-17 14:54:03,G,4,-3,1417,781,0,5,-60.9031,-56.4116,53:59.3,FastGPS,-60.9031,-56.4116,,,7.5,-0.7,,,,15,7,465,,,,30,10809,,,,9,528,,,,5,28616,,,,13,17410,,,,,,,,,,,,,,,,,,,,,,,,,,,,,,,,,,,,,,,,,,,,,,,,,,,,,
180853,17-Aug-19,15:54:49,2019-08-17 15:54:49,G,4,-3,1418,781,0,8,-60.8628,-56.335,54:46.3,FastGPS,-60.8628,-56.335,,,9.7,0.3,,,,15,7,24149,,,,5,8140,,,,30,32306,,,,13,23015,,,,9,6289,,,,28,9483,,,,8,2848,,,,27,26987,,,,,,,,,,,,,,,,,,,,,,,,,,,,,,,,,,,,,,
180853,17-Aug-19,17:11:04,2019-08-17 17:11:04,G,4,-3,1419,781,0,6,-60.8047,-56.2568,11:00.8,FastGPS,-60.8047,-56.2568,,,8,-0.2,,,,15,5,28357,,,,7,2482,,,,30,21254,,,,28,3770,,,,11,11884,,,,13,21412,,,,,,,,,,,,,,,,,,,,,,,,,,,,,,,,,,,,,,,,,,,,,,,,
180853,17-Aug-19,18:11:40,2019-08-17 18:11:40,G,4,-3,1420,781,0,8,-60.7428,-56.2127,11:36.3,FastGPS,-60.7428,-56.2127,,,10,-0.7,,,,15,17,17186,,,,19,431,,,,30,12168,,,,13,27103,,,,11,25061,,,,15,14411,,,,28,23419,,,,1,17594,,,,,,,,,,,,,,,,,,,,,,,,,,,,,,,,,,,,,,
180853,17-Aug-19,19:49:33,2019-08-17 19:49:33,G,2,-3,1421,781,0,7,-60.6554,-56.1351,49:29.8,FastGPS,-60.6554,-56.1351,,,12.1,-0.2,,,,15,17,2371,,,,15,6699,,,,24,9039,,,,28,12842,,,,19,1477,,,,12,4768,,,,1,17151,,,,,,,,,,,,,,,,,,,,,,,,,,,,,,,,,,,,,,,,,,,
180853,17-Aug-19,20:53:23,2019-08-17 20:53:23,G,4,-3,1422,781,0,8,-60.5838,-56.0832,53:18.8,FastGPS,-60.5838,-56.0832,,,5.5,-1.2,,,,15,17,21001,,,,19,28203,,,,12,26970,,,,2,7430,,,,25,6081,,,,6,15445,,,,24,28284,,,,32,26580,,,,,,,,,,,,,,,,,,,,,,,,,,,,,,,,,,,,,,
180853,17-Aug-19,22:20:01,2019-08-17 22:20:01,G,6,-3,1423,,0,9,-60.5069,-56.0184,19:56.8,FastGPS,-60.5069,-56.0184,,,8.3,-1.2,,,,15,29,29370,,,,12,17485,,,,32,5098,,,,24,11414,,,,6,26424,,,,14,30861,,,,25,7987,,,,2,27851,,,,31,18709,,,,,,,,,,,,,,,,,,,,,,,,,,,,,,,,,
180853,17-Aug-19,23:20:01,2019-08-17 23:20:01,G,4,-3,1424,782,0,7,-60.5022,-55.9578,19:57.3,FastGPS,-60.5022,-55.9578,,,6.3,-0.7,,,,15,29,15947,,,,31,24607,,,,2,23516,,,,6,18257,,,,25,10470,,,,12,14112,,,,5,17007,,,,,,,,,,,,,,,,,,,,,,,,,,,,,,,,,,,,,,,,,,,
180853,18-Aug-19,4:27:03,2019-08-18 04:27:03,G,2,-3,1429,782,0,8,-60.4161,-55.5966,27:00.3,FastGPS,-60.4161,-55.5966,,1,9.3,0.3,,,,15,15,5813,,,,27,19963,,,,10,12747,,,,21,3216,,,,4,32156,,,,16,16718,,,,20,26953,,,,13,2442,,,,,,,,,,,,,,,,,,,,,,,,,,,,,,,,,,,,,,
180853,18-Aug-19,5:27:03,2019-08-18 05:27:03,G,2,-3,1430,,0,9,-60.3922,-55.5626,26:59.7,FastGPS,-60.3922,-55.5626,,1,8.5,-0.3,,,,15,20,23450,,,,4,4586,,,,10,5657,,,,15,13308,,,,27,6039,,,,8,27163,,,,32,30067,,,,21,4890,,,,18,18803,,,,,,,,,,,,,,,,,,,,,,,,,,,,,,,,,
180853,18-Aug-19,6:27:20,2019-08-18 06:27:20,G,2,-3,1431,782,0,8,-60.3775,-55.5688,27:16.2,FastGPS,-60.3775,-55.5688,,,5.6,-0.8,,,,15,32,23168,,,,10,10542,,,,18,27767,,,,20,7484,,,,24,31337,,,,8,22238,,,,14,19475,,,,27,2091,,,,,,,,,,,,,,,,,,,,,,,,,,,,,,,,,,,,,,
180853,18-Aug-19,7:27:40,2019-08-18 07:27:40,G,2,-3,1432,,0,9,-60.3655,-55.5319,27:36.2,FastGPS,-60.3655,-55.5319,,,10.1,-0.8,,,,15,32,20031,,,,10,784,,,,18,20553,,,,1,9894,,,,17,13907,,,,14,18332,,,,22,5817,,,,11,27905,,,,28,16694,,,,,,,,,,,,,,,,,,,,,,,,,,,,,,,,,
180853,18-Aug-19,8:59:35,2019-08-18 08:59:35,G,2,-3,1433,,0,9,-60.3561,-55.4589,59:31.2,FastGPS,-60.3561,-55.4589,,,8.8,-0.8,,,,15,31,26440,,,,17,25388,,,,32,25970,,,,14,7552,,,,11,2691,,,,19,14246,,,,3,23829,,,,18,23100,,,,1,13269,,,,,,,,,,,,,,,,,,,,,,,,,,,,,,,,,
180853,18-Aug-19,9:59:21,2019-08-18 09:59:21,G,2,-3,1434,,0,9,-60.3385,-55.4541,59:17.2,FastGPS,-60.3385,-55.4541,,,8.9,-0.8,,,,15,17,18279,,,,19,23881,,,,23,10333,,,,1,27591,,,,18,26479,,,,3,32152,,,,31,2406,,,,11,20091,,,,6,11512,,,,,,,,,,,,,,,,,,,,,,,,,,,,,,,,,
180853,18-Aug-19,10:59:58,2019-08-18 10:59:58,G,2,-3,1435,782,0,6,-60.3544,-55.4073,59:54.2,FastGPS,-60.3544,-55.4073,,,7.6,-0.8,,,,15,3,4481,,,,23,22162,,,,6,9010,,,,22,21885,,,,25,32439,,,,26,19084,,,,,,,,,,,,,,,,,,,,,,,,,,,,,,,,,,,,,,,,,,,,,,,,
180853,18-Aug-19,12:02:29,2019-08-18 12:02:29,G,2,-3,1436,782,0,8,-60.3747,-55.3426,02:25.2,FastGPS,-60.3747,-55.3426,,,8.9,-0.8,,,,15,6,4182,,,,16,25183,,,,9,681,,,,3,1357,,,,2,19600,,,,23,14676,,,,26,19412,,,,22,29036,,,,,,,,,,,,,,,,,,,,,,,,,,,,,,,,,,,,,,
180853,18-Aug-19,13:04:02,2019-08-18 13:04:02,G,4,-3,1437,,0,9,-60.381,-55.2767,03:58.2,FastGPS,-60.381,-55.2767,,,4.6,-0.8,,,,15,7,52,,,,23,16380,,,,9,28202,,,,29,27015,,,,6,14269,,,,16,10946,,,,5,26406,,,,26,6251,,,,2,16515,,,,,,,,,,,,,,,,,,,,,,,,,,,,,,,,,
180853,18-Aug-19,23:07:00,2019-08-18 23:07:00,G,2,-4,1442,783,0,5,-60.3836,-55.0721,06:56.1,FastGPS,-60.3836,-55.0721,,,9.7,0.1,,,,15,29,17712,,,,31,2748,,,,6,20365,,,,25,6610,,,,12,10282,,,,,,,,,,,,,,,,,,,,,,,,,,,,,,,,,,,,,,,,,,,,,,,,,,,,,
180853,19-Aug-19,1:07:38,2019-08-19 01:07:38,G,2,-4,1444,783,0,6,-60.4485,-54.9345,07:35.2,FastGPS,-60.4485,-54.9345,,,17,1.2,,,,15,31,24534,,,,29,26298,,,,5,21935,,,,21,754,,,,26,8204,,,,25,29895,,,,,,,,,,,,,,,,,,,,,,,,,,,,,,,,,,,,,,,,,,,,,,,,
180853,19-Aug-19,2:07:02,2019-08-19 02:07:02,G,2,-4,1445,783,0,4,-60.5746,-54.9964,57:16.7,FastGPS,-60.4772,-54.9493,,,10,-0.3,,,,15,29,754,,,,5,29125,,,,20,32635,,,,21,19646,,,,,,,,,,,,,,,,,,,,,,,,,,,,,,,,,,,,,,,,,,,,,,,,,,,,,,,,,,
180853,19-Aug-19,3:07:02,2019-08-19 03:07:02,G,2,-4,1446,783,0,8,-60.4918,-54.9905,06:59.2,FastGPS,-60.4918,-54.9905,,1,13.3,1.2,,,,15,26,11938,,,,10,12137,,,,21,27019,,,,27,26560,,,,16,1529,,,,4,27846,,,,20,32358,,,,29,7059,,,,,,,,,,,,,,,,,,,,,,,,,,,,,,,,,,,,,,
180853,19-Aug-19,5:57:20,2019-08-19 05:57:20,G,2,-4,1448,,0,9,-60.5746,-54.9964,57:16.7,FastGPS,-60.5746,-54.9964,,1,9.4,0.7,,,,15,18,23926,,,,8,11407,,,,10,3815,,,,11,21813,,,,15,24277,,,,4,14,,,,20,13030,,,,27,3809,,,,28,11242,,,,,,,,,,,,,,,,,,,,,,,,,,,,,,,,,
180853,19-Aug-19,10:13:06,2019-08-19 10:13:06,G,6,-4,1449,785,0,7,-60.7274,-54.7761,13:01.7,FastGPS,-60.7274,-54.7761,,,20.8,-0.3,,,,15,23,24779,,,,3,24364,,,,22,29702,,,,31,24972,,,,1,6027,,,,6,3112,,,,19,21701,,,,,,,,,,,,,,,,,,,,,,,,,,,,,,,,,,,,,,,,,,,
180853,19-Aug-19,15:15:00,2019-08-19 15:15:00,G,2,-4,1453,788,1,5,-60.8543,-54.6415,16:16.1,FastGPS,-60.8069,-54.7087,,1,0.7,-0.3,,,,15,27,5222,,,,7,12969,,,,13,24376,,,,5,10852,,,,4,22966,,,,,,,,,,,,,,,,,,,,,,,,,,,,,,,,,,,,,,,,,,,,,,,,,,,,,
180853,19-Aug-19,17:30:00,2019-08-19 17:30:00,G,2,-4,1455,789,1,5,-60.7904,-54.6677,29:55.7,FastGPS,-60.7904,-54.6677,,,7.5,-0.3,,,,15,15,21974,,,,13,1308,,,,24,30379,,,,20,29206,,,,28,27716,,,,,,,,,,,,,,,,,,,,,,,,,,,,,,,,,,,,,,,,,,,,,,,,,,,,,
180853,19-Aug-19,18:30:00,2019-08-19 18:30:00,G,2,-4,1456,789,1,5,-60.7852,-54.6448,29:55.7,FastGPS,-60.7852,-54.6448,,,3.5,-0.3,,,,15,15,25870,,,,10,20980,,,,13,7179,,,,24,8010,,,,20,2532,,,,,,,,,,,,,,,,,,,,,,,,,,,,,,,,,,,,,,,,,,,,,,,,,,,,,
180853,19-Aug-19,20:00:00,2019-08-19 20:00:00,G,4,-4,1457,,1,9,-60.7811,-54.6014,59:55.7,FastGPS,-60.7811,-54.6014,,,13.5,-0.3,,,,15,12,15524,,,,17,4087,,,,19,31421,,,,10,19146,,,,6,6118,,,,24,6114,,,,15,7319,,,,32,30117,,,,22,808,,,,,,,,,,,,,,,,,,,,,,,,,,,,,,,,,
180853,19-Aug-19,21:09:40,2019-08-19 21:09:40,G,2,-4,1458,791,0,7,-60.8151,-54.621,09:35.6,FastGPS,-60.8151,-54.621,,,10.9,-0.3,,,,15,12,6003,,,,17,1060,,,,19,14145,,,,6,19735,,,,24,10237,,,,2,6479,,,,3,11348,,,,,,,,,,,,,,,,,,,,,,,,,,,,,,,,,,,,,,,,,,,
180853,19-Aug-19,22:10:03,2019-08-19 22:10:03,G,2,-4,1459,,0,9,-60.8454,-54.6365,09:58.7,FastGPS,-60.8454,-54.6365,,,13.5,-0.3,,,,15,29,17214,,,,12,24165,,,,32,7530,,,,6,7230,,,,25,4015,,,,19,2148,,,,2,28411,,,,31,13698,,,,14,445,,,,,,,,,,,,,,,,,,,,,,,,,,,,,,,,,
180853,20-Aug-19,1:16:20,2019-08-20 01:16:20,G,2,-4,1462,791,0,4,-60.9326,-54.7299,8/20/2019 7:02,NP,-60.8543,-54.6415,,,1,0.1,,,,15,26,14852,,,,21,3119,,,,29,19566,,,,25,15149,,,,,,,,,,,,,,,,,,,,,,,,,,,,,,,,,,,,,,,,,,,,,,,,,,,,,,,,,,
180853,20-Aug-19,3:25:01,2019-08-20 03:25:01,G,2,-4,1464,,0,9,-60.8962,-54.6653,24:56.6,FastGPS,-60.8962,-54.6653,,1,11,-0.3,,,,15,4,28071,,,,16,19545,,,,21,24490,,,,20,6273,,,,13,7929,,,,10,22978,,,,27,15564,,,,15,12813,,,,7,30427,,,,,,,,,,,,,,,,,,,,,,,,,,,,,,,,,
180853,20-Aug-19,8:01:23,2019-08-20 08:01:23,G,2,-4,1468,,0,9,-60.9502,-54.7372,01:18.6,FastGPS,-60.9502,-54.7372,,,9.7,-0.4,,,,15,17,30000,,,,1,5454,,,,11,27206,,,,22,32116,,,,18,19522,,,,3,6372,,,,32,917,,,,8,31954,,,,24,5305,,,,,,,,,,,,,,,,,,,,,,,,,,,,,,,,,
180853,20-Aug-19,9:01:15,2019-08-20 09:01:15,G,2,-4,1469,,0,9,-60.9801,-54.7481,01:10.7,FastGPS,-60.9801,-54.7481,,,8.7,-0.3,,,,15,12,4992,,,,14,20093,,,,3,11409,,,,11,28935,,,,22,21479,,,,1,24848,,,,17,24918,,,,18,16603,,,,32,24989,,,,,,,,,,,,,,,,,,,,,,,,,,,,,,,,,
180853,20-Aug-19,11:12:44,2019-08-20 11:12:44,G,2,-4,1471,791,0,7,-61.0605,-54.7262,12:39.6,FastGPS,-61.0605,-54.7262,,,3.6,-0.4,,,,15,31,18502,,,,23,8472,,,,9,19308,,,,22,683,,,,3,19502,,,,26,21825,,,,6,1091,,,,,,,,,,,,,,,,,,,,,,,,,,,,,,,,,,,,,,,,,,,
180853,20-Aug-19,12:13:00,2019-08-20 12:13:00,G,2,-4,1472,791,1,7,-61.0722,-54.7199,12:55.6,FastGPS,-61.0722,-54.7199,,,11,-0.4,,,,15,29,10208,,,,3,11745,,,,23,11336,,,,31,19929,,,,16,11495,,,,22,25193,,,,9,29225,,,,,,,,,,,,,,,,,,,,,,,,,,,,,,,,,,,,,,,,,,,
180853,30-Aug-19,2:33:00,2019-08-30 02:33:00,G,4,-4,1473,794,1,4,-60.7835,-55.6507,32:56.3,FastGPS,,,,,,,,,,15,20,6962,,,,7,5256,,,,4,2894,,,,21,29674,,,,,,,,,,,,,,,,,,,,,,,,,,,,,,,,,,,,,,,,,,,,,,,,,,,,,,,,,,
180853,30-Aug-19,3:33:00,2019-08-30 03:33:00,G,2,-4,1474,794,1,5,-60.752,-55.6567,32:56.3,FastGPS,-60.7835,-55.6507,,1,0.6,0.3,,,,15,10,10294,,,,21,2294,,,,4,15292,,,,20,6880,,,,27,28915,,,,,,,,,,,,,,,,,,,,,,,,,,,,,,,,,,,,,,,,,,,,,,,,,,,,,
180853,30-Aug-19,4:33:00,2019-08-30 04:33:00,G,4,-4,1475,794,1,4,-60.752,-55.6567,32:56.3,FastGPS,,,,,,,,,,15,4,31895,,,,27,26463,,,,8,4828,,,,10,17606,,,,,,,,,,,,,,,,,,,,,,,,,,,,,,,,,,,,,,,,,,,,,,,,,,,,,,,,,,
180853,30-Aug-19,5:33:00,2019-08-30 05:33:00,G,4,-4,1476,794,1,7,-60.752,-55.6567,32:56.3,FastGPS,-60.752,-55.6567,,1,9.4,0.3,,,,15,32,30916,,,,8,20144,,,,18,7730,,,,27,11516,,,,14,12766,,,,11,8406,,,,4,27605,,,,,,,,,,,,,,,,,,,,,,,,,,,,,,,,,,,,,,,,,,,
